0.752196633 0.091605566 -0.652540149
0.779629623 0.086473822 -0.620241831
-0.645443563 -0.150811808 0.748771264
0.744637147 0.084713535 -0.662071852
-0.447714785 -0.177870375 0.876306796
0.723847879 0.105365761 -0.681866779
0.771462686 -0.060803399 0.633362669
-0.389845609 -0.192356571 0.900566128
0.783197783 0.180327667 -0.595048877
-0.520833776 -0.204397551 0.828826772
-0.337609713 -0.216329457 0.916090196
0.799217691 0.223925080 -0.557771136
-0.402871652 -0.233715318 0.884913319
-0.430487787 -0.283166749 0.857027921
-0.362050993 -0.245102830 0.899357371
0.659077882 0.331329898 -0.675156903
-0.500278963 -0.319727438 0.804670942
-0.363191738 -0.251635072 0.897090604
-0.540434084 -0.338658055 0.770221866
0.632049586 0.362145286 -0.685101534
-0.840383018 -0.472044431 0.266327690
-0.673569888 -0.439685168 0.594121671
0.543562476 0.369090963 -0.753864507
-0.447259838 -0.298486773 0.843127679
0.808331619 0.252699962 -0.531735576
-0.567017375 -0.342412655 0.749162780
-0.749058347 -0.530342645 0.397049458
-0.683312819 -0.407330832 0.605941569
0.827881940 0.255166341 -0.499501383
0.504559152 0.349150516 -0.789629014
-0.554537623 -0.383066553 0.738747616
0.745599995 0.374230275 -0.551391284
-0.600124307 -0.400464653 0.692444134
-0.806755815 -0.457494276 0.373957273
-0.780635424 -0.414906769 0.467397805
-0.630110084 -0.397181337 0.667239288
-0.732618259 -0.393026705 0.555698206
-0.662132837 -0.382103641 0.644652553
0.649503282 0.452755247 -0.610866739
-0.843513072 -0.449104736 0.294602501
-0.845958269 -0.414808724 0.335094509
0.850806883 0.370861291 -0.372276176
0.193149332 0.772129722 0.605399890
-0.656608937 -0.456046330 0.600738253
-0.710033139 -0.457513719 0.535288836
0.880623235 0.428950634 -0.201256231
0.829820433 0.557863828 -0.013638122
0.759196124 0.563877935 -0.325058333
-0.870701537 -0.397587982 0.289486839
-0.867440471 -0.427843511 0.253962517
-0.843507158 -0.407939746 0.349400685
0.914744126 0.369598186 -0.163218765
0.694898935 0.665900733 -0.271462124
0.648655669 0.596211134 -0.473051907
-0.684495503 -0.540252268 0.489482781
-0.653303684 -0.604083362 0.456374396
0.905147929 0.411367636 0.107162936
-0.859940952 -0.446902595 0.246535249
0.784454566 0.558776731 0.269071735
-0.796149881 -0.521250537 0.307316196
-0.733581941 -0.569681478 0.370567874
0.684634835 0.723006545 0.092394148
0.838255699 0.545246985 -0.005754009
-0.694000527 -0.612660458 0.378167201
0.836928210 0.545692676 0.042079381
0.681502353 0.726009120 -0.092007072
-0.664454744 -0.648424112 0.371545507
-0.714341208 -0.568879981 0.407544116
0.628875934 0.680851131 -0.375442135
-0.854281562 -0.458927248 0.244108162
-0.716350759 -0.603814745 0.349641737
-0.667263048 -0.650085044 0.363523672
0.734422005 0.650978581 0.191966679
-0.680296007 -0.642109929 0.353400881
0.709376720 0.676910531 0.196409781
-0.597380206 -0.732553333 0.326347215
0.703210530 0.676639148 0.218298911
0.624208319 0.781238765 -0.005474148
0.551233373 0.767956058 -0.326167534
0.546798239 0.819258996 -0.172703168
0.501832490 0.821361354 -0.271163564
0.700165983 0.679647317 0.218739850
-0.902070726 -0.386480124 0.192097680
-0.780927693 -0.556002454 0.284628196
-0.697475996 -0.638459755 0.325417234
0.694979407 0.687852291 0.209434595
-0.657327442 -0.677572953 0.329871987
-0.512094213 -0.794084651 0.327397442
0.646311603 0.693286511 0.318802643
0.839690182 -0.538030822 -0.073778273
0.631050514 0.771413143 0.081835271
0.475768128 0.852260011 -0.217480028
0.654723289 0.687146777 0.314907481
-0.886553053 -0.416077637 0.202245110
0.634377747 0.691467835 0.345596740
-0.874047064 -0.442590770 0.200387476
0.641625753 0.701116914 0.311048978
0.650243833 0.715196290 0.256275682
-0.530495747 -0.782937301 0.324936062
-0.366958323 -0.876912450 0.310428967
0.328679664 0.898720667 -0.290294404
0.370947711 0.906406124 -0.202053788
0.493611626 0.869638563 -0.008736862
0.603964200 0.703545787 0.374500427
0.597634273 0.708355799 0.375586658
-0.863477964 -0.469838499 0.183460052
0.564691345 0.715121979 0.411976019
-0.755995112 -0.613287276 0.228801460
0.562258886 0.712608172 0.419588534
-0.359880976 -0.878688054 0.313676564
0.484947706 0.786853982 0.381689053
0.474013697 0.826906308 0.302550777
0.134890133 0.942903295 -0.304529192
0.494524372 0.846128890 0.198775116
0.443238021 0.894587839 0.057032051
0.525250206 0.727663621 0.441155161
0.518257175 0.722316987 0.457894826
-0.890078961 -0.429548547 0.152471269
0.554989200 0.710324711 0.432927006
-0.563502721 -0.778314701 0.276931235
0.477983902 0.737130310 0.477671745
-0.332440211 -0.903329816 0.271069638
0.385711631 0.809679745 0.442318040
-0.567514336 0.761108557 -0.314072036
0.472105842 0.881541068 0.001191786
0.446801203 0.749468449 0.488534265
0.419639934 0.868211660 0.264784515
0.209054436 0.975193877 -0.072753997
-0.777497471 -0.602375308 0.180670060
0.435353935 0.752090191 0.494800258
0.389759775 0.760872286 0.518806979
0.393900390 0.775633483 0.493188790
0.409351833 0.747989326 0.522439513
0.118068579 0.980309768 -0.158280037
0.319782413 0.863108509 0.390874544
0.166272330 0.985004074 -0.046048746
0.077666947 0.985790680 0.148944892
0.373828105 0.919899686 0.118478334
0.490702829 0.823027491 0.286070766
0.362883158 0.775332434 0.516890153
-0.963790642 -0.252418794 0.085978777
0.269956642 0.813723476 0.514759669
0.234651178 0.838502373 0.491785111
-0.417315921 -0.877446172 0.236507161
0.285952607 0.816496284 0.501562483
-0.963226558 0.194146494 0.185746429
0.321101258 0.840903261 0.435632515
0.044857033 0.985454562 -0.163912030
0.324802920 0.782044499 0.531892343
0.358268192 0.916545882 0.177728863
0.171332219 0.985212350 0.001376739
0.257287285 0.940293308 0.222826722
0.090631574 0.892152125 0.442550002
0.386030035 0.741535102 0.548731724
-0.146011441 0.869077926 0.472635396
-0.979909238 -0.190148595 0.060178037
0.310559078 0.807002205 0.502295232
-0.737998458 -0.644032000 0.201447411
-0.015222800 0.972377526 0.232916750
-0.256083357 -0.939713424 0.226627436
-0.068065105 0.989351918 0.128646506
-0.324674524 0.944830649 -0.043376239
0.205491123 0.848157281 0.488264913
0.437036024 0.863584429 0.251438756
0.148669481 0.987083605 0.059693737
-0.060316163 0.994528530 -0.085293391
-0.094776422 0.926254840 0.364786788
0.201971815 0.930760353 0.304782793
-0.248088441 0.934347225 0.255826872
-0.139588818 0.978271315 0.153297739
-0.914666113 -0.387837749 0.113876174
0.169880733 0.966693813 0.191425202
-0.302135052 -0.913054311 0.273945681
0.090726872 0.994241006 0.057039076
-0.683284003 0.239770839 0.689661450
-0.186573934 0.974141607 -0.127429572
-0.119062440 0.992699327 -0.019291999
-0.245431411 0.887124232 0.390863172
-0.204200796 0.894540756 0.397616487
-0.187178152 0.904024705 0.384322353
0.017594693 0.955201125 0.295433983
-0.232467551 0.931200708 0.280756263
0.079789126 0.995924828 0.042040832
0.029002407 0.999439322 0.016730280
-0.150605399 0.986948347 -0.057017313
-0.215448279 0.965056286 -0.149158985
0.074291984 0.973264819 -0.217339120
-0.959588938 0.278060388 0.043260734
-0.997608040 -0.068652129 0.008067456
-0.514891744 0.770457740 0.375874132
-0.606090745 0.723787318 0.329827117
-0.307889344 0.881236352 0.358645568
-0.325907855 0.895387928 0.303421372
-0.363715623 0.902468432 0.230784909
-0.368803203 0.916067283 0.157495813
-0.353039788 0.930357196 0.098986847
-0.036943203 0.999233462 0.012949437
-0.088276776 0.995183492 -0.042626610
0.151707671 0.959989908 -0.235380881
-0.644707374 0.699172310 0.309047704
-0.556897103 0.766057080 0.320970664
-0.689604951 0.659649449 0.298843799
-0.524465698 0.807647634 0.269520000
-0.411844199 0.892921275 0.181867951
-0.361455608 0.925706919 0.111429545
-0.227591209 0.973045479 0.037212058
-0.193977901 0.977787904 -0.079393882
-0.234451417 0.966416070 -0.105226007
-0.319139450 0.925275672 -0.204975469
-0.757262529 0.626123092 -0.185804561
-0.721443532 0.642292333 0.258804538
-0.819709220 0.540610555 0.189253859
-0.505769105 0.838549531 0.202564300
-0.778402331 0.568726303 0.265782248
-0.275370742 0.959091811 0.065679932
-0.171220626 0.985204410 -0.007467748
-0.164102172 0.985288693 -0.047714453
-0.219899575 0.969334048 -0.109707243
-0.305569984 0.934751914 -0.181289395
-0.343439355 0.907167082 -0.243099353
-0.796960971 0.571462606 0.195662210
-0.503414150 0.850241785 0.153828154
-0.863121523 0.475235793 0.170798645
-0.296211857 0.952783236 0.066802999
-0.214221726 0.976617066 -0.018115140
-0.226196023 0.969816711 -0.091054415
-0.300306058 0.939073482 -0.167204265
-0.360050908 0.909434751 -0.208066762
-0.454958466 0.857829209 -0.239043601
-0.661135545 0.727546642 0.183236665
-0.371428309 0.923899755 0.091925268
-0.882513201 0.441093349 -0.163116851
-0.744218748 0.640451421 0.189632363
-0.263204501 0.964043547 0.036652836
-0.242108584 0.970023666 0.020916998
-0.956109689 0.289785717 0.043341681
-0.210229085 0.976075917 -0.055493560
-0.926177645 0.349347926 -0.141954208
-0.932769794 0.345799408 0.101800202
-0.245850433 0.962150329 -0.117576818
-0.350883445 0.917041475 -0.189514487
-0.451309043 0.864241743 -0.222275411
-0.734348199 0.647642112 -0.203205355
-0.306861794 0.945730169 0.106912518
-0.222242603 0.974761853 0.021155509
-0.935978364 0.351107727 0.025843110
-0.205121551 0.978084083 -0.035730602
-0.986256419 0.164984588 -0.008852184
-0.220485963 0.972683568 -0.072612787
-0.872506128 0.460588617 -0.163068030
-0.261327451 0.954975214 -0.140464602
-0.364415821 0.905489159 -0.217463772
-0.928828464 0.338249641 -0.151211323
-0.179625264 0.977691777 0.108874027
-0.174067946 0.984680255 0.010254018
-0.816877854 0.575098068 0.044416036
-0.180329807 0.982950758 -0.035902197
-0.052025290 0.846344977 0.530088247
-0.217243713 0.969888130 -0.110100796
-0.290865647 0.938438545 -0.186360601
-0.395498087 0.888118233 -0.234152230
-0.674601104 0.704344658 -0.220934272
-0.072571222 0.991985367 0.103433312
-0.064347601 0.981509168 0.180275176
-0.158264352 0.985798237 -0.056162538
-0.911340525 0.375896317 -0.167810625
0.566942637 0.750426646 0.339758583
-0.209009829 0.970407769 -0.120928298
0.911778262 0.331481358 0.242446921
-0.251778277 0.956268250 -0.148858098
-0.410150223 0.875984359 -0.253827102
-0.038179084 0.999262988 0.003979729
-0.012976832 0.998219179 0.058224333
-0.864266971 0.460343015 -0.202797709
-0.138108787 0.987615018 -0.074448231
-0.576263132 0.771359414 -0.270047139
0.152369018 0.961067598 0.230505431
-0.205884535 0.969993641 -0.129320901
0.860110919 0.445605947 0.248283198
-0.265177277 0.944264671 -0.195051898
0.901606413 0.336001711 0.272412785
-0.844512248 0.487829238 -0.220956324
-0.120876108 0.988820154 -0.087313623
0.037649897 0.990845591 0.129643742
-0.213514358 0.968910625 -0.124995280
0.250647786 0.934630144 0.252274020
0.715783329 0.621320101 0.318771954
-0.240326556 0.949742854 -0.200578308
0.786446745 0.528476318 0.319709709
-0.591810378 0.747485517 -0.301704953
-0.029099435 0.999443176 0.016326682
-0.112048067 0.989435660 -0.091990792
-0.315412960 0.903908258 -0.288902277
0.079965078 0.987251964 0.137619570
-0.864348023 0.454500009 -0.215249243
-0.168361662 0.978742665 -0.117120226
-0.723455744 0.629479486 -0.283491381
-0.476763200 0.825417178 -0.302296762
-0.215374756 0.959231902 -0.182996922
0.130512641 0.977918962 0.163220571
-0.270000689 0.926097993 -0.263518756
-0.566131422 0.755807188 -0.329014754
0.200236138 0.957852789 0.205969715
-0.004588388 0.999329566 0.036323075
-0.087819460 0.994919634 -0.049220572
0.673726950 0.648359605 0.354572728
0.293455300 0.919213730 0.262545436
-0.187039450 0.969786077 -0.156624422
0.691594685 0.610627054 0.385786719
-0.334018825 0.898691965 -0.284225572
-0.169777310 0.979391508 -0.109398076
-0.816142826 0.513636502 -0.264742197
-0.624177260 0.711176494 -0.323466757
-0.302953330 0.914193924 -0.269200203
0.430751945 0.848075104 0.308579618
-0.209547102 0.957577837 -0.197824916
-0.445266742 0.839647037 -0.311015083
-0.378033419 0.877459466 -0.295221307
-0.275777269 0.932520735 -0.233135102
0.394216962 0.860694240 0.322177609
-0.491850909 0.814706120 -0.307142673
-0.337692016 0.903106040 -0.265261347
-0.793729164 0.556660999 -0.245198992
0.665942089 0.634281476 0.392693447
-0.530394341 0.794196993 -0.296534955
-0.405820199 0.867049517 -0.289024394
-0.593967466 0.755747315 -0.275769190
-0.463809689 0.836096974 -0.292954644
-0.713095964 0.654203029 -0.252016949
0.442201732 0.826675077 0.347945320
-0.560464873 0.777305792 -0.285788089
-0.698794122 0.655299182 -0.286827051
-0.788758948 0.553978442 -0.266396711
-0.325811937 -0.206216621 0.922670736
0.638329562 0.417497429 -0.646708023
0.847312876 0.228581788 -0.479386333
0.764707722 0.320718452 -0.558893348
-0.392779477 -0.266887191 0.880054265
0.600036056 0.425142535 -0.677650763
-0.480345254 -0.170964797 0.860255471
0.924886764 0.379407683 -0.025185008
0.062918998 0.984885180 -0.161376525
-0.016352025 0.999084833 0.039523500
0.484677228 0.798518842 0.357009306
-0.053433036 0.997758387 0.040287853
0.043373916 0.997816338 0.049812244
-0.172996509 0.979018149 -0.107683205
-0.190247564 0.903551410 0.383928006
0.602521997 0.699582242 0.384124888
-0.065341466 0.997759699 0.014355312
-0.070386941 0.986912155 -0.145086445
-0.708741415 -0.423908843 0.563903272
0.214834108 0.837816590 0.501906034
-0.280712553 0.929227800 -0.240283494
0.424763577 0.858888831 0.286157088
-0.468909843 -0.307543257 0.827973855
0.721864392 0.146992349 -0.676243336
0.613121642 0.700334511 0.365531700
0.397729922 0.767425540 0.502860766
-0.073892527 0.997178570 0.013220946
-0.967776724 0.210288320 0.138517273
0.430857023 0.796721636 0.423788699
0.105039284 0.971545232 0.212288978
-0.414234274 0.866369557 -0.278951172
-0.418223593 0.854159392 -0.309031971
-0.020640871 0.998362041 -0.053359068
0.298884736 0.873789179 0.383614892
0.605168674 0.723159487 0.332883213
-0.335836259 -0.900283136 0.276955379
0.400273539 0.764068660 0.505944836
-0.359919575 0.913545314 0.189454109
-0.163485981 0.978924828 -0.122386743
0.634290803 0.557049856 -0.536069618
-0.649680002 -0.656210457 0.383801682
0.377413147 0.749077975 0.544464419
0.521995989 0.812491355 0.259572699
-0.641046879 0.707268868 -0.298043030
0.672878351 0.638384978 -0.373763755
-0.275679641 0.944623851 -0.178007065
-0.442442951 0.855534056 0.268897217
-0.646566967 0.696939320 0.310204354
0.551628477 0.773177121 -0.312894813
-0.305366416 0.912946611 -0.270702489
-0.555690012 -0.346406300 0.755785212
-0.702966456 -0.545672559 0.456157450
0.726417896 0.099686977 -0.679984961
-0.297478401 0.951785791 0.074902659
-0.843695786 -0.453197424 0.287731672
0.885682180 0.362146519 -0.290545993
0.422803067 0.903183604 -0.074141376
-0.871646436 0.442910792 -0.209910747
0.566082147 0.824075809 0.021214713
-0.084214863 0.963632095 -0.253615934
-0.192382622 0.976329313 -0.098843303
-0.194458950 0.980264688 -0.035592962
0.492683567 0.858665223 -0.141269023
-0.679091537 -0.643892492 0.352472897
-0.309732278 0.926532993 -0.213547485
-0.194494686 0.980822049 0.012646191
-0.258902366 0.965278748 0.034734751
0.782313435 0.533438662 0.321603613
-0.256602883 0.954347181 -0.152893486
-0.392157816 0.911758137 0.122103836
-0.310196154 0.927759658 -0.207461715
-0.926739693 -0.360980567 0.104146875
-0.549767025 0.825751154 0.126060504
-0.845431438 0.502744454 0.180260081
-0.952372916 0.277081153 -0.127325818
-0.708934751 0.666375815 -0.230986563
-0.810065337 0.574517949 0.117146388
-0.630157592 0.743062015 -0.225300358
-0.845875699 0.502480850 -0.178905831
-0.919772158 -0.363738651 0.147354578
-0.788439268 -0.569077406 0.233483245
-0.443022462 -0.296822324 0.845947756
-0.916414185 0.014457431 -0.399970029
0.710667025 0.496387172 -0.498550053
0.702244779 0.274563025 -0.656861793
-0.573150139 -0.153827666 0.804882580
0.822781381 0.368150308 -0.433008255
0.529871720 0.764244366 0.367649982
-0.635029617 -0.718712563 0.283177749
-0.245069950 0.895490720 0.371533430
-0.390946644 -0.182923414 0.902053073
0.612552322 0.419852823 -0.669703860
-0.776358956 -0.400661096 0.486556737
-0.395014558 -0.272858845 0.877218074
0.009002496 0.947976262 0.318213705
0.261412042 0.950298297 0.169106156
-0.164673656 0.979794833 -0.113510669
-0.041330660 0.949965902 -0.309607108
-0.659402202 -0.429042651 0.617341996
-0.474463764 -0.334280769 -0.814334393
0.613843071 0.706161965 0.352890867
0.426695514 0.904103228 -0.022984591
0.172473906 0.958872866 0.225423111
-0.015481632 0.999842885 -0.008632776
0.319502004 0.789940446 0.523366565
-0.266858614 0.937095939 -0.225028180
0.825497522 0.552677473 0.114461576
0.633903812 0.715961713 -0.292514585
-0.267225669 0.281568460 0.921579972
0.556295856 0.714951185 0.423532435
-0.444688663 0.837147249 0.318490936
-0.755406857 0.630753446 -0.177512171
-0.395961724 0.870284956 -0.292947791
0.261723476 0.965086894 0.010397584
-0.799196821 0.539269950 -0.265466310
-0.397947725 -0.885571240 0.239585447
-0.697819709 0.648092745 0.304997456
-0.269380421 0.923333218 -0.273660296
-0.337224685 0.933421109 0.122493042
0.899963549 0.377164996 -0.218659957
-0.683397561 -0.703086593 0.196563007
-0.216920480 0.961046691 0.171273944
0.444292577 0.747430123 0.493915293
-0.461252605 0.829504882 -0.314909010
0.449220155 0.863817475 0.228080298
-0.133920809 0.990589088 0.028257326
0.687457077 0.679425514 0.256483409
-0.141415838 0.989941125 -0.004257863
0.339127753 0.866485041 0.366327778
-0.852416578 -0.446947766 0.271336824
-0.872677211 0.442355523 -0.206775425
-0.532139554 0.783717507 -0.320334768
-0.187780265 0.958434993 -0.214804414
-0.189815299 0.977447236 -0.092558381
-0.736036821 -0.619449399 0.273005935
-0.836678107 -0.420568581 0.350844431
-0.356636216 -0.238007054 0.903417540
0.593572276 0.804776702 -0.002532149
-0.467367176 -0.303007991 0.830514347
0.791187746 0.518759822 0.323898437
0.565437693 0.805402196 0.177785033
-0.432133774 -0.863945114 0.258571539
-0.377649215 0.920966585 0.095925074
-0.594037898 -0.352881848 0.722906202
-0.986398686 0.162144017 -0.026961999
-0.957896854 0.261036096 -0.119556573
0.231548713 0.876199572 0.422681326
-0.326833976 -0.218176163 0.919553540
-0.343756340 -0.225731585 0.911524454
0.795832350 0.434326221 -0.421914214
0.463505663 0.812237555 0.354164728
0.473862918 0.871291957 0.127688136
0.812720489 0.043548867 0.581024013
0.838181463 0.267267604 -0.475415463
-0.632572203 -0.478041976 0.609367112
0.778841317 0.274327476 -0.564048437
0.759829579 0.627689973 0.169305373
0.397246878 0.912637744 -0.096370458
-0.090634384 0.980228077 0.175892939
-0.130682469 0.986046196 -0.103126093
0.072011538 0.925251236 0.372457365
-0.775368040 -0.482552159 0.407366932
-0.505014708 -0.324584955 0.799752932
0.564775289 0.725524599 0.393246652
-0.694917732 -0.487967173 0.528183097
-0.204492795 0.928545870 0.309814887
0.302105246 0.919108222 0.252927850
0.898422482 0.439067041 -0.007561627
0.052289198 0.997435264 -0.048874679
-0.073690402 0.997266429 0.005421737
0.232611137 0.854858657 0.463798163
0.595818329 0.699755685 0.394135131
-0.220694865 0.942275534 -0.251814605
-0.764663589 0.611823850 0.202388668
0.740395523 0.336294038 -0.581997242
0.856179434 0.491256951 0.160073062
-0.121113302 0.992219510 0.028844629
-0.519747314 -0.328861682 0.788487618
0.473780005 0.731730000 0.490003790
-0.157388188 0.979756311 -0.123719562
0.608892358 0.759066211 0.230366197
-0.107026092 0.994062521 -0.019624448
-0.697455577 -0.386270510 0.603614788
0.625717269 0.411816223 -0.662484186
-0.319314153 0.928207404 -0.190969860
-0.150607386 0.986511411 0.064129961
-0.671159930 0.667443030 0.322589757
0.611246419 0.780348824 -0.132036086
-0.582069913 -0.776833916 0.240257535
0.449478303 0.748349720 0.487792940
0.602419098 0.711747895 -0.361256369
-0.384225966 0.909920085 0.156255704
-0.767455010 -0.609148860 0.199876146
0.198786554 0.977008987 -0.077054164
-0.135932253 0.981497574 -0.134851527
-0.875440221 0.118391198 -0.468602117
-0.176479629 0.977223313 -0.117853881
-0.427896221 -0.287062033 0.857029879
0.691754683 0.681368425 0.239191404
-0.358928575 0.885159676 -0.296078751
-0.688210670 -0.433842649 0.581503766
0.728815899 -0.327998299 0.601036190
-0.163276051 0.986580421 -0.000060285
-0.454762462 0.882649324 0.118832963
-0.467711883 0.807797443 0.358760207
0.232155077 0.941050878 0.246022895
-0.320626911 0.942469924 0.094598239
0.523257034 0.773941194 0.356675067
-0.258996045 0.956275818 -0.135858785
-0.520699595 0.820376010 -0.236336908
0.899711459 0.416290613 -0.131230393
0.637183709 0.765440063 0.089991281
-0.849289683 0.494213303 0.185634713
0.763064564 0.597057778 0.247496426
0.441605178 0.740848221 0.506091672
0.423185877 0.898163697 0.119229554
-0.974148083 0.203741455 -0.097595755
-0.898978928 0.406581571 -0.162875147
0.612149427 0.691735525 0.383112311
0.081748232 0.939711834 0.332052548
-0.911735542 -0.392295893 0.121828709
0.171635218 0.920977736 0.349773301
0.771100534 0.481729627 -0.416341846
-0.358823442 -0.251576999 0.898863033
0.589725537 0.414307856 -0.693233576
0.688754427 0.506412974 -0.518809444
0.780106168 0.304922084 0.546312080
-0.505590042 -0.335298929 0.794954928
0.085461316 0.996260391 0.012712034
0.400563764 0.875673869 -0.269710855
-0.664621361 -0.534633314 0.521963280
0.625790060 0.494164303 -0.603480275
0.397776546 0.848314301 0.349480567
-0.335265105 0.940105885 0.061629815
0.633768907 0.501722092 -0.588737561
-0.476493839 0.851215804 -0.219966537
0.572256993 0.326674244 -0.752200686
0.522854044 0.730042110 0.440070637
-0.309111288 0.934343630 0.177347660
0.604655133 0.702268599 0.375780501
-0.178488419 0.905066634 0.386000353
0.100724626 0.988826117 -0.109897501
0.097168772 0.964846284 -0.244192298
-0.294910405 -0.921704165 0.251970801
-0.579503159 -0.359673805 0.731307625
0.236377400 0.875366309 0.421733980
0.569305717 0.730018084 0.378106595
-0.330021171 -0.195114069 0.923588938
-0.136163097 0.990555739 -0.016091558
-0.570180971 -0.364600863 0.736179238
0.538765091 0.810208857 -0.230854467
-0.278963902 0.946944762 -0.159608144
0.018736136 0.984459882 0.174607267
0.532515445 0.843711918 -0.067657230
-0.438061346 -0.841801429 0.315392789
0.382082898 0.769003053 0.512490940
-0.446910816 0.845169834 -0.293187098
-0.953703397 0.273821207 -0.124385600
-0.215735780 0.976444478 0.003775389
-0.336362816 -0.197258141 0.920841616
-0.430041342 0.880524723 0.199350589
-0.694903676 0.649322263 0.309013722
-0.205635307 0.975068497 -0.083399921
-0.639511607 0.724685350 0.256624333
-0.740141580 -0.410120488 0.532908648
0.558442556 0.769992366 0.308631929
-0.735508749 0.633297914 -0.240750144
0.589880045 0.731120100 -0.342789925
-0.186138671 0.975939522 -0.113553708
-0.324996647 0.925440696 -0.194773454
0.424247757 0.865355014 0.266785570
0.285736136 0.925694114 0.247881560
-0.570634488 -0.788403727 0.229773463
0.743585228 0.645440827 0.174605688
0.879632626 0.322790708 -0.349360274
0.843288872 0.224957424 -0.488116826
0.033383586 0.908613473 0.416301685
-0.634366672 0.720709950 -0.279564115
-0.225797901 0.940196017 -0.255042657
0.558149452 0.787302676 0.261961231
0.472404791 0.849309835 0.235598212
0.850863551 0.459039065 0.255566730
-0.620908388 0.749274213 -0.230349574
-0.632374776 -0.448687487 0.631491632
0.031476962 0.983067790 -0.180518480
-0.894754997 0.403188998 -0.191969077
-0.432562461 -0.842138388 0.322013435
-0.224856187 0.967129260 -0.118746323
-0.200623030 0.977902504 0.058797050
0.667215555 0.686705524 0.288546228
0.137346433 0.918771400 0.370128453
-0.730440038 0.678831358 -0.075135466
0.663567787 0.489165712 -0.566034184
-0.869234322 -0.198018304 -0.453012633
0.808100858 0.436994267 -0.394979765
-0.648256582 -0.529664834 0.547008745
-0.514337768 -0.170196740 0.840529434
0.619963022 0.463702554 -0.632950072
0.384690921 0.870625550 0.306633408
0.793758187 0.337787145 -0.505813983
-0.322537573 -0.217870342 0.921141698
0.544185575 0.360080382 -0.757762614
-0.318756739 0.917065734 -0.239550789
0.275864222 0.915322460 0.293400283
-0.430162453 -0.857966153 0.280810157
-0.165763775 0.971128165 -0.171558907
0.447980049 0.887692057 0.106379922
0.821721069 0.232831205 -0.520157779
-0.339871704 -0.192428570 0.920575076
0.456599648 0.839063526 0.295785667
-0.510177535 -0.324490199 0.796507999
-0.287978238 0.941088379 -0.177260253
-0.536457325 -0.163311653 0.827975146
-0.457818239 -0.301327375 0.836423501
-0.671112036 -0.487914480 0.558164936
-0.204685734 0.975443593 -0.081323715
0.579070249 0.764304729 -0.283753286
-0.210868141 0.974983629 -0.070296156
0.566943588 0.818639080 -0.091678926
-0.210277952 0.976566194 0.045843772
-0.688259111 -0.606451991 0.398139900
0.796080460 0.514757944 -0.318245441
-0.389814989 -0.261036376 0.883121897
-0.796288396 0.574294701 -0.190027331
-0.297733459 0.926904194 0.228480641
0.926918987 0.286870570 0.241922442
0.754644408 0.655441465 -0.030138091
0.254754858 0.964061607 -0.075400133
0.235530492 0.970971923 0.041700258
-0.586095127 0.789282825 0.183098671
0.447917068 0.893917620 -0.016780631
0.306196308 0.913374828 0.268309980
-0.245262086 0.960343370 -0.132616443
-0.371061313 0.845332421 0.384352183
0.605481437 0.789187719 0.102834689
-0.830683414 -0.397366255 0.389955286
-0.120054740 0.992753430 -0.005242810
-0.679266936 -0.627930296 0.379868362
0.833380050 0.506532031 0.221140211
0.391149727 0.874927194 0.285489572
-0.583844678 -0.744084684 0.324751249
-0.020104027 0.990612681 0.135212223
-0.687607032 0.696623742 -0.204724040
0.557883037 0.739285446 0.377125373
-0.031768032 0.999074945 0.028983545
0.160743256 0.910114511 0.381907296
0.002156907 0.991018023 -0.133710980
-0.916617176 -0.366718805 0.159154861
0.100929407 0.970726275 0.217953557
-0.290122944 0.929593681 -0.227341738
-0.950018155 0.292101662 -0.110191310
0.650851543 0.728164276 -0.214869860
-0.578872030 0.761665505 0.291157743
0.716083109 0.301744045 -0.629424747
-0.835795390 0.511179349 -0.200354033
-0.304007181 -0.198436301 0.931773936
-0.345537931 0.909953571 -0.229320818
0.518340500 0.849293451 0.100118728
-0.615990608 -0.441457963 0.652434240
0.792401579 0.239732743 -0.560917061
-0.467727467 -0.278759000 0.838763636
0.663471284 0.401778694 -0.631173301
0.634112595 0.453996393 -0.625930101
-0.332561115 -0.208209483 0.919810805
0.071641432 0.997115459 -0.025065232
-0.680906458 -0.458616682 0.570996615
0.474492044 0.755138961 0.452352131
-0.384778524 -0.260999106 0.885338892
0.737287568 0.416985861 -0.531535356
0.778392901 -0.038713297 0.626582614
-0.360747907 -0.246109658 0.899606016
-0.366534542 0.920270700 0.136946221
0.331273670 0.939212245 0.090211500
-0.721505782 -0.464885310 0.513138437
0.144047761 0.951820032 -0.270719169
0.475410645 0.862205117 0.174891553
0.736287696 0.650397786 0.186716762
-0.880074074 0.447744263 -0.158097121
0.337026855 0.848850858 0.407265417
0.073771129 0.993531369 0.086332142
0.768264750 0.622564198 0.148939897
-0.077658161 0.983588339 0.162859417
-0.621553720 -0.370488861 0.690223860
-0.360788151 0.892684362 0.270086172
0.630862540 0.643454060 -0.433565829
-0.279273288 0.959299849 0.041835748
0.010278863 0.958293111 0.285602274
-0.807983841 -0.397578095 0.434849137
-0.691952337 0.654615053 -0.304435702
-0.816317817 0.545869770 -0.188815823
-0.631364120 0.744496784 -0.217034300
-0.955855468 0.286786553 -0.063982786
0.684039093 0.478445756 -0.550617997
0.454335062 0.863686606 0.218231752
0.593956634 0.707750982 0.382497144
-0.172621697 0.983330907 -0.057114601
-0.395966714 0.886220598 -0.240464992
0.789616590 0.296892124 -0.536992278
-0.414515523 0.886043449 -0.207614758
0.881184137 0.456532798 0.122850805
-0.092076043 0.966959991 -0.237719115
0.464305437 0.832023853 -0.303573334
-0.290789987 0.937699492 0.190160055
0.089436006 0.927370671 0.363297179
0.789521687 0.588724628 0.173374793
0.445740328 0.308052731 -0.840487403
0.254212281 0.943080886 0.214416788
0.914395325 0.399368967 0.066224004
0.337696641 0.817899475 0.465834120
0.626419728 0.491507792 -0.604994558
-0.687298749 -0.696124531 0.207439310
-0.383556853 -0.196112060 0.902454542
-0.379896315 -0.259333338 0.887932999
0.518786200 0.738812219 0.430136472
-0.333979907 -0.230735771 0.913902854
0.858631367 0.407146244 -0.311422720
-0.336238570 -0.224648982 0.914590870
0.346966014 0.937877700 0.000069274
-0.437833025 0.868424246 0.232683414
-0.547469862 -0.340358318 0.764482155
0.563205572 0.768888991 0.302670123
0.341841591 0.900261852 0.269579163
-0.671427242 -0.679157499 0.296530859
0.731402491 0.464846610 -0.498966958
0.330095315 0.792702429 0.512503603
-0.727296598 -0.489444052 0.481128026
0.271507920 0.929516581 0.249564370
-0.213030056 0.972527787 -0.093850405
-0.623234534 -0.388523875 0.678695745
0.896800713 0.369734884 -0.242990940
-0.081883222 0.996438372 -0.020142227
0.833137019 0.232114257 -0.502001672
-0.093519220 0.972120233 -0.215026528
0.671916275 0.252194245 -0.696366701
-0.373011984 0.891890524 -0.255721242
-0.747604252 0.615071697 -0.250548777
0.293254968 0.920245694 0.259131985
0.698476797 0.690380160 0.188428763
0.631165477 0.672125102 0.387140786
0.047560538 0.968033124 -0.246271933
-0.133227452 0.988660707 -0.069285304
0.529411429 0.763982573 0.368855211
0.218121899 0.928843195 0.299454765
-0.692158308 -0.648890403 0.316003357
-0.219267470 0.964943125 -0.144244731
0.462289000 0.840703898 0.281967793
0.650769945 0.517229485 -0.555852622
-0.322851724 0.906281765 0.272800524
-0.394687896 -0.268649773 0.878663055
0.704414653 0.397790015 -0.587846154
0.481424419 0.851627005 0.207272705
-0.440223573 -0.839855932 0.317561364
0.671350814 0.667178022 0.322740719
0.920006513 0.380782036 -0.092698739
-0.971626835 0.234925758 -0.027407682
-0.618635665 0.752674414 -0.225324521
-0.504943525 -0.327797215 0.798486708
-0.904488075 -0.405499505 0.132179701
-0.333628277 -0.232300333 0.913634899
-0.602549883 -0.416941319 0.680509790
-0.266435461 -0.933195974 0.241158496
0.828740789 0.330391520 -0.451696965
-0.223428872 0.970534754 -0.090232096
0.377606101 0.774801960 0.507045911
-0.422233708 -0.281896141 0.861541213
-0.213343202 0.976372408 -0.034374391
-0.923734678 0.355015108 -0.143800270
-0.259887311 -0.927066471 0.270196861
-0.457631214 0.874738902 0.159391105
-0.407597243 -0.276440983 0.870313087
-0.259563775 0.952326126 -0.160317173
-0.399847386 0.904928601 0.145692467
0.463981144 0.811802294 0.354539889
-0.529278575 0.811474473 0.247736490
0.099794687 0.935911958 0.337801462
-0.789446173 -0.419308637 0.448280055
-0.090628781 0.985169212 -0.145698484
-0.432613323 -0.181668476 0.883086789
0.608503429 0.419719834 -0.673467770
-0.185206266 0.974939237 -0.123256327
0.631168526 0.538558159 -0.558194770
-0.249154419 0.955883813 -0.155589883
0.455169891 0.824616957 0.335897669
-0.635369430 -0.386218902 0.668685761
0.328258574 0.803633879 0.496405981
-0.053562513 0.811142341 0.582390899
-0.455417548 -0.301185790 0.837783968
0.280066438 0.927887798 0.246144316
-0.408705841 -0.277261488 0.869531830
-0.783776332 -0.562963681 0.262233779
-0.152095836 0.988005371 0.026687883
0.908930627 0.359179978 -0.211742434
-0.548122757 0.796782726 -0.254359452
-0.646911517 0.750462225 0.135321614
-0.200605524 0.972174990 -0.120967818
0.683176415 0.548190830 -0.482448753
-0.089349831 0.995659147 0.026066650
-0.718546610 0.622039354 -0.311059176
0.429891341 0.768982125 0.473138380
-0.782265087 0.570443762 0.250310304
-0.304935762 0.907929824 0.287537157
-0.240310072 0.954562585 0.176242279
0.001909770 0.999676767 0.025351794
0.024567973 0.920036985 0.391060559
0.696691678 0.208370131 -0.686441982
0.274291165 0.954274250 -0.118848697
0.453327942 0.886820326 -0.089685484
-0.875151658 -0.445901309 0.187833962
-0.785453364 0.589621486 -0.188174166
0.881039431 0.467555286 -0.071844100
0.805989513 0.483836392 -0.341003300
-0.865712253 -0.418294182 0.274904116
-0.399615326 -0.264254673 0.877768227
-0.060234604 0.998010272 -0.018635714
-0.942398282 -0.313877447 0.115613260
-0.094389497 0.995531067 0.002918592
0.410054323 0.292487793 -0.863890238
0.838927397 0.232337339 -0.492158697
0.578111679 0.398008782 -0.712303233
0.610165978 0.434171588 -0.662716011
-0.005251027 0.999786654 -0.019976801
0.657096744 0.441517079 -0.610971798
-0.602324754 0.749059004 -0.275890374
-0.698430870 0.686081324 -0.203682932
-0.303277545 0.927669008 0.217836964
0.427902799 0.311014821 -0.848627702
-0.554453169 0.801421183 -0.224289480
-0.124587053 0.986096781 -0.109960016
0.429936166 0.873838769 0.227069809
-0.182584353 0.974411718 0.131090645
0.350818667 0.821020016 0.450391382
0.652120255 0.739632226 0.166383120
0.267427052 0.921318808 -0.282231156
-0.644601079 -0.283911441 -0.709847690
-0.222260816 0.974913728 0.011973032
0.091384106 0.974761052 -0.203690539
0.729106242 0.620576180 -0.288598843
-0.744825562 -0.446335272 0.496003737
0.019113794 0.999242525 0.033897491
-0.660308315 0.721175351 0.209520982
0.680087007 0.715713690 0.158857098
-0.648746927 -0.483699876 0.587504770
-0.983420498 0.168027912 -0.068196363
-0.497758682 -0.246197513 0.831638791
0.640283797 0.481346716 -0.598616737
0.670095535 0.630710567 0.391377253
0.010845021 0.991941532 -0.126231467
-0.626207555 -0.699565246 0.344198438
0.823079163 0.301740864 -0.481137343
0.595149780 0.772378881 -0.221872947
0.793886534 0.387707610 -0.468430336
-0.874326407 0.466289255 0.134639018
-0.401878687 0.872853295 -0.276804347
-0.101152756 0.994716704 -0.017515690
0.712791738 0.630602677 0.307031272
0.609614254 0.449669558 -0.652815249
-0.159795265 0.979714155 -0.120936545
-0.127921688 0.991783941 0.000810449
-0.255607407 -0.942788774 0.214042476
-0.720874732 -0.553975341 0.416474420
-0.671786209 -0.598393547 0.436610183
0.246510206 0.960285411 0.130708254
-0.200665825 0.977422136 -0.066175481
0.683577257 0.693180158 0.228524402
-0.382108396 0.905962057 -0.182279797
-0.816061519 -0.475019136 0.329242186
0.972149565 0.134798098 0.191715144
0.057811393 0.924978780 0.375595659
0.124317208 0.959060162 0.254457929
-0.391893127 -0.879014470 0.271575660
-0.841521883 0.537088632 0.058109576
-0.937349994 0.322352628 -0.132150564
0.291103911 0.923013341 0.251604620
0.849444156 0.250596883 -0.464376817
0.002443179 0.999519052 0.030914329
0.976106309 0.141019211 0.165318045
-0.595463242 0.710639385 0.374720152
-0.800452866 -0.514879136 0.306878943
-0.554769261 -0.794884272 0.245743894
0.975598602 0.134084137 0.173864349
-0.275910143 0.858947262 0.431373613
-0.755607831 -0.555693684 0.346787161
-0.830108321 -0.493673136 0.259243148
0.761676000 0.103940196 -0.639567125
-0.695592586 -0.529406962 0.485673988
-0.733588756 0.616198472 -0.286612944
-0.740728711 0.617670723 -0.264204191
0.600760735 0.721154899 -0.344995871
0.850012625 0.312819315 -0.423819081
-0.806808934 0.527392797 -0.266300924
0.084197535 0.865116926 0.494452707
-0.820395307 -0.480269906 0.310310098
0.708633801 0.674465804 0.207205249
0.760640601 0.084122111 -0.643699733
-0.533049836 0.758238501 0.375409440
-0.827043007 0.508640685 -0.239341842
0.366091650 0.754752040 0.544358579
0.529871617 0.764244547 0.367649756
0.571887765 0.729109097 0.375957855
-0.475140413 0.821923206 -0.314139827
-0.507093056 0.799926070 -0.320897049
-0.411969457 0.859219356 -0.303353368
-0.449424089 0.841980418 -0.298474395
-0.511251652 0.804654631 -0.301915010
-0.469333988 0.832799980 -0.293546931
-0.356137834 0.888354370 -0.289814347
-0.329999320 0.905061427 -0.268261557
-0.307585110 0.914612337 -0.262441751
-0.234678400 0.966502119 -0.103921615
-0.221966399 0.971648479 -0.081425736
-0.233249151 0.967752826 -0.095127818
-0.268246602 0.950038147 -0.159597244
-0.271432327 0.947738750 -0.167677528
-0.248530212 0.958344487 -0.140742950
-0.214542384 0.972848304 -0.086820174
-0.213069759 0.973917740 -0.078009695
-0.213760117 0.976813911 -0.011882617
-0.199869606 0.979754477 -0.011545757
-0.208398756 0.977966462 0.012310852
-0.293451076 0.941134900 -0.167784283
-0.307985228 0.932103294 -0.190600496
-0.276208865 0.947091999 -0.163479078
-0.274730365 0.948299376 -0.158907266
-0.306561100 0.933488826 -0.186061559
-0.445794924 0.869195531 -0.213929930
-0.486129122 0.846596703 -0.216685255
-0.516026972 0.827205718 -0.222366509
-0.498794605 0.836127626 -0.228242273
-0.556395267 0.801408632 -0.219473259
-0.577359643 0.784239957 -0.227208127
-0.169986891 0.978097579 -0.120123199
-0.192771577 0.973951187 -0.119407720
-0.186297911 0.974927991 -0.121690185
-0.184445308 0.976851424 -0.108356924
-0.167460164 0.982027844 -0.087054046
-0.175390924 0.981441134 -0.077532731
-0.285568957 0.929572783 -0.233119735
-0.273205357 0.932569715 -0.235950333
-0.252773343 0.947084044 -0.197831873
-0.491581721 0.826326918 -0.274829468
-0.513045807 0.810569458 -0.282420173
-0.424557317 0.859340611 -0.285104891
-0.674080523 0.656582463 0.338400528
-0.986368988 0.163571174 -0.017907843
-0.677607900 0.658074279 0.328307443
-0.973523339 0.227933088 0.017286304
-0.965297947 0.256931739 0.046754198
-0.945279012 0.318074967 0.072635431
-0.966157433 0.257952511 -0.000562337
-0.955908481 0.293663688 -0.000784013
-0.979688439 0.198671909 -0.027203602
-0.951926132 0.282980863 -0.117296508
-0.922099034 0.359011035 -0.144376068
-0.919669762 0.367959478 -0.137161774
0.033985161 0.968615848 -0.246228242
-0.152819892 0.955235509 -0.253320356
-0.035110226 0.968135763 -0.247952449
-0.297584009 0.936689826 -0.184542484
-0.329423171 0.926781643 -0.180433261
-0.350909308 0.917602575 -0.186730209
-0.513351668 0.801860798 0.305760243
-0.443721284 0.846637309 0.293797021
-0.512449052 0.811436626 0.281009912
-0.436598854 0.831657835 0.343113227
-0.513018362 0.788023802 0.340339019
-0.389309019 0.847801767 0.360098114
-0.480686572 0.862784510 0.156663044
-0.425269317 0.894036461 0.140871625
-0.448750074 0.882896768 0.138263038
-0.315455305 0.901754629 0.295510643
-0.333014197 0.900718866 0.278939184
-0.343448269 0.894297226 0.286837511
-0.364850318 0.922992030 0.122351782
-0.328972494 0.938078673 0.108561051
-0.356696418 0.927904994 0.108443477
-0.327307322 0.890235356 0.316782147
-0.265728385 0.913782784 0.307228659
-0.386154926 0.868193636 0.311647529
-0.493095311 0.791816974 0.360392695
-0.561377215 0.748303509 0.353408377
-0.444443686 0.810570864 0.381372109
-0.141143473 0.916218556 0.374996102
-0.182835100 0.904554649 0.385165177
-0.136767659 0.916567058 0.375765135
0.085783749 0.975392252 0.203103678
0.061957723 0.979108955 0.193666967
0.128747317 0.966630499 0.221471458
-0.122267998 0.981861558 0.144908305
-0.126282980 0.986281383 0.106309187
-0.068511518 0.987498305 0.141962212
0.459457304 0.839907439 0.288884891
0.358921747 0.893776289 0.268959336
0.356009968 0.892831273 0.275878996
0.028201549 0.987951665 0.152171548
0.071449556 0.982638995 0.171217894
0.580688228 0.753620827 0.307988362
0.493225846 0.817129062 0.298376206
0.640886243 0.699776257 0.315559841
0.049630125 0.995065512 0.085915523
0.058821217 0.989279690 0.133662855
0.028415899 0.996237948 0.081868728
-0.025589408 0.999188160 0.031115954
-0.043465862 0.998415134 0.035748285
-0.056045370 0.998391169 0.008601805
-0.091522350 0.995624978 -0.018829855
-0.073625832 0.997281736 -0.002893988
-0.083271133 0.996525675 -0.001580645
-0.116463546 0.989140295 -0.089653330
-0.139179837 0.984625608 -0.105552760
-0.134771307 0.984984654 -0.107897753
-0.408149570 0.885030342 -0.223908961
-0.453152765 0.861071599 -0.230669183
-0.406217164 0.888012570 -0.215456009
-0.317968007 0.920171740 -0.228430109
-0.327950841 0.919091463 -0.218447085
-0.300189626 0.928769727 -0.217423511
-0.648996829 0.729699322 -0.215271957
-0.587021324 0.777679600 -0.224989786
-0.678608286 0.702348655 -0.214935250
-0.732459638 0.649138778 -0.205235781
-0.790906050 0.581983974 -0.189109158
-0.738467207 0.641947092 -0.206325266
-0.361901087 0.908216394 0.210167994
-0.395282241 0.897720393 0.194550881
-0.397169950 0.892151294 0.215225695
0.105987992 0.943828280 0.312977193
0.085177029 0.932374739 0.351314987
0.181540854 0.921367819 0.343692101
-0.339139210 0.925702142 0.167511615
-0.364411800 0.914932866 0.173498962
-0.334647669 0.924309718 0.183473385
-0.253263276 0.963913723 0.082024677
-0.175672402 0.982526836 0.061483522
-0.277774200 0.957379282 0.079160627
-0.764471752 0.576067930 -0.289359087
-0.721873667 0.624807255 -0.297513533
-0.672793561 0.668029412 -0.317939504
-0.245264286 0.891356922 0.381219448
-0.073977581 0.926028854 0.370132244
-0.073768535 0.929957994 0.360189302
-0.595853240 0.722378165 0.350896997
-0.634129625 0.689931231 0.349105306
-0.555877738 0.741482616 0.375770504
-0.752695317 0.607046317 0.254842163
-0.717834092 0.636723387 0.281598197
-0.684967855 0.670558182 0.284904831
-0.693733047 0.653890624 0.301929644
-0.667463431 0.679723792 0.304085738
-0.671721009 0.674091609 0.307231816
-0.900919711 0.411877261 0.136750856
-0.895069333 0.421910506 0.144369019
-0.856288193 0.484771305 0.178233870
-0.780358803 0.569603349 0.258054574
-0.815223095 0.537500576 0.215648873
-0.813561999 0.536820891 0.223473052
-0.650126452 0.723171166 0.233150296
-0.585844113 0.769984385 0.252805699
-0.596794806 0.768903443 0.229398026
-0.545533186 0.820933885 0.168704175
-0.523460051 0.834556783 0.171768890
-0.441868789 0.888292180 0.125255641
-0.416619509 0.902704270 0.107485744
-0.479366533 0.866948737 0.136409732
0.838543613 0.463600422 0.286215403
0.919603808 0.309261782 0.242251905
0.827148632 0.484226482 0.285218960
0.865839553 0.412030878 0.283817589
0.752396535 0.575879059 0.319785497
0.826161285 0.489259670 0.279432472
0.714308334 0.625979617 0.312910725
0.788830501 0.523626869 0.321809481
0.851547873 0.429981614 0.299970052
0.849625497 0.435106307 0.298025193
0.729591570 0.602587435 0.323395305
0.786780045 0.526118938 0.322763108
0.734618529 0.595684748 0.324800397
0.344375537 0.918878824 0.192528429
0.254018164 0.955506414 0.149940874
0.351211443 0.912102703 0.211469102
-0.120138875 0.992636147 -0.015496131
-0.104244569 0.994545920 0.003388575
-0.134875252 0.990127263 -0.038166352
-0.154451570 0.987321579 -0.036617108
-0.170620293 0.984129476 -0.048763619
-0.188693260 0.979592544 -0.069233667
-0.299474088 0.952836049 0.049180622
-0.315806096 0.946647240 0.064230158
-0.279782517 0.958668109 0.051741665
-0.290051707 0.954819335 0.064730560
-0.298116631 0.951156729 0.080170766
-0.267178875 0.962337713 0.050215296
-0.250520991 0.967711144 0.027827598
-0.236707607 0.971545352 0.008314919
-0.228232056 0.973605754 0.001401340
-0.137011991 0.849308220 0.509807084
-0.132890792 0.864316609 0.485074053
0.068634634 0.979490905 -0.189438260
0.001833336 0.973026400 -0.230686507
-0.009647646 0.976135481 -0.216948027
0.085744477 0.969214917 -0.230803659
-0.147702109 0.983080563 -0.108336018
-0.149553268 0.982599434 -0.110146140
-0.166518237 0.979272144 -0.115315847
-0.186633245 0.973093178 -0.135121055
-0.180078263 0.974728418 -0.132198069
-0.179572453 0.977505309 -0.110621452
-0.177964595 0.977701798 -0.111480029
-0.171387197 0.979206474 -0.108540823
-0.014931273 0.999519266 0.027171568
-0.018180011 0.999301274 0.032656546
-0.001339336 0.999523497 0.030838062
0.010512267 0.999505774 0.029626010
0.022648415 0.999036446 0.037592928
0.031247151 0.998634776 0.041859283
-0.639955356 0.719323106 -0.270243246
-0.706070160 0.654867149 -0.269469750
-0.632324332 0.719368284 -0.287532975
-0.670437053 0.681809339 -0.292660527
-0.601625011 0.743361223 -0.292337884
0.563609688 0.734671723 0.377626243
0.621271063 0.682088495 0.385716932
0.615884760 0.687112695 0.385437553
0.398078570 0.861665176 0.314748435
0.350795791 0.888526802 0.295740487
0.440177410 0.830985259 0.340157826
0.359991117 0.892000114 0.273390184
0.440764225 0.849135331 0.291025924
0.376560202 0.883485706 0.278667223
-0.826400805 0.556211965 0.087692414
-0.893741311 0.446592218 0.042212080
-0.881222610 0.467160285 0.072166337
-0.843901107 0.521457288 0.126147604
-0.908440566 0.410183185 0.080532558
-0.307418919 0.950165627 0.051757989
-0.271249323 0.961708673 0.039245801
-0.242805622 0.969770053 0.024320242
-0.222254053 0.974848068 0.016564445
-0.242785256 0.969649134 0.028911520
-0.178911519 0.983845036 0.006293873
-0.168676773 0.985658240 0.005097011
-0.184291403 0.982804945 0.011450731
-0.227182322 0.967904139 -0.107469854
-0.246774437 0.961543517 -0.120567169
-0.239519166 0.963091851 -0.122819604
-0.914555125 0.372681063 -0.157155175
-0.911771274 0.380971521 -0.153407444
-0.926323483 0.346648059 -0.147512471
-0.850392774 0.485967819 -0.201661619
-0.809978515 0.540404717 -0.227810329
-0.793795310 0.564616017 -0.226048135
-0.777906724 0.571010672 -0.262312678
-0.775687124 0.567455901 -0.276230494
-0.721076843 0.625825092 -0.297306476
-0.811504160 0.520532790 -0.265530814
-0.757547372 0.586836904 -0.285909824
-0.752285533 0.593294892 -0.286474514
-0.139199020 0.990171670 -0.013553465
-0.135634065 0.990186143 -0.033686819
-0.167696419 0.985452345 -0.027596864
-0.214139693 0.975622393 0.048011857
-0.262756823 0.963229520 0.056104765
-0.249372690 0.966091505 0.066936279
-0.380798114 0.915670317 0.128610524
-0.365233010 0.921148400 0.134500832
-0.384384260 0.910637636 0.151617398
-0.094680316 0.995309761 0.019852375
-0.176436375 0.983382780 0.042761114
-0.119221287 0.992214636 0.036005573
-0.110610824 0.993798642 -0.011379978
-0.129164806 0.990821247 -0.039871155
-0.119700479 0.991743409 -0.046008754
-0.073306750 0.995598868 0.058386765
-0.042804184 0.995803840 0.080885809
-0.156944873 0.985219135 0.068640831
-0.103367766 0.992456179 0.065922966
-0.227113560 0.960143099 -0.162925321
-0.239591057 0.957567790 -0.160187553
-0.181692663 0.975177154 -0.126559449
-0.209701494 0.969461597 -0.127159332
-0.185527109 0.974731898 -0.124408274
-0.184508910 0.975592688 -0.119060358
-0.164080287 0.979239291 -0.119029708
-0.180239202 0.976154751 -0.120978230
-0.204889837 0.973544592 -0.101148807
-0.191901176 0.977640880 -0.085978181
-0.206981751 0.973763333 -0.094570215
-0.302947290 0.936941366 -0.174252162
-0.332990566 0.922592377 -0.194783440
-0.330431262 0.924961711 -0.187779164
0.473301805 0.873289017 -0.115549530
0.432942409 0.884838543 -0.172109335
0.413161501 0.898840248 -0.146231949
0.580900793 0.812607173 -0.047157725
0.549893890 0.831424026 -0.079691899
0.563712621 0.825223313 -0.035136374
0.468863739 0.882939746 0.024170221
0.460491498 0.887522196 -0.015872374
0.435335155 0.900107218 0.017038148
0.440312178 0.896073219 -0.056373504
0.473971907 0.879160823 -0.049263362
0.435631404 0.893027178 0.112817283
0.398672066 0.915538425 0.053385157
0.386119194 0.920507800 0.059811016
0.206157502 0.938481801 -0.277039697
0.259393731 0.935954278 -0.238127028
0.319882575 0.915852868 -0.242669861
-0.604278852 0.737533327 0.301482438
-0.653567278 -0.661007604 0.368671616
-0.806423934 0.590299814 -0.035022402
0.684248340 0.399962853 -0.609781866
0.669569738 0.380728242 -0.637747891
0.648203503 0.382223252 -0.658587583
0.820931693 0.242465405 -0.516992923
0.823929995 0.242607130 -0.512133912
0.836045842 0.232229585 -0.497088291
0.808583861 0.378045799 -0.450858640
0.808984528 0.353280853 -0.469826214
0.794208599 0.362923874 -0.487359172
0.827476675 0.232486113 -0.511109146
0.815098493 0.242787074 -0.525993236
0.821951730 0.224632132 -0.523388727
0.814980805 0.203075487 -0.542739932
0.791558772 0.202216051 -0.576665743
0.838337399 0.524495922 0.148641965
0.858834332 0.482404302 0.172306932
0.812564919 0.548380175 0.197528319
-0.336229147 -0.200326616 0.920227802
-0.329188900 -0.207214547 0.921247415
-0.332858138 -0.199332368 0.921668089
-0.330242714 -0.225246151 0.916626380
-0.333804202 -0.231518129 0.913769178
-0.330416885 -0.224462722 0.916755785
-0.401714647 -0.272967711 0.874136129
-0.896384120 -0.333374967 0.292158589
-0.894520700 -0.330276855 0.301247267
0.479150038 0.327672387 -0.814276395
0.487520292 0.336566651 -0.805634442
0.419025430 0.301785062 -0.856354755
-0.863005321 -0.432687994 0.260773686
-0.866634074 -0.423097022 0.264450927
-0.863741961 -0.437399005 0.250263732
-0.757670027 -0.563588683 0.329095620
-0.826379540 -0.490780075 0.276101022
-0.790386413 -0.534801698 0.298791669
-0.725138581 -0.586887506 0.360190356
-0.698059358 -0.616093616 0.364885995
-0.706992872 -0.599287724 0.375520042
-0.434017174 -0.271723316 0.858950250
-0.435755435 -0.256505508 0.862741053
-0.401293368 -0.249015947 0.881450334
-0.527537787 -0.162639816 0.833817830
-0.497437600 -0.170613726 0.850556753
-0.544083945 -0.162113506 0.823220427
-0.038913426 0.092466901 -0.994955083
-0.025479182 0.120713479 -0.992360352
0.599915886 0.432165913 -0.673300493
-0.624552217 -0.459949408 0.631174359
-0.624241943 -0.445114974 0.642023875
-0.632580343 -0.463443015 0.620534191
0.625534687 0.418737880 -0.658304598
0.632058198 0.414679646 -0.654632129
0.619157242 0.415849599 -0.666118173
0.764671465 0.450206994 -0.461076147
0.752068692 0.473802942 -0.458152219
0.783749603 0.458193465 -0.419279512
0.679733400 0.594780704 -0.429183432
0.684891686 0.653099338 -0.323086108
0.694132952 0.611534747 -0.379742938
0.618981048 0.782378418 -0.068894655
0.589467782 0.799999870 -0.111928289
0.596479506 0.801152516 -0.048650233
-0.959362237 0.003375769 0.282157230
-0.255850757 -0.941270873 0.220339585
-0.953617831 0.008402601 0.300902690
-0.065382081 0.991183165 -0.115243730
-0.024756457 0.994073704 -0.105851733
-0.029796967 0.990291180 -0.135777464
0.068153474 0.980581229 -0.183890066
0.081518034 0.983548513 -0.161205249
0.104763081 0.977878334 -0.181048779
-0.412117291 -0.871699434 0.265140407
-0.595981510 -0.768055484 0.234300689
-0.578097048 -0.779250576 0.242017238
-0.713122988 -0.670524312 0.204579451
-0.825848798 -0.540884871 0.159428097
-0.845710608 -0.510560648 0.155246234
-0.651145807 -0.724758426 0.225242895
-0.475372177 -0.840558260 0.259775106
-0.327770043 -0.916956520 0.227502832
-0.407654786 -0.881558364 0.238059713
-0.337769845 -0.913656059 0.226150699
-0.502117269 -0.812217923 0.296951669
-0.498338539 -0.820620296 0.279715982
-0.434194386 -0.850045277 0.298158115
-0.840722774 -0.437161624 0.319491677
-0.843611177 -0.451154689 0.291169416
-0.840518496 -0.435055556 0.322885926
-0.751830936 -0.440341360 0.490764435
-0.734616464 -0.412602892 0.538607003
-0.703587357 -0.436839496 0.560478444
-0.778800208 -0.494485536 0.385945968
-0.766693306 -0.462736390 0.445035289
-0.736990218 -0.498769998 0.456151189
-0.097499546 0.876809712 0.470848773
0.058575433 0.851335261 0.521341722
0.238394053 0.814533886 0.528869383
0.386259364 0.761940733 0.519855771
0.343916998 0.778855960 0.524504043
0.367463306 0.765821220 0.527720169
0.316820684 0.795534321 0.516478266
0.237903671 0.831568810 0.501891580
0.285291039 0.814898004 0.504529748
-0.031115692 0.872953621 0.486809807
-0.211455086 0.866037031 0.453063580
0.580478891 0.709674995 0.399256381
0.555650263 0.712647869 0.428235682
0.579901501 0.707453487 0.404009670
0.605797940 0.707328083 0.364274401
0.600804072 0.705956475 0.375046561
0.608947132 0.704904226 0.363721627
0.561306628 0.712113039 0.421698813
0.579100006 0.705372982 0.408769054
0.536765211 0.716510431 0.445528799
-0.734018531 -0.650686376 0.194484028
-0.861473335 -0.486965908 0.143971860
-0.927894068 -0.353401704 0.118826911
-0.901222254 -0.411065899 0.137197944
-0.918246685 -0.372527657 0.134336037
0.783120669 0.603253951 0.151018834
0.808122436 0.571134165 0.144027406
0.763555465 0.620089705 0.180199360
0.667107868 0.704396576 0.242471762
0.710497244 0.672323396 0.207785749
0.694694905 0.684204598 0.221952828
0.685756004 0.682212492 0.253623381
0.701689880 0.678144802 0.218519886
0.684204841 0.683690106 0.253833755
0.705936037 0.675565752 0.212756261
0.709016168 0.675698563 0.201810620
0.706339294 0.676818600 0.207367754
0.723806271 0.661413175 0.196563206
0.726720466 0.661393643 0.185568889
0.218677603 0.862800576 0.455801790
0.279206897 0.832195241 0.479055935
0.265829403 0.817198630 0.511391364
0.297355643 0.809400204 0.506409845
0.353966097 0.784007772 0.509940992
0.272991847 0.816836786 0.508186104
0.110262277 0.947095296 0.301417867
0.013299667 0.951665417 0.306848582
0.186384803 0.876332278 0.444187397
0.202097752 0.876292920 0.437341077
0.073634350 0.926308713 0.369499866
0.226864387 0.970936234 -0.076258639
0.339282264 0.939901950 -0.038364959
0.366183292 0.929791450 -0.037385233
0.162307961 0.969408541 -0.184128232
0.118512761 0.968733982 -0.217966047
0.003119716 0.960470088 -0.278365726
0.168850294 0.985388450 -0.022342358
0.109460902 0.992853597 -0.047539949
0.112046898 0.993417885 -0.023799138
0.478489107 0.857044263 0.191110716
0.465416466 0.857895839 0.217720559
0.462518813 0.863391011 0.201574577
-0.070799367 0.994093754 0.082249972
-0.044097494 0.990272611 0.131968053
-0.094740705 0.992372639 0.078871693
0.464201703 0.843910032 0.268947274
0.426517513 0.873950337 0.233009914
0.398371941 0.891676358 0.214972251
-0.007713573 0.978531220 0.205954250
-0.077618004 0.977998112 0.193636617
0.054684860 0.968155951 0.244302314
-0.411747762 -0.275103224 0.868781904
-0.391299798 -0.263963514 0.881593859
-0.410296296 -0.272197697 0.870382309
-0.410449216 -0.277049784 0.868777796
-0.411542362 -0.280019617 0.867307268
-0.393899416 -0.269874661 0.878641518
-0.883640305 -0.298594337 0.360584572
0.695535323 0.522692744 0.492973538
-0.279694141 0.115913552 -0.953066228
-0.872411617 -0.478400499 -0.100154544
-0.403934026 -0.859113873 0.314262082
-0.848507917 -0.518039313 -0.108025859
-0.752065853 -0.486472590 0.444681202
-0.736280793 -0.468029326 0.488711718
-0.761058339 -0.465031246 0.452256725
0.577332386 0.740501177 -0.344013550
-0.597563273 0.762786002 0.247134883
0.616953145 0.683569242 -0.390002445
0.615075324 0.701296028 -0.360369571
0.630245989 0.662548657 -0.404745933
0.617130864 0.641708823 -0.455367196
0.611718954 0.688804566 -0.389034949
0.633119053 0.592976256 -0.497533340
0.215893320 0.959593610 0.180472098
0.296759648 0.946084023 0.129841187
0.251745721 0.957396944 0.141475030
0.748326557 0.643556847 -0.160754310
0.709936712 0.677714812 -0.191552861
0.719347513 0.691950899 -0.061180947
0.809683387 0.529827854 0.252379196
0.819149232 0.509835376 0.262797306
0.773990681 0.578089874 0.258361228
0.422407646 0.755972363 0.500077561
0.445549085 0.748452973 0.491227198
0.423679387 0.757022305 0.497406279
0.757200636 -0.196230817 0.623009360
0.104171557 -0.322438030 0.940841115
0.135124162 -0.146243106 0.979976742
0.992644358 0.114168978 -0.040281801
0.791670470 0.135226026 0.595795090
0.940800248 0.326994954 -0.089270341
0.723015969 0.126206955 -0.679205206
0.742214135 0.125541362 -0.658298978
0.743061292 0.104695156 -0.660983238
-0.842407749 -0.476420544 0.251739249
-0.879302095 -0.423245654 0.218382561
-0.868391363 -0.441246239 0.226270187
0.689441738 0.703209952 0.173683196
0.724189524 0.658763337 0.203912722
0.732270592 0.645040206 0.218409964
0.631006591 0.749943800 0.198532062
0.609691875 0.773675648 0.172342127
0.587664761 0.782899962 0.204249304
0.907616951 0.393112954 -0.147287731
0.905434145 0.388212547 -0.171697491
0.912122104 0.364502865 -0.187539141
0.839538171 0.321667282 -0.437842231
0.840660399 0.350996568 -0.412421511
0.851051068 0.342098093 -0.398347806
0.906530322 0.369975853 -0.203274800
0.903005083 0.364513708 -0.227401795
-0.543651826 -0.335803622 0.769206486
-0.538987928 -0.333693173 0.773395681
-0.514973691 -0.326683087 0.792515147
0.344188723 0.938203902 -0.036160221
0.203923738 0.976116955 -0.074905272
0.201626129 0.934277482 -0.294062054
0.298214720 0.910512410 -0.286417759
0.232944032 0.925416874 -0.298899126
-0.900306603 -0.401639479 0.167731185
-0.939254499 0.207811894 -0.273157835
-0.772509742 -0.591406309 0.231229920
-0.698021368 -0.668402459 0.256913066
-0.716079435 -0.647825831 0.259907552
-0.680236288 -0.698613091 0.221852072
-0.772526032 -0.605801129 0.190285367
-0.686001177 -0.695911921 0.212388756
0.447167291 0.848204812 0.283883797
0.402315247 0.869742491 0.285815397
0.429884976 0.849818933 0.304969979
0.337771609 0.884308752 0.322348215
0.307946913 0.892210210 0.330347757
0.368638990 0.857834455 0.358085664
0.310159011 0.857805364 0.409843074
0.318060617 0.861603973 0.395570521
0.329110196 0.844995523 0.421508060
0.359283806 0.782851484 0.507994784
0.393762605 0.764183374 0.510856909
0.363274940 0.786137135 0.500019724
0.544384114 0.750239988 0.375214469
0.504244842 0.780618148 0.369286400
0.525536412 0.757161667 0.387966094
0.498867614 0.742880275 0.446385484
0.542710902 0.721530464 0.429951935
0.519062727 0.734846536 0.436548342
0.560507898 0.715054822 0.417764883
0.522142243 0.727246830 0.445510412
0.517758695 0.726909537 0.451141286
-0.699399303 -0.445855021 0.558617862
-0.698548518 -0.428920247 0.572762944
-0.709560231 -0.440818730 0.549730049
-0.652759667 -0.469931945 0.594195914
-0.664112765 -0.472159766 0.579671796
-0.660043249 -0.485890927 0.572933606
-0.814059636 -0.469161074 0.342337254
-0.832231323 -0.466837876 0.299087650
-0.826136900 -0.455848579 0.331209745
0.454127713 0.753371568 0.475604143
0.500636636 0.733905291 0.459070782
0.477044120 0.750568523 0.457248073
0.356234497 0.781171560 0.512706522
0.383350099 0.773658610 0.504475031
0.408894116 0.760873564 0.503862105
-0.719047051 -0.473730679 0.508478694
-0.727691256 -0.452087208 0.515831941
-0.719463515 -0.398563856 0.568787398
-0.702839880 -0.397074000 0.590210421
-0.680044948 -0.384328782 0.624363881
-0.420808696 0.855361275 -0.302121053
-0.468723325 0.827466980 -0.309187388
-0.444600727 0.843813468 -0.300514598
-0.367067338 0.887276757 -0.279287532
-0.392348056 0.873310089 -0.288777582
-0.596821588 0.740767183 -0.308330948
-0.614690714 0.728575066 -0.302214658
-0.318543068 0.906605144 -0.276762403
-0.361424225 0.886225982 -0.289786193
-0.376577566 0.877489067 -0.296988678
-0.268483768 0.931784781 -0.244322715
-0.286522135 0.920290900 -0.266401436
-0.285040632 0.926082435 -0.247230989
-0.207933602 0.973562451 -0.094550365
-0.199019307 0.975749611 -0.091126347
-0.205437031 0.976854944 -0.059582258
-0.208027025 0.976684938 -0.053021581
-0.208256907 0.975050330 -0.076849951
-0.382955074 0.902144567 -0.198697236
-0.401797308 0.892198335 -0.206254827
-0.433022935 0.875366282 -0.215000025
-0.436439356 0.870551440 -0.227290295
-0.459263933 0.856419745 -0.235842871
-0.197586640 0.978963574 -0.050890468
-0.179305076 0.982911076 -0.041659403
-0.182423671 0.981568879 -0.056957353
-0.230474997 0.963676457 -0.134940589
-0.228907998 0.963453313 -0.139136054
-0.207449266 0.970210452 -0.125125856
-0.157362368 0.982844874 -0.096192721
-0.148200351 0.986798394 -0.065311458
-0.169316244 0.984485932 -0.046037579
-0.186452978 0.980148705 -0.067407733
-0.236646861 0.961056144 -0.142721237
-0.262413270 0.948449890 -0.177713483
-0.314277794 0.921897003 -0.226573133
-0.353023869 0.908377217 -0.224109303
-0.357429405 0.903355228 -0.237051794
-0.600463065 0.765948223 -0.229711616
-0.613332268 0.752982658 -0.238412766
-0.534520328 0.808744519 -0.245398292
-0.945133039 0.299803039 -0.129775482
-0.948137988 0.291852753 -0.125921907
-0.955176474 0.269070340 -0.123446570
-0.848685731 0.503606681 -0.161594679
-0.728518685 0.656707955 -0.194923544
-0.870613239 0.468240891 -0.150940572
-0.350836822 0.916174830 -0.193745204
-0.319234973 0.926765261 -0.197977732
-0.192079838 0.953141516 -0.233723313
-0.304683030 0.927592479 -0.216195383
-0.207019451 0.952613887 -0.222867065
-0.294713913 0.937778232 -0.183618345
-0.307912140 0.931343719 -0.194393909
-0.292315421 0.941004396 -0.170477042
-0.314769134 0.928024750 -0.199224637
-0.314671434 0.926528359 -0.206220972
-0.384963493 0.877256895 0.286746316
-0.402020241 0.874990009 0.269763249
-0.583469965 0.768116585 0.263741753
-0.526905881 0.809612904 0.258644810
-0.459508312 0.867059386 0.192510084
-0.434897140 0.884154219 0.170692104
-0.482031119 0.857232786 0.181102046
-0.333682475 0.915578780 0.224435968
-0.343431798 0.904765331 0.251901364
-0.313215859 0.917418326 0.245437244
-0.360901368 0.922120395 0.139442391
-0.372970281 0.918132275 0.133889110
-0.349373733 0.929653387 0.116972539
-0.188713089 0.903789165 0.384125651
-0.281928933 0.878412889 0.385884533
-0.280428808 0.878780818 0.386139815
0.186131973 0.953681382 0.236319084
-0.141053917 0.974177772 0.176299352
0.261416911 0.936402582 0.234118352
0.511014548 0.815272142 0.272388446
0.688927457 0.670125699 0.276243564
0.728331229 0.633145980 0.262030132
0.178383143 0.955979522 0.232986281
0.201781788 0.949134815 0.241717218
0.092576862 0.980189310 0.175095523
-0.051408492 0.998618474 0.010877082
-0.069517235 0.997531738 0.009888709
-0.047228245 0.998766273 0.015343529
-0.055943604 0.998422861 0.004701478
-0.066310610 0.997793063 0.003450530
-0.084044548 0.996453271 0.004170393
-0.776596858 0.566179525 -0.276293440
-0.713085004 0.635687089 -0.295654701
-0.343614686 0.909415331 -0.234291919
-0.316923555 0.918793230 -0.235326287
-0.369851228 0.897053274 -0.241879089
-0.725055040 0.656129984 -0.209257337
-0.777013533 0.598049402 -0.196435440
-0.653268221 0.724737577 -0.219080068
-0.712748584 0.671145662 -0.203845424
-0.310409811 0.916939243 0.250735268
-0.313914967 0.907167129 0.280187784
-0.301481602 0.917864528 0.258134756
-0.341889665 0.899666550 0.271498720
-0.218524813 0.930063278 0.295345907
-0.279555819 0.914498517 0.292473943
-0.272012128 0.941871750 0.197197894
-0.274887477 0.945060934 0.176908750
-0.306260192 0.931206313 0.197634758
0.039965814 0.981878907 0.185247254
-0.055415894 0.986251312 0.155683747
0.075263975 0.983561940 0.164137881
0.076957058 0.990433427 0.114539244
0.207321606 0.975996197 0.066702134
-0.051901113 0.994819135 0.087413750
-0.645692951 0.692520443 -0.321708019
-0.648269687 0.696377401 -0.307904088
-0.669662857 0.686054492 -0.284395660
-0.642423061 0.707287738 -0.295019774
-0.562342045 0.766101598 -0.311223017
-0.314883874 0.906836214 -0.280171780
-0.292823940 0.915369230 -0.276321032
-0.337267603 0.894790878 -0.292574518
-0.292496472 0.913932516 -0.281377275
-0.336476602 0.900359828 -0.275926942
-0.359031410 0.889335891 -0.283157413
-0.287424140 0.918301966 -0.272229432
-0.255073028 0.937344801 -0.237323564
-0.881495269 0.467123650 -0.069004254
-0.958605860 -0.247982933 0.139925948
-0.998651383 -0.050205293 0.013222884
-0.453161498 0.860523405 -0.232688904
-0.580437107 0.783218987 -0.222846996
-0.231186842 0.938204782 -0.257535300
-0.573868605 0.811136024 -0.112841369
-0.565116488 0.814437186 -0.131664059
-0.054878088 0.924247922 0.377828235
-0.033931404 0.920332274 0.389662886
-0.224701432 0.895278935 0.384688050
-0.602707240 0.732683713 0.316098971
-0.671121767 0.673518617 0.309787420
-0.628483723 0.710610581 0.316292288
-0.782144398 0.587991091 -0.206195579
-0.793986028 0.570255052 -0.210702073
-0.722392946 0.649990902 -0.235924264
-0.589383143 0.760324280 -0.273010075
-0.526841134 0.800492618 -0.285744621
-0.916432156 0.385377245 0.107872534
-0.832796918 0.521819482 0.184807253
-0.834816826 0.517608710 0.187515574
-0.847372906 0.498486141 0.182950062
-0.703491569 0.682003914 0.199925669
-0.624048221 0.756254922 0.196576475
-0.669116148 0.719122223 0.187474820
-0.624352698 0.759311482 0.183384245
-0.703956809 0.685244679 0.186774035
0.973914387 0.134446681 0.182797311
0.605930931 0.621170870 0.496985369
0.600775761 0.618665466 0.506282062
0.975867263 0.137553761 0.169593770
0.954887735 0.211280300 0.208686484
0.955048124 0.214739832 0.204376823
0.730836161 0.612523521 0.301153517
0.563073440 0.769585483 0.301141968
0.914718372 0.311591362 0.257295787
0.017377900 0.999830580 -0.006067949
0.025530035 0.998902915 -0.039257903
-0.028808835 0.999380478 -0.020216604
0.088116089 0.995499193 0.034884263
0.160979581 0.986580424 0.027288136
0.163573898 0.985288229 0.049504408
-0.071404793 0.996895287 0.033183460
-0.086332845 0.996210929 0.010508286
-0.413580086 0.904334385 0.105502760
-0.463070295 0.879521782 0.109577993
-0.503039739 0.855518272 0.122635669
-0.349300338 0.932151304 0.095305933
-0.308476266 0.947801351 0.080715503
-0.337288777 0.937871041 0.081450547
-0.201046002 0.969767269 -0.138318286
-0.161307015 0.978146563 -0.131184402
-0.175839745 0.974105006 -0.142126076
-0.234243273 0.960546035 -0.149938001
-0.247620162 0.955349115 -0.161221351
-0.262460763 0.950412196 -0.166826272
-0.095604980 0.993550111 -0.060974301
-0.109316872 0.991080442 -0.076219286
-0.074042823 0.996677506 -0.033935380
-0.013596605 0.999690325 0.020841956
-0.030434370 0.999279978 0.022655588
0.061740235 0.993672638 0.093823404
0.087170769 0.990452453 0.106795113
0.105282265 0.982990732 0.150482112
-0.577337970 0.766688300 -0.280837888
-0.655589151 0.707194561 -0.264723853
-0.529238982 0.795073258 -0.296250932
-0.462561908 0.832856313 -0.303952040
-0.530461904 0.798289836 -0.285207831
-0.552034464 0.782580199 -0.287795383
-0.614387836 0.738493994 -0.277766462
0.362214420 0.888700656 0.281090479
0.298672502 0.918262928 0.259976791
0.369463758 0.883090379 0.289219492
0.530863598 0.762498076 0.369838510
0.581712822 0.718985447 0.380355255
0.517831749 0.772683341 0.367165813
0.539615754 0.783194208 0.308903982
0.411095902 0.861805261 0.297139449
0.557415212 0.766376035 0.319305580
0.311153549 0.914661374 0.258027206
0.317757689 0.910050661 0.266153802
0.286779636 0.923611205 0.254361521
0.181755718 0.961717091 0.205097770
0.165521179 0.968744989 0.184758993
0.216274166 0.949796837 0.226078425
0.262953390 0.930656827 0.254427562
0.293355602 0.919731179 0.260839126
0.262847587 0.931153330 0.252714508
-0.336913484 0.933597083 0.122007342
-0.460611645 0.877700123 0.132209705
-0.432319188 0.894022417 0.117575670
-0.695679717 0.713091166 0.086779728
-0.617779596 0.780630926 0.094676972
-0.752671834 0.651089437 0.097814392
-0.599478707 0.789607505 0.130939938
-0.711199985 0.696657344 0.094144183
-0.577396623 0.803460373 0.145136377
-0.654270834 0.739283871 0.159339367
-0.585266992 0.792948115 0.169398450
-0.250880883 0.967504953 0.031511069
-0.252679551 0.967121669 0.028787539
-0.232199150 0.972529219 0.016446039
-0.187472297 0.982201019 -0.011631729
-0.171837056 0.984961204 -0.017984813
-0.148691392 0.987151159 -0.058510338
-0.161599559 0.983529815 -0.080961012
-0.177019234 0.981703473 -0.070160395
-0.152957625 0.986208905 -0.063213611
-0.183322330 0.980679936 -0.068262631
-0.163682717 0.983705334 -0.074375963
-0.869163973 0.459820462 -0.181986622
-0.882250566 0.433770869 -0.182966587
-0.870780386 0.446096599 -0.206734957
-0.854547232 0.474173589 -0.211916104
-0.879985574 0.431998990 -0.197489902
-0.835890096 0.498302007 -0.230180054
-0.858923570 0.465270510 -0.213947784
-0.850661893 0.475946703 -0.223269074
-0.161689363 0.986794893 0.009611918
-0.129629245 0.991556238 0.003533579
-0.160924417 0.986762315 -0.020086470
-0.152355596 0.988323383 -0.002159211
-0.139230940 0.989783372 -0.030718426
-0.130742891 0.991404926 -0.004750613
-0.149896225 0.988239739 -0.030221517
-0.100946260 0.994867124 0.007018419
-0.103957007 0.994365331 0.020749183
-0.130934191 0.991284501 0.014535324
-0.160437879 0.979345423 -0.123053763
-0.142236948 0.984259337 -0.104891409
-0.220698414 0.961971785 -0.160942520
-0.207064950 0.970566285 -0.122984524
-0.325738973 0.928468560 -0.178438380
-0.355488777 0.913293608 -0.198802704
-0.279755454 0.948028446 -0.151588096
-0.282448873 0.946069413 -0.158667262
0.424109104 0.880893310 -0.210139107
0.484597633 0.856119435 -0.179512248
0.530448893 0.839657805 -0.116613642
0.513063324 0.851958757 -0.104557649
0.278908198 0.959625398 -0.036459747
0.398059387 0.917321476 -0.008368668
0.331263203 0.942457714 -0.045145836
0.508678022 0.803723988 -0.308665548
0.483224367 0.826958551 -0.287460895
0.527161803 0.797922091 -0.292268320
0.770230446 0.356263735 -0.528981295
0.770648900 0.381417168 -0.510510742
0.752680292 0.328562412 -0.570542829
0.743221035 0.355368915 -0.566864559
0.755464125 0.347617129 -0.555370405
0.800494035 0.246255556 -0.546413306
0.807320575 0.236357874 -0.540711055
0.844612111 0.290220443 -0.449891628
0.833944571 0.299002896 -0.463825097
0.911842641 0.379747138 -0.155997146
0.922975633 0.380312832 -0.058975674
0.916797100 0.380098923 -0.122506682
0.887462347 0.431554157 0.161776363
0.887580313 0.446466340 0.113441593
0.854610243 0.475754106 0.208084991
0.922037051 0.375407462 -0.094429409
0.912175873 0.409471348 -0.016382679
0.909924478 0.405822764 -0.085704898
-0.333172134 -0.221817726 0.916402327
-0.342413184 -0.231566996 0.910565724
-0.352941520 -0.235442459 0.905538034
-0.328273055 -0.224312838 0.917562288
-0.324686630 -0.218023827 0.920350044
-0.389743017 -0.264831103 0.882023167
-0.378466338 -0.256942083 0.889237874
-0.373459845 -0.253081521 0.892455875
-0.781093158 0.286554998 0.554778976
-0.811726504 0.271038344 0.517337703
-0.832649083 -0.470743651 0.291712050
-0.829424573 -0.484882823 0.277386958
-0.857130812 -0.452925255 0.245327302
-0.755485350 -0.526821371 0.389488291
-0.796493352 -0.479254118 0.368664929
-0.776519471 -0.523494848 0.350671720
0.200558542 0.041713545 0.978793263
0.215510831 -0.138661187 0.966606516
0.803534526 0.175793417 0.568708132
-0.517673062 -0.187328733 0.834818870
-0.473986637 -0.176122518 0.862738388
-0.477394977 -0.193304885 0.857162328
0.593522984 0.409012767 -0.693137089
0.589251975 0.411700099 -0.695187125
0.604278701 0.422437447 -0.675569282
0.594915490 0.419749674 -0.685482145
0.604924228 0.437477696 -0.665341975
0.632796208 0.547861619 -0.547189735
0.634003554 0.601605927 -0.485911311
0.641845273 0.453402193 -0.618434392
0.631494471 0.436626698 -0.640758815
0.623608995 0.437118446 -0.648104379
0.673868442 0.483852407 -0.558379952
0.676428519 0.497986212 -0.542636334
0.686552641 0.492541196 -0.534835154
0.671048914 0.460311360 -0.581211499
0.653315037 0.447146446 -0.610933318
0.667228616 0.465919919 -0.581140777
0.559374445 0.787900177 -0.257514158
0.541086141 0.793764240 -0.277784305
0.520501384 0.816102755 -0.251106753
0.579552963 0.800536875 -0.152509263
0.557356802 0.819663598 -0.132306388
-0.598435234 0.703309957 0.383706106
-0.450312279 0.813709130 0.367554491
-0.163672620 0.982412765 -0.089868980
-0.080512019 0.986091610 -0.145399973
-0.138769037 0.980840593 -0.136729242
-0.128705455 0.982244150 -0.136496647
0.027860148 0.989021846 -0.145119259
0.055843174 0.991419761 -0.118187979
0.072845941 0.987887727 -0.137008420
-0.957395327 -0.276741290 0.082513304
-0.891231426 -0.432763624 0.135728376
-0.757284238 -0.622941335 0.196124134
-0.909662441 -0.396705847 0.123039481
-0.765227318 -0.615917662 0.187276763
-0.486691458 -0.841135947 0.235842625
-0.495930576 -0.836222034 0.234063184
-0.965804934 0.202280930 0.162182782
-0.833997807 -0.488492502 0.256559417
-0.821508866 -0.493741931 0.285205345
-0.333007046 -0.911615932 0.240962029
-0.299668043 -0.918968853 0.256310967
-0.365449775 -0.895077062 0.255506391
-0.822003999 -0.439184789 0.362527444
-0.849733518 -0.431155333 0.303410658
-0.845033787 -0.432109172 0.314959619
-0.848031103 -0.448061269 0.282991780
-0.678550052 -0.423575854 0.600127756
-0.698366868 -0.452822786 0.554288050
0.157062181 0.878343402 0.451491240
0.259163919 0.847699657 0.462859974
0.128797225 0.903300316 0.409218540
0.351284276 0.765945521 0.538448527
0.393456583 0.748674636 0.533552441
0.305515894 0.799631924 0.516961144
0.332296148 0.784234479 0.523980487
0.603251425 0.701573698 0.379317893
0.613497255 0.703265316 0.359220007
0.630265026 0.699932673 0.335946798
0.629979289 0.697101163 0.342309896
0.604554470 0.700142941 0.379886503
0.634276763 0.694128373 0.340409738
0.626046476 0.694311478 0.354961100
-0.940537130 -0.323310922 0.104211105
-0.946862987 -0.307218107 0.095223514
-0.919412141 -0.376709737 0.113009243
-0.847463799 -0.505415048 0.162359905
-0.833947308 -0.522594964 0.177274905
0.673027600 0.701958152 0.232999149
0.652991360 0.724630524 0.220256412
0.629907220 0.737528315 0.243452007
0.651151280 0.689462174 0.317244261
0.661820057 0.686382820 0.301451218
0.677462568 0.683192839 0.272565614
0.673840458 0.684868917 0.277296958
0.650527499 0.690227310 0.316859959
0.669748906 0.688062804 0.279295508
0.796064830 0.599216189 0.084974969
0.837831818 0.545626038 0.018167888
0.793859673 0.598282071 0.108836492
0.242510115 0.826160919 0.508573476
0.324315423 0.795572791 0.511745484
0.146002765 0.894769377 0.421984543
0.271920052 0.831955214 0.483642437
0.233661973 0.846792188 0.477854656
0.277442895 0.815297835 0.508246869
0.276586492 0.823978239 0.494529851
0.211488540 0.903254574 0.373368145
0.164428526 0.930572175 0.327106538
0.033347435 0.958479716 0.283204135
-0.080600940 0.945817258 0.314536490
-0.096449589 0.942474309 0.320061954
0.375973583 0.924733160 -0.059265900
0.264601254 0.959451637 -0.097153143
0.442178534 0.868847023 0.222672394
0.455881855 0.863114503 0.217267319
0.467938199 0.857763965 0.212778811
0.278310189 0.931601428 0.233799526
0.166718318 0.968961586 0.182533413
0.191463347 0.960360784 0.202605409
0.069704724 0.989214456 0.128825504
0.119905103 0.976145974 0.181002222
-0.079377778 0.985137916 0.152323518
-0.421376846 -0.285835371 0.860662358
-0.437616254 -0.292799979 0.850153037
-0.554501754 -0.368976126 0.745911807
-0.601368652 -0.408724434 0.686512987
-0.556100964 -0.377498832 0.740436594
-0.450438927 -0.299087184 0.841220322
-0.482014890 -0.318518497 0.816215420
-0.474780999 -0.316376981 0.821272555
-0.548494547 -0.769821656 0.326386812
-0.590635974 -0.738348426 0.325562203
-0.555505791 -0.764376560 0.327325206
-0.760437713 -0.591619763 0.267806910
-0.717168475 -0.629316166 0.299383603
-0.742218032 -0.602002860 0.294457042
-0.635136387 -0.706670597 0.311798713
-0.627874307 -0.705648097 0.328381816
-0.664486405 -0.678476586 0.313252837
-0.700819407 -0.591584713 0.398597148
-0.727457118 -0.562005157 0.393644946
-0.687472988 -0.574267386 0.444519808
-0.680177100 -0.602559585 0.417469831
-0.678678705 -0.569774451 0.463413735
-0.673340922 -0.639079736 0.371737937
-0.673202570 -0.647013062 0.358011727
-0.679264603 -0.635991322 0.366216654
0.630716532 0.526171112 -0.570386376
0.628797744 0.516622871 -0.581131833
0.169272529 0.981053544 0.094237756
0.197969667 0.975556202 0.095383998
0.119749315 0.991085543 0.058391342
-0.034473876 0.999280141 0.015835137
0.047866189 0.997588920 0.050251117
0.066860030 0.997433061 0.025632499
0.734383888 0.657379062 0.168917359
0.728298380 0.674497399 0.120974083
0.692463428 0.707620831 0.140595735
0.685992232 0.727608837 0.000194367
0.653986145 0.754929293 -0.048825033
0.655785435 0.753690129 0.043550574
0.381656821 0.769858838 0.511522669
0.403988716 0.762137492 0.505904695
0.413864936 0.762170184 0.497807618
0.442430642 0.750244582 0.491312726
0.406683441 0.763828141 0.501173771
0.477350129 0.738045570 0.476891592
0.451509835 0.747879256 0.486636916
0.987344915 -0.158088550 -0.012570949
0.986499577 -0.154771709 -0.053519187
0.753643445 0.093156998 -0.650648393
0.997928611 0.057596504 -0.028655373
0.999031252 0.029772539 -0.032406058
0.753611936 0.163895071 -0.636559075
0.709677777 0.177781379 -0.681726657
0.741486994 0.194753980 -0.642080933
0.682413936 -0.327195971 0.653646706
0.058113792 -0.333749446 0.940868798
-0.831667357 -0.504448674 0.232079604
-0.782406595 -0.559522101 0.273450064
-0.830464734 -0.501093115 0.243380396
-0.859670221 -0.455585277 0.231104234
-0.894448279 -0.401340078 0.197201465
-0.837678620 -0.488335899 0.244586548
-0.880395014 -0.429380514 0.201338008
0.562700261 0.820391337 0.101619249
0.542579741 0.828402289 0.139128977
0.586008030 0.798041872 0.140441305
0.870185601 0.338392180 -0.358144876
0.883214512 0.342684770 -0.320155079
0.865528415 0.318064375 -0.386905177
-0.510059323 -0.324323927 0.796651415
-0.494612944 -0.318385517 0.808695677
-0.484695928 -0.313701055 0.816493421
-0.557617770 -0.341315635 0.756680950
-0.580638630 -0.347713720 0.736175217
0.410088369 0.908051051 -0.085269099
0.273956233 0.943626249 -0.185788819
0.287727186 0.941579248 -0.175047384
-0.363422547 -0.877807251 0.312055254
-0.347962715 -0.889751775 0.295404345
-0.351513101 -0.888890648 0.293788965
-0.346298082 -0.891362828 0.292489226
-0.395340541 -0.869027940 0.297483269
-0.381860326 -0.881939027 0.276344430
-0.813219079 -0.543892058 0.207017290
-0.877139392 -0.449878641 0.168034805
-0.829023969 -0.525210807 0.192023091
-0.898628667 -0.405346272 0.167812153
-0.893383386 -0.417610501 0.165733506
-0.869393973 -0.457911598 0.185663913
0.544304099 0.809820502 0.218915057
0.566241596 0.786886934 0.245314918
0.279429447 0.900256420 0.333852605
0.247102849 0.922492694 0.296559286
0.496808194 0.747229885 0.441394515
0.540704236 0.725954138 0.425005317
0.615399003 0.695952120 0.370046909
0.644661284 0.689425764 0.330308864
-0.674683390 -0.537542349 0.505816712
-0.669158171 -0.567322574 0.479971290
-0.676103819 -0.473331789 0.564659759
-0.668881581 -0.457416224 0.585975963
0.499493704 0.727328750 0.470636729
0.480444437 0.732364993 0.482508715
0.395823844 0.771546446 0.498035709
0.366059130 0.797334139 0.479853085
0.368059539 0.793408920 0.484803529
-0.711397542 -0.488905172 0.504861635
-0.715523127 -0.517841716 0.468899363
-0.699693127 -0.517375203 0.492699124
-0.724635069 -0.417126092 0.548552495
-0.686333417 -0.403533221 0.605068079
-0.792536377 -0.399303483 0.460915198
-0.755126210 -0.397179265 0.521567866
-0.772263663 -0.396309572 0.496535556
-0.334951182 -0.193774065 0.922095070
-0.327922367 -0.200668903 0.923146203
-0.336927231 -0.220491241 0.915348925
-0.334412844 -0.216437647 0.917236499
-0.335089823 -0.212272263 0.917962579
0.251884848 0.935481866 0.247846126
0.282508320 0.924452560 0.256079115
0.734656037 0.441102971 -0.515469375
0.768073111 0.426496265 -0.477665816
0.576988968 0.395059975 -0.714850577
0.617147335 0.415792947 -0.668016012
0.585880707 0.391282288 -0.709677369
0.748301185 0.288359060 -0.597406386
0.741108989 0.311531205 -0.594731683
0.772004076 0.297611459 -0.561637896
0.571888111 0.729108731 0.375958038
0.621716705 0.681995311 0.385163257
0.581911490 0.719907941 0.378300904
0.104735507 0.922509153 0.371493387
-0.066747521 0.918884070 0.388840372
0.583974395 0.406197123 -0.702835545
0.542270036 0.374224638 -0.752262673
0.548569858 0.382725131 -0.743365714
-0.390400636 -0.187642160 0.901320012
-0.364990887 -0.192462297 0.910900607
-0.365548203 -0.187747398 0.911660806
0.855262492 0.389251068 -0.342066771
0.880532407 0.392706392 -0.265413582
0.878250136 0.375237196 -0.296435061
-0.505271152 -0.331550939 0.796727706
-0.554309508 -0.365301085 0.747861007
-0.331676372 0.221977424 0.916906106
-0.309188583 0.241792698 0.919749265
0.124486091 0.962788325 -0.239878832
0.029317514 0.973469219 -0.226932067
-0.052170592 0.998626379 -0.004856435
-0.038318754 0.999210915 0.010450831
0.458156301 0.824091491 0.333115623
-0.030227067 0.999313169 0.021436303
-0.012226558 0.999518008 0.028535307
-0.067363828 0.997630510 -0.013981439
-0.037936450 0.998173793 -0.047009618
-0.089776996 0.994585449 -0.052343825
0.102261795 0.986882369 0.124922839
0.137547670 0.979566520 0.146731289
-0.198351627 0.963965539 -0.177276821
-0.191509452 0.969501061 -0.152943851
-0.089590825 0.931228754 0.353251316
-0.091148065 0.931132454 0.353106759
-0.147287617 0.931758469 0.331862190
-0.249536047 0.894069232 0.371983829
-0.086911772 0.935677908 0.341984204
0.521777021 0.725022723 0.449545094
0.564593128 0.714517706 0.413157412
-0.276682834 0.921707282 0.271849765
-0.273022497 0.931006085 0.242252732
-0.087435644 0.996151811 -0.006047949
-0.096900237 0.995294095 0.000089489
-0.097537878 0.987019356 -0.127589789
-0.092507248 0.990908654 -0.097685458
-0.727367012 -0.435471411 0.530378996
0.153152706 0.867362211 0.473526180
0.181283048 0.857616291 0.481280328
-0.358005177 0.890637161 -0.280352887
-0.309378406 0.916688768 -0.252916399
0.594813091 0.740931347 0.311798214
0.366648137 0.887963802 0.277649834
0.477159989 0.826554526 0.298539715
0.453868382 0.842040351 0.291498782
-0.468140230 -0.305276746 0.829247148
-0.483945924 -0.311446778 0.817800249
-0.903292148 -0.414695542 0.109958640
-0.815477034 -0.556688548 0.158414227
-0.970804397 -0.231746259 0.061907134
0.742547049 0.094782588 -0.663053648
0.752694763 0.084424092 -0.652934274
0.734357315 0.095054508 -0.672074381
-0.754929860 0.606651292 -0.249108642
-0.700935077 0.662906432 -0.263144599
0.323920420 0.796885889 0.509949450
0.354888361 0.775969333 0.521465095
0.438295042 0.753030672 0.490756827
0.436422109 0.757214657 0.485964716
-0.648825737 0.692762493 0.314809929
-0.680464512 0.663626280 0.310754258
-0.639221775 0.696264836 0.326513095
0.814781935 0.558665764 0.154993431
0.778186906 0.592060672 0.209497734
0.822539222 0.526439101 0.215153671
-0.200906350 0.968306916 -0.148385834
-0.201247603 0.964703130 -0.169844852
-0.151037663 0.988512520 0.005533803
-0.154032328 0.987878068 0.019260418
-0.841235971 -0.473964283 0.260153609
-0.841138580 0.532198363 -0.096181035
-0.980646313 -0.182610127 -0.070614100
0.061462770 0.979428120 -0.192205319
-0.597829203 0.801529067 -0.012304417
-0.620612491 0.784109693 0.003482192
0.475483311 0.768836868 0.427557589
0.452926487 0.776362173 0.438314240
0.408414497 0.803456768 0.433191436
0.430692147 0.783483200 0.447949047
0.002884972 0.993171139 0.116630891
0.012348452 0.995493272 0.094024794
0.126489721 0.975145689 0.181909968
0.151606882 0.969122138 0.194467568
-0.473440734 0.832263425 -0.288429305
-0.583585292 0.759020436 -0.288645431
-0.528927361 0.800542646 -0.281722059
-0.093959882 0.994826809 0.038615560
-0.039769670 0.999015165 0.019674192
0.033219900 0.999193919 -0.022537773
0.050344393 0.998723214 -0.004169337
0.011879434 0.999928119 -0.001623772
0.376021976 0.891505023 0.252638611
0.340839853 0.908508962 0.241742964
0.457852021 0.844886438 0.276655805
-0.292651754 0.943638865 0.154598330
-0.218100234 0.962626653 0.160568411
-0.026962945 0.989889442 0.139254773
0.585358516 0.724820670 0.363304837
0.604202681 0.714505871 0.352732875
0.623575872 0.712342291 0.322058367
0.412501402 0.762685722 0.498149659
0.448140255 0.748909924 0.488164150
0.335936021 0.790828624 0.511602461
-0.484272579 0.841194425 0.240566018
-0.434008703 0.874618612 0.216052605
-0.480679911 0.847798539 0.224018885
-0.129499957 0.988274900 -0.080885618
-0.150854297 0.983641025 -0.098454632
-0.184729725 0.974693858 -0.125884124
0.398651988 0.909362442 0.118897189
0.344283949 0.936601711 0.065159781
0.318825288 0.945606003 0.064650774
0.093932553 0.322971175 -0.941735789
-0.778772452 -0.599273931 -0.185429837
-0.199413513 0.688168636 0.697608902
-0.605340581 -0.722200136 0.334648688
-0.611965094 -0.716259682 0.335366654
0.326514971 0.786811779 0.523751083
0.371759851 0.751930082 0.544422414
0.744119223 0.639895402 0.191886571
0.715958071 0.669428469 0.198165500
-0.745528438 0.606062988 -0.277263417
-0.719078347 0.634306850 -0.283868193
0.654548905 0.678373312 -0.333729500
0.661778941 0.618243417 -0.424056258
0.645093154 0.659987886 -0.385059493
-0.613420337 0.730136601 0.301024972
-0.549800260 0.772908905 0.316751478
-0.399706665 0.881427728 0.251634142
-0.440220474 0.862140694 0.250837316
-0.670224940 0.674669483 0.309224220
-0.601730098 0.733746121 0.315495674
-0.560012353 0.765673426 -0.316433832
-0.538005018 0.780172539 -0.319188675
-0.782982009 -0.451261735 0.428137852
-0.817789143 -0.414289088 0.399481502
-0.810814114 -0.446003130 0.379027281
0.551444958 0.770586199 -0.319539305
0.508543722 0.801209890 -0.315350592
-0.748885052 -0.518792782 0.412341155
-0.724845849 -0.522257415 0.449272398
0.739444358 0.095664008 -0.666386103
0.766087633 0.089059981 -0.636535984
0.725136730 0.102526913 -0.680929478
0.735608169 0.092210366 -0.671101982
0.891513699 0.366052488 -0.266849957
0.889754263 0.346862212 -0.296688317
0.893448175 0.369914655 -0.254781292
0.907733968 0.373538017 -0.191019354
0.902144949 0.366657490 -0.227369253
-0.836753937 0.491637047 -0.241113797
-0.868020675 0.448717520 -0.212585737
-0.840755144 0.486034808 -0.238539206
0.695482825 0.678177645 0.237442037
0.549946087 0.834876520 -0.023248622
0.579949890 0.814598569 0.009343258
-0.204358459 0.978527645 -0.026856432
-0.203910590 0.978364196 -0.034985309
-0.213789551 0.976527109 -0.026245635
0.511804165 0.836611116 -0.195290390
0.520096599 0.839536271 -0.157093532
-0.714512180 -0.634538109 0.294675640
-0.694836755 -0.643693239 0.320719344
-0.337219442 0.916406186 -0.215598584
-0.300345400 0.932629967 -0.199984964
-0.327946797 0.922825099 -0.202100802
-0.198218169 0.980032020 0.015709748
-0.208391545 0.977899413 0.016902707
-0.461915790 0.835435993 -0.297792720
-0.418762558 0.857164760 -0.299844115
-0.403391355 0.866177521 -0.294977823
-0.597125746 0.748345174 -0.288825804
-0.678339235 0.685475586 -0.264535638
-0.673457304 0.685093389 -0.277673022
-0.269339725 0.962044618 0.043889249
-0.277646546 0.959340011 0.050785233
-0.237406529 0.971219393 0.019262166
-0.214991694 0.976589555 -0.007170307
0.730405649 0.592835295 0.339195962
0.672654341 0.657881737 0.338714863
-0.236057120 0.966122230 -0.104330596
-0.241550105 0.962682360 -0.122050072
-0.251271381 0.958419342 -0.135259226
-0.258052202 -0.933631872 0.248476534
-0.345744131 -0.906115709 0.243752575
-0.347481255 -0.899312126 0.265507961
-0.546565022 0.814859761 0.193055037
-0.398120076 0.901613163 0.169097928
-0.390469289 0.904831648 0.169745172
-0.376527631 0.913025319 0.156881194
-0.883963723 0.422890722 -0.199428115
-0.566548056 -0.789555786 0.235849447
-0.972433949 -0.221416669 0.073122322
-0.370206654 0.906845771 -0.201439273
-0.337972507 0.921329575 -0.192162427
-0.714534120 0.668415573 0.206546879
-0.732423744 0.649680015 0.203645128
-0.781077637 0.591844296 0.199093077
-0.476652673 0.837721331 -0.266505537
-0.562311346 0.784236201 -0.262258518
0.661244773 0.744601097 0.091239007
0.631448803 0.774262460 0.042309006
-0.740238293 0.655136958 0.151138462
-0.778499490 0.608545789 0.153657304
-0.572907492 -0.777738807 0.258649092
-0.671905392 -0.700431145 0.240705954
-0.757629598 -0.404502113 0.512225959
-0.708422622 -0.400437135 0.581194881
-0.794518979 -0.406349501 0.451242368
-0.810355992 -0.418615465 0.409980802
-0.823196682 -0.409503990 0.393260353
0.681924391 0.658386877 0.318599820
-0.861893122 -0.422431606 0.280520560
-0.858650759 -0.406350196 0.312407413
-0.860024482 -0.437444446 0.262678979
-0.869308793 -0.412828671 0.271799026
-0.624414202 0.747889264 -0.225318781
-0.730102973 0.650583427 -0.209023571
-0.493598647 0.836640719 -0.237471435
-0.517978419 0.822447365 -0.235114204
-0.973954866 0.226593187 0.008212614
-0.786194848 -0.566083221 0.247885958
-0.762891111 -0.594772552 0.253461564
-0.414932122 -0.279179762 0.865961890
-0.392991131 -0.266954726 0.879939285
-0.385553768 -0.264147150 0.884067065
0.428007736 0.300347741 -0.852408712
0.403797501 0.842364032 -0.356889921
0.422773816 0.841630194 -0.336037076
0.822862075 0.542849679 -0.167964972
0.778009846 0.539575624 -0.321805572
0.804836878 0.568162197 -0.171549753
0.795840100 0.231837786 -0.559365511
0.738919448 0.239144658 -0.629926886
0.735199623 0.246984994 -0.631252665
0.681122996 0.303151938 -0.666461076
0.977485177 0.205252005 -0.048932017
0.967203599 0.246354459 -0.061860152
0.799206991 0.274876141 -0.534519684
0.809215796 0.276188461 -0.518545784
0.818252783 0.253978470 -0.515710500
-0.508671539 -0.167227070 0.844564013
-0.492728446 -0.170813711 0.853253394
-0.464109509 -0.174447464 0.868429874
0.986967182 -0.151260747 -0.054917828
0.825741681 0.278541688 -0.490474469
0.806777906 0.299476121 -0.509336297
0.895190749 0.396565324 -0.203394854
0.529641689 0.764113635 0.368252676
0.581680776 0.719776710 0.378904953
-0.687267242 -0.670773389 0.278795262
-0.450992024 -0.240317087 0.859566107
-0.482864584 -0.262544324 0.835411439
-0.838692807 -0.406267672 0.362685751
-0.819592944 -0.397597974 0.412532735
-0.828182115 -0.406788260 0.385535596
-0.783096807 -0.410086586 0.467534365
-0.804758834 -0.399628269 0.438931049
-0.810630787 -0.408622752 0.419410508
-0.448568239 -0.297412182 0.842812274
-0.458129532 -0.303044578 0.835632285
-0.401316879 -0.274657427 0.873789483
-0.383393082 -0.264134888 0.885009890
-0.377024167 -0.262291086 0.888288334
-0.156725738 0.956694946 -0.245299456
0.030040015 0.970719839 -0.238328746
0.021224277 0.929663074 0.367798993
0.097275295 0.911348989 0.399975672
-0.767615680 -0.433092667 0.472437202
0.303019146 0.940370585 0.154539831
-0.155664000 0.980645266 -0.118758502
-0.169070797 0.979074681 -0.113260029
-0.167226384 0.979598451 -0.111454973
-0.275024372 0.914612235 -0.296388350
-0.613907299 0.786098035 -0.071886773
0.051590461 0.955186734 -0.291473373
0.197599805 0.959917344 -0.198778795
-0.630549638 -0.415271554 0.655710828
-0.658088879 -0.442600521 0.609117235
-0.629523633 -0.429044038 0.647781761
-0.688160804 -0.473463042 0.549788556
-0.695654574 -0.458186901 0.553289687
-0.702581391 -0.472811750 0.531816169
0.544150098 0.838987842 0.000269119
-0.501625399 0.780749692 -0.372561240
0.105813538 0.109484006 -0.988340401
-0.056860691 0.998372323 0.004423387
-0.048562902 0.998584960 0.021673067
-0.086229109 0.994735516 -0.055369614
-0.121372592 0.987800534 -0.097564330
0.691919542 0.686461281 0.223647616
0.663317713 0.697902086 0.270078303
0.671938928 0.691455471 0.265306253
0.605408630 0.704380842 0.370577954
0.425492564 0.900163054 -0.093072847
0.412297326 0.909089581 -0.059724767
0.202423420 0.950473342 0.235849919
-0.814407802 0.556881739 0.163164520
0.078270580 0.996925492 -0.003644094
0.018418104 0.999416184 -0.028776103
0.381394427 0.767085478 0.515866417
0.350988754 0.779907940 0.518218584
0.412069530 0.755338972 0.509570152
0.003069104 0.998933487 0.046070258
-0.009537627 0.999774969 0.018948507
-0.289451247 0.923631585 -0.251242254
-0.271323578 0.934827758 -0.229086401
0.139491729 0.947516416 -0.287671164
0.046962834 0.950138981 -0.308270027
-0.213131708 0.970170421 -0.115517222
-0.196905380 0.973771877 -0.114002644
-0.232845102 0.961659399 -0.144894299
-0.255677656 0.954321937 -0.154591644
0.748187058 0.639153585 0.178041627
0.793949499 0.591141186 0.142113654
0.854668217 0.505390059 0.118840762
0.865550290 0.497937694 0.053672607
0.891768437 0.448788884 0.057771897
-0.046081227 0.979537119 -0.195917212
-0.129756865 0.972488846 -0.193464728
-0.871547449 -0.438627892 0.219113249
-0.739907888 0.337519456 0.581908012
-0.388099787 -0.430446842 0.814919672
0.016508435 0.984588786 0.174104552
-0.010201601 0.992137032 0.124739879
-0.261052258 -0.938103141 0.227627363
-0.820646832 -0.504064485 0.269179813
-0.421741904 0.832556249 0.359143228
0.032556250 0.988507178 -0.147626724
-0.354927731 0.920799398 0.161724376
0.581341250 0.711957423 0.393902246
0.589254347 0.708146285 0.388983488
0.475893786 0.734448417 0.483849798
0.515780469 0.724383444 0.457426642
0.348867095 0.906369668 0.238297660
0.377418382 0.889730588 0.256777814
0.259447072 0.945650844 0.196040041
-0.294321816 0.932492232 0.209363094
-0.158105097 0.959514667 0.233097365
-0.154539457 0.964607611 0.213657933
0.329469658 0.829579406 0.450830072
0.279038025 0.859054358 0.429142622
0.287595240 0.848279394 0.444647105
-0.325738027 0.922874246 -0.205421187
-0.400897128 0.868680598 -0.290990569
-0.746533761 0.660209780 0.082525090
-0.149371339 0.982179962 -0.114064570
0.470318110 0.806179960 0.358991292
0.489681062 0.800043041 0.346617355
0.799606206 0.552751567 0.234724563
0.842516448 0.483011798 0.238465172
-0.272350279 0.947925629 -0.165113074
-0.278536235 0.946988320 -0.160095871
-0.294151604 0.940111151 -0.172237796
0.235677554 0.971329823 -0.031216432
0.230593978 0.972477439 -0.033377353
0.274612368 0.959657745 0.060374323
0.160079268 0.986631295 0.030550204
0.263185921 0.960561669 0.089746598
-0.712095469 -0.549959008 0.436423111
-0.707936335 -0.583729107 0.397600900
-0.699415230 -0.579939085 0.417718797
-0.637844302 0.711728435 -0.294274161
-0.414236321 -0.872150270 0.260311691
-0.242754916 0.942747925 -0.228684065
-0.247667511 0.932059475 -0.264435131
-0.220742603 0.950386786 -0.219174955
-0.354107982 0.894125670 -0.274129210
-0.329718816 0.939463840 0.093237309
-0.317517564 0.943096568 0.098749484
-0.306593436 0.947170046 0.094177325
-0.130571124 0.990181526 -0.049917203
-0.112262304 0.993244465 -0.029370168
-0.532819766 0.814798448 -0.228487605
-0.664990787 0.715320945 -0.214716554
-0.505264205 -0.828565324 0.241221036
-0.326697195 -0.905276598 0.271557035
-0.347414752 -0.897068953 0.273075600
-0.281081294 -0.920289947 0.272139153
0.432819711 0.854609267 -0.286897367
0.397638363 0.867873075 -0.297791970
0.364901069 0.887876994 -0.280217153
0.731877584 0.600270322 0.322537972
0.616712347 0.720707027 0.316618481
0.426930809 0.747899977 0.508306707
-0.511717601 0.804756031 -0.300853499
0.439604171 0.868879531 0.227588519
0.427181769 0.869779747 0.246979612
0.436849960 0.864815893 0.247498656
-0.172235853 0.984357603 0.037079930
-0.195071460 0.977729700 0.077406458
-0.484000417 0.832530181 0.269512697
-0.552051472 0.785200765 0.280533299
0.698298739 0.677191303 0.231928459
0.671471728 0.683674625 0.285857876
-0.107231945 0.994233353 -0.001162216
0.385792916 0.833332521 0.395879697
0.414798117 0.823473527 0.387083805
-0.535581082 0.788356501 -0.302732445
-0.507661516 0.805015976 -0.306967529
-0.447734027 0.840239864 -0.305828731
-0.905518734 -0.396903597 0.150011191
-0.140809520 0.966374161 -0.215159613
-0.018302894 0.973390679 -0.228419768
-0.140099128 0.963873781 -0.226538227
-0.243768640 0.963787102 0.108126191
-0.274421686 0.953644074 0.123514045
-0.222380971 0.968245105 -0.114228370
-0.207388119 0.972533860 -0.105679041
-0.832339324 -0.506181105 0.225813948
-0.834383484 -0.509068343 0.211314040
-0.685755721 -0.646514762 0.334301890
-0.686363179 -0.645628115 0.334768463
-0.679694238 -0.643001652 0.352937131
-0.841356824 -0.417707834 0.342985220
0.843868361 0.258949290 -0.469927075
0.848454296 0.239610736 -0.471923725
0.842915321 0.247974164 -0.477496152
-0.688378383 -0.641264264 0.338991659
-0.682582869 -0.644473834 0.344578154
-0.409542208 0.822081509 0.395546676
-0.364706829 0.844448090 0.392296256
-0.276181980 0.879681399 0.387148744
-0.835902875 0.520638083 -0.173788289
-0.831567660 0.526744327 -0.176169353
-0.876317154 0.454180460 -0.160587533
0.599366201 0.798810511 0.051593845
0.613050229 0.789045863 0.039699405
0.609004592 0.793156589 -0.004003900
-0.447772506 -0.295127819 0.844037531
-0.631967541 0.735581864 -0.244000713
-0.692003377 0.685593505 -0.226037325
0.530453874 0.826502279 0.188448056
0.508615224 0.829889434 0.229333996
-0.206730659 0.956434432 -0.206144639
-0.217777062 0.949342732 -0.226542556
-0.630752982 -0.744372275 0.219227263
-0.559818222 -0.797484931 0.224991874
0.872937213 0.482956164 -0.068803821
0.873878218 0.484070620 -0.044860848
-0.396047483 0.913762562 0.090467513
-0.356606024 0.930924848 0.078810344
-0.384950704 0.916474707 0.109027821
-0.589301154 -0.358861240 0.723838905
-0.567691841 -0.353099301 0.743671203
-0.600796837 -0.365244501 0.711083409
-0.793006984 0.576814073 0.196024103
-0.816894871 0.545534814 0.187281970
-0.842099759 0.508336307 0.180172681
-0.966509356 0.232505902 -0.108630888
-0.955824543 0.267435483 -0.121974202
-0.964655157 0.238962020 -0.111074666
-0.662608278 -0.601295926 0.446534969
-0.659726045 -0.570018038 0.489735625
-0.687291622 -0.627516080 0.365860351
-0.684563122 -0.624541485 0.375927207
-0.691170463 -0.609592071 0.388176376
0.487873395 0.738777653 0.464959278
0.480997361 0.740947960 0.468655159
-0.893438483 -0.424343863 0.147309073
-0.987525280 -0.152142940 -0.040575206
-0.807195623 0.555253454 -0.200321810
-0.358696415 -0.242061293 0.901522719
-0.348549264 -0.235417161 0.907244273
-0.346468548 -0.231348821 0.909085952
-0.348067924 -0.237955174 0.906766814
-0.366826873 -0.214637309 0.905189964
-0.336942318 -0.210456283 0.917702581
-0.373513249 -0.229846064 0.898698303
-0.389780980 -0.261810905 0.882907604
-0.921598548 -0.174091995 0.346912228
-0.925354431 -0.175642706 0.335959547
0.848921647 0.435310525 -0.299727851
0.807561392 0.460709823 -0.368226909
0.846285452 0.458005777 -0.272087563
0.429300075 0.837321675 0.338517147
0.511638959 0.777196392 0.366321368
0.478723109 0.804481934 0.351614849
-0.440151145 -0.291694711 0.849223861
-0.432939967 -0.289039217 0.853826280
0.461001759 0.879645180 0.117054412
0.462047554 0.875616046 0.140743022
0.474774078 0.866999258 0.151333608
0.929321406 0.356564826 -0.096037752
0.977896349 0.194799237 -0.075973596
-0.371952979 -0.245169215 0.895289360
-0.670696799 0.725318800 -0.155172298
0.548825719 0.835308028 -0.032416478
0.837753341 0.241919093 -0.489534976
0.833118419 0.261244164 -0.487509166
-0.648806193 -0.506920216 0.567523056
-0.640959398 -0.504282195 0.578679979
-0.640721365 -0.480917312 0.598493668
0.634492835 0.529772541 -0.562814266
0.629806104 0.497964245 -0.596134115
0.630273356 0.472637079 -0.615929939
0.627147525 0.482929136 -0.611118181
0.637070566 0.491568520 -0.593718354
0.341702630 0.900487701 0.269000395
0.339083713 0.902015232 0.267190488
0.288421821 0.924359489 0.249744646
0.383727924 0.880551380 0.278176467
0.360075669 0.891443387 0.275089440
0.687336678 0.263476825 -0.676866496
0.749061783 0.257746124 -0.610305973
0.751764452 0.636613710 0.171968581
0.730793232 0.654380923 0.194234031
0.722327485 0.662958811 0.196795882
0.722934383 0.661561528 0.199254164
0.435578283 0.899000992 -0.045483790
0.423071563 0.904324190 -0.056641091
-0.419535866 -0.180485151 0.889614954
-0.418997462 -0.185209510 0.888897387
-0.126408917 0.988627019 -0.081470260
0.241266481 0.966614776 0.086292288
-0.830371959 -0.441792079 0.339561730
-0.480483697 -0.313059708 0.819224656
-0.451344470 -0.299840119 0.840466580
-0.476488700 -0.311765802 0.822046594
-0.112812812 0.993603728 0.004990039
-0.070859915 0.997322532 -0.018073165
-0.047354976 0.998873472 0.003048436
0.542028265 0.732502911 0.411879650
0.562541414 0.721593213 0.403547262
0.584893361 0.714114107 0.384630729
0.502231216 0.763386776 0.406207380
0.458177099 0.792262868 0.402980513
-0.903114156 0.401918081 -0.151151172
-0.910955384 0.385999020 -0.145482111
-0.930703819 0.338742642 -0.137999360
-0.670446453 -0.444023134 0.594428306
-0.673986528 -0.431557964 0.599583092
-0.684625105 -0.446273040 0.576306203
0.485039919 0.854294538 0.186861230
0.484564081 0.859367385 0.163356508
0.473504516 0.838631032 0.269242391
0.446245164 0.859189725 0.250316342
-0.215679833 0.973846157 -0.071455393
-0.377340906 0.861593642 0.339514708
-0.501901471 0.803376644 0.320438577
-0.111932545 0.951874979 0.285315842
-0.097689936 0.949083199 0.299495839
0.361621263 0.895513945 0.259393210
0.421945607 0.866786956 0.265786152
0.363996428 0.894245967 0.260443376
0.178222160 0.958389302 0.222995083
0.289069333 0.917483852 0.273244034
0.906415066 0.419534497 0.049015656
0.917189880 0.396326432 0.041086285
0.893485541 0.434105452 0.115048012
0.133638668 0.987951478 -0.078055005
0.076565736 0.993894281 -0.079447128
-0.004020532 0.997731299 -0.067201865
-0.231248202 0.964856544 -0.124804318
-0.216220020 0.969054815 -0.119086814
0.218165500 0.896400702 0.385836231
0.197045136 0.884137519 0.423643792
0.315062643 0.798552690 0.512883156
-0.219598727 0.944985920 -0.242441769
-0.282646237 0.926619901 -0.247965046
-0.681629320 0.684645689 0.258150633
-0.653072360 0.705125806 0.276213848
-0.609667335 0.743755527 0.274104828
0.688207249 0.350229676 -0.635381741
0.722867020 0.367276726 -0.585295718
0.728606823 0.319180035 -0.606016668
0.801192461 0.499395325 -0.329689171
0.789225785 0.483199803 -0.378999486
0.784703384 0.498951412 -0.367815289
-0.641900494 -0.688711794 0.337105057
0.028316975 0.980819077 0.192852499
0.112651694 0.965136422 0.236265279
0.068079057 0.989890574 0.124426256
-0.021871252 0.995746590 0.089500706
-0.520562026 -0.329322753 0.787757387
-0.530147530 -0.333795651 0.779438297
-0.489726166 -0.316134523 0.812543689
-0.240496261 0.949633187 -0.200893898
-0.275705121 0.944606086 -0.178061869
0.710140649 0.587693235 -0.387707261
0.715003122 0.568321543 -0.407162325
0.686231268 0.527506258 -0.500823118
-0.538766992 0.806996680 -0.241839796
-0.232128218 0.914302140 -0.331915782
0.515048857 0.721958459 0.462061315
-0.097039923 0.993697631 -0.056109458
-0.101456934 0.993385826 -0.053768875
0.694599743 0.696637915 0.179518278
0.674086913 0.714311390 0.188058694
0.714988593 0.669685082 0.200781481
0.629483366 0.765239687 0.134755013
0.666221136 0.727801324 0.162648796
0.643920370 0.753780693 0.131077169
-0.182870775 0.982901097 -0.021534004
-0.715356938 -0.389822997 0.579915927
-0.738769040 -0.394459882 0.546462905
0.335563933 0.842725740 0.420963388
0.309356912 0.868514364 0.387273934
0.325256117 0.848459551 0.417522274
-0.211798211 0.976279789 -0.044936536
-0.202360771 0.978251290 -0.045547032
-0.227837701 0.973675851 -0.006732000
0.610530209 0.419787933 -0.671588382
0.609359628 0.426963175 -0.668119219
0.611378986 0.427026060 -0.666231551
0.644130032 0.435270685 -0.628995972
-0.150892249 0.976599162 -0.153250143
-0.036691731 0.988176564 -0.148865025
-0.051763788 0.984499786 -0.167572916
-0.121951257 0.990425510 -0.064693119
-0.137656130 0.986952057 -0.083525012
-0.264091667 0.951531411 -0.157618415
-0.284481184 0.942863911 -0.173430390
-0.299249875 0.937923506 -0.175353956
-0.718870591 0.642999151 -0.264153676
0.667516611 0.728548849 -0.153747026
0.691318312 0.699107723 -0.182557887
0.673635158 0.697819706 -0.243440615
0.603831949 0.777179667 -0.177140463
0.571470925 0.796511536 -0.197459756
-0.576379186 -0.782655465 0.235026503
-0.492833783 -0.835994569 0.241304669
-0.319618092 0.929609546 -0.183494872
0.596214676 0.721512783 -0.352061591
-0.580268208 0.756402887 0.301899784
0.577651753 0.743270517 -0.337442425
-0.421278179 0.893070590 0.157954480
-0.761818878 -0.611293348 0.214365202
0.311771694 0.913908767 0.259940716
0.559349106 0.757850078 0.335844961
0.543021191 0.815093463 -0.201867861
0.507642137 0.831849793 -0.224333197
-0.472840668 -0.818998920 0.325057644
-0.436397584 -0.841005961 0.319790746
-0.476597394 -0.817722650 0.322776379
-0.044284605 0.989180718 -0.139858435
-0.209409550 0.973169239 -0.095337678
-0.395685495 0.736074332 -0.549206306
-0.452120424 0.854612093 -0.255392430
0.773237617 0.142281271 -0.617947917
-0.686705531 -0.628422436 0.365404920
-0.686672628 -0.620330515 0.379039252
-0.429193178 -0.285115171 0.857031245
-0.449065407 -0.293177416 0.844030368
0.689633574 0.680424294 0.247847359
-0.382154882 0.876817374 -0.291802910
-0.331135497 0.900205677 -0.282805627
-0.660157167 -0.416140335 0.625315709
-0.645108058 -0.413337475 0.642641211
-0.910894180 0.412549094 0.008662438
-0.919958555 0.391706006 0.015577580
-0.829432096 0.556249091 0.051277163
-0.692184987 0.690791943 -0.209013005
-0.581594335 0.781109464 -0.227191627
-0.502161634 0.829171018 -0.245579145
-0.297813725 0.920049730 -0.254588846
-0.609936393 -0.152479618 0.777642310
-0.134672318 0.990888690 -0.001723752
-0.117936494 0.993020914 -0.000669828
-0.111171476 0.993799490 0.001864787
-0.192741059 0.980595668 -0.035819258
0.134882084 0.879194256 0.456972957
0.124817081 0.878198079 0.461723760
0.224756568 0.838211412 0.496876357
-0.332607836 0.865111127 0.375439430
-0.245789628 0.968699709 0.034761089
0.584535385 0.746468979 0.317966110
0.543539710 0.771853045 0.329859759
0.564909135 0.749474107 0.345204623
0.887691511 0.389309789 0.245848875
0.792354377 0.542143285 0.279741311
-0.227879762 0.954609306 -0.191812114
-0.788277682 0.574151027 -0.221289164
-0.840902536 0.506870480 -0.189645041
-0.241973795 0.961892070 -0.127327643
-0.269015278 0.951735191 -0.147752855
-0.621214009 -0.751563094 0.221914558
-0.402861876 0.882133891 -0.244012513
-0.466336284 0.849841054 -0.245561914
0.171926416 0.886080621 0.430467701
0.184758419 0.898998000 0.397072943
0.831776443 0.549557432 0.078323547
0.801274142 0.588818906 0.106075661
0.616303908 0.786289679 0.043795362
-0.794811833 -0.436813973 0.421269158
-0.696363968 0.648709624 0.307006592
0.744375825 0.627029823 0.229648060
-0.281051506 0.942393906 -0.181393981
-0.740631452 -0.598386142 0.305612626
-0.726642693 -0.605165219 0.325216013
-0.019483374 0.986427068 -0.163039990
-0.012786771 0.987868829 -0.154763290
0.038169194 0.984317837 -0.172225169
0.457771403 0.736415894 0.498133491
0.319682225 0.947233362 0.023499624
-0.968935100 0.230592108 -0.089398274
-0.901875656 0.411462309 -0.131601932
-0.905286334 0.391293668 -0.165366013
-0.888979229 0.418673270 -0.185549515
0.680921447 0.620738400 0.388625554
0.627451140 0.677886546 0.383112122
0.203412175 0.899092089 0.387629853
-0.110146344 0.951921272 0.285856040
-0.084388085 0.950751804 0.298244293
-0.358324500 0.895881046 -0.262679850
-0.406045223 0.874485091 -0.265335830
-0.238335294 0.947863589 -0.211544097
-0.240042933 0.942894703 -0.230930661
0.801798525 0.412765264 -0.432138823
0.795291087 0.411240117 -0.445414024
0.802055146 0.435708343 -0.408492084
-0.278247913 0.930884310 -0.236711852
-0.305170790 0.916425394 -0.258911736
-0.400989931 0.885529400 -0.234616191
-0.370902128 0.898449964 -0.234987816
-0.425690828 0.872492698 -0.239882912
-0.212852947 0.972695849 -0.092500857
-0.195260425 0.977534130 -0.079375005
-0.953704194 -0.283329261 0.100860502
-0.387311061 -0.264004476 0.883341259
-0.371003868 -0.252238626 0.893717968
-0.310137838 0.080581637 -0.947270353
0.475609833 0.328919812 -0.815847439
0.846012268 0.495521548 -0.196778143
0.856948823 0.513619918 -0.042817002
0.871054357 0.418734455 -0.256760128
0.834454326 0.422621397 -0.353662455
-0.346278870 -0.241975709 0.906387721
-0.347236838 -0.239238580 0.906747749
-0.359787210 -0.248844391 0.899238363
-0.375883279 -0.259288535 0.889652301
0.650991610 0.409695449 -0.639030173
0.672063036 0.408063240 -0.617912346
-0.872611126 -0.443704766 0.204146770
-0.436654948 -0.295751715 0.849625435
-0.873719033 -0.485974947 0.021057127
0.750521138 0.216889272 -0.624241191
-0.431721001 -0.288956355 0.854471300
-0.456618329 -0.301256870 0.837104533
-0.530583852 -0.359535118 0.767603592
-0.500747184 -0.341285147 0.795472631
-0.012948140 0.999243390 -0.036674139
0.451944866 0.849921920 -0.270884787
0.334832094 0.900747146 -0.276662336
-0.651903857 -0.567852939 0.502557858
-0.656514456 -0.532210266 0.534547474
-0.120174579 0.991756150 -0.044472568
-0.063902365 0.997287303 -0.036531137
-0.077059712 0.995132708 -0.061422259
0.618350966 0.470842980 -0.629244762
0.626105657 0.492836648 -0.604238153
0.618063473 0.472192971 -0.628515188
0.650779212 0.557634082 -0.515296660
0.642398797 0.509578411 -0.572410368
0.643026006 0.550519407 -0.532396410
0.641931674 0.577042592 -0.504921354
-0.389611078 0.896100737 -0.212618616
-0.421272542 0.880060725 -0.219140517
-0.380030419 0.896977094 -0.225851661
-0.436185088 -0.177163085 0.882244756
0.089359971 0.978935434 0.183576172
0.259042574 0.903196398 0.342247295
0.159968795 0.952423116 0.259422808
0.201834376 0.931149215 0.303684086
-0.135976274 0.984970472 -0.106506441
-0.145260746 0.983028238 -0.112048195
0.580365357 0.707573576 0.403132344
0.559920988 0.715646344 0.417538976
0.543960548 0.722831671 0.426170503
0.408034031 0.789781045 0.457989226
0.452339458 0.762309566 0.462896469
-0.331773342 0.921092403 0.203752876
-0.165951308 0.970196164 0.176577365
-0.084149949 0.981951113 0.169383579
-0.159533002 0.972421149 0.170136214
0.623573847 0.702180794 0.343653590
0.599151930 0.703016125 0.383125688
0.619664492 0.697034754 0.360774817
0.583736065 0.707776739 0.397874722
0.530392479 0.847729210 0.006245350
0.506792338 0.860852556 0.045764645
0.542831934 0.837642292 0.060736159
0.777324226 0.308869686 -0.548057082
0.784362042 0.285658270 -0.550613784
-0.011422315 0.928996025 0.369913389
0.081386236 0.909424418 0.407827793
-0.002083281 0.913966952 0.405783281
0.210754235 0.975646842 -0.060793855
0.178309653 0.979574769 -0.092945890
0.006503830 0.968240274 -0.249936937
-0.315482114 -0.911307880 0.264554311
-0.548096387 -0.342553639 0.763051345
-0.560212533 -0.349318020 0.751091764
0.319423172 0.805354213 0.499373035
0.344275746 0.819502812 0.458136827
0.336022817 0.831117102 0.443094831
-0.360678921 -0.189120997 0.913314822
-0.356936891 -0.195694141 0.913400164
-0.387262820 -0.189523156 0.902279603
-0.352823644 0.909769519 -0.218711907
-0.376679980 0.918219145 0.122416482
-0.357258740 0.928060744 0.105211448
-0.143418251 0.988986524 -0.036563104
-0.177726625 0.981643683 -0.069202076
-0.538201247 -0.346610565 0.768245100
-0.585452436 -0.382728745 0.714677656
-0.616817726 -0.398129544 0.678990985
-0.600852373 -0.381339710 0.702535729
-0.239377992 0.962803353 -0.125331082
-0.220348231 0.970264012 -0.100171873
-0.242505562 0.963261034 -0.115408979
0.567290178 0.791758273 -0.226496558
0.489076471 0.837283462 -0.244459832
0.234826864 -0.954885069 0.181798922
0.192182357 -0.963081144 0.188522282
-0.256878474 0.957316993 -0.132505186
-0.241889519 0.961494173 -0.130454650
-0.022825553 0.983838836 0.177595436
0.493453320 0.866199331 -0.078756206
0.387219582 0.921916186 -0.011469175
0.437338688 0.899077024 -0.019884084
0.846745204 0.526890901 0.073542760
0.802501489 0.592768933 0.067943735
-0.362463394 -0.443869547 0.819512119
-0.489448968 0.268454903 0.829681669
-0.624182281 -0.454846059 0.635225585
-0.508108242 -0.820617297 0.261559300
-0.599919502 -0.749329678 0.280359813
-0.665311204 -0.701667228 0.254998242
-0.901112161 0.405765415 -0.152811323
-0.931874449 0.335890153 -0.137068658
-0.907685921 0.392663669 -0.148059151
-0.877065084 0.450597549 -0.166489298
-0.845585291 0.503928435 -0.176186400
0.415851481 0.751165532 0.512657673
0.842560885 0.388503388 -0.373036557
0.837263253 0.369712951 -0.402867944
0.947295939 0.234459425 0.218309829
0.949371081 0.234184505 0.209409094
-0.963112807 0.248186901 -0.104004727
0.664678568 0.686179262 -0.295567963
-0.221698695 0.974899770 0.020496978
-0.251584398 0.966465945 0.051467153
0.148381048 0.872033574 0.466412383
-0.338118769 -0.194844225 0.920712455
-0.334467628 -0.202737245 0.920341793
-0.517739153 0.825355244 0.225244068
-0.468344909 0.860344826 0.201146282
-0.456985030 0.834053560 -0.309062035
-0.436019969 0.846916850 -0.304332773
-0.554640061 0.822193414 0.127954652
-0.738069305 0.610195204 0.287950541
-0.739436764 0.609502307 0.285902449
-0.215368556 0.974429657 -0.064056455
-0.218255082 0.973135935 -0.073288268
-0.223351628 0.971296388 -0.081837498
-0.210554422 0.975556689 -0.062896593
-0.212140105 0.975836413 -0.052343770
-0.704854494 0.670888162 0.230410975
-0.743609528 0.627527269 0.230769140
-0.585806407 0.783564465 0.207020729
-0.293257496 0.953132392 0.074422339
-0.244931034 0.968547584 0.043867595
-0.259023844 0.962835669 0.076512242
-0.758586935 -0.405570788 0.509959016
-0.559407260 0.757816637 0.335823558
-0.659629944 0.706337778 -0.256856538
-0.645034436 0.721592172 -0.251466328
0.617467369 0.678509239 -0.397943792
-0.177257625 0.977382217 -0.115341820
0.586301617 0.386839155 -0.711762518
0.543880605 0.364590083 -0.755822704
0.577257459 0.712014144 0.399762035
-0.344812573 0.915747340 -0.206182198
0.434551817 0.866257316 0.246501483
0.313956302 0.913465151 0.258868421
0.198259680 0.876795913 0.438089063
-0.030771090 0.919665904 0.391494273
0.062040449 0.900860075 0.429653474
-0.685764517 0.670200461 -0.283828062
-0.767416976 0.578506280 -0.276408519
-0.722245270 0.634791920 -0.274592404
-0.796536985 0.548016381 -0.255356372
0.138841323 0.965798429 0.218989684
0.211757338 0.947630821 0.239070401
0.255483588 0.959380446 0.119654902
-0.521325540 -0.788557200 0.326185873
-0.482319806 -0.813872085 0.324005915
0.406997344 0.891640405 0.198319312
0.472967171 0.844157046 0.252390446
0.594027200 0.711630519 0.375118235
0.521885371 0.769794886 0.367493527
0.519345108 0.799029198 0.303039601
0.499144731 0.801241399 0.329949628
0.749381599 0.624550164 0.219918877
0.787006841 0.581048333 0.207371809
-0.514872366 0.825726270 -0.230396556
-0.661280560 -0.627821757 0.410545811
-0.668688285 -0.623938640 0.404421254
-0.657102622 -0.652352279 0.377693855
0.353182045 0.837425605 0.417110057
0.368330133 0.815493756 0.446433474
-0.868888321 0.470851589 0.152747724
-0.920547009 0.380238652 0.089508506
-0.722381211 0.664492801 -0.191349688
-0.539819879 0.808501042 -0.234351367
-0.029635711 0.986108338 -0.163438279
0.069505162 0.971856271 -0.225087586
0.082948054 0.975741785 -0.202602049
-0.903228832 0.389620765 -0.179925921
-0.215888575 0.961097997 0.172286862
0.647142597 0.754074120 -0.112154716
-0.603337196 -0.733937353 0.311961842
-0.653479062 -0.699203200 0.289965516
-0.583990052 -0.752406262 0.304697287
-0.388801883 0.870164888 -0.302731174
0.900849532 0.428526777 -0.069533600
-0.257809120 0.955347281 -0.144381543
-0.191366302 0.899905711 0.391852842
-0.352528228 0.851869825 0.387352100
-0.428762869 0.819300129 0.380670068
-0.286447029 0.955513714 0.070296807
-0.268890688 0.956220200 0.115502066
-0.166713709 0.981155077 0.097679346
0.636872701 0.695510723 0.332652967
0.654532662 0.694029986 0.299848916
0.118611325 0.927660497 0.354086650
0.166257319 0.909258504 0.381585477
0.139400561 0.890853232 0.432374840
-0.056621352 0.801498994 -0.595309487
-0.120594214 0.766568616 -0.630737340
0.616708649 0.329558477 -0.714885762
0.645787362 0.499489580 -0.577467612
-0.415483711 -0.279588193 0.865565554
-0.396796093 -0.269166867 0.877554590
-0.403627521 -0.271529295 0.873702848
-0.690735110 0.715845906 -0.102223513
-0.348806427 0.698654810 0.624672341
-0.797397465 -0.585115675 -0.147637832
0.169844996 -0.152588158 0.973585914
-0.456645662 -0.176380899 0.871988829
-0.411887985 -0.182343757 0.892804034
0.625791586 0.458174062 -0.631238006
0.615207096 0.449041152 -0.647983235
0.623019099 0.479043042 -0.618356665
0.614842335 0.456725944 -0.642938811
0.391356292 0.859739163 0.328159754
0.426688754 0.836888370 0.342862310
0.420347833 0.848463823 0.321584889
0.343916725 0.896218422 0.280203187
0.830780825 0.284555787 -0.478363068
0.826087568 0.316134155 -0.466517445
0.779618248 0.329415598 -0.532616889
0.791950919 0.317445268 -0.521576691
-0.326329230 -0.212200472 0.921129846
-0.329702994 -0.213196346 0.919697371
0.644796330 0.406924973 -0.647031498
0.606257774 0.382462107 -0.697261966
-0.364921074 0.897675286 -0.247005446
-0.312107098 0.915139643 -0.255163854
0.330857750 0.894542639 0.300543867
-0.399344510 -0.861049741 0.314829011
-0.221076421 0.959415372 -0.175063873
0.395814485 0.917884966 0.028602146
0.445748646 0.891419145 0.081731585
0.833477297 0.243773082 -0.495873250
0.843146228 0.230466695 -0.485787547
0.838249313 0.228545756 -0.495080728
0.832666710 0.228938784 -0.504235246
0.785758033 0.257074796 -0.562580539
0.793822819 0.263592201 -0.548055183
-0.363253883 -0.194887655 0.911079260
-0.334818755 -0.215996435 0.917192423
-0.479126610 -0.311753910 0.820516418
-0.507598481 -0.324539086 0.798134176
-0.267107406 0.952307701 -0.147525170
-0.554940374 -0.158608713 0.816629939
-0.592307457 -0.157422395 0.790183565
0.390818294 0.795944611 0.462312922
-0.632700194 0.712116406 -0.304270749
-0.549273495 0.769955802 -0.324756357
-0.432676662 -0.289391723 0.853840346
-0.046807379 0.998412465 -0.031330808
-0.054490845 0.997358875 -0.048021059
-0.640835569 -0.466393618 0.609759597
-0.644619763 -0.452456686 0.616237218
-0.690081094 -0.514388857 0.509109210
-0.678451627 -0.514574745 0.524324539
-0.683140049 -0.488030243 0.543273555
-0.168026204 0.981647032 -0.090201439
-0.194998121 0.975452146 -0.102317370
-0.208864032 0.974014308 -0.087589633
-0.212090152 0.970713065 -0.112844639
-0.609389847 -0.429283894 0.666602845
-0.586337805 -0.413018569 0.696867017
-0.579039357 -0.400346596 0.710236599
0.587415030 0.768740973 -0.252944458
0.640134178 0.639899006 -0.425155851
0.632032900 0.699117700 -0.334318493
0.497473433 0.831356892 0.247721419
0.483576744 0.847916031 0.217237051
0.688115399 0.316783222 -0.652798275
0.709313190 0.288214178 -0.643278622
-0.806409629 -0.498322650 0.318399193
-0.841796047 -0.447139581 0.302399751
-0.216280715 0.975756227 0.033502806
-0.192236485 0.980947436 0.028058169
-0.696246350 -0.576586954 0.427537723
0.741869753 0.489709242 -0.458054722
0.721163221 0.480702520 -0.498847367
0.738355278 0.532602194 -0.413722597
0.757182742 0.508128694 -0.410462575
-0.733819349 0.667338047 0.127157755
0.628332061 0.719894891 0.294873136
0.607683396 0.743215152 0.279914501
-0.681939839 -0.664167182 0.306333170
-0.674930887 -0.663416483 0.323027656
-0.866074468 -0.498356389 -0.039445225
-0.035649049 0.997934251 0.053445083
-0.053665036 0.922492034 0.382267591
-0.754290536 0.621719132 -0.210976557
-0.307160628 0.923011637 0.231736630
-0.318281421 0.735767115 -0.597782310
0.938823709 0.211663003 -0.271677781
-0.052060908 -0.611099190 -0.789840137
0.607684591 0.649300213 0.457305885
0.607695806 0.645105973 0.463189044
0.766109563 0.617061198 -0.179754321
0.744658598 0.592630879 -0.307037806
0.721851926 0.691342806 0.031223722
0.764647469 0.641682264 0.059649980
0.187016202 0.975338226 -0.117218966
0.109433737 0.984902153 -0.134134286
0.182576974 0.981261990 -0.061567483
0.159785347 0.911661500 0.378605273
0.059905552 0.997521421 0.036909886
0.057254868 0.998250967 0.014727075
0.158152393 0.986521011 0.042001363
0.283846961 0.956591374 0.066059415
0.274511797 -0.946878064 0.167526730
0.949156063 0.156899300 -0.272920094
0.882692867 0.456923922 -0.109880987
0.460072492 0.887847134 -0.007795457
0.583469253 0.728769028 0.358412241
-0.227180038 0.965562923 -0.126796973
-0.231292890 0.965282648 -0.121379606
-0.253305803 0.957701013 -0.136546471
-0.671640186 0.693992531 -0.259371987
-0.419985776 0.827745846 0.372087037
0.656508188 0.744628939 0.120518640
0.618375027 0.780438063 0.092351266
-0.622429994 -0.379528238 0.684499247
-0.601783676 -0.374356897 0.705488002
-0.539367612 0.809107901 -0.233295915
-0.537698321 0.812577600 -0.224940345
0.669428814 0.729652483 0.139543244
-0.765720707 -0.415217142 0.491188888
0.579179025 0.706353178 0.406960497
-0.557286880 -0.341411990 0.756881223
-0.529000161 -0.332535185 0.780755519
-0.370460783 0.898014165 -0.237338087
-0.554572469 0.824052007 0.115705086
0.612766003 0.690168879 0.384947716
0.648770540 0.653421600 0.390047433
0.630792319 0.671914140 0.388113950
0.562212350 0.736558932 0.376029537
-0.831524243 0.524284243 0.183557797
-0.189986877 0.981265837 0.031974097
-0.184024154 0.982803559 0.015240609
-0.765848846 -0.546166990 0.339377612
0.586592668 0.764686375 0.266765420
-0.742733861 -0.428372235 0.514629615
-0.115153508 0.979606204 0.164655262
-0.103902918 0.984531339 0.141075253
0.121910450 0.980561427 0.153743715
-0.948236550 0.304050476 -0.091655623
0.415099411 0.893985206 0.168768866
0.366220495 0.918655111 0.148173330
-0.339351696 0.935384553 0.099479469
0.517605786 0.772919874 0.366986539
-0.033640247 0.999382429 0.010153504
-0.270961101 0.923264040 -0.272329935
-0.024061077 0.999123445 0.034255016
-0.010470401 0.999225771 0.037923992
-0.632751616 -0.391707460 0.667975043
-0.662839902 -0.410681241 0.626086402
-0.042959038 0.938690462 0.342074170
-0.256682879 0.906628228 0.334871849
-0.631613134 -0.470628370 0.616095597
-0.067048451 0.988628475 -0.134604027
-0.896371269 -0.405124442 0.179979816
-0.902171369 -0.391652727 0.180817485
-0.214279883 0.972397972 -0.092338051
0.647891852 0.429625752 -0.629013403
0.681154788 0.419899566 -0.599760377
-0.325426989 0.941557263 0.086989633
-0.660621322 -0.379020358 0.648014689
-0.647858999 -0.370785076 0.665430045
-0.607958099 -0.361781930 0.706753694
-0.616236927 -0.363237700 0.698792117
-0.628999218 -0.368027438 0.684774261
-0.313758107 -0.912757862 0.261589251
-0.280710122 -0.927572957 0.246597318
-0.477584490 0.846106196 -0.236679870
0.631930604 0.755310303 -0.173695300
0.642897415 0.722647205 -0.253897481
0.615271341 0.745071915 -0.257505376
0.623398724 0.750750960 -0.218510931
-0.193531062 0.981092410 -0.001846684
-0.192770247 0.981160500 -0.012794701
-0.669007336 -0.660034429 0.341736355
0.801823626 0.459604462 -0.381893456
0.851898394 0.480423910 -0.208475402
0.882846301 0.449278372 -0.136862534
0.881011044 0.436692997 0.181985623
0.909988398 0.405464889 0.086714126
0.561100662 0.383730135 -0.733428408
0.647119663 0.315647887 -0.693975902
-0.873768880 0.455230162 -0.171153274
-0.741609760 0.624229636 -0.245667104
-0.354070752 0.235900755 -0.904977755
-0.218072816 0.713494129 -0.665860627
-0.890711684 0.374969694 -0.256963859
0.501989932 0.320062347 -0.803471345
-0.375224638 -0.248762870 0.892929732
-0.776462850 -0.551038549 0.305715488
-0.754542701 -0.576352937 0.313819383
-0.692217445 -0.627321948 0.356794313
0.667590730 0.533203393 -0.519631368
0.665858470 0.581329407 -0.467641548
0.507086385 0.848805807 0.149639901
0.496301651 0.860639425 0.113949338
0.481364137 0.872983220 0.078669342
0.458921937 0.883655160 0.092434914
-0.408237709 -0.188960912 0.893104556
0.810672123 0.228435273 -0.539099282
0.741887212 0.274943398 -0.611563155
-0.441794947 -0.221725507 0.869284202
-0.393317254 -0.214969985 0.893918029
0.744008897 0.204406225 0.636135879
0.589075902 0.361701257 -0.722607627
-0.425535643 -0.287238042 0.858145514
-0.595555881 0.733986714 -0.326460864
-0.284862310 0.940136765 -0.187073052
0.637320266 0.467761148 -0.612390714
0.652061509 0.485357234 -0.582446688
0.649302335 0.471916942 -0.596406638
0.622319759 0.444212812 -0.644509964
-0.253614776 0.958660425 -0.129033854
-0.337002603 -0.206803825 0.918510437
-0.324180788 -0.212047428 0.921923373
-0.072038691 0.997396246 -0.003340011
0.362926847 0.839255171 0.404888702
-0.386035321 0.903592439 0.185734853
-0.420984368 0.886810626 0.190628106
-0.602177830 -0.364912329 0.710085103
-0.648857458 -0.384224232 0.656776780
-0.158343187 0.463082038 0.872056455
-0.359573090 -0.246000076 0.900106191
-0.348654373 -0.241232851 0.905674798
-0.374017475 -0.256339256 0.891291823
-0.616795705 -0.424952359 0.662554565
0.766357906 0.402751851 -0.500486270
0.774984173 -0.049761968 0.630018475
0.175422438 -0.138787335 0.974661502
0.184802079 0.071651064 0.980160352
0.171948661 -0.162302869 0.971643678
-0.373320956 -0.249585464 0.893497935
-0.375344297 -0.253615483 0.891513234
-0.376850378 -0.256557439 0.890034872
-0.837821786 0.520228375 0.165581077
-0.771320797 0.606531789 0.192830021
-0.673554347 -0.405967310 0.617669074
-0.564433065 -0.758410551 0.325927524
-0.485012695 -0.813600887 0.320649783
-0.435315940 -0.841977716 0.318706067
0.249011258 0.962722814 0.105632275
0.129667198 0.983079328 0.129388762
0.046475082 0.982834462 0.178539876
-0.625596852 0.711704831 0.319538437
-0.723294768 -0.530585852 0.441953994
-0.709044699 -0.497493809 0.499755466
0.384669891 0.910877811 -0.149434562
-0.209234269 0.977237085 -0.035052813
0.793766375 0.607827274 -0.021930487
0.460858821 0.856649808 0.231862574
-0.863471377 0.475385900 -0.168598419
-0.821877580 0.538909411 -0.184645308
-0.840712923 0.512562993 -0.174587973
0.216762538 0.976206570 0.005893543
0.666639118 0.732958691 0.135513258
0.634128194 0.768440033 0.085914777
-0.476258340 0.820794174 -0.315396446
-0.795559555 0.554799605 -0.243479757
-0.787797312 0.561371669 -0.253450675
-0.732166344 0.623638236 -0.273875511
0.058589194 0.995957250 0.068091568
-0.684451511 -0.587021190 0.432356626
0.586473602 0.807584397 0.062097952
-0.194757873 0.965775224 0.171311377
-0.242113884 0.957551540 0.156447806
0.255752595 0.941697450 0.218624158
-0.679719947 -0.383242873 0.625384437
-0.575050411 -0.349757480 0.739585512
0.044287860 0.977404944 0.206683722
-0.362326574 0.897761455 0.250487174
-0.401108185 0.886183951 0.231927205
-0.268897995 0.920237187 0.284354334
0.601616663 0.716483249 -0.353141820
-0.325850330 0.943045500 0.066983194
-0.094041500 0.947844791 0.304543015
0.130313036 0.930880027 0.341292966
-0.771804487 0.604187261 -0.198180692
-0.851121629 0.494472757 -0.176319780
-0.809078864 0.558013283 -0.184424966
-0.760490777 0.619112112 -0.195841697
0.349714698 0.931840035 -0.096818281
-0.684585019 0.697831761 -0.210651810
0.869111039 0.366869676 -0.331741832
0.656825710 0.471168634 -0.588710545
0.697679476 0.487644614 -0.524829572
0.699797429 0.501462203 -0.508742781
0.453059496 0.876354489 0.163523398
0.439417912 0.882245137 0.168983481
0.619073992 0.683751366 0.386304883
0.497117323 0.788560309 0.362004151
-0.410036090 0.866728251 -0.283993915
-0.110790534 0.992266202 -0.055975369
-0.192900617 0.978308400 -0.075511760
-0.202279872 0.970147432 -0.133778970
-0.185890563 0.974542849 -0.125343262
-0.154973700 0.981005687 -0.116666168
-0.545570745 0.804890326 -0.233461184
-0.827821394 -0.520629482 0.208941813
-0.503800700 0.834354422 -0.223690752
0.464677323 0.825913650 0.319282991
-0.334140552 -0.901812728 0.274014408
0.269729202 0.898564468 0.346161890
0.872234395 0.460518134 0.164712504
0.432242281 0.747117656 0.504957244
-0.680892965 -0.702432468 0.207300261
-0.540271698 -0.785675747 0.301363754
-0.693859454 -0.543062967 0.472907679
-0.254046473 0.944035194 -0.210375718
-0.851938859 -0.398059478 0.340218801
-0.857580046 -0.402987401 0.319621056
-0.837296358 -0.402749718 0.369766783
0.274039752 0.842942222 0.462980156
0.163473942 0.904507044 0.393882314
0.085604828 0.933679871 0.347726489
0.762664010 0.620414668 0.182836671
-0.940737028 0.311848604 -0.133282752
-0.905565551 0.395753863 -0.152741328
0.364289009 0.896404671 0.252491948
0.031597663 0.995651144 -0.087637815
0.674287646 0.519383488 -0.524954249
0.684529298 0.230358013 -0.691632001
0.478956435 0.332279593 -0.812521388
0.514637922 0.354900930 -0.780508257
0.495942431 0.339455512 -0.799256567
0.018696236 0.998633954 0.048792171
0.920153992 0.391331411 -0.013279987
0.917302138 0.398125535 0.007269544
0.905877625 0.418021412 -0.068145631
0.900516118 0.434813496 -0.002818809
-0.439218040 0.851613409 -0.286080609
0.282996705 0.841518329 0.460173626
0.333028699 0.810891080 0.481193872
0.112215103 0.146281504 -0.982857819
0.629142337 0.515318187 -0.581916735
-0.424772036 -0.870792381 0.247566853
-0.453577125 -0.200866740 0.868285866
-0.361961714 -0.242623211 0.900065384
-0.622325111 0.781634310 -0.041943565
-0.362801795 0.219923194 -0.905543288
-0.348476292 -0.242013736 0.905534994
0.474136581 0.856170745 0.205344001
0.233117178 -0.158935164 0.959372709
0.725332005 0.386183013 -0.569873813
0.071695861 0.863567875 0.499109436
-0.061014918 0.898876667 0.433933079
0.902081978 0.405660991 -0.147265966
-0.200369435 0.970201914 -0.136236323
-0.537898158 -0.337746696 0.772394161
-0.247968255 0.933406585 -0.259352832
0.078567275 0.996889672 -0.006177849
-0.347166038 -0.227196444 0.909866758
-0.331542696 -0.221416862 0.917089971
-0.480463208 -0.314676637 0.818616956
-0.481643488 -0.314733897 0.817901048
-0.481906305 0.839354337 0.251496740
0.411985565 0.772475991 0.483268804
-0.592829774 -0.364154802 0.718292516
-0.590231488 -0.369672674 0.717613339
0.542971267 0.791230053 0.281313360
0.498276304 0.820145646 0.281214944
0.282902700 0.926795587 0.247014172
-0.704462663 -0.649977572 0.285064050
0.309412881 0.806478681 0.503841052
0.282784874 0.816791337 0.502876353
0.442048584 0.818855744 0.366153410
0.236101841 0.944604126 0.227988958
-0.223758236 0.969547754 -0.099545991
-0.203519234 0.975230947 -0.086628637
-0.654030851 -0.398388570 0.643063134
-0.649401752 -0.414742882 0.637389760
-0.071063119 0.997283338 -0.019390118
-0.046019034 0.998927154 0.005175908
-0.111087990 0.992425574 -0.052449386
-0.032813734 0.998711765 0.038704910
-0.652144082 -0.630777779 0.420508608
0.106631334 0.949030141 0.296599982
0.013937057 0.956766223 0.290523930
-0.661109058 -0.663217193 0.350824412
-0.672427494 -0.645317038 0.362501291
-0.676613715 -0.627676266 0.384988813
-0.396553375 -0.861133428 0.318111051
-0.286436783 0.937081101 -0.199582010
0.438655977 0.864933174 -0.243867871
0.386064668 0.891753581 -0.236071226
-0.654902898 0.723661905 -0.217751328
-0.806926348 0.541981327 -0.234789502
-0.744188854 0.616389741 -0.257384222
-0.541053837 0.789441098 -0.289902567
0.233367197 0.941587810 0.242800631
0.272021749 0.927677908 0.255769169
-0.145622130 0.989340212 0.000375142
-0.594024082 0.803233450 -0.044174824
-0.317061888 0.891058483 -0.324786913
-0.178203881 0.945099501 0.273916613
0.192307944 0.940311668 0.280769695
0.682892811 0.629707255 0.370305525
0.738646336 0.573346424 0.354507361
0.664035838 0.501705425 0.554389820
0.148745146 0.962823648 0.225489478
0.329495786 0.864903617 0.378647936
-0.931502854 0.347111392 -0.108701953
-0.800085924 0.570441805 -0.185630440
0.645822642 0.709763026 0.281335320
-0.217358928 0.965004380 -0.146702569
-0.193053965 0.979371882 -0.059673131
-0.388251718 0.910979486 0.139201220
0.534745401 0.339608907 -0.773765563
0.592845289 0.745075340 0.305609556
0.595599936 0.745744588 0.298539321
0.657255549 0.503263973 -0.561017394
-0.297071741 0.932803488 0.204024590
-0.538725533 0.768394298 0.345463461
-0.146784258 0.466332807 0.872346316
0.661081021 0.333885581 -0.671931769
0.602857209 0.344812381 -0.719491215
0.221950948 0.922139729 0.316853430
0.465435790 0.871032332 0.157073872
0.460881857 0.849469636 0.256883732
-0.400042889 -0.860132816 0.316444664
-0.158591995 0.979736891 -0.122328261
-0.509441925 -0.225361983 0.830470289
-0.657271177 -0.509621756 0.555229921
0.874639580 0.482734299 0.044420737
-0.364557910 0.887650209 0.281379881
0.272381188 0.828512824 0.489259634
-0.654531722 0.667861752 0.354328809
-0.593592286 0.773850229 -0.220916320
-0.504979869 -0.326191571 0.799121011
-0.538263648 -0.345019683 0.768917202
-0.979056722 0.185936422 -0.082919132
0.929274171 0.294365617 0.223155549
0.830439687 0.477635946 0.286764415
0.436148934 0.750255471 0.496881107
-0.193378828 0.974091159 -0.117264844
-0.208100287 0.966214861 -0.152062857
-0.683067735 -0.613494676 0.396286200
0.002176483 0.999601815 0.028133171
0.022914378 0.998921872 0.040373560
-0.830578965 -0.530731164 0.168709853
-0.949014350 -0.299978455 0.096874610
0.695870334 0.454239792 -0.556264947
0.708172046 0.471946913 -0.525127094
-0.004994464 0.999671958 0.025120357
-0.334936198 -0.228476550 0.914120457
-0.361008593 -0.251606734 0.897979313
-0.617794493 -0.433047235 0.656353606
0.816094376 0.402894792 -0.414325664
0.823623098 0.335227577 -0.457457609
0.808698532 0.319874700 -0.493646494
0.825948029 0.349349986 -0.442452755
-0.851630411 -0.501465598 0.152505397
-0.204833301 0.973204379 -0.104482319
0.388970464 0.769495932 0.506535279
-0.425976862 -0.287117876 0.857966805
-0.186725289 0.974680271 -0.123012342
-0.888034690 0.430312891 -0.161941982
-0.938895102 0.316331582 -0.135684625
-0.941173385 0.307852723 -0.139353366
-0.558958503 -0.352563535 0.750509391
-0.526459183 -0.332608669 0.782439903
0.668021462 0.632498530 0.392036905
-0.292171259 0.931316268 -0.217453361
-0.289559584 0.935986735 -0.200210087
-0.130318562 0.980484499 0.147197891
-0.293136502 0.945867490 0.139304278
-0.680235458 0.636623647 0.363304355
-0.052820167 0.829155972 0.556516311
0.463743436 0.812019981 0.354352333
-0.896872839 -0.406758336 0.173685827
-0.918212811 -0.365235945 0.153257748
-0.653436659 -0.389507958 0.649079413
-0.946573292 0.320625996 0.034611748
-0.801590575 0.555945663 0.219947654
-0.111467365 0.912054536 0.394628370
0.062249434 0.928990833 0.364830153
0.082634440 0.996203751 0.027379488
-0.638262911 -0.678226966 0.364182151
-0.672705463 -0.636522935 0.377234560
-0.113311449 0.983601897 -0.140313308
0.214338269 0.976596305 -0.017853933
0.605131818 0.429678932 -0.670217501
-0.190216729 0.967776824 0.165001862
-0.245713815 0.955422757 -0.163682851
0.605325382 0.724195776 -0.330335677
0.606898384 0.740635220 -0.288329364
0.565468194 0.768902507 -0.298386755
-0.658736627 0.683592952 -0.314271747
-0.337968165 -0.912002900 0.232439735
-0.855267447 -0.413434915 0.312392646
-0.868279214 -0.407975062 0.282218984
0.590364564 0.743295216 -0.314613895
0.576638122 0.747741129 -0.329198542
0.034094037 0.942988689 0.331073902
0.275790199 0.928712359 0.247857057
0.707984032 0.684051000 0.175592824
-0.357297859 -0.238477194 0.903032041
-0.874617922 -0.444255467 0.194114838
0.513426740 0.857281693 -0.038224086
-0.480659566 0.839042233 -0.254900987
0.712315909 0.643521517 -0.280153713
-0.817077946 0.518113109 -0.252868416
-0.845066840 0.478937991 -0.237656129
0.372627338 0.798900925 0.472129409
-0.772979500 0.593295948 0.224727857
-0.740186763 0.611206172 0.280268748
-0.088364657 0.939106107 0.332071388
-0.240304293 0.932876050 0.268320930
-0.265650541 0.946489150 0.183270509
-0.806218520 -0.525294216 0.272172159
-0.205452781 0.976774347 -0.060836097
-0.213466378 0.973781157 -0.078628007
0.038146249 0.997547555 0.058683378
-0.347053747 0.831686746 0.433417643
-0.265691969 0.876932595 0.400495944
-0.645720808 -0.674401645 0.358088060
0.996862456 0.071947207 -0.032997613
0.447934800 0.893320293 -0.036513951
0.196836387 0.970529047 -0.139028072
-0.931551764 -0.338977818 0.131549802
-0.353456659 0.932292835 0.076801432
-0.225547981 0.968566924 -0.104910544
-0.240799897 0.961019031 -0.135859603
-0.668162036 -0.511499988 0.540302930
-0.217862740 0.975915110 -0.011203803
0.728156315 0.538235980 -0.424370605
-0.190677716 0.968456334 -0.160419258
0.610295765 0.444638364 -0.655618643
0.869592170 0.493467599 0.017297004
-0.857005952 0.490007622 -0.159478301
-0.084146576 0.996420706 0.008070302
0.741656240 0.395721428 -0.541618475
-0.920314445 0.357162220 -0.159550839
-0.752635321 -0.543236309 0.372067718
-0.778543341 -0.535639350 0.327048548
-0.775824190 -0.523331703 0.352449648
0.233035984 0.913219347 0.334252381
-0.432723862 -0.862483441 0.262435463
-0.943135078 0.305547675 -0.130907770
0.850314979 0.281902569 -0.444404521
0.866637339 0.287389838 -0.407856351
-0.001072615 0.999434145 0.033619033
0.945382850 0.240168474 0.220386865
0.748435180 0.088161705 -0.657322064
-0.786214175 -0.506264018 0.354350132
-0.810586957 -0.497674518 0.308656539
-0.408554967 0.816739140 0.407455539
-0.727748635 -0.544156758 0.417462990
0.634857941 0.622159568 -0.458118835
0.781155992 0.616874948 0.096232088
0.698357859 0.429969177 -0.572208711
-0.686324648 -0.485780050 0.541272778
-0.807765223 0.526515409 -0.265135567
0.114113393 0.841969152 0.527319715
0.227841546 0.819636495 0.525627479
-0.800064040 -0.515201142 0.307352103
-0.820938750 -0.493775037 0.286785254
0.700312926 0.678032023 0.223236159
0.761197399 0.094035984 -0.641666388
0.721267764 0.407623409 -0.560014258
-0.394177811 0.833116383 0.387996065
-0.846214333 0.481865781 -0.227434984
-0.868543958 0.448443948 -0.211019949
0.551091135 0.746963420 0.371946515
0.592245838 0.710695001 0.379680765
0.571888063 0.729108826 0.375957927
0.529871668 0.764244456 0.367649869
0.486765656 0.796652880 0.358334180
0.508772567 0.780542852 0.363184983
-0.427274953 0.851061793 -0.305171983
-0.443860078 0.841149551 -0.308959000
-0.395078016 0.868507753 -0.299345359
-0.521475645 0.790137548 -0.322095959
-0.536981399 0.778401760 -0.325179454
-0.491211947 0.811081852 -0.317579995
-0.460272430 0.830910723 -0.312628632
-0.476507485 0.820350523 -0.316173427
-0.428701194 0.849597874 -0.307243778
-0.427762209 0.854794858 -0.293845610
-0.459408038 0.837443060 -0.296029349
-0.437863303 0.850480665 -0.291476186
-0.470791653 0.828614587 -0.302907717
-0.501582929 0.809731466 -0.304548057
-0.480652061 0.823856059 -0.300391061
-0.490453426 0.818995496 -0.297828498
-0.520855860 0.799476255 -0.299243863
-0.500191114 0.814030577 -0.295233923
-0.345105393 0.893593245 -0.287042470
-0.332019057 0.901911424 -0.276259169
-0.320859196 0.906813888 -0.273382421
-0.367114416 0.882976163 -0.292540769
-0.354184468 0.891683647 -0.281875213
-0.343129782 0.896867877 -0.279087734
-0.318817223 0.909908254 -0.265372469
-0.305500930 0.917580105 -0.254393263
-0.294201305 0.922084530 -0.251407463
-0.240274335 0.964366031 -0.110753788
-0.233966143 0.967137257 -0.099525724
-0.239570580 0.965035315 -0.106361547
-0.229063091 0.968558417 -0.097080863
-0.222699889 0.971101440 -0.085829784
-0.228342213 0.969159395 -0.092681718
-0.227617171 0.969740682 -0.088280421
-0.221228419 0.972175859 -0.077020041
-0.226887244 0.970302391 -0.083877581
-0.256798082 0.955353475 -0.146131732
-0.258414677 0.954288327 -0.150185364
-0.246898640 0.959353608 -0.136681076
-0.279603747 0.944399196 -0.173008389
-0.281177570 0.943184528 -0.177037061
-0.269842188 0.948898024 -0.163639037
-0.260025557 0.953203970 -0.154236509
-0.261631898 0.952100287 -0.158283903
-0.250156768 0.957316027 -0.144801985
-0.218988255 0.971703185 -0.088527197
-0.218256728 0.972258802 -0.084123856
-0.210091365 0.973970084 -0.085111068
-0.209354775 0.974503552 -0.080705672
-0.213808235 0.973392870 -0.082415768
-0.217520689 0.972794780 -0.079718672
-0.216780182 0.973311075 -0.075312047
-0.218028045 0.975942503 0.000045211
-0.211095676 0.977465380 0.000214134
-0.215335212 0.976464701 0.012142248
-0.209457721 0.977527809 -0.023808529
-0.202511154 0.978994578 -0.023639998
-0.206820076 0.978308861 -0.011714483
-0.204150644 0.978939410 0.000382578
-0.197197313 0.980363666 0.000550259
-0.201451798 0.979418936 0.012478836
-0.277457590 0.948288584 -0.154162407
-0.284842479 0.944154913 -0.165638954
-0.268795485 0.951130302 -0.151987292
-0.309300030 0.933517687 -0.181323521
-0.316504832 0.928812770 -0.192695434
-0.300748732 0.936714341 -0.179210611
-0.292169001 0.939829104 -0.177083399
-0.299438583 0.935311979 -0.188488824
-0.283566084 0.942861126 -0.174937624
-0.268047817 0.951704433 -0.149696495
-0.284107789 0.944773897 -0.163355588
-0.281374151 0.944760525 -0.168095618
-0.297287527 0.937344908 -0.181671819
-0.290717327 0.941125871 -0.172526900
-0.300027255 0.937377997 -0.176935404
-0.315797843 0.929520596 -0.190428945
-0.461219459 0.860345714 -0.216983554
-0.481318247 0.848918993 -0.218332976
-0.496393526 0.839435877 -0.221225850
-0.430225255 0.877762372 -0.210806659
-0.450703713 0.867053787 -0.212329683
-0.466087018 0.858126249 -0.215365349
-0.501159628 0.837037467 -0.219561623
-0.520731794 0.824706819 -0.220674105
-0.535383647 0.814531888 -0.223387902
-0.509797665 0.828333979 -0.232312633
-0.538674432 0.811083159 -0.227977993
-0.549345550 0.802769660 -0.231905888
-0.487692595 0.843755405 -0.224126636
-0.517017806 0.827229424 -0.219963787
-0.527898574 0.819239341 -0.223986600
-0.566933733 0.792903003 -0.223362866
-0.594538900 0.773810685 -0.218496041
-0.604709652 0.764808215 -0.222249030
-0.166737438 0.978517083 -0.121255700
-0.178148604 0.976546788 -0.120910902
-0.174903684 0.976991973 -0.122046654
-0.173234301 0.977666320 -0.118989255
-0.184632032 0.975621220 -0.118634931
-0.181391407 0.976089887 -0.119773497
-0.189535883 0.974445445 -0.120549676
-0.200897698 0.972213330 -0.120172193
-0.197667135 0.972733158 -0.121317382
-0.188417587 0.976609142 -0.103602105
-0.179941806 0.979275207 -0.092957066
-0.183904451 0.978979331 -0.088196495
-0.180465938 0.977056151 -0.113107577
-0.171992538 0.979754555 -0.102467453
-0.175969654 0.979533809 -0.097714879
-0.171428841 0.981753375 -0.082294972
-0.162883700 0.984042582 -0.071617720
-0.166843676 0.983714248 -0.066854061
-0.275444771 0.937162519 -0.214141523
-0.269259597 0.938636740 -0.215546607
-0.258980798 0.945694399 -0.196446049
-0.295544569 0.921499414 -0.251976661
-0.289380932 0.923061336 -0.253409641
-0.279393089 0.931091018 -0.234540014
-0.263057792 0.940071465 -0.216947548
-0.256850317 0.941465502 -0.218336031
-0.246555174 0.948433549 -0.199209312
-0.447301731 0.850677034 -0.276169775
-0.458395541 0.843433634 -0.280166440
-0.413257563 0.866179873 -0.280981518
-0.534605503 0.799865170 -0.272786849
-0.545042060 0.791527308 -0.276430232
-0.502361907 0.818526629 -0.278651524
-0.469401373 0.836023323 -0.284125594
-0.480319877 0.828458781 -0.288008445
-0.435775784 0.852336817 -0.289173677
-0.385904899 0.798763833 0.461577455
-0.675854057 0.657337947 0.333358842
-0.388207941 0.800439878 0.456717195
-0.882422574 0.436639874 0.175145713
-0.986323062 0.164279606 -0.013380154
-0.883460304 0.436371704 0.170521634
-0.884360232 0.436683087 0.164969276
-0.986394196 0.162859306 -0.022435157
-0.885349762 0.436404567 0.160333571
-0.965396875 0.259015113 0.030332227
-0.960841936 0.273414006 0.045028387
-0.950905440 0.303997826 0.058001432
-0.980479308 0.196577013 0.004219597
-0.977242387 0.211274934 0.018979464
-0.969626037 0.242486280 0.032027366
-0.955863256 0.287676338 0.059730732
-0.950458917 0.301818097 0.074388733
-0.939232901 0.332010890 0.087237182
-0.977535725 0.210318854 -0.013779896
-0.973459342 0.228438087 -0.013890624
-0.983213104 0.180439077 -0.027087471
-0.952293088 0.304922422 0.012656670
-0.946464835 0.322563409 0.012536454
-0.961198824 0.275855702 -0.000673291
-0.969045323 0.246484949 -0.014011837
-0.964298896 0.264440405 -0.014103618
-0.975825905 0.216836224 -0.027310351
-0.950988466 0.287546198 -0.113745861
-0.936812181 0.325822921 -0.127367034
-0.935710223 0.330336390 -0.123791145
-0.952831119 0.278405814 -0.120843128
-0.938917646 0.316759031 -0.134526466
-0.937880940 0.321293426 -0.130957538
-0.920900286 0.363491528 -0.140771349
-0.903283973 0.400485740 -0.153913079
-0.901926470 0.404901264 -0.150278437
0.093009916 0.966000990 -0.241228612
-0.000562869 0.968954611 -0.247238033
0.058556391 0.968323796 -0.242734782
-0.025159077 0.967825290 -0.250362194
-0.118588214 0.960007247 -0.253619640
-0.059679979 0.966177210 -0.250878255
-0.094130531 0.963379155 -0.251077771
-0.186869002 0.949322583 -0.252718438
-0.128467849 0.959427462 -0.250987961
-0.308471656 0.932516861 -0.187769914
-0.324376950 0.927518755 -0.185710941
-0.335159020 0.923035226 -0.188876684
-0.286652804 0.940725686 -0.181288042
-0.302672976 0.936078728 -0.179292177
-0.313547834 0.931867229 -0.182513627
-0.340191141 0.922259616 -0.183595174
-0.355908736 0.916740064 -0.181429401
-0.366560572 0.911910984 -0.184531040
-0.546530229 0.782362065 0.298687644
-0.512945571 0.806719816 0.293410939
-0.546138085 0.787239429 0.286334198
-0.479387146 0.820131851 0.312364710
-0.444243890 0.841966037 0.306170799
-0.478955533 0.824970852 0.300041149
-0.478451689 0.829672543 0.287623803
-0.443120936 0.851160246 0.281371768
-0.477863847 0.834214780 0.275194195
-0.373143780 0.858517050 0.351727442
-0.413097794 0.840022331 0.351728156
-0.348937341 0.865357689 0.359720451
-0.497948575 0.800788225 0.332844461
-0.535143929 0.777310896 0.330769929
-0.475269341 0.810626653 0.342057719
-0.452254250 0.819889855 0.351065120
-0.490535798 0.798188342 0.349671277
-0.428926129 0.828602614 0.359777825
-0.492092308 0.856586163 0.155258834
-0.464820769 0.873033055 0.147495549
-0.476338021 0.867035084 0.146124100
-0.469198888 0.868835766 0.158040546
-0.441547564 0.884582605 0.150164455
-0.453221454 0.878882696 0.148847308
-0.437046969 0.888542393 0.139579236
-0.408803649 0.903096302 0.131516711
-0.420679952 0.897809794 0.130253415
-0.320690094 0.898595133 0.299473957
-0.329489452 0.898128594 0.291207366
-0.334702492 0.894907894 0.295150984
-0.310203769 0.904866247 0.291531639
-0.319011442 0.904427718 0.283270547
-0.324258423 0.901302545 0.287245883
-0.338240218 0.897531886 0.282895862
-0.346940828 0.896804116 0.274544058
-0.352143912 0.893556013 0.278482168
-0.378545329 0.917475089 0.122241134
-0.360786179 0.925481374 0.115401727
-0.374506935 0.920027649 0.115298230
-0.351075769 0.928307756 0.122435758
-0.333110411 0.935783099 0.115531146
-0.346985366 0.930733736 0.115481031
-0.342871837 0.933093562 0.108514094
-0.324811230 0.940307667 0.101583250
-0.338733858 0.935386815 0.101542500
-0.386801423 0.865489021 0.318297682
-0.356908518 0.879651708 0.314371090
-0.415652385 0.853143739 0.315244120
-0.266453513 0.911283451 0.313950628
-0.235227481 0.921622307 0.308675162
-0.296682473 0.902509844 0.312178621
-0.326620116 0.892842835 0.310082201
-0.295965194 0.905035093 0.305476815
-0.356229015 0.882280242 0.307705155
-0.433071741 0.820456754 0.373228593
-0.468954703 0.801510460 0.371028933
-0.408089425 0.828635779 0.383178505
-0.550856645 0.759544475 0.345903378
-0.583964430 0.736335994 0.341752613
-0.527672077 0.770696774 0.357195550
-0.504066887 0.781229492 0.368235052
-0.538346928 0.759680417 0.364785210
-0.480064064 0.791167504 0.378935977
-0.117994685 0.921507991 0.370000373
-0.138955911 0.916395082 0.375381550
-0.115800670 0.921638811 0.370367529
-0.164209156 0.910389651 0.379771033
-0.185007085 0.904291921 0.384744720
-0.162029346 0.910611739 0.380174633
-0.159848439 0.910829003 0.380577198
-0.180662208 0.904812887 0.385583722
-0.157667020 0.911042088 0.380976935
0.119156687 0.968882887 0.216950765
0.107295849 0.971285804 0.212347565
0.140569950 0.963929847 0.226007389
0.052295186 0.980586917 0.188982835
0.040358332 0.982061892 0.184189158
0.073876928 0.977332525 0.198401953
0.095416824 0.973525819 0.207709195
0.083522102 0.975602742 0.203035339
0.116903099 0.969169103 0.216898399
-0.093361565 0.982251022 0.162685427
-0.095424716 0.985040795 0.143487824
-0.066442194 0.984690980 0.161149337
-0.151033608 0.980341226 0.126964282
-0.153010091 0.982345909 0.107630977
-0.124299194 0.984259180 0.125632705
-0.097453425 0.987459051 0.124207297
-0.099463484 0.989495319 0.104909624
-0.070554786 0.989930075 0.122721098
0.458031711 0.839491411 0.292337344
0.408432215 0.867853726 0.282865755
0.406987366 0.867402117 0.286312505
0.460876407 0.840311603 0.285428358
0.411308834 0.868725874 0.275935497
0.409876967 0.868298166 0.279390705
0.357468416 0.893310174 0.272421115
0.305306932 0.915769456 0.261063174
0.303838444 0.915265698 0.264520134
0.023470618 0.986280382 0.163401768
0.045096209 0.983891901 0.172982831
0.032928214 0.989473478 0.140918305
0.054569772 0.987104895 0.150486097
0.049839643 0.985573964 0.161740447
0.066708697 0.980948348 0.182456264
0.088276848 0.977451170 0.191823901
0.651162038 0.690573836 0.314794816
0.611290257 0.727297023 0.312030867
0.679335442 0.661522597 0.317633770
0.504995303 0.809894417 0.298413768
0.459372716 0.838699089 0.292507343
0.537749144 0.786533512 0.303629532
0.569615851 0.761876469 0.308353740
0.526267251 0.794214251 0.303754018
0.600549004 0.735968387 0.312556278
0.034387672 0.997609852 0.059933892
0.039025294 0.995709955 0.083897031
0.023771970 0.998039293 0.057900459
0.064827223 0.991611831 0.111818639
0.069397197 0.988323501 0.135649129
0.054241931 0.992470109 0.109822110
0.043638503 0.993212763 0.107815068
0.048238372 0.990120420 0.131660982
0.033042799 0.993839568 0.105787934
-0.031887813 0.999337366 0.017549804
-0.040824713 0.998968881 0.019862443
-0.047114237 0.998869697 0.006291035
-0.019285277 0.998815403 0.044675141
-0.028226410 0.998496252 0.046994739
-0.034529109 0.998844301 0.033433547
-0.049761185 0.998514888 0.022177527
-0.058689721 0.997975854 0.024489008
-0.064971721 0.997827444 0.010911841
-0.096338700 0.995182695 -0.018172989
-0.087400745 0.996120953 -0.010205718
-0.092218595 0.995693000 -0.009548856
-0.086703819 0.996043540 -0.019486273
-0.077758089 0.996905713 -0.011518635
-0.082580047 0.996525232 -0.010862705
-0.078449417 0.996915585 -0.002237343
-0.069486832 0.997566407 0.005730924
-0.074311659 0.997214608 0.006387794
-0.114256165 0.989291075 -0.090822345
-0.125628189 0.987147040 -0.098784004
-0.123421863 0.987307558 -0.099954133
-0.118670198 0.988983321 -0.088483754
-0.130039112 0.986807416 -0.096441453
-0.127834303 0.986980322 -0.097612675
-0.136976001 0.984808217 -0.106725591
-0.148296716 0.982275105 -0.114645982
-0.146094160 0.982467406 -0.115820084
-0.384252050 0.897587167 -0.216073228
-0.407187646 0.886530773 -0.219684794
-0.383260764 0.899020930 -0.211831430
-0.431724585 0.871774197 -0.231567769
-0.454060378 0.859459418 -0.234858855
-0.430793623 0.873339767 -0.227364257
-0.429854802 0.874887756 -0.223150764
-0.452235647 0.862665719 -0.226474673
-0.428904924 0.876416951 -0.218938104
-0.304078367 0.924982765 -0.227910577
-0.309098566 0.924529806 -0.222941055
-0.295163678 0.929204979 -0.222388195
-0.331788858 0.915161648 -0.228900224
-0.336765899 0.914580943 -0.223898255
-0.322967518 0.919654649 -0.223444197
-0.314104214 0.924030557 -0.217958877
-0.319093882 0.923484555 -0.212968005
-0.305200535 0.928287945 -0.212447935
-0.692900369 0.689893243 -0.209610096
-0.663937434 0.716169476 -0.215147310
-0.707029705 0.675522271 -0.209233499
-0.602793179 0.766919272 -0.220170873
-0.570853201 0.789710802 -0.224685273
-0.618491496 0.754277792 -0.220302706
-0.633938189 0.741327814 -0.220352999
-0.602950969 0.765332466 -0.225202898
-0.649128277 0.728079415 -0.220301714
-0.704115183 0.677304262 -0.213262154
-0.735471604 0.645550117 -0.205782813
-0.707258207 0.673835710 -0.213848696
-0.759587386 0.619894994 -0.196868485
-0.788188469 0.585809243 -0.188643759
-0.762463417 0.616192204 -0.197374532
-0.765322283 0.612474236 -0.197881567
-0.793606046 0.578145765 -0.189570352
-0.768164205 0.608744094 -0.198379388
-0.362829281 0.905394632 0.220489168
-0.379608010 0.900355779 0.212737470
-0.380512604 0.897474534 0.223046227
-0.360931148 0.910933392 0.199822576
-0.377673000 0.905805757 0.192039152
-0.378661172 0.903134175 0.202396590
-0.396248981 0.894987533 0.204900122
-0.412740577 0.889292309 0.196988337
-0.413681549 0.886500665 0.207326183
0.154162131 0.938403557 0.309245537
0.143893195 0.933433393 0.328628742
0.191804761 0.926297957 0.324319331
0.057563287 0.947021698 0.315968940
0.047131856 0.941015928 0.335063593
0.095606822 0.938340121 0.332230573
0.133517006 0.927969862 0.347915426
0.123070057 0.922068130 0.366938857
0.171185276 0.915972429 0.362891321
-0.324168735 0.930147662 0.172452772
-0.336905101 0.925037947 0.175498575
-0.321911281 0.929418495 0.180428348
-0.354018697 0.921008262 0.162525516
-0.366620181 0.915531738 0.165503111
-0.351810272 0.920408460 0.170522140
-0.349576639 0.919744698 0.178510125
-0.362178213 0.914270710 0.181482812
-0.347317935 0.919018309 0.186482171
-0.303583273 0.948484346 0.090634658
-0.265540370 0.960724767 0.080599218
-0.315674965 0.944670153 0.089149414
-0.202222922 0.976601440 0.073181394
-0.163153174 0.984599265 0.062811854
-0.214650066 0.974047199 0.071815067
-0.227046210 0.971334509 0.070422230
-0.188163032 0.980294461 0.060145182
-0.239401839 0.968463004 0.069037443
-0.741944587 0.599405400 -0.300385411
-0.720225996 0.623427867 -0.304322541
-0.696040457 0.645377797 -0.314666778
-0.786101663 0.552054334 -0.277993144
-0.766035904 0.577377284 -0.282532239
-0.743568450 0.600757327 -0.293592565
-0.697743155 0.646797973 -0.307907245
-0.674517613 0.669472864 -0.311178526
-0.648830661 0.689970095 -0.320873872
-0.245170518 0.893436212 0.376381659
-0.160145075 0.914246417 0.372165345
-0.160033769 0.916242710 0.367271682
-0.245351251 0.889252910 0.386046664
-0.160333834 0.910149036 0.381997113
-0.160236305 0.912196086 0.377124154
-0.073874114 0.928006688 0.365165993
0.012959421 0.934639026 0.355361709
0.013063239 0.936531237 0.350340683
-0.556032496 0.747304995 0.363817412
-0.576051419 0.732166709 0.363451060
-0.535553428 0.756208366 0.375940731
-0.634259443 0.695736428 0.337143562
-0.652855360 0.678906116 0.335955896
-0.615185330 0.706377339 0.350111502
-0.595710907 0.716557618 0.362868702
-0.614994804 0.700511263 0.362029504
-0.575851870 0.726289765 0.375363559
-0.737275398 0.624843889 0.256895120
-0.719688934 0.639564147 0.270195374
-0.703452883 0.656656002 0.271950246
-0.767694674 0.588909564 0.252646816
-0.750944053 0.604303371 0.266271411
-0.735523279 0.622103554 0.268314507
-0.701597090 0.653823547 0.283330713
-0.683014080 0.667626576 0.296254150
-0.666001440 0.683989101 0.297659189
-0.695781573 0.650996545 0.303465816
-0.682805617 0.664067549 0.304615791
-0.684886977 0.661204763 0.306166768
-0.691674163 0.656774940 0.300388964
-0.678612295 0.669763706 0.301499470
-0.680714148 0.666920769 0.303059295
-0.669597220 0.676912756 0.305661060
-0.656160923 0.689527412 0.306602009
-0.658326287 0.686748895 0.308192237
-0.882749435 0.443923040 0.153901815
-0.879596957 0.448830982 0.157670362
-0.859725589 0.480015124 0.174520466
-0.917602346 0.379151370 0.119374087
-0.914952479 0.384288792 0.123223721
-0.898016179 0.416903938 0.140563327
-0.876402344 0.453715505 0.161434729
-0.873165249 0.458579608 0.165188352
-0.852809502 0.489504107 0.181938678
-0.779386833 0.569169402 0.261920516
-0.797296634 0.553445518 0.240865390
-0.796384862 0.553053252 0.244751410
-0.781318226 0.570028138 0.254184482
-0.799081065 0.554205878 0.233077878
-0.798194573 0.553832020 0.236971553
-0.814399107 0.537165060 0.219562731
-0.830677564 0.520341944 0.198037990
-0.829916371 0.520045637 0.201968693
-0.655271937 0.722233387 0.221354067
-0.623846737 0.746499324 0.231417389
-0.629079189 0.745664809 0.219643726
-0.644872717 0.723988532 0.244907704
-0.613057060 0.747797410 0.254872665
-0.618504273 0.747204760 0.243182053
-0.591368916 0.769508267 0.241122027
-0.557906431 0.791218829 0.250425993
-0.563509324 0.790852270 0.238767520
-0.502252557 0.848973631 0.164274594
-0.490920178 0.855300392 0.165706423
-0.524660892 0.835886118 0.161323733
-0.513501673 0.842502013 0.162807830
-0.534542203 0.827815929 0.170251052
-0.566016138 0.805395758 0.175964215
-0.555201178 0.812539729 0.177569256
-0.472999432 0.869925336 0.139647582
-0.460732054 0.877838413 0.130865178
-0.491461659 0.858719871 0.145140005
-0.410069339 0.905314518 0.110674115
-0.397232980 0.912061857 0.101730665
-0.429306457 0.895628213 0.116387584
-0.448332327 0.885496662 0.122040100
-0.435799178 0.892898470 0.113187453
-0.467132284 0.874925993 0.127639869
0.781177861 0.545262306 0.304056191
0.832904040 0.473946409 0.285737051
0.774601981 0.555020309 0.303223065
0.887290994 0.377173752 0.265432954
0.923325454 0.298086856 0.242103970
0.882647277 0.388002003 0.265307803
0.877887731 0.398793553 0.265097784
0.915754567 0.320393798 0.242366227
0.872997807 0.409511842 0.264905419
0.828336069 0.471501842 0.302564653
0.813297875 0.496506695 0.303360623
0.769749473 0.552412959 0.319883841
0.898758625 0.350378308 0.263567780
0.852555088 0.438002401 0.285138071
0.797581952 0.521119588 0.303804880
0.734402711 0.598854630 0.319414763
0.872641743 0.412104600 0.262042338
0.826661137 0.486746714 0.282327826
0.772728056 0.562297251 0.294470970
0.713555231 0.628295721 0.309973255
0.773365955 0.559886469 0.297375590
0.773985467 0.557448833 0.300328646
0.715051037 0.623654399 0.315843639
0.787641932 0.526053804 0.320760943
0.820469654 0.480093136 0.310387060
0.819387148 0.482587015 0.309377561
0.790012443 0.521195535 0.322855315
0.822612694 0.475089686 0.312407019
0.821543783 0.477591715 0.311403221
0.850590272 0.432545785 0.298998884
0.877905704 0.383572134 0.286625177
0.877062078 0.386190771 0.285690042
0.701134460 0.635483891 0.323373922
0.732111903 0.599141701 0.324100885
0.703787300 0.632152318 0.324140222
0.756668305 0.568550893 0.322804830
0.784554083 0.529783758 0.322186376
0.759051464 0.564997535 0.323448081
0.761419586 0.561432955 0.324088339
0.788991280 0.522444269 0.323333799
0.763774178 0.557858490 0.324719741
0.391446013 0.892920157 0.222404164
0.347813116 0.915542424 0.202010164
0.394682479 0.889102254 0.231782059
0.296002619 0.941362253 0.161924544
0.250278236 0.957949691 0.140332442
0.299621105 0.938521537 0.171477458
0.303188225 0.935574015 0.181047404
0.257729572 0.952955853 0.159532471
0.306745998 0.932520654 0.190557398
-0.135417587 0.990124560 -0.036268895
-0.127518818 0.991473097 -0.026833715
-0.142751262 0.988613548 -0.047595479
-0.104779520 0.994481422 0.005287034
-0.096806123 0.995194268 0.014728970
-0.112200319 0.993667165 -0.006054242
-0.119600052 0.992669759 -0.017394727
-0.111663797 0.993714222 -0.007952445
-0.126978574 0.991489258 -0.028731377
-0.163552299 0.985420629 -0.046870344
-0.171621679 0.983739444 -0.052940584
-0.180666944 0.981513151 -0.063177444
-0.145321253 0.989033392 -0.026356857
-0.153435739 0.987626104 -0.032436899
-0.162544448 0.985777178 -0.042692600
-0.179673986 0.981955066 -0.059004295
-0.187706894 0.980067862 -0.065062343
-0.196699803 0.977569288 -0.075282635
-0.281395510 0.958631308 0.042925304
-0.289643811 0.955803255 0.050463845
-0.271511545 0.961419692 0.044200187
-0.317433011 0.946660086 0.055416289
-0.325553026 0.943427061 0.062933355
-0.307660534 0.949804752 0.056709158
-0.297853815 0.952848044 0.057997499
-0.306025357 0.949766076 0.065520086
-0.288016319 0.955789163 0.059276269
-0.274544975 0.960286673 0.049744965
-0.278642821 0.958673243 0.057478607
-0.263051037 0.963846399 0.042476705
-0.305414887 0.948879438 0.079684118
-0.309402339 0.946906876 0.087393137
-0.294095818 0.953025779 0.072453533
-0.282717716 0.956984042 0.065209168
-0.286772018 0.955218641 0.072932555
-0.271285551 0.960752808 0.057949909
-0.246318602 0.968882407 0.024372676
-0.239413333 0.970807709 0.014616716
-0.235187556 0.971885934 0.011159987
-0.254715622 0.966509912 0.031281659
-0.247843092 0.968560964 0.021528145
-0.243632154 0.969699312 0.018072583
-0.232473431 0.972590614 0.004858205
-0.225499337 0.974230995 -0.004900864
-0.221243105 0.975182876 -0.008357512
-0.039654485 0.981658223 0.186479639
-0.036803436 0.984333052 0.172435352
0.065783800 0.982292321 -0.175426016
-0.216347536 0.605243914 0.766076725
-0.215358623 0.616761004 0.757117248
-0.134965799 0.856903889 0.497493676
-0.034389840 0.986804184 0.158224021
-0.031540213 0.989059547 0.144105610
0.071470897 0.976481524 -0.203410284
0.049558936 0.970069337 -0.237717045
0.043827577 0.971978275 -0.230948859
0.091460384 0.967070354 -0.237507742
-0.045896547 0.973710564 -0.223117108
-0.051628979 0.974987963 -0.216177983
-0.003907317 0.974621171 -0.223826507
0.038092912 0.973812732 -0.224137664
0.032350708 0.975560761 -0.217335300
0.080021520 0.971279795 -0.224080601
-0.156194240 0.981477646 -0.110927858
-0.157118368 0.981227535 -0.111831766
-0.165596090 0.979534338 -0.114413357
-0.139197955 0.984603455 -0.105735359
-0.140125177 0.984374160 -0.106641679
-0.148627817 0.982840851 -0.109241174
-0.158042185 0.980975717 -0.112735582
-0.158965757 0.980722204 -0.113639110
-0.167440095 0.979008253 -0.116218137
-0.186396991 0.974574034 -0.124344741
-0.183118176 0.975380880 -0.122881539
-0.182856800 0.976729028 -0.112088339
-0.186847407 0.971497129 -0.145881373
-0.183574221 0.972338627 -0.144423333
-0.183356996 0.973917395 -0.133660467
-0.179836003 0.976174645 -0.121416948
-0.176552163 0.976955050 -0.119950676
-0.176285675 0.978268352 -0.109153068
-0.173872565 0.978555732 -0.110440077
-0.174677079 0.978460761 -0.110011171
-0.170582325 0.979299402 -0.108969495
-0.182053322 0.976829723 -0.112517913
-0.178768599 0.977603964 -0.111050787
-0.175481453 0.978364968 -0.109582154
-0.172191925 0.979112723 -0.108112059
-0.006510985 0.999633874 0.026262623
-0.008135506 0.999546143 0.029005533
0.000285218 0.999605215 0.028095071
-0.023350490 0.999332952 0.028078564
-0.024974640 0.999212863 0.030820809
-0.016555727 0.999415353 0.029914209
-0.009760024 0.999448237 0.031748443
-0.011384482 0.999340176 0.034490665
-0.002963877 0.999431613 0.033580739
0.014813202 0.999385680 0.031762117
0.020881224 0.999142759 0.035745240
0.025181137 0.998964996 0.037879386
0.006211090 0.999602804 0.027489219
0.012279983 0.999429111 0.031474644
0.016580778 0.999297464 0.033610355
0.026948094 0.998847136 0.039726564
0.033013560 0.998498829 0.043705756
0.037311518 0.998251883 0.045836972
-0.600955941 0.749244311 -0.278361132
-0.636168247 0.719377813 -0.278900563
-0.597031047 0.749135628 -0.286966443
-0.677366317 0.687616445 -0.261454580
-0.709614499 0.654564087 -0.260754902
-0.673731199 0.687828600 -0.270144570
-0.670029027 0.687971772 -0.278847527
-0.702463261 0.655112188 -0.278160723
-0.666269481 0.688067223 -0.287486478
-0.684747495 0.668683073 -0.289799615
-0.651616094 0.700841996 -0.290201589
-0.655868310 0.694672922 -0.295408685
-0.621560469 0.725577143 -0.295297127
-0.636709795 0.713345741 -0.292811357
-0.617093566 0.731505691 -0.289991302
-0.581254907 0.760608259 -0.289167442
0.560750171 0.736983589 0.377378371
0.590120266 0.711341880 0.381773234
0.587335975 0.713748447 0.381575164
0.566461550 0.732349877 0.377868985
0.595664936 0.706499900 0.382153340
0.592896732 0.708925774 0.381965589
0.618582113 0.684605244 0.385579861
0.646091723 0.656814733 0.388792866
0.643485443 0.659419190 0.388706593
0.442112015 0.831472648 0.336437516
0.419304093 0.846680814 0.327590715
0.462619246 0.815090207 0.348728243
0.352723127 0.888996157 0.292014089
0.328634063 0.901329336 0.282143722
0.374592599 0.875459217 0.305371159
0.396144400 0.861186033 0.318477990
0.372662880 0.874977976 0.309088853
0.417370340 0.846190809 0.331305166
0.326845979 0.906741379 0.266442821
0.368292918 0.887784512 0.276041639
0.335271245 0.902844993 0.269191589
0.392645165 0.876042008 0.279964596
0.432784180 0.854052100 0.288605030
0.400812422 0.871513032 0.282514491
0.408941147 0.866901822 0.285040996
0.448702962 0.844138983 0.293419545
0.417032269 0.862209833 0.287538330
-0.818383411 0.565468836 0.102438219
-0.855007062 0.512402496 0.080041278
-0.847618281 0.522055109 0.094877355
-0.834114574 0.546750738 0.072914389
-0.868845483 0.492528549 0.050231007
-0.862079856 0.502573176 0.065103951
-0.887645859 0.456960627 0.057199770
-0.916139800 0.399407996 0.034075202
-0.910721778 0.410089203 0.049119134
-0.859548080 0.494122948 0.130459231
-0.878218154 0.466908702 0.103581552
-0.892191193 0.438633317 0.107683274
-0.827401301 0.548264652 0.121708495
-0.863345164 0.494757676 0.099247017
-0.895285747 0.438894377 0.076388198
-0.923045104 0.380990369 0.053236029
-0.293381827 0.954849006 0.046802567
-0.289391934 0.956128160 0.045510987
-0.275263951 0.960513493 0.040541164
-0.321381145 0.945250855 0.056700806
-0.303449420 0.951509984 0.050469791
-0.285396457 0.957388938 0.044218596
-0.267229481 0.962885365 0.037949683
-0.253024071 0.966979447 0.030488830
-0.242796079 0.969712151 0.026615952
-0.253010955 0.966907777 0.032784261
-0.232550690 0.972414946 0.018148001
-0.222258020 0.974883467 0.014268776
-0.232544613 0.972370845 0.020443643
-0.232537124 0.972321651 0.022739691
-0.222248914 0.974807530 0.018860027
-0.232528704 0.972267271 0.025035105
-0.186709925 0.982369440 0.009470378
-0.181602746 0.983331950 0.008872365
-0.189395636 0.981826932 0.012048626
-0.171100037 0.985248731 0.003116908
-0.165977587 0.986126310 0.002518381
-0.173796524 0.984765114 0.005695520
-0.176490537 0.984267559 0.008274173
-0.171373572 0.985176220 0.007675569
-0.179182126 0.983756061 0.010852523
-0.223542628 0.968626369 -0.108589364
-0.233362733 0.965547598 -0.115150644
-0.229726481 0.966284920 -0.116272084
-0.230818603 0.967167369 -0.106348729
-0.240625288 0.964029316 -0.112902388
-0.236996032 0.964795690 -0.114027005
-0.243148629 0.962324915 -0.121694301
-0.252898232 0.958958929 -0.128219564
-0.249276172 0.959755318 -0.129348829
-0.921855966 0.355528668 -0.154210712
-0.920543929 0.359705444 -0.152351138
-0.927586466 0.342452724 -0.149363586
-0.906928540 0.389700718 -0.160043663
-0.905478010 0.393821304 -0.158159270
-0.913173533 0.376830556 -0.155283067
-0.919211083 0.363874593 -0.150486758
-0.917857291 0.368035142 -0.148620748
-0.925039544 0.350835552 -0.145658018
-0.843183719 0.498626592 -0.201029197
-0.823121890 0.525948680 -0.214122256
-0.815333614 0.538253025 -0.213341928
-0.857421023 0.473205723 -0.202251165
-0.838169300 0.500999426 -0.215573188
-0.830734156 0.513525335 -0.214877852
-0.801972246 0.552569163 -0.226953381
-0.779765016 0.578460486 -0.239478571
-0.771208915 0.590233516 -0.238455879
-0.751323143 0.600758350 -0.273135389
-0.750191553 0.598976600 -0.280070824
-0.722285242 0.627668755 -0.290406547
-0.803161063 0.540287284 -0.251041743
-0.802113127 0.538550552 -0.258026807
-0.776817439 0.569248320 -0.269278697
-0.749022057 0.597150789 -0.287013751
-0.747814289 0.595302815 -0.293918948
-0.719830611 0.623948592 -0.304190806
-0.809163596 0.523967358 -0.265918186
-0.782799484 0.557558179 -0.276321994
-0.780300867 0.560885561 -0.276654919
-0.813830583 0.517089151 -0.265138816
-0.787755463 0.550873315 -0.275644557
-0.785284214 0.554220127 -0.275986874
-0.754923031 0.590071040 -0.286194663
-0.725588375 0.621444145 -0.295514272
-0.722817049 0.624558186 -0.295740742
-0.155230918 0.987822281 -0.010512035
-0.153467511 0.987939409 -0.020577818
-0.169467370 0.985379823 -0.017533222
-0.123129289 0.992251939 -0.016591211
-0.121345721 0.992252241 -0.026659070
-0.137423724 0.990230655 -0.023621377
-0.151685863 0.987953552 -0.030646008
-0.149887440 0.987864761 -0.040705883
-0.165907958 0.985421967 -0.037657625
-0.207389248 0.976799594 0.053406484
-0.231805175 0.971062148 0.057486215
-0.225070521 0.972310902 0.062886966
-0.220873850 0.974370989 0.042613578
-0.245225823 0.968342072 0.046668271
-0.238525275 0.969739075 0.052075125
-0.256074508 0.964697250 0.061522865
-0.280176802 0.957709982 0.065517553
-0.273513846 0.959248329 0.070942372
-0.390360327 0.910387094 0.137164699
-0.382618331 0.913218761 0.140123902
-0.392130862 0.907817935 0.148660634
-0.371162590 0.920777253 0.120031589
-0.363370079 0.923493153 0.122973910
-0.373029876 0.918444602 0.131560727
-0.374844726 0.915981211 0.143072891
-0.367044137 0.918672993 0.146008677
-0.376608175 0.913387489 0.154562533
-0.065839719 0.997695301 0.016407874
-0.106962471 0.993870631 0.027932022
-0.078154087 0.996640200 0.024500026
-0.123440497 0.992078870 0.023280015
-0.164284017 0.985801556 0.034728285
-0.135683080 0.990256626 0.031335552
-0.147891646 0.988218445 0.039400079
-0.188550260 0.980749571 0.050784619
-0.160069300 0.985964907 0.047444925
-0.105883483 0.994273575 -0.014448065
-0.115174167 0.992930652 -0.028698980
-0.110442698 0.993374692 -0.031766847
-0.115334626 0.993291922 -0.008311527
-0.124629807 0.991946788 -0.022560609
-0.119905276 0.992454464 -0.025629298
-0.124434635 0.991298201 -0.042940642
-0.133658281 0.989377169 -0.057168883
-0.128923404 0.989823332 -0.060237263
-0.072957618 0.994045978 0.080930706
-0.058065895 0.995880212 0.069648795
-0.057697866 0.994069705 0.092175796
-0.073618439 0.996643243 0.035813001
-0.058396606 0.997182883 0.047075828
-0.043146051 0.997364427 0.058331957
-0.027895421 0.997187160 0.069567325
-0.168331151 0.981724211 0.088781734
-0.141655725 0.986041206 0.087500827
-0.145472666 0.988174633 0.048462346
-0.118679239 0.991814725 0.047104018
-0.130204020 0.989200051 0.067306556
-0.114856881 0.989640262 0.086139706
-0.087995409 0.992513071 0.084703084
-0.233769754 0.955146026 -0.181790460
-0.240004884 0.953857723 -0.180424779
-0.220360804 0.964731949 -0.143990910
-0.226610704 0.963485789 -0.142627919
-0.233357262 0.958875799 -0.161559866
-0.246234555 0.952528444 -0.179047782
-0.252448775 0.951159658 -0.177665195
-0.169553560 0.977542463 -0.125149201
-0.183610334 0.974956906 -0.125484168
-0.171475172 0.977343984 -0.124076598
-0.193803613 0.972660750 -0.127950087
-0.207793522 0.969729985 -0.128240429
-0.195717080 0.972418752 -0.126872356
-0.197629612 0.972172063 -0.125793548
-0.211608443 0.969188476 -0.126077613
-0.199541126 0.971920587 -0.124714522
-0.192563823 0.973917247 -0.120018205
-0.182374563 0.975876431 -0.120019627
-0.190432614 0.974217312 -0.120979536
-0.176441339 0.977201197 -0.118094343
-0.166221436 0.978993697 -0.118075295
-0.174303981 0.977468606 -0.119051441
-0.172165650 0.977730560 -0.120008085
-0.161938226 0.979479444 -0.119983459
-0.170026386 0.977987098 -0.120963899
-0.212403103 0.971477727 -0.105432193
-0.205937022 0.973659769 -0.097860095
-0.213451753 0.971599169 -0.102144036
-0.197360370 0.975534481 -0.096857423
-0.190859375 0.977549885 -0.089268813
-0.198405815 0.975643426 -0.093568355
-0.199449349 0.975740684 -0.090277767
-0.192940689 0.977720220 -0.082686524
-0.200490242 0.975826316 -0.086986568
-0.301628981 0.938014600 -0.170729519
-0.316732112 0.931077459 -0.181040147
-0.315428991 0.932195896 -0.177525669
-0.304260964 0.935853799 -0.177772138
-0.319323459 0.928797754 -0.188061851
-0.318029758 0.929944744 -0.184553101
-0.331713453 0.923784114 -0.191282766
-0.346567606 0.916137461 -0.201452345
-0.345307131 0.917373695 -0.197960827
0.463387341 0.880192323 -0.102633558
0.443520653 0.886642372 -0.130976084
0.433513330 0.893383834 -0.118031850
0.483068232 0.866112569 -0.128429361
0.463114410 0.872319640 -0.156791228
0.453403377 0.879609448 -0.143918713
0.423118441 0.891979555 -0.159195657
0.402206840 0.896205637 -0.187203405
0.392297677 0.903182805 -0.174250836
0.587399070 0.808915768 -0.024851814
0.572349571 0.818976578 -0.041150131
0.578814143 0.815241834 -0.018839850
0.574081041 0.815848875 -0.069437539
0.558460474 0.825093214 -0.085691817
0.565565196 0.822259639 -0.063443642
0.556957456 0.828553066 -0.057430037
0.541245116 0.837630570 -0.073680071
0.548276669 0.834715218 -0.051412052
0.456157648 0.888971865 0.040610642
0.452182529 0.891687317 0.020607971
0.439379550 0.897537426 0.037042937
0.481350347 0.876494306 0.007718486
0.477139106 0.878741609 -0.012306876
0.464776075 0.885418534 0.004149803
0.448018305 0.894024193 0.000583024
0.443674910 0.895977103 -0.019432048
0.431106547 0.902296127 -0.002973851
0.446896302 0.891598883 -0.073041956
0.457226040 0.887780117 -0.052828139
0.463772770 0.883224526 -0.069492831
0.433577816 0.900241808 -0.039685818
0.450521279 0.892034202 -0.036132519
0.467311537 0.883492444 -0.032573433
0.483919949 0.874631369 -0.029007796
0.429420578 0.895620335 0.116026644
0.411184642 0.907450183 0.086379134
0.404926143 0.909950601 0.089580815
0.441818009 0.890384370 0.109601649
0.423644713 0.902293925 0.079942671
0.417433855 0.904894369 0.083157422
0.392406596 0.918048768 0.056599668
0.373099677 0.927405635 0.026747334
0.366790444 0.929821029 0.029960389
0.236912999 0.930374390 -0.279777992
0.263502252 0.928867178 -0.260331190
0.293814492 0.919085331 -0.262593219
0.175191903 0.945632778 -0.274019064
0.202090370 0.945616693 -0.254889293
0.232902428 0.937728617 -0.257723689
0.289786112 0.926376564 -0.240521250
0.315748226 0.922868132 -0.220493692
0.345602967 0.911624934 -0.222482737
-0.035208130 0.999245686 -0.016384358
-0.721379596 0.679003220 0.136257498
-0.178649891 0.950866923 -0.252856307
-0.875214012 0.111941094 0.470605593
-0.685127848 -0.615998981 0.388773825
-0.881286525 0.053616326 0.469530989
-0.973782938 -0.047160585 0.222536895
-0.619767623 -0.703751651 0.347306359
-0.973277911 -0.107659352 0.202828924
0.673935009 0.400915507 -0.620546823
0.666558944 0.391288546 -0.634501731
0.655949494 0.392067977 -0.644990669
0.694408978 0.398920945 -0.598880833
0.687335558 0.389453682 -0.613103303
0.677024780 0.390412291 -0.623871533
0.658960184 0.381518338 -0.648240104
0.651134941 0.371622411 -0.661755297
0.640235959 0.372247885 -0.671959395
0.827084071 0.237304095 -0.509527925
0.828564316 0.237369138 -0.507086843
0.834594833 0.232172868 -0.499547018
0.814680625 0.247597566 -0.524395770
0.816205228 0.247676129 -0.521982338
0.822434198 0.242537256 -0.514565516
0.830037812 0.237432629 -0.504641435
0.831504512 0.237493889 -0.502192094
0.837490034 0.232284409 -0.494625511
0.801297113 0.382906291 -0.459680007
0.801573358 0.370566723 -0.469212590
0.794144124 0.375361381 -0.477952867
0.815745653 0.373126885 -0.441967598
0.816063224 0.360795281 -0.451516976
0.808882605 0.365707819 -0.460398440
0.801658567 0.358130062 -0.478629712
0.801548421 0.345610345 -0.487927883
0.794079943 0.350398113 -0.496646963
0.818026866 0.242629731 -0.521500585
0.811733019 0.247749001 -0.528876109
0.830318796 0.232303528 -0.506562699
0.824222425 0.237481015 -0.514062411
0.821336954 0.237650879 -0.518582363
0.824610739 0.232662007 -0.515640883
0.818427892 0.237814402 -0.523087083
0.810756963 0.224326266 -0.540694807
0.807185662 0.213537955 -0.550320679
0.795476430 0.213094193 -0.567281336
0.832797236 0.224842548 -0.505860251
0.829577106 0.214130614 -0.515703312
0.818557107 0.213877545 -0.533123493
0.803440567 0.202688853 -0.559821832
0.799515534 0.191803832 -0.569197857
0.787465587 0.191293069 -0.585922274
0.814654910 0.557106321 0.161151868
0.825825400 0.536681257 0.173163615
0.801318007 0.568747377 0.185515154
0.860526980 0.490951502 0.135867361
0.870402610 0.469680821 0.147645597
0.848877915 0.503623379 0.160529678
0.836445418 0.515852183 0.185082649
0.846489760 0.494691741 0.196812521
0.823254709 0.527636986 0.209406053
-0.338053627 -0.196379453 0.920410156
-0.334544246 -0.199829852 0.920949606
-0.336369044 -0.195882870 0.921132872
-0.334398298 -0.204269984 0.920028017
-0.330875604 -0.207712389 0.920530770
-0.332713101 -0.203773079 0.920748893
-0.331026654 -0.203275383 0.921466480
-0.327501009 -0.206715957 0.921960738
-0.329339074 -0.202776980 0.922180715
-0.328541227 -0.221713102 0.918098014
-0.330329826 -0.224854455 0.916691158
-0.328627903 -0.221321108 0.918161570
-0.331938407 -0.228775249 0.915138667
-0.333716267 -0.231909250 0.913702114
-0.332025956 -0.228383858 0.915204664
-0.332113457 -0.227992425 0.915270510
-0.333892082 -0.231126969 0.913836091
-0.332200895 -0.227600959 0.915336205
-0.398205677 -0.270811738 0.876409289
-0.700344903 -0.325927894 0.635049624
-0.697842758 -0.324196264 0.638680099
-0.405214727 -0.275117644 0.871843625
-0.705128450 -0.329921423 0.627650958
-0.702655488 -0.328210781 0.631310501
-0.895463119 -0.331829879 0.296706476
-0.953947875 -0.287107038 -0.086908003
-0.954712583 -0.285963770 -0.082149903
0.445073859 0.310409054 -0.839973500
0.449428063 0.314967234 -0.835948597
0.414551469 0.297144736 -0.860146549
0.512210634 0.344241203 -0.786853392
0.516243850 0.348587478 -0.782290903
0.483348690 0.332128813 -0.809978084
0.453753746 0.319514476 -0.831876215
0.458058402 0.324036107 -0.827757877
0.423475956 0.306408509 -0.852515067
-0.861517741 -0.439818065 0.253667601
-0.863388016 -0.435050743 0.255522963
-0.861854241 -0.442157359 0.248403175
-0.864403540 -0.425513118 0.267852769
-0.866187584 -0.420702606 0.269682012
-0.864832527 -0.427898855 0.262616203
-0.865232814 -0.430270291 0.257370655
-0.867051707 -0.425477350 0.259211037
-0.865604056 -0.432627675 0.252116864
-0.737355884 -0.583975338 0.339527766
-0.774300956 -0.549388704 0.314054265
-0.754579697 -0.570223438 0.324737912
-0.777274149 -0.542673883 0.318355075
-0.811550494 -0.506193560 0.291811369
-0.793298108 -0.528031925 0.303084803
-0.808761998 -0.513031316 0.287581119
-0.840626574 -0.475020938 0.260196219
-0.823655967 -0.497663230 0.271886297
-0.729403573 -0.578318833 0.365400813
-0.716130005 -0.593140854 0.367888220
-0.720432231 -0.584602120 0.373118964
-0.720787471 -0.595386480 0.354937123
-0.707268515 -0.610008911 0.357295923
-0.711742073 -0.601611522 0.362611083
-0.702567860 -0.607726780 0.370225017
-0.688724940 -0.622067768 0.372410592
-0.693269268 -0.613732385 0.377770143
-0.416899293 -0.268042387 0.868532244
-0.417764569 -0.260437769 0.870428018
-0.400466791 -0.256643285 0.879636614
-0.450962149 -0.275295995 0.849026063
-0.451859647 -0.267702279 0.850974940
-0.434899839 -0.264122632 0.860872444
-0.418607805 -0.252811098 0.872269485
-0.419423255 -0.245174545 0.874055819
-0.402095005 -0.241373133 0.883209272
-0.550550141 -0.158293021 0.819657161
-0.535836745 -0.162384504 0.828559144
-0.558704331 -0.157995270 0.814178706
-0.504130314 -0.166864797 0.847353979
-0.488915038 -0.170797510 0.855447424
-0.512567776 -0.166652808 0.842318893
-0.520955869 -0.166425942 0.837202119
-0.505912116 -0.170413463 0.845583930
-0.529293550 -0.166181086 0.832004918
0.298272928 0.274426047 -0.914179197
0.305459769 0.285656890 -0.908347109
0.594881696 0.423280277 -0.683337087
-0.370133242 -0.103670058 -0.923175987
-0.364845322 -0.088858032 -0.926818289
-0.032200269 0.106603317 -0.993780094
0.311071303 0.299397500 -0.901995444
0.318049883 0.310562174 -0.895765264
0.604827074 0.440962941 -0.663125852
-0.628630358 -0.469046540 0.620337985
-0.628581198 -0.461707169 0.625869129
-0.632602988 -0.470762376 0.614976622
-0.620338662 -0.450752551 0.641873884
-0.620130991 -0.443296988 0.647244416
-0.624423452 -0.452551304 0.636626004
-0.628479278 -0.454328249 0.631347479
-0.628323270 -0.446911835 0.636772864
-0.632504270 -0.456084511 0.626039349
0.619066699 0.419311062 -0.664029108
0.622354527 0.417299481 -0.662220496
0.615860364 0.417854999 -0.667917070
0.631955802 0.418133321 -0.652530758
0.635202619 0.416094262 -0.650679028
0.628802142 0.416712540 -0.656474314
0.625631161 0.415280182 -0.660399894
0.628896386 0.413253620 -0.658567218
0.622442897 0.413836662 -0.664307200
0.780520927 0.442419094 -0.441647401
0.774421081 0.454323749 -0.440297536
0.789862322 0.446300156 -0.420634857
0.748294890 0.457684551 -0.480187057
0.741937161 0.469452317 -0.478689639
0.758438734 0.462046793 -0.459655792
0.768174061 0.466158964 -0.438867214
0.761791577 0.477896120 -0.437365856
0.777495297 0.470004000 -0.417848422
0.681882895 0.571844688 -0.456102368
0.687185110 0.603378935 -0.404611523
0.689921939 0.580929846 -0.431889144
0.676730629 0.616970086 -0.401725739
0.679133717 0.645978715 -0.348552571
0.683568413 0.625088450 -0.376827087
0.689945656 0.632714434 -0.351635376
0.690148042 0.659741632 -0.297383018
0.695793984 0.639893101 -0.326201702
0.621909666 0.782204760 -0.037203244
0.607826673 0.791891053 -0.058781766
0.610575183 0.791495439 -0.027072444
0.615425432 0.781759563 -0.100516280
0.600452039 0.790299303 -0.122001477
0.604453655 0.791489318 -0.090445774
0.593274407 0.800982254 -0.080329985
0.578297121 0.809447458 -0.101819707
0.581931968 0.810202681 -0.070191166
-0.795582245 0.587503578 0.147947413
-0.956539017 0.005889487 0.291544890
-0.791393992 0.590149087 0.159435269
-0.752788632 -0.582055226 0.307442659
-0.255730425 -0.942034771 0.217192171
-0.752357543 -0.580665661 0.311103709
-0.749396202 -0.578012482 0.322965792
-0.255968402 -0.940497088 0.223484684
-0.748929029 -0.576576858 0.326595219
-0.067892437 0.989163136 -0.130180285
-0.047599573 0.990946375 -0.125537099
-0.050102888 0.988817454 -0.140462607
-0.062856460 0.992971769 -0.100280267
-0.042545285 0.994510900 -0.095592726
-0.045079115 0.992845271 -0.110571880
-0.027279902 0.992298456 -0.120828725
-0.006957186 0.993217127 -0.116066083
-0.009478041 0.991332691 -0.131033060
0.079778420 0.977789167 -0.193813697
0.086472932 0.979395760 -0.182500351
0.098082193 0.976405299 -0.192386526
0.056512075 0.983136567 -0.173922042
0.063198238 0.984668328 -0.162586180
0.074842322 0.982151061 -0.172562801
0.093151809 0.980831897 -0.171147687
0.099810213 0.982095496 -0.159769706
0.111425599 0.979179900 -0.169679284
-0.402030535 -0.875412098 0.268374939
-0.497389878 -0.829280886 0.254747956
-0.487777158 -0.833888665 0.258269507
-0.422152126 -0.867876945 0.261872470
-0.516427672 -0.819762417 0.247572292
-0.506940822 -0.824580592 0.251153041
-0.587076320 -0.773701845 0.238173991
-0.670065099 -0.709298911 0.218878545
-0.661822504 -0.715723466 0.223004245
-0.725681417 -0.657387492 0.203047202
-0.783897983 -0.593937750 0.180947235
-0.794996111 -0.579586671 0.179054390
-0.700327346 -0.683438090 0.206043650
-0.760923522 -0.622060653 0.184488314
-0.772538832 -0.608107727 0.182725875
-0.835918847 -0.525810284 0.157363360
-0.881332300 -0.453525254 0.132545168
-0.889741131 -0.437499470 0.130211109
-0.695845509 -0.685649932 0.213736284
-0.615282203 -0.752812976 0.233881241
-0.604062951 -0.761214348 0.235925130
-0.515624467 -0.818600391 0.253031240
-0.566490008 -0.787147897 0.243900102
-0.527700289 -0.811389236 0.251356147
-0.434098847 -0.860710714 0.265961009
-0.291909782 -0.930577353 0.220939967
-0.332774632 -0.915319186 0.226829962
-0.296976312 -0.929122474 0.220310006
-0.363133877 -0.901946905 0.233721132
-0.402806928 -0.883577245 0.238825943
-0.368068972 -0.900129420 0.233006993
-0.372994779 -0.898287471 0.232281109
-0.412491162 -0.879514654 0.237286779
-0.377908970 -0.896419493 0.231553240
-0.470402136 -0.827560023 0.306375976
-0.468510031 -0.831760429 0.297780020
-0.436148581 -0.845963532 0.306790023
-0.533164562 -0.795795535 0.287132402
-0.531322188 -0.800072170 0.278534117
-0.500251788 -0.816458091 0.288347593
-0.466576863 -0.835888881 0.289129399
-0.464601629 -0.839928018 0.280475045
-0.432198947 -0.854046278 0.289497886
-0.838834107 -0.428933452 0.335221471
-0.840622316 -0.436109462 0.321189444
-0.838703806 -0.427865892 0.336907560
-0.842343506 -0.445250474 0.303660062
-0.843655169 -0.452176961 0.289451123
-0.842272930 -0.444214036 0.305368960
-0.842199039 -0.443175742 0.307076603
-0.843563811 -0.450130612 0.292886544
-0.842121719 -0.442135765 0.308783057
-0.736854679 -0.452727812 0.502078391
-0.728364947 -0.438985680 0.526095122
-0.712845021 -0.451051248 0.537033284
-0.766426978 -0.427732221 0.479202291
-0.758308141 -0.414127392 0.503455328
-0.743535555 -0.426651073 0.514901680
-0.719284324 -0.424828933 0.549682125
-0.709603022 -0.410336013 0.572789584
-0.693740541 -0.422261955 0.583454285
-0.764148390 -0.512561063 0.391610003
-0.758530294 -0.497043918 0.421401397
-0.743455192 -0.514854734 0.426847726
-0.793005399 -0.476126431 0.380060599
-0.787382750 -0.460500275 0.409838874
-0.773195934 -0.478889167 0.415732142
-0.752058410 -0.480891726 0.450723080
-0.744722072 -0.464198883 0.479487677
-0.729670920 -0.482107085 0.484925878
-0.006679208 0.874656448 0.484697315
0.071528986 0.858657273 0.507534523
0.161853525 0.842729369 0.513430275
-0.187496525 0.871558535 0.453024031
-0.110335449 0.868268071 0.483669976
-0.019529447 0.867064457 0.497813046
0.149115075 0.836470461 0.527334677
0.225715182 0.808660826 0.543249781
0.313291616 0.780724795 0.540663627
0.397842131 0.755034362 0.521195502
0.376881603 0.763922058 0.523816139
0.388509591 0.757104088 0.525217763
0.374605660 0.768707172 0.518420567
0.353419080 0.777135979 0.520725094
0.365184083 0.770600715 0.522317073
0.355722822 0.772409528 0.526160428
0.334377937 0.780492192 0.528226593
0.346224031 0.774136147 0.529945419
0.339959452 0.785681892 0.516847691
0.301112771 0.805368375 0.510600509
0.324401058 0.795885487 0.511204700
0.293481492 0.804883487 0.515782112
0.253978145 0.822801609 0.508421689
0.277630886 0.814339734 0.509678221
0.261680138 0.823493923 0.503369907
0.221739294 0.840021765 0.495171808
0.245628803 0.832333185 0.496878215
-0.154737072 0.872888679 0.462732961
-0.243825147 0.862996626 0.442477254
0.026585546 0.870496428 0.491456181
-0.064345244 0.875393532 0.479109438
-0.121799693 0.873182367 0.471929431
-0.088712473 0.872480258 0.480529184
-0.178837807 0.868064921 0.463120213
0.592310546 0.706716582 0.386936545
0.580192217 0.708566709 0.401634424
0.592041284 0.705628874 0.389326354
0.568472792 0.712420138 0.411456233
0.555974994 0.713802012 0.425885541
0.568168640 0.711291708 0.413821825
0.567861210 0.710157388 0.416185213
0.555321664 0.711488766 0.430582843
0.567549298 0.709018957 0.418544995
0.609835421 0.706762310 0.358591405
0.607373758 0.706117576 0.363998747
0.611406019 0.705545695 0.358312646
0.601730824 0.707859255 0.369939578
0.599220378 0.707157560 0.375317364
0.603311779 0.706654898 0.369667082
0.604890397 0.705447605 0.369393129
0.602385348 0.704752549 0.374774248
0.606466496 0.704237583 0.369117619
0.540002506 0.717508132 0.439976561
0.549117572 0.714417967 0.433678293
0.527546090 0.719461301 0.451741695
0.582152136 0.706136114 0.403076517
0.590898864 0.702582081 0.396505929
0.570241040 0.708789899 0.415261405
0.558160632 0.711232265 0.427323500
0.567128931 0.707954115 0.420910617
0.545913317 0.713464767 0.439256960
-0.711051178 -0.673777414 0.201072672
-0.782059659 -0.597409655 0.177438421
-0.756175450 -0.626876911 0.187680654
-0.821719205 -0.546155304 0.162763424
-0.802332397 -0.572096482 0.170200883
-0.844127075 -0.514209264 0.151783772
-0.896543723 -0.425128929 0.124397536
-0.935354650 -0.333713955 0.117246218
-0.923151087 -0.362996417 0.126592542
-0.930831519 -0.343390339 0.125043030
-0.920019862 -0.372931918 0.120354635
-0.906558118 -0.401716000 0.129524645
-0.915058611 -0.382442961 0.128082476
-0.909937319 -0.391884140 0.135797263
-0.895728882 -0.420343955 0.144847264
-0.904657545 -0.401257534 0.143482118
0.760245119 0.627272191 0.168988038
0.773484825 0.611787906 0.165640525
0.750081420 0.635379143 0.183497164
0.804881793 0.578377244 0.132834721
0.816964878 0.562012378 0.129269001
0.795791239 0.587319291 0.147554583
0.786398601 0.596036111 0.162228835
0.798973550 0.580039373 0.158731195
0.776704089 0.604535991 0.176824757
0.658724563 0.709848926 0.249392165
0.681036738 0.694438602 0.232258455
0.672815490 0.700060581 0.239237328
0.675392508 0.698840046 0.235515498
0.697175809 0.682887495 0.218198441
0.689157085 0.688714287 0.225244630
0.702648036 0.678314158 0.214885179
0.723536267 0.661492057 0.197290466
0.715859565 0.667644653 0.204439967
0.676619725 0.684594532 0.271138480
0.684980819 0.682951694 0.253728715
0.675837156 0.685326556 0.271240945
0.694620775 0.679560347 0.236007867
0.702450611 0.677392367 0.218409525
0.693853285 0.680306445 0.236115989
0.693084565 0.681052277 0.236223584
0.700928337 0.678896452 0.218629995
0.692315465 0.681796789 0.236331198
0.704576745 0.676105771 0.215528645
0.706140381 0.676194776 0.210062815
0.704786304 0.676739813 0.212836773
0.707288394 0.675019094 0.209981787
0.708827710 0.675084780 0.204508721
0.707487538 0.675643078 0.207286791
0.707681207 0.676261903 0.204590192
0.709199172 0.676307148 0.199110966
0.707869449 0.676875506 0.201892031
0.733799264 0.653519191 0.185610631
0.725275097 0.661414105 0.191069138
0.735213423 0.653471076 0.180102128
0.713609067 0.669120552 0.207460325
0.715131708 0.669171026 0.201982123
0.716630978 0.669200528 0.196496042
0.718107759 0.669207224 0.191005073
0.212122606 0.855633188 0.472118468
0.242477687 0.840776949 0.484044103
0.235811643 0.833212839 0.500149211
0.225153750 0.869656862 0.439320761
0.255613903 0.854987115 0.451285460
0.249102388 0.848043083 0.467729548
0.272567538 0.824846395 0.495313398
0.302284113 0.807866055 0.505941451
0.295505862 0.800135214 0.521976938
0.256339720 0.824395822 0.504639948
0.285196992 0.813184778 0.507339328
0.244030809 0.827726361 0.505290052
0.337803527 0.792858383 0.507212344
0.365815914 0.779468393 0.508534897
0.325818197 0.797088874 0.508420917
0.313778682 0.801187544 0.509550251
0.342058584 0.788419357 0.511263966
0.301689254 0.805158383 0.510591395
0.059708724 0.948778032 0.310250084
0.011151306 0.949839984 0.312537443
0.156286882 0.939949258 0.303430064
0.108127332 0.945481000 0.307203773
0.061854097 0.950504056 0.304493201
0.063998031 0.952182937 0.298750574
0.015447491 0.953452488 0.301147353
0.122459927 0.903324554 0.411106211
0.130348738 0.903671806 0.407904981
0.065725249 0.925677221 0.372561236
0.249208268 0.844161459 0.474643729
0.256996966 0.843842732 0.471043525
0.194248411 0.876344780 0.440780423
0.138274684 0.903972256 0.404616203
0.146147065 0.904183936 0.401363233
0.081538127 0.926873210 0.366411773
0.240834486 0.967598815 -0.075837216
0.297365602 0.953061703 -0.056983240
0.311054247 0.948711295 -0.056498972
0.212847445 0.974073174 -0.076664316
0.269798103 0.961176184 -0.057873379
0.283606896 0.957219981 -0.057419827
0.352769241 0.934943337 -0.037879011
0.406845675 0.913306724 -0.018639347
0.419934571 0.907373258 -0.018130832
0.105158353 0.970789691 -0.215659677
0.083070787 0.969103474 -0.232244917
0.025349832 0.964620909 -0.262419297
0.218765777 0.963895562 -0.151811992
0.197249497 0.965653298 -0.169134101
0.140464160 0.969442565 -0.201124172
0.060946131 0.966662250 -0.248695924
0.038757583 0.963489828 -0.264924897
-0.019112789 0.955583838 -0.294099012
0.170103351 0.985370461 -0.010483555
0.140506448 0.989810709 -0.023080251
0.141764287 0.989836887 -0.011217112
0.167573227 0.985266315 -0.034197983
0.137923372 0.989335954 -0.046813611
0.139229022 0.989642919 -0.034959589
0.110761801 0.993206588 -0.035672088
0.080908345 0.995554107 -0.048227160
0.082211384 0.995951567 -0.036356073
0.476967714 0.859656838 0.183007978
0.470527771 0.860261170 0.196352583
0.469016300 0.862892943 0.188253764
0.479974713 0.854367585 0.199199160
0.473444394 0.854804667 0.212507382
0.472004693 0.857564356 0.204438119
0.463984998 0.860675624 0.209655411
0.457341448 0.860900210 0.222911706
0.455919615 0.863699211 0.214851062
-0.096021016 0.993826092 0.055584743
-0.082776116 0.993306153 0.080566750
-0.107970177 0.992693013 0.053879705
-0.045482335 0.993022136 0.108804390
-0.032103114 0.990515244 0.133599930
-0.057471420 0.992580229 0.107151875
-0.069465904 0.991991002 0.105490950
-0.056085410 0.989884817 0.130316831
-0.081435468 0.991258644 0.103800605
0.450699523 0.853900050 0.260239589
0.431801430 0.868828640 0.242248467
0.417892801 0.878027118 0.233310922
0.477537729 0.833617951 0.277558694
0.459157374 0.849501310 0.259850017
0.445560936 0.859318471 0.251092051
0.412518561 0.882971385 0.224031180
0.392861046 0.896316297 0.205614430
0.378491082 0.904519815 0.196439315
0.058449324 0.971246794 0.230788523
0.023501724 0.974010010 0.225282422
0.089557412 0.964215044 0.249537209
-0.073837536 0.980876673 0.180080458
-0.108677713 0.978803915 0.173585858
-0.042692686 0.978881388 0.199921389
-0.011495589 0.975539465 0.219523582
-0.046452161 0.975855005 0.213422599
0.019743459 0.970877921 0.238759835
-0.421146959 -0.279154331 0.862964714
-0.411022702 -0.273650909 0.869583532
-0.420429165 -0.277706744 0.863781385
-0.402291498 -0.271013988 0.874478684
-0.392040280 -0.265425787 0.880825505
-0.401559237 -0.269557170 0.875265166
-0.400825823 -0.268099184 0.876048793
-0.390558033 -0.262500375 0.882359324
-0.400090970 -0.266640580 0.876829526
-0.401641592 -0.271986938 0.874475350
-0.402195566 -0.273476672 0.873755822
-0.393340045 -0.268381335 0.879349230
-0.419201154 -0.282075043 0.862962376
-0.419741469 -0.283555807 0.862214129
-0.410996415 -0.278535124 0.868043854
-0.402748209 -0.274965791 0.873033615
-0.403299769 -0.276453838 0.872308760
-0.394457587 -0.271367166 0.877931132
-0.960896006 -0.272234589 -0.050667488
-0.882491360 -0.138579421 -0.449449378
-0.632097069 -0.045170935 -0.773571511
-0.651048117 -0.272463727 0.708448916
0.258822798 0.214352306 0.941840670
-0.208470245 0.248360514 0.945968928
0.467140818 0.717387022 -0.516851349
0.793332016 0.576338934 -0.196106466
0.123712240 0.255860694 -0.958765136
-0.933189974 -0.192211412 -0.303663047
-0.860696984 -0.498357258 -0.104118898
-0.926236175 -0.214721390 -0.309808445
-0.700824848 -0.703826066 0.116074978
-0.422168451 -0.849665335 0.315978824
-0.685786734 -0.718652989 0.115041023
-0.668723654 -0.735311458 0.110116913
-0.385528045 -0.868197530 0.312411868
-0.653040991 -0.749474278 0.108746357
-0.763903239 -0.484630561 0.426127987
-0.756618654 -0.475787484 0.448502490
-0.768455949 -0.473941423 0.429947651
-0.739861655 -0.488077348 0.463017530
-0.731843295 -0.478772408 0.484956052
-0.744408594 -0.477401842 0.466844007
-0.748852297 -0.466644154 0.470599055
-0.740608431 -0.457216410 0.492394463
-0.753179884 -0.455827257 0.474280059
-0.601194402 0.750500887 0.274433434
-0.887050381 0.131110468 0.442664283
0.564406598 0.754393981 -0.335164010
-0.018220715 0.999420301 -0.028758772
-0.013428696 0.997839913 -0.064305345
0.590005071 0.726283737 -0.352712274
0.003283289 0.997013025 -0.077163779
0.624196637 0.663818777 -0.411974743
0.623664739 0.673129290 -0.397415718
0.630648520 0.653098969 -0.419218536
0.609138768 0.702687180 -0.367669266
0.607981539 0.711299765 -0.352719566
0.616106339 0.692536166 -0.375242105
0.622948897 0.682238016 -0.382734844
0.622040607 0.691145776 -0.367944288
0.629655068 0.671800300 -0.390152345
0.625826861 0.591719251 -0.508142764
0.625469724 0.617683013 -0.476713037
0.632669515 0.566237730 -0.528303055
0.605127146 0.688258940 -0.400150933
0.601130674 0.710353681 -0.366114137
0.614936077 0.665810152 -0.422552321
0.624091699 0.642612747 -0.444475431
0.621633217 0.666496499 -0.411527107
0.632516395 0.618729299 -0.465936760
0.192942205 0.963419234 0.186001843
0.233901722 0.958832245 0.161030156
0.211058284 0.963163698 0.166643604
0.238720951 0.955219130 0.174839128
0.279183889 0.948524263 0.149526182
0.256624513 0.953946677 0.155337042
0.274331208 0.952012986 0.135696950
0.314126974 0.942979290 0.110064996
0.291848558 0.949406941 0.115977926
0.753110353 0.650903511 -0.095652576
0.735041342 0.668849730 -0.111149739
0.737322525 0.673994699 -0.045679751
0.740313661 0.633433175 -0.225162375
0.720698096 0.650207031 -0.240468443
0.729458970 0.660932415 -0.176232668
0.716191484 0.686317600 -0.126640872
0.696857228 0.703009707 -0.142011816
0.700735293 0.709294161 -0.076627948
0.787035069 0.563916495 0.250147931
0.792197464 0.554211016 0.255486452
0.768585000 0.587617694 0.252947711
0.830971469 0.494849123 0.254186475
0.835386406 0.484657690 0.259299973
0.814477178 0.519870466 0.257607503
0.797239685 0.544419970 0.260798353
0.802166802 0.534549218 0.266055548
0.779280800 0.568475741 0.263736170
0.411370927 0.760076559 0.503048293
0.423044038 0.756498266 0.498742534
0.412010991 0.760609223 0.501717603
0.433382069 0.751756677 0.497033077
0.444921379 0.747942469 0.492571852
0.434014737 0.752275711 0.495693920
0.434646287 0.752793150 0.494353192
0.446175693 0.748961633 0.489881335
0.435276772 0.753308506 0.493011588
0.766119878 -0.128817785 0.629655708
0.478123639 -0.183503674 0.858908719
0.486847464 -0.111186331 0.866381640
0.744746597 -0.262727797 0.613454653
0.445612180 -0.347955241 0.824837520
0.463303732 -0.278974890 0.841143663
0.120152573 -0.235329094 0.964460251
-0.250883212 -0.254781502 0.933886503
-0.235224939 -0.161141422 0.958489786
0.904797537 0.172749876 -0.389228593
0.972868673 0.221984415 -0.065187914
0.866685988 0.283356156 -0.410566300
0.948556187 0.040413578 0.314018952
0.788129115 0.048446765 0.613600366
0.946406707 0.132279966 0.294646155
0.929815246 0.248073523 0.271851310
0.788989129 0.220942382 0.573306740
0.910835318 0.334458836 0.241901450
0.723471909 0.115792758 -0.680573607
0.733148301 0.115468328 -0.670194475
0.733528467 0.105041039 -0.671492642
0.722480111 0.136607202 -0.677761730
0.732148751 0.136287237 -0.667370958
0.732688882 0.125886844 -0.668819486
0.742678793 0.115124627 -0.659677596
0.752057533 0.114757940 -0.649030109
0.752444433 0.104328184 -0.650340684
-0.836310854 -0.485077476 0.255507335
-0.855673528 -0.458980349 0.239081268
-0.849813177 -0.467769769 0.242917696
-0.848398237 -0.467703435 0.247939364
-0.867069444 -0.441227722 0.231319424
-0.861425960 -0.450131491 0.235216830
-0.873901926 -0.432273250 0.222340417
-0.890971679 -0.404992559 0.205305855
-0.885818247 -0.414137710 0.209322692
0.693999492 0.696835445 0.181066474
0.711498450 0.674734177 0.196223716
0.715740302 0.668052364 0.203523610
0.684804064 0.709502944 0.166279784
0.702772662 0.687859448 0.181548795
0.707177864 0.681335641 0.188894715
0.728272281 0.651939569 0.211173586
0.744298927 0.628477888 0.225908503
0.748050734 0.621367261 0.233072577
0.620072390 0.754654599 0.214491648
0.609564100 0.766709193 0.201466179
0.598405790 0.771147045 0.217353963
0.641690624 0.744935680 0.182493766
0.631142365 0.756937334 0.169426057
0.620481365 0.761971987 0.185476592
0.598797217 0.778442375 0.188333112
0.587784850 0.789834635 0.175129148
0.576673837 0.794319965 0.191057790
0.911278226 0.381396455 -0.155269893
0.910149329 0.378924400 -0.167464919
0.913504407 0.367079173 -0.175392641
0.903761086 0.404745172 -0.139273992
0.902850326 0.402375265 -0.151510514
0.906596335 0.390693256 -0.159505065
0.908875588 0.376398069 -0.179637580
0.907461327 0.373811167 -0.191778913
0.910597431 0.361869662 -0.199656369
0.844816019 0.317258553 -0.430851372
0.845517630 0.331970247 -0.418205323
0.850692123 0.327520411 -0.411160909
0.834179589 0.326045078 -0.444790984
0.834920751 0.340783904 -0.432173196
0.840257655 0.336395328 -0.425212014
0.845896466 0.346564018 -0.405404180
0.845956707 0.361024126 -0.392452328
0.851089326 0.356546868 -0.385384600
0.901854035 0.369932697 -0.223179522
0.904838325 0.367273446 -0.215355106
0.899937634 0.367138467 -0.235205446
0.910827617 0.369864334 -0.183285095
0.909361318 0.367253536 -0.195414514
0.907753351 0.364584499 -0.207513847
0.906002825 0.361860810 -0.219580590
-0.531765472 -0.332373843 0.778943587
-0.529408651 -0.331303364 0.781002280
-0.517363332 -0.327774177 0.790505706
-0.555403432 -0.339150170 0.759278730
-0.553102835 -0.338114157 0.761417146
-0.541322838 -0.334750229 0.771305302
-0.527046126 -0.330229056 0.783052458
-0.524677767 -0.329151306 0.785094045
-0.512578416 -0.325588424 0.794515919
0.277349490 0.959216376 -0.054600409
0.274834180 0.959877469 -0.055690384
0.206489908 0.975659295 -0.073829928
0.409221294 0.912266750 -0.017530226
0.341736853 0.939056660 -0.037262738
0.272317706 0.960530389 -0.056784147
0.201355947 0.976566853 -0.075980020
0.168355756 0.939134970 -0.299469278
0.217314494 0.929973049 -0.296520724
0.184146304 0.935324357 -0.302090195
0.234662666 0.928336464 -0.288313791
0.282859152 0.916039533 -0.284362927
0.250231925 0.923544617 -0.290601661
0.265733486 0.918497317 -0.292828266
0.313489601 0.904738934 -0.288395096
0.281161833 0.913205510 -0.294963930
-0.680372815 -0.686432614 0.256715989
-0.884670807 -0.465236862 0.030203065
-0.996541598 -0.061662567 0.055700737
-0.953565511 0.248867891 -0.169639585
-0.992883415 -0.104616364 -0.056902906
-0.964228194 -0.167320904 -0.205591113
-0.913102842 0.164136131 -0.373232541
-0.780548408 -0.580296800 0.232378585
-0.744964422 -0.620173697 0.245789737
-0.753403086 -0.609376707 0.247070474
-0.764324794 -0.602403828 0.230037470
-0.727662421 -0.641421516 0.243075792
-0.736383548 -0.630862172 0.244442611
-0.707117445 -0.658176548 0.258434811
-0.667125249 -0.694181591 0.270288401
-0.676581638 -0.684308038 0.271955503
-0.632426659 -0.739212103 0.231521032
-0.683129840 -0.697273844 0.217123945
-0.635477071 -0.738047116 0.226837708
-0.725306245 -0.655200395 0.211289597
-0.770002929 -0.607484783 0.195083900
-0.728032748 -0.653690047 0.206537263
-0.730735240 -0.652169937 0.201743355
-0.775024240 -0.604097953 0.185480702
-0.733413010 -0.650619490 0.196976232
0.460678193 0.837715035 0.293273118
0.438567027 0.849091045 0.294454344
0.452089404 0.838622443 0.303854519
0.433486135 0.858371644 0.274386391
0.411015857 0.869057987 0.275325590
0.424872963 0.859239983 0.284937917
0.416179398 0.859944540 0.295448974
0.393539723 0.870265045 0.296251984
0.407414174 0.860488839 0.305896466
0.368033281 0.866922093 0.336151140
0.353334770 0.871390901 0.340341649
0.383256334 0.853182491 0.353827952
0.307034158 0.900449786 0.308091235
0.292012485 0.904097362 0.311988252
0.322900270 0.888372304 0.326389438
0.338531472 0.875639286 0.344459408
0.323655836 0.879669708 0.348465355
0.353928221 0.862269013 0.362252625
0.315672379 0.849467990 0.422794374
0.319660949 0.851470620 0.415709829
0.325117122 0.842978938 0.428585309
0.304562631 0.865913150 0.396782082
0.308498095 0.867768076 0.389624810
0.314120831 0.859734821 0.402720922
0.323628723 0.853413974 0.408593979
0.327570726 0.855297888 0.401451047
0.333080200 0.846952876 0.414401263
0.343836902 0.793394311 0.502296379
0.361283452 0.784503167 0.504012945
0.345833567 0.795039097 0.498309119
0.374593381 0.772009428 0.513499019
0.391765607 0.762536427 0.514837749
0.376595965 0.773666904 0.509524289
0.378591133 0.775308440 0.505534940
0.395750725 0.765813091 0.506864552
0.380575953 0.776931430 0.501537135
0.554673436 0.738007009 0.384295503
0.534998098 0.753754134 0.381617270
0.545330962 0.741581263 0.390731842
0.533910800 0.762219399 0.366006620
0.513787232 0.777334581 0.363006376
0.524482939 0.765674998 0.372370038
0.514977696 0.769019928 0.378690273
0.494631215 0.783791431 0.375514253
0.505404350 0.772255804 0.384951186
0.486727290 0.749082661 0.449412630
0.509001384 0.738915977 0.441498324
0.496941906 0.745239472 0.444597427
0.510910648 0.736533013 0.443271284
0.532820380 0.725837926 0.435042236
0.520961732 0.732447860 0.438313821
0.530938588 0.728259515 0.433292390
0.552524203 0.717120337 0.424800456
0.540839860 0.723967035 0.428210204
0.558405438 0.715007563 0.420651342
0.539341118 0.721260100 0.434620555
0.537187809 0.721145868 0.437467593
0.562603209 0.715092961 0.414873097
0.543626266 0.721462401 0.428908484
0.541486890 0.721366401 0.431766678
0.519953786 0.727082822 0.448328709
0.500255832 0.732470808 0.461769009
0.498020127 0.732238746 0.464545340
-0.704786108 -0.451729164 0.547007591
-0.704498049 -0.443348380 0.554188337
-0.709839942 -0.449193598 0.542542504
-0.693873791 -0.439892455 0.570117347
-0.693397579 -0.431392638 0.577148325
-0.699016516 -0.437414295 0.565724884
-0.704124204 -0.434912620 0.561302163
-0.703663218 -0.426425606 0.568347850
-0.709194040 -0.432390135 0.556850594
-0.650773669 -0.476830837 0.590868838
-0.656463811 -0.477956834 0.583620194
-0.654423288 -0.484816293 0.580244192
-0.654704797 -0.463003631 0.597485787
-0.660423573 -0.464147129 0.590261083
-0.658464597 -0.471066159 0.586959154
-0.662098740 -0.479040347 0.576320748
-0.667675811 -0.480082717 0.568972403
-0.665606324 -0.486923686 0.565573643
-0.810528228 -0.463396569 0.358200518
-0.820144085 -0.462530666 0.336792314
-0.816671554 -0.456797389 0.352680760
-0.817348988 -0.474786077 0.326372198
-0.826359433 -0.473580320 0.304715880
-0.823372570 -0.468128587 0.320800930
-0.829307453 -0.461411852 0.315195576
-0.838010323 -0.460043324 0.293426037
-0.835146634 -0.454648370 0.309556068
0.442055789 0.761256513 0.474420910
0.465636555 0.752051832 0.466476838
0.453627376 0.760042806 0.465356999
0.466104586 0.745328939 0.476687830
0.489363462 0.735597759 0.468422180
0.477550264 0.743900270 0.467502015
0.488891567 0.742314631 0.458207404
0.511800972 0.732053274 0.449619582
0.500125091 0.740565944 0.448817307
0.369196369 0.775166403 0.512651040
0.382720453 0.771337261 0.508491774
0.395530999 0.765020494 0.508231121
0.343199925 0.787017300 0.512657373
0.356868303 0.783500174 0.508696856
0.369832032 0.777498618 0.508645424
0.396162534 0.767344392 0.504220022
0.409519094 0.763185767 0.499841571
0.422169379 0.756563155 0.499384830
-0.723267937 -0.481651371 0.494869122
-0.727729443 -0.470922402 0.498640100
-0.714635061 -0.465684083 0.521953125
-0.718926889 -0.454841391 0.525607684
-0.723423162 -0.462943506 0.512193556
-0.732083347 -0.460119435 0.502338610
-0.736324665 -0.449251665 0.505963367
-0.708623294 -0.392507883 0.586336583
-0.700178423 -0.391683614 0.596937285
-0.688813759 -0.385335167 0.614045939
-0.729971229 -0.404435629 0.550975342
-0.721928091 -0.403841901 0.561899947
-0.711217267 -0.397855608 0.579552340
-0.691602237 -0.390791699 0.607427522
-0.682900075 -0.389824986 0.617805768
-0.671150760 -0.383251540 0.634566713
-0.408432399 0.862922814 -0.297568802
-0.432742686 0.849661932 -0.301344269
-0.420445429 0.857384059 -0.296847127
-0.433087756 0.847602085 -0.306603492
-0.457035135 0.833630153 -0.310128447
-0.444939785 0.841742875 -0.305773642
-0.456714798 0.835736791 -0.304886222
-0.480329262 0.821158600 -0.308192072
-0.468408753 0.829583784 -0.303947340
-0.406644981 0.864477275 -0.295497717
-0.419039406 0.856953028 -0.300062467
-0.381577029 0.878924815 -0.286164532
-0.394156248 0.871801703 -0.290865335
-0.379751572 0.880395141 -0.284065377
-0.352437402 0.895338046 -0.272319043
-0.365222247 0.888700107 -0.277172926
-0.545461553 0.779344463 -0.308372993
-0.554830943 0.773818743 -0.305560434
-0.645719101 0.699133451 -0.307016710
-0.654258143 0.692586546 -0.303760034
-0.605794421 0.734717538 -0.305292089
-0.564135054 0.768199727 -0.302689314
-0.573363338 0.762477571 -0.299803997
-0.326295541 0.902688930 -0.280506534
-0.347761418 0.892563251 -0.287041529
-0.355405887 0.888359697 -0.290695209
-0.310762099 0.910440256 -0.272993513
-0.332380984 0.900730820 -0.279654914
-0.340086696 0.896687269 -0.283360159
-0.369017402 0.881896972 -0.293400560
-0.390049463 0.870696186 -0.299582322
-0.397521032 0.866086662 -0.303102167
-0.267684680 0.934487451 -0.234687274
-0.276773102 0.928970199 -0.245786533
-0.275982220 0.931699232 -0.236157478
-0.269255797 0.928988201 -0.253933532
-0.278272369 0.923230799 -0.264970529
-0.277535736 0.926147244 -0.255392244
-0.285795790 0.923233205 -0.256829159
-0.294749338 0.917278529 -0.267811364
-0.294031710 0.920246872 -0.258246098
-0.206787771 0.974331590 -0.088976241
-0.202329935 0.975421727 -0.087264268
-0.215688460 0.972081157 -0.092394325
-0.211240737 0.973218022 -0.090686448
-0.203478895 0.974667724 -0.092839470
-0.200164816 0.974978534 -0.096700073
-0.195703507 0.976052143 -0.094986059
-0.205550828 0.976031327 -0.071496188
-0.206854969 0.975990382 -0.068218742
-0.206947394 0.975065480 -0.080125434
-0.205293932 0.977539228 -0.047659829
-0.206582277 0.977422310 -0.044377807
-0.206733314 0.976776019 -0.056302269
-0.208156811 0.975937235 -0.064940397
-0.209455683 0.975872024 -0.061661253
-0.209563828 0.975023046 -0.073573511
-0.398801846 0.894243228 -0.203189903
-0.408167088 0.889143359 -0.206938918
-0.423796303 0.880761133 -0.211320892
-0.366980496 0.909744828 -0.194138257
-0.376504646 0.905014764 -0.197971032
-0.392401260 0.897228772 -0.202488968
-0.417479786 0.883929809 -0.210662579
-0.426739362 0.878603374 -0.214358644
-0.442194239 0.869859584 -0.218651687
-0.416074411 0.879558258 -0.230779884
-0.447896090 0.863571286 -0.231589564
-0.427652320 0.872822724 -0.235146732
-0.456582577 0.861102355 -0.223685235
-0.467913854 0.853881288 -0.227910885
-0.479151001 0.846488744 -0.232101540
-0.490292814 0.838930110 -0.236239765
-0.199132343 0.978222874 -0.058534771
-0.190011652 0.980299743 -0.053925754
-0.191555163 0.979548765 -0.061569765
-0.196028811 0.979644193 -0.043243042
-0.186888401 0.981621435 -0.038627503
-0.188456106 0.980990669 -0.046277452
-0.180869925 0.982270128 -0.049309892
-0.171709494 0.984133523 -0.044688456
-0.173272342 0.983482257 -0.052338749
-0.219761709 0.967127031 -0.127945678
-0.218980450 0.967024350 -0.130044102
-0.208230071 0.970311548 -0.123027386
-0.241147811 0.960056651 -0.141911804
-0.240363244 0.959941083 -0.144009123
-0.229692075 0.963567307 -0.137038666
-0.218197791 0.966916785 -0.132142558
-0.217414454 0.966804353 -0.134239707
-0.206667420 0.970104483 -0.127223698
-0.166939076 0.980140233 -0.107034892
-0.162415045 0.982459220 -0.091625516
-0.147751577 0.985336649 -0.085329717
-0.143157897 0.987229658 -0.069881469
-0.152801477 0.984951314 -0.080762723
-0.157847354 0.984519753 -0.076191005
-0.153235914 0.986321246 -0.060738410
-0.180927075 0.980822696 -0.072472285
-0.189442381 0.978365954 -0.083136305
-0.163794933 0.985169963 -0.051101504
-0.172375954 0.983091112 -0.061793174
-0.177901716 0.982411778 -0.056728110
-0.174827973 0.983746183 -0.040971047
-0.183415191 0.981677106 -0.051661668
-0.225106246 0.965093292 -0.133873504
-0.238128660 0.959351051 -0.151460565
-0.248133576 0.956800099 -0.151536462
-0.260999151 0.950426712 -0.169022211
-0.249593947 0.954997442 -0.160258377
-0.251030756 0.953117400 -0.168969764
-0.263806016 0.946395820 -0.186390281
-0.316525648 0.919505715 -0.233068132
-0.335950857 0.912890396 -0.231879593
-0.338164508 0.910402801 -0.238351643
-0.312013297 0.924239470 -0.220066136
-0.331474022 0.917720749 -0.218891754
-0.333721342 0.915330507 -0.225388840
-0.355236057 0.905890244 -0.230586663
-0.374369343 0.898507807 -0.229197110
-0.376543290 0.895925992 -0.235651793
-0.561238960 0.794092593 -0.233297628
-0.567948087 0.787979574 -0.237746001
-0.527636899 0.814601852 -0.240879898
-0.638279988 0.736008857 -0.225587275
-0.644484497 0.729249574 -0.229858199
-0.606928729 0.759504312 -0.234074171
-0.574599657 0.781779736 -0.242189344
-0.581194473 0.775505773 -0.246584227
-0.541349180 0.802804608 -0.249891629
-0.948821141 0.288462819 -0.128559885
-0.950283698 0.284475289 -0.126628208
-0.953785077 0.273078719 -0.125387559
-0.941309141 0.311100183 -0.130972432
-0.942871926 0.307144366 -0.129053746
-0.946645819 0.295831116 -0.127850086
-0.951725604 0.280481697 -0.124693197
-0.953146750 0.276481939 -0.122755896
-0.956547076 0.265056103 -0.121502894
-0.905903224 0.400752319 -0.136882899
-0.859847817 0.486035895 -0.156303679
-0.914785126 0.382037825 -0.131206988
-0.779193244 0.599177112 -0.183969228
-0.713639361 0.671549516 -0.199349213
-0.792474079 0.583005769 -0.179134326
-0.805390383 0.566571756 -0.174191778
-0.743061977 0.641563485 -0.190407965
-0.817934122 0.549868522 -0.169199235
-0.335122988 0.922323860 -0.192383160
-0.319276606 0.927492268 -0.194475041
-0.366528219 0.911206692 -0.188041030
-0.350875313 0.916894577 -0.190238925
-0.335083179 0.921600087 -0.195889109
-0.335038968 0.920864965 -0.199390588
-0.319189254 0.926026393 -0.201477890
-0.142259574 0.961278089 -0.236022561
-0.199558159 0.952918360 -0.228304930
-0.149803350 0.961427378 -0.230686700
-0.241409616 0.942571049 -0.230827240
-0.297415636 0.928632576 -0.221777993
-0.248805993 0.941974372 -0.225343872
-0.256178357 0.941305145 -0.219811904
-0.311924506 0.926473480 -0.210594383
-0.263529098 0.940549595 -0.214286895
-0.286871490 0.942468541 -0.171632738
-0.293521596 0.939413491 -0.177051873
-0.285651505 0.944013719 -0.165049436
-0.302489390 0.932874900 -0.195562242
-0.309061442 0.929573630 -0.200932555
-0.301325521 0.934599728 -0.189013964
-0.300147872 0.936280402 -0.182456199
-0.306748302 0.933069840 -0.187846086
-0.298955097 0.937917042 -0.175890511
-0.312486114 0.927902507 -0.203345434
-0.314722298 0.927282489 -0.202724102
-0.312434695 0.927146684 -0.206841941
-0.317045164 0.928126383 -0.195099415
-0.317002968 0.927397682 -0.198601758
-0.316956723 0.926657100 -0.202101596
-0.316906356 0.925904687 -0.205598814
-0.413915116 0.866839233 0.277964063
-0.393520619 0.876187470 0.278275114
-0.422337895 0.865479867 0.269398038
-0.355617724 0.886776375 0.295234982
-0.364297600 0.886000127 0.286864137
-0.372925194 0.885096790 0.278442944
-0.381500216 0.884059696 0.269992666
-0.611879268 0.746875159 0.260348338
-0.584666446 0.769062860 0.258277882
-0.554319769 0.788382654 0.266800269
-0.525694207 0.808643216 0.264086633
-0.555531585 0.789353053 0.261354961
-0.556728509 0.790300470 0.255887738
-0.528100684 0.810556667 0.253194704
-0.482823059 0.853130199 0.197612644
-0.470812913 0.862225197 0.186823206
-0.493984911 0.848036735 0.191866109
-0.435842668 0.880326455 0.187260517
-0.423409477 0.888619193 0.176296185
-0.447279551 0.875757223 0.181632291
-0.458639291 0.871026161 0.175964278
-0.446305083 0.879527173 0.165056732
-0.469911833 0.866134527 0.170275805
-0.318524375 0.921752277 0.221167270
-0.323484078 0.916597473 0.234961963
-0.308283915 0.922655041 0.231665068
-0.348747623 0.909150235 0.227642145
-0.353611841 0.903714331 0.241369164
-0.338598039 0.910282016 0.238197439
-0.328369593 0.911218825 0.248703966
-0.333177688 0.905621203 0.262379237
-0.318072186 0.911960128 0.259150166
-0.349105601 0.927883911 0.130983691
-0.355168386 0.925967283 0.128218597
-0.343307460 0.931559637 0.119735668
-0.372609108 0.916131966 0.147867081
-0.378630990 0.914105528 0.145085001
-0.366944650 0.920148465 0.136669038
-0.361216065 0.924005532 0.125446125
-0.367244823 0.921999630 0.122669976
-0.355423213 0.927702449 0.114203787
-0.187945678 0.903907212 0.384224120
-0.234836500 0.892293993 0.385568732
-0.234076814 0.892444880 0.385681449
-0.189480384 0.903670564 0.384026946
-0.236355518 0.891990808 0.385342013
-0.235596119 0.892142793 0.385455193
-0.281178957 0.878597123 0.386012293
-0.326864740 0.862848360 0.385554341
-0.326125882 0.863064430 0.385696381
0.380148112 0.889222517 0.254500939
0.223941655 0.945748155 0.235394483
0.415593065 0.874071930 0.251556487
-0.015725493 0.977963761 0.208181630
-0.179120545 0.968333111 0.173916121
0.022858635 0.977598239 0.209234713
0.061476561 0.975847362 0.209624805
-0.102777272 0.978571972 0.178420089
0.099931674 0.972551901 0.210134389
0.534790121 0.801599364 0.267278855
0.626004371 0.731608638 0.269939489
0.647522164 0.714952040 0.263739695
0.486841236 0.828310370 0.277286030
0.581488808 0.763132334 0.281957103
0.603965504 0.747643679 0.276142353
0.708906063 0.651890304 0.269241946
0.782431899 0.563565141 0.264942739
0.799507924 0.542966399 0.256855153
0.165389676 0.958607881 0.231769681
0.177135412 0.955424878 0.236191340
0.141818505 0.964492049 0.222806190
0.153617272 0.961630788 0.227305875
0.190098401 0.952637024 0.237371648
0.214677876 0.946020531 0.242813848
0.226291448 0.942201671 0.247079322
0.086288374 0.983919087 0.156389089
0.075726863 0.985096435 0.154435930
0.098828006 0.976064137 0.193731325
0.082018001 0.981471496 0.173166826
0.065148531 0.986158314 0.152471138
-0.040256621 0.999096777 0.013602780
-0.049318599 0.998697048 0.013110367
-0.038165415 0.999145950 0.015835759
-0.062553576 0.998008331 0.008149947
-0.071604154 0.997403751 0.007655259
-0.060465359 0.998116289 0.010383324
-0.058376594 0.998214900 0.012616952
-0.067429666 0.997650387 0.012122067
-0.056287178 0.998304177 0.014850033
-0.064819570 0.997884162 0.005061808
-0.070001023 0.997537055 0.004436375
-0.078868554 0.996873487 0.004796130
-0.047063208 0.998882482 0.004340775
-0.052250032 0.998627122 0.003715498
-0.061127943 0.998121616 0.004076059
-0.075180556 0.997162656 0.003810612
-0.080358028 0.996760976 0.003184877
-0.089218243 0.996005794 0.003544541
-0.735726305 0.611602923 -0.290944444
-0.702596132 0.645222207 -0.300078286
-0.796813999 0.540209135 -0.270668694
-0.767156707 0.576571791 -0.281132632
-0.745702708 0.601628584 -0.286304941
-0.755513942 0.591518721 -0.281610166
-0.723416638 0.626011799 -0.291165924
-0.369944113 0.898190436 -0.237476935
-0.356773040 0.903335791 -0.238112256
-0.382947333 0.891726265 -0.241196203
-0.317000272 0.919885974 -0.230912586
-0.303557351 0.924297292 -0.231360004
-0.330302212 0.914195868 -0.234832629
-0.343529853 0.908299923 -0.238701677
-0.330218552 0.913082732 -0.239239696
-0.356681022 0.902200556 -0.242513515
-0.729720181 0.651904701 -0.206224921
-0.756089794 0.623182803 -0.199928528
-0.673607801 0.706250054 -0.217860947
-0.702211461 0.679606891 -0.212211069
-0.751620539 0.627579195 -0.203004729
-0.772708166 0.602576477 -0.199558712
-0.797096782 0.572269096 -0.192729869
-0.664007243 0.714619230 -0.220031221
-0.693921067 0.687986273 -0.212481624
-0.642386387 0.734697487 -0.218081022
-0.673081712 0.708901149 -0.210760931
-0.683576186 0.698521817 -0.211638534
-0.722683137 0.660214415 -0.204562971
-0.750243881 0.631345353 -0.196308848
-0.304100346 0.922008767 0.239630578
-0.305950882 0.917417404 0.254439316
-0.299644057 0.922496812 0.243337361
-0.316660664 0.911696579 0.261792612
-0.318388727 0.906739773 0.276498828
-0.312200450 0.912164389 0.265493893
-0.307727342 0.912602000 0.269186688
-0.309430595 0.907563816 0.283867268
-0.303245647 0.913008470 0.272869219
-0.332387643 0.903020202 0.272163500
-0.327939800 0.903520111 0.275874785
-0.351356823 0.896221153 0.270806254
-0.337457636 0.900207926 0.275223605
-0.323481077 0.903989093 0.279577740
-0.211519606 0.929352036 0.302595850
-0.242206372 0.922226774 0.301386547
-0.225507699 0.930679523 0.288065796
-0.256096005 0.923153561 0.286709502
-0.249164159 0.922739532 0.294056081
-0.272656056 0.914187436 0.299866647
-0.302831544 0.905241274 0.298045789
-0.287702571 0.934957999 0.207559080
-0.289182681 0.936689718 0.197448090
-0.304785234 0.929487568 0.207747016
-0.256212515 0.948407486 0.186757563
-0.257640204 0.949964517 0.176603913
-0.273464505 0.943517068 0.187063379
-0.290632176 0.938321983 0.187309355
-0.292046344 0.939853414 0.177156693
-0.307702261 0.932825058 0.187501277
0.105148884 0.976381315 0.188741197
0.057627101 0.982928630 0.174729579
0.122725572 0.976346809 0.178003772
-0.025388760 0.983162998 0.180958367
-0.073040525 0.983446858 0.165823274
-0.007734705 0.985296365 0.170678786
0.009945391 0.987025568 0.160254848
-0.037767917 0.988640254 0.145478630
0.027614449 0.988321192 0.149862149
-0.053267641 0.990867606 0.123870678
0.012555246 0.994787248 0.101196325
-0.117528118 0.987012117 0.109518132
0.205869966 0.973116580 0.103255404
0.269880869 0.959678151 0.078626735
0.142486920 0.985619174 0.090842294
0.078379124 0.993889394 0.077721205
0.143866271 0.988095855 0.054489238
0.013977948 0.997794856 0.064884846
-0.683007296 0.658135095 -0.316795249
-0.684303030 0.660058371 -0.309923073
-0.606700547 0.725106036 -0.325784719
-0.608016166 0.727067606 -0.318887186
-0.646998470 0.694467331 -0.314814399
-0.685564291 0.661961596 -0.302999089
-0.686783989 0.663818911 -0.296094926
-0.631537155 0.717679737 -0.293422249
-0.617443160 0.727776200 -0.298505857
-0.577170409 0.756917090 -0.306514009
-0.706090826 0.652689959 -0.274648070
-0.693193330 0.664028624 -0.280265934
-0.656150062 0.696784851 -0.289755014
-0.603147118 0.737629707 -0.303506128
-0.588654830 0.747246190 -0.308396861
-0.547330127 0.775036042 -0.315830438
-0.337018422 0.896296331 -0.288221217
-0.326108349 0.900903635 -0.286401788
-0.348123078 0.890039166 -0.294347763
-0.292539671 0.916772307 -0.271935798
-0.281440457 0.920825688 -0.269946887
-0.303875722 0.911168133 -0.278266382
-0.315150690 0.905381470 -0.284542503
-0.304148863 0.909729711 -0.282639917
-0.326363708 0.899414130 -0.290759269
-0.303980642 0.908997914 -0.285164097
-0.325969165 0.902202212 -0.282445166
-0.337312762 0.896862906 -0.286106672
-0.280962409 0.918711222 -0.277542457
-0.303119340 0.912420937 -0.274966724
-0.314571018 0.907389858 -0.278726963
-0.347783679 0.894924214 -0.279566030
-0.369410206 0.887165076 -0.276539740
-0.380557238 0.881331254 -0.280056083
-0.296408355 0.915664686 -0.271477938
-0.280375102 0.925635095 -0.254144590
-0.278414563 0.920858218 -0.272956907
-0.262283167 0.930539258 -0.255546923
-0.271337721 0.928128282 -0.254860222
-0.264150863 0.934998571 -0.236647405
-0.247753107 0.943746918 -0.218998064
-0.824078854 0.552713130 -0.124105754
-0.975875766 0.216398290 -0.028952895
-0.945622096 0.312976587 -0.088569226
-0.926871887 0.375154017 -0.012960268
-0.995349630 0.015607166 0.095055412
-0.992256709 0.118169509 0.038243836
-0.985648434 -0.150163582 0.077123693
-0.852034162 -0.493509159 0.174603829
-0.906801503 -0.406103650 0.113096686
-0.273772496 0.929336758 -0.247753529
-0.344591537 0.905717856 -0.246843753
-0.158141548 0.953575785 -0.256289824
-0.615718889 0.759747945 -0.208981601
-0.672639894 0.711980061 -0.201593566
-0.518244103 0.824168876 -0.228404714
-0.413491512 0.876999895 -0.244736497
-0.480091921 0.843470880 -0.240974319
-0.302943631 0.917604758 -0.257345420
-0.265421440 0.948039242 -0.175422502
-0.259949340 0.948121645 -0.183007340
-0.814714885 0.578682164 -0.036967687
-0.811968312 0.581799866 -0.047078404
-0.569523999 0.812831494 -0.122259466
-0.254690009 0.947653095 -0.192578841
-0.249201394 0.947541585 -0.200158960
-0.150673250 0.914111448 0.376427725
-0.140312101 0.913162866 0.382682758
-0.234902956 0.895450642 0.378138533
0.041426421 0.925806059 0.375721961
0.051900686 0.922987142 0.381314901
-0.044408044 0.922358604 0.383774064
-0.129919436 0.912038809 0.388980913
-0.119510913 0.910826559 0.395110264
-0.214466877 0.894975624 0.391181020
-0.580036850 0.749673708 0.318663746
-0.615684123 0.721751058 0.316241159
-0.593300406 0.739093718 0.318959409
-0.624889929 0.715100841 0.313278413
-0.658939231 0.685327632 0.310040523
-0.637570015 0.703824796 0.313265276
-0.650065761 0.692344721 0.313166561
-0.683111066 0.661515675 0.309445121
-0.662374710 0.680666238 0.312974785
-0.746671492 0.628135675 -0.218922947
-0.753050180 0.619634046 -0.221289573
-0.715706253 0.658222357 -0.233469246
-0.815245921 0.546063776 -0.192843046
-0.820782547 0.536925091 -0.195006300
-0.788112019 0.579157467 -0.208461206
-0.759340717 0.611049384 -0.223652246
-0.765541752 0.602401564 -0.225960576
-0.728994039 0.641682427 -0.238351326
-0.582845190 0.765870825 -0.271538881
-0.551796964 0.786276880 -0.278008596
-0.595876494 0.754720198 -0.274460609
-0.565179545 0.775594524 -0.281114240
-0.558509321 0.780963830 -0.279576168
-0.519963158 0.805561539 -0.284093154
-0.487390462 0.823700720 -0.289771741
-0.924820830 0.365656750 0.104888384
-0.891436040 0.431108928 0.139595414
-0.908877822 0.398715819 0.122338870
-0.931624887 0.352016789 0.090328573
-0.938016822 0.338210982 0.075748095
-0.839171261 0.512316818 0.182546084
-0.840164769 0.510201306 0.183896137
-0.846405255 0.500617121 0.181605733
-0.826309277 0.531251156 0.187043279
-0.827341660 0.529159928 0.188402624
-0.833809910 0.519715990 0.186162092
-0.841152084 0.508081987 0.185245419
-0.842133297 0.505959096 0.186592879
-0.848334384 0.496351530 0.184293059
-0.724171262 0.661516422 0.194864075
-0.686536845 0.700800896 0.193766002
-0.707715124 0.680794646 0.188833133
-0.682197724 0.701896013 0.204812727
-0.642396152 0.738965775 0.203117621
-0.664754100 0.720195708 0.198545029
-0.646864667 0.738010858 0.192109541
-0.605276968 0.773031066 0.189901983
-0.628536100 0.755320674 0.185561444
-0.686739273 0.702390867 0.187179701
-0.724417067 0.663149489 0.188288787
-0.605402685 0.774525867 0.183295584
-0.647028538 0.739553026 0.185513860
-0.665139406 0.723348905 0.185353532
-0.642933976 0.743648657 0.183364601
-0.682856574 0.706716904 0.185089484
0.973042043 0.134623782 0.187258165
0.839115148 0.401315657 0.367194106
0.837302103 0.401084919 0.371558979
0.974766579 0.134266798 0.178332675
0.842756371 0.402455949 0.357478543
0.840989091 0.402233124 0.361864426
0.603362342 0.619927412 0.501641195
0.294342909 0.763242835 0.575171824
0.291293424 0.761117559 0.579524117
0.975990489 0.139287014 0.167456543
0.966376307 0.176314397 0.187163209
0.966472072 0.178044373 0.185018743
0.975736634 0.135819465 0.171729711
0.966161551 0.172846518 0.191457406
0.966272196 0.174578678 0.189315419
0.954971578 0.213010880 0.206532443
0.941798585 0.249312419 0.225518830
0.941855619 0.251037637 0.223356438
0.800225860 0.532225474 0.276359581
0.729762709 0.622987572 0.281660918
0.652765996 0.685546354 0.322370519
0.565140387 0.760184090 0.320525338
0.651268500 0.695662245 0.303155705
0.649567031 0.705563588 0.283271416
0.560742764 0.778626423 0.281617551
0.857839465 0.423621401 0.290957662
0.908275516 0.323836870 0.264887277
0.884513679 0.374339897 0.278397546
0.891749404 0.362408710 0.271003557
0.920933379 0.299268239 0.249640207
-0.009786705 0.999946184 0.003442170
-0.005717136 0.999897242 -0.013146112
-0.032880812 0.999452673 -0.003634113
0.044528109 0.998886744 -0.015573040
0.048599896 0.998300095 -0.032170942
0.021457102 0.999512799 -0.022666238
-0.001640080 0.999556038 -0.029749585
0.002445294 0.998923568 -0.046321984
-0.024728458 0.999016899 -0.036793200
0.089427061 0.994932190 0.045964538
0.125939671 0.991138818 0.042226080
0.127236993 0.990438793 0.053308028
0.086794119 0.995941945 0.023799634
0.123313110 0.992165950 0.020015125
0.124632713 0.991715190 0.031107384
0.162286923 0.985996195 0.038398681
0.198404123 0.979512207 0.034520136
0.199688119 0.978796326 0.045633395
-0.095293166 0.995424998 0.006948756
-0.102722962 0.994700304 -0.004392939
-0.080381072 0.996323821 0.029626441
-0.087846335 0.995966103 0.018290526
-0.078876091 0.996644988 0.021847887
-0.062421834 0.997373491 0.036737375
-0.069900169 0.997230458 0.025404331
-0.434298538 0.893753755 0.112200740
-0.458922960 0.881103341 0.114221797
-0.479085659 0.869418725 0.120780844
-0.392619248 0.914385015 0.098742949
-0.417807410 0.902916886 0.100886394
-0.438494128 0.892271848 0.107581824
-0.483196628 0.867774347 0.116140868
-0.507096040 0.853776945 0.117976842
-0.526606247 0.840958676 0.124396008
-0.363516998 0.926666576 0.095626611
-0.343310391 0.935054299 0.088382316
-0.357563952 0.929665700 0.088711369
-0.335002535 0.937419494 0.094963116
-0.314566090 0.945179210 0.087660912
-0.328975673 0.940226039 0.088034098
-0.322920035 0.942945739 0.081092445
-0.302358000 0.950336104 0.073762651
-0.316834457 0.945578251 0.074146463
-0.208256178 0.967453759 -0.143744873
-0.188458627 0.972017386 -0.140233903
-0.195685604 0.969786769 -0.145673493
-0.193818379 0.971996617 -0.132879695
-0.173955013 0.976225671 -0.129317794
-0.181215028 0.974163984 -0.134779993
-0.168580698 0.976168158 -0.136661171
-0.148632056 0.979903962 -0.133029082
-0.155919139 0.978009161 -0.138518243
-0.241707185 0.958247987 -0.152769213
-0.248388786 0.955620574 -0.158405585
-0.255818248 0.953187712 -0.161214794
-0.226763196 0.962777799 -0.147096441
-0.233478377 0.960288268 -0.152755653
-0.240941755 0.957987483 -0.155586158
-0.255049263 0.952913535 -0.164029472
-0.261688639 0.950127127 -0.169639319
-0.269081411 0.947557497 -0.172423851
-0.077949648 0.996161734 -0.039820259
-0.084836690 0.995263832 -0.047461995
-0.067142293 0.997397067 -0.026286949
-0.113187077 0.990177404 -0.082081635
-0.120017762 0.988712355 -0.089686208
-0.102466390 0.992368186 -0.068600451
-0.091714976 0.994259788 -0.055098436
-0.098583027 0.993149743 -0.062729385
-0.080935457 0.995851665 -0.041580193
-0.022683561 0.999432203 0.024914390
-0.031101364 0.999182690 0.025819702
-0.005843608 0.999716136 0.023097628
-0.014264014 0.999610028 0.024006888
-0.022016278 0.999521006 0.021749552
-0.021348716 0.999599336 0.018584925
-0.029767058 0.999366806 0.019491237
0.070872960 0.990746125 0.115754648
0.083565797 0.988977231 0.122232544
0.092633220 0.985222900 0.144065691
0.052572136 0.996029826 0.071838404
0.065314970 0.994783633 0.078354816
0.074463185 0.992164911 0.100319609
0.096254101 0.987004441 0.128675487
0.108912786 0.984828448 0.135096012
0.117909607 0.980555918 0.156867511
-0.568931429 0.772037766 -0.283327932
-0.609124758 0.743589338 -0.275757005
-0.585683609 0.761257959 -0.278318218
-0.625269072 0.732045508 -0.270458800
-0.617229587 0.737857164 -0.273119831
-0.647806425 0.713296459 -0.267497660
-0.684880109 0.681233484 -0.258573351
-0.562035864 0.776007635 -0.286230393
-0.529859304 0.796694871 -0.290734244
-0.562632025 0.777595367 -0.280696721
-0.495627314 0.812914829 -0.305815379
-0.461914936 0.831194417 -0.309435670
-0.496268608 0.814569084 -0.300324285
-0.496894450 0.816201444 -0.294806899
-0.463193499 0.834490517 -0.298458304
-0.497504827 0.817800019 -0.289295827
-0.508601148 0.810420640 -0.290763233
-0.541296826 0.790506054 -0.286527355
-0.593993654 0.752649995 -0.284059017
-0.624433351 0.729667523 -0.278690325
-0.583644091 0.761101674 -0.282990842
-0.573190194 0.769419245 -0.281863491
-0.604231933 0.747187779 -0.276792692
0.396835703 0.869159981 0.295097192
0.365845953 0.885912141 0.285160336
0.400376049 0.866162954 0.299099912
0.326949604 0.906662414 0.266584365
0.294893734 0.920655391 0.255795500
0.330664968 0.904087427 0.270714983
0.334365163 0.901477481 0.274842298
0.302440073 0.915836043 0.264148337
0.338056485 0.898834701 0.278951596
0.497866805 0.787853483 0.362512806
0.524366074 0.767617644 0.368515093
0.491188322 0.792697718 0.361060051
0.562912614 0.735781343 0.376503923
0.587855356 0.713393247 0.381439584
0.556607627 0.741167091 0.375312261
0.550263492 0.746500777 0.374094479
0.575529465 0.724527189 0.379244233
0.543880847 0.751782133 0.372850170
0.607843667 0.728013140 0.317053535
0.548564024 0.774853686 0.314132577
0.616144111 0.718831633 0.321943346
0.467196963 0.832292666 0.298355353
0.401158206 0.868442844 0.291340214
0.476718536 0.824857604 0.303890391
0.486143480 0.817264468 0.309424153
0.420961062 0.855015614 0.302886255
0.495499844 0.809539440 0.314842499
0.295657397 0.921422319 0.252126184
0.298992293 0.919215302 0.256216387
0.283427674 0.925764647 0.250257013
0.326549926 0.907607131 0.263845487
0.329827989 0.905234063 0.267889508
0.314460765 0.912370948 0.262094793
0.302317134 0.916977957 0.260299397
0.305632764 0.914710817 0.264372342
0.290122214 0.921427542 0.258457707
0.207075589 0.951936513 0.225691330
0.199059084 0.955968950 0.215635915
0.224234985 0.945509723 0.236072098
0.156224856 0.970381260 0.184266124
0.148049737 0.973547843 0.174028370
0.173654222 0.965318721 0.194946089
0.191008542 0.959828038 0.205538012
0.182919217 0.963512531 0.195407682
0.208274066 0.953911441 0.216043690
0.247589122 0.935985744 0.250260493
0.262900593 0.930905450 0.253571136
0.247534899 0.936229062 0.249402522
0.278243553 0.925065631 0.258522928
0.293405568 0.919472821 0.261692386
0.278192221 0.925319482 0.257668286
0.278140788 0.925572678 0.256813005
0.293305402 0.919988803 0.259985659
0.278088988 0.925825059 0.255957956
-0.321939080 0.939813793 0.114478222
-0.385131218 0.915033056 0.119951870
-0.370449399 0.922014035 0.112504943
-0.351780222 0.927082024 0.129497473
-0.414126591 0.900188552 0.134758073
-0.399689410 0.907753604 0.127403963
-0.446536926 0.886003156 0.124912692
-0.505865445 0.852865529 0.129307930
-0.492184264 0.861885115 0.122101186
-0.759659746 0.646974056 0.065891139
-0.657609173 0.747861270 0.090849857
-0.725019378 0.685132045 0.070292129
-0.625507269 0.772860873 0.106895869
-0.584344638 0.803923986 0.110668734
-0.541606593 0.832873076 0.113950592
-0.497433603 0.859568700 0.117053240
-0.799344878 0.595764520 0.078181857
-0.732284726 0.674194537 0.096025028
-0.780641260 0.620274006 0.076546591
-0.701765269 0.702752201 0.116896755
-0.623491452 0.770401030 0.133194082
-0.679803397 0.724320736 0.115007883
-0.657188260 0.745229030 0.112859577
-0.574896109 0.808063395 0.128561325
-0.633959562 0.765401011 0.110709373
-0.540928816 0.827651956 0.149627052
-0.581387122 0.798280194 0.157282378
-0.545037635 0.822647057 0.161820259
-0.612746994 0.777713854 0.140364820
-0.650652662 0.744943445 0.147344415
-0.616622739 0.772360409 0.152432921
-0.620369611 0.766858534 0.164528219
-0.657765349 0.733484571 0.171304204
-0.623999319 0.761220926 0.176543344
-0.236590729 0.971252395 0.026336516
-0.246835442 0.968586354 0.030211585
-0.265109565 0.963520446 0.036677902
-0.261081692 0.964668107 0.035380683
-0.257048781 0.965797227 0.034082836
-0.257947898 0.965604589 0.032720932
-0.247746441 0.968460929 0.026554304
-0.247399700 0.968594717 0.024852834
-0.237157557 0.971291554 0.018681809
-0.242457566 0.969898311 0.022618488
-0.237507793 0.971171744 0.020383605
-0.227233518 0.973736623 0.014209756
-0.190998787 0.981590142 0.000507271
-0.183201007 0.983071853 -0.002669061
-0.183915780 0.982654582 -0.023768867
-0.176092175 0.984004838 -0.026944843
-0.179661244 0.983617068 -0.014808812
-0.175388335 0.984481974 -0.005845938
-0.167564873 0.985819760 -0.009022997
-0.156403772 0.986264002 -0.053114769
-0.162875019 0.984546437 -0.064343151
-0.170575278 0.983580124 -0.058942460
-0.140965722 0.987950084 -0.063900677
-0.147431339 0.986214554 -0.075132246
-0.155158738 0.985424716 -0.069741636
-0.169316968 0.982660589 -0.075564083
-0.175728685 0.980607140 -0.086770192
-0.183432940 0.979659061 -0.081366340
-0.143100269 0.987488151 -0.066253037
-0.158325038 0.984987395 -0.068796902
-0.148473236 0.986303603 -0.071839416
-0.162798456 0.984823107 -0.060167356
-0.177977482 0.982035596 -0.062690542
-0.168160538 0.983564678 -0.065746160
-0.173511899 0.982245707 -0.071323150
-0.188655913 0.979264009 -0.073830525
-0.178852175 0.980866537 -0.076894323
-0.866764802 0.460104572 -0.192412473
-0.873414115 0.447136471 -0.192916460
-0.852915693 0.485748220 -0.191268104
-0.859931363 0.472978288 -0.191858254
-0.875800416 0.446843190 -0.182496014
-0.884523620 0.433422582 -0.172519076
-0.890773181 0.420250966 -0.172951628
-0.883058473 0.424782675 -0.199417683
-0.875423355 0.439068045 -0.202121752
-0.887489953 0.417650309 -0.194755750
-0.857928824 0.467116735 -0.213916081
-0.849568917 0.481023595 -0.216446195
-0.862780150 0.460197149 -0.209353761
-0.867552083 0.453235537 -0.204770433
-0.859446734 0.467279850 -0.207366469
-0.872243884 0.446231172 -0.200170796
-0.831494521 0.503488282 -0.234768845
-0.843356721 0.487170988 -0.226746268
-0.839050183 0.492409737 -0.231359981
-0.840229436 0.493082209 -0.225575776
-0.851799441 0.476595492 -0.217472870
-0.847606585 0.481899826 -0.222116264
-0.854821488 0.470624439 -0.218615784
-0.865883270 0.453856458 -0.210381742
-0.861872664 0.459259344 -0.215072934
-0.166463008 0.986047117 0.001072136
-0.150464014 0.988613522 -0.001971033
-0.156900152 0.987447665 0.018150774
-0.140881093 0.989911169 0.015112721
-0.145679108 0.989310055 0.006573642
-0.134420609 0.990911700 -0.005010185
-0.118343254 0.992940143 -0.008046494
-0.170640790 0.984935486 -0.027996578
-0.166383373 0.985877379 -0.019035943
-0.151182246 0.988430950 -0.012173142
-0.146888043 0.989147920 -0.003208587
-0.156647785 0.987591890 -0.011123393
-0.162109321 0.986721392 -0.010072819
-0.157818323 0.987467541 -0.001109766
-0.148766718 0.987917458 -0.043446052
-0.144565686 0.989025943 -0.030470415
-0.154094715 0.987111401 -0.043196072
-0.129659463 0.991395500 -0.017982923
-0.125400639 0.992093600 -0.004996784
-0.134999556 0.990686907 -0.017736180
-0.140337551 0.989949257 -0.017488307
-0.136081343 0.990687428 -0.004504303
-0.145669669 0.989183039 -0.017241304
-0.114445072 0.993421864 0.003914814
-0.115954266 0.993196073 0.010778177
-0.129431138 0.991558725 0.007673076
-0.087427872 0.996119440 0.010120664
-0.088935534 0.995892519 0.016987121
-0.102454168 0.994640827 0.013884145
-0.117456991 0.992921218 0.017643965
-0.118953309 0.992597378 0.024506222
-0.132430773 0.990961283 0.021396854
-0.161962131 0.979136339 -0.122720405
-0.151350379 0.981886494 -0.113982350
-0.152876486 0.981688546 -0.113650243
-0.158913230 0.979552081 -0.123386815
-0.149823580 0.982082019 -0.114314494
-0.140708567 0.984443693 -0.105222215
-0.131569456 0.986636696 -0.096111960
-0.217146422 0.965608905 -0.142992567
-0.210290926 0.969744319 -0.123990652
-0.230573186 0.956109025 -0.180808013
-0.223907342 0.961063260 -0.161934901
-0.213927161 0.966474499 -0.141993708
-0.210707440 0.967328047 -0.140992287
-0.203836470 0.971376512 -0.121976909
-0.338348662 0.922857172 -0.183996801
-0.340679037 0.921057257 -0.188656627
-0.353191476 0.915181444 -0.194161545
-0.313057169 0.933874395 -0.172840455
-0.328090103 0.926729218 -0.183111554
-0.342997989 0.919229417 -0.193312334
-0.357775277 0.911378024 -0.203437824
-0.292725394 0.941593244 -0.166475245
-0.294052600 0.940548750 -0.170003288
-0.290057819 0.943639008 -0.159411054
-0.291394153 0.942623299 -0.162944052
-0.281104314 0.947056175 -0.155128866
-0.269400885 0.952240978 -0.143736852
-0.270762211 0.951312282 -0.147284647
0.450137982 0.866960637 -0.213904306
0.454649590 0.869072607 -0.194952697
0.480275007 0.854353604 -0.198534221
0.397704550 0.894045689 -0.206187768
0.428608264 0.883035911 -0.191161020
0.458973612 0.870865287 -0.175888812
0.488734349 0.857556825 -0.160421408
0.548860607 0.829396821 -0.104177482
0.540293587 0.835729929 -0.098174975
0.511719474 0.849415888 -0.128979958
0.502987136 0.855505360 -0.122941124
0.521795174 0.845871609 -0.110593925
0.531637888 0.841943641 -0.092152383
0.522907578 0.848027017 -0.086126907
0.244177935 0.968189247 -0.054650878
0.305204419 0.951411635 -0.040818669
0.270726888 0.960841938 -0.059073871
0.313189293 0.949516122 -0.018209900
0.372657333 0.927959740 -0.004151308
0.339195822 0.940447596 -0.022461358
0.364955482 0.930639774 -0.026778838
0.423152458 0.905971166 -0.012579532
0.390409335 0.920118358 -0.031028341
0.530338618 0.788726237 -0.310888845
0.517961622 0.800887532 -0.300491131
0.539505506 0.785710337 -0.302643478
0.486661832 0.818159891 -0.306226476
0.473802997 0.829557900 -0.295540877
0.496052733 0.815508198 -0.298124245
0.505369788 0.812724491 -0.289965995
0.492568032 0.824226222 -0.279334689
0.514602418 0.809807384 -0.281773584
0.782568945 0.372237207 -0.499024356
0.782497640 0.384675420 -0.489614404
0.782134298 0.347087559 -0.517490256
0.782449569 0.359699559 -0.508319683
0.770533494 0.368885368 -0.519809311
0.758050892 0.365312386 -0.540282986
0.758347275 0.377934772 -0.531107070
0.758726433 0.324654307 -0.564742224
0.754128868 0.338115174 -0.562998916
0.760163977 0.334202106 -0.557189089
0.746569814 0.332442433 -0.576294665
0.741863998 0.345857453 -0.574474047
0.748027489 0.342000789 -0.568762108
0.749374626 0.351508054 -0.561141478
0.744466429 0.364826996 -0.559169919
0.750609132 0.360960765 -0.553437671
0.796479507 0.243003821 -0.553687220
0.803925100 0.241312057 -0.543574213
0.799925298 0.238064421 -0.550858283
0.804444844 0.249487689 -0.539095897
0.807861128 0.244540949 -0.536246326
0.811241826 0.239582011 -0.533373377
0.814586220 0.234613375 -0.530477006
0.847441576 0.301565858 -0.436921971
0.842197251 0.305988228 -0.443931295
0.841525093 0.278786530 -0.462724096
0.836184212 0.283176293 -0.469688356
0.839318741 0.294625852 -0.456880354
0.836869011 0.310382429 -0.450902436
0.831463190 0.314742826 -0.457827387
0.906364825 0.378648963 -0.187424031
0.914450907 0.379977480 -0.139271871
0.909465216 0.379084165 -0.170787049
0.916391415 0.380458404 -0.124411321
0.921623138 0.380601973 -0.075848075
0.918504812 0.380483861 -0.107614783
0.920355224 0.380399665 -0.090787428
0.924063612 0.379914698 -0.042086372
0.921941707 0.380206848 -0.073934040
0.870348685 0.445904097 0.208956222
0.871600554 0.453948010 0.185050475
0.853008618 0.467545519 0.231899731
0.902157908 0.416028346 0.114155705
0.901570276 0.423191055 0.089890872
0.887805322 0.439150724 0.137653010
0.872284814 0.461739898 0.160982824
0.872443513 0.469164748 0.136845736
0.855667406 0.483659595 0.184137683
0.918944294 0.372727409 -0.128901756
0.916112227 0.390671174 -0.090080080
0.913172962 0.388066877 -0.124576242
0.924018671 0.377635115 -0.059843267
0.918662567 0.394495877 -0.020786813
0.917950088 0.392800402 -0.055457011
0.911600030 0.407893087 -0.051074595
0.905428535 0.424329818 -0.011973864
0.905004638 0.422833233 -0.046676130
-0.338470632 -0.223778883 0.913980658
-0.343086613 -0.228649943 0.911049274
-0.348358271 -0.230593205 0.908555606
-0.327861048 -0.219848187 0.918789371
-0.332504245 -0.224738180 0.915933228
-0.337801717 -0.226698440 0.913508521
-0.347683921 -0.233509139 0.908069035
-0.352262670 -0.238355606 0.905040119
-0.357505843 -0.240279087 0.902471901
-0.331130091 -0.227526785 0.915742554
-0.329345187 -0.224387928 0.917159640
-0.325408862 -0.221094000 0.919362016
-0.323612315 -0.217947228 0.920746477
-0.326482299 -0.221169996 0.918963079
-0.327555328 -0.221245686 0.918562928
-0.325760518 -0.218100139 0.919952398
-0.387263206 -0.262916758 0.883686589
-0.381625857 -0.258972888 0.887296314
-0.379130627 -0.257048072 0.888924213
-0.392217923 -0.266742116 0.880348649
-0.386601862 -0.262812750 0.884007047
-0.384116271 -0.260894467 0.885657252
-0.375965457 -0.255013406 0.890852478
-0.370282366 -0.251038525 0.894354867
-0.367766519 -0.249099694 0.895933664
-0.671070483 -0.000368988 0.741393465
-0.686246635 -0.004141043 0.727357139
-0.635970658 0.012011731 0.771619752
-0.651803743 0.007955941 0.758345952
-0.796666899 0.278886662 0.536231370
-0.814164355 0.519990670 0.258352678
-0.827154883 0.509471151 0.237179144
-0.814819897 -0.496253142 0.299668741
-0.831079996 -0.477838057 0.284564285
-0.813125311 -0.503275934 0.292473183
-0.849619038 -0.444748390 0.283454335
-0.848180003 -0.451903792 0.276357819
-0.846651929 -0.459022323 0.269219274
-0.845034114 -0.466086500 0.262070068
-0.827906786 -0.487834236 0.276745571
-0.858540779 -0.449916491 0.245932679
-0.843574762 -0.469069224 0.261449201
-0.842105317 -0.472048939 0.260822610
-0.855711067 -0.455928852 0.244719128
-0.744782699 -0.548434820 0.380155205
-0.766190172 -0.525286836 0.370170719
-0.755463745 -0.546887166 0.360817069
-0.765682737 -0.504855587 0.398560889
-0.786122828 -0.481020702 0.388110786
-0.776414352 -0.503313253 0.379284226
-0.786770019 -0.501542525 0.359788872
-0.806474542 -0.477253270 0.349038864
-0.796726094 -0.499530103 0.340142922
0.531230652 0.187774139 0.826156684
0.540564169 0.117097183 0.833113815
0.793580545 0.240892060 0.558749438
-0.160994704 -0.110769920 0.980719496
-0.151705244 -0.206857493 0.966537892
0.208895731 -0.048674452 0.976725843
0.552897022 0.020146600 0.833006001
0.552663492 -0.051121869 0.831835091
0.809923956 0.109914938 0.576143986
-0.519275310 -0.195871399 0.831857889
-0.497668238 -0.190368150 0.846218820
-0.499289963 -0.198921173 0.843291112
-0.516027169 -0.178770273 0.837709467
-0.494295468 -0.173206327 0.851863580
-0.496004324 -0.181789572 0.849077300
-0.475710903 -0.184721505 0.859986687
-0.453422226 -0.178943741 0.873147996
-0.455164218 -0.187552637 0.870430665
0.601067752 0.414403906 -0.683364442
0.598946105 0.415756526 -0.684404906
0.606393313 0.421080201 -0.674521026
0.585870497 0.403547395 -0.702783936
0.583725938 0.404885037 -0.703798363
0.591389673 0.410357955 -0.694164681
0.596819498 0.417106625 -0.685440406
0.594688955 0.418452939 -0.686470819
0.602159610 0.423791562 -0.676612530
0.597484484 0.422452264 -0.681576391
0.599981367 0.428657629 -0.675481307
0.602504812 0.431327776 -0.671523865
0.592329149 0.417034845 -0.689367911
0.597440150 0.425975235 -0.679419138
0.602428840 0.434828144 -0.669330993
0.607294107 0.443591790 -0.659105599
0.633560162 0.552470262 -0.541643916
0.633926652 0.575211753 -0.516980115
0.634504282 0.579654124 -0.511278215
0.631998982 0.543224170 -0.552706783
0.633314064 0.570740154 -0.522655692
0.633577961 0.597306795 -0.491735253
0.632789185 0.622880554 -0.459997459
0.637988211 0.453705891 -0.622191295
0.632844065 0.445342606 -0.633386417
0.628930523 0.445606823 -0.637087872
0.645683667 0.453085308 -0.614659504
0.640617240 0.444773151 -0.625928427
0.636740469 0.445063791 -0.629666417
0.627560862 0.436878928 -0.644440972
0.622138346 0.428318899 -0.655352424
0.618149191 0.428533145 -0.658977179
0.678970141 0.481160685 -0.554512347
0.680277785 0.488245063 -0.546661589
0.685334769 0.485521036 -0.542757384
0.668734241 0.486520792 -0.562220627
0.670064380 0.493624751 -0.554390054
0.675186814 0.490947182 -0.550539400
0.681507022 0.495275653 -0.538748742
0.682658945 0.502249234 -0.530775350
0.687692570 0.499505438 -0.526852205
0.677665449 0.469462691 -0.566016185
0.669142617 0.463118306 -0.581179484
0.675749682 0.472263786 -0.565976399
0.664191860 0.450995043 -0.596198494
0.655209657 0.444334317 -0.610956070
0.662295502 0.453806692 -0.596174601
0.660390181 0.456615017 -0.596143888
0.651412905 0.449953433 -0.610903541
0.658478816 0.459416330 -0.596105934
0.549181892 0.799217690 -0.244234176
0.540096426 0.802236913 -0.254385114
0.529684782 0.813234944 -0.241004062
0.569338587 0.776260939 -0.270688987
0.560242530 0.779263065 -0.280851177
0.550283929 0.790909299 -0.267675322
0.530902239 0.805097999 -0.264499573
0.521612319 0.807799747 -0.274554469
0.511216685 0.818811735 -0.261160572
0.595536024 0.790623842 -0.142305251
0.584637940 0.800443029 -0.132247632
0.563304555 0.810083383 -0.162643448
0.552197882 0.819639952 -0.152538026
0.568544909 0.810228532 -0.142430379
0.573543723 0.810017355 -0.122145329
0.562272752 0.819329926 -0.112017073
-0.480921800 0.858648432 0.177305083
-0.406852068 0.899924823 0.156865254
-0.245078838 0.967194302 -0.066869611
-0.667750197 0.491326313 0.559203120
-0.604847874 0.562100573 0.564093959
-0.526642499 0.761791292 0.377255491
-0.320055641 0.936275381 0.144750815
-0.239120248 0.962940157 0.124770831
-0.081057264 0.990373608 -0.112204437
-0.075450454 0.986514619 -0.145245084
-0.104640352 0.984465317 -0.140990908
-0.099589736 0.985008773 -0.140853123
-0.085571505 0.985643137 -0.145551108
-0.114733574 0.983301987 -0.141256541
-0.109688481 0.983896236 -0.141126305
-0.133738973 0.981555046 -0.136614709
-0.162720649 0.977786518 -0.132119324
-0.157708641 0.978620706 -0.132020826
0.036361567 0.987319018 -0.154528293
0.050366210 0.988713220 -0.141100721
0.058862621 0.986857814 -0.150488691
0.019354169 0.990562768 -0.135686469
0.033352811 0.991939800 -0.122241660
0.041859584 0.990408268 -0.131678543
0.064349833 0.989734878 -0.127608660
0.078304358 0.990381685 -0.114072543
0.086801703 0.988543911 -0.123476317
-0.943070532 -0.319200421 0.093429458
-0.909828538 -0.397264385 0.119970995
-0.969683609 -0.233693492 0.071421633
-0.944157989 -0.314314984 0.098852325
-0.927980633 -0.356159954 0.109553782
-0.869395836 -0.472164400 0.145642232
-0.822092342 -0.543339798 0.170135372
-0.662099468 -0.715475079 0.222979160
-0.761273925 -0.619444265 0.191705018
-0.666676846 -0.712538956 0.218701208
-0.838577517 -0.518980464 0.165671442
-0.907096535 -0.401112085 0.127612585
-0.841907615 -0.514982716 0.161196685
-0.845197269 -0.510998781 0.156594451
-0.912185673 -0.392281000 0.118460606
-0.848446180 -0.506956232 0.152100159
-0.452350772 -0.859951170 0.236353051
-0.457074012 -0.857679942 0.235517438
-0.442865980 -0.864420077 0.238007679
-0.447614558 -0.862197452 0.237185081
-0.491317937 -0.838690803 0.234956214
-0.529316019 -0.815776305 0.233095627
-0.533808972 -0.813114770 0.232147266
-0.964591477 0.198229275 0.173978265
-0.958156346 -0.156248560 0.239839122
-0.954413040 -0.160212986 0.251848262
-0.966866739 0.206300822 0.150361833
-0.965869930 -0.149135782 0.211787151
-0.962509253 -0.153061933 0.223937453
-0.827857251 -0.491178870 0.270916387
-0.589904777 -0.762118747 0.266809613
-0.581793939 -0.763075650 0.281480665
-0.365701332 -0.899144201 0.240420966
-0.349295551 -0.903520171 0.248281934
-0.381765562 -0.890479994 0.247589249
-0.299904908 -0.922971159 0.241207972
-0.283106128 -0.926260320 0.248782515
-0.316392963 -0.915452742 0.248680056
-0.332762734 -0.907578872 0.256065525
-0.316114843 -0.911324373 0.263740959
-0.349006072 -0.899360836 0.263334101
-0.833502695 -0.446544135 0.325379153
-0.829413462 -0.429914217 0.356717079
-0.831592788 -0.438294113 0.341103657
-0.824201875 -0.447588056 0.346923914
-0.814451010 -0.448378677 0.368274509
-0.851211820 -0.439122107 0.287419923
-0.848957196 -0.439647082 0.293227084
-0.850240453 -0.447513261 0.277169718
-0.847982146 -0.423050004 0.319303889
-0.845570608 -0.423496301 0.325055734
-0.847400217 -0.431640690 0.309191182
-0.846668494 -0.440155948 0.299023749
-0.844347902 -0.440645819 0.304807944
-0.845788613 -0.448591767 0.288802784
-0.701005244 -0.444848993 0.557405616
-0.710147110 -0.458990285 0.533871707
-0.680958707 -0.415469982 0.603058814
-0.691273945 -0.430335442 0.580475444
-0.688746879 -0.438382896 0.577449715
-0.676087046 -0.431647798 0.597148628
-0.686172047 -0.446386473 0.574375347
0.091076671 0.901780325 0.422489392
0.142987065 0.891179376 0.430527606
0.076792814 0.912978981 0.400714666
0.222145449 0.849860849 0.477899505
0.272666982 0.832429882 0.482403575
0.208412677 0.864264051 0.457833819
0.194539810 0.878024016 0.437296340
0.245454185 0.862293433 0.442947264
0.180431930 0.891028771 0.416547773
0.338086006 0.774092109 0.535237573
0.359390722 0.765919453 0.533109463
0.364394420 0.757606779 0.541524400
0.385453012 0.748911564 0.539033808
0.372468251 0.757509022 0.536141290
0.380507685 0.757342949 0.530702891
0.401423106 0.748367214 0.528020836
0.315195036 0.790927616 0.524486030
0.328551715 0.783150154 0.527948489
0.295767683 0.808155456 0.509319386
0.309267103 0.800734918 0.513008237
0.318946033 0.792032562 0.520536117
0.341828857 0.775177635 0.531274568
0.355018487 0.767010199 0.534469109
0.591664441 0.704618366 0.391722029
0.603609896 0.702562167 0.376910461
0.579502754 0.706415674 0.406390765
0.591284011 0.703602208 0.394115657
0.602888791 0.700580388 0.381722708
0.613313172 0.701804174 0.362378054
0.621784566 0.700235374 0.350791069
0.621615264 0.698790680 0.353957695
0.613673888 0.704717919 0.356057599
0.622100364 0.703099665 0.344444477
0.621945974 0.701672139 0.347619640
0.630125984 0.698521160 0.339130407
0.638335839 0.696661459 0.327399096
0.638211974 0.695266312 0.330590731
0.600207369 0.699973768 0.387024339
0.615386417 0.697324596 0.367475123
0.611121725 0.697249586 0.374664185
0.608859328 0.700263191 0.372722124
0.623786318 0.697328828 0.353020020
0.619607570 0.697351696 0.360259729
0.630183638 0.694244182 0.347697567
0.644590046 0.690734040 0.327704375
0.640583332 0.690943179 0.335038084
-0.926819983 -0.358067528 0.113103335
-0.930367229 -0.350158089 0.108656024
-0.915617293 -0.384521063 0.117424549
-0.952866746 -0.288077352 0.095165137
-0.955730096 -0.279936573 0.090639392
-0.943744861 -0.315279482 0.099722044
-0.933826395 -0.342216356 0.104193236
-0.937196801 -0.334240374 0.099727276
-0.923119725 -0.368862657 0.108583212
-0.881648531 -0.449900994 0.142425289
-0.875704147 -0.458953833 0.150012090
-0.809340228 -0.558580037 0.181539905
-0.801947514 -0.566752736 0.188869058
-0.840779156 -0.514050007 0.169832273
-0.869605790 -0.467917897 0.157602701
-0.863354926 -0.476812799 0.165129725
0.661737975 0.708686734 0.244675225
0.651730914 0.720034354 0.238321935
0.640161693 0.726460085 0.249897481
0.684109219 0.695012622 0.221251062
0.674257901 0.706526968 0.214932374
0.663098827 0.713390462 0.226658321
0.641548518 0.731192513 0.231890076
0.631196973 0.742148325 0.225402407
0.619483172 0.748397999 0.236940995
0.659273187 0.688177554 0.302936494
0.664533550 0.686561644 0.295005543
0.672370388 0.684981096 0.280568993
0.642852047 0.690559034 0.331465634
0.648319998 0.689160351 0.323634348
0.656516257 0.687954550 0.309362154
0.669732506 0.684881086 0.287047502
0.674868716 0.683137136 0.279062482
0.682491620 0.681340921 0.264536837
0.682949988 0.683271161 0.258301828
0.671797280 0.686468515 0.278297309
0.680933748 0.684898627 0.259312747
0.664430158 0.686160982 0.296168317
0.652627915 0.688689704 0.315884940
0.662360971 0.687731886 0.297157864
0.660285565 0.689298894 0.298144273
0.648422056 0.691759583 0.317832529
0.658206135 0.690859263 0.299129006
0.771071751 0.623336361 0.130000523
0.795019407 0.598792178 0.096912698
0.769596155 0.622568236 0.141882166
0.818483645 0.573158309 0.039674629
0.838103745 0.545475554 0.006207384
0.817877098 0.573071889 0.051630059
0.817167255 0.572880507 0.063605051
0.837439954 0.545698415 0.030125791
0.816320691 0.572637475 0.075543700
0.228699165 0.832087183 0.505299527
0.270044081 0.818117453 0.507700726
0.256263692 0.820039200 0.511727105
0.297258432 0.804979593 0.513464001
0.283683739 0.811642121 0.510647241
0.310872316 0.802581458 0.509137905
0.351105334 0.785510818 0.509605533
0.102045473 0.911109727 0.399331676
0.166244987 0.885823659 0.433219400
0.189564038 0.876002052 0.443492819
0.252343315 0.843666778 0.473866247
0.209580651 0.865920810 0.454155371
0.229463628 0.855303716 0.464544936
0.291329292 0.819731180 0.493120711
0.233144242 0.850853475 0.470841933
0.255208499 0.835661138 0.486352840
0.254720851 0.839820805 0.479393684
0.234164296 0.842675064 0.484835869
0.256131592 0.827173175 0.500181113
0.255674943 0.831443405 0.493287125
0.277023844 0.819665111 0.501404921
0.298571016 0.802884193 0.515977054
0.298187109 0.807346141 0.509192161
0.146983887 0.923780345 0.353589609
0.123079994 0.935901046 0.330061430
0.057584419 0.949699149 0.307823912
0.274941387 0.878236604 0.391289791
0.252082940 0.894520640 0.369170714
0.188078496 0.917498585 0.350460877
0.099134743 0.946882889 0.305916813
0.075006111 0.956617821 0.281525181
0.009068079 0.966042379 0.258224501
-0.011452997 0.938108387 0.346152399
-0.019385087 0.936915910 0.349016899
0.004435103 0.940319182 0.340264846
-0.003495194 0.939260751 0.343186576
-0.088528506 0.944180351 0.317310839
-0.164998357 0.943821334 0.286315966
-0.172857441 0.941616133 0.288927956
0.424824350 0.904808266 -0.029090787
0.371106281 0.927331881 -0.048329193
0.325733994 0.941242149 -0.089222089
0.269466130 0.956933687 -0.108008905
0.320891448 0.943869089 -0.078357017
0.315976217 0.946370495 -0.067393736
0.259697254 0.961827727 -0.086283017
0.448267676 0.866287836 0.220457423
0.455108675 0.863400935 0.217749673
0.461151034 0.860752169 0.215512012
0.436067932 0.871364041 0.224876558
0.442957976 0.868572649 0.222193125
0.449044220 0.866007811 0.219976727
0.461921237 0.860460115 0.215028283
0.468704948 0.857465539 0.212293479
0.474696135 0.854722180 0.210032318
0.290247200 0.925480719 0.243396798
0.235161555 0.947087779 0.218457736
0.247294117 0.941675856 0.228237162
0.266297460 0.937468682 0.224138647
0.210711490 0.957139536 0.198707265
0.222973963 0.952244767 0.208596537
0.179115220 0.964792547 0.192595634
0.122335567 0.978519412 0.165933025
0.134843139 0.975085963 0.176138276
0.024696658 0.990889058 0.132396944
0.050037758 0.986083494 0.158541997
-0.025854738 0.996515729 0.079296495
-0.000548829 0.994384267 0.105828298
0.094869129 0.983345830 0.155018794
0.164452960 0.970400664 0.176855237
0.189114809 0.960854622 0.202469711
-0.085013587 0.982769771 0.164122720
-0.067401779 0.985766911 0.154014928
-0.073727951 0.987332095 0.140497418
-0.061750647 0.987913415 0.142175742
-0.049761090 0.988349275 0.143838607
-0.434380107 -0.292202621 0.852016168
-0.429519244 -0.289332962 0.855452896
-0.442447708 -0.295649832 0.846658847
-0.408253752 -0.279386835 0.869063790
-0.416468699 -0.282933673 0.864003680
-0.424639688 -0.286450529 0.858852275
-0.432765688 -0.289937337 0.853610098
-0.530439347 -0.352398916 0.771005255
-0.555308659 -0.373242386 0.743183971
-0.531330858 -0.356724738 0.768397670
-0.577741566 -0.385005964 0.719711811
-0.600754361 -0.404599851 0.689487606
-0.578463629 -0.389205819 0.716867255
-0.579164415 -0.393403448 0.714004417
-0.601967165 -0.412838293 0.683520356
-0.579855105 -0.397583257 0.711122782
-0.446735301 -0.297957826 0.843592737
-0.462684541 -0.307781692 0.831380445
-0.459016490 -0.306676325 0.833818621
-0.454133265 -0.300210375 0.838830560
-0.469992320 -0.309972899 0.826452673
-0.466343501 -0.308880065 0.828925114
-0.478402877 -0.317451012 0.818752430
-0.493882073 -0.326961415 0.805715044
-0.490308104 -0.325919439 0.808315831
-0.530421345 -0.782140371 0.326970392
-0.552005667 -0.767106749 0.326859264
-0.533984735 -0.779500275 0.327474614
-0.566305167 -0.757134402 0.325646979
-0.587246176 -0.741223938 0.325159965
-0.569762371 -0.754346009 0.326087318
-0.573208089 -0.751542387 0.326521863
-0.594014007 -0.735458205 0.325957956
-0.576642489 -0.748723969 0.326949319
-0.772241879 -0.577392553 0.265066633
-0.751435899 -0.596897121 0.281172397
-0.763406620 -0.582795841 0.278494775
-0.748367955 -0.605640344 0.270453652
-0.726707042 -0.624472490 0.286235888
-0.739199627 -0.610795617 0.283747469
-0.729820780 -0.615767110 0.296972214
-0.707423860 -0.633979034 0.312445303
-0.720233297 -0.620564134 0.310103456
-0.653470295 -0.693113963 0.304252541
-0.649946147 -0.692717210 0.312590583
-0.667984234 -0.678844898 0.304904359
-0.616436095 -0.719819582 0.319165020
-0.612754257 -0.719249788 0.327432380
-0.631531302 -0.706188371 0.320103420
-0.646366829 -0.692262055 0.320909908
-0.642734088 -0.691753899 0.329195131
-0.660934044 -0.678052593 0.321575607
-0.717416687 -0.580801629 0.384685281
-0.730576973 -0.565887812 0.382136456
-0.690227511 -0.609920396 0.389336736
-0.703961579 -0.595483115 0.387089080
-0.714281941 -0.576910981 0.396200743
-0.711036966 -0.572933040 0.407644654
-0.724222869 -0.558034126 0.405091534
-0.686257736 -0.557481998 0.467187480
-0.683114658 -0.572053420 0.453992565
-0.681722183 -0.555123354 0.476542682
-0.688140290 -0.590595055 0.421497831
-0.684256948 -0.604540105 0.407828016
-0.683960600 -0.588530128 0.431080256
-0.679698812 -0.586400742 0.440617402
-0.676020029 -0.600510655 0.427064250
-0.675366277 -0.584199754 0.450101144
-0.676322996 -0.633522876 0.375813745
-0.676309112 -0.637541515 0.368980760
-0.679287112 -0.631980665 0.373054229
-0.670320883 -0.644600562 0.367641169
-0.670239101 -0.648555141 0.360771086
-0.673292902 -0.643066605 0.364886297
-0.676252653 -0.641520279 0.362124400
-0.676153401 -0.645458836 0.355245647
-0.679199410 -0.639962014 0.359356066
0.630966090 0.532384937 -0.564312033
0.630062913 0.527657326 -0.569735440
0.632673240 0.541755688 -0.553376315
0.631836372 0.537084370 -0.558858817
0.629773694 0.521410699 -0.575774241
0.628421729 0.510304482 -0.587090680
0.627373339 0.505457587 -0.592381060
0.130125447 0.988602612 0.075711580
0.144580304 0.986542970 0.076351189
0.105249330 0.992769269 0.057721372
0.208092458 0.971608392 0.112581798
0.222346610 0.968385402 0.113100387
0.183640727 0.978409454 0.094821012
0.159013172 0.984272144 0.076962052
0.173402766 0.981790931 0.077576086
0.134223728 0.989190186 0.059048844
-0.024980751 0.999681444 0.003601613
0.016214104 0.999652987 0.020760741
0.025714798 0.999633111 0.008508332
-0.043958730 0.998639071 0.028064862
-0.002787035 0.998968260 0.045328227
0.006702835 0.999430360 0.033076084
0.057370044 0.997631570 0.037946394
0.098395350 0.993623943 0.055043761
0.107872142 0.993247114 0.042705632
0.716677557 0.674112143 0.178734715
0.713877442 0.682934061 0.154854982
0.695698113 0.699229653 0.164566182
0.751583574 0.640192461 0.158983469
0.748756844 0.648942721 0.135042709
0.731581555 0.666157151 0.144993370
0.710626673 0.691298200 0.130830156
0.706915328 0.699195792 0.106751877
0.688774863 0.715548194 0.116533133
0.686044889 0.726081728 0.046343662
0.671180226 0.740971176 0.021881970
0.670558872 0.738732528 0.068007730
0.684476976 0.727584617 -0.045955343
0.668033086 0.740789501 -0.070446511
0.670339004 0.741656097 -0.024328029
0.655585840 0.755116042 -0.002640049
0.639373678 0.768416269 -0.027161334
0.640329892 0.767863789 0.019048120
0.413219422 0.759093948 0.503016985
0.424245897 0.754971107 0.500034046
0.390985278 0.767003176 0.508759905
0.402131998 0.763104917 0.505925628
0.392851737 0.766054653 0.508751197
0.372289127 0.772635352 0.514232844
0.383531086 0.768925724 0.511524327
0.395812691 0.768635933 0.502524742
0.410277556 0.763005425 0.499494794
0.392193818 0.769411271 0.504172892
0.431755799 0.755407234 0.492896379
0.445958132 0.749303299 0.489556851
0.428201339 0.756301965 0.494622029
0.424639834 0.757183990 0.496340021
0.438895890 0.751173551 0.493060538
0.421071347 0.758053967 0.498049300
0.456482242 0.745280470 0.485984551
0.443451216 0.750016169 0.490741037
0.497945689 0.730389620 0.467526570
0.485243613 0.735644056 0.472616608
0.464479881 0.743042238 0.481816015
0.430324725 0.754591656 0.495390820
0.417105908 0.759004426 0.499934939
0.940761558 -0.038128666 -0.336918232
0.933923245 -0.034831413 -0.355772603
0.766794175 0.089833878 -0.635575776
0.913707632 -0.258799327 0.313306991
0.920147171 -0.258972454 0.293704702
0.987130611 -0.156463156 -0.033052045
0.926480504 -0.032804676 -0.374910295
0.918860809 -0.029549119 -0.393473840
0.740182840 0.096441815 -0.665453484
0.946262586 -0.001715033 0.323394769
0.998578478 0.043688833 -0.030533729
0.946807081 -0.016594374 0.321373579
0.919737639 0.109413208 -0.376976690
0.920343785 0.098296234 -0.378556690
0.920977420 0.083420240 -0.380580682
0.921344110 0.072267912 -0.381971701
0.768680524 0.172173114 -0.616024895
0.747655058 0.179349855 -0.639410309
0.762739109 0.187638419 -0.618886804
0.738002827 0.155499475 -0.656636689
0.715871899 0.162409736 -0.679080630
0.732025897 0.170927198 -0.659486148
0.725842981 0.186334578 -0.662141520
0.703283769 0.193102949 -0.684180671
0.719463548 0.201666948 -0.664607137
0.705389323 -0.331851720 0.626338837
0.424615025 -0.357068793 0.831987955
0.986464409 -0.162419123 0.022538809
0.900984515 -0.261854482 0.345917813
0.394271056 -0.351899919 0.848950400
0.024944508 -0.322519571 0.946234061
-0.316914011 -0.261461718 0.911703504
-0.853564557 -0.473912452 0.216412880
-0.831080633 -0.502779719 0.237734172
-0.853020797 -0.472265420 0.222083076
-0.808391757 -0.534148825 0.247361679
-0.783105122 -0.561252680 0.267846593
-0.807761381 -0.532462903 0.252991718
-0.807104599 -0.530747496 0.258629584
-0.781680777 -0.557772005 0.279043997
-0.806419325 -0.529022155 0.264241239
-0.873451955 -0.436001334 0.216759127
-0.877641039 -0.428746895 0.214294906
-0.890534615 -0.408724439 0.199730901
-0.845218589 -0.474814206 0.245269254
-0.864063739 -0.448432856 0.228695931
-0.881763385 -0.421457372 0.211818357
-0.898293747 -0.393925118 0.194656993
-0.810256048 -0.522783989 0.264918926
-0.834094223 -0.494727879 0.243990067
-0.863130911 -0.452739206 0.223678883
-0.883497856 -0.422740474 0.201797000
-0.859807858 -0.459270062 0.223162401
-0.856437132 -0.465784625 0.222621027
-0.877244693 -0.435997399 0.200868158
0.584295781 0.805071893 0.102262836
0.574537301 0.809474655 0.121068872
0.595884177 0.793800553 0.121666468
0.540710025 0.835135303 0.100904379
0.530629006 0.839114938 0.119661938
0.552769640 0.824590201 0.120402350
0.564492162 0.813507824 0.139834257
0.554185099 0.817162323 0.158507454
0.575857618 0.801909689 0.159150412
0.860677470 0.325824695 -0.391244887
0.867993952 0.328280071 -0.372583809
0.857945440 0.315506171 -0.405444792
0.878524240 0.350504882 -0.324563534
0.884587851 0.352471232 -0.305398699
0.876878892 0.340607941 -0.339219160
0.874959474 0.330596748 -0.353767875
0.881562597 0.332790222 -0.334810478
0.872758460 0.320492884 -0.368207796
-0.505180579 -0.322032972 0.800679304
-0.497449130 -0.319058353 0.806688373
-0.492513237 -0.316730832 0.810624630
-0.514914975 -0.326600197 0.792587459
-0.507253042 -0.323670125 0.798706455
-0.502362441 -0.321371551 0.802715581
-0.489665521 -0.316050441 0.812612944
-0.481830653 -0.313009380 0.818452412
-0.476827855 -0.310638423 0.822276697
-0.538857762 -0.335197655 0.772835587
-0.550661115 -0.338575810 0.762980182
-0.576015137 -0.347211645 0.740034213
-0.587366335 -0.350314526 0.729575576
-0.569198741 -0.344557379 0.746520600
-0.562328081 -0.341869837 0.752935684
-0.573855427 -0.345079679 0.742704493
0.416461813 0.905652329 -0.079708318
0.349966124 0.927620403 -0.130553052
0.356600499 0.925848478 -0.125062706
0.403683225 0.910379582 -0.090823289
0.336619539 0.930947309 -0.141507577
0.343307897 0.929318699 -0.136038386
0.280852565 0.942639183 -0.180425075
0.209635965 0.950597879 -0.228946359
0.216698952 0.950258099 -0.223721051
-0.365191163 -0.877361600 0.311242731
-0.357494563 -0.883415024 0.302944768
-0.359265304 -0.882974279 0.302133852
-0.361652483 -0.878249403 0.312866533
-0.353948318 -0.884286053 0.304563234
-0.355721932 -0.883852316 0.303754820
-0.349738606 -0.889322985 0.294597243
-0.341925061 -0.895084402 0.286201268
-0.343702990 -0.894660584 0.285395679
-0.339402836 -0.897435402 0.281807405
-0.364152685 -0.886829879 0.284474231
-0.357281046 -0.892961276 0.273807257
-0.353124581 -0.885113298 0.303112983
-0.377686914 -0.874034233 0.305641545
-0.370955150 -0.880517817 0.295094307
-0.388639069 -0.875570527 0.286942375
-0.412834740 -0.863671193 0.289205027
-0.406160058 -0.870271139 0.278679300
-0.785448450 -0.579210104 0.218143045
-0.821206072 -0.534606474 0.199540734
-0.793944236 -0.570279564 0.210793189
-0.839247504 -0.507408803 0.195448031
-0.870398221 -0.459905883 0.175765511
-0.846709348 -0.497784911 0.187865544
-0.853996530 -0.488067570 0.180222012
-0.883700088 -0.439758835 0.160269525
-0.861107528 -0.478243887 0.172559003
-0.887178182 -0.425762013 0.177880806
-0.884446626 -0.431841479 0.176825063
-0.872292672 -0.451916741 0.186753189
-0.909495677 -0.384667343 0.157634541
-0.907024175 -0.390866946 0.156621125
-0.896026439 -0.411487761 0.166776629
-0.881674928 -0.437903221 0.175755771
-0.878863218 -0.443942992 0.174682751
-0.866455692 -0.463885608 0.184566184
0.577109108 0.785105576 0.224842861
0.587773950 0.773248856 0.237924338
0.555020621 0.807829273 0.198403567
0.566184041 0.796641093 0.211656801
0.555391169 0.798523837 0.232164448
0.533293908 0.811374809 0.239308435
0.544310460 0.799970838 0.252532733
0.248954955 0.915208884 0.316881884
0.263362631 0.911708560 0.315321464
0.232638216 0.925770781 0.298040133
0.309501484 0.884007338 0.350342487
0.293720868 0.896333068 0.332137145
0.277724939 0.908005530 0.313679479
0.261512585 0.919009663 0.295012555
0.507840405 0.743084275 0.435802573
0.518928016 0.736835956 0.433343384
0.529789726 0.732444712 0.427606818
0.485691443 0.751248341 0.446911347
0.507978138 0.741100474 0.439008312
0.529928572 0.730462490 0.430813486
0.551527895 0.719341587 0.422332406
0.624964790 0.693794809 0.357865581
0.630225385 0.692903601 0.350286404
0.639546988 0.690476460 0.337967320
0.605682723 0.697939240 0.382137744
0.620749404 0.695161660 0.362519577
0.635431575 0.691953227 0.342676882
0.649720196 0.688315838 0.322622031
-0.669683384 -0.536112655 0.513913792
-0.672053976 -0.552541971 0.492991708
-0.667127681 -0.551174507 0.501146006
-0.679620915 -0.538922263 0.497672791
-0.676922488 -0.553855946 0.484788135
-0.673949677 -0.568574867 0.471714377
-0.670711383 -0.583065997 0.458454233
-0.678528867 -0.465990531 0.567848045
-0.672556583 -0.465418214 0.575372513
-0.674925271 -0.458037661 0.578513076
-0.673631484 -0.480639943 0.561431981
-0.670139330 -0.472767674 0.572192279
-0.666520490 -0.464804255 0.582844269
-0.662775948 -0.456752426 0.593384584
0.527557481 0.719257597 0.452052667
0.518267893 0.722112475 0.458205156
0.470831489 0.734528500 0.488656927
0.461147986 0.736803416 0.494432262
0.490001484 0.729895154 0.476604249
0.508909683 0.724871942 0.464296891
0.499484224 0.727535323 0.470327400
0.396779060 0.769490215 0.500450983
0.382009691 0.782616992 0.491507110
0.382984816 0.780600842 0.493948334
0.394864283 0.773594209 0.495614969
0.380047410 0.786623832 0.486607555
0.381031114 0.784624853 0.489059434
0.367061350 0.795375896 0.482330955
0.351940532 0.807760591 0.472927785
0.352961113 0.805843747 0.475430655
-0.703229401 -0.488486022 0.516575082
-0.705641966 -0.503209098 0.498848693
-0.697492622 -0.502806131 0.510578140
-0.719420486 -0.489224537 0.493045146
-0.721508588 -0.503711808 0.475078701
-0.713651942 -0.503508631 0.487011256
-0.707680423 -0.517661344 0.480848367
-0.709341852 -0.531829909 0.462591704
-0.701518065 -0.531666570 0.474555648
-0.694633098 -0.400330380 0.597679216
-0.674453357 -0.392946740 0.625064419
-0.732437240 -0.413650916 0.540766686
-0.713970669 -0.407233055 0.569567487
-0.705911961 -0.410578429 0.577159992
-0.716736109 -0.420545554 0.556265033
-0.697765258 -0.413856169 0.584676590
-0.800352259 -0.398486669 0.447933741
-0.782565233 -0.397890529 0.478826465
-0.790626231 -0.397196270 0.465988503
-0.784537995 -0.400028348 0.473790518
-0.765904276 -0.399004416 0.504168738
-0.774323414 -0.398494637 0.491553938
-0.763782878 -0.396790105 0.509110329
-0.744029309 -0.395186414 0.538746773
-0.752919476 -0.394919128 0.526451465
-0.332487354 -0.194444756 0.922845272
-0.331440837 -0.197223901 0.922631944
-0.328973227 -0.197892363 0.923371663
-0.337412638 -0.193102001 0.921338336
-0.333906140 -0.196554087 0.921885665
-0.330391423 -0.200001344 0.922410413
-0.326868601 -0.203443664 0.922912560
-0.337269245 -0.218410849 0.915721659
-0.336011793 -0.216383855 0.916664662
-0.336350875 -0.214301565 0.917029404
-0.336583672 -0.222570621 0.914971994
-0.335328967 -0.220545458 0.915922587
-0.335671142 -0.218465163 0.916295726
-0.334752101 -0.214355446 0.917601642
-0.333490221 -0.212325629 0.918532580
-0.333826567 -0.210241565 0.918889715
0.272745298 0.927603813 0.255266856
0.287988617 0.921854935 0.259318405
0.242032778 0.938316057 0.246947587
0.257425204 0.933091404 0.251142781
0.267234241 0.930098276 0.251998130
0.261710242 0.932548603 0.248718418
0.277014668 0.927006482 0.252827719
0.736049706 0.429089831 -0.523557779
0.751623851 0.433949311 -0.496738948
0.753051320 0.421948930 -0.504849293
0.733106856 0.453022739 -0.507271856
0.750033462 0.445874766 -0.488513561
0.766453631 0.438398156 -0.469420801
0.782338139 0.430623384 -0.450011708
0.560507947 0.382233833 -0.734661921
0.581443566 0.393177034 -0.712274666
0.565020834 0.380388085 -0.732158700
0.592991882 0.407558761 -0.694446891
0.612834564 0.417762649 -0.670751941
0.597384552 0.405641306 -0.691799702
0.601763356 0.403704889 -0.689132227
0.621441613 0.413810785 -0.665260067
0.606119998 0.401762035 -0.686444328
0.763785364 0.281422160 -0.580890253
0.760335781 0.293055851 -0.579661771
0.775480346 0.285990728 -0.562885012
0.732397461 0.295134288 -0.613587574
0.728771494 0.306711463 -0.612225603
0.744760558 0.299967474 -0.596113434
0.756768785 0.304656780 -0.578347000
0.753089655 0.316200951 -0.576951411
0.768413023 0.309187941 -0.560307276
0.551091363 0.746963149 0.371946721
0.576913547 0.724525599 0.377138457
0.556224556 0.742520620 0.373198837
0.592246007 0.710694813 0.379680853
0.616947766 0.686881784 0.384146937
0.597159863 0.705974612 0.380788584
0.602045095 0.701220676 0.381878602
0.626456017 0.677076339 0.386161222
0.606901770 0.696433401 0.382950076
0.121057303 0.920764508 0.370860957
0.035488943 0.923682276 0.381512238
0.088385448 0.924004863 0.372025570
0.002638469 0.924330761 0.381583127
0.019064953 0.924136235 0.381587142
-0.050346258 0.919732306 0.389304173
-0.135806664 0.908937833 0.394193563
0.586863982 0.410262288 -0.698051232
0.566516284 0.394631206 -0.723412407
0.569518325 0.398776006 -0.718767400
0.581056914 0.402112556 -0.707586288
0.560432391 0.386283189 -0.732598685
0.563488922 0.390464986 -0.728022891
0.545432976 0.378483925 -0.747832058
0.523640271 0.361843523 -0.771278246
0.526907402 0.366176121 -0.766996505
-0.390674768 -0.185283322 0.901689146
-0.378008658 -0.187711781 0.906572524
-0.378283393 -0.185353031 0.906943178
-0.390124249 -0.189999914 0.900945672
-0.377452436 -0.192426863 0.905815412
-0.377731680 -0.190070302 0.906196479
-0.365270601 -0.190105397 0.911283340
-0.352463220 -0.192462866 0.915820792
-0.352743495 -0.190106061 0.916205060
0.853170208 0.380116558 -0.357228217
0.867060605 0.382378326 -0.319362995
0.865234413 0.373353845 -0.334628626
0.857083072 0.398261917 -0.326796655
0.869886945 0.400066616 -0.288519331
0.868606328 0.391298072 -0.303988264
0.879531207 0.384032895 -0.280969024
0.890560286 0.385070733 -0.242121678
0.889832814 0.376508271 -0.257757801
-0.554406833 -0.367139401 0.746888026
-0.577679706 -0.383189855 0.720729971
-0.505431689 -0.333425655 0.795843037
-0.530311306 -0.350544367 0.771938187
-0.530183593 -0.348684648 0.772867630
-0.505108430 -0.329674790 0.797608931
-0.530051159 -0.346827005 0.773793770
-0.528813698 -0.140431053 0.837039541
-0.521079818 -0.129678614 0.843599005
-0.075971070 0.545188751 0.834863835
-0.063233281 0.552516847 0.831099684
-0.320468790 0.231911339 0.918431753
-0.512084609 -0.119642082 0.850561653
-0.504157991 -0.108803613 0.856730117
0.015576924 0.973341458 -0.228831304
-0.032162150 0.974652286 -0.221401259
0.110838087 0.963909974 -0.242058837
0.063280322 0.969755662 -0.235731962
0.076991731 0.969260895 -0.233678393
0.138110159 0.961481553 -0.237652705
0.090685427 0.968575542 -0.231597870
-0.056203645 0.998350218 -0.011747052
-0.049284860 0.998776376 -0.004093121
-0.070023503 0.997178536 -0.027049504
-0.063117184 0.997817566 -0.019399127
-0.045247085 0.998971910 0.002797347
-0.034275247 0.999261983 0.017340585
-0.027339927 0.999313746 0.024991314
0.471530431 0.811500785 0.345145665
0.428404481 0.843443468 0.324149220
0.444561288 0.836284890 0.320924982
0.414498363 0.855010802 0.311685155
0.383863762 0.872588268 0.302056827
-0.041834142 0.998647466 0.030873012
-0.032837347 0.998867863 0.034419494
-0.059814850 0.997926627 0.023761965
-0.050827618 0.998333802 0.027316163
-0.021227806 0.999462371 0.024986975
-0.000612600 0.999817549 0.019091718
0.008389854 0.999708523 0.022637999
-0.093244904 0.995504103 -0.016642389
-0.078589898 0.996355018 -0.033170856
-0.104445227 0.993885127 -0.035826662
-0.041436848 0.999077099 -0.011310961
-0.026715653 0.999255659 -0.027828084
-0.052663024 0.998146369 -0.030502992
-0.063878516 0.996719657 -0.049693675
-0.049138469 0.996597824 -0.066167881
-0.075064913 0.994799952 -0.068835420
0.116421352 0.982688779 0.144113958
0.134024087 0.978782061 0.154994264
0.088042275 0.990497272 0.105658469
0.105764033 0.987525909 0.116647115
0.119931334 0.983442574 0.135857198
0.151578876 0.974441518 0.165793761
0.169059155 0.969668952 0.176525139
-0.185807524 0.972186245 -0.142581447
-0.182309547 0.974561989 -0.130353974
-0.192709712 0.966946925 -0.166962901
-0.189273673 0.969647840 -0.154785472
-0.194946856 0.966814220 -0.165124156
-0.203964366 0.960842357 -0.187564664
-0.200590516 0.963838506 -0.175438818
-0.140127397 0.918751271 0.369134684
-0.140901059 0.918667074 0.369049723
-0.138579134 0.918917424 0.369305554
-0.139352968 0.918834344 0.369221071
-0.090369473 0.931180890 0.353179145
-0.040350840 0.940924112 0.336204737
-0.041132116 0.940911587 0.336145108
-0.065083330 0.946926103 0.314793768
-0.117154815 0.934157704 0.337081791
-0.034717042 0.947035394 0.319247066
-0.228419807 0.909808629 0.346515009
-0.278843354 0.888068917 0.365485955
-0.198747127 0.914456579 0.352517722
-0.168838714 0.918217138 0.358288678
-0.219994889 0.899231676 0.378133100
-0.138813587 0.921166945 0.363568766
0.562956179 0.713323356 0.417432785
0.583740342 0.707271434 0.398766011
0.520022911 0.723677944 0.453725032
0.541711452 0.718792958 0.435758404
0.543407077 0.720064388 0.431527549
0.523519466 0.726351292 0.445355106
0.545092345 0.721316521 0.427290079
-0.287296400 0.924578033 0.250232373
-0.285407131 0.929050038 0.235390731
-0.290854171 0.914959713 0.279736618
-0.289111776 0.919879950 0.265019355
-0.274886199 0.926469702 0.257082610
-0.262426125 0.928170451 0.263879030
-0.260582087 0.932771934 0.249065243
-0.103759704 0.994586373 -0.005645472
-0.108485232 0.994094721 -0.002576845
-0.094297992 0.995474292 -0.011782293
-0.099030303 0.995046258 -0.008714586
-0.092169415 0.995738883 -0.002979278
-0.080566263 0.996749206 -0.000313119
-0.085301408 0.996351381 0.002755810
-0.078954970 0.991175284 -0.106478492
-0.076423198 0.992867898 -0.091503184
-0.083973362 0.987094495 -0.136355901
-0.081472240 0.989250124 -0.121435033
-0.095033667 0.989079573 -0.112650786
-0.111076953 0.986686755 -0.118790395
-0.108563476 0.988651389 -0.103838352
-0.727573500 -0.443806372 0.523137369
-0.736243963 -0.440991796 0.513294324
-0.718769943 -0.446542554 0.532887903
-0.718528304 -0.438184516 0.540103144
-0.718198270 -0.429776331 0.547250902
0.212041963 0.842466220 0.495266469
0.225928178 0.836811912 0.498700594
0.184119640 0.853174341 0.488050717
0.198101771 0.847918768 0.491720907
0.167237663 0.862591304 0.477459742
0.121975767 0.880360747 0.458352339
0.136143111 0.876079827 0.462546420
-0.319720672 0.910965730 -0.260614907
-0.295087479 0.923089666 -0.246635050
-0.368055914 0.884136273 -0.287815731
-0.344051218 0.897977106 -0.274346271
-0.333850241 0.904092059 -0.266761252
-0.347883206 0.896960836 -0.272834260
-0.323581266 0.910026927 -0.259125754
0.520126067 0.798622290 0.302772708
0.527621768 0.792875773 0.304898799
0.512587058 0.804297900 0.300598398
0.587778216 0.747311123 0.309907817
0.657685773 0.683607389 0.316433818
0.354281700 0.894205800 0.273642950
0.410767317 0.866075389 0.284927414
0.398674117 0.872944686 0.281116565
0.378938331 0.881537154 0.281598982
0.434693559 0.851796463 0.292376976
0.422772715 0.859024162 0.288687929
0.465562599 0.834384207 0.295049931
0.518443762 0.799263947 0.303962512
0.507197576 0.807675840 0.300683151
-0.468525467 -0.306410283 0.828611263
-0.476448318 -0.309508544 0.822922513
-0.467754133 -0.304142648 0.829881510
-0.475686740 -0.307246884 0.824209608
-0.476068007 -0.308377910 0.823566826
-0.484321371 -0.312574204 0.817147586
-0.492143678 -0.315607138 0.811287085
-0.967410342 -0.245986369 0.060066103
-0.941809059 -0.324863063 0.086369479
-0.987944864 -0.150769747 0.035120199
-0.807501648 -0.568864165 0.155995677
-0.753244467 -0.633087423 0.178390266
-0.862649585 -0.487537298 0.134696238
-0.909078823 -0.401252218 0.112126499
-0.869466169 -0.474662263 0.136836823
-0.946316367 -0.310968793 0.088225523
0.733272225 0.100084379 -0.672528781
0.738465892 0.094920310 -0.667576408
0.729131094 0.100214051 -0.676997039
0.751670462 0.089461471 -0.653443312
0.756681729 0.084274666 -0.648329039
0.747650128 0.089606842 -0.658019680
0.743601854 0.089748450 -0.662571881
0.748679853 0.084570383 -0.657515268
0.739526134 0.089887535 -0.667099189
0.632130469 0.695617456 0.341361136
0.640342822 0.693761125 0.329630962
0.642469103 0.692250004 0.328669110
-0.774718877 0.581948627 -0.247278096
-0.728504303 0.635277520 -0.256327823
-0.749228277 0.611330880 -0.254816689
-0.734382005 0.630744166 -0.250688789
-0.707048957 0.658589733 -0.257568119
-0.678603213 0.685395010 -0.264066959
-0.649094007 0.711126602 -0.270140569
0.357097160 0.779434584 0.514745906
0.372391617 0.768560220 0.520230403
0.326099597 0.800284671 0.503193301
0.341664103 0.790012023 0.509064480
0.339469283 0.786577972 0.515805874
0.321721177 0.793437743 0.516674010
0.337256358 0.783096937 0.522510609
0.418116985 0.760418163 0.496932998
0.417174161 0.762498238 0.494532259
0.458254006 0.745266761 0.484335339
0.457328762 0.747377998 0.481950757
0.437360980 0.755126816 0.488363456
0.416227011 0.764571654 0.492123217
0.415275442 0.766634879 0.489711414
-0.627694796 0.708541928 0.322440039
-0.644043196 0.694534628 0.320671191
-0.622801556 0.710191760 0.328246684
-0.669467642 0.676460904 0.306942539
-0.685055388 0.661657815 0.304808220
-0.664800239 0.678352663 0.312855091
-0.660091927 0.680201921 0.318753813
-0.675832599 0.665554723 0.316681556
-0.655343740 0.682013042 0.324627160
0.836137677 0.525374168 0.157657125
0.819143810 0.542872685 0.185182794
0.839926819 0.509192058 0.187740212
0.792145768 0.591079420 0.152086165
0.773680128 0.607669254 0.179324114
0.797025100 0.575753793 0.182369297
0.800994627 0.559691188 0.212493248
0.781779792 0.575756782 0.239425324
0.804040139 0.542974773 0.242276395
-0.193558555 0.972304281 -0.130994165
-0.193779550 0.970748899 -0.141760578
-0.208179320 0.963948915 -0.165722239
-0.208321661 0.962015917 -0.176429764
-0.201088881 0.966562244 -0.159124764
-0.193976549 0.969078627 -0.152511356
-0.194153295 0.967293270 -0.163242850
-0.162564334 0.986666364 0.007894471
-0.152538767 0.988219727 0.012397417
-0.164060243 0.986339918 0.014758127
-0.139489568 0.990218459 0.003172351
-0.140994614 0.989959501 0.010035182
-0.142493367 0.989651485 0.016899070
-0.143985438 0.989294516 0.023760336
-0.607209876 -0.745910636 0.273703289
-0.936298891 -0.337425693 0.097407848
-0.751701404 -0.650786118 0.106875755
-0.966821175 -0.140920794 0.213068406
-0.924885834 0.379628285 0.021646225
-0.994693754 0.034430547 0.096947790
-0.978135804 0.187697665 -0.089554093
-0.720234454 0.661258847 -0.209759546
-0.912350284 0.340916304 -0.226700314
0.046475961 0.981376644 -0.186386340
-0.300673303 0.948312624 -0.101482669
-0.314845977 0.944415492 -0.094611783
0.076433461 0.977222731 -0.197973890
-0.272331630 0.955167669 -0.116147355
-0.286645801 0.951781968 -0.109294418
-0.609302479 0.792925612 -0.004411703
-0.839429312 0.535406404 0.093265284
-0.846435715 0.522799949 0.101127614
0.475032668 0.762061252 0.440007515
0.463773767 0.765857082 0.445395131
0.497307803 0.754086942 0.428996308
0.486213406 0.758138866 0.434536515
0.464244428 0.772665310 0.432972781
0.453327911 0.783051730 0.425821317
0.441953222 0.786651312 0.431111428
0.419669201 0.800152961 0.428524214
0.430818163 0.790180320 0.435902252
0.397094706 0.806632532 0.437789622
0.408341832 0.796854563 0.445286148
0.419611706 0.793580401 0.440631550
0.441844550 0.779984884 0.443166982
0.452747257 0.769574822 0.450304913
0.020284357 0.992180123 0.123154978
0.025005209 0.993409179 0.111861264
0.010815542 0.989271720 0.145686264
0.015547015 0.990800624 0.134433678
0.007617289 0.994407533 0.105335822
-0.005048258 0.996154543 0.087467949
-0.000314266 0.997096863 0.076142940
0.149561715 0.967526164 0.203775404
0.139062641 0.972234162 0.188208175
0.162070760 0.964178149 0.209984682
0.103282577 0.981723298 0.159850167
0.115907714 0.979251716 0.166227190
0.128513235 0.976578192 0.172567038
0.141086195 0.973702981 0.178877584
-0.444101738 0.849822123 -0.283859131
-0.501442982 0.816824826 -0.285222965
-0.472615523 0.835284805 -0.280951708
-0.502216349 0.813714357 -0.292656256
-0.557277510 0.777009844 -0.292741320
-0.529672704 0.797387769 -0.289170491
-0.556587561 0.780245878 -0.285353563
-0.609290527 0.740247343 -0.284251517
-0.582923220 0.762295204 -0.281258851
-0.011201388 0.999914097 0.006806466
0.015964679 0.999868910 -0.002700391
-0.065483711 0.997520172 0.025795170
-0.038360187 0.999130973 0.016303214
-0.066892482 0.997334080 0.029156953
-0.122343736 0.991156019 0.051398010
-0.095360542 0.994557304 0.041977797
0.013987036 0.999676109 -0.021261239
0.022552186 0.999672657 -0.012082122
0.003314464 0.999936173 -0.010801138
0.052440414 0.998340263 -0.023805927
0.060999721 0.998030722 -0.014618916
0.041785442 0.999037352 -0.013354608
0.031117700 0.999511528 -0.002897093
0.039677828 0.999192783 0.006281172
0.020442531 0.999762493 0.007553849
0.434393060 0.859305076 0.269995290
0.417430185 0.869222701 0.264960254
0.474375016 0.834128565 0.281421181
0.315866566 0.919474534 0.234083094
0.297878005 0.926890028 0.228349667
0.358504668 0.900192184 0.247241651
0.400295693 0.878782733 0.259815833
0.382996308 0.887981122 0.254565031
0.441140643 0.855296682 0.271776598
-0.254987520 0.953095584 0.163064935
-0.217516880 0.961844679 0.165955477
-0.329853684 0.932691472 0.145887505
-0.293212495 0.944331491 0.149212827
-0.255566274 0.953842934 0.157700785
-0.179719043 0.969167797 0.168567039
-0.141656360 0.975044484 0.170943643
-0.004115137 0.987590486 0.156997124
-0.012041114 0.991705529 0.127965444
-0.049788047 0.991354814 0.121395155
-0.034899678 0.993305264 0.110121135
-0.019968024 0.994906949 0.098800005
0.595361888 0.724109627 0.348151504
0.604718019 0.718879657 0.342823798
0.614416283 0.717802305 0.327494248
0.575161861 0.725292379 0.378338208
0.584731501 0.720313984 0.373144525
0.594823224 0.719714845 0.358044514
0.613990664 0.713541908 0.337451345
0.623172677 0.708105077 0.332028635
0.632646128 0.706780229 0.316576349
0.431080393 0.755676431 0.493074869
0.448809405 0.748630032 0.487978682
0.395125060 0.768882601 0.502688505
0.413183285 0.762428167 0.497978779
0.430404745 0.755945210 0.493253074
0.429728856 0.756213559 0.493431012
0.447470855 0.749189397 0.488349344
0.368329872 0.777924042 0.509084757
0.358909950 0.780590644 0.511724431
0.303131579 0.802766632 0.513494869
0.326395134 0.793222256 0.514066794
0.349452312 0.783175198 0.514314778
-0.506963203 0.826640386 0.244241647
-0.482496169 0.844531354 0.232302043
-0.505247335 0.830076957 0.236002914
-0.461223500 0.855125815 0.236712322
-0.435938824 0.871557336 0.224377253
-0.459384441 0.858362059 0.228430541
-0.457513675 0.861527505 0.220117230
-0.432042822 0.877607823 0.207710154
-0.455602376 0.864620411 0.211797120
-0.146547749 0.983964458 -0.101674495
-0.157184965 0.981375493 -0.110431103
-0.125189848 0.988561860 -0.084100840
-0.135881271 0.986360166 -0.092897277
-0.140190904 0.986054866 -0.089678938
-0.133806312 0.987959283 -0.077668051
-0.144495171 0.985720998 -0.086459587
-0.185514284 0.974813374 -0.123787465
-0.174118331 0.976868131 -0.124142904
-0.196885438 0.972627756 -0.123415448
-0.196102656 0.972517420 -0.125513413
-0.195318884 0.972402269 -0.127610192
0.386275172 0.914714242 0.118698555
0.359216200 0.928718913 0.091896153
0.346612056 0.933521394 0.091639999
0.410956302 0.903845259 0.119074200
0.384245653 0.918603712 0.092317376
0.371774138 0.923742812 0.092104336
0.331584856 0.941189683 0.064911197
0.303407001 0.952109847 0.037828965
0.290513556 0.956133614 0.037555097
0.380559250 0.586628831 -0.714871507
-0.100887784 0.967109664 -0.233496366
0.257873256 0.937331570 0.234330774
-0.211775379 -0.006294079 -0.977298099
-0.675537308 -0.503218005 -0.538907213
-0.508216686 -0.205043064 -0.836464669
-0.883050296 0.080249051 0.462365942
-0.769217598 -0.608536718 0.194903434
-0.559821213 0.104679628 0.821974687
-0.594669865 -0.733237643 0.329742795
-0.598030108 -0.730325365 0.330128537
-0.615854055 -0.710975032 0.339467653
-0.619129630 -0.707961983 0.339806314
-0.608658900 -0.719237073 0.335011008
-0.601378641 -0.727398528 0.330507355
-0.604714947 -0.724457180 0.330880078
0.306349412 0.801956708 0.512850344
0.329407212 0.785527069 0.523868412
0.346434063 0.771072930 0.534256471
0.368927600 0.753344837 0.544393225
0.349298612 0.769726158 0.534333342
0.352160914 0.768372284 0.534403148
0.374588376 0.750507790 0.544446145
0.767302330 0.614696051 0.182745448
0.753922789 0.630063962 0.186064053
0.720001484 0.664291030 0.200786679
0.705548694 0.678717294 0.203823146
0.730194257 0.654801479 0.195067606
0.740221644 0.645164265 0.189301316
0.726205179 0.659987919 0.192462942
-0.695166210 0.658445025 -0.288433856
-0.681051989 0.671763741 -0.291378903
-0.722585903 0.631051918 -0.282211073
-0.709012741 0.644872981 -0.285376543
-0.732444488 0.620304412 -0.280619863
-0.767594765 0.580361760 -0.271989897
-0.755015471 0.595007023 -0.275532723
0.644511439 0.697476020 -0.313260604
0.650069908 0.669436892 -0.359532143
0.640445669 0.688993785 -0.339288829
0.664007332 0.658670489 -0.353903166
0.667583897 0.628554525 -0.399062588
0.659139083 0.649268922 -0.379454261
0.653725530 0.639398789 -0.404737101
0.655467923 0.607459537 -0.448725653
0.647832522 0.629029812 -0.429691191
-0.531728028 0.787610093 0.311344899
-0.498190554 0.806559781 0.318225536
-0.596316532 0.746114194 0.296175966
-0.564458117 0.767456382 0.303969959
-0.582056055 0.752098734 0.309124963
-0.630173673 0.713741854 0.305701993
-0.599321760 0.736322432 0.314074362
-0.380341642 0.887275877 0.260924804
-0.400882268 0.878250088 0.260710932
-0.418873625 0.875142813 0.242218790
-0.439047316 0.865323005 0.241771690
-0.420069335 0.872003765 0.251299001
-0.421224758 0.868780678 0.260364814
-0.441352387 0.858877609 0.259879440
-0.615203170 0.722291366 0.315943416
-0.579537053 0.750190852 0.318355918
-0.682671117 0.662099463 0.309167343
-0.649604807 0.692907203 0.312878894
-0.636632068 0.704932574 0.312681428
-0.657569039 0.687028387 0.309184336
-0.623459123 0.716735568 0.312392138
-0.592623701 0.739084565 -0.320236093
-0.549056877 0.772990828 -0.317839150
-0.581979657 0.746814691 -0.321819042
-0.526401424 0.790895617 -0.312066760
-0.515154349 0.797788223 -0.313288922
-0.503813821 0.804537802 -0.314468692
-0.492387616 0.811148182 -0.315583686
-0.779318090 -0.466992677 0.417829096
-0.797218421 -0.448812786 0.403744810
-0.793427898 -0.464474820 0.393364095
-0.786358449 -0.435365110 0.438289414
-0.803940285 -0.416966194 0.424050953
-0.800725926 -0.432959442 0.413985643
-0.814451584 -0.430225321 0.389326073
-0.830981630 -0.411279466 0.374591420
-0.827511926 -0.427152770 0.364368663
0.508614116 0.802472058 -0.312010060
0.486609844 0.816927897 -0.309579828
0.551540226 0.771886571 -0.316219071
0.530263384 0.787454911 -0.314222064
0.530179661 0.786172847 -0.317555949
0.551342673 0.769276023 -0.322855474
0.530090367 0.784881799 -0.320881231
-0.738644466 -0.504493827 0.447090966
-0.726261666 -0.505983414 0.465322230
-0.762320913 -0.500800158 0.409958569
-0.750672585 -0.502764716 0.428623739
-0.737045478 -0.520652270 0.430912029
-0.735067310 -0.536520856 0.414513475
-0.723049890 -0.538257521 0.432986948
0.759900761 0.091112713 -0.643622022
0.772902643 0.087771900 -0.628424695
0.732965101 0.097680020 -0.673216737
0.746586418 0.094415880 -0.658554752
0.752920784 0.092380986 -0.651595002
0.745855067 0.093639127 -0.659493695
0.759185367 0.090337918 -0.644574774
0.725778275 0.101107079 -0.680458121
0.730400996 0.097372445 -0.676042152
0.731033069 0.095951301 -0.675561988
0.724493265 0.103946475 -0.681399031
0.729767025 0.098793418 -0.676520472
0.734983716 0.093632561 -0.671589071
0.740142944 0.088464375 -0.666605188
0.886552090 0.344799822 -0.308445253
0.885075904 0.334971208 -0.323163941
0.888665788 0.364127304 -0.278719255
0.887747736 0.354521832 -0.293629407
0.890774477 0.356513581 -0.281813586
0.894225479 0.367921776 -0.254939913
0.893663659 0.358453444 -0.269956282
0.889720867 0.366094649 -0.272711363
0.897890583 0.368324641 -0.241100519
0.894392491 0.364597238 -0.259096363
0.896862801 0.373605201 -0.236762055
0.903943399 0.375390809 -0.204861104
0.901073590 0.371925500 -0.223019748
0.905097852 0.370162533 -0.209230919
0.911334461 0.371607008 -0.177137605
0.908931249 0.368325068 -0.195398640
-0.822070194 0.509693956 -0.253796508
-0.838760205 0.488839229 -0.239828121
-0.824156450 0.506944105 -0.252534791
-0.850849848 0.473234755 -0.228261699
-0.866190198 0.451611814 -0.213918935
-0.852774718 0.470390980 -0.226952871
-0.854688126 0.467540392 -0.225641730
-0.869839429 0.445817166 -0.211249668
-0.856589935 0.464683904 -0.224326887
0.690651593 0.680226762 0.245544150
0.699384143 0.677444687 0.227882682
0.681645802 0.682739240 0.263108592
0.686608620 0.680820019 0.255054317
0.691506995 0.678837944 0.246975953
0.541390095 0.839541292 -0.045466307
0.556858870 0.830093915 -0.029194045
0.558178386 0.829720347 -0.001017254
0.573046324 0.819380521 0.015279794
0.565115687 0.824982359 -0.006954746
0.571999660 0.820152406 -0.012900356
0.586792115 0.809730458 0.003405734
-0.209294732 0.977594027 -0.022486284
-0.209076444 0.977538780 -0.026551344
-0.214007412 0.976580181 -0.022180571
-0.199413125 0.979417878 -0.031225390
-0.199187094 0.979325865 -0.035289547
-0.204136217 0.978454030 -0.030921127
-0.208854701 0.977467322 -0.030616151
-0.208629330 0.977379702 -0.034680254
-0.213568147 0.976457851 -0.030310264
0.529435952 0.828145832 -0.184043621
0.516049494 0.838234684 -0.176225807
0.533538649 0.829539477 -0.164926551
0.493911855 0.844650540 -0.206437750
0.498286220 0.846510223 -0.187433413
0.502475124 0.848043896 -0.168345777
0.506476685 0.849245960 -0.149206791
-0.725379738 -0.627084732 0.283881973
-0.715845382 -0.631931600 0.297031719
-0.703437298 -0.641807370 0.305383804
-0.693502423 -0.646296380 0.318363596
-0.704775717 -0.639207504 0.307741703
-0.706105063 -0.636597065 0.310096465
-0.696161286 -0.641081019 0.323070568
-0.350855451 0.911045878 -0.216554521
-0.332595982 0.919651208 -0.208857770
-0.346262108 0.914370494 -0.209831250
-0.323510732 0.921568929 -0.214596166
-0.305050630 0.929617414 -0.206774217
-0.318856830 0.924733876 -0.207840276
-0.314179971 0.927827564 -0.201064560
-0.295616950 0.935570420 -0.193180250
-0.309478437 0.930849031 -0.194276035
-0.196357051 0.980429955 0.014177844
-0.201448650 0.979387638 0.014774855
-0.186157825 0.982434073 0.012982913
-0.191260041 0.981445446 0.013580613
-0.203307639 0.978979113 0.016306451
-0.210247065 0.977474478 0.018434091
-0.215322990 0.976357457 0.019029631
-0.454432680 0.840338745 -0.295502509
-0.432890541 0.851272752 -0.296547605
-0.425275416 0.855923908 -0.294168461
-0.469359508 0.830461996 -0.300057535
-0.448008119 0.841751744 -0.301235335
-0.440467950 0.846547875 -0.298905806
-0.411094490 0.861707892 -0.297423654
-0.389058537 0.871639353 -0.298124626
-0.381271431 0.875924677 -0.295614711
-0.594482542 0.747933564 -0.295272571
-0.636083280 0.717612519 -0.283602423
-0.633516353 0.717288663 -0.290093098
-0.599739859 0.748720326 -0.282364967
-0.641129895 0.718161062 -0.270549711
-0.638622250 0.717910608 -0.277066744
-0.675914878 0.685301326 -0.271110992
-0.713860158 0.651083930 -0.257863124
-0.711521954 0.650989395 -0.264479329
-0.255766773 0.966195138 0.032408524
-0.259951293 0.964955591 0.035861311
-0.282822918 0.957573487 0.055355348
-0.286952310 0.956138623 0.058798851
-0.273497370 0.960707190 0.047337974
-0.264127780 0.963686156 0.039312966
-0.268296062 0.962386883 0.042763436
-0.248177304 0.968338254 0.027000945
-0.237060637 0.971396996 0.013788750
-0.226592024 0.973921633 0.011519838
-0.215366978 0.976531711 -0.001697484
-0.226233896 0.974054239 0.006046859
-0.225870455 0.974157179 0.000572359
-0.214609939 0.976618007 -0.012642913
0.702640228 0.621104779 0.347167918
0.702194452 0.625950827 0.339276456
0.673219535 0.653148699 0.346658672
0.756977855 0.563597334 0.330669885
0.730030132 0.597737175 0.331309940
0.701696300 0.630749961 0.331325805
0.672031416 0.662558311 0.330741984
-0.240962426 0.964170888 -0.110957690
-0.243702253 0.962420862 -0.119813594
-0.248571968 0.960327568 -0.126423648
-0.231134868 0.968004216 -0.097696012
-0.233909539 0.966400230 -0.106568861
-0.238814240 0.964445212 -0.113195371
-0.246419589 0.960585332 -0.128659267
-0.249115340 0.958664259 -0.137493219
-0.253948433 0.956425820 -0.144082768
-0.258986534 -0.930409446 0.259353499
-0.303125594 -0.917558282 0.257296857
-0.304006130 -0.914157102 0.268136283
-0.257084434 -0.936733332 0.237567375
-0.301270250 -0.924007984 0.235468645
-0.302218284 -0.920849179 0.246375522
-0.346635338 -0.902772893 0.254646904
-0.389399745 -0.886078946 0.251459620
-0.390220635 -0.882562975 0.262317461
-0.502891297 0.846139954 0.176486605
-0.566494094 0.802303587 0.188131324
-0.535104509 0.824850046 0.182443322
-0.514690863 0.836684800 0.187221422
-0.526319451 0.826944075 0.197866957
-0.391193900 0.905814970 0.162685499
-0.387359963 0.907403829 0.163004756
-0.380380094 0.911480598 0.156569805
-0.405003754 0.897315112 0.175492306
-0.401194142 0.898960261 0.175822951
-0.394298099 0.903230231 0.169423018
-0.383518930 0.908977000 0.163321900
-0.379671638 0.910534343 0.163635746
-0.372668645 0.914554223 0.157189865
-0.889421650 0.413068788 -0.195712303
-0.877456043 0.434535253 -0.203100977
-0.878381983 0.432653423 -0.203115995
-0.871730698 0.444226895 -0.206756032
-0.864912551 0.455715470 -0.210356103
-0.500853099 -0.829254147 0.247959135
-0.581361515 -0.778935240 0.235114188
-0.628821952 -0.745089745 0.222315597
-0.642785487 -0.733405902 0.221229749
-0.656534513 -0.721468215 0.220104629
-0.952272166 -0.292023554 0.088881757
-0.968257682 -0.236953310 0.079562496
-0.960670231 -0.264598814 0.084262539
-0.965321989 -0.249184131 0.077850665
-0.976318190 -0.205813535 0.066660189
-0.392480526 0.896717495 -0.204589275
-0.376589909 0.904516894 -0.200073060
-0.347707463 0.916422114 -0.198166668
-0.331492537 0.923407308 -0.193472586
-0.354148679 0.914240236 -0.196833696
-0.360573521 0.912014617 -0.195489323
-0.344436246 0.919207597 -0.190843039
-0.404013383 0.890118996 -0.210858626
-0.378768295 0.903044593 -0.202595760
-0.381019218 0.901046237 -0.207219772
-0.740129428 0.640578921 0.204614454
-0.748774930 0.630946495 0.203082804
-0.772936264 0.601885195 0.200757924
-0.687914360 0.695293895 0.208183170
-0.697268420 0.686315900 0.206850757
-0.723540388 0.659103777 0.205113425
-0.757293570 0.621207480 0.201513561
-0.765683290 0.611362524 0.199912392
-0.789086327 0.581702859 0.197394410
-0.439646770 0.856029327 -0.271890620
-0.484142736 0.832068017 -0.270681781
-0.512832243 0.817961045 -0.260658436
-0.555246281 0.790551080 -0.258322583
-0.520146669 0.812016384 -0.264720295
-0.527403750 0.805980278 -0.268777000
-0.569317209 0.777838755 -0.266166840
0.649296606 0.755116368 0.090626640
0.646683291 0.759827157 0.066808771
0.634505393 0.770080811 0.066169867
0.673025179 0.733896918 0.091828226
0.658711644 0.749369202 0.067414905
0.643698957 0.764073437 0.042935249
0.628015763 0.777982517 0.018422921
-0.742392396 0.647911312 0.170483027
-0.761691226 0.624771013 0.171719706
-0.701787017 0.692427226 0.167450053
-0.722413018 0.670483609 0.169030061
-0.759714736 0.632129137 0.152467291
-0.776368825 0.615792750 0.134353033
-0.794628882 0.591789897 0.135460909
-0.676107028 -0.699559561 0.231291393
-0.721407267 -0.656361346 0.220819697
-0.577519241 -0.777327466 0.249466505
-0.628075921 -0.739947875 0.240827282
-0.623662752 -0.740576798 0.250181490
-0.568235154 -0.778067897 0.267804325
-0.619186403 -0.741147246 0.259439699
-0.769387132 -0.409840074 0.489974035
-0.746243483 -0.408618458 0.525501303
-0.745370602 -0.398896420 0.534138851
-0.720636691 -0.396795929 0.568538258
-0.733686226 -0.402832062 0.547202752
-0.721758471 -0.406654631 0.560086351
-0.695979993 -0.403949147 0.593663992
-0.801304195 -0.401990279 0.443074940
-0.809282236 -0.408140783 0.422472915
-0.815804773 -0.403647179 0.414163647
-0.787629086 -0.410655186 0.459350346
-0.795913053 -0.416979765 0.438919455
-0.802648588 -0.412590997 0.430724869
-0.816830196 -0.414087031 0.401647061
-0.823949095 -0.419812156 0.380612194
-0.830155680 -0.415145446 0.372150247
0.718218394 0.618043342 0.319663521
0.736750509 0.595504802 0.320269759
0.699075167 0.640055965 0.318782486
0.661687128 0.679370909 0.317214932
0.622350138 0.716684705 0.314711519
-0.857237919 -0.434731813 0.275955433
-0.855893341 -0.426833376 0.291992908
-0.866381285 -0.410049529 0.285031320
-0.864756936 -0.402006646 0.300975244
-0.860410252 -0.414457525 0.296511651
-0.854274981 -0.418793377 0.307938898
-0.852384147 -0.410617821 0.323781210
-0.856244415 -0.442208441 0.267015350
-0.861017698 -0.429967437 0.271618349
-0.863756571 -0.432656047 0.258327954
-0.868434022 -0.420364838 0.262898750
-0.864750448 -0.425177766 0.267264905
-0.865625117 -0.417641795 0.276167500
-0.870064666 -0.405236039 0.280662126
-0.621529307 0.750287118 -0.225323236
-0.676326395 0.703665743 -0.217800665
-0.627290311 0.745480885 -0.225311155
-0.681734784 0.698466602 -0.217674273
-0.679035238 0.701070649 -0.217740880
-0.727584127 0.653361304 -0.209141926
-0.775034483 0.599637881 -0.199388971
-0.445451692 0.862726844 -0.239322341
-0.458060752 0.856368401 -0.238355845
-0.419967947 0.874922500 -0.241117281
-0.432753002 0.868911215 -0.240245999
-0.505839207 0.829627152 -0.236316493
-0.563823386 0.792585894 -0.232186972
-0.575435029 0.784618658 -0.230755472
-0.980751556 0.195199535 -0.004850531
-0.980856966 0.194503484 -0.009381198
-0.980626230 0.195887980 -0.000310985
-0.973749365 0.227265533 0.012749593
-0.965701958 0.258368622 0.025795036
-0.761685525 -0.593212601 0.260641461
-0.749624410 -0.607240945 0.263290102
-0.785007320 -0.564539077 0.255066929
-0.773481861 -0.578975434 0.257901643
-0.774678292 -0.580529287 0.250717554
-0.787338852 -0.567596025 0.240691264
-0.775831243 -0.582049557 0.243524527
-0.411268807 -0.277813159 0.868146196
-0.400313850 -0.271711583 0.875169491
-0.396616470 -0.270321986 0.877280685
-0.418587113 -0.280540765 0.863760214
-0.407684630 -0.274474049 0.870894505
-0.404003353 -0.273095450 0.873040758
-0.389276354 -0.265553601 0.882012021
-0.378158415 -0.259340834 0.888672349
-0.374411424 -0.257917749 0.890670826
0.436902210 0.304219856 -0.846502651
0.458687588 0.615682254 -0.640734781
0.466896025 0.618046800 -0.632476288
0.419058056 0.296436885 -0.858204823
0.438764571 0.611822398 -0.658148163
0.447175235 0.614317370 -0.650114204
0.413326760 0.842080850 -0.346497954
0.310227836 0.950654495 -0.003836719
0.319542539 0.947543159 0.007384323
0.828840935 0.552021582 -0.091076222
0.813949037 0.555573895 -0.169778129
0.819963569 0.564828061 -0.092892443
0.811919917 0.530403442 -0.243840599
0.787139137 0.527229735 -0.320063722
0.803018745 0.542958994 -0.245675448
0.793819719 0.555545975 -0.247424580
0.768694766 0.551792663 -0.323470575
0.784537575 0.567844809 -0.249104529
0.794128440 0.235787521 -0.560146647
0.766389678 0.239683419 -0.595985503
0.764591575 0.243610885 -0.596702154
0.797536528 0.227883614 -0.558573669
0.769942369 0.231797934 -0.594523730
0.768174503 0.235735106 -0.595262038
0.737066636 0.243067167 -0.630595850
0.706219343 0.245948576 -0.663900247
0.704286537 0.249848088 -0.664497108
0.670214017 0.317294689 -0.670922687
0.874916136 0.291672788 -0.386586006
0.866601111 0.307832261 -0.392736316
0.691801124 0.288906441 -0.661773582
0.891525663 0.254664395 -0.374603841
0.883885090 0.270932383 -0.381238497
0.972582975 0.225858638 -0.055409677
0.950161237 0.132052394 0.282410674
0.948473071 0.154481587 0.276648283
0.803827865 0.263807271 -0.533166472
0.808846495 0.264465432 -0.525190806
0.813328483 0.253350518 -0.523746402
0.794469669 0.285904961 -0.535795015
0.799531438 0.286581601 -0.527845115
0.804247290 0.275544600 -0.526556236
0.813793596 0.265102785 -0.517165831
0.818666871 0.265715701 -0.509096965
0.823104080 0.254583762 -0.507628586
-0.494574091 -0.169118398 0.852522983
-0.486549134 -0.170892977 0.856776243
-0.472247603 -0.172713526 0.864379685
-0.522633854 -0.165291317 0.836380676
-0.514760692 -0.167117160 0.840888390
-0.500721434 -0.169027628 0.848945055
-0.478482535 -0.172653521 0.860955995
-0.470374952 -0.174398895 0.865062096
-0.455931670 -0.176166463 0.872405691
0.934220754 -0.186125342 0.304284309
0.920835703 -0.257211326 0.293093743
0.944037288 -0.089477262 0.317470342
0.997174323 -0.060999505 -0.043845521
0.918169439 -0.024631168 -0.395421530
0.824475607 0.290164217 -0.485844318
0.816377528 0.289050590 -0.499977488
0.815037149 0.300648558 -0.495302826
0.826877185 0.266875114 -0.495027064
0.817587755 0.277402063 -0.504577406
0.808060798 0.287855071 -0.513981716
0.798303633 0.298223865 -0.523234016
0.897660923 0.386861751 -0.211051779
0.878352582 0.402516381 -0.257831932
0.888314299 0.394837083 -0.234523741
0.903833847 0.388292482 -0.179759077
0.909090601 0.389312607 -0.148290165
0.529526588 0.764048146 0.368553963
0.555994046 0.742389561 0.373802570
0.555878843 0.742323985 0.374104014
0.529756733 0.764179042 0.367951349
0.556109468 0.742455210 0.373500361
0.581796165 0.719842365 0.378602949
0.606786339 0.696367741 0.383252278
-0.661565856 -0.695181612 0.281163910
-0.701823675 -0.659440867 0.269409116
-0.712101344 -0.645518695 0.276074792
-0.726181712 -0.633735148 0.266533080
-0.739952287 -0.621691566 0.256846664
-0.474553441 -0.243348623 0.845919901
-0.467050533 -0.251496523 0.847710622
-0.490342482 -0.254386922 0.833577557
-0.427092115 -0.237105182 0.872567165
-0.443401681 -0.248426958 0.861207870
-0.459482500 -0.259622378 0.849395110
-0.475325929 -0.270668690 0.837140204
-0.842418948 -0.410583724 0.348928820
-0.833503400 -0.406560129 0.374140272
-0.837376374 -0.410948753 0.360446848
-0.834780673 -0.401861523 0.376362250
-0.825203454 -0.397513559 0.401275752
-0.829446165 -0.402079845 0.387751025
-0.823978901 -0.402237722 0.399078420
-0.813852770 -0.397619487 0.423724454
-0.818382215 -0.402330288 0.410342406
-0.786320252 -0.414723330 0.457935608
-0.797170385 -0.409512165 0.443643060
-0.800178166 -0.414037972 0.433921030
-0.779776238 -0.405398981 0.477075136
-0.790863023 -0.400298618 0.462921911
-0.794066474 -0.404928133 0.453311861
-0.807744936 -0.404150590 0.429197413
-0.818035701 -0.398650564 0.414602604
-0.820800386 -0.403064866 0.404753554
-0.447914137 -0.297949713 0.842970281
-0.452705726 -0.300773011 0.839400454
-0.438272586 -0.292264019 0.849999343
-0.443103053 -0.295113278 0.846503300
-0.453358786 -0.300234936 0.839240606
-0.458781285 -0.302505574 0.835469993
-0.463530993 -0.305301363 0.831823357
-0.398168441 -0.273760008 0.875509766
-0.389216905 -0.268506254 0.881143912
-0.386046285 -0.267593627 0.882814769
-0.404459827 -0.275551090 0.872057249
-0.395542298 -0.270320149 0.877766089
-0.392382344 -0.269414946 0.879461018
-0.380211225 -0.263214787 0.886655175
-0.371152491 -0.257886675 0.892042763
-0.367949464 -0.256951962 0.893638003
-0.002536483 0.969954611 -0.243272725
0.091043876 0.967161143 -0.237297991
-0.188812817 0.950001042 -0.248692058
-0.096097471 0.964216296 -0.247087457
-0.063622835 0.967966955 -0.242882913
-0.124468471 0.962349976 -0.241640484
-0.031076051 0.970652705 -0.238469295
0.015118950 0.939165279 0.343132621
0.053229731 0.931527779 0.359753515
0.027313983 0.919476639 0.392194666
0.065365043 0.910477140 0.408361100
0.059302845 0.921330357 0.384231109
0.091259892 0.922202717 0.375784222
0.129079582 0.911228068 0.391154534
-0.036859226 0.945034967 0.324885071
-0.089031725 0.933424120 0.347552533
-0.038989907 0.942988119 0.330534709
-0.772141020 -0.458218205 0.440266194
-0.756338821 -0.439782699 0.484296155
-0.764477526 -0.449144513 0.462431962
-0.775544020 -0.442317033 0.450429923
-0.778652614 -0.426267269 0.460430584
0.323843727 0.930045108 0.173612607
0.274907590 0.950822293 0.142698226
0.371566972 0.905748625 0.203856355
0.351360039 0.917759146 0.185106115
0.330815647 0.928941154 0.166220759
-0.171141921 0.977524545 -0.123110549
-0.142203286 0.981572807 -0.127644233
-0.140144323 0.983502933 -0.114374599
-0.126656320 0.984262683 -0.123228027
-0.113136850 0.984763911 -0.132060941
-0.166872634 0.979437197 -0.113385630
-0.165950244 0.979697962 -0.112482972
-0.168716557 0.978910571 -0.115190351
-0.167794743 0.979174732 -0.114288092
-0.168148737 0.979337415 -0.112357599
-0.169424382 0.979234994 -0.111329269
-0.168502074 0.979496300 -0.110426673
-0.115320241 0.954468729 -0.275119405
-0.454921731 0.870359426 -0.188469330
-0.302770508 0.937763254 -0.170088504
-0.427152595 0.849561542 -0.309492888
-0.597195346 0.774106105 -0.210041562
-0.738372678 0.668978247 -0.085287124
-0.845572549 0.532670835 0.035620845
0.097929226 0.954576743 -0.281412702
0.171152240 0.956731101 -0.235313645
0.005135675 0.953648634 -0.300878559
0.078822038 0.963343664 -0.256429465
0.125063960 0.961155122 -0.246048446
0.242937635 0.951822369 -0.187124247
0.312930739 0.939746709 -0.137660728
-0.615528915 -0.407995330 0.674287747
-0.630056609 -0.422171179 0.651766956
-0.615106663 -0.414945047 0.670421062
-0.645177108 -0.422288787 0.636724964
-0.658766390 -0.435835380 0.613249024
-0.644615547 -0.429133283 0.632704846
-0.644007113 -0.435958248 0.628645563
-0.657369713 -0.449337646 0.604946890
-0.643361964 -0.442748664 0.624547039
-0.691601759 -0.480758547 0.539034532
-0.695417291 -0.473168826 0.540838288
-0.698775907 -0.480407574 0.530019616
-0.684595489 -0.466081975 0.560443225
-0.688326225 -0.458432234 0.562180483
-0.691933790 -0.465842544 0.551559928
-0.699181172 -0.465541400 0.542601966
-0.702890532 -0.457880716 0.544325408
-0.706333896 -0.465180273 0.533572620
0.625147323 0.710556317 -0.322955949
0.428728406 0.625630113 -0.651750655
0.395019255 0.324218173 -0.859559401
0.393757600 0.860423539 0.323459867
-0.192767206 0.970396923 0.145501259
0.025578520 0.974268839 -0.223932955
-0.236490624 0.531898975 -0.813114792
-0.609959737 0.278999171 -0.741693051
-0.198876429 -0.121271532 -0.972492355
-0.061103788 0.998087239 0.009390987
-0.056954574 0.998214225 0.018014945
-0.069382654 0.997559150 -0.007860632
-0.065246001 0.997868917 0.000764732
-0.052714211 0.998524381 0.013048825
-0.044321195 0.998877640 0.016706042
-0.040167153 0.998871875 0.025329369
-0.108516405 0.990927528 -0.079289496
-0.126029432 0.986938254 -0.100346725
-0.073250500 0.996626545 -0.037012084
-0.090918417 0.994157816 -0.058172835
-0.103840624 0.991647843 -0.076496271
-0.099163826 0.992338147 -0.073698960
-0.116712091 0.988633011 -0.094778991
0.696054815 0.683066126 0.221197563
0.682113397 0.689144437 0.244542958
0.686318853 0.685817597 0.242117030
0.687760309 0.689832664 0.226089924
0.673629345 0.695728948 0.249368675
0.677881762 0.692450473 0.246958822
0.667639892 0.694690819 0.267696918
0.652647929 0.699698398 0.290642106
0.657037372 0.696556564 0.288289516
0.609655319 0.705305633 0.361751786
0.609272853 0.702366573 0.368059489
0.609467850 0.703840295 0.364907906
0.605606962 0.705858748 0.367428408
0.601529071 0.706377268 0.373087031
0.426356211 0.902690349 -0.058056143
0.419579401 0.906775739 -0.041362860
0.439463228 0.893599410 -0.091390182
0.432988067 0.898295926 -0.074737968
0.418966484 0.904780810 -0.076411854
0.411419316 0.906509675 -0.094733072
0.404852170 0.911043841 -0.078063051
0.166703740 0.965549585 0.199809565
0.217318486 0.945889370 0.240968827
0.192125579 0.956274448 0.220515175
0.177117967 0.960355220 0.215283714
0.187473886 0.954801563 0.230667549
-0.845701293 0.512393856 0.149137049
-0.829516929 0.539405218 0.144719300
-0.780544672 0.599612536 0.176677170
-0.796857054 0.583008912 0.158491148
-0.812482856 0.565894841 0.140123648
0.031429155 0.999487091 -0.006145216
0.048369865 0.998697808 -0.016218656
0.001468522 0.999823910 -0.018708076
0.124939266 0.992163742 -0.001134930
0.095177293 0.995365725 -0.013724291
0.065304597 0.997518292 -0.026316674
0.035360526 0.998619866 -0.038832940
0.411726792 0.754382749 0.511260908
0.396787463 0.761318683 0.512789989
0.426895759 0.748195960 0.507900400
0.350641528 0.778942402 0.519903119
0.335292263 0.785033965 0.520865407
0.366241698 0.773602550 0.517113249
0.381739600 0.768046890 0.514177841
0.366587086 0.774563804 0.515426834
0.397130547 0.762275302 0.511100472
0.011092011 0.999138677 0.039985902
-0.003234623 0.999466078 0.032513021
0.004788709 0.999639290 0.026426450
-0.004954115 0.998626978 0.052149940
-0.011261623 0.999191352 0.038598148
-0.017564409 0.999532298 0.025033501
-0.023861471 0.999649524 0.011465615
-0.278202758 0.930524175 -0.238176376
-0.269092494 0.935966709 -0.227058470
-0.296224279 0.918980976 -0.260240548
-0.287247431 0.924861814 -0.249237916
-0.280420534 0.929339439 -0.240192697
-0.282635240 0.928145062 -0.242206659
-0.273551844 0.933679096 -0.231111952
0.141775534 0.949707003 -0.279206567
0.095634383 0.952280493 -0.289855013
0.137196533 0.945248452 -0.296112269
0.091015239 0.947445058 -0.306698693
0.093332255 0.949896076 -0.298306110
0.049278674 0.952702041 -0.299884034
0.002818836 0.950979809 -0.309240129
-0.215188957 0.970034893 -0.112809662
-0.205025683 0.972004995 -0.114763929
-0.207086039 0.971883939 -0.112057939
-0.211071991 0.970294714 -0.118223445
-0.202962907 0.972114754 -0.117468990
-0.194839607 0.973867173 -0.116705858
-0.186702866 0.975551734 -0.115934697
-0.246236416 0.957117060 -0.152625557
-0.244281814 0.958070814 -0.149755499
-0.257622386 0.953330212 -0.157455429
-0.219393310 0.965951965 -0.137125408
-0.230878047 0.962562598 -0.142016097
-0.242324297 0.959012170 -0.146882924
-0.253729612 0.955301287 -0.151725855
0.788568923 0.597223196 0.146572533
0.810051584 0.572141049 0.128339593
0.742269229 0.644803355 0.182387021
0.765964082 0.621455460 0.164596893
0.771617307 0.615585393 0.160191622
0.754040675 0.633448961 0.173680953
0.777204310 0.609662495 0.155772602
0.868263368 0.481148283 0.120892733
0.874126747 0.477585793 0.088398196
0.886965058 0.452910422 0.090361145
0.840409243 0.529239297 0.116696488
0.846402077 0.525853174 0.084154405
0.860584949 0.501941329 0.086304390
0.879002219 0.473547997 0.055743995
0.882902427 0.468988959 0.023079436
0.895588982 0.444172728 0.025118977
-0.106121506 0.977165072 -0.184083262
-0.087996708 0.976875126 -0.194862947
-0.147793175 0.972024588 -0.182552399
0.014131879 0.978235407 -0.207016374
-0.027870643 0.978054096 -0.206478599
-0.069833237 0.976143049 -0.205591993
-0.111662866 0.972520732 -0.204291042
-0.632101757 -0.727965778 0.265543207
-0.682014618 -0.470545765 0.559859575
-0.370695229 -0.721536265 0.584782408
-0.986181975 -0.086475688 0.141304872
-0.888576268 0.321853876 0.326867402
-0.894060812 -0.056096553 0.444419217
-0.627430077 -0.051688866 0.776955442
-0.526576433 0.323688060 0.786093697
-0.351946912 -0.079956129 0.932598729
-0.052531934 0.993404224 0.101923714
-0.065834598 0.994855211 0.076999443
-0.025808167 0.988112505 0.151550705
-0.039221716 0.991148791 0.126829535
0.003154682 0.988759391 0.149482156
0.058786872 0.978788906 0.196255905
0.045486297 0.984079599 0.171809019
-0.263751645 -0.935677178 0.234399849
-0.579887558 -0.766985922 0.274705326
-0.258337458 -0.940473719 0.220841439
-0.576501335 -0.775014680 0.258840601
-0.578462131 -0.771230526 0.265678450
-0.821115223 -0.498925917 0.277205196
-0.955541315 -0.166009228 0.243683673
-0.224235015 0.967358874 0.118048580
0.017359018 0.989901700 -0.140688621
-0.593127042 0.575575821 0.562950074
-0.436094813 0.823260534 0.363405293
-0.207658684 0.971668997 0.112859347
-0.192599619 0.975518901 0.106152063
0.047744333 0.986834848 -0.154523338
-0.361876047 0.918460017 0.159614927
-0.332124423 0.927864612 0.169589589
-0.347046781 0.923286179 0.164624309
-0.369705591 0.915841374 0.156691907
-0.377506808 0.913152451 0.153756991
0.573060274 0.713594462 0.402970056
0.585305213 0.710060848 0.391447825
0.577058016 0.711739180 0.400538870
0.589533002 0.710211113 0.384773979
0.593462532 0.708273670 0.382296524
0.597377332 0.706317767 0.379809868
0.601276739 0.704344354 0.377313283
0.476941809 0.735793937 0.480763760
0.497005154 0.730942104 0.467663893
0.474839848 0.733093765 0.486929821
0.494958410 0.728318899 0.473885803
0.495985352 0.729633981 0.470778912
0.516772799 0.725651008 0.454286792
0.536231192 0.719926470 0.440638157
0.421325373 0.867881832 0.263184450
0.435048239 0.858327589 0.272041872
0.393432679 0.886060591 0.245168018
0.407459500 0.877131300 0.254199605
0.363207829 0.898211096 0.247582106
0.303448270 0.924461990 0.230844485
0.318074918 0.917093907 0.240347899
0.304588559 0.927323890 0.217476925
0.258391432 0.943060598 0.209453042
0.350072446 0.909322363 0.224904696
0.305703370 0.930014906 0.204004228
0.260454005 0.948063561 0.182590238
-0.292570836 0.935143596 0.199771772
-0.225010474 0.951000593 0.212056972
-0.223219005 0.953521272 0.202411609
-0.296042749 0.929745672 0.218933043
-0.228507897 0.945645339 0.231385033
-0.226776804 0.948359317 0.221781168
-0.156330417 0.962111236 0.223389281
-0.086887765 0.968440725 0.233608816
-0.085092424 0.970903452 0.223843174
0.333601048 0.823783640 0.458356689
0.308615068 0.839154049 0.447858484
0.312797761 0.833493983 0.455461678
0.325302912 0.835286150 0.443255076
0.300149976 0.850206365 0.432503328
0.304401606 0.844726935 0.440200032
0.283331852 0.853712734 0.436918333
0.257776706 0.867442503 0.425552199
0.262113540 0.862241353 0.433400900
-0.335685405 0.916543399 -0.217401718
-0.326852151 0.921004599 -0.211939140
-0.315698608 0.928944322 -0.193382613
-0.316845327 0.927168218 -0.199920321
-0.317976417 0.925348331 -0.206449666
-0.422887398 0.856527494 -0.295849456
-0.398430958 0.869486121 -0.291970303
-0.447014128 0.842900187 -0.299495649
-0.425326719 0.855664686 -0.294847634
-0.403360215 0.867868395 -0.290008597
-0.885853524 0.442655329 0.138995664
-0.686796194 0.725564742 0.043206405
-0.555009742 0.831596513 0.020283631
-0.238130523 0.968007697 -0.079088260
-0.478807227 0.877758234 -0.016855949
-0.398956279 0.915178111 -0.057296702
-0.059222644 0.987215607 -0.147979808
0.462807798 0.815510875 0.347492382
0.480033531 0.803168296 0.352829274
0.472538297 0.812523993 0.341339008
0.477698758 0.796626784 0.370391230
0.487397882 0.793588587 0.364225835
0.497031505 0.790439615 0.358001255
0.506589999 0.787180061 0.351730188
0.781673674 0.575153585 0.241214886
0.804739231 0.541353237 0.243580463
0.816846639 0.529871114 0.228031073
0.838046393 0.494829865 0.229829607
0.821751777 0.518317181 0.236793826
0.826457784 0.506639207 0.245528501
0.846789167 0.471080600 0.247044883
-0.280179617 0.944558783 -0.171196048
-0.283271731 0.944087680 -0.168687815
-0.291067260 0.940607324 -0.174750429
-0.264491080 0.951188548 -0.159011997
-0.267589198 0.950737525 -0.156506165
-0.275445471 0.947464592 -0.162605780
-0.286359618 0.943601465 -0.166175944
-0.289442389 0.943100115 -0.163662079
-0.297231219 0.939599868 -0.169722394
0.248776686 0.968504898 -0.010412612
0.233136693 0.971907498 -0.032297021
0.246249237 0.969138379 -0.011494109
0.222434101 0.973559938 -0.052001136
0.219881465 0.974081422 -0.053080362
0.217325400 0.974595605 -0.054157895
0.214769206 0.975101618 -0.055236061
0.324821736 0.941522210 0.089592234
0.268932565 0.960229036 0.075069789
0.319094712 0.941965563 0.104304571
0.223385956 0.974239127 0.030932812
0.165726041 0.986042588 0.015965427
0.217747248 0.974941884 0.045546230
0.212025599 0.975404463 0.060260097
0.154393283 0.986978330 0.045127498
0.206307672 0.975619505 0.074858039
-0.707574405 -0.547849420 0.446317683
-0.705879723 -0.565048606 0.427146216
-0.701424486 -0.562993354 0.437083715
-0.716529093 -0.552001065 0.426474950
-0.714531383 -0.568952432 0.407109363
-0.710252534 -0.567032973 0.417150986
-0.703719037 -0.581869860 0.407684907
-0.701091913 -0.598300159 0.387952379
-0.696940028 -0.596498463 0.398075597
-0.665416132 0.683701347 -0.299622829
-0.687294968 0.665491819 -0.291112119
-0.676433098 0.674673688 -0.295387335
-0.626336640 0.720231246 -0.298277331
-0.585463895 0.754695945 -0.296084544
-0.422245574 -0.865152845 0.270590522
-0.398118054 -0.877198290 0.268375066
-0.406136448 -0.878956898 0.249975912
-0.389985851 -0.883937341 0.258003515
-0.373695979 -0.888605367 0.265954539
-0.229153900 0.951359673 -0.205920527
-0.231767108 0.946642299 -0.223947239
-0.218097283 0.954978378 -0.201121537
-0.256167231 0.933403352 -0.251269840
-0.258544414 0.927769725 -0.269068994
-0.245254643 0.937569725 -0.246603267
-0.234296137 0.941589165 -0.241899079
-0.236751431 0.936201791 -0.259759439
-0.223309778 0.945458751 -0.237150782
-0.345307527 0.897282338 -0.275040211
-0.378122945 0.883792422 -0.275561233
-0.312057337 0.909642700 -0.274172167
-0.320968127 0.906784687 -0.273351410
-0.329850263 0.903845954 -0.272509258
-0.333509339 0.936553831 0.107881614
-0.327413926 0.938381509 0.110635726
-0.345653214 0.932763488 0.102352971
-0.339590676 0.934680822 0.105118668
-0.323625975 0.941302848 0.095995706
-0.313658501 0.945805415 0.084086040
-0.307538186 0.947565051 0.086837424
-0.302365765 0.949197077 0.087177140
-0.291052280 0.953360846 0.079947910
-0.313620199 0.944845569 0.094388672
-0.317814365 0.942717501 0.101379204
-0.321986712 0.940522399 0.108361317
0.915978201 0.374919990 -0.142894844
0.912815576 0.377045669 -0.156857537
0.919513377 0.377792759 -0.108479407
-0.133388079 0.990514276 -0.033001343
-0.124224422 0.991993701 -0.022733008
-0.151631801 0.986986579 -0.053528395
-0.142524804 0.988844922 -0.043271241
-0.121428353 0.991808062 -0.039647486
-0.109449495 0.992914256 -0.046282709
-0.100279002 0.994307796 -0.036001786
-0.440593330 0.865824399 -0.237119436
-0.513343726 0.825936017 -0.233040587
-0.619087214 0.754659896 -0.217300399
-0.681889416 0.700884697 -0.209254547
-0.600978820 0.767708503 -0.222369315
-0.582552396 0.780344580 -0.227365439
-0.647743834 0.729382506 -0.220066091
-0.788447482 -0.579834087 0.205287605
-0.598040578 -0.770606091 0.220258302
-0.920872831 -0.345479939 0.180656691
-0.714487626 -0.657601836 0.238887541
-0.406219441 -0.876245238 0.259191143
-0.293473537 -0.916737819 0.271044377
-0.303976900 -0.913046559 0.271926507
-0.270501172 -0.923735815 0.271184919
-0.359517241 -0.892696968 0.271734202
-0.369760563 -0.888297860 0.272404180
-0.337076995 -0.901228979 0.272333301
-0.314442260 -0.909241105 0.272775875
-0.324868581 -0.905322690 0.273589533
-0.291626359 -0.916729298 0.273059446
0.416784458 0.865334076 -0.278366039
0.399148095 0.871871574 -0.283761795
0.382805689 0.881944244 -0.275016645
0.448662387 0.843504212 -0.295301046
0.431282702 0.850561418 -0.300899494
0.415308594 0.861406184 -0.292400681
0.381354613 0.878070511 -0.289068914
0.363420911 0.883933875 -0.294255241
0.346856758 0.893469849 -0.285310390
0.702329198 0.634369985 0.322968140
0.676650687 0.662796162 0.320694707
0.644506128 0.694453848 0.319915152
0.759935809 0.564948460 0.321451090
0.707421874 0.629792326 0.320805110
0.649980088 0.690249668 0.317932825
0.588010401 0.745898899 0.312855559
0.415497928 0.755088094 0.507152286
0.435639399 0.747712603 0.501142871
0.395149183 0.762087602 0.512912868
0.406695995 0.755107710 0.514208823
0.418167915 0.747992222 0.515405889
-0.520505745 0.799956837 -0.298567963
-0.486689359 0.817473538 -0.308010522
-0.553520781 0.781208641 -0.288665558
-0.544947271 0.786327459 -0.291069751
-0.536316321 0.791363035 -0.293443948
0.444418736 0.866361318 0.227837779
0.438250102 0.866893280 0.237556075
0.443064472 0.864374068 0.237805265
0.434776600 0.871372039 0.227332527
0.428581493 0.871855082 0.237037169
0.433421747 0.869387362 0.237299821
0.432022257 0.867310654 0.247242793
0.425737139 0.867612981 0.256896093
0.430577444 0.865142889 0.257159186
-0.191294800 0.980656175 0.041470066
-0.183703989 0.981312521 0.057258882
-0.202705844 0.977298071 0.061634583
-0.153108663 0.987669011 0.032675101
-0.164615688 0.984939894 0.052868514
-0.176043083 0.981669122 0.073038131
-0.187377145 0.977860949 0.093154552
-0.103688891 0.993664751 0.043347155
-0.088658009 0.995275444 0.039579640
-0.088347975 0.994148113 0.062162405
-0.532400480 0.798544006 0.280850848
-0.565559752 0.773567180 0.285895061
-0.463352402 0.844270298 0.269280925
-0.498311103 0.822125895 0.275309022
-0.518479324 0.809573397 0.275263700
-0.504375348 0.820320330 0.269592404
-0.538351871 0.796562229 0.275074315
0.702155002 0.676414762 0.222354271
0.703530072 0.675889849 0.219586768
0.700772984 0.676933089 0.225119565
0.696894206 0.677687803 0.234686401
0.692940750 0.678369929 0.244228083
0.666674530 0.685058150 0.293667162
0.679560945 0.681646908 0.271209172
0.653333487 0.688002033 0.315924923
0.658291002 0.686784408 0.308188471
0.663191725 0.685508088 0.300425359
-0.090474465 0.995896498 0.002129990
-0.100813030 0.994905001 0.000878208
-0.095645074 0.995414365 0.001504196
-0.102067487 0.994777332 -0.000536371
-0.113645946 0.993516151 -0.003202586
0.362648509 0.850350019 0.381301591
0.377325535 0.845829130 0.377092194
0.408536955 0.815450207 0.410046967
0.422950286 0.810332693 0.405553920
0.400346357 0.828508238 0.391531472
0.391922025 0.841090655 0.372778268
0.406405247 0.836136513 0.368389071
-0.506478224 0.807374765 -0.302697535
-0.492299104 0.815360737 -0.304677635
-0.462310734 0.832940443 -0.304103609
-0.564036597 0.768385372 -0.302401451
-0.550453275 0.777263644 -0.304733357
-0.521691404 0.796793312 -0.304890959
-0.477986641 0.823125374 -0.306583413
-0.463546629 0.830670179 -0.308401646
-0.433036996 0.847313481 -0.307471666
-0.891767987 -0.423599613 0.159101307
-0.897945913 -0.413293762 0.151266004
-0.885406430 -0.433815636 0.166911497
-0.899543631 -0.407298964 0.157888596
-0.912794943 -0.380383423 0.148707239
-0.164341519 0.962677704 -0.215043025
-0.079708125 0.971734481 -0.222213214
-0.103418863 0.969449492 -0.222423516
-0.117197621 0.969522267 -0.215154113
-0.055950119 0.973473087 -0.221855206
0.005508873 0.973706268 -0.227740546
0.066946617 0.970229797 -0.232749420
0.005870353 0.972352158 -0.233445537
-0.116123019 0.965711564 -0.232199524
-0.055231056 0.970838728 -0.233284580
-0.079349219 0.970444826 -0.227904677
-0.163989736 0.961447764 -0.220738677
-0.305832373 0.944129291 0.122826875
-0.320870577 0.938104803 0.130389615
-0.275463603 0.955273221 0.107577304
-0.290696659 0.949854009 0.115207696
-0.259136605 0.958868932 0.115838643
-0.211811050 0.971262638 0.108558587
-0.227301492 0.966850500 0.116336330
-0.206139694 0.973042606 -0.103414283
-0.198614249 0.975052112 -0.099124969
-0.221141041 0.968792941 -0.111968196
-0.213648894 0.970956154 -0.107695388
-0.214893040 0.970427848 -0.109958053
-0.223619356 0.967690543 -0.116487751
-0.216135800 0.969892798 -0.112219768
-0.808756595 -0.535034664 0.244234883
-0.809895479 -0.536548468 0.237033867
-0.854483767 -0.476452863 0.207002806
-0.855431155 -0.477855513 0.199728937
-0.833384610 -0.507638860 0.218570080
-0.810989997 -0.538040739 0.229798583
-0.812041301 -0.539491374 0.222571298
-0.682456172 -0.645234395 0.343403769
-0.682758807 -0.644790153 0.343636536
-0.679393004 -0.643447182 0.352705074
-0.688989869 -0.647733470 0.325168130
-0.689294895 -0.647291329 0.325402032
-0.686059568 -0.646071549 0.334535234
-0.683061281 -0.644345609 0.343869194
-0.683363451 -0.643900924 0.344101720
-0.679995239 -0.642555900 0.353169066
-0.843667232 -0.416263058 0.339043757
-0.843301394 -0.424961964 0.329013810
-0.839027097 -0.419143019 0.346918808
-0.841011843 -0.426419308 0.332964943
-0.842785823 -0.433587345 0.318926436
0.841038753 0.263112777 -0.472679048
0.843410676 0.253467387 -0.473722193
0.840590315 0.257633733 -0.476479571
0.846670192 0.254777279 -0.467159634
0.848968183 0.245109282 -0.468160724
0.846203534 0.249292447 -0.470948889
0.845698729 0.243796463 -0.474717753
0.847902519 0.234101489 -0.475665650
0.845156249 0.238289860 -0.478465105
-0.692951001 -0.639883998 0.332215863
-0.685487061 -0.642875084 0.341788115
-0.690083357 -0.641516924 0.335023874
-0.683758456 -0.642600460 0.345744159
-0.680843680 -0.644189002 0.348528928
-0.677916015 -0.645765639 0.351307013
-0.674975703 -0.647330023 0.354078582
-0.463045243 0.797707995 0.386330243
-0.441363368 0.810324502 0.385451137
-0.505508040 0.770943814 0.387436779
-0.484426757 0.784562513 0.387030206
-0.387246571 0.833527510 0.394045661
-0.308706807 0.863444428 0.398953415
-0.285465431 0.872586652 0.396360976
-0.324034639 0.863607606 0.386242743
-0.278306085 0.879233292 0.386645240
-0.227625315 0.893512827 0.387067879
-0.229776854 0.893160980 0.386608408
-0.231927554 0.892805644 0.386144650
-0.858795135 0.484646398 -0.166098720
-0.856776867 0.487788931 -0.167318139
-0.878202391 0.450965842 -0.159343556
-0.811440300 0.555651704 -0.181151382
-0.809140286 0.558617693 -0.182313659
-0.833741703 0.523695247 -0.174980172
-0.854745264 0.490923516 -0.168536748
-0.852700573 0.494051005 -0.169750813
-0.874418389 0.457388069 -0.161829030
0.596699246 0.802089965 0.024529520
0.603493109 0.797151496 0.018589230
0.582918687 0.811714018 0.036416431
0.589835861 0.806947808 0.030477740
0.606240353 0.793970276 0.045649045
0.615413714 0.785373896 0.066736827
0.622237877 0.780464688 0.060785655
0.601316648 0.799004135 -0.003268178
0.595178189 0.803186186 -0.025590508
0.616635388 0.787234614 -0.004739246
0.602908936 0.797375267 -0.026334356
0.588717830 0.806917784 -0.047906231
-0.458390273 -0.301368157 0.836095444
-0.437868788 -0.291117813 0.850600578
-0.448170785 -0.296270273 0.843425677
-0.457998540 -0.300229927 0.836719384
-0.457605818 -0.299091419 0.837341769
-0.671365059 0.701934366 -0.237817373
-0.662517826 0.711159137 -0.235208021
-0.700528654 0.676042167 -0.228531384
-0.590849458 0.767226703 -0.249519747
-0.622702936 0.744345653 -0.241227283
-0.653557560 0.720268637 -0.232541622
-0.683360370 0.695028204 -0.223504811
0.548067933 0.816134132 0.183157365
0.537472941 0.818304438 0.203717168
0.512603369 0.836502018 0.193654746
0.501657352 0.838155445 0.214091922
0.519674884 0.828419566 0.208947451
0.526577168 0.820037961 0.224174551
0.515395558 0.821333741 0.244496019
-0.208142889 0.957015272 -0.201985909
-0.213687732 0.953574750 -0.212209209
-0.196959378 0.963473825 -0.181453003
-0.202565459 0.960315263 -0.191733746
-0.212269473 0.952958673 -0.216359511
-0.216345919 0.948673210 -0.230680697
-0.221814107 0.944882797 -0.240821514
-0.601119495 -0.766931202 0.224659485
-0.565240898 -0.792961377 0.227409282
-0.659492970 -0.720758901 0.213484493
-0.625660585 -0.749322310 0.216944484
-0.595873268 -0.771689664 0.222328835
-0.528248564 -0.817432479 0.229690221
-0.490214096 -0.840288760 0.231527405
0.856566878 0.514684672 -0.037321197
0.856748257 0.515111036 -0.025358331
0.887329610 0.450133354 -0.100130547
0.888208346 0.450898182 -0.088185961
0.873470541 0.483548172 -0.056836422
0.856826034 0.515432454 -0.013361622
0.856766685 0.515702344 -0.001392950
-0.365895122 0.927539650 0.076098335
-0.376420215 0.922572770 0.084659948
-0.345971673 0.935613014 0.070227409
-0.425682826 0.898792606 0.104718590
-0.406375920 0.908328241 0.098986962
-0.386865293 0.917413401 0.093208886
-0.367165940 0.926042365 0.087376828
-0.381311646 0.918748803 0.102479588
-0.367203789 0.924510062 0.102188658
-0.388566168 0.914144438 0.115569370
-0.370866645 0.922296993 0.108748282
-0.353009203 0.930056670 0.101877829
-0.605601981 -0.364780186 0.707235220
-0.595073959 -0.362068059 0.717491257
-0.611243548 -0.367907773 0.700731900
-0.572660633 -0.352735434 0.740025346
-0.561714490 -0.349767473 0.749759659
-0.578561118 -0.356020035 0.733837017
-0.584412777 -0.359275450 0.727587010
-0.573621563 -0.356401504 0.737520352
-0.590215919 -0.362499641 0.721276077
-0.806566782 0.558856905 0.192688835
-0.818305594 0.543074408 0.188271460
-0.831073363 0.524580025 0.184750811
-0.779036843 0.594472767 0.199257939
-0.791506816 0.579211768 0.195014584
-0.805114528 0.561288498 0.191691989
-0.829711985 0.527071929 0.183774873
-0.840781078 0.510854903 0.179205040
-0.852783926 0.491886001 0.175521329
-0.970450946 0.218151154 -0.103126310
-0.965588423 0.235735467 -0.109853478
-0.969584923 0.221393593 -0.104354939
-0.962324308 0.246802083 -0.114108102
-0.956866809 0.264237477 -0.120766159
-0.961348696 0.250017960 -0.115324347
-0.960360805 0.253230646 -0.116539112
-0.954770067 0.270630074 -0.123180688
-0.959360647 0.256440095 -0.117752394
-0.664458020 -0.568683924 0.484865068
-0.662365375 -0.552485552 0.505995875
-0.667213187 -0.599859070 0.441583128
-0.666076005 -0.584478413 0.463387246
-0.661403069 -0.585865947 0.468302330
-0.657971704 -0.602704046 0.451465470
-0.656704898 -0.587220627 0.473191940
-0.690682091 -0.620120605 0.372033176
-0.689302933 -0.618618594 0.377057689
-0.692595677 -0.611135248 0.383177422
-0.683829473 -0.634846109 0.359649370
-0.682500744 -0.633391765 0.364702079
-0.685937458 -0.626037988 0.370899233
-0.687902666 -0.617098959 0.382071717
-0.686482711 -0.615560936 0.387073922
-0.689724926 -0.608030969 0.393163918
0.461834509 0.745790872 0.480109219
0.458341314 0.746788999 0.481901890
0.468798173 0.743757756 0.476500443
0.465320206 0.744780314 0.478308885
0.484439354 0.739868878 0.466811049
0.506694013 0.733412008 0.453175467
0.503305701 0.734571298 0.455069643
-0.896982399 -0.413042257 0.157539423
-0.996239718 -0.074103987 0.044889000
-0.674394944 -0.695249476 0.248635530
-0.668415876 -0.705077054 0.236826022
-0.662226966 -0.713594519 0.228557011
-0.775134308 -0.616438920 0.138455272
-0.954698926 -0.292600709 0.054173669
-0.910835415 0.356690237 -0.207727999
-0.697253245 0.667659151 -0.260900691
-0.967430369 0.217293593 -0.129853667
-0.996569156 0.076712834 -0.031065388
-0.894219967 0.427082908 -0.134055359
-0.357667400 -0.240034902 0.902472868
-0.352596651 -0.236714570 0.905340717
-0.351560285 -0.234683213 0.906272120
-0.359723252 -0.244086216 0.900567100
-0.354662838 -0.240773085 0.903461451
-0.353630789 -0.238744594 0.904403828
-0.347509961 -0.233383699 0.908167868
-0.342407677 -0.230042316 0.910954179
-0.341361233 -0.228004027 0.911858910
-0.341036769 -0.234354305 0.910369146
-0.338199850 -0.231154074 0.912243748
-0.355072841 -0.241538106 0.903096131
-0.345244318 -0.234763645 0.908676176
-0.335355759 -0.227948509 0.914098459
-0.384949090 -0.224234463 0.895283812
-0.370184784 -0.222250526 0.901980005
-0.388244232 -0.231811609 0.891924769
-0.348514401 -0.204928832 0.914626638
-0.333494998 -0.202793236 0.920682350
-0.351931544 -0.212575153 0.911567876
-0.355319937 -0.220208285 0.908436048
-0.340362856 -0.218102602 0.914649868
-0.358682633 -0.227819209 0.905232112
-0.394704523 -0.263037034 0.880352122
-0.712542747 -0.237013159 0.660384430
-0.716232341 -0.237793148 0.656098813
-0.384844858 -0.260576326 0.885434590
-0.705151737 -0.234830451 0.669040871
-0.708886482 -0.235634053 0.664798127
-0.923492243 -0.174870334 0.341441712
-0.995837869 -0.086490230 -0.028746791
-0.995595741 -0.087131126 -0.034601829
0.865935969 0.432712000 -0.250829071
0.847739836 0.446729969 -0.285953678
0.864215227 0.443869002 -0.236880454
0.829625992 0.436739227 -0.347821163
0.807960251 0.448923791 -0.381664333
0.828972157 0.448405389 -0.334272000
0.828036808 0.459976288 -0.320588302
0.806904410 0.472348597 -0.354671787
0.826865482 0.471336064 -0.306815562
0.411863767 0.849224971 0.330431818
0.454221299 0.821280978 0.345225384
0.437080608 0.833752785 0.337367509
0.446516973 0.824990435 0.346429465
0.487797511 0.795084037 0.360409437
0.471127660 0.808388313 0.352912259
0.495307616 0.791041323 0.359059871
0.535007993 0.758591135 0.371895062
0.519028121 0.772963469 0.364879824
-0.449016616 -0.296532125 0.842883608
-0.436549934 -0.290369876 0.851533611
-0.445438839 -0.295222887 0.845238243
-0.431223086 -0.286815818 0.855443357
-0.427598977 -0.285475521 0.857707900
-0.423966187 -0.284129691 0.859955226
-0.420324974 -0.282778023 0.862185309
0.467452688 0.875506683 0.122376602
0.467977115 0.873488707 0.134219592
0.474352793 0.869208450 0.139520959
0.454510690 0.883707090 0.111722031
0.455100538 0.881822115 0.123585026
0.461558033 0.877694081 0.128908039
0.468431215 0.871345597 0.146044675
0.468818450 0.869076215 0.157847371
0.475126713 0.864664701 0.163124374
0.848361861 0.322530493 -0.419828814
0.957076209 0.276684414 -0.086318392
0.879578704 0.238309455 -0.411764383
0.905682633 0.350466563 0.238562689
0.924981161 0.284167504 0.252306720
0.945003350 0.196589890 0.261383023
0.954646858 0.127072562 0.269261845
-0.357918932 -0.235492688 0.903569163
-0.372744709 -0.237515028 0.897021735
-0.385853441 -0.254757691 0.886688018
-0.386674758 -0.247125549 0.888488376
-0.387472901 -0.239474016 0.890234209
-0.804481057 0.269979801 -0.529075737
-0.438788016 0.533239920 -0.723270534
-0.292084324 0.915890606 0.275374556
0.398733112 0.863827774 0.307917980
-0.077301015 0.989882406 -0.118984773
0.349828988 0.639048915 -0.685008148
0.622538959 0.690539542 -0.368239577
0.838055875 0.254621015 -0.482525117
0.835671687 0.264262761 -0.481474844
0.842572317 0.235261388 -0.484483199
0.840356206 0.244953005 -0.483528151
0.835477555 0.251594179 -0.488546441
0.832856397 0.248554283 -0.494541193
0.830521791 0.258211972 -0.493518117
-0.648852680 -0.495368159 0.577581671
-0.644900891 -0.494023798 0.583132341
-0.644749694 -0.482320225 0.593013519
-0.648607478 -0.518353335 0.557331283
-0.644745061 -0.517083445 0.562964046
-0.644898355 -0.505613404 0.573115344
-0.640915578 -0.492657555 0.588655888
-0.636901204 -0.491266527 0.594149860
-0.636662136 -0.479491207 0.603944954
0.634507577 0.543510355 -0.549542199
0.632611371 0.527977407 -0.566606310
0.634246581 0.515841425 -0.575880976
0.631794181 0.499848450 -0.592442098
0.632318949 0.514006161 -0.579629548
0.630376325 0.512161118 -0.583366676
0.627804716 0.496069516 -0.599813533
0.635316364 0.477020270 -0.607309460
0.633743099 0.482156922 -0.604892046
0.638688263 0.486466059 -0.596177890
0.625155372 0.468197664 -0.624477148
0.623625272 0.473368978 -0.622103954
0.628721353 0.477791400 -0.613534708
0.632146648 0.487277813 -0.602454104
0.630528990 0.492380881 -0.599995217
0.635430762 0.496653923 -0.591238216
0.316536650 0.912134867 0.260412237
0.315211178 0.912854963 0.259495145
0.289763318 0.923687854 0.250675024
0.366580644 0.888081658 0.277361856
0.365289336 0.888891257 0.276470676
0.340393702 0.901252871 0.268095859
0.313885029 0.913572313 0.258576524
0.312557622 0.914286717 0.257657779
0.287079426 0.925028243 0.248813491
0.362885330 0.890653459 0.273953741
0.350978340 0.895902241 0.272347901
0.404357818 0.869961214 0.282245002
0.392683144 0.875753808 0.280811710
0.371933765 0.886073545 0.276656733
0.339010635 0.900996735 0.270696644
0.326984917 0.905936512 0.268997956
0.742199984 0.252389118 -0.620837271
0.771179296 0.248883893 -0.585951620
0.679689805 0.257859560 -0.686680578
0.711681354 0.255379183 -0.654439549
0.718943105 0.260881402 -0.644252828
0.694855470 0.269044993 -0.666926284
0.726074716 0.266309148 -0.633951847
0.747689025 0.641039430 0.173290422
0.737246619 0.649963155 0.184432427
0.733071016 0.654302158 0.185729835
0.755811354 0.632163835 0.170640214
0.745514302 0.641209957 0.181819185
0.741394807 0.645598297 0.183129950
0.726574147 0.658682367 0.195518667
0.715674383 0.667195701 0.206543153
0.711357997 0.671408078 0.207800368
0.735706937 0.650486836 0.188685396
0.741697777 0.644900332 0.184358264
0.729652819 0.656017806 0.192995861
0.716746571 0.666971083 0.203528690
0.703555376 0.677659373 0.213980390
0.416632153 0.906301143 -0.070963984
0.410277934 0.908743911 -0.076527918
0.429244439 0.901205176 -0.059820076
0.422955710 0.903787538 -0.065395367
0.429341519 0.901697447 -0.051064415
0.441803012 0.896571604 -0.031136111
0.435620361 0.899381139 -0.036721487
-0.404748533 -0.186448630 0.895218148
-0.404473972 -0.188807518 0.894847768
-0.405290805 -0.181726500 0.895943549
-0.405020760 -0.184087522 0.895583591
-0.419267876 -0.182847859 0.889258741
-0.433678346 -0.179199671 0.883068837
-0.433412312 -0.181563481 0.882716529
-0.128550777 0.987397620 -0.092307298
-0.145588042 0.984527107 -0.097521784
-0.137076178 0.986002434 -0.094917448
-0.117867694 0.989894036 -0.078847983
-0.107148599 0.992091936 -0.065366409
0.238459311 0.969040527 0.064012601
0.202616270 0.976896886 0.067964120
0.243950569 0.963695908 0.108527954
0.205409610 0.974498841 0.090326632
0.166465907 0.983423103 0.071889519
-0.837087665 -0.424941098 0.344542168
-0.820793927 -0.444006276 0.359382465
-0.823362417 -0.458486728 0.334461134
-0.813778398 -0.460718840 0.354263842
-0.803796228 -0.462710652 0.373912391
-0.492817817 -0.318866727 0.809601513
-0.478487730 -0.312413755 0.820638251
-0.490842216 -0.318234061 0.811049321
-0.468015784 -0.307165515 0.828619679
-0.453382459 -0.300513916 0.839127959
-0.466000014 -0.306506433 0.829998671
-0.463981184 -0.305845543 0.831372338
-0.449303591 -0.299164403 0.841799823
-0.461959455 -0.305182564 0.832740695
-0.101093946 0.994755661 0.015530284
-0.080127137 0.996776540 0.004021408
-0.068372095 0.997553614 0.014561737
-0.124503502 0.992203638 -0.005551453
-0.103567373 0.994475579 -0.017091581
-0.091862844 0.995750170 -0.006543450
-0.059114843 0.998222914 -0.007513305
-0.038076010 0.999093527 -0.019035251
-0.026310579 0.999617962 -0.008466621
0.553464966 0.729096996 0.402609117
0.563666453 0.723572486 0.398400536
0.574878101 0.719874171 0.388968311
0.530467796 0.735741565 0.421056133
0.540861122 0.730469203 0.416993993
0.552326903 0.727103437 0.407744509
0.573782902 0.717935633 0.394133997
0.583811258 0.712190725 0.389806089
0.594819542 0.708245285 0.380234570
0.510601299 0.751235726 0.418247771
0.488930668 0.766226859 0.416945083
0.493678984 0.775260964 0.394019668
0.471633108 0.789676811 0.392393609
0.480371416 0.778095745 0.404734870
0.466914976 0.780691607 0.415344459
0.444583712 0.794611378 0.413446588
0.040450227 0.997135818 0.063905711
0.046514948 0.996609102 0.067872358
0.055686649 0.994395319 0.089871835
-0.913730469 0.378593404 -0.147525134
-0.917474016 0.370558571 -0.144664358
-0.927259471 0.346893923 -0.140905927
-0.891892852 0.424973516 -0.154675955
-0.896066570 0.417128529 -0.151883153
-0.907074120 0.393975641 -0.148323076
-0.921138138 0.362492248 -0.141788228
-0.924722178 0.354394077 -0.138901880
-0.934067424 0.330561974 -0.135080822
-0.675750068 -0.451369077 0.582775945
-0.677581052 -0.445177831 0.585406369
-0.682782372 -0.452455855 0.573665349
-0.664996768 -0.436580451 0.605951160
-0.666738905 -0.430329055 0.608503194
-0.672232833 -0.437801192 0.597020213
-0.679379832 -0.438963326 0.588008709
-0.681144101 -0.432729214 0.590582882
-0.686434567 -0.440068537 0.578919052
0.480243206 0.858281860 0.180883142
0.479998748 0.860811437 0.169129747
0.489800426 0.850243447 0.192825370
0.489637814 0.852911160 0.181100427
0.484837057 0.856892921 0.175121531
0.479686987 0.863215546 0.157350932
0.479305112 0.865495099 0.145550142
0.446775946 0.853830508 0.267141757
0.432996599 0.863808520 0.257582582
0.473832982 0.832898527 0.285941165
0.460393438 0.843523335 0.276597660
0.459962467 0.849072134 0.259828866
0.473028403 0.844102037 0.252459662
0.459382321 0.854356427 0.242987608
-0.213274674 0.974418034 -0.070876003
-0.211970639 0.974458676 -0.074153466
-0.218083601 0.973268000 -0.072034322
-0.214376130 0.973888008 -0.074733009
-0.210664012 0.974487177 -0.077430072
-0.342854150 0.872022937 0.349323673
-0.407194948 0.847093951 0.341502726
-0.411301528 0.849963007 0.329232350
-0.473556634 0.820715266 0.319641309
-0.440683882 0.834497503 0.330774293
-0.469577713 0.818087891 0.332007491
-0.529691861 0.785150537 0.320881859
-0.050922263 0.956877107 0.285994975
-0.104816635 0.950528009 0.292420890
-0.043770887 0.955114144 0.292986487
-0.172523334 0.943305474 0.283567420
-0.165475800 0.942376472 0.290765102
-0.158404266 0.941337552 0.297979364
-0.151317283 0.940218284 0.305110895
0.332035154 0.907781055 0.256293217
0.362809224 0.894880890 0.259918564
0.333238550 0.907188113 0.256830285
0.390832938 0.882319592 0.262224620
0.420793209 0.867500213 0.265285610
0.392004251 0.881647082 0.262737681
0.393174570 0.880972554 0.263251053
0.423097124 0.866071889 0.266286139
0.394344227 0.880296362 0.263763051
0.128206774 0.974082275 0.186351130
0.184856502 0.959446399 0.212816074
0.227508513 0.938775954 0.258726855
0.282487447 0.916470212 0.283342890
0.234128705 0.939875344 0.248632435
0.240759051 0.940847754 0.238412631
0.295608918 0.918363231 0.263105193
0.894633913 0.438442527 0.086013444
0.900483971 0.427073077 0.082080478
0.887414177 0.445358942 0.118960044
0.916505623 0.399843974 0.011926447
0.921584219 0.388096946 0.007955351
0.911884271 0.407967060 0.045055012
0.906183062 0.415603647 0.078140043
0.911708952 0.404086394 0.074168544
0.899397144 0.422774342 0.111115408
0.149994841 0.986736587 -0.062068155
0.121573187 0.990593215 -0.062809567
0.117212391 0.988648110 -0.094000909
0.088662212 0.991550665 -0.094690504
0.105145512 0.991331215 -0.078783518
0.093037759 0.993634957 -0.063510222
0.064439845 0.995856065 -0.064173231
0.024144919 0.998020855 -0.058063730
0.007200571 0.998821339 -0.048000883
-0.032182458 0.996566850 -0.076281073
-0.020982578 0.998146981 -0.057116868
-0.009763457 0.999233479 -0.037909496
-0.225269637 0.964963159 -0.134535096
-0.217761687 0.967078650 -0.131676622
-0.240241821 0.960532149 -0.140220746
-0.232764919 0.962780632 -0.137382481
-0.223741835 0.966989061 -0.121949776
-0.222176594 0.968855540 -0.109345800
-0.214642723 0.970871293 -0.106477382
0.225614398 0.876507995 0.425243317
0.207657910 0.890494642 0.404842544
0.214928493 0.869904272 0.443928261
0.210279370 0.914496910 0.345655881
0.199946695 0.909309559 0.364934852
0.189483017 0.903658900 0.384053093
0.178977766 0.897545105 0.402963700
0.317290406 0.794266801 0.518138059
0.295915713 0.811515421 0.503861699
0.312818829 0.802797897 0.507602124
0.293632032 0.815644743 0.498501638
0.274260264 0.827987835 0.489098612
-0.282110938 0.928023588 -0.243280989
-0.251258915 0.936311326 -0.245336625
-0.313203271 0.917363519 -0.245658067
-0.156165035 0.957982900 -0.240585214
-0.188258699 0.951327909 -0.243995640
-0.220147891 0.943637315 -0.247150810
-0.251799565 0.934926743 -0.250017927
-0.660849683 0.704963377 0.257496279
-0.646370002 0.714998907 0.266425195
-0.624711295 0.734363646 0.265416339
-0.701832961 0.663749455 0.258586842
-0.688026018 0.674462000 0.267808158
-0.667481113 0.695021396 0.267234397
-0.631636826 0.724747000 0.275275691
-0.616660599 0.734215291 0.284002839
-0.594385593 0.752857330 0.282686412
0.714816930 0.343509605 -0.609128811
0.705890213 0.358932735 -0.610644167
0.731748182 0.351841596 -0.583739744
0.660604863 0.356444558 -0.660718164
0.678997406 0.365537592 -0.636666939
0.696721312 0.374272655 -0.611963555
0.713754873 0.382594497 -0.586664668
0.740821928 0.323949222 -0.588421425
0.734593811 0.327778372 -0.594081873
0.746988866 0.320087184 -0.582710759
0.734889338 0.315369109 -0.600399855
0.722436071 0.310501197 -0.617798617
0.798675707 0.507101553 -0.323983226
0.793119026 0.499281080 -0.348827484
0.790672310 0.507034482 -0.343152053
0.803630477 0.491640017 -0.335362715
0.797779703 0.483622398 -0.360079050
0.795491275 0.491471883 -0.354470055
0.787003311 0.491099773 -0.373425763
0.780331450 0.482568789 -0.397756448
0.778177916 0.490514466 -0.392217656
0.837446509 0.493128483 0.235600600
0.838957330 0.501325227 0.211715882
0.821106725 0.518302933 0.239051910
-0.634086870 -0.694174478 0.340669394
-0.627062769 -0.702631377 0.336305564
-0.649647619 -0.683177762 0.333505797
-0.634931821 -0.697228725 0.332766718
-0.619951822 -0.710990728 0.331891432
0.064689206 0.976510131 0.205531680
0.106797279 0.967992332 0.227123727
-0.019907650 0.986750159 0.161021147
0.022414120 0.982765987 0.183490112
0.070565911 0.974103851 0.214807214
0.076446057 0.971578686 0.224033161
0.118491916 0.962158907 0.245377063
0.072833819 0.987919220 0.136787609
0.027945187 0.992449853 0.119425106
0.162058503 0.971960532 0.170381235
0.117597952 0.981088492 0.153740341
0.023130938 0.993980372 0.107088649
-0.026667333 0.996669021 0.077069556
-0.071613591 0.995669722 0.059273077
-0.510470877 -0.324557128 0.796292756
-0.515324486 -0.326832099 0.792225633
-0.530550419 -0.334023371 0.779066518
-0.535305154 -0.336235864 0.774850848
-0.525366671 -0.331566708 0.783615581
-0.520154765 -0.329092269 0.788122642
-0.524961491 -0.331337546 0.783983969
-0.504840347 -0.322564351 0.800680001
-0.499998429 -0.320342203 0.804600798
-0.502422147 -0.321455012 0.802644792
-0.492172247 -0.317261755 0.810624116
-0.479362660 -0.311867942 0.820335191
-0.203298878 0.961232525 -0.186283654
-0.221089383 0.959407348 -0.175091478
-0.167475391 0.963567332 -0.208542537
-0.185424427 0.962607338 -0.197496569
-0.258158339 0.947331180 -0.189520204
-0.312174029 0.930395617 -0.192123324
-0.329435631 0.926771902 -0.180460542
0.697641457 0.568743349 -0.435691864
0.699673412 0.558787687 -0.445211676
0.684770165 0.537900642 -0.491683557
0.720638772 0.604987089 -0.338630157
0.723592753 0.595715115 -0.348621615
0.712641141 0.578063565 -0.397473419
0.701605933 0.548687138 -0.454633413
0.703373868 0.538511920 -0.463972105
0.687559441 0.517009691 -0.509865664
-0.215151430 0.932198698 -0.291059184
-0.391043164 0.873143494 -0.291042406
-0.049468990 0.944836344 -0.323785582
-0.796208430 0.582675193 -0.162916405
-0.684824369 0.693111441 -0.224971362
-0.553720484 0.782935022 -0.283560182
-0.406810864 0.852349927 -0.328640416
0.494573919 0.727078694 0.476186110
0.515416460 0.723173474 0.459745582
0.535191614 0.716372597 0.447638513
0.535542345 0.717561473 0.445308801
0.535888180 0.718747440 0.442974013
-0.108981097 0.991452807 -0.071724830
-0.111187693 0.991291750 -0.070554684
-0.104564006 0.991756446 -0.074064299
-0.106772066 0.991607788 -0.072895275
-0.099248740 0.993544844 -0.054939339
-0.089478697 0.995258472 -0.038133140
-0.091687537 0.995101584 -0.036962589
-0.171075566 0.977320105 -0.124814117
-0.172597173 0.977095337 -0.124478587
-0.183211421 0.974936714 -0.126221943
0.714852794 0.674130690 0.185831363
0.704934665 0.683297683 0.190187785
0.724778260 0.660398311 0.196393850
0.673682227 0.718478725 0.173033462
0.663235706 0.727116656 0.177256218
0.684412292 0.705545745 0.183807007
0.694870182 0.692329450 0.194513144
0.684669552 0.701221530 0.198786244
0.705054975 0.678837023 0.205128688
0.617649847 0.777424463 0.118827065
0.636729985 0.759543730 0.132921961
0.624976646 0.771824737 0.117007553
0.640975579 0.752639997 0.150609897
0.659199763 0.733749129 0.164523213
0.648138253 0.746850066 0.148767551
0.655248433 0.740991939 0.146902817
0.673183755 0.721789334 0.160760035
0.662295896 0.735071507 0.145031121
-0.175289591 0.984210373 -0.024566274
-0.177053201 0.984094442 -0.014501491
-0.173508100 0.984223415 -0.034629601
-0.181097382 0.982957416 -0.031598354
-0.188672855 0.981624476 -0.028564693
-0.706485275 -0.388090160 0.591831551
-0.727216514 -0.392224244 0.563308338
-0.718565166 -0.390611369 0.575401478
-0.724068582 -0.391468635 0.567870580
-0.735705233 -0.393749282 0.551089206
-0.747031177 -0.395863849 0.534075119
-0.758041734 -0.397811200 0.516835543
0.368704207 0.778930603 0.507271450
0.380479999 0.774233831 0.505763725
0.395048967 0.768806034 0.502865385
0.343258665 0.832036165 0.435762904
0.330416260 0.845608603 0.419250743
0.338142518 0.834999378 0.434091784
0.327737492 0.853084543 0.405998644
0.314575596 0.865827766 0.389081577
0.322560708 0.855886150 0.404244342
0.317368802 0.858655479 0.402477095
0.304126560 0.871168202 0.385451683
0.312167477 0.861392165 0.400693155
-0.402198777 0.866350929 -0.296094938
-0.375249358 0.882144627 -0.284620408
-0.385200596 0.875412960 -0.292014811
-0.211016654 0.976191758 -0.050215763
-0.207081907 0.977276940 -0.045242312
-0.206299198 0.977183829 -0.050521342
-0.212573735 0.976340006 -0.039656028
-0.207858703 0.977342222 -0.039961750
-0.203138574 0.978321680 -0.040266744
-0.198413967 0.979278257 -0.040570837
-0.221037923 0.975186079 -0.012423672
-0.220617519 0.975143770 -0.020555717
-0.220829810 0.975172946 -0.016490026
-0.228036768 0.973648873 -0.002665352
-0.235001975 0.971969010 0.007093369
0.611541850 0.419820779 -0.670646762
0.610960845 0.423411326 -0.668916807
0.611970617 0.423442876 -0.667973124
0.609517402 0.419754284 -0.672528719
0.608937756 0.423345833 -0.670800354
0.609949866 0.423378988 -0.669859234
0.610369890 0.426995026 -0.667176023
0.609769038 0.430571784 -0.665424420
0.610777436 0.430602317 -0.664479171
0.634949687 0.427083199 -0.643769241
0.641282966 0.426419411 -0.637904886
0.628566704 0.427717758 -0.649585574
0.637836160 0.435965033 -0.634901192
0.646870289 0.444049782 -0.619982758
-0.158339617 0.973935044 -0.162416428
-0.101456112 0.981789030 -0.160614313
-0.108943560 0.979430228 -0.169846191
-0.143422762 0.979120129 -0.144061393
-0.086421056 0.986081509 -0.142037528
-0.093947072 0.984012212 -0.151307353
-0.044231026 0.986411008 -0.158230654
0.013130204 0.987777452 -0.155316786
0.005586824 0.986320105 -0.164746585
-0.120538114 0.991819678 -0.042003454
-0.128427234 0.990384194 -0.051435334
-0.123301137 0.988517548 -0.087349224
-0.131135859 0.986631763 -0.096753040
-0.129813646 0.988764594 -0.074114748
-0.136301052 0.988796190 -0.060861471
-0.144146447 0.987057592 -0.070278808
-0.271536141 0.949267298 -0.158618160
-0.281731907 0.944932510 -0.166522321
-0.289133665 0.942521419 -0.167496561
-0.256630940 0.953736961 -0.156608968
-0.266875713 0.949579917 -0.164545843
-0.274311831 0.947285393 -0.165539734
-0.291874513 0.940422653 -0.174397541
-0.301963193 0.935738709 -0.182239671
-0.309310658 0.933151873 -0.183178872
-0.709966645 0.653011484 -0.263672836
-0.757571522 0.600838630 -0.255104547
-0.658767278 0.701878402 -0.270910286
-0.668320636 0.692499188 -0.271647570
-0.677756299 0.683001022 -0.272315999
-0.617781371 0.709601610 0.338838800
-0.578750311 0.735512510 0.352234901
-0.601012957 0.723142614 0.340364783
0.659515061 0.728722279 -0.184400987
0.671333800 0.713990351 -0.198818280
0.662430196 0.713193155 -0.229219891
0.674848161 0.727644160 -0.122938747
0.687185527 0.713363147 -0.137437519
0.679609765 0.714030329 -0.168200051
0.682820029 0.698815050 -0.213106392
0.693891383 0.683275012 -0.227266379
0.684460106 0.682052600 -0.257524007
0.575663224 0.798734107 -0.175030506
0.559256169 0.808060945 -0.185121709
0.607698682 0.778968695 -0.154628859
0.591821319 0.789030073 -0.164860760
0.587786190 0.787026031 -0.187343059
0.599648249 0.774982677 -0.199559082
0.583437196 0.784615790 -0.209711945
-0.579231330 -0.779753817 0.237644800
-0.535266897 -0.810324795 0.238459798
-0.538223688 -0.807572341 0.241126890
-0.573513550 -0.785538790 0.232402703
-0.532298688 -0.813061712 0.235772684
-0.489768375 -0.838575111 0.238576451
-0.446030384 -0.862019082 0.240790363
-0.309990696 0.934426731 -0.175363775
-0.335299881 0.923460774 -0.186532002
-0.322681127 0.929046524 -0.180968081
-0.306918824 0.934963848 -0.177886026
-0.303842671 0.935485988 -0.180403987
0.599333248 0.716649903 -0.356668717
-0.000906313 0.997510301 -0.070515096
0.593063550 0.726336270 -0.347435243
0.006459064 0.999601546 -0.027477793
0.010783000 0.999366400 -0.033919408
-0.589161697 0.759911684 0.274631984
-0.869965429 0.126013641 0.476739671
0.564793632 0.758429969 -0.325257028
0.564672136 0.757094319 -0.328562889
0.590195848 0.727707006 -0.349444381
0.577495747 0.741890572 -0.340730158
0.564542125 0.755749115 -0.331866635
-0.416595056 0.893069012 0.169930278
-0.402835652 0.901682417 0.157137695
-0.409736694 0.897424157 0.163541198
-0.428110522 0.888659863 0.164332068
-0.439545893 0.884088176 0.158705721
-0.831511477 -0.523919166 0.184654736
-0.764660486 -0.610239892 0.207127051
-0.799327745 -0.567970668 0.196174607
-0.796659788 -0.569136769 0.203510492
-0.758930361 -0.612309163 0.221590153
0.257216660 0.933117708 0.251258696
0.232901540 0.940845891 0.246101365
0.281355878 0.924755845 0.256252799
0.335460368 0.904148836 0.264539647
0.388416535 0.880448494 0.271924704
0.496631159 0.805526350 0.323241073
0.558406589 0.762146400 0.327589602
0.618506557 0.705349767 0.346311053
0.617767974 0.709895559 0.338246989
0.616999018 0.714403218 0.330060984
0.544969815 0.817266358 -0.187306170
0.527510328 0.826005195 -0.198615892
0.540952798 0.812740790 -0.216385027
0.523300400 0.821181206 -0.227635934
0.525465487 0.823681399 -0.213154814
0.509779451 0.834322598 -0.209834968
0.491796092 0.842210672 -0.220947478
-0.492600894 -0.806760350 0.326315947
-0.474720274 -0.818362928 0.323917860
-0.494459551 -0.806089086 0.325161711
-0.452824242 -0.830793729 0.323623215
-0.434481159 -0.841574377 0.320902930
-0.454723733 -0.830193422 0.322498385
-0.456621196 -0.829589057 0.321370628
-0.438311725 -0.840433145 0.318676889
-0.458515962 -0.828979992 0.320242541
-0.021069639 0.990371510 -0.136822304
-0.104197635 0.987873241 -0.115105658
-0.067475235 0.987446300 -0.142817704
-0.150334996 0.981230636 -0.120771803
-0.127317505 0.984813782 -0.118034183
-0.186592573 0.978060888 -0.092628889
-0.267604231 0.961018893 -0.069502973
-0.036436635 0.888973799 -0.456506250
-0.429499436 0.805843539 -0.407610629
-0.067071646 0.952674910 -0.296499426
-0.691216609 0.464643866 -0.553466961
-0.729435245 0.515756427 -0.449354572
-0.760867109 0.580981772 -0.289035332
-0.765024950 0.620179966 -0.173532807
0.757997941 0.133959398 -0.638352568
0.767655570 0.123142618 -0.628920361
0.748106964 0.144755741 -0.647596900
0.763539192 0.153111114 -0.627347503
0.778419249 0.161346245 -0.606655472
-0.163690070 0.980563720 -0.108168163
-0.160437968 0.980975537 -0.109300752
-0.154109259 0.983248862 -0.097324261
-0.683008279 -0.628197399 0.372649593
-0.682979454 -0.624139244 0.379459181
-0.682938191 -0.636194407 0.358959752
-0.682994741 -0.632215834 0.365815968
-0.686710657 -0.624396096 0.372233782
-0.690393119 -0.620577483 0.371807650
-0.690346354 -0.616504217 0.378608588
-0.428544993 -0.286088798 0.857031148
-0.438516515 -0.290143775 0.850599704
-0.429840777 -0.284141155 0.857030169
-0.439810369 -0.288194212 0.850594460
-0.439163820 -0.289169028 0.850597680
-0.448419264 -0.294152819 0.844034527
-0.458251480 -0.298115595 0.837336655
0.690701063 0.680903196 0.243521826
0.681833882 0.682743601 0.262609467
0.688552238 0.679931730 0.252167916
0.680704569 0.682201711 0.266912186
0.672662847 0.684278642 0.281580245
-0.370570282 0.881056726 -0.293967196
-0.349010712 0.890941762 -0.290541391
-0.359816437 0.886063173 -0.292274162
-0.392801317 0.871560014 -0.293411430
-0.414802393 0.861553453 -0.292685195
-0.345082724 0.892813819 -0.289484711
-0.323022406 0.903556526 -0.281499788
-0.317090990 0.907333076 -0.276043462
-0.308931664 0.910551423 -0.274694981
-0.300747182 0.913697771 -0.273326757
-0.645377290 -0.406814430 0.646521595
-0.652676221 -0.414766618 0.634020822
-0.637696045 -0.405314686 0.655029587
-0.674438555 -0.425152010 0.603637643
-0.667162848 -0.423906970 0.612532950
-0.659796409 -0.422607282 0.621346750
-0.652344101 -0.421247516 0.630077538
-0.692058169 -0.446093659 0.567499725
-0.697543897 -0.452031950 0.555967291
-0.690208290 -0.452274824 0.564853964
-0.867859009 0.496094665 0.026661290
-0.873345927 0.486170875 0.030079421
-0.823212598 0.565713179 0.047849949
-0.945589343 0.325226287 -0.009415727
-0.949251590 0.314461721 -0.005936683
-0.915490960 0.402155924 0.012120864
-0.878718514 0.476157623 0.033581122
-0.883961208 0.466095684 0.036978320
-0.835535475 0.546707130 0.054697198
-0.657282910 0.720840491 -0.219927630
-0.601443283 0.765415581 -0.228921311
-0.562994795 0.791274303 -0.238582979
-0.725536431 0.659195883 -0.197630148
-0.674214901 0.708647193 -0.207974573
-0.638545481 0.737864068 -0.218669350
-0.542485744 0.806043270 -0.236650511
-0.480715916 0.842481038 -0.243182868
-0.438724373 0.862767833 -0.251301792
-0.225946463 0.940262888 -0.254664284
-0.259463539 0.931914174 -0.253406085
-0.192158338 0.947484267 -0.255633990
-0.264658379 0.929682608 -0.256215125
-0.335683566 0.906701336 -0.255360980
0.081165498 -0.328186023 0.941119597
-0.627854582 -0.151685480 0.763406929
-0.295205979 -0.260115709 0.919343923
-0.272907183 -0.256262255 0.927281687
-0.591698391 -0.153193804 0.791469944
0.986735168 -0.153016506 -0.054218606
0.918424772 -0.026142316 -0.394730944
0.918610570 -0.028039030 -0.394168028
-0.131297869 0.991342857 -0.000456655
-0.122930712 0.992415253 0.000070522
-0.119550852 0.992827178 0.001337665
-0.138044989 0.990421444 -0.002990827
-0.129685465 0.991552121 -0.002464022
-0.126308917 0.991990234 -0.001196833
-0.114554741 0.993416758 0.000597484
-0.106170609 0.994347292 0.001124463
-0.102784158 0.994700807 0.002391775
-0.190121303 0.981473843 -0.023727319
-0.186539154 0.981792799 -0.035861443
-0.193674818 0.980997330 -0.011588975
-0.196321057 0.980253585 -0.023684405
-0.198935273 0.979359413 -0.035775644
0.185063470 0.860228107 0.475141154
0.180074973 0.859923642 0.477602695
0.229707431 0.838369878 0.494338391
0.084268000 0.895339976 0.437338806
0.079212780 0.894675814 0.439636809
0.129851609 0.878709883 0.459355528
0.175067651 0.859583607 0.480070141
0.170067013 0.859227051 0.482499830
0.219798742 0.838026981 0.499398931
-0.401255587 0.838744686 0.368105020
-0.361127746 0.856858193 0.367941284
-0.262143548 0.886752767 0.380723378
-0.291354380 0.880443681 0.374074257
-0.320297276 0.873320567 0.367043379
-0.252353380 0.967011071 0.034747086
-0.260642855 0.964127579 0.050232589
-0.256507877 0.965607648 0.042492106
-0.241607648 0.969997968 0.027012697
-0.230818203 0.972806000 0.019272873
0.594940651 0.734923707 0.325473143
0.574803899 0.748077793 0.331632468
0.585219260 0.736543789 0.339148439
0.573955975 0.757791865 0.310364348
0.553451154 0.770480319 0.316309813
0.564211524 0.759395175 0.324012845
0.554307085 0.760777029 0.337582534
0.533474051 0.773006779 0.343316116
0.544250815 0.761942471 0.351048033
0.809656652 0.515955627 0.279724678
0.753978655 0.587468162 0.293934256
0.900177869 0.360573013 0.244268103
0.858527306 0.440105401 0.263131338
0.843572993 0.467694759 0.263905700
0.874331478 0.417663402 0.247187679
0.827775821 0.494797036 0.264505356
-0.221634336 0.956951161 -0.187410502
-0.235367993 0.948882825 -0.210293347
-0.234110634 0.952206486 -0.196201476
-0.241570288 0.946344878 -0.214651270
-0.248921924 0.940076395 -0.233011259
-0.812713569 0.543117634 -0.210997370
-0.815436298 0.541072231 -0.205680539
-0.838365661 0.509035053 -0.195003421
-0.762528442 0.604227824 -0.231212266
-0.791147663 0.572214473 -0.215999934
-0.818125877 0.539011826 -0.200340464
-0.843405915 0.504685717 -0.184279106
0.113595108 0.993129036 0.028122411
0.119293798 0.992767669 0.013466474
0.072574264 0.997302398 0.010995560
-0.250497260 0.959131192 -0.131599697
-0.240747317 0.962495304 -0.125074058
-0.233426490 0.964558180 -0.123043044
-0.232194677 0.965140473 -0.120787003
-0.230961446 0.965716051 -0.118529826
-0.264014324 0.954036806 -0.141810473
-0.275743508 0.948941647 -0.153216411
-0.273998580 0.949371125 -0.153685541
-0.280706562 0.946508755 -0.159138312
-0.287391576 0.943567863 -0.164577552
-0.652865814 -0.727949279 0.209418422
-0.725615095 -0.660745499 0.192088834
-0.588496448 -0.773887525 0.234029977
-0.696742830 -0.687214377 0.205635185
-0.791031387 -0.586806961 0.172994035
-0.406515565 0.879079703 -0.248925634
-0.434874999 0.866537273 -0.244942625
-0.438457529 0.863334620 -0.249816593
-0.399189326 0.885146782 -0.239087968
-0.431273695 0.869701897 -0.240045018
-0.462810970 0.853150423 -0.240708042
-0.493759240 0.835516851 -0.241067221
0.201867191 0.881550757 0.426752738
0.208241173 0.887972356 0.410049642
0.188848221 0.867759734 0.459705769
0.195384319 0.874809129 0.443321503
0.178374678 0.892700762 0.413845169
0.154750698 0.903092884 0.400593889
0.161120210 0.909267229 0.383762146
0.904406688 0.368344795 -0.215338467
0.899503677 0.368211340 -0.235188317
0.897016833 0.366431586 -0.247161271
0.834493693 0.547717839 0.060211664
0.816856394 0.569418975 0.092236991
0.819842095 0.567768903 0.074144528
0.828777381 0.551210830 0.096408894
0.813598518 0.570865409 0.110318336
0.797747228 0.590080204 0.124115724
0.781257910 0.608804637 0.137815065
0.605165430 0.795832155 0.020639360
0.612836995 0.789958696 0.019901666
0.626979341 0.776156444 0.066918460
0.623905698 0.780312768 0.043054209
0.620459850 0.784004132 0.019159753
-0.816466890 -0.429050890 0.386389895
-0.788000339 -0.426009966 0.444489567
-0.802654171 -0.427752162 0.415661364
-0.808832221 -0.438229272 0.392103995
-0.801065122 -0.447311200 0.397752889
-0.776567880 -0.405683662 0.482040552
-0.783650711 -0.401462421 0.474045872
-0.764997070 -0.400432245 0.504414016
-0.695634391 0.649016473 0.308010409
-0.683410822 0.661802241 0.308167879
-0.697092408 0.648401714 0.306002274
-0.684149530 0.661504114 0.307167263
-0.670973523 0.674381097 0.308228270
0.761545293 0.609756570 0.219649021
0.765163415 0.593483618 0.249603974
0.757026886 0.625332364 0.189393052
0.739815471 0.642582805 0.199400119
0.722132452 0.659349740 0.209243021
-0.276252595 0.945102862 -0.174542501
-0.266485120 0.949581326 -0.165169567
-0.285964225 0.940432196 -0.183879705
-0.290728007 0.937607251 -0.190708859
-0.295469759 0.934709779 -0.197522787
-0.761146963 -0.577473033 0.295262929
-0.733694480 -0.601822770 0.315439001
-0.754446681 -0.581093330 0.305189691
-0.719400965 -0.618721593 0.315667296
-0.712231708 -0.621975391 0.325380712
-0.704953120 -0.625121324 0.335058844
-0.697564485 -0.628175907 0.344672046
0.005998979 0.985106287 -0.171841834
0.009346898 0.985793061 -0.167704134
0.034823579 0.983706970 -0.176374362
-0.044951533 0.987029170 -0.154119361
-0.041604606 0.987811925 -0.149988857
-0.016135305 0.987162191 -0.158903933
0.012695837 0.986452718 -0.163553815
0.016041975 0.987082817 -0.159405667
0.041513711 0.984900373 -0.168071018
0.465795752 0.734104544 0.494089907
0.486701686 0.729624254 0.480385175
0.449707646 0.738663850 0.502134194
0.478786951 0.732108410 0.484541363
0.507293116 0.724674797 0.466369096
0.278049638 0.960558937 -0.003863542
0.265107855 0.963902448 -0.024696077
0.290792094 0.956634887 0.017019160
0.332084963 0.942206585 0.044343306
0.372473073 0.925279618 0.071564219
-0.976736362 0.199424054 -0.078842406
-0.939998167 0.322603435 -0.111042652
-0.950997655 0.292311551 -0.100784012
-0.960025634 0.261496426 -0.099851894
-0.927921312 0.352511548 -0.121233855
-0.886751718 0.440103363 -0.141352114
-0.836917065 0.523387947 -0.160108973
-0.902164174 0.398951568 -0.164126318
-0.894064070 0.412668716 -0.174223906
-0.908345189 0.383608405 -0.166594144
-0.900457591 0.397416190 -0.176738504
-0.897292395 0.405055522 -0.175488981
-0.885645883 0.426236982 -0.184264498
-0.876913030 0.439653503 -0.194237832
0.621685382 0.682518757 0.384285613
0.593308608 0.709352989 0.380530199
0.675527424 0.625742022 0.390012335
0.649104961 0.654633383 0.387450492
0.654690221 0.649812646 0.386166078
0.686277300 0.615699984 0.387216990
0.660236798 0.644954162 0.384865560
0.142929753 0.921655968 0.360723387
0.207457773 0.901205545 0.380512600
0.262899665 0.872130562 0.412640339
0.266925126 0.874218305 0.405577776
0.270962222 0.876268660 0.398412737
-0.014268979 0.950474206 0.310475733
-0.097277166 0.951433865 0.292080045
-0.001324715 0.948661042 0.316291753
-0.204944199 0.944038850 0.258434760
-0.192279502 0.944879371 0.265012393
-0.179585348 0.945512422 0.271579386
-0.166841362 0.945969006 0.278040645
-0.380226848 0.884654949 -0.269839146
-0.403969608 0.873685744 -0.271075224
-0.331976621 0.904771301 -0.266796580
-0.356223007 0.895020358 -0.268409628
-0.382315928 0.885486633 -0.264098379
-0.384389233 0.886282871 -0.258355551
-0.408105454 0.875251305 -0.259586383
-0.254298690 0.937470019 -0.237659715
-0.255093298 0.934758302 -0.247294009
-0.252632051 0.942610718 -0.218316469
-0.253480576 0.940087669 -0.227997308
-0.239201177 0.945426825 -0.221248537
-0.223972314 0.952853091 -0.204712947
-0.224858031 0.950502636 -0.214437882
0.805151766 0.424986427 -0.413663113
0.802035681 0.424294385 -0.420372503
0.805100222 0.436363348 -0.401747012
0.798042820 0.400336912 -0.450397619
0.794696649 0.399528078 -0.456984192
0.798566857 0.412014067 -0.438788540
0.798873627 0.423580545 -0.427060243
0.795669689 0.422840547 -0.433722974
0.798965798 0.435029288 -0.415214609
-0.306378776 0.915521335 -0.260677447
-0.319666240 0.907761527 -0.271629352
-0.279480987 0.930058563 -0.238498316
-0.292981981 0.922954566 -0.249632584
-0.291761389 0.923819622 -0.247856001
-0.277013338 0.931705035 -0.234924111
-0.290538953 0.924679693 -0.246078408
-0.428172247 0.872082682 -0.236939491
-0.413382124 0.879099824 -0.237273512
-0.440383680 0.865276942 -0.239495360
-0.373436662 0.898156923 -0.232075851
-0.358256206 0.904293082 -0.232177762
-0.385997774 0.892109272 -0.234833484
-0.398480795 0.885881095 -0.237545240
-0.383473144 0.892425397 -0.237750412
-0.410883850 0.879474540 -0.240206151
-0.218878204 0.970017309 -0.105634998
-0.210125879 0.972639603 -0.099092470
-0.206781717 0.975164303 -0.079346738
-0.197968160 0.977502993 -0.072777094
-0.204069573 0.975176573 -0.085943359
-0.201346018 0.975139314 -0.092537018
-0.192542759 0.977515544 -0.085968879
-0.947331838 -0.303387722 0.102558665
-0.958900694 -0.267916853 0.093434574
-0.934364984 -0.338410418 0.111536840
-0.941493633 -0.318600501 0.109924793
-0.948202804 -0.298651092 0.108254185
-0.391004262 -0.266330383 0.881012936
-0.382896495 -0.260478583 0.886307611
-0.383608381 -0.261672108 0.885647965
-0.375457735 -0.255791189 0.890843621
-0.379181734 -0.258138073 0.888586488
-0.374739688 -0.254593469 0.891488829
-0.366534893 -0.248675791 0.896555923
0.073916723 0.211844038 -0.974504193
0.091038909 0.225298336 -0.970027101
0.460786532 0.318563324 -0.828367781
-0.642874076 -0.064014559 -0.763292250
-0.294997448 0.098274731 -0.950430735
0.106796334 0.242484776 -0.964259133
0.490203060 0.339117187 -0.802932434
0.865433804 0.482602372 -0.134607881
0.854062778 0.506100913 -0.120160875
0.869379443 0.490805131 -0.057355972
0.822860460 0.506255848 -0.258080762
0.834813557 0.519419800 -0.182453819
0.841767636 0.529405968 -0.105624653
0.843758588 0.535979424 -0.028240078
0.842033213 0.429141906 -0.326829150
0.821545481 0.429948029 -0.374443208
0.876197740 0.424016248 -0.229102034
0.860268802 0.427161920 -0.278334840
0.853901981 0.421244076 -0.305622046
0.865197300 0.413109585 -0.284207853
0.846818977 0.415019150 -0.332651058
-0.352564649 -0.246785799 0.902659924
-0.353045431 -0.245418663 0.902844728
-0.359305709 -0.250210962 0.899051657
-0.339966585 -0.237147097 0.910046139
-0.340444506 -0.235777732 0.910223269
-0.346758224 -0.240607402 0.906568702
-0.353525554 -0.244050826 0.903027617
-0.354004797 -0.242682636 0.903208582
-0.360267943 -0.247477288 0.899423149
-0.367373352 -0.255446668 0.894306334
-0.376454296 -0.260790207 0.888971670
-0.384352294 -0.263102181 0.884901439
-0.384918190 -0.264600051 0.884208573
-0.385482769 -0.266097354 0.883513006
0.657254463 0.405751281 -0.635123979
0.667791636 0.404933242 -0.624566570
0.644683162 0.413610923 -0.642891612
0.655364761 0.412886467 -0.632472762
0.661601148 0.408924975 -0.628541396
0.678179442 0.404027198 -0.613868608
0.688415802 0.403030226 -0.603034261
-0.863518342 -0.414121333 -0.287818684
-0.877044696 -0.466905217 0.113102257
-0.826780762 -0.419231261 -0.375071622
-0.669669995 -0.365473325 0.646507035
-0.371906361 -0.248145084 0.894488500
-0.713053585 -0.402723408 0.573906300
-0.745896686 -0.444977797 0.495613654
-0.497704429 -0.340852896 0.797564797
-0.777737920 -0.473224841 0.413741437
0.767179295 0.198654988 -0.609895175
0.724225807 0.212811710 -0.655902551
0.746087059 0.205844523 -0.633231500
0.771441481 0.209661788 -0.600766158
0.775532694 0.220595842 -0.591512058
-0.419711041 -0.282733644 0.862498886
-0.432330587 -0.288997855 0.854148994
-0.443624152 -0.295107578 0.846232314
-0.456018047 -0.301221402 0.837444451
-0.444229239 -0.295146194 0.845901358
-0.444834175 -0.295184558 0.845570005
-0.457218393 -0.301292194 0.836764217
-0.518213937 -0.347502180 0.781470762
-0.503176847 -0.338288451 0.795219457
-0.542693726 -0.371391846 0.753360217
-0.528161367 -0.362532069 0.767864616
-0.515794481 -0.350497767 0.781733567
-0.487883655 -0.328911669 0.808570747
-0.472348946 -0.319367542 0.821517405
0.029376211 0.999090727 -0.030899146
-0.009099968 0.999557297 -0.028326668
0.010138835 0.999509970 -0.029614587
0.006292117 0.999258953 -0.037973081
-0.016795216 0.998844960 -0.045018507
0.426430497 0.863154511 -0.270409542
0.442417913 0.852334224 -0.278913536
0.477085789 0.835987029 -0.271136197
0.467688718 0.838626902 -0.279234995
0.458211406 0.841131527 -0.287297864
0.331765224 0.899756987 -0.283494620
0.301317867 0.911602638 -0.279621482
0.316584013 0.905803183 -0.281593955
0.349913929 0.894433097 -0.278477426
0.367927848 0.888765898 -0.273357417
-0.658404071 -0.551351825 0.512362415
-0.660586897 -0.533437124 0.528270562
-0.652885185 -0.586220830 0.479672881
-0.655833830 -0.568951866 0.496161024
-0.654398550 -0.550190836 0.518702787
-0.650360546 -0.548995521 0.525009598
-0.652404272 -0.530952812 0.540793654
-0.126713619 0.990306923 -0.056884594
-0.098643753 0.993712468 -0.052961699
-0.105186435 0.992300970 -0.065380418
-0.113611636 0.993008099 -0.032051696
-0.085487269 0.995943341 -0.028085362
-0.092076003 0.994927269 -0.040518368
-0.070488064 0.996309308 -0.048981580
-0.042283014 0.998093681 -0.044957219
-0.048870201 0.997153614 -0.057414054
0.614065531 0.460318428 -0.641116579
0.618207408 0.471518119 -0.628880167
0.613928595 0.460998644 -0.640758871
0.622469403 0.481240370 -0.617203004
0.626262883 0.492172370 -0.604616539
0.622319269 0.481910249 -0.616831613
0.622168580 0.482579975 -0.616459914
0.625948049 0.493500625 -0.603859398
0.622017680 0.483249268 -0.616087778
0.649983771 0.577159098 -0.494376854
0.646935210 0.554104667 -0.523872935
0.646296734 0.573770007 -0.503079030
0.651041342 0.537652086 -0.535794182
0.646616927 0.513429798 -0.564159899
0.647045458 0.533982941 -0.544237442
0.642975889 0.530266209 -0.552629853
0.638115980 0.505675711 -0.580603196
0.638848099 0.526492136 -0.560962688
0.638873509 0.540242449 -0.547703146
0.638225196 0.567147491 -0.520588439
0.638662781 0.553798228 -0.534244678
0.642596089 0.563883886 -0.518753534
0.645408912 0.586731626 -0.489073957
-0.377048631 0.900879006 -0.215061261
-0.405507825 0.888225331 -0.215914717
-0.393034953 0.893208488 -0.218408155
-0.402100819 0.891155244 -0.210136294
-0.417905851 0.883076777 -0.213377846
-0.433574195 0.874709759 -0.216555433
-0.449101175 0.866058632 -0.219660146
-0.428876690 0.875348415 -0.223226202
-0.387782995 0.892590802 -0.230013062
-0.408433146 0.884193465 -0.226681012
-0.400753290 0.888744692 -0.222552628
-0.372241110 0.901276685 -0.221668430
-0.413693721 -0.180098910 0.892424724
-0.427878799 -0.178831776 0.885967792
-0.458406844 -0.174117753 0.871519462
-0.450202339 -0.175826771 0.875444344
-0.441959278 -0.177521172 0.879294166
0.095161142 0.974999428 0.200799582
0.039646386 0.987209552 0.154419767
0.083527901 0.982532933 0.166289283
0.033835437 0.990005882 0.136906961
-0.016039216 0.994114679 0.107138923
0.279108950 0.888955550 0.363120122
0.230598256 0.917808754 0.323189628
0.250959372 0.904631349 0.344472810
0.238706500 0.916496895 0.321018142
0.189176406 0.941285263 0.279632512
0.210007646 0.930032725 0.301555832
0.180995827 0.942276791 0.281700123
0.130539537 0.962241321 0.238853657
0.151744575 0.953216019 0.261443696
-0.124024624 0.987302196 -0.099258583
-0.128679279 0.986422647 -0.102039228
-0.147900620 0.982440956 -0.113732912
-0.152533749 0.981408152 -0.116496757
-0.140620632 0.984014200 -0.109278967
-0.133330056 0.985513337 -0.104816787
-0.137976803 0.984574292 -0.107591196
0.572555609 0.711381646 0.407573586
0.562309796 0.715389443 0.414759736
0.554373811 0.719038907 0.419109447
0.588119842 0.703698133 0.398652717
0.578020604 0.707885874 0.405943063
0.570192403 0.711671406 0.410371092
0.551967047 0.719273252 0.421874825
0.541528933 0.723033042 0.428916815
0.533453355 0.726499616 0.433157969
0.396929389 0.799844364 0.450217784
0.419397369 0.786696424 0.453006163
0.419022393 0.779492654 0.465630150
0.441151428 0.765708381 0.468055651
0.430334253 0.776311406 0.460600730
0.441578751 0.773006579 0.455487690
0.463453601 0.758786234 0.457661677
-0.345892017 0.917439696 0.196629391
-0.333228412 0.922750645 0.193623535
-0.317567271 0.924502473 0.210822688
-0.319048300 0.926240903 0.200713655
-0.320496157 0.927880267 0.190579181
-0.203277452 0.963074694 0.176537278
-0.162743938 0.971319297 0.173358689
-0.200093720 0.964321679 0.173338406
-0.128385538 0.975916712 0.176362482
-0.087393121 0.981100312 0.172640145
-0.125158333 0.976914317 0.173129458
-0.121929510 0.977892178 0.169882553
-0.080904939 0.982780462 0.166123313
-0.118697722 0.978847055 0.166641213
0.614221225 0.702346746 0.359779565
0.604484344 0.708441312 0.364293268
0.632709748 0.701770803 0.327408179
0.613935046 0.708397313 0.348219767
0.594651386 0.714434175 0.368745899
0.580907500 0.708058476 0.401496788
0.591479328 0.705438570 0.390523532
0.573065969 0.710277348 0.408780485
0.616979480 0.697484629 0.364488016
0.627058575 0.694292767 0.353206876
0.609481056 0.700109117 0.371994713
0.601909678 0.702650192 0.379456779
0.612196381 0.699693471 0.368299658
0.594266626 0.705106943 0.386873850
0.548378355 0.836117557 0.013733564
0.536828709 0.843025742 0.033504267
0.554615584 0.831096629 0.040987153
0.512133772 0.858904795 -0.001246076
0.500403518 0.865594176 0.018521351
0.518740982 0.854535632 0.026012448
0.524947440 0.849466372 0.053264131
0.512772938 0.855417522 0.072971076
0.530737935 0.843709056 0.080450441
0.778223637 0.291650072 -0.556154840
0.781634837 0.280004751 -0.557354754
0.771056166 0.314810479 -0.553504067
0.774697027 0.303253442 -0.554871036
0.780901200 0.297286084 -0.549376283
0.783511249 0.302896694 -0.542552961
0.787022702 0.291287553 -0.543826101
-0.053145770 0.928436045 0.367671100
-0.006754149 0.921665810 0.387925915
-0.048493078 0.921312117 0.385788031
0.030321085 0.927933804 0.371509740
0.076714130 0.917520138 0.390220116
0.035027675 0.920411450 0.389378769
0.039686178 0.912493550 0.407161550
0.086025998 0.900967293 0.425273399
0.044331947 0.904238498 0.424720399
0.007711089 0.997512376 0.070068528
0.015746303 0.997826629 0.063984941
0.020383211 0.995916214 0.087951230
0.188567117 0.980605414 -0.053436556
0.172334291 0.982585071 -0.069480003
0.232821015 0.970131190 -0.068116441
0.216705483 0.972595649 -0.084240351
0.194583073 0.977867754 -0.076890076
0.156018777 0.984044527 -0.085524905
0.139628754 0.984987810 -0.101502834
-0.727026977 0.635651137 0.259575434
-0.380771028 0.902660544 0.200542678
-0.477242936 0.657159303 0.583421658
0.051889935 0.967543347 -0.247320252
0.065610296 0.967214549 -0.245339162
-0.038895719 0.966935624 -0.252036945
0.020246442 0.968521179 -0.248106444
0.079317610 0.966701289 -0.243305023
-0.984316880 -0.167415837 -0.055607708
-0.325687263 -0.905873600 0.270778188
-0.767948133 -0.626761656 0.132005648
-0.759253835 -0.640801811 0.113607453
-0.305222571 -0.916585038 0.258284822
-0.563961020 -0.351214161 0.747393190
-0.569919884 -0.354534505 0.741280386
-0.551901844 -0.344485365 0.759430173
-0.557954850 -0.347864336 0.753443289
-0.554177708 -0.345950342 0.757103315
-0.544273761 -0.340611182 0.766648613
-0.550383220 -0.344025486 0.760739624
0.323844509 0.804503080 0.497895098
0.321679991 0.801140460 0.504674099
0.314994662 0.806187262 0.500839757
0.317252735 0.801978293 0.506143773
0.319495120 0.797728249 0.511422047
0.340990673 0.818711900 0.461991543
0.336888458 0.824579674 0.454504706
0.347551773 0.820272190 0.454270073
0.343436803 0.826107191 0.446763999
0.340167535 0.825354245 0.450640010
0.332750611 0.830359167 0.446968326
0.328577403 0.836049279 0.439384221
-0.350297046 -0.190786522 0.917001899
-0.345396737 -0.192143507 0.918576054
-0.347848128 -0.191465737 0.917792216
-0.363114848 -0.188434865 0.912491046
-0.375863592 -0.186047355 0.907806665
-0.343514613 -0.195424347 0.918589699
-0.358810473 -0.192408945 0.913364025
-0.370285226 -0.195923395 0.908021406
-0.385412591 -0.192818986 0.902373522
-0.372150165 -0.192634690 0.907962627
-0.374009613 -0.189341689 0.907891257
-0.389107513 -0.186224616 0.902172786
-0.404578153 0.885298258 -0.229267338
-0.356444657 0.909620972 -0.213393753
-0.380662704 0.897815265 -0.221412861
-0.377055779 0.898004300 -0.226753649
-0.349188019 0.909880387 -0.224021002
-0.369104845 0.919648308 0.134196134
-0.374775537 0.915643739 0.145395464
-0.370912519 0.917166477 0.145703662
-0.369086339 0.922010198 0.116929333
-0.359359951 0.926890994 0.108321333
-0.388324613 0.911716925 0.134075511
-0.378741974 0.916951817 0.125514473
-0.367004689 0.923228816 0.113824922
-0.364917141 0.924433218 0.110719036
-0.355152008 0.929216150 0.102099936
-0.139798961 0.989829804 -0.026328892
-0.157037183 0.986670535 -0.042668228
-0.147020540 0.988026001 -0.046792982
-0.164184733 0.984408265 -0.063116891
-0.160618548 0.985598046 -0.052897776
-0.174183788 0.982944871 -0.058986345
-0.191227984 0.978655232 -0.075271478
-0.521727269 -0.337304024 0.783598527
-0.546325334 -0.356001411 0.758150134
-0.554355678 -0.355711313 0.752435541
-0.577890690 -0.373712650 0.725521334
-0.562277313 -0.364962046 0.742055880
-0.570050213 -0.374125988 0.731486500
-0.592864275 -0.391646841 0.703650982
-0.623492452 -0.397665298 0.673141496
-0.615662322 -0.389375056 0.685089024
-0.638634631 -0.413926157 0.648699426
-0.631148550 -0.405852895 0.661010541
-0.608918108 -0.389787795 0.690857592
-0.593987336 -0.381678770 0.708166902
-0.585688949 -0.373080026 0.719569141
-0.250376886 0.958981840 -0.132910670
-0.240945043 0.963045248 -0.120371662
-0.251949599 0.959244117 -0.127953597
-0.228332890 0.966439017 -0.117727301
-0.218798936 0.970089211 -0.105137759
-0.229893309 0.966660659 -0.112766290
-0.231449237 0.966855848 -0.107800832
-0.221891557 0.970412527 -0.095203274
-0.232997821 0.967024909 -0.102834045
-0.738418129 -0.540579825 0.403127920
-0.752244469 -0.522848270 0.400946313
-0.741660452 -0.544552194 0.391666544
0.555276476 0.803600679 -0.214228812
0.553108747 0.801101045 -0.228709052
0.557327859 0.805920787 -0.199693118
0.569443422 0.794222592 -0.212001564
0.581305226 0.782183282 -0.224217634
0.514144398 0.824092701 -0.237753565
0.495524436 0.829439504 -0.257848100
0.504882360 0.826846124 -0.247829155
0.498407857 0.834647936 -0.234419351
0.482490415 0.844891014 -0.231002542
-0.150478841 -0.949202773 0.276351612
-0.171856490 -0.944955635 0.278431670
0.583163075 -0.810236957 0.058625086
0.565355358 -0.822448181 0.062867397
0.213556162 -0.959214657 0.185205310
-0.193378467 -0.940484487 0.279452497
-0.214588899 -0.935343573 0.281218784
-0.267965738 0.952289199 -0.146080951
-0.260508393 0.954509656 -0.145074788
-0.245705795 0.962026472 -0.118885361
-0.238191788 0.964041411 -0.117850877
-0.249391675 0.959435125 -0.131483966
-0.253032665 0.956671860 -0.144060486
-0.245543947 0.958774811 -0.143035070
-0.307443606 0.927688498 -0.211831251
-0.309684989 0.927083642 -0.211213468
-0.302437201 0.928183781 -0.216810073
-0.002045153 0.984363074 0.176139593
-0.024898992 0.987052158 0.158455287
-0.043596042 0.982887396 0.178974163
-0.045687787 0.986084086 0.159846180
-0.047747613 0.988908902 0.140639073
0.493315579 0.862856542 -0.110083272
0.473518186 0.876746003 -0.084243538
0.483486970 0.869941031 -0.097174857
0.503337168 0.859213635 -0.091671287
0.513122606 0.855185991 -0.073226443
0.367184985 0.930130465 -0.005701382
0.392646760 0.919635870 -0.009919105
0.407059746 0.913238988 -0.017231209
0.432025102 0.901606823 -0.021434735
0.412439211 0.910850125 -0.015682716
0.417803936 0.908427331 -0.014129924
0.442636075 0.896513925 -0.018332697
0.809541966 0.576358290 0.111592680
0.786230769 0.608322409 0.108558855
0.852405417 0.509637788 0.116937290
0.831664907 0.543367220 0.114392070
0.825276478 0.560273323 0.070799278
0.839211319 0.542978114 0.029985494
0.817041828 0.575937309 0.027182112
-0.334856089 -0.737632768 0.586318428
-0.499772717 -0.455232868 0.736878733
-0.471810801 -0.737499924 0.483206405
-0.338804496 -0.087326176 0.936795417
-0.381110481 0.277027480 0.882049078
-0.456911647 -0.094081266 0.884522732
-0.602106279 -0.100775984 0.792030447
-0.590664474 0.255975484 0.765239851
-0.697769406 -0.114781475 0.707066523
-0.503250133 -0.820662407 0.270652024
-0.469595841 -0.840115555 0.271450917
-0.536148912 -0.799964218 0.269446831
-0.540916818 -0.799782714 0.260300992
-0.545624125 -0.799509618 0.251154703
-0.581869552 -0.764030232 0.278721419
-0.633184763 -0.726151465 0.267919963
-0.615695179 -0.741542491 0.266522383
-0.617642741 -0.734221045 0.281845526
-0.650331290 -0.710352521 0.269199755
-0.681852130 -0.685221606 0.256025436
-0.712143172 -0.658855773 0.242407039
-0.887245010 0.433389922 -0.158017304
-0.904425886 0.399226392 -0.150439703
-0.890772900 0.426950571 -0.155681889
-0.914093958 0.377742239 -0.147455204
-0.929053621 0.342629208 -0.139515574
-0.917190256 0.371109782 -0.145050211
-0.920232257 0.364455953 -0.142633975
-0.934639961 0.329131159 -0.134613606
-0.923219488 0.357780016 -0.140211400
-0.848098926 0.499061885 -0.177947877
-0.861748539 0.477497573 -0.171422063
-0.831239957 0.525081283 -0.182564453
-0.903120151 0.400637622 -0.154478119
-0.889397216 0.428330100 -0.159705723
-0.874800526 0.455603034 -0.164772314
-0.859343864 0.482425906 -0.169686088
0.368178805 0.771605808 0.518718463
0.428771895 0.746082683 0.509426434
0.398695275 0.759263232 0.514355346
0.385582498 0.763988630 0.517346605
0.402846560 0.756095733 0.515784733
-0.370628642 0.883161216 -0.287507697
-0.392049139 0.874906814 -0.284315916
-0.403464458 0.868312195 -0.288531391
0.833129697 0.378535198 -0.403244356
0.840045548 0.379168417 -0.388013903
0.830138607 0.368983319 -0.417996655
0.851064562 0.398043904 -0.342418109
0.849030669 0.388931732 -0.357601777
0.846728966 0.379691015 -0.372672500
0.844153321 0.370339000 -0.387626360
0.962998892 0.184575525 0.196379758
0.963928368 0.184410484 0.191924137
0.961076103 0.184889115 0.205301584
0.962045971 0.184729714 0.200854379
0.948343421 0.234324414 0.213861696
0.930847885 0.283369421 0.230703242
0.931970340 0.283257122 0.226266853
-0.958546898 0.261041227 -0.114216121
-0.956821255 0.270216515 -0.107126655
-0.957700544 0.265634106 -0.110671542
-0.963900544 0.243578646 -0.107541544
-0.968889446 0.226024598 -0.100827194
0.669402326 0.692253326 -0.269603150
0.658462251 0.707921334 -0.255489430
0.679983738 0.676175804 -0.283563745
0.674975843 0.669828562 -0.309414461
0.669487329 0.662984104 -0.335020587
-0.224653870 0.974011288 0.028855664
-0.236698463 0.970916323 0.035990720
-0.239612430 0.969855390 0.044344163
-0.218725920 0.975710855 0.012136665
-0.233768191 0.971899641 0.027631874
-0.248696889 0.967621250 0.043115833
-0.263504652 0.962877839 0.058579563
0.119570735 0.882568369 0.454726195
0.164863199 0.864988371 0.473935906
0.177031469 0.860559089 0.477595973
0.193406309 0.852965268 0.484813626
0.209706348 0.845047857 0.491850960
-0.335348762 -0.201532155 0.920285824
-0.333515783 -0.205474234 0.920080193
-0.338995615 -0.193636614 0.920644793
-0.337175385 -0.197586257 0.920474025
-0.336296384 -0.198792618 0.920535842
-0.337241169 -0.196051402 0.920778063
-0.335416642 -0.199998539 0.920595601
-0.511807344 0.832038898 0.213926426
-0.493303846 0.843297604 0.213308385
-0.487171361 0.849646616 0.201902683
-0.523563301 0.818499961 0.236514870
-0.499326800 0.836773409 0.224684243
-0.474561810 0.854160596 0.212604715
-0.449298589 0.870639139 0.200295451
-0.495076758 0.809726973 -0.315025765
-0.446537518 0.840551124 -0.306721458
-0.484898063 0.816695412 -0.312861748
-0.417943536 0.856646710 -0.302455973
-0.407248694 0.862659768 -0.299944370
-0.396490921 0.868538165 -0.297382590
-0.385670244 0.874279819 -0.294776630
-0.566100716 0.812945186 0.136565386
-0.601808299 0.787679224 0.131864370
-0.529289880 0.836640293 0.141015047
-0.517504266 0.845389452 0.132310274
-0.505568655 0.853886364 0.123605875
-0.716830460 0.630061066 0.298625426
-0.717538330 0.629734742 0.297611995
-0.758599830 0.589743740 0.276999312
-0.759259945 0.589378540 0.275966072
-0.738753639 0.609849254 0.286926730
-0.718245015 0.629407986 0.296596842
-0.718950562 0.629079560 0.295582470
-0.217930050 0.973569080 -0.068335496
-0.219370779 0.972910418 -0.072950530
-0.221921437 0.972001549 -0.077226062
-0.212801545 0.975265276 -0.059775773
-0.214252521 0.974653407 -0.064394051
-0.216814400 0.973794388 -0.068673179
-0.220806183 0.972228612 -0.077563876
-0.222236379 0.971523651 -0.082175345
-0.224776501 0.970568103 -0.086446986
-0.211970620 0.976064833 -0.048640488
-0.212750287 0.976144023 -0.043360840
-0.210393205 0.975823034 -0.059195485
-0.211184887 0.975957843 -0.053918752
-0.211350274 0.975710450 -0.057621002
-0.210712735 0.975276886 -0.066596834
-0.211512706 0.975449605 -0.061322451
-0.713320053 0.656731526 0.244700233
-0.732663489 0.635028509 0.244832606
-0.672843684 0.698472553 0.243756987
-0.693371768 0.677893887 0.244326564
-0.724538397 0.649482362 0.230687608
-0.735481176 0.641986342 0.216612503
-0.754277558 0.619791419 0.216619397
-0.591362440 0.776315125 0.218232196
-0.623794591 0.753260146 0.208517291
-0.557926690 0.798073010 0.227590157
-0.552236281 0.805135618 0.216313954
-0.546433557 0.812016677 0.205034834
-0.300108247 0.949585064 0.090682114
-0.276184534 0.958136202 0.075479278
-0.283066874 0.954701318 0.091752590
-0.286311759 0.956371003 0.058138459
-0.262143748 0.964076660 0.042858470
-0.269212295 0.961261434 0.059170909
-0.252018298 0.965848216 0.060199678
-0.227640606 0.972711202 0.044862800
-0.234753779 0.970126091 0.061204830
-0.739491299 -0.402320890 0.539713368
-0.749447415 -0.407890897 0.521491696
-0.729197216 -0.396555886 0.557687053
-0.748851061 -0.400107807 0.528333068
-0.767558112 -0.403160676 0.498313169
-0.536419694 0.773218429 0.338211728
-0.514295039 0.783928096 0.347789238
-0.558172501 0.761974701 0.328386990
-0.580770810 0.746041031 0.325772998
-0.602919521 0.729537748 0.322897390
-0.698561294 0.670770331 -0.249157141
-0.691664713 0.678805463 -0.246623333
-0.618825262 0.739899243 -0.263826469
-0.611226017 0.747181420 -0.261003221
-0.652370907 0.714007351 -0.254176518
-0.684686005 0.686766807 -0.244041857
-0.677624532 0.694640001 -0.241454472
0.604169037 0.705394778 -0.370672338
0.610147456 0.695361310 -0.379727179
0.607175528 0.700396875 -0.375209402
0.614609941 0.683675567 -0.393500113
0.624373938 0.661202960 -0.415894014
-0.204025249 0.960738860 -0.188028032
-0.211074758 0.957906453 -0.194583335
-0.213747391 0.953458604 -0.212670502
-0.177611454 0.977543904 -0.113411144
-0.181700059 0.976671143 -0.114448968
-0.173519521 0.978398532 -0.112371211
-0.173165818 0.978237525 -0.114301985
-0.172811461 0.978072729 -0.116232245
0.606358640 0.399557791 -0.687519289
0.586092939 0.389061902 -0.710722100
0.565569302 0.373674964 -0.735185953
0.544034735 0.362336328 -0.756794947
0.565390555 0.375913711 -0.734181450
0.565206158 0.378153965 -0.733172270
0.543723185 0.366841633 -0.754845888
0.578869340 0.710846001 0.399510012
0.566848442 0.713573031 0.411699372
0.590716290 0.707905384 0.387200506
0.589119287 0.709091858 0.387462518
0.587520269 0.710274920 0.387723447
-0.334930434 0.920665003 -0.200493285
-0.326475082 0.924140963 -0.198437652
-0.354641540 0.910688466 -0.211839318
-0.336394453 0.919326580 -0.204150463
-0.317990531 0.927535713 -0.196365790
0.429427869 0.865862086 0.256660386
0.427125799 0.867295250 0.255660910
0.428277145 0.866579667 0.256160824
0.435701343 0.865537508 0.247000328
0.441916946 0.865098003 0.237307516
0.327942674 0.906984437 0.264259028
0.340463105 0.901140308 0.268385953
0.299886205 0.919702264 0.253408779
0.326553960 0.907834582 0.263056805
0.352912982 0.895108870 0.272456490
-0.205862438 0.949170483 -0.238109324
-0.268604126 0.933081041 -0.239189452
-0.255036826 0.937935388 -0.235017924
0.723067296 0.662186376 0.196679658
0.712109138 0.670646412 0.207687182
0.712859573 0.669883765 0.207574013
0.148005309 0.895511394 0.419706769
0.179628915 0.894089570 0.410289281
0.116161439 0.895909837 0.428779762
0.166662135 0.878476080 0.447776183
0.216609114 0.858258078 0.465267195
0.001307042 0.914694778 0.404143236
0.015655091 0.911451359 0.411109887
0.047718339 0.904856630 0.423033614
-0.062811873 0.923520818 0.378370147
-0.016429362 0.916937889 0.398691589
0.029996788 0.907964523 0.417972029
0.076346125 0.896624866 0.436159511
0.909797292 0.414731679 0.016325493
0.899220688 0.434223953 0.053401434
0.902814562 0.429530907 0.020713937
-0.660495976 0.695908662 -0.281879762
-0.704239965 0.652714063 -0.279303463
-0.679592406 0.679036317 -0.277603750
-0.710139366 0.643618851 -0.285406475
-0.750753395 0.597551781 -0.281604704
-0.727968821 0.625537539 -0.280649572
-0.745316841 0.607044708 -0.275680121
-0.783568378 0.559074680 -0.271027857
-0.762163784 0.588144263 -0.270541479
-0.720574839 0.638910527 -0.269379361
-0.797885433 0.543655791 -0.260417389
-0.760668152 0.592398681 -0.265419980
-0.759140987 0.596637314 -0.260247723
-0.795151541 0.552351518 -0.250283495
0.121958912 0.968819648 0.215672237
0.158649042 0.961111964 0.226040426
0.155681368 0.962482498 0.222240306
0.192160204 0.953473053 0.232300651
0.175432052 0.957438967 0.229203444
0.195100009 0.951950421 0.236064360
0.231256215 0.941348880 0.245729221
0.250989748 0.959857723 0.125209021
0.307482693 0.939817852 0.148985899
0.279385433 0.950331542 0.137163186
0.226844577 0.967971629 0.107575385
0.202476112 0.975156453 0.089851638
-0.477587237 -0.816447468 0.324536536
-0.457628728 -0.828344798 0.323142140
-0.516717449 -0.791332522 0.326796446
-0.497286956 -0.804107686 0.325755295
-0.501958662 -0.801431764 0.325183992
-0.525918351 -0.785758766 0.325565738
-0.506615452 -0.798732116 0.324604053
0.430850365 0.878038814 0.208364595
0.440507346 0.868934502 0.225623825
0.463761005 0.854124211 0.235366869
0.382796390 0.904479753 0.188104491
0.416856309 0.883004824 0.215715782
0.449934776 0.859421260 0.242804026
0.481949198 0.833789835 0.269294416
0.644410658 0.662774088 0.381399281
0.610916340 0.694960075 0.379225156
0.540694460 0.756953778 0.366974766
0.503427279 0.784384313 0.362356489
0.558560253 0.741514498 0.371707806
0.576098410 0.725642110 0.376236826
0.540040800 0.754759024 0.372417440
0.541467074 0.784236794 0.302962141
0.531578194 0.785641804 0.316530534
0.496855340 0.813255728 0.302902448
0.486703397 0.814281619 0.316330915
0.509317318 0.800249052 0.316539610
0.521527043 0.786826063 0.330021649
0.511331350 0.787792303 0.343399967
0.793475912 0.567020995 0.221095385
0.810993959 0.544327475 0.214467707
0.756384168 0.610934081 0.233757435
0.775259535 0.589232781 0.227546441
0.768527208 0.603060543 0.213737952
0.742059838 0.637900226 0.205986647
0.761466049 0.616622110 0.199866528
-0.409248622 0.879129629 -0.244226657
-0.372496782 0.895329421 -0.244195362
-0.445339065 0.861480215 -0.243977370
-0.548676088 0.804066684 -0.228978859
-0.644218686 0.735227445 -0.210767378
-0.655615986 -0.642149025 0.397255974
-0.659331586 -0.640222956 0.394203534
-0.653400075 -0.654290143 0.380752875
-0.666671378 -0.613234585 0.423665691
-0.670379573 -0.611295876 0.420605016
-0.664993355 -0.625888606 0.407489006
-0.663032709 -0.638277590 0.391138525
-0.666713063 -0.636316470 0.388065770
-0.660787545 -0.650396918 0.374624705
0.369560655 0.823806390 0.429846432
0.360826923 0.826621955 0.431856544
0.377037512 0.812622594 0.444395358
0.336585891 0.850529002 0.404116760
0.344388200 0.840112779 0.419055231
0.352055480 0.829365225 0.433832068
0.359590261 0.818292979 0.448432207
-0.866045878 0.473066062 0.161780835
-0.893955183 0.428735464 0.130499165
-0.871648584 0.468592581 0.143700167
-0.898738328 0.423877845 0.112236311
-0.896386331 0.426338770 0.121354021
-0.918533279 0.382826160 0.098695215
-0.939689278 0.335498078 0.066521435
-0.560298099 0.796101000 -0.228668401
-0.458439557 0.853965324 -0.246122730
-0.739117699 0.647819160 -0.184486757
-0.654297396 0.727065347 -0.208016581
-0.635558427 0.741699288 -0.214354032
-0.705207524 0.680764278 -0.198096810
-0.616434497 0.755899052 -0.220511075
-0.089691962 0.986216125 -0.139043546
0.000921090 0.985085132 -0.172065202
-0.179481026 0.978168269 -0.104753992
-0.120081162 0.984216661 -0.129992611
-0.060162604 0.986136374 -0.154646415
0.058539765 0.970059288 -0.235707603
0.076233292 0.973884418 -0.213863569
0.065280567 0.972278725 -0.224527347
0.080454138 0.973423649 -0.214414390
0.087169201 0.975259778 -0.203149936
0.093866656 0.976925466 -0.191848077
0.100548780 0.978419517 -0.180513686
-0.891902099 0.410945751 -0.188770326
-0.899036973 0.396424750 -0.185956819
-0.884526743 0.425357454 -0.191529310
-0.896224886 0.404201524 -0.182762363
-0.907330153 0.382777725 -0.173876987
-0.177882777 0.970470711 0.162924265
-0.147118970 0.971963979 0.183417644
-0.253544646 0.950168355 0.181370364
-0.185341194 0.963513953 0.193104903
-0.116173117 0.972092651 0.203812865
0.636673163 0.768882786 -0.058877375
0.664519714 0.740261340 -0.102111202
0.650894639 0.754884739 -0.080530736
0.633336247 0.768559285 -0.090563927
0.629381318 0.767439259 -0.122131651
-0.567475369 -0.759185037 0.318762897
-0.593720638 -0.743243179 0.308359175
-0.557535919 -0.768075453 0.314982217
-0.638010586 -0.707243980 0.304546293
-0.662516680 -0.689246440 0.293276309
-0.628738658 -0.716947177 0.301121979
-0.619344627 -0.726520371 0.297624569
-0.644316122 -0.709025869 0.286599114
-0.609830338 -0.735946198 0.294092081
-0.060423962 0.998085834 0.013176204
-0.050931418 0.998701723 0.000927078
-0.076857575 0.997040569 -0.001736785
-0.403571336 0.862287344 -0.305925993
-0.418497045 0.855670781 -0.304446610
-0.373919522 0.877789737 -0.299448442
-0.403836489 0.863780900 -0.301328138
-0.433311215 0.848825572 -0.302880405
0.900081378 0.434011663 -0.038566697
0.905484275 0.417219589 -0.077627588
0.900726185 0.422617811 -0.100431691
0.905064659 0.411197603 -0.108510346
0.909220811 0.399665708 -0.116554013
-0.257208410 0.954856172 -0.148638906
-0.268197702 0.951256560 -0.152252914
-0.258405002 0.955820499 -0.140121476
-0.268802016 0.951757718 -0.147995682
-0.279148460 0.947517260 -0.155843444
-0.358627743 0.848183115 0.389835281
-0.435516860 0.814543163 0.383202950
-0.197789155 0.897248663 0.394745852
-0.279194929 0.875810588 0.393708021
-0.272914443 0.879002856 0.390988089
-0.184932602 0.902511751 0.388937620
-0.266614455 0.882128006 0.388287154
-0.318705010 0.862967074 0.392064975
-0.514669045 0.768787771 0.379580211
-0.419183899 0.820752222 0.388137410
-0.328686662 0.862417838 0.384968245
-0.338597982 0.861674741 0.377978897
-0.280914392 0.957321526 0.067989702
-0.269072558 0.961192892 0.060894845
-0.291968438 0.953668445 0.072601156
-0.274630152 0.959470228 0.063207282
-0.257175651 0.964866644 0.053787013
-0.210199669 0.973512439 0.089942372
-0.158688591 0.984007141 0.080918953
-0.311277556 0.944236091 0.107352168
-0.261123470 0.960237916 0.098780958
-0.218112672 0.970068487 0.106742649
-0.225964240 0.966285475 0.123420188
-0.174679901 0.977956226 0.114405214
0.639288535 0.698362412 0.321869712
0.648106935 0.697603295 0.305462015
0.620992456 0.699146961 0.354347141
0.630250247 0.698875668 0.338167751
0.645814916 0.694891117 0.316305911
0.652284182 0.691362559 0.310713947
0.660902384 0.690397292 0.294210159
0.127989876 0.923295282 0.362138668
0.151818622 0.914134590 0.375910969
0.109212390 0.931866297 0.345973783
0.133143300 0.923398726 0.360010631
0.142494270 0.918846067 0.367990880
0.175522952 0.904205953 0.389362668
0.199078400 0.893516207 0.402487985
0.122158317 0.907351782 0.402231387
0.105829341 0.909111353 0.402885466
0.138492392 0.905350193 0.401448485
0.155684592 0.888587377 0.431479758
0.172646977 0.870519416 0.460856777
0.333652412 0.627383178 -0.703609562
0.307870406 0.621722943 -0.720191915
0.638162681 0.330583751 -0.695314876
-0.435890256 0.819836400 -0.371305753
-0.467650879 0.794260122 -0.387883376
-0.088680617 0.784678270 -0.613527310
0.274842961 0.607244608 -0.745463166
0.248192709 0.600746661 -0.759936727
0.594733902 0.328254941 -0.733853037
0.641461263 0.495554002 -0.585622471
0.643100434 0.490467610 -0.588101483
0.639799206 0.500623955 -0.583123170
0.644104258 0.504542752 -0.574948968
0.648344037 0.508410804 -0.566717269
-0.418862222 -0.280744521 0.863560625
-0.409569527 -0.275568104 0.869663741
-0.412961669 -0.276733528 0.867687279
-0.412098231 -0.278427175 0.867555967
-0.402764647 -0.273223458 0.873572882
-0.406170445 -0.274398164 0.871625617
-0.400215163 -0.270350348 0.875636062
-0.390800583 -0.265091991 0.881476682
-0.394232668 -0.266284225 0.879587014
-0.604927607 0.481360805 -0.634314090
-0.899160808 0.298473980 -0.320036131
0.071094640 0.582090368 -0.810010096
-0.163390808 0.949679242 -0.267231699
-0.299207323 0.943459300 0.142686813
-0.678429840 0.064024993 0.731870038
-0.661406669 0.086451825 0.745028389
0.163207151 0.967959462 0.190834760
-0.275065694 0.695829402 0.663445783
-0.576635483 0.081495224 0.812926840
-0.690952308 -0.499472019 -0.522601770
-0.788279646 -0.592341099 -0.166574975
-0.776846420 -0.577571843 0.250839403
-0.775346034 -0.587239745 0.232353199
-0.771306361 -0.599535651 0.213643397
-0.183775097 -0.172194690 0.967768414
-0.200971363 -0.168999038 0.964909237
0.502155413 -0.113837088 0.857252039
0.152509109 -0.149439668 0.976938461
-0.218166906 -0.164498346 0.961947761
-0.444669997 -0.179040996 0.877617750
-0.434401078 -0.179417779 0.882669227
-0.422278336 -0.182018049 0.888003624
-0.468538136 -0.173688669 0.866201051
-0.446444642 -0.176783581 0.877174297
-0.424075165 -0.179769797 0.887605247
-0.401443631 -0.182645559 0.897487388
0.633181056 0.469866775 -0.615066634
0.628068869 0.465432543 -0.623620112
0.618118736 0.446273869 -0.647123529
0.612722043 0.441631962 -0.655387602
0.620536252 0.453634590 -0.639648668
0.622881260 0.460943483 -0.632099708
0.617620849 0.456398300 -0.640503769
0.624440302 0.486631511 -0.610953421
0.620554836 0.475628392 -0.623449539
0.621526616 0.471399765 -0.625689162
0.617416159 0.460224297 -0.637958371
0.619021193 0.467952889 -0.630739927
0.616488172 0.464486030 -0.635763370
0.612241662 0.453207646 -0.647891176
0.388053988 0.865250100 0.317421433
0.405903355 0.854209437 0.324913380
0.402619345 0.859758159 0.314187159
0.394597313 0.854093602 0.338846690
0.412284718 0.842707762 0.346215162
0.409124137 0.848524514 0.335594383
0.423551487 0.842742141 0.332249637
0.440985015 0.830857594 0.339422856
0.437867582 0.836748149 0.328822924
0.373309357 0.883438070 0.283155965
0.364441247 0.883755234 0.293528982
0.382112448 0.882961411 0.272707212
0.352801938 0.895949847 0.269823395
0.323132833 0.908005715 0.266666074
0.834518943 0.275924193 -0.476910866
0.832407450 0.291795029 -0.471119411
0.826967450 0.293161604 -0.479771936
0.824627686 0.308954115 -0.473852862
0.828554298 0.300388513 -0.472508748
0.830053678 0.307582462 -0.465192349
0.827458651 0.323280212 -0.459131882
0.772258405 0.325107195 -0.545822560
0.778536033 0.319169206 -0.540381960
0.786785433 0.333642596 -0.519279598
0.792920519 0.327643464 -0.513738077
0.785825572 0.323447304 -0.527124285
0.784734561 0.313196186 -0.534882995
0.790849548 0.307194252 -0.529328521
-0.326583173 -0.215189352 0.920346117
-0.328016703 -0.212698793 0.920415268
-0.328269841 -0.215687146 0.919629255
-0.326072150 -0.209209552 0.921904722
-0.327760419 -0.209708376 0.921192436
-0.329447530 -0.210206457 0.920476817
-0.331133422 -0.210703785 0.919757888
0.635306572 0.409402672 -0.654809142
0.616166619 0.397280297 -0.680078719
0.654185058 0.404383514 -0.639152473
0.635501480 0.392513810 -0.664884034
0.625887569 0.394921018 -0.672534118
0.596326484 0.384680814 -0.704567524
0.575798786 0.371643736 -0.728242193
-0.341948463 0.907661315 -0.243356086
-0.338647916 0.906765808 -0.251183915
-0.315443420 0.916136094 -0.247366341
-0.387659851 0.887114045 -0.250496531
-0.361636006 0.896810947 -0.254851964
-0.335323264 0.905800636 -0.259004858
-0.308748015 0.914076457 -0.262942759
0.357931283 0.882971265 0.303721815
0.361361599 0.877759280 0.314573427
0.303494064 0.905329524 0.297102350
0.334340925 0.889495519 0.311470491
0.364723952 0.872406674 0.325396733
-0.414864471 -0.859737641 0.297890348
-0.379701500 -0.870072280 0.314326263
-0.397361429 -0.865079993 0.306170705
-0.416853532 -0.855720118 0.306555399
-0.418800824 -0.851624655 0.315184575
-0.461834863 -0.847599811 0.261310390
-0.500526075 -0.828397063 0.251459647
-0.453980516 -0.854911292 0.251054525
-0.302685584 0.936069416 -0.179319508
-0.248477721 0.952401716 -0.176606323
-0.275692390 0.944614983 -0.178034381
-0.248490579 0.952393263 -0.176633817
-0.193497730 0.965659192 -0.173380950
0.419715167 0.906644485 0.042836380
0.421098382 0.905333190 0.055208402
0.444528142 0.893073424 0.069387252
0.371557488 0.928299163 0.014342165
0.397274456 0.916783651 0.040996870
0.422400557 0.903885791 0.067588806
0.446899342 0.889625263 0.094063119
0.836220564 0.238060397 -0.494026736
0.838350775 0.237130924 -0.490853241
0.841043319 0.231403808 -0.488976905
0.830697715 0.249475146 -0.497698159
0.835621784 0.242847966 -0.492707925
0.840468094 0.236198040 -0.487671886
0.845236091 0.229526017 -0.482590674
0.830080696 0.230714951 -0.507677702
0.827234061 0.230896207 -0.512221387
0.835702230 0.230332505 -0.498546607
0.832903441 0.230527129 -0.503119369
0.835470034 0.228745562 -0.499665177
0.840778212 0.226754049 -0.491604109
0.838018487 0.226959126 -0.496200132
0.797193082 0.254934961 -0.547258034
0.801136853 0.258165299 -0.539935571
0.789114099 0.248414565 -0.561773213
0.793185087 0.251683914 -0.554538208
0.789821872 0.260343863 -0.555339971
0.782333673 0.265712683 -0.563338969
0.786390605 0.268979861 -0.556093204
-0.351591047 -0.193673212 0.915900881
-0.376588539 -0.193642060 0.905916014
-0.364122791 -0.193675192 0.910990951
-0.350718093 -0.194883592 0.915978824
-0.349844388 -0.196093098 0.916054803
-0.332440936 -0.205567906 0.920448184
-0.330323884 -0.211111985 0.919955358
-0.331383732 -0.208340949 0.920205885
-0.335882026 -0.213227304 0.917451569
-0.339296318 -0.220869719 0.914382073
-0.492148354 -0.318220184 0.810262866
-0.506307183 -0.324562398 0.798944483
-0.463291845 -0.305185306 0.831999156
-0.477808210 -0.311760219 0.821282461
-0.493453539 -0.318205175 0.809474565
-0.494757391 -0.318189788 0.808684353
-0.508888600 -0.324515020 0.797322015
-0.277592989 0.946869159 -0.162422065
-0.269740847 0.950158951 -0.156326079
-0.256525279 0.957402038 -0.132574953
-0.259203605 0.955415902 -0.141399950
-0.261858155 0.953344781 -0.150213298
-0.313097115 0.931571558 -0.184782653
-0.328815052 0.925525159 -0.187839933
-0.322314016 0.927545066 -0.189139698
-0.545732444 -0.160970092 0.822353166
-0.573774344 -0.158056992 0.803617440
-0.564705928 -0.160458955 0.809543167
-0.564079981 -0.156227807 0.810806172
-0.582772274 -0.155633333 0.797593093
-0.601158935 -0.154960546 0.783961201
-0.619230285 -0.154205450 0.769918524
0.399443792 0.792897821 0.460171383
0.410476484 0.782695361 0.467864327
0.388297185 0.802875396 0.452345438
0.379628316 0.805834027 0.454437963
0.370928425 0.808722020 0.456487456
-0.583551398 0.749370009 -0.312909500
-0.591780738 0.742031564 -0.314936050
-0.540740491 0.776885455 -0.322565825
-0.679395338 0.672101172 -0.294452017
-0.640525241 0.704291216 -0.306106678
-0.599934945 0.734591071 -0.316944821
-0.557737493 0.762929418 -0.326906090
-0.437861852 -0.293115251 0.849917907
-0.441589191 -0.294260375 0.847590596
-0.427467184 -0.285651950 0.857714854
-0.436418403 -0.290546212 0.851540883
-0.445307535 -0.295399239 0.845245816
-0.033727327 0.998533081 -0.042357438
-0.037571378 0.998007091 -0.050697512
-0.026035250 0.999331648 -0.025659764
-0.029882151 0.998974749 -0.034007471
-0.050651257 0.997927922 -0.039677614
-0.067557767 0.997029532 -0.036987299
-0.071394300 0.996417583 -0.045330495
-0.648759255 -0.461243755 0.605281445
-0.650646627 -0.454274043 0.608517922
-0.644860363 -0.475097666 0.598696350
-0.646829713 -0.468186012 0.602007626
-0.642747794 -0.459439539 0.613017604
-0.636673410 -0.457589596 0.620692139
-0.638528945 -0.450594439 0.623895374
-0.692593379 -0.501246020 0.518716530
-0.686774572 -0.501329266 0.526317066
-0.689060453 -0.488021062 0.535752867
-0.687381558 -0.527392115 0.499363746
-0.681636309 -0.527539459 0.507024715
-0.684297735 -0.514505390 0.516740567
-0.680888245 -0.501370538 0.533871502
-0.674942977 -0.501364315 0.541373993
-0.677157060 -0.487994715 0.550744473
-0.186395770 0.978723276 -0.085775091
-0.199855283 0.975513058 -0.091826679
-0.159344342 0.984474021 -0.073622563
-0.172887978 0.981711020 -0.079707089
-0.181532874 0.978661243 -0.096270388
-0.176647875 0.978468391 -0.106748003
-0.190114898 0.975260864 -0.112794386
-0.210948593 0.973278197 -0.090720685
-0.212570480 0.971664625 -0.103352058
-0.206776402 0.974736111 -0.084457295
-0.208415840 0.973208599 -0.097097174
-0.210494435 0.972443810 -0.100225394
-0.214156659 0.969891065 -0.115966578
-0.215707685 0.967957661 -0.128561894
-0.605999600 -0.423133369 0.673589369
-0.594486822 -0.415005279 0.688735099
-0.590921077 -0.408731426 0.695522036
-0.612720292 -0.435392292 0.659550905
-0.601439606 -0.427433988 0.674959692
-0.597991801 -0.421241381 0.681880859
-0.582717178 -0.406702541 0.703586337
-0.570699037 -0.398224908 0.718136151
-0.566909808 -0.391790417 0.724647182
0.573478918 0.778434842 -0.255266778
0.583318366 0.766622375 -0.268383714
0.563405533 0.789931887 -0.242036814
0.577470586 0.780409067 -0.239769495
0.591359175 0.770659975 -0.237439527
0.644739571 0.618385629 -0.449344077
0.642777263 0.650108909 -0.405210804
0.634844414 0.660728262 -0.400513088
0.630614833 0.690159979 -0.354970612
0.637025752 0.670500078 -0.380299667
0.638904642 0.679916336 -0.359881417
0.633129412 0.707719737 -0.313496287
0.485005666 0.840448693 0.241692982
0.490610746 0.839783082 0.232519831
0.478018487 0.848662145 0.226430762
0.509804668 0.822036927 0.253681870
0.503073532 0.830671384 0.238541555
0.496164101 0.839017919 0.223316182
0.489078919 0.847071580 0.208018146
-0.213119857 0.974713905 -0.067176853
-0.212962175 0.974996316 -0.063476728
-0.215525681 0.974144626 -0.067756391
0.695353288 0.295740558 -0.654997197
0.705816113 0.281403404 -0.650104405
0.673727583 0.324119554 -0.664106662
0.684655261 0.309983908 -0.659664423
0.698832771 0.302549993 -0.648148332
0.702235737 0.309323752 -0.641236139
0.712735642 0.294994629 -0.636385161
0.093492865 0.890139363 0.445994394
0.107749534 0.885367970 0.452231794
0.139003306 0.872895770 0.467686920
0.543996020 0.829802825 -0.124481335
0.538888233 0.829848683 -0.144743347
0.525387412 0.839780320 -0.136883462
-0.801355264 -0.509834634 0.312887177
-0.819750853 -0.484664107 0.305138070
-0.811312022 -0.486716755 0.323851205
-0.829152690 -0.461203904 0.315906277
-0.824528393 -0.472975227 0.310559758
-0.837301594 -0.458984938 0.297083941
-0.853984763 -0.432833765 0.288729903
-0.213284372 0.976184272 0.039674226
-0.204274808 0.978429463 0.030782930
-0.201273850 0.978837697 0.036954024
-0.219266839 0.975282080 0.027329803
-0.207266572 0.977974948 0.024608311
-0.195231942 0.980512906 0.021884476
-0.183167350 0.982895063 0.019157676
-0.692410267 -0.591654085 0.412932762
-0.693939563 -0.593287141 0.407992955
-0.699765613 -0.561257454 0.441948139
-0.697841056 -0.578271527 0.422634478
-0.695451082 -0.594900935 0.403039290
0.726509819 0.493212109 -0.478461387
0.731715350 0.485337785 -0.478581112
0.715947007 0.488566604 -0.498720920
0.756736618 0.485880900 -0.437343620
0.747002561 0.481777594 -0.458123917
0.736860897 0.477411428 -0.478658905
0.726315202 0.472795621 -0.498929382
0.725352492 0.515092141 -0.456666015
0.747859137 0.520428163 -0.412142255
0.734849629 0.502890778 -0.455078992
0.749645218 0.548876710 -0.369819421
0.759138716 0.536764978 -0.368227876
0.768488522 0.524461067 -0.366559655
0.777610157 0.512087738 -0.364813094
-0.790975241 0.604750848 0.092922445
-0.773348141 0.622058782 0.122374525
-0.782311257 0.613501208 0.107728198
-0.743383173 0.659335769 0.112506896
-0.691622670 0.710191127 0.131478688
0.616903993 0.721706913 0.313956358
0.606673225 0.733471495 0.306540639
0.639447187 0.717724323 0.275643051
0.629211828 0.729493493 0.268200892
0.618099984 0.731664227 0.287436720
0.596258052 0.745027819 0.299014857
0.585675523 0.756350438 0.291407267
-0.687086118 -0.656564191 0.311185041
-0.678463214 -0.663819083 0.314693331
-0.683592206 -0.656199144 0.319537761
-0.676720026 -0.671698555 0.301448267
-0.673260021 -0.671368652 0.309814585
-0.669744767 -0.670982722 0.318157406
-0.666175560 -0.670541417 0.326472558
-0.797279049 -0.505574489 0.329758326
-0.790908459 -0.496287574 0.357997840
-0.812670093 -0.420822109 -0.403083207
-0.870318116 -0.492404066 -0.009198503
-0.785457080 -0.483625572 0.386216884
-0.101427846 0.991955087 0.075746276
-0.093285303 0.993896479 0.058886683
-0.109491978 0.989655341 0.092702814
-0.043782895 0.996554557 0.070441989
0.022107265 0.998611127 0.047823489
-0.129314164 0.911207615 0.391124697
0.009191536 0.925713143 0.378114656
-0.060207990 0.920714220 0.385564940
-0.122816379 0.913435378 0.388010242
-0.116308098 0.915600725 0.384899647
-0.775721253 0.598339968 -0.200613611
-0.746442432 0.631886918 -0.208668680
-0.732020105 0.644406167 -0.221104632
-0.723888095 0.654326238 -0.218730884
-0.715633694 0.664140033 -0.216301714
-0.134212000 0.956332752 0.259643615
-0.038498913 0.957674551 0.285267047
-0.062686482 0.963726944 0.259423944
-0.302449466 0.924971571 0.230112827
-0.299058021 0.930612954 0.211006703
-0.300769619 0.927839538 0.220570688
-0.308800983 0.920022406 0.241248264
-0.315093325 0.914899745 0.252338369
-0.657946729 0.470788707 -0.587761938
-0.256897905 0.086479255 -0.962561585
-0.565854988 -0.300594001 -0.767757370
0.080484445 0.864123513 -0.496802585
0.762191224 0.566939233 -0.312481109
0.434609543 0.663552151 -0.608944240
0.615938535 -0.277445265 -0.737322077
0.966103287 -0.177285668 -0.187654553
0.480521198 -0.701067556 -0.526881068
0.843964950 0.417120983 0.337243604
0.843923277 0.415321793 0.339560466
0.844084381 0.421202244 0.331828611
0.844062492 0.419407754 0.334149137
0.607694164 0.647207316 0.460250468
0.296139684 0.797106957 0.526233586
0.296181987 0.794969127 0.529433959
0.762667427 0.638167876 -0.105262330
0.757348643 0.630417720 -0.170283676
0.764950140 0.592248205 -0.253166637
0.752055485 0.578352939 -0.316101923
0.757018931 0.606155085 -0.243922837
0.748742727 0.619956981 -0.234601090
0.737007981 0.606706892 -0.297869071
0.738814457 0.673908676 0.000543232
0.743724502 0.666938318 0.045465877
0.760440184 0.649239966 0.014771373
0.703782819 0.707717130 0.061856347
0.725835906 0.683636626 0.076178746
0.747048255 0.658597042 0.090381638
0.767257475 0.632784145 0.104403984
0.143988171 0.983033658 -0.113632007
0.105088097 0.986947864 -0.122026246
0.221064236 0.970484446 -0.096387469
0.182678523 0.977539951 -0.105091400
0.148343630 0.980904814 -0.125777235
0.152665804 0.978615099 -0.137860947
0.113760809 0.982689329 -0.146219566
0.218823559 0.973354916 -0.068530709
0.174436005 0.983197025 -0.053811617
0.196685915 0.978555468 -0.061186988
0.204779149 0.976377886 -0.068932743
0.190694176 0.979199222 -0.069315335
0.120903544 0.926734907 0.355731282
0.181647420 0.905619389 0.383220219
0.198305679 0.894525712 0.400622775
0.219949646 0.887528676 0.404864178
0.241498316 0.880068881 0.408848785
0.072697895 0.997045377 0.024809906
0.071365261 0.997355872 0.013720933
0.075329074 0.996051291 0.046982503
0.074018260 0.996610475 0.035900683
0.058583869 0.997948522 0.025820093
0.044461571 0.998650893 0.026824663
0.043132970 0.998945497 0.015730258
0.196994893 0.979509464 0.041883436
0.221478413 0.973660807 0.054147431
0.259790541 0.964159510 0.053900961
0.119063505 0.991995643 0.042053855
0.182808732 0.981643792 0.054373084
0.245775851 0.967047541 0.066432555
0.307680898 0.948273445 0.078166091
0.254728011 -0.951100666 0.174703071
0.599415553 -0.798847514 0.050434557
-0.130067131 -0.953623261 0.271450213
-0.109676147 -0.957686297 0.266097913
-0.089149201 -0.961222620 0.260966462
0.805981947 0.496815497 -0.321818990
0.791839490 0.520456064 -0.319555484
0.960935705 -0.204736929 -0.186240064
0.944356765 0.184352772 -0.272404766
0.777504604 0.544100496 -0.315343052
0.895077722 0.423047592 -0.140948949
0.898129448 0.409107688 -0.161227773
0.891486399 0.436711407 -0.120561798
0.878085113 0.470084627 -0.089369892
0.862700556 0.502381894 -0.057967087
-0.585692034 0.791134533 0.176269657
-0.565567130 0.807179402 0.169101257
-0.605025781 0.776406901 0.176454324
0.430290232 0.901878989 -0.038270157
0.424940971 0.904344990 -0.039815947
0.417692187 0.906723694 -0.058184008
0.402976204 0.914945419 -0.022024053
0.466104627 0.884723445 -0.003301945
0.337737189 0.940362064 -0.040654380
0.396709048 0.917560648 -0.026540304
0.454009839 0.890911926 -0.012288452
0.509685987 0.792421785 0.335093882
0.535052404 0.765043991 0.358366596
0.522476222 0.778910131 0.346868282
0.571547566 0.743489571 0.347212670
0.629750566 0.689826722 0.357146074
-0.237876012 0.962038179 -0.133781709
-0.236232522 0.962999861 -0.129713000
-0.239514224 0.961057095 -0.137848457
-0.228829827 0.964629425 -0.130870102
-0.218105514 0.968032305 -0.123868644
-0.238287788 0.962854629 -0.127003514
-0.242322735 0.961584638 -0.128975486
-0.249286660 0.959032637 -0.134582923
-0.224277996 0.967627215 -0.115745204
-0.235338004 0.964053500 -0.123356687
-0.246352547 0.960293693 -0.130944437
-0.257319430 0.956348529 -0.138507045
-0.631408279 0.728192455 -0.266569566
-0.637629179 0.722258310 -0.267902898
-0.625140608 0.734075584 -0.265202295
-0.665660276 0.700191672 -0.258124038
-0.704288785 0.664319001 -0.250314945
-0.351918401 0.855415404 0.380023584
-0.395664689 0.836837658 0.378354580
-0.307378076 0.872073218 0.380797874
-0.376722852 0.847386820 0.374186411
-0.444007220 0.818063471 0.365554026
0.607973611 0.781933905 0.137649760
0.598012357 0.786072237 0.156434200
0.619732939 0.769638136 0.153584584
0.668536800 0.730432663 0.139737867
0.650243028 0.749237941 0.125803466
0.644009778 0.758292358 0.101213169
0.624740315 0.775959814 0.087097109
0.637723051 0.762870176 0.106481946
0.631373682 0.767384042 0.111754217
0.611955213 0.784847494 0.097597281
-0.622841237 -0.384031589 0.681607315
-0.612175214 -0.376984676 0.695071263
-0.612614688 -0.381506138 0.692211175
-0.622000818 -0.375013952 0.687371456
-0.611718850 -0.372450564 0.697911618
-0.601298924 -0.369806030 0.708295916
-0.590745231 -0.367078617 0.718521649
-0.497756451 0.834463380 -0.236451649
-0.496890405 0.836150256 -0.232277151
-0.579692733 0.781823227 -0.229583922
-0.578901172 0.783619816 -0.225418315
-0.538538665 0.810851329 -0.229120554
-0.496016927 0.837823508 -0.228076692
-0.495131622 0.839474316 -0.223891824
0.677258734 0.726545044 0.115986668
0.653696627 0.747992948 0.114835838
0.665555110 0.737368663 0.115428989
0.681032711 0.718728040 0.140087301
0.684361483 0.710440572 0.164083989
-0.777818844 -0.417389211 0.469876678
-0.774494710 -0.412697665 0.479414832
-0.753159085 -0.412793746 0.512203784
-0.762201104 -0.410419425 0.500605007
-0.771075251 -0.407952161 0.488894663
-0.116482750 0.993178821 -0.005253358
-0.131795023 0.990935095 -0.026032869
-0.128158547 0.991627957 -0.015791833
0.607312280 0.699526526 0.376609127
0.570753550 0.709523681 0.413299566
0.589237527 0.704770828 0.395091403
0.597496880 0.701396662 0.388638909
0.587534288 0.703097047 0.400572093
0.565045579 0.737757859 0.369373571
0.575231162 0.737272144 0.354314684
0.554738334 0.749981035 0.360269106
-0.534004409 -0.333120644 0.777090682
-0.519632184 -0.328540091 0.788697535
-0.562163038 -0.341918958 0.753036616
-0.548183122 -0.337580735 0.765202269
-0.543241919 -0.337034635 0.768957653
-0.552389092 -0.340891770 0.760696452
-0.538279903 -0.336474812 0.772683277
-0.134200997 0.990325357 -0.035295612
-0.143738754 0.988449794 -0.048022663
-0.138700364 0.988936628 -0.052598051
-0.229832995 0.941012019 -0.248340845
-0.140625610 0.958556697 -0.247777108
-0.185422050 0.950784762 -0.248247858
-0.412237335 0.880178764 -0.235256717
-0.579328402 0.786645308 -0.213466067
-0.463149665 0.877161113 0.126809971
-0.392469377 0.908104962 0.145990293
-0.428154093 0.893322054 0.136600809
-0.586639860 0.802976341 0.105274264
-0.697676182 0.711767438 0.081455880
0.603411776 0.699018382 0.383754519
0.621831103 0.681098401 0.386563123
0.612579165 0.690063140 0.385434337
0.622017753 0.681203952 0.386076535
0.640021469 0.662828717 0.388626571
0.630979109 0.672019790 0.387627097
0.639834932 0.662723286 0.389113229
0.657411228 0.643905323 0.391403133
0.648583924 0.653316109 0.390534193
0.571994393 0.728228715 0.377498811
0.545940162 0.750447075 0.372529902
0.597363744 0.705138471 0.382016092
0.587841049 0.713791170 0.380716518
0.578220348 0.722324672 0.379352472
-0.824279570 0.534954966 0.185435634
-0.847700929 0.499982994 0.177257272
-0.799342735 0.568943285 0.193273717
-0.807042809 0.558577739 0.191501474
-0.814605894 0.548117867 0.189694601
-0.202899712 0.979036410 0.017872166
-0.199909394 0.979768241 0.009509399
-0.208828440 0.977340038 0.034599605
-0.205873100 0.978226845 0.026239401
-0.187012947 0.982073727 0.023608291
-0.171073630 0.984821396 0.029336524
-0.168084737 0.985549538 0.020967332
-0.741642411 -0.575422836 0.344753672
-0.749956066 -0.558103339 0.355086696
-0.745843284 -0.566792900 0.349948002
-0.761804777 -0.554910864 0.334256510
-0.781250079 -0.533880095 0.323450705
-0.503940756 0.803298229 -0.317420337
-0.512739777 0.796767480 -0.319780398
-0.466092001 0.828040401 -0.311620507
0.618938899 0.740543536 0.261743978
0.597881070 0.762052897 0.248623426
0.608490134 0.751403948 0.255209453
0.597218567 0.754052448 0.273376826
0.575032382 0.766965425 0.284783770
-0.766732865 -0.424190684 0.481853688
-0.743842380 -0.437390604 0.505359252
-0.755403464 -0.430862892 0.493682868
-0.754345246 -0.421860658 0.502987907
-0.741500192 -0.419281686 0.523813262
0.549068318 0.776646662 0.308778149
0.508762475 0.805467435 0.303945644
0.578881443 0.752883646 0.313149309
-0.358728770 0.906954173 -0.220789034
-0.366566660 0.902774475 -0.225004738
-0.345138338 0.912435805 -0.219864571
-0.715277697 -0.658055932 0.235244991
-0.718365434 -0.657237625 0.228012732
-0.668629133 -0.701071032 0.247859822
-0.971152627 0.096760331 0.217944979
-0.922508154 -0.259487118 0.285736139
-0.914007210 0.355544522 0.195394251
-0.091648692 0.984924306 0.146712744
-0.085999730 0.987122049 0.134885533
-0.102903309 0.980006308 0.170289595
-0.097283430 0.982551708 0.158518374
-0.109537892 0.982155554 0.152878766
-0.127382753 0.979027838 0.158990967
-0.121768124 0.981580734 0.147213403
0.051034876 0.988136344 0.144851672
0.098615481 0.982343280 0.158986373
0.192156991 0.967927014 0.161842472
0.169113130 0.971290792 0.167316908
0.145955295 0.974091484 0.172750784
-0.991860345 0.119990202 -0.042607610
-0.998170617 -0.059649442 0.009867270
-0.868402516 0.476499996 -0.137203589
-0.990816447 0.129187704 -0.039916241
-0.969484417 -0.236975550 0.062789755
0.386846282 0.905703483 0.173352688
0.362286970 0.917708473 0.162970271
0.434983965 0.879375130 0.193619034
0.411096909 0.892918218 0.183565760
0.390827162 0.906708078 0.158538926
0.394705788 0.907498916 0.143711723
0.370067842 0.919385573 0.133341521
-0.355444117 0.929783710 0.095716941
-0.402143487 0.909562264 0.104771676
-0.323155944 0.940700579 0.103211707
-0.386351627 0.915927209 0.108672762
-0.447763023 0.886907348 0.113594154
0.537936222 0.756372607 0.372189603
0.490840316 0.793038523 0.360784818
0.514625867 0.775063397 0.366656443
0.540857433 0.754143962 0.372478352
0.543771033 0.751904938 0.372762697
-0.031370071 0.999420140 0.013240190
-0.042526054 0.999040017 0.010515709
-0.035909929 0.999330045 0.007066668
-0.044794883 0.998968590 0.007427981
-0.053676442 0.998527999 0.007789337
0.132692310 0.970668013 0.200490300
0.115770963 0.973514132 0.197147962
0.109550026 0.977816867 0.178530017
-0.270170664 0.923299033 -0.272995803
-0.293283289 0.913886097 -0.280708238
-0.281751071 0.918670937 -0.276875504
-0.259336424 0.927740883 -0.268405425
-0.248461049 0.932035933 -0.263772869
-0.027914859 0.999110084 0.031619625
-0.021120642 0.999217003 0.033455936
-0.020206771 0.999115028 0.036889660
-0.013411275 0.999159945 0.038723926
-0.017266167 0.999199361 0.036090398
-0.014325362 0.999274414 0.035290654
-0.007529429 0.999282312 0.037123706
-0.661501643 -0.413412731 0.625703996
-0.675792931 -0.422429246 0.604034309
-0.631433808 -0.394446247 0.667610293
-0.646710527 -0.404083939 0.646901588
-0.648040438 -0.401345886 0.647275113
-0.634063494 -0.388965003 0.668333534
-0.649361843 -0.398607938 0.647642578
-0.004775415 0.925053663 0.379806419
-0.016985397 0.943729286 0.330282501
-0.010873992 0.934745121 0.355152524
-0.036878679 0.929521336 0.366919677
-0.068896634 0.932864017 0.353578816
0.190167068 0.963385716 0.189009123
0.191203475 0.965756434 0.175373150
0.120919363 0.978447458 0.167389008
-0.352493373 0.876335293 0.328306072
-0.282421425 0.894360796 0.346924927
-0.317672067 0.885952088 0.337895480
-0.292199119 0.899059529 0.326054654
-0.230698369 0.918026894 0.322497883
-0.767766734 0.145234274 0.624052280
-0.704125653 -0.123623898 0.699231147
-0.843694934 0.386886436 0.372152850
-0.839287618 -0.244721667 0.485497271
-0.475360280 -0.755236138 0.451277054
-0.002068981 0.988935030 -0.148334845
-0.101551249 0.985654088 -0.134808617
-0.051877388 0.988541556 -0.141754464
-0.017267895 0.989817108 -0.141293707
-0.032465240 0.990417168 -0.134238001
-0.906757058 -0.386033520 0.169616504
-0.899295581 -0.398399333 0.180403518
-0.909542046 -0.379247382 0.170013795
-0.885465830 -0.423980502 0.190238789
-0.888527513 -0.417320286 0.190689896
-0.891541630 -0.410635655 0.191133152
-0.894507541 -0.403930808 0.191562420
-0.177813456 0.980791750 -0.080186772
-0.176771980 0.980705251 -0.083479803
-0.162642108 0.983623444 -0.077668951
-0.204144428 0.975167148 -0.085872501
-0.210632400 0.973087964 -0.093454835
-0.224382726 0.969480798 -0.098789547
-0.220742571 0.970201464 -0.099909143
-0.217098558 0.970907624 -0.101027723
0.643155057 0.423590800 -0.637904700
0.660074187 0.418905892 -0.623554265
0.652539295 0.435601453 -0.620035356
0.669223798 0.430771425 -0.605454778
0.664694232 0.424871906 -0.614544906
0.676655624 0.414009984 -0.608878395
0.692886218 0.408904689 -0.593890262
-0.339277151 0.936077973 0.093000236
-0.341408056 0.934987539 0.096118894
-0.311492874 0.946793652 0.080956588
-0.327575435 0.940517821 0.090114167
-0.343533091 0.933882754 0.099237179
-0.641358607 -0.374913076 0.669402213
-0.634807357 -0.370703430 0.677937008
-0.614796940 -0.366159832 0.698535396
-0.679325583 -0.382807237 0.626079366
-0.673206237 -0.378836706 0.635040244
-0.654283835 -0.374927744 0.656766207
-0.628174070 -0.366438392 0.686381994
-0.621455199 -0.362128751 0.694734628
-0.601038111 -0.357355738 0.714877658
-0.639616245 -0.372922172 0.672175656
-0.622647829 -0.365650044 0.691816252
-0.645800635 -0.375201844 0.664954973
-0.592026419 -0.353063286 0.724466035
-0.598655260 -0.355604895 0.717744411
-0.605227095 -0.358112093 0.710954213
-0.611740792 -0.360585638 0.704096017
-0.304354336 -0.917291532 0.256796968
-0.297291215 -0.920342180 0.254142098
-0.287819796 -0.924669187 0.249292316
-0.323120477 -0.908103752 0.266347017
-0.306723234 -0.915893693 0.258958686
-0.290208229 -0.923331822 0.251470733
-0.273581853 -0.930415282 0.243885985
-0.307044380 0.933080113 -0.187310572
-0.304769750 0.932987901 -0.191439221
-0.296985194 0.937861291 -0.179488145
0.431905077 0.751809979 0.498236650
0.466040926 0.740223444 0.484639152
0.446588434 0.744404466 0.496407859
-0.505461131 0.830878072 -0.232702977
-0.593634538 0.773424789 -0.222288397
-0.411634763 0.879041342 -0.240506009
-0.382252913 0.891347443 -0.243685140
-0.352480721 0.902747701 -0.246584528
0.657559508 0.741570761 -0.132997371
0.641614896 0.741996129 -0.194350378
0.649917025 0.742150443 -0.163769902
0.639858224 0.755071747 -0.142996885
0.621805424 0.768097509 -0.152919038
0.647005257 0.725552395 -0.234431056
0.633339860 0.736922240 -0.236275756
0.637226865 0.739575689 -0.216724995
0.638529678 0.719449880 -0.273261267
0.624776617 0.730737916 -0.275093216
0.629184984 0.733976921 -0.255742321
0.619460399 0.748062830 -0.238056331
0.605393736 0.758955037 -0.239761707
0.609371536 0.761686521 -0.220227098
-0.204647396 0.978835284 0.000964418
-0.204274380 0.978903289 -0.004508782
-0.182388299 0.983215549 -0.004657534
-0.182007020 0.983245030 -0.010131870
-0.193153563 0.981141227 -0.007320803
-0.203894895 0.978941882 -0.009983186
-0.203508938 0.978951085 -0.015455904
-0.369798753 -0.889429664 0.268633125
-0.337110470 -0.902351228 0.268549422
-0.380034036 -0.886053133 0.265488187
-0.677732473 -0.652876756 0.338275975
-0.674700993 -0.651119776 0.347594027
-0.680696808 -0.654570164 0.328922112
-0.672002422 -0.661758259 0.332398482
-0.663215870 -0.668852585 0.335828720
-0.633469164 0.717883711 0.288720964
-0.669211511 0.688038782 0.280639606
-0.649919852 0.701130333 0.293292417
0.792957751 0.458998025 -0.400672957
0.799055406 0.447092588 -0.402018253
0.786711721 0.470830710 -0.399253192
0.795596692 0.471444790 -0.380480898
0.804135433 0.471854721 -0.361551278
0.830991015 0.483320763 -0.275417815
0.849578508 0.469483734 -0.240419179
0.868608642 0.475160107 -0.140505873
0.882446524 0.458678620 -0.104412911
0.868138407 0.465261696 -0.172821469
0.866702622 0.454763235 -0.204980402
0.882238307 0.439365272 -0.169155928
0.899492789 0.418866886 0.124351337
0.912246190 0.402440895 0.076473619
0.866676715 0.448248461 0.218962988
0.884289361 0.434149434 0.171891230
0.896721388 0.421653391 0.134533159
0.893842080 0.424392393 0.144697730
0.907622217 0.408440587 0.096944305
0.577551110 0.396535741 -0.713578392
0.569673078 0.390915371 -0.722950729
0.585324721 0.402083595 -0.704076525
0.569096458 0.389430395 -0.724205212
0.552396447 0.376454763 -0.743733808
0.610384267 0.321527661 -0.723913676
0.632037064 0.322665929 -0.704567845
0.682379411 0.309048332 -0.662455634
0.667899572 0.316349143 -0.673671568
0.653156801 0.323539773 -0.684622676
-0.860152518 0.479039418 -0.175096776
-0.857774236 0.481296378 -0.180491432
-0.886714330 0.431071363 -0.167078355
-0.871483817 0.457534442 -0.176573471
-0.855361677 0.483531126 -0.185887204
-0.791050736 0.569393772 -0.223672676
-0.744620375 0.619661792 -0.248112395
-0.768342641 0.594918452 -0.236054276
-0.765449089 0.599586192 -0.233632383
-0.738572515 0.628775064 -0.243212991
-0.691083382 0.136182946 -0.709829532
-0.688076536 0.337669950 -0.642284738
-0.921125886 0.198498296 -0.334851501
0.040161122 0.297496062 -0.953877968
0.114009042 0.556656787 -0.822882227
-0.297594843 0.493818400 -0.817056116
-0.613556989 0.602312340 -0.510654156
-0.515365061 0.756506258 -0.402612885
-0.826331382 0.537142124 -0.169277243
-0.169621110 0.741288238 -0.649400051
0.465389270 0.315839163 -0.826836411
0.156107216 0.568284247 -0.807888328
0.207354277 0.590771126 -0.779739496
0.537635122 0.323676333 -0.778576975
-0.469235927 -0.318881910 0.823487688
-0.340003461 -0.223854745 0.913392960
-0.406339060 -0.272525075 0.872134538
-0.439848998 -0.296278970 0.847792210
-0.409590420 -0.273103893 0.870430900
-0.747185058 -0.578028711 0.328020272
-0.735769434 -0.590327002 0.331899640
-0.704388550 -0.615659638 0.353270409
-0.804123145 -0.522900486 0.282773850
-0.793867576 -0.536054306 0.287088927
-0.765616381 -0.563779399 0.309813407
-0.724134392 -0.602465020 0.335656495
-0.712286471 -0.614412469 0.339330668
-0.679841055 -0.638798218 0.360212406
-0.339326733 0.916445841 -0.212095235
-0.342955566 0.916310426 -0.206776892
-0.329371124 0.922752440 -0.200106462
-0.344577962 0.909688094 -0.231805091
-0.330824754 0.914885922 -0.231384380
-0.357297057 0.904030438 -0.234665252
0.672951782 0.588191273 -0.448516361
0.670384617 0.610783052 -0.421341344
0.675539816 0.540822197 -0.501155972
0.674684991 0.564848446 -0.475127767
0.667143536 0.557616558 -0.493946634
0.659332833 0.525337943 -0.537866397
0.659313632 0.550113339 -0.512523998
0.500966919 0.847740708 0.174263701
0.495875253 0.854172760 0.156513992
0.512878824 0.849323499 0.124919596
0.507372179 0.855052560 0.107044815
0.501790005 0.854886146 0.131819835
0.490591135 0.860280940 0.138697668
0.485131148 0.866052921 0.120830908
0.500001625 0.861395558 0.089420737
0.488931924 0.866986924 0.096328851
0.462439168 0.884049517 0.067870964
0.451171287 0.889301476 0.074748610
0.470190472 0.878407808 0.085560760
0.477754535 0.872407946 0.103222967
0.466486835 0.877651177 0.110083804
-0.395934288 -0.192554484 0.897863470
-0.397776341 -0.189254441 0.897750934
-0.420464816 -0.185332016 0.888178688
-0.410065779 -0.185653662 0.892960679
-0.399612754 -0.185950837 0.897625720
-0.567709282 -0.389018046 0.725514390
-0.555318876 -0.380288241 0.739595700
-0.543458711 -0.368595856 0.754181493
0.801630463 0.234112469 -0.550072679
0.816247632 0.230647660 -0.529661647
0.809004095 0.232398799 -0.539910338
0.803320609 0.230155008 -0.549276497
0.804995239 0.226194319 -0.548469502
0.767757856 0.257527171 -0.586709153
0.722393281 0.274877747 -0.634499939
0.745507003 0.266356374 -0.610961203
0.764266334 0.266163624 -0.587412883
0.760708909 0.274759919 -0.588072226
-0.422426606 -0.227790192 0.877306896
-0.398120519 -0.224357341 0.889473910
-0.470079408 -0.234112210 0.851009297
-0.446422765 -0.231036450 0.864481853
-0.417712905 -0.218429743 0.881932183
-0.412941713 -0.209053353 0.886439979
-0.388462487 -0.205554481 0.898245096
-0.054197773 0.380521963 0.923182342
0.183894100 -0.049489524 0.981699418
-0.628241451 0.775970607 -0.056411847
0.563884615 0.825174216 0.033491114
0.933900554 0.356588253 -0.025972560
0.627486015 0.382498350 -0.678200791
0.610811215 0.362070558 -0.704141016
0.619260496 0.372335512 -0.691290608
0.597769112 0.372145354 -0.710056282
0.566861331 0.361037685 -0.740486341
-0.440559322 -0.294267172 0.848123998
-0.438502408 -0.293580825 0.849426829
-0.410352154 -0.280101040 0.867844754
-0.423457599 -0.286537623 0.859406686
-0.436442611 -0.292892743 0.850724214
-0.580941581 0.745022540 -0.327793065
-0.552167486 0.768129129 -0.324173887
-0.609969394 0.722703431 -0.325018599
-0.567170380 0.757600478 -0.323046864
-0.522637152 0.790182527 -0.320096829
-0.297353219 0.933510451 -0.200347949
-0.282958743 0.941271439 -0.184234711
-0.272264249 0.946409444 -0.173727786
-0.270341228 0.947479045 -0.170877380
-0.268415064 0.948536320 -0.168024414
0.635746873 0.460900841 -0.619190058
0.643344782 0.469863498 -0.604430132
0.641821680 0.463039067 -0.611277149
0.638832622 0.474576657 -0.605532722
0.646206278 0.483377128 -0.590562443
0.644805638 0.476644016 -0.597525038
0.650713086 0.478660012 -0.589454894
0.657848879 0.487286829 -0.574270318
0.656551897 0.480626857 -0.581323860
0.622969432 0.440669205 -0.646312416
0.628261728 0.449137166 -0.635266091
0.617538765 0.432103583 -0.657215617
0.616917770 0.435667739 -0.655443427
0.616287551 0.439224045 -0.653660380
-0.238598057 0.964906149 -0.109668090
-0.249738965 0.960429836 -0.123308476
-0.244178660 0.962707720 -0.116493036
-0.248070409 0.961000398 -0.122226462
-0.257477671 0.956842186 -0.134752660
-0.334782783 -0.207507269 0.919163327
-0.336686791 -0.202033432 0.919687174
-0.335736220 -0.204771208 0.919429140
-0.336047636 -0.209538931 0.918240395
-0.337310247 -0.211569205 0.917311435
-0.325255223 -0.212124089 0.921527216
-0.324997874 -0.209132997 0.922301345
-0.325509444 -0.215113150 0.920744229
-0.324435268 -0.215036661 0.921141135
-0.323360685 -0.214959885 0.921536823
0.292478020 0.816239056 0.498207198
0.269215845 0.840042423 0.471011206
0.282600936 0.824427290 0.490363493
-0.050437368 0.998657733 -0.011781485
-0.054501170 0.998502142 0.004805614
-0.046364306 0.998521393 -0.028379199
-0.067980453 0.997487401 -0.019938485
-0.089549189 0.995916187 -0.011484384
-0.682163567 -0.473419107 0.557249690
-0.685674413 -0.480763461 0.546550175
-0.679683356 -0.480724459 0.554016723
0.385870976 0.821782554 0.419257704
0.374450076 0.824755638 0.423751435
0.397242590 0.818680871 0.414680547
0.374389792 0.836360663 0.400416189
0.351149996 0.853168213 0.385743023
-0.038832938 0.999065058 0.019000356
-0.047895824 0.998680845 0.018508395
-0.039500266 0.998973689 0.022165242
-0.373014515 0.908659170 0.187613124
-0.390668436 0.900678675 0.190147566
-0.398979407 0.898346126 0.183819668
-0.416424571 0.889887934 0.186252630
-0.403586887 0.895372454 0.188217409
-0.408173870 0.892354193 0.192608636
-0.425523367 0.883689504 0.194994165
-0.666836446 0.727121090 -0.163168857
-0.471100510 0.862287627 -0.185807313
-0.744514727 0.659569447 -0.103276165
-0.619026675 -0.375719201 0.689667353
-0.625939804 -0.374821076 0.683892187
-0.642139751 -0.385237349 0.662758422
-0.584836671 -0.353807121 0.729922318
-0.609232357 -0.364089942 0.704467493
-0.632805891 -0.373883814 0.678061648
-0.655522002 -0.383179634 0.650741325
0.683938771 0.693159939 0.227501774
0.705435512 0.676921150 0.210091634
0.694850305 0.686046251 0.215693289
0.007199447 0.749657027 0.661787360
-0.516402986 0.717015042 0.468206562
-0.299541714 0.105311574 0.948253254
-0.665516844 0.083946355 0.741647045
-0.964522018 0.234592951 0.121092629
-0.372225984 -0.253533768 0.892842901
-0.366813313 -0.251182013 0.895743038
-0.379406202 -0.258674773 0.888334563
-0.346823251 -0.238400061 0.907126807
-0.341333918 -0.235995912 0.909833548
-0.354121387 -0.243621731 0.902910015
-0.361384640 -0.248819596 0.898604446
-0.355940552 -0.246446076 0.901427010
-0.368612576 -0.253992655 0.894210546
-0.623763559 -0.406752636 0.667436376
-0.608500965 -0.399328227 0.685757642
-0.601322611 -0.390550943 0.697051705
-0.623190594 -0.427019388 0.655200676
-0.608594746 -0.412799898 0.677649378
-0.637212785 -0.440847971 0.632149455
-0.630997741 -0.438906244 0.639689893
-0.624723552 -0.436916654 0.647166378
0.781878937 0.418973667 -0.461656142
0.780318469 0.395329155 -0.484580174
0.781209546 0.407196686 -0.473183373
0.767319824 0.414680433 -0.489142541
0.752011867 0.409971963 -0.516140621
0.776702663 -0.044238437 0.628311972
0.507013598 -0.100585433 0.856048937
0.509453586 -0.094806961 0.855259425
0.773237493 -0.055283689 0.631702061
0.504658061 -0.108080514 0.856527200
0.172638523 -0.145691803 0.974150830
-0.181022074 -0.165035137 0.969533090
-0.182159142 -0.071960432 0.980632318
0.179613861 -0.045640608 0.982677870
-0.186543340 -0.196068900 0.962683005
0.523066305 0.204136223 0.827484165
0.523449319 0.110898839 0.844809006
0.523662798 -0.014714460 0.851798543
0.508132566 -0.107480157 0.854546260
-0.367043794 -0.247854215 0.896575229
-0.368061509 -0.249873030 0.895597116
-0.365001894 -0.243811828 0.898515114
-0.366024008 -0.245833670 0.897547900
-0.374333762 -0.251601237 0.892508293
-0.381592340 -0.255327224 0.888366644
-0.382595659 -0.257336702 0.887354711
-0.376367230 -0.257923263 0.889844536
-0.384837059 -0.261737367 0.885095469
-0.367856399 -0.254081075 0.894496773
-0.368338839 -0.252714668 0.894685306
-0.368820353 -0.251348003 0.894871906
-0.246403478 0.958689864 0.142123432
-0.198952693 0.970718607 0.134622481
-0.170392955 0.973437180 0.152925788
-0.793380329 0.582085364 0.178113119
-0.757949360 0.623639369 0.191276513
-0.856631026 0.493579711 0.150207703
-0.826310810 0.538682843 0.164411800
-0.805842823 0.564270439 0.179488763
-0.817923143 0.546200597 0.180739150
-0.784326722 0.589136787 0.194292151
0.825940354 0.248898472 -0.505838000
0.828740621 0.243200957 -0.504026068
0.821109282 0.248298211 -0.513933405
-0.837645827 -0.481245018 0.258365439
-0.601437799 -0.751317268 0.271652234
-0.595752894 -0.756812680 0.268910872
-0.691532721 -0.415169119 0.591115131
-0.679971763 -0.404766862 0.611393645
-0.654826302 -0.396313656 0.643535547
-0.661421901 -0.395224838 0.637431091
-0.667967188 -0.394098058 0.631273758
-0.638487971 -0.369440316 0.675164397
-0.664193269 -0.377694142 0.645131333
-0.655056238 -0.376485109 0.655103265
-0.543067178 -0.773751558 0.326169537
-0.547584497 -0.770842980 0.325503179
-0.538533771 -0.776637205 0.326827216
-0.559977635 -0.761404715 0.326631152
-0.581034062 -0.745645469 0.326208910
-0.507946473 -0.798571344 0.322915142
-0.483667374 -0.813738377 0.322328598
-0.461711773 -0.828014552 0.318141699
-0.436689656 -0.841891524 0.317050163
-0.460353031 -0.828128779 0.319809025
-0.458991599 -0.828238384 0.321477669
-0.433940206 -0.842060004 0.320360494
0.290461113 0.951854845 0.098003547
0.255350122 0.957029535 0.137443749
0.272992720 0.954778580 0.117783011
0.266522980 0.959995207 0.085876091
0.242402325 0.967371957 0.073706236
0.231751633 0.966488851 0.110410516
0.191082038 0.972148929 0.135698617
0.026149080 0.988800242 0.146936402
-0.015622141 0.985141151 0.171034679
0.088174108 0.984106119 0.154144326
0.149940310 0.975515112 0.160898012
0.108390228 0.976677309 0.185345604
-0.165135794 0.985716423 -0.033065120
-0.159619032 0.986441924 -0.038132605
-0.155414722 0.987528989 -0.025154706
-0.615892482 0.717802813 0.324708443
-0.637284646 0.702314498 0.317210694
-0.635202322 0.705494336 0.314317916
-0.646773890 0.695976603 0.311929644
-0.658196615 0.686297394 0.309472298
-0.709681481 -0.530174061 0.463969461
-0.716585398 -0.514338179 0.471128014
-0.702441378 -0.513540115 0.492800833
-0.736423322 -0.530642059 0.419642342
-0.730270427 -0.514768106 0.449131273
-0.723260145 -0.498299106 0.478113756
-0.715400240 -0.481273651 0.506535457
0.266775382 0.940144084 -0.212037723
0.391103955 0.912097264 -0.122948272
0.329917845 0.928954926 -0.167919509
0.323009965 0.926220871 -0.194369394
0.377949475 0.908980294 -0.175809612
-0.210084041 0.976262884 -0.052682794
-0.207178378 0.977662795 -0.035391788
-0.208639114 0.977000659 -0.044038984
-0.210695336 0.976574517 -0.043699982
-0.211289214 0.976806956 -0.034713681
0.785862144 0.592905127 -0.175739011
0.774579701 0.631939749 -0.026046876
0.782461420 0.614425769 -0.101168675
0.801718623 0.589772765 -0.097032651
0.812185887 0.583127343 -0.017792903
0.466643539 0.853001268 0.233736270
0.453583776 0.857979886 0.241106352
0.455050929 0.860255271 0.229977218
0.447761218 0.861561119 0.239211892
0.440409569 0.862745223 0.248415161
0.453466981 0.885711425 0.099413119
0.459997874 0.881719225 0.104752867
0.452354991 0.887575805 0.087087042
-0.871898068 0.461631445 -0.163371256
-0.852298427 0.494094029 -0.171634736
-0.861041969 0.480515515 -0.166467918
-0.854796423 0.489003674 -0.173777107
-0.834078500 0.520821178 -0.181819573
-0.843309602 0.507529892 -0.176754983
-0.831414782 0.525811796 -0.179642467
-0.809278846 0.556736795 -0.187381669
-0.819117556 0.543838424 -0.182445056
0.239307791 0.970909571 0.008147769
0.268290900 0.962689589 0.035337618
0.194099924 0.980975024 0.003636125
0.245890046 0.968730311 0.033161255
0.296799365 0.952890443 0.062529516
0.649301648 0.752715509 0.108750779
0.650772275 0.751147922 0.110780172
0.632592118 0.769929952 0.083875390
0.683038527 0.712170491 0.162085050
0.668036885 0.731308782 0.137528852
0.652237402 0.749573639 0.112808380
0.635658729 0.766943399 0.087953413
-0.535304473 0.786003240 -0.309270153
-0.504484173 0.802709678 -0.318045424
-0.519977847 0.794483286 -0.313718581
-0.492040270 0.813037830 -0.311232807
-0.447493971 0.837950545 -0.312390828
-0.768854566 0.586777355 -0.254076745
-0.764789035 0.589933272 -0.258991247
-0.736466166 0.620670187 -0.269046660
-0.820794328 0.521796569 -0.232432812
-0.817144221 0.525236438 -0.237491066
-0.791698510 0.558099790 -0.248471517
-0.760684750 0.593052972 -0.263906960
-0.756542589 0.596147425 -0.268796501
-0.727829464 0.626574718 -0.278690499
0.080478018 0.992067276 0.096570230
0.066184870 0.994815080 0.077217348
0.094723021 0.988737749 0.115867219
0.072901356 0.993496134 0.087468986
0.050985182 0.996957717 0.058956100
0.783956185 0.617526270 0.063827935
0.798971337 0.600927938 0.023030762
0.780050754 0.625431339 0.018880170
-0.669031338 -0.595689163 0.444467648
-0.697035274 0.075307983 0.713071198
-0.699557115 -0.578083427 0.420046896
-0.859074656 0.115054364 0.498751671
-0.474183812 0.742636576 0.472906574
0.552929497 0.829261874 0.081201700
0.596153352 0.798621608 0.082490651
0.574751558 0.814221085 0.081882054
0.564851202 0.822902433 0.061438639
0.576447895 0.816070800 0.041668623
-0.299048553 0.940835807 0.159367334
-0.322100460 0.934488945 0.151597184
-0.252379827 0.951738476 0.174637613
-0.275801816 0.946578741 0.167098911
-0.218505023 0.961967790 0.163931466
-0.136448738 0.976404346 0.167380689
-0.160443827 0.973956026 0.160210605
-0.018877941 0.984505282 0.174335807
-0.022135430 0.983842325 0.177663454
0.043220925 0.982367524 0.181895572
0.316606045 0.918686839 0.236167532
0.254983139 0.942391758 0.216521068
0.376721226 0.890620280 0.254708921
0.317338427 0.917891871 0.238266313
0.256520645 0.940997966 0.220726047
-0.651268065 -0.377231493 0.658442334
-0.670245599 -0.381174248 0.636770783
-0.706854211 -0.388511348 0.591114250
-0.697833399 -0.386696382 0.602905014
-0.688656601 -0.384794634 0.614560962
-0.582214640 -0.354333009 0.731761048
-0.565416046 -0.348110109 0.747745977
-0.598678160 -0.360350798 0.715354292
-0.591674788 -0.355872275 0.723378096
-0.584591544 -0.351348146 0.731305139
0.031528471 0.981152004 0.190648107
0.098482635 0.970756199 0.218937370
0.065049945 0.976610884 0.204938248
0.010738393 0.981283465 0.192269205
-0.010045599 0.980993012 0.193782858
-0.361575996 0.895269045 0.260300088
-0.381095961 0.889779838 0.251112938
-0.363039807 0.900161333 0.240648443
-0.382491503 0.894512347 0.231404214
-0.381812010 0.892193830 0.241266987
-0.400428095 0.883851464 0.241793155
-0.419557918 0.877486711 0.232353664
-0.292272884 0.911295962 0.290027983
-0.286969267 0.914250408 0.285997956
-0.297559887 0.908292397 0.294045976
-0.274234190 0.917392215 0.288421798
-0.250728546 0.925887975 0.282606890
0.617217119 0.681046811 -0.393977498
0.602024572 0.714123509 -0.357203065
0.609824162 0.697819102 -0.375716638
0.609488907 0.700260631 -0.371696544
0.601195381 0.718827063 -0.349072725
-0.348773013 0.933830588 0.079484699
-0.332654948 0.939367332 0.083244828
-0.302677833 0.951537423 0.054430335
-0.309601107 0.948233489 0.070713545
-0.316425949 0.944620747 0.086984264
-0.247911821 0.968049160 0.037690223
-0.233617866 0.971784779 0.032512096
-0.230634135 0.972271045 0.038689941
-0.038283746 0.953025124 0.300462090
-0.120722523 0.940253090 0.318355460
-0.149502795 0.939676457 0.307663893
-0.176002925 0.930624433 0.320875574
-0.202304329 0.920645421 0.333893647
0.094138356 0.928680544 0.358734466
0.138297327 0.913745911 0.382023899
0.166276915 0.931573671 0.323299372
0.174476958 0.914886715 0.364060558
0.182232640 0.896315478 0.404239816
-0.798710786 -0.399497477 0.449958716
-0.806374754 -0.398604013 0.436891974
-0.812269411 -0.398659022 0.425780915
-0.825698884 -0.408150814 0.389402448
-0.832581188 -0.413757203 0.368257441
-0.834989032 -0.412356477 0.364356216
-0.794603847 0.575418602 -0.193644412
-0.834137847 0.520432138 -0.182659362
-0.704520060 0.677025545 -0.212809533
-0.751330353 0.627699994 -0.203704243
-0.813377397 0.550625945 -0.187691982
-0.831334894 0.525278942 -0.181560807
-0.867252138 0.468017654 -0.169803432
-0.773064745 0.603883204 -0.194154517
-0.785396117 0.589021150 -0.190281433
-0.747564494 0.633499993 -0.199562235
-0.842264661 0.510192698 -0.174050715
-0.820482415 0.542484034 -0.180332139
-0.797423009 0.573931377 -0.186331207
-0.773122034 0.604484052 -0.192045183
-0.188786700 0.981995279 0.006697285
-0.172868567 0.984866501 0.012427112
-0.177636365 0.984088534 0.003883189
0.274838962 0.949963195 -0.148436764
0.386581685 0.918278597 -0.085551265
0.158188834 0.965134380 -0.208547169
0.236174254 0.958650848 -0.158777433
0.312263677 0.943845269 -0.107923607
-0.658390378 0.721620013 -0.213978194
-0.698802353 0.684621512 -0.207288826
-0.709914958 0.673162074 -0.207059352
-0.723640282 0.659476574 -0.203556849
-0.737085193 0.645536581 -0.199969853
-0.616035788 0.755373895 -0.223405879
-0.627226381 0.745771817 -0.224524973
-0.588975749 0.775178843 -0.228484852
-0.257937741 0.956798425 -0.134182320
-0.251834718 0.959461734 -0.126540329
-0.262960384 0.954575129 -0.140136219
0.886070074 0.372668841 -0.275676909
0.877615383 0.364598985 -0.311221494
0.881999225 0.368692980 -0.293501028
0.873833533 0.371118392 -0.314143430
0.860173387 0.368957458 -0.352096775
0.670622613 0.474938630 -0.569823314
0.653236647 0.462012971 -0.599854897
0.662043140 0.468555585 -0.584939778
0.665461152 0.477592392 -0.573643585
0.660269676 0.480220215 -0.577436143
0.704255628 0.492073452 -0.511749673
0.698778126 0.494581489 -0.516815519
0.705254072 0.498940142 -0.503662018
0.690940105 0.483101694 -0.537786691
0.692137506 0.490108092 -0.529848782
0.693256135 0.497059848 -0.521850016
0.694297434 0.503953198 -0.513792027
0.467436570 0.864350610 0.185475272
0.460671233 0.867383806 0.188221538
0.438305170 0.887628648 0.141435361
0.431463310 0.890537577 0.144160450
0.446252684 0.879327359 0.166258647
0.453867061 0.870367000 0.190960668
0.447043731 0.873292580 0.193680074
0.570996884 0.713596492 0.405884965
0.568926338 0.713589244 0.408794830
0.579303049 0.711990324 0.396834671
0.522499925 0.728649249 0.442791262
0.511433598 0.730639146 0.452329652
0.533109345 0.725118072 0.435887839
0.606607897 0.695857398 0.384459803
0.642884616 0.659402672 0.389727451
0.624955085 0.677856539 0.387223004
0.600594091 0.701602842 0.383458198
0.594538111 0.707299032 0.382429751
0.530138078 0.763240947 0.369346551
0.513373089 0.776435860 0.365507081
0.546653734 0.749687259 0.373013014
0.514111254 0.775711451 0.366007327
0.480651017 0.800350785 0.358347905
-0.439946810 0.850270031 -0.288942345
-0.407930346 0.866893564 -0.286510701
-0.471389915 0.832536213 -0.290989694
-0.442027351 0.850051490 -0.286398820
-0.412137406 0.866553582 -0.281474063
-0.798685158 -0.256877028 0.544165609
-0.919389469 0.138460885 -0.368173311
-0.589799097 0.709715938 0.385279525
-0.122019572 0.990549335 -0.062635767
-0.131904869 0.989468516 -0.059608404
-0.099542285 0.993811010 -0.049305264
-0.120687351 0.991277434 -0.052949147
-0.141776669 0.988280919 -0.056570313
-0.190798340 0.978957663 -0.072373245
-0.182778863 0.980914674 -0.066319605
-0.198797903 0.976898058 -0.078419247
-0.200892850 0.976212502 -0.081554970
-0.202985000 0.975512591 -0.084689286
-0.474028756 -0.309655467 0.824263448
-0.484438202 -0.313951873 0.816549967
-0.468671731 -0.307427883 0.828151499
-0.203554962 0.973134356 -0.107586725
-0.193753367 0.972595029 -0.128524480
-0.198665595 0.972930048 -0.118063977
-0.207198864 0.970495129 -0.123320049
-0.210784875 0.967596707 -0.139019240
-0.155318947 0.980826087 -0.117712409
-0.139797751 0.983673492 -0.113327177
-0.186232365 0.974342835 -0.126386496
-0.170798510 0.977715576 -0.122066053
-0.170454994 0.977905428 -0.121020947
-0.185548530 0.974741650 -0.124299872
-0.170111126 0.978094027 -0.119976159
-0.299288089 0.951386961 0.072728888
-0.283862212 0.957123797 0.057760559
-0.293133945 0.953806710 0.065766643
-0.472487359 0.848642421 -0.237827113
-0.588677420 0.775046889 -0.229698096
-0.531845875 0.813777932 -0.234319104
-0.486787216 0.840688682 -0.237235633
-0.500956672 0.832509870 -0.236579224
-0.820598000 -0.532311214 0.207999263
-0.846125805 -0.495512822 0.196311400
-0.793310883 -0.567968834 0.219246997
-0.801023674 -0.556614174 0.220321889
-0.808585333 -0.545160213 0.221337079
-0.477772943 0.849685907 -0.223084905
-0.468808539 0.855584375 -0.219531163
-0.529368556 0.818261284 -0.224092399
-0.494996545 0.840529278 -0.220202076
-0.459785899 0.861374670 -0.215941207
-0.379938168 0.901542785 -0.207044913
-0.367323616 0.906199829 -0.209464155
-0.357542982 0.911381613 -0.203829759
0.469367108 0.826448009 0.310931192
0.482026155 0.813771887 0.324693860
0.459944772 0.825303281 0.327605405
0.477301017 0.813185901 0.333035176
0.494435691 0.800679133 0.338299088
-0.333290959 -0.902572836 0.272542495
-0.340244765 -0.896654842 0.283273004
-0.334988986 -0.901049494 0.275485371
-0.341085490 -0.895871177 0.284737640
-0.347131000 -0.890558845 0.293947295
0.284404651 0.886494084 0.365023607
0.294968323 0.881471561 0.368783914
0.289693866 0.883999610 0.366908918
0.264390878 0.900897436 0.344211089
0.244101418 0.914362601 0.323041069
-0.336295375 0.939035439 0.071539251
-0.346965980 0.934447983 0.080134736
-0.326581528 0.942357512 0.072847957
-0.380267484 0.893030700 -0.240609249
-0.383972598 0.890092640 -0.245560860
-0.361183703 0.900536359 -0.242034292
0.876906949 0.458645584 0.143799971
0.889448741 0.436314512 0.136053603
0.883259269 0.447514104 0.139943523
0.865611865 0.471503434 0.168524807
0.853534212 0.483937272 0.193090821
0.846663673 0.515040847 0.133766779
0.823550069 0.548028087 0.146391595
0.832136588 0.538742019 0.131551269
0.453134966 0.739625937 0.497616495
0.445052063 0.741842152 0.501596334
0.411113368 0.754201063 0.512022026
0.424065134 0.749173841 0.508829360
0.436930838 0.743994017 0.505533724
-0.731029941 -0.654045397 0.194473245
-0.683455144 -0.699180454 0.209846987
-0.627338206 -0.747293639 0.219086721
-0.630065394 -0.744232275 0.221666237
-0.632778383 -0.741143880 0.224270523
-0.512911887 -0.800058991 0.311170383
-0.490012147 -0.815145302 0.308911366
-0.535425498 -0.784357345 0.313214130
-0.562343852 -0.769332374 0.303145330
-0.588666533 -0.753494477 0.292776001
-0.692156059 -0.528867868 0.491140274
-0.689209382 -0.541682692 0.481217506
-0.694919303 -0.515905930 0.500927373
-0.696870862 -0.530291050 0.482868931
-0.698445287 -0.544392963 0.464554069
-0.173659576 0.958797531 -0.224832485
-0.286758547 0.935195451 -0.207795583
-0.230603341 0.948614050 -0.216687523
-0.197409642 0.955585007 -0.218830364
-0.221041007 0.951784691 -0.212712895
-0.683532622 -0.635295756 0.359419612
-0.686998694 -0.627969366 0.365632698
-0.683235513 -0.635745196 0.359189756
-0.841619014 -0.397858410 0.365220647
-0.844734769 -0.400460140 0.355042035
-0.834039960 -0.400082007 0.379883842
-0.861635398 -0.397969314 0.314968041
-0.864260651 -0.400343213 0.304596190
-0.854810783 -0.400547492 0.329939741
-0.847748331 -0.403015994 0.344820064
-0.850661575 -0.405519812 0.334557269
-0.840452217 -0.405369070 0.359605324
0.182881347 0.890865191 0.415828841
0.126564813 0.916734448 0.378918592
0.292451933 0.825402673 0.482889527
0.238275703 0.860364830 0.450551937
0.219327554 0.876004064 0.429548954
0.255341740 0.859602560 0.442587883
0.200099328 0.890709682 0.408162372
0.087523665 0.930559811 0.355525030
0.002511023 0.943158737 0.332333104
0.083679636 0.936730622 0.339902135
0.000610792 0.945964261 0.324270326
-0.082497648 0.948320583 0.306402040
0.776268996 0.604706865 0.178146156
0.753467467 0.630218478 0.187380484
0.748712902 0.635840907 0.187444209
0.739290586 0.645455230 0.191929611
0.729719494 0.654938860 0.196378588
-0.947420775 0.292896910 -0.128861455
-0.931731930 0.335542863 -0.138876197
-0.933654985 0.330668265 -0.137647619
-0.916180257 0.372676448 -0.147397426
-0.924151736 0.354184658 -0.143167026
-0.914025786 0.377462355 -0.148590153
-0.894340678 0.418564619 -0.157982313
0.153808565 0.962889744 0.221779771
0.259944875 0.934545426 0.243009276
0.207184931 0.950188678 0.232843038
0.313343731 0.917841184 0.243686822
0.464104180 0.847119511 0.258835555
0.041953574 0.996784194 -0.068272753
0.013791480 0.996901915 -0.077436206
0.021226474 0.994036663 -0.106960500
0.003422105 0.995299210 -0.096787249
-0.014391980 0.996143743 -0.086547759
0.669154899 0.504445863 -0.545679478
0.675423524 0.508734141 -0.533847016
0.678962543 0.533968445 -0.503872569
0.680326722 0.523496632 -0.512939399
0.681561312 0.512920393 -0.521906935
-0.411098770 -0.276076693 0.868780445
-0.420498994 -0.280128200 0.862965114
-0.419850292 -0.281101957 0.862964322
-0.383344093 -0.258804382 0.886604533
-0.384091166 -0.260271372 0.885851449
-0.376097953 -0.255086879 0.890775512
0.678278605 0.241295986 -0.694056468
0.854210221 0.310657911 -0.416913134
0.690667326 0.219382126 -0.689093700
0.861163305 0.295307449 -0.413752671
0.935183804 0.341824840 -0.092666232
0.613844336 0.417794227 -0.669808268
0.614852938 0.417825026 -0.668863299
0.618152879 0.415821670 -0.667067730
0.445004601 0.312734530 -0.839147198
0.479054694 0.329976994 -0.813401367
0.511833648 0.351079131 -0.784072548
0.511961093 0.348804499 -0.785003988
0.512089811 0.346519980 -0.785931249
0.480822975 0.331914380 -0.811567687
0.505349532 0.347219004 -0.789975198
0.471148101 0.323965026 -0.820406076
0.547096015 0.376951777 -0.747391001
0.538219681 0.369556119 -0.757461451
0.529219199 0.362070129 -0.767354065
0.520091037 0.354504023 -0.777066414
0.309749549 0.920573891 0.237905293
0.321533242 0.914003712 0.247413803
0.352466139 0.901500231 0.251127368
0.162863541 0.971446938 0.172529168
0.163650469 0.970924978 0.174708931
0.068892084 0.989555293 0.126626236
0.069312601 0.996150706 0.053661299
0.054747670 0.997095247 0.052950554
0.083863075 0.994993614 0.054357088
0.033284767 0.998218016 0.049526932
-0.017379865 0.998855098 0.044569414
0.920819351 0.386366842 -0.053031929
0.918782800 0.394751990 -0.003005401
0.919839586 0.389956264 -0.042769708
0.918011503 0.395667773 0.026493273
0.916251849 0.398912176 0.036764443
0.914379215 0.402117981 0.047029584
0.912400708 0.405268795 0.057290061
0.912245706 0.409642336 -0.000963041
0.903714205 0.426661698 -0.035502544
0.908161621 0.417415682 0.031727258
0.895320529 0.424467448 -0.135013099
0.895059201 0.433987962 -0.102583994
0.893749187 0.443071122 -0.070002645
0.891470701 0.451535362 -0.037360494
-0.540541286 0.791649842 -0.284790529
-0.451564259 0.843949377 -0.289549941
-0.496713760 0.818889686 -0.287567598
-0.484719930 0.827182535 -0.284280924
-0.426773785 0.859087359 -0.282547423
0.259842896 0.858957489 0.441218429
0.285306954 0.844931385 0.452427781
0.305811053 0.823069749 0.478576835
0.330656318 0.807293442 0.488818675
0.308162316 0.826606024 0.470912379
0.310498237 0.830083203 0.463198361
0.335375533 0.814426514 0.473532158
-0.294591586 -0.928098286 0.227704566
-0.297254792 -0.925560553 0.234472284
-0.330398336 -0.914313325 0.234239373
-0.032551731 0.925973164 0.376183578
-0.074242693 0.924621076 0.373582505
-0.095299574 0.920333282 0.379347651
0.623336780 0.697556740 -0.353363627
0.546563322 0.837263459 -0.016075898
0.624722919 0.703897278 -0.338008723
0.398806047 0.339033813 -0.852062093
0.627867914 0.503482659 -0.593537778
-0.196559051 -0.102009920 -0.975171019
0.109033745 0.127905541 -0.985774728
0.399954793 0.356926299 -0.844179946
0.403365965 0.371599535 -0.836187589
0.630242642 0.527011099 -0.570134646
-0.563199053 -0.793542781 0.230427171
-0.428464805 -0.867392838 0.253076225
-0.497331221 -0.832973111 0.242523097
-0.493786213 -0.836665129 0.236995016
-0.421055672 -0.874143555 0.242043729
-0.656185223 -0.723801950 0.213381560
-0.707957180 -0.677038956 0.201034534
-0.684102704 -0.699284375 0.207376114
-0.576572224 0.753212352 0.316600101
-0.553355215 0.769491496 0.318874338
-0.526063712 0.788461789 0.318723984
-0.418886141 -0.198640746 0.886045289
-0.431059035 -0.194982408 0.881005090
-0.487576939 -0.202786650 0.849203334
-0.465529592 -0.197104248 0.862804795
-0.443154013 -0.191278647 0.875800776
-0.375224392 -0.205385333 0.903893534
-0.361905591 -0.205179166 0.909354636
-0.380111450 -0.214825907 0.899647217
-0.352892027 -0.234199299 0.905879631
-0.366963269 -0.243900150 0.897691860
-0.370963705 -0.251001746 0.894082800
-0.375938856 -0.252262358 0.891646611
-0.380902600 -0.253513768 0.889181634
-0.860616096 0.445253701 -0.247162046
-0.581367964 0.591064403 -0.559154865
-0.694192117 0.127191330 -0.708462893
-0.252070625 0.952270041 0.172169013
-0.129576659 0.962955114 -0.236489616
0.024839622 0.643648230 -0.764918263
0.025642529 0.278070062 -0.960218465
0.551688778 0.723860211 0.414325821
0.562425348 0.717127078 0.411590186
0.573186910 0.714745042 0.400744670
0.522297542 0.748185217 0.409174973
0.533879239 0.744967503 0.399995472
0.513942575 0.760361158 0.397132143
-0.341068504 -0.237168313 0.909628203
-0.341157017 -0.236777571 0.909696802
-0.355850937 -0.246836142 0.901355662
-0.348565361 -0.241623314 0.905604971
-0.341245515 -0.236386731 0.909765251
-0.353831186 -0.241984929 0.903463771
-0.366530282 -0.249550204 0.896314815
-0.360812523 -0.245551449 0.899732632
0.461744551 0.860124228 0.216744737
0.473327808 0.852843212 0.220497716
0.467549121 0.856504472 0.218627331
0.468339483 0.859802514 0.203464409
0.474830916 0.859291631 0.190140723
0.919790593 0.242287523 0.308677860
0.560634886 -0.061854326 0.825749700
0.799513980 0.058228558 0.597818392
0.522110120 0.024296661 0.852531932
-0.125765897 -0.234631650 0.963914378
0.734393902 0.370835237 -0.568460046
0.735548319 0.380249199 -0.560695298
0.733126123 0.361363286 -0.576144655
0.724153949 0.376758191 -0.577628188
0.714953343 0.392030387 -0.578924774
-0.037383367 0.871582174 0.488822051
0.005355964 0.883778632 0.467874601
-0.103637752 0.885041118 0.453829742
0.179909840 0.845131747 0.503373400
0.114519009 0.872021597 0.475882056
0.048316150 0.894022687 0.445408784
-0.018245403 0.910551311 0.412993238
0.883555810 0.407849882 -0.230190366
0.891789449 0.417510330 -0.174346502
0.888026015 0.412875530 -0.202345232
0.899005107 0.401277749 -0.175402355
0.911490739 0.393414227 -0.120041155
-0.207919795 0.967680007 -0.142705161
-0.200707844 0.969985196 -0.137277390
-0.192797993 0.972621742 -0.129753151
-0.193138380 0.972414578 -0.130795468
-0.193478461 0.972206204 -0.131837710
-0.546839707 -0.342105039 0.764153438
-0.543011825 -0.340159284 0.767743329
-0.528866858 -0.333331998 0.780506006
-0.534031209 -0.335776433 0.775928383
-0.539166940 -0.338202860 0.771309170
-0.236899549 0.936866439 -0.257215628
-0.232937948 0.941638588 -0.243015808
-0.259002480 0.929816937 -0.261453972
-0.244034900 0.938263319 -0.245171189
-0.228925925 0.946184550 -0.228752524
0.067918654 0.997681703 0.004275090
0.082018445 0.996625456 0.003267258
0.053802355 0.998537649 0.005279136
0.064462312 0.997906729 -0.005174113
0.075108154 0.997053012 -0.015622331
-0.220165391 0.967908513 -0.121162335
-0.222223080 0.967773483 -0.118454161
-0.229237792 0.965428378 -0.124089008
-0.342398497 -0.221769829 0.913006798
-0.342054324 -0.223848875 0.912628358
-0.351912043 -0.232608964 0.906670273
-0.346818088 -0.229273158 0.909478440
-0.341708489 -0.225927039 0.912245735
-0.333892250 -0.223034002 0.915844855
-0.332979146 -0.218928159 0.917167024
-0.329189930 -0.219797577 0.918326203
-0.330626058 -0.217308716 0.918402598
-0.332059527 -0.214818037 0.918471383
0.391600053 0.920095638 0.008568302
0.415679359 0.909224752 0.022825888
0.411462744 0.911422323 0.002785742
0.333444154 0.942697147 0.011708306
0.299497861 0.954074936 -0.006484449
0.353185432 0.934624034 0.041688928
-0.468009219 -0.307976515 0.828322303
-0.468604647 -0.308008740 0.827973611
-0.492775851 -0.321284185 0.808670782
-0.493360760 -0.321309356 0.808304063
-0.481053463 -0.314705342 0.818259197
-0.469199925 -0.308040694 0.827624529
-0.469794904 -0.308072631 0.827275046
-0.417635098 0.880562903 0.224031024
-0.399155536 0.889204310 0.223585675
-0.415675857 0.883568884 0.215684049
-0.460050354 0.854224796 0.242185197
-0.461193543 0.850987673 0.251237930
-0.503383710 0.823824550 0.260610727
-0.482976033 0.835981502 0.260516948
-0.462292060 0.847668449 0.260277258
0.445299158 0.755334242 0.480810610
0.420961367 0.770771013 0.478229623
0.433175762 0.763133640 0.479568354
0.424248243 0.764925389 0.484667491
0.402964912 0.774096873 0.488255374
-0.093938929 0.993845518 -0.058707442
-0.065780985 0.996332215 -0.054726406
-0.082674375 0.995218031 -0.052019409
-0.570489166 -0.352466220 0.741828602
-0.591533416 -0.366915466 0.717956307
-0.569198318 -0.355232457 0.741500625
-0.614465108 -0.375410160 0.693901897
-0.613165204 -0.378162105 0.693557391
-0.611855519 -0.380916659 0.693206551
-0.610543681 -0.383661330 0.692849477
0.564981090 0.778232496 0.274136007
0.553182791 0.780192621 0.292041563
0.576515663 0.775919266 0.256083936
0.554735163 0.789241644 0.263375257
0.532574484 0.801997523 0.270489174
0.531230642 0.795238089 0.292216336
0.510205641 0.816429705 0.270430656
0.520808299 0.805973392 0.281363834
0.508897615 0.809725706 0.292177170
0.486211227 0.823638164 0.291922623
0.298477356 0.920277919 0.252981857
0.284319773 0.926246008 0.247448175
0.312555316 0.914064404 0.258448136
0.297067735 0.920851266 0.252554364
0.281484921 0.927342851 0.246579552
0.419143054 0.862005185 0.285072203
0.473678393 0.829814689 0.295019258
0.439379651 0.850587871 0.288869860
0.729137593 0.288417314 -0.620623737
0.745133462 0.281666071 -0.604516624
0.725803732 0.281657770 -0.627596880
0.649411014 0.701253023 -0.294125027
0.654077547 0.704725210 -0.274854398
0.659747337 0.682414477 -0.314712461
-0.619372657 -0.720462016 0.311948706
-0.584053618 -0.746389271 0.319036718
-0.600376058 -0.733262791 0.319177487
-0.695931717 -0.660438840 0.281956706
-0.720436566 -0.634878122 0.279107371
-0.670547070 -0.685166004 0.284454167
-0.679399573 -0.675016330 0.287696323
-0.688123397 -0.664739916 0.290872884
0.764248531 0.494953327 -0.413455423
0.749792356 0.499096102 -0.434412826
0.771199568 0.503707589 -0.389268405
0.319780023 0.799657470 0.508221082
0.306551670 0.805039894 0.507874830
0.346040425 0.788407370 0.508595952
0.332944874 0.794114162 0.508458856
0.296129096 0.811717842 0.503410074
0.272262194 0.823186431 0.498234279
0.258812226 0.827948204 0.497511812
0.277892671 0.816826733 0.505539071
0.253893321 0.827901151 0.500117852
0.248964829 0.827825423 0.502714216
-0.715249285 -0.481336088 0.506689283
-0.707083450 -0.480922384 0.518407807
-0.710886789 -0.473319531 0.520200534
0.428487735 0.821288043 0.376675207
0.420075681 0.833908830 0.357955983
0.436657312 0.808182293 0.395185745
0.450243631 0.805793377 0.384678705
0.463678192 0.803166733 0.374066482
0.244015509 0.940128390 0.237939155
0.253866664 0.937288462 0.238834789
0.234136493 0.942868835 0.237019964
0.226199986 0.947250658 0.227045718
0.218222098 0.951460015 0.217032155
-0.218398416 0.971056757 -0.096700089
-0.213654994 0.972463355 -0.093094398
-0.208278548 0.973897618 -0.090241212
-0.229109306 0.968000838 -0.102388001
-0.219023164 0.970991059 -0.095943819
-0.208903643 0.973833500 -0.089485093
-0.198752292 0.976527726 -0.083012815
-0.198216016 0.976799688 -0.081072690
-0.193439521 0.978050185 -0.077453137
-0.188114999 0.979512524 -0.071888543
-0.668865450 -0.402976349 0.624683177
-0.666547041 -0.411140482 0.621834822
-0.638817609 -0.393570148 0.661070798
-0.636563135 -0.401788014 0.658296109
-0.651742459 -0.406582044 0.640252144
-0.664168215 -0.419280773 0.618937974
-0.661740502 -0.427378509 0.615992791
-0.076474302 0.996875603 -0.019766465
-0.063968062 0.997923883 -0.007484086
-0.065649833 0.997661565 -0.019013197
-0.053131933 0.998564819 -0.006730551
-0.058550104 0.998259164 -0.007108201
-0.051440624 0.998664521 0.004799719
-0.038897276 0.999097207 0.017081371
-0.096505620 0.994670088 -0.036305376
-0.106137944 0.993735656 -0.034988330
-0.101324465 0.994214608 -0.035646409
-0.106273730 0.992917543 -0.053109764
-0.116001253 0.990786893 -0.069893076
-0.091879205 0.994436889 0.051511986
-0.036293565 0.998914741 0.029191050
0.026372198 0.999320343 0.025755747
0.022918128 0.999604572 0.016292932
0.019434489 0.999788275 0.006760586
-0.651074855 -0.643655075 0.402255736
-0.656728039 -0.629314830 0.415537155
-0.652887149 -0.617585008 0.438551169
-0.657512303 -0.616164416 0.433611558
-0.662110017 -0.614712585 0.428647598
0.062173470 0.953062090 0.296322648
0.015765954 0.955988446 0.292980419
0.154484952 0.941012251 0.301048739
0.108447350 0.948067476 0.299010425
0.060349778 0.953934837 0.293881321
0.058524569 0.954794990 0.291447083
0.012108020 0.957534447 0.288064540
-0.670772713 -0.652729544 0.352147853
-0.676374857 -0.643725957 0.357958022
-0.659272592 -0.670450337 0.340376256
-0.665071092 -0.661638639 0.346287097
-0.666817028 -0.654314953 0.356688930
-0.662836537 -0.655874715 0.361214734
-0.668454072 -0.646883110 0.367030511
-0.674496715 -0.613307327 0.410984553
-0.682501171 -0.617122683 0.391601513
-0.678539490 -0.615248569 0.401314539
-0.672689210 -0.625843002 0.394727455
-0.670597858 -0.638110736 0.378303055
0.479179110 0.739505045 0.472778669
0.501530260 0.733194496 0.459231129
0.499744213 0.731798664 0.463385840
-0.416031908 -0.851754675 0.318483007
-0.414644623 -0.851814030 0.320129185
-0.417417512 -0.851691827 0.316833793
-0.397949866 -0.861093583 0.316470766
-0.378296280 -0.870092685 0.315959878
-0.190901731 0.959254064 -0.208298273
-0.237417987 0.948995016 -0.207463631
-0.214221344 0.954392682 -0.207951496
-0.263541306 0.943624913 -0.200294791
-0.334708867 0.922724306 -0.191180097
0.405200246 0.886571476 -0.223167601
0.378581933 0.899259768 -0.219106344
0.457339796 0.858836481 -0.230738399
0.431469057 0.873088310 -0.227049016
0.412543221 0.878732958 -0.240075985
0.419727109 0.870546682 -0.256861109
0.393392922 0.883890566 -0.252941647
0.419292152 0.896353630 0.144028685
0.407028067 0.902011483 0.143886890
0.427297615 0.888196141 0.168891570
-0.671420350 0.710317790 -0.211289729
-0.598914391 0.768073110 -0.226639030
-0.638062812 0.736649512 -0.224105653
-0.581097404 0.779858993 -0.232692411
-0.521119193 0.819037892 -0.240024413
-0.388265742 0.904243338 0.177746164
-0.375258551 0.909347442 0.179633657
-0.377478064 0.909972704 0.171639127
-0.836745488 0.501851199 -0.219094416
-0.808458547 0.541197116 -0.231301665
-0.774891434 0.580623205 -0.249839870
-0.742464362 0.617034870 -0.260796167
-0.776527227 0.579909650 -0.246394528
-0.778152103 0.579192472 -0.242930824
-0.745902159 0.615735347 -0.253968408
-0.569433982 0.769358170 -0.289539196
-0.572088551 0.769787279 -0.283094040
-0.566749004 0.768887520 -0.295985722
-0.538330630 0.788918102 -0.296324756
-0.509263929 0.807993029 -0.296306454
0.242019929 0.938159789 0.247553152
0.261351671 0.931214254 0.254038025
0.203029932 0.950742539 0.234238064
0.222576664 0.944670416 0.240951101
0.252753113 0.934849751 0.249342750
0.263453015 0.931418543 0.251101586
0.282656640 0.924021564 0.257467229
0.592946106 0.803232951 0.056848411
0.602625466 0.794276353 0.077250395
0.609050314 0.789857334 0.071993797
0.661612000 0.738836639 0.128023369
0.673448785 0.724429136 0.147204487
0.678283118 0.718341345 0.154653562
0.738378331 0.636082500 0.224045738
0.753867810 0.612163647 0.238618931
0.759572311 0.602868642 0.244129689
-0.143519688 0.989645557 -0.001941559
-0.136777371 0.990601635 0.000592819
-0.140149444 0.990130132 -0.000674316
-0.148989846 0.988838323 -0.000892040
-0.154455259 0.987999771 0.000157434
-0.292041279 0.943044101 -0.159310123
-0.837773182 0.543668151 0.050606693
-0.604075712 0.794810502 -0.058041370
-0.280424615 0.949019819 -0.143956308
-0.269623559 0.953742695 -0.132958667
-0.137328945 0.947034452 -0.290286941
-0.181009297 0.929825501 -0.320406261
-0.159164549 0.938700616 -0.305790450
-0.296158966 0.903188621 -0.310709159
-0.446762975 0.834441444 -0.322661311
0.210744983 0.919187043 0.332688640
0.007176315 0.959319637 0.282230994
0.388460655 0.865044201 0.317485198
-0.539458645 0.824137045 0.172576074
-0.374986610 0.905335068 0.199382690
-0.196424884 0.956662623 0.214974163
-0.012592683 0.972805198 0.231282231
0.678367497 0.639087710 0.362469912
0.707054561 0.611621897 0.354954227
0.687302123 0.620219832 0.378078234
0.715530457 0.592326099 0.370359229
0.711350858 0.602018783 0.362702828
0.734588634 0.583140586 0.346881242
0.760915834 0.553709778 0.338249279
-0.287644021 0.954634774 0.077028345
-0.301697999 0.949774911 0.083101960
-0.263607452 0.961859479 0.073057878
-0.892551214 0.423682989 -0.154418440
-0.909327671 0.389334349 -0.146771764
-0.894315837 0.420409199 -0.153151198
0.230945400 0.194536206 0.953320453
0.680228268 0.512532637 0.524022709
0.804242707 0.587589485 -0.089063262
0.801602661 0.584659869 -0.124924021
0.798048613 0.580792918 -0.160617553
-0.193626941 0.980776796 -0.024196758
-0.198572767 0.979885590 -0.019826407
-0.187824676 0.982052576 -0.017164733
-0.137410553 0.936693257 -0.322062233
-0.093519483 0.941653169 -0.323331742
-0.274863341 0.903562259 -0.328672157
0.113368260 0.975703256 0.187485450
0.163501941 0.960713934 0.224267366
0.183696366 0.947188713 0.262848220
0.198329793 0.944590861 0.261559549
0.212967394 0.941789288 0.260149622
0.274587853 0.899438381 0.340017809
0.324649126 0.864032747 0.384773123
0.299828465 0.882369626 0.362666147
0.304682184 0.883216504 0.356507186
0.334322094 0.865721065 0.372499361
-0.698407159 -0.649521116 0.300582369
-0.709525715 -0.642292505 0.289885490
-0.693301873 -0.657167755 0.295741533
-0.988425568 0.142675186 -0.051562463
-0.940154710 0.325679664 -0.100209166
-0.829589224 0.534782368 -0.160591216
-0.843038997 0.515647863 -0.152946170
-0.855980941 0.496256298 -0.145004535
0.173920392 0.910468891 -0.375230723
-0.836015603 -0.507375308 0.208921537
0.815302973 -0.575887434 -0.060288680
-0.182247401 0.982713087 0.032571057
-0.173168719 0.984607846 0.023663982
-0.163147577 0.986199360 0.028172503
-0.751519376 0.630157420 -0.195244086
-0.736236805 0.646127163 -0.201184135
-0.843838287 0.507293792 -0.174899839
-0.786151215 0.587468478 -0.191955868
-0.720565595 0.661745088 -0.207071637
-0.066294451 0.935234973 0.347765137
-0.115415573 0.924111380 0.364276547
-0.092180734 0.928759058 0.359039448
0.656628796 0.707255950 0.261968787
0.665073277 0.701865571 0.255073042
0.648083777 0.712545732 0.268823357
0.637124489 0.714881848 0.288125545
0.625846966 0.716863655 0.307281753
-0.209830439 0.967626810 -0.140248148
-0.218313463 0.964974921 -0.145473826
-0.201324898 0.970175848 -0.135007810
-0.208875283 0.967654579 -0.141476966
-0.216403865 0.965031502 -0.147930956
0.324835758 0.907103111 0.267667101
0.366308778 0.888215940 0.277291044
0.314356834 0.911242995 0.266112729
0.010303601 0.979855837 0.199440152
-0.037888651 0.985163024 0.167386575
-0.055902644 0.983191531 0.173808250
-0.199107460 0.978815834 -0.047705170
-0.199363072 0.977310567 -0.071543142
-0.199249475 0.978132937 -0.059628885
-0.192911272 0.980053681 -0.047749600
-0.186709152 0.981252062 -0.047792084
-0.417166123 0.900367184 0.123739082
-0.413631992 0.902868557 0.117204705
-0.445323106 0.885621669 0.131763386
-0.374617389 0.916649886 0.139336998
-0.386253722 0.910484861 0.147734153
-0.362889835 0.922591784 0.130902134
-0.376596957 0.917097631 0.130792456
-0.390219799 0.911403922 0.130657562
-0.802457697 0.563764084 -0.195529289
-0.768403470 0.605001561 -0.208636571
-0.789280606 0.581195363 -0.198111269
0.511340946 0.338225427 -0.790021517
0.482400893 0.326039635 -0.813011399
0.539502447 0.349915082 -0.765830625
0.562336572 0.350920874 -0.748753711
0.584702640 0.351662061 -0.731065399
-0.358451142 0.227921428 -0.905298073
0.030583321 0.283787611 -0.958399318
0.035249346 0.291789197 -0.955832908
0.413966776 0.869999290 0.267829693
0.439219667 0.858904450 0.263380390
0.338162259 0.905509931 0.256316313
0.526535103 0.794805608 0.301736361
0.527940429 0.795186189 0.298257988
0.655073651 0.690215123 0.307378587
0.656420250 0.690513578 0.303814835
0.594226922 0.745415371 0.302076630
0.529351048 0.795564952 0.294726779
0.530742998 0.795921384 0.291240484
0.654034312 0.510263554 -0.558453422
0.651555368 0.501402873 -0.569272133
0.660433444 0.496231204 -0.563544371
0.654724565 0.494360465 -0.571789712
0.648945841 0.492439650 -0.579976281
0.649451068 0.462367697 -0.603679900
0.645645121 0.462710678 -0.607487618
0.653073524 0.471549649 -0.592567213
-0.293940258 0.935281379 0.197098621
-0.302152657 0.928019584 0.217906914
-0.300184236 0.930265977 0.210937518
-0.305228220 0.925366846 0.224793090
-0.310198157 0.920244391 0.238594562
-0.342678399 0.902262457 0.261713535
-0.352897187 0.901309368 0.251207083
-0.352146100 0.898810942 0.261021099
-0.516094547 0.780384050 0.353054036
-0.572893324 0.746723210 0.337931484
-0.456927533 0.810467827 0.366550312
-0.480457801 0.799905014 0.359600154
-0.503645246 0.788763876 0.352410291
-0.302055143 0.949534139 0.084543535
-0.296559002 0.951466266 0.082247819
-0.312061618 0.945151836 0.096465296
0.767678656 0.338576993 -0.544091078
0.762941629 0.351983957 -0.542242902
0.775004000 0.342874906 -0.530853652
-0.295108167 0.107667840 0.949378115
0.013440170 0.750300585 0.660960206
-0.152566473 0.464715803 0.872217114
-0.289286803 0.109588896 0.950948694
-0.284845194 0.111951736 0.952013668
-0.395742274 -0.268908541 0.878109475
-0.393273906 -0.267001939 0.879798613
-0.399257881 -0.271068994 0.875850869
-0.333996999 -0.218908099 0.916801641
-0.329505997 -0.214025975 0.919575272
-0.328684957 -0.216938184 0.919186610
0.646696391 0.348147753 -0.678658176
0.617633717 0.353582063 -0.702501471
0.702001679 0.335693965 -0.628094901
0.674841459 0.342157676 -0.653847941
0.632425520 0.339594057 -0.696213931
0.617780840 0.330875396 -0.713350059
0.587728690 0.335841362 -0.736060845
0.260822334 0.899393294 0.350803952
0.161983491 0.949618147 0.268303418
0.211910126 0.926720846 0.310294330
0.270652672 0.894008630 0.357065401
0.280429499 0.888475357 0.363277905
0.472052416 0.864203005 0.174125480
0.473616754 0.861669247 0.182245110
0.470453734 0.866671705 0.165992286
0.463759016 0.873356852 0.148914016
0.456887976 0.879708882 0.131778830
0.451637230 0.859361991 0.239834902
0.445544943 0.861917166 0.242050618
0.457712516 0.856763462 0.237603921
0.466935864 0.846833926 0.254643279
0.475937547 0.836503774 0.271560100
-0.383568328 -0.868676004 0.313492165
-0.381812559 -0.869151782 0.314315685
-0.416376189 -0.851285903 0.319285422
-0.398298926 -0.860634838 0.317278490
-0.380055063 -0.869623879 0.315138793
-0.386471036 -0.921272870 0.043548095
-0.549178183 -0.647211728 -0.528696796
0.131444898 -0.920599430 -0.367721265
-0.135373848 0.984977980 -0.107202143
-0.157990158 0.979747016 -0.123023964
-0.146696380 0.982459417 -0.115124566
-0.147298666 0.982450604 -0.114428640
-0.159193697 0.979725938 -0.121632454
0.192707927 0.056690429 0.979617196
-0.515174686 -0.214895132 0.829707855
-0.175869357 -0.083270864 0.980885280
-0.167452252 -0.099559725 0.980840254
-0.503636314 -0.235796608 0.831113965
-0.652806112 -0.519681298 0.551158351
-0.653154908 -0.496771750 0.571494965
-0.653057467 -0.508285604 0.561392634
-0.656969898 -0.520977137 0.544952636
-0.661093897 -0.522244157 0.538716901
0.678100905 0.687602216 0.259581113
0.663360419 0.692872897 0.282630681
0.669628680 0.689127544 0.276948838
0.920684312 0.389449899 -0.025868390
0.917377527 0.397282939 0.024181381
0.921269922 0.388820674 -0.008956236
0.866905002 0.487837192 0.102423590
0.861077379 0.505038403 0.059008131
0.879356481 0.475965880 -0.013735377
0.866756543 0.498730839 0.000802759
0.853322385 0.521156475 0.015389487
-0.691566532 0.704984789 0.157264677
-0.757672531 0.636547436 0.144012839
-0.617650773 0.769951517 0.160256616
-0.272682101 0.920768651 0.278979503
0.114760589 0.928857960 0.352211439
-0.518549393 0.791500333 0.323471405
-0.861101400 0.478053991 0.173114878
0.425839582 0.801091193 0.420610926
-0.048938888 0.911153150 0.409151466
-0.217158421 0.850320255 0.479372178
0.111019907 0.831895926 0.543712929
-0.374957863 0.783178546 0.496022143
-0.621687186 0.752249861 -0.218231964
-0.574188075 0.787862585 -0.222667021
-0.666982993 0.713971142 -0.213023227
-0.640223161 0.737147257 -0.216167124
-0.612654628 0.759392186 -0.219038386
-0.582695895 0.779575557 -0.229624572
-0.542472996 0.807004792 -0.233380192
-0.585690719 0.777316492 -0.229663782
-0.234655929 0.966949039 -0.099730394
-0.228308585 0.969559409 -0.088485834
-0.229724307 0.968793373 -0.093092125
-0.504961885 -0.326994515 0.798804157
-0.521751930 -0.336505145 0.783925514
-0.504997477 -0.325388385 0.799437269
-0.521800564 -0.334905901 0.784577726
-0.521776656 -0.335705287 0.784251924
-0.538232649 -0.345815254 0.768581438
-0.554393776 -0.354920046 0.752781045
-0.493536872 -0.323194513 0.807444527
-0.493710323 -0.325079032 0.806581515
-0.481830231 -0.316626882 0.817060001
0.816351573 0.226544704 -0.531269806
0.821844027 0.228735626 -0.521778122
0.827360954 0.226799640 -0.513844116
0.613829666 0.764232158 -0.197894795
0.617980136 0.766367582 -0.175445948
0.627829650 0.753228571 -0.196154662
-0.966091199 0.239406169 -0.096708232
-0.981306877 0.176994480 -0.075563004
-0.974256384 0.208319961 -0.086181744
-0.971640451 0.217185871 -0.093515411
-0.976670347 0.194852494 -0.090263723
0.897873124 0.371301059 0.236557342
0.845706639 0.461994694 0.267097704
0.954091592 0.215344683 0.208172767
0.918285581 0.311989739 0.243749861
0.885117139 0.388308481 0.256484256
0.783416397 0.547019799 0.295005235
0.711862693 0.625606843 0.319167017
0.457197677 0.743907563 0.487413400
0.417033615 0.759011928 0.499983857
0.437224711 0.751647752 0.493822042
0.456135370 0.742537540 0.490488049
0.455067246 0.741160126 0.493553917
-0.204505099 0.967269310 -0.150225653
-0.211765545 0.962850799 -0.167552062
-0.189760400 0.975023824 -0.115410280
-0.197168682 0.971327581 -0.132842919
-0.200776947 0.970333710 -0.134688933
-0.196993890 0.973141542 -0.119117368
-0.204379952 0.969323199 -0.136533405
-0.683930955 -0.600408342 0.414425231
-0.698974961 -0.591416195 0.402070751
-0.668556811 -0.609135478 0.426597891
-0.667759653 -0.622279501 0.408491455
-0.666631842 -0.635098337 0.390194938
0.091155289 0.986562157 -0.135594335
0.095493959 0.984411645 -0.147697721
0.077188544 0.985801858 -0.149119501
0.022781419 0.998980135 0.038983282
0.033146256 0.998432620 0.045095771
0.002043128 0.999640267 0.026742509
0.012413239 0.999382707 0.032865140
0.012546341 0.999334341 0.034255851
0.002309834 0.999561409 0.029523779
0.012679585 0.999284032 0.035646212
-0.869981610 -0.469436308 0.150869317
-0.897964200 -0.419167398 0.134011146
-0.928419658 -0.353374022 0.114733341
-0.786501893 -0.589039112 0.185600905
-0.862455141 -0.482614717 0.152493165
-0.922719427 -0.367404919 0.116629690
-0.966198131 -0.245504717 0.078667696
0.217924861 0.946158882 0.239357734
0.232760901 0.941320463 0.244413889
0.248140777 0.936496567 0.247790908
0.346318001 0.852341962 0.391889042
0.341458251 0.851462187 0.398018099
0.358065532 0.838366343 0.411012104
0.714052299 0.459811010 -0.527923432
0.702147100 0.463176409 -0.540792996
0.719901960 0.468471396 -0.512128616
0.676877774 0.448139446 -0.583958488
0.683568602 0.457348489 -0.568828908
0.690012441 0.466400834 -0.553491728
0.696216487 0.475272052 -0.537958250
0.709534418 0.484250736 -0.511920048
0.714751269 0.476380460 -0.512047147
0.702957096 0.479817152 -0.525001736
0.039309940 0.998307404 0.042860891
0.003235392 0.999246784 0.038670349
0.023855238 0.999179035 0.032744203
-0.021590714 0.999660980 0.014552203
-0.017048353 0.999639844 0.020725225
-0.019319879 0.999657741 0.017639234
-0.007266099 0.999730804 0.022034594
0.007060246 0.999539510 0.029511353
-0.332591067 -0.226862449 0.915377852
-0.334282930 -0.230388919 0.913879570
-0.330893390 -0.223331969 0.916860074
-0.333242370 -0.224948679 0.915613245
-0.335588079 -0.226563235 0.914357557
-0.347377822 -0.241994891 0.905961987
-0.359916267 -0.251592042 0.898421797
-0.353660549 -0.246802958 0.902226421
-0.354756020 -0.246819682 0.901791667
-0.362100417 -0.251621078 0.897535582
-0.609716563 -0.420979039 0.671581984
-0.610254221 -0.425051415 0.668521564
-0.609164067 -0.416894438 0.674624464
-0.617303199 -0.429005426 0.659462739
-0.625168672 -0.440926632 0.644009190
-0.613606732 -0.431175797 0.661493924
-0.621048692 -0.439102651 0.649220597
-0.616898822 -0.437258213 0.654401328
0.838675894 0.405643789 -0.363422430
0.819601911 0.385599723 -0.423751768
0.829598578 0.395828368 -0.393809729
0.825729273 0.412985622 -0.384205731
0.812260180 0.420028592 -0.404733716
-0.323977258 -0.907363516 0.267824918
-0.314620656 -0.912034452 0.263072237
-0.324832764 -0.906620119 0.269302127
0.823375412 0.351762926 -0.445326594
0.816374554 0.344284048 -0.463682091
0.823524334 0.318551219 -0.469396199
0.815959443 0.310834675 -0.487434090
0.816341255 0.327623555 -0.475657188
0.809011790 0.336648626 -0.481837759
0.801297687 0.328859375 -0.499773478
0.839009348 0.360375171 -0.407667818
0.827391228 0.339889986 -0.447100160
0.833421010 0.350222357 -0.427497042
0.831825027 0.359626316 -0.422771851
0.824411356 0.358770449 -0.437755276
-0.811667952 -0.556755692 0.176686829
-0.883503956 -0.447803708 0.137450350
-0.849560918 -0.503448509 0.157435210
-0.813969922 -0.554923028 0.171794640
-0.816246297 -0.553060359 0.166931790
-0.127910043 0.991015470 -0.039081441
-0.134450322 0.989581254 -0.051498093
-0.142176874 0.988767027 -0.046103165
0.216061720 0.862196666 0.458185816
0.215506464 0.866079369 0.451069275
0.197658932 0.880495777 0.430880649
0.592547372 0.703962162 0.391567218
0.584830287 0.707884666 0.396071755
0.596932831 0.704178141 0.384453301
0.561091489 0.714128311 0.418565522
0.551349364 0.718631963 0.423771142
0.569590530 0.711050349 0.412279068
-0.682840461 -0.633257670 0.364298817
-0.685801844 -0.627679761 0.368366595
-0.695158012 -0.621725321 0.360850334
-0.691891734 -0.575453839 0.436048974
-0.690823434 -0.558792342 0.458818158
-0.695330045 -0.560048183 0.450402221
-0.214146179 0.971937117 -0.097363512
-0.211043693 0.971570129 -0.107294194
-0.212597887 0.971766743 -0.102330524
-0.206386248 0.973396603 -0.099517690
-0.198612842 0.974790800 -0.101665309
0.383295832 0.772164154 0.506800577
0.400769519 0.766155034 0.502384571
0.394629774 0.766797398 0.506250028
0.406398269 0.763396890 0.502061387
0.418098630 0.759868981 0.497787774
-0.424108242 -0.284508778 0.859759824
-0.434528406 -0.291989415 0.852013642
-0.429330362 -0.288257217 0.855910753
-0.420742096 -0.283360988 0.861790369
-0.417368960 -0.282208350 0.863806459
-0.281912123 0.919380562 -0.274344559
-0.270484875 0.924691406 -0.267924869
-0.259490627 0.928428154 -0.265867970
-0.173276628 0.977289434 -0.121985954
-0.183483355 0.975423410 -0.121996023
-0.200138710 0.971887159 -0.124015513
-0.196905719 0.972675637 -0.123005054
-0.193670352 0.973452377 -0.121992888
-0.456277423 0.834108277 -0.309958538
-0.406528622 0.862690731 -0.300830818
-0.427138793 0.850577055 -0.306710166
-0.876046475 0.453001134 -0.165325578
-0.867744481 0.466821484 -0.170579063
-0.884096940 0.439051351 -0.160020350
-0.895703200 0.416175321 -0.156569087
-0.906709413 0.393021486 -0.153010302
-0.931523588 0.335748566 -0.139773762
-0.932751202 0.331540261 -0.141620094
-0.945845916 0.296772856 -0.131534690
-0.946917209 0.292511439 -0.133359880
-0.940044883 0.312095685 -0.137520552
-0.933957683 0.327323726 -0.143465061
-0.935143192 0.323100337 -0.145304450
-0.595577388 -0.375528549 0.710116810
-0.564603346 -0.358603545 0.743388565
-0.580259841 -0.367175881 0.726966566
-0.574764064 -0.361224360 0.734277354
-0.553247115 -0.346481551 0.757540866
-0.537019838 -0.336518156 0.773540707
-0.527730285 -0.332572313 0.781598620
-0.515790073 -0.328630662 0.791177912
-0.517071955 -0.328601282 0.790352954
-0.518352713 -0.328570979 0.789526172
-0.556655294 -0.343863903 0.756235744
-0.566381344 -0.345565388 0.748195653
-0.547802373 -0.339558692 0.764599539
0.353194631 0.904369128 -0.239520422
0.360644684 0.896738467 -0.256506400
0.327423119 0.908482535 -0.259718280
0.620173143 0.682920608 0.386011290
0.666982437 0.633390631 0.392365565
0.643954800 0.658541242 0.389417062
0.645024092 0.657678755 0.389104841
0.669059162 0.631605175 0.391707468
-0.414572527 0.862425854 0.290432894
-0.415150779 0.857854936 0.302877434
-0.385593126 0.872802036 0.299223242
-0.345633124 -0.732658844 0.586300915
-0.360066827 -0.726792079 0.584914655
-0.375321869 -0.437205114 0.817303605
-0.474804909 -0.749438726 0.461412933
-0.472443041 -0.743540123 0.473228971
-0.627950321 -0.462775989 0.625713017
-0.366492618 -0.247437553 0.896915725
-0.357458895 -0.239037702 0.902820090
-0.362006547 -0.243863347 0.899712136
-0.440349711 0.877140911 0.191614076
-0.463938079 0.863723457 0.196833049
-0.444834492 0.873911415 0.195962019
-0.423290081 0.893588006 0.149418818
-0.404854186 0.902223906 0.148610607
-0.406844955 0.902695320 0.140065492
-0.305517399 0.924352564 -0.228542021
-0.290877274 0.933689546 -0.208840234
-0.304263081 0.926845839 -0.219956286
-0.278722985 0.937954410 -0.206288686
-0.277387923 0.940207313 -0.197651583
-0.276034680 0.942383050 -0.188994823
-0.274656389 0.944482117 -0.180325812
-0.234746555 0.961360120 -0.143808119
-0.223203164 0.965384243 -0.134957811
-0.221298501 0.965670474 -0.136042309
-0.532005189 -0.162978926 0.830908147
-0.518136559 -0.164943597 0.839242585
-0.541310983 -0.160645603 0.825333514
-0.104027744 0.982408335 0.155087367
-0.186522129 0.970609872 0.152072255
-0.156510709 0.977818287 0.139196965
-0.238251004 0.961716189 0.135419461
-0.212466349 0.966536969 0.143750955
-0.267726739 0.952070623 0.147932151
-0.347060897 0.926917584 0.142732360
0.704235883 0.709792101 0.015716047
0.721370670 0.692386827 -0.014994638
0.703210761 0.710326230 -0.030516763
-0.388861717 0.791764357 0.471058137
-0.052429247 0.837854640 0.543369833
-0.887207478 0.425211884 0.179046766
-0.679065301 0.647485906 0.345879052
-0.390058393 0.779940324 0.489435942
-0.390626251 0.770696326 0.503426564
-0.053197954 0.820251134 0.569524411
0.011295359 0.981134431 -0.192996485
-0.048927770 0.982124075 -0.181764612
0.008451283 0.983841653 -0.178841207
0.491072319 0.792811338 0.360968365
0.463862298 0.811911152 0.354446117
0.517718776 0.772801621 0.367076182
0.490956353 0.792924958 0.360876530
0.463624558 0.812128782 0.354258537
-0.908671136 -0.385397311 0.160579200
-0.918997024 -0.364489099 0.150306905
-0.886256463 -0.426447333 0.180809718
-0.897755194 -0.406054313 0.170749835
-0.907837558 -0.386122497 0.163524876
-0.906994937 -0.386845168 0.166466215
-0.917419526 -0.365979183 0.156207076
0.518935538 0.837921127 0.169097877
0.536690121 0.827719579 0.163841425
0.524950308 0.838791388 0.144416694
-0.505787907 0.825728016 0.249703499
-0.504592866 0.824788912 0.255165223
-0.483097200 0.840287875 0.246035330
-0.566377914 0.799483416 0.200105789
-0.585999285 0.786486985 0.195046305
-0.605102617 0.770132807 0.201857082
0.154383712 0.957789287 0.242498148
0.119135132 0.971552929 0.204674686
0.124843056 0.967063314 0.221816949
-0.274567372 0.960378226 0.047816546
-0.261026977 0.964647222 0.036340808
-0.266275403 0.963055362 0.040271312
-0.134940195 0.989586568 0.050095595
-0.106599269 0.993601676 0.037313607
-0.147519325 0.987856103 0.048768509
0.625404511 0.777599178 0.064874619
0.614679755 0.787671213 0.041747566
0.623823559 0.779035603 0.062830694
-0.637740058 -0.380144371 0.669908857
-0.666685941 -0.386437807 0.637334824
-0.668631469 -0.398572432 0.627751524
-0.681590354 -0.395355793 0.615734022
-0.694337979 -0.391990567 0.603521471
0.977793520 0.200046644 -0.062459370
0.887589836 0.249899978 -0.386955145
0.883840541 0.243235004 -0.399578067
-0.970192132 0.242306811 0.003825675
-0.951474501 0.305248529 0.038982164
-0.961501466 0.273962162 0.021439773
-0.957029379 0.289490111 0.017036526
-0.941407432 0.335913820 0.030231655
-0.817538542 0.539109942 0.202462842
-0.810802500 0.548381321 0.204639272
-0.824165164 0.529759762 0.200265765
-0.808461867 0.546760338 0.217813090
-0.792076910 0.563300733 0.235173241
-0.849274701 0.496601009 0.179220311
-0.845724364 0.501291872 0.182911890
-0.838478514 0.512984880 0.183848562
-0.005877751 0.929673233 0.368338338
0.081044230 0.932706537 0.351411936
-0.178865332 0.901686221 0.393661215
-0.092747992 0.919294631 0.382485545
-0.024705980 0.924151594 0.381226240
-0.043550972 0.918180955 0.393760139
0.043420582 0.924766879 0.378048771
0.159570465 0.986578401 0.034645721
0.084050223 0.996259858 0.020046320
0.121901988 0.992165109 0.027355125
0.120483972 0.992108046 0.034716518
0.081214048 0.996092072 0.034711128
-0.644051968 -0.667302130 0.374038674
-0.661263078 -0.646445182 0.380578203
-0.632314277 -0.688982234 0.354234577
-0.650044071 -0.668648469 0.361042838
-0.655737997 -0.657629493 0.370851898
-0.677971405 -0.625086997 0.386808765
-0.694150764 -0.603246721 0.392744332
-0.814258874 -0.411480636 0.409470600
-0.824294391 -0.405849117 0.394747072
-0.827687262 -0.408590742 0.384691308
-0.055093935 0.986459330 -0.154475400
-0.050022938 0.986757256 -0.154297840
-0.024559860 0.986280442 -0.163241243
-0.101977075 0.984452740 -0.143015656
-0.126050778 0.982303339 -0.138532853
-0.124630357 0.982616796 -0.137591808
-0.137350730 0.981170671 -0.135789881
-0.150048267 0.979560431 -0.133965965
-0.304065105 0.915322906 -0.264061337
-0.311880083 0.911582945 -0.267856955
-0.297324318 0.920069647 -0.255088406
-0.477170280 -0.173544101 0.861505060
-0.465338623 -0.176260221 0.867405500
-0.485756366 -0.173383915 0.856725610
-0.183000625 -0.174373515 0.967525012
-0.184663645 -0.186750619 0.964895613
0.173698016 -0.150555907 0.973222440
0.190380895 0.981189796 -0.031964032
0.198530630 0.979289277 -0.039725317
0.238125426 0.971227250 -0.003729655
0.222480646 0.974600490 -0.025617315
0.206667578 0.977257945 -0.047491285
-0.638475586 -0.389107815 0.664036169
-0.653743186 -0.393953947 0.646080594
-0.638118054 -0.384629444 0.666982413
-0.272230699 0.948575406 -0.161539920
-0.260802718 0.953966566 -0.148086913
-0.264802436 0.952558749 -0.150038329
0.606826887 0.424705715 -0.671852800
0.602591605 0.427416172 -0.673942708
0.604711443 0.426062546 -0.672900273
0.607247974 0.428322641 -0.669170840
0.607656630 0.431930756 -0.666475237
0.807805468 0.309701193 -0.501533147
0.799433622 0.308487401 -0.515501123
0.800431438 0.318702473 -0.507679275
-0.152795449 0.974395104 0.164947667
-0.164960732 0.973366062 0.159205738
-0.140601823 0.975243933 0.170676298
-0.178100241 0.969074764 0.170805172
-0.215339060 0.961507530 0.170682039
-0.230616212 0.960385962 -0.156444773
-0.231570650 0.960355728 -0.155215686
-0.260736485 0.950168186 -0.170871013
-0.246667288 0.955387094 -0.162452298
-0.232525001 0.960323179 -0.153985440
0.617445597 0.702916140 -0.353086158
0.618784194 0.711777578 -0.332383515
0.592528834 0.744666263 -0.307216109
0.593084823 0.752597512 -0.286089807
0.606266293 0.732602085 -0.309411324
0.619812093 0.720279069 -0.311498044
0.620506251 0.728421908 -0.290471199
0.572299289 0.766643896 -0.291085313
0.553390420 0.781493308 -0.288144499
0.558577682 0.771080325 -0.305656843
0.546475341 0.783642229 -0.295414215
0.534152080 0.795885046 -0.285041312
-0.628339967 0.712816331 -0.311579465
-0.675516740 0.669274668 -0.309432630
-0.578564588 0.753412533 -0.312462113
-0.610634335 0.726131324 -0.316004762
-0.641620558 0.697562602 -0.318950585
0.824902015 0.325699298 -0.462013673
0.824829899 0.342307181 -0.449979369
0.826191567 0.332812069 -0.454580710
0.628970232 0.515970686 -0.581524461
0.627538537 0.504799612 -0.592767018
0.627703476 0.504141251 -0.593152548
-0.095866201 0.948468775 0.302020949
-0.040112111 0.953729474 0.297978369
-0.041942552 0.954429135 0.295475630
0.638449624 0.410816697 -0.650854607
0.641575169 0.412219843 -0.646881832
0.647902885 0.408315829 -0.643039684
-0.236573487 0.963194198 -0.127631980
-0.232863146 0.965683810 -0.115019717
-0.227523586 0.967288736 -0.112185197
-0.273490990 0.946707342 -0.170140784
-0.280083164 0.943755806 -0.175722510
-0.291044722 0.939816022 -0.178993894
-0.385620143 -0.889289001 0.245890581
-0.297304867 -0.926728163 0.229749271
-0.341865682 -0.909084657 0.238102795
-0.381821970 -0.892453821 0.240287664
-0.377996902 -0.895565282 0.234693776
0.442649760 0.837448272 0.320533277
0.447392275 0.838074457 0.312204031
0.425136006 0.849180531 0.313291879
0.448677703 0.821853380 0.351063157
0.434428601 0.827986283 0.354556773
0.456241016 0.812620567 0.362618186
0.311426160 0.940752068 0.134161445
0.315326039 0.941467974 0.119195398
0.259365725 0.960085702 0.104713254
-0.668214487 -0.408334886 0.621893898
-0.686323279 -0.417609190 0.595451863
-0.681073261 -0.420034514 0.599758468
-0.597515403 -0.364540643 0.714202676
-0.575293499 -0.352927668 0.737888508
-0.580077411 -0.353372361 0.733919731
0.348233751 0.798702024 0.490722254
0.365681287 0.789803366 0.492430543
0.350611873 0.802305041 0.483092056
-0.551971047 -0.782123688 0.289154801
-0.521336549 -0.799164609 0.299239254
-0.570475097 -0.768013617 0.291055402
-0.860655337 -0.415944527 0.293704855
-0.861892880 -0.410761964 0.297347059
-0.867013787 -0.413143225 0.278567351
-0.849550654 -0.410766313 0.330960303
-0.856441598 -0.408219667 0.316013438
-0.863095605 -0.405559221 0.300977899
-0.869508481 -0.402789910 0.285858864
-0.780950512 -0.449889212 0.433262040
-0.773968828 -0.438944855 0.456398585
-0.759529292 -0.451697764 0.468064508
-0.667526878 0.652382737 0.358893620
-0.879013809 0.442331320 0.177982378
-0.869984227 0.461302972 0.174146530
0.191646191 0.981258163 -0.020103590
0.192883034 0.981187261 -0.008227676
0.215565762 0.976471010 -0.005980621
0.584828633 0.753943362 -0.299240502
0.578027580 0.756244347 -0.306559301
0.595675939 0.732364342 -0.329867619
0.588812660 0.734589278 -0.337162044
0.583532045 0.745557398 -0.321923156
0.571161828 0.758466124 -0.313852362
0.564241805 0.760605392 -0.321108428
0.118514972 0.940294558 0.319061664
0.045969204 0.934318871 0.353461566
0.082301422 0.938050028 0.336583750
0.070419807 0.946777399 0.314091719
0.022194411 0.950982014 0.308448727
-0.428631253 -0.288099169 0.856314263
-0.416597167 -0.281859818 0.864292684
-0.413477409 -0.280982493 0.866074634
-0.480473632 -0.313868289 0.818921111
-0.492804272 -0.319672661 0.809291875
-0.492790149 -0.320478724 0.808981617
0.281291566 0.926183674 0.251115225
0.277929079 0.928302620 0.247001362
0.284644757 0.924034412 0.255221017
0.279153827 0.926597619 0.251972208
0.273649808 0.929117014 0.248711394
0.721388877 0.667686813 0.183827113
0.701322832 0.690374919 0.177563386
0.694214377 0.700062709 0.167268056
0.687431408 0.706263994 0.169201745
0.680585805 0.712403183 0.171127631
0.642127096 0.737434299 0.209436025
0.663670905 0.719613832 0.204198096
0.652810808 0.732423854 0.193373596
0.876726072 0.448658456 0.173369501
0.862499038 0.460244763 0.210404770
0.858108191 0.472168168 0.201761129
-0.398317937 -0.269247831 0.876840023
-0.388891379 -0.263981033 0.882653675
-0.383533144 -0.261666668 0.885682157
-0.330870523 -0.218600778 0.918007842
-0.366285480 -0.243636150 0.898040296
-0.383254367 -0.258039357 0.886866270
-0.392084278 -0.263097426 0.881504205
-0.400864872 -0.268117030 0.876025464
-0.762680494 -0.581042976 0.284090696
-0.741437722 -0.600205008 0.300040086
-0.761927718 -0.579264836 0.289686731
-0.832007783 -0.505317587 0.228947998
-0.874337132 -0.443425471 0.197252204
-0.853880422 -0.474762282 0.213281504
-0.854186513 -0.475612441 0.210138542
-0.874889432 -0.445080750 0.190975414
0.540265015 0.841451965 -0.008503143
0.523063606 0.850647259 -0.052950023
0.531823370 0.846297047 -0.030744272
0.522063420 0.852756691 -0.015994080
0.503608256 0.863612875 -0.023484628
-0.112175841 0.993619547 0.011695173
-0.083370498 0.996484409 0.008257271
-0.100876825 0.994898918 0.000096825
-0.183218599 0.982361696 0.037369027
-0.202085324 0.978550834 0.039997339
-0.195324889 0.979687439 0.045395051
0.189271844 0.947256198 0.258615284
0.383335777 0.881720594 0.274995410
0.385832263 0.873378006 0.297227730
-0.597703986 0.760627459 -0.253368927
-0.638534687 0.728625472 -0.247746595
-0.604495857 0.753940608 -0.257212594
-0.514799137 0.818561185 -0.254832172
-0.507838165 0.824296270 -0.250271966
-0.445758155 0.858193409 -0.254565786
-0.473522134 0.844484818 -0.250244244
-0.500825243 0.829950577 -0.245674816
-0.529091373 0.839254734 0.125354740
-0.552206633 0.823976569 0.127005705
-0.577281771 0.806211037 0.129497181
-0.695135557 0.704415982 0.143473629
-0.737099323 0.661300754 0.139161419
-0.698525146 0.698480916 0.155521801
-0.214406200 0.964124123 -0.156507688
-0.224318776 0.958417390 -0.176400663
-0.218047431 0.960665002 -0.171982764
-0.188945856 0.974852178 -0.118163844
-0.185324584 0.975770160 -0.116307322
-0.180884841 0.976495950 -0.117202109
0.702214759 0.599680566 -0.383767705
0.703684807 0.654783132 -0.275838253
0.704217354 0.628414175 -0.330414199
0.712537817 0.616740853 -0.334545331
0.720790342 0.632118363 -0.284407555
0.670961344 0.526310820 -0.522310056
0.665925651 0.511442046 -0.543111463
0.662648146 0.518409712 -0.540507914
-0.822098705 0.513400771 -0.246116574
-0.796850194 0.543103244 -0.264704806
-0.811981198 0.522777263 -0.259596742
-0.791513056 0.547601241 -0.271366843
-0.770115279 0.571788526 -0.282807952
-0.828661962 0.499962524 -0.251707823
-0.830893020 0.496459439 -0.251286319
-0.826416290 0.503458421 -0.252122458
-0.842918340 0.482490606 -0.238099743
-0.858654454 0.461084314 -0.223861082
0.401474100 0.784351299 0.472875869
0.361788014 0.810106041 0.461343295
0.381743622 0.797466232 0.467246632
0.392422795 0.785921463 0.477840773
0.383332746 0.787408696 0.482745845
0.464737107 0.756512815 0.460117139
0.487995724 0.746785393 0.451853683
0.475770976 0.752859878 0.454801037
-0.777747846 0.581948606 0.237579688
-0.747792948 0.618274868 0.241954324
-0.762981186 0.600284251 0.239830204
-0.787505224 0.574781515 0.222399939
-0.796964023 0.567394418 0.207151925
-0.761638242 0.591144986 0.265433220
-0.729115477 0.624054692 0.280973955
-0.717933877 0.630605599 0.294800827
-0.706495864 0.643128509 0.295379950
-0.694854170 0.655475921 0.295853004
-0.196062077 0.977687612 -0.075409524
-0.192753969 0.978039611 -0.079274372
-0.189755938 0.979773031 -0.063541258
-0.160888632 0.937908030 0.307316409
-0.164895841 0.939188422 0.301221628
-0.236392389 0.932063878 0.274546107
-0.015321631 0.934787902 0.354875789
-0.092409675 0.940816191 0.326075676
-0.168872962 0.940437473 0.295058099
-0.244203048 0.933637180 0.262081071
-0.253004239 0.950615790 0.179773399
-0.228118405 0.957908868 0.174277345
-0.278246585 0.942183446 0.186732946
-0.240854182 0.954128807 0.177841170
-0.203071861 0.964528650 0.168660316
-0.217594118 0.960435436 0.173829151
-0.177173928 0.969254048 0.170751253
-0.235024918 0.956240940 0.174260017
-0.373325669 -0.257907676 0.891129382
-0.372239284 -0.257897448 0.891586688
-0.384473692 -0.264141202 0.884539092
0.689103839 0.317986433 -0.651168586
0.654183222 0.324807885 -0.683040372
0.695637470 0.326905726 -0.639703961
-0.833925121 -0.491017215 0.251934488
-0.818341202 -0.509594383 0.265765390
-0.848858856 -0.472063155 0.237897080
-0.822268970 -0.507012617 0.258480071
-0.793745544 -0.540765814 0.278460672
-0.207842280 0.976431460 -0.058165206
-0.211862729 0.974995628 -0.067064968
-0.203060619 0.977104574 -0.063506200
-0.207074700 0.975642158 -0.072404750
-0.209469784 0.975325267 -0.069735450
-0.215862130 0.973464857 -0.075958630
-0.219840329 0.971839288 -0.084844734
-0.203913033 0.977542817 -0.053193197
-0.199975002 0.978613775 -0.048219062
-0.201523882 0.977889201 -0.055864439
0.040762232 0.997695225 0.054246465
0.020299916 0.998789241 0.044810336
0.030532486 0.998305739 0.049531993
0.048370799 0.996815822 0.063391506
0.055973032 0.995794632 0.072526345
-0.001542296 0.999680330 0.025236060
0.002758991 0.999621452 0.027374075
-0.009295642 0.999692675 0.022981421
-0.283083106 0.852087871 0.440238815
-0.490156903 0.592266925 0.639504573
-0.337957831 0.603001343 0.722616001
0.095607728 0.916955023 0.387366297
0.147567902 0.906529006 0.395510905
0.114417795 0.920447352 0.373744886
-0.442456112 0.799306079 0.406623145
-0.306746963 0.855352850 0.417465930
-0.403744837 0.826539795 0.392201573
-0.247879580 0.855028589 0.455501731
-0.206272489 0.874773424 0.438432568
-0.164248829 0.892771480 0.419501379
-0.121882400 0.908325050 0.400112839
-0.651603108 -0.676066517 0.344016649
-0.636060146 -0.687087109 0.351196235
-0.643863745 -0.681612926 0.347625224
-0.653448803 -0.668844087 0.354474609
-0.655186627 -0.661512683 0.364871833
-0.768906232 0.602639342 0.213562709
-0.783139767 0.585164495 0.210415349
-0.758490882 0.610569681 0.227807476
0.909353903 0.155955322 -0.385685644
0.918045353 0.116944960 -0.378835856
0.914082855 0.133763397 -0.382831408
0.994983963 0.093079661 -0.036648199
0.948239642 0.017751649 0.317059080
0.718340805 0.223877828 -0.658684451
0.712333948 0.234952394 -0.661345386
0.744781948 0.228035842 -0.627135954
-0.314614858 0.866491009 0.387570410
-0.361813931 0.848647007 0.385861292
-0.398994491 0.832281119 0.384852614
0.809009061 0.407861593 -0.423265000
0.812543147 0.390568367 -0.432700803
0.805352472 0.395484731 -0.441587163
0.362941704 0.928536200 -0.078063075
0.460143697 0.887668686 -0.017665819
0.412298751 0.909787039 -0.047929981
0.399563003 0.914269417 -0.066789520
0.435485698 0.898492857 -0.055342502
0.235760443 0.963205136 -0.129046033
0.230905592 0.965771520 -0.118186204
0.157583937 0.976233764 -0.148778163
0.191940576 0.973006031 -0.128133053
0.225997358 0.968203048 -0.107275593
0.419483303 0.899836868 -0.119696989
0.398963920 0.904968416 -0.147851127
0.405332507 0.906082144 -0.121328920
0.483798335 0.872834730 -0.064021128
0.493832506 0.868455474 -0.043755525
0.503573578 0.861969106 -0.058505662
-0.852368393 -0.483762204 0.198600737
-0.849266510 -0.489650391 0.197456041
-0.831121384 -0.514860648 0.210132716
-0.886002210 -0.425630281 0.183953656
-0.885738677 -0.424807018 0.187098886
-0.896626822 -0.405943547 0.176833762
-0.288880655 0.930478496 -0.225294773
-0.302217811 0.923468227 -0.236370107
-0.298890283 0.922517499 -0.244184486
-0.827779796 0.531258199 -0.180403257
-0.793321462 0.578231975 -0.190496301
-0.812719954 0.551953671 -0.186637140
-0.814017523 0.551726550 -0.181585481
-0.838317224 0.516606284 -0.174190069
-0.816576496 0.547788020 -0.182019536
0.888155068 0.459072252 0.020814491
0.881798758 0.464963523 0.078992870
0.895596653 0.441403079 0.055407188
0.904706937 0.412172475 -0.107792434
0.913464248 0.404875174 -0.040732806
0.913230467 0.399420139 -0.080459095
0.804714731 0.460169850 -0.375070540
0.805037403 0.448336691 -0.388470065
0.802067583 0.447727965 -0.395255945
-0.190680030 0.975335621 -0.111182516
-0.194650108 0.975082018 -0.106425528
-0.200873203 0.973506845 -0.109244582
-0.801279915 0.548415764 -0.239145662
-0.831505126 0.508547371 -0.223559379
-0.826187740 0.515193952 -0.228010987
-0.055670329 0.988972109 -0.137240600
-0.090204739 0.986386248 -0.137496452
-0.078845309 0.986983185 -0.140169929
0.828372324 0.490992455 -0.269677033
0.825636884 0.498687292 -0.263883915
0.848997720 0.487997094 -0.202636889
0.124680432 0.920134375 0.371224355
0.161635669 0.908118120 0.386258191
0.122801680 0.923472268 0.363481386
-0.663557521 -0.450057403 0.597611705
-0.664298432 -0.443332359 0.601800642
-0.669685218 -0.450733948 0.590220820
-0.885027876 0.057523284 0.461970487
-0.993102613 0.109000521 0.043198221
-0.917350784 0.362991050 0.163416760
0.479616070 0.855282251 0.196113991
0.478874543 0.852075203 0.211298415
0.484366793 0.851208023 0.202073530
-0.357356694 0.736690148 -0.574093911
0.001076642 0.884277146 -0.466961208
0.043164405 0.872263636 -0.487127276
-0.078661169 0.996200096 -0.037387022
-0.084072920 0.995743929 -0.037759398
-0.091635873 0.994231300 -0.055740362
-0.042169353 0.999079925 0.007813455
-0.031192918 0.999263355 0.022355075
-0.035045873 0.999191152 0.019718735
-0.881001920 0.442821858 -0.166566560
-0.900248613 0.405798003 -0.157735272
-0.893582875 0.418481490 -0.162428103
-0.925050758 -0.355811023 0.132964701
-0.937092360 -0.326468511 0.123597007
-0.911996932 -0.384763817 0.142191423
-0.919037863 -0.368142041 0.140857530
-0.925777881 -0.351402235 0.139469654
-0.404845280 0.909119199 0.097992760
-0.344387666 0.936272176 0.069221007
-0.374861927 0.923298277 0.083658989
-0.383768876 0.918913428 0.091211634
-0.362470674 0.928168481 0.084369912
-0.112585856 0.993641578 -0.000916035
-0.124342541 0.992235651 -0.002710282
-0.118995951 0.992890337 -0.002956626
-0.241180851 0.961874025 -0.128957965
-0.248719560 0.957753073 -0.144387092
-0.225877479 0.969215318 -0.097984856
-0.233566107 0.965695196 -0.113488600
-0.233210306 0.964943452 -0.120403850
-0.225207545 0.967871560 -0.111831145
-0.232845052 0.964144579 -0.127312264
-0.676642303 -0.526116702 0.515127567
-0.666465350 -0.523124461 0.531191807
-0.671583075 -0.524646445 0.523184749
-0.673338028 -0.513061137 0.532338398
-0.669711045 -0.499762462 0.549294636
-0.418309068 -0.850750054 0.318185275
-0.401989510 -0.859625595 0.315354198
-0.420240002 -0.850210029 0.317082398
0.293468950 0.811001732 0.506114775
0.330309890 0.793455320 0.511198623
0.314481708 0.798277805 0.513667015
0.588798592 0.720261384 0.366796614
0.639630937 0.671898889 0.373395431
0.634757165 0.680928921 0.365265856
0.459583527 0.817970788 0.345986665
0.500511889 0.787465109 0.359703420
0.481704301 0.801509732 0.354320640
-0.548667594 -0.348827542 0.759791562
-0.532393110 -0.338834348 0.775724733
-0.542876751 -0.342692094 0.766711785
-0.219516370 0.971184542 0.092807047
-0.251435000 0.963459898 0.092333449
-0.227170145 0.970806155 0.077000870
0.326892730 0.906473962 0.267294031
0.326938636 0.906205394 0.268147183
0.360033537 0.891722108 0.274239922
0.453777501 0.316519726 -0.833007349
0.462493928 0.320260908 -0.826760133
0.487480875 0.335889217 -0.805940960
-0.456501419 0.740725290 0.492881832
-0.915213844 0.360141600 0.180780663
-0.648585068 0.177411155 0.740177473
-0.211511934 0.977093594 -0.023469351
-0.220077115 0.975482401 0.000384642
-0.215811917 0.976366719 -0.011543236
-0.213565723 0.976654840 -0.023130173
-0.215617998 0.976211792 -0.022790685
0.586621737 0.408954573 -0.699021526
0.589489489 0.413004608 -0.694211305
0.592097873 0.415734815 -0.690351122
0.528581829 0.364650983 -0.766570878
0.495337356 0.342057790 -0.798521992
0.509611736 0.352036300 -0.785090009
0.733278633 0.535435762 -0.419059652
0.744746062 0.551849701 -0.375253529
0.720110928 0.517776081 -0.461896289
0.714806099 0.520452855 -0.467098561
0.709474546 0.523075886 -0.472268448
-0.233417074 0.957509131 -0.169389295
-0.203082087 0.966847190 -0.154803673
-0.218283356 0.962325696 -0.162116107
-0.205908479 0.964082921 -0.167767158
-0.178237499 0.969883415 -0.166004686
0.607623264 0.441067660 -0.660494730
0.605239358 0.434943231 -0.666715611
0.609957302 0.447156084 -0.654219785
0.612594133 0.450700608 -0.649305313
0.615204050 0.454225580 -0.644362553
0.624085561 0.451215046 -0.637904535
0.631601722 0.463001176 -0.621859450
0.629962651 0.456090250 -0.628592668
-0.170821298 0.972734547 -0.156868050
-0.183272172 0.971351911 -0.151283763
-0.163381363 0.975443822 -0.147702000
-0.017745607 0.999842280 0.000712646
-0.009176461 0.999908797 0.009909121
-0.038794085 0.999172217 0.012243336
-0.058839204 0.997961745 -0.024704320
-0.091582387 0.995514785 -0.023727179
-0.079577775 0.996366013 -0.030366871
0.650657392 0.438422450 -0.620024768
0.646014658 0.432450706 -0.629008306
0.648767273 0.441238993 -0.620007400
-0.675001867 0.689746481 -0.261958530
-0.707505519 0.659932420 -0.252834217
-0.710695352 0.655517499 -0.255360382
-0.533970275 0.795000788 -0.287835879
-0.502014757 0.813297090 -0.294158167
-0.494723745 0.818535587 -0.291972447
-0.610779756 0.761036435 -0.218567228
-0.496342923 0.836109105 -0.233592097
-0.627644787 0.748310125 -0.214695082
-0.825150126 0.537522125 -0.173773518
-0.886846276 0.437098313 -0.149829063
-0.866141979 0.472618728 -0.162571863
-0.284568857 0.937426306 0.200630223
-0.281417617 0.939834930 0.193686419
-0.268839929 0.944210637 0.190240283
-0.332747119 0.918388611 0.214106782
-0.346885549 0.914781862 0.206989276
-0.347837615 0.912017761 0.217330618
-0.264220321 0.953652246 -0.143996583
-0.260379460 0.955551472 -0.138289268
-0.270925785 0.950327740 -0.153220120
0.413095747 0.755821230 0.508021822
0.434200510 0.748695018 0.500924832
0.415069198 0.757426409 0.504006741
0.305168585 0.798800487 0.518449532
0.314806150 0.797388971 0.514847470
0.275575072 0.816092299 0.507987933
0.143919473 0.881619015 0.449483145
0.115017695 0.891768348 0.437630144
0.110452964 0.900624518 0.420327992
0.518519188 0.329932040 -0.788848972
0.569343293 0.342536723 -0.747339821
0.553659572 0.333181165 -0.763185030
0.487974010 0.872157046 0.034977896
0.475305617 0.878315685 0.051440526
0.494194169 0.867121302 0.062231592
-0.555425471 0.801416565 -0.221887438
-0.575148021 0.787840715 -0.220253858
-0.536365579 0.814541742 -0.220983522
-0.546103597 0.807040523 -0.224625145
-0.520855310 0.823633312 -0.224361122
-0.562616620 0.795491689 -0.225067794
-0.107255475 0.990909349 -0.081209143
-0.105880076 0.992655009 -0.058527288
-0.091165792 0.993004873 -0.075034123
-0.146341141 0.984155247 -0.100113532
-0.161517542 0.981433238 -0.103445069
-0.152860181 0.984421997 -0.086874032
0.626482922 0.488558482 -0.607313558
0.628512770 0.490474749 -0.603660682
0.625089918 0.480991172 -0.614743919
0.444123216 0.859801645 0.251983532
0.459391122 0.847222636 0.266783812
0.442651980 0.857594808 0.261897633
0.447765666 0.866040832 0.222439173
0.452560346 0.863483137 0.222679154
0.460655976 0.860517902 0.217497156
0.947583843 0.011864669 0.319286847
0.997423703 0.064773685 -0.030827363
0.946996551 0.004184796 0.321216469
-0.281057921 0.951193858 0.127423268
-0.323315619 0.938759376 0.119154705
-0.335244876 0.932980167 0.130991915
-0.026829155 0.990940242 0.131596479
-0.000328482 0.990224476 0.139482542
0.103351576 0.987133158 0.122010573
0.330683725 0.839900738 0.430366152
0.317722427 0.853172369 0.413702027
0.323191397 0.844723865 0.426601587
0.358515366 0.809345949 0.465215936
0.355231277 0.808563784 0.469079255
0.369348094 0.798128033 0.475997509
-0.593004289 0.735383552 0.327958756
-0.582994920 0.741109407 0.332977132
-0.549109815 0.763165812 0.340670447
-0.687301059 -0.313504224 0.655234580
-0.670522714 -0.290198715 0.682776681
-0.890686519 -0.316224053 0.326618851
0.887854696 0.456551088 -0.057228861
0.884494879 0.466524478 0.004870373
0.886633262 0.461732730 -0.026159971
0.872168144 0.489011858 -0.013788766
0.853730785 0.519866699 0.029704567
0.386304028 0.524087950 -0.759013187
0.406362464 0.439036761 -0.801321578
0.103504846 0.235607464 -0.966320790
0.796548712 0.269245598 -0.541310408
0.789149938 0.274645250 -0.549374518
0.791843476 0.280288075 -0.542607136
0.023535904 0.998902846 0.040486613
0.024952380 0.999140583 0.033097945
-0.034232358 0.998351201 0.046076298
0.444520672 0.885039700 0.138224826
0.459260451 0.873717776 0.160303105
0.450721289 0.882397209 0.135001796
-0.166169287 0.941309070 -0.293811169
-0.116758725 0.948249545 -0.295279867
-0.496061598 0.831840520 -0.248926174
0.203900175 0.936418032 -0.285562583
0.170645912 0.941376796 -0.291014948
0.172924919 0.943546404 -0.282519303
0.799967625 0.564842581 0.202496070
0.775101355 0.600937676 0.195171202
0.788392885 0.584974997 0.190370458
-0.725256566 -0.279463200 -0.629208418
0.645480272 0.613522260 -0.454912799
-0.264412495 0.073527881 0.961602664
-0.981596059 0.144969790 -0.124309842
-0.788429247 -0.172116632 0.590554983
-0.622220570 0.614109240 0.485501187
-0.868808469 -0.410408700 0.277013617
-0.867989508 -0.417971550 0.268130560
-0.867515971 -0.415564462 0.273353650
-0.225058559 0.974341713 0.002621440
-0.230034458 0.973170362 0.004857358
-0.222853689 0.974810652 -0.008968041
-0.215332320 0.976434091 0.014438045
-0.208395700 0.977935516 0.014606818
-0.215328225 0.976398345 0.016733998
-0.674590969 -0.636563050 0.373784040
-0.680601616 -0.626121017 0.380465388
-0.678559703 -0.634989521 0.369249290
0.064809056 0.980018792 -0.188050401
0.049821997 0.981991525 -0.182237244
0.053168307 0.982578393 -0.178080972
-0.596003615 0.802484897 -0.028243268
-0.838805482 0.540720146 0.063459341
-0.838792677 0.538481768 0.080400442
0.730881830 0.581312108 -0.357614296
0.737977153 0.566638685 -0.366483726
0.721703707 0.553373831 -0.415837905
0.700705050 0.688487454 -0.187076075
0.711929906 0.661364684 -0.236119808
0.702965259 0.672412867 -0.231734290
-0.735099560 -0.431950688 0.522539224
-0.726062241 -0.426334687 0.539511221
-0.733831687 -0.422833993 0.531697724
-0.567871531 0.776810259 0.272190641
-0.596672118 0.756067165 0.268969933
-0.581228500 0.764963920 0.277495281
-0.341754726 -0.231954996 0.910714328
-0.347893772 -0.237328362 0.906997890
-0.341100226 -0.233866964 0.910470691
0.644050465 0.692527819 0.324968027
0.628354159 0.696367563 0.346761111
0.635641819 0.693503692 0.339134350
-0.718127849 0.665999803 0.201833232
-0.738361798 0.645102767 0.196632334
-0.752200651 0.628380228 0.198324155
-0.683001175 0.696477495 0.220064749
-0.709753689 0.669707899 0.218497208
-0.677976772 0.697529988 0.231947006
0.716239363 0.671550232 0.189793206
0.729341243 0.654891799 0.197934540
0.736975484 0.641822152 0.211970425
0.454060523 0.890695283 -0.022157479
0.447945497 0.893663685 -0.026646768
0.441771198 0.896190376 -0.041000231
-0.658730028 -0.497811369 0.564144123
-0.664250994 -0.498806860 0.556742609
-0.662745184 -0.510582888 0.547790046
-0.640805532 -0.473675471 0.604152149
-0.636719099 -0.472230778 0.609579266
-0.636723313 -0.464929530 0.615161731
-0.880427408 0.451240624 -0.145703391
-0.935297757 0.334411168 -0.115703403
-0.810095976 0.560161709 -0.173099305
-0.781456891 0.595629585 -0.185877714
-0.751070474 0.629798338 -0.198109051
-0.061179002 0.998108618 0.006026267
-0.079020858 0.996816117 0.010645800
-0.070102930 0.997504925 0.008336881
-0.075231803 0.997149432 0.005760662
-0.089269513 0.995992351 0.005494538
-0.475981264 -0.223714277 0.850525578
-0.481819851 -0.213251711 0.849925490
-0.447718211 -0.211311310 0.868847474
-0.143322573 -0.215077610 0.966022909
-0.134240425 -0.226547240 0.964705062
0.224335692 -0.148812562 0.963082717
0.664090953 0.600032398 -0.446031756
0.658570782 0.569699686 -0.491657191
0.657275547 0.588831454 -0.470389599
-0.687071899 -0.643894056 0.336649150
-0.691640551 -0.642509391 0.329871232
-0.690319961 -0.645126170 0.327521872
-0.000968823 0.990079023 -0.140508323
0.007538335 0.988661199 -0.149974019
-0.021293614 0.989161079 -0.145282284
0.043728832 0.993726647 -0.102932701
0.054095850 0.995032985 -0.083564329
0.066220486 0.992897381 -0.098841481
-0.299673390 0.931338043 -0.206894437
-0.301975485 0.929116620 -0.213431753
-0.287218554 0.938086594 -0.193646698
-0.640119539 -0.680527271 0.356552394
-0.630023405 -0.692229574 0.351978304
-0.663222520 -0.648849552 0.373001539
-0.642000478 -0.676323384 0.361139953
-0.647780508 -0.665390021 0.370993981
-0.651493166 -0.663459909 0.367936957
0.828282815 0.281556067 -0.484431379
0.832015411 0.272921556 -0.482974307
0.829467627 0.269905153 -0.489013971
0.601445214 0.757034867 -0.255268220
0.611164312 0.742950149 -0.272952853
0.597337550 0.754916647 -0.270718871
0.445363437 0.857548882 -0.257412750
0.464058099 0.851460372 -0.244264848
0.470642277 0.843838658 -0.257744384
0.768558556 0.392112648 -0.505534783
0.743681379 0.385003425 -0.546544022
0.756342897 0.388667103 -0.526197021
0.754228798 0.399354040 -0.521205594
0.739524868 0.406382749 -0.536615347
-0.914622279 0.395266448 0.085032478
-0.928852804 0.365934817 0.057655694
-0.934406720 0.350750102 0.062116404
-0.853735893 0.495761134 0.159235434
-0.850759496 0.497891675 0.168262175
-0.834712588 0.522281070 0.174577714
-0.441699043 0.856782304 -0.266131622
-0.443737081 0.857507055 -0.260344107
-0.478665242 0.838397760 -0.260708231
0.031989510 0.929525087 0.367368731
-0.064328945 0.927184158 0.369041088
0.022525968 0.933141206 0.358803665
-0.891762327 0.423387935 -0.159695362
-0.864384567 0.472694403 -0.171462304
-0.879803681 0.445853232 -0.164804057
-0.115395910 0.992098892 -0.049229785
-0.124620852 0.990173098 -0.063457693
-0.120311493 0.990494470 -0.066677211
-0.085353788 0.996343406 -0.003814315
-0.076397256 0.997068805 0.004154199
-0.078482100 0.996913673 0.001920519
0.655958193 0.688025276 0.310386965
0.593833595 0.743008855 0.308706175
0.656821958 0.685816548 0.313433530
0.701069217 0.650524685 0.292095169
0.743161617 0.608197412 0.278938558
0.643465311 0.709259623 0.287929125
-0.856592557 -0.494239227 0.148245669
-0.887935116 -0.440284576 0.133119203
-0.892281843 -0.432729733 0.128755934
0.607749010 0.437183982 -0.662956489
0.612759228 0.446845444 -0.651809234
0.610243512 0.439413366 -0.659180362
-0.154678585 0.981184944 -0.115544978
-0.156822683 0.980956301 -0.114592239
-0.147407417 0.982816567 -0.111097476
-0.172676288 0.977308457 -0.122682839
-0.172075790 0.977326619 -0.123379910
-0.186126278 0.974706497 -0.123710360
-0.346330150 0.893345549 -0.286337488
-0.360176972 0.885697462 -0.292937800
-0.375168164 0.878324456 -0.296302209
-0.148330946 0.988933365 0.002954493
-0.159863602 0.987124801 0.005315619
-0.157160598 0.987569268 0.002736270
-0.106060621 0.994349745 0.004441676
-0.097668497 0.995206603 0.004968026
-0.092549724 0.995679480 0.007544630
-0.909977577 0.382011230 -0.161270669
-0.924629214 0.347727652 -0.155390788
-0.917466867 0.364934403 -0.158358545
-0.912962982 0.374294603 -0.162487364
-0.915884698 0.366552166 -0.163690957
0.497952564 0.825880132 0.264509453
0.485555171 0.835107813 0.258517149
0.485957154 0.829502268 0.275266474
-0.297089216 -0.928335011 0.223454927
-0.337870792 -0.912834308 0.229296430
-0.297197373 -0.927535442 0.226609189
0.140191135 0.975214764 -0.171180050
0.179644664 0.970360352 -0.161643378
0.122730521 0.973388207 -0.193526788
-0.316659254 0.946679197 0.059375210
-0.339694860 0.937783364 0.071901069
-0.330564505 0.941590175 0.064304361
-0.704387852 -0.587665237 0.398104665
-0.693868232 -0.606064364 0.388886697
-0.697490766 -0.602190643 0.388423816
-0.718569025 -0.536181610 0.442908385
-0.713996566 -0.534040431 0.452779993
-0.720228750 -0.520081527 0.459114096
0.247776689 0.961582051 0.118180669
0.245152634 0.964722961 0.095967670
0.251578884 0.959359329 0.127819179
-0.188858187 0.979635219 -0.068172005
-0.179726025 0.981661153 -0.063560491
-0.186149953 0.979672077 -0.074771766
-0.213164832 0.973262106 -0.085566507
-0.219209567 0.970671696 -0.098709800
-0.219530888 0.971278935 -0.091779188
0.296909548 0.824642838 0.481465378
0.301367117 0.823865960 0.480023688
0.278521366 0.842239765 0.461582091
0.707619546 0.674194892 0.211508453
0.711659394 0.670706672 0.209029823
0.726876394 0.657982619 0.196747504
0.654617106 0.703883015 0.275726578
0.634870690 0.711244715 0.301778333
0.643808220 0.705518259 0.296234639
-0.318820916 0.927163384 -0.196777242
-0.270282647 0.940700909 -0.205009976
-0.302836393 0.931318980 -0.202324189
-0.249909715 0.958689714 -0.135864519
-0.249316791 0.958230363 -0.140127476
-0.241389107 0.961464556 -0.131594855
-0.843047575 -0.427729111 0.326065322
-0.848682119 -0.430363501 0.307450674
-0.836245008 -0.444551421 0.321042552
-0.791718790 -0.511072867 0.334642918
-0.786559441 -0.522530615 0.329068385
-0.771256992 -0.534881431 0.345057252
-0.620954834 0.713633312 -0.324256983
-0.659354404 0.680389622 -0.319877684
-0.634999855 0.701920155 -0.322619404
0.726666615 0.556621742 0.402651048
0.445127372 0.737758167 0.507517990
0.587434149 0.695739814 0.413360897
0.938747152 0.264542741 0.220841398
0.909764066 0.342319793 0.234832928
0.920755492 0.312993383 0.232904413
-0.750922223 -0.536843374 0.384597200
-0.764355769 -0.533371939 0.362318416
-0.762703942 -0.527018678 0.374878660
-0.754197294 -0.549520166 0.359463528
-0.767201977 -0.545756426 0.336973368
-0.765853181 -0.539623739 0.349678604
-0.777261893 -0.529538754 0.339783252
-0.789628188 -0.525345789 0.317015971
-0.788410055 -0.519284260 0.329777870
-0.845394838 -0.402201162 0.351485124
-0.848982381 -0.406457635 0.337670117
-0.855389683 -0.402249452 0.326349304
0.310080536 0.906355216 0.287002237
0.337412000 0.895446246 0.290394839
0.316631937 0.907249153 0.276845065
-0.254640439 0.926699621 0.276380281
-0.258540771 0.927461012 0.270134671
-0.272797887 0.920997462 0.278109667
-0.027186374 0.942818284 0.332196606
-0.100184982 0.945834011 0.308805754
-0.039034069 0.950226824 0.309104068
-0.760637792 0.590688216 0.269290886
-0.759625300 0.590218809 0.273150436
-0.739133995 0.610705613 0.284111936
0.144638467 0.945775200 0.290841855
0.179131458 0.938522910 0.295104502
0.109835932 0.951783807 0.286432631
0.198858052 0.922479318 0.330888778
0.285757032 0.883277977 0.371702750
0.167727250 0.946040461 0.277263440
0.173425557 0.942338752 0.286218888
0.227507833 0.917737492 0.325573465
-0.494969616 -0.830736582 0.254719082
-0.454178994 -0.851766479 0.261180603
-0.368339613 -0.889967960 0.268854905
-0.390488674 -0.880722052 0.268043398
-0.412412530 -0.870965750 0.267085317
-0.907350161 0.419380319 0.028910769
-0.939246139 0.343164428 0.007407135
-0.928207479 0.371481710 0.020789796
-0.773760255 0.629254196 0.073035775
-0.703489553 0.704924058 0.090468347
-0.766760616 0.638169680 0.069409066
-0.934928470 0.327543131 -0.136470708
-0.937631988 0.320762437 -0.134006397
-0.950792691 0.283374361 -0.125268630
-0.945664600 0.298709080 -0.128418650
-0.940279885 0.313962831 -0.131533565
-0.938128609 0.319344387 -0.133917424
-0.942054936 0.308080675 -0.132735811
-0.934866623 0.327560645 -0.136851824
0.330132224 0.793216331 0.511684050
0.362602548 0.780483651 0.509278571
0.356861027 0.783012872 0.509451715
0.849131892 0.524036710 0.066034513
0.851568304 0.522054450 0.047859958
0.867718701 0.495786907 0.035490838
0.777401899 0.613412730 0.139180135
0.773511148 0.618006433 0.140529544
0.797582077 0.593561777 0.107458120
0.351989582 0.894673119 0.275069708
0.386818158 0.875621928 0.289236843
0.376733934 0.881929935 0.283321608
0.850026178 0.266295656 -0.454469054
0.858651374 0.284704300 -0.426217409
0.858560752 0.269156380 -0.436380887
0.850310461 0.297412238 -0.434186688
0.858441781 0.300165326 -0.415906824
0.866232435 0.302779382 -0.397449385
0.873664135 0.305275169 -0.378837763
0.000551937 0.999523062 0.030876259
0.000685284 0.999479058 0.032266760
0.000418574 0.999565115 0.029485689
-0.001205977 0.999479797 0.032228579
-0.002830508 0.999384314 0.034971140
0.950333853 0.227482487 0.212408300
0.962407020 0.190923640 0.193186160
0.936500943 0.263620971 0.231235738
0.930912548 0.276135593 0.239062675
0.925092616 0.288583585 0.246826187
0.743960161 0.091915376 -0.661872225
0.750320490 0.089884185 -0.654935108
0.737530770 0.093937761 -0.668748129
0.742056070 0.090190216 -0.664242812
0.746540724 0.086438148 -0.659700988
-0.803684931 -0.493500416 0.332487401
-0.798675729 -0.502142268 0.331617585
-0.815532099 -0.488996776 0.309498866
-0.767999569 -0.518548635 0.375877607
-0.781058517 -0.514823787 0.353417688
-0.793581084 -0.510744787 0.330709580
-0.805560378 -0.506302260 0.307783202
-0.706202246 -0.675751417 0.211278042
-0.747720414 -0.633555714 0.198799748
-0.795387137 -0.577893779 0.182751424
-0.530258376 -0.812060860 0.243686713
-0.564634521 -0.792021578 0.232141502
-0.469396866 -0.846250628 0.252044552
0.606943738 0.633274448 0.480190351
0.295702070 0.785657684 0.543417234
0.294840638 0.773109692 0.561578491
0.952195535 0.222747872 0.209062308
0.935376631 0.271981695 0.226045383
0.938651512 0.260661412 0.225807368
-0.279953525 0.850986999 0.444350257
-0.471980771 0.789459824 0.392412204
-0.378025560 0.824695517 0.420682755
-0.311698989 0.845985688 0.432610629
-0.343089128 0.839940236 0.420464327
-0.712196433 -0.537178465 0.451902133
-0.725594610 -0.537425307 0.429751674
-0.742226227 -0.550331537 0.382407411
-0.740440152 -0.543878826 0.394897713
-0.738510358 -0.537307827 0.407311614
0.637609969 0.631142041 -0.441716256
0.632683303 0.652347088 -0.417318961
0.641861196 0.609256996 -0.465639472
0.638736308 0.599921828 -0.481777677
0.635394236 0.590366475 -0.497736467
0.632941473 0.632893932 -0.445903984
0.632908172 0.642715840 -0.431675335
0.634525585 0.611974214 -0.472085631
0.763187660 0.631790883 0.135590838
0.747023189 0.648417674 0.146665860
0.755159385 0.640169503 0.141128706
0.788675561 0.608095801 0.090611014
0.811614583 0.582430715 0.045345683
-0.781065503 -0.551307000 0.293252915
-0.767922337 -0.566329844 0.299275445
-0.740753684 -0.590887494 0.319587153
-0.810736564 -0.514555429 0.279175456
-0.783474133 -0.542954429 0.302272677
-0.817248332 -0.506138318 0.275552476
0.718122449 0.423654347 -0.552102474
0.716924756 0.435790043 -0.544156165
0.678010295 0.435925078 -0.591837280
0.697188129 0.442151435 -0.564296750
0.715562101 0.447858468 -0.536091105
0.761222177 0.562590200 0.322541568
0.733251141 0.597980051 0.323670546
0.762500776 0.560226145 0.323634414
-0.697892074 -0.491783079 0.520668855
-0.691397831 -0.507916163 0.513799777
-0.704153355 -0.475460508 0.527356955
-0.692467002 -0.469383602 0.547876342
-0.680379482 -0.463026749 0.568058086
-0.662146334 0.691321438 -0.289200451
-0.636135941 0.716255498 -0.286895670
-0.611113087 0.735854024 -0.291649877
-0.772029714 0.572359804 -0.276359141
-0.811977999 0.520091312 -0.264946705
-0.792445485 0.546529848 -0.270804873
-0.788030363 0.552818996 -0.270923061
-0.803504747 0.532908414 -0.265308772
-0.707912037 0.652130590 -0.271267840
-0.671565161 0.685579127 -0.281036467
-0.709722760 0.651567525 -0.267868185
-0.688630061 0.666755928 -0.285000301
-0.684029413 0.669439420 -0.289749243
-0.637577840 0.709720120 -0.299652881
0.589287573 0.732311246 -0.341262943
0.589747623 0.730017274 -0.345358539
0.577151357 0.745514115 -0.333324191
0.603056856 0.722699374 -0.337680386
0.597907442 0.733822165 -0.322508481
0.610316438 0.712881496 -0.345418324
0.860833154 0.340330065 -0.378340755
0.860659627 0.354722344 -0.365290383
0.869812430 0.352697473 -0.345008448
0.847477509 0.286066220 -0.447155442
0.847220861 0.270467172 -0.457235521
0.844385890 0.274632240 -0.459988698
-0.737267606 0.609206424 -0.292068502
-0.707075254 0.639859403 -0.301039082
-0.690972507 0.654832559 -0.306188365
0.242274255 0.805581791 0.540685827
0.171265345 0.832201651 0.527360023
0.297849314 0.789534158 0.536583265
-0.016093284 0.863261774 0.504499867
0.041622301 0.860012157 0.508573174
0.099252852 0.853951798 0.510798588
0.156483299 0.844880627 0.511556158
-0.800366674 -0.487852599 0.348443724
-0.796807128 -0.482051507 0.364314076
-0.782623811 -0.500449349 0.370203214
-0.800258492 -0.515040218 0.307115482
-0.810824416 -0.504407092 0.296879188
-0.778339209 -0.535793857 0.327281252
-0.789428905 -0.525503598 0.317250646
-0.810634940 -0.504571214 0.297117627
-0.820754228 -0.493942169 0.287025487
-0.830792659 -0.482986343 0.276600345
0.699312853 0.677618466 0.227584594
0.704503212 0.676277567 0.215229823
0.693995561 0.678836561 0.239898073
0.695036282 0.679289763 0.235563122
0.696063296 0.679729023 0.231223578
0.751947969 0.094418797 -0.652425738
0.760928771 0.089080191 -0.642691313
0.742813717 0.099740154 -0.662026951
0.752206044 0.099375703 -0.651391232
0.761446477 0.098989361 -0.640624983
0.729383009 0.412364191 -0.545853643
0.709916902 0.418857707 -0.566194502
0.712944177 0.402764882 -0.574013109
0.701504172 0.413934316 -0.580129536
0.689856052 0.424995811 -0.586069269
-0.330704040 0.857017736 0.395165077
-0.465072401 0.798180727 0.382903629
-0.189173022 0.897308035 0.398813062
-0.255591600 0.882142357 0.395598023
-0.320810749 0.862826336 0.390654805
-0.855412302 0.468254673 -0.221376048
-0.857581246 0.465264510 -0.219279143
-0.866453807 0.451476051 -0.213136519
-0.836756935 0.495329161 -0.233424194
-0.848445767 0.478910563 -0.225354062
-0.859734713 0.462266185 -0.217177802
-0.870618439 0.445403753 -0.208899571
-0.948556861 0.289726368 -0.127665634
-0.949680852 0.286552240 -0.126467758
-0.941942069 0.308700111 -0.132096105
0.723351735 0.396931663 -0.564984533
0.731543917 0.401717401 -0.550878051
0.733600120 0.391008717 -0.555826455
-0.807876647 0.535304526 -0.246544901
-0.782878369 0.566210229 -0.257890357
-0.812537930 0.530289914 -0.242022146
-0.831938373 0.500165138 -0.240236088
-0.841523276 0.486774055 -0.234285287
-0.827042726 0.504952487 -0.247028976
0.221652838 0.819338801 0.528728616
0.200907387 0.832658070 0.516058873
0.092940202 0.853095052 0.513411093
0.540533227 0.755676472 0.369833612
0.561543467 0.738106928 0.373988097
0.551091288 0.746963288 0.371946553
0.561543316 0.738107062 0.373988060
0.582122643 0.719971115 0.377855557
0.571887914 0.729108962 0.375957891
0.582122791 0.719970977 0.377855592
0.602255406 0.701282536 0.381433128
0.592245983 0.710694862 0.379680798
0.551091313 0.746963242 0.371946609
0.529871642 0.764244501 0.367649812
0.571888087 0.729108779 0.375957982
0.551091338 0.746963196 0.371946665
0.529871694 0.764244411 0.367649926
0.530130369 0.764039246 0.367703443
0.540789498 0.755467649 0.369885590
0.508509058 0.780741078 0.363127949
0.519369534 0.772464261 0.365450752
0.497816865 0.788673520 0.360794191
0.464657694 0.811968037 0.353272040
0.475891359 0.804292109 0.355867416
