0.000834754 -0.996243257 -0.086594894
0.000004189 -0.989077759 -0.147394661
-0.000000348 0.943707038 0.330782445
-0.000000666 0.735213355 0.677835763
0.030700572 -0.615007713 0.787923212
0.000008596 -0.981260091 -0.192687918
0.000018268 -0.978212710 -0.207605139
0.000092562 -0.977553308 -0.210688208
-0.082550466 -0.980626821 -0.177641377
-0.507165403 -0.861845445 0.002384076
-0.041373920 -0.982357799 -0.182376955
-0.054913052 -0.981610308 -0.182827131
-0.038883231 -0.986722508 -0.157692060
-0.138811544 -0.977401146 -0.159431348
-0.665458311 0.685292428 0.295870790
-0.267968241 -0.957341769 -0.108119194
-0.734097170 0.624716892 0.266139345
-0.776426419 0.178418528 0.604424391
-0.333926429 -0.938720379 0.085423596
-0.858193726 0.475237447 0.194043546
-0.232403301 -0.972607606 0.004811576
-0.962066914 0.257176284 0.091036320
-0.124291775 -0.989333755 -0.075962334
-0.174703667 -0.983814003 -0.039857696
-0.090785385 -0.990853126 -0.099840355
-0.897324430 -0.391042324 -0.204682117
-0.922431010 0.374691015 0.093422021
-0.971402773 0.222379267 0.083211260
-0.999286339 -0.021176880 0.031278639
-0.950253301 -0.308925177 -0.039798229
-0.817761844 -0.564786609 -0.110822618
-0.644170065 -0.747932151 -0.160132520
-0.062569666 -0.693510299 0.717724531
-0.015637734 -0.850085105 0.526413122
-0.023230484 -0.896538384 0.442356498
0.194582493 -0.961591468 0.193596233
-0.624076429 -0.703339122 -0.340356711
0.012197681 -0.998734273 -0.048796193
0.209617417 -0.914470768 -0.346126787
-0.900796879 0.409304243 0.145034547
0.008158961 -0.985559282 0.169134067
0.090415391 -0.969891365 0.226132255
0.787103308 -0.565768763 0.245711396
0.003327175 -0.999124751 0.041697269
-0.882395667 0.365105449 -0.296775837
-0.002836259 -0.999923925 -0.012004133
-0.951055201 0.302973533 0.060836202
0.492766802 -0.843506171 0.213724632
0.000039835 -0.977398279 -0.211406251
0.000002602 -0.982346289 0.187071558
0.006039663 -0.997160862 0.075058227
0.011412092 -0.999783423 0.017403205
0.097587730 -0.964459320 0.245550108
0.214973591 -0.959909563 0.179888813
0.031880782 -0.988869116 0.145332331
0.002021305 -0.935144391 0.354261038
0.213784602 -0.967210124 0.137115721
0.205656643 -0.967861041 -0.144742362
0.414542066 -0.907354690 0.069730497
-0.001315205 -0.794509153 0.607250753
-0.881409905 0.366729230 -0.297701613
-0.877723625 0.210713140 -0.430350103
0.629333771 -0.734963529 0.252522507
-0.304591346 -0.895417163 -0.324734070
-0.000000113 0.957212287 0.289386659
0.054128280 -0.980755696 -0.187585700
0.143128091 -0.988473446 0.049341628
0.051143401 -0.940670674 0.335444535
-0.497205440 -0.724840012 -0.476858163
0.004006605 -0.982983564 -0.183649832
0.712971357 -0.683624574 0.155978479
0.324710775 -0.930110112 0.171633596
0.031580685 -0.939941556 0.339871346
0.000435819 -0.932141537 0.362093863
-0.953227273 -0.043764483 -0.299069284
0.109043527 -0.993911235 0.015810313
-0.000000122 0.930126027 0.367240486
0.026413505 -0.772100770 0.634950965
0.010654326 -0.976612904 0.214741055
0.005320169 -0.995733394 0.092123305
0.029633226 -0.676895863 0.735482062
0.025333676 -0.666550988 0.745028849
0.013339183 -0.947066905 0.320759012
0.017540921 -0.903837177 0.427516869
0.001803676 -0.998201323 -0.059923830
0.022047509 -0.846659457 0.531678166
0.000281928 -0.985833751 -0.167725179
-0.319916265 0.871155263 0.372480994
-0.248269265 0.908478418 0.336198360
-0.479861528 0.797078198 0.366605046
-0.615344214 0.611004640 0.498020912
-0.876156498 -0.238078227 0.419128320
-0.615066857 0.685695037 0.389249378
0.010729175 -0.969205924 0.246017807
0.015178873 -0.930722232 0.365411724
-0.529091973 -0.833261223 0.160428856
0.019276567 -0.883231648 0.468540575
0.022113898 -0.820376560 0.571395900
0.023299038 -0.738053897 0.674339381
0.016469641 -0.729230024 0.684070408
0.007145510 -0.987117934 0.159834686
0.010215572 -0.999540373 0.028542701
-0.267869947 -0.963062327 -0.027507192
-0.012697000 -0.993161116 -0.116059396
0.009419834 -0.999248656 -0.037595078
0.012710260 -0.999911098 0.004030556
-0.817313248 0.419208528 0.395301487
-0.163786243 -0.982562188 -0.088009168
-0.789077252 0.574203756 0.218282240
-0.110066559 -0.986950695 -0.117531606
0.014950330 -0.902484794 0.430462176
0.012441297 -0.940344021 0.339997554
0.016348252 -0.851677772 0.523810755
0.015587544 -0.785671382 0.618447660
0.008147545 -0.771054937 0.636716500
0.011597563 -0.967374915 0.253083525
-0.948083057 -0.206672471 0.241712654
-0.079203888 -0.987904780 -0.133307499
-0.888154740 0.426333208 0.171525956
-0.801753808 0.557481938 0.215417547
0.015498057 -0.986370066 0.163810570
-0.971704886 0.213879265 0.100226119
-0.659617017 -0.746359688 -0.088614933
-0.064594525 -0.989423051 -0.129882919
-0.028879666 -0.996482802 -0.078663781
-0.010925074 -0.997334446 -0.072143223
-0.990756882 -0.131269982 -0.034190519
0.027375755 -0.991997365 0.123255001
-0.825360841 -0.531908799 -0.189347596
0.012077643 -0.860617825 0.509108131
0.008933264 -0.810857323 0.585175699
0.014234196 -0.899849781 0.435967613
-0.619671214 -0.744153122 -0.249486908
0.017764923 -0.929850007 0.367509690
-0.363963782 -0.924570747 -0.112691167
-0.420417001 -0.891850890 -0.166887795
0.025228141 -0.951245391 0.307401607
0.024181120 -0.996367631 0.081650580
-0.224460540 -0.972917972 -0.055209468
-0.136768830 -0.985732543 -0.098110350
-0.062903374 -0.994605507 -0.082480610
-0.043839797 -0.996126456 -0.076224372
0.037035229 -0.961636950 0.271813848
0.003215754 -0.792135570 0.610336708
0.005805897 -0.815743712 0.578384377
0.011856082 -0.850003654 0.526643354
0.018628950 -0.878746981 0.476924214
-0.434064622 -0.891838075 -0.127329308
0.007758304 -0.999564073 0.028486372
-0.015326523 -0.999195035 -0.037072626
0.043705001 -0.968188446 0.246375743
0.027377779 -0.901395033 0.432131289
-0.090566080 -0.988436906 -0.121615248
-0.234722724 -0.959860944 -0.153532442
0.038903477 -0.913318993 0.405382456
0.001586311 -0.793155756 0.609016773
0.004309929 -0.802238939 0.596987528
0.044069651 -0.980670101 0.190641074
0.034186063 -0.993987109 0.104023752
0.011288204 -0.823288137 0.567511426
-0.955231513 0.294871284 -0.024159526
-0.973759597 0.224350837 -0.038196185
0.023482217 -0.999714629 0.004387019
-0.018658452 -0.996013696 -0.087227168
-0.995596362 0.086008405 -0.037288591
0.049524934 -0.923009792 0.381575948
0.057131672 -0.947520954 0.314547315
-0.992655767 -0.103617868 -0.062432887
-0.942279511 -0.318180548 -0.104261504
0.019343665 -0.844086227 0.535858436
-0.673261740 -0.713791303 -0.192926424
-0.841669700 -0.517383571 -0.154616808
-0.414153784 -0.881524292 -0.226697077
0.028902824 -0.856709704 0.514988456
-0.111560371 -0.972640077 -0.203778225
-0.241348350 -0.930134518 -0.276768408
-0.001630561 -0.775963227 0.630776040
-0.001765778 -0.774001419 0.633181400
0.057817682 -0.991945527 0.112699545
0.039986158 -0.869822653 0.491741457
0.046630826 -0.897794610 0.437938814
0.003397785 -0.786692553 0.617335632
0.050073270 -0.996077933 -0.072948061
-0.013000650 -0.987653354 -0.156114818
0.010590073 -0.799392571 0.600715713
-0.955906385 0.258380890 -0.139579003
-0.013670683 -0.741639378 0.670659486
-0.964750519 0.211008950 -0.157263024
-0.980772834 0.106268031 -0.163681869
-0.980869782 -0.033307257 -0.191794416
-0.953015222 -0.186003525 -0.239091355
-0.907442973 -0.308560177 -0.285197947
0.062694263 -0.957279170 0.282287124
0.070583175 -0.974502241 0.212986849
0.022404259 -0.817768383 0.575111225
-0.018654152 -0.732705149 0.680290517
-0.208308255 -0.891055154 -0.403272096
-0.639428516 -0.680114716 -0.358573766
0.089365637 -0.988604495 0.121140148
0.084278404 -0.996155145 0.023918154
-0.052626324 -0.960418707 -0.273544106
-0.009658406 -0.751629421 0.659514920
-0.001555833 -0.767986847 0.640463724
0.032623154 -0.852447880 0.521793390
-0.031599028 -0.708199829 0.705304547
-0.025360229 -0.717483766 0.696113428
0.047171971 -0.921520817 0.385453225
0.117888420 -0.990005112 -0.077409295
0.110574287 -0.977705364 -0.178509236
-0.043273986 -0.688786552 0.723671506
0.068659099 -0.964175245 0.256226510
0.038262032 -0.925985798 0.375614588
-0.031255618 -0.721958577 0.691229990
0.015237974 -0.803517463 0.595086120
-0.921135455 0.298421752 -0.249907847
-0.928228208 0.237140372 -0.286630140
-0.919565428 0.288348926 -0.266935050
0.022891277 -0.881225902 0.472140762
-0.939802159 0.151821895 -0.306140513
-0.064509773 -0.663990478 0.744953109
-0.051018301 -0.689067758 0.722898857
-0.187796669 -0.977568255 -0.095355745
0.113857490 -0.988486990 0.099649099
0.112173116 -0.993073360 0.034964173
0.000986443 -0.773406613 0.633909487
0.867533180 -0.462193856 0.183747168
0.516560620 -0.855845875 -0.026324221
0.143001097 -0.944875856 -0.294551019
-0.010863097 -0.828397708 0.560035027
0.061992268 -0.959100567 0.276193884
0.095278194 -0.974363336 0.203809116
-0.908498531 0.304038269 -0.286689988
-0.030622143 -0.785438536 0.618181681
-0.001166899 -0.792841286 0.609427054
0.330625696 -0.943014824 -0.037545859
0.205106156 -0.977841581 -0.041920252
0.001065139 -0.885371492 0.464882983
0.692435295 -0.667931126 0.272766152
-0.519062902 -0.841397125 0.150414697
0.780797120 -0.566258983 0.264020117
-0.024661088 -0.872014031 0.488859244
-0.019131011 -0.870754772 0.491345227
-0.022249800 -0.861984576 0.506445987
-0.041347404 -0.756448035 0.652745558
-0.037434745 -0.739329418 0.672302500
0.560687202 -0.815656473 0.142598664
0.676562753 -0.705939948 0.209551022
0.132332496 -0.980959279 0.142151338
0.144573159 -0.974313057 0.172663454
0.184652470 -0.978118374 0.095853593
0.030023496 -0.939766368 0.340496349
0.000981595 -0.924579844 0.380987070
0.006264744 -0.917679025 0.397273156
-0.030138822 -0.815521994 0.577940765
-0.022604920 -0.821994892 0.569046057
-0.019253941 -0.807998108 0.588870396
0.781740208 -0.555256051 0.283853773
0.667045811 -0.694528510 0.269592349
0.741518571 -0.612187568 0.274547976
-0.021837165 -0.911103191 0.411599457
0.410784692 -0.901072910 0.139009168
0.289150862 -0.948782186 0.127295493
0.301175315 -0.951366729 0.064767093
-0.028170015 -0.895959395 0.443241709
-0.004291044 -0.895292097 0.445458919
0.690049865 -0.673377315 0.265319007
0.054186114 -0.953252985 0.297275312
0.095641148 -0.964906973 0.244555318
0.048907107 -0.952192656 0.301558021
0.463559357 -0.863225966 0.199884101
0.559459225 -0.796321912 0.229949532
0.548536689 -0.809782822 0.208228916
-0.010180170 -0.932679861 0.360561563
0.004608247 -0.934860308 0.354985872
0.559405220 -0.793110560 0.240917910
0.652079904 -0.714196712 0.254391145
-0.000734738 -0.939225301 0.343300588
0.148295326 -0.966053154 0.211541484
0.144506426 -0.968261193 0.203931741
0.218477699 -0.961191925 0.168456457
0.068408093 -0.960853243 0.268479755
0.579646770 -0.783144362 0.225154459
0.362998616 -0.915950305 0.171076132
0.265626985 -0.947586176 0.177546458
0.294660370 -0.942836099 0.155677089
0.086854845 -0.965238313 0.246518223
0.061535717 -0.961169032 0.269011983
0.405374828 -0.892023532 0.199913148
0.484418124 -0.850647742 0.204297576
0.480290089 -0.851322828 0.211118149
0.383334010 -0.901615881 0.200359276
-0.016306691 -0.915902580 0.401069266
-0.016416339 -0.919528831 0.392679556
0.002343526 -0.938992588 0.343929394
0.011912933 -0.947082982 0.320767684
0.249692417 -0.950563440 0.184615396
0.251973432 -0.951272373 0.177736497
0.144174228 -0.967075469 0.209711300
0.164038679 -0.966886683 0.195503079
-0.025322034 -0.844195937 0.535436284
-0.014595315 -0.845936093 0.533084517
0.008716372 -0.848167626 0.529656211
0.082613608 -0.980626055 -0.177616248
0.507171997 -0.861841555 0.002387455
0.041655685 -0.982365331 -0.182272214
0.055043102 -0.981612340 -0.182777109
0.039476307 -0.986739077 -0.157440831
0.138842475 -0.977398824 -0.159418652
0.665457919 0.685292741 0.295870945
0.267982770 -0.957338426 -0.108112776
0.734096509 0.624717535 0.266139658
0.776425564 0.178422245 0.604424392
0.333953988 -0.938708533 0.085446033
0.858192339 0.475239543 0.194044547
0.232451431 -0.972595917 0.004849219
0.962065361 0.257181270 0.091038652
0.124456494 -0.989322716 -0.075836301
0.174795698 -0.983800526 -0.039786788
0.091043701 -0.990849318 -0.099642730
0.897333351 -0.391025712 -0.204674743
0.922430561 0.374691983 0.093422575
0.971401957 0.222382228 0.083212876
0.999286377 -0.021168039 0.031283411
0.950260035 -0.308905906 -0.039787023
0.817785070 -0.564757155 -0.110801335
0.644222166 -0.747895436 -0.160094404
0.068822757 -0.696252073 0.714490363
0.018401020 -0.851325550 0.524314992
0.024630555 -0.897075303 0.441190704
-0.194513264 -0.961623899 0.193504697
0.624105833 -0.703317445 -0.340347587
-0.009525923 -0.998791149 -0.048223411
-0.209491233 -0.914483121 -0.346170542
0.900796305 0.409305304 0.145035116
-0.089693907 -0.970086284 0.225582810
-0.548031740 -0.834144746 0.062159111
0.882394408 0.365118265 -0.296763814
0.004176754 -0.999927436 -0.011299440
0.951054702 0.302974931 0.060837037
-0.492746647 -0.843526673 0.213690182
0.002672653 -0.997091541 0.076166368
-0.009401502 -0.999789262 0.018249469
-0.097306164 -0.964568953 0.245231003
-0.214868338 -0.959958925 0.179751107
-0.028698251 -0.988752485 0.146781928
-0.001408129 -0.935365398 0.353680067
-0.213521443 -0.967304932 0.136856724
-0.205435421 -0.967893673 -0.144838273
-0.414414507 -0.907421966 0.069613152
0.006120606 -0.796671002 0.604382207
0.881408013 0.366748350 -0.297683661
0.879551413 0.377559462 -0.289548209
-0.629309806 -0.734997891 0.252482213
0.304742140 -0.895376316 -0.324705222
-0.053663230 -0.980780396 -0.187590175
-0.142569708 -0.988570408 0.049014557
-0.048455387 -0.941086194 0.334677234
0.891486647 -0.248548770 -0.378781027
-0.003650264 -0.982985649 -0.183646099
-0.712925576 -0.683686144 0.155917863
-0.324675045 -0.930132331 0.171580774
-0.030050848 -0.940339852 0.338906933
0.000163892 -0.932376130 0.361489591
0.953238199 -0.043724722 -0.299040274
-0.107960136 -0.994032780 0.015602597
0.033845848 -0.668771338 0.742697351
0.319915888 0.871155473 0.372480826
0.248269095 0.908478493 0.336198280
0.479861209 0.797078395 0.366605036
0.615343112 0.611006049 0.498020545
0.876157327 -0.238072531 0.419129823
0.615066029 0.685695767 0.389249400
0.014815345 -0.931196354 0.364216771
0.010378577 -0.969154152 0.246236703
0.529104796 -0.833251162 0.160438824
0.019451430 -0.884590079 0.465963553
0.025287457 -0.822730709 0.567868581
0.031589146 -0.740898405 0.670873818
0.036182867 -0.732782861 0.679499873
0.006192879 -0.986942028 0.160956772
-0.005053678 -0.999550622 0.029546823
0.267899352 -0.963054704 -0.027487700
0.013660893 -0.993185067 -0.115744559
-0.007706972 -0.999286161 -0.036983387
-0.009854786 -0.999939153 0.004957245
0.817311612 0.419211273 0.395301957
0.163843746 -0.982555896 -0.087972371
0.789076797 0.574204279 0.218282512
0.110175353 -0.986946788 -0.117462460
0.023596096 -0.854449057 0.518999069
0.017148463 -0.903818870 0.427571492
0.031576226 -0.789428548 0.613029778
0.035429222 -0.774690716 0.631347024
0.011762863 -0.940577683 0.339374804
0.948084384 -0.206661318 0.241716983
0.005076243 -0.967134636 0.254214138
0.079401846 -0.987905864 -0.133181647
0.888153850 0.426334759 0.171526711
0.801753258 0.557482600 0.215417883
-0.005711996 -0.986182710 0.165562787
0.971703694 0.213883706 0.100228198
0.659638147 -0.746342500 -0.088602417
0.064980591 -0.989431644 -0.129624629
0.029621907 -0.996494001 -0.078244802
0.012025007 -0.997357407 -0.071649161
0.990758673 -0.131257943 -0.034184864
-0.022890169 -0.991921573 0.124770320
0.825377549 -0.531886811 -0.189336532
0.029272398 -0.814236665 0.579794602
0.020024592 -0.862763306 0.505211335
0.011400192 -0.900597663 0.434504182
0.619709552 -0.744126983 -0.249469645
0.001380914 -0.929703233 0.368306927
0.364036860 -0.924547498 -0.112645853
0.420457003 -0.891835637 -0.166868526
-0.012127050 -0.950822115 0.309499983
-0.021941711 -0.996332248 0.082708002
0.224601737 -0.972890714 -0.055115509
0.137016145 -0.985715041 -0.097940969
0.063359244 -0.994600266 -0.082194382
0.044412140 -0.996129465 -0.075852824
-0.028972993 -0.961255511 0.274132099
0.031329501 -0.795479693 0.605169828
0.024255441 -0.818490849 0.574007320
0.013306555 -0.851415951 0.524322243
0.001338131 -0.878956620 0.476899853
0.434170378 -0.891794841 -0.127271541
-0.006212672 -0.999551619 0.029291008
0.016234167 -0.999199583 -0.036560148
-0.038910710 -0.967924349 0.248210419
-0.012590068 -0.900974172 0.433690019
0.090941234 -0.988423809 -0.121441619
0.234924845 -0.959827746 -0.153430817
-0.028747263 -0.912757448 0.407489185
0.025110930 -0.796253346 0.604441932
0.018717415 -0.804503103 0.593653448
-0.041039601 -0.980592730 0.191712411
-0.032005588 -0.993960028 0.104971927
0.007894363 -0.824200778 0.566242666
0.955231080 0.294872770 -0.024158502
0.973759059 0.224353481 -0.038194382
-0.055854193 -0.992008552 0.113134181
-0.022181542 -0.999742157 0.004857948
0.019329045 -0.996026301 -0.086936731
0.995595947 0.086015074 -0.037284266
-0.042906803 -0.922633602 0.383283503
0.992657990 -0.103602522 -0.062423005
0.942290676 -0.318153552 -0.104242984
-0.004207454 -0.844066529 0.536221962
0.673329731 -0.713737650 -0.192887637
0.841699453 -0.517344568 -0.154585345
0.414284728 -0.881474035 -0.226653235
-0.017666232 -0.856344277 0.516103075
0.111857371 -0.972619492 -0.203713651
0.241541135 -0.930100201 -0.276715552
0.021539475 -0.778873222 0.626811419
-0.053059988 -0.947521724 0.315257386
0.018802726 -0.775964296 0.630496526
-0.032064325 -0.869628404 0.492664509
0.010869661 -0.787510942 0.616204809
-0.049320402 -0.996120616 -0.072878092
0.013465163 -0.987659733 -0.156035063
0.000810661 -0.799655732 0.600458202
-0.013840209 -0.818115970 0.574886691
0.955905934 0.258383814 -0.139576684
0.026960287 -0.744340054 0.667256343
-0.041277046 -0.898057713 0.437936697
0.964750045 0.211014291 -0.157258767
0.980773055 0.106279826 -0.163672885
0.980873719 -0.033285184 -0.191778109
0.953028491 -0.185968374 -0.239065807
0.907471979 -0.308503599 -0.285166858
-0.059753208 -0.957520601 0.282106102
-0.068028012 -0.974638854 0.213193092
-0.026612564 -0.853261565 0.520803680
0.030616473 -0.734476097 0.677943578
0.208451570 -0.891019224 -0.403277429
0.639517215 -0.680044446 -0.358548859
-0.087843333 -0.988763725 0.120953895
-0.083068535 -0.996256347 0.023935542
0.052852768 -0.960402796 -0.273556308
0.020620141 -0.752657825 0.658088905
0.010194010 -0.769069962 0.639083309
0.041385149 -0.710608428 0.702369512
0.036072424 -0.719779197 0.693265236
-0.019014822 -0.882098631 0.470680828
-0.043658215 -0.921971004 0.384790109
-0.117368757 -0.990056262 -0.077544656
-0.110233662 -0.977731630 -0.178576033
0.052573693 -0.690773139 0.721157734
0.039673430 -0.723884035 0.688780025
-0.066691462 -0.964471660 0.255629941
-0.035886586 -0.926572691 0.374399789
-0.009026379 -0.805101323 0.593068616
0.921134995 0.298427323 -0.249902890
0.928228333 0.237156790 -0.286616154
0.919564905 0.288358210 -0.266926821
0.939805091 0.151850776 -0.306117189
0.072408458 -0.666528693 0.741954525
0.058302338 -0.691598739 0.719925011
0.932141488 0.216858427 -0.289973567
-0.112944396 -0.988627398 0.099294669
-0.111362718 -0.993171635 0.034762735
0.005044488 -0.775665203 0.631124430
0.001232572 -0.886260797 0.463184931
-0.701808084 -0.712257790 0.012419867
-0.516446016 -0.855912505 -0.026406359
-0.142835679 -0.944883135 -0.294607927
0.014867968 -0.829895347 0.557720948
-0.060858183 -0.959388269 0.275445877
-0.094201594 -0.974581273 0.203266823
0.908497999 0.304047355 -0.286682040
0.033531381 -0.817056832 0.575581254
0.034882922 -0.787419648 0.615429508
0.005934664 -0.795094089 0.606457063
-0.204778154 -0.977901773 -0.042119243
-0.330438534 -0.943075152 -0.037678006
0.550480012 -0.821516512 0.148601405
0.519072877 -0.841390627 0.150416624
-0.205770137 -0.956159637 0.208368424
0.021151832 -0.871628513 0.489710460
0.024519556 -0.862954978 0.504685543
0.046236668 -0.758684011 0.649815930
0.043099719 -0.741894696 0.669129788
-0.560619591 -0.815716731 0.142519785
-0.676528815 -0.705987738 0.209499584
-0.131680094 -0.981110092 0.141715705
-0.144123309 -0.974445926 0.172289320
-0.184255128 -0.978222547 0.095554678
-0.028851587 -0.940125689 0.339604585
0.000006755 -0.924923143 0.380154152
-0.004724953 -0.918183802 0.396126471
0.025929064 -0.823518295 0.566696833
0.023127882 -0.809745763 0.586324911
-0.781736812 -0.555267300 0.283841121
-0.667033761 -0.694550621 0.269565200
-0.741513255 -0.612201579 0.274531092
0.022790401 -0.911467162 0.410741051
-0.410692620 -0.901131308 0.138902623
-0.288987889 -0.948855396 0.127119778
-0.300968305 -0.951445213 0.064576202
0.017154629 -0.916233205 0.400277945
0.029405173 -0.896457257 0.442153505
0.005883617 -0.895966412 0.444082843
-0.690044059 -0.673389062 0.265304293
-0.053731718 -0.953418982 0.296825113
-0.095179470 -0.965063505 0.244117388
-0.048152201 -0.952438299 0.300903062
-0.463522279 -0.863258357 0.199830195
-0.559436177 -0.796349166 0.229911221
-0.548497275 -0.809824543 0.208170482
-0.001884873 -0.939168078 0.343452717
0.010706737 -0.932879500 0.360029448
-0.003991912 -0.935096260 0.354371344
-0.559392095 -0.793127468 0.240892724
-0.652072313 -0.714210344 0.254372332
0.026577048 -0.872823606 0.487311617
0.001175326 -0.939389350 0.342850211
-0.148116591 -0.966126008 0.211333890
-0.144221971 -0.968367290 0.203629110
-0.218304996 -0.961266029 0.168257391
-0.068128175 -0.960965613 0.268148546
-0.061301511 -0.961262742 0.268730470
-0.579637592 -0.783156605 0.225135500
-0.362944767 -0.915985386 0.171002543
-0.265563785 -0.947619593 0.177462623
-0.294558490 -0.942889608 0.155545758
-0.086678254 -0.965308408 0.246305823
-0.405348480 -0.892044569 0.199872700
-0.383311439 -0.901632845 0.200326116
-0.484404842 -0.850660305 0.204276757
-0.480275488 -0.851337193 0.211093436
0.017170336 -0.919820911 0.391962589
-0.011576871 -0.947212191 0.320398253
-0.249647026 -0.950587602 0.184552359
-0.251929177 -0.951295844 0.177673596
-0.144068174 -0.967121468 0.209572013
-0.163930050 -0.966934300 0.195358642
0.027971799 -0.845378979 0.533434120
0.017406161 -0.847201794 0.530986012
-0.005574261 -0.849658268 0.527304234
0.016043626 -0.758161125 0.651869857
0.012314846 -0.750523559 0.660728940
0.011868438 -0.778421810 0.627629369
0.019456552 -0.762382264 0.646834389
0.019884884 -0.733662063 0.679223505
0.015994538 -0.820040422 0.572082057
0.012263142 -0.798442588 0.601946051
0.012649437 -0.831838275 0.554873928
0.019238958 -0.836369872 0.547827802
0.018858882 -0.803371596 0.595179319
0.013062643 -0.876100644 0.481951271
0.015248892 -0.864736858 0.501993664
0.016435975 -0.889536596 0.456568181
0.011575594 -0.836895353 0.547240508
0.014979818 -0.852225979 0.522959354
0.003696781 -0.804597227 0.593809428
0.002948207 -0.797720744 0.603019836
0.005058249 -0.809044997 0.587724942
0.008949438 -0.838899617 0.544212587
0.008835284 -0.833278701 0.552782547
0.011967491 -0.855355668 0.517902946
-0.024956114 -0.727367683 0.685794026
-0.020463031 -0.737010771 0.675571156
-0.014157820 -0.742248072 0.669975639
-0.037275508 -0.705575206 0.707653987
-0.047146501 -0.688932378 0.723290665
-0.041149694 -0.705731562 0.707283299
-0.037440488 -0.698567463 0.714564000
-0.048082113 -0.686490823 0.725547008
-0.053902113 -0.676516956 0.734451748
-0.034325278 -0.703302554 0.710061471
-0.028480375 -0.712860474 0.700727346
0.000466192 -0.776107729 0.630600172
-0.005607607 -0.759874262 0.650045892
0.004518653 -0.783955686 0.620800341
-0.007635215 -0.760399144 0.649411153
-0.003131555 -0.769466812 0.638679120
0.251660203 -0.958729396 0.132306796
0.216159266 -0.964326454 0.152805964
0.254031664 -0.955804968 0.148002625
0.146402288 -0.967166499 0.207738616
0.121106858 -0.966837497 0.224851914
0.122998895 -0.965706650 0.228652441
0.096614499 -0.964683747 0.245052866
0.074957060 -0.959635977 0.271072370
0.075931400 -0.959418150 0.271571788
0.064972292 -0.961016857 0.268747469
0.040191247 -0.954698181 0.294849194
0.036748861 -0.954763464 0.295086851
0.026743517 -0.946870372 0.320501612
0.033882648 -0.951329991 0.306305753
0.061305451 -0.957183445 0.282916056
0.093032823 -0.967446522 0.235355307
0.120222190 -0.970538690 0.208809188
0.117579721 -0.972809157 0.199542863
0.000866628 -0.940149297 0.340761717
0.005589607 -0.943240150 0.332064415
-0.005457748 -0.936002893 0.351949993
0.015074080 -0.917180253 0.398187337
0.013712318 -0.922524811 0.385694108
0.013811373 -0.935620372 0.352737531
0.017117385 -0.893063578 0.449604761
0.017821454 -0.867895172 0.496427605
0.015671437 -0.878322490 0.477811688
0.014213506 -0.856181440 0.516479737
0.013527430 -0.882428248 0.470252480
0.526594411 -0.819099165 0.227540950
0.486542042 -0.847438182 0.212427327
0.520533642 -0.823301687 0.226316281
0.449643466 -0.868871417 0.207082624
0.478248784 -0.853519023 0.206841433
0.434696170 -0.878087485 0.200004023
0.616700701 -0.749688473 0.240098811
0.606881345 -0.755070489 0.248120112
0.569579932 -0.788202101 0.233058254
0.044840016 -0.898108089 0.437482838
0.043328652 -0.884220034 0.465056513
0.048100859 -0.910837338 0.409953229
0.059921708 -0.952539010 0.298460756
0.052189692 -0.935199485 0.350254421
0.055016826 -0.940831481 0.334378936
0.036310372 -0.861270843 0.506847208
0.039673058 -0.876138609 0.480423966
0.046920863 -0.910035225 0.411866875
0.034769779 -0.889733592 0.455154038
0.035074300 -0.902471428 0.429319362
0.021507628 -0.941033214 0.337629845
0.022585692 -0.916204270 0.400074520
0.026362498 -0.928416992 0.370603436
0.013355878 -0.921347702 0.388510016
0.016010769 -0.915490844 0.402020112
0.015104800 -0.935201690 0.353793222
0.014707998 -0.950341219 0.310862094
0.018420674 -0.959717688 0.280361619
0.046734023 -0.948014189 0.314777743
0.053362677 -0.935868208 0.348285978
0.050451486 -0.958484485 0.280645931
0.033968254 -0.886713824 0.461069141
0.034448088 -0.863356319 0.503417517
0.039491005 -0.892614786 0.449087189
0.038065488 -0.939851591 0.339455456
0.044218481 -0.918253178 0.393517251
0.043354367 -0.943940756 0.327255631
0.031137578 -0.956622214 0.289662547
0.032110899 -0.933593139 0.356893179
0.020419193 -0.971476494 0.236255110
0.026308574 -0.975558359 0.218159914
0.029630185 -0.990497314 0.134302354
0.028045576 -0.993136290 0.113550672
0.025784111 -0.994401319 0.102475341
-0.907421720 0.301824662 -0.292382788
-0.901901366 0.327061109 -0.282143505
-0.924253331 0.262846037 -0.276889400
-0.906987968 0.302658559 -0.292866218
-0.934926463 0.194670881 -0.296674498
-0.916312502 0.260900358 -0.303813104
0.709651714 -0.654843314 0.259951300
0.648461274 -0.715045380 0.261166768
0.726598781 -0.632725164 0.267792977
0.145331053 -0.949631878 0.277629576
0.762100663 -0.584083000 0.279373636
0.176766736 -0.939867347 0.292237730
-0.001698171 -0.774983258 0.631979483
-0.007653410 -0.759077826 0.650954898
-0.007720734 -0.758066207 0.652131901
0.000816049 -0.780389793 0.625292816
-0.010215342 -0.753750037 0.657081828
0.024125314 -0.850470927 0.525468526
0.014978633 -0.822385288 0.568733750
0.019773581 -0.829188920 0.558618600
0.023402028 -0.874283810 0.484850662
0.028171534 -0.880028026 0.474085475
0.025670147 -0.837780992 0.545402653
0.031234156 -0.844848993 0.534092321
0.006075281 -0.801598283 0.597832153
0.004511719 -0.804098969 0.594478336
0.007369654 -0.813308628 0.581785840
0.002401034 -0.792646202 0.609677155
-0.016417176 -0.745492678 0.666311596
-0.015147795 -0.748335062 0.663147932
-0.000284697 -0.770704321 0.637192882
0.006961822 -0.799063564 0.601206249
-0.006091793 -0.811805518 0.583896131
0.002188131 -0.816215639 0.577743232
-0.010211670 -0.800517711 0.599222093
-0.015896506 -0.789238479 0.613881035
-0.024942711 -0.796867482 0.603639029
-0.030390074 -0.800732994 0.598250044
-0.026372457 -0.818776638 0.573506155
-0.026626232 -0.804100256 0.593897147
-0.039394477 -0.747953318 0.662581247
-0.035994449 -0.771150574 0.635634480
-0.034050165 -0.762870608 0.645653949
0.028870521 -0.998108636 0.054273779
0.015621877 -0.999742835 0.016438397
0.020989074 -0.997578394 0.066308424
0.092403636 -0.982352690 0.162618449
0.104717091 -0.982825948 0.151945670
0.101625051 -0.988676965 0.110409277
0.050176112 -0.953126326 0.298383250
0.046817777 -0.950156305 0.308238693
0.065329512 -0.961694274 0.266225801
0.014592332 -0.901171542 0.433216939
0.010433769 -0.793604417 0.608344611
0.006844154 -0.786106335 0.618053386
0.018822654 -0.810709145 0.585146469
0.023954735 -0.828818984 0.559003813
0.010885380 -0.840836155 0.541180256
0.024347157 -0.703191999 0.710583021
0.020921866 -0.698565224 0.715240452
0.001339997 -0.789285340 0.614025127
0.001272417 -0.788331507 0.615249394
0.015318806 -0.833843476 0.551788357
0.007346562 -0.805381447 0.592711357
0.011385232 -0.816429657 0.577332652
-0.117207535 -0.988381447 -0.096770392
-0.094649449 -0.987576168 -0.125438406
-0.101815605 -0.989277780 -0.104704613
-0.198427991 -0.979229312 -0.041668770
-0.169296584 -0.983488022 -0.063952936
-0.203692301 -0.978877914 -0.017535010
-0.283802490 -0.957815939 0.045219181
-0.301566497 -0.953003327 0.029022519
-0.250211495 -0.968124660 -0.011351204
-0.270849094 -0.959561009 -0.076703579
-0.299437161 -0.952577225 -0.054166568
-0.380677646 -0.923793505 -0.041110718
-0.329360917 -0.940656653 -0.081770699
-0.085008057 -0.989535173 -0.116592333
-0.107561374 -0.990303301 -0.087919976
-0.755643396 -0.576090704 0.311644924
-0.798155195 -0.561902594 0.217287274
-0.916441373 -0.223428957 0.331986009
-0.716266559 0.406271984 0.567366982
-0.807371796 0.302751597 0.506450642
-0.724352689 0.520876552 0.451664477
-0.367151869 0.860007990 0.354380816
-0.284371683 0.890690450 0.354687563
-0.401452813 0.837378858 0.370988257
-0.833148161 0.208315660 0.512317018
-0.849744102 -0.030676511 0.526302112
-0.474775326 0.790553425 0.386799266
-0.549611837 0.744295000 0.379409781
-0.477940475 0.757419162 0.444847295
-0.616548761 0.649765431 0.444603768
-0.130541059 -0.987614529 -0.087043514
-0.180833956 -0.980514182 -0.076752976
-0.174610598 -0.982444937 -0.065674078
-0.113807608 -0.988557765 -0.099001885
-0.199652747 -0.978712286 -0.047550407
-0.295139721 -0.951735457 -0.084214987
-0.076854879 -0.992864957 -0.091172938
-0.099908301 -0.990885090 -0.090360779
-0.897661174 -0.014707062 0.440440823
-0.934663296 0.112524112 0.337257835
-0.507900246 -0.861414348 -0.001631414
-0.545813697 -0.827897785 -0.129122681
0.002461561 -0.999962997 0.008242925
0.010685145 -0.999334919 0.034864710
0.015975916 -0.998353583 0.055089871
0.017806185 -0.998612730 0.049553550
0.004288489 -0.999987160 0.002699896
-0.018945150 -0.856097338 0.516467258
-0.010596063 -0.873985951 0.485835651
-0.007291139 -0.868304835 0.495977371
-0.016868179 -0.858600765 0.512367241
-0.020691219 -0.866403754 0.498915232
-0.018424920 -0.854069850 0.519831909
0.011979026 -0.883359015 0.468543866
0.006022871 -0.856059949 0.516841455
-0.004906616 -0.858220409 0.513257884
-0.013253105 -0.839411780 0.543334353
-0.011715316 -0.883346783 0.468573594
-0.013278976 -0.879204653 0.476259223
-0.023659478 -0.883691947 0.467470610
-0.016231698 -0.895690189 0.444382287
-0.023968361 -0.833265198 0.552353716
-0.019958983 -0.845079074 0.534268656
-0.018604608 -0.834166819 0.551198319
-0.020931001 -0.815057646 0.579001663
-0.016934311 -0.827440227 0.561298405
-0.027739625 -0.830134204 0.556873161
0.086925687 -0.993564732 0.072615751
0.071124543 -0.995120669 0.068382400
0.073601575 -0.990408438 0.116935600
0.530946076 -0.818741167 0.218538705
0.482357966 -0.850992095 0.207709524
0.532969981 -0.818335564 0.215104402
-0.000022127 -0.784635938 0.619956808
-0.615061899 0.720363872 0.320585015
-0.700589550 0.655764528 0.281331061
-0.576414925 0.746045361 0.333409888
-0.873588885 0.450999396 0.182871552
-0.818530468 0.530322402 0.220830304
-0.800453663 0.552953284 0.231336549
-0.737430773 0.624626834 0.256976990
-0.769048221 0.591963622 0.241130472
-0.247732417 0.891683003 0.378853629
-0.356103169 0.864450134 0.354847148
-0.677385641 0.657929063 0.329056290
-0.750016451 0.591014564 0.296946306
-0.905655477 0.344261233 0.247532544
-0.984829889 0.026038617 0.171557804
-0.726428133 0.560349191 0.397883088
-0.842539563 0.449777967 0.296355977
-0.647248533 -0.730949769 -0.216290944
-0.733265857 -0.624908125 -0.267975780
-0.750372415 -0.645920346 -0.140456919
-0.956714816 -0.264662289 -0.121039803
-0.864074977 -0.462939449 -0.197639825
-0.933115989 -0.340739323 -0.114853232
-0.622648139 -0.724647284 -0.295289027
-0.529382262 -0.808492684 -0.257087537
-0.524544298 -0.825080568 -0.209988896
-0.967133999 0.235588210 0.095655758
-0.997507223 0.064313250 0.029036976
-0.998551033 0.042033728 0.033600612
-0.795460129 0.565874574 0.216862052
-0.730345582 0.632413188 0.258164464
-0.918077489 0.369404548 0.143784578
-0.925418865 0.348501060 0.148818464
-0.439157191 0.837227455 0.325869837
-0.951169828 -0.308077367 0.019086478
-0.979715666 -0.170765781 0.104863059
-0.966253856 0.241721312 -0.089018495
-0.971008837 0.218073766 -0.097906437
-0.960644922 0.234772262 -0.148469925
-0.993498803 0.001334193 -0.113834744
-0.989464845 -0.068650035 -0.127461729
-0.983316145 0.036573180 -0.178190241
-0.951912579 -0.253226664 -0.172449118
-0.970140630 -0.110018072 -0.216155455
-0.972616214 -0.177761934 -0.149727735
-0.983990172 0.149086961 -0.097654593
-0.990242162 0.096338394 -0.100694457
-0.974134783 0.158862418 -0.160698962
-0.973611595 -0.212238535 -0.083876496
-0.998705517 -0.008845290 -0.050090423
-0.945086788 0.255294452 -0.204048291
-0.940283811 0.278924262 -0.195109225
-0.955868886 0.198492068 -0.216600025
-0.958704645 0.172460478 -0.226147711
-0.944528304 0.250307093 -0.212632647
-0.920395755 0.293399784 -0.258434172
-0.964844158 0.103015766 -0.241792271
-0.966276832 0.059623898 -0.250507635
-0.022537093 -0.903951878 0.427039907
-0.010429922 -0.918029668 0.396374501
-0.011131597 -0.911144571 0.411936474
-0.025007562 -0.903674839 0.427488488
-0.013066889 -0.903390123 0.428620511
-0.019127848 -0.915368456 0.402162548
-0.022302240 -0.908113131 0.418130543
0.010779757 -0.992769026 0.119555253
0.006598601 -0.993044615 0.117553613
0.011321906 -0.986754624 0.161824370
-0.331579677 -0.938939382 -0.091911671
-0.399323790 -0.908909069 -0.120103351
-0.076757132 -0.991810708 -0.102077725
-0.113705759 -0.987417353 -0.109899821
-0.499149567 -0.846800692 -0.183788732
-0.511273460 -0.848207156 -0.138362094
-0.632600947 -0.746845805 -0.205030206
-0.730875030 -0.645412530 -0.221955756
-0.727000648 -0.662013460 -0.182231275
-0.822312546 -0.548849092 -0.150222339
-0.997077642 -0.076380933 -0.001458948
-0.993067558 0.097091496 0.066257580
-0.849734437 0.494546073 0.182689811
-0.912107753 0.392209968 0.119292868
-0.863691066 0.478847783 0.157297625
-0.936651097 0.322419879 0.136858113
-0.971597777 0.218139133 0.091722838
-0.936395165 0.326664392 0.128274977
-0.897700938 -0.425102183 -0.115849732
-0.974562032 -0.221017639 -0.037149020
-0.543615983 -0.826726605 -0.144930270
-0.560229663 -0.812336124 -0.162026993
-0.658970262 -0.731143945 -0.176597638
-0.737082197 -0.661851364 -0.136611156
-0.751631913 -0.640076877 -0.159220156
-0.830207459 -0.541405736 -0.132798362
-0.985956756 -0.166945235 -0.004308682
-0.976898991 -0.207427558 -0.051402032
-0.997921692 -0.062519581 -0.015607632
-0.993171052 0.101400259 0.057699641
-0.999467797 0.032481620 -0.003011081
-0.987669241 0.154847561 0.023058682
-0.893902360 -0.441745666 -0.076153381
-0.888542939 -0.445758977 -0.108583515
-0.946775998 -0.313721720 -0.072068657
-0.962120577 0.262920046 0.072090537
-0.928357048 0.357073926 0.103205630
-0.941261295 0.317583244 0.114752154
-0.974379260 0.223778002 0.022549149
-0.987101363 0.155561533 -0.037835276
-0.897868233 -0.420542510 -0.130294411
-0.424660386 -0.887833537 -0.177243244
-0.550381120 -0.807448086 -0.212386937
0.291937411 -0.945912161 0.141501702
0.353408227 -0.923746793 0.147629565
0.350723003 -0.926923529 0.133439672
0.256771452 -0.952765093 0.162194634
0.012886648 -0.995259269 0.096399804
0.021441778 -0.989408523 0.143565406
0.018817603 -0.996931194 0.075987445
0.289875861 -0.929156602 -0.229434073
-0.154891665 -0.882914292 -0.443250409
0.613581655 -0.784195043 -0.092496960
0.372517781 -0.908144277 -0.191061443
0.721731760 -0.687288054 0.082087746
-0.658796943 -0.699556518 -0.276780175
-0.795127363 -0.508201532 -0.330913401
-0.813841794 -0.526367991 -0.246167164
-0.534098604 -0.791650747 -0.296694753
-0.360356247 -0.890902669 -0.276470268
-0.481719046 -0.803970069 -0.348681645
0.008544936 -0.791375799 0.611270258
0.005682477 -0.781709060 0.623617395
0.015717094 -0.996659940 -0.080136993
0.018561771 -0.993228045 -0.114688757
-0.015839151 -0.992435050 -0.121744783
0.002414958 -0.999136711 -0.041472896
0.036808588 -0.998733198 -0.034309271
-0.008619275 -0.923497766 0.383506954
0.002795199 -0.929812469 0.368023041
-0.004872246 -0.932424142 0.361332922
0.001389739 -0.935611566 0.353028420
-0.003918554 -0.935891598 0.352266321
0.023010832 -0.890359963 0.454675311
0.018997413 -0.861920449 0.506687515
0.004079492 -0.999858017 -0.016349396
-0.016997878 -0.997920844 -0.062169613
-0.003786397 -0.999983605 -0.004295722
0.222227458 -0.956464826 0.189182434
0.250834587 -0.950924209 0.181177147
0.223379952 -0.956868799 0.185751174
0.258806680 -0.949453016 0.177645919
0.230263130 -0.955245907 0.185699082
-0.057773406 -0.676638850 0.734045026
-0.063552563 -0.678887587 0.731486648
-0.056795261 -0.691304578 0.720327897
-0.050032198 -0.716849588 0.695430404
-0.044255691 -0.714669598 0.698060742
0.009451378 -0.978139138 0.207736609
0.008946025 -0.979112278 0.203123402
0.007652321 -0.986349696 0.164486225
0.012014971 -0.963300410 0.268156598
0.012043340 -0.958865813 0.283604144
0.010693131 -0.973035078 0.230409188
0.030191747 -0.646483849 0.762330041
0.028032986 -0.641142134 0.766909979
0.027484195 -0.671741617 0.740275503
0.026491042 -0.708140744 0.705574172
-0.060318088 -0.985608154 -0.157918632
-0.067084318 -0.985137124 -0.158128243
-0.048144594 -0.982006648 -0.182606245
-0.053006389 -0.986302877 -0.156195255
-0.071901251 -0.988692028 -0.131598951
-0.082565531 -0.985184075 -0.150317234
-0.096361650 -0.984331559 -0.147667922
-0.068738562 -0.981215671 -0.180252093
-0.033908760 -0.992401960 -0.118273181
-0.046760182 -0.993443410 -0.104324857
-0.051748205 -0.988250893 -0.143813409
-0.268138085 -0.960986898 -0.067868622
-0.203893027 -0.969764488 -0.134106197
-0.204217332 -0.974414332 -0.093872209
-0.404617245 -0.911992740 0.067484275
-0.406520523 -0.913252037 0.026679228
-0.024929759 -0.993048474 -0.115035799
-0.019903280 -0.996954187 -0.075406948
-0.001639954 -0.997038118 -0.076891496
-0.000752772 -0.998492662 -0.054880204
-0.011813916 -0.995490360 -0.094124246
-0.019304598 -0.986479807 -0.162741891
-0.040131759 -0.984618261 -0.170047997
-0.020551037 -0.984337209 -0.175094013
-0.519838911 -0.850350912 0.081675170
-0.761368575 -0.605388607 0.231996827
-0.325511368 0.712136032 0.622016576
-0.588286682 0.333796249 0.736545208
-0.162343008 0.927813354 0.335867724
-0.000000230 0.950685002 0.310158068
-0.162190585 0.920094694 0.356538873
-0.000000518 0.857207631 0.514970947
-0.329731783 0.833090737 0.444113471
0.000003444 -0.999797533 0.020121933
-0.263512562 -0.961709024 -0.075345097
-0.263870043 -0.959508370 0.098571240
-0.069584728 -0.980457142 -0.184015645
-0.041305985 -0.980366429 -0.192809439
-0.110729561 -0.979443480 -0.168610300
-0.041296486 -0.979989553 -0.194717938
0.000029052 -0.977807341 -0.209506091
0.000187290 -0.981928536 -0.189251987
-0.020647246 -0.980267338 -0.196595110
-0.027423337 -0.980049687 -0.196851647
0.000066199 -0.977475860 -0.211047244
-0.027449837 -0.979976551 -0.197211729
-0.069579057 -0.981836508 -0.176510131
0.000013433 -0.979764791 -0.200152329
0.000006394 -0.985429186 -0.170086211
-0.135332041 -0.979083799 -0.151921535
-0.135245008 -0.982383728 -0.128961229
0.004684077 -0.998283096 0.058385953
0.008129840 -0.998623628 0.051814629
0.006771561 -0.999360128 0.035120954
0.019829292 -0.876799341 0.480447410
0.020675822 -0.865522568 0.500442999
0.018413603 -0.893770236 0.448146967
0.024279855 -0.811028514 0.584502556
0.024283100 -0.796875253 0.603655666
0.022086967 -0.833754442 0.551693481
0.007000882 -0.998496773 -0.054361589
0.006517492 -0.997683839 -0.067708783
0.001319333 -0.997311568 -0.073265921
0.000558809 -0.991868399 -0.127266520
-0.005931910 -0.994834106 -0.101340583
-0.006209781 -0.989855269 -0.141943601
0.015465754 -0.926992558 0.374760734
0.016369282 -0.917805923 0.396691737
0.014263065 -0.939160435 0.343182519
0.022755947 -0.780913197 0.624224916
0.020732944 -0.853356281 0.520915735
0.018230200 -0.905951529 0.422988754
0.008090378 -0.826874790 0.562327865
0.007800393 -0.812901805 0.582348529
0.013167270 -0.880993253 0.472945569
-0.030981179 -0.711138587 0.702368904
0.016499503 -0.808695000 0.587996738
0.006994357 -0.793091065 0.609062921
0.205655936 -0.974151734 -0.093456064
0.268436530 -0.962474093 -0.039817694
0.269075328 -0.958766518 -0.091461641
0.092853083 -0.972193215 0.214985251
0.078699993 -0.967528126 0.240199159
0.076236527 -0.964909818 0.251270840
0.024973613 -0.939487070 0.341672892
0.001501605 -0.929958254 0.367662062
0.025480986 -0.944290370 0.328125611
0.011599262 -0.955930930 0.293362428
0.012031897 -0.954848897 0.296848138
0.011163444 -0.968296959 0.249552351
0.012979612 -0.951840542 0.306318644
0.017255584 -0.908443865 0.417650558
0.010516333 -0.836603098 0.547708557
0.526569845 -0.820625985 0.222029706
0.512443872 -0.831290022 0.215309492
0.051997126 -0.924718553 0.377083409
0.027527990 -0.835541669 0.548737031
0.027768979 -0.867204259 0.497177692
0.013561965 -0.977893172 0.208664843
0.040373822 -0.965001302 0.259118587
0.033144732 -0.907469379 0.418808731
0.032298829 -0.979648120 0.198106909
0.035611638 -0.982058033 0.185185935
0.360500968 -0.928363633 0.090443446
0.783986985 -0.566040422 0.254877711
0.356718234 -0.928686184 0.101459715
0.622715217 -0.779688282 0.065665376
0.797633830 -0.578260626 0.171449472
-0.942219788 -0.320217416 -0.098400599
-0.932179554 -0.350888534 -0.088986041
-0.895952591 0.334760730 -0.291897600
-0.942416707 -0.319417094 -0.099113421
-0.530159167 -0.845007410 -0.069955235
0.109931856 -0.957033891 0.268330242
0.679856318 -0.681345837 0.271225435
0.705372019 -0.654369066 0.272491173
0.717472131 -0.640501420 0.273846073
-0.016162816 -0.737190455 0.675491670
0.343926359 -0.923222579 0.171390576
0.365443045 -0.912065740 0.185977059
0.384340480 -0.904348709 0.185568878
0.008114864 -0.788720093 0.614698922
-0.034348180 -0.730707771 0.681825752
0.029185803 -0.995252803 0.092844203
0.033040601 -0.991643559 0.124705135
0.082005147 -0.969700898 0.230120238
0.004765332 -0.799335716 0.600865796
-0.136991087 -0.985221654 -0.102818938
-0.142567378 -0.986643720 -0.078795387
-0.216230500 -0.974626037 -0.057865868
-0.149570194 -0.987052144 -0.057938088
-0.434497799 -0.892127103 0.123777603
-0.600895655 -0.798502703 0.036302135
-0.857344481 -0.508227172 0.081643018
-0.009082282 -0.999657572 -0.024540788
-0.022108404 -0.998078594 -0.057882103
-0.015868149 -0.998844529 -0.045363076
0.019421912 -0.997327589 0.070430597
0.053907880 -0.998445512 0.014159828
0.067264627 -0.997433154 -0.024547356
-0.798297878 -0.583185459 -0.150383570
-0.965160955 0.259790165 -0.031199365
-0.957324096 0.277134181 -0.082019638
-0.881748191 -0.416367920 -0.221715771
-0.764026785 -0.620919572 -0.175276802
-0.951101078 0.054290503 -0.304071178
-0.721556383 -0.645866515 -0.249425001
-0.775438098 -0.567857265 -0.276104841
0.009382220 -0.978360550 0.206694482
-0.186056190 -0.974422451 -0.126031665
-0.163106166 -0.976914630 -0.137964431
-0.894604598 0.417878883 0.158303041
-0.937566719 0.339130186 0.077196926
-0.954015172 0.299195825 0.018355112
-0.941337672 0.335674919 0.034723703
-0.326224543 -0.925761758 -0.191161492
-0.238516474 -0.946907042 -0.215585124
-0.329183325 -0.909787839 -0.252832803
0.437605650 -0.883024431 0.169614707
0.387062635 -0.908913110 0.155111169
0.413989704 -0.891117963 0.185799087
-0.436743283 -0.809446884 -0.392493371
0.000669692 -0.923603176 -0.383349350
-0.239374119 -0.888070353 -0.392467933
-0.033232442 -0.934238638 -0.355096849
0.176486323 -0.930606977 -0.320660617
-0.040791021 -0.995556297 -0.084874921
-0.054656081 -0.993021360 -0.104504984
0.028090797 -0.726241649 0.686865324
0.024864728 -0.755334222 0.654867893
-0.123394326 -0.983395389 -0.133068961
-0.151407785 -0.980686973 -0.123809301
-0.540819259 -0.753325512 0.374186054
0.000002152 -0.274738145 0.961519086
-0.391429014 -0.918657915 -0.053394397
-0.025798051 -0.990246416 -0.136917845
0.005680124 -0.996483721 0.083593836
0.006236475 -0.992003971 0.126052480
0.092222633 -0.964862896 0.246037756
0.083012338 -0.962823613 0.257059607
0.077639639 -0.963147133 0.257526089
0.000643295 -0.937201760 0.348787108
0.003314779 -0.935003202 0.354623778
0.001936799 -0.937064374 0.349151267
0.255047511 -0.952233527 0.167934743
0.240382126 -0.954072681 0.178778500
0.280190745 -0.945369946 0.166639766
0.179332211 -0.964355360 0.194573118
0.204793569 -0.960823363 0.186756683
0.189574557 -0.963745960 0.187763714
-0.000164405 -0.784071709 0.620670225
0.128547236 -0.988899057 0.074526928
0.127669533 -0.990920328 0.042159151
0.113074796 -0.991301738 0.067342067
-0.392543586 -0.909028725 -0.139915371
0.010808937 -0.999008129 -0.043196356
0.005128886 -0.998055866 -0.062114273
0.006015567 -0.999858556 -0.015706079
0.011215021 -0.999885753 -0.010134332
-0.051830080 -0.988936468 -0.138990306
-0.062375794 -0.981646247 -0.180221823
-0.101157359 -0.981451796 -0.162848277
-0.077705406 -0.990335007 -0.114884480
-0.013761400 -0.895956666 0.443928234
-0.738095296 -0.543016894 -0.400434746
-0.356363709 -0.885656432 -0.297687070
-0.632495327 -0.742732633 -0.219767823
-0.932472384 -0.247878182 -0.262776824
-0.912212600 -0.357521571 -0.200116212
-0.855209799 0.485627254 0.181059022
-0.847776939 0.493550846 0.194118066
-0.964399063 0.264207823 0.011343435
-0.914118698 0.296221699 -0.276838782
-0.914993623 0.301288171 -0.268350719
0.317327561 -0.928472370 0.192982581
0.354247135 -0.916444410 0.186114511
0.287424962 -0.941068108 0.178263029
0.559441357 -0.794729212 0.235437565
0.614928701 -0.745885435 0.255964081
0.615062568 -0.747625376 0.250508154
-0.008486424 -0.907488727 0.419990704
0.003623324 -0.921168674 0.389146690
-0.052014701 -0.725762852 0.685975767
-0.173529318 -0.968414540 -0.179055453
0.716364564 -0.643303599 0.270152349
0.737992374 -0.616067516 0.275368975
0.006744661 -0.991395401 0.130727459
0.412913944 -0.904762831 0.104433205
0.487554234 -0.861577865 0.141330997
0.489766790 -0.865307958 0.106633153
0.072324728 -0.959220909 0.273247840
0.069728615 -0.961971391 0.264100290
-0.005272676 -0.828694488 0.559676375
-0.001073590 -0.838460553 0.544961236
-0.015061000 -0.818332742 0.574547378
-0.960783399 -0.017350402 -0.276756613
0.734886836 -0.638507660 0.228581072
0.731736053 -0.638767296 0.237778659
0.329061155 -0.930047965 0.163491710
0.314727093 -0.932996397 0.174541053
0.031978051 -0.951223932 0.306839429
0.007128848 -0.943119544 0.332377353
-0.035784338 -0.786891556 0.616052888
0.002568745 -0.999955066 -0.009125070
-0.336292823 -0.931107763 -0.141228436
-0.229877525 -0.967592828 -0.104500920
0.659632279 -0.704436748 0.262019323
0.698443514 -0.664757112 0.265093644
-0.881903278 0.365917544 -0.297238891
-0.024345788 -0.973137261 -0.228934824
0.057372339 -0.981745796 -0.181338374
0.029105122 -0.973448162 -0.227049703
0.432463702 -0.877792046 0.206049195
0.434573643 -0.877540436 0.202653725
0.125581247 -0.967098163 0.221247585
0.156176877 -0.966531027 0.203535150
0.117648624 -0.966249704 0.229173102
0.115581646 -0.966718190 0.228247287
0.074206075 -0.963343800 0.257802603
0.102988695 -0.965375709 0.239672837
-0.019320472 -0.766865286 0.641517227
-0.000090239 -0.783220069 0.621744574
-0.018233524 -0.756757038 0.653441905
0.158387462 -0.981163465 -0.110596864
0.158318992 -0.974035371 -0.161833844
-0.013300322 -0.926248320 0.376679109
-0.016015087 -0.922261232 0.386235340
0.179315758 -0.971503169 0.155007910
0.144558123 -0.971410300 0.188321477
0.179353347 -0.968858362 0.170721562
0.000243769 -0.999624541 -0.027399217
0.010419909 -0.999894705 -0.010099761
-0.570907565 -0.705679501 -0.419620059
-0.256946756 -0.894967097 -0.364708458
0.443242337 -0.872479986 0.205705870
-0.022233994 -0.857763582 0.513563324
-0.027438247 -0.844947207 0.534145449
-0.025000762 -0.858420910 0.512336319
0.037985990 -0.985048993 0.168034361
0.037843907 -0.979849685 0.196118418
0.043905233 -0.974826874 0.218597567
0.829502326 -0.515338196 0.215296157
0.426272272 -0.902894955 0.055431497
0.614641197 -0.760449011 0.209603198
0.620953845 -0.763662302 0.176737692
0.554923447 -0.813176117 0.175512312
0.039475306 -0.946219314 0.321108564
0.015507807 -0.932489456 0.360864134
-0.450455646 -0.892741915 -0.010078936
0.081280934 -0.996509564 -0.019028873
0.115213380 -0.993113311 -0.021256252
0.084029762 -0.993619937 -0.075222467
0.004325055 -0.997748186 0.066931694
0.030620922 -0.904914058 0.424491350
0.042718049 -0.923775954 0.380543236
0.077325084 -0.974345437 -0.211357046
-0.039136217 -0.997442342 -0.059809122
0.181646078 -0.965545232 0.186352104
0.183542717 -0.964443331 0.190160807
0.123128926 -0.984994591 0.120933546
0.137881817 -0.985799692 0.095851818
0.111498506 -0.976516253 0.184347743
0.138472301 -0.977773677 0.157429536
0.051546916 -0.952728458 0.299418438
0.028125855 -0.944942705 0.326024876
-0.002786050 -0.933799796 0.357785101
-0.026424361 -0.884281521 0.466205903
-0.021896154 -0.871388578 0.490104585
-0.006883841 -0.999089978 -0.042093092
0.154117946 -0.967053185 0.202622298
0.169438326 -0.964674875 0.201725159
0.197230292 -0.960265327 0.197460665
0.295310340 -0.939298090 0.174673700
0.120134611 -0.967073708 0.224357121
0.110613539 -0.993539165 0.025388440
0.111549295 -0.992077681 0.057780875
0.020079415 -0.997763342 0.063758383
0.011463786 -0.999801624 0.016287865
0.540798050 -0.839124658 0.058371891
0.466853782 -0.884066672 0.021763855
0.113879650 -0.978299637 0.173093168
0.216729563 -0.960568109 0.174175784
0.181759134 -0.963642358 0.195849489
-0.239728238 -0.879371216 -0.411383806
-0.753480535 -0.542280054 -0.371751835
0.174385077 -0.984670520 0.003716398
0.161679571 -0.985033903 -0.059732118
0.130781633 -0.991311450 -0.014063231
0.018153825 -0.929219489 0.369082076
0.316351827 -0.948544012 0.013630062
0.253817822 -0.967184222 0.011453975
0.082385046 -0.979631997 -0.183122514
0.086184019 -0.987393003 -0.132768118
0.114380517 -0.985139957 -0.128126355
0.695175032 -0.695190247 0.182872072
0.640102322 -0.753493370 0.150055854
0.243378568 -0.966588031 0.080463971
0.195353623 -0.980360248 0.027032304
0.055455665 -0.955749633 0.288907094
0.056941862 -0.949358894 0.308990802
0.059954744 -0.953273511 0.296099716
0.065682940 -0.960818765 0.269282477
0.589975094 -0.773736930 0.230782479
0.554051445 -0.803129901 0.219110377
0.595078018 -0.766520587 0.241512614
-0.022008641 -0.725142230 0.688247314
-0.019518794 -0.729686363 0.683503349
-0.022642328 -0.725158937 0.688209155
-0.063767099 -0.992296714 -0.106211995
-0.010285655 -0.801337934 0.598123499
-0.001241053 -0.793675967 0.608339476
0.044713869 -0.933561096 0.355618264
0.049175413 -0.931431512 0.360578863
-0.180200089 -0.936184903 -0.301804166
-0.273226312 -0.913633423 -0.301033804
-0.147663403 -0.949624394 -0.276421833
0.012061448 -0.999869824 0.010717122
-0.022244796 -0.906193480 0.422277807
-0.016361686 -0.917725290 0.396878556
0.425850621 -0.904223702 -0.032105232
0.373510487 -0.927485668 0.016132340
0.358523189 -0.931086415 0.067373667
0.356875796 -0.928550571 0.102144523
0.066681754 -0.966514477 0.247796910
0.063947200 -0.962362676 0.264137910
0.003667529 -0.902161721 0.431382404
0.022267736 -0.922012443 0.386519344
0.019690684 -0.906926752 0.420827926
0.752623039 -0.626850271 0.201537338
-0.131221977 -0.931091852 -0.340365622
-0.911358256 0.181785205 -0.369296992
-0.884215617 0.290247189 -0.365949876
-0.357773653 -0.882843236 -0.304279205
0.046039721 -0.950090518 0.308558505
-0.054239912 -0.993191353 -0.103096890
-0.053374287 -0.995416360 -0.079356507
0.481597043 -0.858881162 0.174319929
0.057335303 -0.977737774 0.201845259
0.064285057 -0.984519968 0.163057857
0.050984413 -0.987096699 0.151791621
0.050706127 -0.966104971 0.253120671
0.040716018 -0.997448615 0.058638433
-0.020508779 -0.895044551 0.445504929
0.174917951 -0.959600146 -0.220388906
0.045409029 -0.957319991 -0.285440808
-0.015116643 -0.848017257 0.529752979
0.738299746 -0.618505427 0.269006548
0.295313037 -0.950557115 0.096080079
0.052188218 -0.990075715 -0.130485513
0.020578082 -0.984887324 -0.171969481
0.653350154 -0.720895180 0.231178969
0.199285064 -0.972989067 0.116523557
0.164767781 -0.977134726 0.134384915
0.158589429 -0.980137988 0.119075257
-0.004497623 -0.985450177 -0.169905035
-0.053870347 -0.979511261 -0.194050705
0.257903347 -0.960865838 0.101107391
0.069638374 -0.969578746 0.234664767
0.099347618 -0.992687092 0.068573960
0.096669232 -0.995118287 0.019865932
-0.176985655 -0.954251873 -0.240996766
-0.082180606 -0.967556740 -0.238914845
0.163972182 -0.983787295 0.072633890
0.046005541 -0.993045503 0.108370290
0.039165952 -0.988289886 0.147475859
0.506691103 -0.837567413 0.204315821
0.098236930 -0.994727363 0.029444511
0.339215858 -0.926120106 -0.165027725
0.366803046 -0.926232708 -0.086882088
0.080064403 -0.982657940 0.167251500
0.079203418 -0.978750757 0.189139561
0.018933205 -0.929325219 0.368776586
0.034927982 -0.933140638 0.357810823
0.030802102 -0.939854296 0.340183968
-0.001613054 -0.890387935 0.455199652
-0.011084366 -0.891091109 0.453689070
0.671335769 -0.694067071 0.259959970
0.012458319 -0.999671671 -0.022390635
0.011067460 -0.999797852 -0.016785921
0.288550506 -0.941371135 0.174811302
-0.029591873 -0.997954597 -0.056665184
-0.036360777 -0.996333260 -0.077446302
-0.007937483 -0.924260444 0.381680007
-0.007991637 -0.925994765 0.377451757
0.029076649 -0.982180617 -0.185676557
-0.003460944 -0.849190834 0.528074757
-0.002939678 -0.847111178 0.531407575
-0.125174894 0.940662270 0.315413601
-0.125125064 0.926636596 0.354525510
-0.000000117 0.944471695 0.328592785
-0.938871345 -0.177778694 -0.294814066
-0.955973027 -0.115227742 -0.269885419
0.053572084 -0.947051960 0.316579560
0.394382915 -0.896884510 0.200150674
0.009409192 -0.981351862 0.191989555
0.636909735 -0.730625576 0.246033042
-0.006985203 -0.927928601 0.372692525
0.033505101 -0.782115122 0.622232548
0.035824300 -0.754121067 0.655757604
0.033911983 -0.761834389 0.646883561
0.033886690 -0.736855497 0.675200466
0.031605217 -0.765709345 0.642409768
0.026451927 -0.834900903 0.549764294
0.030430876 -0.802005591 0.596540857
0.027631559 -0.823291462 0.566945910
0.028443179 -0.806401055 0.590684623
0.024452162 -0.838946211 0.543664737
0.006371047 -0.890040518 0.455836907
0.007325229 -0.865527220 0.500808319
0.012369604 -0.877157709 0.480043068
0.004622621 -0.852754533 0.522291430
0.010603810 -0.838073162 0.545454796
0.021488073 -0.811559093 0.583875074
0.021914790 -0.800400769 0.599064564
0.024687573 -0.807515596 0.589329352
0.016666697 -0.857147394 0.514801483
0.018789626 -0.835336965 0.549417059
0.022158612 -0.841333130 0.540062552
0.025620948 -0.743643626 0.668085117
0.030154826 -0.738467841 0.673614084
0.035146321 -0.729208473 0.683388424
0.049002338 -0.707950208 0.704560340
0.055438258 -0.691188964 0.720544527
0.046136892 -0.707533011 0.705172621
0.062502122 -0.678770875 0.731685440
0.056928639 -0.688953831 0.722566086
0.046984540 -0.700767138 0.711841184
0.038729731 -0.715211265 0.697834403
0.044333543 -0.705442993 0.707378767
0.005504067 -0.784609590 0.619965722
0.015408499 -0.760934214 0.648646051
0.010723343 -0.776732018 0.629739932
0.015750935 -0.770379504 0.637391032
0.020761278 -0.761661628 0.647642288
-0.253863665 -0.955878625 0.147815065
-0.215941438 -0.964411507 0.152576996
-0.251447423 -0.958815183 0.132089509
-0.122768680 -0.965798268 0.228389047
-0.120823682 -0.966945214 0.224540846
-0.146170735 -0.967256268 0.207483563
-0.075563206 -0.959556073 0.271186919
-0.074498738 -0.959797081 0.270627976
-0.096242889 -0.964816954 0.244674379
-0.036463536 -0.954875001 0.294761162
-0.039883032 -0.954819289 0.294498675
-0.064715223 -0.961119828 0.268441086
-0.060938224 -0.957322329 0.282525204
-0.033521915 -0.951468650 0.305914513
-0.026295721 -0.947035330 0.320050964
-0.116993778 -0.972974416 0.199080993
-0.119765862 -0.970682501 0.208402546
-0.092441298 -0.967623138 0.234861809
0.005941350 -0.936184554 0.351458649
-0.005201246 -0.943386612 0.331654410
-0.000435190 -0.940313005 0.340310538
0.013290291 -0.935970610 0.351827209
0.014472241 -0.923255880 0.383912926
0.015991439 -0.918055027 0.396130335
0.020399935 -0.880327391 0.473927767
0.021533828 -0.869926182 0.492711611
0.018304177 -0.894411219 0.446870818
0.018604493 -0.884144896 0.466842238
0.021811086 -0.858635374 0.512122613
-0.520519755 -0.823317335 0.226291296
-0.486524646 -0.847455586 0.212397737
-0.526577874 -0.819118073 0.227511155
-0.434664336 -0.878114004 0.199956773
-0.478220281 -0.853545687 0.206797299
-0.449620258 -0.868892355 0.207045160
-0.569568783 -0.788216683 0.233036181
-0.606871098 -0.755085949 0.248098125
-0.616692309 -0.749701432 0.240079901
-0.042110845 -0.910754860 0.410794670
-0.036688522 -0.884272945 0.465526917
-0.037555536 -0.897803746 0.438791540
-0.051783879 -0.941166487 0.333952204
-0.048392843 -0.935398568 0.350267971
-0.056415370 -0.952669289 0.298728192
-0.033983435 -0.876656161 0.479915723
-0.029342440 -0.861562317 0.506803114
-0.031374089 -0.903116305 0.428248299
-0.030152804 -0.890281009 0.454412294
-0.042485702 -0.910401597 0.411538451
-0.012386317 -0.927977775 0.372429629
-0.005608291 -0.915945201 0.401264172
-0.005375815 -0.940743367 0.339076713
0.006572762 -0.935264752 0.353887896
0.006394814 -0.915760731 0.401673238
0.011596974 -0.921815442 0.387455546
-0.003526999 -0.959412437 0.281984637
0.003234418 -0.950134517 0.311823568
-0.046014760 -0.958335581 0.281914095
-0.048015517 -0.935703631 0.349504256
-0.041013021 -0.947688213 0.316551707
-0.030440539 -0.892211292 0.450591149
-0.024868180 -0.863087019 0.504442635
-0.023250681 -0.886225440 0.462670374
-0.036001151 -0.943549937 0.329268026
-0.035830992 -0.917796941 0.395430038
-0.028933045 -0.939373893 0.341671724
-0.020466155 -0.933111892 0.359003249
-0.020554245 -0.956235284 0.291876011
-0.017370635 -0.975299123 0.220204180
-0.008944164 -0.971177984 0.238187586
-0.022420956 -0.994349370 0.103762375
-0.025333312 -0.993064927 0.114805377
-0.025795914 -0.990402433 0.135785091
0.924253023 0.262858862 -0.276878255
0.901900516 0.327072185 -0.282133382
0.907421066 0.301839284 -0.292369725
0.916312593 0.260924386 -0.303792193
0.934927708 0.194693493 -0.296655734
0.906987174 0.302676401 -0.292850240
-0.452829024 -0.856423209 0.247962019
-0.648443450 -0.715073837 0.261133108
-0.430101993 -0.871018673 0.237357847
-0.176757860 -0.939871197 0.292230716
-0.762096357 -0.584095678 0.279358878
-0.145320991 -0.949636315 0.277619666
0.022888426 -0.760382028 0.649072640
0.024258548 -0.761878841 0.647265135
0.020171175 -0.777421629 0.628656293
0.024722310 -0.755608685 0.654556585
0.014836937 -0.781776759 0.623381877
-0.008439049 -0.829106644 0.559026793
-0.001699698 -0.822490967 0.568775632
-0.010937850 -0.850283702 0.526210975
-0.015144836 -0.879628395 0.475420363
-0.008413309 -0.874031716 0.485796023
-0.022980281 -0.844902131 0.534427072
-0.015762941 -0.837746707 0.545831462
0.026764176 -0.816371590 0.576906496
0.027797860 -0.807141736 0.589702888
0.030304738 -0.804958801 0.592556286
0.028220356 -0.795870479 0.604808889
0.007619376 -0.772380458 0.635114457
0.022379122 -0.750450762 0.660547370
0.024950507 -0.746979564 0.664378659
0.002921684 -0.817747290 0.575570008
0.010498694 -0.813624730 0.581295602
-0.001452964 -0.800929064 0.598757483
0.029010783 -0.798730855 0.600988681
0.020411287 -0.791353558 0.611017941
0.014532936 -0.802511777 0.596459254
0.030420287 -0.805847624 0.591341030
0.029730886 -0.820305865 0.571151786
0.034217710 -0.802485853 0.595689185
0.039015829 -0.765137807 0.642683361
0.040570635 -0.773258421 0.632791781
0.044671906 -0.750351705 0.659527664
-0.019124494 -0.997557202 0.067185440
-0.014198619 -0.999753369 0.017076296
-0.027128015 -0.998118604 0.054984762
-0.100407662 -0.988831437 0.110139416
-0.103720367 -0.983001041 0.151496000
-0.091102407 -0.982534682 0.162252737
-0.063778430 -0.961984383 0.265552931
-0.045484883 -0.950498640 0.307381622
-0.048424815 -0.953462293 0.297598207
0.014274490 -0.902218584 0.431042766
-0.011434042 -0.811661725 0.584015845
0.000584092 -0.787458300 0.616367653
-0.001824721 -0.794298653 0.607524749
-0.005874964 -0.841960530 0.539507137
-0.017836984 -0.829996372 0.557483511
0.035049850 -0.701487440 0.711819415
0.032759974 -0.705749942 0.707703188
0.018765166 -0.790448324 0.612241224
0.020132885 -0.791862818 0.610367057
0.003335201 -0.816792282 0.576922217
0.009386532 -0.806244080 0.591508559
0.001843787 -0.834284083 0.551331724
0.101997026 -0.989272427 -0.104578547
0.094802762 -0.987573858 -0.125340778
0.117344417 -0.988374750 -0.096672855
0.203762223 -0.978864333 -0.017480680
0.169371459 -0.983478629 -0.063899098
0.198480871 -0.979220181 -0.041631482
0.250250267 -0.968114973 -0.011322628
0.301595066 -0.952993646 0.029043533
0.283840184 -0.957803349 0.045249251
0.299498242 -0.952560388 -0.054124956
0.270932034 -0.959542265 -0.076645119
0.329405542 -0.940643519 -0.081742026
0.380711938 -0.923780308 -0.041089692
0.107772806 -0.990294681 -0.087758007
0.085236296 -0.989534575 -0.116430660
0.916442389 -0.223420476 0.331988914
0.798161771 -0.561890378 0.217294708
0.755648782 -0.576080739 0.311650286
0.724351222 0.520878592 0.451664476
0.807370459 0.302754843 0.506450833
0.716265377 0.406274523 0.567366655
0.401452465 0.837379064 0.370988169
0.284371408 0.890690588 0.354687437
0.367151619 0.860008117 0.354380766
0.849743879 -0.030671662 0.526302755
0.833147155 0.208319416 0.512317127
0.549611244 0.744295441 0.379409775
0.474774687 0.790553856 0.386799170
0.616547780 0.649766487 0.444603585
0.477939651 0.757419880 0.444846958
0.174763640 -0.982425084 -0.065563889
0.181027884 -0.980488726 -0.076620908
0.130747096 -0.987600282 -0.086895797
0.114060477 -0.988546988 -0.098818321
0.295246684 -0.951708473 -0.084144985
0.199769514 -0.978692461 -0.047467971
0.100259810 -0.990870376 -0.090132507
0.077211945 -0.992859451 -0.090930889
0.897660433 -0.014699305 0.440442592
0.934661700 0.112531298 0.337259859
0.545843927 -0.827880383 -0.129106462
0.507925223 -0.861399654 -0.001613546
-0.014082669 -0.998330252 0.056021295
-0.008893081 -0.999321306 0.035746901
-0.001018183 -0.999959001 0.008997759
-0.002612719 -0.999990547 0.003475474
-0.015680084 -0.998600658 0.050506042
0.009823247 -0.869364110 0.494074435
0.012880585 -0.874915009 0.484105172
0.021461785 -0.857200055 0.514536157
0.020965454 -0.855184273 0.517899902
0.022836581 -0.867325445 0.497217320
0.019284576 -0.859663887 0.510495942
0.008062676 -0.859400423 0.511239578
-0.002076401 -0.857224686 0.514938371
-0.008891663 -0.884233153 0.466961101
0.016637796 -0.840777327 0.541125373
0.015211305 -0.880022961 0.474687481
0.013522640 -0.884118824 0.467066422
0.017645624 -0.896274265 0.443149042
0.025287817 -0.884368641 0.466103671
0.021672784 -0.835559434 0.548972424
0.022689323 -0.846303182 0.532218113
0.026955784 -0.834614374 0.550174730
0.020278426 -0.828939990 0.558969837
0.024530260 -0.816691526 0.576552875
0.030761625 -0.831489164 0.554688644
-0.071858599 -0.990521723 0.117060061
-0.069537158 -0.995217213 0.068609644
-0.085557503 -0.993689687 0.072530823
-0.532958791 -0.818348082 0.215084502
-0.482344023 -0.851005555 0.207686757
-0.530934267 -0.818754653 0.218516871
0.023327579 -0.787643551 0.615689419
0.576414562 0.746045611 0.333409958
0.700589016 0.655765000 0.281331292
0.615061372 0.720364261 0.320585152
0.800452562 0.552954611 0.231337189
0.818529631 0.530323475 0.220830829
0.873587756 0.451001226 0.182872432
0.769047615 0.591964276 0.241130798
0.737430284 0.624627312 0.256977231
0.356102810 0.864450256 0.354847212
0.247732122 0.891683090 0.378853617
0.677384891 0.657929750 0.329056458
0.750015204 0.591015908 0.296946780
0.984829092 0.026046920 0.171561120
0.905653638 0.344265087 0.247533912
0.842538014 0.449780387 0.296356707
0.726426753 0.560350853 0.397883267
0.750391619 -0.645900623 -0.140445020
0.733288771 -0.624885681 -0.267965415
0.647274136 -0.730930313 -0.216280074
0.933123697 -0.340721184 -0.114844420
0.864087558 -0.462919941 -0.197630514
0.956719716 -0.264647625 -0.121033134
0.524583999 -0.825059995 -0.209970549
0.529417550 -0.808474135 -0.257073201
0.622682133 -0.724623440 -0.295275856
0.998550549 0.042042081 0.033604521
0.997506547 0.064321895 0.029041033
0.967132631 0.235592926 0.095657965
0.730345149 0.632413602 0.258164676
0.795459625 0.565875166 0.216862356
0.925417397 0.348504304 0.148819995
0.918075822 0.369408046 0.143786230
0.439156748 0.837227644 0.325869949
0.979717172 -0.170754049 0.104868096
0.951174416 -0.308062831 0.019092496
0.960644423 0.234776387 -0.148466630
0.971008250 0.218077747 -0.097903394
0.966253350 0.241724097 -0.089016430
0.983317824 0.036590141 -0.178177490
0.989467840 -0.068631268 -0.127448587
0.993499875 0.001347856 -0.113825228
0.972623482 -0.177737050 -0.149710065
0.970148605 -0.109989291 -0.216134312
0.951924888 -0.253195459 -0.172426992
0.974134487 0.158870970 -0.160692304
0.990241943 0.096347633 -0.100687776
0.983989687 0.149092983 -0.097650281
0.973617515 -0.212217051 -0.083862135
0.998705974 -0.008834228 -0.050083264
0.940283311 0.278928505 -0.195105572
0.945086310 0.255299917 -0.204043672
0.958704818 0.172474646 -0.226136174
0.955868654 0.198502654 -0.216591349
0.920395242 0.293407205 -0.258427573
0.944527774 0.250314416 -0.212626381
0.966280410 0.059649541 -0.250487729
0.964845938 0.103035189 -0.241776892
0.012326527 -0.911581373 0.410934858
0.011400909 -0.918382948 0.395528481
0.023713851 -0.904399857 0.426026468
0.014339945 -0.903901856 0.427499475
0.026101884 -0.904104142 0.426514235
0.023297118 -0.908504226 0.417225737
0.019981503 -0.915696004 0.401374599
0.000240446 -0.986582534 0.163263117
0.004436819 -0.992923840 0.118669977
-0.001521228 -0.992652760 0.120988367
0.399413552 -0.908876431 -0.120051854
0.331703726 -0.938903049 -0.091835193
0.114016927 -0.987400570 -0.109728094
0.077172808 -0.991802090 -0.101847786
0.632646558 -0.746814748 -0.205002598
0.511336529 -0.848176057 -0.138319671
0.499205523 -0.846774644 -0.183756764
0.822332636 -0.548823417 -0.150206170
0.727031442 -0.661985031 -0.182211694
0.730901805 -0.645387246 -0.221941104
0.993066677 0.097098159 0.066261012
0.997078452 -0.076370463 -0.001453724
0.863690583 0.478848520 0.157298037
0.912107242 0.392210984 0.119293430
0.849733893 0.494546854 0.182690228
0.936394221 0.326666635 0.128276159
0.971596771 0.218142834 0.091724686
0.936649874 0.322422837 0.136859515
0.974565939 -0.221001834 -0.037140539
0.897712369 -0.425081125 -0.115838418
0.659030499 -0.731098930 -0.176559217
0.560316716 -0.812285873 -0.161977898
0.543693971 -0.826683867 -0.144881502
0.830233998 -0.541371508 -0.132771979
0.751672566 -0.640037932 -0.159184799
0.737118831 -0.661816795 -0.136580959
0.997922567 -0.062507448 -0.015600287
0.976903256 -0.207410102 -0.051391416
0.985959225 -0.166930856 -0.004300598
0.987668419 0.154852364 0.023061660
0.999467558 0.032489389 -0.003006523
0.993170263 0.101406167 0.057702837
0.946784815 -0.313698528 -0.072053775
0.888559819 -0.445730236 -0.108563363
0.893916249 -0.441720409 -0.076136847
0.941260493 0.317585231 0.114753241
0.928356498 0.357075154 0.103206333
0.962119891 0.262922220 0.072091761
0.987100749 0.155566179 -0.037832199
0.974378576 0.223780808 0.022550861
0.897887710 -0.420508769 -0.130269093
0.550479564 -0.807392203 -0.212344250
0.424778992 -0.887786943 -0.177192415
-0.350596098 -0.926991837 0.133298576
-0.353311109 -0.923802976 0.147510415
-0.291805095 -0.945975933 0.141348223
-0.256634368 -0.952830122 0.162029504
-0.013988446 -0.996913632 0.077249818
-0.014304645 -0.989298513 0.145202715
-0.005395450 -0.995193096 0.097783390
-0.481089897 -0.858783281 -0.176192470
0.445518818 -0.759759646 -0.473580261
0.181400760 -0.918875794 -0.350372714
-0.613475380 -0.789682438 -0.007043168
-0.372393095 -0.908181950 -0.191125425
0.813890174 -0.526310228 -0.246130716
0.795183532 -0.508133560 -0.330882814
0.658875939 -0.699494705 -0.276748360
0.481839458 -0.803910369 -0.348652915
0.360497450 -0.890856864 -0.276433784
0.534209539 -0.791589039 -0.296659674
0.033384095 -0.785196537 0.618346101
0.032368048 -0.794887025 0.605893495
0.016407114 -0.992448467 -0.121560056
-0.017952160 -0.993247966 -0.114613256
-0.015004891 -0.996685412 -0.079956504
-0.035781365 -0.998779776 -0.034038986
-0.001428064 -0.999154362 -0.041091628
-0.001992774 -0.930100883 0.367298756
0.009404481 -0.923796082 0.382769324
0.004411193 -0.936079123 0.351761876
-0.000860531 -0.935816048 0.352487706
0.005435392 -0.932641052 0.360764640
-0.001435517 -0.862025407 0.506863036
-0.005627760 -0.890248746 0.455439895
0.017787293 -0.997932013 -0.061768188
-0.002974875 -0.999869838 -0.015857427
0.005013782 -0.999980818 -0.003636771
-0.223323243 -0.956897020 0.185673970
-0.250789764 -0.950948026 0.181114178
-0.222170188 -0.956493409 0.189105170
-0.230196887 -0.955278923 0.185611350
-0.258752933 -0.949481392 0.177572537
0.063563834 -0.693939447 0.717222200
0.070630182 -0.681531016 0.728372743
0.065366125 -0.679175177 0.731059744
0.050734911 -0.717225712 0.694991545
0.055994863 -0.719505443 0.692225753
0.007175985 -0.986259611 0.165046918
0.008293617 -0.978979370 0.203790599
0.009275982 -0.978117361 0.207847019
0.010517829 -0.973010963 0.230519070
0.011867858 -0.958835945 0.283712503
0.031740076 -0.672845023 0.739102254
0.032293181 -0.642286726 0.765783855
0.030642897 -0.709631483 0.703906365
0.048350482 -0.982010936 -0.182528769
0.067248476 -0.985140014 -0.158040486
0.060558032 -0.985611930 -0.157803195
0.072193230 -0.988696308 -0.131406801
0.053340584 -0.986313536 -0.156014074
0.068835133 -0.981215820 -0.180214424
0.096447760 -0.984330178 -0.147620902
0.082685064 -0.985183148 -0.150257597
0.052237797 -0.988262208 -0.143558420
0.047324562 -0.993452218 -0.103985942
0.034577058 -0.992418772 -0.117938153
0.204247670 -0.974409528 -0.093856064
0.203915690 -0.969761059 -0.134096535
0.268160140 -0.960981658 -0.067855674
0.406534615 -0.913245520 0.026687595
0.404638078 -0.911982397 0.067499131
0.020824378 -0.996969808 -0.074950297
0.025777178 -0.993069958 -0.114662967
0.012846105 -0.995515727 -0.093719877
0.002159448 -0.998520857 -0.054327105
0.002979456 -0.997070653 -0.076427981
0.020973882 -0.984337710 -0.175041049
0.040569244 -0.984631036 -0.169870123
0.019883201 -0.986489009 -0.162616402
0.761372249 -0.605383004 0.231999389
0.519848829 -0.850344203 0.081681894
0.588285273 0.333799466 0.736544876
0.325510083 0.712136784 0.622016387
0.162190045 0.920094820 0.356538795
0.162342699 0.927813441 0.335867632
0.329730747 0.833091305 0.444113175
0.263876221 -0.959506488 0.098573013
0.263520348 -0.961707027 -0.075343343
0.110776562 -0.979441437 -0.168591293
0.041355903 -0.980366770 -0.192797005
0.069618551 -0.980455937 -0.184009272
0.041367958 -0.979989043 -0.194705336
0.020880802 -0.980272826 -0.196543068
0.027580988 -0.980050305 -0.196826544
0.027554776 -0.979978600 -0.197186913
0.069603221 -0.981835921 -0.176503870
0.135256639 -0.982382543 -0.128958055
0.135348059 -0.979082088 -0.151918290
-0.000863275 -0.999364926 0.035623017
-0.001190846 -0.998600620 0.052871396
0.003000362 -0.998256982 0.058940606
0.018500460 -0.894420738 0.446843681
0.020764435 -0.866249113 0.499180642
0.023673085 -0.834892645 0.549903498
0.025873340 -0.798120862 0.601941575
-0.004346447 -0.997715045 -0.067422522
-0.003861252 -0.998529389 -0.054075415
0.006973970 -0.989872638 -0.141786897
0.007248751 -0.994841456 -0.101182673
0.014081036 -0.939383257 0.342579656
0.016187774 -0.918063504 0.396102713
0.028500166 -0.783515291 0.620718559
0.022409383 -0.855184545 0.517838984
0.001361971 -0.905958451 0.423364418
0.013307980 -0.814479873 0.580039166
0.016026088 -0.828688774 0.559480188
0.015725184 -0.882398312 0.470240297
0.041617248 -0.713004352 0.699923424
-0.006515759 -0.809008155 0.587761303
0.005840524 -0.793632607 0.608369274
-0.268870404 -0.958813084 -0.091576060
-0.268179611 -0.962538826 -0.039983797
-0.205380429 -0.974195704 -0.093603472
-0.075308362 -0.965151448 0.250621892
-0.077593468 -0.967777758 0.239552637
-0.091953941 -0.972399239 0.214439252
-0.024796480 -0.944523302 0.327507049
-0.000700758 -0.930238685 0.366954354
-0.024100929 -0.939780567 0.340927603
0.007727502 -0.968155992 0.250228418
0.008427988 -0.954811726 0.297091798
0.011083881 -0.956001035 0.293153832
0.012621248 -0.952007223 0.305815224
0.017160321 -0.909320384 0.415742665
0.024673190 -0.839340063 0.543046492
-0.512414031 -0.831320349 0.215263415
-0.526548149 -0.820649766 0.221993262
-0.047272843 -0.924830730 0.377429993
-0.020237326 -0.836140753 0.548141490
-0.022823400 -0.868049271 0.495953178
-0.000318208 -0.977678223 0.210107569
-0.033945310 -0.964688232 0.261197875
-0.020671473 -0.906988986 0.420646729
-0.026007393 -0.979443662 0.200034318
-0.030962698 -0.981897330 0.186866114
0.698679173 -0.711116095 -0.078494029
-0.384343147 -0.912827681 0.137934658
0.504151314 -0.810199977 -0.299010786
-0.709278394 -0.699858143 0.084396320
-0.622636913 -0.779756874 0.065593384
0.895951741 0.334771703 -0.291887623
0.932184225 -0.350877796 -0.088979450
0.942225232 -0.320204290 -0.098391177
0.534869031 -0.831597519 0.149534899
0.948427686 -0.301220981 -0.098746366
0.942423754 -0.319400400 -0.099100213
-0.126762999 -0.951365333 0.280775970
-0.705363539 -0.654387355 0.272469205
-0.073908846 -0.961365659 0.265167026
0.028789189 -0.739428861 0.672618868
-0.384300601 -0.904377335 0.185511951
-0.365412077 -0.912087655 0.185930427
-0.343881486 -0.923251035 0.171327321
-0.001991571 -0.790631631 0.612288867
0.041390311 -0.732955541 0.679016212
-0.030358698 -0.991577667 0.125905041
-0.026975681 -0.995221105 0.093847033
-0.080482763 -0.969963158 0.229551729
0.013359528 -0.800740847 0.598861936
0.142667886 -0.986634790 -0.078725252
0.137074148 -0.985215641 -0.102765846
0.216273821 -0.974618102 -0.057837614
0.149698419 -0.987038488 -0.057839488
0.434517690 -0.892115169 0.123793793
0.600912982 -0.798489146 0.036313511
0.857353611 -0.508210371 0.081651730
0.016910201 -0.998852803 -0.044800920
0.022933554 -0.998086881 -0.057416286
0.010206461 -0.999661483 -0.023932139
-0.016169279 -0.997301373 0.071613725
-0.066281618 -0.997500038 -0.024503493
-0.052651920 -0.998509037 0.014404099
0.798312759 -0.583167744 -0.150373272
0.957323604 0.277136377 -0.082017959
0.965160447 0.259792225 -0.031197949
0.764074215 -0.620871327 -0.175240945
0.881778635 -0.416320125 -0.221684444
0.936505533 0.184459435 -0.298214862
0.950858437 0.087316971 -0.297058881
0.951107564 0.054324964 -0.304044733
0.005640974 -0.978150450 0.207821740
0.163394717 -0.976886000 -0.137825649
0.186281271 -0.974396995 -0.125895927
0.894603869 0.417880192 0.158303704
0.941337207 0.335676141 0.034724493
0.954014702 0.299197267 0.018356042
0.937566234 0.339131366 0.077197620
0.329345036 -0.909742990 -0.252783582
0.238714684 -0.946874638 -0.215508051
0.326391398 -0.925718115 -0.191088010
-0.413944411 -0.891152292 0.185735342
-0.386989534 -0.908959616 0.155021019
-0.437541789 -0.883071440 0.169534703
0.239492804 -0.888034431 -0.392476809
-0.000531833 -0.923592589 -0.383375072
0.436861081 -0.809388960 -0.392481730
-0.176340455 -0.930617218 -0.320711142
0.033389449 -0.934221387 -0.355127506
0.055179140 -0.993016891 -0.104272322
0.041354294 -0.995557621 -0.084586316
0.029009634 -0.756716306 0.653099436
0.123454776 -0.983391997 -0.133037960
0.151452124 -0.980683244 -0.123784610
0.540823138 -0.753322212 0.374187089
0.391439463 -0.918653752 -0.053389419
0.026576729 -0.990264962 -0.136634487
0.005759992 -0.991935048 0.126616286
0.003996543 -0.996445286 0.084147608
-0.077411344 -0.963238164 0.257254200
-0.082731541 -0.962934554 0.256734372
-0.091993528 -0.964952510 0.245771935
-0.001408324 -0.937263644 0.348618529
-0.002700023 -0.935231674 0.354026025
-0.000116404 -0.937393796 0.348271240
-0.280108179 -0.945413374 0.166532158
-0.240298003 -0.954114611 0.178667790
-0.254943853 -0.952285019 0.167800104
-0.189467580 -0.963794479 0.187622594
-0.204706315 -0.960864231 0.186642047
-0.179243324 -0.964395674 0.194455175
0.005583355 -0.786281881 0.617842723
-0.112212309 -0.991418601 0.067063815
-0.126985233 -0.991019458 0.041894921
-0.127811475 -0.989020037 0.074186202
0.392600107 -0.909009293 -0.139883026
-0.003437202 -0.998082090 -0.061808795
-0.008616588 -0.999054876 -0.042604091
-0.007295337 -0.999929718 -0.009345386
-0.001626639 -0.999883092 -0.015203817
0.101493938 -0.981436770 -0.162729368
0.062756891 -0.981635351 -0.180148854
0.052250244 -0.988932190 -0.138863371
0.078027560 -0.990336118 -0.114656329
0.015257775 -0.896561320 0.442656751
0.953364305 -0.047494345 -0.298061719
0.938736251 -0.016313016 -0.344250107
0.900900899 -0.278966383 -0.332498612
0.912233853 -0.357483638 -0.200087098
0.932492730 -0.247831983 -0.262748200
0.847776181 0.493551936 0.194118605
0.855209217 0.485628110 0.181059474
0.964398496 0.264209836 0.011344756
0.914993106 0.301295494 -0.268344260
0.914118171 0.296230884 -0.276830692
-0.287384416 -0.941091465 0.178205083
-0.354218098 -0.916464354 0.186071562
-0.317293802 -0.928493890 0.192934546
-0.615045299 -0.747650535 0.250475462
-0.614916008 -0.745904913 0.255937811
-0.559423295 -0.794751329 0.235405826
-0.002359194 -0.921590674 0.388155980
0.009956957 -0.908008509 0.418833387
0.057591590 -0.728250481 0.682886847
0.173779016 -0.968385240 -0.178971733
-0.737987818 -0.616079096 0.275355275
-0.716358974 -0.643316467 0.270136528
-0.489670282 -0.865374671 0.106534936
-0.487474537 -0.861638198 0.141238066
-0.412804132 -0.904825858 0.104321210
-0.068989578 -0.962190086 0.263497014
-0.071716015 -0.959422201 0.272701031
0.019000995 -0.819953031 0.572115363
0.004647861 -0.839958850 0.542630194
0.008783291 -0.830314626 0.557225696
0.960791169 -0.017317891 -0.276731675
-0.457709215 -0.862270287 0.216776907
-0.616505874 -0.775380784 0.136766761
-0.314668555 -0.933030876 0.174462272
-0.328983620 -0.930093378 0.163389369
-0.006731453 -0.943271513 0.331954123
-0.031631180 -0.951357955 0.306459640
0.039929368 -0.788766140 0.613395160
0.336445962 -0.931064699 -0.141147585
0.230049395 -0.967562550 -0.104403005
-0.698437081 -0.664771000 0.265075767
-0.659622398 -0.704454557 0.261996316
0.881901704 0.365933512 -0.297223904
-0.028820137 -0.973447694 -0.227088059
-0.057023375 -0.981760284 -0.181370005
0.024637577 -0.973128994 -0.228938748
-0.434555820 -0.877555490 0.202626754
-0.432445196 -0.877807953 0.206020266
-0.117470841 -0.966321151 0.228962956
-0.156033189 -0.966591284 0.203359127
-0.125438539 -0.967157505 0.221069071
-0.102818392 -0.965446113 0.239462276
-0.074000643 -0.963425669 0.257555598
-0.115440279 -0.966776588 0.228071416
0.024084248 -0.759162764 0.650455107
0.005490253 -0.785476536 0.618867085
0.024542174 -0.769277463 0.638443316
-0.158038115 -0.974067376 -0.161915721
-0.158051319 -0.981202682 -0.110729749
0.016755223 -0.922539672 0.385538347
0.013940684 -0.926492900 0.376053937
-0.179079158 -0.968958584 0.170440361
-0.144191010 -0.971530382 0.187983164
-0.178959390 -0.971619314 0.154691456
-0.008557504 -0.999919478 -0.009370537
0.001313156 -0.999641870 -0.026728417
0.790616108 -0.479529002 -0.380759905
0.257094314 -0.894929394 -0.364696988
-0.443221991 -0.872497994 0.205673328
0.024569947 -0.858787978 0.511741661
0.027284256 -0.859410998 0.510556858
0.030095435 -0.846099092 0.532175338
-0.039991941 -0.974667626 0.220053776
-0.033850319 -0.979665028 0.197763975
-0.034878683 -0.984948141 0.169294529
0.375877332 -0.808434157 -0.452935366
-0.628145682 -0.777192450 0.037481973
-0.554870058 -0.813227360 0.175443666
-0.620903991 -0.763717896 0.176672604
-0.614604409 -0.760493934 0.209548079
-0.014427301 -0.932840258 0.360001258
-0.038511629 -0.946521248 0.320334795
0.450460590 -0.892739232 -0.010095533
-0.083393474 -0.993671041 -0.075255497
-0.114547134 -0.993186754 -0.021424888
-0.080497115 -0.996571930 -0.019094577
-0.039773343 -0.924293746 0.379603943
-0.027490363 -0.905642158 0.423150754
-0.077098703 -0.974351631 -0.211411185
0.039818235 -0.997439238 -0.059409387
-0.183366851 -0.964516884 0.189957306
-0.181417525 -0.965636577 0.186101269
-0.137275433 -0.985921381 0.095469820
-0.122346003 -0.985140568 0.120538446
-0.137921253 -0.977916637 0.157024772
-0.110810596 -0.976687565 0.183854325
-0.027591647 -0.945136326 0.325508873
-0.050942270 -0.952934444 0.298865908
0.003357519 -0.934017416 0.357211692
0.023864549 -0.872230052 0.488513275
0.028000232 -0.884928722 0.464884010
0.008104640 -0.999105900 -0.041493549
-0.169350703 -0.964714384 0.201609765
-0.154010597 -0.967100002 0.202480426
-0.197154695 -0.960301629 0.197359590
-0.295260973 -0.939326306 0.174605410
-0.119761446 -0.967205821 0.223986822
-0.110549848 -0.992205902 0.057499387
-0.109666629 -0.993649336 0.025183861
-0.007454817 -0.999823358 0.017253388
-0.016402417 -0.997751597 0.064982398
-0.466732125 -0.884133362 0.021663824
-0.540706967 -0.839188967 0.058291099
-0.113014833 -0.978486287 0.172604266
-0.181617172 -0.963704192 0.195676859
-0.216590610 -0.960629963 0.174007416
0.909101259 0.298276850 -0.290802032
0.755509490 -0.648783127 -0.091026718
-0.130240652 -0.991379357 -0.014294840
-0.161255840 -0.985093184 -0.059899697
-0.173941334 -0.984749963 0.003452965
-0.016797213 -0.929649714 0.368061493
-0.253550366 -0.967256666 0.011258547
-0.316154042 -0.948612264 0.013468294
-0.113949585 -0.985176760 -0.128227311
-0.085690276 -0.987426631 -0.132837590
-0.081982176 -0.979659074 -0.183158461
-0.640045883 -0.753555243 0.149985876
-0.695135106 -0.695244916 0.182816001
-0.194989464 -0.980439594 0.026782662
-0.243077006 -0.966684272 0.080218992
-0.054511037 -0.956015799 0.288205375
-0.063228638 -0.961091937 0.268894826
-0.057624790 -0.953628978 0.295416918
-0.054125691 -0.949678767 0.308513611
-0.595054403 -0.766551326 0.241473234
-0.554020323 -0.803164555 0.219062044
-0.589943733 -0.773775544 0.230733178
0.033346451 -0.727171326 0.685645592
0.034183739 -0.727708859 0.685033787
0.031521725 -0.732184357 0.680376695
0.064188206 -0.992298673 -0.105939689
0.006027640 -0.795883225 0.605420152
0.014625681 -0.803287336 0.595412081
-0.046073504 -0.931866427 0.359864133
-0.042181251 -0.934056737 0.354624807
0.147873757 -0.949597727 -0.276400994
0.273398176 -0.913595513 -0.300992817
0.180389492 -0.936151618 -0.301794268
-0.009628357 -0.999886319 0.011603614
0.017162659 -0.918036470 0.396124329
0.023286581 -0.906605320 0.421336599
-0.373353331 -0.927551107 0.016007309
-0.425700388 -0.904290605 -0.032213056
-0.356727661 -0.928623823 0.101995940
-0.358356482 -0.931161737 0.067219430
-0.060630281 -0.962449928 0.264601788
-0.063931463 -0.966697464 0.247807951
-0.017350633 -0.907652638 0.419363381
-0.020309612 -0.922552795 0.385336036
-0.001747403 -0.902849027 0.429954161
-0.635149773 -0.764538127 0.109846336
0.131407512 -0.931062853 -0.340373369
0.880500241 0.372162583 -0.293622781
0.915980054 0.266538866 -0.299895937
0.950831852 -0.295188271 -0.093715920
-0.044885821 -0.950412016 0.307737328
0.053888397 -0.995414830 -0.079027570
0.054719348 -0.993197702 -0.102781895
-0.481532504 -0.858934044 0.174237638
-0.048486456 -0.987105995 0.152547756
-0.062022263 -0.984612134 0.163377427
-0.054542161 -0.977765553 0.202483766
-0.047147145 -0.966051955 0.254009384
-0.039081021 -0.997487274 0.059091555
0.021891983 -0.895597944 0.444325403
-0.045212280 -0.957318680 -0.285476435
-0.174723592 -0.959618055 -0.220465088
0.017903730 -0.849270307 0.527654624
0.186769893 -0.963176304 0.193412552
-0.295127984 -0.950633103 0.095896693
-0.020112990 -0.984903489 -0.171931922
-0.051578366 -0.990111952 -0.130453038
-0.653321123 -0.720936213 0.231133052
-0.164343631 -0.977252434 0.134047946
-0.198954985 -0.973089970 0.116244672
-0.158064520 -0.980267323 0.118707971
0.054197479 -0.979500068 -0.194016109
0.004908110 -0.985455386 -0.169863454
-0.257667892 -0.960952685 0.100882083
-0.067375791 -0.969786341 0.234467386
-0.095522622 -0.995230900 0.019770785
-0.098043158 -0.992830369 0.068376877
0.082442802 -0.967540767 -0.238889197
0.177230747 -0.954221440 -0.240937142
-0.163494405 -0.983889866 0.072320884
-0.036558184 -0.988238429 0.148486721
-0.043933401 -0.993063637 0.109061768
-0.506652714 -0.837604362 0.204259542
-0.097226897 -0.994829311 0.029352541
-0.339072464 -0.926159817 -0.165099540
-0.366635415 -0.926290523 -0.086973211
-0.078024478 -0.982819912 0.167263869
-0.077453268 -0.978966990 0.188744862
-0.032974832 -0.933629398 0.356719509
-0.017397485 -0.929774084 0.367719296
-0.029451225 -0.940233002 0.339255842
0.012933420 -0.891796050 0.452252730
0.003558308 -0.891167157 0.453661148
-0.671329100 -0.694079798 0.259943212
-0.008782816 -0.999833151 -0.016016603
-0.009693784 -0.999718815 -0.021640739
-0.288510526 -0.941394135 0.174753424
0.037018063 -0.996339706 -0.077050976
0.030332055 -0.997957385 -0.056222985
0.008668605 -0.926257788 0.376790878
0.008661485 -0.924542053 0.380981589
-0.028665784 -0.982192672 -0.185676674
0.005916355 -0.848488122 0.529181353
0.006413850 -0.850554271 0.525848168
0.125124856 0.926636639 0.354525471
0.125174695 0.940662310 0.315413561
0.955985268 -0.115190187 -0.269858089
0.938890239 -0.177729846 -0.294783347
-0.051395082 -0.947477364 0.315666265
-0.394358442 -0.896903485 0.200113861
-0.636902314 -0.730637720 0.246016187
0.007638811 -0.928178500 0.372056879
0.015819291 -0.772097145 0.635307602
0.013957804 -0.768389014 0.639830839
0.013728250 -0.782061328 0.623050251
0.016260443 -0.743869852 0.668126665
0.014394071 -0.739970728 0.672485043
0.014179503 -0.754356554 0.656311763
0.012094476 -0.764651834 0.644330114
0.010232494 -0.760885839 0.648805083
0.010008180 -0.774752967 0.632184843
0.017525034 -0.774158747 0.632748851
0.017750211 -0.760276904 0.649356573
0.021381439 -0.750345946 0.660699474
0.021592109 -0.735863020 0.676786079
0.019675328 -0.748197457 0.663184323
0.017967317 -0.746038728 0.665660118
0.018177387 -0.731451054 0.681651626
0.016178133 -0.836207363 0.548174711
0.014322787 -0.825985450 0.563509444
0.014501332 -0.841902444 0.539434876
0.015797620 -0.803190417 0.595512879
0.013926120 -0.792101192 0.610230912
0.014131264 -0.809380351 0.587114771
0.012461479 -0.815480069 0.578650990
0.010598794 -0.804694865 0.593594003
0.010793202 -0.821488718 0.570122613
0.017795428 -0.844110296 0.535874175
0.017618654 -0.828294757 0.560015516
0.020678547 -0.828458086 0.559669186
0.020488607 -0.811961918 0.583350718
0.019056857 -0.820212341 0.571741683
0.017428495 -0.811789175 0.583690486
0.017225076 -0.794607452 0.606879143
0.013652994 -0.888272822 0.459113264
0.014750851 -0.882910912 0.469308783
0.015336112 -0.894753093 0.446297777
0.012463538 -0.863341405 0.504466330
0.013553904 -0.857459885 0.514372275
0.014156715 -0.870477033 0.492005409
0.015847743 -0.877430705 0.479441557
0.016940692 -0.871833051 0.489510107
0.017533637 -0.884200987 0.466777449
0.015115481 -0.858545399 0.512514703
0.016810344 -0.865793449 0.500119102
0.011716711 -0.843512363 0.536981948
0.013417000 -0.851117871 0.524803157
0.013279094 -0.844648956 0.535155871
0.011432751 -0.830153609 0.557417507
0.013138669 -0.838054192 0.545428773
0.004751557 -0.810207600 0.586123764
0.004377547 -0.806827028 0.590771516
0.005432163 -0.812407828 0.583064330
0.002641667 -0.798913105 0.601440664
0.002267275 -0.795444082 0.606022748
0.003322549 -0.801172273 0.598424557
0.004003411 -0.803419690 0.595399676
0.003629094 -0.799985707 0.600008081
0.004684167 -0.805655330 0.592366059
0.010515794 -0.849940818 0.526773218
0.010459736 -0.847230599 0.531122309
0.012022725 -0.857998013 0.513512282
0.007379249 -0.827498953 0.561418764
0.007321480 -0.824611414 0.565652201
0.008892478 -0.836100138 0.548504770
0.010403616 -0.844498115 0.535457466
0.010346940 -0.841743467 0.539778545
0.011911943 -0.852690858 0.522280008
-0.021805401 -0.730045404 0.683050681
-0.019558405 -0.734861915 0.677934684
-0.016406432 -0.737496678 0.675151449
-0.028106212 -0.724672052 0.688520485
-0.025861226 -0.729538320 0.683450830
-0.022710190 -0.732209151 0.680701114
-0.017310638 -0.739638528 0.672781681
-0.015061826 -0.744374833 0.667592129
-0.011908437 -0.746959071 0.664763368
-0.034268023 -0.713818146 0.699492214
-0.039212675 -0.705654722 0.707469984
-0.036205457 -0.713900302 0.699310749
-0.040277639 -0.697230942 0.715714136
-0.045210329 -0.688860771 0.723482457
-0.042214271 -0.697307742 0.715527685
-0.044151268 -0.697382045 0.715338346
-0.049082494 -0.689001374 0.723096132
-0.046087563 -0.697453620 0.715146407
-0.040358310 -0.693695446 0.719136868
-0.045677883 -0.687641300 0.724612292
-0.048590356 -0.682684158 0.729096234
-0.034520676 -0.703402343 0.709953144
-0.039846313 -0.697445829 0.715528886
-0.042763330 -0.692562016 0.720089683
-0.050993469 -0.681522005 0.730018783
-0.056304056 -0.675337968 0.735356024
-0.059208753 -0.670285532 0.739737540
-0.038801941 -0.696085974 0.716909148
-0.035883118 -0.700939600 0.712317401
-0.029844529 -0.710435435 0.703129289
-0.026920478 -0.715176804 0.698424961
-0.031403661 -0.708100336 0.705413159
-0.032962393 -0.705755964 0.707687784
-0.030039898 -0.710534805 0.703020551
0.005529196 -0.787901614 0.615776318
0.002492477 -0.780048678 0.625713870
0.007555004 -0.791741286 0.610809838
-0.004596990 -0.764015448 0.645181574
-0.007633172 -0.755768284 0.654794652
-0.002570925 -0.768056144 0.640377350
-0.000544582 -0.772063394 0.635545293
-0.003581798 -0.763947175 0.645268847
0.001481536 -0.776037092 0.630685529
-0.002119203 -0.773724010 0.633519270
-0.005383531 -0.764953793 0.644062662
0.000133129 -0.778157006 0.628069786
-0.013147711 -0.746724091 0.665003962
-0.010897600 -0.751398273 0.659758954
-0.008646678 -0.756031530 0.654478083
-0.006395616 -0.760623698 0.649161525
0.270457249 -0.953938202 0.129825970
0.252854168 -0.957298359 0.140159275
0.271649384 -0.952497369 0.137678516
0.232766912 -0.963153933 0.134737023
0.214978924 -0.965799694 0.144965556
0.233959803 -0.961733741 0.142586894
0.235140440 -0.960249377 0.150433068
0.217325550 -0.962790497 0.160636434
0.236305240 -0.958703567 0.158263402
0.147349162 -0.966612157 0.209640555
0.134717217 -0.966555859 0.218222460
0.135662930 -0.965992545 0.220122630
0.145454708 -0.967716179 0.205835675
0.132823034 -0.967668765 0.214418289
0.133770172 -0.967114774 0.216320490
0.122053171 -0.966274405 0.226752724
0.109360790 -0.965767594 0.235230040
0.110306175 -0.965195535 0.237128926
0.097101130 -0.964571683 0.245301525
0.086285449 -0.962190328 0.258349751
0.086772273 -0.962079634 0.258598820
0.096127839 -0.964795510 0.244804130
0.085311462 -0.962410887 0.257851196
0.085798345 -0.962300794 0.258100418
0.075444242 -0.959527213 0.271322121
0.064580942 -0.956583049 0.284215011
0.065068287 -0.956475646 0.284465211
0.063254099 -0.961094375 0.268880126
0.050870303 -0.958073341 0.281971072
0.049150494 -0.958126187 0.282096507
0.066690291 -0.960936480 0.268614012
0.054310054 -0.957958870 0.281718338
0.052590549 -0.958017440 0.281845380
0.038470111 -0.954732244 0.294968462
0.026057072 -0.951072423 0.307867302
0.024334959 -0.951081986 0.307978678
0.040471561 -0.950220057 0.308939954
0.044039424 -0.952349996 0.301811224
0.057747748 -0.955250733 0.290105559
0.013006557 -0.943205046 0.331956429
0.016579579 -0.945598436 0.324913396
0.030314114 -0.949132497 0.313414353
0.047601984 -0.954415803 0.294660019
0.051162727 -0.956416077 0.287490284
0.064858980 -0.959050991 0.275707291
0.091725230 -0.968680797 0.230746604
0.105331474 -0.970360006 0.217501124
0.104016455 -0.971526780 0.212876237
0.094338140 -0.966188571 0.239958249
0.107957497 -0.967954409 0.226736499
0.106646885 -0.969168710 0.222122609
0.118902412 -0.971685827 0.204178527
0.132429358 -0.972658577 0.190781965
0.131100260 -0.973738028 0.186136978
-0.004657103 -0.936481289 0.350686621
-0.002295612 -0.938097480 0.346363751
-0.007819064 -0.934353933 0.356260566
0.006390236 -0.943683363 0.330788264
0.008751469 -0.945183113 0.326423491
0.003228161 -0.941707378 0.336417587
0.000065934 -0.939688460 0.342031569
0.002427490 -0.941254183 0.337690200
-0.003096284 -0.937626697 0.347629962
0.015128855 -0.924096526 0.381859565
0.014447074 -0.926679206 0.375575467
0.014495461 -0.933193057 0.359082999
0.015014565 -0.909975587 0.414389906
0.014335639 -0.912779512 0.408200994
0.014393535 -0.919873977 0.391949860
0.013764009 -0.929218681 0.369273876
0.013080744 -0.931714824 0.362955066
0.013126641 -0.938004063 0.346375617
0.016034779 -0.897825800 0.440058766
0.016396491 -0.885805430 0.463767070
0.015316295 -0.890718379 0.454297459
0.018198022 -0.888198674 0.459099061
0.018551365 -0.875674519 0.482545317
0.017475594 -0.880790605 0.473183383
0.016747408 -0.873159029 0.487147652
0.017087021 -0.859895579 0.510183914
0.016015503 -0.865305888 0.500988246
0.014599577 -0.880384019 0.474036741
0.014242419 -0.892678330 0.450469259
0.015281029 -0.853937994 0.520150355
0.014946185 -0.867467511 0.497269272
0.013875370 -0.869612124 0.493540503
0.013145703 -0.858408065 0.512798971
0.012805718 -0.871739643 0.489802010
0.543130923 -0.806299497 0.234285985
0.523567685 -0.821206164 0.226930201
0.540147420 -0.808472530 0.233694102
0.509803669 -0.831503386 0.220686063
0.489657843 -0.845478083 0.213077468
0.506735205 -0.833543341 0.220056651
0.503659422 -0.835571635 0.219424771
0.483419443 -0.849386439 0.211774217
0.500576815 -0.837588258 0.218789310
0.427645328 -0.880727936 0.203562709
0.442189632 -0.873518593 0.203552445
0.420090848 -0.885172133 0.199984935
0.471355234 -0.856461528 0.210470651
0.485529546 -0.848550614 0.210292454
0.464007263 -0.861308707 0.206989302
0.456617887 -0.866079056 0.203487529
0.470925169 -0.858410953 0.203371879
0.449186946 -0.870771453 0.199970409
0.598376891 -0.766676712 0.232705641
0.593418787 -0.769306295 0.236689603
0.574626955 -0.785691832 0.229111780
0.634605758 -0.732191179 0.247328949
0.629776130 -0.734978469 0.251373579
0.611805533 -0.752397325 0.244115251
0.588430441 -0.771898395 0.240670904
0.583417035 -0.774453916 0.244633799
0.564505940 -0.790675049 0.236993692
0.047204712 -0.910988074 0.409722398
0.046475844 -0.904577939 0.423767328
0.048818728 -0.917033096 0.395811865
0.042433076 -0.884381971 0.464831112
0.041662251 -0.877123374 0.478454641
0.044089600 -0.891270515 0.451323582
0.045736300 -0.897951679 0.437711061
0.044984971 -0.891110980 0.451550190
0.047371501 -0.904423999 0.423996664
0.061310221 -0.954943915 0.290384530
0.057479695 -0.946857026 0.316477262
0.058877944 -0.949416532 0.308450380
0.058528825 -0.950064630 0.306515214
0.054670600 -0.941531033 0.332461184
0.056077034 -0.944228480 0.324481038
0.053605214 -0.938049692 0.342329163
0.049689846 -0.928528606 0.367920572
0.051113845 -0.931530551 0.360053063
0.041502488 -0.880213962 0.472758845
0.043164474 -0.887224206 0.459314747
0.038149766 -0.865580812 0.499313983
0.039831076 -0.872998905 0.486092993
0.037996135 -0.868805789 0.493693016
0.034468119 -0.856893084 0.514340541
0.036158604 -0.864544256 0.501254212
0.047051297 -0.915873009 0.398701400
0.041000155 -0.906310215 0.420619520
0.041135650 -0.912273664 0.407510270
0.046780696 -0.904008675 0.424946917
0.040702857 -0.893820193 0.446574451
0.040857751 -0.900158276 0.433642390
0.034925662 -0.896195470 0.442282577
0.028832337 -0.885535319 0.463676499
0.028991608 -0.892120075 0.450867230
0.023370899 -0.946261363 0.322557333
0.023938864 -0.934873526 0.354172870
0.025809896 -0.940362281 0.339194089
0.019638809 -0.935562291 0.352615252
0.020178510 -0.923173694 0.383853042
0.022059118 -0.929143505 0.369060621
0.024477252 -0.922429628 0.385388694
0.024985702 -0.908943948 0.416168972
0.026885322 -0.915423017 0.401594172
0.012902968 -0.931161946 0.364377474
0.014232831 -0.928437216 0.371216599
0.013773434 -0.937799098 0.346905095
0.013799722 -0.910907951 0.412378797
0.015125130 -0.907829223 0.419067218
0.014683734 -0.918444975 0.395276126
0.015563068 -0.925660486 0.378034992
0.016890802 -0.922831962 0.384832264
0.016435321 -0.932551944 0.360661548
0.013158766 -0.959294428 0.282101131
0.016566473 -0.955152674 0.295649997
0.015010712 -0.963648608 0.266750892
0.016243849 -0.940523435 0.339340250
0.018109736 -0.945787639 0.324280401
0.019973237 -0.950807964 0.309136355
0.021826725 -0.955582990 0.293912816
0.045248338 -0.958712093 0.280755607
0.048600582 -0.953402899 0.297759796
0.047085979 -0.963494748 0.263554134
0.048160160 -0.936108366 0.348398803
0.051452092 -0.929588709 0.364989744
0.050056574 -0.942095982 0.331586339
0.051940172 -0.947780174 0.314666427
0.055256073 -0.941846265 0.331470029
0.053800417 -0.953159304 0.297645520
0.036453336 -0.900447961 0.433433528
0.036730588 -0.889687536 0.455090048
0.039208707 -0.903231023 0.427359796
0.031450612 -0.872129745 0.488262805
0.031676283 -0.860055461 0.509216278
0.034218178 -0.875291043 0.482384398
0.036987273 -0.878406550 0.476480718
0.037218094 -0.866612106 0.497592475
0.039750206 -0.881476491 0.470551927
0.037574090 -0.951345122 0.305827807
0.040710912 -0.941918960 0.333363608
0.040212027 -0.953197252 0.299663131
0.038508804 -0.927170875 0.372654317
0.041561984 -0.915808223 0.399459510
0.041159620 -0.929450626 0.366643449
0.043814097 -0.931685419 0.360614205
0.046872841 -0.920653740 0.387555968
0.046459556 -0.933875395 0.354567705
0.034088016 -0.959174965 0.280751481
0.034613687 -0.948569978 0.314669493
0.028184193 -0.953978939 0.298546203
0.028679590 -0.942750274 0.332264054
0.031644225 -0.945704988 0.323482176
0.035089855 -0.936766710 0.348190800
0.035519659 -0.923780415 0.381271686
0.017970972 -0.979596280 0.200170361
0.023364990 -0.973563524 0.227218271
0.020911650 -0.981355313 0.191061386
0.022839358 -0.962021868 0.272015238
0.025788664 -0.964433744 0.263063677
0.028742824 -0.966754496 0.254085800
0.031684529 -0.968983824 0.245084555
0.028503431 -0.991263371 0.128780760
0.027710761 -0.992578732 0.118404285
0.026581396 -0.993253986 0.112871381
0.030755981 -0.989699221 0.139819603
0.029967086 -0.991131929 0.129458380
0.028839467 -0.991871370 0.123933331
0.026915279 -0.993784877 0.108014753
0.026116753 -0.994881676 0.097613353
0.024983990 -0.995439239 0.092068026
-0.918358923 0.269639293 -0.289674889
-0.916071461 0.282407468 -0.284708799
-0.926330103 0.250017316 -0.281786945
-0.895429320 0.333659054 -0.294750688
-0.892376319 0.346171648 -0.289533582
-0.904748878 0.314473241 -0.287290878
-0.913608629 0.295125194 -0.279679091
-0.910965945 0.307783587 -0.274609379
-0.921998295 0.275624062 -0.271938450
-0.894733999 0.334894166 -0.295460605
-0.911872592 0.281848186 -0.298412428
-0.900263928 0.314304520 -0.301226708
-0.918157158 0.270060966 -0.289921556
-0.931804422 0.215958257 -0.291723414
-0.922394550 0.249052810 -0.295230405
-0.926173475 0.227921951 -0.300423500
-0.937592808 0.173288619 -0.301480978
-0.929505617 0.206683164 -0.305452742
0.746431384 -0.611539998 0.262410021
0.718200475 -0.643851679 0.263899780
0.754393203 -0.600045078 0.266151834
0.670577054 -0.696028888 0.256651906
0.638964403 -0.725080348 0.256871524
0.679682944 -0.685576228 0.260799408
0.688643604 -0.674976747 0.264908244
0.657822397 -0.704860723 0.265407339
0.697465084 -0.664239004 0.268940520
-0.198898171 -0.953176441 0.227802964
0.161075010 -0.944902811 0.284979857
-0.183331740 -0.954034394 0.237081942
0.471976817 -0.831192291 0.293866058
0.751925871 -0.598227775 0.277003633
0.486018015 -0.821453611 0.298329439
0.499663670 -0.811043843 0.304210620
0.772039800 -0.569757615 0.281657251
0.513370477 -0.800778979 0.308551098
-0.001731975 -0.774492572 0.632580632
-0.004709881 -0.766594551 0.642114173
-0.004743640 -0.766095918 0.642708754
-0.001664366 -0.775473476 0.631377952
-0.004642408 -0.767590436 0.640923842
-0.004676170 -0.767092728 0.641519197
-0.007687074 -0.758572245 0.651543596
-0.010663017 -0.750426948 0.660867381
-0.010696575 -0.749913586 0.661449315
0.002106946 -0.783551918 0.621322744
-0.003410032 -0.770495867 0.637435872
-0.000474871 -0.777206264 0.629245737
-0.005991348 -0.763976268 0.645216526
-0.004700729 -0.767246585 0.641334999
-0.008925401 -0.757084973 0.653255449
-0.014436647 -0.743325416 0.668774184
0.026514638 -0.853608624 0.520239648
0.021953759 -0.839994872 0.542150024
0.024346556 -0.843238627 0.536987768
0.021734956 -0.847296750 0.530674863
0.017164519 -0.833399409 0.552404566
0.019558684 -0.836715186 0.547288914
0.017376480 -0.825804818 0.563688266
0.012786864 -0.811048192 0.584839574
0.015187038 -0.814570224 0.579866109
0.025401114 -0.888231458 0.458693428
0.025787334 -0.877174737 0.479478356
0.027782358 -0.890958508 0.453234021
0.021382284 -0.859564402 0.510579902
0.023770260 -0.862616496 0.505299669
0.026159970 -0.865631544 0.499997686
0.028545092 -0.868609648 0.494674091
0.032846434 -0.854240818 0.518838834
0.035621263 -0.857603209 0.513076858
0.027290899 -0.847382399 0.530281319
0.030068492 -0.850833934 0.524573640
0.028452894 -0.841336955 0.539761577
0.024041091 -0.827908589 0.560347566
0.026827572 -0.831567957 0.554774742
0.007504511 -0.806253410 0.591522713
0.006722800 -0.807493457 0.589838216
0.008151479 -0.812085000 0.583482224
0.004645665 -0.796892237 0.604103618
0.003863928 -0.798156808 0.602437365
0.005293513 -0.802850628 0.596156731
0.005940875 -0.808729485 0.588150768
0.005159064 -0.809961464 0.586460408
0.006587792 -0.814528201 0.580086555
0.004104251 -0.804348235 0.594143983
0.002808395 -0.792391021 0.610007035
0.003456535 -0.798409176 0.602105340
0.003049059 -0.798661278 0.601773102
0.001993673 -0.792901114 0.609347068
-0.008988072 -0.756871750 0.653501621
-0.008352758 -0.758263799 0.651894350
-0.000920267 -0.769347478 0.638829876
-0.023840555 -0.733853601 0.678889181
-0.023206765 -0.735307114 0.677336618
-0.015782524 -0.746915709 0.664731401
-0.007717592 -0.759652164 0.650283807
-0.007082220 -0.761036741 0.648670117
0.000350874 -0.772057368 0.635552750
0.011100073 -0.801303113 0.598155590
0.004575473 -0.807727194 0.589538672
0.008713741 -0.809930571 0.586461032
0.002823353 -0.796798887 0.604238001
-0.003703901 -0.803244434 0.595638029
0.000435049 -0.805498218 0.592598036
-0.001951862 -0.814023386 0.580828820
-0.008478364 -0.820190549 0.572027605
-0.004337826 -0.822371676 0.568934099
-0.014733256 -0.804282529 0.594064429
-0.017577739 -0.798717540 0.601449344
-0.022099360 -0.802470348 0.596282617
-0.005689459 -0.796703886 0.604343072
-0.008531969 -0.791064582 0.611673142
-0.013054699 -0.794915300 0.606579954
-0.020420234 -0.793077262 0.608778671
-0.023260051 -0.787363091 0.616050592
-0.027783727 -0.791190034 0.610938945
-0.030508516 -0.793148352 0.608263860
-0.028508312 -0.802421084 0.596076908
-0.028627602 -0.794864186 0.606111694
-0.030266836 -0.808191268 0.588141814
-0.028255796 -0.817153856 0.575726659
-0.028384651 -0.809851394 0.585947976
-0.026501436 -0.811502483 0.583747715
-0.024488825 -0.820390323 0.571279280
-0.024618512 -0.813144544 0.581540952
-0.038415440 -0.743657423 0.667456284
-0.036724789 -0.755462734 0.654161561
-0.035748156 -0.751219822 0.659083339
-0.040371812 -0.752216916 0.657677602
-0.038673526 -0.763850637 0.644233313
-0.037700476 -0.759673104 0.649211405
-0.035023063 -0.767027152 0.640658047
-0.033310535 -0.778346862 0.626950213
-0.032341312 -0.774278059 0.632018613
0.031538229 -0.996361813 0.079173712
0.024930443 -0.997869364 0.060292663
0.027593120 -0.995983151 0.085183228
0.026184619 -0.999226476 0.029339644
0.019552553 -0.999754604 0.010412978
0.022250677 -0.999126794 0.035363204
0.018311246 -0.998975405 0.041386452
0.011690393 -0.999679324 0.022462966
0.014376582 -0.998772194 0.047406937
0.090904737 -0.985696550 0.141910678
0.097048934 -0.985866207 0.136562536
0.095498513 -0.988673536 0.115778554
0.093861670 -0.978574395 0.183254304
0.100033293 -0.978943517 0.177940808
0.098563638 -0.982621962 0.157287284
0.103193894 -0.985969511 0.131206491
0.109326252 -0.986007862 0.125842232
0.107744846 -0.988614781 0.105032673
0.059434256 -0.958919427 0.277382589
0.057762467 -0.957570364 0.282351723
0.066995287 -0.962948870 0.261229984
0.040889854 -0.946799187 0.319216727
0.039205785 -0.945206927 0.324109196
0.048497655 -0.951655261 0.303315416
0.056089358 -0.956193168 0.287312738
0.054414118 -0.954788034 0.292265142
0.063661823 -0.960411494 0.271213817
0.013534114 -0.921937345 0.387102519
0.014771348 -0.901829232 0.431840067
0.014157131 -0.912157810 0.409594562
0.013978312 -0.911533957 0.410987168
0.014413281 -0.900511724 0.434592789
0.016422774 -0.805870930 0.591863444
0.014629859 -0.802247149 0.596812767
0.020613878 -0.814255392 0.580140694
0.004439985 -0.780974461 0.624547178
0.002644459 -0.777134130 0.629329445
0.008639138 -0.789871506 0.613211521
0.012836344 -0.798590603 0.601737715
0.011042308 -0.794901440 0.606638087
0.017030662 -0.807129786 0.590128346
0.028296083 -0.840845570 0.540534974
0.017421436 -0.834893622 0.550135559
0.021756941 -0.846746090 0.531552156
0.019601300 -0.816374188 0.577190587
0.013073041 -0.822618479 0.568443431
0.006538405 -0.828735040 0.559602968
0.000011143 -0.834719526 0.550675324
0.023830635 -0.720850958 0.692680300
0.022121363 -0.718600572 0.695071121
0.024848276 -0.685088191 0.728036217
0.023133357 -0.682722980 0.730311016
0.022634666 -0.700883415 0.712916623
0.020409831 -0.716340229 0.697452590
0.018700270 -0.714070068 0.699824434
0.002825128 -0.795808586 0.605541669
0.001306207 -0.788808661 0.614637446
0.002791360 -0.795338526 0.606159085
-0.000145290 -0.782669963 0.622436911
-0.000179099 -0.782186721 0.623044061
-0.000212890 -0.781703005 0.623650837
-0.000246697 -0.781218820 0.624257234
0.017332047 -0.839004168 0.543848882
0.013353640 -0.825236759 0.564629057
0.015369345 -0.830522540 0.556772928
0.013304128 -0.828604636 0.559676119
0.009318514 -0.814433673 0.580181831
0.011336296 -0.819873668 0.572432230
0.009366336 -0.810943554 0.585049420
0.005372826 -0.796133659 0.605096959
0.007393864 -0.801816558 0.597524509
-0.120756962 -0.988917441 -0.086371589
-0.109515686 -0.988866779 -0.100741289
-0.113072509 -0.989470441 -0.090348510
-0.113643924 -0.987725839 -0.107157483
-0.102361850 -0.987300530 -0.121489571
-0.105946125 -0.988143270 -0.111122894
-0.098238472 -0.988486797 -0.115078474
-0.086929935 -0.987777590 -0.129377814
-0.090524812 -0.988755835 -0.119025865
-0.215506139 -0.976328431 -0.018436339
-0.201075485 -0.979128308 -0.029604149
-0.218084960 -0.975909045 -0.006362801
-0.181183198 -0.981307813 -0.064866208
-0.166554112 -0.983100060 -0.075986845
-0.183893629 -0.981525953 -0.052819855
-0.186572795 -0.981595194 -0.040761091
-0.172013240 -0.983726015 -0.051909274
-0.189230227 -0.981513199 -0.028701244
-0.258247989 -0.965754370 0.025029441
-0.267155132 -0.963504570 0.016943383
-0.241325452 -0.970438732 -0.003270059
-0.309038089 -0.948801232 0.065358109
-0.317922650 -0.946386326 0.057254787
-0.292706486 -0.955481422 0.037123639
-0.276044177 -0.961104290 0.008840627
-0.284876096 -0.958564049 0.000758084
-0.259060101 -0.965665736 -0.019430652
-0.223088638 -0.973049484 -0.058362327
-0.237519752 -0.970236814 -0.047168754
-0.317851335 -0.943386336 -0.094830107
-0.332048191 -0.939557887 -0.083516326
-0.285192113 -0.956233360 -0.065446315
-0.251917685 -0.967082516 -0.035901089
-0.266198993 -0.963601494 -0.024703365
-0.401472752 -0.909919638 -0.104239537
-0.355222305 -0.932758187 -0.061475844
-0.375731454 -0.918312886 -0.124608654
-0.358127551 -0.933408527 0.022207629
-0.332989939 -0.942928132 0.002058868
-0.307293005 -0.951438623 -0.018318161
-0.281513341 -0.958781988 -0.038566037
-0.104692622 -0.989829614 -0.096316096
-0.115932717 -0.989870972 -0.081945496
-0.082109213 -0.988759002 -0.124954848
-0.093416781 -0.989458904 -0.110654336
-0.096300743 -0.990084019 -0.102273176
-0.087900190 -0.990233233 -0.108220615
-0.099178634 -0.990630698 -0.093885140
-0.830599624 -0.414418710 0.371969617
-0.852244152 -0.407506825 0.328051968
-0.897357461 -0.231026111 0.376000696
-0.653940915 -0.717371772 0.240289453
-0.676363093 -0.710973311 0.192483552
-0.777961152 -0.569774346 0.264827568
-0.872900253 -0.399811898 0.279634753
-0.889880297 -0.391664658 0.233905649
-0.933363213 -0.215304688 0.287188099
-0.670592877 0.512295689 0.536524297
-0.722715452 0.465122602 0.511217508
-0.671711241 0.567514427 0.476163190
-0.751713113 0.294447372 0.590108584
-0.794486913 0.241371258 0.557252601
-0.763992719 0.355523246 0.538440663
-0.771424224 0.414804824 0.482536657
-0.814997133 0.362159690 0.452349459
-0.772976587 0.471349687 0.424660651
-0.424399570 0.830289895 0.361252951
-0.384396743 0.848901902 0.362773628
-0.441086959 0.818025600 0.369156352
-0.308359307 0.886107437 0.346017555
-0.266385801 0.899805099 0.345527697
-0.326079617 0.876203285 0.354880103
-0.343635323 0.865856583 0.363603001
-0.302218089 0.881138944 0.363673464
-0.361036327 0.855100257 0.372097192
-0.744021057 0.420845540 0.518962135
-0.780175909 0.309462965 0.543652668
-0.877987818 -0.015287603 0.478438794
-0.868966926 -0.135314269 0.476011061
-0.847569508 0.089465933 0.523088688
-0.804450916 0.192941293 0.561811695
-0.818754219 0.074386049 0.569305053
-0.398878590 0.834059432 0.381104623
-0.438542889 0.814762839 0.379264618
-0.547023169 0.740971605 0.389521158
-0.582909064 0.715694516 0.384705579
-0.512693378 0.768173061 0.383478355
-0.477366948 0.793888010 0.376646552
-0.515240263 0.771440581 0.373372336
-0.548637024 0.724085777 0.417967945
-0.616143486 0.668094214 0.417153840
-0.401097374 0.818714555 0.410886084
-0.476624734 0.774419845 0.416056206
-0.549363869 0.706317017 0.446447769
-0.549614481 0.687932014 0.473997328
-0.616282240 0.630728658 0.471569253
-0.127419042 -0.988494505 -0.081504603
-0.152622109 -0.985328518 -0.076381958
-0.149501377 -0.986220437 -0.070841989
-0.133657698 -0.986693862 -0.092578839
-0.158849554 -0.983421520 -0.087458179
-0.155739800 -0.984394883 -0.081925753
-0.177725947 -0.981499828 -0.071214997
-0.202708706 -0.977012292 -0.066001232
-0.199602579 -0.978009790 -0.060462071
-0.102303351 -0.989771762 -0.099427782
-0.110686772 -0.989450925 -0.093462857
-0.125296614 -0.987211299 -0.098562721
-0.122180808 -0.988138508 -0.093027629
-0.119059195 -0.989025190 -0.087487608
-0.187194767 -0.981349957 -0.043707918
-0.235435975 -0.969898997 -0.062175864
-0.212075404 -0.975901459 -0.051384483
-0.260004495 -0.963083703 -0.069767065
-0.247743001 -0.966576794 -0.065975042
-0.283019445 -0.955732783 -0.080466402
-0.329810985 -0.938891075 -0.098530522
-0.083822995 -0.991892919 -0.095509909
-0.095348471 -0.990890400 -0.095104595
-0.069881513 -0.993769174 -0.086829740
-0.081420548 -0.992924699 -0.086436312
-0.088387512 -0.991941491 -0.090772941
-0.106861605 -0.989755238 -0.094684567
-0.118359951 -0.988487415 -0.094252594
-0.932109176 -0.111797665 0.344490588
-0.913431030 -0.119905476 0.388929853
-0.845421799 0.082675030 0.527661654
-0.874788403 -0.022719986 0.483972161
-0.891985652 -0.128332179 0.433465624
-0.864851779 0.146106165 0.480296148
-0.954737005 -0.047742450 0.293594806
-0.919409307 0.049081867 0.390227493
-0.879974616 0.209773089 0.426192358
-0.888423889 0.269640585 0.371479404
-0.586982808 -0.808326994 -0.045372395
-0.528100449 -0.846649608 -0.065531349
-0.604322008 -0.789226976 -0.109159017
-0.423238098 -0.905038556 0.042127488
-0.445495386 -0.895027740 -0.021429098
-0.465827219 -0.880726505 -0.085591033
-0.484403184 -0.862166494 -0.148399774
0.005110212 -0.999818278 0.018365654
0.009221483 -0.999455655 0.031675822
0.011868262 -0.999055833 0.041792179
-0.000187359 -0.999998214 -0.001880707
0.003925611 -0.999926927 0.011433690
0.006573992 -0.999746030 0.021555910
0.013331261 -0.998898943 0.044979753
0.017438321 -0.998148251 0.058274983
0.020080468 -0.997457457 0.068376865
0.014611104 -0.999332483 0.033482881
0.011050625 -0.999597355 0.026134499
0.007850553 -0.999918661 0.010051886
0.020996476 -0.997624358 0.065610889
0.014246140 -0.999007166 0.042210539
0.007487824 -0.999795510 0.018784830
0.000726139 -0.999988914 -0.004652274
-0.017291758 -0.853106792 0.521449707
-0.013119300 -0.862277043 0.506266911
-0.011466340 -0.859337628 0.511280123
-0.020597851 -0.859056636 0.511465957
-0.016424378 -0.868061725 0.496184524
-0.014773059 -0.865185278 0.501234667
-0.008943764 -0.871161298 0.490915474
-0.004765882 -0.879756213 0.475401191
-0.003113516 -0.876983750 0.480509946
-0.015732917 -0.852331799 0.522764746
-0.017646723 -0.856343729 0.516104651
-0.016510647 -0.850030222 0.526475091
-0.018000933 -0.864742061 0.501893549
-0.019911311 -0.868587804 0.495135099
-0.018780301 -0.862529911 0.505657447
-0.019559524 -0.860300764 0.509411445
-0.021470721 -0.864202663 0.502685553
-0.020338012 -0.858054720 0.513155398
0.006522194 -0.884380350 0.466721392
0.003537495 -0.871107334 0.491079932
-0.001921486 -0.872135383 0.489260852
0.017435449 -0.882307520 0.470350343
0.014462346 -0.868959721 0.494671450
0.009004454 -0.870048146 0.492884514
0.000558137 -0.857154854 0.515058487
-0.002420995 -0.842535991 0.538634610
-0.007887926 -0.843637400 0.536855398
-0.006099187 -0.863306436 0.504643239
-0.012058713 -0.833947061 0.551712685
-0.009081368 -0.848957035 0.528383839
-0.010276122 -0.854190763 0.519858194
-0.014446153 -0.844791310 0.534900880
-0.016986652 -0.872884087 0.487631854
-0.017767249 -0.870734841 0.491431747
-0.015424575 -0.877131049 0.480003339
-0.016205878 -0.875016184 0.483822330
-0.012497269 -0.881284384 0.472421054
-0.008003913 -0.889400835 0.457058085
-0.008786425 -0.887391284 0.460933301
-0.021397272 -0.877306474 0.479453342
-0.017687716 -0.883535269 0.468030527
-0.025917202 -0.889909980 0.455399304
-0.022201256 -0.895840906 0.443819981
-0.019947414 -0.889772509 0.455968183
-0.013974831 -0.889602777 0.456521196
-0.010261556 -0.895507251 0.444928606
-0.023287827 -0.827672207 0.560728450
-0.021286567 -0.833719231 0.551778150
-0.020606007 -0.828130825 0.560155987
-0.024646453 -0.838773295 0.543922707
-0.022640596 -0.844640769 0.534854536
-0.021964997 -0.839222776 0.543343972
-0.019282778 -0.839665721 0.542761137
-0.017277216 -0.845510850 0.533678649
-0.016600963 -0.840102147 0.542174132
-0.020092847 -0.811543098 0.583946982
-0.018933798 -0.821298494 0.570184439
-0.018096713 -0.817836085 0.575166626
-0.021768369 -0.818541621 0.574034626
-0.019770631 -0.824730136 0.565180789
-0.017769793 -0.830819106 0.556258795
-0.015767067 -0.836807790 0.547269698
-0.025854137 -0.831704322 0.554616520
-0.026533029 -0.837234471 0.546199998
-0.025172496 -0.826089396 0.562976603
-0.027057419 -0.824497422 0.565218451
-0.028941623 -0.822896311 0.567454001
0.088171954 -0.991380235 0.096906846
0.080285228 -0.992253505 0.094801177
0.081486350 -0.989539794 0.119041883
0.085627579 -0.995156686 0.048281350
0.077722375 -0.995905738 0.046162691
0.079027782 -0.994376264 0.070501455
0.072384649 -0.993060748 0.092686645
0.064488455 -0.993800362 0.090565328
0.065711841 -0.991210367 0.114821439
0.555552221 -0.801311719 0.221948776
0.531959096 -0.818540008 0.216821989
0.556553184 -0.801092336 0.220226300
0.505850996 -0.835416655 0.214927388
0.481324991 -0.851159164 0.209414255
0.506874981 -0.835234027 0.213217903
0.507897832 -0.835048323 0.211504349
0.483389012 -0.850821621 0.206003962
0.508917908 -0.834858879 0.209793270
0.002144154 -0.793522370 0.608537304
0.000782111 -0.788915063 0.614501759
0.001463125 -0.791224520 0.611524013
0.000658940 -0.786966409 0.616995492
-0.000826364 -0.780318589 0.625381657
-0.549269179 0.761225981 0.344729422
-0.595911073 0.733417119 0.327092224
-0.529000461 0.772821426 0.350578887
-0.676806684 0.674760799 0.294330726
-0.717551256 0.640426261 0.273814535
-0.658899694 0.689187538 0.301449383
-0.640610285 0.703219017 0.308385274
-0.683221881 0.670722807 0.288684566
-0.621950355 0.716837290 0.315154019
-0.865994074 0.463173386 0.188479916
-0.838920666 0.503115438 0.207574017
-0.830441852 0.514788508 0.212976813
-0.880976359 0.438718365 0.177219784
-0.855279032 0.479413239 0.196623303
-0.847200399 0.491322445 0.202123079
-0.809588140 0.541702127 0.226110259
-0.778075451 0.578830170 0.244037347
-0.768309916 0.589629000 0.249073314
-0.770592116 0.591822262 0.236504127
-0.753457811 0.608471532 0.249125915
-0.785687823 0.574932654 0.228357369
-0.702355832 0.655810530 0.276783010
-0.719272740 0.640429477 0.269252319
-0.735773549 0.624674588 0.261570152
-0.751847151 0.608562407 0.253727529
-0.124853139 0.918161888 0.376019204
-0.302411966 0.879503770 0.367450842
-0.181047333 0.912384791 0.367118314
-0.366695421 0.851107963 0.375698953
-0.419008434 0.832644798 0.362125078
-0.469975773 0.811666680 0.346871696
-0.519374534 0.787908351 0.330833075
-0.582943209 0.733091951 0.350361822
-0.646895954 0.672508270 0.359525036
-0.615527219 0.703430197 0.355404276
-0.646859145 0.689824045 0.325140020
-0.706472788 0.641987601 0.297906228
-0.685607660 0.641222317 0.344639052
-0.714665050 0.625315294 0.313424073
-0.807717163 0.535520830 0.246597700
-0.776040346 0.572578082 0.264415809
-0.742240704 0.608162310 0.281455754
-0.938004260 0.302052894 0.170035461
-0.958921743 0.187829319 0.212577603
-0.980885529 0.142689329 0.132300169
-0.865306327 0.383428443 0.322842979
-0.927444578 0.230200929 0.294710175
-0.964271559 0.069608009 0.255607289
-0.973840182 -0.091006947 0.208213918
-0.799130867 0.522260712 0.297713967
-0.851576858 0.463165932 0.245548722
-0.673123392 0.625228961 0.394960309
-0.739302927 0.576524580 0.347923255
-0.788039586 0.507352822 0.348692881
-0.774604783 0.491513737 0.397997082
-0.831107528 0.435111604 0.346320904
-0.654800412 -0.740200736 -0.152772023
-0.700882483 -0.690476303 -0.178902819
-0.706853729 -0.697975681 -0.114837948
-0.636992925 -0.718645432 -0.278906360
-0.680657541 -0.666067443 -0.305056508
-0.692103693 -0.679742466 -0.242781090
-0.743400097 -0.636768427 -0.204651574
-0.781594317 -0.580101402 -0.229330957
-0.789944167 -0.590467492 -0.165337091
-0.976976871 -0.198625054 -0.077873499
-0.945670218 -0.302942609 -0.118040735
-0.968459963 -0.237605156 -0.075027258
-0.930105152 -0.328943543 -0.163403033
-0.881396758 -0.427328841 -0.201320186
-0.916575528 -0.366270697 -0.160421565
-0.901592983 -0.403179826 -0.156767730
-0.845386485 -0.497817825 -0.193646857
-0.885201112 -0.439283063 -0.153131908
-0.621352883 -0.734628632 -0.272472692
-0.575541043 -0.777491165 -0.253495555
-0.573338780 -0.786305132 -0.230232237
-0.623556175 -0.714215285 -0.317921725
-0.578682659 -0.758476100 -0.299733860
-0.577256766 -0.768222279 -0.276783589
-0.527129144 -0.817043713 -0.233611724
-0.476508060 -0.853051217 -0.212705643
-0.473497302 -0.860312919 -0.188843815
-0.969481619 0.224748152 0.097947221
-0.988081030 0.139550827 0.064972651
-0.989427778 0.128514992 0.067205424
-0.964662324 0.246398050 0.093352026
-0.985008660 0.161601426 0.060356602
-0.986608816 0.150605322 0.062618533
-0.998093793 0.053176935 0.031320823
-0.999430093 -0.033656783 -0.002590504
-0.998995355 -0.044812873 -0.000296241
-0.798618163 0.561686129 0.216142829
-0.767254222 0.595878826 0.237169524
-0.792279796 0.570047155 0.217575196
-0.760513072 0.603945090 0.238474728
-0.763894000 0.599922274 0.237821830
-0.733898474 0.628528829 0.257574341
-0.698638380 0.659548036 0.277309939
-0.890063865 0.423237911 0.169280796
-0.921807658 0.358975967 0.146310962
-0.894339370 0.413039121 0.171917935
-0.942113220 0.313970610 0.117665362
-0.945283476 0.303355703 0.120060266
-0.948331290 0.292678816 0.122502551
-0.951256157 0.281988851 0.124875983
-0.557574649 0.768202863 0.314602722
-0.630336486 0.724354047 0.279261757
-0.594593357 0.747188107 0.296932101
-0.398052276 0.851741984 0.340719793
-0.225377882 0.907015260 0.355707925
-0.956812162 -0.259322447 0.131386285
-0.968720992 -0.240234551 0.062185209
-0.966441757 -0.189216894 0.173744923
-0.931240806 -0.352204926 -0.093500011
-0.956522553 -0.287144403 -0.051114545
-0.975606346 -0.219376007 -0.008150117
-0.987834948 -0.151416208 0.035429473
-0.961433630 0.250143076 -0.114340791
-0.963884949 0.238354495 -0.118797892
-0.958354586 0.246596886 -0.144036327
-0.970363520 0.233121791 -0.063630736
-0.972823581 0.221312254 -0.068082060
-0.968711367 0.229916531 -0.093470187
-0.966182369 0.226506353 -0.123233523
-0.968317006 0.214638297 -0.127642379
-0.962777017 0.222908966 -0.152879066
-0.988825409 0.053893199 -0.138995806
-0.989086109 0.018966700 -0.146112743
-0.982667985 0.071465950 -0.171044581
-0.994777045 -0.051229373 -0.088284666
-0.991737607 -0.086192816 -0.095012196
-0.992114469 -0.033679397 -0.120725219
-0.988081948 -0.016065930 -0.153088049
-0.985840587 -0.051013485 -0.159737164
-0.982716490 0.001633998 -0.185109779
-0.948158739 -0.286024181 -0.138510553
-0.963064051 -0.215673378 -0.161222293
-0.960176828 -0.248678021 -0.127356586
-0.953532617 -0.219861515 -0.206001122
-0.962371382 -0.148132931 -0.227811231
-0.963771384 -0.182141098 -0.194857232
-0.972474045 -0.144052298 -0.183147936
-0.976310155 -0.071721798 -0.204143248
-0.979526960 -0.105835396 -0.171247787
-0.975316577 0.180222804 -0.127582587
-0.979572880 0.154054959 -0.129244120
-0.969784455 0.185000888 -0.159037046
-0.990754475 0.117661836 -0.067537115
-0.993435446 0.091220798 -0.069027391
-0.987465636 0.122756122 -0.099209636
-0.983143722 0.127724507 -0.130823822
-0.986019829 0.101355877 -0.132256883
-0.977798437 0.132611964 -0.162247600
-0.984688372 -0.158177943 -0.073270375
-0.984343741 -0.140845715 -0.105971145
-0.959460413 -0.265628934 -0.094217757
-0.973786782 -0.195135071 -0.116882880
-0.982599809 -0.123401810 -0.138815016
-0.998295990 0.038625862 -0.043739677
-0.996180764 0.043821639 -0.075521844
-0.996824004 -0.056296151 -0.056326261
-0.996624786 -0.003757519 -0.082005587
-0.993014234 0.048892608 -0.107388290
-0.951004119 0.256994122 -0.171887131
-0.948539795 0.268778585 -0.167422606
-0.955460641 0.233284032 -0.180758193
-0.953313084 0.245148364 -0.176341835
-0.942763239 0.267131441 -0.199595259
-0.933640731 0.277015240 -0.227106896
-0.931146175 0.288808407 -0.222612902
-0.939118170 0.243784184 -0.242128755
-0.941094031 0.230922508 -0.247015831
-0.969767597 0.152607716 -0.190425030
-0.970803619 0.139517292 -0.195128827
-0.957379737 0.185494286 -0.221395367
-0.942886254 0.217978593 -0.251894510
-0.944502456 0.205025318 -0.256670469
-0.955238902 0.230802870 -0.185063978
-0.944819224 0.252803897 -0.208343044
-0.932632168 0.269497141 -0.239934427
-0.919991915 0.290877935 -0.262687844
-0.932991318 0.272007750 -0.235667104
-0.933327058 0.274519415 -0.231386457
-0.920776938 0.295914410 -0.254174138
-0.949071285 0.170533588 -0.264918841
-0.951350065 0.149072844 -0.269648551
-0.975462566 0.034947604 -0.217373979
-0.975073196 0.013178593 -0.221491731
-0.965797249 0.081339771 -0.246210309
-0.953148995 0.127488109 -0.274324214
-0.954507750 0.105885774 -0.278752861
-0.973614769 0.104797156 -0.202711219
-0.975153539 0.069871383 -0.210222656
-0.962388724 0.137826100 -0.234119436
-0.022884618 -0.900277771 0.434713963
-0.016835207 -0.907594732 0.419509688
-0.017183801 -0.903986703 0.427215119
-0.022187933 -0.907560439 0.419334885
-0.016134370 -0.914613293 0.404007680
-0.016486156 -0.911137152 0.411773357
-0.010781150 -0.914620283 0.404170143
-0.004724405 -0.921351965 0.388700702
-0.005075816 -0.918009686 0.396525474
-0.014649875 -0.899575886 0.436518737
-0.008679429 -0.899389018 0.437062996
-0.026589844 -0.899852852 0.435382389
-0.020620728 -0.899730445 0.435958612
-0.019037568 -0.903548738 0.428062202
-0.023423294 -0.907425051 0.419560635
-0.017452956 -0.907294986 0.420132364
-0.017772348 -0.917461785 0.397426744
-0.020715866 -0.911777003 0.410162834
-0.019361256 -0.913913830 0.405446240
-0.020482800 -0.913248905 0.406886831
-0.022069947 -0.909614059 0.414867667
-0.023655240 -0.905906961 0.422815572
-0.025238691 -0.902127914 0.430729886
0.013142229 -0.989819723 0.141718731
0.011053351 -0.989987462 0.140721885
0.013410018 -0.986565000 0.162817908
0.008411836 -0.995216485 0.097331341
0.006320572 -0.995329589 0.096327875
0.008689203 -0.992909497 0.118554753
0.008962519 -0.990149883 0.139724307
0.006873622 -0.990306980 0.138725767
0.009233733 -0.986938935 0.160829961
-0.347839981 -0.931951854 -0.102338115
-0.381717778 -0.916917642 -0.116419826
-0.278507090 -0.957603086 -0.073689419
-0.313420464 -0.945520732 -0.088080406
-0.365739219 -0.924651039 -0.106090903
-0.383492703 -0.916992127 -0.109812501
-0.416774993 -0.900548133 -0.123740315
-0.106814830 -0.989223458 -0.100137612
-0.125247843 -0.986658045 -0.104013845
-0.069835349 -0.993280593 -0.092285902
-0.088340161 -0.991431445 -0.096227361
-0.095248659 -0.989792913 -0.106007931
-0.083667711 -0.990196067 -0.111854649
-0.102144522 -0.988010340 -0.115767284
-0.561476088 -0.798414311 -0.217437784
-0.567884255 -0.799652169 -0.195099671
-0.626304488 -0.745699974 -0.227319681
-0.433150255 -0.888956232 -0.148787345
-0.439168908 -0.889529031 -0.125971315
-0.505351297 -0.847738414 -0.161119980
-0.574053559 -0.800477590 -0.172331482
-0.579768373 -0.800896858 -0.149776023
-0.638557208 -0.747589997 -0.182630470
-0.780352352 -0.590351043 -0.206242218
-0.778819622 -0.598842278 -0.186622406
-0.824024907 -0.540502400 -0.169823757
-0.677212214 -0.696777941 -0.236398221
-0.675262320 -0.705094786 -0.216476656
-0.729108163 -0.653865742 -0.202140737
-0.776885093 -0.607172953 -0.166705000
-0.774590999 -0.615154949 -0.146946154
-0.820224540 -0.556945061 -0.130552297
-0.996323519 0.069598534 0.049954879
-0.984264219 0.155782617 0.083400981
-0.994430038 -0.103879022 -0.017833930
-0.999722301 -0.017206441 0.016101561
-0.999416295 0.010400485 0.032540746
-0.998696966 -0.048804072 0.014917538
-0.998081309 0.038029870 0.048861338
-0.820564835 0.535130750 0.200769599
-0.856829073 0.486763010 0.170016799
-0.828289252 0.527739588 0.188222852
-0.876503658 0.452564374 0.164093950
-0.906575027 0.400811358 0.132181599
-0.882952266 0.444400333 0.151339486
-0.889155634 0.436145074 0.138490911
-0.917393557 0.383502402 0.106371843
-0.895119844 0.427753246 0.125648820
-0.914044157 0.375049975 0.154469396
-0.936533872 0.324545858 0.132568065
-0.913890730 0.377165637 0.150165963
-0.955894376 0.268631922 0.118755351
-0.971662319 0.216011642 0.095975564
-0.955814490 0.270758255 0.114492920
-0.955712682 0.272891805 0.110196792
-0.971511261 0.220261691 0.087468038
-0.955588469 0.275008049 0.105930405
-0.956483637 -0.281657249 -0.076211847
-0.983683718 -0.176327412 -0.035706949
-0.863914551 -0.479829408 -0.153020870
-0.916367980 -0.383322125 -0.115472392
-0.942485455 -0.325252673 -0.077018613
-0.926533556 -0.368029124 -0.078039302
-0.963410818 -0.265247597 -0.038513727
-0.595125526 -0.788963317 -0.152847942
-0.603063108 -0.781228173 -0.161237183
-0.651633048 -0.739609423 -0.168381328
-0.489854789 -0.861065602 -0.136412298
-0.498610349 -0.854594967 -0.145103968
-0.551976326 -0.819610809 -0.153493509
-0.610865320 -0.773341949 -0.169663760
-0.618560911 -0.765309568 -0.177999059
-0.666180289 -0.722537352 -0.184779863
-0.779039801 -0.614595276 -0.123974336
-0.785926739 -0.603380444 -0.135097008
-0.824106679 -0.553178083 -0.121828529
-0.692063293 -0.706358606 -0.148680593
-0.699932133 -0.696024318 -0.160141054
-0.744468453 -0.651061542 -0.147937793
-0.792566788 -0.591971534 -0.146313326
-0.798969348 -0.580414538 -0.157375172
-0.836062377 -0.529473054 -0.143728868
-0.995449223 -0.094329009 0.013523393
-0.993327817 -0.114893019 -0.009972097
-0.999092367 -0.041868696 0.007839336
-0.970862864 -0.238613010 -0.022116279
-0.964921510 -0.258536838 -0.045663798
-0.981911418 -0.187278622 -0.027869081
-0.990226779 -0.135358561 -0.033600399
-0.986152345 -0.155739857 -0.056996929
-0.995775460 -0.083109348 -0.039039341
-0.984227832 0.162209644 0.070594664
-0.990926501 0.128189414 0.040399805
-0.980571481 0.188812798 0.053191140
-0.998197162 0.040190947 0.044577047
-0.999884019 0.005655237 0.014140949
-0.997376608 0.067011970 0.027373295
-0.995535683 0.093850037 0.010043646
-0.998038095 0.059275066 -0.020160058
-0.992681063 0.120555288 -0.007122476
-0.924640138 -0.376378419 -0.058136911
-0.922556259 -0.378643646 -0.074289551
-0.948642308 -0.311365348 -0.055940971
-0.858210323 -0.504664634 -0.093747787
-0.855205484 -0.506488721 -0.109967064
-0.891344833 -0.443813158 -0.092381111
-0.920211795 -0.380796537 -0.090577314
-0.917614142 -0.382888965 -0.106678613
-0.944654876 -0.315993657 -0.088176946
-0.975388021 -0.209861604 -0.067648469
-0.963359958 -0.260987095 -0.061833063
-0.961535885 -0.263347702 -0.078081561
-0.966985725 0.242705891 0.077668894
-0.952315287 0.290442063 0.093482634
-0.957645764 0.270352133 0.099117680
-0.956809581 0.283012363 0.066478773
-0.940321911 0.330239993 0.082074664
-0.946538008 0.310423066 0.087768553
-0.935026515 0.337407014 0.109004230
-0.915176283 0.383440187 0.124201424
-0.922294321 0.363943012 0.130071787
-0.974519115 0.224167860 -0.007827130
-0.981779291 0.189870700 -0.007651160
-0.981032787 0.190072880 -0.038039084
-0.973340159 0.223181620 0.052904617
-0.981629156 0.189429513 0.022817976
-0.987843386 0.155276552 -0.007391725
-0.991957876 0.120859171 -0.037585009
-0.860789961 -0.494394925 -0.120889628
-0.871199785 -0.469734511 -0.142689957
-0.866118180 -0.482132159 -0.131863110
-0.893338949 -0.433215416 -0.119456796
-0.921587445 -0.369969150 -0.117470886
-0.555489915 -0.810161226 -0.187269172
-0.613684485 -0.762935855 -0.203273790
-0.429501893 -0.890124684 -0.152335714
-0.493948324 -0.852679906 -0.170152968
-0.488959346 -0.850142060 -0.195389958
-0.419543243 -0.884966119 -0.202035729
-0.483736003 -0.847057731 -0.220210534
0.290552048 -0.947372968 0.134402257
0.321486218 -0.936872492 0.137537431
0.320109305 -0.938358145 0.130437820
0.293306877 -0.944399844 0.148593441
0.324191589 -0.933744477 0.151726942
0.322846699 -0.935333233 0.144643536
0.352075238 -0.925360453 0.140538460
0.382281934 -0.912852746 0.143388936
0.380958986 -0.914490654 0.136297814
0.237671420 -0.957167165 0.165358137
0.255408523 -0.954311055 0.155102859
0.275770265 -0.947987443 0.158967194
0.274413155 -0.949541828 0.151880670
0.273038364 -0.951046055 0.144780706
0.011557801 -0.997977574 0.062507439
0.015853026 -0.996151844 0.086198523
0.014520821 -0.998526872 0.052280314
0.014200574 -0.991388606 0.130180551
0.018470967 -0.987945415 0.153696719
0.017169219 -0.992623289 0.120017595
0.020141352 -0.993745187 0.109840017
0.024410154 -0.990759224 0.133417782
0.023103414 -0.994754269 0.099650273
0.639312110 -0.768533134 -0.025235842
0.460119096 -0.872587582 -0.163955264
0.764282815 -0.643159864 0.047086806
-0.114521579 -0.913609648 -0.390131029
-0.332050470 -0.818674963 -0.468522988
0.069665367 -0.935210103 -0.347172578
0.253397637 -0.920974023 -0.295967037
0.027866573 -0.915235707 -0.401954046
0.424786039 -0.876543167 -0.226338015
0.292927063 -0.917129345 -0.270310009
0.498258214 -0.855108457 -0.143276933
0.447379107 -0.887629637 -0.109387208
0.625612475 -0.779625113 0.028172956
0.564717141 -0.823366106 -0.056238830
0.672002422 -0.740530421 -0.005238483
0.802931511 -0.580743477 0.134305630
-0.666649891 -0.707332329 -0.235072116
-0.741431586 -0.617218011 -0.263289064
-0.748975718 -0.624602912 -0.221148311
-0.649717517 -0.690478347 -0.317972955
-0.722220520 -0.598252317 -0.347119124
-0.732303012 -0.608315614 -0.306079095
-0.805276371 -0.517793885 -0.288824270
-0.857151158 -0.411194903 -0.310178407
-0.866920470 -0.420509339 -0.267620617
-0.588780918 -0.738412778 -0.328760702
-0.508264609 -0.798369264 -0.322914238
-0.563419921 -0.745809884 -0.355423141
-0.475756293 -0.839463800 -0.262595655
-0.387519564 -0.886818886 -0.251755539
-0.449505810 -0.845562563 -0.288042495
-0.422492506 -0.850364612 -0.313656036
-0.332700922 -0.893770067 -0.300807521
-0.395151320 -0.854007673 -0.338417388
0.008740259 -0.801222791 0.598302304
0.007310374 -0.796516033 0.604573211
0.008347347 -0.781318959 0.624076122
0.006915262 -0.776410258 0.630189885
0.007113932 -0.786567412 0.617463438
0.005879658 -0.791758647 0.610805758
0.004449277 -0.786950958 0.616999509
-0.001470905 -0.996490335 -0.083694974
-0.000061049 -0.994888907 -0.100975540
-0.017251416 -0.994375060 -0.104501812
0.032900251 -0.996522458 -0.076554321
0.034329295 -0.994994254 -0.093850598
0.017142034 -0.995094972 -0.097427657
0.001361520 -0.992984708 -0.118235007
0.002781515 -0.990780519 -0.135448244
-0.014422086 -0.990194255 -0.138950857
0.026271214 -0.998014653 -0.057241376
0.043450033 -0.997614583 -0.053639905
-0.008124334 -0.997892995 -0.064370531
0.009067928 -0.998107699 -0.060817702
0.019614800 -0.999089126 -0.037896931
0.012952712 -0.999744051 -0.018548845
0.030151720 -0.999433312 -0.014964261
-0.015230347 -0.917428644 0.397608752
-0.009524835 -0.920786594 0.389950416
-0.002005794 -0.929308862 0.369298004
0.003701815 -0.932359551 0.361513437
-0.002912187 -0.926702603 0.375784253
-0.003817895 -0.924050161 0.382252172
0.001888444 -0.927219191 0.374514359
-0.007526235 -0.932555363 0.360948544
-0.004395452 -0.934168979 0.356803865
-0.007049466 -0.934299550 0.356419214
-0.002218222 -0.932286200 0.361714696
0.000912790 -0.933887657 0.357565394
-0.001741279 -0.934031671 0.357185955
-0.001264412 -0.935754955 0.352648642
0.001866655 -0.937313223 0.348483051
-0.000787525 -0.937455960 0.348103006
0.025196350 -0.895950193 0.443439280
0.023209822 -0.882450860 0.469831654
0.020821581 -0.884625248 0.465837560
0.018815932 -0.870460934 0.491877753
0.021013397 -0.876527079 0.480893665
0.021201441 -0.868172574 0.495809319
0.019173341 -0.853128024 0.521349171
-0.005624082 -0.999627304 -0.026713704
-0.006461251 -0.999207667 -0.039272012
-0.016163482 -0.998637119 -0.049625054
0.013782244 -0.999887128 -0.005981791
0.003247483 -0.999576644 -0.028913439
-0.007292195 -0.998629481 -0.051826481
-0.017829579 -0.997046324 -0.074704313
-0.009557903 -0.999740307 -0.020687298
0.000146551 -0.999946707 -0.010322826
0.001986253 -0.999924854 0.012097152
0.005918337 -0.999964052 0.006071950
0.009852173 -0.999951465 0.000044507
0.208426080 -0.959125264 0.191408715
0.222804074 -0.956668399 0.187467115
0.209005080 -0.959339642 0.189695357
0.235983832 -0.953610692 0.186917841
0.250263917 -0.950745400 0.182896574
0.236558026 -0.953803395 0.185200931
0.237131281 -0.953993103 0.183482739
0.251404426 -0.951099867 0.179457119
0.237703826 -0.954179505 0.181764584
0.226822959 -0.956063330 0.185726289
0.212459351 -0.958583547 0.189680279
0.255391653 -0.950368636 0.177692319
0.241134787 -0.953324863 0.181729801
0.244562822 -0.952458184 0.181693241
0.262218472 -0.948525526 0.177597299
0.247987707 -0.951579696 0.181654011
-0.054398059 -0.682880991 0.728501478
-0.057287228 -0.684006275 0.727223205
-0.053907084 -0.690190049 0.721617435
-0.061144068 -0.670341843 0.739529051
-0.064034403 -0.671472958 0.738257179
-0.060663326 -0.677767031 0.732769959
-0.060176352 -0.685123861 0.725936706
-0.063064300 -0.686233615 0.724642202
-0.059682799 -0.692411332 0.719030257
-0.056309371 -0.705285651 0.706683384
-0.053422533 -0.704193124 0.707995818
-0.043740028 -0.728198645 0.683968964
-0.040851950 -0.727119322 0.685294543
-0.047144210 -0.715763623 0.696749496
-0.050533050 -0.703092471 0.709300633
-0.047644847 -0.701984350 0.710596891
0.008806872 -0.982039116 0.188471784
0.008553925 -0.982482851 0.186156595
0.007905663 -0.985957260 0.166810615
0.010092228 -0.973860856 0.226921090
0.009839988 -0.974395572 0.224625118
0.009198727 -0.978628458 0.205430583
0.008300779 -0.982921064 0.183840365
0.008047721 -0.983353751 0.181523097
0.007398936 -0.986736588 0.162160911
0.011338947 -0.970324515 0.241540397
0.011356211 -0.968351915 0.249330313
0.010674073 -0.974855466 0.222582308
0.012681885 -0.955545913 0.294569479
0.012693675 -0.953147639 0.302239061
0.012029544 -0.961114143 0.275889279
0.011372547 -0.966316785 0.257104136
0.011388423 -0.964219254 0.264861349
0.010711499 -0.971151857 0.238221189
0.029918643 -0.661826042 0.749060188
0.028842052 -0.659205991 0.751409074
0.028558904 -0.674323305 0.737883778
0.030452426 -0.630875598 0.775286159
0.029370934 -0.628163790 0.777526592
0.029112564 -0.643817351 0.764625187
0.027764304 -0.656576982 0.753747842
0.026687106 -0.653939074 0.756076376
0.026409114 -0.669150833 0.742657204
0.024900894 -0.723267362 0.690119025
0.025419271 -0.705671150 0.708083391
0.028068733 -0.692681154 0.720697554
0.026996158 -0.690159483 0.723153577
0.025921770 -0.687628472 0.725599853
-0.050852155 -0.984102018 -0.170168378
-0.054236566 -0.983902186 -0.170278842
-0.044759514 -0.982187873 -0.182492650
-0.069769427 -0.986875844 -0.145630682
-0.073151150 -0.986615994 -0.145731909
-0.063701570 -0.985378311 -0.158024347
-0.057621426 -0.983690881 -0.170387855
-0.061004562 -0.983468455 -0.170494111
-0.051529119 -0.981814126 -0.182717739
-0.047195089 -0.984433261 -0.169303806
-0.056662641 -0.985962530 -0.157058061
-0.058806605 -0.987966257 -0.143054043
-0.068248373 -0.989064570 -0.130741864
-0.062461376 -0.987616925 -0.143914512
-0.066116582 -0.987253315 -0.144773928
-0.075553107 -0.988305429 -0.132454166
-0.068755058 -0.983622753 -0.166610389
-0.075662480 -0.983335463 -0.165307457
-0.061827337 -0.981437272 -0.181544103
-0.096338137 -0.986293559 -0.133955138
-0.103228336 -0.985777036 -0.132618048
-0.089465806 -0.984782200 -0.148996267
-0.082569042 -0.982999051 -0.163997618
-0.089468393 -0.982614663 -0.162677077
-0.075646386 -0.980945516 -0.178951162
-0.036403326 -0.989761549 -0.138010413
-0.042833771 -0.990448727 -0.131059478
-0.045317760 -0.987531197 -0.150759528
-0.031400536 -0.994642679 -0.098488314
-0.037824593 -0.995085937 -0.091505614
-0.040336290 -0.992967469 -0.111304039
-0.049264116 -0.991046767 -0.124094128
-0.055684227 -0.991555626 -0.117118345
-0.058173986 -0.988881530 -0.136854330
-0.268058753 -0.962221097 -0.047697647
-0.236323753 -0.968299008 -0.080920423
-0.236297347 -0.969779564 -0.060754932
-0.268107910 -0.959360233 -0.088011880
-0.236076317 -0.964148104 -0.121187481
-0.236269443 -0.966414166 -0.101096044
-0.204097037 -0.972288810 -0.114012585
-0.171458093 -0.974183986 -0.146859400
-0.171698788 -0.976956679 -0.126787908
-0.338617127 -0.940697111 -0.020673322
-0.338913885 -0.939927021 -0.040921565
-0.337525730 -0.941102432 0.020064760
-0.338044420 -0.941130136 -0.000193126
-0.405653586 -0.912812988 0.047091584
-0.468634778 -0.875954406 0.114391095
-0.470122088 -0.877579622 0.094017174
-0.031914691 -0.990139776 -0.136398959
-0.029419596 -0.992736574 -0.116655825
-0.017932022 -0.995447108 -0.093613553
-0.015414353 -0.997155710 -0.073775929
-0.022421035 -0.995201755 -0.095240555
-0.026912932 -0.994933604 -0.096864943
-0.024391752 -0.996729883 -0.077036245
-0.007169975 -0.995307585 -0.096495608
-0.006727273 -0.996314414 -0.085512177
-0.012256204 -0.994386318 -0.105098224
0.003890753 -0.998351991 -0.057255250
0.004333749 -0.998920960 -0.046239969
-0.001196436 -0.997826184 -0.065889864
-0.006284657 -0.997199880 -0.074517796
-0.005839217 -0.997963807 -0.063514912
-0.011370188 -0.996473110 -0.083138799
-0.009511821 -0.986207186 -0.165241981
-0.019928213 -0.985428059 -0.168921304
-0.010135176 -0.985145890 -0.171420108
-0.029095402 -0.986651587 -0.160225165
-0.039508279 -0.985689933 -0.163873279
-0.029720001 -0.985609480 -0.166405149
-0.030342949 -0.984528064 -0.172579828
-0.040753648 -0.983507535 -0.176215971
-0.030964377 -0.983407807 -0.178746445
-0.513925023 -0.856803170 0.042064234
-0.652196833 -0.741042114 0.159674280
-0.649302927 -0.751008157 0.119968569
-0.524897336 -0.842499289 0.121151698
-0.652910524 -0.730185544 0.201337821
-0.759192888 -0.591274629 0.272067037
-0.838172127 -0.431731033 0.333280363
-0.477008533 0.670824942 0.567852760
-0.621425003 0.493666760 0.608378250
-0.165032786 0.733798068 0.659017887
-0.314932910 0.572282077 0.757172692
-0.470337390 0.538347679 0.699259977
-0.722181024 0.275427984 0.634502950
-0.783972924 0.051241550 0.618676619
-0.242020093 0.902805974 0.355482274
-0.162276673 0.924010263 0.346224371
-0.241887153 0.898722666 0.365770660
-0.081471315 0.945993384 0.313781678
-0.000000171 0.954005178 0.299790129
-0.081452496 0.942499250 0.324130613
-0.081395011 0.938845604 0.334580012
-0.000000289 0.947252153 0.320489249
-0.081375950 0.935124020 0.344849274
-0.000000435 0.905154552 0.425082624
-0.167273931 0.857492128 0.486545662
-0.167694671 0.903641142 0.394095400
-0.000000595 0.800363909 0.599514481
-0.165648187 0.798615791 0.578596143
-0.329534197 0.777123822 0.536177002
-0.480645330 0.734435856 0.479149288
0.000003034 -0.994581107 0.103963562
-0.133228697 -0.989271750 0.059929286
-0.133238903 -0.980532439 0.144234291
0.000003830 -0.997958759 -0.063861688
-0.133013488 -0.984716167 -0.112434348
-0.133092294 -0.990711099 -0.027891929
-0.264694138 -0.964261957 0.011657237
-0.389022039 -0.920491969 -0.036829190
-0.389331541 -0.919685976 0.050977019
-0.325563502 0.853164797 0.407576048
-0.247303638 0.881377153 0.402511149
-0.405241336 0.798022155 0.446027018
-0.104268621 -0.979591337 -0.171839658
-0.090178917 -0.980186963 -0.176355551
-0.124784233 -0.978529593 -0.164038808
-0.034806759 -0.979997393 -0.195942847
-0.020648844 -0.979526061 -0.200255638
-0.055451436 -0.980519284 -0.188433201
-0.076069195 -0.980567808 -0.180832110
-0.061943181 -0.980733408 -0.185270139
-0.096650610 -0.980142607 -0.173144821
-0.020633469 -0.978937935 -0.203112724
-0.020638700 -0.979134845 -0.202160823
0.000034444 -0.977603272 -0.210456270
-0.061938916 -0.980552609 -0.186226078
-0.041301255 -0.980178455 -0.193763780
-0.020643612 -0.979331003 -0.201207920
0.000023660 -0.978010488 -0.208555714
0.000139934 -0.979799548 -0.199982063
-0.010230606 -0.981158128 -0.192935385
-0.010278159 -0.978988171 -0.203657854
0.000234623 -0.983940017 -0.178499264
-0.010182683 -0.983211081 -0.182187492
-0.020600374 -0.982361078 -0.185855687
-0.031013049 -0.981390607 -0.189501102
-0.024035430 -0.980164152 -0.196724511
-0.013667019 -0.978918340 -0.203794252
-0.034400026 -0.981254115 -0.189623311
-0.037786970 -0.981106185 -0.189744034
-0.041173109 -0.980947082 -0.189862051
0.000053017 -0.977437086 -0.211226751
-0.013693453 -0.978843038 -0.204153854
-0.013706652 -0.978805345 -0.204333609
0.000079380 -0.977514601 -0.210867729
-0.013680217 -0.978880713 -0.203974021
-0.027436587 -0.980013136 -0.197031691
-0.041186407 -0.980911614 -0.190042327
-0.104261848 -0.980244483 -0.168078018
-0.069582399 -0.981153967 -0.180264200
-0.034807447 -0.982175188 -0.184716923
0.000011014 -0.980519544 -0.196421546
-0.034806342 -0.981464142 -0.188458632
-0.034807866 -0.980736972 -0.192206673
0.000015851 -0.978995842 -0.203880211
0.000005292 -0.987318665 -0.158750918
-0.067788936 -0.986374678 -0.149898814
-0.067778832 -0.988040139 -0.138501672
0.000007495 -0.983409573 -0.181399042
-0.067831375 -0.982629593 -0.172736758
-0.067821429 -0.984558956 -0.161381275
-0.135297625 -0.980799734 -0.140450829
-0.202155751 -0.970640446 -0.130346373
-0.202078953 -0.972134968 -0.118817931
0.004005767 -0.998739012 0.050043369
0.005728210 -0.998889885 0.046756649
0.005049403 -0.999249330 0.038409377
0.005362058 -0.997757034 0.066724434
0.007085236 -0.997960455 0.063440764
0.006407003 -0.998460248 0.055100671
0.007450962 -0.999026977 0.043469319
0.009173333 -0.999150291 0.040181412
0.008493625 -0.999457142 0.031832047
0.018693375 -0.890712255 0.454183042
0.019124635 -0.885432373 0.464374591
0.017978448 -0.898863001 0.437860802
0.020947666 -0.862110743 0.506286738
0.021365226 -0.856233730 0.516146614
0.020253893 -0.871218425 0.490477559
0.019553362 -0.880035675 0.474504875
0.019979525 -0.874522874 0.484572556
0.018846328 -0.888559556 0.458374008
0.023175461 -0.829265459 0.558374155
0.023188042 -0.822555770 0.568211510
0.022068802 -0.840266521 0.541724230
0.025359569 -0.791967159 0.610036812
0.025353366 -0.784644731 0.619427036
0.024283199 -0.804008885 0.594121232
0.023196823 -0.815729442 0.577968326
0.023203134 -0.808787448 0.587643155
0.022102000 -0.827124141 0.561584505
0.004402311 -0.998356291 -0.057143124
0.004160311 -0.997952954 -0.063816874
0.001561540 -0.997778776 -0.066596365
0.009599351 -0.998622768 -0.051579265
0.009358044 -0.998257854 -0.058255336
0.006759338 -0.998112644 -0.061036552
0.003918441 -0.997504941 -0.070487863
0.003676302 -0.997012285 -0.077155610
0.001077068 -0.996799721 -0.079932196
0.000420456 -0.989057982 -0.147526712
-0.002825580 -0.990894693 -0.134609524
-0.002964194 -0.987933799 -0.154848385
0.000696927 -0.994263824 -0.106953082
-0.002548662 -0.995571686 -0.093970854
-0.002686793 -0.993441049 -0.114313885
-0.006072115 -0.992552335 -0.121667545
-0.009314763 -0.994030565 -0.108703593
-0.009454245 -0.991597813 -0.129013158
0.014408455 -0.937419274 0.347904444
0.014866541 -0.933210269 0.359023091
0.013802101 -0.943180424 0.331994262
0.016510198 -0.915795424 0.401305563
0.016957532 -0.910952132 0.412163385
0.015918644 -0.922464528 0.385753537
0.015322541 -0.928869168 0.370090918
0.015776339 -0.924396586 0.381106361
0.014722011 -0.935007509 0.354322199
0.022447128 -0.801080452 0.598135634
0.020810961 -0.792277414 0.609806038
0.023040020 -0.759896727 0.649635376
0.021108533 -0.771731224 0.635598418
0.019168139 -0.783302842 0.621344703
0.010404235 -0.794924169 0.606619582
0.012067390 -0.788536749 0.614869233
0.010207257 -0.784942613 0.619484387
0.020013859 -0.868689070 0.494953275
0.019279174 -0.860713903 0.508723787
0.021433170 -0.837247226 0.546404339
0.019988488 -0.844970292 0.534439582
0.018538638 -0.852520276 0.522365292
0.017121631 -0.910782166 0.412532054
0.018005777 -0.918319764 0.395429643
0.016230777 -0.902925694 0.429490108
0.017336122 -0.897901237 0.439855463
0.018437988 -0.892756588 0.450161877
0.009975503 -0.838630295 0.544609693
0.009833404 -0.831920448 0.554807779
0.006201567 -0.814742495 0.579789795
0.006055419 -0.807604714 0.589693104
0.007945978 -0.819949402 0.572380852
0.009690201 -0.825086567 0.564923231
0.009544705 -0.818129761 0.574954427
0.008462971 -0.830090512 0.557564453
0.006948349 -0.821348985 0.570383700
0.006575112 -0.818059305 0.575096289
0.013703687 -0.890613473 0.454554562
0.013115129 -0.878558486 0.477454690
0.012625178 -0.870993267 0.491132705
0.012571593 -0.868465433 0.495590301
0.012517765 -0.865914789 0.500034882
-0.011013201 -0.752738822 0.658227146
-0.013037592 -0.748573057 0.662924128
-0.018440504 -0.741267852 0.670955974
-0.050526356 -0.682752349 0.728900760
-0.055837866 -0.676579186 0.734249779
-0.052462444 -0.682818025 0.728702434
-0.031120108 -0.716570386 0.696820221
-0.024821093 -0.722021561 0.691425179
-0.027970655 -0.719304784 0.694131306
-0.034128764 -0.708365618 0.705020126
-0.037132710 -0.700059230 0.713118669
0.019452570 -0.813260484 0.581574571
0.013467778 -0.801217670 0.598221417
0.013545268 -0.804072253 0.594377269
0.010511485 -0.796507729 0.604536968
0.007476476 -0.788807979 0.614594236
0.008792350 -0.796253992 0.604898566
0.003730645 -0.784677368 0.619893144
0.005196151 -0.789903886 0.613208652
0.001931773 -0.781429159 0.623990975
-0.001332702 -0.772799086 0.634649349
0.205724958 -0.971330605 -0.119138980
0.237492211 -0.966974504 -0.092508158
0.237572272 -0.964150963 -0.118204640
0.205449623 -0.976322542 -0.067710759
0.236897267 -0.970673804 -0.040890709
0.237252580 -0.969155821 -0.066694886
0.268846050 -0.960942426 -0.065661678
0.299690415 -0.953251165 -0.038702349
0.300111102 -0.951717058 -0.064559808
0.091635789 -0.971058737 0.220562488
0.084562204 -0.968750833 0.233176020
0.083334895 -0.967504338 0.238727146
0.094067232 -0.973294760 0.209400730
0.087006995 -0.971145539 0.222049823
0.085785737 -0.969964682 0.227616613
0.077469572 -0.966235339 0.245739162
0.070360607 -0.963512585 0.258249655
0.069121809 -0.962108361 0.263760645
0.036951186 -0.946117051 0.321709709
0.025227952 -0.941913075 0.334907911
0.037200171 -0.948397664 0.314893662
0.012981408 -0.932306598 0.361435872
0.001241632 -0.927293015 0.374334240
0.013239789 -0.934876598 0.354725886
0.013495250 -0.937398957 0.347995794
0.001761501 -0.932575424 0.360970879
0.013753410 -0.939872127 0.341249510
0.011167595 -0.962859555 0.269771685
0.011384303 -0.962363281 0.271527739
0.010946328 -0.968753078 0.247785497
0.012023915 -0.948424239 0.316775771
0.012239768 -0.947842033 0.318505367
0.011815600 -0.955391527 0.295105782
0.011601178 -0.961863755 0.273282874
0.011817792 -0.961360983 0.275037090
0.011380523 -0.967837571 0.251318362
0.011860240 -0.960996979 0.276304436
0.012289723 -0.953907974 0.299847526
0.014086186 -0.941745643 0.336030838
0.013399544 -0.944015888 0.329627753
0.012711584 -0.946242123 0.323209313
0.016223779 -0.919954502 0.391689294
0.016165761 -0.912864539 0.407942400
0.018273454 -0.896199618 0.443274549
0.017189187 -0.900895358 0.433695844
0.016102234 -0.905487528 0.424067276
0.013434946 -0.844228240 0.535815435
0.009727315 -0.823943344 0.566588691
0.011582999 -0.834228882 0.551296659
0.012367041 -0.846537486 0.532185439
0.011299911 -0.848830033 0.528545066
0.509778902 -0.832246604 0.217924440
0.502638543 -0.837454424 0.214533408
0.543132348 -0.808649356 0.226038650
0.536196079 -0.814177270 0.222731088
0.519530136 -0.825995012 0.218679397
0.495453800 -0.842587293 0.211121258
0.488224268 -0.847644560 0.207691514
0.550444407 -0.803736511 0.225872918
0.545307889 -0.806123096 0.229793082
0.525752327 -0.821040897 0.222432768
0.052686194 -0.930404509 0.362728018
0.054594824 -0.936641734 0.346008189
0.050760056 -0.923867636 0.379331001
0.050057055 -0.917925777 0.393581705
0.049341474 -0.911764698 0.407738340
0.052098812 -0.930055480 0.363706637
0.049467969 -0.917543353 0.394546722
0.049582909 -0.923131809 0.381273129
0.033776646 -0.853170596 0.520537292
0.024969364 -0.826762279 0.561997033
0.029382229 -0.840228398 0.541435984
0.031929136 -0.848670857 0.527956728
0.030079474 -0.844104277 0.535334657
0.037225362 -0.883029644 0.467838562
0.030199265 -0.859917144 0.509539507
0.033723135 -0.871726160 0.488831517
0.031278461 -0.878724074 0.476304166
0.025332811 -0.874307679 0.484710564
0.020409602 -0.911151837 0.411565034
0.020623790 -0.898298361 0.438901713
0.022808669 -0.903694448 0.427570004
0.013370322 -0.952621717 0.303863620
0.013574524 -0.945455361 0.325468729
0.014910262 -0.943015780 0.332413783
0.014533804 -0.982387996 0.186286322
0.016992384 -0.974788339 0.222483601
0.012583048 -0.972887941 0.230934451
0.016002314 -0.969471490 0.244681335
0.019425003 -0.965849168 0.258375798
0.044542275 -0.908446300 0.415621589
0.041874469 -0.905860709 0.421500778
0.042166530 -0.895383089 0.443295733
0.042040376 -0.966617062 0.252752967
0.043572591 -0.956917748 0.287071164
0.038705414 -0.963341239 0.265472312
0.041890782 -0.955079499 0.293374014
0.045045229 -0.945999197 0.321024059
0.029237604 -0.931033906 0.363759576
0.030262192 -0.904460205 0.425483181
0.029764066 -0.918265617 0.394844726
0.032646254 -0.921051461 0.388070134
0.036025220 -0.910422369 0.412108351
0.026881017 -0.984920880 0.170904275
0.029858871 -0.986535716 0.160797164
0.023892444 -0.983194037 0.180993471
0.029305367 -0.977658812 0.208145243
0.034692101 -0.971344530 0.235130309
0.033956013 -0.980875604 0.191650824
0.031509464 -0.987521838 0.154297676
0.036354517 -0.972811501 0.228727202
0.038020208 -0.974233763 0.222312930
0.039678174 -0.975611419 0.215888866
0.090244064 -0.995916372 -0.002566849
0.358615687 -0.928540667 0.095953209
0.088268049 -0.996091652 0.003189560
0.599663552 -0.780736670 0.175652714
0.785554358 -0.565911228 0.250297488
0.598042056 -0.780887620 0.180444516
0.596061392 -0.781050885 0.186199711
0.782401227 -0.566156341 0.259451956
0.594395756 -0.781166653 0.190977344
0.571464586 -0.820389426 0.019733655
0.673792876 -0.735200586 0.074049035
0.669984871 -0.734002643 0.111177302
0.757056135 -0.632407422 0.164094061
0.717600637 -0.686074317 0.119797149
0.762128735 -0.634811675 0.127176764
0.834516465 -0.521435022 0.178010640
-0.977058148 0.024036965 -0.211611908
-0.978163456 0.007739066 -0.207692945
-0.889299572 0.349982458 -0.294378243
-0.782498118 -0.622029672 0.027852882
-0.772262755 -0.634461736 0.032688585
-0.937332097 -0.335600389 -0.093706559
-0.978941475 -0.008636234 -0.203958337
-0.979496653 -0.024930854 -0.199911878
-0.902352846 0.319444560 -0.289334607
-0.782755847 -0.621722063 0.027476520
-0.542938601 -0.832489037 0.110361580
-0.216320423 -0.950886915 0.221403590
-0.976825771 0.025339971 -0.212530703
-0.919545299 -0.311567078 -0.239504487
-0.781237775 -0.617755882 -0.089695087
-0.225808060 -0.968322234 0.106596297
0.105712326 -0.985580901 0.132118101
0.424236692 -0.859169997 0.286094644
0.686175017 -0.674667203 0.272007373
0.698934248 -0.661179065 0.272641085
0.705075384 -0.654329187 0.273353284
0.673479735 -0.687966461 0.270420404
0.686474124 -0.674709452 0.271146515
0.692733710 -0.667972720 0.271905225
0.711452362 -0.647462806 0.273180252
0.723724895 -0.633523069 0.273625286
0.729621258 -0.626452598 0.274244349
-0.014916842 -0.739419478 0.673079730
-0.011943347 -0.747726733 0.663899156
-0.017408591 -0.734952336 0.677895275
-0.013190148 -0.745530684 0.666340768
-0.008968093 -0.755912785 0.654610903
0.013182134 -0.819420002 0.573041963
0.009191599 -0.804918420 0.593314294
0.010989996 -0.807995599 0.589086014
0.033565798 -0.897340358 0.440060927
0.030672834 -0.894177259 0.446661176
0.031070856 -0.883398281 0.467591787
0.022722669 -0.833514468 0.552030172
0.018139476 -0.819074435 0.573400409
0.021092062 -0.823520548 0.566894198
0.009732910 -0.837753447 0.545961934
0.008944910 -0.825132645 0.564868220
0.008161657 -0.826317872 0.563144886
0.353480901 -0.919634349 0.171242275
0.364233167 -0.914035958 0.178528618
0.373706926 -0.910240548 0.178340342
0.334335984 -0.926714621 0.171521022
0.345171433 -0.921340230 0.178854306
0.354720185 -0.917735962 0.178701694
0.374911297 -0.908254549 0.185782649
0.385514507 -0.902291723 0.192997955
0.394897151 -0.898275965 0.192760293
0.007479527 -0.787415153 0.616377672
0.011677374 -0.796183905 0.604942004
0.003279997 -0.778469006 0.627674477
0.003915524 -0.779800046 0.626016419
0.004551026 -0.781127248 0.624355276
-0.037755158 -0.718338037 0.694668995
-0.032802615 -0.726349022 0.686542851
-0.042703624 -0.710216080 0.702687356
-0.039304976 -0.722744605 0.689996634
-0.035892246 -0.735034633 0.677078899
0.031686533 -0.994638803 0.098435843
0.031117259 -0.993577728 0.108788854
0.033615158 -0.992869263 0.114370656
0.026683967 -0.995829087 0.087249045
0.028617244 -0.994248553 0.103203043
0.030543667 -0.992408731 0.119130161
0.032462454 -0.990310128 0.135026067
0.088651536 -0.972140296 0.216988824
0.080353747 -0.968628706 0.235163145
0.075340507 -0.967045684 0.243200438
0.073682489 -0.965896315 0.248224091
0.072022767 -0.964718554 0.253240661
0.014062912 -0.891992148 0.451832094
0.013347366 -0.881711791 0.471599581
0.013883251 -0.891303865 0.453193862
0.025741888 -0.832197321 0.553881733
0.023181170 -0.823333128 0.567084821
0.021391470 -0.819870423 0.572149364
0.016898003 -0.861738077 0.507071931
0.019334229 -0.854331727 0.519368355
0.008455022 -0.848537979 0.529066925
0.006283284 -0.806172790 0.591646814
0.008028503 -0.811487306 0.584314894
0.004537386 -0.800789723 0.598928402
0.003019003 -0.793867369 0.608083453
0.001500102 -0.786838620 0.617156979
0.006056030 -0.802369585 0.596796760
0.002791029 -0.789958664 0.613153749
0.004082188 -0.793057016 0.609133733
-0.155950398 -0.985182216 -0.071382591
-0.158686248 -0.985543903 -0.059345512
-0.150406421 -0.984008088 -0.095425318
-0.153192812 -0.984669640 -0.083412604
-0.139789896 -0.986007904 -0.090814090
-0.123543408 -0.986202601 -0.110188280
-0.126357360 -0.987112750 -0.098194886
-0.224424237 -0.974130550 -0.026522336
-0.242162916 -0.969295252 -0.042706404
-0.233319029 -0.971783655 -0.034623084
-0.207344809 -0.977001009 -0.049771055
-0.190096835 -0.979049721 -0.072971476
-0.129903196 -0.987632248 -0.087793527
-0.136947575 -0.988312676 -0.066958323
-0.133431520 -0.988032653 -0.077378977
-0.146077628 -0.986907670 -0.068370876
-0.162156574 -0.985552465 -0.048903817
-0.419791434 -0.902562837 0.095684255
-0.482625510 -0.864181464 0.142348218
-0.353701675 -0.934108497 0.048336733
-0.369436607 -0.926085844 0.076691614
-0.384874503 -0.917001948 0.104780933
-0.631978562 -0.774541926 -0.026227873
-0.555373834 -0.831419467 0.017365875
-0.566537705 -0.818111426 0.098634287
-0.520574724 -0.850014205 0.080484829
-0.472503671 -0.879198314 0.061242193
-0.725794685 0.540914166 0.425010517
-0.673363984 0.606747299 0.422420005
-0.672833739 0.587401425 0.449726946
-0.770596432 -0.637313577 -0.003541641
-0.743388991 -0.666151328 0.060126673
-0.917133375 -0.363159589 0.164260416
-0.830326163 -0.536730242 0.149930348
-0.710961371 -0.691322703 0.128867563
-0.005959417 -0.999815276 -0.018272909
-0.012475964 -0.999311046 -0.034954030
-0.009353705 -0.999544644 -0.028688209
-0.012204702 -0.999450822 -0.030807462
-0.018718587 -0.998696773 -0.047480215
-0.015597846 -0.999028417 -0.041218060
-0.018988742 -0.998486057 -0.051623856
-0.025495566 -0.997340575 -0.068277041
-0.022377499 -0.997823806 -0.062023383
0.021803004 -0.996866223 0.076041845
0.015422559 -0.998915442 0.043932731
0.018615072 -0.998025067 0.059995374
0.022606052 -0.995998413 0.086464598
0.023407268 -0.995021010 0.096877707
0.038699996 -0.999207832 0.009274610
0.045373219 -0.998919268 -0.010078050
0.069101977 -0.997427862 0.019041426
0.075796532 -0.997123255 -0.000314705
0.060598963 -0.998148676 -0.005194854
0.052043273 -0.998211025 -0.029432083
0.058688319 -0.997084637 -0.048763803
-0.996278452 -0.053639052 0.067469237
-0.993897801 0.045300329 0.100573565
-0.987621194 -0.072757597 0.138962979
-0.913185863 0.357349192 0.195941660
-0.884234834 0.411418096 0.221051824
-0.876016029 0.397890997 0.272541137
-0.889048808 -0.452924138 -0.066722879
-0.853124923 -0.490166943 -0.178645554
-0.910282279 -0.410871815 0.050700332
-0.834412113 -0.550051111 -0.034643925
-0.733526285 -0.668939124 -0.120248229
-0.812283755 -0.557905326 -0.170108047
-0.833378898 -0.524442168 -0.174470699
-0.774948670 -0.615039827 -0.145535464
-0.907690897 0.387808049 0.160318913
-0.901121926 0.400469309 0.166143334
-0.931145496 0.335500289 0.142855244
-0.960361771 0.277378536 -0.027684218
-0.961596570 0.268561053 -0.056630352
-0.956716413 0.286133911 -0.053113933
-0.969627411 0.242112234 -0.034703757
-0.966150817 0.250870875 -0.060136529
-0.961955264 0.259472600 -0.085533852
-0.957054004 0.267880346 -0.110850140
-0.896425341 -0.363205414 -0.253975266
-0.849635295 -0.472391150 -0.234449283
-0.863471440 -0.467830669 -0.188551155
-0.804577424 -0.570377415 -0.165302069
-0.828903986 -0.522435782 -0.199947582
-0.790561257 -0.574826769 -0.211156541
-0.720192084 -0.668792793 -0.184498133
-0.980008045 0.186999485 -0.067936917
-0.985993257 0.152393410 -0.067775694
-0.978102172 0.183693548 -0.097840801
-0.946593463 0.103180663 -0.305474330
-0.912339623 -0.271379481 -0.306577215
-0.922900174 -0.223851507 -0.313282257
-0.953314127 0.005269367 -0.301934445
-0.884985404 -0.364413257 -0.289834113
-0.899993471 -0.318304590 -0.297815279
-0.749406494 -0.607599089 -0.263084120
-0.480518290 -0.857851741 -0.182188265
-0.518276976 -0.831529854 -0.199867650
0.008266219 -0.983019139 0.183316780
0.010354765 -0.982814079 0.184307526
0.010492879 -0.973144818 0.229954479
0.011472124 -0.978129498 0.207680222
0.012445479 -0.982603682 0.185297367
-0.210477264 -0.967545340 -0.139840393
-0.174595916 -0.975750910 -0.132009192
-0.199055379 -0.969073907 -0.145851702
-0.161479877 -0.980486539 -0.112117781
-0.149987197 -0.981615094 -0.118049347
-0.138463754 -0.982576098 -0.123983874
-0.126925988 -0.983372011 -0.129881798
-0.527546983 -0.837629249 -0.141673644
-0.456243505 -0.880381381 -0.129500919
-0.473140095 -0.870892132 -0.132986259
-0.732241247 -0.662113099 -0.159464732
-0.681218152 -0.705898336 -0.194034452
-0.686803615 -0.706366514 -0.171310075
-0.992551690 -0.121790020 -0.002886824
-0.988629127 -0.149123034 -0.019358995
-0.980766109 -0.194081710 -0.020739566
-0.938862149 0.322135456 0.121517956
-0.897733048 0.413606449 0.151674253
-0.919558870 0.368382421 0.136769427
-0.916757644 0.372783085 0.143485867
-0.891411752 0.422121238 0.164920434
-0.984262574 0.160075150 0.074854075
-0.984273842 0.157926776 0.079146301
-0.993130703 0.099247017 0.061979322
-0.896010806 -0.433525123 -0.096023971
-0.862400876 -0.488331307 -0.133406388
-0.860485946 -0.496670239 -0.113501593
-0.999577190 0.011823967 -0.026563788
-0.999843511 -0.015036256 -0.009320065
-0.998821961 -0.035700606 -0.032865755
-0.930203173 0.356989009 0.085328215
-0.939667185 0.337479766 0.055973120
-0.932505271 0.355419632 0.064115554
-0.944518412 0.321122390 0.069031726
-0.952752877 0.301153488 0.039604706
-0.946421432 0.319375767 0.047807867
-0.947884906 0.317505206 0.026545246
-0.954841510 0.297101438 -0.002902871
-0.948916450 0.315483173 0.005285608
-0.370696962 -0.904882577 -0.209215879
-0.327870669 -0.918241759 -0.222110099
-0.372073492 -0.896631895 -0.240026168
-0.280858367 -0.944104631 -0.172583380
-0.236738967 -0.953864949 -0.184651888
-0.282679375 -0.937358595 -0.203595764
-0.284240490 -0.929624891 -0.234531246
-0.240053451 -0.938994238 -0.246300955
-0.285576639 -0.920963489 -0.265089109
0.450694167 -0.873341575 0.184795188
0.425844797 -0.887169363 0.177726563
0.438962969 -0.877548678 0.192924413
0.424300294 -0.892269736 0.154350179
0.398967725 -0.905092969 0.147076412
0.412511311 -0.896353745 0.162432701
0.400625511 -0.900238765 0.170497406
0.375072048 -0.912532489 0.163111665
0.388661004 -0.903922170 0.178514242
-0.542095886 -0.750331143 -0.378332164
-0.339982333 -0.853588252 -0.394713958
-0.451079716 -0.804932130 -0.385501435
-0.324929334 -0.856587359 -0.400847882
-0.104409930 -0.912491136 -0.395548344
-0.223831994 -0.889556393 -0.398231920
-0.120241788 -0.912588286 -0.390799862
0.105741736 -0.924265552 -0.366813134
-0.015273788 -0.925224511 -0.379112538
0.088966869 -0.931175108 -0.353550301
0.193100310 -0.922770352 -0.333477356
-0.121299722 -0.916647304 -0.380846553
-0.016285571 -0.929160275 -0.369318242
0.072034922 -0.937733817 -0.339803265
0.055124902 -0.943675612 -0.326247736
0.159783792 -0.937976711 -0.307683001
0.016989411 -0.857113381 0.514847562
0.015151526 -0.843157958 0.537452406
0.017164195 -0.848182690 0.529425646
-0.051850409 -0.995142552 -0.083682950
-0.058785860 -0.993882737 -0.093495065
-0.029726578 -0.995846690 -0.086056375
-0.036664615 -0.994716903 -0.095885295
-0.047727035 -0.994361420 -0.094696866
-0.065710679 -0.992477546 -0.103297757
-0.072625637 -0.990927748 -0.113082782
0.013159690 -0.949481193 0.313547902
0.013623930 -0.945680348 0.324812358
0.012512361 -0.955420798 0.294982271
0.027268520 -0.749621209 0.661305127
0.026483989 -0.740962140 0.671024370
0.025641296 -0.763782440 0.644964270
0.028879348 -0.701990162 0.711600868
0.027293240 -0.717252186 0.696278954
0.025693309 -0.732177012 0.680629618
0.024083931 -0.746757555 0.664660152
-0.045944786 -0.986537724 -0.156947113
-0.052378336 -0.987296469 -0.150007307
-0.046571173 -0.985504979 -0.163128977
-0.143656068 -0.983429129 -0.110589707
-0.130210665 -0.984444295 -0.117960218
-0.103019571 -0.982461002 -0.155426343
-0.109890966 -0.983979685 -0.140385021
-0.116729828 -0.985227818 -0.125300815
-0.157625358 -0.981801123 -0.105928282
-0.137416135 -0.982148957 -0.128453227
-0.145135763 -0.979220138 -0.141645795
-0.131128734 -0.980514331 -0.146276800
-0.117083009 -0.981596040 -0.150866774
-0.048106191 -0.980840607 -0.188778968
-0.055024154 -0.980720776 -0.187507608
-0.034374012 -0.980007301 -0.195969683
-0.284244986 -0.912242626 0.294988440
-0.305516829 -0.580770735 0.754562668
0.000002792 -0.738246275 0.674531273
-0.744740845 -0.521066684 0.416953935
-0.689118921 -0.256048208 0.677904439
-0.327178925 0.032845615 0.944391400
0.000000873 0.270422654 0.962741704
-0.450409619 -0.892455846 -0.025568309
-0.457894601 -0.888892904 0.014210544
-0.330514925 -0.940322227 -0.080956741
-0.399307768 -0.916719468 -0.013368733
-0.464331653 -0.883994530 0.054311938
-0.137078895 -0.978247228 -0.155697585
-0.169720869 -0.975046525 -0.143105212
-0.102518818 -0.981065613 -0.164317240
-0.074827737 -0.985197629 -0.154228535
-0.080885433 -0.986582897 -0.141815847
-0.088616028 -0.986475161 -0.137891105
-0.177895398 -0.978006072 -0.108891462
-0.184016774 -0.978707621 -0.090935248
-0.210261788 -0.974695745 -0.075882706
-0.265854664 -0.959608348 -0.092049525
-0.328238857 -0.942388630 -0.064520723
-0.199872949 -0.974455614 -0.102406352
-0.022553363 -0.988452476 -0.149843415
-0.032343128 -0.988560486 -0.147316282
-0.012758171 -0.988243566 -0.152354467
-0.016004734 -0.990101476 -0.139437853
-0.019249006 -0.991780038 -0.126498349
0.005859947 -0.996831443 0.079326759
0.006140258 -0.994909179 0.100588385
0.005500197 -0.996117703 0.087859377
0.005779164 -0.994013563 0.109103795
0.005959658 -0.994470501 0.104847054
0.006417597 -0.992533405 0.121804165
0.006691968 -0.989705205 0.142964420
0.020705851 -0.859500360 0.510715575
0.021391124 -0.850025122 0.526307621
0.021413525 -0.843695989 0.536394015
0.023521524 -0.788961310 0.613992499
0.024587283 -0.776526961 0.629604117
0.023815094 -0.768277162 0.639674170
0.016813542 -0.913185133 0.407198008
0.017398467 -0.906153960 0.422589982
0.017837150 -0.901236240 0.432960826
0.089539066 -0.965054125 0.246278888
0.084934827 -0.964046902 0.251792863
0.082249406 -0.964218090 0.252028787
0.094905528 -0.964664627 0.245794828
0.090303958 -0.963683338 0.251315777
0.087619791 -0.963868613 0.251555299
0.080326282 -0.962988887 0.257293787
0.075713505 -0.961880221 0.262781098
0.073025787 -0.962025497 0.263009842
-0.000045722 -0.938217764 0.346045409
0.001290047 -0.937133281 0.348969267
0.000601034 -0.938150237 0.346227920
0.001332306 -0.936177300 0.351525659
0.002668042 -0.935074010 0.354442489
0.001979048 -0.936107868 0.351707467
0.002625801 -0.936038012 0.351889110
0.003961514 -0.934931968 0.354804906
0.003272542 -0.935967727 0.352070595
0.274916070 -0.947748998 0.161842491
0.267641911 -0.948882510 0.167301496
0.287437629 -0.944142674 0.161165196
0.235063674 -0.956287659 0.173951090
0.227697239 -0.957072584 0.179348922
0.247725224 -0.953193144 0.173363904
0.260345274 -0.949936001 0.172748175
0.253026092 -0.950910366 0.178177645
0.272920327 -0.946517812 0.172100340
0.171690621 -0.965650132 0.195043978
0.184456880 -0.964068934 0.191172040
0.176822574 -0.965403434 0.191650690
0.186962988 -0.963002445 0.194090527
0.199691816 -0.961225635 0.190180063
0.192080222 -0.962676229 0.190682107
0.197190008 -0.962313673 0.187265844
0.209887559 -0.960384667 0.183326223
0.202292328 -0.961914559 0.183842853
0.003398987 -0.791632393 0.610988216
-0.000739832 -0.789319078 0.613982773
0.007538617 -0.793920645 0.607974653
0.003975292 -0.786408268 0.617694287
0.000411034 -0.778767426 0.627312624
-0.022939591 -0.806058690 0.591390872
-0.025784955 -0.800498884 0.598779319
-0.023779729 -0.809616840 0.586476851
0.121215198 -0.988797728 0.087097236
0.120815498 -0.990137131 0.070937129
0.113481070 -0.990024596 0.083506567
0.135852049 -0.988790955 0.061940837
0.135403832 -0.989733575 0.045752086
0.128125243 -0.990039957 0.058350717
0.120384916 -0.991216025 0.054756409
0.119925770 -0.992033617 0.038563091
0.112638773 -0.992318082 0.051159850
-0.679908603 -0.676720157 -0.282443126
-0.678747192 -0.687039774 -0.259381185
-0.732303352 -0.635362404 -0.245043704
-0.511962335 -0.836129105 -0.196933206
-0.406571758 -0.900642420 -0.153436101
-0.460237382 -0.870256749 -0.175598246
-0.446806119 -0.879804141 -0.162200387
-0.378338797 -0.917006030 -0.126331689
0.011503357 -0.998875367 -0.045996467
0.008663887 -0.998423493 -0.055456875
0.010114428 -0.999132559 -0.040395885
0.007274925 -0.998729794 -0.049858546
0.007969302 -0.998580811 -0.052657889
0.005823213 -0.997874014 -0.064911799
0.002982052 -0.997226978 -0.074360356
0.009110202 -0.999438122 -0.032255927
0.011708542 -0.999497065 -0.029470778
0.003910587 -0.999276753 -0.037824297
0.006509442 -0.999364697 -0.035040392
0.008615356 -0.999879413 -0.012920299
0.008117574 -0.999946444 0.006419897
0.010717302 -0.999900190 0.009205908
-0.071214128 -0.988909540 -0.130332148
-0.076522980 -0.985570988 -0.150977021
-0.095884028 -0.985173569 -0.142264863
-0.032422671 -0.988517676 -0.147585821
-0.037702623 -0.985026046 -0.168232579
-0.057116249 -0.985521060 -0.159643274
-0.081785040 -0.981770668 -0.171573785
-0.087001314 -0.977516539 -0.192073389
-0.106383617 -0.977273317 -0.183355912
-0.071153503 -0.989928240 -0.122389784
-0.074806281 -0.989552576 -0.123246580
-0.084249583 -0.990643313 -0.107367755
-0.081357310 -0.989942129 -0.115739230
-0.078458554 -0.989162775 -0.124101812
-0.013414631 -0.899706016 0.436290192
-0.009026327 -0.895634734 0.444698717
-0.017802196 -0.903681449 0.427835156
-0.018150213 -0.900002215 0.435507270
-0.018496156 -0.896257885 0.443147488
-0.832922725 -0.431043087 -0.347046958
-0.692577814 -0.649706471 -0.313396672
-0.797177056 -0.544220835 -0.261404711
-0.625272639 -0.641751608 -0.444059682
-0.430996631 -0.813195442 -0.391094718
-0.566968989 -0.740103985 -0.361652120
-0.500904695 -0.824857436 -0.262115808
-0.274765424 -0.940806686 -0.198460932
-0.424639064 -0.890545029 -0.163129444
-0.897525529 -0.387179908 -0.211044174
-0.880536939 -0.439246291 -0.178093780
-0.920511473 -0.278386661 -0.274152320
-0.910834992 -0.333486788 -0.243240990
-0.924234313 -0.303320745 -0.231921239
-0.943311315 -0.217071447 -0.251085146
-0.936437980 -0.272876877 -0.220504242
-0.757903101 -0.630559585 -0.167264756
-0.706820740 -0.687087638 -0.168270676
-0.713569814 -0.677999800 -0.176449402
-0.879014914 0.447981288 0.163234636
-0.875636428 0.452129602 0.169822460
-0.829436324 0.522155496 0.198466681
-0.825452744 0.525954365 0.204938462
-0.851524085 0.489606711 0.187595311
-0.872194565 0.456239945 0.176413585
-0.868689214 0.460325349 0.182974377
-0.963705282 0.263685821 0.041736278
-0.958221986 0.283737209 0.036108466
-0.968750980 0.243474955 0.047344330
-0.969614592 0.244049653 0.016950233
-0.969580050 0.244405549 -0.013433312
-0.916863808 0.292292245 -0.271893364
-0.917301498 0.294824971 -0.267649394
-0.911330228 0.300137102 -0.281771067
-0.911790081 0.302677828 -0.277533748
-0.914567419 0.298758613 -0.272598106
-0.917716456 0.297351030 -0.263398693
-0.918108847 0.299869434 -0.259141789
-0.950534805 0.224478980 -0.214692274
-0.960766051 0.204890675 -0.186944930
-0.965609041 0.178789672 -0.188768197
0.283692055 -0.940121250 0.188920232
0.302424256 -0.934918609 0.185652268
0.268610881 -0.945999583 0.181474473
0.350555763 -0.915631754 0.196797227
0.368849078 -0.909174357 0.193267549
0.335852631 -0.922637733 0.189585398
0.321042110 -0.929352766 0.182305784
0.339532811 -0.923423733 0.178902431
0.306127350 -0.935770931 0.174982312
0.559452575 -0.795528810 0.232694498
0.587659029 -0.771711853 0.243141281
0.587693432 -0.772542226 0.240405779
0.559425572 -0.793923127 0.238178709
0.587573956 -0.770031377 0.248613202
0.587617520 -0.770874694 0.245881794
0.614998157 -0.746758469 0.253237156
0.641431557 -0.720706186 0.262960360
0.641526345 -0.721608038 0.260241787
-0.001110956 -0.912679430 0.408674716
-0.002431941 -0.914475616 0.404633703
0.004944086 -0.919433641 0.393214110
-0.015860114 -0.902108003 0.431218748
-0.009809115 -0.909326337 0.415968021
-0.003754530 -0.916252555 0.400583523
0.002302484 -0.922884087 0.385070981
-0.044725413 -0.732599251 0.679189204
-0.057307656 -0.709828221 0.702039692
-0.051024551 -0.721321798 0.690718003
-0.045711440 -0.736968546 0.674379587
-0.046693659 -0.741305588 0.669541431
-0.142624544 -0.971069951 -0.191523864
-0.137440790 -0.975624929 -0.171073164
-0.204240152 -0.964676812 -0.166386926
-0.168357086 -0.972891948 -0.158546994
-0.132205776 -0.979731703 -0.150490604
-0.003310860 -0.999961306 -0.008150162
-0.000662434 -0.999997833 0.001973650
-0.006434692 -0.999875335 -0.014419044
0.729089246 -0.627872760 0.272405339
0.739758390 -0.614129786 0.274958417
0.703349679 -0.658473832 0.267789919
0.714528964 -0.645180972 0.270536272
0.727290915 -0.629782928 0.272802840
0.750198473 -0.600196829 0.277427499
0.760406742 -0.586078333 0.279810246
0.456191822 -0.840754671 0.291582930
0.127653706 -0.953499090 0.273027501
0.440340821 -0.850201379 0.288543888
0.007199540 -0.989016701 0.147628359
0.007453219 -0.988664109 0.149959091
0.006945710 -0.989363733 0.145296801
0.006490586 -0.991702473 0.128390330
0.006033554 -0.993752126 0.111446435
0.413790784 -0.906196246 0.087095065
0.451762278 -0.885862721 0.105631831
0.452651967 -0.887306621 0.088278858
0.411911812 -0.903054879 0.121739657
0.449588833 -0.882148243 0.140300953
0.450730028 -0.884143171 0.123017457
0.488735218 -0.863574914 0.124001029
0.524610067 -0.839400150 0.142097377
0.525804943 -0.841407062 0.124753033
0.060626522 -0.955873985 0.287453212
0.071027541 -0.960607915 0.268677356
0.059332193 -0.957313272 0.282897492
0.083997631 -0.962232256 0.258946875
0.082698753 -0.963566485 0.254363020
0.081394958 -0.964877745 0.249771492
0.080091350 -0.966164764 0.245175497
-0.003786225 -0.996013435 -0.089122958
-0.000401595 -0.996653237 -0.081744509
0.001744524 -0.997580065 -0.069505189
-0.012265572 -0.818497336 0.574379376
-0.010167377 -0.823557298 0.567141959
-0.017158177 -0.813198923 0.581732850
0.001722166 -0.838585802 0.544766819
0.003821593 -0.843358822 0.537337225
-0.003173264 -0.833611860 0.552341559
-0.008068784 -0.828549541 0.559857618
-0.005968660 -0.833473338 0.552527438
-0.012962582 -0.823399143 0.567314571
-0.826502346 0.526494554 0.199241954
-0.852484073 0.490093536 0.181876967
-0.823545029 0.530821199 0.200006101
-0.810247178 0.543988958 0.218118142
-0.794451023 0.561610764 0.231172926
-0.833458080 0.512123650 0.207549982
-0.960498667 -0.102059419 -0.258894160
-0.966955586 -0.063782757 -0.246837302
-0.953867285 0.067488652 -0.292544841
-0.964331353 0.021154325 -0.263851351
-0.971856810 -0.025292026 -0.234210707
-0.933606533 -0.305879963 -0.186591238
-0.928693345 -0.338269780 -0.151994171
-0.906066266 -0.389473002 -0.165392569
0.761786880 -0.602764731 0.237392982
0.760231182 -0.602903940 0.241982209
0.706459095 -0.672923247 0.219293983
0.704885782 -0.673056750 0.223898742
0.733320115 -0.638645029 0.233182623
0.758650142 -0.603030714 0.246584511
0.757057468 -0.603143229 0.251161771
0.399217701 -0.897851656 0.185708456
0.409694209 -0.891600867 0.192869251
0.424385395 -0.884691234 0.192920856
0.346090804 -0.923161628 0.167313371
0.321907655 -0.931561336 0.169023486
0.338974426 -0.924777736 0.172865490
0.311915665 -0.936606892 0.159612494
0.304726259 -0.938017730 0.165120092
0.297511297 -0.939348546 0.170620448
0.290272580 -0.940600879 0.176101718
0.022898195 -0.949291212 0.313563181
0.037037792 -0.953035815 0.300584327
0.019739902 -0.947466226 0.319246124
0.017165947 -0.945392331 0.325482212
0.019556714 -0.947329878 0.319661753
0.004736290 -0.941076462 0.338160702
0.046770938 -0.956483886 0.288012248
0.034364201 -0.953014356 0.300969664
0.021945448 -0.949226731 0.313826402
0.009521096 -0.945121747 0.326579596
-0.033201826 -0.786168245 0.617120028
-0.038576984 -0.771892143 0.634582017
-0.035892226 -0.779082543 0.625893074
-0.033089430 -0.793865627 0.607192272
-0.032971078 -0.801437633 0.597168844
-0.538745487 -0.819941679 -0.193517294
-0.589908066 -0.771804992 -0.237329998
-0.598576221 -0.782095900 -0.173298909
-0.361330635 -0.925812195 -0.110959231
-0.314469784 -0.946829943 -0.067983927
-0.346767925 -0.932894787 -0.097259052
0.004671307 -0.999904570 0.013001153
0.002948913 -0.999862938 0.016291363
0.006395630 -0.999932398 0.009710575
0.004292185 -0.999913711 -0.012415661
0.002186917 -0.999401075 -0.034535608
-0.331367359 -0.928739351 -0.166249487
-0.285911717 -0.946822048 -0.147588957
-0.375974935 -0.908083710 -0.184463612
-0.380999817 -0.910721309 -0.159454813
-0.385723683 -0.912762493 -0.134468853
-0.232372385 -0.964026666 -0.129056814
-0.208030070 -0.971302782 -0.115301328
-0.227239697 -0.970557211 -0.079880034
-0.205441586 -0.974460693 -0.090664833
-0.183502260 -0.977773035 -0.101423929
0.701926248 -0.659580456 0.268799486
0.720405162 -0.638848445 0.269979754
0.663356498 -0.699501034 0.265812830
0.682904204 -0.679803136 0.267412685
0.679300347 -0.684861529 0.263658349
0.655873348 -0.709335393 0.258212028
0.675659486 -0.689883062 0.259895401
-0.895197839 0.334070882 -0.294987245
-0.882149596 0.365511548 -0.297007406
-0.907204971 0.302241653 -0.292624544
-0.894965980 0.334482529 -0.295224206
-0.881656715 0.366323438 -0.297470294
-0.898948308 0.330918771 -0.287027363
-0.905266747 0.315571776 -0.284440804
-0.908138142 0.311685373 -0.279530576
-0.038500263 -0.967134867 -0.251332210
0.002380518 -0.973640930 -0.228073833
-0.011773871 -0.968024471 -0.250579327
-0.010173346 -0.978421460 -0.206368480
0.030700429 -0.982715422 -0.182559261
0.016531920 -0.978545140 -0.205368215
0.043254724 -0.977958574 -0.204269566
0.084003295 -0.980075380 -0.179988045
0.069918508 -0.976677553 -0.203008275
-0.598277382 -0.747890778 -0.287617034
-0.606681220 -0.756109807 -0.245429941
-0.542757253 -0.800312326 -0.254783721
0.456548914 -0.864883308 0.208662292
0.457594506 -0.864739163 0.206962431
0.408052602 -0.890039313 0.203280828
0.409118038 -0.889935361 0.201587413
0.433519542 -0.877668001 0.204351870
0.458638613 -0.864592031 0.205258963
0.459680390 -0.864441058 0.203557354
0.022585404 -0.997003799 0.073981923
0.025089875 -0.996512357 0.079584041
0.018482845 -0.997984899 0.060700298
0.106246495 -0.966427009 0.233945546
0.121616858 -0.966689215 0.225213904
0.102267717 -0.965894958 0.237882839
0.144848748 -0.967251415 0.208431142
0.160110309 -0.966724135 0.199522268
0.140901082 -0.966965713 0.212424565
0.136949420 -0.966649198 0.216412073
0.152238507 -0.966307364 0.207541597
0.132992759 -0.966302442 0.220391735
0.129896794 -0.967037211 0.219011087
0.109289145 -0.966082083 0.233968571
0.123621596 -0.966539382 0.224765040
0.101232941 -0.966118500 0.237417220
0.080533389 -0.964326125 0.252169583
0.094924679 -0.965344401 0.243103871
0.088610248 -0.964499769 0.248773834
0.067873365 -0.962291410 0.263416872
0.082288922 -0.963585205 0.254425011
-0.028384827 -0.753288908 0.657076953
-0.018777574 -0.761834547 0.647499441
-0.027837713 -0.748139383 0.662957409
-0.010246291 -0.780051648 0.625631234
-0.000628588 -0.788054856 0.615604701
-0.009706603 -0.775142313 0.631712099
-0.009164212 -0.770184417 0.637755425
0.000448116 -0.778337222 0.627846294
-0.008624649 -0.765180170 0.643758435
0.134597186 -0.980281517 -0.144678073
0.158406223 -0.977926594 -0.136260942
0.134489870 -0.976184151 -0.170226257
0.181904000 -0.980349684 -0.076324513
0.182080367 -0.977972714 -0.102059349
0.182145003 -0.974936789 -0.127755451
0.182046334 -0.971260406 -0.153337391
-0.014858908 -0.922924440 0.384694282
-0.016215710 -0.920900683 0.389459861
-0.011740702 -0.929500211 0.368634661
-0.013098942 -0.927563509 0.373435878
-0.014657915 -0.924268015 0.381462689
-0.017572150 -0.918850551 0.394214263
-0.018928023 -0.916774092 0.398957383
0.196587698 -0.969541684 0.146089697
0.179340244 -0.970211560 0.162869905
0.196625945 -0.968314802 0.153963250
0.161975371 -0.973093829 0.163866956
0.144570224 -0.972892520 0.180498187
0.161983880 -0.971738324 0.171714452
0.161986657 -0.970319555 0.179555795
0.144536856 -0.969866492 0.196132827
0.161976818 -0.968840489 0.187380943
0.005829484 -0.999970511 -0.004999338
0.005332108 -0.999809977 -0.018750433
0.010917034 -0.999933738 0.003652068
-0.005342076 -0.998745697 -0.049784489
-0.000254526 -0.999153211 -0.041143606
0.004834857 -0.999460085 -0.032498645
0.009920811 -0.999666330 -0.023849677
-0.412631992 -0.811609333 -0.413551846
-0.605855723 -0.693684482 -0.389539063
-0.197373408 -0.886572686 -0.418368989
-0.372574296 -0.815472365 -0.442937033
-0.534663378 -0.716072542 -0.448748467
-0.459459359 -0.807109334 -0.370771655
-0.280904907 -0.895625288 -0.344888065
-0.372090066 -0.855810085 -0.359357872
-0.348610518 -0.856544865 -0.380528056
-0.232740067 -0.893443228 -0.384176079
-0.933088238 0.348149201 0.090213494
-0.925443332 0.365909721 0.098309282
-0.920434617 0.374724273 0.111273696
-0.959372761 0.281750471 0.014851838
-0.965000777 0.262058946 -0.009930237
-0.960084157 0.279637489 -0.006425447
0.075922970 -0.963246900 0.257664730
0.071308559 -0.962116983 0.263146348
0.069591014 -0.962205643 0.263281962
0.526584281 -0.819865927 0.224786247
0.543135701 -0.807089263 0.231539483
0.543136713 -0.807872617 0.228788865
0.468201006 -0.858353258 0.209803484
0.424406709 -0.882455790 0.202856412
0.446446021 -0.870681785 0.206395689
0.465040278 -0.860233019 0.209133195
0.461873002 -0.862100732 0.208460207
-0.023780012 -0.851051255 0.524543870
-0.021098057 -0.851484636 0.523954947
-0.020684240 -0.864331788 0.502496490
-0.019551162 -0.858185491 0.512967265
-0.018415128 -0.851911490 0.523361917
-0.026379399 -0.844572276 0.534791359
-0.025163713 -0.851386761 0.523934510
-0.028798584 -0.830524417 0.556237210
-0.027591475 -0.837617776 0.545559503
-0.026221678 -0.851754663 0.523284261
-0.026058761 -0.858780296 0.511680901
-0.024833210 -0.865297088 0.500643847
0.041030730 -0.982929245 0.179350435
0.040959418 -0.980268360 0.193381149
0.043991928 -0.977848201 0.204640188
0.034935863 -0.987029043 0.156694457
0.034874100 -0.984691314 0.170782941
0.037918815 -0.982549535 0.182094959
0.040877469 -0.977407590 0.207372698
0.040788203 -0.974347492 0.221321682
0.043809584 -0.971606737 0.232510365
-0.412535121 -0.878108024 0.242365577
-0.539652193 -0.823710763 0.174000256
-0.658607450 -0.687196745 0.306589074
0.849076842 -0.489088075 0.199653128
0.656256115 -0.741155443 0.141479752
0.682406732 -0.720004536 0.126152762
0.808835408 -0.540909651 0.230655656
0.627722383 -0.761547433 0.161276522
0.393691867 -0.916339773 0.072994067
0.125781938 -0.991834400 -0.021057707
0.582084327 -0.785784660 0.209094007
0.585331954 -0.787552082 0.192738739
0.551807511 -0.811593372 0.191897546
0.646151884 -0.733818998 0.209755623
0.649367442 -0.735491058 0.193325707
0.617884828 -0.762163349 0.193197744
0.588439999 -0.789091519 0.176275189
0.591375267 -0.790400829 0.159818096
0.557883620 -0.814530610 0.159077814
0.044194007 -0.949266131 0.311353019
0.032227193 -0.942933169 0.331418838
0.034751603 -0.943052593 0.330823417
0.022767582 -0.936207318 0.350709987
0.027499613 -0.939629673 0.341086278
0.020241993 -0.936047572 0.351290771
0.008245400 -0.928613412 0.370957065
-0.174670120 -0.983212350 -0.052761963
-0.162104745 -0.984835714 -0.061811554
-0.187154355 -0.980697468 -0.056619104
-0.500502772 -0.855197160 0.134665486
0.219331222 -0.958665749 0.181256166
-0.146022444 -0.977760056 0.150541419
-0.742439614 -0.667797630 -0.053195350
-0.899713159 -0.389758849 -0.196479698
0.065708990 -0.996777475 -0.046010796
0.082688157 -0.995459731 -0.047144376
0.067061276 -0.994993749 -0.074096048
0.096773989 -0.995274460 0.007971518
0.113738326 -0.993487081 0.006856678
0.098261503 -0.994956700 -0.020145504
0.099669985 -0.993849383 -0.048262803
0.116597111 -0.991952348 -0.049352334
0.100973787 -0.991956897 -0.076326990
0.005182515 -0.997463167 0.070995571
0.003826421 -0.998516311 0.054318825
0.004504608 -0.998024803 0.062659399
0.005002766 -0.997150987 0.075265409
0.004822998 -0.996820497 0.079533859
0.009460275 -0.996273098 0.085734576
0.011834011 -0.994082097 0.107984910
0.010510901 -0.997193494 0.074125952
0.026765775 -0.893392926 0.448478174
0.032847813 -0.903698291 0.426907977
0.034453932 -0.915780967 0.400197634
0.040490289 -0.924886545 0.378081229
0.036680645 -0.914623271 0.402639792
0.038910240 -0.913453898 0.405077732
0.044945285 -0.922654041 0.383000578
0.141862829 -0.973656172 -0.178517779
0.117954999 -0.975289768 -0.186806016
0.012381845 -0.969925222 -0.243087954
0.053232222 -0.974210086 -0.219273889
0.093958430 -0.976301774 -0.194952969
-0.028068788 -0.997743443 -0.060993148
-0.027235071 -0.998454353 -0.048447457
-0.028898377 -0.996874059 -0.073532261
-0.039966789 -0.996578375 -0.072347760
-0.051026729 -0.996159277 -0.071154534
0.200104310 -0.963572851 0.177441897
0.182594838 -0.964996612 0.188256910
0.201052989 -0.963022545 0.179346794
0.163110831 -0.967108234 0.195183301
0.164059093 -0.966561540 0.197087298
0.165007484 -0.966009708 0.198991897
0.165954334 -0.965453677 0.200893893
0.133223710 -0.987417446 0.085195246
0.140543572 -0.987407881 0.072616676
0.118501373 -0.986808782 0.110298922
0.125872672 -0.987218122 0.097757102
0.130519197 -0.985501535 0.108404165
0.127739512 -0.983044668 0.131551506
0.135144290 -0.983649765 0.119034285
0.121949565 -0.979011234 0.163295154
0.125008122 -0.977322580 0.170919702
0.135407159 -0.979400913 0.149795703
0.100985157 -0.973475731 0.205297345
0.114543146 -0.974697017 0.191952060
0.128061788 -0.975563964 0.178536078
0.141527706 -0.976077685 0.165052298
0.052866593 -0.952992131 0.298347316
0.039842945 -0.948991830 0.312773154
0.041164088 -0.949284723 0.311711458
0.050227086 -0.952461966 0.300488674
0.038521534 -0.948696176 0.313833806
0.026803460 -0.944617935 0.327075727
0.015076548 -0.940228643 0.340209931
-0.005703234 -0.928741866 0.370683180
0.000911106 -0.934337484 0.356388321
-0.012317279 -0.922886844 0.384874210
-0.009401882 -0.928160182 0.372062200
-0.006483162 -0.933247252 0.359176189
-0.025544853 -0.878220976 0.477572379
-0.024162547 -0.877918223 0.478200548
-0.023278649 -0.871702349 0.489482501
-0.027299463 -0.890194656 0.454761711
-0.025041950 -0.883987794 0.466838817
-0.022779715 -0.877613413 0.478827508
-0.020513607 -0.871072719 0.490725494
-0.023617406 -0.858093275 0.512950437
-0.023450428 -0.864977410 0.501262563
-0.022067104 -0.864655639 0.501880134
-0.018810814 -0.993123449 -0.115550722
-0.018373250 -0.994345896 -0.104588067
-0.025365450 -0.991707870 -0.125984498
-0.008905485 -0.998327329 -0.057124745
-0.013395711 -0.998182289 -0.058759451
-0.004860611 -0.999622218 -0.027051732
-0.011376125 -0.998978676 -0.043728584
-0.017887777 -0.998014447 -0.060391977
-0.026296585 -0.743894581 0.667779411
-0.016691024 -0.752562480 0.658309291
-0.024751169 -0.739616485 0.672573293
0.159081278 -0.966987960 0.199066400
0.166739832 -0.965789728 0.198615282
0.149148867 -0.967082355 0.206170643
0.156820153 -0.965960641 0.205736433
0.161783013 -0.965893149 0.202179824
0.174388519 -0.964533099 0.198152833
0.182026516 -0.963218398 0.197678187
0.195906651 -0.960931639 0.195527412
0.170766553 -0.964033353 0.203662661
0.183352875 -0.962567568 0.199613124
0.209747434 -0.958449883 0.193338657
0.223545519 -0.955774228 0.191109982
0.319723585 -0.931566954 0.173089109
0.310047690 -0.934816057 0.173174388
0.329366172 -0.928220655 0.172986532
0.305034607 -0.936196014 0.174616473
0.280502256 -0.943555136 0.176131173
0.107901538 -0.966112633 0.234485901
0.120182213 -0.968836930 0.216590025
0.132337270 -0.967789955 0.214171541
0.132378040 -0.969473964 0.206388680
0.132406919 -0.971097437 0.198590474
0.073641003 -0.959429862 0.272160508
0.061944795 -0.956113183 0.286374622
0.063263054 -0.956349504 0.285295308
0.111394641 -0.993317977 0.030176662
0.111868938 -0.992640243 0.046375522
0.109829828 -0.993736919 0.020599619
0.110320838 -0.993214376 0.036803743
0.111096031 -0.992939038 0.041590129
0.112313370 -0.991701405 0.062562209
0.112728353 -0.990501653 0.078732420
0.002266390 -0.999921154 -0.012351084
-0.001298022 -0.999805057 -0.019701849
-0.003320147 -0.999390615 -0.034747314
0.023738348 -0.995331631 0.093549107
0.019448878 -0.997366197 0.069874240
0.016402274 -0.999290292 0.033909844
0.012087252 -0.999875335 0.010159403
0.015776200 -0.999073734 0.040034795
0.015147563 -0.998819271 0.046158583
0.010839885 -0.999689968 0.022415708
-0.976899935 0.024900394 -0.212241576
-0.942318387 -0.319817303 -0.098757025
-0.976984556 0.024476594 -0.211901093
0.079474575 -0.961153602 0.264324696
0.068621407 -0.958342439 0.277255969
0.072169464 -0.960144147 0.270027378
0.107627584 -0.965435651 0.237382196
0.104947866 -0.965668906 0.237633139
0.120324199 -0.965981702 0.228913607
-0.033841405 -0.990884575 -0.130393708
-0.053251161 -0.991129318 -0.121766123
-0.035255568 -0.992952179 -0.113150407
0.551296991 -0.828223399 0.100586424
0.515644717 -0.852815505 0.082560530
0.529211492 -0.848338327 0.016039964
0.492050504 -0.870563665 -0.002281775
0.504382790 -0.862547979 0.040112160
0.478794094 -0.875572056 0.064263440
0.441005613 -0.896336054 0.045779116
0.102192466 -0.974513714 0.199699075
0.123126159 -0.979789297 0.157647971
0.112690987 -0.977424502 0.178723483
0.103395249 -0.975518921 0.194093426
0.104595986 -0.976490787 0.188481890
0.222626136 -0.957612718 0.182799030
0.217546867 -0.958116189 0.186243735
0.235327089 -0.954677393 0.182242246
0.215852553 -0.960243176 0.177033099
0.199286755 -0.962310003 0.185052014
0.198400388 -0.961940933 0.187901376
0.217604615 -0.960884360 0.171316894
0.200170470 -0.962670821 0.182199543
0.182651752 -0.964047205 0.193006021
0.165055537 -0.965013255 0.203730426
0.033753936 -0.985666711 0.165293096
0.032631911 -0.986610235 0.159798008
0.036728367 -0.980969724 0.190655260
0.348944678 -0.932311914 -0.095037391
0.063645363 -0.983626575 -0.168606136
-0.720664030 -0.431229157 -0.542848754
-0.882811985 -0.179444887 -0.434099680
-0.521957130 -0.747114843 -0.411558217
-0.256417929 -0.950650089 -0.174683294
-0.509421700 -0.822545905 -0.252799852
0.108874460 -0.965882886 0.234982134
0.120620753 -0.966955753 0.224604552
0.108387931 -0.965997942 0.234733962
0.158817604 -0.986951184 0.026539210
0.152626506 -0.988270393 -0.005174879
0.137026489 -0.990410155 0.017648424
0.189818548 -0.981633208 -0.019109269
0.183444576 -0.981714485 -0.050840517
0.168120343 -0.985368098 -0.028022531
0.146286928 -0.988553310 -0.036911887
0.139823411 -0.987797965 -0.068590042
0.124400053 -0.991176388 -0.045760183
0.255910639 -0.952503620 0.165065435
0.236804025 -0.956882856 0.168223227
0.235935041 -0.956589366 0.171088986
0.024091881 -0.934617857 0.354836643
0.016830995 -0.930864390 0.364976993
0.012210917 -0.923572709 0.383228841
0.010889498 -0.925272564 0.379146543
0.009566844 -0.926952972 0.375055546
-0.001760488 -0.936541084 0.350553419
-0.000424631 -0.935444656 0.353472934
-0.004121923 -0.934906725 0.354869590
0.014386973 -0.941229117 0.337462240
0.013696102 -0.942221558 0.334710253
0.027434810 -0.945910811 0.323264704
0.308873754 -0.950294364 0.039212566
0.285236850 -0.958374911 0.012548707
0.277681817 -0.959915859 0.038135976
0.323604199 -0.946116921 -0.011962166
0.292589789 -0.956148282 -0.013102576
0.261220732 -0.965174834 -0.014186941
0.229615171 -0.973162122 -0.015243308
0.096489553 -0.978768964 -0.180834403
0.098432978 -0.982887208 -0.155703837
0.112514090 -0.981742785 -0.153367805
0.068263658 -0.980294286 -0.185373100
0.070191927 -0.984576191 -0.160258594
0.084312046 -0.983833556 -0.157996876
0.100292569 -0.986367793 -0.130460637
0.102088254 -0.989203258 -0.105142298
0.116172350 -0.987894665 -0.102801346
0.685969543 -0.700667906 0.196240341
0.658907955 -0.730361264 0.180035359
0.704176517 -0.689508581 0.169450139
0.677403337 -0.719479291 0.153213148
0.668266236 -0.725022667 0.166620434
0.630621264 -0.758689940 0.163420920
0.601163738 -0.785579793 0.146514673
0.120583694 -0.966926202 0.224751626
0.134885913 -0.967144651 0.215492493
0.139869901 -0.967216081 0.211965712
0.002408252 -0.932503893 0.361151892
0.002148403 -0.929885574 0.367842635
0.003055068 -0.932431934 0.361332748
0.214117746 -0.972817657 0.088200892
0.219512972 -0.974125928 0.053784124
0.190118481 -0.979834240 0.061480278
0.272406997 -0.959435445 0.072650217
0.248749721 -0.967475464 0.045986986
0.224693442 -0.974239295 0.019252369
0.200351538 -0.979695760 -0.007448497
0.197798249 -0.966797413 0.161798071
0.180505591 -0.967233299 0.178542648
0.198960329 -0.965215553 0.169628191
0.062598853 -0.958963343 0.276533345
0.052182792 -0.953996853 0.295240513
0.072984538 -0.963466568 0.257692509
0.065862006 -0.960561758 0.270154225
0.058725549 -0.957450901 0.282558103
0.059824112 -0.953415440 0.295668861
0.061326082 -0.955301943 0.289201156
0.064190130 -0.959071815 0.275791371
0.054048097 -0.945110352 0.322250254
0.055561467 -0.947183396 0.315842585
0.058449695 -0.951338866 0.302552466
0.062825195 -0.957142923 0.282719685
0.064321271 -0.958938304 0.276224735
0.067172620 -0.962519935 0.262760754
0.609923247 -0.754682845 0.241759045
0.592540870 -0.770147362 0.236153251
0.612381253 -0.750957099 0.247088316
0.569506894 -0.792108987 0.219602484
0.551307373 -0.806475826 0.213674804
0.572177128 -0.788659270 0.225010866
0.574818087 -0.785171314 0.230413052
0.556768773 -0.799745209 0.224535374
0.577433973 -0.781645078 0.235798595
-0.028170849 -0.714321023 0.699250942
-0.023684825 -0.721324879 0.692191772
-0.032653766 -0.707232219 0.706226819
-0.026496486 -0.718183144 0.695349486
-0.020331731 -0.728935696 0.684280186
-0.025562445 -0.719040449 0.694497944
-0.027122916 -0.716738524 0.696814348
-0.022440471 -0.723616003 0.689837883
-0.024001565 -0.721332939 0.692172462
-0.021080699 -0.727427415 0.685860744
-0.016595448 -0.735694326 0.677110368
-0.018158004 -0.733459678 0.679490388
0.172905370 -0.965304045 0.195682992
0.185669781 -0.963709394 0.191809634
0.168983254 -0.965173787 0.199710341
-0.077285643 -0.991670562 -0.103036043
-0.064185380 -0.990930397 -0.118055858
-0.070738670 -0.991349733 -0.110552015
-0.070314485 -0.992630194 -0.098697374
-0.063339744 -0.993521809 -0.094353017
-0.014770186 -0.804689186 0.593512558
-0.010248665 -0.800928011 0.598672937
-0.005800583 -0.797944531 0.602702978
-0.001278129 -0.794092747 0.607795258
-0.005763530 -0.797531363 0.603249953
-0.005726512 -0.797117804 0.603796665
-0.001203976 -0.793258814 0.608883409
-0.017611298 -0.778176016 0.627799276
-0.026686152 -0.764891854 0.643605703
-0.024979689 -0.776251963 0.629927698
0.041490538 -0.929831431 0.365639228
0.043719899 -0.928752231 0.368113927
0.047931624 -0.937174327 0.345552948
0.050163928 -0.936135463 0.348043066
0.046944929 -0.932502021 0.358100759
0.045949596 -0.927661584 0.370584160
0.048178034 -0.926559671 0.373049665
-0.116671057 -0.950402255 -0.288311323
-0.163970356 -0.943126724 -0.289181092
-0.100259687 -0.956116554 -0.275298258
-0.242932614 -0.917829495 -0.313962996
-0.288976649 -0.904737626 -0.312957385
-0.226973320 -0.925970359 -0.301764819
-0.210911147 -0.933693152 -0.289367563
-0.257347728 -0.922100378 -0.288968924
-0.194728892 -0.940957098 -0.276912257
0.016076224 -0.999176613 0.037251175
0.012385924 -0.999896102 0.007373881
0.019750775 -0.997551094 0.067094869
0.015748820 -0.999051672 0.040592264
0.011736837 -0.999832264 0.014060243
-0.019333363 -0.912985328 0.407534062
-0.016389055 -0.918629459 0.394780086
-0.025209231 -0.901141697 0.432791100
-0.022273576 -0.907155674 0.420205272
-0.019305202 -0.912052044 0.409619796
-0.019277139 -0.911114012 0.411703351
-0.016334231 -0.916816328 0.398974952
0.420741561 -0.906982112 0.018973325
0.394270880 -0.917989694 0.042958069
0.471831338 -0.881203393 -0.029253521
0.446630844 -0.894703370 -0.005173916
0.399960999 -0.916497314 -0.007992050
0.378740424 -0.924845744 -0.034871791
0.352286648 -0.935830829 -0.010713406
0.386711855 -0.919646777 0.068583868
0.385961060 -0.918501703 0.085957442
0.330002196 -0.941663000 0.066101016
0.329232221 -0.940549053 0.083508228
0.357753972 -0.929960108 0.084772005
0.385073555 -0.917082253 0.103336815
0.384071333 -0.915386348 0.120652582
-0.000702750 -0.788898043 0.614523705
-0.000127322 -0.783646074 0.621207546
-0.000665670 -0.788476635 0.615064348
-0.008189061 -0.806604956 0.591034164
-0.012674702 -0.809923165 0.586399027
-0.010576675 -0.815090572 0.579236992
0.064698448 -0.962052059 0.265084791
0.063323960 -0.959863695 0.273224747
0.068643540 -0.970664984 0.230429062
0.067288808 -0.968772537 0.238646154
0.065316859 -0.964473750 0.255976745
0.061944449 -0.957605361 0.281344731
0.060560695 -0.955277157 0.289444219
0.002366752 -0.893924283 0.448211752
0.011679677 -0.904588432 0.426125984
0.010381484 -0.896457600 0.443007897
0.004967012 -0.910080900 0.414400875
0.014266936 -0.919890639 0.391915382
0.012972097 -0.912401083 0.409091662
0.020982912 -0.914630964 0.403744867
0.030266361 -0.924044229 0.381085569
0.028986332 -0.916771743 0.398358336
0.733427408 -0.655800931 0.178911641
0.775641711 -0.602954451 0.186616898
0.770525261 -0.596822347 0.223816685
0.792901837 -0.572421981 0.208901299
0.814270421 -0.547271456 0.193539751
-0.092056605 -0.947118032 -0.307397160
-0.155787227 -0.934095236 -0.321242011
-0.170009733 -0.912386283 -0.372354618
-0.194515313 -0.915056774 -0.353319817
-0.218889561 -0.916900262 -0.333738324
-0.926239879 0.166922432 -0.337959448
-0.915045399 0.221635864 -0.337000684
-0.895178489 0.196389041 -0.400108506
-0.882129855 0.250810046 -0.398674352
-0.899194370 0.236386192 -0.368199746
-0.900912096 0.275772139 -0.335122548
-0.883975423 0.328920828 -0.332262759
-0.778615762 -0.423579312 -0.462966588
-0.811408642 -0.387151134 -0.437869861
0.210905224 -0.977304753 -0.019859663
-0.448820626 -0.873371263 -0.189163112
-0.894846311 -0.350985568 -0.275788345
0.042758666 -0.948180468 0.314842019
0.038038186 -0.945091856 0.324583549
0.047473694 -0.951148933 0.305060576
0.050750909 -0.952980456 0.298751728
0.054025336 -0.954760627 0.292426757
-0.059423450 -0.991411171 -0.116502122
-0.059004253 -0.992756601 -0.104655767
-0.049044998 -0.994763225 -0.089670035
-0.048607657 -0.995784008 -0.077791424
-0.053810929 -0.994374622 -0.091233191
-0.058576836 -0.993960779 -0.092793983
-0.058139566 -0.995023523 -0.080919583
0.446640044 -0.880862901 0.156822261
0.484644162 -0.860351157 0.157847781
0.515585379 -0.835171906 0.191466977
0.518744663 -0.836810076 0.175079615
0.521764111 -0.838220844 0.158581302
0.050704442 -0.979241897 0.196250774
0.054177694 -0.982740770 0.176876670
0.047536530 -0.984080038 0.171250567
0.063961718 -0.976157848 0.207424095
0.067456320 -0.979833636 0.188084264
0.060822336 -0.981325003 0.182488031
0.057636972 -0.985846594 0.157430849
0.061071472 -0.988558151 0.137924101
0.054411920 -0.989718878 0.132272013
0.053946959 -0.957310880 0.283981698
0.050583965 -0.962392870 0.266910520
0.047412549 -0.973894079 0.221996337
0.047313453 -0.970625381 0.235897874
0.047202911 -0.967158724 0.249751652
0.055927447 -0.996412321 0.063518556
0.049286848 -0.995100835 0.085703764
0.062541605 -0.997187976 0.041287878
0.047324689 -0.998215790 0.036408932
0.032112147 -0.998986963 0.031525518
-0.022591789 -0.883797481 0.467323896
-0.023468270 -0.889727473 0.455888433
-0.018413322 -0.905748416 0.423415584
-0.021378570 -0.900694093 0.433927538
-0.024341965 -0.895509248 0.444376704
0.190447710 -0.964543022 -0.182719537
0.126276670 -0.968162349 -0.216138540
0.159093527 -0.953040741 -0.257687010
0.094320228 -0.952260637 -0.290350432
0.110453945 -0.960987125 -0.253581687
0.061419261 -0.966654345 -0.248610239
-0.003613059 -0.960041563 -0.279834136
-0.018685072 -0.855085273 0.518150600
-0.015377219 -0.849052848 0.528084087
-0.017031443 -0.852084614 0.523126888
-0.016771088 -0.851059086 0.524802022
-0.014856008 -0.846978338 0.531419791
-0.896215419 -0.194061457 -0.398921137
-0.913333985 -0.209042859 -0.349459747
-0.765443993 -0.555783626 -0.324345580
-0.299704706 -0.883920156 -0.358973880
0.759981801 -0.592720195 0.266665395
0.314540239 -0.944984761 -0.089823378
0.245623825 -0.969097805 -0.022767965
0.715775681 -0.643585271 0.271040907
0.337647403 -0.940399803 0.040527058
0.366147908 -0.929618818 0.041767956
0.345091525 -0.938450949 0.014888120
0.323221089 -0.939330472 0.114832020
0.292269053 -0.949790225 0.111701966
0.353844513 -0.927855346 0.117807117
0.326270285 -0.940060559 0.099165754
0.298282043 -0.951082661 0.080433797
0.003997797 -0.941648350 0.336574513
-0.001525996 -0.938040778 0.346521529
0.001605261 -0.939572502 0.342346224
0.051152176 -0.993493068 -0.101759421
0.035381144 -0.991824251 -0.122608443
0.053180530 -0.985828738 -0.159102265
0.037359657 -0.982991896 -0.179808757
0.036395650 -0.987820775 -0.151279452
0.019578138 -0.989472696 -0.143389260
0.003789373 -0.986441322 -0.164070588
0.682214269 -0.688589248 0.245822170
0.641440612 -0.728041322 0.241887939
0.720805417 -0.646905404 0.248903494
0.693665399 -0.680932933 0.234858797
0.665058735 -0.713527300 0.220398891
0.622227600 -0.741328594 0.251524811
0.605133633 -0.757152234 0.246036137
0.631942883 -0.731544862 0.255910743
0.206552072 -0.970180569 0.126830224
0.189344960 -0.972474923 0.135797684
0.191984790 -0.975635149 0.106197439
0.174751219 -0.977856500 0.115146331
0.182061192 -0.975248145 0.125478199
0.172056151 -0.974400394 0.144708508
0.154706850 -0.975953393 0.153560295
0.171647183 -0.979277852 0.107480852
0.161684296 -0.978670804 0.126734546
0.145483198 -0.980698521 0.130633263
0.148565807 -0.979186132 0.138284920
0.151643224 -0.977603654 0.145929534
-0.008749429 -0.986584733 -0.163015374
-0.033451224 -0.983975201 -0.175139429
-0.000245517 -0.984249760 -0.176783341
-0.024942692 -0.981673302 -0.188932235
-0.029195140 -0.982856235 -0.182047424
-0.058125019 -0.980611622 -0.187142536
-0.082751260 -0.976499314 -0.199000800
0.279654129 -0.956508929 0.082971301
0.276661144 -0.955894432 0.098612609
0.235940828 -0.964433880 0.119160471
0.254814168 -0.959919648 0.116721932
0.273598981 -0.955035465 0.114240353
0.069153016 -0.966936834 0.245460829
0.067671577 -0.965354524 0.252014287
0.070115114 -0.972100652 0.223839660
0.068161688 -0.968069674 0.241236586
0.066186443 -0.963726262 0.258555695
0.094390609 -0.991002558 0.094891215
0.093138648 -0.993147192 0.070596368
0.104233097 -0.993656884 0.042207331
0.102858578 -0.994536023 0.017838504
0.098037664 -0.994199198 0.044233138
0.091830523 -0.994699653 0.046257497
0.090475752 -0.995658002 0.021892511
-0.115008528 -0.959312282 -0.257862335
-0.067421365 -0.964243715 -0.256297519
-0.209324155 -0.942901087 -0.259077091
-0.162367890 -0.952192420 -0.258778407
-0.129731911 -0.962007562 -0.240231309
-0.144381408 -0.964169833 -0.222554581
-0.096896213 -0.970356023 -0.221405315
0.221422770 -0.970187075 0.098534239
0.228703458 -0.967389580 0.108867480
0.250661947 -0.963807641 0.090793283
0.184892507 -0.982638454 0.015376277
0.153569314 -0.986253532 0.060995376
0.169281475 -0.984827228 0.038198351
0.179732024 -0.982451602 0.049852269
0.174334096 -0.981075350 0.084254263
0.051912646 -0.992515301 0.110537121
0.048506775 -0.990311973 0.130112603
0.040096601 -0.993536112 0.106199138
0.036684929 -0.991379598 0.125780395
0.042594259 -0.990865719 0.127948645
0.045076083 -0.987713013 0.149636727
0.041627925 -0.984719475 0.169099591
0.370300639 -0.916491340 0.151397027
0.341272408 -0.926999829 0.155577832
0.358235730 -0.919926935 0.159378779
0.459747356 -0.871229486 0.172021950
0.485279231 -0.850666643 0.202164117
0.472623798 -0.861162182 0.187153525
0.494266650 -0.848434698 0.189364837
0.527781384 -0.823936589 0.206337849
0.089788571 -0.995947224 0.005209539
0.105208014 -0.993928617 0.032205257
0.074274895 -0.996999745 -0.021788735
0.082790960 -0.996563925 0.002449766
0.091260261 -0.995469553 0.026682091
0.160085814 -0.983419951 -0.085192322
0.136422529 -0.983429533 -0.119395339
0.138149508 -0.985939518 -0.094010532
0.602401039 -0.767211278 0.220226799
0.622192398 -0.747952909 0.231177563
0.634275485 -0.740998985 0.220488351
0.509579804 -0.834448887 0.209817728
0.533416954 -0.817469409 0.217278894
0.530613277 -0.820722974 0.211809702
0.276434478 -0.925847804 -0.257662228
0.242802726 -0.942071646 -0.231404082
0.259501666 -0.934306250 -0.244398683
0.355960712 -0.917374170 -0.178091560
0.430894973 -0.897243853 -0.096348280
0.443406094 -0.894517778 -0.056824125
0.396672660 -0.916026815 -0.059545573
0.287347244 -0.950744006 -0.116264339
0.318362498 -0.943754476 -0.089290590
0.348820637 -0.935134793 -0.062024847
0.015840582 -0.895466621 0.444846722
0.025156234 -0.905935913 0.422666874
0.021307307 -0.894444364 0.446671332
-0.301410953 -0.912334575 -0.277122827
-0.317136817 -0.903252188 -0.289066990
-0.344851143 -0.900557713 -0.264713987
-0.207867652 -0.951112913 -0.228419059
-0.206178112 -0.958382283 -0.197468948
-0.175346262 -0.961820161 -0.210132497
0.068962703 -0.987741888 0.140036097
0.075344965 -0.978855203 0.190172624
0.072177167 -0.983622157 0.165160253
0.076858294 -0.986858107 0.142140349
0.084738837 -0.985908313 0.144236362
0.084335400 -0.984271356 0.155233494
0.085813080 -0.980660901 0.175898588
0.073975882 -0.972049359 0.222817443
0.080622113 -0.974441345 0.209676274
0.087257031 -0.976615955 0.196487879
0.034793964 -0.997798557 0.056457234
0.037453229 -0.995981231 0.081355048
0.043374448 -0.995560788 0.083530685
0.036105837 -0.990036928 0.136100148
0.035521934 -0.988586701 0.146405354
0.038578067 -0.986723038 0.157763680
0.012600720 -0.923630074 0.383077940
0.020601448 -0.925712734 0.377665876
0.025260445 -0.934762882 0.354373058
0.033255911 -0.936585502 0.348857624
0.026931909 -0.931278404 0.363311445
0.028601822 -0.927705071 0.372216653
0.036596742 -0.929607292 0.366730093
0.038427335 -0.945130391 0.324425466
0.030412801 -0.939810416 0.340340189
0.046428753 -0.950123496 0.308398626
0.038816651 -0.945168727 0.324267399
0.031191396 -0.939898010 0.340027688
-0.000273962 -0.887893709 0.460048569
-0.006348784 -0.890749819 0.454449615
-0.005009805 -0.888265236 0.459303574
-0.002952096 -0.892854090 0.450336384
-0.007687521 -0.893206426 0.449581119
-0.012423079 -0.893537973 0.448815728
-0.017158080 -0.893848895 0.448039901
-0.002409540 -0.904859820 0.425702830
-0.003708807 -0.896720325 0.442582087
-0.009787122 -0.899448596 0.436916967
0.707475410 -0.654096341 0.267649998
0.661774597 -0.704202932 0.257201504
0.685028396 -0.679549736 0.262579994
0.694258894 -0.669079238 0.265212296
0.680761493 -0.683791174 0.262665986
0.012329076 -0.999290189 -0.035596521
0.011634263 -0.999394373 -0.032795283
0.012585388 -0.999878653 -0.009180841
0.011889508 -0.999908976 -0.006378030
0.011762939 -0.999738931 -0.019588360
0.010939153 -0.999490225 -0.029993756
0.010244205 -0.999577737 -0.027191981
0.269178382 -0.946167015 0.179752548
0.306686020 -0.935909626 0.173253734
0.287988212 -0.941221183 0.176537459
0.269744959 -0.946331548 0.178028816
0.270310781 -0.946492667 0.176305736
0.079638839 -0.980765047 0.178206559
0.074896568 -0.976707514 0.201079429
0.074441819 -0.974438627 0.211961738
-0.022460852 -0.998648333 -0.046872355
-0.025850324 -0.998023769 -0.057274055
-0.036718538 -0.997113930 -0.066449670
-0.040100575 -0.996237015 -0.076835889
-0.032978305 -0.997203800 -0.067059769
-0.029236743 -0.997279346 -0.067669184
-0.032620456 -0.996415189 -0.078055602
0.006097117 -0.947150027 -0.320732992
-0.082328421 -0.933813241 -0.348159249
-0.043094904 -0.948352550 -0.314277378
0.258074705 -0.946556497 -0.193463806
0.272768274 -0.949557755 -0.154717611
0.353312893 -0.926972532 -0.126063175
-0.012122869 -0.920140845 0.391399875
-0.012150108 -0.921032549 0.389296054
-0.003751074 -0.928260847 0.371910917
-0.003778072 -0.929108181 0.369788742
-0.007964581 -0.925130020 0.379566873
-0.012177447 -0.921919475 0.387190123
-0.012204514 -0.922801556 0.385082248
0.069196223 -0.988878761 -0.131646039
0.068143756 -0.992354111 -0.102906492
0.085142604 -0.990922115 -0.104038932
0.055750746 -0.981256531 -0.184465374
0.041605758 -0.981545856 -0.186645903
0.069884225 -0.980766538 -0.182244871
0.043228923 -0.982063831 -0.183526270
0.016542937 -0.982659878 -0.184677814
-0.009549520 -0.849654096 0.527253946
-0.009288956 -0.848618902 0.528923127
0.002627764 -0.848695338 0.528875522
0.002888398 -0.847654241 0.530541181
-0.003200317 -0.848152671 0.529742206
-0.009028332 -0.847580304 0.530590348
-0.008767650 -0.846538455 0.532255364
-0.062717936 0.950914864 0.303030332
-0.062711931 0.944440832 0.322643344
-0.000000115 0.951044043 0.309055381
-0.187111208 0.926497149 0.326484960
-0.187067694 0.919378542 0.346047359
-0.125176996 0.933850987 0.335041868
-0.062693182 0.937506996 0.342272109
-0.062686758 0.930223828 0.361599226
-0.000000120 0.937498035 0.347990567
-0.925262677 -0.243724052 -0.290667447
-0.936372213 -0.212987740 -0.279004123
-0.948207039 -0.111024234 -0.297618934
-0.955312868 -0.079555465 -0.284689746
-0.947994298 -0.146591686 -0.282520243
-0.946378046 -0.181967386 -0.266939065
-0.955206763 -0.150728085 -0.254678392
0.150950093 -0.984944181 0.084255744
0.148254159 -0.983091758 0.107476975
0.161325158 -0.982232681 0.095880933
0.129276832 -0.991508950 0.014053532
0.123002079 -0.992249263 -0.017660398
0.121504982 -0.992535738 0.010456917
-0.017841099 -0.733450489 0.679508701
-0.020763845 -0.727418784 0.685879563
-0.019086544 -0.731197606 0.681898647
0.109305909 -0.980630416 0.162530627
0.118546543 -0.981997136 0.147065777
0.113941603 -0.984070865 0.136461878
0.732480448 -0.625641931 0.268411190
0.703628786 -0.657410382 0.269662978
0.709732127 -0.650525162 0.270365162
0.052361563 -0.943908656 0.326028704
0.045940973 -0.937006637 0.346277329
0.049153942 -0.940516344 0.336173908
0.056766954 -0.950221992 0.306358742
0.061147422 -0.956111306 0.286552200
0.053078831 -0.940753114 0.334912251
0.055984390 -0.945180373 0.321713864
0.052101388 -0.936226168 0.347514040
0.399886095 -0.894470178 0.200035524
0.418970486 -0.885015706 0.203004760
0.388865486 -0.899266440 0.200258592
0.413518918 -0.887543486 0.203146904
0.437860929 -0.875151825 0.205881252
-0.035160434 -0.959718445 -0.278754822
0.362656257 -0.927747947 -0.088114623
0.038703988 -0.990208749 -0.134121719
-0.659029605 -0.628667756 -0.412864181
-0.767503879 -0.526221169 -0.366099820
-0.691465267 -0.614447372 -0.379908162
-0.039118481 -0.976584217 -0.211549076
-0.053286353 -0.970768844 -0.234026530
-0.068050636 -0.973894063 -0.216562841
0.012291644 -0.983985969 -0.177821621
0.008040866 -0.985246756 -0.170950793
0.024828196 -0.983566851 -0.178828997
-0.334041310 -0.935317740 -0.116606728
-0.281126777 -0.954618186 -0.098345588
-0.283582030 -0.951016544 -0.123080323
0.010072937 -0.975653167 0.219087732
0.008784671 -0.983522164 0.180574037
0.009430589 -0.979777134 0.199869535
0.010053106 -0.977382476 0.211240221
0.010032438 -0.979048672 0.203379076
0.010275326 -0.973565024 0.228178792
0.009164138 -0.978738066 0.204909288
0.010057598 -0.973981943 0.226402341
-0.011937708 -0.876609124 0.481055022
-0.007446671 -0.884874240 0.465770466
-0.006105542 -0.882329041 0.470593440
0.057328890 -0.964271275 0.258639336
0.060672813 -0.970555104 0.233112849
0.054039689 -0.972262750 0.227562866
0.644539976 -0.722462589 0.250231948
0.608771038 -0.757498145 0.235784612
0.626868457 -0.740231700 0.243090450
0.654344910 -0.712588256 0.253082430
0.664017306 -0.702570159 0.255883155
0.633695768 -0.730259464 0.255246525
0.637579670 -0.725501529 0.259113289
0.610921109 -0.750497724 0.252048733
0.724652978 -0.661708713 0.192404887
0.715646588 -0.667423123 0.205903706
0.743864836 -0.632772451 0.215090982
0.632049854 -0.767369164 0.107970128
0.582506824 -0.810450222 0.062098608
0.592348745 -0.798869500 0.104548966
0.011963292 -0.999923780 -0.003051956
0.011836895 -0.999797684 -0.016262792
0.011340393 -0.999930961 0.003077035
0.011565549 -0.999928512 -0.003034686
0.011241291 -0.999936767 0.000308698
0.010743745 -0.999851919 -0.013442917
0.359851591 -0.914271594 0.186049147
0.374417558 -0.906912816 0.193185496
0.379973252 -0.904618618 0.193094496
0.291932248 -0.940340491 0.174743593
0.277108549 -0.944546115 0.176191625
0.273711373 -0.945525315 0.176249719
0.042574210 -0.943624716 0.328267927
0.051876559 -0.950134220 0.307495994
0.044262435 -0.940359771 0.337289694
0.024870978 -0.934714699 0.354527666
0.018543517 -0.929272437 0.368929364
0.024481355 -0.934666374 0.354682157
-0.045305937 -0.994885118 -0.090282741
-0.050500410 -0.993324523 -0.103711619
-0.041564839 -0.994992685 -0.090895112
-0.041488717 -0.996820924 -0.068020088
-0.034364480 -0.997711096 -0.058237890
-0.046258658 -0.996502712 -0.069587938
-0.248100524 0.900443283 0.357278635
-0.308053590 0.877587396 0.367346358
-0.186822561 0.911080351 0.367464181
-0.205529571 0.919058196 0.336288013
-0.143794273 0.934467361 0.325720675
-0.223822914 0.911147157 0.345997344
-0.006432192 -0.929245565 0.369406695
-0.009086676 -0.929376274 0.369021915
-0.010646018 -0.926124881 0.377066793
-0.003274297 -0.930056543 0.367401830
-0.011647456 -0.922035089 0.386931043
-0.007461432 -0.926105536 0.377190752
-0.002797913 -0.931830171 0.362883873
-0.002321139 -0.933581589 0.358357403
-0.002267382 -0.843868520 0.536545226
-0.008357468 -0.844346098 0.535732974
-0.007163484 -0.838952095 0.544158127
-0.004106764 -0.838022652 0.545619987
-0.011103688 -0.828081870 0.560497212
-0.009938828 -0.837430250 0.546453838
-0.859551652 -0.426375438 -0.281735592
-0.830339001 -0.486415087 -0.271914519
-0.678570893 -0.695884033 -0.235131784
-0.957124478 -0.030583249 -0.288057977
-0.956656680 0.018483855 -0.290630942
-0.959536392 -0.066369181 -0.273651319
0.105451959 -0.992415353 0.063179516
0.100508593 -0.990901471 0.089511442
0.106625563 -0.990734027 0.084125365
0.103644332 -0.994356995 0.022627829
0.104427468 -0.994154520 0.027417062
0.097454231 -0.994934560 0.024655512
0.032541241 -0.785785773 0.617642119
0.033712837 -0.772073119 0.634638908
0.032751937 -0.775817005 0.630107360
0.034467773 -0.778416726 0.626800904
0.035631301 -0.764503290 0.643634314
0.034672993 -0.768301835 0.639147929
0.034868760 -0.757991173 0.651332136
0.036008171 -0.743546693 0.667713806
0.035055809 -0.747487387 0.663350358
0.032758765 -0.763775719 0.644649916
0.031596353 -0.777707564 0.627831677
0.035034955 -0.734822885 0.677353586
0.033905380 -0.749478530 0.661159859
0.032753787 -0.751462134 0.658962708
0.032738083 -0.738880677 0.673040536
0.031602815 -0.753438167 0.656758853
0.025028194 -0.844816159 0.534470998
0.027043202 -0.829140893 0.558385212
0.025624355 -0.839215036 0.543195652
0.027866819 -0.824706602 0.564873845
0.029853246 -0.808164707 0.588199447
0.028453091 -0.818789631 0.573388142
0.029036070 -0.812784353 0.581840616
0.031005223 -0.795759980 0.604817932
0.029616060 -0.806691420 0.590230330
0.026044456 -0.831201669 0.555360668
0.024026681 -0.846787554 0.531388330
0.030012693 -0.797994325 0.601917184
0.028040347 -0.814932796 0.578876737
0.026458541 -0.823011753 0.567407790
0.026867996 -0.814647065 0.579334334
0.024872451 -0.830926695 0.555825681
0.008886277 -0.895385333 0.445203481
0.009371248 -0.883686148 0.467986080
0.011888798 -0.889169399 0.457423694
0.003854874 -0.884564010 0.466402885
0.004332107 -0.872327828 0.488902234
0.006850385 -0.878071950 0.478479594
0.009848145 -0.871406941 0.490461983
0.010316908 -0.858556137 0.512615764
0.012842293 -0.864570473 0.502347462
0.002981404 -0.866154206 0.499767950
0.005974397 -0.859208754 0.511590290
0.006260651 -0.838766842 0.544454763
0.009249817 -0.831202629 0.555892643
0.007613965 -0.845497118 0.533925698
0.008967611 -0.852093978 0.523311986
0.011956127 -0.844811290 0.534930776
0.022872195 -0.815040567 0.578952275
0.023087985 -0.809543045 0.586606344
0.024472594 -0.813039344 0.581694179
0.020103129 -0.808046560 0.588775527
0.020316246 -0.802457586 0.596363205
0.021702396 -0.806015740 0.591496097
0.023301627 -0.803973567 0.594208328
0.023513025 -0.798332679 0.601757485
0.024900357 -0.801920098 0.596912161
0.018345954 -0.859969839 0.510015002
0.019414884 -0.849337769 0.527492575
0.021096029 -0.852227036 0.522746628
0.014986879 -0.854296066 0.519570617
0.016049933 -0.843473289 0.536931291
0.017731882 -0.846419781 0.532220945
0.020474464 -0.838349175 0.544748986
0.021525005 -0.827008848 0.561776682
0.023211897 -0.830086161 0.557151840
0.028119435 -0.739078910 0.673031694
0.030385660 -0.736475146 0.675781822
0.032881717 -0.731849413 0.680672631
0.023121141 -0.748170009 0.663104102
0.025389176 -0.745612539 0.665895886
0.027888159 -0.741062951 0.670856134
0.032651415 -0.733857072 0.678518742
0.034916456 -0.731224685 0.681242469
0.037410240 -0.726553330 0.686090907
0.044341154 -0.715969920 0.696721562
0.047569667 -0.707742384 0.704867253
0.042908261 -0.715760225 0.697026672
0.053656295 -0.699826082 0.712295204
0.056870360 -0.691394608 0.720235557
0.052224071 -0.699620123 0.712603908
0.050791321 -0.699412566 0.712911148
0.054006035 -0.690981808 0.720851919
0.049358858 -0.699203581 0.713216696
0.057540450 -0.684802264 0.726453684
0.054750986 -0.689865459 0.721864238
0.049780473 -0.695789092 0.716518977
0.067458270 -0.672679506 0.736852539
0.064677591 -0.677836032 0.732362699
0.059717007 -0.683880983 0.727145571
0.051958885 -0.694891188 0.717235325
0.049163767 -0.699878982 0.712567425
0.044186048 -0.705707006 0.707124610
0.045659320 -0.703109355 0.709614305
0.048456483 -0.698149342 0.714310482
0.040057685 -0.712914196 0.700106228
0.042859670 -0.708031062 0.704879468
0.041532768 -0.710346479 0.702625725
0.037401306 -0.717499609 0.695554063
0.040205360 -0.712653229 0.700363409
0.003157612 -0.792194946 0.610259942
0.008113892 -0.780688841 0.624867264
0.005768070 -0.788339847 0.615212983
0.007849655 -0.776900858 0.629574014
0.012801550 -0.765019763 0.643879556
0.010458219 -0.772915019 0.634423359
0.013066948 -0.768893569 0.639243251
0.018014736 -0.756813505 0.653382574
0.015674644 -0.764836542 0.644033671
0.013311573 -0.779019834 0.626857958
0.018256577 -0.766040311 0.642533221
0.015818939 -0.774756203 0.632062171
0.018187280 -0.761591607 0.647802012
0.020690480 -0.757177628 0.652881263
0.023193335 -0.752724721 0.657926716
0.025694511 -0.748232963 0.662938327
-0.271483858 -0.952570803 0.137496837
-0.252663811 -0.957378229 0.139956866
-0.270269457 -0.954018142 0.129629489
-0.236134849 -0.958777447 0.158070045
-0.217130311 -0.962870225 0.160422435
-0.234947595 -0.960329177 0.150224831
-0.233744450 -0.961819164 0.142363717
-0.214738456 -0.965889775 0.144721588
-0.232529001 -0.963244679 0.134498896
-0.135458443 -0.966074873 0.219887128
-0.134486298 -0.966646514 0.217963193
-0.147144029 -0.966693541 0.209409247
-0.110050264 -0.965296255 0.236837663
-0.109078379 -0.965876232 0.234914903
-0.121796484 -0.966374146 0.226465510
-0.133512789 -0.967213612 0.216037415
-0.132539177 -0.967775635 0.214111390
-0.145196714 -0.967814185 0.205556848
-0.086447346 -0.962203437 0.258246784
-0.085915487 -0.962325849 0.257968000
-0.096774545 -0.964693135 0.244952737
-0.064656932 -0.956627635 0.284047617
-0.064124512 -0.956746559 0.283767631
-0.075030986 -0.959676757 0.270907498
-0.085383319 -0.962447978 0.257688919
-0.084851389 -0.962569664 0.257409952
-0.095711198 -0.964940411 0.244395929
-0.048890685 -0.958228828 0.281792855
-0.050599057 -0.958180672 0.281654992
-0.063008460 -0.961192698 0.268586172
-0.024024214 -0.951202380 0.307631060
-0.025734873 -0.951197662 0.307507276
-0.038173340 -0.954848549 0.294630352
-0.052307859 -0.958129499 0.281516874
-0.054015934 -0.958075688 0.281377426
-0.066421797 -0.961044133 0.268295210
-0.057336918 -0.955403099 0.289684996
-0.043631778 -0.952502033 0.301390352
-0.040020388 -0.950385518 0.308489442
-0.064535391 -0.959176542 0.275346225
-0.050842297 -0.956541700 0.287128956
-0.047237941 -0.954554553 0.294268895
-0.029909834 -0.949284232 0.312993369
-0.016178784 -0.945749907 0.324492467
-0.012562291 -0.943369533 0.331505826
-0.103362656 -0.971707213 0.212370556
-0.104742571 -0.970530728 0.217023268
-0.091068738 -0.968866788 0.230225179
-0.130582311 -0.973887431 0.185718960
-0.131976125 -0.972796692 0.190391433
-0.118381297 -0.971840586 0.203744312
-0.106122897 -0.969329264 0.221672528
-0.107498356 -0.968104361 0.226314052
-0.093811553 -0.966355367 0.239492583
0.008324155 -0.934544537 0.355748810
0.002753142 -0.938270124 0.345892462
0.005136138 -0.936662786 0.350194868
0.003558385 -0.937799506 0.347159077
-0.002013006 -0.941409397 0.337259983
0.000370078 -0.939852342 0.341580792
-0.002818256 -0.941862417 0.335986972
-0.008389249 -0.945320906 0.326033748
-0.006006457 -0.943829640 0.330377863
0.014053132 -0.933604327 0.358029984
0.014645060 -0.927278409 0.374085917
0.015405689 -0.924763554 0.380230237
0.012526857 -0.938295097 0.345608723
0.013121310 -0.932183777 0.361747476
0.013883336 -0.929751853 0.367924918
0.015232180 -0.920676010 0.390030339
0.015814882 -0.913799105 0.405858455
0.016572422 -0.911072771 0.411912321
0.018780565 -0.892375622 0.450902473
0.019354318 -0.887473015 0.460453101
0.017727344 -0.899167007 0.437246423
0.022005475 -0.867682345 0.496631763
0.022567599 -0.862288387 0.505914461
0.020968093 -0.875177363 0.483347621
0.019925757 -0.882467834 0.469950515
0.020495024 -0.877360659 0.479393604
0.018878895 -0.889552056 0.456443563
0.017880795 -0.894197788 0.447314870
0.019502380 -0.882243643 0.470389001
0.019319207 -0.873665049 0.486144167
0.020918017 -0.860706656 0.508671298
0.020214642 -0.871685614 0.489648404
0.021110607 -0.869691371 0.493144261
0.022703784 -0.856549496 0.515565223
-0.540133907 -0.808488811 0.233669008
-0.523552468 -0.821223434 0.226902809
-0.543116119 -0.806317454 0.234258501
-0.500562565 -0.837603267 0.218764452
-0.483403440 -0.849402316 0.211747064
-0.503643805 -0.835588212 0.219397490
-0.506718232 -0.833561501 0.220026948
-0.489639063 -0.845497029 0.213045446
-0.509785347 -0.831523143 0.220653945
-0.420061728 -0.885195862 0.199941068
-0.442162137 -0.873542377 0.203510099
-0.427620559 -0.880748966 0.203523749
-0.449152458 -0.870800860 0.199919812
-0.470892407 -0.858440535 0.203322869
-0.456587727 -0.866105692 0.203441830
-0.463981377 -0.861332460 0.206948485
-0.485505246 -0.848574251 0.210253173
-0.471333564 -0.856482289 0.210434691
-0.574616793 -0.785705246 0.229091264
-0.593409044 -0.769320114 0.236669114
-0.598368104 -0.766689319 0.232686700
-0.564493804 -0.790690796 0.236970063
-0.583405375 -0.774470149 0.244610214
-0.588419741 -0.771913422 0.240648866
-0.611796214 -0.752411536 0.244094802
-0.629767240 -0.734993061 0.251353183
-0.634597765 -0.732204480 0.247310081
-0.042513600 -0.916797216 0.397083692
-0.039838033 -0.904389228 0.424844743
-0.040249922 -0.910642939 0.411229112
-0.041698630 -0.904507891 0.424413359
-0.038987523 -0.891273658 0.451786719
-0.039418048 -0.897932247 0.438365027
-0.037126199 -0.891138450 0.452210027
-0.034380602 -0.877057276 0.479153951
-0.034826156 -0.884127987 0.465945106
-0.055789601 -0.949702004 0.308145461
-0.054109057 -0.947082990 0.316395354
-0.058086547 -0.955132073 0.290428436
-0.047739066 -0.931920493 0.359506850
-0.046033554 -0.928846709 0.367593122
-0.050090308 -0.938319002 0.342123387
-0.052423894 -0.944390383 0.324620608
-0.050735260 -0.941624297 0.332820698
-0.054739807 -0.950132440 0.307004723
-0.037640939 -0.887609216 0.459056685
-0.035337181 -0.880494531 0.472737416
-0.030306613 -0.865204774 0.500501956
-0.027978455 -0.857441134 0.513820891
-0.031666787 -0.869214887 0.493419391
-0.033024868 -0.873165805 0.486303234
-0.030704428 -0.865624832 0.499750826
-0.037527389 -0.912816972 0.406640961
-0.036932000 -0.906810614 0.419917298
-0.043076539 -0.916283741 0.398206627
-0.025202002 -0.892874814 0.449599183
-0.024585214 -0.886240301 0.462572909
-0.030766719 -0.896794035 0.441377239
-0.036330131 -0.900610976 0.433105058
-0.035716960 -0.894220296 0.446199911
-0.041885828 -0.904325824 0.424782746
-0.012263556 -0.939926695 0.341155995
-0.008882537 -0.934515307 0.355812086
-0.008752551 -0.945903582 0.324329782
-0.012495195 -0.914988748 0.403285832
-0.009100686 -0.908610109 0.417546221
-0.008998454 -0.922079309 0.386896337
-0.005495133 -0.928864859 0.370378018
-0.002114039 -0.922977018 0.384849262
-0.001997706 -0.935342791 0.353737010
0.009168117 -0.937952381 0.346642867
0.009086382 -0.928694844 0.370733496
0.011683810 -0.931506784 0.363536244
0.003976970 -0.932514975 0.361109409
0.003888512 -0.922885752 0.385054240
0.006485948 -0.925821077 0.377906425
0.008996193 -0.918818622 0.394577505
0.008898986 -0.908330542 0.418158383
0.011502413 -0.911510114 0.411116779
0.000774709 -0.963382507 0.268129716
-0.000146309 -0.954895492 0.296942045
0.004157208 -0.959067603 0.283146696
-0.007827910 -0.955225324 0.295775766
-0.004453418 -0.950507089 0.310670954
-0.001070820 -0.945545921 0.325486966
0.002308708 -0.940343447 0.340218858
-0.042469522 -0.963283904 0.265104622
-0.043521171 -0.953171346 0.299282966
-0.039987288 -0.958415602 0.282560703
-0.049545292 -0.953080961 0.298633464
-0.050546207 -0.941770197 0.332436424
-0.047045049 -0.947622087 0.315910026
-0.044521385 -0.941846457 0.333081218
-0.045468765 -0.929324054 0.366455173
-0.041986606 -0.935755822 0.350140210
-0.029602349 -0.902742003 0.429162646
-0.026846393 -0.889244314 0.456644086
-0.026011262 -0.899916657 0.435285453
-0.031261354 -0.881171325 0.471762465
-0.028467083 -0.866382977 0.498568111
-0.027667433 -0.878064057 0.477742634
-0.024066299 -0.874905933 0.483694554
-0.021267826 -0.859740720 0.510287736
-0.020468128 -0.871696737 0.489618070
-0.032500900 -0.952808094 0.301828475
-0.032467996 -0.941487954 0.335479154
-0.028971278 -0.950914015 0.308096089
-0.039470770 -0.933488920 0.356427406
-0.039369985 -0.920240693 0.389367527
-0.035938723 -0.931260395 0.362577558
-0.032395802 -0.928980678 0.368707759
-0.032290020 -0.915302480 0.401470702
-0.028858342 -0.926649691 0.374816682
-0.024752415 -0.948140541 0.316886149
-0.024764891 -0.958794648 0.283018593
-0.024615430 -0.923261767 0.383382043
-0.024700870 -0.936291029 0.350355499
-0.020523135 -0.945269386 0.325644882
-0.016302378 -0.942300845 0.334370078
-0.016341487 -0.953577682 0.300703443
-0.011545993 -0.981138365 0.192961650
-0.013158076 -0.973288605 0.229207670
-0.007333132 -0.979355104 0.202014371
-0.023181204 -0.968669715 0.247268306
-0.018975515 -0.966433114 0.256216639
-0.014755182 -0.964097235 0.265139219
-0.010542871 -0.961662617 0.274032588
-0.022656830 -0.993191023 0.114272739
-0.024111607 -0.992506477 0.119789493
-0.024343443 -0.991178367 0.130279857
-0.022182574 -0.995396484 0.093240404
-0.023640621 -0.994829468 0.098769684
-0.023877528 -0.993723555 0.109285680
-0.025566043 -0.991789154 0.125302242
-0.027019336 -0.991039088 0.130810862
-0.027247532 -0.989593797 0.141285842
0.926329983 0.250031931 -0.281774370
0.916070990 0.282421198 -0.284696696
0.918358636 0.269654815 -0.289661349
0.921997852 0.275635109 -0.271928755
0.910965269 0.307793773 -0.274600204
0.913608027 0.295137144 -0.279668444
0.904748099 0.314486082 -0.287279276
0.892375275 0.346183601 -0.289522510
0.895428341 0.333672773 -0.294738131
0.900262920 0.314326090 -0.301207210
0.911872170 0.281869104 -0.298393956
0.894732677 0.334912666 -0.295443637
0.929507021 0.206709636 -0.305430554
0.937594826 0.173314359 -0.301459906
0.926174167 0.227945291 -0.300403658
0.922394667 0.249073039 -0.295212972
0.931805036 0.215977760 -0.291707012
0.918156845 0.270078112 -0.289906572
-0.332327295 -0.914624234 0.230263065
-0.441511980 -0.863811861 0.242685477
-0.320283301 -0.920333935 0.224508473
-0.565079629 -0.782617057 0.261142787
-0.657807506 -0.704886061 0.265376951
-0.554701714 -0.791549890 0.256426948
-0.544231287 -0.800338246 0.251537268
-0.638943553 -0.725111815 0.256834562
-0.533616574 -0.808936674 0.246728208
0.183341864 -0.954033117 0.237079252
-0.161065543 -0.944906975 0.284971400
0.198908813 -0.953175241 0.227798691
-0.513363980 -0.800787185 0.308540611
-0.772035961 -0.569769590 0.281643549
-0.499656603 -0.811052555 0.304199001
-0.486010393 -0.821462902 0.298316272
-0.751921072 -0.598241132 0.276987814
-0.471968582 -0.831202019 0.293851767
0.020847151 -0.768231221 0.639832938
0.021531724 -0.768970516 0.638921537
0.019486969 -0.776693679 0.629576990
0.024926240 -0.752417904 0.658214235
0.025611705 -0.753176724 0.657319453
0.023573508 -0.761131137 0.648169486
0.022216540 -0.769708405 0.638008931
0.022901057 -0.770444850 0.637095184
0.020855344 -0.778148144 0.627734435
0.017801396 -0.771818406 0.635593784
0.012853460 -0.784653672 0.619801101
0.027672949 -0.745138173 0.666335735
0.022742079 -0.758644652 0.651107586
0.019783962 -0.768861347 0.639109399
0.021765316 -0.765884940 0.642609158
0.016820042 -0.778880276 0.626947048
-0.013056998 -0.843006806 0.537744401
-0.009690305 -0.839855978 0.542722797
-0.014302371 -0.853333634 0.521169023
-0.003815467 -0.814653071 0.579936045
-0.000444603 -0.811228668 0.584728869
-0.005069490 -0.825817823 0.563914198
-0.006320884 -0.836666569 0.547676089
-0.002954141 -0.833438319 0.552604599
-0.007572826 -0.847194619 0.531228698
-0.013871273 -0.890546617 0.454680449
-0.011779344 -0.876850255 0.480619265
-0.010506231 -0.887886858 0.459941895
-0.016410055 -0.868225520 0.495898332
-0.013046985 -0.865330222 0.501032318
-0.009678246 -0.862395300 0.506142942
-0.006313111 -0.859420728 0.511230043
-0.027530694 -0.857526641 0.513702366
-0.023927919 -0.854126262 0.519514951
-0.018415858 -0.831762571 0.554825992
-0.014803857 -0.828059001 0.560445481
-0.019372176 -0.841348961 0.540145023
-0.020321754 -0.850676154 0.525297162
-0.016717164 -0.847176101 0.531049141
0.028018354 -0.815306083 0.578351936
0.028535840 -0.810704486 0.584759731
0.029789499 -0.809623035 0.586193763
0.025509870 -0.817433181 0.575458289
0.026027912 -0.812855687 0.581883305
0.027281871 -0.811782032 0.583322922
0.029051368 -0.806052202 0.591131005
0.029565113 -0.801349551 0.597465313
0.030818082 -0.800244256 0.598881772
0.026242749 -0.807329671 0.589516854
0.026665676 -0.796062903 0.604626163
0.026455246 -0.801731893 0.597098059
0.028010352 -0.801541718 0.597282424
0.029774965 -0.795676076 0.604990111
0.008906730 -0.770728422 0.637101538
0.016288611 -0.759851184 0.649892960
0.017575215 -0.758152294 0.651840633
0.006331958 -0.774026056 0.633122082
0.013714895 -0.763229916 0.645981421
0.015001772 -0.761543712 0.647939906
0.023664913 -0.748718284 0.662465776
0.031033267 -0.737333498 0.674815714
0.032317405 -0.735555530 0.676693171
-0.003052580 -0.811486071 0.584363790
0.000734437 -0.809423135 0.587225382
-0.005239742 -0.803025947 0.595921030
0.008895503 -0.823884027 0.566688610
0.012684662 -0.821846295 0.569568053
0.006710279 -0.815696939 0.578440555
0.004523209 -0.807338351 0.590071459
0.008310522 -0.805232378 0.592901132
0.002333852 -0.798810730 0.601577901
0.026070541 -0.804275604 0.593684326
0.021772525 -0.800645778 0.598742261
0.018830948 -0.806151837 0.591409005
0.031948334 -0.793112030 0.608237299
0.027647949 -0.789410717 0.613242457
0.024711742 -0.795064962 0.606020656
0.017472922 -0.796969630 0.603766599
0.013173378 -0.793248054 0.608756098
0.010234093 -0.798825790 0.601475369
0.032655441 -0.796727233 0.603456161
0.032319179 -0.804171224 0.593518418
0.034552982 -0.795014080 0.605606064
0.028177986 -0.814778677 0.579086961
0.027830130 -0.821916664 0.568927483
0.030077907 -0.813139472 0.581291251
0.031978054 -0.811491191 0.583489032
0.031631310 -0.818685915 0.573369718
0.033877159 -0.809833815 0.585680400
0.041064223 -0.753634613 0.656009603
0.041846662 -0.757795374 0.651149006
0.043886724 -0.746138702 0.664342527
0.036955180 -0.776400664 0.629155246
0.037729299 -0.780391160 0.624152335
0.039794059 -0.769214095 0.637750821
0.042627965 -0.761924728 0.646261221
0.043406551 -0.766022382 0.641346694
0.045455231 -0.754533533 0.654685397
-0.025570177 -0.995958658 0.086095976
-0.023126871 -0.997864500 0.061086729
-0.029576193 -0.996355684 0.080003748
-0.012671128 -0.998755016 0.048247915
-0.010205918 -0.999679113 0.023184269
-0.016666849 -0.998972511 0.042144251
-0.020667469 -0.999136695 0.036037769
-0.018190565 -0.999774384 0.010967414
-0.024662609 -0.999247667 0.029930859
-0.094128731 -0.988831550 0.115550625
-0.095789070 -0.986033414 0.136244487
-0.089492505 -0.985865504 0.141634391
-0.106679694 -0.988763384 0.104720640
-0.108370884 -0.986164582 0.125439901
-0.102086416 -0.986132637 0.130846421
-0.097414737 -0.982801663 0.156879764
-0.098996152 -0.979139024 0.177444454
-0.092672333 -0.978772721 0.182799886
-0.065235869 -0.963241644 0.260595121
-0.056110989 -0.957883229 0.281622578
-0.057574090 -0.959232746 0.276690735
-0.062319188 -0.960699912 0.270503230
-0.053180410 -0.955102881 0.291462401
-0.054646797 -0.956506526 0.286546668
-0.046955513 -0.951993930 0.302494192
-0.037774171 -0.945577082 0.323198226
-0.039248706 -0.947163498 0.318340771
0.013034645 -0.922538301 0.385685340
0.012837378 -0.901410700 0.432774711
0.012939438 -0.912278310 0.409366408
0.014378154 -0.913041306 0.407613595
0.015711521 -0.903021308 0.429308357
-0.012637332 -0.814902170 0.579460742
-0.006630166 -0.803075206 0.595840796
-0.007834205 -0.806386438 0.591337077
-0.010230378 -0.808394740 0.588551853
-0.004221643 -0.796374037 0.604789692
-0.005426180 -0.799737662 0.600325102
-0.000620325 -0.790891407 0.611956206
0.005389688 -0.778356224 0.627799761
0.004185574 -0.781857985 0.623442517
-0.016245607 -0.847707223 0.530215564
-0.011856877 -0.836042137 0.548537109
-0.022230231 -0.841835632 0.539275983
0.004497012 -0.836022789 0.548676292
-0.001477003 -0.830057734 0.557675512
-0.007458497 -0.823965365 0.566591077
-0.013434980 -0.817749598 0.575417323
0.033331771 -0.721485391 0.691626939
0.032184994 -0.723558752 0.689512044
0.035625378 -0.717316766 0.695835821
0.034479448 -0.719404701 0.693734851
0.033905083 -0.703622241 0.709764882
0.034456573 -0.685302899 0.727442562
0.033313711 -0.687483523 0.725435457
0.018742563 -0.797529852 0.602988268
0.019449044 -0.791156301 0.611304705
0.019426222 -0.798226976 0.602043451
0.018785221 -0.783259480 0.621411058
0.019469244 -0.783978207 0.620482973
0.020153398 -0.784695491 0.619553732
0.020837329 -0.785411329 0.618623350
-0.000436260 -0.830684599 0.556743125
0.002589806 -0.825637581 0.564194894
-0.001181887 -0.839213136 0.543801357
0.007104614 -0.802398115 0.596746838
0.010129316 -0.796973456 0.603929389
0.006361154 -0.811554767 0.584241727
0.005616885 -0.820516153 0.571595742
0.008641488 -0.815320583 0.578945310
0.004869295 -0.829279813 0.558812386
0.113245596 -0.989462151 -0.090222431
0.109674819 -0.988860529 -0.100629460
0.120907796 -0.988908767 -0.086259814
0.090714524 -0.988753607 -0.118899874
0.087105557 -0.987776752 -0.129266041
0.098405869 -0.988483159 -0.114966643
0.106091237 -0.988138672 -0.111025285
0.102492886 -0.987297197 -0.121406154
0.113766792 -0.987720731 -0.107074158
0.218143941 -0.975896162 -0.006316805
0.201136916 -0.979117074 -0.029558340
0.215556659 -0.976317986 -0.018398857
0.189311169 -0.981499420 -0.028638606
0.172096721 -0.983714703 -0.051846902
0.186645218 -0.981583672 -0.040706983
0.183957471 -0.981516442 -0.052774271
0.166620327 -0.983092341 -0.075941534
0.181238407 -0.981300067 -0.064829147
0.241368904 -0.970428037 -0.003236947
0.267193392 -0.963493445 0.016972723
0.258290872 -0.965742024 0.025063311
0.259094191 -0.965657073 -0.019406616
0.284905105 -0.958555411 0.000778348
0.276077810 -0.961094401 0.008865434
0.292739618 -0.955470279 0.037149183
0.317950737 -0.946375575 0.057276526
0.309070670 -0.948788810 0.065384364
0.237596307 -0.970220813 -0.047112308
0.223176230 -0.973033281 -0.058297548
0.266253705 -0.963587394 -0.024663701
0.251983259 -0.967067214 -0.035853048
0.285264063 -0.956215323 -0.065396253
0.332115402 -0.939537996 -0.083472832
0.317929430 -0.943365243 -0.094778140
0.375773909 -0.918298773 -0.124584645
0.355261711 -0.932744818 -0.061450967
0.401510037 -0.909905498 -0.104219357
0.281559857 -0.958769665 -0.038532809
0.307334299 -0.951425852 -0.018288723
0.333026053 -0.942915321 0.002084474
0.358158595 -0.933396097 0.022229414
0.116120767 -0.989860843 -0.081801463
0.104889077 -0.989822818 -0.096172092
0.099413491 -0.990624184 -0.093705304
0.088143494 -0.990231221 -0.108040980
0.096520606 -0.990079316 -0.102111318
0.093621593 -0.989455630 -0.110510426
0.082322336 -0.988759436 -0.124811104
0.897358368 -0.231019009 0.376002896
0.852247132 -0.407497288 0.328056072
0.830602270 -0.414410481 0.371972880
0.933364368 -0.215294855 0.287191715
0.889884038 -0.391652623 0.233911568
0.872903565 -0.399801108 0.279639839
0.777967119 -0.569763225 0.264833967
0.676372760 -0.710961730 0.192492358
0.653949775 -0.717361131 0.240297107
0.671709934 0.567516140 0.476162992
0.722714106 0.465124888 0.511217331
0.670591687 0.512297646 0.536523915
0.772975009 0.471352073 0.424660874
0.814995623 0.362162687 0.452349780
0.771422764 0.414807461 0.482536723
0.763991433 0.355526136 0.538440579
0.794485795 0.241374745 0.557252685
0.751712042 0.294450505 0.590108385
0.441086625 0.818025802 0.369156303
0.384396443 0.848902067 0.362773559
0.424399283 0.830290055 0.361252920
0.361035965 0.855100466 0.372097064
0.302217763 0.881139116 0.363673317
0.343635010 0.865856753 0.363602892
0.326079354 0.876203418 0.354880015
0.266385579 0.899805204 0.345527594
0.308359096 0.886107536 0.346017489
0.780174760 0.309466116 0.543652525
0.744019795 0.420848091 0.518961877
0.818753627 0.074390357 0.569305343
0.804449999 0.192945041 0.561811721
0.847568838 0.089470261 0.523089034
0.868967178 -0.135308952 0.476012113
0.877987515 -0.015282744 0.478439507
0.438542391 0.814763152 0.379264522
0.398878074 0.834059742 0.381104485
0.515239802 0.771440894 0.373372325
0.477366468 0.793888323 0.376646499
0.512692761 0.768173498 0.383478304
0.582908349 0.715695096 0.384705584
0.547022425 0.740972177 0.389521115
0.616142578 0.668095103 0.417153757
0.548636190 0.724086499 0.417967790
0.616281195 0.630729888 0.471568974
0.549613493 0.687933059 0.473996956
0.549362955 0.706317898 0.446447501
0.476623999 0.774420415 0.416055986
0.401096756 0.818714993 0.410885815
0.149660285 -0.986204816 -0.070723826
0.152801584 -0.985310697 -0.076252906
0.127604425 -0.988481868 -0.081367726
0.199749713 -0.977986057 -0.060359952
0.202876162 -0.976985167 -0.065888134
0.177899437 -0.981477179 -0.071093867
0.155939823 -0.984374855 -0.081785800
0.159070118 -0.983399271 -0.087307341
0.133884379 -0.986677994 -0.092420288
0.110918928 -0.989441232 -0.093290087
0.102558957 -0.989764439 -0.099237171
0.119267940 -0.989013725 -0.087332752
0.122410236 -0.988125696 -0.092861952
0.125546719 -0.987197128 -0.098386234
0.235535805 -0.969879277 -0.062105333
0.187299201 -0.981333442 -0.043631245
0.329900933 -0.938865532 -0.098472777
0.283114445 -0.955710051 -0.080402176
0.247855005 -0.966553287 -0.065898712
0.260128560 -0.963056143 -0.069684990
0.212204427 -0.975878052 -0.051296285
0.095653413 -0.990881423 -0.094891670
0.084130675 -0.991888017 -0.095290040
0.118659317 -0.988470473 -0.094053653
0.107163778 -0.989742247 -0.094478618
0.088741821 -0.991931350 -0.090537762
0.081824242 -0.992913885 -0.086178943
0.070287978 -0.993763554 -0.086565571
0.913431112 -0.119897292 0.388932183
0.932109222 -0.111788085 0.344493575
0.891985812 -0.128325413 0.433467299
0.874787903 -0.022713675 0.483973360
0.845420765 0.082680802 0.527662406
0.864850395 0.146111690 0.480296959
0.888421920 0.269645521 0.371480531
0.879972889 0.209778300 0.426193358
0.919408104 0.049089363 0.390229384
0.954736514 -0.047733132 0.293597918
0.604347574 -0.789209396 -0.109144578
0.528128184 -0.846633628 -0.065514274
0.587006014 -0.808310999 -0.045357121
0.484438247 -0.862149862 -0.148381938
0.465859679 -0.880711156 -0.085572310
0.445524965 -0.895013483 -0.021409592
0.423264530 -0.905025251 0.042147754
-0.010148658 -0.999038089 0.042660300
-0.007552678 -0.999442573 0.032519221
-0.003615626 -0.999810172 0.019145434
-0.018013942 -0.997428247 0.069371395
-0.015421994 -0.998124330 0.059245113
-0.011488506 -0.998880590 0.045886616
-0.004956114 -0.999737375 0.022374506
-0.002358867 -0.999922461 0.012227376
0.001579372 -0.999998090 -0.001150904
-0.006007309 -0.999922953 0.010862831
-0.009149129 -0.999593596 0.026998807
-0.012542488 -0.999330044 0.034382403
0.000782043 -0.999992042 -0.003912112
-0.005753678 -0.999791074 0.019613839
-0.012286989 -0.998994001 0.043127897
-0.018813440 -0.997601303 0.066616027
0.014114451 -0.860486118 0.509278335
0.015643889 -0.863357857 0.504349561
0.019931750 -0.854277699 0.519434633
0.005528817 -0.877956611 0.478708285
0.007057198 -0.880665191 0.473686623
0.011352114 -0.872154773 0.489098335
0.017174005 -0.866199763 0.499402667
0.018701712 -0.869011259 0.494438750
0.022991071 -0.860092515 0.509619737
0.019186401 -0.851219383 0.524459192
0.020125211 -0.857432409 0.514202917
0.018346696 -0.853494580 0.520778649
0.022743209 -0.859096219 0.511308550
0.023678298 -0.865148615 0.500956298
0.021902602 -0.861317164 0.507595329
0.021061230 -0.863521396 0.503872229
0.021994420 -0.869485425 0.493468684
0.020219667 -0.865708823 0.500139380
0.004649413 -0.873166558 0.487399780
-0.000414642 -0.872129142 0.489275574
-0.003829603 -0.885260350 0.465080043
0.011469735 -0.844972985 0.534685982
0.006398075 -0.843862211 0.536521792
0.002993183 -0.858325560 0.513096749
-0.005486143 -0.871064096 0.491138721
-0.010549390 -0.869973203 0.492986142
-0.013953453 -0.883179236 0.468828048
0.008943405 -0.864425167 0.502681954
0.017520278 -0.846093423 0.532746619
0.013235614 -0.855399837 0.517799129
0.012352264 -0.850228485 0.526268891
0.015753664 -0.835377790 0.549450425
0.019868604 -0.871628206 0.489764748
0.019025672 -0.873753605 0.485996566
0.010549146 -0.888136560 0.459458558
0.009704010 -0.890123508 0.455616037
0.014367112 -0.882079461 0.470881526
0.018182515 -0.875862047 0.482218902
0.017338812 -0.877953453 0.478431919
0.019405567 -0.884259142 0.466593178
0.023221963 -0.878079441 0.477951081
0.011764826 -0.896135944 0.443623668
0.015585567 -0.890278543 0.455149653
0.021468672 -0.890402379 0.454667680
0.023525808 -0.896381371 0.442658982
0.027349013 -0.890494956 0.454170413
0.023802344 -0.829588358 0.557867910
0.024314376 -0.835090062 0.549575655
0.026443737 -0.829107496 0.558463507
0.019540638 -0.841430814 0.540011435
0.020047818 -0.846755689 0.531604072
0.022182155 -0.840973060 0.540622109
0.024824035 -0.840508923 0.541228711
0.025330657 -0.845844277 0.532828130
0.027465155 -0.840038381 0.541831325
0.021706206 -0.819458104 0.572727907
0.022405680 -0.822864850 0.567795230
0.023829505 -0.813233456 0.581449483
0.018844943 -0.838188754 0.545054567
0.020975987 -0.832264871 0.553981220
0.023104771 -0.826241663 0.562841793
0.025230121 -0.820119848 0.571635265
0.029369108 -0.838502461 0.544105760
0.028858866 -0.833056416 0.552434769
0.032149125 -0.824340232 0.565181046
0.030247757 -0.825938520 0.562948164
0.028345647 -0.827527614 0.560708990
-0.079853699 -0.989676592 0.119011051
-0.078729513 -0.992376232 0.094821291
-0.086726161 -0.991521019 0.096771083
-0.063858581 -0.991299061 0.115101060
-0.062712766 -0.993883747 0.090896685
-0.070718875 -0.993164342 0.092862424
-0.077549990 -0.994487556 0.070572654
-0.076323647 -0.996008223 0.046285207
-0.084338053 -0.995268442 0.048247504
-0.556543012 -0.801104744 0.220206868
-0.531947596 -0.818553009 0.216801121
-0.555541749 -0.801324628 0.221928380
-0.508905681 -0.834871448 0.209772907
-0.483375399 -0.850834631 0.205982169
-0.507885284 -0.835061358 0.211483016
-0.506862113 -0.835247529 0.213195599
-0.481310718 -0.851173076 0.209390515
-0.505837809 -0.835430627 0.214904114
0.021024373 -0.796152077 0.604731218
0.022434098 -0.783278342 0.621266247
0.021730385 -0.789758746 0.613032555
0.022622432 -0.794065947 0.607410485
0.024219871 -0.791968626 0.610081219
0.529000118 0.772821647 0.350578916
0.595910626 0.733417436 0.327092327
0.549268748 0.761226265 0.344729482
0.621949975 0.716837571 0.315154131
0.683221415 0.670723198 0.288684759
0.640609826 0.703219370 0.308385421
0.658899161 0.689187967 0.301449568
0.717550656 0.640426816 0.273814807
0.676806080 0.674761308 0.294330949
0.830440587 0.514790210 0.212977629
0.838919534 0.503117012 0.207574775
0.865992818 0.463175351 0.188480857
0.768309016 0.589629973 0.249073786
0.778074688 0.578831020 0.244037763
0.809587173 0.541703329 0.226110842
0.847199396 0.491323888 0.202123778
0.855278153 0.479414547 0.196623941
0.880975351 0.438720057 0.177220603
0.785687245 0.574933312 0.228357700
0.753457262 0.608472097 0.249126198
0.770591591 0.591822829 0.236504415
0.751846517 0.608563056 0.253727849
0.735772974 0.624675148 0.261570430
0.719272228 0.640429952 0.269252555
0.702355388 0.655810922 0.276783207
0.181047024 0.912384841 0.367118342
0.302411638 0.879503872 0.367450867
0.124852867 0.918161928 0.376019196
0.519374146 0.787908562 0.330833183
0.469975407 0.811666864 0.346871762
0.419008094 0.832644958 0.362125103
0.366695111 0.851108102 0.375698940
0.582942647 0.733092366 0.350361887
0.706472082 0.641988266 0.297906469
0.646858501 0.689824578 0.325140171
0.615526538 0.703430755 0.355404353
0.646895164 0.672508979 0.359525131
0.714664034 0.625316298 0.313424387
0.685606591 0.641223334 0.344639288
0.742239745 0.608163298 0.281456149
0.776039170 0.572579419 0.264416367
0.807715808 0.535522537 0.246598431
0.980884178 0.142696000 0.132302992
0.958920041 0.187835413 0.212579898
0.938002501 0.302057315 0.170037309
0.973840283 -0.090997129 0.208217734
0.964270291 0.069615785 0.255609954
0.927442681 0.230206451 0.294711831
0.865304532 0.383431735 0.322843882
0.851575381 0.463168189 0.245549586
0.799129428 0.522262577 0.297714557
0.831105927 0.435114186 0.346321502
0.774603235 0.491515926 0.397997390
0.788038084 0.507354851 0.348693323
0.739301605 0.576526080 0.347923578
0.673122255 0.625230133 0.394960392
0.706873969 -0.697957196 -0.114825711
0.700904855 -0.690456559 -0.178891376
0.654823859 -0.740182410 -0.152760313
0.789962193 -0.590446598 -0.165325584
0.781614076 -0.580079040 -0.229320179
0.743421236 -0.636747329 -0.204640428
0.692128036 -0.679721479 -0.242770451
0.680683682 -0.666045225 -0.305046692
0.637020517 -0.718624856 -0.278896356
0.968464285 -0.237589852 -0.075019939
0.945676452 -0.302926170 -0.118032979
0.976980093 -0.198611631 -0.077867305
0.885212983 -0.439262655 -0.153121830
0.845401074 -0.497797021 -0.193636646
0.901603037 -0.403160885 -0.156758616
0.916583892 -0.366253321 -0.160413445
0.881407448 -0.427310733 -0.201311820
0.930111958 -0.328927808 -0.163395966
0.573377936 -0.786281798 -0.230214415
0.575578046 -0.777468923 -0.253479755
0.621389081 -0.734603657 -0.272457479
0.473537283 -0.860295046 -0.188824984
0.476545857 -0.853034303 -0.212688795
0.527166668 -0.817024174 -0.233595385
0.577291536 -0.768201109 -0.276769831
0.578715145 -0.758455958 -0.299722106
0.623587905 -0.714192541 -0.317910584
0.989426743 0.128521392 0.067208419
0.988079905 0.139557368 0.064975712
0.969480341 0.224752731 0.097949364
0.998995816 -0.044802624 -0.000291438
0.999430456 -0.033646379 -0.002585622
0.998093215 0.053185434 0.031324806
0.986607598 0.150612003 0.062621666
0.985007345 0.161608246 0.060359802
0.964660866 0.246402901 0.093354296
0.767253723 0.595879360 0.237169796
0.798617635 0.561686756 0.216143149
0.698637965 0.659548399 0.277310122
0.733898013 0.628529275 0.257574567
0.763893527 0.599922774 0.237822086
0.760512626 0.603945557 0.238474969
0.792279316 0.570047712 0.217575483
0.894337899 0.413041781 0.171919197
0.921806092 0.358979339 0.146312554
0.890062290 0.423240693 0.169282118
0.951254782 0.281992692 0.124877788
0.948329822 0.292682790 0.122504418
0.945281913 0.303359809 0.120062196
0.942111559 0.313974846 0.117667353
0.557574226 0.768203115 0.314602854
0.225377523 0.907015331 0.355707972
0.398051874 0.851742138 0.340719880
0.594592904 0.747188404 0.296932262
0.630336007 0.724354391 0.279261945
0.966443160 -0.189205418 0.173749615
0.968723913 -0.240221339 0.062190747
0.956814969 -0.259309458 0.131391474
0.987836583 -0.151404289 0.035434833
0.975609395 -0.219362669 -0.008144217
0.956527290 -0.287129758 -0.051108183
0.931247443 -0.352189171 -0.093493247
0.958354101 0.246600409 -0.144033519
0.963884427 0.238357947 -0.118795209
0.961433148 0.250145931 -0.114338598
0.962776521 0.222913697 -0.152875288
0.968316455 0.214642955 -0.127638724
0.966181823 0.226510407 -0.123230352
0.968710811 0.229919912 -0.093467632
0.972822998 0.221315564 -0.068079634
0.970362994 0.233124506 -0.063628801
0.982668835 0.071480330 -0.171033690
0.989087461 0.018982022 -0.146101599
0.988826017 0.053905947 -0.138986535
0.982719199 0.001653527 -0.185095222
0.985844032 -0.050993050 -0.159722426
0.988084249 -0.016048035 -0.153075075
0.992116401 -0.033663168 -0.120713871
0.991740194 -0.086175746 -0.095000674
0.994778656 -0.051214841 -0.088274947
0.960185980 -0.248651984 -0.127338427
0.963073683 -0.215645273 -0.161202351
0.948170498 -0.285995051 -0.138490209
0.979532485 -0.105811840 -0.171230734
0.976315950 -0.071696338 -0.204124473
0.972481683 -0.144025436 -0.183128509
0.963781461 -0.182111002 -0.194835516
0.962381850 -0.148100914 -0.227787828
0.953545429 -0.219828302 -0.205977260
0.969784027 0.185007829 -0.159031580
0.979572459 0.154062245 -0.129238628
0.975316087 0.180228489 -0.127578297
0.977798357 0.132622135 -0.162239770
0.986019799 0.101366396 -0.132249042
0.983143454 0.127733409 -0.130817144
0.987465241 0.122763749 -0.099204133
0.993435098 0.091228753 -0.069021882
0.990754016 0.117668186 -0.067532792
0.984348116 -0.140825519 -0.105957344
0.984692245 -0.158159466 -0.073258220
0.982604741 -0.123379924 -0.138799557
0.973793355 -0.195111866 -0.116866851
0.959468768 -0.265604600 -0.094201271
0.996180843 0.043831805 -0.075514909
0.998295899 0.038634733 -0.043733923
0.993014547 0.048904067 -0.107380170
0.996625519 -0.003745150 -0.081997243
0.996825233 -0.056282926 -0.056317725
0.948539308 0.268782168 -0.167419616
0.951003617 0.256998308 -0.171883655
0.931145684 0.288813313 -0.222608592
0.933640259 0.277020760 -0.227102104
0.942762741 0.267136293 -0.199591120
0.953312584 0.245153158 -0.176337874
0.955460161 0.233289437 -0.180753752
0.941093760 0.230934225 -0.247005910
0.939117773 0.243794128 -0.242120285
0.944502604 0.205040628 -0.256657693
0.942886166 0.217992104 -0.251883147
0.957379679 0.185506659 -0.221385254
0.970803815 0.139530287 -0.195118556
0.969767571 0.152618920 -0.190416183
0.944818714 0.252810290 -0.208337600
0.955238392 0.230809203 -0.185058712
0.920776446 0.295920904 -0.254168358
0.933326555 0.274525860 -0.231380842
0.932990794 0.272015125 -0.235660668
0.919991392 0.290886286 -0.262680429
0.932631634 0.269505447 -0.239927173
0.951351609 0.149093899 -0.269631462
0.949072172 0.170551544 -0.264904100
0.954511040 0.105913081 -0.278731221
0.953151346 0.127512292 -0.274304808
0.965799854 0.081362304 -0.246192643
0.975076990 0.013202487 -0.221473604
0.975465364 0.034968405 -0.217358079
0.973615628 0.104812755 -0.202699028
0.962389600 0.137842892 -0.234105946
0.975155269 0.069889595 -0.210208575
0.018481492 -0.904472752 0.426130820
0.018021110 -0.908037040 0.418502059
0.024173062 -0.900769608 0.433624004
0.006167625 -0.918398896 0.395607670
0.005704124 -0.921700165 0.387861145
0.011864140 -0.915014699 0.403246009
0.017560184 -0.911536949 0.410843074
0.017096529 -0.914971831 0.403155376
0.023252953 -0.907965793 0.418398636
0.010112299 -0.899980202 0.435813467
0.015993412 -0.900123393 0.435341347
0.018566123 -0.907730973 0.419141718
0.024447102 -0.907821281 0.418644073
0.020221267 -0.904018746 0.427014293
0.021874874 -0.900235289 0.434853900
0.027754618 -0.900316035 0.434350917
0.020235760 -0.914254436 0.404634822
0.021640160 -0.912135914 0.409316232
0.018576183 -0.917771479 0.396674222
0.026353793 -0.902571436 0.429732802
0.024699852 -0.906317043 0.421875971
0.023044009 -0.909991512 0.413986016
0.021386255 -0.913594545 0.406063586
-0.002735789 -0.986387662 0.164413792
-0.000640537 -0.989843741 0.142158213
-0.003617537 -0.989670913 0.143312239
0.003216679 -0.986767323 0.162110773
0.005316063 -0.990159092 0.139845316
0.002339231 -0.990006459 0.141002619
0.001457803 -0.992793381 0.119829785
0.003555548 -0.995235008 0.097440429
0.000575860 -0.995126724 0.098602592
0.381799279 -0.916889852 -0.116371431
0.347938438 -0.931921783 -0.102277236
0.416872843 -0.900510345 -0.123685694
0.383607721 -0.916952070 -0.109745236
0.365846051 -0.924616126 -0.106026819
0.313536046 -0.945489231 -0.088007167
0.278639883 -0.957571022 -0.073604034
0.125527061 -0.986640532 -0.103843238
0.107146208 -0.989207847 -0.099937612
0.102487674 -0.987995029 -0.115594548
0.084063167 -0.990185347 -0.111652866
0.095612067 -0.989779378 -0.105806973
0.088723753 -0.991419407 -0.095998200
0.070271164 -0.993273802 -0.092027813
0.626346558 -0.745671469 -0.227297270
0.567935106 -0.799623357 -0.195069739
0.561523247 -0.798387891 -0.217413015
0.638606163 -0.747556203 -0.182597625
0.579826044 -0.800862669 -0.149735581
0.574107935 -0.800446168 -0.172296288
0.505410896 -0.847709950 -0.161082796
0.439237134 -0.889501582 -0.125927266
0.433214885 -0.888931236 -0.148748519
0.824043336 -0.540478580 -0.169810142
0.778843031 -0.598816655 -0.186606930
0.780373874 -0.590327125 -0.206229249
0.820246229 -0.556917508 -0.130533572
0.774617996 -0.615125853 -0.146925647
0.776910327 -0.607145603 -0.166687014
0.729136978 -0.653838901 -0.202123623
0.675296906 -0.705067341 -0.216458157
0.677244618 -0.696751903 -0.236382133
0.984263107 0.155788168 0.083403735
0.996322810 0.069606043 0.049958550
0.998080812 0.038037634 0.048865444
0.998697363 -0.048794410 0.014922538
0.999416064 0.010409087 0.032545086
0.999722389 -0.017197010 0.016106136
0.994431312 -0.103867759 -0.017828487
0.828288775 0.527740215 0.188223193
0.856828559 0.486763769 0.170017214
0.820564328 0.535131398 0.200769942
0.895119369 0.427754097 0.125649303
0.917393078 0.383503393 0.106372401
0.889155130 0.436145948 0.138491397
0.882951731 0.444401230 0.151339975
0.906574486 0.400812397 0.132182165
0.876503092 0.452565292 0.164094443
0.913889790 0.377167529 0.150166930
0.936532788 0.324548458 0.132569357
0.914043056 0.375052217 0.154470470
0.955587565 0.275010650 0.105931805
0.971510350 0.220265022 0.087469770
0.955711661 0.272894770 0.110198305
0.955813352 0.270761585 0.114494545
0.971661220 0.216015713 0.095977527
0.955893122 0.268635616 0.118757089
0.983686476 -0.176313458 -0.035699871
0.956489350 -0.281640197 -0.076203169
0.963416053 -0.265230016 -0.038503869
0.926542556 -0.368008861 -0.078028002
0.942492729 -0.325233962 -0.077008613
0.916377473 -0.383302469 -0.115462307
0.863928560 -0.479807770 -0.153009633
0.651689264 -0.739568601 -0.168343067
0.603132196 -0.781183872 -0.161193400
0.595190269 -0.788922930 -0.152804299
0.666244452 -0.722488058 -0.184741267
0.618638428 -0.765257173 -0.177954922
0.610938670 -0.773293650 -0.169619787
0.552058889 -0.819564362 -0.153444583
0.498706849 -0.854547765 -0.145050325
0.489946493 -0.861021896 -0.136358820
0.824131573 -0.553146243 -0.121804694
0.785958221 -0.603345795 -0.135068603
0.779069439 -0.614562919 -0.123948487
0.836090536 -0.529436438 -0.143699941
0.799004454 -0.580375305 -0.157341625
0.792600093 -0.591934602 -0.146282325
0.744507109 -0.651024785 -0.147905012
0.699978470 -0.695986204 -0.160104171
0.692107439 -0.706322569 -0.148646298
0.999092759 -0.041858201 0.007845396
0.993329430 -0.114879737 -0.009964371
0.995450241 -0.094317343 0.013529836
0.995776945 -0.083095596 -0.039030722
0.986155533 -0.155723424 -0.056986662
0.990229117 -0.135343692 -0.033591385
0.981914723 -0.187262685 -0.027859725
0.964926958 -0.258518434 -0.045652869
0.970867246 -0.238596080 -0.022106601
0.980570610 0.188816675 0.053193437
0.990925682 0.128194770 0.040402894
0.984226930 0.162214071 0.070597068
0.992680393 0.120561024 -0.007118820
0.998037756 0.059282288 -0.020155613
0.995535052 0.093856326 0.010047421
0.997376042 0.067018812 0.027377174
0.999883906 0.005663547 0.014145616
0.998196687 0.040198332 0.044581034
0.948650050 -0.311344103 -0.055927923
0.922567515 -0.378619312 -0.074273795
0.924650155 -0.376355961 -0.058122982
0.944664834 -0.315968548 -0.088160240
0.917628075 -0.382860977 -0.106659216
0.920224357 -0.380770365 -0.090559716
0.891360187 -0.443786139 -0.092362763
0.855225470 -0.506459485 -0.109946282
0.858228632 -0.504637026 -0.093728794
0.975393079 -0.209842124 -0.067635977
0.961543205 -0.263325317 -0.078066914
0.963366308 -0.260966684 -0.061820282
0.957644927 0.270354603 0.099119030
0.952314539 0.290444144 0.093483790
0.966984967 0.242708458 0.077670314
0.922293606 0.363944528 0.130072613
0.915175718 0.383441331 0.124202060
0.935025832 0.337408620 0.109005124
0.946537363 0.310424761 0.087769515
0.940321383 0.330241306 0.082075433
0.956808982 0.283014148 0.066479802
0.981032176 0.190076521 -0.038036642
0.981778591 0.189874420 -0.007648763
0.974518503 0.224170586 -0.007825371
0.991957327 0.120864827 -0.037581304
0.987842666 0.155281278 -0.007388695
0.981628368 0.189433313 0.022820322
0.973339407 0.223184505 0.052906282
0.860811438 -0.494363236 -0.120866285
0.921602505 -0.369938616 -0.117448895
0.893357138 -0.433184175 -0.119434059
0.866141126 -0.482098027 -0.131837178
0.871224170 -0.469697933 -0.142661475
0.613767335 -0.762880147 -0.203232723
0.555582727 -0.810108189 -0.187223277
0.483850557 -0.847003642 -0.220166914
0.419668083 -0.884917731 -0.201988390
0.489068007 -0.850090349 -0.195342988
0.494050966 -0.852630471 -0.170102681
0.429614136 -0.890079809 -0.152281408
-0.319964491 -0.938429539 0.130279413
-0.321356556 -0.936938595 0.137390077
-0.290404430 -0.947441563 0.134237669
-0.380849681 -0.914554623 0.136174013
-0.382187305 -0.912910095 0.143276038
-0.351963261 -0.925422800 0.140408348
-0.322732126 -0.935393838 0.144507240
-0.324092052 -0.933799381 0.151601645
-0.293189807 -0.944458587 0.148451048
-0.255256005 -0.954380502 0.154926526
-0.237516569 -0.957237040 0.165176055
-0.272888262 -0.951115076 0.144610197
-0.274278422 -0.949606227 0.151721329
-0.275650844 -0.948047015 0.158818983
-0.009523875 -0.998527030 0.053414096
-0.009692552 -0.996115427 0.087522057
-0.005227620 -0.997955251 0.063702346
-0.018444755 -0.994711379 0.101039910
-0.018598565 -0.990671724 0.134994922
-0.014154821 -0.993687013 0.111291331
-0.009852958 -0.992538983 0.121528950
-0.010008943 -0.987802113 0.155392426
-0.005556971 -0.991267385 0.131750108
-0.599426559 -0.796115775 -0.082990799
-0.159572721 -0.946533794 -0.280375325
-0.298197939 -0.934653782 -0.193649932
-0.349947905 -0.898592266 -0.264704368
0.125610766 -0.891009909 -0.436260561
-0.020390848 -0.927817294 -0.372477224
0.317871320 -0.851130003 -0.417774510
0.711536667 -0.536608435 -0.453615431
0.614773850 -0.668944466 -0.417811459
-0.427515906 -0.885085876 -0.183992234
-0.292800601 -0.917153809 -0.270364012
-0.658810184 -0.752304386 0.002693126
-0.550799173 -0.829528922 -0.092206505
-0.499601511 -0.860414583 -0.100424480
-0.565964481 -0.824259361 -0.016754479
-0.447258352 -0.887681436 -0.109460650
0.749033974 -0.624546503 -0.221110315
0.741494718 -0.617156978 -0.263254341
0.666723543 -0.707274638 -0.235036814
0.866959036 -0.420451553 -0.267586476
0.857192887 -0.411131646 -0.310146940
0.805328805 -0.517731025 -0.288790759
0.732370743 -0.608249957 -0.306047520
0.722292482 -0.598181915 -0.347090719
0.649801531 -0.690412337 -0.317944610
0.563524488 -0.745743881 -0.355395858
0.508380346 -0.798308490 -0.322882300
0.588880966 -0.738346421 -0.328730544
0.395287247 -0.853956357 -0.338388140
0.332847008 -0.893726679 -0.300774822
0.422623685 -0.850311516 -0.313623256
0.449632107 -0.845507753 -0.288006265
0.387655716 -0.886770790 -0.251715339
0.475877557 -0.839407466 -0.262556008
0.031337504 -0.799951270 0.599246132
0.030824327 -0.804668988 0.592922997
0.032357945 -0.790366132 0.611779651
0.031848657 -0.795183549 0.605531821
0.032877099 -0.790066472 0.612138928
0.034407878 -0.779971275 0.624868713
0.033903150 -0.784893380 0.618702641
0.017870805 -0.994389054 -0.104264296
0.000701351 -0.994907196 -0.100792751
0.002162409 -0.996508830 -0.083459429
0.014938417 -0.990205132 -0.138818733
-0.002244266 -0.990792516 -0.135370431
-0.000772642 -0.993000835 -0.118104808
-0.016481042 -0.995118654 -0.097299739
-0.033647782 -0.995024404 -0.093777729
-0.032167584 -0.996555994 -0.076429030
-0.042559922 -0.997662079 -0.053469895
-0.025401209 -0.998050083 -0.057015882
-0.028987610 -0.999473234 -0.014593619
-0.011808556 -0.999766037 -0.018122600
-0.018607576 -0.999120699 -0.037571084
-0.008218225 -0.998132125 -0.060536938
0.008953337 -0.997907519 -0.064034533
0.010402950 -0.921112092 0.389158441
0.016099682 -0.917759383 0.396810427
-0.000993034 -0.927534746 0.373735614
0.004704723 -0.924370599 0.381466723
0.003706043 -0.926995875 0.375053214
-0.002992416 -0.932621429 0.360843894
0.002706661 -0.929575577 0.368621650
0.007559077 -0.934493122 0.355900921
0.004923350 -0.934371057 0.356267440
0.008071093 -0.932763586 0.360398322
0.001263179 -0.937637457 0.347612434
-0.001372718 -0.937503069 0.347974297
0.001775337 -0.935950907 0.352126041
0.002287464 -0.934242357 0.356631443
-0.000348323 -0.934107055 0.356992840
0.002799652 -0.932511900 0.361128397
-0.007021581 -0.882271727 0.470688111
-0.009109638 -0.895682732 0.444600335
-0.002821906 -0.853173116 0.521620236
-0.004924805 -0.868097649 0.496369033
-0.003533166 -0.876516084 0.481359607
-0.000048700 -0.870620762 0.491954761
-0.002144985 -0.884673080 0.466206972
0.017012090 -0.998645626 -0.049168098
0.007408564 -0.999218555 -0.038825150
0.006630308 -0.999634434 -0.026211402
0.018559653 -0.997058858 -0.074358404
0.008180431 -0.998642838 -0.051435041
-0.002201645 -0.999592029 -0.028476805
-0.012579463 -0.999905748 -0.005500289
0.001019481 -0.999951974 -0.009747359
0.010625582 -0.999741480 -0.020101501
-0.008588047 -0.999962936 0.000609527
-0.004592877 -0.999966870 0.006720433
-0.000599536 -0.999917524 0.012829060
-0.208942118 -0.959370035 0.189610990
-0.222747085 -0.956696801 0.187389881
-0.208362839 -0.959155843 0.191324320
-0.237653354 -0.954205418 0.181694535
-0.251359887 -0.951123511 0.179394184
-0.237080527 -0.954019193 0.183412659
-0.236506989 -0.953829662 0.185130819
-0.250218809 -0.950769390 0.182833571
-0.235932514 -0.953637136 0.186847697
-0.212391607 -0.958616293 0.189590633
-0.226761479 -0.956093931 0.185643817
-0.247922979 -0.951612936 0.181568216
-0.262159993 -0.948556405 0.177518686
-0.244502836 -0.952488948 0.181612686
-0.241079554 -0.953353183 0.181654498
-0.255342647 -0.950394542 0.177624173
0.060933394 -0.692772597 0.718577240
0.064468305 -0.686592733 0.724178332
0.061836769 -0.685415079 0.725522145
0.066193630 -0.695099276 0.715859903
0.069730067 -0.688927085 0.721468772
0.067099761 -0.687763450 0.722827129
0.067998498 -0.680356539 0.729719936
0.071523010 -0.674064628 0.735201562
0.068890118 -0.672879542 0.736537354
0.059789332 -0.706840473 0.704841671
0.062418181 -0.707985051 0.703463672
0.054527729 -0.704529864 0.707576426
0.057157954 -0.705688531 0.706212903
0.053365157 -0.718369215 0.693612162
0.046925150 -0.729682042 0.682174572
0.049554730 -0.730809790 0.680779979
0.007667490 -0.985911685 0.167090872
0.008227941 -0.982422153 0.186491325
0.008719167 -0.982029262 0.188527199
0.006684447 -0.986603059 0.163002215
0.007244971 -0.983194549 0.182417073
0.007736305 -0.982810583 0.184454623
0.008784820 -0.978550588 0.205819276
0.009338318 -0.974298496 0.225067183
0.009829191 -0.973825102 0.227086014
0.010586424 -0.974843853 0.222637353
0.011268531 -0.968338855 0.249385007
0.010448545 -0.971114355 0.238385692
0.011125322 -0.964177430 0.265024734
0.011197089 -0.966289783 0.257213298
0.011941806 -0.961099647 0.275943586
0.012605905 -0.953131717 0.302292938
0.030686781 -0.674873307 0.737295287
0.030970700 -0.659766447 0.750832239
0.032793101 -0.670811028 0.740902947
0.033074628 -0.655630403 0.754357239
0.032023218 -0.657701212 0.752597920
0.031242597 -0.644388023 0.764060191
0.031501747 -0.628744433 0.776973666
0.031701570 -0.707693717 0.705807773
0.031124074 -0.725452649 0.687567994
0.032258372 -0.689475880 0.723589945
0.031201602 -0.691462427 0.721738299
0.030145861 -0.693443095 0.719880477
0.045003337 -0.982193660 -0.182401518
0.054459522 -0.983906550 -0.170182434
0.051113035 -0.984107539 -0.170058252
0.051697083 -0.981817162 -0.182653967
0.061151700 -0.983471248 -0.170425272
0.057806464 -0.983694337 -0.170305206
0.063903614 -0.985381520 -0.157922729
0.073332250 -0.986618315 -0.145625144
0.069988396 -0.986878140 -0.145510003
0.056949705 -0.985969608 -0.156909728
0.047503133 -0.984443004 -0.169160941
0.075798066 -0.988307972 -0.132295146
0.066382616 -0.987257992 -0.144620214
0.062774493 -0.987624261 -0.143727804
0.068587389 -0.989070867 -0.130516624
0.059166813 -0.987976532 -0.142834379
0.061940642 -0.981438241 -0.181500235
0.075770565 -0.983335313 -0.165258838
0.068879878 -0.983623308 -0.166555547
0.075726235 -0.980945087 -0.178919741
0.089543051 -0.982613828 -0.162641037
0.082660404 -0.982998438 -0.163955264
0.089568618 -0.984780925 -0.148942919
0.103325827 -0.985774631 -0.132559989
0.096452327 -0.986291144 -0.133890732
0.045859103 -0.987544824 -0.150506359
0.043412776 -0.990462520 -0.130764398
0.037034167 -0.989778969 -0.137717327
0.058611816 -0.988891167 -0.136597636
0.056159493 -0.991564055 -0.116819673
0.049791245 -0.991057558 -0.123797207
0.040952644 -0.992979961 -0.110967017
0.038477974 -0.995095668 -0.091126595
0.032105971 -0.994657417 -0.098111307
0.236327263 -0.969773391 -0.060737097
0.236349930 -0.968293836 -0.080905855
0.268084506 -0.962214726 -0.047681427
0.171729464 -0.976953160 -0.126773479
0.171484880 -0.974180961 -0.146848191
0.204123556 -0.972284755 -0.113999686
0.236291837 -0.966409874 -0.101084731
0.236094889 -0.964144570 -0.121179417
0.268126224 -0.959356003 -0.088002201
0.338928296 -0.939922148 -0.040914139
0.338635144 -0.940690861 -0.020662616
0.470135653 -0.877571367 0.094026395
0.468651496 -0.875943840 0.114403512
0.405671079 -0.912804615 0.047103201
0.338066000 -0.941122387 -0.000179155
0.337550821 -0.941093065 0.020081992
0.030177452 -0.992755358 -0.116301848
0.032635137 -0.990159230 -0.136086907
0.025223422 -0.996742928 -0.076598397
0.027707846 -0.994950250 -0.096469043
0.023305489 -0.995221042 -0.094825799
0.016424874 -0.997174636 -0.073300540
0.018905956 -0.995469761 -0.093180034
0.013254313 -0.994411453 -0.104738649
0.007913175 -0.996342856 -0.085078170
0.008321917 -0.995336278 -0.096106394
0.012436320 -0.996497751 -0.082689596
0.007092581 -0.997988875 -0.062991273
0.007504348 -0.997227112 -0.074038995
0.002569610 -0.997857028 -0.065381558
-0.002773900 -0.998953300 -0.045657522
-0.002364253 -0.998387464 -0.056717560
0.010628548 -0.985145323 -0.171393482
0.020428950 -0.985433092 -0.168832106
0.010083082 -0.986212016 -0.165179271
0.031316678 -0.983411009 -0.178667440
0.041113288 -0.983517870 -0.176074693
0.030773143 -0.984534931 -0.172464443
0.030228051 -0.985619652 -0.166253321
0.040023577 -0.985704786 -0.163658753
0.029681278 -0.986664702 -0.160036833
0.649308100 -0.751003201 0.119971595
0.652203346 -0.741035385 0.159678908
0.513933329 -0.856797939 0.042069293
0.838174325 -0.431725193 0.333282400
0.759197487 -0.591266888 0.272071025
0.652918274 -0.730176916 0.201343982
0.524908760 -0.842490969 0.121160062
0.621423524 0.493668978 0.608377962
0.477007324 0.670826039 0.567852479
0.783972308 0.051246301 0.618677005
0.722179784 0.275431522 0.634502826
0.470335881 0.538349582 0.699259527
0.314931320 0.572283577 0.757172220
0.165031459 0.733798451 0.659017793
0.241886695 0.898722838 0.365770538
0.162276249 0.924010370 0.346224286
0.242019748 0.902806119 0.355482141
0.081375331 0.935124088 0.344849237
0.081394508 0.938845662 0.334579971
0.081452111 0.942499299 0.324130569
0.081471047 0.945993423 0.313781631
0.167693782 0.903641382 0.394095228
0.167272880 0.857492418 0.486545513
0.480644216 0.734436822 0.479148925
0.329533029 0.777124486 0.536176758
0.165646997 0.798616130 0.578596015
0.133244656 -0.980531525 0.144235191
0.133235295 -0.989270807 0.059930181
0.389338004 -0.919683096 0.050979623
0.389029300 -0.920489003 -0.036826599
0.264701147 -0.964260012 0.011659007
0.133099711 -0.990710127 -0.027891044
0.133021649 -0.984715166 -0.112433464
0.325562791 0.853165180 0.407575815
0.405240404 0.798022804 0.446026702
0.247302837 0.881377470 0.402510947
0.124823188 -0.978527286 -0.164022934
0.090219355 -0.980185520 -0.176342891
0.104301018 -0.979589561 -0.171830116
0.096705675 -0.980141078 -0.173122729
0.061999736 -0.980733377 -0.185251387
0.076117686 -0.980566946 -0.180816377
0.055493304 -0.980518728 -0.188423772
0.020692085 -0.979526413 -0.200249456
0.034841962 -0.979996780 -0.195939657
0.020703507 -0.979134771 -0.202154558
0.020709058 -0.978937648 -0.203106415
0.020697636 -0.979331142 -0.201201695
0.041361950 -0.980178370 -0.193751262
0.062006237 -0.980551939 -0.186207202
0.010487520 -0.978991345 -0.203631920
0.010534683 -0.981160058 -0.192909202
0.031270744 -0.981397549 -0.189422787
0.020928594 -0.982364073 -0.185803181
0.010581432 -0.983211763 -0.182161088
0.013838425 -0.978918549 -0.203781678
0.024231031 -0.980167082 -0.196685913
0.041316972 -0.980948307 -0.189824464
0.037968771 -0.981109069 -0.189692824
0.034619770 -0.981258904 -0.189558525
0.013798972 -0.978806627 -0.204321253
0.013812135 -0.978843963 -0.204141424
0.041303926 -0.980913912 -0.190004954
0.027567883 -0.980014469 -0.197006732
0.013825263 -0.978881280 -0.203961522
0.069611393 -0.981153071 -0.180257884
0.104289428 -0.980243171 -0.168068558
0.034838234 -0.980736513 -0.192203512
0.034831874 -0.981463838 -0.188455498
0.034828143 -0.982175038 -0.184713818
0.067788869 -0.988039671 -0.138500099
0.067801176 -0.986374079 -0.149897222
0.202092090 -0.972132823 -0.118813139
0.202171062 -0.970637908 -0.130341529
0.135311450 -0.980798286 -0.140447619
0.067835874 -0.984558224 -0.161379669
0.067848021 -0.982628730 -0.172735130
0.001231959 -0.999251648 0.038660407
0.001068618 -0.998880861 0.047285121
0.003163886 -0.998728094 0.050320814
-0.002958496 -0.999464585 0.032585142
-0.003122480 -0.999145546 0.041211994
-0.001027098 -0.999020012 0.044248856
0.000904764 -0.998435605 0.055906382
0.000740956 -0.997915919 0.064523397
0.002836613 -0.997711451 0.067556005
0.018021734 -0.899181012 0.437205585
0.019168330 -0.885769658 0.463729111
0.018977044 -0.889556906 0.456430041
0.020111557 -0.875577377 0.482659074
0.019641135 -0.880724504 0.473221485
0.020298039 -0.871574683 0.489842384
0.021409830 -0.856608648 0.515522302
0.022861649 -0.840825794 0.540822827
0.023981767 -0.823142407 0.567328347
0.024481719 -0.828860712 0.558919105
0.025586050 -0.810604843 0.585034309
0.024785810 -0.816921954 0.576215398
0.025078081 -0.804622289 0.593257163
0.026149198 -0.785284280 0.618582911
-0.001271022 -0.997969954 -0.063673825
-0.001028796 -0.998373643 -0.057000096
-0.001755933 -0.997028579 -0.077012526
-0.001513569 -0.997521587 -0.070344805
-0.004103941 -0.998144556 -0.060750328
-0.006936529 -0.998302588 -0.057825833
-0.006693643 -0.998668558 -0.051149838
0.003628282 -0.987943829 -0.154770237
0.003766510 -0.990902225 -0.134531013
0.010318378 -0.991619824 -0.128777542
0.010455156 -0.994045060 -0.108467086
0.007112848 -0.992564697 -0.121510206
0.003904138 -0.993446075 -0.114235078
0.004041882 -0.995574204 -0.093891787
0.013711027 -0.943288252 0.331691547
0.014775595 -0.933326875 0.358723607
0.014449158 -0.935352445 0.353421881
0.015503868 -0.924767622 0.380216354
0.015140696 -0.929109469 0.369494727
0.015827824 -0.922589815 0.385457537
0.016866859 -0.911085996 0.411871116
0.028476748 -0.795099892 0.605809571
0.026908418 -0.803559179 0.594616333
0.030040504 -0.786482111 0.616882045
0.030055687 -0.774689520 0.631627108
0.030060973 -0.762620805 0.646146923
0.031400019 -0.798460470 0.601227840
0.032938351 -0.788543595 0.614096136
0.031972246 -0.792165835 0.609467855
0.021973939 -0.862646967 0.505328958
0.020939739 -0.870275160 0.492120588
0.023003247 -0.854817156 0.518419213
0.023433511 -0.847164378 0.530813892
0.023859053 -0.839331685 0.543095819
0.001372059 -0.918243587 0.396013678
0.003878679 -0.910926993 0.412549354
0.001350658 -0.892858870 0.450334558
0.003867153 -0.898149144 0.439673926
0.006385801 -0.903306665 0.428947887
0.013315472 -0.833413698 0.552489190
0.014669550 -0.840237235 0.542020473
0.010601588 -0.819372501 0.573163424
0.011958526 -0.826458362 0.562870829
0.014668193 -0.821649231 0.569804690
0.016013326 -0.809523277 0.586869353
0.017375575 -0.816775649 0.576693705
0.017408190 -0.832028792 0.554459235
0.018759234 -0.820218096 0.571743269
0.020143282 -0.823629250 0.566770772
0.014047631 -0.879792837 0.475149690
0.013565447 -0.891679351 0.452464269
0.014521104 -0.867328965 0.497523471
0.016201256 -0.870058300 0.492682528
0.017878525 -0.872758324 0.487825037
0.020180848 -0.754007155 0.656556124
0.027553303 -0.742740863 0.669011828
0.022785496 -0.749827159 0.661241297
0.058972610 -0.685008025 0.726144777
0.060404861 -0.685212346 0.725834205
0.063934193 -0.678973769 0.731373393
0.040647019 -0.718466409 0.694372982
0.047101742 -0.701982218 0.710635203
0.043877497 -0.710275599 0.702554865
0.038384557 -0.721158505 0.691705889
0.036121670 -0.723836606 0.689025248
-0.004170568 -0.801716438 0.597690019
-0.010178369 -0.813592813 0.581345969
0.001839742 -0.789483961 0.613768434
-0.000505959 -0.796985912 0.603997682
-0.002852657 -0.804362345 0.594132208
0.008282727 -0.785257522 0.619113900
0.003325644 -0.796656534 0.604423119
0.013237344 -0.773567768 0.633575316
0.010797729 -0.782150883 0.622995510
0.008355222 -0.790584045 0.612296544
-0.237359009 -0.964190577 -0.118309894
-0.237252134 -0.967020887 -0.092639245
-0.205476379 -0.971368296 -0.119260603
-0.299914883 -0.951770533 -0.064683197
-0.299468594 -0.953314803 -0.038851597
-0.268614878 -0.960997477 -0.065801944
-0.236986130 -0.969210201 -0.066851776
-0.236604918 -0.970737394 -0.041073399
-0.205147636 -0.976374013 -0.067883973
-0.082509987 -0.967722690 0.238127899
-0.083648288 -0.968973857 0.232578220
-0.090825453 -0.971259108 0.220014734
-0.068090578 -0.962373109 0.263062108
-0.069240010 -0.963780461 0.257552021
-0.076452202 -0.966480870 0.245091390
-0.084782800 -0.970192589 0.227020301
-0.085915132 -0.971378520 0.221455099
-0.093079334 -0.973506640 0.208856552
-0.036480342 -0.948636853 0.314256752
-0.024449325 -0.942175853 0.334225811
-0.036137140 -0.946386368 0.321009267
-0.013104460 -0.940098998 0.340649596
-0.001054471 -0.932825711 0.360326353
-0.012752351 -0.937655385 0.347332343
-0.012402884 -0.935163474 0.353999216
-0.000347011 -0.927604451 0.373563732
-0.012050613 -0.932624763 0.360646411
0.009053067 -0.968657973 0.248233304
0.009408046 -0.962319316 0.271759128
0.010734416 -0.962863452 0.269775360
0.006401892 -0.967648212 0.252222033
0.006753805 -0.961213705 0.275721961
0.008080144 -0.961769395 0.273741378
0.009755963 -0.955409244 0.295123699
0.010097952 -0.947931905 0.318312952
0.011426764 -0.948570974 0.316358240
0.011852829 -0.954025431 0.299491215
0.011505449 -0.961043138 0.276158850
0.012192953 -0.946441247 0.322645777
0.012959617 -0.944269256 0.328918867
0.013724901 -0.942055102 0.335177284
0.016576838 -0.913740510 0.405959960
0.015994110 -0.920619665 0.390132825
0.017154541 -0.906588913 0.421666059
0.017734893 -0.902000272 0.431371050
0.018313062 -0.897307379 0.441026189
0.024137547 -0.846980096 0.531076356
0.022354485 -0.851264714 0.524260110
0.023246022 -0.849129618 0.527672733
0.025562776 -0.837127598 0.546410037
0.026979545 -0.826995320 0.561561078
-0.502613500 -0.837479772 0.214493129
-0.509757953 -0.832268720 0.217888977
-0.488190859 -0.847676047 0.207641527
-0.495424604 -0.842615765 0.211076135
-0.519504398 -0.826022118 0.218638148
-0.536169695 -0.814206184 0.222688905
-0.543109952 -0.808674850 0.226001256
-0.550432923 -0.803750548 0.225850956
-0.525739479 -0.821055465 0.222409358
-0.545295392 -0.806138256 0.229769553
-0.050194117 -0.936693167 0.346534935
-0.047649533 -0.930371692 0.363507959
-0.044299393 -0.911947505 0.407908460
-0.044699321 -0.917946332 0.394178262
-0.045088064 -0.923739039 0.380359376
-0.047837931 -0.930213572 0.363887679
-0.045464363 -0.923409693 0.381113540
-0.044887098 -0.917776158 0.394553003
-0.026164897 -0.853347553 0.520685463
-0.023428111 -0.844815335 0.534544828
-0.024797442 -0.849110343 0.527633124
-0.021609539 -0.840550060 0.541302711
-0.017041071 -0.827240162 0.561589989
-0.032071530 -0.883562550 0.467213696
-0.020921336 -0.875167006 0.483368399
-0.026495633 -0.879415107 0.475317842
-0.028405036 -0.872402425 0.487962255
-0.024720610 -0.860746940 0.508432490
-0.002123329 -0.911024340 0.412347116
-0.005620552 -0.903503112 0.428544671
-0.002133248 -0.898252326 0.439474922
0.005831397 -0.952504778 0.304467802
0.004904818 -0.942935594 0.332939046
0.007503763 -0.945465133 0.325636877
-0.004631710 -0.974538372 0.224172942
-0.003015888 -0.982186563 0.187884167
-0.006237208 -0.965547004 0.260153954
-0.001923929 -0.969213136 0.246215750
0.002379638 -0.972660042 0.232221403
-0.036703740 -0.908059509 0.417229869
-0.033998977 -0.895032259 0.444703637
-0.033151211 -0.905425966 0.423207772
-0.037495119 -0.956595221 0.288997750
-0.036428938 -0.966330908 0.254710636
-0.038508068 -0.945643183 0.322918099
-0.034995480 -0.954726078 0.295420773
-0.031459953 -0.962996405 0.267671806
-0.016426794 -0.930576463 0.365728870
-0.024710207 -0.909904110 0.414082016
-0.020580348 -0.920566373 0.390043590
-0.016534753 -0.917808579 0.396678730
-0.016631335 -0.904012272 0.427182878
-0.024466618 -0.986401730 0.162520801
-0.020164189 -0.984770071 0.172688482
-0.027510249 -0.971057513 0.237256175
-0.021690366 -0.977432312 0.210132346
-0.015849195 -0.983015526 0.182836752
-0.026939979 -0.987405938 0.155896605
-0.028485772 -0.980695501 0.193455149
-0.034954280 -0.975401289 0.217647704
-0.032477682 -0.974002876 0.224195444
-0.029991433 -0.972554987 0.230732118
0.935395947 -0.283493232 -0.211343347
0.608787112 -0.769981829 -0.191066047
0.864250219 -0.357027178 -0.354405352
0.282719692 -0.956305619 0.074492545
-0.296495426 -0.939050529 0.173995879
0.189913499 -0.981143801 0.035912453
0.069066332 -0.993281208 -0.092856252
-0.468460713 -0.877745593 0.100534743
-0.026403856 -0.989439817 -0.142519068
-0.618478287 -0.785255630 0.029295103
-0.571368490 -0.820458211 0.019656366
-0.706019095 -0.706534169 0.048440742
-0.663504158 -0.747165790 0.038800976
-0.667146576 -0.741128274 0.075128739
-0.711581590 -0.692238711 0.120238132
-0.669923411 -0.734068789 0.111110915
0.889298529 0.349994358 -0.294367246
0.978165562 0.007751888 -0.207682551
0.977060298 0.024050854 -0.211600404
0.902352166 0.319454595 -0.289325647
0.979498515 -0.024920297 -0.199904072
0.978943430 -0.008624607 -0.203949447
0.937337168 -0.335588460 -0.093698552
0.772270280 -0.634452343 0.032693107
0.782506301 -0.622019105 0.027858956
0.526993760 -0.836530275 0.149982252
0.788550452 -0.614380534 0.026921065
0.782765249 -0.621709868 0.027484636
0.542698007 -0.826592787 0.149074603
0.800086316 -0.599294343 0.026611601
0.794442923 -0.606729342 0.027201968
0.945469055 -0.310324914 -0.098927824
0.976728924 0.034977171 -0.211606252
0.976828887 0.025359162 -0.212514091
0.226259766 -0.946697486 0.229282331
-0.100375292 -0.956740756 0.273078607
0.251981528 -0.942678459 0.218775303
-0.463649029 -0.834925841 0.296527262
-0.723718049 -0.633539274 0.273605873
-0.439979603 -0.849027640 0.292523531
-0.416124121 -0.862796907 0.287092689
-0.686463907 -0.674729711 0.271121967
-0.391764888 -0.875546703 0.282733520
0.025842129 -0.750001852 0.660930712
0.027874934 -0.741889671 0.669942314
0.023805535 -0.758000683 0.651819193
0.026757772 -0.747575270 0.663637881
0.029703040 -0.736957658 0.675285969
0.000817765 -0.819654349 0.572857818
0.002071049 -0.808310110 0.588753325
0.004588741 -0.805366643 0.592759237
-0.021967129 -0.896854304 0.441780266
-0.019198411 -0.882956915 0.469061304
-0.017916621 -0.893730999 0.448245352
-0.012101453 -0.833458182 0.552450011
-0.011143069 -0.823652322 0.566985612
-0.007478557 -0.819183699 0.573482466
0.023415957 -0.840338613 0.541555822
0.024467517 -0.829059834 0.558624321
0.025724081 -0.828029568 0.560094016
-0.373660115 -0.910272545 0.178275105
-0.364190806 -0.914064573 0.178468523
-0.353431519 -0.919666069 0.171173840
-0.394864095 -0.898300937 0.192711630
-0.385485869 -0.902313270 0.192954416
-0.374875852 -0.908279772 0.185730856
-0.354682315 -0.917761291 0.178646771
-0.345138100 -0.921362369 0.178804578
-0.334295662 -0.926739910 0.171462971
-0.005509408 -0.797929145 0.602726079
-0.000703743 -0.789048254 0.614330821
0.001526578 -0.783209929 0.621755480
0.002814235 -0.781598521 0.623775466
0.004102056 -0.779980637 0.625790203
0.040532786 -0.728436230 0.683913556
0.045203873 -0.720573195 0.691903809
0.042245969 -0.737441764 0.674088216
0.046066009 -0.725144104 0.687054547
0.049869751 -0.712604047 0.699791741
-0.031183884 -0.992824271 0.115444928
-0.028670962 -0.993530098 0.109890495
-0.029491190 -0.994609297 0.099411352
-0.029530123 -0.990220355 0.136351096
-0.027846530 -0.992339987 0.120357475
-0.026155957 -0.994198518 0.104332029
-0.024459157 -0.995795429 0.088279180
-0.079039233 -0.968884161 0.234555500
-0.087352011 -0.972381667 0.216433638
-0.070693906 -0.964989690 0.252581214
-0.072145377 -0.966171709 0.247603056
-0.073595396 -0.967326291 0.242618144
0.016442836 -0.893363447 0.449033834
0.015003460 -0.892523951 0.450750367
0.017164888 -0.883274131 0.468542608
-0.019037467 -0.833082182 0.552821538
-0.014637491 -0.820939998 0.570826825
-0.015839572 -0.824103549 0.566217669
-0.012451314 -0.862734910 0.505503156
-0.003976105 -0.849683003 0.527278849
-0.014354323 -0.855311244 0.517915658
0.010629131 -0.812637852 0.582672071
0.013334659 -0.807665188 0.589490568
0.016084433 -0.788514653 0.614805606
0.016062978 -0.795625831 0.605575362
0.016039870 -0.802629083 0.596262759
0.011373173 -0.803502522 0.595192698
0.012114225 -0.794173666 0.607570107
0.014099930 -0.791354073 0.611195487
0.158782539 -0.985532640 -0.059274964
0.156038064 -0.985172826 -0.071320581
0.126462038 -0.987106273 -0.098125217
0.123639318 -0.986197412 -0.110127128
0.139881705 -0.986000555 -0.090752483
0.153271796 -0.984661878 -0.083359117
0.150476676 -0.984001707 -0.095380346
0.224470029 -0.974120895 -0.026489382
0.190147223 -0.979042363 -0.072938917
0.207392912 -0.976992469 -0.049738281
0.233360086 -0.971774809 -0.034594655
0.242199236 -0.969287230 -0.042682509
0.130021860 -0.987624085 -0.087709649
0.162266659 -0.985538550 -0.048819035
0.146192031 -0.986896571 -0.068286517
0.133564109 -0.988022417 -0.077280872
0.137094016 -0.988299978 -0.066845969
0.482641773 -0.864170229 0.142361284
0.419811815 -0.902551711 0.095699789
0.384898172 -0.916989806 0.104800253
0.369460792 -0.926074651 0.076710258
0.353726330 -0.934098232 0.048354686
0.555394880 -0.831405102 0.017380518
0.631997886 -0.774526564 -0.026215897
0.472526196 -0.879185018 0.061259272
0.520593455 -0.850001421 0.080498692
0.566552860 -0.818099641 0.098644995
0.725793257 0.540916015 0.425010604
0.672832480 0.587402952 0.449726834
0.673362781 0.606748644 0.422419990
0.743402230 -0.666135630 0.060136893
0.770611185 -0.637295799 -0.003530855
0.710972940 -0.691309043 0.128877017
0.830334087 -0.536715719 0.149938454
0.917137951 -0.363145097 0.164266909
0.010545172 -0.999550766 -0.028054689
0.013559146 -0.999317241 -0.034368597
0.007191784 -0.999818957 -0.017616221
0.023269794 -0.997833772 -0.061532751
0.026279311 -0.997350421 -0.067834624
0.019922365 -0.998494307 -0.051109856
0.016572671 -0.999034746 -0.040680751
0.019585038 -0.998703293 -0.046991043
0.013220638 -0.999455022 -0.030246884
-0.019057429 -0.996836402 0.077162183
-0.019536806 -0.994972183 0.098227634
-0.019297726 -0.995960001 0.087699905
-0.015925572 -0.998006838 0.061063299
-0.012790027 -0.998907454 0.044947892
-0.044231194 -0.998973051 -0.009820674
-0.037421507 -0.999253146 0.009632253
-0.057820019 -0.997138151 -0.048706806
-0.051038018 -0.998267547 -0.029274983
-0.059479414 -0.998216755 -0.005050771
-0.074699635 -0.997206039 -0.000284069
-0.067868890 -0.997510019 0.019172267
0.996278696 -0.053628776 0.067473807
0.987621350 -0.072747510 0.138967150
0.993897040 0.045308825 0.100577259
0.913184100 0.357352870 0.195943170
0.876014288 0.397894120 0.272542174
0.884233167 0.411421043 0.221053007
0.853136760 -0.490149592 -0.178636634
0.889057973 -0.452907377 -0.066714534
0.733544284 -0.668921454 -0.120236731
0.834424049 -0.550033607 -0.034634338
0.910289020 -0.410855968 0.050707736
0.812299615 -0.557885497 -0.170097348
0.774965664 -0.615021044 -0.145524345
0.833392689 -0.524423522 -0.174460873
0.907689677 0.387810432 0.160320050
0.931144153 0.335503392 0.142856711
0.901120583 0.400471832 0.166144534
0.956715938 0.286135749 -0.053112579
0.961596067 0.268563181 -0.056628804
0.960361295 0.277380308 -0.027682997
0.957053520 0.267882904 -0.110848139
0.961954759 0.259475089 -0.085531979
0.966150297 0.250873295 -0.060134787
0.969626881 0.242114585 -0.034702147
0.849674272 -0.472337968 -0.234415178
0.896455335 -0.363153205 -0.253944054
0.720249482 -0.668741328 -0.184460618
0.790609440 -0.574773786 -0.211120362
0.828942812 -0.522387162 -0.199913649
0.804615610 -0.570333350 -0.165268236
0.863501801 -0.467787289 -0.188519740
0.980007434 0.187003801 -0.067933853
0.978101601 0.183698546 -0.097837117
0.985992687 0.152398743 -0.067771997
0.938288635 0.168179003 -0.302208967
0.945840185 0.119649456 -0.301778647
0.946598060 0.103212359 -0.305449376
0.934456289 0.200687447 -0.294136009
0.943528549 0.152415392 -0.294148644
0.944821655 0.136052313 -0.297996323
0.951118228 0.070831038 -0.300594545
0.954099633 0.021843087 -0.298691765
0.953322725 0.005306521 -0.301906646
0.002941477 -0.982622712 0.185590821
0.005918609 -0.982825637 0.184441689
-0.000038892 -0.982409669 0.186738431
0.002661397 -0.977919344 0.208965724
0.005360132 -0.972919125 0.231083632
0.199300613 -0.969041629 -0.145731212
0.174852689 -0.975723499 -0.131871871
0.210690951 -0.967515985 -0.139721660
0.127257900 -0.983349771 -0.129725302
0.138763737 -0.982553365 -0.123828552
0.150255304 -0.981592600 -0.117895342
0.161716170 -0.980465035 -0.111965156
0.527617616 -0.837592468 -0.141628065
0.473224173 -0.870854134 -0.132935922
0.456319745 -0.880348802 -0.129453766
0.732275070 -0.662081682 -0.159439859
0.686844776 -0.706333525 -0.171281070
0.681256125 -0.705868212 -0.194010721
0.992553237 -0.121777571 -0.002880162
0.980769273 -0.194066605 -0.020731279
0.988631254 -0.149109823 -0.019352118
0.938861276 0.322137571 0.121519090
0.891410943 0.422122669 0.164921143
0.916756781 0.372784852 0.143486787
0.919558082 0.368384063 0.136770300
0.897732398 0.413607634 0.151674869
0.984261601 0.160079951 0.074856596
0.993129868 0.099253302 0.061982636
0.984272800 0.157931953 0.079148938
0.896023498 -0.433501974 -0.096010048
0.860502882 -0.496644644 -0.113485183
0.862416379 -0.488307705 -0.133392562
0.999577234 0.011833387 -0.026557925
0.998822614 -0.035689002 -0.032858499
0.999843717 -0.015026292 -0.009314106
0.932504808 0.355420725 0.064116227
0.939666709 0.337480967 0.055973863
0.930202704 0.356990082 0.085328839
0.948915995 0.315484526 0.005286516
0.954841057 0.297102902 -0.002901893
0.947884435 0.317506538 0.026546106
0.946420949 0.319377077 0.047808680
0.952752391 0.301154908 0.039605589
0.944517918 0.321123679 0.069032491
0.372219737 -0.896583706 -0.239979429
0.328035159 -0.918197836 -0.222048800
0.370845898 -0.904835152 -0.209157041
0.285753894 -0.920923262 -0.265037842
0.240249138 -0.938961213 -0.246236050
0.284420570 -0.929585790 -0.234467906
0.282861923 -0.937319919 -0.203520272
0.236939323 -0.953832489 -0.184562563
0.281042980 -0.944065729 -0.172495628
-0.438921831 -0.877582184 0.192865591
-0.425790184 -0.887209974 0.177654667
-0.450643884 -0.873381672 0.184728299
-0.388611470 -0.903957025 0.178445572
-0.375008541 -0.912573223 0.163029775
-0.400566477 -0.900279593 0.170420514
-0.412442863 -0.896400657 0.162347612
-0.398885102 -0.905145364 0.146978043
-0.424222497 -0.892322849 0.154256949
0.451185724 -0.804876836 -0.385492830
0.340101381 -0.853541397 -0.394712723
0.542199374 -0.750265835 -0.378313384
0.015399461 -0.925211509 -0.379139182
-0.105609006 -0.924266804 -0.366848215
0.120370898 -0.912563966 -0.390816908
0.223963001 -0.889520357 -0.398238758
0.104551358 -0.912468106 -0.395564116
0.325060545 -0.856539246 -0.400844313
-0.192964271 -0.922781755 -0.333524545
-0.088824319 -0.931174273 -0.353588340
-0.159628128 -0.937985578 -0.307736765
-0.054962944 -0.943669935 -0.326291479
-0.071882650 -0.937730660 -0.339844220
0.016433043 -0.929146454 -0.369346479
0.121450455 -0.916619948 -0.380864357
0.001593624 -0.857428629 0.514600435
0.000204205 -0.848447276 0.529279868
0.003233686 -0.843645043 0.536891594
0.059275371 -0.993878033 -0.093235642
0.052359982 -0.995140004 -0.083395466
0.073074756 -0.990917910 -0.112879475
0.066180037 -0.992470415 -0.103066381
0.048270248 -0.994359986 -0.094436226
0.037261521 -0.994719914 -0.095623591
0.030343532 -0.995853066 -0.085766786
0.012980693 -0.949566529 0.313296837
0.012245373 -0.955485571 0.294783605
0.013353668 -0.945874159 0.324258776
0.027713553 -0.764463275 0.644071317
0.028557604 -0.741670881 0.670155779
0.030301560 -0.748860975 0.662034029
0.029844181 -0.733614287 0.678910453
0.029368950 -0.717987977 0.695435640
0.046408403 -0.986550419 -0.156730761
0.046957015 -0.985516380 -0.162949389
0.052790247 -0.987307638 -0.149789246
0.130282462 -0.984439830 -0.117918194
0.143715077 -0.983424320 -0.110555796
0.116814456 -0.985224155 -0.125250740
0.109964230 -0.983977071 -0.140345974
0.103081400 -0.982458957 -0.155398271
0.137468518 -0.982145271 -0.128425361
0.157676311 -0.981796257 -0.105897548
0.117136761 -0.981593467 -0.150841788
0.131174429 -0.980511479 -0.146254946
0.145173425 -0.979217257 -0.141627119
0.048206970 -0.980841674 -0.188747712
0.034462216 -0.980007950 -0.195950949
0.055108200 -0.980720853 -0.187482519
0.305521217 -0.580768423 0.754562671
0.284249779 -0.912240950 0.294989003
0.327180401 0.032847391 0.944390827
0.689120214 -0.256044151 0.677904656
0.744743368 -0.521061989 0.416955296
0.457904875 -0.888887517 0.014216425
0.450418100 -0.892451686 -0.025564116
0.464343623 -0.883987778 0.054319495
0.399320083 -0.916714201 -0.013362057
0.330527400 -0.940318335 -0.080951017
0.137102366 -0.978245209 -0.155689603
0.102538906 -0.981064314 -0.164312460
0.169740246 -0.975044096 -0.143098775
0.074969571 -0.985198387 -0.154154800
0.088752494 -0.986473875 -0.137812511
0.081044205 -0.986583190 -0.141723133
0.177932709 -0.978001562 -0.108871007
0.210298655 -0.974689519 -0.075860514
0.184060660 -0.978701830 -0.090908751
0.265865812 -0.959605655 -0.092045411
0.199882654 -0.974453884 -0.102403868
0.328248038 -0.942385662 -0.064517358
0.033029044 -0.988577616 -0.147048904
0.023232097 -0.988467696 -0.149639177
0.020120350 -0.991800857 -0.126199173
0.016776211 -0.990119665 -0.139217844
0.013429613 -0.988256424 -0.152213293
0.004217316 -0.994834345 0.101424063
0.003334625 -0.996776621 0.080157648
0.005977335 -0.989587530 0.143808181
0.005098448 -0.992437615 0.122644141
0.004879382 -0.994417298 0.105406022
0.005540915 -0.993983875 0.109386265
0.004658394 -0.996097542 0.088136182
0.021588186 -0.860767752 0.508539898
0.023045387 -0.845190900 0.533967463
0.022228666 -0.850950114 0.524775942
0.027188699 -0.790874705 0.611373843
0.028761253 -0.770285951 0.637049719
0.027456390 -0.777840804 0.627861315
0.016675013 -0.913744841 0.405946189
0.017833045 -0.902004865 0.431357400
0.017350926 -0.906597914 0.421638669
-0.082046953 -0.964298602 0.251786622
-0.084706114 -0.964137208 0.251523991
-0.089336211 -0.965133917 0.246039761
-0.072771670 -0.962127148 0.262708270
-0.075433134 -0.961991861 0.262452857
-0.080071729 -0.963089810 0.256995207
-0.087364828 -0.963968840 0.251259750
-0.090022762 -0.963793609 0.250993588
-0.094650185 -0.964764188 0.245502349
-0.000116500 -0.938331713 0.345736292
-0.000762364 -0.937328932 0.348444963
0.000529463 -0.938395683 0.345562239
-0.002700133 -0.936185156 0.351496890
-0.003345968 -0.935164178 0.354198765
-0.002054183 -0.936251759 0.351323816
-0.001408221 -0.936317939 0.351150585
-0.002054077 -0.935298747 0.353853126
-0.000762270 -0.936383698 0.350977191
-0.287345399 -0.944191134 0.161045720
-0.267548828 -0.948930105 0.167180385
-0.274813278 -0.947801513 0.161709477
-0.272847438 -0.946556226 0.172004612
-0.252952459 -0.950948173 0.178080388
-0.260261912 -0.949978692 0.172638991
-0.247631327 -0.953239846 0.173241222
-0.227602575 -0.957118365 0.179224728
-0.234959195 -0.956338100 0.173814887
-0.176714761 -0.965451510 0.191507899
-0.184358945 -0.964113345 0.191042504
-0.171591873 -0.965694170 0.194912798
-0.202186204 -0.961963508 0.183703427
-0.209791301 -0.960429775 0.183200048
-0.197092904 -0.962358439 0.187137976
-0.191992145 -0.962716827 0.190565807
-0.199613571 -0.961262278 0.190076973
-0.186883942 -0.963038889 0.193985798
0.005852192 -0.791505075 0.611134574
0.002065357 -0.793667807 0.608347883
0.005314113 -0.781001796 0.624506169
0.001795916 -0.788467316 0.615074033
-0.001722330 -0.795809139 0.605545083
0.026773667 -0.807806090 0.588839954
0.027476548 -0.811307197 0.583974033
0.029716076 -0.802303853 0.596175715
-0.112593092 -0.990152613 0.083190132
-0.120016390 -0.990256432 0.070627656
-0.120390752 -0.988928997 0.086749671
-0.111802149 -0.992425029 0.050919941
-0.119178439 -0.992132698 0.038330264
-0.119611509 -0.991324595 0.054485170
-0.127415037 -0.990149392 0.058048162
-0.134782517 -0.989831998 0.045456441
-0.135204985 -0.988900499 0.061606938
0.679936893 -0.676696702 -0.282431222
0.732328228 -0.635338553 -0.245031200
0.678777570 -0.687015041 -0.259367197
0.512010153 -0.836105753 -0.196908034
0.378403594 -0.916984644 -0.126292845
0.446862520 -0.879781433 -0.162168176
0.460285538 -0.870236423 -0.175572756
0.406620012 -0.900625034 -0.153410281
-0.006482032 -0.998464340 -0.055017680
-0.009071292 -0.998927067 -0.045413935
-0.001301328 -0.997241955 -0.074207744
-0.003891840 -0.997902619 -0.064615921
-0.006027194 -0.998617990 -0.052209031
-0.005572530 -0.998763528 -0.049400019
-0.008161813 -0.999174574 -0.039793901
-0.008412226 -0.999550088 -0.028789861
-0.005579699 -0.999481271 -0.031718389
-0.006175679 -0.999929896 0.010102635
-0.003341000 -0.999968690 0.007173309
-0.004461025 -0.999914712 -0.012274703
-0.002744466 -0.999395872 -0.034646190
0.000088541 -0.999293871 -0.037573286
0.096240023 -0.985159964 -0.142118626
0.076901422 -0.985560384 -0.150853907
0.071611860 -0.988900622 -0.130181802
0.106700530 -0.977255963 -0.183264235
0.087340408 -0.977499852 -0.192004407
0.082143941 -0.981757476 -0.171477784
0.057517000 -0.985513930 -0.159543373
0.038125553 -0.985022839 -0.168156026
0.032865102 -0.988518498 -0.147482419
0.075113375 -0.989555463 -0.123036445
0.071507607 -0.989932771 -0.122146512
0.078718651 -0.989164296 -0.123924851
0.081632497 -0.989942246 -0.115544300
0.084539806 -0.990641643 -0.107154822
0.010570815 -0.896273979 0.443374800
0.014799386 -0.900263601 0.435093585
0.019944390 -0.896828430 0.441928714
0.019486810 -0.900526687 0.434363845
0.019027113 -0.904161061 0.426767788
0.938715296 -0.179586306 -0.294214806
0.933871169 -0.164416751 -0.317571679
0.904543343 -0.293850935 -0.308954639
0.951160047 0.085437207 -0.296639593
0.942218777 0.100999466 -0.319410212
0.946443089 -0.031916927 -0.321289261
0.928039885 -0.148959298 -0.341398739
0.921744027 -0.133390731 -0.364135773
0.896547522 -0.263861688 -0.355780199
0.880562399 -0.439207592 -0.178063337
0.897551189 -0.387136930 -0.211013888
0.936455154 -0.272840139 -0.220476762
0.943327919 -0.217030698 -0.251057987
0.924255367 -0.303278663 -0.231892364
0.910860337 -0.333439542 -0.243210851
0.920535956 -0.278335179 -0.274122384
0.757947195 -0.630516025 -0.167229156
0.713623627 -0.677952865 -0.176412111
0.706870863 -0.687045149 -0.168233605
0.875635764 0.452130681 0.169823015
0.879014332 0.447982245 0.163235146
0.868688380 0.460326666 0.182975023
0.872193817 0.456241143 0.176414186
0.851523416 0.489607685 0.187595806
0.825452081 0.525955236 0.204938898
0.829435753 0.522156253 0.198467074
0.958221442 0.283738911 0.036109544
0.963704654 0.263687914 0.041737551
0.969579486 0.244407875 -0.013431749
0.969613959 0.244052061 0.016951750
0.968750282 0.243477444 0.047345799
0.917300973 0.294833272 -0.267642048
0.916863283 0.292301480 -0.271885205
0.918108354 0.299875879 -0.259136079
0.917715941 0.297358402 -0.263392164
0.914566892 0.298766865 -0.272590830
0.911789551 0.302686030 -0.277526542
0.911329699 0.300146238 -0.281763049
0.950534382 0.224487928 -0.214684791
0.965608769 0.178799245 -0.188760524
0.960765616 0.204898620 -0.186938454
-0.268567914 -0.946023385 0.181413977
-0.302387125 -0.934941138 0.185599286
-0.283652523 -0.940144334 0.188864707
-0.306089216 -0.935793761 0.174926924
-0.339500454 -0.923444904 0.178854555
-0.321007374 -0.929374657 0.182255348
-0.335821240 -0.922658506 0.189539905
-0.368823305 -0.909192899 0.193229507
-0.350527665 -0.915651231 0.196756652
-0.587673338 -0.772568557 0.240370284
-0.587641334 -0.771735485 0.243109037
-0.559432025 -0.795553504 0.232659476
-0.641511762 -0.721631788 0.260211879
-0.641419159 -0.720726974 0.262933625
-0.614983183 -0.746780796 0.253207678
-0.587602211 -0.770895610 0.245852801
-0.587561022 -0.770049560 0.248587450
-0.559409984 -0.793942648 0.238150250
-0.003542109 -0.919896521 0.392145183
0.003799488 -0.914945682 0.403559120
0.002616275 -0.913191440 0.407522451
-0.001176232 -0.923266225 0.384158943
0.004984186 -0.916681676 0.399587115
0.011141854 -0.909804126 0.414888311
0.017295560 -0.902636089 0.430056919
0.050346909 -0.735126062 0.676058327
0.051928079 -0.743667024 0.666530444
0.051139426 -0.739412109 0.671308046
0.056794406 -0.723893005 0.687570588
0.063224158 -0.712442666 0.698876350
0.137733946 -0.975601400 -0.170971541
0.142897960 -0.971044406 -0.191449560
0.132518436 -0.979709270 -0.150361596
0.168626353 -0.972863430 -0.158435791
0.204466064 -0.964644961 -0.166294101
0.004594834 -0.999961555 -0.007468320
0.007610539 -0.999876016 -0.013785212
0.001997849 -0.999994412 0.002680560
-0.739753453 -0.614142580 0.274943122
-0.729083786 -0.627886197 0.272388980
-0.760402779 -0.586089768 0.279797067
-0.750194035 -0.600208956 0.277413265
-0.727285854 -0.629795165 0.272788082
-0.714523793 -0.645192656 0.270522060
-0.703343974 -0.658486137 0.267774647
-0.136048072 -0.950543285 0.279210290
0.217192174 -0.948884721 0.229009487
0.208014196 -0.951158488 0.228095650
0.006961371 -0.988976406 0.147909458
0.006252341 -0.991667476 0.128672164
0.006469211 -0.989284214 0.145859156
-0.452540159 -0.887374371 0.088171026
-0.451659124 -0.885927854 0.105526650
-0.413672098 -0.906261446 0.086980381
-0.525723197 -0.841471263 0.124664483
-0.524536463 -0.839460692 0.142011424
-0.488647123 -0.863638483 0.123905446
-0.450635515 -0.884205599 0.122914976
-0.449502971 -0.882207864 0.140201154
-0.411810872 -0.903115639 0.121630375
-0.058585014 -0.957545049 0.282268091
-0.070353674 -0.960818131 0.268102368
-0.059944595 -0.956097508 0.286852228
-0.079360876 -0.966371170 0.244598883
-0.080729561 -0.965075452 0.249223013
-0.082098450 -0.963755035 0.253842622
-0.083462343 -0.962411216 0.258454423
0.005114510 -0.996035241 -0.088812388
-0.000228881 -0.997608285 -0.069120599
0.001906174 -0.996670472 -0.081512803
0.021065289 -0.814882312 0.579243534
0.013892895 -0.825178540 0.564701128
0.015958530 -0.820181492 0.571880797
0.016935165 -0.824957511 0.564940975
0.009758443 -0.834972340 0.550205383
0.011826609 -0.830109071 0.557475616
0.006715847 -0.835170473 0.549950159
-0.000463225 -0.844854336 0.534996202
0.001604811 -0.840141426 0.542365014
0.826501796 0.526495275 0.199242330
0.823544500 0.530821884 0.200006461
0.852483510 0.490094355 0.181877401
0.810246482 0.543989823 0.218118572
0.833457283 0.512124732 0.207550514
0.794450293 0.561611622 0.231173350
0.966963499 -0.063752065 -0.246814233
0.960509113 -0.102025449 -0.258868791
0.971862492 -0.025264709 -0.234190077
0.964336867 0.021183422 -0.263828865
0.953872544 0.067519456 -0.292520585
0.933623048 -0.305845241 -0.186565518
0.906086659 -0.389437127 -0.165365323
0.928709144 -0.338237115 -0.151970325
-0.505041012 -0.851891239 0.138617793
-0.583269112 -0.806145302 0.099633808
-0.334781562 -0.917552005 0.214521850
-0.421773103 -0.889123541 0.177670420
-0.539756680 -0.822864167 0.177643712
-0.572319211 -0.791319081 0.215092616
-0.647628025 -0.741956715 0.173430605
-0.399175086 -0.897883085 0.185648100
-0.424346893 -0.884721797 0.192865383
-0.409658399 -0.891628586 0.192817169
-0.338918230 -0.924812573 0.172789289
-0.321839611 -0.931601274 0.168932919
-0.346025201 -0.923202151 0.167225440
-0.290211706 -0.940634885 0.176020392
-0.297440819 -0.939387781 0.170527287
-0.304646198 -0.938062212 0.165015091
-0.311826033 -0.936656635 0.159495684
-0.022549790 -0.949425107 0.313182811
-0.019365284 -0.947608869 0.318845443
-0.036703308 -0.953165656 0.300213425
-0.004308256 -0.941240096 0.337710704
-0.019184519 -0.947472899 0.319260177
-0.016763060 -0.945546950 0.325053787
-0.009154359 -0.945262240 0.326183223
-0.021603982 -0.949358339 0.313451769
-0.034048092 -0.953137039 0.300616886
-0.046480303 -0.956597601 0.287681441
0.037404793 -0.788095909 0.614414941
0.036740807 -0.803139528 0.594657053
0.037076016 -0.795679145 0.604582556
0.040253107 -0.781072535 0.623141542
0.043095255 -0.773944828 0.631784933
0.538778340 -0.819923703 -0.193501992
0.598604263 -0.782077446 -0.173285326
0.589938415 -0.771785703 -0.237317289
0.361381328 -0.925796067 -0.110928710
0.346826899 -0.932876725 -0.097222002
0.314522635 -0.946814911 -0.067948774
0.000852950 -0.999911820 0.013252311
0.000471056 -0.999925898 -0.012164527
-0.001245359 -0.999947071 0.010212900
0.286089244 -0.946782689 -0.147497407
0.331527427 -0.928696037 -0.166172305
0.385852835 -0.912718151 -0.134399279
0.381135703 -0.910676004 -0.159388810
0.376117400 -0.908037401 -0.184401140
0.208228443 -0.971274150 -0.115184377
0.232559437 -0.963994915 -0.128957012
0.183711829 -0.977747566 -0.101289984
0.205624558 -0.974432797 -0.090549792
0.227396278 -0.970528431 -0.079784067
-0.720399293 -0.638862411 0.269962366
-0.701918776 -0.659596530 0.268779557
-0.675652478 -0.689896839 0.259877049
-0.655864597 -0.709351098 0.258191111
-0.679292239 -0.684877436 0.263637919
-0.682895027 -0.679821205 0.267390188
-0.663345518 -0.699520978 0.265787745
0.882148179 0.365525940 -0.296993901
0.895196746 0.334086194 -0.294973219
0.881654982 0.366340982 -0.297453824
0.894964774 0.334499436 -0.295208707
0.907204247 0.302257885 -0.292610023
0.898947458 0.330929796 -0.287017313
0.908137465 0.311695509 -0.279521473
0.905266069 0.315581861 -0.284431773
0.012029857 -0.968014867 -0.250604270
-0.002092028 -0.973636634 -0.228094998
0.038759462 -0.967122440 -0.251340189
-0.069605249 -0.976689048 -0.203060616
-0.083658383 -0.980095837 -0.180037290
-0.042937617 -0.977965251 -0.204304502
-0.016211158 -0.978546834 -0.205385715
-0.030347653 -0.982723784 -0.182573228
0.010497527 -0.978418030 -0.206368505
0.598372031 -0.747828069 -0.287583192
0.542862115 -0.800253581 -0.254744835
0.606770130 -0.756050609 -0.245392513
-0.457578309 -0.864753918 0.206936589
-0.456532383 -0.864898504 0.208635474
-0.459664866 -0.864454938 0.203533465
-0.458622752 -0.864606348 0.205234097
-0.433501377 -0.877683481 0.204323919
-0.409097864 -0.889951444 0.201557351
-0.408032082 -0.890055810 0.203249784
-0.020533300 -0.996975927 0.074949218
-0.016603894 -0.997962521 0.061604528
-0.023052329 -0.996486058 0.080524067
-0.102090500 -0.965965721 0.237671528
-0.121456610 -0.966754614 0.225019572
-0.106086814 -0.966491850 0.233750062
-0.132814470 -0.966374585 0.220182829
-0.152077294 -0.966373925 0.207349787
-0.136788657 -0.966715172 0.216218960
-0.140757859 -0.967025503 0.212247265
-0.159984149 -0.966778077 0.199362036
-0.144723062 -0.967305014 0.208269646
-0.123483387 -0.966597717 0.224590086
-0.109133303 -0.966146475 0.233775345
-0.129773076 -0.967089496 0.218853502
-0.082086611 -0.963667403 0.254178924
-0.067653536 -0.962379191 0.263152600
-0.088422361 -0.964575995 0.248545038
-0.094751234 -0.965414672 0.242892393
-0.080342369 -0.964402098 0.251939869
-0.101073947 -0.966182834 0.237223076
0.033596219 -0.750623363 0.659875640
0.024313961 -0.764243691 0.644469094
0.033829556 -0.755778436 0.653952993
0.014566204 -0.767510746 0.640870565
0.005267533 -0.780594941 0.625015032
0.014791015 -0.772516276 0.634822675
0.015018107 -0.777475027 0.628734474
0.005712635 -0.790309684 0.612680968
0.015242298 -0.782384904 0.622608652
-0.134179106 -0.976213926 -0.170300728
-0.158097509 -0.977961590 -0.136368271
-0.134258367 -0.980313249 -0.144777847
-0.181795322 -0.971293363 -0.153426413
-0.181866379 -0.974973778 -0.127870058
-0.181774561 -0.978014953 -0.102199606
-0.181571448 -0.980398394 -0.076490514
0.016962777 -0.921185907 0.388752863
0.015556109 -0.923192453 0.384023050
0.019774775 -0.917094466 0.398179230
0.018369070 -0.919153229 0.393471623
0.015348171 -0.924529403 0.380801545
0.013732343 -0.927801698 0.372820911
0.012324185 -0.929721999 0.368055864
-0.196357175 -0.968412259 0.153693060
-0.179024983 -0.970319893 0.162571093
-0.196277988 -0.969647734 0.145802000
-0.161697400 -0.968943592 0.187088926
-0.144211084 -0.969979730 0.195812374
-0.161666037 -0.970430283 0.179246081
-0.161622020 -0.971856385 0.171386959
-0.144161751 -0.973019145 0.180141980
-0.161572278 -0.973218915 0.163521689
-0.008980360 -0.999949819 0.004439890
-0.003622355 -0.999830517 -0.018050377
-0.004045254 -0.999982826 -0.004240607
-0.008133015 -0.999698244 -0.023179175
-0.003199883 -0.999487304 -0.031857336
0.001736468 -0.999176747 -0.040531630
0.006670865 -0.998766574 -0.049201939
0.720813794 -0.584446585 -0.372625367
0.548329973 -0.727957998 -0.411596154
0.847811074 -0.366964739 -0.382822756
0.634644875 -0.636264030 -0.438627367
0.345344068 -0.830724461 -0.436616931
0.459578624 -0.807050670 -0.370751540
0.232885623 -0.893406583 -0.384173090
0.348743552 -0.856496024 -0.380516093
0.372224691 -0.855760190 -0.359337273
0.281054215 -0.895586184 -0.344867969
0.933087721 0.348150405 0.090214193
0.920434084 0.374725394 0.111274328
0.925442832 0.365910818 0.098309911
0.959372237 0.281752197 0.014852964
0.960083656 0.279639237 -0.006424273
0.965000238 0.262060983 -0.009928868
-0.075706105 -0.963333332 0.257405277
-0.069359754 -0.962298012 0.263005247
-0.071065867 -0.962213976 0.262857199
-0.526565170 -0.819887280 0.224753130
-0.543116860 -0.807895617 0.228754778
-0.543118378 -0.807109750 0.231508701
-0.468180739 -0.858372505 0.209769966
-0.461855563 -0.862116994 0.208431590
-0.465021420 -0.860250765 0.209102128
-0.446424239 -0.870701250 0.206360684
-0.424383391 -0.882475391 0.202819924
0.023631345 -0.852607257 0.522017649
0.026273047 -0.852153990 0.522631136
0.020988686 -0.853054122 0.521400172
0.021927345 -0.859229182 0.511120734
0.022862781 -0.865279843 0.500767497
0.027630517 -0.852471793 0.522042523
0.029032884 -0.845739726 0.532805224
0.026933079 -0.866195344 0.498979194
0.028345950 -0.859755794 0.509918112
0.028692186 -0.852824603 0.521408625
0.030431272 -0.838869708 0.543480957
0.031824307 -0.831862855 0.554068051
-0.040520023 -0.977732776 0.205904700
-0.037447992 -0.980139758 0.194740091
-0.037961797 -0.982839174 0.180516095
-0.039455466 -0.971397921 0.234156669
-0.036392837 -0.974124521 0.223062725
-0.036923713 -0.977234678 0.208923488
-0.034368108 -0.982409679 0.183548513
-0.031284878 -0.984542116 0.172331302
-0.031790691 -0.986919336 0.158049282
0.412540218 -0.878105241 0.242366982
0.658611284 -0.687192256 0.306590899
0.539657405 -0.823706865 0.174002547
-0.201638375 -0.940782211 -0.272526692
-0.152111023 -0.956090150 -0.250507209
-0.665832258 -0.745683078 0.024983015
0.809211122 -0.365980713 -0.459603610
0.442239415 -0.813409674 -0.377874321
-0.076845058 -0.983780674 -0.162081529
-0.588845183 -0.806704948 0.049884627
-0.551761142 -0.811639917 0.191834010
-0.585287085 -0.787600563 0.192676884
-0.582046196 -0.785828023 0.209037183
-0.557823151 -0.814586425 0.159004052
-0.591316744 -0.790459162 0.159746117
-0.588388337 -0.789144988 0.176208266
-0.617841544 -0.762213669 0.193137645
-0.649325797 -0.735543127 0.193267476
-0.646116494 -0.733865398 0.209702300
-0.031308929 -0.943230752 0.330659189
-0.043334653 -0.949539780 0.310638559
-0.007210883 -0.928960336 0.370109034
-0.019265332 -0.936369588 0.350486580
-0.026477213 -0.939955807 0.340267597
-0.021641276 -0.936562253 0.349832534
-0.033683736 -0.943383086 0.329990544
0.174792627 -0.983195434 -0.052671406
0.187289210 -0.980677281 -0.056522760
0.162245414 -0.984819096 -0.061707159
0.500511471 -0.855192124 0.134665131
0.899715435 -0.389750779 -0.196485283
0.742445292 -0.667790887 -0.053200760
0.146029848 -0.977760885 0.150528853
-0.219325543 -0.958670734 0.181236671
-0.066366666 -0.995041691 -0.074077654
-0.081977793 -0.995516143 -0.047193746
-0.064940139 -0.996827964 -0.046008567
-0.100395832 -0.992009069 -0.076411277
-0.116003880 -0.992014323 -0.049504375
-0.099018197 -0.993909634 -0.048363585
-0.097536467 -0.995025658 -0.020262712
-0.112999671 -0.993572627 0.006671565
-0.095976295 -0.995352761 0.007837867
0.003498732 -0.997430890 0.071549828
0.004160954 -0.997133904 0.075542467
0.003662739 -0.998010802 0.062936669
-0.001356830 -0.996209070 0.086980730
-0.003293990 -0.997151959 0.075346669
-0.003458581 -0.993992501 0.109393535
-0.029432401 -0.904384596 0.425702052
-0.023260983 -0.894192948 0.447077061
-0.041716026 -0.923137842 0.382199290
-0.035586553 -0.914034743 0.404071881
-0.033641926 -0.915242003 0.401497569
-0.037830189 -0.925438699 0.377004099
-0.031699909 -0.916438002 0.398919170
-0.117700913 -0.975307473 -0.186873830
-0.141638358 -0.973675075 -0.178592898
-0.093674701 -0.976317023 -0.195013131
-0.052976491 -0.974213581 -0.219320293
-0.012154831 -0.969919793 -0.243121072
0.028029990 -0.998454385 -0.047991255
0.028804533 -0.997746885 -0.060592508
0.051595714 -0.996154416 -0.070811457
0.040589511 -0.996578131 -0.072003610
0.029574793 -0.996879618 -0.073187149
-0.200878668 -0.963096393 0.179145469
-0.182392642 -0.965079134 0.188029756
-0.199903699 -0.963655884 0.177216952
-0.165776996 -0.965526899 0.200688302
-0.164803781 -0.966091678 0.198762632
-0.163828991 -0.966652119 0.196834301
-0.162854321 -0.967207268 0.194906567
-0.139960945 -0.987516652 0.072262001
-0.132552603 -0.987538871 0.084833866
-0.134514644 -0.983785470 0.118625287
-0.127021811 -0.983193154 0.131136122
-0.129824544 -0.985635942 0.108015636
-0.125113048 -0.987351053 0.097389030
-0.117653316 -0.986952066 0.109924140
-0.134805451 -0.979548080 0.149375532
-0.124388570 -0.977480058 0.170470584
-0.121279168 -0.979171903 0.162830425
-0.141027279 -0.976215879 0.164662882
-0.127493077 -0.975717681 0.178102560
-0.113906229 -0.974865583 0.191474453
-0.100280218 -0.973658462 0.204775676
-0.040669689 -0.949464558 0.311228259
-0.039273419 -0.949191529 0.312238754
-0.052337074 -0.953178164 0.297845964
-0.014502743 -0.940435989 0.339661333
-0.026194104 -0.944831252 0.326508458
-0.037876831 -0.948915669 0.313248142
-0.049547311 -0.952687822 0.299884942
-0.000317199 -0.934564226 0.355794331
0.006381634 -0.928998984 0.370027246
0.007032184 -0.933455838 0.358623405
0.010057771 -0.928407792 0.371426727
0.013079955 -0.923175179 0.384156874
0.025220828 -0.872527828 0.487913004
0.025934779 -0.878660305 0.476742547
0.027290863 -0.878947753 0.476136594
0.022508216 -0.871930280 0.489112427
0.024578185 -0.878370889 0.477347352
0.026644055 -0.884649695 0.465494374
0.028705040 -0.890765541 0.453555699
0.025927131 -0.859100472 0.511149845
0.024219430 -0.865587002 0.500172532
0.025576519 -0.865892174 0.499576404
0.019716489 -0.993145835 -0.115206819
0.026178561 -0.991728361 -0.125656443
0.019313118 -0.994368890 -0.104199391
0.014466835 -0.998198291 -0.058231283
0.010065991 -0.998347442 -0.056577917
0.018869478 -0.998027065 -0.059882554
0.012507559 -0.998990408 -0.043147712
0.006141410 -0.999632606 -0.026399556
0.032744656 -0.746227264 0.664885447
0.031888737 -0.741796680 0.669866251
0.023232210 -0.754823809 0.655516042
-0.166641717 -0.965833367 0.198485377
-0.158973287 -0.967035179 0.198923242
-0.181948095 -0.963254441 0.197574727
-0.174300263 -0.964573013 0.198036162
-0.161685536 -0.965936385 0.202051202
-0.156723317 -0.966003469 0.205609096
-0.149042164 -0.967128765 0.206030060
-0.195834236 -0.960965990 0.195431106
-0.223485070 -0.955804763 0.191027954
-0.209681010 -0.958482398 0.193249493
-0.183271270 -0.962605547 0.199504893
-0.170675745 -0.964074812 0.203542496
-0.310005168 -0.934841373 0.173113843
-0.319676465 -0.931595345 0.173023324
-0.280445995 -0.943586053 0.176055119
-0.304980635 -0.936227312 0.174542924
-0.329314494 -0.928252221 0.172915523
-0.119767471 -0.968975042 0.216201574
-0.107484084 -0.966257156 0.234081779
-0.131995172 -0.971229584 0.198217987
-0.132007778 -0.969599835 0.206034235
-0.132008443 -0.967909258 0.213835074
-0.073107487 -0.959611102 0.271664917
-0.062731478 -0.956533097 0.284796764
-0.061338023 -0.956316788 0.285824854
-0.110963959 -0.992753067 0.046134020
-0.110515984 -0.993422265 0.029973654
-0.111771790 -0.990635281 0.078414334
-0.111382399 -0.991824012 0.062282340
-0.110122654 -0.993057613 0.041347037
-0.109279110 -0.993338568 0.036559061
-0.108814673 -0.993852843 0.020393471
-0.000649857 -0.999932183 -0.011627820
0.004709054 -0.999406918 -0.034112110
0.002746695 -0.999815442 -0.019014119
-0.015195730 -0.997352190 0.071117503
-0.019655265 -0.995290874 0.094919684
-0.006254370 -0.999706605 0.023400565
-0.010726528 -0.998824403 0.047273180
-0.011932141 -0.999082551 0.041130040
-0.008654971 -0.999900874 0.011105534
-0.013134597 -0.999301494 0.034985790
0.976902774 0.024917882 -0.212226457
0.976986984 0.024492185 -0.211888097
0.942324633 -0.319802393 -0.098745710
-0.079150061 -0.961277958 0.263969610
-0.071845405 -0.960269085 0.269669285
-0.068253679 -0.958480828 0.276868086
-0.107397886 -0.965526263 0.237117544
-0.120120191 -0.966063171 0.228676821
-0.104744407 -0.965749529 0.237395149
0.034335532 -0.990888092 -0.130237707
0.035801194 -0.992956424 -0.112941638
0.053722897 -0.991125922 -0.121586417
-0.515550791 -0.852880955 0.082470952
-0.551217665 -0.828285895 0.100506526
-0.440880862 -0.896402970 0.045670346
-0.478684989 -0.875638986 0.064164228
-0.504276691 -0.862614215 0.040021679
-0.491932229 -0.870630261 -0.002372923
-0.529108641 -0.848404016 0.015958420
-0.101398866 -0.974702949 0.199179392
-0.103625176 -0.976693651 0.187966312
-0.102512977 -0.975714877 0.193575745
-0.111914599 -0.977603381 0.178232295
-0.122367493 -0.979958595 0.157185714
-0.222540437 -0.957654141 0.182686341
-0.235251903 -0.954714859 0.182143022
-0.217470142 -0.958153266 0.186142568
-0.198276795 -0.961996711 0.187746215
-0.199146268 -0.962371863 0.184881479
-0.215730456 -0.960298814 0.176880067
-0.164895190 -0.965080782 0.203540318
-0.182492842 -0.964114929 0.192817961
-0.200013069 -0.962738707 0.182013610
-0.217448793 -0.960952369 0.171133183
-0.029838119 -0.985529274 0.166858433
-0.032407044 -0.980797372 0.192318220
-0.028388918 -0.986483900 0.161380245
0.727756177 -0.680568542 -0.084837528
0.323274107 -0.943786242 0.069002764
0.921446495 0.257798487 -0.290648064
0.945463100 -0.242772125 -0.217166344
0.954786203 -0.201043132 -0.219009052
0.895127890 0.338221020 -0.290435194
0.961497207 -0.159493017 -0.223797003
-0.108547047 -0.966003545 0.234637358
-0.108015492 -0.966130567 0.234359511
-0.120292587 -0.967075699 0.224263876
-0.136476302 -0.990491060 0.017368910
-0.152134142 -0.988344980 -0.005422475
-0.158316378 -0.987039607 0.026243849
-0.123869257 -0.991234374 -0.045943690
-0.139351707 -0.987854084 -0.068741616
-0.145804415 -0.988617117 -0.037111565
-0.167686113 -0.985435932 -0.028238105
-0.183068768 -0.981775121 -0.051023900
-0.189432563 -0.981703237 -0.019340573
-0.255790276 -0.952561911 0.164915556
-0.235813784 -0.956646345 0.170937505
-0.236665976 -0.956946314 0.168056441
-0.015612414 -0.931254388 0.364035051
-0.022827438 -0.935012166 0.353880146
-0.008394365 -0.927338912 0.374128423
-0.009579014 -0.925698557 0.378140747
-0.010762515 -0.924039762 0.382144851
0.002266531 -0.936731505 0.350041356
0.004649460 -0.935106183 0.354337140
0.000974610 -0.935653055 0.352919835
-0.013856334 -0.941421934 0.336946204
-0.026943802 -0.946089976 0.322781334
-0.013208663 -0.942400081 0.334226897
-0.277444635 -0.959992096 0.037942715
-0.285004427 -0.958446378 0.012370027
-0.308671183 -0.950367444 0.039036160
-0.229317416 -0.973229217 -0.015440661
-0.260958364 -0.965243130 -0.014367766
-0.292362505 -0.956215542 -0.013266631
-0.323411551 -0.946180922 -0.012109172
-0.112128131 -0.981773843 -0.153451633
-0.098015756 -0.982918078 -0.155772151
-0.096117806 -0.978796034 -0.180885853
-0.115696840 -0.987938166 -0.102919492
-0.101581181 -0.989244574 -0.105244650
-0.099830225 -0.986403412 -0.130545912
-0.083863552 -0.983863432 -0.158049524
-0.069712209 -0.984604281 -0.160295408
-0.067829680 -0.980320573 -0.185393388
-0.658863149 -0.730416623 0.179974740
-0.685932596 -0.700719132 0.196186575
-0.601101762 -0.785641104 0.146440180
-0.630568100 -0.758748671 0.163353375
-0.668218308 -0.725081318 0.166557425
-0.677352307 -0.719541245 0.153147801
-0.704133646 -0.689566698 0.169391784
-0.120441654 -0.966985074 0.224574430
-0.139744866 -0.967269247 0.211805513
-0.134761536 -0.967197378 0.215333603
-0.001700432 -0.932758040 0.360499025
-0.002346458 -0.932689945 0.360671542
-0.001346766 -0.930169994 0.367126638
-0.189737353 -0.979925298 0.061205785
-0.219180054 -0.974214518 0.053536689
-0.213768388 -0.972919103 0.087928923
-0.200005092 -0.979764813 -0.007672943
-0.224377759 -0.974316422 0.019029751
-0.248464847 -0.967559113 0.045766613
-0.272152923 -0.959524024 0.072432267
-0.197552248 -0.966890363 0.161542982
-0.198737056 -0.965303693 0.169388204
-0.180254240 -0.967329233 0.178276648
-0.051332995 -0.954252631 0.294562115
-0.061756933 -0.959205853 0.275880793
-0.057686157 -0.957727709 0.281833181
-0.064925353 -0.960815269 0.269478603
-0.072150904 -0.963696602 0.257066345
-0.061492456 -0.959330177 0.275507330
-0.058690245 -0.955598328 0.288768577
-0.056945077 -0.953693928 0.295339042
-0.064961669 -0.962805793 0.262268919
-0.062171983 -0.959264111 0.275584849
-0.060432686 -0.957455073 0.282183757
-0.055876633 -0.951677590 0.301972790
-0.053051912 -0.947568772 0.315117307
-0.051295608 -0.945475912 0.321627206
-0.612357436 -0.750989634 0.247048459
-0.592513411 -0.770182079 0.236108921
-0.609895672 -0.754719473 0.241714267
-0.577410615 -0.781674057 0.235759730
-0.556741715 -0.799776204 0.224492062
-0.574790800 -0.785204153 0.230369213
-0.572145859 -0.788695887 0.224962027
-0.551272132 -0.806514055 0.213621430
-0.569471584 -0.792149301 0.219548629
0.034709959 -0.723486126 0.689465767
0.038845169 -0.716402552 0.696604936
0.031981942 -0.730834686 0.681804823
0.037484066 -0.720130415 0.692825469
0.042976041 -0.709234323 0.703661662
0.037787490 -0.719216616 0.693757570
0.036458288 -0.721490790 0.691463544
0.030574477 -0.736083788 0.676199570
0.029242252 -0.738293649 0.673845218
0.032852933 -0.729951061 0.682709406
0.035128560 -0.723756150 0.689161099
0.033798514 -0.726012698 0.686850219
-0.172780047 -0.965358614 0.195524428
-0.168840417 -0.965234841 0.199535999
-0.185545310 -0.963764576 0.191652757
0.077625283 -0.991668434 -0.102800933
0.063778268 -0.993520239 -0.094073737
0.070703568 -0.992628099 -0.098440152
0.071110295 -0.991351022 -0.110301751
0.064588999 -0.990935743 -0.117790550
0.014579312 -0.802899728 0.595935795
0.018877245 -0.806536368 0.590883015
0.005981154 -0.795488826 0.605938737
0.010280541 -0.799217139 0.600954470
0.010326956 -0.799608160 0.600433297
0.006074124 -0.796277283 0.604901309
0.010373399 -0.799998827 0.599911885
0.022480262 -0.780438104 0.624828779
0.029721123 -0.778443831 0.627010253
0.031779973 -0.767231093 0.640582924
-0.040981011 -0.929259468 0.367147652
-0.039036294 -0.930371315 0.364534475
-0.044869926 -0.927002736 0.372360871
-0.042926035 -0.928136553 0.369756533
-0.044127639 -0.932967110 0.357246586
-0.047268729 -0.936561197 0.347302162
-0.045321076 -0.937628508 0.344671989
0.100478298 -0.956094879 -0.275293830
0.164170268 -0.943096667 -0.289165697
0.116879296 -0.950376426 -0.288312120
0.194930619 -0.940926215 -0.276875263
0.257530075 -0.922064183 -0.288921969
0.211102419 -0.933659637 -0.289336224
0.227154075 -0.925934372 -0.301739233
0.289137992 -0.904698166 -0.312922434
0.243102788 -0.917791211 -0.313943192
-0.009741625 -0.999918264 0.008280475
-0.013020107 -0.999181194 0.038306893
-0.009514982 -0.999843318 0.014926624
-0.012904708 -0.999049851 0.041627670
-0.016285938 -0.997532000 0.068298439
0.017166541 -0.918931045 0.394044469
0.020231339 -0.913335855 0.406704203
0.017158688 -0.917137188 0.398202158
0.020222056 -0.911484636 0.410836739
0.020226653 -0.912412577 0.408771539
0.023291909 -0.907557099 0.419282243
0.026347767 -0.901595954 0.431776020
-0.394128591 -0.918056458 0.042836823
-0.420602328 -0.907049038 0.018860660
-0.352114522 -0.935894125 -0.010842079
-0.378571825 -0.924910231 -0.034991965
-0.399807146 -0.916563417 -0.008108558
-0.446494992 -0.894770566 -0.005277911
-0.471699145 -0.881270999 -0.029348653
-0.385823195 -0.918572068 0.085824349
-0.386564893 -0.919718678 0.068448056
-0.383951633 -0.915453356 0.120525088
-0.384944760 -0.917150993 0.103206529
-0.357596542 -0.930034446 0.084620575
-0.329054948 -0.940626141 0.083338488
-0.329815456 -0.941740521 0.065928412
0.005805677 -0.791106949 0.611650300
0.005759155 -0.790708485 0.612165765
0.005536805 -0.785879376 0.618355036
0.012562695 -0.808488693 0.588377610
0.014750207 -0.816808955 0.576719657
0.016815103 -0.811705379 0.583824999
-0.060194836 -0.960024984 0.273365344
-0.061852218 -0.962262771 0.264999364
-0.056865369 -0.955325761 0.290032790
-0.058532177 -0.957712619 0.281709998
-0.062283293 -0.964611193 0.256214829
-0.064352045 -0.968889152 0.238982478
-0.065990281 -0.970823265 0.230537354
-0.008061775 -0.897262206 0.441424446
-0.009549470 -0.905293688 0.424678874
-0.000257461 -0.894710195 0.446647064
-0.026627675 -0.917425017 0.397016756
-0.028099428 -0.924606478 0.379885881
-0.018833392 -0.915261600 0.402419566
-0.011032264 -0.913011796 0.407783951
-0.012517874 -0.920411835 0.390749736
-0.003236740 -0.910674468 0.413112014
-0.673083449 -0.733145077 0.097246933
-0.675280380 -0.725447163 0.133127090
-0.669949579 -0.739892036 0.061051922
-0.632078145 -0.771390571 0.073714350
-0.592681457 -0.800815162 0.086161284
0.155974821 -0.934064277 -0.321241003
0.092262819 -0.947094803 -0.307406908
0.219058113 -0.916863998 -0.333727363
0.194681989 -0.915022217 -0.353317514
0.170174262 -0.912353056 -0.372360876
0.916151685 0.263733169 -0.301845831
0.929492642 0.209555559 -0.303529071
0.880959262 0.369457620 -0.295654944
0.899955661 0.317089343 -0.299222588
0.899641818 0.319849059 -0.297222441
0.880030956 0.374863207 -0.291587194
0.899313851 0.322604509 -0.295230295
0.977529861 0.041087408 -0.206753951
0.977825301 0.044004245 -0.204746935
0.977050018 0.037898428 -0.209611476
0.949637779 -0.298207141 -0.096231955
0.802029145 -0.596564780 0.029320862
-0.036875058 -0.945431768 0.323726740
-0.041699843 -0.948492060 0.314044480
-0.052881114 -0.955064718 0.291641858
-0.049701570 -0.953274150 0.297990183
-0.046519349 -0.951432473 0.304322525
0.059454523 -0.992760652 -0.104362103
0.059856255 -0.991418778 -0.116215466
0.058624556 -0.995020034 -0.080611988
0.059044502 -0.993961130 -0.092493343
0.054307741 -0.994377102 -0.090911209
0.049150885 -0.995784643 -0.077441168
0.049570949 -0.994768041 -0.089326739
-0.484572068 -0.860407834 0.157760168
-0.446562000 -0.880919268 0.156727867
-0.521697898 -0.838277328 0.158500552
-0.518685762 -0.836862378 0.175004115
-0.515533743 -0.835219892 0.191396689
-0.044772162 -0.984050098 0.172165203
-0.051531171 -0.982757375 0.177573871
-0.047792711 -0.979216638 0.197105636
-0.052180969 -0.989759174 0.132868072
-0.058957518 -0.988633820 0.138301055
-0.055256478 -0.985896865 0.157968648
-0.058294106 -0.981389084 0.182967929
-0.065046420 -0.979946128 0.188346886
-0.061287433 -0.976239586 0.207846388
-0.046585842 -0.962294754 0.267989863
-0.050129450 -0.957281122 0.284780428
-0.043025567 -0.967000911 0.251113597
-0.043576507 -0.970514892 0.237069467
-0.044116152 -0.973825167 0.222976029
-0.047486795 -0.995150030 0.086147678
-0.054316038 -0.996479717 0.063858769
-0.030643664 -0.999018395 0.031987677
-0.045878987 -0.998270494 0.036757855
-0.061119252 -0.997266375 0.041523662
0.024947897 -0.890327194 0.454637316
0.024241754 -0.884474879 0.465957644
0.025651066 -0.896034580 0.443242658
0.022591122 -0.901175035 0.432866259
0.019529137 -0.906186161 0.422427811
-0.126066142 -0.968175180 -0.216203952
-0.190239640 -0.964567783 -0.182805556
0.003824917 -0.960033698 -0.279858300
-0.061207483 -0.966656259 -0.248655024
-0.110257812 -0.960994894 -0.253637593
-0.094138998 -0.952264375 -0.290396985
-0.158913400 -0.953052821 -0.257753470
0.021213661 -0.856193836 0.516219038
0.017654980 -0.848237707 0.529321352
0.019434931 -0.852242151 0.522786380
0.019683367 -0.853261593 0.521111522
0.018152411 -0.850299589 0.525985836
0.912670415 0.282448015 -0.295390982
0.924394765 0.241784380 -0.295016325
0.927073029 0.225701276 -0.299323458
0.871125282 -0.481918436 -0.094315234
0.375950308 -0.910079214 0.174405248
0.669460334 -0.740527318 0.058669864
0.503900896 -0.862024380 0.054752671
-0.009688910 -0.978738598 0.204882606
-0.337465178 -0.940472009 0.040368973
-0.344914186 -0.938518407 0.014744663
-0.365985798 -0.929688918 0.041628257
-0.292095025 -0.949864860 0.111522396
-0.323065415 -0.939403837 0.114669821
-0.298085994 -0.951159933 0.080246636
-0.326103808 -0.940135818 0.098999743
-0.353706985 -0.927926161 0.117662263
-0.003583375 -0.941806178 0.336137298
-0.001160212 -0.939742070 0.341882284
0.001988044 -0.938216300 0.346043671
-0.034771312 -0.991852488 -0.122554465
-0.050470561 -0.993533168 -0.101708242
-0.003324490 -0.986452750 -0.164011947
-0.019040573 -0.989491367 -0.143332797
-0.035857951 -0.987845831 -0.151244247
-0.036894510 -0.983012485 -0.179792241
-0.052642887 -0.985859838 -0.159088360
-0.641414094 -0.728079008 0.241844821
-0.546680942 -0.803279331 0.236394297
-0.665027230 -0.713571701 0.220350201
-0.559618608 -0.797450606 0.225609274
-0.443975662 -0.866781254 0.227103213
-0.622206948 -0.741358314 0.251488298
-0.631925310 -0.731571653 0.255877549
-0.605113234 -0.757180241 0.246000115
-0.189001611 -0.972583243 0.135499913
-0.206255502 -0.970278776 0.126561306
-0.154269711 -0.976078480 0.153204624
-0.171665920 -0.974517676 0.144381821
-0.181684109 -0.975358029 0.125170285
-0.174340335 -0.977967235 0.114828288
-0.191621117 -0.975738042 0.105908552
-0.161209795 -0.978794606 0.126382443
-0.171186065 -0.979395064 0.107147749
-0.151155618 -0.977734448 0.145558677
-0.148027667 -0.979322081 0.137898772
-0.144894517 -0.980839058 0.130231801
0.033847172 -0.983971873 -0.175082043
0.009186946 -0.986590772 -0.162954744
0.083063421 -0.976482939 -0.198951096
0.058479160 -0.980600821 -0.187088799
0.029564062 -0.982852297 -0.182009146
0.025284564 -0.981668264 -0.188912970
0.000628944 -0.984253651 -0.176760727
-0.276450973 -0.955976293 0.098408267
-0.279432810 -0.956591643 0.082763117
-0.273399987 -0.955116401 0.114039936
-0.254590030 -0.960006002 0.116500610
-0.235691422 -0.964524759 0.118918221
-0.065312650 -0.965593410 0.251721323
-0.067037620 -0.967186618 0.245063263
-0.063583839 -0.963952127 0.258366780
-0.065655264 -0.968266034 0.241143678
-0.067705935 -0.972270518 0.223843574
-0.091802326 -0.993281618 0.070455381
-0.092976780 -0.991154536 0.094699542
-0.089297515 -0.995765219 0.021853637
-0.090572734 -0.994819152 0.046167458
-0.096811631 -0.994325828 0.044086919
-0.101743586 -0.994653412 0.017687075
-0.103038811 -0.993790014 0.042004888
0.067665789 -0.964228340 -0.256290945
0.115244894 -0.959290220 -0.257838879
0.097175943 -0.970338314 -0.221360323
0.144652548 -0.964143574 -0.222492266
0.129985797 -0.961983971 -0.240188534
0.162595770 -0.952164428 -0.258738319
0.209543098 -0.942867972 -0.259020612
-0.221106824 -0.970285704 0.098272201
-0.250393505 -0.963899535 0.090558153
-0.228420836 -0.967484686 0.108615397
-0.184488597 -0.982718348 0.015119715
-0.173896568 -0.981179222 0.083948306
-0.179310928 -0.982542784 0.049570846
-0.168820304 -0.984917531 0.037909927
-0.153051245 -0.986353801 0.060675327
-0.046221180 -0.990325898 0.130836612
-0.049894793 -0.992555921 0.111100194
-0.038808339 -0.984655249 0.170140979
-0.042523171 -0.987691973 0.150520250
-0.040254005 -0.990853188 0.128800522
-0.034290232 -0.991340525 0.126760178
-0.037970253 -0.993531679 0.107018985
-0.370215622 -0.916542962 0.151292403
-0.358160388 -0.919972948 0.159282492
-0.341185048 -0.927050568 0.155467063
-0.459683114 -0.871279408 0.171940768
-0.527742446 -0.823975898 0.206280464
-0.494215394 -0.848480002 0.189295619
-0.472572981 -0.861204859 0.187085458
-0.485241463 -0.850701285 0.202108997
-0.104297830 -0.994029281 0.032058567
-0.088891234 -0.996028124 0.005130669
-0.090150328 -0.995571681 0.026644814
-0.081793786 -0.996646323 0.002425696
-0.073391497 -0.997064924 -0.021799668
-0.159705674 -0.983468731 -0.085342561
-0.137721662 -0.985986560 -0.094144816
-0.136039006 -0.983468441 -0.119512401
-0.602366945 -0.767253035 0.220174575
-0.634242664 -0.741042103 0.220437847
-0.622162180 -0.747992770 0.231129915
-0.509545714 -0.834482567 0.209766559
-0.530578578 -0.820758903 0.211757400
-0.533386438 -0.817501872 0.217231665
-0.276298375 -0.925872350 -0.257720002
-0.430765263 -0.897297802 -0.096425841
-0.355826677 -0.917412977 -0.178159496
-0.259355909 -0.934330666 -0.244460056
-0.242647345 -0.942095732 -0.231469001
-0.396513581 -0.916089209 -0.059645132
-0.443265304 -0.894582017 -0.056911206
-0.348643054 -0.935193602 -0.062136525
-0.318176242 -0.943807538 -0.089393574
-0.287152627 -0.950791291 -0.116358452
-0.013125883 -0.896266233 0.443322174
-0.018197209 -0.895242493 0.445207524
-0.022420837 -0.906661134 0.421263450
0.301577843 -0.912293134 -0.277077683
0.345002608 -0.900512303 -0.264671103
0.317293314 -0.903209696 -0.289028024
0.208089301 -0.951080899 -0.228350534
0.175593847 -0.961790639 -0.210060867
0.206402078 -0.958350680 -0.197388341
-0.066959492 -0.987848132 0.140258671
-0.082957514 -0.986072439 0.144149905
-0.074966073 -0.986993834 0.142208506
-0.070025772 -0.983749765 0.165326319
-0.073047033 -0.979007993 0.190282632
-0.084287329 -0.980861295 0.175518566
-0.082697929 -0.984456153 0.154942363
-0.085844106 -0.976835194 0.196019880
-0.078985349 -0.974678973 0.209194205
-0.072115643 -0.972302826 0.222320821
-0.033105181 -0.997822913 0.057039300
-0.041520397 -0.995591623 0.084103370
-0.035545072 -0.995993620 0.082056426
-0.033460781 -0.989977289 0.137205477
-0.035720428 -0.986648368 0.158899496
-0.032626632 -0.988503514 0.147635720
-0.018854423 -0.926206390 0.376545128
-0.011062743 -0.924106235 0.381975499
-0.034432306 -0.930144165 0.365576597
-0.026645893 -0.928218968 0.371078892
-0.025187350 -0.931745827 0.362236542
-0.031514301 -0.937028065 0.347829346
-0.023727435 -0.935185786 0.353361789
-0.029151408 -0.940179404 0.339430234
-0.037174728 -0.945480330 0.323550592
-0.029751038 -0.940286485 0.339081409
-0.037474511 -0.945528753 0.323374455
-0.045185354 -0.950455386 0.307559494
0.007083250 -0.889060326 0.457735255
0.008245957 -0.891491663 0.452962050
0.002395476 -0.888727328 0.458429927
0.018782661 -0.894467773 0.446737747
0.014095809 -0.894192120 0.447461463
0.009408379 -0.893896315 0.448175032
0.004721034 -0.893580209 0.448878739
0.004104924 -0.905461284 0.424409015
0.011447175 -0.900058516 0.435618675
0.005593592 -0.897416203 0.441149488
-0.707469406 -0.654109728 0.267633150
-0.680755262 -0.683803421 0.262650252
-0.694252769 -0.669092052 0.265196001
-0.685021838 -0.679563041 0.262562670
-0.661767474 -0.704216121 0.257183720
-0.009155691 -0.999441949 -0.032124186
-0.009610704 -0.999343369 -0.034935164
-0.008245349 -0.999614769 -0.026501457
-0.008700471 -0.999532417 -0.029312940
-0.009238338 -0.999780042 -0.018828747
-0.009319315 -0.999941283 -0.005529984
-0.009775150 -0.999917421 -0.008342485
-0.269135699 -0.946190641 0.179692085
-0.270268666 -0.946515942 0.176245342
-0.269702560 -0.946354998 0.177968388
-0.287947949 -0.941244362 0.176479546
-0.306648170 -0.935932273 0.173198381
-0.077743505 -0.980951894 0.178014972
-0.072435144 -0.974654042 0.211666362
-0.072743790 -0.976889385 0.200986245
0.026632991 -0.998029142 -0.056820035
0.023284819 -0.998651753 -0.046394970
0.033320219 -0.996423847 -0.077648434
0.029978008 -0.997286466 -0.067238565
0.033677084 -0.997208520 -0.066640988
0.040715387 -0.996241578 -0.076452436
0.037374840 -0.997116581 -0.066042750
-0.005919978 -0.947139995 -0.320765932
0.043286856 -0.948336662 -0.314298940
0.082499969 -0.933790829 -0.348178752
-0.257905679 -0.946587301 -0.193538479
-0.353157054 -0.927020832 -0.126144646
-0.272586129 -0.949596318 -0.154801924
0.012912627 -0.921328867 0.388569663
0.012908886 -0.920446714 0.390654844
0.012920026 -0.923079030 0.384393258
0.012916461 -0.922206327 0.386482413
0.008665067 -0.925402292 0.378887205
0.004416438 -0.929356910 0.369156104
0.004412972 -0.928518695 0.371259422
-0.068644417 -0.988914737 -0.131664679
-0.084577405 -0.990965125 -0.104090270
-0.067520294 -0.992396710 -0.102906656
-0.041167752 -0.981563900 -0.186648136
-0.055343737 -0.981276177 -0.184483426
-0.016159298 -0.982666614 -0.184675942
-0.042848987 -0.982077501 -0.183542220
-0.069508254 -0.980786987 -0.182278600
0.012158998 -0.849926836 0.526760412
0.012407663 -0.850955508 0.525091205
0.011661457 -0.847859470 0.530092755
0.011910261 -0.848894775 0.528427675
0.006165114 -0.849522856 0.527515790
0.000171050 -0.849087728 0.528251835
0.000419802 -0.850121852 0.526585853
0.062711714 0.944440853 0.322643325
0.062717723 0.950914884 0.303030312
0.062686532 0.930223851 0.361599207
0.062692961 0.937507018 0.342272090
0.125176793 0.933851029 0.335041829
0.187067505 0.919378602 0.346047300
0.187111024 0.926497207 0.326484901
0.936391873 -0.212940186 -0.278974437
0.925286374 -0.243671137 -0.290636376
0.955219555 -0.150691709 -0.254651940
0.946394061 -0.181925352 -0.266910935
0.948009661 -0.146548425 -0.282491137
0.955324487 -0.079516781 -0.284661563
0.948221668 -0.110979792 -0.297588902
-0.150407997 -0.985056772 0.083908227
-0.160823582 -0.982348086 0.095540638
-0.147688516 -0.983217774 0.107102340
-0.128663904 -0.991592158 0.013805509
-0.120829164 -0.992620496 0.010240354
-0.122398489 -0.992320317 -0.017860535
0.030155910 -0.735817659 0.676507941
0.031069143 -0.733331326 0.679161155
0.032434316 -0.729682970 0.683015944
-0.108375083 -0.980811383 0.162061322
-0.113051697 -0.984231969 0.136039499
-0.117722249 -0.982162427 0.146623457
-0.140684594 -0.962153106 0.233386474
0.056953373 -0.971186780 0.231414244
-0.268621102 -0.927019828 0.261680995
-0.049928785 -0.944330158 0.325188668
-0.059073756 -0.956468074 0.285795581
-0.054513252 -0.950611004 0.305560181
-0.046798596 -0.940976768 0.335220247
-0.043663366 -0.937508806 0.345211165
-0.050118515 -0.941127822 0.334315058
-0.048933527 -0.936609013 0.346942454
-0.052959585 -0.945508325 0.321262026
-0.418948094 -0.885034259 0.202970082
-0.399860681 -0.894490179 0.199996891
-0.437841500 -0.875168776 0.205850514
-0.413497458 -0.887561005 0.203114042
-0.388841961 -0.899284403 0.200223603
0.693110313 -0.578669397 -0.429813707
0.753496770 -0.472720150 -0.456922617
0.280771802 -0.870265555 -0.404728376
0.851603234 -0.381868536 -0.359093794
0.793229754 -0.494036769 -0.355969420
0.854876093 -0.396721361 -0.334363615
0.039428047 -0.976575063 -0.211533862
0.068345385 -0.973880140 -0.216532634
0.053563439 -0.970756242 -0.234015548
-0.011880898 -0.983994756 -0.177800913
-0.024390208 -0.983581205 -0.178810320
-0.007603039 -0.985257108 -0.170911162
0.334179945 -0.935278023 -0.116528038
0.283744755 -0.950979594 -0.122990756
0.281274597 -0.954583646 -0.098258146
0.009897576 -0.975630219 0.219197886
0.009965448 -0.977371447 0.211295396
0.009342893 -0.979766692 0.199924834
0.006685829 -0.973384740 0.229079565
0.008012838 -0.973844528 0.227074062
0.006967317 -0.978567843 0.205806786
0.014046156 -0.877482171 0.479403531
0.008220760 -0.883182169 0.468958075
0.009385631 -0.885672790 0.464215057
-0.053890781 -0.964287943 0.259315536
-0.050862755 -0.972254791 0.228327839
-0.057615975 -0.970608981 0.233663445
-0.644532463 -0.722475470 0.250214109
-0.664010712 -0.702582141 0.255867368
-0.654337864 -0.712600697 0.253065619
-0.626860558 -0.740244262 0.243072569
-0.608762755 -0.757510377 0.235766700
-0.633685679 -0.730276090 0.255224005
-0.610909626 -0.750515177 0.252024599
-0.637568412 -0.725520220 0.259088653
-0.666286466 -0.731146915 0.146582854
-0.625920926 -0.770074000 0.123324892
-0.657030940 -0.736670019 0.160086309
-0.631982529 -0.767434602 0.107899091
-0.592275439 -0.798933727 0.104473461
-0.582422147 -0.810516932 0.062022131
-0.008575928 -0.999960819 -0.002194092
-0.007375729 -0.999964980 0.003954351
-0.008494727 -0.999843885 -0.015493366
-0.009206465 -0.999955185 -0.002206706
-0.008670208 -0.999881843 -0.012693640
-0.009093432 -0.999958030 0.001116600
-0.359821586 -0.914292517 0.186004354
-0.379945562 -0.904639150 0.193052784
-0.374390823 -0.906932347 0.193145618
-0.291887569 -0.940366082 0.174680506
-0.273664532 -0.945551102 0.176184099
-0.277056993 -0.944574450 0.176120783
-0.040720838 -0.944033018 0.327327777
-0.042196649 -0.940814074 0.336286069
-0.049912264 -0.950513921 0.306646461
-0.023427474 -0.935128023 0.353534630
-0.023127405 -0.935070161 0.353707390
-0.017097350 -0.929711956 0.367890417
0.045874356 -0.994891243 -0.089927512
0.042175742 -0.995000449 -0.090527965
0.051022314 -0.993331938 -0.103384645
0.042115919 -0.996820864 -0.067634420
0.046856754 -0.996500147 -0.069223558
0.035075585 -0.997710834 -0.057816912
0.248100292 0.900443366 0.357278589
0.186822309 0.911080413 0.367464155
0.308053318 0.877587505 0.367346328
0.205529332 0.919058281 0.336287928
0.223822622 0.911147270 0.345997235
0.143794019 0.934467423 0.325720608
0.007052270 -0.929485210 0.368791960
0.011304684 -0.926378632 0.376423744
0.009688454 -0.929606939 0.368425126
0.003900979 -0.930298796 0.366781859
0.002877339 -0.933793484 0.357800853
0.003389358 -0.932057105 0.362295549
0.008150243 -0.926371152 0.376523655
0.012398316 -0.922324571 0.386217125
0.005531130 -0.845298511 0.534265696
0.010643024 -0.840383499 0.541887720
0.011526448 -0.845711628 0.533515682
0.007350857 -0.839519437 0.543279927
0.013099807 -0.838868816 0.544175987
0.014531107 -0.829641523 0.558107329
0.953300409 -0.045609573 -0.298560039
0.954282613 0.019956720 -0.298238871
0.948165831 -0.112854733 -0.297061216
0.957133765 -0.030547102 -0.288030954
0.959546290 -0.066334097 -0.273625119
0.956663840 0.018517366 -0.290605239
-0.104300090 -0.992552271 0.062940297
-0.105516817 -0.990876096 0.083849648
-0.099247317 -0.991049663 0.089277853
-0.102597599 -0.994468940 0.022477974
-0.096375903 -0.995041907 0.024561954
-0.103449007 -0.994260889 0.027268793
