v 0 0 0.6
v 0.03398446284 0.01962093877 0.5987153539
v 2.402871986e-18 0.03924187754 0.5987153539
v -0.03398446284 0.01962093877 0.5987153539
v -0.03398446284 -0.01962093877 0.5987153539
v -6.310575208e-18 -0.03924187754 0.5987153539
v 0.03398446284 -0.01962093877 0.5987153539
v 0.07831571533 0 0.5948669168
v 0.06782339899 0.03915785767 0.5948669168
v 0.03915785767 0.06782339899 0.5948669168
v 4.795454505e-18 0.07831571533 0.5948669168
v -0.03915785767 0.06782339899 0.5948669168
v -0.06782339899 0.03915785767 0.5948669168
v -0.07831571533 9.59090901e-18 0.5948669168
v -0.06782339899 -0.03915785767 0.5948669168
v -0.03915785767 -0.06782339899 0.5948669168
v -1.259412757e-17 -0.07831571533 0.5948669168
v 0.03915785767 -0.06782339899 0.5948669168
v 0.06782339899 -0.03915785767 0.5948669168
v 0.115275877 0.02032624734 0.5884711682
v 0.1013719049 0.0585270966 0.5884711682
v 0.07524098506 0.08966871425 0.5884711682
v 0.04003489194 0.1099949616 0.5884711682
v 7.167502152e-18 0.1170541932 0.5884711682
v -0.04003489194 0.1099949616 0.5884711682
v -0.07524098506 0.08966871425 0.5884711682
v -0.1013719049 0.0585270966 0.5884711682
v -0.115275877 0.02032624734 0.5884711682
v -0.115275877 -0.02032624734 0.5884711682
v -0.1013719049 -0.0585270966 0.5884711682
v -0.07524098506 -0.08966871425 0.5884711682
v -0.04003489194 -0.1099949616 0.5884711682
v -1.882374993e-17 -0.1170541932 0.5884711682
v 0.04003489194 -0.1099949616 0.5884711682
v 0.07524098506 -0.08966871425 0.5884711682
v 0.1013719049 -0.0585270966 0.5884711682
v 0.115275877 -0.02032624734 0.5884711682
v 0.1552914271 0 0.5795554958
v 0.15 0.04019237886 0.5795554958
v 0.1344863208 0.07764571353 0.5795554958
v 0.1098076211 0.1098076211 0.5795554958
v 0.07764571353 0.1344863208 0.5795554958
v 0.04019237886 0.15 0.5795554958
v 9.508857454e-18 0.1552914271 0.5795554958
v -0.04019237886 0.15 0.5795554958
v -0.07764571353 0.1344863208 0.5795554958
v -0.1098076211 0.1098076211 0.5795554958
v -0.1344863208 0.07764571353 0.5795554958
v -0.15 0.04019237886 0.5795554958
v -0.1552914271 1.901771491e-17 0.5795554958
v -0.15 -0.04019237886 0.5795554958
v -0.1344863208 -0.07764571353 0.5795554958
v -0.1098076211 -0.1098076211 0.5795554958
v -0.07764571353 -0.1344863208 0.5795554958
v -0.04019237886 -0.15 0.5795554958
v -2.497276612e-17 -0.1552914271 0.5795554958
v 0.04019237886 -0.15 0.5795554958
v 0.07764571353 -0.1344863208 0.5795554958
v 0.1098076211 -0.1098076211 0.5795554958
v 0.1344863208 -0.07764571353 0.5795554958
v 0.15 -0.04019237886 0.5795554958
v 0.1918071518 0.02015974401 0.5681580777
v 0.1834242588 0.05959815446 0.5681580777
v 0.1670248456 0.09643183959 0.5681580777
v 0.1433256452 0.1290509906 0.5681580777
v 0.1133624263 0.1560299941 0.5681580777
v 0.07844472544 0.1761897381 0.5681580777
v 0.04009861364 0.1886491451 0.5681580777
v 5.463383382e-17 0.1928636792 0.5681580777
v -0.04009861364 0.1886491451 0.5681580777
v -0.07844472544 0.1761897381 0.5681580777
v -0.1133624263 0.1560299941 0.5681580777
v -0.1433256452 0.1290509906 0.5681580777
v -0.1670248456 0.09643183959 0.5681580777
v -0.1834242588 0.05959815446 0.5681580777
v -0.1918071518 0.02015974401 0.5681580777
v -0.1918071518 -0.02015974401 0.5681580777
v -0.1834242588 -0.05959815446 0.5681580777
v -0.1670248456 -0.09643183959 0.5681580777
v -0.1433256452 -0.1290509906 0.5681580777
v -0.1133624263 -0.1560299941 0.5681580777
v -0.07844472544 -0.1761897381 0.5681580777
v -0.04009861364 -0.1886491451 0.5681580777
v -2.023122029e-16 -0.1928636792 0.5681580777
v 0.04009861364 -0.1886491451 0.5681580777
v 0.07844472544 -0.1761897381 0.5681580777
v 0.1133624263 -0.1560299941 0.5681580777
v 0.1433256452 -0.1290509906 0.5681580777
v 0.1670248456 -0.09643183959 0.5681580777
v 0.1834242588 -0.05959815446 0.5681580777
v 0.1918071518 -0.02015974401 0.5681580777
v 0.2296100594 0 0.5543277195
v 0.2261217667 0.03987136839 0.5543277195
v 0.2157628785 0.07853126543 0.5543277195
v 0.1988481444 0.1148050297 0.5543277195
v 0.1758915101 0.1475905013 0.5543277195
v 0.1475905013 0.1758915101 0.5543277195
v 0.1148050297 0.1988481444 0.5543277195
v 0.07853126543 0.2157628785 0.5543277195
v 0.03987136839 0.2261217667 0.5543277195
v 1.405956122e-17 0.2296100594 0.5543277195
v -0.03987136839 0.2261217667 0.5543277195
v -0.07853126543 0.2157628785 0.5543277195
v -0.1148050297 0.1988481444 0.5543277195
v -0.1475905013 0.1758915101 0.5543277195
v -0.1758915101 0.1475905013 0.5543277195
v -0.1988481444 0.1148050297 0.5543277195
v -0.2157628785 0.07853126543 0.5543277195
v -0.2261217667 0.03987136839 0.5543277195
v -0.2296100594 2.811912243e-17 0.5543277195
v -0.2261217667 -0.03987136839 0.5543277195
v -0.2157628785 -0.07853126543 0.5543277195
v -0.1988481444 -0.1148050297 0.5543277195
v -0.1758915101 -0.1475905013 0.5543277195
v -0.1475905013 -0.1758915101 0.5543277195
v -0.1148050297 -0.1988481444 0.5543277195
v -0.07853126543 -0.2157628785 0.5543277195
v -0.03987136839 -0.2261217667 0.5543277195
v -3.692411371e-17 -0.2296100594 0.5543277195
v 0.03987136839 -0.2261217667 0.5543277195
v 0.07853126543 -0.2157628785 0.5543277195
v 0.1148050297 -0.1988481444 0.5543277195
v 0.1475905013 -0.1758915101 0.5543277195
v 0.1758915101 -0.1475905013 0.5543277195
v 0.1988481444 -0.1148050297 0.5543277195
v 0.2157628785 -0.07853126543 0.5543277195
v 0.2261217667 -0.03987136839 0.5543277195
v 0.2646311768 0.01983136513 0.5381236449
v 0.2587197536 0.05905109546 0.5381236449
v 0.2470289586 0.09695172189 0.5381236449
v 0.2298199449 0.1326866071 0.5381236449
v 0.2074771334 0.1654574927 0.5381236449
v 0.1804996256 0.1945323314 0.5381236449
v 0.1494900544 0.2192616392 0.5381236449
v 0.1151411224 0.2390930043 0.5381236449
v 0.07822012802 0.2535834268 0.5381236449
v 0.03955182522 0.2624092146 0.5381236449
v -4.267526763e-17 0.2653732141 0.5381236449
v -0.03955182522 0.2624092146 0.5381236449
v -0.07822012802 0.2535834268 0.5381236449
v -0.1151411224 0.2390930043 0.5381236449
v -0.1494900544 0.2192616392 0.5381236449
v -0.1804996256 0.1945323314 0.5381236449
v -0.2074771334 0.1654574927 0.5381236449
v -0.2298199449 0.1326866071 0.5381236449
v -0.2470289586 0.09695172189 0.5381236449
v -0.2587197536 0.05905109546 0.5381236449
v -0.2646311768 0.01983136513 0.5381236449
v -0.2646311768 -0.01983136513 0.5381236449
v -0.2587197536 -0.05905109546 0.5381236449
v -0.2470289586 -0.09695172189 0.5381236449
v -0.2298199449 -0.1326866071 0.5381236449
v -0.2074771334 -0.1654574927 0.5381236449
v -0.1804996256 -0.1945323314 0.5381236449
v -0.1494900544 -0.2192616392 0.5381236449
v -0.1151411224 -0.2390930043 0.5381236449
v -0.07822012802 -0.2535834268 0.5381236449
v -0.03955182522 -0.2624092146 0.5381236449
v 1.930234943e-16 -0.2653732141 0.5381236449
v 0.03955182522 -0.2624092146 0.5381236449
v 0.07822012802 -0.2535834268 0.5381236449
v 0.1151411224 -0.2390930043 0.5381236449
v 0.1494900544 -0.2192616392 0.5381236449
v 0.1804996256 -0.1945323314 0.5381236449
v 0.2074771334 -0.1654574927 0.5381236449
v 0.2298199449 -0.1326866071 0.5381236449
v 0.2470289586 -0.09695172189 0.5381236449
v 0.2587197536 -0.05905109546 0.5381236449
v 0.2646311768 -0.01983136513 0.5381236449
v 0.3 0 0.5196152423
v 0.2973232464 0.03998608661 0.5196152423
v 0.2893407525 0.07925862056 0.5196152423
v 0.276194966 0.1171167825 0.5196152423
v 0.2581204738 0.1528849928 0.5196152423
v 0.2354398156 0.1859249667 0.5196152423
v 0.2085577283 0.2156471052 0.5196152423
v 0.1779539234 0.2415210159 0.5196152423
v 0.1441745266 0.2630849785 0.5196152423
v 0.1078223319 0.2799541833 0.5196152423
v 0.06954604508 0.2918275991 0.5196152423
v 0.03002870749 0.2984933445 0.5196152423
v -0.0100244931 0.2998324691 0.5196152423
v -0.04989880637 0.2958210762 0.5196152423
v -0.08888267427 0.2865307492 0.5196152423
v -0.1262804287 0.2721272741 0.5196152423
v -0.1614247059 0.2528676814 0.5196152423
v -0.1936883555 0.229095659 0.5196152423
v -0.2224956317 0.201235419 0.5196152423
v -0.2473324681 0.1697841283 0.5196152423
v -0.2677556508 0.1353030358 0.5196152423
v -0.2834007275 0.09840745735 0.5196152423
v -0.2939885115 0.05975579553 0.5196152423
v -0.2993300636 0.02003779012 0.5196152423
v -0.2993300636 -0.02003779012 0.5196152423
v -0.2939885115 -0.05975579553 0.5196152423
v -0.2834007275 -0.09840745735 0.5196152423
v -0.2677556508 -0.1353030358 0.5196152423
v -0.2473324681 -0.1697841283 0.5196152423
v -0.2224956317 -0.201235419 0.5196152423
v -0.1936883555 -0.229095659 0.5196152423
v -0.1614247059 -0.2528676814 0.5196152423
v -0.1262804287 -0.2721272741 0.5196152423
v -0.08888267427 -0.2865307492 0.5196152423
v -0.04989880637 -0.2958210762 0.5196152423
v -0.0100244931 -0.2998324691 0.5196152423
v 0.03002870749 -0.2984933445 0.5196152423
v 0.06954604508 -0.2918275991 0.5196152423
v 0.1078223319 -0.2799541833 0.5196152423
v 0.1441745266 -0.2630849785 0.5196152423
v 0.1779539234 -0.2415210159 0.5196152423
v 0.2085577283 -0.2156471052 0.5196152423
v 0.2354398156 -0.1859249667 0.5196152423
v 0.2581204738 -0.1528849928 0.5196152423
v 0.276194966 -0.1171167825 0.5196152423
v 0.2893407525 -0.07925862056 0.5196152423
v 0.2973232464 -0.03998608661 0.5196152423
v 0.3327339752 0.02012669753 0.4988817674
v 0.3278819645 0.06008660002 0.4988817674
v 0.3182486966 0.09917030457 0.4988817674
v 0.303974646 0.1368078828 0.4988817674
v 0.2852679605 0.172450494 0.4988817674
v 0.2624014259 0.2055783887 0.4988817674
v 0.2357084875 0.2357084875 0.4988817674
v 0.2055783887 0.2624014259 0.4988817674
v 0.172450494 0.2852679605 0.4988817674
v 0.1368078828 0.303974646 0.4988817674
v 0.09917030457 0.3182486966 0.4988817674
v 0.06008660002 0.3278819645 0.4988817674
v 0.02012669753 0.3327339752 0.4988817674
v -0.02012669753 0.3327339752 0.4988817674
v -0.06008660002 0.3278819645 0.4988817674
v -0.09917030457 0.3182486966 0.4988817674
v -0.1368078828 0.303974646 0.4988817674
v -0.172450494 0.2852679605 0.4988817674
v -0.2055783887 0.2624014259 0.4988817674
v -0.2357084875 0.2357084875 0.4988817674
v -0.2624014259 0.2055783887 0.4988817674
v -0.2852679605 0.172450494 0.4988817674
v -0.303974646 0.1368078828 0.4988817674
v -0.3182486966 0.09917030457 0.4988817674
v -0.3278819645 0.06008660002 0.4988817674
v -0.3327339752 0.02012669753 0.4988817674
v -0.3327339752 -0.02012669753 0.4988817674
v -0.3278819645 -0.06008660002 0.4988817674
v -0.3182486966 -0.09917030457 0.4988817674
v -0.303974646 -0.1368078828 0.4988817674
v -0.2852679605 -0.172450494 0.4988817674
v -0.2624014259 -0.2055783887 0.4988817674
v -0.2357084875 -0.2357084875 0.4988817674
v -0.2055783887 -0.2624014259 0.4988817674
v -0.172450494 -0.2852679605 0.4988817674
v -0.1368078828 -0.303974646 0.4988817674
v -0.09917030457 -0.3182486966 0.4988817674
v -0.06008660002 -0.3278819645 0.4988817674
v -0.02012669753 -0.3327339752 0.4988817674
v 0.02012669753 -0.3327339752 0.4988817674
v 0.06008660002 -0.3278819645 0.4988817674
v 0.09917030457 -0.3182486966 0.4988817674
v 0.1368078828 -0.303974646 0.4988817674
v 0.172450494 -0.2852679605 0.4988817674
v 0.2055783887 -0.2624014259 0.4988817674
v 0.2357084875 -0.2357084875 0.4988817674
v 0.2624014259 -0.2055783887 0.4988817674
v 0.2852679605 -0.172450494 0.4988817674
v 0.303974646 -0.1368078828 0.4988817674
v 0.3182486966 -0.09917030457 0.4988817674
v 0.3278819645 -0.06008660002 0.4988817674
v 0.3327339752 -0.02012669753 0.4988817674
v 0.3652568574 0 0.4760120042
v 0.3630399957 0.04018125709 0.4760120042
v 0.3564163202 0.07987476815 0.4760120042
v 0.3454662334 0.1185987077 0.4760120042
v 0.3303226545 0.1558830196 0.4760120042
v 0.311169406 0.1912751229 0.4760120042
v 0.2882389825 0.2243454052 0.4760120042
v 0.2618097282 0.2546924382 0.4760120042
v 0.2322024584 0.2819478501 0.4760120042
v 0.1997765654 0.305780797 0.4760120042
v 0.1649256555 0.3259019792 0.4760120042
v 0.1280727715 0.3420671529 0.4760120042
v 0.08966525757 0.3540800947 0.4760120042
v 0.05016932888 0.3617949838 0.4760120042
v 0.0100644125 0.3651181719 0.4760120042
v -0.03016267221 0.3640093201 0.4760120042
v -0.07002362295 0.3584818881 0.4760120042
v -0.1090345818 0.3486029717 0.4760120042
v -0.1467220084 0.3344924874 0.4760120042
v -0.1826284287 0.3163217174 0.4760120042
v -0.2163179872 0.2943112303 0.4760120042
v -0.2473817384 0.2687282035 0.4760120042
v -0.2754426104 0.2398831804 0.4760120042
v -0.3001599823 0.2081263004 0.4760120042
v -0.3212338185 0.1738430491 0.4760120042
v -0.3384083114 0.1374495786 0.4760120042
v -0.3514749858 0.09938765646 0.4760120042
v -0.3602752299 0.06011930279 0.4760120042
v -0.3647022209 0.02012118223 0.4760120042
v -0.3647022209 -0.02012118223 0.4760120042
v -0.3602752299 -0.06011930279 0.4760120042
v -0.3514749858 -0.09938765646 0.4760120042
v -0.3384083114 -0.1374495786 0.4760120042
v -0.3212338185 -0.1738430491 0.4760120042
v -0.3001599823 -0.2081263004 0.4760120042
v -0.2754426104 -0.2398831804 0.4760120042
v -0.2473817384 -0.2687282035 0.4760120042
v -0.2163179872 -0.2943112303 0.4760120042
v -0.1826284287 -0.3163217174 0.4760120042
v -0.1467220084 -0.3344924874 0.4760120042
v -0.1090345818 -0.3486029717 0.4760120042
v -0.07002362295 -0.3584818881 0.4760120042
v -0.03016267221 -0.3640093201 0.4760120042
v 0.0100644125 -0.3651181719 0.4760120042
v 0.05016932888 -0.3617949838 0.4760120042
v 0.08966525757 -0.3540800947 0.4760120042
v 0.1280727715 -0.3420671529 0.4760120042
v 0.1649256555 -0.3259019792 0.4760120042
v 0.1997765654 -0.305780797 0.4760120042
v 0.2322024584 -0.2819478501 0.4760120042
v 0.2618097282 -0.2546924382 0.4760120042
v 0.2882389825 -0.2243454052 0.4760120042
v 0.311169406 -0.1912751229 0.4760120042
v 0.3303226545 -0.1558830196 0.4760120042
v 0.3454662334 -0.1185987077 0.4760120042
v 0.3564163202 -0.07987476815 0.4760120042
v 0.3630399957 -0.04018125709 0.4760120042
v 0.3950997297 0.02003719051 0.4511038845
v 0.3910454718 0.05990596283 0.4511038845
v 0.3829785582 0.09916001891 0.4511038845
v 0.3709817664 0.137396559 0.4511038845
v 0.3551781996 0.1742232245 0.4511038845
v 0.3357300238 0.2092621239 0.4511038845
v 0.3128368037 0.2421537108 0.4511038845
v 0.2867334546 0.2725604729 0.4511038845
v 0.2576878323 0.3001703957 0.4511038845
v 0.2259979842 0.3247001641 0.4511038845
v 0.1919890908 0.3458980694 0.4511038845
v 0.1560101296 0.3635465924 0.4511038845
v 0.1184302934 0.3774646354 0.4511038845
v 0.07963520208 0.3875093805 0.4511038845
v 0.04002294583 0.393577755 0.4511038845
v 2.422397226e-17 0.3956074891 0.4511038845
v -0.04002294583 0.393577755 0.4511038845
v -0.07963520208 0.3875093805 0.4511038845
v -0.1184302934 0.3774646354 0.4511038845
v -0.1560101296 0.3635465924 0.4511038845
v -0.1919890908 0.3458980694 0.4511038845
v -0.2259979842 0.3247001641 0.4511038845
v -0.2576878323 0.3001703957 0.4511038845
v -0.2867334546 0.2725604729 0.4511038845
v -0.3128368037 0.2421537108 0.4511038845
v -0.3357300238 0.2092621239 0.4511038845
v -0.3551781996 0.1742232245 0.4511038845
v -0.3709817664 0.137396559 0.4511038845
v -0.3829785582 0.09916001891 0.4511038845
v -0.3910454718 0.05990596283 0.4511038845
v -0.3950997297 0.02003719051 0.4511038845
v -0.3950997297 -0.02003719051 0.4511038845
v -0.3910454718 -0.05990596283 0.4511038845
v -0.3829785582 -0.09916001891 0.4511038845
v -0.3709817664 -0.137396559 0.4511038845
v -0.3551781996 -0.1742232245 0.4511038845
v -0.3357300238 -0.2092621239 0.4511038845
v -0.3128368037 -0.2421537108 0.4511038845
v -0.2867334546 -0.2725604729 0.4511038845
v -0.2576878323 -0.3001703957 0.4511038845
v -0.2259979842 -0.3247001641 0.4511038845
v -0.1919890908 -0.3458980694 0.4511038845
v -0.1560101296 -0.3635465924 0.4511038845
v -0.1184302934 -0.3774646354 0.4511038845
v -0.07963520208 -0.3875093805 0.4511038845
v -0.04002294583 -0.393577755 0.4511038845
v -6.361853635e-17 -0.3956074891 0.4511038845
v 0.04002294583 -0.393577755 0.4511038845
v 0.07963520208 -0.3875093805 0.4511038845
v 0.1184302934 -0.3774646354 0.4511038845
v 0.1560101296 -0.3635465924 0.4511038845
v 0.1919890908 -0.3458980694 0.4511038845
v 0.2259979842 -0.3247001641 0.4511038845
v 0.2576878323 -0.3001703957 0.4511038845
v 0.2867334546 -0.2725604729 0.4511038845
v 0.3128368037 -0.2421537108 0.4511038845
v 0.3357300238 -0.2092621239 0.4511038845
v 0.3551781996 -0.1742232245 0.4511038845
v 0.3709817664 -0.137396559 0.4511038845
v 0.3829785582 -0.09916001891 0.4511038845
v 0.3910454718 -0.05990596283 0.4511038845
v 0.3950997297 -0.02003719051 0.4511038845
v 0.4242640687 0 0.4242640687
v 0.4223998448 0.03972871935 0.4242640687
v 0.4168235558 0.07910830129 0.4242640687
v 0.4075842064 0.1177926766 0.4242640687
v 0.3947629924 0.1554418857 0.4242640687
v 0.378472587 0.1917250659 0.4242640687
v 0.3588561509 0.2263233593 0.4242640687
v 0.3360860741 0.2589327149 0.4242640687
v 0.3103624607 0.2892665605 0.4242640687
v 0.2819113709 0.3170583211 0.4242640687
v 0.2509828338 0.3420637618 0.4242640687
v 0.2178486505 0.3640631339 0.4242640687
v 0.1828000055 0.3828631061 0.4242640687
v 0.1461449074 0.3982984635 0.4242640687
v 0.1082054827 0.4102335597 0.4242640687
v 0.06931514426 0.4185635087 0.4242640687
v 0.02981566186 0.4232151064 0.4242640687
v -0.009945841658 0.4241474746 0.4242640687
v -0.04961994076 0.4213524196 0.4242640687
v -0.08885797803 0.4148545043 0.4242640687
v -0.1273151282 0.4047108327 0.4242640687
v -0.1646534284 0.3910105478 0.4242640687
v -0.2005447484 0.3738740481 0.4242640687
v -0.234673674 0.3534519299 0.4242640687
v -0.2667402788 0.3299236634 0.4242640687
v -0.2964627605 0.3034960158 0.4242640687
v -0.3235799168 0.2744012344 0.4242640687
v -0.3478534412 0.242895005 0.4242640687
v -0.369070017 0.2092542057 0.4242640687
v -0.3870431922 0.1737744728 0.4242640687
v -0.4016150179 0.1367676036 0.4242640687
v -0.4126574364 0.09855881579 0.4242640687
v -0.4200734065 0.05948388957 0.4242640687
v -0.4237977565 0.01988621679 0.4242640687
v -0.4237977565 -0.01988621679 0.4242640687
v -0.4200734065 -0.05948388957 0.4242640687
v -0.4126574364 -0.09855881579 0.4242640687
v -0.4016150179 -0.1367676036 0.4242640687
v -0.3870431922 -0.1737744728 0.4242640687
v -0.369070017 -0.2092542057 0.4242640687
v -0.3478534412 -0.242895005 0.4242640687
v -0.3235799168 -0.2744012344 0.4242640687
v -0.2964627605 -0.3034960158 0.4242640687
v -0.2667402788 -0.3299236634 0.4242640687
v -0.234673674 -0.3534519299 0.4242640687
v -0.2005447484 -0.3738740481 0.4242640687
v -0.1646534284 -0.3910105478 0.4242640687
v -0.1273151282 -0.4047108327 0.4242640687
v -0.08885797803 -0.4148545043 0.4242640687
v -0.04961994076 -0.4213524196 0.4242640687
v -0.009945841658 -0.4241474746 0.4242640687
v 0.02981566186 -0.4232151064 0.4242640687
v 0.06931514426 -0.4185635087 0.4242640687
v 0.1082054827 -0.4102335597 0.4242640687
v 0.1461449074 -0.3982984635 0.4242640687
v 0.1828000055 -0.3828631061 0.4242640687
v 0.2178486505 -0.3640631339 0.4242640687
v 0.2509828338 -0.3420637618 0.4242640687
v 0.2819113709 -0.3170583211 0.4242640687
v 0.3103624607 -0.2892665605 0.4242640687
v 0.3360860741 -0.2589327149 0.4242640687
v 0.3588561509 -0.2263233593 0.4242640687
v 0.378472587 -0.1917250659 0.4242640687
v 0.3947629924 -0.1554418857 0.4242640687
v 0.4075842064 -0.1177926766 0.4242640687
v 0.4168235558 -0.07910830129 0.4242640687
v 0.4223998448 -0.03972871935 0.4242640687
v 0.450662356 0.01995383453 0.3956074891
v 0.447135312 0.05970533779 0.3956074891
v 0.440108828 0.09898956582 0.3956074891
v 0.4296378956 0.1374990663 0.3956074891
v 0.4158044643 0.1749324501 0.3956074891
v 0.3987167992 0.2109967504 0.3956074891
v 0.3785086345 0.245409715 0.3956074891
v 0.3553381266 0.2779020158 0.3956074891
v 0.3293866161 0.3082193566 0.3956074891
v 0.3008572087 0.336124463 0.3956074891
v 0.2699731857 0.3613989397 0.3956074891
v 0.2369762565 0.3838449797 0.3956074891
v 0.2021246668 0.4032869124 0.3956074891
v 0.1656911775 0.4195725781 0.3956074891
v 0.1279609301 0.4325745196 0.3956074891
v 0.08922921492 0.4421909789 0.3956074891
v 0.04979916016 0.4483466943 0.3956074891
v 0.009979359448 0.4509934888 0.3956074891
v -0.02991854328 0.4501106479 0.3956074891
v -0.06958229284 0.4457050809 0.3956074891
v -0.1087014666 0.4378112673 0.3956074891
v -0.146969904 0.4264909869 0.3956074891
v -0.1840881027 0.4118328363 0.3956074891
v -0.2197655623 0.3939515354 0.3956074891
v -0.2537230585 0.3729870295 0.3956074891
v -0.2856948277 0.3491033945 0.3956074891
v -0.3154306475 0.322487552 0.3956074891
v -0.3426977949 0.2933478072 0.3956074891
v -0.3672828673 0.2619122181 0.3956074891
v -0.3889934533 0.2284268108 0.3956074891
v -0.4076596381 0.1931536539 0.3956074891
v -0.4231353336 0.1563688079 0.3956074891
v -0.4352994213 0.1183601638 0.3956074891
v -0.4440567009 0.07942519107 0.3956074891
v -0.4493386347 0.0398686085 0.3956074891
v -0.4511038845 5.524429282e-17 0.3956074891
v -0.4493386347 -0.0398686085 0.3956074891
v -0.4440567009 -0.07942519107 0.3956074891
v -0.4352994213 -0.1183601638 0.3956074891
v -0.4231353336 -0.1563688079 0.3956074891
v -0.4076596381 -0.1931536539 0.3956074891
v -0.3889934533 -0.2284268108 0.3956074891
v -0.3672828673 -0.2619122181 0.3956074891
v -0.3426977949 -0.2933478072 0.3956074891
v -0.3154306475 -0.322487552 0.3956074891
v -0.2856948277 -0.3491033945 0.3956074891
v -0.2537230585 -0.3729870295 0.3956074891
v -0.2197655623 -0.3939515354 0.3956074891
v -0.1840881027 -0.4118328363 0.3956074891
v -0.146969904 -0.4264909869 0.3956074891
v -0.1087014666 -0.4378112673 0.3956074891
v -0.06958229284 -0.4457050809 0.3956074891
v -0.02991854328 -0.4501106479 0.3956074891
v 0.009979359448 -0.4509934888 0.3956074891
v 0.04979916016 -0.4483466943 0.3956074891
v 0.08922921492 -0.4421909789 0.3956074891
v 0.1279609301 -0.4325745196 0.3956074891
v 0.1656911775 -0.4195725781 0.3956074891
v 0.2021246668 -0.4032869124 0.3956074891
v 0.2369762565 -0.3838449797 0.3956074891
v 0.2699731857 -0.3613989397 0.3956074891
v 0.3008572087 -0.336124463 0.3956074891
v 0.3293866161 -0.3082193566 0.3956074891
v 0.3553381266 -0.2779020158 0.3956074891
v 0.3785086345 -0.245409715 0.3956074891
v 0.3987167992 -0.2109967504 0.3956074891
v 0.4158044643 -0.1749324501 0.3956074891
v 0.4296378956 -0.1374990663 0.3956074891
v 0.440108828 -0.09898956582 0.3956074891
v 0.447135312 -0.05970533779 0.3956074891
v 0.450662356 -0.01995383453 0.3956074891
v 0.4760120042 0 0.3652568574
v 0.4743425631 0.03983165791 0.3652568574
v 0.4693459497 0.07938392536 0.3652568574
v 0.4610572117 0.1183793716 0.3652568574
v 0.4495344887 0.1565444716 0.3652568574
v 0.4348586042 0.1936115246 0.3652568574
v 0.417132499 0.2293205319 0.3652568574
v 0.3964805091 0.2634210204 0.3652568574
v 0.3730474933 0.2956737998 0.3652568574
v 0.3469978173 0.3258526398 0.3652568574
v 0.318514201 0.3537458578 0.3652568574
v 0.2877964364 0.3791578027 0.3652568574
v 0.2550599866 0.401910228 0.3652568574
v 0.2205344742 0.4218435419 0.3652568574
v 0.184462071 0.4388179264 0.3652568574
v 0.1470957988 0.4527143184 0.3652568574
v 0.1086977553 0.4634352448 0.3652568574
v 0.0695372752 0.4709055059 0.3652568574
v 0.02988904104 0.4750727032 0.3652568574
v -0.009968843261 0.4759076069 0.3652568574
v -0.04975680329 0.4734043606 0.3652568574
v -0.0891957551 0.4675805229 0.3652568574
v -0.1280090628 0.4584769438 0.3652568574
v -0.1659244788 0.4461574783 0.3652568574
v -0.2026760539 0.4307085387 0.3652568574
v -0.2380060021 0.4122384881 0.3652568574
v -0.2716665092 0.3908768808 0.3652568574
v -0.3034214709 0.3667735529 0.3652568574
v -0.333048149 0.3400975722 0.3652568574
v -0.3603387336 0.3110360513 0.3652568574
v -0.3851018009 0.279792836 0.3652568574
v -0.4071636558 0.2465870749 0.3652568574
v -0.4263695502 0.2116516828 0.3652568574
v -0.4425847685 0.1752317061 0.3652568574
v -0.4556955727 0.1375826049 0.3652568574
v -0.4656099998 0.09896846064 0.3652568574
v -0.4722585073 0.0596601237 0.3652568574
v -0.4755944608 0.01993331386 0.3652568574
v -0.4755944608 -0.01993331386 0.3652568574
v -0.4722585073 -0.0596601237 0.3652568574
v -0.4656099998 -0.09896846064 0.3652568574
v -0.4556955727 -0.1375826049 0.3652568574
v -0.4425847685 -0.1752317061 0.3652568574
v -0.4263695502 -0.2116516828 0.3652568574
v -0.4071636558 -0.2465870749 0.3652568574
v -0.3851018009 -0.279792836 0.3652568574
v -0.3603387336 -0.3110360513 0.3652568574
v -0.333048149 -0.3400975722 0.3652568574
v -0.3034214709 -0.3667735529 0.3652568574
v -0.2716665092 -0.3908768808 0.3652568574
v -0.2380060021 -0.4122384881 0.3652568574
v -0.2026760539 -0.4307085387 0.3652568574
v -0.1659244788 -0.4461574783 0.3652568574
v -0.1280090628 -0.4584769438 0.3652568574
v -0.0891957551 -0.4675805229 0.3652568574
v -0.04975680329 -0.4734043606 0.3652568574
v -0.009968843261 -0.4759076069 0.3652568574
v 0.02988904104 -0.4750727032 0.3652568574
v 0.0695372752 -0.4709055059 0.3652568574
v 0.1086977553 -0.4634352448 0.3652568574
v 0.1470957988 -0.4527143184 0.3652568574
v 0.184462071 -0.4388179264 0.3652568574
v 0.2205344742 -0.4218435419 0.3652568574
v 0.2550599866 -0.401910228 0.3652568574
v 0.2877964364 -0.3791578027 0.3652568574
v 0.318514201 -0.3537458578 0.3652568574
v 0.3469978173 -0.3258526398 0.3652568574
v 0.3730474933 -0.2956737998 0.3652568574
v 0.3964805091 -0.2634210204 0.3652568574
v 0.417132499 -0.2293205319 0.3652568574
v 0.4348586042 -0.1936115246 0.3652568574
v 0.4495344887 -0.1565444716 0.3652568574
v 0.4610572117 -0.1183793716 0.3652568574
v 0.4693459497 -0.07938392536 0.3652568574
v 0.4743425631 -0.03983165791 0.3652568574
v 0.4984771734 0.02008794337 0.3333421398
v 0.4952443576 0.06013355208 0.3333421398
v 0.4887996922 0.09978917163 0.3333421398
v 0.4791849731 0.1387976201 0.3333421398
v 0.4664625557 0.1769059128 0.3333421398
v 0.4507149496 0.2138669027 0.3333421398
v 0.432044284 0.2494408837 0.3333421398
v 0.4105716455 0.2833971448 0.3333421398
v 0.3864362924 0.3155154667 0.3333421398
v 0.3597947516 0.3455875498 0.3333421398
v 0.3308198037 0.373418365 0.3333421398
v 0.2996993625 0.3988274187 0.3333421398
v 0.2666352559 0.4216499236 0.3333421398
v 0.2318419174 0.441737867 0.3333421398
v 0.1955449951 0.4589609708 0.3333421398
v 0.1579798884 0.4732075366 0.3333421398
v 0.1193902216 0.4843851699 0.3333421398
v 0.0800262633 0.4924213795 0.3333421398
v 0.04014330402 0.4972640475 0.3333421398
v 3.054769798e-17 0.4988817674 0.3333421398
v -0.04014330402 0.4972640475 0.3333421398
v -0.0800262633 0.4924213795 0.3333421398
v -0.1193902216 0.4843851699 0.3333421398
v -0.1579798884 0.4732075366 0.3333421398
v -0.1955449951 0.4589609708 0.3333421398
v -0.2318419174 0.441737867 0.3333421398
v -0.2666352559 0.4216499236 0.3333421398
v -0.2996993625 0.3988274187 0.3333421398
v -0.3308198037 0.373418365 0.3333421398
v -0.3597947516 0.3455875498 0.3333421398
v -0.3864362924 0.3155154667 0.3333421398
v -0.4105716455 0.2833971448 0.3333421398
v -0.432044284 0.2494408837 0.3333421398
v -0.4507149496 0.2138669027 0.3333421398
v -0.4664625557 0.1769059128 0.3333421398
v -0.4791849731 0.1387976201 0.3333421398
v -0.4887996922 0.09978917163 0.3333421398
v -0.4952443576 0.06013355208 0.3333421398
v -0.4984771734 0.02008794337 0.3333421398
v -0.4984771734 -0.02008794337 0.3333421398
v -0.4952443576 -0.06013355208 0.3333421398
v -0.4887996922 -0.09978917163 0.3333421398
v -0.4791849731 -0.1387976201 0.3333421398
v -0.4664625557 -0.1769059128 0.3333421398
v -0.4507149496 -0.2138669027 0.3333421398
v -0.432044284 -0.2494408837 0.3333421398
v -0.4105716455 -0.2833971448 0.3333421398
v -0.3864362924 -0.3155154667 0.3333421398
v -0.3597947516 -0.3455875498 0.3333421398
v -0.3308198037 -0.373418365 0.3333421398
v -0.2996993625 -0.3988274187 0.3333421398
v -0.2666352559 -0.4216499236 0.3333421398
v -0.2318419174 -0.441737867 0.3333421398
v -0.1955449951 -0.4589609708 0.3333421398
v -0.1579798884 -0.4732075366 0.3333421398
v -0.1193902216 -0.4843851699 0.3333421398
v -0.0800262633 -0.4924213795 0.3333421398
v -0.04014330402 -0.4972640475 0.3333421398
v -8.022630696e-17 -0.4988817674 0.3333421398
v 0.04014330402 -0.4972640475 0.3333421398
v 0.0800262633 -0.4924213795 0.3333421398
v 0.1193902216 -0.4843851699 0.3333421398
v 0.1579798884 -0.4732075366 0.3333421398
v 0.1955449951 -0.4589609708 0.3333421398
v 0.2318419174 -0.441737867 0.3333421398
v 0.2666352559 -0.4216499236 0.3333421398
v 0.2996993625 -0.3988274187 0.3333421398
v 0.3308198037 -0.373418365 0.3333421398
v 0.3597947516 -0.3455875498 0.3333421398
v 0.3864362924 -0.3155154667 0.3333421398
v 0.4105716455 -0.2833971448 0.3333421398
v 0.432044284 -0.2494408837 0.3333421398
v 0.4507149496 -0.2138669027 0.3333421398
v 0.4664625557 -0.1769059128 0.3333421398
v 0.4791849731 -0.1387976201 0.3333421398
v 0.4887996922 -0.09978917163 0.3333421398
v 0.4952443576 -0.06013355208 0.3333421398
v 0.4984771734 -0.02008794337 0.3333421398
v 0.5196152423 0 0.3
v 0.5180905878 0.03977615856 0.3
v 0.5135255718 0.0793188948 0.3
v 0.5059469836 0.1183961562 0.3
v 0.4953992972 0.1567786219 0.3
v 0.4819444108 0.1942410483 0.3
v 0.465661283 0.2305635911 0.3
v 0.4466454696 0.2655330949 0.3
v 0.425008563 0.298944345 0.3
v 0.4008775371 0.3306012708 0.3
v 0.3743940024 0.3603180969 0.3
v 0.3457133749 0.3879204331 0.3
v 0.3150039638 0.413246298 0.3
v 0.2824459842 0.4361470693 0.3
v 0.2482304992 0.4564883561 0.3
v 0.212558299 0.4741507877 0.3
v 0.1756387222 0.489030714 0.3
v 0.1376884275 0.5010408137 0.3
v 0.09893012231 0.5101106065 0.3
v 0.05959125587 0.5161868675 0.3
v 0.01990268425 0.5192339388 0.3
v -0.01990268425 0.5192339388 0.3
v -0.05959125587 0.5161868675 0.3
v -0.09893012231 0.5101106065 0.3
v -0.1376884275 0.5010408137 0.3
v -0.1756387222 0.489030714 0.3
v -0.212558299 0.4741507877 0.3
v -0.2482304992 0.4564883561 0.3
v -0.2824459842 0.4361470693 0.3
v -0.3150039638 0.413246298 0.3
v -0.3457133749 0.3879204331 0.3
v -0.3743940024 0.3603180969 0.3
v -0.4008775371 0.3306012708 0.3
v -0.425008563 0.298944345 0.3
v -0.4466454696 0.2655330949 0.3
v -0.465661283 0.2305635911 0.3
v -0.4819444108 0.1942410483 0.3
v -0.4953992972 0.1567786219 0.3
v -0.5059469836 0.1183961562 0.3
v -0.5135255718 0.0793188948 0.3
v -0.5180905878 0.03977615856 0.3
v -0.5196152423 -6.363451432e-17 0.3
v -0.5180905878 -0.03977615856 0.3
v -0.5135255718 -0.0793188948 0.3
v -0.5059469836 -0.1183961562 0.3
v -0.4953992972 -0.1567786219 0.3
v -0.4819444108 -0.1942410483 0.3
v -0.465661283 -0.2305635911 0.3
v -0.4466454696 -0.2655330949 0.3
v -0.425008563 -0.298944345 0.3
v -0.4008775371 -0.3306012708 0.3
v -0.3743940024 -0.3603180969 0.3
v -0.3457133749 -0.3879204331 0.3
v -0.3150039638 -0.413246298 0.3
v -0.2824459842 -0.4361470693 0.3
v -0.2482304992 -0.4564883561 0.3
v -0.212558299 -0.4741507877 0.3
v -0.1756387222 -0.489030714 0.3
v -0.1376884275 -0.5010408137 0.3
v -0.09893012231 -0.5101106065 0.3
v -0.05959125587 -0.5161868675 0.3
v -0.01990268425 -0.5192339388 0.3
v 0.01990268425 -0.5192339388 0.3
v 0.05959125587 -0.5161868675 0.3
v 0.09893012231 -0.5101106065 0.3
v 0.1376884275 -0.5010408137 0.3
v 0.1756387222 -0.489030714 0.3
v 0.212558299 -0.4741507877 0.3
v 0.2482304992 -0.4564883561 0.3
v 0.2824459842 -0.4361470693 0.3
v 0.3150039638 -0.413246298 0.3
v 0.3457133749 -0.3879204331 0.3
v 0.3743940024 -0.3603180969 0.3
v 0.4008775371 -0.3306012708 0.3
v 0.425008563 -0.298944345 0.3
v 0.4466454696 -0.2655330949 0.3
v 0.465661283 -0.2305635911 0.3
v 0.4819444108 -0.1942410483 0.3
v 0.4953992972 -0.1567786219 0.3
v 0.5059469836 -0.1183961562 0.3
v 0.5135255718 -0.0793188948 0.3
v 0.5180905878 -0.03977615856 0.3
v 0.5377561388 0.01988447554 0.2653732141
v 0.5348191013 0.0595448245 0.2653732141
v 0.5289610673 0.09887996028 0.2653732141
v 0.5202140313 0.137675048 0.2653732141
v 0.5086257667 0.1757182024 0.2653732141
v 0.4942595646 0.2128016448 0.2653732141
v 0.4771938881 0.2487228385 0.2653732141
v 0.4575219441 0.2832855943 0.2653732141
v 0.4353511738 0.3163011424 0.2653732141
v 0.4108026664 0.3475891633 0.2653732141
v 0.3840104973 0.3769787728 0.2653732141
v 0.3551209961 0.404309455 0.2653732141
v 0.3242919471 0.4294319391 0.2653732141
v 0.2916917279 0.4522090148 0.2653732141
v 0.2574983897 0.4725162818 0.2653732141
v 0.2218986846 0.4902428286 0.2653732141
v 0.1850870458 0.5052918392 0.2653732141
v 0.1472645257 0.5175811209 0.2653732141
v 0.1086376979 0.527043554 0.2653732141
v 0.06941752859 0.533627458 0.2653732141
v 0.02981822485 0.5372968739 0.2653732141
v -0.009943935691 0.5380317606 0.2653732141
v -0.04965178591 0.5358281043 0.2653732141
v -0.08908845528 0.5306979408 0.2653732141
v -0.1280385544 0.5226692891 0.2653732141
v -0.1662893514 0.5117859991 0.2653732141
v -0.2036319335 0.4981075114 0.2653732141
v -0.2398623487 0.4817085331 0.2653732141
v -0.2747827189 0.46267863 0.2653732141
v -0.3082023212 0.4411217366 0.2653732141
v -0.3399386292 0.4171555892 0.2653732141
v -0.3698183104 0.3909110826 0.2653732141
v -0.3976781722 0.3625315553 0.2653732141
v -0.4233660537 0.3321720064 0.2653732141
v -0.4467416566 0.2999982491 0.2653732141
v -0.4676773115 0.2661860054 0.2653732141
v -0.4860586752 0.2309199461 0.2653732141
v -0.5017853549 0.1943926821 0.2653732141
v -0.514771457 0.1568037127 0.2653732141
v -0.5249460559 0.1183583358 0.2653732141
v -0.5322535815 0.07926652666 0.2653732141
v -0.5366541225 0.03974179127 0.2653732141
v -0.5381236449 6.590113993e-17 0.2653732141
v -0.5366541225 -0.03974179127 0.2653732141
v -0.5322535815 -0.07926652666 0.2653732141
v -0.5249460559 -0.1183583358 0.2653732141
v -0.514771457 -0.1568037127 0.2653732141
v -0.5017853549 -0.1943926821 0.2653732141
v -0.4860586752 -0.2309199461 0.2653732141
v -0.4676773115 -0.2661860054 0.2653732141
v -0.4467416566 -0.2999982491 0.2653732141
v -0.4233660537 -0.3321720064 0.2653732141
v -0.3976781722 -0.3625315553 0.2653732141
v -0.3698183104 -0.3909110826 0.2653732141
v -0.3399386292 -0.4171555892 0.2653732141
v -0.3082023212 -0.4411217366 0.2653732141
v -0.2747827189 -0.46267863 0.2653732141
v -0.2398623487 -0.4817085331 0.2653732141
v -0.2036319335 -0.4981075114 0.2653732141
v -0.1662893514 -0.5117859991 0.2653732141
v -0.1280385544 -0.5226692891 0.2653732141
v -0.08908845528 -0.5306979408 0.2653732141
v -0.04965178591 -0.5358281043 0.2653732141
v -0.009943935691 -0.5380317606 0.2653732141
v 0.02981822485 -0.5372968739 0.2653732141
v 0.06941752859 -0.533627458 0.2653732141
v 0.1086376979 -0.527043554 0.2653732141
v 0.1472645257 -0.5175811209 0.2653732141
v 0.1850870458 -0.5052918392 0.2653732141
v 0.2218986846 -0.4902428286 0.2653732141
v 0.2574983897 -0.4725162818 0.2653732141
v 0.2916917279 -0.4522090148 0.2653732141
v 0.3242919471 -0.4294319391 0.2653732141
v 0.3551209961 -0.404309455 0.2653732141
v 0.3840104973 -0.3769787728 0.2653732141
v 0.4108026664 -0.3475891633 0.2653732141
v 0.4353511738 -0.3163011424 0.2653732141
v 0.4575219441 -0.2832855943 0.2653732141
v 0.4771938881 -0.2487228385 0.2653732141
v 0.4942595646 -0.2128016448 0.2653732141
v 0.5086257667 -0.1757182024 0.2653732141
v 0.5202140313 -0.137675048 0.2653732141
v 0.5289610673 -0.09887996028 0.2653732141
v 0.5348191013 -0.0595448245 0.2653732141
v 0.5377561388 -0.01988447554 0.2653732141
v 0.5543277195 0 0.2296100594
v 0.5528827155 0.03999904422 0.2296100594
v 0.548555237 0.07978955194 0.2296100594
v 0.5413678455 0.1191640739 0.2296100594
v 0.5313580127 0.1579173295 0.2296100594
v 0.5185779253 0.1958472773 0.2296100594
v 0.5030942127 0.2327561681 0.2296100594
v 0.4849875998 0.268451576 0.2296100594
v 0.4643524861 0.3027474017 0.2296100594
v 0.4412964536 0.3354648426 0.2296100594
v 0.4159397057 0.3664333252 0.2296100594
v 0.3884144408 0.395491394 0.2296100594
v 0.3588641629 0.4224875539 0.2296100594
v 0.3274429333 0.4472810593 0.2296100594
v 0.294314568 0.4697426484 0.2296100594
v 0.2596517827 0.4897552168 0.2296100594
v 0.2236352933 0.5072144282 0.2296100594
v 0.186452873 0.5220292585 0.2296100594
v 0.1482983738 0.53412247 0.2296100594
v 0.1093707155 0.5434310142 0.2296100594
v 0.06987284897 0.5499063607 0.2296100594
v 0.03001069773 0.5535147502 0.2296100594
v -0.01000791538 0.5542373699 0.2296100594
v -0.04997435186 0.5520704527 0.2296100594
v -0.08968024521 0.5470252958 0.2296100594
v -0.1289185873 0.5391282023 0.2296100594
v -0.1674848075 0.5284203439 0.2296100594
v -0.2051778396 0.5149575466 0.2296100594
v -0.2418011693 0.498809999 0.2296100594
v -0.2771638598 0.4800618871 0.2296100594
v -0.3110815462 0.4588109548 0.2296100594
v -0.3433773974 0.4351679946 0.2296100594
v -0.3738830379 0.40925627 0.2296100594
v -0.4024394254 0.3812108727 0.2296100594
v -0.4288976801 0.3511780185 0.2296100594
v -0.4531198608 0.3193142846 0.2296100594
v -0.4749796844 0.2857857939 0.2296100594
v -0.4943631839 0.2507673485 0.2296100594
v -0.5111693026 0.2144415181 0.2296100594
v -0.5253104213 0.176997689 0.2296100594
v -0.5367128146 0.1386310759 0.2296100594
v -0.5453170359 0.09954170461 0.2296100594
v -0.5510782267 0.05993336892 0.2296100594
v -0.5539663507 0.02001256839 0.2296100594
v -0.5539663507 -0.02001256839 0.2296100594
v -0.5510782267 -0.05993336892 0.2296100594
v -0.5453170359 -0.09954170461 0.2296100594
v -0.5367128146 -0.1386310759 0.2296100594
v -0.5253104213 -0.176997689 0.2296100594
v -0.5111693026 -0.2144415181 0.2296100594
v -0.4943631839 -0.2507673485 0.2296100594
v -0.4749796844 -0.2857857939 0.2296100594
v -0.4531198608 -0.3193142846 0.2296100594
v -0.4288976801 -0.3511780185 0.2296100594
v -0.4024394254 -0.3812108727 0.2296100594
v -0.3738830379 -0.40925627 0.2296100594
v -0.3433773974 -0.4351679946 0.2296100594
v -0.3110815462 -0.4588109548 0.2296100594
v -0.2771638598 -0.4800618871 0.2296100594
v -0.2418011693 -0.498809999 0.2296100594
v -0.2051778396 -0.5149575466 0.2296100594
v -0.1674848075 -0.5284203439 0.2296100594
v -0.1289185873 -0.5391282023 0.2296100594
v -0.08968024521 -0.5470252958 0.2296100594
v -0.04997435186 -0.5520704527 0.2296100594
v -0.01000791538 -0.5542373699 0.2296100594
v 0.03001069773 -0.5535147502 0.2296100594
v 0.06987284897 -0.5499063607 0.2296100594
v 0.1093707155 -0.5434310142 0.2296100594
v 0.1482983738 -0.53412247 0.2296100594
v 0.186452873 -0.5220292585 0.2296100594
v 0.2236352933 -0.5072144282 0.2296100594
v 0.2596517827 -0.4897552168 0.2296100594
v 0.294314568 -0.4697426484 0.2296100594
v 0.3274429333 -0.4472810593 0.2296100594
v 0.3588641629 -0.4224875539 0.2296100594
v 0.3884144408 -0.395491394 0.2296100594
v 0.4159397057 -0.3664333252 0.2296100594
v 0.4412964536 -0.3354648426 0.2296100594
v 0.4643524861 -0.3027474017 0.2296100594
v 0.4849875998 -0.268451576 0.2296100594
v 0.5030942127 -0.2327561681 0.2296100594
v 0.5185779253 -0.1958472773 0.2296100594
v 0.5313580127 -0.1579173295 0.2296100594
v 0.5413678455 -0.1191640739 0.2296100594
v 0.548555237 -0.07978955194 0.2296100594
v 0.5528827155 -0.03999904422 0.2296100594
v 0.5678041506 0.02005113029 0.1928636792
v 0.5649753789 0.06005349715 0.1928636792
v 0.5593319282 0.09975668051 0.1928636792
v 0.5509019141 0.1389628811 0.1928636792
v 0.5397273343 0.1774767756 0.1928636792
v 0.5258638601 0.2151064898 0.1928636792
v 0.5093805585 0.2516645542 0.1928636792
v 0.4903595487 0.2869688385 0.1928636792
v 0.4688955923 0.3208434584 0.1928636792
v 0.4450956216 0.3531196524 0.1928636792
v 0.4190782069 0.3836366221 0.1928636792
v 0.3909729656 0.4122423334 0.1928636792
v 0.3609199167 0.4387942741 0.1928636792
v 0.329068783 0.4631601638 0.1928636792
v 0.2955782451 0.4852186129 0.1928636792
v 0.2606151512 0.5048597273 0.1928636792
v 0.2243536858 0.5219856558 0.1928636792
v 0.1869745016 0.5365110782 0.1928636792
v 0.1486638199 0.5483636293 0.1928636792
v 0.1096125025 0.5574842604 0.1928636792
v 0.07001510107 0.5638275329 0.1928636792
v 0.03006888796 0.5673618451 0.1928636792
v -0.01002712684 0.568069589 0.1928636792
v -0.05007318699 0.5659472389 0.1928636792
v -0.08986978504 0.5610053681 0.1928636792
v -0.1292186563 0.5532685967 0.1928636792
v -0.1679237668 0.542775469 0.1928636792
v -0.2057922895 0.5295782613 0.1928636792
v -0.2426355654 0.5137427213 0.1928636792
v -0.2782700431 0.4953477409 0.1928636792
v -0.3125181934 0.4744849629 0.1928636792
v -0.3452093938 0.4512583248 0.1928636792
v -0.3761807784 0.4257835404 0.1928636792
v -0.4052780492 0.3981875238 0.1928636792
v -0.4323562452 0.3686077569 0.1928636792
v -0.4572804642 0.3371916048 0.1928636792
v -0.4799265348 0.3040955811 0.1928636792
v -0.5001816356 0.2694845684 0.1928636792
v -0.5179448567 0.2335309972 0.1928636792
v -0.5331277025 0.1964139864 0.1928636792
v -0.545654533 0.1583184509 0.1928636792
v -0.55546294 0.1194341809 0.1928636792
v -0.5625040586 0.07995489575 0.1928636792
v -0.5667428102 0.04007727937 0.1928636792
v -0.5681580777 6.957929713e-17 0.1928636792
v -0.5667428102 -0.04007727937 0.1928636792
v -0.5625040586 -0.07995489575 0.1928636792
v -0.55546294 -0.1194341809 0.1928636792
v -0.545654533 -0.1583184509 0.1928636792
v -0.5331277025 -0.1964139864 0.1928636792
v -0.5179448567 -0.2335309972 0.1928636792
v -0.5001816356 -0.2694845684 0.1928636792
v -0.4799265348 -0.3040955811 0.1928636792
v -0.4572804642 -0.3371916048 0.1928636792
v -0.4323562452 -0.3686077569 0.1928636792
v -0.4052780492 -0.3981875238 0.1928636792
v -0.3761807784 -0.4257835404 0.1928636792
v -0.3452093938 -0.4512583248 0.1928636792
v -0.3125181934 -0.4744849629 0.1928636792
v -0.2782700431 -0.4953477409 0.1928636792
v -0.2426355654 -0.5137427213 0.1928636792
v -0.2057922895 -0.5295782613 0.1928636792
v -0.1679237668 -0.542775469 0.1928636792
v -0.1292186563 -0.5532685967 0.1928636792
v -0.08986978504 -0.5610053681 0.1928636792
v -0.05007318699 -0.5659472389 0.1928636792
v -0.01002712684 -0.568069589 0.1928636792
v 0.03006888796 -0.5673618451 0.1928636792
v 0.07001510107 -0.5638275329 0.1928636792
v 0.1096125025 -0.5574842604 0.1928636792
v 0.1486638199 -0.5483636293 0.1928636792
v 0.1869745016 -0.5365110782 0.1928636792
v 0.2243536858 -0.5219856558 0.1928636792
v 0.2606151512 -0.5048597273 0.1928636792
v 0.2955782451 -0.4852186129 0.1928636792
v 0.329068783 -0.4631601638 0.1928636792
v 0.3609199167 -0.4387942741 0.1928636792
v 0.3909729656 -0.4122423334 0.1928636792
v 0.4190782069 -0.3836366221 0.1928636792
v 0.4450956216 -0.3531196524 0.1928636792
v 0.4688955923 -0.3208434584 0.1928636792
v 0.4903595487 -0.2869688385 0.1928636792
v 0.5093805585 -0.2516645542 0.1928636792
v 0.5258638601 -0.2151064898 0.1928636792
v 0.5397273343 -0.1774767756 0.1928636792
v 0.5509019141 -0.1389628811 0.1928636792
v 0.5593319282 -0.09975668051 0.1928636792
v 0.5649753789 -0.06005349715 0.1928636792
v 0.5678041506 -0.02005113029 0.1928636792
v 0.5795554958 0 0.1552914271
v 0.5781745728 0.0399841969 0.1552914271
v 0.5740383848 0.07977785089 0.1552914271
v 0.5671666424 0.1191913271 0.1552914271
v 0.5575920927 0.1580368023 0.1552914271
v 0.5453603627 0.1961291603 0.1552914271
v 0.5305297422 0.2332868734 0.1552914271
v 0.5131709059 0.2693328684 0.1552914271
v 0.4933665766 0.3040953696 0.1552914271
v 0.4712111308 0.3374087178 0.1552914271
v 0.4468101494 0.3691141599 0.1552914271
v 0.4202799142 0.3990606049 0.1552914271
v 0.3917468538 0.4271053444 0.1552914271
v 0.3613469412 0.4531147324 0.1552914271
v 0.3292250459 0.4769648224 0.1552914271
v 0.2955342433 0.4985419578 0.1552914271
v 0.2604350855 0.5177433137 0.1552914271
v 0.2240948359 0.534477387 0.1552914271
v 0.1866866723 0.5486644321 0.1552914271
v 0.1483888618 0.5602368413 0.1552914271
v 0.1093839107 0.5691394669 0.1552914271
v 0.06985769548 0.5753298837 0.1552914271
v 0.02999857653 0.5787785916 0.1552914271
v -0.0100034993 0.5794691559 0.1552914271
v -0.0499579039 0.5773982859 0.1552914271
v -0.08967423634 0.57257585 0.1552914271
v -0.1289632302 0.5650248295 0.1552914271
v -0.1676376555 0.5547812083 0.1552914271
v -0.2055132111 0.5418938021 0.1552914271
v -0.2424094026 0.5264240251 0.1552914271
v -0.278150403 0.5084455979 0.1552914271
v -0.31256589 0.4880441959 0.1552914271
v -0.3454918582 0.465317041 0.1552914271
v -0.3767714003 0.4403724385 0.1552914271
v -0.4062554552 0.4133292608 0.1552914271
v -0.4338035177 0.384316381 0.1552914271
v -0.459284309 0.3534720585 0.1552914271
v -0.4825764014 0.3209432808 0.1552914271
v -0.5035687975 0.2868850621 0.1552914271
v -0.5221614589 0.2514597055 0.1552914271
v -0.5382657832 0.2148360289 0.1552914271
v -0.5518050259 0.1771885608 0.1552914271
v -0.5627146664 0.1386967085 0.1552914271
v -0.5709427152 0.09954390317 0.1552914271
v -0.576449962 0.05991672584 0.1552914271
v -0.5792101622 0.02000401803 0.1552914271
v -0.5792101622 -0.02000401803 0.1552914271
v -0.576449962 -0.05991672584 0.1552914271
v -0.5709427152 -0.09954390317 0.1552914271
v -0.5627146664 -0.1386967085 0.1552914271
v -0.5518050259 -0.1771885608 0.1552914271
v -0.5382657832 -0.2148360289 0.1552914271
v -0.5221614589 -0.2514597055 0.1552914271
v -0.5035687975 -0.2868850621 0.1552914271
v -0.4825764014 -0.3209432808 0.1552914271
v -0.459284309 -0.3534720585 0.1552914271
v -0.4338035177 -0.384316381 0.1552914271
v -0.4062554552 -0.4133292608 0.1552914271
v -0.3767714003 -0.4403724385 0.1552914271
v -0.3454918582 -0.465317041 0.1552914271
v -0.31256589 -0.4880441959 0.1552914271
v -0.278150403 -0.5084455979 0.1552914271
v -0.2424094026 -0.5264240251 0.1552914271
v -0.2055132111 -0.5418938021 0.1552914271
v -0.1676376555 -0.5547812083 0.1552914271
v -0.1289632302 -0.5650248295 0.1552914271
v -0.08967423634 -0.57257585 0.1552914271
v -0.0499579039 -0.5773982859 0.1552914271
v -0.0100034993 -0.5794691559 0.1552914271
v 0.02999857653 -0.5787785916 0.1552914271
v 0.06985769548 -0.5753298837 0.1552914271
v 0.1093839107 -0.5691394669 0.1552914271
v 0.1483888618 -0.5602368413 0.1552914271
v 0.1866866723 -0.5486644321 0.1552914271
v 0.2240948359 -0.534477387 0.1552914271
v 0.2604350855 -0.5177433137 0.1552914271
v 0.2955342433 -0.4985419578 0.1552914271
v 0.3292250459 -0.4769648224 0.1552914271
v 0.3613469412 -0.4531147324 0.1552914271
v 0.3917468538 -0.4271053444 0.1552914271
v 0.4202799142 -0.3990606049 0.1552914271
v 0.4468101494 -0.3691141599 0.1552914271
v 0.4712111308 -0.3374087178 0.1552914271
v 0.4933665766 -0.3040953696 0.1552914271
v 0.5131709059 -0.2693328684 0.1552914271
v 0.5305297422 -0.2332868734 0.1552914271
v 0.5453603627 -0.1961291603 0.1552914271
v 0.5575920927 -0.1580368023 0.1552914271
v 0.5671666424 -0.1191913271 0.1552914271
v 0.5740383848 -0.07977785089 0.1552914271
v 0.5781745728 -0.0399841969 0.1552914271
v 0.5881281027 0.020091059 0.1170541932
v 0.585385978 0.0601795032 0.1170541932
v 0.5799145136 0.09998736277 0.1170541932
v 0.5717392201 0.1393290351 0.1170541932
v 0.5608982144 0.1780210912 0.1170541932
v 0.5474420423 0.2158831307 0.1170541932
v 0.5314334427 0.2527386235 0.1170541932
v 0.5129470551 0.2884157321 0.1170541932
v 0.4920690715 0.3227481134 0.1170541932
v 0.4688968348 0.355575694 0.1170541932
v 0.4435383845 0.3867454166 0.1170541932
v 0.4161119536 0.4161119536 0.1170541932
v 0.3867454166 0.4435383845 0.1170541932
v 0.355575694 0.4688968348 0.1170541932
v 0.3227481134 0.4920690715 0.1170541932
v 0.2884157321 0.5129470551 0.1170541932
v 0.2527386235 0.5314334427 0.1170541932
v 0.2158831307 0.5474420423 0.1170541932
v 0.1780210912 0.5608982144 0.1170541932
v 0.1393290351 0.5717392201 0.1170541932
v 0.09998736277 0.5799145136 0.1170541932
v 0.0601795032 0.585385978 0.1170541932
v 0.020091059 0.5881281027 0.1170541932
v -0.020091059 0.5881281027 0.1170541932
v -0.0601795032 0.585385978 0.1170541932
v -0.09998736277 0.5799145136 0.1170541932
v -0.1393290351 0.5717392201 0.1170541932
v -0.1780210912 0.5608982144 0.1170541932
v -0.2158831307 0.5474420423 0.1170541932
v -0.2527386235 0.5314334427 0.1170541932
v -0.2884157321 0.5129470551 0.1170541932
v -0.3227481134 0.4920690715 0.1170541932
v -0.355575694 0.4688968348 0.1170541932
v -0.3867454166 0.4435383845 0.1170541932
v -0.4161119536 0.4161119536 0.1170541932
v -0.4435383845 0.3867454166 0.1170541932
v -0.4688968348 0.355575694 0.1170541932
v -0.4920690715 0.3227481134 0.1170541932
v -0.5129470551 0.2884157321 0.1170541932
v -0.5314334427 0.2527386235 0.1170541932
v -0.5474420423 0.2158831307 0.1170541932
v -0.5608982144 0.1780210912 0.1170541932
v -0.5717392201 0.1393290351 0.1170541932
v -0.5799145136 0.09998736277 0.1170541932
v -0.585385978 0.0601795032 0.1170541932
v -0.5881281027 0.020091059 0.1170541932
v -0.5881281027 -0.020091059 0.1170541932
v -0.585385978 -0.0601795032 0.1170541932
v -0.5799145136 -0.09998736277 0.1170541932
v -0.5717392201 -0.1393290351 0.1170541932
v -0.5608982144 -0.1780210912 0.1170541932
v -0.5474420423 -0.2158831307 0.1170541932
v -0.5314334427 -0.2527386235 0.1170541932
v -0.5129470551 -0.2884157321 0.1170541932
v -0.4920690715 -0.3227481134 0.1170541932
v -0.4688968348 -0.355575694 0.1170541932
v -0.4435383845 -0.3867454166 0.1170541932
v -0.4161119536 -0.4161119536 0.1170541932
v -0.3867454166 -0.4435383845 0.1170541932
v -0.355575694 -0.4688968348 0.1170541932
v -0.3227481134 -0.4920690715 0.1170541932
v -0.2884157321 -0.5129470551 0.1170541932
v -0.2527386235 -0.5314334427 0.1170541932
v -0.2158831307 -0.5474420423 0.1170541932
v -0.1780210912 -0.5608982144 0.1170541932
v -0.1393290351 -0.5717392201 0.1170541932
v -0.09998736277 -0.5799145136 0.1170541932
v -0.0601795032 -0.585385978 0.1170541932
v -0.020091059 -0.5881281027 0.1170541932
v 0.020091059 -0.5881281027 0.1170541932
v 0.0601795032 -0.585385978 0.1170541932
v 0.09998736277 -0.5799145136 0.1170541932
v 0.1393290351 -0.5717392201 0.1170541932
v 0.1780210912 -0.5608982144 0.1170541932
v 0.2158831307 -0.5474420423 0.1170541932
v 0.2527386235 -0.5314334427 0.1170541932
v 0.2884157321 -0.5129470551 0.1170541932
v 0.3227481134 -0.4920690715 0.1170541932
v 0.355575694 -0.4688968348 0.1170541932
v 0.3867454166 -0.4435383845 0.1170541932
v 0.4161119536 -0.4161119536 0.1170541932
v 0.4435383845 -0.3867454166 0.1170541932
v 0.4688968348 -0.355575694 0.1170541932
v 0.4920690715 -0.3227481134 0.1170541932
v 0.5129470551 -0.2884157321 0.1170541932
v 0.5314334427 -0.2527386235 0.1170541932
v 0.5474420423 -0.2158831307 0.1170541932
v 0.5608982144 -0.1780210912 0.1170541932
v 0.5717392201 -0.1393290351 0.1170541932
v 0.5799145136 -0.09998736277 0.1170541932
v 0.585385978 -0.0601795032 0.1170541932
v 0.5881281027 -0.020091059 0.1170541932
v 0.5948669168 0 0.07831571533
v 0.5935097962 0.04015931497 0.07831571533
v 0.5894446264 0.0801353922 0.07831571533
v 0.5826899561 0.11974583 0.07831571533
v 0.5732766051 0.1588098951 0.07831571533
v 0.5612475245 0.197149347 0.07831571533
v 0.5466576001 0.2345892517 0.07831571533
v 0.5295734025 0.2709587794 0.07831571533
v 0.5100728829 0.3060919844 0.07831571533
v 0.4882450177 0.3398285618 0.07831571533
v 0.4641894025 0.3720145795 0.07831571533
v 0.4380157975 0.4025031799 0.07831571533
v 0.4098436269 0.4311552507 0.07831571533
v 0.3798014339 0.4578400589 0.07831571533
v 0.348026294 0.482435848 0.07831571533
v 0.3146631899 0.5048303929 0.07831571533
v 0.2798643499 0.5249215126 0.07831571533
v 0.2437885531 0.5426175358 0.07831571533
v 0.206600405 0.5578377196 0.07831571533
v 0.1684695866 0.5705126179 0.07831571533
v 0.1295700801 0.5805843979 0.07831571533
v 0.09007937513 0.5880071045 0.07831571533
v 0.05017765859 0.5927468695 0.07831571533
v 0.0100469929 0.5947820665 0.07831571533
v -0.03012951491 0.5941034094 0.07831571533
v -0.07016854865 0.5907139947 0.07831571533
v -0.1098874194 0.5846292875 0.07831571533
v -0.1491048991 0.5758770509 0.07831571533
v -0.1876420473 0.5644972195 0.07831571533
v -0.2253230278 0.5505417167 0.07831571533
v -0.2619759111 0.5340742184 0.07831571533
v -0.2974334584 0.5151698618 0.07831571533
v -0.331533885 0.4939149034 0.07831571533
v -0.3641215986 0.4704063245 0.07831571533
v -0.3950479088 0.4447513895 0.07831571533
v -0.424171706 0.4170671559 0.07831571533
v -0.4513601051 0.3874799405 0.07831571533
v -0.4764890514 0.356124743 0.07831571533
v -0.4994438876 0.32314463 0.07831571533
v -0.5201198758 0.2886900822 0.07831571533
v -0.5384226763 0.2529183077 0.07831571533
v -0.5542687776 0.215992525 0.07831571533
v -0.5675858777 0.178081218 0.07831571533
v -0.5783132135 0.1393573672 0.07831571533
v -0.5864018388 0.09999766067 0.07831571533
v -0.591814847 0.06018168778 0.07831571533
v -0.5945275399 0.02009111965 0.07831571533
v -0.5945275399 -0.02009111965 0.07831571533
v -0.591814847 -0.06018168778 0.07831571533
v -0.5864018388 -0.09999766067 0.07831571533
v -0.5783132135 -0.1393573672 0.07831571533
v -0.5675858777 -0.178081218 0.07831571533
v -0.5542687776 -0.215992525 0.07831571533
v -0.5384226763 -0.2529183077 0.07831571533
v -0.5201198758 -0.2886900822 0.07831571533
v -0.4994438876 -0.32314463 0.07831571533
v -0.4764890514 -0.356124743 0.07831571533
v -0.4513601051 -0.3874799405 0.07831571533
v -0.424171706 -0.4170671559 0.07831571533
v -0.3950479088 -0.4447513895 0.07831571533
v -0.3641215986 -0.4704063245 0.07831571533
v -0.331533885 -0.4939149034 0.07831571533
v -0.2974334584 -0.5151698618 0.07831571533
v -0.2619759111 -0.5340742184 0.07831571533
v -0.2253230278 -0.5505417167 0.07831571533
v -0.1876420473 -0.5644972195 0.07831571533
v -0.1491048991 -0.5758770509 0.07831571533
v -0.1098874194 -0.5846292875 0.07831571533
v -0.07016854865 -0.5907139947 0.07831571533
v -0.03012951491 -0.5941034094 0.07831571533
v 0.0100469929 -0.5947820665 0.07831571533
v 0.05017765859 -0.5927468695 0.07831571533
v 0.09007937513 -0.5880071045 0.07831571533
v 0.1295700801 -0.5805843979 0.07831571533
v 0.1684695866 -0.5705126179 0.07831571533
v 0.206600405 -0.5578377196 0.07831571533
v 0.2437885531 -0.5426175358 0.07831571533
v 0.2798643499 -0.5249215126 0.07831571533
v 0.3146631899 -0.5048303929 0.07831571533
v 0.348026294 -0.482435848 0.07831571533
v 0.3798014339 -0.4578400589 0.07831571533
v 0.4098436269 -0.4311552507 0.07831571533
v 0.4380157975 -0.4025031799 0.07831571533
v 0.4641894025 -0.3720145795 0.07831571533
v 0.4882450177 -0.3398285618 0.07831571533
v 0.5100728829 -0.3060919844 0.07831571533
v 0.5295734025 -0.2709587794 0.07831571533
v 0.5466576001 -0.2345892517 0.07831571533
v 0.5612475245 -0.197149347 0.07831571533
v 0.5732766051 -0.1588098951 0.07831571533
v 0.5826899561 -0.11974583 0.07831571533
v 0.5894446264 -0.0801353922 0.07831571533
v 0.5935097962 -0.04015931497 0.07831571533
v 0.5983810096 0.02000605979 0.03924187754
v 0.5957084947 0.05992882744 0.03924187754
v 0.5903754011 0.0995839384 0.03924187754
v 0.5824055477 0.1387942833 0.03924187754
v 0.5718345297 0.1773847393 0.03924187754
v 0.5587095598 0.2151829519 0.03924187754
v 0.5430892575 0.2520201053 0.03924187754
v 0.5250433867 0.2877316757 0.03924187754
v 0.5046525446 0.3221581665 0.03924187754
v 0.4820078018 0.3551458208 0.03924187754
v 0.4572102951 0.3865473077 0.03924187754
v 0.4303707763 0.4162223804 0.03924187754
v 0.4016091171 0.4440385029 0.03924187754
v 0.3710537741 0.4698714417 0.03924187754
v 0.3388412149 0.4936058206 0.03924187754
v 0.3051153085 0.5151356361 0.03924187754
v 0.2700266832 0.5343647307 0.03924187754
v 0.2337320531 0.5512072228 0.03924187754
v 0.1963935189 0.5655878895 0.03924187754
v 0.1581778435 0.5774425035 0.03924187754
v 0.1192557076 0.5867181191 0.03924187754
v 0.07980094666 0.5933733091 0.03924187754
v 0.03998977535 0.5973783499 0.03924187754
v 3.666074209e-17 0.5987153539 0.03924187754
v -0.03998977535 0.5973783499 0.03924187754
v -0.07980094666 0.5933733091 0.03924187754
v -0.1192557076 0.5867181191 0.03924187754
v -0.1581778435 0.5774425035 0.03924187754
v -0.1963935189 0.5655878895 0.03924187754
v -0.2337320531 0.5512072228 0.03924187754
v -0.2700266832 0.5343647307 0.03924187754
v -0.3051153085 0.5151356361 0.03924187754
v -0.3388412149 0.4936058206 0.03924187754
v -0.3710537741 0.4698714417 0.03924187754
v -0.4016091171 0.4440385029 0.03924187754
v -0.4303707763 0.4162223804 0.03924187754
v -0.4572102951 0.3865473077 0.03924187754
v -0.4820078018 0.3551458208 0.03924187754
v -0.5046525446 0.3221581665 0.03924187754
v -0.5250433867 0.2877316757 0.03924187754
v -0.5430892575 0.2520201053 0.03924187754
v -0.5587095598 0.2151829519 0.03924187754
v -0.5718345297 0.1773847393 0.03924187754
v -0.5824055477 0.1387942833 0.03924187754
v -0.5903754011 0.0995839384 0.03924187754
v -0.5957084947 0.05992882744 0.03924187754
v -0.5983810096 0.02000605979 0.03924187754
v -0.5983810096 -0.02000605979 0.03924187754
v -0.5957084947 -0.05992882744 0.03924187754
v -0.5903754011 -0.0995839384 0.03924187754
v -0.5824055477 -0.1387942833 0.03924187754
v -0.5718345297 -0.1773847393 0.03924187754
v -0.5587095598 -0.2151829519 0.03924187754
v -0.5430892575 -0.2520201053 0.03924187754
v -0.5250433867 -0.2877316757 0.03924187754
v -0.5046525446 -0.3221581665 0.03924187754
v -0.4820078018 -0.3551458208 0.03924187754
v -0.4572102951 -0.3865473077 0.03924187754
v -0.4303707763 -0.4162223804 0.03924187754
v -0.4016091171 -0.4440385029 0.03924187754
v -0.3710537741 -0.4698714417 0.03924187754
v -0.3388412149 -0.4936058206 0.03924187754
v -0.3051153085 -0.5151356361 0.03924187754
v -0.2700266832 -0.5343647307 0.03924187754
v -0.2337320531 -0.5512072228 0.03924187754
v -0.1963935189 -0.5655878895 0.03924187754
v -0.1581778435 -0.5774425035 0.03924187754
v -0.1192557076 -0.5867181191 0.03924187754
v -0.07980094666 -0.5933733091 0.03924187754
v -0.03998977535 -0.5973783499 0.03924187754
v -9.628077214e-17 -0.5987153539 0.03924187754
v 0.03998977535 -0.5973783499 0.03924187754
v 0.07980094666 -0.5933733091 0.03924187754
v 0.1192557076 -0.5867181191 0.03924187754
v 0.1581778435 -0.5774425035 0.03924187754
v 0.1963935189 -0.5655878895 0.03924187754
v 0.2337320531 -0.5512072228 0.03924187754
v 0.2700266832 -0.5343647307 0.03924187754
v 0.3051153085 -0.5151356361 0.03924187754
v 0.3388412149 -0.4936058206 0.03924187754
v 0.3710537741 -0.4698714417 0.03924187754
v 0.4016091171 -0.4440385029 0.03924187754
v 0.4303707763 -0.4162223804 0.03924187754
v 0.4572102951 -0.3865473077 0.03924187754
v 0.4820078018 -0.3551458208 0.03924187754
v 0.5046525446 -0.3221581665 0.03924187754
v 0.5250433867 -0.2877316757 0.03924187754
v 0.5430892575 -0.2520201053 0.03924187754
v 0.5587095598 -0.2151829519 0.03924187754
v 0.5718345297 -0.1773847393 0.03924187754
v 0.5824055477 -0.1387942833 0.03924187754
v 0.5903754011 -0.0995839384 0.03924187754
v 0.5957084947 -0.05992882744 0.03924187754
v 0.5983810096 -0.02000605979 0.03924187754
v 0.6 0 0
v 0.5986601272 0.04007558025 0
v 0.5946464929 0.07997217322 0
v 0.587977023 0.1195115911 0
v 0.578681505 0.1585172411 0
v 0.566801455 0.1968149147 0
v 0.552389932 0.2342335651 0
v 0.5355113015 0.2706060715 0
v 0.5162409476 0.3057699856 0
v 0.4946649362 0.3395682566 0
v 0.4708796312 0.3718499334 0
v 0.4449912634 0.4024708381 0
v 0.4171154566 0.4312942103 0
v 0.3873767109 0.4581913179 0
v 0.3559078468 0.4830420319 0
v 0.3228494119 0.5057353629 0
v 0.2883490531 0.5261699569 0
v 0.2525608575 0.5442545482 0
v 0.2156446637 0.5599083666 0
v 0.1777653485 0.5730614983 0
v 0.1390920902 0.5836551983 0
v 0.09979761275 0.5916421524 0
v 0.06005741497 0.5969866891 0
v 0.0200489862 0.5996649382 0
v -0.0200489862 0.5996649382 0
v -0.06005741497 0.5969866891 0
v -0.09979761275 0.5916421524 0
v -0.1390920902 0.5836551983 0
v -0.1777653485 0.5730614983 0
v -0.2156446637 0.5599083666 0
v -0.2525608575 0.5442545482 0
v -0.2883490531 0.5261699569 0
v -0.3228494119 0.5057353629 0
v -0.3559078468 0.4830420319 0
v -0.3873767109 0.4581913179 0
v -0.4171154566 0.4312942103 0
v -0.4449912634 0.4024708381 0
v -0.4708796312 0.3718499334 0
v -0.4946649362 0.3395682566 0
v -0.5162409476 0.3057699856 0
v -0.5355113015 0.2706060715 0
v -0.552389932 0.2342335651 0
v -0.566801455 0.1968149147 0
v -0.578681505 0.1585172411 0
v -0.587977023 0.1195115911 0
v -0.5946464929 0.07997217322 0
v -0.5986601272 0.04007558025 0
v -0.6 7.347880795e-17 0
v -0.5986601272 -0.04007558025 0
v -0.5946464929 -0.07997217322 0
v -0.587977023 -0.1195115911 0
v -0.578681505 -0.1585172411 0
v -0.566801455 -0.1968149147 0
v -0.552389932 -0.2342335651 0
v -0.5355113015 -0.2706060715 0
v -0.5162409476 -0.3057699856 0
v -0.4946649362 -0.3395682566 0
v -0.4708796312 -0.3718499334 0
v -0.4449912634 -0.4024708381 0
v -0.4171154566 -0.4312942103 0
v -0.3873767109 -0.4581913179 0
v -0.3559078468 -0.4830420319 0
v -0.3228494119 -0.5057353629 0
v -0.2883490531 -0.5261699569 0
v -0.2525608575 -0.5442545482 0
v -0.2156446637 -0.5599083666 0
v -0.1777653485 -0.5730614983 0
v -0.1390920902 -0.5836551983 0
v -0.09979761275 -0.5916421524 0
v -0.06005741497 -0.5969866891 0
v -0.0200489862 -0.5996649382 0
v 0.0200489862 -0.5996649382 0
v 0.06005741497 -0.5969866891 0
v 0.09979761275 -0.5916421524 0
v 0.1390920902 -0.5836551983 0
v 0.1777653485 -0.5730614983 0
v 0.2156446637 -0.5599083666 0
v 0.2525608575 -0.5442545482 0
v 0.2883490531 -0.5261699569 0
v 0.3228494119 -0.5057353629 0
v 0.3559078468 -0.4830420319 0
v 0.3873767109 -0.4581913179 0
v 0.4171154566 -0.4312942103 0
v 0.4449912634 -0.4024708381 0
v 0.4708796312 -0.3718499334 0
v 0.4946649362 -0.3395682566 0
v 0.5162409476 -0.3057699856 0
v 0.5355113015 -0.2706060715 0
v 0.552389932 -0.2342335651 0
v 0.566801455 -0.1968149147 0
v 0.578681505 -0.1585172411 0
v 0.587977023 -0.1195115911 0
v 0.5946464929 -0.07997217322 0
v 0.5986601272 -0.04007558025 0
f 1351 1350 1445
f 1350 1351 1257
f 1298 1391 1392
f 1452 1358 1357
f 1358 1452 1453
f 1168 1261 1262
f 1261 1168 1167
f 1261 1355 1262
f 1355 1449 1450
f 1356 1355 1450
f 1355 1356 1262
f 1353 1260 1259
f 1260 1261 1167
f 1354 1353 1448
f 1449 1354 1448
f 1260 1354 1261
f 1354 1260 1353
f 1355 1354 1449
f 1354 1355 1261
f 1352 1353 1259
f 1440 1345 1439
f 1345 1440 1346
f 1256 1350 1257
f 1440 1441 1346
f 1350 1444 1445
f 1351 1258 1257
f 1258 1352 1259
f 1352 1258 1351
f 1076 1075 1167
f 1168 1076 1167
f 1076 1168 1077
f 1463 1368 1462
f 1368 1367 1462
f 1368 1369 1275
f 1369 1368 1463
f 1080 990 989
f 1379 1286 1285
f 3 4 1
f 33 55 56
f 55 33 32
f 373 313 312
f 372 373 312
f 208 259 209
f 1102 1010 1101
f 666 667 589
f 667 666 748
f 749 667 748
f 263 319 320
f 1480 1481 1386
f 1388 1482 1483
f 1385 1480 1386
f 1385 1291 1384
f 878 879 792
f 966 879 878
f 1239 1147 1146
f 1243 1336 1244
f 1336 1337 1244
f 1322 1416 1417
f 1420 1326 1325
f 1326 1420 1421
f 1419 1420 1325
f 473 406 405
f 1326 1233 1325
f 1233 1326 1234
f 1210 1211 1118
f 856 855 942
f 770 856 771
f 855 770 769
f 770 855 856
f 535 610 536
f 387 454 388
f 1125 1034 1124
f 283 230 229
f 228 181 180
f 181 228 229
f 1340 1434 1435
f 47 27 26
f 27 47 48
f 76 110 77
f 1356 1451 1357
f 1451 1356 1450
f 1451 1452 1357
f 1265 1266 1172
f 1359 1358 1453
f 1359 1360 1266
f 1265 1359 1266
f 1359 1265 1358
f 1446 1351 1445
f 1446 1352 1351
f 1068 1159 1160
f 1345 1344 1439
f 1344 1438 1439
f 1069 1068 1160
f 979 1070 980
f 1069 1070 979
f 1254 1347 1348
f 1441 1347 1346
f 366 365 431
f 365 366 306
f 645 568 644
f 569 568 645
f 568 569 495
f 496 569 570
f 569 496 495
f 728 812 729
f 729 812 813
f 812 899 813
f 1075 1166 1167
f 1166 1260 1167
f 1260 1166 1259
f 986 1076 1077
f 1258 1164 1257
f 1361 1455 1456
f 1455 1361 1360
f 1367 1461 1462
f 1183 1276 1277
f 1369 1276 1275
f 1276 1370 1277
f 1370 1276 1369
f 1095 1186 1187
f 833 749 748
f 834 833 921
f 749 833 834
f 1180 1089 1088
f 12 4 3
f 1169 1168 1262
f 1168 1169 1077
f 1169 1078 1077
f 901 988 989
f 253 203 252
f 253 309 310
f 505 436 435
f 1272 1366 1273
f 1461 1366 1460
f 1366 1367 1273
f 1366 1461 1367
f 901 902 815
f 902 901 989
f 990 902 989
f 1267 1361 1268
f 1361 1267 1360
f 1360 1267 1266
f 1192 1191 1285
f 1286 1192 1285
f 1100 1192 1101
f 1192 1100 1191
f 1284 1191 1190
f 1191 1284 1285
f 1475 1380 1474
f 1286 1380 1287
f 1380 1379 1474
f 1380 1286 1379
f 1193 1286 1287
f 1193 1102 1101
f 1192 1193 1101
f 1193 1192 1286
f 1288 1194 1287
f 1194 1193 1287
f 1193 1194 1102
f 1376 1375 1470
f 1375 1376 1282
f 171 128 170
f 217 171 170
f 128 169 170
f 168 169 127
f 325 267 324
f 450 383 382
f 4 5 1
f 16 5 15
f 29 14 28
f 14 29 15
f 5 14 15
f 14 5 4
f 203 202 252
f 157 118 117
f 156 157 117
f 157 202 203
f 202 157 156
f 54 55 32
f 54 53 81
f 54 82 55
f 82 54 81
f 16 31 32
f 31 54 32
f 54 31 53
f 31 16 15
f 258 259 208
f 372 371 438
f 315 258 314
f 258 315 259
f 259 260 209
f 157 158 118
f 1011 1010 1102
f 1010 922 921
f 834 922 835
f 922 834 921
f 922 923 835
f 922 1011 923
f 1011 922 1010
f 750 749 834
f 750 834 835
f 264 213 212
f 263 264 212
f 319 318 379
f 514 588 589
f 665 588 664
f 746 665 664
f 319 380 320
f 380 319 379
f 592 591 669
f 591 592 517
f 667 590 589
f 447 516 517
f 516 591 517
f 516 590 591
f 1290 1383 1384
f 1291 1290 1384
f 1383 1382 1477
f 1382 1476 1477
f 1478 1383 1477
f 1383 1478 1384
f 1398 1303 1397
f 1303 1302 1397
f 1302 1303 1210
f 1303 1211 1210
f 1393 1298 1392
f 449 450 382
f 965 966 878
f 1148 1058 1057
f 1147 1148 1057
f 1060 1059 1150
f 1059 1060 969
f 1428 1333 1427
f 966 1056 1057
f 1056 1147 1057
f 965 1056 966
f 1147 1056 1146
f 1059 1149 1150
f 1149 1059 1058
f 1149 1148 1241
f 1148 1149 1058
f 1336 1335 1430
f 1243 1335 1336
f 1335 1429 1430
f 1338 1432 1433
f 1337 1432 1338
f 1324 1419 1325
f 1324 1418 1419
f 791 878 792
f 871 870 958
f 346 287 345
f 285 232 231
f 232 287 233
f 624 625 549
f 626 625 705
f 548 624 549
f 625 550 549
f 550 625 626
f 1233 1232 1325
f 1232 1324 1325
f 870 957 958
f 1401 1402 1307
f 1308 1402 1403
f 1402 1308 1307
f 1211 1119 1118
f 1401 1306 1400
f 1306 1401 1307
f 1306 1305 1400
f 1305 1306 1213
f 222 276 223
f 326 387 388
f 326 389 327
f 455 389 388
f 389 326 388
f 1033 1123 1124
f 1034 1033 1124
f 1029 1119 1120
f 689 770 771
f 690 689 771
f 689 690 610
f 535 609 610
f 686 687 608
f 687 609 608
f 386 325 324
f 386 454 387
f 325 386 387
f 451 383 450
f 1300 1395 1301
f 1219 1312 1220
f 1313 1312 1407
f 1312 1313 1220
f 1407 1312 1406
f 1312 1311 1406
f 1311 1312 1219
f 1219 1127 1126
f 1127 1036 1126
f 1127 1219 1220
f 1404 1309 1403
f 1309 1308 1403
f 944 1033 1034
f 1035 1125 1126
f 1035 1034 1125
f 1036 1035 1126
f 1416 1321 1415
f 1321 1416 1322
f 1229 1230 1137
f 1230 1229 1322
f 1229 1321 1322
f 1321 1229 1228
f 340 341 283
f 139 101 138
f 136 179 180
f 179 136 135
f 182 139 138
f 181 182 138
f 182 181 229
f 230 182 229
f 284 230 283
f 341 284 283
f 284 285 231
f 230 284 231
f 185 186 141
f 234 185 233
f 185 234 186
f 177 224 225
f 470 471 403
f 282 283 229
f 228 282 229
f 282 340 283
f 282 228 281
f 337 279 336
f 279 337 280
f 469 542 470
f 615 540 539
f 709 791 792
f 791 709 708
f 1151 1060 1150
f 1243 1151 1150
f 1151 1243 1244
f 969 970 882
f 1060 970 969
f 1340 1339 1434
f 1434 1339 1433
f 1338 1339 1246
f 1339 1338 1433
f 1066 1067 976
f 354 296 295
f 193 148 192
f 1352 1447 1353
f 1353 1447 1448
f 1446 1447 1352
f 1159 1253 1160
f 1253 1254 1160
f 1347 1253 1346
f 1253 1347 1254
f 1068 977 1067
f 1067 977 976
f 1438 1343 1437
f 1344 1343 1438
f 1252 1253 1159
f 1252 1345 1346
f 1253 1252 1346
f 1162 1255 1256
f 1255 1254 1348
f 1161 1162 1070
f 1254 1161 1160
f 1255 1161 1254
f 1161 1255 1162
f 1161 1069 1160
f 1161 1070 1069
f 1070 1071 980
f 1162 1071 1070
f 1349 1443 1444
f 1256 1349 1350
f 1349 1444 1350
f 1443 1349 1348
f 1349 1255 1348
f 1255 1349 1256
f 1442 1347 1441
f 1347 1442 1348
f 1442 1443 1348
f 735 654 653
f 654 735 736
f 732 733 651
f 732 731 815
f 733 652 651
f 652 575 651
f 575 574 651
f 814 901 815
f 731 814 815
f 730 729 813
f 814 730 813
f 730 814 731
f 892 979 980
f 296 241 295
f 241 193 192
f 422 423 357
f 423 358 357
f 243 244 194
f 365 430 431
f 497 496 570
f 496 497 428
f 809 725 808
f 725 645 644
f 895 809 808
f 895 982 983
f 494 568 495
f 427 496 428
f 496 427 495
f 726 809 810
f 725 726 645
f 726 725 809
f 646 647 570
f 569 646 570
f 646 569 645
f 726 646 645
f 648 728 729
f 648 647 728
f 986 987 899
f 988 987 1078
f 1078 987 1077
f 987 986 1077
f 812 898 899
f 898 986 899
f 1074 1166 1075
f 984 1074 1075
f 1074 984 983
f 894 895 808
f 895 894 982
f 982 1073 983
f 1073 1074 983
f 1359 1454 1360
f 1454 1359 1453
f 1454 1455 1360
f 1089 1090 999
f 1090 1091 999
f 1091 1000 999
f 1000 911 999
f 1092 1091 1183
f 1092 1093 1001
f 1000 1092 1001
f 1092 1000 1091
f 1464 1369 1463
f 1464 1370 1369
f 1370 1464 1465
f 915 914 1003
f 918 919 831
f 1169 1170 1078
f 899 900 813
f 900 988 901
f 987 900 899
f 900 987 988
f 900 814 813
f 814 900 901
f 368 369 309
f 436 369 435
f 503 434 433
f 434 368 433
f 369 434 435
f 434 369 368
f 368 367 433
f 253 254 203
f 254 253 310
f 507 508 438
f 504 505 435
f 434 504 435
f 504 434 503
f 1085 1176 1177
f 1086 1085 1177
f 997 1087 1088
f 734 735 653
f 652 734 653
f 734 652 733
f 734 818 735
f 1364 1363 1458
f 1459 1364 1458
f 903 991 904
f 903 902 990
f 991 903 990
f 993 992 1083
f 991 992 904
f 992 1082 1083
f 992 991 1082
f 1084 993 1083
f 1085 1084 1176
f 993 1084 994
f 1084 1085 994
f 1174 1267 1268
f 1082 1174 1083
f 1081 1080 1172
f 1081 990 1080
f 1081 991 990
f 991 1081 1082
f 1266 1173 1172
f 1173 1081 1172
f 1081 1173 1082
f 1173 1174 1082
f 1267 1173 1266
f 1174 1173 1267
f 1010 1009 1101
f 1009 1100 1101
f 1009 1010 921
f 1379 1473 1474
f 1472 1378 1377
f 1378 1284 1377
f 1284 1378 1285
f 1473 1378 1472
f 1378 1379 1285
f 1378 1473 1379
f 1476 1381 1475
f 1381 1288 1287
f 1381 1382 1288
f 1382 1381 1476
f 1380 1381 1287
f 1381 1380 1475
f 1195 1194 1288
f 1283 1376 1377
f 1283 1284 1190
f 1284 1283 1377
f 1376 1283 1282
f 1471 1472 1377
f 1376 1471 1377
f 1471 1376 1470
f 1281 1375 1282
f 1093 1002 1001
f 914 1002 1003
f 92 91 127
f 169 92 127
f 92 169 128
f 10 9 22
f 9 21 22
f 129 171 172
f 171 129 128
f 268 267 325
f 268 217 170
f 6 5 16
f 5 6 1
f 13 27 28
f 14 13 28
f 13 14 4
f 12 13 4
f 27 13 26
f 13 12 26
f 118 83 117
f 83 82 117
f 82 83 55
f 84 83 118
f 55 83 56
f 83 84 56
f 85 84 120
f 84 85 56
f 27 49 28
f 49 27 48
f 30 31 15
f 29 30 15
f 53 30 52
f 31 30 53
f 51 30 29
f 30 51 52
f 126 168 127
f 213 165 212
f 124 165 125
f 165 124 164
f 165 211 212
f 211 165 164
f 162 208 209
f 163 162 209
f 123 124 88
f 123 163 164
f 124 123 164
f 163 210 164
f 210 211 164
f 211 210 261
f 210 163 209
f 260 210 209
f 210 260 261
f 262 319 263
f 262 263 212
f 211 262 212
f 262 211 261
f 318 262 261
f 262 318 319
f 34 35 18
f 57 33 56
f 57 34 33
f 85 57 56
f 57 85 86
f 313 374 314
f 374 313 373
f 370 371 310
f 370 369 436
f 309 370 310
f 369 370 309
f 255 311 312
f 311 372 312
f 311 371 372
f 371 311 310
f 311 254 310
f 254 311 255
f 119 160 120
f 158 119 118
f 84 119 120
f 119 84 118
f 257 313 314
f 258 257 314
f 1012 924 923
f 1011 1012 923
f 668 590 667
f 590 668 591
f 749 668 667
f 750 668 749
f 591 668 669
f 668 750 669
f 321 263 320
f 321 264 263
f 321 320 382
f 383 321 382
f 321 322 264
f 322 321 383
f 213 265 214
f 264 265 213
f 322 265 264
f 265 322 323
f 918 830 917
f 830 918 831
f 746 747 665
f 747 830 831
f 830 747 746
f 665 747 666
f 666 747 748
f 320 381 382
f 380 381 320
f 381 380 447
f 381 449 382
f 592 593 517
f 446 516 447
f 446 380 379
f 380 446 447
f 516 515 590
f 515 514 589
f 590 515 589
f 446 515 516
f 1197 1290 1291
f 1290 1197 1196
f 1289 1382 1383
f 1289 1290 1196
f 1290 1289 1383
f 1195 1289 1196
f 1382 1289 1288
f 1289 1195 1288
f 1385 1479 1480
f 1479 1385 1384
f 1478 1479 1384
f 1297 1390 1391
f 1395 1396 1301
f 1396 1302 1301
f 1302 1396 1397
f 1302 1209 1301
f 1209 1302 1210
f 449 448 519
f 448 381 447
f 381 448 449
f 1238 1239 1146
f 1239 1238 1331
f 963 1054 964
f 962 874 961
f 874 873 961
f 1143 1236 1144
f 1052 962 961
f 1143 1052 1142
f 1425 1426 1331
f 1056 1055 1146
f 1055 1056 965
f 1054 1055 964
f 1055 965 964
f 1240 1333 1241
f 1148 1240 1241
f 1240 1148 1147
f 1240 1147 1239
f 1333 1332 1427
f 1332 1426 1427
f 1332 1240 1239
f 1240 1332 1333
f 1332 1239 1331
f 1426 1332 1331
f 1242 1335 1243
f 1242 1243 1150
f 1149 1242 1150
f 1242 1149 1241
f 1335 1334 1429
f 1429 1334 1428
f 1334 1242 1241
f 1242 1334 1335
f 1333 1334 1241
f 1334 1333 1428
f 1431 1337 1336
f 1431 1336 1430
f 1431 1432 1337
f 1329 1423 1424
f 1422 1327 1421
f 1326 1327 1234
f 1327 1326 1421
f 1138 1047 1137
f 1230 1138 1137
f 1324 1323 1418
f 1418 1323 1417
f 1323 1322 1417
f 1323 1230 1322
f 291 236 290
f 236 291 237
f 352 293 351
f 237 238 189
f 238 293 239
f 791 877 878
f 877 965 878
f 965 877 964
f 707 706 789
f 706 788 789
f 706 626 705
f 788 706 705
f 790 791 708
f 707 790 708
f 790 707 789
f 790 877 791
f 706 627 626
f 627 706 707
f 873 786 872
f 787 788 705
f 787 786 873
f 787 874 788
f 874 787 873
f 957 1048 958
f 1048 957 1047
f 1048 1138 1139
f 1138 1048 1047
f 959 871 958
f 871 959 872
f 1232 1140 1139
f 1140 1232 1233
f 1051 1052 961
f 1052 1051 1142
f 232 184 231
f 184 232 233
f 185 184 233
f 548 623 624
f 479 411 478
f 346 411 347
f 551 550 626
f 550 551 478
f 627 551 626
f 551 627 552
f 479 551 552
f 551 479 478
f 477 550 478
f 550 477 549
f 232 286 287
f 287 286 345
f 286 344 345
f 286 232 285
f 343 286 285
f 286 343 344
f 957 956 1047
f 1032 1122 1123
f 1033 1032 1123
f 1032 942 1031
f 1122 1032 1031
f 1122 1215 1123
f 1308 1215 1307
f 1214 1306 1307
f 1215 1214 1307
f 1214 1215 1122
f 1306 1214 1213
f 1305 1399 1400
f 1212 1119 1211
f 1119 1212 1120
f 1212 1213 1120
f 1212 1305 1213
f 610 611 536
f 690 611 610
f 467 466 539
f 540 467 539
f 467 540 468
f 466 538 539
f 538 466 465
f 335 399 336
f 467 399 466
f 276 277 223
f 277 224 223
f 397 464 465
f 398 397 465
f 398 399 335
f 466 398 465
f 399 398 466
f 461 533 462
f 532 461 460
f 461 532 533
f 273 221 220
f 532 531 606
f 531 532 460
f 328 271 327
f 270 326 327
f 271 270 327
f 942 941 1031
f 855 941 942
f 941 1030 1031
f 1030 941 940
f 1030 1029 1120
f 1030 940 1029
f 689 688 770
f 687 688 609
f 688 689 610
f 609 688 610
f 770 688 769
f 688 687 769
f 534 609 535
f 533 534 462
f 534 533 608
f 609 534 608
f 451 384 383
f 322 384 323
f 384 322 383
f 449 520 450
f 520 449 519
f 596 674 597
f 522 598 523
f 598 522 597
f 524 599 600
f 599 598 676
f 599 524 523
f 598 599 523
f 676 758 759
f 842 758 757
f 841 842 757
f 1481 1387 1386
f 1387 1482 1388
f 1482 1387 1481
f 454 525 388
f 524 525 454
f 525 524 600
f 525 455 388
f 1208 1300 1301
f 1209 1208 1301
f 1208 1209 1116
f 1300 1394 1395
f 1393 1299 1298
f 1299 1394 1300
f 1394 1299 1393
f 1205 1391 1298
f 1205 1297 1391
f 1019 930 1018
f 1408 1409 1314
f 1408 1313 1407
f 1313 1408 1314
f 1311 1405 1406
f 1218 1219 1126
f 1218 1311 1219
f 1125 1218 1126
f 1309 1216 1308
f 1215 1216 1123
f 1216 1215 1308
f 1123 1216 1124
f 857 944 858
f 856 857 771
f 944 943 1033
f 943 856 942
f 943 857 856
f 857 943 944
f 1032 943 942
f 943 1032 1033
f 945 944 1034
f 1035 945 1034
f 944 945 858
f 945 859 858
f 1225 1226 1133
f 701 702 622
f 702 623 622
f 621 701 622
f 1042 953 952
f 340 339 403
f 339 282 281
f 282 339 340
f 23 10 22
f 101 69 100
f 181 137 180
f 137 136 180
f 136 137 100
f 137 181 138
f 101 137 138
f 137 101 100
f 135 99 98
f 136 99 135
f 99 136 100
f 99 67 98
f 182 183 139
f 184 183 231
f 183 230 231
f 183 182 230
f 342 284 341
f 406 342 405
f 342 341 405
f 343 342 406
f 284 342 285
f 342 343 285
f 288 346 347
f 288 287 346
f 287 288 233
f 288 234 233
f 177 134 133
f 134 135 98
f 97 134 98
f 134 97 133
f 178 179 135
f 134 178 135
f 178 134 177
f 178 177 225
f 224 176 223
f 177 176 224
f 176 177 133
f 132 176 133
f 616 696 617
f 616 540 615
f 404 340 403
f 471 404 403
f 341 404 405
f 340 404 341
f 472 473 405
f 404 472 405
f 472 404 471
f 226 279 280
f 279 226 225
f 226 178 225
f 178 226 179
f 543 471 470
f 542 543 470
f 629 709 630
f 709 629 708
f 1151 1061 1060
f 1061 970 1060
f 1342 1436 1437
f 1343 1342 1437
f 1339 1247 1246
f 1247 1339 1340
f 416 352 351
f 415 416 351
f 354 355 296
f 355 297 296
f 417 416 485
f 416 417 352
f 47 73 48
f 76 109 110
f 109 148 110
f 1342 1250 1249
f 1250 1342 1343
f 1250 1251 1158
f 1251 1343 1344
f 1251 1250 1343
f 1163 1256 1257
f 1164 1163 1257
f 1163 1162 1256
f 1163 1071 1162
f 654 577 653
f 502 503 433
f 502 577 503
f 432 366 431
f 501 432 431
f 367 432 433
f 432 367 366
f 432 502 433
f 502 432 501
f 499 498 572
f 499 430 498
f 501 500 575
f 500 574 575
f 500 501 431
f 500 499 574
f 430 500 431
f 499 500 430
f 649 730 731
f 648 649 572
f 730 649 729
f 649 648 729
f 642 643 566
f 241 240 295
f 240 241 192
f 358 298 357
f 355 356 297
f 241 242 193
f 242 241 296
f 297 242 296
f 299 358 359
f 299 298 358
f 298 299 243
f 299 244 243
f 305 365 306
f 53 80 81
f 80 53 52
f 51 78 52
f 78 51 77
f 571 648 572
f 648 571 647
f 498 571 572
f 497 571 498
f 647 571 570
f 571 497 570
f 895 896 809
f 809 896 810
f 984 896 983
f 896 895 983
f 426 494 495
f 427 426 495
f 426 427 361
f 424 423 492
f 358 424 359
f 424 358 423
f 494 567 568
f 568 567 644
f 567 643 644
f 643 567 566
f 647 727 728
f 646 727 647
f 727 726 810
f 727 646 726
f 811 812 728
f 811 898 812
f 811 727 810
f 727 811 728
f 1076 985 1075
f 985 984 1075
f 986 985 1076
f 898 985 986
f 1165 1164 1258
f 1074 1165 1166
f 1165 1073 1164
f 1073 1165 1074
f 1165 1258 1259
f 1166 1165 1259
f 1071 981 980
f 894 981 982
f 1090 1182 1091
f 1091 1182 1183
f 1276 1182 1275
f 1182 1276 1183
f 1274 1368 1275
f 1368 1274 1367
f 1367 1274 1273
f 1274 1180 1273
f 1180 1181 1089
f 1181 1090 1089
f 1274 1181 1180
f 1181 1182 1090
f 1182 1181 1275
f 1181 1274 1275
f 1000 912 911
f 912 1000 1001
f 915 916 828
f 827 826 914
f 826 827 743
f 915 827 914
f 827 915 828
f 827 828 744
f 743 827 744
f 826 913 914
f 913 1002 914
f 1002 913 1001
f 913 912 1001
f 913 826 825
f 912 913 825
f 659 660 583
f 661 742 743
f 742 826 743
f 660 742 661
f 826 742 825
f 1006 918 917
f 1189 1283 1190
f 1283 1189 1282
f 1096 1095 1187
f 919 832 831
f 747 832 748
f 832 747 831
f 832 833 748
f 1358 1264 1357
f 1265 1264 1358
f 1079 1080 989
f 988 1079 989
f 1079 988 1078
f 1170 1079 1078
f 366 307 306
f 367 307 366
f 254 204 203
f 204 157 203
f 204 158 157
f 158 204 205
f 204 255 205
f 204 254 255
f 437 370 436
f 370 437 371
f 371 437 438
f 437 507 438
f 507 506 581
f 437 506 507
f 505 506 436
f 506 437 436
f 508 582 583
f 582 659 583
f 507 582 508
f 582 507 581
f 655 654 736
f 737 655 736
f 1087 1179 1088
f 1179 1180 1088
f 1179 1272 1273
f 1180 1179 1273
f 822 909 823
f 909 910 823
f 910 909 997
f 908 909 822
f 911 998 999
f 910 998 911
f 998 1089 999
f 998 910 997
f 1089 998 1088
f 998 997 1088
f 906 993 994
f 905 818 904
f 992 905 904
f 905 992 993
f 906 905 993
f 1363 1457 1458
f 1361 1362 1268
f 1362 1269 1268
f 1362 1361 1456
f 1457 1362 1456
f 1269 1362 1363
f 1362 1457 1363
f 1365 1364 1459
f 1365 1459 1460
f 1271 1365 1272
f 1365 1271 1364
f 1366 1365 1460
f 1365 1366 1272
f 817 903 904
f 817 734 733
f 818 817 904
f 817 818 734
f 732 816 733
f 816 817 733
f 817 816 903
f 816 732 815
f 902 816 815
f 903 816 902
f 1175 1084 1083
f 1174 1175 1083
f 1175 1174 1268
f 1084 1175 1176
f 1269 1175 1268
f 1175 1269 1176
f 832 920 833
f 920 832 919
f 833 920 921
f 920 1009 921
f 1015 1014 1106
f 923 836 835
f 924 836 923
f 1375 1469 1470
f 1188 1281 1282
f 1189 1188 1282
f 1188 1189 1097
f 1096 1188 1097
f 1281 1188 1187
f 1188 1096 1187
f 1280 1281 1187
f 1186 1280 1187
f 1279 1280 1186
f 1278 1372 1279
f 1372 1466 1467
f 1466 1371 1465
f 1371 1278 1277
f 1372 1371 1466
f 1371 1372 1278
f 1370 1371 1277
f 1371 1370 1465
f 1278 1184 1277
f 1184 1183 1277
f 1184 1092 1183
f 1092 1184 1093
f 1185 1279 1186
f 1185 1278 1279
f 1184 1185 1093
f 1185 1184 1278
f 92 62 91
f 91 62 38
f 39 62 63
f 62 39 38
f 89 60 88
f 124 89 88
f 89 124 125
f 126 89 125
f 60 61 36
f 61 91 38
f 39 20 38
f 20 39 21
f 9 20 21
f 39 40 21
f 40 39 63
f 6 7 1
f 7 6 18
f 130 129 172
f 129 130 94
f 93 129 94
f 93 62 92
f 93 92 128
f 129 93 128
f 93 94 63
f 62 93 63
f 130 95 94
f 97 96 133
f 96 132 133
f 96 97 65
f 96 95 132
f 215 266 267
f 266 323 324
f 267 266 324
f 266 265 323
f 266 215 214
f 265 266 214
f 216 169 168
f 215 216 168
f 169 216 170
f 216 215 267
f 216 268 170
f 268 216 267
f 17 6 16
f 33 17 32
f 17 16 32
f 6 17 18
f 17 34 18
f 34 17 33
f 49 75 76
f 75 109 76
f 75 49 48
f 50 76 77
f 51 50 77
f 50 49 76
f 50 51 29
f 50 29 28
f 49 50 28
f 126 167 168
f 215 167 214
f 167 215 168
f 167 126 125
f 121 85 120
f 85 121 86
f 162 161 208
f 121 161 162
f 160 161 120
f 161 121 120
f 59 60 36
f 35 59 36
f 60 59 88
f 588 587 664
f 375 315 314
f 374 375 314
f 508 439 438
f 439 372 438
f 372 439 373
f 159 158 205
f 159 119 158
f 119 159 160
f 206 159 205
f 159 206 160
f 313 256 312
f 257 256 313
f 256 257 206
f 256 255 312
f 255 256 205
f 256 206 205
f 207 258 208
f 207 257 258
f 257 207 206
f 161 207 208
f 206 207 160
f 207 161 160
f 1104 1195 1196
f 1195 1103 1194
f 1194 1103 1102
f 1104 1103 1195
f 1103 1104 1012
f 1103 1011 1102
f 1103 1012 1011
f 260 317 261
f 317 318 261
f 377 376 443
f 375 376 315
f 829 830 746
f 916 829 828
f 830 829 917
f 829 916 917
f 670 592 669
f 670 593 592
f 515 445 514
f 445 446 379
f 445 515 446
f 1014 1105 1106
f 1105 1197 1106
f 1197 1105 1196
f 1105 1104 1196
f 1296 1297 1203
f 1296 1390 1297
f 1202 1296 1203
f 1391 1485 1392
f 1485 1390 1484
f 1390 1485 1391
f 1209 1117 1116
f 1117 1026 1116
f 1117 1209 1210
f 1117 1027 1026
f 1117 1210 1118
f 1027 1117 1118
f 448 518 519
f 593 518 517
f 518 447 517
f 518 448 447
f 795 712 794
f 712 711 794
f 710 711 630
f 710 709 792
f 709 710 630
f 968 1059 969
f 1059 968 1058
f 966 967 879
f 967 880 879
f 967 966 1057
f 967 968 880
f 1058 967 1057
f 968 967 1058
f 881 795 794
f 880 881 794
f 968 881 880
f 795 881 882
f 881 969 882
f 881 968 969
f 1145 1238 1146
f 1055 1145 1146
f 1145 1055 1054
f 1145 1054 1144
f 1236 1237 1144
f 1329 1237 1236
f 1237 1145 1144
f 1145 1237 1238
f 875 874 962
f 963 875 962
f 788 875 789
f 874 875 788
f 1053 1143 1144
f 1053 1052 1143
f 1054 1053 1144
f 963 1053 1054
f 1053 963 962
f 1052 1053 962
f 1423 1328 1422
f 1328 1327 1422
f 1328 1329 1236
f 1328 1423 1329
f 1232 1231 1324
f 1231 1138 1230
f 1231 1232 1139
f 1138 1231 1139
f 1323 1231 1230
f 1231 1323 1324
f 291 292 237
f 292 238 237
f 238 292 293
f 293 292 351
f 294 293 352
f 293 294 239
f 240 294 295
f 294 240 239
f 876 963 964
f 877 876 964
f 790 876 877
f 876 875 963
f 876 790 789
f 875 876 789
f 625 704 705
f 704 625 624
f 704 787 705
f 787 704 786
f 960 959 1050
f 873 960 961
f 960 873 872
f 959 960 872
f 960 1051 961
f 1051 960 1050
f 1140 1141 1050
f 1142 1141 1234
f 1141 1233 1234
f 1141 1140 1233
f 1051 1141 1142
f 1141 1051 1050
f 1049 1048 1139
f 1140 1049 1139
f 1048 1049 958
f 1049 959 958
f 959 1049 1050
f 1049 1140 1050
f 140 185 141
f 140 184 185
f 183 140 139
f 140 183 184
f 473 474 406
f 480 479 552
f 350 415 351
f 292 350 351
f 350 292 291
f 477 476 549
f 475 476 408
f 476 548 549
f 476 475 548
f 410 477 478
f 411 410 478
f 410 411 346
f 410 346 345
f 407 475 408
f 344 407 408
f 343 407 344
f 407 343 406
f 474 407 406
f 407 474 475
f 1135 1045 1044
f 1045 955 1044
f 1047 1046 1137
f 956 1046 1047
f 955 1046 956
f 1046 955 1045
f 1304 1212 1211
f 1399 1304 1398
f 1304 1399 1305
f 1212 1304 1305
f 1304 1303 1398
f 1303 1304 1211
f 400 467 468
f 400 399 467
f 400 337 336
f 399 400 336
f 538 537 612
f 537 538 465
f 611 537 536
f 537 611 612
f 537 464 536
f 464 537 465
f 277 334 335
f 334 398 335
f 398 334 397
f 397 334 333
f 334 276 333
f 334 277 276
f 278 277 335
f 278 279 225
f 224 278 225
f 277 278 224
f 278 335 336
f 279 278 336
f 463 535 536
f 464 463 536
f 534 463 462
f 463 534 535
f 533 607 608
f 532 607 533
f 607 686 608
f 607 532 606
f 685 607 606
f 607 685 686
f 395 461 462
f 276 275 333
f 275 332 333
f 275 276 222
f 332 275 331
f 393 459 460
f 459 531 460
f 393 394 331
f 395 394 461
f 461 394 460
f 394 393 460
f 394 332 331
f 394 395 332
f 219 272 220
f 272 273 220
f 273 272 329
f 271 272 219
f 272 328 329
f 272 271 328
f 330 393 331
f 330 273 329
f 528 527 602
f 526 527 455
f 526 525 600
f 525 526 455
f 527 601 602
f 526 601 527
f 389 390 327
f 390 328 327
f 530 458 529
f 530 459 458
f 459 530 531
f 218 171 217
f 270 218 217
f 218 270 271
f 218 271 219
f 171 218 172
f 218 219 172
f 269 325 387
f 326 269 387
f 270 269 326
f 269 268 325
f 268 269 217
f 269 270 217
f 687 768 769
f 768 687 686
f 940 939 1029
f 853 939 940
f 939 853 852
f 1214 1121 1213
f 1213 1121 1120
f 1121 1030 1120
f 1030 1121 1031
f 1121 1122 1031
f 1121 1214 1122
f 766 767 685
f 768 767 853
f 853 767 852
f 767 766 852
f 685 767 686
f 767 768 686
f 684 685 606
f 684 766 685
f 521 522 451
f 521 520 596
f 521 596 597
f 522 521 597
f 521 451 450
f 520 521 450
f 323 385 324
f 384 385 323
f 385 386 324
f 674 675 597
f 675 598 597
f 675 674 757
f 598 675 676
f 758 675 757
f 675 758 676
f 841 929 842
f 930 929 1018
f 929 930 842
f 1387 1293 1386
f 1199 1293 1200
f 1201 1295 1202
f 1295 1296 1202
f 1294 1201 1200
f 1293 1294 1200
f 1294 1293 1387
f 1294 1387 1388
f 1295 1294 1388
f 1294 1295 1201
f 1110 1019 1018
f 1110 1201 1202
f 1292 1385 1386
f 1293 1292 1386
f 1292 1293 1199
f 1292 1291 1385
f 1208 1207 1300
f 1207 1299 1300
f 1115 1208 1116
f 1115 1207 1208
f 1115 1024 1114
f 1207 1115 1114
f 1113 1206 1114
f 1206 1207 1114
f 1207 1206 1299
f 1299 1206 1298
f 1206 1205 1298
f 1205 1206 1113
f 1112 1022 1021
f 1020 1112 1021
f 1204 1205 1113
f 1022 1204 1113
f 1205 1204 1297
f 1112 1204 1022
f 1297 1204 1203
f 1204 1112 1203
f 1023 1113 1114
f 1023 1022 1113
f 1024 1023 1114
f 1111 1202 1203
f 1112 1111 1203
f 1111 1112 1020
f 1111 1020 1019
f 1111 1110 1202
f 1110 1111 1019
f 843 758 842
f 930 843 842
f 758 843 759
f 1405 1310 1404
f 1310 1309 1404
f 1310 1405 1311
f 1218 1310 1311
f 1128 1127 1220
f 1128 1129 1038
f 773 859 774
f 692 773 774
f 859 773 858
f 613 538 612
f 692 613 612
f 945 946 859
f 946 1035 1036
f 946 945 1035
f 1410 1411 1316
f 1316 1317 1224
f 1411 1317 1316
f 1317 1411 1412
f 1317 1225 1224
f 1321 1320 1415
f 1320 1321 1228
f 1318 1226 1225
f 1318 1317 1412
f 1317 1318 1225
f 1226 1134 1133
f 1134 1135 1044
f 869 783 782
f 783 869 870
f 869 957 870
f 869 956 957
f 871 784 870
f 784 783 870
f 783 784 701
f 784 702 701
f 702 703 623
f 704 703 786
f 623 703 624
f 703 704 624
f 781 867 782
f 621 700 701
f 783 700 782
f 700 783 701
f 339 402 403
f 402 470 403
f 402 469 470
f 337 338 280
f 280 338 281
f 338 339 281
f 338 402 339
f 67 68 43
f 69 68 100
f 68 99 100
f 99 68 67
f 66 97 98
f 67 66 98
f 97 66 65
f 24 23 43
f 46 47 26
f 289 288 347
f 288 289 234
f 175 176 132
f 175 221 222
f 175 222 223
f 176 175 223
f 616 541 540
f 541 469 468
f 540 541 468
f 541 542 469
f 542 541 617
f 541 616 617
f 227 280 281
f 227 226 280
f 228 227 281
f 226 227 179
f 227 228 180
f 179 227 180
f 618 542 617
f 618 543 542
f 554 629 630
f 555 554 630
f 554 555 481
f 629 628 708
f 627 628 552
f 628 707 708
f 628 627 707
f 557 556 632
f 556 557 483
f 711 631 630
f 631 555 630
f 631 712 632
f 712 631 711
f 556 631 632
f 631 556 555
f 555 482 481
f 482 556 483
f 556 482 555
f 1152 1151 1244
f 1152 1061 1151
f 975 1066 976
f 888 975 976
f 1061 971 970
f 1436 1341 1435
f 1341 1340 1435
f 1342 1341 1436
f 1341 1342 1249
f 557 484 483
f 484 415 483
f 484 416 415
f 416 484 485
f 420 489 421
f 356 420 421
f 420 356 355
f 417 353 352
f 418 353 417
f 353 294 352
f 353 418 354
f 353 354 295
f 294 353 295
f 490 422 421
f 489 490 421
f 106 73 105
f 143 106 105
f 145 146 107
f 190 145 189
f 238 190 189
f 190 238 239
f 190 146 145
f 148 147 192
f 109 147 148
f 892 891 979
f 803 720 802
f 639 720 640
f 1157 1156 1249
f 1250 1157 1249
f 1156 1157 1066
f 1157 1250 1158
f 1067 1157 1158
f 1066 1157 1067
f 576 501 575
f 576 502 501
f 652 576 575
f 576 652 653
f 577 576 653
f 502 576 577
f 650 649 731
f 574 650 651
f 650 732 651
f 732 650 731
f 499 573 574
f 573 650 574
f 650 573 649
f 573 499 572
f 649 573 572
f 642 641 722
f 244 195 194
f 151 196 197
f 363 364 304
f 364 430 365
f 305 364 365
f 364 305 304
f 430 429 498
f 429 363 428
f 364 429 430
f 429 364 363
f 497 429 428
f 429 497 498
f 247 198 197
f 427 362 361
f 362 427 428
f 363 362 428
f 79 80 52
f 78 79 52
f 110 111 77
f 111 78 77
f 426 425 494
f 424 425 359
f 493 567 494
f 425 493 494
f 493 425 424
f 493 424 492
f 493 492 566
f 567 493 566
f 897 896 984
f 985 897 984
f 896 897 810
f 897 985 898
f 897 811 810
f 811 897 898
f 981 1072 982
f 1072 1073 982
f 1163 1072 1071
f 1072 981 1071
f 1073 1072 1164
f 1072 1163 1164
f 723 642 722
f 806 723 722
f 642 723 643
f 893 892 980
f 893 806 892
f 981 893 980
f 893 981 894
f 742 741 825
f 741 742 660
f 741 660 659
f 740 741 659
f 1007 919 918
f 1006 1007 918
f 1096 1004 1095
f 1095 1004 1003
f 1004 915 1003
f 1004 916 915
f 1263 1264 1170
f 1356 1263 1262
f 1263 1356 1357
f 1264 1263 1357
f 1263 1169 1262
f 1263 1170 1169
f 1264 1171 1170
f 1079 1171 1080
f 1171 1079 1170
f 1080 1171 1172
f 1171 1265 1172
f 1171 1264 1265
f 307 308 252
f 308 368 309
f 308 367 368
f 308 307 367
f 308 253 252
f 253 308 309
f 581 580 657
f 506 580 581
f 580 506 505
f 824 912 825
f 912 824 911
f 741 824 825
f 824 741 740
f 824 740 823
f 910 824 823
f 824 910 911
f 740 739 823
f 738 739 657
f 739 822 823
f 739 738 822
f 578 504 503
f 577 578 503
f 578 577 654
f 655 578 654
f 1087 996 1086
f 996 1087 997
f 909 996 997
f 996 909 908
f 907 906 994
f 1179 1178 1272
f 1178 1271 1272
f 1178 1179 1087
f 1271 1178 1177
f 1178 1086 1177
f 1178 1087 1086
f 1364 1270 1363
f 1271 1270 1364
f 1270 1271 1177
f 1270 1269 1363
f 1176 1270 1177
f 1269 1270 1176
f 818 819 735
f 735 819 736
f 905 819 818
f 819 905 906
f 1015 1016 927
f 837 836 924
f 925 837 924
f 520 595 596
f 595 520 519
f 673 674 596
f 595 673 596
f 673 595 672
f 1469 1374 1468
f 1280 1374 1281
f 1281 1374 1375
f 1374 1469 1375
f 1468 1373 1467
f 1373 1280 1279
f 1374 1373 1468
f 1373 1374 1280
f 1373 1372 1467
f 1372 1373 1279
f 1095 1094 1186
f 1094 1185 1186
f 1094 1095 1003
f 1185 1094 1093
f 1002 1094 1003
f 1094 1002 1093
f 90 89 126
f 61 90 91
f 89 90 60
f 90 61 60
f 91 90 127
f 90 126 127
f 21 41 22
f 40 41 21
f 41 40 65
f 66 41 65
f 8 20 9
f 2 3 1
f 7 2 1
f 2 10 3
f 2 9 10
f 2 8 9
f 8 2 7
f 95 131 132
f 131 95 130
f 40 64 65
f 64 96 65
f 96 64 95
f 64 40 63
f 94 64 63
f 95 64 94
f 74 75 48
f 73 74 48
f 74 106 107
f 106 74 73
f 166 167 125
f 166 165 213
f 165 166 125
f 166 213 214
f 167 166 214
f 123 122 163
f 122 162 163
f 122 121 162
f 121 122 86
f 59 87 88
f 87 123 88
f 122 87 86
f 87 122 123
f 513 587 588
f 513 588 514
f 441 375 374
f 660 584 583
f 584 660 661
f 1104 1013 1012
f 1012 1013 924
f 1013 925 924
f 925 1013 1014
f 1013 1105 1014
f 1105 1013 1104
f 316 260 259
f 316 317 260
f 317 316 377
f 315 316 259
f 376 316 315
f 316 376 377
f 318 378 379
f 317 378 318
f 378 445 379
f 378 317 377
f 745 746 664
f 745 829 746
f 828 745 744
f 829 745 828
f 752 670 669
f 670 752 753
f 752 837 753
f 837 752 836
f 670 671 593
f 671 670 753
f 754 671 753
f 671 754 672
f 445 444 514
f 444 377 443
f 444 378 377
f 378 444 445
f 513 444 443
f 444 513 514
f 1119 1028 1118
f 1028 1027 1118
f 1029 1028 1119
f 939 1028 1029
f 766 851 852
f 1027 937 1026
f 937 936 1026
f 1026 1025 1116
f 936 1025 1026
f 1025 1115 1116
f 1115 1025 1024
f 711 793 794
f 710 793 711
f 880 793 879
f 793 880 794
f 879 793 792
f 793 710 792
f 1425 1330 1424
f 1330 1329 1424
f 1330 1237 1329
f 1330 1425 1331
f 1238 1330 1331
f 1237 1330 1238
f 1327 1235 1234
f 1328 1235 1327
f 1235 1142 1234
f 1235 1328 1236
f 1143 1235 1236
f 1235 1143 1142
f 145 144 189
f 144 106 143
f 144 145 107
f 106 144 107
f 186 142 141
f 142 143 105
f 187 142 186
f 142 187 143
f 103 140 141
f 546 474 473
f 546 621 622
f 475 547 548
f 474 547 475
f 623 547 622
f 547 623 548
f 547 546 622
f 546 547 474
f 412 411 479
f 480 412 479
f 411 412 347
f 409 410 345
f 410 409 477
f 344 409 345
f 409 344 408
f 476 409 408
f 409 476 477
f 1136 1045 1135
f 1229 1136 1228
f 1136 1135 1228
f 1136 1229 1137
f 1046 1136 1137
f 1136 1046 1045
f 955 954 1044
f 953 954 867
f 396 464 397
f 396 463 464
f 396 397 333
f 332 396 333
f 395 396 332
f 463 396 462
f 396 395 462
f 275 274 331
f 273 274 221
f 221 274 222
f 274 275 222
f 274 330 331
f 330 274 273
f 392 459 393
f 392 330 329
f 330 392 393
f 459 392 458
f 603 528 602
f 681 603 602
f 603 681 682
f 528 603 529
f 760 677 759
f 599 677 600
f 677 676 759
f 677 599 676
f 932 1020 1021
f 678 526 600
f 677 678 600
f 678 677 760
f 678 760 679
f 601 678 679
f 678 601 526
f 390 391 328
f 392 391 458
f 328 391 329
f 391 392 329
f 458 457 529
f 457 528 529
f 391 457 458
f 457 391 390
f 604 530 529
f 603 604 529
f 604 603 682
f 680 761 762
f 601 680 602
f 680 601 679
f 761 680 679
f 680 681 602
f 681 680 762
f 854 855 769
f 768 854 769
f 854 941 855
f 854 768 853
f 941 854 940
f 854 853 940
f 385 453 386
f 386 453 454
f 524 453 523
f 453 524 454
f 1295 1389 1296
f 1484 1389 1483
f 1389 1388 1483
f 1389 1295 1388
f 1390 1389 1484
f 1296 1389 1390
f 1292 1198 1291
f 1197 1198 1106
f 1198 1197 1291
f 1198 1292 1199
f 934 1023 1024
f 931 930 1019
f 931 843 930
f 1020 931 1019
f 932 931 1020
f 1310 1217 1309
f 1216 1217 1124
f 1217 1216 1309
f 1217 1125 1124
f 1217 1218 1125
f 1217 1310 1218
f 1127 1037 1036
f 1128 1037 1127
f 1037 1128 1038
f 1313 1221 1220
f 1221 1128 1220
f 1221 1313 1314
f 1128 1221 1129
f 1222 1221 1314
f 1221 1222 1129
f 1041 1042 952
f 773 772 858
f 772 690 771
f 857 772 771
f 772 857 858
f 691 692 612
f 691 773 692
f 611 691 612
f 691 611 690
f 772 691 690
f 691 772 773
f 614 615 539
f 860 775 774
f 775 860 861
f 859 860 774
f 946 860 859
f 1135 1227 1228
f 1227 1320 1228
f 1134 1227 1135
f 1227 1134 1226
f 1413 1318 1412
f 1043 1042 1133
f 1134 1043 1133
f 1043 953 1042
f 1043 1134 1044
f 954 1043 1044
f 1043 954 953
f 868 869 782
f 867 868 782
f 868 955 956
f 869 868 956
f 954 868 867
f 868 954 955
f 784 785 702
f 785 703 702
f 785 784 871
f 703 785 786
f 785 871 872
f 786 785 872
f 864 865 779
f 780 781 698
f 865 780 779
f 620 700 621
f 338 401 402
f 469 401 468
f 402 401 469
f 401 400 468
f 400 401 337
f 401 338 337
f 23 11 10
f 24 11 23
f 10 11 3
f 11 12 3
f 12 25 26
f 25 24 45
f 11 25 12
f 25 11 24
f 25 46 26
f 46 25 45
f 24 44 45
f 44 24 43
f 68 44 43
f 44 68 69
f 72 73 47
f 46 72 47
f 73 72 105
f 618 697 698
f 697 780 698
f 780 697 779
f 779 697 696
f 696 697 617
f 697 618 617
f 554 553 629
f 553 628 629
f 480 553 481
f 553 554 481
f 553 480 552
f 628 553 552
f 349 291 290
f 349 350 291
f 350 414 415
f 415 414 483
f 414 482 483
f 349 414 350
f 1245 1152 1244
f 1337 1245 1244
f 1245 1337 1338
f 1245 1338 1246
f 1153 1245 1246
f 1245 1153 1152
f 1154 1155 1064
f 1154 1247 1155
f 1247 1154 1246
f 1154 1153 1246
f 1065 1156 1066
f 975 1065 1066
f 1065 975 974
f 1065 974 1064
f 1155 1065 1064
f 1156 1065 1155
f 801 888 802
f 713 712 795
f 712 713 632
f 633 713 714
f 633 557 632
f 713 633 632
f 1062 971 1061
f 1152 1062 1061
f 1153 1062 1152
f 1248 1341 1249
f 1156 1248 1249
f 1248 1156 1155
f 1247 1248 1155
f 1248 1247 1340
f 1341 1248 1340
f 490 491 422
f 491 423 422
f 423 491 492
f 75 108 109
f 108 147 109
f 147 108 146
f 146 108 107
f 108 74 107
f 74 108 75
f 190 191 146
f 191 240 192
f 240 191 239
f 191 190 239
f 147 191 192
f 191 147 146
f 978 977 1068
f 1069 978 1068
f 978 1069 979
f 891 978 979
f 889 803 802
f 889 888 976
f 888 889 802
f 977 889 976
f 803 804 720
f 563 490 489
f 565 642 566
f 565 641 642
f 492 565 566
f 491 565 492
f 112 151 113
f 79 112 113
f 112 79 78
f 111 112 78
f 302 301 361
f 362 302 361
f 245 195 244
f 195 245 196
f 246 247 197
f 246 245 301
f 246 302 247
f 302 246 301
f 196 246 197
f 245 246 196
f 198 152 197
f 152 151 197
f 151 152 113
f 248 198 247
f 250 305 306
f 116 156 117
f 116 82 81
f 82 116 117
f 116 155 156
f 149 111 110
f 148 149 110
f 195 149 194
f 360 426 361
f 360 425 426
f 301 360 361
f 425 360 359
f 807 723 806
f 807 894 808
f 807 893 894
f 893 807 806
f 1008 920 919
f 1007 1008 919
f 1009 1008 1100
f 920 1008 1009
f 1189 1098 1097
f 1098 1006 1097
f 1098 1007 1006
f 1098 1189 1190
f 1005 1004 1096
f 1005 1006 917
f 916 1005 917
f 1004 1005 916
f 1006 1005 1097
f 1005 1096 1097
f 656 655 737
f 580 656 657
f 656 738 657
f 738 656 737
f 658 739 740
f 658 740 659
f 658 581 657
f 739 658 657
f 658 582 581
f 582 658 659
f 995 996 908
f 907 995 908
f 996 995 1086
f 995 907 994
f 1085 995 994
f 995 1085 1086
f 821 907 908
f 821 908 822
f 738 821 822
f 821 738 737
f 907 820 906
f 820 819 906
f 819 820 736
f 820 737 736
f 820 821 737
f 821 820 907
f 1016 928 927
f 928 929 841
f 1108 1199 1200
f 673 756 674
f 674 756 757
f 756 841 757
f 838 837 925
f 837 838 753
f 838 754 753
f 23 42 43
f 42 23 22
f 41 42 22
f 42 67 43
f 42 66 67
f 42 41 66
f 8 37 20
f 61 37 36
f 37 61 38
f 20 37 38
f 19 8 7
f 19 7 18
f 37 19 36
f 19 37 8
f 35 19 18
f 19 35 36
f 175 174 221
f 221 174 220
f 174 175 132
f 131 174 132
f 58 57 86
f 58 87 59
f 87 58 86
f 57 58 34
f 58 35 34
f 58 59 35
f 513 512 587
f 586 512 511
f 512 586 587
f 512 513 443
f 745 663 744
f 663 745 664
f 587 663 664
f 586 663 587
f 441 510 511
f 751 752 669
f 751 750 835
f 750 751 669
f 836 751 835
f 752 751 836
f 671 594 593
f 518 594 519
f 594 518 593
f 594 595 519
f 595 594 672
f 594 671 672
f 1028 938 1027
f 938 937 1027
f 937 938 851
f 851 938 852
f 938 939 852
f 938 1028 939
f 684 765 766
f 765 851 766
f 681 763 682
f 682 763 764
f 763 849 764
f 849 763 848
f 763 762 848
f 763 681 762
f 1025 935 1024
f 934 935 848
f 935 934 1024
f 935 849 848
f 849 935 936
f 935 1025 936
f 188 144 143
f 187 188 143
f 144 188 189
f 188 187 236
f 188 237 189
f 188 236 237
f 187 235 236
f 236 235 290
f 235 289 290
f 289 235 234
f 234 235 186
f 235 187 186
f 102 69 101
f 102 101 139
f 140 102 139
f 103 102 140
f 70 102 103
f 102 70 69
f 44 70 45
f 70 44 69
f 412 348 347
f 289 348 290
f 348 289 347
f 348 349 290
f 846 932 1021
f 457 456 528
f 456 389 455
f 456 390 389
f 456 457 390
f 527 456 455
f 528 456 527
f 604 605 530
f 605 684 606
f 531 605 606
f 530 605 531
f 452 453 385
f 522 452 451
f 452 522 523
f 453 452 523
f 452 384 451
f 452 385 384
f 1107 1198 1199
f 1108 1107 1199
f 1107 1108 1016
f 1107 1016 1015
f 1107 1015 1106
f 1198 1107 1106
f 844 931 932
f 844 760 759
f 843 844 759
f 931 844 843
f 1409 1315 1314
f 1315 1222 1314
f 1410 1315 1409
f 1315 1410 1316
f 1040 1131 1041
f 948 1037 1038
f 1041 1132 1042
f 1042 1132 1133
f 1132 1225 1133
f 1225 1132 1224
f 1132 1131 1224
f 1131 1132 1041
f 1222 1130 1129
f 1130 1131 1040
f 614 694 615
f 1319 1227 1226
f 1227 1319 1320
f 1318 1319 1226
f 1413 1319 1318
f 1320 1414 1415
f 1414 1319 1413
f 1319 1414 1320
f 778 779 696
f 778 864 779
f 951 864 950
f 1040 951 950
f 951 1040 1041
f 951 1041 952
f 865 951 952
f 864 951 865
f 781 866 867
f 780 866 781
f 866 953 867
f 866 780 865
f 953 866 952
f 866 865 952
f 546 545 621
f 545 620 621
f 545 546 473
f 472 545 473
f 781 699 698
f 620 699 700
f 699 781 782
f 700 699 782
f 72 104 105
f 104 142 105
f 142 104 141
f 104 103 141
f 413 414 349
f 482 413 481
f 414 413 482
f 413 480 481
f 413 412 480
f 413 348 412
f 348 413 349
f 635 636 560
f 636 635 716
f 486 417 485
f 486 418 417
f 486 487 418
f 487 486 560
f 797 715 714
f 635 715 716
f 796 795 882
f 796 713 795
f 713 796 714
f 796 797 714
f 970 883 882
f 883 796 882
f 796 883 797
f 971 883 970
f 1154 1063 1153
f 1063 1062 1153
f 1063 1154 1064
f 1062 972 971
f 1063 972 1062
f 805 804 891
f 805 891 892
f 805 806 722
f 806 805 892
f 641 721 722
f 721 805 722
f 805 721 804
f 721 641 640
f 720 721 640
f 804 721 720
f 890 804 803
f 978 890 977
f 890 978 891
f 804 890 891
f 890 889 977
f 889 890 803
f 563 564 490
f 564 491 490
f 564 565 491
f 641 564 640
f 565 564 641
f 562 563 489
f 303 302 362
f 303 363 304
f 303 362 363
f 248 303 304
f 302 303 247
f 303 248 247
f 245 300 301
f 360 300 359
f 300 360 301
f 300 299 359
f 299 300 244
f 300 245 244
f 153 152 198
f 152 153 113
f 249 250 200
f 250 249 305
f 305 249 304
f 249 248 304
f 307 251 306
f 251 250 306
f 251 307 252
f 202 251 252
f 150 149 195
f 149 150 111
f 150 195 196
f 151 150 196
f 112 150 151
f 150 112 111
f 723 724 643
f 807 724 723
f 643 724 644
f 724 725 644
f 725 724 808
f 724 807 808
f 1099 1008 1007
f 1098 1099 1007
f 1099 1098 1190
f 1191 1099 1190
f 1100 1099 1191
f 1008 1099 1100
f 579 578 655
f 656 579 655
f 504 579 505
f 578 579 504
f 579 580 505
f 579 656 580
f 1109 1108 1200
f 1201 1109 1200
f 1109 1110 1018
f 1110 1109 1201
f 1017 928 1016
f 1108 1017 1016
f 928 1017 929
f 1109 1017 1108
f 929 1017 1018
f 1017 1109 1018
f 755 756 673
f 755 673 672
f 754 755 672
f 174 173 220
f 173 130 172
f 173 131 130
f 173 174 131
f 219 173 172
f 173 219 220
f 442 441 511
f 512 442 511
f 441 442 375
f 442 512 443
f 376 442 443
f 442 376 375
f 510 509 584
f 509 439 508
f 509 508 583
f 584 509 583
f 440 374 373
f 439 440 373
f 440 441 374
f 440 510 441
f 509 440 439
f 440 509 510
f 585 510 584
f 585 584 661
f 585 586 511
f 510 585 511
f 850 937 851
f 765 850 851
f 850 765 764
f 937 850 936
f 849 850 764
f 850 849 936
f 683 604 682
f 683 682 764
f 765 683 764
f 683 765 684
f 605 683 684
f 683 605 604
f 71 72 46
f 71 46 45
f 70 71 45
f 71 70 103
f 104 71 103
f 71 104 72
f 845 761 679
f 845 846 761
f 846 845 932
f 760 845 679
f 844 845 760
f 845 844 932
f 934 933 1023
f 1023 933 1022
f 1022 933 1021
f 933 846 1021
f 860 947 861
f 947 948 861
f 948 947 1037
f 947 860 946
f 947 946 1036
f 1037 947 1036
f 948 862 861
f 1129 1039 1038
f 1130 1039 1129
f 1039 1040 950
f 1039 1130 1040
f 1315 1223 1222
f 1223 1130 1222
f 1223 1315 1316
f 1130 1223 1131
f 1223 1316 1224
f 1131 1223 1224
f 693 694 614
f 693 692 774
f 775 693 774
f 693 614 613
f 693 613 692
f 695 616 615
f 694 695 615
f 695 694 777
f 616 695 696
f 695 778 696
f 778 695 777
f 545 544 620
f 544 545 472
f 544 472 471
f 543 544 471
f 720 719 802
f 639 719 720
f 719 801 802
f 719 718 801
f 634 633 714
f 715 634 714
f 634 715 635
f 559 486 485
f 559 634 635
f 559 635 560
f 486 559 560
f 418 419 354
f 487 419 418
f 419 355 354
f 419 420 355
f 420 488 489
f 488 562 489
f 419 488 420
f 488 419 487
f 798 715 797
f 715 798 716
f 718 800 801
f 973 886 885
f 972 973 885
f 973 972 1063
f 973 1063 1064
f 974 973 1064
f 886 973 974
f 563 638 639
f 562 638 563
f 638 719 639
f 719 638 718
f 718 638 637
f 638 562 637
f 199 153 198
f 199 249 200
f 248 199 198
f 249 199 248
f 155 154 200
f 154 199 200
f 199 154 153
f 153 114 113
f 114 79 113
f 79 114 80
f 154 114 153
f 250 201 200
f 251 201 250
f 201 155 200
f 201 251 202
f 201 202 156
f 155 201 156
f 755 840 756
f 756 840 841
f 928 840 927
f 840 928 841
f 926 1015 927
f 1015 926 1014
f 926 925 1014
f 926 838 925
f 662 663 586
f 585 662 586
f 663 662 744
f 662 585 661
f 662 743 744
f 662 661 743
f 847 933 934
f 761 847 762
f 846 847 761
f 933 847 846
f 762 847 848
f 847 934 848
f 862 863 777
f 864 863 950
f 778 863 864
f 863 778 777
f 776 775 861
f 862 776 861
f 776 693 775
f 693 776 694
f 694 776 777
f 776 862 777
f 949 1039 950
f 863 949 950
f 949 863 862
f 949 862 948
f 949 948 1038
f 1039 949 1038
f 618 619 543
f 619 544 543
f 619 618 698
f 699 619 698
f 619 699 620
f 544 619 620
f 558 559 485
f 559 558 634
f 484 558 485
f 558 484 557
f 633 558 557
f 634 558 633
f 562 561 637
f 488 561 562
f 561 636 637
f 636 561 560
f 561 487 560
f 561 488 487
f 884 972 885
f 798 884 885
f 972 884 971
f 884 798 797
f 884 883 971
f 883 884 797
f 887 886 974
f 887 800 886
f 800 887 801
f 975 887 974
f 887 975 888
f 801 887 888
f 800 799 886
f 886 799 885
f 798 799 716
f 799 798 885
f 717 636 716
f 636 717 637
f 799 717 716
f 717 799 800
f 717 718 637
f 717 800 718
f 80 115 81
f 114 115 80
f 115 116 81
f 115 114 154
f 115 155 116
f 115 154 155
f 839 840 755
f 926 839 838
f 840 839 927
f 839 926 927
f 838 839 754
f 839 755 754
f 1159 1068 1158
f 1068 1067 1158
f 588 665 589
f 665 666 589
f 1251 1159 1158
f 1251 1252 1159
f 1251 1344 1345
f 1252 1251 1345
f 356 422 357
f 422 356 421
f 298 356 357
f 356 298 297
f 193 242 194
f 242 243 194
f 298 242 297
f 242 298 243
f 613 614 538
f 538 614 539
f 149 193 194
f 149 148 193
f 564 563 639
f 564 639 640
