   -0.020365     0.999708    -0.012989
   -0.077537     0.995774    -0.049225
   -0.049990     0.998233    -0.032137
    0.009560     0.999936     0.006112
   -0.003008     0.999994    -0.001956
   -0.003428     0.875747     0.482759
   -0.056982     0.536332    -0.842082
    0.051295     0.998131     0.033220
    0.071903     0.996203     0.049082
    0.031143     0.999289     0.021259
    0.081925     0.995059     0.056086
    0.072266     0.995954     0.053409
    0.057569     0.997354     0.044390
    0.057057     0.997546     0.040574
    0.097568     0.992807     0.069383
    0.137991     0.985176     0.101917
    0.167281     0.966803     0.193156
    0.282980     0.696409     0.659497
   -0.372645     0.592801     0.713948
   -0.312130     0.584728     0.748777
   -0.011067     0.533955     0.845440
    0.153538     0.981066     0.118049
    0.208255     0.954247     0.214578
    0.194825     0.962256     0.190019
   -0.143386     0.985230     0.093612
   -0.109175     0.991428     0.071768
   -0.119381     0.989908     0.076358
   -0.297606     0.927278     0.227127
   -0.261372     0.944402     0.199473
   -0.279480     0.938483     0.202833
   -0.296325     0.932669     0.205719
   -0.101055     0.992763     0.064881
   -0.083403     0.995113     0.052853
   -0.070566     0.996459     0.045711
   -0.106418     0.991934     0.068858
    0.017092     0.999786     0.011682
    0.183775     0.974940     0.125373
    0.055289     0.997811     0.036275
    0.102326     0.992548     0.066171
    0.172983     0.977792     0.118322
   -0.144484     0.542118    -0.827788
   -0.084841     0.533636    -0.841448
    0.179227     0.958563     0.221436
    0.162288     0.963002     0.215152
    0.198475     0.944125     0.263127
    0.002715     0.999984     0.005038
    0.043308     0.996814     0.066982
    0.367708     0.590686     0.718248
    0.351094     0.592305     0.725195
    0.466452     0.676542     0.569836
    0.235008     0.554673     0.798191
    0.299639     0.581383     0.756446
    0.254546     0.554308     0.792432
    0.240523     0.606764     0.757619
    0.443053     0.755129     0.483201
    0.446415     0.730805     0.516369
    0.428750     0.755129     0.495937
    0.388752     0.848512     0.359025
    0.414643     0.825489     0.382936
    0.316237     0.864486     0.390715
   -0.301191     0.569891     0.764531
   -0.338361     0.572966     0.746473
   -0.294759     0.576282     0.762244
   -0.261940     0.556273     0.788637
   -0.221384     0.563917     0.795605
   -0.257300     0.577659     0.774665
   -0.258302     0.701432     0.664284
    0.236413     0.885462     0.400083
    0.214377     0.891080     0.400024
   -0.272057     0.826559     0.492733
   -0.250747     0.854918     0.454138
    0.022640     0.887904     0.459471
    0.335384     0.911382     0.238538
    0.324686     0.915181     0.238795
    0.192406     0.969049     0.154673
    0.180594     0.972792     0.145129
    0.139970     0.983746     0.112483
    0.099998     0.991995     0.077107
    0.087041     0.993755     0.069822
    0.084021     0.994524     0.062151
    0.125962     0.987650     0.093176
    0.113423     0.989712     0.087206
    0.129169     0.986194     0.103615
    0.308076     0.871954     0.380507
    0.251545     0.923042     0.291063
    0.236075     0.927165     0.290920
    0.233550     0.945287     0.227788
    0.220076     0.948892     0.226209
    0.182229     0.963025     0.198435
    0.143328     0.979743     0.139860
    0.184047     0.966371     0.179594
    0.169511     0.969928     0.174657
    0.275235     0.814666     0.510456
    0.208342     0.912295     0.352578
    0.207149     0.899481     0.384739
    0.179662     0.925405     0.333687
   -0.124433     0.988681     0.083827
   -0.176995     0.977095     0.118142
   -0.146161     0.983811     0.103692
   -0.170263     0.978910     0.112896
   -0.193674     0.972736     0.127577
   -0.182188     0.975512     0.123219
   -0.276409     0.935432     0.220374
   -0.321517     0.918648     0.229591
   -0.306496     0.922754     0.233635
   -0.332454     0.913127     0.235951
   -0.318160     0.920614     0.226371
   -0.281500     0.938950     0.197814
   -0.287642     0.930011     0.228781
   -0.320251     0.912446     0.254718
   -0.402946     0.859886     0.313419
   -0.395300     0.864864     0.309433
    0.165787     0.979861    -0.111297
    0.113850     0.990789    -0.073313
    0.080568     0.995434    -0.051181
    0.185006     0.971600    -0.147533
   -0.064062     0.823859     0.563163
   -0.098699     0.813236     0.573503
   -0.206127     0.955685     0.210186
   -0.193022     0.959101     0.207046
   -0.181969     0.949673     0.254966
   -0.121836     0.894016     0.431151
   -0.116826     0.902065     0.415488
    0.094247     0.931028     0.352568
    0.020545     0.998417    -0.052366
    0.170224     0.933290     0.316217
    0.177818     0.913160     0.366769
    0.149738     0.939249     0.308851
   -0.079362     0.995548     0.050859
   -0.071259     0.996438     0.045102
   -0.073492     0.995957     0.051666
   -0.060123     0.997366     0.040578
   -0.088078     0.994338     0.059445
   -0.103838     0.991912     0.073000
   -0.123058     0.988876     0.083546
   -0.087952     0.994017     0.064765
   -0.089325     0.994155     0.060644
   -0.123134     0.988239     0.090671
   -0.108143     0.991171     0.076720
    0.171571     0.974691    -0.143324
    0.186214     0.968954    -0.162644
    0.129311     0.968289    -0.213766
    0.118577     0.973206    -0.197001
    0.119867     0.983203    -0.137636
    0.132160     0.978035    -0.161188
    0.090255     0.994048    -0.061013
    0.068129     0.996717    -0.043735
    0.096432     0.993364    -0.062674
    0.112157     0.991068    -0.072146
    0.146567     0.980882    -0.128016
    0.447458     0.754388    -0.480292
   -0.023821     0.999584    -0.016282
   -0.056387     0.997743    -0.036474
   -0.005185     0.999981    -0.003384
   -0.060856     0.997343    -0.040055
   -0.108038     0.991698    -0.069727
   -0.051069     0.997772    -0.042931
    0.042924     0.998699     0.027542
    0.071076     0.996445     0.045232
    0.099670     0.992941     0.064303
    0.152420     0.983336     0.099087
    0.151364     0.983557     0.098512
    0.110048     0.990842     0.078238
    0.122814     0.988862     0.084078
    0.150146     0.982884     0.106747
    0.134027     0.986728     0.091676
    0.151180     0.983619     0.098174
    0.128935     0.988030     0.084686
    0.097781     0.993202     0.063163
   -0.083336     0.556698    -0.826524
    0.205896     0.949255     0.237744
    0.194401     0.957877     0.211376
    0.231629     0.939637     0.251855
    0.216062     0.943830     0.250006
    0.225696     0.933426     0.278887
    0.189131     0.953735     0.233705
    0.055382     0.994761     0.085922
   -0.025207     0.999196    -0.031180
    0.071602     0.992160     0.102434
    0.030480     0.998584     0.043604
   -0.021188     0.999137    -0.035716
    0.016588     0.999471     0.027962
    0.003214     0.999982     0.004970
    0.017855     0.999515     0.025500
    0.103399     0.990840     0.086858
    0.088286     0.993047     0.077865
    0.103525     0.990005     0.095775
    0.088046     0.852270    -0.515639
    0.122569     0.890066    -0.439044
    0.412697     0.609226     0.677145
    0.396204     0.608488     0.687579
    0.285808     0.688341     0.666709
    0.440681     0.666033     0.601831
    0.328078     0.571093     0.752474
    0.292762     0.567456     0.769600
    0.040569     0.525544     0.849799
    0.083368     0.536520     0.839760
    0.158199     0.527832     0.834486
    0.333512     0.644863     0.687692
    0.279476     0.604436     0.746023
    0.442543     0.772492     0.455425
    0.318414     0.740259     0.592140
    0.396289     0.832989     0.386115
    0.349911     0.897284     0.269154
    0.407208     0.839974     0.358644
    0.426402     0.835442     0.346724
    0.422856     0.838104     0.344636
    0.419364     0.841863     0.339705
    0.362866     0.893560     0.264346
    0.354864     0.897623     0.261429
    0.437122     0.779351     0.448928
    0.423125     0.779751     0.461468
    0.433967     0.795827     0.422294
    0.455061     0.772548     0.442820
    0.452568     0.784029     0.424831
    0.205874     0.592842     0.778559
    0.078427     0.632236     0.770796
    0.115834     0.643901     0.756290
   -0.394735     0.626614     0.671967
   -0.416180     0.611737     0.672735
   -0.357690     0.594663     0.720024
   -0.403028     0.611508     0.680902
   -0.250850     0.556695     0.791938
    0.249974     0.576125     0.778199
    0.245779     0.583307     0.774174
    0.285190     0.574675     0.767082
    0.279285     0.598081     0.751198
    0.208302     0.585894     0.783159
    0.212566     0.562235     0.799192
    0.040023     0.543655     0.838354
   -0.052280     0.525655     0.849090
    0.037678     0.640202     0.767282
   -0.436798     0.634545     0.637620
   -0.045202     0.677101     0.734500
   -0.208906     0.753546     0.623320
   -0.181899     0.736980     0.650978
   -0.145589     0.744123     0.651985
   -0.398272     0.639247     0.657833
   -0.326110     0.679307     0.657415
   -0.336230     0.653844     0.677818
    0.256096     0.894959     0.365327
    0.236912     0.899805     0.366366
   -0.361788     0.782539     0.506698
   -0.300072     0.838002     0.455751
   -0.278734     0.842121     0.461671
    0.062429     0.789863     0.610097
    0.025558     0.854579     0.518692
    0.209004     0.877090     0.432471
    0.184473     0.905685     0.381712
   -0.192834     0.794352     0.576038
   -0.205116     0.763214     0.612725
   -0.143737     0.754053     0.640893
   -0.171763     0.769828     0.614705
   -0.289373     0.698243     0.654767
   -0.380085     0.756417     0.532324
   -0.354334     0.678075     0.643942
   -0.381221     0.722378     0.576924
   -0.409363     0.812387     0.415270
   -0.396414     0.813607     0.425323
   -0.418407     0.789561     0.448920
   -0.415626     0.805821     0.421791
   -0.274634     0.866367     0.417115
   -0.271577     0.850412     0.450606
    0.304153     0.928751     0.211925
    0.324017     0.917203     0.231844
    0.299326     0.930679     0.210336
    0.317829     0.918607     0.234831
    0.288981     0.935623     0.202729
    0.298343     0.931689     0.207238
    0.283428     0.935849     0.209414
    0.232904     0.950619     0.205133
    0.257333     0.936521     0.238134
    0.219892     0.954065     0.203486
    0.165031     0.978064     0.127109
    0.177643     0.975309     0.131204
    0.200192     0.969403     0.142057
    0.161546     0.980185     0.114633
    0.204563     0.966090     0.157557
    0.188505     0.972157     0.139203
    0.207480     0.962581     0.174325
    0.194492     0.965831     0.171301
    0.169045     0.973127     0.156357
    0.208972     0.958630     0.193287
    0.167679     0.975723     0.140883
    0.182875     0.969868     0.160974
    0.157869     0.976571     0.146242
    0.116519     0.987306     0.107937
    0.114759     0.988702     0.096435
    0.130953     0.984638     0.115495
    0.155653     0.979114     0.130799
    0.142017     0.981939     0.125009
    0.326322     0.876108     0.354892
    0.340129     0.873203     0.349040
    0.332178     0.861308     0.384456
    0.302950     0.886161     0.350627
    0.267924     0.931048     0.247722
    0.266948     0.923861     0.274262
    0.277163     0.912182     0.301835
    0.241779     0.933925     0.263301
    0.280131     0.920374     0.272834
    0.244367     0.940021     0.238001
    0.256222     0.930049     0.263362
    0.263544     0.798266     0.541586
    0.239051     0.862484     0.446067
    0.297004     0.810902     0.504208
    0.373796     0.804482     0.461612
    0.356346     0.806524     0.471739
    0.350147     0.830916     0.432406
    0.343075     0.838231     0.423874
    0.072223     0.706975     0.703542
    0.243252     0.914942     0.322040
    0.209006     0.937952     0.276701
    0.225399     0.919679     0.321537
    0.228657     0.906870     0.353980
   -0.218069     0.965022     0.145531
   -0.223310     0.963114     0.150146
   -0.235344     0.959173     0.156844
   -0.266562     0.925132     0.270326
   -0.277352     0.913252     0.298406
   -0.363913     0.887532     0.282584
   -0.378650     0.880238     0.286015
   -0.330794     0.906422     0.262631
   -0.361277     0.887246     0.286833
   -0.339830     0.904108     0.259045
   -0.360316     0.895285     0.261985
   -0.348875     0.898708     0.265726
   -0.323923     0.916282     0.235589
   -0.351768     0.899770     0.258211
    0.184672     0.975157    -0.122333
    0.188858     0.973977    -0.125310
    0.062676     0.997134    -0.042370
    0.084515     0.994966    -0.053857
    0.385145     0.875952    -0.290469
    0.377536     0.880473    -0.286765
    0.359484     0.895280    -0.263145
    0.347740     0.900371    -0.261550
   -0.028830     0.887904     0.459124
   -0.072498     0.781410     0.619792
   -0.069198     0.790678     0.608310
   -0.142482     0.955532     0.258180
   -0.160859     0.950351     0.266379
   -0.154608     0.959731     0.234548
   -0.188532     0.939496     0.286013
   -0.164731     0.968196     0.188311
   -0.190407     0.954050     0.231373
   -0.205584     0.950003     0.235011
   -0.199806     0.944818     0.259608
   -0.179767     0.964432     0.193791
   -0.166644     0.971265     0.169926
   -0.218144     0.955249     0.199783
   -0.192483     0.963536     0.185875
   -0.232227     0.946457     0.224255
   -0.205432     0.960243     0.189028
   -0.166843     0.976093     0.139304
    0.082103     0.919670     0.384014
   -0.001679     0.973264     0.229685
    0.013260     0.997024    -0.075940
    0.027438     0.987196    -0.157135
    0.008236     0.998808    -0.048111
   -0.006472     0.999264     0.037808
    0.014147     0.998644    -0.050104
    0.007650     0.999705    -0.023053
    0.004199     0.999814    -0.018847
    0.022444     0.994660    -0.100738
   -0.016795     0.998942     0.042808
    0.138765     0.956188     0.257776
    0.097066     0.948259     0.302295
    0.117397     0.923334     0.365613
    0.147425     0.927870     0.342525
    0.124692     0.934854     0.332415
   -0.014549     0.992585     0.120678
   -0.016353     0.965957     0.258185
   -0.026865     0.973476     0.227205
   -0.024525     0.978785     0.203418
   -0.011045     0.984617     0.174375
    0.193984     0.968647    -0.155221
    0.234930     0.950014    -0.205625
    0.208758     0.962293    -0.174389
    0.195905     0.965516    -0.171467
    0.185872     0.966049    -0.179448
    0.171575     0.969554    -0.174721
    0.171962     0.972339    -0.158069
    0.210520     0.958246    -0.193511
    0.073063     0.986356    -0.147526
    0.095707     0.953018    -0.287397
    0.124802     0.939087    -0.320217
    0.098439     0.962557    -0.252574
    0.136034     0.979773    -0.146765
    0.092522     0.993721    -0.062915
    0.091337     0.991900    -0.088269
    0.080660     0.987692    -0.134007
    0.089515     0.982467    -0.163542
    0.038921     0.995343    -0.088188
    0.011900     0.999566    -0.026963
   -0.087717     0.994095     0.063890
    0.132430     0.606959    -0.783621
    0.135476     0.582249    -0.801644
   -0.039723     0.576714    -0.815980
   -0.038835     0.601728    -0.797756
    0.230687     0.918147    -0.322164
    0.356759     0.762486    -0.539757
    0.086971     0.664094    -0.742573
    0.123638     0.677018    -0.725507
    0.234402     0.904425    -0.356470
    0.130739     0.931990    -0.338085
    0.209722     0.947790    -0.240230
    0.195530     0.951592    -0.237151
   -0.224843     0.946648    -0.230876
   -0.106339     0.991965    -0.068543
   -0.246400     0.931259    -0.268410
   -0.261122     0.927320    -0.268127
   -0.242117     0.953605    -0.178932
    0.015357     0.999375     0.031846
   -0.171816     0.941371    -0.290344
   -0.160782     0.969327    -0.185890
   -0.009117     0.999937    -0.006476
    0.201198     0.970711     0.131296
    0.179733     0.976502     0.118911
   -0.468600     0.673382    -0.571813
   -0.083013     0.594245    -0.799988
    0.142762     0.977472     0.155457
    0.157565     0.974089     0.162248
    0.070328     0.986830     0.145675
    0.087402     0.982789     0.162747
    0.027992     0.998490     0.047264
    0.039411     0.996544     0.073119
    0.066281     0.991505     0.111913
    0.049982     0.994404     0.093068
   -0.082640     0.986775    -0.139449
   -0.117709     0.972981    -0.198626
   -0.109575     0.979349    -0.169909
    0.019602     0.999514     0.024247
    0.003759     0.999980     0.004995
    0.045934     0.997078     0.061042
    0.030712     0.998808     0.037931
   -0.009258     0.999881    -0.012304
   -0.008205     0.999886    -0.012705
   -0.023206     0.999181    -0.033142
    0.060525     0.996595     0.055994
    0.046460     0.997994     0.043001
    0.032069     0.999205     0.023701
    0.046809     0.998351     0.033226
    0.002534     0.999995     0.001798
    0.047096     0.998234     0.036220
   -0.010406     0.999908    -0.008748
    0.004588     0.999982     0.003854
   -0.212550     0.873534    -0.437906
    0.348141     0.676801     0.648643
    0.433332     0.655664     0.618327
    0.456434     0.653049     0.604314
    0.449135     0.652230     0.610633
    0.451207     0.720648     0.526383
    0.477765     0.723699     0.497996
    0.476774     0.700072     0.531588
    0.174270     0.543672     0.821006
    0.129361     0.547820     0.826534
    0.171251     0.565482     0.806786
    0.130288     0.553848     0.822361
    0.085777     0.537497     0.838892
    0.084318     0.559359     0.824626
    0.317847     0.596857     0.736706
    0.344433     0.612556     0.711436
    0.310505     0.620995     0.719689
    0.342289     0.620243     0.705789
    0.468943     0.767715     0.436700
    0.470049     0.767429     0.436012
    0.475547     0.744750     0.468191
    0.462351     0.748222     0.475810
    0.461691     0.759328     0.458543
    0.448663     0.747750     0.489461
    0.462513     0.729034     0.504571
    0.475797     0.744735     0.467960
    0.336134     0.703418     0.626272
    0.304653     0.713572     0.630874
    0.316407     0.685989     0.655214
    0.332882     0.711316     0.619047
    0.352555     0.789596     0.502238
    0.331405     0.792140     0.512528
    0.368976     0.857096     0.359504
    0.362434     0.885410     0.291016
    0.398963     0.846993     0.351327
    0.385178     0.866385     0.317830
    0.431713     0.817956     0.380226
    0.421471     0.818742     0.389902
    0.444832     0.795475     0.411514
    0.447324     0.811293     0.376436
    0.440255     0.807814     0.391935
    0.403098     0.826705     0.392518
    0.426989     0.802998     0.415781
    0.417484     0.786767     0.454648
    0.415046     0.803768     0.426256
    0.460400     0.789688     0.405493
    0.458226     0.790566     0.406244
    0.307055     0.627762     0.715285
    0.272561     0.629571     0.727565
    0.250145     0.699899     0.669006
    0.259526     0.671477     0.694093
    0.039007     0.573042     0.818597
    0.039759     0.549756     0.834379
   -0.102948     0.537017     0.837266
   -0.139605     0.554938     0.820094
   -0.180604     0.566951     0.803709
   -0.183824     0.544995     0.818040
   -0.185173     0.544861     0.817825
   -0.098511     0.537843     0.837270
   -0.467826     0.679376     0.565320
   -0.424708     0.681423     0.596058
   -0.445243     0.682343     0.579798
   -0.423704     0.636759     0.644215
   -0.452383     0.655955     0.604212
   -0.414616     0.656271     0.630398
   -0.458402     0.656458     0.599108
   -0.437312     0.657322     0.613747
   -0.445626     0.669784     0.593976
   -0.471261     0.678866     0.563075
   -0.475859     0.702868     0.528711
   -0.451989     0.696867     0.556850
   -0.473564     0.750453     0.461040
   -0.448381     0.733367     0.511006
   -0.431004     0.756939     0.491202
   -0.474565     0.749978     0.460782
   -0.450146     0.750383     0.484040
   -0.453709     0.723500     0.520284
   -0.477131     0.702501     0.528052
   -0.248106     0.831333     0.497323
   -0.222823     0.788267     0.573572
   -0.207379     0.819777     0.533817
   -0.234687     0.813980     0.531374
   -0.240250     0.805000     0.542453
   -0.267891     0.799928     0.536982
   -0.226848     0.779675     0.583650
   -0.260823     0.765544     0.588144
   -0.240301     0.748334     0.618265
   -0.256112     0.774604     0.578269
    0.033850     0.716620     0.696642
   -0.004142     0.705050     0.709145
   -0.115231     0.729919     0.673751
   -0.109152     0.762089     0.638206
   -0.077099     0.748073     0.659122
   -0.078542     0.738585     0.669569
   -0.231294     0.685059     0.690795
   -0.358184     0.671995     0.648171
   -0.411822     0.663975     0.624131
   -0.369006     0.646481     0.667755
   -0.387441     0.663597     0.639944
   -0.380765     0.615324     0.690213
   -0.350792     0.615070     0.706140
   -0.371604     0.638878     0.673607
    0.294401     0.892996     0.340422
    0.262428     0.915996     0.303451
    0.278297     0.896885     0.343727
    0.269675     0.903790     0.332325
    0.252224     0.908230     0.333918
    0.282789     0.883101     0.374383
   -0.319251     0.749682     0.579703
   -0.332012     0.767642     0.548173
   -0.354967     0.765358     0.536866
   -0.278797     0.816113     0.506193
   -0.307652     0.829811     0.465578
   -0.301513     0.812213     0.499399
   -0.004087     0.822473     0.568789
   -0.035726     0.810988     0.583971
    0.111845     0.901351     0.418399
   -0.274658     0.735512     0.619343
   -0.293009     0.752690     0.589579
   -0.307025     0.723936     0.617781
   -0.277526     0.727081     0.627959
   -0.349019     0.738998     0.576253
   -0.323450     0.741184     0.588240
   -0.377067     0.730808     0.568982
   -0.360433     0.757813     0.543882
   -0.418377     0.842344     0.339730
   -0.384442     0.868339     0.313356
   -0.389061     0.850090     0.354934
   -0.398981     0.848590     0.347432
   -0.385647     0.774070     0.502089
   -0.425147     0.764852     0.483995
   -0.404264     0.790421     0.460222
   -0.403296     0.772965     0.489772
   -0.442626     0.815188     0.373566
   -0.169328     0.944861     0.280297
   -0.171994     0.934499     0.311657
   -0.216653     0.927853     0.303563
    0.252661     0.951237     0.176949
    0.273160     0.940586     0.201696
    0.230902     0.955107     0.185619
    0.218656     0.958308     0.183946
    0.300562     0.902390     0.308797
    0.286604     0.905870     0.311861
    0.317899     0.882771     0.345913
    0.309473     0.896308     0.317581
    0.288073     0.929256     0.231293
    0.262463     0.943528     0.202159
    0.298082     0.926517     0.229594
    0.301732     0.919102     0.253396
    0.201716     0.818775     0.537511
    0.215713     0.868100     0.447068
    0.264318     0.887468     0.377540
    0.264682     0.873161     0.409309
    0.243787     0.878089     0.411737
    0.068928     0.737838     0.671449
    0.211495     0.721555     0.659264
    0.315500     0.748236     0.583612
    0.253153     0.764175     0.593254
    0.168166     0.943633     0.285092
    0.199198     0.919934     0.337701
    0.181426     0.948780     0.258654
    0.187708     0.938152     0.290923
    0.196466     0.932147     0.304145
    0.215471     0.926934     0.307190
   -0.228183     0.961056     0.155896
   -0.270663     0.941849     0.199152
   -0.258613     0.949547     0.177424
   -0.249052     0.952842     0.173393
   -0.253658     0.943809     0.211854
   -0.238332     0.952414     0.190016
   -0.199904     0.969614     0.141022
   -0.159719     0.980711     0.112674
   -0.187669     0.972487     0.138019
   -0.202435     0.966998     0.154709
   -0.242760     0.946753     0.211487
   -0.256807     0.937409     0.235192
   -0.245022     0.940592     0.235056
   -0.280280     0.921492     0.268880
   -0.220098     0.949697     0.222784
   -0.232432     0.940114     0.249319
   -0.241958     0.934712     0.260326
   -0.257239     0.930608     0.260377
   -0.312169     0.906305     0.284889
   -0.343629     0.894690     0.285391
   -0.310213     0.915091     0.257638
   -0.323099     0.903556     0.281412
   -0.343548     0.885255     0.313525
   -0.332914     0.897270     0.289957
   -0.309962     0.897261     0.314400
   -0.289917     0.915676     0.278363
   -0.323004     0.894140     0.310132
   -0.300762     0.903610     0.305009
   -0.266674     0.888629     0.373127
   -0.294703     0.862045     0.412344
   -0.326954     0.826561     0.458146
   -0.302012     0.854221     0.423196
   -0.331661     0.887942     0.318683
   -0.349566     0.867271     0.354464
   -0.340665     0.874384     0.345543
   -0.361965     0.864879     0.347801
   -0.327502     0.877170     0.351162
   -0.356113     0.852867     0.381840
    0.206890     0.965492    -0.158185
    0.181034     0.974418    -0.133175
    0.169474     0.976979    -0.129577
    0.164749     0.979443    -0.116403
    0.281130     0.933124    -0.224156
    0.271008     0.935893    -0.225073
    0.238483     0.955151    -0.175536
   -0.089953     0.847768     0.522683
   -0.086522     0.858576     0.505333
   -0.104617     0.879896     0.463506
   -0.090946     0.910699     0.402935
   -0.057083     0.876944     0.477190
   -0.077227     0.889152     0.451048
   -0.004422     0.788180     0.615428
   -0.003869     0.779449     0.626454
    0.030636     0.767969     0.639754
    0.028655     0.800688     0.598396
   -0.039525     0.767866     0.639391
   -0.036952     0.800809     0.597779
   -0.169418     0.778255     0.604663
   -0.135248     0.786158     0.603045
   -0.100402     0.805818     0.583589
   -0.107800     0.771859     0.626588
   -0.181111     0.967766     0.175005
   -0.167189     0.973849     0.153839
   -0.181754     0.970441     0.158774
   -0.002986     0.907258     0.420563
   -0.003051     0.915770     0.401691
   -0.144779     0.945653     0.291170
   -0.112708     0.967428     0.226670
   -0.121827     0.941903     0.313013
   -0.123952     0.951843     0.280411
   -0.001432     0.978583     0.205847
    0.012942     0.992431     0.122116
   -0.002505     0.944024     0.329868
   -0.002258     0.951073     0.308958
    0.012905     0.994032    -0.108323
    0.002293     0.999812    -0.019248
    0.089487     0.937866     0.335259
    0.068096     0.945473     0.318503
    0.069728     0.962754     0.261234
    0.062485     0.953809     0.293845
    0.067379     0.975726     0.208370
    0.084450     0.970517     0.225755
    0.090454     0.955809     0.279726
    0.216174     0.962175    -0.165796
    0.258552     0.941591    -0.215771
    0.243596     0.950230    -0.194228
    0.253754     0.947488    -0.194618
    0.219999     0.958067    -0.183597
    0.231333     0.955103    -0.185106
    0.024568     0.997661    -0.063787
    0.030997     0.995145    -0.093408
    0.019057     0.997485    -0.068268
    0.031720     0.982492    -0.183584
    0.107307     0.970329    -0.216670
    0.135035     0.960006    -0.245262
    0.101652     0.977537    -0.184629
    0.089783     0.975194    -0.202328
    0.118251     0.956559    -0.266480
    0.116400     0.965263    -0.233919
    0.144932     0.976991    -0.156470
    0.170088     0.965977    -0.194831
    0.185225     0.962135    -0.199970
    0.158384     0.970485    -0.181863
    0.142686     0.974268    -0.174480
    0.181799     0.957877    -0.222308
    0.109835     0.979757    -0.167371
    0.127055     0.975649    -0.178793
    0.146404     0.963739    -0.223097
    0.115686     0.981720    -0.151137
    0.137131     0.971684    -0.192420
    0.153669     0.967513    -0.200759
    0.126267     0.988273    -0.085862
    0.125709     0.988537    -0.083622
    0.106983     0.991824    -0.069573
    0.138511     0.986168    -0.091036
    0.143735     0.982956    -0.114621
    0.159877     0.978075    -0.133446
    0.106515     0.989496    -0.097732
    0.161375     0.973209    -0.163776
    0.147947     0.978627    -0.142835
    0.162100     0.975494    -0.148780
    0.120536     0.985143    -0.122329
    0.134155     0.982443    -0.129649
    0.118803     0.986912    -0.109041
   -0.172493     0.954896     0.241702
   -0.177242     0.959941     0.217024
   -0.162890     0.963678     0.211642
   -0.137567     0.976065     0.168444
   -0.131243     0.962240     0.238473
   -0.125352     0.970153     0.207580
    0.090726     0.989709    -0.110654
    0.055759     0.993234    -0.101871
    0.064492     0.989336    -0.130595
    0.045651     0.995514    -0.082867
    0.029928     0.997713    -0.060603
    0.016994     0.999380    -0.030849
    0.027192     0.998168    -0.054054
    0.107086     0.991386    -0.075414
    0.075683     0.995706    -0.053299
    0.074099     0.995644    -0.056596
    0.089821     0.993800    -0.065522
    0.464929     0.772574    -0.432401
    0.467216     0.770887    -0.432947
    0.473301     0.748528    -0.464426
    0.445686     0.778330    -0.442229
    0.474830     0.747442    -0.464615
    0.411482     0.762062    -0.499944
    0.453032     0.752834    -0.477497
    0.477689     0.723978    -0.497664
    0.468729     0.676807    -0.567649
    0.437670     0.656538    -0.614331
    0.464122     0.675731    -0.572695
    0.438652     0.631651    -0.639219
    0.420180     0.658241    -0.624634
    0.444423     0.629208    -0.637641
    0.006097     0.625859    -0.779913
   -0.038117     0.570671    -0.820294
   -0.038851     0.547223    -0.836085
    0.305951     0.850706    -0.427427
    0.362094     0.804691    -0.470488
    0.456151     0.793711    -0.402428
    0.435068     0.802724    -0.407860
    0.452388     0.796547    -0.401072
    0.045421     0.644573    -0.763192
    0.005917     0.653476    -0.756924
    0.043929     0.673238    -0.738119
    0.005349     0.662564    -0.748986
    0.241605     0.645950    -0.724138
    0.234035     0.673200    -0.701448
    0.202288     0.657482    -0.725808
    0.303465     0.809517    -0.502584
    0.137766     0.858778    -0.493479
    0.110703     0.866902    -0.486030
    0.171884     0.841628    -0.511975
    0.154713     0.873899    -0.460830
    0.180782     0.866729    -0.464864
    0.191192     0.881136    -0.432487
    0.221301     0.924573    -0.310147
    0.202282     0.929759    -0.307622
    0.247739     0.913649    -0.322290
    0.214547     0.935985    -0.279109
    0.231599     0.931374    -0.280899
   -0.197155     0.967480    -0.158469
   -0.147092     0.980600    -0.129569
   -0.185497     0.971291    -0.148946
   -0.238059     0.943101    -0.232140
   -0.200008     0.960186    -0.195035
   -0.213141     0.952069    -0.219400
   -0.171697     0.964909    -0.198672
   -0.249263     0.937613    -0.242385
   -0.278009     0.938349    -0.205457
   -0.294846     0.932850    -0.207016
   -0.258083     0.948995    -0.181115
   -0.259622     0.891805    -0.370514
   -0.052813     0.988542    -0.141405
   -0.007160     0.999886    -0.013278
   -0.028724     0.997823    -0.059372
   -0.043857     0.995722    -0.081332
   -0.019562     0.998985    -0.040566
   -0.009579     0.982742    -0.184731
   -0.013925     0.963167    -0.268543
   -0.023430     0.976554    -0.213994
   -0.124391     0.948867    -0.290136
   -0.173695     0.930577    -0.322267
   -0.143712     0.953022    -0.266638
   -0.145219     0.942622    -0.300624
   -0.190879     0.936030    -0.295658
   -0.051494     0.997887    -0.039631
   -0.035936     0.998935    -0.028935
   -0.078693     0.994883    -0.063361
   -0.062531     0.996879    -0.048185
   -0.142312     0.984208    -0.105270
   -0.136205     0.983404    -0.119856
   -0.162681     0.975100    -0.150712
   -0.121436     0.984704    -0.124942
   -0.121142     0.986270    -0.112228
   -0.136216     0.981732    -0.132847
   -0.465020     0.673552    -0.574529
   -0.432777     0.657986    -0.616245
   -0.454363     0.653123    -0.605793
   -0.129890     0.551167    -0.824223
   -0.308648     0.625036    -0.716984
   -0.422931     0.677093    -0.602225
   -0.350318     0.673944    -0.650443
   -0.367722     0.691078    -0.622247
   -0.124394     0.605933    -0.785730
   -0.366642     0.891176    -0.267167
   -0.358450     0.895317    -0.264428
   -0.407844     0.855219    -0.319787
   -0.401500     0.859249    -0.316999
    0.073845     0.993091     0.091203
    0.057895     0.995379     0.076604
    0.060026     0.995764     0.069644
    0.102827     0.987519     0.119303
    0.088355     0.992360     0.086107
    0.131462     0.983007     0.128118
    0.103043     0.989030     0.105837
    0.087576     0.991595     0.095235
    0.116210     0.985990     0.119664
    0.129872     0.981421     0.141230
    0.152200     0.959787     0.235890
    0.125107     0.969383     0.211295
    0.170951     0.954700     0.243565
    0.157875     0.950778     0.266638
    0.134605     0.972164     0.191780
    0.143455     0.964503     0.221710
    0.155362     0.971446     0.179321
    0.138456     0.975483     0.171062
    0.114456     0.984605     0.132106
    0.150397     0.968184     0.200000
    0.104643     0.981272     0.161726
    0.094730     0.984595     0.146966
    0.078556     0.988057     0.132561
    0.113416     0.974940     0.191385
   -0.094322     0.991283    -0.091989
   -0.054427     0.996943    -0.056061
   -0.009009     0.999905    -0.010400
   -0.023842     0.999378    -0.025980
   -0.008591     0.999924    -0.008849
    0.046660     0.997452     0.053970
    0.003815     0.999983     0.004413
    0.019115     0.999600     0.020830
    0.003674     0.999986     0.003782
    0.058739     0.997053     0.049342
    0.073038     0.995598     0.058739
    0.031630     0.999176     0.025438
    0.046882     0.998124     0.039379
    0.075195     0.994961     0.066323
    0.031030     0.999144     0.027369
    0.004746     0.999979     0.004393
   -0.010087     0.999905    -0.009344
   -0.025015     0.999391    -0.024338
    0.019936     0.999613     0.019397
    0.020425     0.999630     0.017991
   -0.025999     0.999400    -0.022900
   -0.010068     0.999919    -0.007748
    0.018154     0.999745     0.013424
   -0.024569     0.999533    -0.018168
    0.003832     0.999988     0.002947
    0.019673     0.999681     0.015812
   -0.025707     0.999456    -0.020661
    0.075737     0.959659    -0.270774
    0.118701     0.898366    -0.422905
   -0.023436     0.884490    -0.465970
   -0.026391     0.850867    -0.524718
   -0.188663     0.901846    -0.388691
   -0.239597     0.882138    -0.405494
   -0.240398     0.896604    -0.371901
   -0.218119     0.887544    -0.405820
   -0.120102     0.920035    -0.372975
   -0.096401     0.927874    -0.360219
   -0.113797     0.897906    -0.425223
    0.390913     0.694725     0.603775
    0.366632     0.695241     0.618240
    0.469912     0.676187     0.567410
    0.448114     0.693707     0.563884
    0.475390     0.700406     0.532387
    0.391904     0.636393     0.664391
    0.410272     0.654685     0.634874
    0.364484     0.636139     0.680057
    0.373347     0.612676     0.696592
    0.419682     0.634113     0.649436
    0.387448     0.623528     0.679041
    0.433504     0.632259     0.642124
    0.407250     0.737386     0.538897
    0.425174     0.737189     0.525148
    0.350846     0.763216     0.542595
    0.328365     0.765480     0.553369
    0.344379     0.737963     0.580356
    0.355629     0.755337     0.550449
    0.324615     0.824912     0.462758
    0.326010     0.841137     0.431517
    0.303833     0.828418     0.470542
    0.349786     0.814427     0.462988
    0.331231     0.817088     0.471861
    0.325884     0.799429     0.504691
    0.355007     0.851414     0.386088
    0.366166     0.828568     0.423554
    0.362458     0.844602     0.394045
    0.340195     0.854058     0.393512
    0.375646     0.842536     0.386035
    0.348808     0.865935     0.358455
    0.322053     0.910725     0.258575
    0.311343     0.913526     0.261794
    0.339659     0.903521     0.261307
    0.308495     0.921143     0.237332
    0.342970     0.893982     0.288388
    0.330131     0.905951     0.265078
    0.343484     0.883728     0.317872
    0.361328     0.863541     0.351766
    0.331759     0.886352     0.322979
    0.332539     0.896479     0.292818
    0.363772     0.886566     0.285780
    0.381823     0.877962     0.288779
    0.444395     0.812807     0.376641
    0.431149     0.832585     0.347723
    0.424841     0.830911     0.359301
    0.373146     0.821402     0.431347
    0.383776     0.834626     0.395115
    0.387857     0.819617     0.421657
    0.396578     0.795339     0.458434
    0.395078     0.811665     0.430247
    0.408158     0.810448     0.420216
    0.127784     0.577178     0.806558
    0.085013     0.566066     0.819965
    0.169342     0.572711     0.802076
    0.165763     0.596746     0.785123
    0.126224     0.584499     0.801516
    0.083231     0.590443     0.802776
    0.123382     0.609054     0.783473
    0.119156     0.616891     0.777976
    0.329910     0.651809     0.682865
    0.295639     0.661052     0.689643
    0.262521     0.663613     0.700500
    0.319701     0.678159     0.661734
    0.270537     0.636935     0.721889
    0.298644     0.653319     0.695691
    0.232580     0.647749     0.725484
    0.196148     0.651772     0.732611
    0.160278     0.637236     0.753818
    0.225202     0.675144     0.702471
   -0.051577     0.543735     0.837671
   -0.006459     0.535399     0.844575
   -0.052577     0.550063     0.833467
   -0.006348     0.557475     0.830169
   -0.098130     0.537757     0.837370
   -0.096439     0.559887     0.822937
    0.471099     0.675482    -0.567265
   -0.430653     0.707137     0.560798
   -0.449373     0.707839     0.545004
   -0.432727     0.733018     0.524816
   -0.426270     0.714301     0.555039
   -0.477742     0.726118     0.494486
   -0.477768     0.726107     0.494475
   -0.004874     0.665812     0.746104
    0.035362     0.684913     0.727767
   -0.004694     0.695457     0.718552
    0.072824     0.696983     0.713380
   -0.195409     0.689829     0.697102
   -0.082272     0.708039     0.701364
   -0.045805     0.684941     0.727158
   -0.043793     0.717461     0.695221
   -0.136917     0.578234     0.804301
   -0.212273     0.618891     0.756250
   -0.126046     0.652521     0.747214
   -0.174996     0.604656     0.777025
   -0.170434     0.631073     0.756769
   -0.293219     0.690119     0.661633
   -0.267971     0.673249     0.689150
   -0.303466     0.662585     0.684755
   -0.271825     0.791591     0.547261
   -0.288284     0.761597     0.580398
   -0.302479     0.778996     0.549247
   -0.297261     0.787617     0.539717
    0.050775     0.876769     0.478223
    0.085708     0.910186     0.405234
    0.148054     0.906805     0.394696
    0.178369     0.892412     0.414470
    0.155163     0.919745     0.360547
    0.124223     0.914165     0.385838
    0.197196     0.827697     0.525386
    0.025892     0.845908     0.532700
    0.057766     0.823391     0.564526
    0.028443     0.810398     0.585188
   -0.222050     0.714759     0.663185
   -0.219460     0.723230     0.654809
   -0.243869     0.739694     0.627201
   -0.255060     0.710375     0.655982
   -0.310804     0.715947     0.625156
   -0.323099     0.687935     0.649886
   -0.341804     0.705208     0.621170
   -0.367806     0.703971     0.607572
   -0.337406     0.713882     0.613621
   -0.352720     0.732192     0.582652
   -0.376457     0.844133     0.381732
   -0.384849     0.836348     0.390402
   -0.363656     0.846158     0.389579
   -0.389393     0.821193     0.417151
   -0.396897     0.834750     0.381660
   -0.369390     0.858707     0.355209
   -0.352507     0.878834     0.321541
   -0.362781     0.876672     0.315969
   -0.351410     0.889509     0.292035
   -0.381946     0.867967     0.317412
   -0.371998     0.869875     0.323936
   -0.381127     0.856670     0.347647
   -0.427990     0.805006     0.410840
   -0.403858     0.828617     0.387676
   -0.422148     0.820529     0.385387
   -0.414864     0.827433     0.378474
   -0.402243     0.721827     0.563176
   -0.409905     0.739668     0.533731
   -0.385822     0.747891     0.540185
   -0.428050     0.739496     0.519536
   -0.404891     0.747116     0.527144
   -0.409261     0.765352     0.496732
   -0.445940     0.813252     0.373842
   -0.423632     0.838942     0.341632
   -0.404037     0.846756     0.346060
   -0.436492     0.821434     0.367044
   -0.438186     0.819332     0.369713
   -0.215692     0.845561     0.488368
   -0.202098     0.830124     0.519664
   -0.242801     0.839463     0.486158
   -0.184453     0.860828     0.474291
   -0.211041     0.854153     0.475272
   -0.220478     0.869771     0.441462
   -0.246398     0.878719     0.408829
   -0.267592     0.873733     0.406183
   -0.218125     0.892069     0.395770
   -0.242654     0.864452     0.440275
   -0.128272     0.914580     0.383523
   -0.146840     0.886386     0.439042
   -0.201229     0.921167     0.333103
   -0.198029     0.932953     0.300638
    0.266774     0.946403     0.182077
    0.226886     0.961968     0.152119
    0.226693     0.962038     0.151962
    0.243486     0.956337     0.161660
    0.234481     0.958694     0.161011
    0.323280     0.902553     0.284407
    0.290555     0.922083     0.255617
    0.311407     0.905524     0.288187
    0.302957     0.910908     0.280113
    0.290399     0.914149     0.282841
    0.321916     0.893344     0.313538
    0.280028     0.927784     0.246578
    0.240816     0.951050     0.193678
    0.243670     0.945826     0.214563
    0.255427     0.942647     0.214879
    0.266299     0.937588     0.223639
    0.277114     0.934632     0.222871
    0.251002     0.772730     0.582997
    0.235427     0.803468     0.546821
    0.216979     0.786528     0.578182
    0.230664     0.812573     0.535274
    0.244408     0.829457     0.502260
    0.236868     0.838391     0.490911
    0.212280     0.843961     0.492613
    0.300003     0.852699     0.427672
    0.318264     0.849168     0.421452
    0.290996     0.875689     0.385343
    0.292199     0.860481     0.417364
   -0.004109     0.746567     0.665297
   -0.003957     0.735570     0.677437
   -0.038929     0.758695     0.650282
   -0.041169     0.724822     0.687705
    0.032487     0.724794     0.688200
    0.030733     0.758411     0.651052
    0.145623     0.712265     0.686638
    0.111641     0.688784     0.716319
    0.106836     0.720203     0.685488
    0.176494     0.727424     0.663102
    0.304109     0.802618     0.513150
    0.293642     0.785615     0.544594
    0.267476     0.789729     0.552073
    0.322360     0.774730     0.543946
    0.298908     0.777775     0.552920
    0.283515     0.759727     0.585178
    0.247995     0.708472     0.660731
    0.271476     0.725265     0.632686
    0.300314     0.722102     0.623202
    0.237066     0.738148     0.631615
    0.266538     0.734035     0.624620
    0.286322     0.751657     0.594165
   -0.204245     0.963952     0.170533
   -0.189431     0.970134     0.151510
   -0.229799     0.952175     0.201385
   -0.190825     0.967275     0.167230
   -0.226415     0.957049     0.181091
   -0.214656     0.960094     0.179280
   -0.233273     0.957143     0.171641
   -0.222866     0.960971     0.163904
   -0.208243     0.966873     0.147620
   -0.243329     0.954483     0.172493
   -0.248638     0.949650     0.190640
   -0.211247     0.963919     0.161971
   -0.180158     0.973085     0.143698
   -0.134882     0.985892     0.099111
   -0.176208     0.975800     0.129478
   -0.164344     0.978374     0.125599
   -0.290002     0.923093     0.252584
   -0.265992     0.938282     0.221076
   -0.301265     0.920077     0.250393
   -0.302079     0.912517     0.275790
   -0.279902     0.928544     0.243844
   -0.268277     0.931685     0.244930
   -0.209709     0.938884     0.272981
   -0.226442     0.934351     0.275160
   -0.237002     0.928037     0.287363
   -0.244631     0.915834     0.318439
   -0.216830     0.944314     0.247498
   -0.251871     0.924071     0.287496
   -0.270529     0.905108     0.328015
   -0.253824     0.909368     0.329579
   -0.263073     0.916958     0.299968
   -0.284876     0.884320     0.369898
   -0.333622     0.862813     0.379803
   -0.292955     0.876977     0.380905
   -0.320529     0.850632     0.416758
   -0.317968     0.865951     0.386038
    0.227692     0.959219    -0.167500
    0.203863     0.968345    -0.144039
    0.192095     0.971149    -0.141314
    0.214653     0.965813    -0.145359
    0.181286     0.975907    -0.121411
   -0.054793     0.997826     0.036627
   -0.018414     0.999759     0.011917
   -0.033927     0.999191     0.021582
    0.067193     0.996728    -0.044916
    0.067609     0.996818    -0.042232
    0.052279     0.998062    -0.033737
   -0.072901     0.995818     0.055062
   -0.074025     0.995917     0.051674
   -0.058835     0.997348     0.042853
   -0.038547     0.998894     0.026908
    0.060903     0.997154    -0.044428
    0.076278     0.995661    -0.053293
    0.050866     0.998073    -0.035539
    0.227913     0.961485    -0.153632
    0.248598     0.952449    -0.176181
    0.212884     0.965359    -0.150871
    0.230875     0.960565    -0.154954
    0.228727     0.961353    -0.153245
    0.253792     0.951437    -0.174234
    0.270135     0.945147    -0.183643
    0.266320     0.942192    -0.203344
    0.275550     0.939647    -0.202819
    0.258670     0.948619    -0.182239
   -0.139878     0.853383     0.502167
   -0.152401     0.876613     0.456425
   -0.137385     0.862994     0.486176
   -0.169158     0.845416     0.506613
   -0.107264     0.872153     0.477329
   -0.119358     0.838829     0.531150
   -0.032529     0.854743     0.518031
   -0.003363     0.866502     0.499162
   -0.032570     0.845875     0.532386
   -0.003724     0.833396     0.552664
   -0.058792     0.868109     0.492880
   -0.065286     0.834375     0.547317
   -0.125037     0.828594     0.545709
   -0.153174     0.821065     0.549901
   -0.188788     0.803759     0.564208
   -0.173626     0.837020     0.518895
   -0.135020     0.796567     0.589280
   -0.157838     0.811013     0.563334
   -0.110311     0.990300     0.084483
   -0.138449     0.984194     0.110430
   -0.150983     0.981750     0.115632
   -0.121039     0.924224     0.362159
   -0.100098     0.948831     0.299500
   -0.098325     0.931692     0.349688
   -0.086623     0.920144     0.381880
   -0.027638     0.896363     0.442459
   -0.049572     0.908744     0.414400
   -0.075385     0.899052     0.431303
   -0.023461     0.926485     0.375599
   -0.046862     0.916644     0.396948
   -0.063980     0.928394     0.366049
   -0.114894     0.958927     0.259343
   -0.069647     0.975579     0.208314
   -0.095376     0.964807     0.245051
   -0.093174     0.955853     0.278683
   -0.087461     0.970197     0.225984
   -0.085255     0.977598     0.192441
   -0.020976     0.998298     0.054414
   -0.049944     0.974297     0.219660
   -0.043630     0.966766     0.251911
   -0.029876     0.984556     0.172500
   -0.067636     0.968262     0.240611
   -0.045592     0.985706     0.162189
   -0.044022     0.979619     0.195981
    0.025194     0.992749     0.117535
    0.023916     0.988427     0.149800
    0.024517     0.998413     0.050705
    0.058823     0.990828     0.121655
    0.064643     0.967772     0.243391
    0.047284     0.973817     0.222363
    0.042101     0.979618     0.196407
    0.044025     0.985183     0.165760
   -0.010230     0.988406     0.151491
   -0.000822     0.992995     0.118157
    0.008245     0.988336     0.152068
   -0.038403     0.944831     0.325298
   -0.036083     0.951614     0.305169
   -0.022184     0.934655     0.354863
   -0.017512     0.959804     0.280124
    0.012195     0.982498    -0.185871
    0.025935     0.976534    -0.213794
    0.015792     0.991364    -0.130182
    0.001784     0.975997    -0.217776
    0.034273     0.944472     0.326800
    0.017437     0.934273     0.356132
    0.032190     0.951562     0.305768
    0.013709     0.959906     0.279988
    0.056308     0.935527     0.348737
    0.044215     0.960758     0.273840
    0.121001     0.952010     0.281133
    0.140692     0.946116     0.291668
    0.118195     0.941450     0.315756
    0.093016     0.964158     0.248491
    0.048488     0.992704    -0.110397
    0.078923     0.980552    -0.179693
    0.054331     0.988509    -0.141061
    0.151951     0.982520    -0.107547
    0.139653     0.984857    -0.102734
    0.112766     0.990411    -0.079813
    0.155748     0.980551    -0.119423
    0.132791     0.984305    -0.116231
    0.116752     0.988368    -0.097451
    0.091358     0.992602    -0.079965
    0.106794     0.990295    -0.088947
   -0.122035     0.977554     0.171742
   -0.110646     0.983267     0.144716
   -0.132746     0.973540     0.186008
   -0.148664     0.969584     0.194440
   -0.104723     0.981591     0.159728
   -0.142517     0.965628     0.217374
   -0.102781     0.972815     0.207526
   -0.113634     0.975424     0.188772
   -0.096771     0.979651     0.175836
    0.035155     0.997666    -0.058539
    0.071680     0.990260    -0.119358
    0.091645     0.990871    -0.098874
    0.106731     0.988302    -0.108937
    0.065243     0.995061    -0.074808
    0.106140     0.986876    -0.121700
   -0.019427     0.999495     0.025140
   -0.037240     0.998309     0.044625
   -0.035157     0.996215     0.079490
   -0.007624     0.999822     0.017238
   -0.026136     0.998253     0.052991
   -0.042304     0.996168     0.076549
   -0.011456     0.999720     0.020729
   -0.022334     0.998764     0.044396
    0.404430     0.718377    -0.566013
    0.355288     0.727996    -0.586338
    0.339829     0.709785    -0.617026
    0.383220     0.777946    -0.497938
    0.363746     0.779620    -0.509786
    0.477965     0.723792    -0.497669
    0.450744     0.704489    -0.548202
    0.477162     0.699561    -0.531912
    0.456593     0.726570    -0.513437
    0.476104     0.700222    -0.531991
    0.455882     0.699897    -0.549832
    0.324718     0.595460    -0.734838
    0.359464     0.668266    -0.651311
    0.175505     0.601782    -0.779139
    0.241829     0.638252    -0.730858
    0.050491     0.601672    -0.797146
    0.006802     0.591868    -0.806006
    0.091197     0.595004    -0.798532
    0.006631     0.618590    -0.785686
   -0.080162     0.628219    -0.773896
   -0.080965     0.620209    -0.780247
   -0.117382     0.639735    -0.759579
   -0.120549     0.613964    -0.780074
   -0.037636     0.636402    -0.770439
   -0.038693     0.609199    -0.792073
    0.093585     0.587755    -0.803608
    0.007185     0.585396    -0.810715
    0.051606     0.577510    -0.814751
    0.007331     0.561834    -0.827218
    0.203398     0.548616    -0.810956
    0.183739     0.542357    -0.819810
    0.128514     0.540702    -0.831340
    0.298224     0.858576    -0.417025
    0.296795     0.873275    -0.386397
    0.323432     0.847400    -0.421076
    0.309772     0.827030    -0.469110
    0.330040     0.823697    -0.461081
    0.420952     0.826335    -0.374126
    0.430756     0.801695    -0.414409
    0.427213     0.761649    -0.487215
    0.427364     0.779059    -0.458724
    0.419337     0.802360    -0.424706
    0.440759     0.778753    -0.446402
    0.083718     0.694300    -0.714800
    0.203000     0.649990    -0.732328
    0.171077     0.627633    -0.759480
    0.208861     0.623427    -0.753469
   -0.118391     0.889558    -0.441215
    0.175573     0.832097    -0.526107
    0.213104     0.849831    -0.482053
    0.186733     0.856351    -0.481450
    0.204207     0.825284    -0.526503
    0.218875     0.841627    -0.493718
    0.249592     0.827195    -0.503441
    0.236986     0.811216    -0.534572
    0.305116     0.774879    -0.553594
    0.290837     0.757640    -0.584291
    0.146099     0.750923    -0.644026
    0.149697     0.881864    -0.447109
    0.130749     0.911263    -0.390517
    0.154072     0.904169    -0.398422
    0.161121     0.917655    -0.363250
    0.185844     0.888769    -0.418988
    0.161156     0.895714    -0.414398
    0.214935     0.909566    -0.355659
    0.241777     0.884016    -0.400075
    0.221288     0.889170    -0.400509
    0.213991     0.896748    -0.387365
    0.216205     0.874651    -0.433867
    0.191906     0.902699    -0.385105
    0.147987     0.943215    -0.297397
    0.127281     0.949373    -0.287210
    0.154034     0.924913    -0.347577
    0.167148     0.961723    -0.217143
    0.176712     0.952517    -0.247960
    0.204967     0.941853    -0.266274
    0.187007     0.946752    -0.262085
   -0.252648     0.950774    -0.179437
   -0.187383     0.974407    -0.124174
   -0.174356     0.971393    -0.161234
   -0.212192     0.960830    -0.178268
   -0.187846     0.968160    -0.165469
   -0.172451     0.974305    -0.144881
   -0.214088     0.956542    -0.197976
   -0.199497     0.964044    -0.175558
   -0.257062     0.945926    -0.197844
   -0.235109     0.953421    -0.188975
   -0.219719     0.960795    -0.169103
   -0.326628     0.889829    -0.318619
   -0.267742     0.941180    -0.206140
   -0.302638     0.924185    -0.233007
   -0.256189     0.919869    -0.297000
   -0.240792     0.923946    -0.297225
   -0.029590     0.982480    -0.184004
   -0.091240     0.981222    -0.169936
   -0.055000     0.993218    -0.102439
   -0.063427     0.989338    -0.131103
   -0.074212     0.985354    -0.153525
   -0.079417     0.979435    -0.185475
   -0.047210     0.992781    -0.110258
   -0.016516     0.998886    -0.044212
   -0.024165     0.997612    -0.064701
   -0.006829     0.999850    -0.015948
   -0.038003     0.995329    -0.088743
   -0.121316     0.938612    -0.322941
   -0.091561     0.934656    -0.343561
   -0.099766     0.945546    -0.309823
   -0.072466     0.959590    -0.271913
   -0.093045     0.952663    -0.289441
   -0.096235     0.961828    -0.256176
   -0.104813     0.970567    -0.216829
   -0.099587     0.977647    -0.185172
   -0.115033     0.964396    -0.238133
   -0.134457     0.958862    -0.250010
   -0.086631     0.975646    -0.201518
   -0.116249     0.955700    -0.270415
   -0.129338     0.967184    -0.218693
   -0.162495     0.947684    -0.274756
   -0.147314     0.962351    -0.228427
   -0.157036     0.957170    -0.243238
   -0.086561     0.994477    -0.059348
   -0.102114     0.992112    -0.072706
   -0.076517     0.995697    -0.052278
   -0.035565     0.999072    -0.024299
   -0.051172     0.998028    -0.036346
   -0.036460     0.998971    -0.026967
   -0.076666     0.995443    -0.056704
   -0.061630     0.997134    -0.043881
   -0.177876     0.976519    -0.121539
   -0.158087     0.982016    -0.103209
   -0.169993     0.976721    -0.130837
   -0.209386     0.964462    -0.161155
   -0.165752     0.979108    -0.117789
   -0.181843     0.974084    -0.134510
   -0.145815     0.982359    -0.117083
   -0.158235     0.979838    -0.121977
   -0.161275     0.977587    -0.135329
   -0.120280     0.987596    -0.100929
   -0.189104     0.964492    -0.184375
   -0.147820     0.975846    -0.160854
   -0.187327     0.960914    -0.203844
   -0.174653     0.968078    -0.179782
   -0.162625     0.972397    -0.167321
   -0.148455     0.978269    -0.144742
   -0.457809     0.769159    -0.445875
   -0.459934     0.787821    -0.409633
   -0.333533     0.640943    -0.691338
   -0.296839     0.657881    -0.692155
   -0.331536     0.648995    -0.684755
   -0.321431     0.675233    -0.663884
   -0.300337     0.650418    -0.697678
   -0.271806     0.633889    -0.724090
   -0.263913     0.660341    -0.703064
   -0.409042     0.759803    -0.505355
   -0.352154     0.588643    -0.727658
   -0.359228     0.588195    -0.724556
   -0.275968     0.562132    -0.779647
   -0.319255     0.569770    -0.757257
   -0.297516     0.577095    -0.760556
   -0.153849     0.670218    -0.726043
   -0.085684     0.563524    -0.821644
   -0.083960     0.587151    -0.805111
   -0.127440     0.574281    -0.808678
   -0.170792     0.569700    -0.803910
   -0.167243     0.593577    -0.787208
   -0.127239     0.581269    -0.803702
   -0.159043     0.626834    -0.762748
   -0.201958     0.621852    -0.756646
   -0.235886     0.636715    -0.734134
   -0.163133     0.601073    -0.782368
   -0.433395     0.829812    -0.351542
   -0.429452     0.832158    -0.350833
   -0.389472     0.862961    -0.321884
   -0.423155     0.837334    -0.346137
   -0.425673     0.835770    -0.346830
    0.099260     0.986356     0.131336
    0.128605     0.978829     0.159231
    0.086776     0.990417     0.107441
    0.111693     0.982580     0.148530
    0.122014     0.977190     0.173817
    0.082895     0.989537     0.118090
   -0.052255     0.997460    -0.048406
   -0.037829     0.998607    -0.036771
   -0.036032     0.998847    -0.031731
   -0.080234     0.993720    -0.077989
   -0.071458     0.990112    -0.120717
   -0.032807     0.997924    -0.055423
   -0.048149     0.996053    -0.074561
   -0.064878     0.995671    -0.066558
   -0.108417     0.987864    -0.111223
   -0.117118     0.980913    -0.155218
   -0.127753     0.974969    -0.181973
    0.059602     0.996343     0.061219
    0.075742     0.993692     0.082703
    0.075417     0.994456     0.073284
    0.031830     0.999015     0.030930
    0.048387     0.997586     0.049809
    0.032310     0.998855     0.035279
    0.051681     0.972280    -0.228038
    0.044935     0.964544    -0.260067
    0.068619     0.950588    -0.302776
    0.123916     0.920743    -0.369968
    0.102893     0.946066    -0.307201
    0.095354     0.935248    -0.340909
    0.073257     0.942990    -0.324659
    0.088033     0.916537    -0.390142
    0.100387     0.928443    -0.357653
    0.106184     0.876859    -0.468875
    0.077936     0.886338    -0.456432
    0.093091     0.906843    -0.411059
   -0.069467     0.942502    -0.326902
   -0.083404     0.915968    -0.392487
   -0.057595     0.932662    -0.356123
   -0.035872     0.941434    -0.335285
   -0.043413     0.912943    -0.405772
   -0.060748     0.924306    -0.376787
   -0.087345     0.906784    -0.412448
   -0.071621     0.885147    -0.459767
   -0.100137     0.875433    -0.472852
   -0.051508     0.873474    -0.484139
   -0.045009     0.904983    -0.423059
   -0.070955     0.895143    -0.440096
    0.062841     0.829003    -0.555702
    0.056785     0.862915    -0.502149
    0.033388     0.851197    -0.523784
    0.003569     0.863110    -0.505004
   -0.080516     0.852268    -0.516873
   -0.050572     0.862658    -0.503252
   -0.055884     0.829231    -0.556105
    0.037763     0.797364    -0.602316
   -0.203190     0.916961    -0.343361
   -0.212312     0.908744    -0.359316
   -0.210803     0.895855    -0.391159
   -0.183041     0.922571    -0.339645
   -0.231646     0.808693    -0.540699
   -0.213288     0.840628    -0.497848
   -0.219362     0.864885    -0.451503
   -0.241967     0.859524    -0.450189
   -0.240791     0.834500    -0.495610
   -0.180985     0.910411    -0.372018
   -0.153474     0.936444    -0.315467
   -0.150589     0.924095    -0.351244
   -0.127463     0.931177    -0.341560
    0.446347     0.705038     0.551087
    0.429846     0.730463     0.530713
    0.423060     0.712477     0.559818
    0.402669     0.712440     0.574706
    0.352252     0.669533     0.653945
    0.381327     0.660817     0.646460
    0.362680     0.644301     0.673305
    0.379099     0.669048     0.639264
    0.372033     0.728011     0.575840
    0.363040     0.702057     0.612632
    0.377018     0.720256     0.582313
    0.348762     0.729376     0.588537
    0.382307     0.746650     0.544385
    0.399054     0.719632     0.568231
    0.402986     0.787626     0.466099
    0.422691     0.763098     0.488891
    0.406267     0.763641     0.501796
    0.401458     0.745825     0.531580
    0.371482     0.868901     0.327127
    0.352441     0.887668     0.296362
    0.380698     0.855088     0.351984
    0.381363     0.867021     0.320681
    0.363257     0.875060     0.319867
    0.352368     0.877323     0.325792
    0.405329     0.857585     0.316633
    0.398821     0.861699     0.313714
    0.201810     0.625396     0.753759
    0.201033     0.617739     0.760253
    0.234524     0.639855     0.731836
    0.240821     0.614228     0.751485
    0.163530     0.603944     0.780071
    0.159269     0.630418     0.759742
    0.193657     0.659869     0.725996
    0.155267     0.665301     0.730251
   -0.384457     0.671611     0.633349
   -0.395686     0.696315     0.598814
   -0.372230     0.696724     0.613205
   -0.399123     0.689067     0.604886
   -0.421149     0.689345     0.589438
   -0.406906     0.714207     0.569504
   -0.121792     0.681091     0.721999
   -0.085917     0.668342     0.738876
   -0.161591     0.674312     0.720550
   -0.082798     0.697224     0.712056
   -0.305041     0.655243     0.691091
   -0.248473     0.615871     0.747639
   -0.178506     0.573944     0.799202
   -0.216958     0.587363     0.779701
   -0.174718     0.597976     0.782239
   -0.217396     0.594041     0.774503
   -0.005831     0.629585     0.776910
   -0.046786     0.647956     0.760240
   -0.005656     0.657316     0.753594
   -0.085965     0.659680     0.746614
    0.039355     0.579997     0.813668
   -0.202436     0.661430     0.722170
   -0.168566     0.638876     0.750615
   -0.163290     0.666809     0.727119
   -0.233156     0.676825     0.698245
   -0.382492     0.798706     0.464508
   -0.380268     0.780867     0.495624
   -0.398388     0.797289     0.453451
   -0.374966     0.822952     0.426791
   -0.376111     0.806045     0.456982
   -0.358571     0.808094     0.467344
   -0.341684     0.855459     0.389155
   -0.367813     0.830196     0.418914
   -0.327819     0.842900     0.426678
   -0.345001     0.839959     0.418858
   -0.352207     0.815966     0.458421
   -0.352055     0.832517     0.427753
   -0.355325     0.791319     0.497552
   -0.329372     0.801913     0.498448
   -0.335514     0.793682     0.507444
   -0.333796     0.818604     0.467405
   -0.307340     0.805139     0.507241
   -0.326935     0.775865     0.539580
    0.041650     0.916816     0.397131
    0.021853     0.896025     0.443465
    0.058928     0.928247     0.367267
    0.018489     0.926762     0.375195
    0.069522     0.898569     0.433289
    0.044177     0.908253     0.416082
    0.098135     0.880388     0.463989
    0.072108     0.889328     0.451548
    0.182082     0.802571     0.568090
    0.168037     0.834808     0.524270
    0.185734     0.883222     0.430606
    0.206278     0.853664     0.478233
    0.178965     0.860592     0.476815
    0.163038     0.845261     0.508873
   -0.456849     0.793139     0.402765
   -0.459023     0.792109     0.402320
   -0.445682     0.797385     0.406872
   -0.440652     0.810069     0.386800
   -0.178619     0.869332     0.460821
   -0.213479     0.878166     0.428078
   -0.189342     0.884493     0.426405
   -0.157683     0.899801     0.406809
   -0.150412     0.928219     0.340272
   -0.127464     0.935222     0.330321
   -0.152232     0.940216     0.304663
   -0.151173     0.907562     0.391762
   -0.227034     0.920503     0.318010
   -0.258326     0.895734     0.361840
   -0.239147     0.900575     0.363006
   -0.239212     0.886708     0.395634
   -0.230783     0.907735     0.350365
   -0.211104     0.912980     0.349146
    0.252282     0.947963     0.194218
    0.227021     0.959352     0.167645
    0.236837     0.955681     0.174876
    0.215514     0.962303     0.165912
    0.247642     0.952801     0.175621
    0.210996     0.965966     0.149632
    0.185067     0.793101     0.580294
    0.269214     0.848992     0.454682
    0.267052     0.824921     0.498186
    0.274654     0.840929     0.466266
    0.245731     0.854093     0.458412
    0.272761     0.864657     0.421865
    0.297519     0.836504     0.460157
   -0.295296     0.894107     0.336710
   -0.318457     0.884206     0.341708
   -0.287051     0.907045     0.308010
   -0.279981     0.897816     0.339907
   -0.309755     0.873291     0.376053
   -0.304149     0.887471     0.346250
    0.327154     0.901072    -0.284674
    0.293750     0.921073    -0.255607
    0.304906     0.918101    -0.253225
    0.314715     0.912469    -0.261447
   -0.059230     0.986443     0.153041
   -0.061588     0.981003     0.183959
   -0.036855     0.993239     0.110085
   -0.050678     0.990024     0.131467
   -0.011457     0.999111     0.040575
   -0.001973     0.999959     0.008867
   -0.004461     0.999900     0.013416
   -0.027795     0.996112     0.083594
    0.012733     0.999338     0.034086
    0.002784     0.999975     0.006513
    0.034201     0.996208     0.079994
    0.058816     0.985809     0.157228
    0.075789     0.981320     0.176825
    0.060599     0.980182     0.188605
    0.043112     0.993994     0.100586
    0.012677     0.965867     0.258730
    0.008569     0.984551     0.174886
    0.023925     0.973540     0.227260
    0.021638     0.978697     0.204168
    0.027710     0.984734     0.171844
    0.040767     0.966654     0.252819
   -0.066558     0.953875     0.292731
   -0.093074     0.938384     0.332826
   -0.073038     0.962523     0.261179
   -0.071810     0.945845     0.316577
   -0.060662     0.935960     0.346842
   -0.047692     0.960920     0.272687
   -0.014427     0.991177    -0.131761
    0.130672     0.961095     0.243353
    0.095175     0.979554     0.177246
    0.100706     0.972803     0.208599
    0.082698     0.977760     0.192734
    0.112988     0.958067     0.263327
    0.111458     0.966533     0.231063
    0.091521     0.967375    -0.236242
    0.072770     0.973116    -0.218519
    0.070392     0.965854    -0.249342
    0.062601     0.984870    -0.161590
    0.106934     0.990906    -0.081674
    0.128253     0.987245    -0.094327
    0.092282     0.993417    -0.067872
    0.114740     0.989492    -0.087979
    0.130205     0.986010    -0.104070
    0.092090     0.993027    -0.073605
   -0.076545     0.988925     0.127158
    0.078914     0.992231    -0.096181
   -0.054182     0.996066     0.070115
   -0.027615     0.998604     0.045031
    0.033901     0.997895    -0.055282
   -0.033094     0.998399     0.045880
   -0.015977     0.999580     0.024188
    0.070428     0.995422    -0.064621
    0.054521     0.997173    -0.051704
    0.050924     0.997240    -0.054027
    0.036746     0.998638    -0.037032
    0.430063     0.736220    -0.522519
    0.433295     0.754291    -0.493255
    0.450986     0.730096    -0.513393
    0.434306     0.729639    -0.528210
    0.427968     0.711833    -0.556899
    0.412312     0.736301    -0.536526
    0.408759     0.711672    -0.571348
    0.385414     0.667963    -0.636617
    0.361700     0.753490    -0.549023
    0.407135     0.744579    -0.529002
    0.387617     0.745296    -0.542483
    0.377864     0.726808    -0.573558
    0.382796     0.752098    -0.536484
    0.388810     0.770460    -0.505192
    0.352025     0.611973    -0.708214
    0.405852     0.610424    -0.680196
    0.386571     0.604619    -0.696419
    0.359648     0.589175    -0.723551
    0.381902     0.612294    -0.692277
    0.416917     0.607280    -0.676307
    0.402929     0.629691    -0.664182
    0.340601     0.568765    -0.748663
    0.323479     0.587809    -0.741513
    0.175118     0.594778    -0.784584
    0.388862     0.660734    -0.642041
    0.399604     0.636403    -0.659778
    0.372766     0.635966    -0.675716
    0.369927     0.643346    -0.670268
    0.314777     0.571407    -0.757898
    0.263284     0.555818    -0.788510
    0.262471     0.555957    -0.788683
    0.097228     0.534142    -0.839785
    0.006331     0.531218    -0.847212
    0.038693     0.535904    -0.843392
    0.006218     0.554705    -0.832024
    0.303634     0.833597    -0.461435
    0.275498     0.822147    -0.498172
    0.282384     0.837581    -0.467671
    0.277815     0.862883    -0.422198
    0.241948     0.898087    -0.367289
    0.261904     0.893099    -0.365760
    0.287928     0.881308    -0.374691
    0.257939     0.905978    -0.335665
    0.270387     0.885400    -0.378098
    0.271032     0.870206    -0.411441
    0.322642     0.880885    -0.346330
    0.283149     0.895297    -0.343905
    0.308432     0.884062    -0.351146
    0.313815     0.869623    -0.381151
    0.441144     0.816383    -0.372706
    0.400936     0.793745    -0.457405
    0.385518     0.795026    -0.468306
    0.399051     0.811115    -0.427611
    0.405908     0.769490    -0.493075
    0.407102     0.786583    -0.464280
    0.421983     0.785785    -0.452185
    0.327141     0.891079    -0.314576
    0.314380     0.894079    -0.319041
    0.316115     0.903816    -0.288425
    0.347291     0.882600    -0.316870
    0.334871     0.903860    -0.266268
    0.347220     0.892320    -0.288451
    0.364490     0.884959    -0.289819
    0.336729     0.894808    -0.293144
    0.082560     0.703185    -0.706198
    0.127700     0.649755    -0.749341
    0.087049     0.656911    -0.748927
    0.162292     0.662899    -0.730908
    0.167392     0.635332    -0.753879
   -0.092487     0.800137    -0.592643
   -0.256677     0.760213    -0.596819
   -0.252049     0.768640    -0.587932
   -0.236590     0.799664    -0.551872
    0.091629     0.844383    -0.527847
    0.122123     0.835230    -0.536169
    0.142394     0.849537    -0.507948
    0.155720     0.816816    -0.555485
    0.137771     0.782425    -0.607314
    0.107758     0.766944    -0.632601
    0.358706     0.787865    -0.500598
    0.332343     0.797650    -0.503291
    0.337895     0.790243    -0.511217
    0.337246     0.815325    -0.470649
    0.309778     0.800836    -0.512542
    0.328811     0.771954    -0.544032
    0.242359     0.800489    -0.548161
    0.281158     0.813271    -0.509452
    0.257834     0.770352    -0.583163
    0.269035     0.795702    -0.542659
    0.274373     0.787960    -0.551215
    0.299892     0.784082    -0.543397
    0.351091     0.736413    -0.578300
    0.334459     0.764619    -0.550904
    0.325257     0.738537    -0.590568
    0.321284     0.746304    -0.582930
    0.184939     0.923971    -0.334776
    0.183374     0.911257    -0.368760
    0.205041     0.918386    -0.338415
    0.156195     0.936452    -0.314102
    0.222071     0.941665    -0.252887
    0.294146     0.912949    -0.282848
    0.306287     0.909825    -0.280011
   -0.231732     0.960256    -0.155592
   -0.237865     0.948475    -0.209323
   -0.224638     0.951999    -0.207932
   -0.261702     0.934255    -0.242239
   -0.223387     0.956508    -0.187590
   -0.280459     0.909948    -0.305510
   -0.315602     0.902997    -0.291534
   -0.329553     0.912404    -0.242720
   -0.338748     0.909352    -0.241512
   -0.327800     0.914997    -0.235219
   -0.236391     0.937071    -0.256939
   -0.210932     0.946539    -0.244071
   -0.199170     0.955754    -0.216483
   -0.220291     0.941409    -0.255383
   -0.061874     0.984185    -0.165989
   -0.087959     0.967772    -0.235968
   -0.070347     0.973223    -0.218833
   -0.067281     0.965449    -0.251759
   -0.064898     0.950602    -0.303553
   -0.025395     0.970939    -0.237975
   -0.045871     0.957836    -0.283631
   -0.033591     0.948570    -0.314779
   -0.042182     0.964062    -0.262308
   -0.049375     0.971713    -0.230946
   -0.183302     0.956542    -0.226777
   -0.143974     0.973419    -0.178121
   -0.154981     0.966329    -0.205399
   -0.167086     0.960824    -0.221133
   -0.175738     0.952065    -0.250375
   -0.138368     0.970563    -0.197134
   -0.161563     0.981262    -0.104986
   -0.155504     0.981655    -0.110331
   -0.126964     0.988080    -0.087049
   -0.115470     0.989927    -0.081927
   -0.139760     0.985570    -0.095495
   -0.157252     0.982292    -0.101852
   -0.101969     0.992598    -0.065973
   -0.135316     0.986809    -0.088869
   -0.231168     0.957832    -0.170643
   -0.215926     0.964291    -0.153356
   -0.193484     0.970652    -0.142826
   -0.204540     0.968006    -0.145352
   -0.231680     0.960275    -0.155549
   -0.178101     0.976806    -0.118866
   -0.212949     0.966351    -0.144286
   -0.092178     0.992980    -0.074128
   -0.131560     0.986536    -0.097151
   -0.106078     0.990992    -0.081741
   -0.089659     0.993769    -0.066209
   -0.133388     0.985242    -0.107268
   -0.117720     0.988892    -0.090746
   -0.426188     0.776938    -0.463390
   -0.425572     0.759361    -0.492198
   -0.405417     0.784716    -0.468889
   -0.469799     0.765471    -0.439707
   -0.461778     0.787156    -0.408835
   -0.455495     0.780532    -0.428128
   -0.470811     0.765284    -0.438951
   -0.393444     0.634045    -0.665724
   -0.408112     0.648230    -0.642840
   -0.386711     0.619121    -0.683479
   -0.352752     0.665622    -0.657658
   -0.379873     0.665203    -0.642807
   -0.408254     0.658377    -0.632351
   -0.396075     0.683197    -0.613487
   -0.363020     0.640435    -0.676801
   -0.383121     0.658013    -0.648257
   -0.390515     0.605578    -0.693378
   -0.406918     0.607426    -0.682240
   -0.438685     0.628873    -0.641930
   -0.430415     0.629629    -0.646769
   -0.478051     0.721466    -0.500954
   -0.477714     0.721574    -0.501119
   -0.476334     0.697316    -0.535590
   -0.452364     0.717174    -0.530120
   -0.449183     0.689704    -0.567928
   -0.474408     0.697716    -0.536777
   -0.443155     0.677995    -0.586461
   -0.426999     0.734421    -0.527539
   -0.171123     0.562765    -0.808710
   -0.255366     0.553214    -0.792933
   -0.174138     0.540754    -0.822959
   -0.221013     0.552154    -0.803915
   -0.384451     0.742736    -0.548215
   -0.404004     0.741994    -0.535000
   -0.307309     0.824672    -0.474844
   -0.196357     0.648260    -0.735665
   -0.159532     0.633523    -0.757099
   -0.233301     0.644263    -0.728351
   -0.154587     0.661730    -0.733632
   -0.199170     0.757163    -0.622121
   -0.234903     0.742916    -0.626814
   -0.222307     0.773750    -0.593203
   -0.201608     0.748458    -0.631795
   -0.074098     0.694069    -0.716085
   -0.035204     0.673479    -0.738368
   -0.077805     0.655538    -0.751144
   -0.036448     0.643640    -0.764460
   -0.118043     0.648259    -0.752214
   -0.114089     0.677077    -0.727015
   -0.076930     0.664347    -0.743454
   -0.287166     0.684961    -0.669600
   -0.211566     0.718101    -0.663002
   -0.214414     0.709334    -0.671470
   -0.385014     0.864408    -0.323362
   -0.365526     0.883208    -0.293827
   -0.356089     0.885301    -0.299069
   -0.354089     0.894315    -0.273535
   -0.385133     0.875267    -0.292542
   -0.368744     0.882958    -0.290540
   -0.384528     0.851901    -0.355531
   -0.375210     0.866217    -0.329979
   -0.391917     0.845771    -0.362039
   -0.402424     0.844275    -0.353912
   -0.107672     0.990063    -0.090460
   -0.064814     0.996411    -0.054453
   -0.093356     0.992238    -0.082150
   -0.109479     0.988810    -0.101339
   -0.065436     0.996017    -0.060571
   -0.080708     0.994200    -0.071075
   -0.051378     0.996342    -0.068282
   -0.035559     0.998068    -0.050943
   -0.107853     0.986252    -0.125200
   -0.135245     0.979833    -0.147090
   -0.119448     0.983189    -0.138101
   -0.092613     0.990594    -0.100724
   -0.091821     0.989259    -0.113736
   -0.133171     0.977269    -0.164954
   -0.018535     0.930981    -0.364598
   -0.014721     0.957039    -0.289584
    0.002326     0.941094    -0.338137
    0.002817     0.912241    -0.409644
   -0.022346     0.892667    -0.450163
   -0.019040     0.923318    -0.383564
   -0.025503     0.840038    -0.541928
    0.034870     0.806828    -0.589756
    0.003965     0.827778    -0.561041
    0.032049     0.839740    -0.542043
   -0.198583     0.825044    -0.529024
    0.070628     0.776894    -0.625658
    0.040328     0.764605    -0.643236
   -0.247449     0.911953    -0.327279
   -0.229231     0.916750    -0.327143
   -0.200919     0.928695    -0.311700
   -0.232233     0.903475    -0.360278
   -0.249651     0.849940    -0.463979
   -0.156186     0.895374    -0.417026
   -0.126294     0.910577    -0.393573
   -0.182049     0.888040    -0.422187
   -0.144171     0.881679    -0.449285
   -0.149991     0.903303    -0.401928
   -0.157862     0.917090    -0.366095
    0.427537     0.704379     0.566624
    0.441417     0.680369     0.585020
    0.421048     0.679529     0.600799
    0.417276     0.686437     0.595554
    0.394314     0.686214     0.611250
    0.406722     0.661110     0.630485
    0.380192     0.796798     0.469645
    0.358653     0.781279     0.510853
    0.377527     0.779547     0.499779
    0.377601     0.753753     0.537842
    0.383685     0.771151     0.508047
    0.401418     0.770053     0.495865
    0.213513     0.713181     0.667672
    0.222291     0.683661     0.695121
    0.148038     0.703734     0.694869
    0.184291     0.697582     0.692399
    0.153958     0.673841     0.722658
    0.186913     0.688524     0.700713
    0.037650     0.647167     0.761418
    0.036346     0.677045     0.735044
    0.076193     0.658354     0.748842
    0.075541     0.668362     0.739991
    0.116625     0.650932     0.750124
    0.112483     0.681114     0.723485
   -0.115121     0.720986     0.683321
   -0.183649     0.729108     0.659299
   -0.152707     0.713454     0.683860
   -0.192099     0.698214     0.689635
   -0.120325     0.689513     0.714208
   -0.155346     0.704295     0.692703
   -0.340460     0.646914     0.682342
   -0.349475     0.622328     0.700411
   -0.278562     0.630836     0.724189
   -0.313884     0.629109     0.711125
   -0.127618     0.644807     0.753617
   -0.131342     0.617404     0.775604
   -0.088622     0.632234     0.769692
   -0.047370     0.640041     0.766879
   -0.094220     0.566809     0.818444
   -0.007291     0.563956     0.825773
   -0.051596     0.573024     0.817913
   -0.007137     0.588707     0.808315
    0.081540     0.622898     0.778042
    0.038802     0.611665     0.790165
    0.083564     0.597698     0.797355
    0.038450     0.605437     0.794964
   -0.269161     0.665104     0.696555
   -0.241982     0.641328     0.728109
   -0.209705     0.626633     0.750570
   -0.277380     0.638584     0.717823
   -0.240806     0.649577     0.721154
   -0.203671     0.653539     0.728975
    0.057297     0.834629     0.547824
    0.051742     0.867519     0.494706
    0.081201     0.857231     0.508490
    0.102398     0.870656     0.481116
    0.154378     0.899286     0.409208
    0.115204     0.893761     0.433497
    0.142493     0.885332     0.442587
    0.130147     0.862108     0.489726
    0.146863     0.876535     0.458385
    0.174849     0.868689     0.463472
   -0.425115     0.781536     0.456596
   -0.438202     0.781165     0.444702
   -0.445283     0.756963     0.478258
   -0.434647     0.797754     0.417936
   -0.448177     0.783213     0.430945
   -0.444094     0.775962     0.447955
   -0.467089     0.772992     0.429315
   -0.188745     0.906162     0.378479
   -0.210476     0.900247     0.381123
   -0.181804     0.926592     0.329204
   -0.183144     0.892561     0.412059
   -0.158002     0.921228     0.355492
   -0.180667     0.914672     0.361571
    0.126698     0.795648     0.592362
    0.093687     0.804625     0.586346
    0.150432     0.810107     0.566653
    0.161373     0.777470     0.607865
    0.200804     0.753578     0.625938
    0.233088     0.748070     0.621338
    0.220645     0.778057     0.588169
    0.197116     0.761006     0.618074
    0.300971     0.925531    -0.229802
    0.324904     0.909811    -0.258229
    0.291361     0.928162    -0.231570
    0.293974     0.933414    -0.205714
    0.278502     0.939408    -0.199871
    0.316515     0.920822    -0.227826
   -0.024240     0.999328     0.027509
   -0.042021     0.998122     0.044582
   -0.056565     0.997393     0.044816
   -0.125942     0.986925     0.100583
   -0.026523     0.992650     0.118079
   -0.011123     0.997892     0.063933
   -0.025743     0.988658     0.147962
   -0.039816     0.988907     0.143101
   -0.015949     0.998228     0.057323
   -0.019854     0.995814     0.089222
    0.037646     0.989186     0.141751
    0.020911     0.998214     0.055958
    0.049182     0.990081     0.131608
    0.035076     0.993404     0.109169
    0.010812     0.986764    -0.161800
    0.005327     0.996804    -0.079707
    0.001063     0.991548    -0.129734
   -0.008825     0.986433    -0.163924
   -0.011881     0.997206    -0.073752
   -0.025468     0.987095    -0.158096
   -0.007982     0.998668    -0.050976
    0.042759     0.987273    -0.153177
    0.028655     0.991377    -0.127869
    0.046309     0.977319    -0.206646
    0.040326     0.991912    -0.120349
    0.064570     0.979130    -0.192706
    0.048483     0.983949    -0.171737
   -0.069351     0.987716     0.140028
   -0.059857     0.990802     0.121363
   -0.044414     0.993890     0.101043
   -0.075519     0.982232     0.171808
   -0.085651     0.983964     0.156459
   -0.050673     0.994416     0.092565
    0.098378     0.983880    -0.149338
    0.087612     0.988496    -0.123288
    0.104055     0.985217    -0.136086
    0.059550     0.994124    -0.090397
    0.075274     0.991532    -0.105825
    0.062368     0.994715    -0.081567
   -0.048784     0.996075     0.073857
   -0.066578     0.991617     0.110737
   -0.031851     0.998088     0.052976
   -0.036331     0.998034     0.051062
    0.039311     0.997698    -0.055266
    0.051964     0.995531    -0.078849
    0.040597     0.997589    -0.056281
    0.022862     0.999137    -0.034690
    0.082231     0.992688    -0.088366
    0.068513     0.995196    -0.069929
    0.085167     0.992986    -0.082007
    0.052184     0.997373    -0.050248
    0.065425     0.995677    -0.065933
    0.047657     0.997550    -0.051212
    0.413493     0.661188    -0.625983
    0.426324     0.678350    -0.598405
    0.432427     0.703729    -0.563712
    0.446649     0.679329    -0.582252
    0.400938     0.686169    -0.606977
    0.423068     0.686527    -0.591349
    0.271081     0.661965    -0.698797
    0.338485     0.651069    -0.679365
    0.279262     0.635433    -0.719888
    0.307481     0.652361    -0.692734
    0.304134     0.659622    -0.687315
    0.328118     0.677231    -0.658557
    0.269077     0.669694    -0.692176
    0.312843     0.711766    -0.628903
    0.324807     0.684217    -0.652953
    0.294290     0.686350    -0.665070
    0.373028     0.693686    -0.616158
    0.383080     0.718845    -0.580096
    0.369700     0.700765    -0.610123
    0.397102     0.693333    -0.601331
    0.344127     0.701886    -0.623644
    0.355980     0.676086    -0.645125
    0.212369     0.615733    -0.758797
    0.248242     0.612796    -0.750238
    0.252272     0.605391    -0.754891
    0.217423     0.590950    -0.776856
    0.289962     0.596340    -0.748532
    0.259050     0.575308    -0.775831
    0.295779     0.574026    -0.763550
    0.257807     0.581716    -0.771454
    0.050884     0.570671    -0.819601
    0.095503     0.564235    -0.820072
    0.095508     0.557116    -0.824924
    0.051854     0.547450    -0.835230
    0.250509     0.874950    -0.414376
    0.246464     0.860391    -0.446074
    0.244883     0.835878    -0.491264
    0.223170     0.865884    -0.447705
    0.274651     0.847449    -0.454309
    0.253386     0.851974    -0.458188
    0.336855     0.859914    -0.383505
    0.321090     0.863005    -0.390030
    0.379021     0.802809    -0.460261
    0.378173     0.819053    -0.431436
    0.047572     0.636184    -0.770069
    0.088948     0.620892    -0.778833
    0.048852     0.610143    -0.790784
    0.132525     0.614257    -0.777898
    0.128929     0.640816    -0.756791
    0.089819     0.628313    -0.772758
   -0.129362     0.782334    -0.609277
   -0.098916     0.767115    -0.633837
   -0.187071     0.789660    -0.584330
   -0.218491     0.783291    -0.581994
   -0.203889     0.814539    -0.543098
   -0.163742     0.774340    -0.611216
   -0.328148     0.797010    -0.507044
    0.066164     0.820933    -0.567178
    0.100151     0.810624    -0.576939
    0.071501     0.786901    -0.612923
    0.124945     0.824949    -0.551224
    0.135029     0.791769    -0.595709
    0.100559     0.800868    -0.590338
    0.190080     0.799655    -0.569580
    0.225806     0.784778    -0.577179
    0.193899     0.791142    -0.580085
    0.210185     0.816814    -0.537250
    0.170215     0.775029    -0.608569
    0.159145     0.806798    -0.568991
    0.261629     0.761728    -0.592723
    0.161803     0.670633    -0.723928
    0.195381     0.685849    -0.701026
    0.146126     0.952903    -0.265750
    0.159670     0.957152    -0.241590
    0.165717     0.947359    -0.273951
    0.193088     0.936677    -0.292154
    0.176315     0.930643    -0.320651
    0.173841     0.942049    -0.286919
    0.211398     0.953398    -0.215274
    0.197782     0.961519    -0.190690
    0.197416     0.957071    -0.212233
    0.236493     0.937780    -0.254243
    0.274333     0.901845    -0.333792
    0.240779     0.925309    -0.292966
    0.257070     0.920987    -0.292742
    0.247249     0.931918    -0.265323
    0.247867     0.944487    -0.215651
    0.284665     0.926081    -0.247667
    0.284411     0.918904    -0.273359
    0.272451     0.929371    -0.249078
   -0.272062     0.944218    -0.185567
   -0.239636     0.956768    -0.164830
   -0.247742     0.954773    -0.164414
   -0.284282     0.925458    -0.250423
   -0.270740     0.935382    -0.227510
   -0.245993     0.948924    -0.197560
   -0.281979     0.932311    -0.226462
   -0.260431     0.940397    -0.218698
   -0.248196     0.943715    -0.218635
   -0.284766     0.917731    -0.276909
   -0.272700     0.928571    -0.251775
   -0.306715     0.908700    -0.283179
   -0.293485     0.912088    -0.286289
   -0.303568     0.900096    -0.312529
   -0.270735     0.921420    -0.278726
   -0.290520     0.903316    -0.315624
   -0.355267     0.875150    -0.328477
   -0.366600     0.872840    -0.322108
   -0.347720     0.880863    -0.321202
   -0.336801     0.893864    -0.295925
   -0.294843     0.919646    -0.259457
   -0.305864     0.916725    -0.257026
   -0.292404     0.926977    -0.234975
   -0.326926     0.900196    -0.287690
   -0.320938     0.916897    -0.237273
   -0.303184     0.928698    -0.213542
   -0.308013     0.926815    -0.214808
   -0.303014     0.929387    -0.210765
   -0.288434     0.933453    -0.213242
   -0.399104     0.792005    -0.462000
   -0.376436     0.817563    -0.435759
   -0.410121     0.837528    -0.361037
   -0.417533     0.822740    -0.385701
   -0.459830     0.751507    -0.473068
   -0.445901     0.752409    -0.484823
   -0.445548     0.769012    -0.458375
   -0.430739     0.752326    -0.498467
   -0.448759     0.727270    -0.519320
   -0.451169     0.743701    -0.493310
   -0.475707     0.744885    -0.467813
   -0.392255     0.690643    -0.607575
   -0.400514     0.716526    -0.571120
   -0.378036     0.717090    -0.585551
   -0.409030     0.734546    -0.541420
   -0.205403     0.589933    -0.780889
   -0.242133     0.611140    -0.753578
   -0.274561     0.626737    -0.729258
   -0.200644     0.614724    -0.762795
   -0.240970     0.604090    -0.759611
   -0.281414     0.601755    -0.747461
   -0.374677     0.610009    -0.698216
   -0.341992     0.616883    -0.708870
   -0.345245     0.609828    -0.713383
   -0.365771     0.633725    -0.681619
   -0.318314     0.594065    -0.738758
   -0.311235     0.617557    -0.722327
   -0.209305     0.582646    -0.785312
   -0.246287     0.580165    -0.776370
   -0.286441     0.572026    -0.768594
   -0.280626     0.595192    -0.752991
   -0.251144     0.573412    -0.779824
   -0.213452     0.559502    -0.800872
   -0.403687     0.767214    -0.498416
   -0.380381     0.776389    -0.502524
   -0.360367     0.778134    -0.514434
   -0.383168     0.793332    -0.473082
   -0.385777     0.768242    -0.510863
   -0.379286     0.750321    -0.541443
    0.044638     0.681449    -0.730503
    0.005160     0.691447    -0.722409
    0.042777     0.712801    -0.700061
   -0.033916     0.681247    -0.731267
   -0.225966     0.671775    -0.705449
   -0.187001     0.684811    -0.704318
   -0.223050     0.679947    -0.698514
   -0.193620     0.656281    -0.729250
   -0.251499     0.696365    -0.672178
   -0.260729     0.668149    -0.696848
   -0.108424     0.715334    -0.690320
   -0.145273     0.707919    -0.691192
   -0.147984     0.700278    -0.698364
   -0.112898     0.685980    -0.718809
   -0.177757     0.723679    -0.666852
   -0.185438     0.694016    -0.695668
   -0.051928     0.996850    -0.059945
   -0.081478     0.992690    -0.089036
   -0.038316     0.998388    -0.041870
   -0.065831     0.994900    -0.076420
   -0.079043     0.992097    -0.097446
   -0.035870     0.998378    -0.044221
   -0.060889     0.993656    -0.094556
   -0.098725     0.983234    -0.153312
   -0.103764     0.985115    -0.137043
   -0.086948     0.988484    -0.123849
   -0.077121     0.990881    -0.110487
   -0.063025     0.994535    -0.083239
    0.001503     0.971053    -0.238861
    0.017631     0.963055    -0.268727
    0.028815     0.971002    -0.237328
    0.002006     0.947824    -0.318787
    0.029678     0.884503    -0.465589
    0.003447     0.872042    -0.489418
    0.057206     0.873900    -0.482728
    0.003010     0.904049    -0.427419
   -0.059144     0.819708    -0.569720
   -0.063742     0.786720    -0.614011
   -0.029675     0.797520    -0.602562
    0.004692     0.784621    -0.619958
    0.004356     0.817799    -0.575488
   -0.027827     0.805967    -0.591305
   -0.091521     0.809703    -0.579660
   -0.083730     0.843656    -0.530316
   -0.176115     0.864788    -0.470239
   -0.187831     0.879971    -0.436315
   -0.208850     0.849129    -0.485141
   -0.181746     0.855890    -0.484170
   -0.202789     0.941725    -0.268385
   -0.194176     0.951039    -0.240457
   -0.184977     0.946595    -0.264086
   -0.229708     0.930762    -0.284458
   -0.213767     0.935076    -0.282731
   -0.220145     0.923447    -0.314295
   -0.311785     0.868678    -0.384952
   -0.276845     0.811187    -0.515105
   -0.300327     0.807225    -0.508125
   -0.245884     0.825723    -0.507665
   -0.264674     0.794562    -0.546461
   -0.270610     0.820872    -0.502930
   -0.278439     0.836985    -0.471092
   -0.257146     0.584792     0.769347
   -0.288735     0.599269     0.746665
   -0.323293     0.598318     0.733142
   -0.251596     0.608344     0.752740
   -0.285453     0.606466     0.742102
   -0.315608     0.623012     0.715715
   -0.135044     0.585324     0.799474
   -0.131991     0.609906     0.781405
   -0.050797     0.580851     0.812423
   -0.092251     0.591046     0.801346
    0.089461     0.813468     0.574689
    0.135882     0.852733     0.504363
    0.116983     0.828959     0.546940
    0.148774     0.820319     0.552216
    0.081664     0.847422     0.524602
    0.113750     0.837505     0.534459
    0.064745     0.781625     0.620380
    0.068946     0.747542     0.660626
    0.127405     0.785486     0.605623
    0.100329     0.771792     0.627911
    0.325859     0.916378    -0.232523
    0.329292     0.914392    -0.235485
    0.311089     0.920393    -0.236856
    0.344422     0.901447    -0.262235
    0.333259     0.910357    -0.245335
    0.339536     0.909511    -0.239801
   -0.142791     0.980088     0.137977
   -0.044489     0.998119     0.042190
   -0.027228     0.999254     0.027385
    0.009819     0.999262     0.037130
    0.002268     0.999972     0.007091
    0.027453     0.995930     0.085849
    0.015778     0.998109     0.059411
   -0.043833     0.977326    -0.207153
   -0.063205     0.978556    -0.196044
   -0.038678     0.992024    -0.119969
   -0.046452     0.983682    -0.173816
   -0.040736     0.987325    -0.153394
   -0.027138     0.991370    -0.128253
   -0.004170     0.999797    -0.019716
   -0.005602     0.999831    -0.017525
   -0.030296     0.995038    -0.094773
   -0.012637     0.998778    -0.047786
   -0.021137     0.994768    -0.099950
   -0.018247     0.997470    -0.068712
    0.003281     0.998715    -0.050573
    0.044103     0.997580    -0.053753
    0.045598     0.997464    -0.054640
    0.061608     0.995644    -0.069976
    0.032907     0.998759    -0.037377
    0.056971     0.995643    -0.073823
    0.027384     0.998995    -0.035485
    0.074915     0.995579    -0.056662
    0.316107     0.626812    -0.712168
    0.317144     0.619941    -0.717699
    0.350329     0.619347    -0.702623
    0.341472     0.643711    -0.684860
    0.287065     0.603536    -0.743867
    0.280038     0.628489    -0.725659
    0.221433     0.561003    -0.797648
    0.178831     0.571025    -0.801218
    0.180598     0.563985    -0.805795
    0.217088     0.584252    -0.781999
    0.139674     0.552107    -0.821991
    0.137026     0.575268    -0.806406
    0.344179     0.871518    -0.349281
    0.335324     0.885255    -0.322307
    0.358954     0.850185    -0.385146
    0.330997     0.874248    -0.355149
    0.355196     0.812844    -0.461649
    0.344632     0.852692    -0.392613
    0.331046     0.839811    -0.430262
    0.347761     0.837029    -0.422427
    0.370802     0.827080    -0.422426
    0.355236     0.829289    -0.431378
    0.423430     0.838153    -0.343811
    0.427666     0.835845    -0.344187
    0.410144     0.839338    -0.356782
    0.366440     0.874045    -0.319010
    0.355143     0.887063    -0.294945
    0.367139     0.842251    -0.394742
    0.392303     0.817426    -0.421798
   -0.107239     0.725708    -0.679594
   -0.138405     0.739731    -0.658515
   -0.165389     0.763858    -0.623833
   -0.174434     0.732581    -0.657950
   -0.101798     0.757278    -0.645111
   -0.137631     0.748910    -0.648221
   -0.283952     0.693008    -0.662655
   -0.285399     0.756129    -0.588912
   -0.294837     0.782387    -0.548581
   -0.269451     0.786292    -0.556005
   -0.306002     0.800181    -0.515823
   -0.359489     0.803253    -0.474923
   -0.376837     0.801318    -0.464633
   -0.353700     0.827470    -0.436107
   -0.353142     0.810893    -0.466629
   -0.333375     0.813629    -0.476307
   -0.355154     0.785103    -0.507424
    0.228599     0.775302    -0.588770
    0.206485     0.758791    -0.617739
    0.172180     0.765476    -0.620001
    0.241425     0.745033    -0.621803
    0.293843     0.749358    -0.593396
    0.307769     0.720410    -0.621520
    0.275079     0.732093    -0.623194
    0.246767     0.735843    -0.630588
    0.122276     0.686489    -0.716785
    0.117267     0.716730    -0.687421
    0.191722     0.694599    -0.693379
    0.155669     0.700482    -0.696486
    0.271140     0.922405    -0.275050
    0.290874     0.904381    -0.312229
    0.298779     0.891556    -0.340382
    0.304570     0.900988    -0.308963
    0.281268     0.910927    -0.301829
    0.266586     0.914710    -0.303705
    0.237442     0.944041    -0.228929
    0.261259     0.928166    -0.265051
    0.223440     0.953065    -0.204306
    0.224374     0.947545    -0.227630
    0.249143     0.938395    -0.239462
    0.261750     0.934990    -0.239335
   -0.369268     0.825277    -0.427269
   -0.343349     0.851046    -0.397280
   -0.327366     0.821388    -0.467069
   -0.329035     0.838277    -0.434774
   -0.319668     0.861505    -0.394488
   -0.345981     0.835466    -0.426959
   -0.321703     0.879975    -0.349501
   -0.314042     0.892769    -0.323020
   -0.306762     0.883306    -0.354496
   -0.335693     0.858383    -0.387929
   -0.334416     0.903273    -0.268819
   -0.344034     0.900854    -0.264768
   -0.346738     0.891523    -0.291479
   -0.311722     0.919389    -0.239901
   -0.314961     0.911427    -0.264766
   -0.325347     0.908732    -0.261448
   -0.443112     0.804678    -0.395152
   -0.448848     0.809196    -0.379128
   -0.446004     0.810599    -0.379486
   -0.428656     0.827291    -0.363102
   -0.435025     0.814920    -0.382960
   -0.411077     0.807667    -0.422717
   -0.419958     0.783934    -0.457256
   -0.397771     0.808828    -0.433099
   -0.406209     0.823859    -0.395286
   -0.429580     0.701622    -0.568495
   -0.419080     0.683500    -0.597661
   -0.447524     0.702316    -0.553601
   -0.431777     0.726830    -0.534122
   -0.424932     0.709269    -0.562468
   -0.404790     0.709148    -0.577282
    0.061904     0.933116    -0.354206
    0.040338     0.941667    -0.334120
    0.049527     0.957726    -0.283385
    0.023434     0.931115    -0.363972
    0.018586     0.957249    -0.288668
    0.038110     0.948696    -0.313885
    0.048740     0.913585    -0.403717
    0.065237     0.924806    -0.374805
    0.076599     0.894682    -0.440087
    0.024646     0.923628    -0.382496
    0.028981     0.892673    -0.449773
    0.050182     0.904527    -0.423453
   -0.171473     0.831566    -0.528294
   -0.126181     0.791057    -0.598588
   -0.185468     0.799430    -0.571414
   -0.152786     0.807088    -0.570320
   -0.149361     0.815119    -0.559707
   -0.116920     0.823823    -0.554658
   -0.136579     0.848173    -0.511808
   -0.132935     0.858421    -0.495420
   -0.104332     0.867127    -0.487037
   -0.115598     0.833930    -0.539628
   -0.165310     0.840374    -0.516182
   -0.149155     0.872263    -0.465736
   -0.069744     0.734677    -0.674822
    0.004534     0.700988    -0.713158
   -0.073213     0.702019    -0.708385
   -0.032526     0.712111    -0.701313
   -0.033335     0.721727    -0.691375
    0.004326     0.732766    -0.680467
    0.116987     0.726178    -0.677480
    0.110789     0.759006    -0.641588
    0.078723     0.735096    -0.673377
    0.075009     0.743547    -0.664463
    0.040415     0.753050    -0.656721
    0.042509     0.721852    -0.690741
   -0.031707     0.764516    -0.643825
    0.004022     0.776288    -0.630366
   -0.067114     0.742750    -0.666196
   -0.063106     0.776933    -0.626413
    0.004287     0.740632    -0.671897
   -0.031707     0.752691    -0.657610
   -0.246713     0.874344    -0.417918
   -0.268290     0.869340    -0.415052
   -0.271649     0.845259    -0.460157
   -0.268221     0.883984    -0.382924
   -0.255978     0.905344    -0.338862
   -0.273014     0.901052    -0.336999
   -0.265794     0.913717    -0.307366
   -0.298352     0.889916    -0.345015
   -0.282357     0.893722    -0.348619
   -0.286623     0.879705    -0.379430
   -0.048730     0.612598     0.788891
   -0.006488     0.621123     0.783686
   -0.090011     0.623773     0.776406
   -0.006651     0.595577     0.803271
   -0.049671     0.605333     0.794421
   -0.092279     0.598267     0.795966
    0.173326     0.737274     0.652981
    0.138558     0.744290     0.653326
    0.105057     0.729075     0.676322
    0.164435     0.767594     0.619484
    0.135696     0.752011     0.645032
    0.099661     0.760553     0.641582
   -0.101752     0.989376     0.103836
   -0.054555     0.995060     0.082945
   -0.082654     0.989767     0.116320
   -0.093809     0.985321     0.142626
   -0.070546     0.992569     0.099151
   -0.057575     0.995497     0.075311
   -0.099014     0.986621     0.129515
   -0.154284     0.972102     0.176675
   -0.140943     0.978289     0.151938
   -0.114190     0.986651     0.116104
   -0.156534     0.974764     0.159158
   -0.154685     0.979484     0.129168
   -0.141376     0.982222     0.123501
   -0.112038     0.989290     0.093556
   -0.157087     0.976992     0.144262
   -0.047682     0.998023     0.040956
   -0.033411     0.999062     0.027530
   -0.070634     0.995803     0.058201
   -0.030471     0.999154     0.027627
   -0.071378     0.995958     0.054524
   -0.102161     0.991702     0.078038
   -0.085011     0.994101     0.067354
   -0.087532     0.993706     0.069907
   -0.068454     0.996022     0.057050
   -0.102742     0.991016     0.085626
    0.009948     0.998007     0.062312
    0.006393     0.999146     0.040829
    0.001965     0.999955     0.009252
    0.019111     0.995759     0.089996
    0.000910     0.993535    -0.113526
   -0.011185     0.994262    -0.106385
   -0.004204     0.996937    -0.078094
   -0.002349     0.999748    -0.022340
   -0.002771     0.998604    -0.052756
    0.000144     0.999838    -0.018021
   -0.011370     0.995227     0.096923
   -0.004693     0.997571     0.069497
   -0.000907     0.999970     0.007731
   -0.002460     0.999278     0.037925
   -0.051922     0.997947     0.037487
   -0.035732     0.998997     0.026988
    0.063982     0.996881    -0.046194
   -0.049980     0.997980     0.039224
    0.061290     0.996960    -0.048101
    0.047502     0.998225    -0.035928
    0.087149     0.993313    -0.075729
    0.088399     0.993611    -0.070156
    0.072659     0.995519    -0.060516
    0.058535     0.997204    -0.046455
    0.407928     0.856291    -0.316797
    0.391986     0.861024    -0.324013
    0.371589     0.881050    -0.292698
    0.401632     0.859930    -0.314979
    0.402817     0.845497    -0.350533
    0.375315     0.867450    -0.326601
    0.385207     0.865604    -0.319914
    0.407200     0.825059    -0.391747
    0.412126     0.809954    -0.417285
    0.418177     0.823965    -0.382374
    0.392298     0.847012    -0.358710
    0.399429     0.832674    -0.383549
    0.387512     0.834198    -0.392362
    0.355945     0.876203    -0.324918
    0.365161     0.862245    -0.350986
    0.352631     0.864602    -0.357932
    0.384580     0.853731    -0.351058
    0.380546     0.840228    -0.386267
    0.373363     0.855607    -0.358519
   -0.237849     0.734947    -0.635044
   -0.269766     0.730602    -0.627253
   -0.248844     0.704732    -0.664402
   -0.289422     0.748053    -0.597203
   -0.303410     0.718321    -0.626065
   -0.272691     0.721572    -0.636375
   -0.364535     0.699751    -0.614380
   -0.338164     0.701011    -0.627877
   -0.317301     0.682727    -0.658182
   -0.305773     0.710074    -0.634270
   -0.352378     0.760209    -0.545813
   -0.316459     0.744984    -0.587241
   -0.329724     0.762414    -0.556783
   -0.334287     0.787492    -0.517792
   -0.325204     0.770538    -0.548191
   -0.300600     0.773618    -0.557813
    0.222151     0.711177    -0.666991
    0.259466     0.697986    -0.667453
    0.292067     0.694750    -0.657282
    0.231356     0.681152    -0.694627
    0.257888     0.706546    -0.659005
    0.280437     0.723226    -0.631109
    0.147074     0.740157    -0.656153
    0.181900     0.733408    -0.655000
    0.220584     0.718363    -0.659771
    0.209651     0.750221    -0.627069
    0.183756     0.724280    -0.664570
    0.154137     0.709482    -0.687660
   -0.373081     0.853785    -0.363127
   -0.386679     0.832088    -0.397629
   -0.399132     0.830526    -0.388483
   -0.390841     0.815911    -0.426066
   -0.365969     0.840776    -0.398953
   -0.379715     0.838719    -0.390341
   -0.351943     0.863275    -0.361791
   -0.364262     0.860977    -0.355010
   -0.335366     0.883572    -0.326848
   -0.358014     0.848501    -0.389707
   -0.330261     0.872748    -0.359497
   -0.343708     0.869987    -0.353535
   -0.439440     0.776640    -0.451357
   -0.436497     0.792935    -0.425118
   -0.447415     0.792655    -0.414148
   -0.424585     0.815638    -0.393016
   -0.429808     0.800207    -0.418251
   -0.417703     0.800910    -0.429031
   -0.294587     0.872365    -0.390125
   -0.300232     0.832870    -0.464960
   -0.303029     0.849265    -0.432346
   -0.321514     0.845776    -0.425784
   -0.295528     0.857121    -0.421909
   -0.275601     0.861321    -0.426814
   -0.074346     0.993115     0.090528
   -0.041319     0.997878     0.050312
   -0.058799     0.996037     0.066729
   -0.060928     0.995692     0.069899
   -0.086437     0.991878     0.093309
   -0.085617     0.990835     0.104478
   -0.127230     0.979647     0.155258
   -0.101009     0.988114     0.115882
   -0.129451     0.981689     0.139743
   -0.114105     0.984838     0.130665
   -0.101697     0.990453     0.093063
   -0.086010     0.992829     0.083023
   -0.128705     0.983870     0.124235
   -0.087403     0.993230     0.076514
   -0.113817     0.987988     0.104525
   -0.127996     0.985425     0.112049
   -0.066808     0.995891     0.061136
   -0.082747     0.993973     0.071910
   -0.067281     0.995868     0.061001
   -0.053439     0.997491     0.046440
    0.002138     0.999169     0.040715
    0.009838     0.995440     0.094882
    0.003656     0.997717     0.067430
    0.001161     0.999937     0.011200
   -0.000048     0.999984     0.005598
   -0.000886     0.994633     0.103462
    0.070004     0.995522    -0.063530
    0.058210     0.997052    -0.049998
    0.040811     0.998480    -0.037037
    0.044403     0.998342    -0.036640
    0.072503     0.995572    -0.059827
    0.055831     0.997261    -0.048516
   -0.357963     0.751765    -0.553815
   -0.346126     0.733879    -0.584481
   -0.374162     0.724504    -0.578876
   -0.321164     0.735973    -0.595985
   -0.335097     0.707830    -0.621841
   -0.351043     0.725762    -0.591640
   -0.044725     0.997845     0.048006
   -0.064853     0.995698     0.066182
   -0.062759     0.996031     0.063121
   -0.078366     0.993370     0.084116
   -0.049601     0.997630     0.047686
   -0.081938     0.993519     0.078774
