v -0.086820742 -0.59171249 -3.7279946e-09
v 0.049477399 -0.59795651 -3.7279946e-09
v 0.10332992 -0.58885279 -3.7279946e-09
v 0.31907604 -0.50663858 -3.7279946e-09
v 0.425297 -0.42153628 -3.7279946e-09
v 0.53469831 -0.2720624 -3.7279946e-09
v 0.58992517 -0.10070605 -3.7279946e-09
v 0.58930487 0.1053273 -3.7279946e-09
v 0.55276487 0.23136848 -3.7279946e-09
v 0.46491958 0.3768861 -3.7279946e-09
v 0.38171289 0.46238686 -3.7279946e-09
v 0.26605703 0.53576018 -3.7279946e-09
v 0.077015132 0.5933852 -3.7279946e-09
v 0.020637241 0.59831713 -3.7279946e-09
v -0.11386539 0.58803378 -3.7279946e-09
v -0.39876804 0.445829 -3.7279946e-09
v -0.52020742 0.29600711 -3.7279946e-09
v -0.581631 0.14269472 -3.7279946e-09
v -0.59797228 0.037804995 -3.7279946e-09
v -0.59186914 -0.09099958 -3.7279946e-09
v -0.53816359 -0.26441586 -3.7279946e-09
v -0.47555513 -0.36441277 -3.7279946e-09
v -0.40711584 -0.43955133 -3.7279946e-09
v -0.30796843 -0.51270808 -3.7279946e-09
v -0.26383026 -0.53750229 -3.7279946e-09
v -0.13952592 -0.58254778 -3.7279946e-09
v -0.015124542 0.0065826775 -3.7279946e-09
v 0.0095452193 -0.34111149 -3.7279946e-09
v -0.28666053 0.0082761653 -3.7279946e-09
v -0.23666523 -0.26508348 -3.7279946e-09
v 0.35823182 -0.0039813197 -3.7279946e-09
v 0.32035555 -0.28247191 -3.7279946e-09
v -0.022005585 0.32462407 -3.7279946e-09
v 0.29742855 0.25615638 -3.7279946e-09
v -0.30620425 0.30147418 -3.7279946e-09
v -0.14013886 0.084121166 -3.7279946e-09
v 0.13105722 -0.15503347 -3.7279946e-09
v -0.42496792 -0.21704371 -3.7279946e-09
v 0.21878476 0.44096435 -3.7279946e-09
v -0.48437289 0.35050328 -3.7279946e-09
v 0.26648809 -0.53585376 -3.7279946e-09
v -0.56767315 0.18789056 -3.7279946e-09
v -0.44349813 -0.40101059 -3.7279946e-09
v 0.49886693 0.33075875 -3.7279946e-09
v 0.46213348 -0.37987932 -3.7279946e-09
v 0.59721004 0.042420148 -3.7279946e-09
v -0.17395794 0.57253779 -3.7279946e-09
v -0.59728995 -0.025667155 -3.7279946e-09
v -0.35055059 0.48470827 -3.7279946e-09
v 0.20704528 0.14927833 -3.7279946e-09
v 0.37225801 -0.13573367 -3.7279946e-09
v -0.2057847 0.33879324 -3.7279946e-09
v 0.14262533 -0.43243362 -3.7279946e-09
v -0.42309335 0.11335338 -3.7279946e-09
v -0.19754414 -0.42152997 -3.7279946e-09
v 0.21535733 0.49723101 -3.7279946e-09
v -0.5807405 -0.14323406 -3.7279946e-09
v -0.047975111 0.59591267 -3.7279946e-09
v -0.59069897 0.093560377 -3.7279946e-09
v 0.42514981 0.42055957 -3.7279946e-09
v -0.013385594 -0.59780932 -3.7279946e-09
v 0.37316849 -0.46707592 -3.7279946e-09
v 0.50194321 -0.32497943 -3.7279946e-09
v 0.59705024 -0.030993763 -3.7279946e-09
v 0.57360387 0.16857919 -3.7279946e-09
v -0.36191579 -0.4762238 -3.7279946e-09
v -0.14435376 -0.15701423 -3.7279946e-09
v 0.32238677 0.14363568 -3.7279946e-09
v -0.073732788 0.43221284 -3.7279946e-09
v -0.26896404 0.14174113 -3.7279946e-09
v 0.1448479 -0.21648018 -3.7279946e-09
v 0.46753011 -0.10937713 -3.7279946e-09
v 0.32069409 0.4275038 -3.7279946e-09
v -0.17791736 -0.47134654 -3.7279946e-09
v 0.15914218 0.51411479 -3.7279946e-09
v -0.50780348 -0.20908702 -3.7279946e-09
v 0.55894161 -0.21249868 -3.7279946e-09
v 0.52896945 0.27884262 -3.7279946e-09
v -0.54481554 0.24748267 -3.7279946e-09
v 0.20955803 -0.56004554 -3.7279946e-09
v -0.42007384 -0.32471974 -3.7279946e-09
v 0.38130917 0.061735935 -3.7279946e-09
v -0.48645668 -0.030821129 -3.7279946e-09
v 0.054443811 0.43060741 -3.7279946e-09
v -0.2746498 -0.2340894 -3.7279946e-09
v 0.027495995 0.12224367 -3.7279946e-09
v -0.39270485 0.20788847 -3.7279946e-09
v 0.18931305 -0.39429871 -3.7279946e-09
v -0.2835464 0.40032616 -3.7279946e-09
v 0.40147634 0.28685503 -3.7279946e-09
v 0.24448419 -0.13390115 -3.7279946e-09
v -0.16535151 0.48029466 -3.7279946e-09
v -0.5326366 0.06258291 -3.7279946e-09
v 0.49954505 -0.070496178 -3.7279946e-09
v -0.24752052 -0.47015325 -3.7279946e-09
v -0.4711205 -0.29542571 -3.7279946e-09
v -0.20176325 -0.5627654 -3.7279946e-09
v 0.11609742 0.41368894 -3.7279946e-09
v 0.40441174 0.013857864 -3.7279946e-09
v -0.037852622 -0.16385333 -3.7279946e-09
v -0.27538154 -0.083457653 -3.7279946e-09
v -0.050722524 0.2169207 -3.7279946e-09
v 0.21843045 -0.29871121 -3.7279946e-09
v 0.4165602 -0.25515969 -3.7279946e-09
v 0.095811232 -0.47184594 -3.7279946e-09
v 0.23925052 0.20980194 -3.7279946e-09
v -0.451868 0.2028472 -3.7279946e-09
v -0.31206347 -0.38148474 -3.7279946e-09
v -0.36219755 0.32307226 -3.7279946e-09
v -0.075984905 0.53408221 -3.7279946e-09
v 0.45995927 0.2681566 -3.7279946e-09
v -0.1023754 -0.53828134 -3.7279946e-09
v -0.51097964 -0.15082488 -3.7279946e-09
v 0.14609692 0.57974486 -3.7279946e-09
v 0.32798737 0.49992775 -3.7279946e-09
v -0.50819985 -0.31488743 -3.7279946e-09
v -0.13392007 -0.0081337166 -3.7279946e-09
v 0.15676086 0.032281678 -3.7279946e-09
v -0.15186152 -0.37714053 -3.7279946e-09
v 0.12784637 0.24835214 -3.7279946e-09
v -0.18242244 0.2893825 -3.7279946e-09
v 0.46039979 0.20550609 -3.7279946e-09
v 0.085520315 -0.19570952 -3.7279946e-09
v -0.45064212 -0.12813654 -3.7279946e-09
v 0.29564545 -0.37937046 -3.7279946e-09
v 0.17426809 -0.33662639 -3.7279946e-09
v 0.53696714 0.068701822 -3.7279946e-09
v -0.043535535 0.48391134 -3.7279946e-09
v -0.4552292 0.2954951 -3.7279946e-09
v 0.43100693 -0.15149775 -3.7279946e-09
v 0.064652722 0.48999661 -3.7279946e-09
v 0.33766303 0.36428766 -3.7279946e-09
v 0.0057176399 -0.54495117 -3.7279946e-09
v -0.19491469 0.43564973 -3.7279946e-09
v 0.54589003 -0.053170614 -3.7279946e-09
v 0.21330612 0.55975431 -3.7279946e-09
v -0.56237535 -0.20375137 -3.7279946e-09
v -0.30420141 -0.44259922 -3.7279946e-09
v -0.21804881 -0.2202083 -3.7279946e-09
v 0.24100945 0.33622477 -3.7279946e-09
v 0.40088968 -0.039498104 -3.7279946e-09
v 0.064623178 0.074360239 -3.7279946e-09
v -0.060748708 -0.10335768 -3.7279946e-09
v -0.083007776 0.33247983 -3.7279946e-09
v 0.20317522 -0.23852929 -3.7279946e-09
v -0.42632838 0.056245841 -3.7279946e-09
v 0.028395538 -0.39802578 -3.7279946e-09
v -0.21678928 0.24129542 -3.7279946e-09
v 0.40966328 0.22743324 -3.7279946e-09
v 0.37922642 -0.30003697 -3.7279946e-09
v 0.20700007 -0.50399651 -3.7279946e-09
v -0.407201 -0.16760353 -3.7279946e-09
v -0.35530905 0.25967633 -3.7279946e-09
v -0.256947 -0.4073976 -3.7279946e-09
v -0.42088549 -0.26665 -3.7279946e-09
v 0.52626115 0.12538513 -3.7279946e-09
v -0.013958795 0.53741608 -3.7279946e-09
v 0.52530231 -0.1083857 -3.7279946e-09
v 0.2667625 0.42160778 -3.7279946e-09
v 0.10015408 0.5307105 -3.7279946e-09
v -0.48410164 0.24749108 -3.7279946e-09
v -0.35820764 -0.40949296 -3.7279946e-09
v -0.10863172 0.043965121 -3.7279946e-09
v 0.21352901 0.036004752 -3.7279946e-09
v -0.21730549 -0.071327803 -3.7279946e-09
v -0.075105548 -0.28272634 -3.7279946e-09
v 0.048598567 0.18074972 -3.7279946e-09
v 0.070004877 -0.35741492 -3.7279946e-09
v 0.28796526 -0.17236934 -3.7279946e-09
v 0.015675455 0.37478127 -3.7279946e-09
v 0.17290448 0.40117986 -3.7279946e-09
v -0.53774725 -0.055857574 -3.7279946e-09
v -0.32699278 0.1426842 -3.7279946e-09
v 0.3050425 0.1986323 -3.7279946e-09
v -0.33920537 -0.016958429 -3.7279946e-09
v -0.2674217 -0.34821763 -3.7279946e-09
v -0.056209359 -0.50705912 -3.7279946e-09
v 0.24970209 -0.41537847 -3.7279946e-09
v 0.069735098 -0.13486314 -3.7279946e-09
v 0.45262183 -0.057541326 -3.7279946e-09
v 0.50514985 -0.21362469 -3.7279946e-09
v 0.15882362 -0.27738018 -3.7279946e-09
v 0.42747121 0.10714405 -3.7279946e-09
v 0.43616174 -0.31428184 -3.7279946e-09
v -0.36549987 -0.35097008 -3.7279946e-09
v -0.40150052 0.29397168 -3.7279946e-09
v 0.10394097 -0.52571865 -3.7279946e-09
v -0.47278796 -0.24159716 -3.7279946e-09
v 0.54370321 0.0064651565 -3.7279946e-09
v -0.1035341 0.48246677 -3.7279946e-09
v 0.043238316 0.54019797 -3.7279946e-09
v -0.37261022 -0.22156981 -3.7279946e-09
v -0.4783507 0.088904326 -3.7279946e-09
v -0.24594137 0.43475713 -3.7279946e-09
v 0.29077239 0.09335431 -3.7279946e-09
v -0.20025034 -0.16950754 -3.7279946e-09
v -0.22866018 0.034190947 -3.7279946e-09
v 0.24706633 -0.019656743 -3.7279946e-09
v -0.053562456 -0.22822491 -3.7279946e-09
v -0.074749347 0.15614266 -3.7279946e-09
v 0.13133162 0.35596825 -3.7279946e-09
v 0.079158644 -0.033526383 -3.7279946e-09
v -0.031263436 -0.3891849 -3.7279946e-09
v 0.0096282346 0.21682818 -3.7279946e-09
v -0.3772772 0.15155768 -3.7279946e-09
v -0.24518755 0.29163977 -3.7279946e-09
v 0.23476017 -0.3572835 -3.7279946e-09
v -0.13499561 0.43326104 -3.7279946e-09
v 0.35977627 -0.24099893 -3.7279946e-09
v 0.35444588 0.24342337 -3.7279946e-09
v 0.49853996 -0.022293027 -3.7279946e-09
v -0.011530154 0.43033196 -3.7279946e-09
v -0.4822586 0.029179642 -3.7279946e-09
v -0.32271795 0.36157935 -3.7279946e-09
v 0.3997006 -0.35998549 -3.7279946e-09
v 0.51185332 0.18393324 -3.7279946e-09
v -0.1151859 -0.48382723 -3.7279946e-09
v 0.28400584 0.37655282 -3.7279946e-09
v -0.43930846 -0.067840023 -3.7279946e-09
v -0.32058054 -0.32067621 -3.7279946e-09
v 0.4097211 -0.095120594 -3.7279946e-09
v 0.12276199 0.083313196 -3.7279946e-09
v 0.30785278 -0.43875335 -3.7279946e-09
v -0.54095811 -0.1074195 -3.7279946e-09
v 0.12951487 -0.37567072 -3.7279946e-09
v 0.4522507 -0.20804407 -3.7279946e-09
v 0.48296196 0.089505704 -3.7279946e-09
v 0.048253721 -0.50866455 -3.7279946e-09
v -0.21125387 -0.36646607 -3.7279946e-09
v -0.13333446 0.5281946 -3.7279946e-09
v -0.41736975 0.34101686 -3.7279946e-09
v -0.097856862 -0.19040751 -3.7279946e-09
v 0.28017154 -0.075193231 -3.7279946e-09
v -0.32931523 0.043338826 -3.7279946e-09
v -0.24003484 -0.12649327 -3.7279946e-09
v 0.26533896 0.150377 -3.7279946e-09
v -0.13234513 -0.43040135 -3.7279946e-09
v -0.15461713 0.2407035 -3.7279946e-09
v 0.037983306 0.31301496 -3.7279946e-09
v 0.11659367 -0.089977764 -3.7279946e-09
v -0.073411282 -0.0013920631 -3.7279946e-09
v -0.20920162 0.14182524 -3.7279946e-09
v 0.041336512 -0.23786588 -3.7279946e-09
v 0.052867507 -0.29818027 -3.7279946e-09
v -0.0084166059 -0.48514564 -3.7279946e-09
v -0.22446841 -0.31248822 -3.7279946e-09
v 0.16502875 0.45733192 -3.7279946e-09
v 0.33896671 -0.34132807 -3.7279946e-09
v -0.49252408 -0.091062872 -3.7279946e-09
v -0.37779657 0.3823027 -3.7279946e-09
v 0.20151302 -0.45045498 -3.7279946e-09
v -0.10789997 0.38358431 -3.7279946e-09
v 0.22776337 0.38719468 -3.7279946e-09
v -0.22691282 0.38842161 -3.7279946e-09
v 0.49285105 0.032878535 -3.7279946e-09
v 0.39582213 -0.19594082 -3.7279946e-09
v 0.50077515 0.23464767 -3.7279946e-09
v 0.0064359287 0.064576498 -3.7279946e-09
v -0.28598976 0.24164552 -3.7279946e-09
v 0.24678877 -0.20076235 -3.7279946e-09
v -0.47149163 0.14693064 -3.7279946e-09
v 0.014781589 0.48412582 -3.7279946e-09
v 0.4712782 0.14634714 -3.7279946e-09
v -0.37119193 -0.29009006 -3.7279946e-09
v 0.35644451 -0.39933472 -3.7279946e-09
v -0.3942472 -0.10686228 -3.7279946e-09
v 0.47292884 -0.26384918 -3.7279946e-09
v -0.50627165 0.19224319 -3.7279946e-09
v -0.051690931 -0.55370584 -3.7279946e-09
v 0.36389129 0.18562488 -3.7279946e-09
v 0.26001487 -0.47201521 -3.7279946e-09
v -0.15900446 -0.060288949 -3.7279946e-09
v 0.17890459 -0.11824956 -3.7279946e-09
v 0.26899033 0.036999864 -3.7279946e-09
v 0.062038096 0.24698958 -3.7279946e-09
v -0.13480426 -0.27664948 -3.7279946e-09
v 0.13364251 -0.025513131 -3.7279946e-09
v 0.17068296 0.19889934 -3.7279946e-09
v -0.24485111 0.093357464 -3.7279946e-09
v -0.090432792 -0.38537477 -3.7279946e-09
v -0.05150831 0.054736614 -3.7279946e-09
v -0.43302449 -0.0057149379 -3.7279946e-09
v -0.12124698 0.28813558 -3.7279946e-09
v 0.10688646 0.19291921 -3.7279946e-09
v 0.34011585 -0.18252337 -3.7279946e-09
v 0.11398419 -0.31705218 -3.7279946e-09
v 0.2941767 0.31925898 -3.7279946e-09
v -0.33851253 0.20158031 -3.7279946e-09
v 0.3471179 -0.071479935 -3.7279946e-09
v -0.36771193 0.088819166 -3.7279946e-09
v 0.025665262 -0.17369615 -3.7279946e-09
v -0.31649075 -0.19713937 -3.7279946e-09
v 0.085123112 -0.41567916 -3.7279946e-09
v 0.11031495 0.47173765 -3.7279946e-09
v 0.44871393 -0.0036906398 -3.7279946e-09
v 0.39692291 0.35165978 -3.7279946e-09
v 0.41780291 0.16689806 -3.7279946e-09
v -0.046059849 0.37990875 -3.7279946e-09
v -0.46260449 -0.18382285 -3.7279946e-09
v 0.15609534 -0.53702497 -3.7279946e-09
v 0.27847359 -0.32045122 -3.7279946e-09
v -0.265524 0.34544624 -3.7279946e-09
v -0.010969675 -0.27876377 -3.7279946e-09
v -0.32462407 -0.25871644 -3.7279946e-09
v 0.2691659 0.47059587 -3.7279946e-09
v -0.15586615 -0.52226073 -3.7279946e-09
v 0.20228157 0.30231317 -3.7279946e-09
v -0.19385702 -0.015111611 -3.7279946e-09
v -0.27784593 0.055007339 -3.7279946e-09
v -0.036170131 -0.051607873 -3.7279946e-09
v -0.15667885 -0.21614585 -3.7279946e-09
v 0.19050108 -0.018693067 -3.7279946e-09
v 0.086758081 0.1331673 -3.7279946e-09
v -0.14266948 0.13891403 -3.7279946e-09
v 0.30452102 -0.01777134 -3.7279946e-09
v 0.23705949 0.09336167 -3.7279946e-09
v 0.0041953765 -0.10877786 -3.7279946e-09
v 0.3029934 -0.22526429 -3.7279946e-09
v -0.11144095 -0.33071459 -3.7279946e-09
v 0.095990174 0.30401006 -3.7279946e-09
v 0.040726723 -0.45430926 -3.7279946e-09
v -0.35432813 -0.15231781 -3.7279946e-09
v 0.4405375 0.32273583 -3.7279946e-09
v -0.33741491 -0.084864267 -3.7279946e-09
v -0.002750041 0.26661951 -3.7279946e-09
v -0.16864963 0.38587207 -3.7279946e-09
v -0.24141001 0.19253862 -3.7279946e-09
v -0.25946922 -0.1801494 -3.7279946e-09
v 0.099469438 -0.25723613 -3.7279946e-09
v 0.19180792 -0.17654744 -3.7279946e-09
v -0.21121917 -0.50854679 -3.7279946e-09
v 0.37649079 0.12672877 -3.7279946e-09
v -0.0070953414 -0.21649385 -3.7279946e-09
v 0.34905135 0.30434544 -3.7279946e-09
v -0.065785141 -0.4447503 -3.7279946e-09
v 0.15197507 -0.48676893 -3.7279946e-09
v 0.43935052 0.052036933 -3.7279946e-09
v -0.42265283 0.25117609 -3.7279946e-09
v -0.42326577 0.16426231 -3.7279946e-09
v -0.032225851 0.11165122 -3.7279946e-09
v 0.18062356 0.090101404 -3.7279946e-09
v -0.30494262 0.095368715 -3.7279946e-09
v 0.24424027 0.27572008 -3.7279946e-09
v -0.097614524 -0.053886485 -3.7279946e-09
v -0.18202502 -0.11448674 -3.7279946e-09
v -0.09077932 0.10058262 -3.7279946e-09
v 0.31189736 -0.12592974 -3.7279946e-09
v 0.04259562 0.015873741 -3.7279946e-09
v 0.32367784 0.041827497 -3.7279946e-09
v -0.061082094 0.27872907 -3.7279946e-09
v 0.22036285 -0.074188657 -3.7279946e-09
v 0.074278443 0.3660203 -3.7279946e-09
v 0.36968323 0.40397648 -3.7279946e-09
v -0.18785797 -0.26800415 -3.7279946e-09
v 0.26136482 -0.26164343 -3.7279946e-09
v -0.050607505 -0.3340043 -3.7279946e-09
v -0.0093733851 -0.43529122 -3.7279946e-09
v -0.23098578 0.48482707 -3.7279946e-09
v -0.17967944 0.19085644 -3.7279946e-09
v -0.40977472 -0.37861874 -3.7279946e-09
v 0.48779611 -0.15917057 -3.7279946e-09
v -0.16803038 0.037161248 -3.7279946e-09
v -0.18969574 0.089288388 -3.7279946e-09
v -0.11652322 0.19544668 -3.7279946e-09
v 0.020565643 -0.043069573 -3.7279946e-09
v 0.18683394 0.34861189 -3.7279946e-09
v -0.12360518 -0.10344768 -3.7279946e-09
v 0.14620205 0.14200608 -3.7279946e-09
v -0.14473751 0.33662008 -3.7279946e-09
v -0.38093909 0.021874691 -3.7279946e-09
v -0.29244616 0.18643022 -3.7279946e-09
v 0.1670442 -0.066725056 -3.7279946e-09
v 0.33946506 0.092844085 -3.7279946e-09
v -0.16960006 -0.32292402 -3.7279946e-09
v -0.27701641 -0.29117822 -3.7279946e-09
v -0.29920009 -0.13701317 -3.7279946e-09
v -0.53649403 0.0043364794 -3.7279946e-09
v 0.57914033 -0.1501846 -3.7279946e-09
v -0.10458094 -0.23829904 -3.7279946e-09
v -0.091499186 -0.14311526 -3.7279946e-09
v 0.16103989 -0.57705969 -3.7279946e-09
v 0.18933828 0.25211391 -3.7279946e-09
v -0.099502135 0.24304278 -3.7279946e-09
v 0.099851922 0.024835424 -3.7279946e-09
v -0.29949447 -0.042470718 -3.7279946e-09
v -0.5268005 0.12840043 -3.7279946e-09
v 0.057530602 -0.08328933 -3.7279946e-09
v -0.012807451 0.16725132 -3.7279946e-09
v -0.3375642 0.41951872 -3.7279946e-09
v 0.15298017 0.30093063 -3.7279946e-09
v -0.43981417 0.40667426 -3.7279946e-09
v -0.19018357 0.51943783 -3.7279946e-09
v -0.28940458 0.45579904 -3.7279946e-09
v -0.29349857 0.52307448 -3.7279946e-09
v -0.24896719 -0.02734544 -3.7279946e-09
v -0.23706895 0.54889377 -3.7279946e-09
v -0.38683196 -0.043939783 -3.7279946e-09
v 0.061262087 -0.55810683 -3.7279946e-09
v 0.53968701 -0.15435114 -3.7279946e-09
v 0.269208485 0.29748953 -3.7279946e-09
v 0.27083441 0.26593823 -3.7279946e-09
v 0.295802625 0.28770768 -3.7279946e-09
v -0.091164537 0.283432325 -3.7279946e-09
v -0.072044935 0.30560445 -3.7279946e-09
v -0.102127378 0.310307705 -3.7279946e-09
v -0.115767297 -0.0310101008 -3.7279946e-09
v -0.146462265 -0.0342113328 -3.7279946e-09
v -0.128309492 -0.057087717 -3.7279946e-09
v 0.150343355 -0.0461190935 -3.7279946e-09
v 0.17877264 -0.0427090615 -3.7279946e-09
v 0.162071795 -0.022103099 -3.7279946e-09
v -0.505475775 -0.25300651 -3.7279946e-09
v -0.49029572 -0.22534209 -3.7279946e-09
v -0.522983535 -0.23675144 -3.7279946e-09
v -0.535089415 -0.206419195 -3.7279946e-09
v -0.55026947 -0.234083615 -3.7279946e-09
v -0.54586007 -0.14702947 -3.7279946e-09
v -0.525968875 -0.12912219 -3.7279946e-09
v -0.560849305 -0.12532678 -3.7279946e-09
v -0.40844528 -0.409085035 -3.7279946e-09
v -0.38266174 -0.424522145 -3.7279946e-09
v -0.38399118 -0.39405585 -3.7279946e-09
v -0.18354266 -0.51540376 -3.7279946e-09
v -0.166891755 -0.496803635 -3.7279946e-09
v -0.194568265 -0.489946665 -3.7279946e-09
v -0.0770331655 -0.54599359 -3.7279946e-09
v -0.053950145 -0.53038248 -3.7279946e-09
v -0.0792923795 -0.52267023 -3.7279946e-09
v -0.229369845 -0.48935002 -3.7279946e-09
v -0.21271894 -0.470749895 -3.7279946e-09
v -0.396747855 -0.244109905 -3.7279946e-09
v -0.39603871 -0.27837003 -3.7279946e-09
v -0.371901075 -0.255829935 -3.7279946e-09
v -0.30608492 -0.47765365 -3.7279946e-09
v -0.3330586 -0.45941151 -3.7279946e-09
v -0.33494211 -0.49446594 -3.7279946e-09
v 0.044490222 -0.481486905 -3.7279946e-09
v 0.0720324765 -0.490255245 -3.7279946e-09
v 0.0682689775 -0.4630776 -3.7279946e-09
v -0.561667785 0.0780716435 -3.7279946e-09
v -0.52971855 0.09549167 -3.7279946e-09
v -0.558749735 0.1109804035 -3.7279946e-09
v -0.48771831 0.295751105 -3.7279946e-09
v -0.469801045 0.32299919 -3.7279946e-09
v -0.502290155 0.323255195 -3.7279946e-09
v -0.3144611 0.331526765 -3.7279946e-09
v -0.34245775 0.342325805 -3.7279946e-09
v -0.3342009 0.31227322 -3.7279946e-09
v -0.28225323 0.03164175215 -3.7279946e-09
v -0.30358058 0.0491730825 -3.7279946e-09
v -0.30798788 0.02580749565 -3.7279946e-09
v -0.291451575 0.48943676 -3.7279946e-09
v -0.32202458 0.503891375 -3.7279946e-09
v -0.319977585 0.470253655 -3.7279946e-09
v -0.119264855 0.457863905 -3.7279946e-09
v -0.134442805 0.481380715 -3.7279946e-09
v -0.15017356 0.45677785 -3.7279946e-09
v -0.264743885 0.417541645 -3.7279946e-09
v -0.25522961 0.394373885 -3.7279946e-09
v -0.236427095 0.41158937 -3.7279946e-09
v -0.564808195 -0.073428577 -3.7279946e-09
v -0.5675186 -0.0407623645 -3.7279946e-09
v -0.594579545 -0.0583333675 -3.7279946e-09
v 0.332148645 -0.419044035 -3.7279946e-09
v 0.340510635 -0.452914635 -3.7279946e-09
v 0.3648065 -0.43320532 -3.7279946e-09
v 0.56480609 -0.127528595 -3.7279946e-09
v 0.55941367 -0.15226787 -3.7279946e-09
v 0.58453275 -0.125445325 -3.7279946e-09
v 0.18179057 -0.36546255 -3.7279946e-09
v 0.15189148 -0.356148555 -3.7279946e-09
v 0.15941396 -0.384984715 -3.7279946e-09
v 0.41793117 -0.337133665 -3.7279946e-09
v 0.40769408 -0.307159405 -3.7279946e-09
v 0.38946351 -0.33001123 -3.7279946e-09
v 0.46258977 -0.235946625 -3.7279946e-09
v 0.489039345 -0.238736935 -3.7279946e-09
v 0.478700275 -0.21083438 -3.7279946e-09
v 0.48353758 -0.089936654 -3.7279946e-09
v 0.47608344 -0.064018752 -3.7279946e-09
v 0.46007597 -0.083459228 -3.7279946e-09
v 0.390870755 -0.4104355 -3.7279946e-09
v 0.399232745 -0.4443061 -3.7279946e-09
v 0.431171465 -0.07633096 -3.7279946e-09
v 0.438625605 -0.102248862 -3.7279946e-09
v 0.18622415 0.53693455 -3.7279946e-09
v 0.187249755 0.5056729 -3.7279946e-09
v 0.214331725 0.52849266 -3.7279946e-09
v 0.35485013 0.481157305 -3.7279946e-09
v 0.32434073 0.463715775 -3.7279946e-09
v 0.35120349 0.44494533 -3.7279946e-09
v 0.255884605 0.38187375 -3.7279946e-09
v 0.23438641 0.361709725 -3.7279946e-09
v 0.262507645 0.356388795 -3.7279946e-09
v 0.0319377785 0.56925755 -3.7279946e-09
v 0.003339223 0.567866605 -3.7279946e-09
v 0.0146397605 0.538807025 -3.7279946e-09
v 0.191906755 0.449148135 -3.7279946e-09
v 0.168966615 0.42925589 -3.7279946e-09
v 0.19584462 0.421072105 -3.7279946e-09
v -0.0949251475 0.561057995 -3.7279946e-09
v -0.061980008 0.56499744 -3.7279946e-09
v -0.0809202505 0.591973225 -3.7279946e-09
v 0.39714685 0.146813415 -3.7279946e-09
v 0.3908471 0.17626147 -3.7279946e-09
v 0.37019104 0.156176825 -3.7279946e-09
v 0.37569806 0.43318167 -3.7279946e-09
v 0.39741652 0.412268025 -3.7279946e-09
v 0.40343135 0.441473215 -3.7279946e-09
v 0.38330307 0.37781813 -3.7279946e-09
v 0.35367313 0.38413207 -3.7279946e-09
v 0.36729297 0.35797372 -3.7279946e-09
v 0.486126555 0.194719665 -3.7279946e-09
v 0.506314235 0.209290455 -3.7279946e-09
v 0.48058747 0.22007688 -3.7279946e-09
v 0.570456625 0.02444265225 -3.7279946e-09
v 0.570376725 -0.01226430325 -3.7279946e-09
v 0.59713014 0.0057131925 -3.7279946e-09
v 0.130018155 -0.53137181 -3.7279946e-09
v 0.154035205 -0.51189695 -3.7279946e-09
v 0.12795802 -0.50624379 -3.7279946e-09
v 0.111306956 0.05407431 -3.7279946e-09
v 0.093692584 0.0788367175 -3.7279946e-09
v 0.08223755 0.0495978315 -3.7279946e-09
v -0.17643074 -0.03770028 -3.7279946e-09
v -0.205581255 -0.043219707 -3.7279946e-09
v -0.188154975 -0.065808376 -3.7279946e-09
v -0.190426965 -0.344695045 -3.7279946e-09
v -0.181557695 -0.3718033 -3.7279946e-09
v -0.16073079 -0.350032275 -3.7279946e-09
v 0.23674408 -0.519925135 -3.7279946e-09
v 0.20827905 -0.532021025 -3.7279946e-09
v 0.23802306 -0.54794965 -3.7279946e-09
v -0.39540264 0.101086273 -3.7279946e-09
v -0.372494565 0.120188423 -3.7279946e-09
v -0.400185275 0.13245553 -3.7279946e-09
v -0.071143815 0.077659617 -3.7279946e-09
v -0.09970552 0.0722738705 -3.7279946e-09
v -0.080070015 0.0493508675 -3.7279946e-09
v 0.12511809 -0.0577454475 -3.7279946e-09
v 0.106400577 -0.029519757 -3.7279946e-09
v 0.097876157 -0.0617520735 -3.7279946e-09
v 0.16832791 -0.19651381 -3.7279946e-09
v 0.16143257 -0.165790455 -3.7279946e-09
v 0.13795256 -0.185756825 -3.7279946e-09
v -0.262174365 -0.0554015465 -3.7279946e-09
v -0.246343515 -0.077392728 -3.7279946e-09
v -0.23313634 -0.0493366215 -3.7279946e-09
v -0.489660175 -0.30515657 -3.7279946e-09
v -0.49187749 -0.3396501 -3.7279946e-09
v -0.473337815 -0.32991924 -3.7279946e-09
v -0.0415438395 0.30167657 -3.7279946e-09
v -0.0525066805 0.32855195 -3.7279946e-09
v -0.381849035 0.30852197 -3.7279946e-09
v -0.378404785 0.276824005 -3.7279946e-09
v -0.3587533 0.291374295 -3.7279946e-09
v 0.45940152 -0.15533416 -3.7279946e-09
v 0.47766311 -0.13427385 -3.7279946e-09
v 0.44926852 -0.13043744 -3.7279946e-09
v 0.283933825 -0.45538428 -3.7279946e-09
v 0.289545455 -0.489326895 -3.7279946e-09
v 0.31346441 -0.472695965 -3.7279946e-09
v -0.41492428 -0.35166924 -3.7279946e-09
v -0.387637295 -0.36479441 -3.7279946e-09
v -0.392786855 -0.33784491 -3.7279946e-09
v 0.450248385 0.295446215 -3.7279946e-09
v 0.42100692 0.30479543 -3.7279946e-09
v 0.430717805 0.277505815 -3.7279946e-09
v 0.369333655 -0.35065678 -3.7279946e-09
v 0.359096565 -0.32068252 -3.7279946e-09
v -0.164944635 -0.42596566 -3.7279946e-09
v -0.142103325 -0.40377094 -3.7279946e-09
v -0.17470283 -0.39933525 -3.7279946e-09
v 0.514909095 0.0507901785 -3.7279946e-09
v 0.51827713 0.01967184575 -3.7279946e-09
v 0.540335175 0.03758348925 -3.7279946e-09
v 0.0020726505 0.402556615 -3.7279946e-09
v 0.035059633 0.40269434 -3.7279946e-09
v 0.0214568285 0.430469685 -3.7279946e-09
v -0.48435764 -0.0008207435 -3.7279946e-09
v -0.459740585 -0.01826803345 -3.7279946e-09
v -0.457641545 0.01173235205 -3.7279946e-09
v -0.210913755 0.41203567 -3.7279946e-09
v -0.22042803 0.43520343 -3.7279946e-09
v 0.071696198 0.535454235 -3.7279946e-09
v 0.053945519 0.51509729 -3.7279946e-09
v 0.082403401 0.510353555 -3.7279946e-09
v -0.277744475 -0.491430665 -3.7279946e-09
v -0.275860965 -0.456376235 -3.7279946e-09
v 0.084462278 0.219954395 -3.7279946e-09
v 0.117366415 0.220635675 -3.7279946e-09
v 0.094942233 0.24767086 -3.7279946e-09
v 0.25802833 0.0086715605 -3.7279946e-09
v 0.24125967 0.036502308 -3.7279946e-09
v 0.23029767 0.0081740045 -3.7279946e-09
v 0.278190775 -0.129915445 -3.7279946e-09
v 0.29603445 -0.1005614855 -3.7279946e-09
v 0.262327865 -0.1045471905 -3.7279946e-09
v 0.406191165 -0.225550255 -3.7279946e-09
v 0.3777992 -0.218469875 -3.7279946e-09
v 0.388168235 -0.24807931 -3.7279946e-09
v -0.161759015 0.523816215 -3.7279946e-09
v -0.17776754 0.499866245 -3.7279946e-09
v -0.149342985 0.50424463 -3.7279946e-09
v -0.255187025 0.167139875 -3.7279946e-09
v -0.266928085 0.18948442 -3.7279946e-09
v -0.2807051 0.164085675 -3.7279946e-09
v 0.230763945 -0.461235095 -3.7279946e-09
v 0.204256545 -0.477225745 -3.7279946e-09
v 0.23350747 -0.48800586 -3.7279946e-09
v 0.17401156 -0.227504735 -3.7279946e-09
v 0.19749157 -0.207538365 -3.7279946e-09
v -0.213804995 0.290511135 -3.7279946e-09
v -0.230988415 0.266467595 -3.7279946e-09
v -0.19960586 0.26533896 -3.7279946e-09
v -0.48888164 0.169586915 -3.7279946e-09
v -0.461679815 0.17488892 -3.7279946e-09
v -0.479069825 0.197545195 -3.7279946e-09
v -0.22253233 -0.44584161 -3.7279946e-09
v -0.22724557 -0.414463785 -3.7279946e-09
v -0.25223376 -0.438775425 -3.7279946e-09
v -0.0430376115 -0.280745055 -3.7279946e-09
v -0.0322660655 -0.25349434 -3.7279946e-09
v -0.064334002 -0.255475625 -3.7279946e-09
v -0.299636935 -0.24640292 -3.7279946e-09
v -0.30082024 -0.27494733 -3.7279946e-09
v -0.275833105 -0.26263381 -3.7279946e-09
v 0.2142944 0.230957925 -3.7279946e-09
v 0.18001062 0.225506625 -3.7279946e-09
v 0.20496674 0.20435064 -3.7279946e-09
v -0.48030465 0.059041984 -3.7279946e-09
v -0.50549365 0.075743618 -3.7279946e-09
v -0.5074476 0.045881276 -3.7279946e-09
v -0.0275328445 0.45712165 -3.7279946e-09
v 0.0016257175 0.45722889 -3.7279946e-09
v -0.014376973 0.48401858 -3.7279946e-09
v 0.41103636 0.386109675 -3.7279946e-09
v 0.430921245 0.36427294 -3.7279946e-09
v 0.445034695 0.398722835 -3.7279946e-09
v 0.0775639945 -0.38654704 -3.7279946e-09
v 0.0492002075 -0.37772035 -3.7279946e-09
v 0.056759325 -0.40685247 -3.7279946e-09
v 0.24223113 -0.386330985 -3.7279946e-09
v 0.21203661 -0.375791105 -3.7279946e-09
v 0.21950757 -0.40483859 -3.7279946e-09
v 0.487436025 -0.294414305 -3.7279946e-09
v 0.45454529 -0.28906551 -3.7279946e-09
v 0.469052475 -0.319630635 -3.7279946e-09
v 0.5679076 -0.076938332 -3.7279946e-09
v 0.593487705 -0.0658499065 -3.7279946e-09
v 0.571470135 -0.0420821885 -3.7279946e-09
v 0.56318437 0.199973835 -3.7279946e-09
v 0.532309095 0.20765086 -3.7279946e-09
v 0.542728595 0.176256215 -3.7279946e-09
v -0.303132175 0.380952755 -3.7279946e-09
v -0.3105553 0.40992244 -3.7279946e-09
v -0.330141075 0.390549035 -3.7279946e-09
v -0.101218901 -0.214353275 -3.7279946e-09
v -0.079071698 -0.233261975 -3.7279946e-09
v -0.075709659 -0.20931621 -3.7279946e-09
v -0.3183075 -0.1109387185 -3.7279946e-09
v -0.34587152 -0.1185910385 -3.7279946e-09
v -0.32676411 -0.14466549 -3.7279946e-09
v 0.465838995 0.175926615 -3.7279946e-09
v 0.43910135 0.186202075 -3.7279946e-09
v 0.444540555 0.1566226 -3.7279946e-09
v 0.222052385 0.12132 -3.7279946e-09
v 0.251199225 0.121869335 -3.7279946e-09
v 0.23619212 0.149827665 -3.7279946e-09
v -0.0645338125 0.35619429 -3.7279946e-09
v -0.0769799095 0.38174653 -3.7279946e-09
v -0.095453873 0.35803207 -3.7279946e-09
v -0.26134852 0.0741824015 -3.7279946e-09
v -0.253253055 0.044599143 -3.7279946e-09
v -0.236755645 0.0637742055 -3.7279946e-09
v -0.357894865 0.176568995 -3.7279946e-09
v -0.35213499 0.14712094 -3.7279946e-09
v -0.332752655 0.172132255 -3.7279946e-09
v 0.32950763 -0.0987048375 -3.7279946e-09
v 0.342077685 -0.130831705 -3.7279946e-09
v 0.359687955 -0.1036068025 -3.7279946e-09
v 0.061436192 -0.327797595 -3.7279946e-09
v 0.03120636315 -0.31964588 -3.7279946e-09
v 0.03977504815 -0.349263205 -3.7279946e-09
v 0.35267486 -0.03773062735 -3.7279946e-09
v 0.37400379 -0.0554890195 -3.7279946e-09
v 0.37956075 -0.02173971185 -3.7279946e-09
v 0.53559617 -0.080778157 -3.7279946e-09
v 0.52271754 -0.061833396 -3.7279946e-09
v 0.51242368 -0.089440939 -3.7279946e-09
v 0.294929995 0.449049835 -3.7279946e-09
v 0.298576635 0.48526181 -3.7279946e-09
v -0.147696035 -0.552404255 -3.7279946e-09
v -0.12095066 -0.56041456 -3.7279946e-09
v -0.129120775 -0.530271035 -3.7279946e-09
v -0.135526025 -0.50304398 -3.7279946e-09
v -0.10878065 -0.511054285 -3.7279946e-09
v 0.1231255 0.55522768 -3.7279946e-09
v 0.111556026 0.58656503 -3.7279946e-09
v 0.088584606 0.56204785 -3.7279946e-09
v -0.486792065 -0.167323865 -3.7279946e-09
v -0.50939156 -0.17995595 -3.7279946e-09
v -0.485203985 -0.196454935 -3.7279946e-09
v -0.420479665 -0.29568487 -3.7279946e-09
v -0.446002995 -0.281037855 -3.7279946e-09
v -0.44559717 -0.310072725 -3.7279946e-09
v -0.1801331 0.457972195 -3.7279946e-09
v -0.16495515 0.434455385 -3.7279946e-09
v 0.53204573 -0.213061685 -3.7279946e-09
v 0.54931431 -0.18342491 -3.7279946e-09
v 0.52241843 -0.183987915 -3.7279946e-09
v 0.49446436 0.27349961 -3.7279946e-09
v 0.48036721 0.251402135 -3.7279946e-09
v 0.5148723 0.256745145 -3.7279946e-09
v -0.437260415 0.227011645 -3.7279946e-09
v -0.422286425 0.205367835 -3.7279946e-09
v -0.40767884 0.22953228 -3.7279946e-09
v 0.119218281 -0.45213978 -3.7279946e-09
v 0.113874221 -0.42405639 -3.7279946e-09
v 0.090467172 -0.44376255 -3.7279946e-09
v -0.442664925 -0.371515755 -3.7279946e-09
v -0.45952663 -0.38271168 -3.7279946e-09
v -0.426636425 -0.389814665 -3.7279946e-09
v 0.563136005 0.087014561 -3.7279946e-09
v 0.56708859 0.055560985 -3.7279946e-09
v 0.593257455 0.073873724 -3.7279946e-09
v 0.330925915 0.1182398825 -3.7279946e-09
v 0.357977925 0.1097864275 -3.7279946e-09
v 0.34943878 0.135182225 -3.7279946e-09
v -0.287290815 -0.1102354115 -3.7279946e-09
v -0.306398225 -0.08416096 -3.7279946e-09
v -0.566413625 -0.09920954 -3.7279946e-09
v -0.58630482 -0.11711682 -3.7279946e-09
v 0.0823793805 0.45117253 -3.7279946e-09
v 0.087483836 0.48086713 -3.7279946e-09
v 0.0595482665 0.46030201 -3.7279946e-09
v -0.0325382625 -0.57575758 -3.7279946e-09
v -0.00383397705 -0.571380245 -3.7279946e-09
v -0.02298664555 -0.549328505 -3.7279946e-09
v -0.06099725 -0.47590471 -3.7279946e-09
v -0.03231298245 -0.49610238 -3.7279946e-09
v -0.03710087345 -0.46494797 -3.7279946e-09
v -0.39878907 -0.21930676 -3.7279946e-09
v -0.38990561 -0.19458667 -3.7279946e-09
v -0.41608446 -0.19232362 -3.7279946e-09
v -0.238759015 -0.20017885 -3.7279946e-09
v -0.26705951 -0.2071194 -3.7279946e-09
v -0.246349305 -0.22714885 -3.7279946e-09
v -0.01289496115 0.088113859 -3.7279946e-09
v -0.0418670805 0.083193917 -3.7279946e-09
v -0.02253619065 0.059656556 -3.7279946e-09
v -0.0317649875 0.19208601 -3.7279946e-09
v -0.0627359355 0.18653168 -3.7279946e-09
v -0.043778399 0.16169699 -3.7279946e-09
v -0.400271485 0.157909995 -3.7279946e-09
v -0.42317956 0.138807845 -3.7279946e-09
v 0.20451413 -0.346954945 -3.7279946e-09
v -0.24621841 0.366933925 -3.7279946e-09
v -0.23565435 0.34211974 -3.7279946e-09
v -0.21634876 0.363607425 -3.7279946e-09
v -0.28647549 0.4280626 -3.7279946e-09
v -0.267672975 0.445278085 -3.7279946e-09
v 0.42263706 0.137021055 -3.7279946e-09
v 0.449374705 0.126745595 -3.7279946e-09
v 0.45272854 0.349810965 -3.7279946e-09
v 0.469702215 0.32674729 -3.7279946e-09
v 0.481893255 0.353822425 -3.7279946e-09
v 0.23242352 -0.1040449035 -3.7279946e-09
v 0.19963372 -0.0962191085 -3.7279946e-09
v 0.21169439 -0.126075355 -3.7279946e-09
v 0.15183576 -0.24693018 -3.7279946e-09
v 0.18099942 -0.257954735 -3.7279946e-09
v -0.15669357 0.361246075 -3.7279946e-09
v -0.187217165 0.362332655 -3.7279946e-09
v -0.175261105 0.33770666 -3.7279946e-09
v -0.35512716 0.0326067585 -3.7279946e-09
v -0.36007223 0.002458131 -3.7279946e-09
v -0.3342603 0.0131901985 -3.7279946e-09
v 0.499042505 -0.0463946025 -3.7279946e-09
v 0.522214995 -0.0377318205 -3.7279946e-09
v -0.280574205 -0.42499841 -3.7279946e-09
v -0.447814485 -0.344566255 -3.7279946e-09
v -0.504642045 -0.279920785 -3.7279946e-09
v -0.47195423 -0.268511435 -3.7279946e-09
v -0.20649121 -0.535656095 -3.7279946e-09
v -0.237524715 -0.52302454 -3.7279946e-09
v -0.232796755 -0.550133845 -3.7279946e-09
v 0.044976949 0.370400785 -3.7279946e-09
v 0.0268293805 0.343898115 -3.7279946e-09
v 0.0561308745 0.33951763 -3.7279946e-09
v 0.217071045 0.46909768 -3.7279946e-09
v 0.19019304 0.477281465 -3.7279946e-09
v 0.352493505 0.051781716 -3.7279946e-09
v 0.34095483 0.01892308865 -3.7279946e-09
v 0.369770495 0.02887730765 -3.7279946e-09
v -0.02827666575 -0.10606777 -3.7279946e-09
v -0.01598737725 -0.0801928665 -3.7279946e-09
v -0.0484594195 -0.0774827765 -3.7279946e-09
v 0.020948916 -0.28847202 -3.7279946e-09
v -0.00071222785 -0.30993763 -3.7279946e-09
v -0.31934992 -0.0297145735 -3.7279946e-09
v -0.2930775 -0.01709727635 -3.7279946e-09
v -0.31293295 -0.00434113185 -3.7279946e-09
v -0.42244466 -0.11749941 -3.7279946e-09
v -0.41677783 -0.0873511515 -3.7279946e-09
v -0.44497529 -0.0979882815 -3.7279946e-09
v -0.14810133 0.19315156 -3.7279946e-09
v -0.135570175 0.21807509 -3.7279946e-09
v -0.167148285 0.21577997 -3.7279946e-09
v -0.0319160675 0.27267429 -3.7279946e-09
v -0.055902309 0.247824885 -3.7279946e-09
v -0.0267362825 0.241770105 -3.7279946e-09
v 0.274891085 -0.21301332 -3.7279946e-09
v 0.29547933 -0.198816815 -3.7279946e-09
v 0.267377015 -0.186565845 -3.7279946e-09
v 0.188627035 -0.288045695 -3.7279946e-09
v 0.166545855 -0.307003285 -3.7279946e-09
v 0.19634927 -0.3176688 -3.7279946e-09
v 0.369501345 -0.27051795 -3.7279946e-09
v 0.39789331 -0.27759833 -3.7279946e-09
v 0.503813575 -0.26795579 -3.7279946e-09
v 0.51992408 -0.242843545 -3.7279946e-09
v 0.01567666895 -0.44480024 -3.7279946e-09
v -0.0088949955 -0.46021843 -3.7279946e-09
v 0.01615505855 -0.46972745 -3.7279946e-09
v 0.12371452 0.384828595 -3.7279946e-09
v 0.15211805 0.378574055 -3.7279946e-09
v 0.14450095 0.4074344 -3.7279946e-09
v 0.28519073 0.17450465 -3.7279946e-09
v 0.27214651 0.20421712 -3.7279946e-09
v 0.25229474 0.18008947 -3.7279946e-09
v -0.030966953 0.566664375 -3.7279946e-09
v -0.013668935 0.5971149 -3.7279946e-09
v 0.0290099525 0.512161895 -3.7279946e-09
v 0.0397171555 0.487061215 -3.7279946e-09
v -0.453377235 0.249333585 -3.7279946e-09
v -0.438941015 0.273335595 -3.7279946e-09
v -0.46966542 0.27149309 -3.7279946e-09
v -0.284505235 -0.39444117 -3.7279946e-09
v -0.30813244 -0.41204198 -3.7279946e-09
v -0.40880537 0.39448848 -3.7279946e-09
v -0.388282305 0.41406585 -3.7279946e-09
v -0.419291105 0.42625163 -3.7279946e-09
v -0.37400695 0.2337824 -3.7279946e-09
v -0.38898094 0.25542621 -3.7279946e-09
v -0.1536462 0.550366195 -3.7279946e-09
v -0.123599925 0.55811419 -3.7279946e-09
v -0.143911665 0.580285785 -3.7279946e-09
v -0.05976022 0.508996775 -3.7279946e-09
v -0.028747165 0.51066371 -3.7279946e-09
v -0.04497185 0.535749145 -3.7279946e-09
v 0.434811275 0.24779492 -3.7279946e-09
v 0.40556981 0.257144135 -3.7279946e-09
v 0.38404007 -0.165837245 -3.7279946e-09
v 0.41341453 -0.173719285 -3.7279946e-09
v 0.40163247 -0.14361571 -3.7279946e-09
v -0.56689199 -0.0106653378 -3.7279946e-09
v -0.567233155 0.0210707372 -3.7279946e-09
v -0.597631115 0.00606892 -3.7279946e-09
v -0.511475355 -0.0132423248 -3.7279946e-09
v -0.53712064 -0.0257605473 -3.7279946e-09
v -0.512101965 -0.0433393515 -3.7279946e-09
v -0.113173331 -0.587130135 -3.7279946e-09
v -0.094598071 -0.564996915 -3.7279946e-09
v -0.123765515 -0.45711429 -3.7279946e-09
v -0.155131245 -0.450873945 -3.7279946e-09
v -0.14655163 -0.477586885 -3.7279946e-09
v -0.571557925 -0.173492715 -3.7279946e-09
v -0.536677495 -0.177288125 -3.7279946e-09
v -0.18773075 -0.446438255 -3.7279946e-09
v 0.15261955 0.546929825 -3.7279946e-09
v 0.17970152 0.569749585 -3.7279946e-09
v -0.52318172 -0.289651645 -3.7279946e-09
v -0.17886306 0.063224818 -3.7279946e-09
v -0.20917796 0.0617396675 -3.7279946e-09
v -0.19834528 0.0356760975 -3.7279946e-09
v -0.1528151 -0.10896721 -3.7279946e-09
v -0.14130482 -0.0818683145 -3.7279946e-09
v -0.17051474 -0.0873878445 -3.7279946e-09
v 0.123825445 -0.122505617 -3.7279946e-09
v 0.154980905 -0.136641515 -3.7279946e-09
v 0.14774913 -0.104113662 -3.7279946e-09
v -0.02053114285 -0.337557895 -3.7279946e-09
v -0.0409354705 -0.3615946 -3.7279946e-09
v -0.01085910835 -0.365148195 -3.7279946e-09
v -0.2122616 -0.266543815 -3.7279946e-09
v -0.20295339 -0.244106225 -3.7279946e-09
v -0.22735702 -0.24264589 -3.7279946e-09
v 0.18886412 0.174088835 -3.7279946e-09
v 0.2231479 0.179540135 -3.7279946e-09
v 0.050010701 0.28000227 -3.7279946e-09
v 0.079014135 0.27549982 -3.7279946e-09
v 0.06698674 0.30851251 -3.7279946e-09
v -0.185703205 0.24099946 -3.7279946e-09
v -0.168519785 0.265043 -3.7279946e-09
v 0.504611555 0.107445417 -3.7279946e-09
v 0.50996455 0.079103763 -3.7279946e-09
v 0.531614145 0.097043476 -3.7279946e-09
v 0.0924948765 -0.226472825 -3.7279946e-09
v 0.122158669 -0.236858155 -3.7279946e-09
v 0.1151841075 -0.20609485 -3.7279946e-09
v 0.01493031925 -0.141237005 -3.7279946e-09
v -0.01682862275 -0.136315595 -3.7279946e-09
v -0.00609368 -0.16877474 -3.7279946e-09
v -0.434902745 -0.17571319 -3.7279946e-09
v -0.42892156 -0.147870035 -3.7279946e-09
v -0.456623305 -0.155979695 -3.7279946e-09
v -0.4715831 -0.109599706 -3.7279946e-09
v -0.46591627 -0.0794514475 -3.7279946e-09
v 0.43091704 -0.369932405 -3.7279946e-09
v 0.4124988 -0.390760885 -3.7279946e-09
v 0.44371524 -0.4007078 -3.7279946e-09
v 0.225607555 -0.432916725 -3.7279946e-09
v 0.195413035 -0.422376845 -3.7279946e-09
v 0.290860185 -0.27205767 -3.7279946e-09
v 0.269919205 -0.291047325 -3.7279946e-09
v 0.29941457 -0.301461565 -3.7279946e-09
v 0.55778301 0.115356215 -3.7279946e-09
v 0.444032225 0.0241731466 -3.7279946e-09
v 0.42188113 0.0329473985 -3.7279946e-09
v 0.426562835 0.0050836121 -3.7279946e-09
v -0.44729249 0.13014201 -3.7279946e-09
v -0.474921165 0.117917483 -3.7279946e-09
v -0.450722025 0.101128853 -3.7279946e-09
v -0.55421575 0.135547575 -3.7279946e-09
v -0.547236825 0.158145495 -3.7279946e-09
v -0.574652075 0.16529264 -3.7279946e-09
v -0.0897595025 0.50827449 -3.7279946e-09
v -0.0735348175 0.483189055 -3.7279946e-09
v 0.000411397 0.51077095 -3.7279946e-09
v -0.42859196 0.37384556 -3.7279946e-09
v -0.46209353 0.37858877 -3.7279946e-09
v -0.45087132 0.34576007 -3.7279946e-09
v 0.420364015 -0.123309172 -3.7279946e-09
v 0.424036415 -0.201992445 -3.7279946e-09
v 0.441628815 -0.17977091 -3.7279946e-09
v 0.12964813 0.522412645 -3.7279946e-09
v 0.0346127 0.457366615 -3.7279946e-09
v -0.316322005 -0.351080475 -3.7279946e-09
v -0.343040205 -0.335823145 -3.7279946e-09
v -0.33878167 -0.36622741 -3.7279946e-09
v -0.348617145 -0.240143125 -3.7279946e-09
v -0.347908 -0.27440325 -3.7279946e-09
v 0.302349965 0.40202831 -3.7279946e-09
v 0.310834435 0.37042024 -3.7279946e-09
v 0.32917856 0.39589573 -3.7279946e-09
v -0.02524585955 -0.526005145 -3.7279946e-09
v -0.001349483 -0.515048405 -3.7279946e-09
v -0.198168645 0.482560865 -3.7279946e-09
v -0.212950235 0.4602384 -3.7279946e-09
v 0.424801805 -0.0215943719 -3.7279946e-09
v 0.40265071 -0.01282012 -3.7279946e-09
v 0.54479662 -0.02335272875 -3.7279946e-09
v -0.425306985 -0.42028096 -3.7279946e-09
v -0.331204525 -0.42604609 -3.7279946e-09
v -0.335135555 -0.39548885 -3.7279946e-09
v -0.51445859 0.247486875 -3.7279946e-09
v -0.50215453 0.271749095 -3.7279946e-09
v -0.53251148 0.27174489 -3.7279946e-09
v -0.357680385 0.40091071 -3.7279946e-09
v -0.36816612 0.43267386 -3.7279946e-09
v -0.178464595 -0.192826695 -3.7279946e-09
v -0.209149575 -0.19485792 -3.7279946e-09
v -0.18736383 -0.218177075 -3.7279946e-09
v -0.204399005 -0.39399802 -3.7279946e-09
v 0.149264665 0.22362574 -3.7279946e-09
v 0.158592325 0.250233025 -3.7279946e-09
v 0.38132178 0.00493827215 -3.7279946e-09
v 0.3784195 -0.0833002645 -3.7279946e-09
v 0.40530539 -0.067309349 -3.7279946e-09
v 0.0315806315 -0.013597916 -3.7279946e-09
v 0.0498621435 -0.038297978 -3.7279946e-09
v 0.060877132 -0.008826321 -3.7279946e-09
v 0.067678324 0.15695851 -3.7279946e-09
v 0.0968222705 0.163043255 -3.7279946e-09
v 0.0777425135 0.186834465 -3.7279946e-09
v -0.062459796 0.02667227545 -3.7279946e-09
v -0.044267912 0.0025953072 -3.7279946e-09
v -0.033316426 0.03065964575 -3.7279946e-09
v -0.094678024 -0.166761385 -3.7279946e-09
v -0.117926473 -0.150064745 -3.7279946e-09
v -0.121105311 -0.17371087 -3.7279946e-09
v -0.003165065 0.34970267 -3.7279946e-09
v -0.015192197 0.37734501 -3.7279946e-09
v -0.034032717 0.35226641 -3.7279946e-09
v -0.163579975 0.31300129 -3.7279946e-09
v -0.15183471 0.28875904 -3.7279946e-09
v -0.132992245 0.31237783 -3.7279946e-09
v 0.1082887675 -0.175371495 -3.7279946e-09
v 0.23227002 -0.25008636 -3.7279946e-09
v 0.210802835 -0.26862025 -3.7279946e-09
v 0.239897635 -0.28017732 -3.7279946e-09
v -0.45429349 0.0427127415 -3.7279946e-09
v -0.45233954 0.0725750835 -3.7279946e-09
v -0.37432551 0.0553469285 -3.7279946e-09
v -0.397020155 0.0725325035 -3.7279946e-09
v -0.403633735 0.039060266 -3.7279946e-09
v 0.0629249175 -0.43499421 -3.7279946e-09
v 0.01897037865 -0.369568635 -3.7279946e-09
v -0.19823436 0.21607593 -3.7279946e-09
v -0.263699885 0.21709207 -3.7279946e-09
v -0.229099645 0.21691702 -3.7279946e-09
v -0.25138952 0.24147047 -3.7279946e-09
v 0.359168585 0.214524125 -3.7279946e-09
v 0.386777285 0.20652906 -3.7279946e-09
v 0.38205458 0.235428305 -3.7279946e-09
v 0.46017953 0.236831345 -3.7279946e-09
v 0.32966113 -0.31189999 -3.7279946e-09
v 0.349790985 -0.29125444 -3.7279946e-09
v 0.25485848 -0.44369684 -3.7279946e-09
v 0.181547705 -0.52051074 -3.7279946e-09
v 0.182826685 -0.548535255 -3.7279946e-09
v -0.363469175 -0.18694381 -3.7279946e-09
v -0.380764565 -0.15996067 -3.7279946e-09
v -0.443786205 -0.20043328 -3.7279946e-09
v -0.467696225 -0.212710005 -3.7279946e-09
v -0.44887794 -0.229320435 -3.7279946e-09
v -0.412076675 0.272573885 -3.7279946e-09
v -0.33075665 0.280575255 -3.7279946e-09
v -0.289742585 -0.364851185 -3.7279946e-09
v -0.26218435 -0.377807615 -3.7279946e-09
v -0.395632885 -0.3074049 -3.7279946e-09
v -0.3683459 -0.32053007 -3.7279946e-09
v -0.446836725 -0.25412358 -3.7279946e-09
v -0.422926705 -0.241846855 -3.7279946e-09
v 0.54993251 0.14698216 -3.7279946e-09
v 0.519057235 0.154659185 -3.7279946e-09
v 0.455216585 0.098324877 -3.7279946e-09
v 0.47712008 0.117926422 -3.7279946e-09
v -0.238463575 0.4597921 -3.7279946e-09
v 0.060126724 0.566791585 -3.7279946e-09
v 0.0488261865 0.595851165 -3.7279946e-09
v 0.55761374 -0.104545875 -3.7279946e-09
v 0.24277363 0.431286065 -3.7279946e-09
v 0.223274065 0.414079515 -3.7279946e-09
v 0.247262935 0.40440123 -3.7279946e-09
v 0.2970222 0.517843965 -3.7279946e-09
v 0.267611465 0.503178025 -3.7279946e-09
v -0.586164985 0.1181275485 -3.7279946e-09
v -0.556244345 0.217686615 -3.7279946e-09
v -0.5369724 0.190066875 -3.7279946e-09
v -0.525543595 0.21986293 -3.7279946e-09
v -0.499146065 0.137665535 -3.7279946e-09
v -0.516536075 0.16032181 -3.7279946e-09
v 0.134728565 0.49292622 -3.7279946e-09
v 0.13767185 0.464534785 -3.7279946e-09
v 0.162085465 0.485723355 -3.7279946e-09
v -0.384515815 -0.457887565 -3.7279946e-09
v -0.360061715 -0.44285838 -3.7279946e-09
v -0.00434430665 0.03557958775 -3.7279946e-09
v 0.013735539 0.01122820925 -3.7279946e-09
v 0.02451577435 0.0402251195 -3.7279946e-09
v -0.13833105 0.0405631845 -3.7279946e-09
v -0.150975225 0.0145137657 -3.7279946e-09
v -0.121275895 0.0179157022 -3.7279946e-09
v 0.185144935 0.034143215 -3.7279946e-09
v 0.17363097 0.0067943055 -3.7279946e-09
v 0.202015045 0.0086558425 -3.7279946e-09
v 0.293862865 0.14700634 -3.7279946e-09
v 0.313714635 0.17113399 -3.7279946e-09
v -0.257660355 0.02123355615 -3.7279946e-09
v -0.21102993 -0.120490005 -3.7279946e-09
v -0.22014259 -0.148000405 -3.7279946e-09
v -0.19113768 -0.14199714 -3.7279946e-09
v -0.089843244 -0.26051269 -3.7279946e-09
v -0.100936871 -0.35804468 -3.7279946e-09
v -0.131651235 -0.35392756 -3.7279946e-09
v -0.121147156 -0.38125765 -3.7279946e-09
v 0.13878471 0.195909275 -3.7279946e-09
v 0.126544255 0.167462645 -3.7279946e-09
v 0.158442505 0.17045271 -3.7279946e-09
v 0.0756906295 0.1037637695 -3.7279946e-09
v 0.1047600355 0.108240248 -3.7279946e-09
v 0.107318991 -0.39567494 -3.7279946e-09
v 0.1360701 -0.40405217 -3.7279946e-09
v -0.001433949 -0.39360534 -3.7279946e-09
v 0.24563648 -0.16733175 -3.7279946e-09
v 0.266224725 -0.153135245 -3.7279946e-09
v 0.331384835 -0.23313161 -3.7279946e-09
v 0.311674475 -0.2538681 -3.7279946e-09
v 0.34006591 -0.26173542 -3.7279946e-09
v 0.0079888605 0.318819515 -3.7279946e-09
v -0.0287950015 0.405120355 -3.7279946e-09
v 0.200333925 0.39418727 -3.7279946e-09
v -0.50175186 -0.120943876 -3.7279946e-09
v -0.516741095 -0.099241186 -3.7279946e-09
v -0.315479345 0.194005265 -3.7279946e-09
v -0.28921796 0.21403787 -3.7279946e-09
v -0.312251145 0.221612915 -3.7279946e-09
v -0.23908283 0.141783185 -3.7279946e-09
v -0.225305815 0.16718193 -3.7279946e-09
v 0.34313903 0.16463028 -3.7279946e-09
v 0.334466895 0.19212859 -3.7279946e-09
v -0.255355775 0.318543005 -3.7279946e-09
v -0.225486125 0.315216505 -3.7279946e-09
v -0.197781225 0.38714684 -3.7279946e-09
v -0.436166475 -0.03677748045 -3.7279946e-09
v -0.46288257 -0.049330576 -3.7279946e-09
v -0.234100435 -0.386931835 -3.7279946e-09
v -0.239337785 -0.35734185 -3.7279946e-09
v -0.25074241 -0.30183322 -3.7279946e-09
v -0.23056682 -0.28878585 -3.7279946e-09
v -0.25684082 -0.27813085 -3.7279946e-09
v -0.050103168 -0.594760905 -3.7279946e-09
v -0.0692558365 -0.572709165 -3.7279946e-09
v 0.26325148 -0.503934485 -3.7279946e-09
v 0.27267377 -0.397374465 -3.7279946e-09
v 0.26520281 -0.36832698 -3.7279946e-09
v -0.049300665 -0.133605505 -3.7279946e-09
v 0.0776277065 -0.16528633 -3.7279946e-09
v 0.100396159 -0.144948305 -3.7279946e-09
v 0.49641621 -0.108881415 -3.7279946e-09
v 0.470023405 -0.18360732 -3.7279946e-09
v 0.49647298 -0.18639763 -3.7279946e-09
v 0.54681996 -0.24228054 -3.7279946e-09
v 0.129146529 -0.267308155 -3.7279946e-09
v 0.401981 0.11693641 -3.7279946e-09
v 0.49156576 0.16514019 -3.7279946e-09
v 0.498769675 0.135866135 -3.7279946e-09
v 0.482038345 -0.352429375 -3.7279946e-09
v 0.44914761 -0.34708058 -3.7279946e-09
v 0.42636097 -0.284720765 -3.7279946e-09
v -0.515135665 -0.073460223 -3.7279946e-09
v -0.48949038 -0.0609420005 -3.7279946e-09
v 0.351748615 0.273884405 -3.7279946e-09
v 0.32323995 0.28025091 -3.7279946e-09
v 0.325937215 0.249789875 -3.7279946e-09
v 0.34518866 0.41574014 -3.7279946e-09
v -0.322602305 -0.289696325 -3.7279946e-09
v -0.345886235 -0.305383135 -3.7279946e-09
v -0.361853755 -0.38023152 -3.7279946e-09
v -0.38978365 0.33204456 -3.7279946e-09
v -0.409435135 0.31749427 -3.7279946e-09
v -0.42836486 0.29473339 -3.7279946e-09
v 0.0822960035 -0.57347981 -3.7279946e-09
v 0.055369743 -0.57803167 -3.7279946e-09
v 0.0764036595 -0.59340465 -3.7279946e-09
v 0.521121585 -0.00791393525 -3.7279946e-09
v -0.0586341615 0.45806209 -3.7279946e-09
v -0.088633444 0.457339805 -3.7279946e-09
v -0.1046596825 0.531138405 -3.7279946e-09
v -0.11843428 0.505330685 -3.7279946e-09
v -0.32055741 -0.227927905 -3.7279946e-09
v -0.344550485 -0.20935459 -3.7279946e-09
v -0.424710865 0.0847996105 -3.7279946e-09
v -0.5025756 0.108652378 -3.7279946e-09
v -0.210584675 0.50213245 -3.7279946e-09
v -0.21362626 0.5341658 -3.7279946e-09
v -0.234027365 0.51686042 -3.7279946e-09
v -0.285899345 -0.525105185 -3.7279946e-09
v -0.25567539 -0.50382777 -3.7279946e-09
v 0.392860455 0.0377968995 -3.7279946e-09
v 0.26391594 0.09335799 -3.7279946e-09
v 0.278055675 0.121865655 -3.7279946e-09
v -0.255657515 -0.24958644 -3.7279946e-09
v -0.16318939 -0.135750485 -3.7279946e-09
v -0.13397947 -0.130230955 -3.7279946e-09
v -0.1809437 0.0110248185 -3.7279946e-09
v -0.163888545 -0.0116226638 -3.7279946e-09
v -0.16618261 0.114101209 -3.7279946e-09
v -0.1649173 0.086704777 -3.7279946e-09
v -0.14140417 0.111517598 -3.7279946e-09
v 0.185356255 -0.1473985 -3.7279946e-09
v 0.218146055 -0.155224295 -3.7279946e-09
v 0.286755675 0.009614262 -3.7279946e-09
v 0.275793675 -0.0187140415 -3.7279946e-09
v 0.0471020095 -0.268023075 -3.7279946e-09
v 0.0151834185 -0.258314825 -3.7279946e-09
v -0.045707539 -0.19603912 -3.7279946e-09
v -0.0303288987 -0.22235938 -3.7279946e-09
v -0.0224739817 -0.19017359 -3.7279946e-09
v -0.11545909 0.092351893 -3.7279946e-09
v -0.12438529 0.0640431435 -3.7279946e-09
v 0.0951879315 0.38985462 -3.7279946e-09
v 0.1028050315 0.360994275 -3.7279946e-09
v 0.17986921 0.374895875 -3.7279946e-09
v 0.207298655 0.367903285 -3.7279946e-09
v 0.128306391 0.028558551 -3.7279946e-09
v 0.116747216 -0.0003388535 -3.7279946e-09
v 0.145201685 0.0033842735 -3.7279946e-09
v 0.087062136 -0.086633547 -3.7279946e-09
v 0.06363285 -0.109076235 -3.7279946e-09
v 0.093164384 -0.112420452 -3.7279946e-09
v -0.03078859 -0.306384035 -3.7279946e-09
v -0.0485242885 -0.4169676 -3.7279946e-09
v -0.03757926305 -0.44002076 -3.7279946e-09
v -0.02031841055 -0.41223806 -3.7279946e-09
v 0.017895558 0.17400052 -3.7279946e-09
v 0.007344272 0.144747495 -3.7279946e-09
v 0.038047281 0.151496695 -3.7279946e-09
v 0.0553183315 0.21386965 -3.7279946e-09
v 0.0358331653 0.23190888 -3.7279946e-09
v 0.0291134008 0.19878895 -3.7279946e-09
v 0.1473002 -0.459601275 -3.7279946e-09
v 0.123893151 -0.479307435 -3.7279946e-09
v 0.103635445 -0.55728572 -3.7279946e-09
v 0.12971263 -0.56293888 -3.7279946e-09
v -0.40798531 0.18607539 -3.7279946e-09
v -0.437566885 0.183554755 -3.7279946e-09
v -0.347352355 0.115751683 -3.7279946e-09
v -0.296097005 0.27155985 -3.7279946e-09
v -0.265588655 0.266642645 -3.7279946e-09
v -0.2756959 0.296556975 -3.7279946e-09
v -0.2745352 0.3728862 -3.7279946e-09
v 0.31730608 -0.360349265 -3.7279946e-09
v 0.30872015 -0.330889645 -3.7279946e-09
v 0.28705952 -0.34991084 -3.7279946e-09
v 0.22659531 -0.327997355 -3.7279946e-09
v -0.18178216 0.4107609 -3.7279946e-09
v -0.104364199 0.43273694 -3.7279946e-09
v 0.326006605 -0.154226555 -3.7279946e-09
v 0.35618693 -0.15912852 -3.7279946e-09
v 0.301235525 0.22739434 -3.7279946e-09
v 0.32974419 0.221027835 -3.7279946e-09
v 0.37796111 0.2651392 -3.7279946e-09
v 0.495695505 0.005292754 -3.7279946e-09
v -0.042631471 0.4312724 -3.7279946e-09
v -0.0598963185 0.406060795 -3.7279946e-09
v -0.509376315 0.0167580607 -3.7279946e-09
v -0.285864125 0.32346021 -3.7279946e-09
v -0.294120975 0.353512795 -3.7279946e-09
v -0.35025726 0.371941025 -3.7279946e-09
v 0.34770561 -0.370331395 -3.7279946e-09
v 0.378072555 -0.379660105 -3.7279946e-09
v 0.52677001 0.233008075 -3.7279946e-09
v 0.54086716 0.25510555 -3.7279946e-09
v 0.58145437 0.136953245 -3.7279946e-09
v -0.0856976295 -0.495443175 -3.7279946e-09
v 0.267593075 0.327741875 -3.7279946e-09
v 0.28909127 0.3479059 -3.7279946e-09
v 0.293728295 0.42455579 -3.7279946e-09
v 0.27538417 0.3990803 -3.7279946e-09
v -0.29400112 -0.33444692 -3.7279946e-09
v 0.426755755 -0.048519715 -3.7279946e-09
v 0.390989555 -0.115427132 -3.7279946e-09
v -0.495186645 0.219867135 -3.7279946e-09
v -0.46798482 0.22516914 -3.7279946e-09
v 0.16869221 0.061191541 -3.7279946e-09
v 0.197076285 0.063053078 -3.7279946e-09
v 0.057127038 0.127705485 -3.7279946e-09
v 0.0460595865 0.0983019545 -3.7279946e-09
v 0.301749115 -0.409061905 -3.7279946e-09
v 0.278777435 -0.42706591 -3.7279946e-09
v 0.346122265 -0.48685725 -3.7279946e-09
v -0.53935268 -0.081638537 -3.7279946e-09
v 0.106726814 -0.287144155 -3.7279946e-09
v 0.0761684725 -0.2777082 -3.7279946e-09
v 0.0834258485 -0.307616225 -3.7279946e-09
v 0.16596919 -0.413366165 -3.7279946e-09
v 0.24070718 0.516495595 -3.7279946e-09
v 0.239681575 0.547757245 -3.7279946e-09
v 0.24397533 0.45578011 -3.7279946e-09
v 0.242261615 0.48391344 -3.7279946e-09
v 0.43440545 -0.23160188 -3.7279946e-09
v 0.44474452 -0.259504435 -3.7279946e-09
v 0.433410865 0.0795904915 -3.7279946e-09
v 0.46115624 0.0707713185 -3.7279946e-09
v 0.02759751945 -0.57145384 -3.7279946e-09
v 0.03348986345 -0.551529 -3.7279946e-09
v 0.0760973455 -0.5171916 -3.7279946e-09
v 0.099876101 -0.498782295 -3.7279946e-09
v -0.594335625 0.065682686 -3.7279946e-09
v -0.56530444 0.0501939525 -3.7279946e-09
v -0.20616319 -0.290246185 -3.7279946e-09
v -0.36999706 0.35268748 -3.7279946e-09
v -0.39758316 0.36165978 -3.7279946e-09
v -0.436299475 0.31825598 -3.7279946e-09
v -0.48081088 -0.13948071 -3.7279946e-09
v -0.150516305 -0.18658004 -3.7279946e-09
v -0.127267856 -0.20327668 -3.7279946e-09
v -0.064675904 -0.153484295 -3.7279946e-09
v -0.076123947 -0.12323647 -3.7279946e-09
v 0.31409943 0.0120280785 -3.7279946e-09
v 0.33137642 -0.01087632985 -3.7279946e-09
v 0.29993131 -0.14914954 -3.7279946e-09
v -0.3159677 0.1190264575 -3.7279946e-09
v -0.28695333 0.1185549225 -3.7279946e-09
v -0.29797841 0.142212665 -3.7279946e-09
v -0.40698179 0.00807987655 -3.7279946e-09
v -0.429676435 0.02526545155 -3.7279946e-09
v -0.24975203 -0.153321335 -3.7279946e-09
v -0.22985978 -0.17482847 -3.7279946e-09
v -0.228670165 -0.0989105365 -3.7279946e-09
v -0.25770819 -0.1049754615 -3.7279946e-09
v 0.30657958 0.118494995 -3.7279946e-09
v -0.0904855205 -0.464288765 -3.7279946e-09
v -0.0990651355 -0.437575825 -3.7279946e-09
v -0.083622872 0.20618369 -3.7279946e-09
v -0.0956362835 0.17579467 -3.7279946e-09
v -0.137932055 0.26441954 -3.7279946e-09
v 0.14041327 0.274641385 -3.7279946e-09
v 0.124485172 0.302470345 -3.7279946e-09
v 0.111918272 0.2761811 -3.7279946e-09
v 0.068344623 -0.0584078565 -3.7279946e-09
v 0.218783705 -0.019174905 -3.7279946e-09
v -0.0547907065 -0.02649996805 -3.7279946e-09
v -0.0256473365 -0.02251259775 -3.7279946e-09
v -0.091021501 0.02128652895 -3.7279946e-09
v -0.103665676 -0.00476288985 -3.7279946e-09
v -0.17593555 0.140369635 -3.7279946e-09
v -0.19944868 0.115556814 -3.7279946e-09
v -0.256907575 0.117549297 -3.7279946e-09
v -0.227026365 0.117591352 -3.7279946e-09
v 0.0555927885 -0.184702835 -3.7279946e-09
v 0.033500887 -0.205781015 -3.7279946e-09
v 0.0634284135 -0.2167877 -3.7279946e-09
v 0.0092849603 -0.195095 -3.7279946e-09
v 0.0171205853 -0.227179865 -3.7279946e-09
v 0.070402975 -0.247551005 -3.7279946e-09
v 0.0919945335 -0.33723355 -3.7279946e-09
v 0.0997598735 -0.36654282 -3.7279946e-09
v 0.12174953 -0.34636145 -3.7279946e-09
v 0.02698568045 -0.52680786 -3.7279946e-09
v 0.01991855755 -0.496905095 -3.7279946e-09
v 0.00951107645 -0.4166585 -3.7279946e-09
v -0.123122605 -0.303682035 -3.7279946e-09
v -0.093273249 -0.306720465 -3.7279946e-09
v -0.104954904 -0.27968791 -3.7279946e-09
v 0.105234515 0.501224075 -3.7279946e-09
v 0.140563085 0.43551043 -3.7279946e-09
v 0.113206185 0.442713295 -3.7279946e-09
v 0.25661688 -0.33886736 -3.7279946e-09
v 0.32604498 -0.38935259 -3.7279946e-09
v 0.172069175 -0.4414443 -3.7279946e-09
v 0.176744045 -0.468611955 -3.7279946e-09
v 0.17948757 -0.49538272 -3.7279946e-09
v -0.12631874 0.360102195 -3.7279946e-09
v -0.1382748 0.38472819 -3.7279946e-09
v -0.090816379 0.407898575 -3.7279946e-09
v -0.12144779 0.408422675 -3.7279946e-09
v 0.15908278 0.35229007 -3.7279946e-09
v -0.15182262 0.409566555 -3.7279946e-09
v 0.487906505 0.0611921195 -3.7279946e-09
v 0.47078249 0.0145939476 -3.7279946e-09
v 0.473626945 -0.0129918334 -3.7279946e-09
v 0.36796899 -0.189232095 -3.7279946e-09
v 0.34994606 -0.21176115 -3.7279946e-09
v 0.435031535 0.216469665 -3.7279946e-09
v 0.34335719 0.33431655 -3.7279946e-09
v 0.315919865 0.34177332 -3.7279946e-09
v 0.321614025 0.31180221 -3.7279946e-09
v 0.399199625 0.319257405 -3.7279946e-09
v 0.37298713 0.32800261 -3.7279946e-09
v 0.375263845 0.295600235 -3.7279946e-09
v 0.01696596185 0.093410084 -3.7279946e-09
v 0.03552955335 0.0694683685 -3.7279946e-09
v -0.320649405 0.250660925 -3.7279946e-09
v 0.219298345 -0.188654895 -3.7279946e-09
v 0.254076795 -0.23120289 -3.7279946e-09
v 0.224981995 -0.21964582 -3.7279946e-09
v -0.4473787 0.155596475 -3.7279946e-09
v 0.14412614 -0.326839285 -3.7279946e-09
v -0.534565315 0.0334596947 -3.7279946e-09
v -0.365831055 -0.0958632735 -3.7279946e-09
v -0.362123435 -0.064402025 -3.7279946e-09
v -0.39053958 -0.0754010315 -3.7279946e-09
v -0.4007241 -0.137232905 -3.7279946e-09
v 0.51832076 -0.298520915 -3.7279946e-09
v -0.182070755 0.54598781 -3.7279946e-09
v 0.413733095 0.19716565 -3.7279946e-09
v 0.292782065 -0.52124617 -3.7279946e-09
v 0.45066788 -0.0306159829 -3.7279946e-09
v 0.475580895 -0.0399171765 -3.7279946e-09
v -0.199665255 -0.0929072715 -3.7279946e-09
v -0.085512903 -0.02763927405 -3.7279946e-09
v 0.250267195 -0.074690944 -3.7279946e-09
v 0.296334085 0.0394136805 -3.7279946e-09
v 0.307225115 0.0675909035 -3.7279946e-09
v 0.27988136 0.065177087 -3.7279946e-09
v 0.25302491 0.065180767 -3.7279946e-09
v 0.22529425 0.064683211 -3.7279946e-09
v 0.0296440275 0.256804545 -3.7279946e-09
v 0.0034390968 0.241723845 -3.7279946e-09
v -0.17226841 -0.242075 -3.7279946e-09
v -0.161331115 -0.272326815 -3.7279946e-09
v -0.145741555 -0.246397665 -3.7279946e-09
v -0.140520505 -0.326819305 -3.7279946e-09
v 0.141818935 -0.07835141 -3.7279946e-09
v 0.071223771 0.0203545825 -3.7279946e-09
v 0.053609399 0.04511699 -3.7279946e-09
v 0.22326092 0.289016625 -3.7279946e-09
v 0.24262486 0.305972425 -3.7279946e-09
v 0.22164551 0.31926897 -3.7279946e-09
v -0.217273425 0.091322926 -3.7279946e-09
v -0.274896865 0.0943630895 -3.7279946e-09
v -0.060848114 -0.387279835 -3.7279946e-09
v -0.0781089665 -0.415062535 -3.7279946e-09
v -0.111388961 -0.40788806 -3.7279946e-09
v -0.022516651 0.13945127 -3.7279946e-09
v -0.053487599 0.13389694 -3.7279946e-09
v -0.41307021 -0.055889903 -3.7279946e-09
v -0.409928225 -0.02482736045 -3.7279946e-09
v -0.113872643 0.334549955 -3.7279946e-09
v -0.0802921145 0.260885925 -3.7279946e-09
v -0.0751123295 0.22998174 -3.7279946e-09
v 0.176623665 0.145642205 -3.7279946e-09
v 0.314040555 -0.177446355 -3.7279946e-09
v 0.321554625 -0.20389383 -3.7279946e-09
v 0.136403905 -0.29721618 -3.7279946e-09
v -0.34691079 0.23062832 -3.7279946e-09
v -0.36560869 0.20473439 -3.7279946e-09
v -0.384991025 0.179723075 -3.7279946e-09
v 0.32581946 -0.0446256375 -3.7279946e-09
v 0.29234628 -0.0464822855 -3.7279946e-09
v 0.31364472 -0.073336583 -3.7279946e-09
v -0.26019518 0.470313055 -3.7279946e-09
v -0.336327275 0.0920939405 -3.7279946e-09
v 0.04770018 -0.154279645 -3.7279946e-09
v -0.295570275 -0.215614385 -3.7279946e-09
v -0.287979985 -0.188644385 -3.7279946e-09
v -0.33540944 -0.17472859 -3.7279946e-09
v 0.418730205 0.337197805 -3.7279946e-09
v 0.40439019 0.0844399925 -3.7279946e-09
v 0.37889998 0.0942323525 -3.7279946e-09
v 0.466100785 0.042457734 -3.7279946e-09
v 0.158567615 -0.55704233 -3.7279946e-09
v 0.18529896 -0.568552615 -3.7279946e-09
v 0.24845202 -0.309581215 -3.7279946e-09
v -0.0628565265 -0.30836532 -3.7279946e-09
v -0.0090325082 -0.24762881 -3.7279946e-09
v 0.2679642 0.446101825 -3.7279946e-09
v -0.1788147 -0.542513065 -3.7279946e-09
v -0.170644585 -0.57265659 -3.7279946e-09
v 0.213921695 0.34241833 -3.7279946e-09
v 0.194557755 0.32546253 -3.7279946e-09
v 0.142155895 0.32844944 -3.7279946e-09
v 0.113660897 0.329989155 -3.7279946e-09
v -0.238813685 0.0034227535 -3.7279946e-09
v -0.26781386 -0.00953463735 -3.7279946e-09
v -0.291394275 0.075188027 -3.7279946e-09
v -0.317128925 0.0693537705 -3.7279946e-09
v -0.007802244 -0.047338723 -3.7279946e-09
v 0.0027205505 -0.01824344775 -3.7279946e-09
v -0.0668923275 -0.052747179 -3.7279946e-09
v -0.079181616 -0.0786220825 -3.7279946e-09
v -0.17230205 -0.163260885 -3.7279946e-09
v -0.1196926 -0.25747426 -3.7279946e-09
v -0.130629895 -0.227222445 -3.7279946e-09
v 0.205431965 -0.046440862 -3.7279946e-09
v 0.23371459 -0.0469227 -3.7279946e-09
v 0.1164800655 0.13758669 -3.7279946e-09
v -0.16117446 0.164885235 -3.7279946e-09
v -0.19444053 0.16634084 -3.7279946e-09
v -0.1087094135 0.147528345 -3.7279946e-09
v -0.12959635 0.167180355 -3.7279946e-09
v 0.263618935 -0.047424987 -3.7279946e-09
v 0.208841525 0.091731537 -3.7279946e-09
v 0.03086298925 -0.096033595 -3.7279946e-09
v 0.0390481225 -0.0631794515 -3.7279946e-09
v 0.01238050975 -0.0759237165 -3.7279946e-09
v 0.03696523725 -0.1218205 -3.7279946e-09
v 0.28217911 -0.24345386 -3.7279946e-09
v -0.197034235 -0.31770612 -3.7279946e-09
v -0.21786114 -0.339477145 -3.7279946e-09
v -0.0705201485 -0.359689535 -3.7279946e-09
v -0.0810242275 -0.332359445 -3.7279946e-09
v 0.0851343085 0.33501518 -3.7279946e-09
v 0.0345611305 -0.42616752 -3.7279946e-09
v -0.269617465 -0.13175322 -3.7279946e-09
v -0.374287665 -0.129590045 -3.7279946e-09
v 0.4794131 0.299457675 -3.7279946e-09
v -0.363018665 -0.030449106 -3.7279946e-09
v -0.33831014 -0.050911348 -3.7279946e-09
v -0.0205471447 0.21687444 -3.7279946e-09
v 0.0176166325 0.289817235 -3.7279946e-09
v -0.012377813 0.29562179 -3.7279946e-09
v 0.0852706155 0.422148175 -3.7279946e-09
v -0.30971947 0.16455721 -3.7279946e-09
v -0.210544725 0.19169753 -3.7279946e-09
v -0.279334655 -0.158581285 -3.7279946e-09
v -0.30784542 -0.16707627 -3.7279946e-09
v 0.315118725 0.0930991975 -3.7279946e-09
v 0.410329845 0.056886434 -3.7279946e-09
v -0.067854742 -0.17713042 -3.7279946e-09
v -0.272219055 -0.319697925 -3.7279946e-09
v -0.298798475 -0.305927215 -3.7279946e-09
v -0.245945055 -0.330352925 -3.7279946e-09
v -0.002364928 0.116947445 -3.7279946e-09
v -0.0827643335 0.12836264 -3.7279946e-09
v -0.0615025855 0.10611692 -3.7279946e-09
v 0.151692775 0.0867073 -3.7279946e-09
v 0.139761425 0.057797437 -3.7279946e-09
v 0.19383442 0.119689867 -3.7279946e-09
v -0.34851358 0.066078996 -3.7279946e-09
v 0.241745395 0.24276101 -3.7279946e-09
v 0.268339535 0.23297916 -3.7279946e-09
v 0.195809925 0.27721354 -3.7279946e-09
v 0.216789275 0.263916995 -3.7279946e-09
v -0.110609852 -0.0786670825 -3.7279946e-09
v -0.092176944 -0.10340268 -3.7279946e-09
v -0.1167244 0.119748325 -3.7279946e-09
v 0.089505283 -0.0043454795 -3.7279946e-09
v 0.360387115 0.07729001 -3.7279946e-09
v 0.33157145 0.067335791 -3.7279946e-09
v -0.1103745575 0.26558918 -3.7279946e-09
v 0.193703525 -0.0704568565 -3.7279946e-09
v 0.172974395 -0.092487308 -3.7279946e-09
v 0.064361127 0.398313855 -3.7279946e-09
v -0.178729015 -0.295464085 -3.7279946e-09
v -0.15220216 -0.29978675 -3.7279946e-09
v -0.262242175 0.503950775 -3.7279946e-09
v -0.15408462 0.060641207 -3.7279946e-09
v -0.2112586 0.009539668 -3.7279946e-09
v -0.19410357 0.31408787 -3.7279946e-09
v -0.1080126775 0.21924473 -3.7279946e-09
v -0.1270596325 0.24187314 -3.7279946e-09
v 0.169907055 0.32477126 -3.7279946e-09
v -0.107552183 -0.12328147 -3.7279946e-09
v 0.163412805 0.116053742 -3.7279946e-09
v 0.13448202 0.112659638 -3.7279946e-09
v 0.51391819 0.304800685 -3.7279946e-09
v -0.383885525 -0.011032546 -3.7279946e-09
v 0.054757904 -0.53338569 -3.7279946e-09
v 0.0826015285 -0.54191274 -3.7279946e-09
v 0.132184905 -0.58295624 -3.7279946e-09
v 0.17763087 0.3016219 -3.7279946e-09
v 0.171159225 0.27652227 -3.7279946e-09
v -0.31845469 -0.0636674925 -3.7279946e-09
v -0.27423083 -0.034908079 -3.7279946e-09
v -0.287438005 -0.0629641855 -3.7279946e-09
v -0.0015896082 0.19203975 -3.7279946e-09
v -0.344057395 0.452113495 -3.7279946e-09
v -0.374659315 0.465268635 -3.7279946e-09
v -0.31348439 0.43765888 -3.7279946e-09
v -0.221412105 -0.0212285255 -3.7279946e-09
v -0.26528376 0.535984125 -3.7279946e-09
v 0.53249466 -0.13136842 -3.7279946e-09
v -0.205513445 0.56071578 -3.7279946e-09
v 0.50654921 -0.133778135 -3.7279946e-09
v 0.51374156 -0.156760855 -3.7279946e-09
v 0.56904097 -0.18134164 -3.7279946e-09
v 0.0180459025 -0.597882915 -3.7279946e-09
v 0.2816925925 0.308374255 -3.7279946e-09
v 0.282505555 0.292598605 -3.7279946e-09
v 0.2949896625 0.30348333 -3.7279946e-09
v 0.2567243775 0.286604805 -3.7279946e-09
v 0.25753734 0.270829155 -3.7279946e-09
v 0.2700214475 0.28171388 -3.7279946e-09
v 0.2833185175 0.276822955 -3.7279946e-09
v 0.28413148 0.261047305 -3.7279946e-09
v 0.2966155875 0.27193203 -3.7279946e-09
v -0.1062057585 0.2857839525 -3.7279946e-09
v -0.0966459575 0.296870015 -3.7279946e-09
v -0.111687179 0.2992216425 -3.7279946e-09
v -0.0761233155 0.2810806975 -3.7279946e-09
v -0.0665635145 0.29216676 -3.7279946e-09
v -0.081604736 0.2945183875 -3.7279946e-09
v -0.0870861565 0.3079560775 -3.7279946e-09
v -0.0775263555 0.31904214 -3.7279946e-09
v -0.092567577 0.3213937675 -3.7279946e-09
v -0.1066909105 -0.0424482929 -3.7279946e-09
v -0.1220383945 -0.0440489089 -3.7279946e-09
v -0.112962008 -0.055487101 -3.7279946e-09
v -0.1248436835 -0.0195719087 -3.7279946e-09
v -0.1401911675 -0.0211725247 -3.7279946e-09
v -0.131114781 -0.0326107168 -3.7279946e-09
v -0.1373858785 -0.0456495249 -3.7279946e-09
v -0.1527333625 -0.0472501409 -3.7279946e-09
v -0.143656976 -0.058688333 -3.7279946e-09
v 0.1419929325 -0.03581611225 -3.7279946e-09
v 0.156207575 -0.03411109625 -3.7279946e-09
v 0.1478571525 -0.023808115 -3.7279946e-09
v 0.1586937775 -0.05642207475 -3.7279946e-09
v 0.17290842 -0.05471705875 -3.7279946e-09
v 0.1645579975 -0.0444140775 -3.7279946e-09
v 0.1704222175 -0.03240608025 -3.7279946e-09
v 0.18463686 -0.03070106425 -3.7279946e-09
v 0.1762864375 -0.020398083 -3.7279946e-09
v -0.5218196825 -0.258711185 -3.7279946e-09
v -0.514229655 -0.244878975 -3.7279946e-09
v -0.5305735625 -0.25058365 -3.7279946e-09
v -0.4891318675 -0.247301835 -3.7279946e-09
v -0.48154184 -0.233469625 -3.7279946e-09
v -0.4978857475 -0.2391743 -3.7279946e-09
v -0.5066396275 -0.231046765 -3.7279946e-09
v -0.4990496 -0.217214555 -3.7279946e-09
v -0.5153935075 -0.22291923 -3.7279946e-09
v -0.5214464475 -0.2077531075 -3.7279946e-09
v -0.529036475 -0.2215853175 -3.7279946e-09
v -0.5487323825 -0.2050852825 -3.7279946e-09
v -0.55632241 -0.2189174925 -3.7279946e-09
v -0.5426794425 -0.220251405 -3.7279946e-09
v -0.5366265025 -0.2354175275 -3.7279946e-09
v -0.54421653 -0.2492497375 -3.7279946e-09
v -0.563300285 -0.145131765 -3.7279946e-09
v -0.5533546875 -0.136178125 -3.7279946e-09
v -0.5707949025 -0.13428042 -3.7279946e-09
v -0.528419855 -0.148927175 -3.7279946e-09
v -0.5184742575 -0.139973535 -3.7279946e-09
v -0.5359144725 -0.13807583 -3.7279946e-09
v -0.54340909 -0.127224485 -3.7279946e-09
v -0.5334634925 -0.118270845 -3.7279946e-09
v -0.5509037075 -0.11637314 -3.7279946e-09
v -0.40911 -0.3938518875 -3.7279946e-09
v -0.39621823 -0.4015704425 -3.7279946e-09
v -0.39688295 -0.386337295 -3.7279946e-09
v -0.40778056 -0.4243181825 -3.7279946e-09
v -0.39488879 -0.4320367375 -3.7279946e-09
v -0.39555351 -0.41680359 -3.7279946e-09
v -0.38332646 -0.4092889975 -3.7279946e-09
v -0.37043469 -0.4170075525 -3.7279946e-09
v -0.37109941 -0.401774405 -3.7279946e-09
v -0.197380915 -0.511975275 -3.7279946e-09
v -0.1890554625 -0.5026752125 -3.7279946e-09
v -0.2028937175 -0.4992467275 -3.7279946e-09
v -0.169704405 -0.518832245 -3.7279946e-09
v -0.1613789525 -0.5095321825 -3.7279946e-09
v -0.1752172075 -0.5061036975 -3.7279946e-09
v -0.18073001 -0.49337515 -3.7279946e-09
v -0.1724045575 -0.4840750875 -3.7279946e-09
v -0.1862428125 -0.4806466025 -3.7279946e-09
v -0.08970428275 -0.542137465 -3.7279946e-09
v -0.0781627725 -0.53433191 -3.7279946e-09
v -0.09083388975 -0.530475785 -3.7279946e-09
v -0.06436204825 -0.549849715 -3.7279946e-09
v -0.052820538 -0.54204416 -3.7279946e-09
v -0.06549165525 -0.538188035 -3.7279946e-09
v -0.06662126225 -0.526526355 -3.7279946e-09
v -0.055079752 -0.5187208 -3.7279946e-09
v -0.06775086925 -0.514864675 -3.7279946e-09
v -0.2384451825 -0.479751635 -3.7279946e-09
v -0.2210443925 -0.4800499575 -3.7279946e-09
v -0.23011973 -0.4704515725 -3.7279946e-09
v -0.2202945075 -0.498948405 -3.7279946e-09
v -0.211969055 -0.4896483425 -3.7279946e-09
v -0.2036436025 -0.48034828 -3.7279946e-09
v -0.19531815 -0.4710482175 -3.7279946e-09
v -0.3846790375 -0.2328398575 -3.7279946e-09
v -0.384324465 -0.24996992 -3.7279946e-09
v -0.3722556475 -0.2386998725 -3.7279946e-09
v -0.4088166725 -0.2553799525 -3.7279946e-09
v -0.4084621 -0.272510015 -3.7279946e-09
v -0.3963932825 -0.2612399675 -3.7279946e-09
v -0.3839698925 -0.2670999825 -3.7279946e-09
v -0.38361532 -0.284230045 -3.7279946e-09
v -0.3715465025 -0.2729599975 -3.7279946e-09
v -0.307026675 -0.495180865 -3.7279946e-09
v -0.320513515 -0.486059795 -3.7279946e-09
v -0.32145527 -0.50358701 -3.7279946e-09
v -0.305143165 -0.460126435 -3.7279946e-09
v -0.318630005 -0.451005365 -3.7279946e-09
v -0.31957176 -0.46853258 -3.7279946e-09
v -0.334000355 -0.476938725 -3.7279946e-09
v -0.347487195 -0.467817655 -3.7279946e-09
v -0.34842895 -0.48534487 -3.7279946e-09
v 0.0426084725 -0.4678980825 -3.7279946e-09
v 0.05637959975 -0.4722822525 -3.7279946e-09
v 0.05449785025 -0.45869343 -3.7279946e-09
v 0.0463719715 -0.4950757275 -3.7279946e-09
v 0.06014309875 -0.4994598975 -3.7279946e-09
v 0.05826134925 -0.485871075 -3.7279946e-09
v 0.070150727 -0.4766664225 -3.7279946e-09
v 0.08392185425 -0.4810505925 -3.7279946e-09
v 0.08204010475 -0.46746177 -3.7279946e-09
v -0.5761833775 0.08581601025 -3.7279946e-09
v -0.56020876 0.0945260235 -3.7279946e-09
v -0.5747243525 0.1022703903 -3.7279946e-09
v -0.5471521925 0.07032727675 -3.7279946e-09
v -0.531177575 0.07903729 -3.7279946e-09
v -0.5456931675 0.08678165675 -3.7279946e-09
v -0.5442341425 0.1032360368 -3.7279946e-09
v -0.528259525 0.11194605 -3.7279946e-09
v -0.5427751175 0.1196904168 -3.7279946e-09
v -0.503962865 0.2958791075 -3.7279946e-09
v -0.4950042325 0.30950315 -3.7279946e-09
v -0.5112487875 0.3096311525 -3.7279946e-09
v -0.471473755 0.2956231025 -3.7279946e-09
v -0.4625151225 0.309247145 -3.7279946e-09
v -0.4787596775 0.3093751475 -3.7279946e-09
v -0.4860456 0.3231271925 -3.7279946e-09
v -0.4770869675 0.336751235 -3.7279946e-09
v -0.4933315225 0.3368792375 -3.7279946e-09
v -0.310332675 0.3165004725 -3.7279946e-09
v -0.324331 0.3218999925 -3.7279946e-09
v -0.320202575 0.3068737 -3.7279946e-09
v -0.318589525 0.3465530575 -3.7279946e-09
v -0.33258785 0.3519525775 -3.7279946e-09
v -0.328459425 0.336926285 -3.7279946e-09
v -0.338329325 0.3272995125 -3.7279946e-09
v -0.35232765 0.3326990325 -3.7279946e-09
v -0.348199225 0.31767274 -3.7279946e-09
v -0.28445688 0.01995895872 -3.7279946e-09
v -0.295120555 0.0287246239 -3.7279946e-09
v -0.297324205 0.01704183047 -3.7279946e-09
v -0.28004958 0.04332454557 -3.7279946e-09
v -0.290713255 0.05209021075 -3.7279946e-09
v -0.292916905 0.04040741733 -3.7279946e-09
v -0.30578423 0.03749028908 -3.7279946e-09
v -0.316447905 0.04625595425 -3.7279946e-09
v -0.318651555 0.03457316082 -3.7279946e-09
v -0.2904280775 0.4726179 -3.7279946e-09
v -0.30571458 0.4798452075 -3.7279946e-09
v -0.3046910825 0.4630263475 -3.7279946e-09
v -0.2924750725 0.50625562 -3.7279946e-09
v -0.307761575 0.5134829275 -3.7279946e-09
v -0.3067380775 0.4966640675 -3.7279946e-09
v -0.3210010825 0.487072515 -3.7279946e-09
v -0.336287585 0.4942998225 -3.7279946e-09
v -0.3352640875 0.4774809625 -3.7279946e-09
v -0.1271302325 0.4455624725 -3.7279946e-09
v -0.1347192075 0.4573208775 -3.7279946e-09
v -0.142584585 0.445019445 -3.7279946e-09
v -0.1113994775 0.4701653375 -3.7279946e-09
v -0.1189884525 0.4819237425 -3.7279946e-09
v -0.12685383 0.46962231 -3.7279946e-09
v -0.1423081825 0.4690792825 -3.7279946e-09
v -0.1498971575 0.4808376875 -3.7279946e-09
v -0.157762535 0.468536255 -3.7279946e-09
v -0.2553426275 0.4261493875 -3.7279946e-09
v -0.25058549 0.4145655075 -3.7279946e-09
v -0.2411842325 0.42317325 -3.7279946e-09
v -0.2741451425 0.4089339025 -3.7279946e-09
v -0.269388005 0.3973500225 -3.7279946e-09
v -0.2599867475 0.405957765 -3.7279946e-09
v -0.2458283525 0.4029816275 -3.7279946e-09
v -0.241071215 0.3913977475 -3.7279946e-09
v -0.2316699575 0.40000549 -3.7279946e-09
v -0.5783386675 -0.0822140785 -3.7279946e-09
v -0.57969387 -0.06588097225 -3.7279946e-09
v -0.5932243425 -0.07466647375 -3.7279946e-09
v -0.5512777225 -0.0646430755 -3.7279946e-09
v -0.552632925 -0.04830996925 -3.7279946e-09
v -0.5661633975 -0.05709547075 -3.7279946e-09
v -0.5810490725 -0.049547866 -3.7279946e-09
v -0.582404275 -0.03321475975 -3.7279946e-09
v -0.5959347475 -0.04200026125 -3.7279946e-09
v 0.3442965775 -0.4091893775 -3.7279946e-09
v 0.3484775725 -0.4261246775 -3.7279946e-09
v 0.360625505 -0.41627002 -3.7279946e-09
v 0.3200007125 -0.4288986925 -3.7279946e-09
v 0.3241817075 -0.4458339925 -3.7279946e-09
v 0.33632964 -0.435979335 -3.7279946e-09
v 0.3526585675 -0.4430599775 -3.7279946e-09
v 0.3568395625 -0.4599952775 -3.7279946e-09
v 0.368987495 -0.45014062 -3.7279946e-09
v 0.57736563 -0.1141173225 -3.7279946e-09
v 0.57466942 -0.12648696 -3.7279946e-09
v 0.58722896 -0.1130756875 -3.7279946e-09
v 0.55224655 -0.1409398675 -3.7279946e-09
v 0.54955034 -0.153309505 -3.7279946e-09
v 0.56210988 -0.1398982325 -3.7279946e-09
v 0.57197321 -0.1388565975 -3.7279946e-09
v 0.569277 -0.151226235 -3.7279946e-09
v 0.58183654 -0.1378149625 -3.7279946e-09
v 0.18555181 -0.37988063 -3.7279946e-09
v 0.170602265 -0.3752236325 -3.7279946e-09
v 0.174363505 -0.3896417125 -3.7279946e-09
v 0.17802933 -0.35104447 -3.7279946e-09
v 0.163079785 -0.3463874725 -3.7279946e-09
v 0.166841025 -0.3608055525 -3.7279946e-09
v 0.15565272 -0.370566635 -3.7279946e-09
v 0.140703175 -0.3659096375 -3.7279946e-09
v 0.144464415 -0.3803277175 -3.7279946e-09
v 0.408815885 -0.3485595775 -3.7279946e-09
v 0.40369734 -0.3335724475 -3.7279946e-09
v 0.394582055 -0.34499836 -3.7279946e-09
v 0.427046455 -0.3257077525 -3.7279946e-09
v 0.42192791 -0.3107206225 -3.7279946e-09
v 0.412812625 -0.322146535 -3.7279946e-09
v 0.398578795 -0.3185853175 -3.7279946e-09
v 0.39346025 -0.3035981875 -3.7279946e-09
v 0.384344965 -0.3150241 -3.7279946e-09
v 0.457420235 -0.2219953475 -3.7279946e-09
v 0.4706450225 -0.2233905025 -3.7279946e-09
v 0.4654754875 -0.209439225 -3.7279946e-09
v 0.467759305 -0.2498979025 -3.7279946e-09
v 0.4809840925 -0.2512930575 -3.7279946e-09
v 0.4758145575 -0.23734178 -3.7279946e-09
v 0.48386981 -0.2247856575 -3.7279946e-09
v 0.4970945975 -0.2261808125 -3.7279946e-09
v 0.4919250625 -0.212229535 -3.7279946e-09
v 0.475533845 -0.099656892 -3.7279946e-09
v 0.471806775 -0.086697941 -3.7279946e-09
v 0.46380304 -0.096418179 -3.7279946e-09
v 0.491541315 -0.080216416 -3.7279946e-09
v 0.487814245 -0.067257465 -3.7279946e-09
v 0.47981051 -0.076977703 -3.7279946e-09
v 0.468079705 -0.07373899 -3.7279946e-09
v 0.464352635 -0.060780039 -3.7279946e-09
v 0.4563489 -0.070500277 -3.7279946e-09
v 0.4080838775 -0.41598589 -3.7279946e-09
v 0.39505175 -0.4273708 -3.7279946e-09
v 0.4122648725 -0.43292119 -3.7279946e-09
v 0.3736576325 -0.40488511 -3.7279946e-09
v 0.3778386275 -0.42182041 -3.7279946e-09
v 0.3820196225 -0.43875571 -3.7279946e-09
v 0.3862006175 -0.45569101 -3.7279946e-09
v 0.4418966475 -0.066936143 -3.7279946e-09
v 0.4456237175 -0.079895094 -3.7279946e-09
v 0.4204462825 -0.085725777 -3.7279946e-09
v 0.4241733525 -0.098684728 -3.7279946e-09
v 0.434898535 -0.089289911 -3.7279946e-09
v 0.4493507875 -0.092854045 -3.7279946e-09
v 0.4530778575 -0.105812996 -3.7279946e-09
v 0.199765135 0.54834443 -3.7279946e-09
v 0.2002779375 0.532713605 -3.7279946e-09
v 0.2138189225 0.544123485 -3.7279946e-09
v 0.172683165 0.52552467 -3.7279946e-09
v 0.1731959675 0.509893845 -3.7279946e-09
v 0.1867369525 0.521303725 -3.7279946e-09
v 0.20079074 0.51708278 -3.7279946e-09
v 0.2013035425 0.501451955 -3.7279946e-09
v 0.2148445275 0.512861835 -3.7279946e-09
v 0.36828151 0.4717720825 -3.7279946e-09
v 0.35302681 0.4630513175 -3.7279946e-09
v 0.36645819 0.453666095 -3.7279946e-09
v 0.34141875 0.4905425275 -3.7279946e-09
v 0.32616405 0.4818217625 -3.7279946e-09
v 0.33959543 0.47243654 -3.7279946e-09
v 0.33777211 0.4543305525 -3.7279946e-09
v 0.32251741 0.4456097875 -3.7279946e-09
v 0.33594879 0.436224565 -3.7279946e-09
v 0.2699452225 0.379213285 -3.7279946e-09
v 0.259196125 0.3691312725 -3.7279946e-09
v 0.2732567425 0.3664708075 -3.7279946e-09
v 0.2418239875 0.384534215 -3.7279946e-09
v 0.23107489 0.3744522025 -3.7279946e-09
v 0.2451355075 0.3717917375 -3.7279946e-09
v 0.2484470275 0.35904926 -3.7279946e-09
v 0.23769793 0.3489672475 -3.7279946e-09
v 0.2517585475 0.3463067825 -3.7279946e-09
v 0.03758804725 0.55472776 -3.7279946e-09
v 0.0232887695 0.5540322875 -3.7279946e-09
v 0.02893903825 0.5395024975 -3.7279946e-09
v 0.02628750975 0.58378734 -3.7279946e-09
v 0.011988232 0.5830918675 -3.7279946e-09
v 0.01763850075 0.5685620775 -3.7279946e-09
v 0.00898949175 0.553336815 -3.7279946e-09
v -0.005309786 0.5526413425 -3.7279946e-09
v 0.00034048275 0.5381115525 -3.7279946e-09
v 0.2053457575 0.4450562425 -3.7279946e-09
v 0.1938756875 0.43511012 -3.7279946e-09
v 0.20731469 0.4310182275 -3.7279946e-09
v 0.1784677525 0.4532400275 -3.7279946e-09
v 0.1669976825 0.443293905 -3.7279946e-09
v 0.180436685 0.4392020125 -3.7279946e-09
v 0.1824056175 0.4251639975 -3.7279946e-09
v 0.1709355475 0.415217875 -3.7279946e-09
v 0.18437455 0.4111259825 -3.7279946e-09
v -0.1043952687 0.5745458875 -3.7279946e-09
v -0.087922699 0.57651561 -3.7279946e-09
v -0.09739282025 0.5900035025 -3.7279946e-09
v -0.08545502625 0.5475701025 -3.7279946e-09
v -0.0689824565 0.549539825 -3.7279946e-09
v -0.07845257775 0.5630277175 -3.7279946e-09
v -0.07145012925 0.5784853325 -3.7279946e-09
v -0.0549775595 0.580455055 -3.7279946e-09
v -0.06444768075 0.5939429475 -3.7279946e-09
v 0.38681882 0.1367710925 -3.7279946e-09
v 0.383668945 0.15149512 -3.7279946e-09
v 0.373340915 0.1414527975 -3.7279946e-09
v 0.40747488 0.1568557375 -3.7279946e-09
v 0.404325005 0.171579765 -3.7279946e-09
v 0.393996975 0.1615374425 -3.7279946e-09
v 0.38051907 0.1662191475 -3.7279946e-09
v 0.377369195 0.180943175 -3.7279946e-09
v 0.367041165 0.1709008525 -3.7279946e-09
v 0.378705475 0.447784265 -3.7279946e-09
v 0.389564705 0.4373274425 -3.7279946e-09
v 0.39257212 0.4519300375 -3.7279946e-09
v 0.372690645 0.418579075 -3.7279946e-09
v 0.383549875 0.4081222525 -3.7279946e-09
v 0.38655729 0.4227248475 -3.7279946e-09
v 0.400423935 0.42687062 -3.7279946e-09
v 0.411283165 0.4164137975 -3.7279946e-09
v 0.41429058 0.4310163925 -3.7279946e-09
v 0.39011299 0.364738955 -3.7279946e-09
v 0.37529802 0.367895925 -3.7279946e-09
v 0.38210794 0.35481675 -3.7279946e-09
v 0.37649315 0.390897305 -3.7279946e-09
v 0.36167818 0.394054275 -3.7279946e-09
v 0.3684881 0.3809751 -3.7279946e-09
v 0.36048305 0.371052895 -3.7279946e-09
v 0.34566808 0.374209865 -3.7279946e-09
v 0.352478 0.36113069 -3.7279946e-09
v 0.4732631725 0.2001128775 -3.7279946e-09
v 0.4833570125 0.2073982725 -3.7279946e-09
v 0.47049363 0.212791485 -3.7279946e-09
v 0.4989899375 0.1893264525 -3.7279946e-09
v 0.5090837775 0.1966118475 -3.7279946e-09
v 0.496220395 0.20200506 -3.7279946e-09
v 0.4934508525 0.2146836675 -3.7279946e-09
v 0.5035446925 0.2219690625 -3.7279946e-09
v 0.49068131 0.227362275 -3.7279946e-09
v 0.5838333325 0.03343140012 -3.7279946e-09
v 0.5837933825 0.01507792237 -3.7279946e-09
v 0.59717009 0.02406667025 -3.7279946e-09
v 0.5570799175 0.01545390437 -3.7279946e-09
v 0.5570399675 -0.002899573375 -3.7279946e-09
v 0.570416675 0.0060891745 -3.7279946e-09
v 0.5837534325 -0.003275555375 -3.7279946e-09
v 0.5837134825 -0.02162903313 -3.7279946e-09
v 0.59709019 -0.01264028525 -3.7279946e-09
v 0.1169795625 -0.52854523 -3.7279946e-09
v 0.1289880875 -0.5188078 -3.7279946e-09
v 0.115949495 -0.51598122 -3.7279946e-09
v 0.1430567475 -0.53419839 -3.7279946e-09
v 0.1550652725 -0.52446096 -3.7279946e-09
v 0.14202668 -0.52163438 -3.7279946e-09
v 0.1409966125 -0.50907037 -3.7279946e-09
v 0.1530051375 -0.49933294 -3.7279946e-09
v 0.139966545 -0.49650636 -3.7279946e-09
v 0.105579439 0.039454867 -3.7279946e-09
v 0.096772253 0.05183607075 -3.7279946e-09
v 0.091044736 0.03721662775 -3.7279946e-09
v 0.117034473 0.068693753 -3.7279946e-09
v 0.108227287 0.08107495675 -3.7279946e-09
v 0.10249977 0.06645551375 -3.7279946e-09
v 0.087965067 0.0642172745 -3.7279946e-09
v 0.079157881 0.07659847825 -3.7279946e-09
v 0.073430364 0.06197903525 -3.7279946e-09
v -0.1677176 -0.0489946145 -3.7279946e-09
v -0.1822928575 -0.051754328 -3.7279946e-09
v -0.1735797175 -0.0630486625 -3.7279946e-09
v -0.18514388 -0.0264059455 -3.7279946e-09
v -0.1997191375 -0.029165659 -3.7279946e-09
v -0.1910059975 -0.0404599935 -3.7279946e-09
v -0.196868115 -0.0545140415 -3.7279946e-09
v -0.2114433725 -0.057273755 -3.7279946e-09
v -0.2027302325 -0.0685680895 -3.7279946e-09
v -0.1800135125 -0.3338095325 -3.7279946e-09
v -0.1755788775 -0.34736366 -3.7279946e-09
v -0.165165425 -0.3364781475 -3.7279946e-09
v -0.2008404175 -0.3555805575 -3.7279946e-09
v -0.1964057825 -0.369134685 -3.7279946e-09
v -0.18599233 -0.3582491725 -3.7279946e-09
v -0.1711442425 -0.3609177875 -3.7279946e-09
v -0.1667096075 -0.374471915 -3.7279946e-09
v -0.156296155 -0.3635864025 -3.7279946e-09
v 0.251616085 -0.5278894475 -3.7279946e-09
v 0.23738357 -0.5339373925 -3.7279946e-09
v 0.252255575 -0.541901705 -3.7279946e-09
v 0.221872075 -0.5119608225 -3.7279946e-09
v 0.20763956 -0.5180087675 -3.7279946e-09
v 0.222511565 -0.52597308 -3.7279946e-09
v 0.223151055 -0.5399853375 -3.7279946e-09
v 0.20891854 -0.5460332825 -3.7279946e-09
v 0.223790545 -0.553997595 -3.7279946e-09
v -0.409247995 0.1072198265 -3.7279946e-09
v -0.3977939575 0.1167709015 -3.7279946e-09
v -0.4116393125 0.122904455 -3.7279946e-09
v -0.381557285 0.0949527195 -3.7279946e-09
v -0.3701032475 0.1045037945 -3.7279946e-09
v -0.3839486025 0.110637348 -3.7279946e-09
v -0.38633992 0.1263219765 -3.7279946e-09
v -0.3748858825 0.1358730515 -3.7279946e-09
v -0.3887312375 0.142006605 -3.7279946e-09
v -0.0613260625 0.0661981155 -3.7279946e-09
v -0.075606915 0.06350524225 -3.7279946e-09
v -0.0657891625 0.05204374075 -3.7279946e-09
v -0.0809615675 0.0891211185 -3.7279946e-09
v -0.09524242 0.08642824525 -3.7279946e-09
v -0.0854246675 0.07496674375 -3.7279946e-09
v -0.0898877675 0.060812369 -3.7279946e-09
v -0.10416862 0.05811949575 -3.7279946e-09
v -0.0943508675 0.04665799425 -3.7279946e-09
v 0.12085588 -0.07386160575 -3.7279946e-09
v 0.1114971235 -0.0597487605 -3.7279946e-09
v 0.1072349135 -0.07586491875 -3.7279946e-09
v 0.1293803 -0.04162928925 -3.7279946e-09
v 0.1200215435 -0.027516444 -3.7279946e-09
v 0.1157593335 -0.04363260225 -3.7279946e-09
v 0.102138367 -0.04563591525 -3.7279946e-09
v 0.0927796105 -0.03152307 -3.7279946e-09
v 0.0885174005 -0.04763922825 -3.7279946e-09
v 0.156587905 -0.206496995 -3.7279946e-09
v 0.153140235 -0.1911353175 -3.7279946e-09
v 0.14140023 -0.2011185025 -3.7279946e-09
v 0.180067915 -0.186530625 -3.7279946e-09
v 0.176620245 -0.1711689475 -3.7279946e-09
v 0.16488024 -0.1811521325 -3.7279946e-09
v 0.149692565 -0.17577364 -3.7279946e-09
v 0.146244895 -0.1604119625 -3.7279946e-09
v 0.13450489 -0.1703951475 -3.7279946e-09
v -0.2555707775 -0.04137349325 -3.7279946e-09
v -0.2476553525 -0.052369084 -3.7279946e-09
v -0.241051765 -0.03834103075 -3.7279946e-09
v -0.2687779525 -0.06942959975 -3.7279946e-09
v -0.2608625275 -0.0804251905 -3.7279946e-09
v -0.25425894 -0.06639713725 -3.7279946e-09
v -0.2397399275 -0.06336467475 -3.7279946e-09
v -0.2318245025 -0.0743602655 -3.7279946e-09
v -0.225220915 -0.06033221225 -3.7279946e-09
v -0.4803903375 -0.30029114 -3.7279946e-09
v -0.481498995 -0.317537905 -3.7279946e-09
v -0.4722291575 -0.312672475 -3.7279946e-09
v -0.4989300125 -0.310022 -3.7279946e-09
v -0.50003867 -0.327268765 -3.7279946e-09
v -0.4907688325 -0.322403335 -3.7279946e-09
v -0.4826076525 -0.33478467 -3.7279946e-09
v -0.48371631 -0.352031435 -3.7279946e-09
v -0.4744464725 -0.347166005 -3.7279946e-09
v -0.05131296675 0.29020282 -3.7279946e-09
v -0.05679438725 0.30364051 -3.7279946e-09
v -0.03177471225 0.31315032 -3.7279946e-09
v -0.03725613275 0.32658801 -3.7279946e-09
v -0.04702526 0.31511426 -3.7279946e-09
v -0.06227580775 0.3170782 -3.7279946e-09
v -0.06775722825 0.33051589 -3.7279946e-09
v -0.3720232925 0.315797115 -3.7279946e-09
v -0.3703011675 0.2999481325 -3.7279946e-09
v -0.360475425 0.3072232775 -3.7279946e-09
v -0.3916747775 0.301246825 -3.7279946e-09
v -0.3899526525 0.2853978425 -3.7279946e-09
v -0.38012691 0.2926729875 -3.7279946e-09
v -0.3685790425 0.28409915 -3.7279946e-09
v -0.3668569175 0.2682501675 -3.7279946e-09
v -0.357031175 0.2755253125 -3.7279946e-09
v 0.445204225 -0.153415955 -3.7279946e-09
v 0.45433502 -0.1428858 -3.7279946e-09
v 0.440137725 -0.140967595 -3.7279946e-09
v 0.473598815 -0.157252365 -3.7279946e-09
v 0.48272961 -0.14672221 -3.7279946e-09
v 0.468532315 -0.144804005 -3.7279946e-09
v 0.463465815 -0.132355645 -3.7279946e-09
v 0.47259661 -0.12182549 -3.7279946e-09
v 0.458399315 -0.119907285 -3.7279946e-09
v 0.2958933025 -0.447068815 -3.7279946e-09
v 0.2986991175 -0.4640401225 -3.7279946e-09
v 0.310658595 -0.4557246575 -3.7279946e-09
v 0.2719743475 -0.463699745 -3.7279946e-09
v 0.2747801625 -0.4806710525 -3.7279946e-09
v 0.28673964 -0.4723555875 -3.7279946e-09
v 0.3015049325 -0.48101143 -3.7279946e-09
v 0.3043107475 -0.4979827375 -3.7279946e-09
v 0.316270225 -0.4896672725 -3.7279946e-09
v -0.41749906 -0.33819449 -3.7279946e-09
v -0.4038555675 -0.344757075 -3.7279946e-09
v -0.4064303475 -0.331282325 -3.7279946e-09
v -0.4123495 -0.36514399 -3.7279946e-09
v -0.3987060075 -0.371706575 -3.7279946e-09
v -0.4012807875 -0.358231825 -3.7279946e-09
v -0.390212075 -0.35131966 -3.7279946e-09
v -0.3765685825 -0.357882245 -3.7279946e-09
v -0.3791433625 -0.344407495 -3.7279946e-09
v 0.4551038275 0.2818014075 -3.7279946e-09
v 0.440483095 0.286476015 -3.7279946e-09
v 0.4453385375 0.2728312075 -3.7279946e-09
v 0.4453929425 0.3090910225 -3.7279946e-09
v 0.43077221 0.31376563 -3.7279946e-09
v 0.4356276525 0.3001208225 -3.7279946e-09
v 0.4258623625 0.2911506225 -3.7279946e-09
v 0.41124163 0.29582523 -3.7279946e-09
v 0.4160970725 0.2821804225 -3.7279946e-09
v 0.3541501825 -0.345992425 -3.7279946e-09
v 0.36421511 -0.33566965 -3.7279946e-09
v 0.3490316375 -0.331005295 -3.7279946e-09
v 0.3845171275 -0.355321135 -3.7279946e-09
v 0.3793985825 -0.340334005 -3.7279946e-09
v 0.3742800375 -0.325346875 -3.7279946e-09
v 0.3691614925 -0.310359745 -3.7279946e-09
v -0.1812443875 -0.423747815 -3.7279946e-09
v -0.1698237325 -0.412650455 -3.7279946e-09
v -0.186123485 -0.41043261 -3.7279946e-09
v -0.1486448825 -0.428183505 -3.7279946e-09
v -0.1372242275 -0.417086145 -3.7279946e-09
v -0.15352398 -0.4148683 -3.7279946e-09
v -0.1584030775 -0.401553095 -3.7279946e-09
v -0.1469824225 -0.390455735 -3.7279946e-09
v -0.163282175 -0.38823789 -3.7279946e-09
v 0.5259381175 0.05974600025 -3.7279946e-09
v 0.527622135 0.04418683387 -3.7279946e-09
v 0.5386511575 0.05314265562 -3.7279946e-09
v 0.5038800725 0.04183435675 -3.7279946e-09
v 0.50556409 0.02627519038 -3.7279946e-09
v 0.5165931125 0.03523101213 -3.7279946e-09
v 0.5293061525 0.0286276675 -3.7279946e-09
v 0.53099017 0.01306850112 -3.7279946e-09
v 0.5420191925 0.02202432287 -3.7279946e-09
v -0.00472875175 0.4164442875 -3.7279946e-09
v 0.0117647395 0.41651315 -3.7279946e-09
v 0.00496333725 0.4304008225 -3.7279946e-09
v 0.00887405275 0.3886689425 -3.7279946e-09
v 0.025367544 0.388737805 -3.7279946e-09
v 0.01856614175 0.4026254775 -3.7279946e-09
v 0.02825823075 0.4165820125 -3.7279946e-09
v 0.044751722 0.416650875 -3.7279946e-09
v 0.03795031975 0.4305385475 -3.7279946e-09
v -0.48330812 0.01417944925 -3.7279946e-09
v -0.4709995925 0.005455804275 -3.7279946e-09
v -0.4699500725 0.02045599702 -3.7279946e-09
v -0.48540716 -0.01582093625 -3.7279946e-09
v -0.4730986325 -0.02454458123 -3.7279946e-09
v -0.4720491125 -0.009544388475 -3.7279946e-09
v -0.458691065 -0.0032678407 -3.7279946e-09
v -0.4463825375 -0.01199148567 -3.7279946e-09
v -0.4453330175 0.003008707075 -3.7279946e-09
v -0.2284275625 0.4233964 -3.7279946e-09
v -0.2331847 0.43498028 -3.7279946e-09
v -0.2189132875 0.40022864 -3.7279946e-09
v -0.223670425 0.41181252 -3.7279946e-09
v -0.2156708925 0.42361955 -3.7279946e-09
v -0.2029142225 0.4238427 -3.7279946e-09
v -0.20767136 0.43542658 -3.7279946e-09
v 0.085925139 0.5330823675 -3.7279946e-09
v 0.0770497995 0.522903895 -3.7279946e-09
v 0.0912787405 0.5205320275 -3.7279946e-09
v 0.057467257 0.5378261025 -3.7279946e-09
v 0.0485919175 0.52764763 -3.7279946e-09
v 0.0628208585 0.5252757625 -3.7279946e-09
v 0.06817446 0.5127254225 -3.7279946e-09
v 0.0592991205 0.50254695 -3.7279946e-09
v 0.0735280615 0.5001750825 -3.7279946e-09
v -0.2928564525 -0.5020693725 -3.7279946e-09
v -0.2919146975 -0.4845421575 -3.7279946e-09
v -0.2626324975 -0.4807919575 -3.7279946e-09
v -0.2616907425 -0.4632647425 -3.7279946e-09
v -0.27680272 -0.47390345 -3.7279946e-09
v -0.2909729425 -0.4670149425 -3.7279946e-09
v -0.2900311875 -0.4494877275 -3.7279946e-09
v 0.073250187 0.2334719875 -3.7279946e-09
v 0.0897022555 0.2338126275 -3.7279946e-09
v 0.0784901645 0.24733022 -3.7279946e-09
v 0.095674369 0.2064368025 -3.7279946e-09
v 0.1121264375 0.2067774425 -3.7279946e-09
v 0.1009143465 0.220295035 -3.7279946e-09
v 0.106154324 0.2341532675 -3.7279946e-09
v 0.1226063925 0.2344939075 -3.7279946e-09
v 0.1113943015 0.2480115 -3.7279946e-09
v 0.25254733 -0.00549259125 -3.7279946e-09
v 0.244163 0.0084227825 -3.7279946e-09
v 0.238682 -0.00574136925 -3.7279946e-09
v 0.26350933 0.02283571225 -3.7279946e-09
v 0.255125 0.036751086 -3.7279946e-09
v 0.249644 0.02258693425 -3.7279946e-09
v 0.23577867 0.02233815625 -3.7279946e-09
v 0.22739434 0.03625353 -3.7279946e-09
v 0.22191334 0.02208937825 -3.7279946e-09
v 0.2613374825 -0.1319082975 -3.7279946e-09
v 0.27025932 -0.1172313178 -3.7279946e-09
v 0.2534060275 -0.1192241702 -3.7279946e-09
v 0.2950440675 -0.1279225925 -3.7279946e-09
v 0.303965905 -0.1132456128 -3.7279946e-09
v 0.2871126125 -0.1152384653 -3.7279946e-09
v 0.2791811575 -0.102554338 -3.7279946e-09
v 0.288102995 -0.08787735825 -3.7279946e-09
v 0.2712497025 -0.08987021075 -3.7279946e-09
v 0.4113756825 -0.2403549725 -3.7279946e-09
v 0.3971797 -0.2368147825 -3.7279946e-09
v 0.4023642175 -0.2516195 -3.7279946e-09
v 0.4010066475 -0.2107455375 -3.7279946e-09
v 0.386810665 -0.2072053475 -3.7279946e-09
v 0.3919951825 -0.222010065 -3.7279946e-09
v 0.3829837175 -0.2332745925 -3.7279946e-09
v 0.368787735 -0.2297344025 -3.7279946e-09
v 0.3739722525 -0.24453912 -3.7279946e-09
v -0.1475467375 0.5260054075 -3.7279946e-09
v -0.155551 0.5140304225 -3.7279946e-09
v -0.1413387225 0.516219615 -3.7279946e-09
v -0.1759712925 0.5216270225 -3.7279946e-09
v -0.183975555 0.5096520375 -3.7279946e-09
v -0.1697632775 0.51184123 -3.7279946e-09
v -0.1635552625 0.5020554375 -3.7279946e-09
v -0.171559525 0.4900804525 -3.7279946e-09
v -0.1573472475 0.492269645 -3.7279946e-09
v -0.2620755325 0.1544405025 -3.7279946e-09
v -0.2679460625 0.165612775 -3.7279946e-09
v -0.27483457 0.1529134025 -3.7279946e-09
v -0.2482985175 0.1798392475 -3.7279946e-09
v -0.2541690475 0.19101152 -3.7279946e-09
v -0.261057555 0.1783121475 -3.7279946e-09
v -0.2738165925 0.1767850475 -3.7279946e-09
v -0.2796871225 0.18795732 -3.7279946e-09
v -0.28657563 0.1752579475 -3.7279946e-09
v 0.2453894075 -0.4666251525 -3.7279946e-09
v 0.2321357075 -0.4746204775 -3.7279946e-09
v 0.24676117 -0.480010535 -3.7279946e-09
v 0.2161384825 -0.4558450375 -3.7279946e-09
v 0.2028847825 -0.4638403625 -3.7279946e-09
v 0.217510245 -0.46923042 -3.7279946e-09
v 0.2188820075 -0.4826158025 -3.7279946e-09
v 0.2056283075 -0.4906111275 -3.7279946e-09
v 0.22025377 -0.496001185 -3.7279946e-09
v 0.18290974 -0.2020260875 -3.7279946e-09
v 0.194649745 -0.1920429025 -3.7279946e-09
v 0.15942973 -0.2219924575 -3.7279946e-09
v 0.171169735 -0.2120092725 -3.7279946e-09
v 0.185751565 -0.21752155 -3.7279946e-09
v 0.18859339 -0.2330170125 -3.7279946e-09
v 0.200333395 -0.2230338275 -3.7279946e-09
v -0.1981137175 0.2899468175 -3.7279946e-09
v -0.2067054275 0.2779250475 -3.7279946e-09
v -0.19101415 0.27736073 -3.7279946e-09
v -0.2294962725 0.2910754525 -3.7279946e-09
v -0.2380879825 0.2790536825 -3.7279946e-09
v -0.222396705 0.278489365 -3.7279946e-09
v -0.2152971375 0.2659032775 -3.7279946e-09
v -0.2238888475 0.2538815075 -3.7279946e-09
v -0.20819757 0.25331719 -3.7279946e-09
v -0.497576645 0.1809150525 -3.7279946e-09
v -0.4839757325 0.183566055 -3.7279946e-09
v -0.4926707375 0.1948941925 -3.7279946e-09
v -0.480186635 0.1582587775 -3.7279946e-09
v -0.4665857225 0.16090978 -3.7279946e-09
v -0.4752807275 0.1722379175 -3.7279946e-09
v -0.47037482 0.1862170575 -3.7279946e-09
v -0.4567739075 0.18886806 -3.7279946e-09
v -0.4654689125 0.2001961975 -3.7279946e-09
v -0.235026425 -0.45799743 -3.7279946e-09
v -0.237383045 -0.4423085175 -3.7279946e-09
v -0.24987714 -0.4544643375 -3.7279946e-09
v -0.210038235 -0.43368579 -3.7279946e-09
v -0.212394855 -0.4179968775 -3.7279946e-09
v -0.22488895 -0.4301526975 -3.7279946e-09
v -0.239739665 -0.426619605 -3.7279946e-09
v -0.242096285 -0.4109306925 -3.7279946e-09
v -0.25459038 -0.4230865125 -3.7279946e-09
v -0.05907157975 -0.2817356975 -3.7279946e-09
v -0.05368580675 -0.26811034 -3.7279946e-09
v -0.069719775 -0.2691009825 -3.7279946e-09
v -0.02700364325 -0.2797544125 -3.7279946e-09
v -0.02161787025 -0.266129055 -3.7279946e-09
v -0.0376518385 -0.2671196975 -3.7279946e-09
v -0.04830003375 -0.2544849825 -3.7279946e-09
v -0.04291426075 -0.240859625 -3.7279946e-09
v -0.058948229 -0.2418502675 -3.7279946e-09
v -0.2871433675 -0.24024616 -3.7279946e-09
v -0.28773502 -0.254518365 -3.7279946e-09
v -0.2752414525 -0.248361605 -3.7279946e-09
v -0.3121305025 -0.25255968 -3.7279946e-09
v -0.312722155 -0.266831885 -3.7279946e-09
v -0.3002285875 -0.260675125 -3.7279946e-09
v -0.2883266725 -0.26879057 -3.7279946e-09
v -0.288918325 -0.283062775 -3.7279946e-09
v -0.2764247575 -0.276906015 -3.7279946e-09
v 0.22677246 0.2203799325 -3.7279946e-09
v 0.20963057 0.2176542825 -3.7279946e-09
v 0.22210863 0.20707629 -3.7279946e-09
v 0.20181634 0.2415359175 -3.7279946e-09
v 0.18467445 0.2388102675 -3.7279946e-09
v 0.19715251 0.228232275 -3.7279946e-09
v 0.19248868 0.2149286325 -3.7279946e-09
v 0.17534679 0.2122029825 -3.7279946e-09
v 0.18782485 0.20162499 -3.7279946e-09
v -0.481281625 0.044110813 -3.7279946e-09
v -0.493876125 0.05246163 -3.7279946e-09
v -0.4948531 0.037530459 -3.7279946e-09
v -0.479327675 0.073973155 -3.7279946e-09
v -0.491922175 0.082323972 -3.7279946e-09
v -0.49289915 0.067392801 -3.7279946e-09
v -0.506470625 0.060812447 -3.7279946e-09
v -0.519065125 0.069163264 -3.7279946e-09
v -0.5200421 0.054232093 -3.7279946e-09
v -0.03553418975 0.470516495 -3.7279946e-09
v -0.02095490875 0.470570115 -3.7279946e-09
v -0.028956254 0.48396496 -3.7279946e-09
v -0.01953149925 0.443726805 -3.7279946e-09
v -0.00495221825 0.443780425 -3.7279946e-09
v -0.0129535635 0.45717527 -3.7279946e-09
v -0.00637562775 0.470623735 -3.7279946e-09
v 0.00820365325 0.470677355 -3.7279946e-09
v 0.000202308 0.4840722 -3.7279946e-09
v 0.418093085 0.4033346225 -3.7279946e-09
v 0.4280355275 0.392416255 -3.7279946e-09
v 0.4350922525 0.4096412025 -3.7279946e-09
v 0.403979635 0.3688847275 -3.7279946e-09
v 0.4139220775 0.35796636 -3.7279946e-09
v 0.4209788025 0.3751913075 -3.7279946e-09
v 0.43797797 0.3814978875 -3.7279946e-09
v 0.4479204125 0.37057952 -3.7279946e-09
v 0.4549771375 0.3878044675 -3.7279946e-09
v 0.08134355325 -0.4011131 -3.7279946e-09
v 0.06716165975 -0.396699755 -3.7279946e-09
v 0.0709412185 -0.411265815 -3.7279946e-09
v 0.07378443575 -0.37198098 -3.7279946e-09
v 0.05960254225 -0.367567635 -3.7279946e-09
v 0.063382101 -0.382133695 -3.7279946e-09
v 0.05297976625 -0.39228641 -3.7279946e-09
v 0.03879787275 -0.387873065 -3.7279946e-09
v 0.0425774315 -0.402439125 -3.7279946e-09
v 0.24596661 -0.4008547275 -3.7279946e-09
v 0.23086935 -0.3955847875 -3.7279946e-09
v 0.23460483 -0.41010853 -3.7279946e-09
v 0.23849565 -0.3718072425 -3.7279946e-09
v 0.22339839 -0.3665373025 -3.7279946e-09
v 0.22713387 -0.381061045 -3.7279946e-09
v 0.21577209 -0.3903148475 -3.7279946e-09
v 0.20067483 -0.3850449075 -3.7279946e-09
v 0.20441031 -0.39956865 -3.7279946e-09
v 0.4946896175 -0.3096968675 -3.7279946e-09
v 0.47824425 -0.30702247 -3.7279946e-09
v 0.4854978425 -0.3223050325 -3.7279946e-09
v 0.4801824325 -0.2791317425 -3.7279946e-09
v 0.463737065 -0.276457345 -3.7279946e-09
v 0.4709906575 -0.2917399075 -3.7279946e-09
v 0.4617988825 -0.3043480725 -3.7279946e-09
v 0.445353515 -0.301673675 -3.7279946e-09
v 0.4526071075 -0.3169562375 -3.7279946e-09
v 0.556898815 -0.065054473 -3.7279946e-09
v 0.5696888675 -0.05951026025 -3.7279946e-09
v 0.5586800825 -0.04762640125 -3.7279946e-09
v 0.578916385 -0.088822191 -3.7279946e-09
v 0.5917064375 -0.08327797825 -3.7279946e-09
v 0.5806976525 -0.07139411925 -3.7279946e-09
v 0.58247892 -0.0539660475 -3.7279946e-09
v 0.5952689725 -0.04842183475 -3.7279946e-09
v 0.5842601875 -0.03653797575 -3.7279946e-09
v 0.56839412 0.1842765125 -3.7279946e-09
v 0.5529564825 0.188115025 -3.7279946e-09
v 0.5581662325 0.1724177025 -3.7279946e-09
v 0.55797462 0.2156711575 -3.7279946e-09
v 0.5425369825 0.21950967 -3.7279946e-09
v 0.5477467325 0.2038123475 -3.7279946e-09
v 0.537518845 0.1919535375 -3.7279946e-09
v 0.5220812075 0.19579205 -3.7279946e-09
v 0.5272909575 0.1800947275 -3.7279946e-09
v -0.3129250625 0.3712660525 -3.7279946e-09
v -0.316636625 0.385750895 -3.7279946e-09
v -0.3264295125 0.3760641925 -3.7279946e-09
v -0.2933392875 0.3906394575 -3.7279946e-09
v -0.29705085 0.4051243 -3.7279946e-09
v -0.3068437375 0.3954375975 -3.7279946e-09
v -0.3203481875 0.4002357375 -3.7279946e-09
v -0.32405975 0.41472058 -3.7279946e-09
v -0.3338526375 0.4050338775 -3.7279946e-09
v -0.0995378815 -0.2023803925 -3.7279946e-09
v -0.08846428 -0.2118347425 -3.7279946e-09
v -0.0867832605 -0.19986186 -3.7279946e-09
v -0.1028999205 -0.2263261575 -3.7279946e-09
v -0.091826319 -0.2357805075 -3.7279946e-09
v -0.0901452995 -0.223807625 -3.7279946e-09
v -0.0773906785 -0.2212890925 -3.7279946e-09
v -0.066317077 -0.2307434425 -3.7279946e-09
v -0.0646360575 -0.21877056 -3.7279946e-09
v -0.308753795 -0.1239759442 -3.7279946e-09
v -0.322535805 -0.1278021042 -3.7279946e-09
v -0.3129821 -0.14083933 -3.7279946e-09
v -0.327861205 -0.09790149275 -3.7279946e-09
v -0.341643215 -0.1017276527 -3.7279946e-09
v -0.33208951 -0.1147648785 -3.7279946e-09
v -0.336317815 -0.1316282643 -3.7279946e-09
v -0.350099825 -0.1354544242 -3.7279946e-09
v -0.34054612 -0.14849165 -3.7279946e-09
v 0.4685585975 0.1611368775 -3.7279946e-09
v 0.455189775 0.1662746075 -3.7279946e-09
v 0.4579093775 0.15148487 -3.7279946e-09
v 0.4631193925 0.1907163525 -3.7279946e-09
v 0.44975057 0.1958540825 -3.7279946e-09
v 0.4524701725 0.181064345 -3.7279946e-09
v 0.4418209525 0.1714123375 -3.7279946e-09
v 0.42845213 0.1765500675 -3.7279946e-09
v 0.4311717325 0.16176033 -3.7279946e-09
v 0.2145488325 0.135299165 -3.7279946e-09
v 0.2291222525 0.1355738325 -3.7279946e-09
v 0.2216187 0.1495529975 -3.7279946e-09
v 0.2295559375 0.107340835 -3.7279946e-09
v 0.2441293575 0.1076155025 -3.7279946e-09
v 0.236625805 0.1215946675 -3.7279946e-09
v 0.2436956725 0.1358485 -3.7279946e-09
v 0.2582690925 0.1361231675 -3.7279946e-09
v 0.25076554 0.1501023325 -3.7279946e-09
v -0.07377079425 0.34433706 -3.7279946e-09
v -0.07999384275 0.35711318 -3.7279946e-09
v -0.0892308245 0.34525595 -3.7279946e-09
v -0.05529683075 0.36805152 -3.7279946e-09
v -0.06151987925 0.38082764 -3.7279946e-09
v -0.070756861 0.36897041 -3.7279946e-09
v -0.08621689125 0.3698893 -3.7279946e-09
v -0.09243993975 0.38266542 -3.7279946e-09
v -0.1016769215 0.37080819 -3.7279946e-09
v -0.253099815 0.08376993275 -3.7279946e-09
v -0.2490520825 0.0689783035 -3.7279946e-09
v -0.2408033775 0.07856583475 -3.7279946e-09
v -0.269597225 0.06459487025 -3.7279946e-09
v -0.2655494925 0.049803241 -3.7279946e-09
v -0.2573007875 0.05939077225 -3.7279946e-09
v -0.24500435 0.05418667425 -3.7279946e-09
v -0.2409566175 0.039395045 -3.7279946e-09
v -0.2327079125 0.04898257625 -3.7279946e-09
v -0.3482036975 0.1890746525 -3.7279946e-09
v -0.34532376 0.174350625 -3.7279946e-09
v -0.3356325925 0.1868562825 -3.7279946e-09
v -0.3675860325 0.1640633375 -3.7279946e-09
v -0.364706095 0.14933931 -3.7279946e-09
v -0.3550149275 0.1618449675 -3.7279946e-09
v -0.3424438225 0.1596265975 -3.7279946e-09
v -0.339563885 0.14490257 -3.7279946e-09
v -0.3298727175 0.1574082275 -3.7279946e-09
v 0.338312765 -0.08509238625 -3.7279946e-09
v 0.3445977925 -0.10115582 -3.7279946e-09
v 0.3534029275 -0.08754336875 -3.7279946e-09
v 0.320702495 -0.1123172888 -3.7279946e-09
v 0.3269875225 -0.1283807225 -3.7279946e-09
v 0.3357926575 -0.1147682713 -3.7279946e-09
v 0.35088282 -0.1172192538 -3.7279946e-09
v 0.3571678475 -0.1332826875 -3.7279946e-09
v 0.3659729825 -0.1196702363 -3.7279946e-09
v 0.0657205345 -0.3426062575 -3.7279946e-09
v 0.05060562007 -0.3385304 -3.7279946e-09
v 0.05488996257 -0.3533390625 -3.7279946e-09
v 0.0571518495 -0.3129889325 -3.7279946e-09
v 0.04203693508 -0.308913075 -3.7279946e-09
v 0.04632127757 -0.3237217375 -3.7279946e-09
v 0.03549070565 -0.3344545425 -3.7279946e-09
v 0.02037579122 -0.330378685 -3.7279946e-09
v 0.02466013372 -0.3451873475 -3.7279946e-09
v 0.35545334 -0.02085597352 -3.7279946e-09
v 0.366117805 -0.0297351696 -3.7279946e-09
v 0.368896285 -0.01286051577 -3.7279946e-09
v 0.34989638 -0.05460528117 -3.7279946e-09
v 0.360560845 -0.06348447725 -3.7279946e-09
v 0.363339325 -0.04660982343 -3.7279946e-09
v 0.37678227 -0.03861436567 -3.7279946e-09
v 0.387446735 -0.04749356175 -3.7279946e-09
v 0.390225215 -0.03061890793 -3.7279946e-09
v 0.53044924 -0.0945819285 -3.7279946e-09
v 0.524009925 -0.085109548 -3.7279946e-09
v 0.518862995 -0.0989133195 -3.7279946e-09
v 0.5407431 -0.0669743855 -3.7279946e-09
v 0.534303785 -0.057502005 -3.7279946e-09
v 0.529156855 -0.0713057765 -3.7279946e-09
v 0.51757061 -0.0756371675 -3.7279946e-09
v 0.511131295 -0.066164787 -3.7279946e-09
v 0.505984365 -0.0799685585 -3.7279946e-09
v 0.2820479475 0.4598228525 -3.7279946e-09
v 0.296753315 0.4671558225 -3.7279946e-09
v 0.2838712675 0.47792884 -3.7279946e-09
v 0.3078120425 0.4382768175 -3.7279946e-09
v 0.3096353625 0.456382805 -3.7279946e-09
v 0.3114586825 0.4744887925 -3.7279946e-09
v 0.3132820025 0.49259478 -3.7279946e-09
v -0.1517810925 -0.5373324925 -3.7279946e-09
v -0.138408405 -0.541337645 -3.7279946e-09
v -0.1424934625 -0.5262658825 -3.7279946e-09
v -0.1436109775 -0.5674760175 -3.7279946e-09
v -0.13023829 -0.57148117 -3.7279946e-09
v -0.1343233475 -0.5564094075 -3.7279946e-09
v -0.1250357175 -0.5453427975 -3.7279946e-09
v -0.11166303 -0.54934795 -3.7279946e-09
v -0.1157480875 -0.5342761875 -3.7279946e-09
v -0.1253559625 -0.493435605 -3.7279946e-09
v -0.1221533375 -0.5070491325 -3.7279946e-09
v -0.111983275 -0.4974407575 -3.7279946e-09
v -0.1456960875 -0.512652355 -3.7279946e-09
v -0.1323234 -0.5166575075 -3.7279946e-09
v -0.1189507125 -0.52066266 -3.7279946e-09
v -0.105578025 -0.5246678125 -3.7279946e-09
v 0.11163979 0.54296909 -3.7279946e-09
v 0.105855053 0.558637765 -3.7279946e-09
v 0.094369343 0.546379175 -3.7279946e-09
v 0.13461121 0.56748627 -3.7279946e-09
v 0.128826473 0.583154945 -3.7279946e-09
v 0.117340763 0.570896355 -3.7279946e-09
v 0.100070316 0.57430644 -3.7279946e-09
v 0.094285579 0.589975115 -3.7279946e-09
v 0.082799869 0.577716525 -3.7279946e-09
v -0.4746982775 -0.1755733575 -3.7279946e-09
v -0.485998025 -0.1818894 -3.7279946e-09
v -0.4739042375 -0.1901388925 -3.7279946e-09
v -0.4988858525 -0.1590743725 -3.7279946e-09
v -0.5101856 -0.165390415 -3.7279946e-09
v -0.4980918125 -0.1736399075 -3.7279946e-09
v -0.4972977725 -0.1882054425 -3.7279946e-09
v -0.50859752 -0.194521485 -3.7279946e-09
v -0.4965037325 -0.2027709775 -3.7279946e-09
v -0.4202767525 -0.310202305 -3.7279946e-09
v -0.4330384175 -0.3028787975 -3.7279946e-09
v -0.432835505 -0.3173962325 -3.7279946e-09
v -0.4206825775 -0.281167435 -3.7279946e-09
v -0.4334442425 -0.2738439275 -3.7279946e-09
v -0.43324133 -0.2883613625 -3.7279946e-09
v -0.4458000825 -0.29555529 -3.7279946e-09
v -0.4585617475 -0.2882317825 -3.7279946e-09
v -0.458358835 -0.3027492175 -3.7279946e-09
v -0.172742305 0.4691334275 -3.7279946e-09
v -0.16515333 0.4573750225 -3.7279946e-09
v -0.187523895 0.4468109625 -3.7279946e-09
v -0.17993492 0.4350525575 -3.7279946e-09
v -0.172544125 0.44621379 -3.7279946e-09
v -0.157564355 0.4456166175 -3.7279946e-09
v -0.14997538 0.4338582125 -3.7279946e-09
v 0.51859779 -0.2133431875 -3.7279946e-09
v 0.52723208 -0.1985248 -3.7279946e-09
v 0.51378414 -0.1988063025 -3.7279946e-09
v 0.54549367 -0.2127801825 -3.7279946e-09
v 0.55412796 -0.197961795 -3.7279946e-09
v 0.54068002 -0.1982432975 -3.7279946e-09
v 0.53586637 -0.1837064125 -3.7279946e-09
v 0.54450066 -0.168888025 -3.7279946e-09
v 0.53105272 -0.1691695275 -3.7279946e-09
v 0.511716905 0.276171115 -3.7279946e-09
v 0.50466833 0.2651223775 -3.7279946e-09
v 0.521920875 0.2677938825 -3.7279946e-09
v 0.477211815 0.270828105 -3.7279946e-09
v 0.47016324 0.2597793675 -3.7279946e-09
v 0.487415785 0.2624508725 -3.7279946e-09
v 0.497619755 0.25407364 -3.7279946e-09
v 0.49057118 0.2430249025 -3.7279946e-09
v 0.507823725 0.2456964075 -3.7279946e-09
v -0.4299566225 0.2390938675 -3.7279946e-09
v -0.4224696275 0.2282719625 -3.7279946e-09
v -0.415165835 0.240354185 -3.7279946e-09
v -0.4445642075 0.2149294225 -3.7279946e-09
v -0.4370772125 0.2041075175 -3.7279946e-09
v -0.42977342 0.21618974 -3.7279946e-09
v -0.4149826325 0.2174500575 -3.7279946e-09
v -0.4074956375 0.2066281525 -3.7279946e-09
v -0.400191845 0.218710375 -3.7279946e-09
v 0.1075147565 -0.46199286 -3.7279946e-09
v 0.1048427265 -0.447951165 -3.7279946e-09
v 0.093139202 -0.457804245 -3.7279946e-09
v 0.1309218055 -0.4422867 -3.7279946e-09
v 0.1282497755 -0.428245005 -3.7279946e-09
v 0.116546251 -0.438098085 -3.7279946e-09
v 0.1021706965 -0.43390947 -3.7279946e-09
v 0.0994986665 -0.419867775 -3.7279946e-09
v 0.087795142 -0.429720855 -3.7279946e-09
v -0.4262198225 -0.3750672475 -3.7279946e-09
v -0.434650675 -0.38066521 -3.7279946e-09
v -0.4182055725 -0.3842167025 -3.7279946e-09
v -0.4591100275 -0.3679642625 -3.7279946e-09
v -0.46754088 -0.373562225 -3.7279946e-09
v -0.4510957775 -0.3771137175 -3.7279946e-09
v -0.4430815275 -0.3862631725 -3.7279946e-09
v -0.45151238 -0.391861135 -3.7279946e-09
v -0.4350672775 -0.3954126275 -3.7279946e-09
v 0.5762204375 0.0961709305 -3.7279946e-09
v 0.57819673 0.0804441425 -3.7279946e-09
v 0.5912811625 0.089600512 -3.7279946e-09
v 0.5500515725 0.0778581915 -3.7279946e-09
v 0.552027865 0.0621314035 -3.7279946e-09
v 0.5651122975 0.071287773 -3.7279946e-09
v 0.5801730225 0.0647173545 -3.7279946e-09
v 0.582149315 0.0489905665 -3.7279946e-09
v 0.5952337475 0.058146936 -3.7279946e-09
v 0.3266563425 0.1309377812 -3.7279946e-09
v 0.3401823475 0.1267110537 -3.7279946e-09
v 0.335912775 0.1394089525 -3.7279946e-09
v 0.3351954875 0.1055419838 -3.7279946e-09
v 0.3487214925 0.1013152563 -3.7279946e-09
v 0.34445192 0.114013155 -3.7279946e-09
v 0.3537083525 0.1224843262 -3.7279946e-09
v 0.3672343575 0.1182575987 -3.7279946e-09
v 0.362964785 0.1309554975 -3.7279946e-09
v -0.3123528625 -0.09754983925 -3.7279946e-09
v -0.3219065675 -0.0845126135 -3.7279946e-09
v -0.2932454525 -0.1236242907 -3.7279946e-09
v -0.3027991575 -0.110587065 -3.7279946e-09
v -0.29684452 -0.09719818575 -3.7279946e-09
v -0.2813361775 -0.09684653225 -3.7279946e-09
v -0.2908898825 -0.0838093065 -3.7279946e-09
v -0.5735770625 -0.1212218 -3.7279946e-09
v -0.58352266 -0.13017544 -3.7279946e-09
v -0.5536858675 -0.10331452 -3.7279946e-09
v -0.563631465 -0.11226816 -3.7279946e-09
v -0.5763592225 -0.10816318 -3.7279946e-09
v -0.5791413825 -0.09510456 -3.7279946e-09
v -0.58908698 -0.1040582 -3.7279946e-09
v 0.06841159575 0.44088997 -3.7279946e-09
v 0.0709638235 0.45573727 -3.7279946e-09
v 0.05699603875 0.44545471 -3.7279946e-09
v 0.09634716525 0.46145509 -3.7279946e-09
v 0.098899393 0.47630239 -3.7279946e-09
v 0.08493160825 0.46601983 -3.7279946e-09
v 0.07351605125 0.47058457 -3.7279946e-09
v 0.076068279 0.48543187 -3.7279946e-09
v 0.06210049425 0.47514931 -3.7279946e-09
v -0.04211459675 -0.56473171 -3.7279946e-09
v -0.02776245403 -0.5625430425 -3.7279946e-09
v -0.03733878827 -0.5515171725 -3.7279946e-09
v -0.02296192825 -0.58678345 -3.7279946e-09
v -0.008609785525 -0.5845947825 -3.7279946e-09
v -0.01818611977 -0.5735689125 -3.7279946e-09
v -0.0134103113 -0.560354375 -3.7279946e-09
v 0.000941831425 -0.5581657075 -3.7279946e-09
v -0.008634502825 -0.5471398375 -3.7279946e-09
v -0.0633911955 -0.460327505 -3.7279946e-09
v -0.04904906173 -0.47042634 -3.7279946e-09
v -0.05144300723 -0.454849135 -3.7279946e-09
v -0.0586033045 -0.491481915 -3.7279946e-09
v -0.04426117072 -0.50158075 -3.7279946e-09
v -0.04665511623 -0.486003545 -3.7279946e-09
v -0.03470692795 -0.480525175 -3.7279946e-09
v -0.02036479417 -0.49062401 -3.7279946e-09
v -0.02275873968 -0.475046805 -3.7279946e-09
v -0.411878495 -0.218175235 -3.7279946e-09
v -0.407436765 -0.20581519 -3.7279946e-09
v -0.42052619 -0.204683665 -3.7279946e-09
v -0.385699645 -0.220438285 -3.7279946e-09
v -0.381257915 -0.20807824 -3.7279946e-09
v -0.39434734 -0.206946715 -3.7279946e-09
v -0.402995035 -0.193455145 -3.7279946e-09
v -0.398553305 -0.1810951 -3.7279946e-09
v -0.41164273 -0.179963575 -3.7279946e-09
v -0.2284039125 -0.210193575 -3.7279946e-09
v -0.24255416 -0.21366385 -3.7279946e-09
v -0.2321990575 -0.223678575 -3.7279946e-09
v -0.2491141175 -0.190164125 -3.7279946e-09
v -0.263264365 -0.1936344 -3.7279946e-09
v -0.2529092625 -0.203649125 -3.7279946e-09
v -0.2567044075 -0.217134125 -3.7279946e-09
v -0.270854655 -0.2206044 -3.7279946e-09
v -0.2604995525 -0.230619125 -3.7279946e-09
v -0.003229516225 0.0763451785 -3.7279946e-09
v -0.0177155759 0.0738852075 -3.7279946e-09
v -0.008050130975 0.062116527 -3.7279946e-09
v -0.02256040608 0.0998825395 -3.7279946e-09
v -0.03704646575 0.0974225685 -3.7279946e-09
v -0.02738102083 0.085653888 -3.7279946e-09
v -0.03220163557 0.0714252365 -3.7279946e-09
v -0.04668769525 0.0689652655 -3.7279946e-09
v -0.03702225032 0.057196585 -3.7279946e-09
v -0.02228621925 0.179668665 -3.7279946e-09
v -0.03777169325 0.1768915 -3.7279946e-09
v -0.028292925 0.164474155 -3.7279946e-09
v -0.04124375575 0.204503355 -3.7279946e-09
v -0.05672922975 0.20172619 -3.7279946e-09
v -0.0472504615 0.189308845 -3.7279946e-09
v -0.05325716725 0.174114335 -3.7279946e-09
v -0.06874264125 0.17133717 -3.7279946e-09
v -0.059263873 0.158919825 -3.7279946e-09
v -0.3887743425 0.1547338375 -3.7279946e-09
v -0.40022838 0.1451827625 -3.7279946e-09
v -0.4117686275 0.1610861525 -3.7279946e-09
v -0.423222665 0.1515350775 -3.7279946e-09
v -0.4117255225 0.14835892 -3.7279946e-09
v -0.4116824175 0.1356316875 -3.7279946e-09
v -0.423136455 0.1260806125 -3.7279946e-09
v 0.21963715 -0.3521192225 -3.7279946e-09
v 0.20827537 -0.361373025 -3.7279946e-09
v 0.18939111 -0.3417906675 -3.7279946e-09
v 0.19315235 -0.3562087475 -3.7279946e-09
v 0.19691359 -0.3706268275 -3.7279946e-09
v -0.236565615 0.3776777675 -3.7279946e-09
v -0.231283585 0.365270675 -3.7279946e-09
v -0.22163079 0.3760145175 -3.7279946e-09
v -0.255871205 0.3561900825 -3.7279946e-09
v -0.250589175 0.34378299 -3.7279946e-09
v -0.24093638 0.3545268325 -3.7279946e-09
v -0.226001555 0.3528635825 -3.7279946e-09
v -0.220719525 0.34045649 -3.7279946e-09
v -0.21106673 0.3512003325 -3.7279946e-09
v -0.287940035 0.44193082 -3.7279946e-09
v -0.2770742325 0.4366703425 -3.7279946e-09
v -0.2785387775 0.4505385625 -3.7279946e-09
v -0.285010945 0.41419438 -3.7279946e-09
v -0.2756096875 0.4228021225 -3.7279946e-09
v -0.26620843 0.431409865 -3.7279946e-09
v -0.2568071725 0.4400176075 -3.7279946e-09
v 0.420219985 0.1519595575 -3.7279946e-09
v 0.4335888075 0.1468218275 -3.7279946e-09
v 0.425054135 0.1220825525 -3.7279946e-09
v 0.4384229575 0.1169448225 -3.7279946e-09
v 0.4360058825 0.131883325 -3.7279946e-09
v 0.44695763 0.1416840975 -3.7279946e-09
v 0.4603264525 0.1365463675 -3.7279946e-09
v 0.45882406 0.3633485325 -3.7279946e-09
v 0.4673108975 0.351816695 -3.7279946e-09
v 0.4734064175 0.3653542625 -3.7279946e-09
v 0.44663302 0.3362733975 -3.7279946e-09
v 0.4551198575 0.32474156 -3.7279946e-09
v 0.4612153775 0.3382791275 -3.7279946e-09
v 0.475797735 0.3402848575 -3.7279946e-09
v 0.4842845725 0.32875302 -3.7279946e-09
v 0.4903800925 0.3422905875 -3.7279946e-09
v 0.238453855 -0.1189730268 -3.7279946e-09
v 0.222058955 -0.1150601293 -3.7279946e-09
v 0.22808929 -0.1299882525 -3.7279946e-09
v 0.226393185 -0.08911678025 -3.7279946e-09
v 0.209998285 -0.08520388275 -3.7279946e-09
v 0.21602862 -0.100132006 -3.7279946e-09
v 0.205664055 -0.1111472318 -3.7279946e-09
v 0.189269155 -0.1072343343 -3.7279946e-09
v 0.19529949 -0.1221624575 -3.7279946e-09
v 0.14834183 -0.23170518 -3.7279946e-09
v 0.16292366 -0.2372174575 -3.7279946e-09
v 0.15532969 -0.26215518 -3.7279946e-09
v 0.16991152 -0.2676674575 -3.7279946e-09
v 0.16641759 -0.2524424575 -3.7279946e-09
v 0.17750549 -0.242729735 -3.7279946e-09
v 0.19208732 -0.2482420125 -3.7279946e-09
v -0.15071554 0.3489330775 -3.7279946e-09
v -0.1659773375 0.3494763675 -3.7279946e-09
v -0.1599993075 0.33716337 -3.7279946e-09
v -0.1626716 0.3735590725 -3.7279946e-09
v -0.1779333975 0.3741023625 -3.7279946e-09
v -0.1719553675 0.361789365 -3.7279946e-09
v -0.181239135 0.3500196575 -3.7279946e-09
v -0.1965009325 0.3505629475 -3.7279946e-09
v -0.1905229025 0.33824995 -3.7279946e-09
v -0.342221195 0.03797279225 -3.7279946e-09
v -0.34469373 0.0228984785 -3.7279946e-09
v -0.331787765 0.02826451225 -3.7279946e-09
v -0.368033125 0.02724072475 -3.7279946e-09
v -0.37050566 0.012166411 -3.7279946e-09
v -0.357599695 0.01753244475 -3.7279946e-09
v -0.347166265 0.00782416475 -3.7279946e-09
v -0.3496388 -0.007250149 -3.7279946e-09
v -0.336732835 -0.00188411525 -3.7279946e-09
v 0.4987912325 -0.03434381475 -3.7279946e-09
v 0.51062875 -0.0420632115 -3.7279946e-09
v 0.5103774775 -0.03001242375 -3.7279946e-09
v 0.4992937775 -0.05844539025 -3.7279946e-09
v 0.5108800225 -0.05411399925 -3.7279946e-09
v 0.5224662675 -0.04978260825 -3.7279946e-09
v 0.5340525125 -0.04545121725 -3.7279946e-09
v -0.2687606025 -0.416198005 -3.7279946e-09
v -0.2664039825 -0.4318869175 -3.7279946e-09
v -0.2923878075 -0.433798815 -3.7279946e-09
v -0.278217585 -0.4406873225 -3.7279946e-09
v -0.2640473625 -0.44757583 -3.7279946e-09
v -0.4594674925 -0.3199959825 -3.7279946e-09
v -0.4616848075 -0.3544895125 -3.7279946e-09
v -0.46057615 -0.3372427475 -3.7279946e-09
v -0.4467058275 -0.32731949 -3.7279946e-09
v -0.4339441625 -0.3346429975 -3.7279946e-09
v -0.4887150025 -0.2607589725 -3.7279946e-09
v -0.472371095 -0.2550542975 -3.7279946e-09
v -0.5214028175 -0.2721683225 -3.7279946e-09
v -0.50505891 -0.2664636475 -3.7279946e-09
v -0.4882981375 -0.27421611 -3.7279946e-09
v -0.4878812725 -0.2876732475 -3.7279946e-09
v -0.471537365 -0.2819685725 -3.7279946e-09
v -0.20412723 -0.5492107475 -3.7279946e-09
v -0.2196439825 -0.54289497 -3.7279946e-09
v -0.2172800025 -0.5564496225 -3.7279946e-09
v -0.20885519 -0.5221014425 -3.7279946e-09
v -0.2243719425 -0.515785665 -3.7279946e-09
v -0.2220079625 -0.5293403175 -3.7279946e-09
v -0.235160735 -0.5365791925 -3.7279946e-09
v -0.2506774875 -0.530263415 -3.7279946e-09
v -0.2483135075 -0.5438180675 -3.7279946e-09
v 0.059627696 0.3682105425 -3.7279946e-09
v 0.05055391175 0.3549592075 -3.7279946e-09
v 0.06520465875 0.352768965 -3.7279946e-09
v 0.030326202 0.3725910275 -3.7279946e-09
v 0.02125241775 0.3593396925 -3.7279946e-09
v 0.03590316475 0.35714945 -3.7279946e-09
v 0.0414801275 0.3417078725 -3.7279946e-09
v 0.03240634325 0.3284565375 -3.7279946e-09
v 0.04705709025 0.326266295 -3.7279946e-09
v 0.1910498975 0.4632148 -3.7279946e-09
v 0.177610895 0.4673066925 -3.7279946e-09
v 0.2179279025 0.455031015 -3.7279946e-09
v 0.2044889 0.4591229075 -3.7279946e-09
v 0.2036320425 0.4731895725 -3.7279946e-09
v 0.2162141875 0.483164345 -3.7279946e-09
v 0.202775185 0.4872562375 -3.7279946e-09
v 0.3669013375 0.0567588255 -3.7279946e-09
v 0.361132 0.04032951182 -3.7279946e-09
v 0.3755398325 0.04530662132 -3.7279946e-09
v 0.3380856725 0.0468046065 -3.7279946e-09
v 0.332316335 0.03037529282 -3.7279946e-09
v 0.3467241675 0.03535240232 -3.7279946e-09
v 0.3553626625 0.02390019815 -3.7279946e-09
v 0.349593325 0.007470884475 -3.7279946e-09
v 0.3640011575 0.01244799398 -3.7279946e-09
v -0.04451268687 -0.104712725 -3.7279946e-09
v -0.03836804263 -0.09177527325 -3.7279946e-09
v -0.05460406375 -0.09042022825 -3.7279946e-09
v -0.01204064462 -0.107422815 -3.7279946e-09
v -0.005896000375 -0.09448536325 -3.7279946e-09
v -0.0221320215 -0.09313031825 -3.7279946e-09
v -0.03222339838 -0.0788378215 -3.7279946e-09
v -0.02607875412 -0.06590036975 -3.7279946e-09
v -0.04231477525 -0.06454532475 -3.7279946e-09
v 0.0369082115 -0.293326145 -3.7279946e-09
v 0.02607763957 -0.30405895 -3.7279946e-09
v 0.0049896205 -0.283617895 -3.7279946e-09
v -0.005840951425 -0.2943507 -3.7279946e-09
v 0.01011834408 -0.299204825 -3.7279946e-09
v 0.01524706765 -0.314791755 -3.7279946e-09
v 0.004416495725 -0.32552456 -3.7279946e-09
v -0.329277645 -0.02333650125 -3.7279946e-09
v -0.316141435 -0.01702785267 -3.7279946e-09
v -0.32606916 -0.01064978042 -3.7279946e-09
v -0.309422195 -0.03609264575 -3.7279946e-09
v -0.296285985 -0.02978399718 -3.7279946e-09
v -0.30621371 -0.02340592493 -3.7279946e-09
v -0.303005225 -0.0107192041 -3.7279946e-09
v -0.289869015 -0.004410555525 -3.7279946e-09
v -0.29979674 0.001967516725 -3.7279946e-09
v -0.43654339 -0.122817975 -3.7279946e-09
v -0.433709975 -0.1077438457 -3.7279946e-09
v -0.447808705 -0.1130624107 -3.7279946e-09
v -0.40834593 -0.112180845 -3.7279946e-09
v -0.405512515 -0.09710671575 -3.7279946e-09
v -0.419611245 -0.1024252808 -3.7279946e-09
v -0.43087656 -0.0926697165 -3.7279946e-09
v -0.428043145 -0.07759558725 -3.7279946e-09
v -0.442141875 -0.08291415225 -3.7279946e-09
v -0.163890385 0.192004 -3.7279946e-09
v -0.1576248075 0.204465765 -3.7279946e-09
v -0.1734138625 0.203318205 -3.7279946e-09
v -0.132312275 0.19429912 -3.7279946e-09
v -0.1260466975 0.206760885 -3.7279946e-09
v -0.1418357525 0.205613325 -3.7279946e-09
v -0.15135923 0.21692753 -3.7279946e-09
v -0.1450936525 0.229389295 -3.7279946e-09
v -0.1608827075 0.228241735 -3.7279946e-09
v -0.01733305425 0.2696469 -3.7279946e-09
v -0.029326175 0.2572221975 -3.7279946e-09
v -0.01474316175 0.2541948075 -3.7279946e-09
v -0.04649908075 0.27570168 -3.7279946e-09
v -0.0584922015 0.2632769775 -3.7279946e-09
v -0.04390918825 0.2602495875 -3.7279946e-09
v -0.04131929575 0.244797495 -3.7279946e-09
v -0.0533124165 0.2323727925 -3.7279946e-09
v -0.03872940325 0.2293454025 -3.7279946e-09
v 0.2608399275 -0.206887835 -3.7279946e-09
v 0.27113405 -0.1997895825 -3.7279946e-09
v 0.2570828925 -0.1936640975 -3.7279946e-09
v 0.2889422425 -0.219138805 -3.7279946e-09
v 0.299236365 -0.2120405525 -3.7279946e-09
v 0.2851852075 -0.2059150675 -3.7279946e-09
v 0.2814281725 -0.19269133 -3.7279946e-09
v 0.291722295 -0.1855930775 -3.7279946e-09
v 0.2776711375 -0.1794675925 -3.7279946e-09
v 0.2035287425 -0.2933784525 -3.7279946e-09
v 0.1924881525 -0.3028572475 -3.7279946e-09
v 0.20738986 -0.308190005 -3.7279946e-09
v 0.1737253275 -0.2827129375 -3.7279946e-09
v 0.1626847375 -0.2921917325 -3.7279946e-09
v 0.177586445 -0.29752449 -3.7279946e-09
v 0.1814475625 -0.3123360425 -3.7279946e-09
v 0.1704069725 -0.3218148375 -3.7279946e-09
v 0.18530868 -0.327147595 -3.7279946e-09
v 0.3646388075 -0.25575844 -3.7279946e-09
v 0.37883479 -0.25929863 -3.7279946e-09
v 0.3743638825 -0.28527746 -3.7279946e-09
v 0.388559865 -0.28881765 -3.7279946e-09
v 0.3836973275 -0.27405814 -3.7279946e-09
v 0.3930307725 -0.26283882 -3.7279946e-09
v 0.407226755 -0.26637901 -3.7279946e-09
v 0.4883712075 -0.265902485 -3.7279946e-09
v 0.49642646 -0.2533463625 -3.7279946e-09
v 0.5192559425 -0.270009095 -3.7279946e-09
v 0.527311195 -0.2574529725 -3.7279946e-09
v 0.5118688275 -0.2553996675 -3.7279946e-09
v 0.5044817125 -0.24079024 -3.7279946e-09
v 0.512536965 -0.2282341175 -3.7279946e-09
v 0.02820169597 -0.44955475 -3.7279946e-09
v 0.01591586375 -0.457263845 -3.7279946e-09
v 0.02844089077 -0.462018355 -3.7279946e-09
v 0.003151641925 -0.44004573 -3.7279946e-09
v -0.0091341903 -0.447754825 -3.7279946e-09
v 0.003390836725 -0.452509335 -3.7279946e-09
v 0.003630031525 -0.46497294 -3.7279946e-09
v -0.0086558007 -0.472682035 -3.7279946e-09
v 0.003869226325 -0.477436545 -3.7279946e-09
v 0.11990597 0.3992587675 -3.7279946e-09
v 0.134107735 0.3961314975 -3.7279946e-09
v 0.130299185 0.41056167 -3.7279946e-09
v 0.12752307 0.3703984225 -3.7279946e-09
v 0.141724835 0.3672711525 -3.7279946e-09
v 0.137916285 0.381701325 -3.7279946e-09
v 0.1483095 0.3930042275 -3.7279946e-09
v 0.162511265 0.3898769575 -3.7279946e-09
v 0.158702715 0.40430713 -3.7279946e-09
v 0.275264845 0.162440825 -3.7279946e-09
v 0.268742735 0.17729706 -3.7279946e-09
v 0.25881685 0.165233235 -3.7279946e-09
v 0.295116615 0.186568475 -3.7279946e-09
v 0.288594505 0.20142471 -3.7279946e-09
v 0.27866862 0.189360885 -3.7279946e-09
v 0.262220625 0.192153295 -3.7279946e-09
v 0.255698515 0.20700953 -3.7279946e-09
v 0.24577263 0.194945705 -3.7279946e-09
v -0.039471032 0.5812885225 -3.7279946e-09
v -0.022317944 0.5818896375 -3.7279946e-09
v -0.030822023 0.596513785 -3.7279946e-09
v -0.022462874 0.5520402275 -3.7279946e-09
v -0.013813865 0.56726549 -3.7279946e-09
v -0.005164856 0.5824907525 -3.7279946e-09
v 0.003484153 0.597716015 -3.7279946e-09
v 0.04683133725 0.5010792525 -3.7279946e-09
v 0.05218493875 0.4885289125 -3.7279946e-09
v 0.03612413425 0.5261799325 -3.7279946e-09
v 0.04147773575 0.5136295925 -3.7279946e-09
v 0.034363554 0.499611555 -3.7279946e-09
v 0.02189577075 0.4981438575 -3.7279946e-09
v 0.02724937225 0.4855935175 -3.7279946e-09
v -0.4687394375 0.2484123325 -3.7279946e-09
v -0.4615213275 0.2604133375 -3.7279946e-09
v -0.47688353 0.259492085 -3.7279946e-09
v -0.4380150325 0.2502548375 -3.7279946e-09
v -0.4307969225 0.2622558425 -3.7279946e-09
v -0.446159125 0.26133459 -3.7279946e-09
v -0.4543032175 0.2724143425 -3.7279946e-09
v -0.4470851075 0.2844153475 -3.7279946e-09
v -0.46244731 0.283494095 -3.7279946e-09
v -0.2943533225 -0.418520195 -3.7279946e-09
v -0.306166925 -0.4273206 -3.7279946e-09
v -0.2707261175 -0.400919385 -3.7279946e-09
v -0.28253972 -0.40971979 -3.7279946e-09
v -0.2963188375 -0.403241575 -3.7279946e-09
v -0.2982843525 -0.387962955 -3.7279946e-09
v -0.310097955 -0.39676336 -3.7279946e-09
v -0.42430977 0.40058137 -3.7279946e-09
v -0.4140482375 0.410370055 -3.7279946e-09
v -0.4295526375 0.416462945 -3.7279946e-09
v -0.39330097 0.38839559 -3.7279946e-09
v -0.3830394375 0.398184275 -3.7279946e-09
v -0.3985438375 0.404277165 -3.7279946e-09
v -0.403786705 0.42015874 -3.7279946e-09
v -0.3935251725 0.429947425 -3.7279946e-09
v -0.4090295725 0.436040315 -3.7279946e-09
v -0.3833559 0.220835435 -3.7279946e-09
v -0.390842895 0.23165734 -3.7279946e-09
v -0.364658 0.246729365 -3.7279946e-09
v -0.372144995 0.25755127 -3.7279946e-09
v -0.381493945 0.244604305 -3.7279946e-09
v -0.39832989 0.242479245 -3.7279946e-09
v -0.405816885 0.25330115 -3.7279946e-09
v -0.16380207 0.5614519925 -3.7279946e-09
v -0.1487789325 0.56532599 -3.7279946e-09
v -0.1589348025 0.5764117875 -3.7279946e-09
v -0.14349033 0.5392803975 -3.7279946e-09
v -0.1284671925 0.543154395 -3.7279946e-09
v -0.1386230625 0.5542401925 -3.7279946e-09
v -0.133755795 0.5691999875 -3.7279946e-09
v -0.1187326575 0.573073985 -3.7279946e-09
v -0.1288885275 0.5841597825 -3.7279946e-09
v -0.0678725625 0.5215394925 -3.7279946e-09
v -0.052366035 0.52237296 -3.7279946e-09
v -0.0604783775 0.5349156775 -3.7279946e-09
v -0.0516478775 0.4964540575 -3.7279946e-09
v -0.03614135 0.497287525 -3.7279946e-09
v -0.0442536925 0.5098302425 -3.7279946e-09
v -0.0368595075 0.5232064275 -3.7279946e-09
v -0.02135298 0.524039895 -3.7279946e-09
v -0.0294653225 0.5365826125 -3.7279946e-09
v 0.4222372775 0.23761408 -3.7279946e-09
v 0.4201905425 0.2524695275 -3.7279946e-09
v 0.407616545 0.2422886875 -3.7279946e-09
v 0.4473852725 0.25797576 -3.7279946e-09
v 0.43276454 0.2626503675 -3.7279946e-09
v 0.4181438075 0.267324975 -3.7279946e-09
v 0.403523075 0.2719995825 -3.7279946e-09
v 0.37814904 -0.1507854575 -3.7279946e-09
v 0.39283627 -0.1547264775 -3.7279946e-09
v 0.38694524 -0.13967469 -3.7279946e-09
v 0.3899311 -0.1808890325 -3.7279946e-09
v 0.40461833 -0.1848300525 -3.7279946e-09
v 0.3987273 -0.169778265 -3.7279946e-09
v 0.4075235 -0.1586674975 -3.7279946e-09
v 0.42221073 -0.1626085175 -3.7279946e-09
v 0.4163197 -0.14755673 -3.7279946e-09
v -0.58209097 -0.0181662464 -3.7279946e-09
v -0.5822615525 -0.0022982089 -3.7279946e-09
v -0.5974605325 -0.0097991175 -3.7279946e-09
v -0.55169301 -0.0031644292 -3.7279946e-09
v -0.5518635925 0.0127036083 -3.7279946e-09
v -0.5670625725 0.0052026997 -3.7279946e-09
v -0.582432135 0.0135698286 -3.7279946e-09
v -0.5826027175 0.0294378661 -3.7279946e-09
v -0.5978016975 0.0219369575 -3.7279946e-09
v -0.4989660175 -0.0220317269 -3.7279946e-09
v -0.51178866 -0.02829083815 -3.7279946e-09
v -0.4992793225 -0.03708024025 -3.7279946e-09
v -0.5239846925 -0.0044529227 -3.7279946e-09
v -0.536807335 -0.01071203395 -3.7279946e-09
v -0.5242979975 -0.01950143605 -3.7279946e-09
v -0.5246113025 -0.0345499494 -3.7279946e-09
v -0.537433945 -0.04080906065 -3.7279946e-09
v -0.5249246075 -0.04959846275 -3.7279946e-09
v -0.1077743655 -0.5627057375 -3.7279946e-09
v -0.0984867355 -0.5516391275 -3.7279946e-09
v -0.1263496255 -0.5848389575 -3.7279946e-09
v -0.1170619955 -0.5737723475 -3.7279946e-09
v -0.103885701 -0.576063525 -3.7279946e-09
v -0.0999970365 -0.5894213125 -3.7279946e-09
v -0.0907094065 -0.5783547025 -3.7279946e-09
v -0.1194757075 -0.47047076 -3.7279946e-09
v -0.1351585725 -0.4673505875 -3.7279946e-09
v -0.130868765 -0.4807070575 -3.7279946e-09
v -0.1280553225 -0.44375782 -3.7279946e-09
v -0.1437381875 -0.4406376475 -3.7279946e-09
v -0.13944838 -0.4539941175 -3.7279946e-09
v -0.1508414375 -0.464230415 -3.7279946e-09
v -0.1665243025 -0.4611102425 -3.7279946e-09
v -0.162234495 -0.4744667125 -3.7279946e-09
v -0.5412687825 -0.1621587975 -3.7279946e-09
v -0.5238285675 -0.1640565025 -3.7279946e-09
v -0.5761492125 -0.1583633875 -3.7279946e-09
v -0.5587089975 -0.1602610925 -3.7279946e-09
v -0.55411771 -0.17539042 -3.7279946e-09
v -0.5669666375 -0.1886220425 -3.7279946e-09
v -0.5495264225 -0.1905197475 -3.7279946e-09
v -0.217625635 -0.4582957525 -3.7279946e-09
v -0.182824055 -0.4588923975 -3.7279946e-09
v -0.200224845 -0.458594075 -3.7279946e-09
v -0.20513154 -0.4461399325 -3.7279946e-09
v -0.192637445 -0.4339841125 -3.7279946e-09
v 0.149358235 0.5633373425 -3.7279946e-09
v 0.166160535 0.558339705 -3.7279946e-09
v 0.16289922 0.5747472225 -3.7279946e-09
v 0.155880865 0.5305223075 -3.7279946e-09
v 0.16942185 0.5419321875 -3.7279946e-09
v 0.182962835 0.5533420675 -3.7279946e-09
v 0.19650382 0.5647519475 -3.7279946e-09
v -0.5064209475 -0.2974041075 -3.7279946e-09
v -0.515690785 -0.3022695375 -3.7279946e-09
v -0.49715111 -0.2925386775 -3.7279946e-09
v -0.5139118825 -0.284786215 -3.7279946e-09
v -0.530672655 -0.2770337525 -3.7279946e-09
v -0.17344672 0.050193033 -3.7279946e-09
v -0.18860417 0.04945045775 -3.7279946e-09
v -0.18318783 0.03641867275 -3.7279946e-09
v -0.1842794 0.076256603 -3.7279946e-09
v -0.19943685 0.07551402775 -3.7279946e-09
v -0.19402051 0.06248224275 -3.7279946e-09
v -0.20376162 0.0487078825 -3.7279946e-09
v -0.21891907 0.04796530725 -3.7279946e-09
v -0.21350273 0.03493352225 -3.7279946e-09
v -0.16742006 -0.111726975 -3.7279946e-09
v -0.16166492 -0.09817752725 -3.7279946e-09
v -0.17626988 -0.1009372923 -3.7279946e-09
v -0.13821014 -0.106207445 -3.7279946e-09
v -0.132455 -0.09265799725 -3.7279946e-09
v -0.14705996 -0.09541776225 -3.7279946e-09
v -0.15590978 -0.0846280795 -3.7279946e-09
v -0.15015464 -0.07107863175 -3.7279946e-09
v -0.1647596 -0.07383839675 -3.7279946e-09
v 0.1202095575 -0.1062416905 -3.7279946e-09
v 0.1357872875 -0.1133096395 -3.7279946e-09
v 0.1321714 -0.097045713 -3.7279946e-09
v 0.1274413325 -0.1387695435 -3.7279946e-09
v 0.1430190625 -0.1458374925 -3.7279946e-09
v 0.139403175 -0.129573566 -3.7279946e-09
v 0.1513650175 -0.1203775885 -3.7279946e-09
v 0.1669427475 -0.1274455375 -3.7279946e-09
v 0.16332686 -0.111181611 -3.7279946e-09
v -0.005492961775 -0.3393346925 -3.7279946e-09
v -0.0156951256 -0.351353045 -3.7279946e-09
v -0.000656944525 -0.3531298425 -3.7279946e-09
v -0.03556932393 -0.3357810975 -3.7279946e-09
v -0.04577148775 -0.34779945 -3.7279946e-09
v -0.03073330668 -0.3495762475 -3.7279946e-09
v -0.02589728943 -0.3633713975 -3.7279946e-09
v -0.03609945325 -0.37538975 -3.7279946e-09
v -0.02106127217 -0.3771665475 -3.7279946e-09
v -0.224463415 -0.2658136475 -3.7279946e-09
v -0.21980931 -0.2545948525 -3.7279946e-09
v -0.232011125 -0.253864685 -3.7279946e-09
v -0.200059785 -0.2672739825 -3.7279946e-09
v -0.19540568 -0.2560551875 -3.7279946e-09
v -0.207607495 -0.25532502 -3.7279946e-09
v -0.215155205 -0.2433760575 -3.7279946e-09
v -0.2105011 -0.2321572625 -3.7279946e-09
v -0.222702915 -0.231427095 -3.7279946e-09
v 0.17977354 0.1864940875 -3.7279946e-09
v 0.19691543 0.1892197375 -3.7279946e-09
v 0.1979547 0.1616835825 -3.7279946e-09
v 0.21509659 0.1644092325 -3.7279946e-09
v 0.20600601 0.176814485 -3.7279946e-09
v 0.21405732 0.1919453875 -3.7279946e-09
v 0.23119921 0.1946710375 -3.7279946e-09
v 0.0439970035 0.296508615 -3.7279946e-09
v 0.0584987205 0.29425739 -3.7279946e-09
v 0.052485023 0.310763735 -3.7279946e-09
v 0.0560243985 0.263495925 -3.7279946e-09
v 0.0705261155 0.2612447 -3.7279946e-09
v 0.064512418 0.277751045 -3.7279946e-09
v 0.0730004375 0.292006165 -3.7279946e-09
v 0.0875021545 0.28975494 -3.7279946e-09
v 0.081488457 0.306261285 -3.7279946e-09
v -0.2012462425 0.24114744 -3.7279946e-09
v -0.1926545325 0.25316921 -3.7279946e-09
v -0.1701601675 0.24085148 -3.7279946e-09
v -0.1615684575 0.25287325 -3.7279946e-09
v -0.177111495 0.25302123 -3.7279946e-09
v -0.1840628225 0.26519098 -3.7279946e-09
v -0.1754711125 0.27721275 -3.7279946e-09
v 0.5154363525 0.1164152735 -3.7279946e-09
v 0.51811285 0.1022444465 -3.7279946e-09
v 0.5289376475 0.111214303 -3.7279946e-09
v 0.4937867575 0.0984755605 -3.7279946e-09
v 0.496463255 0.0843047335 -3.7279946e-09
v 0.5072880525 0.09327459 -3.7279946e-09
v 0.5207893475 0.0880736195 -3.7279946e-09
v 0.523465845 0.0739027925 -3.7279946e-09
v 0.5342906425 0.082872649 -3.7279946e-09
v 0.08900759575 -0.2110911725 -3.7279946e-09
v 0.103839492 -0.2162838375 -3.7279946e-09
v 0.1003522112 -0.200902185 -3.7279946e-09
v 0.09598215725 -0.2418544775 -3.7279946e-09
v 0.1108140535 -0.2470471425 -3.7279946e-09
v 0.1073267727 -0.23166549 -3.7279946e-09
v 0.1186713882 -0.2214765025 -3.7279946e-09
v 0.1335032845 -0.2266691675 -3.7279946e-09
v 0.1300160037 -0.211287515 -3.7279946e-09
v 0.02029779062 -0.1574665775 -3.7279946e-09
v 0.004418319625 -0.1550058725 -3.7279946e-09
v 0.009785791 -0.171235445 -3.7279946e-09
v 0.009562847875 -0.1250074325 -3.7279946e-09
v -0.006316623125 -0.1225467275 -3.7279946e-09
v -0.00094915175 -0.1387763 -3.7279946e-09
v -0.01146115138 -0.1525451675 -3.7279946e-09
v -0.02734062238 -0.1500844625 -3.7279946e-09
v -0.021973151 -0.166314035 -3.7279946e-09
v -0.4487536175 -0.17976802 -3.7279946e-09
v -0.445763025 -0.1658464425 -3.7279946e-09
v -0.4596138975 -0.1699012725 -3.7279946e-09
v -0.4210518725 -0.17165836 -3.7279946e-09
v -0.41806128 -0.1577367825 -3.7279946e-09
v -0.4319121525 -0.1617916125 -3.7279946e-09
v -0.4427724325 -0.151924865 -3.7279946e-09
v -0.43978184 -0.1380032875 -3.7279946e-09
v -0.4536327125 -0.1420581175 -3.7279946e-09
v -0.48205359 -0.100331289 -3.7279946e-09
v -0.468749685 -0.09452557675 -3.7279946e-09
v -0.479220175 -0.08525715975 -3.7279946e-09
v -0.46111261 -0.118868123 -3.7279946e-09
v -0.458279195 -0.1037939937 -3.7279946e-09
v -0.45544578 -0.0887198645 -3.7279946e-09
v -0.452612365 -0.07364573525 -3.7279946e-09
v 0.44652526 -0.3749058625 -3.7279946e-09
v 0.43731614 -0.3853201025 -3.7279946e-09
v 0.45292436 -0.39029356 -3.7279946e-09
v 0.41530882 -0.3649589475 -3.7279946e-09
v 0.4060997 -0.3753731875 -3.7279946e-09
v 0.42170792 -0.380346645 -3.7279946e-09
v 0.42810702 -0.3957343425 -3.7279946e-09
v 0.4188979 -0.4061485825 -3.7279946e-09
v 0.43450612 -0.41112204 -3.7279946e-09
v 0.2135602875 -0.4416858525 -3.7279946e-09
v 0.210510295 -0.427646785 -3.7279946e-09
v 0.1984630275 -0.4364159125 -3.7279946e-09
v 0.2376548225 -0.4241475975 -3.7279946e-09
v 0.2225575625 -0.4188776575 -3.7279946e-09
v 0.2074603025 -0.4136077175 -3.7279946e-09
v 0.1923630425 -0.4083377775 -3.7279946e-09
v 0.3056078675 -0.27726479 -3.7279946e-09
v 0.2951373775 -0.2867596175 -3.7279946e-09
v 0.30988506 -0.2919667375 -3.7279946e-09
v 0.2761125025 -0.26685055 -3.7279946e-09
v 0.2656420125 -0.2763453775 -3.7279946e-09
v 0.280389695 -0.2815524975 -3.7279946e-09
v 0.2846668875 -0.296254445 -3.7279946e-09
v 0.2741963975 -0.3057492725 -3.7279946e-09
v 0.28894408 -0.3109563925 -3.7279946e-09
v 0.547375075 0.0920290185 -3.7279946e-09
v 0.57354394 0.1103417575 -3.7279946e-09
v 0.5604595075 0.101185388 -3.7279946e-09
v 0.5446985775 0.1061998455 -3.7279946e-09
v 0.54202208 0.1203706725 -3.7279946e-09
v 0.4463730775 0.0102412534 -3.7279946e-09
v 0.43529753 0.01462837935 -3.7279946e-09
v 0.4376383825 0.00069648615 -3.7279946e-09
v 0.4416913725 0.0381050398 -3.7279946e-09
v 0.430615825 0.04249216575 -3.7279946e-09
v 0.4329566775 0.02856027255 -3.7279946e-09
v 0.4242219825 0.0190155053 -3.7279946e-09
v 0.413146435 0.02340263125 -3.7279946e-09
v 0.4154872875 0.00947073805 -3.7279946e-09
v -0.43519292 0.121747695 -3.7279946e-09
v -0.4490072575 0.1156354315 -3.7279946e-09
v -0.4369076875 0.1072411165 -3.7279946e-09
v -0.45939206 0.138536325 -3.7279946e-09
v -0.4732063975 0.1324240615 -3.7279946e-09
v -0.4611068275 0.1240297465 -3.7279946e-09
v -0.462821595 0.109523168 -3.7279946e-09
v -0.4766359325 0.1034109045 -3.7279946e-09
v -0.4645363625 0.0950165895 -3.7279946e-09
v -0.567923375 0.1391211475 -3.7279946e-09
v -0.5644339125 0.1504201075 -3.7279946e-09
v -0.5781415375 0.15399368 -3.7279946e-09
v -0.540508125 0.1319740025 -3.7279946e-09
v -0.5370186625 0.1432729625 -3.7279946e-09
v -0.5507262875 0.146846535 -3.7279946e-09
v -0.56094445 0.1617190675 -3.7279946e-09
v -0.5574549875 0.1730180275 -3.7279946e-09
v -0.5711626125 0.1765916 -3.7279946e-09
v -0.08287220375 0.52117835 -3.7279946e-09
v -0.07475986125 0.5086356325 -3.7279946e-09
v -0.09664680125 0.49537063 -3.7279946e-09
v -0.08853445875 0.4828279125 -3.7279946e-09
v -0.08164716 0.4957317725 -3.7279946e-09
v -0.06664751875 0.496092915 -3.7279946e-09
v -0.05853517625 0.4835501975 -3.7279946e-09
v 0.007596493 0.497448385 -3.7279946e-09
v -0.006982788 0.497394765 -3.7279946e-09
v -0.006773699 0.524093515 -3.7279946e-09
v -0.014167884 0.51071733 -3.7279946e-09
v -0.021562069 0.497341145 -3.7279946e-09
v -0.422980855 0.35743121 -3.7279946e-09
v -0.43973164 0.359802815 -3.7279946e-09
v -0.434120535 0.343388465 -3.7279946e-09
v -0.434203065 0.39025991 -3.7279946e-09
v -0.45095385 0.392631515 -3.7279946e-09
v -0.445342745 0.376217165 -3.7279946e-09
v -0.456482425 0.36217442 -3.7279946e-09
v -0.47323321 0.364546025 -3.7279946e-09
v -0.467622105 0.348131675 -3.7279946e-09
v 0.4348162675 -0.126873306 -3.7279946e-09
v 0.4256854725 -0.137403461 -3.7279946e-09
v 0.4439470625 -0.116343151 -3.7279946e-09
v 0.42949481 -0.112779017 -3.7279946e-09
v 0.4150425575 -0.109214883 -3.7279946e-09
v 0.4099292725 -0.1989666325 -3.7279946e-09
v 0.4187254725 -0.187855865 -3.7279946e-09
v 0.4381435575 -0.2050182575 -3.7279946e-09
v 0.4469397575 -0.19390749 -3.7279946e-09
v 0.432832615 -0.1908816775 -3.7279946e-09
v 0.4275216725 -0.1767450975 -3.7279946e-09
v 0.4363178725 -0.16563433 -3.7279946e-09
v 0.137872525 0.5510787525 -3.7279946e-09
v 0.114901105 0.5265615725 -3.7279946e-09
v 0.126386815 0.5388201625 -3.7279946e-09
v 0.14113384 0.534671235 -3.7279946e-09
v 0.144395155 0.5182637175 -3.7279946e-09
v 0.049632711 0.4736816125 -3.7279946e-09
v 0.0246971445 0.4707462175 -3.7279946e-09
v 0.03716492775 0.472213915 -3.7279946e-09
v 0.04708048325 0.4588343125 -3.7279946e-09
v 0.0445282555 0.4439870125 -3.7279946e-09
v -0.3141927375 -0.3662826075 -3.7279946e-09
v -0.3275518375 -0.3586539425 -3.7279946e-09
v -0.32542257 -0.373856075 -3.7279946e-09
v -0.3184512725 -0.3358783425 -3.7279946e-09
v -0.3318103725 -0.3282496775 -3.7279946e-09
v -0.329681105 -0.34345181 -3.7279946e-09
v -0.3409109375 -0.3510252775 -3.7279946e-09
v -0.3542700375 -0.3433966125 -3.7279946e-09
v -0.35214077 -0.358598745 -3.7279946e-09
v -0.3366206075 -0.2494297825 -3.7279946e-09
v -0.3482625725 -0.2572731875 -3.7279946e-09
v -0.336266035 -0.266559845 -3.7279946e-09
v -0.3606136825 -0.2308564675 -3.7279946e-09
v -0.36025911 -0.24798653 -3.7279946e-09
v -0.3599045375 -0.2651165925 -3.7279946e-09
v -0.359549965 -0.282246655 -3.7279946e-09
v 0.3115220275 0.414766055 -3.7279946e-09
v 0.3157642625 0.39896202 -3.7279946e-09
v 0.324936325 0.411699765 -3.7279946e-09
v 0.2931779025 0.389290565 -3.7279946e-09
v 0.2974201375 0.37348653 -3.7279946e-09
v 0.3065922 0.386224275 -3.7279946e-09
v 0.3200064975 0.383157985 -3.7279946e-09
v 0.3242487325 0.36735395 -3.7279946e-09
v 0.333420795 0.380091695 -3.7279946e-09
v -0.01683123272 -0.5055753925 -3.7279946e-09
v -0.00488304445 -0.5000970225 -3.7279946e-09
v -0.04072760927 -0.5165321325 -3.7279946e-09
v -0.028779421 -0.5110537625 -3.7279946e-09
v -0.01329767127 -0.520526775 -3.7279946e-09
v -0.009764109825 -0.5354781575 -3.7279946e-09
v 0.00218407845 -0.5299997875 -3.7279946e-09
v -0.1965416675 0.4591052975 -3.7279946e-09
v -0.2039324625 0.447944065 -3.7279946e-09
v -0.1817600775 0.4814277625 -3.7279946e-09
v -0.1891508725 0.47026653 -3.7279946e-09
v -0.20555944 0.4713996325 -3.7279946e-09
v -0.2145772125 0.4836939675 -3.7279946e-09
v -0.2219680075 0.472532735 -3.7279946e-09
v 0.4128457425 -0.03054623795 -3.7279946e-09
v 0.4137262575 -0.01720724595 -3.7279946e-09
v 0.401770195 -0.026159112 -3.7279946e-09
v 0.4367578675 -0.01264250585 -3.7279946e-09
v 0.42568232 -0.0082553799 -3.7279946e-09
v 0.4146067725 -0.00386825395 -3.7279946e-09
v 0.403531225 0.000518872 -3.7279946e-09
v 0.57092343 -0.02717324588 -3.7279946e-09
v 0.544249915 -0.008443786125 -3.7279946e-09
v 0.5575866725 -0.017808516 -3.7279946e-09
v 0.5581333775 -0.03271745863 -3.7279946e-09
v 0.545343325 -0.03826167138 -3.7279946e-09
v -0.4168761325 -0.4146829975 -3.7279946e-09
v -0.4162114125 -0.429916145 -3.7279946e-09
v -0.4175408525 -0.39944985 -3.7279946e-09
v -0.425971705 -0.4050478125 -3.7279946e-09
v -0.4344025575 -0.410645775 -3.7279946e-09
v -0.535883455 -0.19185366 -3.7279946e-09
v -0.5222404875 -0.1931875725 -3.7279946e-09
v -0.5230345275 -0.1786220375 -3.7279946e-09
v -0.3447060825 -0.417769525 -3.7279946e-09
v -0.33317004 -0.41076747 -3.7279946e-09
v -0.3466715975 -0.402490905 -3.7279946e-09
v -0.3177029675 -0.434322655 -3.7279946e-09
v -0.3196684825 -0.419044035 -3.7279946e-09
v -0.3216339975 -0.403765415 -3.7279946e-09
v -0.3235995125 -0.388486795 -3.7279946e-09
v -0.529637065 0.2474847725 -3.7279946e-09
v -0.523485035 0.2596158825 -3.7279946e-09
v -0.53866351 0.25961378 -3.7279946e-09
v -0.499280115 0.2474889775 -3.7279946e-09
v -0.493128085 0.2596200875 -3.7279946e-09
v -0.50830656 0.259617985 -3.7279946e-09
v -0.517333005 0.2717469925 -3.7279946e-09
v -0.511180975 0.2838781025 -3.7279946e-09
v -0.52635945 0.283876 -3.7279946e-09
v -0.3782242125 0.423369855 -3.7279946e-09
v -0.38346708 0.43925143 -3.7279946e-09
v -0.3677384775 0.391606705 -3.7279946e-09
v -0.372981345 0.40748828 -3.7279946e-09
v -0.3629232525 0.416792285 -3.7279946e-09
v -0.3476222925 0.410214715 -3.7279946e-09
v -0.35286516 0.42609629 -3.7279946e-09
v -0.1675717225 -0.2044862725 -3.7279946e-09
v -0.1829142125 -0.205501885 -3.7279946e-09
v -0.17202134 -0.2171614625 -3.7279946e-09
v -0.1893574675 -0.1811671175 -3.7279946e-09
v -0.2046999575 -0.18218273 -3.7279946e-09
v -0.193807085 -0.1938423075 -3.7279946e-09
v -0.1982567025 -0.2065174975 -3.7279946e-09
v -0.2135991925 -0.20753311 -3.7279946e-09
v -0.20270632 -0.2191926875 -3.7279946e-09
v -0.1781302625 -0.385569275 -3.7279946e-09
v -0.2078264375 -0.380232045 -3.7279946e-09
v -0.19297835 -0.38290066 -3.7279946e-09
v -0.1895509175 -0.396666635 -3.7279946e-09
v -0.2009715725 -0.407763995 -3.7279946e-09
v 0.1385555175 0.23598894 -3.7279946e-09
v 0.153928495 0.2369293825 -3.7279946e-09
v 0.1432193475 0.2492925825 -3.7279946e-09
v 0.1599738125 0.21126254 -3.7279946e-09
v 0.1646376425 0.2245661825 -3.7279946e-09
v 0.1693014725 0.237869825 -3.7279946e-09
v 0.1739653025 0.2511734675 -3.7279946e-09
v 0.39110573 -0.01727991593 -3.7279946e-09
v 0.39286676 0.009398068075 -3.7279946e-09
v 0.391986245 -0.003940923925 -3.7279946e-09
v 0.380441265 -0.00840071985 -3.7279946e-09
v 0.3697768 0.000478476225 -3.7279946e-09
v 0.3627687 -0.07739009975 -3.7279946e-09
v 0.376211645 -0.069394642 -3.7279946e-09
v 0.3940703 -0.08921042925 -3.7279946e-09
v 0.407513245 -0.0812149715 -3.7279946e-09
v 0.391862445 -0.07530480675 -3.7279946e-09
v 0.38965459 -0.06139918425 -3.7279946e-09
v 0.403097535 -0.0534037265 -3.7279946e-09
v 0.03708812575 0.0011379125 -3.7279946e-09
v 0.04622888175 -0.0112121185 -3.7279946e-09
v 0.051736376 0.00352371 -3.7279946e-09
v 0.02607313725 -0.0283337445 -3.7279946e-09
v 0.03521389325 -0.0406837755 -3.7279946e-09
v 0.0407213875 -0.025947947 -3.7279946e-09
v 0.05536963775 -0.0235621495 -3.7279946e-09
v 0.06451039375 -0.0359121805 -3.7279946e-09
v 0.070017888 -0.021176352 -3.7279946e-09
v 0.0581384455 0.168854115 -3.7279946e-09
v 0.07271041875 0.1718964875 -3.7279946e-09
v 0.06317054025 0.1837920925 -3.7279946e-09
v 0.0772182025 0.145062905 -3.7279946e-09
v 0.09179017575 0.1481052775 -3.7279946e-09
v 0.08225029725 0.1600008825 -3.7279946e-09
v 0.087282392 0.17493886 -3.7279946e-09
v 0.1018543652 0.1779812325 -3.7279946e-09
v 0.09231448675 0.1898768375 -3.7279946e-09
v -0.056984053 0.04070444473 -3.7279946e-09
v -0.047888111 0.0286659606 -3.7279946e-09
v -0.042412368 0.04269812988 -3.7279946e-09
v -0.067935539 0.01264010618 -3.7279946e-09
v -0.058839597 0.00060162205 -3.7279946e-09
v -0.053363854 0.01463379133 -3.7279946e-09
v -0.038792169 0.01662747647 -3.7279946e-09
v -0.029696227 0.00458899235 -3.7279946e-09
v -0.024220484 0.01862116163 -3.7279946e-09
v -0.096267443 -0.1785844475 -3.7279946e-09
v -0.1078916675 -0.1702361275 -3.7279946e-09
v -0.1094810865 -0.18205919 -3.7279946e-09
v -0.093088605 -0.1549383225 -3.7279946e-09
v -0.1047128295 -0.1465900025 -3.7279946e-09
v -0.1063022485 -0.158413065 -3.7279946e-09
v -0.119515892 -0.1618878075 -3.7279946e-09
v -0.1311401165 -0.1535394875 -3.7279946e-09
v -0.1327295355 -0.16536255 -3.7279946e-09
v -0.012585325 0.33716337 -3.7279946e-09
v -0.018598891 0.35098454 -3.7279946e-09
v -0.028019151 0.33844524 -3.7279946e-09
v 0.006255195 0.36224197 -3.7279946e-09
v 0.000241629 0.37606314 -3.7279946e-09
v -0.009178631 0.36352384 -3.7279946e-09
v -0.024612457 0.36480571 -3.7279946e-09
v -0.030626023 0.37862688 -3.7279946e-09
v -0.040046283 0.36608758 -3.7279946e-09
v -0.1541587425 0.324810685 -3.7279946e-09
v -0.14828611 0.31268956 -3.7279946e-09
v -0.1388648775 0.324498955 -3.7279946e-09
v -0.1730012075 0.301191895 -3.7279946e-09
v -0.167128575 0.28907077 -3.7279946e-09
v -0.1577073425 0.300880165 -3.7279946e-09
v -0.1424134775 0.300568435 -3.7279946e-09
v -0.136540845 0.28844731 -3.7279946e-09
v -0.1271196125 0.300256705 -3.7279946e-09
v 0.1265683337 -0.1959258375 -3.7279946e-09
v 0.1196729937 -0.1652024825 -3.7279946e-09
v 0.1231206637 -0.18056416 -3.7279946e-09
v 0.1117364375 -0.1907331725 -3.7279946e-09
v 0.09690454125 -0.1855405075 -3.7279946e-09
v 0.24681742 -0.255864895 -3.7279946e-09
v 0.2360838275 -0.26513184 -3.7279946e-09
v 0.2506312275 -0.270910375 -3.7279946e-09
v 0.21772262 -0.244307825 -3.7279946e-09
v 0.2069890275 -0.25357477 -3.7279946e-09
v 0.2215364275 -0.259353305 -3.7279946e-09
v 0.225350235 -0.274398785 -3.7279946e-09
v 0.2146166425 -0.28366573 -3.7279946e-09
v 0.2291640425 -0.289444265 -3.7279946e-09
v -0.466322095 0.06580853375 -3.7279946e-09
v -0.46534512 0.08073970475 -3.7279946e-09
v -0.468276045 0.03594619175 -3.7279946e-09
v -0.46729907 0.05087736275 -3.7279946e-09
v -0.453316515 0.0576439125 -3.7279946e-09
v -0.440310935 0.04947929125 -3.7279946e-09
v -0.43933396 0.06441046225 -3.7279946e-09
v -0.3776323 0.03861080975 -3.7279946e-09
v -0.3889796225 0.04720359725 -3.7279946e-09
v -0.3922864125 0.0304674785 -3.7279946e-09
v -0.37101872 0.07208304725 -3.7279946e-09
v -0.3823660425 0.08067583475 -3.7279946e-09
v -0.3856728325 0.063939716 -3.7279946e-09
v -0.400326945 0.05579638475 -3.7279946e-09
v -0.4116742675 0.06438917225 -3.7279946e-09
v -0.4149810575 0.0476530535 -3.7279946e-09
v 0.07402401475 -0.425336685 -3.7279946e-09
v 0.07669604475 -0.43937838 -3.7279946e-09
v 0.05182582025 -0.444651735 -3.7279946e-09
v 0.0655969475 -0.449035905 -3.7279946e-09
v 0.07936807475 -0.453420075 -3.7279946e-09
v 0.01425779897 -0.3553400625 -3.7279946e-09
v 0.0293727134 -0.35941592 -3.7279946e-09
v 0.02368295833 -0.3837972075 -3.7279946e-09
v 0.03408529307 -0.3736444925 -3.7279946e-09
v 0.04448762783 -0.3634917775 -3.7279946e-09
v -0.20751182 0.228685675 -3.7279946e-09
v -0.1919687825 0.228537695 -3.7279946e-09
v -0.1889569 0.203466185 -3.7279946e-09
v -0.1826913225 0.21592795 -3.7279946e-09
v -0.176425745 0.228389715 -3.7279946e-09
v -0.2748448225 0.229368795 -3.7279946e-09
v -0.2575447025 0.22928127 -3.7279946e-09
v -0.26868964 0.241557995 -3.7279946e-09
v -0.2525549475 0.204815345 -3.7279946e-09
v -0.2352548275 0.20472782 -3.7279946e-09
v -0.246399765 0.217004545 -3.7279946e-09
v -0.2402445825 0.229193745 -3.7279946e-09
v -0.2229444625 0.22910622 -3.7279946e-09
v -0.2340894 0.241382945 -3.7279946e-09
v 0.3568072325 0.2289737475 -3.7279946e-09
v 0.3706115825 0.224976215 -3.7279946e-09
v 0.36825023 0.2394258375 -3.7279946e-09
v 0.3615299375 0.2000745025 -3.7279946e-09
v 0.3753342875 0.19607697 -3.7279946e-09
v 0.372972935 0.2105265925 -3.7279946e-09
v 0.3844159325 0.2209786825 -3.7279946e-09
v 0.3982202825 0.21698115 -3.7279946e-09
v 0.39585893 0.2314307725 -3.7279946e-09
v 0.4600694 0.2524939725 -3.7279946e-09
v 0.47027337 0.24411674 -3.7279946e-09
v 0.46028966 0.2211687175 -3.7279946e-09
v 0.4703835 0.2284541125 -3.7279946e-09
v 0.48047734 0.2357395075 -3.7279946e-09
v 0.32500834 -0.29718595 -3.7279946e-09
v 0.3397260575 -0.301577215 -3.7279946e-09
v 0.3350732675 -0.286863175 -3.7279946e-09
v 0.33431392 -0.32661403 -3.7279946e-09
v 0.3443788475 -0.316291255 -3.7279946e-09
v 0.354443775 -0.30596848 -3.7279946e-09
v 0.3645087025 -0.295645705 -3.7279946e-09
v 0.22818575 -0.44707591 -3.7279946e-09
v 0.257436675 -0.457856025 -3.7279946e-09
v 0.2428112125 -0.4524659675 -3.7279946e-09
v 0.2402330175 -0.4383067825 -3.7279946e-09
v 0.252280285 -0.429537655 -3.7279946e-09
v 0.1955528675 -0.54027814 -3.7279946e-09
v 0.1961923575 -0.5542903975 -3.7279946e-09
v 0.1942738875 -0.512253625 -3.7279946e-09
v 0.1949133775 -0.5262658825 -3.7279946e-09
v 0.182187195 -0.5345229975 -3.7279946e-09
v 0.1688215225 -0.528767855 -3.7279946e-09
v 0.1694610125 -0.5427801125 -3.7279946e-09
v -0.3680396975 -0.20425681 -3.7279946e-09
v -0.3766873925 -0.19076524 -3.7279946e-09
v -0.3588986525 -0.16963081 -3.7279946e-09
v -0.3675463475 -0.15613924 -3.7279946e-09
v -0.37211687 -0.17345224 -3.7279946e-09
v -0.3853350875 -0.17727367 -3.7279946e-09
v -0.3939827825 -0.1637821 -3.7279946e-09
v -0.4343770625 -0.208738495 -3.7279946e-09
v -0.4463320725 -0.2148768575 -3.7279946e-09
v -0.43692293 -0.2231820725 -3.7279946e-09
v -0.4531953475 -0.192128065 -3.7279946e-09
v -0.4651503575 -0.1982664275 -3.7279946e-09
v -0.455741215 -0.2065716425 -3.7279946e-09
v -0.4582870825 -0.22101522 -3.7279946e-09
v -0.4702420925 -0.2271535825 -3.7279946e-09
v -0.46083295 -0.2354587975 -3.7279946e-09
v -0.4067885975 0.2832727825 -3.7279946e-09
v -0.39524073 0.274698945 -3.7279946e-09
v -0.4173647525 0.2618749875 -3.7279946e-09
v -0.4005288075 0.2640000475 -3.7279946e-09
v -0.3836928625 0.2661251075 -3.7279946e-09
v -0.34303285 0.2701257925 -3.7279946e-09
v -0.344754975 0.285974775 -3.7279946e-09
v -0.31848045 0.2910247175 -3.7279946e-09
v -0.332478775 0.2964242375 -3.7279946e-09
v -0.3464771 0.3018237575 -3.7279946e-09
v -0.2785821425 -0.3565344075 -3.7279946e-09
v -0.2759634675 -0.3713294 -3.7279946e-09
v -0.264803025 -0.3630126225 -3.7279946e-09
v -0.3009030275 -0.3731679625 -3.7279946e-09
v -0.28712391 -0.3796461775 -3.7279946e-09
v -0.2733447925 -0.3861243925 -3.7279946e-09
v -0.259565675 -0.3926026075 -3.7279946e-09
v -0.3834124075 -0.29874748 -3.7279946e-09
v -0.3819893925 -0.313967485 -3.7279946e-09
v -0.369768915 -0.305310065 -3.7279946e-09
v -0.4078533625 -0.31606232 -3.7279946e-09
v -0.39420987 -0.322624905 -3.7279946e-09
v -0.3805663775 -0.32918749 -3.7279946e-09
v -0.366922885 -0.335750075 -3.7279946e-09
v -0.4359023225 -0.235583645 -3.7279946e-09
v -0.4239473125 -0.2294452825 -3.7279946e-09
v -0.4598123425 -0.24786037 -3.7279946e-09
v -0.4478573325 -0.2417220075 -3.7279946e-09
v -0.434881715 -0.2479852175 -3.7279946e-09
v -0.4338611075 -0.26038679 -3.7279946e-09
v -0.4219060975 -0.2542484275 -3.7279946e-09
v 0.53809683 0.136183645 -3.7279946e-09
v 0.5344948725 0.1508206725 -3.7279946e-09
v 0.5226591925 0.1400221575 -3.7279946e-09
v 0.56176819 0.157780675 -3.7279946e-09
v 0.5463305525 0.1616191875 -3.7279946e-09
v 0.530892915 0.1654577 -3.7279946e-09
v 0.5154552775 0.1692962125 -3.7279946e-09
v 0.4413438975 0.1027344635 -3.7279946e-09
v 0.452295645 0.112535236 -3.7279946e-09
v 0.4690892725 0.0939152905 -3.7279946e-09
v 0.48004102 0.103716063 -3.7279946e-09
v 0.4661683325 0.1081256495 -3.7279946e-09
v 0.4632473925 0.1223360085 -3.7279946e-09
v 0.47419914 0.132136781 -3.7279946e-09
v -0.2294458025 0.447497765 -3.7279946e-09
v -0.2422024725 0.447274615 -3.7279946e-09
v -0.2166891325 0.447720915 -3.7279946e-09
v -0.225706905 0.46001525 -3.7279946e-09
v -0.2347246775 0.472309585 -3.7279946e-09
v -0.0379694015 0.55120676 -3.7279946e-09
v -0.0464734805 0.5658309075 -3.7279946e-09
v -0.053475929 0.5503732925 -3.7279946e-09
v 0.0403819825 0.5825543575 -3.7279946e-09
v 0.03473171375 0.5970841475 -3.7279946e-09
v 0.05168252 0.5534947775 -3.7279946e-09
v 0.04603225125 0.5680245675 -3.7279946e-09
v 0.05447645525 0.581321375 -3.7279946e-09
v 0.068570928 0.5800883925 -3.7279946e-09
v 0.06292065925 0.5946181825 -3.7279946e-09
v 0.541458025 -0.1064657875 -3.7279946e-09
v 0.546604955 -0.092662016 -3.7279946e-09
v 0.573769455 -0.1026259625 -3.7279946e-09
v 0.56276067 -0.0907421035 -3.7279946e-09
v 0.551751885 -0.0788582445 -3.7279946e-09
v 0.254768065 0.4264469225 -3.7279946e-09
v 0.2450182825 0.4178436475 -3.7279946e-09
v 0.2570127175 0.413004505 -3.7279946e-09
v 0.230779195 0.4361252075 -3.7279946e-09
v 0.2210294125 0.4275219325 -3.7279946e-09
v 0.2330238475 0.42268279 -3.7279946e-09
v 0.2352685 0.4092403725 -3.7279946e-09
v 0.2255187175 0.4006370975 -3.7279946e-09
v 0.2375131525 0.395797955 -3.7279946e-09
v 0.28309405 0.4942199175 -3.7279946e-09
v 0.2683886825 0.4868869475 -3.7279946e-09
v 0.312504785 0.5088858575 -3.7279946e-09
v 0.2977994175 0.5015528875 -3.7279946e-09
v 0.2823168325 0.510510995 -3.7279946e-09
v 0.281539615 0.5268020725 -3.7279946e-09
v 0.2668342475 0.5194691025 -3.7279946e-09
v -0.5838979925 0.1304111343 -3.7279946e-09
v -0.5701903675 0.1268375617 -3.7279946e-09
v -0.5884319775 0.1058439627 -3.7279946e-09
v -0.57245736 0.114553976 -3.7279946e-09
v -0.5564827425 0.1232639893 -3.7279946e-09
v -0.5505299425 0.2325846425 -3.7279946e-09
v -0.54089397 0.2187747725 -3.7279946e-09
v -0.5351795675 0.2336728 -3.7279946e-09
v -0.5619587475 0.2027885875 -3.7279946e-09
v -0.552322775 0.1889787175 -3.7279946e-09
v -0.5466083725 0.203876745 -3.7279946e-09
v -0.5312579975 0.2049649025 -3.7279946e-09
v -0.521622025 0.1911550325 -3.7279946e-09
v -0.5159076225 0.20605306 -3.7279946e-09
v -0.5129732825 0.1330329825 -3.7279946e-09
v -0.50784107 0.1489936725 -3.7279946e-09
v -0.5216682875 0.14436112 -3.7279946e-09
v -0.4853188475 0.1422980875 -3.7279946e-09
v -0.4940138525 0.153626225 -3.7279946e-09
v -0.5027088575 0.1649543625 -3.7279946e-09
v -0.5114038625 0.1762825 -3.7279946e-09
v 0.1469353725 0.503520505 -3.7279946e-09
v 0.148407015 0.4893247875 -3.7279946e-09
v 0.1606138225 0.4999190725 -3.7279946e-09
v 0.1225217575 0.482331935 -3.7279946e-09
v 0.1239934 0.4681362175 -3.7279946e-09
v 0.1362002075 0.4787305025 -3.7279946e-09
v 0.1498786575 0.47512907 -3.7279946e-09
v 0.1513503 0.4609333525 -3.7279946e-09
v 0.1635571075 0.4715276375 -3.7279946e-09
v 0.080140402 0.5487510425 -3.7279946e-09
v 0.074355665 0.5644197175 -3.7279946e-09
v 0.065911461 0.55112291 -3.7279946e-09
v -0.3958158275 -0.4487194475 -3.7279946e-09
v -0.3835887775 -0.441204855 -3.7279946e-09
v -0.3732158025 -0.4670556825 -3.7279946e-09
v -0.3609887525 -0.45954109 -3.7279946e-09
v -0.372288765 -0.4503729725 -3.7279946e-09
v -0.3713617275 -0.4336902625 -3.7279946e-09
v -0.3591346775 -0.42617567 -3.7279946e-09
v 0.001045811025 0.05007804287 -3.7279946e-09
v 0.01008573385 0.03790235362 -3.7279946e-09
v 0.01547585153 0.05240080875 -3.7279946e-09
v -0.009734424325 0.02108113262 -3.7279946e-09
v -0.0006945015 0.008905443375 -3.7279946e-09
v 0.004695616175 0.0234038985 -3.7279946e-09
v 0.01912565668 0.02572666437 -3.7279946e-09
v 0.0281655795 0.01355097512 -3.7279946e-09
v 0.03355569718 0.02804943025 -3.7279946e-09
v -0.123481385 0.04226415275 -3.7279946e-09
v -0.1298034725 0.02923944335 -3.7279946e-09
v -0.1149538075 0.0309404116 -3.7279946e-09
v -0.153180715 0.03886221625 -3.7279946e-09
v -0.1595028025 0.02583750685 -3.7279946e-09
v -0.1446531375 0.0275384751 -3.7279946e-09
v -0.13612556 0.01621473395 -3.7279946e-09
v -0.1424476475 0.00319002455 -3.7279946e-09
v -0.1275979825 0.0048909928 -3.7279946e-09
v 0.1993369725 0.0350739835 -3.7279946e-09
v 0.19357999 0.02139952875 -3.7279946e-09
v 0.2077720275 0.02233029725 -3.7279946e-09
v 0.1709528975 0.0332124465 -3.7279946e-09
v 0.165195915 0.01953799175 -3.7279946e-09
v 0.1793879525 0.02046876025 -3.7279946e-09
v 0.1878230075 0.007725074 -3.7279946e-09
v 0.182066025 -0.00594938075 -3.7279946e-09
v 0.1962580625 -0.00501861225 -3.7279946e-09
v 0.2994526825 0.17281932 -3.7279946e-09
v 0.3093785675 0.184883145 -3.7279946e-09
v 0.2796009125 0.14869167 -3.7279946e-09
v 0.2895267975 0.160755495 -3.7279946e-09
v 0.30378875 0.159070165 -3.7279946e-09
v 0.3081248175 0.14532101 -3.7279946e-09
v 0.3180507025 0.157384835 -3.7279946e-09
v -0.2721604425 0.01475486072 -3.7279946e-09
v -0.2699567925 0.02643765415 -3.7279946e-09
v -0.2431602675 0.02771225157 -3.7279946e-09
v -0.255456705 0.03291634958 -3.7279946e-09
v -0.2677531425 0.03812044758 -3.7279946e-09
v -0.196527475 -0.1174883725 -3.7279946e-09
v -0.201083805 -0.1312435725 -3.7279946e-09
v -0.18658135 -0.12824194 -3.7279946e-09
v -0.225532385 -0.1234916375 -3.7279946e-09
v -0.230088715 -0.1372468375 -3.7279946e-09
v -0.21558626 -0.134245205 -3.7279946e-09
v -0.205640135 -0.1449987725 -3.7279946e-09
v -0.210196465 -0.1587539725 -3.7279946e-09
v -0.19569401 -0.15575234 -3.7279946e-09
v -0.097212092 -0.249405865 -3.7279946e-09
v -0.084457471 -0.2468873325 -3.7279946e-09
v -0.082474396 -0.271619515 -3.7279946e-09
v -0.077088623 -0.2579941575 -3.7279946e-09
v -0.07170285 -0.2443688 -3.7279946e-09
v -0.0956848315 -0.371709725 -3.7279946e-09
v -0.1110420135 -0.369651165 -3.7279946e-09
v -0.105789974 -0.38331621 -3.7279946e-09
v -0.1061889105 -0.344379635 -3.7279946e-09
v -0.1215460925 -0.342321075 -3.7279946e-09
v -0.116294053 -0.35598612 -3.7279946e-09
v -0.1263991955 -0.367592605 -3.7279946e-09
v -0.1417563775 -0.365534045 -3.7279946e-09
v -0.136504338 -0.37919909 -3.7279946e-09
v 0.154733835 0.1974043075 -3.7279946e-09
v 0.1486136075 0.1831809925 -3.7279946e-09
v 0.1645627325 0.184676025 -3.7279946e-09
v 0.122835585 0.1944142425 -3.7279946e-09
v 0.1167153575 0.1801909275 -3.7279946e-09
v 0.1326644825 0.18168596 -3.7279946e-09
v 0.14249338 0.1689576775 -3.7279946e-09
v 0.1363731525 0.1547343625 -3.7279946e-09
v 0.1523222775 0.156229395 -3.7279946e-09
v 0.08122435525 0.1184655347 -3.7279946e-09
v 0.0902253325 0.1060020087 -3.7279946e-09
v 0.09575905825 0.120703774 -3.7279946e-09
v 0.07015690375 0.08906200425 -3.7279946e-09
v 0.08469160675 0.0913002435 -3.7279946e-09
v 0.09922630975 0.09353848275 -3.7279946e-09
v 0.1137610128 0.095776722 -3.7279946e-09
v 0.1184169305 -0.38567283 -3.7279946e-09
v 0.1216945455 -0.399863555 -3.7279946e-09
v 0.132792485 -0.389861445 -3.7279946e-09
v 0.0962210515 -0.40567705 -3.7279946e-09
v 0.110596606 -0.409865665 -3.7279946e-09
v 0.1249721605 -0.41405428 -3.7279946e-09
v 0.139347715 -0.418242895 -3.7279946e-09
v 0.008768214825 -0.3815869875 -3.7279946e-09
v 0.0134807945 -0.39581556 -3.7279946e-09
v 0.00405563515 -0.367358415 -3.7279946e-09
v -0.006146528675 -0.3793767675 -3.7279946e-09
v -0.0163486925 -0.39139512 -3.7279946e-09
v 0.245060335 -0.15061645 -3.7279946e-09
v 0.2559306025 -0.1602334975 -3.7279946e-09
v 0.2553544575 -0.1435181975 -3.7279946e-09
v 0.246212625 -0.18404705 -3.7279946e-09
v 0.2565067475 -0.1769487975 -3.7279946e-09
v 0.26680087 -0.169850545 -3.7279946e-09
v 0.2770949925 -0.1627522925 -3.7279946e-09
v 0.3455805525 -0.23706527 -3.7279946e-09
v 0.3357253725 -0.247433515 -3.7279946e-09
v 0.34992109 -0.251367175 -3.7279946e-09
v 0.3171891175 -0.22919795 -3.7279946e-09
v 0.3073339375 -0.239566195 -3.7279946e-09
v 0.321529655 -0.243499855 -3.7279946e-09
v 0.3258701925 -0.25780176 -3.7279946e-09
v 0.3160150125 -0.268170005 -3.7279946e-09
v 0.33021073 -0.272103665 -3.7279946e-09
v 0.01183215775 0.3468003925 -3.7279946e-09
v -0.00700836225 0.3217217925 -3.7279946e-09
v 0.00241189775 0.3342610925 -3.7279946e-09
v 0.0174091205 0.331358815 -3.7279946e-09
v 0.02298608325 0.3159172375 -3.7279946e-09
v -0.02016257775 0.4177261575 -3.7279946e-09
v -0.0133611755 0.403838485 -3.7279946e-09
v -0.03742742525 0.3925145525 -3.7279946e-09
v -0.02199359925 0.3912326825 -3.7279946e-09
v -0.00655977325 0.3899508125 -3.7279946e-09
v 0.1866192025 0.397683565 -3.7279946e-09
v 0.1980892725 0.4076296875 -3.7279946e-09
v 0.2140486475 0.390690975 -3.7279946e-09
v 0.211803995 0.4041333925 -3.7279946e-09
v 0.2095593425 0.41757581 -3.7279946e-09
v 0.1761392525 0.48150241 -3.7279946e-09
v 0.1887213975 0.4914771825 -3.7279946e-09
v 0.17466761 0.4956981275 -3.7279946e-09
v -0.50636575 -0.135884378 -3.7279946e-09
v -0.5138603675 -0.125033033 -3.7279946e-09
v -0.49713797 -0.106003374 -3.7279946e-09
v -0.5046325875 -0.095152029 -3.7279946e-09
v -0.5092464775 -0.110092531 -3.7279946e-09
v -0.521354985 -0.114181688 -3.7279946e-09
v -0.5288496025 -0.103330343 -3.7279946e-09
v -0.3269959375 0.1977927875 -3.7279946e-09
v -0.313865245 0.20780909 -3.7279946e-09
v -0.3253818375 0.2115966125 -3.7279946e-09
v -0.3039627525 0.1902177425 -3.7279946e-09
v -0.29083206 0.200234045 -3.7279946e-09
v -0.3023486525 0.2040215675 -3.7279946e-09
v -0.3007345525 0.2178253925 -3.7279946e-09
v -0.28760386 0.227841695 -3.7279946e-09
v -0.2991204525 0.2316292175 -3.7279946e-09
v -0.24024642 0.1671609025 -3.7279946e-09
v -0.2333579125 0.179860275 -3.7279946e-09
v -0.254023435 0.1417621575 -3.7279946e-09
v -0.2471349275 0.15446153 -3.7279946e-09
v -0.2321943225 0.1544825575 -3.7279946e-09
v -0.224142225 0.1418042125 -3.7279946e-09
v -0.2172537175 0.154503585 -3.7279946e-09
v 0.3327629 0.15413298 -3.7279946e-09
v 0.3284268325 0.167882135 -3.7279946e-09
v 0.35351516 0.17512758 -3.7279946e-09
v 0.3491790925 0.188876735 -3.7279946e-09
v 0.3388029625 0.178379435 -3.7279946e-09
v 0.324090765 0.18163129 -3.7279946e-09
v 0.3197546975 0.195380445 -3.7279946e-09
v -0.2604398875 0.3319946225 -3.7279946e-09
v -0.2455050625 0.3303313725 -3.7279946e-09
v -0.2502716625 0.3050913875 -3.7279946e-09
v -0.2353368375 0.3034281375 -3.7279946e-09
v -0.24042095 0.316879755 -3.7279946e-09
v -0.2305702375 0.3286681225 -3.7279946e-09
v -0.2156354125 0.3270048725 -3.7279946e-09
v -0.2070649925 0.3753771325 -3.7279946e-09
v -0.2123470225 0.387784225 -3.7279946e-09
v -0.2017829625 0.36297004 -3.7279946e-09
v -0.192499195 0.3747397475 -3.7279946e-09
v -0.1832154275 0.386509455 -3.7279946e-09
v -0.323596625 0.004424533325 -3.7279946e-09
v -0.310460415 0.0107331819 -3.7279946e-09
v -0.32112409 0.01949884707 -3.7279946e-09
v -0.4377374675 -0.05230875172 -3.7279946e-09
v -0.4495245225 -0.04305402822 -3.7279946e-09
v -0.451095515 -0.0585852995 -3.7279946e-09
v -0.4345954825 -0.02124620917 -3.7279946e-09
v -0.44795353 -0.02752275695 -3.7279946e-09
v -0.4613115775 -0.03379930472 -3.7279946e-09
v -0.474669625 -0.0400758525 -3.7279946e-09
v -0.2455237175 -0.3971647175 -3.7279946e-09
v -0.2481423925 -0.382369725 -3.7279946e-09
v -0.2226771525 -0.3766989525 -3.7279946e-09
v -0.2252958275 -0.36190396 -3.7279946e-09
v -0.23671911 -0.3721368425 -3.7279946e-09
v -0.2507610675 -0.3675747325 -3.7279946e-09
v -0.2533797425 -0.35277974 -3.7279946e-09
v -0.26387941 -0.29650572 -3.7279946e-09
v -0.253791615 -0.289982035 -3.7279946e-09
v -0.266928615 -0.284654535 -3.7279946e-09
v -0.23760541 -0.30716072 -3.7279946e-09
v -0.227517615 -0.300637035 -3.7279946e-09
v -0.240654615 -0.295309535 -3.7279946e-09
v -0.24370382 -0.28345835 -3.7279946e-09
v -0.233616025 -0.276934665 -3.7279946e-09
v -0.246753025 -0.271607165 -3.7279946e-09
v -0.068461955 -0.5932366975 -3.7279946e-09
v -0.05967950225 -0.583735035 -3.7279946e-09
v -0.07803828925 -0.5822108275 -3.7279946e-09
v -0.031744381 -0.5962851125 -3.7279946e-09
v -0.04132071525 -0.5852592425 -3.7279946e-09
v -0.0508970495 -0.5742333725 -3.7279946e-09
v -0.06047338375 -0.5632075025 -3.7279946e-09
v -0.073144501 -0.5593513775 -3.7279946e-09
v -0.08581561825 -0.5554952525 -3.7279946e-09
v -0.08192695375 -0.56885304 -3.7279946e-09
v 0.248379475 -0.4959701725 -3.7279946e-09
v 0.261633175 -0.4879748475 -3.7279946e-09
v 0.235125775 -0.5039654975 -3.7279946e-09
v 0.24999778 -0.51192981 -3.7279946e-09
v 0.264869785 -0.5198941225 -3.7279946e-09
v 0.26118793 -0.4063764675 -3.7279946e-09
v 0.25745245 -0.391852725 -3.7279946e-09
v 0.28415961 -0.3883724625 -3.7279946e-09
v 0.28042413 -0.37384872 -3.7279946e-09
v 0.26893829 -0.3828507225 -3.7279946e-09
v 0.25371697 -0.3773289825 -3.7279946e-09
v 0.24998149 -0.36280524 -3.7279946e-09
v -0.02255264425 -0.1211916825 -3.7279946e-09
v -0.0550246865 -0.1184815925 -3.7279946e-09
v -0.03878866538 -0.1198366375 -3.7279946e-09
v -0.03306464388 -0.13496055 -3.7279946e-09
v -0.0435766435 -0.1487294175 -3.7279946e-09
v 0.07368140225 -0.150074735 -3.7279946e-09
v 0.08901193275 -0.1551173175 -3.7279946e-09
v 0.0850656285 -0.1399057225 -3.7279946e-09
v 0.08157401075 -0.180497925 -3.7279946e-09
v 0.092958237 -0.1703289125 -3.7279946e-09
v 0.1043424632 -0.1601599 -3.7279946e-09
v 0.1157266895 -0.1499908875 -3.7279946e-09
v 0.49798063 -0.0896887965 -3.7279946e-09
v 0.48197316 -0.1091292725 -3.7279946e-09
v 0.489976895 -0.0994090345 -3.7279946e-09
v 0.504419945 -0.099161177 -3.7279946e-09
v 0.51085926 -0.1086335575 -3.7279946e-09
v 0.4789097575 -0.171388945 -3.7279946e-09
v 0.4832481925 -0.185002475 -3.7279946e-09
v 0.492134545 -0.1727841 -3.7279946e-09
v 0.4611370525 -0.195825695 -3.7279946e-09
v 0.47436184 -0.19722085 -3.7279946e-09
v 0.4875866275 -0.198616005 -3.7279946e-09
v 0.500811415 -0.20001116 -3.7279946e-09
v 0.525984905 -0.227952615 -3.7279946e-09
v 0.540759135 -0.25717147 -3.7279946e-09
v 0.53337202 -0.2425620425 -3.7279946e-09
v 0.539432845 -0.2276711125 -3.7279946e-09
v 0.552880785 -0.22738961 -3.7279946e-09
v 0.1143079835 -0.2622721425 -3.7279946e-09
v 0.125652599 -0.252083155 -3.7279946e-09
v 0.1439850745 -0.2723441675 -3.7279946e-09
v 0.1404911445 -0.2571191675 -3.7279946e-09
v 0.1369972145 -0.2418941675 -3.7279946e-09
v 0.1848132275 -0.273000215 -3.7279946e-09
v 0.199714935 -0.2783329725 -3.7279946e-09
v 0.1959011275 -0.2632874925 -3.7279946e-09
v 0.409891955 0.141917235 -3.7279946e-09
v 0.389235895 0.12183259 -3.7279946e-09
v 0.399563925 0.1318749125 -3.7279946e-09
v 0.41230903 0.1269787325 -3.7279946e-09
v 0.414726105 0.11204023 -3.7279946e-09
v 0.50170954 0.174536715 -3.7279946e-09
v 0.5053114975 0.1598996875 -3.7279946e-09
v 0.48142198 0.155743665 -3.7279946e-09
v 0.4850239375 0.1411066375 -3.7279946e-09
v 0.4951677175 0.1505031625 -3.7279946e-09
v 0.508913455 0.14526266 -3.7279946e-09
v 0.5125154125 0.1306256325 -3.7279946e-09
v 0.4720859125 -0.3661543475 -3.7279946e-09
v 0.4655929775 -0.3497549775 -3.7279946e-09
v 0.455640545 -0.36347995 -3.7279946e-09
v 0.4919907775 -0.3387044025 -3.7279946e-09
v 0.47554541 -0.336030005 -3.7279946e-09
v 0.4591000425 -0.3333556075 -3.7279946e-09
v 0.442654675 -0.33068121 -3.7279946e-09
v 0.431261355 -0.2995013025 -3.7279946e-09
v 0.417027525 -0.295940085 -3.7279946e-09
v 0.421460585 -0.2699402275 -3.7279946e-09
v 0.41212714 -0.2811595475 -3.7279946e-09
v 0.402793695 -0.2923788675 -3.7279946e-09
v -0.5264414575 -0.0646588985 -3.7279946e-09
v -0.513618815 -0.05839978725 -3.7279946e-09
v -0.5038298725 -0.0822615475 -3.7279946e-09
v -0.49100723 -0.07600243625 -3.7279946e-09
v -0.5023130225 -0.06720111175 -3.7279946e-09
v -0.5007961725 -0.052140676 -3.7279946e-09
v -0.48797353 -0.04588156475 -3.7279946e-09
v 0.3530972475 0.2586538875 -3.7279946e-09
v 0.338842915 0.26183714 -3.7279946e-09
v 0.3401915475 0.2466066225 -3.7279946e-09
v 0.3503999825 0.2891149225 -3.7279946e-09
v 0.33614565 0.292298175 -3.7279946e-09
v 0.3374942825 0.2770676575 -3.7279946e-09
v 0.3245885825 0.2650203925 -3.7279946e-09
v 0.31033425 0.268203645 -3.7279946e-09
v 0.3116828825 0.2529731275 -3.7279946e-09
v 0.36044336 0.424460905 -3.7279946e-09
v 0.357435945 0.40985831 -3.7279946e-09
v 0.363450775 0.4390635 -3.7279946e-09
v 0.348196075 0.430342735 -3.7279946e-09
v 0.332941375 0.42162197 -3.7279946e-09
v -0.3215914225 -0.3051862675 -3.7279946e-09
v -0.33424427 -0.29753973 -3.7279946e-09
v -0.3332333875 -0.3130296725 -3.7279946e-09
v -0.3236131875 -0.2742063825 -3.7279946e-09
v -0.3352551525 -0.2820497875 -3.7279946e-09
v -0.3468971175 -0.2898931925 -3.7279946e-09
v -0.3585390825 -0.2977365975 -3.7279946e-09
v -0.3636768125 -0.3656008 -3.7279946e-09
v -0.3503177125 -0.373229465 -3.7279946e-09
v -0.3600306975 -0.39486224 -3.7279946e-09
v -0.348494655 -0.387860185 -3.7279946e-09
v -0.3369586125 -0.38085813 -3.7279946e-09
v -0.3759906 0.32755841 -3.7279946e-09
v -0.3858163425 0.320283265 -3.7279946e-09
v -0.4035767 0.33653071 -3.7279946e-09
v -0.4134024425 0.329255565 -3.7279946e-09
v -0.3996093925 0.324769415 -3.7279946e-09
v -0.395642085 0.31300812 -3.7279946e-09
v -0.4054678275 0.305732975 -3.7279946e-09
v -0.41493269 0.294352535 -3.7279946e-09
v -0.4202207675 0.2836536375 -3.7279946e-09
v -0.44179703 0.295114245 -3.7279946e-09
v -0.4336529375 0.2840344925 -3.7279946e-09
v -0.425508845 0.27295474 -3.7279946e-09
v 0.09281296175 -0.5811663 -3.7279946e-09
v 0.0793498315 -0.58344223 -3.7279946e-09
v 0.08986678975 -0.59112872 -3.7279946e-09
v 0.07177904525 -0.56579332 -3.7279946e-09
v 0.058315915 -0.56806925 -3.7279946e-09
v 0.06883287325 -0.57575574 -3.7279946e-09
v 0.06588670125 -0.58571816 -3.7279946e-09
v 0.052423571 -0.58799409 -3.7279946e-09
v 0.06294052925 -0.59568058 -3.7279946e-09
v -0.4593954775 -0.2613175075 -3.7279946e-09
v -0.4589786125 -0.274774645 -3.7279946e-09
v -0.44641986 -0.2675807175 -3.7279946e-09
v 0.5553959 0.03101307075 -3.7279946e-09
v 0.5687726075 0.04000181862 -3.7279946e-09
v 0.5537118825 0.04657223712 -3.7279946e-09
v 0.5324123975 -0.000724389375 -3.7279946e-09
v 0.5329591025 -0.015633332 -3.7279946e-09
v 0.5098307725 -0.01510348113 -3.7279946e-09
v 0.52166829 -0.02282287788 -3.7279946e-09
v 0.5335058075 -0.03054227462 -3.7279946e-09
v -0.06618347475 0.445137465 -3.7279946e-09
v -0.07363380275 0.4577009475 -3.7279946e-09
v -0.081183116 0.4447763225 -3.7279946e-09
v -0.05108484825 0.470986715 -3.7279946e-09
v -0.0660844895 0.4706255725 -3.7279946e-09
v -0.08108413075 0.47026443 -3.7279946e-09
v -0.096083772 0.4699032875 -3.7279946e-09
v -0.09032229375 0.5326103075 -3.7279946e-09
v -0.0972095925 0.5197064475 -3.7279946e-09
v -0.1189970712 0.5296665025 -3.7279946e-09
v -0.12588437 0.5167626425 -3.7279946e-09
v -0.1115469812 0.518234545 -3.7279946e-09
v -0.1040968913 0.5068025875 -3.7279946e-09
v -0.11098419 0.4938987275 -3.7279946e-09
v 0.0218248565 0.52548446 -3.7279946e-09
v 0.00752557875 0.5247889875 -3.7279946e-09
v 0.01471067475 0.5114664225 -3.7279946e-09
v -0.3977684625 -0.2317083325 -3.7279946e-09
v -0.4108578875 -0.2305768075 -3.7279946e-09
v -0.40983728 -0.24297838 -3.7279946e-09
v -0.32259074 -0.2433221725 -3.7279946e-09
v -0.3345872775 -0.234035515 -3.7279946e-09
v -0.31852408 -0.2125336375 -3.7279946e-09
v -0.3305206175 -0.20324698 -3.7279946e-09
v -0.3325539475 -0.2186412475 -3.7279946e-09
v -0.346583815 -0.2247488575 -3.7279946e-09
v -0.3585803525 -0.2154622 -3.7279946e-09
v -0.4515307825 0.08685196825 -3.7279946e-09
v -0.4255196225 0.07052272575 -3.7279946e-09
v -0.4385252025 0.078687347 -3.7279946e-09
v -0.437716445 0.09296423175 -3.7279946e-09
v -0.4239021075 0.09907649525 -3.7279946e-09
v -0.516147075 0.102072024 -3.7279946e-09
v -0.51468805 0.118526404 -3.7279946e-09
v -0.5176061 0.085617644 -3.7279946e-09
v -0.504034625 0.092197998 -3.7279946e-09
v -0.49046315 0.098778352 -3.7279946e-09
v -0.2207852275 0.49347976 -3.7279946e-09
v -0.22230602 0.509496435 -3.7279946e-09
v -0.2325065725 0.500843745 -3.7279946e-09
v -0.2003841225 0.51078514 -3.7279946e-09
v -0.201904915 0.526801815 -3.7279946e-09
v -0.2121054675 0.518149125 -3.7279946e-09
v -0.2238268125 0.52551311 -3.7279946e-09
v -0.225347605 0.541529785 -3.7279946e-09
v -0.2355481575 0.532877095 -3.7279946e-09
v -0.2969338875 -0.5189066325 -3.7279946e-09
v -0.28182191 -0.508267925 -3.7279946e-09
v -0.2748648025 -0.5313037375 -3.7279946e-09
v -0.259752825 -0.52066503 -3.7279946e-09
v -0.2707873675 -0.5144664775 -3.7279946e-09
v -0.2667099325 -0.4976292175 -3.7279946e-09
v -0.251597955 -0.48699051 -3.7279946e-09
v 0.381315475 0.03333710357 -3.7279946e-09
v 0.3870848125 0.04976641725 -3.7279946e-09
v 0.3755461375 0.0169077899 -3.7279946e-09
v 0.3870911175 0.02136758583 -3.7279946e-09
v 0.3986360975 0.02582738175 -3.7279946e-09
v 0.250487715 0.09335983 -3.7279946e-09
v 0.2575575825 0.1076136625 -3.7279946e-09
v 0.277344165 0.09335615 -3.7279946e-09
v 0.2844140325 0.1076099825 -3.7279946e-09
v 0.2709858075 0.1076118225 -3.7279946e-09
v 0.26462745 0.121867495 -3.7279946e-09
v 0.2716973175 0.1361213275 -3.7279946e-09
v -0.2368531625 -0.23489737 -3.7279946e-09
v -0.2651536575 -0.24183792 -3.7279946e-09
v -0.25100341 -0.238367645 -3.7279946e-09
v -0.2415072675 -0.246116165 -3.7279946e-09
v -0.2461613725 -0.25733496 -3.7279946e-09
v -0.143397285 -0.1195990825 -3.7279946e-09
v -0.128792325 -0.1168393175 -3.7279946e-09
v -0.172607205 -0.1251186125 -3.7279946e-09
v -0.158002245 -0.1223588475 -3.7279946e-09
v -0.14858443 -0.13299072 -3.7279946e-09
v -0.153771575 -0.1463823575 -3.7279946e-09
v -0.139166615 -0.1436225925 -3.7279946e-09
v -0.17448704 0.02409303325 -3.7279946e-09
v -0.1659594625 0.0127692921 -3.7279946e-09
v -0.18740036 -0.00204339625 -3.7279946e-09
v -0.1788727825 -0.0133671374 -3.7279946e-09
v -0.1724161225 -0.00029892265 -3.7279946e-09
v -0.157431885 0.00144555095 -3.7279946e-09
v -0.1489043075 -0.0098781902 -3.7279946e-09
v -0.154426045 0.1265076195 -3.7279946e-09
v -0.15379339 0.1128094035 -3.7279946e-09
v -0.142036825 0.125215814 -3.7279946e-09
v -0.177939175 0.1016947985 -3.7279946e-09
v -0.17730652 0.0879965825 -3.7279946e-09
v -0.165549955 0.100402993 -3.7279946e-09
v -0.153160735 0.0991111875 -3.7279946e-09
v -0.15252808 0.0854129715 -3.7279946e-09
v -0.140771515 0.097819382 -3.7279946e-09
v 0.1821304225 -0.13282403 -3.7279946e-09
v 0.1985253225 -0.1367369275 -3.7279946e-09
v 0.1885820875 -0.16197297 -3.7279946e-09
v 0.2049769875 -0.1658858675 -3.7279946e-09
v 0.201751155 -0.1513113975 -3.7279946e-09
v 0.2149202225 -0.140649825 -3.7279946e-09
v 0.2313151225 -0.1445627225 -3.7279946e-09
v 0.2956383475 -0.004078539 -3.7279946e-09
v 0.281274675 -0.00454988975 -3.7279946e-09
v 0.2901573475 -0.01824269075 -3.7279946e-09
v 0.2778730025 0.023307063 -3.7279946e-09
v 0.2723920025 0.00914291125 -3.7279946e-09
v 0.2669110025 -0.0050212405 -3.7279946e-09
v 0.2614300025 -0.01918539225 -3.7279946e-09
v 0.01806616725 -0.2733934225 -3.7279946e-09
v 0.00210687175 -0.2685392975 -3.7279946e-09
v 0.04998475825 -0.2831016725 -3.7279946e-09
v 0.03402546275 -0.2782475475 -3.7279946e-09
v 0.031142714 -0.26316895 -3.7279946e-09
v 0.04421926075 -0.2529444775 -3.7279946e-09
v 0.02825996525 -0.2480903525 -3.7279946e-09
v -0.0417800805 -0.179946225 -3.7279946e-09
v -0.03409076035 -0.193106355 -3.7279946e-09
v -0.03016330185 -0.17701346 -3.7279946e-09
v -0.0496349975 -0.212132015 -3.7279946e-09
v -0.04194567735 -0.225292145 -3.7279946e-09
v -0.03801821885 -0.20919925 -3.7279946e-09
v -0.0264014402 -0.206266485 -3.7279946e-09
v -0.01871212005 -0.219426615 -3.7279946e-09
v -0.01478466155 -0.20333372 -3.7279946e-09
v -0.103119205 0.0964672565 -3.7279946e-09
v -0.107582305 0.08231288175 -3.7279946e-09
v -0.127798975 0.0882365295 -3.7279946e-09
v -0.132262075 0.07408215475 -3.7279946e-09
v -0.11992219 0.07819751825 -3.7279946e-09
v -0.112045405 0.068158507 -3.7279946e-09
v -0.116508505 0.05400413225 -3.7279946e-09
v 0.1056426757 0.40177178 -3.7279946e-09
v 0.1094512258 0.3873416075 -3.7279946e-09
v 0.08473318725 0.37793746 -3.7279946e-09
v 0.08854173725 0.3635072875 -3.7279946e-09
v 0.0989964815 0.3754244475 -3.7279946e-09
v 0.1132597758 0.372911435 -3.7279946e-09
v 0.1170683258 0.3584812625 -3.7279946e-09
v 0.176386845 0.3880378675 -3.7279946e-09
v 0.1901015675 0.3845415725 -3.7279946e-09
v 0.183351575 0.3617538825 -3.7279946e-09
v 0.1970662975 0.3582575875 -3.7279946e-09
v 0.1935839325 0.37139958 -3.7279946e-09
v 0.20381629 0.3810452775 -3.7279946e-09
v 0.2175310125 0.3775489825 -3.7279946e-09
v 0.1425336255 0.0304201145 -3.7279946e-09
v 0.136754038 0.01597141225 -3.7279946e-09
v 0.1509812725 0.01783297575 -3.7279946e-09
v 0.1140791565 0.0266969875 -3.7279946e-09
v 0.108299569 0.01224828525 -3.7279946e-09
v 0.1225268035 0.01410984875 -3.7279946e-09
v 0.1309744505 0.00152271 -3.7279946e-09
v 0.125194863 -0.01292599225 -3.7279946e-09
v 0.1394220975 -0.01106442875 -3.7279946e-09
v 0.101827903 -0.0883056555 -3.7279946e-09
v 0.09011326 -0.0995269995 -3.7279946e-09
v 0.104879027 -0.101199108 -3.7279946e-09
v 0.072296369 -0.0849614385 -3.7279946e-09
v 0.060581726 -0.0961827825 -3.7279946e-09
v 0.075347493 -0.097854891 -3.7279946e-09
v 0.078398617 -0.1107483435 -3.7279946e-09
v 0.066683974 -0.1219696875 -3.7279946e-09
v 0.081449741 -0.123641796 -3.7279946e-09
v -0.02565986642 -0.321970965 -3.7279946e-09
v -0.0406980475 -0.3201941675 -3.7279946e-09
v -0.01062168535 -0.3237477625 -3.7279946e-09
v -0.01575040893 -0.3081608325 -3.7279946e-09
v -0.0208791325 -0.2925739025 -3.7279946e-09
v -0.03989386225 -0.40307625 -3.7279946e-09
v -0.03442134952 -0.41460283 -3.7279946e-09
v -0.02579092327 -0.40071148 -3.7279946e-09
v -0.05715471475 -0.43085895 -3.7279946e-09
v -0.05168220203 -0.44238553 -3.7279946e-09
v -0.04305177578 -0.42849418 -3.7279946e-09
v -0.0289488368 -0.42612941 -3.7279946e-09
v -0.02347632408 -0.43765599 -3.7279946e-09
v -0.01484589782 -0.42376464 -3.7279946e-09
v 0.0332470625 0.17737512 -3.7279946e-09
v 0.0279714195 0.1627486075 -3.7279946e-09
v 0.043322924 0.1661232075 -3.7279946e-09
v 0.0025440535 0.17062592 -3.7279946e-09
v -0.0027315895 0.1559994075 -3.7279946e-09
v 0.012619915 0.1593740075 -3.7279946e-09
v 0.0226957765 0.148122095 -3.7279946e-09
v 0.0174201335 0.1334955825 -3.7279946e-09
v 0.032771638 0.1368701825 -3.7279946e-09
v 0.05195844925 0.197309685 -3.7279946e-09
v 0.04221586615 0.2063293 -3.7279946e-09
v 0.0388559839 0.189769335 -3.7279946e-09
v 0.05867821375 0.230429615 -3.7279946e-09
v 0.04893563065 0.23944923 -3.7279946e-09
v 0.0455757484 0.222889265 -3.7279946e-09
v 0.03247328305 0.215348915 -3.7279946e-09
v 0.02273069995 0.22436853 -3.7279946e-09
v 0.0193708177 0.207808565 -3.7279946e-09
v 0.149637635 -0.4731851025 -3.7279946e-09
v 0.1355966755 -0.469454355 -3.7279946e-09
v 0.1379341105 -0.4830381825 -3.7279946e-09
v 0.144962765 -0.4460174475 -3.7279946e-09
v 0.1332592405 -0.4558705275 -3.7279946e-09
v 0.121555716 -0.4657236075 -3.7279946e-09
v 0.1098521915 -0.4755766875 -3.7279946e-09
v 0.1298653925 -0.547155345 -3.7279946e-09
v 0.142903985 -0.549981925 -3.7279946e-09
v 0.1037882075 -0.541502185 -3.7279946e-09
v 0.1168268 -0.544328765 -3.7279946e-09
v 0.1166740375 -0.5601123 -3.7279946e-09
v 0.1034826825 -0.573069255 -3.7279946e-09
v 0.116521275 -0.575895835 -3.7279946e-09
v -0.41562554 0.17516885 -3.7279946e-09
v -0.4227760975 0.1848150725 -3.7279946e-09
v -0.4304163275 0.1739085325 -3.7279946e-09
v -0.40034508 0.19698193 -3.7279946e-09
v -0.4151358675 0.1957216125 -3.7279946e-09
v -0.429926655 0.194461295 -3.7279946e-09
v -0.4447174425 0.1932009775 -3.7279946e-09
v -0.3575321425 0.1022854245 -3.7279946e-09
v -0.35992346 0.117970053 -3.7279946e-09
v -0.3371725675 0.1292179415 -3.7279946e-09
v -0.3497436725 0.1314363115 -3.7279946e-09
v -0.3623147775 0.1336546815 -3.7279946e-09
v -0.3011506275 0.286517015 -3.7279946e-09
v -0.2858964525 0.2840584125 -3.7279946e-09
v -0.290950075 0.2990155775 -3.7279946e-09
v -0.2910433825 0.256602685 -3.7279946e-09
v -0.2757892075 0.2541440825 -3.7279946e-09
v -0.28084283 0.2691012475 -3.7279946e-09
v -0.2706422775 0.28159981 -3.7279946e-09
v -0.2553881025 0.2791412075 -3.7279946e-09
v -0.260441725 0.2940983725 -3.7279946e-09
v -0.260376805 0.3699100625 -3.7279946e-09
v -0.2700296 0.35916622 -3.7279946e-09
v -0.25072401 0.380653905 -3.7279946e-09
v -0.264882405 0.3836300425 -3.7279946e-09
v -0.2790408 0.38660618 -3.7279946e-09
v 0.306475765 -0.3698598625 -3.7279946e-09
v 0.3021828 -0.3551300525 -3.7279946e-09
v 0.291352485 -0.36464065 -3.7279946e-09
v 0.328136395 -0.3508386675 -3.7279946e-09
v 0.32384343 -0.3361088575 -3.7279946e-09
v 0.313013115 -0.345619455 -3.7279946e-09
v 0.297889835 -0.3404002425 -3.7279946e-09
v 0.29359687 -0.3256704325 -3.7279946e-09
v 0.282766555 -0.33518103 -3.7279946e-09
v 0.23067774 -0.3426404275 -3.7279946e-09
v 0.21555472 -0.33747615 -3.7279946e-09
v 0.22251288 -0.3133542825 -3.7279946e-09
v 0.21147229 -0.3228330775 -3.7279946e-09
v 0.2004317 -0.3323118725 -3.7279946e-09
v -0.175215895 0.398316485 -3.7279946e-09
v -0.1897816925 0.39895387 -3.7279946e-09
v -0.188348425 0.423205315 -3.7279946e-09
v -0.1963479575 0.411398285 -3.7279946e-09
v -0.20434749 0.399591255 -3.7279946e-09
v -0.1196799045 0.43299899 -3.7279946e-09
v -0.111814527 0.4453004225 -3.7279946e-09
v -0.0890484935 0.43247489 -3.7279946e-09
v -0.0964988215 0.4450383725 -3.7279946e-09
v -0.1039491495 0.457601855 -3.7279946e-09
v 0.3547836275 -0.266126685 -3.7279946e-09
v 0.3449284475 -0.27649493 -3.7279946e-09
v 0.359646165 -0.280886195 -3.7279946e-09
v 0.3189519825 -0.1400781475 -3.7279946e-09
v 0.334042145 -0.14252913 -3.7279946e-09
v 0.3330612275 -0.1683749625 -3.7279946e-09
v 0.34815139 -0.170825945 -3.7279946e-09
v 0.3410967675 -0.1566775375 -3.7279946e-09
v 0.3491323075 -0.1449801125 -3.7279946e-09
v 0.36422247 -0.147431095 -3.7279946e-09
v 0.3278407025 0.235408855 -3.7279946e-09
v 0.342095035 0.2322256025 -3.7279946e-09
v 0.2993320375 0.24177536 -3.7279946e-09
v 0.31358637 0.2385921075 -3.7279946e-09
v 0.3154898575 0.2242110875 -3.7279946e-09
v 0.3031390125 0.21301332 -3.7279946e-09
v 0.317393345 0.2098300675 -3.7279946e-09
v 0.380007845 0.2502837525 -3.7279946e-09
v 0.366203495 0.254281285 -3.7279946e-09
v 0.393812195 0.24628622 -3.7279946e-09
v 0.39176546 0.2611416675 -3.7279946e-09
v 0.389718725 0.275997115 -3.7279946e-09
v 0.508408545 -0.001310590625 -3.7279946e-09
v 0.4971177325 -0.0085001365 -3.7279946e-09
v 0.5196993575 0.00587895525 -3.7279946e-09
v 0.5069863175 0.01248229988 -3.7279946e-09
v 0.4942732775 0.0190856445 -3.7279946e-09
v -0.0270808125 0.43080218 -3.7279946e-09
v -0.03571323625 0.4181963775 -3.7279946e-09
v -0.0581821295 0.43174262 -3.7279946e-09
v -0.06681455325 0.4191368175 -3.7279946e-09
v -0.05126389475 0.4186665975 -3.7279946e-09
v -0.04434566 0.405590575 -3.7279946e-09
v -0.05297808375 0.3929847725 -3.7279946e-09
v -0.510425835 0.00175786795 -3.7279946e-09
v -0.5229351725 0.01054727005 -3.7279946e-09
v -0.4979164975 -0.00703153415 -3.7279946e-09
v -0.4968669775 0.0079686586 -3.7279946e-09
v -0.4958174575 0.02296885135 -3.7279946e-09
v -0.2960341875 0.312467195 -3.7279946e-09
v -0.3001626125 0.3274934875 -3.7279946e-09
v -0.2756940625 0.334453225 -3.7279946e-09
v -0.2798224875 0.3494795175 -3.7279946e-09
v -0.28999255 0.3384865025 -3.7279946e-09
v -0.3042910375 0.34251978 -3.7279946e-09
v -0.3084194625 0.3575460725 -3.7279946e-09
v -0.3401991675 0.38124503 -3.7279946e-09
v -0.336487605 0.3667601875 -3.7279946e-09
v -0.34391073 0.3957298725 -3.7279946e-09
v -0.3539688225 0.3864258675 -3.7279946e-09
v -0.364026915 0.3771218625 -3.7279946e-09
v 0.424424105 -0.353533035 -3.7279946e-09
v 0.440032325 -0.3585064925 -3.7279946e-09
v 0.43353939 -0.3421071225 -3.7279946e-09
v 0.34333616 -0.3558297325 -3.7279946e-09
v 0.3585196325 -0.3604940875 -3.7279946e-09
v 0.35207506 -0.3848330575 -3.7279946e-09
v 0.3672585325 -0.3894974125 -3.7279946e-09
v 0.3628890825 -0.37499575 -3.7279946e-09
v 0.373703105 -0.3651584425 -3.7279946e-09
v 0.3888865775 -0.3698227975 -3.7279946e-09
v 0.51377258 0.2338278725 -3.7279946e-09
v 0.520821155 0.24487661 -3.7279946e-09
v 0.53976744 0.2321882775 -3.7279946e-09
v 0.546816015 0.243237015 -3.7279946e-09
v 0.533818585 0.2440568125 -3.7279946e-09
v 0.52786973 0.2559253475 -3.7279946e-09
v 0.534918305 0.266974085 -3.7279946e-09
v 0.56569344 0.1419677025 -3.7279946e-09
v 0.57752912 0.1527662175 -3.7279946e-09
v 0.55385776 0.1311691875 -3.7279946e-09
v 0.56961869 0.12615473 -3.7279946e-09
v 0.58537962 0.1211402725 -3.7279946e-09
v -0.09723913975 -0.50324873 -3.7279946e-09
v -0.1004417647 -0.4896352025 -3.7279946e-09
v -0.09403651475 -0.5168622575 -3.7279946e-09
v -0.0824950045 -0.5090567025 -3.7279946e-09
v -0.07095349425 -0.5012511475 -3.7279946e-09
v 0.2543012625 0.3319833225 -3.7279946e-09
v 0.26505036 0.342065335 -3.7279946e-09
v 0.2808848875 0.3235004275 -3.7279946e-09
v 0.291633985 0.33358244 -3.7279946e-09
v 0.2783421725 0.3378238875 -3.7279946e-09
v 0.2757994575 0.3521473475 -3.7279946e-09
v 0.286548555 0.36222936 -3.7279946e-09
v 0.2888670675 0.400554305 -3.7279946e-09
v 0.279695005 0.38781656 -3.7279946e-09
v 0.3072111925 0.426029795 -3.7279946e-09
v 0.29803913 0.41329205 -3.7279946e-09
v 0.2845562325 0.411818045 -3.7279946e-09
v 0.2802453975 0.423081785 -3.7279946e-09
v 0.271073335 0.41034404 -3.7279946e-09
v -0.46439942 -0.06439101175 -3.7279946e-09
v -0.476186475 -0.05513628825 -3.7279946e-09
v -0.477703325 -0.070196724 -3.7279946e-09
v -0.3051615625 -0.3427636975 -3.7279946e-09
v -0.30729083 -0.327561565 -3.7279946e-09
v -0.303032295 -0.35796583 -3.7279946e-09
v -0.2918718525 -0.3496490525 -3.7279946e-09
v -0.28071141 -0.341332275 -3.7279946e-09
v -0.34446322 -0.32060314 -3.7279946e-09
v -0.3571160675 -0.3129566025 -3.7279946e-09
v -0.3556930525 -0.3281766075 -3.7279946e-09
v 0.4182384275 -0.0718201545 -3.7279946e-09
v 0.4396887925 -0.0530305205 -3.7279946e-09
v 0.42896361 -0.0624253375 -3.7279946e-09
v 0.4160305725 -0.057914532 -3.7279946e-09
v 0.4138227175 -0.0440089095 -3.7279946e-09
v 0.4003553275 -0.105273863 -3.7279946e-09
v 0.405676785 -0.119368152 -3.7279946e-09
v 0.3816237825 -0.125580401 -3.7279946e-09
v 0.3963110125 -0.129521421 -3.7279946e-09
v 0.4109982425 -0.133462441 -3.7279946e-09
v -0.4896441425 0.2336791075 -3.7279946e-09
v -0.4815857325 0.2225181375 -3.7279946e-09
v -0.47604323 0.23633011 -3.7279946e-09
v -0.5007291475 0.2060551625 -3.7279946e-09
v -0.487128235 0.208706165 -3.7279946e-09
v -0.4735273225 0.2113571675 -3.7279946e-09
v -0.45992641 0.21400817 -3.7279946e-09
v 0.174657885 0.0756464725 -3.7279946e-09
v 0.1828842475 0.0621223095 -3.7279946e-09
v 0.1888499225 0.076577241 -3.7279946e-09
v 0.162726535 0.0467366095 -3.7279946e-09
v 0.1769185725 0.047667378 -3.7279946e-09
v 0.19111061 0.0485981465 -3.7279946e-09
v 0.2053026475 0.049528915 -3.7279946e-09
v 0.060875108 0.101032862 -3.7279946e-09
v 0.05534138225 0.08633109675 -3.7279946e-09
v 0.0719425595 0.1304363925 -3.7279946e-09
v 0.06640883375 0.1157346272 -3.7279946e-09
v 0.05159331225 0.1130037198 -3.7279946e-09
v 0.0423115165 0.1249745775 -3.7279946e-09
v 0.03677779075 0.1102728122 -3.7279946e-09
v 0.3048009475 -0.4239076275 -3.7279946e-09
v 0.290263275 -0.4180639075 -3.7279946e-09
v 0.2933151075 -0.43290963 -3.7279946e-09
v 0.2986972825 -0.3942161825 -3.7279946e-09
v 0.2872114425 -0.403218185 -3.7279946e-09
v 0.2757256025 -0.4122201875 -3.7279946e-09
v 0.2642397625 -0.42122219 -3.7279946e-09
v 0.3269875225 -0.4628053 -3.7279946e-09
v 0.3325991525 -0.496747915 -3.7279946e-09
v 0.3297933375 -0.4797766075 -3.7279946e-09
v 0.34331645 -0.4698859425 -3.7279946e-09
v 0.3596453775 -0.476966585 -3.7279946e-09
v -0.540155395 -0.0945290185 -3.7279946e-09
v -0.5528831525 -0.0904240385 -3.7279946e-09
v -0.538549965 -0.0687480555 -3.7279946e-09
v -0.5520804375 -0.077533557 -3.7279946e-09
v -0.56561091 -0.0863190585 -3.7279946e-09
v 0.110355502 -0.3020981675 -3.7279946e-09
v 0.09507633125 -0.29738019 -3.7279946e-09
v 0.09870501925 -0.3123342025 -3.7279946e-09
v 0.103098126 -0.2721901425 -3.7279946e-09
v 0.08781895525 -0.267472165 -3.7279946e-09
v 0.09144764325 -0.2824261775 -3.7279946e-09
v 0.0797971605 -0.2926622125 -3.7279946e-09
v 0.06451798975 -0.287944235 -3.7279946e-09
v 0.06814667775 -0.3028982475 -3.7279946e-09
v 0.14774203 -0.3945184425 -3.7279946e-09
v 0.15429726 -0.4228998925 -3.7279946e-09
v 0.151019645 -0.4087091675 -3.7279946e-09
v 0.162691575 -0.39917544 -3.7279946e-09
v 0.17764112 -0.4038324375 -3.7279946e-09
v 0.228032255 0.5068633025 -3.7279946e-09
v 0.2275194525 0.5224941275 -3.7279946e-09
v 0.253382105 0.5261278875 -3.7279946e-09
v 0.2528693025 0.5417587125 -3.7279946e-09
v 0.2401943775 0.53212642 -3.7279946e-09
v 0.22700665 0.5381249525 -3.7279946e-09
v 0.2264938475 0.5537557775 -3.7279946e-09
v 0.231380045 0.44837223 -3.7279946e-09
v 0.2305231875 0.462438895 -3.7279946e-09
v 0.256570615 0.46318799 -3.7279946e-09
v 0.2557137575 0.477254655 -3.7279946e-09
v 0.2431184725 0.469846775 -3.7279946e-09
v 0.22966633 0.47650556 -3.7279946e-09
v 0.2288094725 0.490572225 -3.7279946e-09
v 0.443328075 -0.219822975 -3.7279946e-09
v 0.44849761 -0.2337742525 -3.7279946e-09
v 0.425482825 -0.243380785 -3.7279946e-09
v 0.43065236 -0.2573320625 -3.7279946e-09
v 0.439574985 -0.2455531575 -3.7279946e-09
v 0.453667145 -0.24772553 -3.7279946e-09
v 0.45883668 -0.2616768075 -3.7279946e-09
v 0.4581864125 0.08454809775 -3.7279946e-09
v 0.4720591 0.08013851125 -3.7279946e-09
v 0.4304410375 0.09336727075 -3.7279946e-09
v 0.444313725 0.08895768425 -3.7279946e-09
v 0.4472835525 0.075180905 -3.7279946e-09
v 0.4363806925 0.06581371225 -3.7279946e-09
v 0.45025338 0.06140412575 -3.7279946e-09
v 0.01665757967 -0.558202505 -3.7279946e-09
v 0.03054369145 -0.56149142 -3.7279946e-09
v 0.01960375167 -0.548240085 -3.7279946e-09
v 0.03853745923 -0.584705175 -3.7279946e-09
v 0.04148363122 -0.574742755 -3.7279946e-09
v 0.04442980322 -0.564780335 -3.7279946e-09
v 0.04737597522 -0.554817915 -3.7279946e-09
v 0.08595428875 -0.49451877 -3.7279946e-09
v 0.0978436665 -0.4853141175 -3.7279946e-09
v 0.06217553325 -0.512928075 -3.7279946e-09
v 0.074064911 -0.5037234225 -3.7279946e-09
v 0.08798672325 -0.5079869475 -3.7279946e-09
v 0.09001915775 -0.521455125 -3.7279946e-09
v 0.1019085355 -0.5122504725 -3.7279946e-09
v -0.5634861125 0.064132798 -3.7279946e-09
v -0.54897052 0.05638843125 -3.7279946e-09
v -0.5925172975 0.0796215315 -3.7279946e-09
v -0.578001705 0.07187716475 -3.7279946e-09
v -0.5798200325 0.05793831925 -3.7279946e-09
v -0.5961539525 0.0517438405 -3.7279946e-09
v -0.58163836 0.04399947375 -3.7279946e-09
v -0.21924972 -0.3904649275 -3.7279946e-09
v -0.2306730025 -0.40069781 -3.7279946e-09
v -0.2158222875 -0.4042309025 -3.7279946e-09
v -0.22141421 -0.2776648325 -3.7279946e-09
v -0.2153158 -0.3013672025 -3.7279946e-09
v -0.218365005 -0.2895160175 -3.7279946e-09
v -0.209212395 -0.278395 -3.7279946e-09
v -0.19701058 -0.2791251675 -3.7279946e-09
v -0.1338886325 0.5047876575 -3.7279946e-09
v -0.141892895 0.4928126725 -3.7279946e-09
v -0.1264385425 0.4933557 -3.7279946e-09
v -0.366097305 0.33787987 -3.7279946e-09
v -0.379890355 0.34236602 -3.7279946e-09
v -0.373896815 0.36749509 -3.7279946e-09
v -0.387689865 0.37198124 -3.7279946e-09
v -0.38379011 0.35717363 -3.7279946e-09
v -0.393683405 0.34685217 -3.7279946e-09
v -0.407476455 0.35133832 -3.7279946e-09
v -0.4268346125 0.32963642 -3.7279946e-09
v -0.422867305 0.317875125 -3.7279946e-09
v -0.4457643375 0.30687554 -3.7279946e-09
v -0.4323321675 0.306494685 -3.7279946e-09
v -0.4188999975 0.30611383 -3.7279946e-09
v -0.4838014725 -0.1534022875 -3.7279946e-09
v -0.49589526 -0.145152795 -3.7279946e-09
v -0.471707685 -0.16165178 -3.7279946e-09
v -0.4687170925 -0.1477302025 -3.7279946e-09
v -0.4657265 -0.133808625 -3.7279946e-09
v -0.1474350325 -0.171797135 -3.7279946e-09
v -0.135810808 -0.180145455 -3.7279946e-09
v -0.1535975775 -0.201362945 -3.7279946e-09
v -0.141973353 -0.209711265 -3.7279946e-09
v -0.1388920805 -0.19492836 -3.7279946e-09
v -0.1241865835 -0.188493775 -3.7279946e-09
v -0.112562359 -0.196842095 -3.7279946e-09
v -0.078087545 -0.1482997775 -3.7279946e-09
v -0.0703999255 -0.1383603825 -3.7279946e-09
v -0.0838115665 -0.133175865 -3.7279946e-09
v -0.051264263 -0.1586688125 -3.7279946e-09
v -0.0569882845 -0.1435449 -3.7279946e-09
v -0.062712306 -0.1284209875 -3.7279946e-09
v -0.0684363275 -0.113297075 -3.7279946e-09
v 0.318888635 0.02692778775 -3.7279946e-09
v 0.32752713 0.01547558358 -3.7279946e-09
v 0.309310225 -0.00287163075 -3.7279946e-09
v 0.31794872 -0.01432383493 -3.7279946e-09
v 0.322737925 0.000575874325 -3.7279946e-09
v 0.336165625 0.0040233794 -3.7279946e-09
v 0.34480412 -0.007428824775 -3.7279946e-09
v 0.2890610425 -0.1395324925 -3.7279946e-09
v 0.305914335 -0.13753964 -3.7279946e-09
v 0.27220775 -0.141525345 -3.7279946e-09
v 0.2830780175 -0.1511423925 -3.7279946e-09
v 0.293948285 -0.16075944 -3.7279946e-09
v -0.32148024 0.1308553287 -3.7279946e-09
v -0.306973055 0.1306195613 -3.7279946e-09
v -0.312485595 0.1424484325 -3.7279946e-09
v -0.31045516 0.1071975863 -3.7279946e-09
v -0.295947975 0.1069618187 -3.7279946e-09
v -0.301460515 0.11879069 -3.7279946e-09
v -0.29246587 0.1303837938 -3.7279946e-09
v -0.277958685 0.1301480262 -3.7279946e-09
v -0.283471225 0.1419768975 -3.7279946e-09
v -0.42000314 0.001182469325 -3.7279946e-09
v -0.4183291125 0.01667266405 -3.7279946e-09
v -0.4313504625 0.009775256825 -3.7279946e-09
v -0.39396044 0.01497728378 -3.7279946e-09
v -0.4053077625 0.02357007127 -3.7279946e-09
v -0.416655085 0.03216285877 -3.7279946e-09
v -0.4280024075 0.04075564628 -3.7279946e-09
v -0.244893435 -0.1399073025 -3.7279946e-09
v -0.23494731 -0.15066087 -3.7279946e-09
v -0.254610625 -0.1667353675 -3.7279946e-09
v -0.2446645 -0.177488935 -3.7279946e-09
v -0.239805905 -0.1640749025 -3.7279946e-09
v -0.225001185 -0.1614144375 -3.7279946e-09
v -0.21505506 -0.172168005 -3.7279946e-09
v -0.2343525025 -0.1127019032 -3.7279946e-09
v -0.2431891775 -0.101942999 -3.7279946e-09
v -0.248871515 -0.1157343657 -3.7279946e-09
v -0.2229878275 -0.08511916975 -3.7279946e-09
v -0.23750684 -0.08815163225 -3.7279946e-09
v -0.2520258525 -0.09118409475 -3.7279946e-09
v -0.266544865 -0.09421655725 -3.7279946e-09
v 0.28595927 0.1344359975 -3.7279946e-09
v 0.298675985 0.1059246525 -3.7279946e-09
v 0.2923176275 0.120180325 -3.7279946e-09
v 0.3002212225 0.1327506675 -3.7279946e-09
v 0.314483175 0.1310653375 -3.7279946e-09
v 0.24424343 0.1649585675 -3.7279946e-09
v 0.23772132 0.1798148025 -3.7279946e-09
v 0.22967001 0.1646839 -3.7279946e-09
v -0.16003794 -0.4384198025 -3.7279946e-09
v -0.1763376925 -0.4362019575 -3.7279946e-09
v -0.1714309975 -0.4486561 -3.7279946e-09
v -0.1028357102 -0.4740579975 -3.7279946e-09
v -0.1071255177 -0.4607015275 -3.7279946e-09
v -0.07813533075 -0.4545195325 -3.7279946e-09
v -0.08242513825 -0.4411630625 -3.7279946e-09
v -0.094775328 -0.450932295 -3.7279946e-09
v -0.1114153253 -0.4473450575 -3.7279946e-09
v -0.1157051328 -0.4339885875 -3.7279946e-09
v -0.067172698 0.211552195 -3.7279946e-09
v -0.07317940375 0.196357685 -3.7279946e-09
v -0.100073046 0.200815185 -3.7279946e-09
v -0.1060797518 0.185620675 -3.7279946e-09
v -0.08962957775 0.19098918 -3.7279946e-09
v -0.0791861095 0.181163175 -3.7279946e-09
v -0.08519281525 0.165968665 -3.7279946e-09
v -0.1462745925 0.25256152 -3.7279946e-09
v -0.15322592 0.26473127 -3.7279946e-09
v -0.1295895175 0.27627756 -3.7279946e-09
v -0.1448833825 0.27658929 -3.7279946e-09
v -0.1601772475 0.27690102 -3.7279946e-09
v 0.13412982 0.2614967625 -3.7279946e-09
v 0.126165771 0.2754112425 -3.7279946e-09
v 0.119882321 0.26226662 -3.7279946e-09
v 0.14669672 0.2877860075 -3.7279946e-09
v 0.138732671 0.3017004875 -3.7279946e-09
v 0.132449221 0.288555865 -3.7279946e-09
v 0.118201722 0.2893257225 -3.7279946e-09
v 0.110237673 0.3032402025 -3.7279946e-09
v 0.103954223 0.29009558 -3.7279946e-09
v 0.0924691465 -0.07419281025 -3.7279946e-09
v 0.0737516335 -0.04596711975 -3.7279946e-09
v 0.08311039 -0.060079965 -3.7279946e-09
v 0.0777033795 -0.07252070175 -3.7279946e-09
v 0.0629376125 -0.07084859325 -3.7279946e-09
v 0.2161563575 0.0084149235 -3.7279946e-09
v 0.2046423925 -0.018933986 -3.7279946e-09
v 0.210399375 -0.00525953125 -3.7279946e-09
v 0.2245406875 -0.00550045025 -3.7279946e-09
v 0.2329250175 -0.019415824 -3.7279946e-09
v -0.06410099425 -0.01394601557 -3.7279946e-09
v -0.04952930925 -0.01195233042 -3.7279946e-09
v -0.04548041875 -0.03905392053 -3.7279946e-09
v -0.03090873375 -0.03706023538 -3.7279946e-09
v -0.0402190215 -0.0245062829 -3.7279946e-09
v -0.03495762425 -0.009958645275 -3.7279946e-09
v -0.02038593925 -0.007964960125 -3.7279946e-09
v -0.0822163915 0.009947232925 -3.7279946e-09
v -0.0973435885 0.00826181955 -3.7279946e-09
v -0.088538479 -0.003077476475 -3.7279946e-09
v -0.0998266105 0.03262582498 -3.7279946e-09
v -0.106148698 0.01960111558 -3.7279946e-09
v -0.1124707855 0.006576406175 -3.7279946e-09
v -0.118792873 -0.006448303225 -3.7279946e-09
v -0.182815645 0.1148290115 -3.7279946e-09
v -0.19457221 0.102422601 -3.7279946e-09
v -0.159302515 0.1396418325 -3.7279946e-09
v -0.17105908 0.127235422 -3.7279946e-09
v -0.187692115 0.1279632245 -3.7279946e-09
v -0.192568585 0.1410974375 -3.7279946e-09
v -0.20432515 0.128691027 -3.7279946e-09
v -0.2629358075 0.1296452135 -3.7279946e-09
v -0.2479952025 0.129666241 -3.7279946e-09
v -0.2508793425 0.1054533805 -3.7279946e-09
v -0.2359387375 0.105474408 -3.7279946e-09
v -0.24196697 0.1175703245 -3.7279946e-09
v -0.2330545975 0.1296872685 -3.7279946e-09
v -0.2181139925 0.129708296 -3.7279946e-09
v 0.07055655175 -0.1902061775 -3.7279946e-09
v 0.059510601 -0.2007452675 -3.7279946e-09
v 0.07447436425 -0.20624861 -3.7279946e-09
v 0.04062902525 -0.1791994925 -3.7279946e-09
v 0.0295830745 -0.1897385825 -3.7279946e-09
v 0.04454683775 -0.195241925 -3.7279946e-09
v 0.04846465025 -0.2112843575 -3.7279946e-09
v 0.0374186995 -0.2218234475 -3.7279946e-09
v 0.05238246275 -0.22732679 -3.7279946e-09
v 0.01747511115 -0.184395575 -3.7279946e-09
v 0.02139292365 -0.2004380075 -3.7279946e-09
v 0.00109480945 -0.205794425 -3.7279946e-09
v 0.00501262195 -0.2218368575 -3.7279946e-09
v 0.0132027728 -0.2111374325 -3.7279946e-09
v 0.02531073615 -0.21648044 -3.7279946e-09
v 0.02922854865 -0.2325228725 -3.7279946e-09
v 0.0849362065 -0.2523935675 -3.7279946e-09
v 0.07328572375 -0.2626296025 -3.7279946e-09
v 0.0558697435 -0.2427084425 -3.7279946e-09
v 0.05875249225 -0.25778704 -3.7279946e-09
v 0.061635241 -0.2728656375 -3.7279946e-09
v 0.1029893618 -0.327142865 -3.7279946e-09
v 0.1068720317 -0.3417975 -3.7279946e-09
v 0.11786686 -0.331706815 -3.7279946e-09
v 0.08099970525 -0.347324235 -3.7279946e-09
v 0.08488237525 -0.36197887 -3.7279946e-09
v 0.0958772035 -0.351888185 -3.7279946e-09
v 0.1107547017 -0.356452135 -3.7279946e-09
v 0.1146373717 -0.37110677 -3.7279946e-09
v 0.1256322 -0.361016085 -3.7279946e-09
v 0.009284537275 -0.50597675 -3.7279946e-09
v 0.005750975825 -0.4910253675 -3.7279946e-09
v 0.01635166018 -0.535879515 -3.7279946e-09
v 0.01281809873 -0.5209281325 -3.7279946e-09
v 0.023452119 -0.5118564775 -3.7279946e-09
v 0.03761970072 -0.517736205 -3.7279946e-09
v 0.03408613927 -0.5027848225 -3.7279946e-09
v -0.01087617977 -0.4029217 -3.7279946e-09
v 6.8845675e-05 -0.42597486 -3.7279946e-09
v -0.00540366705 -0.41444828 -3.7279946e-09
v 0.004038563725 -0.40513192 -3.7279946e-09
v 0.01895330723 -0.40734214 -3.7279946e-09
v -0.1289634325 -0.2901657575 -3.7279946e-09
v -0.1140387545 -0.2916849725 -3.7279946e-09
v -0.119879582 -0.278168695 -3.7279946e-09
v -0.1172817775 -0.3171983125 -3.7279946e-09
v -0.1023570995 -0.3187175275 -3.7279946e-09
v -0.108197927 -0.30520125 -3.7279946e-09
v -0.0991140765 -0.2932041875 -3.7279946e-09
v -0.0841893985 -0.2947234025 -3.7279946e-09
v -0.090030226 -0.281207125 -3.7279946e-09
v 0.11998154 0.4970751475 -3.7279946e-09
v 0.1077747325 0.4864808625 -3.7279946e-09
v 0.1321883475 0.5076694325 -3.7279946e-09
v 0.1174413225 0.51181836 -3.7279946e-09
v 0.1026942975 0.5159672875 -3.7279946e-09
v 0.1283302525 0.424599685 -3.7279946e-09
v 0.126884635 0.4391118625 -3.7279946e-09
v 0.1146518025 0.4282011175 -3.7279946e-09
v 0.1527959175 0.446421175 -3.7279946e-09
v 0.1391174675 0.4500226075 -3.7279946e-09
v 0.1254390175 0.45362404 -3.7279946e-09
v 0.1117605675 0.4572254725 -3.7279946e-09
v 0.276131165 -0.35911891 -3.7279946e-09
v 0.267545235 -0.32965929 -3.7279946e-09
v 0.2718382 -0.3443891 -3.7279946e-09
v 0.260909845 -0.35359717 -3.7279946e-09
v 0.245688525 -0.34807543 -3.7279946e-09
v 0.332505845 -0.36534033 -3.7279946e-09
v 0.310845215 -0.384361525 -3.7279946e-09
v 0.32167553 -0.3748509275 -3.7279946e-09
v 0.336875295 -0.3798419925 -3.7279946e-09
v 0.341244745 -0.394343655 -3.7279946e-09
v -0.48666748 -0.115271791 -3.7279946e-09
v -0.49128137 -0.130212293 -3.7279946e-09
v -0.47619699 -0.124540208 -3.7279946e-09
v -0.51593838 -0.0863507045 -3.7279946e-09
v -0.5272441725 -0.07754938 -3.7279946e-09
v -0.5280468875 -0.0904398615 -3.7279946e-09
v -0.36012716 0.3623142525 -3.7279946e-09
v -0.356227405 0.3475066425 -3.7279946e-09
v -0.346357505 0.357133415 -3.7279946e-09
v 0.183741105 -0.4319105725 -3.7279946e-09
v 0.1867910975 -0.44594964 -3.7279946e-09
v 0.1806911125 -0.417871505 -3.7279946e-09
v 0.1690191825 -0.4274052325 -3.7279946e-09
v 0.1573472525 -0.43693896 -3.7279946e-09
v 0.1891285325 -0.4595334675 -3.7279946e-09
v 0.190500295 -0.47291885 -3.7279946e-09
v 0.1643595575 -0.4776904425 -3.7279946e-09
v 0.16573132 -0.491075825 -3.7279946e-09
v 0.1781158075 -0.4819973375 -3.7279946e-09
v 0.1918720575 -0.4863042325 -3.7279946e-09
v 0.19324382 -0.499689615 -3.7279946e-09
v -0.147484185 0.3729871325 -3.7279946e-09
v -0.153462215 0.38530013 -3.7279946e-09
v -0.135528125 0.3483611375 -3.7279946e-09
v -0.141506155 0.360674135 -3.7279946e-09
v -0.13229677 0.3724151925 -3.7279946e-09
v -0.117109355 0.3718432525 -3.7279946e-09
v -0.123087385 0.38415625 -3.7279946e-09
v -0.0993581745 0.3957414425 -3.7279946e-09
v -0.1061320845 0.408160625 -3.7279946e-09
v -0.11467388 0.3960034925 -3.7279946e-09
v -0.0822745835 0.4200557075 -3.7279946e-09
v -0.097590289 0.4203177575 -3.7279946e-09
v -0.1129059945 0.4205798075 -3.7279946e-09
v -0.1282217 0.4208418575 -3.7279946e-09
v 0.25157377 0.39313749 -3.7279946e-09
v 0.2656343875 0.390477025 -3.7279946e-09
v 0.2613235525 0.401740765 -3.7279946e-09
v 0.169475995 0.3635929725 -3.7279946e-09
v 0.17295836 0.35045098 -3.7279946e-09
v 0.16599363 0.376734965 -3.7279946e-09
v 0.155600415 0.3654320625 -3.7279946e-09
v 0.1452072 0.35412916 -3.7279946e-09
v -0.043083503 0.45759187 -3.7279946e-09
v -0.05063281625 0.444667245 -3.7279946e-09
v -0.03508215775 0.444197025 -3.7279946e-09
v -0.173368655 0.4226081425 -3.7279946e-09
v -0.160236125 0.3977193125 -3.7279946e-09
v -0.16680239 0.4101637275 -3.7279946e-09
v -0.158388885 0.42201097 -3.7279946e-09
v -0.143409115 0.4214137975 -3.7279946e-09
v 0.5014078 0.055991149 -3.7279946e-09
v 0.4903787775 0.04703532725 -3.7279946e-09
v 0.5124368225 0.06494697075 -3.7279946e-09
v 0.4989355275 0.07014794125 -3.7279946e-09
v 0.4854342325 0.07534891175 -3.7279946e-09
v 0.48181677 0.0237362413 -3.7279946e-09
v 0.4832389975 0.0099433508 -3.7279946e-09
v 0.45974821 0.0054516539 -3.7279946e-09
v 0.4611704375 -0.0083412366 -3.7279946e-09
v 0.4722047175 0.0008010571 -3.7279946e-09
v 0.484661225 -0.0038495397 -3.7279946e-09
v 0.4860834525 -0.0176424302 -3.7279946e-09
v 0.41511379 -0.21377135 -3.7279946e-09
v 0.4202983075 -0.2285760675 -3.7279946e-09
v 0.4292209325 -0.2167971625 -3.7279946e-09
v 0.38189556 -0.1925864575 -3.7279946e-09
v 0.372884095 -0.203850985 -3.7279946e-09
v 0.35404242 -0.1858777325 -3.7279946e-09
v 0.345030955 -0.19714226 -3.7279946e-09
v 0.358957525 -0.2004966225 -3.7279946e-09
v 0.36387263 -0.2151155125 -3.7279946e-09
v 0.354861165 -0.22638004 -3.7279946e-09
v 0.4476055325 0.226650505 -3.7279946e-09
v 0.4477156625 0.2109878775 -3.7279946e-09
v 0.4474954025 0.2423131325 -3.7279946e-09
v 0.434921405 0.2321322925 -3.7279946e-09
v 0.4223474075 0.2219514525 -3.7279946e-09
v 0.34620427 0.319330995 -3.7279946e-09
v 0.3324856075 0.32305938 -3.7279946e-09
v 0.3353326875 0.308073825 -3.7279946e-09
v 0.34051011 0.349302105 -3.7279946e-09
v 0.3267914475 0.35303049 -3.7279946e-09
v 0.3296385275 0.338044935 -3.7279946e-09
v 0.318766945 0.326787765 -3.7279946e-09
v 0.3050482825 0.33051615 -3.7279946e-09
v 0.3078953625 0.315530595 -3.7279946e-09
v 0.4003379825 0.3030562175 -3.7279946e-09
v 0.387231735 0.30742882 -3.7279946e-09
v 0.3883700925 0.2912276325 -3.7279946e-09
v 0.3980612675 0.3354585925 -3.7279946e-09
v 0.38495502 0.339831195 -3.7279946e-09
v 0.3860933775 0.3236300075 -3.7279946e-09
v 0.3741254875 0.3118014225 -3.7279946e-09
v 0.36101924 0.316174025 -3.7279946e-09
v 0.3621575975 0.2999728375 -3.7279946e-09
v -0.0767406485 0.0239794022 -3.7279946e-09
v -0.0712649055 0.03801157148 -3.7279946e-09
v -0.085545758 0.03531869823 -3.7279946e-09
v 0.04079456992 0.0838851615 -3.7279946e-09
v 0.05007636567 0.07191430375 -3.7279946e-09
v 0.02223097842 0.107826877 -3.7279946e-09
v 0.03151277418 0.09585601925 -3.7279946e-09
v 0.0262477576 0.08143922625 -3.7279946e-09
v 0.01170094527 0.078993291 -3.7279946e-09
v 0.02098274103 0.06702243325 -3.7279946e-09
v -0.308373205 0.2611103875 -3.7279946e-09
v -0.3033195825 0.2461532225 -3.7279946e-09
v -0.3134268275 0.2760675525 -3.7279946e-09
v -0.3257030275 0.26561809 -3.7279946e-09
v -0.3379792275 0.2551686275 -3.7279946e-09
v -0.2584890875 0.2540565575 -3.7279946e-09
v -0.2411889675 0.2539690325 -3.7279946e-09
v -0.248288535 0.26655512 -3.7279946e-09
v 0.2324674125 -0.1779933225 -3.7279946e-09
v 0.2330435575 -0.1947086225 -3.7279946e-09
v 0.2318912675 -0.1612780225 -3.7279946e-09
v 0.2187222 -0.171939595 -3.7279946e-09
v 0.2055531325 -0.1826011675 -3.7279946e-09
v 0.2286260075 -0.23486609 -3.7279946e-09
v 0.2140786075 -0.229087555 -3.7279946e-09
v 0.2577208075 -0.24642316 -3.7279946e-09
v 0.2431734075 -0.240644625 -3.7279946e-09
v 0.239529395 -0.225424355 -3.7279946e-09
v 0.2504327825 -0.21598262 -3.7279946e-09
v 0.2358853825 -0.210204085 -3.7279946e-09
v -0.459435165 0.1512635575 -3.7279946e-09
v -0.4545292575 0.1652426975 -3.7279946e-09
v -0.435322235 0.1599293925 -3.7279946e-09
v -0.4424727925 0.169575615 -3.7279946e-09
v -0.44962335 0.1792218375 -3.7279946e-09
v -0.5008608325 0.1231589565 -3.7279946e-09
v -0.4887483825 0.1132849305 -3.7279946e-09
v -0.487033615 0.127791509 -3.7279946e-09
v 0.01811920875 0.4572977525 -3.7279946e-09
v 0.011541273 0.4438492875 -3.7279946e-09
v 0.02803476425 0.44391815 -3.7279946e-09
v 0.4879448775 0.1268962785 -3.7279946e-09
v 0.4908658175 0.1126859195 -3.7279946e-09
v 0.501690615 0.121655776 -3.7279946e-09
v -0.3958357975 -0.292887465 -3.7279946e-09
v -0.4082591875 -0.28702745 -3.7279946e-09
v -0.408056275 -0.301544885 -3.7279946e-09
v 0.384471655 -0.3950478025 -3.7279946e-09
v 0.4016847775 -0.4005981925 -3.7279946e-09
v 0.3952856775 -0.385210495 -3.7279946e-09
v 0.3290968125 -0.4041983125 -3.7279946e-09
v 0.3138970475 -0.3992072475 -3.7279946e-09
v 0.31694888 -0.41405297 -3.7279946e-09
v 0.159197115 -0.3317328375 -3.7279946e-09
v 0.14800881 -0.34149392 -3.7279946e-09
v 0.129055165 -0.3219457325 -3.7279946e-09
v 0.132937835 -0.3366003675 -3.7279946e-09
v 0.136820505 -0.3512550025 -3.7279946e-09
v -0.521970815 0.0251088777 -3.7279946e-09
v -0.5355296725 0.01889808705 -3.7279946e-09
v -0.5084119575 0.03131966835 -3.7279946e-09
v -0.5210064575 0.03967048535 -3.7279946e-09
v -0.5336009575 0.04802130235 -3.7279946e-09
v -0.3800391275 -0.1013627767 -3.7279946e-09
v -0.3781853175 -0.0856321525 -3.7279946e-09
v -0.39239339 -0.09113165575 -3.7279946e-09
v -0.3516229825 -0.09036377025 -3.7279946e-09
v -0.3497691725 -0.074633146 -3.7279946e-09
v -0.363977245 -0.08013264925 -3.7279946e-09
v -0.3763315075 -0.06990152825 -3.7279946e-09
v -0.3744776975 -0.054170904 -3.7279946e-09
v -0.38868577 -0.05967040725 -3.7279946e-09
v -0.41158438 -0.1273661575 -3.7279946e-09
v -0.39748565 -0.1220475925 -3.7279946e-09
v -0.42568311 -0.1326847225 -3.7279946e-09
v -0.41482283 -0.14255147 -3.7279946e-09
v -0.40396255 -0.1524182175 -3.7279946e-09
v 0.4956248 -0.2811850475 -3.7279946e-09
v 0.510131985 -0.3117501725 -3.7279946e-09
v 0.5028783925 -0.29646761 -3.7279946e-09
v 0.5110671675 -0.2832383525 -3.7279946e-09
v 0.526509535 -0.2852916575 -3.7279946e-09
v 0.449644905 -0.2742849725 -3.7279946e-09
v 0.435552745 -0.2721126 -3.7279946e-09
v 0.44045313 -0.2868931375 -3.7279946e-09
v -0.4606810275 0.2372513625 -3.7279946e-09
v -0.4526226175 0.2260903925 -3.7279946e-09
v -0.445318825 0.238172615 -3.7279946e-09
v -0.51036512 0.2198650325 -3.7279946e-09
v -0.5048226175 0.233677005 -3.7279946e-09
v -0.5200010925 0.2336749025 -3.7279946e-09
v 0.4647124625 -0.16947074 -3.7279946e-09
v 0.4505151675 -0.167552535 -3.7279946e-09
v 0.45582611 -0.181689115 -3.7279946e-09
v -0.34563312 -0.434452235 -3.7279946e-09
v -0.3465601575 -0.451134945 -3.7279946e-09
v -0.3321315625 -0.4427288 -3.7279946e-09
v -0.03846839528 -0.5398554925 -3.7279946e-09
v -0.02411625255 -0.537666825 -3.7279946e-09
v -0.03959800228 -0.5281938125 -3.7279946e-09
v -0.1577026075 0.537091205 -3.7279946e-09
v -0.1780143475 0.5592628 -3.7279946e-09
v -0.1678584775 0.5481770025 -3.7279946e-09
v -0.171914885 0.5349020125 -3.7279946e-09
v -0.1861271625 0.53271282 -3.7279946e-09
v -0.099792415 0.5460982 -3.7279946e-09
v -0.1092625363 0.5595860925 -3.7279946e-09
v -0.1141298037 0.5446262975 -3.7279946e-09
v 0.34681774 0.2033263575 -3.7279946e-09
v 0.3444563875 0.21777598 -3.7279946e-09
v 0.3321055425 0.2065782125 -3.7279946e-09
v 0.3888121925 0.191395265 -3.7279946e-09
v 0.4157680025 0.182031855 -3.7279946e-09
v 0.4022900975 0.18671356 -3.7279946e-09
v 0.40025519 0.201847355 -3.7279946e-09
v 0.4116981875 0.212299445 -3.7279946e-09
v -0.478691865 0.2836220975 -3.7279946e-09
v -0.49493642 0.2837501 -3.7279946e-09
v -0.485909975 0.2716210925 -3.7279946e-09
v -0.45305026 0.320627585 -3.7279946e-09
v -0.4435853975 0.332008025 -3.7279946e-09
v -0.4603361825 0.33437963 -3.7279946e-09
v 0.2763984675 -0.49663069 -3.7279946e-09
v 0.2796350775 -0.528549965 -3.7279946e-09
v 0.2780167725 -0.5125903275 -3.7279946e-09
v 0.29116376 -0.5052865325 -3.7279946e-09
v 0.3059290525 -0.513942375 -3.7279946e-09
v 0.2693961525 -0.44954056 -3.7279946e-09
v 0.28135563 -0.441225095 -3.7279946e-09
v 0.2668179575 -0.435381375 -3.7279946e-09
v 0.4377348425 -0.0261051774 -3.7279946e-09
v 0.449690905 -0.01715331135 -3.7279946e-09
v 0.42577878 -0.03505704345 -3.7279946e-09
v 0.4387118175 -0.03956784895 -3.7279946e-09
v 0.451644855 -0.04407865445 -3.7279946e-09
v 0.4875629725 -0.05520667725 -3.7279946e-09
v 0.4870604275 -0.03110510175 -3.7279946e-09
v 0.4873117 -0.0431558895 -3.7279946e-09
v 0.4758321675 -0.05196796425 -3.7279946e-09
v 0.4641013625 -0.04872925125 -3.7279946e-09
v -0.2198500475 -0.1097002707 -3.7279946e-09
v -0.1908451375 -0.1036970058 -3.7279946e-09
v -0.2053475925 -0.1066986383 -3.7279946e-09
v -0.21416771 -0.095908904 -3.7279946e-09
v -0.2084853725 -0.08211753725 -3.7279946e-09
v -0.1097164865 -0.01788649533 -3.7279946e-09
v -0.0915637135 -0.04076287952 -3.7279946e-09
v -0.1006401 -0.02932468742 -3.7279946e-09
v -0.0945892895 -0.01620108195 -3.7279946e-09
v -0.0794620925 -0.01451566857 -3.7279946e-09
v 0.112110802 -0.133726961 -3.7279946e-09
v 0.1084949145 -0.1174630345 -3.7279946e-09
v 0.0967802715 -0.1286843785 -3.7279946e-09
v 0.2413453575 -0.08936792375 -3.7279946e-09
v 0.2353150225 -0.0744398005 -3.7279946e-09
v 0.2473756925 -0.104296047 -3.7279946e-09
v 0.25629753 -0.08961906725 -3.7279946e-09
v 0.2652193675 -0.0749420875 -3.7279946e-09
v 0.2826622075 0.03820677225 -3.7279946e-09
v 0.2881077225 0.05229538375 -3.7279946e-09
v 0.274435845 0.0510884755 -3.7279946e-09
v 0.3100059625 0.04062058875 -3.7279946e-09
v 0.3154514775 0.05470920025 -3.7279946e-09
v 0.3017796 0.053502292 -3.7279946e-09
v 0.2935532375 0.06638399525 -3.7279946e-09
v 0.2989987525 0.08047260675 -3.7279946e-09
v 0.285326875 0.0792656985 -3.7279946e-09
v 0.26100762 0.0510903155 -3.7279946e-09
v 0.24714229 0.0508415375 -3.7279946e-09
v 0.2450422 0.0792712185 -3.7279946e-09
v 0.23117687 0.0790224405 -3.7279946e-09
v 0.23915958 0.064931989 -3.7279946e-09
v 0.23327696 0.0505927595 -3.7279946e-09
v 0.21941163 0.0503439815 -3.7279946e-09
v 0.04584106175 0.2518970625 -3.7279946e-09
v 0.0327385964 0.2443567125 -3.7279946e-09
v 0.01344699325 0.2617120275 -3.7279946e-09
v 0.0003445279 0.2541716775 -3.7279946e-09
v 0.01654156215 0.249264195 -3.7279946e-09
v 0.01963613105 0.2368163625 -3.7279946e-09
v 0.0065336657 0.2292760125 -3.7279946e-09
v -0.16447363 -0.229110425 -3.7279946e-09
v -0.1590049825 -0.2442363325 -3.7279946e-09
v -0.1512102025 -0.2312717575 -3.7279946e-09
v -0.18006319 -0.255039575 -3.7279946e-09
v -0.1745945425 -0.2701654825 -3.7279946e-09
v -0.1667997625 -0.2572009075 -3.7279946e-09
v -0.153536335 -0.25936224 -3.7279946e-09
v -0.1480676875 -0.2744881475 -3.7279946e-09
v -0.1402729075 -0.2615235725 -3.7279946e-09
v -0.1506256475 -0.33842579 -3.7279946e-09
v -0.1550602825 -0.3248716625 -3.7279946e-09
v -0.1461910125 -0.3519799175 -3.7279946e-09
v -0.13608587 -0.3403734325 -3.7279946e-09
v -0.1259807275 -0.3287669475 -3.7279946e-09
v 0.1377307225 -0.0519322705 -3.7279946e-09
v 0.1292063025 -0.084164587 -3.7279946e-09
v 0.1334685125 -0.06804842875 -3.7279946e-09
v 0.146081145 -0.06223525175 -3.7279946e-09
v 0.1544315675 -0.072538233 -3.7279946e-09
v 0.0569096955 0.01811416175 -3.7279946e-09
v 0.062416585 0.03273578625 -3.7279946e-09
v 0.0481025095 0.0304953655 -3.7279946e-09
v 0.0855378465 0.02259500325 -3.7279946e-09
v 0.0767306605 0.034976207 -3.7279946e-09
v 0.0679234745 0.04735741075 -3.7279946e-09
v 0.0591162885 0.0597386145 -3.7279946e-09
v 0.212771245 0.2956648975 -3.7279946e-09
v 0.222453215 0.3041427975 -3.7279946e-09
v 0.21196354 0.31079107 -3.7279946e-09
v 0.233750595 0.2823683525 -3.7279946e-09
v 0.243432565 0.2908462525 -3.7279946e-09
v 0.23294289 0.297494525 -3.7279946e-09
v 0.232135185 0.3126206975 -3.7279946e-09
v 0.241817155 0.3210985975 -3.7279946e-09
v 0.23132748 0.32774687 -3.7279946e-09
v 0.1440246875 0.2097675075 -3.7279946e-09
v 0.13331554 0.2221307075 -3.7279946e-09
v 0.1280755625 0.208272475 -3.7279946e-09
v -0.2083610525 0.10343987 -3.7279946e-09
v -0.2034845825 0.090305657 -3.7279946e-09
v -0.2132375225 0.116574083 -3.7279946e-09
v -0.222149895 0.104457139 -3.7279946e-09
v -0.2310622675 0.092340195 -3.7279946e-09
v -0.26590222 0.1059561932 -3.7279946e-09
v -0.2598739875 0.09386027675 -3.7279946e-09
v -0.2719304525 0.1180521097 -3.7279946e-09
v -0.2809250975 0.106459006 -3.7279946e-09
v -0.2899197425 0.09486590225 -3.7279946e-09
v -0.0633166275 -0.4160150675 -3.7279946e-09
v -0.07194705375 -0.4299064175 -3.7279946e-09
v -0.046055775 -0.3882323675 -3.7279946e-09
v -0.05468620125 -0.4021237175 -3.7279946e-09
v -0.06947854025 -0.401171185 -3.7279946e-09
v -0.075640453 -0.3863273025 -3.7279946e-09
v -0.08427087925 -0.4002186525 -3.7279946e-09
v -0.1162680585 -0.394572855 -3.7279946e-09
v -0.1009108765 -0.396631415 -3.7279946e-09
v -0.1316252405 -0.392514295 -3.7279946e-09
v -0.126746143 -0.4058295 -3.7279946e-09
v -0.1218670455 -0.419144705 -3.7279946e-09
v -0.027371251 0.125551245 -3.7279946e-09
v -0.038002125 0.136674105 -3.7279946e-09
v -0.042856725 0.12277408 -3.7279946e-09
v -0.017662051 0.153351295 -3.7279946e-09
v -0.033147525 0.15057413 -3.7279946e-09
v -0.048632999 0.147796965 -3.7279946e-09
v -0.064118473 0.1450198 -3.7279946e-09
v -0.02792630833 0.04515810088 -3.7279946e-09
v -0.01883036633 0.03311961675 -3.7279946e-09
v -0.01344024865 0.04761807188 -3.7279946e-09
v -0.44365899 0.0184989018 -3.7279946e-09
v -0.4419849625 0.03398909652 -3.7279946e-09
v -0.4559675175 0.02722254677 -3.7279946e-09
v -0.426189335 -0.061864963 -3.7279946e-09
v -0.4246183425 -0.04633369173 -3.7279946e-09
v -0.399951085 -0.049914843 -3.7279946e-09
v -0.3983800925 -0.03438357173 -3.7279946e-09
v -0.4114992175 -0.04035863173 -3.7279946e-09
v -0.42304735 -0.03080242045 -3.7279946e-09
v -0.4214763575 -0.01527114918 -3.7279946e-09
v -0.0984402095 0.3335148925 -3.7279946e-09
v -0.1080000105 0.32242883 -3.7279946e-09
v -0.1293050765 0.3355850175 -3.7279946e-09
v -0.123432444 0.3234638925 -3.7279946e-09
v -0.1175598115 0.3113427675 -3.7279946e-09
v -0.07068710425 0.2698074975 -3.7279946e-09
v -0.06809721175 0.254355405 -3.7279946e-09
v -0.08989712475 0.2519643525 -3.7279946e-09
v -0.08730723225 0.23651226 -3.7279946e-09
v -0.077702222 0.2454338325 -3.7279946e-09
v -0.06550731925 0.2389033125 -3.7279946e-09
v -0.06291742675 0.22345122 -3.7279946e-09
v 0.1736533125 0.1722707725 -3.7279946e-09
v 0.1614128575 0.1438241425 -3.7279946e-09
v 0.167533085 0.1580474575 -3.7279946e-09
v 0.1827438925 0.15986552 -3.7279946e-09
v 0.1918344725 0.1474602675 -3.7279946e-09
v 0.36207796 -0.1741803075 -3.7279946e-09
v 0.37600453 -0.17753467 -3.7279946e-09
v 0.3701135 -0.1624828825 -3.7279946e-09
v 0.3270782025 -0.1799848625 -3.7279946e-09
v 0.31779759 -0.1906700925 -3.7279946e-09
v 0.3308352375 -0.1932086 -3.7279946e-09
v 0.3010029075 -0.1749078475 -3.7279946e-09
v 0.3047599425 -0.188131585 -3.7279946e-09
v 0.3085169775 -0.2013553225 -3.7279946e-09
v 0.3122740125 -0.21457906 -3.7279946e-09
v 0.1402650225 -0.3120277325 -3.7279946e-09
v 0.1251940475 -0.30713418 -3.7279946e-09
v 0.1553359975 -0.316921285 -3.7279946e-09
v 0.15147488 -0.3021097325 -3.7279946e-09
v 0.1476137625 -0.28729818 -3.7279946e-09
v 0.087710191 -0.3224248875 -3.7279946e-09
v 0.07243102025 -0.31770691 -3.7279946e-09
v 0.07671536275 -0.3325155725 -3.7279946e-09
v 0.26840078 0.3126157025 -3.7279946e-09
v 0.2551089675 0.31685715 -3.7279946e-09
v 0.2559166725 0.3017309775 -3.7279946e-09
v 0.3025055675 0.34483961 -3.7279946e-09
v 0.31337715 0.35609678 -3.7279946e-09
v 0.2999628525 0.35916307 -3.7279946e-09
v -0.3295809675 0.2261206175 -3.7279946e-09
v -0.34271166 0.216104315 -3.7279946e-09
v -0.316450275 0.23613692 -3.7279946e-09
v -0.3337800975 0.2406446225 -3.7279946e-09
v -0.35110992 0.245152325 -3.7279946e-09
v -0.35206061 0.20315735 -3.7279946e-09
v -0.3617517775 0.1906516925 -3.7279946e-09
v -0.37915677 0.20631143 -3.7279946e-09
v -0.3888479375 0.1938057725 -3.7279946e-09
v -0.3752998575 0.1922287325 -3.7279946e-09
v -0.371442945 0.178146035 -3.7279946e-09
v -0.3811341125 0.1656403775 -3.7279946e-09
v 0.33646868 -0.05805278625 -3.7279946e-09
v 0.31973209 -0.05898111025 -3.7279946e-09
v 0.33038131 -0.072408259 -3.7279946e-09
v 0.31517024 -0.03119848875 -3.7279946e-09
v 0.29843365 -0.03212681275 -3.7279946e-09
v 0.30908287 -0.0455539615 -3.7279946e-09
v 0.3029955 -0.05990943425 -3.7279946e-09
v 0.28625891 -0.06083775825 -3.7279946e-09
v 0.29690813 -0.074264907 -3.7279946e-09
v 0.3690537275 -0.0934535335 -3.7279946e-09
v 0.375338755 -0.1095169672 -3.7279946e-09
v 0.3847045275 -0.09936369825 -3.7279946e-09
v -0.253068275 0.4525350925 -3.7279946e-09
v -0.24559048 0.4775700625 -3.7279946e-09
v -0.2493293775 0.4650525775 -3.7279946e-09
v -0.2639340775 0.45779557 -3.7279946e-09
v -0.27479988 0.4630560475 -3.7279946e-09
v -0.3261474875 0.105560199 -3.7279946e-09
v -0.3206349475 0.09373132775 -3.7279946e-09
v -0.3316600275 0.1173890703 -3.7279946e-09
v -0.341839815 0.1039228118 -3.7279946e-09
v -0.3520196025 0.09045655325 -3.7279946e-09
v -0.3962113975 0.08680938825 -3.7279946e-09
v -0.4100567525 0.09294294175 -3.7279946e-09
v -0.41086551 0.078666057 -3.7279946e-09
v 0.05164648425 -0.16949124 -3.7279946e-09
v 0.036682721 -0.1639878975 -3.7279946e-09
v 0.0666102475 -0.1749945825 -3.7279946e-09
v 0.06266394325 -0.1597829875 -3.7279946e-09
v 0.058717639 -0.1445713925 -3.7279946e-09
v 0.00159564015 -0.18193487 -3.7279946e-09
v -0.01428383085 -0.179474165 -3.7279946e-09
v -0.0065945107 -0.192634295 -3.7279946e-09
v -0.3060305125 -0.2063768775 -3.7279946e-09
v -0.29177513 -0.202129385 -3.7279946e-09
v -0.3022353675 -0.1928918775 -3.7279946e-09
v -0.2851100375 -0.2248518925 -3.7279946e-09
v -0.2813148925 -0.2113668925 -3.7279946e-09
v -0.2775197475 -0.1978818925 -3.7279946e-09
v -0.2737246025 -0.1843968925 -3.7279946e-09
v -0.3494393075 -0.1808362 -3.7279946e-09
v -0.344868785 -0.1635232 -3.7279946e-09
v -0.35400983 -0.1981492 -3.7279946e-09
v -0.3399799625 -0.19204159 -3.7279946e-09
v -0.325950095 -0.18593398 -3.7279946e-09
v 0.15476485 0.43238316 -3.7279946e-09
v 0.1425320175 0.421472415 -3.7279946e-09
v 0.1567337825 0.418345145 -3.7279946e-09
v 0.093818958 0.505788815 -3.7279946e-09
v 0.0849436185 0.4956103425 -3.7279946e-09
v 0.0963591755 0.4910456025 -3.7279946e-09
v 0.4621474125 -0.02180390815 -3.7279946e-09
v 0.4631243875 -0.0352665797 -3.7279946e-09
v 0.47460392 -0.02645450495 -3.7279946e-09
v 0.37014005 0.342988165 -3.7279946e-09
v 0.35532508 0.346145135 -3.7279946e-09
v 0.35817216 0.33115958 -3.7279946e-09
v 0.4357293725 0.343504385 -3.7279946e-09
v 0.4296338525 0.3299668175 -3.7279946e-09
v 0.4418248925 0.3570419525 -3.7279946e-09
v 0.424825725 0.3507353725 -3.7279946e-09
v 0.4078265575 0.3444287925 -3.7279946e-09
v 0.35981491 0.145679525 -3.7279946e-09
v 0.356665035 0.1604035525 -3.7279946e-09
v 0.346288905 0.1499062525 -3.7279946e-09
v 0.4264172225 0.1916838625 -3.7279946e-09
v 0.4370664425 0.20133587 -3.7279946e-09
v 0.424382315 0.2068176575 -3.7279946e-09
v 0.39284968 0.07308796375 -3.7279946e-09
v 0.391645085 0.0893361725 -3.7279946e-09
v 0.380104575 0.07798414375 -3.7279946e-09
v 0.4159307 0.09579202125 -3.7279946e-09
v 0.403185595 0.1006882012 -3.7279946e-09
v 0.39044049 0.1055843812 -3.7279946e-09
v 0.377695385 0.1104805612 -3.7279946e-09
v 0.477003645 0.05182492675 -3.7279946e-09
v 0.4794759175 0.0376681345 -3.7279946e-09
v 0.4745313725 0.065981719 -3.7279946e-09
v 0.4636285125 0.05661452625 -3.7279946e-09
v 0.4527256525 0.0472473335 -3.7279946e-09
v -0.068438114 0.3939036625 -3.7279946e-09
v -0.07535634875 0.406979685 -3.7279946e-09
v -0.08389814425 0.3948225525 -3.7279946e-09
v -0.04928326475 0.35423035 -3.7279946e-09
v -0.0585202465 0.34237312 -3.7279946e-09
v -0.04326969875 0.34040918 -3.7279946e-09
v -0.439344475 -0.188073235 -3.7279946e-09
v -0.4299353325 -0.19637845 -3.7279946e-09
v -0.4254936025 -0.184018405 -3.7279946e-09
v -0.476450105 -0.20458247 -3.7279946e-09
v -0.4877498525 -0.2108985125 -3.7279946e-09
v -0.4789959725 -0.2190260475 -3.7279946e-09
v 0.1139170605 -0.5025130425 -3.7279946e-09
v 0.1259255855 -0.4927756125 -3.7279946e-09
v 0.111884626 -0.489044865 -3.7279946e-09
v 0.1573314775 -0.54703365 -3.7279946e-09
v 0.17069715 -0.5527887925 -3.7279946e-09
v 0.1598037525 -0.56705101 -3.7279946e-09
v 0.173169425 -0.5728061525 -3.7279946e-09
v 0.1719332875 -0.5627974725 -3.7279946e-09
v 0.1840628225 -0.558543935 -3.7279946e-09
v 0.197428495 -0.5642990775 -3.7279946e-09
v 0.30406736 -0.316175605 -3.7279946e-09
v 0.31919064 -0.3213948175 -3.7279946e-09
v 0.31453785 -0.3066807775 -3.7279946e-09
v 0.263462805 -0.3150162175 -3.7279946e-09
v 0.25253445 -0.3242242875 -3.7279946e-09
v 0.233441235 -0.3041462125 -3.7279946e-09
v 0.237523665 -0.318789285 -3.7279946e-09
v 0.241606095 -0.3334323575 -3.7279946e-09
v -0.27060995 0.3210016075 -3.7279946e-09
v -0.2807800125 0.3100085925 -3.7279946e-09
v -0.2655258375 0.30754999 -3.7279946e-09
v -0.2843280875 0.3631994975 -3.7279946e-09
v -0.2888336875 0.3769194775 -3.7279946e-09
v -0.298626575 0.367232775 -3.7279946e-09
v -0.03691310075 -0.293564545 -3.7279946e-09
v -0.06898103725 -0.29554583 -3.7279946e-09
v -0.052947069 -0.2945551875 -3.7279946e-09
v -0.04682255825 -0.3073746775 -3.7279946e-09
v -0.05673201575 -0.32118481 -3.7279946e-09
v -0.0100010916 -0.26319629 -3.7279946e-09
v -0.02064928685 -0.250561575 -3.7279946e-09
v -0.0080639248 -0.23206133 -3.7279946e-09
v -0.01968070345 -0.234994095 -3.7279946e-09
v -0.0312974821 -0.23792686 -3.7279946e-09
v -0.26574531 -0.256110125 -3.7279946e-09
v -0.2663369625 -0.27038233 -3.7279946e-09
v -0.2562491675 -0.263858645 -3.7279946e-09
v -0.3100971725 -0.2371654125 -3.7279946e-09
v -0.297603605 -0.2310086525 -3.7279946e-09
v -0.3080638425 -0.221771145 -3.7279946e-09
v 0.25493654 0.4935457325 -3.7279946e-09
v 0.2541593225 0.50983681 -3.7279946e-09
v 0.2414843975 0.5002045175 -3.7279946e-09
v 0.255969765 0.4509409675 -3.7279946e-09
v 0.26856505 0.4583488475 -3.7279946e-09
v 0.24337448 0.4435330875 -3.7279946e-09
v 0.255368915 0.438693945 -3.7279946e-09
v 0.26736335 0.4338548025 -3.7279946e-09
v -0.167340425 -0.5323868975 -3.7279946e-09
v -0.1632553675 -0.54745866 -3.7279946e-09
v -0.190288975 -0.5526392325 -3.7279946e-09
v -0.1862039175 -0.567710995 -3.7279946e-09
v -0.1747296425 -0.5575848275 -3.7279946e-09
v -0.15917031 -0.5625304225 -3.7279946e-09
v -0.1550852525 -0.577602185 -3.7279946e-09
v -0.15120889 -0.4999238075 -3.7279946e-09
v -0.1410388275 -0.4903154325 -3.7279946e-09
v -0.1567216925 -0.48719526 -3.7279946e-09
v 0.5295395525 0.2203294675 -3.7279946e-09
v 0.5165421225 0.221149265 -3.7279946e-09
v 0.519311665 0.2084706575 -3.7279946e-09
v 0.2274655725 0.33932155 -3.7279946e-09
v 0.2177836025 0.33084365 -3.7279946e-09
v 0.2003778175 0.34551511 -3.7279946e-09
v 0.1906958475 0.33703721 -3.7279946e-09
v 0.204239725 0.33394043 -3.7279946e-09
v 0.2081016325 0.32236575 -3.7279946e-09
v 0.1984196625 0.31388785 -3.7279946e-09
v 0.1475680325 0.314690035 -3.7279946e-09
v 0.1333205335 0.3154598925 -3.7279946e-09
v 0.1367437575 0.342208845 -3.7279946e-09
v 0.1224962585 0.3429787025 -3.7279946e-09
v 0.127908396 0.3292192975 -3.7279946e-09
v 0.1190730345 0.31622975 -3.7279946e-09
v 0.1048255355 0.3169996075 -3.7279946e-09
v -0.1701596425 -0.0246614719 -3.7279946e-09
v -0.1614465025 -0.0359558064 -3.7279946e-09
v -0.155175405 -0.0229169983 -3.7279946e-09
v -0.2438904375 -0.01196134325 -3.7279946e-09
v -0.2533137725 -0.003055941925 -3.7279946e-09
v -0.258390525 -0.01844003867 -3.7279946e-09
v -0.2337369325 0.01880685025 -3.7279946e-09
v -0.24823702 0.01232815482 -3.7279946e-09
v -0.2627371075 0.0058494594 -3.7279946e-09
v -0.277237195 -0.000629236025 -3.7279946e-09
v -0.2846201025 0.065097683 -3.7279946e-09
v -0.2974874275 0.06218055475 -3.7279946e-09
v -0.2981684475 0.085278371 -3.7279946e-09
v -0.3110357725 0.08236124275 -3.7279946e-09
v -0.3042616 0.07227089875 -3.7279946e-09
v -0.3103547525 0.0592634265 -3.7279946e-09
v -0.3232220775 0.05634629825 -3.7279946e-09
v -0.0219861875 -0.049473298 -3.7279946e-09
v -0.01672479025 -0.03492566038 -3.7279946e-09
v 0.0063816995 -0.045204148 -3.7279946e-09
v 0.01164309675 -0.03065651038 -3.7279946e-09
v -0.00254084675 -0.03279108538 -3.7279946e-09
v -0.011463393 -0.02037802275 -3.7279946e-09
v -0.00620199575 -0.005830385125 -3.7279946e-09
v -0.05153122925 -0.052177526 -3.7279946e-09
v -0.0576758735 -0.06511497775 -3.7279946e-09
v -0.08225342575 -0.053316832 -3.7279946e-09
v -0.08839807 -0.06625428375 -3.7279946e-09
v -0.07303697175 -0.06568463075 -3.7279946e-09
v -0.06382051775 -0.0780524295 -3.7279946e-09
v -0.069965162 -0.09098988125 -3.7279946e-09
v -0.16449045 -0.1897033675 -3.7279946e-09
v -0.158327905 -0.1601375575 -3.7279946e-09
v -0.1614091775 -0.1749204625 -3.7279946e-09
v -0.1753833225 -0.17804379 -3.7279946e-09
v -0.186276195 -0.1663842125 -3.7279946e-09
v -0.12724843 -0.26706187 -3.7279946e-09
v -0.1327170775 -0.2519359625 -3.7279946e-09
v -0.11213677 -0.24788665 -3.7279946e-09
v -0.1176054175 -0.2327607425 -3.7279946e-09
v -0.1251612475 -0.2423483525 -3.7279946e-09
v -0.138185725 -0.236810055 -3.7279946e-09
v -0.1436543725 -0.2216841475 -3.7279946e-09
v 0.1979665225 -0.0325669645 -3.7279946e-09
v 0.212107835 -0.0328078835 -3.7279946e-09
v 0.2128974075 -0.0603147595 -3.7279946e-09
v 0.22703872 -0.0605556785 -3.7279946e-09
v 0.2195732775 -0.046681781 -3.7279946e-09
v 0.2262491475 -0.0330488025 -3.7279946e-09
v 0.24039046 -0.0332897215 -3.7279946e-09
v 0.1678513825 -0.00765439675 -3.7279946e-09
v 0.1594163275 0.0050892895 -3.7279946e-09
v 0.15363674 -0.00935941275 -3.7279946e-09
v 0.1016190732 0.135376995 -3.7279946e-09
v 0.106651168 0.1503149725 -3.7279946e-09
v 0.1313410577 0.139796385 -3.7279946e-09
v 0.1215121603 0.1525246675 -3.7279946e-09
v 0.1116832627 0.16525295 -3.7279946e-09
v -0.15192197 0.1518996325 -3.7279946e-09
v -0.168555005 0.152627435 -3.7279946e-09
v -0.17042695 0.1778708375 -3.7279946e-09
v -0.187059985 0.17859864 -3.7279946e-09
v -0.177807495 0.1656130375 -3.7279946e-09
v -0.18518804 0.1533552375 -3.7279946e-09
v -0.201821075 0.15408304 -3.7279946e-09
v -0.1256894467 0.1432211875 -3.7279946e-09
v -0.1191528817 0.15735435 -3.7279946e-09
v -0.136132915 0.1530471925 -3.7279946e-09
v -0.09172938025 0.1518355025 -3.7279946e-09
v -0.1021728485 0.1616615075 -3.7279946e-09
v -0.1126163168 0.1714875125 -3.7279946e-09
v -0.123059785 0.1813135175 -3.7279946e-09
v 0.32859794 -0.02775098367 -3.7279946e-09
v 0.33924716 -0.04117813242 -3.7279946e-09
v 0.34202564 -0.0243034786 -3.7279946e-09
v 0.2840699775 -0.0325981635 -3.7279946e-09
v 0.2553426325 -0.033540865 -3.7279946e-09
v 0.269706305 -0.03306951425 -3.7279946e-09
v 0.2779826075 -0.04695363625 -3.7279946e-09
v 0.2718952375 -0.061309109 -3.7279946e-09
v 0.258470425 0.0792693785 -3.7279946e-09
v 0.266453135 0.065178927 -3.7279946e-09
v 0.27189865 0.0792675385 -3.7279946e-09
v 0.2229505075 0.0925466035 -3.7279946e-09
v 0.2170678875 0.078207374 -3.7279946e-09
v 0.1947325425 0.0909164705 -3.7279946e-09
v 0.202958905 0.0773923075 -3.7279946e-09
v 0.2111852675 0.0638681445 -3.7279946e-09
v 0.01752918288 -0.1024057275 -3.7279946e-09
v 0.0216217495 -0.08597865575 -3.7279946e-09
v 0.008287943125 -0.09235078825 -3.7279946e-09
v 0.04419679563 -0.0896614625 -3.7279946e-09
v 0.04828936225 -0.07323439075 -3.7279946e-09
v 0.03495555588 -0.07960652325 -3.7279946e-09
v 0.02571431613 -0.069551584 -3.7279946e-09
v 0.02980688275 -0.05312451225 -3.7279946e-09
v 0.01647307637 -0.05949664475 -3.7279946e-09
v 0.02594777825 -0.1315287525 -3.7279946e-09
v 0.02058030687 -0.11529918 -3.7279946e-09
v 0.03131524962 -0.147758325 -3.7279946e-09
v 0.04233270862 -0.1380500725 -3.7279946e-09
v 0.05335016763 -0.12834182 -3.7279946e-09
v 0.2785350975 -0.22823359 -3.7279946e-09
v 0.292586255 -0.234359075 -3.7279946e-09
v 0.26448394 -0.222108105 -3.7279946e-09
v 0.2681279525 -0.237328375 -3.7279946e-09
v 0.271771965 -0.252548645 -3.7279946e-09
v 0.32646973 -0.21851272 -3.7279946e-09
v 0.3406654475 -0.22244638 -3.7279946e-09
v 0.3357503425 -0.20782749 -3.7279946e-09
v -0.2041440525 -0.342086095 -3.7279946e-09
v -0.214557505 -0.3529716075 -3.7279946e-09
v -0.1833171475 -0.32031507 -3.7279946e-09
v -0.1937306 -0.3312005825 -3.7279946e-09
v -0.2074476875 -0.3285916325 -3.7279946e-09
v -0.2107513225 -0.31509717 -3.7279946e-09
v -0.221164775 -0.3259826825 -3.7279946e-09
v -0.08047647025 -0.3725321525 -3.7279946e-09
v -0.08572850975 -0.3588671075 -3.7279946e-09
v -0.06056382675 -0.3468469175 -3.7279946e-09
v -0.06581586625 -0.3331818725 -3.7279946e-09
v -0.075772188 -0.34602449 -3.7279946e-09
v -0.09098054925 -0.3452020625 -3.7279946e-09
v -0.09623258875 -0.3315370175 -3.7279946e-09
v 0.0954662035 0.27584046 -3.7279946e-09
v 0.086978184 0.26158534 -3.7279946e-09
v 0.1034302525 0.26192598 -3.7279946e-09
v 0.09056224125 0.31951262 -3.7279946e-09
v 0.07606052425 0.321763845 -3.7279946e-09
v 0.07970637575 0.35051774 -3.7279946e-09
v 0.0706325915 0.337266405 -3.7279946e-09
v 0.06155880725 0.32401507 -3.7279946e-09
v 0.03032264027 -0.4756071775 -3.7279946e-09
v 0.01803680805 -0.4833162725 -3.7279946e-09
v 0.03220438977 -0.489196 -3.7279946e-09
v 0.048743024 -0.430580865 -3.7279946e-09
v 0.03764392675 -0.44023839 -3.7279946e-09
v 0.05984212125 -0.42092334 -3.7279946e-09
v 0.04566022775 -0.416509995 -3.7279946e-09
v 0.03147833425 -0.41209665 -3.7279946e-09
v -0.2724995025 -0.1076054365 -3.7279946e-09
v -0.2844087775 -0.134383195 -3.7279946e-09
v -0.27845414 -0.1209943157 -3.7279946e-09
v -0.2636628275 -0.1183643408 -3.7279946e-09
v -0.2548261525 -0.129123245 -3.7279946e-09
v -0.3643078975 -0.1409539275 -3.7279946e-09
v -0.377526115 -0.1447753575 -3.7279946e-09
v -0.3842674325 -0.1182261625 -3.7279946e-09
v -0.3875058825 -0.133411475 -3.7279946e-09
v -0.3907443325 -0.1485967875 -3.7279946e-09
v 0.469686185 0.2838071375 -3.7279946e-09
v 0.4648307425 0.297451945 -3.7279946e-09
v 0.489140015 0.3151082125 -3.7279946e-09
v 0.4745576575 0.3131024825 -3.7279946e-09
v 0.4599753 0.3110967525 -3.7279946e-09
v 0.4198685625 0.3209966175 -3.7279946e-09
v 0.408964915 0.328227605 -3.7279946e-09
v 0.4101032725 0.3120264175 -3.7279946e-09
v -0.3558512875 -0.107227156 -3.7279946e-09
v -0.37005936 -0.1127266592 -3.7279946e-09
v -0.3600795925 -0.1240905417 -3.7279946e-09
v -0.3511120175 -0.0237037675 -3.7279946e-09
v -0.3506644025 -0.040680227 -3.7279946e-09
v -0.338757755 -0.0339348885 -3.7279946e-09
v -0.3749253125 -0.0371944445 -3.7279946e-09
v -0.36257105 -0.0474255655 -3.7279946e-09
v -0.3502167875 -0.0576566865 -3.7279946e-09
v -0.337862525 -0.0678878075 -3.7279946e-09
v -0.01164859285 0.241746975 -3.7279946e-09
v -0.03563483435 0.21689757 -3.7279946e-09
v -0.0236417136 0.2293222725 -3.7279946e-09
v -0.00855402395 0.2292991425 -3.7279946e-09
v -0.00545945505 0.21685131 -3.7279946e-09
v 0.00743329575 0.2782183725 -3.7279946e-09
v 0.00261940975 0.2927195125 -3.7279946e-09
v -0.007563927 0.28112065 -3.7279946e-09
v 0.02779996925 0.3014160975 -3.7279946e-09
v 0.0128027465 0.304318375 -3.7279946e-09
v -0.00219447625 0.3072206525 -3.7279946e-09
v -0.017191699 0.31012293 -3.7279946e-09
v -0.14504871 0.3971473725 -3.7279946e-09
v -0.129861295 0.3965754325 -3.7279946e-09
v -0.136635205 0.408994615 -3.7279946e-09
v 0.09779278275 0.4469429125 -3.7279946e-09
v 0.06985721325 0.4263777925 -3.7279946e-09
v 0.083824998 0.4366603525 -3.7279946e-09
v 0.09923840025 0.432430735 -3.7279946e-09
v 0.1006840178 0.4179185575 -3.7279946e-09
v -0.289341755 0.15314917 -3.7279946e-09
v -0.301082815 0.175493715 -3.7279946e-09
v -0.295212285 0.1643214425 -3.7279946e-09
v -0.30384894 0.1533849375 -3.7279946e-09
v -0.318356125 0.153620705 -3.7279946e-09
v -0.21792527 0.17943973 -3.7279946e-09
v -0.2259773675 0.192118075 -3.7279946e-09
v -0.2098731725 0.166761385 -3.7279946e-09
v -0.2024926275 0.179019185 -3.7279946e-09
v -0.1951120825 0.191276985 -3.7279946e-09
v -0.2694019375 -0.1693653425 -3.7279946e-09
v -0.28365732 -0.173612835 -3.7279946e-09
v -0.2892673725 -0.1477972275 -3.7279946e-09
v -0.303522755 -0.15204472 -3.7279946e-09
v -0.2935900375 -0.1628287775 -3.7279946e-09
v -0.2979127025 -0.1778603275 -3.7279946e-09
v -0.312168085 -0.18210782 -3.7279946e-09
v -0.2343093975 -0.18750366 -3.7279946e-09
v -0.223954295 -0.197518385 -3.7279946e-09
v -0.2195046775 -0.184843195 -3.7279946e-09
v 0.08144892575 -0.237011915 -3.7279946e-09
v 0.077961645 -0.2216302625 -3.7279946e-09
v 0.06691569425 -0.2321693525 -3.7279946e-09
v 0.1179366715 -0.277226155 -3.7279946e-09
v 0.1215653595 -0.2921801675 -3.7279946e-09
v 0.132775217 -0.2822621675 -3.7279946e-09
v 0.1733944125 -0.1565944775 -3.7279946e-09
v 0.17016858 -0.1420200075 -3.7279946e-09
v 0.1582067375 -0.151215985 -3.7279946e-09
v 0.2083949575 -0.19809663 -3.7279946e-09
v 0.2112367825 -0.2135920925 -3.7279946e-09
v 0.22214017 -0.2041503575 -3.7279946e-09
v -0.23344728 -0.50618728 -3.7279946e-09
v -0.2425226175 -0.496588895 -3.7279946e-09
v -0.2466000525 -0.513426155 -3.7279946e-09
v -0.195016935 -0.5255299275 -3.7279946e-09
v -0.192652955 -0.53908458 -3.7279946e-09
v -0.18117868 -0.5289584125 -3.7279946e-09
v 0.4888461575 0.1799299275 -3.7279946e-09
v 0.475982775 0.18532314 -3.7279946e-09
v 0.4787023775 0.1705334025 -3.7279946e-09
v 0.32302232 0.10566954 -3.7279946e-09
v 0.3272918925 0.09297164125 -3.7279946e-09
v 0.3187527475 0.1183674387 -3.7279946e-09
v 0.3108491525 0.1057970963 -3.7279946e-09
v 0.3029455575 0.09322675375 -3.7279946e-09
v 0.4189005275 0.082015242 -3.7279946e-09
v 0.3958195075 0.0593111845 -3.7279946e-09
v 0.4073600175 0.07066321325 -3.7279946e-09
v 0.421870355 0.06823846275 -3.7279946e-09
v 0.4248401825 0.0544616835 -3.7279946e-09
v 0.00404403855 -0.2374043375 -3.7279946e-09
v 0.00307545515 -0.2529718175 -3.7279946e-09
v 0.0161520019 -0.242747345 -3.7279946e-09
v -0.060708599 -0.202677665 -3.7279946e-09
v -0.052853682 -0.170491875 -3.7279946e-09
v -0.0567811405 -0.18658477 -3.7279946e-09
v -0.0717822005 -0.193223315 -3.7279946e-09
v -0.082855802 -0.183768965 -3.7279946e-09
v 0.09244149275 -0.39111099 -3.7279946e-09
v 0.1035394323 -0.38110888 -3.7279946e-09
v 0.088661934 -0.37654493 -3.7279946e-09
v 0.3224269875 0.29602656 -3.7279946e-09
v 0.308708325 0.299754945 -3.7279946e-09
v 0.3095212875 0.283979295 -3.7279946e-09
v 0.36350623 0.28474232 -3.7279946e-09
v 0.3648548625 0.2695118025 -3.7279946e-09
v 0.3766124775 0.2803697175 -3.7279946e-09
v -0.088587051 -0.42631918 -3.7279946e-09
v -0.09474896375 -0.4114752975 -3.7279946e-09
v -0.1052270483 -0.4227319425 -3.7279946e-09
v -0.07574138525 -0.4700967375 -3.7279946e-09
v -0.088091575 -0.47986597 -3.7279946e-09
v -0.07334743975 -0.4856739425 -3.7279946e-09
v 0.1667613875 -0.503639835 -3.7279946e-09
v 0.167791455 -0.516203845 -3.7279946e-09
v 0.1805176375 -0.50794673 -3.7279946e-09
v 0.1620221225 -0.464106615 -3.7279946e-09
v 0.17440661 -0.4550281275 -3.7279946e-09
v 0.1596846875 -0.4505227875 -3.7279946e-09
v -0.2698203775 -0.3339577775 -3.7279946e-09
v -0.2831100875 -0.3270724225 -3.7279946e-09
v -0.2746177325 -0.3054380725 -3.7279946e-09
v -0.2879074425 -0.2985527175 -3.7279946e-09
v -0.285508765 -0.31281257 -3.7279946e-09
v -0.2963997975 -0.3201870675 -3.7279946e-09
v -0.3096895075 -0.3133017125 -3.7279946e-09
v -0.2285994625 -0.3484094975 -3.7279946e-09
v -0.2352067325 -0.3214205725 -3.7279946e-09
v -0.2319030975 -0.334915035 -3.7279946e-09
v -0.24264142 -0.3438473875 -3.7279946e-09
v -0.2566833775 -0.3392852775 -3.7279946e-09
v 0.4161054875 0.04491691625 -3.7279946e-09
v 0.40159515 0.04734166675 -3.7279946e-09
v 0.4073707925 0.035372149 -3.7279946e-09
v 0.455066505 0.0333154403 -3.7279946e-09
v 0.4574073575 0.0193835471 -3.7279946e-09
v 0.4684416375 0.0285258408 -3.7279946e-09
v -0.36045887 0.23220536 -3.7279946e-09
v -0.36980782 0.219258395 -3.7279946e-09
v -0.35625974 0.217681355 -3.7279946e-09
v -0.43527913 0.14720216 -3.7279946e-09
v -0.447335595 0.1428692425 -3.7279946e-09
v -0.435236025 0.1344749275 -3.7279946e-09
v -0.4041283975 0.1719926925 -3.7279946e-09
v -0.392631255 0.168816535 -3.7279946e-09
v -0.3964881675 0.1828992325 -3.7279946e-09
v -0.007629944575 0.102530652 -3.7279946e-09
v -0.0172953895 0.1142993325 -3.7279946e-09
v 0.00203550035 0.0907619715 -3.7279946e-09
v 0.007300516925 0.1051787645 -3.7279946e-09
v 0.0125655335 0.1195955575 -3.7279946e-09
v -0.05749509225 0.12000693 -3.7279946e-09
v -0.04686421825 0.10888407 -3.7279946e-09
v -0.07875684025 0.14225265 -3.7279946e-09
v -0.06812596625 0.13112979 -3.7279946e-09
v -0.0721334595 0.11723978 -3.7279946e-09
v -0.08677182675 0.11447263 -3.7279946e-09
v -0.07614095275 0.10334977 -3.7279946e-09
v 0.294329145 0.4368028125 -3.7279946e-09
v 0.2814470975 0.44757583 -3.7279946e-09
v 0.2808462475 0.4353288075 -3.7279946e-09
v 0.1661581675 0.088404352 -3.7279946e-09
v 0.1601924925 0.0739494205 -3.7279946e-09
v 0.1372273825 0.085010248 -3.7279946e-09
v 0.1312617075 0.0705553165 -3.7279946e-09
v 0.1457271 0.0722523685 -3.7279946e-09
v 0.1542268175 0.059494489 -3.7279946e-09
v 0.1482611425 0.0450395575 -3.7279946e-09
v 0.2013379725 0.105710702 -3.7279946e-09
v 0.18722899 0.1048956355 -3.7279946e-09
v 0.215446955 0.1065257685 -3.7279946e-09
v 0.2079434025 0.1205049335 -3.7279946e-09
v 0.20043985 0.1344840985 -3.7279946e-09
v -0.28314557 0.08477555825 -3.7279946e-09
v -0.2763713975 0.07468521425 -3.7279946e-09
v -0.2681226925 0.0842727455 -3.7279946e-09
v -0.3267281 0.0807238555 -3.7279946e-09
v -0.358112755 0.077449081 -3.7279946e-09
v -0.3424204275 0.07908646825 -3.7279946e-09
v -0.3328212525 0.06771638325 -3.7279946e-09
v -0.338914405 0.054708911 -3.7279946e-09
v 0.2429928325 0.259240545 -3.7279946e-09
v 0.2562899025 0.25434962 -3.7279946e-09
v 0.2404979575 0.226281475 -3.7279946e-09
v 0.2537950275 0.22139055 -3.7279946e-09
v 0.255042465 0.237870085 -3.7279946e-09
v 0.2695869725 0.249458695 -3.7279946e-09
v 0.2828840425 0.24456777 -3.7279946e-09
v 0.1990457475 0.289763355 -3.7279946e-09
v 0.2095354225 0.2831150825 -3.7279946e-09
v 0.1925741025 0.264663725 -3.7279946e-09
v 0.2030637775 0.2580154525 -3.7279946e-09
v 0.2062996 0.2705652675 -3.7279946e-09
v 0.2200250975 0.27646681 -3.7279946e-09
v 0.2305147725 0.2698185375 -3.7279946e-09
v -0.104112188 -0.06627678375 -3.7279946e-09
v -0.094895734 -0.0786445825 -3.7279946e-09
v -0.117107516 -0.09105738125 -3.7279946e-09
v -0.107891062 -0.10342518 -3.7279946e-09
v -0.101393398 -0.09103488125 -3.7279946e-09
v -0.08567928 -0.09101238125 -3.7279946e-09
v -0.076462826 -0.10338018 -3.7279946e-09
v -0.07620261525 -0.04019322653 -3.7279946e-09
v -0.060841517 -0.03962357352 -3.7279946e-09
v -0.07015180475 -0.02706962105 -3.7279946e-09
v -0.177163535 -0.1388738125 -3.7279946e-09
v -0.181719865 -0.1526290125 -3.7279946e-09
v -0.16774572 -0.149505685 -3.7279946e-09
v -0.1850899975 -0.090147558 -3.7279946e-09
v -0.1793348575 -0.07659811025 -3.7279946e-09
v -0.193910115 -0.07935782375 -3.7279946e-09
v -0.06632320025 0.0918882685 -3.7279946e-09
v -0.05650544775 0.080426767 -3.7279946e-09
v -0.051684833 0.0946554185 -3.7279946e-09
v -0.10375186 0.1101654725 -3.7279946e-09
v -0.116091745 0.106050109 -3.7279946e-09
v -0.12969694 0.1293311775 -3.7279946e-09
v -0.129064285 0.1156329615 -3.7279946e-09
v -0.12843163 0.1019347455 -3.7279946e-09
v 0.31277104 -0.0996331615 -3.7279946e-09
v 0.321576175 -0.08602071025 -3.7279946e-09
v 0.304839585 -0.08694903425 -3.7279946e-09
v 0.3129689575 -0.1516880475 -3.7279946e-09
v 0.3069859325 -0.1632979475 -3.7279946e-09
v 0.32002358 -0.165836455 -3.7279946e-09
v 0.0946786025 0.01024497225 -3.7279946e-09
v 0.1031262495 -0.0023421665 -3.7279946e-09
v 0.0843319635 -0.01893593125 -3.7279946e-09
v 0.09795293 -0.01693261825 -3.7279946e-09
v 0.1115738965 -0.01492930525 -3.7279946e-09
v 0.03906258668 0.04267105475 -3.7279946e-09
v 0.04456947617 0.05729267925 -3.7279946e-09
v 0.03002266385 0.054846744 -3.7279946e-09
v 0.3052167575 0.0257208795 -3.7279946e-09
v 0.29154488 0.02451397125 -3.7279946e-09
v 0.3004275525 0.01082117025 -3.7279946e-09
v 0.3708481425 0.0695129725 -3.7279946e-09
v 0.35644031 0.064535863 -3.7279946e-09
v 0.3499260875 0.0850670475 -3.7279946e-09
v 0.335518255 0.080089938 -3.7279946e-09
v 0.3459792825 0.0723129005 -3.7279946e-09
v 0.3420324775 0.0595587535 -3.7279946e-09
v 0.327624645 0.054581644 -3.7279946e-09
v -0.0367299535 0.28717543 -3.7279946e-09
v -0.02214694025 0.28414804 -3.7279946e-09
v -0.02696082625 0.29864918 -3.7279946e-09
v -0.08572832575 0.272159125 -3.7279946e-09
v -0.1158107688 0.27686238 -3.7279946e-09
v -0.1007695473 0.2745107525 -3.7279946e-09
v -0.095333336 0.2632375525 -3.7279946e-09
v -0.1049383463 0.25431598 -3.7279946e-09
v 0.2070331875 -0.07232275675 -3.7279946e-09
v 0.1966686225 -0.0833379825 -3.7279946e-09
v 0.1803738625 -0.06859095625 -3.7279946e-09
v 0.1700092975 -0.079606182 -3.7279946e-09
v 0.18333896 -0.08147208225 -3.7279946e-09
v 0.1863040575 -0.09435320825 -3.7279946e-09
v 0.1759394925 -0.105368434 -3.7279946e-09
v 0.2419908925 -0.060806822 -3.7279946e-09
v 0.256943065 -0.0610579655 -3.7279946e-09
v 0.2486667625 -0.0471738435 -3.7279946e-09
v 0.069319785 0.3821670775 -3.7279946e-09
v 0.054669038 0.38435732 -3.7279946e-09
v 0.059402469 0.4144606325 -3.7279946e-09
v 0.04971038 0.4005040975 -3.7279946e-09
v 0.040018291 0.3865475625 -3.7279946e-09
v 0.09396967 0.3480047275 -3.7279946e-09
v 0.09939760275 0.3325021675 -3.7279946e-09
v 0.1082329643 0.345491715 -3.7279946e-09
v 0.349430895 0.399936105 -3.7279946e-09
v 0.33718361 0.405817935 -3.7279946e-09
v 0.341425845 0.3900139 -3.7279946e-09
v -0.1876109 -0.2430906125 -3.7279946e-09
v -0.17981612 -0.2301260375 -3.7279946e-09
v -0.19515861 -0.23114165 -3.7279946e-09
v -0.1832934925 -0.2817341175 -3.7279946e-09
v -0.170030065 -0.28389545 -3.7279946e-09
v -0.1741645375 -0.3091940525 -3.7279946e-09
v -0.16090111 -0.311355385 -3.7279946e-09
v -0.1654655875 -0.2976254175 -3.7279946e-09
v -0.1567666375 -0.2860567825 -3.7279946e-09
v -0.14350321 -0.288218115 -3.7279946e-09
v 0.2865196475 -0.257755765 -3.7279946e-09
v 0.30126733 -0.262962885 -3.7279946e-09
v 0.2969267925 -0.24866098 -3.7279946e-09
v 0.25490842 -0.2856123225 -3.7279946e-09
v 0.2441748275 -0.2948792675 -3.7279946e-09
v 0.2591856125 -0.30031427 -3.7279946e-09
v -0.0557278095 -0.3606420675 -3.7279946e-09
v -0.06568413125 -0.373484685 -3.7279946e-09
v -0.05089179225 -0.3744372175 -3.7279946e-09
v -0.071940377 -0.3203623825 -3.7279946e-09
v -0.07806488775 -0.3075428925 -3.7279946e-09
v -0.08714873825 -0.319539955 -3.7279946e-09
v 0.0528628025 0.1542276025 -3.7279946e-09
v 0.0475871595 0.13960109 -3.7279946e-09
v 0.062402681 0.1423319975 -3.7279946e-09
v 0.0125938727 -0.43072937 -3.7279946e-09
v 0.02511889973 -0.43548388 -3.7279946e-09
v 0.02203610348 -0.42141301 -3.7279946e-09
v -0.02323712928 -0.450119595 -3.7279946e-09
v -0.03734006825 -0.452484365 -3.7279946e-09
v -0.02299793448 -0.4625832 -3.7279946e-09
v -0.276846875 0.4966937675 -3.7279946e-09
v -0.2778703725 0.5135126275 -3.7279946e-09
v -0.2758233775 0.4798749075 -3.7279946e-09
v -0.2612186775 0.487131915 -3.7279946e-09
v -0.2466139775 0.4943889225 -3.7279946e-09
v -0.154637895 0.1790183975 -3.7279946e-09
v -0.145385405 0.166032795 -3.7279946e-09
v -0.13884884 0.1801659575 -3.7279946e-09
v -0.2043895425 0.20388673 -3.7279946e-09
v -0.2136670025 0.216496475 -3.7279946e-09
v -0.219822185 0.204307275 -3.7279946e-09
v -0.4287946025 -0.3615924975 -3.7279946e-09
v -0.4313693825 -0.3481177475 -3.7279946e-09
v -0.445239705 -0.358041005 -3.7279946e-09
v -0.3858142375 -0.37942513 -3.7279946e-09
v -0.3729224675 -0.387143685 -3.7279946e-09
v -0.374745525 -0.372512965 -3.7279946e-09
v -0.146207835 0.05060219575 -3.7279946e-09
v -0.1610575 0.0489012275 -3.7279946e-09
v -0.13135817 0.052303164 -3.7279946e-09
v -0.139234955 0.06234217525 -3.7279946e-09
v -0.14711174 0.0723811865 -3.7279946e-09
v -0.18964449 0.023350458 -3.7279946e-09
v -0.21995939 0.0218653075 -3.7279946e-09
v -0.20480194 0.02260788275 -3.7279946e-09
v -0.19610115 0.01028224325 -3.7279946e-09
v -0.20255781 -0.0027859715 -3.7279946e-09
v -0.2097948475 0.3146521875 -3.7279946e-09
v -0.199944135 0.326440555 -3.7279946e-09
v -0.21964556 0.30286382 -3.7279946e-09
v -0.2039542825 0.3022995025 -3.7279946e-09
v -0.188263005 0.301735185 -3.7279946e-09
v 0.03381366675 0.2849097525 -3.7279946e-09
v 0.02363033 0.27331089 -3.7279946e-09
v 0.03982736425 0.2684034075 -3.7279946e-09
v -0.17189018 0.0749647975 -3.7279946e-09
v -0.16647384 0.0619330125 -3.7279946e-09
v -0.15950096 0.073672992 -3.7279946e-09
v -0.2132256925 0.07653129675 -3.7279946e-09
v -0.227014535 0.07754856575 -3.7279946e-09
v -0.2229668025 0.0627569365 -3.7279946e-09
v -0.1122679487 0.207345705 -3.7279946e-09
v -0.1217914263 0.21865991 -3.7279946e-09
v -0.1037574063 0.231143755 -3.7279946e-09
v -0.1132808838 0.24245796 -3.7279946e-09
v -0.117536155 0.230558935 -3.7279946e-09
v -0.1313149037 0.229974115 -3.7279946e-09
v -0.1408383812 0.24128832 -3.7279946e-09
v -0.0957368735 0.1379454925 -3.7279946e-09
v -0.1127169067 0.133638335 -3.7279946e-09
v -0.09974436675 0.1240554825 -3.7279946e-09
v 0.017150591 -0.01592068187 -3.7279946e-09
v 0.02265808525 -0.001184853375 -3.7279946e-09
v 0.00822804475 -0.00350761925 -3.7279946e-09
v 0.002289132875 -0.06163121975 -3.7279946e-09
v -0.01189481063 -0.06376579475 -3.7279946e-09
v -0.00180343375 -0.0780582915 -3.7279946e-09
v 0.210610175 0.3551608075 -3.7279946e-09
v 0.2241540525 0.3520640275 -3.7279946e-09
v 0.2208425325 0.364806505 -3.7279946e-09
v 0.1644949175 0.338530665 -3.7279946e-09
v 0.1783704975 0.336691575 -3.7279946e-09
v 0.1506193375 0.340369755 -3.7279946e-09
v 0.156031475 0.32661035 -3.7279946e-09
v 0.1614436125 0.312850945 -3.7279946e-09
v -0.1155786815 -0.113364575 -3.7279946e-09
v -0.0998645635 -0.113342075 -3.7279946e-09
v -0.0995256845 -0.133198365 -3.7279946e-09
v -0.091838065 -0.12325897 -3.7279946e-09
v -0.0841504455 -0.113319575 -3.7279946e-09
v -0.125957336 -0.0802676985 -3.7279946e-09
v -0.119459672 -0.06787739975 -3.7279946e-09
v -0.134807156 -0.06947801575 -3.7279946e-09
v 0.1548074275 0.129029911 -3.7279946e-09
v 0.170018235 0.1308479735 -3.7279946e-09
v 0.1720181825 0.103077573 -3.7279946e-09
v 0.1786236125 0.1178718045 -3.7279946e-09
v 0.1852290425 0.132666036 -3.7279946e-09
v 0.140342035 0.127332859 -3.7279946e-09
v 0.1489474125 0.11435669 -3.7279946e-09
v 0.128622005 0.097986417 -3.7279946e-09
v 0.1430873975 0.099683469 -3.7279946e-09
v 0.15755279 0.101380521 -3.7279946e-09
v -0.16942054 0.325353975 -3.7279946e-09
v -0.1846823375 0.325897265 -3.7279946e-09
v -0.1788417725 0.31354458 -3.7279946e-09
v -0.1200956915 0.347326075 -3.7279946e-09
v -0.104663258 0.3462910125 -3.7279946e-09
v -0.1108863065 0.3590671325 -3.7279946e-09
v 0.48693873 0.2864786425 -3.7279946e-09
v 0.52144382 0.2918216525 -3.7279946e-09
v 0.504191275 0.2891501475 -3.7279946e-09
v 0.496665645 0.30212918 -3.7279946e-09
v 0.50639256 0.3177797175 -3.7279946e-09
v -0.3954336575 -0.001476334725 -3.7279946e-09
v -0.3824123075 0.0054210725 -3.7279946e-09
v -0.4084550075 -0.00837374195 -3.7279946e-09
v -0.396906875 -0.01792995323 -3.7279946e-09
v -0.3853587425 -0.0274861645 -3.7279946e-09
v -0.364726335 0.0439768435 -3.7279946e-09
v -0.35182037 0.04934287725 -3.7279946e-09
v -0.361419545 0.06071296225 -3.7279946e-09
v -0.3125994075 0.1792812375 -3.7279946e-09
v -0.324116 0.18306876 -3.7279946e-09
v -0.3212360625 0.1683447325 -3.7279946e-09
v -0.2780730225 0.201761145 -3.7279946e-09
v -0.265313985 0.203288245 -3.7279946e-09
v -0.2764589225 0.21556497 -3.7279946e-09
v 0.157396665 -0.085419359 -3.7279946e-09
v 0.1447840325 -0.091232536 -3.7279946e-09
v 0.1603617625 -0.098300485 -3.7279946e-09
v 0.1862380825 -0.056582959 -3.7279946e-09
v 0.199567745 -0.05844885925 -3.7279946e-09
v 0.1921023025 -0.04457496175 -3.7279946e-09
v 0.35918252 0.09353821875 -3.7279946e-09
v 0.3696435475 0.08576118125 -3.7279946e-09
v 0.3684389525 0.10200939 -3.7279946e-09
v 0.3233450875 0.08021749425 -3.7279946e-09
v 0.31117192 0.0803450505 -3.7279946e-09
v 0.3193982825 0.06746334725 -3.7279946e-09
v -0.187881625 -0.3065851025 -3.7279946e-09
v -0.1924461025 -0.292855135 -3.7279946e-09
v -0.2015987125 -0.3039761525 -3.7279946e-09
v -0.1463613325 -0.3133030275 -3.7279946e-09
v -0.131821555 -0.31525067 -3.7279946e-09
v -0.1376623825 -0.3017343925 -3.7279946e-09
v 0.0515058125 -0.52102512 -3.7279946e-09
v 0.06542762475 -0.525288645 -3.7279946e-09
v 0.0580099955 -0.54574626 -3.7279946e-09
v 0.07193180775 -0.550009785 -3.7279946e-09
v 0.06867971625 -0.537649215 -3.7279946e-09
v 0.079349437 -0.52955217 -3.7279946e-09
v 0.09327124925 -0.533815695 -3.7279946e-09
v -0.2614807325 -0.3107655725 -3.7279946e-09
v -0.259082055 -0.325025425 -3.7279946e-09
v -0.2483437325 -0.3160930725 -3.7279946e-09
v -0.2998093575 -0.2904372725 -3.7279946e-09
v -0.3117112725 -0.2823218275 -3.7279946e-09
v -0.31070039 -0.29781177 -3.7279946e-09
v -0.27447606 -0.1451672525 -3.7279946e-09
v -0.2645433425 -0.15595131 -3.7279946e-09
v -0.2596847475 -0.1425372775 -3.7279946e-09
v -0.317304765 -0.15587088 -3.7279946e-09
v -0.331086775 -0.15969704 -3.7279946e-09
v -0.32162743 -0.17090243 -3.7279946e-09
v -0.550899235 0.02726521595 -3.7279946e-09
v -0.5499348775 0.0418268236 -3.7279946e-09
v -0.5662687975 0.03563234485 -3.7279946e-09
v -0.552006315 -0.01821294255 -3.7279946e-09
v -0.567205295 -0.02571385115 -3.7279946e-09
v -0.55231962 -0.0332614559 -3.7279946e-09
v 0.2280198975 0.2368594675 -3.7279946e-09
v 0.229267335 0.2533390025 -3.7279946e-09
v 0.2155418375 0.24743746 -3.7279946e-09
v 0.2702430225 0.21859814 -3.7279946e-09
v 0.2866910175 0.21580573 -3.7279946e-09
v 0.28478753 0.23018675 -3.7279946e-09
v -0.115924398 -0.22078786 -3.7279946e-09
v -0.1142433785 -0.2088149775 -3.7279946e-09
v -0.1289488755 -0.2152495625 -3.7279946e-09
v -0.104767922 -0.258993475 -3.7279946e-09
v -0.112323752 -0.268581085 -3.7279946e-09
v -0.097399074 -0.2701003 -3.7279946e-09
v 0.07481587125 0.410231015 -3.7279946e-09
v 0.07977452925 0.3940842375 -3.7279946e-09
v 0.0902292735 0.4060013975 -3.7279946e-09
v -0.112739328 -0.1366731075 -3.7279946e-09
v -0.1207658265 -0.1267562125 -3.7279946e-09
v -0.1259529715 -0.14014785 -3.7279946e-09
v -0.079676964 -0.16012284 -3.7279946e-09
v -0.081266383 -0.1719459025 -3.7279946e-09
v -0.066265323 -0.1653073575 -3.7279946e-09
v 0.14537626 -0.569999285 -3.7279946e-09
v 0.1466123975 -0.580007965 -3.7279946e-09
v 0.1441401225 -0.559990605 -3.7279946e-09
v 0.1309487675 -0.57294756 -3.7279946e-09
v 0.1177574125 -0.585904515 -3.7279946e-09
v 0.18995622 0.301967535 -3.7279946e-09
v 0.1867203975 0.28941772 -3.7279946e-09
v 0.16530552 0.301276265 -3.7279946e-09
v 0.1620696975 0.28872645 -3.7279946e-09
v 0.1743950475 0.289072085 -3.7279946e-09
v 0.183484575 0.276867905 -3.7279946e-09
v 0.1802487525 0.26431809 -3.7279946e-09
v -0.0915625035 0.224613235 -3.7279946e-09
v -0.09581777475 0.21271421 -3.7279946e-09
v -0.07936760075 0.218082715 -3.7279946e-09
v -0.118717095 0.25373116 -3.7279946e-09
v -0.1241533062 0.26500436 -3.7279946e-09
v -0.1324958438 0.25314634 -3.7279946e-09
v 0.1198066735 0.0413164305 -3.7279946e-09
v 0.134033908 0.043177994 -3.7279946e-09
v 0.1255341905 0.0559358735 -3.7279946e-09
v 0.080364527 0.0080045515 -3.7279946e-09
v 0.0660504515 0.00576413075 -3.7279946e-09
v 0.0751912075 -0.00658590025 -3.7279946e-09
v -0.318902305 -0.046691033 -3.7279946e-09
v -0.30897458 -0.05306910525 -3.7279946e-09
v -0.32883003 -0.04031296075 -3.7279946e-09
v -0.328382415 -0.05728942025 -3.7279946e-09
v -0.3279348 -0.07426587975 -3.7279946e-09
v 0.1254810427 0.125123164 -3.7279946e-09
v 0.1106200505 0.122913469 -3.7279946e-09
v 0.1196210277 0.110449943 -3.7279946e-09
v -0.53188645 0.1592336525 -3.7279946e-09
v -0.5267542375 0.1751943425 -3.7279946e-09
v -0.5421046125 0.174106185 -3.7279946e-09
v -0.274806185 -0.059182866 -3.7279946e-09
v -0.2814097725 -0.07321091925 -3.7279946e-09
v -0.26159901 -0.0311267595 -3.7279946e-09
v -0.2682025975 -0.04515481275 -3.7279946e-09
v -0.2808344175 -0.04893613225 -3.7279946e-09
v -0.28686265 -0.0386893985 -3.7279946e-09
v -0.2934662375 -0.05271745175 -3.7279946e-09
v 0.05369637275 -0.060793654 -3.7279946e-09
v 0.05910338325 -0.04835291725 -3.7279946e-09
v 0.044455133 -0.05073871475 -3.7279946e-09
v 0.04724791962 -0.102554915 -3.7279946e-09
v 0.03391411325 -0.1089270475 -3.7279946e-09
v 0.05029904362 -0.1154483675 -3.7279946e-09
v 0.08110239575 0.20339443 -3.7279946e-09
v 0.06989030475 0.2169120225 -3.7279946e-09
v 0.0665304225 0.2003520575 -3.7279946e-09
v -0.0124407895 0.1281993575 -3.7279946e-09
v 0.002489672 0.13084747 -3.7279946e-09
v -0.0075861895 0.1420993825 -3.7279946e-09
v -0.0071985296 0.179645535 -3.7279946e-09
v -0.01667729785 0.19206288 -3.7279946e-09
v 0.0040193132 0.204433965 -3.7279946e-09
v -0.01106837645 0.204457095 -3.7279946e-09
v -0.0261560661 0.204480225 -3.7279946e-09
v -0.3408107975 0.4358161075 -3.7279946e-09
v -0.3561117575 0.4423936775 -3.7279946e-09
v -0.3473039925 0.4684108825 -3.7279946e-09
v -0.3626049525 0.4749884525 -3.7279946e-09
v -0.359358355 0.458691065 -3.7279946e-09
v -0.3714127175 0.4489712475 -3.7279946e-09
v -0.3867136775 0.4555488175 -3.7279946e-09
v 0.1557862475 0.2755818275 -3.7279946e-09
v 0.1495027975 0.262437205 -3.7279946e-09
v 0.164875775 0.2633776475 -3.7279946e-09
v 0.1737689625 0.31319658 -3.7279946e-09
v 0.1860943125 0.313542215 -3.7279946e-09
v 0.182232405 0.325116895 -3.7279946e-09
v -0.418698665 0.38416702 -3.7279946e-09
v -0.41308756 0.36775267 -3.7279946e-09
v -0.403194265 0.37807413 -3.7279946e-09
v -0.1941761075 0.5009993475 -3.7279946e-09
v -0.20437666 0.4923466575 -3.7279946e-09
v -0.1879680925 0.491213555 -3.7279946e-09
v -0.3167309875 0.4539562675 -3.7279946e-09
v -0.301444485 0.44672896 -3.7279946e-09
v -0.33201749 0.461183575 -3.7279946e-09
v -0.3287708925 0.4448861875 -3.7279946e-09
v -0.325524295 0.4285888 -3.7279946e-09
v -0.312019845 0.42379066 -3.7279946e-09
v -0.298515395 0.41899252 -3.7279946e-09
v -0.29997994 0.43286074 -3.7279946e-09
v 0.0081529749 0.183020135 -3.7279946e-09
v 0.0235044794 0.186394735 -3.7279946e-09
v 0.0137618963 0.19541435 -3.7279946e-09
v -0.2250361425 0.00648121075 -3.7279946e-09
v -0.2351896475 -0.02428698275 -3.7279946e-09
v -0.230112895 -0.008902886 -3.7279946e-09
v -0.2163353525 -0.00584442875 -3.7279946e-09
v -0.2076345625 -0.01817006825 -3.7279946e-09
v -0.2637629675 0.51996745 -3.7279946e-09
v -0.279391165 0.5295293025 -3.7279946e-09
v -0.24813477 0.5104055975 -3.7279946e-09
v -0.2496555625 0.5264222725 -3.7279946e-09
v -0.251176355 0.5424389475 -3.7279946e-09
v 0.548650375 -0.1294485075 -3.7279946e-09
v 0.536090835 -0.14285978 -3.7279946e-09
v 0.561209915 -0.116037235 -3.7279946e-09
v 0.5450542 -0.1179571475 -3.7279946e-09
v 0.528898485 -0.11987706 -3.7279946e-09
v -0.2272742225 -0.0352825735 -3.7279946e-09
v -0.2193587975 -0.04627816425 -3.7279946e-09
v -0.21349668 -0.03222411625 -3.7279946e-09
v -0.271022345 -0.02222135817 -3.7279946e-09
v -0.28044568 -0.01331595685 -3.7279946e-09
v -0.283654165 -0.02600267767 -3.7279946e-09
v -0.2095698525 0.54744079 -3.7279946e-09
v -0.2212911975 0.554804775 -3.7279946e-09
v -0.1978485075 0.540076805 -3.7279946e-09
v -0.1937921 0.553351795 -3.7279946e-09
v -0.1897356925 0.566626785 -3.7279946e-09
v 0.49717266 -0.1464743525 -3.7279946e-09
v 0.49210616 -0.1340259925 -3.7279946e-09
v 0.51592576 -0.1210819175 -3.7279946e-09
v 0.50148271 -0.121329775 -3.7279946e-09
v 0.48703966 -0.1215776325 -3.7279946e-09
v 0.509445705 -0.1851927725 -3.7279946e-09
v 0.526714285 -0.1555559975 -3.7279946e-09
v 0.518079995 -0.170374385 -3.7279946e-09
v 0.50510727 -0.1715792425 -3.7279946e-09
v 0.500768835 -0.1579657125 -3.7279946e-09
v -0.401804895 -0.06564546725 -3.7279946e-09
v -0.41492402 -0.07162052725 -3.7279946e-09
v -0.403658705 -0.0813760915 -3.7279946e-09
v -0.373452095 -0.020740826 -3.7279946e-09
v -0.3615454475 -0.0139954875 -3.7279946e-09
v -0.3719788775 -0.0042872075 -3.7279946e-09
v -0.3124264575 -0.07391422625 -3.7279946e-09
v -0.296918115 -0.07356257275 -3.7279946e-09
v -0.3029463475 -0.063315839 -3.7279946e-09
v 0.082448766 -0.557696275 -3.7279946e-09
v 0.09296572425 -0.565382765 -3.7279946e-09
v 0.09311848675 -0.54959923 -3.7279946e-09
v 0.04412388372 -0.542457345 -3.7279946e-09
v 0.04087179222 -0.530096775 -3.7279946e-09
v 0.03023777195 -0.53916843 -3.7279946e-09
v 0.52311811 -0.1440646375 -3.7279946e-09
v 0.519521935 -0.1325732775 -3.7279946e-09
v 0.510145385 -0.145269495 -3.7279946e-09
v 0.55436399 -0.16784639 -3.7279946e-09
v 0.56399129 -0.19692016 -3.7279946e-09
v 0.55917764 -0.182383275 -3.7279946e-09
v 0.56422732 -0.166804755 -3.7279946e-09
v 0.57409065 -0.16576312 -3.7279946e-09
v 0.397169715 0.3819639025 -3.7279946e-09
v 0.40422644 0.39918885 -3.7279946e-09
v 0.390359795 0.3950430775 -3.7279946e-09
v 0.0118817712 -0.5714170425 -3.7279946e-09
v 0.00233015425 -0.5978461175 -3.7279946e-09
v 0.007105962725 -0.58463158 -3.7279946e-09
v 0.02282171097 -0.5846683775 -3.7279946e-09
v 0.03376165075 -0.5979197125 -3.7279946e-09
f 287 1533 1535
f 1533 400 1534
f 1535 1534 402
f 1533 1534 1535
f 400 1536 1538
f 1536 343 1537
f 1538 1537 401
f 1536 1537 1538
f 402 1539 1541
f 1539 401 1540
f 1541 1540 34
f 1539 1540 1541
f 400 1538 1534
f 1538 401 1539
f 1534 1539 402
f 1538 1539 1534
f 283 1542 1544
f 1542 403 1543
f 1544 1543 405
f 1542 1543 1544
f 403 1545 1547
f 1545 350 1546
f 1547 1546 404
f 1545 1546 1547
f 405 1548 1550
f 1548 404 1549
f 1550 1549 144
f 1548 1549 1550
f 403 1547 1543
f 1547 404 1548
f 1543 1548 405
f 1547 1548 1543
f 344 1551 1553
f 1551 406 1552
f 1553 1552 408
f 1551 1552 1553
f 406 1554 1556
f 1554 117 1555
f 1556 1555 407
f 1554 1555 1556
f 408 1557 1559
f 1557 407 1558
f 1559 1558 272
f 1557 1558 1559
f 406 1556 1552
f 1556 407 1557
f 1552 1557 408
f 1556 1557 1552
f 277 1560 1562
f 1560 409 1561
f 1562 1561 411
f 1560 1561 1562
f 409 1563 1565
f 1563 372 1564
f 1565 1564 410
f 1563 1564 1565
f 411 1566 1568
f 1566 410 1567
f 1568 1567 312
f 1566 1567 1568
f 409 1565 1561
f 1565 410 1566
f 1561 1566 411
f 1565 1566 1561
f 21 1569 1571
f 1569 412 1570
f 1571 1570 414
f 1569 1570 1571
f 412 1572 1574
f 1572 188 1573
f 1574 1573 413
f 1572 1573 1574
f 414 1575 1577
f 1575 413 1576
f 1577 1576 76
f 1575 1576 1577
f 412 1574 1570
f 1574 413 1575
f 1570 1575 414
f 1574 1575 1570
f 76 1578 1577
f 1578 415 1579
f 1577 1579 414
f 1578 1579 1577
f 415 1580 1582
f 1580 137 1581
f 1582 1581 416
f 1580 1581 1582
f 414 1583 1571
f 1583 416 1584
f 1571 1584 21
f 1583 1584 1571
f 415 1582 1579
f 1582 416 1583
f 1579 1583 414
f 1582 1583 1579
f 57 1585 1587
f 1585 417 1586
f 1587 1586 419
f 1585 1586 1587
f 417 1588 1590
f 1588 113 1589
f 1590 1589 418
f 1588 1589 1590
f 419 1591 1593
f 1591 418 1592
f 1593 1592 224
f 1591 1592 1593
f 417 1590 1586
f 1590 418 1591
f 1586 1591 419
f 1590 1591 1586
f 360 1594 1596
f 1594 420 1595
f 1596 1595 422
f 1594 1595 1596
f 420 1597 1599
f 1597 23 1598
f 1599 1598 421
f 1597 1598 1599
f 422 1600 1602
f 1600 421 1601
f 1602 1601 162
f 1600 1601 1602
f 420 1599 1595
f 1599 421 1600
f 1595 1600 422
f 1599 1600 1595
f 331 1603 1605
f 1603 423 1604
f 1605 1604 425
f 1603 1604 1605
f 423 1606 1608
f 1606 306 1607
f 1608 1607 424
f 1606 1607 1608
f 425 1609 1611
f 1609 424 1610
f 1611 1610 74
f 1609 1610 1611
f 423 1608 1604
f 1608 424 1609
f 1604 1609 425
f 1608 1609 1604
f 112 1612 1614
f 1612 426 1613
f 1614 1613 428
f 1612 1613 1614
f 426 1615 1617
f 1615 269 1616
f 1617 1616 427
f 1615 1616 1617
f 428 1618 1620
f 1618 427 1619
f 1620 1619 177
f 1618 1619 1620
f 426 1617 1613
f 1617 427 1618
f 1613 1618 428
f 1617 1618 1613
f 95 1621 1623
f 1621 429 1622
f 1623 1622 430
f 1621 1622 1623
f 429 1624 1625
f 1624 331 1605
f 1625 1605 425
f 1624 1605 1625
f 430 1626 1627
f 1626 425 1611
f 1627 1611 74
f 1626 1611 1627
f 429 1625 1622
f 1625 425 1626
f 1622 1626 430
f 1625 1626 1622
f 192 1628 1630
f 1628 431 1629
f 1630 1629 433
f 1628 1629 1630
f 431 1631 1633
f 1631 155 1632
f 1633 1632 432
f 1631 1632 1633
f 433 1634 1636
f 1634 432 1635
f 1636 1635 264
f 1634 1635 1636
f 431 1633 1629
f 1633 432 1634
f 1629 1634 433
f 1633 1634 1629
f 24 1637 1639
f 1637 434 1638
f 1639 1638 436
f 1637 1638 1639
f 434 1640 1642
f 1640 138 1641
f 1642 1641 435
f 1640 1641 1642
f 436 1643 1645
f 1643 435 1644
f 1645 1644 66
f 1643 1644 1645
f 434 1642 1638
f 1642 435 1643
f 1638 1643 436
f 1642 1643 1638
f 321 1646 1648
f 1646 437 1647
f 1648 1647 439
f 1646 1647 1648
f 437 1649 1651
f 1649 228 1650
f 1651 1650 438
f 1649 1650 1651
f 439 1652 1654
f 1652 438 1653
f 1654 1653 105
f 1652 1653 1654
f 437 1651 1647
f 1651 438 1652
f 1647 1652 439
f 1651 1652 1647
f 59 1655 1657
f 1655 440 1656
f 1657 1656 442
f 1655 1656 1657
f 440 1658 1660
f 1658 93 1659
f 1660 1659 441
f 1658 1659 1660
f 442 1661 1663
f 1661 441 1662
f 1663 1662 386
f 1661 1662 1663
f 440 1660 1656
f 1660 441 1661
f 1656 1661 442
f 1660 1661 1656
f 17 1664 1666
f 1664 443 1665
f 1666 1665 445
f 1664 1665 1666
f 443 1667 1669
f 1667 129 1668
f 1669 1668 444
f 1667 1668 1669
f 445 1670 1672
f 1670 444 1671
f 1672 1671 40
f 1670 1671 1672
f 443 1669 1665
f 1669 444 1670
f 1665 1670 445
f 1669 1670 1665
f 35 1673 1675
f 1673 446 1674
f 1675 1674 448
f 1673 1674 1675
f 446 1676 1678
f 1676 214 1677
f 1678 1677 447
f 1676 1677 1678
f 448 1679 1681
f 1679 447 1680
f 1681 1680 109
f 1679 1680 1681
f 446 1678 1674
f 1678 447 1679
f 1674 1679 448
f 1678 1679 1674
f 29 1682 1684
f 1682 449 1683
f 1684 1683 451
f 1682 1683 1684
f 449 1685 1687
f 1685 309 1686
f 1687 1686 450
f 1685 1686 1687
f 451 1688 1690
f 1688 450 1689
f 1690 1689 234
f 1688 1689 1690
f 449 1687 1683
f 1687 450 1688
f 1683 1688 451
f 1687 1688 1683
f 393 1691 1693
f 1691 452 1692
f 1693 1692 454
f 1691 1692 1693
f 452 1694 1696
f 1694 394 1695
f 1696 1695 453
f 1694 1695 1696
f 454 1697 1699
f 1697 453 1698
f 1699 1698 49
f 1697 1698 1699
f 452 1696 1692
f 1696 453 1697
f 1692 1697 454
f 1696 1697 1692
f 208 1700 1702
f 1700 455 1701
f 1702 1701 457
f 1700 1701 1702
f 455 1703 1705
f 1703 190 1704
f 1705 1704 456
f 1703 1704 1705
f 457 1706 1708
f 1706 456 1707
f 1708 1707 92
f 1706 1707 1708
f 455 1705 1701
f 1705 456 1706
f 1701 1706 457
f 1705 1706 1701
f 194 1709 1711
f 1709 458 1710
f 1711 1710 460
f 1709 1710 1711
f 458 1712 1714
f 1712 89 1713
f 1714 1713 459
f 1712 1713 1714
f 460 1715 1717
f 1715 459 1716
f 1717 1716 254
f 1715 1716 1717
f 458 1714 1710
f 1714 459 1715
f 1710 1715 460
f 1714 1715 1710
f 20 1718 1720
f 1718 461 1719
f 1720 1719 463
f 1718 1719 1720
f 461 1721 1723
f 1721 172 1722
f 1723 1722 462
f 1721 1722 1723
f 463 1724 1726
f 1724 462 1725
f 1726 1725 48
f 1724 1725 1726
f 461 1723 1719
f 1723 462 1724
f 1719 1724 463
f 1723 1724 1719
f 265 1727 1729
f 1727 464 1728
f 1729 1728 466
f 1727 1728 1729
f 464 1730 1732
f 1730 223 1731
f 1732 1731 465
f 1730 1731 1732
f 466 1733 1735
f 1733 465 1734
f 1735 1734 62
f 1733 1734 1735
f 464 1732 1728
f 1732 465 1733
f 1728 1733 466
f 1732 1733 1728
f 7 1736 1738
f 1736 467 1737
f 1738 1737 469
f 1736 1737 1738
f 467 1739 1741
f 1739 399 1740
f 1741 1740 468
f 1739 1740 1741
f 469 1742 1744
f 1742 468 1743
f 1744 1743 378
f 1742 1743 1744
f 467 1741 1737
f 1741 468 1742
f 1737 1742 469
f 1741 1742 1737
f 88 1745 1747
f 1745 470 1746
f 1747 1746 472
f 1745 1746 1747
f 470 1748 1750
f 1748 126 1749
f 1750 1749 471
f 1748 1749 1750
f 472 1751 1753
f 1751 471 1752
f 1753 1752 225
f 1751 1752 1753
f 470 1750 1746
f 1750 471 1751
f 1746 1751 472
f 1750 1751 1746
f 215 1754 1756
f 1754 473 1755
f 1756 1755 475
f 1754 1755 1756
f 473 1757 1759
f 1757 184 1758
f 1759 1758 474
f 1757 1758 1759
f 475 1760 1762
f 1760 474 1761
f 1762 1761 150
f 1760 1761 1762
f 473 1759 1755
f 1759 474 1760
f 1755 1760 475
f 1759 1760 1755
f 226 1763 1765
f 1763 476 1764
f 1765 1764 478
f 1763 1764 1765
f 476 1766 1768
f 1766 267 1767
f 1768 1767 477
f 1766 1767 1768
f 478 1769 1771
f 1769 477 1770
f 1771 1770 181
f 1769 1770 1771
f 476 1768 1764
f 1768 477 1769
f 1764 1769 478
f 1768 1769 1764
f 72 1772 1774
f 1772 479 1773
f 1774 1773 481
f 1772 1773 1774
f 479 1775 1777
f 1775 94 1776
f 1777 1776 480
f 1775 1776 1777
f 481 1778 1780
f 1778 480 1779
f 1780 1779 180
f 1778 1779 1780
f 479 1777 1773
f 1777 480 1778
f 1773 1778 481
f 1777 1778 1773
f 5 1781 1783
f 1781 482 1782
f 1783 1782 483
f 1781 1782 1783
f 482 1784 1785
f 1784 265 1729
f 1785 1729 466
f 1784 1729 1785
f 483 1786 1787
f 1786 466 1735
f 1787 1735 62
f 1786 1735 1787
f 482 1785 1782
f 1785 466 1786
f 1782 1786 483
f 1785 1786 1782
f 180 1788 1780
f 1788 484 1789
f 1780 1789 481
f 1788 1789 1780
f 484 1790 1792
f 1790 221 1791
f 1792 1791 485
f 1790 1791 1792
f 481 1793 1774
f 1793 485 1794
f 1774 1794 72
f 1793 1794 1774
f 484 1792 1789
f 1792 485 1793
f 1789 1793 481
f 1792 1793 1789
f 136 1795 1797
f 1795 486 1796
f 1797 1796 488
f 1795 1796 1797
f 486 1798 1800
f 1798 75 1799
f 1800 1799 487
f 1798 1799 1800
f 488 1801 1803
f 1801 487 1802
f 1803 1802 56
f 1801 1802 1803
f 486 1800 1796
f 1800 487 1801
f 1796 1801 488
f 1800 1801 1796
f 11 1804 1806
f 1804 489 1805
f 1806 1805 491
f 1804 1805 1806
f 489 1807 1809
f 1807 115 1808
f 1809 1808 490
f 1807 1808 1809
f 491 1810 1812
f 1810 490 1811
f 1812 1811 73
f 1810 1811 1812
f 489 1809 1805
f 1809 490 1810
f 1805 1810 491
f 1809 1810 1805
f 218 1813 1815
f 1813 492 1814
f 1815 1814 494
f 1813 1814 1815
f 492 1816 1818
f 1816 253 1817
f 1818 1817 493
f 1816 1817 1818
f 494 1819 1821
f 1819 493 1820
f 1821 1820 140
f 1819 1820 1821
f 492 1818 1814
f 1818 493 1819
f 1814 1819 494
f 1818 1819 1814
f 191 1822 1824
f 1822 495 1823
f 1824 1823 497
f 1822 1823 1824
f 495 1825 1827
f 1825 14 1826
f 1827 1826 496
f 1825 1826 1827
f 497 1828 1830
f 1828 496 1829
f 1830 1829 157
f 1828 1829 1830
f 495 1827 1823
f 1827 496 1828
f 1823 1828 497
f 1827 1828 1823
f 39 1831 1833
f 1831 498 1832
f 1833 1832 500
f 1831 1832 1833
f 498 1834 1836
f 1834 247 1835
f 1836 1835 499
f 1834 1835 1836
f 500 1837 1839
f 1837 499 1838
f 1839 1838 171
f 1837 1838 1839
f 498 1836 1832
f 1836 499 1837
f 1832 1837 500
f 1836 1837 1832
f 15 1840 1842
f 1840 501 1841
f 1842 1841 503
f 1840 1841 1842
f 501 1843 1845
f 1843 110 1844
f 1845 1844 502
f 1843 1844 1845
f 503 1846 1848
f 1846 502 1847
f 1848 1847 58
f 1846 1847 1848
f 501 1845 1841
f 1845 502 1846
f 1841 1846 503
f 1845 1846 1841
f 332 1849 1851
f 1849 504 1850
f 1851 1850 506
f 1849 1850 1851
f 504 1852 1854
f 1852 297 1853
f 1854 1853 505
f 1852 1853 1854
f 506 1855 1857
f 1855 505 1856
f 1857 1856 270
f 1855 1856 1857
f 504 1854 1850
f 1854 505 1855
f 1850 1855 506
f 1854 1855 1850
f 11 1858 1860
f 1858 507 1859
f 1860 1859 509
f 1858 1859 1860
f 507 1861 1863
f 1861 353 1862
f 1863 1862 508
f 1861 1862 1863
f 509 1864 1866
f 1864 508 1865
f 1866 1865 60
f 1864 1865 1866
f 507 1863 1859
f 1863 508 1864
f 1859 1864 509
f 1863 1864 1859
f 296 1867 1869
f 1867 510 1868
f 1869 1868 512
f 1867 1868 1869
f 510 1870 1872
f 1870 353 1871
f 1872 1871 511
f 1870 1871 1872
f 512 1873 1875
f 1873 511 1874
f 1875 1874 132
f 1873 1874 1875
f 510 1872 1868
f 1872 511 1873
f 1868 1873 512
f 1872 1873 1868
f 122 1876 1878
f 1876 513 1877
f 1878 1877 515
f 1876 1877 1878
f 513 1879 1881
f 1879 216 1880
f 1881 1880 514
f 1879 1880 1881
f 515 1882 1884
f 1882 514 1883
f 1884 1883 257
f 1882 1883 1884
f 513 1881 1877
f 1881 514 1882
f 1877 1882 515
f 1881 1882 1877
f 46 1885 1887
f 1885 516 1886
f 1887 1886 518
f 1885 1886 1887
f 516 1888 1890
f 1888 189 1889
f 1890 1889 517
f 1888 1889 1890
f 518 1891 1893
f 1891 517 1892
f 1893 1892 64
f 1891 1892 1893
f 516 1890 1886
f 1890 517 1891
f 1886 1891 518
f 1890 1891 1886
f 187 1894 1896
f 1894 519 1895
f 1896 1895 521
f 1894 1895 1896
f 519 1897 1899
f 1897 300 1898
f 1899 1898 520
f 1897 1898 1899
f 521 1900 1902
f 1900 520 1901
f 1902 1901 336
f 1900 1901 1902
f 519 1899 1895
f 1899 520 1900
f 1895 1900 521
f 1899 1900 1895
f 384 1903 1905
f 1903 522 1904
f 1905 1904 524
f 1903 1904 1905
f 522 1906 1908
f 1906 222 1907
f 1908 1907 523
f 1906 1907 1908
f 524 1909 1911
f 1909 523 1910
f 1911 1910 142
f 1909 1910 1911
f 522 1908 1904
f 1908 523 1909
f 1904 1909 524
f 1908 1909 1904
f 272 1912 1914
f 1912 525 1913
f 1914 1913 527
f 1912 1913 1914
f 525 1915 1917
f 1915 308 1916
f 1917 1916 526
f 1915 1916 1917
f 527 1918 1920
f 1918 526 1919
f 1920 1919 165
f 1918 1919 1920
f 525 1917 1913
f 1917 526 1918
f 1913 1918 527
f 1917 1918 1913
f 374 1921 1923
f 1921 528 1922
f 1923 1922 530
f 1921 1922 1923
f 528 1924 1926
f 1924 229 1925
f 1926 1925 529
f 1924 1925 1926
f 530 1927 1929
f 1927 529 1928
f 1929 1928 119
f 1927 1928 1929
f 528 1926 1922
f 1926 529 1927
f 1922 1927 530
f 1926 1927 1922
f 41 1930 1932
f 1930 531 1931
f 1932 1931 533
f 1930 1931 1932
f 531 1933 1935
f 1933 151 1934
f 1935 1934 532
f 1933 1934 1935
f 533 1936 1938
f 1936 532 1937
f 1938 1937 80
f 1936 1937 1938
f 531 1935 1931
f 1935 532 1936
f 1931 1936 533
f 1935 1936 1931
f 54 1939 1941
f 1939 534 1940
f 1941 1940 536
f 1939 1940 1941
f 534 1942 1944
f 1942 290 1943
f 1944 1943 535
f 1942 1943 1944
f 536 1945 1947
f 1945 535 1946
f 1947 1946 205
f 1945 1946 1947
f 534 1944 1940
f 1944 535 1945
f 1940 1945 536
f 1944 1945 1940
f 281 1948 1950
f 1948 537 1949
f 1950 1949 539
f 1948 1949 1950
f 537 1951 1953
f 1951 346 1952
f 1953 1952 538
f 1951 1952 1953
f 539 1954 1956
f 1954 538 1955
f 1956 1955 163
f 1954 1955 1956
f 537 1953 1949
f 1953 538 1954
f 1949 1954 539
f 1953 1954 1949
f 240 1957 1959
f 1957 540 1958
f 1959 1958 542
f 1957 1958 1959
f 540 1960 1962
f 1960 277 1961
f 1962 1961 541
f 1960 1961 1962
f 542 1963 1965
f 1963 541 1964
f 1965 1964 202
f 1963 1964 1965
f 540 1962 1958
f 1962 541 1963
f 1958 1963 542
f 1962 1963 1958
f 71 1966 1968
f 1966 543 1967
f 1968 1967 545
f 1966 1967 1968
f 543 1969 1971
f 1969 330 1970
f 1971 1970 544
f 1969 1970 1971
f 545 1972 1974
f 1972 544 1973
f 1974 1973 37
f 1972 1973 1974
f 543 1971 1967
f 1971 544 1972
f 1967 1972 545
f 1971 1972 1967
f 395 1975 1977
f 1975 546 1976
f 1977 1976 548
f 1975 1976 1977
f 546 1978 1980
f 1978 101 1979
f 1980 1979 547
f 1978 1979 1980
f 548 1981 1983
f 1981 547 1982
f 1983 1982 165
f 1981 1982 1983
f 546 1980 1976
f 1980 547 1981
f 1976 1981 548
f 1980 1981 1976
f 96 1984 1986
f 1984 549 1985
f 1986 1985 551
f 1984 1985 1986
f 549 1987 1989
f 1987 116 1988
f 1989 1988 550
f 1987 1988 1989
f 551 1990 1992
f 1990 550 1991
f 1992 1991 22
f 1990 1991 1992
f 549 1989 1985
f 1989 550 1990
f 1985 1990 551
f 1989 1990 1985
f 350 1993 1546
f 1993 552 1994
f 1546 1994 404
f 1993 1994 1546
f 552 1995 1997
f 1995 33 1996
f 1997 1996 553
f 1995 1996 1997
f 404 1998 1549
f 1998 553 1999
f 1549 1999 144
f 1998 1999 1549
f 552 1997 1994
f 1997 553 1998
f 1994 1998 404
f 1997 1998 1994
f 109 2000 2002
f 2000 554 2001
f 2002 2001 556
f 2000 2001 2002
f 554 2003 2005
f 2003 186 2004
f 2005 2004 555
f 2003 2004 2005
f 556 2006 2008
f 2006 555 2007
f 2008 2007 153
f 2006 2007 2008
f 554 2005 2001
f 2005 555 2006
f 2001 2006 556
f 2005 2006 2001
f 130 2009 2011
f 2009 557 2010
f 2011 2010 559
f 2009 2010 2011
f 557 2012 2014
f 2012 361 2013
f 2014 2013 558
f 2012 2013 2014
f 559 2015 2017
f 2015 558 2016
f 2017 2016 72
f 2015 2016 2017
f 557 2014 2010
f 2014 558 2015
f 2010 2015 559
f 2014 2015 2010
f 223 2018 2020
f 2018 560 2019
f 2020 2019 562
f 2018 2019 2020
f 560 2021 2023
f 2021 271 2022
f 2023 2022 561
f 2021 2022 2023
f 562 2024 2026
f 2024 561 2025
f 2026 2025 4
f 2024 2025 2026
f 560 2023 2019
f 2023 561 2024
f 2019 2024 562
f 2023 2024 2019
f 81 2027 2029
f 2027 563 2028
f 2029 2028 565
f 2027 2028 2029
f 563 2030 2032
f 2030 360 2031
f 2032 2031 564
f 2030 2031 2032
f 565 2033 2035
f 2033 564 2034
f 2035 2034 185
f 2033 2034 2035
f 563 2032 2028
f 2032 564 2033
f 2028 2033 565
f 2032 2033 2028
f 111 2036 2038
f 2036 566 2037
f 2038 2037 568
f 2036 2037 2038
f 566 2039 2041
f 2039 323 2040
f 2041 2040 567
f 2039 2040 2041
f 568 2042 2044
f 2042 567 2043
f 2044 2043 90
f 2042 2043 2044
f 566 2041 2037
f 2041 567 2042
f 2037 2042 568
f 2041 2042 2037
f 248 2045 2047
f 2045 569 2046
f 2047 2046 570
f 2045 2046 2047
f 569 2048 2049
f 2048 215 1756
f 2049 1756 475
f 2048 1756 2049
f 570 2050 2051
f 2050 475 1762
f 2051 1762 150
f 2050 1762 2051
f 569 2049 2046
f 2049 475 2050
f 2046 2050 570
f 2049 2050 2046
f 55 2052 2054
f 2052 571 2053
f 2054 2053 573
f 2052 2053 2054
f 571 2055 2057
f 2055 237 2056
f 2057 2056 572
f 2055 2056 2057
f 573 2058 2060
f 2058 572 2059
f 2060 2059 119
f 2058 2059 2060
f 571 2057 2053
f 2057 572 2058
f 2053 2058 573
f 2057 2058 2053
f 127 2061 2063
f 2061 574 2062
f 2063 2062 576
f 2061 2062 2063
f 574 2064 2066
f 2064 255 2065
f 2066 2065 575
f 2064 2065 2066
f 576 2067 2069
f 2067 575 2068
f 2069 2068 189
f 2067 2068 2069
f 574 2066 2062
f 2066 575 2067
f 2062 2067 576
f 2066 2067 2062
f 212 2070 2072
f 2070 577 2071
f 2072 2071 579
f 2070 2071 2072
f 577 2073 2075
f 2073 170 2074
f 2075 2074 578
f 2073 2074 2075
f 579 2076 2078
f 2076 578 2077
f 2078 2077 84
f 2076 2077 2078
f 577 2075 2071
f 2075 578 2076
f 2071 2076 579
f 2075 2076 2071
f 213 2079 2081
f 2079 580 2080
f 2081 2080 582
f 2079 2080 2081
f 580 2082 2084
f 2082 83 2083
f 2084 2083 581
f 2082 2083 2084
f 582 2085 2087
f 2085 581 2086
f 2087 2086 282
f 2085 2086 2087
f 580 2084 2080
f 2084 581 2085
f 2080 2085 582
f 2084 2085 2080
f 194 1711 2089
f 1711 460 2088
f 2089 2088 584
f 1711 2088 2089
f 460 1717 2091
f 1717 254 2090
f 2091 2090 583
f 1717 2090 2091
f 584 2092 2094
f 2092 583 2093
f 2094 2093 134
f 2092 2093 2094
f 460 2091 2088
f 2091 583 2092
f 2088 2092 584
f 2091 2092 2088
f 160 2095 2097
f 2095 585 2096
f 2097 2096 587
f 2095 2096 2097
f 585 2098 2100
f 2098 191 2099
f 2100 2099 586
f 2098 2099 2100
f 587 2101 2103
f 2101 586 2102
f 2103 2102 131
f 2101 2102 2103
f 585 2100 2096
f 2100 586 2101
f 2096 2101 587
f 2100 2101 2096
f 24 2104 1637
f 2104 588 2105
f 1637 2105 434
f 2104 2105 1637
f 588 2106 2108
f 2106 95 2107
f 2108 2107 589
f 2106 2107 2108
f 434 2109 1640
f 2109 589 2110
f 1640 2110 138
f 2109 2110 1640
f 588 2108 2105
f 2108 589 2109
f 2105 2109 434
f 2108 2109 2105
f 275 2111 2113
f 2111 590 2112
f 2113 2112 592
f 2111 2112 2113
f 590 2114 2116
f 2114 284 2115
f 2116 2115 591
f 2114 2115 2116
f 592 2117 2119
f 2117 591 2118
f 2119 2118 120
f 2117 2118 2119
f 590 2116 2112
f 2116 591 2117
f 2112 2117 592
f 2116 2117 2112
f 198 2120 2122
f 2120 593 2121
f 2122 2121 595
f 2120 2121 2122
f 593 2123 2125
f 2123 274 2124
f 2125 2124 594
f 2123 2124 2125
f 595 2126 2128
f 2126 594 2127
f 2128 2127 164
f 2126 2127 2128
f 593 2125 2121
f 2125 594 2126
f 2121 2126 595
f 2125 2126 2121
f 91 2129 2131
f 2129 596 2130
f 2131 2130 598
f 2129 2130 2131
f 596 2132 2134
f 2132 347 2133
f 2134 2133 597
f 2132 2133 2134
f 598 2135 2137
f 2135 597 2136
f 2137 2136 233
f 2135 2136 2137
f 596 2134 2130
f 2134 597 2135
f 2130 2135 598
f 2134 2135 2130
f 104 2138 2140
f 2138 599 2139
f 2140 2139 601
f 2138 2139 2140
f 599 2141 2143
f 2141 256 2142
f 2143 2142 600
f 2141 2142 2143
f 601 2144 2146
f 2144 600 2145
f 2146 2145 209
f 2144 2145 2146
f 599 2143 2139
f 2143 600 2144
f 2139 2144 601
f 2143 2144 2139
f 230 2147 2149
f 2147 602 2148
f 2149 2148 604
f 2147 2148 2149
f 602 2150 2152
f 2150 392 2151
f 2152 2151 603
f 2150 2151 2152
f 604 2153 2155
f 2153 603 2154
f 2155 2154 92
f 2153 2154 2155
f 602 2152 2148
f 2152 603 2153
f 2148 2153 604
f 2152 2153 2148
f 70 2156 2158
f 2156 605 2157
f 2158 2157 607
f 2156 2157 2158
f 605 2159 2161
f 2159 327 2160
f 2161 2160 606
f 2159 2160 2161
f 607 2162 2164
f 2162 606 2163
f 2164 2163 371
f 2162 2163 2164
f 605 2161 2157
f 2161 606 2162
f 2157 2162 607
f 2161 2162 2157
f 271 2165 2167
f 2165 608 2166
f 2167 2166 610
f 2165 2166 2167
f 608 2168 2170
f 2168 251 2169
f 2170 2169 609
f 2168 2169 2170
f 610 2171 2173
f 2171 609 2172
f 2173 2172 151
f 2171 2172 2173
f 608 2170 2166
f 2170 609 2171
f 2166 2171 610
f 2170 2171 2166
f 330 1969 2175
f 1969 543 2174
f 2175 2174 612
f 1969 2174 2175
f 543 1966 2177
f 1966 71 2176
f 2177 2176 611
f 1966 2176 2177
f 612 2178 2180
f 2178 611 2179
f 2180 2179 145
f 2178 2179 2180
f 543 2177 2174
f 2177 611 2178
f 2174 2178 612
f 2177 2178 2174
f 121 2181 2183
f 2181 613 2182
f 2183 2182 615
f 2181 2182 2183
f 613 2184 2186
f 2184 206 2185
f 2186 2185 614
f 2184 2185 2186
f 615 2187 2189
f 2187 614 2188
f 2189 2188 148
f 2187 2188 2189
f 613 2186 2182
f 2186 614 2187
f 2182 2187 615
f 2186 2187 2182
f 268 2190 2192
f 2190 616 2191
f 2192 2191 618
f 2190 2191 2192
f 616 2193 2195
f 2193 261 2194
f 2195 2194 617
f 2193 2194 2195
f 618 2196 2198
f 2196 617 2197
f 2198 2197 107
f 2196 2197 2198
f 616 2195 2191
f 2195 617 2196
f 2191 2196 618
f 2195 2196 2191
f 95 2199 2201
f 2199 619 2200
f 2201 2200 621
f 2199 2200 2201
f 619 2202 2204
f 2202 55 2203
f 2204 2203 620
f 2202 2203 2204
f 621 2205 2207
f 2205 620 2206
f 2207 2206 154
f 2205 2206 2207
f 619 2204 2200
f 2204 620 2205
f 2200 2205 621
f 2204 2205 2200
f 166 2208 2210
f 2208 622 2209
f 2210 2209 624
f 2208 2209 2210
f 622 2211 2213
f 2211 303 2212
f 2213 2212 623
f 2211 2212 2213
f 624 2214 2216
f 2214 623 2215
f 2216 2215 199
f 2214 2215 2216
f 622 2213 2209
f 2213 623 2214
f 2209 2214 624
f 2213 2214 2209
f 85 2217 2219
f 2217 625 2218
f 2219 2218 627
f 2217 2218 2219
f 625 2220 2222
f 2220 304 2221
f 2222 2221 626
f 2220 2221 2222
f 627 2223 2225
f 2223 626 2224
f 2225 2224 375
f 2223 2224 2225
f 625 2222 2218
f 2222 626 2223
f 2218 2223 627
f 2222 2223 2218
f 106 2226 2228
f 2226 628 2227
f 2228 2227 630
f 2226 2227 2228
f 628 2229 2231
f 2229 382 2230
f 2231 2230 629
f 2229 2230 2231
f 630 2232 2234
f 2232 629 2233
f 2234 2233 278
f 2232 2233 2234
f 628 2231 2227
f 2231 629 2232
f 2227 2232 630
f 2231 2232 2227
f 213 2235 2237
f 2235 631 2236
f 2237 2236 633
f 2235 2236 2237
f 631 2238 2240
f 2238 193 2239
f 2240 2239 632
f 2238 2239 2240
f 633 2241 2243
f 2241 632 2242
f 2243 2242 93
f 2241 2242 2243
f 631 2240 2236
f 2240 632 2241
f 2236 2241 633
f 2240 2241 2236
f 128 2244 2246
f 2244 634 2245
f 2246 2245 636
f 2244 2245 2246
f 634 2247 2249
f 2247 212 2248
f 2249 2248 635
f 2247 2248 2249
f 636 2250 2252
f 2250 635 2251
f 2252 2251 262
f 2250 2251 2252
f 634 2249 2245
f 2249 635 2250
f 2245 2250 636
f 2249 2250 2245
f 60 2253 2255
f 2253 637 2254
f 2255 2254 639
f 2253 2254 2255
f 637 2256 2258
f 2256 296 2257
f 2258 2257 638
f 2256 2257 2258
f 639 2259 2261
f 2259 638 2260
f 2261 2260 10
f 2259 2260 2261
f 637 2258 2254
f 2258 638 2259
f 2254 2259 639
f 2258 2259 2254
f 293 2262 2264
f 2262 640 2263
f 2264 2263 642
f 2262 2263 2264
f 640 2265 2267
f 2265 168 2266
f 2267 2266 641
f 2265 2266 2267
f 642 2268 2270
f 2268 641 2269
f 2270 2269 147
f 2268 2269 2270
f 640 2267 2263
f 2267 641 2268
f 2263 2268 642
f 2267 2268 2263
f 178 2271 2273
f 2271 643 2272
f 2273 2272 645
f 2271 2272 2273
f 643 2274 2276
f 2274 207 2275
f 2276 2275 644
f 2274 2275 2276
f 645 2277 2279
f 2277 644 2278
f 2279 2278 88
f 2277 2278 2279
f 643 2276 2272
f 2276 644 2277
f 2272 2277 645
f 2276 2277 2272
f 63 2280 2282
f 2280 646 2281
f 2282 2281 648
f 2280 2281 2282
f 646 2283 2285
f 2283 267 2284
f 2285 2284 647
f 2283 2284 2285
f 648 2286 2288
f 2286 647 2287
f 2288 2287 184
f 2286 2287 2288
f 646 2285 2281
f 2285 647 2286
f 2281 2286 648
f 2285 2286 2281
f 135 2289 2291
f 2289 649 2290
f 2291 2290 651
f 2289 2290 2291
f 649 2292 2294
f 2292 7 2293
f 2294 2293 650
f 2292 2293 2294
f 651 2295 2297
f 2295 650 2296
f 2297 2296 64
f 2295 2296 2297
f 649 2294 2290
f 2294 650 2295
f 2290 2295 651
f 2294 2295 2290
f 65 2298 2300
f 2298 652 2299
f 2300 2299 654
f 2298 2299 2300
f 652 2301 2303
f 2301 9 2302
f 2303 2302 653
f 2301 2302 2303
f 654 2304 2306
f 2304 653 2305
f 2306 2305 216
f 2304 2305 2306
f 652 2303 2299
f 2303 653 2304
f 2299 2304 654
f 2303 2304 2299
f 214 2307 2309
f 2307 655 2308
f 2309 2308 657
f 2307 2308 2309
f 655 2310 2312
f 2310 89 2311
f 2312 2311 656
f 2310 2311 2312
f 657 2313 2315
f 2313 656 2314
f 2315 2314 389
f 2313 2314 2315
f 655 2312 2308
f 2312 656 2313
f 2308 2313 657
f 2312 2313 2308
f 232 2316 2318
f 2316 658 2317
f 2318 2317 660
f 2316 2317 2318
f 658 2319 2321
f 2319 379 2320
f 2321 2320 659
f 2319 2320 2321
f 660 2322 2324
f 2322 659 2323
f 2324 2323 199
f 2322 2323 2324
f 658 2321 2317
f 2321 659 2322
f 2317 2322 660
f 2321 2322 2317
f 376 2325 2327
f 2325 661 2326
f 2327 2326 663
f 2325 2326 2327
f 661 2328 2330
f 2328 324 2329
f 2330 2329 662
f 2328 2329 2330
f 663 2331 2333
f 2331 662 2332
f 2333 2332 322
f 2331 2332 2333
f 661 2330 2326
f 2330 662 2331
f 2326 2331 663
f 2330 2331 2326
f 263 2334 2336
f 2334 664 2335
f 2336 2335 666
f 2334 2335 2336
f 664 2337 2339
f 2337 122 2338
f 2339 2338 665
f 2337 2338 2339
f 666 2340 2342
f 2340 665 2341
f 2342 2341 297
f 2340 2341 2342
f 664 2339 2335
f 2339 665 2340
f 2335 2340 666
f 2339 2340 2335
f 50 2343 2345
f 2343 667 2344
f 2345 2344 669
f 2343 2344 2345
f 667 2346 2348
f 2346 316 2347
f 2348 2347 668
f 2346 2347 2348
f 669 2349 2351
f 2349 668 2350
f 2351 2350 236
f 2349 2350 2351
f 667 2348 2344
f 2348 668 2349
f 2344 2349 669
f 2348 2349 2344
f 144 2352 2354
f 2352 670 2353
f 2354 2353 672
f 2352 2353 2354
f 670 2355 2357
f 2355 298 2356
f 2357 2356 671
f 2355 2356 2357
f 672 2358 2360
f 2358 671 2359
f 2360 2359 252
f 2358 2359 2360
f 670 2357 2353
f 2357 671 2358
f 2353 2358 672
f 2357 2358 2353
f 279 2361 2363
f 2361 673 2362
f 2363 2362 675
f 2361 2362 2363
f 673 2364 2366
f 2364 309 2365
f 2366 2365 674
f 2364 2365 2366
f 675 2367 2369
f 2367 674 2368
f 2369 2368 197
f 2367 2368 2369
f 673 2366 2362
f 2366 674 2367
f 2362 2367 675
f 2366 2367 2362
f 288 2370 2372
f 2370 676 2371
f 2372 2371 678
f 2370 2371 2372
f 676 2373 2375
f 2373 205 2374
f 2375 2374 677
f 2373 2374 2375
f 678 2376 2378
f 2376 677 2377
f 2378 2377 173
f 2376 2377 2378
f 676 2375 2371
f 2375 677 2376
f 2371 2376 678
f 2375 2376 2371
f 289 2379 2381
f 2379 679 2380
f 2381 2380 681
f 2379 2380 2381
f 679 2382 2384
f 2382 347 2383
f 2384 2383 680
f 2382 2383 2384
f 681 2385 2387
f 2385 680 2386
f 2387 2386 51
f 2385 2386 2387
f 679 2384 2380
f 2384 680 2385
f 2380 2385 681
f 2384 2385 2380
f 168 2388 2390
f 2388 682 2389
f 2390 2389 684
f 2388 2389 2390
f 682 2391 2393
f 2391 244 2392
f 2393 2392 683
f 2391 2392 2393
f 684 2394 2396
f 2394 683 2395
f 2396 2395 28
f 2394 2395 2396
f 682 2393 2389
f 2393 683 2394
f 2389 2394 684
f 2393 2394 2389
f 31 2397 2399
f 2397 685 2398
f 2399 2398 687
f 2397 2398 2399
f 685 2400 2402
f 2400 289 2401
f 2402 2401 686
f 2400 2401 2402
f 687 2403 2405
f 2403 686 2404
f 2405 2404 141
f 2403 2404 2405
f 685 2402 2398
f 2402 686 2403
f 2398 2403 687
f 2402 2403 2398
f 158 2406 2408
f 2406 688 2407
f 2408 2407 690
f 2406 2407 2408
f 688 2409 2411
f 2409 135 2410
f 2411 2410 689
f 2409 2410 2411
f 690 2412 2414
f 2412 689 2413
f 2414 2413 94
f 2412 2413 2414
f 688 2411 2407
f 2411 689 2412
f 2407 2412 690
f 2411 2412 2407
f 305 2415 2417
f 2415 691 2416
f 2417 2416 692
f 2415 2416 2417
f 691 2418 2419
f 2418 73 1811
f 2419 1811 490
f 2418 1811 2419
f 692 2420 2421
f 2420 490 1808
f 2421 1808 115
f 2420 1808 2421
f 691 2419 2416
f 2419 490 2420
f 2416 2420 692
f 2419 2420 2416
f 306 2422 2424
f 2422 693 2423
f 2424 2423 695
f 2422 2423 2424
f 693 2425 2427
f 2425 26 2426
f 2427 2426 694
f 2425 2426 2427
f 695 2428 2430
f 2428 694 2429
f 2430 2429 112
f 2428 2429 2430
f 693 2427 2423
f 2427 694 2428
f 2423 2428 695
f 2427 2428 2423
f 217 2431 2433
f 2431 696 2432
f 2433 2432 697
f 2431 2432 2433
f 696 2434 2435
f 2434 306 2424
f 2435 2424 695
f 2434 2424 2435
f 697 2436 2437
f 2436 695 2430
f 2437 2430 112
f 2436 2430 2437
f 696 2435 2432
f 2435 695 2436
f 2432 2436 697
f 2435 2436 2432
f 160 2438 2440
f 2438 698 2439
f 2440 2439 700
f 2438 2439 2440
f 698 2441 2443
f 2441 114 2442
f 2443 2442 699
f 2441 2442 2443
f 700 2444 2446
f 2444 699 2445
f 2446 2445 13
f 2444 2445 2446
f 698 2443 2439
f 2443 699 2444
f 2439 2444 700
f 2443 2444 2439
f 299 2447 2449
f 2447 701 2448
f 2449 2448 703
f 2447 2448 2449
f 701 2450 2452
f 2450 113 2451
f 2452 2451 702
f 2450 2451 2452
f 703 2453 2455
f 2453 702 2454
f 2455 2454 76
f 2453 2454 2455
f 701 2452 2448
f 2452 702 2453
f 2448 2453 703
f 2452 2453 2448
f 81 2456 2458
f 2456 704 2457
f 2458 2457 706
f 2456 2457 2458
f 704 2459 2461
f 2459 155 2460
f 2461 2460 705
f 2459 2460 2461
f 706 2462 2464
f 2462 705 2463
f 2464 2463 96
f 2462 2463 2464
f 704 2461 2457
f 2461 705 2462
f 2457 2462 706
f 2461 2462 2457
f 92 2465 1708
f 2465 707 2466
f 1708 2466 457
f 2465 2466 1708
f 707 2467 2469
f 2467 134 2468
f 2469 2468 708
f 2467 2468 2469
f 457 2470 1702
f 2470 708 2471
f 1702 2471 208
f 2470 2471 1702
f 707 2469 2466
f 2469 708 2470
f 2466 2470 457
f 2469 2470 2466
f 181 2472 2474
f 2472 709 2473
f 2474 2473 711
f 2472 2473 2474
f 709 2475 2477
f 2475 77 2476
f 2477 2476 710
f 2475 2476 2477
f 711 2478 2480
f 2478 710 2479
f 2480 2479 399
f 2478 2479 2480
f 709 2477 2473
f 2477 710 2478
f 2473 2478 711
f 2477 2478 2473
f 78 2481 2483
f 2481 712 2482
f 2483 2482 714
f 2481 2482 2483
f 712 2484 2486
f 2484 111 2485
f 2486 2485 713
f 2484 2485 2486
f 714 2487 2489
f 2487 713 2488
f 2489 2488 257
f 2487 2488 2489
f 712 2486 2482
f 2486 713 2487
f 2482 2487 714
f 2486 2487 2482
f 338 2490 2492
f 2490 715 2491
f 2492 2491 717
f 2490 2491 2492
f 715 2493 2495
f 2493 107 2494
f 2495 2494 716
f 2493 2494 2495
f 717 2496 2498
f 2496 716 2497
f 2498 2497 87
f 2496 2497 2498
f 715 2495 2491
f 2495 716 2496
f 2491 2496 717
f 2495 2496 2491
f 105 2499 2501
f 2499 718 2500
f 2501 2500 720
f 2499 2500 2501
f 718 2502 2504
f 2502 53 2503
f 2504 2503 719
f 2502 2503 2504
f 720 2505 2507
f 2505 719 2506
f 2507 2506 293
f 2505 2506 2507
f 718 2504 2500
f 2504 719 2505
f 2500 2505 720
f 2504 2505 2500
f 360 2508 2510
f 2508 721 2509
f 2510 2509 723
f 2508 2509 2510
f 721 2511 2513
f 2511 22 2512
f 2513 2512 722
f 2511 2512 2513
f 723 2514 2516
f 2514 722 2515
f 2516 2515 43
f 2514 2515 2516
f 721 2513 2509
f 2513 722 2514
f 2509 2514 723
f 2513 2514 2509
f 8 2517 2519
f 2517 724 2518
f 2519 2518 726
f 2517 2518 2519
f 724 2520 2522
f 2520 127 2521
f 2522 2521 725
f 2520 2521 2522
f 726 2523 2525
f 2523 725 2524
f 2525 2524 46
f 2523 2524 2525
f 724 2522 2518
f 2522 725 2523
f 2518 2523 726
f 2522 2523 2518
f 68 2526 2528
f 2526 727 2527
f 2528 2527 729
f 2526 2527 2528
f 727 2529 2531
f 2529 373 2530
f 2531 2530 728
f 2529 2530 2531
f 729 2532 2534
f 2532 728 2533
f 2534 2533 332
f 2532 2533 2534
f 727 2531 2527
f 2531 728 2532
f 2527 2532 729
f 2531 2532 2527
f 324 2328 2536
f 2328 661 2535
f 2536 2535 731
f 2328 2535 2536
f 661 2325 2538
f 2325 376 2537
f 2538 2537 730
f 2325 2537 2538
f 731 2539 2541
f 2539 730 2540
f 2541 2540 101
f 2539 2540 2541
f 661 2538 2535
f 2538 730 2539
f 2535 2539 731
f 2538 2539 2535
f 57 1587 2543
f 1587 419 2542
f 2543 2542 733
f 1587 2542 2543
f 419 1593 2545
f 1593 224 2544
f 2545 2544 732
f 1593 2544 2545
f 733 2546 2548
f 2546 732 2547
f 2548 2547 20
f 2546 2547 2548
f 419 2545 2542
f 2545 732 2546
f 2542 2546 733
f 2545 2546 2542
f 84 2549 2551
f 2549 734 2550
f 2551 2550 736
f 2549 2550 2551
f 734 2552 2554
f 2552 294 2553
f 2554 2553 735
f 2552 2553 2554
f 736 2555 2557
f 2555 735 2556
f 2557 2556 131
f 2555 2556 2557
f 734 2554 2550
f 2554 735 2555
f 2550 2555 736
f 2554 2555 2550
f 269 2558 2560
f 2558 737 2559
f 2560 2559 739
f 2558 2559 2560
f 737 2561 2563
f 2561 61 2562
f 2563 2562 738
f 2561 2562 2563
f 739 2564 2566
f 2564 738 2565
f 2566 2565 133
f 2564 2565 2566
f 737 2563 2559
f 2563 738 2564
f 2559 2564 739
f 2563 2564 2559
f 335 2567 2569
f 2567 740 2568
f 2569 2568 742
f 2567 2568 2569
f 740 2570 2572
f 2570 177 2571
f 2572 2571 741
f 2570 2571 2572
f 742 2573 2575
f 2573 741 2574
f 2575 2574 245
f 2573 2574 2575
f 740 2572 2568
f 2572 741 2573
f 2568 2573 742
f 2572 2573 2568
f 38 2576 2578
f 2576 743 2577
f 2578 2577 745
f 2576 2577 2578
f 743 2579 2581
f 2579 192 2580
f 2581 2580 744
f 2579 2580 2581
f 745 2582 2584
f 2582 744 2583
f 2584 2583 152
f 2582 2583 2584
f 743 2581 2577
f 2581 744 2582
f 2577 2582 745
f 2581 2582 2577
f 139 2585 2587
f 2585 746 2586
f 2587 2586 748
f 2585 2586 2587
f 746 2588 2590
f 2588 328 2589
f 2590 2589 747
f 2588 2589 2590
f 748 2591 2593
f 2591 747 2592
f 2593 2592 85
f 2591 2592 2593
f 746 2590 2586
f 2590 747 2591
f 2586 2591 748
f 2590 2591 2586
f 258 2594 2596
f 2594 749 2595
f 2596 2595 751
f 2594 2595 2596
f 749 2597 2599
f 2597 340 2598
f 2599 2598 750
f 2597 2598 2599
f 751 2600 2602
f 2600 750 2601
f 2602 2601 281
f 2600 2601 2602
f 749 2599 2595
f 2599 750 2600
f 2595 2600 751
f 2599 2600 2595
f 388 2603 2605
f 2603 752 2604
f 2605 2604 754
f 2603 2604 2605
f 752 2606 2608
f 2606 102 2607
f 2608 2607 753
f 2606 2607 2608
f 754 2609 2611
f 2609 753 2610
f 2611 2610 200
f 2609 2610 2611
f 752 2608 2604
f 2608 753 2609
f 2604 2609 754
f 2608 2609 2604
f 205 2612 1947
f 2612 755 2613
f 1947 2613 536
f 2612 2613 1947
f 755 2614 2616
f 2614 339 2615
f 2616 2615 756
f 2614 2615 2616
f 536 2617 1941
f 2617 756 2618
f 1941 2618 54
f 2617 2618 1941
f 755 2616 2613
f 2616 756 2617
f 2613 2617 536
f 2616 2617 2613
f 207 2619 2275
f 2619 757 2620
f 2275 2620 644
f 2619 2620 2275
f 757 2621 2622
f 2621 126 1748
f 2622 1748 470
f 2621 1748 2622
f 644 2623 2278
f 2623 470 1745
f 2278 1745 88
f 2623 1745 2278
f 757 2622 2620
f 2622 470 2623
f 2620 2623 644
f 2622 2623 2620
f 254 2624 2626
f 2624 758 2625
f 2626 2625 760
f 2624 2625 2626
f 758 2627 2629
f 2627 302 2628
f 2629 2628 759
f 2627 2628 2629
f 760 2630 2632
f 2630 759 2631
f 2632 2631 52
f 2630 2631 2632
f 758 2629 2625
f 2629 759 2630
f 2625 2630 760
f 2629 2630 2625
f 393 2633 2635
f 2633 761 2634
f 2635 2634 762
f 2633 2634 2635
f 761 2636 2637
f 2636 89 1712
f 2637 1712 458
f 2636 1712 2637
f 762 2638 2639
f 2638 458 1709
f 2639 1709 194
f 2638 1709 2639
f 761 2637 2634
f 2637 458 2638
f 2634 2638 762
f 2637 2638 2634
f 297 2640 2342
f 2640 763 2641
f 2342 2641 666
f 2640 2641 2342
f 763 2642 2644
f 2642 183 2643
f 2644 2643 764
f 2642 2643 2644
f 666 2645 2336
f 2645 764 2646
f 2336 2646 263
f 2645 2646 2336
f 763 2644 2641
f 2644 764 2645
f 2641 2645 666
f 2644 2645 2641
f 10 2647 2649
f 2647 765 2648
f 2649 2648 767
f 2647 2648 2649
f 765 2650 2652
f 2650 323 2651
f 2652 2651 766
f 2650 2651 2652
f 767 2653 2655
f 2653 766 2654
f 2655 2654 44
f 2653 2654 2655
f 765 2652 2648
f 2652 766 2653
f 2648 2653 767
f 2652 2653 2648
f 91 2656 2658
f 2656 768 2657
f 2658 2657 770
f 2656 2657 2658
f 768 2659 2661
f 2659 351 2660
f 2661 2660 769
f 2659 2660 2661
f 770 2662 2664
f 2662 769 2663
f 2664 2663 273
f 2662 2663 2664
f 768 2661 2657
f 2661 769 2662
f 2657 2662 770
f 2661 2662 2657
f 71 2665 2176
f 2665 771 2666
f 2176 2666 611
f 2665 2666 2176
f 771 2667 2669
f 2667 182 2668
f 2669 2668 772
f 2667 2668 2669
f 611 2670 2179
f 2670 772 2671
f 2179 2671 145
f 2670 2671 2179
f 771 2669 2666
f 2669 772 2670
f 2666 2670 611
f 2669 2670 2666
f 369 2672 2674
f 2672 773 2673
f 2674 2673 775
f 2672 2673 2674
f 773 2675 2677
f 2675 326 2676
f 2677 2676 774
f 2675 2676 2677
f 775 2678 2680
f 2678 774 2679
f 2680 2679 52
f 2678 2679 2680
f 773 2677 2673
f 2677 774 2678
f 2673 2678 775
f 2677 2678 2673
f 234 2681 2683
f 2681 776 2682
f 2683 2682 778
f 2681 2682 2683
f 776 2684 2686
f 2684 370 2685
f 2686 2685 777
f 2684 2685 2686
f 778 2687 2689
f 2687 777 2688
f 2689 2688 175
f 2687 2688 2689
f 776 2686 2682
f 2686 777 2687
f 2682 2687 778
f 2686 2687 2682
f 211 2690 2692
f 2690 779 2691
f 2692 2691 780
f 2690 2691 2692
f 779 2693 2694
f 2693 94 2413
f 2694 2413 689
f 2693 2413 2694
f 780 2695 2696
f 2695 689 2410
f 2696 2410 135
f 2695 2410 2696
f 779 2694 2691
f 2694 689 2695
f 2691 2695 780
f 2694 2695 2691
f 154 2697 2207
f 2697 781 2698
f 2207 2698 621
f 2697 2698 2207
f 781 2699 2700
f 2699 138 2110
f 2700 2110 589
f 2699 2110 2700
f 621 2701 2201
f 2701 589 2107
f 2201 2107 95
f 2701 2107 2201
f 781 2700 2698
f 2700 589 2701
f 2698 2701 621
f 2700 2701 2698
f 96 1986 2464
f 1986 551 2702
f 2464 2702 706
f 1986 2702 2464
f 551 1992 2704
f 1992 22 2703
f 2704 2703 782
f 1992 2703 2704
f 706 2705 2458
f 2705 782 2706
f 2458 2706 81
f 2705 2706 2458
f 551 2704 2702
f 2704 782 2705
f 2702 2705 706
f 2704 2705 2702
f 188 1572 2708
f 1572 412 2707
f 2708 2707 784
f 1572 2707 2708
f 412 1569 2710
f 1569 21 2709
f 2710 2709 783
f 1569 2709 2710
f 784 2711 2713
f 2711 783 2712
f 2713 2712 96
f 2711 2712 2713
f 412 2710 2707
f 2710 783 2711
f 2707 2711 784
f 2710 2711 2707
f 97 2714 2716
f 2714 785 2715
f 2716 2715 787
f 2714 2715 2716
f 785 2717 2719
f 2717 331 2718
f 2719 2718 786
f 2717 2718 2719
f 787 2720 2722
f 2720 786 2721
f 2722 2721 25
f 2720 2721 2722
f 785 2719 2715
f 2719 786 2720
f 2715 2720 787
f 2719 2720 2715
f 352 2723 2725
f 2723 788 2724
f 2725 2724 790
f 2723 2724 2725
f 788 2726 2728
f 2726 170 2727
f 2728 2727 789
f 2726 2727 2728
f 790 2729 2731
f 2729 789 2730
f 2731 2730 239
f 2729 2730 2731
f 788 2728 2724
f 2728 789 2729
f 2724 2729 790
f 2728 2729 2724
f 247 1834 2733
f 1834 498 2732
f 2733 2732 792
f 1834 2732 2733
f 498 1831 2735
f 1831 39 2734
f 2735 2734 791
f 1831 2734 2735
f 792 2736 2738
f 2736 791 2737
f 2738 2737 56
f 2736 2737 2738
f 498 2735 2732
f 2735 791 2736
f 2732 2736 792
f 2735 2736 2732
f 82 2739 2741
f 2739 793 2740
f 2741 2740 795
f 2739 2740 2741
f 793 2742 2744
f 2742 349 2743
f 2744 2743 794
f 2742 2743 2744
f 795 2745 2747
f 2745 794 2746
f 2747 2746 31
f 2745 2746 2747
f 793 2744 2740
f 2744 794 2745
f 2740 2745 795
f 2744 2745 2740
f 143 2748 2750
f 2748 796 2749
f 2750 2749 798
f 2748 2749 2750
f 796 2751 2753
f 2751 317 2752
f 2753 2752 797
f 2751 2752 2753
f 798 2754 2756
f 2754 797 2755
f 2756 2755 310
f 2754 2755 2756
f 796 2753 2749
f 2753 797 2754
f 2749 2754 798
f 2753 2754 2749
f 244 2757 2392
f 2757 799 2758
f 2392 2758 683
f 2757 2758 2392
f 799 2759 2761
f 2759 303 2760
f 2761 2760 800
f 2759 2760 2761
f 683 2762 2395
f 2762 800 2763
f 2395 2763 28
f 2762 2763 2395
f 799 2761 2758
f 2761 800 2762
f 2758 2762 683
f 2761 2762 2758
f 175 2764 2766
f 2764 801 2765
f 2766 2765 803
f 2764 2765 2766
f 801 2767 2769
f 2767 385 2768
f 2769 2768 802
f 2767 2768 2769
f 803 2770 2772
f 2770 802 2771
f 2772 2771 29
f 2770 2771 2772
f 801 2769 2765
f 2769 802 2770
f 2765 2770 803
f 2769 2770 2765
f 124 2773 2775
f 2773 804 2774
f 2775 2774 806
f 2773 2774 2775
f 804 2776 2778
f 2776 266 2777
f 2778 2777 805
f 2776 2777 2778
f 806 2779 2781
f 2779 805 2780
f 2781 2780 219
f 2779 2780 2781
f 804 2778 2774
f 2778 805 2779
f 2774 2779 806
f 2778 2779 2774
f 359 2782 2784
f 2782 807 2783
f 2784 2783 809
f 2782 2783 2784
f 807 2785 2787
f 2785 364 2786
f 2787 2786 808
f 2785 2786 2787
f 809 2788 2790
f 2788 808 2789
f 2790 2789 238
f 2788 2789 2790
f 807 2787 2783
f 2787 808 2788
f 2783 2788 809
f 2787 2788 2783
f 325 2791 2793
f 2791 810 2792
f 2793 2792 812
f 2791 2792 2793
f 810 2794 2796
f 2794 350 2795
f 2796 2795 811
f 2794 2795 2796
f 812 2797 2799
f 2797 811 2798
f 2799 2798 102
f 2797 2798 2799
f 810 2796 2792
f 2796 811 2797
f 2792 2797 812
f 2796 2797 2792
f 260 2800 2802
f 2800 813 2801
f 2802 2801 815
f 2800 2801 2802
f 813 2803 2805
f 2803 318 2804
f 2805 2804 814
f 2803 2804 2805
f 815 2806 2808
f 2806 814 2807
f 2808 2807 169
f 2806 2807 2808
f 813 2805 2801
f 2805 814 2806
f 2801 2806 815
f 2805 2806 2801
f 103 2809 2811
f 2809 816 2810
f 2811 2810 818
f 2809 2810 2811
f 816 2812 2814
f 2812 182 2813
f 2814 2813 817
f 2812 2813 2814
f 818 2815 2817
f 2815 817 2816
f 2817 2816 126
f 2815 2816 2817
f 816 2814 2810
f 2814 817 2815
f 2810 2815 818
f 2814 2815 2810
f 209 2818 2146
f 2818 819 2819
f 2146 2819 601
f 2818 2819 2146
f 819 2820 2822
f 2820 150 2821
f 2822 2821 820
f 2820 2821 2822
f 601 2823 2140
f 2823 820 2824
f 2140 2824 104
f 2823 2824 2140
f 819 2822 2819
f 2822 820 2823
f 2819 2823 601
f 2822 2823 2819
f 267 2825 1767
f 2825 821 2826
f 1767 2826 477
f 2825 2826 1767
f 821 2827 2829
f 2827 6 2828
f 2829 2828 822
f 2827 2828 2829
f 477 2830 1770
f 2830 822 2831
f 1770 2831 181
f 2830 2831 1770
f 821 2829 2826
f 2829 822 2830
f 2826 2830 477
f 2829 2830 2826
f 321 2832 2834
f 2832 823 2833
f 2834 2833 825
f 2832 2833 2834
f 823 2835 2837
f 2835 357 2836
f 2837 2836 824
f 2835 2836 2837
f 825 2838 2840
f 2838 824 2839
f 2840 2839 245
f 2838 2839 2840
f 823 2837 2833
f 2837 824 2838
f 2833 2838 825
f 2837 2838 2833
f 98 2841 2843
f 2841 826 2842
f 2843 2842 828
f 2841 2842 2843
f 826 2844 2846
f 2844 201 2845
f 2846 2845 827
f 2844 2845 2846
f 828 2847 2849
f 2847 827 2848
f 2849 2848 171
f 2847 2848 2849
f 826 2846 2842
f 2846 827 2847
f 2842 2847 828
f 2846 2847 2842
f 236 2850 2852
f 2850 829 2851
f 2852 2851 831
f 2850 2851 2852
f 829 2853 2855
f 2853 174 2854
f 2855 2854 830
f 2853 2854 2855
f 831 2856 2858
f 2856 830 2857
f 2858 2857 106
f 2856 2857 2858
f 829 2855 2851
f 2855 830 2856
f 2851 2856 831
f 2855 2856 2851
f 58 2859 2861
f 2859 832 2860
f 2861 2860 833
f 2859 2860 2861
f 832 2862 2863
f 2862 157 1829
f 2863 1829 496
f 2862 1829 2863
f 833 2864 2865
f 2864 496 1826
f 2865 1826 14
f 2864 1826 2865
f 832 2863 2860
f 2863 496 2864
f 2860 2864 833
f 2863 2864 2860
f 131 2102 2867
f 2102 586 2866
f 2867 2866 835
f 2102 2866 2867
f 586 2099 2869
f 2099 191 2868
f 2869 2868 834
f 2099 2868 2869
f 835 2870 2872
f 2870 834 2871
f 2872 2871 262
f 2870 2871 2872
f 586 2869 2866
f 2869 834 2870
f 2866 2870 835
f 2869 2870 2866
f 161 2873 2875
f 2873 836 2874
f 2875 2874 838
f 2873 2874 2875
f 836 2876 2878
f 2876 338 2877
f 2878 2877 837
f 2876 2877 2878
f 838 2879 2881
f 2879 837 2880
f 2881 2880 129
f 2879 2880 2881
f 836 2878 2874
f 2878 837 2879
f 2874 2879 838
f 2878 2879 2874
f 138 2699 2883
f 2699 781 2882
f 2883 2882 840
f 2699 2882 2883
f 781 2697 2885
f 2697 154 2884
f 2885 2884 839
f 2697 2884 2885
f 840 2886 2888
f 2886 839 2887
f 2888 2887 108
f 2886 2887 2888
f 781 2885 2882
f 2885 839 2886
f 2882 2886 840
f 2885 2886 2882
f 391 2889 2891
f 2889 841 2890
f 2891 2890 843
f 2889 2890 2891
f 841 2892 2894
f 2892 250 2893
f 2894 2893 842
f 2892 2893 2894
f 843 2895 2897
f 2895 842 2896
f 2897 2896 16
f 2895 2896 2897
f 841 2894 2890
f 2894 842 2895
f 2890 2895 843
f 2894 2895 2890
f 87 2898 2498
f 2898 844 2899
f 2498 2899 717
f 2898 2899 2498
f 844 2900 2902
f 2900 153 2901
f 2902 2901 845
f 2900 2901 2902
f 717 2903 2492
f 2903 845 2904
f 2492 2904 338
f 2903 2904 2492
f 844 2902 2899
f 2902 845 2903
f 2899 2903 717
f 2902 2903 2899
f 47 2905 2907
f 2905 846 2906
f 2907 2906 848
f 2905 2906 2907
f 846 2908 2910
f 2908 230 2909
f 2910 2909 847
f 2908 2909 2910
f 848 2911 2913
f 2911 847 2912
f 2913 2912 15
f 2911 2912 2913
f 846 2910 2906
f 2910 847 2911
f 2906 2911 848
f 2910 2911 2906
f 110 2914 2916
f 2914 849 2915
f 2916 2915 851
f 2914 2915 2916
f 849 2917 2919
f 2917 128 2918
f 2919 2918 850
f 2917 2918 2919
f 851 2920 2922
f 2920 850 2921
f 2922 2921 157
f 2920 2921 2922
f 849 2919 2915
f 2919 850 2920
f 2915 2920 851
f 2919 2920 2915
f 149 2923 2925
f 2923 852 2924
f 2925 2924 853
f 2923 2924 2925
f 852 2926 2927
f 2926 111 2038
f 2927 2038 568
f 2926 2038 2927
f 853 2928 2929
f 2928 568 2044
f 2929 2044 90
f 2928 2044 2929
f 852 2927 2924
f 2927 568 2928
f 2924 2928 853
f 2927 2928 2924
f 51 2930 2932
f 2930 854 2931
f 2932 2931 856
f 2930 2931 2932
f 854 2933 2935
f 2933 256 2934
f 2935 2934 855
f 2933 2934 2935
f 856 2936 2938
f 2936 855 2937
f 2938 2937 130
f 2936 2937 2938
f 854 2935 2931
f 2935 855 2936
f 2931 2936 856
f 2935 2936 2931
f 48 2939 2941
f 2939 857 2940
f 2941 2940 859
f 2939 2940 2941
f 857 2942 2944
f 2942 377 2943
f 2944 2943 858
f 2942 2943 2944
f 859 2945 2947
f 2945 858 2946
f 2947 2946 19
f 2945 2946 2947
f 857 2944 2940
f 2944 858 2945
f 2940 2945 859
f 2944 2945 2940
f 83 2948 2950
f 2948 860 2949
f 2950 2949 862
f 2948 2949 2950
f 860 2951 2953
f 2951 377 2952
f 2953 2952 861
f 2951 2952 2953
f 862 2954 2956
f 2954 861 2955
f 2956 2955 172
f 2954 2955 2956
f 860 2953 2949
f 2953 861 2954
f 2949 2954 862
f 2953 2954 2949
f 112 2429 2958
f 2429 694 2957
f 2958 2957 864
f 2429 2957 2958
f 694 2426 2960
f 2426 26 2959
f 2960 2959 863
f 2426 2959 2960
f 864 2961 2963
f 2961 863 2962
f 2963 2962 1
f 2961 2962 2963
f 694 2960 2957
f 2960 863 2961
f 2957 2961 864
f 2960 2961 2957
f 217 2964 2966
f 2964 865 2965
f 2966 2965 867
f 2964 2965 2966
f 865 2967 2969
f 2967 237 2968
f 2969 2968 866
f 2967 2968 2969
f 867 2970 2972
f 2970 866 2971
f 2972 2971 74
f 2970 2971 2972
f 865 2969 2965
f 2969 866 2970
f 2965 2970 867
f 2969 2970 2965
f 113 1588 2974
f 1588 417 2973
f 2974 2973 869
f 1588 2973 2974
f 417 1585 2976
f 1585 57 2975
f 2976 2975 868
f 1585 2975 2976
f 869 2977 2979
f 2977 868 2978
f 2979 2978 137
f 2977 2978 2979
f 417 2976 2973
f 2976 868 2977
f 2973 2977 869
f 2976 2977 2973
f 95 1623 2199
f 1623 430 2980
f 2199 2980 619
f 1623 2980 2199
f 430 1627 2982
f 1627 74 2981
f 2982 2981 870
f 1627 2981 2982
f 619 2983 2202
f 2983 870 2984
f 2202 2984 55
f 2983 2984 2202
f 430 2982 2980
f 2982 870 2983
f 2980 2983 619
f 2982 2983 2980
f 114 2985 2987
f 2985 871 2986
f 2987 2986 872
f 2985 2986 2987
f 871 2988 2989
f 2988 75 1798
f 2989 1798 486
f 2988 1798 2989
f 872 2990 2991
f 2990 486 1795
f 2991 1795 136
f 2990 1795 2991
f 871 2989 2986
f 2989 486 2990
f 2986 2990 872
f 2989 2990 2986
f 116 1987 2993
f 1987 549 2992
f 2993 2992 873
f 1987 2992 2993
f 549 1984 2994
f 1984 96 2712
f 2994 2712 783
f 1984 2712 2994
f 873 2995 2996
f 2995 783 2709
f 2996 2709 21
f 2995 2709 2996
f 549 2994 2992
f 2994 783 2995
f 2992 2995 873
f 2994 2995 2992
f 362 2997 2999
f 2997 874 2998
f 2999 2998 876
f 2997 2998 2999
f 874 3000 3002
f 3000 363 3001
f 3002 3001 875
f 3000 3001 3002
f 876 3003 3005
f 3003 875 3004
f 3005 3004 197
f 3003 3004 3005
f 874 3002 2998
f 3002 875 3003
f 2998 3003 876
f 3002 3003 2998
f 345 3006 3008
f 3006 877 3007
f 3008 3007 879
f 3006 3007 3008
f 877 3009 3011
f 3009 367 3010
f 3011 3010 878
f 3009 3010 3011
f 879 3012 3014
f 3012 878 3013
f 3014 3013 272
f 3012 3013 3014
f 877 3011 3007
f 3011 878 3012
f 3007 3012 879
f 3011 3012 3007
f 240 3015 3017
f 3015 880 3016
f 3017 3016 882
f 3015 3016 3017
f 880 3018 3020
f 3018 37 3019
f 3020 3019 881
f 3018 3019 3020
f 882 3021 3023
f 3021 881 3022
f 3023 3022 273
f 3021 3022 3023
f 880 3020 3016
f 3020 881 3021
f 3016 3021 882
f 3020 3021 3016
f 28 3024 3026
f 3024 883 3025
f 3026 3025 885
f 3024 3025 3026
f 883 3027 3029
f 3027 356 3028
f 3029 3028 884
f 3027 3028 3029
f 885 3030 3032
f 3030 884 3031
f 3032 3031 203
f 3030 3031 3032
f 883 3029 3025
f 3029 884 3030
f 3025 3030 885
f 3029 3030 3025
f 30 3033 3035
f 3033 886 3034
f 3035 3034 888
f 3033 3034 3035
f 886 3036 3038
f 3036 354 3037
f 3038 3037 887
f 3036 3037 3038
f 888 3039 3041
f 3039 887 3040
f 3041 3040 139
f 3039 3040 3041
f 886 3038 3034
f 3038 887 3039
f 3034 3039 888
f 3038 3039 3034
f 278 3042 2234
f 3042 889 3043
f 2234 3043 630
f 3042 3043 2234
f 889 3044 3046
f 3044 50 3045
f 3046 3045 890
f 3044 3045 3046
f 630 3047 2228
f 3047 890 3048
f 2228 3048 106
f 3047 3048 2228
f 889 3046 3043
f 3046 890 3047
f 3043 3047 630
f 3046 3047 3043
f 239 3049 3051
f 3049 891 3050
f 3051 3050 893
f 3049 3050 3051
f 891 3052 3054
f 3052 275 3053
f 3054 3053 892
f 3052 3053 3054
f 893 3055 3057
f 3055 892 3056
f 3057 3056 320
f 3055 3056 3057
f 891 3054 3050
f 3054 892 3055
f 3050 3055 893
f 3054 3055 3050
f 148 3058 2189
f 3058 894 3059
f 2189 3059 615
f 3058 3059 2189
f 894 3060 3062
f 3060 238 3061
f 3062 3061 895
f 3060 3061 3062
f 615 3063 2183
f 3063 895 3064
f 2183 3064 121
f 3063 3064 2183
f 894 3062 3059
f 3062 895 3063
f 3059 3063 615
f 3062 3063 3059
f 156 3065 3067
f 3065 896 3066
f 3067 3066 898
f 3065 3066 3067
f 896 3068 3070
f 3068 227 3069
f 3070 3069 897
f 3068 3069 3070
f 898 3071 3073
f 3071 897 3072
f 3073 3072 127
f 3071 3072 3073
f 896 3070 3066
f 3070 897 3071
f 3066 3071 898
f 3070 3071 3066
f 123 3074 3076
f 3074 899 3075
f 3076 3075 901
f 3074 3075 3076
f 899 3077 3079
f 3077 329 3078
f 3079 3078 900
f 3077 3078 3079
f 901 3080 3082
f 3080 900 3081
f 3082 3081 71
f 3080 3081 3082
f 899 3079 3075
f 3079 900 3080
f 3075 3080 901
f 3079 3080 3075
f 291 3083 3085
f 3083 902 3084
f 3085 3084 904
f 3083 3084 3085
f 902 3086 3088
f 3086 317 3087
f 3088 3087 903
f 3086 3087 3088
f 904 3089 3091
f 3089 903 3090
f 3091 3090 100
f 3089 3090 3091
f 902 3088 3084
f 3088 903 3089
f 3084 3089 904
f 3088 3089 3084
f 299 3092 3094
f 3092 905 3093
f 3094 3093 907
f 3092 3093 3094
f 905 3095 3097
f 3095 152 3096
f 3097 3096 906
f 3095 3096 3097
f 907 3098 3100
f 3098 906 3099
f 3100 3099 124
f 3098 3099 3100
f 905 3097 3093
f 3097 906 3098
f 3093 3098 907
f 3097 3098 3093
f 249 3101 3103
f 3101 908 3102
f 3103 3102 909
f 3101 3102 3103
f 908 3104 3105
f 3104 124 2775
f 3105 2775 806
f 3104 2775 3105
f 909 3106 3107
f 3106 806 2781
f 3107 2781 219
f 3106 2781 3107
f 908 3105 3102
f 3105 806 3106
f 3102 3106 909
f 3105 3106 3102
f 45 3108 3110
f 3108 910 3109
f 3110 3109 912
f 3108 3109 3110
f 910 3111 3113
f 3111 215 3112
f 3113 3112 911
f 3111 3112 3113
f 912 3114 3116
f 3114 911 3115
f 3116 3115 5
f 3114 3115 3116
f 910 3113 3109
f 3113 911 3114
f 3109 3114 912
f 3113 3114 3109
f 251 3117 3119
f 3117 913 3118
f 3119 3118 914
f 3117 3118 3119
f 913 3120 3121
f 3120 178 2273
f 3121 2273 645
f 3120 2273 3121
f 914 3122 3123
f 3122 645 2279
f 3123 2279 88
f 3122 2279 3123
f 913 3121 3118
f 3121 645 3122
f 3118 3122 914
f 3121 3122 3118
f 32 3124 3126
f 3124 915 3125
f 3126 3125 917
f 3124 3125 3126
f 915 3127 3129
f 3127 355 3128
f 3129 3128 916
f 3127 3128 3129
f 917 3130 3132
f 3130 916 3131
f 3132 3131 301
f 3130 3131 3132
f 915 3129 3125
f 3129 916 3130
f 3125 3130 917
f 3129 3130 3125
f 127 2520 3073
f 2520 724 3133
f 3073 3133 898
f 2520 3133 3073
f 724 2517 3135
f 2517 8 3134
f 3135 3134 918
f 2517 3134 3135
f 898 3136 3067
f 3136 918 3137
f 3067 3137 156
f 3136 3137 3067
f 724 3135 3133
f 3135 918 3136
f 3133 3136 898
f 3135 3136 3133
f 295 3138 3140
f 3138 919 3139
f 3140 3139 921
f 3138 3139 3140
f 919 3141 3143
f 3141 337 3142
f 3143 3142 920
f 3141 3142 3143
f 921 3144 3146
f 3144 920 3145
f 3146 3145 99
f 3144 3145 3146
f 919 3143 3139
f 3143 920 3144
f 3139 3144 921
f 3143 3144 3139
f 54 3147 3149
f 3147 922 3148
f 3149 3148 924
f 3147 3148 3149
f 922 3150 3152
f 3150 261 3151
f 3152 3151 923
f 3150 3151 3152
f 924 3153 3155
f 3153 923 3154
f 3155 3154 193
f 3153 3154 3155
f 922 3152 3148
f 3152 923 3153
f 3148 3153 924
f 3152 3153 3148
f 18 3156 3158
f 3156 925 3157
f 3158 3157 927
f 3156 3157 3158
f 925 3159 3161
f 3159 386 3160
f 3161 3160 926
f 3159 3160 3161
f 927 3162 3164
f 3162 926 3163
f 3164 3163 42
f 3162 3163 3164
f 925 3161 3157
f 3161 926 3162
f 3157 3162 927
f 3161 3162 3157
f 110 3165 2914
f 3165 928 3166
f 2914 3166 849
f 3165 3166 2914
f 928 3167 3169
f 3167 190 3168
f 3169 3168 929
f 3167 3168 3169
f 849 3170 2917
f 3170 929 3171
f 2917 3171 128
f 3170 3171 2917
f 928 3169 3166
f 3169 929 3170
f 3166 3170 849
f 3169 3170 3166
f 262 3172 2252
f 3172 930 3173
f 2252 3173 636
f 3172 3173 2252
f 930 3174 3175
f 3174 157 2921
f 3175 2921 850
f 3174 2921 3175
f 636 3176 2246
f 3176 850 2918
f 2246 2918 128
f 3176 2918 2246
f 930 3175 3173
f 3175 850 3176
f 3173 3176 636
f 3175 3176 3173
f 231 3177 3179
f 3177 931 3178
f 3179 3178 933
f 3177 3178 3179
f 931 3180 3182
f 3180 391 3181
f 3182 3181 932
f 3180 3181 3182
f 933 3183 3185
f 3183 932 3184
f 3185 3184 40
f 3183 3184 3185
f 931 3182 3178
f 3182 932 3183
f 3178 3183 933
f 3182 3183 3178
f 130 2011 3187
f 2011 559 3186
f 3187 3186 934
f 2011 3186 3187
f 559 2017 3188
f 2017 72 1794
f 3188 1794 485
f 2017 1794 3188
f 934 3189 3190
f 3189 485 1791
f 3190 1791 221
f 3189 1791 3190
f 559 3188 3186
f 3188 485 3189
f 3186 3189 934
f 3188 3189 3186
f 256 3191 2934
f 3191 935 3192
f 2934 3192 855
f 3191 3192 2934
f 935 3193 3195
f 3193 226 3194
f 3195 3194 936
f 3193 3194 3195
f 855 3196 2937
f 3196 936 3197
f 2937 3197 130
f 3196 3197 2937
f 935 3195 3192
f 3195 936 3196
f 3192 3196 855
f 3195 3196 3192
f 114 2441 2985
f 2441 698 3198
f 2985 3198 871
f 2441 3198 2985
f 698 2438 3200
f 2438 160 3199
f 3200 3199 937
f 2438 3199 3200
f 871 3201 2988
f 3201 937 3202
f 2988 3202 75
f 3201 3202 2988
f 698 3200 3198
f 3200 937 3201
f 3198 3201 871
f 3200 3201 3198
f 131 2867 2557
f 2867 835 3203
f 2557 3203 736
f 2867 3203 2557
f 835 2872 3205
f 2872 262 3204
f 3205 3204 938
f 2872 3204 3205
f 736 3206 2551
f 3206 938 3207
f 2551 3207 84
f 3206 3207 2551
f 835 3205 3203
f 3205 938 3206
f 3203 3206 736
f 3205 3206 3203
f 108 3208 3210
f 3208 939 3209
f 3210 3209 941
f 3208 3209 3210
f 939 3211 3213
f 3211 220 3212
f 3213 3212 940
f 3211 3212 3213
f 941 3214 3216
f 3214 940 3215
f 3216 3215 185
f 3214 3215 3216
f 939 3213 3209
f 3213 940 3214
f 3209 3214 941
f 3213 3214 3209
f 304 3217 3219
f 3217 942 3218
f 3219 3218 943
f 3217 3218 3219
f 942 3220 3221
f 3220 192 1630
f 3221 1630 433
f 3220 1630 3221
f 943 3222 3223
f 3222 433 1636
f 3223 1636 264
f 3222 1636 3223
f 942 3221 3218
f 3221 433 3222
f 3218 3222 943
f 3221 3222 3218
f 73 3224 3226
f 3224 944 3225
f 3226 3225 946
f 3224 3225 3226
f 944 3227 3229
f 3227 218 3228
f 3229 3228 945
f 3227 3228 3229
f 946 3230 3232
f 3230 945 3231
f 3232 3231 132
f 3230 3231 3232
f 944 3229 3225
f 3229 945 3230
f 3225 3230 946
f 3229 3230 3225
f 245 2574 3234
f 2574 741 3233
f 3234 3233 948
f 2574 3233 3234
f 741 2571 3236
f 2571 177 3235
f 3236 3235 947
f 2571 3235 3236
f 948 3237 3239
f 3237 947 3238
f 3239 3238 133
f 3237 3238 3239
f 741 3236 3233
f 3236 947 3237
f 3233 3237 948
f 3236 3237 3233
f 134 2467 3241
f 2467 707 3240
f 3241 3240 950
f 2467 3240 3241
f 707 2465 3243
f 2465 92 3242
f 3243 3242 949
f 2465 3242 3243
f 950 3244 3246
f 3244 949 3245
f 3246 3245 358
f 3244 3245 3246
f 707 3243 3240
f 3243 949 3244
f 3240 3244 950
f 3243 3244 3240
f 141 3247 3249
f 3247 951 3248
f 3249 3248 952
f 3247 3248 3249
f 951 3250 3251
f 3250 295 3140
f 3251 3140 921
f 3250 3140 3251
f 952 3252 3253
f 3252 921 3146
f 3253 3146 99
f 3252 3146 3253
f 951 3251 3248
f 3251 921 3252
f 3248 3252 952
f 3251 3252 3248
f 64 1892 2297
f 1892 517 3254
f 2297 3254 651
f 1892 3254 2297
f 517 1889 3256
f 1889 189 3255
f 3256 3255 953
f 1889 3255 3256
f 651 3257 2291
f 3257 953 3258
f 2291 3258 135
f 3257 3258 2291
f 517 3256 3254
f 3256 953 3257
f 3254 3257 651
f 3256 3257 3254
f 23 1597 3260
f 1597 420 3259
f 3260 3259 954
f 1597 3259 3260
f 420 1594 3261
f 1594 360 2510
f 3261 2510 723
f 1594 2510 3261
f 954 3262 3263
f 3262 723 2516
f 3263 2516 43
f 3262 2516 3263
f 420 3261 3259
f 3261 723 3262
f 3259 3262 954
f 3261 3262 3259
f 137 1580 2979
f 1580 415 3264
f 2979 3264 869
f 1580 3264 2979
f 415 1578 3265
f 1578 76 2454
f 3265 2454 702
f 1578 2454 3265
f 869 3266 2974
f 3266 702 2451
f 2974 2451 113
f 3266 2451 2974
f 415 3265 3264
f 3265 702 3266
f 3264 3266 869
f 3265 3266 3264
f 162 3267 3269
f 3267 955 3268
f 3269 3268 956
f 3267 3268 3269
f 955 3270 3271
f 3270 138 2883
f 3271 2883 840
f 3270 2883 3271
f 956 3272 3273
f 3272 840 2888
f 3273 2888 108
f 3272 2888 3273
f 955 3271 3268
f 3271 840 3272
f 3268 3272 956
f 3271 3272 3268
f 79 3274 3276
f 3274 957 3275
f 3276 3275 959
f 3274 3275 3276
f 957 3277 3279
f 3277 161 3278
f 3279 3278 958
f 3277 3278 3279
f 959 3280 3282
f 3280 958 3281
f 3282 3281 17
f 3280 3281 3282
f 957 3279 3275
f 3279 958 3280
f 3275 3280 959
f 3279 3280 3275
f 16 2896 3284
f 2896 842 3283
f 3284 3283 961
f 2896 3283 3284
f 842 2893 3286
f 2893 250 3285
f 3286 3285 960
f 2893 3285 3286
f 961 3287 3289
f 3287 960 3288
f 3289 3288 389
f 3287 3288 3289
f 842 3286 3283
f 3286 960 3287
f 3283 3287 961
f 3286 3287 3283
f 311 3290 3292
f 3290 962 3291
f 3292 3291 964
f 3290 3291 3292
f 962 3293 3295
f 3293 196 3294
f 3295 3294 963
f 3293 3294 3295
f 964 3296 3298
f 3296 963 3297
f 3298 3297 139
f 3296 3297 3298
f 962 3295 3291
f 3295 963 3296
f 3291 3296 964
f 3295 3296 3291
f 119 1928 2060
f 1928 529 3299
f 2060 3299 573
f 1928 3299 2060
f 529 1925 3301
f 1925 229 3300
f 3301 3300 965
f 1925 3300 3301
f 573 3302 2054
f 3302 965 3303
f 2054 3303 55
f 3302 3303 2054
f 529 3301 3299
f 3301 965 3302
f 3299 3302 573
f 3301 3302 3299
f 120 3304 3306
f 3304 966 3305
f 3306 3305 967
f 3304 3305 3306
f 966 3307 3308
f 3307 278 2233
f 3308 2233 629
f 3307 2233 3308
f 967 3309 3310
f 3309 629 2230
f 3310 2230 382
f 3309 2230 3310
f 966 3308 3305
f 3308 629 3309
f 3305 3309 967
f 3308 3309 3305
f 141 3249 2405
f 3249 952 3311
f 2405 3311 687
f 3249 3311 2405
f 952 3253 3313
f 3253 99 3312
f 3313 3312 968
f 3253 3312 3313
f 687 3314 2399
f 3314 968 3315
f 2399 3315 31
f 3314 3315 2399
f 952 3313 3311
f 3313 968 3314
f 3311 3314 687
f 3313 3314 3311
f 289 3316 2401
f 3316 969 3317
f 2401 3317 686
f 3316 3317 2401
f 969 3318 3320
f 3318 221 3319
f 3320 3319 970
f 3318 3319 3320
f 686 3321 2404
f 3321 970 3322
f 2404 3322 141
f 3321 3322 2404
f 969 3320 3317
f 3320 970 3321
f 3317 3321 686
f 3320 3321 3317
f 348 3323 3325
f 3323 971 3324
f 3325 3324 973
f 3323 3324 3325
f 971 3326 3328
f 3326 365 3327
f 3328 3327 972
f 3326 3327 3328
f 973 3329 3331
f 3329 972 3330
f 3331 3330 202
f 3329 3330 3331
f 971 3328 3324
f 3328 972 3329
f 3324 3329 973
f 3328 3329 3324
f 167 3332 3334
f 3332 974 3333
f 3334 3333 976
f 3332 3333 3334
f 974 3335 3337
f 3335 313 3336
f 3337 3336 975
f 3335 3336 3337
f 976 3338 3340
f 3338 975 3339
f 3340 3339 284
f 3338 3339 3340
f 974 3337 3333
f 3337 975 3338
f 3333 3338 976
f 3337 3338 3333
f 281 3341 3343
f 3341 977 3342
f 3343 3342 979
f 3341 3342 3343
f 977 3344 3346
f 3344 241 3345
f 3346 3345 978
f 3344 3345 3346
f 979 3347 3349
f 3347 978 3348
f 3349 3348 27
f 3347 3348 3349
f 977 3346 3342
f 3346 978 3347
f 3342 3347 979
f 3346 3347 3342
f 232 3350 3352
f 3350 980 3351
f 3352 3351 982
f 3350 3351 3352
f 980 3353 3355
f 3353 380 3354
f 3355 3354 981
f 3353 3354 3355
f 982 3356 3358
f 3356 981 3357
f 3358 3357 67
f 3356 3357 3358
f 980 3355 3351
f 3355 981 3356
f 3351 3356 982
f 3355 3356 3351
f 33 3359 3361
f 3359 983 3360
f 3361 3360 985
f 3359 3360 3361
f 983 3362 3364
f 3362 170 3363
f 3364 3363 984
f 3362 3363 3364
f 985 3365 3367
f 3365 984 3366
f 3367 3366 298
f 3365 3366 3367
f 983 3364 3360
f 3364 984 3365
f 3360 3365 985
f 3364 3365 3360
f 369 3368 3370
f 3368 986 3369
f 3370 3369 988
f 3368 3369 3370
f 986 3371 3373
f 3371 121 3372
f 3373 3372 987
f 3371 3372 3373
f 988 3374 3376
f 3374 987 3375
f 3376 3375 283
f 3374 3375 3376
f 986 3373 3369
f 3373 987 3374
f 3369 3374 988
f 3373 3374 3369
f 71 1968 3082
f 1968 545 3377
f 3082 3377 901
f 1968 3377 3082
f 545 1974 3379
f 1974 37 3378
f 3379 3378 989
f 1974 3378 3379
f 901 3380 3076
f 3380 989 3381
f 3076 3381 123
f 3380 3381 3076
f 545 3379 3377
f 3379 989 3380
f 3377 3380 901
f 3379 3380 3377
f 355 3382 3384
f 3382 990 3383
f 3384 3383 992
f 3382 3383 3384
f 990 3385 3387
f 3385 145 3386
f 3387 3386 991
f 3385 3386 3387
f 992 3388 3390
f 3388 991 3389
f 3390 3389 103
f 3388 3389 3390
f 990 3387 3383
f 3387 991 3388
f 3383 3388 992
f 3387 3388 3383
f 193 2238 3392
f 2238 631 3391
f 3392 3391 994
f 2238 3391 3392
f 631 2235 3394
f 2235 213 3393
f 3394 3393 993
f 2235 3393 3394
f 994 3395 3397
f 3395 993 3396
f 3397 3396 146
f 3395 3396 3397
f 631 3394 3391
f 3394 993 3395
f 3391 3395 994
f 3394 3395 3391
f 370 3398 3400
f 3398 995 3399
f 3400 3399 997
f 3398 3399 3400
f 995 3401 3403
f 3401 290 3402
f 3403 3402 996
f 3401 3402 3403
f 997 3404 3406
f 3404 996 3405
f 3406 3405 146
f 3404 3405 3406
f 995 3403 3399
f 3403 996 3404
f 3399 3404 997
f 3403 3404 3399
f 293 3407 2507
f 3407 998 3408
f 2507 3408 720
f 3407 3408 2507
f 998 3409 3410
f 3409 321 1648
f 3410 1648 439
f 3409 1648 3410
f 720 3411 2501
f 3411 439 1654
f 2501 1654 105
f 3411 1654 2501
f 998 3410 3408
f 3410 439 3411
f 3408 3411 720
f 3410 3411 3408
f 28 3412 2396
f 3412 999 3413
f 2396 3413 684
f 3412 3413 2396
f 999 3414 3415
f 3414 147 2269
f 3415 2269 641
f 3414 2269 3415
f 684 3416 2390
f 3416 641 2266
f 2390 2266 168
f 3416 2266 2390
f 999 3415 3413
f 3415 641 3416
f 3413 3416 684
f 3415 3416 3413
f 148 3417 3058
f 3417 1000 3418
f 3058 3418 894
f 3417 3418 3058
f 1000 3419 3420
f 3419 359 2784
f 3420 2784 809
f 3419 2784 3420
f 894 3421 3060
f 3421 809 2790
f 3060 2790 238
f 3421 2790 3060
f 1000 3420 3418
f 3420 809 3421
f 3418 3421 894
f 3420 3421 3418
f 259 3422 3424
f 3422 1001 3423
f 3424 3423 1003
f 3422 3423 3424
f 1001 3425 3427
f 3425 327 3426
f 3427 3426 1002
f 3425 3426 3427
f 1003 3428 3430
f 3428 1002 3429
f 3430 3429 148
f 3428 3429 3430
f 1001 3427 3423
f 3427 1002 3428
f 3423 3428 1003
f 3427 3428 3423
f 210 3431 3433
f 3431 1004 3432
f 3433 3432 1006
f 3431 3432 3433
f 1004 3434 3436
f 3434 270 3435
f 3436 3435 1005
f 3434 3435 3436
f 1006 3437 3439
f 3437 1005 3438
f 3439 3438 149
f 3437 3438 3439
f 1004 3436 3432
f 3436 1005 3437
f 3432 3437 1006
f 3436 3437 3432
f 111 3440 2485
f 3440 1007 3441
f 2485 3441 713
f 3440 3441 2485
f 1007 3442 3443
f 3442 122 1878
f 3443 1878 515
f 3442 1878 3443
f 713 3444 2488
f 3444 515 1884
f 2488 1884 257
f 3444 1884 2488
f 1007 3443 3441
f 3443 515 3444
f 3441 3444 713
f 3443 3444 3441
f 32 3445 3447
f 3445 1008 3446
f 3447 3446 1009
f 3445 3446 3447
f 1008 3448 3449
f 3448 248 2047
f 3449 2047 570
f 3448 2047 3449
f 1009 3450 3451
f 3450 570 2051
f 3451 2051 150
f 3450 2051 3451
f 1008 3449 3446
f 3449 570 3450
f 3446 3450 1009
f 3449 3450 3446
f 251 2168 3117
f 2168 608 3452
f 3117 3452 913
f 2168 3452 3117
f 608 2165 3454
f 2165 271 3453
f 3454 3453 1010
f 2165 3453 3454
f 913 3455 3120
f 3455 1010 3456
f 3120 3456 178
f 3455 3456 3120
f 608 3454 3452
f 3454 1010 3455
f 3452 3455 913
f 3454 3455 3452
f 80 1937 3458
f 1937 532 3457
f 3458 3457 1012
f 1937 3457 3458
f 532 1934 3460
f 1934 151 3459
f 3460 3459 1011
f 1934 3459 3460
f 1012 3461 3463
f 3461 1011 3462
f 3463 3462 300
f 3461 3462 3463
f 532 3460 3457
f 3460 1011 3461
f 3457 3461 1012
f 3460 3461 3457
f 192 3464 2580
f 3464 1013 3465
f 2580 3465 744
f 3464 3465 2580
f 1013 3466 3468
f 3466 322 3467
f 3468 3467 1014
f 3466 3467 3468
f 744 3469 2583
f 3469 1014 3470
f 2583 3470 152
f 3469 3470 2583
f 1013 3468 3465
f 3468 1014 3469
f 3465 3469 744
f 3468 3469 3465
f 38 3471 3473
f 3471 1015 3472
f 3473 3472 1017
f 3471 3472 3473
f 1015 3474 3476
f 3474 299 3475
f 3476 3475 1016
f 3474 3475 3476
f 1017 3477 3479
f 3477 1016 3478
f 3479 3478 188
f 3477 3478 3479
f 1015 3476 3472
f 3476 1016 3477
f 3472 3477 1017
f 3476 3477 3472
f 186 3480 2004
f 3480 1018 3481
f 2004 3481 555
f 3480 3481 2004
f 1018 3482 3483
f 3482 338 2904
f 3483 2904 845
f 3482 2904 3483
f 555 3484 2007
f 3484 845 2901
f 2007 2901 153
f 3484 2901 2007
f 1018 3483 3481
f 3483 845 3484
f 3481 3484 555
f 3483 3484 3481
f 153 3485 2008
f 3485 1019 3486
f 2008 3486 556
f 3485 3486 2008
f 1019 3487 3488
f 3487 35 1675
f 3488 1675 448
f 3487 1675 3488
f 556 3489 2002
f 3489 448 1681
f 2002 1681 109
f 3489 1681 2002
f 1019 3488 3486
f 3488 448 3489
f 3486 3489 556
f 3488 3489 3486
f 176 3490 3492
f 3490 1020 3491
f 3492 3491 1021
f 3490 3491 3492
f 1020 3493 3494
f 3493 108 2887
f 3494 2887 839
f 3493 2887 3494
f 1021 3495 3496
f 3495 839 2884
f 3496 2884 154
f 3495 2884 3496
f 1020 3494 3491
f 3494 839 3495
f 3491 3495 1021
f 3494 3495 3491
f 264 3497 3499
f 3497 1022 3498
f 3499 3498 1023
f 3497 3498 3499
f 1022 3500 3501
f 3500 81 2029
f 3501 2029 565
f 3500 2029 3501
f 1023 3502 3503
f 3502 565 2035
f 3503 2035 185
f 3502 2035 3503
f 1022 3501 3498
f 3501 565 3502
f 3498 3502 1023
f 3501 3502 3498
f 38 3473 3505
f 3473 1017 3504
f 3505 3504 1025
f 3473 3504 3505
f 1017 3479 3507
f 3479 188 3506
f 3507 3506 1024
f 3479 3506 3507
f 1025 3508 3510
f 3508 1024 3509
f 3510 3509 155
f 3508 3509 3510
f 1017 3507 3504
f 3507 1024 3508
f 3504 3508 1025
f 3507 3508 3504
f 156 3511 3513
f 3511 1026 3512
f 3513 3512 1027
f 3511 3512 3513
f 1026 3514 3515
f 3514 65 2300
f 3515 2300 654
f 3514 2300 3515
f 1027 3516 3517
f 3516 654 2306
f 3517 2306 216
f 3516 2306 3517
f 1026 3515 3512
f 3515 654 3516
f 3512 3516 1027
f 3515 3516 3512
f 183 3518 2643
f 3518 1028 3519
f 2643 3519 764
f 3518 3519 2643
f 1028 3520 3522
f 3520 227 3521
f 3522 3521 1029
f 3520 3521 3522
f 764 3523 2646
f 3523 1029 3524
f 2646 3524 263
f 3523 3524 2646
f 1028 3522 3519
f 3522 1029 3523
f 3519 3523 764
f 3522 3523 3519
f 194 2089 3526
f 2089 584 3525
f 3526 3525 1030
f 2089 3525 3526
f 584 2094 3527
f 2094 134 3241
f 3527 3241 950
f 2094 3241 3527
f 1030 3528 3529
f 3528 950 3246
f 3529 3246 358
f 3528 3246 3529
f 584 3527 3525
f 3527 950 3528
f 3525 3528 1030
f 3527 3528 3525
f 157 2862 2922
f 2862 832 3530
f 2922 3530 851
f 2862 3530 2922
f 832 2859 3531
f 2859 58 1847
f 3531 1847 502
f 2859 1847 3531
f 851 3532 2916
f 3532 502 1844
f 2916 1844 110
f 3532 1844 2916
f 832 3531 3530
f 3531 502 3532
f 3530 3532 851
f 3531 3532 3530
f 14 1825 3534
f 1825 495 3533
f 3534 3533 1032
f 1825 3533 3534
f 495 1822 3536
f 1822 191 3535
f 3536 3535 1031
f 1822 3535 3536
f 1032 3537 3539
f 3537 1031 3538
f 3539 3538 13
f 3537 3538 3539
f 495 3536 3533
f 3536 1031 3537
f 3533 3537 1032
f 3536 3537 3533
f 158 3540 2406
f 3540 1033 3541
f 2406 3541 688
f 3540 3541 2406
f 1033 3542 3543
f 3542 7 2292
f 3543 2292 649
f 3542 2292 3543
f 688 3544 2409
f 3544 649 2289
f 2409 2289 135
f 3544 2289 2409
f 1033 3543 3541
f 3543 649 3544
f 3541 3544 688
f 3543 3544 3541
f 159 3545 3547
f 3545 1034 3546
f 3547 3546 1036
f 3545 3546 3547
f 1034 3548 3550
f 3548 39 3549
f 3550 3549 1035
f 3548 3549 3550
f 1036 3551 3553
f 3551 1035 3552
f 3553 3552 253
f 3551 3552 3553
f 1034 3550 3546
f 3550 1035 3551
f 3546 3551 1036
f 3550 3551 3546
f 305 2417 3555
f 2417 692 3554
f 3555 3554 1038
f 2417 3554 3555
f 692 2421 3557
f 2421 115 3556
f 3557 3556 1037
f 2421 3556 3557
f 1038 3558 3560
f 3558 1037 3559
f 3560 3559 12
f 3558 3559 3560
f 692 3557 3554
f 3557 1037 3558
f 3554 3558 1038
f 3557 3558 3554
f 18 3561 3156
f 3561 1039 3562
f 3156 3562 925
f 3561 3562 3156
f 1039 3563 3564
f 3563 59 1657
f 3564 1657 442
f 3563 1657 3564
f 925 3565 3159
f 3565 442 1663
f 3159 1663 386
f 3565 1663 3159
f 1039 3564 3562
f 3564 442 3565
f 3562 3565 925
f 3564 3565 3562
f 79 3566 3568
f 3566 1040 3567
f 3568 3567 1042
f 3566 3567 3568
f 1040 3569 3571
f 3569 42 3570
f 3571 3570 1041
f 3569 3570 3571
f 1042 3572 3574
f 3572 1041 3573
f 3574 3573 268
f 3572 3573 3574
f 1040 3571 3567
f 3571 1041 3572
f 3567 3572 1042
f 3571 3572 3567
f 386 3575 3577
f 3575 1043 3576
f 3577 3576 1044
f 3575 3576 3577
f 1043 3578 3579
f 3578 261 2193
f 3579 2193 616
f 3578 2193 3579
f 1044 3580 3581
f 3580 616 2190
f 3581 2190 268
f 3580 2190 3581
f 1043 3579 3576
f 3579 616 3580
f 3576 3580 1044
f 3579 3580 3576
f 75 3582 3584
f 3582 1045 3583
f 3584 3583 1047
f 3582 3583 3584
f 1045 3585 3587
f 3585 294 3586
f 3587 3586 1046
f 3585 3586 3587
f 1047 3588 3590
f 3588 1046 3589
f 3590 3589 247
f 3588 3589 3590
f 1045 3587 3583
f 3587 1046 3588
f 3583 3588 1047
f 3587 3588 3583
f 160 2440 2095
f 2440 700 3591
f 2095 3591 585
f 2440 3591 2095
f 700 2446 3592
f 2446 13 3538
f 3592 3538 1031
f 2446 3538 3592
f 585 3593 2098
f 3593 1031 3535
f 2098 3535 191
f 3593 3535 2098
f 700 3592 3591
f 3592 1031 3593
f 3591 3593 585
f 3592 3593 3591
f 23 3594 1598
f 3594 1048 3595
f 1598 3595 421
f 3594 3595 1598
f 1048 3596 3598
f 3596 66 3597
f 3598 3597 1049
f 3596 3597 3598
f 421 3599 1601
f 3599 1049 3600
f 1601 3600 162
f 3599 3600 1601
f 1048 3598 3595
f 3598 1049 3599
f 3595 3599 421
f 3598 3599 3595
f 258 3601 3603
f 3601 1050 3602
f 3603 3602 1052
f 3601 3602 3603
f 1050 3604 3606
f 3604 27 3605
f 3606 3605 1051
f 3604 3605 3606
f 1052 3607 3609
f 3607 1051 3608
f 3609 3608 348
f 3607 3608 3609
f 1050 3606 3602
f 3606 1051 3607
f 3602 3607 1052
f 3606 3607 3602
f 163 3610 3612
f 3610 1053 3611
f 3612 3611 1055
f 3610 3611 3612
f 1053 3613 3615
f 3613 362 3614
f 3615 3614 1054
f 3613 3614 3615
f 1055 3616 3618
f 3616 1054 3617
f 3618 3617 117
f 3616 3617 3618
f 1053 3615 3611
f 3615 1054 3616
f 3611 3616 1055
f 3615 3616 3611
f 164 3619 3621
f 3619 1056 3620
f 3621 3620 1058
f 3619 3620 3621
f 1056 3622 3624
f 3622 118 3623
f 3624 3623 1057
f 3622 3623 3624
f 1058 3625 3627
f 3625 1057 3626
f 3627 3626 312
f 3625 3626 3627
f 1056 3624 3620
f 3624 1057 3625
f 3620 3625 1058
f 3624 3625 3620
f 174 2853 3629
f 2853 829 3628
f 3629 3628 1060
f 2853 3628 3629
f 829 2850 3631
f 2850 236 3630
f 3631 3630 1059
f 2850 3630 3631
f 1060 3632 3634
f 3632 1059 3633
f 3634 3633 68
f 3632 3633 3634
f 829 3631 3628
f 3631 1059 3632
f 3628 3632 1060
f 3631 3632 3628
f 29 3635 1682
f 3635 1061 3636
f 1682 3636 449
f 3635 3636 1682
f 1061 3637 3638
f 3637 197 2368
f 3638 2368 674
f 3637 2368 3638
f 449 3639 1685
f 3639 674 2365
f 1685 2365 309
f 3639 2365 1685
f 1061 3638 3636
f 3638 674 3639
f 3636 3639 449
f 3638 3639 3636
f 345 3640 3642
f 3640 1062 3641
f 3642 3641 1064
f 3640 3641 3642
f 1062 3643 3645
f 3643 235 3644
f 3645 3644 1063
f 3643 3644 3645
f 1064 3646 3648
f 3646 1063 3647
f 3648 3647 196
f 3646 3647 3648
f 1062 3645 3641
f 3645 1063 3646
f 3641 3646 1064
f 3645 3646 3641
f 379 3649 2320
f 3649 1065 3650
f 2320 3650 659
f 3649 3650 2320
f 1065 3651 3652
f 3651 166 2210
f 3652 2210 624
f 3651 2210 3652
f 659 3653 2323
f 3653 624 2216
f 2323 2216 199
f 3653 2216 2323
f 1065 3652 3650
f 3652 624 3653
f 3650 3653 659
f 3652 3653 3650
f 280 3654 3656
f 3654 1066 3655
f 3656 3655 1068
f 3654 3655 3656
f 1066 3657 3659
f 3657 319 3658
f 3659 3658 1067
f 3657 3658 3659
f 1068 3660 3662
f 3660 1067 3661
f 3662 3661 119
f 3660 3661 3662
f 1066 3659 3655
f 3659 1067 3660
f 3655 3660 1068
f 3659 3660 3655
f 278 3663 3665
f 3663 1069 3664
f 3665 3664 1071
f 3663 3664 3665
f 1069 3666 3668
f 3666 284 3667
f 3668 3667 1070
f 3666 3667 3668
f 1071 3669 3671
f 3669 1070 3670
f 3671 3670 368
f 3669 3670 3671
f 1069 3668 3664
f 3668 1070 3669
f 3664 3669 1071
f 3668 3669 3664
f 313 3672 3674
f 3672 1072 3673
f 3674 3673 1073
f 3672 3673 3674
f 1072 3675 3676
f 3675 142 1910
f 3676 1910 523
f 3675 1910 3676
f 1073 3677 3678
f 3677 523 1907
f 3678 1907 222
f 3677 1907 3678
f 1072 3676 3673
f 3676 523 3677
f 3673 3677 1073
f 3676 3677 3673
f 225 3679 3681
f 3679 1074 3680
f 3681 3680 1075
f 3679 3680 3681
f 1074 3682 3683
f 3682 293 2506
f 3683 2506 719
f 3682 2506 3683
f 1075 3684 3685
f 3684 719 2503
f 3685 2503 53
f 3684 2503 3685
f 1074 3683 3680
f 3683 719 3684
f 3680 3684 1075
f 3683 3684 3680
f 147 3414 3687
f 3414 999 3686
f 3687 3686 1076
f 3414 3686 3687
f 999 3412 3688
f 3412 28 3026
f 3688 3026 885
f 3412 3026 3688
f 1076 3689 3690
f 3689 885 3032
f 3690 3032 203
f 3689 3032 3690
f 999 3688 3686
f 3688 885 3689
f 3686 3689 1076
f 3688 3689 3686
f 91 3691 3693
f 3691 1077 3692
f 3693 3692 1078
f 3691 3692 3693
f 1077 3694 3695
f 3694 260 2802
f 3695 2802 815
f 3694 2802 3695
f 1078 3696 3697
f 3696 815 2808
f 3697 2808 169
f 3696 2808 3697
f 1077 3695 3692
f 3695 815 3696
f 3692 3696 1078
f 3695 3696 3692
f 209 3698 3700
f 3698 1079 3699
f 3700 3699 1081
f 3698 3699 3700
f 1079 3701 3703
f 3701 318 3702
f 3703 3702 1080
f 3701 3702 3703
f 1081 3704 3706
f 3704 1080 3705
f 3706 3705 32
f 3704 3705 3706
f 1079 3703 3699
f 3703 1080 3704
f 3699 3704 1081
f 3703 3704 3699
f 170 3362 2727
f 3362 983 3707
f 2727 3707 789
f 3362 3707 2727
f 983 3359 3709
f 3359 33 3708
f 3709 3708 1082
f 3359 3708 3709
f 789 3710 2730
f 3710 1082 3711
f 2730 3711 239
f 3710 3711 2730
f 983 3709 3707
f 3709 1082 3710
f 3707 3710 789
f 3709 3710 3707
f 212 3712 2070
f 3712 1083 3713
f 2070 3713 577
f 3712 3713 2070
f 1083 3714 3715
f 3714 298 3366
f 3715 3366 984
f 3714 3366 3715
f 577 3716 2073
f 3716 984 3363
f 2073 3363 170
f 3716 3363 2073
f 1083 3715 3713
f 3715 984 3716
f 3713 3716 577
f 3715 3716 3713
f 171 3717 1839
f 3717 1084 3718
f 1839 3718 500
f 3717 3718 1839
f 1084 3719 3720
f 3719 253 3552
f 3720 3552 1035
f 3719 3552 3720
f 500 3721 1833
f 3721 1035 3549
f 1833 3549 39
f 3721 3549 1833
f 1084 3720 3718
f 3720 1035 3721
f 3718 3721 500
f 3720 3721 3718
f 247 2733 3590
f 2733 792 3722
f 3590 3722 1047
f 2733 3722 3590
f 792 2738 3723
f 2738 56 1802
f 3723 1802 487
f 2738 1802 3723
f 1047 3724 3584
f 3724 487 1799
f 3584 1799 75
f 3724 1799 3584
f 792 3723 3722
f 3723 487 3724
f 3722 3724 1047
f 3723 3724 3722
f 113 3725 1589
f 3725 1085 3726
f 1589 3726 418
f 3725 3726 1589
f 1085 3727 3729
f 3727 249 3728
f 3729 3728 1086
f 3727 3728 3729
f 418 3730 1592
f 3730 1086 3731
f 1592 3731 224
f 3730 3731 1592
f 1085 3729 3726
f 3729 1086 3730
f 3726 3730 418
f 3729 3730 3726
f 288 3732 3734
f 3732 1087 3733
f 3734 3733 1089
f 3732 3733 3734
f 1087 3735 3737
f 3735 371 3736
f 3737 3736 1088
f 3735 3736 3737
f 1089 3738 3740
f 3738 1088 3739
f 3740 3739 259
f 3738 3739 3740
f 1087 3737 3733
f 3737 1088 3738
f 3733 3738 1089
f 3737 3738 3733
f 327 2159 3742
f 2159 605 3741
f 3742 3741 1091
f 2159 3741 3742
f 605 2156 3744
f 2156 70 3743
f 3744 3743 1090
f 2156 3743 3744
f 1091 3745 3747
f 3745 1090 3746
f 3747 3746 242
f 3745 3746 3747
f 605 3744 3741
f 3744 1090 3745
f 3741 3745 1091
f 3744 3745 3741
f 68 3748 3634
f 3748 1092 3749
f 3634 3749 1060
f 3748 3749 3634
f 1092 3750 3752
f 3750 270 3751
f 3752 3751 1093
f 3750 3751 3752
f 1060 3753 3629
f 3753 1093 3754
f 3629 3754 174
f 3753 3754 3629
f 1092 3752 3749
f 3752 1093 3753
f 3749 3753 1060
f 3752 3753 3749
f 302 3755 2628
f 3755 1094 3756
f 2628 3756 759
f 3755 3756 2628
f 1094 3757 3759
f 3757 206 3758
f 3759 3758 1095
f 3757 3758 3759
f 759 3760 2631
f 3760 1095 3761
f 2631 3761 52
f 3760 3761 2631
f 1094 3759 3756
f 3759 1095 3760
f 3756 3760 759
f 3759 3760 3756
f 254 2626 3763
f 2626 760 3762
f 3763 3762 1096
f 2626 3762 3763
f 760 2632 3764
f 2632 52 2679
f 3764 2679 774
f 2632 2679 3764
f 1096 3765 3766
f 3765 774 2676
f 3766 2676 326
f 3765 2676 3766
f 760 3764 3762
f 3764 774 3765
f 3762 3765 1096
f 3764 3765 3762
f 175 2766 2689
f 2766 803 3767
f 2689 3767 778
f 2766 3767 2689
f 803 2772 3768
f 2772 29 1684
f 3768 1684 451
f 2772 1684 3768
f 778 3769 2683
f 3769 451 1690
f 2683 1690 234
f 3769 1690 2683
f 803 3768 3767
f 3768 451 3769
f 3767 3769 778
f 3768 3769 3767
f 219 3770 3772
f 3770 1097 3771
f 3772 3771 1098
f 3770 3771 3772
f 1097 3773 3774
f 3773 282 2086
f 3774 2086 581
f 3773 2086 3774
f 1098 3775 3776
f 3775 581 2083
f 3776 2083 83
f 3775 2083 3776
f 1097 3774 3771
f 3774 581 3775
f 3771 3775 1098
f 3774 3775 3771
f 154 3777 3496
f 3777 1099 3778
f 3496 3778 1021
f 3777 3778 3496
f 1099 3779 3781
f 3779 229 3780
f 3781 3780 1100
f 3779 3780 3781
f 1021 3782 3492
f 3782 1100 3783
f 3492 3783 176
f 3782 3783 3492
f 1099 3781 3778
f 3781 1100 3782
f 3778 3782 1021
f 3781 3782 3778
f 375 3784 3786
f 3784 1101 3785
f 3786 3785 1103
f 3784 3785 3786
f 1101 3787 3789
f 3787 246 3788
f 3789 3788 1102
f 3787 3788 3789
f 1103 3790 3792
f 3790 1102 3791
f 3792 3791 30
f 3790 3791 3792
f 1101 3789 3785
f 3789 1102 3790
f 3785 3790 1103
f 3789 3790 3785
f 1 3793 3795
f 3793 1104 3794
f 3795 3794 1105
f 3793 3794 3795
f 1104 3796 3797
f 3796 61 2561
f 3797 2561 737
f 3796 2561 3797
f 1105 3798 3799
f 3798 737 2558
f 3799 2558 269
f 3798 2558 3799
f 1104 3797 3794
f 3797 737 3798
f 3794 3798 1105
f 3797 3798 3794
f 269 1615 3799
f 1615 426 3800
f 3799 3800 1105
f 1615 3800 3799
f 426 1612 3801
f 1612 112 2958
f 3801 2958 864
f 1612 2958 3801
f 1105 3802 3795
f 3802 864 2963
f 3795 2963 1
f 3802 2963 3795
f 426 3801 3800
f 3801 864 3802
f 3800 3802 1105
f 3801 3802 3800
f 271 2167 3804
f 2167 610 3803
f 3804 3803 1106
f 2167 3803 3804
f 610 2173 3805
f 2173 151 1933
f 3805 1933 531
f 2173 1933 3805
f 1106 3806 3807
f 3806 531 1930
f 3807 1930 41
f 3806 1930 3807
f 610 3805 3803
f 3805 531 3806
f 3803 3806 1106
f 3805 3806 3803
f 178 3808 2271
f 3808 1107 3809
f 2271 3809 643
f 3808 3809 2271
f 1107 3810 3812
f 3810 125 3811
f 3812 3811 1108
f 3810 3811 3812
f 643 3813 2274
f 3813 1108 3814
f 2274 3814 207
f 3813 3814 2274
f 1107 3812 3809
f 3812 1108 3813
f 3809 3813 643
f 3812 3813 3809
f 317 2751 3087
f 2751 796 3815
f 3087 3815 903
f 2751 3815 3087
f 796 2748 3817
f 2748 143 3816
f 3817 3816 1109
f 2748 3816 3817
f 903 3818 3090
f 3818 1109 3819
f 3090 3819 100
f 3818 3819 3090
f 796 3817 3815
f 3817 1109 3818
f 3815 3818 903
f 3817 3818 3815
f 179 3820 3822
f 3820 1110 3821
f 3822 3821 1111
f 3820 3821 3822
f 1110 3823 3824
f 3823 123 3381
f 3824 3381 989
f 3823 3381 3824
f 1111 3825 3826
f 3825 989 3378
f 3826 3378 37
f 3825 3378 3826
f 1110 3824 3821
f 3824 989 3825
f 3821 3825 1111
f 3824 3825 3821
f 94 1775 2414
f 1775 479 3827
f 2414 3827 690
f 1775 3827 2414
f 479 1772 3829
f 1772 72 3828
f 3829 3828 1112
f 1772 3828 3829
f 690 3830 2408
f 3830 1112 3831
f 2408 3831 158
f 3830 3831 2408
f 479 3829 3827
f 3829 1112 3830
f 3827 3830 690
f 3829 3830 3827
f 361 3832 3834
f 3832 1113 3833
f 3834 3833 1114
f 3832 3833 3834
f 1113 3835 3836
f 3835 226 1765
f 3836 1765 478
f 3835 1765 3836
f 1114 3837 3838
f 3837 478 1771
f 3838 1771 181
f 3837 1771 3838
f 1113 3836 3833
f 3836 478 3837
f 3833 3837 1114
f 3836 3837 3833
f 181 2831 2472
f 2831 822 3839
f 2472 3839 709
f 2831 3839 2472
f 822 2828 3841
f 2828 6 3840
f 3841 3840 1115
f 2828 3840 3841
f 709 3842 2475
f 3842 1115 3843
f 2475 3843 77
f 3842 3843 2475
f 822 3841 3839
f 3841 1115 3842
f 3839 3842 709
f 3841 3842 3839
f 329 3844 3078
f 3844 1116 3845
f 3078 3845 900
f 3844 3845 3078
f 1116 3846 3847
f 3846 182 2667
f 3847 2667 771
f 3846 2667 3847
f 900 3848 3081
f 3848 771 2665
f 3081 2665 71
f 3848 2665 3081
f 1116 3847 3845
f 3847 771 3848
f 3845 3848 900
f 3847 3848 3845
f 182 2812 2668
f 2812 816 3849
f 2668 3849 772
f 2812 3849 2668
f 816 2809 3850
f 2809 103 3389
f 3850 3389 991
f 2809 3389 3850
f 772 3851 2671
f 3851 991 3386
f 2671 3386 145
f 3851 3386 2671
f 816 3850 3849
f 3850 991 3851
f 3849 3851 772
f 3850 3851 3849
f 297 1852 2640
f 1852 504 3852
f 2640 3852 763
f 1852 3852 2640
f 504 1849 3854
f 1849 332 3853
f 3854 3853 1117
f 1849 3853 3854
f 763 3855 2642
f 3855 1117 3856
f 2642 3856 183
f 3855 3856 2642
f 504 3854 3852
f 3854 1117 3855
f 3852 3855 763
f 3854 3855 3852
f 216 3857 3517
f 3857 1118 3858
f 3517 3858 1027
f 3857 3858 3517
f 1118 3859 3861
f 3859 263 3860
f 3861 3860 1119
f 3859 3860 3861
f 1027 3862 3513
f 3862 1119 3863
f 3513 3863 156
f 3862 3863 3513
f 1118 3861 3858
f 3861 1119 3862
f 3858 3862 1027
f 3861 3862 3858
f 45 3864 3866
f 3864 1120 3865
f 3866 3865 1121
f 3864 3865 3866
f 1120 3867 3868
f 3867 63 2282
f 3868 2282 648
f 3867 2282 3868
f 1121 3869 3870
f 3869 648 2288
f 3870 2288 184
f 3869 2288 3870
f 1120 3868 3865
f 3868 648 3869
f 3865 3869 1121
f 3868 3869 3865
f 184 3871 1758
f 3871 1122 3872
f 1758 3872 474
f 3871 3872 1758
f 1122 3873 3874
f 3873 104 2824
f 3874 2824 820
f 3873 2824 3874
f 474 3875 1761
f 3875 820 2821
f 1761 2821 150
f 3875 2821 1761
f 1122 3874 3872
f 3874 820 3875
f 3872 3875 474
f 3874 3875 3872
f 172 3876 2956
f 3876 1123 3877
f 2956 3877 862
f 3876 3877 2956
f 1123 3878 3880
f 3878 249 3879
f 3880 3879 1124
f 3878 3879 3880
f 862 3881 2950
f 3881 1124 3882
f 2950 3882 83
f 3881 3882 2950
f 1123 3880 3877
f 3880 1124 3881
f 3877 3881 862
f 3880 3881 3877
f 210 3883 3885
f 3883 1125 3884
f 3885 3884 1127
f 3883 3884 3885
f 1125 3886 3888
f 3886 334 3887
f 3888 3887 1126
f 3886 3887 3888
f 1127 3889 3891
f 3889 1126 3890
f 3891 3890 34
f 3889 3890 3891
f 1125 3888 3884
f 3888 1126 3889
f 3884 3889 1127
f 3888 3889 3884
f 353 1861 3893
f 1861 507 3892
f 3893 3892 1128
f 1861 3892 3893
f 507 1858 3894
f 1858 11 1806
f 3894 1806 491
f 1858 1806 3894
f 1128 3895 3896
f 3895 491 1812
f 3896 1812 73
f 3895 1812 3896
f 507 3894 3892
f 3894 491 3895
f 3892 3895 1128
f 3894 3895 3892
f 220 3897 3899
f 3897 1129 3898
f 3899 3898 1130
f 3897 3898 3899
f 1129 3900 3901
f 3900 304 3219
f 3901 3219 943
f 3900 3219 3901
f 1130 3902 3903
f 3902 943 3223
f 3903 3223 264
f 3902 3223 3903
f 1129 3901 3898
f 3901 943 3902
f 3898 3902 1130
f 3901 3902 3898
f 185 3904 3216
f 3904 1131 3905
f 3216 3905 941
f 3904 3905 3216
f 1131 3906 3907
f 3906 162 3269
f 3907 3269 956
f 3906 3269 3907
f 941 3908 3210
f 3908 956 3273
f 3210 3273 108
f 3908 3273 3210
f 1131 3907 3905
f 3907 956 3908
f 3905 3908 941
f 3907 3908 3905
f 109 3909 2000
f 3909 1132 3910
f 2000 3910 554
f 3909 3910 2000
f 1132 3911 3913
f 3911 231 3912
f 3913 3912 1133
f 3911 3912 3913
f 554 3914 2003
f 3914 1133 3915
f 2003 3915 186
f 3914 3915 2003
f 1132 3913 3910
f 3913 1133 3914
f 3910 3914 554
f 3913 3914 3910
f 186 3916 3480
f 3916 1134 3917
f 3480 3917 1018
f 3916 3917 3480
f 1134 3918 3919
f 3918 129 2880
f 3919 2880 837
f 3918 2880 3919
f 1018 3920 3482
f 3920 837 2877
f 3482 2877 338
f 3920 2877 3482
f 1134 3919 3917
f 3919 837 3920
f 3917 3920 1018
f 3919 3920 3917
f 3 3921 3923
f 3921 1135 3922
f 3923 3922 1137
f 3921 3922 3923
f 1135 3924 3926
f 3924 398 3925
f 3926 3925 1136
f 3924 3925 3926
f 1137 3927 3929
f 3927 1136 3928
f 3929 3928 2
f 3927 3928 3929
f 1135 3926 3922
f 3926 1136 3927
f 3922 3927 1137
f 3926 3927 3922
f 188 2708 3506
f 2708 784 3930
f 3506 3930 1024
f 2708 3930 3506
f 784 2713 3931
f 2713 96 2463
f 3931 2463 705
f 2713 2463 3931
f 1024 3932 3509
f 3932 705 2460
f 3509 2460 155
f 3932 2460 3509
f 784 3931 3930
f 3931 705 3932
f 3930 3932 1024
f 3931 3932 3930
f 189 1888 2069
f 1888 516 3933
f 2069 3933 576
f 1888 3933 2069
f 516 1885 3934
f 1885 46 2524
f 3934 2524 725
f 1885 2524 3934
f 576 3935 2063
f 3935 725 2521
f 2063 2521 127
f 3935 2521 2063
f 516 3934 3933
f 3934 725 3935
f 3933 3935 576
f 3934 3935 3933
f 189 3936 3255
f 3936 1138 3937
f 3255 3937 953
f 3936 3937 3255
f 1138 3938 3939
f 3938 211 2692
f 3939 2692 780
f 3938 2692 3939
f 953 3940 3258
f 3940 780 2696
f 3258 2696 135
f 3940 2696 3258
f 1138 3939 3937
f 3939 780 3940
f 3937 3940 953
f 3939 3940 3937
f 69 3941 3943
f 3941 1139 3942
f 3943 3942 1140
f 3941 3942 3943
f 1139 3944 3945
f 3944 128 3171
f 3945 3171 929
f 3944 3171 3945
f 1140 3946 3947
f 3946 929 3168
f 3947 3168 190
f 3946 3168 3947
f 1139 3945 3942
f 3945 929 3946
f 3942 3946 1140
f 3945 3946 3942
f 110 3948 3165
f 3948 1141 3949
f 3165 3949 928
f 3948 3949 3165
f 1141 3950 3952
f 3950 230 3951
f 3952 3951 1142
f 3950 3951 3952
f 928 3953 3167
f 3953 1142 3954
f 3167 3954 190
f 3953 3954 3167
f 1141 3952 3949
f 3952 1142 3953
f 3949 3953 928
f 3952 3953 3949
f 191 1824 2868
f 1824 497 3955
f 2868 3955 834
f 1824 3955 2868
f 497 1830 3956
f 1830 157 3174
f 3956 3174 930
f 1830 3174 3956
f 834 3957 2871
f 3957 930 3172
f 2871 3172 262
f 3957 3172 2871
f 497 3956 3955
f 3956 930 3957
f 3955 3957 834
f 3956 3957 3955
f 192 2579 1628
f 2579 743 3958
f 1628 3958 431
f 2579 3958 1628
f 743 2576 3959
f 2576 38 3505
f 3959 3505 1025
f 2576 3505 3959
f 431 3960 1631
f 3960 1025 3510
f 1631 3510 155
f 3960 3510 1631
f 743 3959 3958
f 3959 1025 3960
f 3958 3960 431
f 3959 3960 3958
f 304 3961 3217
f 3961 1143 3962
f 3217 3962 942
f 3961 3962 3217
f 1143 3963 3965
f 3963 292 3964
f 3965 3964 1144
f 3963 3964 3965
f 942 3966 3220
f 3966 1144 3967
f 3220 3967 192
f 3966 3967 3220
f 1143 3965 3962
f 3965 1144 3966
f 3962 3966 942
f 3965 3966 3962
f 193 3392 3155
f 3392 994 3968
f 3155 3968 924
f 3392 3968 3155
f 994 3397 3970
f 3397 146 3969
f 3970 3969 1145
f 3397 3969 3970
f 924 3971 3149
f 3971 1145 3972
f 3149 3972 54
f 3971 3972 3149
f 994 3970 3968
f 3970 1145 3971
f 3968 3971 924
f 3970 3971 3968
f 386 1662 3974
f 1662 441 3973
f 3974 3973 1146
f 1662 3973 3974
f 441 1659 3975
f 1659 93 2242
f 3975 2242 632
f 1659 2242 3975
f 1146 3976 3977
f 3976 632 2239
f 3977 2239 193
f 3976 2239 3977
f 441 3975 3973
f 3975 632 3976
f 3973 3976 1146
f 3975 3976 3973
f 358 3978 3980
f 3978 1147 3979
f 3980 3979 1149
f 3978 3979 3980
f 1147 3981 3983
f 3981 392 3982
f 3983 3982 1148
f 3981 3982 3983
f 1149 3984 3986
f 3984 1148 3985
f 3986 3985 396
f 3984 3985 3986
f 1147 3983 3979
f 3983 1148 3984
f 3979 3984 1149
f 3983 3984 3979
f 24 3987 2104
f 3987 1150 3988
f 2104 3988 588
f 3987 3988 2104
f 1150 3989 3991
f 3989 25 3990
f 3991 3990 1151
f 3989 3990 3991
f 588 3992 2106
f 3992 1151 3993
f 2106 3993 95
f 3992 3993 2106
f 1150 3991 3988
f 3991 1151 3992
f 3988 3992 588
f 3991 3992 3988
f 82 2741 3995
f 2741 795 3994
f 3995 3994 1152
f 2741 3994 3995
f 795 2747 3996
f 2747 31 3315
f 3996 3315 968
f 2747 3315 3996
f 1152 3997 3998
f 3997 968 3312
f 3998 3312 99
f 3997 3312 3998
f 795 3996 3994
f 3996 968 3997
f 3994 3997 1152
f 3996 3997 3994
f 316 3999 2347
f 3999 1153 4000
f 2347 4000 668
f 3999 4000 2347
f 1153 4001 4003
f 4001 195 4002
f 4003 4002 1154
f 4001 4002 4003
f 668 4004 2350
f 4004 1154 4005
f 2350 4005 236
f 4004 4005 2350
f 1153 4003 4000
f 4003 1154 4004
f 4000 4004 668
f 4003 4004 4000
f 139 2587 3041
f 2587 748 4006
f 3041 4006 888
f 2587 4006 3041
f 748 2593 4008
f 2593 85 4007
f 4008 4007 1155
f 2593 4007 4008
f 888 4009 3035
f 4009 1155 4010
f 3035 4010 30
f 4009 4010 3035
f 748 4008 4006
f 4008 1155 4009
f 4006 4009 888
f 4008 4009 4006
f 367 3009 4012
f 3009 877 4011
f 4012 4011 1157
f 3009 4011 4012
f 877 3006 4014
f 3006 345 4013
f 4014 4013 1156
f 3006 4013 4014
f 1157 4015 4017
f 4015 1156 4016
f 4017 4016 67
f 4015 4016 4017
f 877 4014 4011
f 4014 1156 4015
f 4011 4015 1157
f 4014 4015 4011
f 362 4018 3614
f 4018 1158 4019
f 3614 4019 1054
f 4018 4019 3614
f 1158 4020 4022
f 4020 308 4021
f 4022 4021 1159
f 4020 4021 4022
f 1054 4023 3617
f 4023 1159 4024
f 3617 4024 117
f 4023 4024 3617
f 1158 4022 4019
f 4022 1159 4023
f 4019 4023 1054
f 4022 4023 4019
f 314 4025 4027
f 4025 1160 4026
f 4027 4026 1162
f 4025 4026 4027
f 1160 4028 4030
f 4028 363 4029
f 4030 4029 1161
f 4028 4029 4030
f 1162 4031 4033
f 4031 1161 4032
f 4033 4032 36
f 4031 4032 4033
f 1160 4030 4026
f 4030 1161 4031
f 4026 4031 1162
f 4030 4031 4026
f 273 4034 2664
f 4034 1163 4035
f 2664 4035 770
f 4034 4035 2664
f 1163 4036 4038
f 4036 330 4037
f 4038 4037 1164
f 4036 4037 4038
f 770 4039 2658
f 4039 1164 4040
f 2658 4040 91
f 4039 4040 2658
f 1163 4038 4035
f 4038 1164 4039
f 4035 4039 770
f 4038 4039 4035
f 315 4041 4043
f 4041 1165 4042
f 4043 4042 1166
f 4041 4042 4043
f 1165 4044 4045
f 4044 274 2123
f 4045 2123 593
f 4044 2123 4045
f 1166 4046 4047
f 4046 593 2120
f 4047 2120 198
f 4046 2120 4047
f 1165 4045 4042
f 4045 593 4046
f 4042 4046 1166
f 4045 4046 4042
f 303 2759 4049
f 2759 799 4048
f 4049 4048 1168
f 2759 4048 4049
f 799 2757 4051
f 2757 244 4050
f 4051 4050 1167
f 2757 4050 4051
f 1168 4052 4054
f 4052 1167 4053
f 4054 4053 243
f 4052 4053 4054
f 799 4051 4048
f 4051 1167 4052
f 4048 4052 1168
f 4051 4052 4048
f 100 4055 4057
f 4055 1169 4056
f 4057 4056 1171
f 4055 4056 4057
f 1169 4058 4060
f 4058 199 4059
f 4060 4059 1170
f 4058 4059 4060
f 1171 4061 4063
f 4061 1170 4062
f 4063 4062 333
f 4061 4062 4063
f 1169 4060 4056
f 4060 1170 4061
f 4056 4061 1171
f 4060 4061 4056
f 346 4064 1952
f 4064 1172 4065
f 1952 4065 538
f 4064 4065 1952
f 1172 4066 4068
f 4066 36 4067
f 4068 4067 1173
f 4066 4067 4068
f 538 4069 1955
f 4069 1173 4070
f 1955 4070 163
f 4069 4070 1955
f 1172 4068 4065
f 4068 1173 4069
f 4065 4069 538
f 4068 4069 4065
f 98 4071 2841
f 4071 1174 4072
f 2841 4072 826
f 4071 4072 2841
f 1174 4073 4075
f 4073 352 4074
f 4075 4074 1175
f 4073 4074 4075
f 826 4076 2844
f 4076 1175 4077
f 2844 4077 201
f 4076 4077 2844
f 1174 4075 4072
f 4075 1175 4076
f 4072 4076 826
f 4075 4076 4072
f 171 4078 3717
f 4078 1176 4079
f 3717 4079 1084
f 4078 4079 3717
f 1176 4080 4082
f 4080 366 4081
f 4082 4081 1177
f 4080 4081 4082
f 1084 4083 3719
f 4083 1177 4084
f 3719 4084 253
f 4083 4084 3719
f 1176 4082 4079
f 4082 1177 4083
f 4079 4083 1084
f 4082 4083 4079
f 118 4085 4087
f 4085 1178 4086
f 4087 4086 1180
f 4085 4086 4087
f 1178 4088 4090
f 4088 384 4089
f 4090 4089 1179
f 4088 4089 4090
f 1180 4091 4093
f 4091 1179 4092
f 4093 4092 277
f 4091 4092 4093
f 1178 4090 4086
f 4090 1179 4091
f 4086 4091 1180
f 4090 4091 4086
f 240 4094 4096
f 4094 1181 4095
f 4096 4095 1183
f 4094 4095 4096
f 1181 4097 4099
f 4097 387 4098
f 4099 4098 1182
f 4097 4098 4099
f 1183 4100 4102
f 4100 1182 4101
f 4102 4101 179
f 4100 4101 4102
f 1181 4099 4095
f 4099 1182 4100
f 4095 4100 1183
f 4099 4100 4095
f 356 3027 4104
f 3027 883 4103
f 4104 4103 1184
f 3027 4103 4104
f 883 3024 4105
f 3024 28 2763
f 4105 2763 800
f 3024 2763 4105
f 1184 4106 4107
f 4106 800 2760
f 4107 2760 303
f 4106 2760 4107
f 883 4105 4103
f 4105 800 4106
f 4103 4106 1184
f 4105 4106 4103
f 203 4108 4110
f 4108 1185 4109
f 4110 4109 1187
f 4108 4109 4110
f 1185 4111 4113
f 4111 335 4112
f 4113 4112 1186
f 4111 4112 4113
f 1187 4114 4116
f 4114 1186 4115
f 4116 4115 357
f 4114 4115 4116
f 1185 4113 4109
f 4113 1186 4114
f 4109 4114 1187
f 4113 4114 4109
f 167 4117 4119
f 4117 1188 4118
f 4119 4118 1190
f 4117 4118 4119
f 1188 4120 4122
f 4120 388 4121
f 4122 4121 1189
f 4120 4121 4122
f 1190 4123 4125
f 4123 1189 4124
f 4125 4124 86
f 4123 4124 4125
f 1188 4122 4118
f 4122 1189 4123
f 4118 4123 1190
f 4122 4123 4118
f 167 4126 4128
f 4126 1191 4127
f 4128 4127 1193
f 4126 4127 4128
f 1191 4129 4131
f 4129 275 4130
f 4131 4130 1192
f 4129 4130 4131
f 1193 4132 4134
f 4132 1192 4133
f 4134 4133 204
f 4132 4133 4134
f 1191 4131 4127
f 4131 1192 4132
f 4127 4132 1193
f 4131 4132 4127
f 336 4135 4137
f 4135 1194 4136
f 4137 4136 1195
f 4135 4136 4137
f 1194 4138 4139
f 4138 53 2502
f 4139 2502 718
f 4138 2502 4139
f 1195 4140 4141
f 4140 718 2499
f 4141 2499 105
f 4140 2499 4141
f 1194 4139 4136
f 4139 718 4140
f 4136 4140 1195
f 4139 4140 4136
f 300 1897 4143
f 1897 519 4142
f 4143 4142 1197
f 1897 4142 4143
f 519 1894 4145
f 1894 187 4144
f 4145 4144 1196
f 1894 4144 4145
f 1197 4146 4148
f 4146 1196 4147
f 4148 4147 3
f 4146 4147 4148
f 519 4145 4142
f 4145 1196 4146
f 4142 4146 1197
f 4145 4146 4142
f 339 4149 4151
f 4149 1198 4150
f 4151 4150 1199
f 4149 4150 4151
f 1198 4152 4153
f 4152 87 2497
f 4153 2497 716
f 4152 2497 4153
f 1199 4154 4155
f 4154 716 2494
f 4155 2494 107
f 4154 2494 4155
f 1198 4153 4150
f 4153 716 4154
f 4150 4154 1199
f 4153 4154 4150
f 290 4156 1943
f 4156 1200 4157
f 1943 4157 535
f 4156 4157 1943
f 1200 4158 4159
f 4158 173 2377
f 4159 2377 677
f 4158 2377 4159
f 535 4160 1946
f 4160 677 2374
f 1946 2374 205
f 4160 2374 1946
f 1200 4159 4157
f 4159 677 4160
f 4157 4160 535
f 4159 4160 4157
f 35 4161 4163
f 4161 1201 4162
f 4163 4162 1203
f 4161 4162 4163
f 1201 4164 4166
f 4164 259 4165
f 4166 4165 1202
f 4164 4165 4166
f 1203 4167 4169
f 4167 1202 4168
f 4169 4168 206
f 4167 4168 4169
f 1201 4166 4162
f 4166 1202 4167
f 4162 4167 1203
f 4166 4167 4162
f 302 2627 4171
f 2627 758 4170
f 4171 4170 1204
f 2627 4170 4171
f 758 2624 4172
f 2624 254 1716
f 4172 1716 459
f 2624 1716 4172
f 1204 4173 4174
f 4173 459 1713
f 4174 1713 89
f 4173 1713 4174
f 758 4172 4170
f 4172 459 4173
f 4170 4173 1204
f 4172 4173 4170
f 125 4175 4177
f 4175 1205 4176
f 4177 4176 1207
f 4175 4176 4177
f 1205 4178 4180
f 4178 248 4179
f 4180 4179 1206
f 4178 4179 4180
f 1207 4181 4183
f 4181 1206 4182
f 4183 4182 301
f 4181 4182 4183
f 1205 4180 4176
f 4180 1206 4181
f 4176 4181 1207
f 4180 4181 4176
f 207 4184 2619
f 4184 1208 4185
f 2619 4185 757
f 4184 4185 2619
f 1208 4186 4187
f 4186 103 2811
f 4187 2811 818
f 4186 2811 4187
f 757 4188 2621
f 4188 818 2817
f 2621 2817 126
f 4188 2817 2621
f 1208 4187 4185
f 4187 818 4188
f 4185 4188 757
f 4187 4188 4185
f 326 4189 3766
f 4189 1209 4190
f 3766 4190 1096
f 4189 4190 3766
f 1209 4191 4192
f 4191 134 2093
f 4192 2093 583
f 4191 2093 4192
f 1096 4193 3763
f 4193 583 2090
f 3763 2090 254
f 4193 2090 3763
f 1209 4192 4190
f 4192 583 4193
f 4190 4193 1096
f 4192 4193 4190
f 208 4194 1700
f 4194 1210 4195
f 1700 4195 455
f 4194 4195 1700
f 1210 4196 4197
f 4196 69 3943
f 4197 3943 1140
f 4196 3943 4197
f 455 4198 1703
f 4198 1140 3947
f 1703 3947 190
f 4198 3947 1703
f 1210 4197 4195
f 4197 1140 4198
f 4195 4198 455
f 4197 4198 4195
f 209 3700 2818
f 3700 1081 4199
f 2818 4199 819
f 3700 4199 2818
f 1081 3706 4200
f 3706 32 3447
f 4200 3447 1009
f 3706 3447 4200
f 819 4201 2820
f 4201 1009 3451
f 2820 3451 150
f 4201 3451 2820
f 1081 4200 4199
f 4200 1009 4201
f 4199 4201 819
f 4200 4201 4199
f 347 4202 2383
f 4202 1211 4203
f 2383 4203 680
f 4202 4203 2383
f 1211 4204 4206
f 4204 285 4205
f 4206 4205 1212
f 4204 4205 4206
f 680 4207 2386
f 4207 1212 4208
f 2386 4208 51
f 4207 4208 2386
f 1211 4206 4203
f 4206 1212 4207
f 4203 4207 680
f 4206 4207 4203
f 210 3885 4210
f 3885 1127 4209
f 4210 4209 1214
f 3885 4209 4210
f 1127 3891 4212
f 3891 34 4211
f 4212 4211 1213
f 3891 4211 4212
f 1214 4213 4215
f 4213 1213 4214
f 4215 4214 174
f 4213 4214 4215
f 1127 4212 4209
f 4212 1213 4213
f 4209 4213 1214
f 4212 4213 4209
f 210 3433 4217
f 3433 1006 4216
f 4217 4216 1215
f 3433 4216 4217
f 1006 3439 4218
f 3439 149 2925
f 4218 2925 853
f 3439 2925 4218
f 1215 4219 4220
f 4219 853 2929
f 4220 2929 90
f 4219 2929 4220
f 1006 4218 4216
f 4218 853 4219
f 4216 4219 1215
f 4218 4219 4216
f 211 3938 4222
f 3938 1138 4221
f 4222 4221 1216
f 3938 4221 4222
f 1138 3936 4223
f 3936 189 2068
f 4223 2068 575
f 3936 2068 4223
f 1216 4224 4225
f 4224 575 2065
f 4225 2065 255
f 4224 2065 4225
f 1138 4223 4221
f 4223 575 4224
f 4221 4224 1216
f 4223 4224 4221
f 212 4226 3712
f 4226 1217 4227
f 3712 4227 1083
f 4226 4227 3712
f 1217 4228 4230
f 4228 69 4229
f 4230 4229 1218
f 4228 4229 4230
f 1083 4231 3714
f 4231 1218 4232
f 3714 4232 298
f 4231 4232 3714
f 1217 4230 4227
f 4230 1218 4231
f 4227 4231 1083
f 4230 4231 4227
f 377 2951 4234
f 2951 860 4233
f 4234 4233 1219
f 2951 4233 4234
f 860 2948 4235
f 2948 83 2082
f 4235 2082 580
f 2948 2082 4235
f 1219 4236 4237
f 4236 580 2079
f 4237 2079 213
f 4236 2079 4237
f 860 4235 4233
f 4235 580 4236
f 4233 4236 1219
f 4235 4236 4233
f 35 4238 1673
f 4238 1220 4239
f 1673 4239 446
f 4238 4239 1673
f 1220 4240 4242
f 4240 302 4241
f 4242 4241 1221
f 4240 4241 4242
f 446 4243 1676
f 4243 1221 4244
f 1676 4244 214
f 4243 4244 1676
f 1220 4242 4239
f 4242 1221 4243
f 4239 4243 446
f 4242 4243 4239
f 214 2309 4246
f 2309 657 4245
f 4246 4245 1222
f 2309 4245 4246
f 657 2315 4247
f 2315 389 3288
f 4247 3288 960
f 2315 3288 4247
f 1222 4248 4249
f 4248 960 3285
f 4249 3285 250
f 4248 3285 4249
f 657 4247 4245
f 4247 960 4248
f 4245 4248 1222
f 4247 4248 4245
f 215 3111 1754
f 3111 910 4250
f 1754 4250 473
f 3111 4250 1754
f 910 3108 4251
f 3108 45 3866
f 4251 3866 1121
f 3108 3866 4251
f 473 4252 1757
f 4252 1121 3870
f 1757 3870 184
f 4252 3870 1757
f 910 4251 4250
f 4251 1121 4252
f 4250 4252 473
f 4251 4252 4250
f 248 4253 2045
f 4253 1223 4254
f 2045 4254 569
f 4253 4254 2045
f 1223 4255 4257
f 4255 265 4256
f 4257 4256 1224
f 4255 4256 4257
f 569 4258 2048
f 4258 1224 4259
f 2048 4259 215
f 4258 4259 2048
f 1223 4257 4254
f 4257 1224 4258
f 4254 4258 569
f 4257 4258 4254
f 257 4260 2489
f 4260 1225 4261
f 2489 4261 714
f 4260 4261 2489
f 1225 4262 4264
f 4262 9 4263
f 4264 4263 1226
f 4262 4263 4264
f 714 4265 2483
f 4265 1226 4266
f 2483 4266 78
f 4265 4266 2483
f 1225 4264 4261
f 4264 1226 4265
f 4261 4265 714
f 4264 4265 4261
f 65 3514 4268
f 3514 1026 4267
f 4268 4267 1227
f 3514 4267 4268
f 1026 3511 4269
f 3511 156 3137
f 4269 3137 918
f 3511 3137 4269
f 1227 4270 4271
f 4270 918 3134
f 4271 3134 8
f 4270 3134 4271
f 1026 4269 4267
f 4269 918 4270
f 4267 4270 1227
f 4269 4270 4267
f 217 2433 4273
f 2433 697 4272
f 4273 4272 1228
f 2433 4272 4273
f 697 2437 4274
f 2437 112 1614
f 4274 1614 428
f 2437 1614 4274
f 1228 4275 4276
f 4275 428 1620
f 4276 1620 177
f 4275 1620 4276
f 697 4274 4272
f 4274 428 4275
f 4272 4275 1228
f 4274 4275 4272
f 140 4277 1821
f 4277 1229 4278
f 1821 4278 494
f 4277 4278 1821
f 1229 4279 4281
f 4279 287 4280
f 4281 4280 1230
f 4279 4280 4281
f 494 4282 1815
f 4282 1230 4283
f 1815 4283 218
f 4282 4283 1815
f 1229 4281 4278
f 4281 1230 4282
f 4278 4282 494
f 4281 4282 4278
f 218 3227 4285
f 3227 944 4284
f 4285 4284 1232
f 3227 4284 4285
f 944 3224 4287
f 3224 73 4286
f 4287 4286 1231
f 3224 4286 4287
f 1232 4288 4290
f 4288 1231 4289
f 4290 4289 159
f 4288 4289 4290
f 944 4287 4284
f 4287 1231 4288
f 4284 4288 1232
f 4287 4288 4284
f 219 3772 3107
f 3772 1098 4291
f 3107 4291 909
f 3772 4291 3107
f 1098 3776 4292
f 3776 83 3882
f 4292 3882 1124
f 3776 3882 4292
f 909 4293 3103
f 4293 1124 3879
f 3103 3879 249
f 4293 3879 3103
f 1098 4292 4291
f 4292 1124 4293
f 4291 4293 909
f 4292 4293 4291
f 220 3211 4295
f 3211 939 4294
f 4295 4294 1233
f 3211 4294 4295
f 939 3208 4296
f 3208 108 3493
f 4296 3493 1020
f 3208 3493 4296
f 1233 4297 4298
f 4297 1020 3490
f 4298 3490 176
f 4297 3490 4298
f 939 4296 4294
f 4296 1020 4297
f 4294 4297 1233
f 4296 4297 4294
f 220 3899 3212
f 3899 1130 4299
f 3212 4299 940
f 3899 4299 3212
f 1130 3903 4300
f 3903 264 3499
f 4300 3499 1023
f 3903 3499 4300
f 940 4301 3215
f 4301 1023 3503
f 3215 3503 185
f 4301 3503 3215
f 1130 4300 4299
f 4300 1023 4301
f 4299 4301 940
f 4300 4301 4299
f 221 1790 3319
f 1790 484 4302
f 3319 4302 970
f 1790 4302 3319
f 484 1788 4304
f 1788 180 4303
f 4304 4303 1234
f 1788 4303 4304
f 970 4305 3322
f 4305 1234 4306
f 3322 4306 141
f 4305 4306 3322
f 484 4304 4302
f 4304 1234 4305
f 4302 4305 970
f 4304 4305 4302
f 221 4307 3190
f 4307 1235 4308
f 3190 4308 934
f 4307 4308 3190
f 1235 4309 4310
f 4309 51 2932
f 4310 2932 856
f 4309 2932 4310
f 934 4311 3187
f 4311 856 2938
f 3187 2938 130
f 4311 2938 3187
f 1235 4310 4308
f 4310 856 4311
f 4308 4311 934
f 4310 4311 4308
f 161 4312 4314
f 4312 1236 4313
f 4314 4313 1237
f 4312 4313 4314
f 1236 4315 4316
f 4315 268 2192
f 4316 2192 618
f 4315 2192 4316
f 1237 4317 4318
f 4317 618 2198
f 4318 2198 107
f 4317 2198 4318
f 1236 4316 4313
f 4316 618 4317
f 4313 4317 1237
f 4316 4317 4313
f 341 4319 4321
f 4319 1238 4320
f 4321 4320 1239
f 4319 4320 4321
f 1238 4322 4323
f 4322 118 3622
f 4323 3622 1056
f 4322 3622 4323
f 1239 4324 4325
f 4324 1056 3619
f 4325 3619 164
f 4324 3619 4325
f 1238 4323 4320
f 4323 1056 4324
f 4320 4324 1239
f 4323 4324 4320
f 142 3675 4327
f 3675 1072 4326
f 4327 4326 1241
f 3675 4326 4327
f 1072 3672 4329
f 3672 313 4328
f 4329 4328 1240
f 3672 4328 4329
f 1241 4330 4332
f 4330 1240 4331
f 4332 4331 86
f 4330 4331 4332
f 1072 4329 4326
f 4329 1240 4330
f 4326 4330 1241
f 4329 4330 4326
f 223 4333 4335
f 4333 1242 4334
f 4335 4334 1243
f 4333 4334 4335
f 1242 4336 4337
f 4336 125 3810
f 4337 3810 1107
f 4336 3810 4337
f 1243 4338 4339
f 4338 1107 3808
f 4339 3808 178
f 4338 3808 4339
f 1242 4337 4334
f 4337 1107 4338
f 4334 4338 1243
f 4337 4338 4334
f 223 2020 1731
f 2020 562 4340
f 1731 4340 465
f 2020 4340 1731
f 562 2026 4342
f 2026 4 4341
f 4342 4341 1244
f 2026 4341 4342
f 465 4343 1734
f 4343 1244 4344
f 1734 4344 62
f 4343 4344 1734
f 562 4342 4340
f 4342 1244 4343
f 4340 4343 465
f 4342 4343 4340
f 224 4345 2544
f 4345 1245 4346
f 2544 4346 732
f 4345 4346 2544
f 1245 4347 4348
f 4347 172 1721
f 4348 1721 461
f 4347 1721 4348
f 732 4349 2547
f 4349 461 1718
f 2547 1718 20
f 4349 1718 2547
f 1245 4348 4346
f 4348 461 4349
f 4346 4349 732
f 4348 4349 4346
f 286 4350 4352
f 4350 1246 4351
f 4352 4351 1248
f 4350 4351 4352
f 1246 4353 4355
f 4353 329 4354
f 4355 4354 1247
f 4353 4354 4355
f 1248 4356 4358
f 4356 1247 4357
f 4358 4357 244
f 4356 4357 4358
f 1246 4355 4351
f 4355 1247 4356
f 4351 4356 1248
f 4355 4356 4351
f 225 3681 1753
f 3681 1075 4359
f 1753 4359 472
f 3681 4359 1753
f 1075 3685 4361
f 3685 53 4360
f 4361 4360 1249
f 3685 4360 4361
f 472 4362 1747
f 4362 1249 4363
f 1747 4363 88
f 4362 4363 1747
f 1075 4361 4359
f 4361 1249 4362
f 4359 4362 472
f 4361 4362 4359
f 56 4364 1803
f 4364 1250 4365
f 1803 4365 488
f 4364 4365 1803
f 1250 4366 4368
f 4366 12 4367
f 4368 4367 1251
f 4366 4367 4368
f 488 4369 1797
f 4369 1251 4370
f 1797 4370 136
f 4369 4370 1797
f 1250 4368 4365
f 4368 1251 4369
f 4365 4369 488
f 4368 4369 4365
f 39 4371 2734
f 4371 1252 4372
f 2734 4372 791
f 4371 4372 2734
f 1252 4373 4375
f 4373 305 4374
f 4375 4374 1253
f 4373 4374 4375
f 791 4376 2737
f 4376 1253 4377
f 2737 4377 56
f 4376 4377 2737
f 1252 4375 4372
f 4375 1253 4376
f 4372 4376 791
f 4375 4376 4372
f 226 4378 1763
f 4378 1254 4379
f 1763 4379 476
f 4378 4379 1763
f 1254 4380 4382
f 4380 104 4381
f 4382 4381 1255
f 4380 4381 4382
f 476 4383 1766
f 4383 1255 4384
f 1766 4384 267
f 4383 4384 1766
f 1254 4382 4379
f 4382 1255 4383
f 4379 4383 476
f 4382 4383 4379
f 227 3520 4386
f 3520 1028 4385
f 4386 4385 1257
f 3520 4385 4386
f 1028 3518 4388
f 3518 183 4387
f 4388 4387 1256
f 3518 4387 4388
f 1257 4389 4391
f 4389 1256 4390
f 4391 4390 337
f 4389 4390 4391
f 1028 4388 4385
f 4388 1256 4389
f 4385 4389 1257
f 4388 4389 4385
f 133 4392 4394
f 4392 1258 4393
f 4394 4393 1259
f 4392 4393 4394
f 1258 4395 4396
f 4395 2 3928
f 4396 3928 1136
f 4395 3928 4396
f 1259 4397 4398
f 4397 1136 3925
f 4398 3925 398
f 4397 3925 4398
f 1258 4396 4393
f 4396 1136 4397
f 4393 4397 1259
f 4396 4397 4393
f 105 1653 4400
f 1653 438 4399
f 4400 4399 1261
f 1653 4399 4400
f 438 1650 4402
f 1650 228 4401
f 4402 4401 1260
f 1650 4401 4402
f 1261 4403 4405
f 4403 1260 4404
f 4405 4404 187
f 4403 4404 4405
f 438 4402 4399
f 4402 1260 4403
f 4399 4403 1261
f 4402 4403 4399
f 93 1658 4407
f 1658 440 4406
f 4407 4406 1263
f 1658 4406 4407
f 440 1655 4409
f 1655 59 4408
f 4409 4408 1262
f 1655 4408 4409
f 1263 4410 4412
f 4410 1262 4411
f 4412 4411 19
f 4410 4411 4412
f 440 4409 4406
f 4409 1262 4410
f 4406 4410 1263
f 4409 4410 4406
f 229 3779 3300
f 3779 1099 4413
f 3300 4413 965
f 3779 4413 3300
f 1099 3777 4414
f 3777 154 2206
f 4414 2206 620
f 3777 2206 4414
f 965 4415 3303
f 4415 620 2203
f 3303 2203 55
f 4415 2203 3303
f 1099 4414 4413
f 4414 620 4415
f 4413 4415 965
f 4414 4415 4413
f 30 3791 3033
f 3791 1102 4416
f 3033 4416 886
f 3791 4416 3033
f 1102 3788 4418
f 3788 246 4417
f 4418 4417 1264
f 3788 4417 4418
f 886 4419 3036
f 4419 1264 4420
f 3036 4420 354
f 4419 4420 3036
f 1102 4418 4416
f 4418 1264 4419
f 4416 4419 886
f 4418 4419 4416
f 230 2149 3951
f 2149 604 4421
f 3951 4421 1142
f 2149 4421 3951
f 604 2155 4422
f 2155 92 1707
f 4422 1707 456
f 2155 1707 4422
f 1142 4423 3954
f 4423 456 1704
f 3954 1704 190
f 4423 1704 3954
f 604 4422 4421
f 4422 456 4423
f 4421 4423 1142
f 4422 4423 4421
f 109 4424 3909
f 4424 1265 4425
f 3909 4425 1132
f 4424 4425 3909
f 1265 4426 4428
f 4426 250 4427
f 4428 4427 1266
f 4426 4427 4428
f 1132 4429 3911
f 4429 1266 4430
f 3911 4430 231
f 4429 4430 3911
f 1265 4428 4425
f 4428 1266 4429
f 4425 4429 1132
f 4428 4429 4425
f 231 4431 3912
f 4431 1267 4432
f 3912 4432 1133
f 4431 4432 3912
f 1267 4433 4434
f 4433 129 3918
f 4434 3918 1134
f 4433 3918 4434
f 1133 4435 3915
f 4435 1134 3916
f 3915 3916 186
f 4435 3916 3915
f 1267 4434 4432
f 4434 1134 4435
f 4432 4435 1133
f 4434 4435 4432
f 113 2450 4437
f 2450 701 4436
f 4437 4436 1268
f 2450 4436 4437
f 701 2447 4438
f 2447 299 3094
f 4438 3094 907
f 2447 3094 4438
f 1268 4439 4440
f 4439 907 3100
f 4440 3100 124
f 4439 3100 4440
f 701 4438 4436
f 4438 907 4439
f 4436 4439 1268
f 4438 4439 4436
f 67 4441 3358
f 4441 1269 4442
f 3358 4442 982
f 4441 4442 3358
f 1269 4443 4445
f 4443 311 4444
f 4445 4444 1270
f 4443 4444 4445
f 982 4446 3352
f 4446 1270 4447
f 3352 4447 232
f 4446 4447 3352
f 1269 4445 4442
f 4445 1270 4446
f 4442 4446 982
f 4445 4446 4442
f 380 4448 4450
f 4448 1271 4449
f 4450 4449 1272
f 4448 4449 4450
f 1271 4451 4452
f 4451 100 3819
f 4452 3819 1109
f 4451 3819 4452
f 1272 4453 4454
f 4453 1109 3816
f 4454 3816 143
f 4453 3816 4454
f 1271 4452 4449
f 4452 1109 4453
f 4449 4453 1272
f 4452 4453 4449
f 349 4455 2743
f 4455 1273 4456
f 2743 4456 794
f 4455 4456 2743
f 1273 4457 4459
f 4457 315 4458
f 4459 4458 1274
f 4457 4458 4459
f 794 4460 2746
f 4460 1274 4461
f 2746 4461 31
f 4460 4461 2746
f 1273 4459 4456
f 4459 1274 4460
f 4456 4460 794
f 4459 4460 4456
f 347 2132 4463
f 2132 596 4462
f 4463 4462 1275
f 2132 4462 4463
f 596 2129 4464
f 2129 91 3693
f 4464 3693 1078
f 2129 3693 4464
f 1275 4465 4466
f 4465 1078 3697
f 4466 3697 169
f 4465 3697 4466
f 596 4464 4462
f 4464 1078 4465
f 4462 4465 1275
f 4464 4465 4462
f 173 4467 4469
f 4467 1276 4468
f 4469 4468 1278
f 4467 4468 4469
f 1276 4470 4472
f 4470 342 4471
f 4472 4471 1277
f 4470 4471 4472
f 1278 4473 4475
f 4473 1277 4474
f 4475 4474 70
f 4473 4474 4475
f 1276 4472 4468
f 4472 1277 4473
f 4468 4473 1278
f 4472 4473 4468
f 282 4476 4478
f 4476 1279 4477
f 4478 4477 1280
f 4476 4477 4478
f 1279 4479 4480
f 4479 370 3400
f 4480 3400 997
f 4479 3400 4480
f 1280 4481 4482
f 4481 997 3406
f 4482 3406 146
f 4481 3406 4482
f 1279 4480 4477
f 4480 997 4481
f 4477 4481 1280
f 4480 4481 4477
f 235 4483 3644
f 4483 1281 4484
f 3644 4484 1063
f 4483 4484 3644
f 1281 4485 4487
f 4485 328 4486
f 4487 4486 1282
f 4485 4486 4487
f 1063 4488 3647
f 4488 1282 4489
f 3647 4489 196
f 4488 4489 3647
f 1281 4487 4484
f 4487 1282 4488
f 4484 4488 1063
f 4487 4488 4484
f 235 4490 4492
f 4490 1283 4491
f 4492 4491 1284
f 4490 4491 4492
f 1283 4493 4494
f 4493 165 1982
f 4494 1982 547
f 4493 1982 4494
f 1284 4495 4496
f 4495 547 1979
f 4496 1979 101
f 4495 1979 4496
f 1283 4494 4491
f 4494 547 4495
f 4491 4495 1284
f 4494 4495 4491
f 236 4005 3630
f 4005 1154 4497
f 3630 4497 1059
f 4005 4497 3630
f 1154 4002 4499
f 4002 195 4498
f 4499 4498 1285
f 4002 4498 4499
f 1059 4500 3633
f 4500 1285 4501
f 3633 4501 68
f 4500 4501 3633
f 1154 4499 4497
f 4499 1285 4500
f 4497 4500 1059
f 4499 4500 4497
f 236 2852 2351
f 2852 831 4502
f 2351 4502 669
f 2852 4502 2351
f 831 2858 4503
f 2858 106 3048
f 4503 3048 890
f 2858 3048 4503
f 669 4504 2345
f 4504 890 3045
f 2345 3045 50
f 4504 3045 2345
f 831 4503 4502
f 4503 890 4504
f 4502 4504 669
f 4503 4504 4502
f 237 2055 2968
f 2055 571 4505
f 2968 4505 866
f 2055 4505 2968
f 571 2052 4506
f 2052 55 2984
f 4506 2984 870
f 2052 2984 4506
f 866 4507 2971
f 4507 870 2981
f 2971 2981 74
f 4507 2981 2971
f 571 4506 4505
f 4506 870 4507
f 4505 4507 866
f 4506 4507 4505
f 217 4508 2964
f 4508 1286 4509
f 2964 4509 865
f 4508 4509 2964
f 1286 4510 4512
f 4510 335 4511
f 4512 4511 1287
f 4510 4511 4512
f 865 4513 2967
f 4513 1287 4514
f 2967 4514 237
f 4513 4514 2967
f 1286 4512 4509
f 4512 1287 4513
f 4509 4513 865
f 4512 4513 4509
f 102 4515 2607
f 4515 1288 4516
f 2607 4516 753
f 4515 4516 2607
f 1288 4517 4519
f 4517 364 4518
f 4519 4518 1289
f 4517 4518 4519
f 753 4520 2610
f 4520 1289 4521
f 2610 4521 200
f 4520 4521 2610
f 1288 4519 4516
f 4519 1289 4520
f 4516 4520 753
f 4519 4520 4516
f 238 4522 3061
f 4522 1290 4523
f 3061 4523 895
f 4522 4523 3061
f 1290 4524 4525
f 4524 283 3375
f 4525 3375 987
f 4524 3375 4525
f 895 4526 3064
f 4526 987 3372
f 3064 3372 121
f 4526 3372 3064
f 1290 4525 4523
f 4525 987 4526
f 4523 4526 895
f 4525 4526 4523
f 120 4527 4529
f 4527 1291 4528
f 4529 4528 1293
f 4527 4528 4529
f 1291 4530 4532
f 4530 390 4531
f 4532 4531 1292
f 4530 4531 4532
f 1293 4533 4535
f 4533 1292 4534
f 4535 4534 320
f 4533 4534 4535
f 1291 4532 4528
f 4532 1292 4533
f 4528 4533 1293
f 4532 4533 4528
f 240 1959 4094
f 1959 542 4536
f 4094 4536 1181
f 1959 4536 4094
f 542 1965 4538
f 1965 202 4537
f 4538 4537 1294
f 1965 4537 4538
f 1181 4539 4097
f 4539 1294 4540
f 4097 4540 387
f 4539 4540 4097
f 542 4538 4536
f 4538 1294 4539
f 4536 4539 1181
f 4538 4539 4536
f 164 3621 2128
f 3621 1058 4541
f 2128 4541 595
f 3621 4541 2128
f 1058 3627 4543
f 3627 312 4542
f 4543 4542 1295
f 3627 4542 4543
f 595 4544 2122
f 4544 1295 4545
f 2122 4545 198
f 4544 4545 2122
f 1058 4543 4541
f 4543 1295 4544
f 4541 4544 595
f 4543 4544 4541
f 241 4546 3345
f 4546 1296 4547
f 3345 4547 978
f 4546 4547 3345
f 1296 4548 4550
f 4548 310 4549
f 4550 4549 1297
f 4548 4549 4550
f 978 4551 3348
f 4551 1297 4552
f 3348 4552 27
f 4551 4552 3348
f 1296 4550 4547
f 4550 1297 4551
f 4547 4551 978
f 4550 4551 4547
f 241 4553 4555
f 4553 1298 4554
f 4555 4554 1299
f 4553 4554 4555
f 1298 4556 4557
f 4556 163 3612
f 4557 3612 1055
f 4556 3612 4557
f 1299 4558 4559
f 4558 1055 3618
f 4559 3618 117
f 4558 3618 4559
f 1298 4557 4554
f 4557 1055 4558
f 4554 4558 1299
f 4557 4558 4554
f 363 4028 4561
f 4028 1160 4560
f 4561 4560 1301
f 4028 4560 4561
f 1160 4025 4563
f 4025 314 4562
f 4563 4562 1300
f 4025 4562 4563
f 1301 4564 4566
f 4564 1300 4565
f 4566 4565 242
f 4564 4565 4566
f 1160 4563 4560
f 4563 1300 4564
f 4560 4564 1301
f 4563 4564 4560
f 70 4567 3743
f 4567 1302 4568
f 3743 4568 1090
f 4567 4568 3743
f 1302 4569 4571
f 4569 279 4570
f 4571 4570 1303
f 4569 4570 4571
f 1090 4572 3746
f 4572 1303 4573
f 3746 4573 242
f 4572 4573 3746
f 1302 4571 4568
f 4571 1303 4572
f 4568 4572 1090
f 4571 4572 4568
f 123 4574 4576
f 4574 1304 4575
f 4576 4575 1306
f 4574 4575 4576
f 1304 4577 4579
f 4577 291 4578
f 4579 4578 1305
f 4577 4578 4579
f 1306 4580 4582
f 4580 1305 4581
f 4582 4581 243
f 4580 4581 4582
f 1304 4579 4575
f 4579 1305 4580
f 4575 4580 1306
f 4579 4580 4575
f 291 4583 4578
f 4583 1307 4584
f 4578 4584 1305
f 4583 4584 4578
f 1307 4585 4587
f 4585 333 4586
f 4587 4586 1308
f 4585 4586 4587
f 1305 4588 4581
f 4588 1308 4589
f 4581 4589 243
f 4588 4589 4581
f 1307 4587 4584
f 4587 1308 4588
f 4584 4588 1305
f 4587 4588 4584
f 329 4590 4354
f 4590 1309 4591
f 4354 4591 1247
f 4590 4591 4354
f 1309 4592 4593
f 4592 243 4053
f 4593 4053 1167
f 4592 4053 4593
f 1247 4594 4357
f 4594 1167 4050
f 4357 4050 244
f 4594 4050 4357
f 1309 4593 4591
f 4593 1167 4594
f 4591 4594 1247
f 4593 4594 4591
f 286 4595 4597
f 4595 1310 4596
f 4597 4596 1312
f 4595 4596 4597
f 1310 4598 4600
f 4598 168 4599
f 4600 4599 1311
f 4598 4599 4600
f 1312 4601 4603
f 4601 1311 4602
f 4603 4602 225
f 4601 4602 4603
f 1310 4600 4596
f 4600 1311 4601
f 4596 4601 1312
f 4600 4601 4596
f 245 3234 4605
f 3234 948 4604
f 4605 4604 1314
f 3234 4604 4605
f 948 3239 4607
f 3239 133 4606
f 4607 4606 1313
f 3239 4606 4607
f 1314 4608 4610
f 4608 1313 4609
f 4610 4609 228
f 4608 4609 4610
f 948 4607 4604
f 4607 1313 4608
f 4604 4608 1314
f 4607 4608 4604
f 203 4110 3690
f 4110 1187 4611
f 3690 4611 1076
f 4110 4611 3690
f 1187 4116 4613
f 4116 357 4612
f 4613 4612 1315
f 4116 4612 4613
f 1076 4614 3687
f 4614 1315 4615
f 3687 4615 147
f 4614 4615 3687
f 1187 4613 4611
f 4613 1315 4614
f 4611 4614 1076
f 4613 4614 4611
f 276 4616 4618
f 4616 1316 4617
f 4618 4617 1318
f 4616 4617 4618
f 1316 4619 4621
f 4619 319 4620
f 4621 4620 1317
f 4619 4620 4621
f 1318 4622 4624
f 4622 1317 4623
f 4624 4623 166
f 4622 4623 4624
f 1316 4621 4617
f 4621 1317 4622
f 4617 4622 1318
f 4621 4622 4617
f 294 3585 4626
f 3585 1045 4625
f 4626 4625 1319
f 3585 4625 4626
f 1045 3582 4627
f 3582 75 3202
f 4627 3202 937
f 3582 3202 4627
f 1319 4628 4629
f 4628 937 3199
f 4629 3199 160
f 4628 3199 4629
f 1045 4627 4625
f 4627 937 4628
f 4625 4628 1319
f 4627 4628 4625
f 98 4630 4632
f 4630 1320 4631
f 4632 4631 1321
f 4630 4631 4632
f 1320 4633 4634
f 4633 247 3589
f 4634 3589 1046
f 4633 3589 4634
f 1321 4635 4636
f 4635 1046 3586
f 4636 3586 294
f 4635 3586 4636
f 1320 4634 4631
f 4634 1046 4635
f 4631 4635 1321
f 4634 4635 4631
f 125 4177 3811
f 4177 1207 4637
f 3811 4637 1108
f 4177 4637 3811
f 1207 4183 4639
f 4183 301 4638
f 4639 4638 1322
f 4183 4638 4639
f 1108 4640 3814
f 4640 1322 4641
f 3814 4641 207
f 4640 4641 3814
f 1207 4639 4637
f 4639 1322 4640
f 4637 4640 1108
f 4639 4640 4637
f 248 4178 4253
f 4178 1205 4642
f 4253 4642 1223
f 4178 4642 4253
f 1205 4175 4644
f 4175 125 4643
f 4644 4643 1323
f 4175 4643 4644
f 1223 4645 4255
f 4645 1323 4646
f 4255 4646 265
f 4645 4646 4255
f 1205 4644 4642
f 4644 1323 4645
f 4642 4645 1223
f 4644 4645 4642
f 249 3727 3101
f 3727 1085 4647
f 3101 4647 908
f 3727 4647 3101
f 1085 3725 4648
f 3725 113 4437
f 4648 4437 1268
f 3725 4437 4648
f 908 4649 3104
f 4649 1268 4440
f 3104 4440 124
f 4649 4440 3104
f 1085 4648 4647
f 4648 1268 4649
f 4647 4649 908
f 4648 4649 4647
f 249 3878 3728
f 3878 1123 4650
f 3728 4650 1086
f 3878 4650 3728
f 1123 3876 4651
f 3876 172 4347
f 4651 4347 1245
f 3876 4347 4651
f 1086 4652 3731
f 4652 1245 4345
f 3731 4345 224
f 4652 4345 3731
f 1123 4651 4650
f 4651 1245 4652
f 4650 4652 1086
f 4651 4652 4650
f 250 4426 4249
f 4426 1265 4653
f 4249 4653 1222
f 4426 4653 4249
f 1265 4424 4654
f 4424 109 1680
f 4654 1680 447
f 4424 1680 4654
f 1222 4655 4246
f 4655 447 1677
f 4246 1677 214
f 4655 1677 4246
f 1265 4654 4653
f 4654 447 4655
f 4653 4655 1222
f 4654 4655 4653
f 251 3119 4657
f 3119 914 4656
f 4657 4656 1324
f 3119 4656 4657
f 914 3123 4658
f 3123 88 4363
f 4658 4363 1249
f 3123 4363 4658
f 1324 4659 4660
f 4659 1249 4360
f 4660 4360 53
f 4659 4360 4660
f 914 4658 4656
f 4658 1249 4659
f 4656 4659 1324
f 4658 4659 4656
f 251 4661 2169
f 4661 1325 4662
f 2169 4662 609
f 4661 4662 2169
f 1325 4663 4665
f 4663 336 4664
f 4665 4664 1326
f 4663 4664 4665
f 609 4666 2172
f 4666 1326 4667
f 2172 4667 151
f 4666 4667 2172
f 1325 4665 4662
f 4665 1326 4666
f 4662 4666 609
f 4665 4666 4662
f 326 2675 4669
f 2675 773 4668
f 4669 4668 1328
f 2675 4668 4669
f 773 2672 4671
f 2672 369 4670
f 4671 4670 1327
f 2672 4670 4671
f 1328 4672 4674
f 4672 1327 4673
f 4674 4673 252
f 4672 4673 4674
f 773 4671 4668
f 4671 1327 4672
f 4668 4672 1328
f 4671 4672 4668
f 252 4675 4677
f 4675 1329 4676
f 4677 4676 1330
f 4675 4676 4677
f 1329 4678 4679
f 4678 69 4196
f 4679 4196 1210
f 4678 4196 4679
f 1330 4680 4681
f 4680 1210 4194
f 4681 4194 208
f 4680 4194 4681
f 1329 4679 4676
f 4679 1210 4680
f 4676 4680 1330
f 4679 4680 4676
f 253 1816 3553
f 1816 492 4682
f 3553 4682 1036
f 1816 4682 3553
f 492 1813 4683
f 1813 218 4285
f 4683 4285 1232
f 1813 4285 4683
f 1036 4684 3547
f 4684 1232 4290
f 3547 4290 159
f 4684 4290 3547
f 492 4683 4682
f 4683 1232 4684
f 4682 4684 1036
f 4683 4684 4682
f 366 4080 4686
f 4080 1176 4685
f 4686 4685 1331
f 4080 4685 4686
f 1176 4078 4687
f 4078 171 2848
f 4687 2848 827
f 4078 2848 4687
f 1331 4688 4689
f 4688 827 2845
f 4689 2845 201
f 4688 2845 4689
f 1176 4687 4685
f 4687 827 4688
f 4685 4688 1331
f 4687 4688 4685
f 128 3944 2244
f 3944 1139 4690
f 2244 4690 634
f 3944 4690 2244
f 1139 3941 4691
f 3941 69 4228
f 4691 4228 1217
f 3941 4228 4691
f 634 4692 2247
f 4692 1217 4226
f 2247 4226 212
f 4692 4226 2247
f 1139 4691 4690
f 4691 1217 4692
f 4690 4692 634
f 4691 4692 4690
f 134 4191 2468
f 4191 1209 4693
f 2468 4693 708
f 4191 4693 2468
f 1209 4189 4695
f 4189 326 4694
f 4695 4694 1332
f 4189 4694 4695
f 708 4696 2471
f 4696 1332 4697
f 2471 4697 208
f 4696 4697 2471
f 1209 4695 4693
f 4695 1332 4696
f 4693 4696 708
f 4695 4696 4693
f 255 2064 4699
f 2064 574 4698
f 4699 4698 1333
f 2064 4698 4699
f 574 2061 4700
f 2061 127 3072
f 4700 3072 897
f 2061 3072 4700
f 1333 4701 4702
f 4701 897 3069
f 4702 3069 227
f 4701 3069 4702
f 574 4700 4698
f 4700 897 4701
f 4698 4701 1333
f 4700 4701 4698
f 255 4703 4225
f 4703 1334 4704
f 4225 4704 1216
f 4703 4704 4225
f 1334 4705 4707
f 4705 295 4706
f 4707 4706 1335
f 4705 4706 4707
f 1216 4708 4222
f 4708 1335 4709
f 4222 4709 211
f 4708 4709 4222
f 1334 4707 4704
f 4707 1335 4708
f 4704 4708 1216
f 4707 4708 4704
f 256 2141 3191
f 2141 599 4710
f 3191 4710 935
f 2141 4710 3191
f 599 2138 4711
f 2138 104 4380
f 4711 4380 1254
f 2138 4380 4711
f 935 4712 3193
f 4712 1254 4378
f 3193 4378 226
f 4712 4378 3193
f 599 4711 4710
f 4711 1254 4712
f 4710 4712 935
f 4711 4712 4710
f 256 4713 2142
f 4713 1336 4714
f 2142 4714 600
f 4713 4714 2142
f 1336 4715 4717
f 4715 285 4716
f 4717 4716 1337
f 4715 4716 4717
f 600 4718 2145
f 4718 1337 4719
f 2145 4719 209
f 4718 4719 2145
f 1336 4717 4714
f 4717 1337 4718
f 4714 4718 600
f 4717 4718 4714
f 122 3442 4721
f 3442 1007 4720
f 4721 4720 1338
f 3442 4720 4721
f 1007 3440 4722
f 3440 111 2926
f 4722 2926 852
f 3440 2926 4722
f 1338 4723 4724
f 4723 852 2923
f 4724 2923 149
f 4723 2923 4724
f 1007 4722 4720
f 4722 852 4723
f 4720 4723 1338
f 4722 4723 4720
f 334 4725 4727
f 4725 1339 4726
f 4727 4726 1341
f 4725 4726 4727
f 1339 4728 4730
f 4728 132 4729
f 4730 4729 1340
f 4728 4729 4730
f 1341 4731 4733
f 4731 1340 4732
f 4733 4732 287
f 4731 4732 4733
f 1339 4730 4726
f 4730 1340 4731
f 4726 4731 1341
f 4730 4731 4726
f 90 4734 4736
f 4734 1342 4735
f 4736 4735 1344
f 4734 4735 4736
f 1342 4737 4739
f 4737 296 4738
f 4739 4738 1343
f 4737 4738 4739
f 1344 4740 4742
f 4740 1343 4741
f 4742 4741 334
f 4740 4741 4742
f 1342 4739 4735
f 4739 1343 4740
f 4735 4740 1344
f 4739 4740 4735
f 241 3344 4553
f 3344 977 4743
f 4553 4743 1298
f 3344 4743 4553
f 977 3341 4744
f 3341 281 1950
f 4744 1950 539
f 3341 1950 4744
f 1298 4745 4556
f 4745 539 1956
f 4556 1956 163
f 4745 1956 4556
f 977 4744 4743
f 4744 539 4745
f 4743 4745 1298
f 4744 4745 4743
f 142 4327 4747
f 4327 1241 4746
f 4747 4746 1346
f 4327 4746 4747
f 1241 4332 4749
f 4332 86 4748
f 4749 4748 1345
f 4332 4748 4749
f 1346 4750 4752
f 4750 1345 4751
f 4752 4751 258
f 4750 4751 4752
f 1241 4749 4746
f 4749 1345 4750
f 4746 4750 1346
f 4749 4750 4746
f 259 4164 4754
f 4164 1201 4753
f 4754 4753 1347
f 4164 4753 4754
f 1201 4161 4755
f 4161 35 3487
f 4755 3487 1019
f 4161 3487 4755
f 1347 4756 4757
f 4756 1019 3485
f 4757 3485 153
f 4756 3485 4757
f 1201 4755 4753
f 4755 1019 4756
f 4753 4756 1347
f 4755 4756 4753
f 259 3424 4165
f 3424 1003 4758
f 4165 4758 1202
f 3424 4758 4165
f 1003 3430 4759
f 3430 148 2188
f 4759 2188 614
f 3430 2188 4759
f 1202 4760 4168
f 4760 614 2185
f 4168 2185 206
f 4760 2185 4168
f 1003 4759 4758
f 4759 614 4760
f 4758 4760 1202
f 4759 4760 4758
f 260 3694 4762
f 3694 1077 4761
f 4762 4761 1348
f 3694 4761 4762
f 1077 3691 4763
f 3691 91 4040
f 4763 4040 1164
f 3691 4040 4763
f 1348 4764 4765
f 4764 1164 4037
f 4765 4037 330
f 4764 4037 4765
f 1077 4763 4761
f 4763 1164 4764
f 4761 4764 1348
f 4763 4764 4761
f 145 3385 4767
f 3385 990 4766
f 4767 4766 1350
f 3385 4766 4767
f 990 3382 4769
f 3382 355 4768
f 4769 4768 1349
f 3382 4768 4769
f 1350 4770 4772
f 4770 1349 4771
f 4772 4771 260
f 4770 4771 4772
f 990 4769 4766
f 4769 1349 4770
f 4766 4770 1350
f 4769 4770 4766
f 261 4773 2194
f 4773 1351 4774
f 2194 4774 617
f 4773 4774 2194
f 1351 4775 4776
f 4775 339 4151
f 4776 4151 1199
f 4775 4151 4776
f 617 4777 2197
f 4777 1199 4155
f 2197 4155 107
f 4777 4155 2197
f 1351 4776 4774
f 4776 1199 4777
f 4774 4777 617
f 4776 4777 4774
f 386 3974 3575
f 3974 1146 4778
f 3575 4778 1043
f 3974 4778 3575
f 1146 3977 4779
f 3977 193 3154
f 4779 3154 923
f 3977 3154 4779
f 1043 4780 3578
f 4780 923 3151
f 3578 3151 261
f 4780 3151 3578
f 1146 4779 4778
f 4779 923 4780
f 4778 4780 1043
f 4779 4780 4778
f 262 2251 3204
f 2251 635 4781
f 3204 4781 938
f 2251 4781 3204
f 635 2248 4782
f 2248 212 2072
f 4782 2072 579
f 2248 2072 4782
f 938 4783 3207
f 4783 579 2078
f 3207 2078 84
f 4783 2078 3207
f 635 4782 4781
f 4782 579 4783
f 4781 4783 938
f 4782 4783 4781
f 263 3524 3860
f 3524 1029 4784
f 3860 4784 1119
f 3524 4784 3860
f 1029 3521 4785
f 3521 227 3068
f 4785 3068 896
f 3521 3068 4785
f 1119 4786 3863
f 4786 896 3065
f 3863 3065 156
f 4786 3065 3863
f 1029 4785 4784
f 4785 896 4786
f 4784 4786 1119
f 4785 4786 4784
f 264 1635 3497
f 1635 432 4787
f 3497 4787 1022
f 1635 4787 3497
f 432 1632 4788
f 1632 155 2459
f 4788 2459 704
f 1632 2459 4788
f 1022 4789 3500
f 4789 704 2456
f 3500 2456 81
f 4789 2456 3500
f 432 4788 4787
f 4788 704 4789
f 4787 4789 1022
f 4788 4789 4787
f 265 1784 4256
f 1784 482 4790
f 4256 4790 1224
f 1784 4790 4256
f 482 1781 4791
f 1781 5 3115
f 4791 3115 911
f 1781 3115 4791
f 1224 4792 4259
f 4792 911 3112
f 4259 3112 215
f 4792 3112 4259
f 482 4791 4790
f 4791 911 4792
f 4790 4792 1224
f 4791 4792 4790
f 265 4646 1727
f 4646 1323 4793
f 1727 4793 464
f 4646 4793 1727
f 1323 4643 4794
f 4643 125 4336
f 4794 4336 1242
f 4643 4336 4794
f 464 4795 1730
f 4795 1242 4333
f 1730 4333 223
f 4795 4333 1730
f 1323 4794 4793
f 4794 1242 4795
f 4793 4795 464
f 4794 4795 4793
f 126 4796 1749
f 4796 1352 4797
f 1749 4797 471
f 4796 4797 1749
f 1352 4798 4799
f 4798 286 4597
f 4799 4597 1312
f 4798 4597 4799
f 471 4800 1752
f 4800 1312 4603
f 1752 4603 225
f 4800 4603 1752
f 1352 4799 4797
f 4799 1312 4800
f 4797 4800 471
f 4799 4800 4797
f 377 4234 4802
f 4234 1219 4801
f 4802 4801 1353
f 4234 4801 4802
f 1219 4237 4803
f 4237 213 2237
f 4803 2237 633
f 4237 2237 4803
f 1353 4804 4805
f 4804 633 2243
f 4805 2243 93
f 4804 2243 4805
f 1219 4803 4801
f 4803 633 4804
f 4801 4804 1353
f 4803 4804 4801
f 266 4806 4808
f 4806 1354 4807
f 4808 4807 1356
f 4806 4807 4808
f 1354 4809 4811
f 4809 324 4810
f 4811 4810 1355
f 4809 4810 4811
f 1356 4812 4814
f 4812 1355 4813
f 4814 4813 397
f 4812 4813 4814
f 1354 4811 4807
f 4811 1355 4812
f 4807 4812 1356
f 4811 4812 4807
f 266 2776 4816
f 2776 804 4815
f 4816 4815 1357
f 2776 4815 4816
f 804 2773 4817
f 2773 124 3099
f 4817 3099 906
f 2773 3099 4817
f 1357 4818 4819
f 4818 906 3096
f 4819 3096 152
f 4818 3096 4819
f 804 4817 4815
f 4817 906 4818
f 4815 4818 1357
f 4817 4818 4815
f 267 2283 2825
f 2283 646 4820
f 2825 4820 821
f 2283 4820 2825
f 646 2280 4822
f 2280 63 4821
f 4822 4821 1358
f 2280 4821 4822
f 821 4823 2827
f 4823 1358 4824
f 2827 4824 6
f 4823 4824 2827
f 646 4822 4820
f 4822 1358 4823
f 4820 4823 821
f 4822 4823 4820
f 267 4384 2284
f 4384 1255 4825
f 2284 4825 647
f 4384 4825 2284
f 1255 4381 4826
f 4381 104 3873
f 4826 3873 1122
f 4381 3873 4826
f 647 4827 2287
f 4827 1122 3871
f 2287 3871 184
f 4827 3871 2287
f 1255 4826 4825
f 4826 1122 4827
f 4825 4827 647
f 4826 4827 4825
f 161 4314 2873
f 4314 1237 4828
f 2873 4828 836
f 4314 4828 2873
f 1237 4318 4829
f 4318 107 2493
f 4829 2493 715
f 4318 2493 4829
f 836 4830 2876
f 4830 715 2490
f 2876 2490 338
f 4830 2490 2876
f 1237 4829 4828
f 4829 715 4830
f 4828 4830 836
f 4829 4830 4828
f 268 4315 3574
f 4315 1236 4831
f 3574 4831 1042
f 4315 4831 3574
f 1236 4312 4832
f 4312 161 3277
f 4832 3277 957
f 4312 3277 4832
f 1042 4833 3568
f 4833 957 3274
f 3568 3274 79
f 4833 3274 3568
f 1236 4832 4831
f 4832 957 4833
f 4831 4833 1042
f 4832 4833 4831
f 361 2012 3832
f 2012 557 4834
f 3832 4834 1113
f 2012 4834 3832
f 557 2009 4835
f 2009 130 3197
f 4835 3197 936
f 2009 3197 4835
f 1113 4836 3835
f 4836 936 3194
f 3835 3194 226
f 4836 3194 3835
f 557 4835 4834
f 4835 936 4836
f 4834 4836 1113
f 4835 4836 4834
f 162 3600 3267
f 3600 1049 4837
f 3267 4837 955
f 3600 4837 3267
f 1049 3597 4838
f 3597 66 1644
f 4838 1644 435
f 3597 1644 4838
f 955 4839 3270
f 4839 435 1641
f 3270 1641 138
f 4839 1641 3270
f 1049 4838 4837
f 4838 435 4839
f 4837 4839 955
f 4838 4839 4837
f 269 2560 1616
f 2560 739 4840
f 1616 4840 427
f 2560 4840 1616
f 739 2566 4841
f 2566 133 3238
f 4841 3238 947
f 2566 3238 4841
f 427 4842 1619
f 4842 947 3235
f 1619 3235 177
f 4842 3235 1619
f 739 4841 4840
f 4841 947 4842
f 4840 4842 427
f 4841 4842 4840
f 230 2908 2147
f 2908 846 4843
f 2147 4843 602
f 2908 4843 2147
f 846 2905 4845
f 2905 47 4844
f 4845 4844 1359
f 2905 4844 4845
f 602 4846 2150
f 4846 1359 4847
f 2150 4847 392
f 4846 4847 2150
f 846 4845 4843
f 4845 1359 4846
f 4843 4846 602
f 4845 4846 4843
f 110 1843 3948
f 1843 501 4848
f 3948 4848 1141
f 1843 4848 3948
f 501 1840 4849
f 1840 15 2912
f 4849 2912 847
f 1840 2912 4849
f 1141 4850 3950
f 4850 847 2909
f 3950 2909 230
f 4850 2909 3950
f 501 4849 4848
f 4849 847 4850
f 4848 4850 1141
f 4849 4850 4848
f 270 3434 3751
f 3434 1004 4851
f 3751 4851 1093
f 3434 4851 3751
f 1004 3431 4852
f 3431 210 4210
f 4852 4210 1214
f 3431 4210 4852
f 1093 4853 3754
f 4853 1214 4215
f 3754 4215 174
f 4853 4215 3754
f 1004 4852 4851
f 4852 1214 4853
f 4851 4853 1093
f 4852 4853 4851
f 270 1856 3435
f 1856 505 4854
f 3435 4854 1005
f 1856 4854 3435
f 505 1853 4856
f 1853 297 4855
f 4856 4855 1360
f 1853 4855 4856
f 1005 4857 3438
f 4857 1360 4858
f 3438 4858 149
f 4857 4858 3438
f 505 4856 4854
f 4856 1360 4857
f 4854 4857 1005
f 4856 4857 4854
f 129 1667 2881
f 1667 443 4859
f 2881 4859 838
f 1667 4859 2881
f 443 1664 4860
f 1664 17 3281
f 4860 3281 958
f 1664 3281 4860
f 838 4861 2875
f 4861 958 3278
f 2875 3278 161
f 4861 3278 2875
f 443 4860 4859
f 4860 958 4861
f 4859 4861 838
f 4860 4861 4859
f 129 4433 1668
f 4433 1267 4862
f 1668 4862 444
f 4433 4862 1668
f 1267 4431 4863
f 4431 231 3179
f 4863 3179 933
f 4431 3179 4863
f 444 4864 1671
f 4864 933 3185
f 1671 3185 40
f 4864 3185 1671
f 1267 4863 4862
f 4863 933 4864
f 4862 4864 444
f 4863 4864 4862
f 271 3804 2022
f 3804 1106 4865
f 2022 4865 561
f 3804 4865 2022
f 1106 3807 4867
f 3807 41 4866
f 4867 4866 1361
f 3807 4866 4867
f 561 4868 2025
f 4868 1361 4869
f 2025 4869 4
f 4868 4869 2025
f 1106 4867 4865
f 4867 1361 4868
f 4865 4868 561
f 4867 4868 4865
f 271 2021 3453
f 2021 560 4870
f 3453 4870 1010
f 2021 4870 3453
f 560 2018 4871
f 2018 223 4335
f 4871 4335 1243
f 2018 4335 4871
f 1010 4872 3456
f 4872 1243 4339
f 3456 4339 178
f 4872 4339 3456
f 560 4871 4870
f 4871 1243 4872
f 4870 4872 1010
f 4871 4872 4870
f 295 3250 4874
f 3250 951 4873
f 4874 4873 1362
f 3250 4873 4874
f 951 3247 4875
f 3247 141 4306
f 4875 4306 1234
f 3247 4306 4875
f 1362 4876 4877
f 4876 1234 4303
f 4877 4303 180
f 4876 4303 4877
f 951 4875 4873
f 4875 1234 4876
f 4873 4876 1362
f 4875 4876 4873
f 94 2693 1776
f 2693 779 4878
f 1776 4878 480
f 2693 4878 1776
f 779 2690 4880
f 2690 211 4879
f 4880 4879 1363
f 2690 4879 4880
f 480 4881 1779
f 4881 1363 4882
f 1779 4882 180
f 4881 4882 1779
f 779 4880 4878
f 4880 1363 4881
f 4878 4881 480
f 4880 4881 4878
f 235 3643 4490
f 3643 1062 4883
f 4490 4883 1283
f 3643 4883 4490
f 1062 3640 4885
f 3640 345 4884
f 4885 4884 1364
f 3640 4884 4885
f 1283 4886 4493
f 4886 1364 4887
f 4493 4887 165
f 4886 4887 4493
f 1062 4885 4883
f 4885 1364 4886
f 4883 4886 1283
f 4885 4886 4883
f 117 1554 4559
f 1554 406 4888
f 4559 4888 1299
f 1554 4888 4559
f 406 1551 4890
f 1551 344 4889
f 4890 4889 1365
f 1551 4889 4890
f 1299 4891 4555
f 4891 1365 4892
f 4555 4892 241
f 4891 4892 4555
f 406 4890 4888
f 4890 1365 4891
f 4888 4891 1299
f 4890 4891 4888
f 37 3018 3826
f 3018 880 4893
f 3826 4893 1111
f 3018 4893 3826
f 880 3015 4894
f 3015 240 4096
f 4894 4096 1183
f 3015 4096 4894
f 1111 4895 3822
f 4895 1183 4102
f 3822 4102 179
f 4895 4102 3822
f 880 4894 4893
f 4894 1183 4895
f 4893 4895 1111
f 4894 4895 4893
f 351 2659 4897
f 2659 768 4896
f 4897 4896 1366
f 2659 4896 4897
f 768 2656 4898
f 2656 91 2131
f 4898 2131 598
f 2656 2131 4898
f 1366 4899 4900
f 4899 598 2137
f 4900 2137 233
f 4899 2137 4900
f 768 4898 4896
f 4898 598 4899
f 4896 4899 1366
f 4898 4899 4896
f 274 4901 4903
f 4901 1367 4902
f 4903 4902 1369
f 4901 4902 4903
f 1367 4904 4906
f 4904 349 4905
f 4906 4905 1368
f 4904 4905 4906
f 1369 4907 4909
f 4907 1368 4908
f 4909 4908 195
f 4907 4908 4909
f 1367 4906 4902
f 4906 1368 4907
f 4902 4907 1369
f 4906 4907 4902
f 274 4910 2124
f 4910 1370 4911
f 2124 4911 594
f 4910 4911 2124
f 1370 4912 4914
f 4912 316 4913
f 4914 4913 1371
f 4912 4913 4914
f 594 4915 2127
f 4915 1371 4916
f 2127 4916 164
f 4915 4916 2127
f 1370 4914 4911
f 4914 1371 4915
f 4911 4915 594
f 4914 4915 4911
f 275 4917 4130
f 4917 1372 4918
f 4130 4918 1192
f 4917 4918 4130
f 1372 4919 4921
f 4919 325 4920
f 4921 4920 1373
f 4919 4920 4921
f 1192 4922 4133
f 4922 1373 4923
f 4133 4923 204
f 4922 4923 4133
f 1372 4921 4918
f 4921 1373 4922
f 4918 4922 1192
f 4921 4922 4918
f 311 4924 4926
f 4924 1374 4925
f 4926 4925 1376
f 4924 4925 4926
f 1374 4927 4929
f 4927 354 4928
f 4929 4928 1375
f 4927 4928 4929
f 1376 4930 4932
f 4930 1375 4931
f 4932 4931 276
f 4930 4931 4932
f 1374 4929 4925
f 4929 1375 4930
f 4925 4930 1376
f 4929 4930 4925
f 374 1923 4934
f 1923 530 4933
f 4934 4933 1377
f 1923 4933 4934
f 530 1929 4935
f 1929 119 3661
f 4935 3661 1067
f 1929 3661 4935
f 1377 4936 4937
f 4936 1067 3658
f 4937 3658 319
f 4936 3658 4937
f 530 4935 4933
f 4935 1067 4936
f 4933 4936 1377
f 4935 4936 4933
f 277 1960 1560
f 1960 540 4938
f 1560 4938 409
f 1960 4938 1560
f 540 1957 4940
f 1957 240 4939
f 4940 4939 1378
f 1957 4939 4940
f 409 4941 1563
f 4941 1378 4942
f 1563 4942 372
f 4941 4942 1563
f 540 4940 4938
f 4940 1378 4941
f 4938 4941 409
f 4940 4941 4938
f 348 4943 4945
f 4943 1379 4944
f 4945 4944 1380
f 4943 4944 4945
f 1379 4946 4947
f 4946 384 1905
f 4947 1905 524
f 4946 1905 4947
f 1380 4948 4949
f 4948 524 1911
f 4949 1911 142
f 4948 1911 4949
f 1379 4947 4944
f 4947 524 4948
f 4944 4948 1380
f 4947 4948 4944
f 307 4950 4952
f 4950 1381 4951
f 4952 4951 1383
f 4950 4951 4952
f 1381 4953 4955
f 4953 343 4954
f 4955 4954 1382
f 4953 4954 4955
f 1383 4956 4958
f 4956 1382 4957
f 4958 4957 140
f 4956 4957 4958
f 1381 4955 4951
f 4955 1382 4956
f 4951 4956 1383
f 4955 4956 4951
f 278 3307 3663
f 3307 966 4959
f 3663 4959 1069
f 3307 4959 3663
f 966 3304 4960
f 3304 120 2118
f 4960 2118 591
f 3304 2118 4960
f 1069 4961 3666
f 4961 591 2115
f 3666 2115 284
f 4961 2115 3666
f 966 4960 4959
f 4960 591 4961
f 4959 4961 1069
f 4960 4961 4959
f 363 4561 4963
f 4561 1301 4962
f 4963 4962 1384
f 4561 4962 4963
f 1301 4566 4964
f 4566 242 4573
f 4964 4573 1303
f 4566 4573 4964
f 1384 4965 4966
f 4965 1303 4570
f 4966 4570 279
f 4965 4570 4966
f 1301 4964 4962
f 4964 1303 4965
f 4962 4965 1384
f 4964 4965 4962
f 279 4569 4968
f 4569 1302 4967
f 4968 4967 1385
f 4569 4967 4968
f 1302 4567 4969
f 4567 70 4474
f 4969 4474 1277
f 4567 4474 4969
f 1385 4970 4971
f 4970 1277 4471
f 4971 4471 342
f 4970 4471 4971
f 1302 4969 4967
f 4969 1277 4970
f 4967 4970 1385
f 4969 4970 4967
f 335 4111 4973
f 4111 1185 4972
f 4973 4972 1387
f 4111 4972 4973
f 1185 4108 4975
f 4108 203 4974
f 4975 4974 1386
f 4108 4974 4975
f 1387 4976 4978
f 4976 1386 4977
f 4978 4977 280
f 4976 4977 4978
f 1185 4975 4972
f 4975 1386 4976
f 4972 4976 1387
f 4975 4976 4972
f 280 3656 4980
f 3656 1068 4979
f 4980 4979 1388
f 3656 4979 4980
f 1068 3662 4981
f 3662 119 2059
f 4981 2059 572
f 3662 2059 4981
f 1388 4982 4983
f 4982 572 2056
f 4983 2056 237
f 4982 2056 4983
f 1068 4981 4979
f 4981 572 4982
f 4979 4982 1388
f 4981 4982 4979
f 340 4984 4986
f 4984 1389 4985
f 4986 4985 1390
f 4984 4985 4986
f 1389 4987 4988
f 4987 388 2605
f 4988 2605 754
f 4987 2605 4988
f 1390 4989 4990
f 4989 754 2611
f 4990 2611 200
f 4989 2611 4990
f 1389 4988 4985
f 4988 754 4989
f 4985 4989 1390
f 4988 4989 4985
f 281 3343 2602
f 3343 979 4991
f 2602 4991 751
f 3343 4991 2602
f 979 3349 4992
f 3349 27 3604
f 4992 3604 1050
f 3349 3604 4992
f 751 4993 2596
f 4993 1050 3601
f 2596 3601 258
f 4993 3601 2596
f 979 4992 4991
f 4992 1050 4993
f 4991 4993 751
f 4992 4993 4991
f 282 4478 2087
f 4478 1280 4994
f 2087 4994 582
f 4478 4994 2087
f 1280 4482 4995
f 4482 146 3396
f 4995 3396 993
f 4482 3396 4995
f 582 4996 2081
f 4996 993 3393
f 2081 3393 213
f 4996 3393 2081
f 1280 4995 4994
f 4995 993 4996
f 4994 4996 582
f 4995 4996 4994
f 219 4997 3770
f 4997 1391 4998
f 3770 4998 1097
f 4997 4998 3770
f 1391 4999 5001
f 4999 397 5000
f 5001 5000 1392
f 4999 5000 5001
f 1097 5002 3773
f 5002 1392 5003
f 3773 5003 282
f 5002 5003 3773
f 1391 5001 4998
f 5001 1392 5002
f 4998 5002 1097
f 5001 5002 4998
f 144 5004 1550
f 5004 1393 5005
f 1550 5005 405
f 5004 5005 1550
f 1393 5006 5007
f 5006 369 3370
f 5007 3370 988
f 5006 3370 5007
f 405 5008 1544
f 5008 988 3376
f 1544 3376 283
f 5008 3376 1544
f 1393 5007 5005
f 5007 988 5008
f 5005 5008 405
f 5007 5008 5005
f 350 5009 2795
f 5009 1394 5010
f 2795 5010 811
f 5009 5010 2795
f 1394 5011 5013
f 5011 383 5012
f 5013 5012 1395
f 5011 5012 5013
f 811 5014 2798
f 5014 1395 5015
f 2798 5015 102
f 5014 5015 2798
f 1394 5013 5010
f 5013 1395 5014
f 5010 5014 811
f 5013 5014 5010
f 278 3665 3042
f 3665 1071 5016
f 3042 5016 889
f 3665 5016 3042
f 1071 3671 5018
f 3671 368 5017
f 5018 5017 1396
f 3671 5017 5018
f 889 5019 3044
f 5019 1396 5020
f 3044 5020 50
f 5019 5020 3044
f 1071 5018 5016
f 5018 1396 5019
f 5016 5019 889
f 5018 5019 5016
f 285 4715 4205
f 4715 1336 5021
f 4205 5021 1212
f 4715 5021 4205
f 1336 4713 5022
f 4713 256 2933
f 5022 2933 854
f 4713 2933 5022
f 1212 5023 4208
f 5023 854 2930
f 4208 2930 51
f 5023 2930 4208
f 1336 5022 5021
f 5022 854 5023
f 5021 5023 1212
f 5022 5023 5021
f 285 5024 5026
f 5024 1397 5025
f 5026 5025 1398
f 5024 5025 5026
f 1397 5027 5028
f 5027 169 2807
f 5028 2807 814
f 5027 2807 5028
f 1398 5029 5030
f 5029 814 2804
f 5030 2804 318
f 5029 2804 5030
f 1397 5028 5025
f 5028 814 5029
f 5025 5029 1398
f 5028 5029 5025
f 286 4798 5032
f 4798 1352 5031
f 5032 5031 1399
f 4798 5031 5032
f 1352 4796 5033
f 4796 126 2816
f 5033 2816 817
f 4796 2816 5033
f 1399 5034 5035
f 5034 817 2813
f 5035 2813 182
f 5034 2813 5035
f 1352 5033 5031
f 5033 817 5034
f 5031 5034 1399
f 5033 5034 5031
f 286 4352 4595
f 4352 1248 5036
f 4595 5036 1310
f 4352 5036 4595
f 1248 4358 5037
f 4358 244 2391
f 5037 2391 682
f 4358 2391 5037
f 1310 5038 4598
f 5038 682 2388
f 4598 2388 168
f 5038 2388 4598
f 1248 5037 5036
f 5037 682 5038
f 5036 5038 1310
f 5037 5038 5036
f 287 4279 1533
f 4279 1229 5039
f 1533 5039 400
f 4279 5039 1533
f 1229 4277 5040
f 4277 140 4957
f 5040 4957 1382
f 4277 4957 5040
f 400 5041 1536
f 5041 1382 4954
f 1536 4954 343
f 5041 4954 1536
f 1229 5040 5039
f 5040 1382 5041
f 5039 5041 400
f 5040 5041 5039
f 287 4732 4280
f 4732 1340 5042
f 4280 5042 1230
f 4732 5042 4280
f 1340 4729 5043
f 4729 132 3231
f 5043 3231 945
f 4729 3231 5043
f 1230 5044 4283
f 5044 945 3228
f 4283 3228 218
f 5044 3228 4283
f 1340 5043 5042
f 5043 945 5044
f 5042 5044 1230
f 5043 5044 5042
f 288 3734 5046
f 3734 1089 5045
f 5046 5045 1400
f 3734 5045 5046
f 1089 3740 5047
f 3740 259 4754
f 5047 4754 1347
f 3740 4754 5047
f 1400 5048 5049
f 5048 1347 4757
f 5049 4757 153
f 5048 4757 5049
f 1089 5047 5045
f 5047 1347 5048
f 5045 5048 1400
f 5047 5048 5045
f 288 5050 2370
f 5050 1401 5051
f 2370 5051 676
f 5050 5051 2370
f 1401 5052 5054
f 5052 87 5053
f 5054 5053 1402
f 5052 5053 5054
f 676 5055 2373
f 5055 1402 5056
f 2373 5056 205
f 5055 5056 2373
f 1401 5054 5051
f 5054 1402 5055
f 5051 5055 676
f 5054 5055 5051
f 289 5057 5059
f 5057 1403 5058
f 5059 5058 1405
f 5057 5058 5059
f 1403 5060 5062
f 5060 315 5061
f 5062 5061 1404
f 5060 5061 5062
f 1405 5063 5065
f 5063 1404 5064
f 5065 5064 233
f 5063 5064 5065
f 1403 5062 5058
f 5062 1404 5063
f 5058 5063 1405
f 5062 5063 5058
f 289 2381 3316
f 2381 681 5066
f 3316 5066 969
f 2381 5066 3316
f 681 2387 5067
f 2387 51 4309
f 5067 4309 1235
f 2387 4309 5067
f 969 5068 3318
f 5068 1235 4307
f 3318 4307 221
f 5068 4307 3318
f 681 5067 5066
f 5067 1235 5068
f 5066 5068 969
f 5067 5068 5066
f 194 3526 2639
f 3526 1030 5069
f 2639 5069 762
f 3526 5069 2639
f 1030 3529 5071
f 3529 358 5070
f 5071 5070 1406
f 3529 5070 5071
f 762 5072 2635
f 5072 1406 5073
f 2635 5073 393
f 5072 5073 2635
f 1030 5071 5069
f 5071 1406 5072
f 5069 5072 762
f 5071 5072 5069
f 342 4470 5075
f 4470 1276 5074
f 5075 5074 1407
f 4470 5074 5075
f 1276 4467 5076
f 4467 173 4158
f 5076 4158 1200
f 4467 4158 5076
f 1407 5077 5078
f 5077 1200 4156
f 5078 4156 290
f 5077 4156 5078
f 1276 5076 5074
f 5076 1200 5077
f 5074 5077 1407
f 5076 5077 5074
f 290 1942 3402
f 1942 534 5079
f 3402 5079 996
f 1942 5079 3402
f 534 1939 5080
f 1939 54 3972
f 5080 3972 1145
f 1939 3972 5080
f 996 5081 3405
f 5081 1145 3969
f 3405 3969 146
f 5081 3969 3405
f 534 5080 5079
f 5080 1145 5081
f 5079 5081 996
f 5080 5081 5079
f 291 4577 5083
f 4577 1304 5082
f 5083 5082 1408
f 4577 5082 5083
f 1304 4574 5084
f 4574 123 3823
f 5084 3823 1110
f 4574 3823 5084
f 1408 5085 5086
f 5085 1110 3820
f 5086 3820 179
f 5085 3820 5086
f 1304 5084 5082
f 5084 1110 5085
f 5082 5085 1408
f 5084 5085 5082
f 291 3085 4583
f 3085 904 5087
f 4583 5087 1307
f 3085 5087 4583
f 904 3091 5088
f 3091 100 4057
f 5088 4057 1171
f 3091 4057 5088
f 1307 5089 4585
f 5089 1171 4063
f 4585 4063 333
f 5089 4063 4585
f 904 5088 5087
f 5088 1171 5089
f 5087 5089 1307
f 5088 5089 5087
f 292 5090 5092
f 5090 1409 5091
f 5092 5091 1410
f 5090 5091 5092
f 1409 5093 5094
f 5093 85 2592
f 5094 2592 747
f 5093 2592 5094
f 1410 5095 5096
f 5095 747 2589
f 5096 2589 328
f 5095 2589 5096
f 1409 5094 5091
f 5094 747 5095
f 5091 5095 1410
f 5094 5095 5091
f 322 3466 5098
f 3466 1013 5097
f 5098 5097 1411
f 3466 5097 5098
f 1013 3464 5099
f 3464 192 3967
f 5099 3967 1144
f 3464 3967 5099
f 1411 5100 5101
f 5100 1144 3964
f 5101 3964 292
f 5100 3964 5101
f 1013 5099 5097
f 5099 1144 5100
f 5097 5100 1411
f 5099 5100 5097
f 247 4633 1835
f 4633 1320 5102
f 1835 5102 499
f 4633 5102 1835
f 1320 4630 5103
f 4630 98 2843
f 5103 2843 828
f 4630 2843 5103
f 499 5104 1838
f 5104 828 2849
f 1838 2849 171
f 5104 2849 1838
f 1320 5103 5102
f 5103 828 5104
f 5102 5104 499
f 5103 5104 5102
f 160 2097 4629
f 2097 587 5105
f 4629 5105 1319
f 2097 5105 4629
f 587 2103 5106
f 2103 131 2556
f 5106 2556 735
f 2103 2556 5106
f 1319 5107 4626
f 5107 735 2553
f 4626 2553 294
f 5107 2553 4626
f 587 5106 5105
f 5106 735 5107
f 5105 5107 1319
f 5106 5107 5105
f 295 4874 4706
f 4874 1362 5108
f 4706 5108 1335
f 4874 5108 4706
f 1362 4877 5109
f 4877 180 4882
f 5109 4882 1363
f 4877 4882 5109
f 1335 5110 4709
f 5110 1363 4879
f 4709 4879 211
f 5110 4879 4709
f 1362 5109 5108
f 5109 1363 5110
f 5108 5110 1335
f 5109 5110 5108
f 296 1869 4738
f 1869 512 5111
f 4738 5111 1343
f 1869 5111 4738
f 512 1875 5112
f 1875 132 4728
f 5112 4728 1339
f 1875 4728 5112
f 1343 5113 4741
f 5113 1339 4725
f 4741 4725 334
f 5113 4725 4741
f 512 5112 5111
f 5112 1339 5113
f 5111 5113 1343
f 5112 5113 5111
f 323 2650 5115
f 2650 765 5114
f 5115 5114 1412
f 2650 5114 5115
f 765 2647 5116
f 2647 10 2260
f 5116 2260 638
f 2647 2260 5116
f 1412 5117 5118
f 5117 638 2257
f 5118 2257 296
f 5117 2257 5118
f 765 5116 5114
f 5116 638 5117
f 5114 5117 1412
f 5116 5117 5114
f 332 1851 2534
f 1851 506 5119
f 2534 5119 729
f 1851 5119 2534
f 506 1857 5120
f 1857 270 3750
f 5120 3750 1092
f 1857 3750 5120
f 729 5121 2528
f 5121 1092 3748
f 2528 3748 68
f 5121 3748 2528
f 506 5120 5119
f 5120 1092 5121
f 5119 5121 729
f 5120 5121 5119
f 297 2341 4855
f 2341 665 5122
f 4855 5122 1360
f 2341 5122 4855
f 665 2338 5123
f 2338 122 4721
f 5123 4721 1338
f 2338 4721 5123
f 1360 5124 4858
f 5124 1338 4724
f 4858 4724 149
f 5124 4724 4858
f 665 5123 5122
f 5123 1338 5124
f 5122 5124 1360
f 5123 5124 5122
f 82 5125 5127
f 5125 1413 5126
f 5127 5126 1414
f 5125 5126 5127
f 1413 5128 5129
f 5128 183 3856
f 5129 3856 1117
f 5128 3856 5129
f 1414 5130 5131
f 5130 1117 3853
f 5131 3853 332
f 5130 3853 5131
f 1413 5129 5126
f 5129 1117 5130
f 5126 5130 1414
f 5129 5130 5126
f 255 4699 5133
f 4699 1333 5132
f 5133 5132 1415
f 4699 5132 5133
f 1333 4702 5134
f 4702 227 4386
f 5134 4386 1257
f 4702 4386 5134
f 1415 5135 5136
f 5135 1257 4391
f 5136 4391 337
f 5135 4391 5136
f 1333 5134 5132
f 5134 1257 5135
f 5132 5135 1415
f 5134 5135 5132
f 298 4232 2356
f 4232 1218 5137
f 2356 5137 671
f 4232 5137 2356
f 1218 4229 5138
f 4229 69 4678
f 5138 4678 1329
f 4229 4678 5138
f 671 5139 2359
f 5139 1329 4675
f 2359 4675 252
f 5139 4675 2359
f 1218 5138 5137
f 5138 1329 5139
f 5137 5139 671
f 5138 5139 5137
f 298 2355 3367
f 2355 670 5140
f 3367 5140 985
f 2355 5140 3367
f 670 2352 5141
f 2352 144 1999
f 5141 1999 553
f 2352 1999 5141
f 985 5142 3361
f 5142 553 1996
f 3361 1996 33
f 5142 1996 3361
f 670 5141 5140
f 5141 553 5142
f 5140 5142 985
f 5141 5142 5140
f 299 3474 3092
f 3474 1015 5143
f 3092 5143 905
f 3474 5143 3092
f 1015 3471 5144
f 3471 38 2578
f 5144 2578 745
f 3471 2578 5144
f 905 5145 3095
f 5145 745 2584
f 3095 2584 152
f 5145 2584 3095
f 1015 5144 5143
f 5144 745 5145
f 5143 5145 905
f 5144 5145 5143
f 299 2449 3475
f 2449 703 5146
f 3475 5146 1016
f 2449 5146 3475
f 703 2455 5147
f 2455 76 1576
f 5147 1576 413
f 2455 1576 5147
f 1016 5148 3478
f 5148 413 1573
f 3478 1573 188
f 5148 1573 3478
f 703 5147 5146
f 5147 413 5148
f 5146 5148 1016
f 5147 5148 5146
f 187 1896 4405
f 1896 521 5149
f 4405 5149 1261
f 1896 5149 4405
f 521 1902 5150
f 1902 336 4137
f 5150 4137 1195
f 1902 4137 5150
f 1261 5151 4400
f 5151 1195 4141
f 4400 4141 105
f 5151 4141 4400
f 521 5150 5149
f 5150 1195 5151
f 5149 5151 1261
f 5150 5151 5149
f 300 5152 3463
f 5152 1416 5153
f 3463 5153 1012
f 5152 5153 3463
f 1416 5154 5156
f 5154 381 5155
f 5156 5155 1417
f 5154 5155 5156
f 1012 5157 3458
f 5157 1417 5158
f 3458 5158 80
f 5157 5158 3458
f 1416 5156 5153
f 5156 1417 5157
f 5153 5157 1012
f 5156 5157 5153
f 301 4182 3132
f 4182 1206 5159
f 3132 5159 917
f 4182 5159 3132
f 1206 4179 5160
f 4179 248 3448
f 5160 3448 1008
f 4179 3448 5160
f 917 5161 3126
f 5161 1008 3445
f 3126 3445 32
f 5161 3445 3126
f 1206 5160 5159
f 5160 1008 5161
f 5159 5161 917
f 5160 5161 5159
f 301 5162 4638
f 5162 1418 5163
f 4638 5163 1322
f 5162 5163 4638
f 1418 5164 5165
f 5164 103 4186
f 5165 4186 1208
f 5164 4186 5165
f 1322 5166 4641
f 5166 1208 4184
f 4641 4184 207
f 5166 4184 4641
f 1418 5165 5163
f 5165 1208 5166
f 5163 5166 1322
f 5165 5166 5163
f 302 4240 3755
f 4240 1220 5167
f 3755 5167 1094
f 4240 5167 3755
f 1220 4238 5168
f 4238 35 4163
f 5168 4163 1203
f 4238 4163 5168
f 1094 5169 3757
f 5169 1203 4169
f 3757 4169 206
f 5169 4169 3757
f 1220 5168 5167
f 5168 1203 5169
f 5167 5169 1094
f 5168 5169 5167
f 302 4171 4241
f 4171 1204 5170
f 4241 5170 1221
f 4171 5170 4241
f 1204 4174 5171
f 4174 89 2310
f 5171 2310 655
f 4174 2310 5171
f 1221 5172 4244
f 5172 655 2307
f 4244 2307 214
f 5172 2307 4244
f 1204 5171 5170
f 5171 655 5172
f 5170 5172 1221
f 5171 5172 5170
f 303 2211 4107
f 2211 622 5173
f 4107 5173 1184
f 2211 5173 4107
f 622 2208 5175
f 2208 166 5174
f 5175 5174 1419
f 2208 5174 5175
f 1184 5176 4104
f 5176 1419 5177
f 4104 5177 356
f 5176 5177 4104
f 622 5175 5173
f 5175 1419 5176
f 5173 5176 1184
f 5175 5176 5173
f 303 5178 2212
f 5178 1420 5179
f 2212 5179 623
f 5178 5179 2212
f 1420 5180 5181
f 5180 333 4062
f 5181 4062 1170
f 5180 4062 5181
f 623 5182 2215
f 5182 1170 4059
f 2215 4059 199
f 5182 4059 2215
f 1420 5181 5179
f 5181 1170 5182
f 5179 5182 623
f 5181 5182 5179
f 85 2219 4007
f 2219 627 5183
f 4007 5183 1155
f 2219 5183 4007
f 627 2225 5184
f 2225 375 3786
f 5184 3786 1103
f 2225 3786 5184
f 1155 5185 4010
f 5185 1103 3792
f 4010 3792 30
f 5185 3792 4010
f 627 5184 5183
f 5184 1103 5185
f 5183 5185 1155
f 5184 5185 5183
f 304 2220 3961
f 2220 625 5186
f 3961 5186 1143
f 2220 5186 3961
f 625 2217 5187
f 2217 85 5093
f 5187 5093 1409
f 2217 5093 5187
f 1143 5188 3963
f 5188 1409 5090
f 3963 5090 292
f 5188 5090 3963
f 625 5187 5186
f 5187 1409 5188
f 5186 5188 1143
f 5187 5188 5186
f 305 3555 4374
f 3555 1038 5189
f 4374 5189 1253
f 3555 5189 4374
f 1038 3560 5190
f 3560 12 4366
f 5190 4366 1250
f 3560 4366 5190
f 1253 5191 4377
f 5191 1250 4364
f 4377 4364 56
f 5191 4364 4377
f 1038 5190 5189
f 5190 1250 5191
f 5189 5191 1253
f 5190 5191 5189
f 305 4373 5193
f 4373 1252 5192
f 5193 5192 1421
f 4373 5192 5193
f 1252 4371 5194
f 4371 39 3548
f 5194 3548 1034
f 4371 3548 5194
f 1421 5195 5196
f 5195 1034 3545
f 5196 3545 159
f 5195 3545 5196
f 1252 5194 5192
f 5194 1034 5195
f 5192 5195 1421
f 5194 5195 5192
f 306 5197 2422
f 5197 1422 5198
f 2422 5198 693
f 5197 5198 2422
f 1422 5199 5201
f 5199 97 5200
f 5201 5200 1423
f 5199 5200 5201
f 693 5202 2425
f 5202 1423 5203
f 2425 5203 26
f 5202 5203 2425
f 1422 5201 5198
f 5201 1423 5202
f 5198 5202 693
f 5201 5202 5198
f 306 2434 1607
f 2434 696 5204
f 1607 5204 424
f 2434 5204 1607
f 696 2431 5205
f 2431 217 2966
f 5205 2966 867
f 2431 2966 5205
f 424 5206 1610
f 5206 867 2972
f 1610 2972 74
f 5206 2972 1610
f 696 5205 5204
f 5205 867 5206
f 5204 5206 424
f 5205 5206 5204
f 9 4262 2302
f 4262 1225 5207
f 2302 5207 653
f 4262 5207 2302
f 1225 4260 5208
f 4260 257 1883
f 5208 1883 514
f 4260 1883 5208
f 653 5209 2305
f 5209 514 1880
f 2305 1880 216
f 5209 1880 2305
f 1225 5208 5207
f 5208 514 5209
f 5207 5209 653
f 5208 5209 5207
f 140 5210 4958
f 5210 1424 5211
f 4958 5211 1383
f 5210 5211 4958
f 1424 5212 5214
f 5212 366 5213
f 5214 5213 1425
f 5212 5213 5214
f 1383 5215 4952
f 5215 1425 5216
f 4952 5216 307
f 5215 5216 4952
f 1424 5214 5211
f 5214 1425 5215
f 5211 5215 1383
f 5214 5215 5211
f 390 5217 4531
f 5217 1426 5218
f 4531 5218 1292
f 5217 5218 4531
f 1426 5219 5221
f 5219 201 5220
f 5221 5220 1427
f 5219 5220 5221
f 1292 5222 4534
f 5222 1427 5223
f 4534 5223 320
f 5222 5223 4534
f 1426 5221 5218
f 5221 1427 5222
f 5218 5222 1292
f 5221 5222 5218
f 308 1915 4021
f 1915 525 5224
f 4021 5224 1159
f 1915 5224 4021
f 525 1912 5225
f 1912 272 1558
f 5225 1558 407
f 1912 1558 5225
f 1159 5226 4024
f 5226 407 1555
f 4024 1555 117
f 5226 1555 4024
f 525 5225 5224
f 5225 407 5226
f 5224 5226 1159
f 5225 5226 5224
f 395 5227 5229
f 5227 1428 5228
f 5229 5228 1429
f 5227 5228 5229
f 1428 5230 5231
f 5230 197 3637
f 5231 3637 1061
f 5230 3637 5231
f 1429 5232 5233
f 5232 1061 3635
f 5233 3635 29
f 5232 3635 5233
f 1428 5231 5228
f 5231 1061 5232
f 5228 5232 1429
f 5231 5232 5228
f 309 5234 1686
f 5234 1430 5235
f 1686 5235 450
f 5234 5235 1686
f 1430 5236 5238
f 5236 342 5237
f 5238 5237 1431
f 5236 5237 5238
f 450 5239 1689
f 5239 1431 5240
f 1689 5240 234
f 5239 5240 1689
f 1430 5238 5235
f 5238 1431 5239
f 5235 5239 450
f 5238 5239 5235
f 310 5241 4549
f 5241 1432 5242
f 4549 5242 1297
f 5241 5242 4549
f 1432 5243 5245
f 5243 365 5244
f 5245 5244 1433
f 5243 5244 5245
f 1297 5246 4552
f 5246 1433 5247
f 4552 5247 27
f 5246 5247 4552
f 1432 5245 5242
f 5245 1433 5246
f 5242 5246 1297
f 5245 5246 5242
f 310 5248 2756
f 5248 1434 5249
f 2756 5249 798
f 5248 5249 2756
f 1434 5250 5252
f 5250 344 5251
f 5252 5251 1435
f 5250 5251 5252
f 798 5253 2750
f 5253 1435 5254
f 2750 5254 143
f 5253 5254 2750
f 1434 5252 5249
f 5252 1435 5253
f 5249 5253 798
f 5252 5253 5249
f 311 4443 3290
f 4443 1269 5255
f 3290 5255 962
f 4443 5255 3290
f 1269 4441 5257
f 4441 67 5256
f 5257 5256 1436
f 4441 5256 5257
f 962 5258 3293
f 5258 1436 5259
f 3293 5259 196
f 5258 5259 3293
f 1269 5257 5255
f 5257 1436 5258
f 5255 5258 962
f 5257 5258 5255
f 276 5260 4932
f 5260 1437 5261
f 4932 5261 1376
f 5260 5261 4932
f 1437 5262 5264
f 5262 379 5263
f 5264 5263 1438
f 5262 5263 5264
f 1376 5265 4926
f 5265 1438 5266
f 4926 5266 311
f 5265 5266 4926
f 1437 5264 5261
f 5264 1438 5265
f 5261 5265 1376
f 5264 5265 5261
f 312 5267 4542
f 5267 1439 5268
f 4542 5268 1295
f 5267 5268 4542
f 1439 5269 5271
f 5269 351 5270
f 5271 5270 1440
f 5269 5270 5271
f 1295 5272 4545
f 5272 1440 5273
f 4545 5273 198
f 5272 5273 4545
f 1439 5271 5268
f 5271 1440 5272
f 5268 5272 1295
f 5271 5272 5268
f 312 3626 1568
f 3626 1057 5274
f 1568 5274 411
f 3626 5274 1568
f 1057 3623 5275
f 3623 118 4087
f 5275 4087 1180
f 3623 4087 5275
f 411 5276 1562
f 5276 1180 4093
f 1562 4093 277
f 5276 4093 1562
f 1057 5275 5274
f 5275 1180 5276
f 5274 5276 411
f 5275 5276 5274
f 313 5277 3336
f 5277 1441 5278
f 3336 5278 975
f 5277 5278 3336
f 1441 5279 5280
f 5279 368 3670
f 5280 3670 1070
f 5279 3670 5280
f 975 5281 3339
f 5281 1070 3667
f 3339 3667 284
f 5281 3667 3339
f 1441 5280 5278
f 5280 1070 5281
f 5278 5281 975
f 5280 5281 5278
f 314 5282 4562
f 5282 1442 5283
f 4562 5283 1300
f 5282 5283 4562
f 1442 5284 5286
f 5284 359 5285
f 5286 5285 1443
f 5284 5285 5286
f 1300 5287 4565
f 5287 1443 5288
f 4565 5288 242
f 5287 5288 4565
f 1442 5286 5283
f 5286 1443 5287
f 5283 5287 1300
f 5286 5287 5283
f 314 5289 5291
f 5289 1444 5290
f 5291 5290 1445
f 5289 5290 5291
f 1444 5292 5293
f 5292 200 4521
f 5293 4521 1289
f 5292 4521 5293
f 1445 5294 5295
f 5294 1289 4518
f 5295 4518 364
f 5294 4518 5295
f 1444 5293 5290
f 5293 1289 5294
f 5290 5294 1445
f 5293 5294 5290
f 315 5060 4458
f 5060 1403 5296
f 4458 5296 1274
f 5060 5296 4458
f 1403 5057 5297
f 5057 289 2400
f 5297 2400 685
f 5057 2400 5297
f 1274 5298 4461
f 5298 685 2397
f 4461 2397 31
f 5298 2397 4461
f 1403 5297 5296
f 5297 685 5298
f 5296 5298 1274
f 5297 5298 5296
f 315 4043 5061
f 4043 1166 5299
f 5061 5299 1404
f 4043 5299 5061
f 1166 4047 5301
f 4047 198 5300
f 5301 5300 1446
f 4047 5300 5301
f 1404 5302 5064
f 5302 1446 5303
f 5064 5303 233
f 5302 5303 5064
f 1166 5301 5299
f 5301 1446 5302
f 5299 5302 1404
f 5301 5302 5299
f 316 4912 3999
f 4912 1370 5304
f 3999 5304 1153
f 4912 5304 3999
f 1370 4910 5305
f 4910 274 4903
f 5305 4903 1369
f 4910 4903 5305
f 1153 5306 4001
f 5306 1369 4909
f 4001 4909 195
f 5306 4909 4001
f 1370 5305 5304
f 5305 1369 5306
f 5304 5306 1153
f 5305 5306 5304
f 316 5307 4913
f 5307 1447 5308
f 4913 5308 1371
f 5307 5308 4913
f 1447 5309 5310
f 5309 341 4321
f 5310 4321 1239
f 5309 4321 5310
f 1371 5311 4916
f 5311 1239 4325
f 4916 4325 164
f 5311 4325 4916
f 1447 5310 5308
f 5310 1239 5311
f 5308 5311 1371
f 5310 5311 5308
f 317 5312 5314
f 5312 1448 5313
f 5314 5313 1450
f 5312 5313 5314
f 1448 5315 5317
f 5315 387 5316
f 5317 5316 1449
f 5315 5316 5317
f 1450 5318 5320
f 5318 1449 5319
f 5320 5319 365
f 5318 5319 5320
f 1448 5317 5313
f 5317 1449 5318
f 5313 5318 1450
f 5317 5318 5313
f 317 3086 5322
f 3086 902 5321
f 5322 5321 1451
f 3086 5321 5322
f 902 3083 5323
f 3083 291 5083
f 5323 5083 1408
f 3083 5083 5323
f 1451 5324 5325
f 5324 1408 5086
f 5325 5086 179
f 5324 5086 5325
f 902 5323 5321
f 5323 1408 5324
f 5321 5324 1451
f 5323 5324 5321
f 318 2803 5327
f 2803 813 5326
f 5327 5326 1452
f 2803 5326 5327
f 813 2800 5328
f 2800 260 4771
f 5328 4771 1349
f 2800 4771 5328
f 1452 5329 5330
f 5329 1349 4768
f 5330 4768 355
f 5329 4768 5330
f 813 5328 5326
f 5328 1349 5329
f 5326 5329 1452
f 5328 5329 5326
f 318 3701 5030
f 3701 1079 5331
f 5030 5331 1398
f 3701 5331 5030
f 1079 3698 5332
f 3698 209 4719
f 5332 4719 1337
f 3698 4719 5332
f 1398 5333 5026
f 5333 1337 4716
f 5026 4716 285
f 5333 4716 5026
f 1079 5332 5331
f 5332 1337 5333
f 5331 5333 1398
f 5332 5333 5331
f 229 1924 5335
f 1924 528 5334
f 5335 5334 1454
f 1924 5334 5335
f 528 1921 5337
f 1921 374 5336
f 5337 5336 1453
f 1921 5336 5337
f 1454 5338 5340
f 5338 1453 5339
f 5340 5339 246
f 5338 5339 5340
f 528 5337 5334
f 5337 1453 5338
f 5334 5338 1454
f 5337 5338 5334
f 280 5341 3654
f 5341 1455 5342
f 3654 5342 1066
f 5341 5342 3654
f 1455 5343 5345
f 5343 356 5344
f 5345 5344 1456
f 5343 5344 5345
f 1066 5346 3657
f 5346 1456 5347
f 3657 5347 319
f 5346 5347 3657
f 1455 5345 5342
f 5345 1456 5346
f 5342 5346 1066
f 5345 5346 5342
f 320 3056 4535
f 3056 892 5348
f 4535 5348 1293
f 3056 5348 4535
f 892 3053 5349
f 3053 275 2113
f 5349 2113 592
f 3053 2113 5349
f 1293 5350 4529
f 5350 592 2119
f 4529 2119 120
f 5350 2119 4529
f 892 5349 5348
f 5349 592 5350
f 5348 5350 1293
f 5349 5350 5348
f 320 5351 3057
f 5351 1457 5352
f 3057 5352 893
f 5351 5352 3057
f 1457 5353 5354
f 5353 352 2725
f 5354 2725 790
f 5353 2725 5354
f 893 5355 3051
f 5355 790 2731
f 3051 2731 239
f 5355 2731 3051
f 1457 5354 5352
f 5354 790 5355
f 5352 5355 893
f 5354 5355 5352
f 321 2834 1646
f 2834 825 5356
f 1646 5356 437
f 2834 5356 1646
f 825 2840 5357
f 2840 245 4605
f 5357 4605 1314
f 2840 4605 5357
f 437 5358 1649
f 5358 1314 4610
f 1649 4610 228
f 5358 4610 1649
f 825 5357 5356
f 5357 1314 5358
f 5356 5358 437
f 5357 5358 5356
f 321 3409 5360
f 3409 998 5359
f 5360 5359 1458
f 3409 5359 5360
f 998 3407 5361
f 3407 293 2264
f 5361 2264 642
f 3407 2264 5361
f 1458 5362 5363
f 5362 642 2270
f 5363 2270 147
f 5362 2270 5363
f 998 5361 5359
f 5361 642 5362
f 5359 5362 1458
f 5361 5362 5359
f 101 2540 4496
f 2540 730 5364
f 4496 5364 1284
f 2540 5364 4496
f 730 2537 5366
f 2537 376 5365
f 5366 5365 1459
f 2537 5365 5366
f 1284 5367 4492
f 5367 1459 5368
f 4492 5368 235
f 5367 5368 4492
f 730 5366 5364
f 5366 1459 5367
f 5364 5367 1284
f 5366 5367 5364
f 322 5369 3467
f 5369 1460 5370
f 3467 5370 1014
f 5369 5370 3467
f 1460 5371 5372
f 5371 266 4816
f 5372 4816 1357
f 5371 4816 5372
f 1014 5373 3470
f 5373 1357 4819
f 3470 4819 152
f 5373 4819 3470
f 1460 5372 5370
f 5372 1357 5373
f 5370 5373 1014
f 5372 5373 5370
f 111 5374 2036
f 5374 1461 5375
f 2036 5375 566
f 5374 5375 2036
f 1461 5376 5377
f 5376 44 2654
f 5377 2654 766
f 5376 2654 5377
f 566 5378 2039
f 5378 766 2651
f 2039 2651 323
f 5378 2651 2039
f 1461 5377 5375
f 5377 766 5378
f 5375 5378 566
f 5377 5378 5375
f 323 5115 2040
f 5115 1412 5379
f 2040 5379 567
f 5115 5379 2040
f 1412 5118 5380
f 5118 296 4737
f 5380 4737 1342
f 5118 4737 5380
f 567 5381 2043
f 5381 1342 4734
f 2043 4734 90
f 5381 4734 2043
f 1412 5380 5379
f 5380 1342 5381
f 5379 5381 567
f 5380 5381 5379
f 324 4809 2329
f 4809 1354 5382
f 2329 5382 662
f 4809 5382 2329
f 1354 4806 5383
f 4806 266 5371
f 5383 5371 1460
f 4806 5371 5383
f 662 5384 2332
f 5384 1460 5369
f 2332 5369 322
f 5384 5369 2332
f 1354 5383 5382
f 5383 1460 5384
f 5382 5384 662
f 5383 5384 5382
f 175 5385 5387
f 5385 1462 5386
f 5387 5386 1463
f 5385 5386 5387
f 1462 5388 5389
f 5388 397 4813
f 5389 4813 1355
f 5388 4813 5389
f 1463 5390 5391
f 5390 1355 4810
f 5391 4810 324
f 5390 4810 5391
f 1462 5389 5386
f 5389 1355 5390
f 5386 5390 1463
f 5389 5390 5386
f 325 2793 4920
f 2793 812 5392
f 4920 5392 1373
f 2793 5392 4920
f 812 2799 5394
f 2799 102 5393
f 5394 5393 1464
f 2799 5393 5394
f 1373 5395 4923
f 5395 1464 5396
f 4923 5396 204
f 5395 5396 4923
f 812 5394 5392
f 5394 1464 5395
f 5392 5395 1373
f 5394 5395 5392
f 325 5397 5399
f 5397 1465 5398
f 5399 5398 1466
f 5397 5398 5399
f 1465 5400 5401
f 5400 239 3711
f 5401 3711 1082
f 5400 3711 5401
f 1466 5402 5403
f 5402 1082 3708
f 5403 3708 33
f 5402 3708 5403
f 1465 5401 5398
f 5401 1082 5402
f 5398 5402 1466
f 5401 5402 5398
f 326 4669 4694
f 4669 1328 5404
f 4694 5404 1332
f 4669 5404 4694
f 1328 4674 5405
f 4674 252 4677
f 5405 4677 1330
f 4674 4677 5405
f 1332 5406 4697
f 5406 1330 4681
f 4697 4681 208
f 5406 4681 4697
f 1328 5405 5404
f 5405 1330 5406
f 5404 5406 1332
f 5405 5406 5404
f 294 2552 4636
f 2552 734 5407
f 4636 5407 1321
f 2552 5407 4636
f 734 2549 5409
f 2549 84 5408
f 5409 5408 1467
f 2549 5408 5409
f 1321 5410 4632
f 5410 1467 5411
f 4632 5411 98
f 5410 5411 4632
f 734 5409 5407
f 5409 1467 5410
f 5407 5410 1321
f 5409 5410 5407
f 70 2158 4475
f 2158 607 5412
f 4475 5412 1278
f 2158 5412 4475
f 607 2164 5414
f 2164 371 5413
f 5414 5413 1468
f 2164 5413 5414
f 1278 5415 4469
f 5415 1468 5416
f 4469 5416 173
f 5415 5416 4469
f 607 5414 5412
f 5414 1468 5415
f 5412 5415 1278
f 5414 5415 5412
f 327 3742 5418
f 3742 1091 5417
f 5418 5417 1469
f 3742 5417 5418
f 1091 3747 5419
f 3747 242 5288
f 5419 5288 1443
f 3747 5288 5419
f 1469 5420 5421
f 5420 1443 5285
f 5421 5285 359
f 5420 5285 5421
f 1091 5419 5417
f 5419 1443 5420
f 5417 5420 1469
f 5419 5420 5417
f 328 5422 5096
f 5422 1470 5423
f 5096 5423 1410
f 5422 5423 5096
f 1470 5424 5426
f 5424 376 5425
f 5426 5425 1471
f 5424 5425 5426
f 1410 5427 5092
f 5427 1471 5428
f 5092 5428 292
f 5427 5428 5092
f 1470 5426 5423
f 5426 1471 5427
f 5423 5427 1410
f 5426 5427 5423
f 328 2588 4486
f 2588 746 5429
f 4486 5429 1282
f 2588 5429 4486
f 746 2585 5430
f 2585 139 3297
f 5430 3297 963
f 2585 3297 5430
f 1282 5431 4489
f 5431 963 3294
f 4489 3294 196
f 5431 3294 4489
f 746 5430 5429
f 5430 963 5431
f 5429 5431 1282
f 5430 5431 5429
f 329 3077 4590
f 3077 899 5432
f 4590 5432 1309
f 3077 5432 4590
f 899 3074 5433
f 3074 123 4576
f 5433 4576 1306
f 3074 4576 5433
f 1309 5434 4592
f 5434 1306 4582
f 4592 4582 243
f 5434 4582 4592
f 899 5433 5432
f 5433 1306 5434
f 5432 5434 1309
f 5433 5434 5432
f 329 4353 3844
f 4353 1246 5435
f 3844 5435 1116
f 4353 5435 3844
f 1246 4350 5436
f 4350 286 5032
f 5436 5032 1399
f 4350 5032 5436
f 1116 5437 3846
f 5437 1399 5035
f 3846 5035 182
f 5437 5035 3846
f 1246 5436 5435
f 5436 1399 5437
f 5435 5437 1116
f 5436 5437 5435
f 330 4036 1970
f 4036 1163 5438
f 1970 5438 544
f 4036 5438 1970
f 1163 4034 5439
f 4034 273 3022
f 5439 3022 881
f 4034 3022 5439
f 544 5440 1973
f 5440 881 3019
f 1973 3019 37
f 5440 3019 1973
f 1163 5439 5438
f 5439 881 5440
f 5438 5440 544
f 5439 5440 5438
f 330 2175 4765
f 2175 612 5441
f 4765 5441 1348
f 2175 5441 4765
f 612 2180 5442
f 2180 145 4767
f 5442 4767 1350
f 2180 4767 5442
f 1348 5443 4762
f 5443 1350 4772
f 4762 4772 260
f 5443 4772 4762
f 612 5442 5441
f 5442 1350 5443
f 5441 5443 1348
f 5442 5443 5441
f 331 1624 2718
f 1624 429 5444
f 2718 5444 786
f 1624 5444 2718
f 429 1621 5445
f 1621 95 3993
f 5445 3993 1151
f 1621 3993 5445
f 786 5446 2721
f 5446 1151 3990
f 2721 3990 25
f 5446 3990 2721
f 429 5445 5444
f 5445 1151 5446
f 5444 5446 786
f 5445 5446 5444
f 331 2717 1603
f 2717 785 5447
f 1603 5447 423
f 2717 5447 1603
f 785 2714 5448
f 2714 97 5199
f 5448 5199 1422
f 2714 5199 5448
f 423 5449 1606
f 5449 1422 5197
f 1606 5197 306
f 5449 5197 1606
f 785 5448 5447
f 5448 1422 5449
f 5447 5449 423
f 5448 5449 5447
f 216 1879 3857
f 1879 513 5450
f 3857 5450 1118
f 1879 5450 3857
f 513 1876 5451
f 1876 122 2337
f 5451 2337 664
f 1876 2337 5451
f 1118 5452 3859
f 5452 664 2334
f 3859 2334 263
f 5452 2334 3859
f 513 5451 5450
f 5451 664 5452
f 5450 5452 1118
f 5451 5452 5450
f 373 2529 5454
f 2529 727 5453
f 5454 5453 1472
f 2529 5453 5454
f 727 2526 5455
f 2526 68 4501
f 5455 4501 1285
f 2526 4501 5455
f 1472 5456 5457
f 5456 1285 4498
f 5457 4498 195
f 5456 4498 5457
f 727 5455 5453
f 5455 1285 5456
f 5453 5456 1472
f 5455 5456 5453
f 183 5128 4387
f 5128 1413 5458
f 4387 5458 1256
f 5128 5458 4387
f 1413 5125 5460
f 5125 82 5459
f 5460 5459 1473
f 5125 5459 5460
f 1256 5461 4390
f 5461 1473 5462
f 4390 5462 337
f 5461 5462 4390
f 1413 5460 5458
f 5460 1473 5461
f 5458 5461 1256
f 5460 5461 5458
f 333 5180 4586
f 5180 1420 5463
f 4586 5463 1308
f 5180 5463 4586
f 1420 5178 5464
f 5178 303 4049
f 5464 4049 1168
f 5178 4049 5464
f 1308 5465 4589
f 5465 1168 4054
f 4589 4054 243
f 5465 4054 4589
f 1420 5464 5463
f 5464 1168 5465
f 5463 5465 1308
f 5464 5465 5463
f 199 4058 2324
f 4058 1169 5466
f 2324 5466 660
f 4058 5466 2324
f 1169 4055 5468
f 4055 100 5467
f 5468 5467 1474
f 4055 5467 5468
f 660 5469 2318
f 5469 1474 5470
f 2318 5470 232
f 5469 5470 2318
f 1169 5468 5466
f 5468 1474 5469
f 5466 5469 660
f 5468 5469 5466
f 293 3682 2262
f 3682 1074 5471
f 2262 5471 640
f 3682 5471 2262
f 1074 3679 5472
f 3679 225 4602
f 5472 4602 1311
f 3679 4602 5472
f 640 5473 2265
f 5473 1311 4599
f 2265 4599 168
f 5473 4599 2265
f 1074 5472 5471
f 5472 1311 5473
f 5471 5473 640
f 5472 5473 5471
f 334 4727 3887
f 4727 1341 5474
f 3887 5474 1126
f 4727 5474 3887
f 1341 4733 5475
f 4733 287 1535
f 5475 1535 402
f 4733 1535 5475
f 1126 5476 3890
f 5476 402 1541
f 3890 1541 34
f 5476 1541 3890
f 1341 5475 5474
f 5475 402 5476
f 5474 5476 1126
f 5475 5476 5474
f 334 3886 4742
f 3886 1125 5477
f 4742 5477 1344
f 3886 5477 4742
f 1125 3883 5478
f 3883 210 4217
f 5478 4217 1215
f 3883 4217 5478
f 1344 5479 4736
f 5479 1215 4220
f 4736 4220 90
f 5479 4220 4736
f 1125 5478 5477
f 5478 1215 5479
f 5477 5479 1344
f 5478 5479 5477
f 335 4973 4511
f 4973 1387 5480
f 4511 5480 1287
f 4973 5480 4511
f 1387 4978 5481
f 4978 280 4980
f 5481 4980 1388
f 4978 4980 5481
f 1287 5482 4514
f 5482 1388 4983
f 4514 4983 237
f 5482 4983 4514
f 1387 5481 5480
f 5481 1388 5482
f 5480 5482 1287
f 5481 5482 5480
f 335 4510 2567
f 4510 1286 5483
f 2567 5483 740
f 4510 5483 2567
f 1286 4508 5484
f 4508 217 4273
f 5484 4273 1228
f 4508 4273 5484
f 740 5485 2570
f 5485 1228 4276
f 2570 4276 177
f 5485 4276 2570
f 1286 5484 5483
f 5484 1228 5485
f 5483 5485 740
f 5484 5485 5483
f 336 1901 4664
f 1901 520 5486
f 4664 5486 1326
f 1901 5486 4664
f 520 1898 5487
f 1898 300 3462
f 5487 3462 1011
f 1898 3462 5487
f 1326 5488 4667
f 5488 1011 3459
f 4667 3459 151
f 5488 3459 4667
f 520 5487 5486
f 5487 1011 5488
f 5486 5488 1326
f 5487 5488 5486
f 336 4663 4135
f 4663 1325 5489
f 4135 5489 1194
f 4663 5489 4135
f 1325 4661 5490
f 4661 251 4657
f 5490 4657 1324
f 4661 4657 5490
f 1194 5491 4138
f 5491 1324 4660
f 4138 4660 53
f 5491 4660 4138
f 1325 5490 5489
f 5490 1324 5491
f 5489 5491 1194
f 5490 5491 5489
f 176 5492 4298
f 5492 1475 5493
f 4298 5493 1233
f 5492 5493 4298
f 1475 5494 5496
f 5494 375 5495
f 5496 5495 1476
f 5494 5495 5496
f 1233 5497 4295
f 5497 1476 5498
f 4295 5498 220
f 5497 5498 4295
f 1475 5496 5493
f 5496 1476 5497
f 5493 5497 1233
f 5496 5497 5493
f 229 5335 3780
f 5335 1454 5499
f 3780 5499 1100
f 5335 5499 3780
f 1454 5340 5501
f 5340 246 5500
f 5501 5500 1477
f 5340 5500 5501
f 1100 5502 3783
f 5502 1477 5503
f 3783 5503 176
f 5502 5503 3783
f 1454 5501 5499
f 5501 1477 5502
f 5499 5502 1100
f 5501 5502 5499
f 337 5462 3142
f 5462 1473 5504
f 3142 5504 920
f 5462 5504 3142
f 1473 5459 5505
f 5459 82 3995
f 5505 3995 1152
f 5459 3995 5505
f 920 5506 3145
f 5506 1152 3998
f 3145 3998 99
f 5506 3998 3145
f 1473 5505 5504
f 5505 1152 5506
f 5504 5506 920
f 5505 5506 5504
f 337 3141 5136
f 3141 919 5507
f 5136 5507 1415
f 3141 5507 5136
f 919 3138 5508
f 3138 295 4705
f 5508 4705 1334
f 3138 4705 5508
f 1415 5509 5133
f 5509 1334 4703
f 5133 4703 255
f 5509 4703 5133
f 919 5508 5507
f 5508 1334 5509
f 5507 5509 1415
f 5508 5509 5507
f 153 2900 5049
f 2900 844 5510
f 5049 5510 1400
f 2900 5510 5049
f 844 2898 5511
f 2898 87 5052
f 5511 5052 1401
f 2898 5052 5511
f 1400 5512 5046
f 5512 1401 5050
f 5046 5050 288
f 5512 5050 5046
f 844 5511 5510
f 5511 1401 5512
f 5510 5512 1400
f 5511 5512 5510
f 339 4775 2615
f 4775 1351 5513
f 2615 5513 756
f 4775 5513 2615
f 1351 4773 5514
f 4773 261 3150
f 5514 3150 922
f 4773 3150 5514
f 756 5515 2618
f 5515 922 3147
f 2618 3147 54
f 5515 3147 2618
f 1351 5514 5513
f 5514 922 5515
f 5513 5515 756
f 5514 5515 5513
f 339 2614 4149
f 2614 755 5516
f 4149 5516 1198
f 2614 5516 4149
f 755 2612 5517
f 2612 205 5056
f 5517 5056 1402
f 2612 5056 5517
f 1198 5518 4152
f 5518 1402 5053
f 4152 5053 87
f 5518 5053 4152
f 755 5517 5516
f 5517 1402 5518
f 5516 5518 1198
f 5517 5518 5516
f 340 2597 5520
f 2597 749 5519
f 5520 5519 1478
f 2597 5519 5520
f 749 2594 5521
f 2594 258 4751
f 5521 4751 1345
f 2594 4751 5521
f 1478 5522 5523
f 5522 1345 4748
f 5523 4748 86
f 5522 4748 5523
f 749 5521 5519
f 5521 1345 5522
f 5519 5522 1478
f 5521 5522 5519
f 340 4986 5525
f 4986 1390 5524
f 5525 5524 1480
f 4986 5524 5525
f 1390 4990 5527
f 4990 200 5526
f 5527 5526 1479
f 4990 5526 5527
f 1480 5528 5530
f 5528 1479 5529
f 5530 5529 346
f 5528 5529 5530
f 1390 5527 5524
f 5527 1479 5528
f 5524 5528 1480
f 5527 5528 5524
f 73 2418 4286
f 2418 691 5531
f 4286 5531 1231
f 2418 5531 4286
f 691 2415 5532
f 2415 305 5193
f 5532 5193 1421
f 2415 5193 5532
f 1231 5533 4289
f 5533 1421 5196
f 4289 5196 159
f 5533 5196 4289
f 691 5532 5531
f 5532 1421 5533
f 5531 5533 1231
f 5532 5533 5531
f 341 5534 4319
f 5534 1481 5535
f 4319 5535 1238
f 5534 5535 4319
f 1481 5536 5538
f 5536 222 5537
f 5538 5537 1482
f 5536 5537 5538
f 1238 5539 4322
f 5539 1482 5540
f 4322 5540 118
f 5539 5540 4322
f 1481 5538 5535
f 5538 1482 5539
f 5535 5539 1238
f 5538 5539 5535
f 341 5309 5542
f 5309 1447 5541
f 5542 5541 1483
f 5309 5541 5542
f 1447 5307 5543
f 5307 316 2346
f 5543 2346 667
f 5307 2346 5543
f 1483 5544 5545
f 5544 667 2343
f 5545 2343 50
f 5544 2343 5545
f 1447 5543 5541
f 5543 667 5544
f 5541 5544 1483
f 5543 5544 5541
f 342 5236 4971
f 5236 1430 5546
f 4971 5546 1385
f 5236 5546 4971
f 1430 5234 5547
f 5234 309 2364
f 5547 2364 673
f 5234 2364 5547
f 1385 5548 4968
f 5548 673 2361
f 4968 2361 279
f 5548 2361 4968
f 1430 5547 5546
f 5547 673 5548
f 5546 5548 1385
f 5547 5548 5546
f 342 5075 5237
f 5075 1407 5549
f 5237 5549 1431
f 5075 5549 5237
f 1407 5078 5551
f 5078 290 5550
f 5551 5550 1484
f 5078 5550 5551
f 1431 5552 5240
f 5552 1484 5553
f 5240 5553 234
f 5552 5553 5240
f 1407 5551 5549
f 5551 1484 5552
f 5549 5552 1431
f 5551 5552 5549
f 343 5554 1537
f 5554 1485 5555
f 1537 5555 401
f 5554 5555 1537
f 1485 5556 5558
f 5556 106 5557
f 5558 5557 1486
f 5556 5557 5558
f 401 5559 1540
f 5559 1486 5560
f 1540 5560 34
f 5559 5560 1540
f 1485 5558 5555
f 5558 1486 5559
f 5555 5559 401
f 5558 5559 5555
f 307 5561 4950
f 5561 1487 5562
f 4950 5562 1381
f 5561 5562 4950
f 1487 5563 5565
f 5563 382 5564
f 5565 5564 1488
f 5563 5564 5565
f 1381 5566 4953
f 5566 1488 5567
f 4953 5567 343
f 5566 5567 4953
f 1487 5565 5562
f 5565 1488 5566
f 5562 5566 1381
f 5565 5566 5562
f 344 5568 5251
f 5568 1489 5569
f 5251 5569 1435
f 5568 5569 5251
f 1489 5570 5572
f 5570 367 5571
f 5572 5571 1490
f 5570 5571 5572
f 1435 5573 5254
f 5573 1490 5574
f 5254 5574 143
f 5573 5574 5254
f 1489 5572 5569
f 5572 1490 5573
f 5569 5573 1435
f 5572 5573 5569
f 344 5250 4889
f 5250 1434 5575
f 4889 5575 1365
f 5250 5575 4889
f 1434 5248 5576
f 5248 310 4548
f 5576 4548 1296
f 5248 4548 5576
f 1365 5577 4892
f 5577 1296 4546
f 4892 4546 241
f 5577 4546 4892
f 1434 5576 5575
f 5576 1296 5577
f 5575 5577 1365
f 5576 5577 5575
f 345 3642 4013
f 3642 1064 5578
f 4013 5578 1156
f 3642 5578 4013
f 1064 3648 5579
f 3648 196 5259
f 5579 5259 1436
f 3648 5259 5579
f 1156 5580 4016
f 5580 1436 5256
f 4016 5256 67
f 5580 5256 4016
f 1064 5579 5578
f 5579 1436 5580
f 5578 5580 1156
f 5579 5580 5578
f 345 3008 4884
f 3008 879 5581
f 4884 5581 1364
f 3008 5581 4884
f 879 3014 5582
f 3014 272 1914
f 5582 1914 527
f 3014 1914 5582
f 1364 5583 4887
f 5583 527 1920
f 4887 1920 165
f 5583 1920 4887
f 879 5582 5581
f 5582 527 5583
f 5581 5583 1364
f 5582 5583 5581
f 346 1951 5530
f 1951 537 5584
f 5530 5584 1480
f 1951 5584 5530
f 537 1948 5585
f 1948 281 2601
f 5585 2601 750
f 1948 2601 5585
f 1480 5586 5525
f 5586 750 2598
f 5525 2598 340
f 5586 2598 5525
f 537 5585 5584
f 5585 750 5586
f 5584 5586 1480
f 5585 5586 5584
f 346 5587 4064
f 5587 1491 5588
f 4064 5588 1172
f 5587 5588 4064
f 1491 5589 5590
f 5589 314 4027
f 5590 4027 1162
f 5589 4027 5590
f 1172 5591 4066
f 5591 1162 4033
f 4066 4033 36
f 5591 4033 4066
f 1491 5590 5588
f 5590 1162 5591
f 5588 5591 1172
f 5590 5591 5588
f 347 2382 2133
f 2382 679 5592
f 2133 5592 597
f 2382 5592 2133
f 679 2379 5593
f 2379 289 5059
f 5593 5059 1405
f 2379 5059 5593
f 597 5594 2136
f 5594 1405 5065
f 2136 5065 233
f 5594 5065 2136
f 679 5593 5592
f 5593 1405 5594
f 5592 5594 597
f 5593 5594 5592
f 347 4463 4202
f 4463 1275 5595
f 4202 5595 1211
f 4463 5595 4202
f 1275 4466 5596
f 4466 169 5027
f 5596 5027 1397
f 4466 5027 5596
f 1211 5597 4204
f 5597 1397 5024
f 4204 5024 285
f 5597 5024 4204
f 1275 5596 5595
f 5596 1397 5597
f 5595 5597 1211
f 5596 5597 5595
f 384 5598 4089
f 5598 1492 5599
f 4089 5599 1179
f 5598 5599 4089
f 1492 5600 5601
f 5600 202 1964
f 5601 1964 541
f 5600 1964 5601
f 1179 5602 4092
f 5602 541 1961
f 4092 1961 277
f 5602 1961 4092
f 1492 5601 5599
f 5601 541 5602
f 5599 5602 1179
f 5601 5602 5599
f 348 4945 3609
f 4945 1380 5603
f 3609 5603 1052
f 4945 5603 3609
f 1380 4949 5604
f 4949 142 4747
f 5604 4747 1346
f 4949 4747 5604
f 1052 5605 3603
f 5605 1346 4752
f 3603 4752 258
f 5605 4752 3603
f 1380 5604 5603
f 5604 1346 5605
f 5603 5605 1052
f 5604 5605 5603
f 349 4904 4455
f 4904 1367 5606
f 4455 5606 1273
f 4904 5606 4455
f 1367 4901 5607
f 4901 274 4044
f 5607 4044 1165
f 4901 4044 5607
f 1273 5608 4457
f 5608 1165 4041
f 4457 4041 315
f 5608 4041 4457
f 1367 5607 5606
f 5607 1165 5608
f 5606 5608 1273
f 5607 5608 5606
f 82 5609 2739
f 5609 1493 5610
f 2739 5610 793
f 5609 5610 2739
f 1493 5611 5613
f 5611 373 5612
f 5613 5612 1494
f 5611 5612 5613
f 793 5614 2742
f 5614 1494 5615
f 2742 5615 349
f 5614 5615 2742
f 1493 5613 5610
f 5613 1494 5614
f 5610 5614 793
f 5613 5614 5610
f 350 2794 1993
f 2794 810 5616
f 1993 5616 552
f 2794 5616 1993
f 810 2791 5617
f 2791 325 5399
f 5617 5399 1466
f 2791 5399 5617
f 552 5618 1995
f 5618 1466 5403
f 1995 5403 33
f 5618 5403 1995
f 810 5617 5616
f 5617 1466 5618
f 5616 5618 552
f 5617 5618 5616
f 350 1545 5009
f 1545 403 5619
f 5009 5619 1394
f 1545 5619 5009
f 403 1542 5621
f 1542 283 5620
f 5621 5620 1495
f 1542 5620 5621
f 1394 5622 5011
f 5622 1495 5623
f 5011 5623 383
f 5622 5623 5011
f 403 5621 5619
f 5621 1495 5622
f 5619 5622 1394
f 5621 5622 5619
f 351 5624 2660
f 5624 1496 5625
f 2660 5625 769
f 5624 5625 2660
f 1496 5626 5628
f 5626 372 5627
f 5628 5627 1497
f 5626 5627 5628
f 769 5629 2663
f 5629 1497 5630
f 2663 5630 273
f 5629 5630 2663
f 1496 5628 5625
f 5628 1497 5629
f 5625 5629 769
f 5628 5629 5625
f 351 4897 5270
f 4897 1366 5631
f 5270 5631 1440
f 4897 5631 5270
f 1366 4900 5632
f 4900 233 5303
f 5632 5303 1446
f 4900 5303 5632
f 1440 5633 5273
f 5633 1446 5300
f 5273 5300 198
f 5633 5300 5273
f 1366 5632 5631
f 5632 1446 5633
f 5631 5633 1440
f 5632 5633 5631
f 352 5634 2723
f 5634 1498 5635
f 2723 5635 788
f 5634 5635 2723
f 1498 5636 5637
f 5636 84 2077
f 5637 2077 578
f 5636 2077 5637
f 788 5638 2726
f 5638 578 2074
f 2726 2074 170
f 5638 2074 2726
f 1498 5637 5635
f 5637 578 5638
f 5635 5638 788
f 5637 5638 5635
f 352 5353 4074
f 5353 1457 5639
f 4074 5639 1175
f 5353 5639 4074
f 1457 5351 5640
f 5351 320 5223
f 5640 5223 1427
f 5351 5223 5640
f 1175 5641 4077
f 5641 1427 5220
f 4077 5220 201
f 5641 5220 4077
f 1457 5640 5639
f 5640 1427 5641
f 5639 5641 1175
f 5640 5641 5639
f 353 3893 1871
f 3893 1128 5642
f 1871 5642 511
f 3893 5642 1871
f 1128 3896 5643
f 3896 73 3226
f 5643 3226 946
f 3896 3226 5643
f 511 5644 1874
f 5644 946 3232
f 1874 3232 132
f 5644 3232 1874
f 1128 5643 5642
f 5643 946 5644
f 5642 5644 511
f 5643 5644 5642
f 354 4927 3037
f 4927 1374 5645
f 3037 5645 887
f 4927 5645 3037
f 1374 4924 5646
f 4924 311 3292
f 5646 3292 964
f 4924 3292 5646
f 887 5647 3040
f 5647 964 3298
f 3040 3298 139
f 5647 3298 3040
f 1374 5646 5645
f 5646 964 5647
f 5645 5647 887
f 5646 5647 5645
f 354 5648 4928
f 5648 1499 5649
f 4928 5649 1375
f 5648 5649 4928
f 1499 5650 5652
f 5650 374 5651
f 5652 5651 1500
f 5650 5651 5652
f 1375 5653 4931
f 5653 1500 5654
f 4931 5654 276
f 5653 5654 4931
f 1499 5652 5649
f 5652 1500 5653
f 5649 5653 1375
f 5652 5653 5649
f 355 3127 5330
f 3127 915 5655
f 5330 5655 1452
f 3127 5655 5330
f 915 3124 5656
f 3124 32 3705
f 5656 3705 1080
f 3124 3705 5656
f 1452 5657 5327
f 5657 1080 3702
f 5327 3702 318
f 5657 3702 5327
f 915 5656 5655
f 5656 1080 5657
f 5655 5657 1452
f 5656 5657 5655
f 355 3384 3128
f 3384 992 5658
f 3128 5658 916
f 3384 5658 3128
f 992 3390 5659
f 3390 103 5164
f 5659 5164 1418
f 3390 5164 5659
f 916 5660 3131
f 5660 1418 5162
f 3131 5162 301
f 5660 5162 3131
f 992 5659 5658
f 5659 1418 5660
f 5658 5660 916
f 5659 5660 5658
f 356 5343 3028
f 5343 1455 5661
f 3028 5661 884
f 5343 5661 3028
f 1455 5341 5662
f 5341 280 4977
f 5662 4977 1386
f 5341 4977 5662
f 884 5663 3031
f 5663 1386 4974
f 3031 4974 203
f 5663 4974 3031
f 1455 5662 5661
f 5662 1386 5663
f 5661 5663 884
f 5662 5663 5661
f 356 5177 5344
f 5177 1419 5664
f 5344 5664 1456
f 5177 5664 5344
f 1419 5174 5665
f 5174 166 4623
f 5665 4623 1317
f 5174 4623 5665
f 1456 5666 5347
f 5666 1317 4620
f 5347 4620 319
f 5666 4620 5347
f 1419 5665 5664
f 5665 1317 5666
f 5664 5666 1456
f 5665 5666 5664
f 167 4119 3332
f 4119 1190 5667
f 3332 5667 974
f 4119 5667 3332
f 1190 4125 5668
f 4125 86 4331
f 5668 4331 1240
f 4125 4331 5668
f 974 5669 3335
f 5669 1240 4328
f 3335 4328 313
f 5669 4328 3335
f 1190 5668 5667
f 5668 1240 5669
f 5667 5669 974
f 5668 5669 5667
f 357 2835 4612
f 2835 823 5670
f 4612 5670 1315
f 2835 5670 4612
f 823 2832 5671
f 2832 321 5360
f 5671 5360 1458
f 2832 5360 5671
f 1315 5672 4615
f 5672 1458 5363
f 4615 5363 147
f 5672 5363 4615
f 823 5671 5670
f 5671 1458 5672
f 5670 5672 1315
f 5671 5672 5670
f 357 4115 2836
f 4115 1186 5673
f 2836 5673 824
f 4115 5673 2836
f 1186 4112 5674
f 4112 335 2569
f 5674 2569 742
f 4112 2569 5674
f 824 5675 2839
f 5675 742 2575
f 2839 2575 245
f 5675 2575 2839
f 1186 5674 5673
f 5674 742 5675
f 5673 5675 824
f 5674 5675 5673
f 394 1694 5677
f 1694 452 5676
f 5677 5676 1501
f 1694 5676 5677
f 452 1691 5678
f 1691 393 5073
f 5678 5073 1406
f 1691 5073 5678
f 1501 5679 5680
f 5679 1406 5070
f 5680 5070 358
f 5679 5070 5680
f 452 5678 5676
f 5678 1406 5679
f 5676 5679 1501
f 5678 5679 5676
f 359 5284 2782
f 5284 1442 5681
f 2782 5681 807
f 5284 5681 2782
f 1442 5282 5682
f 5282 314 5291
f 5682 5291 1445
f 5282 5291 5682
f 807 5683 2785
f 5683 1445 5295
f 2785 5295 364
f 5683 5295 2785
f 1442 5682 5681
f 5682 1445 5683
f 5681 5683 807
f 5682 5683 5681
f 359 3419 5421
f 3419 1000 5684
f 5421 5684 1469
f 3419 5684 5421
f 1000 3417 5685
f 3417 148 3429
f 5685 3429 1002
f 3417 3429 5685
f 1469 5686 5418
f 5686 1002 3426
f 5418 3426 327
f 5686 3426 5418
f 1000 5685 5684
f 5685 1002 5686
f 5684 5686 1469
f 5685 5686 5684
f 360 2030 2508
f 2030 563 5687
f 2508 5687 721
f 2030 5687 2508
f 563 2027 5688
f 2027 81 2706
f 5688 2706 782
f 2027 2706 5688
f 721 5689 2511
f 5689 782 2703
f 2511 2703 22
f 5689 2703 2511
f 563 5688 5687
f 5688 782 5689
f 5687 5689 721
f 5688 5689 5687
f 360 1596 2031
f 1596 422 5690
f 2031 5690 564
f 1596 5690 2031
f 422 1602 5691
f 1602 162 3906
f 5691 3906 1131
f 1602 3906 5691
f 564 5692 2034
f 5692 1131 3904
f 2034 3904 185
f 5692 3904 2034
f 422 5691 5690
f 5691 1131 5692
f 5690 5692 564
f 5691 5692 5690
f 362 3613 5694
f 3613 1053 5693
f 5694 5693 1502
f 3613 5693 5694
f 1053 3610 5695
f 3610 163 4070
f 5695 4070 1173
f 3610 4070 5695
f 1502 5696 5697
f 5696 1173 4067
f 5697 4067 36
f 5696 4067 5697
f 1053 5695 5693
f 5695 1173 5696
f 5693 5696 1502
f 5695 5696 5693
f 362 2999 4018
f 2999 876 5698
f 4018 5698 1158
f 2999 5698 4018
f 876 3005 5700
f 3005 197 5699
f 5700 5699 1503
f 3005 5699 5700
f 1158 5701 4020
f 5701 1503 5702
f 4020 5702 308
f 5701 5702 4020
f 876 5700 5698
f 5700 1503 5701
f 5698 5701 1158
f 5700 5701 5698
f 52 3761 5704
f 3761 1095 5703
f 5704 5703 1504
f 3761 5703 5704
f 1095 3758 5705
f 3758 206 2184
f 5705 2184 613
f 3758 2184 5705
f 1504 5706 5707
f 5706 613 2181
f 5707 2181 121
f 5706 2181 5707
f 1095 5705 5703
f 5705 613 5706
f 5703 5706 1504
f 5705 5706 5703
f 239 5400 3049
f 5400 1465 5708
f 3049 5708 891
f 5400 5708 3049
f 1465 5397 5709
f 5397 325 4919
f 5709 4919 1372
f 5397 4919 5709
f 891 5710 3052
f 5710 1372 4917
f 3052 4917 275
f 5710 4917 3052
f 1465 5709 5708
f 5709 1372 5710
f 5708 5710 891
f 5709 5710 5708
f 363 3000 4029
f 3000 874 5711
f 4029 5711 1161
f 3000 5711 4029
f 874 2997 5712
f 2997 362 5694
f 5712 5694 1502
f 2997 5694 5712
f 1161 5713 4032
f 5713 1502 5697
f 4032 5697 36
f 5713 5697 4032
f 874 5712 5711
f 5712 1502 5713
f 5711 5713 1161
f 5712 5713 5711
f 363 4963 3001
f 4963 1384 5714
f 3001 5714 875
f 4963 5714 3001
f 1384 4966 5715
f 4966 279 2363
f 5715 2363 675
f 4966 2363 5715
f 875 5716 3004
f 5716 675 2369
f 3004 2369 197
f 5716 2369 3004
f 1384 5715 5714
f 5715 675 5716
f 5714 5716 875
f 5715 5716 5714
f 364 5717 2786
f 5717 1505 5718
f 2786 5718 808
f 5717 5718 2786
f 1505 5719 5721
f 5719 383 5720
f 5721 5720 1506
f 5719 5720 5721
f 808 5722 2789
f 5722 1506 5723
f 2789 5723 238
f 5722 5723 2789
f 1505 5721 5718
f 5721 1506 5722
f 5718 5722 808
f 5721 5722 5718
f 200 5292 5526
f 5292 1444 5724
f 5526 5724 1479
f 5292 5724 5526
f 1444 5289 5725
f 5289 314 5589
f 5725 5589 1491
f 5289 5589 5725
f 1479 5726 5529
f 5726 1491 5587
f 5529 5587 346
f 5726 5587 5529
f 1444 5725 5724
f 5725 1491 5726
f 5724 5726 1479
f 5725 5726 5724
f 365 3326 5244
f 3326 971 5727
f 5244 5727 1433
f 3326 5727 5244
f 971 3323 5728
f 3323 348 3608
f 5728 3608 1051
f 3323 3608 5728
f 1433 5729 5247
f 5729 1051 3605
f 5247 3605 27
f 5729 3605 5247
f 971 5728 5727
f 5728 1051 5729
f 5727 5729 1433
f 5728 5729 5727
f 365 5243 5320
f 5243 1432 5730
f 5320 5730 1450
f 5243 5730 5320
f 1432 5241 5731
f 5241 310 2755
f 5731 2755 797
f 5241 2755 5731
f 1450 5732 5314
f 5732 797 2752
f 5314 2752 317
f 5732 2752 5314
f 1432 5731 5730
f 5731 797 5732
f 5730 5732 1450
f 5731 5732 5730
f 366 5212 4081
f 5212 1424 5733
f 4081 5733 1177
f 5212 5733 4081
f 1424 5210 5734
f 5210 140 1820
f 5734 1820 493
f 5210 1820 5734
f 1177 5735 4084
f 5735 493 1817
f 4084 1817 253
f 5735 1817 4084
f 1424 5734 5733
f 5734 493 5735
f 5733 5735 1177
f 5734 5735 5733
f 366 4686 5737
f 4686 1331 5736
f 5737 5736 1507
f 4686 5736 5737
f 1331 4689 5738
f 4689 201 5219
f 5738 5219 1426
f 4689 5219 5738
f 1507 5739 5740
f 5739 1426 5217
f 5740 5217 390
f 5739 5217 5740
f 1331 5738 5736
f 5738 1426 5739
f 5736 5739 1507
f 5738 5739 5736
f 367 5741 5571
f 5741 1508 5742
f 5571 5742 1490
f 5741 5742 5571
f 1508 5743 5744
f 5743 380 4450
f 5744 4450 1272
f 5743 4450 5744
f 1490 5745 5574
f 5745 1272 4454
f 5574 4454 143
f 5745 4454 5574
f 1508 5744 5742
f 5744 1272 5745
f 5742 5745 1490
f 5744 5745 5742
f 367 5570 3010
f 5570 1489 5746
f 3010 5746 878
f 5570 5746 3010
f 1489 5568 5747
f 5568 344 1553
f 5747 1553 408
f 5568 1553 5747
f 878 5748 3013
f 5748 408 1559
f 3013 1559 272
f 5748 1559 3013
f 1489 5747 5746
f 5747 408 5748
f 5746 5748 878
f 5747 5748 5746
f 368 5749 5017
f 5749 1509 5750
f 5017 5750 1396
f 5749 5750 5017
f 1509 5751 5752
f 5751 341 5542
f 5752 5542 1483
f 5751 5542 5752
f 1396 5753 5020
f 5753 1483 5545
f 5020 5545 50
f 5753 5545 5020
f 1509 5752 5750
f 5752 1483 5753
f 5750 5753 1396
f 5752 5753 5750
f 368 5754 5749
f 5754 1510 5755
f 5749 5755 1509
f 5754 5755 5749
f 1510 5756 5757
f 5756 222 5536
f 5757 5536 1481
f 5756 5536 5757
f 1509 5758 5751
f 5758 1481 5534
f 5751 5534 341
f 5758 5534 5751
f 1510 5757 5755
f 5757 1481 5758
f 5755 5758 1509
f 5757 5758 5755
f 369 2674 3368
f 2674 775 5759
f 3368 5759 986
f 2674 5759 3368
f 775 2680 5760
f 2680 52 5704
f 5760 5704 1504
f 2680 5704 5760
f 986 5761 3371
f 5761 1504 5707
f 3371 5707 121
f 5761 5707 3371
f 775 5760 5759
f 5760 1504 5761
f 5759 5761 986
f 5760 5761 5759
f 369 5006 4670
f 5006 1393 5762
f 4670 5762 1327
f 5006 5762 4670
f 1393 5004 5763
f 5004 144 2354
f 5763 2354 672
f 5004 2354 5763
f 1327 5764 4673
f 5764 672 2360
f 4673 2360 252
f 5764 2360 4673
f 1393 5763 5762
f 5763 672 5764
f 5762 5764 1327
f 5763 5764 5762
f 111 2484 5374
f 2484 712 5765
f 5374 5765 1461
f 2484 5765 5374
f 712 2481 5767
f 2481 78 5766
f 5767 5766 1511
f 2481 5766 5767
f 1461 5768 5376
f 5768 1511 5769
f 5376 5769 44
f 5768 5769 5376
f 712 5767 5765
f 5767 1511 5768
f 5765 5768 1461
f 5767 5768 5765
f 370 4479 5771
f 4479 1279 5770
f 5771 5770 1512
f 4479 5770 5771
f 1279 4476 5772
f 4476 282 5003
f 5772 5003 1392
f 4476 5003 5772
f 1512 5773 5774
f 5773 1392 5000
f 5774 5000 397
f 5773 5000 5774
f 1279 5772 5770
f 5772 1392 5773
f 5770 5773 1512
f 5772 5773 5770
f 370 2684 3398
f 2684 776 5775
f 3398 5775 995
f 2684 5775 3398
f 776 2681 5776
f 2681 234 5553
f 5776 5553 1484
f 2681 5553 5776
f 995 5777 3401
f 5777 1484 5550
f 3401 5550 290
f 5777 5550 3401
f 776 5776 5775
f 5776 1484 5777
f 5775 5777 995
f 5776 5777 5775
f 371 3735 5413
f 3735 1087 5778
f 5413 5778 1468
f 3735 5778 5413
f 1087 3732 5779
f 3732 288 2372
f 5779 2372 678
f 3732 2372 5779
f 1468 5780 5416
f 5780 678 2378
f 5416 2378 173
f 5780 2378 5416
f 1087 5779 5778
f 5779 678 5780
f 5778 5780 1468
f 5779 5780 5778
f 371 2163 3736
f 2163 606 5781
f 3736 5781 1088
f 2163 5781 3736
f 606 2160 5782
f 2160 327 3425
f 5782 3425 1001
f 2160 3425 5782
f 1088 5783 3739
f 5783 1001 3422
f 3739 3422 259
f 5783 3422 3739
f 606 5782 5781
f 5782 1001 5783
f 5781 5783 1088
f 5782 5783 5781
f 372 4942 5627
f 4942 1378 5784
f 5627 5784 1497
f 4942 5784 5627
f 1378 4939 5785
f 4939 240 3017
f 5785 3017 882
f 4939 3017 5785
f 1497 5786 5630
f 5786 882 3023
f 5630 3023 273
f 5786 3023 5630
f 1378 5785 5784
f 5785 882 5786
f 5784 5786 1497
f 5785 5786 5784
f 372 5626 1564
f 5626 1496 5787
f 1564 5787 410
f 5626 5787 1564
f 1496 5624 5788
f 5624 351 5269
f 5788 5269 1439
f 5624 5269 5788
f 410 5789 1567
f 5789 1439 5267
f 1567 5267 312
f 5789 5267 1567
f 1496 5788 5787
f 5788 1439 5789
f 5787 5789 410
f 5788 5789 5787
f 373 5611 2530
f 5611 1493 5790
f 2530 5790 728
f 5611 5790 2530
f 1493 5609 5791
f 5609 82 5127
f 5791 5127 1414
f 5609 5127 5791
f 728 5792 2533
f 5792 1414 5131
f 2533 5131 332
f 5792 5131 2533
f 1493 5791 5790
f 5791 1414 5792
f 5790 5792 728
f 5791 5792 5790
f 373 5454 5612
f 5454 1472 5793
f 5612 5793 1494
f 5454 5793 5612
f 1472 5457 5794
f 5457 195 4908
f 5794 4908 1368
f 5457 4908 5794
f 1494 5795 5615
f 5795 1368 4905
f 5615 4905 349
f 5795 4905 5615
f 1472 5794 5793
f 5794 1368 5795
f 5793 5795 1494
f 5794 5795 5793
f 374 5650 5336
f 5650 1499 5796
f 5336 5796 1453
f 5650 5796 5336
f 1499 5648 5797
f 5648 354 4420
f 5797 4420 1264
f 5648 4420 5797
f 1453 5798 5339
f 5798 1264 4417
f 5339 4417 246
f 5798 4417 5339
f 1499 5797 5796
f 5797 1264 5798
f 5796 5798 1453
f 5797 5798 5796
f 374 4934 5651
f 4934 1377 5799
f 5651 5799 1500
f 4934 5799 5651
f 1377 4937 5800
f 4937 319 4619
f 5800 4619 1316
f 4937 4619 5800
f 1500 5801 5654
f 5801 1316 4616
f 5654 4616 276
f 5801 4616 5654
f 1377 5800 5799
f 5800 1316 5801
f 5799 5801 1500
f 5800 5801 5799
f 228 5802 4401
f 5802 1513 5803
f 4401 5803 1260
f 5802 5803 4401
f 1513 5804 5806
f 5804 398 5805
f 5806 5805 1514
f 5804 5805 5806
f 1260 5807 4404
f 5807 1514 5808
f 4404 5808 187
f 5807 5808 4404
f 1513 5806 5803
f 5806 1514 5807
f 5803 5807 1260
f 5806 5807 5803
f 375 5494 3784
f 5494 1475 5809
f 3784 5809 1101
f 5494 5809 3784
f 1475 5492 5810
f 5492 176 5503
f 5810 5503 1477
f 5492 5503 5810
f 1101 5811 3787
f 5811 1477 5500
f 3787 5500 246
f 5811 5500 3787
f 1475 5810 5809
f 5810 1477 5811
f 5809 5811 1101
f 5810 5811 5809
f 375 2224 5495
f 2224 626 5812
f 5495 5812 1476
f 2224 5812 5495
f 626 2221 5813
f 2221 304 3900
f 5813 3900 1129
f 2221 3900 5813
f 1476 5814 5498
f 5814 1129 3897
f 5498 3897 220
f 5814 3897 5498
f 626 5813 5812
f 5813 1129 5814
f 5812 5814 1476
f 5813 5814 5812
f 376 5424 5365
f 5424 1470 5815
f 5365 5815 1459
f 5424 5815 5365
f 1470 5422 5816
f 5422 328 4485
f 5816 4485 1281
f 5422 4485 5816
f 1459 5817 5368
f 5817 1281 4483
f 5368 4483 235
f 5817 4483 5368
f 1470 5816 5815
f 5816 1281 5817
f 5815 5817 1459
f 5816 5817 5815
f 376 2327 5425
f 2327 663 5818
f 5425 5818 1471
f 2327 5818 5425
f 663 2333 5819
f 2333 322 5098
f 5819 5098 1411
f 2333 5098 5819
f 1471 5820 5428
f 5820 1411 5101
f 5428 5101 292
f 5820 5101 5428
f 663 5819 5818
f 5819 1411 5820
f 5818 5820 1471
f 5819 5820 5818
f 377 4802 2943
f 4802 1353 5821
f 2943 5821 858
f 4802 5821 2943
f 1353 4805 5822
f 4805 93 4407
f 5822 4407 1263
f 4805 4407 5822
f 858 5823 2946
f 5823 1263 4412
f 2946 4412 19
f 5823 4412 2946
f 1353 5822 5821
f 5822 1263 5823
f 5821 5823 858
f 5822 5823 5821
f 377 2942 2952
f 2942 857 5824
f 2952 5824 861
f 2942 5824 2952
f 857 2939 5825
f 2939 48 1725
f 5825 1725 462
f 2939 1725 5825
f 861 5826 2955
f 5826 462 1722
f 2955 1722 172
f 5826 1722 2955
f 857 5825 5824
f 5825 462 5826
f 5824 5826 861
f 5825 5826 5824
f 106 5556 2226
f 5556 1485 5827
f 2226 5827 628
f 5556 5827 2226
f 1485 5554 5828
f 5554 343 5567
f 5828 5567 1488
f 5554 5567 5828
f 628 5829 2229
f 5829 1488 5564
f 2229 5564 382
f 5829 5564 2229
f 1485 5828 5827
f 5828 1488 5829
f 5827 5829 628
f 5828 5829 5827
f 106 2857 5557
f 2857 830 5830
f 5557 5830 1486
f 2857 5830 5557
f 830 2854 5831
f 2854 174 4214
f 5831 4214 1213
f 2854 4214 5831
f 1486 5832 5560
f 5832 1213 4211
f 5560 4211 34
f 5832 4211 5560
f 830 5831 5830
f 5831 1213 5832
f 5830 5832 1486
f 5831 5832 5830
f 379 2319 5263
f 2319 658 5833
f 5263 5833 1438
f 2319 5833 5263
f 658 2316 5834
f 2316 232 4447
f 5834 4447 1270
f 2316 4447 5834
f 1438 5835 5266
f 5835 1270 4444
f 5266 4444 311
f 5835 4444 5266
f 658 5834 5833
f 5834 1270 5835
f 5833 5835 1438
f 5834 5835 5833
f 379 5262 3649
f 5262 1437 5836
f 3649 5836 1065
f 5262 5836 3649
f 1437 5260 5837
f 5260 276 4618
f 5837 4618 1318
f 5260 4618 5837
f 1065 5838 3651
f 5838 1318 4624
f 3651 4624 166
f 5838 4624 3651
f 1437 5837 5836
f 5837 1318 5838
f 5836 5838 1065
f 5837 5838 5836
f 84 5636 5408
f 5636 1498 5839
f 5408 5839 1467
f 5636 5839 5408
f 1498 5634 5840
f 5634 352 4073
f 5840 4073 1174
f 5634 4073 5840
f 1467 5841 5411
f 5841 1174 4071
f 5411 4071 98
f 5841 4071 5411
f 1498 5840 5839
f 5840 1174 5841
f 5839 5841 1467
f 5840 5841 5839
f 380 5743 3354
f 5743 1508 5842
f 3354 5842 981
f 5743 5842 3354
f 1508 5741 5843
f 5741 367 4012
f 5843 4012 1157
f 5741 4012 5843
f 981 5844 3357
f 5844 1157 4017
f 3357 4017 67
f 5844 4017 3357
f 1508 5843 5842
f 5843 1157 5844
f 5842 5844 981
f 5843 5844 5842
f 380 3353 4448
f 3353 980 5845
f 4448 5845 1271
f 3353 5845 4448
f 980 3350 5846
f 3350 232 5470
f 5846 5470 1474
f 3350 5470 5846
f 1271 5847 4451
f 5847 1474 5467
f 4451 5467 100
f 5847 5467 4451
f 980 5846 5845
f 5846 1474 5847
f 5845 5847 1271
f 5846 5847 5845
f 381 5154 5849
f 5154 1416 5848
f 5849 5848 1515
f 5154 5848 5849
f 1416 5152 5850
f 5152 300 4143
f 5850 4143 1197
f 5152 4143 5850
f 1515 5851 5852
f 5851 1197 4148
f 5852 4148 3
f 5851 4148 5852
f 1416 5850 5848
f 5850 1197 5851
f 5848 5851 1515
f 5850 5851 5848
f 307 5853 5561
f 5853 1516 5854
f 5561 5854 1487
f 5853 5854 5561
f 1516 5855 5857
f 5855 390 5856
f 5857 5856 1517
f 5855 5856 5857
f 1487 5858 5563
f 5858 1517 5859
f 5563 5859 382
f 5858 5859 5563
f 1516 5857 5854
f 5857 1517 5858
f 5854 5858 1487
f 5857 5858 5854
f 383 5719 5012
f 5719 1505 5860
f 5012 5860 1395
f 5719 5860 5012
f 1505 5717 5861
f 5717 364 4517
f 5861 4517 1288
f 5717 4517 5861
f 1395 5862 5015
f 5862 1288 4515
f 5015 4515 102
f 5862 4515 5015
f 1505 5861 5860
f 5861 1288 5862
f 5860 5862 1395
f 5861 5862 5860
f 383 5623 5720
f 5623 1495 5863
f 5720 5863 1506
f 5623 5863 5720
f 1495 5620 5864
f 5620 283 4524
f 5864 4524 1290
f 5620 4524 5864
f 1506 5865 5723
f 5865 1290 4522
f 5723 4522 238
f 5865 4522 5723
f 1495 5864 5863
f 5864 1290 5865
f 5863 5865 1506
f 5864 5865 5863
f 384 4088 1903
f 4088 1178 5866
f 1903 5866 522
f 4088 5866 1903
f 1178 4085 5867
f 4085 118 5540
f 5867 5540 1482
f 4085 5540 5867
f 522 5868 1906
f 5868 1482 5537
f 1906 5537 222
f 5868 5537 1906
f 1178 5867 5866
f 5867 1482 5868
f 5866 5868 522
f 5867 5868 5866
f 384 4946 5598
f 4946 1379 5869
f 5598 5869 1492
f 4946 5869 5598
f 1379 4943 5870
f 4943 348 3325
f 5870 3325 973
f 4943 3325 5870
f 1492 5871 5600
f 5871 973 3331
f 5600 3331 202
f 5871 3331 5600
f 1379 5870 5869
f 5870 973 5871
f 5869 5871 1492
f 5870 5871 5869
f 385 2767 5873
f 2767 801 5872
f 5873 5872 1518
f 2767 5872 5873
f 801 2764 5874
f 2764 175 5387
f 5874 5387 1463
f 2764 5387 5874
f 1518 5875 5876
f 5875 1463 5391
f 5876 5391 324
f 5875 5391 5876
f 801 5874 5872
f 5874 1463 5875
f 5872 5875 1518
f 5874 5875 5872
f 368 5279 5754
f 5279 1441 5877
f 5754 5877 1510
f 5279 5877 5754
f 1441 5277 5878
f 5277 313 3674
f 5878 3674 1073
f 5277 3674 5878
f 1510 5879 5756
f 5879 1073 3678
f 5756 3678 222
f 5879 3678 5756
f 1441 5878 5877
f 5878 1073 5879
f 5877 5879 1510
f 5878 5879 5877
f 386 3577 3160
f 3577 1044 5880
f 3160 5880 926
f 3577 5880 3160
f 1044 3581 5881
f 3581 268 3573
f 5881 3573 1041
f 3581 3573 5881
f 926 5882 3163
f 5882 1041 3570
f 3163 3570 42
f 5882 3570 3163
f 1044 5881 5880
f 5881 1041 5882
f 5880 5882 926
f 5881 5882 5880
f 101 1978 5884
f 1978 546 5883
f 5884 5883 1520
f 1978 5883 5884
f 546 1975 5886
f 1975 395 5885
f 5886 5885 1519
f 1975 5885 5886
f 1520 5887 5889
f 5887 1519 5888
f 5889 5888 385
f 5887 5888 5889
f 546 5886 5883
f 5886 1519 5887
f 5883 5887 1520
f 5886 5887 5883
f 387 4540 5316
f 4540 1294 5890
f 5316 5890 1449
f 4540 5890 5316
f 1294 4537 5891
f 4537 202 3330
f 5891 3330 972
f 4537 3330 5891
f 1449 5892 5319
f 5892 972 3327
f 5319 3327 365
f 5892 3327 5319
f 1294 5891 5890
f 5891 972 5892
f 5890 5892 1449
f 5891 5892 5890
f 387 5315 4098
f 5315 1448 5893
f 4098 5893 1182
f 5315 5893 4098
f 1448 5312 5894
f 5312 317 5322
f 5894 5322 1451
f 5312 5322 5894
f 1182 5895 4101
f 5895 1451 5325
f 4101 5325 179
f 5895 5325 4101
f 1448 5894 5893
f 5894 1451 5895
f 5893 5895 1182
f 5894 5895 5893
f 284 2114 3340
f 2114 590 5896
f 3340 5896 976
f 2114 5896 3340
f 590 2111 5897
f 2111 275 4129
f 5897 4129 1191
f 2111 4129 5897
f 976 5898 3334
f 5898 1191 4126
f 3334 4126 167
f 5898 4126 3334
f 590 5897 5896
f 5897 1191 5898
f 5896 5898 976
f 5897 5898 5896
f 340 5520 4984
f 5520 1478 5899
f 4984 5899 1389
f 5520 5899 4984
f 1478 5523 5900
f 5523 86 4124
f 5900 4124 1189
f 5523 4124 5900
f 1389 5901 4987
f 5901 1189 4121
f 4987 4121 388
f 5901 4121 4987
f 1478 5900 5899
f 5900 1189 5901
f 5899 5901 1389
f 5900 5901 5899
f 388 5902 2603
f 5902 1521 5903
f 2603 5903 752
f 5902 5903 2603
f 1521 5904 5905
f 5904 204 5396
f 5905 5396 1464
f 5904 5396 5905
f 752 5906 2606
f 5906 1464 5393
f 2606 5393 102
f 5906 5393 2606
f 1521 5905 5903
f 5905 1464 5906
f 5903 5906 752
f 5905 5906 5903
f 389 5907 3289
f 5907 1522 5908
f 3289 5908 961
f 5907 5908 3289
f 1522 5909 5911
f 5909 49 5910
f 5911 5910 1523
f 5909 5910 5911
f 961 5912 3284
f 5912 1523 5913
f 3284 5913 16
f 5912 5913 3284
f 1522 5911 5908
f 5911 1523 5912
f 5908 5912 961
f 5911 5912 5908
f 390 4530 5856
f 4530 1291 5914
f 5856 5914 1517
f 4530 5914 5856
f 1291 4527 5915
f 4527 120 3306
f 5915 3306 967
f 4527 3306 5915
f 1517 5916 5859
f 5916 967 3310
f 5859 3310 382
f 5916 3310 5859
f 1291 5915 5914
f 5915 967 5916
f 5914 5916 1517
f 5915 5916 5914
f 390 5855 5740
f 5855 1516 5917
f 5740 5917 1507
f 5855 5917 5740
f 1516 5853 5918
f 5853 307 5216
f 5918 5216 1425
f 5853 5216 5918
f 1507 5919 5737
f 5919 1425 5213
f 5737 5213 366
f 5919 5213 5737
f 1516 5918 5917
f 5918 1425 5919
f 5917 5919 1507
f 5918 5919 5917
f 391 3180 2889
f 3180 931 5920
f 2889 5920 841
f 3180 5920 2889
f 931 3177 5921
f 3177 231 4430
f 5921 4430 1266
f 3177 4430 5921
f 841 5922 2892
f 5922 1266 4427
f 2892 4427 250
f 5922 4427 2892
f 931 5921 5920
f 5921 1266 5922
f 5920 5922 841
f 5921 5922 5920
f 392 3981 2151
f 3981 1147 5923
f 2151 5923 603
f 3981 5923 2151
f 1147 3978 5924
f 3978 358 3245
f 5924 3245 949
f 3978 3245 5924
f 603 5925 2154
f 5925 949 3242
f 2154 3242 92
f 5925 3242 2154
f 1147 5924 5923
f 5924 949 5925
f 5923 5925 603
f 5924 5925 5923
f 393 1693 5927
f 1693 454 5926
f 5927 5926 1524
f 1693 5926 5927
f 454 1699 5928
f 1699 49 5909
f 5928 5909 1522
f 1699 5909 5928
f 1524 5929 5930
f 5929 1522 5907
f 5930 5907 389
f 5929 5907 5930
f 454 5928 5926
f 5928 1522 5929
f 5926 5929 1524
f 5928 5929 5926
f 389 2314 5930
f 2314 656 5931
f 5930 5931 1524
f 2314 5931 5930
f 656 2311 5932
f 2311 89 2636
f 5932 2636 761
f 2311 2636 5932
f 1524 5933 5927
f 5933 761 2633
f 5927 2633 393
f 5933 2633 5927
f 656 5932 5931
f 5932 761 5933
f 5931 5933 1524
f 5932 5933 5931
f 388 4120 5902
f 4120 1188 5934
f 5902 5934 1521
f 4120 5934 5902
f 1188 4117 5935
f 4117 167 4128
f 5935 4128 1193
f 4117 4128 5935
f 1521 5936 5904
f 5936 1193 4134
f 5904 4134 204
f 5936 4134 5904
f 1188 5935 5934
f 5935 1193 5936
f 5934 5936 1521
f 5935 5936 5934
f 197 5230 5699
f 5230 1428 5937
f 5699 5937 1503
f 5230 5937 5699
f 1428 5227 5939
f 5227 395 5938
f 5939 5938 1525
f 5227 5938 5939
f 1503 5940 5702
f 5940 1525 5941
f 5702 5941 308
f 5940 5941 5702
f 1428 5939 5937
f 5939 1525 5940
f 5937 5940 1503
f 5939 5940 5937
f 394 5677 5943
f 5677 1501 5942
f 5943 5942 1526
f 5677 5942 5943
f 1501 5680 5944
f 5680 358 3980
f 5944 3980 1149
f 5680 3980 5944
f 1526 5945 5946
f 5945 1149 3986
f 5946 3986 396
f 5945 3986 5946
f 1501 5944 5942
f 5944 1149 5945
f 5942 5945 1526
f 5944 5945 5942
f 399 1739 5948
f 1739 467 5947
f 5948 5947 1527
f 1739 5947 5948
f 467 1736 5949
f 1736 7 3542
f 5949 3542 1033
f 1736 3542 5949
f 1527 5950 5951
f 5950 1033 3540
f 5951 3540 158
f 5950 3540 5951
f 467 5949 5947
f 5949 1033 5950
f 5947 5950 1527
f 5949 5950 5947
f 395 1977 5938
f 1977 548 5952
f 5938 5952 1525
f 1977 5952 5938
f 548 1983 5953
f 1983 165 1919
f 5953 1919 526
f 1983 1919 5953
f 1525 5954 5941
f 5954 526 1916
f 5941 1916 308
f 5954 1916 5941
f 548 5953 5952
f 5953 526 5954
f 5952 5954 1525
f 5953 5954 5952
f 395 5229 5885
f 5229 1429 5955
f 5885 5955 1519
f 5229 5955 5885
f 1429 5233 5956
f 5233 29 2771
f 5956 2771 802
f 5233 2771 5956
f 1519 5957 5888
f 5957 802 2768
f 5888 2768 385
f 5957 2768 5888
f 1429 5956 5955
f 5956 802 5957
f 5955 5957 1519
f 5956 5957 5955
f 396 3985 5959
f 3985 1148 5958
f 5959 5958 1528
f 3985 5958 5959
f 1148 3982 5960
f 3982 392 4847
f 5960 4847 1359
f 3982 4847 5960
f 1528 5961 5962
f 5961 1359 4844
f 5962 4844 47
f 5961 4844 5962
f 1148 5960 5958
f 5960 1359 5961
f 5958 5961 1528
f 5960 5961 5958
f 361 5963 2013
f 5963 1529 5964
f 2013 5964 558
f 5963 5964 2013
f 1529 5965 5966
f 5965 158 3831
f 5966 3831 1112
f 5965 3831 5966
f 558 5967 2016
f 5967 1112 3828
f 2016 3828 72
f 5967 3828 2016
f 1529 5966 5964
f 5966 1112 5967
f 5964 5967 558
f 5966 5967 5964
f 181 2474 3838
f 2474 711 5968
f 3838 5968 1114
f 2474 5968 3838
f 711 2480 5970
f 2480 399 5969
f 5970 5969 1530
f 2480 5969 5970
f 1114 5971 3834
f 5971 1530 5972
f 3834 5972 361
f 5971 5972 3834
f 711 5970 5968
f 5970 1530 5971
f 5968 5971 1114
f 5970 5971 5968
f 397 4999 4814
f 4999 1391 5973
f 4814 5973 1356
f 4999 5973 4814
f 1391 4997 5974
f 4997 219 2780
f 5974 2780 805
f 4997 2780 5974
f 1356 5975 4808
f 5975 805 2777
f 4808 2777 266
f 5975 2777 4808
f 1391 5974 5973
f 5974 805 5975
f 5973 5975 1356
f 5974 5975 5973
f 397 5388 5774
f 5388 1462 5976
f 5774 5976 1512
f 5388 5976 5774
f 1462 5385 5977
f 5385 175 2688
f 5977 2688 777
f 5385 2688 5977
f 1512 5978 5771
f 5978 777 2685
f 5771 2685 370
f 5978 2685 5771
f 1462 5977 5976
f 5977 777 5978
f 5976 5978 1512
f 5977 5978 5976
f 324 2536 5876
f 2536 731 5979
f 5876 5979 1518
f 2536 5979 5876
f 731 2541 5980
f 2541 101 5884
f 5980 5884 1520
f 2541 5884 5980
f 1518 5981 5873
f 5981 1520 5889
f 5873 5889 385
f 5981 5889 5873
f 731 5980 5979
f 5980 1520 5981
f 5979 5981 1518
f 5980 5981 5979
f 398 3924 5805
f 3924 1135 5982
f 5805 5982 1514
f 3924 5982 5805
f 1135 3921 5983
f 3921 3 4147
f 5983 4147 1196
f 3921 4147 5983
f 1514 5984 5808
f 5984 1196 4144
f 5808 4144 187
f 5984 4144 5808
f 1135 5983 5982
f 5983 1196 5984
f 5982 5984 1514
f 5983 5984 5982
f 398 5804 4398
f 5804 1513 5985
f 4398 5985 1259
f 5804 5985 4398
f 1513 5802 5986
f 5802 228 4609
f 5986 4609 1313
f 5802 4609 5986
f 1259 5987 4394
f 5987 1313 4606
f 4394 4606 133
f 5987 4606 4394
f 1513 5986 5985
f 5986 1313 5987
f 5985 5987 1259
f 5986 5987 5985
f 399 5948 5969
f 5948 1527 5988
f 5969 5988 1530
f 5948 5988 5969
f 1527 5951 5989
f 5951 158 5965
f 5989 5965 1529
f 5951 5965 5989
f 1530 5990 5972
f 5990 1529 5963
f 5972 5963 361
f 5990 5963 5972
f 1527 5989 5988
f 5989 1529 5990
f 5988 5990 1530
f 5989 5990 5988
f 399 2479 1740
f 2479 710 5991
f 1740 5991 468
f 2479 5991 1740
f 710 2476 5993
f 2476 77 5992
f 5993 5992 1531
f 2476 5992 5993
f 468 5994 1743
f 5994 1531 5995
f 1743 5995 378
f 5994 5995 1743
f 710 5993 5991
f 5993 1531 5994
f 5991 5994 468
f 5993 5994 5991
f 296 2256 1867
f 2256 637 5996
f 1867 5996 510
f 2256 5996 1867
f 637 2253 5997
f 2253 60 1865
f 5997 1865 508
f 2253 1865 5997
f 510 5998 1870
f 5998 508 1862
f 1870 1862 353
f 5998 1862 1870
f 637 5997 5996
f 5997 508 5998
f 5996 5998 510
f 5997 5998 5996
f 133 2565 4392
f 2565 738 5999
f 4392 5999 1258
f 2565 5999 4392
f 738 2562 6001
f 2562 61 6000
f 6001 6000 1532
f 2562 6000 6001
f 1258 6002 4395
f 6002 1532 6003
f 4395 6003 2
f 6002 6003 4395
f 738 6001 5999
f 6001 1532 6002
f 5999 6002 1258
f 6001 6002 5999
