0.021670604 0.999765165 0.000000000
0.021670604 0.999765165 0.000000000
0.021670604 0.999765165 0.000000000
0.028935442 0.999581282 0.000000000
0.065313664 0.997864783 0.000000000
0.171488227 0.985186169 0.000000000
0.293804761 0.955865452 0.000000000
0.516074069 0.856543960 0.000000000
0.649973949 0.759956489 0.000000000
0.601327088 0.799002962 0.000000000
0.642194278 0.766541916 0.000000000
0.680649653 0.732609070 0.000000000
0.738247598 0.674529825 0.000000000
0.750589019 0.660769343 0.000000000
0.725658284 0.688055270 0.000000000
0.624829558 0.780761182 0.000000000
0.541024304 0.841006958 0.000000000
0.429117467 0.903248692 0.000000000
0.362724193 0.931896539 0.000000000
0.283616897 0.958937670 0.000000000
0.165558040 0.986200048 0.000000000
0.099202551 0.995067261 0.000000000
0.061815293 0.998087606 0.000000000
0.028935442 0.999581282 0.000000000
0.021670604 0.999765165 0.000000000
0.021670604 0.999765165 0.000000000
0.397801533 0.917471493 0.000000000
0.094985084 0.995478696 0.000000000
0.391670182 0.920105683 0.000000000
0.153176053 0.988198916 0.000000000
0.391670182 0.920105683 0.000000000
0.147150242 0.989114152 0.000000000
0.596924654 0.802297300 0.000000000
0.601753890 0.798681574 0.000000000
0.594104534 0.804387844 0.000000000
0.485073712 0.874473267 0.000000000
0.243713262 0.969847331 0.000000000
0.197157884 0.980371750 0.000000000
0.639599627 0.768708213 0.000000000
0.568406964 0.822747546 0.000000000
0.021670604 0.999765165 0.000000000
0.460386409 0.887718624 0.000000000
0.073929684 0.997263457 0.000000000
0.594194277 0.804321553 0.000000000
0.094985084 0.995478696 0.000000000
0.428775771 0.903410946 0.000000000
0.705953780 0.708257905 0.000000000
0.321323162 0.946969601 0.000000000
0.648866289 0.760902450 0.000000000
0.603707376 0.797205999 0.000000000
0.263631789 0.964623387 0.000000000
0.602008536 0.798489651 0.000000000
0.041566474 0.999135741 0.000000000
0.489439048 0.872037510 0.000000000
0.051944869 0.998649954 0.000000000
0.674222781 0.738528024 0.000000000
0.245887770 0.969298305 0.000000000
0.738247598 0.674529825 0.000000000
0.406669202 0.913575481 0.000000000
0.617454087 0.786606922 0.000000000
0.021670604 0.999765165 0.000000000
0.044565563 0.999006462 0.000000000
0.136798783 0.990598856 0.000000000
0.357403165 0.933950201 0.000000000
0.628780901 0.777582522 0.000000000
0.044565563 0.999006462 0.000000000
0.239716786 0.970842862 0.000000000
0.600994112 0.799253450 0.000000000
0.642396541 0.766372418 0.000000000
0.600994112 0.799253450 0.000000000
0.191496975 0.981493204 0.000000000
0.283290924 0.959034020 0.000000000
0.634702905 0.772756250 0.000000000
0.027119349 0.999632203 0.000000000
0.693408062 0.720545113 0.000000000
0.204917721 0.978779203 0.000000000
0.211529857 0.977371536 0.000000000
0.602857447 0.797848920 0.000000000
0.512107945 0.858921098 0.000000000
0.021670604 0.999765165 0.000000000
0.119369608 0.992849886 0.000000000
0.463258328 0.886223291 0.000000000
0.332261302 0.943187377 0.000000000
0.641742830 0.766919905 0.000000000
0.179603518 0.983739079 0.000000000
0.568927874 0.822387424 0.000000000
0.591516098 0.806293189 0.000000000
0.065398459 0.997859229 0.000000000
0.621789634 0.783184302 0.000000000
0.594370301 0.804191486 0.000000000
0.258521195 0.966005586 0.000000000
0.667085447 0.744981212 0.000000000
0.394781104 0.918775206 0.000000000
0.314488157 0.949261397 0.000000000
0.033041080 0.999453994 0.000000000
0.135778295 0.990739247 0.000000000
0.021670604 0.999765165 0.000000000
0.634387749 0.773014996 0.000000000
0.413022471 0.910720835 0.000000000
0.231047830 0.972942393 0.000000000
0.304205586 0.952606404 0.000000000
0.630606216 0.776102957 0.000000000
0.136798783 0.990598856 0.000000000
0.168555062 0.985692240 0.000000000
0.027119349 0.999632203 0.000000000
0.631023903 0.775763388 0.000000000
0.537784508 0.843082335 0.000000000
0.072854749 0.997342562 0.000000000
0.594263342 0.804270527 0.000000000
0.707231237 0.706982303 0.000000000
0.601384439 0.798959797 0.000000000
0.021670604 0.999765165 0.000000000
0.240217254 0.970719151 0.000000000
0.715878281 0.698225098 0.000000000
0.659887812 0.751364143 0.000000000
0.119837801 0.992793484 0.000000000
0.379677489 0.925118913 0.000000000
0.435406800 0.900233813 0.000000000
0.072854749 0.997342562 0.000000000
0.601753890 0.798681574 0.000000000
0.594282292 0.804256524 0.000000000
0.644790066 0.764359713 0.000000000
0.203362587 0.979103497 0.000000000
0.259178907 0.965829330 0.000000000
0.080306980 0.996770179 0.000000000
0.105701017 0.994397956 0.000000000
0.469142697 0.883122375 0.000000000
0.667085447 0.744981212 0.000000000
0.559850050 0.828593942 0.000000000
0.251761108 0.967789411 0.000000000
0.674483881 0.738289573 0.000000000
0.607332427 0.794447810 0.000000000
0.021670604 0.999765165 0.000000000
0.642396541 0.766372418 0.000000000
0.330932815 0.943654318 0.000000000
0.705953780 0.708257905 0.000000000
0.211886430 0.977294296 0.000000000
0.044565563 0.999006462 0.000000000
0.187399544 0.982283773 0.000000000
0.599469612 0.800397517 0.000000000
0.357403165 0.933950201 0.000000000
0.483146988 0.875539256 0.000000000
0.287675732 0.957727870 0.000000000
0.599469612 0.800397517 0.000000000
0.179603518 0.983739079 0.000000000
0.429122279 0.903246406 0.000000000
0.061626932 0.998099254 0.000000000
0.607164667 0.794576030 0.000000000
0.627774663 0.778395126 0.000000000
0.136798783 0.990598856 0.000000000
0.023486912 0.999724144 0.000000000
0.227655101 0.973741832 0.000000000
0.600064416 0.799951684 0.000000000
0.061626932 0.998099254 0.000000000
0.158197906 0.987407425 0.000000000
0.577996471 0.816039264 0.000000000
0.713728877 0.700422080 0.000000000
0.287675732 0.957727870 0.000000000
0.630313915 0.776340369 0.000000000
0.702224459 0.711955623 0.000000000
0.535977060 0.844232546 0.000000000
0.061606036 0.998100544 0.000000000
0.441402544 0.897309196 0.000000000
0.441402544 0.897309196 0.000000000
0.313257239 0.949668312 0.000000000
0.143382764 0.989667309 0.000000000
0.642187355 0.766547716 0.000000000
0.087605065 0.996155285 0.000000000
0.227619701 0.973750108 0.000000000
0.615380969 0.788229828 0.000000000
0.621789634 0.783184302 0.000000000
0.304837747 0.952404298 0.000000000
0.600994112 0.799253450 0.000000000
0.636805296 0.771024653 0.000000000
0.363027118 0.931778574 0.000000000
0.094985084 0.995478696 0.000000000
0.021670604 0.999765165 0.000000000
0.054942482 0.998489521 0.000000000
0.255745311 0.966744194 0.000000000
0.326610825 0.945158912 0.000000000
0.203413437 0.979092934 0.000000000
0.147150242 0.989114152 0.000000000
0.523398581 0.852087980 0.000000000
0.126608400 0.991952778 0.000000000
0.100668121 0.994920062 0.000000000
0.582071038 0.813137938 0.000000000
0.021670604 0.999765165 0.000000000
0.180210276 0.983628109 0.000000000
0.391670182 0.920105683 0.000000000
0.667085447 0.744981212 0.000000000
0.717397100 0.696664482 0.000000000
0.185587032 0.982627831 0.000000000
0.436124009 0.899886576 0.000000000
0.640200198 0.768208114 0.000000000
0.508707737 0.860939277 0.000000000
0.227635423 0.973746432 0.000000000
0.434285597 0.900775233 0.000000000
0.374599886 0.927186564 0.000000000
0.175855294 0.984416028 0.000000000
0.628780901 0.777582522 0.000000000
0.607332427 0.794447810 0.000000000
0.352274441 0.935896745 0.000000000
0.065398459 0.997859229 0.000000000
0.629757533 0.776791768 0.000000000
0.582792963 0.812620675 0.000000000
0.594282292 0.804256524 0.000000000
0.094985084 0.995478696 0.000000000
0.642396541 0.766372418 0.000000000
0.179603518 0.983739079 0.000000000
0.606065694 0.795414593 0.000000000
0.357403165 0.933950201 0.000000000
0.642396541 0.766372418 0.000000000
0.384554961 0.923102097 0.000000000
0.605136172 0.796121984 0.000000000
0.094985084 0.995478696 0.000000000
0.657989595 0.753027020 0.000000000
0.025303166 0.999679824 0.000000000
0.611119987 0.791537972 0.000000000
0.314560964 0.949237273 0.000000000
0.116404493 0.993201890 0.000000000
0.299842523 0.953988711 0.000000000
0.499161900 0.866508740 0.000000000
0.048255363 0.998835031 0.000000000
0.269678143 0.962950518 0.000000000
0.072854749 0.997342562 0.000000000
0.207447889 0.978246070 0.000000000
0.506574955 0.862195926 0.000000000
0.021670604 0.999765165 0.000000000
0.083988066 0.996466760 0.000000000
0.702224459 0.711955623 0.000000000
0.587566271 0.809176048 0.000000000
0.203362587 0.979103497 0.000000000
0.313257239 0.949668312 0.000000000
0.434496322 0.900673607 0.000000000
0.263631789 0.964623387 0.000000000
0.612466117 0.790496841 0.000000000
0.041566474 0.999135741 0.000000000
0.607164667 0.794576030 0.000000000
0.596835136 0.802363895 0.000000000
0.300138100 0.953895760 0.000000000
0.385840481 0.922565512 0.000000000
0.600994112 0.799253450 0.000000000
0.172616545 0.984989101 0.000000000
0.126608400 0.991952778 0.000000000
0.025303166 0.999679824 0.000000000
0.119741079 0.992805154 0.000000000
0.654394928 0.756152946 0.000000000
0.109458238 0.993991395 0.000000000
0.283678628 0.958919411 0.000000000
0.607688614 0.794175389 0.000000000
0.036751537 0.999324434 0.000000000
0.616967515 0.786988618 0.000000000
0.616967515 0.786988618 0.000000000
0.616967515 0.786988618 0.000000000
0.428775771 0.903410946 0.000000000
0.215515646 0.976500387 0.000000000
0.633504808 0.773738753 0.000000000
0.469142697 0.883122375 0.000000000
0.614801057 0.788682231 0.000000000
0.203362587 0.979103497 0.000000000
0.487114662 0.873338025 0.000000000
0.670989320 0.741467013 0.000000000
0.600994112 0.799253450 0.000000000
0.139247146 0.990257660 0.000000000
0.072854749 0.997342562 0.000000000
0.283900751 0.958853672 0.000000000
0.164491485 0.986378503 0.000000000
0.494233908 0.869328962 0.000000000
0.021670604 0.999765165 0.000000000
0.642187355 0.766547716 0.000000000
0.031935717 0.999489925 0.000000000
0.322281378 0.946643921 0.000000000
0.275462622 0.961311783 0.000000000
0.441402544 0.897309196 0.000000000
0.604138771 0.796879128 0.000000000
0.143382764 0.989667309 0.000000000
0.363305123 0.931670214 0.000000000
0.636322458 0.771423185 0.000000000
0.506574955 0.862195926 0.000000000
0.065398459 0.997859229 0.000000000
0.455019971 0.890481233 0.000000000
0.367420983 0.930054741 0.000000000
0.594282292 0.804256524 0.000000000
0.636805296 0.771024653 0.000000000
0.223568725 0.974688168 0.000000000
0.116404493 0.993201890 0.000000000
0.595127983 0.803630937 0.000000000
0.632301883 0.774722098 0.000000000
0.319381165 0.947626335 0.000000000
0.493609584 0.869683609 0.000000000
0.223568725 0.974688168 0.000000000
0.203362587 0.979103497 0.000000000
0.051944869 0.998649954 0.000000000
0.667085447 0.744981212 0.000000000
0.391670182 0.920105683 0.000000000
0.600655911 0.799507646 0.000000000
0.628780901 0.777582522 0.000000000
0.615380969 0.788229828 0.000000000
0.221199969 0.975228472 0.000000000
0.021670604 0.999765165 0.000000000
0.116404493 0.993201890 0.000000000
0.602008536 0.798489651 0.000000000
0.139611371 0.990206375 0.000000000
0.157485802 0.987521252 0.000000000
0.654394928 0.756152946 0.000000000
0.021670604 0.999765165 0.000000000
0.593410816 0.804899748 0.000000000
0.374599886 0.927186564 0.000000000
0.460466385 0.887677142 0.000000000
0.336103763 0.941824963 0.000000000
0.186505136 0.982453986 0.000000000
0.374599886 0.927186564 0.000000000
0.592124368 0.805846594 0.000000000
0.590997873 0.806673115 0.000000000
0.374599886 0.927186564 0.000000000
0.508707737 0.860939277 0.000000000
0.282571944 0.959246108 0.000000000
0.187399544 0.982283773 0.000000000
0.105701017 0.994397956 0.000000000
0.595127983 0.803630937 0.000000000
0.034935878 0.999389556 0.000000000
0.241564980 0.970384646 0.000000000
0.594639620 0.803992365 0.000000000
0.301704722 0.953401416 0.000000000
0.595481420 0.803369080 0.000000000
0.616967515 0.786988618 0.000000000
0.642187355 0.766547716 0.000000000
0.219538069 0.975603934 0.000000000
0.157485802 0.987521252 0.000000000
0.227635423 0.973746432 0.000000000
0.021670604 0.999765165 0.000000000
0.577996471 0.816039264 0.000000000
0.184591111 0.982815406 0.000000000
0.594104534 0.804387844 0.000000000
0.037168916 0.999308997 0.000000000
0.025303166 0.999679824 0.000000000
0.455019971 0.890481233 0.000000000
0.570750267 0.821123701 0.000000000
0.534086150 0.845430059 0.000000000
0.547389792 0.836877778 0.000000000
0.499161900 0.866508740 0.000000000
0.506574955 0.862195926 0.000000000
0.594370301 0.804191486 0.000000000
0.331790350 0.943353149 0.000000000
0.275462622 0.961311783 0.000000000
0.516074069 0.856543960 0.000000000
0.267615999 0.963525649 0.000000000
0.410307121 0.911947403 0.000000000
0.441402544 0.897309196 0.000000000
0.594460022 0.804125166 0.000000000
0.313257239 0.949668312 0.000000000
0.611119987 0.791537972 0.000000000
0.621983460 0.783030380 0.000000000
0.150472235 0.988614235 0.000000000
0.157485802 0.987521252 0.000000000
0.105701017 0.994397956 0.000000000
0.043365978 0.999059253 0.000000000
0.671264981 0.741217461 0.000000000
0.636805296 0.771024653 0.000000000
0.081906766 0.996639996 0.000000000
0.243766032 0.969834069 0.000000000
0.441402544 0.897309196 0.000000000
0.499161900 0.866508740 0.000000000
0.639423004 0.768855138 0.000000000
0.342052028 0.939681015 0.000000000
0.602008536 0.798489651 0.000000000
0.283290924 0.959034020 0.000000000
0.603707376 0.797205999 0.000000000
0.602008536 0.798489651 0.000000000
0.412575091 0.910923594 0.000000000
0.646988487 0.762499769 0.000000000
0.320727247 0.947171596 0.000000000
0.505522337 0.862813518 0.000000000
0.112797190 0.993618032 0.000000000
0.136798783 0.990598856 0.000000000
0.255745311 0.966744194 0.000000000
0.351917522 0.936031013 0.000000000
0.251746670 0.967793167 0.000000000
0.165481745 0.986212853 0.000000000
0.246969004 0.969023380 0.000000000
0.021670604 0.999765165 0.000000000
0.598532709 0.801098369 0.000000000
0.605022819 0.796208131 0.000000000
0.422737225 0.906252304 0.000000000
0.337313100 0.941392518 0.000000000
0.439973597 0.898010709 0.000000000
0.300049426 0.953923656 0.000000000
0.644814186 0.764339365 0.000000000
0.626588334 0.779350409 0.000000000
0.594104534 0.804387844 0.000000000
0.601484327 0.798884600 0.000000000
0.691350791 0.722519262 0.000000000
0.651635024 0.758532659 0.000000000
0.680649653 0.732609070 0.000000000
0.357403165 0.933950201 0.000000000
0.695890710 0.718147701 0.000000000
0.343329138 0.939215153 0.000000000
0.021670604 0.999765165 0.000000000
0.247758181 0.968821905 0.000000000
0.594749208 0.803911301 0.000000000
0.598068441 0.801445033 0.000000000
0.598446053 0.801163105 0.000000000
0.594371161 0.804190850 0.000000000
0.596967726 0.802265251 0.000000000
0.596879071 0.802331213 0.000000000
0.355850732 0.934542806 0.000000000
0.351144407 0.936321315 0.000000000
0.327040003 0.945010495 0.000000000
0.342103996 0.939662097 0.000000000
0.347807139 0.937566101 0.000000000
0.368959316 0.929445546 0.000000000
0.172888941 0.984941325 0.000000000
0.192579261 0.981281422 0.000000000
0.185275038 0.982686705 0.000000000
0.208403398 0.978042956 0.000000000
0.188774760 0.982020412 0.000000000
0.243053550 0.970012872 0.000000000
0.254977287 0.966947043 0.000000000
0.257802495 0.966197637 0.000000000
0.071864674 0.997414392 0.000000000
0.061710665 0.998094081 0.000000000
0.071760117 0.997421920 0.000000000
0.021670604 0.999765165 0.000000000
0.024395067 0.999702396 0.000000000
0.024395067 0.999702396 0.000000000
0.021670604 0.999765165 0.000000000
0.021670604 0.999765165 0.000000000
0.021670604 0.999765165 0.000000000
0.027356284 0.999625747 0.000000000
0.030080347 0.999547484 0.000000000
0.171909081 0.985112820 0.000000000
0.148729354 0.988877940 0.000000000
0.162461886 0.986714820 0.000000000
0.036751626 0.999324431 0.000000000
0.044565563 0.999006462 0.000000000
0.036751626 0.999324431 0.000000000
0.028303864 0.999599365 0.000000000
0.024395067 0.999702396 0.000000000
0.031027851 0.999518520 0.000000000
0.400733587 0.916194626 0.000000000
0.417506460 0.908673955 0.000000000
0.423392930 0.905946150 0.000000000
0.550472167 0.834853516 0.000000000
0.564136080 0.825681829 0.000000000
0.554790759 0.831989912 0.000000000
0.599634596 0.800273923 0.000000000
0.599713597 0.800214722 0.000000000
0.594183941 0.804329189 0.000000000
0.426376694 0.904545695 0.000000000
0.447528534 0.894269653 0.000000000
0.413197501 0.910641436 0.000000000
0.666268432 0.745711993 0.000000000
0.664908482 0.746924836 0.000000000
0.650251736 0.759718816 0.000000000
0.654828348 0.755777636 0.000000000
0.667085447 0.744981212 0.000000000
0.654828348 0.755777636 0.000000000
0.631039346 0.775750826 0.000000000
0.619381496 0.785090162 0.000000000
0.628653992 0.777685128 0.000000000
0.294245456 0.955729884 0.000000000
0.313092247 0.949722720 0.000000000
0.302529217 0.953140112 0.000000000
0.060559654 0.998164580 0.000000000
0.046410542 0.998922450 0.000000000
0.058716051 0.998274724 0.000000000
0.270858953 0.962619046 0.000000000
0.249752955 0.968309590 0.000000000
0.272840904 0.962059167 0.000000000
0.085567241 0.996332398 0.000000000
0.089290022 0.996005669 0.000000000
0.069127087 0.997607862 0.000000000
0.110810767 0.993841524 0.000000000
0.131705332 0.991288911 0.000000000
0.115917615 0.993258832 0.000000000
0.186014136 0.982547068 0.000000000
0.183988526 0.982928391 0.000000000
0.205431099 0.978671581 0.000000000
0.298929479 0.954275205 0.000000000
0.320556054 0.947229548 0.000000000
0.305029778 0.952342814 0.000000000
0.069084700 0.997610798 0.000000000
0.054942579 0.998489516 0.000000000
0.313257786 0.949668131 0.000000000
0.291577636 0.956547167 0.000000000
0.699707893 0.714429048 0.000000000
0.683874533 0.729599632 0.000000000
0.690254232 0.723566925 0.000000000
0.651085274 0.759004589 0.000000000
0.647383725 0.762164230 0.000000000
0.638456153 0.769658198 0.000000000
0.614047964 0.789268710 0.000000000
0.608255514 0.793741286 0.000000000
0.605311009 0.795989059 0.000000000
0.734212454 0.678919784 0.000000000
0.732427341 0.680845202 0.000000000
0.715565455 0.698545689 0.000000000
0.647027732 0.762466468 0.000000000
0.638235405 0.769841261 0.000000000
0.630736163 0.775997354 0.000000000
0.716507260 0.697579635 0.000000000
0.722921542 0.690930129 0.000000000
0.731984182 0.681321626 0.000000000
0.603694986 0.797215381 0.000000000
0.635508079 0.772094218 0.000000000
0.610593560 0.791944130 0.000000000
0.632142631 0.774852047 0.000000000
0.619721354 0.784821919 0.000000000
0.629904082 0.776672935 0.000000000
0.611375198 0.791340867 0.000000000
0.614684453 0.788773113 0.000000000
0.603999468 0.796984719 0.000000000
0.651414475 0.758722071 0.000000000
0.645830235 0.763481046 0.000000000
0.639164640 0.769069933 0.000000000
0.410307896 0.911947055 0.000000000
0.374600638 0.927186261 0.000000000
0.393385932 0.919373433 0.000000000
0.021670604 0.999765165 0.000000000
0.023486924 0.999724144 0.000000000
0.023486924 0.999724144 0.000000000
0.461377705 0.887203817 0.000000000
0.491175198 0.871060804 0.000000000
0.453202355 0.891407665 0.000000000
0.348576421 0.937280363 0.000000000
0.344112211 0.938928531 0.000000000
0.317772907 0.948166852 0.000000000
0.098402937 0.995146653 0.000000000
0.078422630 0.996920203 0.000000000
0.092844648 0.995680607 0.000000000
0.022578767 0.999745067 0.000000000
0.022578767 0.999745067 0.000000000
0.021670604 0.999765165 0.000000000
0.491525725 0.870863056 0.000000000
0.538957007 0.842333274 0.000000000
0.536938508 0.843621383 0.000000000
0.485843435 0.874045855 0.000000000
0.479172012 0.877721016 0.000000000
0.448224259 0.893921145 0.000000000
0.331907700 0.943311867 0.000000000
0.357796023 0.933799768 0.000000000
0.326330388 0.945255774 0.000000000
0.209601991 0.977786789 0.000000000
0.235682406 0.971830131 0.000000000
0.217683013 0.976019521 0.000000000
0.330935868 0.943653248 0.000000000
0.308734908 0.951148126 0.000000000
0.335422285 0.942067880 0.000000000
0.127812175 0.991798391 0.000000000
0.109526077 0.993983923 0.000000000
0.117510350 0.993071658 0.000000000
0.595693039 0.803212178 0.000000000
0.598197887 0.801348419 0.000000000
0.588183901 0.808727209 0.000000000
0.591104498 0.806594987 0.000000000
0.597167784 0.802116350 0.000000000
0.247765679 0.968819988 0.000000000
0.263583799 0.964636502 0.000000000
0.267561831 0.963540693 0.000000000
0.040096877 0.999195797 0.000000000
0.030435613 0.999536729 0.000000000
0.038597206 0.999254850 0.000000000
0.100656028 0.994921285 0.000000000
0.091291494 0.995824213 0.000000000
0.110023733 0.993928960 0.000000000
0.598017323 0.801483176 0.000000000
0.594504969 0.804091936 0.000000000
0.597883092 0.801583313 0.000000000
0.102224366 0.994761368 0.000000000
0.123140195 0.992389285 0.000000000
0.046756302 0.998906326 0.000000000
0.057217637 0.998361729 0.000000000
0.062403233 0.998051019 0.000000000
0.449073825 0.893494655 0.000000000
0.410307896 0.911947055 0.000000000
0.430803487 0.902445763 0.000000000
0.628983707 0.777418482 0.000000000
0.628652201 0.777686576 0.000000000
0.642069744 0.766646231 0.000000000
0.358548802 0.933510984 0.000000000
0.349902760 0.936786026 0.000000000
0.376004043 0.926618023 0.000000000
0.629766396 0.776784582 0.000000000
0.641299027 0.767291052 0.000000000
0.709851955 0.704350908 0.000000000
0.696251627 0.717797793 0.000000000
0.688480089 0.725255243 0.000000000
0.030988326 0.999519746 0.000000000
0.038803967 0.999246842 0.000000000
0.620606685 0.784122020 0.000000000
0.619433968 0.785048763 0.000000000
0.602947004 0.797781242 0.000000000
0.408274609 0.912859159 0.000000000
0.441402544 0.897309196 0.000000000
0.408274609 0.912859159 0.000000000
0.263071519 0.964776335 0.000000000
0.290519253 0.956869147 0.000000000
0.286005894 0.958227859 0.000000000
0.192090343 0.981377247 0.000000000
0.197592733 0.980284200 0.000000000
0.174082029 0.984731155 0.000000000
0.696807644 0.717258048 0.000000000
0.679310966 0.733850538 0.000000000
0.684854056 0.728680261 0.000000000
0.621805803 0.783171465 0.000000000
0.644591099 0.764527511 0.000000000
0.624261844 0.781215175 0.000000000
0.034343727 0.999410080 0.000000000
0.030119887 0.999546293 0.000000000
0.027711562 0.999615961 0.000000000
0.185553644 0.982634136 0.000000000
0.203680760 0.979037358 0.000000000
0.594282292 0.804256524 0.000000000
0.600742979 0.799442226 0.000000000
0.600742979 0.799442226 0.000000000
0.490678380 0.871340764 0.000000000
0.512672828 0.858584050 0.000000000
0.516176059 0.856482502 0.000000000
0.042494876 0.999096685 0.000000000
0.056786568 0.998386341 0.000000000
0.047338853 0.998878888 0.000000000
0.141497324 0.989938638 0.000000000
0.157759900 0.987477500 0.000000000
0.159640623 0.987175198 0.000000000
0.168555269 0.985692204 0.000000000
0.147150339 0.989114138 0.000000000
0.158238327 0.987400948 0.000000000
0.614908799 0.788598230 0.000000000
0.617605841 0.786487778 0.000000000
0.633676896 0.773597822 0.000000000
0.410503633 0.911858962 0.000000000
0.415559890 0.909565818 0.000000000
0.389674038 0.920952846 0.000000000
0.654828348 0.755777636 0.000000000
0.656810989 0.754055253 0.000000000
0.669039691 0.743226676 0.000000000
0.609089156 0.793101759 0.000000000
0.600991553 0.799255374 0.000000000
0.609422107 0.792845947 0.000000000
0.069786115 0.997561977 0.000000000
0.074622329 0.997211867 0.000000000
0.056786568 0.998386341 0.000000000
0.074978897 0.997185121 0.000000000
0.080200605 0.996778743 0.000000000
0.060171296 0.998188066 0.000000000
0.150659913 0.988585652 0.000000000
0.145576626 0.989346980 0.000000000
0.131705332 0.991288911 0.000000000
0.312428453 0.949941294 0.000000000
0.325788291 0.945442748 0.000000000
0.344202191 0.938895549 0.000000000
0.639438160 0.768842532 0.000000000
0.653990950 0.756502371 0.000000000
0.643502386 0.765444106 0.000000000
0.613497009 0.789697043 0.000000000
0.624191928 0.781271040 0.000000000
0.615919342 0.787809218 0.000000000
0.184456421 0.982840694 0.000000000
0.170670884 0.985328092 0.000000000
0.189627546 0.981856096 0.000000000
0.278804846 0.960347780 0.000000000
0.271767547 0.962362925 0.000000000
0.248661808 0.968590370 0.000000000
0.623136380 0.782113197 0.000000000
0.636819804 0.771012670 0.000000000
0.614982969 0.788540390 0.000000000
0.557119672 0.830432220 0.000000000
0.561692297 0.827346217 0.000000000
0.608095999 0.793863500 0.000000000
0.607455757 0.794353513 0.000000000
0.616174555 0.787609623 0.000000000
0.608255514 0.793741286 0.000000000
0.483688496 0.875240218 0.000000000
0.447423923 0.894321996 0.000000000
0.470825589 0.882226312 0.000000000
0.607842864 0.794057336 0.000000000
0.591931272 0.805988442 0.000000000
0.616769973 0.787143443 0.000000000
0.293606224 0.955926454 0.000000000
0.265624461 0.964076577 0.000000000
0.291630333 0.956531102 0.000000000
0.107127342 0.994245308 0.000000000
0.110810767 0.993841524 0.000000000
0.091295702 0.995823827 0.000000000
0.355791865 0.934565219 0.000000000
0.338461248 0.940980331 0.000000000
0.374600638 0.927186261 0.000000000
0.309384308 0.950937090 0.000000000
0.322722664 0.946493572 0.000000000
0.301111703 0.953588875 0.000000000
0.644602376 0.764518003 0.000000000
0.657145732 0.753763548 0.000000000
0.021670604 0.999765165 0.000000000
0.021670604 0.999765165 0.000000000
0.021670604 0.999765165 0.000000000
0.023486924 0.999724144 0.000000000
0.023486924 0.999724144 0.000000000
0.709084605 0.705123409 0.000000000
0.727159463 0.686468583 0.000000000
0.720479083 0.693476669 0.000000000
0.230719628 0.973020274 0.000000000
0.222603970 0.974908956 0.000000000
0.213066242 0.977037756 0.000000000
0.138810433 0.990318971 0.000000000
0.146997540 0.989136858 0.000000000
0.127578316 0.991828500 0.000000000
0.654828348 0.755777636 0.000000000
0.642396541 0.766372418 0.000000000
0.207473432 0.978240653 0.000000000
0.229683803 0.973265303 0.000000000
0.225644257 0.974209767 0.000000000
0.602121199 0.798404698 0.000000000
0.617573387 0.786513262 0.000000000
0.618298659 0.785943235 0.000000000
0.554376120 0.832266254 0.000000000
0.564949843 0.825125248 0.000000000
0.581180490 0.813774685 0.000000000
0.034343809 0.999410077 0.000000000
0.046756302 0.998906326 0.000000000
0.039535160 0.999218180 0.000000000
0.090558073 0.995891177 0.000000000
0.086573082 0.996245503 0.000000000
0.077918848 0.996959705 0.000000000
0.492787604 0.870149629 0.000000000
0.449073825 0.893494655 0.000000000
0.473005744 0.881059343 0.000000000
0.554170221 0.832403368 0.000000000
0.542263966 0.840208183 0.000000000
0.589555035 0.807728210 0.000000000
0.280064673 0.959981135 0.000000000
0.302955415 0.953004731 0.000000000
0.276654796 0.960969367 0.000000000
0.264803009 0.964302528 0.000000000
0.654506067 0.756056750 0.000000000
0.670793008 0.741644618 0.000000000
0.658269028 0.752782762 0.000000000
0.021670604 0.999765165 0.000000000
0.021670604 0.999765165 0.000000000
0.021670604 0.999765165 0.000000000
0.029420644 0.999567119 0.000000000
0.023486924 0.999724144 0.000000000
0.031236591 0.999512019 0.000000000
0.191375783 0.981516841 0.000000000
0.206668830 0.978410954 0.000000000
0.212432359 0.977175774 0.000000000
0.203496217 0.979075732 0.000000000
0.199612241 0.979874968 0.000000000
0.183502974 0.983019155 0.000000000
0.508791918 0.860889531 0.000000000
0.501920975 0.864913484 0.000000000
0.462095983 0.886829917 0.000000000
0.637737325 0.770253922 0.000000000
0.629693993 0.776843276 0.000000000
0.636831969 0.771002622 0.000000000
0.558680456 0.829382992 0.000000000
0.511935491 0.859023896 0.000000000
0.100344506 0.994952753 0.000000000
0.609515153 0.792774418 0.000000000
0.602008536 0.798489651 0.000000000
0.609515153 0.792774418 0.000000000
0.636831623 0.771002908 0.000000000
0.645935727 0.763391797 0.000000000
0.577292954 0.816537106 0.000000000
0.562816670 0.826581754 0.000000000
0.597988558 0.801504638 0.000000000
0.594416971 0.804156990 0.000000000
0.597766598 0.801670191 0.000000000
0.286005894 0.958227859 0.000000000
0.294417495 0.955676901 0.000000000
0.267002223 0.963695913 0.000000000
0.169366479 0.985553142 0.000000000
0.163398983 0.986560070 0.000000000
0.609515153 0.792774418 0.000000000
0.609515153 0.792774418 0.000000000
0.602008536 0.798489651 0.000000000
0.423566712 0.905864913 0.000000000
0.387941270 0.921684095 0.000000000
0.399064893 0.916922685 0.000000000
0.336032878 0.941850256 0.000000000
0.344202191 0.938895549 0.000000000
0.053098185 0.998589296 0.000000000
0.109291703 0.994009720 0.000000000
0.150685261 0.988581788 0.000000000
0.158034288 0.987433625 0.000000000
0.021670604 0.999765165 0.000000000
0.021670604 0.999765165 0.000000000
0.021670604 0.999765165 0.000000000
0.613252709 0.789886773 0.000000000
0.606149251 0.795350920 0.000000000
0.604001817 0.796982939 0.000000000
0.657084501 0.753816927 0.000000000
0.664367303 0.747406239 0.000000000
0.452364397 0.891833197 0.000000000
0.416692287 0.909047599 0.000000000
0.427799829 0.903873501 0.000000000
0.285124849 0.958490386 0.000000000
0.309460469 0.950912308 0.000000000
0.311991090 0.950085028 0.000000000
0.133112749 0.991100901 0.000000000
0.117327846 0.993093237 0.000000000
0.350203101 0.936673789 0.000000000
0.364647006 0.931145832 0.000000000
0.377393784 0.926052878 0.000000000
0.271562228 0.962420883 0.000000000
0.299269486 0.954168630 0.000000000
0.286989868 0.957933618 0.000000000
0.638115072 0.769941008 0.000000000
0.623426496 0.781881963 0.000000000
0.622096442 0.782940621 0.000000000
0.594970841 0.803747285 0.000000000
0.612693343 0.790320737 0.000000000
0.613195388 0.789931273 0.000000000
0.195387536 0.980726114 0.000000000
0.207553485 0.978223671 0.000000000
0.215507767 0.976502126 0.000000000
0.141976454 0.989870035 0.000000000
0.126453230 0.991972570 0.000000000
0.121264779 0.992620196 0.000000000
0.158238327 0.987400948 0.000000000
0.152696632 0.988273109 0.000000000
0.167990914 0.985788544 0.000000000
0.187475588 0.982269262 0.000000000
0.039151276 0.999233295 0.000000000
0.034335974 0.999410347 0.000000000
0.030119872 0.999546294 0.000000000
0.620952567 0.783848142 0.000000000
0.614586835 0.788849176 0.000000000
0.628109272 0.778125145 0.000000000
0.624711579 0.780855584 0.000000000
0.633919027 0.773399423 0.000000000
0.621788651 0.783185083 0.000000000
0.726103659 0.687585251 0.000000000
0.744450103 0.667678099 0.000000000
0.694554555 0.719440039 0.000000000
0.672738477 0.739880357 0.000000000
0.553484281 0.832859623 0.000000000
0.565312498 0.824876827 0.000000000
0.547969347 0.836498413 0.000000000
0.067241905 0.997736702 0.000000000
0.058716051 0.998274724 0.000000000
0.604591055 0.796536036 0.000000000
0.616295584 0.787514923 0.000000000
0.613223899 0.789909140 0.000000000
0.595798694 0.803133810 0.000000000
0.585503048 0.810670204 0.000000000
0.704091547 0.710109212 0.000000000
0.714041378 0.700103500 0.000000000
0.715877303 0.698226101 0.000000000
0.687420953 0.726259205 0.000000000
0.690766551 0.723077846 0.000000000
0.710487629 0.703709691 0.000000000
0.614665560 0.788787835 0.000000000
0.611208591 0.791469556 0.000000000
0.239647308 0.970860015 0.000000000
0.233678971 0.972313807 0.000000000
0.257701311 0.966224629 0.000000000
0.336664770 0.941624571 0.000000000
0.357326837 0.933979406 0.000000000
0.342106702 0.939661112 0.000000000
0.342108125 0.939660594 0.000000000
0.328479667 0.944511042 0.000000000
0.318582858 0.947895017 0.000000000
0.021670604 0.999765165 0.000000000
0.021670604 0.999765165 0.000000000
0.033435927 0.999440863 0.000000000
0.034343809 0.999410077 0.000000000
0.026211268 0.999656426 0.000000000
0.228922014 0.973444766 0.000000000
0.226075747 0.974109725 0.000000000
0.039535160 0.999218180 0.000000000
0.704731541 0.709474069 0.000000000
0.710933729 0.703259009 0.000000000
0.142735997 0.989760797 0.000000000
0.470534309 0.882381700 0.000000000
0.467038120 0.884237182 0.000000000
0.437847500 0.899049257 0.000000000
0.279379094 0.960180880 0.000000000
0.302849520 0.953038388 0.000000000
0.298961969 0.954265027 0.000000000
0.272042624 0.962285202 0.000000000
0.259623022 0.965710043 0.000000000
0.287824247 0.957683248 0.000000000
0.100344506 0.994952753 0.000000000
0.085567241 0.996332398 0.000000000
0.080200605 0.996778743 0.000000000
0.151824286 0.988407500 0.000000000
0.168965539 0.985621959 0.000000000
0.170313480 0.985389932 0.000000000
0.620148922 0.784484107 0.000000000
0.617458727 0.786603280 0.000000000
0.600493216 0.799629850 0.000000000
0.599642880 0.800267715 0.000000000
0.595981897 0.802997870 0.000000000
0.607164667 0.794576030 0.000000000
0.600742979 0.799442226 0.000000000
0.542776569 0.839877132 0.000000000
0.487971017 0.872859832 0.000000000
0.524642874 0.851322415 0.000000000
0.180473280 0.983579888 0.000000000
0.174517417 0.984654087 0.000000000
0.197433397 0.980316303 0.000000000
0.253188089 0.967417072 0.000000000
0.256901178 0.966437678 0.000000000
0.227309953 0.973822461 0.000000000
0.224428766 0.974490497 0.000000000
0.243449152 0.969913661 0.000000000
0.240235410 0.970714658 0.000000000
0.271450755 0.962452330 0.000000000
0.299158969 0.954203286 0.000000000
0.094985084 0.995478696 0.000000000
0.080158253 0.996782150 0.000000000
0.080158253 0.996782150 0.000000000
0.045848910 0.998948386 0.000000000
0.051080252 0.998694552 0.000000000
0.152320104 0.988331213 0.000000000
0.136974599 0.990574560 0.000000000
0.131793217 0.991277231 0.000000000
0.547410033 0.836864539 0.000000000
0.423604126 0.905847418 0.000000000
0.434139183 0.900845808 0.000000000
0.402373689 0.915475513 0.000000000
0.488277288 0.872688541 0.000000000
0.461810153 0.886978795 0.000000000
0.462990967 0.886362998 0.000000000
0.434553424 0.900646058 0.000000000
0.450209414 0.892923000 0.000000000
0.444819718 0.895620131 0.000000000
0.687420953 0.726259205 0.000000000
0.667085447 0.744981212 0.000000000
0.692663189 0.721261192 0.000000000
0.594547567 0.804060440 0.000000000
0.585067319 0.810984730 0.000000000
0.578026449 0.816018029 0.000000000
0.275888123 0.961189754 0.000000000
0.211483569 0.977381553 0.000000000
0.229664018 0.973269972 0.000000000
0.697829477 0.716263933 0.000000000
0.656489442 0.754335213 0.000000000
0.094652266 0.995510396 0.000000000
0.108539707 0.994092114 0.000000000
0.086769889 0.996228381 0.000000000
0.171553865 0.985174741 0.000000000
0.148372783 0.988931503 0.000000000
0.622982229 0.782235989 0.000000000
0.609227945 0.792995152 0.000000000
0.621112367 0.783721524 0.000000000
0.021670604 0.999765165 0.000000000
0.023486924 0.999724144 0.000000000
0.669177860 0.743102275 0.000000000
0.656951172 0.753933126 0.000000000
0.374600638 0.927186261 0.000000000
0.385387877 0.922754672 0.000000000
0.361493302 0.932374706 0.000000000
0.067873739 0.997693919 0.000000000
0.053087732 0.998589852 0.000000000
0.067231461 0.997737406 0.000000000
0.524093964 0.851660447 0.000000000
0.538503097 0.842623531 0.000000000
0.526642300 0.850086988 0.000000000
0.617182988 0.786819648 0.000000000
0.625709344 0.780056291 0.000000000
0.207116045 0.978316382 0.000000000
0.207561382 0.978221996 0.000000000
0.186952359 0.982368981 0.000000000
0.067975233 0.997687009 0.000000000
0.619188191 0.785242628 0.000000000
0.600144516 0.799891593 0.000000000
0.402373689 0.915475513 0.000000000
0.309628186 0.950857711 0.000000000
0.328775545 0.944408090 0.000000000
0.376435068 0.926443004 0.000000000
0.347168391 0.937802809 0.000000000
0.381478771 0.924377600 0.000000000
0.617468589 0.786595539 0.000000000
0.614711454 0.788752070 0.000000000
0.639500243 0.768790894 0.000000000
0.420736170 0.907183044 0.000000000
0.391829285 0.920037940 0.000000000
0.426624247 0.904428965 0.000000000
0.225222197 0.974307427 0.000000000
0.243344595 0.969939899 0.000000000
0.221578185 0.975142609 0.000000000
0.606193620 0.795317104 0.000000000
0.615380969 0.788229828 0.000000000
0.606193620 0.795317104 0.000000000
0.598152364 0.801382399 0.000000000
0.594282292 0.804256524 0.000000000
0.598152364 0.801382399 0.000000000
0.223585829 0.974684245 0.000000000
0.168555269 0.985692204 0.000000000
0.158238327 0.987400948 0.000000000
0.147150339 0.989114138 0.000000000
0.406959734 0.913446099 0.000000000
0.432626406 0.901573288 0.000000000
0.453561297 0.891225084 0.000000000
0.461671028 0.887051217 0.000000000
0.420866191 0.907122731 0.000000000
0.043441948 0.999055953 0.000000000
0.078316970 0.996928509 0.000000000
0.622096442 0.782940621 0.000000000
0.628591641 0.777735526 0.000000000
0.624833190 0.780758276 0.000000000
0.610989968 0.791638338 0.000000000
0.624293395 0.781189962 0.000000000
0.635008640 0.772505034 0.000000000
0.616978867 0.786979719 0.000000000
0.623327374 0.781960987 0.000000000
0.128327413 0.991731856 0.000000000
0.141976454 0.989870035 0.000000000
0.043441979 0.999055952 0.000000000
0.022578767 0.999745067 0.000000000
0.021670604 0.999765165 0.000000000
0.213663717 0.976907271 0.000000000
0.234616045 0.972088119 0.000000000
0.209194734 0.977874002 0.000000000
0.200749059 0.979642698 0.000000000
0.188691105 0.982036490 0.000000000
0.576424482 0.817150424 0.000000000
0.597088595 0.802175299 0.000000000
0.083925091 0.996472066 0.000000000
0.078316970 0.996928509 0.000000000
0.129314873 0.991603582 0.000000000
0.119980283 0.992776275 0.000000000
0.169214643 0.985579223 0.000000000
0.177712716 0.984082410 0.000000000
0.603694986 0.797215381 0.000000000
0.618795624 0.785552020 0.000000000
0.515011567 0.857183228 0.000000000
0.554678058 0.832065053 0.000000000
0.655871446 0.754872603 0.000000000
0.727906490 0.685676412 0.000000000
0.744450103 0.667678099 0.000000000
0.290741738 0.956801569 0.000000000
0.634968238 0.772538243 0.000000000
0.628350053 0.777930724 0.000000000
0.623663441 0.781692978 0.000000000
0.670334329 0.742059221 0.000000000
0.667626083 0.744496752 0.000000000
0.417925232 0.908481425 0.000000000
0.486460318 0.873702672 0.000000000
0.477398714 0.878686786 0.000000000
0.503197836 0.864171243 0.000000000
0.463708255 0.885987954 0.000000000
0.467323845 0.884086208 0.000000000
0.680356471 0.732881349 0.000000000
0.660763798 0.750593900 0.000000000
0.674136636 0.738606658 0.000000000
0.053192412 0.998584282 0.000000000
0.053087732 0.998589852 0.000000000
0.433812218 0.901003307 0.000000000
0.404063767 0.914730819 0.000000000
0.439961040 0.898016862 0.000000000
0.441402544 0.897309196 0.000000000
0.410775426 0.911736557 0.000000000
0.410775426 0.911736557 0.000000000
0.438407111 0.898776504 0.000000000
0.405227493 0.914215882 0.000000000
0.408274609 0.912859159 0.000000000
0.606745911 0.794895842 0.000000000
0.619060627 0.785343199 0.000000000
0.413090975 0.910689764 0.000000000
0.269552291 0.962985754 0.000000000
0.245675957 0.969352012 0.000000000
0.251625845 0.967824589 0.000000000
0.154441913 0.988001870 0.000000000
0.085567241 0.996332398 0.000000000
0.089290022 0.996005669 0.000000000
0.069127087 0.997607862 0.000000000
0.636563908 0.771223957 0.000000000
0.620394461 0.784289941 0.000000000
0.620148922 0.784484107 0.000000000
0.538763760 0.842456890 0.000000000
0.546485502 0.837468564 0.000000000
0.062403233 0.998051019 0.000000000
0.057217637 0.998361729 0.000000000
0.063512809 0.997981023 0.000000000
0.231034729 0.972945504 0.000000000
0.243101290 0.970000909 0.000000000
0.183502974 0.983019155 0.000000000
0.167309753 0.985904380 0.000000000
0.163398983 0.986560070 0.000000000
0.596879896 0.802330599 0.000000000
0.628983707 0.777418482 0.000000000
0.619381496 0.785090162 0.000000000
0.262014374 0.965063971 0.000000000
0.276685727 0.960960461 0.000000000
0.639674377 0.768646011 0.000000000
0.631030580 0.775757956 0.000000000
0.623590536 0.781751139 0.000000000
0.600994112 0.799253450 0.000000000
0.621805803 0.783171465 0.000000000
0.621805803 0.783171465 0.000000000
0.639500243 0.768790894 0.000000000
0.598152364 0.801382399 0.000000000
0.598152364 0.801382399 0.000000000
0.616967515 0.786988618 0.000000000
0.341125837 0.940017640 0.000000000
0.323425279 0.946253713 0.000000000
0.072812075 0.997345678 0.000000000
0.089487939 0.995987906 0.000000000
0.128274675 0.991738679 0.000000000
0.136478000 0.990643102 0.000000000
0.144992384 0.989432771 0.000000000
0.021670604 0.999765165 0.000000000
0.021670604 0.999765165 0.000000000
0.026803513 0.999640721 0.000000000
0.067630195 0.997710457 0.000000000
0.087648411 0.996151472 0.000000000
0.259473320 0.965750276 0.000000000
0.229637113 0.973276321 0.000000000
0.249734107 0.968314451 0.000000000
0.285484075 0.958383453 0.000000000
0.225646163 0.974209325 0.000000000
0.223637655 0.974672355 0.000000000
0.191548898 0.981483072 0.000000000
0.152320104 0.988331213 0.000000000
0.550992416 0.834510250 0.000000000
0.629916038 0.776663238 0.000000000
0.589555035 0.807728210 0.000000000
0.115917615 0.993258832 0.000000000
0.110810767 0.993841524 0.000000000
0.147614925 0.989044910 0.000000000
0.294276218 0.955720413 0.000000000
0.308070404 0.951363562 0.000000000
0.600101886 0.799923575 0.000000000
0.597936019 0.801543834 0.000000000
0.603912001 0.797050999 0.000000000
0.628364181 0.777919312 0.000000000
0.136974599 0.990574560 0.000000000
0.127834296 0.991795540 0.000000000
0.081152661 0.996701683 0.000000000
0.590919897 0.806730237 0.000000000
0.584822009 0.811161647 0.000000000
0.571012841 0.820941128 0.000000000
0.021670604 0.999765165 0.000000000
0.021670604 0.999765165 0.000000000
0.021670604 0.999765165 0.000000000
0.374600638 0.927186261 0.000000000
0.654828348 0.755777636 0.000000000
0.654828348 0.755777636 0.000000000
0.704732235 0.709473380 0.000000000
0.684854056 0.728680261 0.000000000
0.180473280 0.983579888 0.000000000
0.194482793 0.980905930 0.000000000
0.459545674 0.888154138 0.000000000
0.438049807 0.898950703 0.000000000
0.681372029 0.731937264 0.000000000
0.693624195 0.720337058 0.000000000
0.683675160 0.729786459 0.000000000
0.025303190 0.999679823 0.000000000
0.027356284 0.999625747 0.000000000
0.438311581 0.898823096 0.000000000
0.508707737 0.860939277 0.000000000
0.561692297 0.827346217 0.000000000
0.166404727 0.986057537 0.000000000
0.257633782 0.966242637 0.000000000
0.261570503 0.965184372 0.000000000
0.408274609 0.912859159 0.000000000
0.377140105 0.926156219 0.000000000
0.545900319 0.837850131 0.000000000
0.492133918 0.870519504 0.000000000
0.539102707 0.842240032 0.000000000
0.251625845 0.967824589 0.000000000
0.243109120 0.969998946 0.000000000
0.408274609 0.912859159 0.000000000
0.374599886 0.927186564 0.000000000
0.149652982 0.988738583 0.000000000
0.156135751 0.987735606 0.000000000
0.203532428 0.979068205 0.000000000
0.180224979 0.983625415 0.000000000
0.207878093 0.978154742 0.000000000
0.500654157 0.865647397 0.000000000
0.463378823 0.886160294 0.000000000
0.622822732 0.782362988 0.000000000
0.609227945 0.792995152 0.000000000
0.611946937 0.790898822 0.000000000
0.609515153 0.792774418 0.000000000
0.429082565 0.903265272 0.000000000
0.393226602 0.919441591 0.000000000
0.399665167 0.916661199 0.000000000
0.300093763 0.953909709 0.000000000
0.277971292 0.960589382 0.000000000
0.278015939 0.960576461 0.000000000
0.122674097 0.992447009 0.000000000
0.051288810 0.998683863 0.000000000
0.040267641 0.999188930 0.000000000
0.054385528 0.998520012 0.000000000
0.643501718 0.765444667 0.000000000
0.607564681 0.794270205 0.000000000
0.606200910 0.795311547 0.000000000
0.623347577 0.781944882 0.000000000
0.617029900 0.786939707 0.000000000
0.635993070 0.771694768 0.000000000
0.033435927 0.999440863 0.000000000
0.026211268 0.999656426 0.000000000
0.021670604 0.999765165 0.000000000
0.021670604 0.999765165 0.000000000
0.563141215 0.826360679 0.000000000
0.535936614 0.844258222 0.000000000
0.548433601 0.836194108 0.000000000
0.604503803 0.796602254 0.000000000
0.604591826 0.796535451 0.000000000
0.594193417 0.804322189 0.000000000
0.611946937 0.790898822 0.000000000
0.094892781 0.995487499 0.000000000
0.112932055 0.993602713 0.000000000
0.098371917 0.995149720 0.000000000
0.115917615 0.993258832 0.000000000
0.629766396 0.776784582 0.000000000
0.642396541 0.766372418 0.000000000
0.245655773 0.969357128 0.000000000
0.243652232 0.969862665 0.000000000
0.619433968 0.785048763 0.000000000
0.621555139 0.783370416 0.000000000
0.600234040 0.799824416 0.000000000
0.393385932 0.919373433 0.000000000
0.642396541 0.766372418 0.000000000
0.628983707 0.777418482 0.000000000
0.368292979 0.929709783 0.000000000
0.598063806 0.801448491 0.000000000
0.603573515 0.797307351 0.000000000
0.606413174 0.795149711 0.000000000
0.091171892 0.995835170 0.000000000
0.083925091 0.996472066 0.000000000
0.641776377 0.766891832 0.000000000
0.626702151 0.779258888 0.000000000
0.573787376 0.819004302 0.000000000
0.023486924 0.999724144 0.000000000
0.597300986 0.802017165 0.000000000
0.603154293 0.797624535 0.000000000
0.632510949 0.774551419 0.000000000
0.620763461 0.783997911 0.000000000
0.105700919 0.994397966 0.000000000
0.342052910 0.939680694 0.000000000
0.281787330 0.959476889 0.000000000
0.515258301 0.857034937 0.000000000
0.536881092 0.843657924 0.000000000
0.467588504 0.883946260 0.000000000
0.470534309 0.882381700 0.000000000
0.580585030 0.814199621 0.000000000
0.526708323 0.850046082 0.000000000
0.064289462 0.997931293 0.000000000
0.051599212 0.998667873 0.000000000
0.036751626 0.999324431 0.000000000
0.287306340 0.957838748 0.000000000
0.136974599 0.990574560 0.000000000
0.142064382 0.989857420 0.000000000
0.121508052 0.992590446 0.000000000
0.053486275 0.998568585 0.000000000
0.677442681 0.735575566 0.000000000
0.693408621 0.720544575 0.000000000
0.647027732 0.762466468 0.000000000
0.664367303 0.747406239 0.000000000
0.188038337 0.982161689 0.000000000
0.166523627 0.986037465 0.000000000
0.489585770 0.871955144 0.000000000
0.481005421 0.876717620 0.000000000
0.021670604 0.999765165 0.000000000
0.021670604 0.999765165 0.000000000
0.021670604 0.999765165 0.000000000
0.024395067 0.999702396 0.000000000
0.384805749 0.922997581 0.000000000
0.378809466 0.925474683 0.000000000
0.135122906 0.990828845 0.000000000
0.600997175 0.799251147 0.000000000
0.597674506 0.801738851 0.000000000
0.573790307 0.819002248 0.000000000
0.249710050 0.968320655 0.000000000
0.213190024 0.977010754 0.000000000
0.194941060 0.980814959 0.000000000
0.239016449 0.971015518 0.000000000
0.267382022 0.963590605 0.000000000
0.408274609 0.912859159 0.000000000
0.383151392 0.923685558 0.000000000
0.247670617 0.968844294 0.000000000
0.554678058 0.832065053 0.000000000
0.554678058 0.832065053 0.000000000
0.600994112 0.799253450 0.000000000
0.390115328 0.920766002 0.000000000
0.398497132 0.917169579 0.000000000
0.241647307 0.970364148 0.000000000
0.223588675 0.974683592 0.000000000
0.288541421 0.957467414 0.000000000
0.283982259 0.958829535 0.000000000
0.555707507 0.831377872 0.000000000
0.031236591 0.999512019 0.000000000
0.039367790 0.999224788 0.000000000
0.635024950 0.772491626 0.000000000
0.634116967 0.773237139 0.000000000
0.600742979 0.799442226 0.000000000
0.597936019 0.801543834 0.000000000
0.594616379 0.804009553 0.000000000
0.598446053 0.801163105 0.000000000
0.326286453 0.945270940 0.000000000
0.374599886 0.927186564 0.000000000
0.361100546 0.932526887 0.000000000
0.367154625 0.930159922 0.000000000
0.413814241 0.910361342 0.000000000
0.382761114 0.923847352 0.000000000
0.596007539 0.802978838 0.000000000
0.551104919 0.834435958 0.000000000
0.554678058 0.832065053 0.000000000
0.554678058 0.832065053 0.000000000
0.213477072 0.976948074 0.000000000
0.198159580 0.980169771 0.000000000
0.188012598 0.982166617 0.000000000
0.204120371 0.978945797 0.000000000
0.178607135 0.983920470 0.000000000
0.165056029 0.986284192 0.000000000
0.102015467 0.994782813 0.000000000
0.080232103 0.996776208 0.000000000
0.094652266 0.995510396 0.000000000
0.021670604 0.999765165 0.000000000
0.023486924 0.999724144 0.000000000
0.052498649 0.998620995 0.000000000
0.124564350 0.992211531 0.000000000
0.124564350 0.992211531 0.000000000
0.143382764 0.989667309 0.000000000
0.684854056 0.728680261 0.000000000
0.644446490 0.764649410 0.000000000
0.650887543 0.759174161 0.000000000
0.105700919 0.994397966 0.000000000
0.076581400 0.997063333 0.000000000
0.039159119 0.999232988 0.000000000
0.031027860 0.999518520 0.000000000
0.024395049 0.999702397 0.000000000
0.609515153 0.792774418 0.000000000
0.616967515 0.786988618 0.000000000
0.629766396 0.776784582 0.000000000
0.629766396 0.776784582 0.000000000
0.604673859 0.796473179 0.000000000
0.629766396 0.776784582 0.000000000
0.468129165 0.883660051 0.000000000
0.410307896 0.911947055 0.000000000
0.374600638 0.927186261 0.000000000
0.219544055 0.975602587 0.000000000
0.201636911 0.979460339 0.000000000
0.636321063 0.771424335 0.000000000
0.600739040 0.799445186 0.000000000
0.601247738 0.799062674 0.000000000
0.594616379 0.804009553 0.000000000
0.597517696 0.801855725 0.000000000
0.597385206 0.801954435 0.000000000
0.594237425 0.804289676 0.000000000
0.519922890 0.854213199 0.000000000
0.476159939 0.879358694 0.000000000
0.607458871 0.794351132 0.000000000
0.215515651 0.976500386 0.000000000
0.180473280 0.983579888 0.000000000
0.191497080 0.981493183 0.000000000
0.510791042 0.859704898 0.000000000
0.111054365 0.993814333 0.000000000
0.373448993 0.927650715 0.000000000
0.292815427 0.956168984 0.000000000
0.322594920 0.946537119 0.000000000
0.313768627 0.949499473 0.000000000
0.255886228 0.966706904 0.000000000
0.154167261 0.988044764 0.000000000
0.698688674 0.715425843 0.000000000
0.628277913 0.777988987 0.000000000
0.025303190 0.999679823 0.000000000
0.359358898 0.933199433 0.000000000
0.342052910 0.939680694 0.000000000
0.294417495 0.955676901 0.000000000
0.358965923 0.933350666 0.000000000
0.313257239 0.949668312 0.000000000
0.441402544 0.897309196 0.000000000
0.475403070 0.879768106 0.000000000
0.475403070 0.879768106 0.000000000
0.475403070 0.879768106 0.000000000
0.475403070 0.879768106 0.000000000
0.599818873 0.800135813 0.000000000
0.612763585 0.790266277 0.000000000
0.168516837 0.985698775 0.000000000
0.146928443 0.989147124 0.000000000
0.164983377 0.986296348 0.000000000
0.109249799 0.994014327 0.000000000
0.310450879 0.950589423 0.000000000
0.416531906 0.909121098 0.000000000
0.447097807 0.894485076 0.000000000
0.593890664 0.804545760 0.000000000
0.596922971 0.802298552 0.000000000
0.596444462 0.802654349 0.000000000
0.502873051 0.864360280 0.000000000
0.506574955 0.862195926 0.000000000
0.065398459 0.997859229 0.000000000
0.051288810 0.998683863 0.000000000
0.053486275 0.998568585 0.000000000
0.597204351 0.802089124 0.000000000
0.588832197 0.808255309 0.000000000
0.328983218 0.944335768 0.000000000
0.355404575 0.934712570 0.000000000
0.600739831 0.799444592 0.000000000
0.599754484 0.800184078 0.000000000
0.617896296 0.786259606 0.000000000
0.603707376 0.797205999 0.000000000
0.225594700 0.974221243 0.000000000
0.205519227 0.978653078 0.000000000
0.131793217 0.991277231 0.000000000
0.616312264 0.787501868 0.000000000
0.612112568 0.790770639 0.000000000
0.587163054 0.809468683 0.000000000
0.347140996 0.937812950 0.000000000
0.344112211 0.938928531 0.000000000
0.316320850 0.948652265 0.000000000
0.661506659 0.749939291 0.000000000
0.500106283 0.865964033 0.000000000
0.239689931 0.970849492 0.000000000
0.191497080 0.981493183 0.000000000
0.211457568 0.977387179 0.000000000
0.222506493 0.974931208 0.000000000
0.597651972 0.801755649 0.000000000
0.493623611 0.869675647 0.000000000
0.521808718 0.853062519 0.000000000
0.441945158 0.897042071 0.000000000
0.021670604 0.999765165 0.000000000
0.021670604 0.999765165 0.000000000
0.126608328 0.991952787 0.000000000
0.124564350 0.992211531 0.000000000
0.162143359 0.986767212 0.000000000
0.642433721 0.766341252 0.000000000
0.021670604 0.999765165 0.000000000
0.021670604 0.999765165 0.000000000
0.600739831 0.799444592 0.000000000
0.597718269 0.801706225 0.000000000
0.600739040 0.799445186 0.000000000
0.601247738 0.799062674 0.000000000
0.396191770 0.918167785 0.000000000
0.374600638 0.927186261 0.000000000
0.483688496 0.875240218 0.000000000
0.470928784 0.882171231 0.000000000
0.339079590 0.940757690 0.000000000
0.370093419 0.928994543 0.000000000
0.333947931 0.942591523 0.000000000
0.309816421 0.950796395 0.000000000
0.233680614 0.972313412 0.000000000
0.154441913 0.988001870 0.000000000
0.176003476 0.984389545 0.000000000
0.344112211 0.938928531 0.000000000
0.344112211 0.938928531 0.000000000
0.597931480 0.801547219 0.000000000
0.614160287 0.789181311 0.000000000
0.619060627 0.785343199 0.000000000
0.610062808 0.792353059 0.000000000
0.615500961 0.788136135 0.000000000
0.344112211 0.938928531 0.000000000
0.503942513 0.863737196 0.000000000
0.291322841 0.956624797 0.000000000
0.321129697 0.947035225 0.000000000
0.312465158 0.949929221 0.000000000
0.269184736 0.963088562 0.000000000
0.172462556 0.985016074 0.000000000
0.116269845 0.993217662 0.000000000
0.101881024 0.994796591 0.000000000
0.085567241 0.996332398 0.000000000
0.105701017 0.994397956 0.000000000
0.603154293 0.797624535 0.000000000
0.048285715 0.998833565 0.000000000
0.259690715 0.965691841 0.000000000
0.262796118 0.964851388 0.000000000
0.597795369 0.801648737 0.000000000
0.353197701 0.935548708 0.000000000
0.332541714 0.943088548 0.000000000
0.630181968 0.776447478 0.000000000
0.596158490 0.802866773 0.000000000
0.596203278 0.802833514 0.000000000
0.638072567 0.769976233 0.000000000
0.624261844 0.781215175 0.000000000
0.639500243 0.768790894 0.000000000
0.237682975 0.971342784 0.000000000
0.229637113 0.973276321 0.000000000
0.507115903 0.861877869 0.000000000
0.459144085 0.888361812 0.000000000
0.217227053 0.976121103 0.000000000
0.115917615 0.993258832 0.000000000
0.126608328 0.991952787 0.000000000
0.107371403 0.994218981 0.000000000
0.558205854 0.829702492 0.000000000
0.573787376 0.819004302 0.000000000
0.531822842 0.846855634 0.000000000
0.499161900 0.866508740 0.000000000
0.467588504 0.883946260 0.000000000
0.552522287 0.833498124 0.000000000
0.464311574 0.885671927 0.000000000
0.612861957 0.790189991 0.000000000
0.616495404 0.787358506 0.000000000
0.595974793 0.803003142 0.000000000
0.596453510 0.802647625 0.000000000
0.307640563 0.951502645 0.000000000
0.285484075 0.958383453 0.000000000
0.554097326 0.832451893 0.000000000
0.387789207 0.921748084 0.000000000
0.484531731 0.874773686 0.000000000
0.473776499 0.880645121 0.000000000
0.599666058 0.800250347 0.000000000
0.316994702 0.948427308 0.000000000
0.298178766 0.954510044 0.000000000
0.626552330 0.779379354 0.000000000
0.131658487 0.991295134 0.000000000
0.128105208 0.991760584 0.000000000
0.675971021 0.736928205 0.000000000
0.463378823 0.886160294 0.000000000
0.404658277 0.914467976 0.000000000
0.598152364 0.801382399 0.000000000
0.622373198 0.782720641 0.000000000
0.606094292 0.795392802 0.000000000
0.598063806 0.801448491 0.000000000
0.265177006 0.964199749 0.000000000
0.552522287 0.833498124 0.000000000
0.552522287 0.833498124 0.000000000
0.598534611 0.801096947 0.000000000
0.378216742 0.925717071 0.000000000
0.021670604 0.999765165 0.000000000
0.021670604 0.999765165 0.000000000
0.021670604 0.999765165 0.000000000
0.593757730 0.804643870 0.000000000
0.596320890 0.802746159 0.000000000
0.319565326 0.947564247 0.000000000
0.347378064 0.937725163 0.000000000
0.320808344 0.947144132 0.000000000
0.637316273 0.770602341 0.000000000
0.637794015 0.770206981 0.000000000
0.636925326 0.770925502 0.000000000
0.639196435 0.769043508 0.000000000
0.366017149 0.930608106 0.000000000
0.688308162 0.725418413 0.000000000
0.267774417 0.963481635 0.000000000
0.700939688 0.713220551 0.000000000
0.265789818 0.964031002 0.000000000
0.245762627 0.969330042 0.000000000
0.231687767 0.972790203 0.000000000
0.021670604 0.999765165 0.000000000
0.594938612 0.803771141 0.000000000
0.596599213 0.802539332 0.000000000
0.596788294 0.802398736 0.000000000
0.594559771 0.804051416 0.000000000
0.596220952 0.802820389 0.000000000
0.596410099 0.802679882 0.000000000
0.598257263 0.801304091 0.000000000
0.599912756 0.800065425 0.000000000
0.600101254 0.799924049 0.000000000
0.594326727 0.804223688 0.000000000
0.595625841 0.803262010 0.000000000
0.595581459 0.803294918 0.000000000
0.594415592 0.804158009 0.000000000
0.595714600 0.803196187 0.000000000
0.595670222 0.803229100 0.000000000
0.596923399 0.802298233 0.000000000
0.598219398 0.801332360 0.000000000
0.598175123 0.801365411 0.000000000
0.343848760 0.939025042 0.000000000
0.341485479 0.939887051 0.000000000
0.329416219 0.944184810 0.000000000
0.367794295 0.929907176 0.000000000
0.365453874 0.930829450 0.000000000
0.353498688 0.935435021 0.000000000
0.339120036 0.940743111 0.000000000
0.336752447 0.941593219 0.000000000
0.324661717 0.945830201 0.000000000
0.352727195 0.935726202 0.000000000
0.355568352 0.934650281 0.000000000
0.366133909 0.930562174 0.000000000
0.331436891 0.943477391 0.000000000
0.334301695 0.942466115 0.000000000
0.344957160 0.938618430 0.000000000
0.358406227 0.933565732 0.000000000
0.361240794 0.932472567 0.000000000
0.371781317 0.928320339 0.000000000
0.169224661 0.985577503 0.000000000
0.179085538 0.983833507 0.000000000
0.175425335 0.984492738 0.000000000
0.176550830 0.984291524 0.000000000
0.186398461 0.982474230 0.000000000
0.182743263 0.983160668 0.000000000
0.188928456 0.981990855 0.000000000
0.198752429 0.980049729 0.000000000
0.195106162 0.980782129 0.000000000
0.206660888 0.978412632 0.000000000
0.196852912 0.980433032 0.000000000
0.210145247 0.977670177 0.000000000
0.200344531 0.979725507 0.000000000
0.198599037 0.980080825 0.000000000
0.187025196 0.982355117 0.000000000
0.177178725 0.984178693 0.000000000
0.244470921 0.969656624 0.000000000
0.250435288 0.968133341 0.000000000
0.251849904 0.967766307 0.000000000
0.241635660 0.970367048 0.000000000
0.247604454 0.968861205 0.000000000
0.249020137 0.968498307 0.000000000
0.256390165 0.966573372 0.000000000
0.262335326 0.964976775 0.000000000
0.263745316 0.964592353 0.000000000
0.076886695 0.997039837 0.000000000
0.071812396 0.997418157 0.000000000
0.076834436 0.997043865 0.000000000
0.066840831 0.997763651 0.000000000
0.061762979 0.998090845 0.000000000
0.066788534 0.997767153 0.000000000
0.066736237 0.997770652 0.000000000
0.061658350 0.998097314 0.000000000
0.066683939 0.997774149 0.000000000
0.021670604 0.999765165 0.000000000
0.023032857 0.999734709 0.000000000
0.023032857 0.999734709 0.000000000
0.021670604 0.999765165 0.000000000
0.023032857 0.999734709 0.000000000
0.023032857 0.999734709 0.000000000
0.024395067 0.999702396 0.000000000
0.025757232 0.999668227 0.000000000
0.025757232 0.999668227 0.000000000
0.021670604 0.999765165 0.000000000
0.021670604 0.999765165 0.000000000
0.021670604 0.999765165 0.000000000
0.021670604 0.999765165 0.000000000
0.021670604 0.999765165 0.000000000
0.021670604 0.999765165 0.000000000
0.021670604 0.999765165 0.000000000
0.021670604 0.999765165 0.000000000
0.021670604 0.999765165 0.000000000
0.030198804 0.999543912 0.000000000
0.028718342 0.999587543 0.000000000
0.031560748 0.999501836 0.000000000
0.024513543 0.999699498 0.000000000
0.025875704 0.999665168 0.000000000
0.027237817 0.999628982 0.000000000
0.028599879 0.999590940 0.000000000
0.178752375 0.983894094 0.000000000
0.167187402 0.985925135 0.000000000
0.174036456 0.984739210 0.000000000
0.165057481 0.986283949 0.000000000
0.153465391 0.988154023 0.000000000
0.160330270 0.987063425 0.000000000
0.155599379 0.987820243 0.000000000
0.143989903 0.989579157 0.000000000
0.150864916 0.988554387 0.000000000
0.032843785 0.999460497 0.000000000
0.036751626 0.999324431 0.000000000
0.032843785 0.999460497 0.000000000
0.040658906 0.999173085 0.000000000
0.044565563 0.999006462 0.000000000
0.040658906 0.999173085 0.000000000
0.040658906 0.999173085 0.000000000
0.044565563 0.999006462 0.000000000
0.040658906 0.999173085 0.000000000
0.031620045 0.999499961 0.000000000
0.029665885 0.999559871 0.000000000
0.032981927 0.999455948 0.000000000
0.024987371 0.999687767 0.000000000
0.023032857 0.999734709 0.000000000
0.026349516 0.999652791 0.000000000
0.027711611 0.999615960 0.000000000
0.025757232 0.999668227 0.000000000
0.029073655 0.999577272 0.000000000
0.403703519 0.914889867 0.000000000
0.412095119 0.911140831 0.000000000
0.415048597 0.909799243 0.000000000
0.397759439 0.917489743 0.000000000
0.406175185 0.913795228 0.000000000
0.409137304 0.912472830 0.000000000
0.420451907 0.907314826 0.000000000
0.428773178 0.903412177 0.000000000
0.431701497 0.902016528 0.000000000
0.545756908 0.837943553 0.000000000
0.552633317 0.833424512 0.000000000
0.547926080 0.836526754 0.000000000
0.555169931 0.831736947 0.000000000
0.561994951 0.827140662 0.000000000
0.557322991 0.830295781 0.000000000
0.559472310 0.828849042 0.000000000
0.566273423 0.824217454 0.000000000
0.561617874 0.827396739 0.000000000
0.596873109 0.802335648 0.000000000
0.596912712 0.802306185 0.000000000
0.594144238 0.804358517 0.000000000
0.602388961 0.798202693 0.000000000
0.602428360 0.798172958 0.000000000
0.599674097 0.800244323 0.000000000
0.596952314 0.802276720 0.000000000
0.596991914 0.802247253 0.000000000
0.594223642 0.804299859 0.000000000
0.409097422 0.912490712 0.000000000
0.419798161 0.907617488 0.000000000
0.402461662 0.915436841 0.000000000
0.443501746 0.896273508 0.000000000
0.454009425 0.890996881 0.000000000
0.436982821 0.899469852 0.000000000
0.430440862 0.902618781 0.000000000
0.441024052 0.897495285 0.000000000
0.423876212 0.905720131 0.000000000
0.658982907 0.752157914 0.000000000
0.658297339 0.752758005 0.000000000
0.650943650 0.759126053 0.000000000
0.673490909 0.739195506 0.000000000
0.672817144 0.739808820 0.000000000
0.665588733 0.746318724 0.000000000
0.657611224 0.753357471 0.000000000
0.656924563 0.753956311 0.000000000
0.649559282 0.760310949 0.000000000
0.648634077 0.761100410 0.000000000
0.654828348 0.755777636 0.000000000
0.648634077 0.761100410 0.000000000
0.660978942 0.750404450 0.000000000
0.667085447 0.744981212 0.000000000
0.660978942 0.750404450 0.000000000
0.660978942 0.750404450 0.000000000
0.667085447 0.744981212 0.000000000
0.660978942 0.750404450 0.000000000
0.635630960 0.771993058 0.000000000
0.629847411 0.776718893 0.000000000
0.634444791 0.772968180 0.000000000
0.626425516 0.779481284 0.000000000
0.620586297 0.784138157 0.000000000
0.625227859 0.780442262 0.000000000
0.624028728 0.781401399 0.000000000
0.618175234 0.786040317 0.000000000
0.622828125 0.782358694 0.000000000
0.288935628 0.957348527 0.000000000
0.298390146 0.954443985 0.000000000
0.293087393 0.956085655 0.000000000
0.299546217 0.954081791 0.000000000
0.308967906 0.951072465 0.000000000
0.303683705 0.952772904 0.000000000
0.307815475 0.951446075 0.000000000
0.317210691 0.948355090 0.000000000
0.311941447 0.950101328 0.000000000
0.066708468 0.997772509 0.000000000
0.059637878 0.998220078 0.000000000
0.065787051 0.997833686 0.000000000
0.054408541 0.998518758 0.000000000
0.047332973 0.998879167 0.000000000
0.053486440 0.998568576 0.000000000
0.052564294 0.998617542 0.000000000
0.045488072 0.998964882 0.000000000
0.051642103 0.998665656 0.000000000
0.282352050 0.959310857 0.000000000
0.271850073 0.962339617 0.000000000
0.283339757 0.959019594 0.000000000
0.259327113 0.965789547 0.000000000
0.248755700 0.968566261 0.000000000
0.260321504 0.965521991 0.000000000
0.261315618 0.965253411 0.000000000
0.250749946 0.968051892 0.000000000
0.262309455 0.964983808 0.000000000
0.075486710 0.997146808 0.000000000
0.077349793 0.997004017 0.000000000
0.067262890 0.997735287 0.000000000
0.095639020 0.995416083 0.000000000
0.097498833 0.995235639 0.000000000
0.087428784 0.996170772 0.000000000
0.079212605 0.996857745 0.000000000
0.081075141 0.996707992 0.000000000
0.070991042 0.997476953 0.000000000
0.102901182 0.994691584 0.000000000
0.113364566 0.993553459 0.000000000
0.105457191 0.994423844 0.000000000
0.118713340 0.992928569 0.000000000
0.129157292 0.991624119 0.000000000
0.121264766 0.992620198 0.000000000
0.123815391 0.992305270 0.000000000
0.134252501 0.990947156 0.000000000
0.126365199 0.991983788 0.000000000
0.196742766 0.980455141 0.000000000
0.195732209 0.980657383 0.000000000
0.206439604 0.978459345 0.000000000
0.175263280 0.984521601 0.000000000
0.174248545 0.984701703 0.000000000
0.185001429 0.982738252 0.000000000
0.194721445 0.980858582 0.000000000
0.193710474 0.981058740 0.000000000
0.204422377 0.978882777 0.000000000
0.291119926 0.956686568 0.000000000
0.301981174 0.953313889 0.000000000
0.294179376 0.955750226 0.000000000
0.306719063 0.951800093 0.000000000
0.317523731 0.948250326 0.000000000
0.309762799 0.950813866 0.000000000
0.312803364 0.949817906 0.000000000
0.323585096 0.946199073 0.000000000
0.315840727 0.948812223 0.000000000
0.067199302 0.997739572 0.000000000
0.062015196 0.998075205 0.000000000
0.060128933 0.998190619 0.000000000
0.070969851 0.997478461 0.000000000
0.063901238 0.997956227 0.000000000
0.056829416 0.998383903 0.000000000
0.049754743 0.998761466 0.000000000
0.319942250 0.947437046 0.000000000
0.309146675 0.951014371 0.000000000
0.306557766 0.951852056 0.000000000
0.295712846 0.955276877 0.000000000
0.302437270 0.953169291 0.000000000
0.298311114 0.954468689 0.000000000
0.287436970 0.957799555 0.000000000
0.702837610 0.711350332 0.000000000
0.694996081 0.719013524 0.000000000
0.698145970 0.715955449 0.000000000
0.696564690 0.717493995 0.000000000
0.688656179 0.725088041 0.000000000
0.691832797 0.722057741 0.000000000
0.687071004 0.726590281 0.000000000
0.679063331 0.734079691 0.000000000
0.682279516 0.731091418 0.000000000
0.646650758 0.762786207 0.000000000
0.644792717 0.764357477 0.000000000
0.640327111 0.768102331 0.000000000
0.655497675 0.755197191 0.000000000
0.653658074 0.756790012 0.000000000
0.649236421 0.760586661 0.000000000
0.642930857 0.765924221 0.000000000
0.641065191 0.767486430 0.000000000
0.636581414 0.771209507 0.000000000
0.612585027 0.790404697 0.000000000
0.609688746 0.792640923 0.000000000
0.608219570 0.793768830 0.000000000
0.615508796 0.788130016 0.000000000
0.612620819 0.790376956 0.000000000
0.611155831 0.791510297 0.000000000
0.606784302 0.794866536 0.000000000
0.603871734 0.797081507 0.000000000
0.602394343 0.798198632 0.000000000
0.725859004 0.687843519 0.000000000
0.724955371 0.688795840 0.000000000
0.716481895 0.697605686 0.000000000
0.742456203 0.669894609 0.000000000
0.741576120 0.670868734 0.000000000
0.733320529 0.679883079 0.000000000
0.724050490 0.689746974 0.000000000
0.723144360 0.690696919 0.000000000
0.714647782 0.699484487 0.000000000
0.643321250 0.765596349 0.000000000
0.638917768 0.769275039 0.000000000
0.635178351 0.772365498 0.000000000
0.650718987 0.759318642 0.000000000
0.646351404 0.763039883 0.000000000
0.642642148 0.766166477 0.000000000
0.634493250 0.772928403 0.000000000
0.630047843 0.776556318 0.000000000
0.626273208 0.779603661 0.000000000
0.721098497 0.692832561 0.000000000
0.724291340 0.689494057 0.000000000
0.728829010 0.684695753 0.000000000
0.711884773 0.702296284 0.000000000
0.715121431 0.699000242 0.000000000
0.719722080 0.694262290 0.000000000
0.727468726 0.686140840 0.000000000
0.730630588 0.682772981 0.000000000
0.735123733 0.677932959 0.000000000
0.590920688 0.806729658 0.000000000
0.607149994 0.794587242 0.000000000
0.594417117 0.804156882 0.000000000
0.616316124 0.787498848 0.000000000
0.632150446 0.774845671 0.000000000
0.619728834 0.784816012 0.000000000
0.623129865 0.782118387 0.000000000
0.638853736 0.769328216 0.000000000
0.626519154 0.779406024 0.000000000
0.637182002 0.770713368 0.000000000
0.631024013 0.775763298 0.000000000
0.636069351 0.771631895 0.000000000
0.627076378 0.778957776 0.000000000
0.620853053 0.783926965 0.000000000
0.625951842 0.779861713 0.000000000
0.624826003 0.780764027 0.000000000
0.618588364 0.785715238 0.000000000
0.623698863 0.781664716 0.000000000
0.606029312 0.795442313 0.000000000
0.607693885 0.794171356 0.000000000
0.602329011 0.798247933 0.000000000
0.616693328 0.787203493 0.000000000
0.618340623 0.785910220 0.000000000
0.613031170 0.790058722 0.000000000
0.609355793 0.792896915 0.000000000
0.611015028 0.791618996 0.000000000
0.605667276 0.795718010 0.000000000
0.648108400 0.761548095 0.000000000
0.645310300 0.763920557 0.000000000
0.641981673 0.766719983 0.000000000
0.654708228 0.755881695 0.000000000
0.651930870 0.758278406 0.000000000
0.648626720 0.761106680 0.000000000
0.642503515 0.766282737 0.000000000
0.639688083 0.768634605 0.000000000
0.636339006 0.771409534 0.000000000
0.419563543 0.907725968 0.000000000
0.401864069 0.915699334 0.000000000
0.411158323 0.911563949 0.000000000
0.401009788 0.916073769 0.000000000
0.383151766 0.923685403 0.000000000
0.392528228 0.919739958 0.000000000
0.384013155 0.923327622 0.000000000
0.366017526 0.930607957 0.000000000
0.375465295 0.926836454 0.000000000
0.021670604 0.999765165 0.000000000
0.022578773 0.999745067 0.000000000
0.022578773 0.999745067 0.000000000
0.021670604 0.999765165 0.000000000
0.022578773 0.999745067 0.000000000
0.022578773 0.999745067 0.000000000
0.023486924 0.999724144 0.000000000
0.024395055 0.999702396 0.000000000
0.024395055 0.999702396 0.000000000
0.442160054 0.896936166 0.000000000
0.457294861 0.889315136 0.000000000
0.438032679 0.898959049 0.000000000
0.480381260 0.877059773 0.000000000
0.495173780 0.868793950 0.000000000
0.476344841 0.879258547 0.000000000
0.472298359 0.881438745 0.000000000
0.487166239 0.873309255 0.000000000
0.468241897 0.883600320 0.000000000
0.335461571 0.942053892 0.000000000
0.333219125 0.942849412 0.000000000
0.320028048 0.947408069 0.000000000
0.361623373 0.932324265 0.000000000
0.359404004 0.933182063 0.000000000
0.346345296 0.938107102 0.000000000
0.330974793 0.943639596 0.000000000
0.328728588 0.944424436 0.000000000
0.315515966 0.948920268 0.000000000
0.105602830 0.994408388 0.000000000
0.095624165 0.995417510 0.000000000
0.102826091 0.994699349 0.000000000
0.091197890 0.995832790 0.000000000
0.081205665 0.996697366 0.000000000
0.088417231 0.996083527 0.000000000
0.085635882 0.996326501 0.000000000
0.075638985 0.997135269 0.000000000
0.082853866 0.996561708 0.000000000
0.022124688 0.999755219 0.000000000
0.022124688 0.999755219 0.000000000
0.021670604 0.999765165 0.000000000
0.023032842 0.999734709 0.000000000
0.023032842 0.999734709 0.000000000
0.022578767 0.999745067 0.000000000
0.022124688 0.999755219 0.000000000
0.022124688 0.999755219 0.000000000
0.021670604 0.999765165 0.000000000
0.490482738 0.871450907 0.000000000
0.514412477 0.857542887 0.000000000
0.513385421 0.858158149 0.000000000
0.492568007 0.870273956 0.000000000
0.516464375 0.856308676 0.000000000
0.515438796 0.856926396 0.000000000
0.537948143 0.842977933 0.000000000
0.561071705 0.827767202 0.000000000
0.560080265 0.828438348 0.000000000
0.470503472 0.882398143 0.000000000
0.467139563 0.884183595 0.000000000
0.451625390 0.892207659 0.000000000
0.501035179 0.865426918 0.000000000
0.497735680 0.867328768 0.000000000
0.482511223 0.875889788 0.000000000
0.463768878 0.885956222 0.000000000
0.460391467 0.887716000 0.000000000
0.444816628 0.895621666 0.000000000
0.316067205 0.948736803 0.000000000
0.329120479 0.944287938 0.000000000
0.313264032 0.949666071 0.000000000
0.347655144 0.937622472 0.000000000
0.360552145 0.932739058 0.000000000
0.344884657 0.938645073 0.000000000
0.342111161 0.939659488 0.000000000
0.355036780 0.934852333 0.000000000
0.339334682 0.940665708 0.000000000
0.200558045 0.979681821 0.000000000
0.213644330 0.976911511 0.000000000
0.204608299 0.978843932 0.000000000
0.218628041 0.975808270 0.000000000
0.231660896 0.972796602 0.000000000
0.222662119 0.974895677 0.000000000
0.226692388 0.973966407 0.000000000
0.239699884 0.970847035 0.000000000
0.230718778 0.973020475 0.000000000
0.344203709 0.938894992 0.000000000
0.333180019 0.942863232 0.000000000
0.346436503 0.938073424 0.000000000
0.317602277 0.948224021 0.000000000
0.306471114 0.951879959 0.000000000
0.319857341 0.947465715 0.000000000
0.322110594 0.946702047 0.000000000
0.310996954 0.950410908 0.000000000
0.324362025 0.945933019 0.000000000
0.131796299 0.991276821 0.000000000
0.122662915 0.992448391 0.000000000
0.126649692 0.991947506 0.000000000
0.123825987 0.992303948 0.000000000
0.114683483 0.993402083 0.000000000
0.118674157 0.992933253 0.000000000
0.113519130 0.993535811 0.000000000
0.104365720 0.994538987 0.000000000
0.108361045 0.994111605 0.000000000
0.595076706 0.803668908 0.000000000
0.596330571 0.802738968 0.000000000
0.596309022 0.802754975 0.000000000
0.597561459 0.801823112 0.000000000
0.596946190 0.802281276 0.000000000
0.597582983 0.801807071 0.000000000
0.598833938 0.800873220 0.000000000
0.591227821 0.806504596 0.000000000
0.592685060 0.805434305 0.000000000
0.595716537 0.803194751 0.000000000
0.585131626 0.810938334 0.000000000
0.586596891 0.809879058 0.000000000
0.589645163 0.807662418 0.000000000
0.594140361 0.804361381 0.000000000
0.595593720 0.803285828 0.000000000
0.598617078 0.801035326 0.000000000
0.249763925 0.968306760 0.000000000
0.257677276 0.966231039 0.000000000
0.259670159 0.965697369 0.000000000
0.245766378 0.969329091 0.000000000
0.253688227 0.967286040 0.000000000
0.255683295 0.966760597 0.000000000
0.265573380 0.964090649 0.000000000
0.273451710 0.961885733 0.000000000
0.275435595 0.961319527 0.000000000
0.044176488 0.999023742 0.000000000
0.039347052 0.999225605 0.000000000
0.043426792 0.999056612 0.000000000
0.036016597 0.999351192 0.000000000
0.031185674 0.999513609 0.000000000
0.035266657 0.999377938 0.000000000
0.034516697 0.999404121 0.000000000
0.029685536 0.999559287 0.000000000
0.033766718 0.999429742 0.000000000
0.110017693 0.993929629 0.000000000
0.105341049 0.994436154 0.000000000
0.114697940 0.993400414 0.000000000
0.091285442 0.995824768 0.000000000
0.086600090 0.996243155 0.000000000
0.095974823 0.995383762 0.000000000
0.100662074 0.994920674 0.000000000
0.095980872 0.995383179 0.000000000
0.105347093 0.994435513 0.000000000
0.599702208 0.800223257 0.000000000
0.597950210 0.801533247 0.000000000
0.599635200 0.800273470 0.000000000
0.596329791 0.802739547 0.000000000
0.594572296 0.804042153 0.000000000
0.596262573 0.802789477 0.000000000
0.596195350 0.802839402 0.000000000
0.594437637 0.804141714 0.000000000
0.596128123 0.802889321 0.000000000
0.105842002 0.994382960 0.000000000
0.112688522 0.993630362 0.000000000
0.116301975 0.993213900 0.000000000
0.098605378 0.995126615 0.000000000
0.109073578 0.994033679 0.000000000
0.119529696 0.992830626 0.000000000
0.129972572 0.991517590 0.000000000
0.049350752 0.998781509 0.000000000
0.054581443 0.998509322 0.000000000
0.057174835 0.998364181 0.000000000
0.044161537 0.999024403 0.000000000
0.049393572 0.998779393 0.000000000
0.051987683 0.998647726 0.000000000
0.059810637 0.998209741 0.000000000
0.065038189 0.997882776 0.000000000
0.067629919 0.997710476 0.000000000
0.459137552 0.888365189 0.000000000
0.439961421 0.898016675 0.000000000
0.450076807 0.892989848 0.000000000
0.438952801 0.898510121 0.000000000
0.419563543 0.907725968 0.000000000
0.429789900 0.902928924 0.000000000
0.420582523 0.907254287 0.000000000
0.401009788 0.916073769 0.000000000
0.411331621 0.911485764 0.000000000
0.635714116 0.771924583 0.000000000
0.635549549 0.772060083 0.000000000
0.642233157 0.766509342 0.000000000
0.622205821 0.782853701 0.000000000
0.622038924 0.782986320 0.000000000
0.628817968 0.777552547 0.000000000
0.635384952 0.772195547 0.000000000
0.635220327 0.772330976 0.000000000
0.641906302 0.766783085 0.000000000
0.371588330 0.928397605 0.000000000
0.367292592 0.930105452 0.000000000
0.380283565 0.924869942 0.000000000
0.345438935 0.938441230 0.000000000
0.341097048 0.940028087 0.000000000
0.354229566 0.935158497 0.000000000
0.362989006 0.931793422 0.000000000
0.358677663 0.933461480 0.000000000
0.371716485 0.928346301 0.000000000
0.634997777 0.772513963 0.000000000
0.640749777 0.767749779 0.000000000
0.623387834 0.781912788 0.000000000
0.629210355 0.777235054 0.000000000
0.635550438 0.772059351 0.000000000
0.636102773 0.771604343 0.000000000
0.641847948 0.766831932 0.000000000
0.706048446 0.708163535 0.000000000
0.699244145 0.714882946 0.000000000
0.695384070 0.718638292 0.000000000
0.713634876 0.700517854 0.000000000
0.706903343 0.707310161 0.000000000
0.703083939 0.711106866 0.000000000
0.692375899 0.721536981 0.000000000
0.685444335 0.728125033 0.000000000
0.681513147 0.731805870 0.000000000
0.029961900 0.999551042 0.000000000
0.033870117 0.999426243 0.000000000
0.032014720 0.999487397 0.000000000
0.035922673 0.999354572 0.000000000
0.034896413 0.999390935 0.000000000
0.037777817 0.999286164 0.000000000
0.041684939 0.999130805 0.000000000
0.612405947 0.790543456 0.000000000
0.611814965 0.791000916 0.000000000
0.603543056 0.797330408 0.000000000
0.628740095 0.777615517 0.000000000
0.628158770 0.778085188 0.000000000
0.620020500 0.784585610 0.000000000
0.611223641 0.791457934 0.000000000
0.610631975 0.791914510 0.000000000
0.602350615 0.798231631 0.000000000
0.391502794 0.920176919 0.000000000
0.408274609 0.912859159 0.000000000
0.391502794 0.920176919 0.000000000
0.424909716 0.905235734 0.000000000
0.441402544 0.897309196 0.000000000
0.424909716 0.905235734 0.000000000
0.424909716 0.905235734 0.000000000
0.441402544 0.897309196 0.000000000
0.424909716 0.905235734 0.000000000
0.260797082 0.965393641 0.000000000
0.274558231 0.961570475 0.000000000
0.272291316 0.962214861 0.000000000
0.265344496 0.964153669 0.000000000
0.279087472 0.960265683 0.000000000
0.276823620 0.960920748 0.000000000
0.288263374 0.957551162 0.000000000
0.301909715 0.953336522 0.000000000
0.299662130 0.954045391 0.000000000
0.180335609 0.983605138 0.000000000
0.183093866 0.983095436 0.000000000
0.171319220 0.985215573 0.000000000
0.203817582 0.979008883 0.000000000
0.206562854 0.978433333 0.000000000
0.194842304 0.980834582 0.000000000
0.185850682 0.982577999 0.000000000
0.188606036 0.982052831 0.000000000
0.176843469 0.984238989 0.000000000
0.699521076 0.714611968 0.000000000
0.690854456 0.722993859 0.000000000
0.693589670 0.720370301 0.000000000
0.694084203 0.719893825 0.000000000
0.685354297 0.728209783 0.000000000
0.688109319 0.725607032 0.000000000
0.682087410 0.731270651 0.000000000
0.673221210 0.739441142 0.000000000
0.676018887 0.736884296 0.000000000
0.611452832 0.791280882 0.000000000
0.623034591 0.782194284 0.000000000
0.612694365 0.790319945 0.000000000
0.632051234 0.774926601 0.000000000
0.643390020 0.765538557 0.000000000
0.633267066 0.773933345 0.000000000
0.634481337 0.772938182 0.000000000
0.645790589 0.763514581 0.000000000
0.635694044 0.771941113 0.000000000
0.033139746 0.999450728 0.000000000
0.031027815 0.999518521 0.000000000
0.029823706 0.999555174 0.000000000
0.035547658 0.999367982 0.000000000
0.033435896 0.999440864 0.000000000
0.032231879 0.999480418 0.000000000
0.028915746 0.999581852 0.000000000
0.026803547 0.999640720 0.000000000
0.025599294 0.999672284 0.000000000
0.206642322 0.978416553 0.000000000
0.215674317 0.976465355 0.000000000
0.188526173 0.982068166 0.000000000
0.197592683 0.980284210 0.000000000
0.194625511 0.980877623 0.000000000
0.182579417 0.983191109 0.000000000
0.191656557 0.981462054 0.000000000
0.594282292 0.804256524 0.000000000
0.597517484 0.801855882 0.000000000
0.597517484 0.801855882 0.000000000
0.594282292 0.804256524 0.000000000
0.597517484 0.801855882 0.000000000
0.597517484 0.801855882 0.000000000
0.600742979 0.799442226 0.000000000
0.603958724 0.797015596 0.000000000
0.603958724 0.797015596 0.000000000
0.492457171 0.870336679 0.000000000
0.503482033 0.864005696 0.000000000
0.505245815 0.862975473 0.000000000
0.488897541 0.872341214 0.000000000
0.499948174 0.866055323 0.000000000
0.501716150 0.865032314 0.000000000
0.514425517 0.857535065 0.000000000
0.525285855 0.850925831 0.000000000
0.527022875 0.849851099 0.000000000
0.037768401 0.999286519 0.000000000
0.044916996 0.998990722 0.000000000
0.040190995 0.999192016 0.000000000
0.047220401 0.998884495 0.000000000
0.054365878 0.998521082 0.000000000
0.049641993 0.998767076 0.000000000
0.052063293 0.998643787 0.000000000
0.059206924 0.998245731 0.000000000
0.054484287 0.998514628 0.000000000
0.142440109 0.989803423 0.000000000
0.150575313 0.988598541 0.000000000
0.151516817 0.988454680 0.000000000
0.140554411 0.990072956 0.000000000
0.148691896 0.988883573 0.000000000
0.149633672 0.988741505 0.000000000
0.158700334 0.987326797 0.000000000
0.166814620 0.985988277 0.000000000
0.167753631 0.985828950 0.000000000
0.174082132 0.984731136 0.000000000
0.163399032 0.986560062 0.000000000
0.168930845 0.985627906 0.000000000
0.163023101 0.986622252 0.000000000
0.152320153 0.988331205 0.000000000
0.157862076 0.987461171 0.000000000
0.152696736 0.988273093 0.000000000
0.141976502 0.989870028 0.000000000
0.147527221 0.989057996 0.000000000
0.622999404 0.782222310 0.000000000
0.624337899 0.781154394 0.000000000
0.632351327 0.774681741 0.000000000
0.606752945 0.794890472 0.000000000
0.608113156 0.793850357 0.000000000
0.616258223 0.787544159 0.000000000
0.625674564 0.780084188 0.000000000
0.627009394 0.779011694 0.000000000
0.635000608 0.772511636 0.000000000
0.397569043 0.917572262 0.000000000
0.400114673 0.916465083 0.000000000
0.387115991 0.922031024 0.000000000
0.423356145 0.905963341 0.000000000
0.425869449 0.904784622 0.000000000
0.413033353 0.910715899 0.000000000
0.402657219 0.915350842 0.000000000
0.405196662 0.914229547 0.000000000
0.392229083 0.919867570 0.000000000
0.660978942 0.750404450 0.000000000
0.661963766 0.749535838 0.000000000
0.668063145 0.744104586 0.000000000
0.648634077 0.761100410 0.000000000
0.649632958 0.760247999 0.000000000
0.655820234 0.754917095 0.000000000
0.662947450 0.748665933 0.000000000
0.663929990 0.747794737 0.000000000
0.670015083 0.742347485 0.000000000
0.613280219 0.789865414 0.000000000
0.609255644 0.792973871 0.000000000
0.613446029 0.789736646 0.000000000
0.604881014 0.796315867 0.000000000
0.600823745 0.799381528 0.000000000
0.605048177 0.796188861 0.000000000
0.605215314 0.796061821 0.000000000
0.601159334 0.799129186 0.000000000
0.605382425 0.795934746 0.000000000
0.060867923 0.998145829 0.000000000
0.063287684 0.997995325 0.000000000
0.054365878 0.998521082 0.000000000
0.078698733 0.996898445 0.000000000
0.081115418 0.996704715 0.000000000
0.072204434 0.997389853 0.000000000
0.065707073 0.997838955 0.000000000
0.068126076 0.997676720 0.000000000
0.059206924 0.998245731 0.000000000
0.064963964 0.997887611 0.000000000
0.067576957 0.997714065 0.000000000
0.057557086 0.998342217 0.000000000
0.084986274 0.996382122 0.000000000
0.087595256 0.996156148 0.000000000
0.077590017 0.996985351 0.000000000
0.070189487 0.997533677 0.000000000
0.072801536 0.997346447 0.000000000
0.062785093 0.998027070 0.000000000
0.143732873 0.989616522 0.000000000
0.141189092 0.989982646 0.000000000
0.134252501 0.990947156 0.000000000
0.157579563 0.987506294 0.000000000
0.155041160 0.987908011 0.000000000
0.148118758 0.988969582 0.000000000
0.138644379 0.990342232 0.000000000
0.136098749 0.990695276 0.000000000
0.129157292 0.991624119 0.000000000
0.321695993 0.946843011 0.000000000
0.328361771 0.944552035 0.000000000
0.337575889 0.941298316 0.000000000
0.303131079 0.952948870 0.000000000
0.309840355 0.950788596 0.000000000
0.319116299 0.947715563 0.000000000
0.335011235 0.942214133 0.000000000
0.341644056 0.939829420 0.000000000
0.350811392 0.936446137 0.000000000
0.634124588 0.773230888 0.000000000
0.641472524 0.767146011 0.000000000
0.636170595 0.771548427 0.000000000
0.644721364 0.764417662 0.000000000
0.651984737 0.758232090 0.000000000
0.646743988 0.762707161 0.000000000
0.648762073 0.760991309 0.000000000
0.655992574 0.754767343 0.000000000
0.650775607 0.759270117 0.000000000
0.609325059 0.792920534 0.000000000
0.614708900 0.788754061 0.000000000
0.610541905 0.791983953 0.000000000
0.617651906 0.786451603 0.000000000
0.622991515 0.782228593 0.000000000
0.618858809 0.785502244 0.000000000
0.620064253 0.784551033 0.000000000
0.625390868 0.780311644 0.000000000
0.621268234 0.783597971 0.000000000
0.193918507 0.981017641 0.000000000
0.187042631 0.982351798 0.000000000
0.196499887 0.980503847 0.000000000
0.174977207 0.984572484 0.000000000
0.168076897 0.985773887 0.000000000
0.177568008 0.984108532 0.000000000
0.180157579 0.983637762 0.000000000
0.173263689 0.984875471 0.000000000
0.182745902 0.983160178 0.000000000
0.267294213 0.963614967 0.000000000
0.263765526 0.964586827 0.000000000
0.252205249 0.967673763 0.000000000
0.290275563 0.956943100 0.000000000
0.286771142 0.957999119 0.000000000
0.275288041 0.961361792 0.000000000
0.260233306 0.965545766 0.000000000
0.256697600 0.966491770 0.000000000
0.245115035 0.969494002 0.000000000
0.612125242 0.790760828 0.000000000
0.619068015 0.785337375 0.000000000
0.608012136 0.793927731 0.000000000
0.634025366 0.773312250 0.000000000
0.640813569 0.767696535 0.000000000
0.630002541 0.776593072 0.000000000
0.625962739 0.779852966 0.000000000
0.632808878 0.774308029 0.000000000
0.621906070 0.783091847 0.000000000
0.580651233 0.814152410 0.000000000
0.582894680 0.812547717 0.000000000
0.605903992 0.795537775 0.000000000
0.533131960 0.846032100 0.000000000
0.535463520 0.844558357 0.000000000
0.559408112 0.828892372 0.000000000
0.585133692 0.810936842 0.000000000
0.587368253 0.809319798 0.000000000
0.610283379 0.792183184 0.000000000
0.603470251 0.797385513 0.000000000
0.607855713 0.794047500 0.000000000
0.603871734 0.797081507 0.000000000
0.611426030 0.791301592 0.000000000
0.615777840 0.787919826 0.000000000
0.611824448 0.790993581 0.000000000
0.612222711 0.790685369 0.000000000
0.616571113 0.787299220 0.000000000
0.612620819 0.790376956 0.000000000
0.495174680 0.868793437 0.000000000
0.477269825 0.878756800 0.000000000
0.488802884 0.872394257 0.000000000
0.472118395 0.881535150 0.000000000
0.453957312 0.891023433 0.000000000
0.465653963 0.884966885 0.000000000
0.459164587 0.888351215 0.000000000
0.440866568 0.897572654 0.000000000
0.452650616 0.891687961 0.000000000
0.620147733 0.784485047 0.000000000
0.612316177 0.790612990 0.000000000
0.624566808 0.780971384 0.000000000
0.595390265 0.803436639 0.000000000
0.587371478 0.809317457 0.000000000
0.599916729 0.800062446 0.000000000
0.604424072 0.796662753 0.000000000
0.596472198 0.802633738 0.000000000
0.608912149 0.793237666 0.000000000
0.306521790 0.951863642 0.000000000
0.292618435 0.956229288 0.000000000
0.305538191 0.952179822 0.000000000
0.280636835 0.959814027 0.000000000
0.266620373 0.963801627 0.000000000
0.279645036 0.960103460 0.000000000
0.278652938 0.960391868 0.000000000
0.264628267 0.964350497 0.000000000
0.277660543 0.960679251 0.000000000
0.097370887 0.995248165 0.000000000
0.099214661 0.995066054 0.000000000
0.089450537 0.995991266 0.000000000
0.116873492 0.993146810 0.000000000
0.118713340 0.992928569 0.000000000
0.108969242 0.994045122 0.000000000
0.101058095 0.994880526 0.000000000
0.102901182 0.994691584 0.000000000
0.093140553 0.995652970 0.000000000
0.373800946 0.927508950 0.000000000
0.365214888 0.930923244 0.000000000
0.383151766 0.923685403 0.000000000
0.337649675 0.941271851 0.000000000
0.328937992 0.944351522 0.000000000
0.347141376 0.937812809 0.000000000
0.356597648 0.934258057 0.000000000
0.347949962 0.937513106 0.000000000
0.366017526 0.930607957 0.000000000
0.298549328 0.954394205 0.000000000
0.305250885 0.952271966 0.000000000
0.294400991 0.955681985 0.000000000
0.320179269 0.947356974 0.000000000
0.326830823 0.945082861 0.000000000
0.316061295 0.948738772 0.000000000
0.311937358 0.950102671 0.000000000
0.318608416 0.947886426 0.000000000
0.307807535 0.951448644 0.000000000
0.649512119 0.760351240 0.000000000
0.650896266 0.759166682 0.000000000
0.655771418 0.754959500 0.000000000
0.639665903 0.768653064 0.000000000
0.645994122 0.763342383 0.000000000
0.652278253 0.757979605 0.000000000
0.658517865 0.752565095 0.000000000
0.021670604 0.999765165 0.000000000
0.021670604 0.999765165 0.000000000
0.021670604 0.999765165 0.000000000
0.021670604 0.999765165 0.000000000
0.021670604 0.999765165 0.000000000
0.021670604 0.999765165 0.000000000
0.021670604 0.999765165 0.000000000
0.021670604 0.999765165 0.000000000
0.021670604 0.999765165 0.000000000
0.024395055 0.999702396 0.000000000
0.023486924 0.999724144 0.000000000
0.024395055 0.999702396 0.000000000
0.022578773 0.999745067 0.000000000
0.022578773 0.999745067 0.000000000
0.022578773 0.999745067 0.000000000
0.022578773 0.999745067 0.000000000
0.705662801 0.708547819 0.000000000
0.714805566 0.699323247 0.000000000
0.711411773 0.702775419 0.000000000
0.712489792 0.701682476 0.000000000
0.721542817 0.692369817 0.000000000
0.718182607 0.695854686 0.000000000
0.723827755 0.689980711 0.000000000
0.732727846 0.680521788 0.000000000
0.729424861 0.684060942 0.000000000
0.225962496 0.974136002 0.000000000
0.221902027 0.975068967 0.000000000
0.217134990 0.976141586 0.000000000
0.235471252 0.971881314 0.000000000
0.231420094 0.972853915 0.000000000
0.226663767 0.973973068 0.000000000
0.217837707 0.975985007 0.000000000
0.213769605 0.976884106 0.000000000
0.208993796 0.977916967 0.000000000
0.129096223 0.991632071 0.000000000
0.133196513 0.991089647 0.000000000
0.123475018 0.992347681 0.000000000
0.148511305 0.988910710 0.000000000
0.152600173 0.988288008 0.000000000
0.142905209 0.989736380 0.000000000
0.137294525 0.990530269 0.000000000
0.141390188 0.989953946 0.000000000
0.131679432 0.991292352 0.000000000
0.660978942 0.750404450 0.000000000
0.654828348 0.755777636 0.000000000
0.648634077 0.761100410 0.000000000
0.642396541 0.766372418 0.000000000
0.648634077 0.761100410 0.000000000
0.648634077 0.761100410 0.000000000
0.642396541 0.766372418 0.000000000
0.205443876 0.978668899 0.000000000
0.216568223 0.976267486 0.000000000
0.214542740 0.976714601 0.000000000
0.209502096 0.977808198 0.000000000
0.220616384 0.975360657 0.000000000
0.218592774 0.975816171 0.000000000
0.227664520 0.973739630 0.000000000
0.238731330 0.971085656 0.000000000
0.236716548 0.971578754 0.000000000
0.602489387 0.798126894 0.000000000
0.610241738 0.792215262 0.000000000
0.610607071 0.791933713 0.000000000
0.601752883 0.798682332 0.000000000
0.609510684 0.792777854 0.000000000
0.609876276 0.792496642 0.000000000
0.617936088 0.786228332 0.000000000
0.625571706 0.780166675 0.000000000
0.625931480 0.779878056 0.000000000
0.562590780 0.826735516 0.000000000
0.567853580 0.823129584 0.000000000
0.575977100 0.817465828 0.000000000
0.546107092 0.837715372 0.000000000
0.551440274 0.834214375 0.000000000
0.559674371 0.828712615 0.000000000
0.573093268 0.819490150 0.000000000
0.578309631 0.815817364 0.000000000
0.586360226 0.810050421 0.000000000
0.030731779 0.999527667 0.000000000
0.036939609 0.999317500 0.000000000
0.033327897 0.999444471 0.000000000
0.037955389 0.999279435 0.000000000
0.044161537 0.999024403 0.000000000
0.040550838 0.999177477 0.000000000
0.043146013 0.999068777 0.000000000
0.049350752 0.998781509 0.000000000
0.045740897 0.998953337 0.000000000
0.086233232 0.996274977 0.000000000
0.084240155 0.996445481 0.000000000
0.079912967 0.996801845 0.000000000
0.094881206 0.995488602 0.000000000
0.092889685 0.995676407 0.000000000
0.088565755 0.996070332 0.000000000
0.082246740 0.996611998 0.000000000
0.080252997 0.996774526 0.000000000
0.075924418 0.997113576 0.000000000
0.504476706 0.863425302 0.000000000
0.482927482 0.875660349 0.000000000
0.494691793 0.869068484 0.000000000
0.481008887 0.876715718 0.000000000
0.459137552 0.888365189 0.000000000
0.471075350 0.882092974 0.000000000
0.461081709 0.887357683 0.000000000
0.438952801 0.898510121 0.000000000
0.451029238 0.892509174 0.000000000
0.577819944 0.816164268 0.000000000
0.571995700 0.820256618 0.000000000
0.595289655 0.803511186 0.000000000
0.530064405 0.847957385 0.000000000
0.524015062 0.851708997 0.000000000
0.548230983 0.836326963 0.000000000
0.566142473 0.824307406 0.000000000
0.560260561 0.828316428 0.000000000
0.583790543 0.811904306 0.000000000
0.290903301 0.956752460 0.000000000
0.302330133 0.953203279 0.000000000
0.267926332 0.963439402 0.000000000
0.279434820 0.960164664 0.000000000
0.291530913 0.956561408 0.000000000
0.292158400 0.956369944 0.000000000
0.303580566 0.952805772 0.000000000
0.261304470 0.965256429 0.000000000
0.255357607 0.966846675 0.000000000
0.273168265 0.961966267 0.000000000
0.267241431 0.963629606 0.000000000
0.270734032 0.962654187 0.000000000
0.280137688 0.959959830 0.000000000
0.274223073 0.961666110 0.000000000
0.648147207 0.761515067 0.000000000
0.656389588 0.754422102 0.000000000
0.650044362 0.759896261 0.000000000
0.660818961 0.750545336 0.000000000
0.668941308 0.743315227 0.000000000
0.662688718 0.748894961 0.000000000
0.664554353 0.747239929 0.000000000
0.672640536 0.739969397 0.000000000
0.666415855 0.745580249 0.000000000
0.021670604 0.999765165 0.000000000
0.021670604 0.999765165 0.000000000
0.021670604 0.999765165 0.000000000
0.021670604 0.999765165 0.000000000
0.021670604 0.999765165 0.000000000
0.021670604 0.999765165 0.000000000
0.021670604 0.999765165 0.000000000
0.021670604 0.999765165 0.000000000
0.021670604 0.999765165 0.000000000
0.033295030 0.999445567 0.000000000
0.030328630 0.999539981 0.000000000
0.034202904 0.999414909 0.000000000
0.025545816 0.999673652 0.000000000
0.022578773 0.999745067 0.000000000
0.026453900 0.999650034 0.000000000
0.027361963 0.999625591 0.000000000
0.024395055 0.999702396 0.000000000
0.028270003 0.999600324 0.000000000
0.194267677 0.980948556 0.000000000
0.201915737 0.979402897 0.000000000
0.204801356 0.978803558 0.000000000
0.188482226 0.982076601 0.000000000
0.196139264 0.980576050 0.000000000
0.199028365 0.979993730 0.000000000
0.209551505 0.977797610 0.000000000
0.217174514 0.976132793 0.000000000
0.220050429 0.975488498 0.000000000
0.195454462 0.980712778 0.000000000
0.193509641 0.981098374 0.000000000
0.185451623 0.982653395 0.000000000
0.211524266 0.977372746 0.000000000
0.209586035 0.977790210 0.000000000
0.201554625 0.979477275 0.000000000
0.191564058 0.981480113 0.000000000
0.189617723 0.981857993 0.000000000
0.181553603 0.983381050 0.000000000
0.489093655 0.872231275 0.000000000
0.485617190 0.874171576 0.000000000
0.465623030 0.884983160 0.000000000
0.528227311 0.849103002 0.000000000
0.524842616 0.851199288 0.000000000
0.505360452 0.862908346 0.000000000
0.482133028 0.876098022 0.000000000
0.478641224 0.878010580 0.000000000
0.458561611 0.888662618 0.000000000
0.641282575 0.767304802 0.000000000
0.637284757 0.770628405 0.000000000
0.640831738 0.767681368 0.000000000
0.634178514 0.773186661 0.000000000
0.630150213 0.776473251 0.000000000
0.633724224 0.773559053 0.000000000
0.633269714 0.773931178 0.000000000
0.629237555 0.777213033 0.000000000
0.632814987 0.774303037 0.000000000
0.570798244 0.821090351 0.000000000
0.547855740 0.836572823 0.000000000
0.546442212 0.837496811 0.000000000
0.523054984 0.852298940 0.000000000
0.535513092 0.844526925 0.000000000
0.524493542 0.851414426 0.000000000
0.500729548 0.865603789 0.000000000
0.097665149 0.995219332 0.000000000
0.090277172 0.995916679 0.000000000
0.103023135 0.994678960 0.000000000
0.092958433 0.995669990 0.000000000
0.082884223 0.996559183 0.000000000
0.613248158 0.789890307 0.000000000
0.609515153 0.792774418 0.000000000
0.613248158 0.789890307 0.000000000
0.605768585 0.795640887 0.000000000
0.602008536 0.798489651 0.000000000
0.605768585 0.795640887 0.000000000
0.605768585 0.795640887 0.000000000
0.602008536 0.798489651 0.000000000
0.605768585 0.795640887 0.000000000
0.644263496 0.764803601 0.000000000
0.641394965 0.767210857 0.000000000
0.648789925 0.760967564 0.000000000
0.629340102 0.777129999 0.000000000
0.633939929 0.773382290 0.000000000
0.638517440 0.769607354 0.000000000
0.643072472 0.765805325 0.000000000
0.603351391 0.797475454 0.000000000
0.596302292 0.802759974 0.000000000
0.550632754 0.834747608 0.000000000
0.543257338 0.839566236 0.000000000
0.570076936 0.821591314 0.000000000
0.589206911 0.807982188 0.000000000
0.582065798 0.813141689 0.000000000
0.599659128 0.800255541 0.000000000
0.597877584 0.801587422 0.000000000
0.599548326 0.800338556 0.000000000
0.596315386 0.802750248 0.000000000
0.594528301 0.804074685 0.000000000
0.596204239 0.802832800 0.000000000
0.596093081 0.802915337 0.000000000
0.594305630 0.804239279 0.000000000
0.595981912 0.802997859 0.000000000
0.272291316 0.962214861 0.000000000
0.276517575 0.961008861 0.000000000
0.262764247 0.964860068 0.000000000
0.299662130 0.954045391 0.000000000
0.303852220 0.952719176 0.000000000
0.290214497 0.956961622 0.000000000
0.280738492 0.959784298 0.000000000
0.284953987 0.958541196 0.000000000
0.271235042 0.962513144 0.000000000
0.180443146 0.983585416 0.000000000
0.177466063 0.984126921 0.000000000
0.158268376 0.987396132 0.000000000
0.155279864 0.987870520 0.000000000
0.166383493 0.986061120 0.000000000
0.174487356 0.984659415 0.000000000
0.171507051 0.985182892 0.000000000
0.605768585 0.795640887 0.000000000
0.605768585 0.795640887 0.000000000
0.602008536 0.798489651 0.000000000
0.613248158 0.789890307 0.000000000
0.613248158 0.789890307 0.000000000
0.609515153 0.792774418 0.000000000
0.605768585 0.795640887 0.000000000
0.605768585 0.795640887 0.000000000
0.602008536 0.798489651 0.000000000
0.429039369 0.903285791 0.000000000
0.411352961 0.911476133 0.000000000
0.416859788 0.908970801 0.000000000
0.418078553 0.908410878 0.000000000
0.400294339 0.916386623 0.000000000
0.405831077 0.913948104 0.000000000
0.393510283 0.919320215 0.000000000
0.375518115 0.926815055 0.000000000
0.381118397 0.924526239 0.000000000
0.346740522 0.937961092 0.000000000
0.340120743 0.940381774 0.000000000
0.350811392 0.936446137 0.000000000
0.325281625 0.945617187 0.000000000
0.329385953 0.944195368 0.000000000
0.333484067 0.942755736 0.000000000
0.337575889 0.941298316 0.000000000
0.057363082 0.998353383 0.000000000
0.050218728 0.998738244 0.000000000
0.048832320 0.998806991 0.000000000
0.045952252 0.998943637 0.000000000
0.043071803 0.999071979 0.000000000
0.122545910 0.992462846 0.000000000
0.104248468 0.994551284 0.000000000
0.113401997 0.993549187 0.000000000
0.118440031 0.992961207 0.000000000
0.114332126 0.993442583 0.000000000
0.165466307 0.986215444 0.000000000
0.169132986 0.985593239 0.000000000
0.158126135 0.987418921 0.000000000
0.161797340 0.986824007 0.000000000
0.154360842 0.988014540 0.000000000
0.143235840 0.989688584 0.000000000
0.146915589 0.989149033 0.000000000
0.021670604 0.999765165 0.000000000
0.021670604 0.999765165 0.000000000
0.021670604 0.999765165 0.000000000
0.021670604 0.999765165 0.000000000
0.021670604 0.999765165 0.000000000
0.021670604 0.999765165 0.000000000
0.021670604 0.999765165 0.000000000
0.021670604 0.999765165 0.000000000
0.021670604 0.999765165 0.000000000
0.612186905 0.790713092 0.000000000
0.608637605 0.793448338 0.000000000
0.607567002 0.794268429 0.000000000
0.614317398 0.789059018 0.000000000
0.610775489 0.791803828 0.000000000
0.609707101 0.792626804 0.000000000
0.605076085 0.796167653 0.000000000
0.601502414 0.798870982 0.000000000
0.600424505 0.799681445 0.000000000
0.655740754 0.754986134 0.000000000
0.659395618 0.751796128 0.000000000
0.648384816 0.761312768 0.000000000
0.652070458 0.758158372 0.000000000
0.660733677 0.750620416 0.000000000
0.665697534 0.746221678 0.000000000
0.669309763 0.742983473 0.000000000
0.457819955 0.889044930 0.000000000
0.440123288 0.897937354 0.000000000
0.445616475 0.895223971 0.000000000
0.446891858 0.894587987 0.000000000
0.429087558 0.903262901 0.000000000
0.434613580 0.900617031 0.000000000
0.422253983 0.906477564 0.000000000
0.404219050 0.914662211 0.000000000
0.409815380 0.912168490 0.000000000
0.286400544 0.958109977 0.000000000
0.298587548 0.954382249 0.000000000
0.299857762 0.953983921 0.000000000
0.283848648 0.958869097 0.000000000
0.296045533 0.955173828 0.000000000
0.297316804 0.954778884 0.000000000
0.310726055 0.950499510 0.000000000
0.322814094 0.946462393 0.000000000
0.324073744 0.946031822 0.000000000
0.129861273 0.991532173 0.000000000
0.121969456 0.992533854 0.000000000
0.136362794 0.990658967 0.000000000
0.128477717 0.991712396 0.000000000
0.125224260 0.992128462 0.000000000
0.114069920 0.993472724 0.000000000
0.106163166 0.994348723 0.000000000
0.356623509 0.934248186 0.000000000
0.363837199 0.931462556 0.000000000
0.370221520 0.928943500 0.000000000
0.343766197 0.939055271 0.000000000
0.351017444 0.936368920 0.000000000
0.357435740 0.933937734 0.000000000
0.371029133 0.928621226 0.000000000
0.378198881 0.925724369 0.000000000
0.384543480 0.923106880 0.000000000
0.265376040 0.964144988 0.000000000
0.279285060 0.960208235 0.000000000
0.273112922 0.961981981 0.000000000
0.277737217 0.960657087 0.000000000
0.291594528 0.956542018 0.000000000
0.285445680 0.958394889 0.000000000
0.293135721 0.956070839 0.000000000
0.306925129 0.951733663 0.000000000
0.300806844 0.953685086 0.000000000
0.637460414 0.770483109 0.000000000
0.630139280 0.776482123 0.000000000
0.629479066 0.777017443 0.000000000
0.638769268 0.769398351 0.000000000
0.631458343 0.775409802 0.000000000
0.630799040 0.775946243 0.000000000
0.622761694 0.782411575 0.000000000
0.615328317 0.788270932 0.000000000
0.614658087 0.788793659 0.000000000
0.595226161 0.803558223 0.000000000
0.604122611 0.796891379 0.000000000
0.604375752 0.796699410 0.000000000
0.594715462 0.803936266 0.000000000
0.603616147 0.797275077 0.000000000
0.603869409 0.797083268 0.000000000
0.612944396 0.790126045 0.000000000
0.621690425 0.783263056 0.000000000
0.621939236 0.783065506 0.000000000
0.199376713 0.979922919 0.000000000
0.205458507 0.978665827 0.000000000
0.209439216 0.977821668 0.000000000
0.191395125 0.981513070 0.000000000
0.197486949 0.980305516 0.000000000
0.201474396 0.979493781 0.000000000
0.211532378 0.977370991 0.000000000
0.217598090 0.976038458 0.000000000
0.221568007 0.975144922 0.000000000
0.139388095 0.990237830 0.000000000
0.131627799 0.991299209 0.000000000
0.129035739 0.991639944 0.000000000
0.144563842 0.989495475 0.000000000
0.136809202 0.990597417 0.000000000
0.134218959 0.990951700 0.000000000
0.123859428 0.992299774 0.000000000
0.116083458 0.993239463 0.000000000
0.113486379 0.993539552 0.000000000
0.168930845 0.985627906 0.000000000
0.166165540 0.986097872 0.000000000
0.147527221 0.989057996 0.000000000
0.144752379 0.989467912 0.000000000
0.155468091 0.987840915 0.000000000
0.163398928 0.986560079 0.000000000
0.160631031 0.987014525 0.000000000
0.166241461 0.986085076 0.000000000
0.175995530 0.984390966 0.000000000
0.169739837 0.985488908 0.000000000
0.179487833 0.983760193 0.000000000
0.177741961 0.984077129 0.000000000
0.185732350 0.982600374 0.000000000
0.195450965 0.980713475 0.000000000
0.037043660 0.999313648 0.000000000
0.034635928 0.999399996 0.000000000
0.032527969 0.999470826 0.000000000
0.041258719 0.999148497 0.000000000
0.038851373 0.999245000 0.000000000
0.036743732 0.999324721 0.000000000
0.032227995 0.999480543 0.000000000
0.029819875 0.999555289 0.000000000
0.027711600 0.999615960 0.000000000
0.627693529 0.778460554 0.000000000
0.624537475 0.780994841 0.000000000
0.631253682 0.775576424 0.000000000
0.614165365 0.789177360 0.000000000
0.610966044 0.791656803 0.000000000
0.617774761 0.786355101 0.000000000
0.621371189 0.783516334 0.000000000
0.618194723 0.786024989 0.000000000
0.624954573 0.780661118 0.000000000
0.618607631 0.785700069 0.000000000
0.623251203 0.782021699 0.000000000
0.617138212 0.786854769 0.000000000
0.630777590 0.775963680 0.000000000
0.635363271 0.772213386 0.000000000
0.629326346 0.777141139 0.000000000
0.627872903 0.778315885 0.000000000
0.632472570 0.774582758 0.000000000
0.626417268 0.779487913 0.000000000
0.732204726 0.681084605 0.000000000
0.735344249 0.677693762 0.000000000
0.741356766 0.671111128 0.000000000
0.719944879 0.694031247 0.000000000
0.729273287 0.684222532 0.000000000
0.738468069 0.674288448 0.000000000
0.747527543 0.664230813 0.000000000
0.684584097 0.728933889 0.000000000
0.673611648 0.739085480 0.000000000
0.706067667 0.708144370 0.000000000
0.695403576 0.718619417 0.000000000
0.683722905 0.729741728 0.000000000
0.682860759 0.730548550 0.000000000
0.671864367 0.740674201 0.000000000
0.544760350 0.838591773 0.000000000
0.550729819 0.834683573 0.000000000
0.541986999 0.840386871 0.000000000
0.562147901 0.827036721 0.000000000
0.568034483 0.823004755 0.000000000
0.559412629 0.828889324 0.000000000
0.556671251 0.830732880 0.000000000
0.562584344 0.826739896 0.000000000
0.553923798 0.832567370 0.000000000
0.055907339 0.998435962 0.000000000
0.051642103 0.998665656 0.000000000
0.064434674 0.997921927 0.000000000
0.060171555 0.998188050 0.000000000
0.062979552 0.998014818 0.000000000
0.070048604 0.997543580 0.000000000
0.065787051 0.997833686 0.000000000
0.603038834 0.797711830 0.000000000
0.608916493 0.793234332 0.000000000
0.607370693 0.794418556 0.000000000
0.606140984 0.795357220 0.000000000
0.612001159 0.790856865 0.000000000
0.610459983 0.792047100 0.000000000
0.614760907 0.788713527 0.000000000
0.620571759 0.784149662 0.000000000
0.619043627 0.785356599 0.000000000
0.593659498 0.804716348 0.000000000
0.588513642 0.808487287 0.000000000
0.597933672 0.801545584 0.000000000
0.592807958 0.805343855 0.000000000
0.590662891 0.806918428 0.000000000
0.583343834 0.812225320 0.000000000
0.578150285 0.815930296 0.000000000
0.705023271 0.709184170 0.000000000
0.710009286 0.704192313 0.000000000
0.710933236 0.703259507 0.000000000
0.703158609 0.711033030 0.000000000
0.708157715 0.706054284 0.000000000
0.709084111 0.705123906 0.000000000
0.714959956 0.699165403 0.000000000
0.719875037 0.694103689 0.000000000
0.720785734 0.693157937 0.000000000
0.697392703 0.716689206 0.000000000
0.699045221 0.715077464 0.000000000
0.708861322 0.705347876 0.000000000
0.677317891 0.735690475 0.000000000
0.679014324 0.734125022 0.000000000
0.689095588 0.724670456 0.000000000
0.700694014 0.713461912 0.000000000
0.702339073 0.711842558 0.000000000
0.712110150 0.702067756 0.000000000
0.621241845 0.783618894 0.000000000
0.612938542 0.790130586 0.000000000
0.619526118 0.784976043 0.000000000
0.608046271 0.793901589 0.000000000
0.606308081 0.795229848 0.000000000
0.604566991 0.796554300 0.000000000
0.602823007 0.797874941 0.000000000
0.251658869 0.967816002 0.000000000
0.248685110 0.968584388 0.000000000
0.260667780 0.965428562 0.000000000
0.227598950 0.973754958 0.000000000
0.224607063 0.974449417 0.000000000
0.236664256 0.971591493 0.000000000
0.245709004 0.969343636 0.000000000
0.242730581 0.970093740 0.000000000
0.254732411 0.967011582 0.000000000
0.329004821 0.944328242 0.000000000
0.339387156 0.940646777 0.000000000
0.331735059 0.943372594 0.000000000
0.344302505 0.938858767 0.000000000
0.354623663 0.935009122 0.000000000
0.347016858 0.937858891 0.000000000
0.349728308 0.936851168 0.000000000
0.360027021 0.932941876 0.000000000
0.352436831 0.935835605 0.000000000
0.337189324 0.941436859 0.000000000
0.330371148 0.943851103 0.000000000
0.325430593 0.945565931 0.000000000
0.347017569 0.937858629 0.000000000
0.340225016 0.940344053 0.000000000
0.335302667 0.942110461 0.000000000
0.323535687 0.946215969 0.000000000
0.316683301 0.948531332 0.000000000
0.311718457 0.950174512 0.000000000
0.021670604 0.999765165 0.000000000
0.021670604 0.999765165 0.000000000
0.021670604 0.999765165 0.000000000
0.021670604 0.999765165 0.000000000
0.021670604 0.999765165 0.000000000
0.021670604 0.999765165 0.000000000
0.021670604 0.999765165 0.000000000
0.029369790 0.999568615 0.000000000
0.029823792 0.999555172 0.000000000
0.025757220 0.999668228 0.000000000
0.037501511 0.999296571 0.000000000
0.037955389 0.999279435 0.000000000
0.033889871 0.999425573 0.000000000
0.030277789 0.999541523 0.000000000
0.030731779 0.999527667 0.000000000
0.026665311 0.999644417 0.000000000
0.234573593 0.972098364 0.000000000
0.233152664 0.972440145 0.000000000
0.237413944 0.971408575 0.000000000
0.235994020 0.971754507 0.000000000
0.227499123 0.973778285 0.000000000
0.220412626 0.975406723 0.000000000
0.218986877 0.975727804 0.000000000
0.036288311 0.999341362 0.000000000
0.033327897 0.999444471 0.000000000
0.034808142 0.999394013 0.000000000
0.041015063 0.999158528 0.000000000
0.045740897 0.998953337 0.000000000
0.710327179 0.703871649 0.000000000
0.707839456 0.706373346 0.000000000
0.713410445 0.700746414 0.000000000
0.699091717 0.715032007 0.000000000
0.702224087 0.711955990 0.000000000
0.705342923 0.708866251 0.000000000
0.708448164 0.705762849 0.000000000
0.135277922 0.990807693 0.000000000
0.131295655 0.991343256 0.000000000
0.139258005 0.990256133 0.000000000
0.146711813 0.989179278 0.000000000
0.154157300 0.988046318 0.000000000
0.456029510 0.889964655 0.000000000
0.454267355 0.890865405 0.000000000
0.439625883 0.898180986 0.000000000
0.484913056 0.874562364 0.000000000
0.483181327 0.875520306 0.000000000
0.468787132 0.883311171 0.000000000
0.452503421 0.891762667 0.000000000
0.450737715 0.892656436 0.000000000
0.436067403 0.899914007 0.000000000
0.277421434 0.960748327 0.000000000
0.289185659 0.957273030 0.000000000
0.287233906 0.957860472 0.000000000
0.281335594 0.959609443 0.000000000
0.293085554 0.956086219 0.000000000
0.291136211 0.956681612 0.000000000
0.300906369 0.953653688 0.000000000
0.312581801 0.949890845 0.000000000
0.310645045 0.950525989 0.000000000
0.286121112 0.958193461 0.000000000
0.279942892 0.960016655 0.000000000
0.293987273 0.955809334 0.000000000
0.257905661 0.966170104 0.000000000
0.251676644 0.967811380 0.000000000
0.265838338 0.964017623 0.000000000
0.273753056 0.961800013 0.000000000
0.267551860 0.963543462 0.000000000
0.281649278 0.959517423 0.000000000
0.097665149 0.995219332 0.000000000
0.090277172 0.995916679 0.000000000
0.087595256 0.996156148 0.000000000
0.103023135 0.994678960 0.000000000
0.095639020 0.995416083 0.000000000
0.092958433 0.995669990 0.000000000
0.082884223 0.996559183 0.000000000
0.075486710 0.997146808 0.000000000
0.072801536 0.997346447 0.000000000
0.152500205 0.988303439 0.000000000
0.161075949 0.986942014 0.000000000
0.161750864 0.986831626 0.000000000
0.151148296 0.988511099 0.000000000
0.159725895 0.987161405 0.000000000
0.160400960 0.987051940 0.000000000
0.169639549 0.985506176 0.000000000
0.178190359 0.983996035 0.000000000
0.178863255 0.983873943 0.000000000
0.628269631 0.777995675 0.000000000
0.626936539 0.779070328 0.000000000
0.611961209 0.790887779 0.000000000
0.610606065 0.791934488 0.000000000
0.618804732 0.785544845 0.000000000
0.625601608 0.780142697 0.000000000
0.624264844 0.781212778 0.000000000
0.598665737 0.800998961 0.000000000
0.598239926 0.801317035 0.000000000
0.596408601 0.802680996 0.000000000
0.602317564 0.798256570 0.000000000
0.601893211 0.798576586 0.000000000
0.600068133 0.799948896 0.000000000
0.597813947 0.801634882 0.000000000
0.597387799 0.801952504 0.000000000
0.595555024 0.803314517 0.000000000
0.607164667 0.794576030 0.000000000
0.603958724 0.797015596 0.000000000
0.607164667 0.794576030 0.000000000
0.603958724 0.797015596 0.000000000
0.603958724 0.797015596 0.000000000
0.600742979 0.799442226 0.000000000
0.597517484 0.801855882 0.000000000
0.560513258 0.828145451 0.000000000
0.533740401 0.845648381 0.000000000
0.551601855 0.834107543 0.000000000
0.524794424 0.851229001 0.000000000
0.497301571 0.867577747 0.000000000
0.515637577 0.856806798 0.000000000
0.506421453 0.862286096 0.000000000
0.478584366 0.878041573 0.000000000
0.497147111 0.867666267 0.000000000
0.191930984 0.981408425 0.000000000
0.188960384 0.981984711 0.000000000
0.200398910 0.979714385 0.000000000
0.168991032 0.985617589 0.000000000
0.166007800 0.986124440 0.000000000
0.177496161 0.984121493 0.000000000
0.185988054 0.982552006 0.000000000
0.183014020 0.983110303 0.000000000
0.194466076 0.980909244 0.000000000
0.238406128 0.971165546 0.000000000
0.240270367 0.970706006 0.000000000
0.225439754 0.974257110 0.000000000
0.267911169 0.963443618 0.000000000
0.269760527 0.962927442 0.000000000
0.255045104 0.966929157 0.000000000
0.242133720 0.970242888 0.000000000
0.243996181 0.969776193 0.000000000
0.229179314 0.973384221 0.000000000
0.222814673 0.974860822 0.000000000
0.232339759 0.972634688 0.000000000
0.230728728 0.973018116 0.000000000
0.226042244 0.974117500 0.000000000
0.235559904 0.971859831 0.000000000
0.233950152 0.972248593 0.000000000
0.241842613 0.970315490 0.000000000
0.251322327 0.967903450 0.000000000
0.249719105 0.968318320 0.000000000
0.277570313 0.960705325 0.000000000
0.285334674 0.958427944 0.000000000
0.291428338 0.956592663 0.000000000
0.265320204 0.964160355 0.000000000
0.279229452 0.960224408 0.000000000
0.293080353 0.956087813 0.000000000
0.306870012 0.951751436 0.000000000
0.094985084 0.995478696 0.000000000
0.087574094 0.996158009 0.000000000
0.087574094 0.996158009 0.000000000
0.094985084 0.995478696 0.000000000
0.087574094 0.996158009 0.000000000
0.087574094 0.996158009 0.000000000
0.080158253 0.996782150 0.000000000
0.072737973 0.997351085 0.000000000
0.072737973 0.997351085 0.000000000
0.041300651 0.999146764 0.000000000
0.048464747 0.998824894 0.000000000
0.043917024 0.999035182 0.000000000
0.050396218 0.998729303 0.000000000
0.053011466 0.998593904 0.000000000
0.055626350 0.998451656 0.000000000
0.058240853 0.998302561 0.000000000
0.149735685 0.988726061 0.000000000
0.142064297 0.989857432 0.000000000
0.139475923 0.990225463 0.000000000
0.154903483 0.987929608 0.000000000
0.147238115 0.989101075 0.000000000
0.144651701 0.989482635 0.000000000
0.134384367 0.990929282 0.000000000
0.126696357 0.991941547 0.000000000
0.124102586 0.992269393 0.000000000
0.508802329 0.860883378 0.000000000
0.531833083 0.846849202 0.000000000
0.520365021 0.853943935 0.000000000
0.536075197 0.844170234 0.000000000
0.562799585 0.826593387 0.000000000
0.407699490 0.913116162 0.000000000
0.413016964 0.910723332 0.000000000
0.397028685 0.917806201 0.000000000
0.439379228 0.898301672 0.000000000
0.444609780 0.895724368 0.000000000
0.428878946 0.903361970 0.000000000
0.418320396 0.908299536 0.000000000
0.423609603 0.905844856 0.000000000
0.407705011 0.913113697 0.000000000
0.488858276 0.872363219 0.000000000
0.475683268 0.879616638 0.000000000
0.476268872 0.879299700 0.000000000
0.487696083 0.873013477 0.000000000
0.474511427 0.880249343 0.000000000
0.475097452 0.879933185 0.000000000
0.462400662 0.886671093 0.000000000
0.449013466 0.893524990 0.000000000
0.449608337 0.893225808 0.000000000
0.431837406 0.901951470 0.000000000
0.439693752 0.898147763 0.000000000
0.436985240 0.899468677 0.000000000
0.437265496 0.899332467 0.000000000
0.445098775 0.895481480 0.000000000
0.442398272 0.896818693 0.000000000
0.447516598 0.894275625 0.000000000
0.455305348 0.890335353 0.000000000
0.452620306 0.891703347 0.000000000
0.697392703 0.716689206 0.000000000
0.687420953 0.726259205 0.000000000
0.677317891 0.735690475 0.000000000
0.667085447 0.744981212 0.000000000
0.677317891 0.735690475 0.000000000
0.677317891 0.735690475 0.000000000
0.667085447 0.744981212 0.000000000
0.681901100 0.731444386 0.000000000
0.680940015 0.732339195 0.000000000
0.703273224 0.710919666 0.000000000
0.691715466 0.722170142 0.000000000
0.679977756 0.733232741 0.000000000
0.591062453 0.806625797 0.000000000
0.586317492 0.810081353 0.000000000
0.582806401 0.812611038 0.000000000
0.598021546 0.801480025 0.000000000
0.593306671 0.804976518 0.000000000
0.589817604 0.807536497 0.000000000
0.581552330 0.813508997 0.000000000
0.576767129 0.816908611 0.000000000
0.573226582 0.819396904 0.000000000
0.271727519 0.962374228 0.000000000
0.263845251 0.964565023 0.000000000
0.279591601 0.960119022 0.000000000
0.283742375 0.958900550 0.000000000
0.287887839 0.957664133 0.000000000
0.213500062 0.976943050 0.000000000
0.222595692 0.974910846 0.000000000
0.209466175 0.977815893 0.000000000
0.218570115 0.975821246 0.000000000
0.220583373 0.975368123 0.000000000
0.231671988 0.972793961 0.000000000
0.240728160 0.970592578 0.000000000
0.706911420 0.707302088 0.000000000
0.700030282 0.714113159 0.000000000
0.703479094 0.710715951 0.000000000
0.701288726 0.712877354 0.000000000
0.695622063 0.718407924 0.000000000
0.665535019 0.746366624 0.000000000
0.663770565 0.747936252 0.000000000
0.664653256 0.747151959 0.000000000
0.657379693 0.753559513 0.000000000
0.649146633 0.760663295 0.000000000
0.083758517 0.996486082 0.000000000
0.090711788 0.995877187 0.000000000
0.079814264 0.996809753 0.000000000
0.105534692 0.994415622 0.000000000
0.112472980 0.993654783 0.000000000
0.101598461 0.994825489 0.000000000
0.097660639 0.995219774 0.000000000
0.104604733 0.994513876 0.000000000
0.093721288 0.995598473 0.000000000
0.164524017 0.986373077 0.000000000
0.159974352 0.987121171 0.000000000
0.152930918 0.988236882 0.000000000
0.178574989 0.983926305 0.000000000
0.167009651 0.985955261 0.000000000
0.155421286 0.987848280 0.000000000
0.143811493 0.989605100 0.000000000
0.628860430 0.777518205 0.000000000
0.622047742 0.782979314 0.000000000
0.627931572 0.778268553 0.000000000
0.617068636 0.786909333 0.000000000
0.610174401 0.792267127 0.000000000
0.616128573 0.787645594 0.000000000
0.615187631 0.788380732 0.000000000
0.608280620 0.793722047 0.000000000
0.614245811 0.789114747 0.000000000
0.023486924 0.999724144 0.000000000
0.024395055 0.999702396 0.000000000
0.021670604 0.999765165 0.000000000
0.022578773 0.999745067 0.000000000
0.022578773 0.999745067 0.000000000
0.021670604 0.999765165 0.000000000
0.022578773 0.999745067 0.000000000
0.655890408 0.754856127 0.000000000
0.649703628 0.760187606 0.000000000
0.668132314 0.744042479 0.000000000
0.662033440 0.749474298 0.000000000
0.663086630 0.748542665 0.000000000
0.670222084 0.742160602 0.000000000
0.664138509 0.747609551 0.000000000
0.366017526 0.930607957 0.000000000
0.380000718 0.924986192 0.000000000
0.371437704 0.928457878 0.000000000
0.383151766 0.923685403 0.000000000
0.388531287 0.921435531 0.000000000
0.393897598 0.919154330 0.000000000
0.399250516 0.916841876 0.000000000
0.359449097 0.933164694 0.000000000
0.376631705 0.926363082 0.000000000
0.368056113 0.929803580 0.000000000
0.352862810 0.935675070 0.000000000
0.346258992 0.938138961 0.000000000
0.069869347 0.997556151 0.000000000
0.064844815 0.997895360 0.000000000
0.074892106 0.997191643 0.000000000
0.072897218 0.997339459 0.000000000
0.070902038 0.997483284 0.000000000
0.217248474 0.976116336 0.000000000
0.215509381 0.976501770 0.000000000
0.224340214 0.974510887 0.000000000
0.057347406 0.998354283 0.000000000
0.060161106 0.998188680 0.000000000
0.064419004 0.997922939 0.000000000
0.048827092 0.998807246 0.000000000
0.055902113 0.998436254 0.000000000
0.062974329 0.998015147 0.000000000
0.070043383 0.997543946 0.000000000
0.518113673 0.855311769 0.000000000
0.525368721 0.850874672 0.000000000
0.519393905 0.854534945 0.000000000
0.530048523 0.847967312 0.000000000
0.537240681 0.843428984 0.000000000
0.531317744 0.847172624 0.000000000
0.532585772 0.846376036 0.000000000
0.539764305 0.841816188 0.000000000
0.533852607 0.845577551 0.000000000
0.621013661 0.783799740 0.000000000
0.625269550 0.780408860 0.000000000
0.612446844 0.790511773 0.000000000
0.616739384 0.787167411 0.000000000
0.621455367 0.783449569 0.000000000
0.621896875 0.783099149 0.000000000
0.626148938 0.779703474 0.000000000
0.196821463 0.980439346 0.000000000
0.197044621 0.980394521 0.000000000
0.186728753 0.982411509 0.000000000
0.217387743 0.976085329 0.000000000
0.217609909 0.976035823 0.000000000
0.207338719 0.978269214 0.000000000
0.197267768 0.980349646 0.000000000
0.197490906 0.980304719 0.000000000
0.187175957 0.982326403 0.000000000
0.070415202 0.997517769 0.000000000
0.075984099 0.997109029 0.000000000
0.073199936 0.997317286 0.000000000
0.065189487 0.997872903 0.000000000
0.059961984 0.998200661 0.000000000
0.610508020 0.792010074 0.000000000
0.609710350 0.792624305 0.000000000
0.600949507 0.799286988 0.000000000
0.627793351 0.778380054 0.000000000
0.618397329 0.785865601 0.000000000
0.608912061 0.793237733 0.000000000
0.599338916 0.800495386 0.000000000
0.380000718 0.924986192 0.000000000
0.407705011 0.913113697 0.000000000
0.393897598 0.919154330 0.000000000
0.388531287 0.921435531 0.000000000
0.397028685 0.917806201 0.000000000
0.314508826 0.949254549 0.000000000
0.324082350 0.946028874 0.000000000
0.304739376 0.952435779 0.000000000
0.314345536 0.949308635 0.000000000
0.319218155 0.947681259 0.000000000
0.333622799 0.942706650 0.000000000
0.343129199 0.939288216 0.000000000
0.393437859 0.919351212 0.000000000
0.378958326 0.925413738 0.000000000
0.395941728 0.918275638 0.000000000
0.359304520 0.933220372 0.000000000
0.344611489 0.938745398 0.000000000
0.361846311 0.932237763 0.000000000
0.364385415 0.931248232 0.000000000
0.349722714 0.936853256 0.000000000
0.366921813 0.930251785 0.000000000
0.629907734 0.776669973 0.000000000
0.628547462 0.777771231 0.000000000
0.640844781 0.767670481 0.000000000
0.604873070 0.796321900 0.000000000
0.603478443 0.797379313 0.000000000
0.616090965 0.787675011 0.000000000
0.627185266 0.778870106 0.000000000
0.625821148 0.779966596 0.000000000
0.638153747 0.769908953 0.000000000
0.437957695 0.898995583 0.000000000
0.423682446 0.905810789 0.000000000
0.440877269 0.897567398 0.000000000
0.403361660 0.915040639 0.000000000
0.388836937 0.921306592 0.000000000
0.406333566 0.913724813 0.000000000
0.409301180 0.912399334 0.000000000
0.394817494 0.918759569 0.000000000
0.412264470 0.911064217 0.000000000
0.214305809 0.976766615 0.000000000
0.223400581 0.974726721 0.000000000
0.212479616 0.977165499 0.000000000
0.236110383 0.971726241 0.000000000
0.245157228 0.969483333 0.000000000
0.234293573 0.972165892 0.000000000
0.232475945 0.972602146 0.000000000
0.241531112 0.970393076 0.000000000
0.230657505 0.973035002 0.000000000
0.601569261 0.798820646 0.000000000
0.606193620 0.795317104 0.000000000
0.601569261 0.798820646 0.000000000
0.610797574 0.791786792 0.000000000
0.615380969 0.788229828 0.000000000
0.610797574 0.791786792 0.000000000
0.610797574 0.791786792 0.000000000
0.615380969 0.788229828 0.000000000
0.610797574 0.791786792 0.000000000
0.600082193 0.799938348 0.000000000
0.598152364 0.801382399 0.000000000
0.600082193 0.799938348 0.000000000
0.596219060 0.802821794 0.000000000
0.594282292 0.804256524 0.000000000
0.596219060 0.802821794 0.000000000
0.596219060 0.802821794 0.000000000
0.594282292 0.804256524 0.000000000
0.596219060 0.802821794 0.000000000
0.207569323 0.978220311 0.000000000
0.233662062 0.972317870 0.000000000
0.220635431 0.975356348 0.000000000
0.210528447 0.977587732 0.000000000
0.213485644 0.976946201 0.000000000
0.163023101 0.986622252 0.000000000
0.157862076 0.987461171 0.000000000
0.152320153 0.988331205 0.000000000
0.174082132 0.984731136 0.000000000
0.168930845 0.985627906 0.000000000
0.163399032 0.986560062 0.000000000
0.152696736 0.988273093 0.000000000
0.147527221 0.989057996 0.000000000
0.141976502 0.989870028 0.000000000
0.421596388 0.906783594 0.000000000
0.434376026 0.900731629 0.000000000
0.395786796 0.918342427 0.000000000
0.408732454 0.912654251 0.000000000
0.419835042 0.907600428 0.000000000
0.418072113 0.908413842 0.000000000
0.430875155 0.902411548 0.000000000
0.433180180 0.901307346 0.000000000
0.437285995 0.899322500 0.000000000
0.416724974 0.909032615 0.000000000
0.473707904 0.880682021 0.000000000
0.477719238 0.878512567 0.000000000
0.457620921 0.889147396 0.000000000
0.441382716 0.897318950 0.000000000
0.445470257 0.895296738 0.000000000
0.424998654 0.905193981 0.000000000
0.047693840 0.998862001 0.000000000
0.041488633 0.999138976 0.000000000
0.039189268 0.999231806 0.000000000
0.037235617 0.999306514 0.000000000
0.035281825 0.999377403 0.000000000
0.086654059 0.996238462 0.000000000
0.084808134 0.996397300 0.000000000
0.069974399 0.997548787 0.000000000
0.076469781 0.997071899 0.000000000
0.082961918 0.996552718 0.000000000
0.614658087 0.788793659 0.000000000
0.614658087 0.788793659 0.000000000
0.629479066 0.777017443 0.000000000
0.622096442 0.782940621 0.000000000
0.614658087 0.788793659 0.000000000
0.621720442 0.783239231 0.000000000
0.619829786 0.784736285 0.000000000
0.612897295 0.790162582 0.000000000
0.635414122 0.772171544 0.000000000
0.633550117 0.773701654 0.000000000
0.626714238 0.779249167 0.000000000
0.617935525 0.786228775 0.000000000
0.616037671 0.787716693 0.000000000
0.609079089 0.793109490 0.000000000
0.615220657 0.788354960 0.000000000
0.620642882 0.784093370 0.000000000
0.611536823 0.791215972 0.000000000
0.633282695 0.773920557 0.000000000
0.638604944 0.769534746 0.000000000
0.629665991 0.776865973 0.000000000
0.626035589 0.779794487 0.000000000
0.631398520 0.775458515 0.000000000
0.622391566 0.782706036 0.000000000
0.612414889 0.790536529 0.000000000
0.620454555 0.784242402 0.000000000
0.634119793 0.773234821 0.000000000
0.631278913 0.775555887 0.000000000
0.628429538 0.777866515 0.000000000
0.137745046 0.990467719 0.000000000
0.135155139 0.990824449 0.000000000
0.144563842 0.989495475 0.000000000
0.118898193 0.992906451 0.000000000
0.125734233 0.992063961 0.000000000
0.132564309 0.991174406 0.000000000
0.139388095 0.990237830 0.000000000
0.040096983 0.999195793 0.000000000
0.037689473 0.999289499 0.000000000
0.038893256 0.999243371 0.000000000
0.044645477 0.999002894 0.000000000
0.049193046 0.998789289 0.000000000
0.022124688 0.999755219 0.000000000
0.021670604 0.999765165 0.000000000
0.023032842 0.999734709 0.000000000
0.022578767 0.999745067 0.000000000
0.022124688 0.999755219 0.000000000
0.022124688 0.999755219 0.000000000
0.021670604 0.999765165 0.000000000
0.199645865 0.979868118 0.000000000
0.210167619 0.977665368 0.000000000
0.227637712 0.973745897 0.000000000
0.238092036 0.971242597 0.000000000
0.224152833 0.974554004 0.000000000
0.220665085 0.975349640 0.000000000
0.231137052 0.972921201 0.000000000
0.203180147 0.979141373 0.000000000
0.198953806 0.980008869 0.000000000
0.192926290 0.981213252 0.000000000
0.215201417 0.976569685 0.000000000
0.210986059 0.977489070 0.000000000
0.204973804 0.978767459 0.000000000
0.194723761 0.980858123 0.000000000
0.190490091 0.981689118 0.000000000
0.184452407 0.982841447 0.000000000
0.579251235 0.815149071 0.000000000
0.583788347 0.811905885 0.000000000
0.573590815 0.819141976 0.000000000
0.580972800 0.813922972 0.000000000
0.588307302 0.808637446 0.000000000
0.598577538 0.801064873 0.000000000
0.597128190 0.802145825 0.000000000
0.595597592 0.803282957 0.000000000
0.595637242 0.803253557 0.000000000
0.595676890 0.803224155 0.000000000
0.089456467 0.995990733 0.000000000
0.081121352 0.996704232 0.000000000
0.086654059 0.996238462 0.000000000
0.078391129 0.996922681 0.000000000
0.075586143 0.997139276 0.000000000
0.072780559 0.997347978 0.000000000
0.069974399 0.997548787 0.000000000
0.134282696 0.990943065 0.000000000
0.124648957 0.992200906 0.000000000
0.129619832 0.991563765 0.000000000
0.124343802 0.992239194 0.000000000
0.119674951 0.992813127 0.000000000
0.115003452 0.993365092 0.000000000
0.110329409 0.993895076 0.000000000
0.183204767 0.983074775 0.000000000
0.187444483 0.982275199 0.000000000
0.174715183 0.984619015 0.000000000
0.178961641 0.983856052 0.000000000
0.173465294 0.984839983 0.000000000
0.163708826 0.986508703 0.000000000
0.167963539 0.985793208 0.000000000
0.590920688 0.806729658 0.000000000
0.611273123 0.791419717 0.000000000
0.598590175 0.801055430 0.000000000
0.616316124 0.787498848 0.000000000
0.623800989 0.781583217 0.000000000
0.631229078 0.775596449 0.000000000
0.638599713 0.769539087 0.000000000
0.519211324 0.854645892 0.000000000
0.539131282 0.842221741 0.000000000
0.510799410 0.859699926 0.000000000
0.530840331 0.847471854 0.000000000
0.534992247 0.844856968 0.000000000
0.558754090 0.829333387 0.000000000
0.578068933 0.815987934 0.000000000
0.648614957 0.761116704 0.000000000
0.648070124 0.761580668 0.000000000
0.649159459 0.760652350 0.000000000
0.656411477 0.754403057 0.000000000
0.663603338 0.748084628 0.000000000
0.718340888 0.695691288 0.000000000
0.724514531 0.689259526 0.000000000
0.716733069 0.697347623 0.000000000
0.739352644 0.673318399 0.000000000
0.747527543 0.664230813 0.000000000
0.722672679 0.691190422 0.000000000
0.731067277 0.682305383 0.000000000
0.736233298 0.676727812 0.000000000
0.733098229 0.680122773 0.000000000
0.741356766 0.671111128 0.000000000
0.289209106 0.957265947 0.000000000
0.300077350 0.953914873 0.000000000
0.292273625 0.956334737 0.000000000
0.301604601 0.953433094 0.000000000
0.310906779 0.950440411 0.000000000
0.632643933 0.774442803 0.000000000
0.629332486 0.777136167 0.000000000
0.626994390 0.779023771 0.000000000
0.637286810 0.770626707 0.000000000
0.633991610 0.773339924 0.000000000
0.631664900 0.775241546 0.000000000
0.626009573 0.779815372 0.000000000
0.622675255 0.782480369 0.000000000
0.620321129 0.784347944 0.000000000
0.662402113 0.749148477 0.000000000
0.661036198 0.750354013 0.000000000
0.665127342 0.746729950 0.000000000
0.663765829 0.747940455 0.000000000
0.668981316 0.743279220 0.000000000
0.675508517 0.737352184 0.000000000
0.674164071 0.738581617 0.000000000
0.423529431 0.905882344 0.000000000
0.426257332 0.904601949 0.000000000
0.412305085 0.911045837 0.000000000
0.420660991 0.907217907 0.000000000
0.428981362 0.903313340 0.000000000
0.499338831 0.866406794 0.000000000
0.494852026 0.868977257 0.000000000
0.507659678 0.861557689 0.000000000
0.473475229 0.880807134 0.000000000
0.468914307 0.883243665 0.000000000
0.481935959 0.876206443 0.000000000
0.490351990 0.871524484 0.000000000
0.485838842 0.874048408 0.000000000
0.498722540 0.866761691 0.000000000
0.451880912 0.892078271 0.000000000
0.465517021 0.885038927 0.000000000
0.453702144 0.891153390 0.000000000
0.475453531 0.879740837 0.000000000
0.477249512 0.878767832 0.000000000
0.479043503 0.877791161 0.000000000
0.480835494 0.876810828 0.000000000
0.686909961 0.726742531 0.000000000
0.677252604 0.735750576 0.000000000
0.683831983 0.729639514 0.000000000
0.673748122 0.738961073 0.000000000
0.663930554 0.747794236 0.000000000
0.670618616 0.741802313 0.000000000
0.667477128 0.744630300 0.000000000
0.657585237 0.753380153 0.000000000
0.664323714 0.747444983 0.000000000
0.715186187 0.698933987 0.000000000
0.724203288 0.689586541 0.000000000
0.718939859 0.695072284 0.000000000
0.057504389 0.998345254 0.000000000
0.057452061 0.998348266 0.000000000
0.048879444 0.998804686 0.000000000
0.048827092 0.998807246 0.000000000
0.053140072 0.998587068 0.000000000
0.057399734 0.998351276 0.000000000
0.057347406 0.998354283 0.000000000
0.451565971 0.892237734 0.000000000
0.436889180 0.899515338 0.000000000
0.454612871 0.890689136 0.000000000
0.415888396 0.909415660 0.000000000
0.400934992 0.916106507 0.000000000
0.418994215 0.907988903 0.000000000
0.422095141 0.906551539 0.000000000
0.407187822 0.913344446 0.000000000
0.425191135 0.905103585 0.000000000
0.441402544 0.897309196 0.000000000
0.426150045 0.904652497 0.000000000
0.426150045 0.904652497 0.000000000
0.441402544 0.897309196 0.000000000
0.426150045 0.904652497 0.000000000
0.426150045 0.904652497 0.000000000
0.410775426 0.911736557 0.000000000
0.395283094 0.918559348 0.000000000
0.395283094 0.918559348 0.000000000
0.439905440 0.898044099 0.000000000
0.423399414 0.905943120 0.000000000
0.424909716 0.905235734 0.000000000
0.436907563 0.899506410 0.000000000
0.420375283 0.907350330 0.000000000
0.421887935 0.906647986 0.000000000
0.406751616 0.913538791 0.000000000
0.389967620 0.920828570 0.000000000
0.391502794 0.920176919 0.000000000
0.621890151 0.783104489 0.000000000
0.627973772 0.778234503 0.000000000
0.609609982 0.792701501 0.000000000
0.615768763 0.787926919 0.000000000
0.612921880 0.790143512 0.000000000
0.603873942 0.797079834 0.000000000
0.610067017 0.792349818 0.000000000
0.402408120 0.915460379 0.000000000
0.419745076 0.907642039 0.000000000
0.423717286 0.905794492 0.000000000
0.430335275 0.902669126 0.000000000
0.436930212 0.899495408 0.000000000
0.272508742 0.962153307 0.000000000
0.260600299 0.965446780 0.000000000
0.263564351 0.964641816 0.000000000
0.266593298 0.963809117 0.000000000
0.254664849 0.967029376 0.000000000
0.257633789 0.966242636 0.000000000
0.248652074 0.968592869 0.000000000
0.236665890 0.971591095 0.000000000
0.239648926 0.970859615 0.000000000
0.159964330 0.987122795 0.000000000
0.162561896 0.986698348 0.000000000
0.148914667 0.988850050 0.000000000
0.157041812 0.987591955 0.000000000
0.165158336 0.986267065 0.000000000
0.075486710 0.997146808 0.000000000
0.077349793 0.997004017 0.000000000
0.067262890 0.997735287 0.000000000
0.095639020 0.995416083 0.000000000
0.097498833 0.995235639 0.000000000
0.087428784 0.996170772 0.000000000
0.079212605 0.996857745 0.000000000
0.081075141 0.996707992 0.000000000
0.070991042 0.997476953 0.000000000
0.636443191 0.771323580 0.000000000
0.628391392 0.777897331 0.000000000
0.628269631 0.777995675 0.000000000
0.636684609 0.771124314 0.000000000
0.628634869 0.777700586 0.000000000
0.628513139 0.777798968 0.000000000
0.620271699 0.784387034 0.000000000
0.612084988 0.790791987 0.000000000
0.611961209 0.790887779 0.000000000
0.565740283 0.824583490 0.000000000
0.542630363 0.839971600 0.000000000
0.569524448 0.821974393 0.000000000
0.511223048 0.859448076 0.000000000
0.515168041 0.857089196 0.000000000
0.519102150 0.854712208 0.000000000
0.523025292 0.852317162 0.000000000
0.067629919 0.997710476 0.000000000
0.059810637 0.998209741 0.000000000
0.065038189 0.997882776 0.000000000
0.057174835 0.998364181 0.000000000
0.054581443 0.998509322 0.000000000
0.051987683 0.998647726 0.000000000
0.049393572 0.998779393 0.000000000
0.070916842 0.997482231 0.000000000
0.062569898 0.998040584 0.000000000
0.079258823 0.996854071 0.000000000
0.071859221 0.997414784 0.000000000
0.064455663 0.997920572 0.000000000
0.244802556 0.969572952 0.000000000
0.237072581 0.971491941 0.000000000
0.250819198 0.968033951 0.000000000
0.217220481 0.976122565 0.000000000
0.223278330 0.974754732 0.000000000
0.229327568 0.973349304 0.000000000
0.235367960 0.971906335 0.000000000
0.181553603 0.983381050 0.000000000
0.173460014 0.984840913 0.000000000
0.171507051 0.985182892 0.000000000
0.185451623 0.982653395 0.000000000
0.177363887 0.984145341 0.000000000
0.175412295 0.984495062 0.000000000
0.165354693 0.986234164 0.000000000
0.157238188 0.987560708 0.000000000
0.155279864 0.987870520 0.000000000
0.606171436 0.795334012 0.000000000
0.596902275 0.802313950 0.000000000
0.601546979 0.798837425 0.000000000
0.601524697 0.798854204 0.000000000
0.596857516 0.802347247 0.000000000
0.635714116 0.771924583 0.000000000
0.628983707 0.777418482 0.000000000
0.622205821 0.782853701 0.000000000
0.622205821 0.782853701 0.000000000
0.622205821 0.782853701 0.000000000
0.620586297 0.784138157 0.000000000
0.625075363 0.780564405 0.000000000
0.618175234 0.786040317 0.000000000
0.623876044 0.781523308 0.000000000
0.629543850 0.776964955 0.000000000
0.669266432 0.743022505 0.000000000
0.674179710 0.738567342 0.000000000
0.679020519 0.734119292 0.000000000
0.251131733 0.967952919 0.000000000
0.258497545 0.966011915 0.000000000
0.272863798 0.962052674 0.000000000
0.280184036 0.959946304 0.000000000
0.269357865 0.963040155 0.000000000
0.265848359 0.964014860 0.000000000
0.273183747 0.961961871 0.000000000
0.635995386 0.771692859 0.000000000
0.631666444 0.775240287 0.000000000
0.627956045 0.778248807 0.000000000
0.643338772 0.765581625 0.000000000
0.639043918 0.769170248 0.000000000
0.635362430 0.772214078 0.000000000
0.627317716 0.778763433 0.000000000
0.622949337 0.782262184 0.000000000
0.619205494 0.785228983 0.000000000
0.621805803 0.783171465 0.000000000
0.632051234 0.774926601 0.000000000
0.600994112 0.799253450 0.000000000
0.611452832 0.791280882 0.000000000
0.611452832 0.791280882 0.000000000
0.600994112 0.799253450 0.000000000
0.611452832 0.791280882 0.000000000
0.611452832 0.791280882 0.000000000
0.620434165 0.784258533 0.000000000
0.632051234 0.774926601 0.000000000
0.640844781 0.767670481 0.000000000
0.630694011 0.776031613 0.000000000
0.629334856 0.777134248 0.000000000
0.638153747 0.769908953 0.000000000
0.600082193 0.799938348 0.000000000
0.600082193 0.799938348 0.000000000
0.596219060 0.802821794 0.000000000
0.596219060 0.802821794 0.000000000
0.598152364 0.801382399 0.000000000
0.600082193 0.799938348 0.000000000
0.600082193 0.799938348 0.000000000
0.613248158 0.789890307 0.000000000
0.616967515 0.786988618 0.000000000
0.609515153 0.792774418 0.000000000
0.613248158 0.789890307 0.000000000
0.616967515 0.786988618 0.000000000
0.388256177 0.921551486 0.000000000
0.395370741 0.918521626 0.000000000
0.406143340 0.913809382 0.000000000
0.327875808 0.944720834 0.000000000
0.332290187 0.943177200 0.000000000
0.318996610 0.947755856 0.000000000
0.354308431 0.935128620 0.000000000
0.345518077 0.938412094 0.000000000
0.336697299 0.941612940 0.000000000
0.327846875 0.944730875 0.000000000
0.067220559 0.997738140 0.000000000
0.075564810 0.997140892 0.000000000
0.078401302 0.996921881 0.000000000
0.086738333 0.996231129 0.000000000
0.081152846 0.996701668 0.000000000
0.083903773 0.996473862 0.000000000
0.092236863 0.995737094 0.000000000
0.132537954 0.991177931 0.000000000
0.136638394 0.990620992 0.000000000
0.140896790 0.990024290 0.000000000
0.124009023 0.992281090 0.000000000
0.128114100 0.991759435 0.000000000
0.132377471 0.991199377 0.000000000
0.140736493 0.990047090 0.000000000
0.144832182 0.989456234 0.000000000
0.149085495 0.988824310 0.000000000
0.021670604 0.999765165 0.000000000
0.021670604 0.999765165 0.000000000
0.021670604 0.999765165 0.000000000
0.021670604 0.999765165 0.000000000
0.021670604 0.999765165 0.000000000
0.021670604 0.999765165 0.000000000
0.021670604 0.999765165 0.000000000
0.021670604 0.999765165 0.000000000
0.021670604 0.999765165 0.000000000
0.021670604 0.999765165 0.000000000
0.027257540 0.999628444 0.000000000
0.029369712 0.999568617 0.000000000
0.025145247 0.999683808 0.000000000
0.024691195 0.999695126 0.000000000
0.024237138 0.999706237 0.000000000
0.061287577 0.998120150 0.000000000
0.071305030 0.997454557 0.000000000
0.073970082 0.997260461 0.000000000
0.083978266 0.996467586 0.000000000
0.077643216 0.996981209 0.000000000
0.081315297 0.996688428 0.000000000
0.091317367 0.995821841 0.000000000
0.271042143 0.962567482 0.000000000
0.273603931 0.961842445 0.000000000
0.272323278 0.962205816 0.000000000
0.258187478 0.966094833 0.000000000
0.245286936 0.969450524 0.000000000
0.242713188 0.970098092 0.000000000
0.239698449 0.970847389 0.000000000
0.252740929 0.967533991 0.000000000
0.216519455 0.976278303 0.000000000
0.226612565 0.973984982 0.000000000
0.236681398 0.971587318 0.000000000
0.246724875 0.969085567 0.000000000
0.300020787 0.953932664 0.000000000
0.284387686 0.958709364 0.000000000
0.292213997 0.956352958 0.000000000
0.293307686 0.956018097 0.000000000
0.286580091 0.958056288 0.000000000
0.234716292 0.972063919 0.000000000
0.224642029 0.974441357 0.000000000
0.233714364 0.972305300 0.000000000
0.216556432 0.976270102 0.000000000
0.215550179 0.976492765 0.000000000
0.214543696 0.976714391 0.000000000
0.213536986 0.976934980 0.000000000
0.197484783 0.980305952 0.000000000
0.181528005 0.983385775 0.000000000
0.189512651 0.981878279 0.000000000
0.199517752 0.979894212 0.000000000
0.201549862 0.979478256 0.000000000
0.154903483 0.987929608 0.000000000
0.163429103 0.986555081 0.000000000
0.149735685 0.988726061 0.000000000
0.160849289 0.986978980 0.000000000
0.171942536 0.985106981 0.000000000
0.152696687 0.988273101 0.000000000
0.150112467 0.988668927 0.000000000
0.160819205 0.986983882 0.000000000
0.590572994 0.806984225 0.000000000
0.564569988 0.825385200 0.000000000
0.577644766 0.816288260 0.000000000
0.564214257 0.825628410 0.000000000
0.537267389 0.843411971 0.000000000
0.644061253 0.764973923 0.000000000
0.624371649 0.781127418 0.000000000
0.615558713 0.788091030 0.000000000
0.595289655 0.803511186 0.000000000
0.609933343 0.792452723 0.000000000
0.604277068 0.796774262 0.000000000
0.583790543 0.811904306 0.000000000
0.105457191 0.994423844 0.000000000
0.113364566 0.993553459 0.000000000
0.102901182 0.994691584 0.000000000
0.126365199 0.991983788 0.000000000
0.123815391 0.992305270 0.000000000
0.121264766 0.992620198 0.000000000
0.118713340 0.992928569 0.000000000
0.137119371 0.990554531 0.000000000
0.139664635 0.990198864 0.000000000
0.158093881 0.987424086 0.000000000
0.150156274 0.988662275 0.000000000
0.142208977 0.989836657 0.000000000
0.299561572 0.954076970 0.000000000
0.306454517 0.951885302 0.000000000
0.288981850 0.957334576 0.000000000
0.295898634 0.955219346 0.000000000
0.301181189 0.953566931 0.000000000
0.313331430 0.949643836 0.000000000
0.320191951 0.947352687 0.000000000
0.603088004 0.797674658 0.000000000
0.602008657 0.798489560 0.000000000
0.604989401 0.796233524 0.000000000
0.597107382 0.802161314 0.000000000
0.596021973 0.802968124 0.000000000
0.599019500 0.800734437 0.000000000
0.600928209 0.799303001 0.000000000
0.599846661 0.800114981 0.000000000
0.602833497 0.797867016 0.000000000
0.630255272 0.776387978 0.000000000
0.625179044 0.780481367 0.000000000
0.635304699 0.772261574 0.000000000
0.633423635 0.773805207 0.000000000
0.631538820 0.775344259 0.000000000
0.126696357 0.991941547 0.000000000
0.132405855 0.991195586 0.000000000
0.122121419 0.992515168 0.000000000
0.147238115 0.989101075 0.000000000
0.142676056 0.989769439 0.000000000
0.138110964 0.990416762 0.000000000
0.133542935 0.991043029 0.000000000
0.090914755 0.995858678 0.000000000
0.083961609 0.996468990 0.000000000
0.071382775 0.997448996 0.000000000
0.074193868 0.997243837 0.000000000
0.077004372 0.997030755 0.000000000
0.592592896 0.805502117 0.000000000
0.589552744 0.807729882 0.000000000
0.589244353 0.807954883 0.000000000
0.586194981 0.810170010 0.000000000
0.587875129 0.808951688 0.000000000
0.586504218 0.809946172 0.000000000
0.583447361 0.812150957 0.000000000
0.576555141 0.817058241 0.000000000
0.573721793 0.819050246 0.000000000
0.565444393 0.824786420 0.000000000
0.568166078 0.822913913 0.000000000
0.570881562 0.821032425 0.000000000
0.021670604 0.999765165 0.000000000
0.021670604 0.999765165 0.000000000
0.021670604 0.999765165 0.000000000
0.021670604 0.999765165 0.000000000
0.021670604 0.999765165 0.000000000
0.021670604 0.999765165 0.000000000
0.021670604 0.999765165 0.000000000
0.021670604 0.999765165 0.000000000
0.021670604 0.999765165 0.000000000
0.163627093 0.986522263 0.000000000
0.152518292 0.988300648 0.000000000
0.158116098 0.987420528 0.000000000
0.420582523 0.907254287 0.000000000
0.429789900 0.902928924 0.000000000
0.439961421 0.898016675 0.000000000
0.383151766 0.923685403 0.000000000
0.368056113 0.929803580 0.000000000
0.366017526 0.930607957 0.000000000
0.359449097 0.933164694 0.000000000
0.352862810 0.935675070 0.000000000
0.648634077 0.761100410 0.000000000
0.654828348 0.755777636 0.000000000
0.648634077 0.761100410 0.000000000
0.660978942 0.750404450 0.000000000
0.660978942 0.750404450 0.000000000
0.660978942 0.750404450 0.000000000
0.660978942 0.750404450 0.000000000
0.705982835 0.708228944 0.000000000
0.696127191 0.717918473 0.000000000
0.703479442 0.710715607 0.000000000
0.693589670 0.720370301 0.000000000
0.694859512 0.719145506 0.000000000
0.686138572 0.727470865 0.000000000
0.676018887 0.736884296 0.000000000
0.705137401 0.709070692 0.000000000
0.704205919 0.709995791 0.000000000
0.693609470 0.720351236 0.000000000
0.181651330 0.983363002 0.000000000
0.184548708 0.982823369 0.000000000
0.174811658 0.984601891 0.000000000
0.168991032 0.985617589 0.000000000
0.176015379 0.984387417 0.000000000
0.191930984 0.981408425 0.000000000
0.198924732 0.980014771 0.000000000
0.187482804 0.982267885 0.000000000
0.183030775 0.983107184 0.000000000
0.190036863 0.981776956 0.000000000
0.447873261 0.894097054 0.000000000
0.444398050 0.895829433 0.000000000
0.446136496 0.894964930 0.000000000
0.461269190 0.887260241 0.000000000
0.474560783 0.880222735 0.000000000
0.427805758 0.903870695 0.000000000
0.439011954 0.898481221 0.000000000
0.416533413 0.909120408 0.000000000
0.426837848 0.904328177 0.000000000
0.437087158 0.899419155 0.000000000
0.676334422 0.736594698 0.000000000
0.682524442 0.730862769 0.000000000
0.677494180 0.735528134 0.000000000
0.686377564 0.727245378 0.000000000
0.692488353 0.721429055 0.000000000
0.687522578 0.726163002 0.000000000
0.688665885 0.725078823 0.000000000
0.694758315 0.719243272 0.000000000
0.689807482 0.723992843 0.000000000
0.027119360 0.999632203 0.000000000
0.028145872 0.999603826 0.000000000
0.023486935 0.999724144 0.000000000
0.024513543 0.999699498 0.000000000
0.026329751 0.999653312 0.000000000
0.029172353 0.999574396 0.000000000
0.030198804 0.999543912 0.000000000
0.433063067 0.901363622 0.000000000
0.450828974 0.892610349 0.000000000
0.415127293 0.909763338 0.000000000
0.420425090 0.907327253 0.000000000
0.425708593 0.904860317 0.000000000
0.508707737 0.860939277 0.000000000
0.535463520 0.844558357 0.000000000
0.508707737 0.860939277 0.000000000
0.535463520 0.844558357 0.000000000
0.535463520 0.844558357 0.000000000
0.561692297 0.827346217 0.000000000
0.587368253 0.809319798 0.000000000
0.176912198 0.984226638 0.000000000
0.173008006 0.984920418 0.000000000
0.174960446 0.984575463 0.000000000
0.168359434 0.985725672 0.000000000
0.159793977 0.987150386 0.000000000
0.270486369 0.962723805 0.000000000
0.272448069 0.962170489 0.000000000
0.266559604 0.963818436 0.000000000
0.268523544 0.963273121 0.000000000
0.259602682 0.965715511 0.000000000
0.248685921 0.968584179 0.000000000
0.250659612 0.968075286 0.000000000
0.424909716 0.905235734 0.000000000
0.409525402 0.912298715 0.000000000
0.391502794 0.920176919 0.000000000
0.375870349 0.926672262 0.000000000
0.392763633 0.919639456 0.000000000
0.394023734 0.919100265 0.000000000
0.378409153 0.925638435 0.000000000
0.568662797 0.822570741 0.000000000
0.542505954 0.840051957 0.000000000
0.565330065 0.824864788 0.000000000
0.522727548 0.852499801 0.000000000
0.495651966 0.868521231 0.000000000
0.519274101 0.854607751 0.000000000
0.515812153 0.856701712 0.000000000
0.488607814 0.872503527 0.000000000
0.512341761 0.858781649 0.000000000
0.263564351 0.964641816 0.000000000
0.259322251 0.965790852 0.000000000
0.239648926 0.970859615 0.000000000
0.235379730 0.971903484 0.000000000
0.247369872 0.968921125 0.000000000
0.255075141 0.966921234 0.000000000
0.250823105 0.968032938 0.000000000
0.391502794 0.920176919 0.000000000
0.391502794 0.920176919 0.000000000
0.374599886 0.927186564 0.000000000
0.424909716 0.905235734 0.000000000
0.408274609 0.912859159 0.000000000
0.391502794 0.920176919 0.000000000
0.374599886 0.927186564 0.000000000
0.144634039 0.989485217 0.000000000
0.147878721 0.989005502 0.000000000
0.138140040 0.990412707 0.000000000
0.141387800 0.989954287 0.000000000
0.152895189 0.988242410 0.000000000
0.161145669 0.986930632 0.000000000
0.164381885 0.986396774 0.000000000
0.217311715 0.976102258 0.000000000
0.205705767 0.978613886 0.000000000
0.219478435 0.975617352 0.000000000
0.189712705 0.981839645 0.000000000
0.178040576 0.984023147 0.000000000
0.191892233 0.981416003 0.000000000
0.194070814 0.980987523 0.000000000
0.182408495 0.983222834 0.000000000
0.196248438 0.980554206 0.000000000
0.508384490 0.861130194 0.000000000
0.489950277 0.871750381 0.000000000
0.492883690 0.870095206 0.000000000
0.474262268 0.880383610 0.000000000
0.482125597 0.876102111 0.000000000
0.471294308 0.881976006 0.000000000
0.452425027 0.891802442 0.000000000
0.628622617 0.777710490 0.000000000
0.621888093 0.783106123 0.000000000
0.616988415 0.786972233 0.000000000
0.610174401 0.792267127 0.000000000
0.616048276 0.787708399 0.000000000
0.615107259 0.788443441 0.000000000
0.608280620 0.793722047 0.000000000
0.616880345 0.787056948 0.000000000
0.615671067 0.788003260 0.000000000
0.606989603 0.794709772 0.000000000
0.605768585 0.795640887 0.000000000
0.610731765 0.791837553 0.000000000
0.614460337 0.788947714 0.000000000
0.613248158 0.789890307 0.000000000
0.432247340 0.901755087 0.000000000
0.414427996 0.910082104 0.000000000
0.417616765 0.908623265 0.000000000
0.425912513 0.904764351 0.000000000
0.408035208 0.912966193 0.000000000
0.411234130 0.911529753 0.000000000
0.396448322 0.918057039 0.000000000
0.378315276 0.925676808 0.000000000
0.381558952 0.924344506 0.000000000
0.300115932 0.953902735 0.000000000
0.289074071 0.957306733 0.000000000
0.289096318 0.957300015 0.000000000
0.300071595 0.953916683 0.000000000
0.289029576 0.957320168 0.000000000
0.289051823 0.957313451 0.000000000
0.277993615 0.960582922 0.000000000
0.266876045 0.963730863 0.000000000
0.266898442 0.963724661 0.000000000
0.111516340 0.993762600 0.000000000
0.114191724 0.993458731 0.000000000
0.108840147 0.994059265 0.000000000
0.120001407 0.992773722 0.000000000
0.131147519 0.991362864 0.000000000
0.058345091 0.998296474 0.000000000
0.052837233 0.998603138 0.000000000
0.059892905 0.998204809 0.000000000
0.044229968 0.999021376 0.000000000
0.038718325 0.999250165 0.000000000
0.045778922 0.998951596 0.000000000
0.047327766 0.998879413 0.000000000
0.041816859 0.999125293 0.000000000
0.048876497 0.998804830 0.000000000
0.642844773 0.765996474 0.000000000
0.625029737 0.780600940 0.000000000
0.624359796 0.781136893 0.000000000
0.644158189 0.764892298 0.000000000
0.626368239 0.779527312 0.000000000
0.625699218 0.780064413 0.000000000
0.606883019 0.794791169 0.000000000
0.588414248 0.808559628 0.000000000
0.587720333 0.809064157 0.000000000
0.632814297 0.774303600 0.000000000
0.629691180 0.776845556 0.000000000
0.639095394 0.769127478 0.000000000
0.613788597 0.789470429 0.000000000
0.610604560 0.791935648 0.000000000
0.620193767 0.784448654 0.000000000
0.626557853 0.779374914 0.000000000
0.623414365 0.781891635 0.000000000
0.632880432 0.774249545 0.000000000
0.029369790 0.999568615 0.000000000
0.029823792 0.999555172 0.000000000
0.025757220 0.999668228 0.000000000
0.037501511 0.999296571 0.000000000
0.033889871 0.999425573 0.000000000
0.030277789 0.999541523 0.000000000
0.026665311 0.999644417 0.000000000
0.021670604 0.999765165 0.000000000
0.021670604 0.999765165 0.000000000
0.021670604 0.999765165 0.000000000
0.021670604 0.999765165 0.000000000
0.021670604 0.999765165 0.000000000
0.021670604 0.999765165 0.000000000
0.021670604 0.999765165 0.000000000
0.548696531 0.836021601 0.000000000
0.549611772 0.835420194 0.000000000
0.535011703 0.844844647 0.000000000
0.577415841 0.816450211 0.000000000
0.564045867 0.825743459 0.000000000
0.550526353 0.834817785 0.000000000
0.536860883 0.843670784 0.000000000
0.521290597 0.853379232 0.000000000
0.543703969 0.839277066 0.000000000
0.575010582 0.818145971 0.000000000
0.570382421 0.821379263 0.000000000
0.565736079 0.824586374 0.000000000
0.599316811 0.800511936 0.000000000
0.599361039 0.800478822 0.000000000
0.594148976 0.804355017 0.000000000
0.609665291 0.792658964 0.000000000
0.609709085 0.792625278 0.000000000
0.604547815 0.796568854 0.000000000
0.599405266 0.800445705 0.000000000
0.599449490 0.800412586 0.000000000
0.594237855 0.804289358 0.000000000
0.610731765 0.791837553 0.000000000
0.606989603 0.794709772 0.000000000
0.614460337 0.788947714 0.000000000
0.615671067 0.788003260 0.000000000
0.616880345 0.787056948 0.000000000
0.087602229 0.996155535 0.000000000
0.096632497 0.995320130 0.000000000
0.089343123 0.996000907 0.000000000
0.102178248 0.994766106 0.000000000
0.111195317 0.993798572 0.000000000
0.103916692 0.994586005 0.000000000
0.105654818 0.994402866 0.000000000
0.114668449 0.993403819 0.000000000
0.107392621 0.994216689 0.000000000
0.105457191 0.994423844 0.000000000
0.108134377 0.994136287 0.000000000
0.126365199 0.991983788 0.000000000
0.118591627 0.992943113 0.000000000
0.110810780 0.993841522 0.000000000
0.623387834 0.781912788 0.000000000
0.623387834 0.781912788 0.000000000
0.636102773 0.771604343 0.000000000
0.629766396 0.776784582 0.000000000
0.623387834 0.781912788 0.000000000
0.642396541 0.766372418 0.000000000
0.648634077 0.761100410 0.000000000
0.642396541 0.766372418 0.000000000
0.648634077 0.761100410 0.000000000
0.654828348 0.755777636 0.000000000
0.160819205 0.986983882 0.000000000
0.152696687 0.988273101 0.000000000
0.150112467 0.988668927 0.000000000
0.256652449 0.966503761 0.000000000
0.255653751 0.966768410 0.000000000
0.234627390 0.972085381 0.000000000
0.233622938 0.972327272 0.000000000
0.244654133 0.969610414 0.000000000
0.254654781 0.967032028 0.000000000
0.253655538 0.967294613 0.000000000
0.612771750 0.790259946 0.000000000
0.613839957 0.789430495 0.000000000
0.610631975 0.791914510 0.000000000
0.611702422 0.791087951 0.000000000
0.620495121 0.784210307 0.000000000
0.628158770 0.778085188 0.000000000
0.629210498 0.777234938 0.000000000
0.608640339 0.793446241 0.000000000
0.603153897 0.797624834 0.000000000
0.614097832 0.789229911 0.000000000
0.605735720 0.795665908 0.000000000
0.597306161 0.802013310 0.000000000
0.384013155 0.923327622 0.000000000
0.375465295 0.926836454 0.000000000
0.392528228 0.919739958 0.000000000
0.401864069 0.915699334 0.000000000
0.411158323 0.911563949 0.000000000
0.642396541 0.766372418 0.000000000
0.635714116 0.771924583 0.000000000
0.642396541 0.766372418 0.000000000
0.635714116 0.771924583 0.000000000
0.635714116 0.771924583 0.000000000
0.628983707 0.777418482 0.000000000
0.622205821 0.782853701 0.000000000
0.355235396 0.934776879 0.000000000
0.360119120 0.932906329 0.000000000
0.350341957 0.936621863 0.000000000
0.363425860 0.931623123 0.000000000
0.376438469 0.926441622 0.000000000
0.596085982 0.802920608 0.000000000
0.598849489 0.800861592 0.000000000
0.600037995 0.799971502 0.000000000
0.602791316 0.797898885 0.000000000
0.600822228 0.799382668 0.000000000
0.601605884 0.798793065 0.000000000
0.604355134 0.796715050 0.000000000
0.611177278 0.791493736 0.000000000
0.605774868 0.795636103 0.000000000
0.616551364 0.787314687 0.000000000
0.611812258 0.791003009 0.000000000
0.607051089 0.794662806 0.000000000
0.102901182 0.994691584 0.000000000
0.102901182 0.994691584 0.000000000
0.110810767 0.993841524 0.000000000
0.100319301 0.994955294 0.000000000
0.096699620 0.995313611 0.000000000
0.082016784 0.996630948 0.000000000
0.078391129 0.996922681 0.000000000
0.087549071 0.996160208 0.000000000
0.093078659 0.995658758 0.000000000
0.089456467 0.995990733 0.000000000
0.637649783 0.770326395 0.000000000
0.630109524 0.776506270 0.000000000
0.645884472 0.763435164 0.000000000
0.638411005 0.769695646 0.000000000
0.634269406 0.773112101 0.000000000
0.622509377 0.782612341 0.000000000
0.614850062 0.788644027 0.000000000
0.588841971 0.808248188 0.000000000
0.601640720 0.798766827 0.000000000
0.575893831 0.817524492 0.000000000
0.560669826 0.828039459 0.000000000
0.545253885 0.838270959 0.000000000
0.023486924 0.999724144 0.000000000
0.024395055 0.999702396 0.000000000
0.022578773 0.999745067 0.000000000
0.022578773 0.999745067 0.000000000
0.022578773 0.999745067 0.000000000
0.598385847 0.801208074 0.000000000
0.601313551 0.799013150 0.000000000
0.596215030 0.802824786 0.000000000
0.599148665 0.800637794 0.000000000
0.600231658 0.799826204 0.000000000
0.604233204 0.796807527 0.000000000
0.607144768 0.794591235 0.000000000
0.621873469 0.783117736 0.000000000
0.615953262 0.787782698 0.000000000
0.633607563 0.773654611 0.000000000
0.627758348 0.778408284 0.000000000
0.626655005 0.779296801 0.000000000
0.631413065 0.775446672 0.000000000
0.625550405 0.780183754 0.000000000
0.311317499 0.950305958 0.000000000
0.315758178 0.948839698 0.000000000
0.303618006 0.952793843 0.000000000
0.100178137 0.994969518 0.000000000
0.111054316 0.993814338 0.000000000
0.089289973 0.996005673 0.000000000
0.094818677 0.995494560 0.000000000
0.100344457 0.994952758 0.000000000
0.118192579 0.992990692 0.000000000
0.123908260 0.992293678 0.000000000
0.114261889 0.993450663 0.000000000
0.321027439 0.947069894 0.000000000
0.334343088 0.942451431 0.000000000
0.327693400 0.944784121 0.000000000
0.335422556 0.942067784 0.000000000
0.349739775 0.936846887 0.000000000
0.290827872 0.956775391 0.000000000
0.278839041 0.960337851 0.000000000
0.272721700 0.962092966 0.000000000
0.269765419 0.962926071 0.000000000
0.266806594 0.963750093 0.000000000
0.525656657 0.850696819 0.000000000
0.526112214 0.850415156 0.000000000
0.536429153 0.843945356 0.000000000
0.504783534 0.863245958 0.000000000
0.515717254 0.856758842 0.000000000
0.526567620 0.850133249 0.000000000
0.537332877 0.843370250 0.000000000
0.483453827 0.875369863 0.000000000
0.469062059 0.883165208 0.000000000
0.484913056 0.874562364 0.000000000
0.451571092 0.892235142 0.000000000
0.453058493 0.891480792 0.000000000
0.454544633 0.890723962 0.000000000
0.456029510 0.889964655 0.000000000
0.532749556 0.846272953 0.000000000
0.505088520 0.863067545 0.000000000
0.586369573 0.810043655 0.000000000
0.559852701 0.828592151 0.000000000
0.553936716 0.832558776 0.000000000
0.574771032 0.818314280 0.000000000
0.547992627 0.836483162 0.000000000
0.056274227 0.998415350 0.000000000
0.057945507 0.998319747 0.000000000
0.049927357 0.998752852 0.000000000
0.072300552 0.997382890 0.000000000
0.065959921 0.997822273 0.000000000
0.059616625 0.998221347 0.000000000
0.053270921 0.998580096 0.000000000
0.042504199 0.999096288 0.000000000
0.032843785 0.999460497 0.000000000
0.037674432 0.999290067 0.000000000
0.041581570 0.999135112 0.000000000
0.040658906 0.999173085 0.000000000
0.278503969 0.960435078 0.000000000
0.281984912 0.959418839 0.000000000
0.296084512 0.955161746 0.000000000
0.290777810 0.956790607 0.000000000
0.285462147 0.958389985 0.000000000
0.126696357 0.991941547 0.000000000
0.129245256 0.991612658 0.000000000
0.118956665 0.992899447 0.000000000
0.147238115 0.989101075 0.000000000
0.149779647 0.988719403 0.000000000
0.139519951 0.990219260 0.000000000
0.131793301 0.991277219 0.000000000
0.134340476 0.990935233 0.000000000
0.124058635 0.992274889 0.000000000
0.063173486 0.998002560 0.000000000
0.047527220 0.998869943 0.000000000
0.055352052 0.998466900 0.000000000
0.061308563 0.998118861 0.000000000
0.059443425 0.998231676 0.000000000
0.675834343 0.737053553 0.000000000
0.683874816 0.729599367 0.000000000
0.679047787 0.734094069 0.000000000
0.687055619 0.726604828 0.000000000
0.685466852 0.728103835 0.000000000
0.691833077 0.722057473 0.000000000
0.699708170 0.714428777 0.000000000
0.643321250 0.765596349 0.000000000
0.652070458 0.758158372 0.000000000
0.650718987 0.759318642 0.000000000
0.659395618 0.751796128 0.000000000
0.655740754 0.754986134 0.000000000
0.660733677 0.750620416 0.000000000
0.669309763 0.742983473 0.000000000
0.197752805 0.980251921 0.000000000
0.187026336 0.982354900 0.000000000
0.178305438 0.983975188 0.000000000
0.167539434 0.985865375 0.000000000
0.177291573 0.984158370 0.000000000
0.176277521 0.984340508 0.000000000
0.165507644 0.986208507 0.000000000
0.498104264 0.867117144 0.000000000
0.493843568 0.869550764 0.000000000
0.506589577 0.862187335 0.000000000
0.502352968 0.864662648 0.000000000
0.485301437 0.874346908 0.000000000
0.472393697 0.881387653 0.000000000
0.468063289 0.883694946 0.000000000
0.021670604 0.999765165 0.000000000
0.021670604 0.999765165 0.000000000
0.021670604 0.999765165 0.000000000
0.021670604 0.999765165 0.000000000
0.021670604 0.999765165 0.000000000
0.021670604 0.999765165 0.000000000
0.021670604 0.999765165 0.000000000
0.024395067 0.999702396 0.000000000
0.025757232 0.999668227 0.000000000
0.021670604 0.999765165 0.000000000
0.023032857 0.999734709 0.000000000
0.023032857 0.999734709 0.000000000
0.021670604 0.999765165 0.000000000
0.023032857 0.999734709 0.000000000
0.389799144 0.920899901 0.000000000
0.386809790 0.922159523 0.000000000
0.395765516 0.918351597 0.000000000
0.392784397 0.919630588 0.000000000
0.381809616 0.924240995 0.000000000
0.373791455 0.927512775 0.000000000
0.370780733 0.928720436 0.000000000
0.070393861 0.997519275 0.000000000
0.064801410 0.997898180 0.000000000
0.062381881 0.998052354 0.000000000
0.144155477 0.989555051 0.000000000
0.127435823 0.991846818 0.000000000
0.135800485 0.990736205 0.000000000
0.143478704 0.989653405 0.000000000
0.142801864 0.989751296 0.000000000
0.684854056 0.728680261 0.000000000
0.676018887 0.736884296 0.000000000
0.676018887 0.736884296 0.000000000
0.597635528 0.801767906 0.000000000
0.595970268 0.803006500 0.000000000
0.604348223 0.796720293 0.000000000
0.602693424 0.797972829 0.000000000
0.599337131 0.800496723 0.000000000
0.594302441 0.804241635 0.000000000
0.592632055 0.805473307 0.000000000
0.580699074 0.814118287 0.000000000
0.579319423 0.815100611 0.000000000
0.566840467 0.823827582 0.000000000
0.572402395 0.819972864 0.000000000
0.577938111 0.816080596 0.000000000
0.240226332 0.970716905 0.000000000
0.244966587 0.969531521 0.000000000
0.235480341 0.971879112 0.000000000
0.244975654 0.969529231 0.000000000
0.254447527 0.967086581 0.000000000
0.226474403 0.974017117 0.000000000
0.217386111 0.976085692 0.000000000
0.199866111 0.979823218 0.000000000
0.190724859 0.981643534 0.000000000
0.204074406 0.978955380 0.000000000
0.208278934 0.978069469 0.000000000
0.199153662 0.979968274 0.000000000
0.242994768 0.970027599 0.000000000
0.253226451 0.967407032 0.000000000
0.257189858 0.966360894 0.000000000
0.235034114 0.971987122 0.000000000
0.249258788 0.968436914 0.000000000
0.263429884 0.964678545 0.000000000
0.277544358 0.960712824 0.000000000
0.424909716 0.905235734 0.000000000
0.412487850 0.910963102 0.000000000
0.391502794 0.920176919 0.000000000
0.378879683 0.925445939 0.000000000
0.395750024 0.918358274 0.000000000
0.399988806 0.916520024 0.000000000
0.387414922 0.921905460 0.000000000
0.255379168 0.966840980 0.000000000
0.257657032 0.966236438 0.000000000
0.253099886 0.967440152 0.000000000
0.245386635 0.969425293 0.000000000
0.237657818 0.971348939 0.000000000
0.578068933 0.815987934 0.000000000
0.578068933 0.815987934 0.000000000
0.600994112 0.799253450 0.000000000
0.530840331 0.847471854 0.000000000
0.530840331 0.847471854 0.000000000
0.554678058 0.832065053 0.000000000
0.578068933 0.815987934 0.000000000
0.578068933 0.815987934 0.000000000
0.600994112 0.799253450 0.000000000
0.378796629 0.925479937 0.000000000
0.394310330 0.918977347 0.000000000
0.383013246 0.923742850 0.000000000
0.401375379 0.915913645 0.000000000
0.405548136 0.914073689 0.000000000
0.409712458 0.912214723 0.000000000
0.413868259 0.910336786 0.000000000
0.252655854 0.967556210 0.000000000
0.243662158 0.969860172 0.000000000
0.230607571 0.973046838 0.000000000
0.221563850 0.975145866 0.000000000
0.232628017 0.972565785 0.000000000
0.234647459 0.972080537 0.000000000
0.225612535 0.974217113 0.000000000
0.276109789 0.961126102 0.000000000
0.286262650 0.958151186 0.000000000
0.273822348 0.961780288 0.000000000
0.300924597 0.953647936 0.000000000
0.298654879 0.954361181 0.000000000
0.296383469 0.955069023 0.000000000
0.294110382 0.955771460 0.000000000
0.584444367 0.811433781 0.000000000
0.532412831 0.846484836 0.000000000
0.558703539 0.829367443 0.000000000
0.581512874 0.813537201 0.000000000
0.578573810 0.815630030 0.000000000
0.614965503 0.788554012 0.000000000
0.619626046 0.784897167 0.000000000
0.612788115 0.790247256 0.000000000
0.040550838 0.999177477 0.000000000
0.043146013 0.999068777 0.000000000
0.036939609 0.999317500 0.000000000
0.028270003 0.999600324 0.000000000
0.032336279 0.999477046 0.000000000
0.034202904 0.999414909 0.000000000
0.038268376 0.999267497 0.000000000
0.035302483 0.999376673 0.000000000
0.036402019 0.999337227 0.000000000
0.040467157 0.999180869 0.000000000
0.632818159 0.774300444 0.000000000
0.632363215 0.774672037 0.000000000
0.637226571 0.770676519 0.000000000
0.636773754 0.771050702 0.000000000
0.634571068 0.772864516 0.000000000
0.631908052 0.775043362 0.000000000
0.631452672 0.775414421 0.000000000
0.603958724 0.797015596 0.000000000
0.600742979 0.799442226 0.000000000
0.597517484 0.801855882 0.000000000
0.597517484 0.801855882 0.000000000
0.597517484 0.801855882 0.000000000
0.599846661 0.800114981 0.000000000
0.598191066 0.801353510 0.000000000
0.600101254 0.799924049 0.000000000
0.596021973 0.802968124 0.000000000
0.594360487 0.804198739 0.000000000
0.596277473 0.802778409 0.000000000
0.596532914 0.802588614 0.000000000
0.594872211 0.803820286 0.000000000
0.596788294 0.802398736 0.000000000
0.313241962 0.949673351 0.000000000
0.339312821 0.940673593 0.000000000
0.326308420 0.945263357 0.000000000
0.313219892 0.949680630 0.000000000
0.313197822 0.949687909 0.000000000
0.408274609 0.912859159 0.000000000
0.374599886 0.927186564 0.000000000
0.391502794 0.920176919 0.000000000
0.391502794 0.920176919 0.000000000
0.374599886 0.927186564 0.000000000
0.373503724 0.927628680 0.000000000
0.376516701 0.926409830 0.000000000
0.348633154 0.937259262 0.000000000
0.351677563 0.936121195 0.000000000
0.364129509 0.931348324 0.000000000
0.379525701 0.925181194 0.000000000
0.382530691 0.923942785 0.000000000
0.399873923 0.916570153 0.000000000
0.398344753 0.917235770 0.000000000
0.384301332 0.923207716 0.000000000
0.427658190 0.903940525 0.000000000
0.412295407 0.911050217 0.000000000
0.396814476 0.917898835 0.000000000
0.381219832 0.924484418 0.000000000
0.548505275 0.836147094 0.000000000
0.525378210 0.850868813 0.000000000
0.593505580 0.804829874 0.000000000
0.571220090 0.820796935 0.000000000
0.573771849 0.819015180 0.000000000
0.598503724 0.801120024 0.000000000
0.576318051 0.817225491 0.000000000
0.578068933 0.815987934 0.000000000
0.578068933 0.815987934 0.000000000
0.530840331 0.847471854 0.000000000
0.530840331 0.847471854 0.000000000
0.554678058 0.832065053 0.000000000
0.578068933 0.815987934 0.000000000
0.578068933 0.815987934 0.000000000
0.208422616 0.978038861 0.000000000
0.200761792 0.979640088 0.000000000
0.195693586 0.980665091 0.000000000
0.218525820 0.975831167 0.000000000
0.210881964 0.977511533 0.000000000
0.205824630 0.978588893 0.000000000
0.193088671 0.981181311 0.000000000
0.185403723 0.982662434 0.000000000
0.180320094 0.983607983 0.000000000
0.213855144 0.976865384 0.000000000
0.201140907 0.979562318 0.000000000
0.194365371 0.980929204 0.000000000
0.181599964 0.983372490 0.000000000
0.191379917 0.981516035 0.000000000
0.188392692 0.982093780 0.000000000
0.175612653 0.984459342 0.000000000
0.161272102 0.986909980 0.000000000
0.153570598 0.988137678 0.000000000
0.168837529 0.985643896 0.000000000
0.157359291 0.987541419 0.000000000
0.145859755 0.989305277 0.000000000
0.109212841 0.994018388 0.000000000
0.098334540 0.995153414 0.000000000
0.105534692 0.994415622 0.000000000
0.094812750 0.995495124 0.000000000
0.083919159 0.996472566 0.000000000
0.091129236 0.995839075 0.000000000
0.087444475 0.996169395 0.000000000
0.076543950 0.997066208 0.000000000
0.083758517 0.996486082 0.000000000
0.023486924 0.999724144 0.000000000
0.024395055 0.999702396 0.000000000
0.021670604 0.999765165 0.000000000
0.022578773 0.999745067 0.000000000
0.022578773 0.999745067 0.000000000
0.021670604 0.999765165 0.000000000
0.022578773 0.999745067 0.000000000
0.058949785 0.998260949 0.000000000
0.047932814 0.998850562 0.000000000
0.053442113 0.998570949 0.000000000
0.058006612 0.998316199 0.000000000
0.057063387 0.998370557 0.000000000
0.133979596 0.990984091 0.000000000
0.133979596 0.990984091 0.000000000
0.143382764 0.989667309 0.000000000
0.115137873 0.993349521 0.000000000
0.115137873 0.993349521 0.000000000
0.124564350 0.992211531 0.000000000
0.133979596 0.990984091 0.000000000
0.133979596 0.990984091 0.000000000
0.143382764 0.989667309 0.000000000
0.682608495 0.730784265 0.000000000
0.676018887 0.736884296 0.000000000
0.689143063 0.724625309 0.000000000
0.691369640 0.722501226 0.000000000
0.693589670 0.720370301 0.000000000
0.639430800 0.768848653 0.000000000
0.647672802 0.761918592 0.000000000
0.642674907 0.766138998 0.000000000
0.649434604 0.760417448 0.000000000
0.652642983 0.757665583 0.000000000
0.655839702 0.754900182 0.000000000
0.659024704 0.752121293 0.000000000
0.093011513 0.995665033 0.000000000
0.111054316 0.993814338 0.000000000
0.102037110 0.994780593 0.000000000
0.096678641 0.995315649 0.000000000
0.100344457 0.994952758 0.000000000
0.093032499 0.995663073 0.000000000
0.078444327 0.996918496 0.000000000
0.085740711 0.996317485 0.000000000
0.083878894 0.996475956 0.000000000
0.074718205 0.997204688 0.000000000
0.266735761 0.963769700 0.000000000
0.255867393 0.966711889 0.000000000
0.260596921 0.965447691 0.000000000
0.285492995 0.958380796 0.000000000
0.290793208 0.956785927 0.000000000
0.282000353 0.959414301 0.000000000
0.603708657 0.797205028 0.000000000
0.600355579 0.799733192 0.000000000
0.603068703 0.797689250 0.000000000
0.045120489 0.998981552 0.000000000
0.037955356 0.999279436 0.000000000
0.052283301 0.998632293 0.000000000
0.046323888 0.998926472 0.000000000
0.040362826 0.999185089 0.000000000
0.033889838 0.999425574 0.000000000
0.030573877 0.999532510 0.000000000
0.028165629 0.999603270 0.000000000
0.024849110 0.999691213 0.000000000
0.027711607 0.999615960 0.000000000
0.027257580 0.999628443 0.000000000
0.023940983 0.999713374 0.000000000
0.613248158 0.789890307 0.000000000
0.616967515 0.786988618 0.000000000
0.605768585 0.795640887 0.000000000
0.609515153 0.792774418 0.000000000
0.613248158 0.789890307 0.000000000
0.613248158 0.789890307 0.000000000
0.616967515 0.786988618 0.000000000
0.623387834 0.781912788 0.000000000
0.629766396 0.776784582 0.000000000
0.623387834 0.781912788 0.000000000
0.636102773 0.771604343 0.000000000
0.636102773 0.771604343 0.000000000
0.636102773 0.771604343 0.000000000
0.636102773 0.771604343 0.000000000
0.618867295 0.785495558 0.000000000
0.617411338 0.786640477 0.000000000
0.622214518 0.782846788 0.000000000
0.608316783 0.793694331 0.000000000
0.603342040 0.797482528 0.000000000
0.613267742 0.789875102 0.000000000
0.609642265 0.792676674 0.000000000
0.606003989 0.795461605 0.000000000
0.654828348 0.755777636 0.000000000
0.648634077 0.761100410 0.000000000
0.648634077 0.761100410 0.000000000
0.636102773 0.771604343 0.000000000
0.623387834 0.781912788 0.000000000
0.629766396 0.776784582 0.000000000
0.636102773 0.771604343 0.000000000
0.636102773 0.771604343 0.000000000
0.458627857 0.888628431 0.000000000
0.448561189 0.893752124 0.000000000
0.468636008 0.883391358 0.000000000
0.478080590 0.878315974 0.000000000
0.487470212 0.873139618 0.000000000
0.419563543 0.907725968 0.000000000
0.401864069 0.915699334 0.000000000
0.401009788 0.916073769 0.000000000
0.383151766 0.923685403 0.000000000
0.392528228 0.919739958 0.000000000
0.384013155 0.923327622 0.000000000
0.366017526 0.930607957 0.000000000
0.201796846 0.979427401 0.000000000
0.190064745 0.981771558 0.000000000
0.199775251 0.979841747 0.000000000
0.217530314 0.976053565 0.000000000
0.208581529 0.978004982 0.000000000
0.221556862 0.975147454 0.000000000
0.212616207 0.977135788 0.000000000
0.210599317 0.977572467 0.000000000
0.199615247 0.979874356 0.000000000
0.190632220 0.981661529 0.000000000
0.629846252 0.776719833 0.000000000
0.640565304 0.767903699 0.000000000
0.619005879 0.785386352 0.000000000
0.625553560 0.780181225 0.000000000
0.632057473 0.774921512 0.000000000
0.597426898 0.801923376 0.000000000
0.597682067 0.801733215 0.000000000
0.594360487 0.804198739 0.000000000
0.604040902 0.796953317 0.000000000
0.604294488 0.796761051 0.000000000
0.600993419 0.799253971 0.000000000
0.597937174 0.801542972 0.000000000
0.598192222 0.801352648 0.000000000
0.594872211 0.803820286 0.000000000
0.595945143 0.803025147 0.000000000
0.595878803 0.803074375 0.000000000
0.594303865 0.804240583 0.000000000
0.599087954 0.800683223 0.000000000
0.599021808 0.800732710 0.000000000
0.597451453 0.801905083 0.000000000
0.595812460 0.803123597 0.000000000
0.595746112 0.803172814 0.000000000
0.594170982 0.804338762 0.000000000
0.417278232 0.908778783 0.000000000
0.434530812 0.900656968 0.000000000
0.431097627 0.902305290 0.000000000
0.501648278 0.865071676 0.000000000
0.479657265 0.877455929 0.000000000
0.544657889 0.838658324 0.000000000
0.523319754 0.852136394 0.000000000
0.498200085 0.867062095 0.000000000
0.494743993 0.869038768 0.000000000
0.472655064 0.881247519 0.000000000
0.605982382 0.795478065 0.000000000
0.611136537 0.791525194 0.000000000
0.600802661 0.799397374 0.000000000
0.602286438 0.798280055 0.000000000
0.603768137 0.797159982 0.000000000
0.607795829 0.794093338 0.000000000
0.605879038 0.795556780 0.000000000
0.602669155 0.797991159 0.000000000
0.223282265 0.974753831 0.000000000
0.209443163 0.977820823 0.000000000
0.237076502 0.971490984 0.000000000
0.229335425 0.973347452 0.000000000
0.221579815 0.975142239 0.000000000
0.180038416 0.983659580 0.000000000
0.185553697 0.982634126 0.000000000
0.168991032 0.985617589 0.000000000
0.174517470 0.984654078 0.000000000
0.185988106 0.982551996 0.000000000
0.191930984 0.981408425 0.000000000
0.197433449 0.980316292 0.000000000
0.498999413 0.866602323 0.000000000
0.511732242 0.859144989 0.000000000
0.522487348 0.852647038 0.000000000
0.523420812 0.852074324 0.000000000
0.524353648 0.851500588 0.000000000
0.450925613 0.892561534 0.000000000
0.449969797 0.893043774 0.000000000
0.462759469 0.886483882 0.000000000
0.656650230 0.754195250 0.000000000
0.649470879 0.760386466 0.000000000
0.649308771 0.760524898 0.000000000
0.572245938 0.820082061 0.000000000
0.548741216 0.835992272 0.000000000
0.566393947 0.824134635 0.000000000
0.139028793 0.990288339 0.000000000
0.143771699 0.989610882 0.000000000
0.134064192 0.990972650 0.000000000
0.076507014 0.997069043 0.000000000
0.074622627 0.997211845 0.000000000
0.082041819 0.996628888 0.000000000
0.068572737 0.997646119 0.000000000
0.070436768 0.997516246 0.000000000
0.062424667 0.998049679 0.000000000
0.108378084 0.994109748 0.000000000
0.100178185 0.994969513 0.000000000
0.113729841 0.993511713 0.000000000
0.102856811 0.994696173 0.000000000
0.091971477 0.995761642 0.000000000
0.370872415 0.928683828 0.000000000
0.362707461 0.931903052 0.000000000
0.379008801 0.925393067 0.000000000
0.381576212 0.924337381 0.000000000
0.384140683 0.923274572 0.000000000
0.288361214 0.957521702 0.000000000
0.303310360 0.952891823 0.000000000
0.298871288 0.954293431 0.000000000
0.297263295 0.954795545 0.000000000
0.312168689 0.950026689 0.000000000
0.307742859 0.951469565 0.000000000
0.318185221 0.948028568 0.000000000
0.332982155 0.942933128 0.000000000
0.328589121 0.944472969 0.000000000
0.263732935 0.964595739 0.000000000
0.269922052 0.962882177 0.000000000
0.257532941 0.966269519 0.000000000
0.249672839 0.968330250 0.000000000
0.241796251 0.970327044 0.000000000
0.159331551 0.987225130 0.000000000
0.145488627 0.989359924 0.000000000
0.152413827 0.988316764 0.000000000
0.161083038 0.986940857 0.000000000
0.162834017 0.986653477 0.000000000
0.156058900 0.987747751 0.000000000
0.157076474 0.987586443 0.000000000
0.146595853 0.989196470 0.000000000
0.545209421 0.838299879 0.000000000
0.545658335 0.838007746 0.000000000
0.553930280 0.832563058 0.000000000
0.509240570 0.860624217 0.000000000
0.519683080 0.854359114 0.000000000
0.513683989 0.857979463 0.000000000
0.236721259 0.971577607 0.000000000
0.238725218 0.971087159 0.000000000
0.227655575 0.973741721 0.000000000
0.053087732 0.998589852 0.000000000
0.048827092 0.998807246 0.000000000
0.048827092 0.998807246 0.000000000
0.021670604 0.999765165 0.000000000
0.021670604 0.999765165 0.000000000
0.021670604 0.999765165 0.000000000
0.700458716 0.713692923 0.000000000
0.702330371 0.711851143 0.000000000
0.701395148 0.712772647 0.000000000
0.697748760 0.716342563 0.000000000
0.695028782 0.718981914 0.000000000
0.710644631 0.703551142 0.000000000
0.715275432 0.698842655 0.000000000
0.709402277 0.704803810 0.000000000
0.631927230 0.775027726 0.000000000
0.622925221 0.782281387 0.000000000
0.630569830 0.776132521 0.000000000
0.635258393 0.772299666 0.000000000
0.628529440 0.777785795 0.000000000
0.631899870 0.775050033 0.000000000
0.631649228 0.775254315 0.000000000
0.628026321 0.778192097 0.000000000
0.549221373 0.835676902 0.000000000
0.544501492 0.838759874 0.000000000
0.543244855 0.839574314 0.000000000
0.568972996 0.822356206 0.000000000
0.575910311 0.817512883 0.000000000
0.571101706 0.820879310 0.000000000
0.028619611 0.999590375 0.000000000
0.023486935 0.999724144 0.000000000
0.026053359 0.999660554 0.000000000
0.027869493 0.999611570 0.000000000
0.027119360 0.999632203 0.000000000
0.041769487 0.999127274 0.000000000
0.045848804 0.998948391 0.000000000
0.047520992 0.998870240 0.000000000
0.366992084 0.930224065 0.000000000
0.375571606 0.926793380 0.000000000
0.358381228 0.933575329 0.000000000
0.350720876 0.936480041 0.000000000
0.343036984 0.939321898 0.000000000
0.328305484 0.944571601 0.000000000
0.349739775 0.936846887 0.000000000
0.339044630 0.940770290 0.000000000
0.331325982 0.943516345 0.000000000
0.334343088 0.942451431 0.000000000
0.279060497 0.960273523 0.000000000
0.284953987 0.958541196 0.000000000
0.282008572 0.959411885 0.000000000
0.291480833 0.956576669 0.000000000
0.303852220 0.952719176 0.000000000
0.369344640 0.929292493 0.000000000
0.345414345 0.938450281 0.000000000
0.357408825 0.933948035 0.000000000
0.370893958 0.928675224 0.000000000
0.372442244 0.928055373 0.000000000
0.260905782 0.965364270 0.000000000
0.275030609 0.961435471 0.000000000
0.263903385 0.964549119 0.000000000
0.299662130 0.954045391 0.000000000
0.313257239 0.949668312 0.000000000
0.286005894 0.958227859 0.000000000
0.299662130 0.954045391 0.000000000
0.313257239 0.949668312 0.000000000
0.441402544 0.897309196 0.000000000
0.458486702 0.888701268 0.000000000
0.458486702 0.888701268 0.000000000
0.441402544 0.897309196 0.000000000
0.458486702 0.888701268 0.000000000
0.458486702 0.888701268 0.000000000
0.475403070 0.879768106 0.000000000
0.492145458 0.870512980 0.000000000
0.492145458 0.870512980 0.000000000
0.458486702 0.888701268 0.000000000
0.458486702 0.888701268 0.000000000
0.492145458 0.870512980 0.000000000
0.492145458 0.870512980 0.000000000
0.475403070 0.879768106 0.000000000
0.458486702 0.888701268 0.000000000
0.458486702 0.888701268 0.000000000
0.601981025 0.798510392 0.000000000
0.608460162 0.793584420 0.000000000
0.597652333 0.801755379 0.000000000
0.604158025 0.796864531 0.000000000
0.606311312 0.795227385 0.000000000
0.614898992 0.788605877 0.000000000
0.621297089 0.783575094 0.000000000
0.177518400 0.984117482 0.000000000
0.166750375 0.985999144 0.000000000
0.175754757 0.984433982 0.000000000
0.159501198 0.987197735 0.000000000
0.148700578 0.988882267 0.000000000
0.157732064 0.987481947 0.000000000
0.155962424 0.987762989 0.000000000
0.145155837 0.989408805 0.000000000
0.154192283 0.988040859 0.000000000
0.101050658 0.994881282 0.000000000
0.111023672 0.993817762 0.000000000
0.091067480 0.995844724 0.000000000
0.099274904 0.995060045 0.000000000
0.107475579 0.994207725 0.000000000
0.337010789 0.941500785 0.000000000
0.305298966 0.952256552 0.000000000
0.321199902 0.947011417 0.000000000
0.326323180 0.945258262 0.000000000
0.315593690 0.948894421 0.000000000
0.413421929 0.910539570 0.000000000
0.431876862 0.901932578 0.000000000
0.428791367 0.903403544 0.000000000
0.419637017 0.907692004 0.000000000
0.434957311 0.900451074 0.000000000
0.450152711 0.892951587 0.000000000
0.465218853 0.885195695 0.000000000
0.593650766 0.804722790 0.000000000
0.595168314 0.803601069 0.000000000
0.594928698 0.803778480 0.000000000
0.594130509 0.804368658 0.000000000
0.595647388 0.803246033 0.000000000
0.595407877 0.803423587 0.000000000
0.596683743 0.802476486 0.000000000
0.598197046 0.801349046 0.000000000
0.597958101 0.801527360 0.000000000
0.627915173 0.778281784 0.000000000
0.619311087 0.785145705 0.000000000
0.628036979 0.778183496 0.000000000
0.527201343 0.849740398 0.000000000
0.501018627 0.865436500 0.000000000
0.552892759 0.833252421 0.000000000
0.529022053 0.848608076 0.000000000
0.504725163 0.863280088 0.000000000
0.530840331 0.847471854 0.000000000
0.506574955 0.862195926 0.000000000
0.554678058 0.832065053 0.000000000
0.530840331 0.847471854 0.000000000
0.506574955 0.862195926 0.000000000
0.051288810 0.998683863 0.000000000
0.044229968 0.999021376 0.000000000
0.065398459 0.997859229 0.000000000
0.058345091 0.998296474 0.000000000
0.058345091 0.998296474 0.000000000
0.065398459 0.997859229 0.000000000
0.058345091 0.998296474 0.000000000
0.061308563 0.998118861 0.000000000
0.059443425 0.998231676 0.000000000
0.063173486 0.998002560 0.000000000
0.055352052 0.998466900 0.000000000
0.047527220 0.998869943 0.000000000
0.572561351 0.819861878 0.000000000
0.593026288 0.805183098 0.000000000
0.568291222 0.822827495 0.000000000
0.621296043 0.783575923 0.000000000
0.617213903 0.786795398 0.000000000
0.613115081 0.789993606 0.000000000
0.608999687 0.793170462 0.000000000
0.444447233 0.895805033 0.000000000
0.430221642 0.902723290 0.000000000
0.448010153 0.894028469 0.000000000
0.387279402 0.921962399 0.000000000
0.402732736 0.915317619 0.000000000
0.391537283 0.920162245 0.000000000
0.321781424 0.946813981 0.000000000
0.335061484 0.942196265 0.000000000
0.336165928 0.941802776 0.000000000
0.349374110 0.936983314 0.000000000
0.342227723 0.939617042 0.000000000
0.348275307 0.937392293 0.000000000
0.361420283 0.932403013 0.000000000
0.600104911 0.799921306 0.000000000
0.598811190 0.800890229 0.000000000
0.601374373 0.798967373 0.000000000
0.599446881 0.800414541 0.000000000
0.597515906 0.801857059 0.000000000
0.597110505 0.802158990 0.000000000
0.606243973 0.795278722 0.000000000
0.602391932 0.798200451 0.000000000
0.611479790 0.791260050 0.000000000
0.608865197 0.793273705 0.000000000
0.615298170 0.788294464 0.000000000
0.624271912 0.781207130 0.000000000
0.620148922 0.784484107 0.000000000
0.603707376 0.797205999 0.000000000
0.611961209 0.790887779 0.000000000
0.611961209 0.790887779 0.000000000
0.603707376 0.797205999 0.000000000
0.231615925 0.972807310 0.000000000
0.229607927 0.973283206 0.000000000
0.241650284 0.970363406 0.000000000
0.224581834 0.974455232 0.000000000
0.215568353 0.976488753 0.000000000
0.214553135 0.976712318 0.000000000
0.226607323 0.973986202 0.000000000
0.216583338 0.976264133 0.000000000
0.206536468 0.978438903 0.000000000
0.196467773 0.980510283 0.000000000
0.121430417 0.992599947 0.000000000
0.124102586 0.992269393 0.000000000
0.118757368 0.992923304 0.000000000
0.129123691 0.991628495 0.000000000
0.139475923 0.990225463 0.000000000
0.111767135 0.993734425 0.000000000
0.114320691 0.993443899 0.000000000
0.104571750 0.994517345 0.000000000
0.596025849 0.802965246 0.000000000
0.597111995 0.802157881 0.000000000
0.595836635 0.803105662 0.000000000
0.602201445 0.798344174 0.000000000
0.605245445 0.796038913 0.000000000
0.606195538 0.795315641 0.000000000
0.619958068 0.784634943 0.000000000
0.624339774 0.781152896 0.000000000
0.615556943 0.788092412 0.000000000
0.611895151 0.790938888 0.000000000
0.608220196 0.793768350 0.000000000
0.622258966 0.782811458 0.000000000
0.609979930 0.792416863 0.000000000
0.601864377 0.798598317 0.000000000
0.589341714 0.807883868 0.000000000
0.599710687 0.800216903 0.000000000
0.597552645 0.801829681 0.000000000
0.584980131 0.811047622 0.000000000
0.333297200 0.942821816 0.000000000
0.331775192 0.943358480 0.000000000
0.317851421 0.948140535 0.000000000
0.360909553 0.932600823 0.000000000
0.359404004 0.933182063 0.000000000
0.345627053 0.938371962 0.000000000
0.330252320 0.943892687 0.000000000
0.328728588 0.944424436 0.000000000
0.314789455 0.949161524 0.000000000
0.300642643 0.953736862 0.000000000
0.286712615 0.958016637 0.000000000
0.295739160 0.955268731 0.000000000
0.650917524 0.759148455 0.000000000
0.666400089 0.745594341 0.000000000
0.658693671 0.752411223 0.000000000
0.653755796 0.756705596 0.000000000
0.656584900 0.754252125 0.000000000
0.527664464 0.849452891 0.000000000
0.503344145 0.864086033 0.000000000
0.551559693 0.834135423 0.000000000
0.524481205 0.851422026 0.000000000
0.496861414 0.867829900 0.000000000
0.476667102 0.879083883 0.000000000
0.475614284 0.879653939 0.000000000
0.460608681 0.887603314 0.000000000
0.226604019 0.973986971 0.000000000
0.231637280 0.972802226 0.000000000
0.221564699 0.975145673 0.000000000
0.234666659 0.972075902 0.000000000
0.247726125 0.968830102 0.000000000
0.215730372 0.976452972 0.000000000
0.217604804 0.976036961 0.000000000
0.205999612 0.978552073 0.000000000
0.197433449 0.980316292 0.000000000
0.201487783 0.979491028 0.000000000
0.207411853 0.978253711 0.000000000
0.185553697 0.982634126 0.000000000
0.195556334 0.980692470 0.000000000
0.205538668 0.978648995 0.000000000
0.215499663 0.976503915 0.000000000
0.218087343 0.975929255 0.000000000
0.232046872 0.972704605 0.000000000
0.204083049 0.978953579 0.000000000
0.208516044 0.978018946 0.000000000
0.212944759 0.977064240 0.000000000
0.641346202 0.767251621 0.000000000
0.636313556 0.771430527 0.000000000
0.633185886 0.773999763 0.000000000
0.686669208 0.726970013 0.000000000
0.679685950 0.733503244 0.000000000
0.677854527 0.735196056 0.000000000
0.366992084 0.930224065 0.000000000
0.350720876 0.936480041 0.000000000
0.358381228 0.933575329 0.000000000
0.600697476 0.799476417 0.000000000
0.602370510 0.798216618 0.000000000
0.599063437 0.800701567 0.000000000
0.597820278 0.801630161 0.000000000
0.596146845 0.802875419 0.000000000
0.599491110 0.800381415 0.000000000
0.599323066 0.800507253 0.000000000
0.599154996 0.800633056 0.000000000
0.600126192 0.799905340 0.000000000
0.616215293 0.787577750 0.000000000
0.605804860 0.795613268 0.000000000
0.632558476 0.774512604 0.000000000
0.636570467 0.771218543 0.000000000
0.632308008 0.774717099 0.000000000
0.478512505 0.878080738 0.000000000
0.507784110 0.861484357 0.000000000
0.492812521 0.870135518 0.000000000
0.508587127 0.861010531 0.000000000
0.522603877 0.852575620 0.000000000
0.536480769 0.843912546 0.000000000
0.550214089 0.835023626 0.000000000
0.455086352 0.890447310 0.000000000
0.435372111 0.900250590 0.000000000
0.474579988 0.880212381 0.000000000
0.461587168 0.887094858 0.000000000
0.448494561 0.893785561 0.000000000
0.622599983 0.782540262 0.000000000
0.629375131 0.777101631 0.000000000
0.622993988 0.782226624 0.000000000
0.606824880 0.794835559 0.000000000
0.602836968 0.797864393 0.000000000
0.602203304 0.798342771 0.000000000
0.216818350 0.976211966 0.000000000
0.210813836 0.977526228 0.000000000
0.218434689 0.975851570 0.000000000
0.206911750 0.978359611 0.000000000
0.202833850 0.979213168 0.000000000
0.196665867 0.980470569 0.000000000
0.023940998 0.999713373 0.000000000
0.024849119 0.999691213 0.000000000
0.025303178 0.999679823 0.000000000
0.021670604 0.999765165 0.000000000
0.021670604 0.999765165 0.000000000
0.021670604 0.999765165 0.000000000
0.021670604 0.999765165 0.000000000
0.021670604 0.999765165 0.000000000
0.021670604 0.999765165 0.000000000
0.021670604 0.999765165 0.000000000
0.122368160 0.992484777 0.000000000
0.120633361 0.992697130 0.000000000
0.130060513 0.991506058 0.000000000
0.121508015 0.992590450 0.000000000
0.116161058 0.993230391 0.000000000
0.131705296 0.991288916 0.000000000
0.121264730 0.992620202 0.000000000
0.110810731 0.993841528 0.000000000
0.598108086 0.801415446 0.000000000
0.596130343 0.802887672 0.000000000
0.596174702 0.802854734 0.000000000
0.607768673 0.794114123 0.000000000
0.612722268 0.790298313 0.000000000
0.608547159 0.793517710 0.000000000
0.132091665 0.991237505 0.000000000
0.133979596 0.990984091 0.000000000
0.133035691 0.991111247 0.000000000
0.123619280 0.992329720 0.000000000
0.115137873 0.993349521 0.000000000
0.150887164 0.988550992 0.000000000
0.159952024 0.987124789 0.000000000
0.173378495 0.984855267 0.000000000
0.171191377 0.985237795 0.000000000
0.169003415 0.985615465 0.000000000
0.162322917 0.986737691 0.000000000
0.151618759 0.988439048 0.000000000
0.155707701 0.987803175 0.000000000
0.174517470 0.984654078 0.000000000
0.180038416 0.983659580 0.000000000
0.185988106 0.982551996 0.000000000
0.665998282 0.745953275 0.000000000
0.672549175 0.740052436 0.000000000
0.670931069 0.741519723 0.000000000
0.644733637 0.764407311 0.000000000
0.648434335 0.761270592 0.000000000
0.641017767 0.767526041 0.000000000
0.638708495 0.769448802 0.000000000
0.636393456 0.771364615 0.000000000
0.021670604 0.999765165 0.000000000
0.021670604 0.999765165 0.000000000
0.021670604 0.999765165 0.000000000
0.021670604 0.999765165 0.000000000
0.021670604 0.999765165 0.000000000
0.021670604 0.999765165 0.000000000
0.021670604 0.999765165 0.000000000
0.023940998 0.999713373 0.000000000
0.024849119 0.999691213 0.000000000
0.025303178 0.999679823 0.000000000
0.647904489 0.761721585 0.000000000
0.643805565 0.765189124 0.000000000
0.649919960 0.760002662 0.000000000
0.600104911 0.799921306 0.000000000
0.598594298 0.801052349 0.000000000
0.601374373 0.798967373 0.000000000
0.599865559 0.800100813 0.000000000
0.599230117 0.800576834 0.000000000
0.597081554 0.802180540 0.000000000
0.595566683 0.803305873 0.000000000
0.597426898 0.801923376 0.000000000
0.597682067 0.801733215 0.000000000
0.604040902 0.796953317 0.000000000
0.604294488 0.796761051 0.000000000
0.600993419 0.799253971 0.000000000
0.597937174 0.801542972 0.000000000
0.598192222 0.801352648 0.000000000
0.362900890 0.931827744 0.000000000
0.349860742 0.936801719 0.000000000
0.364177724 0.931329472 0.000000000
0.376880091 0.926262056 0.000000000
0.385422583 0.922740176 0.000000000
0.366017526 0.930607957 0.000000000
0.415329736 0.909670935 0.000000000
0.404658647 0.914467812 0.000000000
0.393932168 0.919139515 0.000000000
0.383151766 0.923685403 0.000000000
0.472118395 0.881535150 0.000000000
0.465705721 0.884939648 0.000000000
0.495174680 0.868793437 0.000000000
0.488853908 0.872365667 0.000000000
0.477321221 0.878728884 0.000000000
0.459268499 0.888297498 0.000000000
0.452807067 0.891608524 0.000000000
0.337592098 0.941292503 0.000000000
0.353156863 0.935564124 0.000000000
0.340566234 0.940220527 0.000000000
0.356112811 0.934442971 0.000000000
0.354635280 0.935004716 0.000000000
0.368624482 0.929578394 0.000000000
0.383990702 0.923336959 0.000000000
0.335026066 0.942208860 0.000000000
0.322991242 0.946401953 0.000000000
0.332869358 0.942972953 0.000000000
0.320824972 0.947138500 0.000000000
0.321908318 0.946770846 0.000000000
0.310903959 0.950441333 0.000000000
0.298766179 0.954326344 0.000000000
0.210154048 0.977668285 0.000000000
0.236699842 0.971582825 0.000000000
0.223447663 0.974715929 0.000000000
0.220418766 0.975405335 0.000000000
0.230659131 0.973034617 0.000000000
0.148914667 0.988850050 0.000000000
0.159714922 0.987163180 0.000000000
0.159964330 0.987122795 0.000000000
0.170745044 0.985315244 0.000000000
0.165232566 0.986254632 0.000000000
0.170496092 0.985358352 0.000000000
0.181256889 0.983435783 0.000000000
0.359404004 0.933182063 0.000000000
0.359404004 0.933182063 0.000000000
0.328728588 0.944424436 0.000000000
0.328728588 0.944424436 0.000000000
0.344112211 0.938928531 0.000000000
0.359404004 0.933182063 0.000000000
0.359404004 0.933182063 0.000000000
0.387168296 0.922009062 0.000000000
0.402448187 0.915442765 0.000000000
0.384365398 0.923181045 0.000000000
0.595031807 0.803702151 0.000000000
0.606355218 0.795193907 0.000000000
0.600823349 0.799381826 0.000000000
0.609224079 0.792998122 0.000000000
0.617556988 0.786526139 0.000000000
0.602642546 0.798011254 0.000000000
0.605123239 0.796131814 0.000000000
0.625548670 0.780185146 0.000000000
0.627973772 0.778234503 0.000000000
0.616613443 0.787266068 0.000000000
0.607598071 0.794244663 0.000000000
0.610067017 0.792349818 0.000000000
0.600573023 0.799569912 0.000000000
0.612785512 0.790249275 0.000000000
0.603320615 0.797498737 0.000000000
0.619465879 0.785023582 0.000000000
0.622163309 0.782887487 0.000000000
0.624853372 0.780742124 0.000000000
0.627536038 0.778587517 0.000000000
0.365214511 0.930923392 0.000000000
0.351470182 0.936199077 0.000000000
0.369511672 0.929226089 0.000000000
0.359404004 0.933182063 0.000000000
0.359404004 0.933182063 0.000000000
0.359404004 0.933182063 0.000000000
0.344112211 0.938928531 0.000000000
0.328728588 0.944424436 0.000000000
0.492145458 0.870512980 0.000000000
0.475403070 0.879768106 0.000000000
0.492145458 0.870512980 0.000000000
0.506327057 0.862341528 0.000000000
0.489738390 0.871869434 0.000000000
0.501554121 0.865126270 0.000000000
0.487327583 0.873219232 0.000000000
0.472970495 0.881078266 0.000000000
0.286950386 0.957945445 0.000000000
0.301912561 0.953335621 0.000000000
0.297555019 0.954704672 0.000000000
0.295689218 0.955284192 0.000000000
0.310608658 0.950537880 0.000000000
0.306263804 0.951946680 0.000000000
0.316800732 0.948492117 0.000000000
0.331611250 0.943416122 0.000000000
0.327298706 0.944920926 0.000000000
0.261195379 0.965285954 0.000000000
0.275885030 0.961190642 0.000000000
0.246444986 0.969156782 0.000000000
0.254466923 0.967081478 0.000000000
0.262471388 0.964939776 0.000000000
0.183937553 0.982937931 0.000000000
0.179936236 0.983678276 0.000000000
0.187935825 0.982181310 0.000000000
0.176469379 0.984306130 0.000000000
0.164978934 0.986297091 0.000000000
0.194523350 0.980897888 0.000000000
0.192578163 0.981281637 0.000000000
0.203578469 0.979058633 0.000000000
0.100142133 0.994973142 0.000000000
0.092938297 0.995671870 0.000000000
0.114533692 0.993419364 0.000000000
0.107340724 0.994222293 0.000000000
0.109078291 0.994033162 0.000000000
0.118005642 0.993012925 0.000000000
0.110815525 0.993840993 0.000000000
0.075486710 0.997146808 0.000000000
0.085567241 0.996332398 0.000000000
0.095639020 0.995416083 0.000000000
0.105701017 0.994397956 0.000000000
0.095639020 0.995416083 0.000000000
0.095639020 0.995416083 0.000000000
0.105701017 0.994397956 0.000000000
0.599044634 0.800715634 0.000000000
0.601296228 0.799026187 0.000000000
0.600698909 0.799475341 0.000000000
0.599148665 0.800637794 0.000000000
0.599574114 0.800319237 0.000000000
0.607144768 0.794591235 0.000000000
0.603578141 0.797303849 0.000000000
0.599999394 0.800000454 0.000000000
0.029211880 0.999573242 0.000000000
0.026803545 0.999640720 0.000000000
0.025895469 0.999664656 0.000000000
0.045863966 0.998947695 0.000000000
0.041611725 0.999133857 0.000000000
0.050115376 0.998743435 0.000000000
0.052536618 0.998618998 0.000000000
0.054957550 0.998488692 0.000000000
0.282024054 0.959407334 0.000000000
0.257718550 0.966220031 0.000000000
0.269892799 0.962890376 0.000000000
0.271858140 0.962337338 0.000000000
0.261661798 0.965159626 0.000000000
0.252195724 0.967676246 0.000000000
0.248732401 0.968572244 0.000000000
0.273364884 0.961910412 0.000000000
0.259342832 0.965785326 0.000000000
0.245265896 0.969455848 0.000000000
0.599591411 0.800306279 0.000000000
0.597906352 0.801565964 0.000000000
0.595996321 0.802987164 0.000000000
0.596107489 0.802904640 0.000000000
0.596218646 0.802822101 0.000000000
0.596079615 0.802925334 0.000000000
0.597584836 0.801805690 0.000000000
0.596012381 0.802975244 0.000000000
0.282308475 0.959323681 0.000000000
0.277839690 0.960627455 0.000000000
0.267284728 0.963617597 0.000000000
0.358117371 0.933676576 0.000000000
0.342890432 0.939375405 0.000000000
0.347830388 0.937557476 0.000000000
0.348268244 0.937394917 0.000000000
0.337940976 0.941167306 0.000000000
0.327572855 0.944825923 0.000000000
0.317165137 0.948370326 0.000000000
0.612979509 0.790098805 0.000000000
0.630394116 0.776275247 0.000000000
0.621725233 0.783235427 0.000000000
0.621511184 0.783405290 0.000000000
0.629969774 0.776619652 0.000000000
0.595820008 0.803117998 0.000000000
0.596180884 0.802850144 0.000000000
0.595842409 0.803101378 0.000000000
0.596496866 0.802615405 0.000000000
0.596519253 0.802598767 0.000000000
0.596541640 0.802582128 0.000000000
0.596564026 0.802565488 0.000000000
0.623387834 0.781912788 0.000000000
0.623387834 0.781912788 0.000000000
0.629766396 0.776784582 0.000000000
0.652698666 0.757617616 0.000000000
0.639909523 0.768450260 0.000000000
0.646326790 0.763060732 0.000000000
0.644502686 0.764602045 0.000000000
0.636231972 0.771497814 0.000000000
0.612694365 0.790319945 0.000000000
0.635694044 0.771941113 0.000000000
0.624261844 0.781215175 0.000000000
0.612694365 0.790319945 0.000000000
0.612694365 0.790319945 0.000000000
0.630694011 0.776031613 0.000000000
0.640844781 0.767670481 0.000000000
0.620434165 0.784258533 0.000000000
0.629334856 0.777134248 0.000000000
0.638153747 0.769908953 0.000000000
0.228620450 0.973515634 0.000000000
0.224590607 0.974453211 0.000000000
0.246724857 0.969085571 0.000000000
0.242713188 0.970098092 0.000000000
0.233662044 0.972317875 0.000000000
0.220556918 0.975374106 0.000000000
0.216519455 0.976278303 0.000000000
0.213553738 0.976931319 0.000000000
0.205529243 0.978650975 0.000000000
0.215582288 0.976485677 0.000000000
0.172769946 0.984962205 0.000000000
0.184244294 0.982880481 0.000000000
0.176546319 0.984292333 0.000000000
0.144651701 0.989482635 0.000000000
0.134384367 0.990929282 0.000000000
0.142064297 0.989857432 0.000000000
0.243662356 0.969860122 0.000000000
0.255626620 0.966775585 0.000000000
0.247671618 0.968844038 0.000000000
0.209602044 0.977786778 0.000000000
0.197592735 0.980284199 0.000000000
0.203521676 0.979070440 0.000000000
0.024513543 0.999699498 0.000000000
0.027356284 0.999625747 0.000000000
0.024513543 0.999699498 0.000000000
0.021670604 0.999765165 0.000000000
0.021670604 0.999765165 0.000000000
0.021670604 0.999765165 0.000000000
0.640728056 0.767767906 0.000000000
0.637382739 0.770547366 0.000000000
0.626532135 0.779395589 0.000000000
0.530847667 0.847467259 0.000000000
0.506319336 0.862346062 0.000000000
0.554939101 0.831890975 0.000000000
0.531630476 0.846976409 0.000000000
0.507912037 0.861408941 0.000000000
0.491606011 0.870817736 0.000000000
0.461202446 0.887294936 0.000000000
0.476475460 0.879187771 0.000000000
0.474435854 0.880290078 0.000000000
0.457083256 0.889423913 0.000000000
0.170381193 0.985378226 0.000000000
0.159140292 0.987255979 0.000000000
0.167382313 0.985892064 0.000000000
0.196584929 0.980486800 0.000000000
0.224143076 0.974556248 0.000000000
0.210384901 0.977618634 0.000000000
0.203447508 0.979085855 0.000000000
0.210300107 0.977636878 0.000000000
0.066095126 0.997813326 0.000000000
0.071320517 0.997453449 0.000000000
0.075010138 0.997182771 0.000000000
0.596277473 0.802778409 0.000000000
0.596532914 0.802588614 0.000000000
0.598191066 0.801353510 0.000000000
0.597173646 0.802111985 0.000000000
0.600167965 0.799873999 0.000000000
0.597239906 0.802062650 0.000000000
0.045329107 0.998972108 0.000000000
0.052387574 0.998626828 0.000000000
0.046428192 0.998921630 0.000000000
0.030328630 0.999539981 0.000000000
0.027361963 0.999625591 0.000000000
0.026453900 0.999650034 0.000000000
0.023940989 0.999713373 0.000000000
0.023032848 0.999734709 0.000000000
0.023486918 0.999724144 0.000000000
0.032231917 0.999480417 0.000000000
0.035093780 0.999384024 0.000000000
0.036297672 0.999341022 0.000000000
0.105457191 0.994423844 0.000000000
0.110810731 0.993841528 0.000000000
0.126365199 0.991983788 0.000000000
0.131705296 0.991288916 0.000000000
0.121264730 0.992620202 0.000000000
0.116161058 0.993230391 0.000000000
0.121508015 0.992590450 0.000000000
0.095686335 0.995411536 0.000000000
0.113558441 0.993531318 0.000000000
0.104626612 0.994511575 0.000000000
0.098433645 0.995143617 0.000000000
0.101180204 0.994868115 0.000000000
0.446685249 0.894691169 0.000000000
0.448758318 0.893653161 0.000000000
0.436226555 0.899836870 0.000000000
0.432797036 0.901491390 0.000000000
0.416967165 0.908921550 0.000000000
0.426191690 0.904632878 0.000000000
0.606105876 0.795383974 0.000000000
0.603987265 0.796993967 0.000000000
0.614214591 0.789139048 0.000000000
0.511363380 0.859364587 0.000000000
0.499576346 0.866269862 0.000000000
0.500153058 0.865937018 0.000000000
0.560912871 0.827874840 0.000000000
0.573008274 0.819549582 0.000000000
0.575214145 0.818002865 0.000000000
0.533726727 0.845657011 0.000000000
0.552809464 0.833307684 0.000000000
0.514368236 0.857569424 0.000000000
0.539203663 0.842175403 0.000000000
0.563578732 0.826062354 0.000000000
0.560659813 0.828046239 0.000000000
0.539629379 0.841902686 0.000000000
0.601640720 0.798766827 0.000000000
0.581334631 0.813664579 0.000000000
0.552980481 0.833194208 0.000000000
0.545253885 0.838270959 0.000000000
0.523970848 0.851736197 0.000000000
0.638576368 0.769558459 0.000000000
0.643518694 0.765430396 0.000000000
0.637485552 0.770462310 0.000000000
0.499161900 0.866508740 0.000000000
0.483453827 0.875369863 0.000000000
0.499161900 0.866508740 0.000000000
0.483453827 0.875369863 0.000000000
0.483453827 0.875369863 0.000000000
0.467588504 0.883946260 0.000000000
0.451571092 0.892235142 0.000000000
0.528448738 0.848965212 0.000000000
0.526101067 0.850422052 0.000000000
0.530792375 0.847501891 0.000000000
0.554823097 0.831968347 0.000000000
0.578399549 0.815753616 0.000000000
0.495174680 0.868793437 0.000000000
0.483688496 0.875240218 0.000000000
0.495174680 0.868793437 0.000000000
0.485585156 0.874189371 0.000000000
0.479027288 0.877800010 0.000000000
0.482309601 0.876000827 0.000000000
0.467623455 0.883927771 0.000000000
0.449466540 0.893297167 0.000000000
0.603656725 0.797244353 0.000000000
0.605491351 0.795851886 0.000000000
0.621984759 0.783029348 0.000000000
0.623786596 0.781594705 0.000000000
0.614680311 0.788776341 0.000000000
0.607322765 0.794455197 0.000000000
0.609150957 0.793054293 0.000000000
0.594693560 0.803952467 0.000000000
0.594933228 0.803775126 0.000000000
0.597254510 0.802051775 0.000000000
0.597493612 0.801873671 0.000000000
0.596214178 0.802825419 0.000000000
0.595172844 0.803597714 0.000000000
0.595412406 0.803420231 0.000000000
0.319741421 0.947504841 0.000000000
0.308728694 0.951150142 0.000000000
0.295489739 0.955345913 0.000000000
0.284387686 0.958709364 0.000000000
0.296582274 0.955007306 0.000000000
0.297674421 0.954667449 0.000000000
0.286580091 0.958056288 0.000000000
0.346487735 0.938054502 0.000000000
0.347560672 0.937657496 0.000000000
0.360033470 0.932939387 0.000000000
0.254631042 0.967038279 0.000000000
0.242663609 0.970110495 0.000000000
0.245675950 0.969352014 0.000000000
0.296690572 0.954973667 0.000000000
0.308382512 0.951262438 0.000000000
0.306118232 0.951993502 0.000000000
0.509014725 0.860757812 0.000000000
0.493903313 0.869516830 0.000000000
0.516950763 0.856015133 0.000000000
0.535221273 0.844711897 0.000000000
0.527636862 0.849470036 0.000000000
0.572692666 0.819770157 0.000000000
0.546621926 0.837379526 0.000000000
0.520010154 0.854160078 0.000000000
0.292063119 0.956399046 0.000000000
0.304985225 0.952357083 0.000000000
0.303447865 0.952848043 0.000000000
0.246663328 0.969101234 0.000000000
0.236647930 0.971595470 0.000000000
0.235637788 0.971840950 0.000000000
0.405337272 0.914167215 0.000000000
0.390509607 0.920598852 0.000000000
0.370099442 0.928992144 0.000000000
0.372841313 0.927895121 0.000000000
0.375579932 0.926790006 0.000000000
0.443532939 0.896258072 0.000000000
0.461690825 0.887040913 0.000000000
0.458155480 0.888872070 0.000000000
0.424909716 0.905235734 0.000000000
0.424909716 0.905235734 0.000000000
0.408274609 0.912859159 0.000000000
0.473929607 0.880562733 0.000000000
0.468525715 0.883449860 0.000000000
0.495063154 0.868856993 0.000000000
0.489730583 0.871873819 0.000000000
0.479163108 0.877725877 0.000000000
0.463104236 0.886303823 0.000000000
0.457665372 0.889124517 0.000000000
0.595332000 0.803479813 0.000000000
0.595587235 0.803290636 0.000000000
0.595948189 0.803022887 0.000000000
0.597066184 0.802191980 0.000000000
0.596977536 0.802257952 0.000000000
0.597021861 0.802224967 0.000000000
0.599710272 0.800217214 0.000000000
0.602347830 0.798233733 0.000000000
0.315126581 0.949049650 0.000000000
0.305727587 0.952119027 0.000000000
0.318861593 0.947801290 0.000000000
0.309474759 0.950907658 0.000000000
0.307601770 0.951515187 0.000000000
0.296298705 0.955095324 0.000000000
0.286840855 0.957978248 0.000000000
0.328728588 0.944424436 0.000000000
0.328728588 0.944424436 0.000000000
0.344112211 0.938928531 0.000000000
0.618866019 0.785496563 0.000000000
0.619924782 0.784661242 0.000000000
0.634178179 0.773186936 0.000000000
0.627602836 0.778533673 0.000000000
0.620982417 0.783824494 0.000000000
0.606195538 0.795315641 0.000000000
0.602201445 0.798344174 0.000000000
0.605245445 0.796038913 0.000000000
0.621548010 0.783376073 0.000000000
0.624745010 0.780828837 0.000000000
0.617903573 0.786253887 0.000000000
0.168741193 0.985660393 0.000000000
0.177742396 0.984077050 0.000000000
0.177966382 0.984036568 0.000000000
0.141071729 0.989999377 0.000000000
0.139297605 0.990250563 0.000000000
0.122233357 0.992501389 0.000000000
0.120454779 0.992718815 0.000000000
0.129882056 0.991529451 0.000000000
0.137523034 0.990498569 0.000000000
0.135748021 0.990743395 0.000000000
0.162399790 0.986725042 0.000000000
0.159819535 0.987146249 0.000000000
0.169886735 0.985463595 0.000000000
0.142064346 0.989857425 0.000000000
0.136886692 0.990586712 0.000000000
0.131793265 0.991277224 0.000000000
0.085567241 0.996332398 0.000000000
0.075486710 0.997146808 0.000000000
0.075486710 0.997146808 0.000000000
0.115137873 0.993349521 0.000000000
0.124564350 0.992211531 0.000000000
0.115137873 0.993349521 0.000000000
0.611850270 0.790973607 0.000000000
0.593468117 0.804857499 0.000000000
0.599185793 0.800610008 0.000000000
0.045825985 0.998949438 0.000000000
0.043718953 0.999043869 0.000000000
0.050392294 0.998729501 0.000000000
0.037301972 0.999304039 0.000000000
0.035752481 0.999360676 0.000000000
0.032786322 0.999462384 0.000000000
0.671134097 0.741335972 0.000000000
0.678313775 0.734772361 0.000000000
0.663890910 0.747829432 0.000000000
0.668770483 0.743468925 0.000000000
0.673621415 0.739076579 0.000000000
0.626211578 0.779653166 0.000000000
0.614830846 0.788659008 0.000000000
0.626874034 0.779120623 0.000000000
0.630838016 0.775914555 0.000000000
0.623465771 0.781850646 0.000000000
0.632195035 0.774809291 0.000000000
0.095608280 0.995419036 0.000000000
0.104974855 0.994474876 0.000000000
0.099929316 0.994994539 0.000000000
0.081529719 0.996670911 0.000000000
0.076457237 0.997072861 0.000000000
0.086223193 0.996275846 0.000000000
0.452425027 0.891802442 0.000000000
0.452425027 0.891802442 0.000000000
0.452425027 0.891802442 0.000000000
0.463378823 0.886160294 0.000000000
0.474262268 0.880383610 0.000000000
0.423117400 0.906074868 0.000000000
0.419527804 0.907742486 0.000000000
0.421323427 0.906910453 0.000000000
0.406467239 0.913665357 0.000000000
0.389680974 0.920949911 0.000000000
0.598152364 0.801382399 0.000000000
0.600082193 0.799938348 0.000000000
0.596219060 0.802821794 0.000000000
0.596219060 0.802821794 0.000000000
0.596219060 0.802821794 0.000000000
0.598328042 0.801251243 0.000000000
0.597990241 0.801503382 0.000000000
0.600156098 0.799882903 0.000000000
0.481370654 0.876517138 0.000000000
0.466960388 0.884278235 0.000000000
0.477820372 0.878457564 0.000000000
0.485057412 0.874482308 0.000000000
0.486931267 0.873440290 0.000000000
0.468932932 0.883233777 0.000000000
0.630936191 0.775834727 0.000000000
0.622899988 0.782301479 0.000000000
0.613735060 0.789512049 0.000000000
0.605558693 0.795800647 0.000000000
0.614266424 0.789098701 0.000000000
0.614797510 0.788684996 0.000000000
0.606629617 0.794984596 0.000000000
0.592075068 0.805882816 0.000000000
0.582425260 0.812884258 0.000000000
0.563982433 0.825786786 0.000000000
0.373266423 0.927724192 0.000000000
0.390293353 0.920690555 0.000000000
0.387144289 0.922019143 0.000000000
0.325804648 0.945437111 0.000000000
0.324309776 0.945950934 0.000000000
0.310963202 0.950421952 0.000000000
0.605136683 0.796121596 0.000000000
0.604504399 0.796601802 0.000000000
0.608885526 0.793258102 0.000000000
0.601373978 0.798967671 0.000000000
0.600037995 0.799971502 0.000000000
0.602708281 0.797961608 0.000000000
0.599402260 0.800447956 0.000000000
0.596085982 0.802920608 0.000000000
0.274246128 0.961659535 0.000000000
0.275345899 0.961345222 0.000000000
0.256084363 0.966654436 0.000000000
0.266279688 0.963895807 0.000000000
0.276445309 0.961029652 0.000000000
0.305246007 0.952273530 0.000000000
0.317356884 0.948306178 0.000000000
0.314970339 0.949101515 0.000000000
0.578399549 0.815753616 0.000000000
0.578399549 0.815753616 0.000000000
0.526101067 0.850422052 0.000000000
0.552522287 0.833498124 0.000000000
0.578399549 0.815753616 0.000000000
0.578399549 0.815753616 0.000000000
0.552522287 0.833498124 0.000000000
0.526101067 0.850422052 0.000000000
0.526101067 0.850422052 0.000000000
0.526101067 0.850422052 0.000000000
0.600082193 0.799938348 0.000000000
0.600082193 0.799938348 0.000000000
0.598152364 0.801382399 0.000000000
0.605136683 0.796121596 0.000000000
0.604504399 0.796601802 0.000000000
0.608885526 0.793258102 0.000000000
0.599960477 0.800029641 0.000000000
0.600698224 0.799475855 0.000000000
0.600329414 0.799752833 0.000000000
0.598165054 0.801372927 0.000000000
0.596366624 0.802712184 0.000000000
0.384174011 0.923260705 0.000000000
0.395465096 0.918481006 0.000000000
0.372825171 0.927901607 0.000000000
0.366838233 0.930284747 0.000000000
0.360836062 0.932629260 0.000000000
0.438625087 0.898670147 0.000000000
0.444053941 0.896000055 0.000000000
0.458944835 0.888464765 0.000000000
0.631999358 0.774968910 0.000000000
0.628290252 0.777979023 0.000000000
0.620522988 0.784188256 0.000000000
0.637835557 0.770172580 0.000000000
0.636625624 0.771173012 0.000000000
0.629811887 0.776747699 0.000000000
0.304321136 0.952569497 0.000000000
0.299158591 0.954203405 0.000000000
0.293005802 0.956110663 0.000000000
0.332445279 0.943122546 0.000000000
0.330587574 0.943775321 0.000000000
0.345960346 0.938249135 0.000000000
0.513688665 0.857976664 0.000000000
0.503287312 0.864119136 0.000000000
0.532075162 0.846697125 0.000000000
0.490535960 0.871420950 0.000000000
0.491340919 0.870967337 0.000000000
0.474589987 0.880206989 0.000000000
0.123967893 0.992286230 0.000000000
0.133390900 0.991063503 0.000000000
0.125702050 0.992068039 0.000000000
0.118682854 0.992932213 0.000000000
0.116910550 0.993142449 0.000000000
0.126334980 0.991987637 0.000000000
0.021670604 0.999765165 0.000000000
0.021670604 0.999765165 0.000000000
0.021670604 0.999765165 0.000000000
0.021670604 0.999765165 0.000000000
0.021670604 0.999765165 0.000000000
0.021670604 0.999765165 0.000000000
0.021670604 0.999765165 0.000000000
0.122098511 0.992517987 0.000000000
0.111645541 0.993748093 0.000000000
0.117829565 0.993033833 0.000000000
0.136886692 0.990586712 0.000000000
0.142064346 0.989857425 0.000000000
0.131793265 0.991277224 0.000000000
0.248702896 0.968579821 0.000000000
0.239665641 0.970855489 0.000000000
0.250679897 0.968070033 0.000000000
0.239160937 0.970979941 0.000000000
0.235605483 0.971848783 0.000000000
0.226073318 0.974110289 0.000000000
0.365401617 0.930849966 0.000000000
0.376130803 0.926566576 0.000000000
0.368092715 0.929789091 0.000000000
0.332575350 0.943076686 0.000000000
0.324903740 0.945747091 0.000000000
0.320796541 0.947148130 0.000000000
0.613885894 0.789394774 0.000000000
0.604689815 0.796461065 0.000000000
0.605721889 0.795676437 0.000000000
0.625246173 0.780427590 0.000000000
0.626703566 0.779257750 0.000000000
0.617965765 0.786205007 0.000000000
0.180231612 0.983624200 0.000000000
0.189701444 0.981841821 0.000000000
0.185480879 0.982647874 0.000000000
0.154441913 0.988001870 0.000000000
0.148914667 0.988850050 0.000000000
0.148914667 0.988850050 0.000000000
0.632329928 0.774699208 0.000000000
0.624689312 0.780873398 0.000000000
0.630478070 0.776207062 0.000000000
0.254276999 0.967131433 0.000000000
0.263374215 0.964693746 0.000000000
0.252468747 0.967605050 0.000000000
0.232125159 0.972685926 0.000000000
0.221226483 0.975222458 0.000000000
0.228136034 0.973629267 0.000000000
0.021670604 0.999765165 0.000000000
0.021670604 0.999765165 0.000000000
0.021670604 0.999765165 0.000000000
0.021670604 0.999765165 0.000000000
0.021670604 0.999765165 0.000000000
0.593584287 0.804771828 0.000000000
0.594866827 0.803824271 0.000000000
0.593931146 0.804515876 0.000000000
0.595213278 0.803567766 0.000000000
0.595040066 0.803696037 0.000000000
0.596147855 0.802874669 0.000000000
0.597427367 0.801923027 0.000000000
0.620137272 0.784493317 0.000000000
0.628719877 0.777631864 0.000000000
0.626498445 0.779422670 0.000000000
0.602885068 0.797828049 0.000000000
0.600204655 0.799846468 0.000000000
0.603422032 0.797422003 0.000000000
0.445302555 0.895380162 0.000000000
0.448439581 0.893813147 0.000000000
0.464485961 0.885580483 0.000000000
0.402210111 0.915547392 0.000000000
0.399078251 0.916916872 0.000000000
0.384636236 0.923068235 0.000000000
0.334928480 0.942243553 0.000000000
0.328453709 0.944520069 0.000000000
0.341387475 0.939922652 0.000000000
0.326061199 0.945348663 0.000000000
0.310648734 0.950524783 0.000000000
0.575448680 0.817837892 0.000000000
0.572490300 0.819911493 0.000000000
0.549507481 0.835488796 0.000000000
0.458787906 0.888545810 0.000000000
0.472368995 0.881400892 0.000000000
0.463858683 0.885909207 0.000000000
0.325876780 0.945412251 0.000000000
0.312518899 0.949911542 0.000000000
0.352395669 0.935851106 0.000000000
0.339169917 0.940725128 0.000000000
0.334126396 0.942528276 0.000000000
0.342350493 0.939572318 0.000000000
0.329073288 0.944304385 0.000000000
0.323709277 0.946156596 0.000000000
0.336748125 0.941594764 0.000000000
0.334180928 0.942508943 0.000000000
0.284653968 0.958630335 0.000000000
0.280272423 0.959920501 0.000000000
0.273580868 0.961849005 0.000000000
0.630100094 0.776513922 0.000000000
0.621978084 0.783034650 0.000000000
0.631458163 0.775409949 0.000000000
0.577870063 0.816128783 0.000000000
0.583154436 0.812361313 0.000000000
0.602397202 0.798196474 0.000000000
0.641072878 0.767480009 0.000000000
0.637526823 0.770428160 0.000000000
0.633544461 0.773706285 0.000000000
0.633755860 0.773533135 0.000000000
0.633967210 0.773359927 0.000000000
0.632207705 0.774798953 0.000000000
0.631770874 0.775155187 0.000000000
0.643346974 0.765574733 0.000000000
0.642915340 0.765937246 0.000000000
0.637359772 0.770566364 0.000000000
0.631333842 0.775511173 0.000000000
0.630896610 0.775866914 0.000000000
0.597128757 0.802145403 0.000000000
0.599040837 0.800718475 0.000000000
0.598234405 0.801321157 0.000000000
0.595912910 0.803049067 0.000000000
0.595739810 0.803177489 0.000000000
0.597891051 0.801577377 0.000000000
0.599581115 0.800313993 0.000000000
0.596112166 0.802901168 0.000000000
0.601138409 0.799144926 0.000000000
0.680342170 0.732894625 0.000000000
0.675298020 0.737544971 0.000000000
0.674260282 0.738493786 0.000000000
0.644740943 0.764401148 0.000000000
0.645437126 0.763813404 0.000000000
0.644044226 0.764988258 0.000000000
0.638495490 0.769625564 0.000000000
0.632913366 0.774222624 0.000000000
0.631723766 0.775193578 0.000000000
0.630532678 0.776162704 0.000000000
0.638014781 0.770024116 0.000000000
0.640414188 0.768029731 0.000000000
0.639755026 0.768578887 0.000000000
0.636654906 0.771148838 0.000000000
0.400429296 0.916327659 0.000000000
0.361714017 0.932289102 0.000000000
0.381155217 0.924511060 0.000000000
0.385422209 0.922740332 0.000000000
0.370312470 0.928907248 0.000000000
0.682163867 0.731199329 0.000000000
0.684488350 0.729023798 0.000000000
0.679832469 0.733367448 0.000000000
0.685995138 0.727606124 0.000000000
0.692108983 0.721793014 0.000000000
0.269317030 0.963051576 0.000000000
0.257780128 0.966203605 0.000000000
0.280815411 0.959761796 0.000000000
0.279278051 0.960210274 0.000000000
0.277739974 0.960656290 0.000000000
0.350766520 0.936462946 0.000000000
0.339770874 0.940508242 0.000000000
0.355089051 0.934832480 0.000000000
0.361027808 0.932555050 0.000000000
0.369629124 0.929179375 0.000000000
0.356027733 0.934475389 0.000000000
0.697291020 0.716788137 0.000000000
0.698419544 0.715688578 0.000000000
0.696160765 0.717885916 0.000000000
0.699815049 0.714324084 0.000000000
0.703451110 0.710743650 0.000000000
0.254794446 0.966995238 0.000000000
0.264686981 0.964334383 0.000000000
0.276750720 0.960941746 0.000000000
0.275651410 0.961257666 0.000000000
0.274551740 0.961572328 0.000000000
0.224641075 0.974441577 0.000000000
0.246760535 0.969076487 0.000000000
0.235716070 0.971821966 0.000000000
0.234715341 0.972064148 0.000000000
0.244764459 0.969582570 0.000000000
0.321386293 0.946948177 0.000000000
0.314164823 0.949368455 0.000000000
0.306527947 0.951861659 0.000000000
0.365740259 0.930716962 0.000000000
0.370634322 0.928778876 0.000000000
0.383084313 0.923713380 0.000000000
0.311272257 0.950320779 0.000000000
0.311895645 0.950116365 0.000000000
0.320186904 0.947354393 0.000000000
0.021670604 0.999765165 0.000000000
0.021670604 0.999765165 0.000000000
0.021670604 0.999765165 0.000000000
0.021670604 0.999765165 0.000000000
0.021670604 0.999765165 0.000000000
0.021670604 0.999765165 0.000000000
0.256785173 0.966468507 0.000000000
0.266782258 0.963756830 0.000000000
0.255789945 0.966732385 0.000000000
0.239731185 0.970839306 0.000000000
0.221620651 0.975132959 0.000000000
0.230685908 0.973028269 0.000000000
0.240730786 0.970591927 0.000000000
0.241730132 0.970343518 0.000000000
0.610232812 0.792222137 0.000000000
0.614419202 0.788979749 0.000000000
0.615556906 0.788092441 0.000000000
0.021670604 0.999765165 0.000000000
0.021670604 0.999765165 0.000000000
0.021670604 0.999765165 0.000000000
0.021670604 0.999765165 0.000000000
0.021670604 0.999765165 0.000000000
