v 0.00061616 0.60085857 0
v -0.42364842 0.42512266 0
v -0.18837944 0.18985472 0.17994401
v 0.00061616 0.00085865 0.21063361
v 0.00061616 0.29439196 0.32125314
v -0.11151936 0.58908361 0
v -0.15451091 0.5787629 0
v -0.28875159 0.52506053 0
v -0.22093566 0.40266316 0.20328359
v -0.05184412 0.59673029 0
v -0.05688491 0.45742126 0.23453492
v -0.31064852 0.31212381 0.10456773
v -0.2377306 0.54956524 0
v 0.00061616 0.4395401 0.27052889
v -0.09756763 0.09904239 0.20525146
v -0.27618272 0.41821099 0.14627369
v 0.00061616 0.20105135 0.32176628
v -0.13969283 0.49675666 0.15726716
v -0.04510995 0.51087442 0.18158964
v -0.32921212 0.50026665 0
v -0.1116182 0.24969694 0.28528724
v -0.09287258 0.49812469 0.1997749
v -0.27988934 0.4719754 0.09516606
v -0.08712674 0.34726783 0.29071804
v -0.270821 0.27229629 0.13438411
v 0.00061616 0.05495694 0.2325754
v -0.32997763 0.40161374 0.09863188
v -0.07894273 0.54629815 0.11346047
v 0.00061616 0.48430241 0.22094797
v -0.17619017 0.42940972 0.21880838
v -0.13998726 0.27792405 0.28694023
v 0.00061616 0.38991028 0.29780111
v -0.25377791 0.37488716 0.18397807
v -0.0321025 0.56232022 0.09072442
v -0.37236876 0.42310688 0.04471184
v -0.38859377 0.39006906 0.03483909
v -0.13492102 0.31845083 0.280662
v 0.00061616 0.24795352 0.31839825
v -0.15517231 0.1566476 0.19180414
v -0.25930261 0.33061696 0.17800826
v -0.1257286 0.5388071 0.10859665
v -0.32404493 0.44522358 0.06225967
v -0.04495464 0.36835089 0.3055643
v -0.04882803 0.18113233 0.29089449
v 0.00061616 0.54438648 0.12914426
v -0.08230287 0.21431422 0.29000059
v -0.21649192 0.35121105 0.22064378
v -0.3498672 0.35134249 0.07115556
v -0.22818382 0.44944756 0.17044107
v -0.22833629 0.22981158 0.16117862
v -0.17960762 0.47484922 0.17455137
v -0.1211082 0.45215838 0.24053596
v -0.09350602 0.29700605 0.30136577
v -0.13168758 0.2038505 0.25950598
v -0.221269 0.29923212 0.19841034
v -0.0948873 0.16382215 0.25773342
v 0.00061616 0.15839734 0.28944128
v -0.1757254 0.38067895 0.2353652
v -0.05615621 0.26482521 0.31224768
v -0.23154764 0.49712259 0.10663997
v -0.12641104 0.12788632 0.1992686
v -0.29433623 0.367639 0.14306717
v -0.16510396 0.2377611 0.24739347
v -0.08719351 0.40423414 0.27559419
v -0.05121836 0.13544047 0.27649902
v -0.13585793 0.40792814 0.2462512
v -0.04069092 0.22188414 0.31122896
v -0.1773826 0.33169161 0.25817401
v 0.00061616 0.34084302 0.31529447
v -0.03434329 0.03581816 0.21028825
v -0.04696484 0.31717112 0.3012868
v -0.0401232 0.41350752 0.28118545
v -0.12967917 0.36559905 0.28430459
v -0.38169788 0.46095228 0
v 0.00061616 0.11100726 0.27888619
v -0.04228251 0.09005923 0.24804163
v -0.06785136 0.06932623 0.20830718
v -0.19470961 0.56738541 0
v -0.1804867 0.28234886 0.23210011
v -0.17920594 0.52466726 0.10118393
v -0.59938328 0.00085865 0
v -0.29291667 0.00085865 0.32119741
v -0.58760937 0.11299464 0
v -0.57728761 0.15598514 0
v -0.52358629 0.29022688 0
v -0.40118892 0.22241095 0.20328359
v -0.595255 0.05331899 0
v -0.45594597 0.05835968 0.24324374
v -0.548091 0.23920484 0
v -0.43806586 0.00085865 0.26045624
v -0.4167357 0.27765801 0.14627369
v -0.19957606 0.00085865 0.30841771
v -0.49528243 0.14116707 0.16981173
v -0.50939913 0.04658471 0.16777146
v -0.49879241 0.33068636 0
v -0.24822271 0.11309244 0.27542131
v -0.49665046 0.09434734 0.17655568
v -0.47050011 0.28136463 0.0878138
v -0.34579255 0.0886015 0.29795715
v -0.05348208 0.00085865 0.23188266
v -0.40013845 0.33145292 0.09863188
v -0.54482287 0.08041749 0.11346047
v -0.48282713 0.00085865 0.20991673
v -0.42793548 0.17766546 0.2107665
v -0.27644876 0.14146255 0.30431603
v -0.38843604 0.00085865 0.29780111
v -0.37341187 0.25525214 0.18397807
v -0.56084599 0.03357726 0.08724808
v -0.4216316 0.373843 0.04471184
v -0.31697659 0.13639525 0.26220661
v -0.24647823 0.00085865 0.30622287
v -0.32914167 0.2607779 0.17262277
v -0.53733286 0.12720388 0.10859665
v -0.44374935 0.32551917 0.07889057
v -0.3668756 0.0464294 0.30294632
v -0.1796581 0.0503029 0.29089449
v -0.54291225 0.00085865 0.12914426
v -0.21283998 0.08377774 0.29000059
v -0.34973576 0.21796616 0.22064378
v -0.44797227 0.22965805 0.16551037
v -0.47337393 0.18108291 0.17455137
v -0.45068415 0.12258349 0.21450672
v -0.29553181 0.09498078 0.30136577
v -0.20237627 0.13316182 0.25207749
v -0.29775789 0.22274428 0.20954836
v -0.16234686 0.09636217 0.25773342
v -0.15692205 0.00085865 0.28944128
v -0.37920472 0.17720069 0.23419222
v -0.26334993 0.05763097 0.31224768
v -0.49564836 0.23302293 0.10663997
v -0.36616477 0.29581152 0.14306717
v -0.23628686 0.16657924 0.23971819
v -0.40275885 0.08866838 0.27559419
v -0.13396518 0.05269312 0.26630976
v -0.40645285 0.13733321 0.25446613
v -0.22040885 0.04216579 0.32176628
v -0.33021738 0.17885789 0.25247149
v -0.33936879 0.00085865 0.31529447
v -0.31569583 0.04843971 0.31916796
v -0.41203224 0.04159797 0.28783855
v -0.36412376 0.13115341 0.27577599
v -0.45947699 0.38317211 0
v -0.10953198 0.00085865 0.26414383
v -0.08858446 0.04375727 0.24154364
v -0.56591012 0.19618384 0
v -0.28087357 0.18196093 0.24991661
v -0.52319197 0.18068018 0.10316184
v 0.42487975 0.42512266 0
v 0.18961182 0.18985472 0.17994401
v 0.11275174 0.58908361 0
v 0.15574329 0.5787629 0
v 0.28998397 0.52506053 0
v 0.22216805 0.40266316 0.20212366
v 0.0530764 0.59673029 0
v 0.05811719 0.45742126 0.24324374
v 0.3118809 0.31212381 0.10456773
v 0.23896299 0.54956524 0
v 0.09879991 0.09904239 0.20525146
v 0.27741511 0.41821099 0.13492333
v 0.14092522 0.49675666 0.16981173
v 0.04634223 0.51087442 0.18158964
v 0.33044451 0.50026665 0
v 0.11285058 0.24969694 0.28528724
v 0.09410486 0.49812469 0.18704421
v 0.28112173 0.4719754 0.10662819
v 0.08835902 0.34726783 0.29842445
v 0.27205339 0.27229629 0.13438411
v 0.33121001 0.40161374 0.09863188
v 0.08017501 0.54629815 0.12136698
v 0.17742256 0.42940972 0.21880838
v 0.14121964 0.27792405 0.26597011
v 0.25501029 0.37488716 0.18397807
v 0.03333478 0.56232022 0.09072442
v 0.37360009 0.42310688 0.04471184
v 0.38982616 0.39006906 0.03483909
v 0.1361534 0.31845083 0.280662
v 0.1564047 0.1566476 0.19180414
v 0.260535 0.33061696 0.18315557
v 0.12696098 0.5388071 0.09444156
v 0.32527732 0.44522358 0.09014293
v 0.04618692 0.36835089 0.30653958
v 0.05006042 0.18113233 0.29280437
v 0.08353526 0.21431422 0.31307743
v 0.21772431 0.35121105 0.19364242
v 0.35109959 0.35134249 0.07115556
v 0.22941515 0.44944756 0.16551037
v 0.22956867 0.22981158 0.16117862
v 0.18084001 0.47484922 0.17455137
v 0.12234059 0.45215838 0.21884223
v 0.0947383 0.29700605 0.30136577
v 0.13291997 0.2038505 0.25340251
v 0.22250138 0.29923212 0.20954836
v 0.09611968 0.16382215 0.24198244
v 0.17695778 0.38067895 0.22898687
v 0.05738849 0.26482521 0.31224768
v 0.23278003 0.49712259 0.10663997
v 0.12764342 0.12788632 0.1992686
v 0.29556862 0.367639 0.14306717
v 0.16633634 0.2377611 0.23971819
v 0.0884259 0.40423414 0.27559419
v 0.05245064 0.13544047 0.26630976
v 0.13709031 0.40792814 0.25446613
v 0.04192331 0.22188414 0.32176628
v 0.17861499 0.33169161 0.25991239
v 0.03557568 0.03581816 0.21028825
v 0.04819712 0.31717112 0.31461876
v 0.04135548 0.41350752 0.28703802
v 0.13091156 0.36559905 0.27577599
v 0.38293026 0.46095228 0
v 0.04351479 0.09005923 0.24154364
v 0.06908375 0.06932623 0.20830718
v 0.19594094 0.56738541 0
v 0.18171908 0.28234886 0.25918905
v 0.18043833 0.52466726 0.10834039
v 0.58884176 0.11299464 0
v 0.57852 0.15598514 0
v 0.52481868 0.29022688 0
v 0.40242131 0.22241095 0.20328359
v 0.59648738 0.05331899 0
v 0.45717836 0.05835968 0.24324374
v 0.54932339 0.23920484 0
v 0.41796809 0.27765801 0.14627369
v 0.49651481 0.14116707 0.1772357
v 0.51063152 0.04658471 0.18158964
v 0.5000248 0.33068636 0
v 0.24945404 0.11309244 0.28528724
v 0.49788284 0.09434734 0.18727092
v 0.4717325 0.28136463 0.09516606
v 0.34702493 0.0886015 0.29732729
v 0.40137084 0.33145292 0.0867423
v 0.54605525 0.08041749 0.11677603
v 0.42916787 0.17766546 0.21880838
v 0.27768114 0.14146255 0.28715706
v 0.37464426 0.25525214 0.18397807
v 0.56207837 0.03357726 0.09072442
v 0.42286398 0.373843 0.04471184
v 0.31820897 0.13639525 0.2762842
v 0.33037405 0.2607779 0.16549081
v 0.53856525 0.12720388 0.10859665
v 0.44498173 0.32551917 0.07889057
v 0.36810798 0.0464294 0.30294632
v 0.18089048 0.0503029 0.29089449
v 0.21407237 0.08377774 0.29000059
v 0.35096815 0.21796616 0.22064378
v 0.44920465 0.22965805 0.16551037
v 0.47460631 0.18108291 0.17553413
v 0.45191653 0.12258349 0.22821715
v 0.2967642 0.09498078 0.31326734
v 0.20360865 0.13316182 0.25207749
v 0.29899027 0.22274428 0.20954836
v 0.16357925 0.09636217 0.25559673
v 0.38043605 0.17720069 0.26308442
v 0.26458231 0.05763097 0.31224768
v 0.49688074 0.23302293 0.10663997
v 0.36739715 0.29581152 0.14306717
v 0.23751819 0.16657924 0.23971819
v 0.40399123 0.08866838 0.28738881
v 0.13519757 0.05269312 0.26630976
v 0.40768524 0.13733321 0.24987202
v 0.22164124 0.04216579 0.30394547
v 0.33144976 0.17885789 0.26286191
v 0.31692822 0.04843971 0.31273821
v 0.41326462 0.04159797 0.28118545
v 0.36535615 0.13115341 0.2639964
v 0.46070938 0.38317211 0
v 0.08981675 0.04375727 0.24154364
v 0.56714251 0.19618384 0
v 0.28210596 0.18196093 0.24352597
v 0.52442436 0.18068018 0.10316184
v -0.42364842 -0.42340552 0
v -0.18837944 -0.18813758 0.17994401
v -0.11151936 -0.58736647 0
v -0.15451091 -0.57704576 0
v -0.28875159 -0.52334339 0
v -0.22093566 -0.40094602 0.20328359
v -0.05184412 -0.5950121 0
v -0.05688491 -0.45570412 0.23438844
v -0.31064852 -0.31040562 0.10456773
v -0.2377306 -0.5478481 0
v -0.09756763 -0.09732515 0.20525146
v -0.27618272 -0.4164928 0.14627369
v -0.13969283 -0.49503952 0.16981173
v -0.04510995 -0.50915728 0.18158964
v -0.32921212 -0.49854951 0
v -0.1116182 -0.2479798 0.28528724
v -0.09287258 -0.49640756 0.18727092
v -0.27988934 -0.47025826 0.09516606
v -0.08712674 -0.34554964 0.30746745
v -0.270821 -0.27057915 0.13438411
v -0.32997763 -0.3998966 0.08488005
v -0.07894273 -0.54457996 0.08757826
v -0.17619017 -0.42769258 0.21880838
v -0.13998726 -0.27620586 0.27433025
v -0.25377791 -0.37316897 0.18838995
v -0.0321025 -0.56060308 0.09072442
v -0.37236876 -0.42138869 0.04471184
v -0.38859377 -0.38835192 0.03483909
v -0.13492102 -0.31673369 0.280662
v -0.15517231 -0.15492941 0.19180414
v -0.25930261 -0.32889982 0.17800826
v -0.1257286 -0.53708996 0.10671946
v -0.32404493 -0.44350645 0.08164662
v -0.04495464 -0.36663375 0.30294632
v -0.04882803 -0.1794152 0.30446703
v -0.08230287 -0.21259708 0.29000059
v -0.21649192 -0.34949391 0.21736599
v -0.3498672 -0.3496243 0.07115556
v -0.22818382 -0.44772937 0.16551037
v -0.22833629 -0.22809339 0.16117862
v -0.17960762 -0.47313103 0.17455137
v -0.1211082 -0.45044125 0.22821715
v -0.09350602 -0.29528891 0.30136577
v -0.13168758 -0.20213337 0.25207749
v -0.221269 -0.29751499 0.21258801
v -0.0948873 -0.16210396 0.27158441
v -0.1757254 -0.37896181 0.24483123
v -0.05615621 -0.26310808 0.32132464
v -0.23154764 -0.49540545 0.10663997
v -0.12641104 -0.12616813 0.1992686
v -0.29433623 -0.36592187 0.14559777
v -0.16510396 -0.23604396 0.2209098
v -0.08719351 -0.402517 0.27283246
v -0.05121836 -0.13372333 0.26630976
v -0.13585793 -0.40620995 0.251288
v -0.04069092 -0.220167 0.30788711
v -0.1773826 -0.32997447 0.25247149
v -0.03434329 -0.03410081 0.21028825
v -0.04696484 -0.31545398 0.31461876
v -0.0401232 -0.41179039 0.26639472
v -0.12967917 -0.36388191 0.27577599
v -0.38169788 -0.45923409 0
v -0.04228251 -0.08834198 0.24154364
v -0.06785136 -0.06760888 0.20830718
v -0.19470961 -0.56566827 0
v -0.1804867 -0.28063067 0.24352597
v -0.17920594 -0.52294907 0.09958982
v -0.58760937 -0.11127751 0
v -0.57728761 -0.154268 0
v -0.52358629 -0.28850974 0
v -0.40118892 -0.22069381 0.20328359
v -0.595255 -0.05160164 0
v -0.45594597 -0.05664243 0.23118644
v -0.548091 -0.2374877 0
v -0.4167357 -0.27594087 0.14627369
v -0.49528243 -0.13944993 0.16981173
v -0.50939913 -0.04486736 0.18168954
v -0.49879241 -0.32896922 0
v -0.24822271 -0.1113753 0.28528724
v -0.49665046 -0.0926301 0.18727092
v -0.47050011 -0.27964644 0.11851104
v -0.34579255 -0.08688426 0.29401036
v -0.40013845 -0.32973578 0.10991158
v -0.54482287 -0.07870025 0.11346047
v -0.42793548 -0.17594727 0.21880838
v -0.27644876 -0.13974541 0.27400838
v -0.37341187 -0.253535 0.18397807
v -0.56084599 -0.03186001 0.09790633
v -0.4216316 -0.37212586 0.04471184
v -0.31697659 -0.13467812 0.280662
v -0.32914167 -0.25906076 0.18074464
v -0.53733286 -0.12548675 0.10859665
v -0.44374935 -0.32380203 0.07889057
v -0.3668756 -0.04471216 0.3067073
v -0.1796581 -0.04858555 0.27636243
v -0.21283998 -0.08206039 0.29080132
v -0.34973576 -0.21624902 0.22064378
v -0.44797227 -0.22794091 0.16551037
v -0.47337393 -0.17936472 0.16636999
v -0.45068415 -0.12086635 0.22821715
v -0.29553181 -0.09326354 0.30136577
v -0.20237627 -0.13144468 0.25207749
v -0.29775789 -0.22102715 0.20954836
v -0.16234686 -0.09464482 0.2481818
v -0.37920472 -0.17548355 0.24483123
v -0.26334993 -0.05591373 0.31224768
v -0.49564836 -0.23130579 0.10663997
v -0.36616477 -0.29409333 0.13695708
v -0.23628686 -0.16486211 0.23971819
v -0.40275885 -0.08695103 0.27431122
v -0.13396518 -0.05097588 0.25649788
v -0.40645285 -0.13561502 0.25446613
v -0.22040885 -0.04044844 0.30788711
v -0.33021738 -0.17714075 0.25247149
v -0.31569583 -0.04672236 0.31461876
v -0.41203224 -0.03988072 0.28118545
v -0.36412376 -0.12943627 0.28600427
v -0.45947699 -0.38145498 0
v -0.08858446 -0.04204003 0.24154364
v -0.56591012 -0.19446671 0
v -0.28087357 -0.1802438 0.24352597
v -0.52319197 -0.17896304 0.11400842
v 0.00061616 -0.59914143 0
v 0.42487975 -0.42340552 0
v 0.18961182 -0.18813758 0.17994401
v 0.00061616 -0.29267377 0.32125314
v 0.11275174 -0.58736647 0
v 0.15574329 -0.57704576 0
v 0.28998397 -0.52334339 0
v 0.22216805 -0.40094602 0.20328359
v 0.0530764 -0.5950121 0
v 0.05811719 -0.45570412 0.24324374
v 0.3118809 -0.31040562 0.10456773
v 0.23896299 -0.5478481 0
v 0.00061616 -0.43782296 0.26548231
v 0.09879991 -0.09732515 0.20525146
v 0.27741511 -0.4164928 0.14627369
v 0.00061616 -0.19933421 0.32176628
v 0.14092522 -0.49503952 0.16922677
v 0.04634223 -0.50915728 0.17284906
v 0.33044451 -0.49854951 0
v 0.11285058 -0.2479798 0.28528724
v 0.09410486 -0.49640756 0.17388281
v 0.28112173 -0.47025826 0.09516606
v 0.08835902 -0.34554964 0.28508345
v 0.27205339 -0.27057915 0.13438411
v 0.00061616 -0.0532396 0.23188266
v 0.33121001 -0.3998966 0.09863188
v 0.08017501 -0.54457996 0.11346047
v 0.00061616 -0.48258528 0.22094797
v 0.17742256 -0.42769258 0.21880838
v 0.14121964 -0.27620586 0.28503634
v 0.00061616 -0.38819314 0.29780111
v 0.25501029 -0.37316897 0.18397807
v 0.03333478 -0.56060308 0.09072442
v 0.37360009 -0.42138869 0.04471184
v 0.38982616 -0.38835192 0.03483909
v 0.1361534 -0.31673369 0.28393624
v 0.00061616 -0.24623638 0.32176628
v 0.1564047 -0.15492941 0.19180414
v 0.260535 -0.32889982 0.17800826
v 0.12696098 -0.53708996 0.09284114
v 0.32527732 -0.44350645 0.07889057
v 0.04618692 -0.36663375 0.30294632
v 0.05006042 -0.1794152 0.29089449
v 0.00061616 -0.54266935 0.12914426
v 0.08353526 -0.21259708 0.29000059
v 0.21772431 -0.34949391 0.22064378
v 0.35109959 -0.3496243 0.07115556
v 0.22941515 -0.44772937 0.16551037
v 0.22956867 -0.22809339 0.16117862
v 0.18084001 -0.47313103 0.17455137
v 0.12234059 -0.45044125 0.22821715
v 0.0947383 -0.29528891 0.30136577
v 0.13291997 -0.20213337 0.2571533
v 0.22250138 -0.29751499 0.19568059
v 0.09611968 -0.16210396 0.25773342
v 0.00061616 -0.1566802 0.28225359
v 0.17695778 -0.37896181 0.24061767
v 0.05738849 -0.26310808 0.32176628
v 0.23278003 -0.49540545 0.10663997
v 0.12764342 -0.12616813 0.1992686
v 0.29556862 -0.36592187 0.14306717
v 0.16633634 -0.23604396 0.23971819
v 0.0884259 -0.402517 0.27038914
v 0.05245064 -0.13372333 0.26630976
v 0.13709031 -0.40620995 0.25446613
v 0.04192331 -0.220167 0.30788711
v 0.17861499 -0.32997447 0.25247149
v 0.00061616 -0.33912589 0.31529447
v 0.03557568 -0.03410081 0.21028825
v 0.04819712 -0.31545398 0.3155339
v 0.04135548 -0.41179039 0.28118545
v 0.13091156 -0.36388191 0.27577599
v 0.38293026 -0.45923409 0
v 0.00061616 -0.10929013 0.26414383
v 0.04351479 -0.08834198 0.24154364
v 0.06908375 -0.06760888 0.20830718
v 0.19594094 -0.56566827 0
v 0.18171908 -0.28063067 0.24352597
v 0.18043833 -0.52294907 0.11745489
v 0.60061567 0.00085865 0
v 0.29414906 0.00085865 0.32125314
v 0.58884176 -0.11127751 0
v 0.57852 -0.154268 0
v 0.52481868 -0.28850974 0
v 0.40242131 -0.22069381 0.20328359
v 0.59648738 -0.05160164 0
v 0.45717836 -0.05664243 0.24324374
v 0.54932339 -0.2374877 0
v 0.43929825 0.00085865 0.2578677
v 0.41796809 -0.27594087 0.14627369
v 0.20080845 0.00085865 0.31105525
v 0.49651481 -0.13944993 0.16981173
v 0.51063152 -0.04486736 0.17612235
v 0.5000248 -0.32896922 0
v 0.24945404 -0.1113753 0.28528724
v 0.49788284 -0.0926301 0.19168353
v 0.4717325 -0.27964644 0.09516606
v 0.34702493 -0.08688426 0.29842445
v 0.05471446 0.00085865 0.23188266
v 0.40137084 -0.32973578 0.09863188
v 0.54605525 -0.07870025 0.11567897
v 0.48405951 0.00085865 0.22037864
v 0.42916787 -0.17594727 0.21880838
v 0.27768114 -0.13974541 0.27395591
v 0.38966843 0.00085865 0.29780111
v 0.37464426 -0.253535 0.17066673
v 0.56207837 -0.03186001 0.09072442
v 0.42286398 -0.37212586 0.03014719
v 0.31820897 -0.13467812 0.280662
v 0.24771061 0.00085865 0.31082065
v 0.33037405 -0.25906076 0.17800826
v 0.53856525 -0.12548675 0.10777025
v 0.44498173 -0.32380203 0.08311349
v 0.36810798 -0.04471216 0.30294632
v 0.18089048 -0.04858555 0.30448007
v 0.54414463 0.00085865 0.12914426
v 0.21407237 -0.08206039 0.3060093
v 0.35096815 -0.21624902 0.22064378
v 0.44920465 -0.22794091 0.17281951
v 0.47460631 -0.17936472 0.17455137
v 0.45191653 -0.12086635 0.22821715
v 0.2967642 -0.09326354 0.29836977
v 0.20360865 -0.13144468 0.25207749
v 0.29899027 -0.22102715 0.20954836
v 0.16357925 -0.09464482 0.26561543
v 0.15815444 0.00085865 0.28944128
v 0.38043605 -0.17548355 0.24483123
v 0.26458231 -0.05591373 0.31354736
v 0.49688074 -0.23130579 0.11349159
v 0.36739715 -0.29409333 0.14306717
v 0.23751819 -0.16486211 0.23971819
v 0.40399123 -0.08695103 0.27559419
v 0.13519757 -0.05097588 0.26630976
v 0.40768524 -0.13561502 0.25446613
v 0.22164124 -0.04044844 0.31751812
v 0.33144976 -0.17714075 0.25247149
v 0.34060117 0.00085865 0.31529447
v 0.31692822 -0.04672236 0.31461876
v 0.41326462 -0.03988072 0.28118545
v 0.36535615 -0.12943627 0.27577599
v 0.46070938 -0.38145498 0
v 0.11076436 0.00085865 0.25906329
v 0.08981675 -0.04204003 0.24345836
v 0.56714251 -0.19446671 0
v 0.28210596 -0.1802438 0.24404111
v 0.52442436 -0.17896304 0.10316184
v -0.01574317 0.55335335 0.10993434
v -0.038606225 0.53659732 0.13615703
v -0.022246895 0.52763045 0.15536695
v -0.20389572 0.46214839 0.17249622
v -0.20557763 0.485985905 0.14059567
v -0.22986573 0.473285075 0.13854052
v -0.15770386 0.300399845 0.256381055
v -0.16023698 0.280136455 0.25952017
v -0.13745414 0.29818744 0.283801115
v -0.074392995 0.11724143 0.24087524
v -0.07305283 0.14963131 0.26711622
v -0.096227465 0.13143227 0.23149244
v -0.130400515 0.47445752 0.19890156
v -0.10699039 0.475141535 0.22015543
v -0.116282705 0.497440675 0.17852103
v -0.22455974 0.42605536 0.18686233
v -0.25218327 0.433829275 0.15835738
v -0.24855919 0.410437075 0.17477864
v -0.30455073 0.486121025 0.04758303
v -0.326628525 0.472745115 0.031129835
v -0.301967135 0.45859949 0.078712865
v -0.33025786 0.33173315 0.087861645
v -0.302492375 0.339881405 0.12381745
v -0.322101715 0.359490745 0.107111365
v -0.08168174 0.59290695 0
v -0.095231045 0.56769088 0.056730235
v -0.065393425 0.57151422 0.056730235
v -0.074831115 0.28091563 0.306806725
v -0.051560525 0.290998165 0.30676724
v -0.07023543 0.307088585 0.301326285
v -0.074878745 0.477772975 0.21715491
v -0.05099743 0.48414784 0.20806228
v -0.068991265 0.504499555 0.19068227
v -0.166858425 0.55171508 0.050591965
v -0.15246727 0.53173718 0.10489029
v -0.140119755 0.558785 0.054298325
v -0.108402955 0.35643344 0.287511315
v -0.087160125 0.375750985 0.283156115
v -0.10843634 0.384916595 0.27994939
v -0.06556545 0.197723275 0.29044754
v -0.044759475 0.201508235 0.301061725
v -0.061496895 0.21809918 0.300614775
v -0.27405707 0.37126308 0.16352262
v -0.27681942 0.34912798 0.160537715
v -0.25654026 0.35275206 0.180993165
v -0.10930059 0.518465895 0.154185775
v -0.085907655 0.52221142 0.156617685
v -0.102335665 0.542552625 0.11102856
v -0.088996555 0.45478982 0.23753544
v -0.104150855 0.42819626 0.258065075
v -0.07203921 0.4308277 0.255064555
v -0.055522615 0.554309185 0.102092445
v -0.04197331 0.579525255 0.04536221
v 0.00061616 0.461921255 0.24573843
v -0.028134375 0.470861835 0.227741445
v -0.028134375 0.44848068 0.252531905
v -0.308981855 0.51266359 0
v -0.284320465 0.498517965 0.04758303
v -0.11674664 0.28746505 0.294153
v -0.11421352 0.30772844 0.291013885
v -0.06922954 0.239569715 0.301124135
v -0.083887205 0.257261075 0.29876746
v -0.096960535 0.23200558 0.287643915
v -0.159650225 0.48580294 0.165909265
v -0.15035791 0.4635038 0.207543665
v -0.022246895 0.497588415 0.201268805
v 0.00061616 0.514344445 0.175046115
v -0.016863565 0.04538755 0.221431825
v -0.020833175 0.072508085 0.240308515
v -0.0383129 0.062938695 0.22916494
v -0.27803603 0.445093195 0.120719875
v -0.25403658 0.46071148 0.132803565
v -0.39800859 0.42411477 0.02235592
v -0.37703332 0.44202958 0.02235592
v -0.40267315 0.44303747 0
v -0.348206845 0.43416523 0.053485755
v -0.351173195 0.41236031 0.07167186
v -0.32701128 0.42341866 0.080445775
v -0.13836108 0.24372902 0.266340355
v -0.12580273 0.263810495 0.286113735
v -0.15254561 0.257842575 0.26716685
v -0.148649185 0.44078405 0.22967217
v -0.177898895 0.45212947 0.196679875
v -0.263241095 0.537312885 0
v -0.260149615 0.51109156 0.053319985
v -0.23463912 0.523343915 0.053319985
v -0.249578645 0.251053935 0.147781365
v -0.224802645 0.26452185 0.17979448
v -0.246045 0.285764205 0.166397225
v -0.31215693 0.38462637 0.120849525
v -0.285259475 0.392924995 0.14467043
v -0.303080175 0.409912365 0.122452785
v -0.380481265 0.40658797 0.039775465
v -0.3592857 0.3958414 0.066735485
v -0.02561398 0.59879443 0
v -0.01574317 0.581589395 0.04536221
v -0.159449385 0.51071196 0.129225545
v -0.132710715 0.51778188 0.132931905
v -0.237897265 0.340914005 0.19932602
v -0.235134915 0.363049105 0.202310925
v -0.06704579 0.332219475 0.29600242
v -0.09031638 0.32213694 0.296041905
v -0.12165289 0.22677372 0.27239661
v -0.106995225 0.20908236 0.274753285
v -0.024105935 0.169764835 0.290167885
v 0.00061616 0.179724345 0.30560378
v -0.024105935 0.19109184 0.306330385
v -0.369230485 0.370705775 0.052997325
v -0.339922415 0.376478115 0.08489372
v -0.264980315 0.396549075 0.16512588
v -0.237356785 0.38877516 0.19363083
v 0.00061616 0.572622525 0.06457213
v -0.06202634 0.528586285 0.147525055
v -0.300113825 0.431717285 0.10426668
v -0.406121095 0.40759586 0.017419545
v -0.21888046 0.325221585 0.20952706
v -0.1993258 0.315461865 0.228292175
v -0.19693726 0.34145133 0.239408895
v -0.11102388 0.33285933 0.28569002
v -0.132300095 0.34202494 0.282483295
v -0.02003738 0.211467745 0.31649762
v -0.125029805 0.160234875 0.22476878
v -0.11328744 0.183836325 0.2586197
v -0.143429945 0.18024905 0.22565506
v -0.19833053 0.391671055 0.219324395
v -0.21871379 0.376937105 0.211963685
v -0.19610866 0.365945 0.22800449
v -0.265061805 0.301456625 0.156196185
v -0.284975565 0.321370385 0.141287995
v -0.29073476 0.29221005 0.11947592
v -0.11862398 0.563945355 0.054298325
v -0.133015135 0.583923255 0
v -0.17940678 0.49975824 0.13786765
v -0.352871405 0.45308793 0.031129835
v -0.048504055 0.43546439 0.257860185
v -0.01975352 0.42652381 0.27585717
v -0.071857665 0.17247724 0.274313955
v -0.050023195 0.1582864 0.283696755
v -0.0253011 0.146918905 0.28297015
v -0.066074075 0.386292515 0.290579245
v -0.06604069 0.35780936 0.29814117
v -0.13276855 0.386763595 0.265277895
v -0.155791665 0.394303545 0.2408082
v -0.152702285 0.373139 0.259834895
v -0.10256211 0.273351495 0.293326505
v -0.088595085 0.189068185 0.273867005
v -0.240285805 0.31492454 0.1882093
v -0.198562915 0.41603644 0.211045985
v -0.202186995 0.43942864 0.194624725
v -0.25571849 0.484548995 0.100903015
v -0.01975352 0.4017089 0.28949328
v 0.00061616 0.41472519 0.284165
v -0.175957785 0.405044335 0.22708679
v -0.15602405 0.41866893 0.23252979
v 0.00061616 0.27117274 0.319825695
v -0.027770025 0.279608585 0.31675041
v -0.027770025 0.256389365 0.315322965
v -0.16003351 0.19685261 0.219724995
v -0.171775875 0.17325116 0.185874075
v -0.14839577 0.2208058 0.253449725
v -0.20087785 0.29079049 0.215255225
v -0.17893465 0.307020235 0.24513706
v -0.11064917 0.145854235 0.22850101
v -0.111989335 0.113464355 0.20226003
v -0.15615181 0.32507122 0.269418005
v -0.153530885 0.34864533 0.2712393
v -0.048423565 0.243354675 0.31173832
v -0.02003738 0.23491883 0.314813605
v 0.00061616 0.31761749 0.318273805
v -0.02317434 0.32900707 0.308290635
v -0.02317434 0.30578154 0.31126997
v -0.20537679 0.510894925 0.10391195
v -0.20846827 0.53711625 0.050591965
v -0.140791675 0.14226696 0.19553637
v -0.1767417 0.21380791 0.21366874
v -0.04253892 0.390929205 0.293374875
v -0.063658355 0.40887083 0.27838982
v -0.128483065 0.43004326 0.24339358
v -0.11152572 0.40608114 0.260922695
v -0.02216924 0.379130585 0.301682705
v -0.02216924 0.354596955 0.310429385
v 0.00061616 0.36537665 0.30654779
v -0.0253011 0.123223865 0.277692605
v 0.00061616 0.1347023 0.284163735
v 0.00061616 0.224502435 0.320082265
v -0.196720125 0.23378634 0.204286045
v -0.208357865 0.20983315 0.170561315
v -0.176554 0.35618528 0.246769605
v -0.04595974 0.342761005 0.30342555
v -0.055066935 0.07969273 0.228174405
v -0.051097325 0.052572195 0.209297715
v -0.355455 0.480609465 0
v -0.046750435 0.11274985 0.262270325
v -0.020833175 0.100533245 0.26346391
v 0.00061616 0.0829821 0.255730795
v -0.06992507 0.09455081 0.226646545
v 0.00061616 0.027907795 0.221604505
v -0.016863565 0.018338405 0.21046093
v -0.082709495 0.08418431 0.20677932
v -0.186957775 0.546026335 0.050591965
v -0.17461026 0.573074155 0
v -0.17279533 0.26005498 0.23974679
v -0.204411495 0.25608022 0.196639365
v -0.216220105 0.558475325 0
v -0.53512256 0.040080985 0.12750977
v -0.55187912 0.017217955 0.10819617
v -0.52615569 0.02372168 0.14845786
v -0.484511145 0.20705292 0.14059567
v -0.4606731 0.20537048 0.17003087
v -0.471810315 0.23134049 0.13607517
v -0.278661165 0.16171174 0.27711632
v -0.29892508 0.15917809 0.25606161
v -0.296712675 0.1389289 0.28326132
v -0.14815602 0.074527645 0.26202159
v -0.115766405 0.075867755 0.23578061
v -0.129957245 0.09770228 0.23149244
v -0.473667305 0.108465415 0.1955312
v -0.47298329 0.13187528 0.192159225
v -0.495966445 0.117757205 0.173183705
v -0.432353985 0.25365803 0.15589203
v -0.424580595 0.2260345 0.18439698
v -0.40896231 0.25003448 0.17477864
v -0.47127088 0.328102765 0.039445285
v -0.48464626 0.306025495 0.0439069
v -0.45712473 0.3034419 0.083352185
v -0.338406645 0.303967665 0.12381745
v -0.358015985 0.323577005 0.107111365
v -0.56621612 0.096706065 0.056730235
v -0.591432185 0.083156815 0
v -0.570038935 0.06686824 0.056730235
v -0.28952288 0.05303534 0.31570782
v -0.27944087 0.076305875 0.306806725
v -0.30561382 0.071710245 0.310266865
v -0.48267255 0.052472195 0.2055076
v -0.476298215 0.07635351 0.20989971
v -0.503024795 0.070466025 0.17216357
v -0.530262415 0.15394203 0.105879245
v -0.55023979 0.16833266 0.05158092
v -0.557310235 0.14159451 0.054298325
v -0.3742757 0.08863494 0.28677567
v -0.354958155 0.109877455 0.28686657
v -0.383441305 0.109910895 0.27568509
v -0.200033475 0.046234345 0.306330385
v -0.19624904 0.06704032 0.29044754
v -0.216624415 0.062971765 0.305883435
v -0.34765322 0.27829471 0.15784497
v -0.36978832 0.27553183 0.16352262
v -0.35127677 0.25801502 0.17830042
v -0.520736665 0.087382415 0.145008075
v -0.51699166 0.11077561 0.142576165
v -0.541077865 0.103810685 0.11102856
v -0.4267215 0.105625935 0.245050455
v -0.45331506 0.090471585 0.22887523
v -0.42935241 0.07351403 0.259418965
v -0.578050495 0.043448125 0.04362404
v -0.55283443 0.056997375 0.100354275
v -0.46938655 0.029609165 0.226580235
v -0.460446495 0.00085865 0.235186485
v -0.447005915 0.029609165 0.25184999
v -0.51118935 0.31045662 0
v -0.4970432 0.285795755 0.0439069
v -0.285990285 0.118221665 0.3028409
v -0.3062542 0.115688015 0.28178619
v -0.25578632 0.085361705 0.293834495
v -0.238094955 0.070704355 0.301124135
v -0.230531345 0.09843509 0.28271095
v -0.46202904 0.1518332 0.194529045
v -0.48432818 0.16112499 0.17218155
v -0.49611313 0.02372168 0.188844095
v -0.51286969 0.00085865 0.169530495
v -0.07103327 0.02230796 0.23671315
v -0.043912685 0.018338405 0.221085455
v -0.061463875 0.039787715 0.225915945
v -0.443617905 0.27951132 0.117043745
v -0.45923619 0.25551134 0.126662085
v -0.440554295 0.378507555 0.02235592
v -0.42264001 0.39948283 0.02235592
v -0.441562705 0.404147385 0
v -0.410885025 0.35264796 0.07167186
v -0.432690475 0.349681085 0.061801205
v -0.4219439 0.328486045 0.088761225
v -0.262335735 0.127277495 0.28986867
v -0.242254785 0.13983584 0.25756975
v -0.25636781 0.154020895 0.27201711
v -0.439309815 0.150124475 0.21263661
v -0.450654705 0.179374185 0.192658935
v -0.509617325 0.261624905 0.053319985
v -0.535838645 0.26471586 0
v -0.52186968 0.236113885 0.053319985
v -0.26304709 0.22627793 0.18536349
v -0.284289445 0.247520285 0.171966235
v -0.391450235 0.286734765 0.14467043
v -0.38315161 0.31363222 0.120849525
v -0.408437075 0.304555465 0.122452785
v -0.405112685 0.38195603 0.039775465
v -0.39436611 0.36076099 0.066735485
v -0.59731914 0.02708882 0
v -0.580114635 0.017217955 0.04362404
v -0.5092372 0.160923625 0.136486785
v -0.516307645 0.134185475 0.13920419
v -0.361573815 0.23660915 0.202310925
v -0.339438715 0.23937203 0.196633275
v -0.33074419 0.068520605 0.308562555
v -0.32066218 0.09179114 0.29966146
v -0.207608125 0.10846978 0.27103904
v -0.22529949 0.12312713 0.2637494
v -0.178249055 0.00085865 0.298929495
v -0.168290075 0.025580775 0.290167885
v -0.18961708 0.025580775 0.2996561
v -0.375002825 0.341397705 0.08489372
v -0.387300395 0.238831545 0.19363083
v -0.395073785 0.266455075 0.16512588
v -0.571147765 0.00085865 0.06457213
v -0.527111 0.0635011 0.140615965
v -0.430242525 0.30158859 0.11258213
v -0.313987635 0.200801085 0.231009925
v -0.323746825 0.22035522 0.21509607
v -0.33997657 0.198412025 0.236557635
v -0.33138457 0.112498375 0.28008188
v -0.340550175 0.13377433 0.2689913
v -0.209992455 0.02151222 0.315091995
v -0.182361565 0.114761995 0.254905455
v -0.158759585 0.126504885 0.22476878
v -0.17877429 0.14490471 0.221940815
v -0.37546234 0.220188555 0.211963685
v -0.39019682 0.19980582 0.218737905
v -0.36447024 0.197583425 0.227418
v -0.319895095 0.286450855 0.13859525
v -0.299981335 0.266537095 0.15350344
v -0.58244849 0.13448989 0
v -0.562471115 0.12009926 0.054298325
v -0.49828295 0.180881545 0.138856605
v -0.45161317 0.35434564 0.039445285
v -0.433989105 0.049978825 0.265541145
v -0.42504905 0.02122831 0.274147395
v -0.17100248 0.073332535 0.274313955
v -0.15681164 0.05149801 0.278602125
v -0.145443615 0.026775885 0.27787552
v -0.384817225 0.06754889 0.289270255
v -0.356334075 0.06751545 0.300451735
v -0.392828785 0.15726695 0.244329175
v -0.385288305 0.13424331 0.26512106
v -0.37166424 0.15417705 0.254984105
v -0.27187726 0.10403661 0.28839354
v -0.18759342 0.090069955 0.273867005
v -0.31344978 0.24176109 0.191085565
v -0.437953875 0.203661755 0.188138435
v -0.4145622 0.200038205 0.207025045
v -0.483074235 0.25719378 0.097226885
v -0.40023414 0.02122831 0.29281983
v -0.41325095 0.00085865 0.279128675
v -0.4035701 0.177433075 0.22247936
v -0.417194165 0.157499335 0.232616315
v -0.2781333 0.02924481 0.316722545
v -0.26969745 0.00085865 0.31371014
v -0.25491408 0.02924481 0.309235275
v -0.195377855 0.16150827 0.21601075
v -0.219331565 0.14987053 0.24589784
v -0.305545475 0.18040941 0.25119405
v -0.28931573 0.202352605 0.229732485
v -0.14437895 0.112124245 0.22850101
v -0.323596985 0.15762657 0.25733905
v -0.34717057 0.15500565 0.26412374
v -0.23344354 0.02151222 0.313994575
v -0.24187939 0.04989838 0.31700698
v -0.32753231 0.02464918 0.317231215
v -0.31614273 0.00085865 0.31824594
v -0.30430625 0.02464918 0.320182685
v -0.509420165 0.206851555 0.104900905
v -0.535641485 0.20994251 0.05158092
v -0.21233315 0.17821698 0.2098311
v -0.38945392 0.044013685 0.295392435
v -0.407395545 0.065133175 0.28171637
v -0.4285685 0.12995835 0.234486425
v -0.40460585 0.113000795 0.26503016
v -0.353122195 0.023644025 0.309120395
v -0.37765582 0.023644025 0.300373715
v -0.363902415 0.00085865 0.30654779
v -0.12174858 0.026775885 0.265226795
v -0.133227015 0.00085865 0.276792555
v -0.223027145 0.00085865 0.30732029
v -0.232311575 0.19819541 0.200448405
v -0.35471105 0.17802929 0.243331855
v -0.341285715 0.047434555 0.31105714
v -0.07821791 0.05654175 0.22492541
v -0.4791347 0.356929235 0
v -0.11127482 0.048225195 0.2539267
v -0.09905822 0.02230796 0.252843735
v -0.08150703 0.00085865 0.248013245
v -0.093076045 0.07139983 0.22339755
v -0.02643296 0.00085865 0.221258135
v -0.544551045 0.18843201 0.05158092
v -0.571598865 0.17608449 0
v -0.258580215 0.174270085 0.2448174
v -0.25460493 0.205886255 0.205547615
v -0.55700056 0.21769434 0
v 0.039838505 0.53659732 0.13615703
v 0.01697547 0.55335335 0.10993434
v 0.023479195 0.52763045 0.15536695
v 0.20681002 0.485985905 0.14059567
v 0.20512758 0.46214839 0.17003087
v 0.23109759 0.473285075 0.13607517
v 0.16146936 0.280136455 0.26257958
v 0.15893624 0.300399845 0.269925525
v 0.13868652 0.29818744 0.273316055
v 0.07428516 0.14963131 0.2541461
v 0.075625275 0.11724143 0.23578061
v 0.097459795 0.13143227 0.22361695
v 0.108222725 0.475141535 0.20294322
v 0.131632905 0.47445752 0.19432698
v 0.11751504 0.497440675 0.17842797
v 0.25341513 0.433829275 0.15021685
v 0.2257916 0.42605536 0.183817015
v 0.24979158 0.410437075 0.168523495
v 0.327860915 0.472745115 0.045071465
v 0.30578312 0.486121025 0.053314095
v 0.303199525 0.45859949 0.09838556
v 0.30372476 0.339881405 0.12381745
v 0.331490245 0.33173315 0.087861645
v 0.323334105 0.359490745 0.107111365
v 0.096463375 0.56769088 0.06068349
v 0.08291407 0.59290695 0
v 0.066625705 0.57151422 0.06068349
v 0.052792805 0.290998165 0.31343322
v 0.076063395 0.28091563 0.306806725
v 0.07146771 0.307088585 0.307992265
v 0.05222971 0.48414784 0.21241669
v 0.076111025 0.477772975 0.215143975
v 0.070223545 0.504499555 0.184316925
v 0.153699655 0.53173718 0.101390975
v 0.16809081 0.55171508 0.054170195
v 0.141352135 0.558785 0.04722078
v 0.08839246 0.375750985 0.28700932
v 0.10963529 0.35643344 0.28710022
v 0.10966873 0.384916595 0.27568509
v 0.045991865 0.201508235 0.307285325
v 0.06679784 0.197723275 0.3029409
v 0.062729285 0.21809918 0.317421855
v 0.27805181 0.34912798 0.16311137
v 0.275289455 0.37126308 0.16352262
v 0.257772645 0.35275206 0.18356682
v 0.087139935 0.52221142 0.154205595
v 0.11053292 0.518465895 0.140742885
v 0.103567995 0.542552625 0.10790427
v 0.105383245 0.42819626 0.24721821
v 0.09022889 0.45478982 0.231042985
v 0.073271545 0.4308277 0.259418965
v 0.04320559 0.579525255 0.04536221
v 0.056754895 0.554309185 0.1060457
v 0.029366675 0.470861835 0.232095855
v 0.029366675 0.44848068 0.256886315
v 0.31021424 0.51266359 0
v 0.28555285 0.498517965 0.053314095
v 0.11797897 0.28746505 0.28366794
v 0.11544585 0.30772844 0.291013885
v 0.085119535 0.257261075 0.29876746
v 0.070461875 0.239569715 0.312662555
v 0.09819292 0.23200558 0.299182335
v 0.1515903 0.4635038 0.1966968
v 0.160882615 0.48580294 0.17218155
v 0.023479195 0.497588415 0.201268805
v 0.022065475 0.072508085 0.23705952
v 0.01809592 0.04538755 0.221431825
v 0.039545235 0.062938695 0.225915945
v 0.27926842 0.445093195 0.12077576
v 0.25526844 0.46071148 0.13606928
v 0.378265175 0.44202958 0.02235592
v 0.39923992 0.42411477 0.02235592
v 0.403905005 0.44303747 0
v 0.35240505 0.41236031 0.07167186
v 0.349438705 0.43416523 0.067427385
v 0.328243665 0.42341866 0.094387405
v 0.12703511 0.263810495 0.275628675
v 0.13959346 0.24372902 0.262502715
v 0.15377799 0.257842575 0.25284415
v 0.149881575 0.44078405 0.218825305
v 0.179131285 0.45212947 0.196679875
v 0.261382 0.51109156 0.053319985
v 0.26447348 0.537312885 0
v 0.23587151 0.523343915 0.053319985
v 0.226035025 0.26452185 0.18536349
v 0.25081103 0.251053935 0.147781365
v 0.247277385 0.285764205 0.171966235
v 0.286491865 0.392924995 0.13899525
v 0.313389315 0.38462637 0.120849525
v 0.30431256 0.409912365 0.116777605
v 0.381713125 0.40658797 0.039775465
v 0.360518085 0.3958414 0.066735485
v 0.02684628 0.59879443 0
v 0.01697547 0.581589395 0.04536221
v 0.160681775 0.51071196 0.13907606
v 0.1339431 0.51778188 0.132126645
v 0.2363673 0.363049105 0.188810245
v 0.239129655 0.340914005 0.188398995
v 0.06827807 0.332219475 0.306521605
v 0.09154866 0.32213694 0.29989511
v 0.108227615 0.20908236 0.28323997
v 0.122885275 0.22677372 0.269344875
v 0.02533829 0.169764835 0.291122825
v 0.02533829 0.19109184 0.307285325
v 0.3411548 0.376478115 0.08489372
v 0.370462875 0.370705775 0.052997325
v 0.23858917 0.38877516 0.193050865
v 0.2662127 0.396549075 0.1594507
v 0.06325862 0.528586285 0.15147831
v 0.301346215 0.431717285 0.11253313
v 0.407352955 0.40759586 0.017419545
v 0.200558185 0.315461865 0.234730375
v 0.220112845 0.325221585 0.20159539
v 0.19816965 0.34145133 0.226777405
v 0.11225621 0.33285933 0.289543225
v 0.13353248 0.34202494 0.278218995
v 0.021269735 0.211467745 0.32176628
v 0.114519825 0.183836325 0.247692475
v 0.12626219 0.160234875 0.21689329
v 0.144662335 0.18024905 0.222603325
v 0.21994618 0.376937105 0.19788304
v 0.199562915 0.391671055 0.215555265
v 0.197341045 0.365945 0.211314645
v 0.28620795 0.321370385 0.14386165
v 0.266294195 0.301456625 0.15876984
v 0.291967145 0.29221005 0.11947592
v 0.134247515 0.583923255 0
v 0.11985636 0.563945355 0.04722078
v 0.18063917 0.49975824 0.14144588
v 0.35410379 0.45308793 0.045071465
v 0.049736335 0.43546439 0.26514088
v 0.02098582 0.42652381 0.278783455
v 0.07309005 0.17247724 0.267393405
v 0.05125553 0.1582864 0.279557065
v 0.0265334 0.146918905 0.27787552
v 0.06730641 0.386292515 0.291066885
v 0.06727297 0.35780936 0.302482015
v 0.157024045 0.394303545 0.2417265
v 0.134000935 0.386763595 0.26512106
v 0.15393467 0.373139 0.25238143
v 0.10379444 0.273351495 0.293326505
v 0.08982747 0.189068185 0.277529935
v 0.24151819 0.31492454 0.196351965
v 0.203418855 0.43942864 0.192159375
v 0.199795305 0.41603644 0.21046602
v 0.25695088 0.484548995 0.10663408
v 0.02098582 0.4017089 0.292419565
v 0.17719017 0.405044335 0.223897625
v 0.157256435 0.41866893 0.236637255
v 0.029002325 0.279608585 0.31675041
v 0.029002325 0.256389365 0.315322965
v 0.161265895 0.19685261 0.21667326
v 0.17300826 0.17325116 0.185874075
v 0.149628155 0.2208058 0.24656035
v 0.180167035 0.307020235 0.25955072
v 0.20211023 0.29079049 0.234368705
v 0.11188155 0.145854235 0.22062552
v 0.113221665 0.113464355 0.20226003
v 0.157384195 0.32507122 0.270287195
v 0.154763275 0.34864533 0.26784419
v 0.021269735 0.23491883 0.320082265
v 0.0496559 0.243354675 0.31700698
v 0.02440664 0.32900707 0.314956615
v 0.02440664 0.30578154 0.31793595
v 0.20660918 0.510894925 0.10749018
v 0.20970066 0.53711625 0.054170195
v 0.14202406 0.14226696 0.19553637
v 0.17797408 0.21380791 0.2098311
v 0.0437712 0.390929205 0.2967888
v 0.06489069 0.40887083 0.281316105
v 0.12971545 0.43004326 0.23665418
v 0.112758105 0.40608114 0.26503016
v 0.02340154 0.354596955 0.310917025
v 0.02340154 0.379130585 0.302170345
v 0.0265334 0.123223865 0.272597975
v 0.197952505 0.23378634 0.200448405
v 0.209590245 0.20983315 0.170561315
v 0.177786385 0.35618528 0.24444963
v 0.04719202 0.342761005 0.31057917
v 0.05629927 0.07969273 0.22492541
v 0.052329715 0.052572195 0.209297715
v 0.356687385 0.480609465 0
v 0.047982715 0.11274985 0.2539267
v 0.022065475 0.100533245 0.260214915
v 0.07115735 0.09455081 0.22339755
v 0.01809592 0.018338405 0.21046093
v 0.08394183 0.08418431 0.20677932
v 0.188189635 0.546026335 0.054170195
v 0.175842115 0.573074155 0
v 0.17402771 0.26005498 0.24945362
v 0.205643875 0.25608022 0.210183835
v 0.217451965 0.558475325 0
v 0.5531115 0.017217955 0.10993434
v 0.536354945 0.040080985 0.13615703
v 0.527388075 0.02372168 0.15536695
v 0.46190548 0.20537048 0.17052225
v 0.485743525 0.20705292 0.14108705
v 0.473042695 0.23134049 0.13607517
v 0.300157465 0.15917809 0.259905085
v 0.27989355 0.16171174 0.265341515
v 0.297945055 0.1389289 0.28172063
v 0.11699874 0.075867755 0.23578061
v 0.14938841 0.074527645 0.260953245
v 0.13118958 0.09770228 0.230424095
v 0.47421567 0.13187528 0.202726425
v 0.474899685 0.108465415 0.207744035
v 0.497198825 0.117757205 0.18225331
v 0.42581298 0.2260345 0.18439698
v 0.43358637 0.25365803 0.15589203
v 0.4101947 0.25003448 0.17477864
v 0.48587865 0.306025495 0.04758303
v 0.472503265 0.328102765 0.039445285
v 0.458357115 0.3034419 0.087028315
v 0.339639025 0.303967665 0.12381745
v 0.35924837 0.323577005 0.107111365
v 0.59266457 0.083156815 0
v 0.567448505 0.096706065 0.058388015
v 0.571271315 0.06686824 0.058388015
v 0.280673255 0.076305875 0.31275751
v 0.290755265 0.05303534 0.312492945
v 0.30684621 0.071710245 0.313002775
v 0.4775306 0.07635351 0.21525733
v 0.48390494 0.052472195 0.21241669
v 0.50425718 0.070466025 0.18443028
v 0.55147218 0.16833266 0.05158092
v 0.531494805 0.15394203 0.105879245
v 0.558542625 0.14159451 0.054298325
v 0.35619054 0.109877455 0.280661845
v 0.37550808 0.08863494 0.29235805
v 0.38467369 0.109910895 0.275692605
v 0.197481425 0.06704032 0.29044754
v 0.20126586 0.046234345 0.29741998
v 0.217856805 0.062971765 0.29697303
v 0.371020705 0.27553183 0.16352262
v 0.3488856 0.27829471 0.15427899
v 0.352509155 0.25801502 0.17473444
v 0.518224045 0.11077561 0.147933785
v 0.521969045 0.087382415 0.152023475
v 0.54231025 0.103810685 0.11268634
v 0.454547445 0.090471585 0.235730445
v 0.42795388 0.105625935 0.25780298
v 0.430584795 0.07351403 0.265316275
v 0.55406681 0.056997375 0.103750225
v 0.579282875 0.043448125 0.04536221
v 0.46167888 0.00085865 0.23912317
v 0.470618935 0.029609165 0.23181119
v 0.448238305 0.029609165 0.25055572
v 0.51242174 0.31045662 0
v 0.49827559 0.285795755 0.04758303
v 0.28722267 0.118221665 0.3002122
v 0.307486585 0.115688015 0.29477577
v 0.23932734 0.070704355 0.301124135
v 0.257018175 0.085361705 0.29876746
v 0.231763205 0.09843509 0.287643915
v 0.48556056 0.16112499 0.176384915
v 0.46326142 0.1518332 0.20187564
v 0.497345515 0.02372168 0.20098414
v 0.51410207 0.00085865 0.17476145
v 0.04514507 0.018338405 0.221085455
v 0.072265605 0.02230796 0.23671315
v 0.062696215 0.039787715 0.225915945
v 0.444850295 0.27951132 0.120719875
v 0.460468575 0.25551134 0.130338215
v 0.423871865 0.39948283 0.02235592
v 0.44178668 0.378507555 0.02235592
v 0.442794565 0.404147385 0
v 0.433922855 0.349681085 0.061801205
v 0.41211741 0.35264796 0.06572707
v 0.423176285 0.328486045 0.082816435
v 0.243486115 0.13983584 0.262502715
v 0.26356759 0.127277495 0.28622215
v 0.257599665 0.154020895 0.263437625
v 0.4405422 0.150124475 0.223512765
v 0.45188709 0.179374185 0.197171255
v 0.537071035 0.26471586 0
v 0.51084971 0.261624905 0.053319985
v 0.523102065 0.236113885 0.053319985
v 0.26427947 0.22627793 0.18536349
v 0.28552183 0.247520285 0.171966235
v 0.384383995 0.31363222 0.114904735
v 0.39268262 0.286734765 0.14467043
v 0.409669465 0.304555465 0.116507995
v 0.40634507 0.38195603 0.039775465
v 0.3955985 0.36076099 0.060790695
v 0.598551525 0.02708882 0
v 0.58134702 0.017217955 0.04536221
v 0.510469585 0.160923625 0.14019877
v 0.51754003 0.134185475 0.142916175
v 0.3406711 0.23937203 0.193067295
v 0.362806205 0.23660915 0.202310925
v 0.331976575 0.068520605 0.30503275
v 0.321894565 0.09179114 0.305297315
v 0.226531345 0.12312713 0.268682365
v 0.20884051 0.10846978 0.27103904
v 0.16952246 0.025580775 0.290167885
v 0.179481445 0.00085865 0.300248265
v 0.190849465 0.025580775 0.30097487
v 0.376235215 0.341397705 0.07894893
v 0.396306175 0.266455075 0.16512588
v 0.388532785 0.238831545 0.19363083
v 0.57238015 0.00085865 0.06457213
v 0.528343385 0.0635011 0.149182835
v 0.43147491 0.30158859 0.11258213
v 0.32497921 0.22035522 0.21509607
v 0.315220015 0.200801085 0.236205135
v 0.341208955 0.198412025 0.241752845
v 0.33261695 0.112498375 0.286805745
v 0.34178256 0.13377433 0.2701403
v 0.211224845 0.02151222 0.30750036
v 0.159991975 0.126504885 0.223700435
v 0.18359395 0.114761995 0.25383711
v 0.180006675 0.14490471 0.221940815
v 0.39142868 0.19980582 0.233184005
v 0.37669473 0.220188555 0.211963685
v 0.3657021 0.197583425 0.2418641
v 0.30121372 0.266537095 0.14993746
v 0.321127475 0.286450855 0.13502927
v 0.563703505 0.12009926 0.054298325
v 0.58368088 0.13448989 0
v 0.499515335 0.180881545 0.139347985
v 0.452845555 0.35434564 0.039445285
v 0.43522149 0.049978825 0.262214595
v 0.426281435 0.02122831 0.269526575
v 0.172234865 0.073332535 0.27324561
v 0.158044025 0.05149801 0.278602125
v 0.146676005 0.026775885 0.27787552
v 0.386049605 0.06754889 0.295167565
v 0.357566455 0.06751545 0.300136805
v 0.386520695 0.13424331 0.25693421
v 0.394060645 0.15726695 0.25647822
v 0.3728961 0.15417705 0.26354041
v 0.27310912 0.10403661 0.29927729
v 0.18882581 0.090069955 0.27279866
v 0.31468216 0.24176109 0.187519585
v 0.41579459 0.200038205 0.211045985
v 0.43918626 0.203661755 0.192159375
v 0.48430662 0.25719378 0.100903015
v 0.401466525 0.02122831 0.28949328
v 0.41448334 0.00085865 0.277834405
v 0.40480196 0.177433075 0.2409464
v 0.418426555 0.157499335 0.2343402
v 0.270929835 0.00085865 0.316036895
v 0.279365685 0.02924481 0.31675041
v 0.25614646 0.02924481 0.311534165
v 0.196610235 0.16150827 0.21601075
v 0.22056342 0.14987053 0.24589784
v 0.290548115 0.202352605 0.226537165
v 0.30677786 0.18040941 0.25319394
v 0.145611335 0.112124245 0.227432665
v 0.324829365 0.15762657 0.269573055
v 0.348402955 0.15500565 0.263429155
v 0.243111775 0.04989838 0.308096575
v 0.234675925 0.02151222 0.30738306
v 0.317375115 0.00085865 0.318273805
v 0.328764695 0.02464918 0.31401634
v 0.30553864 0.02464918 0.316995675
v 0.51065255 0.206851555 0.104900905
v 0.536873875 0.20994251 0.05158092
v 0.213565005 0.17821698 0.2098311
v 0.3906863 0.044013685 0.292065885
v 0.408627925 0.065133175 0.28428713
v 0.429800885 0.12995835 0.239044585
v 0.405838235 0.113000795 0.268630415
v 0.378888205 0.023644025 0.300373715
v 0.354354575 0.023644025 0.309120395
v 0.3651348 0.00085865 0.30654779
v 0.122980965 0.026775885 0.262686525
v 0.1344594 0.00085865 0.274252285
v 0.22425953 0.00085865 0.31093795
v 0.23354343 0.19819541 0.200448405
v 0.355942905 0.17802929 0.262973165
v 0.3425181 0.047434555 0.307842265
v 0.07945025 0.05654175 0.22492541
v 0.48036709 0.356929235 0
v 0.11250716 0.048225195 0.2539267
v 0.100290555 0.02230796 0.250303465
v 0.08273941 0.00085865 0.245472975
v 0.09430833 0.07139983 0.22339755
v 0.02766531 0.00085865 0.221258135
v 0.545783435 0.18843201 0.05158092
v 0.572831255 0.17608449 0
v 0.259812075 0.174270085 0.24162208
v 0.255837315 0.205886255 0.202352295
v 0.55823295 0.21769434 0
v -0.038606225 -0.53488018 0.13615703
v -0.01574317 -0.551636215 0.10993434
v -0.022246895 -0.525913315 0.15536695
v -0.20557763 -0.48426824 0.14059567
v -0.20389572 -0.4604302 0.17003087
v -0.22986573 -0.47156741 0.13607517
v -0.16023698 -0.278418265 0.25892811
v -0.15770386 -0.29868218 0.262093985
v -0.13745414 -0.296469775 0.277496125
v -0.07305283 -0.147913645 0.268947085
v -0.074392995 -0.11552424 0.23578061
v -0.096227465 -0.129714555 0.238417935
v -0.10699039 -0.473424405 0.207744035
v -0.130400515 -0.472740385 0.19901444
v -0.116282705 -0.49572354 0.178541325
v -0.25218327 -0.432111085 0.15589203
v -0.22455974 -0.424337695 0.18439698
v -0.24855919 -0.40871941 0.17477864
v -0.326628525 -0.47102798 0.04082331
v -0.30455073 -0.484403885 0.04758303
v -0.301967135 -0.456882355 0.08840634
v -0.302492375 -0.338163745 0.12508275
v -0.33025786 -0.33001496 0.087861645
v -0.322101715 -0.357773085 0.108376665
v -0.095231045 -0.565973215 0.04378913
v -0.08168174 -0.591189285 0
v -0.065393425 -0.56979603 0.04378913
v -0.051560525 -0.28928103 0.3179717
v -0.074831115 -0.279198495 0.311345205
v -0.07023543 -0.305371445 0.307992265
v -0.05099743 -0.4824307 0.20798904
v -0.074878745 -0.47605584 0.21082968
v -0.068991265 -0.50278242 0.18443028
v -0.15246727 -0.530019515 0.10315464
v -0.166858425 -0.549997415 0.04979491
v -0.140119755 -0.55706786 0.05335973
v -0.087160125 -0.37403332 0.290149955
v -0.108402955 -0.354715775 0.29162172
v -0.10843634 -0.383199455 0.274304225
v -0.044759475 -0.1997911 0.30617707
v -0.06556545 -0.19600614 0.29723381
v -0.061496895 -0.21638204 0.29894385
v -0.27681942 -0.347410845 0.161803015
v -0.27405707 -0.36954542 0.16699386
v -0.25654026 -0.351034395 0.183199105
v -0.085907655 -0.52049376 0.13742459
v -0.10930059 -0.51674876 0.14699519
v -0.102335665 -0.54083496 0.09714886
v -0.104150855 -0.426479125 0.250524805
v -0.088996555 -0.453072685 0.231302795
v -0.07203921 -0.42911056 0.25361045
v -0.04197331 -0.57780759 0.04536221
v -0.055522615 -0.55259152 0.08915134
v -0.028134375 -0.4691447 0.227668205
v 0.00061616 -0.46020412 0.24321514
v -0.028134375 -0.44676354 0.249935375
v -0.308981855 -0.51094645 0
v -0.284320465 -0.496800825 0.04758303
v -0.11674664 -0.285747385 0.28784801
v -0.11421352 -0.3060113 0.291013885
v -0.083887205 -0.25554394 0.30330594
v -0.06922954 -0.23785258 0.305662615
v -0.096960535 -0.23028844 0.287643915
v -0.15035791 -0.46178614 0.20138426
v -0.159650225 -0.484085275 0.17218155
v -0.022246895 -0.49587128 0.201268805
v 0.00061616 -0.512627315 0.175046115
v -0.020833175 -0.07079079 0.23671315
v -0.016863565 -0.043670205 0.221085455
v -0.0383129 -0.061221395 0.225915945
v -0.27803603 -0.44337553 0.120719875
v -0.25403658 -0.458993815 0.130338215
v -0.37703332 -0.44031139 0.02235592
v -0.39800859 -0.422397105 0.02235592
v -0.40267315 -0.441319805 0
v -0.351173195 -0.410642645 0.064795945
v -0.348206845 -0.43244757 0.06317923
v -0.32701128 -0.421701525 0.083263335
v -0.12580273 -0.26209283 0.279808745
v -0.13836108 -0.24201188 0.25309852
v -0.15254561 -0.25612491 0.247620025
v -0.148649185 -0.439066915 0.223512765
v -0.177898895 -0.450411805 0.196679875
v -0.260149615 -0.50937442 0.053319985
v -0.263241095 -0.535595745 0
v -0.23463912 -0.521626775 0.053319985
v -0.224802645 -0.26280419 0.186883315
v -0.249578645 -0.24933627 0.147781365
v -0.246045 -0.28404707 0.17348606
v -0.285259475 -0.391207335 0.14593573
v -0.31215693 -0.382909235 0.11523891
v -0.303080175 -0.4081947 0.11557687
v -0.380481265 -0.404870305 0.039775465
v -0.3592857 -0.39412426 0.05985957
v -0.02561398 -0.597076765 0
v -0.01574317 -0.579872255 0.04536221
v -0.159449385 -0.508994295 0.134700775
v -0.132710715 -0.51606474 0.138265595
v -0.235134915 -0.36133144 0.20287797
v -0.237897265 -0.339196865 0.197687125
v -0.06704579 -0.33050181 0.311043105
v -0.09031638 -0.320419275 0.30441661
v -0.106995225 -0.207365225 0.27103904
v -0.12165289 -0.225056585 0.268682365
v 0.00061616 -0.178007205 0.302009935
v -0.024105935 -0.1680477 0.29336031
v -0.024105935 -0.189374705 0.313116655
v -0.339922415 -0.37476045 0.078017805
v -0.369230485 -0.36898811 0.052997325
v -0.237356785 -0.387057495 0.19583677
v -0.264980315 -0.394830885 0.16733182
v 0.00061616 -0.57090539 0.06457213
v -0.06202634 -0.52686862 0.13458395
v -0.300113825 -0.429999625 0.113960155
v -0.406121095 -0.40587872 0.017419545
v -0.1993258 -0.31374473 0.23252975
v -0.21888046 -0.32350445 0.214977
v -0.19693726 -0.33973419 0.23491874
v -0.11102388 -0.331141665 0.294064725
v -0.132300095 -0.3403078 0.278218995
v -0.02003738 -0.209750605 0.314826695
v -0.11328744 -0.182118665 0.26183095
v -0.125029805 -0.158516685 0.231694275
v -0.143429945 -0.17853139 0.221940815
v -0.21871379 -0.375219965 0.21032479
v -0.19833053 -0.389953915 0.22405741
v -0.19610866 -0.36422786 0.23109861
v -0.284975565 -0.31965272 0.141287995
v -0.265061805 -0.299739485 0.156196185
v -0.29073476 -0.290492385 0.11947592
v -0.133015135 -0.582206115 0
v -0.11862398 -0.562228215 0.05335973
v -0.17940678 -0.49804005 0.137070595
v -0.352871405 -0.45137027 0.04082331
v -0.048504055 -0.433747255 0.25039158
v -0.01975352 -0.424806675 0.265938515
v -0.071857665 -0.17075958 0.28802572
v -0.050023195 -0.156569265 0.285388395
v -0.0253011 -0.145201765 0.274281675
v -0.066074075 -0.384575375 0.28788939
v -0.06604069 -0.356091695 0.305206885
v -0.155791665 -0.39258588 0.248059615
v -0.13276855 -0.38504593 0.263531995
v -0.152702285 -0.37142186 0.26030361
v -0.10256211 -0.271634355 0.293326505
v -0.088595085 -0.18735052 0.2807925
v -0.240285805 -0.313207405 0.195298135
v -0.202186995 -0.437710975 0.192159375
v -0.198562915 -0.4143193 0.211045985
v -0.25571849 -0.482831855 0.100903015
v -0.01975352 -0.399991765 0.282097915
v 0.00061616 -0.41300805 0.28164171
v -0.175957785 -0.403327195 0.231819805
v -0.15602405 -0.416951265 0.23504819
v -0.027770025 -0.277890925 0.32128889
v 0.00061616 -0.269455075 0.32150971
v -0.027770025 -0.25467223 0.32154546
v -0.16003351 -0.195135475 0.21601075
v -0.171775875 -0.171533495 0.185874075
v -0.14839577 -0.219088665 0.236493645
v -0.17893465 -0.30530257 0.24799873
v -0.20087785 -0.28907283 0.22805699
v -0.11064917 -0.144136045 0.235426505
v -0.111989335 -0.11174664 0.20226003
v -0.15615181 -0.32335408 0.266566745
v -0.153530885 -0.34692819 0.26412374
v -0.02003738 -0.23320169 0.314826695
v -0.048423565 -0.24163754 0.314605875
v -0.02317434 -0.327289935 0.314956615
v 0.00061616 -0.31589983 0.318273805
v -0.02317434 -0.304063875 0.31793595
v -0.20537679 -0.50917726 0.103114895
v -0.20846827 -0.535398585 0.04979491
v -0.140791675 -0.14054877 0.19553637
v -0.1767417 -0.21209077 0.200426905
v -0.04253892 -0.38921207 0.28467052
v -0.063658355 -0.407153695 0.26961359
v -0.128483065 -0.4283256 0.239752575
v -0.11152572 -0.404363475 0.26206023
v -0.02216924 -0.35287982 0.309120395
v -0.02216924 -0.377413445 0.300373715
v 0.00061616 -0.363659515 0.30654779
v -0.0253011 -0.12150673 0.265226795
v 0.00061616 -0.132985165 0.27319871
v 0.00061616 -0.222785295 0.32176628
v -0.196720125 -0.232068675 0.19104421
v -0.208357865 -0.208115485 0.170561315
v -0.176554 -0.35446814 0.24865136
v -0.04595974 -0.341043865 0.30878254
v -0.055066935 -0.07797543 0.22492541
v -0.051097325 -0.050854845 0.209297715
v -0.355455 -0.4788918 0
v -0.046750435 -0.111032655 0.2539267
v -0.020833175 -0.098816055 0.252843735
v 0.00061616 -0.081264865 0.248013245
v -0.06992507 -0.092833565 0.22339755
v 0.00061616 -0.026190475 0.221258135
v -0.016863565 -0.01662108 0.21046093
v -0.082709495 -0.082467015 0.20677932
v -0.186957775 -0.54430867 0.04979491
v -0.17461026 -0.571357015 0
v -0.17279533 -0.258337315 0.232217885
v -0.204411495 -0.25436203 0.202352295
v -0.216220105 -0.556758185 0
v -0.55187912 -0.01550068 0.113525295
v -0.53512256 -0.038363685 0.139797935
v -0.52615569 -0.022004355 0.1554169
v -0.4606731 -0.203652815 0.16594018
v -0.484511145 -0.205335255 0.13650498
v -0.471810315 -0.22962335 0.13607517
v -0.29892508 -0.15746096 0.262093985
v -0.278661165 -0.159994605 0.258767175
v -0.296712675 -0.137211765 0.27733519
v -0.115766405 -0.074150515 0.23087467
v -0.14815602 -0.07281035 0.25233984
v -0.129957245 -0.095984985 0.22671663
v -0.47298329 -0.13015814 0.19901444
v -0.473667305 -0.106748225 0.207744035
v -0.495966445 -0.116040015 0.178541325
v -0.424580595 -0.22431736 0.18439698
v -0.432353985 -0.25194089 0.15589203
v -0.40896231 -0.24831734 0.17477864
v -0.48464626 -0.30430783 0.05925552
v -0.47127088 -0.326385625 0.039445285
v -0.45712473 -0.301724235 0.098700805
v -0.338406645 -0.302249475 0.120762405
v -0.358015985 -0.321858815 0.10405632
v -0.591432185 -0.081439575 0
v -0.56621612 -0.09498888 0.056730235
v -0.570038935 -0.065150945 0.056730235
v -0.27944087 -0.074588635 0.306806725
v -0.28952288 -0.051318045 0.31343322
v -0.30561382 -0.06999295 0.307992265
v -0.476298215 -0.074636265 0.20922868
v -0.48267255 -0.050754895 0.20643799
v -0.503024795 -0.06874873 0.18448023
v -0.55023979 -0.16661552 0.05700421
v -0.530262415 -0.152224895 0.111302535
v -0.557310235 -0.139877375 0.054298325
v -0.354958155 -0.108160265 0.290007315
v -0.3742757 -0.086917645 0.28416079
v -0.383441305 -0.10819365 0.280157745
v -0.19624904 -0.06532297 0.283581875
v -0.200033475 -0.044516995 0.29212477
v -0.216624415 -0.061254415 0.299344215
v -0.36978832 -0.273814165 0.160467575
v -0.34765322 -0.276577045 0.15885086
v -0.35127677 -0.25629788 0.182361355
v -0.51699166 -0.109058425 0.147933785
v -0.520736665 -0.085665175 0.150365695
v -0.541077865 -0.1020935 0.11102856
v -0.45331506 -0.08875439 0.229701795
v -0.4267215 -0.10390869 0.251264185
v -0.42935241 -0.07179673 0.25274883
v -0.55283443 -0.05528013 0.1056834
v -0.578050495 -0.041730825 0.048953165
v -0.46938655 -0.02789189 0.220551585
v -0.447005915 -0.02789189 0.24582134
v -0.51118935 -0.30873948 0
v -0.4970432 -0.28407809 0.05925552
v -0.285990285 -0.116504475 0.287687075
v -0.3062542 -0.11397083 0.291013885
v -0.238094955 -0.06898706 0.3015245
v -0.25578632 -0.083644515 0.29876746
v -0.230531345 -0.096717845 0.28804428
v -0.48432818 -0.159407325 0.16809086
v -0.46202904 -0.150115535 0.19729357
v -0.49611313 -0.022004355 0.195803135
v -0.043912685 -0.01662108 0.221085455
v -0.07103327 -0.02059069 0.23671315
v -0.061463875 -0.03807042 0.225915945
v -0.443617905 -0.277793655 0.132392365
v -0.45923619 -0.253793675 0.142010705
v -0.42264001 -0.39776569 0.02235592
v -0.440554295 -0.37679042 0.02235592
v -0.441562705 -0.40243025 0
v -0.432690475 -0.347963945 0.061801205
v -0.410885025 -0.35093082 0.07731171
v -0.4219439 -0.326768905 0.094401075
v -0.242254785 -0.138118705 0.262502715
v -0.262335735 -0.125560355 0.27964781
v -0.25636781 -0.15230376 0.256863285
v -0.439309815 -0.14840681 0.223512765
v -0.450654705 -0.177655995 0.192589185
v -0.535838645 -0.26299872 0
v -0.509617325 -0.259907765 0.053319985
v -0.52186968 -0.234396745 0.053319985
v -0.26304709 -0.22456027 0.18536349
v -0.284289445 -0.24580315 0.171966235
v -0.38315161 -0.311914555 0.12343433
v -0.391450235 -0.2850171 0.141615385
v -0.408437075 -0.302838325 0.128092635
v -0.405112685 -0.38023889 0.039775465
v -0.39436611 -0.35904385 0.072375335
v -0.59731914 -0.025371495 0
v -0.580114635 -0.01550068 0.048953165
v -0.5092372 -0.159206485 0.141910075
v -0.516307645 -0.13246834 0.13920419
v -0.339438715 -0.23765489 0.20069421
v -0.361573815 -0.23489201 0.202310925
v -0.33074419 -0.06680331 0.30431456
v -0.32066218 -0.0900739 0.297688065
v -0.22529949 -0.12140999 0.268682365
v -0.207608125 -0.106752535 0.271439405
v -0.168290075 -0.02386345 0.282901855
v -0.18961708 -0.02386345 0.29239007
v -0.375002825 -0.33968004 0.09053357
v -0.395073785 -0.264737935 0.16512588
v -0.387300395 -0.237114405 0.19363083
v -0.527111 -0.061783805 0.147575005
v -0.430242525 -0.29987145 0.11258213
v -0.323746825 -0.218638085 0.21509607
v -0.313987635 -0.19908395 0.231009925
v -0.33997657 -0.196694885 0.236557635
v -0.33138457 -0.11078119 0.28733618
v -0.340550175 -0.132057195 0.283333135
v -0.209992455 -0.019794895 0.30815241
v -0.158759585 -0.124787115 0.21999297
v -0.182361565 -0.11304475 0.250129645
v -0.17877429 -0.143187045 0.221940815
v -0.39019682 -0.19808868 0.22405741
v -0.37546234 -0.218471415 0.211963685
v -0.36447024 -0.195866285 0.232737505
v -0.299981335 -0.264819955 0.157564375
v -0.319895095 -0.28473319 0.142656185
v -0.562471115 -0.11838213 0.054298325
v -0.58244849 -0.132772755 0
v -0.49828295 -0.17916388 0.140189205
v -0.45161317 -0.352628505 0.039445285
v -0.433989105 -0.048261575 0.256185945
v -0.42504905 -0.019511035 0.270820845
v -0.17100248 -0.071615185 0.262272115
v -0.15681164 -0.049780715 0.266430155
v -0.145443615 -0.025058615 0.27296958
v -0.384817225 -0.065831595 0.29050926
v -0.356334075 -0.06579821 0.30035883
v -0.385288305 -0.132525645 0.2702352
v -0.392828785 -0.155549285 0.24964868
v -0.37166424 -0.15245991 0.26541775
v -0.27187726 -0.10231942 0.293326505
v -0.18759342 -0.088352605 0.26949156
v -0.31344978 -0.240043955 0.1951465
v -0.4145622 -0.19832054 0.211045985
v -0.437953875 -0.20194409 0.192159375
v -0.483074235 -0.255476115 0.112575505
v -0.40023414 -0.019511035 0.28949328
v -0.4035701 -0.17571541 0.231819805
v -0.417194165 -0.155781145 0.236637255
v -0.2781333 -0.02752754 0.316722545
v -0.25491408 -0.02752754 0.309235275
v -0.195377855 -0.15979113 0.21601075
v -0.219331565 -0.148153395 0.24589784
v -0.28931573 -0.200635475 0.226537165
v -0.305545475 -0.178692275 0.24799873
v -0.14437895 -0.110406475 0.2237252
v -0.323596985 -0.155909435 0.266566745
v -0.34717057 -0.15328851 0.26923788
v -0.24187939 -0.048181085 0.310067395
v -0.23344354 -0.019794895 0.30705499
v -0.32753231 -0.022931855 0.314956615
v -0.30430625 -0.022931855 0.317908085
v -0.509420165 -0.205134415 0.110324195
v -0.535641485 -0.20822537 0.05700421
v -0.21233315 -0.176499845 0.2098311
v -0.38945392 -0.04229644 0.293946375
v -0.407395545 -0.063415875 0.277748335
v -0.4285685 -0.128240685 0.24134164
v -0.40460585 -0.111283025 0.264388675
v -0.37765582 -0.021926755 0.302254205
v -0.353122195 -0.021926755 0.311000885
v -0.12174858 -0.025058615 0.260320855
v -0.232311575 -0.19647775 0.200448405
v -0.35471105 -0.17631215 0.24865136
v -0.341285715 -0.04571726 0.31066303
v -0.07821791 -0.054824455 0.22492541
v -0.4791347 -0.3552121 0
v -0.11127482 -0.046507955 0.24902076
v -0.09905822 -0.02059069 0.252843735
v -0.093076045 -0.06968259 0.22339755
v -0.544551045 -0.186714875 0.05700421
v -0.571598865 -0.174367355 0
v -0.258580215 -0.172552955 0.24162208
v -0.25460493 -0.204168595 0.202352295
v -0.55700056 -0.215977205 0
v 0.01697547 -0.551636215 0.10993434
v 0.039838505 -0.53488018 0.13178674
v 0.023479195 -0.525913315 0.15099666
v 0.20512758 -0.4604302 0.17003087
v 0.20681002 -0.48426824 0.14059567
v 0.23109759 -0.47156741 0.13607517
v 0.15893624 -0.29868218 0.263731105
v 0.16146936 -0.278418265 0.264281155
v 0.13868652 -0.296469775 0.28448629
v 0.075625275 -0.11552424 0.23578061
v 0.07428516 -0.147913645 0.26202159
v 0.097459795 -0.129714555 0.23149244
v 0.131632905 -0.472740385 0.19872196
v 0.108222725 -0.473424405 0.20104998
v 0.11751504 -0.49572354 0.17155479
v 0.2257916 -0.424337695 0.18439698
v 0.25341513 -0.432111085 0.15589203
v 0.24979158 -0.40871941 0.17477864
v 0.30578312 -0.484403885 0.04758303
v 0.327860915 -0.47102798 0.039445285
v 0.303199525 -0.456882355 0.087028315
v 0.331490245 -0.33001496 0.087861645
v 0.30372476 -0.338163745 0.12381745
v 0.323334105 -0.357773085 0.107111365
v 0.08291407 -0.591189285 0
v 0.096463375 -0.565973215 0.056730235
v 0.066625705 -0.56979603 0.056730235
v 0.076063395 -0.279198495 0.311566025
v 0.052792805 -0.28928103 0.31865009
v 0.07146771 -0.305371445 0.308449835
v 0.076111025 -0.47605584 0.208563275
v 0.05222971 -0.4824307 0.2080464
v 0.070223545 -0.50278242 0.173365935
v 0.16809081 -0.549997415 0.058727445
v 0.153699655 -0.530019515 0.105148015
v 0.141352135 -0.55706786 0.04642057
v 0.10963529 -0.354715775 0.28042972
v 0.08839246 -0.37403332 0.277736295
v 0.10966873 -0.383199455 0.273082565
v 0.06679784 -0.19600614 0.29044754
v 0.045991865 -0.1997911 0.2993908
v 0.062729285 -0.21638204 0.29894385
v 0.275289455 -0.36954542 0.16352262
v 0.27805181 -0.347410845 0.160537715
v 0.257772645 -0.351034395 0.180993165
v 0.11053292 -0.51674876 0.133361975
v 0.087139935 -0.52049376 0.14367164
v 0.103567995 -0.54083496 0.103150805
v 0.09022889 -0.453072685 0.235730445
v 0.105383245 -0.426479125 0.249303145
v 0.073271545 -0.42911056 0.25681644
v 0.056754895 -0.55259152 0.102092445
v 0.04320559 -0.57780759 0.04536221
v 0.029366675 -0.4691447 0.232095855
v 0.029366675 -0.44676354 0.254363025
v 0.31021424 -0.51094645 0
v 0.28555285 -0.496800825 0.04758303
v 0.11797897 -0.285747385 0.293201055
v 0.11544585 -0.3060113 0.292651005
v 0.070461875 -0.23785258 0.305883435
v 0.085119535 -0.25554394 0.30352676
v 0.09819292 -0.23028844 0.287643915
v 0.160882615 -0.484085275 0.17188907
v 0.1515903 -0.46178614 0.20138426
v 0.023479195 -0.49587128 0.196898515
v 0.01809592 -0.043670205 0.221085455
v 0.022065475 -0.07079079 0.23671315
v 0.039545235 -0.061221395 0.225915945
v 0.27926842 -0.44337553 0.120719875
v 0.25526844 -0.458993815 0.130338215
v 0.39923992 -0.422397105 0.02235592
v 0.378265175 -0.44031139 0.02235592
v 0.403905005 -0.441319805 0
v 0.349438705 -0.43244757 0.061801205
v 0.35240505 -0.410642645 0.07167186
v 0.328243665 -0.421701525 0.088761225
v 0.13959346 -0.24201188 0.262502715
v 0.12703511 -0.26209283 0.28516179
v 0.15377799 -0.25612491 0.262377265
v 0.149881575 -0.439066915 0.223512765
v 0.179131285 -0.450411805 0.196679875
v 0.26447348 -0.535595745 0
v 0.261382 -0.50937442 0.053319985
v 0.23587151 -0.521626775 0.053319985
v 0.25081103 -0.24933627 0.147781365
v 0.226035025 -0.26280419 0.178429605
v 0.247277385 -0.28404707 0.16503235
v 0.313389315 -0.382909235 0.120849525
v 0.286491865 -0.391207335 0.14467043
v 0.30431256 -0.4081947 0.122452785
v 0.381713125 -0.404870305 0.039775465
v 0.360518085 -0.39412426 0.066735485
v 0.02684628 -0.597076765 0
v 0.01697547 -0.579872255 0.04536221
v 0.160681775 -0.508994295 0.14334083
v 0.1339431 -0.51606474 0.131033955
v 0.239129655 -0.339196865 0.19932602
v 0.2363673 -0.36133144 0.202310925
v 0.06827807 -0.33050181 0.300308675
v 0.09154866 -0.320419275 0.29322461
v 0.122885275 -0.225056585 0.27122027
v 0.108227615 -0.207365225 0.273576945
v 0.02533829 -0.1680477 0.28657404
v 0.02533829 -0.189374705 0.306330385
v 0.370462875 -0.36898811 0.052997325
v 0.3411548 -0.37476045 0.08489372
v 0.2662127 -0.394830885 0.16512588
v 0.23858917 -0.387057495 0.19363083
v 0.06325862 -0.52686862 0.143154765
v 0.301346215 -0.429999625 0.11258213
v 0.407352955 -0.40587872 0.017419545
v 0.220112845 -0.32350445 0.208162185
v 0.200558185 -0.31374473 0.22407604
v 0.19816965 -0.33973419 0.236557635
v 0.11225621 -0.331141665 0.284509845
v 0.13353248 -0.3403078 0.279856115
v 0.021269735 -0.209750605 0.314826695
v 0.12626219 -0.158516685 0.22476878
v 0.114519825 -0.182118665 0.25744336
v 0.144662335 -0.17853139 0.22447872
v 0.199562915 -0.389953915 0.22195063
v 0.21994618 -0.375219965 0.211963685
v 0.197341045 -0.36422786 0.230630725
v 0.266294195 -0.299739485 0.156196185
v 0.28620795 -0.31965272 0.141287995
v 0.291967145 -0.290492385 0.11947592
v 0.11985636 -0.562228215 0.04642057
v 0.134247515 -0.582206115 0
v 0.18063917 -0.49804005 0.14600313
v 0.35410379 -0.45137027 0.039445285
v 0.049736335 -0.433747255 0.262214595
v 0.02098582 -0.424806675 0.27333388
v 0.07309005 -0.17075958 0.274313955
v 0.05125553 -0.156569265 0.278602125
v 0.0265334 -0.145201765 0.274281675
v 0.06730641 -0.384575375 0.28666773
v 0.06727297 -0.356091695 0.294014885
v 0.134000935 -0.38504593 0.26512106
v 0.157024045 -0.39258588 0.2475419
v 0.15393467 -0.37142186 0.25819683
v 0.10379444 -0.271634355 0.293326505
v 0.08982747 -0.18735052 0.273867005
v 0.24151819 -0.313207405 0.186844425
v 0.199795305 -0.4143193 0.211045985
v 0.203418855 -0.437710975 0.192159375
v 0.25695088 -0.482831855 0.100903015
v 0.02098582 -0.399991765 0.28949328
v 0.17719017 -0.403327195 0.229713025
v 0.157256435 -0.416951265 0.236637255
v 0.029002325 -0.277890925 0.32150971
v 0.029002325 -0.25467223 0.32176628
v 0.161265895 -0.195135475 0.218548655
v 0.17300826 -0.171533495 0.185874075
v 0.149628155 -0.219088665 0.248435745
v 0.20211023 -0.28907283 0.21960328
v 0.180167035 -0.30530257 0.24799873
v 0.11188155 -0.144136045 0.22850101
v 0.113221665 -0.11174664 0.20226003
v 0.157384195 -0.32335408 0.268203865
v 0.154763275 -0.34692819 0.26412374
v 0.0496559 -0.24163754 0.314826695
v 0.021269735 -0.23320169 0.314826695
v 0.02440664 -0.327289935 0.315414185
v 0.02440664 -0.304063875 0.31839352
v 0.20660918 -0.50917726 0.11204743
v 0.20970066 -0.535398585 0.058727445
v 0.14202406 -0.14054877 0.19553637
v 0.17797408 -0.21209077 0.2098311
v 0.0437712 -0.38921207 0.292065885
v 0.06489069 -0.407153695 0.275787295
v 0.12971545 -0.4283256 0.24134164
v 0.112758105 -0.404363475 0.262427635
v 0.02340154 -0.377413445 0.300373715
v 0.02340154 -0.35287982 0.309120395
v 0.0265334 -0.12150673 0.265226795
v 0.197952505 -0.232068675 0.200448405
v 0.209590245 -0.208115485 0.170561315
v 0.177786385 -0.35446814 0.24654458
v 0.04719202 -0.341043865 0.30924011
v 0.05629927 -0.07797543 0.22492541
v 0.052329715 -0.050854845 0.209297715
v 0.356687385 -0.4788918 0
v 0.047982715 -0.111032655 0.2539267
v 0.022065475 -0.098816055 0.252843735
v 0.07115735 -0.092833565 0.22339755
v 0.01809592 -0.01662108 0.21046093
v 0.08394183 -0.082467015 0.20677932
v 0.188189635 -0.54430867 0.058727445
v 0.175842115 -0.571357015 0
v 0.17402771 -0.258337315 0.24162208
v 0.205643875 -0.25436203 0.202352295
v 0.217451965 -0.556758185 0
v 0.536354945 -0.038363685 0.133423385
v 0.5531115 -0.01550068 0.10993434
v 0.527388075 -0.022004355 0.152633305
v 0.485743525 -0.205335255 0.14402148
v 0.46190548 -0.203652815 0.17368544
v 0.473042695 -0.22962335 0.14315555
v 0.27989355 -0.159994605 0.25899851
v 0.300157465 -0.15746096 0.262351555
v 0.297945055 -0.137211765 0.277308955
v 0.14938841 -0.07281035 0.265962595
v 0.11699874 -0.074150515 0.23578061
v 0.13118958 -0.095984985 0.235433445
v 0.474899685 -0.106748225 0.20995034
v 0.47421567 -0.13015814 0.19901444
v 0.497198825 -0.116040015 0.18074763
v 0.43358637 -0.25194089 0.1595466
v 0.42581298 -0.22431736 0.18805155
v 0.4101947 -0.24831734 0.17477864
v 0.472503265 -0.326385625 0.041556745
v 0.48587865 -0.30430783 0.04758303
v 0.458357115 -0.301724235 0.089139775
v 0.339639025 -0.302249475 0.12381745
v 0.35924837 -0.321858815 0.107111365
v 0.567448505 -0.09498888 0.057839485
v 0.59266457 -0.081439575 0
v 0.571271315 -0.065150945 0.057839485
v 0.290755265 -0.051318045 0.31408306
v 0.280673255 -0.074588635 0.305958565
v 0.30684621 -0.06999295 0.306494265
v 0.48390494 -0.050754895 0.209683045
v 0.4775306 -0.074636265 0.217463635
v 0.50425718 -0.06874873 0.18390294
v 0.531494805 -0.152224895 0.105466045
v 0.55147218 -0.16661552 0.05158092
v 0.558542625 -0.139877375 0.053885125
v 0.37550808 -0.086917645 0.28700932
v 0.35619054 -0.108160265 0.28710022
v 0.38467369 -0.10819365 0.27568509
v 0.20126586 -0.044516995 0.310999095
v 0.197481425 -0.06532297 0.305244685
v 0.217856805 -0.061254415 0.31176371
v 0.3488856 -0.276577045 0.160537715
v 0.371020705 -0.273814165 0.15686695
v 0.352509155 -0.25629788 0.174337495
v 0.521969045 -0.085665175 0.15368125
v 0.518224045 -0.109058425 0.14972689
v 0.54231025 -0.1020935 0.11172461
v 0.42795388 -0.10390869 0.25190567
v 0.454547445 -0.08875439 0.235730445
v 0.430584795 -0.07179673 0.259418965
v 0.579282875 -0.041730825 0.04536221
v 0.55406681 -0.05528013 0.103201695
v 0.470618935 -0.02789189 0.23181119
v 0.448238305 -0.02789189 0.25055572
v 0.51242174 -0.30873948 0
v 0.49827559 -0.28407809 0.04758303
v 0.28722267 -0.116504475 0.28616284
v 0.307486585 -0.11397083 0.289515885
v 0.257018175 -0.083644515 0.2994173
v 0.23932734 -0.06898706 0.30977833
v 0.231763205 -0.096717845 0.29564827
v 0.46326142 -0.150115535 0.20138426
v 0.48556056 -0.159407325 0.17218155
v 0.497345515 -0.022004355 0.198250495
v 0.072265605 -0.02059069 0.23767051
v 0.04514507 -0.01662108 0.221085455
v 0.062696215 -0.03807042 0.226873305
v 0.444850295 -0.277793655 0.120719875
v 0.460468575 -0.253793675 0.133992785
v 0.44178668 -0.37679042 0.015073595
v 0.423871865 -0.39776569 0.015073595
v 0.442794565 -0.40243025 0
v 0.41211741 -0.35093082 0.064389535
v 0.433922855 -0.347963945 0.05663034
v 0.423176285 -0.326768905 0.090872685
v 0.26356759 -0.125560355 0.279621575
v 0.243486115 -0.138118705 0.262502715
v 0.257599665 -0.15230376 0.25683705
v 0.4405422 -0.14840681 0.223512765
v 0.45188709 -0.177655995 0.196679875
v 0.51084971 -0.259907765 0.056745795
v 0.537071035 -0.26299872 0
v 0.523102065 -0.234396745 0.056745795
v 0.26427947 -0.22456027 0.18536349
v 0.28552183 -0.24580315 0.171966235
v 0.39268262 -0.2850171 0.14467043
v 0.384383995 -0.311914555 0.120849525
v 0.409669465 -0.302838325 0.122452785
v 0.40634507 -0.38023889 0.03249314
v 0.3955985 -0.35904385 0.066735485
v 0.598551525 -0.025371495 0
v 0.58134702 -0.01550068 0.04536221
v 0.510469585 -0.159206485 0.136486785
v 0.51754003 -0.13246834 0.13879099
v 0.362806205 -0.23489201 0.195655255
v 0.3406711 -0.23765489 0.19932602
v 0.331976575 -0.06680331 0.306521605
v 0.321894565 -0.0900739 0.29839711
v 0.20884051 -0.106752535 0.279043395
v 0.226531345 -0.12140999 0.268682365
v 0.16952246 -0.02386345 0.296960675
v 0.190849465 -0.02386345 0.30776766
v 0.376235215 -0.33968004 0.08489372
v 0.388532785 -0.237114405 0.18697516
v 0.396306175 -0.264737935 0.15847021
v 0.528343385 -0.061783805 0.14590066
v 0.43147491 -0.29987145 0.11469359
v 0.315220015 -0.19908395 0.231009925
v 0.32497921 -0.218638085 0.21509607
v 0.341208955 -0.196694885 0.236557635
v 0.33261695 -0.11078119 0.289543225
v 0.34178256 -0.132057195 0.278218995
v 0.211224845 -0.019794895 0.314286685
v 0.18359395 -0.11304475 0.25884646
v 0.159991975 -0.124787115 0.228709785
v 0.180006675 -0.143187045 0.221940815
v 0.37669473 -0.218471415 0.211963685
v 0.39142868 -0.19808868 0.22405741
v 0.3657021 -0.195866285 0.232737505
v 0.321127475 -0.28473319 0.141287995
v 0.30121372 -0.264819955 0.156196185
v 0.58368088 -0.132772755 0
v 0.563703505 -0.11838213 0.053885125
v 0.499515335 -0.17916388 0.138856605
v 0.452845555 -0.352628505 0.041556745
v 0.43522149 -0.048261575 0.262214595
v 0.426281435 -0.019511035 0.269526575
v 0.172234865 -0.071615185 0.28504775
v 0.158044025 -0.049780715 0.285394915
v 0.146676005 -0.025058615 0.27787552
v 0.386049605 -0.065831595 0.289270255
v 0.357566455 -0.06579821 0.300685385
v 0.394060645 -0.155549285 0.24964868
v 0.386520695 -0.132525645 0.26512106
v 0.3728961 -0.15245991 0.26030361
v 0.27310912 -0.10231942 0.291828505
v 0.18882581 -0.088352605 0.285812365
v 0.31468216 -0.240043955 0.19377831
v 0.43918626 -0.20194409 0.195813945
v 0.41579459 -0.19832054 0.211045985
v 0.48430662 -0.255476115 0.104328825
v 0.401466525 -0.019511035 0.28949328
v 0.40480196 -0.17571541 0.231819805
v 0.418426555 -0.155781145 0.236637255
v 0.279365685 -0.02752754 0.31740025
v 0.25614646 -0.02752754 0.312184005
v 0.196610235 -0.15979113 0.21601075
v 0.22056342 -0.148153395 0.24589784
v 0.30677786 -0.178692275 0.2482563
v 0.290548115 -0.200635475 0.226794735
v 0.145611335 -0.110406475 0.232442015
v 0.324829365 -0.155909435 0.266566745
v 0.348402955 -0.15328851 0.26412374
v 0.234675925 -0.019794895 0.314169385
v 0.243111775 -0.048181085 0.31553274
v 0.328764695 -0.022931855 0.314956615
v 0.30553864 -0.022931855 0.31793595
v 0.51065255 -0.205134415 0.108326715
v 0.536873875 -0.20822537 0.05158092
v 0.213565005 -0.176499845 0.2098311
v 0.3906863 -0.04229644 0.292065885
v 0.408627925 -0.063415875 0.27838982
v 0.429800885 -0.128240685 0.24134164
v 0.405838235 -0.111283025 0.26503016
v 0.354354575 -0.021926755 0.309120395
v 0.378888205 -0.021926755 0.300373715
v 0.122980965 -0.025058615 0.262686525
v 0.23354343 -0.19647775 0.200448405
v 0.355942905 -0.17631215 0.24865136
v 0.3425181 -0.04571726 0.30878254
v 0.07945025 -0.054824455 0.22588277
v 0.48036709 -0.3552121 0
v 0.11250716 -0.046507955 0.25488406
v 0.100290555 -0.02059069 0.251260825
v 0.09430833 -0.06968259 0.22435491
v 0.545783435 -0.186714875 0.05158092
v 0.572831255 -0.174367355 0
v 0.259812075 -0.172552955 0.24187965
v 0.255837315 -0.204168595 0.202609865
v 0.55823295 -0.215977205 0
v -0.007563505 0.548869915 0.1195393
v -0.0189950325 0.5404919 0.132650645
v -0.0108153675 0.536008465 0.142255605
v -0.023922835 0.557836785 0.10032938
v -0.0353543625 0.54945877 0.113440725
v -0.0271746975 0.544975335 0.123045685
v -0.03042656 0.532113885 0.14576199
v -0.0418580875 0.52373587 0.158873335
v -0.0336784225 0.519252435 0.168478295
v -0.21603977 0.455797975 0.171468645
v -0.216880725 0.4677167325 0.15551837
v -0.229024775 0.4613663175 0.154490795
v -0.19175167 0.468498805 0.173523795
v -0.192592625 0.4804175625 0.15757352
v -0.204736675 0.4740671475 0.156545945
v -0.21772168 0.47963549 0.139568095
v -0.218562635 0.4915542475 0.12361782
v -0.230706685 0.4852038325 0.122590245
v -0.14631244 0.3094253375 0.2685215275
v -0.147579 0.2992936425 0.270091085
v -0.13618758 0.308319135 0.2822315575
v -0.16909528 0.2913743525 0.2442405825
v -0.17036184 0.2812426575 0.24581014
v -0.15897042 0.29026815 0.2579506125
v -0.14884556 0.2891619475 0.2716606425
v -0.15011212 0.2790302525 0.2732302
v -0.1387207 0.288055745 0.2853706725
v -0.0859803125 0.10814191 0.22306335
v -0.08531023 0.12433685 0.23618384
v -0.0968975475 0.11523733 0.21837195
v -0.0628056775 0.12634095 0.25868713
v -0.062135595 0.14253589 0.27180762
v -0.0737229125 0.13343637 0.25399573
v -0.0846401475 0.14053179 0.24930433
v -0.083970065 0.15672673 0.26242482
v -0.0955573825 0.14762721 0.24461293
v -0.1350466725 0.48560709 0.17808436
v -0.12334161 0.4859490975 0.188711295
v -0.1279877675 0.4970986675 0.167894095
v -0.1257543575 0.46330795 0.21971876
v -0.114049295 0.4636499575 0.230345695
v -0.1186954525 0.4747995275 0.209528495
v -0.1116365475 0.486291105 0.19933823
v -0.099931485 0.4866331125 0.209965165
v -0.1045776425 0.4977826825 0.189147965
v -0.2227477 0.41435926 0.19507296
v -0.236559465 0.4182462175 0.180820485
v -0.234747425 0.4065501175 0.189031115
v -0.22637178 0.43775146 0.1786517
v -0.240183545 0.4416384175 0.164399225
v -0.238371505 0.4299423175 0.172609855
v -0.25037123 0.422133175 0.16656801
v -0.264182995 0.4260201325 0.152315535
v -0.262370955 0.4143240325 0.160526165
v -0.292220035 0.4790482125 0.071374545
v -0.3032589325 0.4723602575 0.0631479475
v -0.2909282375 0.465287445 0.0869394625
v -0.316881425 0.4931938375 0.023791515
v -0.3279203225 0.4865058825 0.0155649175
v -0.3155896275 0.47943307 0.0393564325
v -0.31429783 0.4656723025 0.05492135
v -0.3253367275 0.4589843475 0.0466947525
v -0.3130060325 0.451911535 0.0704862675
v -0.34006253 0.34153782 0.0795086025
v -0.3261797875 0.3456119475 0.097486505
v -0.3359844575 0.3554166175 0.0891334625
v -0.32045319 0.32192848 0.0962146875
v -0.3065704475 0.3260026075 0.11419259
v -0.3163751175 0.3358072775 0.1058395475
v -0.312297045 0.349686075 0.1154644075
v -0.2984143025 0.3537602025 0.13344231
v -0.3082189725 0.3635648725 0.1250892675
v -0.06676293 0.59481862 0
v -0.0735375825 0.582210585 0.0283651175
v -0.0586187725 0.584122255 0.0283651175
v -0.09660055 0.59099528 0
v -0.1033752025 0.578387245 0.0283651175
v -0.0884563925 0.580298915 0.0283651175
v -0.080312235 0.56960255 0.056730235
v -0.0870868875 0.556994515 0.0850953525
v -0.0721680775 0.558906185 0.0850953525
v -0.0841685675 0.28896084 0.3040862475
v -0.0725332725 0.2940021075 0.304066505
v -0.081870725 0.3020473175 0.3013460275
v -0.0654936625 0.27287042 0.3095272025
v -0.0538583675 0.2779116875 0.30950746
v -0.06319582 0.2859568975 0.3067869825
v -0.0608979775 0.299043375 0.3040467625
v -0.0492626825 0.3040846425 0.30402702
v -0.058600135 0.3121298525 0.3013065425
v -0.0838756625 0.4879488325 0.208464905
v -0.071935005 0.491136265 0.20391859
v -0.0809319225 0.5013121225 0.195228585
v -0.0658818275 0.4675971175 0.225844915
v -0.05394117 0.47078455 0.2212986
v -0.0629380875 0.4809604075 0.212608595
v -0.0599943475 0.4943236975 0.199372275
v -0.04805369 0.49751113 0.19482596
v -0.0570506075 0.5076869875 0.186135955
v -0.1606846675 0.56523899 0.0252959825
v -0.15348909 0.55525004 0.052445145
v -0.1473153325 0.56877395 0.0271491625
v -0.1730321825 0.53819117 0.0758879475
v -0.165836605 0.52820222 0.10303711
v -0.1596628475 0.54172613 0.0777411275
v -0.1462935125 0.54526109 0.0795943075
v -0.139097935 0.53527214 0.10674347
v -0.1329241775 0.54879605 0.0814474875
v -0.1190410625 0.361016245 0.2859079525
v -0.1084196475 0.3706750175 0.2837303525
v -0.119057755 0.3752578225 0.28212699
v -0.0977648475 0.351850635 0.2891146775
v -0.0871434325 0.3615094075 0.2869370775
v -0.09778154 0.3660922125 0.285333715
v -0.0977982325 0.38033379 0.2815527525
v -0.0871768175 0.3899925625 0.2793751525
v -0.097814925 0.3945753675 0.27777179
v -0.07393416 0.2060187475 0.290224065
v -0.0635311725 0.2079112275 0.2955311575
v -0.0718998825 0.2162067 0.2953076825
v -0.05719674 0.1894278025 0.290671015
v -0.0467937525 0.1913202825 0.2959781075
v -0.0551624625 0.199615755 0.2957546325
v -0.053128185 0.2098037075 0.30083825
v -0.0427251975 0.2116961875 0.3061453425
v -0.0510939075 0.21999166 0.3059218675
v -0.26391749 0.37307512 0.173750345
v -0.265298665 0.36200757 0.1722578925
v -0.255159085 0.36381961 0.1824856175
v -0.28419665 0.36945104 0.153294895
v -0.285577825 0.35838349 0.1518024425
v -0.275438245 0.36019553 0.1620301675
v -0.26667984 0.35094002 0.17076544
v -0.268061015 0.33987247 0.1692729875
v -0.257921435 0.34168451 0.1795007125
v -0.117514595 0.5286364975 0.1313912125
v -0.1058181275 0.53050926 0.1326071675
v -0.1140321325 0.5406798625 0.109812605
v -0.101086585 0.5082952925 0.1769803375
v -0.0893901175 0.510168055 0.1781962925
v -0.0976041225 0.5203386575 0.15540173
v -0.09412166 0.5323820225 0.1338231225
v -0.0824251925 0.534254785 0.1350390775
v -0.0906391975 0.5444253875 0.112244515
v -0.0729407325 0.45610554 0.23603518
v -0.0805178825 0.44280876 0.2462999975
v -0.06446206 0.44412448 0.2447997375
v -0.1050523775 0.4534741 0.2390357
v -0.1126295275 0.44017732 0.2493005175
v -0.096573705 0.44149304 0.2478002575
v -0.0880950325 0.42951198 0.256564815
v -0.0956721825 0.4162152 0.2668296325
v -0.07961636 0.41753092 0.2653293725
v -0.0672326725 0.5503036675 0.1077764575
v -0.06045802 0.5629117025 0.07941134
v -0.0438125575 0.5583147025 0.0964084325
v -0.037037905 0.5709227375 0.068043315
v -0.0487479625 0.56691722 0.0737273275
v -0.0536833675 0.5755197375 0.0510462225
v -0.046908715 0.5881277725 0.022681105
v 0.00061616 0.4507306775 0.25813366
v -0.0137591075 0.4552009675 0.2491351675
v -0.0137591075 0.44401039 0.2615303975
v 0.00061616 0.4731118325 0.2333432
v -0.0137591075 0.4775821225 0.2243447075
v -0.0137591075 0.466391545 0.2367399375
v -0.028134375 0.4596712575 0.240136675
v -0.0425096425 0.4641415475 0.2311381825
v -0.0425096425 0.45295097 0.2435334125
v -0.2988667225 0.51886206 0
v -0.29665116 0.5055907775 0.023791515
v -0.2865360275 0.5117892475 0.023791515
v -0.3190969875 0.50646512 0
v -0.3067662925 0.4993923075 0.023791515
v -0.2944355975 0.492319495 0.04758303
v -0.2821049025 0.4852466825 0.071374545
v -0.12583383 0.30295794 0.2874075
v -0.12456727 0.313089635 0.2858379425
v -0.12836695 0.28269455 0.290546615
v -0.12710039 0.292826245 0.2889770575
v -0.11548008 0.297596745 0.2925834425
v -0.10512633 0.29223555 0.297759385
v -0.10385977 0.302367245 0.2961898275
v -0.075766205 0.2269419675 0.2955623625
v -0.0830950375 0.2357876475 0.294384025
v -0.0896317025 0.2231599 0.2888222525
v -0.062692875 0.2521974625 0.3066859075
v -0.0700217075 0.2610431425 0.30550757
v -0.0765583725 0.248415395 0.2999457975
v -0.09042387 0.2446333275 0.2932056875
v -0.0977527025 0.2534790075 0.29202735
v -0.1042893675 0.24085126 0.2864655775
v -0.1496715275 0.4912798 0.1615882125
v -0.14502537 0.48013023 0.1824054125
v -0.1696289225 0.48032608 0.1702303175
v -0.164982765 0.46917651 0.1910475175
v -0.1550040675 0.47465337 0.186726465
v -0.1403792125 0.46898066 0.2032226125
v -0.135733055 0.45783109 0.2240398125
v -0.0108153675 0.5209874475 0.1652065325
v 0.00061616 0.5293654625 0.1520951875
v -0.0336784225 0.5042314175 0.1914292225
v -0.022246895 0.5126094325 0.1783178775
v -0.0108153675 0.50596643 0.18815746
v -0.0108153675 0.4909454125 0.2111083875
v 0.00061616 0.4993234275 0.1979970425
v -0.0256034275 0.040602855 0.2158600375
v -0.0275882325 0.0541631225 0.2252983825
v -0.036328095 0.0493784275 0.219726595
v -0.0081237025 0.050172245 0.2270036125
v -0.0101085075 0.0637325125 0.2364419575
v -0.01884837 0.0589478175 0.23087017
v -0.0295730375 0.06772339 0.2347367275
v -0.0315578425 0.0812836575 0.2441750725
v -0.040297705 0.0764989625 0.238603285
v -0.278962685 0.4585342975 0.1079429675
v -0.266036305 0.4529023375 0.12676172
v -0.26696296 0.46634344 0.1139848125
v -0.277109375 0.4316520925 0.1334967825
v -0.26510965 0.439461235 0.1395386275
v -0.253109925 0.4472703775 0.1455804725
v -0.2411102 0.45507952 0.1516223175
v -0.410828505 0.424618715 0.01117796
v -0.40034087 0.43357612 0.01117796
v -0.413160785 0.434080065 0
v -0.385188675 0.423610825 0.03353388
v -0.37470104 0.43256823 0.03353388
v -0.387520955 0.433072175 0.02235592
v -0.389853235 0.442533525 0.01117796
v -0.3793656 0.45149093 0.01117796
v -0.392185515 0.451994875 0
v -0.3361258875 0.439694405 0.0578727125
v -0.3376090625 0.428791945 0.066965765
v -0.325528105 0.43432112 0.0713527225
v -0.3602878025 0.428636055 0.0490987975
v -0.3617709775 0.417733595 0.05819185
v -0.34969002 0.42326277 0.0625788075
v -0.3390922375 0.417889485 0.0760588175
v -0.3405754125 0.406987025 0.08515187
v -0.328494455 0.4125162 0.0895388275
v -0.15173252 0.24074506 0.2568669125
v -0.145453345 0.2507857975 0.2667536025
v -0.158824785 0.2478018375 0.25728016
v -0.12498964 0.24671298 0.2758137975
v -0.118710465 0.2567537175 0.2857004875
v -0.132081905 0.2537697575 0.276227045
v -0.13917417 0.260826535 0.2766402925
v -0.132894995 0.2708672725 0.2865269825
v -0.146266435 0.2678833125 0.27705354
v -0.1624196775 0.435096885 0.224240275
v -0.16327404 0.44645676 0.2131760225
v -0.1770445325 0.440769595 0.2077441275
v -0.1348786925 0.446471215 0.235104065
v -0.1495035475 0.452143925 0.2186079175
v -0.1641284025 0.457816635 0.20211177
v -0.1787532575 0.463489345 0.1856156225
v -0.2504858475 0.5434390625 0
v -0.2489401075 0.5303284 0.0266599925
v -0.23618486 0.5364545775 0.0266599925
v -0.2759963425 0.5311867075 0
v -0.2744506025 0.518076045 0.0266599925
v -0.261695355 0.5242022225 0.0266599925
v -0.2473943675 0.5172177375 0.053319985
v -0.2458486275 0.504107075 0.0799799775
v -0.23309338 0.5102332525 0.0799799775
v -0.2601998225 0.2616751125 0.1410827375
v -0.2478118225 0.26840907 0.157089295
v -0.258433 0.2790302475 0.1503906675
v -0.2389574675 0.2404327575 0.1544799925
v -0.2265694675 0.247166715 0.17048655
v -0.237190645 0.2577878925 0.1637879225
v -0.2354238225 0.2751430275 0.1730958525
v -0.2230358225 0.281876985 0.18910241
v -0.233657 0.2924981625 0.1824037825
v -0.32106728 0.393120055 0.1097407025
v -0.3076185525 0.3972693675 0.121651155
v -0.3165289025 0.4057630525 0.1105423325
v -0.30324658 0.376132685 0.1319583475
v -0.2897978525 0.3802819975 0.1438688
v -0.2987082025 0.3887756825 0.1327599775
v -0.294169825 0.40141868 0.1335616075
v -0.2807210975 0.4055679925 0.14547206
v -0.2896314475 0.4140616775 0.1343632375
v -0.3552294475 0.404100855 0.0692036725
v -0.344631665 0.39872757 0.0826836825
v -0.3764250125 0.414847425 0.0422436525
v -0.36582723 0.40947414 0.0557236625
v -0.3698834825 0.401214685 0.053255475
v -0.3845375175 0.398328515 0.0373072775
v -0.373939735 0.39295523 0.0507872875
v -0.01249891 0.5998265 0
v -0.020678575 0.5901919125 0.022681105
v -0.007563505 0.5912239825 0.022681105
v -0.03872905 0.59776236 0
v -0.033793645 0.5891598425 0.022681105
v -0.02885824 0.580557325 0.04536221
v -0.023922835 0.5719548075 0.068043315
v -0.1425889925 0.52475953 0.1189110975
v -0.1292196575 0.52829449 0.1207642775
v -0.1693276625 0.51768961 0.1152047375
v -0.1559583275 0.52122457 0.1170579175
v -0.14608005 0.51424692 0.131078725
v -0.1495711075 0.50373431 0.1432463525
v -0.1362017725 0.50726927 0.1450995325
v -0.2485999375 0.3357654825 0.18866714
v -0.2472187625 0.3468330325 0.1901595925
v -0.2271945925 0.3460625275 0.2099849
v -0.2258134175 0.3571300775 0.2114773525
v -0.23651609 0.351981555 0.2008184725
v -0.2458375875 0.3579005825 0.191652045
v -0.2444564125 0.3689681325 0.1931444975
v -0.080275905 0.3146127625 0.298684095
v -0.0919112 0.309571495 0.2987038375
v -0.057005315 0.3246952975 0.29864461
v -0.06864061 0.31965403 0.2986643525
v -0.078681085 0.3271782075 0.2960221625
v -0.077086265 0.3397436525 0.29336023
v -0.08872156 0.334702385 0.2933799725
v -0.116635545 0.23823533 0.278841925
v -0.1093067125 0.22938965 0.2800202625
v -0.126670235 0.21531211 0.265951295
v -0.1193414025 0.20646643 0.2671296325
v -0.1143240575 0.21792804 0.2735749475
v -0.10197788 0.22054397 0.2811986
v -0.0946490475 0.21169829 0.2823769375
v -0.0364669825 0.1754485825 0.2905311875
v -0.024105935 0.1804283375 0.298249135
v -0.0364669825 0.186112085 0.2986124375
v -0.0117448875 0.1640810875 0.2898045825
v 0.00061616 0.1690608425 0.29752253
v -0.0117448875 0.17474459 0.2978858325
v -0.0117448875 0.1854080925 0.3059670825
v 0.00061616 0.1903878475 0.31368503
v -0.0117448875 0.196071595 0.3140483325
v -0.3789121275 0.3803874175 0.0439182075
v -0.3642580925 0.3832735875 0.059866405
v -0.3595488425 0.3610241325 0.0620764425
v -0.3448948075 0.3639103025 0.07802464
v -0.35457645 0.373591945 0.0689455225
v -0.3496040575 0.3861597575 0.0758146025
v -0.3349500225 0.3890459275 0.0917628
v -0.2705815175 0.4073800325 0.155699785
v -0.2567697525 0.403493075 0.16995226
v -0.2593791125 0.3857181175 0.174551975
v -0.2455673475 0.38183116 0.18880445
v -0.25116855 0.3926621175 0.179378355
v -0.2429579875 0.3996061175 0.184204735
v -0.2291462225 0.39571916 0.19845721
v -0.007563505 0.57710596 0.05496717
v 0.00061616 0.5867405475 0.032286065
v -0.01574317 0.5674713725 0.077648275
v -0.007563505 0.5629879375 0.087253235
v 0.00061616 0.5585045025 0.096858195
v -0.04706442 0.5454532525 0.1191247375
v -0.070484535 0.5374422175 0.1304927625
v -0.0587744775 0.541447735 0.12480875
v -0.0503162825 0.5325918025 0.1418410425
v -0.053568145 0.5197303525 0.1645573475
v -0.2900015825 0.4518463425 0.09971637
v -0.3120793775 0.4384704325 0.083263175
v -0.30104048 0.4451583875 0.0914897725
v -0.2890749275 0.43840524 0.1124932775
v -0.2881482725 0.4249641375 0.125270185
v -0.4148847575 0.41635926 0.0087097725
v -0.4020648425 0.415855315 0.0198877325
v -0.3973574325 0.39883246 0.0261293175
v -0.39330118 0.407091915 0.028597505
v -0.3892449275 0.41535137 0.0310656925
v -0.21768619 0.3382163175 0.21508542
v -0.20790886 0.3333364575 0.2244679775
v -0.20671459 0.34633119 0.2300263375
v -0.22007473 0.3122268525 0.2039687
v -0.2102974 0.3073469925 0.2133512575
v -0.20910313 0.320341725 0.2189096175
v -0.19813153 0.3284565975 0.233850535
v -0.1883542 0.3235767375 0.2432330925
v -0.18715993 0.33657147 0.2487914525
v -0.12297245 0.32565508 0.28317601
v -0.1216619875 0.337442135 0.2840866575
v -0.1336105575 0.330237885 0.2815726475
v -0.09907531 0.34006358 0.28820403
v -0.1097134175 0.344646385 0.2866006675
v -0.120351525 0.34922919 0.284997305
v -0.1309896325 0.353811995 0.2833939425
v -0.00971061 0.2062595475 0.31913195
v -0.0220716575 0.2012797925 0.3114140025
v -0.03036415 0.2166759425 0.31386329
v -0.0323984275 0.20648799 0.3087796725
v -0.034432705 0.1963000375 0.303696055
v -0.1401010575 0.1584412375 0.20828646
v -0.134229875 0.1702419625 0.22521192
v -0.1493011275 0.168448325 0.2087296
v -0.1099585525 0.1620285125 0.2412511
v -0.10408737 0.1738292375 0.25817656
v -0.1191586225 0.1720356 0.24169424
v -0.1283586925 0.1820426875 0.24213738
v -0.12248751 0.1938434125 0.25906284
v -0.1375587625 0.192049775 0.24258052
v -0.187027965 0.3861750025 0.2273447975
v -0.197219595 0.3788080275 0.2236644425
v -0.18591703 0.373311975 0.231684845
v -0.209633095 0.3971671075 0.2113039925
v -0.219824725 0.3898001325 0.2076236375
v -0.20852216 0.38430408 0.21564404
v -0.207411225 0.3714410525 0.2199840875
v -0.217602855 0.3640740775 0.2163037325
v -0.20630029 0.358578025 0.224324135
v -0.2679414025 0.2868764575 0.1452901475
v -0.2778982825 0.2968333375 0.1378360525
v -0.28077788 0.28225317 0.126930015
v -0.2621822075 0.3160367925 0.1671022225
v -0.2721390875 0.3259936725 0.1596481275
v -0.275018685 0.311413505 0.14874209
v -0.2878551625 0.3067902175 0.1303819575
v -0.2978120425 0.3167470975 0.1229278625
v -0.30069164 0.30216693 0.112021825
v -0.12217629 0.5513762275 0.0814474875
v -0.1293718675 0.5613651775 0.054298325
v -0.11507167 0.5765144825 0.0271491625
v -0.1222672475 0.5865034325 0
v -0.1258195575 0.573934305 0.0271491625
v -0.136567445 0.5713541275 0.0271491625
v -0.1437630225 0.5813430775 0
v -0.1695285025 0.49278059 0.1518884575
v -0.1795072 0.48730373 0.15620951
v -0.159549805 0.49825745 0.147567405
v -0.1694280825 0.5052351 0.1335465975
v -0.17930636 0.51221275 0.11952579
v -0.3384581675 0.449155755 0.0466947525
v -0.350539125 0.44362658 0.042307795
v -0.3672846425 0.457020105 0.0155649175
v -0.3649523625 0.447558755 0.0267428775
v -0.3626200825 0.438097405 0.0379208375
v -0.0239439475 0.437502245 0.2641945375
v -0.00956868 0.433031955 0.27319303
v -0.0526944825 0.446442825 0.2461975525
v -0.038319215 0.441972535 0.255196045
v -0.0341287875 0.4309941 0.2668586775
v -0.0443136275 0.424485955 0.2695228175
v -0.02993836 0.420015665 0.27852131
v -0.0603428475 0.176804785 0.2826042225
v -0.06094043 0.16538182 0.279005355
v -0.0494256125 0.169709365 0.2872956225
v -0.0833724825 0.168149695 0.2660236875
v -0.0724552475 0.161054275 0.2707150875
v -0.0615380125 0.153958855 0.2754064875
v -0.0506207775 0.146863435 0.2800978875
v -0.037064565 0.1640256175 0.28693232
v -0.03825973 0.1411796875 0.279734585
v -0.0376621475 0.1526026525 0.2833334525
v -0.0247035175 0.15834187 0.2865690175
v -0.01234247 0.1526581225 0.286205715
v -0.0555143575 0.3773217025 0.2980717725
v -0.0660573825 0.3720509375 0.2943602075
v -0.055497665 0.363080125 0.301852735
v -0.0766337925 0.3952633275 0.2830867175
v -0.0766171 0.38102175 0.28686768
v -0.0766004075 0.3667801725 0.2906486425
v -0.076583715 0.352538595 0.294429605
v -0.13122386 0.3761813225 0.2747912425
v -0.1427354175 0.3799512975 0.262556395
v -0.1411907275 0.369369025 0.2720697425
v -0.13431324 0.3973458675 0.2557645475
v -0.1458247975 0.4011158425 0.2435297
v -0.1442801075 0.39053357 0.2530430475
v -0.154246975 0.3837212725 0.2503215475
v -0.1657585325 0.3874912475 0.2380867
v -0.1642138425 0.376908975 0.2476000475
v -0.098034065 0.2851787725 0.2973461375
v -0.0886966125 0.2771335625 0.300066615
v -0.107090155 0.2615242175 0.2893068725
v -0.0932246575 0.265306285 0.2960469825
v -0.07935916 0.2690883525 0.3027870925
v -0.097795155 0.1990752725 0.274310145
v -0.0854489775 0.2016912025 0.2819337975
v -0.1101413325 0.1964593425 0.2666864925
v -0.1009412625 0.186452255 0.2662433525
v -0.0917411925 0.1764451675 0.2658002125
v -0.23624585 0.3759121325 0.1979708775
v -0.2269243525 0.369993105 0.207137305
v -0.2280352875 0.3828561325 0.2027972575
v -0.2295831325 0.3200730625 0.19886818
v -0.2307774025 0.30707833 0.19330982
v -0.2283888625 0.333067795 0.20442654
v -0.239091535 0.3279192725 0.19376766
v -0.2497942075 0.32277075 0.18310878
v -0.2695186925 0.3839060775 0.16432425
v -0.275119895 0.394737035 0.154898155
v -0.2796582725 0.3820940375 0.154096525
v -0.2097492875 0.4093498 0.2071647875
v -0.2115613275 0.4210459 0.1989541575
v -0.1873765425 0.42272308 0.2149271825
v -0.1891885825 0.43441918 0.2067165525
v -0.200374955 0.42773254 0.202835355
v -0.2133733675 0.432742 0.1907435275
v -0.2151854075 0.4444381 0.1825328975
v -0.241951155 0.4669982775 0.1356720425
v -0.243633065 0.4908357925 0.1037714925
v -0.24279211 0.478917035 0.1197217675
v -0.254877535 0.4726302375 0.11685329
v -0.267803915 0.4782621975 0.0980345375
v -0.025190635 0.484225125 0.214505125
v -0.0366221625 0.4908681275 0.2046655425
v -0.0395659025 0.4775048375 0.2179018625
v -0.301597 0.420814825 0.1133597325
v -0.3135625525 0.4275679725 0.0923562275
v -0.3150457275 0.4166655125 0.10144928
v -0.1069275125 0.5658181175 0.05551428
v -0.1104798225 0.55324899 0.0826634425
v -0.098783355 0.5551217525 0.0838793975
v -0.00956868 0.4206245 0.280011085
v 0.00061616 0.427132645 0.277346945
v -0.02993836 0.40760821 0.285339365
v -0.01975352 0.414116355 0.282675225
v -0.00956868 0.408217045 0.28682914
v -0.00956868 0.39580959 0.293647195
v 0.00061616 0.402317735 0.290983055
v -0.1908973075 0.45713893 0.1845880475
v -0.2030413575 0.450788515 0.1835604725
v -0.190042945 0.445779055 0.1956523
v -0.0909345675 0.476457255 0.21865517
v -0.0979934725 0.4649656775 0.228845435
v -0.08193765 0.4662813975 0.227345175
v -0.1760739775 0.4172270275 0.222947585
v -0.1659909175 0.4118566325 0.22980829
v -0.16610711 0.424039325 0.225669085
v -0.1758415925 0.3928616425 0.231225995
v -0.165874725 0.39967394 0.233947495
v -0.1559078575 0.4064862375 0.236668995
v -0.14594099 0.413298535 0.239390495
v -0.1126187 0.320293885 0.2883519525
v -0.10226495 0.31493269 0.293527895
v -0.10067013 0.327498135 0.2908659625
v 0.00061616 0.25956313 0.3191119725
v -0.0135769325 0.2637810525 0.31757433
v -0.0135769325 0.2521714425 0.3168606075
v 0.00061616 0.28278235 0.3205394175
v -0.0135769325 0.2870002725 0.319001775
v -0.0135769325 0.2753906625 0.3182880525
v -0.027770025 0.267998975 0.3160366875
v -0.0419631175 0.2722168975 0.314499045
v -0.0419631175 0.2606072875 0.3137853225
v -0.15760291 0.176750105 0.2057645675
v -0.1634740925 0.16494938 0.1888391075
v -0.145860545 0.200351555 0.2396154875
v -0.1517317275 0.18855083 0.2226900275
v -0.1659046925 0.185051885 0.202799535
v -0.174206475 0.193353665 0.1998345025
v -0.1800776575 0.18155294 0.1829090425
v -0.13502433 0.22378976 0.2629231675
v -0.140041675 0.21232815 0.2564778525
v -0.130006985 0.23525137 0.2693684825
v -0.143378425 0.23226741 0.25989504
v -0.156749865 0.22928345 0.2504215975
v -0.211073425 0.295011305 0.2068327825
v -0.200101825 0.3031261775 0.2217737
v -0.190682275 0.286569675 0.2236776675
v -0.179710675 0.2946845475 0.238618585
v -0.18990625 0.2989053625 0.2301961425
v -0.189130225 0.31124105 0.2367146175
v -0.178158625 0.3193559225 0.251655535
v -0.080226375 0.1807727125 0.27409048
v -0.0687115575 0.1851002575 0.2823807475
v -0.0770802675 0.19339573 0.2821572725
v -0.1041084 0.1224483125 0.216876235
v -0.1047784825 0.1062533725 0.203755745
v -0.102768235 0.1548381925 0.243117215
v -0.1034383175 0.1386432525 0.229996725
v -0.1113192525 0.129659295 0.21538052
v -0.118530105 0.1368702775 0.213884805
v -0.1192001875 0.1206753375 0.200764315
v -0.1984467225 0.4038537475 0.21518519
v -0.1871441575 0.398357695 0.2232055925
v -0.18726035 0.4105403875 0.2190663875
v -0.166767205 0.328381415 0.2637960075
v -0.1548413475 0.336858275 0.2703286525
v -0.1654567425 0.34016847 0.264706655
v -0.145536415 0.321761025 0.2750400025
v -0.1442259525 0.33354808 0.27595065
v -0.14291549 0.345335135 0.2768612975
v -0.1416050275 0.35712219 0.277771945
v -0.0522898875 0.2540899425 0.311993
v -0.038096795 0.24987202 0.3135306425
v -0.0445572425 0.2326194075 0.31148364
v -0.03036415 0.228401485 0.3130212825
v -0.0342304725 0.2391367525 0.3132759625
v -0.0239037025 0.2456540975 0.315068285
v -0.00971061 0.241436175 0.3166059275
v 0.00061616 0.306004725 0.3197634725
v -0.01127909 0.311699515 0.3147718875
v -0.01127909 0.30008675 0.316261555
v 0.00061616 0.329230255 0.3167841375
v -0.01127909 0.334925045 0.3117925525
v -0.01127909 0.32331228 0.31328222
v -0.02317434 0.317394305 0.3097803025
v -0.03506959 0.323089095 0.3047887175
v -0.03506959 0.31147633 0.306278385
v -0.221553695 0.5302300825 0.051955975
v -0.223099435 0.543340745 0.0252959825
v -0.218462215 0.5040087575 0.10527596
v -0.220007955 0.51711942 0.0786159675
v -0.20692253 0.5240055875 0.0772519575
v -0.192291365 0.5177810925 0.10254794
v -0.193837105 0.530891755 0.0758879475
v -0.2700194775 0.49153348 0.0742430225
v -0.2579340525 0.4978202775 0.0771115
v -0.27223504 0.5048047625 0.0504515075
v -0.1479819925 0.14945728 0.193670255
v -0.13291074 0.1512509175 0.210152575
v -0.1336013575 0.13507664 0.197402485
v -0.1257204225 0.1440605975 0.21201869
v -0.1178394875 0.153044555 0.226634895
v -0.2808974925 0.3352491825 0.150912855
v -0.2896558975 0.3445046925 0.1421775825
v -0.29373397 0.330625895 0.1325527225
v -0.331012065 0.36798443 0.0960025425
v -0.3171293225 0.3720585575 0.113980445
v -0.3260396725 0.3805522425 0.1028716225
v -0.15421464 0.208829205 0.23658736
v -0.17092283 0.225784505 0.230531105
v -0.162568735 0.217306855 0.2335592325
v -0.168387605 0.20533026 0.2166968675
v -0.18256057 0.201831315 0.196806375
v -0.109654375 0.2804082725 0.2937397525
v -0.121274685 0.2756377725 0.2901333675
v -0.11418242 0.268580995 0.28972012
v -0.064866215 0.3975816725 0.2844845325
v -0.0754259325 0.406552485 0.276992005
v -0.04374678 0.3796400475 0.2994695875
v -0.0543064975 0.38861086 0.29197706
v -0.0530986375 0.3999000175 0.2858823475
v -0.04133106 0.4022183625 0.2872801625
v -0.0518907775 0.411189175 0.279787635
v -0.1078382875 0.4171387 0.259493885
v -0.099359615 0.40515764 0.2682584425
v -0.1247956325 0.44110082 0.24196477
v -0.11631696 0.42911976 0.2507293275
v -0.1200043925 0.4180622 0.2521581375
v -0.1321704975 0.4189857 0.24482239
v -0.123691825 0.40700464 0.2535869475
v -0.01077654 0.3845204325 0.2997419075
v -0.01077654 0.3722536175 0.3041152475
v 0.00061616 0.377643465 0.30217445
v -0.03356194 0.3737407375 0.3036235025
v -0.03356194 0.3614739225 0.3079968425
v -0.02216924 0.36686377 0.306056045
v -0.01077654 0.3599868025 0.3084885875
v -0.01077654 0.3477199875 0.3128619275
v 0.00061616 0.353109835 0.31092113
v -0.0655088025 0.51654292 0.1691036625
v -0.0739669975 0.5253988525 0.15207137
v -0.07744946 0.5133554875 0.1736499775
v -0.1127916475 0.507953285 0.1663534025
v -0.1210056525 0.5181238875 0.14355884
v -0.12449671 0.5076112775 0.1557264675
v -0.01234247 0.1408106025 0.2835669425
v 0.00061616 0.14654982 0.2868025075
v -0.03825973 0.1293321675 0.2770958125
v -0.0253011 0.135071385 0.2803313775
v -0.01234247 0.1289630825 0.28092817
v -0.01234247 0.1171155625 0.2782893975
v 0.00061616 0.12285478 0.2815249625
v -0.1523366175 0.42972649 0.23110098
v -0.1422535575 0.424356095 0.237961685
v -0.138566125 0.435413655 0.236532875
v -0.122147135 0.3964223675 0.263100295
v -0.120602445 0.385840095 0.2726136425
v -0.10998103 0.3954988675 0.2704360425
v -0.02003738 0.2231932875 0.3156556125
v 0.00061616 0.2127768925 0.3209242725
v -0.00971061 0.21798509 0.3182899425
v -0.00971061 0.2297106325 0.317447935
v 0.00061616 0.2362279775 0.3192402575
v -0.0653632175 0.2288344475 0.300869455
v -0.05496023 0.2307269275 0.3061765475
v -0.0588265525 0.241462195 0.3064312275
v -0.1925497825 0.21182053 0.1921150275
v -0.1983686525 0.199843935 0.1752526625
v -0.1809120425 0.23577372 0.2258397575
v -0.1867309125 0.223797125 0.2089773925
v -0.202538995 0.221809745 0.18742368
v -0.2125282075 0.23179896 0.1827323325
v -0.2183470775 0.219822365 0.1658699675
v -0.16754323 0.3160457275 0.2572775325
v -0.168319255 0.30371004 0.2507590575
v -0.156927835 0.3127355325 0.26289953
v -0.19652296 0.353698165 0.2337066925
v -0.1769683 0.343938445 0.2524718075
v -0.18674563 0.348818305 0.24308925
v -0.18633133 0.36106514 0.2373870475
v -0.1761397 0.368432115 0.2410674025
v -0.03456704 0.3358840375 0.3058580925
v -0.04646229 0.3299660625 0.302356175
v -0.02267179 0.3418020125 0.30936001
v -0.03406449 0.34867898 0.3069274675
v -0.04545719 0.3555559475 0.304494925
v -0.0447051125 0.057755445 0.2192313275
v -0.0427203075 0.0441951775 0.2097929825
v -0.0486747225 0.08487598 0.2381080175
v -0.0466899175 0.0713157125 0.2286696725
v -0.05308213 0.0661324625 0.21873606
v -0.0614591475 0.07450948 0.2182407925
v -0.0594743425 0.0609492125 0.2088024475
v -0.06654324 0.3450144175 0.297071795
v -0.056502765 0.33749024 0.299713985
v -0.056000215 0.3502851825 0.30078336
v -0.0678487825 0.419849265 0.2667271875
v -0.056081205 0.42216761 0.2681250025
v -0.0602716325 0.433146045 0.25646237
v -0.02096138 0.3904197425 0.2955879925
v -0.03114622 0.3963190525 0.2914340775
v -0.03235408 0.385029895 0.29752879
v -0.1650424425 0.352415305 0.2590044525
v -0.153116585 0.360892165 0.2655370975
v -0.1646281425 0.36466214 0.25330225
v -0.339749965 0.4629165225 0.031129835
v -0.34233356 0.4904380575 0
v -0.3410417625 0.47667729 0.0155649175
v -0.3541632025 0.4668486975 0.0155649175
v -0.36857644 0.4707808725 0
v -0.0230671375 0.111878555 0.2705782575
v -0.0101085075 0.1057702525 0.27117505
v -0.0489843975 0.12409516 0.2693846725
v -0.0360257675 0.1179868575 0.269981465
v -0.033791805 0.1066415475 0.2628671175
v -0.0445164725 0.10140454 0.2551559775
v -0.0315578425 0.0952962375 0.25575277
v -0.0101085075 0.0917576725 0.2595973525
v 0.00061616 0.09699468 0.2673084925
v -0.020833175 0.086520665 0.2518862125
v -0.0101085075 0.0777450925 0.248019655
v 0.00061616 0.06896952 0.2441530975
v -0.08374635 0.0967966 0.2159490025
v -0.0721590325 0.10589612 0.2337608925
v -0.05610379 0.09230502 0.2373440875
v -0.0583377525 0.10365033 0.244458435
v -0.060571715 0.11499564 0.2515727825
v 0.00061616 0.0143832225 0.2161190575
v -0.0081237025 0.0231231 0.2160327175
v -0.0081237025 0.0095985275 0.21054727
v 0.00061616 0.0414323675 0.2270899525
v -0.0081237025 0.0366476725 0.221518165
v -0.016863565 0.0318629775 0.2159463775
v -0.0256034275 0.0270782825 0.21037459
v -0.0373674325 0.2983898525 0.309018605
v -0.039665275 0.285303375 0.311758825
v -0.0254721825 0.2926950625 0.31401019
v -0.0901385625 0.09161335 0.20601539
v -0.0763172825 0.08936756 0.2167129325
v -0.0752804275 0.07675527 0.20754325
v -0.068888215 0.08193852 0.2174768625
v -0.0624960025 0.08712177 0.227410475
v -0.1908336925 0.5567058725 0.0252959825
v -0.1807840175 0.559550245 0.0252959825
v -0.184659935 0.5702297825 0
v -0.1830818575 0.5353467975 0.0758879475
v -0.1769081 0.5488707075 0.050591965
v -0.1707343425 0.5623946175 0.0252959825
v -0.164560585 0.5759185275 0
v -0.156391295 0.268989515 0.26334351
v -0.176641015 0.27120192 0.23592345
v -0.166516155 0.2700957175 0.24963348
v -0.16267047 0.2589487775 0.25345682
v -0.168949645 0.24890804 0.24357013
v -0.2431654025 0.3003443725 0.1773032625
v -0.252673805 0.3081905825 0.1722027425
v -0.2555534025 0.293610415 0.161296705
v -0.1847577275 0.24692066 0.2220164175
v -0.1924490975 0.26921454 0.2143697375
v -0.1886034125 0.2580676 0.2181930775
v -0.20056581 0.24493328 0.200462705
v -0.2163738925 0.2429459 0.1789089925
v -0.2123441875 0.5477957875 0.0252959825
v -0.2269753525 0.5540202825 0
v -0.1977130225 0.5415712925 0.050591965
v -0.20158894 0.55225083 0.0252959825
v -0.2054648575 0.5629303675 0
v -0.192492205 0.4928720725 0.13923166
v -0.192391785 0.5053265825 0.1208898
v -0.20547721 0.498440415 0.12225381
v -0.2026446725 0.273435355 0.205947295
v -0.2128402475 0.27765617 0.1975248525
v -0.21460707 0.260301035 0.1882169225
v -0.522260845 0.0433328475 0.147640615
v -0.530639125 0.0319013325 0.137983815
v -0.51777741 0.035153195 0.15811466
v -0.547984275 0.0368291225 0.107378925
v -0.556362555 0.0253976075 0.097722125
v -0.54350084 0.02864947 0.11785297
v -0.539017405 0.0204698175 0.128327015
v -0.547395685 0.0090383025 0.118670215
v -0.53453397 0.012290165 0.13880106
v -0.4900797525 0.220037925 0.12361782
v -0.47816073 0.219196705 0.13833542
v -0.4837293375 0.23218171 0.12135757
v -0.4789425375 0.194067915 0.15757352
v -0.467023515 0.193226695 0.17229112
v -0.4725921225 0.2062117 0.15531327
v -0.4662417075 0.218355485 0.15305302
v -0.454322685 0.217514265 0.16777062
v -0.4598912925 0.23049927 0.15079277
v -0.2775549625 0.151587145 0.290716175
v -0.28768692 0.15032032 0.28018882
v -0.2865807175 0.140195725 0.293788675
v -0.2797673675 0.171836335 0.263516465
v -0.289899325 0.17056951 0.25298911
v -0.2887931225 0.160444915 0.266588965
v -0.2978188775 0.149053495 0.269661465
v -0.307950835 0.14778667 0.25913411
v -0.3068446325 0.137662075 0.272733965
v -0.15525144 0.0854449075 0.259877505
v -0.1390566325 0.0861149625 0.246757015
v -0.1461520525 0.097032225 0.24461293
v -0.1410606 0.0636103825 0.264165675
v -0.1248657925 0.0642804375 0.251045185
v -0.1319612125 0.0751977 0.2489011
v -0.122861825 0.0867850175 0.233636525
v -0.1066670175 0.0874550725 0.220516035
v -0.1137624375 0.098372335 0.21837195
v -0.4851588825 0.1014063775 0.18604344
v -0.484816875 0.11311131 0.1843574525
v -0.4963084525 0.1060522725 0.1748696925
v -0.4621757275 0.1155244525 0.20501896
v -0.46183372 0.127229385 0.2033329725
v -0.4733252975 0.1201703475 0.1938452125
v -0.4844748675 0.1248162425 0.182671465
v -0.48413286 0.136521175 0.1809854775
v -0.4956244375 0.1294621375 0.1714977175
v -0.4245448425 0.26565802 0.15108286
v -0.4206581475 0.251846255 0.165335335
v -0.412849005 0.263846245 0.160526165
v -0.4401631275 0.24165804 0.1607012
v -0.4362764325 0.227846275 0.174953675
v -0.42846729 0.239846265 0.170144505
v -0.4167714525 0.23803449 0.17958781
v -0.4128847575 0.224222725 0.193840285
v -0.405075615 0.236222715 0.189031115
v -0.457510115 0.3268109675 0.0591679275
v -0.464197805 0.3157723325 0.061398735
v -0.45043704 0.314480535 0.0811213775
v -0.485031645 0.3293945625 0.0197226425
v -0.491719335 0.3183559275 0.02195345
v -0.47795857 0.31706413 0.0416760925
v -0.470885495 0.3047336975 0.0636295425
v -0.477573185 0.2936950625 0.06586035
v -0.46381242 0.292403265 0.0855829925
v -0.3522857075 0.2998895925 0.13344231
v -0.348211315 0.313772335 0.1154644075
v -0.3620903775 0.3096942625 0.1250892675
v -0.3245275825 0.3080457375 0.11419259
v -0.3343322525 0.3178504075 0.1058395475
v -0.3441369225 0.3276550775 0.097486505
v -0.3539415925 0.3374597475 0.0891334625
v -0.555519495 0.0885617775 0.0850953525
v -0.5681275275 0.0817871525 0.056730235
v -0.5574309025 0.073642865 0.0850953525
v -0.576912745 0.1048503525 0.0283651175
v -0.5895207775 0.0980757275 0
v -0.5788241525 0.08993144 0.0283651175
v -0.58073556 0.0750125275 0.0283651175
v -0.5933435925 0.0682379025 0
v -0.5826469675 0.060093615 0.0283651175
v -0.302609355 0.050737525 0.31743789
v -0.29756835 0.0623727925 0.3129873425
v -0.310654825 0.0600749775 0.3147174125
v -0.276436405 0.055333155 0.31397775
v -0.2713954 0.0669684225 0.3095272025
v -0.284481875 0.0646706075 0.3112572725
v -0.292527345 0.07400806 0.308536795
v -0.28748634 0.0856433275 0.3040862475
v -0.300572815 0.0833455125 0.3058163175
v -0.49603584 0.0495284525 0.18663953
v -0.4928486725 0.06146911 0.188835585
v -0.5062119625 0.0585253675 0.169967515
v -0.46930926 0.0554159375 0.22437567
v -0.4661220925 0.067356595 0.226571725
v -0.4794853825 0.0644128525 0.207703655
v -0.489661505 0.0734097675 0.19103164
v -0.4864743375 0.085350425 0.193227695
v -0.4998376275 0.0824066825 0.174359625
v -0.5337976375 0.140572955 0.1072379475
v -0.543786325 0.14776827 0.080088785
v -0.5473215475 0.134399195 0.0814474875
v -0.5267271925 0.167311105 0.1045205425
v -0.53671588 0.17450642 0.07737138
v -0.5402511025 0.161137345 0.0787300825
v -0.5537750125 0.154963585 0.0529396225
v -0.5637637 0.1621589 0.02579046
v -0.5672989225 0.148789825 0.0271491625
v -0.388517275 0.08865166 0.28118493
v -0.3788585025 0.0992729175 0.28123038
v -0.3931000775 0.0992896375 0.27563964
v -0.360034125 0.08861822 0.29236641
v -0.3503753525 0.0992394775 0.29241186
v -0.3646169275 0.0992561975 0.28682112
v -0.36919973 0.109894175 0.28127583
v -0.3595409575 0.1205154325 0.28132128
v -0.3737825325 0.1205321525 0.27573054
v -0.2102211625 0.0442000675 0.3140483325
v -0.208328945 0.054603055 0.30610691
v -0.2185166325 0.0525687775 0.3138248575
v -0.1898457875 0.0482686225 0.2986124375
v -0.18795357 0.05867161 0.290671015
v -0.1981412575 0.0566373325 0.2983889625
v -0.2064367275 0.0650060425 0.2981654875
v -0.20454451 0.07540903 0.290224065
v -0.2147321975 0.0733747525 0.2979420125
v -0.338397445 0.269536305 0.16523387
v -0.349464995 0.268154865 0.168072695
v -0.34020922 0.25939646 0.175461595
v -0.356908995 0.287053115 0.15045607
v -0.367976545 0.285671675 0.153294895
v -0.35872077 0.27691327 0.160683795
v -0.360532545 0.266773425 0.17091152
v -0.371600095 0.265391985 0.173750345
v -0.36234432 0.25663358 0.181139245
v -0.5327797675 0.0838999525 0.1292342725
v -0.530907265 0.09559655 0.1280183175
v -0.5429503675 0.0921140875 0.112244515
v -0.5086935625 0.0908648775 0.1607818775
v -0.50682106 0.102561475 0.1595659225
v -0.5188641625 0.0990790125 0.14379212
v -0.5290347625 0.1072931475 0.1268023625
v -0.52716226 0.118989745 0.1255864075
v -0.5392053625 0.1155072825 0.109812605
v -0.414740175 0.0971471575 0.2603223225
v -0.428036955 0.0895699825 0.25223471
v -0.41605563 0.081091205 0.2675065775
v -0.438702825 0.1141047125 0.2297785875
v -0.451999605 0.1065275375 0.221690975
v -0.44001828 0.09804876 0.2369628425
v -0.441333735 0.0819928075 0.2441470975
v -0.454630515 0.0744156325 0.236059485
v -0.44264919 0.065936855 0.2513313525
v -0.5866527475 0.0483835575 0.02181202
v -0.574044715 0.0551581825 0.0501771375
v -0.5694482425 0.0385126925 0.06543606
v -0.55684021 0.0452873175 0.0938011775
v -0.5654424625 0.05022275 0.0719891575
v -0.5614366825 0.0619328075 0.078542255
v -0.54882865 0.0687074325 0.1069073725
v -0.46266626 0.0439844225 0.2349119875
v -0.4581962325 0.029609165 0.2392151125
v -0.4514759425 0.0439844225 0.247546865
v -0.47610684 0.0152339075 0.2182484825
v -0.4716368125 0.00085865 0.2225516075
v -0.4649165225 0.0152339075 0.23088336
v -0.453726205 0.0152339075 0.2435182375
v -0.4492561775 0.00085865 0.2478213625
v -0.4425358875 0.0152339075 0.256153115
v -0.49084473 0.295910625 0.0439069
v -0.483771655 0.2835801925 0.06586035
v -0.50499088 0.32057149 0
v -0.497917805 0.3082410575 0.02195345
v -0.504116275 0.2981261875 0.02195345
v -0.51738782 0.30034175 0
v -0.510314745 0.2880113175 0.02195345
v -0.2907610475 0.1066012225 0.302103335
v -0.2961222425 0.11695484 0.292313545
v -0.300893005 0.1053343975 0.29157598
v -0.2812195225 0.1298421075 0.303578465
v -0.29135148 0.1285752825 0.29305111
v -0.3014834375 0.1273084575 0.282523755
v -0.311615395 0.1260416325 0.2719964
v -0.252004515 0.0992270725 0.2846279025
v -0.2431588325 0.0918983975 0.2882727225
v -0.2393770275 0.105763765 0.27906613
v -0.259568125 0.0714963375 0.3030410875
v -0.2507224425 0.0641676625 0.3066859075
v -0.2469406375 0.07803303 0.297479315
v -0.23431315 0.0845697225 0.2919175425
v -0.2254674675 0.0772410475 0.2955623625
v -0.2216856625 0.091106415 0.28635577
v -0.456356595 0.137208345 0.2045178825
v -0.467506165 0.14185424 0.193344135
v -0.467701485 0.166458055 0.1845402075
v -0.478851055 0.17110395 0.17336646
v -0.47317861 0.156479095 0.1833552975
v -0.478655735 0.146500135 0.1821703875
v -0.489805305 0.15114603 0.17099664
v -0.48947013 0.012290165 0.1993804125
v -0.50449141 0.012290165 0.179187295
v -0.49784841 0.00085865 0.1897236125
v -0.50275613 0.035153195 0.1783077775
v -0.51113441 0.02372168 0.1686509775
v -0.51951269 0.012290165 0.1589941775
v -0.52789097 0.00085865 0.1493373775
v -0.079808865 0.033032615 0.239128395
v -0.0662485725 0.0310478375 0.2313145475
v -0.0750241675 0.0417724925 0.2337297925
v -0.062257675 0.011583305 0.234297905
v -0.0486973825 0.0095985275 0.2264840575
v -0.0574729775 0.0203231825 0.2288993025
v -0.05268828 0.02906306 0.2235007
v -0.0391279875 0.0270782825 0.2156868525
v -0.0479035825 0.0378029375 0.2181020975
v -0.4457950875 0.254584685 0.1412770575
v -0.45360423 0.242584695 0.1460862275
v -0.4301768025 0.278584665 0.1316587175
v -0.437985945 0.266584675 0.1364678875
v -0.4514270475 0.26751133 0.121852915
v -0.4570590075 0.280437975 0.1024287725
v -0.46486815 0.268437985 0.1072379425
v -0.4500156425 0.3808398325 0.01117796
v -0.4410585 0.39132747 0.01117796
v -0.4505198475 0.3936597475 0
v -0.4310929475 0.3761752775 0.03353388
v -0.422135805 0.386662915 0.03353388
v -0.4315971525 0.3889951925 0.02235592
v -0.4321013575 0.4018151075 0.01117796
v -0.423144215 0.412302745 0.01117796
v -0.4326055625 0.4146350225 0
v -0.4055117375 0.34205044 0.08515187
v -0.4164144625 0.3405670025 0.0802165425
v -0.411041175 0.3299694825 0.0936965525
v -0.4162583125 0.36324548 0.05819185
v -0.4271610375 0.3617620425 0.0532565225
v -0.42178775 0.3511645225 0.0667365325
v -0.4273171875 0.339083565 0.075281215
v -0.4382199125 0.3376001275 0.0703458875
v -0.432846625 0.3270026075 0.0838258975
v -0.2693922475 0.1343700225 0.29709235
v -0.2593517725 0.140649195 0.28094289
v -0.266408285 0.1477417225 0.28816657
v -0.2552792225 0.1201849675 0.28264499
v -0.2452387475 0.12646414 0.26649553
v -0.25229526 0.1335566675 0.27371921
v -0.2493112975 0.1469283675 0.26479343
v -0.2392708225 0.15320754 0.24864397
v -0.246327335 0.1603000675 0.25586765
v -0.4563418725 0.1656036925 0.19359399
v -0.4620143175 0.1802285475 0.1836051525
v -0.4449969825 0.1363539825 0.213571665
v -0.4506694275 0.1509788375 0.2035828275
v -0.44498226 0.16474933 0.2026477725
v -0.4336226475 0.1638949675 0.211701555
v -0.4392950925 0.1785198225 0.2017127175
v -0.5026328425 0.2473239175 0.0799799775
v -0.5157435025 0.248869395 0.053319985
v -0.50875902 0.2345684075 0.0799799775
v -0.5166018075 0.2759258925 0.0266599925
v -0.5297124675 0.27747137 0
v -0.522727985 0.2631703825 0.0266599925
v -0.5288541625 0.2504148725 0.0266599925
v -0.5419648225 0.25196035 0
v -0.53498034 0.2376593625 0.0266599925
v -0.28040249 0.224511105 0.197455925
v -0.2736682675 0.2368991075 0.1786648625
v -0.2910236675 0.2351322825 0.1907572975
v -0.24569169 0.228044755 0.173271055
v -0.2563128675 0.2386659325 0.1665724275
v -0.266934045 0.24928711 0.1598738
v -0.2775552225 0.2599082875 0.1531751725
v -0.4040929675 0.2821963875 0.14547206
v -0.399943655 0.295645115 0.1335616075
v -0.4125863875 0.2911067375 0.1343632375
v -0.3788075025 0.2912731425 0.1438688
v -0.37465819 0.30472187 0.1319583475
v -0.3873009225 0.3001834925 0.1327599775
v -0.3957943425 0.3090938425 0.121651155
v -0.39164503 0.32254257 0.1097407025
v -0.4042877625 0.3180041925 0.1105423325
v -0.3968532275 0.386012545 0.0373072775
v -0.3997393975 0.37135851 0.053255475
v -0.39147994 0.375415025 0.0507872875
v -0.4133721425 0.377899515 0.0422436525
v -0.407998855 0.367301995 0.0557236625
v -0.4026255675 0.356704475 0.0692036725
v -0.39725228 0.346106955 0.0826836825
v -0.579082565 0.03033304 0.04362404
v -0.5704803125 0.0253976075 0.06543606
v -0.59628707 0.040203905 0
v -0.5876848175 0.0352684725 0.02181202
v -0.5887168875 0.0221533875 0.02181202
v -0.59835121 0.013973735 0
v -0.5897489575 0.0090383025 0.02181202
v -0.502259815 0.1510453475 0.1531492575
v -0.5127724225 0.14755455 0.1378454875
v -0.5057950375 0.1376762725 0.15450796
v -0.516214585 0.1708019025 0.1198243125
v -0.5197498075 0.1574328275 0.121183015
v -0.52328503 0.1440637525 0.1225417175
v -0.5268202525 0.1306946775 0.12390042
v -0.3674928425 0.245930645 0.1931444975
v -0.3564252925 0.247312085 0.1903056725
v -0.3556547875 0.227287655 0.2114773525
v -0.3445872375 0.228669095 0.2086385275
v -0.350506265 0.23799059 0.1994721
v -0.3453577425 0.248693525 0.1874668475
v -0.3342901925 0.250074965 0.1846280225
v -0.33826837 0.0785610525 0.3032598525
v -0.325703185 0.0801558725 0.3041120075
v -0.333227365 0.09019632 0.298809305
v -0.32322001 0.0584801575 0.3138652575
v -0.318179005 0.070115425 0.30941471
v -0.313138 0.0817506925 0.3049641625
v -0.308096995 0.09338596 0.300513615
v -0.2102240525 0.09612376 0.280519815
v -0.219069735 0.103452435 0.276874995
v -0.2049921975 0.1208158 0.261558265
v -0.21383788 0.128144475 0.257913445
v -0.2164538075 0.115798455 0.26739422
v -0.2279154175 0.11078111 0.273230175
v -0.2367611 0.118109785 0.269585355
v -0.1889125575 0.00085865 0.3036736025
v -0.1839330675 0.0132197125 0.2992927975
v -0.19459657 0.0132197125 0.304036905
v -0.1675855525 0.00085865 0.2941853875
v -0.1626060625 0.0132197125 0.2898045825
v -0.173269565 0.0132197125 0.29454869
v -0.1789535775 0.025580775 0.2949119925
v -0.1739740875 0.0379418375 0.2905311875
v -0.18463759 0.0379418375 0.295275295
v -0.3875706375 0.3364253125 0.0917628
v -0.3846844675 0.3510793475 0.0758146025
v -0.3624350125 0.3463700975 0.07802464
v -0.372116655 0.35605174 0.0689455225
v -0.3817982975 0.3657333825 0.059866405
v -0.3942446575 0.2306212475 0.19845721
v -0.3981313525 0.2444330125 0.184204735
v -0.3803561325 0.2470418425 0.18880445
v -0.3842428275 0.2608536075 0.174551975
v -0.39118709 0.25264331 0.179378355
v -0.4020180475 0.2582447775 0.16995226
v -0.4059047425 0.2720565425 0.155699785
v -0.5615134425 0.0090383025 0.08638415
v -0.5570300075 0.00085865 0.096858195
v -0.5659968775 0.017217955 0.075910105
v -0.5756312 0.0090383025 0.054098085
v -0.5852655225 0.00085865 0.032286065
v -0.518255065 0.055042905 0.1541937125
v -0.53111678 0.0517910425 0.1340628675
v -0.535966935 0.071959295 0.1270382175
v -0.539972715 0.0602492375 0.12048512
v -0.543978495 0.04853918 0.1139320225
v -0.4234891125 0.2896233 0.12942791
v -0.436930215 0.290549955 0.1148129375
v -0.4369959375 0.31355388 0.09573635
v -0.4436836275 0.302515245 0.0979671575
v -0.4503713175 0.29147661 0.100197965
v -0.4138763475 0.39071943 0.0310656925
v -0.40561689 0.394775945 0.028597505
v -0.4143805525 0.403539345 0.0198877325
v -0.3221025075 0.1898294875 0.2417407075
v -0.3269821025 0.199606555 0.23378378
v -0.335096975 0.1886349575 0.2445145625
v -0.3058727625 0.2117726825 0.2202791425
v -0.3107523575 0.22154975 0.212322215
v -0.31886723 0.2105781525 0.2230529975
v -0.3318616975 0.2093836225 0.2258268525
v -0.3367412925 0.21916069 0.217869925
v -0.344856165 0.2081890925 0.2286007075
v -0.347754165 0.1218258925 0.277928935
v -0.3523369675 0.13246387 0.272383645
v -0.33858856 0.1005499375 0.289019515
v -0.3431713625 0.111187915 0.283474225
v -0.3359673725 0.1231363525 0.27453659
v -0.32418058 0.1244468125 0.271144245
v -0.3287633825 0.13508479 0.265598955
v -0.1948252775 0.03590756 0.3029932425
v -0.2152006525 0.031839005 0.3184291375
v -0.205012965 0.0338732825 0.31071119
v -0.1998047675 0.0235464975 0.3073740475
v -0.2047842575 0.011185435 0.3117548525
v -0.1923689175 0.1239619075 0.2534914725
v -0.1805679275 0.1298333525 0.238423135
v -0.19057528 0.139033265 0.2370091525
v -0.1723542125 0.1055620825 0.2563194375
v -0.1605532225 0.1114335275 0.2412511
v -0.170560575 0.12063344 0.2398371175
v -0.1687669375 0.1357047975 0.2233547975
v -0.1569659475 0.1415762425 0.20828646
v -0.1669733 0.150776155 0.2068724775
v -0.36259905 0.2190773575 0.2163037325
v -0.36996629 0.20888599 0.2196908425
v -0.357103 0.2077747925 0.22403089
v -0.38832563 0.2212997525 0.2076236375
v -0.39569287 0.211108385 0.2110107475
v -0.38282958 0.2099971875 0.215350795
v -0.37733353 0.1986946225 0.2230779525
v -0.38470077 0.188503255 0.2264650625
v -0.37183748 0.1873920575 0.23080511
v -0.3152718075 0.2992873325 0.12158149
v -0.3053149275 0.2893304525 0.129035585
v -0.3245183825 0.2736143775 0.15560901
v -0.3145615025 0.2636574975 0.163063105
v -0.309938215 0.276493975 0.146049345
v -0.2953580475 0.2793735725 0.13648968
v -0.2854011675 0.2694166925 0.143943775
v -0.57986805 0.145237515 0
v -0.5698793625 0.1380422 0.0271491625
v -0.58502893 0.123742265 0
v -0.5750402425 0.11654695 0.0271491625
v -0.5724598025 0.127294575 0.0271491625
v -0.559890675 0.130846885 0.054298325
v -0.5499019875 0.12365157 0.0814474875
v -0.503760075 0.170902585 0.137671695
v -0.51073746 0.1807808625 0.1210092225
v -0.49678269 0.1610243075 0.1543341675
v -0.491305565 0.1710032675 0.1555190775
v -0.48582844 0.1809822275 0.1567039875
v -0.436622385 0.36409432 0.0420785625
v -0.45554508 0.368758875 0.0197226425
v -0.4460837325 0.3664265975 0.0309006025
v -0.4421518225 0.3520133625 0.050623245
v -0.44768126 0.339932405 0.0591679275
v -0.4230106725 0.0457883975 0.2766898475
v -0.4295190775 0.0356035675 0.26984427
v -0.418540645 0.03141314 0.2809929725
v -0.4449675375 0.0541692525 0.2543924425
v -0.44049751 0.039793995 0.2586955675
v -0.4360274825 0.0254187375 0.2629986925
v -0.431557455 0.01104348 0.2673018175
v -0.15248383 0.0630128275 0.2703118575
v -0.14538841 0.052095565 0.2724559425
v -0.16667467 0.0848473525 0.2660236875
v -0.15957925 0.07393009 0.2681677725
v -0.16390706 0.0624152725 0.27645804
v -0.17533029 0.0618177175 0.2826042225
v -0.16823487 0.050900455 0.2847483075
v -0.1511828325 0.0138172675 0.2836584
v -0.156866845 0.02617833 0.2840217025
v -0.1397043975 0.0397345025 0.27209264
v -0.1511276275 0.0391369475 0.2782388225
v -0.1625508575 0.0385393925 0.284385005
v -0.3653048875 0.078075195 0.2936137025
v -0.3510633125 0.078058475 0.2992044425
v -0.3937880375 0.078108635 0.2824322225
v -0.3795464625 0.078091915 0.2880229625
v -0.37057565 0.06753217 0.294860995
v -0.3758464125 0.056989145 0.2961082875
v -0.3616048375 0.056972425 0.3016990275
v -0.3860167525 0.16723382 0.2392606975
v -0.3822465125 0.155722 0.24965664
v -0.37543448 0.16568887 0.2445881625
v -0.3996408175 0.14730008 0.2493976525
v -0.3958705775 0.13578826 0.259793595
v -0.389058545 0.14575513 0.2547251175
v -0.3784762725 0.14421018 0.2600525825
v -0.3747060325 0.13269836 0.270448525
v -0.367894 0.14266523 0.2653800475
v -0.267613595 0.08083379 0.30032061
v -0.260049985 0.108564525 0.281907425
v -0.26383179 0.0946991575 0.2911140175
v -0.275659065 0.0901712425 0.2976001325
v -0.283704535 0.099508695 0.294879655
v -0.1849774925 0.102415975 0.26438623
v -0.17497014 0.0932160625 0.2658002125
v -0.194984845 0.1116158875 0.2629722475
v -0.1976007725 0.0992698675 0.2724530225
v -0.2002167 0.0869238475 0.2819337975
v -0.3813813675 0.22951005 0.2027972575
v -0.3685180775 0.2283988525 0.207137305
v -0.374437105 0.2377203475 0.1979708775
v -0.3264442475 0.24056656 0.19385942
v -0.321295725 0.251269495 0.1818541675
v -0.33159277 0.229863625 0.2058646725
v -0.3185983025 0.231058155 0.2030908175
v -0.305603835 0.232252685 0.2003169625
v -0.3806192775 0.2811332975 0.154096525
v -0.39326201 0.27659492 0.154898155
v -0.3824310525 0.2709934525 0.16432425
v -0.4429630725 0.2166599025 0.1768244025
v -0.431267235 0.2148481275 0.1862677075
v -0.4329446775 0.1906636075 0.1994524675
v -0.42124884 0.1888518325 0.2088957725
v -0.4262580375 0.20184998 0.19758174
v -0.4195713975 0.2130363525 0.1957110125
v -0.40787556 0.2112245775 0.2051543175
v -0.4767871725 0.269279205 0.0925203425
v -0.4711552125 0.25635256 0.111944485
v -0.4893612975 0.245108355 0.1019334275
v -0.477442275 0.244267135 0.1166510275
v -0.4655232525 0.243425915 0.1313686275
v -0.47602955 0.04104068 0.2160439175
v -0.48939284 0.0380969375 0.1971758475
v -0.48274984 0.0266654225 0.207712165
v -0.4151904875 0.316520755 0.105607005
v -0.4260932125 0.3150373175 0.1006716775
v -0.4193398 0.3030720275 0.1175174575
v -0.5536469925 0.100258375 0.0838793975
v -0.55177449 0.1119549725 0.0826634425
v -0.5643436175 0.1084026625 0.05551428
v -0.39433509 0.01104348 0.29531047
v -0.406742545 0.01104348 0.2859742525
v -0.400843495 0.00085865 0.2884648925
v -0.40613319 0.03141314 0.29032919
v -0.412641595 0.02122831 0.2834836125
v -0.41915 0.01104348 0.276638035
v -0.425658405 0.00085865 0.2697924575
v -0.44430429 0.19151797 0.190398685
v -0.4493134875 0.2045161175 0.1790846525
v -0.4556639025 0.1923723325 0.1813449025
v -0.4648066375 0.0834125475 0.21938747
v -0.4634911825 0.0994685 0.212203215
v -0.47498276 0.0924094625 0.202715455
v -0.405011475 0.1573831425 0.238472745
v -0.4118235075 0.1474162725 0.2435412225
v -0.39138741 0.1773168825 0.22833579
v -0.3981994425 0.1673500125 0.2334042675
v -0.4103821325 0.167466205 0.2275478375
v -0.41575279 0.1775492675 0.21662293
v -0.4225648225 0.1675823975 0.2216914075
v -0.326023375 0.1021447575 0.28987167
v -0.31345819 0.1037395775 0.290723825
v -0.318819385 0.114093195 0.280934035
v -0.270741615 0.04343789 0.3144851125
v -0.26652369 0.02924481 0.31297891
v -0.259132005 0.04343789 0.3107414775
v -0.285524985 0.01505173 0.3189599775
v -0.28130706 0.00085865 0.317453775
v -0.273915375 0.01505173 0.3152163425
v -0.262305765 0.01505173 0.3114727075
v -0.25808784 0.00085865 0.309966505
v -0.250696155 0.01505173 0.3077290725
v -0.1918786475 0.175681495 0.19797738
v -0.183576865 0.167379715 0.2009424125
v -0.1988770625 0.147335045 0.23404412
v -0.1870760725 0.15320649 0.2189757825
v -0.1752750825 0.159077935 0.203907445
v -0.230793175 0.144853185 0.251733795
v -0.2278092125 0.158224885 0.242808015
v -0.2337771375 0.131481485 0.260659575
v -0.2223155275 0.13649883 0.25482362
v -0.2108539175 0.141516175 0.248987665
v -0.3178814275 0.17963365 0.25183277
v -0.309766555 0.1906052475 0.2411019875
v -0.2932095225 0.18118517 0.25055533
v -0.28509465 0.1921567675 0.2398245475
v -0.2974306025 0.1913810075 0.2404632675
v -0.3016516825 0.201576845 0.230371205
v -0.29353681 0.2125484425 0.2196404225
v -0.19192123 0.0785551375 0.2821572725
v -0.18362576 0.0701864275 0.2823807475
v -0.17929795 0.081701245 0.27409048
v -0.135394995 0.1200052825 0.213884805
v -0.1281841425 0.1127943 0.21538052
v -0.153362905 0.1042432075 0.243117215
v -0.1371680975 0.1049132625 0.229996725
v -0.12097329 0.1055833175 0.216876235
v -0.40906615 0.18873564 0.2147522025
v -0.39688346 0.1886194475 0.2206086325
v -0.40237951 0.1999220125 0.212881475
v -0.3438603725 0.14438999 0.26655752
v -0.355647165 0.14307953 0.269949865
v -0.3202867875 0.14701091 0.25977283
v -0.33207358 0.14570045 0.263165175
v -0.3353837775 0.15631611 0.260731395
v -0.3269071825 0.16824223 0.25490527
v -0.338693975 0.16693177 0.258297615
v -0.239960885 0.011185435 0.3101087225
v -0.24417881 0.025378515 0.311614925
v -0.226926195 0.031839005 0.3178804275
v -0.23114412 0.046032085 0.31938663
v -0.237661465 0.0357053 0.3155007775
v -0.248396735 0.039571595 0.3131211275
v -0.25261466 0.053764675 0.31462733
v -0.32161407 0.036544445 0.3181995875
v -0.31591928 0.02464918 0.31870695
v -0.31000104 0.036544445 0.3196753225
v -0.33345055 0.012753915 0.3162628425
v -0.32775576 0.00085865 0.316770205
v -0.32183752 0.012753915 0.3177385775
v -0.31022449 0.012753915 0.3192143125
v -0.3045297 0.00085865 0.319721675
v -0.29861146 0.012753915 0.3206900475
v -0.5163060675 0.1937658675 0.1040313725
v -0.522530825 0.2083970325 0.0782409125
v -0.5294167275 0.195311345 0.07737138
v -0.5025342625 0.2199372425 0.1057704375
v -0.5156449225 0.22148272 0.079110445
v -0.5287555825 0.2230281975 0.0524504525
v -0.5418662425 0.224573675 0.02579046
v -0.5033302625 0.27371033 0.0486134425
v -0.49634578 0.2594093425 0.075273435
v -0.4900587175 0.2714947675 0.0705668925
v -0.1515692675 0.119314565 0.226634895
v -0.1425853125 0.1271956025 0.21201869
v -0.14977563 0.1343859225 0.210152575
v -0.32915087 0.29520926 0.13120635
v -0.3430299325 0.2911311875 0.14083121
v -0.3337741575 0.2823727825 0.14822011
v -0.3790772175 0.3275149625 0.1028716225
v -0.3705837975 0.3186046125 0.113980445
v -0.366509405 0.332487355 0.0960025425
v -0.200356295 0.18403585 0.194887555
v -0.2038555025 0.169862625 0.212920925
v -0.224310005 0.17239811 0.224774645
v -0.2158323575 0.164043755 0.22786447
v -0.20735471 0.1556894 0.230954295
v -0.2671064975 0.1156570525 0.289131105
v -0.27416301 0.12274958 0.296354785
v -0.2789337725 0.1111291375 0.29561722
v -0.40074308 0.0428058275 0.2916154925
v -0.3984247325 0.05457343 0.2885544025
v -0.4097138925 0.0533655725 0.28477746
v -0.37816476 0.0452215425 0.2991693775
v -0.3871355725 0.0557812875 0.292331345
v -0.396106385 0.0663410325 0.2854933125
v -0.4050771975 0.0769007775 0.27865528
v -0.417510675 0.13364578 0.2444762775
v -0.416587175 0.1214795725 0.2497582925
v -0.40552935 0.1251670025 0.259748145
v -0.439626325 0.12627092 0.2244965725
v -0.427645 0.1177921425 0.23976844
v -0.415663675 0.109313365 0.2550403075
v -0.40368235 0.1008345875 0.270312175
v -0.3462454925 0.0122513375 0.3122074325
v -0.358512305 0.0122513375 0.3078340925
v -0.3516356025 0.00085865 0.31092113
v -0.3599988975 0.0350367125 0.3060333575
v -0.37226571 0.0350367125 0.3016600175
v -0.3653890075 0.023644025 0.304747055
v -0.3707791175 0.0122513375 0.3034607525
v -0.38304593 0.0122513375 0.2990874125
v -0.3761692275 0.00085865 0.30217445
v -0.51188073 0.07892422 0.1585858225
v -0.5239238325 0.0754417575 0.14281202
v -0.5150678975 0.0669835625 0.1563897675
v -0.506137045 0.12597134 0.1561939475
v -0.5166496525 0.1224805425 0.1408901775
v -0.5064790525 0.1142664075 0.157879935
v -0.11564028 0.0138172675 0.2646853125
v -0.1274877975 0.0138172675 0.271009675
v -0.1213794975 0.00085865 0.2704681925
v -0.12785688 0.0397345025 0.2657682775
v -0.1335960975 0.026775885 0.2715511575
v -0.139335315 0.0138172675 0.2773340375
v -0.1450745325 0.00085865 0.2831169175
v -0.4339391575 0.1400414125 0.2235615175
v -0.4228813325 0.1437288425 0.23355137
v -0.42825199 0.153811905 0.2226264625
v -0.3940235775 0.111455845 0.270357625
v -0.384364805 0.1220771025 0.270403075
v -0.3949470775 0.1236220525 0.26507561
v -0.2347526875 0.00085865 0.30677158
v -0.2282353425 0.011185435 0.3106574325
v -0.2113016025 0.00085865 0.307869
v -0.2165098 0.011185435 0.3112061425
v -0.2217179975 0.02151222 0.314543285
v -0.2399871725 0.0603013675 0.3090655575
v -0.2292519025 0.0564350725 0.3114452075
v -0.227359685 0.06683806 0.303503785
v -0.2303239325 0.214003495 0.1808135125
v -0.22033472 0.20401428 0.18550486
v -0.2342992175 0.182387325 0.2200832975
v -0.2223223625 0.188206195 0.2051397525
v -0.2103455075 0.194025065 0.1901962075
v -0.3112610325 0.15840233 0.25670033
v -0.3022352775 0.16979375 0.25362783
v -0.31457123 0.16901799 0.25426655
v -0.366957885 0.17761499 0.2387620375
v -0.359590645 0.1878063575 0.2353749275
v -0.342464215 0.17844359 0.2479016725
v -0.34734381 0.1882206575 0.239944745
v -0.352223405 0.197997725 0.2319878175
v -0.347203955 0.03553929 0.3100887675
v -0.3540806575 0.0469319775 0.30700173
v -0.3403272525 0.0241466025 0.313175805
v -0.3344090125 0.0360418675 0.3141441775
v -0.3284907725 0.0479371325 0.31511255
v -0.073034635 0.06293399 0.216616295
v -0.0646576175 0.0545569725 0.2171115625
v -0.083401185 0.05014951 0.233234525
v -0.0698408925 0.0481647325 0.2254206775
v -0.0562806 0.046179955 0.21760683
v -0.348809895 0.0574750025 0.3057544375
v -0.3360149525 0.05797758 0.3098098475
v -0.3435391325 0.0680180275 0.304507145
v -0.4316707575 0.0617464275 0.262480055
v -0.420692325 0.057556 0.2736287575
v -0.4183739775 0.0693236025 0.2705676675
v -0.38355487 0.033828855 0.297883075
v -0.39484403 0.0326209975 0.2941061325
v -0.38894498 0.0224361675 0.2965967725
v -0.363187645 0.16610317 0.24915798
v -0.359417405 0.15459135 0.2595539225
v -0.35094081 0.16651747 0.2537277975
v -0.469305845 0.3700506725 0
v -0.465373935 0.3556374375 0.0197226425
v -0.488963555 0.3438077975 0
v -0.47520279 0.342516 0.0197226425
v -0.461442025 0.3412242025 0.039445285
v -0.09992964 0.0459912325 0.24773517
v -0.10516652 0.0352665775 0.2533852175
v -0.09382134 0.033032615 0.2471936875
v -0.12262 0.0504591575 0.26011823
v -0.1165117 0.03750054 0.2595767475
v -0.1104034 0.0245419225 0.259035265
v -0.1042951 0.011583305 0.2584937825
v -0.07627015 0.011583305 0.2423631975
v -0.067494555 0.00085865 0.2399479525
v -0.085045745 0.02230796 0.2447784425
v -0.090282625 0.011583305 0.25042849
v -0.095519505 0.00085865 0.2560785375
v -0.1135206125 0.062046475 0.244853655
v -0.0908302525 0.05757855 0.232470595
v -0.1021754325 0.0598125125 0.238662125
v -0.104421225 0.0736337925 0.22958908
v -0.0953218375 0.08522111 0.214324505
v -0.030388125 0.018338405 0.2157731925
v -0.03995752 0.00085865 0.2265703975
v -0.0351728225 0.0095985275 0.221171795
v -0.0216482625 0.0095985275 0.2158595325
v -0.0129084 0.00085865 0.2159458725
v -0.291219775 0.026946995 0.318452615
v -0.28382809 0.041140075 0.3162151825
v -0.296914565 0.03884226 0.3179452525
v -0.0856469775 0.06397079 0.22416148
v -0.0804637025 0.07036303 0.215852365
v -0.08789277 0.07779207 0.215088435
v -0.5609193275 0.172208575 0.02579046
v -0.5744432375 0.166034815 0
v -0.5338715075 0.184556095 0.07737138
v -0.5473954175 0.178382335 0.05158092
v -0.558074955 0.18225825 0.02579046
v -0.5552305825 0.192307925 0.02579046
v -0.5687544925 0.186134165 0
v -0.2474335375 0.1704246625 0.242267795
v -0.2574740125 0.16414549 0.258417255
v -0.2697268925 0.1781155075 0.247367005
v -0.26862069 0.1679909125 0.26096686
v -0.2675144875 0.1578663175 0.274566715
v -0.29213539 0.25702869 0.1627348375
v -0.3067155575 0.2541490925 0.1722945025
v -0.2988696125 0.2446406875 0.1815259
v -0.24147061 0.2178489175 0.1833631175
v -0.2434582525 0.2020408325 0.20299801
v -0.26773925 0.1939235925 0.2277321125
v -0.2565925725 0.19007817 0.2251825075
v -0.245445895 0.1862327475 0.2226329025
v -0.5507758025 0.203063175 0.02579046
v -0.56145534 0.20693909 0
v -0.540096265 0.19918726 0.05158092
v -0.5463210225 0.213818425 0.02579046
v -0.55254578 0.22844959 0
v -0.496965655 0.2069522375 0.1227482875
v -0.5038515575 0.19386655 0.121878755
v -0.4913970475 0.1939672325 0.1397261375
v -0.25882601 0.2160820925 0.1954555525
v -0.27618141 0.2143152675 0.2075479875
v -0.27196033 0.20411943 0.21764005
v 0.0430903675 0.52373587 0.158873335
v 0.03165885 0.532113885 0.14576199
v 0.0349107125 0.519252435 0.168478295
v 0.0365866425 0.54945877 0.113440725
v 0.025155125 0.557836785 0.10032938
v 0.0284069875 0.544975335 0.123045685
v 0.0202273325 0.5404919 0.132650645
v 0.008795815 0.548869915 0.1195393
v 0.0120476775 0.536008465 0.142255605
v 0.219795025 0.4915542475 0.12361782
v 0.218953805 0.47963549 0.13833542
v 0.23193881 0.4852038325 0.12135757
v 0.193825015 0.4804175625 0.15757352
v 0.192983795 0.468498805 0.17229112
v 0.2059688 0.4740671475 0.15531327
v 0.218112585 0.4677167325 0.15305302
v 0.217271365 0.455797975 0.16777062
v 0.23025637 0.4613663175 0.15079277
v 0.1513445 0.2790302525 0.264274845
v 0.15007794 0.2891619475 0.2679478175
v 0.13995308 0.288055745 0.2696430825
v 0.17159422 0.2812426575 0.260884315
v 0.17032766 0.2913743525 0.2645572875
v 0.1602028 0.29026815 0.2662525525
v 0.14881138 0.2992936425 0.27162079
v 0.14754482 0.3094253375 0.2752937625
v 0.13741996 0.308319135 0.2769890275
v 0.08520242 0.15672673 0.24806427
v 0.0858724775 0.14053179 0.238881525
v 0.0967897375 0.14762721 0.232799695
v 0.0633679 0.14253589 0.26022793
v 0.0640379575 0.12634095 0.251045185
v 0.0749552175 0.13343637 0.244963355
v 0.086542535 0.12433685 0.22969878
v 0.0872125925 0.10814191 0.220516035
v 0.0981298525 0.11523733 0.214434205
v 0.1011637925 0.4866331125 0.194993715
v 0.1128688825 0.486291105 0.190685595
v 0.10580995 0.4977826825 0.18273609
v 0.1152816575 0.4636499575 0.210892725
v 0.1269867475 0.46330795 0.206584605
v 0.119927815 0.4747995275 0.1986351
v 0.1245739725 0.4859490975 0.186377475
v 0.1362790625 0.48560709 0.182069355
v 0.12922013 0.4970986675 0.17411985
v 0.26541512 0.4260201325 0.14257009
v 0.251603355 0.422133175 0.1593701725
v 0.263603345 0.4143240325 0.1517234125
v 0.24141514 0.4416384175 0.15786361
v 0.227603375 0.43775146 0.1746636925
v 0.239603365 0.4299423175 0.1670169325
v 0.23779159 0.4182462175 0.176170255
v 0.223979825 0.41435926 0.1929703375
v 0.235979815 0.4065501175 0.1853235775
v 0.3265691175 0.4589843475 0.0676071975
v 0.31553022 0.4656723025 0.0717285125
v 0.3142384225 0.451911535 0.094264245
v 0.3291527125 0.4865058825 0.0225357325
v 0.318113815 0.4931938375 0.0266570475
v 0.3168220175 0.47943307 0.04919278
v 0.3044913225 0.4723602575 0.0758498275
v 0.293452425 0.4790482125 0.0799711425
v 0.2921606275 0.465287445 0.102506875
v 0.29964669 0.3537602025 0.13344231
v 0.3135294325 0.349686075 0.1154644075
v 0.3094513625 0.3635648725 0.1250892675
v 0.30780283 0.3260026075 0.11419259
v 0.3216855725 0.32192848 0.0962146875
v 0.3176075025 0.3358072775 0.1058395475
v 0.327412175 0.3456119475 0.097486505
v 0.3412949175 0.34153782 0.0795086025
v 0.3372168475 0.3554166175 0.0891334625
v 0.0883191925 0.556994515 0.091025235
v 0.08154454 0.56960255 0.06068349
v 0.0734003575 0.558906185 0.091025235
v 0.1046075575 0.578387245 0.030341745
v 0.097832905 0.59099528 0
v 0.0896887225 0.580298915 0.030341745
v 0.0747698875 0.582210585 0.030341745
v 0.067995235 0.59481862 0
v 0.0598510525 0.584122255 0.030341745
v 0.0504949625 0.3040846425 0.31402599
v 0.0621302575 0.299043375 0.3107127425
v 0.059832415 0.3121298525 0.3113055125
v 0.0550906475 0.2779116875 0.31284045
v 0.0667259425 0.27287042 0.3095272025
v 0.0644281 0.2859568975 0.3101199725
v 0.0737655525 0.2940021075 0.307399495
v 0.0854008475 0.28896084 0.3040862475
v 0.083103005 0.3020473175 0.3046790175
v 0.04928597 0.49751113 0.197003165
v 0.0612266275 0.4943236975 0.1983668075
v 0.0582828875 0.5076869875 0.1829532825
v 0.05517345 0.47078455 0.227830215
v 0.0671141075 0.4675971175 0.2291938575
v 0.0641703675 0.4809604075 0.2137803325
v 0.073167285 0.491136265 0.19973045
v 0.0851079425 0.4879488325 0.2010940925
v 0.0821642025 0.5013121225 0.1856805675
v 0.1403303175 0.53527214 0.0979162675
v 0.147525895 0.54526109 0.0743058775
v 0.1341565575 0.54879605 0.07083117
v 0.1670689925 0.52820222 0.1048656825
v 0.17426457 0.53819117 0.0812552925
v 0.1608952325 0.54172613 0.077780585
v 0.1547214725 0.55525004 0.0506954875
v 0.16191705 0.56523899 0.0270850975
v 0.1485477125 0.56877395 0.02361039
v 0.08840918 0.3899925625 0.281301755
v 0.099030595 0.38033379 0.281347205
v 0.099047315 0.3945753675 0.27563964
v 0.08837574 0.3615094075 0.292716885
v 0.098997155 0.351850635 0.292762335
v 0.099013875 0.3660922125 0.28705477
v 0.10965201 0.3706750175 0.281392655
v 0.120273425 0.361016245 0.281438105
v 0.120290145 0.3752578225 0.27573054
v 0.0439575875 0.2116961875 0.3145258025
v 0.054360575 0.2098037075 0.31235359
v 0.0523262975 0.21999166 0.3195940675
v 0.0480261425 0.1913202825 0.3000448475
v 0.05842913 0.1894278025 0.297872635
v 0.0563948525 0.199615755 0.3051131125
v 0.0647635625 0.2079112275 0.3101813775
v 0.07516655 0.2060187475 0.308009165
v 0.0731322725 0.2162067 0.3152496425
v 0.269293405 0.33987247 0.17313347
v 0.2679122275 0.35094002 0.173339095
v 0.2591538225 0.34168451 0.183361195
v 0.286810215 0.35838349 0.15308927
v 0.2854290375 0.36945104 0.153294895
v 0.2766706325 0.36019553 0.163316995
v 0.26653105 0.36200757 0.17354472
v 0.2651498725 0.37307512 0.173750345
v 0.2563914675 0.36381961 0.183772445
v 0.0836574725 0.534254785 0.1377862875
v 0.095353965 0.5323820225 0.1310549325
v 0.0918715025 0.5444253875 0.114635625
v 0.0906223975 0.510168055 0.1706249025
v 0.10231889 0.5082952925 0.1638935475
v 0.0988364275 0.5203386575 0.14747424
v 0.1070504575 0.53050926 0.1243235775
v 0.11874695 0.5286364975 0.1175922225
v 0.1152644875 0.5406798625 0.101172915
v 0.0969045725 0.4162152 0.2614062
v 0.089327395 0.42951198 0.2533185875
v 0.0808487225 0.41753092 0.2675065775
v 0.1138619175 0.44017732 0.23303022
v 0.10628474 0.4534741 0.2249426075
v 0.0978060675 0.44149304 0.2391305975
v 0.0817502175 0.44280876 0.245230975
v 0.07417304 0.45610554 0.2371433625
v 0.0656943675 0.44412448 0.2513313525
v 0.048140995 0.5881277725 0.022681105
v 0.0549156475 0.5755197375 0.05302285
v 0.038270185 0.5709227375 0.068043315
v 0.0450448375 0.5583147025 0.09838506
v 0.0499802425 0.56691722 0.075703955
v 0.0616903 0.5629117025 0.083364595
v 0.0684649525 0.5503036675 0.11370634
v 0.0437419325 0.4641415475 0.2376697975
v 0.029366675 0.4596712575 0.244491085
v 0.0437419325 0.45295097 0.2500650275
v 0.0149914175 0.4775821225 0.2265219125
v 0.0149914175 0.466391545 0.2389171425
v 0.0149914175 0.4552009675 0.2513123725
v 0.0149914175 0.44401039 0.2637076025
v 0.295667985 0.492319495 0.053314095
v 0.28333729 0.4852466825 0.0799711425
v 0.320329375 0.50646512 0
v 0.30799868 0.4993923075 0.0266570475
v 0.297883545 0.5055907775 0.0266570475
v 0.300099105 0.51886206 0
v 0.28776841 0.5117892475 0.0266570475
v 0.106358635 0.29223555 0.292516855
v 0.11671241 0.297596745 0.2873409125
v 0.105092075 0.302367245 0.2961898275
v 0.129599305 0.28269455 0.274819025
v 0.128332745 0.292826245 0.2784919975
v 0.127066185 0.30295794 0.28216497
v 0.125799625 0.313089635 0.2858379425
v 0.0989850575 0.2534790075 0.29202735
v 0.0916562275 0.2446333275 0.2989748975
v 0.10552175 0.24085126 0.2922347875
v 0.0712540125 0.2610431425 0.30550757
v 0.0639251825 0.2521974625 0.3124551175
v 0.077790705 0.248415395 0.3057150075
v 0.0843273975 0.2357876475 0.305922445
v 0.0769985675 0.2269419675 0.3128699925
v 0.09086409 0.2231599 0.3061298825
v 0.136965445 0.45783109 0.207769515
v 0.1416116025 0.46898066 0.19551189
v 0.166215155 0.46917651 0.185624085
v 0.1708613125 0.48032608 0.17336646
v 0.1562364575 0.47465337 0.184439175
v 0.14625776 0.48013023 0.183254265
v 0.1509039175 0.4912798 0.17099664
v 0.0120476775 0.4909454125 0.2111083875
v 0.0120476775 0.50596643 0.18815746
v 0.0349107125 0.5042314175 0.1914292225
v 0.023479195 0.5126094325 0.1783178775
v 0.0120476775 0.5209874475 0.1652065325
v 0.0327901325 0.0812836575 0.23930158
v 0.030805355 0.06772339 0.2314877325
v 0.0415300125 0.0764989625 0.2337297925
v 0.0113408175 0.0637325125 0.23481746
v 0.00935604 0.050172245 0.2270036125
v 0.0200806975 0.0589478175 0.2292456725
v 0.0288205775 0.0541631225 0.223673885
v 0.0268358 0.040602855 0.2158600375
v 0.0375604575 0.0493784275 0.2181020975
v 0.254341785 0.4472703775 0.143143065
v 0.242341795 0.45507952 0.150789825
v 0.278341765 0.4316520925 0.127849545
v 0.266341775 0.439461235 0.135496305
v 0.26726843 0.4529023375 0.12842252
v 0.280195075 0.4585342975 0.113701975
v 0.268195085 0.46634344 0.121348735
v 0.3805977175 0.45149093 0.01117796
v 0.39108509 0.442533525 0.01117796
v 0.3934176325 0.451994875 0
v 0.3759326325 0.43256823 0.03353388
v 0.386420005 0.423610825 0.03353388
v 0.3887525475 0.433072175 0.02235592
v 0.4015724625 0.43357612 0.01117796
v 0.412059835 0.424618715 0.01117796
v 0.4143923775 0.434080065 0
v 0.34180753 0.406987025 0.08515187
v 0.3403243575 0.417889485 0.0830296325
v 0.3297268375 0.4125162 0.0965096425
v 0.36300257 0.417733595 0.05819185
v 0.3615193975 0.428636055 0.0560696125
v 0.3509218775 0.42326277 0.0695496225
v 0.338841185 0.428791945 0.080907395
v 0.3373580125 0.439694405 0.0787851575
v 0.3267604925 0.43432112 0.0922651675
v 0.134127375 0.2708672725 0.2707993925
v 0.14040655 0.260826535 0.2642364125
v 0.147498815 0.2678833125 0.25940713
v 0.119942845 0.2567537175 0.2804579575
v 0.12622202 0.24671298 0.2738949775
v 0.133314285 0.2537697575 0.269065695
v 0.146685725 0.2507857975 0.2576734325
v 0.1529649 0.24074506 0.2511104525
v 0.160057165 0.2478018375 0.24628117
v 0.1653607925 0.457816635 0.1966883375
v 0.1799856475 0.463489345 0.1856156225
v 0.1361110825 0.446471215 0.2188337675
v 0.1507359375 0.452143925 0.2077610525
v 0.16450643 0.44645676 0.20775259
v 0.1636520675 0.435096885 0.2188168425
v 0.1782769225 0.440769595 0.2077441275
v 0.247081015 0.504107075 0.0799799775
v 0.248626755 0.5172177375 0.053319985
v 0.23432577 0.5102332525 0.0799799775
v 0.275682985 0.518076045 0.0266599925
v 0.277228725 0.5311867075 0
v 0.26292774 0.5242022225 0.0266599925
v 0.250172495 0.5303284 0.0266599925
v 0.251718235 0.5434390625 0
v 0.23741725 0.5364545775 0.0266599925
v 0.2242682025 0.281876985 0.197455925
v 0.236656205 0.2751430275 0.1786648625
v 0.2348893825 0.2924981625 0.1907572975
v 0.2278018475 0.247166715 0.173271055
v 0.24018985 0.2404327575 0.1544799925
v 0.2384230275 0.2577878925 0.1665724275
v 0.2490442075 0.26840907 0.1598738
v 0.26143221 0.2616751125 0.1410827375
v 0.2596653875 0.2790302475 0.1531751725
v 0.2819534875 0.4055679925 0.13695929
v 0.2954022125 0.40141868 0.1278864275
v 0.290863835 0.4140616775 0.1258504675
v 0.2910302425 0.3802819975 0.14103121
v 0.3044789675 0.376132685 0.1319583475
v 0.29994059 0.3887756825 0.1299223875
v 0.3088509375 0.3972693675 0.118813565
v 0.3222996625 0.393120055 0.1097407025
v 0.317761285 0.4057630525 0.1077047425
v 0.3857696425 0.398328515 0.0373072775
v 0.371115605 0.401214685 0.053255475
v 0.3751721225 0.39295523 0.0507872875
v 0.3776566075 0.414847425 0.0422436525
v 0.3670590875 0.40947414 0.0557236625
v 0.3564615675 0.404100855 0.0692036725
v 0.3458640475 0.39872757 0.0826836825
v 0.03009053 0.580557325 0.04536221
v 0.025155125 0.5719548075 0.068043315
v 0.03996134 0.59776236 0
v 0.035025935 0.5891598425 0.022681105
v 0.021910875 0.5901919125 0.022681105
v 0.01373122 0.5998265 0
v 0.008795815 0.5912239825 0.022681105
v 0.1508034975 0.50373431 0.154443895
v 0.1473124375 0.51424692 0.1356013525
v 0.13743416 0.50726927 0.1509691875
v 0.1705600525 0.51768961 0.123708225
v 0.157190715 0.52122457 0.1202335175
v 0.1438213775 0.52475953 0.11675881
v 0.13045204 0.52829449 0.1132841025
v 0.245688795 0.3689681325 0.1863941575
v 0.2470699725 0.3579005825 0.1861885325
v 0.227045805 0.3571300775 0.1912263325
v 0.2284269825 0.3460625275 0.1910207075
v 0.2377484775 0.351981555 0.18860462
v 0.24845115 0.3468330325 0.1859829075
v 0.2498323275 0.3357654825 0.1857772825
v 0.078318545 0.3397436525 0.3024730275
v 0.079913365 0.3271782075 0.3032083575
v 0.08995384 0.334702385 0.29915978
v 0.058237595 0.3246952975 0.3105701825
v 0.06987289 0.31965403 0.307256935
v 0.081508185 0.3146127625 0.3039436875
v 0.09314348 0.309571495 0.30063044
v 0.0958814375 0.21169829 0.2981587
v 0.1032102675 0.22054397 0.2912111525
v 0.1205737925 0.20646643 0.26832124
v 0.1279026225 0.21531211 0.2613736925
v 0.115556445 0.21792804 0.2762924225
v 0.1105390975 0.22938965 0.284263605
v 0.1178679275 0.23823533 0.2773160575
v 0.012977225 0.1854080925 0.3064445525
v 0.012977225 0.196071595 0.3145258025
v 0.012977225 0.1640810875 0.2902820525
v 0.012977225 0.17474459 0.2983633025
v 0.02533829 0.1804283375 0.299204075
v 0.037699355 0.1754485825 0.2919635975
v 0.037699355 0.186112085 0.3000448475
v 0.336182405 0.3890459275 0.0917628
v 0.3508364425 0.3861597575 0.0758146025
v 0.346127195 0.3639103025 0.07802464
v 0.3607812325 0.3610241325 0.0620764425
v 0.3558088375 0.373591945 0.0689455225
v 0.36549048 0.3832735875 0.059866405
v 0.3801445175 0.3803874175 0.0439182075
v 0.23037861 0.39571916 0.1975872625
v 0.244190375 0.3996061175 0.18078718
v 0.24679973 0.38183116 0.1885144675
v 0.260611495 0.3857181175 0.171714385
v 0.252400935 0.3926621175 0.1762507825
v 0.25800214 0.403493075 0.1639870975
v 0.271813905 0.4073800325 0.147187015
v 0.008795815 0.5629879375 0.087253235
v 0.01697547 0.5674713725 0.077648275
v 0.008795815 0.57710596 0.05496717
v 0.054800425 0.5197303525 0.166533975
v 0.0515485625 0.5325918025 0.14381767
v 0.071716815 0.5374422175 0.136422645
v 0.0600067575 0.541447735 0.128762005
v 0.0482967 0.5454532525 0.121101365
v 0.2893806625 0.4249641375 0.12372823
v 0.2903073175 0.43840524 0.116654445
v 0.3133117675 0.4384704325 0.10133803
v 0.30227287 0.4451583875 0.105459345
v 0.2912339725 0.4518463425 0.10958066
v 0.3904765225 0.41535137 0.0310656925
v 0.3985895575 0.39883246 0.0261293175
v 0.39453304 0.407091915 0.028597505
v 0.4032964375 0.415855315 0.0198877325
v 0.4161163525 0.41635926 0.0087097725
v 0.1895865875 0.3235767375 0.2473213825
v 0.1993639175 0.3284565975 0.23075389
v 0.18839232 0.33657147 0.2433448975
v 0.2115297825 0.3073469925 0.2221393675
v 0.2213071125 0.3122268525 0.205571875
v 0.210335515 0.320341725 0.2181628825
v 0.2091412475 0.3333364575 0.2141863975
v 0.2189185775 0.3382163175 0.197618905
v 0.20794698 0.34633119 0.2102099125
v 0.121583885 0.34922919 0.2826596075
v 0.13222202 0.353811995 0.2769974925
v 0.100307615 0.34006358 0.2939838375
v 0.11094575 0.344646385 0.2883217225
v 0.122894345 0.337442135 0.28388111
v 0.124204805 0.32565508 0.2851026125
v 0.13484294 0.330237885 0.2794404975
v 0.0356650775 0.1963000375 0.307285325
v 0.0315965225 0.2166759425 0.32176628
v 0.0336308 0.20648799 0.3145258025
v 0.0233040125 0.2012797925 0.3145258025
v 0.0109429475 0.2062595475 0.32176628
v 0.1237198975 0.1938434125 0.2505474925
v 0.12959108 0.1820426875 0.2351479
v 0.1387911525 0.192049775 0.2380029175
v 0.1053197525 0.1738292375 0.2448374575
v 0.111190935 0.1620285125 0.229437865
v 0.1203910075 0.1720356 0.2322928825
v 0.1354622625 0.1702419625 0.2197483075
v 0.141333445 0.1584412375 0.204348715
v 0.1505335175 0.168448325 0.2072037325
v 0.218835245 0.3640740775 0.19576273
v 0.2086436125 0.3714410525 0.2045988425
v 0.2075326775 0.358578025 0.2024785325
v 0.221057115 0.3898001325 0.20000335
v 0.2108654825 0.3971671075 0.2088394625
v 0.2097545475 0.38430408 0.2067191525
v 0.19845198 0.3788080275 0.213434955
v 0.1882603475 0.3861750025 0.2222710675
v 0.1871494125 0.373311975 0.2201507575
v 0.299044425 0.3167470975 0.12421469
v 0.2890875475 0.3067902175 0.131668785
v 0.3019240225 0.30216693 0.112021825
v 0.273371475 0.3259936725 0.16350861
v 0.2634145975 0.3160367925 0.170962705
v 0.2762510725 0.311413505 0.151315745
v 0.27913067 0.2968333375 0.13912288
v 0.2691737925 0.2868764575 0.146576975
v 0.2820102675 0.28225317 0.126930015
v 0.1449954025 0.5813430775 0
v 0.137799825 0.5713541275 0.02361039
v 0.1234996275 0.5865034325 0
v 0.11630405 0.5765144825 0.02361039
v 0.1270519375 0.573934305 0.02361039
v 0.1306042475 0.5613651775 0.04722078
v 0.12340867 0.5513762275 0.07083117
v 0.1706604725 0.5052351 0.14026097
v 0.18053875 0.51221275 0.124893135
v 0.160782195 0.49825745 0.155628805
v 0.1707608925 0.49278059 0.156813715
v 0.18073959 0.48730373 0.157998625
v 0.36385194 0.438097405 0.0448916525
v 0.368517025 0.457020105 0.0225357325
v 0.3661844825 0.447558755 0.0337136925
v 0.3517712475 0.44362658 0.056249425
v 0.339690555 0.449155755 0.0676071975
v 0.0455459075 0.424485955 0.27608945
v 0.0353610775 0.4309941 0.2719621675
v 0.03117065 0.420015665 0.2829107375
v 0.0539267625 0.446442825 0.25419231
v 0.039551505 0.441972535 0.2610135975
v 0.0251762475 0.437502245 0.267834885
v 0.01080099 0.433031955 0.2746561725
v 0.062770345 0.153958855 0.2668515825
v 0.051853085 0.146863435 0.2729334125
v 0.084604865 0.168149695 0.2546879225
v 0.073687605 0.161054275 0.2607697525
v 0.06217279 0.16538182 0.273475235
v 0.061575235 0.176804785 0.2800988875
v 0.050657975 0.169709365 0.2861807175
v 0.01357478 0.1526581225 0.2836584
v 0.025935845 0.15834187 0.2844991725
v 0.03949202 0.1411796875 0.27209264
v 0.038894465 0.1526026525 0.2787162925
v 0.03829691 0.1640256175 0.285339945
v 0.077832715 0.3667801725 0.2947456675
v 0.077815995 0.352538595 0.3004532325
v 0.077866155 0.3952633275 0.2833305375
v 0.077849435 0.38102175 0.2890381025
v 0.06728969 0.3720509375 0.29677445
v 0.056746665 0.3773217025 0.2988032325
v 0.056729945 0.363080125 0.3045107975
v 0.1669909125 0.3874912475 0.235356685
v 0.1554793575 0.3837212725 0.247053965
v 0.165446225 0.376908975 0.24068415
v 0.1470571775 0.4011158425 0.248096315
v 0.1355456225 0.3973458675 0.259793595
v 0.14551249 0.39053357 0.25342378
v 0.1439678025 0.3799512975 0.258751245
v 0.1324562475 0.3761813225 0.270448525
v 0.142423115 0.369369025 0.26407871
v 0.080591465 0.2690883525 0.3027870925
v 0.10832251 0.2615242175 0.2893068725
v 0.0944569875 0.265306285 0.2960469825
v 0.0899289175 0.2771335625 0.300066615
v 0.09926637 0.2851787725 0.2973461375
v 0.1021736475 0.186452255 0.262611205
v 0.092973575 0.1764451675 0.2597561875
v 0.11137372 0.1964593425 0.2654662225
v 0.0990275425 0.1990752725 0.2803849525
v 0.086681365 0.2016912025 0.2953036825
v 0.229267675 0.3828561325 0.1954669525
v 0.22815674 0.369993105 0.1933466425
v 0.237478235 0.3759121325 0.190930555
v 0.2403239225 0.3279192725 0.19237548
v 0.251026595 0.32277075 0.1897537675
v 0.22962125 0.333067795 0.1949971925
v 0.2308155175 0.3200730625 0.1989736775
v 0.232009785 0.30707833 0.2029501625
v 0.28089066 0.3820940375 0.151258935
v 0.2763522825 0.394737035 0.149222975
v 0.2707510775 0.3839060775 0.16148666
v 0.2164170025 0.4444381 0.1788348725
v 0.2146052275 0.432742 0.187988195
v 0.1904207075 0.43441918 0.2054838775
v 0.1886089325 0.42272308 0.2146372
v 0.20160708 0.42773254 0.2013126975
v 0.2127934525 0.4210459 0.1971415175
v 0.2109816775 0.4093498 0.20629484
v 0.269036305 0.4782621975 0.106631135
v 0.25610966 0.4726302375 0.12135168
v 0.244865455 0.4908357925 0.106637025
v 0.244024235 0.478917035 0.121354625
v 0.243183015 0.4669982775 0.136072225
v 0.0407981925 0.4775048375 0.2222562725
v 0.0378544525 0.4908681275 0.2068427475
v 0.026422935 0.484225125 0.21668233
v 0.3162781125 0.4166655125 0.105582505
v 0.31479494 0.4275679725 0.1034602675
v 0.3028293875 0.420814825 0.1146553675
v 0.100015685 0.5551217525 0.08429388
v 0.1117121775 0.55324899 0.077562525
v 0.1081598675 0.5658181175 0.053952135
v 0.01080099 0.39580959 0.2951103375
v 0.01080099 0.408217045 0.2882922825
v 0.03117065 0.40760821 0.2897287925
v 0.02098582 0.414116355 0.28560151
v 0.01080099 0.4206245 0.2814742275
v 0.19127507 0.445779055 0.194419625
v 0.2042732175 0.450788515 0.1810951225
v 0.1921294325 0.45713893 0.1833553725
v 0.0831699575 0.4662813975 0.22309348
v 0.0992258075 0.4649656775 0.2169931025
v 0.092166875 0.476457255 0.2090435975
v 0.15714024 0.4064862375 0.2391818775
v 0.1471733725 0.413298535 0.2455516925
v 0.177073975 0.3928616425 0.2264422475
v 0.1671071075 0.39967394 0.2328120625
v 0.1672233025 0.4118566325 0.23026744
v 0.177306365 0.4172270275 0.2213530025
v 0.1673394975 0.424039325 0.2277228175
v 0.101902435 0.327498135 0.2947191675
v 0.103497255 0.31493269 0.2954544975
v 0.11385103 0.320293885 0.290278555
v 0.0431954075 0.2722168975 0.314499045
v 0.029002325 0.267998975 0.3160366875
v 0.0431954075 0.2606072875 0.3137853225
v 0.0148092425 0.2870002725 0.319001775
v 0.0148092425 0.2753906625 0.3182880525
v 0.0148092425 0.2637810525 0.31757433
v 0.0148092425 0.2521714425 0.3168606075
v 0.1754388575 0.193353665 0.198308635
v 0.1671370775 0.185051885 0.2012736675
v 0.18131004 0.18155294 0.1829090425
v 0.1470929325 0.200351555 0.235037885
v 0.152964115 0.18855083 0.2196382925
v 0.1588352975 0.176750105 0.2042387
v 0.16470648 0.16494938 0.1888391075
v 0.1446108075 0.23226741 0.2545315325
v 0.1579822475 0.22928345 0.24313927
v 0.1312393675 0.23525137 0.265923795
v 0.136256715 0.22378976 0.2579526125
v 0.1412740625 0.21232815 0.24998143
v 0.1793910125 0.3193559225 0.259731555
v 0.19036261 0.31124105 0.2471405475
v 0.1809430575 0.2946845475 0.259369885
v 0.191914655 0.286569675 0.2467788775
v 0.1911386325 0.2989053625 0.2469597125
v 0.2013342075 0.3031261775 0.23454954
v 0.212305805 0.295011305 0.2219585325
v 0.078312655 0.19339573 0.2902354175
v 0.069943945 0.1851002575 0.2851671525
v 0.08145876 0.1807727125 0.27246167
v 0.119762485 0.1368702775 0.20994706
v 0.1125516075 0.129659295 0.211442775
v 0.1204325425 0.1206753375 0.200764315
v 0.104000615 0.1548381925 0.23130398
v 0.1046706725 0.1386432525 0.222121235
v 0.10534073 0.1224483125 0.21293849
v 0.1060107875 0.1062533725 0.203755745
v 0.1884927375 0.4105403875 0.2171818225
v 0.1883765425 0.398357695 0.219726445
v 0.19967911 0.4038537475 0.2130106425
v 0.1441478775 0.345335135 0.2730315925
v 0.1428374175 0.35712219 0.27181009
v 0.1467687975 0.321761025 0.2754745975
v 0.1454583375 0.33354808 0.274253095
v 0.156073735 0.336858275 0.2690656925
v 0.1679995925 0.328381415 0.2650997925
v 0.1666891325 0.34016847 0.26387829
v 0.0109429475 0.241436175 0.3192402575
v 0.02513603 0.2456540975 0.317702615
v 0.0315965225 0.228401485 0.3209242725
v 0.045789605 0.2326194075 0.31938663
v 0.0354628175 0.2391367525 0.3185446225
v 0.0393291125 0.24987202 0.3161649725
v 0.053522195 0.2540899425 0.31462733
v 0.03630188 0.323089095 0.3147876875
v 0.02440664 0.317394305 0.3164462825
v 0.03630188 0.31147633 0.316277355
v 0.0125114 0.334925045 0.3151255425
v 0.0125114 0.32331228 0.31661521
v 0.0125114 0.311699515 0.3181048775
v 0.0125114 0.30008675 0.319594545
v 0.193523755 0.5177810925 0.107915285
v 0.20815492 0.5240055875 0.0808301875
v 0.195069495 0.530891755 0.0812552925
v 0.219694605 0.5040087575 0.107065075
v 0.221240345 0.51711942 0.0804050825
v 0.222786085 0.5302300825 0.05374509
v 0.224331825 0.543340745 0.0270850975
v 0.273467425 0.5048047625 0.05331704
v 0.25916644 0.4978202775 0.0799770325
v 0.271251865 0.49153348 0.0799740875
v 0.11907187 0.153044555 0.218759405
v 0.13483374 0.13507664 0.197402485
v 0.126952805 0.1440605975 0.208080945
v 0.134143125 0.1512509175 0.20621483
v 0.14921438 0.14945728 0.193670255
v 0.294966355 0.330625895 0.13383955
v 0.290888285 0.3445046925 0.14346441
v 0.28212988 0.3352491825 0.15348651
v 0.3272720575 0.3805522425 0.1028716225
v 0.31836171 0.3720585575 0.113980445
v 0.3322444525 0.36798443 0.0960025425
v 0.18379295 0.201831315 0.194887555
v 0.1696199875 0.20533026 0.21325218
v 0.17215521 0.225784505 0.224774645
v 0.1638011175 0.217306855 0.228195725
v 0.155447025 0.208829205 0.231616805
v 0.115414775 0.268580995 0.28447759
v 0.12250704 0.2756377725 0.2796483075
v 0.110886705 0.2804082725 0.2884972225
v 0.04256334 0.4022183625 0.29191341
v 0.054330945 0.3999000175 0.2890524525
v 0.053123085 0.411189175 0.2841770625
v 0.04497906 0.3796400475 0.30166419
v 0.055538805 0.38861086 0.2939278425
v 0.06609855 0.3975816725 0.286191495
v 0.076658295 0.406552485 0.2784551475
v 0.13340288 0.4189857 0.245560155
v 0.1212367775 0.4180622 0.25084217
v 0.1249242075 0.40700464 0.259748145
v 0.12602802 0.44110082 0.227748205
v 0.1175493475 0.42911976 0.241936195
v 0.109070675 0.4171387 0.256124185
v 0.1005920025 0.40515764 0.270312175
v 0.01200885 0.3477199875 0.3131057475
v 0.01200885 0.3599868025 0.3087324075
v 0.03479423 0.3614739225 0.3087283025
v 0.03479423 0.3737407375 0.3043549625
v 0.02340154 0.36686377 0.306543685
v 0.01200885 0.3722536175 0.3043590675
v 0.01200885 0.3845204325 0.2999857275
v 0.07868174 0.5133554875 0.16926126
v 0.0751992775 0.5253988525 0.1528419525
v 0.0667410825 0.51654292 0.1678976175
v 0.12572907 0.5076112775 0.1552773075
v 0.12223801 0.5181238875 0.136434765
v 0.11402398 0.507953285 0.1595854275
v 0.01357478 0.1171155625 0.2757420825
v 0.01357478 0.1289630825 0.278380855
v 0.03949202 0.1293321675 0.2694538675
v 0.0265334 0.135071385 0.2752367475
v 0.01357478 0.1408106025 0.2810196275
v 0.1397985125 0.435413655 0.2277397425
v 0.1434859425 0.424356095 0.2366457175
v 0.153569005 0.42972649 0.22773128
v 0.1112134175 0.3954988675 0.270357625
v 0.1218348325 0.385840095 0.270403075
v 0.12337952 0.3964223675 0.26507561
v 0.0109429475 0.2297106325 0.320082265
v 0.0109429475 0.21798509 0.3209242725
v 0.021269735 0.2231932875 0.3209242725
v 0.0600588875 0.241462195 0.3148347675
v 0.0561925925 0.2307269275 0.3172144175
v 0.06659558 0.2288344475 0.315042205
v 0.2137605875 0.23179896 0.1808135125
v 0.203771375 0.221809745 0.18550486
v 0.2195794575 0.219822365 0.1658699675
v 0.1821444225 0.23577372 0.2200832975
v 0.1879632925 0.223797125 0.2051397525
v 0.1937821625 0.21182053 0.1901962075
v 0.1996010325 0.199843935 0.1752526625
v 0.1581602175 0.3127355325 0.27010636
v 0.1695516375 0.30371004 0.2647381225
v 0.168775615 0.3160457275 0.2649189575
v 0.1773720825 0.368432115 0.23671825
v 0.187563715 0.36106514 0.2278821375
v 0.1782006875 0.343938445 0.25218101
v 0.1879780175 0.348818305 0.2356135175
v 0.1977553475 0.353698165 0.219046025
v 0.03529678 0.34867898 0.3107480975
v 0.04668947 0.3555559475 0.308559375
v 0.02390409 0.3418020125 0.31293682
v 0.03579933 0.3358840375 0.3127678925
v 0.04769457 0.3299660625 0.312598965
v 0.06269151 0.07450948 0.216616295
v 0.0543144925 0.0661324625 0.2171115625
v 0.0607067325 0.0609492125 0.2088024475
v 0.04990703 0.08487598 0.233234525
v 0.0479222525 0.0713157125 0.2254206775
v 0.045937475 0.057755445 0.21760683
v 0.0439526975 0.0441951775 0.2097929825
v 0.057232495 0.3502851825 0.3065305925
v 0.057735045 0.33749024 0.3085503875
v 0.06777552 0.3450144175 0.30450181
v 0.06150394 0.433146045 0.2622799225
v 0.0573135125 0.42216761 0.2732284925
v 0.0690811175 0.419849265 0.270367535
v 0.03358637 0.385029895 0.2994795725
v 0.03237851 0.3963190525 0.2946041825
v 0.02219368 0.3904197425 0.297294955
v 0.1658605275 0.36466214 0.24841553
v 0.1543489725 0.360892165 0.26011281
v 0.16627483 0.352415305 0.25614691
v 0.3698088225 0.4707808725 0
v 0.3553955875 0.4668486975 0.0225357325
v 0.3435659475 0.4904380575 0
v 0.34227415 0.47667729 0.0225357325
v 0.3409823525 0.4629165225 0.045071465
v 0.0457487525 0.10140454 0.24773517
v 0.035024095 0.1066415475 0.2570708075
v 0.0327901325 0.0952962375 0.2508792775
v 0.0502166775 0.12409516 0.26011823
v 0.0372580575 0.1179868575 0.2632623375
v 0.0242994375 0.111878555 0.266406445
v 0.0113408175 0.1057702525 0.2695505525
v 0.0113408175 0.0777450925 0.2463951575
v 0.022065475 0.086520665 0.2486372175
v 0.0113408175 0.0917576725 0.257972855
v 0.061803995 0.11499564 0.244853655
v 0.05733607 0.09230502 0.232470595
v 0.0595700325 0.10365033 0.238662125
v 0.0733913125 0.10589612 0.22958908
v 0.08497863 0.0967966 0.214324505
v 0.01809592 0.0318629775 0.2159463775
v 0.0268358 0.0270782825 0.21037459
v 0.00935604 0.0366476725 0.221518165
v 0.00935604 0.0231231 0.2160327175
v 0.00935604 0.0095985275 0.21054727
v 0.0267044825 0.2926950625 0.31734318
v 0.040897565 0.285303375 0.315091815
v 0.0385997225 0.2983898525 0.315684585
v 0.06372831 0.08712177 0.22416148
v 0.07651279 0.07675527 0.20754325
v 0.07012055 0.08193852 0.215852365
v 0.07754959 0.08936756 0.215088435
v 0.09137087 0.09161335 0.20601539
v 0.1719664625 0.5623946175 0.0270850975
v 0.1657927025 0.5759185275 0
v 0.1843139825 0.5353467975 0.0812552925
v 0.1781402225 0.5488707075 0.054170195
v 0.182015875 0.559550245 0.0270850975
v 0.1920652875 0.5567058725 0.0270850975
v 0.1858915275 0.5702297825 0
v 0.170182025 0.24890804 0.244585905
v 0.16390285 0.2589487775 0.251148885
v 0.177873395 0.27120192 0.254321335
v 0.167748535 0.2700957175 0.2560166
v 0.157623675 0.268989515 0.257711865
v 0.25678579 0.293610415 0.1653680375
v 0.2539061925 0.3081905825 0.1775609025
v 0.2443977875 0.3003443725 0.1841591
v 0.2176062725 0.2429459 0.1856812275
v 0.20179819 0.24493328 0.20531612
v 0.1936814775 0.26921454 0.2346864425
v 0.1898357925 0.2580676 0.2298187275
v 0.1859901075 0.24692066 0.2249510125
v 0.2028208 0.55225083 0.0270850975
v 0.2066964525 0.5629303675 0
v 0.1989451475 0.5415712925 0.054170195
v 0.2135763125 0.5477957875 0.0270850975
v 0.2282074775 0.5540202825 0
v 0.2067096 0.498440415 0.124042925
v 0.193624175 0.5053265825 0.12446803
v 0.193724595 0.4928720725 0.141020775
v 0.21583945 0.260301035 0.1977736625
v 0.2140726275 0.27765617 0.2098660975
v 0.2038770525 0.273435355 0.22227627
v 0.548628065 0.0090383025 0.1195393
v 0.5402497875 0.0204698175 0.132650645
v 0.5357663525 0.012290165 0.142255605
v 0.557594935 0.0253976075 0.10032938
v 0.5492166575 0.0368291225 0.113440725
v 0.5447332225 0.02864947 0.123045685
v 0.53187151 0.0319013325 0.14576199
v 0.5234932325 0.0433328475 0.158873335
v 0.5190097975 0.035153195 0.168478295
v 0.455555065 0.217514265 0.16801631
v 0.4674740875 0.218355485 0.15329871
v 0.4611236725 0.23049927 0.15079277
v 0.468255895 0.193226695 0.17302819
v 0.4801749175 0.194067915 0.15831059
v 0.4738245025 0.2062117 0.15580465
v 0.47939311 0.219196705 0.13858111
v 0.4913121325 0.220037925 0.12386351
v 0.4849617175 0.23218171 0.12135757
v 0.3091832175 0.14778667 0.2680946425
v 0.29905126 0.149053495 0.2708128575
v 0.3080770125 0.137662075 0.279002415
v 0.2911317125 0.17056951 0.2517155275
v 0.280999755 0.171836335 0.2544337425
v 0.2900255075 0.160444915 0.2626233
v 0.2889193025 0.15032032 0.2735310725
v 0.278787345 0.151587145 0.2762492875
v 0.2878130975 0.140195725 0.284438845
v 0.107899325 0.0874550725 0.220516035
v 0.12409416 0.0867850175 0.2331023525
v 0.114994745 0.098372335 0.2178377775
v 0.126098155 0.0642804375 0.251045185
v 0.14229299 0.0636103825 0.2636315025
v 0.133193575 0.0751977 0.2483669275
v 0.140288995 0.0861149625 0.24568867
v 0.15648383 0.0854449075 0.2582749875
v 0.147384415 0.097032225 0.2430104125
v 0.48536524 0.136521175 0.1899810625
v 0.4857072475 0.1248162425 0.1924898675
v 0.4968568175 0.1294621375 0.179744505
v 0.4630661 0.127229385 0.2154717875
v 0.4634081075 0.1155244525 0.2179805925
v 0.4745576775 0.1201703475 0.20523523
v 0.486049255 0.11311131 0.1949986725
v 0.4863912625 0.1014063775 0.1975074775
v 0.4975408325 0.1060522725 0.184762115
v 0.414117145 0.224222725 0.193840285
v 0.41800384 0.23803449 0.17958781
v 0.406308005 0.236222715 0.189031115
v 0.437508815 0.227846275 0.174953675
v 0.44139551 0.24165804 0.1607012
v 0.429699675 0.239846265 0.170144505
v 0.421890535 0.251846255 0.165335335
v 0.42577723 0.26565802 0.15108286
v 0.414081395 0.263846245 0.160526165
v 0.478805575 0.2936950625 0.071374545
v 0.4721178825 0.3047336975 0.0673056725
v 0.4650448075 0.292403265 0.0910971875
v 0.492951725 0.3183559275 0.023791515
v 0.4862640325 0.3293945625 0.0197226425
v 0.4791909575 0.31706413 0.0435141575
v 0.46543019 0.3157723325 0.0632368
v 0.4587424975 0.3268109675 0.0591679275
v 0.4516694225 0.314480535 0.0829594425
v 0.3453693075 0.3276550775 0.097486505
v 0.35517398 0.3374597475 0.0891334625
v 0.3257599625 0.3080457375 0.11419259
v 0.335564635 0.3178504075 0.1058395475
v 0.3494436975 0.313772335 0.1154644075
v 0.3535180875 0.2998895925 0.13344231
v 0.36332276 0.3096942625 0.1250892675
v 0.594575975 0.0682379025 0
v 0.5819679425 0.0750125275 0.0291940075
v 0.5838793475 0.060093615 0.0291940075
v 0.590753165 0.0980757275 0
v 0.5781451325 0.1048503525 0.0291940075
v 0.5800565375 0.08993144 0.0291940075
v 0.56935991 0.0817871525 0.058388015
v 0.5567518775 0.0885617775 0.0875820225
v 0.5586632825 0.073642865 0.0875820225
v 0.2887187275 0.0856433275 0.313012425
v 0.2937597325 0.07400806 0.3128801425
v 0.301805205 0.0833455125 0.3131350575
v 0.2726277825 0.0669684225 0.312502595
v 0.2776687875 0.055333155 0.3123703125
v 0.28571426 0.0646706075 0.3126252275
v 0.2988007375 0.0623727925 0.31274786
v 0.3038417425 0.050737525 0.3126155775
v 0.311887215 0.0600749775 0.3128704925
v 0.48770672 0.085350425 0.201264125
v 0.49089389 0.0734097675 0.199843805
v 0.50107001 0.0824066825 0.1858506
v 0.46735448 0.067356595 0.229250535
v 0.47054165 0.0554159375 0.227830215
v 0.48071777 0.0644128525 0.21383701
v 0.49408106 0.06146911 0.198423485
v 0.49726823 0.0495284525 0.197003165
v 0.50744435 0.0585253675 0.18300996
v 0.56499609 0.1621589 0.02579046
v 0.5550074025 0.154963585 0.0529396225
v 0.5685313125 0.148789825 0.0271491625
v 0.53794827 0.17450642 0.07737138
v 0.5279595825 0.167311105 0.1045205425
v 0.5414834925 0.161137345 0.0787300825
v 0.545018715 0.14776827 0.080088785
v 0.5350300275 0.140572955 0.1072379475
v 0.5485539375 0.134399195 0.0814474875
v 0.360773345 0.1205154325 0.2723291225
v 0.370432115 0.109894175 0.278177225
v 0.37501492 0.1205321525 0.2698445025
v 0.351607735 0.0992394775 0.2889945675
v 0.361266505 0.08861822 0.29484267
v 0.36584931 0.0992561975 0.2865099475
v 0.380090885 0.0992729175 0.2840253275
v 0.389749655 0.08865166 0.28987343
v 0.39433246 0.0992896375 0.2815407075
v 0.2057768975 0.07540903 0.290224065
v 0.207669115 0.0650060425 0.293710285
v 0.2159645875 0.0733747525 0.29348681
v 0.1891859525 0.05867161 0.290671015
v 0.19107817 0.0482686225 0.294157235
v 0.1993736425 0.0566373325 0.29393376
v 0.2095613325 0.054603055 0.297196505
v 0.21145355 0.0442000675 0.300682725
v 0.2197490225 0.0525687775 0.30045925
v 0.3728324825 0.265391985 0.173750345
v 0.36176493 0.266773425 0.16912853
v 0.3635767075 0.25663358 0.179356255
v 0.3692089275 0.285671675 0.153294895
v 0.358141375 0.287053115 0.14867308
v 0.3599531525 0.27691327 0.158900805
v 0.3506973775 0.268154865 0.164506715
v 0.339629825 0.269536305 0.1598849
v 0.3414416025 0.25939646 0.170112625
v 0.5283946475 0.118989745 0.1282652175
v 0.5302671475 0.1072931475 0.1303100625
v 0.54043775 0.1155072825 0.110641495
v 0.5080534425 0.102561475 0.1676023525
v 0.5099259425 0.0908648775 0.1696471975
v 0.520096545 0.0990790125 0.14997863
v 0.5321396475 0.09559655 0.1323549075
v 0.5340121475 0.0838999525 0.1343997525
v 0.54418275 0.0921140875 0.114731185
v 0.4558629025 0.0744156325 0.2394870925
v 0.44256612 0.0819928075 0.25052336
v 0.4438815775 0.065936855 0.2542800075
v 0.4532319875 0.1065275375 0.2319737975
v 0.439935205 0.1141047125 0.243010065
v 0.4412506625 0.09804876 0.2467667125
v 0.4292693375 0.0895699825 0.2615596275
v 0.415972555 0.0971471575 0.272595895
v 0.4172880125 0.081091205 0.2763525425
v 0.55006103 0.0687074325 0.1102631275
v 0.5626690625 0.0619328075 0.08106912
v 0.55807259 0.0452873175 0.0972373225
v 0.5706806225 0.0385126925 0.068043315
v 0.5666748425 0.05022275 0.0745562175
v 0.575277095 0.0551581825 0.0518751125
v 0.5878851275 0.0483835575 0.022681105
v 0.450488565 0.00085865 0.248495435
v 0.4549585925 0.0152339075 0.244839445
v 0.4437682775 0.0152339075 0.25421171
v 0.472869195 0.00085865 0.229750905
v 0.4773392225 0.0152339075 0.226094915
v 0.4661489075 0.0152339075 0.23546718
v 0.45942862 0.029609165 0.241183455
v 0.4638986475 0.0439844225 0.237527465
v 0.4527083325 0.0439844225 0.24689973
v 0.51862021 0.30034175 0
v 0.505348665 0.2981261875 0.023791515
v 0.511547135 0.2880113175 0.023791515
v 0.50622327 0.32057149 0
v 0.499150195 0.3082410575 0.023791515
v 0.49207712 0.295910625 0.04758303
v 0.485004045 0.2835801925 0.071374545
v 0.30271582 0.1273084575 0.2882482
v 0.3128477775 0.1260416325 0.285529985
v 0.282451905 0.1298421075 0.29368463
v 0.2925838625 0.1285752825 0.290966415
v 0.2973546275 0.11695484 0.297493985
v 0.291993435 0.1066012225 0.30673977
v 0.3021253925 0.1053343975 0.304021555
v 0.226699855 0.0772410475 0.2955623625
v 0.2355452725 0.0845697225 0.294384025
v 0.2229177875 0.091106415 0.2888222525
v 0.251954825 0.0641676625 0.3066859075
v 0.2608002425 0.0714963375 0.30550757
v 0.2481727575 0.07803303 0.2999457975
v 0.24439069 0.0918983975 0.2932056875
v 0.2532361075 0.0992270725 0.29202735
v 0.2406086225 0.105763765 0.2864655775
v 0.491037685 0.15114603 0.1768103075
v 0.479888115 0.146500135 0.18955567
v 0.480083435 0.17110395 0.1759595225
v 0.468933865 0.166458055 0.188704885
v 0.47441099 0.156479095 0.1891302775
v 0.468738545 0.14185424 0.2023010325
v 0.457588975 0.137208345 0.215046395
v 0.5207450725 0.012290165 0.1650642
v 0.52912335 0.00085865 0.151952855
v 0.5039885175 0.035153195 0.19128689
v 0.512366795 0.02372168 0.178175545
v 0.5057237925 0.012290165 0.187872795
v 0.4907025125 0.012290165 0.21068139
v 0.49908079 0.00085865 0.197570045
v 0.040360375 0.0270782825 0.2156868525
v 0.0539206425 0.02906306 0.2235007
v 0.0491359475 0.0378029375 0.2181020975
v 0.049929765 0.0095985275 0.2264840575
v 0.0634900325 0.011583305 0.234297905
v 0.0587053375 0.0203231825 0.2288993025
v 0.06748091 0.0310478375 0.2313145475
v 0.0810411775 0.033032615 0.239128395
v 0.0762564825 0.0417724925 0.2337297925
v 0.4582913975 0.280437975 0.1079429675
v 0.452659435 0.26751133 0.125529045
v 0.4661005375 0.268437985 0.1127521375
v 0.4314091925 0.278584665 0.1334967825
v 0.4392183325 0.266584675 0.1383059525
v 0.4470274725 0.254584685 0.1431151225
v 0.4548366125 0.242584695 0.1479242925
v 0.4243758075 0.412302745 0.01117796
v 0.433333215 0.4018151075 0.01117796
v 0.4338371575 0.4146350225 0
v 0.4233679225 0.386662915 0.03353388
v 0.43232533 0.3761752775 0.03353388
v 0.4328292725 0.3889951925 0.02235592
v 0.4422906225 0.39132747 0.01117796
v 0.45124803 0.3808398325 0.01117796
v 0.4517519725 0.3936597475 0
v 0.4394522925 0.3376001275 0.0703458875
v 0.42854957 0.339083565 0.07230882
v 0.4340790075 0.3270026075 0.0808535025
v 0.4283934175 0.3617620425 0.0532565225
v 0.417490695 0.36324548 0.055219455
v 0.4230201325 0.3511645225 0.0637641375
v 0.4176468475 0.3405670025 0.0742717525
v 0.406744125 0.34205044 0.076234685
v 0.4122735625 0.3299694825 0.0847793675
v 0.2405021525 0.15320754 0.2511104525
v 0.25054289 0.1469283675 0.26297017
v 0.2475589275 0.1603000675 0.2515779075
v 0.2464700775 0.12646414 0.2738949775
v 0.256510815 0.1201849675 0.285754695
v 0.2535268525 0.1335566675 0.2743624325
v 0.2605836275 0.140649195 0.2748298875
v 0.270624365 0.1343700225 0.286689605
v 0.2676404025 0.1477417225 0.2752973425
v 0.434855035 0.1638949675 0.2211605725
v 0.446214645 0.16474933 0.21034201
v 0.44052748 0.1785198225 0.2079898175
v 0.446229365 0.1363539825 0.2258649575
v 0.45190181 0.1509788375 0.2126942025
v 0.457574255 0.1656036925 0.1995234475
v 0.4632467 0.1802285475 0.1863526925
v 0.5431972125 0.25196035 0
v 0.53008655 0.2504148725 0.0266599925
v 0.5362127275 0.2376593625 0.0266599925
v 0.5309448575 0.27747137 0
v 0.517834195 0.2759258925 0.0266599925
v 0.5239603725 0.2631703825 0.0266599925
v 0.5169758875 0.248869395 0.053319985
v 0.503865225 0.2473239175 0.0799799775
v 0.5099914025 0.2345684075 0.0799799775
v 0.26816643 0.24928711 0.1598738
v 0.27878761 0.2599082875 0.1531751725
v 0.24692407 0.228044755 0.173271055
v 0.25754525 0.2386659325 0.1665724275
v 0.27490065 0.2368991075 0.1786648625
v 0.28163487 0.224511105 0.197455925
v 0.29225605 0.2351322825 0.1907572975
v 0.3928774175 0.32254257 0.1008235175
v 0.39702673 0.3090938425 0.115706365
v 0.4055201525 0.3180041925 0.1016251475
v 0.3758905725 0.30472187 0.1289859525
v 0.380039885 0.2912731425 0.1438688
v 0.3885333075 0.3001834925 0.1297875825
v 0.4011760425 0.295645115 0.1305892125
v 0.405325355 0.2821963875 0.14547206
v 0.4138187775 0.2911067375 0.1313908425
v 0.403857955 0.356704475 0.0632588825
v 0.39848467 0.346106955 0.0737664975
v 0.414604525 0.377899515 0.0422436525
v 0.40923124 0.367301995 0.0527512675
v 0.400971785 0.37135851 0.05028308
v 0.398085615 0.386012545 0.0373072775
v 0.39271233 0.375415025 0.0478148925
v 0.5995835975 0.013973735 0
v 0.5899492725 0.0221533875 0.022681105
v 0.590981345 0.0090383025 0.022681105
v 0.5975194525 0.040203905 0
v 0.5889172 0.0352684725 0.022681105
v 0.5803149475 0.03033304 0.04536221
v 0.571712695 0.0253976075 0.068043315
v 0.5245174175 0.1440637525 0.12439771
v 0.52805264 0.1306946775 0.1257564125
v 0.5174469725 0.1708019025 0.121680305
v 0.520982195 0.1574328275 0.1230390075
v 0.5140048075 0.14755455 0.1415574725
v 0.5034921975 0.1510453475 0.158717235
v 0.50702742 0.1376762725 0.1600759375
v 0.335522575 0.250074965 0.1792790525
v 0.3465901275 0.248693525 0.1839008675
v 0.345819625 0.228669095 0.2068555375
v 0.3568871775 0.227287655 0.2114773525
v 0.3517386525 0.23799059 0.19768911
v 0.35765768 0.247312085 0.1885226825
v 0.3687252325 0.245930645 0.1931444975
v 0.3143703875 0.0817506925 0.309150045
v 0.3093293825 0.09338596 0.3092823275
v 0.3244523975 0.0584801575 0.30888548
v 0.3194113925 0.070115425 0.3090177625
v 0.32693557 0.0801558725 0.3051650325
v 0.3395007525 0.0785610525 0.30118002
v 0.3344597475 0.09019632 0.3013123025
v 0.2379926925 0.118109785 0.2769848025
v 0.229147275 0.11078111 0.27816314
v 0.2150699975 0.128144475 0.2603799275
v 0.20622458 0.1208158 0.261558265
v 0.2176859275 0.115798455 0.2698607025
v 0.2203018575 0.103452435 0.2793414775
v 0.21145644 0.09612376 0.280519815
v 0.17520647 0.0379418375 0.2905311875
v 0.1801859625 0.025580775 0.2955713775
v 0.1858699725 0.0379418375 0.29593468
v 0.16383845 0.0132197125 0.2898045825
v 0.1688179425 0.00085865 0.2948447725
v 0.1745019525 0.0132197125 0.295208075
v 0.185165455 0.0132197125 0.3006115675
v 0.1901449475 0.00085865 0.3056517575
v 0.1958289575 0.0132197125 0.30601506
v 0.3830306875 0.3657333825 0.05689401
v 0.3636674025 0.3463700975 0.075052245
v 0.373349045 0.35605174 0.0659731275
v 0.3859168575 0.3510793475 0.0698698125
v 0.3888030275 0.3364253125 0.082845615
v 0.4071371325 0.2720565425 0.155699785
v 0.4032504375 0.2582447775 0.16995226
v 0.3854752175 0.2608536075 0.174551975
v 0.3815885225 0.2470418425 0.18880445
v 0.39241948 0.25264331 0.179378355
v 0.3993637425 0.2444330125 0.184204735
v 0.3954770475 0.2306212475 0.19845721
v 0.576863585 0.0090383025 0.05496717
v 0.58649791 0.00085865 0.032286065
v 0.56722926 0.017217955 0.077648275
v 0.562745825 0.0090383025 0.087253235
v 0.55826239 0.00085865 0.096858195
v 0.5452108775 0.04853918 0.1199536275
v 0.5371993175 0.071959295 0.1329794325
v 0.5412050975 0.0602492375 0.12646653
v 0.532349165 0.0517910425 0.1426699325
v 0.5194874525 0.055042905 0.1653862375
v 0.451603705 0.29147661 0.103874095
v 0.43822832 0.31355388 0.09573635
v 0.4449160125 0.302515245 0.0998052225
v 0.4381626025 0.290549955 0.1166510025
v 0.4247215 0.2896233 0.12942791
v 0.41561241 0.403539345 0.0198877325
v 0.4068490125 0.394775945 0.028597505
v 0.4151084675 0.39071943 0.0310656925
v 0.33797368 0.21916069 0.217869925
v 0.3330940825 0.2093836225 0.2284244575
v 0.3460885525 0.2081890925 0.2311983125
v 0.31198474 0.22154975 0.212322215
v 0.3071051425 0.2117726825 0.2228767475
v 0.3200996125 0.2105781525 0.2256506025
v 0.328214485 0.199606555 0.23897899
v 0.3233348875 0.1898294875 0.2495335225
v 0.3363293575 0.1886349575 0.2523073775
v 0.32541296 0.1244468125 0.2815449725
v 0.337199755 0.1231363525 0.2784730225
v 0.329995765 0.13508479 0.27321225
v 0.33982094 0.1005499375 0.2920665175
v 0.344403745 0.111187915 0.283733795
v 0.34898655 0.1218258925 0.2754010725
v 0.353569355 0.13246387 0.26706835
v 0.2060166475 0.011185435 0.309277805
v 0.201037155 0.0235464975 0.304237615
v 0.2164330425 0.031839005 0.305722915
v 0.2062453525 0.0338732825 0.30246017
v 0.1960576625 0.03590756 0.299197425
v 0.1581983375 0.1415762425 0.2077522875
v 0.169999325 0.1357047975 0.222820625
v 0.1682056875 0.150776155 0.2068724775
v 0.1617856125 0.1114335275 0.2396485825
v 0.1735866 0.1055620825 0.25471692
v 0.1717929625 0.12063344 0.2387687725
v 0.1818003125 0.1298333525 0.2378889625
v 0.1936013 0.1239619075 0.2529573
v 0.1918076625 0.139033265 0.2370091525
v 0.385932365 0.188503255 0.2481342125
v 0.37856539 0.1986946225 0.2375240525
v 0.373069075 0.1873920575 0.25247426
v 0.396924995 0.211108385 0.2182337975
v 0.38955802 0.2212997525 0.2076236375
v 0.384061705 0.2099971875 0.222573845
v 0.371198415 0.20888599 0.2269138925
v 0.36383144 0.2190773575 0.2163037325
v 0.358335125 0.2077747925 0.23125394
v 0.286633555 0.2694166925 0.142160785
v 0.2965904325 0.2793735725 0.13470669
v 0.315793885 0.2636574975 0.157714135
v 0.3257507625 0.2736143775 0.15026004
v 0.3111705975 0.276493975 0.142483365
v 0.30654731 0.2893304525 0.127252595
v 0.3165041875 0.2992873325 0.1197985
v 0.5511343775 0.12365157 0.0814474875
v 0.561123065 0.130846885 0.054298325
v 0.5762726325 0.11654695 0.0271491625
v 0.58626132 0.123742265 0
v 0.5736921925 0.127294575 0.0271491625
v 0.5711117525 0.1380422 0.0271491625
v 0.58110044 0.145237515 0
v 0.4925379475 0.1710032675 0.15786645
v 0.4870608225 0.1809822275 0.1574410575
v 0.4980150725 0.1610243075 0.1582918425
v 0.50499246 0.170902585 0.1397733775
v 0.5119698475 0.1807808625 0.1212549125
v 0.4489136425 0.339932405 0.0591679275
v 0.443384205 0.3520133625 0.050623245
v 0.4567774675 0.368758875 0.0197226425
v 0.4473161175 0.3664265975 0.0309006025
v 0.4378547675 0.36409432 0.0420785625
v 0.43725987 0.0254187375 0.2600411475
v 0.4327898425 0.01104348 0.2636971375
v 0.446199925 0.0541692525 0.2527291675
v 0.4417298975 0.039793995 0.2563851575
v 0.4307514625 0.0356035675 0.265870585
v 0.424243055 0.0457883975 0.2717000225
v 0.4197730275 0.03141314 0.2753560125
v 0.1765626725 0.0618177175 0.28207005
v 0.165139445 0.0624152725 0.2759238675
v 0.1694672525 0.050900455 0.2847483075
v 0.1679070575 0.0848473525 0.26442117
v 0.1608116375 0.07393009 0.2670994275
v 0.1537162175 0.0630128275 0.269777685
v 0.1466207975 0.052095565 0.2724559425
v 0.1637832425 0.0385393925 0.284385005
v 0.1409367875 0.0397345025 0.27209264
v 0.152360015 0.0391369475 0.2782388225
v 0.1580992325 0.02617833 0.2840217025
v 0.1524152225 0.0138172675 0.2836584
v 0.3770787925 0.056989145 0.2990569425
v 0.37180803 0.06753217 0.297652185
v 0.3628372175 0.056972425 0.3015415625
v 0.3950204175 0.078108635 0.2912781875
v 0.3807788425 0.078091915 0.2937628075
v 0.3665372675 0.078075195 0.2962474275
v 0.3522956925 0.078058475 0.2987320475
v 0.3759384225 0.13269836 0.260465305
v 0.3797083975 0.14421018 0.26023731
v 0.369126125 0.14266523 0.263768405
v 0.3971029675 0.13578826 0.253403115
v 0.4008729425 0.14730008 0.25317512
v 0.39029067 0.14575513 0.256706215
v 0.3834783725 0.155722 0.260009315
v 0.3872483475 0.16723382 0.25978132
v 0.376666075 0.16568887 0.263312415
v 0.28493666 0.099508695 0.306272315
v 0.2768911875 0.0901712425 0.3060174
v 0.26128158 0.108564525 0.292282265
v 0.2650636475 0.0946991575 0.299022375
v 0.268845715 0.08083379 0.305762485
v 0.19883316 0.0992698675 0.27191885
v 0.20144909 0.0869238475 0.281399625
v 0.19621723 0.1116158875 0.262438075
v 0.18620988 0.102415975 0.263317885
v 0.17620253 0.0932160625 0.264197695
v 0.375669495 0.2377203475 0.1979708775
v 0.3697504675 0.2283988525 0.207137305
v 0.3826137575 0.22951005 0.2027972575
v 0.319830685 0.231058155 0.2013078275
v 0.306836215 0.232252685 0.1985339725
v 0.332825155 0.229863625 0.2040816825
v 0.32767663 0.24056656 0.19029344
v 0.322528105 0.251269495 0.1765051975
v 0.38366344 0.2709934525 0.16432425
v 0.3944943975 0.27659492 0.154898155
v 0.3818516625 0.2811332975 0.154096525
v 0.40910795 0.2112245775 0.2071647875
v 0.420803785 0.2130363525 0.1977214825
v 0.42248123 0.1888518325 0.2149271825
v 0.434177065 0.1906636075 0.2054838775
v 0.427490425 0.20184998 0.20160268
v 0.43249962 0.2148481275 0.1882781775
v 0.444195455 0.2166599025 0.1788348725
v 0.466755635 0.243425915 0.1332066925
v 0.49059368 0.245108355 0.1037714925
v 0.4786746575 0.244267135 0.1184890925
v 0.4723875975 0.25635256 0.115620615
v 0.47801956 0.269279205 0.0980345375
v 0.483982225 0.0266654225 0.216397665
v 0.4906252275 0.0380969375 0.206700415
v 0.4772619375 0.04104068 0.22211394
v 0.4205721875 0.3030720275 0.1145450625
v 0.4273255975 0.3150373175 0.0976992825
v 0.416422875 0.316520755 0.099662215
v 0.565576005 0.1084026625 0.05634317
v 0.5530068775 0.1119549725 0.0834923325
v 0.5548793775 0.100258375 0.0855371775
v 0.4203823875 0.01104348 0.27368049
v 0.426890795 0.00085865 0.2678510525
v 0.4073655725 0.03141314 0.285339365
v 0.41387398 0.02122831 0.2795099275
v 0.4079749325 0.01104348 0.2836638425
v 0.3955674775 0.01104348 0.293647195
v 0.402075885 0.00085865 0.2878177575
v 0.456896285 0.1923723325 0.1838467525
v 0.45054587 0.2045161175 0.1813408125
v 0.445536675 0.19151797 0.194665315
v 0.4762151425 0.0924094625 0.2115006825
v 0.464723565 0.0994685 0.22173724
v 0.4660390225 0.0834125475 0.2254938875
v 0.416984915 0.1775492675 0.22987739
v 0.4116142575 0.167466205 0.2376433
v 0.4237972125 0.1675823975 0.22657429
v 0.392619005 0.1773168825 0.25201541
v 0.3994313025 0.1673500125 0.24871231
v 0.4062436 0.1573831425 0.24540921
v 0.4130558975 0.1474162725 0.24210611
v 0.3200517675 0.114093195 0.2907907575
v 0.314690575 0.1037395775 0.3000365425
v 0.3272557575 0.1021447575 0.29605153
v 0.2593202225 0.00085865 0.3134287725
v 0.2635381475 0.01505173 0.31378553
v 0.251928535 0.01505173 0.3111774075
v 0.2825394475 0.00085865 0.3186450175
v 0.2867573725 0.01505173 0.319001775
v 0.27514776 0.01505173 0.3163936525
v 0.2677560725 0.02924481 0.3141422875
v 0.2719739975 0.04343789 0.314499045
v 0.260364385 0.04343789 0.3118909225
v 0.1765074675 0.159077935 0.203907445
v 0.2001094425 0.147335045 0.23404412
v 0.188308455 0.15320649 0.2189757825
v 0.1848092475 0.167379715 0.2009424125
v 0.1931110275 0.175681495 0.19797738
v 0.2235473825 0.13649883 0.2572901025
v 0.212086035 0.141516175 0.248987665
v 0.23500873 0.131481485 0.26559254
v 0.2320247675 0.144853185 0.2542002775
v 0.229040805 0.158224885 0.242808015
v 0.2947691925 0.2125484425 0.2180427625
v 0.302884065 0.201576845 0.23137115
v 0.2863270375 0.1921567675 0.2350315675
v 0.29444191 0.18118517 0.248359955
v 0.2986629875 0.1913810075 0.2398655525
v 0.3109989375 0.1906052475 0.2446995375
v 0.31911381 0.17963365 0.258027925
v 0.1805303375 0.081701245 0.273022135
v 0.184858145 0.0701864275 0.281846575
v 0.1931536175 0.0785551375 0.2816231
v 0.1222056225 0.1055833175 0.2163420625
v 0.1545952925 0.1042432075 0.2415146975
v 0.1384004575 0.1049132625 0.22892838
v 0.1294165 0.1127943 0.2148463475
v 0.1366273775 0.1200052825 0.2133506325
v 0.403611635 0.1999220125 0.222114995
v 0.39811532 0.1886194475 0.2370652025
v 0.410298275 0.18873564 0.2259961925
v 0.3281395625 0.16824223 0.2662174825
v 0.33661616 0.15631611 0.266501105
v 0.3399263575 0.16693177 0.2631455325
v 0.3215191675 0.14701091 0.2729286275
v 0.3333059625 0.14570045 0.2698566775
v 0.3450927575 0.14438999 0.2667847275
v 0.3568795525 0.14307953 0.2637127775
v 0.2538470425 0.053764675 0.3101721275
v 0.2496291175 0.039571595 0.30981537
v 0.2323765075 0.046032085 0.3060210225
v 0.2281585825 0.031839005 0.305664265
v 0.23889385 0.0357053 0.3077398175
v 0.2454111925 0.025378515 0.3094586125
v 0.2411932675 0.011185435 0.309101855
v 0.3057620875 0.00085865 0.3197634725
v 0.3114568775 0.012753915 0.31763474
v 0.29984385 0.012753915 0.3191244075
v 0.3289881425 0.00085865 0.3167841375
v 0.3346829325 0.012753915 0.314655405
v 0.323069905 0.012753915 0.3161450725
v 0.3171516675 0.02464918 0.3155060075
v 0.3228464575 0.036544445 0.313377275
v 0.31123343 0.036544445 0.3148669425
v 0.52998797 0.2230281975 0.0524504525
v 0.5430986325 0.224573675 0.02579046
v 0.503766645 0.2199372425 0.1057704375
v 0.5168773075 0.22148272 0.079110445
v 0.5237632125 0.2083970325 0.0782409125
v 0.517538455 0.1937658675 0.1040313725
v 0.5306491175 0.195311345 0.07737138
v 0.491291105 0.2714947675 0.0742430225
v 0.497578165 0.2594093425 0.0771115
v 0.50456265 0.27371033 0.0504515075
v 0.1510080175 0.1343859225 0.2096184025
v 0.1438176975 0.1271956025 0.2114845175
v 0.152801655 0.119314565 0.22556655
v 0.3350065375 0.2823727825 0.14465413
v 0.3442623125 0.2911311875 0.13904822
v 0.33038325 0.29520926 0.12942336
v 0.3677417925 0.332487355 0.0930301475
v 0.3718161825 0.3186046125 0.11100805
v 0.380309605 0.3275149625 0.0969268325
v 0.2085868275 0.1556894 0.230954295
v 0.2255415975 0.17239811 0.224774645
v 0.2170642125 0.164043755 0.22786447
v 0.20508762 0.169862625 0.212920925
v 0.2015884125 0.18403585 0.194887555
v 0.280165895 0.1111291375 0.299744745
v 0.27539513 0.12274958 0.293217175
v 0.268338355 0.1156570525 0.29274972
v 0.397338765 0.0663410325 0.2897273475
v 0.4063095775 0.0769007775 0.28583797
v 0.37939714 0.0452215425 0.2975061025
v 0.3883679525 0.0557812875 0.293616725
v 0.3996571125 0.05457343 0.2881765075
v 0.40197546 0.0428058275 0.2866256675
v 0.4109462725 0.0533655725 0.28273629
v 0.4168960575 0.109313365 0.2632166975
v 0.4049147325 0.1008345875 0.2780096125
v 0.4408587075 0.12627092 0.2336308675
v 0.4288773825 0.1177921425 0.2484237825
v 0.41781956 0.1214795725 0.2538375
v 0.4187430625 0.13364578 0.2444583025
v 0.4067617375 0.1251670025 0.2592512175
v 0.3842783175 0.0122513375 0.2990874125
v 0.3720115025 0.0122513375 0.3034607525
v 0.377401615 0.00085865 0.30217445
v 0.3734980925 0.0350367125 0.3016600175
v 0.3612312775 0.0350367125 0.3060333575
v 0.36662139 0.023644025 0.304747055
v 0.3597446875 0.0122513375 0.3078340925
v 0.3474778725 0.0122513375 0.3122074325
v 0.352867985 0.00085865 0.31092113
v 0.5163002825 0.0669835625 0.1668065575
v 0.525156215 0.0754417575 0.150603155
v 0.5131131125 0.07892422 0.1682268775
v 0.507711435 0.1142664075 0.1650935475
v 0.5178820375 0.1224805425 0.14542498
v 0.5073694275 0.12597134 0.1625847425
v 0.1405677025 0.0138172675 0.2760639025
v 0.14630692 0.00085865 0.2818467825
v 0.1290892675 0.0397345025 0.2644981425
v 0.134828485 0.026775885 0.2702810225
v 0.1287201825 0.0138172675 0.268469405
v 0.1168726625 0.0138172675 0.2608749075
v 0.12261188 0.00085865 0.2666577875
v 0.4294843775 0.153811905 0.2289264825
v 0.42411372 0.1437288425 0.2366923925
v 0.4351715425 0.1400414125 0.231278675
v 0.396179465 0.1236220525 0.2627823125
v 0.3855971925 0.1220771025 0.2663134075
v 0.3952559625 0.111455845 0.27216151
v 0.222950385 0.02151222 0.30744171
v 0.21253399 0.00085865 0.3109966
v 0.2177421875 0.011185435 0.309219155
v 0.2294677275 0.011185435 0.309160505
v 0.23598507 0.00085865 0.3108793
v 0.2285920725 0.06683806 0.2990485825
v 0.23048429 0.0564350725 0.3025348025
v 0.2412195575 0.0603013675 0.304610355
v 0.211577625 0.194025065 0.1901962075
v 0.23553081 0.182387325 0.2200832975
v 0.2235542175 0.188206195 0.2051397525
v 0.2215668375 0.20401428 0.18550486
v 0.23155605 0.214003495 0.1808135125
v 0.3158036125 0.16901799 0.2613834975
v 0.3034676625 0.16979375 0.2565495125
v 0.312493415 0.15840233 0.26473907
v 0.3534555275 0.197997725 0.2418084725
v 0.3436963325 0.17844359 0.2629175375
v 0.34857593 0.1882206575 0.252363005
v 0.3608225025 0.1878063575 0.2524186325
v 0.3681894775 0.17761499 0.2630287925
v 0.3356413975 0.0360418675 0.3109293025
v 0.32972316 0.0479371325 0.3102902375
v 0.341559635 0.0241466025 0.3115683675
v 0.3484363375 0.03553929 0.30848133
v 0.35531304 0.0469319775 0.3053942925
v 0.057512965 0.046179955 0.21760683
v 0.0846335 0.05014951 0.233234525
v 0.0710732325 0.0481647325 0.2254206775
v 0.0658899825 0.0545569725 0.2171115625
v 0.074267 0.06293399 0.216616295
v 0.344771515 0.0680180275 0.3025847775
v 0.3372473375 0.05797758 0.3064375075
v 0.3500422775 0.0574750025 0.303989535
v 0.41960636 0.0693236025 0.2748017025
v 0.4219247075 0.057556 0.2732508625
v 0.4329031425 0.0617464275 0.263765435
v 0.390177365 0.0224361675 0.2949334975
v 0.3960764125 0.0326209975 0.2907795825
v 0.3847872525 0.033828855 0.2962198
v 0.35217293 0.16651747 0.26320116
v 0.3606495275 0.15459135 0.2634847825
v 0.3644195025 0.16610317 0.2632567875
v 0.46267441 0.3412242025 0.039445285
v 0.490195945 0.3438077975 0
v 0.4764351775 0.342516 0.0197226425
v 0.4666063225 0.3556374375 0.0197226425
v 0.470538235 0.3700506725 0
v 0.11163576 0.0245419225 0.256494995
v 0.1055274575 0.011583305 0.2546833775
v 0.123852365 0.0504591575 0.26011823
v 0.1177440625 0.03750054 0.2583066125
v 0.1063988575 0.0352665775 0.2521150825
v 0.101161955 0.0459912325 0.24773517
v 0.0950536525 0.033032615 0.2459235525
v 0.0915149825 0.011583305 0.24788822
v 0.096751885 0.00085865 0.2522681325
v 0.08627808 0.02230796 0.2435083075
v 0.0775025075 0.011583305 0.2410930625
v 0.068726935 0.00085865 0.2386778175
v 0.09655412 0.08522111 0.214324505
v 0.105653535 0.0736337925 0.22958908
v 0.09206254 0.05757855 0.232470595
v 0.103407745 0.0598125125 0.238662125
v 0.11475295 0.062046475 0.244853655
v 0.014140735 0.00085865 0.2159458725
v 0.022880615 0.0095985275 0.2158595325
v 0.041189885 0.00085865 0.2265703975
v 0.03640519 0.0095985275 0.221171795
v 0.031620495 0.018338405 0.2157731925
v 0.2981469525 0.03884226 0.31474431
v 0.285060475 0.041140075 0.3146216775
v 0.2924521625 0.026946995 0.3168730425
v 0.08912508 0.07779207 0.215088435
v 0.08169604 0.07036303 0.215852365
v 0.08687929 0.06397079 0.22416148
v 0.5564629725 0.192307925 0.02579046
v 0.559307345 0.18225825 0.02579046
v 0.5699868825 0.186134165 0
v 0.5351038975 0.184556095 0.07737138
v 0.5486278075 0.178382335 0.05158092
v 0.5621517175 0.172208575 0.02579046
v 0.5756756275 0.166034815 0
v 0.2687466075 0.1578663175 0.26438957
v 0.2709590175 0.1781155075 0.242574025
v 0.2698528125 0.1679909125 0.2534817975
v 0.25870587 0.16414549 0.2525298525
v 0.2486651325 0.1704246625 0.240670135
v 0.300101995 0.2446406875 0.17974291
v 0.30794794 0.2541490925 0.1687285225
v 0.293367775 0.25702869 0.1609518475
v 0.2466777525 0.1862327475 0.2210352425
v 0.2689716375 0.1939235925 0.2229391325
v 0.257824695 0.19007817 0.2219871875
v 0.2446903725 0.2020408325 0.20140035
v 0.2427029925 0.2178489175 0.1817654575
v 0.5475534125 0.213818425 0.02579046
v 0.55377817 0.22844959 0
v 0.541328655 0.19918726 0.05158092
v 0.5520081925 0.203063175 0.02579046
v 0.56268773 0.20693909 0
v 0.49262943 0.1939672325 0.1402175175
v 0.5050839425 0.19386655 0.122124445
v 0.4981980375 0.2069522375 0.1229939775
v 0.273192715 0.20411943 0.21444473
v 0.2774137925 0.2143152675 0.2059503275
v 0.2600583925 0.2160820925 0.1938578925
v -0.0418580875 -0.52201873 0.158873335
v -0.03042656 -0.5303967475 0.14576199
v -0.0336784225 -0.5175352975 0.168478295
v -0.0353543625 -0.54774163 0.113440725
v -0.023922835 -0.5561196475 0.10032938
v -0.0271746975 -0.5432581975 0.123045685
v -0.0189950325 -0.538774765 0.132650645
v -0.007563505 -0.5471527825 0.1195393
v -0.0108153675 -0.5342913325 0.142255605
v -0.218562635 -0.489836845 0.12361782
v -0.21772168 -0.477917825 0.13833542
v -0.230706685 -0.48348643 0.12135757
v -0.192592625 -0.478699635 0.15757352
v -0.19175167 -0.466780615 0.17229112
v -0.204736675 -0.47234922 0.15531327
v -0.216880725 -0.465998805 0.15305302
v -0.21603977 -0.454079785 0.16777062
v -0.229024775 -0.45964839 0.15079277
v -0.15011212 -0.2773120625 0.26662918
v -0.14884556 -0.28744402 0.2682121175
v -0.1387207 -0.2863378175 0.2759131875
v -0.17036184 -0.2795244675 0.25122704
v -0.16909528 -0.289656425 0.2528099775
v -0.15897042 -0.2885502225 0.2605110475
v -0.147579 -0.2975759775 0.269795055
v -0.14631244 -0.307707935 0.2713779925
v -0.13618758 -0.3066017325 0.2790790625
v -0.083970065 -0.1550088025 0.2702657475
v -0.0846401475 -0.1388141 0.25368251
v -0.0955573825 -0.1459092575 0.2550011725
v -0.062135595 -0.1408184875 0.2676284225
v -0.0628056775 -0.124623785 0.251045185
v -0.0737229125 -0.1317189425 0.2523638475
v -0.08531023 -0.1226193975 0.2370992725
v -0.0859803125 -0.106424695 0.220516035
v -0.0968975475 -0.1135198525 0.2218346975
v -0.099931485 -0.4849159825 0.1975074775
v -0.1116365475 -0.4845739725 0.19314268
v -0.1045776425 -0.49606555 0.1829061225
v -0.114049295 -0.4619328275 0.2179805925
v -0.1257543575 -0.4615908175 0.213615795
v -0.1186954525 -0.473082395 0.2033792375
v -0.12334161 -0.4842319625 0.1887778825
v -0.1350466725 -0.4838899525 0.184413085
v -0.1279877675 -0.49538153 0.1741765275
v -0.264182995 -0.4243019425 0.15108286
v -0.25037123 -0.4204152475 0.165335335
v -0.262370955 -0.412606105 0.160526165
v -0.240183545 -0.4399202275 0.1607012
v -0.22637178 -0.4360335325 0.174953675
v -0.238371505 -0.42822439 0.170144505
v -0.236559465 -0.4165285525 0.17958781
v -0.2227477 -0.4126418575 0.193840285
v -0.234747425 -0.404832715 0.189031115
v -0.3253367275 -0.457267215 0.061234965
v -0.31429783 -0.4639551675 0.064614825
v -0.3130060325 -0.4501944025 0.08502648
v -0.3279203225 -0.484788745 0.020411655
v -0.316881425 -0.4914766975 0.023791515
v -0.3155896275 -0.4777159325 0.04420317
v -0.3032589325 -0.47064312 0.067994685
v -0.292220035 -0.4773310725 0.071374545
v -0.2909282375 -0.4635703075 0.0917862
v -0.2984143025 -0.3520428075 0.13534026
v -0.312297045 -0.347968415 0.1167297075
v -0.3082189725 -0.3618474775 0.1269872175
v -0.3065704475 -0.3242846825 0.11482524
v -0.32045319 -0.32021029 0.0962146875
v -0.3163751175 -0.3340893525 0.1064721975
v -0.3261797875 -0.3438940225 0.098119155
v -0.34006253 -0.33981963 0.0795086025
v -0.3359844575 -0.3536986925 0.0897661125
v -0.0870868875 -0.5552765875 0.065683695
v -0.080312235 -0.5678846225 0.04378913
v -0.0721680775 -0.557187995 0.065683695
v -0.1033752025 -0.5766698425 0.021894565
v -0.09660055 -0.5892778775 0
v -0.0884563925 -0.57858125 0.021894565
v -0.0735375825 -0.5804926575 0.021894565
v -0.06676293 -0.5931006925 0
v -0.0586187725 -0.582404065 0.021894565
v -0.0492626825 -0.302367505 0.31629523
v -0.0608979775 -0.2973262375 0.3129819825
v -0.058600135 -0.3104127125 0.3113055125
v -0.0538583675 -0.276194555 0.31964817
v -0.0654936625 -0.2711532875 0.3163349225
v -0.06319582 -0.2842397625 0.3146584525
v -0.0725332725 -0.29228497 0.309668735
v -0.0841685675 -0.2872437025 0.3063554875
v -0.081870725 -0.3003301775 0.3046790175
v -0.04805369 -0.49579399 0.19478934
v -0.0599943475 -0.49260656 0.19620966
v -0.0570506075 -0.50596985 0.18300996
v -0.05394117 -0.46906741 0.22118874
v -0.0658818275 -0.46587998 0.22260906
v -0.0629380875 -0.47924327 0.20940936
v -0.071935005 -0.48941913 0.19762998
v -0.0838756625 -0.4862317 0.1990503
v -0.0809319225 -0.49959499 0.1858506
v -0.139097935 -0.5335547375 0.10493705
v -0.1462935125 -0.5435436875 0.078257185
v -0.1329241775 -0.54707891 0.080039595
v -0.165836605 -0.5264842925 0.10137223
v -0.1730321825 -0.5364732425 0.074692365
v -0.1596628475 -0.540008465 0.076474775
v -0.15348909 -0.5535326375 0.05157732
v -0.1606846675 -0.5635215875 0.024897455
v -0.1473153325 -0.56705681 0.026679865
v -0.0871768175 -0.38827516 0.2814912075
v -0.0977982325 -0.3786163875 0.28222709
v -0.097814925 -0.3928582275 0.2735683425
v -0.0871434325 -0.35979148 0.2988087025
v -0.0977648475 -0.3501327075 0.299544585
v -0.09778154 -0.3643745475 0.2908858375
v -0.1084196475 -0.368957615 0.2829629725
v -0.1190410625 -0.3592988425 0.283698855
v -0.119057755 -0.3735406825 0.2750401075
v -0.0427251975 -0.20997905 0.30703209
v -0.053128185 -0.20808657 0.30256046
v -0.0510939075 -0.21827452 0.30341548
v -0.0467937525 -0.18960315 0.30532205
v -0.05719674 -0.18771067 0.30085042
v -0.0551624625 -0.19789862 0.30170544
v -0.0635311725 -0.20619409 0.29808883
v -0.07393416 -0.20430161 0.2936172
v -0.0718998825 -0.21448956 0.29447222
v -0.268061015 -0.3381553325 0.1699056375
v -0.26667984 -0.34922262 0.17250106
v -0.257921435 -0.3399671075 0.1806036825
v -0.285577825 -0.3566663575 0.1537003925
v -0.28419665 -0.367733645 0.156295815
v -0.275438245 -0.3584781325 0.1643984375
v -0.265298665 -0.3602899075 0.1750964825
v -0.26391749 -0.371357195 0.177691905
v -0.255159085 -0.3621016825 0.1857945275
v -0.0824251925 -0.53253686 0.112501425
v -0.09412166 -0.53066436 0.117286725
v -0.0906391975 -0.54270746 0.09236356
v -0.0893901175 -0.50845066 0.162347755
v -0.101086585 -0.50657816 0.167133055
v -0.0976041225 -0.51862126 0.14220989
v -0.1058181275 -0.52879186 0.122072025
v -0.117514595 -0.52691936 0.126857325
v -0.1140321325 -0.53896246 0.10193416
v -0.0956721825 -0.4144980625 0.2616786325
v -0.0880950325 -0.4277948425 0.2520676275
v -0.07961636 -0.41581378 0.263221455
v -0.1126295275 -0.4384601875 0.2393709775
v -0.1050523775 -0.4517569675 0.2297599725
v -0.096573705 -0.439775905 0.2409138
v -0.0805178825 -0.4410916225 0.2424566225
v -0.0729407325 -0.4543884025 0.2328456175
v -0.06446206 -0.44240734 0.243999445
v -0.046908715 -0.586409845 0.022681105
v -0.0536833675 -0.57380181 0.04457567
v -0.037037905 -0.569205335 0.068043315
v -0.0438125575 -0.5565973 0.08993788
v -0.0487479625 -0.565199555 0.067256775
v -0.06045802 -0.561193775 0.066470235
v -0.0672326725 -0.54858574 0.0883648
v -0.0425096425 -0.46242441 0.2310283225
v -0.028134375 -0.45795412 0.23880179
v -0.0425096425 -0.45123383 0.2421619075
v -0.0137591075 -0.47586499 0.2243080875
v 0.00061616 -0.4713947 0.232081555
v -0.0137591075 -0.46467441 0.2354416725
v -0.0137591075 -0.45348383 0.2465752575
v 0.00061616 -0.44901354 0.254348725
v -0.0137591075 -0.44229325 0.2577088425
v -0.2944355975 -0.490602355 0.04758303
v -0.2821049025 -0.4835295425 0.071374545
v -0.3190969875 -0.50474798 0
v -0.3067662925 -0.4976751675 0.023791515
v -0.29665116 -0.5038736375 0.023791515
v -0.2988667225 -0.51714492 0
v -0.2865360275 -0.5100721075 0.023791515
v -0.10512633 -0.2905181475 0.29460689
v -0.11548008 -0.2958793425 0.2894309475
v -0.10385977 -0.300650105 0.2961898275
v -0.12836695 -0.2809766225 0.28108913
v -0.12710039 -0.29110858 0.2826720675
v -0.12583383 -0.3012405375 0.284255005
v -0.12456727 -0.311372495 0.2858379425
v -0.0977527025 -0.25176187 0.29429659
v -0.09042387 -0.24291619 0.2954749275
v -0.1042893675 -0.23913412 0.2864655775
v -0.0700217075 -0.25932601 0.31231529
v -0.062692875 -0.25048033 0.3134936275
v -0.0765583725 -0.24669826 0.3044842775
v -0.0830950375 -0.23407051 0.296653265
v -0.075766205 -0.22522483 0.2978316025
v -0.0896317025 -0.22144276 0.2888222525
v -0.135733055 -0.456113695 0.214800705
v -0.1403792125 -0.4672632625 0.20019935
v -0.164982765 -0.467458585 0.187967815
v -0.1696289225 -0.4786081525 0.17336646
v -0.1550040675 -0.4729357075 0.186782905
v -0.14502537 -0.47841283 0.185597995
v -0.1496715275 -0.4895623975 0.17099664
v -0.0108153675 -0.48922828 0.2111083875
v -0.0108153675 -0.5042492975 0.18815746
v 0.00061616 -0.4976062975 0.1979970425
v -0.0336784225 -0.50251428 0.1914292225
v -0.022246895 -0.5108922975 0.1783178775
v -0.0108153675 -0.519270315 0.1652065325
v 0.00061616 -0.5276483325 0.1520951875
v -0.0315578425 -0.079566385 0.239128395
v -0.0295730375 -0.0660060925 0.2313145475
v -0.040297705 -0.0747816875 0.2337297925
v -0.0101085075 -0.062015195 0.234297905
v -0.0081237025 -0.0484549025 0.2264840575
v -0.01884837 -0.0572304975 0.2288993025
v -0.0275882325 -0.0524458 0.2235007
v -0.0256034275 -0.0388855075 0.2156868525
v -0.036328095 -0.0476611025 0.2181020975
v -0.253109925 -0.44555245 0.1431151225
v -0.2411102 -0.4533615925 0.1479242925
v -0.277109375 -0.429934165 0.1334967825
v -0.26510965 -0.4377433075 0.1383059525
v -0.266036305 -0.4511846725 0.125529045
v -0.278962685 -0.456816895 0.1079429675
v -0.26696296 -0.4646260375 0.1127521375
v -0.3793656 -0.44977274 0.01117796
v -0.389853235 -0.4408155975 0.01117796
v -0.392185515 -0.4502769475 0
v -0.37470104 -0.43085004 0.03353388
v -0.385188675 -0.4218928975 0.03353388
v -0.387520955 -0.4313542475 0.02235592
v -0.40034087 -0.431858455 0.01117796
v -0.410828505 -0.4229013125 0.01117796
v -0.413160785 -0.4323626625 0
v -0.3405754125 -0.4052696225 0.0748379975
v -0.3390922375 -0.416172085 0.07402964
v -0.328494455 -0.4107990625 0.0840716925
v -0.3617709775 -0.4160156675 0.0547538925
v -0.3602878025 -0.42691813 0.053945535
v -0.34969002 -0.4215451075 0.0639875875
v -0.3376090625 -0.4270745475 0.0732212825
v -0.3361258875 -0.43797701 0.072412925
v -0.325528105 -0.4326039875 0.0824549775
v -0.132894995 -0.269149345 0.2770694975
v -0.13917417 -0.25910887 0.263714385
v -0.146266435 -0.266165385 0.2609751375
v -0.118710465 -0.255036315 0.2825479925
v -0.12498964 -0.24499584 0.26919288
v -0.132081905 -0.252052355 0.2664536325
v -0.145453345 -0.249068395 0.2503592725
v -0.15173252 -0.23902792 0.23700416
v -0.158824785 -0.246084435 0.2342649125
v -0.1641284025 -0.4560989725 0.1990320675
v -0.1787532575 -0.4617714175 0.1856156225
v -0.1348786925 -0.4447540825 0.2258649575
v -0.1495035475 -0.4504265275 0.2124485125
v -0.16327404 -0.44473936 0.21009632
v -0.1624196775 -0.4333797475 0.2211605725
v -0.1770445325 -0.4390521925 0.2077441275
v -0.2458486275 -0.502389935 0.0799799775
v -0.2473943675 -0.5155005975 0.053319985
v -0.23309338 -0.5085161125 0.0799799775
v -0.2744506025 -0.516358905 0.0266599925
v -0.2759963425 -0.5294695675 0
v -0.261695355 -0.5224850825 0.0266599925
v -0.2489401075 -0.52861126 0.0266599925
v -0.2504858475 -0.5417219225 0
v -0.23618486 -0.5347374375 0.0266599925
v -0.2230358225 -0.28015959 0.1997356625
v -0.2354238225 -0.27342563 0.1801846875
v -0.233657 -0.29078103 0.193037035
v -0.2265694675 -0.24544879 0.1740309675
v -0.2389574675 -0.23871483 0.1544799925
v -0.237190645 -0.25607023 0.16733234
v -0.2478118225 -0.26669167 0.1606337125
v -0.2601998225 -0.25995771 0.1410827375
v -0.258433 -0.27731311 0.153935085
v -0.2807210975 -0.4038500675 0.14610471
v -0.294169825 -0.3997010175 0.1307563
v -0.2896314475 -0.41234375 0.13092528
v -0.2897978525 -0.3785646025 0.14576675
v -0.30324658 -0.3744155525 0.13041834
v -0.2987082025 -0.387058285 0.13058732
v -0.3076185525 -0.3955519675 0.11540789
v -0.32106728 -0.3914029175 0.10005948
v -0.3165289025 -0.40404565 0.10022846
v -0.3845375175 -0.3966111125 0.0373072775
v -0.3698834825 -0.3994972825 0.0498175175
v -0.373939735 -0.39123809 0.04734933
v -0.3764250125 -0.4131294975 0.0422436525
v -0.36582723 -0.407756475 0.052285705
v -0.3552294475 -0.4023834525 0.0623277575
v -0.344631665 -0.39701043 0.07236981
v -0.02885824 -0.5788399225 0.04536221
v -0.023922835 -0.5702376675 0.068043315
v -0.03872905 -0.5960444325 0
v -0.033793645 -0.5874421775 0.022681105
v -0.020678575 -0.58847451 0.022681105
v -0.01249891 -0.5981090975 0
v -0.007563505 -0.5895068425 0.022681105
v -0.1495711075 -0.5020169075 0.1522562525
v -0.14608005 -0.5125295175 0.136483185
v -0.1362017725 -0.50555213 0.1540386625
v -0.1693276625 -0.5159716825 0.1171452975
v -0.1559583275 -0.519506905 0.1189277075
v -0.1425889925 -0.5230421275 0.1207101175
v -0.1292196575 -0.52657735 0.1224925275
v -0.2444564125 -0.367250205 0.19563396
v -0.2458375875 -0.3561829175 0.1930385375
v -0.2258134175 -0.355412675 0.21012198
v -0.2271945925 -0.3443453875 0.2075265575
v -0.23651609 -0.3502641525 0.2002825475
v -0.2472187625 -0.34511563 0.190443115
v -0.2485999375 -0.3340483425 0.1878476925
v -0.077086265 -0.338025725 0.3092552775
v -0.078681085 -0.3254605425 0.3077298575
v -0.08872156 -0.3329844575 0.30594203
v -0.057005315 -0.322977895 0.3128309325
v -0.06864061 -0.3179366275 0.309517685
v -0.080275905 -0.31289536 0.3062044375
v -0.0919112 -0.3078540925 0.30289119
v -0.0946490475 -0.2099811525 0.280519815
v -0.10197788 -0.2188268325 0.2793414775
v -0.1193414025 -0.2047492975 0.261558265
v -0.126670235 -0.2135949775 0.2603799275
v -0.1143240575 -0.216210905 0.2698607025
v -0.1093067125 -0.2276725125 0.27816314
v -0.116635545 -0.2365181925 0.2769848025
v 0.00061616 -0.1886707075 0.3118881075
v -0.0117448875 -0.183690955 0.307563295
v -0.0117448875 -0.1943544575 0.3174414675
v 0.00061616 -0.1673437025 0.2921317625
v -0.0117448875 -0.16236395 0.28780695
v -0.0117448875 -0.1730274525 0.2976851225
v -0.024105935 -0.1787112025 0.3032384825
v -0.0364669825 -0.17373145 0.29891367
v -0.0364669825 -0.1843949525 0.3087918425
v -0.3349500225 -0.387328525 0.0814489275
v -0.3496040575 -0.384442355 0.0689386875
v -0.3448948075 -0.362192375 0.0745866825
v -0.3595488425 -0.359306205 0.0620764425
v -0.35457645 -0.37187428 0.065507565
v -0.3642580925 -0.381556185 0.0564284475
v -0.3789121275 -0.378670015 0.0439182075
v -0.2291462225 -0.3940017575 0.19956018
v -0.2429579875 -0.3978884525 0.185307705
v -0.2455673475 -0.3801132325 0.19211336
v -0.2593791125 -0.3839999275 0.177860885
v -0.25116855 -0.39094419 0.181584295
v -0.2567697525 -0.4017751475 0.17105523
v -0.2705815175 -0.4056618425 0.156802755
v -0.007563505 -0.5612708025 0.087253235
v 0.00061616 -0.55678737 0.096858195
v -0.01574317 -0.565754235 0.077648275
v -0.007563505 -0.5753888225 0.05496717
v 0.00061616 -0.58502341 0.032286065
v -0.053568145 -0.51801295 0.158086795
v -0.0503162825 -0.5308744 0.13537049
v -0.070484535 -0.53572429 0.111081105
v -0.0587744775 -0.53973007 0.111867645
v -0.04706442 -0.54373585 0.112654185
v -0.2881482725 -0.4232462125 0.1301169225
v -0.2890749275 -0.4366875775 0.117340015
v -0.3120793775 -0.4367530375 0.0978033875
v -0.30104048 -0.44344099 0.1011832475
v -0.2900015825 -0.4501289425 0.1045631075
v -0.3892449275 -0.413633705 0.0310656925
v -0.3973574325 -0.39711532 0.0261293175
v -0.39330118 -0.4053745125 0.028597505
v -0.4020648425 -0.4141379125 0.0198877325
v -0.4148847575 -0.41464212 0.0087097725
v -0.1883542 -0.3218596 0.24250062
v -0.19813153 -0.32673946 0.233724245
v -0.18715993 -0.33485433 0.243695115
v -0.2102974 -0.30562986 0.22255888
v -0.22007473 -0.31050972 0.213782505
v -0.20910313 -0.31862459 0.223753375
v -0.20790886 -0.33161932 0.22494787
v -0.21768619 -0.33649918 0.216171495
v -0.20671459 -0.34461405 0.226142365
v -0.120351525 -0.3475117875 0.2849203575
v -0.1309896325 -0.352094855 0.2769974925
v -0.09907531 -0.3383456525 0.3007660875
v -0.1097134175 -0.34292872 0.2928432225
v -0.1216619875 -0.3357247325 0.28614186
v -0.12297245 -0.3239376775 0.2873633625
v -0.1336105575 -0.328520745 0.2794404975
v -0.034432705 -0.1945829025 0.3096468625
v -0.03036415 -0.2149588025 0.3113569025
v -0.0323984275 -0.2047708525 0.3105018825
v -0.0220716575 -0.199562655 0.313971675
v -0.00971061 -0.2045424075 0.3182964875
v -0.12248751 -0.1921260175 0.25695422
v -0.1283586925 -0.1803250275 0.2418858825
v -0.1375587625 -0.19033238 0.2370091525
v -0.10408737 -0.1721113125 0.26670768
v -0.1099585525 -0.1603103225 0.2516393425
v -0.1191586225 -0.170317675 0.2467626125
v -0.134229875 -0.1685240375 0.226817545
v -0.1401010575 -0.1567230475 0.2117492075
v -0.1493011275 -0.1667304 0.2068724775
v -0.217602855 -0.3623569375 0.21384539
v -0.207411225 -0.3697239125 0.2207117
v -0.20630029 -0.356860885 0.2242323
v -0.219824725 -0.3880829925 0.20680419
v -0.209633095 -0.3954499675 0.2136705
v -0.20852216 -0.38258694 0.2171911
v -0.197219595 -0.3770908875 0.22757801
v -0.187027965 -0.3844578625 0.23444432
v -0.18591703 -0.371594835 0.23796492
v -0.2978120425 -0.31502917 0.1229278625
v -0.2878551625 -0.3050725525 0.1303819575
v -0.30069164 -0.3004490025 0.112021825
v -0.2721390875 -0.32427627 0.1596481275
v -0.2621822075 -0.3143196525 0.1671022225
v -0.275018685 -0.3096961025 0.14874209
v -0.2778982825 -0.295115935 0.1378360525
v -0.2679414025 -0.2851593175 0.1452901475
v -0.28077788 -0.2805357675 0.126930015
v -0.1437630225 -0.5796259375 0
v -0.136567445 -0.5696369875 0.026679865
v -0.1222672475 -0.5847862925 0
v -0.11507167 -0.5747973425 0.026679865
v -0.1258195575 -0.572217165 0.026679865
v -0.1293718675 -0.5596480375 0.05335973
v -0.12217629 -0.5496590875 0.080039595
v -0.1694280825 -0.5035171725 0.135885685
v -0.17930636 -0.51049456 0.1183302075
v -0.159549805 -0.496539785 0.1534411625
v -0.1695285025 -0.4910626625 0.1546260725
v -0.1795072 -0.48558554 0.1558109825
v -0.3626200825 -0.43637948 0.042767575
v -0.3672846425 -0.45530218 0.020411655
v -0.3649523625 -0.44584083 0.031589615
v -0.350539125 -0.44190892 0.05200127
v -0.3384581675 -0.44743836 0.061234965
v -0.0443136275 -0.4227688225 0.25839315
v -0.0341287875 -0.429276965 0.2581650475
v -0.02993836 -0.4182985325 0.2661666175
v -0.0526944825 -0.4447256875 0.24239001
v -0.038319215 -0.4402553975 0.2501634775
v -0.0239439475 -0.4357851075 0.257936945
v -0.00956868 -0.4313148175 0.2657104125
v -0.0615380125 -0.152241455 0.27716774
v -0.0506207775 -0.1451462975 0.2758490775
v -0.0833724825 -0.16643177 0.279805065
v -0.0724552475 -0.1593366125 0.2784864025
v -0.06094043 -0.1636644225 0.2867070575
v -0.0603428475 -0.17508739 0.296246375
v -0.0494256125 -0.1679922325 0.2949277125
v -0.01234247 -0.1509409825 0.2782676325
v -0.0247035175 -0.1566247325 0.2838209925
v -0.03825973 -0.1394625475 0.2702957175
v -0.0376621475 -0.150885515 0.279835035
v -0.037064565 -0.1623084825 0.2893743525
v -0.0766004075 -0.3650625075 0.29767842
v -0.076583715 -0.3508206675 0.3063371675
v -0.0766337925 -0.3935461875 0.280360925
v -0.0766171 -0.3793043475 0.2890196725
v -0.0660573825 -0.370333535 0.2965481375
v -0.0555143575 -0.3756045625 0.295417855
v -0.055497665 -0.3613627225 0.3040766025
v -0.1657585325 -0.385773845 0.2464454225
v -0.154246975 -0.38200387 0.2541816125
v -0.1642138425 -0.375191835 0.25256742
v -0.1458247975 -0.399397915 0.2496738075
v -0.13431324 -0.39562794 0.2574099975
v -0.1442801075 -0.388815905 0.255795805
v -0.1427354175 -0.378233895 0.2619178025
v -0.13122386 -0.37446392 0.2696539925
v -0.1411907275 -0.367651885 0.2680398
v -0.07935916 -0.2673712175 0.3073255725
v -0.107090155 -0.2598070775 0.2893068725
v -0.0932246575 -0.2635891475 0.2983162225
v -0.0886966125 -0.275416425 0.302335855
v -0.098034065 -0.2834616325 0.2973461375
v -0.1009412625 -0.1847345925 0.271311725
v -0.0917411925 -0.17472724 0.276188455
v -0.1101413325 -0.194741945 0.266434995
v -0.097795155 -0.1973578725 0.27591577
v -0.0854489775 -0.1999738 0.285396545
v -0.2280352875 -0.38113873 0.20308078
v -0.2269243525 -0.3682757025 0.20660138
v -0.23624585 -0.3741944675 0.19935737
v -0.239091535 -0.326202135 0.19649263
v -0.2497942075 -0.3210536125 0.1866531975
v -0.2283888625 -0.3313506575 0.2063320625
v -0.2295831325 -0.3183559275 0.2051375675
v -0.2307774025 -0.3053611975 0.2039430725
v -0.2796582725 -0.3803763775 0.156464795
v -0.275119895 -0.39301911 0.156633775
v -0.2695186925 -0.3821881525 0.16716284
v -0.2151854075 -0.4427201725 0.1788348725
v -0.2133733675 -0.431024335 0.1882781775
v -0.1891885825 -0.4327017775 0.2054838775
v -0.1873765425 -0.42100594 0.2149271825
v -0.200374955 -0.4260151375 0.20160268
v -0.2115613275 -0.4193284975 0.1977214825
v -0.2097492875 -0.40763266 0.2071647875
v -0.267803915 -0.4765450575 0.0980345375
v -0.254877535 -0.470912835 0.115620615
v -0.243633065 -0.4891186525 0.1037714925
v -0.24279211 -0.4771996325 0.1184890925
v -0.241951155 -0.4652806125 0.1332066925
v -0.0395659025 -0.4757877 0.2178286225
v -0.0366221625 -0.48915099 0.2046289225
v -0.025190635 -0.48250799 0.214468505
v -0.3150457275 -0.4149481125 0.0994201025
v -0.3135625525 -0.425850575 0.098611745
v -0.301597 -0.4190971625 0.1147685125
v -0.098783355 -0.5534040875 0.070468995
v -0.1104798225 -0.5515315875 0.075254295
v -0.1069275125 -0.564100715 0.04857443
v -0.00956868 -0.3940924525 0.2899495125
v -0.00956868 -0.4064999075 0.2818698125
v 0.00061616 -0.400600595 0.28972141
v -0.02993836 -0.4058910775 0.2742463175
v -0.01975352 -0.41239922 0.274018215
v -0.00956868 -0.4189073625 0.2737901125
v 0.00061616 -0.425415505 0.27356201
v -0.190042945 -0.44406139 0.194419625
v -0.2030413575 -0.4490705875 0.1810951225
v -0.1908973075 -0.4554210025 0.1833553725
v -0.08193765 -0.4645642625 0.2210662375
v -0.0979934725 -0.463248545 0.219523415
v -0.0909345675 -0.4747401225 0.2092868575
v -0.1559078575 -0.4047685725 0.2415539025
v -0.14594099 -0.4115806075 0.243168095
v -0.1758415925 -0.3911445025 0.2383255175
v -0.165874725 -0.3979565375 0.23993971
v -0.1659909175 -0.41013923 0.2334339975
v -0.1760739775 -0.4155098875 0.2253140925
v -0.16610711 -0.4223219225 0.226928285
v -0.10067013 -0.32578047 0.2992406675
v -0.10226495 -0.3132152875 0.2977152475
v -0.1126187 -0.3185764825 0.292539305
v -0.0419631175 -0.2704995025 0.321306765
v -0.027770025 -0.2662815775 0.321417175
v -0.0419631175 -0.258890155 0.32143505
v -0.0135769325 -0.2852823475 0.321271015
v 0.00061616 -0.2810644225 0.321381425
v -0.0135769325 -0.273673 0.3213993
v -0.0135769325 -0.2620636525 0.321527585
v 0.00061616 -0.2578457275 0.321637995
v -0.0135769325 -0.250454305 0.32165587
v -0.174206475 -0.1916365275 0.19797738
v -0.1659046925 -0.183334485 0.2009424125
v -0.1800776575 -0.1798355375 0.1829090425
v -0.145860545 -0.1986344225 0.23404412
v -0.1517317275 -0.1868334325 0.2189757825
v -0.15760291 -0.1750324425 0.203907445
v -0.1634740925 -0.1632314525 0.1888391075
v -0.143378425 -0.2305502725 0.2447960825
v -0.156749865 -0.2275663125 0.2287017225
v -0.130006985 -0.2335342325 0.2608904425
v -0.13502433 -0.222072625 0.252588005
v -0.140041675 -0.2106110175 0.2442855675
v -0.178158625 -0.31763852 0.25023511
v -0.189130225 -0.30952365 0.24026424
v -0.179710675 -0.29296662 0.24576235
v -0.190682275 -0.28485175 0.23579148
v -0.18990625 -0.2971877 0.23802786
v -0.200101825 -0.30140878 0.23029337
v -0.211073425 -0.29329391 0.2203225
v -0.0770802675 -0.19167833 0.289013155
v -0.0687115575 -0.18338286 0.292629765
v -0.080226375 -0.17905505 0.28440911
v -0.118530105 -0.1351520875 0.2173475525
v -0.1113192525 -0.1279413425 0.2188432675
v -0.1192001875 -0.118957385 0.200764315
v -0.102768235 -0.1531200025 0.2535054575
v -0.1034383175 -0.1369253 0.23692222
v -0.1041084 -0.1207305975 0.2203389825
v -0.1047784825 -0.104535895 0.203755745
v -0.18726035 -0.4088232475 0.221432895
v -0.1871441575 -0.396640555 0.2279386075
v -0.1984467225 -0.4021366075 0.2175516975
v -0.14291549 -0.343617995 0.2711713675
v -0.1416050275 -0.35540505 0.269949865
v -0.145536415 -0.320043885 0.2736143725
v -0.1442259525 -0.33183094 0.27239287
v -0.1548413475 -0.335141135 0.2653452425
v -0.166767205 -0.326664275 0.2595191175
v -0.1654567425 -0.33845133 0.258297615
v -0.00971061 -0.239719035 0.3182964875
v -0.0239037025 -0.24393696 0.3181860775
v -0.03036415 -0.226684345 0.3113569025
v -0.0445572425 -0.23090227 0.3112464925
v -0.0342304725 -0.237419615 0.314716285
v -0.038096795 -0.248154885 0.3180756675
v -0.0522898875 -0.25237281 0.3179652575
v -0.03506959 -0.3213719575 0.3147876875
v -0.02317434 -0.315676905 0.3164462825
v -0.03506959 -0.3097589275 0.316277355
v -0.01127909 -0.3332079125 0.3151255425
v 0.00061616 -0.32751286 0.3167841375
v -0.01127909 -0.3215948825 0.31661521
v -0.01127909 -0.3099818525 0.3181048775
v 0.00061616 -0.3042868 0.3197634725
v -0.01127909 -0.2983688225 0.319594545
v -0.192291365 -0.516063165 0.1013523575
v -0.20692253 -0.5222879225 0.0764549025
v -0.193837105 -0.5291738275 0.074692365
v -0.218462215 -0.502291355 0.1048774325
v -0.220007955 -0.5154020175 0.07821744
v -0.221553695 -0.52851268 0.0515574475
v -0.223099435 -0.5416233425 0.024897455
v -0.27223504 -0.5030876225 0.0504515075
v -0.2579340525 -0.4961031375 0.0771115
v -0.2700194775 -0.48981634 0.0742430225
v -0.1178394875 -0.151326365 0.23356039
v -0.1336013575 -0.13335845 0.197402485
v -0.1257204225 -0.1423424075 0.2154814375
v -0.13291074 -0.1495327275 0.2136153225
v -0.1479819925 -0.14773909 0.193670255
v -0.29373397 -0.3289082325 0.1331853725
v -0.2896558975 -0.342787295 0.1434428825
v -0.2808974925 -0.3335317825 0.151545505
v -0.3260396725 -0.3788348425 0.0966283575
v -0.3171293225 -0.37034116 0.1118077875
v -0.331012065 -0.3662667675 0.093197235
v -0.18256057 -0.200114175 0.1901854575
v -0.168387605 -0.2036131225 0.2082188275
v -0.17092283 -0.224067365 0.2106683525
v -0.162568735 -0.2155897175 0.218460275
v -0.15421464 -0.20711207 0.2262521975
v -0.11418242 -0.2668635925 0.286567625
v -0.121274685 -0.2739201075 0.2838283775
v -0.109654375 -0.27869087 0.2905872575
v -0.04133106 -0.40050123 0.27553262
v -0.0530986375 -0.3981828825 0.277142055
v -0.0518907775 -0.4094720425 0.268004155
v -0.04374678 -0.37792291 0.29380842
v -0.0543064975 -0.3868937225 0.286279955
v -0.064866215 -0.395864535 0.27875149
v -0.0754259325 -0.4048353475 0.271223025
v -0.1321704975 -0.417267775 0.2455202875
v -0.1200043925 -0.4163445375 0.2509064025
v -0.123691825 -0.4052867125 0.256674115
v -0.1247956325 -0.439383425 0.2339848625
v -0.11631696 -0.4274023625 0.24513869
v -0.1078382875 -0.4154213 0.2562925175
v -0.099359615 -0.4034402375 0.267446345
v -0.01077654 -0.346002855 0.3122074325
v -0.01077654 -0.3582696675 0.3078340925
v 0.00061616 -0.3513927025 0.31092113
v -0.03356194 -0.359756785 0.3060333575
v -0.03356194 -0.3720235975 0.3016600175
v -0.02216924 -0.3651466325 0.304747055
v -0.01077654 -0.37053648 0.3034607525
v -0.01077654 -0.3828032925 0.2990874125
v 0.00061616 -0.3759263275 0.30217445
v -0.07744946 -0.51163809 0.160927435
v -0.0739669975 -0.52368119 0.13600427
v -0.0655088025 -0.51482552 0.159507115
v -0.12449671 -0.50589414 0.15840346
v -0.1210056525 -0.51640675 0.1426303925
v -0.1127916475 -0.50623615 0.1627682575
v -0.01234247 -0.11539843 0.2646853125
v -0.01234247 -0.1272459475 0.2692127525
v 0.00061616 -0.1211376475 0.26867127
v -0.03825973 -0.12761503 0.2657682775
v -0.0253011 -0.1333542475 0.269754235
v -0.01234247 -0.139093465 0.2737401925
v 0.00061616 -0.1448326825 0.27772615
v -0.138566125 -0.4336962575 0.23163267
v -0.1422535575 -0.4226384325 0.2374003825
v -0.1523366175 -0.42800909 0.2292804775
v -0.10998103 -0.393781465 0.2681822275
v -0.120602445 -0.3841226925 0.26891811
v -0.122147135 -0.3947047025 0.2627961125
v 0.00061616 -0.2345108375 0.32176628
v -0.00971061 -0.2279934925 0.3182964875
v 0.00061616 -0.2110597525 0.32176628
v -0.00971061 -0.21626795 0.3182964875
v -0.02003738 -0.2214761475 0.314826695
v -0.0588265525 -0.23974506 0.310134245
v -0.05496023 -0.22900979 0.3067748625
v -0.0653632175 -0.22711731 0.3023032325
v -0.2125282075 -0.2300810325 0.176111415
v -0.202538995 -0.22009208 0.1808027625
v -0.2183470775 -0.2181044375 0.1658699675
v -0.1809120425 -0.2340563175 0.205977005
v -0.1867309125 -0.2220797225 0.1957355575
v -0.1925497825 -0.2101031275 0.18549411
v -0.1983686525 -0.1981265325 0.1752526625
v -0.156927835 -0.31101813 0.264330365
v -0.168319255 -0.301992375 0.2550463575
v -0.16754323 -0.314328325 0.2572827375
v -0.1761397 -0.366714975 0.246741295
v -0.18633133 -0.359348 0.239874985
v -0.1769683 -0.342221305 0.250561425
v -0.18674563 -0.347101165 0.24178505
v -0.19652296 -0.351981025 0.233008675
v -0.03406449 -0.3469618425 0.3089514675
v -0.04545719 -0.3538388075 0.30586443
v -0.02267179 -0.3400848775 0.312038505
v -0.03456704 -0.3341669 0.3118695775
v -0.04646229 -0.3282489225 0.31170065
v -0.0614591475 -0.072792155 0.216616295
v -0.05308213 -0.0644151375 0.2171115625
v -0.0594743425 -0.0592318625 0.2088024475
v -0.0486747225 -0.083158705 0.233234525
v -0.0466899175 -0.0695984125 0.2254206775
v -0.0447051125 -0.05603812 0.21760683
v -0.0427203075 -0.0424778275 0.2097929825
v -0.056000215 -0.34856778 0.3069947125
v -0.056502765 -0.3357728375 0.3099128225
v -0.06654324 -0.3432967525 0.308124995
v -0.0602716325 -0.4314289075 0.252001015
v -0.056081205 -0.420450475 0.260002585
v -0.0678487825 -0.4181321275 0.26161202
v -0.03235408 -0.3833127575 0.2925221175
v -0.03114622 -0.3946019175 0.2833842175
v -0.02096138 -0.388702605 0.291235815
v -0.1646281425 -0.362945 0.254477485
v -0.153116585 -0.359175025 0.262213675
v -0.1650424425 -0.350698165 0.25638755
v -0.36857644 -0.469062945 0
v -0.3541632025 -0.465131035 0.020411655
v -0.34233356 -0.488720655 0
v -0.3410417625 -0.47495989 0.020411655
v -0.339749965 -0.461199125 0.04082331
v -0.0445164725 -0.0996873175 0.24773517
v -0.033791805 -0.104924355 0.2533852175
v -0.0315578425 -0.0935790175 0.2471936875
v -0.0489843975 -0.1223779925 0.26011823
v -0.0360257675 -0.1162696925 0.2595767475
v -0.0230671375 -0.1101613925 0.259035265
v -0.0101085075 -0.1040530925 0.2584937825
v -0.0101085075 -0.0760278275 0.2423631975
v 0.00061616 -0.0672522325 0.2399479525
v -0.020833175 -0.0848034225 0.2447784425
v -0.0101085075 -0.09004046 0.25042849
v 0.00061616 -0.0952774975 0.2560785375
v -0.060571715 -0.1132784475 0.244853655
v -0.05610379 -0.0905877725 0.232470595
v -0.0583377525 -0.10193311 0.238662125
v -0.0721590325 -0.1041789025 0.22958908
v -0.08374635 -0.0950793575 0.214324505
v -0.016863565 -0.0301456425 0.2157731925
v -0.0256034275 -0.025360945 0.21037459
v 0.00061616 -0.0397150375 0.2265703975
v -0.0081237025 -0.03493034 0.221171795
v -0.0081237025 -0.0214057775 0.2158595325
v 0.00061616 -0.0126659125 0.2159458725
v -0.0081237025 -0.007881215 0.21054727
v -0.0254721825 -0.2909774 0.31961242
v -0.039665275 -0.2835859775 0.319630295
v -0.0373674325 -0.2966724525 0.317953825
v -0.0624960025 -0.0854044975 0.22416148
v -0.0752804275 -0.0750379475 0.20754325
v -0.068888215 -0.0802212225 0.215852365
v -0.0763172825 -0.08765029 0.215088435
v -0.0901385625 -0.0898960825 0.20601539
v -0.1707343425 -0.560677215 0.024897455
v -0.164560585 -0.5742013875 0
v -0.1830818575 -0.53362887 0.074692365
v -0.1769081 -0.5471530425 0.04979491
v -0.1807840175 -0.5578328425 0.024897455
v -0.1908336925 -0.55498847 0.024897455
v -0.184659935 -0.5685126425 0
v -0.168949645 -0.2471906375 0.2265638425
v -0.16267047 -0.2572311125 0.239918955
v -0.176641015 -0.2694839925 0.2378719275
v -0.166516155 -0.26837779 0.2455729975
v -0.156391295 -0.2672715875 0.2532740675
v -0.2555534025 -0.2918932775 0.1648411225
v -0.252673805 -0.306473445 0.17574716
v -0.2431654025 -0.2986272375 0.1843920975
v -0.2163738925 -0.24122771 0.1817654575
v -0.20056581 -0.2432153525 0.1966982525
v -0.1924490975 -0.26749635 0.2229391325
v -0.1886034125 -0.2563496725 0.21728509
v -0.1847577275 -0.245202995 0.2116310475
v -0.20158894 -0.5505334275 0.024897455
v -0.2054648575 -0.5612132275 0
v -0.1977130225 -0.5398536275 0.04979491
v -0.2123441875 -0.546078385 0.024897455
v -0.2269753525 -0.5523031425 0
v -0.20547721 -0.49672275 0.1218552825
v -0.192391785 -0.503608655 0.120092745
v -0.192492205 -0.491154145 0.1388331325
v -0.21460707 -0.25858311 0.194617805
v -0.2128402475 -0.27593851 0.2074701525
v -0.2026446725 -0.27171743 0.2152046425
v -0.547395685 -0.007321015 0.1213347775
v -0.539017405 -0.0187525175 0.1344710975
v -0.53453397 -0.0105728525 0.14228058
v -0.556362555 -0.023680345 0.1057158125
v -0.547984275 -0.0351118475 0.1188521325
v -0.54350084 -0.0269321825 0.126661615
v -0.530639125 -0.03018402 0.1476074175
v -0.522260845 -0.0416155225 0.1607437375
v -0.51777741 -0.0334358575 0.16855322
v -0.454322685 -0.2157968625 0.165725275
v -0.4662417075 -0.2166380825 0.151007675
v -0.4598912925 -0.22878213 0.15079277
v -0.467023515 -0.1915087675 0.166155085
v -0.4789425375 -0.1923499875 0.151437485
v -0.4725921225 -0.204494035 0.15122258
v -0.47816073 -0.2174793025 0.136290075
v -0.4900797525 -0.2183205225 0.121572475
v -0.4837293375 -0.23046457 0.12135757
v -0.307950835 -0.14606954 0.2713779925
v -0.2978188775 -0.1473363625 0.2697145875
v -0.3068446325 -0.1359449425 0.278998595
v -0.289899325 -0.16885238 0.2528099775
v -0.2797673675 -0.1701192025 0.2511465725
v -0.2887931225 -0.1587277825 0.26043058
v -0.28768692 -0.148603185 0.2680511825
v -0.2775549625 -0.1498700075 0.2663877775
v -0.2865807175 -0.1384785875 0.275671785
v -0.1066670175 -0.0857378325 0.218063065
v -0.122861825 -0.08506775 0.22879565
v -0.1137624375 -0.0966550675 0.215984045
v -0.1248657925 -0.0625631975 0.243686275
v -0.1410606 -0.061893115 0.25441886
v -0.1319612125 -0.0734804325 0.241607255
v -0.1390566325 -0.0843976675 0.239528235
v -0.15525144 -0.083727585 0.25026082
v -0.1461520525 -0.0953149025 0.237449215
v -0.48413286 -0.134804035 0.184413085
v -0.4844748675 -0.1230990775 0.1887778825
v -0.4956244375 -0.1277449725 0.1741765275
v -0.46183372 -0.125512245 0.213615795
v -0.4621757275 -0.1138072875 0.2179805925
v -0.4733252975 -0.1184531825 0.2033792375
v -0.484816875 -0.11139412 0.19314268
v -0.4851588825 -0.0996891625 0.1975074775
v -0.4963084525 -0.1043350575 0.1829061225
v -0.4128847575 -0.222505585 0.193840285
v -0.4167714525 -0.23631735 0.17958781
v -0.405075615 -0.234505575 0.189031115
v -0.4362764325 -0.226129135 0.174953675
v -0.4401631275 -0.2399409 0.1607012
v -0.42846729 -0.238129125 0.170144505
v -0.4206581475 -0.250129115 0.165335335
v -0.4245448425 -0.26394088 0.15108286
v -0.412849005 -0.262129105 0.160526165
v -0.477573185 -0.291977135 0.08888328
v -0.470885495 -0.3030160325 0.0789781625
v -0.46381242 -0.2906853375 0.1086059225
v -0.491719335 -0.316638525 0.02962776
v -0.485031645 -0.3276774225 0.0197226425
v -0.47795857 -0.3153467275 0.0493504025
v -0.464197805 -0.31405493 0.069073045
v -0.457510115 -0.3250938275 0.0591679275
v -0.45043704 -0.3127631325 0.0887956875
v -0.3441369225 -0.3259368875 0.0959589825
v -0.3539415925 -0.3357415575 0.08760594
v -0.3245275825 -0.3063275475 0.1126650675
v -0.3343322525 -0.3161322175 0.104312025
v -0.348211315 -0.312054145 0.1124093625
v -0.3522857075 -0.2981714025 0.1288597425
v -0.3620903775 -0.3079760725 0.1205067
v -0.5933435925 -0.0665206075 0
v -0.58073556 -0.07329526 0.0283651175
v -0.5826469675 -0.0583762925 0.0283651175
v -0.5895207775 -0.0963585425 0
v -0.576912745 -0.103133195 0.0283651175
v -0.5788241525 -0.0882142275 0.0283651175
v -0.5681275275 -0.0800699125 0.056730235
v -0.555519495 -0.086844565 0.0850953525
v -0.5574309025 -0.0719255975 0.0850953525
v -0.28748634 -0.0839260875 0.3040862475
v -0.292527345 -0.0722907925 0.307399495
v -0.300572815 -0.081628245 0.3046790175
v -0.2713954 -0.0652511825 0.3095272025
v -0.276436405 -0.0536158875 0.31284045
v -0.284481875 -0.06295334 0.3101199725
v -0.29756835 -0.0606554975 0.3107127425
v -0.302609355 -0.0490202025 0.31402599
v -0.310654825 -0.058357655 0.3113055125
v -0.4864743375 -0.0836331825 0.1982498
v -0.489661505 -0.0716924975 0.196854455
v -0.4998376275 -0.080689415 0.185875575
v -0.4661220925 -0.0656393475 0.22020756
v -0.46930926 -0.0536986625 0.218812215
v -0.4794853825 -0.06269558 0.207833335
v -0.4928486725 -0.0597518125 0.19545911
v -0.49603584 -0.0478111275 0.194063765
v -0.5062119625 -0.056808045 0.183084885
v -0.5637637 -0.16044176 0.028502105
v -0.5537750125 -0.1532464475 0.0556512675
v -0.5672989225 -0.1470726875 0.0271491625
v -0.53671588 -0.17278928 0.085506315
v -0.5267271925 -0.1655939675 0.1126554775
v -0.5402511025 -0.1594202075 0.0841533725
v -0.543786325 -0.146051135 0.08280043
v -0.5337976375 -0.1388558225 0.1099495925
v -0.5473215475 -0.1326820625 0.0814474875
v -0.3595409575 -0.1187982675 0.2880057925
v -0.36919973 -0.1081769575 0.28508253
v -0.3737825325 -0.11881496 0.2830810075
v -0.3503753525 -0.0975222625 0.2920088375
v -0.360034125 -0.0869009525 0.289085575
v -0.3646169275 -0.097538955 0.2870840525
v -0.3788585025 -0.0975556475 0.2821592675
v -0.388517275 -0.0869343375 0.279236005
v -0.3931000775 -0.09757234 0.2772344825
v -0.20454451 -0.07369168 0.2871915975
v -0.2064367275 -0.0632886925 0.291463045
v -0.2147321975 -0.0716574025 0.2950727675
v -0.18795357 -0.05695426 0.2799721525
v -0.1898457875 -0.0465512725 0.2842436
v -0.1981412575 -0.0549199825 0.2878533225
v -0.208328945 -0.052885705 0.2957344925
v -0.2102211625 -0.0424827175 0.30000594
v -0.2185166325 -0.0508514275 0.3036156625
v -0.371600095 -0.2636745825 0.1722228225
v -0.360532545 -0.2650560225 0.171414465
v -0.36234432 -0.25491644 0.1831697125
v -0.367976545 -0.2839537475 0.1487123275
v -0.356908995 -0.2853351875 0.14790397
v -0.35872077 -0.275195605 0.1596592175
v -0.349464995 -0.2664374625 0.1706061075
v -0.338397445 -0.2678189025 0.16979775
v -0.34020922 -0.25767932 0.1815529975
v -0.52716226 -0.1172725875 0.1282652175
v -0.5290347625 -0.1055759625 0.1294811725
v -0.5392053625 -0.113790125 0.109812605
v -0.50682106 -0.1008442625 0.1676023525
v -0.5086935625 -0.0891476375 0.1688183075
v -0.5188641625 -0.0973618 0.14914974
v -0.530907265 -0.0938793375 0.1306971275
v -0.5327797675 -0.0821827125 0.1319130825
v -0.5429503675 -0.090396875 0.112244515
v -0.454630515 -0.07269841 0.2304441175
v -0.441333735 -0.08027556 0.2412253125
v -0.44264919 -0.06421958 0.241967635
v -0.451999605 -0.10481037 0.2289594725
v -0.438702825 -0.11238752 0.2397406675
v -0.44001828 -0.09633154 0.24048299
v -0.428036955 -0.08785271 0.2520065075
v -0.414740175 -0.09542986 0.2627877025
v -0.41605563 -0.07937388 0.263530025
v -0.54882865 -0.06699019 0.109571935
v -0.5614366825 -0.0602155375 0.0812068175
v -0.55684021 -0.04357007 0.101794865
v -0.5694482425 -0.0367954175 0.0734297475
v -0.5654424625 -0.0485054775 0.0773182825
v -0.574044715 -0.053440885 0.0528417
v -0.5866527475 -0.0466662325 0.0244765825
v -0.453726205 -0.01351662 0.2405039125
v -0.4425358875 -0.01351662 0.25313879
v -0.47610684 -0.01351662 0.2152341575
v -0.4649165225 -0.01351662 0.227869035
v -0.4581962325 -0.02789189 0.2331864625
v -0.46266626 -0.04226716 0.2258690125
v -0.4514759425 -0.04226716 0.23850389
v -0.51738782 -0.29862461 0
v -0.504116275 -0.296408785 0.02962776
v -0.510314745 -0.286293915 0.02962776
v -0.50499088 -0.31885435 0
v -0.497917805 -0.306523655 0.02962776
v -0.49084473 -0.29419296 0.05925552
v -0.483771655 -0.281862265 0.08888328
v -0.3014834375 -0.1255912975 0.2841745375
v -0.311615395 -0.124324475 0.2858379425
v -0.2812195225 -0.1281249425 0.2808477275
v -0.29135148 -0.12685812 0.2825111325
v -0.2961222425 -0.1152376525 0.28935048
v -0.2907610475 -0.1048840075 0.2945264225
v -0.300893005 -0.103617185 0.2961898275
v -0.2254674675 -0.075523725 0.29616291
v -0.23431315 -0.0828524525 0.29478439
v -0.2216856625 -0.0893891175 0.2894228
v -0.2507224425 -0.062450395 0.30688609
v -0.259568125 -0.0697791225 0.30550757
v -0.2469406375 -0.0763157875 0.30014598
v -0.2431588325 -0.09018118 0.29340587
v -0.252004515 -0.0975099075 0.29202735
v -0.2393770275 -0.1040465725 0.28666576
v -0.489805305 -0.1494286275 0.168951295
v -0.478655735 -0.1447827325 0.18355265
v -0.478851055 -0.1693860225 0.167230425
v -0.467701485 -0.1647401275 0.18183178
v -0.47317861 -0.15476143 0.182692215
v -0.467506165 -0.1401368375 0.198154005
v -0.456356595 -0.1354909425 0.21275536
v -0.51951269 -0.0105728525 0.1624736975
v -0.50275613 -0.0334358575 0.1887463375
v -0.51113441 -0.022004355 0.1756100175
v -0.50449141 -0.0105728525 0.182666815
v -0.48947013 -0.0105728525 0.2028599325
v -0.0391279875 -0.025360945 0.2156868525
v -0.05268828 -0.02734575 0.2235007
v -0.0479035825 -0.036085615 0.2181020975
v -0.0486973825 -0.007881215 0.2264840575
v -0.062257675 -0.00986602 0.234297905
v -0.0574729775 -0.018605885 0.2288993025
v -0.0662485725 -0.029330555 0.2313145475
v -0.079808865 -0.03131536 0.239128395
v -0.0750241675 -0.040055225 0.2337297925
v -0.4570590075 -0.2787200475 0.1254517025
v -0.4514270475 -0.265793665 0.137201535
v -0.46486815 -0.2667200575 0.1302608725
v -0.4301768025 -0.2768672625 0.1393330275
v -0.437985945 -0.2648672725 0.1441421975
v -0.4457950875 -0.2528672825 0.1489513675
v -0.45360423 -0.2408672925 0.1537605375
v -0.423144215 -0.410585605 0.01117796
v -0.4321013575 -0.40009797 0.01117796
v -0.4326055625 -0.412917885 0
v -0.422135805 -0.384945775 0.03353388
v -0.4310929475 -0.37445814 0.03353388
v -0.4315971525 -0.387278055 0.02235592
v -0.4410585 -0.389610335 0.01117796
v -0.4500156425 -0.3791227 0.01117796
v -0.4505198475 -0.391942615 0
v -0.4382199125 -0.3358829875 0.0703458875
v -0.4273171875 -0.337366425 0.07810114
v -0.432846625 -0.3252854675 0.0866458225
v -0.4271610375 -0.3600449025 0.0532565225
v -0.4162583125 -0.36152834 0.061011775
v -0.42178775 -0.3494473825 0.0695564575
v -0.4164144625 -0.3388498625 0.0858563925
v -0.4055117375 -0.3403333 0.093611645
v -0.411041175 -0.3282523425 0.1021563275
v -0.2392708225 -0.1514904075 0.2511104525
v -0.2493112975 -0.1452112325 0.259683
v -0.246327335 -0.158582935 0.2482907375
v -0.2452387475 -0.1247470025 0.2738949775
v -0.2552792225 -0.1184678275 0.282467525
v -0.25229526 -0.13183953 0.2710752625
v -0.2593517725 -0.1389320575 0.2682555475
v -0.2693922475 -0.1326528825 0.276828095
v -0.266408285 -0.146024585 0.2654358325
v -0.4336226475 -0.16217704 0.2211605725
v -0.44498226 -0.1630314025 0.208050975
v -0.4392950925 -0.1768016325 0.2056987825
v -0.4449969825 -0.13463658 0.2258649575
v -0.4506694275 -0.1492611725 0.2104031675
v -0.4563418725 -0.163885765 0.1949413775
v -0.4620143175 -0.1785103575 0.1794795875
v -0.5419648225 -0.25024321 0
v -0.5288541625 -0.2486977325 0.0266599925
v -0.53498034 -0.2359422225 0.0266599925
v -0.5297124675 -0.27575423 0
v -0.5166018075 -0.2742087525 0.0266599925
v -0.522727985 -0.2614532425 0.0266599925
v -0.5157435025 -0.247152255 0.053319985
v -0.5026328425 -0.2456067775 0.0799799775
v -0.50875902 -0.2328512675 0.0799799775
v -0.266934045 -0.24756971 0.1598738
v -0.2775552225 -0.25819115 0.1531751725
v -0.24569169 -0.22632683 0.173271055
v -0.2563128675 -0.23694827 0.1665724275
v -0.2736682675 -0.23518171 0.1786648625
v -0.28040249 -0.22279371 0.197455925
v -0.2910236675 -0.23341515 0.1907572975
v -0.39164503 -0.3208251675 0.116672955
v -0.3957943425 -0.30737644 0.1257634825
v -0.4042877625 -0.3162870525 0.1190021075
v -0.37465819 -0.3030039425 0.130195705
v -0.3788075025 -0.289555215 0.1392862325
v -0.3873009225 -0.2984658275 0.1325248575
v -0.399943655 -0.2939277125 0.13485401
v -0.4040929675 -0.280478985 0.1439445375
v -0.4125863875 -0.2893895975 0.1371831625
v -0.4026255675 -0.354987335 0.0748435225
v -0.39725228 -0.344389815 0.0911434575
v -0.4133721425 -0.376182375 0.0422436525
v -0.407998855 -0.365584855 0.0585435875
v -0.3997393975 -0.36964137 0.0560754
v -0.3968532275 -0.384295405 0.0373072775
v -0.39147994 -0.373697885 0.0536072125
v -0.59835121 -0.0122564225 0
v -0.5887168875 -0.0204360875 0.0244765825
v -0.5897489575 -0.007321015 0.0244765825
v -0.59628707 -0.0384865675 0
v -0.5876848175 -0.03355116 0.0244765825
v -0.579082565 -0.0286157525 0.048953165
v -0.5704803125 -0.023680345 0.0734297475
v -0.52328503 -0.1423466175 0.1252533625
v -0.5268202525 -0.128977545 0.12390042
v -0.516214585 -0.1690847625 0.1279592475
v -0.5197498075 -0.15571569 0.126606305
v -0.5127724225 -0.1458374125 0.1405571325
v -0.502259815 -0.1493282075 0.1558609025
v -0.5057950375 -0.135959135 0.15450796
v -0.3342901925 -0.248357825 0.190719425
v -0.3453577425 -0.246976385 0.1915277825
v -0.3445872375 -0.226951955 0.210668995
v -0.3556547875 -0.225570515 0.2114773525
v -0.350506265 -0.23627345 0.2015025675
v -0.3564252925 -0.245594945 0.19233614
v -0.3674928425 -0.244213505 0.1931444975
v -0.313138 -0.080033425 0.302840165
v -0.308096995 -0.09166872 0.2995269175
v -0.32322001 -0.056762835 0.30946666
v -0.318179005 -0.06839813 0.3061534125
v -0.325703185 -0.078438605 0.3010013125
v -0.33826837 -0.076843785 0.29916246
v -0.333227365 -0.08847908 0.2958492125
v -0.2367611 -0.116392645 0.2769848025
v -0.2279154175 -0.1090639175 0.2783633225
v -0.21383788 -0.126427335 0.2603799275
v -0.2049921975 -0.1190986075 0.2617584475
v -0.2164538075 -0.1140812625 0.270060885
v -0.219069735 -0.10173519 0.2797418425
v -0.2102240525 -0.0944064625 0.2811203625
v -0.1739740875 -0.0362245 0.2796321425
v -0.1789535775 -0.02386345 0.2876459625
v -0.18463759 -0.0362245 0.28437625
v -0.1626060625 -0.0115024 0.2861715675
v -0.173269565 -0.0115024 0.290915675
v -0.1839330675 -0.0115024 0.2956597825
v -0.19459657 -0.0115024 0.30040389
v -0.3817982975 -0.36401598 0.06268633
v -0.3624350125 -0.34465217 0.080844565
v -0.372116655 -0.354334075 0.0717654475
v -0.3846844675 -0.349361945 0.0814544525
v -0.3875706375 -0.33470791 0.100222575
v -0.4059047425 -0.2703394025 0.155699785
v -0.4020180475 -0.2565276375 0.16995226
v -0.3842428275 -0.2591364675 0.174551975
v -0.3803561325 -0.2453247025 0.18880445
v -0.39118709 -0.25092617 0.179378355
v -0.3981313525 -0.2427158725 0.184204735
v -0.3942446575 -0.2289041075 0.19845721
v -0.5756312 -0.007321015 0.0567626475
v -0.5659968775 -0.01550068 0.08123923
v -0.5615134425 -0.007321015 0.0890487125
v -0.543978495 -0.0468219075 0.1227406675
v -0.535966935 -0.0702420275 0.1305177375
v -0.539972715 -0.0585319675 0.1266292025
v -0.53111678 -0.050073745 0.14368647
v -0.518255065 -0.0533255825 0.1646322725
v -0.4503713175 -0.289758945 0.115546585
v -0.4369959375 -0.31183674 0.09573635
v -0.4436836275 -0.3007978425 0.1056414675
v -0.436930215 -0.2888325525 0.1224872475
v -0.4234891125 -0.28790616 0.12942791
v -0.4143805525 -0.401822205 0.0198877325
v -0.40561689 -0.393058805 0.028597505
v -0.4138763475 -0.38900229 0.0310656925
v -0.3367412925 -0.2174435525 0.217869925
v -0.3318616975 -0.207666485 0.2258268525
v -0.344856165 -0.2064719525 0.2286007075
v -0.3107523575 -0.2198326175 0.212322215
v -0.3058727625 -0.21005555 0.2202791425
v -0.31886723 -0.2088610175 0.2230529975
v -0.3269821025 -0.1978894175 0.23378378
v -0.3221025075 -0.18811235 0.2417407075
v -0.335096975 -0.1869178175 0.2445145625
v -0.32418058 -0.122729655 0.28399909
v -0.3359673725 -0.1214191925 0.2853346575
v -0.3287633825 -0.1333676575 0.2819975675
v -0.33858856 -0.098832725 0.29067327
v -0.3431713625 -0.1094707275 0.2886717475
v -0.347754165 -0.12010873 0.286670225
v -0.3523369675 -0.1307467325 0.2846687025
v -0.2047842575 -0.0094681225 0.30828506
v -0.1998047675 -0.0218291725 0.30027124
v -0.2152006525 -0.0301216675 0.30801976
v -0.205012965 -0.032155945 0.30013859
v -0.1948252775 -0.0341902225 0.29225742
v -0.1569659475 -0.1398582625 0.205898555
v -0.1687669375 -0.13398708 0.2209668925
v -0.1669733 -0.1490582275 0.2068724775
v -0.1605532225 -0.1097159675 0.234087385
v -0.1723542125 -0.103844785 0.2491557225
v -0.170560575 -0.1189159325 0.2350613075
v -0.1805679275 -0.1281158975 0.23603523
v -0.1923689175 -0.122244715 0.2511035675
v -0.19057528 -0.1373158625 0.2370091525
v -0.38470077 -0.186786115 0.23444432
v -0.37733353 -0.1969774825 0.2283974575
v -0.37183748 -0.1856749175 0.2387843675
v -0.39569287 -0.209391245 0.2136705
v -0.38832563 -0.2195826125 0.2076236375
v -0.38282958 -0.2082800475 0.2180105475
v -0.36996629 -0.20716885 0.222350595
v -0.36259905 -0.2173602175 0.2163037325
v -0.357103 -0.2060576525 0.2266906425
v -0.2854011675 -0.2676995525 0.1459742425
v -0.2953580475 -0.27765617 0.1385201475
v -0.3145615025 -0.2619403575 0.1691545075
v -0.3245183825 -0.271896975 0.1617004125
v -0.309938215 -0.2747765725 0.15011028
v -0.3053149275 -0.2876127875 0.1310660525
v -0.3152718075 -0.297569405 0.1236119575
v -0.5499019875 -0.12193444 0.0814474875
v -0.559890675 -0.1291297525 0.054298325
v -0.5750402425 -0.11482982 0.0271491625
v -0.58502893 -0.1220251325 0
v -0.5724598025 -0.1255774425 0.0271491625
v -0.5698793625 -0.136325065 0.0271491625
v -0.57986805 -0.1435203775 0
v -0.491305565 -0.1692856025 0.1541400325
v -0.48582844 -0.1792643 0.1532795975
v -0.49678269 -0.159306905 0.1550004675
v -0.503760075 -0.1691851825 0.14104964
v -0.51073746 -0.17906346 0.1270988125
v -0.44768126 -0.3382152675 0.0591679275
v -0.4421518225 -0.350296225 0.050623245
v -0.45554508 -0.3670417425 0.0197226425
v -0.4460837325 -0.3647094625 0.0309006025
v -0.436622385 -0.3623771825 0.0420785625
v -0.4360274825 -0.0237014625 0.2583210925
v -0.431557455 -0.0093261925 0.2656385425
v -0.4449675375 -0.0524520025 0.2436861925
v -0.44049751 -0.0380767325 0.2510036425
v -0.4295190775 -0.033886305 0.263503395
v -0.4230106725 -0.0440711475 0.2686856975
v -0.418540645 -0.0296958775 0.2760031475
v -0.17533029 -0.0601003675 0.2693172725
v -0.16390706 -0.06069795 0.264351135
v -0.16823487 -0.0491831325 0.2713962925
v -0.16667467 -0.0831300025 0.2552269575
v -0.15957925 -0.0722127675 0.2573059775
v -0.15248383 -0.0612955325 0.2593849975
v -0.14538841 -0.0503782975 0.2614640175
v -0.1625508575 -0.0368220825 0.274666005
v -0.1397043975 -0.0380172475 0.26473373
v -0.1511276275 -0.037419665 0.2696998675
v -0.156866845 -0.0244610325 0.2779357175
v -0.1511828325 -0.0120999825 0.28120543
v -0.3758464125 -0.0552718775 0.29860828
v -0.37057565 -0.0658149025 0.295434045
v -0.3616048375 -0.055255185 0.303533065
v -0.3937880375 -0.0763913125 0.28241024
v -0.3795464625 -0.07637462 0.287335025
v -0.3653048875 -0.0763579275 0.29225981
v -0.3510633125 -0.076341235 0.297184595
v -0.3747060325 -0.1309809575 0.278119735
v -0.3784762725 -0.1424927775 0.267826475
v -0.367894 -0.14094809 0.27571101
v -0.3958705775 -0.1340703325 0.262350665
v -0.3996408175 -0.1455821525 0.252057405
v -0.389058545 -0.144037465 0.25994194
v -0.3822465125 -0.1540045975 0.257533215
v -0.3860167525 -0.1655164175 0.247239955
v -0.37543448 -0.16397173 0.25512449
v -0.283704535 -0.09779148 0.2973461375
v -0.275659065 -0.0884540275 0.300066615
v -0.260049985 -0.10684736 0.2893068725
v -0.26383179 -0.0929819675 0.2960469825
v -0.267613595 -0.079116575 0.3027870925
v -0.1976007725 -0.09755257 0.2704654825
v -0.2002167 -0.0852064975 0.28014644
v -0.194984845 -0.1098986425 0.260784525
v -0.1849774925 -0.1006986775 0.2598106025
v -0.17497014 -0.0914987125 0.25883668
v -0.374437105 -0.2360032075 0.1979708775
v -0.3685180775 -0.2266817125 0.207137305
v -0.3813813675 -0.22779291 0.2027972575
v -0.3185983025 -0.22934102 0.205121285
v -0.305603835 -0.2305355525 0.20234743
v -0.33159277 -0.2281464875 0.20789514
v -0.3264442475 -0.2388494225 0.197920355
v -0.321295725 -0.2495523575 0.18794557
v -0.3824310525 -0.26927605 0.1627967275
v -0.39326201 -0.2748775175 0.1533706325
v -0.3806192775 -0.2794156325 0.15104148
v -0.40787556 -0.209507175 0.2071647875
v -0.4195713975 -0.21131895 0.1977214825
v -0.42124884 -0.187133905 0.2149271825
v -0.4329446775 -0.18894568 0.2054838775
v -0.4262580375 -0.200132315 0.20160268
v -0.431267235 -0.213130725 0.1882781775
v -0.4429630725 -0.2149425 0.1788348725
v -0.4655232525 -0.2417085125 0.1390429375
v -0.4893612975 -0.2433909525 0.1096077375
v -0.477442275 -0.2425497325 0.1243253375
v -0.4711552125 -0.254634895 0.127293105
v -0.4767871725 -0.2675612775 0.1155432725
v -0.48274984 -0.0249481225 0.20817736
v -0.48939284 -0.036379625 0.2011205625
v -0.47602955 -0.0393233925 0.2134947875
v -0.4193398 -0.3013548875 0.1203373825
v -0.4260932125 -0.3133201775 0.1034916025
v -0.4151904875 -0.314803615 0.111246855
v -0.5643436175 -0.106685505 0.05551428
v -0.55177449 -0.110237815 0.0826634425
v -0.5536469925 -0.09854119 0.0838793975
v -0.41915 -0.0093261925 0.27497476
v -0.40613319 -0.0296958775 0.285339365
v -0.412641595 -0.019511035 0.2801570625
v -0.406742545 -0.0093261925 0.2843109775
v -0.39433509 -0.0093261925 0.293647195
v -0.4556639025 -0.190654405 0.1792646825
v -0.4493134875 -0.2027984525 0.1790497775
v -0.44430429 -0.1898000425 0.19237428
v -0.47498276 -0.090692245 0.2084863575
v -0.4634911825 -0.0977513075 0.218722915
v -0.4648066375 -0.0816953275 0.2194652375
v -0.41575279 -0.17583134 0.2253140925
v -0.4103821325 -0.1657482775 0.23422853
v -0.4225648225 -0.1658642075 0.2277228175
v -0.39138741 -0.17559948 0.2383255175
v -0.3981994425 -0.1656323475 0.2407342425
v -0.405011475 -0.155665215 0.2431429675
v -0.4118235075 -0.1456980825 0.2455516925
v -0.318819385 -0.11237601 0.2891750325
v -0.31345819 -0.102022365 0.294350975
v -0.326023375 -0.100427545 0.2925121225
v -0.262305765 -0.013334445 0.3114727075
v -0.250696155 -0.013334445 0.3077290725
v -0.285524985 -0.013334445 0.3189599775
v -0.273915375 -0.013334445 0.3152163425
v -0.26652369 -0.02752754 0.31297891
v -0.270741615 -0.041720635 0.3144851125
v -0.259132005 -0.041720635 0.3107414775
v -0.1752750825 -0.15736027 0.203907445
v -0.1988770625 -0.145617905 0.23404412
v -0.1870760725 -0.1514890875 0.2189757825
v -0.183576865 -0.1656623125 0.2009424125
v -0.1918786475 -0.173964355 0.19797738
v -0.2223155275 -0.1347816925 0.2572901025
v -0.2108539175 -0.1397990375 0.248987665
v -0.2337771375 -0.1297643475 0.26559254
v -0.230793175 -0.14313605 0.2542002775
v -0.2278092125 -0.1565077525 0.242808015
v -0.29353681 -0.2108313125 0.2180427625
v -0.3016516825 -0.1998597125 0.228773545
v -0.28509465 -0.1904396375 0.2350315675
v -0.2932095225 -0.1794680375 0.24576235
v -0.2974306025 -0.189663875 0.2372679475
v -0.309766555 -0.1888881125 0.2395043275
v -0.3178814275 -0.1779165125 0.25023511
v -0.17929795 -0.079983895 0.2658818375
v -0.18362576 -0.0684690775 0.272926995
v -0.19192123 -0.0768377875 0.2765367175
v -0.12097329 -0.1038658125 0.21448833
v -0.153362905 -0.1025256475 0.2359535
v -0.1371680975 -0.10319573 0.225220915
v -0.1281841425 -0.1110765575 0.212992615
v -0.135394995 -0.1182873025 0.2114969
v -0.40237951 -0.19820461 0.2175516975
v -0.39688346 -0.186902045 0.2279386075
v -0.40906615 -0.187017975 0.221432895
v -0.3269071825 -0.1665250925 0.2595191175
v -0.3353837775 -0.1545989725 0.2679023125
v -0.338693975 -0.16521463 0.260854685
v -0.3202867875 -0.1452937775 0.2736143725
v -0.33207358 -0.143983315 0.27494994
v -0.3438603725 -0.1426728525 0.2762855075
v -0.355647165 -0.14136239 0.277621075
v -0.25261466 -0.0520474075 0.3111575375
v -0.248396735 -0.0378543125 0.309651335
v -0.23114412 -0.0443147625 0.3089772525
v -0.226926195 -0.0301216675 0.30747105
v -0.237661465 -0.03398799 0.3085611925
v -0.24417881 -0.0236612175 0.3081451325
v -0.239960885 -0.0094681225 0.30663893
v -0.31022449 -0.0110366025 0.3180770125
v -0.29861146 -0.0110366025 0.3195527475
v -0.33345055 -0.0110366025 0.3151255425
v -0.32183752 -0.0110366025 0.3166012775
v -0.31591928 -0.022931855 0.31643235
v -0.32161407 -0.0348271075 0.3147876875
v -0.31000104 -0.0348271075 0.3162634225
v -0.5287555825 -0.2213110575 0.0551620975
v -0.5418662425 -0.222856535 0.028502105
v -0.5025342625 -0.2182201025 0.1084820825
v -0.5156449225 -0.21976558 0.08182209
v -0.522530825 -0.2066798925 0.0836642025
v -0.5163060675 -0.1920487275 0.1121663075
v -0.5294167275 -0.193594205 0.085506315
v -0.4900587175 -0.2697771025 0.0859155125
v -0.49634578 -0.25769194 0.082947745
v -0.5033302625 -0.2719929275 0.0562877525
v -0.14977563 -0.1326679425 0.20776467
v -0.1425853125 -0.1254776225 0.209630785
v -0.1515692675 -0.117596795 0.221859085
v -0.3337741575 -0.2806551175 0.1507535225
v -0.3430299325 -0.28941326 0.1398066325
v -0.32915087 -0.2934913325 0.131709295
v -0.366509405 -0.3307694275 0.097294945
v -0.3705837975 -0.316886685 0.113745325
v -0.3790772175 -0.3257972975 0.10698395
v -0.20735471 -0.1539722625 0.230954295
v -0.224310005 -0.1706809775 0.224774645
v -0.2158323575 -0.16232662 0.22786447
v -0.2038555025 -0.1681454875 0.212920925
v -0.200356295 -0.1823187125 0.194887555
v -0.2789337725 -0.1094119475 0.29050679
v -0.27416301 -0.121032415 0.2836674425
v -0.2671064975 -0.1139398875 0.2864871575
v -0.396106385 -0.064623735 0.2841287975
v -0.4050771975 -0.0751834525 0.2760297775
v -0.37816476 -0.0435043 0.3003268375
v -0.3871355725 -0.0540640175 0.2922278175
v -0.3984247325 -0.0528561575 0.285847355
v -0.40074308 -0.04108858 0.2875659125
v -0.4097138925 -0.0516482975 0.2794668925
v -0.415663675 -0.1075958575 0.25782643
v -0.40368235 -0.0991170275 0.2693499475
v -0.439626325 -0.1245535175 0.234779395
v -0.427645 -0.1160746875 0.2463029125
v -0.416587175 -0.119761855 0.2528651575
v -0.417510675 -0.1319278525 0.247903885
v -0.40552935 -0.1234490225 0.2594274025
v -0.38304593 -0.0105340525 0.3000276575
v -0.3707791175 -0.0105340525 0.3044009975
v -0.37226571 -0.0333194575 0.3044807525
v -0.3599988975 -0.0333194575 0.3088540925
v -0.3653890075 -0.021926755 0.306627545
v -0.358512305 -0.0105340525 0.3087743375
v -0.3462454925 -0.0105340525 0.3131476775
v -0.5150678975 -0.0652662675 0.1660276175
v -0.5239238325 -0.07372449 0.14897035
v -0.51188073 -0.0772069525 0.1674229625
v -0.5064790525 -0.11254922 0.163237555
v -0.5166496525 -0.1207633825 0.1435689875
v -0.506137045 -0.1242541775 0.1588727575
v -0.139335315 -0.0120999825 0.2748810675
v -0.12785688 -0.0380172475 0.2584093675
v -0.1335960975 -0.025058615 0.2666452175
v -0.1274877975 -0.0120999825 0.268556705
v -0.11564028 -0.0120999825 0.2622323425
v -0.42825199 -0.1520939775 0.23007501
v -0.4228813325 -0.142010915 0.2389894475
v -0.4339391575 -0.1383237475 0.2324272025
v -0.3949470775 -0.121904335 0.2673119375
v -0.384364805 -0.1203596475 0.2751964725
v -0.3940235775 -0.1097383375 0.27227321
v -0.2217179975 -0.019794895 0.3076037
v -0.2165098 -0.0094681225 0.30773635
v -0.2282353425 -0.0094681225 0.30718764
v -0.227359685 -0.0651207375 0.3004343575
v -0.2292519025 -0.05471775 0.304705805
v -0.2399871725 -0.0585840725 0.3057959475
v -0.2103455075 -0.192307665 0.1901962075
v -0.2342992175 -0.18066993 0.2200832975
v -0.2223223625 -0.1864887975 0.2051397525
v -0.22033472 -0.2022966175 0.18550486
v -0.2303239325 -0.21228557 0.1808135125
v -0.31457123 -0.167300855 0.2572827375
v -0.3022352775 -0.1680766175 0.2550463575
v -0.3112610325 -0.1566851975 0.264330365
v -0.352223405 -0.196280585 0.23464757
v -0.342464215 -0.17672645 0.250561425
v -0.34734381 -0.1865035175 0.2426044975
v -0.359590645 -0.1860892175 0.2406944325
v -0.366957885 -0.17589785 0.246741295
v -0.3344090125 -0.0343245575 0.3128098225
v -0.3284907725 -0.04621981 0.312640895
v -0.3403272525 -0.022429305 0.31297875
v -0.347203955 -0.0338220075 0.3108319575
v -0.3540806575 -0.04521471 0.308685165
v -0.0562806 -0.0444626325 0.21760683
v -0.083401185 -0.0484322425 0.233234525
v -0.0698408925 -0.0464474375 0.2254206775
v -0.0646576175 -0.05283965 0.2171115625
v -0.073034635 -0.0612166675 0.216616295
v -0.3435391325 -0.06630076 0.302336695
v -0.3360149525 -0.056260285 0.307488795
v -0.348809895 -0.055757735 0.30551093
v -0.4183739775 -0.0676063025 0.2652485825
v -0.420692325 -0.055838725 0.26696714
v -0.4316707575 -0.0600291525 0.2544673875
v -0.38894498 -0.020718895 0.2958737425
v -0.39484403 -0.0309037375 0.2917198275
v -0.38355487 -0.0321115975 0.29810029
v -0.35094081 -0.16480033 0.25894462
v -0.359417405 -0.15287421 0.267327815
v -0.363187645 -0.16438603 0.257034555
v -0.461442025 -0.339507065 0.039445285
v -0.488963555 -0.34209066 0
v -0.47520279 -0.3407988625 0.0197226425
v -0.465373935 -0.3539203025 0.0197226425
v -0.469305845 -0.36833354 0
v -0.1104034 -0.0228246525 0.256582295
v -0.1042951 -0.00986602 0.2584937825
v -0.12262 -0.0487419175 0.25275932
v -0.1165117 -0.035783285 0.2546708075
v -0.10516652 -0.0335493225 0.2509322475
v -0.09992964 -0.0442739925 0.2452822
v -0.09382134 -0.03131536 0.2471936875
v -0.090282625 -0.00986602 0.25042849
v -0.085045745 -0.02059069 0.2447784425
v -0.07627015 -0.00986602 0.2423631975
v -0.0953218375 -0.08350387 0.214324505
v -0.104421225 -0.0719165525 0.22713611
v -0.0908302525 -0.05586131 0.232470595
v -0.1021754325 -0.0580952725 0.236209155
v -0.1135206125 -0.060329235 0.239947715
v -0.0216482625 -0.007881215 0.2158595325
v -0.0351728225 -0.007881215 0.221171795
v -0.030388125 -0.01662108 0.2157731925
v -0.296914565 -0.03712495 0.3156706525
v -0.28382809 -0.0394227925 0.3150778825
v -0.291219775 -0.0252296975 0.317315315
v -0.08789277 -0.0760748025 0.215088435
v -0.0804637025 -0.068645735 0.215852365
v -0.0856469775 -0.0622535225 0.22416148
v -0.5552305825 -0.1905907925 0.028502105
v -0.558074955 -0.180541115 0.028502105
v -0.5687544925 -0.1844170325 0
v -0.5338715075 -0.1828389575 0.085506315
v -0.5473954175 -0.1766651975 0.05700421
v -0.5609193275 -0.1704914375 0.028502105
v -0.5744432375 -0.1643176775 0
v -0.2675144875 -0.1561491825 0.25781523
v -0.2697268925 -0.1763983775 0.242574025
v -0.26862069 -0.16627378 0.2501946275
v -0.2574740125 -0.1624283575 0.2492426825
v -0.2474335375 -0.1687075325 0.240670135
v -0.2988696125 -0.2429235525 0.1835563675
v -0.3067155575 -0.252431955 0.1763554375
v -0.29213539 -0.2553115525 0.164765305
v -0.245445895 -0.1845153525 0.2210352425
v -0.26773925 -0.1922061975 0.2229391325
v -0.2565925725 -0.188360775 0.2219871875
v -0.2434582525 -0.2003231725 0.20140035
v -0.24147061 -0.2161309925 0.1817654575
v -0.5463210225 -0.2121012875 0.028502105
v -0.55254578 -0.2267324525 0
v -0.540096265 -0.1974701225 0.05700421
v -0.5507758025 -0.20134604 0.028502105
v -0.56145534 -0.2052219575 0
v -0.4913970475 -0.1922495675 0.1383470925
v -0.5038515575 -0.1921491475 0.1252567
v -0.496965655 -0.205234835 0.1234145875
v -0.27196033 -0.202402035 0.21444473
v -0.27618141 -0.2125978725 0.2059503275
v -0.25882601 -0.2143644325 0.1938578925
v 0.008795815 -0.5471527825 0.1195393
v 0.0202273325 -0.538774765 0.1304655
v 0.0120476775 -0.5342913325 0.14007046
v 0.025155125 -0.5561196475 0.10032938
v 0.0365866425 -0.54774163 0.11125558
v 0.0284069875 -0.5432581975 0.12086054
v 0.03165885 -0.5303967475 0.1413917
v 0.0430903675 -0.52201873 0.1523179
v 0.0349107125 -0.5175352975 0.16192286
v 0.217271365 -0.454079785 0.16777062
v 0.218112585 -0.465998805 0.15305302
v 0.23025637 -0.45964839 0.15079277
v 0.192983795 -0.466780615 0.17229112
v 0.193825015 -0.478699635 0.15757352
v 0.2059688 -0.47234922 0.15531327
v 0.218953805 -0.477917825 0.13833542
v 0.219795025 -0.489836845 0.12361782
v 0.23193881 -0.48348643 0.12135757
v 0.14754482 -0.307707935 0.2738336725
v 0.14881138 -0.2975759775 0.2741086975
v 0.13741996 -0.3066017325 0.284211265
v 0.17032766 -0.289656425 0.2536285375
v 0.17159422 -0.2795244675 0.2539035625
v 0.1602028 -0.2885502225 0.26400613
v 0.15007794 -0.28744402 0.2743837225
v 0.1513445 -0.2773120625 0.2746587475
v 0.13995308 -0.2863378175 0.284761315
v 0.0872125925 -0.106424695 0.220516035
v 0.086542535 -0.1226193975 0.233636525
v 0.0981298525 -0.1135198525 0.21837195
v 0.0640379575 -0.124623785 0.251045185
v 0.0633679 -0.1408184875 0.264165675
v 0.0749552175 -0.1317189425 0.2489011
v 0.0858724775 -0.1388141 0.246757015
v 0.08520242 -0.1550088025 0.259877505
v 0.0967897375 -0.1459092575 0.24461293
v 0.1362790625 -0.4838899525 0.183974365
v 0.1245739725 -0.4842319625 0.185138375
v 0.12922013 -0.49538153 0.17039078
v 0.1269867475 -0.4615908175 0.213469555
v 0.1152816575 -0.4619328275 0.214633565
v 0.119927815 -0.473082395 0.19988597
v 0.1128688825 -0.4845739725 0.186302385
v 0.1011637925 -0.4849159825 0.187466395
v 0.10580995 -0.49606555 0.1727188
v 0.223979825 -0.4126418575 0.193840285
v 0.23779159 -0.4165285525 0.17958781
v 0.235979815 -0.404832715 0.189031115
v 0.227603375 -0.4360335325 0.174953675
v 0.24141514 -0.4399202275 0.1607012
v 0.239603365 -0.42822439 0.170144505
v 0.251603355 -0.4204152475 0.165335335
v 0.26541512 -0.4243019425 0.15108286
v 0.263603345 -0.412606105 0.160526165
v 0.293452425 -0.4773310725 0.071374545
v 0.3044913225 -0.47064312 0.0673056725
v 0.2921606275 -0.4635703075 0.0910971875
v 0.318113815 -0.4914766975 0.023791515
v 0.3291527125 -0.484788745 0.0197226425
v 0.3168220175 -0.4777159325 0.0435141575
v 0.31553022 -0.4639551675 0.0632368
v 0.3265691175 -0.457267215 0.0591679275
v 0.3142384225 -0.4501944025 0.0829594425
v 0.3412949175 -0.33981963 0.0795086025
v 0.327412175 -0.3438940225 0.097486505
v 0.3372168475 -0.3536986925 0.0891334625
v 0.3216855725 -0.32021029 0.0962146875
v 0.30780283 -0.3242846825 0.11419259
v 0.3176075025 -0.3340893525 0.1058395475
v 0.3135294325 -0.347968415 0.1154644075
v 0.29964669 -0.3520428075 0.13344231
v 0.3094513625 -0.3618474775 0.1250892675
v 0.067995235 -0.5931006925 0
v 0.0747698875 -0.5804926575 0.0283651175
v 0.0598510525 -0.582404065 0.0283651175
v 0.097832905 -0.5892778775 0
v 0.1046075575 -0.5766698425 0.0283651175
v 0.0896887225 -0.57858125 0.0283651175
v 0.08154454 -0.5678846225 0.056730235
v 0.0883191925 -0.5552765875 0.0850953525
v 0.0734003575 -0.557187995 0.0850953525
v 0.0854008475 -0.2872437025 0.3064658975
v 0.0737655525 -0.29228497 0.31000793
v 0.083103005 -0.3003301775 0.3049078025
v 0.0667259425 -0.2711532875 0.3166661525
v 0.0550906475 -0.276194555 0.320208185
v 0.0644281 -0.2842397625 0.3151080575
v 0.0621302575 -0.2973262375 0.3135499625
v 0.0504949625 -0.302367505 0.317091995
v 0.059832415 -0.3104127125 0.3119918675
v 0.0851079425 -0.4862317 0.1912230425
v 0.073167285 -0.48941913 0.190964605
v 0.0821642025 -0.49959499 0.1736243725
v 0.0671141075 -0.46587998 0.2259035075
v 0.05517345 -0.46906741 0.22564507
v 0.0641703675 -0.47924327 0.2083048375
v 0.0612266275 -0.49260656 0.1907061675
v 0.04928597 -0.49579399 0.19044773
v 0.0582828875 -0.50596985 0.1731074975
v 0.16191705 -0.5635215875 0.0293637225
v 0.1547214725 -0.5535326375 0.0525740075
v 0.1485477125 -0.56705681 0.023210285
v 0.17426457 -0.5364732425 0.0880911675
v 0.1670689925 -0.5264842925 0.1113014525
v 0.1608952325 -0.540008465 0.08193773
v 0.147525895 -0.5435436875 0.0757842925
v 0.1403303175 -0.5335547375 0.0989945775
v 0.1341565575 -0.54707891 0.069630855
v 0.120273425 -0.3592988425 0.278102855
v 0.10965201 -0.368957615 0.2767561425
v 0.120290145 -0.3735406825 0.2744292775
v 0.098997155 -0.3501327075 0.282756585
v 0.08837574 -0.35979148 0.2814098725
v 0.099013875 -0.3643745475 0.2790830075
v 0.099030595 -0.3786163875 0.27540943
v 0.08840918 -0.38827516 0.2740627175
v 0.099047315 -0.3928582275 0.2717358525
v 0.07516655 -0.20430161 0.290224065
v 0.0647635625 -0.20619409 0.294695695
v 0.0731322725 -0.21448956 0.29447222
v 0.05842913 -0.18771067 0.290671015
v 0.0480261425 -0.18960315 0.295142645
v 0.0563948525 -0.19789862 0.29491917
v 0.054360575 -0.20808657 0.299167325
v 0.0439575875 -0.20997905 0.303638955
v 0.0523262975 -0.21827452 0.30341548
v 0.2651498725 -0.371357195 0.173750345
v 0.26653105 -0.3602899075 0.1722578925
v 0.2563914675 -0.3621016825 0.1824856175
v 0.2854290375 -0.367733645 0.153294895
v 0.286810215 -0.3566663575 0.1518024425
v 0.2766706325 -0.3584781325 0.1620301675
v 0.2679122275 -0.34922262 0.17076544
v 0.269293405 -0.3381553325 0.1692729875
v 0.2591538225 -0.3399671075 0.1795007125
v 0.11874695 -0.52691936 0.1131015575
v 0.1070504575 -0.52879186 0.11825639
v 0.1152644875 -0.53896246 0.0979959725
v 0.10231889 -0.50657816 0.1536223925
v 0.0906223975 -0.50845066 0.158777225
v 0.0988364275 -0.51862126 0.1385168075
v 0.095353965 -0.53066436 0.1234112225
v 0.0836574725 -0.53253686 0.128566055
v 0.0918715025 -0.54270746 0.1083056375
v 0.07417304 -0.4543884025 0.2394870925
v 0.0817502175 -0.4410916225 0.2462734425
v 0.0656943675 -0.44240734 0.25003009
v 0.10628474 -0.4517569675 0.2319737975
v 0.1138619175 -0.4384601875 0.2387601475
v 0.0978060675 -0.439775905 0.242516795
v 0.089327395 -0.4277948425 0.2530597925
v 0.0969045725 -0.4144980625 0.2598461425
v 0.0808487225 -0.41581378 0.26360279
v 0.0684649525 -0.54858574 0.1077764575
v 0.0616903 -0.561193775 0.07941134
v 0.0450448375 -0.5565973 0.0964084325
v 0.038270185 -0.569205335 0.068043315
v 0.0499802425 -0.565199555 0.0737273275
v 0.0549156475 -0.57380181 0.0510462225
v 0.048140995 -0.586409845 0.022681105
v 0.0149914175 -0.45348383 0.2487890825
v 0.0149914175 -0.44229325 0.2599226675
v 0.0149914175 -0.47586499 0.2265219125
v 0.0149914175 -0.46467441 0.2376554975
v 0.029366675 -0.45795412 0.24322944
v 0.0437419325 -0.46242441 0.2376697975
v 0.0437419325 -0.45123383 0.2488033825
v 0.300099105 -0.51714492 0
v 0.297883545 -0.5038736375 0.023791515
v 0.28776841 -0.5100721075 0.023791515
v 0.320329375 -0.50474798 0
v 0.30799868 -0.4976751675 0.023791515
v 0.295667985 -0.490602355 0.04758303
v 0.28333729 -0.4835295425 0.071374545
v 0.127066185 -0.3012405375 0.2885686475
v 0.125799625 -0.311372495 0.2882936225
v 0.129599305 -0.2809766225 0.2891186975
v 0.128332745 -0.29110858 0.2888436725
v 0.11671241 -0.2958793425 0.29292603
v 0.106358635 -0.2905181475 0.2972834125
v 0.105092075 -0.300650105 0.2970083875
v 0.0769985675 -0.22522483 0.2979420125
v 0.0843273975 -0.23407051 0.296763675
v 0.09086409 -0.22144276 0.2888222525
v 0.0639251825 -0.25048033 0.3138248575
v 0.0712540125 -0.25932601 0.31264652
v 0.077790705 -0.24669826 0.3047050975
v 0.0916562275 -0.24291619 0.2955853375
v 0.0989850575 -0.25176187 0.294407
v 0.10552175 -0.23913412 0.2864655775
v 0.1509039175 -0.4895623975 0.17055792
v 0.14625776 -0.47841283 0.185305515
v 0.1708613125 -0.4786081525 0.17322022
v 0.166215155 -0.467458585 0.187967815
v 0.1562364575 -0.4729357075 0.186636665
v 0.1416116025 -0.4672632625 0.20005311
v 0.136965445 -0.456113695 0.214800705
v 0.0120476775 -0.519270315 0.1630213875
v 0.0349107125 -0.50251428 0.1848737875
v 0.023479195 -0.5108922975 0.1739475875
v 0.0120476775 -0.5042492975 0.185972315
v 0.0120476775 -0.48922828 0.2089232425
v 0.0268358 -0.0388855075 0.2156868525
v 0.0288205775 -0.0524458 0.2235007
v 0.0375604575 -0.0476611025 0.2181020975
v 0.00935604 -0.0484549025 0.2264840575
v 0.0113408175 -0.062015195 0.234297905
v 0.0200806975 -0.0572304975 0.2288993025
v 0.030805355 -0.0660060925 0.2313145475
v 0.0327901325 -0.079566385 0.239128395
v 0.0415300125 -0.0747816875 0.2337297925
v 0.280195075 -0.456816895 0.1079429675
v 0.26726843 -0.4511846725 0.125529045
v 0.268195085 -0.4646260375 0.1127521375
v 0.278341765 -0.429934165 0.1334967825
v 0.266341775 -0.4377433075 0.1383059525
v 0.254341785 -0.44555245 0.1431151225
v 0.242341795 -0.4533615925 0.1479242925
v 0.412059835 -0.4229013125 0.01117796
v 0.4015724625 -0.431858455 0.01117796
v 0.4143923775 -0.4323626625 0
v 0.386420005 -0.4218928975 0.03353388
v 0.3759326325 -0.43085004 0.03353388
v 0.3887525475 -0.4313542475 0.02235592
v 0.39108509 -0.4408155975 0.01117796
v 0.3805977175 -0.44977274 0.01117796
v 0.3934176325 -0.4502769475 0
v 0.3373580125 -0.43797701 0.0703458875
v 0.338841185 -0.4270745475 0.075281215
v 0.3267604925 -0.4326039875 0.0838258975
v 0.3615193975 -0.42691813 0.0532565225
v 0.36300257 -0.4160156675 0.05819185
v 0.3509218775 -0.4215451075 0.0667365325
v 0.3403243575 -0.416172085 0.0802165425
v 0.34180753 -0.4052696225 0.08515187
v 0.3297268375 -0.4107990625 0.0936965525
v 0.1529649 -0.23902792 0.2511104525
v 0.146685725 -0.249068395 0.26243999
v 0.160057165 -0.246084435 0.2510477275
v 0.12622202 -0.24499584 0.2738949775
v 0.119942845 -0.255036315 0.285224515
v 0.133314285 -0.252052355 0.2738322525
v 0.14040655 -0.25910887 0.2737695275
v 0.134127375 -0.269149345 0.285099065
v 0.147498815 -0.266165385 0.2737068025
v 0.1636520675 -0.4333797475 0.2211605725
v 0.16450643 -0.44473936 0.21009632
v 0.1782769225 -0.4390521925 0.2077441275
v 0.1361110825 -0.4447540825 0.2258649575
v 0.1507359375 -0.4504265275 0.2124485125
v 0.1653607925 -0.4560989725 0.1990320675
v 0.1799856475 -0.4617714175 0.1856156225
v 0.251718235 -0.5417219225 0
v 0.250172495 -0.52861126 0.0266599925
v 0.23741725 -0.5347374375 0.0266599925
v 0.277228725 -0.5294695675 0
v 0.275682985 -0.516358905 0.0266599925
v 0.26292774 -0.5224850825 0.0266599925
v 0.248626755 -0.5155005975 0.053319985
v 0.247081015 -0.502389935 0.0799799775
v 0.23432577 -0.5085161125 0.0799799775
v 0.26143221 -0.25995771 0.1410827375
v 0.2490442075 -0.26669167 0.1564068575
v 0.2596653875 -0.27731311 0.14970823
v 0.24018985 -0.23871483 0.1544799925
v 0.2278018475 -0.24544879 0.1698041125
v 0.2384230275 -0.25607023 0.163105485
v 0.236656205 -0.27342563 0.1717309775
v 0.2242682025 -0.28015959 0.1870550975
v 0.2348893825 -0.29078103 0.18035647
v 0.3222996625 -0.3914029175 0.1097407025
v 0.3088509375 -0.3955519675 0.121651155
v 0.317761285 -0.40404565 0.1105423325
v 0.3044789675 -0.3744155525 0.1319583475
v 0.2910302425 -0.3785646025 0.1438688
v 0.29994059 -0.387058285 0.1327599775
v 0.2954022125 -0.3997010175 0.1335616075
v 0.2819534875 -0.4038500675 0.14547206
v 0.290863835 -0.41234375 0.1343632375
v 0.3564615675 -0.4023834525 0.0692036725
v 0.3458640475 -0.39701043 0.0826836825
v 0.3776566075 -0.4131294975 0.0422436525
v 0.3670590875 -0.407756475 0.0557236625
v 0.371115605 -0.3994972825 0.053255475
v 0.3857696425 -0.3966111125 0.0373072775
v 0.3751721225 -0.39123809 0.0507872875
v 0.01373122 -0.5981090975 0
v 0.021910875 -0.58847451 0.022681105
v 0.008795815 -0.5895068425 0.022681105
v 0.03996134 -0.5960444325 0
v 0.035025935 -0.5874421775 0.022681105
v 0.03009053 -0.5788399225 0.04536221
v 0.025155125 -0.5702376675 0.068043315
v 0.1438213775 -0.5230421275 0.118090985
v 0.13045204 -0.52657735 0.1119375475
v 0.1705600525 -0.5159716825 0.13039786
v 0.157190715 -0.519506905 0.1242444225
v 0.1473124375 -0.5125295175 0.1371873925
v 0.1508034975 -0.5020169075 0.1562838
v 0.13743416 -0.50555213 0.1501303625
v 0.2498323275 -0.3340483425 0.18866714
v 0.24845115 -0.34511563 0.1901595925
v 0.2284269825 -0.3443453875 0.2099849
v 0.227045805 -0.355412675 0.2114773525
v 0.2377484775 -0.3502641525 0.2008184725
v 0.2470699725 -0.3561829175 0.191652045
v 0.245688795 -0.367250205 0.1931444975
v 0.081508185 -0.31289536 0.3008372225
v 0.09314348 -0.3078540925 0.29729519
v 0.058237595 -0.322977895 0.3079212875
v 0.06987289 -0.3179366275 0.304379255
v 0.079913365 -0.3254605425 0.2967666425
v 0.078318545 -0.338025725 0.2926960625
v 0.08995384 -0.3329844575 0.28915403
v 0.1178679275 -0.2365181925 0.278253755
v 0.1105390975 -0.2276725125 0.2794320925
v 0.1279026225 -0.2135949775 0.264186785
v 0.1205737925 -0.2047492975 0.2653651225
v 0.115556445 -0.216210905 0.2723986075
v 0.1032102675 -0.2188268325 0.28061043
v 0.0958814375 -0.2099811525 0.2817887675
v 0.037699355 -0.17373145 0.288734265
v 0.02533829 -0.1787112025 0.2964522125
v 0.037699355 -0.1843949525 0.2986124375
v 0.012977225 -0.16236395 0.284413815
v 0.012977225 -0.1730274525 0.2942919875
v 0.012977225 -0.183690955 0.30417016
v 0.012977225 -0.1943544575 0.3140483325
v 0.3801445175 -0.378670015 0.0439182075
v 0.36549048 -0.381556185 0.059866405
v 0.3607812325 -0.359306205 0.0620764425
v 0.346127195 -0.362192375 0.07802464
v 0.3558088375 -0.37187428 0.0689455225
v 0.3508364425 -0.384442355 0.0758146025
v 0.336182405 -0.387328525 0.0917628
v 0.271813905 -0.4056618425 0.155699785
v 0.25800214 -0.4017751475 0.16995226
v 0.260611495 -0.3839999275 0.174551975
v 0.24679973 -0.3801132325 0.18880445
v 0.252400935 -0.39094419 0.179378355
v 0.244190375 -0.3978884525 0.184204735
v 0.23037861 -0.3940017575 0.19845721
v 0.008795815 -0.5753888225 0.05496717
v 0.01697547 -0.565754235 0.077648275
v 0.008795815 -0.5612708025 0.087253235
v 0.0482967 -0.54373585 0.1169395925
v 0.071716815 -0.53572429 0.1283076175
v 0.0600067575 -0.53973007 0.122623605
v 0.0515485625 -0.5308744 0.1374707525
v 0.054800425 -0.51801295 0.1580019125
v 0.2912339725 -0.4501289425 0.103874095
v 0.3133117675 -0.4367530375 0.09573635
v 0.30227287 -0.44344099 0.0998052225
v 0.2903073175 -0.4366875775 0.1166510025
v 0.2893806625 -0.4232462125 0.12942791
v 0.4161163525 -0.41464212 0.0087097725
v 0.4032964375 -0.4141379125 0.0198877325
v 0.3985895575 -0.39711532 0.0261293175
v 0.39453304 -0.4053745125 0.028597505
v 0.3904765225 -0.413633705 0.0310656925
v 0.2189185775 -0.33649918 0.2144029825
v 0.2091412475 -0.33161932 0.22235991
v 0.20794698 -0.34461405 0.2286007075
v 0.2213071125 -0.31050972 0.2019213875
v 0.2115297825 -0.30562986 0.209878315
v 0.210335515 -0.31862459 0.2161191125
v 0.1993639175 -0.32673946 0.2303168375
v 0.1895865875 -0.3218596 0.238273765
v 0.18839232 -0.33485433 0.2445145625
v 0.124204805 -0.3239376775 0.2842230425
v 0.122894345 -0.3357247325 0.28218298
v 0.13484294 -0.328520745 0.2818961775
v 0.100307615 -0.3383456525 0.2847966475
v 0.11094575 -0.34292872 0.2824697825
v 0.121583885 -0.3475117875 0.2801429175
v 0.13222202 -0.352094855 0.2778160525
v 0.0109429475 -0.2045424075 0.3182964875
v 0.0233040125 -0.199562655 0.31057854
v 0.0315965225 -0.2149588025 0.3113569025
v 0.0336308 -0.2047708525 0.3071087475
v 0.0356650775 -0.1945829025 0.3028605925
v 0.141333445 -0.1567230475 0.20828646
v 0.1354622625 -0.1685240375 0.22462375
v 0.1505335175 -0.1667304 0.20814143
v 0.111190935 -0.1603103225 0.2412511
v 0.1053197525 -0.1721113125 0.25758839
v 0.1203910075 -0.170317675 0.24110607
v 0.12959108 -0.1803250275 0.24096104
v 0.1237198975 -0.1921260175 0.25729833
v 0.1387911525 -0.19033238 0.24081601
v 0.1882603475 -0.3844578625 0.23128415
v 0.19845198 -0.3770908875 0.2262906775
v 0.1871494125 -0.371594835 0.2356241975
v 0.2108654825 -0.3954499675 0.21261711
v 0.221057115 -0.3880829925 0.2076236375
v 0.2097545475 -0.38258694 0.2169571575
v 0.2086436125 -0.3697239125 0.221297205
v 0.218835245 -0.3623569375 0.2163037325
v 0.2075326775 -0.356860885 0.2256372525
v 0.2691737925 -0.2851593175 0.1452901475
v 0.27913067 -0.295115935 0.1378360525
v 0.2820102675 -0.2805357675 0.126930015
v 0.2634145975 -0.3143196525 0.1671022225
v 0.273371475 -0.32427627 0.1596481275
v 0.2762510725 -0.3096961025 0.14874209
v 0.2890875475 -0.3050725525 0.1303819575
v 0.299044425 -0.31502917 0.1229278625
v 0.3019240225 -0.3004490025 0.112021825
v 0.12340867 -0.5496590875 0.069630855
v 0.1306042475 -0.5596480375 0.04642057
v 0.11630405 -0.5747973425 0.023210285
v 0.1234996275 -0.5847862925 0
v 0.1270519375 -0.572217165 0.023210285
v 0.137799825 -0.5696369875 0.023210285
v 0.1449954025 -0.5796259375 0
v 0.1707608925 -0.4910626625 0.1589461
v 0.18073959 -0.48558554 0.16027725
v 0.160782195 -0.496539785 0.15761495
v 0.1706604725 -0.5035171725 0.14467198
v 0.18053875 -0.51049456 0.13172901
v 0.339690555 -0.44743836 0.0591679275
v 0.3517712475 -0.44190892 0.050623245
v 0.368517025 -0.45530218 0.0197226425
v 0.3661844825 -0.44584083 0.0309006025
v 0.36385194 -0.43637948 0.0420785625
v 0.0251762475 -0.4357851075 0.2638484525
v 0.01080099 -0.4313148175 0.269408095
v 0.0539267625 -0.4447256875 0.2527291675
v 0.039551505 -0.4402553975 0.25828881
v 0.0353610775 -0.429276965 0.2677742375
v 0.0455459075 -0.4227688225 0.2717000225
v 0.03117065 -0.4182985325 0.277259665
v 0.061575235 -0.17508739 0.2826042225
v 0.06217279 -0.1636644225 0.27645804
v 0.050657975 -0.1679922325 0.2847483075
v 0.084604865 -0.16643177 0.2660236875
v 0.073687605 -0.1593366125 0.2681677725
v 0.062770345 -0.152241455 0.2703118575
v 0.051853085 -0.1451462975 0.2724559425
v 0.03829691 -0.1623084825 0.2825880825
v 0.03949202 -0.1394625475 0.2702957175
v 0.038894465 -0.150885515 0.2764419
v 0.025935845 -0.1566247325 0.2804278575
v 0.01357478 -0.1509409825 0.2782676325
v 0.056746665 -0.3756045625 0.294807025
v 0.06728969 -0.370333535 0.2903413075
v 0.056729945 -0.3613627225 0.2984806025
v 0.077866155 -0.3935461875 0.278528435
v 0.077849435 -0.3793043475 0.2822020125
v 0.077832715 -0.3650625075 0.28587559
v 0.077815995 -0.3508206675 0.2895491675
v 0.1324562475 -0.37446392 0.270448525
v 0.1439678025 -0.378233895 0.261658945
v 0.142423115 -0.367651885 0.26698641
v 0.1355456225 -0.39562794 0.259793595
v 0.1470571775 -0.399397915 0.251004015
v 0.14551249 -0.388815905 0.25633148
v 0.1554793575 -0.38200387 0.252869365
v 0.1669909125 -0.385773845 0.244079785
v 0.165446225 -0.375191835 0.24940725
v 0.09926637 -0.2834616325 0.2973461375
v 0.0899289175 -0.275416425 0.302446265
v 0.10832251 -0.2598070775 0.2893068725
v 0.0944569875 -0.2635891475 0.2984266325
v 0.080591465 -0.2673712175 0.3075463925
v 0.0990275425 -0.1973578725 0.273721975
v 0.086681365 -0.1999738 0.2819337975
v 0.11137372 -0.194741945 0.2655101525
v 0.1021736475 -0.1847345925 0.2656551825
v 0.092973575 -0.17472724 0.2658002125
v 0.237478235 -0.3741944675 0.1979708775
v 0.22815674 -0.3682757025 0.207137305
v 0.229267675 -0.38113873 0.2027972575
v 0.2308155175 -0.3183559275 0.197503305
v 0.232009785 -0.3053611975 0.1912625075
v 0.22962125 -0.3313506575 0.2037441025
v 0.2403239225 -0.326202135 0.1930852225
v 0.251026595 -0.3210536125 0.1824263425
v 0.2707510775 -0.3821881525 0.16432425
v 0.2763522825 -0.39301911 0.154898155
v 0.28089066 -0.3803763775 0.154096525
v 0.2109816775 -0.40763266 0.2071647875
v 0.2127934525 -0.4193284975 0.1977214825
v 0.1886089325 -0.42100594 0.2149271825
v 0.1904207075 -0.4327017775 0.2054838775
v 0.20160708 -0.4260151375 0.20160268
v 0.2146052275 -0.431024335 0.1882781775
v 0.2164170025 -0.4427201725 0.1788348725
v 0.243183015 -0.4652806125 0.1332066925
v 0.244865455 -0.4891186525 0.1037714925
v 0.244024235 -0.4771996325 0.1184890925
v 0.25610966 -0.470912835 0.115620615
v 0.269036305 -0.4765450575 0.0980345375
v 0.026422935 -0.48250799 0.214497185
v 0.0378544525 -0.48915099 0.2024724575
v 0.0407981925 -0.4757877 0.2200711275
v 0.3028293875 -0.4190971625 0.1175174575
v 0.31479494 -0.425850575 0.1006716775
v 0.3162781125 -0.4149481125 0.105607005
v 0.1081598675 -0.564100715 0.0515754025
v 0.1117121775 -0.5515315875 0.0747856875
v 0.100015685 -0.5534040875 0.07994052
v 0.01080099 -0.4189073625 0.277487795
v 0.03117065 -0.4058910775 0.285339365
v 0.02098582 -0.41239922 0.28141358
v 0.01080099 -0.4064999075 0.285567495
v 0.01080099 -0.3940924525 0.293647195
v 0.1921294325 -0.4554210025 0.1833553725
v 0.2042732175 -0.4490705875 0.1810951225
v 0.19127507 -0.44406139 0.194419625
v 0.092166875 -0.4747401225 0.2048066275
v 0.0992258075 -0.463248545 0.2183902125
v 0.0831699575 -0.4645642625 0.22214686
v 0.177306365 -0.4155098875 0.2242607025
v 0.1672233025 -0.41013923 0.23317514
v 0.1673394975 -0.4223219225 0.2277228175
v 0.177073975 -0.3911445025 0.2351653475
v 0.1671071075 -0.3979565375 0.2386274625
v 0.15714024 -0.4047685725 0.2420895775
v 0.1471733725 -0.4115806075 0.2455516925
v 0.11385103 -0.3185764825 0.288580425
v 0.103497255 -0.3132152875 0.2929378075
v 0.101902435 -0.32578047 0.2888672275
v 0.0148092425 -0.2620636525 0.321637995
v 0.0148092425 -0.250454305 0.32176628
v 0.0148092425 -0.2852823475 0.321381425
v 0.0148092425 -0.273673 0.32150971
v 0.029002325 -0.2662815775 0.321637995
v 0.0431954075 -0.2704995025 0.321637995
v 0.0431954075 -0.258890155 0.32176628
v 0.1588352975 -0.1750324425 0.2051763975
v 0.16470648 -0.1632314525 0.1888391075
v 0.1470929325 -0.1986344225 0.2378509775
v 0.152964115 -0.1868334325 0.2215136875
v 0.1671370775 -0.183334485 0.202211365
v 0.1754388575 -0.1916365275 0.1992463325
v 0.18131004 -0.1798355375 0.1829090425
v 0.136256715 -0.222072625 0.2598280075
v 0.1412740625 -0.2106110175 0.2527945225
v 0.1312393675 -0.2335342325 0.2668614925
v 0.1446108075 -0.2305502725 0.25546923
v 0.1579822475 -0.2275663125 0.2440769675
v 0.212305805 -0.29329391 0.207641935
v 0.2013342075 -0.30140878 0.22183966
v 0.191914655 -0.28485175 0.231564625
v 0.1809430575 -0.29296662 0.24576235
v 0.1911386325 -0.2971877 0.233801005
v 0.19036261 -0.30952365 0.236037385
v 0.1793910125 -0.31763852 0.25023511
v 0.08145876 -0.17905505 0.27409048
v 0.069943945 -0.18338286 0.2823807475
v 0.078312655 -0.19167833 0.2821572725
v 0.10534073 -0.1207305975 0.216876235
v 0.1060107875 -0.104535895 0.203755745
v 0.104000615 -0.1531200025 0.243117215
v 0.1046706725 -0.1369253 0.229996725
v 0.1125516075 -0.1279413425 0.21538052
v 0.119762485 -0.1351520875 0.213884805
v 0.1204325425 -0.118957385 0.200764315
v 0.19967911 -0.4021366075 0.2164983075
v 0.1883765425 -0.396640555 0.2258318275
v 0.1884927375 -0.4088232475 0.220379505
v 0.1679995925 -0.326664275 0.2603376775
v 0.156073735 -0.335141135 0.2661638025
v 0.1666891325 -0.33845133 0.258297615
v 0.1467687975 -0.320043885 0.2760700525
v 0.1454583375 -0.33183094 0.27402999
v 0.1441478775 -0.343617995 0.2719899275
v 0.1428374175 -0.35540505 0.269949865
v 0.053522195 -0.25237281 0.3182964875
v 0.0393291125 -0.248154885 0.3182964875
v 0.045789605 -0.23090227 0.3113569025
v 0.0315965225 -0.226684345 0.3113569025
v 0.0354628175 -0.237419615 0.314826695
v 0.02513603 -0.24393696 0.3182964875
v 0.0109429475 -0.239719035 0.3182964875
v 0.0125114 -0.3099818525 0.3183336625
v 0.0125114 -0.2983688225 0.31982333
v 0.0125114 -0.3332079125 0.3153543275
v 0.0125114 -0.3215948825 0.316843995
v 0.02440664 -0.315676905 0.3169038525
v 0.03630188 -0.3213719575 0.3154740425
v 0.03630188 -0.3097589275 0.31696371
v 0.222786085 -0.52851268 0.056023715
v 0.224331825 -0.5416233425 0.0293637225
v 0.219694605 -0.502291355 0.1093437
v 0.221240345 -0.5154020175 0.0826837075
v 0.20815492 -0.5222879225 0.0853874375
v 0.193523755 -0.516063165 0.11475116
v 0.195069495 -0.5291738275 0.0880911675
v 0.271251865 -0.48981634 0.0742430225
v 0.25916644 -0.4961031375 0.0771115
v 0.273467425 -0.5030876225 0.0504515075
v 0.14921438 -0.14773909 0.193670255
v 0.134143125 -0.1495327275 0.210152575
v 0.13483374 -0.13335845 0.197402485
v 0.126952805 -0.1423424075 0.21201869
v 0.11907187 -0.151326365 0.226634895
v 0.28212988 -0.3335317825 0.150912855
v 0.290888285 -0.342787295 0.1421775825
v 0.294966355 -0.3289082325 0.1325527225
v 0.3322444525 -0.3662667675 0.0960025425
v 0.31836171 -0.37034116 0.113980445
v 0.3272720575 -0.3788348425 0.1028716225
v 0.155447025 -0.20711207 0.2334922
v 0.17215521 -0.224067365 0.224774645
v 0.1638011175 -0.2155897175 0.2291334225
v 0.1696199875 -0.2036131225 0.2141898775
v 0.18379295 -0.200114175 0.194887555
v 0.110886705 -0.27869087 0.29326378
v 0.12250704 -0.2739201075 0.2891814225
v 0.115414775 -0.2668635925 0.2892441475
v 0.06609855 -0.395864535 0.2812275125
v 0.076658295 -0.4048353475 0.2730882175
v 0.04497906 -0.37792291 0.2975061025
v 0.055538805 -0.3868937225 0.2893668075
v 0.054330945 -0.3981828825 0.28392659
v 0.04256334 -0.40050123 0.2866256675
v 0.053123085 -0.4094720425 0.2784863725
v 0.109070675 -0.4154213 0.25586539
v 0.1005920025 -0.4034402375 0.2664083875
v 0.12602802 -0.439383425 0.234779395
v 0.1175493475 -0.4274023625 0.2453223925
v 0.1212367775 -0.4163445375 0.2518846375
v 0.13340288 -0.417267775 0.247903885
v 0.1249242075 -0.4052867125 0.2584468825
v 0.01200885 -0.3828032925 0.2990874125
v 0.01200885 -0.37053648 0.3034607525
v 0.03479423 -0.3720235975 0.3016600175
v 0.03479423 -0.359756785 0.3060333575
v 0.02340154 -0.3651466325 0.304747055
v 0.01200885 -0.3582696675 0.3078340925
v 0.01200885 -0.346002855 0.3122074325
v 0.0667410825 -0.51482552 0.15826035
v 0.0751992775 -0.52368119 0.1434132025
v 0.07868174 -0.51163809 0.1585187875
v 0.11402398 -0.50623615 0.1524583825
v 0.12223801 -0.51640675 0.132197965
v 0.12572907 -0.50589414 0.1512943725
v 0.01357478 -0.139093465 0.2737401925
v 0.03949202 -0.12761503 0.2657682775
v 0.0265334 -0.1333542475 0.269754235
v 0.01357478 -0.1272459475 0.2692127525
v 0.01357478 -0.11539843 0.2646853125
v 0.153569005 -0.42800909 0.23007501
v 0.1434859425 -0.4226384325 0.2389894475
v 0.1397985125 -0.4336962575 0.2324272025
v 0.12337952 -0.3947047025 0.2637743475
v 0.1218348325 -0.3841226925 0.2691018125
v 0.1112134175 -0.393781465 0.2677551
v 0.021269735 -0.2214761475 0.314826695
v 0.0109429475 -0.21626795 0.3182964875
v 0.0109429475 -0.2279934925 0.3182964875
v 0.06659558 -0.22711731 0.3024136425
v 0.0561925925 -0.22900979 0.3068852725
v 0.0600588875 -0.23974506 0.310355065
v 0.1937821625 -0.2101031275 0.1901962075
v 0.1996010325 -0.1981265325 0.1752526625
v 0.1821444225 -0.2340563175 0.2200832975
v 0.1879632925 -0.2220797225 0.2051397525
v 0.203771375 -0.22009208 0.18550486
v 0.2137605875 -0.2300810325 0.1808135125
v 0.2195794575 -0.2181044375 0.1658699675
v 0.168775615 -0.314328325 0.2581012975
v 0.1695516375 -0.301992375 0.2558649175
v 0.1581602175 -0.31101813 0.265967485
v 0.1977553475 -0.351981025 0.23359418
v 0.1782006875 -0.342221305 0.249508035
v 0.1879780175 -0.347101165 0.2415511075
v 0.187563715 -0.359348 0.2385876525
v 0.1773720825 -0.366714975 0.243581125
v 0.03579933 -0.3341669 0.3123271475
v 0.04769457 -0.3282489225 0.312387005
v 0.02390409 -0.3400848775 0.31226729
v 0.03529678 -0.3469618425 0.3091802525
v 0.04668947 -0.3538388075 0.306093215
v 0.045937475 -0.05603812 0.21760683
v 0.0439526975 -0.0424778275 0.2097929825
v 0.04990703 -0.083158705 0.233234525
v 0.0479222525 -0.0695984125 0.2254206775
v 0.0543144925 -0.0644151375 0.2171115625
v 0.06269151 -0.072792155 0.216616295
v 0.0607067325 -0.0592318625 0.2088024475
v 0.06777552 -0.3432967525 0.29716178
v 0.057735045 -0.3357728375 0.3047743925
v 0.057232495 -0.34856778 0.3016274975
v 0.0690811175 -0.4181321275 0.2663018675
v 0.0573135125 -0.420450475 0.269000945
v 0.06150394 -0.4314289075 0.2595155175
v 0.02219368 -0.388702605 0.2949334975
v 0.03237851 -0.3946019175 0.2907795825
v 0.03358637 -0.3833127575 0.2962198
v 0.16627483 -0.350698165 0.25533416
v 0.1543489725 -0.359175025 0.261160285
v 0.1658605275 -0.362945 0.252370705
v 0.3409823525 -0.461199125 0.039445285
v 0.3435659475 -0.488720655 0
v 0.34227415 -0.47495989 0.0197226425
v 0.3553955875 -0.465131035 0.0197226425
v 0.3698088225 -0.469062945 0
v 0.0242994375 -0.1101613925 0.259035265
v 0.0113408175 -0.1040530925 0.2584937825
v 0.0502166775 -0.1223779925 0.26011823
v 0.0372580575 -0.1162696925 0.2595767475
v 0.035024095 -0.104924355 0.2533852175
v 0.0457487525 -0.0996873175 0.24773517
v 0.0327901325 -0.0935790175 0.2471936875
v 0.0113408175 -0.09004046 0.25042849
v 0.022065475 -0.0848034225 0.2447784425
v 0.0113408175 -0.0760278275 0.2423631975
v 0.08497863 -0.0950793575 0.214324505
v 0.0733913125 -0.1041789025 0.22958908
v 0.05733607 -0.0905877725 0.232470595
v 0.0595700325 -0.10193311 0.238662125
v 0.061803995 -0.1132784475 0.244853655
v 0.00935604 -0.0214057775 0.2158595325
v 0.00935604 -0.007881215 0.21054727
v 0.00935604 -0.03493034 0.221171795
v 0.01809592 -0.0301456425 0.2157731925
v 0.0268358 -0.025360945 0.21037459
v 0.0385997225 -0.2966724525 0.318521805
v 0.040897565 -0.2835859775 0.3200799
v 0.0267044825 -0.2909774 0.319951615
v 0.09137087 -0.0898960825 0.20601539
v 0.07754959 -0.08765029 0.215088435
v 0.07651279 -0.0750379475 0.20754325
v 0.07012055 -0.0802212225 0.215852365
v 0.06372831 -0.0854044975 0.22416148
v 0.1920652875 -0.55498847 0.0293637225
v 0.182015875 -0.5578328425 0.0293637225
v 0.1858915275 -0.5685126425 0
v 0.1843139825 -0.53362887 0.0880911675
v 0.1781402225 -0.5471530425 0.058727445
v 0.1719664625 -0.560677215 0.0293637225
v 0.1657927025 -0.5742013875 0
v 0.157623675 -0.2672715875 0.26332921
v 0.177873395 -0.2694839925 0.242574025
v 0.167748535 -0.26837779 0.2529516175
v 0.16390285 -0.2572311125 0.2519996725
v 0.170182025 -0.2471906375 0.240670135
v 0.2443977875 -0.2986272375 0.1759383875
v 0.2539061925 -0.306473445 0.171520305
v 0.25678579 -0.2918932775 0.1606142675
v 0.1859901075 -0.245202995 0.2210352425
v 0.1936814775 -0.26749635 0.2229391325
v 0.1898357925 -0.2563496725 0.2219871875
v 0.20179819 -0.2432153525 0.20140035
v 0.2176062725 -0.24122771 0.1817654575
v 0.2135763125 -0.546078385 0.0293637225
v 0.2282074775 -0.5523031425 0
v 0.1989451475 -0.5398536275 0.058727445
v 0.2028208 -0.5505334275 0.0293637225
v 0.2066964525 -0.5612132275 0
v 0.193724595 -0.491154145 0.1432994
v 0.193624175 -0.503608655 0.12902528
v 0.2067096 -0.49672275 0.12632155
v 0.2038770525 -0.27171743 0.2109777875
v 0.2140726275 -0.27593851 0.1990164425
v 0.21583945 -0.25858311 0.19039095
v 0.5234932325 -0.0416155225 0.1547728675
v 0.53187151 -0.03018402 0.143028345
v 0.5190097975 -0.0334358575 0.1643778275
v 0.5492166575 -0.0351118475 0.1120739025
v 0.557594935 -0.023680345 0.10032938
v 0.5447332225 -0.0269321825 0.1216788625
v 0.5402497875 -0.0187525175 0.1312838225
v 0.548628065 -0.007321015 0.1195393
v 0.5357663525 -0.0105728525 0.1408887825
v 0.4913121325 -0.2183205225 0.128756535
v 0.47939311 -0.2174793025 0.143588515
v 0.4849617175 -0.23046457 0.12832357
v 0.4801749175 -0.1923499875 0.159286425
v 0.468255895 -0.1915087675 0.174118405
v 0.4738245025 -0.204494035 0.15885346
v 0.4674740875 -0.2166380825 0.158420495
v 0.455555065 -0.2157968625 0.173252475
v 0.4611236725 -0.22878213 0.15798753
v 0.278787345 -0.1498700075 0.26647721
v 0.2889193025 -0.148603185 0.2681537325
v 0.2878130975 -0.1384785875 0.2756324325
v 0.280999755 -0.1701192025 0.25151981
v 0.2911317125 -0.16885238 0.2531963325
v 0.2900255075 -0.1587277825 0.2606750325
v 0.29905126 -0.1473363625 0.269830255
v 0.3091832175 -0.14606954 0.2715067775
v 0.3080770125 -0.1359449425 0.2789854775
v 0.15648383 -0.083727585 0.2657890125
v 0.140288995 -0.0843976675 0.25069802
v 0.147384415 -0.0953149025 0.2505244375
v 0.14229299 -0.061893115 0.2661361775
v 0.126098155 -0.0625631975 0.251045185
v 0.133193575 -0.0734804325 0.2508716025
v 0.12409416 -0.08506775 0.2356070275
v 0.107899325 -0.0857378325 0.220516035
v 0.114994745 -0.0966550675 0.2203424525
v 0.4863912625 -0.0996891625 0.200816935
v 0.486049255 -0.11139412 0.195348985
v 0.4975408325 -0.1043350575 0.18621558
v 0.4634081075 -0.1138072875 0.219083745
v 0.4630661 -0.125512245 0.213615795
v 0.4745576775 -0.1184531825 0.20448239
v 0.4857072475 -0.1230990775 0.189881035
v 0.48536524 -0.134804035 0.184413085
v 0.4968568175 -0.1277449725 0.17527968
v 0.42577723 -0.26394088 0.152910145
v 0.421890535 -0.250129115 0.16716262
v 0.414081395 -0.262129105 0.160526165
v 0.44139551 -0.2399409 0.166183055
v 0.437508815 -0.226129135 0.18043553
v 0.429699675 -0.238129125 0.173799075
v 0.41800384 -0.23631735 0.181415095
v 0.414117145 -0.222505585 0.19566757
v 0.406308005 -0.234505575 0.189031115
v 0.4587424975 -0.3250938275 0.0623351175
v 0.46543019 -0.31405493 0.06534826
v 0.4516694225 -0.3127631325 0.0861266325
v 0.4862640325 -0.3276774225 0.0207783725
v 0.492951725 -0.316638525 0.023791515
v 0.4791909575 -0.3153467275 0.0445698875
v 0.4721178825 -0.3030160325 0.0683614025
v 0.478805575 -0.291977135 0.071374545
v 0.4650448075 -0.2906853375 0.0921529175
v 0.3535180875 -0.2981714025 0.13344231
v 0.3494436975 -0.312054145 0.1154644075
v 0.36332276 -0.3079760725 0.1250892675
v 0.3257599625 -0.3063275475 0.11419259
v 0.335564635 -0.3161322175 0.1058395475
v 0.3453693075 -0.3259368875 0.097486505
v 0.35517398 -0.3357415575 0.0891334625
v 0.5567518775 -0.086844565 0.0867592275
v 0.56935991 -0.0800699125 0.057839485
v 0.5586632825 -0.0719255975 0.0867592275
v 0.5781451325 -0.103133195 0.0289197425
v 0.590753165 -0.0963585425 0
v 0.5800565375 -0.0882142275 0.0289197425
v 0.5819679425 -0.07329526 0.0289197425
v 0.594575975 -0.0665206075 0
v 0.5838793475 -0.0583762925 0.0289197425
v 0.3038417425 -0.0490202025 0.31435091
v 0.2988007375 -0.0606554975 0.3102886625
v 0.311887215 -0.058357655 0.3105565125
v 0.2776687875 -0.0536158875 0.31381521
v 0.2726277825 -0.0652511825 0.3097529625
v 0.28571426 -0.06295334 0.3100208125
v 0.2937597325 -0.0722907925 0.306226415
v 0.2887187275 -0.0839260875 0.3021641675
v 0.301805205 -0.081628245 0.3024320175
v 0.49726823 -0.0478111275 0.1929026975
v 0.49408106 -0.0597518125 0.1967929925
v 0.50744435 -0.056808045 0.180012645
v 0.47054165 -0.0536986625 0.2264633925
v 0.46735448 -0.0656393475 0.2303536875
v 0.48071777 -0.06269558 0.21357334
v 0.49089389 -0.0716924975 0.2006832875
v 0.48770672 -0.0836331825 0.2045735825
v 0.50107001 -0.080689415 0.187793235
v 0.5350300275 -0.1388558225 0.1066181475
v 0.545018715 -0.146051135 0.079675585
v 0.5485539375 -0.1326820625 0.0808276875
v 0.5279595825 -0.1655939675 0.1043139425
v 0.53794827 -0.17278928 0.07737138
v 0.5414834925 -0.1594202075 0.0785234825
v 0.5550074025 -0.1532464475 0.0527330225
v 0.56499609 -0.16044176 0.02579046
v 0.5685313125 -0.1470726875 0.0269425625
v 0.389749655 -0.0869343375 0.281301755
v 0.380090885 -0.0975556475 0.281347205
v 0.39433246 -0.09757234 0.27563964
v 0.361266505 -0.0869009525 0.292716885
v 0.351607735 -0.0975222625 0.292762335
v 0.36584931 -0.097538955 0.28705477
v 0.370432115 -0.1081769575 0.281392655
v 0.360773345 -0.1187982675 0.281438105
v 0.37501492 -0.11881496 0.27573054
v 0.21145355 -0.0424827175 0.3142586075
v 0.2095613325 -0.052885705 0.3113814025
v 0.2197490225 -0.0508514275 0.314640915
v 0.19107817 -0.0465512725 0.3077395825
v 0.1891859525 -0.05695426 0.3048623775
v 0.1993736425 -0.0549199825 0.30812189
v 0.207669115 -0.0632886925 0.3085041975
v 0.2057768975 -0.07369168 0.3056269925
v 0.2159645875 -0.0716574025 0.308886505
v 0.339629825 -0.2678189025 0.1692729875
v 0.3506973775 -0.2664374625 0.167437605
v 0.3414416025 -0.25767932 0.1761728775
v 0.358141375 -0.2853351875 0.1518024425
v 0.3692089275 -0.2839537475 0.14996706
v 0.3599531525 -0.275195605 0.1587023325
v 0.36176493 -0.2650560225 0.1656022225
v 0.3728324825 -0.2636745825 0.16376684
v 0.3635767075 -0.25491644 0.1725021125
v 0.5340121475 -0.0821827125 0.13468011
v 0.5321396475 -0.0938793375 0.13270293
v 0.54418275 -0.090396875 0.11370179
v 0.5099259425 -0.0891476375 0.17268239
v 0.5080534425 -0.1008442625 0.17070521
v 0.520096545 -0.0973618 0.15170407
v 0.5302671475 -0.1055759625 0.13072575
v 0.5283946475 -0.1172725875 0.12874857
v 0.54043775 -0.113790125 0.10974743
v 0.415972555 -0.09542986 0.26374993
v 0.4292693375 -0.08785271 0.2556623175
v 0.4172880125 -0.07937388 0.2675065775
v 0.439935205 -0.11238752 0.24006141
v 0.4532319875 -0.10481037 0.2319737975
v 0.4412506625 -0.09633154 0.2438180575
v 0.44256612 -0.08027556 0.247574705
v 0.4558629025 -0.07269841 0.2394870925
v 0.4438815775 -0.06421958 0.2513313525
v 0.5878851275 -0.0466662325 0.022681105
v 0.575277095 -0.053440885 0.0516008475
v 0.5706806225 -0.0367954175 0.068043315
v 0.55807259 -0.04357007 0.0969630575
v 0.5666748425 -0.0485054775 0.0742819525
v 0.5626690625 -0.0602155375 0.08052059
v 0.55006103 -0.06699019 0.1094403325
v 0.4638986475 -0.04226716 0.237527465
v 0.45942862 -0.02789189 0.241183455
v 0.4527083325 -0.04226716 0.24689973
v 0.4773392225 -0.01351662 0.226094915
v 0.4661489075 -0.01351662 0.23546718
v 0.4549585925 -0.01351662 0.244839445
v 0.4437682775 -0.01351662 0.25421171
v 0.49207712 -0.29419296 0.04758303
v 0.485004045 -0.281862265 0.071374545
v 0.50622327 -0.31885435 0
v 0.499150195 -0.306523655 0.023791515
v 0.505348665 -0.296408785 0.023791515
v 0.51862021 -0.29862461 0
v 0.511547135 -0.286293915 0.023791515
v 0.291993435 -0.1048840075 0.292266305
v 0.2973546275 -0.1152376525 0.2878393625
v 0.3021253925 -0.103617185 0.2939428275
v 0.282451905 -0.1281249425 0.280059375
v 0.2925838625 -0.12685812 0.2817358975
v 0.30271582 -0.1255912975 0.28341242
v 0.3128477775 -0.124324475 0.2850889425
v 0.2532361075 -0.0975099075 0.29235227
v 0.24439069 -0.09018118 0.297532785
v 0.2406086225 -0.1040465725 0.290467755
v 0.2608002425 -0.0697791225 0.30648233
v 0.251954825 -0.062450395 0.311662845
v 0.2481727575 -0.0763157875 0.304597815
v 0.2355452725 -0.0828524525 0.3027133
v 0.226699855 -0.075523725 0.307893815
v 0.2229177875 -0.0893891175 0.300828785
v 0.457588975 -0.1354909425 0.214800705
v 0.468738545 -0.1401368375 0.20019935
v 0.468933865 -0.1647401275 0.187967815
v 0.480083435 -0.1693860225 0.17336646
v 0.47441099 -0.15476143 0.186782905
v 0.479888115 -0.1447827325 0.185597995
v 0.491037685 -0.1494286275 0.17099664
v 0.4907025125 -0.0105728525 0.2093145675
v 0.5057237925 -0.0105728525 0.1865059725
v 0.5039885175 -0.0334358575 0.1871864225
v 0.512366795 -0.022004355 0.1754419
v 0.5207450725 -0.0105728525 0.1636973775
v 0.0810411775 -0.03131536 0.240564435
v 0.06748091 -0.029330555 0.2322719075
v 0.0762564825 -0.040055225 0.2351658325
v 0.0634900325 -0.00986602 0.234776585
v 0.049929765 -0.007881215 0.2264840575
v 0.0587053375 -0.018605885 0.2293779825
v 0.0539206425 -0.02734575 0.22397938
v 0.040360375 -0.025360945 0.2156868525
v 0.0491359475 -0.036085615 0.2185807775
v 0.4470274725 -0.2528672825 0.1467696925
v 0.4548366125 -0.2408672925 0.1534061475
v 0.4314091925 -0.2768672625 0.1334967825
v 0.4392183325 -0.2648672725 0.1401332375
v 0.452659435 -0.265793665 0.12735633
v 0.4582913975 -0.2787200475 0.1079429675
v 0.4661005375 -0.2667200575 0.1145794225
v 0.45124803 -0.3791227 0.0075367975
v 0.4422906225 -0.389610335 0.0075367975
v 0.4517519725 -0.391942615 0
v 0.43232533 -0.37445814 0.0226103925
v 0.4233679225 -0.384945775 0.0226103925
v 0.4328292725 -0.387278055 0.015073595
v 0.433333215 -0.40009797 0.0075367975
v 0.4243758075 -0.410585605 0.0075367975
v 0.4338371575 -0.412917885 0
v 0.406744125 -0.3403333 0.0815107075
v 0.4176468475 -0.3388498625 0.07763111
v 0.4122735625 -0.3282523425 0.0947522825
v 0.417490695 -0.36152834 0.0472683625
v 0.4283934175 -0.3600449025 0.043388765
v 0.4230201325 -0.3494473825 0.0605099375
v 0.42854957 -0.337366425 0.0737515125
v 0.4394522925 -0.3358829875 0.069871915
v 0.4340790075 -0.3252854675 0.0869930875
v 0.270624365 -0.1326528825 0.2767887425
v 0.2605836275 -0.1389320575 0.2682293125
v 0.2676404025 -0.146024585 0.26539648
v 0.256510815 -0.1184678275 0.2824544075
v 0.2464700775 -0.1247470025 0.2738949775
v 0.2535268525 -0.13183953 0.271062145
v 0.25054289 -0.1452112325 0.2596698825
v 0.2405021525 -0.1514904075 0.2511104525
v 0.2475589275 -0.158582935 0.24827762
v 0.457574255 -0.163885765 0.1990320675
v 0.4632467 -0.1785103575 0.1856156225
v 0.446229365 -0.13463658 0.2258649575
v 0.45190181 -0.1492611725 0.2124485125
v 0.446214645 -0.1630314025 0.21009632
v 0.434855035 -0.16217704 0.2211605725
v 0.44052748 -0.1768016325 0.2077441275
v 0.503865225 -0.2456067775 0.0851186925
v 0.5169758875 -0.247152255 0.056745795
v 0.5099914025 -0.2328512675 0.0851186925
v 0.517834195 -0.2742087525 0.0283728975
v 0.5309448575 -0.27575423 0
v 0.5239603725 -0.2614532425 0.0283728975
v 0.53008655 -0.2486977325 0.0283728975
v 0.5431972125 -0.25024321 0
v 0.5362127275 -0.2359422225 0.0283728975
v 0.28163487 -0.22279371 0.197455925
v 0.27490065 -0.23518171 0.1786648625
v 0.29225605 -0.23341515 0.1907572975
v 0.24692407 -0.22632683 0.173271055
v 0.25754525 -0.23694827 0.1665724275
v 0.26816643 -0.24756971 0.1598738
v 0.27878761 -0.25819115 0.1531751725
v 0.405325355 -0.280478985 0.14547206
v 0.4011760425 -0.2939277125 0.1335616075
v 0.4138187775 -0.2893895975 0.1343632375
v 0.380039885 -0.289555215 0.1438688
v 0.3758905725 -0.3030039425 0.1319583475
v 0.3885333075 -0.2984658275 0.1327599775
v 0.39702673 -0.30737644 0.121651155
v 0.3928774175 -0.3208251675 0.1097407025
v 0.4055201525 -0.3162870525 0.1105423325
v 0.398085615 -0.384295405 0.033666115
v 0.400971785 -0.36964137 0.0496143125
v 0.39271233 -0.373697885 0.0507872875
v 0.414604525 -0.376182375 0.031320165
v 0.40923124 -0.365584855 0.0484413375
v 0.403857955 -0.354987335 0.06556251
v 0.39848467 -0.344389815 0.0826836825
v 0.5803149475 -0.0286157525 0.04536221
v 0.571712695 -0.023680345 0.068043315
v 0.5975194525 -0.0384865675 0
v 0.5889172 -0.03355116 0.022681105
v 0.5899492725 -0.0204360875 0.022681105
v 0.5995835975 -0.0122564225 0
v 0.590981345 -0.007321015 0.022681105
v 0.5034921975 -0.1493282075 0.1531492575
v 0.5140048075 -0.1458374125 0.1376388875
v 0.50702742 -0.135959135 0.15430136
v 0.5174469725 -0.1690847625 0.1198243125
v 0.520982195 -0.15571569 0.120976415
v 0.5245174175 -0.1423466175 0.1221285175
v 0.52805264 -0.128977545 0.12328062
v 0.3687252325 -0.244213505 0.1831609925
v 0.35765768 -0.245594945 0.184996375
v 0.3568871775 -0.225570515 0.2081495175
v 0.345819625 -0.226951955 0.2099849
v 0.3517386525 -0.23627345 0.1974906375
v 0.3465901275 -0.246976385 0.1868317575
v 0.335522575 -0.248357825 0.18866714
v 0.3395007525 -0.076843785 0.3024730275
v 0.32693557 -0.078438605 0.3024593575
v 0.3344597475 -0.08847908 0.29841078
v 0.3244523975 -0.056762835 0.3105701825
v 0.3194113925 -0.06839813 0.306507935
v 0.3143703875 -0.080033425 0.3024456875
v 0.3093293825 -0.09166872 0.29838344
v 0.21145644 -0.0944064625 0.2925263475
v 0.2203018575 -0.10173519 0.2873458325
v 0.20622458 -0.1190986075 0.2655604425
v 0.2150699975 -0.126427335 0.2603799275
v 0.2176859275 -0.1140812625 0.27386288
v 0.229147275 -0.1090639175 0.2821653175
v 0.2379926925 -0.116392645 0.2769848025
v 0.185165455 -0.0115024 0.3040079625
v 0.1958289575 -0.0115024 0.309411455
v 0.16383845 -0.0115024 0.2932009775
v 0.1745019525 -0.0115024 0.29860447
v 0.1801859625 -0.02386345 0.3023641675
v 0.17520647 -0.0362245 0.3007203725
v 0.1858699725 -0.0362245 0.306123865
v 0.3888030275 -0.33470791 0.0917628
v 0.3859168575 -0.349361945 0.0758146025
v 0.3636674025 -0.34465217 0.07802464
v 0.373349045 -0.354334075 0.0689455225
v 0.3830306875 -0.36401598 0.059866405
v 0.3954770475 -0.2289041075 0.195129375
v 0.3993637425 -0.2427158725 0.1808769
v 0.3815885225 -0.2453247025 0.178820945
v 0.3854752175 -0.2591364675 0.16456847
v 0.39241948 -0.25092617 0.172722685
v 0.4032504375 -0.2565276375 0.166624425
v 0.4071371325 -0.2703394025 0.15237195
v 0.562745825 -0.007321015 0.087253235
v 0.56722926 -0.01550068 0.077648275
v 0.576863585 -0.007321015 0.05496717
v 0.5194874525 -0.0533255825 0.161011505
v 0.532349165 -0.050073745 0.1396620225
v 0.5371993175 -0.0702420275 0.130789815
v 0.5412050975 -0.0585319675 0.1245511775
v 0.5452108775 -0.0468219075 0.11831254
v 0.4247215 -0.28790616 0.13048364
v 0.4381626025 -0.2888325525 0.1177067325
v 0.43822832 -0.31183674 0.09890354
v 0.4449160125 -0.3007978425 0.1019166825
v 0.451603705 -0.289758945 0.104929825
v 0.4151084675 -0.38900229 0.0237833675
v 0.4068490125 -0.393058805 0.0249563425
v 0.41561241 -0.401822205 0.01624657
v 0.3233348875 -0.18811235 0.2417407075
v 0.328214485 -0.1978894175 0.23378378
v 0.3363293575 -0.1869178175 0.2445145625
v 0.3071051425 -0.21005555 0.2202791425
v 0.31198474 -0.2198326175 0.212322215
v 0.3200996125 -0.2088610175 0.2230529975
v 0.3330940825 -0.207666485 0.2258268525
v 0.33797368 -0.2174435525 0.217869925
v 0.3460885525 -0.2064719525 0.2286007075
v 0.34898655 -0.12010873 0.2826596075
v 0.353569355 -0.1307467325 0.2769974925
v 0.33982094 -0.098832725 0.2939838375
v 0.344403745 -0.1094707275 0.2883217225
v 0.337199755 -0.1214191925 0.28388111
v 0.32541296 -0.122729655 0.2851026125
v 0.329995765 -0.1333676575 0.2794404975
v 0.1960576625 -0.0341902225 0.3093833775
v 0.2164330425 -0.0301216675 0.3159024025
v 0.2062453525 -0.032155945 0.31264289
v 0.201037155 -0.0218291725 0.3110271725
v 0.2060166475 -0.0094681225 0.3126709675
v 0.1936013 -0.122244715 0.255461975
v 0.1818003125 -0.1281158975 0.2403936375
v 0.1918076625 -0.1373158625 0.2370091525
v 0.1735866 -0.103844785 0.262230945
v 0.1617856125 -0.1097159675 0.2471626075
v 0.1717929625 -0.1189159325 0.2437781225
v 0.169999325 -0.13398708 0.2253253
v 0.1581983375 -0.1398582625 0.2102569625
v 0.1682056875 -0.1490582275 0.2068724775
v 0.36383144 -0.2173602175 0.2163037325
v 0.371198415 -0.20716885 0.222350595
v 0.358335125 -0.2060576525 0.2266906425
v 0.38955802 -0.2195826125 0.2076236375
v 0.396924995 -0.209391245 0.2136705
v 0.384061705 -0.2082800475 0.2180105475
v 0.37856539 -0.1969774825 0.2283974575
v 0.385932365 -0.186786115 0.23444432
v 0.373069075 -0.1856749175 0.2387843675
v 0.3165041875 -0.297569405 0.1229278625
v 0.30654731 -0.2876127875 0.1303819575
v 0.3257507625 -0.271896975 0.1596481275
v 0.315793885 -0.2619403575 0.1671022225
v 0.3111705975 -0.2747765725 0.14874209
v 0.2965904325 -0.27765617 0.1378360525
v 0.286633555 -0.2676995525 0.1452901475
v 0.58110044 -0.1435203775 0
v 0.5711117525 -0.136325065 0.0269425625
v 0.58626132 -0.1220251325 0
v 0.5762726325 -0.11482982 0.0269425625
v 0.5736921925 -0.1255774425 0.0269425625
v 0.561123065 -0.1291297525 0.053885125
v 0.5511343775 -0.12193444 0.0808276875
v 0.50499246 -0.1691851825 0.137671695
v 0.5119698475 -0.17906346 0.1210092225
v 0.4980150725 -0.159306905 0.1543341675
v 0.4925379475 -0.1692856025 0.1555190775
v 0.4870608225 -0.1792643 0.1567039875
v 0.4378547675 -0.3623771825 0.0358519675
v 0.4567774675 -0.3670417425 0.0207783725
v 0.4473161175 -0.3647094625 0.02831517
v 0.443384205 -0.350296225 0.0490935425
v 0.4489136425 -0.3382152675 0.0623351175
v 0.424243055 -0.0440711475 0.2717000225
v 0.4307514625 -0.033886305 0.265870585
v 0.4197730275 -0.0296958775 0.2753560125
v 0.446199925 -0.0524520025 0.2527291675
v 0.4417298975 -0.0380767325 0.2563851575
v 0.43725987 -0.0237014625 0.2600411475
v 0.4327898425 -0.0093261925 0.2636971375
v 0.1537162175 -0.0612955325 0.275678755
v 0.1466207975 -0.0503782975 0.2758523375
v 0.1679070575 -0.0831300025 0.27533159
v 0.1608116375 -0.0722127675 0.2755051725
v 0.165139445 -0.06069795 0.2852213325
v 0.1765626725 -0.0601003675 0.29476391
v 0.1694672525 -0.0491831325 0.2949374925
v 0.1524152225 -0.0120999825 0.2836584
v 0.1580992325 -0.0244610325 0.2874180975
v 0.1409367875 -0.0380172475 0.27209264
v 0.152360015 -0.037419665 0.2816352175
v 0.1637832425 -0.0368220825 0.291177795
v 0.3665372675 -0.0763579275 0.2938473525
v 0.3522956925 -0.076341235 0.2995549175
v 0.3950204175 -0.0763913125 0.2824322225
v 0.3807788425 -0.07637462 0.2881397875
v 0.37180803 -0.0658149025 0.29497782
v 0.3770787925 -0.0552718775 0.2961082875
v 0.3628372175 -0.055255185 0.3018158525
v 0.3872483475 -0.1655164175 0.247239955
v 0.3834783725 -0.1540045975 0.254976145
v 0.376666075 -0.16397173 0.25256742
v 0.4008729425 -0.1455821525 0.252057405
v 0.3971029675 -0.1340703325 0.259793595
v 0.39029067 -0.144037465 0.25738487
v 0.3797083975 -0.1424927775 0.262712335
v 0.3759384225 -0.1309809575 0.270448525
v 0.369126125 -0.14094809 0.2680398
v 0.268845715 -0.079116575 0.3026879325
v 0.26128158 -0.10684736 0.2885578725
v 0.2650636475 -0.0929819675 0.2956229025
v 0.2768911875 -0.0884540275 0.298893535
v 0.28493666 -0.09779148 0.2950991375
v 0.18620988 -0.1006986775 0.2723294125
v 0.17620253 -0.0914987125 0.2757138975
v 0.19621723 -0.1098986425 0.2689449275
v 0.19883316 -0.09755257 0.28242788
v 0.20144909 -0.0852064975 0.2959108325
v 0.3826137575 -0.22779291 0.1994694225
v 0.3697504675 -0.2266817125 0.20380947
v 0.375669495 -0.2360032075 0.1913152075
v 0.32767663 -0.2388494225 0.196552165
v 0.322528105 -0.2495523575 0.185893285
v 0.332825155 -0.2281464875 0.207211045
v 0.319830685 -0.22934102 0.20443719
v 0.306836215 -0.2305355525 0.201663335
v 0.3818516625 -0.2794156325 0.15076869
v 0.3944943975 -0.2748775175 0.15157032
v 0.38366344 -0.26927605 0.15766858
v 0.444195455 -0.2149425 0.1843167275
v 0.43249962 -0.213130725 0.1919327475
v 0.434177065 -0.18894568 0.2073111625
v 0.42248123 -0.187133905 0.2149271825
v 0.427490425 -0.200132315 0.203429965
v 0.420803785 -0.21131895 0.1995487675
v 0.40910795 -0.209507175 0.2071647875
v 0.47801956 -0.2675612775 0.0997474425
v 0.4723875975 -0.254634895 0.119160805
v 0.49059368 -0.2433909525 0.1089102075
v 0.4786746575 -0.2425497325 0.1237421875
v 0.466755635 -0.2417085125 0.1385741675
v 0.4772619375 -0.0393233925 0.2207471175
v 0.4906252275 -0.036379625 0.20396677
v 0.483982225 -0.0249481225 0.2150308425
v 0.416422875 -0.314803615 0.106662735
v 0.4273255975 -0.3133201775 0.1027831375
v 0.4205721875 -0.3013548875 0.1185731875
v 0.5548793775 -0.09854119 0.0847820475
v 0.5530068775 -0.110237815 0.0828048675
v 0.565576005 -0.106685505 0.055862305
v 0.3955674775 -0.0093261925 0.293647195
v 0.4079749325 -0.0093261925 0.2836638425
v 0.4073655725 -0.0296958775 0.285339365
v 0.41387398 -0.019511035 0.2795099275
v 0.4203823875 -0.0093261925 0.27368049
v 0.445536675 -0.1898000425 0.19624691
v 0.45054587 -0.2027984525 0.1847496925
v 0.456896285 -0.190654405 0.1851826575
v 0.4660390225 -0.0816953275 0.22659704
v 0.464723565 -0.0977513075 0.2228403925
v 0.4762151425 -0.090692245 0.2137069875
v 0.4062436 -0.155665215 0.2431429675
v 0.4130558975 -0.1456980825 0.2455516925
v 0.392619005 -0.17559948 0.2383255175
v 0.3994313025 -0.1656323475 0.2407342425
v 0.4116142575 -0.1657482775 0.23422853
v 0.416984915 -0.17583134 0.2253140925
v 0.4237972125 -0.1658642075 0.2277228175
v 0.3272557575 -0.100427545 0.2939701675
v 0.314690575 -0.102022365 0.2939564975
v 0.3200517675 -0.11237601 0.289529555
v 0.2719739975 -0.041720635 0.315473805
v 0.2677560725 -0.02752754 0.3147921275
v 0.260364385 -0.041720635 0.3128656825
v 0.2867573725 -0.013334445 0.319326695
v 0.27514776 -0.013334445 0.3167185725
v 0.2635381475 -0.013334445 0.31411045
v 0.251928535 -0.013334445 0.3115023275
v 0.1931110275 -0.173964355 0.19797738
v 0.1848092475 -0.1656623125 0.2009424125
v 0.2001094425 -0.145617905 0.23404412
v 0.188308455 -0.1514890875 0.2189757825
v 0.1765074675 -0.15736027 0.203907445
v 0.2320247675 -0.14313605 0.2542002775
v 0.229040805 -0.1565077525 0.242808015
v 0.23500873 -0.1297643475 0.26559254
v 0.2235473825 -0.1347816925 0.2572901025
v 0.212086035 -0.1397990375 0.248987665
v 0.31911381 -0.1779165125 0.250363895
v 0.3109989375 -0.1888881125 0.2396331125
v 0.29444191 -0.1794680375 0.246148705
v 0.2863270375 -0.1904396375 0.2354179225
v 0.2986629875 -0.189663875 0.2375255175
v 0.302884065 -0.1998597125 0.22890233
v 0.2947691925 -0.2108313125 0.2181715475
v 0.1931536175 -0.0768377875 0.295528525
v 0.184858145 -0.0684690775 0.2951462175
v 0.1805303375 -0.079983895 0.2854300575
v 0.1366273775 -0.1182873025 0.2158553075
v 0.1294165 -0.1110765575 0.2173510225
v 0.1545952925 -0.1025256475 0.2490287225
v 0.1384004575 -0.10319573 0.23393773
v 0.1222056225 -0.1038658125 0.2188467375
v 0.410298275 -0.187017975 0.221432895
v 0.39811532 -0.186902045 0.2279386075
v 0.403611635 -0.19820461 0.2175516975
v 0.3450927575 -0.1426728525 0.2711713675
v 0.3568795525 -0.14136239 0.269949865
v 0.3215191675 -0.1452937775 0.2736143725
v 0.3333059625 -0.143983315 0.27239287
v 0.33661616 -0.1545989725 0.2653452425
v 0.3281395625 -0.1665250925 0.2595191175
v 0.3399263575 -0.16521463 0.258297615
v 0.2411932675 -0.0094681225 0.3124950175
v 0.2454111925 -0.0236612175 0.313176695
v 0.2281585825 -0.0301216675 0.3158437525
v 0.2323765075 -0.0443147625 0.31652543
v 0.23889385 -0.03398799 0.3148510625
v 0.2496291175 -0.0378543125 0.3138583725
v 0.2538470425 -0.0520474075 0.31454005
v 0.3228464575 -0.0348271075 0.3147876875
v 0.3171516675 -0.022931855 0.3164462825
v 0.31123343 -0.0348271075 0.316277355
v 0.3346829325 -0.0110366025 0.3151255425
v 0.323069905 -0.0110366025 0.31661521
v 0.3114568775 -0.0110366025 0.3181048775
v 0.29984385 -0.0110366025 0.319594545
v 0.517538455 -0.1920487275 0.1057442775
v 0.5237632125 -0.2066798925 0.0799538175
v 0.5306491175 -0.193594205 0.07737138
v 0.503766645 -0.2182201025 0.1109091525
v 0.5168773075 -0.21976558 0.082536255
v 0.52998797 -0.2213110575 0.0541633575
v 0.5430986325 -0.222856535 0.02579046
v 0.50456265 -0.2719929275 0.0521644125
v 0.497578165 -0.25769194 0.08053731
v 0.491291105 -0.2697771025 0.0759559275
v 0.152801655 -0.117596795 0.2305759
v 0.1438176975 -0.1254776225 0.2139891925
v 0.1510080175 -0.1326679425 0.2121230775
v 0.33038325 -0.2934913325 0.1325527225
v 0.3442623125 -0.28941326 0.1421775825
v 0.3350065375 -0.2806551175 0.150912855
v 0.380309605 -0.3257972975 0.1028716225
v 0.3718161825 -0.316886685 0.113980445
v 0.3677417925 -0.3307694275 0.0960025425
v 0.2015884125 -0.1823187125 0.194887555
v 0.20508762 -0.1681454875 0.212920925
v 0.2255415975 -0.1706809775 0.224774645
v 0.2170642125 -0.16232662 0.22786447
v 0.2085868275 -0.1539722625 0.230954295
v 0.268338355 -0.1139398875 0.28572504
v 0.27539513 -0.121032415 0.2828922075
v 0.280165895 -0.1094119475 0.2889956725
v 0.40197546 -0.04108858 0.2866256675
v 0.3996571125 -0.0528561575 0.2852278525
v 0.4109462725 -0.0516482975 0.279787635
v 0.37939714 -0.0435043 0.2975061025
v 0.3883679525 -0.0540640175 0.29066807
v 0.397338765 -0.064623735 0.2838300375
v 0.4063095775 -0.0751834525 0.276992005
v 0.4187430625 -0.1319278525 0.247903885
v 0.41781956 -0.119761855 0.2531859
v 0.4067617375 -0.1234490225 0.259748145
v 0.4408587075 -0.1245535175 0.234779395
v 0.4288773825 -0.1160746875 0.246623655
v 0.4168960575 -0.1075958575 0.258467915
v 0.4049147325 -0.0991170275 0.270312175
v 0.3474778725 -0.0105340525 0.3122074325
v 0.3597446875 -0.0105340525 0.3078340925
v 0.3612312775 -0.0333194575 0.3060333575
v 0.3734980925 -0.0333194575 0.3016600175
v 0.36662139 -0.021926755 0.304747055
v 0.3720115025 -0.0105340525 0.3034607525
v 0.3842783175 -0.0105340525 0.2990874125
v 0.5131131125 -0.0772069525 0.168792095
v 0.525156215 -0.07372449 0.149790955
v 0.5163002825 -0.0652662675 0.1649018
v 0.5073694275 -0.1242541775 0.15976931
v 0.5178820375 -0.1207633825 0.14425894
v 0.507711435 -0.11254922 0.16523726
v 0.1168726625 -0.0120999825 0.2608749075
v 0.1287201825 -0.0120999825 0.268469405
v 0.1290892675 -0.0380172475 0.2644981425
v 0.134828485 -0.025058615 0.2702810225
v 0.1405677025 -0.0120999825 0.2760639025
v 0.4351715425 -0.1383237475 0.2324272025
v 0.42411372 -0.142010915 0.2389894475
v 0.4294843775 -0.1520939775 0.23007501
v 0.3952559625 -0.1097383375 0.270357625
v 0.3855971925 -0.1203596475 0.270403075
v 0.396179465 -0.121904335 0.26507561
v 0.2294677275 -0.0094681225 0.3125536675
v 0.2177421875 -0.0094681225 0.3126123175
v 0.222950385 -0.019794895 0.314228035
v 0.2412195575 -0.0585840725 0.312655535
v 0.23048429 -0.05471775 0.313648225
v 0.2285920725 -0.0651207375 0.31077102
v 0.23155605 -0.21228557 0.1808135125
v 0.2215668375 -0.2022966175 0.18550486
v 0.23553081 -0.18066993 0.2200832975
v 0.2235542175 -0.1864887975 0.2051397525
v 0.211577625 -0.192307665 0.1901962075
v 0.312493415 -0.1566851975 0.26445915
v 0.3034676625 -0.1680766175 0.2553039275
v 0.3158036125 -0.167300855 0.2574115225
v 0.3681894775 -0.17589785 0.246741295
v 0.3608225025 -0.1860892175 0.2406944325
v 0.3436963325 -0.17672645 0.250561425
v 0.34857593 -0.1865035175 0.2426044975
v 0.3534555275 -0.196280585 0.23464757
v 0.3484363375 -0.0338220075 0.3089514675
v 0.35531304 -0.04521471 0.30586443
v 0.341559635 -0.022429305 0.312038505
v 0.3356413975 -0.0343245575 0.3118695775
v 0.32972316 -0.04621981 0.31170065
v 0.074267 -0.0612166675 0.217094975
v 0.0658899825 -0.05283965 0.2175902425
v 0.0846335 -0.0484322425 0.234670565
v 0.0710732325 -0.0464474375 0.2263780375
v 0.057512965 -0.0444626325 0.21808551
v 0.3500422775 -0.055757735 0.3047339625
v 0.3372473375 -0.056260285 0.3076520725
v 0.344771515 -0.06630076 0.303603495
v 0.4329031425 -0.0600291525 0.26081678
v 0.4219247075 -0.055838725 0.2703022075
v 0.41960636 -0.0676063025 0.2689043925
v 0.3847872525 -0.0321115975 0.2962198
v 0.3960764125 -0.0309037375 0.2907795825
v 0.390177365 -0.020718895 0.2949334975
v 0.3644195025 -0.16438603 0.254477485
v 0.3606495275 -0.15287421 0.262213675
v 0.35217293 -0.16480033 0.25638755
v 0.470538235 -0.36833354 0
v 0.4666063225 -0.3539203025 0.0207783725
v 0.490195945 -0.34209066 0
v 0.4764351775 -0.3407988625 0.0207783725
v 0.46267441 -0.339507065 0.041556745
v 0.101161955 -0.0442739925 0.24917121
v 0.1063988575 -0.0335493225 0.2530724425
v 0.0950536525 -0.03131536 0.2473595925
v 0.123852365 -0.0487419175 0.26059691
v 0.1177440625 -0.035783285 0.2587852925
v 0.11163576 -0.0228246525 0.256973675
v 0.1055274575 -0.00986602 0.2551620575
v 0.0775025075 -0.00986602 0.2415717425
v 0.08627808 -0.02059069 0.2444656675
v 0.0915149825 -0.00986602 0.2483669
v 0.11475295 -0.060329235 0.245332335
v 0.09206254 -0.05586131 0.233906635
v 0.103407745 -0.0580952725 0.239619485
v 0.105653535 -0.0719165525 0.23006776
v 0.09655412 -0.08350387 0.214803185
v 0.031620495 -0.01662108 0.2157731925
v 0.03640519 -0.007881215 0.221171795
v 0.022880615 -0.007881215 0.2158595325
v 0.2924521625 -0.0252296975 0.3176681
v 0.285060475 -0.0394227925 0.315741655
v 0.2981469525 -0.03712495 0.316009505
v 0.08687929 -0.0622535225 0.22511884
v 0.08169604 -0.068645735 0.216331045
v 0.08912508 -0.0760748025 0.215567115
v 0.5621517175 -0.1704914375 0.02579046
v 0.5756756275 -0.1643176775 0
v 0.5351038975 -0.1828389575 0.07737138
v 0.5486278075 -0.1766651975 0.05158092
v 0.559307345 -0.180541115 0.02579046
v 0.5564629725 -0.1905907925 0.02579046
v 0.5699868825 -0.1844170325 0
v 0.2486651325 -0.1687075325 0.24079892
v 0.25870587 -0.1624283575 0.24935835
v 0.2709590175 -0.1763983775 0.24296038
v 0.2698528125 -0.16627378 0.25043908
v 0.2687466075 -0.1561491825 0.25791778
v 0.293367775 -0.2553115525 0.16408121
v 0.30794794 -0.252431955 0.1749872475
v 0.300101995 -0.2429235525 0.1828722725
v 0.2427029925 -0.2161309925 0.1818942425
v 0.2446903725 -0.2003231725 0.201529135
v 0.2689716375 -0.1922061975 0.2233254875
v 0.257824695 -0.188360775 0.2222447575
v 0.2466777525 -0.1845153525 0.2211640275
v 0.5520081925 -0.20134604 0.02579046
v 0.56268773 -0.2052219575 0
v 0.541328655 -0.1974701225 0.05158092
v 0.5475534125 -0.2121012875 0.02579046
v 0.55377817 -0.2267324525 0
v 0.4981980375 -0.205234835 0.1261740975
v 0.5050839425 -0.1921491475 0.12359166
v 0.49262943 -0.1922495675 0.1414390425
v 0.2600583925 -0.2143644325 0.1939866775
v 0.2774137925 -0.2125978725 0.2060791125
v 0.273192715 -0.202402035 0.2147023
f 45 2074 2076
f 2074 538 2075
f 2076 2075 540
f 2074 2075 2076
f 538 2077 2079
f 2077 34 2078
f 2079 2078 539
f 2077 2078 2079
f 540 2080 2082
f 2080 539 2081
f 2082 2081 19
f 2080 2081 2082
f 538 2079 2075
f 2079 539 2080
f 2075 2080 540
f 2079 2080 2075
f 49 2083 2085
f 2083 541 2084
f 2085 2084 543
f 2083 2084 2085
f 541 2086 2088
f 2086 51 2087
f 2088 2087 542
f 2086 2087 2088
f 543 2089 2091
f 2089 542 2090
f 2091 2090 60
f 2089 2090 2091
f 541 2088 2084
f 2088 542 2089
f 2084 2089 543
f 2088 2089 2084
f 37 2092 2094
f 2092 544 2093
f 2094 2093 546
f 2092 2093 2094
f 544 2095 2097
f 2095 79 2096
f 2097 2096 545
f 2095 2096 2097
f 546 2098 2100
f 2098 545 2099
f 2100 2099 31
f 2098 2099 2100
f 544 2097 2093
f 2097 545 2098
f 2093 2098 546
f 2097 2098 2093
f 15 2101 2103
f 2101 547 2102
f 2103 2102 549
f 2101 2102 2103
f 547 2104 2106
f 2104 65 2105
f 2106 2105 548
f 2104 2105 2106
f 549 2107 2109
f 2107 548 2108
f 2109 2108 56
f 2107 2108 2109
f 547 2106 2102
f 2106 548 2107
f 2102 2107 549
f 2106 2107 2102
f 18 2110 2112
f 2110 550 2111
f 2112 2111 552
f 2110 2111 2112
f 550 2113 2115
f 2113 52 2114
f 2115 2114 551
f 2113 2114 2115
f 552 2116 2118
f 2116 551 2117
f 2118 2117 22
f 2116 2117 2118
f 550 2115 2111
f 2115 551 2116
f 2111 2116 552
f 2115 2116 2111
f 9 2119 2121
f 2119 553 2120
f 2121 2120 555
f 2119 2120 2121
f 553 2122 2124
f 2122 49 2123
f 2124 2123 554
f 2122 2123 2124
f 555 2125 2127
f 2125 554 2126
f 2127 2126 16
f 2125 2126 2127
f 553 2124 2120
f 2124 554 2125
f 2120 2125 555
f 2124 2125 2120
f 23 2128 2130
f 2128 556 2129
f 2130 2129 558
f 2128 2129 2130
f 556 2131 2133
f 2131 20 2132
f 2133 2132 557
f 2131 2132 2133
f 558 2134 2136
f 2134 557 2135
f 2136 2135 42
f 2134 2135 2136
f 556 2133 2129
f 2133 557 2134
f 2129 2134 558
f 2133 2134 2129
f 48 2137 2139
f 2137 559 2138
f 2139 2138 561
f 2137 2138 2139
f 559 2140 2142
f 2140 12 2141
f 2142 2141 560
f 2140 2141 2142
f 561 2143 2145
f 2143 560 2144
f 2145 2144 62
f 2143 2144 2145
f 559 2142 2138
f 2142 560 2143
f 2138 2143 561
f 2142 2143 2138
f 10 2146 2148
f 2146 562 2147
f 2148 2147 564
f 2146 2147 2148
f 562 2149 2151
f 2149 6 2150
f 2151 2150 563
f 2149 2150 2151
f 564 2152 2154
f 2152 563 2153
f 2154 2153 28
f 2152 2153 2154
f 562 2151 2147
f 2151 563 2152
f 2147 2152 564
f 2151 2152 2147
f 53 2155 2157
f 2155 565 2156
f 2157 2156 567
f 2155 2156 2157
f 565 2158 2160
f 2158 59 2159
f 2160 2159 566
f 2158 2159 2160
f 567 2161 2163
f 2161 566 2162
f 2163 2162 71
f 2161 2162 2163
f 565 2160 2156
f 2160 566 2161
f 2156 2161 567
f 2160 2161 2156
f 22 2164 2166
f 2164 568 2165
f 2166 2165 570
f 2164 2165 2166
f 568 2167 2169
f 2167 11 2168
f 2169 2168 569
f 2167 2168 2169
f 570 2170 2172
f 2170 569 2171
f 2172 2171 19
f 2170 2171 2172
f 568 2169 2165
f 2169 569 2170
f 2165 2170 570
f 2169 2170 2165
f 7 2173 2175
f 2173 571 2174
f 2175 2174 573
f 2173 2174 2175
f 571 2176 2178
f 2176 80 2177
f 2178 2177 572
f 2176 2177 2178
f 573 2179 2181
f 2179 572 2180
f 2181 2180 41
f 2179 2180 2181
f 571 2178 2174
f 2178 572 2179
f 2174 2179 573
f 2178 2179 2174
f 73 2182 2184
f 2182 574 2183
f 2184 2183 576
f 2182 2183 2184
f 574 2185 2187
f 2185 24 2186
f 2187 2186 575
f 2185 2186 2187
f 576 2188 2190
f 2188 575 2189
f 2190 2189 64
f 2188 2189 2190
f 574 2187 2183
f 2187 575 2188
f 2183 2188 576
f 2187 2188 2183
f 46 2191 2193
f 2191 577 2192
f 2193 2192 579
f 2191 2192 2193
f 577 2194 2196
f 2194 44 2195
f 2196 2195 578
f 2194 2195 2196
f 579 2197 2199
f 2197 578 2198
f 2199 2198 67
f 2197 2198 2199
f 577 2196 2192
f 2196 578 2197
f 2192 2197 579
f 2196 2197 2192
f 33 2200 2202
f 2200 580 2201
f 2202 2201 582
f 2200 2201 2202
f 580 2203 2205
f 2203 62 2204
f 2205 2204 581
f 2203 2204 2205
f 582 2206 2208
f 2206 581 2207
f 2208 2207 40
f 2206 2207 2208
f 580 2205 2201
f 2205 581 2206
f 2201 2206 582
f 2205 2206 2201
f 41 2209 2211
f 2209 583 2210
f 2211 2210 585
f 2209 2210 2211
f 583 2212 2214
f 2212 22 2213
f 2214 2213 584
f 2212 2213 2214
f 585 2215 2217
f 2215 584 2216
f 2217 2216 28
f 2215 2216 2217
f 583 2214 2210
f 2214 584 2215
f 2210 2215 585
f 2214 2215 2210
f 11 2218 2220
f 2218 586 2219
f 2220 2219 588
f 2218 2219 2220
f 586 2221 2223
f 2221 52 2222
f 2223 2222 587
f 2221 2222 2223
f 588 2224 2226
f 2224 587 2225
f 2226 2225 64
f 2224 2225 2226
f 586 2223 2219
f 2223 587 2224
f 2219 2224 588
f 2223 2224 2219
f 28 2227 2154
f 2227 589 2228
f 2154 2228 564
f 2227 2228 2154
f 589 2229 2231
f 2229 34 2230
f 2231 2230 590
f 2229 2230 2231
f 564 2232 2148
f 2232 590 2233
f 2148 2233 10
f 2232 2233 2148
f 589 2231 2228
f 2231 590 2232
f 2228 2232 564
f 2231 2232 2228
f 14 2234 2236
f 2234 591 2235
f 2236 2235 593
f 2234 2235 2236
f 591 2237 2239
f 2237 29 2238
f 2239 2238 592
f 2237 2238 2239
f 593 2240 2242
f 2240 592 2241
f 2242 2241 11
f 2240 2241 2242
f 591 2239 2235
f 2239 592 2240
f 2235 2240 593
f 2239 2240 2235
f 8 2243 2245
f 2243 594 2244
f 2245 2244 595
f 2243 2244 2245
f 594 2246 2247
f 2246 20 2131
f 2247 2131 556
f 2246 2131 2247
f 595 2248 2249
f 2248 556 2128
f 2249 2128 23
f 2248 2128 2249
f 594 2247 2244
f 2247 556 2248
f 2244 2248 595
f 2247 2248 2244
f 37 2094 2251
f 2094 546 2250
f 2251 2250 597
f 2094 2250 2251
f 546 2100 2253
f 2100 31 2252
f 2253 2252 596
f 2100 2252 2253
f 597 2254 2256
f 2254 596 2255
f 2256 2255 53
f 2254 2255 2256
f 546 2253 2250
f 2253 596 2254
f 2250 2254 597
f 2253 2254 2250
f 46 2257 2259
f 2257 598 2258
f 2259 2258 600
f 2257 2258 2259
f 598 2260 2262
f 2260 59 2261
f 2262 2261 599
f 2260 2261 2262
f 600 2263 2265
f 2263 599 2264
f 2265 2264 21
f 2263 2264 2265
f 598 2262 2258
f 2262 599 2263
f 2258 2263 600
f 2262 2263 2258
f 18 2266 2110
f 2266 601 2267
f 2110 2267 550
f 2266 2267 2110
f 601 2268 2270
f 2268 51 2269
f 2270 2269 602
f 2268 2269 2270
f 550 2271 2113
f 2271 602 2272
f 2113 2272 52
f 2271 2272 2113
f 601 2270 2267
f 2270 602 2271
f 2267 2271 550
f 2270 2271 2267
f 45 2076 2274
f 2076 540 2273
f 2274 2273 604
f 2076 2273 2274
f 540 2082 2276
f 2082 19 2275
f 2276 2275 603
f 2082 2275 2276
f 604 2277 2279
f 2277 603 2278
f 2279 2278 29
f 2277 2278 2279
f 540 2276 2273
f 2276 603 2277
f 2273 2277 604
f 2276 2277 2273
f 70 2280 2282
f 2280 605 2281
f 2282 2281 607
f 2280 2281 2282
f 605 2283 2285
f 2283 26 2284
f 2285 2284 606
f 2283 2284 2285
f 607 2286 2288
f 2286 606 2287
f 2288 2287 76
f 2286 2287 2288
f 605 2285 2281
f 2285 606 2286
f 2281 2286 607
f 2285 2286 2281
f 23 2289 2291
f 2289 608 2290
f 2291 2290 609
f 2289 2290 2291
f 608 2292 2293
f 2292 16 2126
f 2293 2126 554
f 2292 2126 2293
f 609 2294 2295
f 2294 554 2123
f 2295 2123 49
f 2294 2123 2295
f 608 2293 2290
f 2293 554 2294
f 2290 2294 609
f 2293 2294 2290
f 2 2296 2298
f 2296 610 2297
f 2298 2297 612
f 2296 2297 2298
f 610 2299 2301
f 2299 35 2300
f 2301 2300 611
f 2299 2300 2301
f 612 2302 2304
f 2302 611 2303
f 2304 2303 74
f 2302 2303 2304
f 610 2301 2297
f 2301 611 2302
f 2297 2302 612
f 2301 2302 2297
f 42 2305 2307
f 2305 613 2306
f 2307 2306 615
f 2305 2306 2307
f 613 2308 2310
f 2308 35 2309
f 2310 2309 614
f 2308 2309 2310
f 615 2311 2313
f 2311 614 2312
f 2313 2312 27
f 2311 2312 2313
f 613 2310 2306
f 2310 614 2311
f 2306 2311 615
f 2310 2311 2306
f 63 2314 2316
f 2314 616 2315
f 2316 2315 618
f 2314 2315 2316
f 616 2317 2319
f 2317 21 2318
f 2319 2318 617
f 2317 2318 2319
f 618 2320 2322
f 2320 617 2321
f 2322 2321 31
f 2320 2321 2322
f 616 2319 2315
f 2319 617 2320
f 2315 2320 618
f 2319 2320 2315
f 30 2323 2325
f 2323 619 2324
f 2325 2324 620
f 2323 2324 2325
f 619 2326 2327
f 2326 52 2272
f 2327 2272 602
f 2326 2272 2327
f 620 2328 2329
f 2328 602 2269
f 2329 2269 51
f 2328 2269 2329
f 619 2327 2324
f 2327 602 2328
f 2324 2328 620
f 2327 2328 2324
f 13 2330 2332
f 2330 621 2331
f 2332 2331 623
f 2330 2331 2332
f 621 2333 2335
f 2333 8 2334
f 2335 2334 622
f 2333 2334 2335
f 623 2336 2338
f 2336 622 2337
f 2338 2337 60
f 2336 2337 2338
f 621 2335 2331
f 2335 622 2336
f 2331 2336 623
f 2335 2336 2331
f 25 2339 2341
f 2339 624 2340
f 2341 2340 626
f 2339 2340 2341
f 624 2342 2344
f 2342 50 2343
f 2344 2343 625
f 2342 2343 2344
f 626 2345 2347
f 2345 625 2346
f 2347 2346 55
f 2345 2346 2347
f 624 2344 2340
f 2344 625 2345
f 2340 2345 626
f 2344 2345 2340
f 27 2348 2350
f 2348 627 2349
f 2350 2349 629
f 2348 2349 2350
f 627 2351 2353
f 2351 62 2352
f 2353 2352 628
f 2351 2352 2353
f 629 2354 2356
f 2354 628 2355
f 2356 2355 16
f 2354 2355 2356
f 627 2353 2349
f 2353 628 2354
f 2349 2354 629
f 2353 2354 2349
f 27 2312 2358
f 2312 614 2357
f 2358 2357 631
f 2312 2357 2358
f 614 2309 2360
f 2309 35 2359
f 2360 2359 630
f 2309 2359 2360
f 631 2361 2363
f 2361 630 2362
f 2363 2362 36
f 2361 2362 2363
f 614 2360 2357
f 2360 630 2361
f 2357 2361 631
f 2360 2361 2357
f 1 2364 2366
f 2364 632 2365
f 2366 2365 633
f 2364 2365 2366
f 632 2367 2368
f 2367 10 2233
f 2368 2233 590
f 2367 2233 2368
f 633 2369 2370
f 2369 590 2230
f 2370 2230 34
f 2369 2230 2370
f 632 2368 2365
f 2368 590 2369
f 2365 2369 633
f 2368 2369 2365
f 41 2180 2372
f 2180 572 2371
f 2372 2371 635
f 2180 2371 2372
f 572 2177 2374
f 2177 80 2373
f 2374 2373 634
f 2177 2373 2374
f 635 2375 2377
f 2375 634 2376
f 2377 2376 18
f 2375 2376 2377
f 572 2374 2371
f 2374 634 2375
f 2371 2375 635
f 2374 2375 2371
f 40 2378 2208
f 2378 636 2379
f 2208 2379 582
f 2378 2379 2208
f 636 2380 2382
f 2380 47 2381
f 2382 2381 637
f 2380 2381 2382
f 582 2383 2202
f 2383 637 2384
f 2202 2384 33
f 2383 2384 2202
f 636 2382 2379
f 2382 637 2383
f 2379 2383 582
f 2382 2383 2379
f 53 2157 2386
f 2157 567 2385
f 2386 2385 639
f 2157 2385 2386
f 567 2163 2388
f 2163 71 2387
f 2388 2387 638
f 2163 2387 2388
f 639 2389 2391
f 2389 638 2390
f 2391 2390 24
f 2389 2390 2391
f 567 2388 2385
f 2388 638 2389
f 2385 2389 639
f 2388 2389 2385
f 21 2392 2265
f 2392 640 2393
f 2265 2393 600
f 2392 2393 2265
f 640 2394 2396
f 2394 54 2395
f 2396 2395 641
f 2394 2395 2396
f 600 2397 2259
f 2397 641 2398
f 2259 2398 46
f 2397 2398 2259
f 640 2396 2393
f 2396 641 2397
f 2393 2397 600
f 2396 2397 2393
f 44 2399 2401
f 2399 642 2400
f 2401 2400 644
f 2399 2400 2401
f 642 2402 2404
f 2402 57 2403
f 2404 2403 643
f 2402 2403 2404
f 644 2405 2407
f 2405 643 2406
f 2407 2406 17
f 2405 2406 2407
f 642 2404 2400
f 2404 643 2405
f 2400 2405 644
f 2404 2405 2400
f 36 2408 2363
f 2408 645 2409
f 2363 2409 631
f 2408 2409 2363
f 645 2410 2412
f 2410 48 2411
f 2412 2411 646
f 2410 2411 2412
f 631 2413 2358
f 2413 646 2414
f 2358 2414 27
f 2413 2414 2358
f 645 2412 2409
f 2412 646 2413
f 2409 2413 631
f 2412 2413 2409
f 16 2415 2127
f 2415 647 2416
f 2127 2416 555
f 2415 2416 2127
f 647 2417 2419
f 2417 33 2418
f 2419 2418 648
f 2417 2418 2419
f 555 2420 2121
f 2420 648 2421
f 2121 2421 9
f 2420 2421 2121
f 647 2419 2416
f 2419 648 2420
f 2416 2420 555
f 2419 2420 2416
f 1 2366 2423
f 2366 633 2422
f 2423 2422 649
f 2366 2422 2423
f 633 2370 2424
f 2370 34 2077
f 2424 2077 538
f 2370 2077 2424
f 649 2425 2426
f 2425 538 2074
f 2426 2074 45
f 2425 2074 2426
f 633 2424 2422
f 2424 538 2425
f 2422 2425 649
f 2424 2425 2422
f 34 2229 2078
f 2229 589 2427
f 2078 2427 539
f 2229 2427 2078
f 589 2227 2429
f 2227 28 2428
f 2429 2428 650
f 2227 2428 2429
f 539 2430 2081
f 2430 650 2431
f 2081 2431 19
f 2430 2431 2081
f 589 2429 2427
f 2429 650 2430
f 2427 2430 539
f 2429 2430 2427
f 23 2130 2289
f 2130 558 2432
f 2289 2432 608
f 2130 2432 2289
f 558 2136 2434
f 2136 42 2433
f 2434 2433 651
f 2136 2433 2434
f 608 2435 2292
f 2435 651 2436
f 2292 2436 16
f 2435 2436 2292
f 558 2434 2432
f 2434 651 2435
f 2432 2435 608
f 2434 2435 2432
f 2 2437 2296
f 2437 652 2438
f 2296 2438 610
f 2437 2438 2296
f 652 2439 2440
f 2439 36 2362
f 2440 2362 630
f 2439 2362 2440
f 610 2441 2299
f 2441 630 2359
f 2299 2359 35
f 2441 2359 2299
f 652 2440 2438
f 2440 630 2441
f 2438 2441 610
f 2440 2441 2438
f 47 2442 2444
f 2442 653 2443
f 2444 2443 655
f 2442 2443 2444
f 653 2445 2447
f 2445 55 2446
f 2447 2446 654
f 2445 2446 2447
f 655 2448 2450
f 2448 654 2449
f 2450 2449 68
f 2448 2449 2450
f 653 2447 2443
f 2447 654 2448
f 2443 2448 655
f 2447 2448 2443
f 37 2451 2453
f 2451 656 2452
f 2453 2452 657
f 2451 2452 2453
f 656 2454 2455
f 2454 24 2185
f 2455 2185 574
f 2454 2185 2455
f 657 2456 2457
f 2456 574 2182
f 2457 2182 73
f 2456 2182 2457
f 656 2455 2452
f 2455 574 2456
f 2452 2456 657
f 2455 2456 2452
f 17 2458 2407
f 2458 658 2459
f 2407 2459 644
f 2458 2459 2407
f 658 2460 2461
f 2460 67 2198
f 2461 2198 578
f 2460 2198 2461
f 644 2462 2401
f 2462 578 2195
f 2401 2195 44
f 2462 2195 2401
f 658 2461 2459
f 2461 578 2462
f 2459 2462 644
f 2461 2462 2459
f 39 2463 2465
f 2463 659 2464
f 2465 2464 661
f 2463 2464 2465
f 659 2466 2468
f 2466 56 2467
f 2468 2467 660
f 2466 2467 2468
f 661 2469 2471
f 2469 660 2470
f 2471 2470 54
f 2469 2470 2471
f 659 2468 2464
f 2468 660 2469
f 2464 2469 661
f 2468 2469 2464
f 58 2472 2474
f 2472 662 2473
f 2474 2473 664
f 2472 2473 2474
f 662 2475 2477
f 2475 9 2476
f 2477 2476 663
f 2475 2476 2477
f 664 2478 2480
f 2478 663 2479
f 2480 2479 47
f 2478 2479 2480
f 662 2477 2473
f 2477 663 2478
f 2473 2478 664
f 2477 2478 2473
f 25 2481 2483
f 2481 665 2482
f 2483 2482 667
f 2481 2482 2483
f 665 2484 2486
f 2484 40 2485
f 2486 2485 666
f 2484 2485 2486
f 667 2487 2489
f 2487 666 2488
f 2489 2488 12
f 2487 2488 2489
f 665 2486 2482
f 2486 666 2487
f 2482 2487 667
f 2486 2487 2482
f 41 2490 2181
f 2490 668 2491
f 2181 2491 573
f 2490 2491 2181
f 668 2492 2494
f 2492 6 2493
f 2494 2493 669
f 2492 2493 2494
f 573 2495 2175
f 2495 669 2496
f 2175 2496 7
f 2495 2496 2175
f 668 2494 2491
f 2494 669 2495
f 2491 2495 573
f 2494 2495 2491
f 51 2268 2498
f 2268 601 2497
f 2498 2497 670
f 2268 2497 2498
f 601 2266 2499
f 2266 18 2376
f 2499 2376 634
f 2266 2376 2499
f 670 2500 2501
f 2500 634 2373
f 2501 2373 80
f 2500 2373 2501
f 601 2499 2497
f 2499 634 2500
f 2497 2500 670
f 2499 2500 2497
f 42 2502 2305
f 2502 671 2503
f 2305 2503 613
f 2502 2503 2305
f 671 2504 2505
f 2504 74 2303
f 2505 2303 611
f 2504 2303 2505
f 613 2506 2308
f 2506 611 2300
f 2308 2300 35
f 2506 2300 2308
f 671 2505 2503
f 2505 611 2506
f 2503 2506 613
f 2505 2506 2503
f 14 2236 2508
f 2236 593 2507
f 2508 2507 673
f 2236 2507 2508
f 593 2242 2510
f 2242 11 2509
f 2510 2509 672
f 2242 2509 2510
f 673 2511 2513
f 2511 672 2512
f 2513 2512 72
f 2511 2512 2513
f 593 2510 2507
f 2510 672 2511
f 2507 2511 673
f 2510 2511 2507
f 44 2514 2516
f 2514 674 2515
f 2516 2515 675
f 2514 2515 2516
f 674 2517 2518
f 2517 56 2108
f 2518 2108 548
f 2517 2108 2518
f 675 2519 2520
f 2519 548 2105
f 2520 2105 65
f 2519 2105 2520
f 674 2518 2515
f 2518 548 2519
f 2515 2519 675
f 2518 2519 2515
f 44 2516 2399
f 2516 675 2521
f 2399 2521 642
f 2516 2521 2399
f 675 2520 2523
f 2520 65 2522
f 2523 2522 676
f 2520 2522 2523
f 642 2524 2402
f 2524 676 2525
f 2402 2525 57
f 2524 2525 2402
f 675 2523 2521
f 2523 676 2524
f 2521 2524 642
f 2523 2524 2521
f 43 2526 2528
f 2526 677 2527
f 2528 2527 678
f 2526 2527 2528
f 677 2529 2530
f 2529 64 2189
f 2530 2189 575
f 2529 2189 2530
f 678 2531 2532
f 2531 575 2186
f 2532 2186 24
f 2531 2186 2532
f 677 2530 2527
f 2530 575 2531
f 2527 2531 678
f 2530 2531 2527
f 73 2533 2535
f 2533 679 2534
f 2535 2534 681
f 2533 2534 2535
f 679 2536 2538
f 2536 66 2537
f 2538 2537 680
f 2536 2537 2538
f 681 2539 2541
f 2539 680 2540
f 2541 2540 58
f 2539 2540 2541
f 679 2538 2534
f 2538 680 2539
f 2534 2539 681
f 2538 2539 2534
f 53 2542 2155
f 2542 682 2543
f 2155 2543 565
f 2542 2543 2155
f 682 2544 2545
f 2544 21 2264
f 2545 2264 599
f 2544 2264 2545
f 565 2546 2158
f 2546 599 2261
f 2158 2261 59
f 2546 2261 2158
f 682 2545 2543
f 2545 599 2546
f 2543 2546 565
f 2545 2546 2543
f 46 2398 2548
f 2398 641 2547
f 2548 2547 683
f 2398 2547 2548
f 641 2395 2549
f 2395 54 2470
f 2549 2470 660
f 2395 2470 2549
f 683 2550 2551
f 2550 660 2467
f 2551 2467 56
f 2550 2467 2551
f 641 2549 2547
f 2549 660 2550
f 2547 2550 683
f 2549 2550 2547
f 33 2384 2418
f 2384 637 2552
f 2418 2552 648
f 2384 2552 2418
f 637 2381 2553
f 2381 47 2479
f 2553 2479 663
f 2381 2479 2553
f 648 2554 2421
f 2554 663 2476
f 2421 2476 9
f 2554 2476 2421
f 637 2553 2552
f 2553 663 2554
f 2552 2554 648
f 2553 2554 2552
f 55 2445 2556
f 2445 653 2555
f 2556 2555 684
f 2445 2555 2556
f 653 2442 2557
f 2442 47 2380
f 2557 2380 636
f 2442 2380 2557
f 684 2558 2559
f 2558 636 2378
f 2559 2378 40
f 2558 2378 2559
f 653 2557 2555
f 2557 636 2558
f 2555 2558 684
f 2557 2558 2555
f 33 2417 2200
f 2417 647 2560
f 2200 2560 580
f 2417 2560 2200
f 647 2415 2561
f 2415 16 2355
f 2561 2355 628
f 2415 2355 2561
f 580 2562 2203
f 2562 628 2352
f 2203 2352 62
f 2562 2352 2203
f 647 2561 2560
f 2561 628 2562
f 2560 2562 580
f 2561 2562 2560
f 9 2563 2119
f 2563 685 2564
f 2119 2564 553
f 2563 2564 2119
f 685 2565 2567
f 2565 30 2566
f 2567 2566 686
f 2565 2566 2567
f 553 2568 2122
f 2568 686 2569
f 2122 2569 49
f 2568 2569 2122
f 685 2567 2564
f 2567 686 2568
f 2564 2568 553
f 2567 2568 2564
f 49 2085 2295
f 2085 543 2570
f 2295 2570 609
f 2085 2570 2295
f 543 2091 2572
f 2091 60 2571
f 2572 2571 687
f 2091 2571 2572
f 609 2573 2291
f 2573 687 2574
f 2291 2574 23
f 2573 2574 2291
f 543 2572 2570
f 2572 687 2573
f 2570 2573 609
f 2572 2573 2570
f 29 2278 2238
f 2278 603 2575
f 2238 2575 592
f 2278 2575 2238
f 603 2275 2576
f 2275 19 2171
f 2576 2171 569
f 2275 2171 2576
f 592 2577 2241
f 2577 569 2168
f 2241 2168 11
f 2577 2168 2241
f 603 2576 2575
f 2576 569 2577
f 2575 2577 592
f 2576 2577 2575
f 16 2436 2356
f 2436 651 2578
f 2356 2578 629
f 2436 2578 2356
f 651 2433 2579
f 2433 42 2307
f 2579 2307 615
f 2433 2307 2579
f 629 2580 2350
f 2580 615 2313
f 2350 2313 27
f 2580 2313 2350
f 651 2579 2578
f 2579 615 2580
f 2578 2580 629
f 2579 2580 2578
f 6 2492 2150
f 2492 668 2581
f 2150 2581 563
f 2492 2581 2150
f 668 2490 2582
f 2490 41 2211
f 2582 2211 585
f 2490 2211 2582
f 563 2583 2153
f 2583 585 2217
f 2153 2217 28
f 2583 2217 2153
f 668 2582 2581
f 2582 585 2583
f 2581 2583 563
f 2582 2583 2581
f 14 2508 2585
f 2508 673 2584
f 2585 2584 689
f 2508 2584 2585
f 673 2513 2587
f 2513 72 2586
f 2587 2586 688
f 2513 2586 2587
f 689 2588 2590
f 2588 688 2589
f 2590 2589 32
f 2588 2589 2590
f 673 2587 2584
f 2587 688 2588
f 2584 2588 689
f 2587 2588 2584
f 51 2086 2329
f 2086 541 2591
f 2329 2591 620
f 2086 2591 2329
f 541 2083 2592
f 2083 49 2569
f 2592 2569 686
f 2083 2569 2592
f 620 2593 2325
f 2593 686 2566
f 2325 2566 30
f 2593 2566 2325
f 541 2592 2591
f 2592 686 2593
f 2591 2593 620
f 2592 2593 2591
f 22 2117 2164
f 2117 551 2594
f 2164 2594 568
f 2117 2594 2164
f 551 2114 2595
f 2114 52 2221
f 2595 2221 586
f 2114 2221 2595
f 568 2596 2167
f 2596 586 2218
f 2167 2218 11
f 2596 2218 2167
f 551 2595 2594
f 2595 586 2596
f 2594 2596 568
f 2595 2596 2594
f 30 2597 2599
f 2597 690 2598
f 2599 2598 691
f 2597 2598 2599
f 690 2600 2601
f 2600 58 2540
f 2601 2540 680
f 2600 2540 2601
f 691 2602 2603
f 2602 680 2537
f 2603 2537 66
f 2602 2537 2603
f 690 2601 2598
f 2601 680 2602
f 2598 2602 691
f 2601 2602 2598
f 37 2251 2451
f 2251 597 2604
f 2451 2604 656
f 2251 2604 2451
f 597 2256 2605
f 2256 53 2386
f 2605 2386 639
f 2256 2386 2605
f 656 2606 2454
f 2606 639 2391
f 2454 2391 24
f 2606 2391 2454
f 597 2605 2604
f 2605 639 2606
f 2604 2606 656
f 2605 2606 2604
f 38 2607 2609
f 2607 692 2608
f 2609 2608 694
f 2607 2608 2609
f 692 2610 2612
f 2610 5 2611
f 2612 2611 693
f 2610 2611 2612
f 694 2613 2615
f 2613 693 2614
f 2615 2614 59
f 2613 2614 2615
f 692 2612 2608
f 2612 693 2613
f 2608 2613 694
f 2612 2613 2608
f 39 2465 2617
f 2465 661 2616
f 2617 2616 696
f 2465 2616 2617
f 661 2471 2619
f 2471 54 2618
f 2619 2618 695
f 2471 2618 2619
f 696 2620 2622
f 2620 695 2621
f 2622 2621 3
f 2620 2621 2622
f 661 2619 2616
f 2619 695 2620
f 2616 2620 696
f 2619 2620 2616
f 54 2394 2624
f 2394 640 2623
f 2624 2623 697
f 2394 2623 2624
f 640 2392 2625
f 2392 21 2317
f 2625 2317 616
f 2392 2317 2625
f 697 2626 2627
f 2626 616 2314
f 2627 2314 63
f 2626 2314 2627
f 640 2625 2623
f 2625 616 2626
f 2623 2626 697
f 2625 2626 2623
f 55 2628 2446
f 2628 698 2629
f 2446 2629 654
f 2628 2629 2446
f 698 2630 2632
f 2630 79 2631
f 2632 2631 699
f 2630 2631 2632
f 654 2633 2449
f 2633 699 2634
f 2449 2634 68
f 2633 2634 2449
f 698 2632 2629
f 2632 699 2633
f 2629 2633 654
f 2632 2633 2629
f 56 2517 2551
f 2517 674 2635
f 2551 2635 683
f 2517 2635 2551
f 674 2514 2636
f 2514 44 2194
f 2636 2194 577
f 2514 2194 2636
f 683 2637 2548
f 2637 577 2191
f 2548 2191 46
f 2637 2191 2548
f 674 2636 2635
f 2636 577 2637
f 2635 2637 683
f 2636 2637 2635
f 15 2103 2639
f 2103 549 2638
f 2639 2638 701
f 2103 2638 2639
f 549 2109 2641
f 2109 56 2640
f 2641 2640 700
f 2109 2640 2641
f 701 2642 2644
f 2642 700 2643
f 2644 2643 61
f 2642 2643 2644
f 549 2641 2638
f 2641 700 2642
f 2638 2642 701
f 2641 2642 2638
f 9 2475 2563
f 2475 662 2645
f 2563 2645 685
f 2475 2645 2563
f 662 2472 2646
f 2472 58 2600
f 2646 2600 690
f 2472 2600 2646
f 685 2647 2565
f 2647 690 2597
f 2565 2597 30
f 2647 2597 2565
f 662 2646 2645
f 2646 690 2647
f 2645 2647 685
f 2646 2647 2645
f 68 2648 2650
f 2648 702 2649
f 2650 2649 703
f 2648 2649 2650
f 702 2651 2652
f 2651 37 2453
f 2652 2453 657
f 2651 2453 2652
f 703 2653 2654
f 2653 657 2457
f 2654 2457 73
f 2653 2457 2654
f 702 2652 2649
f 2652 657 2653
f 2649 2653 703
f 2652 2653 2649
f 59 2655 2615
f 2655 704 2656
f 2615 2656 694
f 2655 2656 2615
f 704 2657 2659
f 2657 67 2658
f 2659 2658 705
f 2657 2658 2659
f 694 2660 2609
f 2660 705 2661
f 2609 2661 38
f 2660 2661 2609
f 704 2659 2656
f 2659 705 2660
f 2656 2660 694
f 2659 2660 2656
f 5 2662 2664
f 2662 706 2663
f 2664 2663 708
f 2662 2663 2664
f 706 2665 2667
f 2665 69 2666
f 2667 2666 707
f 2665 2666 2667
f 708 2668 2670
f 2668 707 2669
f 2670 2669 71
f 2668 2669 2670
f 706 2667 2663
f 2667 707 2668
f 2663 2668 708
f 2667 2668 2663
f 13 2332 2672
f 2332 623 2671
f 2672 2671 710
f 2332 2671 2672
f 623 2338 2674
f 2338 60 2673
f 2674 2673 709
f 2338 2673 2674
f 710 2675 2677
f 2675 709 2676
f 2677 2676 80
f 2675 2676 2677
f 623 2674 2671
f 2674 709 2675
f 2671 2675 710
f 2674 2675 2671
f 23 2574 2249
f 2574 687 2678
f 2249 2678 595
f 2574 2678 2249
f 687 2571 2679
f 2571 60 2337
f 2679 2337 622
f 2571 2337 2679
f 595 2680 2245
f 2680 622 2334
f 2245 2334 8
f 2680 2334 2245
f 687 2679 2678
f 2679 622 2680
f 2678 2680 595
f 2679 2680 2678
f 39 2681 2463
f 2681 711 2682
f 2463 2682 659
f 2681 2682 2463
f 711 2683 2684
f 2683 61 2643
f 2684 2643 700
f 2683 2643 2684
f 659 2685 2466
f 2685 700 2640
f 2466 2640 56
f 2685 2640 2466
f 711 2684 2682
f 2684 700 2685
f 2682 2685 659
f 2684 2685 2682
f 40 2207 2485
f 2207 581 2686
f 2485 2686 666
f 2207 2686 2485
f 581 2204 2687
f 2204 62 2144
f 2687 2144 560
f 2204 2144 2687
f 666 2688 2488
f 2688 560 2141
f 2488 2141 12
f 2688 2141 2488
f 581 2687 2686
f 2687 560 2688
f 2686 2688 666
f 2687 2688 2686
f 48 2139 2411
f 2139 561 2689
f 2411 2689 646
f 2139 2689 2411
f 561 2145 2690
f 2145 62 2351
f 2690 2351 627
f 2145 2351 2690
f 646 2691 2414
f 2691 627 2348
f 2414 2348 27
f 2691 2348 2414
f 561 2690 2689
f 2690 627 2691
f 2689 2691 646
f 2690 2691 2689
f 54 2624 2618
f 2624 697 2692
f 2618 2692 695
f 2624 2692 2618
f 697 2627 2694
f 2627 63 2693
f 2694 2693 712
f 2627 2693 2694
f 695 2695 2621
f 2695 712 2696
f 2621 2696 3
f 2695 2696 2621
f 697 2694 2692
f 2694 712 2695
f 2692 2695 695
f 2694 2695 2692
f 53 2255 2542
f 2255 596 2697
f 2542 2697 682
f 2255 2697 2542
f 596 2252 2698
f 2252 31 2321
f 2698 2321 617
f 2252 2321 2698
f 682 2699 2544
f 2699 617 2318
f 2544 2318 21
f 2699 2318 2544
f 596 2698 2697
f 2698 617 2699
f 2697 2699 682
f 2698 2699 2697
f 64 2529 2701
f 2529 677 2700
f 2701 2700 714
f 2529 2700 2701
f 677 2526 2703
f 2526 43 2702
f 2703 2702 713
f 2526 2702 2703
f 714 2704 2706
f 2704 713 2705
f 2706 2705 72
f 2704 2705 2706
f 677 2703 2700
f 2703 713 2704
f 2700 2704 714
f 2703 2704 2700
f 64 2225 2708
f 2225 587 2707
f 2708 2707 716
f 2225 2707 2708
f 587 2222 2710
f 2222 52 2709
f 2710 2709 715
f 2222 2709 2710
f 716 2711 2713
f 2711 715 2712
f 2713 2712 66
f 2711 2712 2713
f 587 2710 2707
f 2710 715 2711
f 2707 2711 716
f 2710 2711 2707
f 32 2714 2716
f 2714 717 2715
f 2716 2715 719
f 2714 2715 2716
f 717 2717 2719
f 2717 43 2718
f 2719 2718 718
f 2717 2718 2719
f 719 2720 2722
f 2720 718 2721
f 2722 2721 69
f 2720 2721 2722
f 717 2719 2715
f 2719 718 2720
f 2715 2720 719
f 2719 2720 2715
f 19 2431 2172
f 2431 650 2723
f 2172 2723 570
f 2431 2723 2172
f 650 2428 2724
f 2428 28 2216
f 2724 2216 584
f 2428 2216 2724
f 570 2725 2166
f 2725 584 2213
f 2166 2213 22
f 2725 2213 2166
f 650 2724 2723
f 2724 584 2725
f 2723 2725 570
f 2724 2725 2723
f 22 2212 2118
f 2212 583 2726
f 2118 2726 552
f 2212 2726 2118
f 583 2209 2727
f 2209 41 2372
f 2727 2372 635
f 2209 2372 2727
f 552 2728 2112
f 2728 635 2377
f 2112 2377 18
f 2728 2377 2112
f 583 2727 2726
f 2727 635 2728
f 2726 2728 552
f 2727 2728 2726
f 57 2525 2730
f 2525 676 2729
f 2730 2729 721
f 2525 2729 2730
f 676 2522 2732
f 2522 65 2731
f 2732 2731 720
f 2522 2731 2732
f 721 2733 2735
f 2733 720 2734
f 2735 2734 75
f 2733 2734 2735
f 676 2732 2729
f 2732 720 2733
f 2729 2733 721
f 2732 2733 2729
f 30 2599 2323
f 2599 691 2736
f 2323 2736 619
f 2599 2736 2323
f 691 2603 2737
f 2603 66 2712
f 2737 2712 715
f 2603 2712 2737
f 619 2738 2326
f 2738 715 2709
f 2326 2709 52
f 2738 2709 2326
f 691 2737 2736
f 2737 715 2738
f 2736 2738 619
f 2737 2738 2736
f 66 2536 2713
f 2536 679 2739
f 2713 2739 716
f 2536 2739 2713
f 679 2533 2740
f 2533 73 2184
f 2740 2184 576
f 2533 2184 2740
f 716 2741 2708
f 2741 576 2190
f 2708 2190 64
f 2741 2190 2708
f 679 2740 2739
f 2740 576 2741
f 2739 2741 716
f 2740 2741 2739
f 67 2460 2658
f 2460 658 2742
f 2658 2742 705
f 2460 2742 2658
f 658 2458 2744
f 2458 17 2743
f 2744 2743 722
f 2458 2743 2744
f 705 2745 2661
f 2745 722 2746
f 2661 2746 38
f 2745 2746 2661
f 658 2744 2742
f 2744 722 2745
f 2742 2745 705
f 2744 2745 2742
f 46 2193 2257
f 2193 579 2747
f 2257 2747 598
f 2193 2747 2257
f 579 2199 2748
f 2199 67 2657
f 2748 2657 704
f 2199 2657 2748
f 598 2749 2260
f 2749 704 2655
f 2260 2655 59
f 2749 2655 2260
f 579 2748 2747
f 2748 704 2749
f 2747 2749 598
f 2748 2749 2747
f 3 2696 2751
f 2696 712 2750
f 2751 2750 724
f 2696 2750 2751
f 712 2693 2753
f 2693 63 2752
f 2753 2752 723
f 2693 2752 2753
f 724 2754 2756
f 2754 723 2755
f 2756 2755 50
f 2754 2755 2756
f 712 2753 2750
f 2753 723 2754
f 2750 2754 724
f 2753 2754 2750
f 68 2634 2648
f 2634 699 2757
f 2648 2757 702
f 2634 2757 2648
f 699 2631 2758
f 2631 79 2095
f 2758 2095 544
f 2631 2095 2758
f 702 2759 2651
f 2759 544 2092
f 2651 2092 37
f 2759 2092 2651
f 699 2758 2757
f 2758 544 2759
f 2757 2759 702
f 2758 2759 2757
f 47 2444 2480
f 2444 655 2760
f 2480 2760 664
f 2444 2760 2480
f 655 2450 2762
f 2450 68 2761
f 2762 2761 725
f 2450 2761 2762
f 664 2763 2474
f 2763 725 2764
f 2474 2764 58
f 2763 2764 2474
f 655 2762 2760
f 2762 725 2763
f 2760 2763 664
f 2762 2763 2760
f 71 2669 2766
f 2669 707 2765
f 2766 2765 726
f 2669 2765 2766
f 707 2666 2767
f 2666 69 2721
f 2767 2721 718
f 2666 2721 2767
f 726 2768 2769
f 2768 718 2718
f 2769 2718 43
f 2768 2718 2769
f 707 2767 2765
f 2767 718 2768
f 2765 2768 726
f 2767 2768 2765
f 70 2282 2771
f 2282 607 2770
f 2771 2770 728
f 2282 2770 2771
f 607 2288 2773
f 2288 76 2772
f 2773 2772 727
f 2288 2772 2773
f 728 2774 2776
f 2774 727 2775
f 2776 2775 77
f 2774 2775 2776
f 607 2773 2770
f 2773 727 2774
f 2770 2774 728
f 2773 2774 2770
f 24 2390 2532
f 2390 638 2777
f 2532 2777 678
f 2390 2777 2532
f 638 2387 2778
f 2387 71 2766
f 2778 2766 726
f 2387 2766 2778
f 678 2779 2528
f 2779 726 2769
f 2528 2769 43
f 2779 2769 2528
f 638 2778 2777
f 2778 726 2779
f 2777 2779 678
f 2778 2779 2777
f 64 2701 2226
f 2701 714 2780
f 2226 2780 588
f 2701 2780 2226
f 714 2706 2781
f 2706 72 2512
f 2781 2512 672
f 2706 2512 2781
f 588 2782 2220
f 2782 672 2509
f 2220 2509 11
f 2782 2509 2220
f 714 2781 2780
f 2781 672 2782
f 2780 2782 588
f 2781 2782 2780
f 32 2589 2714
f 2589 688 2783
f 2714 2783 717
f 2589 2783 2714
f 688 2586 2784
f 2586 72 2705
f 2784 2705 713
f 2586 2705 2784
f 717 2785 2717
f 2785 713 2702
f 2717 2702 43
f 2785 2702 2717
f 688 2784 2783
f 2784 713 2785
f 2783 2785 717
f 2784 2785 2783
f 68 2650 2761
f 2650 703 2786
f 2761 2786 725
f 2650 2786 2761
f 703 2654 2787
f 2654 73 2535
f 2787 2535 681
f 2654 2535 2787
f 725 2788 2764
f 2788 681 2541
f 2764 2541 58
f 2788 2541 2764
f 703 2787 2786
f 2787 681 2788
f 2786 2788 725
f 2787 2788 2786
f 42 2135 2502
f 2135 557 2789
f 2502 2789 671
f 2135 2789 2502
f 557 2132 2791
f 2132 20 2790
f 2791 2790 729
f 2132 2790 2791
f 671 2792 2504
f 2792 729 2793
f 2504 2793 74
f 2792 2793 2504
f 557 2791 2789
f 2791 729 2792
f 2789 2792 671
f 2791 2792 2789
f 75 2734 2795
f 2734 720 2794
f 2795 2794 731
f 2734 2794 2795
f 720 2731 2797
f 2731 65 2796
f 2797 2796 730
f 2731 2796 2797
f 731 2798 2800
f 2798 730 2799
f 2800 2799 76
f 2798 2799 2800
f 720 2797 2794
f 2797 730 2798
f 2794 2798 731
f 2797 2798 2794
f 75 2795 2802
f 2795 731 2801
f 2802 2801 732
f 2795 2801 2802
f 731 2800 2803
f 2800 76 2287
f 2803 2287 606
f 2800 2287 2803
f 732 2804 2805
f 2804 606 2284
f 2805 2284 26
f 2804 2284 2805
f 731 2803 2801
f 2803 606 2804
f 2801 2804 732
f 2803 2804 2801
f 15 2806 2101
f 2806 733 2807
f 2101 2807 547
f 2806 2807 2101
f 733 2808 2809
f 2808 76 2799
f 2809 2799 730
f 2808 2799 2809
f 547 2810 2104
f 2810 730 2796
f 2104 2796 65
f 2810 2796 2104
f 733 2809 2807
f 2809 730 2810
f 2807 2810 547
f 2809 2810 2807
f 4 2811 2813
f 2811 734 2812
f 2813 2812 735
f 2811 2812 2813
f 734 2814 2815
f 2814 26 2283
f 2815 2283 605
f 2814 2283 2815
f 735 2816 2817
f 2816 605 2280
f 2817 2280 70
f 2816 2280 2817
f 734 2815 2812
f 2815 605 2816
f 2812 2816 735
f 2815 2816 2812
f 71 2162 2670
f 2162 566 2818
f 2670 2818 708
f 2162 2818 2670
f 566 2159 2819
f 2159 59 2614
f 2819 2614 693
f 2159 2614 2819
f 708 2820 2664
f 2820 693 2611
f 2664 2611 5
f 2820 2611 2664
f 566 2819 2818
f 2819 693 2820
f 2818 2820 708
f 2819 2820 2818
f 15 2821 2806
f 2821 736 2822
f 2806 2822 733
f 2821 2822 2806
f 736 2823 2824
f 2823 77 2775
f 2824 2775 727
f 2823 2775 2824
f 733 2825 2808
f 2825 727 2772
f 2808 2772 76
f 2825 2772 2808
f 736 2824 2822
f 2824 727 2825
f 2822 2825 733
f 2824 2825 2822
f 78 2826 2828
f 2826 737 2827
f 2828 2827 738
f 2826 2827 2828
f 737 2829 2830
f 2829 80 2176
f 2830 2176 571
f 2829 2176 2830
f 738 2831 2832
f 2831 571 2173
f 2832 2173 7
f 2831 2173 2832
f 737 2830 2827
f 2830 571 2831
f 2827 2831 738
f 2830 2831 2827
f 31 2099 2322
f 2099 545 2833
f 2322 2833 618
f 2099 2833 2322
f 545 2096 2835
f 2096 79 2834
f 2835 2834 739
f 2096 2834 2835
f 618 2836 2316
f 2836 739 2837
f 2316 2837 63
f 2836 2837 2316
f 545 2835 2833
f 2835 739 2836
f 2833 2836 618
f 2835 2836 2833
f 55 2556 2347
f 2556 684 2838
f 2347 2838 626
f 2556 2838 2347
f 684 2559 2839
f 2559 40 2484
f 2839 2484 665
f 2559 2484 2839
f 626 2840 2341
f 2840 665 2481
f 2341 2481 25
f 2840 2481 2341
f 684 2839 2838
f 2839 665 2840
f 2838 2840 626
f 2839 2840 2838
f 63 2837 2752
f 2837 739 2841
f 2752 2841 723
f 2837 2841 2752
f 739 2834 2843
f 2834 79 2842
f 2843 2842 740
f 2834 2842 2843
f 723 2844 2755
f 2844 740 2845
f 2755 2845 50
f 2844 2845 2755
f 739 2843 2841
f 2843 740 2844
f 2841 2844 723
f 2843 2844 2841
f 13 2672 2847
f 2672 710 2846
f 2847 2846 741
f 2672 2846 2847
f 710 2677 2848
f 2677 80 2829
f 2848 2829 737
f 2677 2829 2848
f 741 2849 2850
f 2849 737 2826
f 2850 2826 78
f 2849 2826 2850
f 710 2848 2846
f 2848 737 2849
f 2846 2849 741
f 2848 2849 2846
f 51 2498 2087
f 2498 670 2851
f 2087 2851 542
f 2498 2851 2087
f 670 2501 2852
f 2501 80 2676
f 2852 2676 709
f 2501 2676 2852
f 542 2853 2090
f 2853 709 2673
f 2090 2673 60
f 2853 2673 2090
f 670 2852 2851
f 2852 709 2853
f 2851 2853 542
f 2852 2853 2851
f 79 2630 2842
f 2630 698 2854
f 2842 2854 740
f 2630 2854 2842
f 698 2628 2855
f 2628 55 2346
f 2855 2346 625
f 2628 2346 2855
f 740 2856 2845
f 2856 625 2343
f 2845 2343 50
f 2856 2343 2845
f 698 2855 2854
f 2855 625 2856
f 2854 2856 740
f 2855 2856 2854
f 94 2857 2859
f 2857 742 2858
f 2859 2858 744
f 2857 2858 2859
f 742 2860 2862
f 2860 108 2861
f 2862 2861 743
f 2860 2861 2862
f 744 2863 2865
f 2863 743 2864
f 2865 2864 117
f 2863 2864 2865
f 742 2862 2858
f 2862 743 2863
f 2858 2863 744
f 2862 2863 2858
f 130 2866 2868
f 2866 745 2867
f 2868 2867 747
f 2866 2867 2868
f 745 2869 2871
f 2869 121 2870
f 2871 2870 746
f 2869 2870 2871
f 747 2872 2874
f 2872 746 2873
f 2874 2873 120
f 2872 2873 2874
f 745 2871 2867
f 2871 746 2872
f 2867 2872 747
f 2871 2872 2867
f 105 2875 2877
f 2875 748 2876
f 2877 2876 750
f 2875 2876 2877
f 748 2878 2880
f 2878 146 2879
f 2880 2879 749
f 2878 2879 2880
f 750 2881 2883
f 2881 749 2882
f 2883 2882 110
f 2881 2882 2883
f 748 2880 2876
f 2880 749 2881
f 2876 2881 750
f 2880 2881 2876
f 126 2884 2886
f 2884 751 2885
f 2886 2885 753
f 2884 2885 2886
f 751 2887 2889
f 2887 134 2888
f 2889 2888 752
f 2887 2888 2889
f 753 2890 2892
f 2890 752 2891
f 2892 2891 15
f 2890 2891 2892
f 751 2889 2885
f 2889 752 2890
f 2885 2890 753
f 2889 2890 2885
f 97 2893 2895
f 2893 754 2894
f 2895 2894 756
f 2893 2894 2895
f 754 2896 2898
f 2896 122 2897
f 2898 2897 755
f 2896 2897 2898
f 756 2899 2901
f 2899 755 2900
f 2901 2900 93
f 2899 2900 2901
f 754 2898 2894
f 2898 755 2899
f 2894 2899 756
f 2898 2899 2894
f 91 2902 2904
f 2902 757 2903
f 2904 2903 759
f 2902 2903 2904
f 757 2905 2907
f 2905 120 2906
f 2907 2906 758
f 2905 2906 2907
f 759 2908 2910
f 2908 758 2909
f 2910 2909 86
f 2908 2909 2910
f 757 2907 2903
f 2907 758 2908
f 2903 2908 759
f 2907 2908 2903
f 114 2911 2913
f 2911 760 2912
f 2913 2912 762
f 2911 2912 2913
f 760 2914 2916
f 2914 95 2915
f 2916 2915 761
f 2914 2915 2916
f 762 2917 2919
f 2917 761 2918
f 2919 2918 98
f 2917 2918 2919
f 760 2916 2912
f 2916 761 2917
f 2912 2917 762
f 2916 2917 2912
f 131 2920 2922
f 2920 763 2921
f 2922 2921 764
f 2920 2921 2922
f 763 2923 2924
f 2923 12 2140
f 2924 2140 559
f 2923 2140 2924
f 764 2925 2926
f 2925 559 2137
f 2926 2137 48
f 2925 2137 2926
f 763 2924 2921
f 2924 559 2925
f 2921 2925 764
f 2924 2925 2921
f 102 2927 2929
f 2927 765 2928
f 2929 2928 767
f 2927 2928 2929
f 765 2930 2932
f 2930 83 2931
f 2932 2931 766
f 2930 2931 2932
f 767 2933 2935
f 2933 766 2934
f 2935 2934 87
f 2933 2934 2935
f 765 2932 2928
f 2932 766 2933
f 2928 2933 767
f 2932 2933 2928
f 139 2936 2938
f 2936 768 2937
f 2938 2937 770
f 2936 2937 2938
f 768 2939 2941
f 2939 129 2940
f 2941 2940 769
f 2939 2940 2941
f 770 2942 2944
f 2942 769 2943
f 2944 2943 123
f 2942 2943 2944
f 768 2941 2937
f 2941 769 2942
f 2937 2942 770
f 2941 2942 2937
f 94 2945 2947
f 2945 771 2946
f 2947 2946 773
f 2945 2946 2947
f 771 2948 2950
f 2948 88 2949
f 2950 2949 772
f 2948 2949 2950
f 773 2951 2953
f 2951 772 2952
f 2953 2952 97
f 2951 2952 2953
f 771 2950 2946
f 2950 772 2951
f 2946 2951 773
f 2950 2951 2946
f 113 2954 2956
f 2954 774 2955
f 2956 2955 776
f 2954 2955 2956
f 774 2957 2959
f 2957 147 2958
f 2959 2958 775
f 2957 2958 2959
f 776 2960 2962
f 2960 775 2961
f 2962 2961 84
f 2960 2961 2962
f 774 2959 2955
f 2959 775 2960
f 2955 2960 776
f 2959 2960 2955
f 133 2963 2965
f 2963 777 2964
f 2965 2964 779
f 2963 2964 2965
f 777 2966 2968
f 2966 99 2967
f 2968 2967 778
f 2966 2967 2968
f 779 2969 2971
f 2969 778 2970
f 2971 2970 141
f 2969 2970 2971
f 777 2968 2964
f 2968 778 2969
f 2964 2969 779
f 2968 2969 2964
f 136 2972 2974
f 2972 780 2973
f 2974 2973 782
f 2972 2973 2974
f 780 2975 2977
f 2975 116 2976
f 2977 2976 781
f 2975 2976 2977
f 782 2978 2980
f 2978 781 2979
f 2980 2979 118
f 2978 2979 2980
f 780 2977 2973
f 2977 781 2978
f 2973 2978 782
f 2977 2978 2973
f 112 2981 2983
f 2981 783 2982
f 2983 2982 785
f 2981 2982 2983
f 783 2984 2986
f 2984 131 2985
f 2986 2985 784
f 2984 2985 2986
f 785 2987 2989
f 2987 784 2988
f 2989 2988 107
f 2987 2988 2989
f 783 2986 2982
f 2986 784 2987
f 2982 2987 785
f 2986 2987 2982
f 102 2990 2992
f 2990 786 2991
f 2992 2991 788
f 2990 2991 2992
f 786 2993 2995
f 2993 97 2994
f 2995 2994 787
f 2993 2994 2995
f 788 2996 2998
f 2996 787 2997
f 2998 2997 113
f 2996 2997 2998
f 786 2995 2991
f 2995 787 2996
f 2991 2996 788
f 2995 2996 2991
f 133 2999 3001
f 2999 789 3000
f 3001 3000 791
f 2999 3000 3001
f 789 3002 3004
f 3002 122 3003
f 3004 3003 790
f 3002 3003 3004
f 791 3005 3007
f 3005 790 3006
f 3007 3006 88
f 3005 3006 3007
f 789 3004 3000
f 3004 790 3005
f 3000 3005 791
f 3004 3005 3000
f 87 3008 2935
f 3008 792 3009
f 2935 3009 767
f 3008 3009 2935
f 792 3010 3012
f 3010 108 3011
f 3012 3011 793
f 3010 3011 3012
f 767 3013 2929
f 3013 793 3014
f 2929 3014 102
f 3013 3014 2929
f 792 3012 3009
f 3012 793 3013
f 3009 3013 767
f 3012 3013 3009
f 88 3015 3017
f 3015 794 3016
f 3017 3016 796
f 3015 3016 3017
f 794 3018 3020
f 3018 103 3019
f 3020 3019 795
f 3018 3019 3020
f 796 3021 3023
f 3021 795 3022
f 3023 3022 90
f 3021 3022 3023
f 794 3020 3016
f 3020 795 3021
f 3016 3021 796
f 3020 3021 3016
f 98 2918 3025
f 2918 761 3024
f 3025 3024 798
f 2918 3024 3025
f 761 2915 3027
f 2915 95 3026
f 3027 3026 797
f 2915 3026 3027
f 798 3028 3030
f 3028 797 3029
f 3030 3029 85
f 3028 3029 3030
f 761 3027 3024
f 3027 797 3028
f 3024 3028 798
f 3027 3028 3024
f 123 3031 3033
f 3031 799 3032
f 3033 3032 800
f 3031 3032 3033
f 799 3034 3035
f 3034 105 2877
f 3035 2877 750
f 3034 2877 3035
f 800 3036 3037
f 3036 750 2883
f 3037 2883 110
f 3036 2883 3037
f 799 3035 3032
f 3035 750 3036
f 3032 3036 800
f 3035 3036 3032
f 96 3038 3040
f 3038 801 3039
f 3040 3039 803
f 3038 3039 3040
f 801 3041 3043
f 3041 129 3042
f 3043 3042 802
f 3041 3042 3043
f 803 3044 3046
f 3044 802 3045
f 3046 3045 118
f 3044 3045 3046
f 801 3043 3039
f 3043 802 3044
f 3039 3044 803
f 3043 3044 3039
f 122 3047 2897
f 3047 804 3048
f 2897 3048 755
f 3047 3048 2897
f 804 3049 3051
f 3049 121 3050
f 3051 3050 805
f 3049 3050 3051
f 755 3052 2900
f 3052 805 3053
f 2900 3053 93
f 3052 3053 2900
f 804 3051 3048
f 3051 805 3052
f 3048 3052 755
f 3051 3052 3048
f 103 3054 3056
f 3054 806 3055
f 3056 3055 807
f 3054 3055 3056
f 806 3057 3058
f 3057 94 2859
f 3058 2859 744
f 3057 2859 3058
f 807 3059 3060
f 3059 744 2865
f 3060 2865 117
f 3059 2865 3060
f 806 3058 3055
f 3058 744 3059
f 3055 3059 807
f 3058 3059 3055
f 144 3061 3063
f 3061 808 3062
f 3063 3062 810
f 3061 3062 3063
f 808 3064 3066
f 3064 100 3065
f 3066 3065 809
f 3064 3065 3066
f 810 3067 3069
f 3067 809 3068
f 3069 3068 70
f 3067 3068 3069
f 808 3066 3062
f 3066 809 3067
f 3062 3067 810
f 3066 3067 3062
f 120 2905 3071
f 2905 757 3070
f 3071 3070 812
f 2905 3070 3071
f 757 2902 3073
f 2902 91 3072
f 3073 3072 811
f 2902 3072 3073
f 812 3074 3076
f 3074 811 3075
f 3076 3075 98
f 3074 3075 3076
f 757 3073 3070
f 3073 811 3074
f 3070 3074 812
f 3073 3074 3070
f 142 3077 3079
f 3077 813 3078
f 3079 3078 815
f 3077 3078 3079
f 813 3080 3082
f 3080 109 3081
f 3082 3081 814
f 3080 3081 3082
f 815 3083 3085
f 3083 814 3084
f 3085 3084 2
f 3083 3084 3085
f 813 3082 3078
f 3082 814 3083
f 3078 3083 815
f 3082 3083 3078
f 101 3086 3088
f 3086 816 3087
f 3088 3087 818
f 3086 3087 3088
f 816 3089 3091
f 3089 109 3090
f 3091 3090 817
f 3089 3090 3091
f 818 3092 3094
f 3092 817 3093
f 3094 3093 114
f 3092 3093 3094
f 816 3091 3087
f 3091 817 3092
f 3087 3092 818
f 3091 3092 3087
f 105 3095 3097
f 3095 819 3096
f 3097 3096 821
f 3095 3096 3097
f 819 3098 3100
f 3098 96 3099
f 3100 3099 820
f 3098 3099 3100
f 821 3101 3103
f 3101 820 3102
f 3103 3102 132
f 3101 3102 3103
f 819 3100 3096
f 3100 820 3101
f 3096 3101 821
f 3100 3101 3096
f 121 3049 3105
f 3049 804 3104
f 3105 3104 823
f 3049 3104 3105
f 804 3047 3107
f 3047 122 3106
f 3107 3106 822
f 3047 3106 3107
f 823 3108 3110
f 3108 822 3109
f 3110 3109 104
f 3108 3109 3110
f 804 3107 3104
f 3107 822 3108
f 3104 3108 823
f 3107 3108 3104
f 130 3111 3113
f 3111 824 3112
f 3113 3112 826
f 3111 3112 3113
f 824 3114 3116
f 3114 85 3115
f 3116 3115 825
f 3114 3115 3116
f 826 3117 3119
f 3117 825 3118
f 3119 3118 89
f 3117 3118 3119
f 824 3116 3112
f 3116 825 3117
f 3112 3117 826
f 3116 3117 3112
f 125 3120 3122
f 3120 827 3121
f 3122 3121 828
f 3120 3121 3122
f 827 3123 3124
f 3123 50 2342
f 3124 2342 624
f 3123 2342 3124
f 828 3125 3126
f 3125 624 2339
f 3126 2339 25
f 3125 2339 3126
f 827 3124 3121
f 3124 624 3125
f 3121 3125 828
f 3124 3125 3121
f 91 3127 3129
f 3127 829 3128
f 3129 3128 831
f 3127 3128 3129
f 829 3130 3132
f 3130 131 3131
f 3132 3131 830
f 3130 3131 3132
f 831 3133 3135
f 3133 830 3134
f 3135 3134 101
f 3133 3134 3135
f 829 3132 3128
f 3132 830 3133
f 3128 3133 831
f 3132 3133 3128
f 36 3136 3138
f 3136 832 3137
f 3138 3137 833
f 3136 3137 3138
f 832 3139 3140
f 3139 109 3089
f 3140 3089 816
f 3139 3089 3140
f 833 3141 3142
f 3141 816 3086
f 3142 3086 101
f 3141 3086 3142
f 832 3140 3137
f 3140 816 3141
f 3137 3141 833
f 3140 3141 3137
f 108 3010 3144
f 3010 792 3143
f 3144 3143 835
f 3010 3143 3144
f 792 3008 3146
f 3008 87 3145
f 3146 3145 834
f 3008 3145 3146
f 835 3147 3149
f 3147 834 3148
f 3149 3148 81
f 3147 3148 3149
f 792 3146 3143
f 3146 834 3147
f 3143 3147 835
f 3146 3147 3143
f 93 3150 3152
f 3150 836 3151
f 3152 3151 837
f 3150 3151 3152
f 836 3153 3154
f 3153 147 2957
f 3154 2957 774
f 3153 2957 3154
f 837 3155 3156
f 3155 774 2954
f 3156 2954 113
f 3155 2954 3156
f 836 3154 3151
f 3154 774 3155
f 3151 3155 837
f 3154 3155 3151
f 107 3157 2989
f 3157 838 3158
f 2989 3158 785
f 3157 3158 2989
f 838 3159 3161
f 3159 119 3160
f 3161 3160 839
f 3159 3160 3161
f 785 3162 2983
f 3162 839 3163
f 2983 3163 112
f 3162 3163 2983
f 838 3161 3158
f 3161 839 3162
f 3158 3162 785
f 3161 3162 3158
f 99 3164 3166
f 3164 840 3165
f 3166 3165 841
f 3164 3165 3166
f 840 3167 3168
f 3167 139 2938
f 3168 2938 770
f 3167 2938 3168
f 841 3169 3170
f 3169 770 2944
f 3170 2944 123
f 3169 2944 3170
f 840 3168 3165
f 3168 770 3169
f 3165 3169 841
f 3168 3169 3165
f 118 3171 3046
f 3171 842 3172
f 3046 3172 803
f 3171 3172 3046
f 842 3173 3175
f 3173 124 3174
f 3175 3174 843
f 3173 3174 3175
f 803 3176 3040
f 3176 843 3177
f 3040 3177 96
f 3176 3177 3040
f 842 3175 3172
f 3175 843 3176
f 3172 3176 803
f 3175 3176 3172
f 92 3178 3180
f 3178 844 3179
f 3180 3179 846
f 3178 3179 3180
f 844 3181 3183
f 3181 127 3182
f 3183 3182 845
f 3181 3182 3183
f 846 3184 3186
f 3184 845 3185
f 3186 3185 116
f 3184 3185 3186
f 844 3183 3179
f 3183 845 3184
f 3179 3184 846
f 3183 3184 3179
f 101 3187 3142
f 3187 847 3188
f 3142 3188 833
f 3187 3188 3142
f 847 3189 3190
f 3189 48 2410
f 3190 2410 645
f 3189 2410 3190
f 833 3191 3138
f 3191 645 2408
f 3138 2408 36
f 3191 2408 3138
f 847 3190 3188
f 3190 645 3191
f 3188 3191 833
f 3190 3191 3188
f 86 3192 2910
f 3192 848 3193
f 2910 3193 759
f 3192 3193 2910
f 848 3194 3196
f 3194 107 3195
f 3196 3195 849
f 3194 3195 3196
f 759 3197 2904
f 3197 849 3198
f 2904 3198 91
f 3197 3198 2904
f 848 3196 3193
f 3196 849 3197
f 3193 3197 759
f 3196 3197 3193
f 117 2864 3200
f 2864 743 3199
f 3200 3199 850
f 2864 3199 3200
f 743 2861 3201
f 2861 108 3144
f 3201 3144 835
f 2861 3144 3201
f 850 3202 3203
f 3202 835 3149
f 3203 3149 81
f 3202 3149 3203
f 743 3201 3199
f 3201 835 3202
f 3199 3202 850
f 3201 3202 3199
f 94 3204 2857
f 3204 851 3205
f 2857 3205 742
f 3204 3205 2857
f 851 3206 3207
f 3206 102 3014
f 3207 3014 793
f 3206 3014 3207
f 742 3208 2860
f 3208 793 3011
f 2860 3011 108
f 3208 3011 2860
f 851 3207 3205
f 3207 793 3208
f 3205 3208 742
f 3207 3208 3205
f 91 3209 3072
f 3209 852 3210
f 3072 3210 811
f 3209 3210 3072
f 852 3211 3212
f 3211 114 2913
f 3212 2913 762
f 3211 2913 3212
f 811 3213 3075
f 3213 762 2919
f 3075 2919 98
f 3213 2919 3075
f 852 3212 3210
f 3212 762 3213
f 3210 3213 811
f 3212 3213 3210
f 109 3139 3081
f 3139 832 3214
f 3081 3214 814
f 3139 3214 3081
f 832 3136 3215
f 3136 36 2439
f 3215 2439 652
f 3136 2439 3215
f 814 3216 3084
f 3216 652 2437
f 3084 2437 2
f 3216 2437 3084
f 832 3215 3214
f 3215 652 3216
f 3214 3216 814
f 3215 3216 3214
f 137 3217 3219
f 3217 853 3218
f 3219 3218 855
f 3217 3218 3219
f 853 3220 3222
f 3220 125 3221
f 3222 3221 854
f 3220 3221 3222
f 855 3223 3225
f 3223 854 3224
f 3225 3224 119
f 3223 3224 3225
f 853 3222 3218
f 3222 854 3223
f 3218 3223 855
f 3222 3223 3218
f 141 2970 3227
f 2970 778 3226
f 3227 3226 857
f 2970 3226 3227
f 778 2967 3229
f 2967 99 3228
f 3229 3228 856
f 2967 3228 3229
f 857 3230 3232
f 3230 856 3231
f 3232 3231 110
f 3230 3231 3232
f 778 3229 3226
f 3229 856 3230
f 3226 3230 857
f 3229 3230 3226
f 116 2975 3186
f 2975 780 3233
f 3186 3233 846
f 2975 3233 3186
f 780 2972 3235
f 2972 136 3234
f 3235 3234 858
f 2972 3234 3235
f 846 3236 3180
f 3236 858 3237
f 3180 3237 92
f 3236 3237 3180
f 780 3235 3233
f 3235 858 3236
f 3233 3236 846
f 3235 3236 3233
f 124 3238 3240
f 3238 859 3239
f 3240 3239 861
f 3238 3239 3240
f 859 3241 3243
f 3241 126 3242
f 3243 3242 860
f 3241 3242 3243
f 861 3244 3246
f 3244 860 3245
f 3246 3245 39
f 3244 3245 3246
f 859 3243 3239
f 3243 860 3244
f 3239 3244 861
f 3243 3244 3239
f 119 3247 3249
f 3247 862 3248
f 3249 3248 864
f 3247 3248 3249
f 862 3250 3252
f 3250 86 3251
f 3252 3251 863
f 3250 3251 3252
f 864 3253 3255
f 3253 863 3254
f 3255 3254 128
f 3253 3254 3255
f 862 3252 3248
f 3252 863 3253
f 3248 3253 864
f 3252 3253 3248
f 12 3256 2489
f 3256 865 3257
f 2489 3257 667
f 3256 3257 2489
f 865 3258 3260
f 3258 112 3259
f 3260 3259 866
f 3258 3259 3260
f 667 3261 2483
f 3261 866 3262
f 2483 3262 25
f 3261 3262 2483
f 865 3260 3257
f 3260 866 3261
f 3257 3261 667
f 3260 3261 3257
f 84 3263 2962
f 3263 867 3264
f 2962 3264 776
f 3263 3264 2962
f 867 3265 3267
f 3265 83 3266
f 3267 3266 868
f 3265 3266 3267
f 776 3268 2956
f 3268 868 3269
f 2956 3269 113
f 3268 3269 2956
f 867 3267 3264
f 3267 868 3268
f 3264 3268 776
f 3267 3268 3264
f 147 3153 3271
f 3153 836 3270
f 3271 3270 869
f 3153 3270 3271
f 836 3150 3272
f 3150 93 3053
f 3272 3053 805
f 3150 3053 3272
f 869 3273 3274
f 3273 805 3050
f 3274 3050 121
f 3273 3050 3274
f 836 3272 3270
f 3272 805 3273
f 3270 3273 869
f 3272 3273 3270
f 109 3080 3090
f 3080 813 3275
f 3090 3275 817
f 3080 3275 3090
f 813 3077 3277
f 3077 142 3276
f 3277 3276 870
f 3077 3276 3277
f 817 3278 3093
f 3278 870 3279
f 3093 3279 114
f 3278 3279 3093
f 813 3277 3275
f 3277 870 3278
f 3275 3278 817
f 3277 3278 3275
f 140 3280 3282
f 3280 871 3281
f 3282 3281 872
f 3280 3281 3282
f 871 3283 3284
f 3283 88 3017
f 3284 3017 796
f 3283 3017 3284
f 872 3285 3286
f 3285 796 3023
f 3286 3023 90
f 3285 3023 3286
f 871 3284 3281
f 3284 796 3285
f 3281 3285 872
f 3284 3285 3281
f 134 2887 3288
f 2887 751 3287
f 3288 3287 874
f 2887 3287 3288
f 751 2884 3290
f 2884 126 3289
f 3290 3289 873
f 2884 3289 3290
f 874 3291 3293
f 3291 873 3292
f 3293 3292 116
f 3291 3292 3293
f 751 3290 3287
f 3290 873 3291
f 3287 3291 874
f 3290 3291 3287
f 127 3294 3182
f 3294 875 3295
f 3182 3295 845
f 3294 3295 3182
f 875 3296 3297
f 3296 134 3288
f 3297 3288 874
f 3296 3288 3297
f 845 3298 3185
f 3298 874 3293
f 3185 3293 116
f 3298 3293 3185
f 875 3297 3295
f 3297 874 3298
f 3295 3298 845
f 3297 3298 3295
f 99 2966 3300
f 2966 777 3299
f 3300 3299 877
f 2966 3299 3300
f 777 2963 3302
f 2963 133 3301
f 3302 3301 876
f 2963 3301 3302
f 877 3303 3305
f 3303 876 3304
f 3305 3304 115
f 3303 3304 3305
f 777 3302 3299
f 3302 876 3303
f 3299 3303 877
f 3302 3303 3299
f 128 3306 3308
f 3306 878 3307
f 3308 3307 880
f 3306 3307 3308
f 878 3309 3311
f 3309 135 3310
f 3311 3310 879
f 3309 3310 3311
f 880 3312 3314
f 3312 879 3313
f 3314 3313 141
f 3312 3313 3314
f 878 3311 3307
f 3311 879 3312
f 3307 3312 880
f 3311 3312 3307
f 129 3041 2940
f 3041 801 3315
f 2940 3315 769
f 3041 3315 2940
f 801 3038 3317
f 3038 96 3316
f 3317 3316 881
f 3038 3316 3317
f 769 3318 2943
f 3318 881 3319
f 2943 3319 123
f 3318 3319 2943
f 801 3317 3315
f 3317 881 3318
f 3315 3318 769
f 3317 3318 3315
f 126 3241 3321
f 3241 859 3320
f 3321 3320 882
f 3241 3320 3321
f 859 3238 3322
f 3238 124 3173
f 3322 3173 842
f 3238 3173 3322
f 882 3323 3324
f 3323 842 3171
f 3324 3171 118
f 3323 3171 3324
f 859 3322 3320
f 3322 842 3323
f 3320 3323 882
f 3322 3323 3320
f 86 3250 3192
f 3250 862 3325
f 3192 3325 848
f 3250 3325 3192
f 862 3247 3326
f 3247 119 3159
f 3326 3159 838
f 3247 3159 3326
f 848 3327 3194
f 3327 838 3157
f 3194 3157 107
f 3327 3157 3194
f 862 3326 3325
f 3326 838 3327
f 3325 3327 848
f 3326 3327 3325
f 112 3163 3329
f 3163 839 3328
f 3329 3328 883
f 3163 3328 3329
f 839 3160 3330
f 3160 119 3224
f 3330 3224 854
f 3160 3224 3330
f 883 3331 3332
f 3331 854 3221
f 3332 3221 125
f 3331 3221 3332
f 839 3330 3328
f 3330 854 3331
f 3328 3331 883
f 3330 3331 3328
f 131 3130 2985
f 3130 829 3333
f 2985 3333 784
f 3130 3333 2985
f 829 3127 3334
f 3127 91 3198
f 3334 3198 849
f 3127 3198 3334
f 784 3335 2988
f 3335 849 3195
f 2988 3195 107
f 3335 3195 2988
f 829 3334 3333
f 3334 849 3335
f 3333 3335 784
f 3334 3335 3333
f 120 3336 2906
f 3336 884 3337
f 2906 3337 758
f 3336 3337 2906
f 884 3338 3340
f 3338 104 3339
f 3340 3339 885
f 3338 3339 3340
f 758 3341 2909
f 3341 885 3342
f 2909 3342 86
f 3341 3342 2909
f 884 3340 3337
f 3340 885 3341
f 3337 3341 758
f 3340 3341 3337
f 98 3343 3076
f 3343 886 3344
f 3076 3344 812
f 3343 3344 3076
f 886 3345 3346
f 3345 130 2868
f 3346 2868 747
f 3345 2868 3346
f 812 3347 3071
f 3347 747 2874
f 3071 2874 120
f 3347 2874 3071
f 886 3346 3344
f 3346 747 3347
f 3344 3347 812
f 3346 3347 3344
f 88 2948 3015
f 2948 771 3348
f 3015 3348 794
f 2948 3348 3015
f 771 2945 3349
f 2945 94 3057
f 3349 3057 806
f 2945 3057 3349
f 794 3350 3018
f 3350 806 3054
f 3018 3054 103
f 3350 3054 3018
f 771 3349 3348
f 3349 806 3350
f 3348 3350 794
f 3349 3350 3348
f 101 3088 3135
f 3088 818 3351
f 3135 3351 831
f 3088 3351 3135
f 818 3094 3352
f 3094 114 3211
f 3352 3211 852
f 3094 3211 3352
f 831 3353 3129
f 3353 852 3209
f 3129 3209 91
f 3353 3209 3129
f 818 3352 3351
f 3352 852 3353
f 3351 3353 831
f 3352 3353 3351
f 102 2992 2927
f 2992 788 3354
f 2927 3354 765
f 2992 3354 2927
f 788 2998 3355
f 2998 113 3269
f 3355 3269 868
f 2998 3269 3355
f 765 3356 2930
f 3356 868 3266
f 2930 3266 83
f 3356 3266 2930
f 788 3355 3354
f 3355 868 3356
f 3354 3356 765
f 3355 3356 3354
f 106 3357 3359
f 3357 887 3358
f 3359 3358 888
f 3357 3358 3359
f 887 3360 3361
f 3360 140 3282
f 3361 3282 872
f 3360 3282 3361
f 888 3362 3363
f 3362 872 3286
f 3363 3286 90
f 3362 3286 3363
f 887 3361 3358
f 3361 872 3362
f 3358 3362 888
f 3361 3362 3358
f 104 3338 3110
f 3338 884 3364
f 3110 3364 823
f 3338 3364 3110
f 884 3336 3365
f 3336 120 2873
f 3365 2873 746
f 3336 2873 3365
f 823 3366 3105
f 3366 746 2870
f 3105 2870 121
f 3366 2870 3105
f 884 3365 3364
f 3365 746 3366
f 3364 3366 823
f 3365 3366 3364
f 88 3006 2949
f 3006 790 3367
f 2949 3367 772
f 3006 3367 2949
f 790 3003 3368
f 3003 122 2896
f 3368 2896 754
f 3003 2896 3368
f 772 3369 2952
f 3369 754 2893
f 2952 2893 97
f 3369 2893 2952
f 790 3368 3367
f 3368 754 3369
f 3367 3369 772
f 3368 3369 3367
f 135 3309 3371
f 3309 878 3370
f 3371 3370 890
f 3309 3370 3371
f 878 3306 3373
f 3306 128 3372
f 3373 3372 889
f 3306 3372 3373
f 890 3374 3376
f 3374 889 3375
f 3376 3375 104
f 3374 3375 3376
f 878 3373 3370
f 3373 889 3374
f 3370 3374 890
f 3373 3374 3370
f 99 3166 3228
f 3166 841 3377
f 3228 3377 856
f 3166 3377 3228
f 841 3170 3378
f 3170 123 3033
f 3378 3033 800
f 3170 3033 3378
f 856 3379 3231
f 3379 800 3037
f 3231 3037 110
f 3379 3037 3231
f 841 3378 3377
f 3378 800 3379
f 3377 3379 856
f 3378 3379 3377
f 129 3380 3382
f 3380 891 3381
f 3382 3381 893
f 3380 3381 3382
f 891 3383 3385
f 3383 82 3384
f 3385 3384 892
f 3383 3384 3385
f 893 3386 3388
f 3386 892 3387
f 3388 3387 111
f 3386 3387 3388
f 891 3385 3381
f 3385 892 3386
f 3381 3386 893
f 3385 3386 3381
f 3 3389 2622
f 3389 894 3390
f 2622 3390 696
f 3389 3390 2622
f 894 3391 3392
f 3391 124 3240
f 3392 3240 861
f 3391 3240 3392
f 696 3393 2617
f 3393 861 3246
f 2617 3246 39
f 3393 3246 2617
f 894 3392 3390
f 3392 861 3393
f 3390 3393 696
f 3392 3393 3390
f 132 3102 3395
f 3102 820 3394
f 3395 3394 895
f 3102 3394 3395
f 820 3099 3396
f 3099 96 3177
f 3396 3177 843
f 3099 3177 3396
f 895 3397 3398
f 3397 843 3174
f 3398 3174 124
f 3397 3174 3398
f 820 3396 3394
f 3396 843 3397
f 3394 3397 895
f 3396 3397 3394
f 137 3399 3217
f 3399 896 3400
f 3217 3400 853
f 3399 3400 3217
f 896 3401 3403
f 3401 146 3402
f 3403 3402 897
f 3401 3402 3403
f 853 3404 3220
f 3404 897 3405
f 3220 3405 125
f 3404 3405 3220
f 896 3403 3400
f 3403 897 3404
f 3400 3404 853
f 3403 3404 3400
f 118 2979 3324
f 2979 781 3406
f 3324 3406 882
f 2979 3406 3324
f 781 2976 3407
f 2976 116 3292
f 3407 3292 873
f 2976 3292 3407
f 882 3408 3321
f 3408 873 3289
f 3321 3289 126
f 3408 3289 3321
f 781 3407 3406
f 3407 873 3408
f 3406 3408 882
f 3407 3408 3406
f 61 3409 2644
f 3409 898 3410
f 2644 3410 701
f 3409 3410 2644
f 898 3411 3412
f 3411 126 2886
f 3412 2886 753
f 3411 2886 3412
f 701 3413 2639
f 3413 753 2892
f 2639 2892 15
f 3413 2892 2639
f 898 3412 3410
f 3412 753 3413
f 3410 3413 701
f 3412 3413 3410
f 104 3375 3339
f 3375 889 3414
f 3339 3414 885
f 3375 3414 3339
f 889 3372 3415
f 3372 128 3254
f 3415 3254 863
f 3372 3254 3415
f 885 3416 3342
f 3416 863 3251
f 3342 3251 86
f 3416 3251 3342
f 889 3415 3414
f 3415 863 3416
f 3414 3416 885
f 3415 3416 3414
f 141 3227 3418
f 3227 857 3417
f 3418 3417 900
f 3227 3417 3418
f 857 3232 3420
f 3232 110 3419
f 3420 3419 899
f 3232 3419 3420
f 900 3421 3423
f 3421 899 3422
f 3423 3422 137
f 3421 3422 3423
f 857 3420 3417
f 3420 899 3421
f 3417 3421 900
f 3420 3421 3417
f 111 3424 3388
f 3424 901 3425
f 3388 3425 893
f 3424 3425 3388
f 901 3426 3428
f 3426 136 3427
f 3428 3427 902
f 3426 3427 3428
f 893 3429 3382
f 3429 902 3430
f 3382 3430 129
f 3429 3430 3382
f 901 3428 3425
f 3428 902 3429
f 3425 3429 893
f 3428 3429 3425
f 139 3431 3433
f 3431 903 3432
f 3433 3432 905
f 3431 3432 3433
f 903 3434 3436
f 3434 138 3435
f 3436 3435 904
f 3434 3435 3436
f 905 3437 3439
f 3437 904 3438
f 3439 3438 82
f 3437 3438 3439
f 903 3436 3432
f 3436 904 3437
f 3432 3437 905
f 3436 3437 3432
f 147 3440 3442
f 3440 906 3441
f 3442 3441 907
f 3440 3441 3442
f 906 3443 3444
f 3443 130 3113
f 3444 3113 826
f 3443 3113 3444
f 907 3445 3446
f 3445 826 3119
f 3446 3119 89
f 3445 3119 3446
f 906 3444 3441
f 3444 826 3445
f 3441 3445 907
f 3444 3445 3441
f 85 3114 3030
f 3114 824 3447
f 3030 3447 798
f 3114 3447 3030
f 824 3111 3448
f 3111 130 3345
f 3448 3345 886
f 3111 3345 3448
f 798 3449 3025
f 3449 886 3343
f 3025 3343 98
f 3449 3343 3025
f 824 3448 3447
f 3448 886 3449
f 3447 3449 798
f 3448 3449 3447
f 126 3411 3242
f 3411 898 3450
f 3242 3450 860
f 3411 3450 3242
f 898 3409 3451
f 3409 61 2683
f 3451 2683 711
f 3409 2683 3451
f 860 3452 3245
f 3452 711 2681
f 3245 2681 39
f 3452 2681 3245
f 898 3451 3450
f 3451 711 3452
f 3450 3452 860
f 3451 3452 3450
f 12 2923 3256
f 2923 763 3453
f 3256 3453 865
f 2923 3453 3256
f 763 2920 3454
f 2920 131 2984
f 3454 2984 783
f 2920 2984 3454
f 865 3455 3258
f 3455 783 2981
f 3258 2981 112
f 3455 2981 3258
f 763 3454 3453
f 3454 783 3455
f 3453 3455 865
f 3454 3455 3453
f 101 3134 3187
f 3134 830 3456
f 3187 3456 847
f 3134 3456 3187
f 830 3131 3457
f 3131 131 2922
f 3457 2922 764
f 3131 2922 3457
f 847 3458 3189
f 3458 764 2926
f 3189 2926 48
f 3458 2926 3189
f 830 3457 3456
f 3457 764 3458
f 3456 3458 847
f 3457 3458 3456
f 3 3459 3389
f 3459 908 3460
f 3389 3460 894
f 3459 3460 3389
f 908 3461 3462
f 3461 132 3395
f 3462 3395 895
f 3461 3395 3462
f 894 3463 3391
f 3463 895 3398
f 3391 3398 124
f 3463 3398 3391
f 908 3462 3460
f 3462 895 3463
f 3460 3463 894
f 3462 3463 3460
f 96 3098 3316
f 3098 819 3464
f 3316 3464 881
f 3098 3464 3316
f 819 3095 3465
f 3095 105 3034
f 3465 3034 799
f 3095 3034 3465
f 881 3466 3319
f 3466 799 3031
f 3319 3031 123
f 3466 3031 3319
f 819 3465 3464
f 3465 799 3466
f 3464 3466 881
f 3465 3466 3464
f 140 3467 3469
f 3467 909 3468
f 3469 3468 910
f 3467 3468 3469
f 909 3470 3471
f 3470 115 3304
f 3471 3304 876
f 3470 3304 3471
f 910 3472 3473
f 3472 876 3301
f 3473 3301 133
f 3472 3301 3473
f 909 3471 3468
f 3471 876 3472
f 3468 3472 910
f 3471 3472 3468
f 135 3474 3476
f 3474 911 3475
f 3476 3475 912
f 3474 3475 3476
f 911 3477 3478
f 3477 122 3002
f 3478 3002 789
f 3477 3002 3478
f 912 3479 3480
f 3479 789 2999
f 3480 2999 133
f 3479 2999 3480
f 911 3478 3475
f 3478 789 3479
f 3475 3479 912
f 3478 3479 3475
f 138 3481 3483
f 3481 913 3482
f 3483 3482 915
f 3481 3482 3483
f 913 3484 3486
f 3484 115 3485
f 3486 3485 914
f 3484 3485 3486
f 915 3487 3489
f 3487 914 3488
f 3489 3488 106
f 3487 3488 3489
f 913 3486 3482
f 3486 914 3487
f 3482 3487 915
f 3486 3487 3482
f 97 2993 2953
f 2993 786 3490
f 2953 3490 773
f 2993 3490 2953
f 786 2990 3491
f 2990 102 3206
f 3491 3206 851
f 2990 3206 3491
f 773 3492 2947
f 3492 851 3204
f 2947 3204 94
f 3492 3204 2947
f 786 3491 3490
f 3491 851 3492
f 3490 3492 773
f 3491 3492 3490
f 93 3152 2901
f 3152 837 3493
f 2901 3493 756
f 3152 3493 2901
f 837 3156 3494
f 3156 113 2997
f 3494 2997 787
f 3156 2997 3494
f 756 3495 2895
f 3495 787 2994
f 2895 2994 97
f 3495 2994 2895
f 837 3494 3493
f 3494 787 3495
f 3493 3495 756
f 3494 3495 3493
f 143 3496 3498
f 3496 916 3497
f 3498 3497 917
f 3496 3497 3498
f 916 3499 3500
f 3499 134 3296
f 3500 3296 875
f 3499 3296 3500
f 917 3501 3502
f 3501 875 3294
f 3502 3294 127
f 3501 3294 3502
f 916 3500 3497
f 3500 875 3501
f 3497 3501 917
f 3500 3501 3497
f 122 3477 3106
f 3477 911 3503
f 3106 3503 822
f 3477 3503 3106
f 911 3474 3504
f 3474 135 3371
f 3504 3371 890
f 3474 3371 3504
f 822 3505 3109
f 3505 890 3376
f 3109 3376 104
f 3505 3376 3109
f 911 3504 3503
f 3504 890 3505
f 3503 3505 822
f 3504 3505 3503
f 133 2965 3480
f 2965 779 3506
f 3480 3506 912
f 2965 3506 3480
f 779 2971 3507
f 2971 141 3313
f 3507 3313 879
f 2971 3313 3507
f 912 3508 3476
f 3508 879 3310
f 3476 3310 135
f 3508 3310 3476
f 779 3507 3506
f 3507 879 3508
f 3506 3508 912
f 3507 3508 3506
f 111 3509 3424
f 3509 918 3510
f 3424 3510 901
f 3509 3510 3424
f 918 3511 3512
f 3511 92 3237
f 3512 3237 858
f 3511 3237 3512
f 901 3513 3426
f 3513 858 3234
f 3426 3234 136
f 3513 3234 3426
f 918 3512 3510
f 3512 858 3513
f 3510 3513 901
f 3512 3513 3510
f 129 3430 3042
f 3430 902 3514
f 3042 3514 802
f 3430 3514 3042
f 902 3427 3515
f 3427 136 2974
f 3515 2974 782
f 3427 2974 3515
f 802 3516 3045
f 3516 782 2980
f 3045 2980 118
f 3516 2980 3045
f 902 3515 3514
f 3515 782 3516
f 3514 3516 802
f 3515 3516 3514
f 50 3517 2756
f 3517 919 3518
f 2756 3518 724
f 3517 3518 2756
f 919 3519 3520
f 3519 132 3461
f 3520 3461 908
f 3519 3461 3520
f 724 3521 2751
f 3521 908 3459
f 2751 3459 3
f 3521 3459 2751
f 919 3520 3518
f 3520 908 3521
f 3518 3521 724
f 3520 3521 3518
f 110 2882 3419
f 2882 749 3522
f 3419 3522 899
f 2882 3522 3419
f 749 2879 3523
f 2879 146 3401
f 3523 3401 896
f 2879 3401 3523
f 899 3524 3422
f 3524 896 3399
f 3422 3399 137
f 3524 3399 3422
f 749 3523 3522
f 3523 896 3524
f 3522 3524 899
f 3523 3524 3522
f 128 3525 3255
f 3525 920 3526
f 3255 3526 864
f 3525 3526 3255
f 920 3527 3528
f 3527 137 3219
f 3528 3219 855
f 3527 3219 3528
f 864 3529 3249
f 3529 855 3225
f 3249 3225 119
f 3529 3225 3249
f 920 3528 3526
f 3528 855 3529
f 3526 3529 864
f 3528 3529 3526
f 115 3484 3531
f 3484 913 3530
f 3531 3530 921
f 3484 3530 3531
f 913 3481 3532
f 3481 138 3434
f 3532 3434 903
f 3481 3434 3532
f 921 3533 3534
f 3533 903 3431
f 3534 3431 139
f 3533 3431 3534
f 913 3532 3530
f 3532 903 3533
f 3530 3533 921
f 3532 3533 3530
f 77 3535 2776
f 3535 922 3536
f 2776 3536 728
f 3535 3536 2776
f 922 3537 3538
f 3537 144 3063
f 3538 3063 810
f 3537 3063 3538
f 728 3539 2771
f 3539 810 3069
f 2771 3069 70
f 3539 3069 2771
f 922 3538 3536
f 3538 810 3539
f 3536 3539 728
f 3538 3539 3536
f 115 3531 3305
f 3531 921 3540
f 3305 3540 877
f 3531 3540 3305
f 921 3534 3541
f 3534 139 3167
f 3541 3167 840
f 3534 3167 3541
f 877 3542 3300
f 3542 840 3164
f 3300 3164 99
f 3542 3164 3300
f 921 3541 3540
f 3541 840 3542
f 3540 3542 877
f 3541 3542 3540
f 88 3283 3007
f 3283 871 3543
f 3007 3543 791
f 3283 3543 3007
f 871 3280 3544
f 3280 140 3469
f 3544 3469 910
f 3280 3469 3544
f 791 3545 3001
f 3545 910 3473
f 3001 3473 133
f 3545 3473 3001
f 871 3544 3543
f 3544 910 3545
f 3543 3545 791
f 3544 3545 3543
f 115 3470 3485
f 3470 909 3546
f 3485 3546 914
f 3470 3546 3485
f 909 3467 3547
f 3467 140 3360
f 3547 3360 887
f 3467 3360 3547
f 914 3548 3488
f 3548 887 3357
f 3488 3357 106
f 3548 3357 3488
f 909 3547 3546
f 3547 887 3548
f 3546 3548 914
f 3547 3548 3546
f 128 3308 3525
f 3308 880 3549
f 3525 3549 920
f 3308 3549 3525
f 880 3314 3550
f 3314 141 3418
f 3550 3418 900
f 3314 3418 3550
f 920 3551 3527
f 3551 900 3423
f 3527 3423 137
f 3551 3423 3527
f 880 3550 3549
f 3550 900 3551
f 3549 3551 920
f 3550 3551 3549
f 142 3552 3276
f 3552 923 3553
f 3276 3553 870
f 3552 3553 3276
f 923 3554 3555
f 3554 95 2914
f 3555 2914 760
f 3554 2914 3555
f 870 3556 3279
f 3556 760 2911
f 3279 2911 114
f 3556 2911 3279
f 923 3555 3553
f 3555 760 3556
f 3553 3556 870
f 3555 3556 3553
f 144 3557 3559
f 3557 924 3558
f 3559 3558 925
f 3557 3558 3559
f 924 3560 3561
f 3560 134 3499
f 3561 3499 916
f 3560 3499 3561
f 925 3562 3563
f 3562 916 3496
f 3563 3496 143
f 3562 3496 3563
f 924 3561 3558
f 3561 916 3562
f 3558 3562 925
f 3561 3562 3558
f 100 3064 3565
f 3064 808 3564
f 3565 3564 926
f 3064 3564 3565
f 808 3061 3566
f 3061 144 3559
f 3566 3559 925
f 3061 3559 3566
f 926 3567 3568
f 3567 925 3563
f 3568 3563 143
f 3567 3563 3568
f 808 3566 3564
f 3566 925 3567
f 3564 3567 926
f 3566 3567 3564
f 134 3560 2888
f 3560 924 3569
f 2888 3569 752
f 3560 3569 2888
f 924 3557 3571
f 3557 144 3570
f 3571 3570 927
f 3557 3570 3571
f 752 3572 2891
f 3572 927 3573
f 2891 3573 15
f 3572 3573 2891
f 924 3571 3569
f 3571 927 3572
f 3569 3572 752
f 3571 3572 3569
f 70 3068 2817
f 3068 809 3574
f 2817 3574 735
f 3068 3574 2817
f 809 3065 3576
f 3065 100 3575
f 3576 3575 928
f 3065 3575 3576
f 735 3577 2813
f 3577 928 3578
f 2813 3578 4
f 3577 3578 2813
f 809 3576 3574
f 3576 928 3577
f 3574 3577 735
f 3576 3577 3574
f 82 3383 3439
f 3383 891 3579
f 3439 3579 905
f 3383 3579 3439
f 891 3380 3580
f 3380 129 2939
f 3580 2939 768
f 3380 2939 3580
f 905 3581 3433
f 3581 768 2936
f 3433 2936 139
f 3581 2936 3433
f 891 3580 3579
f 3580 768 3581
f 3579 3581 905
f 3580 3581 3579
f 144 3537 3570
f 3537 922 3582
f 3570 3582 927
f 3537 3582 3570
f 922 3535 3583
f 3535 77 2823
f 3583 2823 736
f 3535 2823 3583
f 927 3584 3573
f 3584 736 2821
f 3573 2821 15
f 3584 2821 3573
f 922 3583 3582
f 3583 736 3584
f 3582 3584 927
f 3583 3584 3582
f 84 2961 3586
f 2961 775 3585
f 3586 3585 930
f 2961 3585 3586
f 775 2958 3588
f 2958 147 3587
f 3588 3587 929
f 2958 3587 3588
f 930 3589 3591
f 3589 929 3590
f 3591 3590 145
f 3589 3590 3591
f 775 3588 3585
f 3588 929 3589
f 3585 3589 930
f 3588 3589 3585
f 132 3592 3103
f 3592 931 3593
f 3103 3593 821
f 3592 3593 3103
f 931 3594 3595
f 3594 146 2878
f 3595 2878 748
f 3594 2878 3595
f 821 3596 3097
f 3596 748 2875
f 3097 2875 105
f 3596 2875 3097
f 931 3595 3593
f 3595 748 3596
f 3593 3596 821
f 3595 3596 3593
f 25 3262 3126
f 3262 866 3597
f 3126 3597 828
f 3262 3597 3126
f 866 3259 3598
f 3259 112 3329
f 3598 3329 883
f 3259 3329 3598
f 828 3599 3122
f 3599 883 3332
f 3122 3332 125
f 3599 3332 3122
f 866 3598 3597
f 3598 883 3599
f 3597 3599 828
f 3598 3599 3597
f 50 3600 3517
f 3600 932 3601
f 3517 3601 919
f 3600 3601 3517
f 932 3602 3603
f 3602 146 3594
f 3603 3594 931
f 3602 3594 3603
f 919 3604 3519
f 3604 931 3592
f 3519 3592 132
f 3604 3592 3519
f 932 3603 3601
f 3603 931 3604
f 3601 3604 919
f 3603 3604 3601
f 145 3590 3606
f 3590 929 3605
f 3606 3605 933
f 3590 3605 3606
f 929 3587 3607
f 3587 147 3442
f 3607 3442 907
f 3587 3442 3607
f 933 3608 3609
f 3608 907 3446
f 3609 3446 89
f 3608 3446 3609
f 929 3607 3605
f 3607 907 3608
f 3605 3608 933
f 3607 3608 3605
f 130 3443 2866
f 3443 906 3610
f 2866 3610 745
f 3443 3610 2866
f 906 3440 3611
f 3440 147 3271
f 3611 3271 869
f 3440 3271 3611
f 745 3612 2869
f 3612 869 3274
f 2869 3274 121
f 3612 3274 2869
f 906 3611 3610
f 3611 869 3612
f 3610 3612 745
f 3611 3612 3610
f 50 3123 3600
f 3123 827 3613
f 3600 3613 932
f 3123 3613 3600
f 827 3120 3614
f 3120 125 3405
f 3614 3405 897
f 3120 3405 3614
f 932 3615 3602
f 3615 897 3402
f 3602 3402 146
f 3615 3402 3602
f 827 3614 3613
f 3614 897 3615
f 3613 3615 932
f 3614 3615 3613
f 161 3616 3618
f 3616 934 3617
f 3618 3617 936
f 3616 3617 3618
f 934 3619 3621
f 3619 173 3620
f 3621 3620 935
f 3619 3620 3621
f 936 3622 3624
f 3622 935 3623
f 3624 3623 45
f 3622 3623 3624
f 934 3621 3617
f 3621 935 3622
f 3617 3622 936
f 3621 3622 3617
f 196 3625 3627
f 3625 937 3626
f 3627 3626 939
f 3625 3626 3627
f 937 3628 3630
f 3628 188 3629
f 3630 3629 938
f 3628 3629 3630
f 939 3631 3633
f 3631 938 3632
f 3633 3632 186
f 3631 3632 3633
f 937 3630 3626
f 3630 938 3631
f 3626 3631 939
f 3630 3631 3626
f 171 3634 3636
f 3634 940 3635
f 3636 3635 942
f 3634 3635 3636
f 940 3637 3639
f 3637 213 3638
f 3639 3638 941
f 3637 3638 3639
f 942 3640 3642
f 3640 941 3641
f 3642 3641 176
f 3640 3641 3642
f 940 3639 3635
f 3639 941 3640
f 3635 3640 942
f 3639 3640 3635
f 193 3643 3645
f 3643 943 3644
f 3645 3644 945
f 3643 3644 3645
f 943 3646 3648
f 3646 201 3647
f 3648 3647 944
f 3646 3647 3648
f 945 3649 3651
f 3649 944 3650
f 3651 3650 158
f 3649 3650 3651
f 943 3648 3644
f 3648 944 3649
f 3644 3649 945
f 3648 3649 3644
f 164 3652 3654
f 3652 946 3653
f 3654 3653 948
f 3652 3653 3654
f 946 3655 3657
f 3655 189 3656
f 3657 3656 947
f 3655 3656 3657
f 948 3658 3660
f 3658 947 3659
f 3660 3659 160
f 3658 3659 3660
f 946 3657 3653
f 3657 947 3658
f 3653 3658 948
f 3657 3658 3653
f 159 3661 3663
f 3661 949 3662
f 3663 3662 951
f 3661 3662 3663
f 949 3664 3666
f 3664 186 3665
f 3666 3665 950
f 3664 3665 3666
f 951 3667 3669
f 3667 950 3668
f 3669 3668 153
f 3667 3668 3669
f 949 3666 3662
f 3666 950 3667
f 3662 3667 951
f 3666 3667 3662
f 180 3670 3672
f 3670 952 3671
f 3672 3671 954
f 3670 3671 3672
f 952 3673 3675
f 3673 162 3674
f 3675 3674 953
f 3673 3674 3675
f 954 3676 3678
f 3676 953 3677
f 3678 3677 165
f 3676 3677 3678
f 952 3675 3671
f 3675 953 3676
f 3671 3676 954
f 3675 3676 3671
f 198 3679 3681
f 3679 955 3680
f 3681 3680 957
f 3679 3680 3681
f 955 3682 3684
f 3682 156 3683
f 3684 3683 956
f 3682 3683 3684
f 957 3685 3687
f 3685 956 3686
f 3687 3686 185
f 3685 3686 3687
f 955 3684 3680
f 3684 956 3685
f 3680 3685 957
f 3684 3685 3680
f 169 3688 3690
f 3688 958 3689
f 3690 3689 960
f 3688 3689 3690
f 958 3691 3693
f 3691 150 3692
f 3693 3692 959
f 3691 3692 3693
f 960 3694 3696
f 3694 959 3695
f 3696 3695 154
f 3694 3695 3696
f 958 3693 3689
f 3693 959 3694
f 3689 3694 960
f 3693 3694 3689
f 206 3697 3699
f 3697 961 3698
f 3699 3698 963
f 3697 3698 3699
f 961 3700 3702
f 3700 195 3701
f 3702 3701 962
f 3700 3701 3702
f 963 3703 3705
f 3703 962 3704
f 3705 3704 190
f 3703 3704 3705
f 961 3702 3698
f 3702 962 3703
f 3698 3703 963
f 3702 3703 3698
f 161 3706 3708
f 3706 964 3707
f 3708 3707 966
f 3706 3707 3708
f 964 3709 3711
f 3709 155 3710
f 3711 3710 965
f 3709 3710 3711
f 966 3712 3714
f 3712 965 3713
f 3714 3713 164
f 3712 3713 3714
f 964 3711 3707
f 3711 965 3712
f 3707 3712 966
f 3711 3712 3707
f 179 3715 3717
f 3715 967 3716
f 3717 3716 969
f 3715 3716 3717
f 967 3718 3720
f 3718 214 3719
f 3720 3719 968
f 3718 3719 3720
f 969 3721 3723
f 3721 968 3722
f 3723 3722 151
f 3721 3722 3723
f 967 3720 3716
f 3720 968 3721
f 3716 3721 969
f 3720 3721 3716
f 200 3724 3726
f 3724 970 3725
f 3726 3725 972
f 3724 3725 3726
f 970 3727 3729
f 3727 166 3728
f 3729 3728 971
f 3727 3728 3729
f 972 3730 3732
f 3730 971 3731
f 3732 3731 208
f 3730 3731 3732
f 970 3729 3725
f 3729 971 3730
f 3725 3730 972
f 3729 3730 3725
f 203 3733 3735
f 3733 973 3734
f 3735 3734 975
f 3733 3734 3735
f 973 3736 3738
f 3736 182 3737
f 3738 3737 974
f 3736 3737 3738
f 975 3739 3741
f 3739 974 3740
f 3741 3740 183
f 3739 3740 3741
f 973 3738 3734
f 3738 974 3739
f 3734 3739 975
f 3738 3739 3734
f 178 3742 3744
f 3742 976 3743
f 3744 3743 978
f 3742 3743 3744
f 976 3745 3747
f 3745 198 3746
f 3747 3746 977
f 3745 3746 3747
f 978 3748 3750
f 3748 977 3749
f 3750 3749 172
f 3748 3749 3750
f 976 3747 3743
f 3747 977 3748
f 3743 3748 978
f 3747 3748 3743
f 169 3751 3753
f 3751 979 3752
f 3753 3752 981
f 3751 3752 3753
f 979 3754 3756
f 3754 164 3755
f 3756 3755 980
f 3754 3755 3756
f 981 3757 3759
f 3757 980 3758
f 3759 3758 179
f 3757 3758 3759
f 979 3756 3752
f 3756 980 3757
f 3752 3757 981
f 3756 3757 3752
f 200 3760 3762
f 3760 982 3761
f 3762 3761 984
f 3760 3761 3762
f 982 3763 3765
f 3763 189 3764
f 3765 3764 983
f 3763 3764 3765
f 984 3766 3768
f 3766 983 3767
f 3768 3767 155
f 3766 3767 3768
f 982 3765 3761
f 3765 983 3766
f 3761 3766 984
f 3765 3766 3761
f 154 3769 3696
f 3769 985 3770
f 3696 3770 960
f 3769 3770 3696
f 985 3771 3773
f 3771 173 3772
f 3773 3772 986
f 3771 3772 3773
f 960 3774 3690
f 3774 986 3775
f 3690 3775 169
f 3774 3775 3690
f 985 3773 3770
f 3773 986 3774
f 3770 3774 960
f 3773 3774 3770
f 155 3776 3778
f 3776 987 3777
f 3778 3777 988
f 3776 3777 3778
f 987 3779 3780
f 3779 29 2237
f 3780 2237 591
f 3779 2237 3780
f 988 3781 3782
f 3781 591 2234
f 3782 2234 14
f 3781 2234 3782
f 987 3780 3777
f 3780 591 3781
f 3777 3781 988
f 3780 3781 3777
f 165 3677 3784
f 3677 953 3783
f 3784 3783 990
f 3677 3783 3784
f 953 3674 3786
f 3674 162 3785
f 3786 3785 989
f 3674 3785 3786
f 990 3787 3789
f 3787 989 3788
f 3789 3788 152
f 3787 3788 3789
f 953 3786 3783
f 3786 989 3787
f 3783 3787 990
f 3786 3787 3783
f 190 3790 3792
f 3790 991 3791
f 3792 3791 992
f 3790 3791 3792
f 991 3793 3794
f 3793 171 3636
f 3794 3636 942
f 3793 3636 3794
f 992 3795 3796
f 3795 942 3642
f 3796 3642 176
f 3795 3642 3796
f 991 3794 3791
f 3794 942 3795
f 3791 3795 992
f 3794 3795 3791
f 163 3797 3799
f 3797 993 3798
f 3799 3798 995
f 3797 3798 3799
f 993 3800 3802
f 3800 195 3801
f 3802 3801 994
f 3800 3801 3802
f 995 3803 3805
f 3803 994 3804
f 3805 3804 183
f 3803 3804 3805
f 993 3802 3798
f 3802 994 3803
f 3798 3803 995
f 3802 3803 3798
f 189 3806 3656
f 3806 996 3807
f 3656 3807 947
f 3806 3807 3656
f 996 3808 3810
f 3808 188 3809
f 3810 3809 997
f 3808 3809 3810
f 947 3811 3659
f 3811 997 3812
f 3659 3812 160
f 3811 3812 3659
f 996 3810 3807
f 3810 997 3811
f 3807 3811 947
f 3810 3811 3807
f 29 3813 2279
f 3813 998 3814
f 2279 3814 604
f 3813 3814 2279
f 998 3815 3816
f 3815 161 3618
f 3816 3618 936
f 3815 3618 3816
f 604 3817 2274
f 3817 936 3624
f 2274 3624 45
f 3817 3624 2274
f 998 3816 3814
f 3816 936 3817
f 3814 3817 604
f 3816 3817 3814
f 210 3818 3820
f 3818 999 3819
f 3820 3819 1001
f 3818 3819 3820
f 999 3821 3823
f 3821 26 3822
f 3823 3822 1000
f 3821 3822 3823
f 1001 3824 3826
f 3824 1000 3825
f 3826 3825 205
f 3824 3825 3826
f 999 3823 3819
f 3823 1000 3824
f 3819 3824 1001
f 3823 3824 3819
f 186 3664 3828
f 3664 949 3827
f 3828 3827 1003
f 3664 3827 3828
f 949 3661 3830
f 3661 159 3829
f 3830 3829 1002
f 3661 3829 3830
f 1003 3831 3833
f 3831 1002 3832
f 3833 3832 165
f 3831 3832 3833
f 949 3830 3827
f 3830 1002 3831
f 3827 3831 1003
f 3830 3831 3827
f 209 3834 3836
f 3834 1004 3835
f 3836 3835 1006
f 3834 3835 3836
f 1004 3837 3839
f 3837 174 3838
f 3839 3838 1005
f 3837 3838 3839
f 1006 3840 3842
f 3840 1005 3841
f 3842 3841 148
f 3840 3841 3842
f 1004 3839 3835
f 3839 1005 3840
f 3835 3840 1006
f 3839 3840 3835
f 168 3843 3845
f 3843 1007 3844
f 3845 3844 1009
f 3843 3844 3845
f 1007 3846 3848
f 3846 174 3847
f 3848 3847 1008
f 3846 3847 3848
f 1009 3849 3851
f 3849 1008 3850
f 3851 3850 180
f 3849 3850 3851
f 1007 3848 3844
f 3848 1008 3849
f 3844 3849 1009
f 3848 3849 3844
f 171 3852 3854
f 3852 1010 3853
f 3854 3853 1012
f 3852 3853 3854
f 1010 3855 3857
f 3855 163 3856
f 3857 3856 1011
f 3855 3856 3857
f 1012 3858 3860
f 3858 1011 3859
f 3860 3859 199
f 3858 3859 3860
f 1010 3857 3853
f 3857 1011 3858
f 3853 3858 1012
f 3857 3858 3853
f 188 3808 3862
f 3808 996 3861
f 3862 3861 1014
f 3808 3861 3862
f 996 3806 3864
f 3806 189 3863
f 3864 3863 1013
f 3806 3863 3864
f 1014 3865 3867
f 3865 1013 3866
f 3867 3866 170
f 3865 3866 3867
f 996 3864 3861
f 3864 1013 3865
f 3861 3865 1014
f 3864 3865 3861
f 196 3868 3870
f 3868 1015 3869
f 3870 3869 1017
f 3868 3869 3870
f 1015 3871 3873
f 3871 152 3872
f 3873 3872 1016
f 3871 3872 3873
f 1017 3874 3876
f 3874 1016 3875
f 3876 3875 157
f 3874 3875 3876
f 1015 3873 3869
f 3873 1016 3874
f 3869 3874 1017
f 3873 3874 3869
f 192 3877 3879
f 3877 1018 3878
f 3879 3878 1020
f 3877 3878 3879
f 1018 3880 3882
f 3880 187 3881
f 3882 3881 1019
f 3880 3881 3882
f 1020 3883 3885
f 3883 1019 3884
f 3885 3884 167
f 3883 3884 3885
f 1018 3882 3878
f 3882 1019 3883
f 3878 3883 1020
f 3882 3883 3878
f 159 3886 3888
f 3886 1021 3887
f 3888 3887 1023
f 3886 3887 3888
f 1021 3889 3891
f 3889 198 3890
f 3891 3890 1022
f 3889 3890 3891
f 1023 3892 3894
f 3892 1022 3893
f 3894 3893 168
f 3892 3893 3894
f 1021 3891 3887
f 3891 1022 3892
f 3887 3892 1023
f 3891 3892 3887
f 175 3895 3897
f 3895 1024 3896
f 3897 3896 1025
f 3895 3896 3897
f 1024 3898 3899
f 3898 174 3846
f 3899 3846 1007
f 3898 3846 3899
f 1025 3900 3901
f 3900 1007 3843
f 3901 3843 168
f 3900 3843 3901
f 1024 3899 3896
f 3899 1007 3900
f 3896 3900 1025
f 3899 3900 3896
f 173 3771 3903
f 3771 985 3902
f 3903 3902 1027
f 3771 3902 3903
f 985 3769 3905
f 3769 154 3904
f 3905 3904 1026
f 3769 3904 3905
f 1027 3906 3908
f 3906 1026 3907
f 3908 3907 1
f 3906 3907 3908
f 985 3905 3902
f 3905 1026 3906
f 3902 3906 1027
f 3905 3906 3902
f 160 3909 3911
f 3909 1028 3910
f 3911 3910 1029
f 3909 3910 3911
f 1028 3912 3913
f 3912 214 3718
f 3913 3718 967
f 3912 3718 3913
f 1029 3914 3915
f 3914 967 3715
f 3915 3715 179
f 3914 3715 3915
f 1028 3913 3910
f 3913 967 3914
f 3910 3914 1029
f 3913 3914 3910
f 172 3916 3750
f 3916 1030 3917
f 3750 3917 978
f 3916 3917 3750
f 1030 3918 3920
f 3918 184 3919
f 3920 3919 1031
f 3918 3919 3920
f 978 3921 3744
f 3921 1031 3922
f 3744 3922 178
f 3921 3922 3744
f 1030 3920 3917
f 3920 1031 3921
f 3917 3921 978
f 3920 3921 3917
f 166 3923 3925
f 3923 1032 3924
f 3925 3924 1033
f 3923 3924 3925
f 1032 3926 3927
f 3926 206 3699
f 3927 3699 963
f 3926 3699 3927
f 1033 3928 3929
f 3928 963 3705
f 3929 3705 190
f 3928 3705 3929
f 1032 3927 3924
f 3927 963 3928
f 3924 3928 1033
f 3927 3928 3924
f 183 3930 3805
f 3930 1034 3931
f 3805 3931 995
f 3930 3931 3805
f 1034 3932 3934
f 3932 191 3933
f 3934 3933 1035
f 3932 3933 3934
f 995 3935 3799
f 3935 1035 3936
f 3799 3936 163
f 3935 3936 3799
f 1034 3934 3931
f 3934 1035 3935
f 3931 3935 995
f 3934 3935 3931
f 17 2406 3938
f 2406 643 3937
f 3938 3937 1037
f 2406 3937 3938
f 643 2403 3940
f 2403 57 3939
f 3940 3939 1036
f 2403 3939 3940
f 1037 3941 3943
f 3941 1036 3942
f 3943 3942 182
f 3941 3942 3943
f 643 3940 3937
f 3940 1036 3941
f 3937 3941 1037
f 3940 3941 3937
f 168 3944 3901
f 3944 1038 3945
f 3901 3945 1025
f 3944 3945 3901
f 1038 3946 3948
f 3946 185 3947
f 3948 3947 1039
f 3946 3947 3948
f 1025 3949 3897
f 3949 1039 3950
f 3897 3950 175
f 3949 3950 3897
f 1038 3948 3945
f 3948 1039 3949
f 3945 3949 1025
f 3948 3949 3945
f 153 3951 3669
f 3951 1040 3952
f 3669 3952 951
f 3951 3952 3669
f 1040 3953 3955
f 3953 172 3954
f 3955 3954 1041
f 3953 3954 3955
f 951 3956 3663
f 3956 1041 3957
f 3663 3957 159
f 3956 3957 3663
f 1040 3955 3952
f 3955 1041 3956
f 3952 3956 951
f 3955 3956 3952
f 45 3623 2426
f 3623 935 3958
f 2426 3958 649
f 3623 3958 2426
f 935 3620 3959
f 3620 173 3903
f 3959 3903 1027
f 3620 3903 3959
f 649 3960 2423
f 3960 1027 3908
f 2423 3908 1
f 3960 3908 2423
f 935 3959 3958
f 3959 1027 3960
f 3958 3960 649
f 3959 3960 3958
f 161 3961 3616
f 3961 1042 3962
f 3616 3962 934
f 3961 3962 3616
f 1042 3963 3964
f 3963 169 3775
f 3964 3775 986
f 3963 3775 3964
f 934 3965 3619
f 3965 986 3772
f 3619 3772 173
f 3965 3772 3619
f 1042 3964 3962
f 3964 986 3965
f 3962 3965 934
f 3964 3965 3962
f 159 3966 3829
f 3966 1043 3967
f 3829 3967 1002
f 3966 3967 3829
f 1043 3968 3969
f 3968 180 3672
f 3969 3672 954
f 3968 3672 3969
f 1002 3970 3832
f 3970 954 3678
f 3832 3678 165
f 3970 3678 3832
f 1043 3969 3967
f 3969 954 3970
f 3967 3970 1002
f 3969 3970 3967
f 174 3898 3838
f 3898 1024 3971
f 3838 3971 1005
f 3898 3971 3838
f 1024 3895 3973
f 3895 175 3972
f 3973 3972 1044
f 3895 3972 3973
f 1005 3974 3841
f 3974 1044 3975
f 3841 3975 148
f 3974 3975 3841
f 1024 3973 3971
f 3973 1044 3974
f 3971 3974 1005
f 3973 3974 3971
f 204 3976 3978
f 3976 1045 3977
f 3978 3977 1047
f 3976 3977 3978
f 1045 3979 3981
f 3979 192 3980
f 3981 3980 1046
f 3979 3980 3981
f 1047 3982 3984
f 3982 1046 3983
f 3984 3983 184
f 3982 3983 3984
f 1045 3981 3977
f 3981 1046 3982
f 3977 3982 1047
f 3981 3982 3977
f 208 3731 3986
f 3731 971 3985
f 3986 3985 1049
f 3731 3985 3986
f 971 3728 3988
f 3728 166 3987
f 3988 3987 1048
f 3728 3987 3988
f 1049 3989 3991
f 3989 1048 3990
f 3991 3990 176
f 3989 3990 3991
f 971 3988 3985
f 3988 1048 3989
f 3985 3989 1049
f 3988 3989 3985
f 182 3736 3943
f 3736 973 3992
f 3943 3992 1037
f 3736 3992 3943
f 973 3733 3994
f 3733 203 3993
f 3994 3993 1050
f 3733 3993 3994
f 1037 3995 3938
f 3995 1050 3996
f 3938 3996 17
f 3995 3996 3938
f 973 3994 3992
f 3994 1050 3995
f 3992 3995 1037
f 3994 3995 3992
f 191 3997 3999
f 3997 1051 3998
f 3999 3998 1053
f 3997 3998 3999
f 1051 4000 4002
f 4000 193 4001
f 4002 4001 1052
f 4000 4001 4002
f 1053 4003 4005
f 4003 1052 4004
f 4005 4004 177
f 4003 4004 4005
f 1051 4002 3998
f 4002 1052 4003
f 3998 4003 1053
f 4002 4003 3998
f 184 4006 4008
f 4006 1054 4007
f 4008 4007 1056
f 4006 4007 4008
f 1054 4009 4011
f 4009 153 4010
f 4011 4010 1055
f 4009 4010 4011
f 1056 4012 4014
f 4012 1055 4013
f 4014 4013 194
f 4012 4013 4014
f 1054 4011 4007
f 4011 1055 4012
f 4007 4012 1056
f 4011 4012 4007
f 156 4015 4017
f 4015 1057 4016
f 4017 4016 1059
f 4015 4016 4017
f 1057 4018 4020
f 4018 178 4019
f 4020 4019 1058
f 4018 4019 4020
f 1059 4021 4023
f 4021 1058 4022
f 4023 4022 167
f 4021 4022 4023
f 1057 4020 4016
f 4020 1058 4021
f 4016 4021 1059
f 4020 4021 4016
f 151 4024 3723
f 4024 1060 4025
f 3723 4025 969
f 4024 4025 3723
f 1060 4026 4028
f 4026 150 4027
f 4028 4027 1061
f 4026 4027 4028
f 969 4029 3717
f 4029 1061 4030
f 3717 4030 179
f 4029 4030 3717
f 1060 4028 4025
f 4028 1061 4029
f 4025 4029 969
f 4028 4029 4025
f 214 3912 4032
f 3912 1028 4031
f 4032 4031 1062
f 3912 4031 4032
f 1028 3909 4033
f 3909 160 3812
f 4033 3812 997
f 3909 3812 4033
f 1062 4034 4035
f 4034 997 3809
f 4035 3809 188
f 4034 3809 4035
f 1028 4033 4031
f 4033 997 4034
f 4031 4034 1062
f 4033 4034 4031
f 174 3837 3847
f 3837 1004 4036
f 3847 4036 1008
f 3837 4036 3847
f 1004 3834 4038
f 3834 209 4037
f 4038 4037 1063
f 3834 4037 4038
f 1008 4039 3850
f 4039 1063 4040
f 3850 4040 180
f 4039 4040 3850
f 1004 4038 4036
f 4038 1063 4039
f 4036 4039 1008
f 4038 4039 4036
f 207 4041 4043
f 4041 1064 4042
f 4043 4042 1065
f 4041 4042 4043
f 1064 4044 4045
f 4044 155 3778
f 4045 3778 988
f 4044 3778 4045
f 1065 4046 4047
f 4046 988 3782
f 4047 3782 14
f 4046 3782 4047
f 1064 4045 4042
f 4045 988 4046
f 4042 4046 1065
f 4045 4046 4042
f 201 3646 4049
f 3646 943 4048
f 4049 4048 1067
f 3646 4048 4049
f 943 3643 4051
f 3643 193 4050
f 4051 4050 1066
f 3643 4050 4051
f 1067 4052 4054
f 4052 1066 4053
f 4054 4053 182
f 4052 4053 4054
f 943 4051 4048
f 4051 1066 4052
f 4048 4052 1067
f 4051 4052 4048
f 57 4055 3939
f 4055 1068 4056
f 3939 4056 1036
f 4055 4056 3939
f 1068 4057 4058
f 4057 201 4049
f 4058 4049 1067
f 4057 4049 4058
f 1036 4059 3942
f 4059 1067 4054
f 3942 4054 182
f 4059 4054 3942
f 1068 4058 4056
f 4058 1067 4059
f 4056 4059 1036
f 4058 4059 4056
f 166 3727 4061
f 3727 970 4060
f 4061 4060 1070
f 3727 4060 4061
f 970 3724 4063
f 3724 200 4062
f 4063 4062 1069
f 3724 4062 4063
f 1070 4064 4066
f 4064 1069 4065
f 4066 4065 181
f 4064 4065 4066
f 970 4063 4060
f 4063 1069 4064
f 4060 4064 1070
f 4063 4064 4060
f 194 4067 4069
f 4067 1071 4068
f 4069 4068 1073
f 4067 4068 4069
f 1071 4070 4072
f 4070 202 4071
f 4072 4071 1072
f 4070 4071 4072
f 1073 4073 4075
f 4073 1072 4074
f 4075 4074 208
f 4073 4074 4075
f 1071 4072 4068
f 4072 1072 4073
f 4068 4073 1073
f 4072 4073 4068
f 195 3800 3701
f 3800 993 4076
f 3701 4076 962
f 3800 4076 3701
f 993 3797 4078
f 3797 163 4077
f 4078 4077 1074
f 3797 4077 4078
f 962 4079 3704
f 4079 1074 4080
f 3704 4080 190
f 4079 4080 3704
f 993 4078 4076
f 4078 1074 4079
f 4076 4079 962
f 4078 4079 4076
f 193 4000 4082
f 4000 1051 4081
f 4082 4081 1075
f 4000 4081 4082
f 1051 3997 4083
f 3997 191 3932
f 4083 3932 1034
f 3997 3932 4083
f 1075 4084 4085
f 4084 1034 3930
f 4085 3930 183
f 4084 3930 4085
f 1051 4083 4081
f 4083 1034 4084
f 4081 4084 1075
f 4083 4084 4081
f 153 4009 3951
f 4009 1054 4086
f 3951 4086 1040
f 4009 4086 3951
f 1054 4006 4087
f 4006 184 3918
f 4087 3918 1030
f 4006 3918 4087
f 1040 4088 3953
f 4088 1030 3916
f 3953 3916 172
f 4088 3916 3953
f 1054 4087 4086
f 4087 1030 4088
f 4086 4088 1040
f 4087 4088 4086
f 178 3922 4090
f 3922 1031 4089
f 4090 4089 1076
f 3922 4089 4090
f 1031 3919 4091
f 3919 184 3983
f 4091 3983 1046
f 3919 3983 4091
f 1076 4092 4093
f 4092 1046 3980
f 4093 3980 192
f 4092 3980 4093
f 1031 4091 4089
f 4091 1046 4092
f 4089 4092 1076
f 4091 4092 4089
f 198 3889 3746
f 3889 1021 4094
f 3746 4094 977
f 3889 4094 3746
f 1021 3886 4095
f 3886 159 3957
f 4095 3957 1041
f 3886 3957 4095
f 977 4096 3749
f 4096 1041 3954
f 3749 3954 172
f 4096 3954 3749
f 1021 4095 4094
f 4095 1041 4096
f 4094 4096 977
f 4095 4096 4094
f 186 4097 3665
f 4097 1077 4098
f 3665 4098 950
f 4097 4098 3665
f 1077 4099 4101
f 4099 170 4100
f 4101 4100 1078
f 4099 4100 4101
f 950 4102 3668
f 4102 1078 4103
f 3668 4103 153
f 4102 4103 3668
f 1077 4101 4098
f 4101 1078 4102
f 4098 4102 950
f 4101 4102 4098
f 165 4104 3833
f 4104 1079 4105
f 3833 4105 1003
f 4104 4105 3833
f 1079 4106 4107
f 4106 196 3627
f 4107 3627 939
f 4106 3627 4107
f 1003 4108 3828
f 4108 939 3633
f 3828 3633 186
f 4108 3633 3828
f 1079 4107 4105
f 4107 939 4108
f 4105 4108 1003
f 4107 4108 4105
f 155 3709 3776
f 3709 964 4109
f 3776 4109 987
f 3709 4109 3776
f 964 3706 4110
f 3706 161 3815
f 4110 3815 998
f 3706 3815 4110
f 987 4111 3779
f 4111 998 3813
f 3779 3813 29
f 4111 3813 3779
f 964 4110 4109
f 4110 998 4111
f 4109 4111 987
f 4110 4111 4109
f 168 3845 3894
f 3845 1009 4112
f 3894 4112 1023
f 3845 4112 3894
f 1009 3851 4113
f 3851 180 3968
f 4113 3968 1043
f 3851 3968 4113
f 1023 4114 3888
f 4114 1043 3966
f 3888 3966 159
f 4114 3966 3888
f 1009 4113 4112
f 4113 1043 4114
f 4112 4114 1023
f 4113 4114 4112
f 169 3753 3688
f 3753 981 4115
f 3688 4115 958
f 3753 4115 3688
f 981 3759 4116
f 3759 179 4030
f 4116 4030 1061
f 3759 4030 4116
f 958 4117 3691
f 4117 1061 4027
f 3691 4027 150
f 4117 4027 3691
f 981 4116 4115
f 4116 1061 4117
f 4115 4117 958
f 4116 4117 4115
f 32 4118 2590
f 4118 1080 4119
f 2590 4119 689
f 4118 4119 2590
f 1080 4120 4121
f 4120 207 4043
f 4121 4043 1065
f 4120 4043 4121
f 689 4122 2585
f 4122 1065 4047
f 2585 4047 14
f 4122 4047 2585
f 1080 4121 4119
f 4121 1065 4122
f 4119 4122 689
f 4121 4122 4119
f 170 4099 3867
f 4099 1077 4123
f 3867 4123 1014
f 4099 4123 3867
f 1077 4097 4124
f 4097 186 3632
f 4124 3632 938
f 4097 3632 4124
f 1014 4125 3862
f 4125 938 3629
f 3862 3629 188
f 4125 3629 3862
f 1077 4124 4123
f 4124 938 4125
f 4123 4125 1014
f 4124 4125 4123
f 155 3767 3710
f 3767 983 4126
f 3710 4126 965
f 3767 4126 3710
f 983 3764 4127
f 3764 189 3655
f 4127 3655 946
f 3764 3655 4127
f 965 4128 3713
f 4128 946 3652
f 3713 3652 164
f 4128 3652 3713
f 983 4127 4126
f 4127 946 4128
f 4126 4128 965
f 4127 4128 4126
f 202 4070 4130
f 4070 1071 4129
f 4130 4129 1082
f 4070 4129 4130
f 1071 4067 4132
f 4067 194 4131
f 4132 4131 1081
f 4067 4131 4132
f 1082 4133 4135
f 4133 1081 4134
f 4135 4134 170
f 4133 4134 4135
f 1071 4132 4129
f 4132 1081 4133
f 4129 4133 1082
f 4132 4133 4129
f 166 3925 3987
f 3925 1033 4136
f 3987 4136 1048
f 3925 4136 3987
f 1033 3929 4137
f 3929 190 3792
f 4137 3792 992
f 3929 3792 4137
f 1048 4138 3990
f 4138 992 3796
f 3990 3796 176
f 4138 3796 3990
f 1033 4137 4136
f 4137 992 4138
f 4136 4138 1048
f 4137 4138 4136
f 195 4139 4141
f 4139 1083 4140
f 4141 4140 1084
f 4139 4140 4141
f 1083 4142 4143
f 4142 5 2610
f 4143 2610 692
f 4142 2610 4143
f 1084 4144 4145
f 4144 692 2607
f 4145 2607 38
f 4144 2607 4145
f 1083 4143 4140
f 4143 692 4144
f 4140 4144 1084
f 4143 4144 4140
f 149 4146 4148
f 4146 1085 4147
f 4148 4147 1086
f 4146 4147 4148
f 1085 4149 4150
f 4149 191 3999
f 4150 3999 1053
f 4149 3999 4150
f 1086 4151 4152
f 4151 1053 4005
f 4152 4005 177
f 4151 4005 4152
f 1085 4150 4147
f 4150 1053 4151
f 4147 4151 1086
f 4150 4151 4147
f 199 3859 4154
f 3859 1011 4153
f 4154 4153 1087
f 3859 4153 4154
f 1011 3856 4155
f 3856 163 3936
f 4155 3936 1035
f 3856 3936 4155
f 1087 4156 4157
f 4156 1035 3933
f 4157 3933 191
f 4156 3933 4157
f 1011 4155 4153
f 4155 1035 4156
f 4153 4156 1087
f 4155 4156 4153
f 204 4158 3976
f 4158 1088 4159
f 3976 4159 1045
f 4158 4159 3976
f 1088 4160 4162
f 4160 213 4161
f 4162 4161 1089
f 4160 4161 4162
f 1045 4163 3979
f 4163 1089 4164
f 3979 4164 192
f 4163 4164 3979
f 1088 4162 4159
f 4162 1089 4163
f 4159 4163 1045
f 4162 4163 4159
f 183 3740 4085
f 3740 974 4165
f 4085 4165 1075
f 3740 4165 4085
f 974 3737 4166
f 3737 182 4053
f 4166 4053 1066
f 3737 4053 4166
f 1075 4167 4082
f 4167 1066 4050
f 4082 4050 193
f 4167 4050 4082
f 974 4166 4165
f 4166 1066 4167
f 4165 4167 1075
f 4166 4167 4165
f 197 4168 4170
f 4168 1090 4169
f 4170 4169 1091
f 4168 4169 4170
f 1090 4171 4172
f 4171 193 3645
f 4172 3645 945
f 4171 3645 4172
f 1091 4173 4174
f 4173 945 3651
f 4174 3651 158
f 4173 3651 4174
f 1090 4172 4169
f 4172 945 4173
f 4169 4173 1091
f 4172 4173 4169
f 170 4134 4100
f 4134 1081 4175
f 4100 4175 1078
f 4134 4175 4100
f 1081 4131 4176
f 4131 194 4013
f 4176 4013 1055
f 4131 4013 4176
f 1078 4177 4103
f 4177 1055 4010
f 4103 4010 153
f 4177 4010 4103
f 1081 4176 4175
f 4176 1055 4177
f 4175 4177 1078
f 4176 4177 4175
f 208 3986 4179
f 3986 1049 4178
f 4179 4178 1093
f 3986 4178 4179
f 1049 3991 4181
f 3991 176 4180
f 4181 4180 1092
f 3991 4180 4181
f 1093 4182 4184
f 4182 1092 4183
f 4184 4183 204
f 4182 4183 4184
f 1049 4181 4178
f 4181 1092 4182
f 4178 4182 1093
f 4181 4182 4178
f 38 4185 4145
f 4185 1094 4186
f 4145 4186 1084
f 4185 4186 4145
f 1094 4187 4189
f 4187 203 4188
f 4189 4188 1095
f 4187 4188 4189
f 1084 4190 4141
f 4190 1095 4191
f 4141 4191 195
f 4190 4191 4141
f 1094 4189 4186
f 4189 1095 4190
f 4186 4190 1084
f 4189 4190 4186
f 206 4192 4194
f 4192 1096 4193
f 4194 4193 1097
f 4192 4193 4194
f 1096 4195 4196
f 4195 69 2665
f 4196 2665 706
f 4195 2665 4196
f 1097 4197 4198
f 4197 706 2662
f 4198 2662 5
f 4197 2662 4198
f 1096 4196 4193
f 4196 706 4197
f 4193 4197 1097
f 4196 4197 4193
f 214 4199 4201
f 4199 1098 4200
f 4201 4200 1099
f 4199 4200 4201
f 1098 4202 4203
f 4202 196 3870
f 4203 3870 1017
f 4202 3870 4203
f 1099 4204 4205
f 4204 1017 3876
f 4205 3876 157
f 4204 3876 4205
f 1098 4203 4200
f 4203 1017 4204
f 4200 4204 1099
f 4203 4204 4200
f 152 3871 3789
f 3871 1015 4206
f 3789 4206 990
f 3871 4206 3789
f 1015 3868 4207
f 3868 196 4106
f 4207 4106 1079
f 3868 4106 4207
f 990 4208 3784
f 4208 1079 4104
f 3784 4104 165
f 4208 4104 3784
f 1015 4207 4206
f 4207 1079 4208
f 4206 4208 990
f 4207 4208 4206
f 193 4171 4001
f 4171 1090 4209
f 4001 4209 1052
f 4171 4209 4001
f 1090 4168 4211
f 4168 197 4210
f 4211 4210 1100
f 4168 4210 4211
f 1052 4212 4004
f 4212 1100 4213
f 4004 4213 177
f 4212 4213 4004
f 1090 4211 4209
f 4211 1100 4212
f 4209 4212 1052
f 4211 4212 4209
f 156 3682 4015
f 3682 955 4214
f 4015 4214 1057
f 3682 4214 4015
f 955 3679 4215
f 3679 198 3745
f 4215 3745 976
f 3679 3745 4215
f 1057 4216 4018
f 4216 976 3742
f 4018 3742 178
f 4216 3742 4018
f 955 4215 4214
f 4215 976 4216
f 4214 4216 1057
f 4215 4216 4214
f 168 3893 3944
f 3893 1022 4217
f 3944 4217 1038
f 3893 4217 3944
f 1022 3890 4218
f 3890 198 3681
f 4218 3681 957
f 3890 3681 4218
f 1038 4219 3946
f 4219 957 3687
f 3946 3687 185
f 4219 3687 3946
f 1022 4218 4217
f 4218 957 4219
f 4217 4219 1038
f 4218 4219 4217
f 149 4220 4146
f 4220 1101 4221
f 4146 4221 1085
f 4220 4221 4146
f 1101 4222 4223
f 4222 199 4154
f 4223 4154 1087
f 4222 4154 4223
f 1085 4224 4149
f 4224 1087 4157
f 4149 4157 191
f 4224 4157 4149
f 1101 4223 4221
f 4223 1087 4224
f 4221 4224 1085
f 4223 4224 4221
f 163 3855 4077
f 3855 1010 4225
f 4077 4225 1074
f 3855 4225 4077
f 1010 3852 4226
f 3852 171 3793
f 4226 3793 991
f 3852 3793 4226
f 1074 4227 4080
f 4227 991 3790
f 4080 3790 190
f 4227 3790 4080
f 1010 4226 4225
f 4226 991 4227
f 4225 4227 1074
f 4226 4227 4225
f 207 4228 4230
f 4228 1102 4229
f 4230 4229 1103
f 4228 4229 4230
f 1102 4231 4232
f 4231 181 4065
f 4232 4065 1069
f 4231 4065 4232
f 1103 4233 4234
f 4233 1069 4062
f 4234 4062 200
f 4233 4062 4234
f 1102 4232 4229
f 4232 1069 4233
f 4229 4233 1103
f 4232 4233 4229
f 202 4235 4237
f 4235 1104 4236
f 4237 4236 1105
f 4235 4236 4237
f 1104 4238 4239
f 4238 189 3763
f 4239 3763 982
f 4238 3763 4239
f 1105 4240 4241
f 4240 982 3760
f 4241 3760 200
f 4240 3760 4241
f 1104 4239 4236
f 4239 982 4240
f 4236 4240 1105
f 4239 4240 4236
f 69 4242 2722
f 4242 1106 4243
f 2722 4243 719
f 4242 4243 2722
f 1106 4244 4246
f 4244 181 4245
f 4246 4245 1107
f 4244 4245 4246
f 719 4247 2716
f 4247 1107 4248
f 2716 4248 32
f 4247 4248 2716
f 1106 4246 4243
f 4246 1107 4247
f 4243 4247 719
f 4246 4247 4243
f 164 3754 3714
f 3754 979 4249
f 3714 4249 966
f 3754 4249 3714
f 979 3751 4250
f 3751 169 3963
f 4250 3963 1042
f 3751 3963 4250
f 966 4251 3708
f 4251 1042 3961
f 3708 3961 161
f 4251 3961 3708
f 979 4250 4249
f 4250 1042 4251
f 4249 4251 966
f 4250 4251 4249
f 160 3911 3660
f 3911 1029 4252
f 3660 4252 948
f 3911 4252 3660
f 1029 3915 4253
f 3915 179 3758
f 4253 3758 980
f 3915 3758 4253
f 948 4254 3654
f 4254 980 3755
f 3654 3755 164
f 4254 3755 3654
f 1029 4253 4252
f 4253 980 4254
f 4252 4254 948
f 4253 4254 4252
f 75 4255 2735
f 4255 1108 4256
f 2735 4256 721
f 4255 4256 2735
f 1108 4257 4258
f 4257 201 4057
f 4258 4057 1068
f 4257 4057 4258
f 721 4259 2730
f 4259 1068 4055
f 2730 4055 57
f 4259 4055 2730
f 1108 4258 4256
f 4258 1068 4259
f 4256 4259 721
f 4258 4259 4256
f 189 4238 3863
f 4238 1104 4260
f 3863 4260 1013
f 4238 4260 3863
f 1104 4235 4261
f 4235 202 4130
f 4261 4130 1082
f 4235 4130 4261
f 1013 4262 3866
f 4262 1082 4135
f 3866 4135 170
f 4262 4135 3866
f 1104 4261 4260
f 4261 1082 4262
f 4260 4262 1013
f 4261 4262 4260
f 200 3726 4241
f 3726 972 4263
f 4241 4263 1105
f 3726 4263 4241
f 972 3732 4264
f 3732 208 4074
f 4264 4074 1072
f 3732 4074 4264
f 1105 4265 4237
f 4265 1072 4071
f 4237 4071 202
f 4265 4071 4237
f 972 4264 4263
f 4264 1072 4265
f 4263 4265 1105
f 4264 4265 4263
f 38 2746 4185
f 2746 722 4266
f 4185 4266 1094
f 2746 4266 4185
f 722 2743 4267
f 2743 17 3996
f 4267 3996 1050
f 2743 3996 4267
f 1094 4268 4187
f 4268 1050 3993
f 4187 3993 203
f 4268 3993 4187
f 722 4267 4266
f 4267 1050 4268
f 4266 4268 1094
f 4267 4268 4266
f 195 4191 3801
f 4191 1095 4269
f 3801 4269 994
f 4191 4269 3801
f 1095 4188 4270
f 4188 203 3735
f 4270 3735 975
f 4188 3735 4270
f 994 4271 3804
f 4271 975 3741
f 3804 3741 183
f 4271 3741 3804
f 1095 4270 4269
f 4270 975 4271
f 4269 4271 994
f 4270 4271 4269
f 187 4272 4274
f 4272 1109 4273
f 4274 4273 1110
f 4272 4273 4274
f 1109 4275 4276
f 4275 199 4222
f 4276 4222 1101
f 4275 4222 4276
f 1110 4277 4278
f 4277 1101 4220
f 4278 4220 149
f 4277 4220 4278
f 1109 4276 4273
f 4276 1101 4277
f 4273 4277 1110
f 4276 4277 4273
f 176 3641 4180
f 3641 941 4279
f 4180 4279 1092
f 3641 4279 4180
f 941 3638 4280
f 3638 213 4160
f 4280 4160 1088
f 3638 4160 4280
f 1092 4281 4183
f 4281 1088 4158
f 4183 4158 204
f 4281 4158 4183
f 941 4280 4279
f 4280 1088 4281
f 4279 4281 1092
f 4280 4281 4279
f 194 4282 4014
f 4282 1111 4283
f 4014 4283 1056
f 4282 4283 4014
f 1111 4284 4285
f 4284 204 3978
f 4285 3978 1047
f 4284 3978 4285
f 1056 4286 4008
f 4286 1047 3984
f 4008 3984 184
f 4286 3984 4008
f 1111 4285 4283
f 4285 1047 4286
f 4283 4286 1056
f 4285 4286 4283
f 181 4244 4288
f 4244 1106 4287
f 4288 4287 1112
f 4244 4287 4288
f 1106 4242 4289
f 4242 69 4195
f 4289 4195 1096
f 4242 4195 4289
f 1112 4290 4291
f 4290 1096 4192
f 4291 4192 206
f 4290 4192 4291
f 1106 4289 4287
f 4289 1096 4290
f 4287 4290 1112
f 4289 4290 4287
f 211 4292 4294
f 4292 1113 4293
f 4294 4293 1114
f 4292 4293 4294
f 1113 4295 4296
f 4295 210 3820
f 4296 3820 1001
f 4295 3820 4296
f 1114 4297 4298
f 4297 1001 3826
f 4298 3826 205
f 4297 3826 4298
f 1113 4296 4293
f 4296 1001 4297
f 4293 4297 1114
f 4296 4297 4293
f 181 4288 4066
f 4288 1112 4299
f 4066 4299 1070
f 4288 4299 4066
f 1112 4291 4300
f 4291 206 3926
f 4300 3926 1032
f 4291 3926 4300
f 1070 4301 4061
f 4301 1032 3923
f 4061 3923 166
f 4301 3923 4061
f 1112 4300 4299
f 4300 1032 4301
f 4299 4301 1070
f 4300 4301 4299
f 155 4044 3768
f 4044 1064 4302
f 3768 4302 984
f 4044 4302 3768
f 1064 4041 4303
f 4041 207 4230
f 4303 4230 1103
f 4041 4230 4303
f 984 4304 3762
f 4304 1103 4234
f 3762 4234 200
f 4304 4234 3762
f 1064 4303 4302
f 4303 1103 4304
f 4302 4304 984
f 4303 4304 4302
f 181 4231 4245
f 4231 1102 4305
f 4245 4305 1107
f 4231 4305 4245
f 1102 4228 4306
f 4228 207 4120
f 4306 4120 1080
f 4228 4120 4306
f 1107 4307 4248
f 4307 1080 4118
f 4248 4118 32
f 4307 4118 4248
f 1102 4306 4305
f 4306 1080 4307
f 4305 4307 1107
f 4306 4307 4305
f 194 4069 4282
f 4069 1073 4308
f 4282 4308 1111
f 4069 4308 4282
f 1073 4075 4309
f 4075 208 4179
f 4309 4179 1093
f 4075 4179 4309
f 1111 4310 4284
f 4310 1093 4184
f 4284 4184 204
f 4310 4184 4284
f 1073 4309 4308
f 4309 1093 4310
f 4308 4310 1111
f 4309 4310 4308
f 209 4311 4037
f 4311 1115 4312
f 4037 4312 1063
f 4311 4312 4037
f 1115 4313 4314
f 4313 162 3673
f 4314 3673 952
f 4313 3673 4314
f 1063 4315 4040
f 4315 952 3670
f 4040 3670 180
f 4315 3670 4040
f 1115 4314 4312
f 4314 952 4315
f 4312 4315 1063
f 4314 4315 4312
f 210 4316 4318
f 4316 1116 4317
f 4318 4317 1117
f 4316 4317 4318
f 1116 4319 4320
f 4319 201 4257
f 4320 4257 1108
f 4319 4257 4320
f 1117 4321 4322
f 4321 1108 4255
f 4322 4255 75
f 4321 4255 4322
f 1116 4320 4317
f 4320 1108 4321
f 4317 4321 1117
f 4320 4321 4317
f 26 3821 2805
f 3821 999 4323
f 2805 4323 732
f 3821 4323 2805
f 999 3818 4324
f 3818 210 4318
f 4324 4318 1117
f 3818 4318 4324
f 732 4325 2802
f 4325 1117 4322
f 2802 4322 75
f 4325 4322 2802
f 999 4324 4323
f 4324 1117 4325
f 4323 4325 732
f 4324 4325 4323
f 201 4319 3647
f 4319 1116 4326
f 3647 4326 944
f 4319 4326 3647
f 1116 4316 4328
f 4316 210 4327
f 4328 4327 1118
f 4316 4327 4328
f 944 4329 3650
f 4329 1118 4330
f 3650 4330 158
f 4329 4330 3650
f 1116 4328 4326
f 4328 1118 4329
f 4326 4329 944
f 4328 4329 4326
f 205 3825 4332
f 3825 1000 4331
f 4332 4331 1119
f 3825 4331 4332
f 1000 3822 4333
f 3822 26 2814
f 4333 2814 734
f 3822 2814 4333
f 1119 4334 4335
f 4334 734 2811
f 4335 2811 4
f 4334 2811 4335
f 1000 4333 4331
f 4333 734 4334
f 4331 4334 1119
f 4333 4334 4331
f 5 4142 4198
f 4142 1083 4336
f 4198 4336 1097
f 4142 4336 4198
f 1083 4139 4337
f 4139 195 3700
f 4337 3700 961
f 4139 3700 4337
f 1097 4338 4194
f 4338 961 3697
f 4194 3697 206
f 4338 3697 4194
f 1083 4337 4336
f 4337 961 4338
f 4336 4338 1097
f 4337 4338 4336
f 210 4295 4327
f 4295 1113 4339
f 4327 4339 1118
f 4295 4339 4327
f 1113 4292 4341
f 4292 211 4340
f 4341 4340 1120
f 4292 4340 4341
f 1118 4342 4330
f 4342 1120 4343
f 4330 4343 158
f 4342 4343 4330
f 1113 4341 4339
f 4341 1120 4342
f 4339 4342 1118
f 4341 4342 4339
f 151 3722 4345
f 3722 968 4344
f 4345 4344 1122
f 3722 4344 4345
f 968 3719 4347
f 3719 214 4346
f 4347 4346 1121
f 3719 4346 4347
f 1122 4348 4350
f 4348 1121 4349
f 4350 4349 212
f 4348 4349 4350
f 968 4347 4344
f 4347 1121 4348
f 4344 4348 1122
f 4347 4348 4344
f 199 4351 3860
f 4351 1123 4352
f 3860 4352 1012
f 4351 4352 3860
f 1123 4353 4354
f 4353 213 3637
f 4354 3637 940
f 4353 3637 4354
f 1012 4355 3854
f 4355 940 3634
f 3854 3634 171
f 4355 3634 3854
f 1123 4354 4352
f 4354 940 4355
f 4352 4355 1012
f 4354 4355 4352
f 167 4022 3885
f 4022 1058 4356
f 3885 4356 1020
f 4022 4356 3885
f 1058 4019 4357
f 4019 178 4090
f 4357 4090 1076
f 4019 4090 4357
f 1020 4358 3879
f 4358 1076 4093
f 3879 4093 192
f 4358 4093 3879
f 1058 4357 4356
f 4357 1076 4358
f 4356 4358 1020
f 4357 4358 4356
f 187 4359 4272
f 4359 1124 4360
f 4272 4360 1109
f 4359 4360 4272
f 1124 4361 4362
f 4361 213 4353
f 4362 4353 1123
f 4361 4353 4362
f 1109 4363 4275
f 4363 1123 4351
f 4275 4351 199
f 4363 4351 4275
f 1124 4362 4360
f 4362 1123 4363
f 4360 4363 1109
f 4362 4363 4360
f 212 4349 4365
f 4349 1121 4364
f 4365 4364 1125
f 4349 4364 4365
f 1121 4346 4366
f 4346 214 4201
f 4366 4201 1099
f 4346 4201 4366
f 1125 4367 4368
f 4367 1099 4205
f 4368 4205 157
f 4367 4205 4368
f 1121 4366 4364
f 4366 1099 4367
f 4364 4367 1125
f 4366 4367 4364
f 196 4202 3625
f 4202 1098 4369
f 3625 4369 937
f 4202 4369 3625
f 1098 4199 4370
f 4199 214 4032
f 4370 4032 1062
f 4199 4032 4370
f 937 4371 3628
f 4371 1062 4035
f 3628 4035 188
f 4371 4035 3628
f 1098 4370 4369
f 4370 1062 4371
f 4369 4371 937
f 4370 4371 4369
f 187 3880 4359
f 3880 1018 4372
f 4359 4372 1124
f 3880 4372 4359
f 1018 3877 4373
f 3877 192 4164
f 4373 4164 1089
f 3877 4164 4373
f 1124 4374 4361
f 4374 1089 4161
f 4361 4161 213
f 4374 4161 4361
f 1018 4373 4372
f 4373 1089 4374
f 4372 4374 1124
f 4373 4374 4372
f 507 4375 4377
f 4375 1126 4376
f 4377 4376 1128
f 4375 4376 4377
f 1126 4378 4380
f 4378 235 4379
f 4380 4379 1127
f 4378 4379 4380
f 1128 4381 4383
f 4381 1127 4382
f 4383 4382 224
f 4381 4382 4383
f 1126 4380 4376
f 4380 1127 4381
f 4376 4381 1128
f 4380 4381 4376
f 245 4384 4386
f 4384 1129 4385
f 4386 4385 1131
f 4384 4385 4386
f 1129 4387 4389
f 4387 246 4388
f 4389 4388 1130
f 4387 4388 4389
f 1131 4390 4392
f 4390 1130 4391
f 4392 4391 254
f 4390 4391 4392
f 1129 4389 4385
f 4389 1130 4390
f 4385 4390 1131
f 4389 4390 4385
f 237 4393 4395
f 4393 1132 4394
f 4395 4394 1134
f 4393 4394 4395
f 1132 4396 4398
f 4396 268 4397
f 4398 4397 1133
f 4396 4397 4398
f 1134 4399 4401
f 4399 1133 4400
f 4401 4400 233
f 4399 4400 4401
f 1132 4398 4394
f 4398 1133 4399
f 4394 4399 1134
f 4398 4399 4394
f 158 4402 4404
f 4402 1135 4403
f 4404 4403 1137
f 4402 4403 4404
f 1135 4405 4407
f 4405 258 4406
f 4407 4406 1136
f 4405 4406 4407
f 1137 4408 4410
f 4408 1136 4409
f 4410 4409 251
f 4408 4409 4410
f 1135 4407 4403
f 4407 1136 4408
f 4403 4408 1137
f 4407 4408 4403
f 223 4411 4413
f 4411 1138 4412
f 4413 4412 1140
f 4411 4412 4413
f 1138 4414 4416
f 4414 247 4415
f 4416 4415 1139
f 4414 4415 4416
f 1140 4417 4419
f 4417 1139 4418
f 4419 4418 227
f 4417 4418 4419
f 1138 4416 4412
f 4416 1139 4417
f 4412 4417 1140
f 4416 4417 4412
f 218 4420 4422
f 4420 1141 4421
f 4422 4421 1143
f 4420 4421 4422
f 1141 4423 4425
f 4423 245 4424
f 4425 4424 1142
f 4423 4424 4425
f 1143 4426 4428
f 4426 1142 4427
f 4428 4427 222
f 4426 4427 4428
f 1141 4425 4421
f 4425 1142 4426
f 4421 4426 1143
f 4425 4426 4421
f 228 4429 4431
f 4429 1144 4430
f 4431 4430 1146
f 4429 4430 4431
f 1144 4432 4434
f 4432 225 4433
f 4434 4433 1145
f 4432 4433 4434
f 1146 4435 4437
f 4435 1145 4436
f 4437 4436 240
f 4435 4436 4437
f 1144 4434 4430
f 4434 1145 4435
f 4430 4435 1146
f 4434 4435 4430
f 185 3686 4439
f 3686 956 4438
f 4439 4438 1148
f 3686 4438 4439
f 956 3683 4441
f 3683 156 4440
f 4441 4440 1147
f 3683 4440 4441
f 1148 4442 4444
f 4442 1147 4443
f 4444 4443 255
f 4442 4443 4444
f 956 4441 4438
f 4441 1147 4442
f 4438 4442 1148
f 4441 4442 4438
f 219 4445 4447
f 4445 1149 4446
f 4447 4446 1151
f 4445 4446 4447
f 1149 4448 4450
f 4448 215 4449
f 4450 4449 1150
f 4448 4449 4450
f 1151 4451 4453
f 4451 1150 4452
f 4453 4452 231
f 4451 4452 4453
f 1149 4450 4446
f 4450 1150 4451
f 4446 4451 1151
f 4450 4451 4446
f 248 4454 4456
f 4454 1152 4455
f 4456 4455 1154
f 4454 4455 4456
f 1152 4457 4459
f 4457 253 4458
f 4459 4458 1153
f 4457 4458 4459
f 1154 4460 4462
f 4460 1153 4461
f 4462 4461 262
f 4460 4461 4462
f 1152 4459 4455
f 4459 1153 4460
f 4455 4460 1154
f 4459 4460 4455
f 227 4463 4465
f 4463 1155 4464
f 4465 4464 1157
f 4463 4464 4465
f 1155 4466 4468
f 4466 220 4467
f 4468 4467 1156
f 4466 4467 4468
f 1157 4469 4471
f 4469 1156 4470
f 4471 4470 224
f 4469 4470 4471
f 1155 4468 4464
f 4468 1156 4469
f 4464 4469 1157
f 4468 4469 4464
f 216 4472 4474
f 4472 1158 4473
f 4474 4473 1160
f 4472 4473 4474
f 1158 4475 4477
f 4475 269 4476
f 4477 4476 1159
f 4475 4476 4477
f 1160 4478 4480
f 4478 1159 4479
f 4480 4479 239
f 4478 4479 4480
f 1158 4477 4473
f 4477 1159 4478
f 4473 4478 1160
f 4477 4478 4473
f 264 4481 4483
f 4481 1161 4482
f 4483 4482 1163
f 4481 4482 4483
f 1161 4484 4486
f 4484 229 4485
f 4486 4485 1162
f 4484 4485 4486
f 1163 4487 4489
f 4487 1162 4488
f 4489 4488 257
f 4487 4488 4489
f 1161 4486 4482
f 4486 1162 4487
f 4482 4487 1163
f 4486 4487 4482
f 243 4490 4492
f 4490 1164 4491
f 4492 4491 1166
f 4490 4491 4492
f 1164 4493 4495
f 4493 242 4494
f 4495 4494 1165
f 4493 4494 4495
f 1166 4496 4498
f 4496 1165 4497
f 4498 4497 260
f 4496 4497 4498
f 1164 4495 4491
f 4495 1165 4496
f 4491 4496 1166
f 4495 4496 4491
f 234 4499 4501
f 4499 1167 4500
f 4501 4500 1169
f 4499 4500 4501
f 1167 4502 4504
f 4502 255 4503
f 4504 4503 1168
f 4502 4503 4504
f 1169 4505 4507
f 4505 1168 4506
f 4507 4506 238
f 4505 4506 4507
f 1167 4504 4500
f 4504 1168 4505
f 4500 4505 1169
f 4504 4505 4500
f 239 4508 4510
f 4508 1170 4509
f 4510 4509 1172
f 4508 4509 4510
f 1170 4511 4513
f 4511 227 4512
f 4513 4512 1171
f 4511 4512 4513
f 1172 4514 4516
f 4514 1171 4515
f 4516 4515 231
f 4514 4515 4516
f 1170 4513 4509
f 4513 1171 4514
f 4509 4514 1172
f 4513 4514 4509
f 220 4517 4519
f 4517 1173 4518
f 4519 4518 1175
f 4517 4518 4519
f 1173 4520 4522
f 4520 247 4521
f 4522 4521 1174
f 4520 4521 4522
f 1175 4523 4525
f 4523 1174 4524
f 4525 4524 257
f 4523 4524 4525
f 1173 4522 4518
f 4522 1174 4523
f 4518 4523 1175
f 4522 4523 4518
f 231 4526 4453
f 4526 1176 4527
f 4453 4527 1151
f 4526 4527 4453
f 1176 4528 4530
f 4528 235 4529
f 4530 4529 1177
f 4528 4529 4530
f 1151 4531 4447
f 4531 1177 4532
f 4447 4532 219
f 4531 4532 4447
f 1176 4530 4527
f 4530 1177 4531
f 4527 4531 1151
f 4530 4531 4527
f 480 4533 4535
f 4533 1178 4534
f 4535 4534 1180
f 4533 4534 4535
f 1178 4536 4538
f 4536 493 4537
f 4538 4537 1179
f 4536 4537 4538
f 1180 4539 4541
f 4539 1179 4540
f 4541 4540 220
f 4539 4540 4541
f 1178 4538 4534
f 4538 1179 4539
f 4534 4539 1180
f 4538 4539 4534
f 217 4542 4544
f 4542 1181 4543
f 4544 4543 1182
f 4542 4543 4544
f 1181 4545 4546
f 4545 225 4432
f 4546 4432 1144
f 4545 4432 4546
f 1182 4547 4548
f 4547 1144 4429
f 4548 4429 228
f 4547 4429 4548
f 1181 4546 4543
f 4546 1144 4547
f 4543 4547 1182
f 4546 4547 4543
f 237 4395 4550
f 4395 1134 4549
f 4550 4549 1184
f 4395 4549 4550
f 1134 4401 4552
f 4401 233 4551
f 4552 4551 1183
f 4401 4551 4552
f 1184 4553 4555
f 4553 1183 4554
f 4555 4554 248
f 4553 4554 4555
f 1134 4552 4549
f 4552 1183 4553
f 4549 4553 1184
f 4552 4553 4549
f 243 4556 4558
f 4556 1185 4557
f 4558 4557 1187
f 4556 4557 4558
f 1185 4559 4561
f 4559 253 4560
f 4561 4560 1186
f 4559 4560 4561
f 1187 4562 4564
f 4562 1186 4563
f 4564 4563 226
f 4562 4563 4564
f 1185 4561 4557
f 4561 1186 4562
f 4557 4562 1187
f 4561 4562 4557
f 223 4565 4411
f 4565 1188 4566
f 4411 4566 1138
f 4565 4566 4411
f 1188 4567 4569
f 4567 246 4568
f 4569 4568 1189
f 4567 4568 4569
f 1138 4570 4414
f 4570 1189 4571
f 4414 4571 247
f 4570 4571 4414
f 1188 4569 4566
f 4569 1189 4570
f 4566 4570 1138
f 4569 4570 4566
f 507 4377 4573
f 4377 1128 4572
f 4573 4572 1191
f 4377 4572 4573
f 1128 4383 4575
f 4383 224 4574
f 4575 4574 1190
f 4383 4574 4575
f 1191 4576 4578
f 4576 1190 4577
f 4578 4577 493
f 4576 4577 4578
f 1128 4575 4572
f 4575 1190 4576
f 4572 4576 1191
f 4575 4576 4572
f 205 4579 4581
f 4579 1192 4580
f 4581 4580 1194
f 4579 4580 4581
f 1192 4582 4584
f 4582 490 4583
f 4584 4583 1193
f 4582 4583 4584
f 1194 4585 4587
f 4585 1193 4586
f 4587 4586 266
f 4585 4586 4587
f 1192 4584 4580
f 4584 1193 4585
f 4580 4585 1194
f 4584 4585 4580
f 228 4588 4590
f 4588 1195 4589
f 4590 4589 1196
f 4588 4589 4590
f 1195 4591 4592
f 4591 222 4427
f 4592 4427 1142
f 4591 4427 4592
f 1196 4593 4594
f 4593 1142 4424
f 4594 4424 245
f 4593 4424 4594
f 1195 4592 4589
f 4592 1142 4593
f 4589 4593 1196
f 4592 4593 4589
f 148 4595 4597
f 4595 1197 4596
f 4597 4596 1199
f 4595 4596 4597
f 1197 4598 4600
f 4598 236 4599
f 4600 4599 1198
f 4598 4599 4600
f 1199 4601 4603
f 4601 1198 4602
f 4603 4602 265
f 4601 4602 4603
f 1197 4600 4596
f 4600 1198 4601
f 4596 4601 1199
f 4600 4601 4596
f 240 4604 4606
f 4604 1200 4605
f 4606 4605 1202
f 4604 4605 4606
f 1200 4607 4609
f 4607 236 4608
f 4609 4608 1201
f 4607 4608 4609
f 1202 4610 4612
f 4610 1201 4611
f 4612 4611 230
f 4610 4611 4612
f 1200 4609 4605
f 4609 1201 4610
f 4605 4610 1202
f 4609 4610 4605
f 256 4613 4615
f 4613 1203 4614
f 4615 4614 1205
f 4613 4614 4615
f 1203 4616 4618
f 4616 226 4617
f 4618 4617 1204
f 4616 4617 4618
f 1205 4619 4621
f 4619 1204 4620
f 4621 4620 233
f 4619 4620 4621
f 1203 4618 4614
f 4618 1204 4619
f 4614 4619 1205
f 4618 4619 4614
f 232 4622 4624
f 4622 1206 4623
f 4624 4623 1207
f 4622 4623 4624
f 1206 4625 4626
f 4625 247 4571
f 4626 4571 1189
f 4625 4571 4626
f 1207 4627 4628
f 4627 1189 4568
f 4628 4568 246
f 4627 4568 4628
f 1206 4626 4623
f 4626 1189 4627
f 4623 4627 1207
f 4626 4627 4623
f 221 4629 4631
f 4629 1208 4630
f 4631 4630 1210
f 4629 4630 4631
f 1208 4632 4634
f 4632 217 4633
f 4634 4633 1209
f 4632 4633 4634
f 1210 4635 4637
f 4635 1209 4636
f 4637 4636 254
f 4635 4636 4637
f 1208 4634 4630
f 4634 1209 4635
f 4630 4635 1210
f 4634 4635 4630
f 167 3884 4639
f 3884 1019 4638
f 4639 4638 1212
f 3884 4638 4639
f 1019 3881 4641
f 3881 187 4640
f 4641 4640 1211
f 3881 4640 4641
f 1212 4642 4644
f 4642 1211 4643
f 4644 4643 250
f 4642 4643 4644
f 1019 4641 4638
f 4641 1211 4642
f 4638 4642 1212
f 4641 4642 4638
f 230 4645 4647
f 4645 1213 4646
f 4647 4646 1215
f 4645 4646 4647
f 1213 4648 4650
f 4648 255 4649
f 4650 4649 1214
f 4648 4649 4650
f 1215 4651 4653
f 4651 1214 4652
f 4653 4652 222
f 4651 4652 4653
f 1213 4650 4646
f 4650 1214 4651
f 4646 4651 1215
f 4650 4651 4646
f 230 4611 4655
f 4611 1201 4654
f 4655 4654 1217
f 4611 4654 4655
f 1201 4608 4657
f 4608 236 4656
f 4657 4656 1216
f 4608 4656 4657
f 1217 4658 4660
f 4658 1216 4659
f 4660 4659 175
f 4658 4659 4660
f 1201 4657 4654
f 4657 1216 4658
f 4654 4658 1217
f 4657 4658 4654
f 471 4661 4663
f 4661 1218 4662
f 4663 4662 1219
f 4661 4662 4663
f 1218 4664 4665
f 4664 219 4532
f 4665 4532 1177
f 4664 4532 4665
f 1219 4666 4667
f 4666 1177 4529
f 4667 4529 235
f 4666 4529 4667
f 1218 4665 4662
f 4665 1177 4666
f 4662 4666 1219
f 4665 4666 4662
f 239 4479 4669
f 4479 1159 4668
f 4669 4668 1221
f 4479 4668 4669
f 1159 4476 4671
f 4476 269 4670
f 4671 4670 1220
f 4476 4670 4671
f 1221 4672 4674
f 4672 1220 4673
f 4674 4673 223
f 4672 4673 4674
f 1159 4671 4668
f 4671 1220 4672
f 4668 4672 1221
f 4671 4672 4668
f 238 4675 4507
f 4675 1222 4676
f 4507 4676 1169
f 4675 4676 4507
f 1222 4677 4679
f 4677 244 4678
f 4679 4678 1223
f 4677 4678 4679
f 1169 4680 4501
f 4680 1223 4681
f 4501 4681 234
f 4680 4681 4501
f 1222 4679 4676
f 4679 1223 4680
f 4676 4680 1169
f 4679 4680 4676
f 248 4456 4683
f 4456 1154 4682
f 4683 4682 1225
f 4456 4682 4683
f 1154 4462 4685
f 4462 262 4684
f 4685 4684 1224
f 4462 4684 4685
f 1225 4686 4688
f 4686 1224 4687
f 4688 4687 229
f 4686 4687 4688
f 1154 4685 4682
f 4685 1224 4686
f 4682 4686 1225
f 4685 4686 4682
f 226 4689 4564
f 4689 1226 4690
f 4564 4690 1187
f 4689 4690 4564
f 1226 4691 4693
f 4691 249 4692
f 4693 4692 1227
f 4691 4692 4693
f 1187 4694 4558
f 4694 1227 4695
f 4558 4695 243
f 4694 4695 4558
f 1226 4693 4690
f 4693 1227 4694
f 4690 4694 1187
f 4693 4694 4690
f 242 4696 4698
f 4696 1228 4697
f 4698 4697 1230
f 4696 4697 4698
f 1228 4699 4701
f 4699 517 4700
f 4701 4700 1229
f 4699 4700 4701
f 1230 4702 4704
f 4702 1229 4703
f 4704 4703 482
f 4702 4703 4704
f 1228 4701 4697
f 4701 1229 4702
f 4697 4702 1230
f 4701 4702 4697
f 175 3950 4660
f 3950 1039 4705
f 4660 4705 1217
f 3950 4705 4660
f 1039 3947 4707
f 3947 185 4706
f 4707 4706 1231
f 3947 4706 4707
f 1217 4708 4655
f 4708 1231 4709
f 4655 4709 230
f 4708 4709 4655
f 1039 4707 4705
f 4707 1231 4708
f 4705 4708 1217
f 4707 4708 4705
f 222 4710 4428
f 4710 1232 4711
f 4428 4711 1143
f 4710 4711 4428
f 1232 4712 4714
f 4712 234 4713
f 4714 4713 1233
f 4712 4713 4714
f 1143 4715 4422
f 4715 1233 4716
f 4422 4716 218
f 4715 4716 4422
f 1232 4714 4711
f 4714 1233 4715
f 4711 4715 1143
f 4714 4715 4711
f 471 4663 4718
f 4663 1219 4717
f 4718 4717 1234
f 4663 4717 4718
f 1219 4667 4719
f 4667 235 4378
f 4719 4378 1126
f 4667 4378 4719
f 1234 4720 4721
f 4720 1126 4375
f 4721 4375 507
f 4720 4375 4721
f 1219 4719 4717
f 4719 1126 4720
f 4717 4720 1234
f 4719 4720 4717
f 235 4528 4379
f 4528 1176 4722
f 4379 4722 1127
f 4528 4722 4379
f 1176 4526 4724
f 4526 231 4723
f 4724 4723 1235
f 4526 4723 4724
f 1127 4725 4382
f 4725 1235 4726
f 4382 4726 224
f 4725 4726 4382
f 1176 4724 4722
f 4724 1235 4725
f 4722 4725 1127
f 4724 4725 4722
f 228 4431 4588
f 4431 1146 4727
f 4588 4727 1195
f 4431 4727 4588
f 1146 4437 4729
f 4437 240 4728
f 4729 4728 1236
f 4437 4728 4729
f 1195 4730 4591
f 4730 1236 4731
f 4591 4731 222
f 4730 4731 4591
f 1146 4729 4727
f 4729 1236 4730
f 4727 4730 1195
f 4729 4730 4727
f 148 3975 4595
f 3975 1044 4732
f 4595 4732 1197
f 3975 4732 4595
f 1044 3972 4733
f 3972 175 4659
f 4733 4659 1216
f 3972 4659 4733
f 1197 4734 4598
f 4734 1216 4656
f 4598 4656 236
f 4734 4656 4598
f 1044 4733 4732
f 4733 1216 4734
f 4732 4734 1197
f 4733 4734 4732
f 244 4735 4737
f 4735 1237 4736
f 4737 4736 1239
f 4735 4736 4737
f 1237 4738 4740
f 4738 250 4739
f 4740 4739 1238
f 4738 4739 4740
f 1239 4741 4743
f 4741 1238 4742
f 4743 4742 261
f 4741 4742 4743
f 1237 4740 4736
f 4740 1238 4741
f 4736 4741 1239
f 4740 4741 4736
f 237 4744 4746
f 4744 1240 4745
f 4746 4745 1241
f 4744 4745 4746
f 1240 4747 4748
f 4747 229 4484
f 4748 4484 1161
f 4747 4484 4748
f 1241 4749 4750
f 4749 1161 4481
f 4750 4481 264
f 4749 4481 4750
f 1240 4748 4745
f 4748 1161 4749
f 4745 4749 1241
f 4748 4749 4745
f 482 4751 4704
f 4751 1242 4752
f 4704 4752 1230
f 4751 4752 4704
f 1242 4753 4754
f 4753 260 4497
f 4754 4497 1165
f 4753 4497 4754
f 1230 4755 4698
f 4755 1165 4494
f 4698 4494 242
f 4755 4494 4698
f 1242 4754 4752
f 4754 1165 4755
f 4752 4755 1230
f 4754 4755 4752
f 177 4756 4758
f 4756 1243 4757
f 4758 4757 1245
f 4756 4757 4758
f 1243 4759 4761
f 4759 251 4760
f 4761 4760 1244
f 4759 4760 4761
f 1245 4762 4764
f 4762 1244 4763
f 4764 4763 249
f 4762 4763 4764
f 1243 4761 4757
f 4761 1244 4762
f 4757 4762 1245
f 4761 4762 4757
f 252 4765 4767
f 4765 1246 4766
f 4767 4766 1248
f 4765 4766 4767
f 1246 4768 4770
f 4768 218 4769
f 4770 4769 1247
f 4768 4769 4770
f 1248 4771 4773
f 4771 1247 4772
f 4773 4772 244
f 4771 4772 4773
f 1246 4770 4766
f 4770 1247 4771
f 4766 4771 1248
f 4770 4771 4766
f 167 4774 4023
f 4774 1249 4775
f 4023 4775 1059
f 4774 4775 4023
f 1249 4776 4778
f 4776 238 4777
f 4778 4777 1250
f 4776 4777 4778
f 1059 4779 4017
f 4779 1250 4780
f 4017 4780 156
f 4779 4780 4017
f 1249 4778 4775
f 4778 1250 4779
f 4775 4779 1059
f 4778 4779 4775
f 239 4781 4480
f 4781 1251 4782
f 4480 4782 1160
f 4781 4782 4480
f 1251 4783 4785
f 4783 215 4784
f 4785 4784 1252
f 4783 4784 4785
f 1160 4786 4474
f 4786 1252 4787
f 4474 4787 216
f 4786 4787 4474
f 1251 4785 4782
f 4785 1252 4786
f 4782 4786 1160
f 4785 4786 4782
f 246 4567 4789
f 4567 1188 4788
f 4789 4788 1253
f 4567 4788 4789
f 1188 4565 4790
f 4565 223 4673
f 4790 4673 1220
f 4565 4673 4790
f 1253 4791 4792
f 4791 1220 4670
f 4792 4670 269
f 4791 4670 4792
f 1188 4790 4788
f 4790 1220 4791
f 4788 4791 1253
f 4790 4791 4788
f 240 4793 4604
f 4793 1254 4794
f 4604 4794 1200
f 4793 4794 4604
f 1254 4795 4796
f 4795 265 4602
f 4796 4602 1198
f 4795 4602 4796
f 1200 4797 4607
f 4797 1198 4599
f 4607 4599 236
f 4797 4599 4607
f 1254 4796 4794
f 4796 1198 4797
f 4794 4797 1200
f 4796 4797 4794
f 480 4535 4799
f 4535 1180 4798
f 4799 4798 1256
f 4535 4798 4799
f 1180 4541 4801
f 4541 220 4800
f 4801 4800 1255
f 4541 4800 4801
f 1256 4802 4804
f 4802 1255 4803
f 4804 4803 263
f 4802 4803 4804
f 1180 4801 4798
f 4801 1255 4802
f 4798 4802 1256
f 4801 4802 4798
f 242 4805 4807
f 4805 1257 4806
f 4807 4806 1258
f 4805 4806 4807
f 1257 4808 4809
f 4808 251 4409
f 4809 4409 1136
f 4808 4409 4809
f 1258 4810 4811
f 4810 1136 4406
f 4811 4406 258
f 4810 4406 4811
f 1257 4809 4806
f 4809 1136 4810
f 4806 4810 1258
f 4809 4810 4806
f 242 4807 4696
f 4807 1258 4812
f 4696 4812 1228
f 4807 4812 4696
f 1258 4811 4814
f 4811 258 4813
f 4814 4813 1259
f 4811 4813 4814
f 1228 4815 4699
f 4815 1259 4816
f 4699 4816 517
f 4815 4816 4699
f 1258 4814 4812
f 4814 1259 4815
f 4812 4815 1228
f 4814 4815 4812
f 241 4817 4819
f 4817 1260 4818
f 4819 4818 1261
f 4817 4818 4819
f 1260 4820 4821
f 4820 257 4488
f 4821 4488 1162
f 4820 4488 4821
f 1261 4822 4823
f 4822 1162 4485
f 4823 4485 229
f 4822 4485 4823
f 1260 4821 4818
f 4821 1162 4822
f 4818 4822 1261
f 4821 4822 4818
f 264 4824 4826
f 4824 1262 4825
f 4826 4825 1264
f 4824 4825 4826
f 1262 4827 4829
f 4827 259 4828
f 4829 4828 1263
f 4827 4828 4829
f 1264 4830 4832
f 4830 1263 4831
f 4832 4831 252
f 4830 4831 4832
f 1262 4829 4825
f 4829 1263 4830
f 4825 4830 1264
f 4829 4830 4825
f 248 4833 4454
f 4833 1265 4834
f 4454 4834 1152
f 4833 4834 4454
f 1265 4835 4836
f 4835 226 4563
f 4836 4563 1186
f 4835 4563 4836
f 1152 4837 4457
f 4837 1186 4560
f 4457 4560 253
f 4837 4560 4457
f 1265 4836 4834
f 4836 1186 4837
f 4834 4837 1152
f 4836 4837 4834
f 243 4695 4839
f 4695 1227 4838
f 4839 4838 1266
f 4695 4838 4839
f 1227 4692 4840
f 4692 249 4763
f 4840 4763 1244
f 4692 4763 4840
f 1266 4841 4842
f 4841 1244 4760
f 4842 4760 251
f 4841 4760 4842
f 1227 4840 4838
f 4840 1244 4841
f 4838 4841 1266
f 4840 4841 4838
f 234 4681 4713
f 4681 1223 4843
f 4713 4843 1233
f 4681 4843 4713
f 1223 4678 4844
f 4678 244 4772
f 4844 4772 1247
f 4678 4772 4844
f 1233 4845 4716
f 4845 1247 4769
f 4716 4769 218
f 4845 4769 4716
f 1223 4844 4843
f 4844 1247 4845
f 4843 4845 1233
f 4844 4845 4843
f 250 4738 4847
f 4738 1237 4846
f 4847 4846 1267
f 4738 4846 4847
f 1237 4735 4848
f 4735 244 4677
f 4848 4677 1222
f 4735 4677 4848
f 1267 4849 4850
f 4849 1222 4675
f 4850 4675 238
f 4849 4675 4850
f 1237 4848 4846
f 4848 1222 4849
f 4846 4849 1267
f 4848 4849 4846
f 234 4712 4499
f 4712 1232 4851
f 4499 4851 1167
f 4712 4851 4499
f 1232 4710 4852
f 4710 222 4652
f 4852 4652 1214
f 4710 4652 4852
f 1167 4853 4502
f 4853 1214 4649
f 4502 4649 255
f 4853 4649 4502
f 1232 4852 4851
f 4852 1214 4853
f 4851 4853 1167
f 4852 4853 4851
f 218 4854 4420
f 4854 1268 4855
f 4420 4855 1141
f 4854 4855 4420
f 1268 4856 4858
f 4856 232 4857
f 4858 4857 1269
f 4856 4857 4858
f 1141 4859 4423
f 4859 1269 4860
f 4423 4860 245
f 4859 4860 4423
f 1268 4858 4855
f 4858 1269 4859
f 4855 4859 1141
f 4858 4859 4855
f 245 4386 4594
f 4386 1131 4861
f 4594 4861 1196
f 4386 4861 4594
f 1131 4392 4863
f 4392 254 4862
f 4863 4862 1270
f 4392 4862 4863
f 1196 4864 4590
f 4864 1270 4865
f 4590 4865 228
f 4864 4865 4590
f 1131 4863 4861
f 4863 1270 4864
f 4861 4864 1196
f 4863 4864 4861
f 493 4577 4537
f 4577 1190 4866
f 4537 4866 1179
f 4577 4866 4537
f 1190 4574 4867
f 4574 224 4470
f 4867 4470 1156
f 4574 4470 4867
f 1179 4868 4540
f 4868 1156 4467
f 4540 4467 220
f 4868 4467 4540
f 1190 4867 4866
f 4867 1156 4868
f 4866 4868 1179
f 4867 4868 4866
f 222 4731 4653
f 4731 1236 4869
f 4653 4869 1215
f 4731 4869 4653
f 1236 4728 4870
f 4728 240 4606
f 4870 4606 1202
f 4728 4606 4870
f 1215 4871 4647
f 4871 1202 4612
f 4647 4612 230
f 4871 4612 4647
f 1236 4870 4869
f 4870 1202 4871
f 4869 4871 1215
f 4870 4871 4869
f 215 4783 4449
f 4783 1251 4872
f 4449 4872 1150
f 4783 4872 4449
f 1251 4781 4873
f 4781 239 4510
f 4873 4510 1172
f 4781 4510 4873
f 1150 4874 4452
f 4874 1172 4516
f 4452 4516 231
f 4874 4516 4452
f 1251 4873 4872
f 4873 1172 4874
f 4872 4874 1150
f 4873 4874 4872
f 480 4799 4876
f 4799 1256 4875
f 4876 4875 1272
f 4799 4875 4876
f 1256 4804 4878
f 4804 263 4877
f 4878 4877 1271
f 4804 4877 4878
f 1272 4879 4881
f 4879 1271 4880
f 4881 4880 496
f 4879 4880 4881
f 1256 4878 4875
f 4878 1271 4879
f 4875 4879 1272
f 4878 4879 4875
f 246 4387 4628
f 4387 1129 4882
f 4628 4882 1207
f 4387 4882 4628
f 1129 4384 4883
f 4384 245 4860
f 4883 4860 1269
f 4384 4860 4883
f 1207 4884 4624
f 4884 1269 4857
f 4624 4857 232
f 4884 4857 4624
f 1129 4883 4882
f 4883 1269 4884
f 4882 4884 1207
f 4883 4884 4882
f 227 4418 4463
f 4418 1139 4885
f 4463 4885 1155
f 4418 4885 4463
f 1139 4415 4886
f 4415 247 4520
f 4886 4520 1173
f 4415 4520 4886
f 1155 4887 4466
f 4887 1173 4517
f 4466 4517 220
f 4887 4517 4466
f 1139 4886 4885
f 4886 1173 4887
f 4885 4887 1155
f 4886 4887 4885
f 232 4888 4890
f 4888 1273 4889
f 4890 4889 1274
f 4888 4889 4890
f 1273 4891 4892
f 4891 252 4831
f 4892 4831 1263
f 4891 4831 4892
f 1274 4893 4894
f 4893 1263 4828
f 4894 4828 259
f 4893 4828 4894
f 1273 4892 4889
f 4892 1263 4893
f 4889 4893 1274
f 4892 4893 4889
f 237 4550 4744
f 4550 1184 4895
f 4744 4895 1240
f 4550 4895 4744
f 1184 4555 4896
f 4555 248 4683
f 4896 4683 1225
f 4555 4683 4896
f 1240 4897 4747
f 4897 1225 4688
f 4747 4688 229
f 4897 4688 4747
f 1184 4896 4895
f 4896 1225 4897
f 4895 4897 1240
f 4896 4897 4895
f 501 4898 4900
f 4898 1275 4899
f 4900 4899 1277
f 4898 4899 4900
f 1275 4901 4903
f 4901 472 4902
f 4903 4902 1276
f 4901 4902 4903
f 1277 4904 4906
f 4904 1276 4905
f 4906 4905 253
f 4904 4905 4906
f 1275 4903 4899
f 4903 1276 4904
f 4899 4904 1277
f 4903 4904 4899
f 177 4758 4152
f 4758 1245 4907
f 4152 4907 1086
f 4758 4907 4152
f 1245 4764 4909
f 4764 249 4908
f 4909 4908 1278
f 4764 4908 4909
f 1086 4910 4148
f 4910 1278 4911
f 4148 4911 149
f 4910 4911 4148
f 1245 4909 4907
f 4909 1278 4910
f 4907 4910 1086
f 4909 4910 4907
f 249 4691 4913
f 4691 1226 4912
f 4913 4912 1279
f 4691 4912 4913
f 1226 4689 4914
f 4689 226 4616
f 4914 4616 1203
f 4689 4616 4914
f 1279 4915 4916
f 4915 1203 4613
f 4916 4613 256
f 4915 4613 4916
f 1226 4914 4912
f 4914 1203 4915
f 4912 4915 1279
f 4914 4915 4912
f 250 4917 4739
f 4917 1280 4918
f 4739 4918 1238
f 4917 4918 4739
f 1280 4919 4921
f 4919 268 4920
f 4921 4920 1281
f 4919 4920 4921
f 1238 4922 4742
f 4922 1281 4923
f 4742 4923 261
f 4922 4923 4742
f 1280 4921 4918
f 4921 1281 4922
f 4918 4922 1238
f 4921 4922 4918
f 251 4808 4842
f 4808 1257 4924
f 4842 4924 1266
f 4808 4924 4842
f 1257 4805 4925
f 4805 242 4493
f 4925 4493 1164
f 4805 4493 4925
f 1266 4926 4839
f 4926 1164 4490
f 4839 4490 243
f 4926 4490 4839
f 1257 4925 4924
f 4925 1164 4926
f 4924 4926 1266
f 4925 4926 4924
f 158 4404 4174
f 4404 1137 4927
f 4174 4927 1091
f 4404 4927 4174
f 1137 4410 4929
f 4410 251 4928
f 4929 4928 1282
f 4410 4928 4929
f 1091 4930 4170
f 4930 1282 4931
f 4170 4931 197
f 4930 4931 4170
f 1137 4929 4927
f 4929 1282 4930
f 4927 4930 1091
f 4929 4930 4927
f 218 4768 4854
f 4768 1246 4932
f 4854 4932 1268
f 4768 4932 4854
f 1246 4765 4933
f 4765 252 4891
f 4933 4891 1273
f 4765 4891 4933
f 1268 4934 4856
f 4934 1273 4888
f 4856 4888 232
f 4934 4888 4856
f 1246 4933 4932
f 4933 1273 4934
f 4932 4934 1268
f 4933 4934 4932
f 261 4935 4937
f 4935 1283 4936
f 4937 4936 1284
f 4935 4936 4937
f 1283 4938 4939
f 4938 237 4746
f 4939 4746 1241
f 4938 4746 4939
f 1284 4940 4941
f 4940 1241 4750
f 4941 4750 264
f 4940 4750 4941
f 1283 4939 4936
f 4939 1241 4940
f 4936 4940 1284
f 4939 4940 4936
f 253 4942 4906
f 4942 1285 4943
f 4906 4943 1277
f 4942 4943 4906
f 1285 4944 4946
f 4944 260 4945
f 4946 4945 1286
f 4944 4945 4946
f 1277 4947 4900
f 4947 1286 4948
f 4900 4948 501
f 4947 4948 4900
f 1285 4946 4943
f 4946 1286 4947
f 4943 4947 1277
f 4946 4947 4943
f 472 4949 4951
f 4949 1287 4950
f 4951 4950 1289
f 4949 4950 4951
f 1287 4952 4954
f 4952 528 4953
f 4954 4953 1288
f 4952 4953 4954
f 1289 4955 4957
f 4955 1288 4956
f 4957 4956 262
f 4955 4956 4957
f 1287 4954 4950
f 4954 1288 4955
f 4950 4955 1289
f 4954 4955 4950
f 221 4631 4959
f 4631 1210 4958
f 4959 4958 1291
f 4631 4958 4959
f 1210 4637 4961
f 4637 254 4960
f 4961 4960 1290
f 4637 4960 4961
f 1291 4962 4964
f 4962 1290 4963
f 4964 4963 269
f 4962 4963 4964
f 1210 4961 4958
f 4961 1290 4962
f 4958 4962 1291
f 4961 4962 4958
f 228 4865 4548
f 4865 1270 4965
f 4548 4965 1182
f 4865 4965 4548
f 1270 4862 4966
f 4862 254 4636
f 4966 4636 1209
f 4862 4636 4966
f 1182 4967 4544
f 4967 1209 4633
f 4544 4633 217
f 4967 4633 4544
f 1270 4966 4965
f 4966 1209 4967
f 4965 4967 1182
f 4966 4967 4965
f 177 4213 4756
f 4213 1100 4968
f 4756 4968 1243
f 4213 4968 4756
f 1100 4210 4969
f 4210 197 4931
f 4969 4931 1282
f 4210 4931 4969
f 1243 4970 4759
f 4970 1282 4928
f 4759 4928 251
f 4970 4928 4759
f 1100 4969 4968
f 4969 1282 4970
f 4968 4970 1243
f 4969 4970 4968
f 238 4506 4777
f 4506 1168 4971
f 4777 4971 1250
f 4506 4971 4777
f 1168 4503 4972
f 4503 255 4443
f 4972 4443 1147
f 4503 4443 4972
f 1250 4973 4780
f 4973 1147 4440
f 4780 4440 156
f 4973 4440 4780
f 1168 4972 4971
f 4972 1147 4973
f 4971 4973 1250
f 4972 4973 4971
f 185 4439 4706
f 4439 1148 4974
f 4706 4974 1231
f 4439 4974 4706
f 1148 4444 4975
f 4444 255 4648
f 4975 4648 1213
f 4444 4648 4975
f 1231 4976 4709
f 4976 1213 4645
f 4709 4645 230
f 4976 4645 4709
f 1148 4975 4974
f 4975 1213 4976
f 4974 4976 1231
f 4975 4976 4974
f 249 4913 4908
f 4913 1279 4977
f 4908 4977 1278
f 4913 4977 4908
f 1279 4916 4979
f 4916 256 4978
f 4979 4978 1292
f 4916 4978 4979
f 1278 4980 4911
f 4980 1292 4981
f 4911 4981 149
f 4980 4981 4911
f 1279 4979 4977
f 4979 1292 4980
f 4977 4980 1278
f 4979 4980 4977
f 248 4554 4833
f 4554 1183 4982
f 4833 4982 1265
f 4554 4982 4833
f 1183 4551 4983
f 4551 233 4620
f 4983 4620 1204
f 4551 4620 4983
f 1265 4984 4835
f 4984 1204 4617
f 4835 4617 226
f 4984 4617 4835
f 1183 4983 4982
f 4983 1204 4984
f 4982 4984 1265
f 4983 4984 4982
f 257 4820 4986
f 4820 1260 4985
f 4986 4985 1294
f 4820 4985 4986
f 1260 4817 4988
f 4817 241 4987
f 4988 4987 1293
f 4817 4987 4988
f 1294 4989 4991
f 4989 1293 4990
f 4991 4990 263
f 4989 4990 4991
f 1260 4988 4985
f 4988 1293 4989
f 4985 4989 1294
f 4988 4989 4985
f 257 4524 4993
f 4524 1174 4992
f 4993 4992 1296
f 4524 4992 4993
f 1174 4521 4995
f 4521 247 4994
f 4995 4994 1295
f 4521 4994 4995
f 1296 4996 4998
f 4996 1295 4997
f 4998 4997 259
f 4996 4997 4998
f 1174 4995 4992
f 4995 1295 4996
f 4992 4996 1296
f 4995 4996 4992
f 496 4999 5001
f 4999 1297 5000
f 5001 5000 1299
f 4999 5000 5001
f 1297 5002 5004
f 5002 241 5003
f 5004 5003 1298
f 5002 5003 5004
f 1299 5005 5007
f 5005 1298 5006
f 5007 5006 528
f 5005 5006 5007
f 1297 5004 5000
f 5004 1298 5005
f 5000 5005 1299
f 5004 5005 5000
f 224 4726 4471
f 4726 1235 5008
f 4471 5008 1157
f 4726 5008 4471
f 1235 4723 5009
f 4723 231 4515
f 5009 4515 1171
f 4723 4515 5009
f 1157 5010 4465
f 5010 1171 4512
f 4465 4512 227
f 5010 4512 4465
f 1235 5009 5008
f 5009 1171 5010
f 5008 5010 1157
f 5009 5010 5008
f 227 4511 4419
f 4511 1170 5011
f 4419 5011 1140
f 4511 5011 4419
f 1170 4508 5012
f 4508 239 4669
f 5012 4669 1221
f 4508 4669 5012
f 1140 5013 4413
f 5013 1221 4674
f 4413 4674 223
f 5013 4674 4413
f 1170 5012 5011
f 5012 1221 5013
f 5011 5013 1140
f 5012 5013 5011
f 517 4816 5015
f 4816 1259 5014
f 5015 5014 1301
f 4816 5014 5015
f 1259 4813 5017
f 4813 258 5016
f 5017 5016 1300
f 4813 5016 5017
f 1301 5018 5020
f 5018 1300 5019
f 5020 5019 533
f 5018 5019 5020
f 1259 5017 5014
f 5017 1300 5018
f 5014 5018 1301
f 5017 5018 5014
f 232 4890 4622
f 4890 1274 5021
f 4622 5021 1206
f 4890 5021 4622
f 1274 4894 5022
f 4894 259 4997
f 5022 4997 1295
f 4894 4997 5022
f 1206 5023 4625
f 5023 1295 4994
f 4625 4994 247
f 5023 4994 4625
f 1274 5022 5021
f 5022 1295 5023
f 5021 5023 1206
f 5022 5023 5021
f 259 4827 4998
f 4827 1262 5024
f 4998 5024 1296
f 4827 5024 4998
f 1262 4824 5025
f 4824 264 4483
f 5025 4483 1163
f 4824 4483 5025
f 1296 5026 4993
f 5026 1163 4489
f 4993 4489 257
f 5026 4489 4993
f 1262 5025 5024
f 5025 1163 5026
f 5024 5026 1296
f 5025 5026 5024
f 260 4753 4945
f 4753 1242 5027
f 4945 5027 1286
f 4753 5027 4945
f 1242 4751 5029
f 4751 482 5028
f 5029 5028 1302
f 4751 5028 5029
f 1286 5030 4948
f 5030 1302 5031
f 4948 5031 501
f 5030 5031 4948
f 1242 5029 5027
f 5029 1302 5030
f 5027 5030 1286
f 5029 5030 5027
f 243 4492 4556
f 4492 1166 5032
f 4556 5032 1185
f 4492 5032 4556
f 1166 4498 5033
f 4498 260 4944
f 5033 4944 1285
f 4498 4944 5033
f 1185 5034 4559
f 5034 1285 4942
f 4559 4942 253
f 5034 4942 4559
f 1166 5033 5032
f 5033 1285 5034
f 5032 5034 1185
f 5033 5034 5032
f 149 4981 4278
f 4981 1292 5035
f 4278 5035 1110
f 4981 5035 4278
f 1292 4978 5037
f 4978 256 5036
f 5037 5036 1303
f 4978 5036 5037
f 1110 5038 4274
f 5038 1303 5039
f 4274 5039 187
f 5038 5039 4274
f 1292 5037 5035
f 5037 1303 5038
f 5035 5038 1110
f 5037 5038 5035
f 261 4923 4935
f 4923 1281 5040
f 4935 5040 1283
f 4923 5040 4935
f 1281 4920 5041
f 4920 268 4396
f 5041 4396 1132
f 4920 4396 5041
f 1283 5042 4938
f 5042 1132 4393
f 4938 4393 237
f 5042 4393 4938
f 1281 5041 5040
f 5041 1132 5042
f 5040 5042 1283
f 5041 5042 5040
f 244 4737 4773
f 4737 1239 5043
f 4773 5043 1248
f 4737 5043 4773
f 1239 4743 5045
f 4743 261 5044
f 5045 5044 1304
f 4743 5044 5045
f 1248 5046 4767
f 5046 1304 5047
f 4767 5047 252
f 5046 5047 4767
f 1239 5045 5043
f 5045 1304 5046
f 5043 5046 1248
f 5045 5046 5043
f 262 4956 5049
f 4956 1288 5048
f 5049 5048 1305
f 4956 5048 5049
f 1288 4953 5050
f 4953 528 5006
f 5050 5006 1298
f 4953 5006 5050
f 1305 5051 5052
f 5051 1298 5003
f 5052 5003 241
f 5051 5003 5052
f 1288 5050 5048
f 5050 1298 5051
f 5048 5051 1305
f 5050 5051 5048
f 205 4581 4298
f 4581 1194 5053
f 4298 5053 1114
f 4581 5053 4298
f 1194 4587 5055
f 4587 266 5054
f 5055 5054 1306
f 4587 5054 5055
f 1114 5056 4294
f 5056 1306 5057
f 4294 5057 211
f 5056 5057 4294
f 1194 5055 5053
f 5055 1306 5056
f 5053 5056 1114
f 5055 5056 5053
f 229 4687 4823
f 4687 1224 5058
f 4823 5058 1261
f 4687 5058 4823
f 1224 4684 5059
f 4684 262 5049
f 5059 5049 1305
f 4684 5049 5059
f 1261 5060 4819
f 5060 1305 5052
f 4819 5052 241
f 5060 5052 4819
f 1224 5059 5058
f 5059 1305 5060
f 5058 5060 1261
f 5059 5060 5058
f 257 4986 4525
f 4986 1294 5061
f 4525 5061 1175
f 4986 5061 4525
f 1294 4991 5062
f 4991 263 4803
f 5062 4803 1255
f 4991 4803 5062
f 1175 5063 4519
f 5063 1255 4800
f 4519 4800 220
f 5063 4800 4519
f 1294 5062 5061
f 5062 1255 5063
f 5061 5063 1175
f 5062 5063 5061
f 496 4880 4999
f 4880 1271 5064
f 4999 5064 1297
f 4880 5064 4999
f 1271 4877 5065
f 4877 263 4990
f 5065 4990 1293
f 4877 4990 5065
f 1297 5066 5002
f 5066 1293 4987
f 5002 4987 241
f 5066 4987 5002
f 1271 5065 5064
f 5065 1293 5066
f 5064 5066 1297
f 5065 5066 5064
f 261 4937 5044
f 4937 1284 5067
f 5044 5067 1304
f 4937 5067 5044
f 1284 4941 5068
f 4941 264 4826
f 5068 4826 1264
f 4941 4826 5068
f 1304 5069 5047
f 5069 1264 4832
f 5047 4832 252
f 5069 4832 5047
f 1284 5068 5067
f 5068 1264 5069
f 5067 5069 1304
f 5068 5069 5067
f 240 4436 4793
f 4436 1145 5070
f 4793 5070 1254
f 4436 5070 4793
f 1145 4433 5072
f 4433 225 5071
f 5072 5071 1307
f 4433 5071 5072
f 1254 5073 4795
f 5073 1307 5074
f 4795 5074 265
f 5073 5074 4795
f 1145 5072 5070
f 5072 1307 5073
f 5070 5073 1254
f 5072 5073 5070
f 533 5019 5076
f 5019 1300 5075
f 5076 5075 1309
f 5019 5075 5076
f 1300 5016 5078
f 5016 258 5077
f 5078 5077 1308
f 5016 5077 5078
f 1309 5079 5081
f 5079 1308 5080
f 5081 5080 266
f 5079 5080 5081
f 1300 5078 5075
f 5078 1308 5079
f 5075 5079 1309
f 5078 5079 5075
f 533 5076 5083
f 5076 1309 5082
f 5083 5082 1310
f 5076 5082 5083
f 1309 5081 5084
f 5081 266 4586
f 5084 4586 1193
f 5081 4586 5084
f 1310 5085 5086
f 5085 1193 4583
f 5086 4583 490
f 5085 4583 5086
f 1309 5084 5082
f 5084 1193 5085
f 5082 5085 1310
f 5084 5085 5082
f 158 5087 4402
f 5087 1311 5088
f 4402 5088 1135
f 5087 5088 4402
f 1311 5089 5090
f 5089 266 5080
f 5090 5080 1308
f 5089 5080 5090
f 1135 5091 4405
f 5091 1308 5077
f 4405 5077 258
f 5091 5077 4405
f 1311 5090 5088
f 5090 1308 5091
f 5088 5091 1135
f 5090 5091 5088
f 4 5092 4335
f 5092 1312 5093
f 4335 5093 1119
f 5092 5093 4335
f 1312 5094 5095
f 5094 490 4582
f 5095 4582 1192
f 5094 4582 5095
f 1119 5096 4332
f 5096 1192 4579
f 4332 4579 205
f 5096 4579 4332
f 1312 5095 5093
f 5095 1192 5096
f 5093 5096 1119
f 5095 5096 5093
f 262 4461 4957
f 4461 1153 5097
f 4957 5097 1289
f 4461 5097 4957
f 1153 4458 5098
f 4458 253 4905
f 5098 4905 1276
f 4458 4905 5098
f 1289 5099 4951
f 5099 1276 4902
f 4951 4902 472
f 5099 4902 4951
f 1153 5098 5097
f 5098 1276 5099
f 5097 5099 1289
f 5098 5099 5097
f 158 4343 5087
f 4343 1120 5100
f 5087 5100 1311
f 4343 5100 5087
f 1120 4340 5101
f 4340 211 5057
f 5101 5057 1306
f 4340 5057 5101
f 1311 5102 5089
f 5102 1306 5054
f 5089 5054 266
f 5102 5054 5089
f 1120 5101 5100
f 5101 1306 5102
f 5100 5102 1311
f 5101 5102 5100
f 267 5103 5105
f 5103 1313 5104
f 5105 5104 1314
f 5103 5104 5105
f 1313 5106 5107
f 5106 269 4475
f 5107 4475 1158
f 5106 4475 5107
f 1314 5108 5109
f 5108 1158 4472
f 5109 4472 216
f 5108 4472 5109
f 1313 5107 5104
f 5107 1158 5108
f 5104 5108 1314
f 5107 5108 5104
f 233 4400 4621
f 4400 1133 5110
f 4621 5110 1205
f 4400 5110 4621
f 1133 4397 5112
f 4397 268 5111
f 5112 5111 1315
f 4397 5111 5112
f 1205 5113 4615
f 5113 1315 5114
f 4615 5114 256
f 5113 5114 4615
f 1133 5112 5110
f 5112 1315 5113
f 5110 5113 1205
f 5112 5113 5110
f 250 4847 4644
f 4847 1267 5115
f 4644 5115 1212
f 4847 5115 4644
f 1267 4850 5116
f 4850 238 4776
f 5116 4776 1249
f 4850 4776 5116
f 1212 5117 4639
f 5117 1249 4774
f 4639 4774 167
f 5117 4774 4639
f 1267 5116 5115
f 5116 1249 5117
f 5115 5117 1212
f 5116 5117 5115
f 256 5114 5036
f 5114 1315 5118
f 5036 5118 1303
f 5114 5118 5036
f 1315 5111 5120
f 5111 268 5119
f 5120 5119 1316
f 5111 5119 5120
f 1303 5121 5039
f 5121 1316 5122
f 5039 5122 187
f 5121 5122 5039
f 1315 5120 5118
f 5120 1316 5121
f 5118 5121 1303
f 5120 5121 5118
f 221 4959 5124
f 4959 1291 5123
f 5124 5123 1317
f 4959 5123 5124
f 1291 4964 5125
f 4964 269 5106
f 5125 5106 1313
f 4964 5106 5125
f 1317 5126 5127
f 5126 1313 5103
f 5127 5103 267
f 5126 5103 5127
f 1291 5125 5123
f 5125 1313 5126
f 5123 5126 1317
f 5125 5126 5123
f 246 4789 4388
f 4789 1253 5128
f 4388 5128 1130
f 4789 5128 4388
f 1253 4792 5129
f 4792 269 4963
f 5129 4963 1290
f 4792 4963 5129
f 1130 5130 4391
f 5130 1290 4960
f 4391 4960 254
f 5130 4960 4391
f 1253 5129 5128
f 5129 1290 5130
f 5128 5130 1130
f 5129 5130 5128
f 268 4919 5119
f 4919 1280 5131
f 5119 5131 1316
f 4919 5131 5119
f 1280 4917 5132
f 4917 250 4643
f 5132 4643 1211
f 4917 4643 5132
f 1316 5133 5122
f 5133 1211 4640
f 5122 4640 187
f 5133 4640 5122
f 1280 5132 5131
f 5132 1211 5133
f 5131 5133 1316
f 5132 5133 5131
f 283 5134 5136
f 5134 1318 5135
f 5136 5135 1320
f 5134 5135 5136
f 1318 5137 5139
f 5137 295 5138
f 5139 5138 1319
f 5137 5138 5139
f 1320 5140 5142
f 5140 1319 5141
f 5142 5141 435
f 5140 5141 5142
f 1318 5139 5135
f 5139 1319 5140
f 5135 5140 1320
f 5139 5140 5135
f 318 5143 5145
f 5143 1321 5144
f 5145 5144 1323
f 5143 5144 5145
f 1321 5146 5148
f 5146 310 5147
f 5148 5147 1322
f 5146 5147 5148
f 1323 5149 5151
f 5149 1322 5150
f 5151 5150 308
f 5149 5150 5151
f 1321 5148 5144
f 5148 1322 5149
f 5144 5149 1323
f 5148 5149 5144
f 293 5152 5154
f 5152 1324 5153
f 5154 5153 1326
f 5152 5153 5154
f 1324 5155 5157
f 5155 335 5156
f 5157 5156 1325
f 5155 5156 5157
f 1326 5158 5160
f 5158 1325 5159
f 5160 5159 298
f 5158 5159 5160
f 1324 5157 5153
f 5157 1325 5158
f 5153 5158 1326
f 5157 5158 5153
f 315 5161 5163
f 5161 1327 5162
f 5163 5162 1329
f 5161 5162 5163
f 1327 5164 5166
f 5164 323 5165
f 5166 5165 1328
f 5164 5165 5166
f 1329 5167 5169
f 5167 1328 5168
f 5169 5168 280
f 5167 5168 5169
f 1327 5166 5162
f 5166 1328 5167
f 5162 5167 1329
f 5166 5167 5162
f 286 5170 5172
f 5170 1330 5171
f 5172 5171 1332
f 5170 5171 5172
f 1330 5173 5175
f 5173 311 5174
f 5175 5174 1331
f 5173 5174 5175
f 1332 5176 5178
f 5176 1331 5177
f 5178 5177 282
f 5176 5177 5178
f 1330 5175 5171
f 5175 1331 5176
f 5171 5176 1332
f 5175 5176 5171
f 281 5179 5181
f 5179 1333 5180
f 5181 5180 1335
f 5179 5180 5181
f 1333 5182 5184
f 5182 308 5183
f 5184 5183 1334
f 5182 5183 5184
f 1335 5185 5187
f 5185 1334 5186
f 5187 5186 275
f 5185 5186 5187
f 1333 5184 5180
f 5184 1334 5185
f 5180 5185 1335
f 5184 5185 5180
f 302 5188 5190
f 5188 1336 5189
f 5190 5189 1338
f 5188 5189 5190
f 1336 5191 5193
f 5191 284 5192
f 5193 5192 1337
f 5191 5192 5193
f 1338 5194 5196
f 5194 1337 5195
f 5196 5195 287
f 5194 5195 5196
f 1336 5193 5189
f 5193 1337 5194
f 5189 5194 1338
f 5193 5194 5189
f 320 5197 5199
f 5197 1339 5198
f 5199 5198 1341
f 5197 5198 5199
f 1339 5200 5202
f 5200 278 5201
f 5202 5201 1340
f 5200 5201 5202
f 1341 5203 5205
f 5203 1340 5204
f 5205 5204 307
f 5203 5204 5205
f 1339 5202 5198
f 5202 1340 5203
f 5198 5203 1341
f 5202 5203 5198
f 291 5206 5208
f 5206 1342 5207
f 5208 5207 1344
f 5206 5207 5208
f 1342 5209 5211
f 5209 272 5210
f 5211 5210 1343
f 5209 5210 5211
f 1344 5212 5214
f 5212 1343 5213
f 5214 5213 276
f 5212 5213 5214
f 1342 5211 5207
f 5211 1343 5212
f 5207 5212 1344
f 5211 5212 5207
f 328 5215 5217
f 5215 1345 5216
f 5217 5216 1347
f 5215 5216 5217
f 1345 5218 5220
f 5218 317 5219
f 5220 5219 1346
f 5218 5219 5220
f 1347 5221 5223
f 5221 1346 5222
f 5223 5222 312
f 5221 5222 5223
f 1345 5220 5216
f 5220 1346 5221
f 5216 5221 1347
f 5220 5221 5216
f 283 5224 5226
f 5224 1348 5225
f 5226 5225 1350
f 5224 5225 5226
f 1348 5227 5229
f 5227 277 5228
f 5229 5228 1349
f 5227 5228 5229
f 1350 5230 5232
f 5230 1349 5231
f 5232 5231 286
f 5230 5231 5232
f 1348 5229 5225
f 5229 1349 5230
f 5225 5230 1350
f 5229 5230 5225
f 301 5233 5235
f 5233 1351 5234
f 5235 5234 1353
f 5233 5234 5235
f 1351 5236 5238
f 5236 336 5237
f 5238 5237 1352
f 5236 5237 5238
f 1353 5239 5241
f 5239 1352 5240
f 5241 5240 273
f 5239 5240 5241
f 1351 5238 5234
f 5238 1352 5239
f 5234 5239 1353
f 5238 5239 5234
f 322 5242 5244
f 5242 1354 5243
f 5244 5243 1356
f 5242 5243 5244
f 1354 5245 5247
f 5245 288 5246
f 5247 5246 1355
f 5245 5246 5247
f 1356 5248 5250
f 5248 1355 5249
f 5250 5249 330
f 5248 5249 5250
f 1354 5247 5243
f 5247 1355 5248
f 5243 5248 1356
f 5247 5248 5243
f 325 5251 5253
f 5251 1357 5252
f 5253 5252 1359
f 5251 5252 5253
f 1357 5254 5256
f 5254 304 5255
f 5256 5255 1358
f 5254 5255 5256
f 1359 5257 5259
f 5257 1358 5258
f 5259 5258 305
f 5257 5258 5259
f 1357 5256 5252
f 5256 1358 5257
f 5252 5257 1359
f 5256 5257 5252
f 300 5260 5262
f 5260 1360 5261
f 5262 5261 1362
f 5260 5261 5262
f 1360 5263 5265
f 5263 320 5264
f 5265 5264 1361
f 5263 5264 5265
f 1362 5266 5268
f 5266 1361 5267
f 5268 5267 294
f 5266 5267 5268
f 1360 5265 5261
f 5265 1361 5266
f 5261 5266 1362
f 5265 5266 5261
f 291 5269 5271
f 5269 1363 5270
f 5271 5270 1365
f 5269 5270 5271
f 1363 5272 5274
f 5272 286 5273
f 5274 5273 1364
f 5272 5273 5274
f 1365 5275 5277
f 5275 1364 5276
f 5277 5276 301
f 5275 5276 5277
f 1363 5274 5270
f 5274 1364 5275
f 5270 5275 1365
f 5274 5275 5270
f 322 5278 5280
f 5278 1366 5279
f 5280 5279 1368
f 5278 5279 5280
f 1366 5281 5283
f 5281 311 5282
f 5283 5282 1367
f 5281 5282 5283
f 1368 5284 5286
f 5284 1367 5285
f 5286 5285 277
f 5284 5285 5286
f 1366 5283 5279
f 5283 1367 5284
f 5279 5284 1368
f 5283 5284 5279
f 276 5287 5214
f 5287 1369 5288
f 5214 5288 1344
f 5287 5288 5214
f 1369 5289 5291
f 5289 295 5290
f 5291 5290 1370
f 5289 5290 5291
f 1344 5292 5208
f 5292 1370 5293
f 5208 5293 291
f 5292 5293 5208
f 1369 5291 5288
f 5291 1370 5292
f 5288 5292 1344
f 5291 5292 5288
f 277 5294 5296
f 5294 1371 5295
f 5296 5295 1373
f 5294 5295 5296
f 1371 5297 5299
f 5297 419 5298
f 5299 5298 1372
f 5297 5298 5299
f 1373 5300 5302
f 5300 1372 5301
f 5302 5301 404
f 5300 5301 5302
f 1371 5299 5295
f 5299 1372 5300
f 5295 5300 1373
f 5299 5300 5295
f 287 5195 5304
f 5195 1337 5303
f 5304 5303 1375
f 5195 5303 5304
f 1337 5192 5306
f 5192 284 5305
f 5306 5305 1374
f 5192 5305 5306
f 1375 5307 5309
f 5307 1374 5308
f 5309 5308 274
f 5307 5308 5309
f 1337 5306 5303
f 5306 1374 5307
f 5303 5307 1375
f 5306 5307 5303
f 312 5310 5312
f 5310 1376 5311
f 5312 5311 1377
f 5310 5311 5312
f 1376 5313 5314
f 5313 293 5154
f 5314 5154 1326
f 5313 5154 5314
f 1377 5315 5316
f 5315 1326 5160
f 5316 5160 298
f 5315 5160 5316
f 1376 5314 5311
f 5314 1326 5315
f 5311 5315 1377
f 5314 5315 5311
f 285 5317 5319
f 5317 1378 5318
f 5319 5318 1380
f 5317 5318 5319
f 1378 5320 5322
f 5320 317 5321
f 5322 5321 1379
f 5320 5321 5322
f 1380 5323 5325
f 5323 1379 5324
f 5325 5324 305
f 5323 5324 5325
f 1378 5322 5318
f 5322 1379 5323
f 5318 5323 1380
f 5322 5323 5318
f 311 5326 5174
f 5326 1381 5327
f 5174 5327 1331
f 5326 5327 5174
f 1381 5328 5330
f 5328 310 5329
f 5330 5329 1382
f 5328 5329 5330
f 1331 5331 5177
f 5331 1382 5332
f 5177 5332 282
f 5331 5332 5177
f 1381 5330 5327
f 5330 1382 5331
f 5327 5331 1331
f 5330 5331 5327
f 419 5333 5335
f 5333 1383 5334
f 5335 5334 1384
f 5333 5334 5335
f 1383 5336 5337
f 5336 283 5136
f 5337 5136 1320
f 5336 5136 5337
f 1384 5338 5339
f 5338 1320 5142
f 5339 5142 435
f 5338 5142 5339
f 1383 5337 5334
f 5337 1320 5338
f 5334 5338 1384
f 5337 5338 5334
f 332 5340 5342
f 5340 1385 5341
f 5342 5341 1387
f 5340 5341 5342
f 1385 5343 5345
f 5343 416 5344
f 5345 5344 1386
f 5343 5344 5345
f 1387 5346 5348
f 5346 1386 5347
f 5348 5347 327
f 5346 5347 5348
f 1385 5345 5341
f 5345 1386 5346
f 5341 5346 1387
f 5345 5346 5341
f 308 5182 5350
f 5182 1333 5349
f 5350 5349 1389
f 5182 5349 5350
f 1333 5179 5352
f 5179 281 5351
f 5352 5351 1388
f 5179 5351 5352
f 1389 5353 5355
f 5353 1388 5354
f 5355 5354 287
f 5353 5354 5355
f 1333 5352 5349
f 5352 1388 5353
f 5349 5353 1389
f 5352 5353 5349
f 331 5356 5358
f 5356 1390 5357
f 5358 5357 1392
f 5356 5357 5358
f 1390 5359 5361
f 5359 296 5360
f 5361 5360 1391
f 5359 5360 5361
f 1392 5362 5364
f 5362 1391 5363
f 5364 5363 270
f 5362 5363 5364
f 1390 5361 5357
f 5361 1391 5362
f 5357 5362 1392
f 5361 5362 5357
f 290 5365 5367
f 5365 1393 5366
f 5367 5366 1395
f 5365 5366 5367
f 1393 5368 5370
f 5368 296 5369
f 5370 5369 1394
f 5368 5369 5370
f 1395 5371 5373
f 5371 1394 5372
f 5373 5372 302
f 5371 5372 5373
f 1393 5370 5366
f 5370 1394 5371
f 5366 5371 1395
f 5370 5371 5366
f 293 5374 5376
f 5374 1396 5375
f 5376 5375 1398
f 5374 5375 5376
f 1396 5377 5379
f 5377 285 5378
f 5379 5378 1397
f 5377 5378 5379
f 1398 5380 5382
f 5380 1397 5381
f 5382 5381 321
f 5380 5381 5382
f 1396 5379 5375
f 5379 1397 5380
f 5375 5380 1398
f 5379 5380 5375
f 310 5328 5384
f 5328 1381 5383
f 5384 5383 1400
f 5328 5383 5384
f 1381 5326 5386
f 5326 311 5385
f 5386 5385 1399
f 5326 5385 5386
f 1400 5387 5389
f 5387 1399 5388
f 5389 5388 292
f 5387 5388 5389
f 1381 5386 5383
f 5386 1399 5387
f 5383 5387 1400
f 5386 5387 5383
f 318 5390 5392
f 5390 1401 5391
f 5392 5391 1403
f 5390 5391 5392
f 1401 5393 5395
f 5393 274 5394
f 5395 5394 1402
f 5393 5394 5395
f 1403 5396 5398
f 5396 1402 5397
f 5398 5397 279
f 5396 5397 5398
f 1401 5395 5391
f 5395 1402 5396
f 5391 5396 1403
f 5395 5396 5391
f 314 5399 5401
f 5399 1404 5400
f 5401 5400 1406
f 5399 5400 5401
f 1404 5402 5404
f 5402 309 5403
f 5404 5403 1405
f 5402 5403 5404
f 1406 5405 5407
f 5405 1405 5406
f 5407 5406 289
f 5405 5406 5407
f 1404 5404 5400
f 5404 1405 5405
f 5400 5405 1406
f 5404 5405 5400
f 281 5408 5410
f 5408 1407 5409
f 5410 5409 1409
f 5408 5409 5410
f 1407 5411 5413
f 5411 320 5412
f 5413 5412 1408
f 5411 5412 5413
f 1409 5414 5416
f 5414 1408 5415
f 5416 5415 290
f 5414 5415 5416
f 1407 5413 5409
f 5413 1408 5414
f 5409 5414 1409
f 5413 5414 5409
f 297 5417 5419
f 5417 1410 5418
f 5419 5418 1411
f 5417 5418 5419
f 1410 5420 5421
f 5420 296 5368
f 5421 5368 1393
f 5420 5368 5421
f 1411 5422 5423
f 5422 1393 5365
f 5423 5365 290
f 5422 5365 5423
f 1410 5421 5418
f 5421 1393 5422
f 5418 5422 1411
f 5421 5422 5418
f 295 5289 5425
f 5289 1369 5424
f 5425 5424 1413
f 5289 5424 5425
f 1369 5287 5427
f 5287 276 5426
f 5427 5426 1412
f 5287 5426 5427
f 1413 5428 5430
f 5428 1412 5429
f 5430 5429 392
f 5428 5429 5430
f 1369 5427 5424
f 5427 1412 5428
f 5424 5428 1413
f 5427 5428 5424
f 282 5431 5433
f 5431 1414 5432
f 5433 5432 1415
f 5431 5432 5433
f 1414 5434 5435
f 5434 336 5236
f 5435 5236 1351
f 5434 5236 5435
f 1415 5436 5437
f 5436 1351 5233
f 5437 5233 301
f 5436 5233 5437
f 1414 5435 5432
f 5435 1351 5436
f 5432 5436 1415
f 5435 5436 5432
f 294 5438 5268
f 5438 1416 5439
f 5268 5439 1362
f 5438 5439 5268
f 1416 5440 5442
f 5440 306 5441
f 5442 5441 1417
f 5440 5441 5442
f 1362 5443 5262
f 5443 1417 5444
f 5262 5444 300
f 5443 5444 5262
f 1416 5442 5439
f 5442 1417 5443
f 5439 5443 1362
f 5442 5443 5439
f 288 5445 5447
f 5445 1418 5446
f 5447 5446 1419
f 5445 5446 5447
f 1418 5448 5449
f 5448 328 5217
f 5449 5217 1347
f 5448 5217 5449
f 1419 5450 5451
f 5450 1347 5223
f 5451 5223 312
f 5450 5223 5451
f 1418 5449 5446
f 5449 1347 5450
f 5446 5450 1419
f 5449 5450 5446
f 305 5452 5325
f 5452 1420 5453
f 5325 5453 1380
f 5452 5453 5325
f 1420 5454 5456
f 5454 313 5455
f 5456 5455 1421
f 5454 5455 5456
f 1380 5457 5319
f 5457 1421 5458
f 5319 5458 285
f 5457 5458 5319
f 1420 5456 5453
f 5456 1421 5457
f 5453 5457 1380
f 5456 5457 5453
f 407 5459 5461
f 5459 1422 5460
f 5461 5460 1424
f 5459 5460 5461
f 1422 5462 5464
f 5462 447 5463
f 5464 5463 1423
f 5462 5463 5464
f 1424 5465 5467
f 5465 1423 5466
f 5467 5466 304
f 5465 5466 5467
f 1422 5464 5460
f 5464 1423 5465
f 5460 5465 1424
f 5464 5465 5460
f 290 5468 5423
f 5468 1425 5469
f 5423 5469 1411
f 5468 5469 5423
f 1425 5470 5472
f 5470 307 5471
f 5472 5471 1426
f 5470 5471 5472
f 1411 5473 5419
f 5473 1426 5474
f 5419 5474 297
f 5473 5474 5419
f 1425 5472 5469
f 5472 1426 5473
f 5469 5473 1411
f 5472 5473 5469
f 275 5475 5187
f 5475 1427 5476
f 5187 5476 1335
f 5475 5476 5187
f 1427 5477 5479
f 5477 294 5478
f 5479 5478 1428
f 5477 5478 5479
f 1335 5480 5181
f 5480 1428 5481
f 5181 5481 281
f 5480 5481 5181
f 1427 5479 5476
f 5479 1428 5480
f 5476 5480 1335
f 5479 5480 5476
f 435 5141 5483
f 5141 1319 5482
f 5483 5482 1429
f 5141 5482 5483
f 1319 5138 5484
f 5138 295 5425
f 5484 5425 1413
f 5138 5425 5484
f 1429 5485 5486
f 5485 1413 5430
f 5486 5430 392
f 5485 5430 5486
f 1319 5484 5482
f 5484 1413 5485
f 5482 5485 1429
f 5484 5485 5482
f 283 5487 5134
f 5487 1430 5488
f 5134 5488 1318
f 5487 5488 5134
f 1430 5489 5490
f 5489 291 5293
f 5490 5293 1370
f 5489 5293 5490
f 1318 5491 5137
f 5491 1370 5290
f 5137 5290 295
f 5491 5290 5137
f 1430 5490 5488
f 5490 1370 5491
f 5488 5491 1318
f 5490 5491 5488
f 281 5492 5351
f 5492 1431 5493
f 5351 5493 1388
f 5492 5493 5351
f 1431 5494 5495
f 5494 302 5190
f 5495 5190 1338
f 5494 5190 5495
f 1388 5496 5354
f 5496 1338 5196
f 5354 5196 287
f 5496 5196 5354
f 1431 5495 5493
f 5495 1338 5496
f 5493 5496 1388
f 5495 5496 5493
f 296 5420 5360
f 5420 1410 5497
f 5360 5497 1391
f 5420 5497 5360
f 1410 5417 5499
f 5417 297 5498
f 5499 5498 1432
f 5417 5498 5499
f 1391 5500 5363
f 5500 1432 5501
f 5363 5501 270
f 5500 5501 5363
f 1410 5499 5497
f 5499 1432 5500
f 5497 5500 1391
f 5499 5500 5497
f 326 5502 5504
f 5502 1433 5503
f 5504 5503 1435
f 5502 5503 5504
f 1433 5505 5507
f 5505 314 5506
f 5507 5506 1434
f 5505 5506 5507
f 1435 5508 5510
f 5508 1434 5509
f 5510 5509 306
f 5508 5509 5510
f 1433 5507 5503
f 5507 1434 5508
f 5503 5508 1435
f 5507 5508 5503
f 330 5249 5512
f 5249 1355 5511
f 5512 5511 1437
f 5249 5511 5512
f 1355 5246 5514
f 5246 288 5513
f 5514 5513 1436
f 5246 5513 5514
f 1437 5515 5517
f 5515 1436 5516
f 5517 5516 298
f 5515 5516 5517
f 1355 5514 5511
f 5514 1436 5515
f 5511 5515 1437
f 5514 5515 5511
f 304 5254 5467
f 5254 1357 5518
f 5467 5518 1424
f 5254 5518 5467
f 1357 5251 5520
f 5251 325 5519
f 5520 5519 1438
f 5251 5519 5520
f 1424 5521 5461
f 5521 1438 5522
f 5461 5522 407
f 5521 5522 5461
f 1357 5520 5518
f 5520 1438 5521
f 5518 5521 1424
f 5520 5521 5518
f 313 5523 5525
f 5523 1439 5524
f 5525 5524 1441
f 5523 5524 5525
f 1439 5526 5528
f 5526 315 5527
f 5528 5527 1440
f 5526 5527 5528
f 1441 5529 5531
f 5529 1440 5530
f 5531 5530 299
f 5529 5530 5531
f 1439 5528 5524
f 5528 1440 5529
f 5524 5529 1441
f 5528 5529 5524
f 306 5532 5534
f 5532 1442 5533
f 5534 5533 1444
f 5532 5533 5534
f 1442 5535 5537
f 5535 275 5536
f 5537 5536 1443
f 5535 5536 5537
f 1444 5538 5540
f 5538 1443 5539
f 5540 5539 316
f 5538 5539 5540
f 1442 5537 5533
f 5537 1443 5538
f 5533 5538 1444
f 5537 5538 5533
f 278 5541 5543
f 5541 1445 5542
f 5543 5542 1447
f 5541 5542 5543
f 1445 5544 5546
f 5544 300 5545
f 5546 5545 1446
f 5544 5545 5546
f 1447 5547 5549
f 5547 1446 5548
f 5549 5548 289
f 5547 5548 5549
f 1445 5546 5542
f 5546 1446 5547
f 5542 5547 1447
f 5546 5547 5542
f 273 5550 5241
f 5550 1448 5551
f 5241 5551 1353
f 5550 5551 5241
f 1448 5552 5554
f 5552 272 5553
f 5554 5553 1449
f 5552 5553 5554
f 1353 5555 5235
f 5555 1449 5556
f 5235 5556 301
f 5555 5556 5235
f 1448 5554 5551
f 5554 1449 5555
f 5551 5555 1353
f 5554 5555 5551
f 336 5434 5558
f 5434 1414 5557
f 5558 5557 1450
f 5434 5557 5558
f 1414 5431 5559
f 5431 282 5332
f 5559 5332 1382
f 5431 5332 5559
f 1450 5560 5561
f 5560 1382 5329
f 5561 5329 310
f 5560 5329 5561
f 1414 5559 5557
f 5559 1382 5560
f 5557 5560 1450
f 5559 5560 5557
f 296 5359 5369
f 5359 1390 5562
f 5369 5562 1394
f 5359 5562 5369
f 1390 5356 5564
f 5356 331 5563
f 5564 5563 1451
f 5356 5563 5564
f 1394 5565 5372
f 5565 1451 5566
f 5372 5566 302
f 5565 5566 5372
f 1390 5564 5562
f 5564 1451 5565
f 5562 5565 1394
f 5564 5565 5562
f 329 5567 5569
f 5567 1452 5568
f 5569 5568 1453
f 5567 5568 5569
f 1452 5570 5571
f 5570 277 5296
f 5571 5296 1373
f 5570 5296 5571
f 1453 5572 5573
f 5572 1373 5302
f 5573 5302 404
f 5572 5302 5573
f 1452 5571 5568
f 5571 1373 5572
f 5568 5572 1453
f 5571 5572 5568
f 323 5164 5575
f 5164 1327 5574
f 5575 5574 1455
f 5164 5574 5575
f 1327 5161 5577
f 5161 315 5576
f 5577 5576 1454
f 5161 5576 5577
f 1455 5578 5580
f 5578 1454 5579
f 5580 5579 304
f 5578 5579 5580
f 1327 5577 5574
f 5577 1454 5578
f 5574 5578 1455
f 5577 5578 5574
f 447 5581 5463
f 5581 1456 5582
f 5463 5582 1423
f 5581 5582 5463
f 1456 5583 5584
f 5583 323 5575
f 5584 5575 1455
f 5583 5575 5584
f 1423 5585 5466
f 5585 1455 5580
f 5466 5580 304
f 5585 5580 5466
f 1456 5584 5582
f 5584 1455 5585
f 5582 5585 1423
f 5584 5585 5582
f 288 5245 5587
f 5245 1354 5586
f 5587 5586 1458
f 5245 5586 5587
f 1354 5242 5589
f 5242 322 5588
f 5589 5588 1457
f 5242 5588 5589
f 1458 5590 5592
f 5590 1457 5591
f 5592 5591 303
f 5590 5591 5592
f 1354 5589 5586
f 5589 1457 5590
f 5586 5590 1458
f 5589 5590 5586
f 316 5593 5595
f 5593 1459 5594
f 5595 5594 1461
f 5593 5594 5595
f 1459 5596 5598
f 5596 324 5597
f 5598 5597 1460
f 5596 5597 5598
f 1461 5599 5601
f 5599 1460 5600
f 5601 5600 330
f 5599 5600 5601
f 1459 5598 5594
f 5598 1460 5599
f 5594 5599 1461
f 5598 5599 5594
f 317 5320 5219
f 5320 1378 5602
f 5219 5602 1346
f 5320 5602 5219
f 1378 5317 5604
f 5317 285 5603
f 5604 5603 1462
f 5317 5603 5604
f 1346 5605 5222
f 5605 1462 5606
f 5222 5606 312
f 5605 5606 5222
f 1378 5604 5602
f 5604 1462 5605
f 5602 5605 1346
f 5604 5605 5602
f 315 5526 5608
f 5526 1439 5607
f 5608 5607 1463
f 5526 5607 5608
f 1439 5523 5609
f 5523 313 5454
f 5609 5454 1420
f 5523 5454 5609
f 1463 5610 5611
f 5610 1420 5452
f 5611 5452 305
f 5610 5452 5611
f 1439 5609 5607
f 5609 1420 5610
f 5607 5610 1463
f 5609 5610 5607
f 275 5535 5475
f 5535 1442 5612
f 5475 5612 1427
f 5535 5612 5475
f 1442 5532 5613
f 5532 306 5440
f 5613 5440 1416
f 5532 5440 5613
f 1427 5614 5477
f 5614 1416 5438
f 5477 5438 294
f 5614 5438 5477
f 1442 5613 5612
f 5613 1416 5614
f 5612 5614 1427
f 5613 5614 5612
f 300 5444 5616
f 5444 1417 5615
f 5616 5615 1464
f 5444 5615 5616
f 1417 5441 5617
f 5441 306 5509
f 5617 5509 1434
f 5441 5509 5617
f 1464 5618 5619
f 5618 1434 5506
f 5619 5506 314
f 5618 5506 5619
f 1417 5617 5615
f 5617 1434 5618
f 5615 5618 1464
f 5617 5618 5615
f 320 5411 5264
f 5411 1407 5620
f 5264 5620 1361
f 5411 5620 5264
f 1407 5408 5621
f 5408 281 5481
f 5621 5481 1428
f 5408 5481 5621
f 1361 5622 5267
f 5622 1428 5478
f 5267 5478 294
f 5622 5478 5267
f 1407 5621 5620
f 5621 1428 5622
f 5620 5622 1361
f 5621 5622 5620
f 308 5623 5183
f 5623 1465 5624
f 5183 5624 1334
f 5623 5624 5183
f 1465 5625 5627
f 5625 292 5626
f 5627 5626 1466
f 5625 5626 5627
f 1334 5628 5186
f 5628 1466 5629
f 5186 5629 275
f 5628 5629 5186
f 1465 5627 5624
f 5627 1466 5628
f 5624 5628 1334
f 5627 5628 5624
f 287 5630 5355
f 5630 1467 5631
f 5355 5631 1389
f 5630 5631 5355
f 1467 5632 5633
f 5632 318 5145
f 5633 5145 1323
f 5632 5145 5633
f 1389 5634 5350
f 5634 1323 5151
f 5350 5151 308
f 5634 5151 5350
f 1467 5633 5631
f 5633 1323 5634
f 5631 5634 1389
f 5633 5634 5631
f 277 5227 5294
f 5227 1348 5635
f 5294 5635 1371
f 5227 5635 5294
f 1348 5224 5636
f 5224 283 5336
f 5636 5336 1383
f 5224 5336 5636
f 1371 5637 5297
f 5637 1383 5333
f 5297 5333 419
f 5637 5333 5297
f 1348 5636 5635
f 5636 1383 5637
f 5635 5637 1371
f 5636 5637 5635
f 290 5367 5416
f 5367 1395 5638
f 5416 5638 1409
f 5367 5638 5416
f 1395 5373 5639
f 5373 302 5494
f 5639 5494 1431
f 5373 5494 5639
f 1409 5640 5410
f 5640 1431 5492
f 5410 5492 281
f 5640 5492 5410
f 1395 5639 5638
f 5639 1431 5640
f 5638 5640 1409
f 5639 5640 5638
f 291 5271 5206
f 5271 1365 5641
f 5206 5641 1342
f 5271 5641 5206
f 1365 5277 5642
f 5277 301 5556
f 5642 5556 1449
f 5277 5556 5642
f 1342 5643 5209
f 5643 1449 5553
f 5209 5553 272
f 5643 5553 5209
f 1365 5642 5641
f 5642 1449 5643
f 5641 5643 1342
f 5642 5643 5641
f 422 5644 5646
f 5644 1468 5645
f 5646 5645 1469
f 5644 5645 5646
f 1468 5647 5648
f 5647 329 5569
f 5648 5569 1453
f 5647 5569 5648
f 1469 5649 5650
f 5649 1453 5573
f 5650 5573 404
f 5649 5573 5650
f 1468 5648 5645
f 5648 1453 5649
f 5645 5649 1469
f 5648 5649 5645
f 292 5625 5389
f 5625 1465 5651
f 5389 5651 1400
f 5625 5651 5389
f 1465 5623 5652
f 5623 308 5150
f 5652 5150 1322
f 5623 5150 5652
f 1400 5653 5384
f 5653 1322 5147
f 5384 5147 310
f 5653 5147 5384
f 1465 5652 5651
f 5652 1322 5653
f 5651 5653 1400
f 5652 5653 5651
f 277 5285 5228
f 5285 1367 5654
f 5228 5654 1349
f 5285 5654 5228
f 1367 5282 5655
f 5282 311 5173
f 5655 5173 1330
f 5282 5173 5655
f 1349 5656 5231
f 5656 1330 5170
f 5231 5170 286
f 5656 5170 5231
f 1367 5655 5654
f 5655 1330 5656
f 5654 5656 1349
f 5655 5656 5654
f 324 5596 5658
f 5596 1459 5657
f 5658 5657 1471
f 5596 5657 5658
f 1459 5593 5660
f 5593 316 5659
f 5660 5659 1470
f 5593 5659 5660
f 1471 5661 5663
f 5661 1470 5662
f 5663 5662 292
f 5661 5662 5663
f 1459 5660 5657
f 5660 1470 5661
f 5657 5661 1471
f 5660 5661 5657
f 288 5447 5513
f 5447 1419 5664
f 5513 5664 1436
f 5447 5664 5513
f 1419 5451 5665
f 5451 312 5312
f 5665 5312 1377
f 5451 5312 5665
f 1436 5666 5516
f 5666 1377 5316
f 5516 5316 298
f 5666 5316 5516
f 1419 5665 5664
f 5665 1377 5666
f 5664 5666 1436
f 5665 5666 5664
f 317 5667 5669
f 5667 1472 5668
f 5669 5668 1474
f 5667 5668 5669
f 1472 5670 5672
f 5670 395 5671
f 5672 5671 1473
f 5670 5671 5672
f 1474 5673 5675
f 5673 1473 5674
f 5675 5674 428
f 5673 5674 5675
f 1472 5672 5668
f 5672 1473 5673
f 5668 5673 1474
f 5672 5673 5668
f 271 5676 5678
f 5676 1475 5677
f 5678 5677 1476
f 5676 5677 5678
f 1475 5679 5680
f 5679 313 5525
f 5680 5525 1441
f 5679 5525 5680
f 1476 5681 5682
f 5681 1441 5531
f 5682 5531 299
f 5681 5531 5682
f 1475 5680 5677
f 5680 1441 5681
f 5677 5681 1476
f 5680 5681 5677
f 321 5381 5684
f 5381 1397 5683
f 5684 5683 1477
f 5381 5683 5684
f 1397 5378 5685
f 5378 285 5458
f 5685 5458 1421
f 5378 5458 5685
f 1477 5686 5687
f 5686 1421 5455
f 5687 5455 313
f 5686 5455 5687
f 1397 5685 5683
f 5685 1421 5686
f 5683 5686 1477
f 5685 5686 5683
f 326 5688 5502
f 5688 1478 5689
f 5502 5689 1433
f 5688 5689 5502
f 1478 5690 5692
f 5690 335 5691
f 5692 5691 1479
f 5690 5691 5692
f 1433 5693 5505
f 5693 1479 5694
f 5505 5694 314
f 5693 5694 5505
f 1478 5692 5689
f 5692 1479 5693
f 5689 5693 1433
f 5692 5693 5689
f 305 5258 5611
f 5258 1358 5695
f 5611 5695 1463
f 5258 5695 5611
f 1358 5255 5696
f 5255 304 5579
f 5696 5579 1454
f 5255 5579 5696
f 1463 5697 5608
f 5697 1454 5576
f 5608 5576 315
f 5697 5576 5608
f 1358 5696 5695
f 5696 1454 5697
f 5695 5697 1463
f 5696 5697 5695
f 319 5698 5700
f 5698 1480 5699
f 5700 5699 1481
f 5698 5699 5700
f 1480 5701 5702
f 5701 315 5163
f 5702 5163 1329
f 5701 5163 5702
f 1481 5703 5704
f 5703 1329 5169
f 5704 5169 280
f 5703 5169 5704
f 1480 5702 5699
f 5702 1329 5703
f 5699 5703 1481
f 5702 5703 5699
f 292 5662 5626
f 5662 1470 5705
f 5626 5705 1466
f 5662 5705 5626
f 1470 5659 5706
f 5659 316 5539
f 5706 5539 1443
f 5659 5539 5706
f 1466 5707 5629
f 5707 1443 5536
f 5629 5536 275
f 5707 5536 5629
f 1470 5706 5705
f 5706 1443 5707
f 5705 5707 1466
f 5706 5707 5705
f 330 5512 5709
f 5512 1437 5708
f 5709 5708 1483
f 5512 5708 5709
f 1437 5517 5711
f 5517 298 5710
f 5711 5710 1482
f 5517 5710 5711
f 1483 5712 5714
f 5712 1482 5713
f 5714 5713 326
f 5712 5713 5714
f 1437 5711 5708
f 5711 1482 5712
f 5708 5712 1483
f 5711 5712 5708
f 428 5715 5675
f 5715 1484 5716
f 5675 5716 1474
f 5715 5716 5675
f 1484 5717 5719
f 5717 325 5718
f 5719 5718 1485
f 5717 5718 5719
f 1474 5720 5669
f 5720 1485 5721
f 5669 5721 317
f 5720 5721 5669
f 1484 5719 5716
f 5719 1485 5720
f 5716 5720 1474
f 5719 5720 5716
f 328 5722 5724
f 5722 1486 5723
f 5724 5723 1488
f 5722 5723 5724
f 1486 5725 5727
f 5725 459 5726
f 5727 5726 1487
f 5725 5726 5727
f 1488 5728 5730
f 5728 1487 5729
f 5730 5729 395
f 5728 5729 5730
f 1486 5727 5723
f 5727 1487 5728
f 5723 5728 1488
f 5727 5728 5723
f 336 5731 5733
f 5731 1489 5732
f 5733 5732 1490
f 5731 5732 5733
f 1489 5734 5735
f 5734 318 5392
f 5735 5392 1403
f 5734 5392 5735
f 1490 5736 5737
f 5736 1403 5398
f 5737 5398 279
f 5736 5398 5737
f 1489 5735 5732
f 5735 1403 5736
f 5732 5736 1490
f 5735 5736 5732
f 274 5393 5309
f 5393 1401 5738
f 5309 5738 1375
f 5393 5738 5309
f 1401 5390 5739
f 5390 318 5632
f 5739 5632 1467
f 5390 5632 5739
f 1375 5740 5304
f 5740 1467 5630
f 5304 5630 287
f 5740 5630 5304
f 1401 5739 5738
f 5739 1467 5740
f 5738 5740 1375
f 5739 5740 5738
f 315 5701 5527
f 5701 1480 5741
f 5527 5741 1440
f 5701 5741 5527
f 1480 5698 5743
f 5698 319 5742
f 5743 5742 1491
f 5698 5742 5743
f 1440 5744 5530
f 5744 1491 5745
f 5530 5745 299
f 5744 5745 5530
f 1480 5743 5741
f 5743 1491 5744
f 5741 5744 1440
f 5743 5744 5741
f 278 5200 5541
f 5200 1339 5746
f 5541 5746 1445
f 5200 5746 5541
f 1339 5197 5747
f 5197 320 5263
f 5747 5263 1360
f 5197 5263 5747
f 1445 5748 5544
f 5748 1360 5260
f 5544 5260 300
f 5748 5260 5544
f 1339 5747 5746
f 5747 1360 5748
f 5746 5748 1445
f 5747 5748 5746
f 290 5415 5468
f 5415 1408 5749
f 5468 5749 1425
f 5415 5749 5468
f 1408 5412 5750
f 5412 320 5199
f 5750 5199 1341
f 5412 5199 5750
f 1425 5751 5470
f 5751 1341 5205
f 5470 5205 307
f 5751 5205 5470
f 1408 5750 5749
f 5750 1341 5751
f 5749 5751 1425
f 5750 5751 5749
f 271 5752 5676
f 5752 1492 5753
f 5676 5753 1475
f 5752 5753 5676
f 1492 5754 5755
f 5754 321 5684
f 5755 5684 1477
f 5754 5684 5755
f 1475 5756 5679
f 5756 1477 5687
f 5679 5687 313
f 5756 5687 5679
f 1492 5755 5753
f 5755 1477 5756
f 5753 5756 1475
f 5755 5756 5753
f 285 5377 5603
f 5377 1396 5757
f 5603 5757 1462
f 5377 5757 5603
f 1396 5374 5758
f 5374 293 5313
f 5758 5313 1376
f 5374 5313 5758
f 1462 5759 5606
f 5759 1376 5310
f 5606 5310 312
f 5759 5310 5606
f 1396 5758 5757
f 5758 1376 5759
f 5757 5759 1462
f 5758 5759 5757
f 329 5760 5762
f 5760 1493 5761
f 5762 5761 1494
f 5760 5761 5762
f 1493 5763 5764
f 5763 303 5591
f 5764 5591 1457
f 5763 5591 5764
f 1494 5765 5766
f 5765 1457 5588
f 5766 5588 322
f 5765 5588 5766
f 1493 5764 5761
f 5764 1457 5765
f 5761 5765 1494
f 5764 5765 5761
f 324 5767 5769
f 5767 1495 5768
f 5769 5768 1496
f 5767 5768 5769
f 1495 5770 5771
f 5770 311 5281
f 5771 5281 1366
f 5770 5281 5771
f 1496 5772 5773
f 5772 1366 5278
f 5773 5278 322
f 5772 5278 5773
f 1495 5771 5768
f 5771 1366 5772
f 5768 5772 1496
f 5771 5772 5768
f 459 5774 5776
f 5774 1497 5775
f 5776 5775 1499
f 5774 5775 5776
f 1497 5777 5779
f 5777 303 5778
f 5779 5778 1498
f 5777 5778 5779
f 1499 5780 5782
f 5780 1498 5781
f 5782 5781 422
f 5780 5781 5782
f 1497 5779 5775
f 5779 1498 5780
f 5775 5780 1499
f 5779 5780 5775
f 286 5272 5232
f 5272 1363 5783
f 5232 5783 1350
f 5272 5783 5232
f 1363 5269 5784
f 5269 291 5489
f 5784 5489 1430
f 5269 5489 5784
f 1350 5785 5226
f 5785 1430 5487
f 5226 5487 283
f 5785 5487 5226
f 1363 5784 5783
f 5784 1430 5785
f 5783 5785 1350
f 5784 5785 5783
f 282 5433 5178
f 5433 1415 5786
f 5178 5786 1332
f 5433 5786 5178
f 1415 5437 5787
f 5437 301 5276
f 5787 5276 1364
f 5437 5276 5787
f 1332 5788 5172
f 5788 1364 5273
f 5172 5273 286
f 5788 5273 5172
f 1415 5787 5786
f 5787 1364 5788
f 5786 5788 1332
f 5787 5788 5786
f 465 5789 5791
f 5789 1500 5790
f 5791 5790 1501
f 5789 5790 5791
f 1500 5792 5793
f 5792 323 5583
f 5793 5583 1456
f 5792 5583 5793
f 1501 5794 5795
f 5794 1456 5581
f 5795 5581 447
f 5794 5581 5795
f 1500 5793 5790
f 5793 1456 5794
f 5790 5794 1501
f 5793 5794 5790
f 311 5770 5385
f 5770 1495 5796
f 5385 5796 1399
f 5770 5796 5385
f 1495 5767 5797
f 5767 324 5658
f 5797 5658 1471
f 5767 5658 5797
f 1399 5798 5388
f 5798 1471 5663
f 5388 5663 292
f 5798 5663 5388
f 1495 5797 5796
f 5797 1471 5798
f 5796 5798 1399
f 5797 5798 5796
f 322 5244 5773
f 5244 1356 5799
f 5773 5799 1496
f 5244 5799 5773
f 1356 5250 5800
f 5250 330 5600
f 5800 5600 1460
f 5250 5600 5800
f 1496 5801 5769
f 5801 1460 5597
f 5769 5597 324
f 5801 5597 5769
f 1356 5800 5799
f 5800 1460 5801
f 5799 5801 1496
f 5800 5801 5799
f 428 5802 5715
f 5802 1502 5803
f 5715 5803 1484
f 5802 5803 5715
f 1502 5804 5805
f 5804 407 5522
f 5805 5522 1438
f 5804 5522 5805
f 1484 5806 5717
f 5806 1438 5519
f 5717 5519 325
f 5806 5519 5717
f 1502 5805 5803
f 5805 1438 5806
f 5803 5806 1484
f 5805 5806 5803
f 317 5721 5321
f 5721 1485 5807
f 5321 5807 1379
f 5721 5807 5321
f 1485 5718 5808
f 5718 325 5253
f 5808 5253 1359
f 5718 5253 5808
f 1379 5809 5324
f 5809 1359 5259
f 5324 5259 305
f 5809 5259 5324
f 1485 5808 5807
f 5808 1359 5809
f 5807 5809 1379
f 5808 5809 5807
f 309 5810 5812
f 5810 1503 5811
f 5812 5811 1504
f 5810 5811 5812
f 1503 5813 5814
f 5813 321 5754
f 5814 5754 1492
f 5813 5754 5814
f 1504 5815 5816
f 5815 1492 5752
f 5816 5752 271
f 5815 5752 5816
f 1503 5814 5811
f 5814 1492 5815
f 5811 5815 1504
f 5814 5815 5811
f 298 5159 5710
f 5159 1325 5817
f 5710 5817 1482
f 5159 5817 5710
f 1325 5156 5818
f 5156 335 5690
f 5818 5690 1478
f 5156 5690 5818
f 1482 5819 5713
f 5819 1478 5688
f 5713 5688 326
f 5819 5688 5713
f 1325 5818 5817
f 5818 1478 5819
f 5817 5819 1482
f 5818 5819 5817
f 316 5820 5540
f 5820 1505 5821
f 5540 5821 1444
f 5820 5821 5540
f 1505 5822 5823
f 5822 326 5504
f 5823 5504 1435
f 5822 5504 5823
f 1444 5824 5534
f 5824 1435 5510
f 5534 5510 306
f 5824 5510 5534
f 1505 5823 5821
f 5823 1435 5824
f 5821 5824 1444
f 5823 5824 5821
f 303 5777 5826
f 5777 1497 5825
f 5826 5825 1506
f 5777 5825 5826
f 1497 5774 5827
f 5774 459 5725
f 5827 5725 1486
f 5774 5725 5827
f 1506 5828 5829
f 5828 1486 5722
f 5829 5722 328
f 5828 5722 5829
f 1497 5827 5825
f 5827 1486 5828
f 5825 5828 1506
f 5827 5828 5825
f 333 5830 5832
f 5830 1507 5831
f 5832 5831 1508
f 5830 5831 5832
f 1507 5833 5834
f 5833 332 5342
f 5834 5342 1387
f 5833 5342 5834
f 1508 5835 5836
f 5835 1387 5348
f 5836 5348 327
f 5835 5348 5836
f 1507 5834 5831
f 5834 1387 5835
f 5831 5835 1508
f 5834 5835 5831
f 303 5826 5592
f 5826 1506 5837
f 5592 5837 1458
f 5826 5837 5592
f 1506 5829 5838
f 5829 328 5448
f 5838 5448 1418
f 5829 5448 5838
f 1458 5839 5587
f 5839 1418 5445
f 5587 5445 288
f 5839 5445 5587
f 1506 5838 5837
f 5838 1418 5839
f 5837 5839 1458
f 5838 5839 5837
f 277 5570 5286
f 5570 1452 5840
f 5286 5840 1368
f 5570 5840 5286
f 1452 5567 5841
f 5567 329 5762
f 5841 5762 1494
f 5567 5762 5841
f 1368 5842 5280
f 5842 1494 5766
f 5280 5766 322
f 5842 5766 5280
f 1452 5841 5840
f 5841 1494 5842
f 5840 5842 1368
f 5841 5842 5840
f 303 5763 5778
f 5763 1493 5843
f 5778 5843 1498
f 5763 5843 5778
f 1493 5760 5844
f 5760 329 5647
f 5844 5647 1468
f 5760 5647 5844
f 1498 5845 5781
f 5845 1468 5644
f 5781 5644 422
f 5845 5644 5781
f 1493 5844 5843
f 5844 1468 5845
f 5843 5845 1498
f 5844 5845 5843
f 316 5595 5820
f 5595 1461 5846
f 5820 5846 1505
f 5595 5846 5820
f 1461 5601 5847
f 5601 330 5709
f 5847 5709 1483
f 5601 5709 5847
f 1505 5848 5822
f 5848 1483 5714
f 5822 5714 326
f 5848 5714 5822
f 1461 5847 5846
f 5847 1483 5848
f 5846 5848 1505
f 5847 5848 5846
f 331 5849 5563
f 5849 1509 5850
f 5563 5850 1451
f 5849 5850 5563
f 1509 5851 5852
f 5851 284 5191
f 5852 5191 1336
f 5851 5191 5852
f 1451 5853 5566
f 5853 1336 5188
f 5566 5188 302
f 5853 5188 5566
f 1509 5852 5850
f 5852 1336 5853
f 5850 5853 1451
f 5852 5853 5850
f 332 5854 5856
f 5854 1510 5855
f 5856 5855 1511
f 5854 5855 5856
f 1510 5857 5858
f 5857 323 5792
f 5858 5792 1500
f 5857 5792 5858
f 1511 5859 5860
f 5859 1500 5789
f 5860 5789 465
f 5859 5789 5860
f 1510 5858 5855
f 5858 1500 5859
f 5855 5859 1511
f 5858 5859 5855
f 416 5343 5862
f 5343 1385 5861
f 5862 5861 1512
f 5343 5861 5862
f 1385 5340 5863
f 5340 332 5856
f 5863 5856 1511
f 5340 5856 5863
f 1512 5864 5865
f 5864 1511 5860
f 5865 5860 465
f 5864 5860 5865
f 1385 5863 5861
f 5863 1511 5864
f 5861 5864 1512
f 5863 5864 5861
f 323 5857 5165
f 5857 1510 5866
f 5165 5866 1328
f 5857 5866 5165
f 1510 5854 5868
f 5854 332 5867
f 5868 5867 1513
f 5854 5867 5868
f 1328 5869 5168
f 5869 1513 5870
f 5168 5870 280
f 5869 5870 5168
f 1510 5868 5866
f 5868 1513 5869
f 5866 5869 1328
f 5868 5869 5866
f 327 5347 5872
f 5347 1386 5871
f 5872 5871 1515
f 5347 5871 5872
f 1386 5344 5874
f 5344 416 5873
f 5874 5873 1514
f 5344 5873 5874
f 1515 5875 5877
f 5875 1514 5876
f 5877 5876 4
f 5875 5876 5877
f 1386 5874 5871
f 5874 1514 5875
f 5871 5875 1515
f 5874 5875 5871
f 395 5670 5730
f 5670 1472 5878
f 5730 5878 1488
f 5670 5878 5730
f 1472 5667 5879
f 5667 317 5218
f 5879 5218 1345
f 5667 5218 5879
f 1488 5880 5724
f 5880 1345 5215
f 5724 5215 328
f 5880 5215 5724
f 1472 5879 5878
f 5879 1345 5880
f 5878 5880 1488
f 5879 5880 5878
f 332 5833 5867
f 5833 1507 5881
f 5867 5881 1513
f 5833 5881 5867
f 1507 5830 5883
f 5830 333 5882
f 5883 5882 1516
f 5830 5882 5883
f 1513 5884 5870
f 5884 1516 5885
f 5870 5885 280
f 5884 5885 5870
f 1507 5883 5881
f 5883 1516 5884
f 5881 5884 1513
f 5883 5884 5881
f 273 5240 5887
f 5240 1352 5886
f 5887 5886 1518
f 5240 5886 5887
f 1352 5237 5889
f 5237 336 5888
f 5889 5888 1517
f 5237 5888 5889
f 1518 5890 5892
f 5890 1517 5891
f 5892 5891 334
f 5890 5891 5892
f 1352 5889 5886
f 5889 1517 5890
f 5886 5890 1518
f 5889 5890 5886
f 321 5893 5382
f 5893 1519 5894
f 5382 5894 1398
f 5893 5894 5382
f 1519 5895 5896
f 5895 335 5155
f 5896 5155 1324
f 5895 5155 5896
f 1398 5897 5376
f 5897 1324 5152
f 5376 5152 293
f 5897 5152 5376
f 1519 5896 5894
f 5896 1324 5897
f 5894 5897 1398
f 5896 5897 5894
f 289 5548 5407
f 5548 1446 5898
f 5407 5898 1406
f 5548 5898 5407
f 1446 5545 5899
f 5545 300 5616
f 5899 5616 1464
f 5545 5616 5899
f 1406 5900 5401
f 5900 1464 5619
f 5401 5619 314
f 5900 5619 5401
f 1446 5899 5898
f 5899 1464 5900
f 5898 5900 1406
f 5899 5900 5898
f 309 5901 5810
f 5901 1520 5902
f 5810 5902 1503
f 5901 5902 5810
f 1520 5903 5904
f 5903 335 5895
f 5904 5895 1519
f 5903 5895 5904
f 1503 5905 5813
f 5905 1519 5893
f 5813 5893 321
f 5905 5893 5813
f 1520 5904 5902
f 5904 1519 5905
f 5902 5905 1503
f 5904 5905 5902
f 334 5891 5907
f 5891 1517 5906
f 5907 5906 1521
f 5891 5906 5907
f 1517 5888 5908
f 5888 336 5733
f 5908 5733 1490
f 5888 5733 5908
f 1521 5909 5910
f 5909 1490 5737
f 5910 5737 279
f 5909 5737 5910
f 1517 5908 5906
f 5908 1490 5909
f 5906 5909 1521
f 5908 5909 5906
f 318 5734 5143
f 5734 1489 5911
f 5143 5911 1321
f 5734 5911 5143
f 1489 5731 5912
f 5731 336 5558
f 5912 5558 1450
f 5731 5558 5912
f 1321 5913 5146
f 5913 1450 5561
f 5146 5561 310
f 5913 5561 5146
f 1489 5912 5911
f 5912 1450 5913
f 5911 5913 1321
f 5912 5913 5911
f 309 5402 5901
f 5402 1404 5914
f 5901 5914 1520
f 5402 5914 5901
f 1404 5399 5915
f 5399 314 5694
f 5915 5694 1479
f 5399 5694 5915
f 1520 5916 5903
f 5916 1479 5691
f 5903 5691 335
f 5916 5691 5903
f 1404 5915 5914
f 5915 1479 5916
f 5914 5916 1520
f 5915 5916 5914
f 117 5917 5919
f 5917 1522 5918
f 5919 5918 1524
f 5917 5918 5919
f 1522 5920 5922
f 5920 357 5921
f 5922 5921 1523
f 5920 5921 5922
f 1524 5923 5925
f 5923 1523 5924
f 5925 5924 346
f 5923 5924 5925
f 1522 5922 5918
f 5922 1523 5923
f 5918 5923 1524
f 5922 5923 5918
f 367 5926 5928
f 5926 1525 5927
f 5928 5927 1527
f 5926 5927 5928
f 1525 5929 5931
f 5929 368 5930
f 5931 5930 1526
f 5929 5930 5931
f 1527 5932 5934
f 5932 1526 5933
f 5934 5933 376
f 5932 5933 5934
f 1525 5931 5927
f 5931 1526 5932
f 5927 5932 1527
f 5931 5932 5927
f 359 5935 5937
f 5935 1528 5936
f 5937 5936 1530
f 5935 5936 5937
f 1528 5938 5940
f 5938 390 5939
f 5940 5939 1529
f 5938 5939 5940
f 1530 5941 5943
f 5941 1529 5942
f 5943 5942 355
f 5941 5942 5943
f 1528 5940 5936
f 5940 1529 5941
f 5936 5941 1530
f 5940 5941 5936
f 280 5944 5946
f 5944 1531 5945
f 5946 5945 1533
f 5944 5945 5946
f 1531 5947 5949
f 5947 380 5948
f 5949 5948 1532
f 5947 5948 5949
f 1533 5950 5952
f 5950 1532 5951
f 5952 5951 373
f 5950 5951 5952
f 1531 5949 5945
f 5949 1532 5950
f 5945 5950 1533
f 5949 5950 5945
f 345 5953 5955
f 5953 1534 5954
f 5955 5954 1536
f 5953 5954 5955
f 1534 5956 5958
f 5956 369 5957
f 5958 5957 1535
f 5956 5957 5958
f 1536 5959 5961
f 5959 1535 5960
f 5961 5960 349
f 5959 5960 5961
f 1534 5958 5954
f 5958 1535 5959
f 5954 5959 1536
f 5958 5959 5954
f 340 5962 5964
f 5962 1537 5963
f 5964 5963 1539
f 5962 5963 5964
f 1537 5965 5967
f 5965 367 5966
f 5967 5966 1538
f 5965 5966 5967
f 1539 5968 5970
f 5968 1538 5969
f 5970 5969 344
f 5968 5969 5970
f 1537 5967 5963
f 5967 1538 5968
f 5963 5968 1539
f 5967 5968 5963
f 350 5971 5973
f 5971 1540 5972
f 5973 5972 1542
f 5971 5972 5973
f 1540 5974 5976
f 5974 347 5975
f 5976 5975 1541
f 5974 5975 5976
f 1542 5977 5979
f 5977 1541 5978
f 5979 5978 362
f 5977 5978 5979
f 1540 5976 5972
f 5976 1541 5977
f 5972 5977 1542
f 5976 5977 5972
f 307 5204 5981
f 5204 1340 5980
f 5981 5980 1544
f 5204 5980 5981
f 1340 5201 5983
f 5201 278 5982
f 5983 5982 1543
f 5201 5982 5983
f 1544 5984 5986
f 5984 1543 5985
f 5986 5985 377
f 5984 5985 5986
f 1340 5983 5980
f 5983 1543 5984
f 5980 5984 1544
f 5983 5984 5980
f 341 5987 5989
f 5987 1545 5988
f 5989 5988 1547
f 5987 5988 5989
f 1545 5990 5992
f 5990 337 5991
f 5992 5991 1546
f 5990 5991 5992
f 1547 5993 5995
f 5993 1546 5994
f 5995 5994 353
f 5993 5994 5995
f 1545 5992 5988
f 5992 1546 5993
f 5988 5993 1547
f 5992 5993 5988
f 370 5996 5998
f 5996 1548 5997
f 5998 5997 1550
f 5996 5997 5998
f 1548 5999 6001
f 5999 375 6000
f 6001 6000 1549
f 5999 6000 6001
f 1550 6002 6004
f 6002 1549 6003
f 6004 6003 384
f 6002 6003 6004
f 1548 6001 5997
f 6001 1549 6002
f 5997 6002 1550
f 6001 6002 5997
f 349 6005 6007
f 6005 1551 6006
f 6007 6006 1553
f 6005 6006 6007
f 1551 6008 6010
f 6008 342 6009
f 6010 6009 1552
f 6008 6009 6010
f 1553 6011 6013
f 6011 1552 6012
f 6013 6012 346
f 6011 6012 6013
f 1551 6010 6006
f 6010 1552 6011
f 6006 6011 1553
f 6010 6011 6006
f 338 6014 6016
f 6014 1554 6015
f 6016 6015 1556
f 6014 6015 6016
f 1554 6017 6019
f 6017 391 6018
f 6019 6018 1555
f 6017 6018 6019
f 1556 6020 6022
f 6020 1555 6021
f 6022 6021 361
f 6020 6021 6022
f 1554 6019 6015
f 6019 1555 6020
f 6015 6020 1556
f 6019 6020 6015
f 386 6023 6025
f 6023 1557 6024
f 6025 6024 1559
f 6023 6024 6025
f 1557 6026 6028
f 6026 351 6027
f 6028 6027 1558
f 6026 6027 6028
f 1559 6029 6031
f 6029 1558 6030
f 6031 6030 379
f 6029 6030 6031
f 1557 6028 6024
f 6028 1558 6029
f 6024 6029 1559
f 6028 6029 6024
f 365 6032 6034
f 6032 1560 6033
f 6034 6033 1562
f 6032 6033 6034
f 1560 6035 6037
f 6035 364 6036
f 6037 6036 1561
f 6035 6036 6037
f 1562 6038 6040
f 6038 1561 6039
f 6040 6039 382
f 6038 6039 6040
f 1560 6037 6033
f 6037 1561 6038
f 6033 6038 1562
f 6037 6038 6033
f 356 6041 6043
f 6041 1563 6042
f 6043 6042 1565
f 6041 6042 6043
f 1563 6044 6046
f 6044 377 6045
f 6046 6045 1564
f 6044 6045 6046
f 1565 6047 6049
f 6047 1564 6048
f 6049 6048 360
f 6047 6048 6049
f 1563 6046 6042
f 6046 1564 6047
f 6042 6047 1565
f 6046 6047 6042
f 361 6050 6052
f 6050 1566 6051
f 6052 6051 1568
f 6050 6051 6052
f 1566 6053 6055
f 6053 349 6054
f 6055 6054 1567
f 6053 6054 6055
f 1568 6056 6058
f 6056 1567 6057
f 6058 6057 353
f 6056 6057 6058
f 1566 6055 6051
f 6055 1567 6056
f 6051 6056 1568
f 6055 6056 6051
f 342 6059 6061
f 6059 1569 6060
f 6061 6060 1571
f 6059 6060 6061
f 1569 6062 6064
f 6062 369 6063
f 6064 6063 1570
f 6062 6063 6064
f 1571 6065 6067
f 6065 1570 6066
f 6067 6066 379
f 6065 6066 6067
f 1569 6064 6060
f 6064 1570 6065
f 6060 6065 1571
f 6064 6065 6060
f 353 6068 5995
f 6068 1572 6069
f 5995 6069 1547
f 6068 6069 5995
f 1572 6070 6072
f 6070 357 6071
f 6072 6071 1573
f 6070 6071 6072
f 1547 6073 5989
f 6073 1573 6074
f 5989 6074 341
f 6073 6074 5989
f 1572 6072 6069
f 6072 1573 6073
f 6069 6073 1547
f 6072 6073 6069
f 90 3022 6076
f 3022 795 6075
f 6076 6075 1575
f 3022 6075 6076
f 795 3019 6078
f 3019 103 6077
f 6078 6077 1574
f 3019 6077 6078
f 1575 6079 6081
f 6079 1574 6080
f 6081 6080 342
f 6079 6080 6081
f 795 6078 6075
f 6078 1574 6079
f 6075 6079 1575
f 6078 6079 6075
f 339 6082 6084
f 6082 1576 6083
f 6084 6083 1577
f 6082 6083 6084
f 1576 6085 6086
f 6085 347 5974
f 6086 5974 1540
f 6085 5974 6086
f 1577 6087 6088
f 6087 1540 5971
f 6088 5971 350
f 6087 5971 6088
f 1576 6086 6083
f 6086 1540 6087
f 6083 6087 1577
f 6086 6087 6083
f 359 5937 6090
f 5937 1530 6089
f 6090 6089 1579
f 5937 6089 6090
f 1530 5943 6092
f 5943 355 6091
f 6092 6091 1578
f 5943 6091 6092
f 1579 6093 6095
f 6093 1578 6094
f 6095 6094 370
f 6093 6094 6095
f 1530 6092 6089
f 6092 1578 6093
f 6089 6093 1579
f 6092 6093 6089
f 365 6096 6098
f 6096 1580 6097
f 6098 6097 1582
f 6096 6097 6098
f 1580 6099 6101
f 6099 375 6100
f 6101 6100 1581
f 6099 6100 6101
f 1582 6102 6104
f 6102 1581 6103
f 6104 6103 348
f 6102 6103 6104
f 1580 6101 6097
f 6101 1581 6102
f 6097 6102 1582
f 6101 6102 6097
f 345 6105 5953
f 6105 1583 6106
f 5953 6106 1534
f 6105 6106 5953
f 1583 6107 6109
f 6107 368 6108
f 6109 6108 1584
f 6107 6108 6109
f 1534 6110 5956
f 6110 1584 6111
f 5956 6111 369
f 6110 6111 5956
f 1583 6109 6106
f 6109 1584 6110
f 6106 6110 1534
f 6109 6110 6106
f 117 5919 3060
f 5919 1524 6112
f 3060 6112 807
f 5919 6112 3060
f 1524 5925 6114
f 5925 346 6113
f 6114 6113 1585
f 5925 6113 6114
f 807 6115 3056
f 6115 1585 6116
f 3056 6116 103
f 6115 6116 3056
f 1524 6114 6112
f 6114 1585 6115
f 6112 6115 807
f 6114 6115 6112
f 327 6117 6119
f 6117 1586 6118
f 6119 6118 1588
f 6117 6118 6119
f 1586 6120 6122
f 6120 100 6121
f 6122 6121 1587
f 6120 6121 6122
f 1588 6123 6125
f 6123 1587 6124
f 6125 6124 388
f 6123 6124 6125
f 1586 6122 6118
f 6122 1587 6123
f 6118 6123 1588
f 6122 6123 6118
f 350 6126 6128
f 6126 1589 6127
f 6128 6127 1590
f 6126 6127 6128
f 1589 6129 6130
f 6129 344 5969
f 6130 5969 1538
f 6129 5969 6130
f 1590 6131 6132
f 6131 1538 5966
f 6132 5966 367
f 6131 5966 6132
f 1589 6130 6127
f 6130 1538 6131
f 6127 6131 1590
f 6130 6131 6127
f 270 6133 6135
f 6133 1591 6134
f 6135 6134 1593
f 6133 6134 6135
f 1591 6136 6138
f 6136 358 6137
f 6138 6137 1592
f 6136 6137 6138
f 1593 6139 6141
f 6139 1592 6140
f 6141 6140 387
f 6139 6140 6141
f 1591 6138 6134
f 6138 1592 6139
f 6134 6139 1593
f 6138 6139 6134
f 362 6142 6144
f 6142 1594 6143
f 6144 6143 1596
f 6142 6143 6144
f 1594 6145 6147
f 6145 358 6146
f 6147 6146 1595
f 6145 6146 6147
f 1596 6148 6150
f 6148 1595 6149
f 6150 6149 352
f 6148 6149 6150
f 1594 6147 6143
f 6147 1595 6148
f 6143 6148 1596
f 6147 6148 6143
f 378 6151 6153
f 6151 1597 6152
f 6153 6152 1599
f 6151 6152 6153
f 1597 6154 6156
f 6154 348 6155
f 6156 6155 1598
f 6154 6155 6156
f 1599 6157 6159
f 6157 1598 6158
f 6159 6158 355
f 6157 6158 6159
f 1597 6156 6152
f 6156 1598 6157
f 6152 6157 1599
f 6156 6157 6152
f 354 6160 6162
f 6160 1600 6161
f 6162 6161 1601
f 6160 6161 6162
f 1600 6163 6164
f 6163 369 6111
f 6164 6111 1584
f 6163 6111 6164
f 1601 6165 6166
f 6165 1584 6108
f 6166 6108 368
f 6165 6108 6166
f 1600 6164 6161
f 6164 1584 6165
f 6161 6165 1601
f 6164 6165 6161
f 343 6167 6169
f 6167 1602 6168
f 6169 6168 1604
f 6167 6168 6169
f 1602 6170 6172
f 6170 339 6171
f 6172 6171 1603
f 6170 6171 6172
f 1604 6173 6175
f 6173 1603 6174
f 6175 6174 376
f 6173 6174 6175
f 1602 6172 6168
f 6172 1603 6173
f 6168 6173 1604
f 6172 6173 6168
f 289 5406 6177
f 5406 1405 6176
f 6177 6176 1606
f 5406 6176 6177
f 1405 5403 6179
f 5403 309 6178
f 6179 6178 1605
f 5403 6178 6179
f 1606 6180 6182
f 6180 1605 6181
f 6182 6181 372
f 6180 6181 6182
f 1405 6179 6176
f 6179 1605 6180
f 6176 6180 1606
f 6179 6180 6176
f 352 6183 6185
f 6183 1607 6184
f 6185 6184 1609
f 6183 6184 6185
f 1607 6186 6188
f 6186 377 6187
f 6188 6187 1608
f 6186 6187 6188
f 1609 6189 6191
f 6189 1608 6190
f 6191 6190 344
f 6189 6190 6191
f 1607 6188 6184
f 6188 1608 6189
f 6184 6189 1609
f 6188 6189 6184
f 352 6149 6193
f 6149 1595 6192
f 6193 6192 1611
f 6149 6192 6193
f 1595 6146 6195
f 6146 358 6194
f 6195 6194 1610
f 6146 6194 6195
f 1611 6196 6198
f 6196 1610 6197
f 6198 6197 297
f 6196 6197 6198
f 1595 6195 6192
f 6195 1610 6196
f 6192 6196 1611
f 6195 6196 6192
f 81 6199 6201
f 6199 1612 6200
f 6201 6200 1613
f 6199 6200 6201
f 1612 6202 6203
f 6202 341 6074
f 6203 6074 1573
f 6202 6074 6203
f 1613 6204 6205
f 6204 1573 6071
f 6205 6071 357
f 6204 6071 6205
f 1612 6203 6200
f 6203 1573 6204
f 6200 6204 1613
f 6203 6204 6200
f 361 6021 6207
f 6021 1555 6206
f 6207 6206 1615
f 6021 6206 6207
f 1555 6018 6209
f 6018 391 6208
f 6209 6208 1614
f 6018 6208 6209
f 1615 6210 6212
f 6210 1614 6211
f 6212 6211 345
f 6210 6211 6212
f 1555 6209 6206
f 6209 1614 6210
f 6206 6210 1615
f 6209 6210 6206
f 360 6213 6049
f 6213 1616 6214
f 6049 6214 1565
f 6213 6214 6049
f 1616 6215 6217
f 6215 366 6216
f 6217 6216 1617
f 6215 6216 6217
f 1565 6218 6043
f 6218 1617 6219
f 6043 6219 356
f 6218 6219 6043
f 1616 6217 6214
f 6217 1617 6218
f 6214 6218 1565
f 6217 6218 6214
f 370 5998 6221
f 5998 1550 6220
f 6221 6220 1619
f 5998 6220 6221
f 1550 6004 6223
f 6004 384 6222
f 6223 6222 1618
f 6004 6222 6223
f 1619 6224 6226
f 6224 1618 6225
f 6226 6225 351
f 6224 6225 6226
f 1550 6223 6220
f 6223 1618 6224
f 6220 6224 1619
f 6223 6224 6220
f 348 6227 6104
f 6227 1620 6228
f 6104 6228 1582
f 6227 6228 6104
f 1620 6229 6231
f 6229 371 6230
f 6231 6230 1621
f 6229 6230 6231
f 1582 6232 6098
f 6232 1621 6233
f 6098 6233 365
f 6232 6233 6098
f 1620 6231 6228
f 6231 1621 6232
f 6228 6232 1582
f 6231 6232 6228
f 364 6234 6236
f 6234 1622 6235
f 6236 6235 1623
f 6234 6235 6236
f 1622 6237 6238
f 6237 127 3181
f 6238 3181 844
f 6237 3181 6238
f 1623 6239 6240
f 6239 844 3178
f 6240 3178 92
f 6239 3178 6240
f 1622 6238 6235
f 6238 844 6239
f 6235 6239 1623
f 6238 6239 6235
f 297 5474 6198
f 5474 1426 6241
f 6198 6241 1611
f 5474 6241 6198
f 1426 5471 6243
f 5471 307 6242
f 6243 6242 1624
f 5471 6242 6243
f 1611 6244 6193
f 6244 1624 6245
f 6193 6245 352
f 6244 6245 6193
f 1426 6243 6241
f 6243 1624 6244
f 6241 6244 1611
f 6243 6244 6241
f 344 6246 5970
f 6246 1625 6247
f 5970 6247 1539
f 6246 6247 5970
f 1625 6248 6250
f 6248 356 6249
f 6250 6249 1626
f 6248 6249 6250
f 1539 6251 5964
f 6251 1626 6252
f 5964 6252 340
f 6251 6252 5964
f 1625 6250 6247
f 6250 1626 6251
f 6247 6251 1539
f 6250 6251 6247
f 81 6201 3203
f 6201 1613 6253
f 3203 6253 850
f 6201 6253 3203
f 1613 6205 6254
f 6205 357 5920
f 6254 5920 1522
f 6205 5920 6254
f 850 6255 3200
f 6255 1522 5917
f 3200 5917 117
f 6255 5917 3200
f 1613 6254 6253
f 6254 1522 6255
f 6253 6255 850
f 6254 6255 6253
f 357 6070 5921
f 6070 1572 6256
f 5921 6256 1523
f 6070 6256 5921
f 1572 6068 6258
f 6068 353 6257
f 6258 6257 1627
f 6068 6257 6258
f 1523 6259 5924
f 6259 1627 6260
f 5924 6260 346
f 6259 6260 5924
f 1572 6258 6256
f 6258 1627 6259
f 6256 6259 1523
f 6258 6259 6256
f 350 5973 6126
f 5973 1542 6261
f 6126 6261 1589
f 5973 6261 6126
f 1542 5979 6263
f 5979 362 6262
f 6263 6262 1628
f 5979 6262 6263
f 1589 6264 6129
f 6264 1628 6265
f 6129 6265 344
f 6264 6265 6129
f 1542 6263 6261
f 6263 1628 6264
f 6261 6264 1589
f 6263 6264 6261
f 270 5501 6133
f 5501 1432 6266
f 6133 6266 1591
f 5501 6266 6133
f 1432 5498 6267
f 5498 297 6197
f 6267 6197 1610
f 5498 6197 6267
f 1591 6268 6136
f 6268 1610 6194
f 6136 6194 358
f 6268 6194 6136
f 1432 6267 6266
f 6267 1610 6268
f 6266 6268 1591
f 6267 6268 6266
f 366 6269 6271
f 6269 1629 6270
f 6271 6270 1631
f 6269 6270 6271
f 1629 6272 6274
f 6272 372 6273
f 6274 6273 1630
f 6272 6273 6274
f 1631 6275 6277
f 6275 1630 6276
f 6277 6276 383
f 6275 6276 6277
f 1629 6274 6270
f 6274 1630 6275
f 6270 6275 1631
f 6274 6275 6270
f 359 6278 6280
f 6278 1632 6279
f 6280 6279 1633
f 6278 6279 6280
f 1632 6281 6282
f 6281 351 6026
f 6282 6026 1557
f 6281 6026 6282
f 1633 6283 6284
f 6283 1557 6023
f 6284 6023 386
f 6283 6023 6284
f 1632 6282 6279
f 6282 1557 6283
f 6279 6283 1633
f 6282 6283 6279
f 92 6285 6240
f 6285 1634 6286
f 6240 6286 1623
f 6285 6286 6240
f 1634 6287 6288
f 6287 382 6039
f 6288 6039 1561
f 6287 6039 6288
f 1623 6289 6236
f 6289 1561 6036
f 6236 6036 364
f 6289 6036 6236
f 1634 6288 6286
f 6288 1561 6289
f 6286 6289 1623
f 6288 6289 6286
f 299 6290 6292
f 6290 1635 6291
f 6292 6291 1637
f 6290 6291 6292
f 1635 6293 6295
f 6293 373 6294
f 6295 6294 1636
f 6293 6294 6295
f 1637 6296 6298
f 6296 1636 6297
f 6298 6297 371
f 6296 6297 6298
f 1635 6295 6291
f 6295 1636 6296
f 6291 6296 1637
f 6295 6296 6291
f 374 6299 6301
f 6299 1638 6300
f 6301 6300 1640
f 6299 6300 6301
f 1638 6302 6304
f 6302 340 6303
f 6304 6303 1639
f 6302 6303 6304
f 1640 6305 6307
f 6305 1639 6306
f 6307 6306 366
f 6305 6306 6307
f 1638 6304 6300
f 6304 1639 6305
f 6300 6305 1640
f 6304 6305 6300
f 289 6308 5549
f 6308 1641 6309
f 5549 6309 1447
f 6308 6309 5549
f 1641 6310 6312
f 6310 360 6311
f 6312 6311 1642
f 6310 6311 6312
f 1447 6313 5543
f 6313 1642 6314
f 5543 6314 278
f 6313 6314 5543
f 1641 6312 6309
f 6312 1642 6313
f 6309 6313 1447
f 6312 6313 6309
f 361 6315 6022
f 6315 1643 6316
f 6022 6316 1556
f 6315 6316 6022
f 1643 6317 6319
f 6317 337 6318
f 6319 6318 1644
f 6317 6318 6319
f 1556 6320 6016
f 6320 1644 6321
f 6016 6321 338
f 6320 6321 6016
f 1643 6319 6316
f 6319 1644 6320
f 6316 6320 1556
f 6319 6320 6316
f 368 6107 6323
f 6107 1583 6322
f 6323 6322 1645
f 6107 6322 6323
f 1583 6105 6324
f 6105 345 6211
f 6324 6211 1614
f 6105 6211 6324
f 1645 6325 6326
f 6325 1614 6208
f 6326 6208 391
f 6325 6208 6326
f 1583 6324 6322
f 6324 1614 6325
f 6322 6325 1645
f 6324 6325 6322
f 362 6327 6142
f 6327 1646 6328
f 6142 6328 1594
f 6327 6328 6142
f 1646 6329 6330
f 6329 387 6140
f 6330 6140 1592
f 6329 6140 6330
f 1594 6331 6145
f 6331 1592 6137
f 6145 6137 358
f 6331 6137 6145
f 1646 6330 6328
f 6330 1592 6331
f 6328 6331 1594
f 6330 6331 6328
f 90 6076 6333
f 6076 1575 6332
f 6333 6332 1648
f 6076 6332 6333
f 1575 6081 6335
f 6081 342 6334
f 6335 6334 1647
f 6081 6334 6335
f 1648 6336 6338
f 6336 1647 6337
f 6338 6337 385
f 6336 6337 6338
f 1575 6335 6332
f 6335 1647 6336
f 6332 6336 1648
f 6335 6336 6332
f 364 6339 6341
f 6339 1649 6340
f 6341 6340 1650
f 6339 6340 6341
f 1649 6342 6343
f 6342 373 5951
f 6343 5951 1532
f 6342 5951 6343
f 1650 6344 6345
f 6344 1532 5948
f 6345 5948 380
f 6344 5948 6345
f 1649 6343 6340
f 6343 1532 6344
f 6340 6344 1650
f 6343 6344 6340
f 364 6341 6234
f 6341 1650 6346
f 6234 6346 1622
f 6341 6346 6234
f 1650 6345 6348
f 6345 380 6347
f 6348 6347 1651
f 6345 6347 6348
f 1622 6349 6237
f 6349 1651 6350
f 6237 6350 127
f 6349 6350 6237
f 1650 6348 6346
f 6348 1651 6349
f 6346 6349 1622
f 6348 6349 6346
f 363 6351 6353
f 6351 1652 6352
f 6353 6352 1653
f 6351 6352 6353
f 1652 6354 6355
f 6354 379 6030
f 6355 6030 1558
f 6354 6030 6355
f 1653 6356 6357
f 6356 1558 6027
f 6357 6027 351
f 6356 6027 6357
f 1652 6355 6352
f 6355 1558 6356
f 6352 6356 1653
f 6355 6356 6352
f 386 6358 6360
f 6358 1654 6359
f 6360 6359 1656
f 6358 6359 6360
f 1654 6361 6363
f 6361 381 6362
f 6363 6362 1655
f 6361 6362 6363
f 1656 6364 6366
f 6364 1655 6365
f 6366 6365 374
f 6364 6365 6366
f 1654 6363 6359
f 6363 1655 6364
f 6359 6364 1656
f 6363 6364 6359
f 370 6367 5996
f 6367 1657 6368
f 5996 6368 1548
f 6367 6368 5996
f 1657 6369 6370
f 6369 348 6103
f 6370 6103 1581
f 6369 6103 6370
f 1548 6371 5999
f 6371 1581 6100
f 5999 6100 375
f 6371 6100 5999
f 1657 6370 6368
f 6370 1581 6371
f 6368 6371 1548
f 6370 6371 6368
f 365 6233 6373
f 6233 1621 6372
f 6373 6372 1658
f 6233 6372 6373
f 1621 6230 6374
f 6230 371 6297
f 6374 6297 1636
f 6230 6297 6374
f 1658 6375 6376
f 6375 1636 6294
f 6376 6294 373
f 6375 6294 6376
f 1621 6374 6372
f 6374 1636 6375
f 6372 6375 1658
f 6374 6375 6372
f 356 6219 6249
f 6219 1617 6377
f 6249 6377 1626
f 6219 6377 6249
f 1617 6216 6378
f 6216 366 6306
f 6378 6306 1639
f 6216 6306 6378
f 1626 6379 6252
f 6379 1639 6303
f 6252 6303 340
f 6379 6303 6252
f 1617 6378 6377
f 6378 1639 6379
f 6377 6379 1626
f 6378 6379 6377
f 372 6272 6381
f 6272 1629 6380
f 6381 6380 1659
f 6272 6380 6381
f 1629 6269 6382
f 6269 366 6215
f 6382 6215 1616
f 6269 6215 6382
f 1659 6383 6384
f 6383 1616 6213
f 6384 6213 360
f 6383 6213 6384
f 1629 6382 6380
f 6382 1616 6383
f 6380 6383 1659
f 6382 6383 6380
f 356 6248 6041
f 6248 1625 6385
f 6041 6385 1563
f 6248 6385 6041
f 1625 6246 6386
f 6246 344 6190
f 6386 6190 1608
f 6246 6190 6386
f 1563 6387 6044
f 6387 1608 6187
f 6044 6187 377
f 6387 6187 6044
f 1625 6386 6385
f 6386 1608 6387
f 6385 6387 1563
f 6386 6387 6385
f 340 6388 5962
f 6388 1660 6389
f 5962 6389 1537
f 6388 6389 5962
f 1660 6390 6392
f 6390 354 6391
f 6392 6391 1661
f 6390 6391 6392
f 1537 6393 5965
f 6393 1661 6394
f 5965 6394 367
f 6393 6394 5965
f 1660 6392 6389
f 6392 1661 6393
f 6389 6393 1537
f 6392 6393 6389
f 367 5928 6132
f 5928 1527 6395
f 6132 6395 1590
f 5928 6395 6132
f 1527 5934 6397
f 5934 376 6396
f 6397 6396 1662
f 5934 6396 6397
f 1590 6398 6128
f 6398 1662 6399
f 6128 6399 350
f 6398 6399 6128
f 1527 6397 6395
f 6397 1662 6398
f 6395 6398 1590
f 6397 6398 6395
f 103 6116 6077
f 6116 1585 6400
f 6077 6400 1574
f 6116 6400 6077
f 1585 6113 6401
f 6113 346 6012
f 6401 6012 1552
f 6113 6012 6401
f 1574 6402 6080
f 6402 1552 6009
f 6080 6009 342
f 6402 6009 6080
f 1585 6401 6400
f 6401 1552 6402
f 6400 6402 1574
f 6401 6402 6400
f 344 6265 6191
f 6265 1628 6403
f 6191 6403 1609
f 6265 6403 6191
f 1628 6262 6404
f 6262 362 6144
f 6404 6144 1596
f 6262 6144 6404
f 1609 6405 6185
f 6405 1596 6150
f 6185 6150 352
f 6405 6150 6185
f 1628 6404 6403
f 6404 1596 6405
f 6403 6405 1609
f 6404 6405 6403
f 337 6317 5991
f 6317 1643 6406
f 5991 6406 1546
f 6317 6406 5991
f 1643 6315 6407
f 6315 361 6052
f 6407 6052 1568
f 6315 6052 6407
f 1546 6408 5994
f 6408 1568 6058
f 5994 6058 353
f 6408 6058 5994
f 1643 6407 6406
f 6407 1568 6408
f 6406 6408 1546
f 6407 6408 6406
f 90 6333 3363
f 6333 1648 6409
f 3363 6409 888
f 6333 6409 3363
f 1648 6338 6411
f 6338 385 6410
f 6411 6410 1663
f 6338 6410 6411
f 888 6412 3359
f 6412 1663 6413
f 3359 6413 106
f 6412 6413 3359
f 1648 6411 6409
f 6411 1663 6412
f 6409 6412 888
f 6411 6412 6409
f 368 5929 6166
f 5929 1525 6414
f 6166 6414 1601
f 5929 6414 6166
f 1525 5926 6415
f 5926 367 6394
f 6415 6394 1661
f 5926 6394 6415
f 1601 6416 6162
f 6416 1661 6391
f 6162 6391 354
f 6416 6391 6162
f 1525 6415 6414
f 6415 1661 6416
f 6414 6416 1601
f 6415 6416 6414
f 349 5960 6005
f 5960 1535 6417
f 6005 6417 1551
f 5960 6417 6005
f 1535 5957 6418
f 5957 369 6062
f 6418 6062 1569
f 5957 6062 6418
f 1551 6419 6008
f 6419 1569 6059
f 6008 6059 342
f 6419 6059 6008
f 1535 6418 6417
f 6418 1569 6419
f 6417 6419 1551
f 6418 6419 6417
f 354 6420 6422
f 6420 1664 6421
f 6422 6421 1665
f 6420 6421 6422
f 1664 6423 6424
f 6423 374 6365
f 6424 6365 1655
f 6423 6365 6424
f 1665 6425 6426
f 6425 1655 6362
f 6426 6362 381
f 6425 6362 6426
f 1664 6424 6421
f 6424 1655 6425
f 6421 6425 1665
f 6424 6425 6421
f 359 6090 6278
f 6090 1579 6427
f 6278 6427 1632
f 6090 6427 6278
f 1579 6095 6428
f 6095 370 6221
f 6428 6221 1619
f 6095 6221 6428
f 1632 6429 6281
f 6429 1619 6226
f 6281 6226 351
f 6429 6226 6281
f 1579 6428 6427
f 6428 1619 6429
f 6427 6429 1632
f 6428 6429 6427
f 111 3387 6431
f 3387 892 6430
f 6431 6430 1667
f 3387 6430 6431
f 892 3384 6433
f 3384 82 6432
f 6433 6432 1666
f 3384 6432 6433
f 1667 6434 6436
f 6434 1666 6435
f 6436 6435 375
f 6434 6435 6436
f 892 6433 6430
f 6433 1666 6434
f 6430 6434 1667
f 6433 6434 6430
f 299 6292 5682
f 6292 1637 6437
f 5682 6437 1476
f 6292 6437 5682
f 1637 6298 6439
f 6298 371 6438
f 6439 6438 1668
f 6298 6438 6439
f 1476 6440 5678
f 6440 1668 6441
f 5678 6441 271
f 6440 6441 5678
f 1637 6439 6437
f 6439 1668 6440
f 6437 6440 1476
f 6439 6440 6437
f 371 6229 6443
f 6229 1620 6442
f 6443 6442 1669
f 6229 6442 6443
f 1620 6227 6444
f 6227 348 6154
f 6444 6154 1597
f 6227 6154 6444
f 1669 6445 6446
f 6445 1597 6151
f 6446 6151 378
f 6445 6151 6446
f 1620 6444 6442
f 6444 1597 6445
f 6442 6445 1669
f 6444 6445 6442
f 372 6447 6273
f 6447 1670 6448
f 6273 6448 1630
f 6447 6448 6273
f 1670 6449 6451
f 6449 390 6450
f 6451 6450 1671
f 6449 6450 6451
f 1630 6452 6276
f 6452 1671 6453
f 6276 6453 383
f 6452 6453 6276
f 1670 6451 6448
f 6451 1671 6452
f 6448 6452 1630
f 6451 6452 6448
f 373 6342 6376
f 6342 1649 6454
f 6376 6454 1658
f 6342 6454 6376
f 1649 6339 6455
f 6339 364 6035
f 6455 6035 1560
f 6339 6035 6455
f 1658 6456 6373
f 6456 1560 6032
f 6373 6032 365
f 6456 6032 6373
f 1649 6455 6454
f 6455 1560 6456
f 6454 6456 1658
f 6455 6456 6454
f 280 5946 5704
f 5946 1533 6457
f 5704 6457 1481
f 5946 6457 5704
f 1533 5952 6459
f 5952 373 6458
f 6459 6458 1672
f 5952 6458 6459
f 1481 6460 5700
f 6460 1672 6461
f 5700 6461 319
f 6460 6461 5700
f 1533 6459 6457
f 6459 1672 6460
f 6457 6460 1481
f 6459 6460 6457
f 340 6302 6388
f 6302 1638 6462
f 6388 6462 1660
f 6302 6462 6388
f 1638 6299 6463
f 6299 374 6423
f 6463 6423 1664
f 6299 6423 6463
f 1660 6464 6390
f 6464 1664 6420
f 6390 6420 354
f 6464 6420 6390
f 1638 6463 6462
f 6463 1664 6464
f 6462 6464 1660
f 6463 6464 6462
f 383 6465 6467
f 6465 1673 6466
f 6467 6466 1674
f 6465 6466 6467
f 1673 6468 6469
f 6468 359 6280
f 6469 6280 1633
f 6468 6280 6469
f 1674 6470 6471
f 6470 1633 6284
f 6471 6284 386
f 6470 6284 6471
f 1673 6469 6466
f 6469 1633 6470
f 6466 6470 1674
f 6469 6470 6466
f 375 6472 6436
f 6472 1675 6473
f 6436 6473 1667
f 6472 6473 6436
f 1675 6474 6476
f 6474 382 6475
f 6476 6475 1676
f 6474 6475 6476
f 1667 6477 6431
f 6477 1676 6478
f 6431 6478 111
f 6477 6478 6431
f 1675 6476 6473
f 6476 1676 6477
f 6473 6477 1667
f 6476 6477 6473
f 82 3438 6480
f 3438 904 6479
f 6480 6479 1678
f 3438 6479 6480
f 904 3435 6482
f 3435 138 6481
f 6482 6481 1677
f 3435 6481 6482
f 1678 6483 6485
f 6483 1677 6484
f 6485 6484 384
f 6483 6484 6485
f 904 6482 6479
f 6482 1677 6483
f 6479 6483 1678
f 6482 6483 6479
f 343 6169 6487
f 6169 1604 6486
f 6487 6486 1680
f 6169 6486 6487
f 1604 6175 6489
f 6175 376 6488
f 6489 6488 1679
f 6175 6488 6489
f 1680 6490 6492
f 6490 1679 6491
f 6492 6491 391
f 6490 6491 6492
f 1604 6489 6486
f 6489 1679 6490
f 6486 6490 1680
f 6489 6490 6486
f 350 6399 6088
f 6399 1662 6493
f 6088 6493 1577
f 6399 6493 6088
f 1662 6396 6494
f 6396 376 6174
f 6494 6174 1603
f 6396 6174 6494
f 1577 6495 6084
f 6495 1603 6171
f 6084 6171 339
f 6495 6171 6084
f 1662 6494 6493
f 6494 1603 6495
f 6493 6495 1577
f 6494 6495 6493
f 299 5745 6290
f 5745 1491 6496
f 6290 6496 1635
f 5745 6496 6290
f 1491 5742 6497
f 5742 319 6461
f 6497 6461 1672
f 5742 6461 6497
f 1635 6498 6293
f 6498 1672 6458
f 6293 6458 373
f 6498 6458 6293
f 1491 6497 6496
f 6497 1672 6498
f 6496 6498 1635
f 6497 6498 6496
f 360 6048 6311
f 6048 1564 6499
f 6311 6499 1642
f 6048 6499 6311
f 1564 6045 6500
f 6045 377 5985
f 6500 5985 1543
f 6045 5985 6500
f 1642 6501 6314
f 6501 1543 5982
f 6314 5982 278
f 6501 5982 6314
f 1564 6500 6499
f 6500 1543 6501
f 6499 6501 1642
f 6500 6501 6499
f 307 5981 6242
f 5981 1544 6502
f 6242 6502 1624
f 5981 6502 6242
f 1544 5986 6503
f 5986 377 6186
f 6503 6186 1607
f 5986 6186 6503
f 1624 6504 6245
f 6504 1607 6183
f 6245 6183 352
f 6504 6183 6245
f 1544 6503 6502
f 6503 1607 6504
f 6502 6504 1624
f 6503 6504 6502
f 371 6443 6438
f 6443 1669 6505
f 6438 6505 1668
f 6443 6505 6438
f 1669 6446 6507
f 6446 378 6506
f 6507 6506 1681
f 6446 6506 6507
f 1668 6508 6441
f 6508 1681 6509
f 6441 6509 271
f 6508 6509 6441
f 1669 6507 6505
f 6507 1681 6508
f 6505 6508 1668
f 6507 6508 6505
f 370 6094 6367
f 6094 1578 6510
f 6367 6510 1657
f 6094 6510 6367
f 1578 6091 6511
f 6091 355 6158
f 6511 6158 1598
f 6091 6158 6511
f 1657 6512 6369
f 6512 1598 6155
f 6369 6155 348
f 6512 6155 6369
f 1578 6511 6510
f 6511 1598 6512
f 6510 6512 1657
f 6511 6512 6510
f 379 6354 6514
f 6354 1652 6513
f 6514 6513 1683
f 6354 6513 6514
f 1652 6351 6516
f 6351 363 6515
f 6516 6515 1682
f 6351 6515 6516
f 1683 6517 6519
f 6517 1682 6518
f 6519 6518 385
f 6517 6518 6519
f 1652 6516 6513
f 6516 1682 6517
f 6513 6517 1683
f 6516 6517 6513
f 379 6066 6521
f 6066 1570 6520
f 6521 6520 1685
f 6066 6520 6521
f 1570 6063 6523
f 6063 369 6522
f 6523 6522 1684
f 6063 6522 6523
f 1685 6524 6526
f 6524 1684 6525
f 6526 6525 381
f 6524 6525 6526
f 1570 6523 6520
f 6523 1684 6524
f 6520 6524 1685
f 6523 6524 6520
f 106 6527 3489
f 6527 1686 6528
f 3489 6528 915
f 6527 6528 3489
f 1686 6529 6531
f 6529 363 6530
f 6531 6530 1687
f 6529 6530 6531
f 915 6532 3483
f 6532 1687 6533
f 3483 6533 138
f 6532 6533 3483
f 1686 6531 6528
f 6531 1687 6532
f 6528 6532 915
f 6531 6532 6528
f 346 6260 6013
f 6260 1627 6534
f 6013 6534 1553
f 6260 6534 6013
f 1627 6257 6535
f 6257 353 6057
f 6535 6057 1567
f 6257 6057 6535
f 1553 6536 6007
f 6536 1567 6054
f 6007 6054 349
f 6536 6054 6007
f 1627 6535 6534
f 6535 1567 6536
f 6534 6536 1553
f 6535 6536 6534
f 349 6053 5961
f 6053 1566 6537
f 5961 6537 1536
f 6053 6537 5961
f 1566 6050 6538
f 6050 361 6207
f 6538 6207 1615
f 6050 6207 6538
f 1536 6539 5955
f 6539 1615 6212
f 5955 6212 345
f 6539 6212 5955
f 1566 6538 6537
f 6538 1615 6539
f 6537 6539 1536
f 6538 6539 6537
f 127 6350 3502
f 6350 1651 6540
f 3502 6540 917
f 6350 6540 3502
f 1651 6347 6542
f 6347 380 6541
f 6542 6541 1688
f 6347 6541 6542
f 917 6543 3498
f 6543 1688 6544
f 3498 6544 143
f 6543 6544 3498
f 1651 6542 6540
f 6542 1688 6543
f 6540 6543 917
f 6542 6543 6540
f 354 6422 6160
f 6422 1665 6545
f 6160 6545 1600
f 6422 6545 6160
f 1665 6426 6546
f 6426 381 6525
f 6546 6525 1684
f 6426 6525 6546
f 1600 6547 6163
f 6547 1684 6522
f 6163 6522 369
f 6547 6522 6163
f 1665 6546 6545
f 6546 1684 6547
f 6545 6547 1600
f 6546 6547 6545
f 381 6361 6526
f 6361 1654 6548
f 6526 6548 1685
f 6361 6548 6526
f 1654 6358 6549
f 6358 386 6025
f 6549 6025 1559
f 6358 6025 6549
f 1685 6550 6521
f 6550 1559 6031
f 6521 6031 379
f 6550 6031 6521
f 1654 6549 6548
f 6549 1559 6550
f 6548 6550 1685
f 6549 6550 6548
f 382 6287 6475
f 6287 1634 6551
f 6475 6551 1676
f 6287 6551 6475
f 1634 6285 6552
f 6285 92 3511
f 6552 3511 918
f 6285 3511 6552
f 1676 6553 6478
f 6553 918 3509
f 6478 3509 111
f 6553 3509 6478
f 1634 6552 6551
f 6552 918 6553
f 6551 6553 1676
f 6552 6553 6551
f 365 6034 6096
f 6034 1562 6554
f 6096 6554 1580
f 6034 6554 6096
f 1562 6040 6555
f 6040 382 6474
f 6555 6474 1675
f 6040 6474 6555
f 1580 6556 6099
f 6556 1675 6472
f 6099 6472 375
f 6556 6472 6099
f 1562 6555 6554
f 6555 1675 6556
f 6554 6556 1580
f 6555 6556 6554
f 271 6509 5816
f 6509 1681 6557
f 5816 6557 1504
f 6509 6557 5816
f 1681 6506 6559
f 6506 378 6558
f 6559 6558 1689
f 6506 6558 6559
f 1504 6560 5812
f 6560 1689 6561
f 5812 6561 309
f 6560 6561 5812
f 1681 6559 6557
f 6559 1689 6560
f 6557 6560 1504
f 6559 6560 6557
f 383 6453 6465
f 6453 1671 6562
f 6465 6562 1673
f 6453 6562 6465
f 1671 6450 6563
f 6450 390 5938
f 6563 5938 1528
f 6450 5938 6563
f 1673 6564 6468
f 6564 1528 5935
f 6468 5935 359
f 6564 5935 6468
f 1671 6563 6562
f 6563 1528 6564
f 6562 6564 1673
f 6563 6564 6562
f 366 6271 6307
f 6271 1631 6565
f 6307 6565 1640
f 6271 6565 6307
f 1631 6277 6567
f 6277 383 6566
f 6567 6566 1690
f 6277 6566 6567
f 1640 6568 6301
f 6568 1690 6569
f 6301 6569 374
f 6568 6569 6301
f 1631 6567 6565
f 6567 1690 6568
f 6565 6568 1640
f 6567 6568 6565
f 384 6484 6571
f 6484 1677 6570
f 6571 6570 1691
f 6484 6570 6571
f 1677 6481 6572
f 6481 138 6533
f 6572 6533 1687
f 6481 6533 6572
f 1691 6573 6574
f 6573 1687 6530
f 6574 6530 363
f 6573 6530 6574
f 1677 6572 6570
f 6572 1687 6573
f 6570 6573 1691
f 6572 6573 6570
f 327 6119 5836
f 6119 1588 6575
f 5836 6575 1508
f 6119 6575 5836
f 1588 6125 6577
f 6125 388 6576
f 6577 6576 1692
f 6125 6576 6577
f 1508 6578 5832
f 6578 1692 6579
f 5832 6579 333
f 6578 6579 5832
f 1588 6577 6575
f 6577 1692 6578
f 6575 6578 1508
f 6577 6578 6575
f 351 6225 6357
f 6225 1618 6580
f 6357 6580 1653
f 6225 6580 6357
f 1618 6222 6581
f 6222 384 6571
f 6581 6571 1691
f 6222 6571 6581
f 1653 6582 6353
f 6582 1691 6574
f 6353 6574 363
f 6582 6574 6353
f 1618 6581 6580
f 6581 1691 6582
f 6580 6582 1653
f 6581 6582 6580
f 379 6514 6067
f 6514 1683 6583
f 6067 6583 1571
f 6514 6583 6067
f 1683 6519 6584
f 6519 385 6337
f 6584 6337 1647
f 6519 6337 6584
f 1571 6585 6061
f 6585 1647 6334
f 6061 6334 342
f 6585 6334 6061
f 1683 6584 6583
f 6584 1647 6585
f 6583 6585 1571
f 6584 6585 6583
f 106 6413 6527
f 6413 1663 6586
f 6527 6586 1686
f 6413 6586 6527
f 1663 6410 6587
f 6410 385 6518
f 6587 6518 1682
f 6410 6518 6587
f 1686 6588 6529
f 6588 1682 6515
f 6529 6515 363
f 6588 6515 6529
f 1663 6587 6586
f 6587 1682 6588
f 6586 6588 1686
f 6587 6588 6586
f 383 6467 6566
f 6467 1674 6589
f 6566 6589 1690
f 6467 6589 6566
f 1674 6471 6590
f 6471 386 6360
f 6590 6360 1656
f 6471 6360 6590
f 1690 6591 6569
f 6591 1656 6366
f 6569 6366 374
f 6591 6366 6569
f 1674 6590 6589
f 6590 1656 6591
f 6589 6591 1690
f 6590 6591 6589
f 362 5978 6327
f 5978 1541 6592
f 6327 6592 1646
f 5978 6592 6327
f 1541 5975 6594
f 5975 347 6593
f 6594 6593 1693
f 5975 6593 6594
f 1646 6595 6329
f 6595 1693 6596
f 6329 6596 387
f 6595 6596 6329
f 1541 6594 6592
f 6594 1693 6595
f 6592 6595 1646
f 6594 6595 6592
f 143 6544 6598
f 6544 1688 6597
f 6598 6597 1695
f 6544 6597 6598
f 1688 6541 6600
f 6541 380 6599
f 6600 6599 1694
f 6541 6599 6600
f 1695 6601 6603
f 6601 1694 6602
f 6603 6602 388
f 6601 6602 6603
f 1688 6600 6597
f 6600 1694 6601
f 6597 6601 1695
f 6600 6601 6597
f 143 6598 3568
f 6598 1695 6604
f 3568 6604 926
f 6598 6604 3568
f 1695 6603 6605
f 6603 388 6124
f 6605 6124 1587
f 6603 6124 6605
f 926 6606 3565
f 6606 1587 6121
f 3565 6121 100
f 6606 6121 3565
f 1695 6605 6604
f 6605 1587 6606
f 6604 6606 926
f 6605 6606 6604
f 280 6607 5944
f 6607 1696 6608
f 5944 6608 1531
f 6607 6608 5944
f 1696 6609 6610
f 6609 388 6602
f 6610 6602 1694
f 6609 6602 6610
f 1531 6611 5947
f 6611 1694 6599
f 5947 6599 380
f 6611 6599 5947
f 1696 6610 6608
f 6610 1694 6611
f 6608 6611 1531
f 6610 6611 6608
f 4 3578 5877
f 3578 928 6612
f 5877 6612 1515
f 3578 6612 5877
f 928 3575 6613
f 3575 100 6120
f 6613 6120 1586
f 3575 6120 6613
f 1515 6614 5872
f 6614 1586 6117
f 5872 6117 327
f 6614 6117 5872
f 928 6613 6612
f 6613 1586 6614
f 6612 6614 1515
f 6613 6614 6612
f 384 6003 6485
f 6003 1549 6615
f 6485 6615 1678
f 6003 6615 6485
f 1549 6000 6616
f 6000 375 6435
f 6616 6435 1666
f 6000 6435 6616
f 1678 6617 6480
f 6617 1666 6432
f 6480 6432 82
f 6617 6432 6480
f 1549 6616 6615
f 6616 1666 6617
f 6615 6617 1678
f 6616 6617 6615
f 280 5885 6607
f 5885 1516 6618
f 6607 6618 1696
f 5885 6618 6607
f 1516 5882 6619
f 5882 333 6579
f 6619 6579 1692
f 5882 6579 6619
f 1696 6620 6609
f 6620 1692 6576
f 6609 6576 388
f 6620 6576 6609
f 1516 6619 6618
f 6619 1692 6620
f 6618 6620 1696
f 6619 6620 6618
f 389 6621 6623
f 6621 1697 6622
f 6623 6622 1698
f 6621 6622 6623
f 1697 6624 6625
f 6624 391 6017
f 6625 6017 1554
f 6624 6017 6625
f 1698 6626 6627
f 6626 1554 6014
f 6627 6014 338
f 6626 6014 6627
f 1697 6625 6622
f 6625 1554 6626
f 6622 6626 1698
f 6625 6626 6622
f 355 5942 6159
f 5942 1529 6628
f 6159 6628 1599
f 5942 6628 6159
f 1529 5939 6630
f 5939 390 6629
f 6630 6629 1699
f 5939 6629 6630
f 1599 6631 6153
f 6631 1699 6632
f 6153 6632 378
f 6631 6632 6153
f 1529 6630 6628
f 6630 1699 6631
f 6628 6631 1599
f 6630 6631 6628
f 372 6381 6182
f 6381 1659 6633
f 6182 6633 1606
f 6381 6633 6182
f 1659 6384 6634
f 6384 360 6310
f 6634 6310 1641
f 6384 6310 6634
f 1606 6635 6177
f 6635 1641 6308
f 6177 6308 289
f 6635 6308 6177
f 1659 6634 6633
f 6634 1641 6635
f 6633 6635 1606
f 6634 6635 6633
f 378 6632 6558
f 6632 1699 6636
f 6558 6636 1689
f 6632 6636 6558
f 1699 6629 6638
f 6629 390 6637
f 6638 6637 1700
f 6629 6637 6638
f 1689 6639 6561
f 6639 1700 6640
f 6561 6640 309
f 6639 6640 6561
f 1699 6638 6636
f 6638 1700 6639
f 6636 6639 1689
f 6638 6639 6636
f 343 6487 6642
f 6487 1680 6641
f 6642 6641 1701
f 6487 6641 6642
f 1680 6492 6643
f 6492 391 6624
f 6643 6624 1697
f 6492 6624 6643
f 1701 6644 6645
f 6644 1697 6621
f 6645 6621 389
f 6644 6621 6645
f 1680 6643 6641
f 6643 1697 6644
f 6641 6644 1701
f 6643 6644 6641
f 368 6323 5930
f 6323 1645 6646
f 5930 6646 1526
f 6323 6646 5930
f 1645 6326 6647
f 6326 391 6491
f 6647 6491 1679
f 6326 6491 6647
f 1526 6648 5933
f 6648 1679 6488
f 5933 6488 376
f 6648 6488 5933
f 1645 6647 6646
f 6647 1679 6648
f 6646 6648 1526
f 6647 6648 6646
f 390 6449 6637
f 6449 1670 6649
f 6637 6649 1700
f 6449 6649 6637
f 1670 6447 6650
f 6447 372 6181
f 6650 6181 1605
f 6447 6181 6650
f 1700 6651 6640
f 6651 1605 6178
f 6640 6178 309
f 6651 6178 6640
f 1670 6650 6649
f 6650 1605 6651
f 6649 6651 1700
f 6650 6651 6649
f 435 6652 6654
f 6652 1702 6653
f 6654 6653 1704
f 6652 6653 6654
f 1702 6655 6657
f 6655 424 6656
f 6657 6656 1703
f 6655 6656 6657
f 1704 6658 6660
f 6658 1703 6659
f 6660 6659 409
f 6658 6659 6660
f 1702 6657 6653
f 6657 1703 6658
f 6653 6658 1704
f 6657 6658 6653
f 439 6661 6663
f 6661 1705 6662
f 6663 6662 1707
f 6661 6662 6663
f 1705 6664 6666
f 6664 441 6665
f 6666 6665 1706
f 6664 6665 6666
f 1707 6667 6669
f 6667 1706 6668
f 6669 6668 450
f 6667 6668 6669
f 1705 6666 6662
f 6666 1706 6667
f 6662 6667 1707
f 6666 6667 6662
f 427 6670 6672
f 6670 1708 6671
f 6672 6671 1710
f 6670 6671 6672
f 1708 6673 6675
f 6673 469 6674
f 6675 6674 1709
f 6673 6674 6675
f 1710 6676 6678
f 6676 1709 6677
f 6678 6677 421
f 6676 6677 6678
f 1708 6675 6671
f 6675 1709 6676
f 6671 6676 1710
f 6675 6676 6671
f 405 6679 6681
f 6679 1711 6680
f 6681 6680 1713
f 6679 6680 6681
f 1711 6682 6684
f 6682 455 6683
f 6684 6683 1712
f 6682 6683 6684
f 1713 6685 6687
f 6685 1712 6686
f 6687 6686 446
f 6685 6686 6687
f 1711 6684 6680
f 6684 1712 6685
f 6680 6685 1713
f 6684 6685 6680
f 408 6688 6690
f 6688 1714 6689
f 6690 6689 1716
f 6688 6689 6690
f 1714 6691 6693
f 6691 442 6692
f 6693 6692 1715
f 6691 6692 6693
f 1716 6694 6696
f 6694 1715 6695
f 6696 6695 412
f 6694 6695 6696
f 1714 6693 6689
f 6693 1715 6694
f 6689 6694 1716
f 6693 6694 6689
f 399 6697 6699
f 6697 1717 6698
f 6699 6698 1719
f 6697 6698 6699
f 1717 6700 6702
f 6700 439 6701
f 6702 6701 1718
f 6700 6701 6702
f 1719 6703 6705
f 6703 1718 6704
f 6705 6704 406
f 6703 6704 6705
f 1717 6702 6698
f 6702 1718 6703
f 6698 6703 1719
f 6702 6703 6698
f 413 6706 6708
f 6706 1720 6707
f 6708 6707 1722
f 6706 6707 6708
f 1720 6709 6711
f 6709 410 6710
f 6711 6710 1721
f 6709 6710 6711
f 1722 6712 6714
f 6712 1721 6713
f 6714 6713 432
f 6712 6713 6714
f 1720 6711 6707
f 6711 1721 6712
f 6707 6712 1722
f 6711 6712 6707
f 438 6715 6717
f 6715 1723 6716
f 6717 6716 1725
f 6715 6716 6717
f 1723 6718 6720
f 6718 402 6719
f 6720 6719 1724
f 6718 6719 6720
f 1725 6721 6723
f 6721 1724 6722
f 6723 6722 452
f 6721 6722 6723
f 1723 6720 6716
f 6720 1724 6721
f 6716 6721 1725
f 6720 6721 6716
f 400 6724 6726
f 6724 1726 6725
f 6726 6725 1728
f 6724 6725 6726
f 1726 6727 6729
f 6727 396 6728
f 6729 6728 1727
f 6727 6728 6729
f 1728 6730 6732
f 6730 1727 6731
f 6732 6731 418
f 6730 6731 6732
f 1726 6729 6725
f 6729 1727 6730
f 6725 6730 1728
f 6729 6730 6725
f 443 6733 6735
f 6733 1729 6734
f 6735 6734 1731
f 6733 6734 6735
f 1729 6736 6738
f 6736 449 6737
f 6738 6737 1730
f 6736 6737 6738
f 1731 6739 6741
f 6739 1730 6740
f 6741 6740 461
f 6739 6740 6741
f 1729 6738 6734
f 6738 1730 6739
f 6734 6739 1731
f 6738 6739 6734
f 412 6742 6744
f 6742 1732 6743
f 6744 6743 1734
f 6742 6743 6744
f 1732 6745 6747
f 6745 401 6746
f 6747 6746 1733
f 6745 6746 6747
f 1734 6748 6750
f 6748 1733 6749
f 6750 6749 409
f 6748 6749 6750
f 1732 6747 6743
f 6747 1733 6748
f 6743 6748 1734
f 6747 6748 6743
f 397 6751 6753
f 6751 1735 6752
f 6753 6752 1737
f 6751 6752 6753
f 1735 6754 6756
f 6754 470 6755
f 6756 6755 1736
f 6754 6755 6756
f 1737 6757 6759
f 6757 1736 6758
f 6759 6758 431
f 6757 6758 6759
f 1735 6756 6752
f 6756 1736 6757
f 6752 6757 1737
f 6756 6757 6752
f 463 6760 6762
f 6760 1738 6761
f 6762 6761 1740
f 6760 6761 6762
f 1738 6763 6765
f 6763 414 6764
f 6765 6764 1739
f 6763 6764 6765
f 1740 6766 6768
f 6766 1739 6767
f 6768 6767 454
f 6766 6767 6768
f 1738 6765 6761
f 6765 1739 6766
f 6761 6766 1740
f 6765 6766 6761
f 436 6769 6771
f 6769 1741 6770
f 6771 6770 1743
f 6769 6770 6771
f 1741 6772 6774
f 6772 434 6773
f 6774 6773 1742
f 6772 6773 6774
f 1743 6775 6777
f 6775 1742 6776
f 6777 6776 457
f 6775 6776 6777
f 1741 6774 6770
f 6774 1742 6775
f 6770 6775 1743
f 6774 6775 6770
f 423 6778 6780
f 6778 1744 6779
f 6780 6779 1746
f 6778 6779 6780
f 1744 6781 6783
f 6781 452 6782
f 6783 6782 1745
f 6781 6782 6783
f 1746 6784 6786
f 6784 1745 6785
f 6786 6785 430
f 6784 6785 6786
f 1744 6783 6779
f 6783 1745 6784
f 6779 6784 1746
f 6783 6784 6779
f 431 6787 6789
f 6787 1747 6788
f 6789 6788 1749
f 6787 6788 6789
f 1747 6790 6792
f 6790 412 6791
f 6792 6791 1748
f 6790 6791 6792
f 1749 6793 6795
f 6793 1748 6794
f 6795 6794 418
f 6793 6794 6795
f 1747 6792 6788
f 6792 1748 6793
f 6788 6793 1749
f 6792 6793 6788
f 401 6796 6798
f 6796 1750 6797
f 6798 6797 1752
f 6796 6797 6798
f 1750 6799 6801
f 6799 442 6800
f 6801 6800 1751
f 6799 6800 6801
f 1752 6802 6804
f 6802 1751 6803
f 6804 6803 454
f 6802 6803 6804
f 1750 6801 6797
f 6801 1751 6802
f 6797 6802 1752
f 6801 6802 6797
f 418 6805 6732
f 6805 1753 6806
f 6732 6806 1728
f 6805 6806 6732
f 1753 6807 6809
f 6807 424 6808
f 6809 6808 1754
f 6807 6808 6809
f 1728 6810 6726
f 6810 1754 6811
f 6726 6811 400
f 6810 6811 6726
f 1753 6809 6806
f 6809 1754 6810
f 6806 6810 1728
f 6809 6810 6806
f 404 5301 6813
f 5301 1372 6812
f 6813 6812 1756
f 5301 6812 6813
f 1372 5298 6815
f 5298 419 6814
f 6815 6814 1755
f 5298 6814 6815
f 1756 6816 6818
f 6816 1755 6817
f 6818 6817 401
f 6816 6817 6818
f 1372 6815 6812
f 6815 1755 6816
f 6812 6816 1756
f 6815 6816 6812
f 398 6819 6821
f 6819 1757 6820
f 6821 6820 1758
f 6819 6820 6821
f 1757 6822 6823
f 6822 410 6709
f 6823 6709 1720
f 6822 6709 6823
f 1758 6824 6825
f 6824 1720 6706
f 6825 6706 413
f 6824 6706 6825
f 1757 6823 6820
f 6823 1720 6824
f 6820 6824 1758
f 6823 6824 6820
f 427 6672 6827
f 6672 1710 6826
f 6827 6826 1760
f 6672 6826 6827
f 1710 6678 6829
f 6678 421 6828
f 6829 6828 1759
f 6678 6828 6829
f 1760 6830 6832
f 6830 1759 6831
f 6832 6831 443
f 6830 6831 6832
f 1710 6829 6826
f 6829 1759 6830
f 6826 6830 1760
f 6829 6830 6826
f 436 6833 6835
f 6833 1761 6834
f 6835 6834 1763
f 6833 6834 6835
f 1761 6836 6838
f 6836 449 6837
f 6838 6837 1762
f 6836 6837 6838
f 1763 6839 6841
f 6839 1762 6840
f 6841 6840 411
f 6839 6840 6841
f 1761 6838 6834
f 6838 1762 6839
f 6834 6839 1763
f 6838 6839 6834
f 408 6842 6688
f 6842 1764 6843
f 6688 6843 1714
f 6842 6843 6688
f 1764 6844 6846
f 6844 441 6845
f 6846 6845 1765
f 6844 6845 6846
f 1714 6847 6691
f 6847 1765 6848
f 6691 6848 442
f 6847 6848 6691
f 1764 6846 6843
f 6846 1765 6847
f 6843 6847 1714
f 6846 6847 6843
f 435 6654 5339
f 6654 1704 6849
f 5339 6849 1384
f 6654 6849 5339
f 1704 6660 6851
f 6660 409 6850
f 6851 6850 1766
f 6660 6850 6851
f 1384 6852 5335
f 6852 1766 6853
f 5335 6853 419
f 6852 6853 5335
f 1704 6851 6849
f 6851 1766 6852
f 6849 6852 1384
f 6851 6852 6849
f 460 6854 6856
f 6854 1767 6855
f 6856 6855 1769
f 6854 6855 6856
f 1767 6857 6859
f 6857 416 6858
f 6859 6858 1768
f 6857 6858 6859
f 1769 6860 6862
f 6860 1768 6861
f 6862 6861 466
f 6860 6861 6862
f 1767 6859 6855
f 6859 1768 6860
f 6855 6860 1769
f 6859 6860 6855
f 413 6863 6865
f 6863 1770 6864
f 6865 6864 1771
f 6863 6864 6865
f 1770 6866 6867
f 6866 406 6704
f 6867 6704 1718
f 6866 6704 6867
f 1771 6868 6869
f 6868 1718 6701
f 6869 6701 439
f 6868 6701 6869
f 1770 6867 6864
f 6867 1718 6868
f 6864 6868 1771
f 6867 6868 6864
f 393 6870 6872
f 6870 1772 6871
f 6872 6871 1774
f 6870 6871 6872
f 1772 6873 6875
f 6873 425 6874
f 6875 6874 1773
f 6873 6874 6875
f 1774 6876 6878
f 6876 1773 6877
f 6878 6877 464
f 6876 6877 6878
f 1772 6875 6871
f 6875 1773 6876
f 6871 6876 1774
f 6875 6876 6871
f 432 6879 6881
f 6879 1775 6880
f 6881 6880 1777
f 6879 6880 6881
f 1775 6882 6884
f 6882 425 6883
f 6884 6883 1776
f 6882 6883 6884
f 1777 6885 6887
f 6885 1776 6886
f 6887 6886 417
f 6885 6886 6887
f 1775 6884 6880
f 6884 1776 6885
f 6880 6885 1777
f 6884 6885 6880
f 453 6888 6890
f 6888 1778 6889
f 6890 6889 1780
f 6888 6889 6890
f 1778 6891 6893
f 6891 411 6892
f 6893 6892 1779
f 6891 6892 6893
f 1780 6894 6896
f 6894 1779 6895
f 6896 6895 421
f 6894 6895 6896
f 1778 6893 6889
f 6893 1779 6894
f 6889 6894 1780
f 6893 6894 6889
f 420 6897 6899
f 6897 1781 6898
f 6899 6898 1782
f 6897 6898 6899
f 1781 6900 6901
f 6900 442 6848
f 6901 6848 1765
f 6900 6848 6901
f 1782 6902 6903
f 6902 1765 6845
f 6903 6845 441
f 6902 6845 6903
f 1781 6901 6898
f 6901 1765 6902
f 6898 6902 1782
f 6901 6902 6898
f 403 6904 6906
f 6904 1783 6905
f 6906 6905 1785
f 6904 6905 6906
f 1783 6907 6909
f 6907 398 6908
f 6909 6908 1784
f 6907 6908 6909
f 1785 6910 6912
f 6910 1784 6911
f 6912 6911 450
f 6910 6911 6912
f 1783 6909 6905
f 6909 1784 6910
f 6905 6910 1785
f 6909 6910 6905
f 415 6913 6915
f 6913 1786 6914
f 6915 6914 1788
f 6913 6914 6915
f 1786 6916 6918
f 6916 440 6917
f 6918 6917 1787
f 6916 6917 6918
f 1788 6919 6921
f 6919 1787 6920
f 6921 6920 445
f 6919 6920 6921
f 1786 6918 6914
f 6918 1787 6919
f 6914 6919 1788
f 6918 6919 6914
f 417 6922 6924
f 6922 1789 6923
f 6924 6923 1791
f 6922 6923 6924
f 1789 6925 6927
f 6925 452 6926
f 6927 6926 1790
f 6925 6926 6927
f 1791 6928 6930
f 6928 1790 6929
f 6930 6929 406
f 6928 6929 6930
f 1789 6927 6923
f 6927 1790 6928
f 6923 6928 1791
f 6927 6928 6923
f 417 6886 6932
f 6886 1776 6931
f 6932 6931 1793
f 6886 6931 6932
f 1776 6883 6934
f 6883 425 6933
f 6934 6933 1792
f 6883 6933 6934
f 1793 6935 6937
f 6935 1792 6936
f 6937 6936 426
f 6935 6936 6937
f 1776 6934 6931
f 6934 1792 6935
f 6931 6935 1793
f 6934 6935 6931
f 392 6938 6940
f 6938 1794 6939
f 6940 6939 1795
f 6938 6939 6940
f 1794 6941 6942
f 6941 400 6811
f 6942 6811 1754
f 6941 6811 6942
f 1795 6943 6944
f 6943 1754 6808
f 6944 6808 424
f 6943 6808 6944
f 1794 6942 6939
f 6942 1754 6943
f 6939 6943 1795
f 6942 6943 6939
f 431 6758 6946
f 6758 1736 6945
f 6946 6945 1797
f 6758 6945 6946
f 1736 6755 6948
f 6755 470 6947
f 6948 6947 1796
f 6755 6947 6948
f 1797 6949 6951
f 6949 1796 6950
f 6951 6950 408
f 6949 6950 6951
f 1736 6948 6945
f 6948 1796 6949
f 6945 6949 1797
f 6948 6949 6945
f 430 6952 6786
f 6952 1798 6953
f 6786 6953 1746
f 6952 6953 6786
f 1798 6954 6956
f 6954 437 6955
f 6956 6955 1799
f 6954 6955 6956
f 1746 6957 6780
f 6957 1799 6958
f 6780 6958 423
f 6957 6958 6780
f 1798 6956 6953
f 6956 1799 6957
f 6953 6957 1746
f 6956 6957 6953
f 443 6735 6960
f 6735 1731 6959
f 6960 6959 1801
f 6735 6959 6960
f 1731 6741 6962
f 6741 461 6961
f 6962 6961 1800
f 6741 6961 6962
f 1801 6963 6965
f 6963 1800 6964
f 6965 6964 414
f 6963 6964 6965
f 1731 6962 6959
f 6962 1800 6963
f 6959 6963 1801
f 6962 6963 6959
f 411 6966 6841
f 6966 1802 6967
f 6841 6967 1763
f 6966 6967 6841
f 1802 6968 6970
f 6968 444 6969
f 6970 6969 1803
f 6968 6969 6970
f 1763 6971 6835
f 6971 1803 6972
f 6835 6972 436
f 6971 6972 6835
f 1802 6970 6967
f 6970 1803 6971
f 6967 6971 1763
f 6970 6971 6967
f 434 6973 6975
f 6973 1804 6974
f 6975 6974 1805
f 6973 6974 6975
f 1804 6976 6977
f 6976 447 5462
f 6977 5462 1422
f 6976 5462 6977
f 1805 6978 6979
f 6978 1422 5459
f 6979 5459 407
f 6978 5459 6979
f 1804 6977 6974
f 6977 1422 6978
f 6974 6978 1805
f 6977 6978 6974
f 426 6980 6937
f 6980 1806 6981
f 6937 6981 1793
f 6980 6981 6937
f 1806 6982 6984
f 6982 438 6983
f 6984 6983 1807
f 6982 6983 6984
f 1793 6985 6932
f 6985 1807 6986
f 6932 6986 417
f 6985 6986 6932
f 1806 6984 6981
f 6984 1807 6985
f 6981 6985 1793
f 6984 6985 6981
f 406 6987 6705
f 6987 1808 6988
f 6705 6988 1719
f 6987 6988 6705
f 1808 6989 6991
f 6989 423 6990
f 6991 6990 1809
f 6989 6990 6991
f 1719 6992 6699
f 6992 1809 6993
f 6699 6993 399
f 6992 6993 6699
f 1808 6991 6988
f 6991 1809 6992
f 6988 6992 1719
f 6991 6992 6988
f 392 6940 5486
f 6940 1795 6994
f 5486 6994 1429
f 6940 6994 5486
f 1795 6944 6995
f 6944 424 6655
f 6995 6655 1702
f 6944 6655 6995
f 1429 6996 5483
f 6996 1702 6652
f 5483 6652 435
f 6996 6652 5483
f 1795 6995 6994
f 6995 1702 6996
f 6994 6996 1429
f 6995 6996 6994
f 424 6807 6656
f 6807 1753 6997
f 6656 6997 1703
f 6807 6997 6656
f 1753 6805 6999
f 6805 418 6998
f 6999 6998 1810
f 6805 6998 6999
f 1703 7000 6659
f 7000 1810 7001
f 6659 7001 409
f 7000 7001 6659
f 1753 6999 6997
f 6999 1810 7000
f 6997 7000 1703
f 6999 7000 6997
f 413 6708 6863
f 6708 1722 7002
f 6863 7002 1770
f 6708 7002 6863
f 1722 6714 7004
f 6714 432 7003
f 7004 7003 1811
f 6714 7003 7004
f 1770 7005 6866
f 7005 1811 7006
f 6866 7006 406
f 7005 7006 6866
f 1722 7004 7002
f 7004 1811 7005
f 7002 7005 1770
f 7004 7005 7002
f 393 7007 6870
f 7007 1812 7008
f 6870 7008 1772
f 7007 7008 6870
f 1812 7009 7010
f 7009 426 6936
f 7010 6936 1792
f 7009 6936 7010
f 1772 7011 6873
f 7011 1792 6933
f 6873 6933 425
f 7011 6933 6873
f 1812 7010 7008
f 7010 1792 7011
f 7008 7011 1772
f 7010 7011 7008
f 437 7012 7014
f 7012 1813 7013
f 7014 7013 1815
f 7012 7013 7014
f 1813 7015 7017
f 7015 445 7016
f 7017 7016 1814
f 7015 7016 7017
f 1815 7018 7020
f 7018 1814 7019
f 7020 7019 458
f 7018 7019 7020
f 1813 7017 7013
f 7017 1814 7018
f 7013 7018 1815
f 7017 7018 7013
f 427 7021 7023
f 7021 1816 7022
f 7023 7022 1817
f 7021 7022 7023
f 1816 7024 7025
f 7024 414 6763
f 7025 6763 1738
f 7024 6763 7025
f 1817 7026 7027
f 7026 1738 6760
f 7027 6760 463
f 7026 6760 7027
f 1816 7025 7022
f 7025 1738 7026
f 7022 7026 1817
f 7025 7026 7022
f 407 7028 6979
f 7028 1818 7029
f 6979 7029 1805
f 7028 7029 6979
f 1818 7030 7031
f 7030 457 6776
f 7031 6776 1742
f 7030 6776 7031
f 1805 7032 6975
f 7032 1742 6773
f 6975 6773 434
f 7032 6773 6975
f 1818 7031 7029
f 7031 1742 7032
f 7029 7032 1805
f 7031 7032 7029
f 429 7033 7035
f 7033 1819 7034
f 7035 7034 1821
f 7033 7034 7035
f 1819 7036 7038
f 7036 446 7037
f 7038 7037 1820
f 7036 7037 7038
f 1821 7039 7041
f 7039 1820 7040
f 7041 7040 444
f 7039 7040 7041
f 1819 7038 7034
f 7038 1820 7039
f 7034 7039 1821
f 7038 7039 7034
f 448 7042 7044
f 7042 1822 7043
f 7044 7043 1824
f 7042 7043 7044
f 1822 7045 7047
f 7045 399 7046
f 7047 7046 1823
f 7045 7046 7047
f 1824 7048 7050
f 7048 1823 7049
f 7050 7049 437
f 7048 7049 7050
f 1822 7047 7043
f 7047 1823 7048
f 7043 7048 1824
f 7047 7048 7043
f 415 7051 7053
f 7051 1825 7052
f 7053 7052 1827
f 7051 7052 7053
f 1825 7054 7056
f 7054 430 7055
f 7056 7055 1826
f 7054 7055 7056
f 1827 7057 7059
f 7057 1826 7058
f 7059 7058 402
f 7057 7058 7059
f 1825 7056 7052
f 7056 1826 7057
f 7052 7057 1827
f 7056 7057 7052
f 431 7060 6759
f 7060 1828 7061
f 6759 7061 1737
f 7060 7061 6759
f 1828 7062 7064
f 7062 396 7063
f 7064 7063 1829
f 7062 7063 7064
f 1737 7065 6753
f 7065 1829 7066
f 6753 7066 397
f 7065 7066 6753
f 1828 7064 7061
f 7064 1829 7065
f 7061 7065 1737
f 7064 7065 7061
f 441 6844 7068
f 6844 1764 7067
f 7068 7067 1830
f 6844 7067 7068
f 1764 6842 7069
f 6842 408 6950
f 7069 6950 1796
f 6842 6950 7069
f 1830 7070 7071
f 7070 1796 6947
f 7071 6947 470
f 7070 6947 7071
f 1764 7069 7067
f 7069 1796 7070
f 7067 7070 1830
f 7069 7070 7067
f 432 7072 6879
f 7072 1831 7073
f 6879 7073 1775
f 7072 7073 6879
f 1831 7074 7075
f 7074 464 6877
f 7075 6877 1773
f 7074 6877 7075
f 1775 7076 6882
f 7076 1773 6874
f 6882 6874 425
f 7076 6874 6882
f 1831 7075 7073
f 7075 1773 7076
f 7073 7076 1775
f 7075 7076 7073
f 404 6813 7078
f 6813 1756 7077
f 7078 7077 1833
f 6813 7077 7078
f 1756 6818 7080
f 6818 401 7079
f 7080 7079 1832
f 6818 7079 7080
f 1833 7081 7083
f 7081 1832 7082
f 7083 7082 462
f 7081 7082 7083
f 1756 7080 7077
f 7080 1832 7081
f 7077 7081 1833
f 7080 7081 7077
f 434 7084 7086
f 7084 1834 7085
f 7086 7085 1835
f 7084 7085 7086
f 1834 7087 7088
f 7087 446 6686
f 7088 6686 1712
f 7087 6686 7088
f 1835 7089 7090
f 7089 1712 6683
f 7090 6683 455
f 7089 6683 7090
f 1834 7088 7085
f 7088 1712 7089
f 7085 7089 1835
f 7088 7089 7085
f 434 7086 6973
f 7086 1835 7091
f 6973 7091 1804
f 7086 7091 6973
f 1835 7090 7093
f 7090 455 7092
f 7093 7092 1836
f 7090 7092 7093
f 1804 7094 6976
f 7094 1836 7095
f 6976 7095 447
f 7094 7095 6976
f 1835 7093 7091
f 7093 1836 7094
f 7091 7094 1804
f 7093 7094 7091
f 433 7096 7098
f 7096 1837 7097
f 7098 7097 1838
f 7096 7097 7098
f 1837 7099 7100
f 7099 454 6767
f 7100 6767 1739
f 7099 6767 7100
f 1838 7101 7102
f 7101 1739 6764
f 7102 6764 414
f 7101 6764 7102
f 1837 7100 7097
f 7100 1739 7101
f 7097 7101 1838
f 7100 7101 7097
f 463 7103 7105
f 7103 1839 7104
f 7105 7104 1841
f 7103 7104 7105
f 1839 7106 7108
f 7106 456 7107
f 7108 7107 1840
f 7106 7107 7108
f 1841 7109 7111
f 7109 1840 7110
f 7111 7110 448
f 7109 7110 7111
f 1839 7108 7104
f 7108 1840 7109
f 7104 7109 1841
f 7108 7109 7104
f 443 7112 6733
f 7112 1842 7113
f 6733 7113 1729
f 7112 7113 6733
f 1842 7114 7115
f 7114 411 6840
f 7115 6840 1762
f 7114 6840 7115
f 1729 7116 6736
f 7116 1762 6837
f 6736 6837 449
f 7116 6837 6736
f 1842 7115 7113
f 7115 1762 7116
f 7113 7116 1729
f 7115 7116 7113
f 436 6972 7118
f 6972 1803 7117
f 7118 7117 1843
f 6972 7117 7118
f 1803 6969 7119
f 6969 444 7040
f 7119 7040 1820
f 6969 7040 7119
f 1843 7120 7121
f 7120 1820 7037
f 7121 7037 446
f 7120 7037 7121
f 1803 7119 7117
f 7119 1820 7120
f 7117 7120 1843
f 7119 7120 7117
f 423 6958 6990
f 6958 1799 7122
f 6990 7122 1809
f 6958 7122 6990
f 1799 6955 7123
f 6955 437 7049
f 7123 7049 1823
f 6955 7049 7123
f 1809 7124 6993
f 7124 1823 7046
f 6993 7046 399
f 7124 7046 6993
f 1799 7123 7122
f 7123 1823 7124
f 7122 7124 1809
f 7123 7124 7122
f 445 7015 7126
f 7015 1813 7125
f 7126 7125 1844
f 7015 7125 7126
f 1813 7012 7127
f 7012 437 6954
f 7127 6954 1798
f 7012 6954 7127
f 1844 7128 7129
f 7128 1798 6952
f 7129 6952 430
f 7128 6952 7129
f 1813 7127 7125
f 7127 1798 7128
f 7125 7128 1844
f 7127 7128 7125
f 423 6989 6778
f 6989 1808 7130
f 6778 7130 1744
f 6989 7130 6778
f 1808 6987 7131
f 6987 406 6929
f 7131 6929 1790
f 6987 6929 7131
f 1744 7132 6781
f 7132 1790 6926
f 6781 6926 452
f 7132 6926 6781
f 1808 7131 7130
f 7131 1790 7132
f 7130 7132 1744
f 7131 7132 7130
f 399 7133 6697
f 7133 1845 7134
f 6697 7134 1717
f 7133 7134 6697
f 1845 7135 7137
f 7135 420 7136
f 7137 7136 1846
f 7135 7136 7137
f 1717 7138 6700
f 7138 1846 7139
f 6700 7139 439
f 7138 7139 6700
f 1845 7137 7134
f 7137 1846 7138
f 7134 7138 1717
f 7137 7138 7134
f 439 6663 6869
f 6663 1707 7140
f 6869 7140 1771
f 6663 7140 6869
f 1707 6669 7142
f 6669 450 7141
f 7142 7141 1847
f 6669 7141 7142
f 1771 7143 6865
f 7143 1847 7144
f 6865 7144 413
f 7143 7144 6865
f 1707 7142 7140
f 7142 1847 7143
f 7140 7143 1771
f 7142 7143 7140
f 419 6853 6814
f 6853 1766 7145
f 6814 7145 1755
f 6853 7145 6814
f 1766 6850 7146
f 6850 409 6749
f 7146 6749 1733
f 6850 6749 7146
f 1755 7147 6817
f 7147 1733 6746
f 6817 6746 401
f 7147 6746 6817
f 1766 7146 7145
f 7146 1733 7147
f 7145 7147 1755
f 7146 7147 7145
f 406 7006 6930
f 7006 1811 7148
f 6930 7148 1791
f 7006 7148 6930
f 1811 7003 7149
f 7003 432 6881
f 7149 6881 1777
f 7003 6881 7149
f 1791 7150 6924
f 7150 1777 6887
f 6924 6887 417
f 7150 6887 6924
f 1811 7149 7148
f 7149 1777 7150
f 7148 7150 1791
f 7149 7150 7148
f 396 7062 6728
f 7062 1828 7151
f 6728 7151 1727
f 7062 7151 6728
f 1828 7060 7152
f 7060 431 6789
f 7152 6789 1749
f 7060 6789 7152
f 1727 7153 6731
f 7153 1749 6795
f 6731 6795 418
f 7153 6795 6731
f 1828 7152 7151
f 7152 1749 7153
f 7151 7153 1727
f 7152 7153 7151
f 404 7078 5650
f 7078 1833 7154
f 5650 7154 1469
f 7078 7154 5650
f 1833 7083 7156
f 7083 462 7155
f 7156 7155 1848
f 7083 7155 7156
f 1469 7157 5646
f 7157 1848 7158
f 5646 7158 422
f 7157 7158 5646
f 1833 7156 7154
f 7156 1848 7157
f 7154 7157 1469
f 7156 7157 7154
f 441 6664 6903
f 6664 1705 7159
f 6903 7159 1782
f 6664 7159 6903
f 1705 6661 7160
f 6661 439 7139
f 7160 7139 1846
f 6661 7139 7160
f 1782 7161 6899
f 7161 1846 7136
f 6899 7136 420
f 7161 7136 6899
f 1705 7160 7159
f 7160 1846 7161
f 7159 7161 1782
f 7160 7161 7159
f 412 6695 6742
f 6695 1715 7162
f 6742 7162 1732
f 6695 7162 6742
f 1715 6692 7163
f 6692 442 6799
f 7163 6799 1750
f 6692 6799 7163
f 1732 7164 6745
f 7164 1750 6796
f 6745 6796 401
f 7164 6796 6745
f 1715 7163 7162
f 7163 1750 7164
f 7162 7164 1732
f 7163 7164 7162
f 420 7165 7167
f 7165 1849 7166
f 7167 7166 1850
f 7165 7166 7167
f 1849 7168 7169
f 7168 448 7110
f 7169 7110 1840
f 7168 7110 7169
f 1850 7170 7171
f 7170 1840 7107
f 7171 7107 456
f 7170 7107 7171
f 1849 7169 7166
f 7169 1840 7170
f 7166 7170 1850
f 7169 7170 7166
f 427 6827 7021
f 6827 1760 7172
f 7021 7172 1816
f 6827 7172 7021
f 1760 6832 7173
f 6832 443 6960
f 7173 6960 1801
f 6832 6960 7173
f 1816 7174 7024
f 7174 1801 6965
f 7024 6965 414
f 7174 6965 7024
f 1760 7173 7172
f 7173 1801 7174
f 7172 7174 1816
f 7173 7174 7172
f 428 5674 7176
f 5674 1473 7175
f 7176 7175 1852
f 5674 7175 7176
f 1473 5671 7178
f 5671 395 7177
f 7178 7177 1851
f 5671 7177 7178
f 1852 7179 7181
f 7179 1851 7180
f 7181 7180 449
f 7179 7180 7181
f 1473 7178 7175
f 7178 1851 7179
f 7175 7179 1852
f 7178 7179 7175
f 429 7035 7183
f 7035 1821 7182
f 7183 7182 1854
f 7035 7182 7183
f 1821 7041 7185
f 7041 444 7184
f 7185 7184 1853
f 7041 7184 7185
f 1854 7186 7188
f 7186 1853 7187
f 7188 7187 394
f 7186 7187 7188
f 1821 7185 7182
f 7185 1853 7186
f 7182 7186 1854
f 7185 7186 7182
f 444 6968 7190
f 6968 1802 7189
f 7190 7189 1855
f 6968 7189 7190
f 1802 6966 7191
f 6966 411 6891
f 7191 6891 1778
f 6966 6891 7191
f 1855 7192 7193
f 7192 1778 6888
f 7193 6888 453
f 7192 6888 7193
f 1802 7191 7189
f 7191 1778 7192
f 7189 7192 1855
f 7191 7192 7189
f 445 7194 7016
f 7194 1856 7195
f 7016 7195 1814
f 7194 7195 7016
f 1856 7196 7198
f 7196 469 7197
f 7198 7197 1857
f 7196 7197 7198
f 1814 7199 7019
f 7199 1857 7200
f 7019 7200 458
f 7199 7200 7019
f 1856 7198 7195
f 7198 1857 7199
f 7195 7199 1814
f 7198 7199 7195
f 446 7087 7121
f 7087 1834 7201
f 7121 7201 1843
f 7087 7201 7121
f 1834 7084 7202
f 7084 434 6772
f 7202 6772 1741
f 7084 6772 7202
f 1843 7203 7118
f 7203 1741 6769
f 7118 6769 436
f 7203 6769 7118
f 1834 7202 7201
f 7202 1741 7203
f 7201 7203 1843
f 7202 7203 7201
f 405 6681 7205
f 6681 1713 7204
f 7205 7204 1859
f 6681 7204 7205
f 1713 6687 7207
f 6687 446 7206
f 7207 7206 1858
f 6687 7206 7207
f 1859 7208 7210
f 7208 1858 7209
f 7210 7209 451
f 7208 7209 7210
f 1713 7207 7204
f 7207 1858 7208
f 7204 7208 1859
f 7207 7208 7204
f 399 7045 7133
f 7045 1822 7211
f 7133 7211 1845
f 7045 7211 7133
f 1822 7042 7212
f 7042 448 7168
f 7212 7168 1849
f 7042 7168 7212
f 1845 7213 7135
f 7213 1849 7165
f 7135 7165 420
f 7213 7165 7135
f 1822 7212 7211
f 7212 1849 7213
f 7211 7213 1845
f 7212 7213 7211
f 458 7214 7216
f 7214 1860 7215
f 7216 7215 1861
f 7214 7215 7216
f 1860 7217 7218
f 7217 427 7023
f 7218 7023 1817
f 7217 7023 7218
f 1861 7219 7220
f 7219 1817 7027
f 7220 7027 463
f 7219 7027 7220
f 1860 7218 7215
f 7218 1817 7219
f 7215 7219 1861
f 7218 7219 7215
f 449 7221 7181
f 7221 1862 7222
f 7181 7222 1852
f 7221 7222 7181
f 1862 7223 7225
f 7223 457 7224
f 7225 7224 1863
f 7223 7224 7225
f 1852 7226 7176
f 7226 1863 7227
f 7176 7227 428
f 7226 7227 7176
f 1862 7225 7222
f 7225 1863 7226
f 7222 7226 1852
f 7225 7226 7222
f 395 5729 7229
f 5729 1487 7228
f 7229 7228 1865
f 5729 7228 7229
f 1487 5726 7231
f 5726 459 7230
f 7231 7230 1864
f 5726 7230 7231
f 1865 7232 7234
f 7232 1864 7233
f 7234 7233 461
f 7232 7233 7234
f 1487 7231 7228
f 7231 1864 7232
f 7228 7232 1865
f 7231 7232 7228
f 403 6906 7236
f 6906 1785 7235
f 7236 7235 1867
f 6906 7235 7236
f 1785 6912 7238
f 6912 450 7237
f 7238 7237 1866
f 6912 7237 7238
f 1867 7239 7241
f 7239 1866 7240
f 7241 7240 470
f 7239 7240 7241
f 1785 7238 7235
f 7238 1866 7239
f 7235 7239 1867
f 7238 7239 7235
f 413 7144 6825
f 7144 1847 7242
f 6825 7242 1758
f 7144 7242 6825
f 1847 7141 7243
f 7141 450 6911
f 7243 6911 1784
f 7141 6911 7243
f 1758 7244 6821
f 7244 1784 6908
f 6821 6908 398
f 7244 6908 6821
f 1847 7243 7242
f 7243 1784 7244
f 7242 7244 1758
f 7243 7244 7242
f 429 7245 7033
f 7245 1868 7246
f 7033 7246 1819
f 7245 7246 7033
f 1868 7247 7248
f 7247 451 7209
f 7248 7209 1858
f 7247 7209 7248
f 1819 7249 7036
f 7249 1858 7206
f 7036 7206 446
f 7249 7206 7036
f 1868 7248 7246
f 7248 1858 7249
f 7246 7249 1819
f 7248 7249 7246
f 430 6785 7055
f 6785 1745 7250
f 7055 7250 1826
f 6785 7250 7055
f 1745 6782 7251
f 6782 452 6722
f 7251 6722 1724
f 6782 6722 7251
f 1826 7252 7058
f 7252 1724 6719
f 7058 6719 402
f 7252 6719 7058
f 1745 7251 7250
f 7251 1724 7252
f 7250 7252 1826
f 7251 7252 7250
f 438 6717 6983
f 6717 1725 7253
f 6983 7253 1807
f 6717 7253 6983
f 1725 6723 7254
f 6723 452 6925
f 7254 6925 1789
f 6723 6925 7254
f 1807 7255 6986
f 7255 1789 6922
f 6986 6922 417
f 7255 6922 6986
f 1725 7254 7253
f 7254 1789 7255
f 7253 7255 1807
f 7254 7255 7253
f 444 7190 7184
f 7190 1855 7256
f 7184 7256 1853
f 7190 7256 7184
f 1855 7193 7258
f 7193 453 7257
f 7258 7257 1869
f 7193 7257 7258
f 1853 7259 7187
f 7259 1869 7260
f 7187 7260 394
f 7259 7260 7187
f 1855 7258 7256
f 7258 1869 7259
f 7256 7259 1853
f 7258 7259 7256
f 443 6831 7112
f 6831 1759 7261
f 7112 7261 1842
f 6831 7261 7112
f 1759 6828 7262
f 6828 421 6895
f 7262 6895 1779
f 6828 6895 7262
f 1842 7263 7114
f 7263 1779 6892
f 7114 6892 411
f 7263 6892 7114
f 1759 7262 7261
f 7262 1779 7263
f 7261 7263 1842
f 7262 7263 7261
f 454 7099 7265
f 7099 1837 7264
f 7265 7264 1871
f 7099 7264 7265
f 1837 7096 7267
f 7096 433 7266
f 7267 7266 1870
f 7096 7266 7267
f 1871 7268 7270
f 7268 1870 7269
f 7270 7269 462
f 7268 7269 7270
f 1837 7267 7264
f 7267 1870 7268
f 7264 7268 1871
f 7267 7268 7264
f 454 6803 7272
f 6803 1751 7271
f 7272 7271 1873
f 6803 7271 7272
f 1751 6800 7274
f 6800 442 7273
f 7274 7273 1872
f 6800 7273 7274
f 1873 7275 7277
f 7275 1872 7276
f 7277 7276 456
f 7275 7276 7277
f 1751 7274 7271
f 7274 1872 7275
f 7271 7275 1873
f 7274 7275 7271
f 422 7278 5782
f 7278 1874 7279
f 5782 7279 1499
f 7278 7279 5782
f 1874 7280 7282
f 7280 433 7281
f 7282 7281 1875
f 7280 7281 7282
f 1499 7283 5776
f 7283 1875 7284
f 5776 7284 459
f 7283 7284 5776
f 1874 7282 7279
f 7282 1875 7283
f 7279 7283 1499
f 7282 7283 7279
f 409 7001 6750
f 7001 1810 7285
f 6750 7285 1734
f 7001 7285 6750
f 1810 6998 7286
f 6998 418 6794
f 7286 6794 1748
f 6998 6794 7286
f 1734 7287 6744
f 7287 1748 6791
f 6744 6791 412
f 7287 6791 6744
f 1810 7286 7285
f 7286 1748 7287
f 7285 7287 1734
f 7286 7287 7285
f 412 6790 6696
f 6790 1747 7288
f 6696 7288 1716
f 6790 7288 6696
f 1747 6787 7289
f 6787 431 6946
f 7289 6946 1797
f 6787 6946 7289
f 1716 7290 6690
f 7290 1797 6951
f 6690 6951 408
f 7290 6951 6690
f 1747 7289 7288
f 7289 1797 7290
f 7288 7290 1716
f 7289 7290 7288
f 447 7095 5795
f 7095 1836 7291
f 5795 7291 1501
f 7095 7291 5795
f 1836 7092 7293
f 7092 455 7292
f 7293 7292 1876
f 7092 7292 7293
f 1501 7294 5791
f 7294 1876 7295
f 5791 7295 465
f 7294 7295 5791
f 1836 7293 7291
f 7293 1876 7294
f 7291 7294 1501
f 7293 7294 7291
f 420 7167 6897
f 7167 1850 7296
f 6897 7296 1781
f 7167 7296 6897
f 1850 7171 7297
f 7171 456 7276
f 7297 7276 1872
f 7171 7276 7297
f 1781 7298 6900
f 7298 1872 7273
f 6900 7273 442
f 7298 7273 6900
f 1850 7297 7296
f 7297 1872 7298
f 7296 7298 1781
f 7297 7298 7296
f 456 7106 7277
f 7106 1839 7299
f 7277 7299 1873
f 7106 7299 7277
f 1839 7103 7300
f 7103 463 6762
f 7300 6762 1740
f 7103 6762 7300
f 1873 7301 7272
f 7301 1740 6768
f 7272 6768 454
f 7301 6768 7272
f 1839 7300 7299
f 7300 1740 7301
f 7299 7301 1873
f 7300 7301 7299
f 457 7030 7224
f 7030 1818 7302
f 7224 7302 1863
f 7030 7302 7224
f 1818 7028 7303
f 7028 407 5804
f 7303 5804 1502
f 7028 5804 7303
f 1863 7304 7227
f 7304 1502 5802
f 7227 5802 428
f 7304 5802 7227
f 1818 7303 7302
f 7303 1502 7304
f 7302 7304 1863
f 7303 7304 7302
f 436 6771 6833
f 6771 1743 7305
f 6833 7305 1761
f 6771 7305 6833
f 1743 6777 7306
f 6777 457 7223
f 7306 7223 1862
f 6777 7223 7306
f 1761 7307 6836
f 7307 1862 7221
f 6836 7221 449
f 7307 7221 6836
f 1743 7306 7305
f 7306 1862 7307
f 7305 7307 1761
f 7306 7307 7305
f 394 7260 7309
f 7260 1869 7308
f 7309 7308 1878
f 7260 7308 7309
f 1869 7257 7311
f 7257 453 7310
f 7311 7310 1877
f 7257 7310 7311
f 1878 7312 7314
f 7312 1877 7313
f 7314 7313 440
f 7312 7313 7314
f 1869 7311 7308
f 7311 1877 7312
f 7308 7312 1878
f 7311 7312 7308
f 458 7200 7214
f 7200 1857 7315
f 7214 7315 1860
f 7200 7315 7214
f 1857 7197 7316
f 7197 469 6673
f 7316 6673 1708
f 7197 6673 7316
f 1860 7317 7217
f 7317 1708 6670
f 7217 6670 427
f 7317 6670 7217
f 1857 7316 7315
f 7316 1708 7317
f 7315 7317 1860
f 7316 7317 7315
f 437 7014 7050
f 7014 1815 7318
f 7050 7318 1824
f 7014 7318 7050
f 1815 7020 7320
f 7020 458 7319
f 7320 7319 1879
f 7020 7319 7320
f 1824 7321 7044
f 7321 1879 7322
f 7044 7322 448
f 7321 7322 7044
f 1815 7320 7318
f 7320 1879 7321
f 7318 7321 1824
f 7320 7321 7318
f 461 7233 7324
f 7233 1864 7323
f 7324 7323 1880
f 7233 7323 7324
f 1864 7230 7325
f 7230 459 7284
f 7325 7284 1875
f 7230 7284 7325
f 1880 7326 7327
f 7326 1875 7281
f 7327 7281 433
f 7326 7281 7327
f 1864 7325 7323
f 7325 1875 7326
f 7323 7326 1880
f 7325 7326 7323
f 460 6856 7329
f 6856 1769 7328
f 7329 7328 1882
f 6856 7328 7329
f 1769 6862 7331
f 6862 466 7330
f 7331 7330 1881
f 6862 7330 7331
f 1882 7332 7334
f 7332 1881 7333
f 7334 7333 467
f 7332 7333 7334
f 1769 7331 7328
f 7331 1881 7332
f 7328 7332 1882
f 7331 7332 7328
f 414 6964 7102
f 6964 1800 7335
f 7102 7335 1838
f 6964 7335 7102
f 1800 6961 7336
f 6961 461 7324
f 7336 7324 1880
f 6961 7324 7336
f 1838 7337 7098
f 7337 1880 7327
f 7098 7327 433
f 7337 7327 7098
f 1800 7336 7335
f 7336 1880 7337
f 7335 7337 1838
f 7336 7337 7335
f 454 7265 6804
f 7265 1871 7338
f 6804 7338 1752
f 7265 7338 6804
f 1871 7270 7339
f 7270 462 7082
f 7339 7082 1832
f 7270 7082 7339
f 1752 7340 6798
f 7340 1832 7079
f 6798 7079 401
f 7340 7079 6798
f 1871 7339 7338
f 7339 1832 7340
f 7338 7340 1752
f 7339 7340 7338
f 422 7158 7278
f 7158 1848 7341
f 7278 7341 1874
f 7158 7341 7278
f 1848 7155 7342
f 7155 462 7269
f 7342 7269 1870
f 7155 7269 7342
f 1874 7343 7280
f 7343 1870 7266
f 7280 7266 433
f 7343 7266 7280
f 1848 7342 7341
f 7342 1870 7343
f 7341 7343 1874
f 7342 7343 7341
f 458 7216 7319
f 7216 1861 7344
f 7319 7344 1879
f 7216 7344 7319
f 1861 7220 7345
f 7220 463 7105
f 7345 7105 1841
f 7220 7105 7345
f 1879 7346 7322
f 7346 1841 7111
f 7322 7111 448
f 7346 7111 7322
f 1861 7345 7344
f 7345 1841 7346
f 7344 7346 1879
f 7345 7346 7344
f 432 6713 7072
f 6713 1721 7347
f 7072 7347 1831
f 6713 7347 7072
f 1721 6710 7349
f 6710 410 7348
f 7349 7348 1883
f 6710 7348 7349
f 1831 7350 7074
f 7350 1883 7351
f 7074 7351 464
f 7350 7351 7074
f 1721 7349 7347
f 7349 1883 7350
f 7347 7350 1831
f 7349 7350 7347
f 465 7295 7353
f 7295 1876 7352
f 7353 7352 1885
f 7295 7352 7353
f 1876 7292 7355
f 7292 455 7354
f 7355 7354 1884
f 7292 7354 7355
f 1885 7356 7358
f 7356 1884 7357
f 7358 7357 466
f 7356 7357 7358
f 1876 7355 7352
f 7355 1884 7356
f 7352 7356 1885
f 7355 7356 7352
f 465 7353 5865
f 7353 1885 7359
f 5865 7359 1512
f 7353 7359 5865
f 1885 7358 7360
f 7358 466 6861
f 7360 6861 1768
f 7358 6861 7360
f 1512 7361 5862
f 7361 1768 6858
f 5862 6858 416
f 7361 6858 5862
f 1885 7360 7359
f 7360 1768 7361
f 7359 7361 1512
f 7360 7361 7359
f 405 7362 6679
f 7362 1886 7363
f 6679 7363 1711
f 7362 7363 6679
f 1886 7364 7365
f 7364 466 7357
f 7365 7357 1884
f 7364 7357 7365
f 1711 7366 6682
f 7366 1884 7354
f 6682 7354 455
f 7366 7354 6682
f 1886 7365 7363
f 7365 1884 7366
f 7363 7366 1711
f 7365 7366 7363
f 4 5876 7368
f 5876 1514 7367
f 7368 7367 1887
f 5876 7367 7368
f 1514 5873 7369
f 5873 416 6857
f 7369 6857 1767
f 5873 6857 7369
f 1887 7370 7371
f 7370 1767 6854
f 7371 6854 460
f 7370 6854 7371
f 1514 7369 7367
f 7369 1767 7370
f 7367 7370 1887
f 7369 7370 7367
f 461 6740 7234
f 6740 1730 7372
f 7234 7372 1865
f 6740 7372 7234
f 1730 6737 7373
f 6737 449 7180
f 7373 7180 1851
f 6737 7180 7373
f 1865 7374 7229
f 7374 1851 7177
f 7229 7177 395
f 7374 7177 7229
f 1730 7373 7372
f 7373 1851 7374
f 7372 7374 1865
f 7373 7374 7372
f 405 7375 7362
f 7375 1888 7376
f 7362 7376 1886
f 7375 7376 7362
f 1888 7377 7378
f 7377 467 7333
f 7378 7333 1881
f 7377 7333 7378
f 1886 7379 7364
f 7379 1881 7330
f 7364 7330 466
f 7379 7330 7364
f 1888 7378 7376
f 7378 1881 7379
f 7376 7379 1886
f 7378 7379 7376
f 468 7380 7382
f 7380 1889 7381
f 7382 7381 1890
f 7380 7381 7382
f 1889 7383 7384
f 7383 470 6754
f 7384 6754 1735
f 7383 6754 7384
f 1890 7385 7386
f 7385 1735 6751
f 7386 6751 397
f 7385 6751 7386
f 1889 7384 7381
f 7384 1735 7385
f 7381 7385 1890
f 7384 7385 7381
f 421 6677 6896
f 6677 1709 7387
f 6896 7387 1780
f 6677 7387 6896
f 1709 6674 7389
f 6674 469 7388
f 7389 7388 1891
f 6674 7388 7389
f 1780 7390 6890
f 7390 1891 7391
f 6890 7391 453
f 7390 7391 6890
f 1709 7389 7387
f 7389 1891 7390
f 7387 7390 1780
f 7389 7390 7387
f 445 7126 6921
f 7126 1844 7392
f 6921 7392 1788
f 7126 7392 6921
f 1844 7129 7393
f 7129 430 7054
f 7393 7054 1825
f 7129 7054 7393
f 1788 7394 6915
f 7394 1825 7051
f 6915 7051 415
f 7394 7051 6915
f 1844 7393 7392
f 7393 1825 7394
f 7392 7394 1788
f 7393 7394 7392
f 453 7391 7310
f 7391 1891 7395
f 7310 7395 1877
f 7391 7395 7310
f 1891 7388 7397
f 7388 469 7396
f 7397 7396 1892
f 7388 7396 7397
f 1877 7398 7313
f 7398 1892 7399
f 7313 7399 440
f 7398 7399 7313
f 1891 7397 7395
f 7397 1892 7398
f 7395 7398 1877
f 7397 7398 7395
f 403 7236 7401
f 7236 1867 7400
f 7401 7400 1893
f 7236 7400 7401
f 1867 7241 7402
f 7241 470 7383
f 7402 7383 1889
f 7241 7383 7402
f 1893 7403 7404
f 7403 1889 7380
f 7404 7380 468
f 7403 7380 7404
f 1867 7402 7400
f 7402 1889 7403
f 7400 7403 1893
f 7402 7403 7400
f 441 7068 6665
f 7068 1830 7405
f 6665 7405 1706
f 7068 7405 6665
f 1830 7071 7406
f 7071 470 7240
f 7406 7240 1866
f 7071 7240 7406
f 1706 7407 6668
f 7407 1866 7237
f 6668 7237 450
f 7407 7237 6668
f 1830 7406 7405
f 7406 1866 7407
f 7405 7407 1706
f 7406 7407 7405
f 469 7196 7396
f 7196 1856 7408
f 7396 7408 1892
f 7196 7408 7396
f 1856 7194 7409
f 7194 445 6920
f 7409 6920 1787
f 7194 6920 7409
f 1892 7410 7399
f 7410 1787 6917
f 7399 6917 440
f 7410 6917 7399
f 1856 7409 7408
f 7409 1787 7410
f 7408 7410 1892
f 7409 7410 7408
f 484 7411 7413
f 7411 1894 7412
f 7413 7412 1896
f 7411 7412 7413
f 1894 7414 7416
f 7414 498 7415
f 7416 7415 1895
f 7414 7415 7416
f 1896 7417 7419
f 7417 1895 7418
f 7419 7418 507
f 7417 7418 7419
f 1894 7416 7412
f 7416 1895 7417
f 7412 7417 1896
f 7416 7417 7412
f 520 7420 7422
f 7420 1897 7421
f 7422 7421 1899
f 7420 7421 7422
f 1897 7423 7425
f 7423 511 7424
f 7425 7424 1898
f 7423 7424 7425
f 1899 7426 7428
f 7426 1898 7427
f 7428 7427 510
f 7426 7427 7428
f 1897 7425 7421
f 7425 1898 7426
f 7421 7426 1899
f 7425 7426 7421
f 495 7429 7431
f 7429 1900 7430
f 7431 7430 1902
f 7429 7430 7431
f 1900 7432 7434
f 7432 536 7433
f 7434 7433 1901
f 7432 7433 7434
f 1902 7435 7437
f 7435 1901 7436
f 7437 7436 500
f 7435 7436 7437
f 1900 7434 7430
f 7434 1901 7435
f 7430 7435 1902
f 7434 7435 7430
f 516 7438 7440
f 7438 1903 7439
f 7440 7439 1905
f 7438 7439 7440
f 1903 7441 7443
f 7441 524 7442
f 7443 7442 1904
f 7441 7442 7443
f 1905 7444 7446
f 7444 1904 7445
f 7446 7445 405
f 7444 7445 7446
f 1903 7443 7439
f 7443 1904 7444
f 7439 7444 1905
f 7443 7444 7439
f 487 7447 7449
f 7447 1906 7448
f 7449 7448 1908
f 7447 7448 7449
f 1906 7450 7452
f 7450 512 7451
f 7452 7451 1907
f 7450 7451 7452
f 1908 7453 7455
f 7453 1907 7454
f 7455 7454 483
f 7453 7454 7455
f 1906 7452 7448
f 7452 1907 7453
f 7448 7453 1908
f 7452 7453 7448
f 481 7456 7458
f 7456 1909 7457
f 7458 7457 1911
f 7456 7457 7458
f 1909 7459 7461
f 7459 510 7460
f 7461 7460 1910
f 7459 7460 7461
f 1911 7462 7464
f 7462 1910 7463
f 7464 7463 476
f 7462 7463 7464
f 1909 7461 7457
f 7461 1910 7462
f 7457 7462 1911
f 7461 7462 7457
f 504 7465 7467
f 7465 1912 7466
f 7467 7466 1914
f 7465 7466 7467
f 1912 7468 7470
f 7468 485 7469
f 7470 7469 1913
f 7468 7469 7470
f 1914 7471 7473
f 7471 1913 7472
f 7473 7472 488
f 7471 7472 7473
f 1912 7470 7466
f 7470 1913 7471
f 7466 7471 1914
f 7470 7471 7466
f 521 7474 7476
f 7474 1915 7475
f 7476 7475 1916
f 7474 7475 7476
f 1915 7477 7478
f 7477 402 6718
f 7478 6718 1723
f 7477 6718 7478
f 1916 7479 7480
f 7479 1723 6715
f 7480 6715 438
f 7479 6715 7480
f 1915 7478 7475
f 7478 1723 7479
f 7475 7479 1916
f 7478 7479 7475
f 492 7481 7483
f 7481 1917 7482
f 7483 7482 1919
f 7481 7482 7483
f 1917 7484 7486
f 7484 473 7485
f 7486 7485 1918
f 7484 7485 7486
f 1919 7487 7489
f 7487 1918 7488
f 7489 7488 477
f 7487 7488 7489
f 1917 7486 7482
f 7486 1918 7487
f 7482 7487 1919
f 7486 7487 7482
f 529 7490 7492
f 7490 1920 7491
f 7492 7491 1922
f 7490 7491 7492
f 1920 7493 7495
f 7493 519 7494
f 7495 7494 1921
f 7493 7494 7495
f 1922 7496 7498
f 7496 1921 7497
f 7498 7497 513
f 7496 7497 7498
f 1920 7495 7491
f 7495 1921 7496
f 7491 7496 1922
f 7495 7496 7491
f 484 7499 7501
f 7499 1923 7500
f 7501 7500 1925
f 7499 7500 7501
f 1923 7502 7504
f 7502 478 7503
f 7504 7503 1924
f 7502 7503 7504
f 1925 7505 7507
f 7505 1924 7506
f 7507 7506 487
f 7505 7506 7507
f 1923 7504 7500
f 7504 1924 7505
f 7500 7505 1925
f 7504 7505 7500
f 503 7508 7510
f 7508 1926 7509
f 7510 7509 1928
f 7508 7509 7510
f 1926 7511 7513
f 7511 537 7512
f 7513 7512 1927
f 7511 7512 7513
f 1928 7514 7516
f 7514 1927 7515
f 7516 7515 474
f 7514 7515 7516
f 1926 7513 7509
f 7513 1927 7514
f 7509 7514 1928
f 7513 7514 7509
f 523 7517 7519
f 7517 1929 7518
f 7519 7518 1931
f 7517 7518 7519
f 1929 7520 7522
f 7520 489 7521
f 7522 7521 1930
f 7520 7521 7522
f 1931 7523 7525
f 7523 1930 7524
f 7525 7524 531
f 7523 7524 7525
f 1929 7522 7518
f 7522 1930 7523
f 7518 7523 1931
f 7522 7523 7518
f 526 7526 7528
f 7526 1932 7527
f 7528 7527 1934
f 7526 7527 7528
f 1932 7529 7531
f 7529 506 7530
f 7531 7530 1933
f 7529 7530 7531
f 1934 7532 7534
f 7532 1933 7533
f 7534 7533 508
f 7532 7533 7534
f 1932 7531 7527
f 7531 1933 7532
f 7527 7532 1934
f 7531 7532 7527
f 502 7535 7537
f 7535 1935 7536
f 7537 7536 1937
f 7535 7536 7537
f 1935 7538 7540
f 7538 521 7539
f 7540 7539 1936
f 7538 7539 7540
f 1937 7541 7543
f 7541 1936 7542
f 7543 7542 497
f 7541 7542 7543
f 1935 7540 7536
f 7540 1936 7541
f 7536 7541 1937
f 7540 7541 7536
f 492 7544 7546
f 7544 1938 7545
f 7546 7545 1940
f 7544 7545 7546
f 1938 7547 7549
f 7547 487 7548
f 7549 7548 1939
f 7547 7548 7549
f 1940 7550 7552
f 7550 1939 7551
f 7552 7551 503
f 7550 7551 7552
f 1938 7549 7545
f 7549 1939 7550
f 7545 7550 1940
f 7549 7550 7545
f 523 7553 7555
f 7553 1941 7554
f 7555 7554 1943
f 7553 7554 7555
f 1941 7556 7558
f 7556 512 7557
f 7558 7557 1942
f 7556 7557 7558
f 1943 7559 7561
f 7559 1942 7560
f 7561 7560 478
f 7559 7560 7561
f 1941 7558 7554
f 7558 1942 7559
f 7554 7559 1943
f 7558 7559 7554
f 477 7562 7489
f 7562 1944 7563
f 7489 7563 1919
f 7562 7563 7489
f 1944 7564 7566
f 7564 498 7565
f 7566 7565 1945
f 7564 7565 7566
f 1919 7567 7483
f 7567 1945 7568
f 7483 7568 492
f 7567 7568 7483
f 1944 7566 7563
f 7566 1945 7567
f 7563 7567 1919
f 7566 7567 7563
f 478 7569 7571
f 7569 1946 7570
f 7571 7570 1947
f 7569 7570 7571
f 1946 7572 7573
f 7572 493 4536
f 7573 4536 1178
f 7572 4536 7573
f 1947 7574 7575
f 7574 1178 4533
f 7575 4533 480
f 7574 4533 7575
f 1946 7573 7570
f 7573 1178 7574
f 7570 7574 1947
f 7573 7574 7570
f 488 7472 7577
f 7472 1913 7576
f 7577 7576 1949
f 7472 7576 7577
f 1913 7469 7579
f 7469 485 7578
f 7579 7578 1948
f 7469 7578 7579
f 1949 7580 7582
f 7580 1948 7581
f 7582 7581 475
f 7580 7581 7582
f 1913 7579 7576
f 7579 1948 7580
f 7576 7580 1949
f 7579 7580 7576
f 513 7583 7585
f 7583 1950 7584
f 7585 7584 1951
f 7583 7584 7585
f 1950 7586 7587
f 7586 495 7431
f 7587 7431 1902
f 7586 7431 7587
f 1951 7588 7589
f 7588 1902 7437
f 7589 7437 500
f 7588 7437 7589
f 1950 7587 7584
f 7587 1902 7588
f 7584 7588 1951
f 7587 7588 7584
f 486 7590 7592
f 7590 1952 7591
f 7592 7591 1954
f 7590 7591 7592
f 1952 7593 7595
f 7593 519 7594
f 7595 7594 1953
f 7593 7594 7595
f 1954 7596 7598
f 7596 1953 7597
f 7598 7597 508
f 7596 7597 7598
f 1952 7595 7591
f 7595 1953 7596
f 7591 7596 1954
f 7595 7596 7591
f 512 7599 7451
f 7599 1955 7600
f 7451 7600 1907
f 7599 7600 7451
f 1955 7601 7603
f 7601 511 7602
f 7603 7602 1956
f 7601 7602 7603
f 1907 7604 7454
f 7604 1956 7605
f 7454 7605 483
f 7604 7605 7454
f 1955 7603 7600
f 7603 1956 7604
f 7600 7604 1907
f 7603 7604 7600
f 493 7606 4578
f 7606 1957 7607
f 4578 7607 1191
f 7606 7607 4578
f 1957 7608 7609
f 7608 484 7413
f 7609 7413 1896
f 7608 7413 7609
f 1191 7610 4573
f 7610 1896 7419
f 4573 7419 507
f 7610 7419 4573
f 1957 7609 7607
f 7609 1896 7610
f 7607 7610 1191
f 7609 7610 7607
f 534 7611 7613
f 7611 1958 7612
f 7613 7612 1960
f 7611 7612 7613
f 1958 7614 7616
f 7614 490 7615
f 7616 7615 1959
f 7614 7615 7616
f 1960 7617 7619
f 7617 1959 7618
f 7619 7618 460
f 7617 7618 7619
f 1958 7616 7612
f 7616 1959 7617
f 7612 7617 1960
f 7616 7617 7612
f 510 7459 7621
f 7459 1909 7620
f 7621 7620 1962
f 7459 7620 7621
f 1909 7456 7623
f 7456 481 7622
f 7623 7622 1961
f 7456 7622 7623
f 1962 7624 7626
f 7624 1961 7625
f 7626 7625 488
f 7624 7625 7626
f 1909 7623 7620
f 7623 1961 7624
f 7620 7624 1962
f 7623 7624 7620
f 532 7627 7629
f 7627 1963 7628
f 7629 7628 1965
f 7627 7628 7629
f 1963 7630 7632
f 7630 499 7631
f 7632 7631 1964
f 7630 7631 7632
f 1965 7633 7635
f 7633 1964 7634
f 7635 7634 393
f 7633 7634 7635
f 1963 7632 7628
f 7632 1964 7633
f 7628 7633 1965
f 7632 7633 7628
f 491 7636 7638
f 7636 1966 7637
f 7638 7637 1968
f 7636 7637 7638
f 1966 7639 7641
f 7639 499 7640
f 7641 7640 1967
f 7639 7640 7641
f 1968 7642 7644
f 7642 1967 7643
f 7644 7643 504
f 7642 7643 7644
f 1966 7641 7637
f 7641 1967 7642
f 7637 7642 1968
f 7641 7642 7637
f 495 7645 7647
f 7645 1969 7646
f 7647 7646 1971
f 7645 7646 7647
f 1969 7648 7650
f 7648 486 7649
f 7650 7649 1970
f 7648 7649 7650
f 1971 7651 7653
f 7651 1970 7652
f 7653 7652 522
f 7651 7652 7653
f 1969 7650 7646
f 7650 1970 7651
f 7646 7651 1971
f 7650 7651 7646
f 511 7601 7655
f 7601 1955 7654
f 7655 7654 1973
f 7601 7654 7655
f 1955 7599 7657
f 7599 512 7656
f 7657 7656 1972
f 7599 7656 7657
f 1973 7658 7660
f 7658 1972 7659
f 7660 7659 494
f 7658 7659 7660
f 1955 7657 7654
f 7657 1972 7658
f 7654 7658 1973
f 7657 7658 7654
f 520 7661 7663
f 7661 1974 7662
f 7663 7662 1976
f 7661 7662 7663
f 1974 7664 7666
f 7664 475 7665
f 7666 7665 1975
f 7664 7665 7666
f 1976 7667 7669
f 7667 1975 7668
f 7669 7668 479
f 7667 7668 7669
f 1974 7666 7662
f 7666 1975 7667
f 7662 7667 1976
f 7666 7667 7662
f 515 7670 7672
f 7670 1977 7671
f 7672 7671 1978
f 7670 7671 7672
f 1977 7673 7674
f 7673 440 6916
f 7674 6916 1786
f 7673 6916 7674
f 1978 7675 7676
f 7675 1786 6913
f 7676 6913 415
f 7675 6913 7676
f 1977 7674 7671
f 7674 1786 7675
f 7671 7675 1978
f 7674 7675 7671
f 481 7677 7679
f 7677 1979 7678
f 7679 7678 1981
f 7677 7678 7679
f 1979 7680 7682
f 7680 521 7681
f 7682 7681 1980
f 7680 7681 7682
f 1981 7683 7685
f 7683 1980 7684
f 7685 7684 491
f 7683 7684 7685
f 1979 7682 7678
f 7682 1980 7683
f 7678 7683 1981
f 7682 7683 7678
f 426 7686 7688
f 7686 1982 7687
f 7688 7687 1983
f 7686 7687 7688
f 1982 7689 7690
f 7689 499 7639
f 7690 7639 1966
f 7689 7639 7690
f 1983 7691 7692
f 7691 1966 7636
f 7692 7636 491
f 7691 7636 7692
f 1982 7690 7687
f 7690 1966 7691
f 7687 7691 1983
f 7690 7691 7687
f 498 7564 7694
f 7564 1944 7693
f 7694 7693 1985
f 7564 7693 7694
f 1944 7562 7696
f 7562 477 7695
f 7696 7695 1984
f 7562 7695 7696
f 1985 7697 7699
f 7697 1984 7698
f 7699 7698 471
f 7697 7698 7699
f 1944 7696 7693
f 7696 1984 7697
f 7693 7697 1985
f 7696 7697 7693
f 483 7700 7702
f 7700 1986 7701
f 7702 7701 1987
f 7700 7701 7702
f 1986 7703 7704
f 7703 537 7511
f 7704 7511 1926
f 7703 7511 7704
f 1987 7705 7706
f 7705 1926 7508
f 7706 7508 503
f 7705 7508 7706
f 1986 7704 7701
f 7704 1926 7705
f 7701 7705 1987
f 7704 7705 7701
f 497 7707 7543
f 7707 1988 7708
f 7543 7708 1937
f 7707 7708 7543
f 1988 7709 7711
f 7709 509 7710
f 7711 7710 1989
f 7709 7710 7711
f 1937 7712 7537
f 7712 1989 7713
f 7537 7713 502
f 7712 7713 7537
f 1988 7711 7708
f 7711 1989 7712
f 7708 7712 1937
f 7711 7712 7708
f 489 7714 7716
f 7714 1990 7715
f 7716 7715 1991
f 7714 7715 7716
f 1990 7717 7718
f 7717 529 7492
f 7718 7492 1922
f 7717 7492 7718
f 1991 7719 7720
f 7719 1922 7498
f 7720 7498 513
f 7719 7498 7720
f 1990 7718 7715
f 7718 1922 7719
f 7715 7719 1991
f 7718 7719 7715
f 508 7721 7598
f 7721 1992 7722
f 7598 7722 1954
f 7721 7722 7598
f 1992 7723 7725
f 7723 514 7724
f 7725 7724 1993
f 7723 7724 7725
f 1954 7726 7592
f 7726 1993 7727
f 7592 7727 486
f 7726 7727 7592
f 1992 7725 7722
f 7725 1993 7726
f 7722 7726 1954
f 7725 7726 7722
f 482 4703 7729
f 4703 1229 7728
f 7729 7728 1995
f 4703 7728 7729
f 1229 4700 7731
f 4700 517 7730
f 7731 7730 1994
f 4700 7730 7731
f 1995 7732 7734
f 7732 1994 7733
f 7734 7733 506
f 7732 7733 7734
f 1229 7731 7728
f 7731 1994 7732
f 7728 7732 1995
f 7731 7732 7728
f 491 7735 7692
f 7735 1996 7736
f 7692 7736 1983
f 7735 7736 7692
f 1996 7737 7738
f 7737 438 6982
f 7738 6982 1806
f 7737 6982 7738
f 1983 7739 7688
f 7739 1806 6980
f 7688 6980 426
f 7739 6980 7688
f 1996 7738 7736
f 7738 1806 7739
f 7736 7739 1983
f 7738 7739 7736
f 476 7740 7464
f 7740 1997 7741
f 7464 7741 1911
f 7740 7741 7464
f 1997 7742 7744
f 7742 497 7743
f 7744 7743 1998
f 7742 7743 7744
f 1911 7745 7458
f 7745 1998 7746
f 7458 7746 481
f 7745 7746 7458
f 1997 7744 7741
f 7744 1998 7745
f 7741 7745 1911
f 7744 7745 7741
f 507 7418 4721
f 7418 1895 7747
f 4721 7747 1234
f 7418 7747 4721
f 1895 7415 7748
f 7415 498 7694
f 7748 7694 1985
f 7415 7694 7748
f 1234 7749 4718
f 7749 1985 7699
f 4718 7699 471
f 7749 7699 4718
f 1895 7748 7747
f 7748 1985 7749
f 7747 7749 1234
f 7748 7749 7747
f 484 7750 7411
f 7750 1999 7751
f 7411 7751 1894
f 7750 7751 7411
f 1999 7752 7753
f 7752 492 7568
f 7753 7568 1945
f 7752 7568 7753
f 1894 7754 7414
f 7754 1945 7565
f 7414 7565 498
f 7754 7565 7414
f 1999 7753 7751
f 7753 1945 7754
f 7751 7754 1894
f 7753 7754 7751
f 481 7755 7622
f 7755 2000 7756
f 7622 7756 1961
f 7755 7756 7622
f 2000 7757 7758
f 7757 504 7467
f 7758 7467 1914
f 7757 7467 7758
f 1961 7759 7625
f 7759 1914 7473
f 7625 7473 488
f 7759 7473 7625
f 2000 7758 7756
f 7758 1914 7759
f 7756 7759 1961
f 7758 7759 7756
f 499 7689 7631
f 7689 1982 7760
f 7631 7760 1964
f 7689 7760 7631
f 1982 7686 7761
f 7686 426 7009
f 7761 7009 1812
f 7686 7009 7761
f 1964 7762 7634
f 7762 1812 7007
f 7634 7007 393
f 7762 7007 7634
f 1982 7761 7760
f 7761 1812 7762
f 7760 7762 1964
f 7761 7762 7760
f 527 7763 7765
f 7763 2001 7764
f 7765 7764 2003
f 7763 7764 7765
f 2001 7766 7768
f 7766 515 7767
f 7768 7767 2002
f 7766 7767 7768
f 2003 7769 7771
f 7769 2002 7770
f 7771 7770 509
f 7769 7770 7771
f 2001 7768 7764
f 7768 2002 7769
f 7764 7769 2003
f 7768 7769 7764
f 531 7524 7773
f 7524 1930 7772
f 7773 7772 2005
f 7524 7772 7773
f 1930 7521 7775
f 7521 489 7774
f 7775 7774 2004
f 7521 7774 7775
f 2005 7776 7778
f 7776 2004 7777
f 7778 7777 500
f 7776 7777 7778
f 1930 7775 7772
f 7775 2004 7776
f 7772 7776 2005
f 7775 7776 7772
f 506 7529 7734
f 7529 1932 7779
f 7734 7779 1995
f 7529 7779 7734
f 1932 7526 7781
f 7526 526 7780
f 7781 7780 2006
f 7526 7780 7781
f 1995 7782 7729
f 7782 2006 7783
f 7729 7783 482
f 7782 7783 7729
f 1932 7781 7779
f 7781 2006 7782
f 7779 7782 1995
f 7781 7782 7779
f 514 7784 7786
f 7784 2007 7785
f 7786 7785 2009
f 7784 7785 7786
f 2007 7787 7789
f 7787 516 7788
f 7789 7788 2008
f 7787 7788 7789
f 2009 7790 7792
f 7790 2008 7791
f 7792 7791 429
f 7790 7791 7792
f 2007 7789 7785
f 7789 2008 7790
f 7785 7790 2009
f 7789 7790 7785
f 509 7793 7795
f 7793 2010 7794
f 7795 7794 2012
f 7793 7794 7795
f 2010 7796 7798
f 7796 476 7797
f 7798 7797 2011
f 7796 7797 7798
f 2012 7799 7801
f 7799 2011 7800
f 7801 7800 518
f 7799 7800 7801
f 2010 7798 7794
f 7798 2011 7799
f 7794 7799 2012
f 7798 7799 7794
f 402 7802 7059
f 7802 2013 7803
f 7059 7803 1827
f 7802 7803 7059
f 2013 7804 7806
f 7804 502 7805
f 7806 7805 2014
f 7804 7805 7806
f 1827 7807 7053
f 7807 2014 7808
f 7053 7808 415
f 7807 7808 7053
f 2013 7806 7803
f 7806 2014 7807
f 7803 7807 1827
f 7806 7807 7803
f 474 7809 7516
f 7809 2015 7810
f 7516 7810 1928
f 7809 7810 7516
f 2015 7811 7813
f 7811 473 7812
f 7813 7812 2016
f 7811 7812 7813
f 1928 7814 7510
f 7814 2016 7815
f 7510 7815 503
f 7814 7815 7510
f 2015 7813 7810
f 7813 2016 7814
f 7810 7814 1928
f 7813 7814 7810
f 537 7703 7817
f 7703 1986 7816
f 7817 7816 2017
f 7703 7816 7817
f 1986 7700 7818
f 7700 483 7605
f 7818 7605 1956
f 7700 7605 7818
f 2017 7819 7820
f 7819 1956 7602
f 7820 7602 511
f 7819 7602 7820
f 1986 7818 7816
f 7818 1956 7819
f 7816 7819 2017
f 7818 7819 7816
f 499 7630 7640
f 7630 1963 7821
f 7640 7821 1967
f 7630 7821 7640
f 1963 7627 7823
f 7627 532 7822
f 7823 7822 2018
f 7627 7822 7823
f 1967 7824 7643
f 7824 2018 7825
f 7643 7825 504
f 7824 7825 7643
f 1963 7823 7821
f 7823 2018 7824
f 7821 7824 1967
f 7823 7824 7821
f 530 7826 7828
f 7826 2019 7827
f 7828 7827 2020
f 7826 7827 7828
f 2019 7829 7830
f 7829 478 7571
f 7830 7571 1947
f 7829 7571 7830
f 2020 7831 7832
f 7831 1947 7575
f 7832 7575 480
f 7831 7575 7832
f 2019 7830 7827
f 7830 1947 7831
f 7827 7831 2020
f 7830 7831 7827
f 524 7441 7834
f 7441 1903 7833
f 7834 7833 2022
f 7441 7833 7834
f 1903 7438 7836
f 7438 516 7835
f 7836 7835 2021
f 7438 7835 7836
f 2022 7837 7839
f 7837 2021 7838
f 7839 7838 506
f 7837 7838 7839
f 1903 7836 7833
f 7836 2021 7837
f 7833 7837 2022
f 7836 7837 7833
f 517 7840 7730
f 7840 2023 7841
f 7730 7841 1994
f 7840 7841 7730
f 2023 7842 7843
f 7842 524 7834
f 7843 7834 2022
f 7842 7834 7843
f 1994 7844 7733
f 7844 2022 7839
f 7733 7839 506
f 7844 7839 7733
f 2023 7843 7841
f 7843 2022 7844
f 7841 7844 1994
f 7843 7844 7841
f 489 7520 7846
f 7520 1929 7845
f 7846 7845 2025
f 7520 7845 7846
f 1929 7517 7848
f 7517 523 7847
f 7848 7847 2024
f 7517 7847 7848
f 2025 7849 7851
f 7849 2024 7850
f 7851 7850 505
f 7849 7850 7851
f 1929 7848 7845
f 7848 2024 7849
f 7845 7849 2025
f 7848 7849 7845
f 518 7852 7854
f 7852 2026 7853
f 7854 7853 2028
f 7852 7853 7854
f 2026 7855 7857
f 7855 525 7856
f 7857 7856 2027
f 7855 7856 7857
f 2028 7858 7860
f 7858 2027 7859
f 7860 7859 531
f 7858 7859 7860
f 2026 7857 7853
f 7857 2027 7858
f 7853 7858 2028
f 7857 7858 7853
f 519 7593 7494
f 7593 1952 7861
f 7494 7861 1921
f 7593 7861 7494
f 1952 7590 7863
f 7590 486 7862
f 7863 7862 2029
f 7590 7862 7863
f 1921 7864 7497
f 7864 2029 7865
f 7497 7865 513
f 7864 7865 7497
f 1952 7863 7861
f 7863 2029 7864
f 7861 7864 1921
f 7863 7864 7861
f 516 7787 7867
f 7787 2007 7866
f 7867 7866 2030
f 7787 7866 7867
f 2007 7784 7868
f 7784 514 7723
f 7868 7723 1992
f 7784 7723 7868
f 2030 7869 7870
f 7869 1992 7721
f 7870 7721 508
f 7869 7721 7870
f 2007 7868 7866
f 7868 1992 7869
f 7866 7869 2030
f 7868 7869 7866
f 476 7796 7740
f 7796 2010 7871
f 7740 7871 1997
f 7796 7871 7740
f 2010 7793 7872
f 7793 509 7709
f 7872 7709 1988
f 7793 7709 7872
f 1997 7873 7742
f 7873 1988 7707
f 7742 7707 497
f 7873 7707 7742
f 2010 7872 7871
f 7872 1988 7873
f 7871 7873 1997
f 7872 7873 7871
f 502 7713 7875
f 7713 1989 7874
f 7875 7874 2031
f 7713 7874 7875
f 1989 7710 7876
f 7710 509 7770
f 7876 7770 2002
f 7710 7770 7876
f 2031 7877 7878
f 7877 2002 7767
f 7878 7767 515
f 7877 7767 7878
f 1989 7876 7874
f 7876 2002 7877
f 7874 7877 2031
f 7876 7877 7874
f 521 7680 7539
f 7680 1979 7879
f 7539 7879 1936
f 7680 7879 7539
f 1979 7677 7880
f 7677 481 7746
f 7880 7746 1998
f 7677 7746 7880
f 1936 7881 7542
f 7881 1998 7743
f 7542 7743 497
f 7881 7743 7542
f 1979 7880 7879
f 7880 1998 7881
f 7879 7881 1936
f 7880 7881 7879
f 510 7882 7460
f 7882 2032 7883
f 7460 7883 1910
f 7882 7883 7460
f 2032 7884 7886
f 7884 494 7885
f 7886 7885 2033
f 7884 7885 7886
f 1910 7887 7463
f 7887 2033 7888
f 7463 7888 476
f 7887 7888 7463
f 2032 7886 7883
f 7886 2033 7887
f 7883 7887 1910
f 7886 7887 7883
f 488 7889 7626
f 7889 2034 7890
f 7626 7890 1962
f 7889 7890 7626
f 2034 7891 7892
f 7891 520 7422
f 7892 7422 1899
f 7891 7422 7892
f 1962 7893 7621
f 7893 1899 7428
f 7621 7428 510
f 7893 7428 7621
f 2034 7892 7890
f 7892 1899 7893
f 7890 7893 1962
f 7892 7893 7890
f 478 7502 7569
f 7502 1923 7894
f 7569 7894 1946
f 7502 7894 7569
f 1923 7499 7895
f 7499 484 7608
f 7895 7608 1957
f 7499 7608 7895
f 1946 7896 7572
f 7896 1957 7606
f 7572 7606 493
f 7896 7606 7572
f 1923 7895 7894
f 7895 1957 7896
f 7894 7896 1946
f 7895 7896 7894
f 491 7638 7685
f 7638 1968 7897
f 7685 7897 1981
f 7638 7897 7685
f 1968 7644 7898
f 7644 504 7757
f 7898 7757 2000
f 7644 7757 7898
f 1981 7899 7679
f 7899 2000 7755
f 7679 7755 481
f 7899 7755 7679
f 1968 7898 7897
f 7898 2000 7899
f 7897 7899 1981
f 7898 7899 7897
f 492 7546 7481
f 7546 1940 7900
f 7481 7900 1917
f 7546 7900 7481
f 1940 7552 7901
f 7552 503 7815
f 7901 7815 2016
f 7552 7815 7901
f 1917 7902 7484
f 7902 2016 7812
f 7484 7812 473
f 7902 7812 7484
f 1940 7901 7900
f 7901 2016 7902
f 7900 7902 1917
f 7901 7902 7900
f 496 7903 4881
f 7903 2035 7904
f 4881 7904 1272
f 7903 7904 4881
f 2035 7905 7906
f 7905 530 7828
f 7906 7828 2020
f 7905 7828 7906
f 1272 7907 4876
f 7907 2020 7832
f 4876 7832 480
f 7907 7832 4876
f 2035 7906 7904
f 7906 2020 7907
f 7904 7907 1272
f 7906 7907 7904
f 494 7884 7660
f 7884 2032 7908
f 7660 7908 1973
f 7884 7908 7660
f 2032 7882 7909
f 7882 510 7427
f 7909 7427 1898
f 7882 7427 7909
f 1973 7910 7655
f 7910 1898 7424
f 7655 7424 511
f 7910 7424 7655
f 2032 7909 7908
f 7909 1898 7910
f 7908 7910 1973
f 7909 7910 7908
f 478 7560 7503
f 7560 1942 7911
f 7503 7911 1924
f 7560 7911 7503
f 1942 7557 7912
f 7557 512 7450
f 7912 7450 1906
f 7557 7450 7912
f 1924 7913 7506
f 7913 1906 7447
f 7506 7447 487
f 7913 7447 7506
f 1942 7912 7911
f 7912 1906 7913
f 7911 7913 1924
f 7912 7913 7911
f 525 7855 7915
f 7855 2026 7914
f 7915 7914 2037
f 7855 7914 7915
f 2026 7852 7917
f 7852 518 7916
f 7917 7916 2036
f 7852 7916 7917
f 2037 7918 7920
f 7918 2036 7919
f 7920 7919 494
f 7918 7919 7920
f 2026 7917 7914
f 7917 2036 7918
f 7914 7918 2037
f 7917 7918 7914
f 489 7716 7774
f 7716 1991 7921
f 7774 7921 2004
f 7716 7921 7774
f 1991 7720 7922
f 7720 513 7585
f 7922 7585 1951
f 7720 7585 7922
f 2004 7923 7777
f 7923 1951 7589
f 7777 7589 500
f 7923 7589 7777
f 1991 7922 7921
f 7922 1951 7923
f 7921 7923 2004
f 7922 7923 7921
f 519 7924 7926
f 7924 2038 7925
f 7926 7925 2039
f 7924 7925 7926
f 2038 7927 7928
f 7927 472 4901
f 7928 4901 1275
f 7927 4901 7928
f 2039 7929 7930
f 7929 1275 4898
f 7930 4898 501
f 7929 4898 7930
f 2038 7928 7925
f 7928 1275 7929
f 7925 7929 2039
f 7928 7929 7925
f 394 7931 7188
f 7931 2040 7932
f 7188 7932 1854
f 7931 7932 7188
f 2040 7933 7934
f 7933 514 7786
f 7934 7786 2009
f 7933 7786 7934
f 1854 7935 7183
f 7935 2009 7792
f 7183 7792 429
f 7935 7792 7183
f 2040 7934 7932
f 7934 2009 7935
f 7932 7935 1854
f 7934 7935 7932
f 522 7652 7937
f 7652 1970 7936
f 7937 7936 2041
f 7652 7936 7937
f 1970 7649 7938
f 7649 486 7727
f 7938 7727 1993
f 7649 7727 7938
f 2041 7939 7940
f 7939 1993 7724
f 7940 7724 514
f 7939 7724 7940
f 1970 7938 7936
f 7938 1993 7939
f 7936 7939 2041
f 7938 7939 7936
f 527 7941 7763
f 7941 2042 7942
f 7763 7942 2001
f 7941 7942 7763
f 2042 7943 7945
f 7943 536 7944
f 7945 7944 2043
f 7943 7944 7945
f 2001 7946 7766
f 7946 2043 7947
f 7766 7947 515
f 7946 7947 7766
f 2042 7945 7942
f 7945 2043 7946
f 7942 7946 2001
f 7945 7946 7942
f 508 7533 7870
f 7533 1933 7948
f 7870 7948 2030
f 7533 7948 7870
f 1933 7530 7949
f 7530 506 7838
f 7949 7838 2021
f 7530 7838 7949
f 2030 7950 7867
f 7950 2021 7835
f 7867 7835 516
f 7950 7835 7867
f 1933 7949 7948
f 7949 2021 7950
f 7948 7950 2030
f 7949 7950 7948
f 451 7951 7210
f 7951 2044 7952
f 7210 7952 1859
f 7951 7952 7210
f 2044 7953 7954
f 7953 516 7440
f 7954 7440 1905
f 7953 7440 7954
f 1859 7955 7205
f 7955 1905 7446
f 7205 7446 405
f 7955 7446 7205
f 2044 7954 7952
f 7954 1905 7955
f 7952 7955 1859
f 7954 7955 7952
f 494 7919 7885
f 7919 2036 7956
f 7885 7956 2033
f 7919 7956 7885
f 2036 7916 7957
f 7916 518 7800
f 7957 7800 2011
f 7916 7800 7957
f 2033 7958 7888
f 7958 2011 7797
f 7888 7797 476
f 7958 7797 7888
f 2036 7957 7956
f 7957 2011 7958
f 7956 7958 2033
f 7957 7958 7956
f 531 7773 7960
f 7773 2005 7959
f 7960 7959 2046
f 7773 7959 7960
f 2005 7778 7962
f 7778 500 7961
f 7962 7961 2045
f 7778 7961 7962
f 2046 7963 7965
f 7963 2045 7964
f 7965 7964 527
f 7963 7964 7965
f 2005 7962 7959
f 7962 2045 7963
f 7959 7963 2046
f 7962 7963 7959
f 501 7966 7930
f 7966 2047 7967
f 7930 7967 2039
f 7966 7967 7930
f 2047 7968 7970
f 7968 526 7969
f 7970 7969 2048
f 7968 7969 7970
f 2039 7971 7926
f 7971 2048 7972
f 7926 7972 519
f 7971 7972 7926
f 2047 7970 7967
f 7970 2048 7971
f 7967 7971 2039
f 7970 7971 7967
f 529 7973 7975
f 7973 2049 7974
f 7975 7974 2050
f 7973 7974 7975
f 2049 7976 7977
f 7976 528 4952
f 7977 4952 1287
f 7976 4952 7977
f 2050 7978 7979
f 7978 1287 4949
f 7979 4949 472
f 7978 4949 7979
f 2049 7977 7974
f 7977 1287 7978
f 7974 7978 2050
f 7977 7978 7974
f 537 7980 7982
f 7980 2051 7981
f 7982 7981 2052
f 7980 7981 7982
f 2051 7983 7984
f 7983 520 7663
f 7984 7663 1976
f 7983 7663 7984
f 2052 7985 7986
f 7985 1976 7669
f 7986 7669 479
f 7985 7669 7986
f 2051 7984 7981
f 7984 1976 7985
f 7981 7985 2052
f 7984 7985 7981
f 475 7664 7582
f 7664 1974 7987
f 7582 7987 1949
f 7664 7987 7582
f 1974 7661 7988
f 7661 520 7891
f 7988 7891 2034
f 7661 7891 7988
f 1949 7989 7577
f 7989 2034 7889
f 7577 7889 488
f 7989 7889 7577
f 1974 7988 7987
f 7988 2034 7989
f 7987 7989 1949
f 7988 7989 7987
f 516 7953 7788
f 7953 2044 7990
f 7788 7990 2008
f 7953 7990 7788
f 2044 7951 7991
f 7951 451 7247
f 7991 7247 1868
f 7951 7247 7991
f 2008 7992 7791
f 7992 1868 7245
f 7791 7245 429
f 7992 7245 7791
f 2044 7991 7990
f 7991 1868 7992
f 7990 7992 2008
f 7991 7992 7990
f 402 7477 7802
f 7477 1915 7993
f 7802 7993 2013
f 7477 7993 7802
f 1915 7474 7994
f 7474 521 7538
f 7994 7538 1935
f 7474 7538 7994
f 2013 7995 7804
f 7995 1935 7535
f 7804 7535 502
f 7995 7535 7804
f 1915 7994 7993
f 7994 1935 7995
f 7993 7995 2013
f 7994 7995 7993
f 491 7684 7735
f 7684 1980 7996
f 7735 7996 1996
f 7684 7996 7735
f 1980 7681 7997
f 7681 521 7476
f 7997 7476 1916
f 7681 7476 7997
f 1996 7998 7737
f 7998 1916 7480
f 7737 7480 438
f 7998 7480 7737
f 1980 7997 7996
f 7997 1916 7998
f 7996 7998 1996
f 7997 7998 7996
f 394 7999 7931
f 7999 2053 8000
f 7931 8000 2040
f 7999 8000 7931
f 2053 8001 8002
f 8001 522 7937
f 8002 7937 2041
f 8001 7937 8002
f 2040 8003 7933
f 8003 2041 7940
f 7933 7940 514
f 8003 7940 7933
f 2053 8002 8000
f 8002 2041 8003
f 8000 8003 2040
f 8002 8003 8000
f 486 7648 7862
f 7648 1969 8004
f 7862 8004 2029
f 7648 8004 7862
f 1969 7645 8005
f 7645 495 7586
f 8005 7586 1950
f 7645 7586 8005
f 2029 8006 7865
f 8006 1950 7583
f 7865 7583 513
f 8006 7583 7865
f 1969 8005 8004
f 8005 1950 8006
f 8004 8006 2029
f 8005 8006 8004
f 530 8007 8009
f 8007 2054 8008
f 8009 8008 2055
f 8007 8008 8009
f 2054 8010 8011
f 8010 505 7850
f 8011 7850 2024
f 8010 7850 8011
f 2055 8012 8013
f 8012 2024 7847
f 8013 7847 523
f 8012 7847 8013
f 2054 8011 8008
f 8011 2024 8012
f 8008 8012 2055
f 8011 8012 8008
f 525 8014 8016
f 8014 2056 8015
f 8016 8015 2057
f 8014 8015 8016
f 2056 8017 8018
f 8017 512 7556
f 8018 7556 1941
f 8017 7556 8018
f 2057 8019 8020
f 8019 1941 7553
f 8020 7553 523
f 8019 7553 8020
f 2056 8018 8015
f 8018 1941 8019
f 8015 8019 2057
f 8018 8019 8015
f 528 8021 5007
f 8021 2058 8022
f 5007 8022 1299
f 8021 8022 5007
f 2058 8023 8025
f 8023 505 8024
f 8025 8024 2059
f 8023 8024 8025
f 1299 8026 5001
f 8026 2059 8027
f 5001 8027 496
f 8026 8027 5001
f 2058 8025 8022
f 8025 2059 8026
f 8022 8026 1299
f 8025 8026 8022
f 487 7547 7507
f 7547 1938 8028
f 7507 8028 1925
f 7547 8028 7507
f 1938 7544 8029
f 7544 492 7752
f 8029 7752 1999
f 7544 7752 8029
f 1925 8030 7501
f 8030 1999 7750
f 7501 7750 484
f 8030 7750 7501
f 1938 8029 8028
f 8029 1999 8030
f 8028 8030 1925
f 8029 8030 8028
f 483 7702 7455
f 7702 1987 8031
f 7455 8031 1908
f 7702 8031 7455
f 1987 7706 8032
f 7706 503 7551
f 8032 7551 1939
f 7706 7551 8032
f 1908 8033 7449
f 8033 1939 7548
f 7449 7548 487
f 8033 7548 7449
f 1987 8032 8031
f 8032 1939 8033
f 8031 8033 1908
f 8032 8033 8031
f 533 8034 5020
f 8034 2060 8035
f 5020 8035 1301
f 8034 8035 5020
f 2060 8036 8037
f 8036 524 7842
f 8037 7842 2023
f 8036 7842 8037
f 1301 8038 5015
f 8038 2023 7840
f 5015 7840 517
f 8038 7840 5015
f 2060 8037 8035
f 8037 2023 8038
f 8035 8038 1301
f 8037 8038 8035
f 512 8017 7656
f 8017 2056 8039
f 7656 8039 1972
f 8017 8039 7656
f 2056 8014 8040
f 8014 525 7915
f 8040 7915 2037
f 8014 7915 8040
f 1972 8041 7659
f 8041 2037 7920
f 7659 7920 494
f 8041 7920 7659
f 2056 8040 8039
f 8040 2037 8041
f 8039 8041 1972
f 8040 8041 8039
f 523 7519 8020
f 7519 1931 8042
f 8020 8042 2057
f 7519 8042 8020
f 1931 7525 8043
f 7525 531 7859
f 8043 7859 2027
f 7525 7859 8043
f 2057 8044 8016
f 8044 2027 7856
f 8016 7856 525
f 8044 7856 8016
f 1931 8043 8042
f 8043 2027 8044
f 8042 8044 2057
f 8043 8044 8042
f 501 5031 7966
f 5031 1302 8045
f 7966 8045 2047
f 5031 8045 7966
f 1302 5028 8046
f 5028 482 7783
f 8046 7783 2006
f 5028 7783 8046
f 2047 8047 7968
f 8047 2006 7780
f 7968 7780 526
f 8047 7780 7968
f 1302 8046 8045
f 8046 2006 8047
f 8045 8047 2047
f 8046 8047 8045
f 519 7972 7594
f 7972 2048 8048
f 7594 8048 1953
f 7972 8048 7594
f 2048 7969 8049
f 7969 526 7528
f 8049 7528 1934
f 7969 7528 8049
f 1953 8050 7597
f 8050 1934 7534
f 7597 7534 508
f 8050 7534 7597
f 2048 8049 8048
f 8049 1934 8050
f 8048 8050 1953
f 8049 8050 8048
f 440 8051 7314
f 8051 2061 8052
f 7314 8052 1878
f 8051 8052 7314
f 2061 8053 8054
f 8053 522 8001
f 8054 8001 2053
f 8053 8001 8054
f 1878 8055 7309
f 8055 2053 7999
f 7309 7999 394
f 8055 7999 7309
f 2061 8054 8052
f 8054 2053 8055
f 8052 8055 1878
f 8054 8055 8052
f 500 7436 7961
f 7436 1901 8056
f 7961 8056 2045
f 7436 8056 7961
f 1901 7433 8057
f 7433 536 7943
f 8057 7943 2042
f 7433 7943 8057
f 2045 8058 7964
f 8058 2042 7941
f 7964 7941 527
f 8058 7941 7964
f 1901 8057 8056
f 8057 2042 8058
f 8056 8058 2045
f 8057 8058 8056
f 518 8059 7801
f 8059 2062 8060
f 7801 8060 2012
f 8059 8060 7801
f 2062 8061 8062
f 8061 527 7765
f 8062 7765 2003
f 8061 7765 8062
f 2012 8063 7795
f 8063 2003 7771
f 7795 7771 509
f 8063 7771 7795
f 2062 8062 8060
f 8062 2003 8063
f 8060 8063 2012
f 8062 8063 8060
f 505 8023 8065
f 8023 2058 8064
f 8065 8064 2063
f 8023 8064 8065
f 2058 8021 8066
f 8021 528 7976
f 8066 7976 2049
f 8021 7976 8066
f 2063 8067 8068
f 8067 2049 7973
f 8068 7973 529
f 8067 7973 8068
f 2058 8066 8064
f 8066 2049 8067
f 8064 8067 2063
f 8066 8067 8064
f 467 8069 7334
f 8069 2064 8070
f 7334 8070 1882
f 8069 8070 7334
f 2064 8071 8072
f 8071 534 7613
f 8072 7613 1960
f 8071 7613 8072
f 1882 8073 7329
f 8073 1960 7619
f 7329 7619 460
f 8073 7619 7329
f 2064 8072 8070
f 8072 1960 8073
f 8070 8073 1882
f 8072 8073 8070
f 505 8065 7851
f 8065 2063 8074
f 7851 8074 2025
f 8065 8074 7851
f 2063 8068 8075
f 8068 529 7717
f 8075 7717 1990
f 8068 7717 8075
f 2025 8076 7846
f 8076 1990 7714
f 7846 7714 489
f 8076 7714 7846
f 2063 8075 8074
f 8075 1990 8076
f 8074 8076 2025
f 8075 8076 8074
f 478 7829 7561
f 7829 2019 8077
f 7561 8077 1943
f 7829 8077 7561
f 2019 7826 8078
f 7826 530 8009
f 8078 8009 2055
f 7826 8009 8078
f 1943 8079 7555
f 8079 2055 8013
f 7555 8013 523
f 8079 8013 7555
f 2019 8078 8077
f 8078 2055 8079
f 8077 8079 1943
f 8078 8079 8077
f 505 8010 8024
f 8010 2054 8080
f 8024 8080 2059
f 8010 8080 8024
f 2054 8007 8081
f 8007 530 7905
f 8081 7905 2035
f 8007 7905 8081
f 2059 8082 8027
f 8082 2035 7903
f 8027 7903 496
f 8082 7903 8027
f 2054 8081 8080
f 8081 2035 8082
f 8080 8082 2059
f 8081 8082 8080
f 518 7854 8059
f 7854 2028 8083
f 8059 8083 2062
f 7854 8083 8059
f 2028 7860 8084
f 7860 531 7960
f 8084 7960 2046
f 7860 7960 8084
f 2062 8085 8061
f 8085 2046 7965
f 8061 7965 527
f 8085 7965 8061
f 2028 8084 8083
f 8084 2046 8085
f 8083 8085 2062
f 8084 8085 8083
f 532 8086 7822
f 8086 2065 8087
f 7822 8087 2018
f 8086 8087 7822
f 2065 8088 8089
f 8088 485 7468
f 8089 7468 1912
f 8088 7468 8089
f 2018 8090 7825
f 8090 1912 7465
f 7825 7465 504
f 8090 7465 7825
f 2065 8089 8087
f 8089 1912 8090
f 8087 8090 2018
f 8089 8090 8087
f 534 8091 8093
f 8091 2066 8092
f 8093 8092 2067
f 8091 8092 8093
f 2066 8094 8095
f 8094 524 8036
f 8095 8036 2060
f 8094 8036 8095
f 2067 8096 8097
f 8096 2060 8034
f 8097 8034 533
f 8096 8034 8097
f 2066 8095 8092
f 8095 2060 8096
f 8092 8096 2067
f 8095 8096 8092
f 490 7614 5086
f 7614 1958 8098
f 5086 8098 1310
f 7614 8098 5086
f 1958 7611 8099
f 7611 534 8093
f 8099 8093 2067
f 7611 8093 8099
f 1310 8100 5083
f 8100 2067 8097
f 5083 8097 533
f 8100 8097 5083
f 1958 8099 8098
f 8099 2067 8100
f 8098 8100 1310
f 8099 8100 8098
f 524 8094 7442
f 8094 2066 8101
f 7442 8101 1904
f 8094 8101 7442
f 2066 8091 8103
f 8091 534 8102
f 8103 8102 2068
f 8091 8102 8103
f 1904 8104 7445
f 8104 2068 8105
f 7445 8105 405
f 8104 8105 7445
f 2066 8103 8101
f 8103 2068 8104
f 8101 8104 1904
f 8103 8104 8101
f 460 7618 7371
f 7618 1959 8106
f 7371 8106 1887
f 7618 8106 7371
f 1959 7615 8107
f 7615 490 5094
f 8107 5094 1312
f 7615 5094 8107
f 1887 8108 7368
f 8108 1312 5092
f 7368 5092 4
f 8108 5092 7368
f 1959 8107 8106
f 8107 1312 8108
f 8106 8108 1887
f 8107 8108 8106
f 472 7927 7979
f 7927 2038 8109
f 7979 8109 2050
f 7927 8109 7979
f 2038 7924 8110
f 7924 519 7493
f 8110 7493 1920
f 7924 7493 8110
f 2050 8111 7975
f 8111 1920 7490
f 7975 7490 529
f 8111 7490 7975
f 2038 8110 8109
f 8110 1920 8111
f 8109 8111 2050
f 8110 8111 8109
f 534 8071 8102
f 8071 2064 8112
f 8102 8112 2068
f 8071 8112 8102
f 2064 8069 8113
f 8069 467 7377
f 8113 7377 1888
f 8069 7377 8113
f 2068 8114 8105
f 8114 1888 7375
f 8105 7375 405
f 8114 7375 8105
f 2064 8113 8112
f 8113 1888 8114
f 8112 8114 2068
f 8113 8114 8112
f 474 7515 8116
f 7515 1927 8115
f 8116 8115 2070
f 7515 8115 8116
f 1927 7512 8118
f 7512 537 8117
f 8118 8117 2069
f 7512 8117 8118
f 2070 8119 8121
f 8119 2069 8120
f 8121 8120 535
f 8119 8120 8121
f 1927 8118 8115
f 8118 2069 8119
f 8115 8119 2070
f 8118 8119 8115
f 522 8122 7653
f 8122 2071 8123
f 7653 8123 1971
f 8122 8123 7653
f 2071 8124 8125
f 8124 536 7432
f 8125 7432 1900
f 8124 7432 8125
f 1971 8126 7647
f 8126 1900 7429
f 7647 7429 495
f 8126 7429 7647
f 2071 8125 8123
f 8125 1900 8126
f 8123 8126 1971
f 8125 8126 8123
f 415 7808 7676
f 7808 2014 8127
f 7676 8127 1978
f 7808 8127 7676
f 2014 7805 8128
f 7805 502 7875
f 8128 7875 2031
f 7805 7875 8128
f 1978 8129 7672
f 8129 2031 7878
f 7672 7878 515
f 8129 7878 7672
f 2014 8128 8127
f 8128 2031 8129
f 8127 8129 1978
f 8128 8129 8127
f 440 8130 8051
f 8130 2072 8131
f 8051 8131 2061
f 8130 8131 8051
f 2072 8132 8133
f 8132 536 8124
f 8133 8124 2071
f 8132 8124 8133
f 2061 8134 8053
f 8134 2071 8122
f 8053 8122 522
f 8134 8122 8053
f 2072 8133 8131
f 8133 2071 8134
f 8131 8134 2061
f 8133 8134 8131
f 535 8120 8136
f 8120 2069 8135
f 8136 8135 2073
f 8120 8135 8136
f 2069 8117 8137
f 8117 537 7982
f 8137 7982 2052
f 8117 7982 8137
f 2073 8138 8139
f 8138 2052 7986
f 8139 7986 479
f 8138 7986 8139
f 2069 8137 8135
f 8137 2052 8138
f 8135 8138 2073
f 8137 8138 8135
f 520 7983 7420
f 7983 2051 8140
f 7420 8140 1897
f 7983 8140 7420
f 2051 7980 8141
f 7980 537 7817
f 8141 7817 2017
f 7980 7817 8141
f 1897 8142 7423
f 8142 2017 7820
f 7423 7820 511
f 8142 7820 7423
f 2051 8141 8140
f 8141 2017 8142
f 8140 8142 1897
f 8141 8142 8140
f 440 7673 8130
f 7673 1977 8143
f 8130 8143 2072
f 7673 8143 8130
f 1977 7670 8144
f 7670 515 7947
f 8144 7947 2043
f 7670 7947 8144
f 2072 8145 8132
f 8145 2043 7944
f 8132 7944 536
f 8145 7944 8132
f 1977 8144 8143
f 8144 2043 8145
f 8143 8145 2072
f 8144 8145 8143
