    0.017552     0.926379    -0.376184
  -0.0129797     0.999873     0.009264
  -0.0339073     0.920853     0.388433
    0.223277     0.908564    -0.353071
   -0.251717     0.945437     0.206849
   -0.349343     0.866128     0.357466
    0.315775     0.887323    -0.336071
   -0.335857     0.791932     0.509946
     0.12048     0.945931    -0.301164
   -0.103121     0.991532    0.0789272
    0.323982     0.814357    -0.481516
   -0.206021     0.732434     0.648919
   -0.278481     0.930275     0.238823
   0.0393198     0.998683    -0.032947
   -0.173904     0.975078     0.137771
   -0.336617     0.883404     0.326016
     0.28402     0.904866    -0.317097
   -0.354297     0.854424     0.380044
  -0.0903029     0.993553    0.0685441
    0.319229     0.874249    -0.365762
   -0.228089     0.955829     0.185381
   -0.297587     0.916355     0.267834
   -0.299254     0.762133     0.574108
    0.268681     0.904936    -0.330002
   0.0732922     0.993905   -0.0823494
    0.331791     0.836521    -0.436059
    0.296155     0.787085      -0.5411
   -0.196232     0.968339     0.154316
  -0.0656865     0.996617    0.0494048
    0.190762     0.914218    -0.357512
   0.0223582     0.999601   -0.0172824
   -0.146595     0.982508     0.114839
    0.078532     0.991155    -0.106977
   -0.346903     0.817155     0.460343
   -0.132223     0.985871      0.10284
    0.331489     0.855498    -0.397791
  -0.0505317     0.998043    0.0368236
   0.0311022     0.714581     -0.69886
    0.302654     0.898832     -0.31702
    0.248313     0.908177     -0.33698
    0.233165     0.756377    -0.611169
   -0.268222     0.937458     0.221878
   -0.328132     0.896351     0.298133
   0.0887875     0.902173     0.422138
    0.253967     0.875063     0.412026
    0.316121     0.909729     0.269184
    0.332234      0.88543     0.325013
     0.24758     0.961557     0.118797
    0.106048     0.984054     0.142802
   0.0847875     0.996364  -0.00837674
   -0.017565     0.999824  -0.00665214
  -0.0968866      0.95751    -0.271639
   -0.291334     0.647988     -0.70373
  -0.0252158     0.998131   -0.0556632
  0.00906706     0.997989   -0.0627278
  -0.0836913     0.993822   -0.0728929
    0.424394      0.85495     0.298244
 -0.00865159     0.870907    -0.491371
   0.0288788     0.894605    -0.445923
    0.146326     0.961962     0.230691
   -0.240398     0.730868      0.63878
   -0.431104     0.791818    -0.432636
    0.246439     0.946005     0.210575
    -0.14348     0.936555    -0.319809
   0.0909148     0.953988     0.285728
  -0.0746367     0.995508   -0.0582442
    0.160739     0.983917    0.0779149
   0.0065535     0.999078   -0.0424402
   -0.181947     0.958047    -0.221451
    0.115968     0.899196    -0.421899
    0.402491     0.894606     0.194116
   -0.373941     0.826497    -0.420797
     0.33596     0.544177     0.768766
  -0.0440261     0.998649    -0.027609
    0.256795     0.936828     0.237506
   0.0441749     0.980906     0.189399
    0.227092     0.807695    -0.544112
   -0.141294     0.889848    -0.433827
   -0.133846     0.986923   -0.0898247
    0.457569      0.69014     0.560658
  0.00581482     0.999589    0.0280853
   -0.312046     0.844632    -0.434998
    0.132221     0.987909    0.0809536
   -0.199644     0.966198    -0.163103
   0.0969736     0.909527     0.404175
  -0.0232457     0.999646   -0.0129362
  -0.0961544      0.97508     0.199931
     0.17559     0.920084     0.350161
   -0.081022     0.754926    -0.650786
   -0.445887      0.73173    -0.515515
   -0.359788     0.886354    -0.291425
   0.0717188     0.914265    -0.398718
   0.0547915     0.997894    0.0347086
  -0.0189805     0.599667     0.800024
   -0.193353     0.975953    -0.100649
    0.513159      0.60794     0.605869
    0.309791     0.933957     0.178196
     0.34627     0.887643     0.303624
   -0.490274     0.760455    -0.425839
   -0.277858     0.935164    -0.219688
    0.140088      0.98041     0.138463
  -0.0497436     0.997796   -0.0439148
      0.4406     0.831781     0.337656
   -0.080048     0.965652    -0.247202
   0.0973763     0.991347    0.0880333
   -0.361652     0.807676    -0.465691
   -0.228737     0.953737    -0.195105
    -0.22907     0.939921     0.253131
    0.258675     0.739594     -0.62136
   -0.443207     0.672786    -0.592391
  -0.0742135     0.578067     0.812607
    0.549306     0.739596     0.388921
    0.157754      0.95689     0.243874
   -0.487215     0.720178    -0.493929
    0.354025     0.912233     0.206149
     0.44382     0.568437      0.69275
   0.0658921     0.997737     0.013356
   0.0932811     0.993612    0.0635048
  -0.0492076     0.998407   -0.0275968
   -0.178985     0.977867    -0.108354
    0.227134      0.96221     0.150208
   -0.212839     0.965019    -0.153091
    0.184286     0.917698     0.351951
    -0.15948     0.830233    -0.534115
   -0.145121     0.923174    -0.355934
    0.105532     0.926731    -0.360602
    0.089735     0.653557     0.751539
   -0.272879     0.907238    -0.320088
   0.0827355      0.97805    -0.191241
     0.44856     0.782502     0.431839
   -0.298475     0.682479    -0.667185
  -0.0492048     0.998218   -0.0337683
    -0.42016     0.818619    -0.391571
    0.178786     0.980241    0.0846399
    0.256575     0.919674      0.29727
 1.26861e-16            1            0
  -0.0999183     0.919429     -0.38035
    -0.24885     0.957328    -0.146955
    0.598953     0.649221     0.468794
    0.312603     0.937557      0.15253
    0.383772     0.894175     0.230586
   -0.273631     0.854024    -0.442459
    0.221131     0.964432     0.144816
    0.262736     0.954867      0.13856
   0.0378068     0.998692    0.0344366
    0.041346     0.992766     0.112722
   0.0241604     0.770192     0.637355
   -0.152544     0.975657    -0.157556
    -0.14316     0.846592    -0.512627
    0.037507     0.843136     -0.53639
  -0.0103833     0.999442    0.0317567
   -0.299009     0.880874     0.366954
   -0.267689     0.752647    -0.601552
   -0.302014     0.900978    -0.311491
   0.0143812     0.973194    -0.229534
    0.338087     0.882691     0.326425
  -0.0260988     0.621418    -0.783044
   0.0238052     0.642472      0.76594
  -0.0644321     0.997436   -0.0311588
   -0.125511     0.982745     0.135865
    0.152406     0.950097    -0.272192
    0.233123      0.96371     0.130066
   -0.377849     0.885309    -0.271033
     0.35832     0.916165     0.179577
   -0.165984     0.981962   -0.0905534
     -0.2517     0.577034    -0.776967
   -0.144922     0.929042     -0.34041
   0.0151511     0.936102     0.351401
    -0.15156     0.958229    -0.242544
    0.517939     0.534071     0.668213
  0.00522099     0.999649    0.0259797
    0.132291     0.911531    -0.389371
   -0.405599      0.79617    -0.449003
   0.0291352     0.896131    -0.442832
     -0.1267     0.933012     0.336802
   -0.179732     0.917587    -0.354584
   -0.294263     0.937222    -0.187148
    0.088618     0.936723    -0.338671
      0.3985     0.588992     0.703055
    -0.27302     0.687397     0.673012
    0.101914     0.992922    0.0609888
     0.48562       0.8039     0.343392
    0.155083      0.97909     0.131655
   -0.146703     0.982761    -0.112513
   -0.372134     0.859895    -0.349424
 -0.00393663      0.99999  -0.00194736
   -0.100442     0.993631   -0.0510798
    0.163532     0.951155    -0.261843
    0.279086     0.796233    -0.536772
    -0.42227     0.665352    -0.615626
    -0.14021     0.979618     0.143837
   -0.445317     0.822288     -0.35431
    0.251116     0.959637      0.12664
    0.410106     0.884702     0.221618
    0.349673     0.901947     0.253417
    0.119378     0.671225    -0.731577
   -0.217702     0.668942      0.71072
   -0.364502     0.904553    -0.221182
    0.350094     0.922072     0.164975
    0.591684     0.724851     0.352847
    0.576735     0.584772     0.570454
   -0.183089     0.979479   -0.0842599
   -0.487696     0.690481    -0.534218
   -0.499224     0.786313    -0.363989
    0.156297     0.881267    -0.446026
  -0.0598634     0.994097   -0.0904851
     0.10493     0.912346    -0.395744
  -0.0978875     0.946862     0.306384
  -0.0194314     0.999109    0.0374629
    0.121632     0.831734     0.541687
    0.049908     0.987262     0.151072
  -0.0412511     0.984754    -0.168994
   -0.270821     0.941754    -0.199387
   -0.266414     0.838834    -0.474743
   -0.246366     0.626329    -0.739605
    0.247969     0.564165     0.787546
   -0.349796     0.781155    -0.517146
   -0.176054     0.977969    -0.112169
  -0.0191784     0.581854     0.813067
     0.13687     0.674148    -0.725803
    0.204802     0.959201     0.194909
   0.0495469     0.998501    0.0232555
   -0.375307     0.705886    -0.600724
   0.0949389     0.907689    -0.408762
    0.466179     0.831125     0.303165
   -0.284927     0.739055     0.610421
   -0.174036     0.628008    -0.758497
   -0.243821     0.671043     0.700181
    0.167058     0.672694    -0.720815
   -0.136593     0.946105     0.293646
   -0.444062     0.808294    -0.386614
    0.373023     0.817746     0.438344
    0.034844     0.864402     0.501593
   -0.230196     0.958652    -0.167319
    0.224303     0.954439     0.196809
    0.409414     0.850265     0.330801
    0.275006     0.949704     0.149777
     0.56134     0.678244     0.474217
    0.384485     0.901303     0.199562
  -0.0606293      0.99782   -0.0260796
   -0.272271     0.953801     -0.12701
    0.443471     0.871624      0.20882
    0.380389     0.909994     0.164973
   -0.461734      0.84224     -0.27827
  0.00271005     0.982139     0.188135
  -0.0227056     0.912745    -0.407898
   -0.249942     0.797413     0.549237
   -0.326615     0.921474     -0.21026
  -0.0528247      0.99367    0.0991449
    -0.29963     0.788685    -0.536841
   0.0310236      0.88686     0.460995
     0.41196     0.708031     0.573569
   0.0312542      0.99873    0.0395162
  0.00326872     0.999972  -0.00678665
    0.328252     0.855734     0.399962
   0.0101711     0.999903   0.00947078
   -0.245527     0.902532      0.35377
  -0.0792673     0.616017     0.783735
   -0.245557     0.907166     -0.34169
  0.00463364     0.964014    -0.265811
    0.409156     0.551684     0.726799
   0.0781414     0.992638   -0.0925406
   -0.206138      0.96571    -0.157833
  -0.0944472     0.993363   -0.0656538
    0.177505     0.709505    -0.681979
    0.148114     0.985683    0.0805628
    -0.36153     0.830185    -0.424369
    0.259149     0.952529      0.15978
   -0.152603     0.615942    -0.772869
   -0.387504     0.615274    -0.686497
    0.473862     0.631511     0.613717
   -0.454123     0.764647    -0.457261
    0.571734     0.752445     0.327027
    0.500058     0.806688     0.314954
    0.120042     0.933274    -0.338511
    0.138394     0.551585     0.822558
    -0.43235     0.857075    -0.280172
    0.122053     0.658534    -0.742587
   -0.495789     0.640668    -0.586291
    0.337296     0.894557     0.293256
   0.0308797     0.999431    0.0135875
    0.186993     0.971908     0.142926
    0.353818     0.908099     0.223984
   0.0413611        0.538     0.841929
    0.475308     0.849695     0.228257
    0.111119     0.992724    0.0463952
   -0.198607     0.946685     0.253659
    0.566626      0.65353      0.50183
    0.275644     0.953925     0.118526
  -0.0615741      0.98247    -0.175959
   -0.176111     0.891988     0.416343
  -0.0497374     0.982696     0.178423
   -0.102621     0.987506    -0.119587
    0.171897     0.918727    -0.355517
    0.083708     0.930305     0.357108
   0.0688621      0.89957    -0.431315
  -0.0615502     0.879421    -0.472049
    0.107293     0.985253     0.133286
 5.67529e-05     0.999853     0.017136
   -0.298341     0.864616    -0.404268
    -0.32989     0.793681     -0.51112
  -0.0348135     0.787279    -0.615614
     0.32758     0.771311     0.545683
   0.0311905     0.911171    -0.410846
   -0.280606     0.925969    -0.252668
   0.0462635     0.843795     0.534667
   -0.221477     0.927881    -0.299974
   0.0740552     0.730685     0.678687
  -0.0472495     0.998472   -0.0286466
   -0.500946     0.738691    -0.450987
    0.368412     0.840318     0.397667
   -0.330017     0.717075    -0.613915
  0.00888781     0.999895    -0.011487
   0.0716922     0.975364    -0.208629
    -0.35274     0.914241    -0.199345
    0.198899     0.742724    -0.639374
     0.24716     0.941463     0.229258
   -0.175676     0.970561    -0.164772
   0.0604043     0.997075    0.0468247
  -0.0533195     0.857329    -0.511999
  -0.0401448     0.592551    -0.804532
    0.479176     0.748912     0.457736
    0.333131     0.651482     0.681612
    0.140092     0.930118    -0.339491
   -0.406129     0.884369    -0.230111
  -0.0147248     0.618296     0.785808
     0.13629     0.988877    0.0595567
   -0.163223     0.970218     0.178984
    0.192241     0.974555     0.115266
   0.0200918      0.99975   0.00977406
   -0.177632     0.640924     0.746768
    0.169105     0.982936    0.0723951
   -0.348211     0.655475     -0.67015
    0.337261     0.577024     0.743841
 0.000731848     0.704162    -0.710039
   -0.359047     0.858397    -0.366388
   -0.312725     0.561731    -0.765938
    0.532113     0.634235     0.560894
    0.192103     0.944564     0.266263
   -0.462876     0.799111    -0.383625
   -0.511754     0.663488    -0.545794
   -0.237884     0.964732    -0.112707
   -0.212122     0.968757    -0.128503
   -0.107183     0.993098   -0.0476216
   -0.419591     0.640751    -0.642948
    0.185397     0.509838     0.840056
    0.328985     0.928304     0.173262
    0.142425      0.93929    -0.312168
   -0.477736     0.779462    -0.405225
   -0.446319        0.837    -0.316591
   -0.163242     0.630338     0.758964
    0.217436     0.711687    -0.667999
   -0.283072     0.877145     0.387926
    0.025872     0.997833    0.0604971
  -0.0486762     0.873901    -0.483661
  -0.0689831     0.824918    -0.561027
  -0.0152038     0.993404    -0.113651
   -0.102382     0.967545     -0.23103
  -0.0413455     0.885586     0.462632
  -0.0643334     0.985683     0.155852
   0.0299329     0.999092    0.0303082
   -0.203363      0.86502    -0.458676
   0.0699597     0.903442    -0.422964
  -0.0554653     0.997325    0.0476084
    0.182696     0.759367     0.624488
     0.10717       0.9113     -0.39755
  -0.0579907     0.929951    -0.363082
   -0.214987      0.95012     -0.22595
    0.120284     0.917896    -0.378153
   -0.200219     0.933717     0.296792
   -0.183186     0.816184    -0.547984
    0.372405     0.807679     0.457131
    0.126682     0.978375     0.163506
   -0.112667     0.742153     0.660693
   -0.164587      0.87564    -0.454054
    0.265415     0.887806     0.375972
   0.0435646     0.998415   -0.0356426
   0.0424446     0.996863   -0.0668066
    0.193831     0.822629    -0.534519
   -0.320683     0.919366    -0.227879
   -0.150183     0.979916     0.131185
   0.0250908     0.951829    -0.305601
     -0.3705     0.723529    -0.582439
    -0.26396     0.948166    -0.176934
   -0.160208     0.713678    -0.681907
    0.379874     0.852837      0.35828
  0.00569075     0.672522    -0.740056
  0.00339268     0.999993   0.00181263
   -0.318786     0.701339    -0.637573
   -0.311238     0.854468     0.415951
   0.0930611     0.640809    -0.762039
   -0.463889     0.740854    -0.485739
    -0.40204     0.813872    -0.419495
    0.140085     0.577559      0.80424
    0.271213     0.685812     0.675356
    0.139394     0.901651    -0.409384
   -0.144201     0.986704   -0.0749783
   -0.317646     0.876929    -0.360688
    0.203215     0.862628     0.463224
    0.214651     0.972186    0.0936939
    0.498074     0.658966     0.563637
    0.494006     0.785538     0.372676
    0.294673     0.629926     0.718583
    0.313631     0.922281     0.225905
    0.133979      0.98564     0.102775
   -0.386684     0.577983    -0.718618
   -0.424231     0.845216     -0.32502
   -0.173152     0.977189    -0.122963
    0.126361     0.989872    0.0647007
    -0.34256     0.768184     0.540875
   -0.408284     0.875722    -0.257711
   -0.328008     0.930602    -0.162449
    0.584766     0.733599      0.34624
    0.199312     0.971978     0.124632
    -0.50814     0.679563    -0.529139
   -0.386323     0.897745    -0.211682
   -0.298674     0.728018     0.617076
    0.223386     0.968502     0.110008
     0.54042     0.706893     0.456342
    0.523466     0.806005     0.276296
  -0.0252778     0.567398     0.823056
   -0.514533     0.759614    -0.397797
    0.302391     0.944746     0.126547
  -0.0822468     0.609697     0.788356
    0.503144     0.578606      0.64192
   -0.482094     0.620157    -0.618862
    0.605023     0.671957     0.427107
    0.246745     0.884553     0.395832
   -0.460301     0.808012    -0.367749
  -0.0834579      0.89145     0.445366
   0.0540907     0.994589       0.0887
  -0.0216385      0.98721    -0.157951
    0.108808     0.922126    -0.371275
   0.0116219     0.990904     0.134069
  -0.0650018     0.857872    -0.509735
    0.103171     0.944454     0.312029
    -0.25188     0.926291     0.280253
   0.0541948     0.946724    -0.317454
   0.0248815     0.888875    -0.457474
  -0.0466004      0.99716   -0.0591701
   -0.047478     0.806244    -0.589674
    0.249115     0.871302     0.422818
    0.216095     0.883745    -0.415088
   -0.282602     0.829147     0.482339
  -0.0677937     0.913856    -0.400338
    0.030563     0.790596     0.611575
   -0.102929     0.988718     0.108822
   -0.177701     0.898883     -0.40054
   -0.163973     0.972954    -0.162709
    0.293069     0.829822    -0.474875
 -0.00129508     0.999999  0.000606032
  -0.0391839      0.73983     0.671652
  -0.0281009      0.94006     -0.33985
   -0.238687     0.770464    -0.591113
    0.222245     0.811961     0.539746
   -0.250298     0.711117    -0.657011
   0.0289103     0.999235    0.0263385
   -0.292316     0.889869    -0.350263
   0.0717275     0.888534     -0.45317
    0.394025     0.822072     0.411025
   0.0183624     0.999756    0.0122486
   0.0380001     0.887883    -0.458497
  -0.0596224     0.956972     0.283991
   -0.227611     0.937598    -0.262875
    0.107714     0.979959    -0.167566
   -0.336441     0.815125     0.471571
   0.0290363     0.995214   -0.0933048
    0.147434      0.92614     -0.34717
   -0.105398     0.669206    -0.735564
   -0.154405     0.685484     0.711527
    0.398635     0.754986      0.52066
   0.0645523     0.897593    -0.436074
    0.189029     0.601036     0.776546
   -0.425239     0.757919    -0.494703
   -0.379624     0.836824    -0.394475
    0.117192     0.986437     0.114929
   -0.205899     0.968397    -0.140756
   -0.124403     0.989585   -0.0724201
   -0.176832      0.55631    -0.811942
    0.182606     0.559687     0.808335
   -0.088078     0.993752   -0.0685489
    0.347457     0.719993     0.600736
   -0.373024     0.906939    -0.195743
    0.130269     0.775844     -0.61733
    0.308743     0.785729    -0.536011
   -0.285222     0.943481    -0.168797
     0.13113     0.953649    -0.270848
    0.170863     0.978516     0.115382
    0.143698     0.924742    -0.352426
    0.499113       0.8205     0.278688
   0.0390608     0.656429    -0.753376
     0.11448     0.992019    0.0528491
    -0.36389     0.689014    -0.626772
    0.264591     0.947268     0.180763
   -0.428638     0.582241    -0.690843
    0.400597      0.63322     0.662235
   -0.447235      0.68976    -0.569396
    0.341764     0.893533     0.291198
    0.544689     0.778594     0.311618
  0.00465147     0.999987   0.00183992
   -0.290636     0.601942    -0.743772
   -0.268158     0.648979    -0.711981
    0.436835     0.860302     0.262784
    0.146511     0.892501     0.426587
   -0.406308     0.861931    -0.303297
   -0.402801     0.880573    -0.249686
    0.545208     0.552736     0.630263
   -0.174857     0.964736     -0.19675
  -0.0980254     0.991828    -0.081656
    0.517576     0.691913      0.50336
    0.255153      0.96058     0.110374
   -0.069443     0.573484    -0.816268
   -0.043655     0.993823     0.102027
  0.00367768     0.996696    0.0811439
   0.0652834     0.895909    -0.439415
  -0.0863453     0.938158     0.335266
   0.0815584     0.989965     0.115404
   -0.135896     0.940598    -0.311138
   -0.273891     0.914234     0.298597
   -0.196234     0.819274     0.538779
   -0.114402     0.877148    -0.466394
   -0.176147     0.855648    -0.486661
    0.053525     0.990902    -0.123486
  -0.0180845     0.999707    0.0161113
  0.00356148     0.984823    -0.173527
    0.084542     0.889005     0.450026
  -0.0812375     0.992918    0.0866885
    0.122783      0.96311     0.239465
  -0.0113072     0.999903  -0.00808236
   -0.041986      0.96376    -0.263446
    0.138218     0.807158     0.573927
    0.252971     0.862837    -0.437628
    0.070183     0.907176    -0.414856
  -0.0713756     0.859431     0.506246
     0.15233     0.970032    -0.189298
  -0.0934475     0.930069    -0.355302
   -0.184776     0.962648     0.197907
   -0.335138      0.76418      -0.5511
    0.115389     0.734148    -0.669113
   -0.328728     0.869416     0.368856
    0.140604     0.911684    -0.386087
   -0.155356      0.74567    -0.647951
   0.0549898     0.813832    -0.578493
    0.193069     0.915798     -0.35219
   0.0727165      0.90489    -0.419389
    0.323949     0.806892     0.493946
  0.00428532     0.926012    -0.377469
    0.450714     0.795711       0.4046
   -0.287024     0.929905    -0.229988
    0.278946     0.918062     0.281693
   -0.126881     0.968893     0.212477
   -0.299943     0.850808    -0.431462
    0.422917     0.828197     0.367738
    0.171671     0.690345     0.702818
    0.162497     0.973983     0.157961
   0.0510883     0.997587    0.0470135
    0.226795     0.925483     0.303389
  -0.0144271     0.894808    -0.446218
    0.298292     0.855602     0.423046
   0.0423077     0.998344   -0.0389702
     0.28796     0.726998      0.62334
  -0.0226812     0.999396   -0.0263316
   -0.251899     0.741408    -0.621982
    0.142915     0.934939    -0.324752
   0.0897187     0.965532    -0.244332
  -0.0507336     0.660896     0.748761
  0.00156425     0.870584    -0.492017
    0.239957     0.723338    -0.647458
   0.0826391     0.995033    0.0554997
   -0.193641     0.665667    -0.720687
   -0.337468     0.887079    -0.314969
   -0.262081     0.828487    -0.494897
    -0.29956     0.826949     0.475835
   -0.225353     0.963178    -0.146643
   -0.118391     0.988813   -0.0907335
    0.323234     0.827306     -0.45944
   0.0456328     0.952439     0.301292
    0.296774     0.541208     0.786778
   0.0177338     0.999792    0.0100845
    0.309631     0.588397     0.746938
    0.248468     0.953046      0.17311
    0.506501     0.726459      0.46445
    0.265998     0.701769     0.660882
   -0.299076     0.941447    -0.155663
   -0.144944     0.587323    -0.796269
   -0.413967     0.714446    -0.564091
   -0.416021     0.873878    -0.251522
    0.441953     0.610273     0.657452
   -0.215344     0.669408        0.711
   -0.196613     0.973327    -0.118229
    0.136258     0.531844     0.835808
  -0.0934308     0.994326   -0.0508589
   0.0756935     0.691507    -0.718393
    0.310491     0.929316     0.199919
   -0.144436     0.985885   -0.0846743
    0.203527     0.972975     0.109071
   -0.386135     0.859067    -0.336012
    0.150502     0.985986    0.0719733
   -0.238577     0.940511    -0.241909
   -0.355329       0.8969    -0.263273
  -0.0871439     0.974798    -0.205364
  -0.0328998     0.992089     0.121149
   -0.092656     0.892388    -0.441655
   -0.173395     0.946634    -0.271694
   0.0380915     0.997863    0.0530929
   0.0108064     0.998223    0.0586004
   0.0309634     0.934969     0.353376
   0.0356443     0.985202    -0.167651
   -0.136451      0.81761     0.559369
  -0.0229311     0.997659    -0.064426
   -0.162379     0.960966    -0.224005
    0.141679     0.930634    -0.337413
   -0.177783     0.803032      -0.5688
  -0.0380322     0.998608   -0.0365399
    0.050863     0.858243    -0.510717
   0.0773789     0.867252     0.491819
  -0.0478857     0.996411    0.0698018
    0.222396     0.906954     0.357734
    0.346368     0.831325     0.434659
  -0.0408882     0.846555    -0.530729
   -0.257604     0.945977    -0.196897
   -0.320312     0.806727    -0.496579
   -0.275188     0.854676     0.440228
   0.0346064     0.920384    -0.389481
   -0.141528     0.963062     0.229086
    0.148431     0.960237    -0.236459
    0.118397     0.846048    -0.519794
   0.0802983     0.974392     0.210028
   -0.109359     0.983646     0.143115
   0.0829752     0.756663     0.648518
   -0.253383     0.769128      0.58672
   -0.177686     0.832813    -0.524261
   0.0998728     0.898591    -0.427271
    0.290489     0.880018    -0.375744
   -0.246461     0.931747    -0.266653
  0.00423442     0.999986   0.00323306
    -0.20828     0.885956     0.414369
    -0.38403     0.765133     -0.51681
   -0.020483     0.700251     0.713603
    0.109295     0.916724    -0.384281
  0.00925856     0.747557    -0.664134
  0.00263637     0.999994  -0.00244097
   -0.204168     0.964055    -0.170039
    0.218111     0.940634     0.260068
  -0.0856945     0.943031     -0.32148
   -0.106857     0.989909   -0.0930684
   -0.227741     0.894706    -0.384233
    0.110764     0.990436    0.0822683
    0.144615     0.757764    -0.636302
    0.195255     0.967201     0.162474
  -0.0330915     0.997593   -0.0609397
    0.181992     0.963575     0.195963
   -0.306693      0.90528     0.293951
   -0.286047     0.759967    -0.583632
    0.131156     0.906427    -0.401482
    0.432394     0.763662     0.479433
 -0.00401065     0.999989  -0.00262033
    0.295727     0.921884     0.250351
   0.0111278     0.893576    -0.448774
-0.000743081            1  0.000596819
    0.147976     0.889804     0.431684
 -0.00066488     0.999989  -0.00469889
     0.33516     0.513797     0.789734
   -0.105864     0.772462    -0.626175
   -0.127264     0.649439     0.749688
   -0.344279     0.868707    -0.356118
    0.128295     0.916995    -0.377704
   0.0641479     0.993564   -0.0933604
    0.454183     0.808048     0.375202
   -0.211691     0.934346     0.286678
    -0.33846     0.781602     0.523969
   -0.167626     0.975001     0.145857
    0.283077     0.774701    -0.565426
    0.110085     0.984362    -0.137524
   -0.208794     0.680476    -0.702394
   -0.136602     0.983853    -0.115644
    0.178098      0.62192     0.762559
   -0.292077     0.547609    -0.784102
   -0.322229     0.827307     0.460143
   -0.388227      0.84897    -0.358512
    0.295002     0.898641     0.324682
   -0.261558     0.955483    -0.136525
   -0.108035     0.991909   -0.0666735
    0.344671     0.744337     0.571983
   -0.309324     0.933824    -0.179697
   -0.353074     0.672079    -0.650882
     0.41114     0.871906     0.265977
    0.364818     0.879264     0.306271
    0.026675      0.88076    -0.472811
   0.0231752     0.986635    -0.161292
   0.0761002     0.988543     0.130354
  -0.0495322      0.94469     0.324204
   -0.131084     0.954857    -0.266581
    0.064737     0.902735    -0.425298
    0.199559     0.831617     0.518256
   -0.183415     0.750699     0.634673
  -0.0732196     0.988815     0.129941
  -0.0955102      0.90247    -0.420031
   0.0449528     0.969249     0.241943
   -0.229351     0.875931    -0.424433
   -0.122468     0.839496    -0.529384
  -0.0620692     0.952753    -0.297338
   0.0385974     0.885534    -0.462968
   -0.199309     0.926834    -0.318207
  -0.0562928     0.797708     0.600411
   0.0679573     0.995029    0.0727915
   0.0193542     0.820446    -0.571396
   -0.237303     0.794405    -0.559113
  -0.0900907     0.992655    0.0807449
    0.135563     0.944302     0.299861
  -0.0283708     0.879404     -0.47523
   -0.144312     0.910669     0.387112
   0.0964758     0.917489    -0.385884
   -0.215133     0.902351      0.37347
   -0.169375     0.771956    -0.612696
   -0.108288     0.963515     0.244771
  -0.0915932     0.988103    -0.123541
   -0.231433     0.875294     0.424617
    0.100388     0.813702    -0.572549
    0.107923     0.673461     0.731302
    0.153122      0.94085    -0.302249
    0.170043     0.718214     0.674725
    -0.31094     0.820288    -0.480045
   -0.248703     0.946554    -0.205385
    0.116423     0.888357    -0.444149
 -0.00335702     0.998728   -0.0503075
  -0.0408911     0.998665    0.0315509
    0.337501      0.87339     0.351118
  -0.0885529     0.992047    -0.089454
  -0.0255169     0.999426   -0.0222916
   0.0949048     0.990905   -0.0953984
    0.243689     0.834922    -0.493478
    0.130557     0.920983    -0.367076
   0.0643419     0.907092     0.415987
  -0.0392726     0.900195    -0.433713
   -0.105249     0.912169    -0.396069
  -0.0324345     0.969524    -0.242841
  -0.0833441     0.820174    -0.566011
   -0.241039       0.8237    -0.513243
   0.0469024     0.931003    -0.361987
  0.00865155     0.935528    -0.353147
     0.31375     0.823548    -0.472578
    0.403381     0.812132     0.421576
    -0.31547     0.888837    -0.332337
   -0.145117     0.969718    -0.196436
      0.2257     0.946048     0.232493
   -0.148981     0.854116    -0.498287
   0.0105478     0.999128   -0.0403966
   -0.201603     0.955615     0.214839
    0.135586     0.965151    -0.223831
    0.506359     0.825702      0.24863
  -0.0917717     0.984485    -0.149557
   -0.241624     0.921512    -0.304029
   -0.206154     0.960289    -0.188002
    0.255721     0.905296     0.339185
    0.260836     0.760872      0.59417
  -0.0525509     0.700054    -0.712154
    0.146218      0.94454     0.294049
    0.336689       0.4801     0.810027
    0.351415     0.686313     0.636774
   -0.131151     0.987321   -0.0894214
   -0.400215      0.72142    -0.565138
   -0.371029     0.793987    -0.481582
   0.0354487     0.623904     0.780696
   0.0954434       0.9924    0.0776664
   0.0584041     0.960856    -0.270824
   -0.351732     0.835116     0.422926
   0.0557015     0.997894    0.0332445
   -0.133545     0.983489     0.122132
  -0.0211793     0.996289    0.0834227
  -0.0472185     0.910581     0.410624
  -0.0240808     0.995045   -0.0964694
  -0.0545437      0.99315    -0.103335
   0.0493839     0.993825    0.0993684
  -0.0872541     0.846295    -0.525521
  0.00628041     0.956551     0.291498
   -0.186752     0.847446      0.49695
   0.0768843     0.897903    -0.433427
   -0.340012     0.858358    -0.384206
 -0.00274337     0.993368    -0.114945
   0.0910007     0.785736     0.611832
  -0.0369107     0.882534    -0.468798
    0.141429     0.861091     0.488385
   0.0557864     0.782739    -0.619845
  -0.0105914      0.99947   -0.0307869
  -0.0179751     0.999685     0.017521
   0.0175925     0.993171    -0.115337
  -0.0575336     0.673063    -0.737344
   -0.184358     0.782148     0.595194
  -0.0318667     0.930117    -0.365878
  -0.0420348     0.872113    -0.487496
   0.0209732     0.871191    -0.490497
  -0.0976244     0.980091     0.172889
    0.260904     0.840358     0.475108
   0.0376223     0.885195    -0.463697
 -0.00331649     0.999985  -0.00432123
  -0.0830706     0.990289     0.111478
    -0.16818     0.950476     0.261364
    0.176318     0.906538     0.383536
   -0.199788     0.843198    -0.499101
  -0.0579493     0.970072    -0.235802
    0.151033      0.93357    -0.325016
    0.173396     0.939257     0.296192
  -0.0352312     0.827821     0.559885
  -0.0156745     0.951486    -0.307292
   -0.239099      0.73105     -0.63906
   -0.134355     0.978562    -0.156095
    0.115887      0.97839      0.17124
    -0.25971     0.911407       0.3192
  -0.0759829     0.970311     0.229614
   0.0284925     0.997063   -0.0710843
   -0.133642     0.987352   -0.0852964
   0.0986638     0.905427    -0.412877
    0.022895     0.999593    0.0170232
    0.134441      0.95993    -0.245886
   -0.159663     0.867186    -0.471695
   -0.260193     0.803739    -0.535074
    0.141239     0.934838    -0.325776
   -0.192284     0.966025     0.172694
   -0.158535     0.710435     0.685674
   0.0517883     0.897375     -0.43822
    0.067642     0.717229     0.693547
    0.313212     0.862815    -0.396799
   -0.182463     0.963464    -0.196073
    0.280348     0.647777     0.708372
    0.138503     0.978804     0.150861
   -0.054798     0.996619   -0.0612137
   -0.160192     0.937536    -0.308813
   -0.290563     0.721878     0.628065
   0.0387893     0.967536     -0.24974
    0.129967     0.925862    -0.354806
    0.279739     0.795926     0.536887
   -0.128309     0.877393     0.462297
  -0.0460289     0.998294   -0.0359238
   0.0850151     0.870335    -0.485067
   -0.506289     0.703802    -0.498332
   -0.331583     0.738994    -0.586464
   -0.239183     0.854602    -0.460919
   0.0690696     0.993889    0.0861036
  -0.0175559     0.988838     0.147958
  -0.0552894     0.989081    -0.136609
   0.0976739     0.905092     0.413846
  -0.0242966     0.859466    -0.510616
 -0.00855478     0.998842   -0.0473366
 0.000909493     0.938122     0.346303
  -0.0564873      0.90003    -0.432152
  -0.0270204     0.997242    0.0691253
    0.223397     0.917569    -0.328879
   0.0275946     0.991555     0.126714
   -0.078095     0.989316    -0.123108
   0.0080406     0.995119   -0.0983499
   -0.158994     0.924123     0.347445
 -0.00652036     0.975122     0.221572
   -0.102857     0.867988    -0.485816
    0.099612     0.961325     0.256773
   0.0258072     0.998499     0.048316
 -0.00348591      0.99998  -0.00528024
    0.105917        0.976     0.190276
   -0.466094     0.821784    -0.327762
  0.00227145     0.915291     0.402787
   -0.254905     0.898728    -0.356807
   -0.331809     0.847481    -0.414341
    0.127403     0.928237    -0.349491
   -0.156933     0.906572    -0.391791
   -0.105083     0.990274    0.0911885
  -0.0123662     0.841255    -0.540498
   -0.128207     0.828943    -0.544442
   -0.300269     0.914281    -0.271899
   -0.264167     0.883248    -0.387413
  -0.0683522     0.779713     0.622395
   0.0529745     0.815438     0.576415
   -0.260937     0.876017     0.405594
  -0.0461202     0.997567    0.0522721
   -0.303896     0.780129      0.54685
   0.0840815     0.918115    -0.387293
   -0.149579     0.950196    -0.273412
  -0.0243933     0.856789     0.515091
   0.0703967     0.932543    -0.354129
     0.10427     0.902795    -0.417239
   0.0294859     0.980271     0.195446
   0.0682561      0.98622     0.150702
 0.000380318     0.999987   0.00506788
  0.00661825     0.889238    -0.457397
   -0.107397     0.934197    -0.340209
  0.00929211      0.99978     0.018819
  -0.0631428     0.886401    -0.458592
  -0.0732919     0.986967     -0.14326
   -0.117006      0.82317    -0.555608
    0.213369     0.920145    -0.328339
   -0.143097     0.962247    -0.231524
   -0.123509     0.917474    -0.378136
    0.136198     0.973971    -0.181192
   -0.192544     0.921105     0.338367
    0.134975     0.928351     0.346332
   0.0061094     0.903002    -0.429593
    -0.24507     0.839139    -0.485579
  -0.0969272      0.86207    -0.497434
   -0.358097     0.786607     0.503006
   -0.127477     0.977793    -0.166347
   0.0244842     0.996333    0.0819777
  -0.0509586     0.976965    -0.207225
    0.223324     0.779516     0.585219
  -0.0394773      0.97349     0.225297
   -0.128641     0.675964      0.72562
   0.0238553     0.612959    -0.789755
    0.202033     0.880377      0.42909
   -0.112653     0.846636     0.520112
   -0.308597     0.828681    -0.466964
 -0.00286791     0.999791    0.0202246
   -0.298555     0.911585     0.282628
    0.466582     0.848852       0.2485
   -0.532076     0.744713    -0.402861
    0.216363     0.919563     0.328011
   -0.263277     0.859405    -0.438302
   -0.119941     0.979178     0.163785
    0.236485      0.91054    -0.339104
    0.209412     0.853403    -0.477336
    0.588712     0.613907     0.525867
   -0.247515     0.935816      0.25097
   -0.157322     0.984607   -0.0761454
    -0.31495     0.905089     0.285693
    0.294379     0.887464     0.354611
   -0.484423       0.8148     -0.31849
     0.12827     0.946317    -0.296699
    0.209439     0.513107      0.83238
   -0.206351     0.963185      0.17232
  0.00811902     0.999943  -0.00695151
    -0.52543     0.722912    -0.448689
   -0.475162     0.830266     -0.29134
 1.11782e-16            1            0
-2.96358e-17            1            0
 4.83454e-18            1            0
 5.36408e-17            1            0
 4.63321e-17            1            0
 1.12044e-16            1            0
-3.29934e-18            1            0
 6.07695e-17            1            0
 5.30006e-17            1            0
-3.57117e-17            1            0
-3.61406e-17            1            0
 1.95862e-17            1            0
 3.61637e-17            1            0
 3.95939e-17            1            0
-6.27158e-17            1            0
 3.34834e-17            1            0
 3.11352e-17            1            0
 1.18311e-16            1            0
-3.09925e-17            1            0
 1.48481e-16            1            0
 5.02929e-18            1            0
-1.77648e-17            1            0
-1.05137e-17            1            0
 5.40033e-17            1            0
 1.57648e-16            1            0
 1.50074e-17            1            0
-9.53765e-17            1            0
  8.2612e-17            1            0
 7.39195e-17            1            0
-4.92784e-19            1            0
-1.66123e-17            1            0
-7.62466e-17            1            0
-1.25119e-17            1            0
 3.12945e-17            1            0
 1.94626e-17            1            0
           0            1            0
-2.71752e-17            1            0
 3.70955e-17            1            0
-7.65025e-18            1            0
-4.66949e-17            1            0
           0            1            0
           0            1            0
-8.56097e-17            1            0
-6.12974e-17            1            0
-1.17006e-18            1            0
  1.6887e-17            1            0
  6.9126e-17            1            0
-1.08701e-16            1            0
-3.14867e-17            1            0
-5.77181e-17            1            0
-5.16106e-18            1            0
 4.72152e-18            1            0
 1.84966e-16            1            0
 -3.3623e-17            1            0
  -0.0247596     0.999645  -0.00979729
  4.5447e-17            1            0
-4.53097e-05     0.999996  -0.00289683
 6.14068e-18            1            0
-2.31423e-18            1            0
 4.90669e-18            1            0
-6.36194e-17            1            0
   0.0159626     0.995643    0.0918697
 1.53239e-16            1            0
-3.80881e-17            1            0
-2.51629e-17            1            0
-5.48319e-17            1            0
 9.83387e-17            1            0
 -0.00634591      0.99962   -0.0268309
   -0.100796     0.934838    -0.340468
   -0.186471     0.970063    -0.155586
-2.84627e-17            1            0
 3.33302e-17            1            0
   7.023e-17            1            0
   0.0285406     0.999526    0.0115823
    0.370325     0.915102     0.159522
    0.265138     0.958234     0.107186
    0.623484     0.623874     0.471222
    0.146322     0.987572    0.0573648
   -0.138884     0.988571   -0.0586452
    0.569991     0.755455     0.323107
    0.595262     0.728199      0.33969
   -0.308107     0.939907    -0.147125
    0.282113     0.952791     0.112253
    0.622979     0.642192      0.44664
    0.495821     0.836251     0.234191
    0.122566     0.991264     0.048713
    0.528951     0.807026     0.262528
    0.575455     0.537421     0.616466
   0.0064088     0.999976   0.00254427
   -0.382537      0.90387    -0.191533
   -0.390893     0.899208    -0.196539
   -0.524916     0.660355    -0.537024
    0.311418     0.496192     0.810439
    0.369377     0.903304     0.218181
   -0.265714     0.956856    -0.117573
   0.0259168     0.999565    0.0140799
    0.467924      0.50703     0.723856
   -0.443538     0.860794    -0.249615
   -0.509451     0.782291    -0.358442
    0.242396     0.961843     0.126892
  -0.0464585     0.998584   -0.0259052
  -0.0808231     0.996146   -0.0340583
    0.151168     0.985443    0.0777894
   -0.117962     0.990978   -0.0636193
    -0.48875     0.819409    -0.299487
   -0.403832     0.565076     -0.71945
   -0.357907     0.903339    -0.236393
   -0.492158     0.603473    -0.627376
    0.525681     0.658919     0.538039
   -0.533814     0.753833    -0.383116
   -0.395384     0.873818    -0.283042
    0.424692     0.868543     0.255479
   -0.479917     0.582139    -0.656349
     0.30989     0.935069     0.172086
    0.548968     0.528191     0.647802
    0.496997      0.80495     0.324113
   -0.260356     0.954906    -0.142719
   -0.307697     0.932646    -0.188398
    0.243235     0.956205     0.162813
    0.431849      0.80894     0.398902
    0.119322     0.573333     0.810587
   -0.434537     0.839109    -0.327223
  -0.0645967     0.996738    0.0483793
   -0.291991     0.921561     0.255863
   -0.340244     0.535112    -0.773233
   -0.458418     0.721632    -0.518748
    0.493121     0.619655     0.610622
   0.0244782     0.542577     0.839649
    0.401916     0.560749     0.723895
 -0.00959091     0.999933  -0.00646861
   -0.148063     0.983495    -0.103991
    0.384472     0.477252     0.790197
   -0.367799     0.823819     0.431332
     0.37396      0.60986     0.698731
   -0.110292     0.990141    0.0863528
    0.316822     0.914785     0.250585
   -0.391297       0.7739    -0.497961
    -0.45833     0.785743    -0.415381
   0.0332888     0.999107    -0.026017
    0.173812     0.978426      0.11168
   -0.347017     0.886915    -0.304894
   -0.152418     0.980981     0.120188
   0.0965133     0.993391    0.0621219
   -0.537439     0.734163    -0.414927
   -0.330099     0.893066     0.305724
   -0.399416     0.670648    -0.625058
   -0.214249     0.603129    -0.768331
   0.0389341     0.998748    0.0314197
   -0.188242     0.969962     0.154071
   -0.295897     0.631512    -0.716685
    0.518653     0.714563     0.469467
   -0.315569     0.850632    -0.420526
   -0.132409     0.605844     0.784488
    0.437738     0.702705     0.560884
   -0.377096     0.856946    -0.351344
   -0.408599     0.696433    -0.589939
   -0.307334     0.920357    -0.241844
    0.461579     0.747676     0.477415
    0.407351     0.864926     0.293202
    0.117282     0.608652     0.784721
  -0.0823085     0.994819    -0.059669
   -0.316658     0.731905     -0.60336
   -0.388159     0.801803    -0.454361
   -0.228438     0.955738     0.185419
    0.337033     0.834721    -0.435488
    0.330884     0.870859    -0.363483
    0.172908     0.974988     0.139649
   -0.278473     0.724554    -0.630456
    0.261524     0.940434     0.217232
    0.113634     0.644185    -0.756381
    0.349373     0.850482     0.393216
 4.83965e-17            1            0
  -0.0173158     0.999773    0.0124006
 3.24262e-17            1            0
  -0.0153551     0.999753   -0.0160841
     -0.3477     0.790775     0.503766
   -0.153363     0.967645    -0.200357
 7.87974e-17            1            0
    0.235283     0.915225    -0.327117
   -0.231758     0.689582     0.686123
   -0.259866     0.750204     0.607999
    0.197066     0.952637     0.231621
  -0.0601461     0.558502     -0.82732
   0.0493589     0.997586    0.0488545
 -8.2042e-18            1            0
    0.277828     0.912137     0.301361
 9.15049e-17            1            0
 3.36376e-17            1            0
   -0.142223     0.673161     -0.72569
    0.392516     0.804098     0.446495
-2.71977e-17            1            0
    0.219239     0.698169     0.681538
-1.26593e-17            1            0
   -0.173707     0.727192     0.664092
-3.98722e-17            1            0
    0.356186     0.760725     0.542613
  -0.0307926     0.998462   -0.0461053
-8.41556e-17            1            0
   -0.166506     0.981498   -0.0945417
    0.229368     0.840759    -0.490423
  1.1898e-18            1            0
    0.272535     0.758653    -0.591752
 2.18333e-17            1            0
   0.0656033     0.996206   -0.0571871
   -0.226221     0.924931     0.305493
    -0.01998     0.999757  -0.00928749
   -0.302964     0.756991     0.578946
   -0.276296     0.696916    -0.661792
-2.84641e-17            1            0
    -0.22372     0.859739    -0.459129
    0.242874     0.894272     0.375884
    0.132108     0.937729    -0.321265
   -0.351485     0.864584       0.3591
   0.0648815     0.672622    -0.737136
   -0.292872     0.865028     0.407372
   0.0421219     0.721425     -0.69121
   -0.200471      0.95034    -0.238045
  -0.0395186     0.604504    -0.795621
  9.9479e-17            1            0
  -0.0876713     0.750992     0.654465
    0.162754     0.936195    -0.311529
 8.71704e-17            1            0
   -0.139347     0.977654     0.157399
   -0.174864     0.963697     0.201769
    0.351633     0.879392     0.320973
 4.64769e-17            1            0
    0.289862     0.813363     0.504402
    0.119545     0.879125    -0.461355
   -0.164036     0.781025    -0.602572
   -0.303977       0.8825    -0.358877
   0.0205082     0.999357   -0.0294194
    0.111212     0.985599     0.127384
   -0.252508     0.818041     0.516767
    0.298868     0.774836    -0.557052
    0.107038     0.795028    -0.597053
-5.43357e-06            1 -0.000911251
    0.112628     0.894087    -0.433501
   -0.201454     0.835378    -0.511429
   -0.172707     0.823251    -0.540769
    0.275216     0.862257     0.425169
    0.149855     0.820992     0.550922
   -0.139497      0.94876    -0.283541
   0.0623605     0.905748    -0.419205
  -0.0567932     0.877391    -0.476403
   -0.077179     0.994439   -0.0716579
  -0.0739871     0.655261    -0.751771
  -0.0789512     0.832915     0.547741
   0.0648914     0.994059    0.0873825
   -0.301916     0.813998     0.496239
    0.103392     0.986475     -0.12719
   -0.229011     0.897874        0.376
   -0.112978     0.974285     0.194946
   0.0830197     0.989907    -0.114857
   0.0665811     0.880448     0.469445
  -0.0453795     0.992421    -0.114196
 1.49745e-17            1            0
  -0.0653488     0.899275    -0.432474
   -0.135236     0.872491    -0.469543
    0.137809     0.953295     -0.26877
   0.0356782     0.991442     0.125577
   -0.296239     0.912431    -0.282333
   0.0988122     0.985468    -0.138163
 3.58537e-17            1            0
   -0.058378     0.990283     0.126219
  -0.0574034     0.971758      0.22889
-1.25415e-17            1            0
  -0.0322183     0.826009    -0.562735
 0.000802144      0.99996  -0.00887469
    0.125082     0.918021    -0.376287
    0.125243     0.937495     0.324681
  -0.0360923     0.998911   -0.0295684
 7.37815e-17            1            0
   0.0290504     0.997733    0.0607026
   0.0362107     0.997822    0.0551384
   -0.184067      0.92827    -0.323163
   0.0950327     0.984005     0.150676
  -0.0922658     0.839932     -0.53479
  0.00395188      0.99093    -0.134323
   0.0141058     0.999052   -0.0411795
   -0.114122     0.851383    -0.511979
-6.23175e-17            1            0
   -0.124098      0.73741    -0.663948
   0.0361706      0.96218     0.270003
 1.83134e-17            1            0
   0.0779975     0.904265    -0.419787
 1.12772e-16            1            0
   -0.123602     0.964631    -0.232828
   -0.208834     0.897759    -0.387837
 -0.00417991     0.999938   -0.0103625
  -0.0269018     0.999367    0.0232954
  -0.0690312     0.970965    -0.229045
    0.297299      0.89856    -0.322804
    0.279085     0.531105     0.800025
   0.0166689     0.877895    -0.478563
   0.0074441     0.953952    -0.299866
    0.171231     0.876215     0.450476
   0.0847742     0.995617    0.0394873
    0.138753     0.919053    -0.368904
   0.0696921     0.982886    -0.170525
   0.0478091     0.920825     0.387033
  -0.0652642     0.901306     0.428239
   -0.255558     0.943104     0.212708
    0.114303       0.9207    -0.373158
  -0.0034574     0.999883   -0.0148678
    0.152823     0.906708     0.393098
   -0.315447      0.77866    -0.542386
   0.0152766     0.996988   -0.0760388
  0.00724337     0.997944    0.0636776
   0.0505676     0.894337    -0.444528
  0.00235685     0.870057    -0.492946
-1.73655e-18            1            0
   0.0453581     0.895776    -0.442186
   -0.162995     0.939419     0.301537
   0.0480866     0.881071    -0.470533
-0.000190578     0.999806   -0.0196736
    0.143903     0.901701     -0.40771
   0.0534553     0.889058    -0.454664
   -0.161614     0.917452    -0.363543
     0.55621     0.721444      0.41249
   0.0584002     0.974002     0.218881
   0.0738927     0.949318    -0.305508
   -0.504309     0.749455    -0.428939
   0.0516798     0.827439     0.559172
  -0.0392224     0.867075    -0.496631
   0.0873067     0.977146     0.193812
   -0.390382     0.635579    -0.666064
    0.490641     0.830719     0.263016
    0.144375     0.655032      0.74168
    0.223541      0.97033    0.0921338
   -0.146559     0.986616   -0.0714782
    0.388099     0.906884     0.164134
    0.605794     0.705061      0.36865
   -0.312543     0.587859    -0.746149
   -0.398968     0.892879    -0.208785
     0.56664     0.629014     0.532222
    0.548854     0.756638      0.35533
     0.44874     0.849969     0.276016
    0.444348     0.872862     0.201659
   -0.535984      0.68442    -0.494257
    -0.48018     0.830827    -0.281342
     0.47773     0.829486     0.289356
    0.268858     0.955136      0.12422
 -0.00765165     0.999962  -0.00405771
     0.14638     0.986995    0.0664369
    0.576933     0.648489     0.496599
   -0.213267     0.969819    -0.118185
   0.0206551     0.999702    0.0129974
    0.519648     0.570466      0.63603
    0.147939     0.985165    0.0869737
   -0.062623     0.997631   -0.0284785
   -0.463176     0.662934    -0.588206
     0.46448     0.820328     0.333648
     0.51324     0.807299     0.291295
   -0.287457     0.948833    -0.130706
   -0.494637     0.772964    -0.397317
   -0.308778     0.936479    -0.166322
   -0.191989     0.977721   -0.0848622
   0.0653657     0.997439    0.0290141
   0.0200906     0.999753   0.00950245
   -0.275283     0.946094    -0.170661
    0.473824     0.785967     0.397172
    0.339357     0.911323     0.233082
    0.257535      0.95436     0.151239
   -0.391075     0.718892    -0.574678
   -0.478811     0.801312    -0.358663
    0.223891     0.961143     0.161484
   -0.173414      0.97793    -0.116535
    0.321874     0.518496     0.792186
-2.50853e-17            1            0
   -0.367139     0.889405    -0.272339
   -0.422592      0.80069    -0.424631
  -0.0196373     0.999776  -0.00793243
  -0.0857725     0.994186    0.0651012
   -0.138791     0.983849    -0.113039
    -0.29238     0.534434    -0.793028
   -0.494685     0.694851    -0.521985
   -0.326626     0.918648    -0.222262
    0.381936     0.824522     0.417479
   -0.295069     0.843416     0.448981
   -0.200535     0.958337     -0.20341
    0.611532     0.623757     0.486782
    0.269822     0.929682     0.250774
    0.440141     0.869145     0.225529
-3.33817e-17            1            0
   -0.180504     0.977919    -0.105324
    0.502973      0.74301     0.441538
   -0.339981     0.797948    -0.497686
   -0.326934     0.927315    -0.182211
   -0.169406     0.976345     0.134357
    0.497427     0.688595      0.52764
   -0.319306     0.900071    -0.296505
   -0.383787     0.815264     -0.43365
     -0.4379     0.773292    -0.458544
    0.349697     0.917974     0.187179
    0.223592     0.582437      0.78152
   -0.396298     0.858988    -0.324172
   -0.356991      0.86624     -0.34955
   -0.065211        0.997   -0.0416992
   -0.337678     0.776685    -0.531728
    0.399296     0.571646     0.716787
 -0.00354456     0.999986  -0.00386539
  -0.0215144     0.609684     0.792352
  -0.0567269     0.995356   -0.0777662
   -0.317135      0.69504    -0.645248
    0.192306     0.976297    0.0993149
   -0.357367      0.62807    -0.691243
   0.0708873     0.996101    0.0525127
    0.555964     0.701833     0.445347
   -0.111521     0.920399     0.374739
   0.0131819     0.602221      0.79822
   -0.278398     0.897625     0.341706
    0.446549     0.646562     0.618507
   -0.203048     0.646999     0.734959
   -0.456014     0.818761    -0.348829
   -0.258055     0.957562    -0.128387
 8.24792e-17            1            0
     0.26759     0.631901     0.727391
   -0.204463     0.924633     0.321323
   -0.161424     0.970712    -0.177933
   -0.210385      0.93552    -0.283795
   -0.127693      0.98987   -0.0620607
   -0.411515      0.63854    -0.650325
    0.153502      0.98162     0.113402
   -0.171734     0.969224     0.176389
    0.269477     0.943336      0.19365
   -0.222699     0.962064    -0.157603
   -0.283971     0.927453     0.243293
    0.387671     0.695756     0.604677
  0.00904278     0.545185     0.838267
   -0.444173      0.63516    -0.631888
    0.157821     0.941482    -0.297833
    0.420873     0.743949     0.519043
   -0.119084     0.652278    -0.748567
    -0.41586     0.746337    -0.519656
    0.337834     0.852161    -0.399613
   -0.212776     0.958655    -0.188963
   -0.312138     0.732026    -0.605563
   0.0724848     0.995011      0.06855
 -0.00134353     0.999774   -0.0212176
    0.174484      0.66762     0.723767
   -0.252893     0.710837      0.65632
    0.129327     0.771338     0.623147
   -0.314133     0.856598    -0.409342
    0.280097     0.953453     0.111683
   -0.254517      0.75928    -0.598929
   -0.492069     0.599047    -0.631673
    0.162619     0.921793    -0.351927
    0.307283     0.795806     0.521794
    0.601818      0.64782      0.46706
  0.00731758     0.601544    -0.798806
 0.000235794     0.999994   0.00352281
    0.238165       0.7784    -0.580837
    0.388396     0.861899     0.326003
    0.198039     0.727891    -0.656472
    -0.20826     0.647919     0.732686
   0.0900008     0.983282     0.158291
  -0.0641684     0.996805   -0.0475568
   -0.102759     0.989785   -0.0988237
   -0.127899     0.946859    -0.295126
    0.196541      0.92088    -0.336677
    0.328754     0.809408    -0.486601
   -0.444931     0.835332    -0.322888
-4.57516e-18            1            0
   -0.239584     0.778263     0.580436
  -0.0381786      0.86085    -0.507425
   -0.228975     0.941263    -0.248181
   -0.181683     0.812048    -0.554589
    0.177864     0.961541     0.209294
  -0.0938368     0.992587   -0.0772409
   0.0508874     0.895216     0.442717
 -0.00625841      0.99272     0.120279
   -0.104399     0.707779     0.698677
    0.173856     0.750844    -0.637186
    0.153902     0.797567    -0.583268
-6.43052e-17            1            0
   -0.456325     0.795292    -0.399097
-1.18726e-17            1            0
   0.0693292     0.900251    -0.429816
   -0.111684     0.755077    -0.646054
 -0.00318598     0.565251     0.824913
   -0.137822     0.629458    -0.764714
    0.083134     0.900185    -0.427499
    0.104515      0.91773     0.383208
   -0.042692     0.996758   -0.0682024
   -0.186925      0.90933    -0.371723
   -0.199581     0.975443   -0.0931524
  -0.0836155     0.955937     0.281412
  -0.0211995     0.725443    -0.687956
   0.0105182     0.999819   -0.0158392
   0.0900562     0.882738    -0.461154
   -0.481244     0.745143    -0.461699
   0.0012985     0.996599   -0.0823913
   -0.415167      0.68455    -0.599189
    0.300782     0.751897      0.58667
   0.0906192     0.989957     0.108506
     0.50636     0.761797     0.404059
    0.272341     0.504662     0.819235
    0.436381     0.785312     0.439155
   0.0610836     0.896718    -0.438367
    0.124131     0.968696     0.214987
-0.000446673     0.999742    0.0227235
   -0.210755     0.949842     0.231046
    0.147983     0.962139    -0.228889
-3.74048e-17            1            0
  -0.0332479     0.995762   -0.0857467
   0.0419088     0.943999     0.327275
 8.39068e-19            1            0
    0.217915     0.615482     0.757427
  -0.0478628     0.998251    0.0346974
    0.058994     0.892576    -0.447021
   -0.133145      0.58192    -0.802272
     0.31931     0.798567    -0.510228
-4.46282e-17            1            0
    0.176317     0.929589     0.323693
  -0.0989382     0.925083    -0.366652
    0.211517     0.915013    -0.343529
   -0.014357     0.999336    0.0334983
  -0.0498162     0.997703   -0.0459053
   -0.247816     0.815675    -0.522744
    0.223775     0.749596     0.622921
   -0.106833     0.839875    -0.532162
    0.317875     0.889475     0.328313
   -0.052945     0.997244    0.0519751
   -0.128669     0.989178   -0.0705031
   -0.317234     0.787462     0.528457
    0.234145     0.928425     0.288451
   -0.133226     0.968632     -0.20977
   -0.068424     0.993189    0.0943033
-1.68902e-17            1            0
    0.302787     0.678621     0.669174
   0.0089723     0.876457    -0.481397
    0.126023      0.97686    -0.172806
 2.95882e-18            1            0
-0.000364981     0.999987    0.0050815
   -0.347326      0.86439     0.363584
  -0.0311388     0.959271    -0.280765
   0.0502608     0.645682    -0.761951
   -0.250623     0.916592     0.311524
   0.0372655     0.995552     0.086531
   0.0525677     0.915929    -0.397882
 4.38661e-17            1            0
   -0.226817     0.854521     0.467278
    0.265693     0.816591    -0.512431
   0.0417141     0.614698    -0.787659
    0.162785     0.852154    -0.497328
   0.0203009     0.996859   -0.0765551
-6.44442e-17            1            0
  0.00573948     0.833049    -0.553169
   -0.113833     0.985011     0.129601
 1.02488e-16            1            0
   0.0731257     0.893971    -0.442117
 4.37132e-17            1            0
    0.290081     0.829277     0.477654
  -0.0106583     0.642741      0.76601
   0.0921767     0.954571     0.283369
-5.43323e-05     0.999889   -0.0149075
   -0.257853     0.848769     -0.46163
  -0.0251818     0.998507   -0.0484773
   -0.214623     0.748962    -0.626891
  0.00437361     0.998809    0.0485883
   -0.252653     0.936321     0.243863
   0.0288168     0.999013    0.0338064
  -0.0163341      0.92353    -0.383177
    0.240442      0.88667     0.394974
  -0.0410665     0.758365     0.650535
    0.012773     0.879071     -0.47652
   -0.171838     0.959317    -0.224015
    0.296916     0.901588    -0.314612
   0.0851589     0.911045    -0.403416
-1.94964e-17            1            0
   0.0663464     0.834898    -0.546391
    0.040832     0.987313     0.153449
  0.00333231     0.997972    0.0635616
  -0.0819813      0.98077     0.177112
 -3.1345e-17            1            0
    0.014192     0.982642    -0.184969
   0.0161379     0.877932    -0.478514
   -0.106199      0.80054    -0.589795
    -0.12462     0.837342    -0.532286
   0.0872091     0.901942    -0.422959
   -0.323195     0.856385     0.402677
  -0.0280153     0.981686     0.188434
 -0.00117026     0.997803   -0.0662462
   0.0851496     0.914351    -0.395867
 5.43287e-17            1            0
 -0.00541392     0.861378    -0.507935
  -0.0130137     0.999861   -0.0104501
    0.104683     0.926008      -0.3627
 -0.00682085     0.999965   0.00486653
  -0.0337297      0.99452    0.0989575
  -0.0915923     0.966959     -0.23791
     0.14877     0.905581    -0.397228
    0.125689     0.955244    -0.267788
    0.479095     0.616556     0.624761
    0.109711     0.909435    -0.401112
   0.0624536      0.85328       0.5177
     0.11353     0.984517     0.133555
 3.92517e-17            1            0
  0.00579954     0.784466     0.620145
   -0.244649     0.867939    -0.432237
   -0.222587     0.712979     0.664918
   0.0386926     0.995867   -0.0821736
     0.32233     0.935612      0.14399
   -0.171471     0.729751    -0.661862
    0.126785     0.922894    -0.363582
   -0.206765     0.585853    -0.783597
   -0.348896     0.861656     0.368539
    0.425891     0.870167     0.247842
    0.101369     0.926406    -0.362625
   -0.207468     0.885892    -0.414912
   -0.321797      0.83862    -0.439502
   -0.120258     0.903792    -0.410728
   0.0309892     0.895662    -0.443655
  0.00445591     0.998756    0.0496688
   -0.160974     0.960942     0.225117
 -0.00595024     0.979343    -0.202121
   -0.110496     0.901724    -0.417954
    0.275486     0.756479    -0.593167
   -0.015154     0.960087     0.279291
    0.175309     0.893272     0.413923
  -0.0931777     0.983539    -0.154822
   -0.253907     0.920574    -0.296773
    0.110083     0.569046     0.814904
   0.0159861     0.941442    -0.336796
   -0.254502     0.726257     0.638576
   -0.286512     0.802684    -0.523077
   -0.272045     0.926777    -0.258989
    0.387614     0.786627     0.480596
    0.331167     0.904379     0.269121
  0.00223697      0.76358     -0.64571
   -0.351776     0.749477    -0.560836
   0.0100071     0.994504     0.104218
    0.139545     0.932181    -0.334014
    0.308915     0.708532     0.634472
   -0.038482     0.996997    0.0671966
    0.396186     0.871614     0.288664
    0.260675      0.88662    -0.382039
    0.386762     0.900927     0.196837
    0.204965     0.974174    0.0947315
    0.532232     0.782351     0.323505
   -0.107927     0.992838   -0.0512218
    0.611874     0.614047     0.498555
   -0.125416     0.989042   -0.0778869
   -0.447729     0.845538    -0.290869
   -0.354539     0.703246    -0.616236
   -0.343167     0.833116    -0.433767
    0.589235     0.733657     0.338452
   -0.229482     0.613363    -0.755727
   -0.156548     0.985364   -0.0674649
    0.399956     0.620283     0.674747
  -0.0212131     0.999696   -0.0125492
    0.461258      0.67265     0.578604
   -0.410945     0.871415    -0.267881
    0.104163     0.993194    0.0521124
    0.471265     0.803737     0.363202
     0.32926     0.930848     0.158463
    0.549733     0.688832      0.47255
     0.51763     0.781569     0.348152
    0.217632     0.967195     0.131038
    0.623071     0.628659     0.465372
   -0.218245     0.969875    -0.108222
    0.486532     0.550535     0.678379
   0.0105815     0.999935   0.00419732
     0.44486     0.846111     0.293591
     0.50454     0.818329     0.275275
    0.152881     0.985678     0.071173
   -0.338764     0.926175    -0.165646
    0.284707     0.941557     0.180034
   -0.126805     0.962254     0.240805
  0.00824356     0.999948   0.00606658
   0.0178914     0.901644     0.432108
    0.291207     0.945239     0.147386
   -0.226134     0.963933    -0.140344
    0.147866     0.595951     0.789289
   -0.294564     0.942419    -0.158362
     0.19905     0.908083     0.368463
  -0.0456552     0.998527   -0.0293136
   -0.129517     0.929424    -0.345538
   -0.404242     0.881457    -0.244176
   -0.185414     0.653895    -0.733514
   -0.470102     0.766687    -0.437259
   -0.170306     0.976302    -0.133531
    0.576802     0.718219      0.38918
   0.0151764     0.999859   0.00712621
   -0.381174     0.868936    -0.315684
   -0.331535     0.921809    -0.200882
   -0.379723     0.778017    -0.500499
   -0.240266     0.668611     0.703727
    0.217955     0.960839     0.171124
     0.30343     0.944785     0.123744
   -0.477592     0.806668    -0.348126
    0.367929     0.522408     0.769232
    -0.27439     0.895979    -0.349187
    0.124876     0.988557    0.0846243
   -0.452761      0.64916    -0.611227
  -0.0760213     0.995371    0.0588047
   -0.227387     0.846461    -0.481455
   -0.346012     0.803036     0.485189
    0.280837     0.930912     0.233525
   -0.350823     0.856811    -0.377887
   -0.184052     0.827166    -0.530962
   -0.429502     0.823788    -0.370001
   -0.378637     0.599034    -0.705544
    0.210592     0.903589    -0.373067
   -0.384414     0.660366    -0.645091
   -0.424098     0.792873    -0.437601
    0.159651     0.689323    -0.706644
  -0.0498899     0.987178     0.151629
   -0.484782     0.813849    -0.320368
 -4.3619e-17            1            0
   -0.231641      0.95533    -0.183538
    0.389271     0.901143     0.190813
    0.109425     0.861532     -0.49577
   -0.169177     0.829477     0.532304
  -0.0180842     0.997965   -0.0611434
    0.394381     0.838285     0.376487
    -0.44129     0.707774    -0.551651
    0.152508     0.936551    -0.315617
   -0.125538     0.989761   -0.0679138
  0.00321716     0.999696    0.0244282
    0.570628     0.638778     0.516088
     0.18411     0.689428    -0.700566
   0.0554077     0.997385    0.0464074
   -0.393253     0.897445    -0.199862
    0.478872     0.771398     0.419077
   0.0970365     0.805476      0.58463
   -0.109482     0.990038   -0.0885359
    0.136676     0.987452    0.0791105
   -0.207275     0.943842    -0.257292
    0.245693      0.50074     0.829997
   -0.166811     0.969818    -0.177842
 0.000487665     0.999878     0.015628
    0.175755     0.976118     0.127686
   0.0514029     0.998281    0.0281406
  -0.0455415     0.969978    -0.238891
    0.139239     0.834271    -0.533484
  -0.0835036     0.876207    -0.474646
    -0.28582     0.913096     0.290797
    0.314345     0.905645     0.284594
 3.45257e-05     0.999999   0.00153414
    0.212718     0.717632      0.66314
    0.227198     0.948137     0.222299
   -0.106651     0.598128     0.794272
   -0.428463     0.688106    -0.585602
   -0.252816     0.843239     0.474376
   0.0906097     0.992796    0.0783965
 7.27065e-17            1            0
   0.0624802     0.965104     0.254305
    0.356023     0.909898     0.212915
    0.370028     0.730812     0.573578
   -0.412057     0.734776    -0.538807
    0.324295     0.844918     0.425377
   -0.508504     0.715735    -0.478693
    -0.49103     0.590807    -0.640185
    0.248302     0.912948    -0.323839
  -0.0296699     0.998897   -0.0364008
   -0.309289     0.891619     0.330689
    -0.50474     0.758345    -0.412493
   -0.282193     0.928747    -0.240409
    0.289422     0.792654    -0.536595
   -0.395463      0.70851    -0.584485
    0.173245     0.527174      0.83191
   -0.181774     0.705256     0.685253
    -0.11531     0.985034    -0.128108
    0.399842     0.774455     0.490251
   -0.385555     0.877629    -0.284808
   0.0489681     0.997304     0.054649
   -0.199446     0.936156    -0.289541
   -0.191113     0.963812     0.185854
   0.0374291     0.999036    0.0229576
   -0.298202     0.814347     -0.49791
   0.0309642     0.894027    -0.446942
 0.000648406     0.999992  -0.00401119
    0.213651     0.936215     0.279026
 3.63415e-17            1            0
 5.73169e-17            1            0
 2.69067e-17            1            0
   -0.255943     0.932356    -0.255353
   -0.116553     0.897248    -0.425866
    0.280466     0.581139     0.763948
    -0.19892     0.770346     0.605804
   -0.139487     0.867023     0.478346
 0.000374236     0.999991   0.00416729
   -0.269079     0.949624    -0.160654
    0.185186     0.941131     0.282806
   -0.248392     0.751893     0.610704
   0.0650033     0.995727   -0.0655962
   -0.143183     0.762166     -0.63135
    0.196538     0.669693     0.716159
   -0.263572     0.696278     0.667628
    0.126862     0.684427      0.71796
    0.283671     0.615847     0.735026
   -0.425875     0.624259    -0.654928
   0.0660001     0.991258    -0.114245
   -0.360697     0.831199     0.423091
   -0.253909     0.904799      0.34186
   -0.190259     0.973765    -0.124836
   -0.279157     0.859409    -0.428355
   -0.129824     0.989031   -0.0704469
   -0.303186     0.841953    -0.446312
   -0.171885     0.915443     0.363895
    -0.31211     0.927849    -0.204163
-0.000182024     0.999978  -0.00669114
   0.0805833     0.904908    -0.417908
   0.0162547     0.663213     0.748254
   -0.185339      0.86922    -0.458373
   -0.179241     0.571347    -0.800897
    0.267269     0.777491     0.569276
    0.387426      0.88937      0.24274
 1.91469e-17            1            0
  -0.0486843     0.687353     -0.72469
   0.0688446      0.55943     0.826014
  0.00401255     0.998719   -0.0504471
    0.101852     0.985426     0.136241
  -0.0962201     0.984857    -0.144215
 -0.00443881     0.986617    -0.162993
 -6.7913e-17            1            0
    0.429058     0.803434     0.412799
   -0.356502     0.875365    -0.326563
   -0.342534     0.759091     0.553581
    0.128137     0.902028    -0.412221
   -0.379481      0.79969    -0.465286
   -0.213433     0.962582     0.166977
    0.154892     0.676347    -0.720113
   -0.049371     0.998575   -0.0202742
   -0.135934     0.923154     0.359596
 1.26589e-17            1            0
    0.514939     0.763826     0.389113
   -0.126163     0.861765    -0.491369
   -0.152323     0.976007     0.155591
-1.12071e-17            1            0
   -0.236364     0.891988     0.385344
    0.155655     0.926035    -0.343847
    0.120686     0.925911    -0.357943
  -0.0888898     0.846585    -0.524779
  -0.0127647     0.999843   -0.0123057
    0.409942     0.482459     0.774067
  -0.0131228     0.877792    -0.478862
    0.292837     0.941704     0.165651
    0.271995     0.905774     0.324949
     -0.5171     0.766353    -0.381196
  -0.0201967     0.638938    -0.768993
   0.0427744     0.996004     0.078393
    0.124953     0.894852    -0.428516
 -0.00258789     0.861369    -0.507973
   0.0298939     0.998185   -0.0522813
    0.139895      0.97152     0.191254
   0.0719969     0.770887     0.632889
   -0.170654     0.908599    -0.381214
   -0.324313     0.786934    -0.524933
   -0.032607     0.997448   -0.0635182
    0.311438     0.893107    -0.324602
  0.00792533     0.720732     0.693168
   0.0739002     0.756504      -0.6498
   -0.337076     0.812643     0.475385
    0.334777     0.823142    -0.458651
  -0.0221024     0.754504    -0.655923
   -0.185146     0.977073    -0.105117
   0.0244646     0.918754    -0.394071
  -0.0513047     0.833658    -0.549892
   -0.237683     0.941803     0.237726
     0.06167     0.876363    -0.477687
 1.09832e-17            1            0
   -0.404809     0.868303    -0.286669
-9.13673e-18            1            0
  -0.0867093     0.599512    -0.795655
  -0.0117661      0.92917     0.369466
   -0.349337     0.813393     -0.46514
    0.079127     0.899821    -0.429024
  0.00654015     0.837825       0.5459
  -0.0750621      0.97468    -0.210631
    0.327915     0.870022    -0.368148
    0.112091     0.930358     0.349099
    0.181917     0.911046    -0.370002
-7.35911e-17            1            0
   0.0748177     0.527287     0.846387
  0.00374307     0.999564    0.0292734
    0.229447      0.82126     0.522385
   -0.150052     0.816793    -0.557076
   0.0495048     0.905974     -0.42043
  0.00515266     0.932109     -0.36214
   -0.381696      0.84818    -0.367285
    0.266011     0.854573    -0.446031
   0.0543313     0.991079     0.121701
  -0.0973373     0.974843    -0.200516
  -0.0217682     0.866158    -0.499296
  -0.0492222     0.964965      0.25772
  -0.0747376     0.993161    0.0896987
    0.452136     0.860158     0.236011
  -0.0239808     0.999284    0.0292671
    0.372941     0.865539     0.334302
-0.000313628     0.999787   -0.0206601
  -0.0199388      0.96415    -0.264608
  0.00611955     0.893502    -0.449017
    0.297476     0.945773     0.130462
  -0.0250636     0.991305    -0.129173
   -0.263953     0.718696    -0.643277
   -0.206744     0.712454    -0.670572
    0.105627      0.94169    -0.319473
   -0.205682      0.71114     0.672291
   -0.119596     0.950843    -0.285646
   -0.129922     0.973506    -0.188168
    0.350279     0.804214     0.480151
    0.141173     0.934074    -0.327987
   0.0439012     0.998477    0.0334242
 -0.00386491     0.999973  -0.00623894
     0.43046      0.73503     0.523865
  -0.0704723      0.99331    -0.091487
  -0.0733365     0.990844     0.113355
    0.364622     0.833938     0.414245
    0.264903      0.92837     0.260682
-1.81552e-17            1            0
    -0.33843     0.877556     0.339648
    0.285963      0.90693    -0.309358
    0.183294     0.965758     0.183614
   -0.317368     0.756015    -0.572468
 -0.00101097     0.999999   0.00070988
   -0.036197     0.885094    -0.464003
   0.0404439     0.998621   -0.0334761
   0.0915068     0.904651    -0.416213
   0.0367854     0.940137    -0.338805
    0.136557     0.724309    -0.675817
   -0.291247     0.930452    -0.222337
   -0.146469     0.981324    -0.124698
    0.142318     0.933939    -0.327877
    0.463751     0.535157     0.706075
 1.88638e-17            1            0
   0.0196902     0.743127     0.668861
   -0.456035     0.807961    -0.373137
    0.159873     0.970075     0.182742
   -0.126021     0.645544    -0.753254
  -0.0687504     0.996969   -0.0364089
    0.305911     0.807485    -0.504367
 9.34762e-18            1            0
-0.000119175     0.999992  -0.00406118
   -0.110162     0.920953    -0.373778
   -0.298045     0.916441     0.267028
  -0.0198913     0.698912     0.714931
     -0.1561     0.946861     0.281225
  -0.0811658     0.934406    -0.346838
   0.0131776     0.999073    0.0409756
    0.321715     0.552594     0.768856
    0.244873       0.7436     -0.62217
   0.0558513     0.893611    -0.445353
   -0.287852     0.903424    -0.317753
  -0.0631027     0.905757    -0.419072
     0.32014     0.755942     0.571018
    0.412148      0.85737     0.308302
 -0.00992325     0.998462    0.0545428
  2.0331e-16            1            0
  0.00155938     0.999722    0.0235308
    0.076623     0.968879     0.235378
 -0.00632432      0.99996   0.00631168
    0.231628     0.864705     0.445684
   0.0296018      0.98744     0.155195
 0.000134699            1  7.06859e-05
    0.099718      0.98125    -0.164938
 5.69253e-17            1            0
   -0.271604     0.935029     0.227928
    0.204582     0.635864     0.744193
   0.0606075      0.92072    -0.385489
     0.28303     0.845692     0.452437
  -0.0988855     0.992225    0.0755757
   -0.159863     0.798728     0.580066
   0.0655024     0.982808      0.17262
   0.0493645      0.99674    0.0638218
    0.520268     0.530343     0.669371
    -0.28889     0.948448    -0.130344
-4.62812e-18            1            0
   -0.109161     0.701373     0.704386
  -0.0601651       0.8481    -0.526409
   -0.238371     0.956968    -0.165502
   0.0734822     0.625944     0.776399
   0.0606669     0.997825    0.0257679
   -0.248016     0.881441    -0.401933
  -0.0544209      0.99769    0.0406605
   -0.125047     0.980768     0.149859
  -0.0414337     0.998372    0.0391966
   -0.283306     0.840659     0.461551
     0.33586     0.496851     0.800211
  -0.0673521     0.816328     0.573648
  -0.0628098     0.988404    -0.138251
     0.14497     0.943121    -0.299177
    0.165288     0.930877    -0.325804
   -0.199916     0.964657    -0.171672
    0.049271     0.997769   -0.0450496
  -0.0817789     0.797467    -0.597794
   -0.268774     0.904918     0.329977
   -0.268444     0.595252    -0.757372
  -0.0583994     0.997399   -0.0422512
   0.0874494     0.906969    -0.412019
  -0.0588351     0.993412    -0.098343
    0.137808     0.915899    -0.377011
    0.391184     0.902193     0.181722
    0.266233     0.909457    -0.319387
   0.0111443     0.999636    0.0245715
   0.0345082     0.870816     0.490396
  -0.0521296     0.644578     0.762759
     0.57126     0.534397     0.622963
   -0.368398     0.752079    -0.546498
    0.209046     0.773272    -0.598624
  -0.0137924     0.982867     0.183801
    0.405511     0.693564     0.595424
   -0.163696     0.983122   -0.0816995
    0.184887     0.979097     0.084766
    0.572889     0.733832     0.365086
    0.204876     0.971476     0.119417
    0.522491     0.814705     0.251515
   -0.481354     0.829488    -0.283281
  -0.0426451     0.588517    -0.807359
     0.12931     0.990293    0.0509789
   -0.148304     0.986901   -0.0634984
    0.460904     0.595089     0.658359
    0.401992     0.889905      0.21557
    0.282523     0.952445     0.114148
    0.550902     0.750953     0.364111
   0.0612485     0.997819    0.0246052
    0.408283      0.89473     0.181004
   -0.527538      0.76065    -0.378306
  -0.0892276     0.994937   -0.0462377
    0.585658     0.675041     0.448692
   -0.124081     0.990891   -0.0523305
   -0.231908     0.820746     0.522106
    0.230187     0.539296     0.810046
    0.021236     0.999723    0.0101153
   -0.364537     0.840743     -0.40033
    0.428924     0.830576     0.355202
   -0.383996     0.888068    -0.252749
   -0.297799     0.932009    -0.206582
    0.326619      0.93288     0.151838
    0.320556     0.921991     0.217201
    0.103166     0.992966    0.0581011
   -0.441792       0.7581    -0.479692
    0.467886     0.840921     0.271908
    0.310865     0.551708     0.773938
   -0.154626     0.983434   -0.0945926
   -0.486704     0.686639    -0.540042
   -0.103367     0.948231     -0.30029
    0.568009      0.73252     0.375206
    0.465184     0.553993     0.690432
   -0.512296     0.645043    -0.566985
 -0.00354135     0.999989  -0.00309648
   0.0195844     0.999775    0.0081176
   -0.527114     0.664709    -0.529446
    0.589979     0.565309     0.576499
    0.353443     0.892022     0.281735
    0.306389     0.921861     0.237274
     0.24558     0.962187     0.117843
  -0.0855113     0.984854     0.150831
    0.593461     0.730243     0.338451
     -0.2944     0.942235    -0.159756
    0.381185     0.909937      0.16344
   -0.462218     0.583276     -0.66794
    -0.22685     0.964462    -0.135468
    -0.11787     0.989466   -0.0840523
    0.254955     0.961352     0.103925
    0.332127     0.829588     0.448859
    0.335286     0.927751     0.163893
   -0.267536     0.956262    -0.118265
   -0.191452     0.971236    -0.141585
   -0.160326     0.669841     0.724989
-3.64379e-17            1            0
   -0.320974     0.908185    -0.268655
   -0.420339     0.857769    -0.295884
    0.250997      0.94831     0.194188
  -0.0730134     0.848597    -0.523977
    0.507022     0.785718     0.354367
    0.164528     0.982718     0.084831
    0.617295     0.613213     0.492866
   -0.431563     0.722291    -0.540416
    0.461829     0.508549     0.726699
    0.464197     0.859839     0.212598
   -0.332336     0.706532    -0.624792
   -0.323247     0.664054    -0.674199
    0.109946     0.530878     0.840286
    0.250297     0.958259     0.138174
  -0.0808311     0.993653    0.0782282
    0.242487     0.935865     0.255649
    0.233724     0.849473     0.473041
   -0.401656      0.84784    -0.346179
   -0.306691     0.722725     0.619362
    0.010854     0.999924     0.005861
   -0.317238      0.86832     0.381288
   -0.182922     0.971083    -0.153419
    0.365736     0.906737     0.209917
   -0.259117     0.954421    -0.148117
    0.550524     0.778638     0.301075
    0.309361     0.693557     0.650596
   -0.309918     0.799182    -0.515033
     0.10437     0.754716    -0.647696
    -0.18312     0.952669    -0.242672
 3.57296e-17            1            0
  -0.0395638     0.998124   -0.0467241
    0.627001      0.62676     0.462647
   -0.272541     0.922533     0.273231
   -0.291155     0.711608     0.639408
   0.0707672     0.995526    0.0626163
   -0.252439     0.725508     0.640244
   -0.194038     0.918757    -0.343854
   -0.293727      0.58082    -0.759192
   -0.154826     0.961827     -0.22565
  -0.0310129     0.841427      0.53948
   -0.485528     0.788598    -0.377326
    0.157385     0.982999    0.0945715
    0.357749     0.866822     0.347325
   0.0651261     0.943576     0.324688
 -0.00107543     0.995392    0.0958809
   -0.110209     0.608039     0.786221
-2.21777e-17            1            0
   -0.211835     0.972045    -0.101259
    0.247868     0.626272     0.739151
   -0.172267     0.965746     -0.19406
  -0.0364797     0.988507     0.146705
    -0.30393     0.719338     0.624644
   -0.125845     0.982539     -0.13704
    0.363125     0.789611     0.494626
   -0.456795     0.836952    -0.301412
   -0.246069     0.569842    -0.784047
  -0.0857395     0.720712    -0.687912
    0.123851     0.725771     0.676696
   -0.205019     0.783266    -0.586909
    0.331498     0.922717     0.196732
    0.161063     0.976108     0.145851
   -0.030569     0.995151   -0.0934929
  -0.0160243     0.999837  -0.00834778
    0.346781     0.479827     0.805921
    0.148179     0.956095    -0.252833
   -0.150975     0.934246     0.323097
    0.407232     0.869065     0.280871
   -0.130594     0.982831      0.13034
   0.0511019     0.584465     0.809808
    0.575288     0.744855     0.337987
 1.87151e-17            1            0
  -0.0944413      0.97023     0.223012
    0.570202     0.536058     0.622504
    0.457365     0.542633     0.704533
    0.056762      0.89617    -0.440065
   -0.110821      0.99018    0.0852194
    0.120794     0.976629    -0.177776
   -0.231891     0.809502    -0.539382
    0.105717     0.975051    -0.195192
   -0.309936     0.868467    -0.386917
   -0.246193     0.941364      -0.2307
   -0.347858     0.908161    -0.232892
     0.01041     0.999885    0.0110673
  -0.0818035     0.903184    -0.421387
 5.70064e-17            1            0
   -0.169287     0.852579     0.494419
    0.209554     0.967048     0.144587
 -0.00123099     0.999995   0.00283184
    0.299615     0.915467     0.268609
    0.134817     0.920115    -0.367714
  -0.0638065     0.996812    0.0478946
    0.504859      0.67316     0.540345
   -0.305434     0.750889     0.585556
    0.147914     0.950546    -0.273101
    0.237003     0.914265     0.328556
   -0.011495     0.932921    -0.359897
   0.0971227     0.926252    -0.364176
    0.349745     0.906642     0.235964
   -0.255559     0.787529     0.560792
 -0.00817653     0.999947   0.00632867
    -0.26504     0.783328    -0.562272
 1.96955e-17            1            0
    0.152729     0.931472     0.330202
   -0.175529     0.760766      0.62484
    0.289126     0.895049     -0.33955
   -0.439346     0.649951    -0.620112
   0.0321524     0.999442   0.00900404
-1.49057e-17            1            0
  -0.0621767     0.917767    -0.392222
    0.219025     0.909405    -0.353567
   -0.347942     0.846356     0.403258
   -0.513289     0.745575    -0.425033
   -0.239456     0.925257     0.294213
    0.284853     0.842171    -0.457828
    0.322788     0.879289    -0.350227
 -0.00025766     0.999989  -0.00460153
   -0.149374     0.625465     0.765821
     0.32297     0.832298    -0.450523
   -0.203482     0.953225    -0.223511
    0.206439     0.955444     0.210975
  -0.0149473     0.884608    -0.466096
     0.51587     0.647877     0.560476
   -0.149615      0.69303     0.705213
    0.335805     0.863481     0.376344
 8.06293e-05            1  0.000867486
    0.187774     0.757122    -0.625705
  0.00230199     0.999973   0.00693735
-1.63466e-16            1            0
    0.141253     0.926111    -0.349808
   -0.217841     0.964715    -0.147889
   -0.314873     0.768009    -0.557689
    -0.20314     0.958606     0.199521
 -0.00694061     0.653608    -0.756802
   -0.181326     0.970249     0.160428
   -0.146536     0.772055    -0.618432
 4.83403e-17            1            0
    0.431877     0.860352     0.270696
    0.116635     0.889324     0.442152
  0.00613433      0.85875    -0.512359
   -0.259939     0.896205     0.359511
    0.371899     0.822143     0.431013
    -0.27938     0.765305     0.579875
    -0.20619     0.870901    -0.446112
  -0.0723862     0.981696    -0.176163
   0.0472218     0.998108   -0.0393752
   -0.125377      0.98978   -0.0679481
  -0.0664457     0.981754     0.178166
    0.017058     0.999718    0.0164963
  -0.0309602     0.999383   -0.0165737
    0.336394     0.845176    -0.415352
  -0.0215208      0.99922   -0.0331052
    0.282947     0.749995    -0.597869
 6.40085e-17            1            0
   -0.474135      0.73051    -0.491478
  -0.0227764     0.898749    -0.437872
   0.0216708     0.927986    -0.371985
  -0.0241595     0.861595    -0.507022
  0.00921974     0.997245    0.0736036
    0.149781     0.950184     0.273342
    0.261429     0.908105    -0.327109
   -0.295676     0.855829     0.424419
     0.21749      0.90482    -0.366059
    0.162246     0.978723     0.125612
  -0.0376733       0.7504     -0.65991
 9.30343e-17            1            0
    0.538089     0.685779     0.490069
  -0.0732046     0.628111    -0.774672
    0.266719     0.743991     0.612649
 -0.00147917     0.999577   -0.0290479
   -0.244321     0.945185     0.216641
    0.101185     0.913377    -0.394341
   -0.406589      0.82069    -0.401439
  -0.0694863     0.869973    -0.488179
   -0.236109     0.932071    -0.274767
   -0.128685     0.989779   -0.0614642
   0.0202324     0.991009     0.132257
   -0.270183     0.819412    -0.505535
   -0.351098     0.608719    -0.711472
  -0.0510894     0.992425    -0.111725
   -0.167965     0.884808     -0.43463
    0.266068     0.779962    -0.566452
    0.452546     0.671351     0.586933
    0.073119     0.896199    -0.437586
    0.169768     0.927516    -0.333007
    0.239249     0.959943     0.145843
    0.519577     0.795427     0.311986
   0.0847419     0.836254     0.541755
   0.0417966     0.954525    -0.295185
    -0.23094     0.907064    -0.351997
-1.15967e-17            1            0
    0.259612     0.583033     0.769853
    0.234249     0.665065     0.709095
    0.108273      0.99151    0.0720071
    0.444945     0.747796     0.492774
   -0.184659     0.971849     0.146321
   0.0425386     0.614368     0.787872
    0.015189     0.735559     0.677291
    0.247836     0.916687     0.313468
   -0.120646     0.890899    -0.437886
    0.120554     0.908882    -0.399249
   -0.119044     0.959345    -0.255903
    0.256828     0.761944    -0.594543
   0.0959376     0.985404     0.140621
    0.375271     0.749619     0.545199
     0.20088     0.578039     0.790897
   -0.239652     0.950625     0.197175
    0.387122     0.618717     0.683612
 -0.00164621     0.895604     0.444849
    0.296522      0.90561     0.303225
   0.0732757     0.962277    -0.262018
   -0.265907     0.919955    -0.288055
   -0.154965     0.551388     -0.81973
  -0.0159597     0.999639    0.0216192
   0.0255645     0.972216     0.232687
 2.98167e-18            1            0
     0.02566     0.992683    -0.117992
     0.14065     0.933927    -0.328632
   -0.279707     0.847141    -0.451792
   -0.161168     0.966695     0.198811
   0.0754971      0.99644    0.0375138
     0.12189     0.932228    -0.340724
   0.0249534     0.997517    0.0658519
    0.102125     0.905309    -0.412294
   -0.124476     0.987973   -0.0917305
   -0.427613      0.80427    -0.412671
   0.0174797     0.755754    -0.654622
    -0.15041     0.942741    -0.297685
 -0.00996193     0.940102    -0.340747
   0.0487895      0.89894    -0.435346
 0.000175746     0.999877    0.0156595
   -0.119897     0.989874   -0.0759939
    0.180187     0.869781    -0.459362
    0.223338     0.953586     0.201976
    0.499799     0.799395     0.333418
  -0.0115822     0.989699    -0.142696
   0.0218478     0.999611   -0.0173279
   -0.399515     0.750398    -0.526584
  -0.0876483     0.925001     0.369717
  -0.0450486     0.907515    -0.417597
   -0.136642     0.974677     0.177014
   -0.313487     0.757519     0.572617
   0.0930528     0.991068    0.0955296
   -0.332552     0.822692    -0.461071
   -0.492384     0.813812    -0.308654
    0.138355     0.981793     0.130156
   -0.302623     0.743529    -0.596309
  0.00924798     0.999826    0.0161799
    -0.10804     0.974504    -0.196643
   -0.360263     0.832552     0.420795
    0.385759     0.817584     0.427489
   -0.411365     0.679849    -0.607111
    0.389274     0.679085     0.622341
     0.39503     0.848649     0.351776
   0.0875906     0.991402   -0.0972134
   -0.116418      0.89795     0.424421
    0.463088     0.817746      0.34182
    0.154283     0.910937    -0.382609
    0.109922     0.857848      0.50201
    0.104243     0.564713     0.818678
    0.310679     0.823339     0.474965
  -0.0213877      0.94233     0.334001
    -0.15985     0.974704     0.156207
    0.530778     0.520958      0.66849
  -0.0617629     0.996279   -0.0601188
   -0.209516     0.828439    -0.519415
-4.69148e-17            1            0
   0.0941372     0.915348    -0.391505
   0.0172926     0.883642    -0.467843
     0.17109     0.861508     0.478051
 3.29804e-17            1            0
   -0.382989     0.806871    -0.449754
   0.0860252     0.994163    0.0651159
     0.15195     0.965049     0.213522
  -0.0268896     0.980039    -0.196979
    0.136696     0.892506    -0.429823
   0.0799375     0.513413      0.85441
    0.103601     0.993536    0.0463985
   -0.143245     0.983292     0.112326
    0.147167     0.987405    0.0580806
  -0.0756864      0.83511    -0.544852
   -0.235311     0.963168    -0.130138
   -0.349976     0.569765    -0.743562
   -0.470444     0.606708    -0.640771
   -0.265221     0.854093    -0.447418
-0.000452267     0.999857   -0.0169291
    0.503538     0.705969     0.498052
     0.14382     0.972612    -0.182597
    0.527412     0.808754     0.260293
  -0.0325487     0.956273      0.29066
  -0.0376232     0.894565    -0.445352
   -0.017891     0.762202     0.647092
   0.0890024      0.91109    -0.402483
-6.98454e-19            1            0
  -0.0912438      0.85578    -0.509229
   -0.212536     0.839579     0.499935
     0.11911     0.983109    -0.138959
    0.197706      0.92042     0.337254
 1.85314e-17            1            0
  -0.0898144     0.718167      0.69005
  0.00930102     0.911572    -0.411036
   -0.200577     0.912713     0.355982
  -0.0162478     0.996292   -0.0844852
   -0.156275     0.687411    -0.709257
  -0.0078434     0.995989   -0.0891312
  -0.0296359     0.918018      0.39543
   -0.144514     0.986216   -0.0805778
     0.51318     0.750799     0.415869
 1.38851e-17            1            0
   0.0438996      0.91334    -0.404825
-6.63993e-17            1            0
  -0.0299427     0.986426    -0.161454
   -0.147208     0.838658    -0.524388
   -0.300327     0.892894    -0.335477
   -0.326346     0.854226    -0.404718
   -0.223057     0.947415    -0.229456
  -0.0897022     0.879396    -0.467564
    0.033384     0.882969    -0.468243
   -0.175603     0.936596    -0.303235
    0.471673     0.611276     0.635505
   0.0935464      0.92161    -0.376675
     0.59107     0.561102     0.579483
    0.276948     0.954478     0.110777
    0.539512     0.769613       0.3415
    0.162481     0.982386    0.0922881
    0.325597     0.913334     0.244558
    0.553211     0.777974     0.297848
    0.530846     0.804672     0.265905
   -0.535327     0.666822    -0.518433
    0.415028      0.88894     0.193748
  0.00551937     0.813406      0.58167
  -0.0483913      0.99854   -0.0240048
      -0.174     0.980699   -0.0891835
   -0.197498     0.968324    -0.152786
    0.482389     0.609746     0.628896
    0.484561     0.797371     0.359722
   0.0357209     0.999214    0.0171914
    0.226739     0.966462     0.120585
    0.165909     0.983914    0.0662361
   -0.479607     0.831341    -0.280803
   -0.161537     0.984333   -0.0706696
   -0.255473     0.678696    -0.688552
    0.408972     0.895626     0.174916
    0.096942     0.595986     0.797122
    0.160246      0.98375    0.0809801
    -0.38221     0.904048    -0.191343
    0.366007     0.910667     0.191635
  -0.0844884       0.6593     0.747118
    0.179721      0.56971     0.801955
   0.0791386      0.90773    -0.412023
  -0.0883867     0.994811   -0.0503825
   0.0320775     0.999331    0.0175525
    0.573213     0.640216     0.511419
    0.138089     0.988939    0.0541344
    0.614713     0.675941     0.406487
    0.250142     0.961275     0.115669
   -0.388374     0.794154    -0.467424
   -0.287041      0.78224     0.552909
     0.30455     0.557517     0.772285
  -0.0224902     0.999481   -0.0230664
    0.055113      0.89176     -0.44914
    0.303003     0.938798     0.163854
-0.000651665            1 -0.000392522
   0.0410942      0.99898    0.0187125
   -0.517486     0.652812    -0.553213
   -0.410345     0.774393    -0.481594
    0.471862     0.779688     0.411621
    0.463818     0.542114     0.700704
    0.423554     0.816961     0.391379
   0.0929362      0.99464    0.0453249
   -0.092823     0.993918   -0.0592455
    -0.30271     0.918759    -0.253474
   -0.276274     0.953257    -0.122363
   -0.131061     0.989821   -0.0554701
   -0.417674      0.87931    -0.228828
    0.447555     0.662749     0.600382
    0.617981     0.623037     0.479504
   -0.451913     0.753524    -0.477469
   -0.130274     0.865555    -0.483573
    0.137116     0.923938    -0.357125
   -0.108948     0.776428     0.620717
    0.124594     0.989767    0.0695528
    0.501603     0.812692     0.296522
    0.433629     0.868771     0.239172
   -0.469949     0.720643    -0.509727
    0.371023      0.88028     0.295718
    0.119951     0.989185    0.0844058
 -0.00372517     0.999981  -0.00494216
    0.523505     0.651682     0.548865
   -0.242753     0.799956    -0.548763
  -0.0449617     0.954577    -0.294552
   -0.306206     0.894628     0.325391
    0.114814     0.990843    0.0710484
    0.426864     0.839741     0.335592
    0.319673     0.817978    -0.478248
   -0.375531     0.825902    -0.420551
    0.278197     0.491156     0.825453
   -0.293619     0.945826    -0.138564
   -0.372516     0.643416    -0.668766
     0.27947     0.891731     0.355968
   -0.365989     0.897202    -0.247144
     0.56163     0.735837     0.378306
   -0.241441     0.549755    -0.799672
   -0.405231     0.640317     -0.65252
   0.0143227      0.87417    -0.485408
   -0.111155     0.818238     0.564031
   -0.423394      0.57311    -0.701628
   -0.367426     0.774908    -0.514311
    0.380535      0.89783     0.221574
    0.372481     0.900018      0.22633
    0.324183     0.851708    -0.411701
  -0.0291387     0.592421     0.805101
    0.103551     0.876725     0.469713
 6.45168e-17            1            0
    0.577165     0.728224     0.369555
    0.491459     0.699212     0.519203
    0.511945     0.777611     0.365012
 7.21246e-19            1            0
    0.161595     0.947472    -0.276014
    0.165795     0.771631    -0.614082
     0.47798     0.842177     0.249547
    0.114624     0.990947    0.0698934
  -0.0698551     0.996479   -0.0463769
   -0.423543     0.805541    -0.414385
 2.96729e-17            1            0
    0.257844     0.907367    -0.331967
   -0.315244     0.679079    -0.662927
   -0.142233     0.739587     0.657861
   -0.521231     0.769446    -0.369149
   -0.146694     0.982177    -0.117514
     0.27265     0.940485     0.202853
   -0.252789     0.956997    -0.142316
    0.562308     0.535689     0.629958
   0.0199256      0.99967    0.0162278
   -0.496774     0.795989    -0.345857
  0.00193307     0.999998  0.000758968
   -0.493472      0.76966    -0.405104
  -0.0612186     0.997057    0.0461385
  -0.0963121     0.957212    -0.272892
    0.106276     0.955616    -0.274778
   -0.226927     0.921574     -0.31497
     0.32717      0.86742     -0.37489
    0.359563     0.602398     0.712623
  -0.0194587     0.662465      0.74884
   -0.407986      0.87873    -0.247751
   -0.219675     0.953528    -0.206221
    -0.16523     0.966238    -0.197694
    0.127006     0.990251    0.0572021
   -0.228222     0.698984     0.677743
    0.391511     0.882332     0.261169
   -0.338807     0.906189    -0.253043
  -0.0896355     0.962744     0.255127
   -0.331022     0.881763    -0.336033
   -0.200744     0.722682     0.661387
    0.256985     0.855645     0.449255
   0.0766389     0.989828     0.119859
  -0.0234777     0.847246    -0.530682
    0.142317     0.538296     0.830652
    0.299178     0.565306     0.768715
   0.0154628     0.947347     0.319834
   -0.314017      0.72914      0.60807
-5.24508e-17            1            0
   -0.369846     0.904406    -0.212751
   -0.227272     0.968343    -0.103245
 4.36283e-17            1            0
  -0.0369926     0.998135    0.0485661
   -0.471852     0.819193    -0.326002
    0.319264     0.906181      0.27732
   -0.345158     0.893124    -0.288436
   -0.209965     0.945413     0.249217
-6.15239e-17            1            0
   0.0153423     0.999735   -0.0171699
    0.190348     0.978691    0.0770188
  3.6731e-17            1            0
   -0.201301     0.866661     0.456484
   -0.173363     0.848075    -0.500714
  -0.0320681     0.997236    0.0670183
    0.218645     0.965647      0.14043
 -0.00283349     0.998753   -0.0498396
    0.414065     0.572918      0.70733
   0.0990589     0.986541    -0.130097
     0.26473     0.903522    -0.336995
   0.0238204     0.998561    -0.048057
   -0.309421      0.61361    -0.726458
    0.494041     0.754285     0.432409
 -0.00668882     0.999898   -0.0125812
 6.04448e-17            1            0
   -0.457905      0.83738    -0.298525
     0.52282     0.657461      0.54259
   -0.308984     0.582012    -0.752191
  -0.0123346     0.889755    -0.456271
    0.354134     0.857349     0.373553
   0.0711244     0.667036     0.741623
   -0.324772     0.932729     -0.15665
   -0.207429     0.969469    -0.130778
    0.140327     0.711196    -0.688846
   -0.429267     0.862496    -0.268012
   -0.285477     0.705461    -0.648713
   -0.294687     0.806159    -0.513096
  0.00062834            1  0.000240668
   -0.538279     0.741602    -0.400352
    0.349228     0.629836     0.693791
    0.370017     0.890126     0.266014
  -0.0585709     0.873795     0.482754
   -0.230253     0.953717     0.193408
    0.298273     0.766933     0.568197
    0.386592     0.715933     0.581366
  -0.0450348     0.737743    -0.673578
   -0.206249     0.816683    -0.538972
    0.229246     0.721705    -0.653137
    0.346454     0.668641     0.657942
 -0.00689824     0.995805   -0.0912443
    0.308241     0.837461     0.451271
    0.456015     0.574046      0.68009
   -0.260088     0.747609    -0.611093
    -0.28702     0.832969    -0.473057
     -0.2184     0.821149    -0.527272
   -0.300187     0.797193    -0.523804
    0.447852     0.855618     0.259513
    0.422297     0.488458     0.763593
    0.623537     0.619806     0.476489
    0.193558     0.918238    -0.345507
   0.0947246     0.896387    -0.433032
    0.270145      0.93362      0.23532
   0.0519253     0.898336    -0.436229
  -0.0140343     0.999843   -0.0107777
   -0.455332     0.826137    -0.331918
   0.0694719     0.741361      -0.6675
   -0.219549      0.85288    -0.473703
   -0.147351     0.979236    -0.139232
    0.239973     0.932792     0.268909
   -0.475411     0.684449    -0.552733
   -0.259423     0.931463     0.255102
  -0.0831994     0.921372    -0.379674
     0.11146     0.912484    -0.393637
     0.14474     0.982525     0.117026
   -0.283642     0.938737    -0.195757
  -0.0986713      0.76065      0.64162
   0.0341539     0.998394   -0.0452005
   0.0366944      0.99891   -0.0288339
    0.148256     0.814676    -0.560646
   -0.292653     0.941812     -0.16536
  -0.0282256     0.999404   -0.0198498
   -0.365618     0.887481    -0.280536
   -0.141246     0.955027     0.260717
   -0.111285     0.992019   -0.0592742
   0.0130769     0.998549    0.0522301
   -0.102799     0.908805    -0.404358
-1.06288e-16            1            0
  -0.0174149     0.896809    -0.442075
    -0.17998      0.96825     0.173492
  -0.0391832     0.930245      0.36484
     0.25698     0.809404     0.528041
    0.199529     0.970937     0.132171
   -0.202751     0.766366    -0.609569
  -0.0861809     0.987634     0.130963
   0.0925111     0.991762    0.0885937
    0.093839     0.990729   -0.0982352
   -0.106016     0.979329    -0.172266
    0.358961     0.775759     0.518985
   -0.103087     0.991893    -0.074301
   -0.159194     0.903367     0.398227
    0.138486     0.941909     -0.30599
   -0.218434     0.907466    -0.358876
   -0.186935     0.936667     -0.29616
  -0.0739057     0.995712    0.0556461
  -0.0579679     0.852468    -0.519555
   -0.317253     0.896714     0.308635
   0.0125376     0.999909   0.00502858
    0.421474      0.62969     0.652572
    0.263683     0.949237     0.171523
   0.0591345     0.980455     0.187647
    0.162375     0.831219     0.531705
   -0.408123     0.728136    -0.550684
   -0.204941     0.960722     0.187115
   0.0567676     0.987989     0.143721
    0.531027     0.767003     0.360161
 0.000669916     0.999958   0.00918678
   -0.158595     0.979441     0.124674
    -0.22636     0.930633    -0.287547
  -0.0830423      0.98043    -0.178498
   0.0583334     0.955453     0.289322
   0.0343565     0.909592     0.414079
    0.144698     0.913121    -0.381147
    0.130919     0.933978    -0.332484
    0.110125     0.704689    -0.700918
  -0.0409701     0.861546    -0.506023
    0.319465     0.879135     0.353643
   -0.203825     0.614218    -0.762359
   0.0685881     0.996768    0.0418268
 2.38329e-17            1            0
   0.0437133     0.897562    -0.438716
    0.452211     0.763653     0.460803
    0.125167     0.898516    -0.420716
    -0.12696     0.973947     0.187904
  -0.0644206     0.789181    -0.610773
  -0.0459677     0.978357     0.201753
   -0.174821     0.957963     0.227474
   -0.238403     0.951048     0.196652
-0.000436086     0.946158    -0.323704
    0.173807     0.792491     0.584594
   -0.274507     0.854728    -0.440551
   0.0445947     0.998056    0.0435437
  0.00842041     0.996799    0.0795038
   -0.133462     0.765214     0.629791
   -0.141017      0.87869     -0.45609
    -0.44993     0.841252    -0.299764
   -0.186247     0.970268    -0.154569
 0.000382592     0.999999  -0.00151873
     0.13264     0.909113    -0.394868
   -0.174481     0.953307    -0.246502
     0.31969     0.792424    -0.519484
    0.486672     0.517068     0.704125
   -0.247332     0.928598     0.276647
   -0.425774     0.698981    -0.574581
   -0.315982     0.906252     0.280824
   -0.121138      0.98776    0.0982658
  -0.0536704      0.96179    -0.268478
   -0.316408     0.934304    -0.164199
    0.134302     0.989409    0.0550761
   -0.268522     0.864555     0.424782
    0.372976     0.910667     0.177693
   -0.115975     0.989242    0.0891649
  -0.0729527     0.698161     0.712214
  -0.0735733     0.985898     0.150308
   -0.139712     0.831864    -0.537106
 8.54558e-05     0.718216     -0.69582
  -0.0132659     0.817808    -0.575339
    0.317264     0.886762    -0.336149
    0.118467     0.987429     0.104637
    0.329236     0.726345     0.603347
    0.306739     0.863301     0.400778
 3.33965e-17            1            0
   0.0347617     0.865844    -0.499106
   -0.097297     0.986804      0.12943
   -0.098108     0.907157     0.409196
  -0.0993079     0.846251    -0.523448
     0.56993     0.746517     0.343353
    0.129469     0.978874    -0.158249
   0.0578916     0.890799    -0.450695
    0.278794     0.848018     -0.45071
    0.200333     0.963503     0.177565
   -0.116548     0.945146     0.305148
     0.20139     0.968737     0.144882
   -0.318702      0.77613     0.544106
   -0.237699     0.963125    -0.126054
   0.0033326     0.998871    0.0473841
    0.412183     0.881595     0.229991
   -0.346907     0.869065     0.352678
   0.0854547     0.981929     0.168858
    0.529071     0.738213      0.41848
 -0.00948264     0.869324    -0.494152
    0.208463     0.812457    -0.544479
    0.112671      0.93262     -0.34282
  0.00278574     0.998918    0.0464309
   -0.355331      0.83841     0.413289
 2.37638e-18            1            0
  -0.0598559     0.996837   -0.0522828
   -0.287444     0.923499     0.254018
    0.138537     0.935048    -0.326333
  -0.0637257     0.940652    -0.333336
   0.0503915     0.980829    -0.188243
    0.246227     0.772958     -0.58473
    0.142611     0.876373     0.460035
   -0.122952     0.703574    -0.699905
    0.159285     0.928892    -0.334346
   -0.521376     0.681479    -0.513569
    0.196302     0.891988    -0.407214
   0.0767136     0.851796    -0.518226
   0.0513281     0.997359   -0.0513793
    0.126723      0.75834     0.639423
    0.082847     0.922194     -0.37775
    0.272383     0.910488    -0.311158
  -0.0406955     0.998842   -0.0256686
   0.0559557     0.689645     0.721983
    0.131497     0.974607    -0.181243
 -0.00240184     0.999243    0.0388347
    0.127735      0.91849    -0.374247
-2.08296e-17            1            0
   -0.262304     0.769203    -0.582686
   0.0919862     0.990657     0.100683
    0.515135     0.731304     0.447024
   -0.213996     0.919472     0.329813
    0.225247     0.914352    -0.336488
 1.62158e-17            1            0
    0.015053      0.69176     -0.72197
  -0.0915481     0.638497      0.76416
   0.0785527     0.994943    0.0625894
    0.124973     0.982404    -0.138794
   0.0887468     0.981051    -0.172228
  -0.0121921     0.932935    -0.359839
 -0.00338811     0.999084   -0.0426692
   -0.157824     0.655091     0.738882
   -0.181885     0.972623     0.144646
   -0.530765     0.697314    -0.481707
    0.220049     0.957357     0.187204
   0.0316599      0.99805    0.0538024
    0.110459     0.649149    -0.752598
   -0.111653     0.981531     -0.15534
   0.0963457     0.846844     0.523042
   -0.451202     0.807818    -0.379271
   -0.357436     0.737891    -0.572499
 -0.00580244     0.997902   -0.0644892
   -0.245005     0.944586    -0.218471
     0.28888     0.509327     0.810639
    0.260894     0.924808     0.276883
  -0.0133211     0.998344   -0.0559673
    0.523978     0.813975     0.250783
   -0.487644      0.74192    -0.460172
     0.61975     0.655869     0.430982
   -0.239335     0.542879    -0.804985
   -0.119893      0.99105   -0.0586942
    0.549642     0.600585     0.580682
  -0.0942962     0.992936    0.0720153
    0.408532     0.895808     0.175015
   -0.482248     0.589385    -0.648122
    0.320373     0.929402     0.183228
    0.253283     0.961918     0.102774
    0.438789     0.647177     0.623399
    0.428368     0.882867     0.192478
  -0.0120166     0.564416     0.825403
   -0.196197     0.974787    -0.106289
   -0.197606      0.97622   -0.0891453
  -0.0526505     0.584664     0.809566
    0.348688     0.921894     0.168905
    0.501018     0.558868     0.660793
   -0.328109      0.92575    -0.187969
    0.586772     0.692654      0.41944
   -0.036228     0.999192   -0.0174077
   0.0300016     0.999418    0.0162307
    0.549119     0.781636     0.295825
  -0.0450405     0.997912   -0.0462832
   -0.462014     0.835036    -0.298763
    0.530529     0.748471     0.397908
    0.564279     0.742244     0.361473
    0.266319     0.956426     0.119679
  0.00653542      0.99997   0.00415884
   -0.213799     0.970435    -0.112006
   -0.123554     0.980974    -0.149745
    0.436911     0.579295     0.688133
  -0.0233439     0.999661   -0.0115515
    0.554294     0.545056     0.629025
    0.338373     0.911159     0.235144
    0.445978      0.83553     0.320925
    0.195896     0.924123    -0.328057
    0.508178     0.622673     0.595007
  -0.0430718     0.998798   -0.0234142
    0.140149     0.987387    0.0736588
   -0.389221     0.807973    -0.442364
   -0.452441     0.710574    -0.538871
   0.0872057     0.994912    0.0504565
    0.278329     0.945465     0.169203
    0.323206     0.929719     0.176525
    0.600838     0.588279     0.541222
    -0.53264     0.751186     -0.38989
    -0.34195     0.785616    -0.515633
   0.0808053     0.996197    0.0325902
    0.488238     0.838419     0.242231
    0.137015       0.9891    0.0539289
   -0.121901      0.99119   -0.0517969
   -0.419502     0.878196     -0.22976
   -0.331124     0.872465    -0.359391
   -0.274225     0.952178    -0.134748
   -0.191071     0.802932     0.564617
   -0.438914     0.798996    -0.411047
   -0.327294     0.539934    -0.775468
    0.355477     0.555393     0.751781
   -0.186387     0.973685    -0.131139
   -0.319148     0.927581    -0.194262
   -0.219232     0.651323     -0.72644
   -0.462536     0.789351    -0.403714
    0.160944     0.984228    0.0734338
  -0.0723774      0.99685   -0.0324434
   -0.136424      0.98474    -0.108055
   -0.449363     0.743227    -0.495668
    0.347485     0.896956     0.273358
    0.149242     0.983926    0.0980636
    0.477892     0.687586     0.546667
    0.502226     0.771955     0.389686
   -0.132328     0.987832   -0.0817163
     0.33453     0.915974     0.221544
  -0.0558646     0.578129    -0.814031
   -0.490313     0.657753    -0.571799
   -0.425125     0.849929     -0.31127
   -0.393222     0.779959    -0.486867
    0.253708      0.95819     0.132305
    0.302475     0.945108     0.123609
    0.486831     0.819112     0.303399
    -0.13423     0.984552      0.11243
    0.326917     0.851081    -0.410837
   -0.149307     0.832311     0.533822
     0.13199      0.63912     0.757697
   0.0634421     0.997506    0.0309368
   -0.462096     0.696075    -0.549497
   -0.312269     0.650388    -0.692448
    0.522724     0.795978     0.305251
   -0.371155     0.904075    -0.211878
    0.413115     0.532926     0.738462
   0.0376424     0.998772    0.0322147
     0.35886     0.891669     0.275946
  0.00827411     0.998791    0.0484661
    0.186719     0.573247     0.797824
 -0.00839412     0.997905   -0.0641475
  0.00541074     0.918504    -0.395375
   -0.433064     0.831022    -0.349081
   -0.339409     0.695714    -0.633075
-4.62865e-17            1            0
  -0.0909793     0.990236      0.10562
    0.118862     0.947334    -0.297371
    0.393645     0.876689     0.276513
-1.71832e-18            1            0
    0.623049     0.618717      0.47854
 1.80619e-17            1            0
    0.362603     0.911231     0.195391
   -0.397352     0.894833    -0.203434
  -0.0416076     0.997324    -0.060112
    -0.28264      0.62565    -0.727101
   -0.150941     0.983859    -0.096118
    0.283629     0.949224     0.136121
    0.242796     0.904634    -0.350268
    0.317044     0.540868     0.779067
    0.558276     0.567476     0.605226
   -0.376326     0.594731    -0.710404
    0.526243     0.722549      0.44832
    0.430681     0.856343      0.28494
  -0.0298109     0.966299     0.255692
    0.438904     0.870452     0.222882
   -0.507053     0.772145    -0.383002
   0.0135053     0.999894   0.00550382
   -0.366016     0.806171     0.464888
   0.0751476     0.990248    -0.117314
   0.0994239     0.970898     -0.21788
   -0.305065      0.92534    -0.225123
   -0.398344     0.865447    -0.303849
  -0.0579728     0.921571     0.383858
   -0.192372     0.974291    -0.117261
    0.175084     0.681449    -0.710615
    0.311852     0.871806      0.37776
   -0.223044     0.767173    -0.601412
   -0.101875     0.990285   -0.0946398
   -0.064713      0.99723   -0.0366803
     -0.1978     0.975362   -0.0976907
   -0.295759     0.945259    -0.137885
   -0.264963     0.949825    -0.166215
   -0.487464     0.807113    -0.333088
   -0.321116     0.703532    -0.633978
   -0.311501     0.900175    -0.304386
    0.303476     0.822638    -0.480801
   -0.155808     0.954924    -0.252675
   -0.265087     0.940199    -0.213906
   -0.251462     0.682462     0.686303
    0.504496     0.791735      0.34444
    0.279563     0.902452    -0.327757
    0.272797     0.499743     0.822094
    0.389229     0.831828     0.395681
   -0.371667     0.850221     -0.37281
   -0.304601     0.874034     0.378526
    0.313256       0.6369     0.704436
    0.248493     0.931551      0.26545
     0.24663     0.958319     0.144219
    0.341249     0.844657     0.412436
   -0.358817     0.915909    -0.179891
  6.5196e-17            1            0
    0.339495     0.816552     0.466889
   0.0361316     0.616284    -0.786695
    0.115288     0.898586    -0.423382
    0.237657     0.959328     0.152346
    0.226725     0.968341     0.104458
   -0.151439     0.983525   -0.0987141
   -0.498711     0.620647    -0.605049
    0.289923     0.935369     0.202556
   0.0274664     0.999388    0.0216692
   -0.400177     0.857381     -0.32366
  -0.0468078     0.998098    0.0401225
   -0.166256     0.981238   -0.0976227
   0.0834936     0.898275    -0.431428
  -0.0408819     0.999024   -0.0167048
   0.0678846     0.997043    0.0360192
    0.097596     0.829102    -0.550513
    0.294445      0.79374     -0.53224
    0.426606     0.684849     0.590753
  -0.0599297     0.997219    0.0442979
  0.00225777     0.999997   0.00102281
   -0.260144     0.907773    -0.329048
  -0.0484955     0.622533     0.781089
  -0.0417561     0.995792   -0.0815728
   0.0186318     0.999706    -0.015533
   0.0092957     0.826792     0.562431
   0.0124043     0.999809    0.0150705
   0.0225575     0.962617    -0.269924
   -0.218578     0.879733     0.422247
   -0.494567     0.675345    -0.547094
     0.24525     0.938862      0.24164
    0.463954     0.607568     0.644677
    0.433765     0.817456     0.378963
    -0.14795     0.971302     0.186234
   -0.228595     0.670308     0.705997
    -0.24367     0.948057    -0.204482
   -0.428416     0.686319     -0.58773
    0.048432     0.889619    -0.454129
  -0.0381701     0.767212    -0.640257
   -0.287738     0.728372     0.621836
  -0.0808141     0.995076   -0.0573889
    -0.22387     0.952529     0.206324
   -0.219895     0.840355    -0.495429
   -0.359173     0.903988    -0.231948
   -0.334369      0.89627    -0.291371
    0.116847     0.991803    0.0517036
  -0.0486537     0.989081     -0.13911
    0.118821     0.957048     0.264462
  -0.0135021     0.993831     0.110077
    0.236158     0.875505    -0.421568
 1.05343e-17            1            0
   -0.188728     0.957125    -0.219756
  -0.0986099     0.938618    -0.330563
    0.626018     0.624479     0.467041
    0.330437     0.895013     0.299606
   0.0767889     0.912529    -0.401738
   -0.201482     0.738747    -0.643162
   -0.291641      0.91577     0.276245
    0.172216     0.979981    0.0998966
  -0.0207811     0.999131   -0.0361374
   0.0772643     0.919171     0.386206
    0.108534     0.679165    -0.725917
   -0.359954     0.762544     -0.53755
  -0.0464204     0.726048     0.686075
   -0.210639     0.738066     0.641007
    0.416507     0.777897      0.47053
    0.353319      0.92231     0.156557
  -0.0245887     0.999644   -0.0103295
   0.0693685     0.607259      0.79147
    0.392113     0.867461     0.306199
     0.12368     0.986578     0.106614
 3.32531e-17            1            0
   -0.225213     0.943736     -0.24216
  -0.0917012     0.796537     0.597595
    0.477632     0.836656     0.268093
    0.222328     0.943517     0.245653
    0.224689     0.881405     0.415501
   -0.227956     0.814468    -0.533552
   0.0254669      0.60739    -0.793996
   -0.129184     0.720274     0.681554
   -0.316378     0.882826     0.347165
   -0.144685     0.987565   -0.0615005
   -0.161144     0.979732     -0.11899
   -0.211288      0.92697    -0.309975
    0.159408     0.924262    -0.346885
   -0.152842     0.965193     0.212232
   0.0223259       0.9996   -0.0173333
  -0.0642801      0.99544    0.0704831
   0.0224828     0.850836     -0.52495
    0.201779      0.72594    -0.657492
    0.144077     0.862755    -0.484661
    0.136848     0.787846     0.600476
   -0.479883      0.80767     -0.34261
    0.116691     0.979983     0.161296
    -0.17323     0.665848     0.725698
   0.0121399     0.999397    0.0325199
 5.85927e-18            1            0
   -0.326548     0.794861     0.511431
  -0.0140085     0.999869  -0.00809381
 9.56257e-17            1            0
   0.0306197     0.531946     0.846225
   -0.110637     0.979896     0.166025
  -0.0913498     0.684732    -0.723048
    0.469604      0.80849     0.354704
   -0.269734     0.792115    -0.547537
   -0.343901     0.806031    -0.481712
   -0.289284     0.731074    -0.617937
   -0.117481      0.88313    -0.454179
    0.324114     0.879177    -0.349281
    0.119924     0.715058     0.688702
  -0.0455824     0.991355     0.123035
   -0.230958     0.837904     0.494545
  -0.0772509     0.871459    -0.484347
  -0.0204497     0.999662    0.0160452
   -0.290088     0.823202    -0.488044
     0.50339     0.632449     0.588733
    0.018354      0.99798    0.0608124
   -0.340958     0.908788    -0.240525
  -0.0383043     0.898143    -0.438033
    0.209516     0.800642     0.561316
   -0.350129     0.805962      0.47732
    0.128168     0.938955    -0.319275
    -0.38825     0.692483    -0.608054
   -0.123011     0.938087    -0.323822
  -0.0737142     0.995526   -0.0591105
    0.203621     0.846961     0.491116
   -0.458241       0.8323    -0.311916
   -0.105461     0.576702    -0.810119
    0.419073     0.813382     0.403468
   0.0534459     0.805121     0.590697
  -0.0299362     0.947764    -0.317565
     0.12332     0.990183    0.0658069
   -0.171538     0.927255    -0.332826
  -0.0389158     0.976812    -0.210533
    0.156111     0.939764     0.304093
    0.163902     0.971543     0.170996
    0.316678     0.911877     0.261143
    0.019258     0.986495     0.162653
 -0.00184375     0.999956   0.00922971
    0.272548      0.93735     0.217007
   -0.125268     0.969423    -0.211013
  -0.0333746     0.989877    -0.137945
   0.0606025     0.910357    -0.409363
     0.21172     0.964048     0.160584
   0.0422127     0.992674    -0.113207
   -0.352377     0.817385     0.455755
   0.0891149     0.991304   -0.0968205
     0.05421     0.997412    0.0472385
 -0.00522024     0.996648    0.0816386
 -0.00764558     0.969839    -0.243627
   -0.118075     0.989137    -0.087555
    0.491777     0.564176      0.66322
   -0.288923     0.889565     0.353834
    0.173393     0.956985     0.232624
 1.00953e-16            1            0
   -0.307627     0.910578     0.276066
  -0.0559702     0.677585     0.733312
    0.302988     0.763502    -0.570319
    0.225351     0.964625     0.136808
   -0.315601     0.841844      0.43783
   -0.226203     0.959051    -0.170452
    0.120546     0.912855    -0.390083
   -0.232615     0.946794    -0.222423
 0.000152198     0.999537    0.0304273
  0.00233523     0.992688     0.120684
  -0.0182048     0.998843   -0.0445081
   -0.125485     0.661006     0.739814
  -0.0886865     0.914114    -0.395639
  -0.0744226     0.988978    -0.127996
   0.0551831     0.798637    -0.599278
    0.159136     0.965458     0.206315
    0.121181     0.930002     0.347003
    -0.13724     0.981811    -0.131196
   -0.196079     0.891374     0.408662
    0.137649     0.518644     0.843837
 -0.00254748     0.999786   -0.0205094
 0.000475507      0.90836     0.418188
    0.477522     0.817132     0.322905
  -0.0195411     0.999726    -0.012893
    0.199095     0.895235     0.398643
   0.0874765     0.941304     0.326028
   -0.266473     0.945787    -0.185687
  -0.0672907      0.85293     -0.51767
   0.0268272     0.954407       0.2973
  -0.0140373     0.999755   -0.0170985
  -0.0695332     0.964478     0.254847
   -0.139559     0.806764    -0.574156
   -0.369076     0.816779    -0.443459
   0.0160979      0.99953    0.0260826
     0.12149     0.990863    0.0585683
   0.0933578     0.909671      -0.4047
   -0.117668     0.843313    -0.524384
    0.130136      0.91819     0.374155
    0.225449     0.764528     0.603879
    0.158729     0.923137    -0.350177
   -0.338645      0.76752     0.544273
    0.527165     0.782055     0.332397
   0.0374519     0.751413     0.658768
    0.139942     0.984985     0.101098
 1.31946e-05     0.999996   0.00268074
   -0.343295     0.688147     -0.63922
   -0.188756     0.970566     0.149574
   -0.138461     0.615547     0.775841
   -0.256705     0.938561     0.230664
    0.031507     0.898439    -0.437966
     -0.1522     0.978904    -0.136314
  0.00108233     0.999968   0.00790965
   -0.304303     0.796769     0.522071
    0.151345     0.966638    -0.206654
    0.176205       0.7301     0.660232
  -0.0200783     0.997769    0.0636675
   -0.174409     0.926025     0.334753
    0.137388     0.843759     0.518841
   -0.156482     0.982497    -0.101055
    0.279849     0.881978     -0.37921
    -0.10362     0.954165      0.28077
    0.120379     0.987814    0.0986531
    0.133537     0.978139     0.159412
    0.305258      0.94205     0.139141
    0.175707     0.898636    -0.401971
    0.284116     0.872193     0.398193
-4.91669e-05     0.999276     0.038036
  -0.0223058     0.803251    -0.595222
    0.111856     0.977016      0.18146
    0.484265     0.775367     0.405331
   0.0294089      0.99906    0.0318489
   -0.141313     0.783738    -0.604802
    0.413548     0.727804     0.547064
   0.0049944     0.999825    0.0180436
 -0.00366886     0.882345     0.470588
  -0.0765445     0.994902    0.0656592
  -0.0450431     0.938975    -0.341023
    0.155961     0.985798    0.0622717
   -0.123232     0.985696    -0.114965
    0.200009     0.975119    0.0956029
   -0.171335     0.981965    -0.079929
    0.232456     0.966896     0.105243
     0.27073     0.956504     0.108653
    0.601118     0.709808     0.367192
  0.00546164      0.99998    0.0032834
   -0.174508     0.981644   -0.0769601
    0.317685     0.934829     0.158655
    0.621121     0.660554     0.421756
   -0.237129     0.964165    -0.118979
    0.186358     0.976864     0.104914
   0.0501855     0.998081    0.0362661
   -0.443999     0.832577    -0.331181
   -0.398207     0.887018    -0.233733
    0.358573     0.646616     0.673285
    0.599828     0.588598     0.541995
     0.38794     0.901655     0.191104
    0.148926     0.986657    0.0657955
   -0.206582      0.79167    -0.574963
  -0.0989008     0.989292    -0.107335
    0.524704     0.588699     0.614914
   -0.154381     0.648571    -0.745333
   -0.145954     0.986911    -0.068583
   -0.183305     0.973267    -0.138384
    0.574145     0.631063     0.521649
   -0.232732     0.967026    -0.103422
    0.141287     0.985121    0.0978541
   -0.465546     0.777835    -0.422183
   -0.153981     0.860694    -0.485279
    -0.46094     0.678527    -0.571958
    0.332648      0.92031     0.205851
   0.0952726     0.994701    0.0386369
    0.438328     0.808001     0.393704
    0.576825     0.747768     0.328809
  -0.0995428      0.99412   -0.0426199
    0.487424     0.649018     0.584118
   0.0309681     0.999346    0.0186862
    0.501881     0.829721     0.244294
    0.282304     0.950515     0.129717
   -0.324808     0.913265    -0.245858
  -0.0205827     0.999347   -0.0297056
   -0.448979     0.600121    -0.662022
  -0.0699488     0.995877   -0.0577522
   -0.408211      0.88716    -0.215201
  -0.0499192     0.998486   -0.0231022
    0.447741     0.840481     0.305154
    0.510095     0.794191     0.330248
    0.395065     0.607127     0.689434
   -0.332727     0.925655    -0.180156
    0.354725     0.544306     0.760198
    -0.06241     0.997452    -0.034568
   -0.187378     0.877569    -0.441319
    0.133556     0.987906    0.0787736
    0.501063     0.560341     0.659511
   -0.149511     0.833598    -0.531752
   -0.247701     0.957863    -0.145404
   -0.452862     0.716948    -0.530001
   -0.482416     0.802596    -0.350875
    0.550507     0.764083     0.336333
   0.0867549     0.987744     0.129752
   -0.245537     0.895158    -0.372025
   -0.342164     0.855462     0.388726
   -0.278237      0.56158    -0.779239
   -0.374608     0.900671    -0.220136
  -0.0295634     0.999345     0.020884
    0.146484     0.612585     0.776712
  0.00158441     0.999686    0.0250074
  -0.0881658     0.995255   -0.0411616
    -0.45034     0.845432    -0.287121
     -0.4809     0.794051    -0.371776
   0.0498471     0.998456    0.0244964
    0.085716       0.9864    -0.140243
   -0.260731     0.616412    -0.743004
    0.410711     0.894796      0.17509
   -0.284366     0.946378     -0.15331
  -0.0863639     0.589028     0.803484
   -0.267422     0.612882    -0.743547
  -0.0627118     0.976408     0.206629
   -0.415803     0.834391    -0.361801
    0.193281     0.509557     0.838447
   -0.435495     0.745737    -0.504203
    0.593043      0.73102     0.337507
    0.395377     0.735498     0.550199
    0.372828     0.896593     0.238998
    0.262757     0.552732     0.790851
   0.0166196     0.604321     0.796567
    0.458496     0.710563     0.533743
   -0.391739     0.789068    -0.473194
    0.463733     0.767151     0.443206
    0.172691     0.980661    0.0921012
     0.24037     0.962486     0.125871
   -0.133218     0.981656    -0.136395
   -0.404926     0.659292    -0.633537
   0.0367379     0.999126     0.019917
   0.0832876     0.995494    0.0453226
    0.494906      0.82918     0.259863
   0.0625669     0.628069    -0.775638
  -0.0388783     0.778994     0.625825
   -0.244938     0.956796    -0.156671
  -0.0344307     0.999166   -0.0219642
   -0.293705      0.71684    -0.632358
    0.477638     0.827453     0.295268
  0.00306601     0.999993     0.002284
   0.0177361     0.999817   0.00711673
    -0.53085     0.662044    -0.529052
    0.223625     0.789794    -0.571154
   -0.123123     0.990347   -0.0636738
   -0.346278     0.814447    -0.465583
     0.41808     0.708555      0.56847
   -0.291401     0.857119    -0.424773
    0.539045     0.730058     0.420055
    0.509794     0.637807     0.577332
    0.202428     0.953332     0.224011
    0.295216     0.927482     0.229401
   -0.487173     0.748269    -0.450284
    0.282024     0.945207      0.16446
    0.351272     0.818186      0.45517
    0.315847     0.898277     0.305516
    0.339124     0.902616     0.265102
   0.0268715     0.999638  -0.00130354
  -0.0269836     0.567461     0.822958
    0.482883     0.594166     0.643266
    0.371759     0.556965     0.742688
  -0.0227911     0.581679    -0.813099
    0.075802     0.996538    0.0341404
   -0.219545     0.938456     0.266646
   0.0950182     0.542893     0.834409
    0.472727     0.799687     0.370176
   -0.417441     0.865977    -0.275368
   -0.256485     0.958467    -0.124722
    0.130936     0.928945    -0.346289
    0.405652      0.84448     0.349714
    0.556794     0.616142      0.55709
  0.00836762     0.999918   0.00971964
   0.0960061     0.990831     -0.09506
   -0.454073     0.800067     -0.39206
   -0.477557     0.784614    -0.395374
    0.292087     0.876444     0.382795
   -0.262008     0.938184    -0.226191
  0.00712891     0.987249     0.159025
  -0.0651641     0.708455    -0.702741
  -0.0780561     0.995651   -0.0508627
   -0.368456     0.897694    -0.241633
   -0.155893     0.982121    -0.105523
  -0.0185261      0.99498    0.0983429
   -0.536421      0.73364    -0.417162
   -0.454928      0.65764    -0.600458
  -0.0622099     0.976753    -0.205145
    0.160167     0.934773     -0.31709
   -0.241217     0.756136    -0.608336
  -0.0882878     0.624171     0.776283
    0.456491     0.852725     0.253923
    0.115174      0.92992    -0.349263
   -0.203399     0.967908     -0.14759
     0.43079     0.521621     0.736432
   -0.269273     0.697043     0.664547
   -0.273914     0.700337     0.659166
   -0.233083     0.829911    -0.506872
   -0.207261     0.648862     0.732134
   -0.438323      0.70126    -0.562234
  -0.0185859     0.804104     0.594199
   -0.228994     0.807131     0.544152
   -0.418229     0.808143    -0.414715
   -0.463038     0.830783    -0.308862
   -0.110174     0.991713   -0.0660827
   -0.243801      0.85381     0.459968
   0.0983013     0.991588    0.0842036
   -0.213146      0.86006     0.463535
   -0.143394     0.780885     0.607994
   0.0699614     0.988141     0.136687
   -0.180043     0.972843     0.145468
   -0.145557     0.986177   -0.0791758
    0.549045     0.672266     0.496597
   -0.318733     0.905924    -0.278766
    0.272534     0.954979     0.117222
   -0.343785      0.85304      -0.3926
  0.00893044     0.893833     -0.44831
   -0.493157     0.697764     -0.51954
    0.569495     0.722036      0.39286
     0.19816     0.967899     0.154611
    -0.18285      0.96578    -0.183944
    0.125738     0.697297    -0.705668
   0.0411712     0.923964    -0.380258
    0.214536     0.517014     0.828656
   -0.146359     0.933809    -0.326466
    0.104051      0.96753     0.230347
   -0.439751     0.852431    -0.282809
   -0.451315     0.790931     -0.41321
   -0.076916     0.995359    0.0578291
  -0.0988034     0.990693    0.0936242
    -0.37569     0.712727    -0.592349
   0.0126453      0.99966   -0.0228218
   0.0692765     0.537113     0.840661
   -0.267046     0.869996    -0.414479
    0.026192     0.999299   -0.0267374
   -0.209242     0.918183     -0.33639
   -0.146469     0.978335    -0.146311
    -0.10887     0.870823    -0.479389
    0.472057     0.722915     0.504535
    0.349932     0.702638     0.619555
   -0.347718     0.878083    -0.328728
    0.514583     0.771093     0.374994
   -0.512758     0.728294    -0.454608
   -0.387901     0.560113    -0.731988
    0.330256     0.848517     -0.41346
   -0.221565     0.723226    -0.654105
   -0.445667     0.582793    -0.679509
    -0.12548     0.987817   -0.0920403
   0.0590925     0.571177     0.818697
    0.381597     0.900043      0.21049
  -0.0595267     0.997647   -0.0340021
  -0.0218518     0.999565   -0.0198197
    0.181657     0.580428     0.793791
    0.365011     0.917784     0.156332
    0.325023     0.840386     0.433718
  -0.0238643     0.991104     0.130933
   0.0521106     0.642638     0.764396
    -0.21532     0.805958    -0.551424
    -0.11463     0.942948    -0.312584
   -0.111001      0.96929     0.219443
     0.58573     0.715185     0.381355
   -0.366376     0.794302     0.484616
   -0.517989     0.771984    -0.368412
    0.059028      0.93274     0.355684
   -0.302854      0.94179    -0.145983
    -0.48215     0.828358    -0.285227
   -0.130241     0.989795   -0.0578245
    0.528446     0.669248     0.522352
   -0.152726     0.971144    -0.183179
    0.508145     0.516116     0.689502
    0.130729     0.906131     0.402288
    0.408236     0.896052     0.174452
    0.195607     0.949169     0.246608
   -0.187325     0.955516     0.227812
   -0.428393     0.780735    -0.454898
    0.231178     0.960171     0.156937
   -0.393787     0.897377    -0.199112
    -0.28622     0.906364     0.310776
  -0.0035542     0.710933      0.70325
  -0.0870425     0.592154      0.80111
   -0.224157     0.753895     0.617573
    0.553306     0.644025     0.528283
   0.0476892     0.997254    0.0566605
   -0.214098     0.945299    -0.246112
   0.0367202     0.885844    -0.462528
  -0.0107066     0.873869     0.486044
    -0.47598     0.800489    -0.364226
    0.259294     0.669194     0.696381
     0.24484     0.946436     0.210504
    0.301893     0.782618     0.544398
   -0.111099     0.585698    -0.802879
    0.388923      0.48131     0.785544
   -0.141838     0.638905     0.756097
    0.072638     0.996218    0.0476726
   -0.333569     0.681938    -0.650916
   -0.153146     0.859502      0.48765
    0.195985     0.928785     0.314561
   -0.192368     0.910922    -0.364987
    0.152725     0.962195    -0.225511
  -0.0616977       0.8311     -0.55269
    0.448656     0.866185     0.220073
    0.092538     0.987951     0.124058
    0.261826     0.957164      0.12363
  -0.0921939     0.682742      0.72482
   0.0391801      0.99005    -0.135152
  0.00382424     0.999986   0.00376787
   -0.372393     0.876332    -0.305558
    0.139775     0.937306     -0.31925
  -0.0658405     0.864626    -0.498084
 -0.00020841     0.967553      0.25267
    0.283711     0.947581      0.14696
    0.538989     0.749596     0.384184
   -0.119408     0.682415     0.721146
   -0.325176     0.750168     0.575768
    -0.19571       0.9001    -0.389253
   -0.386668     0.883309    -0.265054
    0.249089     0.796087     0.551543
   0.0606789     0.972836    -0.223402
   -0.272522     0.808278    -0.521937
    0.125364     0.933488    -0.335981
   -0.195453     0.962406     -0.18861
  -0.0304977     0.998988   -0.0330628
    0.278002     0.927337     0.250521
   -0.179433     0.791364     -0.58442
   0.0413049     0.889973    -0.454139
  0.00015289     0.999986   0.00538075
-8.17221e-18            1            0
  -0.0914227      0.99151    0.0924602
    0.403792       0.8356     0.372458
    0.250232     0.950524     0.184089
   0.0607618     0.647794     0.759389
   -0.267326     0.744713     0.611506
    0.303706     0.870897    -0.386395
   -0.253831     0.950354    -0.179993
    -0.39274     0.823487     -0.40942
   -0.253943     0.811127    -0.526864
   -0.217982     0.951974     0.215008
    0.233779     0.962087     0.140484
  0.00358336     0.999991   0.00215683
   -0.359241     0.706079    -0.610245
     0.15062     0.927275    -0.342747
 -0.00738533     0.999967  -0.00325931
  -0.0716727     0.770908    -0.632901
   -0.287635     0.935667    -0.204437
   -0.163528     0.954396    -0.249773
    0.203621     0.933198     0.296109
   -0.244902     0.948201     0.202333
     0.01052      0.87699    -0.480393
   -0.333124     0.637586    -0.694631
   0.0221764     0.995289    0.0943852
    0.614406     0.647686     0.450564
    -0.47776     0.677203    -0.559591
  -0.0420996     0.989064     -0.14135
    0.132429     0.970959     0.199251
    0.422347     0.849958      0.31495
     0.30782     0.744075     0.592959
    0.183246     0.924008    -0.335603
   0.0412563     0.683071     0.729186
   -0.044282     0.998761   -0.0227027
   -0.137597     0.901722    -0.409835
   -0.361764     0.785045    -0.502824
  -0.0100133     0.999717   -0.0215838
    0.308754     0.893205    -0.326887
    0.183913     0.742576     0.644016
    0.033322     0.979535    -0.198497
   -0.459386     0.640894    -0.614995
    0.148761     0.931079    -0.333111
    0.503073     0.759719     0.412002
   -0.238318     0.664682    -0.708098
    0.016704     0.994912    0.0993562
    0.413289     0.762928     0.497125
   0.0417402     0.636555    -0.770101
   -0.281976     0.871357     -0.40153
   -0.322916     0.862581    -0.389461
   -0.165413     0.975277    -0.146539
   -0.335114     0.827822     0.449899
  -0.0439902     0.996049    -0.077142
   0.0126432     0.988827    -0.148532
-2.62163e-17            1            0
   -0.211007     0.963091     0.167127
    0.112212     0.949927     0.291629
    0.256288     0.543512     0.799319
   0.0312957     0.999267    0.0220257
    0.148253     0.987107    0.0603363
    0.208082     0.973389    0.0960039
   -0.457179     0.775602    -0.435234
    0.522186     0.813549     0.255853
    0.598103     0.723269     0.345188
    -0.21713     0.969051    -0.117447
   -0.436559     0.860822    -0.261537
    0.451315     0.846081     0.283658
    0.578325     0.546294      0.60589
    0.577972     0.649808     0.493658
    0.562387     0.626195     0.540001
  -0.0817289     0.995918   -0.0382989
    0.600298     0.600935     0.527749
   -0.413559     0.784063    -0.462833
    0.139909     0.988202    0.0623011
    0.225482     0.962668     0.149757
    0.457425     0.581337     0.672911
   0.0172449     0.923658     0.382829
   -0.154715     0.985671   -0.0672023
    0.412634     0.893581     0.176766
    0.300434     0.943383     0.140597
    0.419831      0.88335     0.208408
   0.0902895     0.919544    -0.382474
   -0.533825     0.718357    -0.446088
    0.444684     0.594156      0.67025
   -0.128532     0.986136    -0.104951
  -0.0199689     0.999483   -0.0252042
    0.445008     0.845962     0.293797
    0.305324      0.93396      0.18573
    0.366942     0.554661     0.746797
    0.540724     0.734566     0.409916
  -0.0947747     0.994249   -0.0498577
   -0.110207     0.991172   -0.0737117
   -0.354443     0.918808    -0.173675
    0.264334     0.957262     0.117375
    0.493388      0.83782     0.233724
   -0.488692      0.70326    -0.516339
    0.125363     0.571839     0.810731
    0.176606      0.97893     0.102502
    0.481061     0.674726     0.559754
   -0.333804     0.882445      0.33146
   -0.142794     0.987909   -0.0603845
   0.0179868     0.999812   0.00729709
    0.164341     0.984134    0.0668774
   -0.478427     0.670567    -0.566964
  -0.0304619     0.999399   -0.0165538
 -0.00910758     0.997367    0.0719417
   -0.405636     0.833506    -0.375135
   -0.265025     0.950384    -0.162889
     0.30107     0.940422     0.157999
   -0.193375      0.64756      0.73707
   -0.351208     0.842937    -0.407566
    0.612308     0.684337     0.395932
  -0.0354597      0.99917   -0.0200345
   -0.462411     0.582875    -0.668156
    0.394857     0.895839     0.203863
   -0.109006     0.934073     0.340036
    0.624709     0.632575     0.457807
   -0.427675     0.806806    -0.407626
 -0.00645363     0.999919    0.0109994
  -0.0796771     0.994988    0.0604256
   -0.193428     0.974796    -0.111168
    0.179428     0.810788     0.557161
    0.354065     0.922828     0.151744
    0.234208     0.964617     0.121077
 -0.00717473     0.596087    -0.802887
   -0.125806     0.990217   -0.0603601
  -0.0829601     0.995933   -0.0351532
    0.579066     0.542888     0.608239
   -0.284863     0.939873    -0.188392
    -0.47027     0.756016    -0.455286
   -0.432336     0.844307    -0.316593
    -0.16736     0.972791     0.160215
    0.222687     0.965943     0.131772
   -0.539164     0.672463    -0.507046
    0.431444      0.80297     0.411212
   -0.185166     0.977699    -0.099086
   0.0660361     0.708851    -0.702261
    0.466278     0.792806     0.392484
    -0.12892      0.79609    -0.591287
   -0.382348     0.892323    -0.239937
   -0.134453     0.989092   -0.0601672
    0.545353     0.600575     0.584721
   -0.187691     0.944585    -0.269316
  -0.0853355     0.995098   -0.0499732
   0.0895637     0.993846    0.0651805
   -0.239799     0.912746     0.330745
    0.328332      0.92608      0.18594
    0.478578      0.78884     0.385609
    -0.25132     0.583541    -0.772216
  -0.0582258     0.984451    -0.165728
    0.374049     0.848822     0.373615
    0.155223     0.918039     0.364844
  -0.0822707     0.992175   -0.0939185
     -0.1497     0.974096     0.169491
   -0.100583     0.983598     0.149725
   -0.218185     0.787872     0.575893
  -0.0524914      0.98317    -0.174987
     0.59953       0.7161     0.357443
    -0.12378     0.986097     0.110864
 -0.00768159     0.569787     0.821757
   0.0534165       0.9982    0.0272608
    0.607973      0.60602     0.512941
   0.0685813     0.995325    0.0680063
    0.109548     0.993033    0.0434128
    0.227205     0.901434    -0.368502
   -0.522379     0.740171      -0.4234
    0.155234     0.983067    0.0973749
  -0.0662526     0.995698    0.0647828
   -0.300334     0.723876     -0.62113
   -0.135873     0.987153   -0.0840729
    0.261887     0.799863    -0.540032
    0.196031     0.866798    -0.458511
  -0.0133603      0.99989  -0.00641224
  -0.0835011     0.550325    -0.830765
   -0.404591     0.849801    -0.337854
     0.48828      0.71928     0.494186
   -0.108505      0.57108    -0.813692
   -0.353272     0.800241    -0.484576
    0.374321     0.909009     0.183267
   0.0369893     0.552421     0.832744
   -0.393462     0.891357    -0.225102
   -0.153815     0.985787   -0.0675701
     0.09186      0.99493    0.0409369
    0.275663     0.954989     0.109575
    0.568052     0.539021     0.621912
   -0.328409     0.814567     -0.47815
  -0.0136699     0.999789    0.0153149
    0.330633     0.606635     0.722963
    0.540405     0.585261     0.604509
    0.226835     0.969519     0.092619
    0.118261     0.912397    -0.391849
  -0.0326066     0.999343   -0.0158548
   -0.476999     0.768673    -0.426161
    0.251135     0.911382    -0.326058
  0.00639416     0.999437   -0.0329214
    0.080873     0.638272    -0.765551
   -0.194873     0.976275   -0.0943995
    0.295299      0.91347     0.279947
   0.0673549     0.700886     0.710086
  -0.0350269     0.569019     0.821578
    0.539638     0.791461     0.287021
    0.402203     0.887288     0.225726
   -0.211619      0.97278   -0.0944248
  0.00305983      0.99626   -0.0863524
    0.525354     0.770487     0.361043
    0.101142     0.780025     -0.61752
    0.138544     0.980436     0.139822
   -0.269563     0.694468      0.66712
    0.349405     0.904893     0.243073
    0.521019       0.7586     0.391234
   0.0686035     0.994573    0.0782137
   -0.202662     0.841155     0.501385
    0.374648     0.882443     0.284488
   -0.338579      0.73022    -0.593416
    0.414819     0.536163     0.735156
   -0.109862     0.635064     0.764607
-3.75462e-17            1            0
   -0.419756     0.736935     -0.52984
     -0.1353     0.836042     0.531721
  -0.0346501     0.897773    -0.439093
    -0.13711     0.985691   -0.0980463
   -0.470267     0.827724     -0.30614
    0.496283     0.835334     0.236473
   -0.138607     0.982154    -0.127127
   0.0886198     0.989468     0.114456
   -0.104595     0.991109   -0.0822413
   0.0640119     0.996129   -0.0602381
    0.177776     0.775327     0.606024
    0.205786     0.705137    -0.678553
    0.131802     0.941755    -0.309397
   0.0157646     0.999612    0.0229683
     0.58566     0.738192     0.334776
   -0.361266     0.910629    -0.200603
  -0.0385387     0.998861   -0.0281244
      0.3439     0.922491      0.17534
   0.0501183       0.5741      0.81725
    0.482657     0.827543     0.286731
   -0.328825      0.88122    -0.339596
   0.0179142     0.926475     -0.37593
    -0.45046     0.628253    -0.634337
    0.434848     0.870777     0.229467
    0.182315     0.792938    -0.581387
    0.118703     0.934712    -0.334996
   0.0686772     0.987435    -0.142322
   -0.119505     0.986173    -0.114807
   0.0763428     0.664866    -0.743051
    0.017806     0.858272     0.512887
 -0.00385679     0.999869    0.0157341
    0.606194     0.620588     0.497393
    0.050537     0.895333    -0.442521
   -0.395789     0.880767    -0.260001
  0.00961499     0.974849     0.222657
   -0.303532     0.908388     0.287574
   -0.142596     0.955744     -0.25733
  -0.0796391     0.977189     0.196873
    0.161068     0.980286     0.114438
   -0.426111     0.770824    -0.473562
   -0.325956     0.909082    -0.259466
  -0.0725645     0.718139     0.692106
  -0.0576688     0.997654   -0.0368962
    -0.37412     0.867272     -0.32844
    0.376651      0.66339     0.646566
    0.218477     0.705024     0.674691
  -0.0101351     0.999151    0.0399224
  -0.0144665     0.984236    -0.176269
   0.0737931     0.902989    -0.423279
   -0.186021     0.874019     0.448872
   -0.253583     0.960394    -0.115497
    0.376406     0.770487     0.514459
   -0.120823     0.912229     0.391458
  -0.0589429     0.993907    0.0931337
    0.416994     0.890779     0.180634
    0.134503     0.925452    -0.354186
   -0.345895     0.912239    -0.219491
   0.0713923     0.996641    0.0401235
    0.349322     0.917134     0.191933
    0.123081     0.904692     0.407902
    0.138389     0.935663    -0.324629
    -0.12976      0.98641     0.100789
   -0.212799     0.969599    -0.120809
 0.000743432     0.999678    0.0253598
    0.027052     0.999553    0.0127309
    0.554853      0.53427     0.637726
   0.0366099     0.885844    -0.462537
   -0.348502     0.914258    -0.206587
    0.375819     0.910679     0.171532
   -0.108392     0.691092    -0.714593
    0.256391     0.830674    -0.494211
    0.249114     0.961598     0.115203
  -0.0774301     0.843608     0.531348
 -0.00548825     0.989907    -0.141613
    0.554884     0.748735     0.362629
    -0.24307     0.953592    -0.177707
  -0.0431244     0.832032    -0.553048
   -0.280694     0.809126     0.516261
   -0.180158     0.757522    -0.627458
    -0.19141     0.889743    -0.414392
   -0.350468     0.852417     0.388018
    0.579407     0.662804     0.474319
    0.224112     0.684002     0.694201
   -0.101175      0.92291    -0.371485
   -0.360763     0.806722     0.468028
     0.58012     0.698736     0.418604
   0.0386585     0.998314   -0.0432918
     0.26233     0.822659     0.504397
  -0.0682653     0.910194    -0.408518
  -0.0482919     0.818776     0.572078
    0.539813     0.659872     0.522657
   -0.145704     0.979787     0.137066
    0.415572     0.795469     0.441055
   -0.228315     0.754105    -0.615791
  -0.0186608     0.999793  -0.00809823
   -0.279477     0.794856    -0.538606
    0.289867     0.665611     0.687706
   -0.337137      0.77258     0.538013
-2.17503e-17            1            0
     0.12219     0.982931    -0.137535
 1.96043e-17            1            0
   -0.418904     0.840119    -0.344558
   -0.148662     0.975315     -0.16328
   -0.344807     0.597372    -0.724054
  0.00952896     0.783486    -0.621336
     0.23258     0.834779      0.49905
   -0.164167     0.977028    -0.135885
   -0.263025     0.921525     0.285673
  -0.0152422     0.905141     0.424839
   0.0183789     0.999795   0.00851222
   -0.488407     0.736203     -0.46847
   -0.489381     0.780409    -0.389189
   0.0625034     0.991913     0.110462
-0.000397127     0.883132    -0.469125
   -0.075527     0.991291     -0.10788
   -0.159879     0.956621    -0.243546
 -0.00393815     0.989411     0.145085
  -0.0134962     0.866796     -0.49848
    0.305567     0.921033     0.241511
     0.24376     0.717489    -0.652527
    0.104566      0.99116    0.0816517
   -0.254304     0.634861    -0.729575
    0.290535     0.937472     0.191663
    -0.11692     0.988465   -0.0962611
  0.00291754     0.999699   -0.0243415
  -0.0937389      0.82994      0.54992
 -0.00538863     0.637496    -0.770435
   0.0286893     0.931482    -0.362654
   -0.295811     0.736393    -0.608457
   0.0973637     0.908078    -0.407327
   -0.203682     0.647038    -0.734749
  0.00889305     0.895054    -0.445868
   -0.350805     0.545307    -0.761299
 5.65104e-17            1            0
   -0.156021     0.956071     0.248164
   -0.246925     0.875939     0.414437
   -0.139239     0.970195     0.198327
    0.229477     0.957458     0.174968
   -0.305114      0.91161     0.275448
    0.455662     0.816025     0.355634
    0.596028     0.725657     0.343761
    0.582765     0.661174     0.472477
   -0.161605     0.983573   -0.0804183
  -0.0981634     0.994048   -0.0472472
   -0.110255     0.992017   -0.0612019
    0.190481     0.546973     0.815191
    0.242014     0.964987     0.101136
   -0.373319     0.906529    -0.197075
   -0.377931     0.899937    -0.217444
    0.520383     0.816544     0.249917
   -0.504839      0.63311    -0.586778
    0.252973     0.582096     0.772767
    0.475176     0.603904     0.639928
    0.509782     0.817665     0.267481
    0.138961     0.988261    0.0634766
   -0.226551     0.910186      0.34675
    0.187855     0.978553     0.084524
   0.0254439     0.999545    0.0162031
    0.337738     0.930033     0.144818
  -0.0328517     0.998876    0.0341589
   -0.284142        0.664    -0.691641
    0.118266     0.990681    0.0675556
     0.15265      0.98645    0.0601274
   -0.357408      0.88195    -0.307283
    0.480103     0.548393     0.684665
     0.59001     0.734236     0.335835
    -0.13102     0.619361     0.774097
    0.457363      0.83161     0.315031
   0.0963391     0.994107    0.0496948
    0.533278     0.782641     0.321073
    0.584922     0.553857     0.592544
   0.0149639     0.980378     0.196557
   -0.227638     0.863252     -0.45053
    0.165853     0.983249    0.0755888
   -0.485447     0.821119    -0.300174
    0.123421     0.968173    -0.217734
    0.126484     0.988651    0.0810603
    0.270767     0.956322     0.110151
    0.401963     0.898445     0.176699
    0.120709      0.70033     0.703539
     0.44802     0.862195      0.23643
   0.0482083     0.997591    0.0498834
   -0.432491     0.813792    -0.388193
   -0.516312     0.711974    -0.475935
   -0.289232     0.940845    -0.176507
   -0.127006     0.985669    -0.111022
   -0.328837     0.810867     0.484109
   -0.537009     0.662322    -0.522448
     0.19321     0.977969    0.0790296
   -0.131586     0.986997   -0.0923119
    0.141125     0.986335    0.0850143
    0.412782     0.893532      0.17667
 -0.00820839     0.999955  -0.00482361
   -0.269209     0.951039    -0.151829
    0.520326     0.568508     0.637228
  -0.0763887      0.99581   -0.0502707
   -0.219117     0.918941    -0.327927
    -0.43315     0.850269    -0.299037
   0.0511923     0.593102     0.803498
   -0.029187     0.848125    -0.528991
    0.118015     0.914759    -0.386377
  -0.0871954     0.993631    0.0713745
   -0.124626     0.954179      0.27205
    0.507139     0.827917     0.239506
    -0.46739     0.667722    -0.579392
    0.414942     0.890984      0.18431
    0.598813     0.696668     0.395065
   -0.115192     0.986769     0.114094
    0.156651     0.941328    -0.298934
    0.612116     0.690224     0.385881
    0.266392     0.953988     0.137635
     0.52623     0.705057     0.475371
   -0.166427     0.983306   -0.0735658
   -0.157204      0.98505   -0.0704566
  0.00064217       0.9998    0.0200081
     0.26402     0.952325     0.152873
   -0.100217      0.95646    -0.274117
   -0.236533     0.964483    -0.117581
   -0.285149     0.800351     0.527379
   0.0269217     0.999575    0.0111573
    0.288407     0.933208     0.214346
   -0.476161     0.791266    -0.383625
   -0.195087     0.574522    -0.794899
    -0.21129     0.801656    -0.559199
    0.474524     0.793914     0.380168
   -0.500526     0.707042    -0.499565
    0.220297     0.965696     0.137476
    0.517097     0.764851     0.384207
   -0.305852     0.937417    -0.166445
   0.0490597     0.974086    -0.220795
   -0.287494     0.889439    -0.355311
  -0.0438683     0.998848   -0.0194731
   -0.157678     0.976928    -0.144046
   -0.254809     0.829551     0.496908
   -0.404839     0.765597    -0.499967
   -0.126495     0.798457     0.588613
   0.0133473     0.999885   0.00721323
    0.597525     0.633873     0.491089
    0.216678     0.651563     0.726991
    -0.23638     0.611437    -0.755162
    0.407888     0.881779     0.236842
    -0.46173     0.726439    -0.509011
   0.0635305      0.54387     0.836761
   -0.187359     0.948015     0.257225
  -0.0160019     0.968934     0.246802
    0.391729     0.501764      0.77122
    0.575206     0.683501     0.449405
    -0.37892     0.674813    -0.633282
      0.4125     0.886213     0.210878
   -0.310438      0.92746    -0.208437
   -0.205402       0.7554    -0.622239
    0.559313     0.618892     0.551491
   -0.280177     0.574813    -0.768824
   -0.359293     0.898761    -0.251273
     0.15682      0.92459     -0.34719
    0.037358     0.887106    -0.460052
    0.535258     0.586429     0.607947
   -0.233194     0.949156     -0.21148
    0.226751     0.966783     0.117958
     -0.2215     0.968645     -0.11254
   -0.032011     0.998114   -0.0523771
   0.0685716     0.996986    0.0362789
   -0.243603     0.958017    -0.151199
  -0.0718957     0.996736   -0.0367159
   -0.180629     0.862088    -0.473473
    0.201327     0.958578     0.201485
   -0.426606     0.692728    -0.581495
   -0.335956     0.776758      0.53271
   -0.204334     0.970054    -0.131311
   -0.540304     0.668462    -0.511106
    0.243658     0.743347     -0.62295
    -0.52556     0.763796    -0.374704
  -0.0186428     0.973667     -0.22721
   -0.200888     0.973239    -0.111577
     0.35507     0.528905     0.770834
    0.385109     0.907998     0.165019
   -0.179449     0.694755    -0.696501
  -0.0918306     0.980883    -0.171568
    0.106016     0.906793    -0.408029
    0.224026     0.705455    -0.672418
 -0.00746455     0.995371   -0.0958215
  -0.0781401     0.995803   -0.0476425
   -0.114147     0.930013    -0.349351
   -0.284445     0.786168    -0.548663
    0.161257     0.914224    -0.371739
    -0.43746     0.621354    -0.650037
    0.110574     0.925419    -0.362453
   -0.173437     0.627127     0.759362
   -0.347331     0.912873    -0.214532
   -0.158595      0.96619    -0.203283
    0.404352     0.827155     0.390275
   -0.281459     0.948474    -0.145527
    0.281066     0.923209     0.262082
   -0.194993     0.950778    -0.240828
    0.543694      0.61671     0.569268
   -0.281702     0.885148    -0.370347
   -0.108775     0.956394     -0.27107
-6.63176e-07            1 -0.000531227
    0.626348     0.627609      0.46238
   -0.184985     0.780567    -0.597073
    0.474129     0.708064     0.523304
    -0.34632     0.920486    -0.181018
 5.71049e-17            1            0
   0.0550166     0.997765    0.0379299
   -0.372255     0.880733    -0.292806
   -0.155228     0.980286     0.122247
   -0.356367     0.849655    -0.388701
    0.109579     0.912627    -0.393834
  -0.0284805     0.998578    0.0450557
    0.133644     0.983643     0.120774
    0.462444     0.660809     0.591167
   -0.414433     0.596318    -0.687496
  -0.0399638     0.995176   -0.0895933
    0.155921     0.893925     0.420222
   0.0556914     0.984741    -0.164874
   -0.519191     0.748657    -0.412254
    0.183503     0.924867    -0.333087
   0.0366568     0.589044     0.807269
   0.0868044     0.994699    0.0551178
    0.237717      0.95234      0.19115
   0.0139533      0.99938   -0.0323142
    -0.13838     0.988651   -0.0584821
   -0.334565     0.533912    -0.776534
   0.0441647     0.627115    -0.777673
   -0.439384      0.81656    -0.374396
   -0.118841     0.613515      0.78069
   0.0406193     0.738812    -0.672686
    0.254112     0.713044     0.653449
    0.475345     0.727462     0.494819
  -0.0288038     0.896878     0.441338
   -0.309537     0.735496     0.602688
    0.180722     0.979345    0.0906838
     0.18168     0.975748     0.122103
  -0.0708198     0.618231    -0.782799
   0.0114198     0.999883    0.0102029
   -0.442579     0.860209    -0.253307
   -0.372302      0.90326    -0.213338
   -0.332697     0.840506     0.427624
   -0.477091     0.758469    -0.443969
  -0.0892691      0.64501     0.758942
  -0.0991788         0.88     0.464504
   0.0088498      0.99994   0.00646852
   -0.365878     0.547625     -0.75249
    0.461714     0.842899     0.276299
    0.369184     0.893955     0.254062
   -0.192917      0.69205     0.695593
   -0.073929     0.615209     -0.78489
   -0.246909     0.949461    -0.193805
   -0.340946     0.901313    -0.267189
  -0.0990452     0.816957     -0.56813
    0.162457     0.950625     0.264424
   -0.132851     0.894358      0.42717
   0.0364347     0.887112    -0.460114
    0.140053     0.951776     0.272962
    0.179174     0.835492    -0.519471
   -0.217959     0.936817    -0.273619
    0.264192     0.907257    -0.327243
  -0.0332133     0.999337   -0.0148929
 -0.00918603     0.949606     0.313312
   -0.471094     0.708276    -0.525753
   -0.172327     0.981219   -0.0866774
  -0.0810198     0.913147     0.399497
   -0.390697      0.65056     -0.65125
    -0.34391     0.875202     0.340215
   -0.331674     0.782473       -0.527
    0.262562     0.879159     0.397668
    0.456372     0.730361     0.508229
  -0.0881024     0.735448    -0.671829
     0.55173     0.755015     0.354324
    0.224117     0.894579     0.386652
    -0.29612     0.901071     0.316834
   0.0676436     0.996024    0.0579773
    0.100123     0.820041     0.563479
   -0.488489      0.80787    -0.329734
    0.239663     0.903514     0.355279
    0.138392      0.98869    0.0577926
    0.160008      0.96122    -0.224619
   -0.343058     0.588369    -0.732211
    0.149466      0.91688    -0.370123
   -0.405332     0.871789    -0.275118
   -0.106448     0.985014    -0.135706
   -0.073979     0.994173   -0.0784073
    0.042618     0.998797    0.0242501
    0.243572     0.522374     0.817189
    0.413543     0.670091     0.616409
   -0.125957     0.971729    -0.199691
   0.0807333     0.737871     0.670096
  -0.0331685     0.626333     -0.77885
    0.537578     0.767156     0.349974
   -0.242798     0.943459     0.225684
  -0.0695615     0.815651    -0.574347
  -0.0659911     0.933458     0.352565
  -0.0458773     0.946017    -0.320855
  -0.0768402     0.996297   -0.0385777
    0.462795     0.854581     0.235608
  0.00860073     0.966112      0.25798
    -0.48198      0.82235    -0.302383
    0.537843     0.796598     0.275964
    0.508828     0.673761     0.535855
   -0.389492     0.891442    -0.231577
    0.182982     0.968631     0.168143
-1.23145e-17            1            0
    0.191581     0.978204    0.0800918
    0.489373     0.814173     0.312469
   -0.408269     0.803894    -0.432516
   0.0868107     0.901682    -0.423596
    0.342455     0.584806     0.735341
   -0.349737     0.721631    -0.597438
   -0.213566     0.961998    -0.170143
    0.135357     0.988444    0.0682339
   0.0441669     0.998579    0.0298295
    0.434719     0.826661     0.357284
   -0.166125      0.98232   -0.0863153
     0.28465     0.951918     0.113257
   -0.382586     0.737647    -0.556331
   -0.234491     0.782073    -0.577387
   -0.232237     0.962953    -0.137071
   -0.466859     0.650476    -0.599103
   0.0909066     0.950543    -0.296991
   -0.162651     0.946469    -0.278822
    0.168659     0.845346     0.506896
    -0.13931     0.968113    -0.208207
    0.591146     0.669873      0.44924
    0.512765     0.809016     0.287342
    0.151305     0.892513     0.424885
   0.0132606     0.999747    0.0181776
    0.412911     0.893467     0.176696
   -0.348595     0.794154     0.497795
    0.522228     0.815595     0.249163
   -0.228855     0.964879    -0.128974
   -0.182468     0.937744     0.295535
-0.000512878     0.998433    0.0559625
   -0.152656     0.986017   -0.0668308
     0.23953     0.965941    0.0978969
    0.131366     0.739901     0.659765
    0.228939     0.967722     0.105364
   -0.537197     0.666697    -0.516657
    0.408825     0.654679     0.635812
    0.168609     0.953882     0.248356
 -0.00532283     0.681029     0.732237
   -0.346389     0.793986    -0.499601
     0.28122     0.911405     0.300427
    0.140559     0.988532    0.0552046
   -0.323343     0.888754    -0.324907
   -0.187885     0.970427    -0.151558
    0.015018     0.803319     -0.59536
     0.18916     0.909389    -0.370446
 1.23474e-05     0.999996   0.00287078
  -0.0185539     0.999764   -0.0112589
   -0.466533     0.812497    -0.349564
    0.542358     0.767848     0.340964
    0.593869     0.575393     0.562354
   -0.207661     0.632934    -0.745836
   0.0168949     0.876188    -0.481673
   -0.278115     0.916857      -0.2864
   -0.121764     0.853709    -0.506314
    0.236035      0.57882     0.780548
    0.189483     0.820294     0.539642
   0.0596502     0.994339    0.0879258
   -0.150425     0.986537   -0.0641575
 3.49921e-17            1            0
   -0.539836     0.666367    -0.514326
   -0.158666     0.926452    -0.341338
    0.120306     0.986611     0.110111
    0.106681     0.971858     0.210029
   -0.429133     0.651023     -0.62611
 -0.00578541     0.999965  -0.00602525
   -0.520801     0.650795    -0.552479
   -0.328415     0.759594     0.561392
   -0.398393     0.892825    -0.210112
   -0.240682      0.85984    -0.450274
   -0.305717     0.929157    -0.207859
    0.401526      0.78599     0.470104
    0.171722     0.702941     0.690207
   -0.158641     0.820167     -0.54969
    0.174871     0.920932    -0.348287
    0.155706     0.924511    -0.347901
    0.437315     0.715375     0.544972
   -0.503698     0.721203    -0.475557
 -0.00493084     0.957976    -0.286807
  -0.0699028     0.996921   -0.0355373
  0.00541548     0.999984   0.00145968
  0.00155873     0.976907     -0.21366
   -0.365953     0.912457    -0.183031
    -0.27858     0.808986    -0.517624
    0.587574     0.737021     0.334001
    -0.29234     0.946315    -0.137936
  -0.0318723     0.985287     0.167908
    0.141379     0.927902    -0.344977
    0.086265      0.70517    -0.703771
    0.151378     0.970636     0.186952
   -0.416596     0.609584    -0.674429
  -0.0706298     0.991028    -0.113469
   0.0726852     0.901518    -0.426594
   0.0260281     0.999572    0.0133243
   -0.275751     0.887051     0.370273
   -0.193003     0.822193    -0.535489
    0.246973     0.894803    -0.371929
    0.102472     0.992195    0.0710575
   -0.239946     0.564559    -0.789747
   -0.199226     0.951814     0.233149
   -0.413075     0.874151    -0.255401
   -0.202304      0.90957    -0.362982
   -0.140271     0.987731   -0.0686368
    0.399412     0.900504      0.17194
   -0.199389     0.857527    -0.474227
   -0.154651     0.653474    -0.740982
   0.0190421      0.96507     0.261298
  -0.0264281     0.999542    -0.014712
   -0.262952     0.895772    -0.358397
  -0.0390801     0.919329    -0.391545
  -0.0648316     0.994799   -0.0785662
   -0.348029     0.898029    -0.269109
    0.171517     0.979274      0.10772
  -0.0869676     0.848909    -0.521335
   -0.111665     0.986874    -0.116667
    0.524811     0.543597     0.655039
   0.0246808     0.977046    -0.211594
    0.134315     0.929755    -0.342804
   -0.112336     0.968025    -0.224293
    0.330204     0.854614     -0.40075
   -0.197673     0.972288    -0.124828
   -0.241919     0.949277    -0.200868
   -0.389515     0.900025    -0.195531
    0.457966     0.827841     0.323956
  -0.0999257     0.951072    -0.292363
   0.0498672     0.994348    -0.093728
   -0.174845     0.819561     0.545664
   -0.396174     0.832382     -0.38754
    0.539409     0.672778     0.506368
    0.429567     0.879046     0.206762
   -0.355978     0.850455     0.387306
   -0.289154     0.773713      -0.5637
   -0.386454     0.785304    -0.483684
   -0.109662     0.788223     -0.60554
    0.209619     0.971856     0.107497
    0.436812     0.627528     0.644518
  -0.0397958     0.992712    -0.113749
  -0.0234228     0.999588    0.0166064
    0.528121       0.7946     0.299499
   -0.113984     0.992011   -0.0540466
    0.410479     0.876871     0.250208
   -0.168148     0.976579      0.13424
    0.049313     0.762701    -0.644869
   0.0734088      0.99592    0.0524796
   -0.342922     0.880103     0.328364
   -0.106818      0.88989    -0.443492
  -0.0107017     0.874037    -0.485742
  -0.0748371     0.946476     0.313977
     0.49404     0.542155       0.6797
   -0.423907     0.873584    -0.239067
   -0.183452     0.910195     0.371337
   -0.273161     0.938068      -0.2131
     0.12783     0.934336    -0.332679
   -0.395179     0.877087    -0.273042
   -0.372962     0.897372    -0.235846
   -0.328226     0.738292     0.589231
   -0.188413     0.967684    -0.167596
    0.336229     0.790696     0.511615
  -0.0344512     0.998322   -0.0465524
   -0.104311     0.860062     0.499413
   -0.197675     0.943936    -0.264402
   0.0787441     0.949467      0.30383
    0.343498     0.615874     0.709019
   -0.318889     0.624488    -0.712969
   0.0889282     0.899516    -0.427742
    0.112556     0.931254    -0.346551
   -0.323214     0.929701    -0.176605
    0.620879     0.626035     0.471793
   -0.303268     0.935129    -0.183198
    0.492735     0.713766     0.497746
   -0.273739     0.929239     0.248155
  0.00951757     0.999946   0.00416051
   0.0836436     0.995603    0.0421597
   -0.281775     0.947173    -0.153187
    0.397016     0.895748     0.200035
    -0.18926     0.671116     0.716788
    0.190645       0.9726     0.133054
   -0.172807     0.841173    -0.512411
  -0.0602337     0.995396    0.0745634
   -0.301026     0.898055     0.320751
   -0.255715     0.937491    -0.236053
   -0.250706     0.890513     0.379649
   0.0513547     0.997165   -0.0550045
   -0.150835     0.598189    -0.787032
   -0.466397     0.842021    -0.271064
  -0.0413879     0.998638   -0.0317715
   -0.119099     0.976183    -0.181334
   -0.083828     0.953929    -0.288085
    0.105776      0.90359    -0.415134
   0.0811825     0.996082    0.0350638
    0.113355     0.964066    -0.240265
   -0.209593     0.569837     -0.79458
    0.225622     0.734093      0.64047
    0.563918     0.708843     0.423719
   -0.537376      0.74983    -0.385982
 -0.00352227     0.998255   -0.0589472
   -0.452821     0.805647    -0.381952
    0.551622     0.713076     0.432706
    0.128024     0.971501     -0.19949
  -0.0677251     0.962174    -0.263883
    0.186814     0.955371      0.22884
   -0.449083     0.710448    -0.541838
    0.179433     0.971362     0.155757
    0.338798     0.900618      0.27222
   -0.263984      0.59643    -0.758013
  -0.0772759     0.926309    -0.368754
   0.0940074      0.89508    -0.435883
      0.4744      0.85142     0.223671
   -0.422456     0.801608    -0.423032
  -0.0995354     0.992247   -0.0744161
    -0.17247     0.875952     0.450513
    0.494109     0.735703     0.463246
   -0.443013      0.78285    -0.436904
   -0.274797     0.939166    -0.206044
    -0.13357     0.962881     -0.23456
   -0.388491     0.868177    -0.308778
      0.1517     0.911514    -0.382268
   0.0695346     0.995667   -0.0617492
  0.00151211     0.998893   -0.0470053
     0.11348     0.919709    -0.375844
   -0.084582     0.990883    -0.104868
  -0.0804373     0.641196     -0.76315
   -0.350318     0.822172    -0.448676
   -0.114677     0.807085    -0.579192
   -0.099812     0.810046     -0.57781
   -0.142167     0.973577    -0.178707
    0.268312      0.60139     0.752555
    0.105152     0.966094    -0.235809
   -0.356901     0.901645    -0.244249
    0.113119     0.991709    0.0609745
   0.0700356     0.960907     0.267867
   -0.406581     0.855177    -0.321504
   -0.247661     0.962508    -0.110641
   -0.159485      0.89827    -0.409482
   -0.339275     0.896205     -0.28585
    0.562985     0.600041      0.56833
   -0.243023     0.947219     0.209085
   -0.022921     0.974852     0.221671
  -0.0352853      0.99205    -0.120799
   0.0435537     0.923404     0.381349
   -0.529882     0.691409    -0.491099
   -0.297469     0.877377     -0.37646
     0.52377     0.763033     0.378742
    0.113384     0.986353      0.11938
    0.141406       0.9576     0.251009
   0.0307972     0.999077     0.029931
   0.0593529     0.995375   -0.0755432
-0.000118091     0.999922   -0.0124663
   -0.269195      0.62459     -0.73309
   -0.289378     0.946549    -0.142498
 -0.00370423     0.999988  -0.00318775
-0.000737044            1 -0.000385323
     0.54307     0.757353     0.362618
   -0.209832      0.95551    -0.207297
   -0.142786     0.910364    -0.388393
  -0.0140421     0.888792    -0.458096
   -0.249176     0.953402    -0.170108
    0.261823     0.959401     0.104875
   -0.175051     0.980762   -0.0863854
    0.103053      0.62937     0.770243
    0.139481     0.755726    -0.639862
    0.485907     0.843034     0.230626
   -0.289731     0.943127    -0.162992
 -0.00791645     0.999584   -0.0277473
   -0.199619     0.849669    -0.488072
    0.342334     0.928156     0.146061
  0.00273528     0.999185    0.0402613
    0.539781     0.793888      0.27996
    0.274401     0.951873     0.136533
  -0.0362865     0.856979    -0.514073
   0.0858934     0.984563    -0.152506
   -0.230786     0.696659    -0.679267
 7.15077e-17            1            0
   0.0496763     0.998558    0.0203317
-3.27442e-17            1            0
   -0.152321     0.883594     0.442786
    0.157436      0.98419    0.0811424
-1.87125e-17            1            0
-3.92467e-17            1            0
   -0.400359     0.678485     -0.61593
   0.0174364     0.999845  -0.00262575
 0.000152576     0.999941    0.0108609
-2.77233e-17            1            0
   -0.119811     0.726958    -0.676149
   -0.178263     0.978053    -0.107859
   0.0696153     0.995302   -0.0672823
 4.29361e-17            1            0
    0.104485     0.973771     -0.20212
   0.0351221     0.997111    0.0673474
-2.51314e-17            1            0
    0.203091     0.533961     0.820755
   -0.140338     0.983957     0.110153
    0.210761     0.970244     0.119192
    -0.31427     0.877841     0.361426
   -0.151743     0.793217     -0.58973
   -0.103513     0.986915     0.123626
  -0.0212287     0.999661    0.0150891
 1.59119e-18            1            0
 -0.00052094     0.999956  -0.00933334
   -0.125997     0.987156    0.0982248
   -0.119287     0.988593    0.0919494
