v 2.44072292600687e-07 474.947210365614 -166.447990336589
v 2.44072292600687e-07 -10.8905574493959 77.6170108850524
v 2.44072292600687e-07 -474.947210365614 -166.447990336589
v 2.44072292600687e-07 213.584473320218 27.6278780319435
v 2.44072292600687e-07 -241.513986903802 15.9099951337532
v 2.44072292600687e-07 -352.074428177905 -57.636680325683
v 2.44072292600687e-07 321.587239664686 -41.0582937506318
v 2.44072292600687e-07 -408.429121693251 -104.831210318881
v 2.44072292600687e-07 147.226810784781 60.3360059593745
v 2.44072292600687e-07 -103.559065213295 67.2474097902993
v 2.44072292600687e-07 400.87224171938 -102.012749261809
v 2.44072292600687e-07 -453.607905466807 -146.307913035395
v 2.44072292600687e-07 -265.669873411549 2.20283226484167
v 2.44072292600687e-07 41.2604868126236 76.5492113175287
v 2.44072292600687e-07 -167.665059992492 49.1415207935538
v 2.44072292600687e-07 -331.975736832561 -42.2038840573526
v 2.44072292600687e-07 277.540163044665 -11.2541425640143
v 2.44072292600687e-07 -371.091268541137 -72.9520047362093
v 2.44072292600687e-07 -92.5265967308778 69.4445862496527
v 2.44072292600687e-07 341.339629992538 -55.3138665683258
v 2.44072292600687e-07 -216.223421682634 28.8906576442997
v 2.44072292600687e-07 -289.026384911994 -12.2078632808155
v 2.44072292600687e-07 -431.6763712225 -125.919786677557
v 2.44072292600687e-07 255.5513056323 2.72586946540622
v 2.44072292600687e-07 79.767099549288 73.2831495283855
v 2.44072292600687e-07 380.122753361037 -85.1276665940285
v 2.44072292600687e-07 420.283537609027 -118.339692979448
v 2.44072292600687e-07 -192.929008164424 39.3163183592113
v 2.44072292600687e-07 -69.6387980065659 73.1272886725661
v 2.44072292600687e-07 190.844623991003 40.1696227338046
v 2.44072292600687e-07 14.4212071212798 77.7154533305091
v 2.44072292600687e-07 -144.396704768668 56.8132598113542
v 2.44072292600687e-07 92.9911696415283 71.6698845866459
v 2.44072292600687e-07 -389.902741098908 -88.6226273872166
v 2.44072292600687e-07 -132.598456414328 60.2509672808398
v 2.44072292600687e-07 359.908221976031 -69.3094564686795
v 2.44072292600687e-07 -48.1597789972179 75.5226580171416
v 2.44072292600687e-07 466.321660944509 -158.744094342201
v 2.44072292600687e-07 298.706482521386 -25.2509333110847
v 2.44072292600687e-07 233.839031870869 15.8569007239939
v 2.44072292600687e-07 439.544401454185 -135.012810724842
v 2.44072292600687e-07 -254.423789140142 8.71352473734712
v 2.44072292600687e-07 -321.707422753412 -34.7615075561434
v 76.0235182456317 -470.025646847632 -166.447990336589
v 163.904741441273 -444.978241578168 -166.447990336589
v 300.554691178734 -365.775376486478 -164.751699503673
v 345.472130070002 -322.843168180638 -162.476170375529
v 395.164027565917 -262.147609824536 -166.390768760321
v 438.298428933748 -191.246546514055 -166.447990336589
v 461.651537109195 -108.84323523122 -166.307895256832
v 475.430228535813 41.6956647735036 -166.447990336589
v 225.375826131745 421.33262523855 -166.447990336589
v 145.348848431651 446.851492611991 -158.887262573635
v 240.176759557121 -24.2653961089328 146.070505718856
v 126.329239692116 -22.3676916135469 163.376121255898
v 348.638593807066 17.7847398843784 57.1801268170327
v 332.165865869374 -238.87105106359 -20.8578280665609
v 138.753547458351 237.450010489352 56.5915357275471
v 148.777444387384 117.612295756054 120.449995758543
v 260.576873746294 -129.524403110131 121.920003576031
v 71.4155177905005 -345.729284290912 -1.49236287282917
v 294.755349188764 290.535327783374 -58.8779669247606
v 320.991327616763 -349.954182102269 -166.447990336589
v 177.202713211962 442.273918898257 -166.447990336589
v 176.841313114535 -443.121753189855 -166.447990336589
v 454.623569397098 142.128020387441 -166.447990336589
v 448.312433362135 -150.828887422581 -165.584002950226
v 472.902726368099 -21.0455347741081 -165.407703095959
v 305.99615068704 85.927086047739 79.4270083300189
v 92.2933546777686 124.315538007267 106.886170969841
v 392.965708198915 -218.902397210696 -104.661977443575
v 305.170209426397 358.52629424132 -160.563869997049
v 130.446894669123 -450.83170659478 -157.357417191261
v 468.089408903403 81.6718884847229 -166.447990336589
v 338.681379189836 -332.151338243265 -166.447990336589
v 196.560152753417 -108.268327286082 155.137890537893
v 45.620615996745 335.607490972299 -18.6082127819744
v 226.198059292017 144.92675993809 97.4480396086075
v 387.835195764841 54.5646842552534 -2.96926434812611
v 231.974035170062 -325.306210356978 -12.8493352785622
v 479.123090137824 -70.6929842740987 -166.447990336589
v 251.80922280756 398.408742379981 -162.539093791065
v 419.749799737182 -224.183138505676 -166.447990336589
v 364.066704154037 305.202744197458 -166.447990336589
v 89.0255721776658 -468.025558462774 -166.447990336589
v 472.958703444927 29.0465121506322 -165.849678182604
v 84.0849792473369 -117.556534561781 140.693709385507
v 233.078845896936 -170.927566068951 120.418438808471
v 119.439309826009 335.943988381963 -10.0134361493054
v 255.782757130093 333.890107143782 -72.4802950022426
v 346.866832972428 198.727448527249 -27.1776232143338
v 115.027965680261 79.6636473586388 134.204267058405
v 389.537874181615 -47.2658061587991 3.78072143696001
v 90.9277260760222 -398.250640155273 -58.1560366096178
v 425.391318879869 104.547832716925 -86.3872524144559
v 209.39915821042 -380.249209742856 -77.9570132115045
v 379.68181959025 -170.41686413571 -33.2917505433891
v 366.150935939772 -297.156750545929 -161.527430037543
v 297.647007131236 326.688544458854 -105.08917727412
v 338.861399843447 330.986435972028 -165.972794734294
v 454.057093570611 -131.675609284067 -163.522997587703
v 469.302516479458 68.063191871844 -166.447990336589
v 316.289075377553 -251.220244399372 -12.5882396136363
v 221.293410807233 43.2670548489 141.679886298468
v 334.183758215601 -80.1224231877167 71.9084348108335
v 274.882445598866 258.984904983738 -9.05451044058836
v 352.148260011998 115.424910205556 21.0120999632746
v 36.7643484435884 -208.721413974865 73.8377581637893
v 30.2860145438808 402.277865739337 -85.2298298388297
v 215.061973532291 377.428158095113 -96.6894854528175
v 56.0934692733088 -435.191548782092 -111.792686203784
v 292.584789778647 -325.205329708538 -79.1018701524842
v 263.394547466986 -397.980101215901 -166.447990336589
v 269.513954394429 347.980761562543 -103.210548224861
v 374.511305388479 -190.691118794837 -41.0254288062507
v 175.798765456556 -397.425232251533 -82.6841109930953
v 443.170872820793 -172.674297226087 -166.447990336589
v 462.778901213666 -88.8392464835271 -160.645245021621
v 465.815581437757 106.258581331594 -166.447990336589
v 430.578875104576 200.520975403104 -166.447990336589
v 406.802662517658 -240.883305065417 -164.036874264412
v 393.294129061195 266.355389419113 -166.447990336589
v 151.647361686586 -451.527102404017 -166.447990336589
v 198.254348255644 243.692775248989 43.5410320354474
v 239.561672058651 109.69284737916 109.98941921497
v 62.5703967616601 208.359582112327 60.0081184539964
v 134.883001813921 -345.988140174321 6.19651946206639
v 307.237373791248 157.021046771337 44.0435653537452
v 76.6563398611139 26.7743577747944 142.080450031316
v 273.775425250538 -282.60895846572 1.89217726700812
v 163.193103644453 372.014712523169 -58.8312473998851
v 382.586709863496 6.4918503700227 14.7695669599114
v 315.256699597646 258.077588698523 -45.4725777088308
v 425.348040776913 -99.9473373553523 -76.8664761312627
v 285.613865857183 -173.961046151627 83.3300696970482
v 44.9026445867068 -484.136949797909 -166.447990336589
v 127.599137079327 458.754444005907 -166.447990336589
v 402.349767329401 129.864291145818 -58.4699552437365
v 260.714302041538 -368.936760633994 -112.149730553172
v 406.759562200336 -168.907768876644 -83.0716392292637
v 361.788813016753 -213.854224923209 -41.1115341985906
v 233.062642006275 411.143044797408 -163.770614879235
v 428.686829589422 -201.190249423086 -165.209014950756
v 387.609534999134 -272.130882736151 -165.76990322874
v 475.255846226601 -50.2747581734406 -166.447990336589
v 221.605272207585 -81.448843707633 152.197659020361
v 145.517630493386 -276.582101659857 74.4737481732526
v 327.451346421404 59.8075953070688 69.3120026129409
v 206.164247004185 210.136993990338 64.0958038526655
v 93.93494468073 292.284459046571 23.4799867981468
v 98.9402515819112 -48.0108295579284 157.381507144697
v 38.4841260286804 -281.134455211481 32.3068879742241
v 196.281918235879 316.456371659344 -15.1692814488818
v 320.47310789099 165.713862657042 26.291742797015
v 138.680731542168 21.1967747908098 158.125120957726
v 298.982151846202 -206.939874930346 48.7492812380788
v 73.7895973053793 421.470332911219 -98.4144378697624
v 119.254438164379 -357.555229107267 -6.62377921589424
v 438.896195031857 27.3466370323412 -86.9467755527482
v 38.7337719812888 -113.660514775764 110.4374771101
v 46.9629356319492 79.733434569553 110.17333845356
v 395.06997896542 -131.071836571318 -34.1977842322429
v 362.652089260579 208.893891437996 -56.8954666187153
v 395.553352706888 -193.199089940736 -82.385945436065
v 417.925744528139 82.5747410806217 -62.6011028804828
v 94.4314682096428 458.727674568984 -157.202769087447
v 202.449390779427 430.985801023334 -166.447990336589
v 50.7551952772008 -473.956436424111 -166.447990336589
v 289.762519029412 378.731936344616 -166.447990336589
v 167.459742982928 -426.015244864154 -130.189143596441
v 193.581367151209 -53.171889373651 162.076025708819
v 54.4821345755978 245.49511521271 41.3762347847245
v 284.582632984924 279.350096994762 -37.1143353382473
v 146.492441824731 150.841180029289 103.633728830176
v 98.1986442067535 -171.710800680462 129.35136689215
v 256.931633296303 122.76934904552 95.9578658206102
v 387.095074169627 156.41498824329 -50.7710975672322
v 99.089413729013 58.1234637416358 139.888683334832
v 174.998552316979 -380.627004215551 -54.2537244820469
v 46.2877470648862 -397.137549697434 -66.2470544730104
v 395.761361898913 -65.7832879472007 -9.49088766081345
v 317.845029850208 -274.484764533087 -42.257867395283
v 337.619084627486 -104.575872051235 61.8049534125444
v 368.956672625025 60.8941639579755 21.6987112573356
v 322.846520709741 216.527816086349 -14.9608357296297
v 436.014696268483 -4.49362317852268 -78.106010271946
v 431.804122899653 44.8938695957612 -76.4351237362616
v 35.0821629959013 97.2538088032335 96.1162474227432
v 33.8869704972359 358.263298492429 -43.0382606113896
v 203.368237732918 382.348299328021 -95.0893575995485
v 33.5065822591271 -129.677781316558 100.882331054121
v 333.457300716273 266.724827967001 -75.9145610498089
v 410.432511811316 -140.130751174782 -69.0761826681357
v 374.339843843258 -226.899956975877 -77.1603049887157
v 338.486348349108 -197.760066095619 8.55148344968133
v 19.7346228760331 454.614832503074 -143.941459254326
v 22.6519517941872 -440.218513783212 -124.359451058917
v 388.111728619881 196.818640366584 -84.6812278180674
v 408.258091913141 -188.314366145958 -103.84306506497
v 301.911373353388 -342.95529504034 -123.704628471201
v 214.883806928865 -399.978208560835 -119.389250471005
v 441.936329376841 103.396511998244 -119.896739563856
v 249.423111014938 362.016581812123 -103.872310801798
v 329.699318776246 312.660800756656 -126.733473428413
v 52.6466407658396 275.880203975998 25.0572930079958
v 278.553464965817 3.22455876462858 121.974190097543
v 93.5816211306862 156.163396172936 92.2700584102002
v 108.331009421115 -155.766413550719 138.959194641236
v 74.4221395434363 -43.5952915760595 147.478212370528
v 181.203169359103 -231.43384621949 104.01386626355
v 215.009348984565 -94.5298408107431 152.366034714931
v 202.54303301276 9.67588631218243 154.89732117686
v 368.733958021256 141.921090608195 -14.5119301779939
v 253.615067688071 219.865614378896 37.5804765721711
v 130.477829369476 400.314172613596 -81.8991874180599
v 135.61159274086 -397.347946296547 -63.1721757355119
v 246.756428093584 292.095498315354 -20.2355815215707
v 394.59889783066 82.1059457611587 -22.6936853844462
v 82.0778619804405 -414.078463403843 -79.8567860522598
v 52.0857429636256 412.53228714107 -89.3113498856838
v 319.490359700975 -132.001325264913 71.7990775973338
v 438.419018389638 -38.2270575258437 -85.3531686225626
v 210.092522183837 352.356218408128 -61.3941352582946
v 103.10084178958 91.627414138428 126.217310936407
v 335.642667129925 -258.554155789996 -48.6498704958644
v 55.43330676708 -362.067911064514 -24.8310004683382
v 111.246033475511 403.985699939502 -81.0649346790182
v 38.7392452390277 -416.891997259053 -91.7580103857288
v 37.3787470227256 426.30678790631 -108.314132484839
v 87.8871091700306 -163.203046940995 128.397737449223
v 315.610366019984 275.201875587645 -64.2946634340159
v 230.557388440784 -412.433285940763 -162.062488602671
v 23.8430361748049 -472.223077286463 -165.392083358096
v 355.572538316614 314.774290978192 -166.447990336589
v 360.285991050779 -307.637416866168 -166.305482451796
v 314.206189683049 -234.830262975431 7.3117937465681
v 393.32480978207 -153.160774596769 -44.6824729524555
v 262.707659970244 -349.739036086928 -80.2110937727788
v 382.76106677476 -207.161649810049 -71.825173988641
v 457.467580789602 30.177612928165 -128.164469998166
v 433.868772867677 144.773661109088 -128.182134270822
v 387.90501472319 -244.029552036077 -125.008216236095
v 411.908132575255 -199.884286950077 -124.373635812732
v 373.129301459925 264.00115205091 -130.390257245654
v 157.587294016294 -104.995223915927 160.262586841933
v 171.099167302885 95.7532726525566 131.363570098082
v 72.7173213495657 -306.344407346509 34.9744534742615
v 383.75625995917 174.40580231355 -58.7499930155644
v 74.9540170156091 -70.0456604304546 145.589354297815
v 229.241647757895 283.449833719636 -1.12211159061378
v 161.257424455074 -197.138451324579 127.579656853408
v 225.282818847106 -312.571171399066 8.81756584290963
v 292.634772939807 -56.1887560237583 114.010358806967
v 74.2309564917916 -29.6943185552835 147.54866627757
v 268.58124016147 -221.259275965465 65.7541374526773
v 336.224229337373 -30.9478025187653 74.4019608739535
v 56.9495705968975 -234.070305583028 76.2449946994483
v 80.7346851645 -398.820671694444 -59.5624606649284
v 290.577082009465 150.888648793623 60.7127464172385
v 147.143797592579 28.4066870510595 156.498915761611
v 158.647544043851 -408.520452713339 -91.59344438332
v 34.7887754277903 23.4336212571679 117.037184627333
v 367.362037077956 104.29959952516 7.08101370701842
v 383.277254664714 30.1031302716615 9.84399056618629
v 50.2791932900654 394.691143176867 -70.3951996862845
v 406.457809183187 -88.0693584935563 -34.8292534070077
v 290.899229578653 238.629186407222 -3.74682589148066
v 375.297778238327 -147.944671078798 -10.4922184180329
v 98.7687519397683 415.719501001441 -93.5057955576957
v 168.908175243808 406.371379967013 -107.02669781471
v 210.439826420266 -359.177776998907 -44.3507979781202
v 282.465231479436 316.161806261407 -75.7134791480309
v 327.594667040524 -318.060023477863 -122.348174878077
v 333.928737422301 -280.537095480537 -74.8546538945467
v 81.8873646733849 67.4020959910355 130.916337636254
v 105.134430067513 -416.537416510596 -85.4031581332102
v 366.942285195587 248.22354054503 -102.211551697777
v 31.6428395819904 442.783960484857 -127.92500544786
v 216.502265750918 400.315391715088 -131.282969710915
v 280.999033354109 -381.172628326941 -165.126192243162
v 449.856730176775 -26.386799378563 -109.124771481965
v 351.022927743347 -115.647993079567 41.0499536995413
v 360.251068872631 -194.772657890152 -20.8728636516255
v 61.8637306131115 -450.057373963954 -133.371938213905
v 380.058623542983 -254.401591333814 -122.857518021114
v 450.406240174169 -58.0480889822179 -116.371707600539
v 51.7180029034934 -186.48029144653 96.4647961586112
v 251.148393605203 -358.37159534161 -81.8442008611936
v 426.43941598943 -154.186661201028 -113.462321890542
v 225.437771726293 18.0243441233975 146.41307323803
v 90.567576827522 -215.235949474339 105.644192276687
v 111.201383883377 -100.976779672295 154.99318573062
v 309.172265644247 26.0969516494189 94.9728508637588
v 36.2295184599904 235.676852767589 38.656397133486
v 192.955155351627 -160.292594517193 139.877698722432
v 110.647480041023 195.307640261436 76.9120717969505
v 188.855075754459 155.070154211259 100.079108257736
v 293.310282155961 -95.10251373648 107.712709082255
v 154.806142544458 -49.6340060487752 165.961010086541
v 286.359117837842 191.432738868968 37.3826805298825
v 247.388608410886 274.050510422556 -3.60103968721411
v 110.489212729655 320.342181470368 3.83468215484316
v 224.582419642163 -273.162826750947 52.4368759406765
v 147.598052586959 95.6842092831531 131.006259070242
v 338.868409677024 150.057780331118 17.1070004109388
v 160.288543544527 -226.458667633821 110.596722242456
v 292.79394187832 128.160215841919 70.8682745599424
v 148.881360090579 -298.799921571137 54.2412159927829
v 403.41770023615 12.195876243166 -18.459871306059
v 286.727667457559 341.714402109452 -112.785530078028
v 279.135992295279 -233.443585824491 46.3509911295128
v 198.235934743529 342.684832294811 -43.055391527143
v 41.1651619652526 -14.2649240245791 125.536455452254
v 88.2295116025445 26.1798219781649 146.790385149718
v 400.699256297294 188.574974487761 -98.7618119505471
v 51.1691976991491 375.27072942398 -50.9233519144719
v 319.650468363554 -151.334751046776 62.3447867918481
v 339.2171488975 78.6831722849467 50.9906977476592
v 357.781270842191 -56.8197172395682 47.5392944348525
v 160.250497418807 234.572905570938 56.9456720119187
v 68.5994187425679 436.952134519722 -118.545835422315
v 267.104959050889 -301.597353127478 -14.0101826087045
v 185.795410387659 -339.001291739622 -0.76600617160606
v 38.7197713625948 156.52082149154 73.0844867811301
v 389.432548892319 233.422530925811 -123.061704822004
v 104.369977238359 -376.486173611228 -29.4789852300775
v 443.171482371538 -76.2770215115538 -106.051124544932
v 38.8590283100764 -150.15250197723 99.6219769457749
v 387.695811827621 -109.72747748091 -10.7839511511112
v 430.105203379146 -22.17622283499 -66.6220996178625
v 33.1140474525096 -437.236997901622 -117.932728963769
v 442.212760640089 -95.8300442991005 -111.810794940526
v 170.077395166161 385.928470235891 -79.5971745799052
v 157.097278711491 -389.526165727705 -59.1149424761882
v 88.2381913511861 372.502937272657 -42.8275211399818
v 314.428167746333 217.911242299977 -7.28577593016174
v 125.879886501651 435.764577279098 -130.980416658412
v 227.164273418051 -368.066576148381 -73.2455986626457
v 270.823066212958 -147.283105335956 108.085411266428
v 319.52959953024 293.455939386274 -89.682515494018
v 234.855076770377 387.232680250505 -127.257763263697
v 436.656502407979 126.667832432468 -121.608396155157
v 401.86664756741 108.087227219692 -46.0486761827697
v 450.993085154747 48.3829539387899 -117.449355222301
v 187.963823671192 395.484244891076 -103.03224828221
v 85.6526612223626 -446.154318946412 -130.125001079413
v 393.490175819833 -178.100149695504 -64.3876516701944
v 63.840852903722 73.9262509632172 121.067127791806
v 308.385132447758 310.567451107681 -97.0245288299724
v 351.536779022108 260.64402592013 -93.395054156044
v 59.6033704092575 -411.412542420922 -79.0379244695512
v 21.8333902247363 435.482050508391 -122.696926797527
v 49.4132153395477 -270.39800615951 47.8607245120165
v 232.774426095274 -62.5749429943063 149.446642213523
v 177.629716208411 176.689941345979 89.5425791514342
v 137.64228565275 287.496945896784 25.425826753995
v 179.938516648101 -13.4808560429083 162.863374787864
v 242.687956242384 44.1355408467574 133.184031497519
v 137.286523899723 -202.57248193317 124.244563442296
v 91.8364900442585 -92.183686339409 149.934727274297
v 321.589246102558 -47.6412989424802 88.7890601387845
v 242.634620552121 181.68571766727 69.3551029302628
v 85.4006754838182 241.981664713564 50.3177092778195
v 21.9385964611516 -55.5706588684808 104.22880909531
v 181.244098151893 -275.497812474761 69.5559181535895
v 93.5957614380928 144.655535254129 97.4727962581712
v 191.708205010202 79.1252362644089 136.333618298307
v 323.071089363695 106.690416287602 55.6038793841302
v 72.7679839058285 165.295723544355 81.7634734842886
v 61.6792970660799 -190.918036758958 101.7994826946
v 198.143498912714 262.098998152553 30.2397585315516
v 254.72071654722 -258.419368881317 45.0156400562209
v 287.215181064509 -105.616273582629 110.140321121492
v 107.806922769413 -310.476577250652 42.426722476117
v 230.546899088366 164.548173049425 84.7396621463399
v 259.520903272932 -196.555581122823 90.1398372905876
v 13.3119033387126 29.0257842505294 93.8283177466128
v 55.541241695506 0.935551362301471 135.215397455024
v 52.3424844678851 319.398800099357 -3.49328492547988
v 369.761228813667 170.072696545828 -34.9308801201628
v 20.1175461468012 -143.28315714777 82.761593782176
v 134.480177663724 41.1599776091693 152.159892272065
v 221.78861999235 333.412016175445 -46.7513770767267
v 383.676840576574 138.094826285657 -33.5779092206233
v 134.220991606994 355.695819954964 -31.1002124284349
v 296.91770506176 -227.171994394165 34.2306713998282
v 82.588119449596 391.066830635817 -62.3598160274257
v 415.423691104064 -12.9142778309441 -38.2735484691895
v 179.976270697423 356.444221281144 -49.1188436009617
v 41.1477040509219 -303.745765527162 18.0022907678968
v 46.320983454253 433.094541828642 -114.653091971556
v 272.635336774247 331.529240911217 -84.8211324132165
v 299.144266946654 258.37936711362 -29.4951383248428
v 119.45331679419 -390.662114338513 -49.5134642140376
v 182.382726246188 -319.2249257491 24.8331831044724
v 74.9947299258431 114.998605652669 106.518986489816
v 426.317658227945 68.6636057060045 -72.8882685863451
v 306.774089826446 188.785358387901 22.9033930642268
v 216.920874725639 -211.104211335307 105.764648393351
v 437.229886476253 -116.071287975646 -111.116516640989
v 229.376180687096 -346.82820269391 -41.3094699295918
v 302.971915457343 -286.767364449883 -37.8336655384898
v 169.42809663208 -355.424087312049 -15.0822379198471
v 347.453627157111 -176.63960261355 12.4228727821877
v 354.447917190499 -90.9810046209026 44.9773272520487
v 150.559123120615 428.900680309428 -131.7382914191
v 342.199756890844 246.399866305203 -65.5947716800692
v 378.796370938043 78.336579191055 2.24423270545797
v 417.99182998817 -72.5349513857882 -51.6214621293741
v 28.5363626227546 -383.891656418595 -61.2913624627476
v 372.817541651364 231.390517320638 -93.7375454813749
v 418.848705949164 181.435852657362 -126.547306471448
v 309.584906101247 -333.23158915467 -118.731176945978
v 380.325098810716 -114.56196413505 -1.05702071818539
v 251.332147757133 374.02523946455 -122.70871144528
v 399.074320998566 213.516127442838 -119.708007414169
v 19.855329797431 -423.135625548913 -106.461301401002
v 417.110622793236 -122.748344942735 -71.4526813375372
v 268.689562408599 -333.040164822522 -60.208355874012
v 350.486345301354 -290.554020672914 -118.474429092232
v 68.1468273137657 -431.82195225897 -105.840632703515
v 313.118903540118 328.735365067561 -126.768243218875
v 425.771068994541 -169.185431940357 -124.819826958702
v 29.6898040700719 -452.236975043469 -137.561875750192
v 194.955904083126 -391.914004580774 -86.764977042795
v 204.559795150313 406.740996300535 -131.735421451005
v 278.209652947203 -361.263151692291 -120.963034302976
v 199.900770218163 -430.065988947829 -166.447990336589
v 328.384949582534 284.452392308892 -90.1610001305454
v 124.607741396064 -202.493913381823 122.638663905402
v 264.396928270608 -72.804575999041 132.325898338111
v 180.491582358179 -0.638994904155765 160.730188457852
v 70.744097643934 188.988554668829 70.6125934200013
v 171.769825511019 -88.3683177364536 162.356177771411
v 176.463823417213 204.878285415025 73.3836047612009
v 208.883414784552 -146.932219988896 140.47074080226
v 35.5144265422777 -230.883802865193 60.9223937768933
v 116.304771309259 47.5818486962979 147.632035041041
v 147.072276971732 162.448867581704 97.8280627512174
v 298.237509416289 -3.74284595370056 108.456868951161
v 121.53500878515 304.510142162473 15.0990624728559
v 238.478551179151 -208.102961248319 96.5236178055868
v 37.1858115126865 283.783918324264 13.7809835914019
v 60.396529268849 -299.443556362872 33.9630341759864
v 196.078150501127 100.993008960904 126.103045569506
v 151.389864593381 -260.662515626087 86.9480391006485
v 36.9561537449528 -93.5298855111312 113.436390585895
v 246.595684482311 142.738244178917 90.7348413618786
v 332.996556546245 70.217909312056 60.5116200690519
v 27.5693484613669 339.568681892228 -31.2201955083221
v 47.6423878794898 -24.3067598415778 130.805043829238
v 124.859892221269 -301.848945197832 52.1772803420392
v 176.46643940583 64.2580586418295 143.761311610977
v 193.552629373336 300.602820289709 0.736621986200152
v 204.271350657781 -247.507293020695 84.8732363030138
v 157.690308092345 356.20601392925 -39.0479001484764
v 337.693449818481 -44.2447488473141 72.2616821670342
v 303.152952028864 169.55081951558 39.2467057591878
v 82.9770382234034 260.582461294797 40.6092231123356
v 276.99438654559 -250.615595457425 32.364598460986
v 382.423045488232 -29.1604917906214 16.0569111498514
v 113.969722090576 234.647499343463 57.3636714358933
v 123.408907466641 -142.821524049571 147.378601619475
v 310.672090652387 123.531211284003 59.0849411504153
v 49.657562645308 36.2280072820996 125.629450037919
v 33.4114320226468 -346.02542436161 -22.3967055941012
v 96.6222570851385 -8.51183011007979 155.514402414227
v 63.1503652478865 93.628404150431 112.333065638964
v 105.995109371182 383.574131275896 -55.8661258935633
v 85.7149369902314 -358.593217833626 -10.5569712794927
v 240.029807031473 -287.507486045098 26.9751698233776
v 128.61850910999 111.825716234825 121.323989936317
v 140.146218524958 -373.730293097397 -29.9726800625602
v 263.517930697128 316.216208665475 -58.2212712383988
v 307.142969619483 238.281539298499 -18.0175660460932
v 320.852070669282 -92.1703651158172 83.4790667574897
v 382.445954437098 101.372994006592 -12.4484001007283
v 409.331536174551 53.4051473004775 -36.9804373577397
v 82.6540461724531 448.456287338158 -136.781930172914
v 118.892580903893 -406.795195521021 -73.0002227400017
v 365.17580713408 21.6219459602786 36.5057211417089
v 211.166322016516 -304.180197423327 27.960530827267
v 406.684917631916 202.320877163842 -122.49068276287
v 67.7753124836501 340.449812893319 -15.6642604650974
v 19.8681208388637 395.989181490179 -84.2499198694749
v 400.367584497702 150.932231671952 -68.7173922098399
v 65.0138888677239 55.8701451187938 128.374384036272
v 371.454662377461 -103.884876436444 17.0690447654068
v 48.5227537674046 139.652964981818 84.4282579090479
v 350.320953865644 -271.647762974161 -90.148434495899
v 72.1046784035663 404.095469869653 -77.4941991087352
v 434.765218831258 -64.592854388994 -83.3588265233816
v 193.702769341426 365.409061886163 -66.9955637404675
v 360.155217017844 -154.147370575868 8.98758208616711
v 163.004142913236 425.670137550205 -133.620165056183
v 194.300700526195 -350.762522585125 -21.1168871335521
v 230.875726317811 364.379530676403 -91.2513721241269
v 315.373961922381 -203.366536070419 33.3749700939165
v 334.553349151175 -307.235951506175 -116.15771719182
v 454.370656633461 -4.08670122819396 -118.577214586753
v 134.445230087628 414.814292745889 -103.033124511407
v 146.814779878527 386.760735585522 -70.063489789771
v 352.381921131245 -242.095599907145 -55.9384338507911
v 114.200271961224 -461.3317261512 -166.447990336589
v 350.311175655762 234.992225688195 -64.5204194420274
v 378.1714036379 222.61301197818 -93.2163668946894
v 192.553080440888 -410.757580144494 -120.05482908959
v 323.897081420233 348.987460017281 -166.447990336589
v 456.143585773695 128.986715857412 -166.413118954336
v 252.817394343267 -334.085798331152 -44.3601412481466
v 431.206204413859 -136.610532122562 -111.022125168198
v 62.7142951840919 451.511609655893 -138.393874421371
v 87.5867149430857 -69.4035304671241 151.414132332451
v 164.711558047264 -70.0748934683082 164.780691261023
v 116.698998254145 187.988739057929 81.4637205555242
v 115.947384087576 -162.547068746657 138.727717745495
v 278.807876208371 -84.4572306179371 121.019633629524
v 244.722611234122 87.9750749620428 117.021704578183
v 32.5348155067678 -251.026204078606 46.5296053717675
v 88.7382388453483 -277.785811995248 64.1231701413599
v 209.784114904379 159.804026895411 93.6428365342367
v 224.897024020871 195.290839519003 67.6481576582686
v 78.5679735434658 7.15626385775524 146.800772910346
v 22.7882340070393 -20.7984333783893 107.434588855482
v 147.346473215578 5.1124695732586 161.665988541462
v 181.969450840494 -191.470226239839 127.785697704483
v 37.0672634168469 -72.1771704959152 117.492734917048
v 240.90151539395 -127.629665412516 133.663201878635
v 373.9019578262 -13.1310469338836 28.3983120777909
v 188.280383691876 36.9811675487374 151.250099686945
v 180.383907758717 -249.401878330623 91.25930263331
v 33.0786681113019 302.204237088826 -0.378613283680663
v 92.1179818485947 223.504581535794 60.0403547991708
v 129.579376968023 -222.076200954658 112.358920749768
v 23.3836492076094 81.8118057788458 93.1208642616842
v 211.414129792656 84.566676724254 129.905600907824
v 36.6669060423242 -171.648994774626 89.8470370500182
v 228.157383970746 307.449218073383 -23.0175504898502
v 68.5241836718626 366.103619563125 -38.0705490223568
v 24.0078307587434 -317.402115039496 -6.53689759877643
v 64.5649547433969 132.657163770539 93.7964750696285
v 141.866472321571 336.332373798868 -14.3863325642835
v 87.2648213533754 309.632933620432 11.1881999674398
v 31.2531144233421 245.209312106745 31.255060541088
v 121.763082355893 100.949972138451 125.370975123726
v 236.093379110594 -253.167555848817 63.500247376011
v 158.642210474825 79.2065033477035 138.639624963744
v 283.074375858133 -276.683693450834 -1.22062288831938
v 354.989350640511 151.993078551281 -2.97917629407623
v 300.836379817165 -177.91149373966 66.5478804650669
v 71.628060516198 -133.689564948394 129.709503353291
v 275.864660431978 209.708060749859 31.3554618032644
v 299.565415716148 -247.357876894115 11.9516694198042
v 162.153159276118 -319.338200596039 31.2509301998361
v 319.726814594474 -112.514127608433 78.885016125157
v 334.025986164214 -57.7086136631816 75.4243679593714
v 270.312415075612 -166.694134547152 99.3028517323686
v 170.497502619798 130.296399129765 114.534280372009
v 251.226289110935 -221.284673913209 79.1017558617193
v 21.6521266590574 10.9329990074482 105.948091420421
v 198.290591127075 -296.02227501609 43.5265425062593
v 310.812515905465 -18.3558698847898 99.0540407372923
v 175.728921100259 332.276778707173 -21.6413880892768
v 31.978965546668 146.319748479044 74.5291728447175
v 84.0485331923239 36.9529313803327 142.549080264118
v 106.774534290531 -355.503887663861 -4.06047586293337
v 146.801560246726 207.517665542553 73.5591490265221
v 30.8712531042642 411.609071740567 -94.3791039908811
v 378.574621456288 -62.1922340187223 18.0676000031493
v 131.453567725913 378.179327797597 -54.9452788516877
v 329.82615612728 187.047364124789 1.71850510822573
v 245.830393520882 230.072820995772 34.1026212967887
v 51.1527080815762 -311.908488146524 18.3381214814318
v 388.262821011011 116.410553761614 -28.3166100546411
v 367.77993491014 39.7383814548249 29.1915725291734
v 18.4879027035099 365.675054592889 -58.6432581401692
v 180.993128331258 -140.153469639039 149.540297145829
v 132.462793276452 -415.613286783975 -91.5902632903651
v 405.430233615403 -26.2253065278313 -20.6779121794842
v 158.808160665386 -377.190458702175 -41.2287457274302
v 357.701927653438 -144.455818492043 18.054824835434
v 264.253734641226 -317.574160737516 -32.6842824292426
v 186.619205521717 -310.740106356446 32.7064643618537
v 418.208042717316 164.015032029352 -111.01455657977
v 91.5113518667238 429.39279094492 -110.880772890027
v 233.15389683252 344.046797242596 -66.8154541940393
v 380.989813899078 241.542711982701 -117.643979695865
v 193.559613808966 -369.706547032174 -48.6026779342122
v 62.4740305984315 -389.123786041593 -51.1586670750657
v 415.970356531311 224.336923079268 -164.820883513329
v 90.6317955383933 -433.552822397739 -110.289267386038
v 418.648646314783 35.9291369320193 -49.1908404333296
v 71.847124164979 387.206799741754 -58.8829512720054
v 364.431291693906 -173.213914722835 -10.2259598265422
v 408.004594996706 64.6299036452658 -38.3213664553049
v 404.18804538918 -113.690814527423 -41.5662114338513
v 331.413858034615 226.672721537409 -33.2450532417179
v 427.197697117282 -85.3115731336445 -74.3125093019984
v 327.055951170922 129.019860179218 41.1879248759183
v 361.181446494397 192.155983527907 -40.5142474867461
v 239.079898387891 32.9899213323967 137.709437826586
v 110.200628548411 -78.6323128945889 158.274219609959
v 204.711243112712 139.904023695269 105.827362275819
v 278.331359912794 94.7571206956193 96.1677925576902
v 282.227532086497 -61.5539454949882 121.433607478781
v 189.558510014157 -64.1626576006152 162.453083641029
v 168.393612822509 -158.285902665921 144.682114206444
v 110.759231011097 8.57797350917856 156.897815928882
v 108.081715865031 -265.364488487872 79.246270184384
v 222.086842694763 -24.9683986035192 153.563687639784
v 291.285989526902 75.480414880556 94.683866664838
v 40.3679902299175 214.300568456866 50.1593403746604
v 184.814084482717 279.133300112818 21.7474880159784
v 333.966224793172 -6.34444703080212 76.224962068165
v 90.2795704495894 281.709744125836 29.7919069947472
v 174.200078936822 -210.688548522525 118.549175252443
v 58.1836314798419 -56.5602073590046 136.855393736764
v 248.044459615485 -181.657652935012 106.446202321068
v 259.767288763999 -238.668019869322 58.6149076809997
v 142.705137954033 260.624926663426 42.7270182860144
v 365.419373452947 134.059600348053 -5.64939210964497
v 254.775245941027 257.447465614988 6.68178416011273
v 58.8349364517949 -279.100181188959 48.4776660606716
v 138.720720610892 77.4411173979498 138.352539261418
v 69.6515858732551 -145.516932049823 124.815433113743
v 27.9060395303818 105.47344822349 88.5574308553572
v 70.0792873132679 295.934652096372 17.7631643277697
v 221.215820076875 -115.681797748015 145.838698649794
v 53.3585928622624 -105.462057243926 124.62917726396
v 156.677603022965 -280.819673047139 69.6823554869472
v 69.794284242656 -328.026432152176 14.7512375784987
v 212.506178050789 227.753201030344 50.2412487561355
v 104.663691805047 109.866734428391 117.59336158601
v 19.2737183814599 310.204362046729 -14.9534719121556
v 318.608568353243 137.882042279456 44.8279968435431
v 356.207385418429 -26.177404411014 51.6285957779468
v 78.4771250843847 -230.56363633593 91.146897666081
v 247.739608048711 309.495327539554 -38.3169821345756
v 122.154540924475 -326.73936575229 27.8292837575553
v 61.5188899776142 236.670191901814 47.6321810792401
v 94.7373547427874 344.935242852637 -16.6360367416871
v 24.8651114995304 -9.46462538916005 110.070921229281
v 355.645582814326 100.958226471468 23.2364363529969
v 286.208888976935 -153.207989381626 93.5282028970931
v 210.751954499069 64.6050073069896 137.83909434982
v 348.904891289164 29.9157791353827 54.6277029130938
v 269.698318097104 157.533336076312 70.4985121882211
v 361.166715684706 -80.0626110207791 38.8855628159822
v 63.8324715809664 357.391640925847 -31.266584859877
v 337.565748937223 -124.273821878097 54.6650505952517
v 257.686942864269 -18.1078541629522 136.603700074619
v 304.826752979052 -125.967318936761 88.6103157320476
v 15.9679230904426 -297.551891816934 -0.187736049121599
v 208.129717986268 308.23975459487 -12.7900739296162
v 80.4658161401926 106.087449959693 112.893293570306
v 256.28213157864 -287.740334430017 13.3068396228811
v 393.360544694546 -13.880127655165 -0.635259520833429
v 324.569542882657 -175.547617850287 42.5610744449406
v 158.546879277967 134.875623710102 112.208895072443
v 84.357245247155 -34.020519255962 152.327467931281
v 206.309231188883 -192.00277040814 121.03926624313
v 471.107040666686 9.01992557893352 -160.771180745511
v 127.829267883838 -432.642102787526 -119.684946077617
v 133.137337370591 322.174186237055 -0.0761198940323014
v 84.2410813836599 -377.928218288249 -33.0431173339469
v 315.224494999906 202.705541781402 4.47343260375189
v 72.9593574420812 142.018606028558 92.4264145260006
v 49.7054504757798 12.2538708694683 129.913385378808
v 299.843015284993 -265.696236481307 -8.0900162318284
v 54.4474473284661 -199.677230181092 92.7210243703468
v 36.0888519264089 -362.137603033124 -35.4166222202581
v 19.5628486185802 -156.53141243575 77.7178089901624
v 29.2808875871594 382.844422839257 -67.2389776716482
v 33.4835558447535 44.5634930915042 111.943918283627
v 139.631224338549 371.15090292244 -49.1900816696408
v 352.022768752194 49.6416476563028 45.8237932292119
v 144.541511167732 -358.474304642288 -10.8623546157976
v 107.209245564121 445.066169273258 -138.799632034533
v 41.6871374125485 -324.412177198434 1.97346697034993
v 322.38963702777 235.494749482263 -31.1595452091089
v 286.473180021162 -193.747368137665 70.4164641180334
v 420.337787625409 138.32690003317 -96.2574854101489
v 400.948435562613 38.2477092321032 -19.1714805301872
v 219.11942267417 -289.603426284742 39.1543461222159
v 400.133009052337 167.856789100014 -80.6250231756273
v 177.482560499181 377.990900423282 -73.3863350405834
v 347.355540282923 -227.44812088204 -31.4478119160059
v 313.86232686854 -214.04382060312 26.6360437261228
v 136.591966222761 201.32610304557 76.4846814817975
v 123.211413024982 4.87780880666219 159.679475359673
v 257.357302900496 -90.9717597679237 133.737605166552
v 131.187194049972 -152.765087269888 145.525846729481
v 253.023422495369 64.9690170435468 121.690926786352
v 125.285726912123 150.091419912905 101.68884288474
v 205.411489929968 -230.533641359644 97.2842609425788
v 88.8605172647629 -321.512010943468 27.7737638437864
v 73.5008988333707 -83.8363523873817 142.516342309476
v 209.012563348831 127.947317544953 110.7366776335
v 189.49063399881 -120.684304525457 153.770579322108
v 261.427679597778 169.211756913194 68.1871656042705
v 191.079110543552 227.815781573586 56.1896576509032
v 201.445968659948 54.4834362204196 143.553188128186
v 102.472794988274 254.108346629159 46.2333891072266
v 275.993351833198 119.607190260598 86.71771781153
v 129.742927052522 -264.299298559479 83.8509435083607
v 312.664178683706 -72.6180280728596 95.0825509495531
v 98.581791296936 303.419249510963 16.3576974576146
v 205.136938114853 283.582258619175 10.6811862924228
v 24.2900749772815 -78.9801314394592 103.169289258751
v 228.787481656332 -146.796594947942 132.911130549007
v 170.966412230026 168.833746557943 94.4199756382885
v 98.3618895158796 -196.06156564125 118.524475748262
v 79.0108502572558 199.154375329856 68.2800712971189
v 71.3210437743789 -220.239294384057 93.1052191258737
v 158.425477087749 316.078729574335 -0.949994262444867
v 90.9474285339847 -139.198773482308 138.097912136308
v 291.798393122642 21.4344583100307 109.714207053213
v 70.6646782613378 -248.568190695919 76.1589464524909
v 75.4700525178763 314.300822436344 6.42767134344476
v 143.017786690764 -333.217315508038 19.7526077977795
v 30.3189017114661 126.818251777983 82.0265962229188
v 168.695416635554 -302.184198108056 47.6018432306596
v 261.527569726256 241.436599357026 15.7993727849815
v 353.803317276751 127.586996860306 12.5984241906817
v 65.4552290056754 265.081047391047 34.7486466703544
v 167.835150048535 -32.1162509784559 165.513828420608
v 13.9843608327073 -36.9798214575069 96.1700656740133
v 289.338855863091 -211.919434662002 54.5201235559362
v 329.146100678481 18.1204578945203 78.1349258354528
v 349.546189469706 -7.81017053198033 59.2460276339831
v 17.8059106611949 51.5325312153477 96.1077899061444
v 40.1827185506102 319.694889374159 -9.06380132734754
v 62.423342644221 156.713160149807 82.1540240762385
v 178.099921113974 -180.120353254976 134.149559878964
v 181.878145218354 113.557157827419 121.951522429182
v 114.610842485484 461.677849383058 -166.447990336589
v 181.832124137041 26.5931243691785 154.924725562476
v 147.334866353459 282.028767747451 27.879851071514
v 233.221379179677 236.923612624405 35.1133104040661
v 123.459436683678 58.5036075244976 144.528101051323
v 149.84428518238 58.1277940917262 146.730509487911
v 22.8634262187078 357.445484575064 -48.889131862589
v 271.337425450674 -260.612786444404 27.9672422349584
v 315.759248789661 177.746457875218 22.4666372558432
v 291.553683896126 54.9501425586807 101.375317918811
v 305.244092056385 -146.593208182406 79.2536800356384
v 212.82040146028 198.503121153798 69.7583651950588
v 105.163351980507 -27.2825199132609 159.415641478506
v 35.7430175962062 -184.647778720888 83.6641162047542
v 48.3646070962882 58.4980898203502 118.603996722649
v 367.016447203 -273.425263744988 -124.244423753583
v 381.467498500251 287.406376815128 -166.447990336589
v 300.478903702665 142.614175204187 57.8161803213653
v 341.814927186624 98.2343664202558 40.2928123045945
v 268.06827781088 -185.914882333848 90.5310291807181
v 201.821959878354 -277.047239674845 60.6802941895083
v 100.517591126567 370.06204210675 -40.8229849395249
v 253.099108379646 -404.438367562148 -166.447990336589
v 114.385702377705 -444.510360584823 -136.444480340211
v 200.88732810034 -321.386316500082 13.6803156507742
v 441.519244278985 177.165009958535 -166.447990336589
v 232.301871879545 332.294735056228 -52.4551783367697
v 265.979652180185 276.570901164902 -18.8609128377991
v 114.103556576214 -371.045120470086 -22.6851088149673
v 348.429924268399 -75.4720399072873 56.2723724172192
v 109.78720075503 35.1156946364106 150.27939012416
v 24.3243368087885 -347.123047469272 -30.599041075085
v 400.8202267224 -45.8208153198389 -14.6596748021373
v 24.6752364421945 -122.910383849343 93.6326646561651
v 111.396198841549 -65.1588413049872 160.193402832278
v 135.515410712753 -183.492832445167 133.433680624871
v 202.707624413117 -16.1873724705549 158.66495433703
v 255.660897776816 4.52293915654939 135.466214887972
v 244.426496561372 -77.730057150462 142.810818814597
v 172.53453231965 238.26924669179 53.1813977303378
v 159.165446295278 -136.639409589148 152.535654908941
v 92.3997720788169 -251.850367482906 84.0029756235577
v 115.127678023105 167.53301606217 91.4994656271795
v 304.390644818336 206.691013139374 11.0457722449195
v 158.157198565727 -12.4930862024125 164.467013907408
v 163.986306950453 -261.488761662103 85.1111896754295
v 176.865822134108 158.391558128537 99.6220721880789
v 194.072830139033 -212.224489412358 113.279507462679
v 86.6085256846906 329.140919497141 -3.53327677210371
v 220.172066016378 -35.4670117485827 154.62062323516
v 29.37824427035 -28.9634894341998 114.263296968552
v 123.957020576909 -8.78937332722767 161.747782632172
v 93.8674432851128 387.139165006911 -58.4564054386149
v 92.7290056754254 -297.398792987931 50.1226689128612
v 178.809412784209 76.4331617447984 138.975208047289
v 172.335933067264 186.701075806271 84.4241053445917
v 107.309211886443 264.464436015712 41.0215460949893
v 74.1836591636049 -109.074178770059 137.893496753888
v 228.508637588048 -228.310482799748 88.1305294506983
v 137.481300760973 179.260518433069 88.4298633133248
v 298.489050690748 -35.030655957876 109.927143447101
v 54.1058766787408 -80.2513749179011 130.466819359128
v 65.7674650257561 -169.918721487629 113.432212623491
v 225.315937770964 -181.198191361345 118.923502905271
v 227.844405060693 212.447711975082 55.1744445341839
v 206.402987712981 32.8794751818874 148.824849656848
v 23.6331062629815 184.713953073736 54.9393611298633
v 249.425930187137 -152.110086896538 120.115047623692
v 137.665067611877 -240.539721628334 101.459143845341
v 166.713690966915 44.9302616801352 151.201081647799
v 165.192430090879 340.061579864101 -25.2537667696299
v 311.425495374272 47.416263601236 87.7908318996192
v 270.243383453643 -107.186996961897 122.063235302335
v 43.1702600953033 -240.322543777173 61.9872408329917
v 104.732234516522 -124.369813421596 147.607246644042
v 84.9362867082888 -12.2879620585138 151.741829353221
v 393.246634898914 58.6471821230957 -12.5525062885319
v 94.3168980673686 180.165586999908 80.9759402701224
v 367.26290888791 -35.7940103257896 36.8632417026175
v 18.7281101437879 123.376334598659 76.945590738486
v 224.662880340617 176.063653352554 79.9464979531794
v 223.525890413951 266.82065442384 16.2556246930023
v 33.4438588524293 194.639737730632 55.5088974090538
v 20.5552924751468 -181.141058677895 69.5530227875467
v 91.2925167994725 -339.68891577685 10.6463617376362
v 135.555920439405 132.496191577736 111.776393420306
v 144.87884670967 -307.907651030166 46.0749789324023
v 17.963844624499 329.872202606541 -30.2567815060272
v 321.741582993128 86.5508151979287 65.5626877225813
v 172.713575152273 -341.20776384785 2.34438852028001
v 306.550079927342 -104.958549279384 94.1021774676519
v 315.455311549006 2.04151184236459 93.442713404986
v 258.692955574418 99.5096926187976 105.614965588321
v 50.5711236509245 -375.657870341445 -40.8840352564151
v 120.465374215902 27.4595975796772 154.62039465363
v 47.7315918214545 222.709600373451 49.2415760086922
v 217.64583374605 -257.22980520282 70.7340972020097
v 110.535221111993 -217.616092749241 111.14167330823
v 363.663765713075 2.1941160066502 41.2209517322162
v 78.1394149227166 278.809247697549 29.9418945751507
v 267.939865787085 362.414186684059 -122.034764202913
v 216.140776760675 320.921254678937 -29.6127625703333
v 251.402576266227 199.58909930242 53.3193466835106
v 294.561308867998 -74.9852564913345 110.602995535549
v 136.634063321147 -91.9832203378638 161.354241431875
v 234.452265319153 9.26424589937435 144.585119444008
v 189.919541841341 -181.321333310983 131.078922598738
v 141.026282812244 249.603766617242 49.7068759355969
v 188.677061538719 -33.161376528131 162.947137219524
v 155.794440186055 -156.250244455247 145.862229848379
v 191.180562645816 120.198352892293 117.794411740354
v 91.9963891737692 -58.2070991835576 154.597079337601
v 19.2331086503886 242.563658686124 25.4661444086672
v 195.32054241889 -86.1139958946757 159.0613274085
v 274.28826061139 14.4792112718124 123.01958232567
v 135.919288877782 -14.0107746983613 163.825017283303
v 87.8285478520194 -186.328716494392 118.574204929945
v 151.389051859054 -114.5625228899 158.284797855194
v 199.283333409527 181.701819966139 83.4092604981147
v 220.479838347142 -128.321391218304 142.703601378194
v 252.7399052047 -59.1195522037037 140.226361749065
v 279.512212095214 -38.5649137257113 124.23077235667
v 250.377565891166 -110.822230620477 133.456145109651
v 345.796715842173 278.075450191323 -105.736088401113
v 154.197137854473 -175.802651342561 138.073441213656
v 270.786848739474 387.910805455276 -165.533638819849
v 289.030194604155 221.879316063745 11.927017536775
v 51.87419075789 171.852876800143 71.6313622494048
v 238.761357327283 128.565148021779 101.272945140941
v 21.5164159000296 -98.4023040002276 96.4478747759266
v 114.936583864277 284.98666353764 28.8475509774908
v 177.004317143158 259.461649860845 38.2229049613875
v 337.850663115018 162.146581207652 10.622485285699
v 282.463936184101 170.608237671963 54.3854001421269
v 123.020420457945 -280.424760357664 70.2637208602996
v 159.372325278628 -244.951675324827 97.9696309119438
v 59.1879996728744 -260.453084148988 61.5605299129409
v 40.9942147284731 -48.6739191776348 124.225934047625
v 51.6672895513351 -342.424909697597 -7.42687899097001
v 78.6031116041699 220.165437152016 59.0015977848926
v 263.492964514495 80.7075347583614 110.509124720686
v 141.81789874651 -220.625038414396 114.536959855496
v 111.146473520354 58.2769943357497 142.679765404236
v 102.593797160814 128.004691508907 107.645988673531
v 183.761098268216 -108.67322136902 157.526745308872
v 234.548853714424 -97.8362281914172 144.219173113936
v 167.252406836518 -45.15648755018 165.93844400997
v 156.90240025845 156.503893759369 101.319582122486
v 222.687834332235 84.3032682587116 126.580857160418
v 247.842266553493 -49.9184281413325 143.003297161576
v 192.242527034845 143.506798776632 106.023085210623
v 254.069386177319 16.02376206593 134.553133268619
v 167.747489031896 268.471952792327 34.049571333438
v 18.2672421587646 229.85678605226 31.0756176907881
v 274.355590570859 63.9499307397965 110.129184121406
v 227.525889398033 112.336075295772 113.266757692911
v 32.1592433545 65.0754915899776 105.383545837962
v 73.5190964629294 -196.909895192829 106.274804270716
v 216.834191529988 -163.046163817779 131.172641025915
v 159.71655636338 101.609569540343 128.992112921307
v 244.605298113491 218.79437973894 43.1720443011323
v 193.825047760841 191.998541649841 78.5212032226948
v 18.2985975126266 -394.340676895944 -78.9377549636479
v 295.661674954017 42.3116443748879 101.896090138332
v 211.679665336322 -72.0815154752235 156.568366449717
v 204.308888824547 21.3293060442544 151.993167444098
v 196.8634931423 -262.934895408711 75.3768103022203
v 128.388670381878 -118.820336441534 155.021326656721
v 10.5080365773624 -459.964960991292 -149.641469870669
v 29.2587945473654 460.034500572216 -149.420291842738
v 222.602903594978 -201.011714549418 109.358927861193
v 115.808533507258 -236.411564599934 100.934276206745
v 266.12292200341 232.1740186106 20.3523898579899
v 131.63419793027 -49.4153170197235 164.789466251969
v 17.4767342099689 -277.021028992773 15.2389892912093
v 364.154936624501 -255.010659518668 -92.4275066377536
v 304.428741739952 345.348238880905 -139.601546836609
v 257.820002712501 -171.448681160767 105.680663729648
v 267.293945180054 187.656635493226 52.7360542408731
v 56.1130510910196 -117.025806346744 124.051462845596
v 22.0293401536982 264.143609139807 15.7052289421806
v 44.3315939548821 301.264792399715 6.12446707168774
v 231.269978660644 -387.75133174139 -112.857457066039
v 29.5518868643338 -222.419428820474 59.5183571286706
v 438.497142476899 83.0623118329546 -103.360377068091
v 8.25942689276936 -309.131527336065 -16.5758737655962
v 276.585124015639 -199.02946822285 75.3767595063248
v 350.037436574975 290.207440277996 -126.889797796779
v 10.2256233037346 145.623768517009 65.0603163162004
v 95.2172870623362 -440.437799664036 -122.627374517629
v 13.6976687985704 -197.444674380531 54.80493614194
v 11.4990835468031 -3.18568422928404 93.9698859073391
v 286.968897165233 357.007293782633 -134.792369237396
v 365.082190298695 275.384766209351 -131.673882223621
v 0 500 -166.447990336589
v 0 -500 -166.447990336589
v 93.2100491551881 -490.211427755792 -166.447990336589
v 120.355667780621 -483.542942596066 -166.447990336589
v 146.443817453774 -476.936530020628 -166.447990336589
v 172.643692699055 -468.266026232016 -166.447990336589
v 219.196251466097 -447.973421555645 -166.447990336589
v 250.918059617111 -431.279858462317 -166.447990336589
v 274.858114364927 -415.639040302987 -166.447990336589
v 296.951916097372 -401.204446875875 -166.447990336589
v 318.059464723013 -384.487162099354 -166.447990336589
v 337.132002785647 -366.929662415558 -166.447990336589
v 357.075512670274 -348.570349521477 -166.447990336589
v 375.632396199857 -328.392848344282 -166.447990336589
v 408.69056816733 -286.037198850184 -166.447990336589
v 424.240842642951 -263.019699156229 -166.447990336589
v 438.235188043865 -237.160372293277 -166.447990336589
v 450.207069467959 -215.038251849098 -166.447990336589
v 460.753922840019 -192.495617584117 -166.447990336589
v 468.262064152168 -170.625076511318 -166.447990336589
v 475.791692128109 -148.692132680911 -166.447990336589
v 488.094559607205 -102.400874349749 -166.447990336589
v 492.158637613446 -78.0463504926948 -166.447990336589
v 496.298249116278 -52.3765621642709 -166.447990336589
v 498.292191197782 -24.576363818998 -166.447990336589
v 498.292191197782 2.56527685286918 -166.447990336589
v 498.1411242046 30.2716456549445 -166.447990336589
v 495.544031660066 57.758514281012 -166.447990336589
v 491.142821295468 84.1337687049536 -166.447990336589
v 486.58399126717 111.376210656674 -166.447990336589
v 479.910121742523 136.695615247506 -166.447990336589
v 463.204367634278 185.357651360339 -166.447990336589
v 452.280202350529 210.984713991171 -166.447990336589
v 427.687369549791 256.651062167573 -166.447990336589
v 413.395004630046 279.767334480305 -166.447990336589
v 322.691466238762 380.223126050523 -166.447990336589
v 297.930219646532 400.565307520891 -166.447990336589
v 274.764040366482 415.700528734476 -166.447990336589
v 251.59496572039 430.837629396194 -166.447990336589
v 224.792790843329 445.518557518478 -166.447990336589
v 198.277650872699 457.149141320785 -166.447990336589
v 173.444083624267 468.042168720599 -166.447990336589
v 146.089706567351 477.026235572061 -166.447990336589
v 106.70575664804 486.999552488161 -166.447990336589
v 52.7227330172813 495.631248212619 -166.447990336589
v 439.43107581135 234.950649247738 -166.447990336589
v 471.199387604684 162.06897777832 -166.447990336589
v 197.741246216341 -457.384427908687 -166.447990336589
v 118.731659506985 483.954186165941 -166.447990336589
v 342.330657913518 362.143977918008 -166.447990336589
v 392.000002031836 288.478830556576 -166.447990336589
v 343.58061791175 -344.007532015383 -166.447990336589
v 66.4063377022883 -494.497382233526 -166.447990336589
v 478.14506596609 88.8184519138116 -166.447990336589
v 476.795622206543 15.9694676031398 -166.447990336589
v 251.461601096785 -416.371898085147 -166.447990336589
v 359.823646810043 327.735625650505 -166.447990336589
v 443.376139034461 199.724076695707 -166.447990336589
v 388.555735542345 -293.291030511571 -166.447990336589
v 363.598645375059 342.105860678034 -166.447990336589
v 25.9119133137566 497.852857497703 -166.447990336589
v 372.747925876597 -305.92859214604 -166.447990336589
v 26.1815633249571 -497.830507303688 -166.447990336589
v 397.295321748821 300.824798352994 -166.447990336589
v 97.1552076206034 476.409573400831 -166.447990336589
v 381.082440214501 321.655102981059 -166.447990336589
v 485.716295780436 -44.7269384094688 -166.447990336589
v 471.28792485052 -117.290300574552 -166.447990336589
v 153.107819875723 452.228238149445 -166.447990336589
v 401.361990345732 256.07338584613 -166.447990336589
v 483.115241156054 -125.65831480553 -166.447990336589
v 78.0192635814256 493.535155585288 -166.447990336589
v 53.2137102693554 -495.590560700333 -166.447990336589
v 462.81207093342 -29.2506291071656 -140.679499233744
v 422.071045171266 -193.78621429874 -141.452104804123
v 444.108920622778 -135.156944078291 -141.804831502395
v 251.492485001242 -389.121271644766 -141.617762918285
v 455.638369797167 -82.3522360099215 -139.590346341654
v 456.688219365122 63.5456843045255 -136.660629574488
v 333.697844679359 -317.876015346456 -132.865934900996
v 312.235842294999 -343.46983206369 -142.811898227376
v 425.581295528996 175.923621767667 -135.881750711016
v 435.879325207006 -162.231740526439 -144.117047966056
v 273.914428218542 -375.205405902381 -142.927116017317
v 381.799424279321 -265.19427144209 -142.945415238667
v 459.363486792813 -56.2754646173571 -138.303267242794
v 355.760483129921 -298.737544211478 -142.43590700897
v 196.225699878547 -418.988445457653 -141.122147366004
v 465.76072187063 -3.3772643222837 -147.239331973019
v 416.785579858005 205.672441144066 -146.277041829912
v 409.893999125295 215.476569631267 -143.133487041713
v 235.780349404647 398.404932687819 -145.929585205797
v 97.8159225321957 -453.553096695575 -147.510480463137
v 368.040289272466 -201.960746963802 -40.7082147884122
v 445.83333968282 136.962115913186 -149.404570513084
v 415.459273628854 -25.0071622212639 -39.0236419336372
v 148.084423286261 -441.462860834993 -147.729512364483
v 387.328913074508 257.474412837545 -146.940588612678
v 338.796660474647 316.410223588293 -144.787655378295
v 405.651551332046 -136.192050137581 -57.5389363237893
v 414.763573044244 12.4701272513376 -38.8077149314027
v 464.308873585779 39.7378766706135 -146.300077768516
v 416.800056688219 -85.0171093274979 -53.7584835494953
v 419.631978657597 48.6610074959503 -54.582304081501
v 360.390655993433 291.711811518782 -145.559651397928
v 151.288399792143 439.728384187644 -150.306108765187
v 376.075514194151 193.331070376189 -63.1261102077908
v 208.89255804574 416.180321365312 -150.991535879935
v 240.152199741652 -351.457816802571 -59.1068405308577
v 321.707702130837 334.283165783072 -146.921171881627
v 358.112790254096 222.341304733212 -63.3640826286673
v 355.673393567106 -232.495886802363 -50.6750076066853
v 182.884945264883 425.594883431039 -147.340352310172
v 385.349447823218 -170.689879374987 -43.6574784511112
v 169.253041277253 -433.908342870263 -148.311265056538
v 328.585136206654 -278.728253642193 -64.2946761329897
v 413.637580428951 137.289558954478 -83.3010652407243
v 389.604162825227 163.897172852845 -60.4284862365981
v 365.303558811234 -142.339775776758 7.90092692350087
v 285.983050425593 -262.224641800044 11.0237339694503
v 67.9517393276554 -463.420047006522 -156.579681235437
v 342.140935243869 255.299332592729 -75.0843719824063
v 14.8820544704706 -61.1333491308568 94.0791605775087
v 8.91526777945235 -276.715110712194 5.7051540976033
v 126.170312034106 446.330529907861 -149.208612647264
v 254.768134515659 346.221293334613 -87.4292413175846
v 210.291565900309 -369.237396141442 -60.6471752656498
v 42.9858297230151 -460.046793178924 -148.723105478185
v 164.284262974415 -400.795336733611 -81.8639096686431
v 381.289992243467 -15.9057012932127 17.5695129130786
v 380.764102337475 64.0446777838564 4.14647450452414
v 122.33260593611 -447.813566872542 -147.004159675882
v 8.24711444391447 -379.29528822353 -72.226848881703
v 177.933272479851 -366.970832488852 -35.6900025550335
v 14.9975849726439 -104.767264635948 86.5846325653502
v 331.768997537923 -185.782901898395 26.1739804501837
v 257.943385942642 301.751112303121 -38.3165884663856
v 301.19278921786 300.941882892095 -77.5708056686187
v 8.49895652531693 19.9025620433766 88.2785867870733
v 377.774916275665 -104.715979829966 6.91427300533408
v 336.031662097576 192.647154439333 -9.85552440920564
v 13.210793315057 -148.145746631089 72.4477284837476
v 384.329974200765 -67.5978760712219 7.99006975165379
v 296.09905301212 361.36911193028 -153.136544954621
v 8.15987963658585 -320.286001209958 -24.5592868738834
v 195.627197239954 378.724266164397 -85.3326153333506
v 109.477841052532 419.660221175488 -101.673007264321
v 354.726634269044 -45.8837704828099 52.1890110191536
v 13.6979703991999 -185.249151327576 59.6155995210963
v 149.930727097528 394.017995969854 -81.0135419317577
v 262.935301775875 -325.249242760188 -42.2707854264544
v 282.851331081043 215.133417959295 21.8377142253397
v 59.550491882054 -419.274375553358 -89.5909177954784
v 229.458901802899 -318.465958876659 -1.9623710435077
v 323.536303572526 225.134545628175 -23.3674421422051
v 216.819714699773 356.949411859724 -71.2956140791999
v 356.258663874924 163.190894022999 -12.1115828356605
v 259.549983923099 -299.635133082706 -4.33998107154449
v 331.348509115069 -230.28936389824 -11.209958071798
v 126.889162848085 -372.380747746059 -25.9381906654415
v 372.556679330083 20.5316596847708 26.5659644388095
v 206.217595393422 325.788187211321 -29.6708381525939
v 283.403101495787 269.945109955335 -26.8509198882693
v 7.38314610601205 -213.177953768624 39.5016725818487
v 10.1177685375811 378.863370724192 -76.1747693739355
v 9.66795421562756 338.485027655825 -44.3979778407986
v 343.092748733531 -111.816014218787 52.3405669228304
v 177.12577012927 340.881019250121 -31.1172798493191
v 333.221404577624 -153.778973343838 45.1485538662534
v 49.7574019778906 425.756973133543 -105.28519863481
v 274.815090241448 -226.615728542671 55.8137045294192
v 497.719873843314 -38.3407673126381 -166.447990336589
v 8.3861618583272 -15.7125562501048 89.1751724393662
v 6.92646719499478 -487.432435109513 -166.447990336589
v 319.769152973363 -21.5338674648734 90.7738843570484
v 9.52785278638345 -406.722100227413 -96.6528425637095
v 296.389122973307 63.2607891751915 94.8682049695656
v 498.292191197782 16.4938828407909 -166.447990336589
v 9.8082016830712 232.614292034746 23.5223553370993
v 61.7071395662945 -380.774871067318 -41.9839727520657
v 2.44072292600687e-07 -442.719449697587 -136.178005072478
v 290.735158836225 -141.19143296745 94.6869779134367
v 49.2011678738311 460.338514006714 -150.881410378516
v 325.392334797779 -59.4469952449962 84.0410979431218
v 310.576797552451 390.717405670752 -166.447990336589
v 290.483642959714 -182.041225440819 73.8459045555283
v 307.645925178662 -392.947091503218 -166.447990336589
v 401.535229747295 -295.37734492902 -166.447990336589
v 118.275486967551 378.574215089124 -52.3234582302812
v 261.03977674188 -263.915459375221 34.0993481362732
v 457.747669357325 198.58462316811 -166.447990336589
v 174.26651996812 -314.631554511869 32.623270209274
v 373.338986916501 331.603885479638 -166.447990336589
v 90.319032510897 -330.835038805524 19.0779684613365
v 239.247499445055 438.071117301438 -166.447990336589
v 227.67477216771 -280.888501485526 42.5408068826407
v 278.730768039019 -17.2361410383595 123.564876263738
v 159.83882208382 472.79417553944 -166.447990336589
v 413.121316345154 79.3817999830342 -52.6655209652439
v 42.4769532672682 310.664522063959 -1.47162217454181
v 483.352457987985 124.042713252598 -166.447990336589
v 29.8385630247533 392.577602159435 -76.1094966482328
v 80.4801405827204 -492.807758361893 -166.447990336589
v 8.5747876541084 48.6390604943558 85.8877382771962
v 53.5734531506916 -212.008124295524 85.8559273476466
v 445.106298030694 8.05941726059767 -98.0838264344888
v 52.8492592434561 -352.370517452708 -16.3014394159894
v 160.800845548476 364.190671536977 -49.1515212354781
v 185.276200141924 -462.852098099065 -166.447990336589
v 247.617901083121 190.063979970162 61.5269665249969
v 249.802810333714 -192.582999223331 98.9587857342775
v 7.08023668855462 156.74629177264 59.3454034540193
v 8.83320224817554 -351.767747958894 -48.6177579656853
v 71.6177870463355 395.541898232455 -67.8844665135678
v 48.8598258056356 -280.530923779235 40.4370218518863
v 80.6357665075231 366.823600585778 -37.5062510698885
v 310.190621757 101.88809613428 69.3298700691789
v 71.686158321663 429.553255178768 -108.84920374894
v 262.998466471915 -423.387344609006 -166.447990336589
v 114.549760421159 -304.011529652358 48.9726117420808
v 46.0721216632811 100.003860488057 101.114557189321
v 455.554912140879 -204.279744679511 -166.447990336589
v 42.4772770911019 -126.148787273393 110.177249737512
v 43.2703661063371 -161.972160801519 99.1908785302512
v 306.091342195185 -211.071562273482 37.7249718463749
v 399.262697576985 277.681934388974 -166.447990336589
v 227.597460814776 -247.48707625429 73.3372979529762
v 65.1687147571728 275.481176818988 28.8562624735671
v 163.229156031276 305.148062415965 6.78554509456418
v 304.56804948333 180.028780954384 30.8742532368414
v 51.4719063140822 -11.4583587312811 133.121476352225
v 302.821711994384 -94.7851854278767 99.9419974368391
v 70.7056197531015 -296.338301679871 41.9096583569661
v 11.1765311978231 418.610777974697 -110.368864554269
v 74.7452839820731 324.173588877324 -1.28610951236321
v 474.922980723466 -105.671222042574 -166.447990336589
v 98.5080483556607 117.586491441146 111.99207279255
v 224.262049929317 222.704165212634 49.4807961037516
v 197.993358944624 253.495189374718 36.5691429919697
v 244.854604368549 -214.521784581719 88.0067842998014
v 186.104858982975 -240.086393659047 96.5209827685084
v 253.794580382727 77.8015079269535 116.551372682882
v 91.7786906646795 234.437382121775 54.8765583545787
v 184.054419166714 166.231714112573 94.6572940620106
v 339.638348462891 13.7145504969616 67.7652294983956
v 92.777103038966 395.448154407331 -67.7933450265485
v 126.81181339823 -241.08943480931 99.6993644925515
v 284.733039631466 -74.2487668026473 118.188321210893
v 50.8142518551931 -322.214924545237 9.73999152597474
v 8.51828515723615 87.845462885217 79.1743050994507
v 66.4147888694002 -229.535578207139 84.7804893473388
v 73.3451713167769 -121.469139207675 134.200216085739
v 44.7333545660176 24.0753877123713 124.460865064259
v 172.561695424763 -200.276202681719 124.411415260001
v 232.237869051229 -3.16366381174686 147.134832117026
v 1.30439317916664e-07 486.611065479465 -166.447990336589
v 195.05066382616 130.832524408698 112.017991398223
v 217.70742376933 167.81984778502 86.946496175323
v 58.833241138783 62.1421746637185 122.879792021286
v 207.946268609711 -84.2711271558413 156.032901517426
v 330.040540204189 158.912546230614 21.0993228653152
v 9.09422568768753 101.013111436543 76.5585768107594
v 347.156140995183 -357.701775265751 -166.447990336589
v 84.2737113970243 -80.8525379915201 148.287352888737
v 116.804666415735 -121.847657521882 151.537185389272
v 433.6377023391 245.655808028088 -166.447990336589
v 119.163970674514 294.557448379941 22.1411038227467
v 142.733418568846 -41.1498374785324 165.616347236678
v 72.4537985932585 153.067640322391 87.2016503078485
v 218.177946149239 -152.949806543832 134.725318655351
v 357.001680836182 -3.09498815788939 49.8850901601747
v 493.355388911154 70.8745034066267 -166.447990336589
v 243.090894683346 -63.7565888625935 144.579874767799
v 271.636003724355 -62.5126164305419 128.623741087225
v 267.192632766502 115.010466494265 93.9611236153674
v 263.978573275365 -97.9714468652075 128.142462676446
v 165.277284634292 256.882259685888 42.2972342142865
v 146.914098553181 -6.80696112031363 163.429444247187
v 93.288001806302 -22.5493282115832 155.332172139162
v 194.909629022336 208.399164813886 67.987023426559
v 38.8187693881584 496.783349918193 -166.447990336589
v 129.935786368718 341.471546933122 -16.7912737604151
v 179.398721365719 -129.373971065642 152.880216167013
v 133.358693184156 -480.250149466922 -166.447990336589
v 114.840820902308 156.12625167436 97.09785270511
v 431.281839502241 -250.00911786324 -166.447990336589
v 258.149134717318 51.451324452179 123.312496857004
v 261.998777850755 150.166712128993 78.9141920176282
v 229.482572690196 -42.9259127895429 151.387908951405
v 21.2403465575368 -32.2792486575915 105.180552740616
v 216.325343646932 35.2885721172186 145.242850096741
v 10.5053396327863 298.561257056185 -15.1954746698648
v 124.130628248715 -422.113840713215 -99.4870503483836
v 136.150816569418 213.118827346275 70.1068504360574
v 145.124051196167 38.9006047505337 153.225552062491
v 211.357517767134 -201.627322705816 113.650469887431
v 436.607433572938 -51.5037712142708 -83.9631389425209
v 48.4840218970946 234.135654502574 44.4147087388751
v 81.0962630475607 17.6331395342931 145.877278132418
v 173.534932083348 -168.964139621662 139.679074072099
v 129.78106207106 -192.837981919709 128.215824648505
v 9.24279098301741 -245.959973850273 24.6928530936986
v 88.1517875329602 78.0369151551078 128.390219656691
v 197.634308157364 -41.4831823679319 161.224267434294
v 213.688554110074 -181.702988271736 123.671788924768
v 227.06181809685 294.053476902852 -9.58313141964877
v 114.697347895501 -17.9338004396893 160.935061003331
v 176.923361184723 -66.1880677393744 164.079212643302
v 136.806083621219 121.355534187416 117.42892257334
v 131.223970278306 245.075566513923 52.3841783738507
v 479.620686730029 -137.320607945596 -166.447990336589
v 136.078407020399 156.423814030131 100.054954809432
v 77.0821174065851 -177.753429611874 116.917585691406
v 94.9010699139467 262.835767218666 40.9261133063404
v 273.247401916935 401.274824589074 -166.447990336589
v 69.4451386550161 123.38319204455 100.358199956011
v 126.544588891039 184.323485025116 84.5291639554357
v 246.412793860605 118.887031452311 102.693306320076
v 284.206616368571 -333.485543234164 -80.9361670839549
v 201.453219774029 -117.341655224891 151.799076327436
v 104.105959222071 46.9558718277328 145.187901636796
v 294.789255449003 334.340742930608 -112.139825353552
v 160.556695076811 -235.559107881847 104.503183124791
v 168.828552677629 197.142857868513 78.8127462648508
v 232.412530737866 -110.143076798822 142.592675841421
v 176.130500751017 398.629628331512 -100.315652044052
v 359.023662251995 -265.670355972556 -97.7186166449006
v 146.181723332028 -342.490055433561 8.45466409182272
v 452.096879963711 -115.542109035422 -146.888052957769
v 436.495327031595 71.622206289243 -94.8272761767758
v 419.818907552994 -202.897740750956 -146.321412044621
v 295.229909842365 -358.433667925897 -141.97794391422
v 134.817652894376 421.386646673402 -112.985754799069
v 400.140501446921 236.999679477899 -147.460916368114
v 234.658217277411 -375.953324667554 -95.2360180487976
v 311.950470954145 -313.093353204688 -89.1807282404353
v 372.596173138826 -286.466297177323 -157.493499395275
v 394.046213089798 -248.927444666761 -144.798639990694
v 277.918516272211 373.193253492345 -149.246849257593
v 374.996025221178 275.82973825383 -149.225705466096
v 345.596326034471 -261.564371352537 -68.6714409728836
v 418.929293637357 -149.307855128074 -93.5723508797595
v 420.586204952295 -6.83089630500497 -48.0503201919272
v 437.216933522904 -82.6185588899674 -95.3449815941073
v 252.72403148736 -363.900347596313 -93.659980148964
v 414.222088798337 112.605991985424 -70.103008996461
v 394.008522535345 -27.0195717855214 -2.25470638258046
v 195.698730559776 -397.767825168655 -98.2915562490888
v 395.128699020604 -90.5731961234604 -16.2048065743096
v 448.466192537778 28.1154900559415 -107.813526235826
v 217.956120473641 388.037515816572 -114.201173588369
v 321.370899945801 -264.303946383916 -35.0028642535569
v 343.96039342437 -282.027497850064 -94.1962387671227
v 436.46317322975 160.768374272285 -147.060784400377
v 314.281596189901 320.029786713114 -116.755661075562
v 411.573489215777 171.592560534739 -104.558830028298
v 454.179054515679 110.634336603065 -150.973960500096
v 447.676976709574 -39.7820310027668 -106.116098844749
v 468.877761201384 -12.6030886825221 -155.206020532717
v 391.859195809542 145.96625984234 -51.6150269243644
v 288.163083270219 -284.911815785637 -17.316352519451
v 351.855421674507 -188.667435716524 -3.51416759432671
v 381.763613173001 -147.481133134518 -21.1939635554689
v 226.664797377713 339.638627840316 -57.3123358340153
v 331.860049180586 298.707041276237 -112.265532495912
v 355.612641676102 -133.62858447586 26.8366938627891
v 386.912691506875 80.2911925504771 -10.5713076273085
v 126.780840600956 -427.332458628013 -109.753357989661
v 320.413321122 368.653573516646 -166.447990336589
v 358.39884733954 203.642268890105 -46.6541251600706
v 295.755012411977 274.816766505999 -43.2889320061382
v 464.819727906706 18.1841940443844 -144.678710881446
v 6.51926150196859 -87.5235629460197 78.978563116186
v 358.259869769483 53.7972852641615 36.9664462632761
v 100.757970002992 451.864336354165 -147.854902032496
v 257.391869507376 364.485948077452 -114.889127798917
v 376.425929679178 173.484440963232 -47.2685332634382
v 272.858330755442 -243.971111358318 42.3054599746122
v 50.1435365016765 -301.378041848706 26.0387459026761
v 327.232949468751 94.6417187705565 56.8104469886415
v 236.747884223963 -404.135827208618 -153.202325639279
v 315.117214068634 -162.66255321505 60.6807132556461
v 376.957127756249 -237.633815437177 -94.8958125387636
v 111.02334426969 -473.391484474488 -166.447990336589
v 407.152316064253 87.7614274256183 -46.0451204700855
v 273.794905476458 -309.760278930421 -32.6698659191543
v 256.052305549502 266.33166773592 -2.37566510081969
v 428.95594624372 191.776703275269 -157.062432727186
v 6.8277080688772 -164.660101805134 58.8276281923315
v 244.402571694597 -332.517856027162 -34.0287640647485
v 332.850442152872 175.137288606531 7.11387547665598
v 292.916588567977 253.550912472069 -19.2671228519051
v 281.980206871364 307.854493125537 -65.7313618430376
v 387.991901102423 -187.397335145731 -62.6260754126024
v 139.220603018394 -382.225627240416 -41.9522316668724
v 338.710866207167 229.798319976553 -44.8818055705827
v 320.015436872639 208.659189002892 -5.37636020296516
v 396.943483978721 19.1327296114165 -9.34039053408328
v 235.476361368096 299.223330757981 -19.6528018000034
v 167.407613695183 -388.203923170192 -62.6258912774812
v 313.009793956609 -30.2055855928618 97.1979396676831
v 95.6150379724717 -389.943123835822 -47.1127549509489
v 288.642190156467 0.0081451384283692 115.183566207116
v 173.477951787584 364.493465869984 -55.2270944798576
v 410.807080744648 -109.336691957943 -52.1512982414969
v 164.587908138671 400.382747072506 -96.4243689752893
v 364.968839257913 -57.9360459357442 37.6571085300023
v 272.777946250831 -341.43159596132 -78.9517873297766
v 109.992212989222 -179.876672645344 129.739307844969
v 21.6562284276181 -464.034829729619 -153.82758501582
v 40.7481721097008 -260.910120218646 47.541177057729
v 209.579356649665 -353.468115162422 -35.3537527753607
v 59.0245130832448 -402.598108462444 -68.4854073551441
v 336.028715935638 273.858908304773 -87.5826512714467
v 426.235165693671 138.072399897799 -107.9483639404
v 263.387182062141 -409.653124988888 -166.447990336589
v 164.695938309401 -348.970621177926 -4.95204700791857
v 65.1027880343157 -201.159098840177 98.9442136617593
v 317.201090283101 66.5283938896601 76.5134827545395
v 293.904340153698 116.638906709782 75.7896412438289
v 463.130408810446 76.0459700314376 -156.849166159978
v 177.694861944375 433.126289263322 -156.720004896724
v 358.231297078271 -99.0539899413968 37.2278546404336
v 33.8130211976351 -158.737313090153 91.7924690513308
v 352.521711435629 -155.713573120438 18.7992847175977
v 376.637926348999 112.096090087537 -9.34432562861191
v 8.94293170034688 -265.991893990998 12.552344376615
v 213.005933468552 -316.608124397116 11.9209704441542
v 68.7562828173232 -438.626976785768 -116.275601766275
v 194.687574765209 399.336021452123 -113.462855247445
v 40.0173017169521 108.60313573222 94.4231122848349
v 243.460942781979 -294.583278092797 16.0715514793543
v 103.941482112479 391.546470878967 -64.9462033369856
v 253.440837766545 320.8732525577 -55.3653672568642
v 8.25480922839511 359.951220701562 -62.2875525166064
v 347.010610754609 106.306164386693 30.8738595686514
v 199.654968879895 334.022735226903 -34.7564692382597
v 329.854525634911 -69.7358499143835 78.1721719258197
v 481.31732043524 62.1307963831291 -166.447990336589
v 154.744654112969 -334.311509892755 16.0725181887403
v 59.2423830284818 -371.861334316742 -33.1492966292352
v 171.770346168948 -268.814952076612 77.5293943148218
v 287.818712496755 202.622998451233 27.7257299751151
v 442.505802161162 -155.064490468912 -154.609067168936
v 195.202187982402 308.069588344983 -6.91002281751625
v 200.430190438892 413.815797828272 -140.550198281778
v 11.5875358682517 176.815775478078 52.9923481063036
v 227.176997789871 -257.529958149262 65.029178432266
v 271.101300730496 -382.431782382256 -154.21631330502
v 53.0372199304807 446.252151841123 -131.084383157503
v 441.720345229224 -203.429103914687 -166.447990336589
v 44.2121823288191 358.921283124638 -38.9189293698312
v 312.028849020884 -225.559021528824 18.4500692856014
v 49.822300083864 384.879839769427 -60.8283007299878
v 39.6166713144911 -424.914726390449 -101.375419510602
v 253.340007914 -100.563872536844 134.017236571216
v 368.664393042385 10.4946820189641 33.4035935810243
v 333.947201730311 24.9924456979178 71.6976254950695
v 242.890225498219 75.7312577114519 122.304261826427
v 26.3512866981296 236.240509421877 32.7742546591265
v 10.4896254463054 398.785800312192 -92.8757613669785
v 356.279413998231 306.565979042629 -158.64232476559
v 209.8263897884 -439.133919822743 -166.447990336589
v 76.3190805130182 -315.654583847007 28.3642788278136
v 158.71634708429 223.438877044979 63.8885375506118
v 318.980953063069 126.410309941316 49.9688462423482
v 192.03694334683 270.027754877295 26.3240870834673
v 293.91569303634 -127.964550052498 97.3834780254416
v 356.569788734791 23.0548918225212 46.6642017958381
v 170.170440547722 -189.070945611311 130.647830532702
v 146.422533973565 -81.9706445440383 163.501447429042
v 2.44072292600687e-07 -464.540248889729 -156.62586740341
v 2.44072292600687e-07 449.480942141951 -143.807777156375
v 62.8358497619958 328.898343698236 -7.5744696400552
v 286.485269444288 408.042666520374 -166.447990336589
v 311.030760470431 293.132420327908 -79.5865518882612
v 384.700022299398 -317.007202350021 -166.447990336589
v 124.855193600936 137.580416252045 107.676440812877
v 130.901949698857 331.880850099789 -8.27696893780195
v 80.6926579104702 -421.533370617521 -90.8745808703674
v 100.643247473031 407.872576464331 -84.0397137549697
v 105.980162678935 184.515417316219 81.1942038835494
v 197.698552266183 -170.881164018423 134.015560306665
v 272.793515192798 -7.01953797450351 126.809387894221
v 256.364395531383 133.977184007623 90.5025453823229
v 423.422393776893 212.128243889381 -166.447990336589
v 111.142028879498 -144.7481869675 143.552134113355
v 99.4740021527301 354.697883792198 -25.494910759231
v 57.5869193965651 -22.4570638169153 137.708079036382
v 75.1020680024971 268.524805921582 34.955735186774
v 280.452291733019 332.600754928599 -94.1990642888092
v 30.851010939912 482.331257305085 -166.447990336589
v 212.144765254388 365.438929872711 -79.0332385481923
v 207.820028110449 -281.864976382448 52.9440602581549
v 298.831999179138 -84.68663123145 105.467352716031
v 322.978767823645 -342.289995799179 -159.357403984328
v 87.3620256488795 -456.963279139192 -150.442889412764
v 267.650329182801 -278.612159623054 12.5469504874628
v 125.705097825275 161.995831688816 95.9956071709582
v 252.935545596174 -121.098430762401 128.953330255102
v 19.5068191584847 -485.631873002134 -166.447990336589
v 36.313858694962 -196.876065126434 78.8424618637116
v 42.4319100069438 67.7325740870835 111.471059292525
v 186.008448373338 462.530915651892 -166.447990336589
v 229.502103712012 -16.5180839102477 149.814264808146
v 175.495844133811 -149.086385023745 147.149220054423
v 488.902620712636 97.5585270307818 -166.447990336589
v 148.72991212818 -365.378508155027 -21.0248798931051
v 7.48295527853167 -42.4685116243867 86.5603902242283
v 90.3076923272292 252.424005530657 45.8461465979703
v 69.2689276935667 463.047662296696 -156.906362338298
v 19.4707366115988 386.225905601924 -75.5932135159751
v 420.897659985483 246.153404620293 -166.447990336589
v 241.125677680741 -161.509918152574 120.449741779065
v 215.081885523322 95.0690455908401 124.437498952335
v 10.6036042926087 210.50789292022 35.7271692768138
v 87.0408241532451 -46.1966731990188 153.115591647732
v 341.205757409978 0.108902220675117 67.7462381829699
v 230.524396506665 247.267257016564 28.3779143510088
v 189.968890053808 -281.551540309337 60.9182602608979
v 175.305384923677 248.412856847515 45.9467224710374
v 292.568814469516 -200.629500833815 59.6008941093524
v 30.9103405458425 -50.1713059827914 114.040531568887
v 413.844878478439 56.7067725659496 -46.2282587217822
v 2.44072292600687e-07 -419.671955027346 -115.003761436061
v 280.964669930811 -164.601635729427 91.9168110539996
v 275.790117455349 51.714520209909 112.884848752681
v 55.4682162462544 -68.2620006572989 133.371773127244
v 136.64850205444 467.254730748737 -166.447990336589
v 188.350748706102 -324.612693995874 15.7547041443863
v 134.280410105742 225.289549303258 63.4917835099253
v 17.3340945733221 97.0124457563331 83.9038347345381
v 211.179795627794 440.12103645977 -166.447990336589
v 425.284495111657 -234.725623430724 -166.447990336589
v 15.9782965647244 -339.177832874392 -31.513738638863
v 178.297872718693 40.1452692766614 151.61005210135
v 63.790799898205 416.649472256044 -92.6557770425919
v 46.0659118650577 -229.200528480497 70.4708538231277
v 233.277534042139 -73.6295267397213 148.154674009721
v 127.26528105623 78.8787174341165 136.279330185004
v 296.179081945462 388.212279095 -166.447990336589
v 76.2727864037674 -258.512147584427 72.2922105002227
v 37.0531072357229 338.260789175191 -24.8439915186093
v 59.1019577754039 431.72681154672 -111.713825576038
v 55.814415671956 297.015614150314 13.0711053961496
v 103.958378097216 -15.8667456034883 158.34339092064
v 92.5947394246755 490.353707059055 -166.447990336589
v 106.280899778174 293.558750278742 23.2103256753441
v 42.1039399582356 -104.563312766075 115.495999061292
v 498.292191197782 -11.2458374351019 -166.447990336589
v 115.710332342305 178.334623549079 86.2063555316476
v 71.7167311012601 -482.235456246193 -166.447990336589
v 233.947836679005 -236.035649575372 78.7726937012582
v 110.699926803115 -363.368336784914 -13.481084624438
v 209.868537682681 -134.550060116942 144.335216337179
v 342.735831373882 342.458688968097 -166.447990336589
v 255.162082083119 209.043675834818 44.6356327873282
v 250.903684378687 -28.5331593065954 140.950901703339
v 164.054170266826 330.887536363512 -16.2176753969572
v 464.866764905929 -139.376355932935 -166.447990336589
v 24.8224683452678 -229.835324786416 50.8375322490441
v 302.465099410107 -53.1195124559155 105.998309512598
v 169.566020187305 83.8051954549864 136.458347619679
v 242.088539277672 -199.054662987012 99.8761596067991
v 126.856793163685 -291.477972613901 61.4076787139292
v 149.008781594412 184.681735777022 86.0650540493726
v 298.530398549676 81.2921574185119 87.0242329438812
v 2.44072292600687e-07 288.473649375236 -18.465850935381
v 73.8336754436894 239.112966515854 49.4597348555847
v 467.199718793923 173.719676755239 -166.447990336589
v 84.6919838489371 299.541338461687 18.1149846367814
v 202.904077538919 -96.7455133255412 155.619321336359
v 352.248835885065 -333.608901066358 -166.447990336589
v 85.7981533660154 -104.098244595444 144.645591957587
v 416.603451174731 -275.154279833572 -166.447990336589
v 136.427387521379 10.341206982861 160.13201599258
v 126.485170392292 235.044850235922 57.8670397117231
v 142.488607750539 302.716589888671 13.5283819526247
v 186.452010831717 239.380660885078 49.4805389495307
v 109.989317623179 100.936809652033 123.084601071895
v 32.7302241419684 -316.054449136292 1.79698456833394
v 132.211975843504 -105.780807837603 158.342616283234
v 157.987806953247 -24.9421307760648 165.339471509344
v 85.7137115392528 211.134612678757 64.5055489436232
v 406.319263378242 267.614797453907 -166.447990336589
v 129.141287767383 256.070134908819 45.9717616727698
v 356.944357668123 -15.2892486550517 50.4538359282417
v 66.6653523228709 199.325798778156 65.0112792285932
v 5.73736107640058 -4.88518730732482 85.8313802311518
v 99.9998349133397 -69.062747153779 156.174456979178
v 232.186082635779 42.620905660339 137.901154235133
v 49.0303285783296 255.464952609969 34.4995943947745
v 14.389134275394 134.933924699149 70.7475771627749
v 204.786179757531 -366.045610650477 -51.2256700359584
v 92.8626115795339 133.654109413343 102.567110267222
v 166.153488433521 -218.822393675301 114.625471703384
v 376.454222992965 -293.888415640463 -166.447990336589
v 464.450238562923 -181.728652897931 -166.447990336589
v 143.065509434576 -267.578351398894 81.6628341163521
v 264.737387760119 178.766820425842 60.1238188049453
v 73.5704638122421 -354.441085142556 -9.7645322929826
v 75.389350538919 -4.6824469989277 146.754332762895
v 419.440630519292 -175.106303110283 -115.689810800528
v 141.105194235885 346.597716318131 -24.0432974053965
v 62.1580420315717 168.519637439216 76.7541981537724
v 102.657234884792 427.528683172285 -110.782813005578
v 2.44072292600687e-07 -361.990117150574 -65.5778312489238
v 360.801518594092 -234.657810910247 -61.5947155506046
v 94.1984483885764 68.7644927039316 134.250072257161
v 256.26107667996 160.71607989788 76.0208959075271
v 278.056909689469 227.375431955596 16.0742246133543
v 221.600776770834 124.461461916031 109.164531969159
v 146.761901351323 139.446111396415 109.265260229912
v 303.965432377202 -378.289046931852 -166.447990336589
v 58.9487827525585 -158.647950411015 112.917942278592
v 159.059092389099 12.0217423576305 160.208819386558
v 101.614630081431 464.284593147735 -166.447990336589
v 11.5294055216662 428.064173502524 -119.409187859984
v 147.287130910674 -134.135743395391 152.935634488991
v 218.004478166146 -191.460460728931 116.772131644675
v 268.507128949952 25.3328670905076 124.420393434529
v 308.980866710046 145.654195258406 48.94061667741
v 110.304569649554 -402.467715398725 -65.4722837275857
v 141.890930545248 49.2947275638339 149.716952571364
v 10.6184946331597 -441.357154576482 -130.009745192549
v 234.772584236103 264.093448193012 12.4695986565502
v 331.501582546124 148.598477748604 26.0368807408886
v 250.446013360336 -269.559873883951 37.5009270250927
v 323.844685454037 -194.777229520746 29.6675427688741
v 97.4621608675533 334.687348723474 -7.65573116754874
v 226.831382516967 315.142764404065 -30.1363126903894
v 173.903240422561 -78.2159516382438 163.454461225715
v 33.8692109822758 165.404807729916 67.3196542526578
v 199.087553329341 -305.587015146828 32.5538036474501
v 69.5033761491936 -56.2201669356309 143.76138780482
v 330.291217948425 -222.02156996906 -1.52990381749568
v 24.9442784900209 293.092469356106 0.415853272587474
v 389.509428480141 -206.031250650822 -83.8509752557954
v 426.255992010822 -112.591743736739 -85.4874221743386
v 328.773512785073 -298.255465765344 -92.7256467968362
v 442.172987453922 47.7764350729404 -98.7292644805129
v 233.089208259616 -396.032916756194 -132.074103084174
v 399.583829228263 50.5107273311887 -20.4919531682162
v 366.120636188113 255.657088084654 -109.522300160058
v 198.203577758103 356.316190226565 -58.8744175615634
v 284.513931536276 232.992492874606 6.32393937852746
v 328.081215525461 -330.348414126745 -145.993334054635
v 121.285448550615 406.485010385221 -87.4080022837835
v 449.251090714866 80.9362940736937 -126.46666798736
v 189.542229929653 -364.427405807901 -38.3306652789228
v 404.105222681586 -0.71404157367843 -19.0166371796493
v 226.448127485507 -335.250141847538 -22.3378934713559
v 393.079541800704 257.632946827365 -157.520433918858
v 424.028718983391 -63.6491174467138 -61.072267066532
v 306.607276105662 -268.377370834927 -20.147774466732
v 407.909987641359 -177.957489423025 -93.6391411328399
v 263.781993159825 -341.875450496098 -68.8138282174247
v 316.973296089783 -295.511293705423 -69.8348955610991
v 384.546644092971 -121.845905063487 -11.7011900970354
v 257.895967974204 -375.606718874688 -122.022877963369
v 431.505544625972 116.384825640549 -105.137782596615
v 175.830665278923 -408.481466863552 -103.006970974717
v 461.876207354941 -4.04490096832216 -137.374972252742
v 338.651181029968 -247.625139498228 -40.5212192234019
v 353.440152021956 -276.048186002378 -102.377025676817
v 459.447249224474 -99.7046282172215 -156.906197251637
v 421.367242641326 187.380280423821 -137.222952836519
v 369.604523476085 -160.925854247273 -10.0067191858129
v 80.3090155603067 -142.443793071745 131.663240483516
v 370.179507615067 -24.1316314676509 33.1676783939151
v 158.894932753854 -186.07637518458 133.08049676354
v 403.800294920969 -160.689970807599 -70.7172901100899
v 395.484498870553 117.22338968122 -40.4671882643195
v 128.643030828537 -379.59861591344 -35.8080934878138
v 413.537207739466 160.082464596531 -99.401122741678
v 236.668490239315 -181.110263666255 113.366266852173
v 388.076882635575 5.28746857638915 6.29666079212135
v 234.447719086507 99.2019710839285 116.470645305977
v 383.900215526985 231.564264681157 -112.068901584476
v 125.232645201337 384.652578933012 -61.1227645361344
v 291.087758544759 316.877647418578 -85.726404163638
v 363.69805294253 74.1203166819308 23.792033920991
v 290.113950432349 -342.787389207802 -105.061861781321
v 440.45588300283 -11.9872170224157 -87.8352910071455
v 339.917979867555 218.683314513454 -36.2146257383818
v 393.381650389122 178.98015048792 -78.2607853654993
v 256.862474684596 293.352722126641 -28.6854961971653
v 48.4834726664747 -405.640884193994 -75.6934782641823
v 341.512158251565 -131.992867748314 46.0193669510729
v 432.717331508745 -176.686830097381 -148.735080610546
v 338.48632295116 288.448251427492 -108.369779388346
v 137.710072775279 -427.966543791395 -115.671460783283
v 298.61040208507 162.764233898844 47.3249611538389
v 375.357488813474 -82.314742289564 18.0079306996677
v 206.555489690211 393.16492970102 -112.984942064741
v 16.3977182737726 -73.2501448952919 94.34584537831
v 241.597647743672 208.724576019359 51.7743101536423
v 32.6348389744715 -353.818175076181 -29.9702291606029
v 329.973794397518 -165.617147272032 42.0683256860113
v 309.656579109782 212.646793788475 1.38688301321125
v 210.52140462842 238.012752817521 43.6050729606845
v 324.844983625943 257.619689098642 -56.027415560713
v 161.33792325045 413.780012119901 -114.362679138075
v 33.4339790507568 264.600315036144 22.0300417720047
v 182.834047777603 383.895974069711 -84.207403704951
v 288.947981447307 286.072324211914 -48.4844409632324
v 51.1549780231558 403.845681053588 -80.1102766192081
v 103.635443191648 -90.6941348011315 154.331899365204
v 345.721461723007 306.605676034954 -141.903108861192
v 337.352355380276 351.096404006171 -166.447990336589
v 360.540808660497 116.222316871907 10.0170775800632
v 414.383594348042 -220.338371778207 -155.778642662558
v 70.7076769868687 285.530916159851 24.4100739308861
v 98.0945634168977 -260.944712223473 79.4281575871543
v 211.180113102141 -26.69207477359 157.001820524894
v 292.139614550586 -236.391931986328 30.5336540586174
v 239.422135733744 347.585188526426 -76.3048830602292
v 57.8737638183884 82.4282838149546 114.571970926461
v 461.105430436799 89.0725583809926 -157.44609412581
v 323.275695230723 -361.646508315542 -166.447990336589
v 242.395092506945 -367.431881434253 -88.2609034659563
v 20.6297671947916 445.112850701212 -133.004848976183
v 349.933609764597 -55.9499073736846 57.2029913194894
v 404.470241986567 214.364266509809 -131.112765364108
v 277.960194304459 -293.308301116037 -15.7923915240953
v 168.765235593903 -251.442247860604 91.9382977177912
v 361.969316231371 32.2761437584797 38.12271323228
v 401.014597216486 -83.3498102519324 -23.7699583422861
v 302.89932812269 109.122993625623 72.1176504053766
v 87.3022134819418 -451.702957794198 -140.766436408872
v 324.214479573193 73.6486450448858 67.5879581726278
v 457.55733713693 -160.805531469835 -166.447990336589
v 358.167421239694 -109.318976889391 33.8765319407131
v 411.5692985544 -44.1802380600438 -33.4125717555519
v 195.050486040526 29.1986522071071 152.037309077277
v 65.3267153900896 306.395254037893 9.66598349361978
v 196.953020908099 163.082609872792 94.5481654300406
v 23.7728727567898 -261.26360885535 31.7909381900305
v 309.903523355699 -191.005850163283 48.4484298480746
v 401.445701981497 -273.377871174498 -166.447990336589
v 179.415966572237 -299.032261997102 47.4140063586302
v 314.666070322854 -143.386679182775 71.3044208175803
v 58.9159940020207 -427.14547893672 -100.291143024479
v 221.221636206908 414.384305490579 -158.014563691195
v 68.8141139443368 -276.493539016073 55.8643416877343
v 466.455152557853 -68.2903511164684 -161.335904113604
v 251.639818496106 418.359414485872 -166.447990336589
v 226.51058103901 -423.186294454663 -166.447990336589
v 367.383396752009 -192.481877294387 -30.675949235598
v 220.530329467258 -297.348149480129 29.6257186984263
v 242.513040576269 326.823051990107 -53.7168753616033
v 257.416962679748 -228.304082516916 68.77914731978
v 275.623456122251 355.033898640854 -119.734141902398
v 195.499890026886 420.869722242964 -148.744427055316
v 16.1875121592675 253.555611092401 16.9201842189344
v 300.874248157252 -15.6391466568935 107.007738246719
v 24.2287071860445 -297.082690130307 8.34341790595953
v 304.167142878187 329.587770989753 -116.976877200415
v 347.06374326129 150.612395316009 7.43503490693938
v 30.7101951933876 367.022288730981 -52.3643076544843
v 221.634124276222 348.271034707312 -64.0081491855132
v 101.564462785149 -428.264512514331 -103.835826649863
v 82.5618325736807 -350.54730037594 -2.9566429570475
v 315.17265778856 34.4950703853326 87.5672601151137
v 248.551605836042 -278.876653850862 29.3567830045061
v 354.417312663468 215.74924199825 -51.8078290951778
v 307.921162738366 -62.7509888690954 100.537592010415
v 285.468234024818 112.150086124441 83.7311540878251
v 28.2282886913606 -176.674753373228 79.2560420447786
v 394.863239670782 -40.0565161482692 -4.24493480791278
v 251.352593105067 248.001664073536 16.5859805614267
v 147.549593302663 128.439948838374 114.864529886527
v 483.971659953989 -30.3496078302889 -166.447990336589
v 275.968284058775 -155.778033111812 100.293784411044
v 363.410344990483 -327.310844974483 -166.447990336589
v 162.108154112715 -458.572645495953 -166.447990336589
v 286.11550072308 -408.28422640137 -166.447990336589
v 327.245775432362 141.034791124738 34.5401517425786
v 217.201750629742 136.610836897935 104.346953998729
v 150.207983794078 -384.799175887392 -49.6301550849485
v 86.1739921967345 -311.933708308634 35.2533324647235
v 107.323777609474 -226.573085388408 104.864519727348
v 430.490998205381 223.119853423364 -166.447990336589
v 400.197799217032 141.679695813859 -62.4352352332522
v 260.199968201769 -149.973154369234 114.052290818693
v 70.3416100165442 -336.837640571291 6.78254654935863
v 25.5653535546714 22.0383754736082 108.464577228302
v 141.283106859833 327.654631595149 -6.70156281191855
v 162.959404428285 -327.453505246962 21.8821923813268
v 21.619049006864 -431.83815614963 -115.358558067074
v 150.398989060088 -324.741817162206 27.7362955213767
v 161.456493569494 -363.458880468623 -22.8680137230191
v 181.526713815417 403.253502503984 -110.389347999124
v 60.0945603691439 13.5856130531229 136.421304712894
v 18.008675177011 -360.830396060677 -47.631739789898
v 51.366019095193 -239.828198122279 68.707944173279
v 388.350901093788 91.7023063368388 -17.0977809559076
v 274.817807821857 191.701423758155 44.9149117954673
v 418.012402325842 60.8749186630724 -55.1833973107637
v 271.098024395237 220.78791545328 26.0528671616219
v 85.8640546909247 -197.014064875502 112.594626403808
v 383.160424105091 166.1300715257 -51.7388228711567
v 485.178824410272 35.7516052772872 -166.447990336589
v 114.617674533427 144.20144534641 102.645729614464
v 124.012883362973 -344.206245558534 9.06681098415524
v 236.912539119189 173.238652323938 76.9391015628373
v 88.7392865106928 441.252718215357 -127.388676985345
v 207.524586483314 -266.701182477651 67.3723168973054
v 354.229164666578 -215.999487977373 -31.0557469714217
v 479.678543254991 75.9268917534388 -166.447990336589
v 96.0235576124507 378.729980702639 -49.6133797404635
v 91.9841600619304 -418.608187384027 -87.1759285362705
v 137.886956782344 -27.3060098401809 164.807181320521
v 283.755193245365 -94.5884846720845 115.313438612906
v 280.299421485546 25.5908848416413 116.880123718483
v 158.489416421196 -0.260774767808787 162.477389477021
v 454.164476093674 175.629602425606 -166.447990336589
v 275.244213966535 -267.138204964486 17.2242817841347
v 329.789786266111 205.500230359386 -12.9811434841819
v 26.9298186129368 -392.584408809431 -71.0990149151988
v 81.9146293702884 125.975306591326 102.92123385262
v 274.761500571708 268.469768568821 -18.1636344056855
v 2.44072292600687e-07 -204.332293033394 34.2126579053906
v 33.5948179043341 434.18050727829 -117.849995148992
v 462.298575225927 28.1985857914737 -139.704548213686
v 98.0554759753193 -183.223461811392 124.260348266819
v 70.9458335428664 481.791296936042 -166.447990336589
v 291.323476897773 -302.292393365447 -44.0238787694999
v 206.459117177496 189.770671770638 76.8139912722492
v 33.8874975046516 -140.035991431748 98.1090021501902
v 84.798439346907 -479.971280000691 -166.447990336589
v 65.8673234067994 -239.194417734269 78.8271722991695
v 38.3251444000319 225.253814390782 44.3534806363507
v 61.1069479641767 180.080516573939 71.3220850902364
v 181.288595356341 221.732338140149 62.0502848887798
v 334.947195126845 -18.3846981428513 75.8417895800348
v 134.994663891179 -445.070740903852 -147.835396408629
v 162.338437304912 178.728164749376 89.4433938160061
v 386.512318258635 -161.071320992978 -38.3889059478438
v 279.250181468337 -186.223378506123 81.1401507012627
v 330.469968704649 332.386243861951 -156.252441377727
v 81.8032974663515 406.501747632784 -80.3488141444219
v 253.398093020492 -69.8478612134225 138.779478762998
v 86.420904695217 116.057750869499 109.561273310871
v 120.137613700263 265.599775075775 40.4056426874483
v 63.3026576920479 -9.94527440704681 140.878454057398
v 278.277668651262 -115.231466736562 113.961378864742
v 157.444900422266 -270.709080223482 78.2886850110964
v 247.208054400372 130.991109194413 96.4267436834034
v 239.538356742622 280.85073473723 -4.88455712074641
v 248.166141183128 -18.0135976167582 141.527600203793
v 2.44072292600687e-07 310.110719813396 -33.1033771397136
v 132.901225349387 -309.48455880971 44.8918155367374
v 80.6165720085154 343.890650659864 -16.552737822573
v 2.44072292600687e-07 -398.92239047516 -96.5138522946792
v 10.4611130752191 388.371168656088 -84.2421925438737
v 29.3797554482408 468.63348373998 -161.158689933219
v 413.135742379473 90.6331670275715 -57.5085921257219
v 148.232633010322 84.9706120346652 135.720207064388
v 135.686415094915 278.232511100173 31.7469584687679
v 29.0682273959535 -212.25401452661 64.3714858764552
v 86.7953847357318 271.15969061236 35.4338864752373
v 420.520703645063 268.834203721002 -166.447990336589
v 358.121908117336 233.004023542882 -73.5498851250824
v 444.475768579996 -225.628789691278 -166.447990336589
v 83.089881305231 426.161562441109 -105.38066952038
v 148.933070312186 -165.143462847628 142.287189325954
v 279.1132357341 379.732183720627 -161.098928562176
v 78.4570797541275 249.853555433307 45.1974036439959
v 150.442216367149 -228.615461356261 109.439210774013
v 227.089781237317 31.0959487479574 142.891000135625
v 6.45749091515409 344.330695502481 -51.8832451262608
v 206.048775234766 -159.85154645564 136.250503514314
v 2.44072292600687e-07 179.38868917636 46.0526604858221
v 389.308175142216 311.086661353416 -166.447990336589
v 55.2951355818644 -461.102585866652 -151.376683058502
v 179.544048422711 -53.1781245698223 164.341230571205
v 210.903669139919 -239.006244339432 88.5001648326809
v 179.559909441078 270.238862618945 29.7831827996971
v 135.08039466379 100.468255613073 127.544404501939
v 155.890304739816 67.7291136167033 143.069141341103
v 315.920551155784 233.623758865789 -22.7113750550501
v 30.7319167881958 311.00724197082 -7.88951451441918
v 234.504407305872 -85.5057785410708 146.154928497158
v 250.287936533576 34.7066194163247 132.09261818808
v 147.89663086064 230.263661175122 60.4588494831264
v 126.136507365659 -131.443141868364 151.18091567729
v 46.0824967249346 -70.7876170273937 125.429034832269
v 372.052555465308 -248.563441279691 -99.3021723372665
v 44.5627787742239 -36.7467317920843 127.824950232721
v 304.87744728275 -221.171322872427 30.7654897003702
v 156.33470533047 -37.6255833273648 165.937707469486
v 169.156313193269 31.9415035737452 154.838601121675
v 159.908526751404 112.655365595838 123.299924872871
v 423.314147723607 -163.860371226563 -114.554636827126
v 191.149424761882 -8.29883577712386 160.124828373368
v 167.061757141776 348.464465477332 -34.8102938390166
v 145.56323250856 355.43770061204 -34.2068259016398
v 87.0685587121818 57.6691960482825 136.503187696421
v 10.2916516183826 -450.463080781221 -139.543372837301
v 239.274522861455 64.8299061342647 127.822969192797
v 285.894995740764 46.167459209626 107.949075082937
v 244.408971977428 -257.037364952762 53.9925129389845
v 23.5704574627552 165.114547284121 63.0281947697498
v 362.720435137959 -46.5980687146556 42.1976171137467
v 267.737748918936 -40.8395348772238 131.784274403491
v 242.986610709908 -302.20126552894 7.56218735126327
v 295.402971458294 8.93911248395485 109.054774737982
v 64.5345407009732 -76.398144324346 138.117062188907
v 269.35935708651 -237.090273957503 51.8888993443774
v 305.625035874601 -166.573595887158 68.5242598657058
v 1.16835600450187e-07 -488.007444646443 -166.447990336589
v 2.44072292600687e-07 -342.334112034411 -50.0833179675749
v 8.58891367516939 286.124847167849 -8.83369353972722
v 314.655250797115 -123.606325714457 79.8354517761547
v 217.579214929117 312.183624114437 -21.6181156322844
v 2.44072292600687e-07 1.79236888817436 77.7013257220763
v 179.916166454086 147.621875861943 105.176177944117
v 7.46904672739824 34.6900790028563 86.2705297961104
v 104.221240506882 162.057320120305 92.0484359181841
v 128.91242686026 49.131523526373 148.690723094811
v 63.0539355897886 373.501838557437 -46.393815244153
v 362.880213627218 152.715180302571 -13.6166842674445
v 353.451657292284 61.8596732909594 40.5541857595739
v 27.6018832324273 155.575446381631 68.7613306594374
v 158.29013142422 -424.692138776418 -121.26417776938
v 132.601300984475 480.441954768287 -166.447990336589
v 140.67932144811 -291.754962631999 61.2630247025519
v 328.429218205452 276.837147851105 -81.4852770636721
v 300.412919834426 -116.250127624687 95.9418524145575
v 102.283008823755 399.680062052266 -74.3518761210019
v 423.195386919955 25.1652120627045 -55.699928073012
v 2.44072292600687e-07 410.473148527706 -110.055326889366
v 366.475521711944 -339.094222830418 -166.447990336589
v 383.893307285198 297.977663012918 -166.447990336589
v 220.733106682048 104.216491090654 118.871894275455
v 8.60220156395483 -287.923733010678 -1.92589641580352
v 11.1475822995099 -468.749755544753 -160.011972592567
v 77.1405072884491 -166.356075163702 121.546793432903
v 205.144989264287 75.3248778485703 135.06704804225
v 214.321953528867 -59.4487731013383 156.38143755432
v 144.199629393147 -400.65381936878 -71.9523034160748
v 39.7268952329576 388.436796953059 -67.9545267524203
v 111.253462375226 214.657231837039 67.2470923159525
v 313.741940596232 161.03921798703 35.5775817140872
v 193.789719215528 110.086566365091 122.308312799093
v 217.22338968122 -281.603809285794 48.1446767425405
v 322.74249071578 -232.66356405337 -1.90581735389704
v 121.518601710907 -57.5977008253825 162.66908048762
v 39.0963403843116 -496.760339377537 -166.447990336589
v 197.821046568153 -443.275410773708 -166.447990336589
v 210.863438790692 -121.947560349334 147.865150104411
v 31.729424360594 -17.710776298432 116.788272040466
v 227.760871210563 -209.927613309134 101.027581917271
v 190.213256408029 -97.6604362961055 158.331542778017
v 425.584571864255 -13.3996524544831 -57.6686626913799
v 9.59134209994296 113.753191887083 74.4310605725815
v 486.153140481637 -114.035159902939 -166.447990336589
v 8.47734049072899 -255.08832644287 18.7039138364464
v 152.155434932236 -350.279352027239 -2.3014155895397
v 118.798443410579 68.8764278091273 139.52942936399
v 239.804806612406 -225.255084288169 83.4409634863864
v 7.32245136039027 -99.0099308515475 77.7585726962918
v 100.692335356534 -281.624813388579 64.8722953090498
v 222.899297645153 -103.581618590891 147.865378685941
v 290.42311965024 -66.1226997713677 114.850561015268
v 161.025807870621 -439.806203499532 -153.966003831026
v 435.18662158023 152.87591121487 -137.424422057
v 476.300463817322 102.308673449951 -166.447990336589
v 101.371070112051 -336.662597915438 15.5815806209595
v 153.050052243579 253.431135750507 46.2357638153407
v 379.479169365199 120.572261478983 -17.7238165572269
v 123.404005662726 -365.251035855299 -15.9663404808238
v 453.013796673174 -37.6249991745667 -117.842045591348
v 272.357026062866 168.922728267865 61.9162916659682
v 2.44072292600687e-07 -59.1597762034437 74.3215573208822
v 47.5714990325922 -115.674279955482 117.35490025464
v 27.5579066859082 -39.2562395138223 111.803454933628
v 59.2001906877917 -289.138694636919 41.2028112480399
v 121.58826828157 -438.364260414301 -127.579567960591
v 127.851021226081 -255.689216488551 89.7917203198313
v 245.155468457527 12.4078086244319 139.377041677524
v 25.2574018509008 135.527614426644 75.7683450646454
v 21.9283356902629 196.358289864746 49.0547296566248
v 350.778777271681 93.3893777147231 32.0740173661007
v 2.44072292600687e-07 53.4208051352619 75.729657640744
v 131.482534085316 306.526053468776 12.3558444233472
v 41.9721817548255 -250.581790788977 54.8371788366013
v 107.290557093825 456.093196245371 -157.829958708017
v 375.690786081721 8.53432554860837 24.0701097013557
v 97.6786339256643 192.044435741414 75.9613123221191
v 267.713646266527 3.91601709827939 128.572767406103
v 74.8009626330154 95.5108936877464 115.799568031705
v 400.139815702332 -209.300499882408 -109.003661368147
v 11.1683911555711 263.281551997472 7.23786428911398
v 237.26201488015 -51.6501522860947 148.058136410345
v 160.807258530282 -208.479612813366 121.261091918729
v 101.636231035987 -368.945091160854 -20.28722031145
v 189.147964887845 -417.245993854713 -130.910381817508
v 236.293184765498 316.714516400217 -37.9712874930854
v 51.4478608070553 354.022374576045 -31.8854312546129
v 144.522284921289 -103.849160572429 160.215092679651
v 218.778506021599 -320.434325224785 3.5049072644734
v 432.57281718608 85.0873854489062 -92.2949293505288
v 431.228656199664 -102.866336188571 -91.122274355743
v 314.777973680615 -347.613558034057 -155.129725097693
v 392.168009456164 -114.950298756059 -20.9839844351217
v 361.351231775068 -289.07878087819 -138.389480576412
v 368.843219992452 286.928311244738 -153.413915941936
v 64.6863442346405 444.012510013141 -128.204522561759
v 454.125515641834 -62.9952218840909 -127.828074180294
v 457.480025783997 83.6220445043159 -146.790575634326
v 191.530127299594 -381.892507757803 -67.2978310660585
v 375.918808856569 -217.316523955598 -69.6369376068936
v 429.080193004084 -157.920375401986 -123.26739010181
v 301.583841419278 -319.644118876618 -83.787664521556
v 466.245568693067 -36.7418109397088 -149.974233782013
v 398.129364954794 -219.805878405801 -117.169380945342
v 321.574439099023 327.406315860053 -136.490310936915
v 428.880107971755 37.7183683799614 -69.197699149118
v 271.636791060735 -354.668752346135 -100.330954307568
v 465.216443850471 50.9419082900425 -151.924148521103
v 79.4575557116683 -283.060279997135 56.3430612552783
v 119.051241883451 -416.967098990533 -89.5395821936004
v 435.202114328354 -17.301504244251 -77.0789680610648
v 301.552576545605 233.187015756379 -8.42427544734675
v 306.62474989371 -245.855613682992 4.94472327158076
v 373.709136606926 213.592956234764 -77.5898604789139
v 374.448191488335 157.266479839363 -32.6965147158249
v 413.57926674093 -177.265433443916 -104.89568300923
v 355.419058518395 -176.868539714517 0.588270986054368
v 406.760095557239 -63.5725108868303 -28.3470082233475
v 271.819503896807 317.479350198587 -67.336315306378
v 353.096873360245 -255.980251571752 -74.1325775412044
v 138.916678476712 -408.238408503639 -81.9856420321812
v 400.991637471726 71.6599031931824 -29.2032936820573
v 245.418768981791 370.217375955153 -111.99105687464
v 225.231438798819 63.1594005677965 133.838358825253
v 297.859765739489 -333.166392622811 -100.230784801665
v 172.554291922995 -404.122442490157 -92.6190833575884
v 223.840266211129 402.903925151232 -142.039953003637
v 341.615400909145 -23.345809440214 68.4910520490302
v 454.277039798076 -17.0118485870868 -119.186460557241
v 245.485286206933 382.359169649656 -130.114156155726
v 211.030519189927 -406.849572527142 -129.734901301035
v 322.641229098124 -205.107705076999 22.9348119129582
v 339.430440862656 -176.458794623559 23.0096787134212
v 416.161145914765 -132.927715408884 -76.1101315969264
v 73.6380921975981 -96.9059839088762 140.106343747
v 310.748157505881 -338.48058301497 -130.733129540201
v 407.962332811659 158.68561556752 -88.0382396580827
v 425.371965643688 -197.32607866354 -153.128950968246
v 170.333393780449 429.272252284926 -144.815072462885
v 402.26161105278 118.97643222837 -52.3879753670384
v 379.765988389074 42.5811451731454 11.7997912796654
v 450.131383583681 -127.74429904966 -151.025264354539
v 250.45182949037 -239.373422469971 65.0881016710326
v 401.337506724107 -181.071036535964 -83.0096174408723
v 439.875895468143 141.031756069983 -139.019463971233
v 372.843676139593 91.6187470887602 4.89137289812934
v 79.9122297721855 -371.111790082914 -26.0213133862931
v 430.829248073439 -224.676112671392 -166.447990336589
v 347.199698475564 171.652398099624 -6.7533547831701
v 358.45873570032 242.197725055025 -83.3535374007639
v 342.006275324929 -149.103122271308 36.804753403706
v 162.827703370257 245.790239365498 49.8327005434653
v 311.737128193093 -285.699380747238 -48.8676261503365
v 414.097689650285 -97.4233337549393 -53.449682601847
v 237.03323016687 -389.158301852577 -123.084728061634
v 244.550108373043 339.003628350815 -69.5704394302123
v 147.157207708988 -435.54849153969 -135.306499893583
v 395.113180874533 -255.28198579442 -155.804700956944
v 190.684489930476 350.759551025239 -48.273269726713
v 165.926354586844 379.389057446602 -69.3820184053848
v 82.1806474749614 -440.103511875826 -119.47020642944
v 394.132616908023 -141.954717491008 -39.1814743051502
v 29.4292941453159 -72.5425834690854 109.537386541018
v 300.616687569178 -158.478927068777 77.7570869163488
v 222.585048837714 -219.880853147542 96.9760949436242
v 328.696557003408 237.741248756135 -40.4728456571795
v 41.5326512206508 -386.948908980359 -57.2832805817959
v 410.337650476491 -19.4393764956216 -29.2851639666108
v 32.6945622485921 -306.191892670305 9.25310572454503
v 354.280671704604 81.0472640568752 32.9983915479694
v 375.336738690167 -199.661305667857 -50.8634127577955
v 438.251391934526 168.660570651249 -157.123032230504
v 338.09968999265 -310.211600461836 -127.549750769939
v 194.298579797558 -315.513396655497 23.65557868462
v 245.744827834932 265.69699841974 4.91255954866323
v 72.5729467156136 350.442229066123 -23.5205060490292
v 296.368195064366 92.9845153792193 84.1614080215862
v 263.512444740415 423.05155834188 -166.447990336589
v 308.12411773879 -6.59181947024453 100.450794523999
v 263.00832087564 -382.051270329152 -142.40556916039
v 24.0141738961925 -251.844983117984 37.7361183706912
v 37.2094443030625 -400.099966322321 -73.5286206933335
v 337.82564613649 -68.0145865493485 69.687943035451
v 64.4031444183184 -358.385056253914 -17.0300112944674
v 266.182962751878 126.813794438154 88.8926710666071
v 124.577238460823 425.530880602724 -115.097797337584
v 284.480152265776 67.9529203322255 102.053455822556
v 139.208081830156 -230.633480692226 108.052089158988
v 324.483901002863 310.166417512799 -116.783649613977
v 389.262027071165 -97.5651177982214 -8.68605368211827
v 295.789299641432 -218.3669830743 42.7110175789355
v 188.320220372913 -148.184161027052 145.308694276268
v 154.050198027799 -73.4506489937587 164.693881075634
v 71.1857552562323 -408.897358257863 -74.0648983599529
v 480.024310915581 -81.9093656456184 -166.447990336589
v 437.996498130965 115.782830784141 -117.9081691483
v 156.883859756596 -357.133953348034 -12.7745534024869
v 315.274452763119 79.3017456517444 73.9013800228886
v 114.482443160663 -90.1601746972438 157.732113114332
v 28.4507778883435 -410.937042043255 -89.7911107690854
v 319.698521280686 42.6484275114634 81.4663365441419
v 243.106235043783 -266.568148027367 46.0812522254952
v 360.821506778966 264.330207861884 -111.712365194043
v 107.571229814346 433.143356684206 -120.567410470964
v 113.496837701526 354.272696749012 -26.3538915751452
v 161.222375287187 -296.194752479221 54.7843701537541
v 186.468113130587 295.656163599356 7.58304779690582
v 373.549281923823 -180.84161687399 -31.1107938484139
v 328.689242394458 -109.635435318285 70.1282736049796
v 216.302485493962 -16.4246591468423 154.565522387529
v 425.633335923924 1.1774746522132 -58.0045759482451
v 109.541412115735 -450.358695215992 -146.418038536814
v 25.8907536485422 116.353281389451 83.2423007391311
v 87.5057335867033 -174.802048395281 123.588255074637
v 339.471306160577 -228.516180778528 -21.0499492549004
v 32.2386214654311 -117.636919066392 102.844913019648
v 102.593378094676 -397.149588324665 -56.8630842353414
v 336.936794159285 -326.764763700034 -154.51636465967
v 208.446278006952 -452.688753737943 -166.447990336589
v 93.1700092905693 -126.991897546711 142.453825261104
v 185.934629238219 -423.83597395796 -142.089707583268
v 160.95601431022 -418.368176777844 -111.296473799731
v 105.983185034716 224.052974023487 61.8170364861838
v 8.13166489769961 -111.182081443091 76.1646165443247
v 44.217303190033 46.4828636236877 119.047102017969
v 215.841360354718 262.826801743112 22.7231930376098
v 60.4920890472366 36.6440129671762 131.688892410738
v 296.333450671852 190.883546345921 29.8178319499071
v 335.681424398183 129.948447245669 31.7581113425711
v 376.255839623135 183.915987652534 -55.2675470611273
v 315.10296581995 -40.6965380819368 95.2482725585842
v 202.156082579903 118.706032977711 116.604390898798
v 136.615687905954 -466.852325664677 -166.447990336589
v 97.602890896004 -243.681066795079 91.150472427226
v 363.919726230442 -124.436584626216 19.1653008920267
v 107.767695639122 -39.5689485706797 160.408307567115
v 316.06651316147 -181.676066447127 47.9742025425378
v 61.2923021868141 143.613241575628 87.639415684655
v 8.16456238320119 -67.3716248032294 84.2819276331195
v 245.93028364936 -401.221133327543 -159.412923898097
v 47.1791039146873 -366.375707777309 -32.9717205280944
v 52.8463289552351 70.7524599182288 116.586752024089
v 265.712694351446 -176.443390768252 97.4264132561032
v 51.7921363382153 473.245649458541 -166.447990336589
v 65.9033059492661 217.762689703621 56.8867932195607
v 352.642275493571 -197.340479299911 -11.6352760731522
v 69.3037038335154 -319.628702322338 21.8477480020704
v 16.3400077870108 -12.5438233651468 100.308585065092
v 209.941328200916 291.067262400929 1.99982269851417
v 107.243850267923 -486.863317896461 -166.447990336589
v 228.535584810605 -159.728417204976 127.558868633179
v 95.4939977030096 -307.129178533858 42.3133650858476
v 16.0971383243348 293.015386584702 -6.28883465262973
v 199.14267957492 390.712986427845 -103.934161154042
v 475.307454856418 -9.01927555020844 -166.447990336589
v 462.344647103135 151.656416054957 -166.447990336589
v 192.262261240243 91.5393086577032 131.007033707648
v 26.3564059719718 254.239984192317 23.7007378230809
v 24.2758045053927 -337.512387849012 -22.5248620510468
v 295.374805134246 340.318480105534 -121.188212507677
v 45.4073018083847 -216.677130621137 76.9894720427011
v 27.6683528364174 329.388498691752 -23.4062803664213
v 2.44072292600687e-07 332.018887945778 -48.5869629540455
v 461.613948146534 -149.996037920152 -166.447990336589
v 42.50190040144 -433.166773592027 -110.832300906758
v 2.44072292600687e-07 390.23260964421 -93.3151522124406
v 318.318041228996 98.859435312189 63.6103665279431
v 309.796902771068 -134.924971922569 80.0783958453021
v 166.252108664611 160.748436883306 98.9304225761341
v 228.177397553568 -355.048273879277 -53.3360521836394
v 90.7185485784007 -346.6340861793 3.12099327532188
v 279.085958338222 -216.293748599938 60.520547447684
v 187.19980260715 -44.3826216066437 163.465623623749
v 54.8905780217335 365.053719199274 -40.3950390442651
v 217.483845635337 -47.1159074712127 155.732507290481
v 497.413574593519 43.7952686671106 -166.447990336589
v 69.3045292668171 84.8156718544515 118.597050383941
v 383.474520524844 110.895910066883 -18.5530055804371
v 221.849397281302 303.215913541322 -15.3608089601928
v 28.267226919996 -188.918684914584 74.2748822424153
v 82.0287867959117 399.227013460404 -71.768669904397
v 20.2277002209113 -169.009970218366 73.8626354536048
v 146.108704232263 319.323698367877 -0.677469521034072
v 210.982593262534 451.57627283085 -166.447990336589
v 347.552856938948 -237.55553896223 -42.8615385162417
v 194.040295367973 -192.257448329145 124.498873093059
v 111.295648366429 274.725587873597 35.0584825843733
v 52.5162000809687 -250.425771195984 63.1958148753748
v 262.660851552551 -247.310027160565 48.4574175468325
v 60.9510807588704 -339.50178369787 -0.184481267394419
v 249.22739442962 171.124565250629 73.021544317133
v 236.201244194664 21.4911465293958 141.529416157057
v 16.9408486241678 20.1422821605323 99.0965949987377
v 423.029868494506 59.1484487187497 -63.9574421828419
v 98.8938050849739 -102.808359023357 150.487158035682
v 329.469518145056 -38.1563432898368 81.2737629548582
v 469.676171086672 18.845945509719 -157.108822078741
v 9.97627657069798 368.714630183023 -68.1674821947687
v 273.531249380925 -28.7135799778835 127.788847050003
v 20.7357972771368 415.379320889355 -102.429758165821
v 445.82140264738 223.142330607118 -166.447990336589
v 270.853975515362 339.650107712696 -93.6531481010208
v 171.390634151198 107.270530812028 125.854374263142
v 143.271461392834 67.2649851701383 142.751654295326
v 157.463986979996 212.75267783262 70.0838017984795
v 239.721348956119 -420.3514009254 -166.447990336589
v 246.285829519831 -143.366703696874 125.15627357247
v 8.06933436550593 252.781151471836 10.7809660985654
v 48.8384312094046 -290.738536763275 32.9587866232057
v 2.44072292600687e-07 201.94607964898 34.0797123479234
v 351.510390554402 -104.125077527235 44.5166846738116
v 107.318012275336 339.856745415543 -12.4414458251615
v 12.8031229189557 498.939076926828 -166.447990336589
v 257.747262990161 -338.593451494745 -56.7586923206257
v 88.9497339057015 411.283673234068 -86.5870771178206
v 198.343215674801 -286.753954333474 52.6700132272512
v 426.009962091023 234.466462771942 -166.447990336589
v 15.8948357336934 -232.758349194352 39.7716273684221
v 84.085461808344 187.543754314476 74.8568381180527
v 309.087715876206 253.243902079736 -34.446871430001
v 185.96490359193 184.210260974072 84.2423131841255
v 309.984568206951 134.679615048386 53.9956114886093
v 442.077491170403 60.9631701819966 -102.57500902897
v 183.054400372232 -87.3017372704216 161.067650989529
v 242.565055573249 241.928100441772 26.6937573876281
v 156.32306037143 408.21588052399 -103.391781630477
v 243.517351623919 0.795522059260523 141.821225877664
v 236.437140333312 152.272646461075 89.5884224471126
v 2.44072292600687e-07 429.982937658705 -126.724736534389
v 220.940684108961 -332.11006657818 -13.6260640470207
v 123.953134690904 124.045024465843 114.208323110659
v 29.5546234932033 216.151316908988 43.9071021805154
v 412.366616327934 -230.810225010578 -164.308822789883
v 333.995584820764 -287.839462620062 -85.5107501893417
v 170.023691205656 -229.534486095386 107.108745884898
v 123.288927561497 38.3423388106547 151.639881990976
v 281.107634978663 148.383801595296 68.4703908185403
v 449.048821459031 187.258268682857 -166.447990336589
v 148.256176907881 -377.954505164165 -38.666524565149
v 167.606568518837 -334.556955659755 12.0350350085312
v 379.180387907935 -73.183202254525 14.6980764991266
v 252.723142559189 -296.619152186027 5.88988527683509
v 2.44072292600687e-07 -180.274252119332 44.3224475189507
v 45.5978213386446 -466.229567985988 -158.726633253127
v 136.359727388588 -300.152032115197 53.7011349834888
v 275.390328359907 -175.74974741741 90.4449491863259
v 88.6626863002962 466.597533452907 -166.447990336589
v 86.4511155540588 97.3909196241307 118.954678886127
v 247.034002264481 54.8648625996425 127.87991139164
v 38.8749179011339 377.482585897129 -57.734094154256
v 273.669211033072 -95.0712869597285 122.397205616197
v 229.951418805555 -288.475909792585 33.1031199854927
v 81.2390947561873 -462.508514661981 -158.175586679894
v 2.44072292600687e-07 -228.340046010922 22.7957454500846
v 185.8689755433 -358.867515669264 -28.1015529321169
v 151.86822224017 -192.589234419502 129.859033770635
v 296.309957570188 -189.236108465492 63.8727654250626
v 96.4540401277415 36.4369720719087 146.606592900867
v 316.867640627167 149.230543775141 39.9206974479634
v 74.0919916207091 455.369964285406 -145.893418528209
v 54.3779331454901 -34.9958194978013 135.601319270998
v 176.149320630296 -118.242202957032 156.320025316674
v 405.374281936522 290.444936487352 -166.447990336589
v 110.668839715076 -4.55925703129484 158.757733040139
v 20.2567951574241 173.999739925015 57.8518517389721
v 263.86311420492 214.751204243692 35.3058617701455
v 49.1850020800919 -151.61585553241 107.927982087335
v 426.882864157045 -49.3239701259179 -63.5906386720327
v 49.2406743815473 182.624222632314 66.2060240884296
v 222.993803408709 -67.9919379294475 152.881943227459
v 66.5256064648952 247.316198861867 44.0202690861768
v 458.509912565025 115.98252214828 -163.882403946232
v 313.554579935723 349.606788973024 -158.747332580538
v 9.62060291680191 468.693727672029 -161.433825901132
v 256.22706882793 89.2032689190583 110.92538438524
v 164.068367719615 58.0742869653161 146.628333544136
v 135.703546010668 144.455539114617 105.864189300048
v 394.789661816167 -283.368788868384 -166.447990336589
v 394.060588328221 45.5163637707419 -10.2234930508675
v 48.9055706842664 285.256897701638 17.9045070817098
v 323.994584141623 -139.810724334231 63.1297167163704
v 322.473805826594 -277.375203374067 -53.1766673625704
v 169.336143362272 -6.49031577839884 162.817823568584
v 2.44072292600687e-07 27.1809662192056 77.2344923940766
v 245.927058109996 318.130147211585 -46.2678922192371
v 118.712318969778 -172.223801127974 135.526547712839
v 183.54436488114 101.159257577351 127.729441250229
v 53.1294557524574 -126.855421674507 118.926271281575
v 10.5365227568152 -426.481271807313 -114.968204309219
v 316.931313282162 -82.5231641982401 89.368336530935
v 272.789603908846 239.501529718393 9.64277532518262
v 351.923462776514 296.117110952967 -137.981830816143
v 324.279269737888 -101.425066148955 77.3029462127342
v 206.769124527662 317.849271307481 -21.5833823513725
v 258.833634806973 -49.875229406963 137.041217821435
v 261.364921268902 37.4296762574397 125.770141969448
v 2.44072292600687e-07 -380.410994669987 -80.6664154809635
v 266.420585950973 -254.267439373829 38.5700568101295
v 207.593135544275 373.915444136452 -86.9577982620692
v 207.546123943001 -326.736978345202 2.70184598316218
v 301.905531825406 -231.45388520026 24.6592658951786
v 29.626991770557 33.197279702011 110.475650225559
v 112.101703033988 -200.516949828386 120.542812558574
v 316.506151636923 -260.049967922392 -23.0828660745897
v 57.9787398859023 121.969478778237 96.5980909378599
v 183.997527763767 -213.56699953217 114.76113484126
v 106.329447955287 -409.157661824294 -74.7339628468661
v 239.567996147639 -242.749266888238 70.0026871028713
v 143.192207096898 -153.858811792572 146.360474088252
v 29.472972265949 -146.739271779883 91.4340786107119
v 165.284865921694 -430.969851112151 -138.671639076876
v 332.252472871182 5.91913498209191 76.668340391423
v 222.683592874961 232.673342263252 42.922684075436
v 149.404240339764 463.832763657365 -166.447990336589
v 101.773106925868 80.4886361962408 130.999490517168
v 148.757570493274 173.867315025477 91.9763184455643
v 205.492153812003 -211.593769477051 109.681075430381
v 273.842044067471 -402.181836098916 -166.447990336589
v 283.353600895633 260.309915917554 -17.4640574593011
v 359.786083245329 -68.2979133554092 42.9653907245679
v 271.765533257851 -126.815089733489 114.905852347507
v 181.063328258823 12.6633603935768 158.285369309018
v 55.9200901830328 265.809003369292 31.3712720257352
v 64.8262234318418 -456.467155627957 -144.509992314581
v 440.505561388618 -58.260872988419 -94.3286001717917
v 6.53283313345148 -140.689480627207 66.2603439491675
v 457.683107774159 -90.7325301486339 -148.528531800516
v 155.523342491833 264.658476336478 38.7496774460637
v 414.174442248369 124.617570401841 -76.5224418806063
v 138.303699007905 432.412403748128 -131.201531191474
v 192.729227907468 411.566073015036 -130.698270856922
v 262.49614586143 197.431340457966 48.5333447116139
v 351.253845884237 336.587089816794 -166.447990336589
v 254.834194577741 -325.607277629538 -34.1173584559673
v 27.2699447543841 73.8020803966956 98.751398791972
v 358.152055481309 -302.953451149333 -154.259566010028
v 136.782895294929 -141.423049551904 149.946689707685
v 181.988143730034 136.536052640802 110.714987786127
v 135.248859251177 -283.258714162861 68.6724124443848
v 91.1714955784713 200.891112394554 70.404088967995
v 162.844859683958 459.616653535928 -166.447990336589
v 188.373784644706 201.789221923712 73.4687704294742
v 83.1799995733145 -268.093167799669 68.8389467877438
v 27.8019968374475 53.6870772194124 104.584812128841
v 245.22625253789 -171.44111257234 113.376464128193
v 122.999187773631 470.60878372784 -166.447990336589
v 109.641835601116 -324.406996017094 29.128398308903
v 20.161530630179 473.379090275989 -166.447990336589
v 73.3145604402582 -209.610875502816 99.968824019144
v 190.388133977222 -20.8754605917823 161.620970679085
v 126.761690548357 370.278635805112 -45.071337755624
v 284.466335782203 391.750365603458 -166.447990336589
v 142.188759579471 -174.278837972776 138.150079520974
v 413.31411216648 68.5434607142004 -49.1101924250113
v 281.740120071338 -309.996403650599 -42.141887666909
v 187.540427183322 448.746992248038 -166.447990336589
v 136.720924302433 88.3711305591663 133.24306902705
v 312.744055229361 376.832550822563 -166.447990336589
v 191.387378134297 4.8112626119859 158.113171223312
v 203.235304874425 222.158617295088 56.9244393276046
v 311.474132444202 171.050708018589 31.0491562039821
v 293.663618404978 210.548872508906 17.1890961022786
v 327.69143322143 115.980185537088 46.8745095021342
v 201.247953560361 151.690322315196 100.083178278862
v 136.860689208869 190.369187108205 82.4854545953269
v 268.256603593403 102.593263803912 98.9027134151452
v 206.51829439574 -422.464713361302 -158.267743133284
v 73.6129164818966 209.302531718227 62.4819611076147
v 213.489383403863 -415.314505326712 -149.90761496508
v 440.497688024817 -148.088994916855 -143.730389609598
v 320.247396329387 -304.229672625533 -88.096991460702
v 400.761278085686 -95.8135610310144 -27.6915062405297
v 339.39650920447 -186.704034667183 15.8202181505926
v 343.730008640382 -317.863773535643 -150.840583177517
v 353.093647820881 -294.687206494966 -130.416340937987
v 248.209851051196 392.90980731593 -150.004216059326
v 391.850814486786 -227.448324065622 -112.521518411226
v 146.862985183345 -249.487901179633 95.3092403321442
v 433.883300493787 18.4729607733777 -75.7169396184111
v 425.726622585989 90.9383741656139 -81.2642006275325
v 364.441806444272 95.1824791749527 14.6815519593755
v 203.694296586059 -377.135624532995 -68.5072114932825
v 310.07498490092 -279.370720128331 -38.0116099098728
v 434.170856058147 -30.5972124228474 -75.8347670474835
v 401.038445889418 -124.030065074622 -41.4726517438485
v 447.07286112453 -96.633819500849 -124.414005850671
v 371.885970326054 272.168903463924 -139.064507231558
v 445.846749799229 91.8076887715165 -123.286997317469
v 151.740826134285 371.634403653647 -53.9525556176959
v 406.395381027631 -232.082433611034 -151.976214313979
v 117.959130130449 -384.968910372166 -41.2730619715005
v 420.961916793275 -91.9203286697622 -64.5942639750938
v 411.270186923816 205.200788555482 -134.753751657851
v 388.838795669955 -196.529002170509 -72.6869581030374
v 98.2412429146075 -361.202653780764 -11.6649337329446
v 123.143270331184 -400.353285453122 -64.5676913722664
v 112.92472353064 90.313470360341 128.780306736095
v 412.625802384664 34.411517486741 -38.1903860640445
v 410.819906708258 -31.9254742939751 -30.9329066224133
v 245.086665417088 -372.094385885243 -99.5876452699116
v 457.680974346549 -69.7512728181512 -139.58380637011
v 284.500318236285 -367.413696503668 -142.544140363282
v 425.589702249699 -136.819188962255 -99.0096133772007
v 275.128627906351 277.42312930146 -27.3245027208821
v 60.2886514858053 -329.947075756491 8.27763007812917
v 105.920439404814 -456.65266223828 -157.323422038206
v 326.661927409618 -13.6160636050965 83.7803562620926
v 116.685854816187 205.248790676718 72.6627221114025
v 391.572376785666 -164.377778218009 -50.0714539512349
v 430.64795752244 -8.45885951531572 -67.5860088801385
v 444.010630565008 -32.2152331303021 -96.8414032772496
v 229.167968311489 395.344454586692 -134.893719747869
v 269.700578514454 300.890198068435 -46.734265209434
v 280.668352074479 -284.565590961988 -8.06621597373446
v 165.132363944464 -411.579254549915 -101.56095786836
v 291.184702511298 -252.43286941442 15.8289058360928
v 430.604628623589 -57.6920288033046 -72.8085063314544
v 395.353293072507 32.5682963513816 -8.99636977608661
v 347.597557326978 161.274402983141 -0.000956060605823289
v 441.128420659097 149.155353150844 -147.991581088282
v 453.866964533798 55.951158222611 -127.059443388736
v 394.664297546101 248.682100491552 -149.886585464348
v 214.525213304664 -339.906626984913 -19.5598453112595
v 240.140237308265 -396.433518585964 -142.156275604306
v 274.999326954385 323.398951471125 -77.264042906277
v 212.111862213086 178.948352257344 81.8469057426284
v 53.6086928031867 149.620986425813 81.9950075254119
v 113.376540322036 -286.339993183191 64.1277354224669
v 406.66617394648 -75.7063931206103 -31.4661555837642
v 341.453006431268 -276.854469251467 -82.1426838925707
v 366.228171098863 -237.770151620668 -74.6232849400837
v 261.852536467643 346.722064670286 -94.5426477258931
v 321.099421282363 -215.501205640579 16.2924501298597
v 368.388952299098 -81.0257773930835 28.597047844146
v 289.534013693557 -36.473637184221 116.70547473082
v 233.436550592966 -359.626888908869 -65.6342908867592
v 212.9384003255 273.764605724799 15.285116726428
v 188.807073633222 48.0401546633426 147.801845719658
v 25.9656887059898 -287.829074859435 16.3783491638742
v 389.767471629222 -73.3624863676515 -1.73954333950249
v 315.262541125627 -243.256184527265 -2.87893039590829
v 18.7464522241745 376.279510510433 -67.4080010138861
v 296.628904997961 243.840057947958 -13.4626600007213
v 99.8008483422505 -446.688234603891 -135.392268763115
v 428.926129053068 156.178368263131 -126.741803955273
v 172.811014378794 392.356335238687 -89.7337812515398
v 269.978813031992 -194.310351746337 83.7091023196962
v 369.838463972757 202.532632553159 -61.5923281435167
v 295.027716780373 -329.009104148348 -88.8721114279082
v 94.7252907176089 446.946785711927 -137.785428486237
v 190.97615996237 428.079920230126 -157.759047637915
v 115.144313678877 255.301948581347 46.3877800568203
v 116.945040872917 -257.978384314634 86.5134992632055
v 157.462056735968 432.660236922216 -142.042632487125
v 247.080709090383 300.844507160443 -28.9938209332933
v 368.984457979857 -210.815601756116 -50.5117876955071
v 360.90849474999 -204.360243474886 -30.8262574650918
v 17.8392073706876 339.295298382709 -37.737874003829
v 84.2093402984665 -405.930573185964 -68.8145012630399
v 185.814522343337 -202.992195718617 120.650461760088
v 160.040469089936 -472.989993716548 -166.447990336589
v 300.079927341551 -337.937524096303 -111.727222993473
v 247.4813363181 -325.121262501505 -26.3710510635899
v 308.173059584093 -296.548342707716 -58.8586327370403
v 242.090545715544 -436.680325682963 -166.447990336589
v 41.2389080812714 88.6620577010895 103.391673689199
v 59.9379756718138 347.730134614203 -23.6554437580226
v 367.423677897131 -259.373087217061 -104.744387434518
v 467.46467018479 -56.0173135269978 -158.706327593905
v 385.980332845185 17.1571740567075 8.03777582806199
v 306.667723221293 269.300510041587 -48.4579413795048
v 458.557152747829 163.773332459644 -166.447990336589
v 18.9101673953338 273.717289348151 7.59948265015394
v 157.37837049815 443.194746891672 -159.612805746844
v 100.027994887901 -317.308447408216 34.2465895635769
v 339.157235138772 323.419041247791 -155.436545005417
v 361.382928413852 62.7018184422626 30.5715985925473
v 345.018243345865 -157.130537324062 28.2969456936002
v 407.800395496842 133.136550034211 -70.1785996384348
v 175.154317930494 -427.743245034828 -140.634722651871
v 351.712939187662 -34.7695460066045 56.7655751644644
v 337.433705006901 309.772063578175 -133.938350545523
v 467.247060568518 8.17713674839218 -150.911481548645
v 306.696829269408 319.588776748484 -106.774546989505
v 14.4171101148343 -49.21096195743 95.0106747574369
v 226.009631917703 52.0714439190456 137.340608829444
v 79.6162547881481 47.0279639024048 137.60856987712
v 291.527650999689 139.747534240243 65.9760583705794
v 2.44072292600687e-07 350.249865009908 -62.0237249849263
v 170.531802548227 -374.996964945245 -43.6127463156467
v 115.052830271103 -349.625888229727 2.78172967199058
v 380.096745862547 227.800466611096 -101.863053757804
v 337.786228521591 110.241265264802 39.2905616654552
v 308.194343064303 73.6971424261034 82.1480555585186
v 438.850732705394 -70.6147776435073 -94.5051222581011
v 67.7094365566885 -367.713189103468 -25.5259899104113
v 346.604675355813 -217.853842938075 -20.8492848318884
v 361.944984997432 181.12428333341 -32.7562919605844
v 102.228727059939 -136.084807303231 143.293468714554
v 320.154693820121 192.350493710706 7.32063064501136
v 80.7976720749057 -342.25598794715 5.02899207482439
v 233.764184118866 -218.022917076209 92.4271955128938
v 267.231009065543 -84.9384074369255 128.520358740932
v 123.630745841213 276.260411253729 33.9928323181774
v 100.088683284036 -422.509845514443 -93.9915376577911
v 147.338752239464 -393.359757358166 -61.2707520281531
v 163.17479172413 -147.49383210839 148.746687472665
v 36.0809849120952 -391.954082542314 -65.6485454849306
v 332.38637085169 371.298312611148 -166.447990336589
v 393.690006872685 196.089833557089 -93.7213034937925
v 441.980521805916 121.924956175841 -130.295218125195
v 83.554606603568 479.2021793471 -166.447990336589
v 51.2662305585059 -46.7971314795879 132.478578100975
v 347.772955554099 284.233004836277 -116.194391828363
v 316.574243534825 -192.705709407857 39.8534976529756
v 345.509515849081 191.363631053156 -19.801314712066
v 44.5575721949364 -192.726992888067 87.7097553009327
v 494.159284753155 -66.0570968723443 -166.447990336589
v 34.1650208796528 -6.30518378780421 119.12302918275
v 457.007268384685 -109.951131808745 -155.256321168224
v 327.520555829007 -375.777621665059 -166.447990336589
v 85.8519716172854 -241.371555212853 87.8921951090664
v 219.50493812298 206.225240175693 62.5159689596442
v 80.5009859483314 -57.30034800268 149.435213137038
v 401.75022337495 -251.701433917334 -165.916131912877
v 239.45911514566 422.336021960081 -166.447990336589
v 171.507896475933 -393.145652658683 -73.1531564823436
v 39.3760638565361 34.7791940520038 118.440116464829
v 2.44072292600687e-07 244.643115657682 9.33901507647576
v 74.0384844942989 -16.4136078648301 146.942887126949
v 144.383129565599 408.689806228897 -98.4286480215253
v 275.576571510716 -301.770643324937 -23.933914793949
v 255.05736634457 -39.3175501596769 139.319731208439
v 12.5335006867605 -498.961427120843 -166.447990336589
v 362.632837616189 297.254227869371 -156.596735957348
v 236.853031727624 -347.491673282832 -49.5929407420163
v 131.463269741952 428.643754670048 -122.492270134604
v 169.555899105129 141.000173721963 109.018582662447
v 284.893046702254 -222.546367763299 50.138866454035
v 134.17138941505 -339.186442778678 13.9925786561743
v 427.663444683016 183.540796469482 -146.808824059781
v 395.16702452375 106.064775941845 -34.4888447133918
v 60.7435414288784 382.13708999458 -55.4109883204997
v 373.20310789607 248.877766280973 -112.941486176151
v 169.444973568356 356.703839102985 -44.5284883700257
v 245.042777763386 257.458843895578 12.3006951608782
v 462.819080766998 7.09692869602365 -139.654882526872
v 304.703750718127 352.158647772625 -150.284304627049
v 181.912419748835 -353.23440324728 -17.8579018475991
v 337.048494333464 -209.664998529459 0.315102689418847
v 132.776953191074 -212.082159313199 118.638398242868
v 14.200071952386 -209.45477971598 49.6299772993143
v 213.362774634358 -273.985466278383 57.6394867989087
v 220.314980268334 -306.413007203366 19.4831927175956
v 106.26124176662 347.989752436044 -19.677517177902
v 207.880602215819 257.69514640139 30.1449987885179
v 40.2849770377154 398.532354191652 -77.580215608258
v 194.083319491452 -330.414194811402 6.15668833683063
v 168.745615679271 -19.1776808041803 164.40624931743
v 245.747850190713 -232.192457520662 74.4242793205338
v 153.587472817846 -444.84850886109 -158.542739412485
v 185.778419160618 324.306978898877 -18.1963818845582
v 258.831298195781 226.10322335514 29.8571320992978
v 220.993130871053 242.601374638524 36.3586987717044
v 236.822249414958 273.603912909421 3.17259952408056
v 357.460723343711 -245.298865270491 -68.2402155676213
v 138.735464119557 -439.882397342765 -139.12522102564
v 247.764345649814 -382.493905762439 -122.801629837103
v 11.2129391559144 199.09522350956 42.2431461098217
v 110.720207064388 120.731608203131 113.442778169753
v 324.494949110132 -158.599948289778 52.6781754927075
v 101.846399053571 233.870398336333 56.4503802834716
v 365.245143531422 -11.3292014364571 39.7150216923872
v 344.312713755478 270.988787821989 -95.435969741901
v 77.3745303284513 359.411971475057 -30.7353899575499
v 241.85043351757 199.015702535172 58.2180964949308
v 337.185744843074 59.2780163491669 59.417920944316
v 290.842896930556 -161.842999538265 84.8936245055655
v 238.194246552102 367.371154941196 -101.505685584582
v 24.31954135878 -241.281951253211 44.0828305809577
v 204.104333753415 94.3235586791645 127.421910199968
v 83.4040412198533 173.68409423045 80.9962967252394
v 345.592414750518 -98.2633772260666 54.0015038124859
v 377.972436115272 146.998813407881 -31.0016969638785
v 114.796564978363 -295.69867976388 56.2833316316708
v 44.0868529809317 -0.535677838525436 127.278691172638
v 13.8586743261797 9.27845684482311 96.1337148613043
v 63.8885058031771 317.430357557388 1.38686723870464
v 403.525692309959 155.777817229257 -77.6691592212583
v 378.733231639951 -3.7896488155921 20.9047936340552
v 352.559122612656 200.759665316004 -36.3272084912451
v 78.5846536456468 -154.47284527621 126.750718634931
v 425.859174475266 47.736052336027 -65.8453033861052
v 202.404969768823 -62.5244328257299 159.649505781335
v 214.608442379422 115.75340726168 115.370215725089
v 368.21103967515 318.144243072583 -166.447990336589
v 170.873150965909 118.937636863191 120.095503902903
v 27.5222924136838 -164.920837136676 83.0724583130785
v 137.042322632162 -163.774373775501 142.152757988543
v 215.617985404307 -247.858419648259 79.4615749368988
v 372.364543855398 -116.838064717019 10.3797142400705
v 172.042789954401 312.492590148746 -1.91530249527217
v 63.7376864399849 -88.6012105677813 135.476869327051
v 325.595543777681 -81.1066952545966 80.742926798543
v 23.8990053147745 42.5303143554788 103.466534140175
v 271.756669374088 34.4219179463423 120.374513057847
v 233.925892852154 -272.519572928429 46.7521485393894
v 375.245179088549 32.9579865878518 20.3803117267912
v 93.9270586179554 -206.132486870531 111.668414045471
v 20.8599392709671 145.441538241944 69.9877721580585
v 272.729537762431 144.259733636483 76.0572721181838
v 277.083304760642 107.320044111156 91.5794564635999
v 5.52098207006481 -76.8312301292806 79.361456226891
v 170.41568313114 215.956133680574 67.2891957638255
v 15.7514897166249 -308.126632135617 -7.61889303171747
v 463.500863276244 -15.492554464629 -142.034390853082
v 197.781209887116 -356.125019873894 -31.3138091689639
v 367.766169222462 -151.380543546559 -0.816997462633904
v 210.356775131142 -108.149223610135 151.315829575707
v 193.335286435515 -231.022577251668 100.788314201059
v 238.247709232103 335.501022775356 -60.6118022739291
v 20.776246683663 -193.232831114315 64.6952716132726
v 225.64171724668 -92.3764885102224 148.832850010388
v 329.753289415202 -334.865362939213 -157.269845067439
v 483.655557096364 49.6504289967353 -166.447990336589
v 2.44072292600687e-07 -156.165186728252 53.056160450011
v 301.357012347974 131.511068679606 62.6824271091599
v 246.967713620869 24.1113861285553 136.259761066267
v 189.798419028549 -134.403806034857 149.675807896019
v 166.22301531547 -177.905449028097 136.358863858365
v 68.8951524461017 104.348846145836 109.464075364854
v 40.9794712198076 174.580248117631 66.3590276751277
v 9.73271025183081 458.889459496115 -150.014895896352
v 150.661984808979 241.961270161526 53.5181618184524
v 282.88526273923 -205.351207900997 65.2897486771479
v 110.490393734225 411.615040258287 -91.1164582257095
v 395.424026356974 -52.9397743544731 -6.78534032361049
v 472.008667811606 -159.711641860491 -166.447990336589
v 139.304822613114 111.267101073165 122.705663691551
v 263.579901689624 -289.530483378821 4.02578544105822
v 60.1741003919919 255.843128051881 37.9734717165914
v 63.485160995051 -125.006463777701 126.790288637517
v 123.529865192773 315.040131297231 6.71755955056808
v 120.015830540829 -109.676618090552 155.242999944632
v 53.5306639582295 -165.753305669889 106.447611907167
v 7.80967765305692 -224.770135873941 34.0911096769737
v 154.62777275745 47.9214478303295 150.34412949296
v 187.712282396733 -257.010798699422 83.1958097957853
v 268.183076534684 203.878799977447 40.4041696064791
v 467.908270740091 -79.5784880398524 -166.447990336589
v 313.291381003249 -369.972285759421 -166.447990336589
v 104.30627283593 -301.074206199842 49.7523160388548
v 222.818633763117 156.37327211412 91.9922556577738
v 359.328539216717 257.860410847362 -101.79987636279
v 386.60324291156 276.772941839208 -166.447990336589
v 95.8192755692569 -36.0526598508734 156.600558348483
v 74.5743367452936 132.353505907309 97.402907455466
v 288.550249585632 87.7941780792345 91.9372056060382
v 10.4920049165347 408.378021022389 -101.781310462989
v 156.725655940097 -430.4997858953 -131.603110842232
v 37.2525192224367 -220.325241039223 68.1471574870864
v 228.218389841227 352.41237327059 -73.8416821467158
v 2.44072292600687e-07 -310.319541739749 -26.6928843331743
v 16.4661609808281 -116.617661326494 85.6304570665472
v 198.484390167337 41.5794850362911 148.001778364301
v 415.626696900384 176.205640579419 -115.750181722316
v 448.712044671942 -70.4300583695635 -116.957104898096
v 59.290524838431 -269.235491295361 55.6315313997368
v 401.778923055901 -199.044783185339 -101.372340009438
v 2.44072292600687e-07 -117.419487235753 64.1200017473788
v 111.445902625284 -332.338394128401 21.3380540498806
v 81.8583856150088 -91.9952335671468 145.323856851071
v 187.004746368474 250.745988521144 41.8255784509588
v 91.6676000412463 362.578206630591 -33.2084770222227
v 110.86064501644 301.524537211295 17.7060189453451
v 9.51787853609277 320.293315818909 -31.1701425028052
v 453.162730238746 -141.735761783505 -166.447990336589
v 209.183237557672 -297.33890462715 36.4211364514902
v 261.808598018046 -216.074462719114 74.8994558743675
v 199.10765580498 443.588973836558 -166.447990336589
v 98.895976609506 273.260888227188 35.4686657899295
v 53.9542953771163 -92.4289352723142 127.969578846151
v 117.788189243156 -191.452536569235 126.571142445406
v 180.370599234099 231.298856127229 56.2806394492099
v 317.508176869276 -323.240722256679 -114.202951444711
v 16.2255535228731 84.2120832768229 86.4499472484625
v 126.263509803354 173.299404214942 90.3406842613489
v 28.7260122733043 319.801433764946 -15.589276199126
v 328.618407518199 -128.276373355927 63.0817463425685
v 98.2535164728549 -159.656617206703 133.953144850084
v 357.463237740538 -120.750796352652 30.072398754891
v 43.1362712917345 -355.563877616433 -24.9398354365374
v 420.001036236268 126.751023410304 -88.4124276221984
v 293.677180909074 -386.500051049875 -166.447990336589
v 368.203826657991 -226.727530308641 -65.941250483196
v 15.8815383206775 -328.922827319861 -23.396721213839
v 242.910340672832 -104.11686129114 138.807632388073
v 280.70977612725 -317.498271669656 -51.6321959370395
v 146.548774472827 219.068880758159 66.8622626117319
v 49.5544342784926 328.212522915298 -11.3312404154495
v 54.5715353516574 201.372200320725 60.2896674037151
v 166.523206358833 -57.5160718213325 165.475579111305
v 10.2465520063617 -372.447442756835 -64.4305488039344
v 123.414431520275 -470.184841184093 -166.447990336589
v 348.750446368932 5.19661416466404 58.9543258546536
v 2.44072292600687e-07 -277.422672138401 -4.90236068527219
v 12.7275703739035 166.018587234077 58.047282597377
v 197.800423434585 66.8795522646588 139.938717291888
v 101.685420511281 14.3915296193406 153.473207450945
v 42.3986609186031 367.552293104508 -47.3019887101043
v 199.308871045984 -202.15026644987 117.562477681553
v 122.339437984053 361.22510556657 -34.5322402818563
v 31.3823296572344 205.373050136057 49.7703168343185
v 261.605846201204 370.459088223835 -127.575682074586
v 40.9201828855421 274.916021685784 20.6249574584375
v 81.299992685391 289.451394169545 23.9339544782423
v 2.44072292600687e-07 67.0063324703111 74.5677396283671
v 168.47776892236 -277.949552564355 70.4093145957434
v 106.48656600952 69.2330911892995 137.039185985616
v 9.66600095470885 275.015810222471 -1.22529878939412
v 398.261967639967 5.69356945868846 -9.69975641463267
v 136.411996365046 -325.316318740181 28.8771586350737
v 37.9990855468915 55.9456722658982 112.085257862824
v 143.134934724735 -55.329041842103 165.512241048874
v 81.0884214311947 86.7969848064397 122.258888392782
v 175.101388607395 454.686556307504 -166.447990336589
v 203.846481088942 300.108042869704 -3.30574310617155
v 307.980289160715 -83.7808769200214 97.4990323381909
v 272.513528216866 -317.519631343709 -41.9691657485309
v 63.0130702918681 -210.120091656114 93.2642166282396
v 9.64708742049807 221.468504258982 29.6402272760752
v 448.574286203378 -194.222855816359 -166.447990336589
v 83.1404676676506 381.733084839813 -52.4634199708127
v 20.3468308821774 -455.946700882782 -143.398184453103
v 352.893613584448 -66.6699810988473 52.233857445383
v 22.4957083817799 62.8101343399048 97.6327144361427
v 65.3969661135502 25.7449741906055 137.025179017435
v 167.29691673994 71.3312283514243 141.600301829211
v 468.607273057908 126.401458756527 -166.447990336589
v 72.5844202385071 -386.167388730321 -45.1561922990375
v 7.18023317093886 -176.757461790058 54.746939928266
v 278.078040781993 366.276935158531 -138.799301861212
v 332.997597862102 -135.844593513466 54.7558482584373
v 261.557666294333 -61.5839912671696 134.863051725968
v 53.6808293242673 419.512328925773 -97.3171830323423
v 288.72569860865 33.7453769385619 109.231519056334
v 177.210738963449 -221.336866695823 111.335904113604
v 322.799255128989 275.451512016023 -73.1656713210946
v 224.646244684844 323.867873780327 -38.0387380928072
v 301.999326446426 378.084364870981 -166.447990336589
v 345.050600331291 128.224015486653 22.313382864411
v 116.664457045213 -433.701959146893 -117.233078998285
v 295.678107426208 -170.306192578415 76.0059428657927
v 199.938600461328 -29.1571583099799 160.246929007149
v 366.441920227078 -280.298329373793 -134.419070201451
v 287.645422299297 370.902815768875 -156.530904476795
v 276.195240119817 -368.223840240813 -132.062915288193
v 87.822725372499 453.882457281922 -147.067235479104
v 433.91850204936 53.0618527650492 -82.9180705382282
v 216.033140258135 -388.752899810684 -99.6382189333573
v 13.6117792887863 -92.8279687788108 87.2310547818494
v 409.611523150483 -211.269044016167 -132.88441190798
v 187.921586884093 418.440713316601 -138.712047211737
v 431.54430189423 -188.731121070493 -157.553324261186
v 440.816381473111 -129.649424507902 -129.536187757884
v 206.801049747976 -347.939058132347 -25.4135595452345
v 393.92379498167 -241.579488211035 -134.742601958791
v 58.6985050259999 -442.892409721725 -122.959224102856
v 419.955675501597 102.569777051735 -75.5043270483572
v 444.671434369417 110.911923472936 -129.632344388044
v 69.6398393224234 -424.263700795921 -95.298833523056
v 402.225266589558 -189.484411501613 -92.5840786361099
v 184.161560409273 -409.40991424129 -110.998174903475
v 400.204732856766 178.236917644107 -89.0310200374569
v 281.511208368319 -352.779856176501 -110.068089358107
v 439.924354752439 14.3323952601334 -87.6556576722375
v 420.12891490316 -30.0474262227715 -47.9526079374682
v 341.663504622173 -313.366254153199 -139.375530499633
v 324.95648061654 -1.71777392512075 84.7762669385263
v 363.529359773613 269.459577388309 -121.939902868089
v 289.96250246995 -315.524698742243 -61.060145895971
v 307.719833206598 -328.196420616428 -106.901562126174
v 425.691243244781 -146.582147376163 -106.276493234241
v 399.507025834284 -20.206307212052 -10.6901335132016
v 450.670124851231 135.004416703113 -158.759155325213
v 305.457257031803 38.5512242318772 95.0794968463368
v 179.592304523425 -385.542396032231 -65.399766237289
v 431.590729342706 4.90936535989146 -69.7760993120712
v 193.745209312107 -426.016819536914 -153.983883986238
v 346.419016357802 -187.239664686135 5.52127851173614
v 324.257656084358 -248.92835899288 -20.9461033960612
v 19.1007758184108 218.664113664959 37.2760345473044
v 215.662482608755 -372.475177315772 -70.4417350760389
v 421.653350522664 13.4679205506478 -51.2855107755873
v 412.012137171268 -79.802650326643 -42.6359380706601
v 290.371511020423 262.275158318107 -25.4178819584662
v 240.755451796473 402.231971647763 -157.150715993545
v 401.229362262612 -58.4604818092279 -17.3625418621674
v 376.079552467842 -157.37804032483 -17.9350925602808
v 388.153762223397 -176.931145655706 -53.6455833222852
v 224.897785959303 -410.174798835555 -151.3018353065
v 312.988967639459 336.17460174748 -137.643009494261
v 247.684037339047 282.950687852619 -12.1516957193791
v 461.183300544583 -42.857436747681 -138.785206000214
v 371.474294991068 -262.775853459937 -117.431805240409
v 462.662477021207 -63.3505201245719 -149.64567323102
v 459.691171114609 50.3049658575388 -138.630507100504
v 391.099695580198 246.037640774475 -140.418535320672
v 309.97669484315 196.619710940877 13.9323712336748
v 427.532289680865 147.201806505227 -117.004281586031
v 91.0048659928083 -287.605293541861 57.3310668204766
v 305.594405949622 283.494661097405 -62.322252462712
v 119.744301081495 442.447640860828 -139.717602758827
v 151.644250437988 -404.431687901891 -81.528878990462
v 380.87257697229 90.461927714393 -5.5049642987398
v 391.464333915962 171.843238278974 -69.4360652381845
v 135.402567630925 385.969640309184 -65.5174222302141
v 309.707730576538 301.682715629846 -88.0595167888054
v 431.508592379701 -90.733806395508 -86.1332856359875
v 452.431675710876 35.3305612743268 -117.823847961789
v 365.174359451059 51.3932933163269 29.1724320008046
v 266.100495615552 328.241857544943 -74.9206060153515
v 309.776152647761 -356.553991211294 -163.356526739213
v 377.134532421242 -92.9515107461257 12.3203555534899
v 237.670109104504 -329.687991291552 -23.6841593126909
v 293.667783668408 -294.285614145235 -35.9006531336242
v 403.824219787744 57.7647304287224 -29.3587259475085
v 358.87409373773 -185.139990948171 -10.9801471226919
v 38.537236312157 463.930088593121 -155.222618091568
v 223.941400839047 391.785236985711 -124.480015116858
v 350.451524714997 244.162230915093 -74.1980978968975
v 267.135487384077 293.459266517428 -36.9375973693822
v 399.501311296042 -145.02190065034 -51.2961683894095
v 429.252746661059 -172.495762352419 -136.443896187412
v 338.435069892612 -270.736484609098 -69.09034837349
v 18.2064458213518 -129.467130737968 84.4087776831281
v 2.44072292600687e-07 370.188320702934 -77.312597432877
v 104.347258774102 -254.304977540595 85.9077899569403
v 140.086330164177 -351.512955747124 -1.21837685652649
v 432.651144456923 -44.0444193597381 -74.316115810578
v 241.92429074961 359.37489047135 -93.5627758534599
v 158.202648193215 386.733585179383 -75.0326236638775
v 337.919034390345 -292.251441714504 -98.8660768755241
v 399.891880936453 204.745885913435 -112.810229582209
v 148.834297693409 -422.938588270313 -112.293279753823
v 346.687498063406 -45.1000977567009 62.2417600168236
v 330.158716855043 -206.434976428165 12.310973392856
v 417.814476119072 -241.713868752549 -166.447990336589
v 127.13990408719 -393.676418970641 -55.7687628608858
v 178.866126401522 -26.211612271882 163.960070870433
v 159.284092808165 90.5287878118296 133.8564167661
v 333.750367635294 257.13568040848 -65.9887573444515
v 186.508775244925 360.39576098093 -57.2560476323271
v 475.670899488638 149.04393235409 -166.447990336589
v 43.8780659767568 -83.7058132854633 121.388589616405
v 75.4377272798849 56.7798297626359 132.525246829955
v 338.54610972015 -219.289969893273 -10.6510087683875
v 352.953044782169 352.365387067263 -166.447990336589
v 244.093529466445 -389.359885363823 -132.435503181601
v 65.4429871948627 494.577233381234 -166.447990336589
v 382.214579133148 -197.964925942124 -61.6894244977429
v 402.537737540656 225.514092559265 -139.487421158421
v 282.191720980178 -7.15561462271603 120.644988502349
v 141.576643640887 401.060288124478 -87.1280153078511
v 459.520242926291 102.43036136708 -158.931886767822
v 411.510705488954 -156.931506306564 -83.2841756054744
v 2.44072292600687e-07 223.855758959253 21.6663066507574
v 118.067896841664 -453.767049007372 -157.006773124704
v 203.698068181299 -405.139198532202 -118.917699474212
v 155.492661770958 421.248837408942 -122.544018453133
v 271.405974511636 -324.900147968444 -51.3708764526991
v 339.928494617921 -237.769364284288 -31.3075168274103
v 136.916374209298 -128.076999466135 153.777944726954
v 379.992309501423 -241.507104059964 -105.731192946685
v 321.941210862397 319.90013018988 -126.205373900967
v 467.597145880224 -24.15309749561 -152.337030258607
v 9.77022302064904 -387.849951972481 -79.2447653559802
v 2.44072292600687e-07 105.489379086212 69.8507502299784
v 72.0531078706716 36.7042918214037 137.49175201647
v 365.895356391622 161.291851373242 -23.2859734627003
v 348.565193738085 227.071824888262 -54.7170084468495
v 130.439008606349 -173.433530776979 137.220362245849
v 401.488421329603 96.6230190235708 -40.0285625320332
v 41.9876935514103 417.853614356546 -97.4728915004752
v 272.582509042939 -210.453579408969 70.5664580479239
v 183.777098975294 305.883942553906 -0.195839668633135
v 341.338588676681 26.3865565106877 63.5997374868121
v 412.130491607756 23.753589364965 -35.3987674629939
v 430.705204496656 106.048692691436 -97.8684454881308
v 430.017275684056 164.464372520843 -136.081975432057
v 390.045680748813 137.676522086309 -43.2870430337747
v 348.023760288074 313.681036317541 -154.32073696717
v 168.434617809143 439.592352779526 -160.760805683858
v 326.910192348817 170.185641219447 16.75426736318
v 26.3005685838561 348.874464547767 -39.5618561937721
v 273.160134568486 75.8142074087845 106.604063265272
v 355.723986279013 139.032480419452 3.83778229183969
v 53.6406751688837 -393.088405684467 -58.7977665552713
v 318.730453104467 -287.136955385457 -60.8576417091193
v 2.44072292600687e-07 265.810425654365 -3.76777007098218
v 108.213035953843 -440.060081385184 -125.779259832688
v 282.798198574362 -240.266795281874 36.5428624655413
v 313.115093847957 226.966982159974 -13.8709558212858
v 37.7795647350511 -291.565316156193 24.3436313122154
v 177.501139097956 -347.224258291033 -7.7712553202351
v 272.351184534885 -389.301698665541 -166.447990336589
v 388.110280936859 -138.679448945807 -26.7290668844795
v 265.86475186459 -230.390600117948 60.616869164504
v 414.302752680372 193.795395656849 -129.189632760914
v 149.088493053407 -463.374533884164 -166.447990336589
v 244.860191917052 -248.265955117763 61.4932888462881
v 41.3893972711429 448.443385180704 -134.381836810058
v 92.3881017218285 107.713585311452 115.473077413453
v 373.161125088448 -138.670280286672 -1.85437877127777
v 421.546856927773 -123.54881206179 -81.5633059086294
v 436.477243692801 188.817118521555 -166.447990336589
v 212.146441518939 408.409666865279 -140.707729052662
v 354.298577257763 -165.913325439651 9.99155819838134
v 359.561412999584 -35.8433807614609 46.9276578825325
v 377.226168216703 280.863738486475 -159.694396653973
v 21.4662073320827 -44.2729469187972 104.543521415296
v 407.210578956378 76.1623243795408 -41.1415926697459
v 116.972750033906 111.734969367535 119.151436787302
v 467.393251155734 29.0978033061017 -152.263350812201
v 417.256534003026 -48.5974269085161 -44.3829771779121
v 76.3057846873741 305.087412116751 12.8563181268201
v 27.4029728551814 373.949350396691 -60.3622610878551
v 219.938760468399 -326.440965264243 -4.90166621013856
v 7.611913358203 -54.6414432028234 85.0375292774843
v 445.220334816066 -5.51804860710035 -98.2904577878489
v 299.463087384687 153.11420745958 52.5291435100878
v 94.6927495970615 -381.610742925529 -36.4189458784972
v 251.576907779544 -7.55986820115987 138.891598003315
v 19.0431510497226 -0.599703187677373 103.194420528044
v 148.961808090059 -238.671626377902 102.758426658092
v 296.112666312111 -45.1228162209581 111.693977079876
v 133.722683872252 30.660259653379 155.134385621104
v 74.9308223398316 -239.790710751408 83.7172169640004
v 240.16213033922 378.7664521556 -119.525027899646
v 310.13713367905 -154.957615904804 70.1467696604244
v 173.262183522523 -437.319846007163 -159.078471023227
v 297.322776930333 -257.006557242149 4.20334487479574
v 50.7780947018357 -138.152035162951 113.698002146635
v 30.8635702250715 -428.575789761884 -108.441033330743
v 330.901378245032 339.719748885411 -166.447990336589
v 219.357020475318 369.181317472823 -88.9478481080815
v 124.557186781079 195.906130201055 78.4300563377277
v 109.150029740997 330.288068602905 -4.30194288268231
v 12.5209183847108 -434.293223370379 -122.125904738394
v 379.313777929488 19.6959529132208 17.3258545266508
v 21.1114186379284 -205.140265246007 59.6665414547843
v 234.784622863334 217.88340614925 48.4898570755889
v 382.237259500483 194.913908576531 -73.8057694486055
v 338.443171837943 180.474019677314 -3.17382120505135
v 444.651522378386 -64.4490893057877 -105.477315061034
v 223.521445773096 5.80310128307892 149.183392485154
v 229.823108373551 -134.210197479203 136.716352671839
v 134.147413752379 -77.3613106966505 163.052297422159
v 34.8079445288503 292.931141592035 6.63590792647091
v 490.113086902126 -90.3044858363265 -166.447990336589
v 312.755382714055 91.2952978747505 71.4787650298705
v 218.009684745434 74.0248902427688 132.127032407273
v 255.103717599203 -382.268778353634 -132.25722228741
v 308.1425820468 -200.674988558225 43.5516166301698
v 81.938293908099 230.842734383691 54.8105490883915
v 153.088631726202 338.49747265022 -19.7020769933706
v 18.4263587140105 -266.647872185336 22.9968321139779
v 394.347864515156 -102.804619175552 -19.2581446773775
v 262.483878652669 -29.271049057152 134.730817311038
v 185.598030236765 -170.272540297654 137.107544561969
v 61.2686122510557 399.710539589559 -73.8765027330732
v 237.430098498321 308.058997400774 -29.6381192464124
v 120.78863929479 -310.743179508123 43.388053846697
v 80.3612464398427 -333.879592393416 13.0051048605069
v 258.030323117771 -279.157326571384 20.9791683492807
v 414.478862050031 -187.438454423129 -116.648151562761
v 459.310709857401 16.9402835198305 -130.973902084816
v 116.453920757387 -378.197665115868 -32.1367153748509
v 321.183844060665 -224.688303686309 7.93496890402268
v 338.583012938223 -91.1280142919332 64.1619464580784
v 44.9751938244382 483.596278286329 -166.447990336589
v 318.74449816957 116.650208796528 54.9771850235414
v 120.029735917219 -269.694051241883 78.2433560238598
v 356.007782947107 -260.968306916928 -85.5863408313155
v 295.780613543303 -149.851917265677 86.5382178158476
v 232.952694290491 -200.072485742862 104.556550562488
v 218.844947052898 252.544950557815 29.5428832918585
v 55.7888208901168 438.851647031513 -121.23613843507
v 100.022058117616 -327.169022834279 24.7670897075833
v 24.0149771062899 -307.197626003028 1.02956633035974
v 451.716317114712 68.4120707810326 -126.774808588367
v 373.089553671705 70.0163575482447 13.1345740738765
v 284.359232636566 124.19823758561 78.8779364472233
v 51.6396343609851 111.117684946586 99.1035984828282
v 59.2778258645588 -147.806036381036 116.88900030122
v 6.76071066378552 7.05919528253439 87.2677802142876
v 38.6131825253992 -60.243405041899 120.571372550812
v 102.527432323359 283.579363253132 29.4778645456333
v 10.7297011347295 447.561365251442 -138.886556510688
v 60.3355678447759 286.381468031857 21.2800610109501
v 176.180941075237 -259.312817887063 84.4089110223537
v 341.153818606841 294.2950113859 -119.288903179467
v 278.745829022032 -103.906737719965 116.760524782555
v 21.3243455075856 -447.48730483582 -133.55827025753
v 225.670289937892 -55.1294965161635 152.632167110369
v 97.637451153397 -476.809946649071 -166.447990336589
v 42.6608407584234 -344.829054033118 -15.3147196218957
v 409.892119677162 -6.90387413310455 -28.5395818126312
v 413.850237445413 256.60999368607 -166.447990336589
v 52.3872673992451 -454.730443961206 -140.94103460064
v 64.1958146213953 -112.877572240653 130.391311260485
v 107.247850444693 376.064923249942 -48.0192521523491
v 312.907237043618 -270.435290346799 -30.8480933506649
v 217.322822646639 282.225500250678 6.02637821328485
v 264.870422210404 258.15350316433 -1.14155917620233
v 187.310969424427 333.226560361017 -27.8855910077042
v 213.773459449383 148.370391478887 99.0214170734148
v 9.01844059267635 329.887949334142 -38.6282911295636
v 156.856023605869 -305.202642605667 46.8097447353864
v 96.3274631056712 -80.2201354421757 153.655183746533
v 77.8706982860957 -274.371972247155 62.0754860024291
v 191.565049477742 173.918110920965 89.2671701555827
v 14.6160823995778 -24.4717845944176 97.5562856618934
v 253.865796228202 236.717076513349 24.3333372065204
v 216.460714708409 -361.084045364798 -52.6122424203635
v 467.395943338194 -127.886298975498 -166.447990336589
v 369.101821896383 182.604894794081 -43.6471827580444
v 182.009884373303 125.443689448118 116.077840646164
v 197.853276563841 -254.64348138813 81.8058880570214
v 9.57888520026028 -397.009264663378 -87.9999332033974
v 36.9016148269155 184.438525029424 60.8478888971855
v 205.236675855644 361.240344335216 -68.9391861380033
v 234.037567628385 85.9257209080477 122.049456915683
v 361.932717788672 13.4961329084765 41.7947008959888
v 211.336945429462 -220.955770489921 101.524886433077
v 352.653399794683 267.811580753029 -103.501310280124
v 76.8022637698783 442.060677728997 -126.678893238711
v 281.367836953303 -256.841165806438 21.8105209601643
v 157.871573245395 -253.690829766192 91.7132147553949
v 176.773056129972 52.6211951969433 147.857949786225
v 444.791414274561 -161.903814924139 -166.278801907691
v 258.121298566591 111.311483986848 100.701611956947
v 192.403334140988 17.5586235429832 155.475480059309
v 238.290707957634 -151.0307757092 126.321988578035
v 310.275450902465 -114.635110224553 87.3807883827755
v 324.115960933893 -184.605224459443 36.645178098029
v 177.63479579796 -97.8834874226823 160.291083339302
v 119.784899700965 -44.1603387679862 162.81246460161
v 337.775028026635 -158.753186807493 36.9049864044786
v 268.541390781459 45.6723611405304 119.330606609664
v 201.412252884318 -2.72024838367461 157.056337219727
v 124.913443794088 90.0169683688879 131.0126466541
v 349.846367814095 -127.233051060542 37.4005892577856
v 87.542598707854 -0.136195316650977 151.306838702206
v 25.621316345154 -357.079322362436 -38.4366382158856
v 8.70680777385464 73.6413494843963 82.4374016781948
v 341.82881986404 -55.8813329147752 66.6025939939949
v 143.7013724543 -68.8136313833297 164.619465088743
v 158.840695436446 24.2727853243547 157.378726069419
v 446.196073172503 165.610429514853 -166.447990336589
v 184.845984305084 -397.580896273258 -89.5057838746398
v 39.6570191292263 -271.169697403771 40.0424710831666
v 276.202122963656 -136.140009742653 108.547082461549
v 58.3357651868298 -483.883783054794 -166.447990336589
v 2.44072292600687e-07 -298.985428181461 -18.8442533714506
v 112.454709109685 -341.134490768608 12.0094949910167
v 20.1888016765693 405.683501950308 -93.1951278608883
v 381.009725890109 -282.147299969573 -166.447990336589
v 41.7128337861787 -314.193719290706 10.1364439660318
v 368.975467106356 114.190836623637 0.351363393979188
v 83.3562803791202 138.202488186145 97.6752369501535
v 334.197142934062 120.747469221497 38.1225481456196
v 284.182767695639 -394.032548993911 -166.447990336589
v 160.701399884084 -83.1988067536191 163.511695500957
v 231.164018422655 -30.5300094531162 150.171042479084
v 89.0636627497952 -366.253162679443 -18.744163234134
v 207.037999901456 106.137922031348 121.687053599321
v 263.383092992554 14.742421315888 129.54693108978
v 86.8764232374967 319.635534370281 3.79521374404863
v 282.973215832268 -125.694570375935 107.248345704674
v 213.399398475006 -427.068726338637 -166.447990336589
v 334.750411827723 48.5308112663264 65.0463283964802
v 82.8342446116984 -220.310103862367 99.0196519160466
v 74.692862617929 -451.300044751184 -136.906722989156
v 177.847173436998 -39.244258031974 164.604353309835
v 37.6512543030473 -473.132526999288 -166.447990336589
v 326.776675337526 -267.036206806345 -45.8706492680565
v 386.468024237769 -6.65202054325702 9.59504861294188
v 229.084815430574 -190.879190597883 111.971944918963
v 199.030636528446 -151.451276831027 141.711417850592
v 376.321366328315 139.205935703571 -23.7403506847033
v 170.121232023968 227.343557531177 60.201695262216
v 170.698463881325 -138.377746724554 151.123821090761
v 304.30424100011 -27.4081191143431 104.879206090631
v 114.046690571215 -133.61185992727 147.822989511156
v 170.534266149158 280.62296594186 24.4485057879383
v 284.936375601106 249.879181962581 -8.88274570736586
v 267.509395970768 -52.6978239800311 131.933271463933
v 428.722945471114 -71.2030957050547 -72.6905011167478
v 104.166247600529 150.472173246513 97.4970005023714
v 193.704217024448 217.310911009147 62.6154146240367
v 209.330151986399 -171.587163470843 130.090205891003
v 193.959682281833 -271.768301634155 68.4053657228281
v 46.5367548940575 119.993785122187 92.7573751830557
v 32.739799168268 -377.033524783063 -52.0445189196932
v 323.956893587171 -295.895361471212 -81.22949433194
v 146.364499662969 -284.594189051148 67.4969509763733
v 362.880010443636 -90.4980816930069 33.5687278625138
v 368.702845535269 -317.458168310168 -166.447990336589
v 182.329187372344 369.098977326236 -65.2626363679309
v 7.23215927510193 -189.410224096252 49.8370499420165
v 49.4363465204558 -428.842366621408 -104.012164601052
v 16.0684656287033 -243.522659794998 34.2413766348024
v 148.356346413784 106.354344293564 126.003244333845
v 346.033424715149 60.2509037859705 49.5367414331452
v 472.576159556003 114.460715216368 -166.447990336589
v 51.0371442445965 -332.334762221873 1.16474978433968
v 25.2959845082678 92.5601791672826 90.7669316688534
v 173.602516022295 -293.362373346784 54.803247178415
v 102.507329847719 -58.5930654459397 157.968034650928
v 78.3021395739139 -188.425304381705 112.976370257378
v 188.48678011422 -222.246544990179 108.266701817426
v 393.533606310476 70.9879242917655 -16.9085424346371
v 21.9895399822113 301.84457675082 -7.39119328701764
v 99.775577384245 -147.777590679563 138.830541336938
v 347.172471875583 -86.234521855696 55.2087825595341
v 296.908231627252 -105.732304106899 102.161022480739
v 417.999550964284 -167.821651039309 -106.142341274256
v 44.6214924799216 265.573412006016 27.709903878927
v 255.588310442163 -209.358965958115 84.2662570993613
v 186.651600604065 -448.389541531486 -166.447990336589
v 110.541202328687 310.361727730952 11.2676804638478
v 259.752938923523 -109.739757388644 127.991395683263
v 285.936064222267 -293.809732798351 -25.5150545065357
v 311.988847253187 -51.1162302791285 97.8741219294516
v 150.790485725591 309.21805814403 6.67765778729016
v 233.039860047149 -303.868386818871 13.552383013243
v 205.832918076888 -50.5766159571242 159.282099069267
v 150.039709691298 -201.570596389529 125.338529245483
v 22.1806008062325 -67.0418959466399 102.880101876248
v 186.753509869388 69.3339527892788 140.71365947346
v 452.19293500208 -95.2434723464605 -136.726499151963
v 341.539664228972 38.5386554224872 60.528992265309
v 420.801046192263 -112.51713726524 -73.6835354755994
v 440.390661073023 93.6803239051072 -111.762856314158
v 431.429147599157 -125.860660255209 -104.597117434523
v 437.98451029963 -141.584593198531 -132.083881294056
v 294.575988881794 -352.233495524628 -128.915207935538
v 387.84253577174 -20.9148512213619 7.81542393873405
v 450.55349747519 104.370396304497 -139.642475629399
v 399.863460632927 -173.207323955395 -72.8275738407234
v 282.230859217652 -374.707682320438 -153.622737868289
v 425.856152119484 127.264925484961 -100.279205989039
v 399.49435225836 -107.787747318866 -30.4155980480153
v 370.269721125454 -47.3539116395239 31.9559327828074
v 342.941021393707 263.397899996089 -84.9276133091342
v 387.034550860152 222.041583551883 -107.328831801075
v 190.207770451316 -344.971688907649 -10.8339057395806
v 222.078969330962 -401.688658749618 -130.828676619614
v 394.628664225416 -208.813113265196 -96.9452935824974
v 441.307425394798 -86.5919154268658 -106.032552295644
v 191.94878707021 286.030925557091 13.6334469129556
v 319.171920232158 22.494932157002 86.5544534539431
v 204.065563786184 -386.674484154982 -85.0332687717502
v 113.325223768619 395.808068724815 -71.630447923286
v 442.595253733117 72.0346118152269 -107.557464126669
v 369.157621187578 82.5824938041706 13.652249331145
v 238.158333853991 -379.758800769863 -105.891250813369
v 451.551992392807 124.285924000197 -153.014444320841
v 370.184612602563 -92.0749323271682 22.8283310170405
v 300.244480644986 309.460176779875 -86.6678171936995
v 218.731926185436 187.275361501689 74.965147666208
v 226.694512976573 372.413409506858 -98.9616811003204
v 366.475013752989 -182.418804030959 -20.692958876151
v 455.618711785613 -48.8741026270113 -126.63920894536
v 289.992802221609 -267.755883053626 0.746577188030023
v 335.266752105363 -322.202784326215 -143.161310493467
v 455.833375239947 43.3725261763948 -127.428526365356
v 219.574884071068 -353.12620798989 -42.6761366724523
v 400.204174101916 -33.0514605597809 -12.3637217555773
v 379.291478531369 -275.264151355514 -153.215989735165
v 420.772397307208 -157.50109338165 -103.699611106624
v 360.67915128186 171.562082997445 -23.7223102049462
v 284.523201787203 -26.4869292001729 120.344099015423
v 180.758692574605 415.221167868752 -128.094854223399
v 355.945761158715 9.7628385673424 49.674541173375
v 394.665567443488 235.060215994307 -134.810782749511
v 444.257244637604 21.355489741007 -97.5385642438548
v 332.089418046664 -247.285568936888 -30.2208624584299
v 326.061011965989 -287.764259296792 -72.7857370713017
v 182.119349528081 -372.537554675432 -46.1620780194477
v 408.334641327642 183.353486604868 -108.101869136566
v 145.386907256346 -412.570511052425 -92.0416610156233
v 417.408870893596 23.9789818648494 -44.8754814815944
v 243.077357577198 162.366971899203 81.0099036757434
v 395.406781150456 -78.2992188099233 -12.6585522445944
v 184.87282993585 -403.370764828719 -100.334167147958
v 200.079965438473 233.350451550113 50.1896909222147
v 442.569347826418 157.192787693983 -157.554111597566
v 250.573231680587 342.43951351755 -78.9062615084451
v 334.757269273614 304.15944730002 -122.844184098548
v 324.856107927055 -313.26412900532 -109.60554193379
v 356.253736673062 -320.114920633953 -166.447990336589
v 280.770070855195 159.625784098142 62.2258418530749
v 24.0949361952757 -327.585650769075 -14.4272407212408
v 113.431412588137 438.182309516662 -130.216573380005
v 388.322810963583 206.167739222 -94.0026810073639
v 2.44072292600687e-07 -35.7000442686229 76.4207675462992
v 136.159680453181 -365.924005276678 -19.022481882374
v 449.00615290682 -183.287159864334 -166.447990336589
v 447.307233386313 40.7056591199205 -107.780229526333
v 369.518754606553 259.338063447121 -118.998858616228
v 323.823833738939 302.959749840374 -106.885993184207
v 428.649748585715 -35.8272213172087 -65.0388740988173
v 54.7258659811253 24.7916622220258 131.207042546134
v 132.529488287228 407.732176609201 -92.6368746199832
v 414.540579063049 -211.735159852143 -145.034917098559
v 414.695582738132 148.6266694706 -93.0659411996873
v 70.4599581035454 -416.538178449029 -84.593979518079
v 120.096519820812 453.145256450698 -158.338108147509
v 107.680745765019 -112.562586892729 151.351983554321
v 325.542919229955 248.656651747912 -47.588395017329
v 76.7046785051581 -457.510249341812 -147.668366805289
v 260.240452530474 324.549884871103 -65.2358288340869
v 321.006718773096 -338.825131574068 -149.328135389348
v 231.240390051522 -296.761710866715 23.0835883287287
v 353.463111766717 -206.610654032712 -20.9465827823249
v 131.512605255445 -404.190661377798 -72.7353030965686
v 105.969539987291 -383.793264769034 -39.2119454929564
v 241.377650720311 -315.270973244278 -7.4148871912054
v 274.591410515665 285.341853836843 -34.7737874638778
v 270.440801701459 -292.211566936545 -5.94277094721138
v 406.739904188782 -100.803927589435 -40.6099247306421
v 400.612192132427 -133.551222327031 -46.2919535999813
v 326.959438969493 45.8525754534931 73.9398198167995
v 192.005564182392 386.993964939657 -94.0067256305421
v 416.376799889062 -37.10811284105 -41.5359751770618
v 412.126123160744 -56.2709374331716 -36.4247366105829
v 362.689551233502 -269.804938681735 -110.486164975925
v 43.4396561270263 440.762334640312 -124.2160796439
v 132.655792281361 -273.789444917693 76.4731063671131
v 389.407709699425 127.224453855231 -36.1890563544903
v 393.022472612123 -1.18109534792776 -0.769238506904813
v 178.981902946314 349.139873101694 -40.5962796832165
v 340.664654133287 -260.520922067413 -59.2726827801406
v 363.044893920392 -24.3576716152028 42.850395166669
v 458.576810759383 -10.2073574171913 -129.389336824027
v 240.479985655239 390.557246212277 -138.355320336696
v 47.8962086197587 344.363408059175 -24.8687053091362
v 428.848360537075 56.7873158077335 -74.0249283396904
v 273.747081140855 249.763037147546 -0.0653941038342869
v 218.8094661199 -417.435843514101 -160.008543869621
v 278.87533315758 199.936555926535 36.4394991677093
v 279.081361309681 -324.956125045272 -60.9515506209036
v 222.120672761158 -364.115899978818 -62.4484866124878
v 300.148451004565 -137.571946036472 88.1574893722288
v 338.437660483282 -166.970349927844 30.6798986164722
v 287.997514048875 333.572074042129 -103.502281751625
v 380.795138629618 -159.562695595945 -27.3188135805874
v 253.210910145617 -248.580203925202 55.034019281106
v 301.808486267076 -195.861175833548 53.8614150822157
v 331.338045160599 -196.170433944256 19.26857370967
v 473.490790450168 -60.9990130357507 -166.447990336589
v 40.2344160732436 -453.236282695413 -138.327357196229
v 197.577124678017 -384.965532445116 -76.7190219961466
v 157.66576097585 -396.174891284085 -70.4594374456166
v 51.1432981419369 453.715745152929 -140.970737500527
v 442.2700584102 -45.4016285418073 -95.050289206431
v 45.2354402454864 -204.414455394346 82.8735923822411
v 90.5644084335409 -426.06088497625 -98.1813101074181
v 304.126023600789 -277.81077817788 -28.3859305782656
v 366.564592314683 240.585260148639 -93.4229474521541
v 432.304716449692 136.519937642959 -119.156783055302
v 75.7335689246966 76.238169000992 124.852920484613
v 305.642331877015 -237.31921105847 14.8239931745555
v 223.922250786447 -380.252384486324 -91.8921496467399
v 306.140563417914 -40.6655335372281 103.324172293582
v 13.4099068758848 61.4877203462451 89.1880618978464
v 313.01225755754 284.333428321658 -71.6478836144124
v 321.923559288715 340.986954090162 -157.361430067005
v 265.856751511051 -204.465048106253 80.0502485697146
v 346.759755224739 139.201592654507 14.6064978490478
v 164.571399472637 -95.8453465626164 161.725356244314
v 106.988816775649 362.261672007855 -33.4448017512393
v 390.342557359995 25.7590065567342 0.00707062882970297
v 375.282285490203 203.706068534838 -70.8547755507164
v 386.72675313144 68.3101615157089 -5.70257699959312
v 122.196422140305 -71.3156721084309 161.725267351497
v 295.778683299275 354.61927714393 -142.400184795468
v 210.658566245213 385.35302893385 -104.753175124437
v 215.899826430425 25.2104839045586 147.840958559185
v 52.028848385935 91.2049510251374 107.88385315313
v 184.310976535852 315.025527477278 -8.95268292490893
v 83.1167523339444 -391.84052831795 -50.5349855460279
v 361.142282858976 -249.772891551271 -80.241158593421
v 58.1282068083771 190.778868704293 65.8181656789405
v 374.977814892645 102.133840327166 -2.35466318067135
v 147.109777041576 -429.740438053644 -123.691612022982
v 29.1935694428147 -419.897438007419 -98.9988890937657
v 52.1260336329783 -384.314557646484 -49.8239985716194
v 234.542326441854 227.027784846873 42.0127295783991
v 48.984361467656 -413.998028103337 -85.2509672808398
v 234.893757844791 356.095253479138 -83.6130282328667
v 139.300898630187 -258.007210985324 89.0167146433899
v 80.9488597083401 -292.499376480383 49.5658728792079
v 303.496789445426 263.709888386179 -39.4050333906819
v 354.526904807984 274.076543318994 -113.816026409802
v 406.763930647348 44.0830178908223 -30.252432107476
v 69.9140038188354 -266.182480190871 63.8169280369469
v 341.797224817046 -78.4204813114281 63.5403507354992
v 81.4671111815481 -250.172502861079 80.1013238426282
v 102.82752177493 -291.668025456871 57.4645330358726
v 245.886675373083 -90.9773028700189 139.819042162117
v 13.5531338400732 -173.013372527446 64.1546128006673
v 419.518906994239 71.4282358128334 -61.4033674122996
v 255.009313427438 -350.473011378789 -72.8747251307105
v 340.724796473546 169.911368781757 2.00635235214204
v 447.193298192733 -141.330194654951 -154.716271906365
v 299.410742214386 217.247187558257 6.92618146808265
v 157.593148243249 145.642207427071 106.779499589315
v 259.905555191518 389.85847247599 -157.184126993802
v 288.167121543911 -337.716511155033 -93.4809944617235
v 344.680247457284 -121.90498068994 46.5602670441818
v 330.332845184778 82.3598172973231 58.6197840869666
v 60.702365006098 390.908525227527 -64.4038492113683
v 130.991667949263 68.2649214212895 141.394578452483
v 104.050921869309 -434.356057893098 -114.459978675883
v 247.004261267673 98.7025077425644 111.531481010208
v 231.082973571404 -122.159810998632 139.922475304305
v 384.423260862829 268.556375570628 -155.63890315407
v 302.79136144683 292.33682961482 -69.3461946000915
v 2.44072292600687e-07 -81.2134301299918 71.3428923589258
v 27.7799355450882 -90.9293959910863 104.462635301217
v 215.471667827353 343.256616292377 -54.0255493195128
v 66.3383346972031 -22.1588871482829 143.262597509071
v 71.9782791671302 -445.01694805053 -126.498974176891
v 274.69099586877 179.834512052088 53.3130733904178
v 27.2383528821337 1.74670972761717 112.097144102368
v 274.664175635952 131.663062697882 81.3626811699107
v 408.62143495357 245.684558504935 -166.447990336589
v 204.783766952495 170.983403457067 88.4758018513072
v 254.948459944643 -395.439773084576 -159.423451347437
v 206.548911621745 -311.951588463846 21.7016907540803
v 325.624751417586 198.103433650147 -2.66312284339676
v 301.410246446446 -294.900600051913 -47.0398406177187
v 285.644343394476 349.920707607143 -123.100106518993
v 144.877830791761 436.171706381438 -140.714980166743
v 16.0662496577627 347.704330299294 -45.9635232134703
v 154.706036533424 347.64436574467 -29.1919534983895
v 164.128700544481 436.243684165345 -151.957978587498
v 372.443912442099 47.2065971931204 20.7806754508009
v 94.3205553718437 -411.527391940622 -76.9897958665348
v 376.31331517888 -208.247780346357 -60.5741117194766
v 408.175675572711 18.1194292776366 -27.6345449932264
v 342.077973731411 -12.4929036546631 67.7111890150828
v 128.942358341677 -386.74049342117 -45.9750126100811
v 418.474264005571 -190.924500536659 -129.867834159529
v 186.441915147488 -434.285857965533 -164.766404915417
v 123.897132216128 -84.3477654631595 160.507461155109
v 127.430570900149 -351.728101762465 0.0697411833345937
v 204.663863241195 267.698483691724 23.5648619773928
v 230.663628056199 74.455334661138 127.936777396639
v 82.2612986580232 -130.218605215824 136.394014618043
v 292.551264487624 -347.241706681133 -116.401550189139
v 17.7391394565754 -383.158112891846 -68.536558821901
v 329.962974871778 318.86249703479 -135.939035782153
v 180.873669084043 -159.238084425826 142.513739019832
v 423.056409349899 168.257429026705 -124.185005254835
v 366.489465185255 281.605460152398 -142.315342951028
v 464.952559173409 63.0444685047669 -156.037765224419
v 247.093535053993 -342.993163380426 -52.3071527478294
v 308.188374546583 60.7347029430634 86.4301939946045
v 157.492889844529 -435.659378979541 -142.850338021287
v 101.774008553013 -464.834052349234 -166.447990336589
v 401.013606696525 -230.883980650827 -137.873699053622
v 280.898127307721 -144.935522230062 101.272240347891
v 47.5494440897198 -173.955636388757 98.2984263939537
v 282.469803110029 297.935908786826 -55.2235387671735
v 362.392776214111 -134.784635562308 16.3564323223426
v 408.706365690827 225.503425421212 -151.591549696418
v 31.8891806266486 -261.250859085582 39.4773381731663
v 128.135541735686 -318.363097188295 36.4788056665869
v 45.686996707918 -440.634430575472 -120.312059504344
v 79.4388374241808 -325.155422741221 21.0974640530147
v 238.674750325475 -363.501295041355 -77.1390532559407
v 298.962341446962 -64.3659110269254 108.114885584785
v 312.46676043589 111.214070158275 63.3076166413449
v 127.502282005605 206.236669252178 73.3656039657372
v 146.301881022806 -210.872201082664 120.253225158394
v 328.302076079044 292.979296100958 -100.347723302566
v 175.753734895206 -327.274221133836 17.9739022118057
v 328.69056308774 -147.176014889293 54.2732301059145
v 220.507979273243 -265.659333263235 61.567171476276
v 82.01098918403 434.594493826521 -116.68340391423
v 127.642770753552 -441.877863301134 -137.457223506512
v 72.4114030689864 -393.980940364095 -54.7610357892641
v 383.936940959423 -54.5990540280383 11.1937105284145
v 172.576896096488 372.471062848238 -64.1800996412286
v 102.769722395352 -235.416219027838 98.2180101419085
v 253.316565608233 -161.237956928128 113.368044708515
v 188.606353652199 436.126955197512 -166.447990336589
v 36.9499471214728 76.7164123570159 104.728634357429
v 145.542736364731 271.455424315894 35.3384727350491
v 382.252676054764 -245.925635824923 -115.819111752494
v 465.614836058787 -98.3743027628395 -166.447990336589
v 414.839131938783 -144.553092631903 -81.2020581988893
v 102.217297983454 -346.265003202681 5.3999874375401
v 99.5131784871255 3.46728933227779 154.868583398987
v 321.777368701499 -33.6491822114806 89.1867920004592
v 342.980870773718 208.168691137081 -30.7178431504021
v 17.0063007228764 155.591853455873 64.0619801357571
v 180.99716660495 194.291392178346 79.0610619999461
v 156.187143254076 -125.577625525547 155.565109416899
v 398.372296324968 -156.698340447298 -57.1258006068078
v 296.217001081445 -317.325083063988 -72.1716591412548
v 94.7936302455016 -353.35318944888 -3.43520497794696
v 18.9989935428258 -413.814400941146 -97.4015232673139
v 255.913607356871 143.775839237086 85.5527710938845
v 367.326048186002 212.95410895618 -67.2695948976539
v 207.182133254904 -256.58916736892 76.1971132184635
v 99.3653624312541 25.0292473241992 150.46032510389
v 212.277406036483 421.639026080137 -162.85125996679
v 43.053756534257 203.788002314261 55.4660383722354
v 336.243912746874 90.5436646597208 49.4287334856194
v 317.744377783298 -9.77192785789137 92.208512833329
v 320.138108960244 -169.716172854369 50.9873547427874
v 178.856525977275 289.088508292176 15.5613733787855
v 136.880956771169 168.016123125187 94.1542115130929
v 485.86700720235 23.2927864621827 -166.447990336589
v 110.15520431887 473.968475051342 -166.447990336589
v 33.4676059335701 -82.3730813755325 111.994244317082
v 296.304827184744 -241.960990784101 20.9513306111813
v 350.240670952824 -146.027659381011 27.5975433581065
v 56.8396546285474 -466.623794930874 -160.411926774669
v 62.2035742023902 -349.021848838526 -8.65616109130918
v 18.311939372051 319.916715049757 -22.6572425041767
v 373.994558743675 131.142861932184 -15.6981587884773
v 303.09118421995 248.488974496905 -23.7371378443136
v 227.421834006125 257.600158076827 21.6963603597975
v 28.5629320508386 -200.889271043343 69.4162484894571
v 381.430315904754 -135.285787867197 -13.4877531730926
v 470.093053000945 -1.26415268890613 -158.240770512779
v 203.525247845873 347.479329880228 -51.7982635931086
v 2.44072292600687e-07 166.981753606382 52.2633095405359
v 449.774847193247 1.8142904918211 -108.404066617801
v 121.080271229764 325.805813387055 -1.72481173612497
v 370.918765680058 150.278259915486 -22.8929338718714
v 280.68691797428 81.8738275672373 99.5203915042849
v 264.933942477712 -158.817443615286 106.951189716066
v 7.86755560753669 -236.000752795171 28.3772413053936
v 147.593061890227 195.907463593312 79.9612097144102
v 161.454487131622 393.731024558292 -85.5859408136385
v 199.080835572162 -74.2904638833564 159.557425521788
v 268.389282472419 -368.567271290211 -121.681631137478
v 233.825367774982 375.448896027405 -109.161052450318
v 212.336976922917 2.40598528988964 153.375145974705
v 265.846566934005 -118.42811593452 121.815795796436
v 323.806156767309 -240.798475919952 -11.5673437061092
v 208.298195272629 -289.36554910617 45.2166933853077
v 20.4125417224787 207.619346226348 43.2513779656549
v 131.585256084967 -332.02607556499 22.0458678681928
v 427.800034845984 14.7366432827762 -62.845170808818
v 228.716316606753 132.818923299722 102.787488259799
v 256.726849643641 284.540142218348 -19.7909190145799
v 241.913674407453 -38.2073296699334 145.967644030492
v 9.83858556543197 309.421749684938 -23.1084719680311
v 177.97190275837 -284.732557070458 61.8589050030401
v 118.659034075411 15.9330405965876 156.801786288461
v 205.577275033868 400.028902864533 -122.33418060887
v 36.7503351259205 137.509797258342 80.3784789473871
v 283.814319667714 -302.047099986133 -33.7909027598934
v 143.38364412802 378.881784236307 -59.5375262297305
v 186.504381399965 -75.9241170276477 161.945213578962
v 249.150489443851 -285.985412434734 21.1782485753021
v 19.4971568267398 464.143075782904 -155.053607448304
v 284.212838865768 181.348077349958 45.9168449602598
v 299.485513772545 199.633075848939 20.8864309178361
v 347.977663012918 72.8272563663766 43.1970104837649
v 33.1066947466377 -336.20601900884 -14.3160183459536
v 262.324049367515 -6.77765109493092 133.071099522874
v 135.17603063602 -1.44094502525318 162.085994403308
v 229.03948009385 431.714620531803 -166.447990336589
v 7.02277224441156 -201.288425190091 44.6915019228786
v 219.376221323812 -140.731628521489 138.857894926658
v 126.436939689525 -410.763218488893 -81.8181171688603
v 375.414100838996 -36.3022010369474 25.6223592483833
v 446.661617554655 -83.9625865371574 -117.497014471243
v 431.622121206118 -114.502609131172 -98.1259616297965
v 291.545048593893 308.490229155523 -76.0254548391472
v 359.233982657265 -284.492063903268 -126.390397950284
v 303.236282695413 -348.302096397403 -136.175947838711
v 419.988159476762 114.740232330267 -81.6408585420664
v 377.819388082165 252.374530328451 -124.291587742544
v 344.205509018049 -249.59782349747 -51.1940559405038
v 200.025702723117 -412.13292981074 -129.945056619645
v 253.9958591186 -368.701702627621 -103.818067134903
v 231.338426129815 -371.880916134453 -84.2953377495285
v 443.119772149931 34.5694482753016 -97.343025444172
v 226.168724662372 -394.838908436843 -121.421822831028
v 278.382105012387 290.967423068346 -43.6897560679507
v 456.822879284062 -119.763413037173 -161.562022042371
v 369.512455915512 -130.056832987667 8.2529186686599
v 185.109526109852 -390.388121278248 -77.1009055384289
v 161.232039206304 -167.142141646386 141.472791432561
v 451.643221821104 90.5108568607222 -136.164010803271
v 402.684664668356 -221.051419161126 -129.377298196796
v 413.977811336933 -164.890296104514 -94.8271174396024
v 385.329256454761 -229.52328560043 -101.645793363313
v 69.922086715705 228.371361680491 53.4309452658987
v 287.171141023121 364.125906770229 -145.74642790564
v 186.568435024176 -377.541966298955 -56.8031196807173
v 359.979564811245 43.7167255137116 37.7673356232123
v 294.576776218174 -25.2300117516304 112.695799128647
v 351.845389485148 -312.850701211939 -158.256339454747
v 372.939248616955 -169.705251736839 -21.2382544015913
v 142.73067559049 -447.789438822185 -157.498705974562
v 286.143844832762 -325.118798900574 -70.3889136942178
v 424.049723086176 37.1159100110075 -59.6732528624757
v 387.939632125966 40.086415882251 0.777641507205652
v 422.907094815111 194.847061178069 -147.43174682513
v 438.841233872938 -167.654151573936 -156.271642226222
v 376.642751959071 -263.962013813436 -130.141941510558
v 259.657417242057 355.491036302303 -104.279966911554
v 114.894512163839 -396.254691635897 -56.9085592607775
v 422.770504652142 -213.763249474389 -166.447990336589
v 232.827431612216 -338.580371551657 -32.1577004291745
v 15.7694698762561 -318.604987242611 -15.343112940102
v 459.636870302332 70.8456513379893 -146.511579178356
v 458.865433037549 -22.3064428751899 -130.825692360754
v 454.292329362618 -103.359678624528 -145.447862330932
v 229.02304762166 383.549596858375 -116.809365036068
v 419.754625347253 4.00622148127943 -46.8884910723674
v 132.599091363022 -63.3050070022142 164.141348722458
v 319.059102548278 246.545320351934 -38.0462146136744
v 396.254488452315 136.593286916044 -52.7600362530306
v 396.165011482412 -168.011107030508 -61.430340032804
v 63.5504845166491 -396.445252437822 -59.8106430607981
v 295.178809171504 227.998418215814 1.80776500504403
v 286.074584629264 -360.691799459836 -131.722303410995
v 409.334202959064 5.77902680651793 -28.3742887939683
v 175.48003391134 422.235369893171 -136.370140547163
v 382.005401635526 -216.872491635186 -80.8486584550022
v 107.814300873232 -167.57017325972 134.366572643464
v 265.843798557701 -375.367495604885 -132.219747615514
v 308.823374036084 274.977687902907 -56.5823670684114
v 64.7190250439003 -33.7382909111412 142.348017410801
v 11.6477702760706 -80.376605848741 86.9635953436419
v 407.705229386645 99.2275658657678 -51.7808247272387
v 192.338099512207 -247.881506382758 88.9119100120234
v 427.919049629114 -187.536515899369 -147.810950883925
v 411.574886102903 -128.557604831299 -64.263468404699
v 39.7523154039061 456.42016942463 -144.483857826352
v 437.594550209965 57.0338981328953 -91.9034580829731
v 460.064673334136 38.5178830759759 -136.069339953054
v 203.09164138301 -419.60637752627 -148.894440033668
v 383.634756177162 149.382067931383 -40.8003490185979
v 282.216331591542 324.30525183843 -85.5352274614802
v 350.748121948754 252.722710794077 -83.7757592335509
v 25.8615650570971 -153.831775677198 85.2858323136057
v 389.501377330706 -127.149694996046 -22.6142739387087
v 267.41311235087 374.704634566708 -140.582961634368
v 279.114988192494 -272.479240987411 7.44566632912794
v 419.418381917068 91.7584167528927 -69.2241955581021
v 75.9003699465068 373.734686942356 -44.6865778957597
v 290.507161459325 -275.687306562881 -8.86469808443598
v 154.852658885751 298.474777044116 14.3733589751014
v 380.226808752945 214.055986220089 -88.0046889691125
v 448.032040019038 61.5848992438015 -115.408833304634
v 213.540712656255 -384.033326171112 -88.5882068185362
v 286.770589989247 100.030471187806 88.2888856548835
v 406.995915502044 31.0605884552105 -27.7756432919194
v 366.671847848006 -69.6629578043576 33.4508115406243
v 54.5487470430439 -223.804810676078 80.3184508978936
v 380.483708994378 -180.019205928084 -42.3690215135856
v 295.430147262381 -285.674516156396 -27.1298401503965
v 114.031337511804 426.232727490688 -112.200158178419
v 308.458532516739 367.563392007672 -166.447990336589
v 288.674470948049 -229.524250722445 40.5196540748721
v 221.415066976928 -171.364702846551 125.452324750351
v 312.519105606191 14.0065618137792 94.2529904813571
v 41.8306866131989 -139.233657563534 105.67394597247
v 63.6628386879827 -100.993561366267 132.916832388276
v 82.9610756132461 -302.254220249987 42.4739563094344
v 214.097842037972 13.8192646481394 150.884445433271
v 300.788530083615 -360.048952004482 -154.253724482047
v 23.4318402260824 -110.532757511062 95.5187607020602
v 31.3597635806636 -458.598856178025 -146.88117011393
v 422.69103447365 -40.3165752594527 -53.5632177777507
v 229.394797382792 -403.119020370678 -141.831981908534
v 321.341641509999 -71.2513772037164 86.8072646257892
v 464.384203898788 -49.8581778597962 -148.766180397559
v 29.5692495363605 274.084061111526 14.8732905911271
v 295.402387305496 347.609418168574 -131.483067442218
v 383.474520524844 -93.8749102817496 2.0591689718479
v 30.0236981900914 -62.3422977929691 111.728899258024
v 188.609617288485 341.810736525246 -37.4423434838771
v 398.295111961773 62.1924879981998 -21.7227250169277
v 38.107620501833 349.075057539051 -33.1287401652797
v 44.5554673400171 292.378025086061 11.7617268991696
v 440.778589326868 1.06933157966854 -88.4642394355966
v 61.0459103462604 458.21250259694 -148.415929999192
v 333.922870496372 240.332525170636 -49.0907820434478
v 255.540181331188 -317.689797593595 -23.7416602663838
v 72.3121732871497 448.582870709715 -135.408383760959
v 265.699081051455 267.338950343456 -10.0753388848167
v 396.645134286569 -199.579206801774 -91.1366876910878
v 79.912674236271 -428.808841330385 -101.71478688836
v 391.865469102635 222.72999492549 -116.399048491286
v 455.760076762757 96.8182720963415 -148.093401460788
v 445.972926803623 -52.4268437513175 -105.017282033543
v 434.684148582058 -152.926872197019 -133.093729094314
v 181.27711548396 -430.55586456392 -152.027213393049
v 263.326480967032 249.135098287518 8.05448767767769
v 38.2423947115377 -26.7007989686401 122.829097717588
v 166.092469864065 -369.355572792296 -33.0940084717394
v 207.286087055022 -397.323157899549 -107.36108719471
v 442.330607117622 -117.913286834771 -124.707225157378
v 83.0871256279008 161.146194142928 86.9110723877068
v 436.347307792141 7.16562141412725 -79.7141067313197
v 299.176014381334 318.075516225987 -96.028789589686
v 9.57673272418895 243.135493479585 17.7494256254118
v 117.192747057267 -31.1374616935453 162.18274788524
v 30.2196052600166 451.3167566008 -138.536102928739
v 436.33369449215 105.407280220129 -109.088604804377
v 306.124207139566 -184.80763340399 56.9349350295099
v 141.20218899832 -317.131042743222 37.0600377007136
v 48.7789619147614 -447.965598987739 -130.341175711638
v 344.113746232849 -300.596369210982 -122.897037227804
v 370.298979561256 -217.49372543701 -59.6699257313212
v 448.201952289447 117.037464004759 -141.129334985216
v 147.30322051057 -18.882296322428 164.752321753393
v 309.326913748061 -302.908369792087 -69.4035876125066
v 75.8429642351179 334.001959705648 -8.93646077947317
v 315.63619573284 -103.372961751199 85.6807323041069
v 38.1652325715473 -408.540415500266 -82.4579803653546
v 345.08382084694 -198.677401871219 -1.77304362942007
v 288.381556416715 -310.068406832454 -51.0477732857274
v 303.683972320301 -73.9345370436687 102.919881411902
v 87.974751138209 -260.512337561076 76.1952210713565
v 328.368085345232 -215.600562412155 7.03016463457687
v 213.009006620229 329.808123584382 -37.4734337466595
v 152.46901069406 -416.037330919512 -101.711872473857
v 83.7160232604565 -384.537043668723 -41.1796387954668
v 328.886609846378 359.826542176086 -166.447990336589
v 249.332973698393 330.141116077256 -62.7943177679471
v 109.829564531868 -246.096284635816 93.1161973887862
v 39.4614739800565 471.891938843774 -166.447990336589
v 376.204561166639 56.3620970171126 13.0609732023714
v 356.609511125063 279.915887076661 -124.040198855772
v 387.658730823914 -265.19089351504 -155.280360325764
v 343.318384101291 49.7961560714048 55.7163224482809
v 289.036645682882 -84.7283537101068 113.162905484585
v 450.627608686708 154.025904890781 -166.447990336589
v 6.44894331520936 60.7418524653534 81.7547365902646
v 184.621098176783 -266.272363527938 76.5235847882548
v 41.0342101466833 407.952275224353 -87.3440819987982
v 70.1172064492501 65.7760050856851 126.931450431079
v 276.095629368764 -50.5884418765426 126.284094840001
v 326.767811453763 -325.26295765197 -134.292842401163
v 404.192058264924 194.685631822206 -110.730048769139
v 371.06792782716 -1.55102746921388 31.4973506130811
v 394.658786191441 -185.1419211922 -73.1262029103
v 97.6945584388999 -404.365373860331 -66.8011932463809
v 347.473488352247 -266.720916683048 -78.4423044980273
v 315.185991711126 187.167255137116 15.9638816420078
v 148.96883062261 75.3280716404992 139.75185189136
v 196.739474963465 405.077887886347 -123.45530951717
v 373.236506197353 -234.881236656553 -84.3447558063518
v 56.1137304861218 337.560745541517 -16.5179219983308
v 45.7915695830114 192.97549910777 60.7332425610681
v 70.8491626042649 15.5212192234019 141.786811658471
v 333.904304596571 36.2162067606289 69.2853093698617
v 62.729679990938 408.598856178025 -83.3696523986076
v 154.179791056163 -218.626194528977 115.700477938581
v 475.080905162539 -92.5616839956864 -166.447990336589
v 240.946825332726 -382.973292026111 -115.119703067513
v 97.0711277145961 243.894612739712 50.9676554595682
v 372.50773748478 222.903132735262 -84.6116691886829
v 163.481713223645 -116.226685318919 157.675348701124
v 16.56755593771 -287.115468721665 7.461659893034
v 263.729673387472 69.9607868385803 114.134757955018
v 95.4155307434538 -114.665841741324 146.570934182234
v 364.709526211444 -101.419491299425 27.6252080726869
v 271.763983983038 308.225353958499 -56.6475064548884
v 352.953959108288 173.849130094892 -15.3924405167365
v 114.73197799725 -318.180054178902 35.7040507948796
v 392.258476946029 12.2608053028883 -1.07064870136483
v 332.907714525035 214.812997450554 -24.3245558660878
v 198.565257232955 -336.227480274684 -4.0533172132559
v 177.259490324144 -306.720271575176 40.0799108328851
v 110.541570598929 -51.9742650214892 160.74451290038
v 169.914734009833 6.29279038299089 160.818560617028
v 98.1672650423155 213.186182703693 66.0566460587719
v 90.2582425229712 -232.604869396133 95.1501983833698
v 438.424097979187 133.523944931154 -130.110917917389
v 239.29484121965 -278.029403712062 37.4347526722451
v 107.024462795308 -190.248673846159 124.166147278635
v 64.7909329834512 -65.6553965813346 139.897026560666
v 400.87899757348 -244.50116652774 -154.744438230413
v 51.2106947710197 159.660947556794 76.658911403323
v 384.570695949485 183.492959434906 -67.5063863139603
v 406.609511125063 -51.3113341389562 -25.3049039500412
v 381.605942713405 -188.730943284859 -51.8687619465597
v 201.78698690431 -181.811666090133 127.750419955066
v 29.9862012949906 175.191944990077 61.5633554346275
v 5.96442309450627 -129.151942206462 68.8689925599252
v 408.197873379039 110.334386840206 -58.1025358326946
v 435.889535181999 -213.227073399561 -166.447990336589
v 439.549227064256 -25.0356825292089 -86.8992559925188
v 178.402410671608 -421.842743018993 -130.916159850619
v 124.284933480235 215.606302348345 68.137766595908
v 394.520113396757 187.522661318875 -87.2043107428747
v 407.263457483581 -198.812404662454 -112.730924490377
v 114.144955231037 369.580573211362 -41.9165443755483
v 37.7405598368029 328.425332319447 -16.804063214476
v 420.657471593665 -135.808604621512 -87.717069909883
v 127.604534143223 -232.482146512633 105.588805702144
v 9.34326129586425 479.314946235084 -166.447990336589
v 305.103362027935 -323.382315815353 -95.1667070494036
v 371.200352726698 123.139270154414 -7.28749029163447
v 127.026337163852 286.494006338312 27.0335597052416
v 62.4368860998556 -310.377169683181 26.2607604755105
v 152.874400036979 327.721504391559 -9.55394997137651
v 249.614230571713 152.600343481845 83.8522007067741
v 16.4368358754139 -349.782771352944 -39.5196892510298
v 261.856320761857 -356.335848238119 -90.8211118408788
v 171.406990429545 -321.80055702779 25.7856966250699
v 140.481992093111 455.601441181147 -166.447990336589
v 20.5146779819603 -372.74068746149 -56.4727495259473
v 280.618876872273 -346.781445072112 -98.0988810680142
v 35.4324102195246 3.89674640542846 119.693365497294
v 222.633889091226 -238.522845200016 83.4764761668198
v 63.914633941919 471.354416677715 -166.447990336589
v 133.813710116968 -248.981516897509 95.1879524326916
v 244.923458204883 -355.411159756647 -70.0221292318695
v 26.1011740582314 -135.041015145812 91.6045559854581
v 265.748708641347 -270.553593987391 23.3992562464983
v 174.562139380889 322.734998321196 -12.3145465666292
v 454.326515000282 9.41110794483363 -119.031736259583
v 225.837967188899 274.17183641893 8.69302145034473
v 180.868919667815 -333.112421983854 8.88932695057509
v 18.5194628283256 -404.388409798935 -88.2066724980355
v 18.8033214039173 486.746487336837 -166.447990336589
v 17.9667876116938 72.6177740933822 91.0634590582543
v 483.978263420403 -57.5660232350585 -166.447990336589
v 333.861001095667 248.434699082575 -56.9214995151532
v 318.58743726072 54.3870510087303 79.2183832377608
v 147.33818078564 416.21694520596 -110.811639676268
v 98.3548479348675 324.872007042343 0.408809310517785
v 217.018174263447 -229.686721394164 92.6152292190182
v 356.45506620483 71.0026170045356 34.2386463554199
v 33.3079226866152 -240.605248333514 53.3816732472749
v 147.204117718472 -184.056133528186 134.018214392204
v 445.00658568785 -19.0873069692477 -98.0529869764404
v 278.843712712638 340.701201780091 -103.194166548566
v 315.820813414993 311.211466868631 -107.203213551532
v 255.456876062587 -81.3080057379044 136.194983600545
v 158.482139909167 167.58407863611 95.3883104929589
v 284.995603615245 12.6312438949683 116.155685356
v 262.648381160209 396.55347309316 -166.447990336589
v 151.35886639816 -93.4654128207824 162.166290015102
v 157.340197382691 201.621151004514 76.7225523108831
v 331.629435815068 -175.757125521229 33.4236611344857
v 23.4276987732283 425.931914197605 -111.874353304756
v 354.226955045124 -78.4446665071676 48.1590519809637
v 138.370940074558 393.617343344188 -75.9633441579387
v 362.017597730033 -164.057852969249 -0.149802936827399
v 354.784541589901 36.3397646016611 45.9265882479632
v 129.357195721157 -36.0119659891002 164.326766439965
v 121.086442931065 -247.816589228324 94.3768372240449
v 75.3766071186384 412.79878780675 -87.893820577722
v 136.31686835177 58.4932070648963 145.799204841052
v 196.696908003046 325.52135637232 -24.3334816573482
v 103.828448546044 139.024759443338 102.848983040774
v 125.866120813974 392.647852882896 -70.8693285747738
v 159.434766133157 123.910008975635 117.676133497709
v 132.351296285855 439.526267319496 -140.191452269891
v 7.81169361515912 491.070945103352 -166.447990336589
v 68.1992613768837 -157.438284256879 119.693124216791
v 64.7152344001995 -255.204928420964 68.319082544854
v 61.1999488993291 -136.346241078336 121.883786102548
v 346.513242743933 -138.328842976172 36.5805466705068
v 8.14643142325527 -298.393859182603 -9.41930989458328
v 309.201270100571 -260.090147475723 -13.5344028536118
v 305.833603821477 -352.563440263773 -148.841625001333
v 262.334894291202 -362.116116369333 -101.782554962429
v 429.668460269736 77.1636829157657 -83.0433522649636
v 437.597801147276 42.1045844311596 -87.5739016784488
v 413.66506100841 45.2312464093651 -42.579154608991
v 114.925586552904 -412.376242150129 -80.9669747945687
v 436.5650697961 -126.660949588629 -116.926170197743
v 423.173163715679 203.500840418091 -156.685514483688
v 392.628398054924 212.169121886275 -107.226935234725
v 364.092178295625 -292.763896106139 -150.110481072687
v 219.046251186719 409.925492580498 -148.864851424545
v 94.0169292560484 -460.132841425881 -158.210712041624
v 198.276800041449 -373.774104557255 -58.8686268294777
v 356.994315431336 -280.021593335172 -114.789745629394
v 432.93941116382 -77.6018483102491 -83.997978577339
v 61.7594529891607 -219.384145483508 87.5654314628761
v 436.918304453327 -105.172888909885 -104.800440705189
v 388.618316085587 -34.333463243836 5.98785706657259
v 422.09093176435 -180.118067439679 -126.596235617777
v 35.3083285458202 -38.7239144028206 119.58263044513
v 154.84288067587 379.399622992864 -64.3332048197177
v 401.188446168796 -70.9256866208183 -20.4223294565906
v 450.713961709038 -86.7955434729052 -129.066020949243
v 338.5736918914 202.142189902487 -20.2901347259536
v 172.73556977502 -414.158619326924 -111.546681681933
v 319.449900770218 -334.239176537579 -137.895490492786
v 71.78138792673 -401.934587077626 -64.641999417879
v 330.186527607823 -256.814243981829 -38.5436715171667
v 417.798450014045 -60.7965342468467 -48.0381736234185
v 331.675939457388 -302.783716664559 -104.423065298632
v 207.122054409515 -413.481510040063 -139.771433709071
v 170.659249450007 -107.082763784355 159.216292986662
v 254.009827989859 179.790560903517 65.0581511411552
v 436.568117549829 -94.3105168329978 -98.7538242959816
v 358.409285896062 285.908939214076 -134.595293861875
v 55.7681279121922 48.6922501464192 125.697199063527
v 383.073309144328 -81.5009348984565 6.79621540736022
v 431.663469065046 -146.476949076607 -120.237529226688
v 405.108720994909 -210.086172696901 -120.855715274783
v 153.172813224 -314.521175030973 37.9718557721662
v 368.732738919764 -244.172313900348 -87.446581766407
v 316.914398248964 -60.7399730172203 92.2704457289033
v 316.402553408074 266.451317467743 -55.696156477772
v 277.995294268242 359.413266770392 -128.504700906148
v 394.36627802727 153.146907317301 -60.4108791093244
v 348.287543373345 40.9456760755904 52.5892318797072
v 42.044915127678 -334.522770022091 -6.55449996393491
v 249.894979486078 385.812096839327 -140.173762599287
v 448.259554834931 -108.420257809488 -133.272937013598
v 382.71580763188 51.325604610845 5.34465919890809
v 389.393105879473 -85.6576900160159 -4.84424303766058
v 408.064940520546 -221.473939419799 -142.471387941969
v 404.67804799501 -13.5208054273382 -19.5623819312904
v 406.250130164482 143.873443550267 -74.2429887695355
v 195.206099266355 -403.86434854518 -109.25938060501
v 470.297658867973 53.5708244631001 -164.954298932829
v 282.938014276694 136.291394210182 73.8155159110523
v 358.979850792137 250.312801124418 -92.7271452757531
v 108.5946401187 -390.621198244697 -48.3014328760179
v 132.813284955322 267.874313683957 38.8763528851815
v 83.1431725490853 149.467912994758 92.3348422254088
v 19.0346713099195 -85.9425914948368 95.6877776948111
v 89.0861399335488 -151.232803684531 133.247818443279
v 373.875594756441 -273.289206938923 -138.519010109907
v 222.286368972242 380.313618938335 -106.650782790147
v 394.97956227145 -231.67817447679 -124.734273971726
v 286.555240790323 -354.898679967064 -121.261891954083
v 31.4853850049501 -103.957152646238 105.474572082677
v 35.2488909986117 117.56961450487 88.383569204074
v 292.139639948534 -366.764956724437 -153.335639466989
v 404.437707215506 -148.522029925894 -63.0155211938254
v 262.500590502285 -331.346655064884 -50.8723274374537
v 447.120609266289 100.105223697504 -129.91014714047
v 443.902232124035 82.6907208089957 -114.845049660607
v 31.294335292531 -484.232242897845 -166.447990336589
v 387.53087755497 -150.105807850302 -32.7767182600577
v 245.886903954613 409.339815905516 -166.447990336589
v 431.731433973209 126.666651427898 -111.649010013395
v 60.1976442895508 -320.129168882638 16.8587545201997
v 454.792160974225 -27.6893347159976 -121.030059487073
v 346.45800220759 -166.551766351072 20.3500008635302
v 317.7302819223 302.05050331113 -97.9817330340439
v 95.4045524805414 434.643105498503 -119.304738799886
v 198.76644707601 276.833236567152 18.5421558946351
v 297.57726436673 -276.148761875445 -18.0723303709167
v 267.511834173751 355.942281639874 -112.448575505305
v 377.029994468327 -126.297327170775 -1.51571142445406
v 297.210340215669 -304.391635338298 -54.7809922267041
v 406.523158102733 168.861671601488 -92.9801024857987
v 109.994003544538 21.8403778351094 153.840106204058
v 296.821319850071 367.789509936439 -163.706104091965
v 453.772128596921 22.2977885244961 -118.787649282787
v 340.789739025928 68.3472806163371 52.635675201901
v 69.4348969325883 -286.446918543194 48.9091803675896
v 258.772832120073 310.610373639368 -48.2268772004147
v 110.256859604716 -275.944867150955 71.8482734221144
v 420.537999647476 -18.9186391982782 -48.0232904260404
v 249.501362091938 -375.960537684713 -111.622177081603
v 159.556942960781 -342.314250839275 5.55569669935891
v 121.712286460405 413.635193021863 -97.1335304722037
v 363.001234848219 -223.154521622035 -52.6661749623983
v 262.040989239905 338.116097066893 -83.6342164707723
v 78.2555343398032 -434.700098493241 -110.732982232104
v 58.128016323769 -178.209284676961 104.787132180571
v 146.177900940892 -123.666912518801 155.764470607717
v 135.520718883831 -435.313865298428 -128.078358256339
v 271.342733621752 -348.719943433691 -89.2879774242722
v 188.791301507673 374.486313807899 -75.4790878377864
v 380.44980273414 -227.154926973281 -88.861101417561
v 407.282480546442 235.00489926412 -159.215213573882
v 164.362844224735 321.969174002864 -8.04760800858247
v 227.200922656646 -384.371474447379 -102.553693801326
v 119.310681919658 431.488781980461 -122.106462609395
v 367.83014665283 194.993023183755 -52.0739329179245
v 57.2945128241858 102.399134590329 105.751809730767
v 119.609869744085 225.000546055876 62.8534695882434
v 205.296005461575 -391.532375017969 -95.0008711496076
v 342.488633148487 118.432763758957 30.1581327022451
v 407.095094487985 -122.915349148127 -52.3817528698411
v 425.612382617035 116.233695152497 -93.2195987835399
v 268.09012004594 -18.0259791162835 130.649481399305
v 469.09521842997 -43.7918208957043 -158.94913197434
v 396.079293408775 127.553966829264 -47.0316275563669
v 428.749714908037 26.9462193376926 -66.8101015765522
v 230.751682741028 184.255418525161 72.5452947000071
v 331.274169322022 -342.169863506349 -166.447990336589
v 223.668093523371 360.807258530282 -81.3251747505794
v 10.2057660770279 -416.239930348668 -105.681984422931
v 389.049268462911 103.344954164324 -23.5937426187214
v 269.008763815849 381.461479186636 -153.210656166139
v 10.8493897571601 437.82643347287 -128.793843842242
v 330.315777763894 325.486713571597 -146.011226908821
v 170.308135521417 19.252734914508 158.092065528737
v 413.842008510344 101.338198818183 -63.8047306725427
v 138.400896953923 -420.748091471217 -102.975547363871
v 415.923471919775 -201.892629667952 -136.043053077139
v 135.91069167247 363.190449558914 -39.6180904248213
v 257.869503312654 25.7990194360335 130.458933296354
v 93.6544624448166 167.982699425956 86.686338647092
v 30.7656452628002 419.731411623015 -102.914027184947
v 217.458168310168 432.011116173769 -166.447990336589
v 402.042071192479 25.3092454117337 -18.2627498967573
v 225.809343701792 94.0628360465961 121.807427172655
v 220.060213454512 289.69567163095 -1.8789286656731
v 42.9242428744788 245.078004716907 37.003251064301
v 186.534173192669 407.640972578852 -120.352861307395
v 57.7178267687258 225.708234471822 51.4083860467739
v 49.2239561824446 -421.718953421688 -94.9938295685955
v 388.495618600035 188.075447651528 -77.8211849869683
v 300.755665139234 70.4942008865916 89.0581831425693
v 286.76942168365 -246.613590035471 26.3905725611748
v 420.656201696278 150.41349128825 -105.530136442855
v 310.692713785955 -173.992755489385 58.6025134825006
v 303.726717066354 97.6365939726606 76.5276167124592
v 220.3727859974 -376.127681578818 -80.9536599204638
v 292.240850770294 171.576737613294 46.6310162023668
v 235.611884817259 54.2425747829872 133.076572780613
v 465.969848572356 138.592930836817 -166.447990336589
v 258.949728826112 -388.719018948393 -150.897639667124
v 174.900020978705 300.515425951521 7.32900641196589
v 244.817624956633 -320.280515253245 -17.1294029882209
v 411.440251581911 188.879660967875 -118.808043834826
v 173.983243957955 -454.194090100743 -166.447990336589
v 377.221799769691 -49.8214524273581 21.6473232721903
v 349.375312077283 211.175858945894 -41.1045084912959
v 6.73186018251981 -152.582437928686 62.8136202082327
v 305.399425904789 223.017398102164 -3.25912676045875
v 92.9516885317599 88.568466263652 124.911919917223
v 62.1325361425495 -45.3630077875187 140.336512648432
v 332.079614438835 -99.3711214159051 69.4083624266825
v 219.989835741313 -345.006915861171 -31.0712460690326
v 168.294535428359 418.466136662293 -125.264976788816
v 240.630747873049 -11.281602507641 144.834743173413
v 139.20511027027 -455.122639070273 -166.447990336589
v 90.6764768779623 13.2254217392718 150.465099918066
v 304.320165513346 337.905649671884 -128.70531929538
v 27.8681140449127 226.787291679683 38.3543488651943
v 33.430337619999 -465.559316145018 -157.111780939653
v 389.906576189018 -60.2380079780033 0.806968596834501
v 337.654946529701 -142.751603499431 45.8628330496383
v 82.3323303683769 -23.03840379232 151.248448820342
v 461.246135067302 59.5146045818914 -145.903539610385
v 113.477878133535 449.212130263026 -148.675839897433
v 62.2548399599119 424.545694209725 -102.313664146682
v 324.857200038808 266.299082168964 -65.3538403982805
v 34.7622599703454 -445.515154193481 -128.448215870365
v 86.232636058076 352.972093242978 -24.1669949351413
v 188.627700627279 -301.82768711557 41.4435647441944
v 254.691534305262 -310.04356763956 -12.8804430024336
v 141.516526698577 -193.209287216756 129.471803960353
v 42.9671939788577 -379.374656810231 -48.4304227031239
v 418.056137591858 -104.41109016627 -64.0028473639216
v 436.949848704425 -179.40692490284 -161.685392573538
v 57.4415796405987 464.939250648791 -158.450024204244
v 344.036257094282 -33.6748436629327 65.7042368348468
v 382.446436998105 255.080580068808 -135.514470988686
v 396.468262978478 200.535490330239 -102.8315219517
v 32.8136500508213 -326.137180411274 -6.14054714735331
v 289.923110252999 325.299733880304 -94.9566025266894
v 92.539086171681 -373.763640602785 -27.09166068545
v 119.309907282252 -212.506254244632 116.080913797841
v 376.716126630104 -24.0117483921829 24.2937703786783
v 138.799124075578 443.239193300225 -149.565326823331
v 349.1217897629 -252.318096088564 -62.564250458306
v 345.618193667479 -208.507487061016 -10.6420456738914
v 76.5131208337841 -362.955874113548 -17.8549271129696
v 85.7497829745365 418.527117134827 -95.4035810090401
v 362.393385764857 126.075158622883 2.62800482326076
v 353.702716005736 181.891682324501 -22.5258827310718
v 157.988124427594 275.916954806384 30.5773321792506
v 255.681495512437 -140.963448289524 120.580045949967
v 105.787233518383 -207.800992348614 115.048703104594
v 108.760768094895 244.671815338633 51.6786011623117
v 238.634189802927 -139.283183561635 130.758959253057
v 54.0607953214948 308.797010966326 4.57441841556935
v 302.538321693454 120.078931742 67.41704903277
v 17.029177924307 283.834409444379 0.333006680009479
v 449.461487313979 15.1604635988994 -108.216680559344
v 150.474636847444 -145.11838745382 149.658219817206
v 252.324801146768 353.923525763424 -95.1138793180956
v 429.807742615166 96.1386928590622 -91.4575717123754
v 123.33494864281 -182.444633743815 132.040831772629
v 182.369938379499 391.399518353319 -94.0038429634732
v 8.31961685417972 -341.03020679517 -40.7808497442173
v 237.45498848711 289.215167857576 -11.5165192379295
v 249.036681240009 -203.542010491384 92.7394188340005
v 248.558996638836 -306.089919910112 -1.76443094723424
v 117.591825010172 345.234760850384 -18.2233037091671
v 314.890181813749 -318.277074339285 -102.014641408916
v 239.739737070286 -190.674279955482 106.405432265451
v 29.8265370964965 -270.551003396722 31.5415398674126
v 345.33051111338 -66.4340024168687 61.2568085548415
v 172.485488882556 -240.609819964108 99.1960279641564
v 343.601723606326 300.156705337582 -130.408327885474
v 257.862899846241 -184.128835153604 98.5594347534342
v 461.378712354527 -77.4751887448487 -152.20464345599
v 31.6020600021436 85.4583351746845 98.1579693934411
v 143.388736416543 424.672252183335 -121.604180095832
v 53.5064406655685 131.329955914242 90.2732463606011
v 365.612956610654 232.328184153408 -83.5881572925381
v 298.96472885405 29.861833894374 102.405922191863
v 322.44817929732 10.2252439218901 85.7526656416055
v 405.974511635562 -38.8373479869333 -22.7371698457278
v 114.057052933895 -428.356402289269 -106.738646990369
v 210.336037706809 -334.127882730564 -8.51729146253066
v 316.183546904676 358.085868429487 -166.447990336589
v 153.543115302111 -290.192379294983 61.7833969043965
v 47.1143962933219 466.561671550692 -159.824027779259
v 314.727177785126 -304.011910621574 -79.2066684343638
v 21.8236024906243 -217.123702736324 54.686365822896
v 132.213563215238 296.62700015188 19.6738709850289
v 125.844176987123 -163.063701100696 140.620842673429
v 188.326366676267 59.0186525068028 144.225801978297
v 433.737719457317 32.4999472992584 -77.5172921927217
v 375.432768330588 -252.60163877718 -110.827424500791
v 12.0361096591951 -477.022171900422 -166.447990336589
v 353.774236626584 302.03069291189 -149.023601296921
v 349.826963782019 -308.261063473027 -146.73165239556
v 240.798933083011 -340.256813888411 -41.9679212490914
v 384.995197248082 216.846052371584 -98.5361638838135
v 324.173969846541 -120.647744179679 71.0891478125002
v 58.1370833911137 483.436880766287 -166.447990336589
v 442.569601805896 -106.793620848261 -118.61501943197
v 332.187606512643 -269.05389596899 -56.8130756762331
v 292.88435857229 268.705131350566 -33.9702090962242
v 113.906125629425 132.158690949137 108.397780625734
v 163.146257129839 -382.633010322234 -51.5516368215383
v 208.951227305029 338.402255744127 -44.4393225249827
v 359.861388160391 106.736894531974 15.4291643618029
v 422.844057108809 -78.1578665317528 -63.0192610416308
v 382.855801119846 -41.7963612868226 14.3516294434345
v 307.095627844888 -254.067709912768 -4.33963343713475
v 423.404792999106 80.4564188995272 -72.1274540132059
v 431.183803423948 -162.904303580653 -132.905047740522
v 233.849978386346 325.341615096134 -45.4097368366247
v 198.627202827503 292.61031471613 5.67931049524474
v 446.751780269147 145.750809051625 -158.149604579352
v 214.249112214737 394.899685725795 -121.252761391868
v 91.7498195475813 47.260609103742 141.76024540513
v 268.843372380138 89.4313424898015 104.057728519305
v 199.836018150389 -221.540380451098 105.265997786315
v 282.59252599353 57.2981320317393 106.792706522142
v 270.793477603836 -361.226731035225 -111.069047876655
v 347.38799886014 -286.310379176121 -106.54964816223
v 126.66724827967 -458.228401712228 -166.447990336589
v 285.953182439046 -48.2796446115968 119.43147455913
v 399.499000082797 -239.272973586642 -144.881348407523
v 28.1556600850425 -367.260394491084 -45.5556353474414
v 370.077788834351 -282.628387895744 -145.85619783579
v 408.390796190105 121.59305579472 -64.455521336054
v 68.490283761111 -183.523119497852 109.74256386187
v 154.457631905512 -62.0107085367074 165.556242993341
v 447.195431620343 72.9586399500575 -118.072430375336
v 446.424045151456 -122.123822106678 -137.823868280147
v 165.571837333256 -287.29871491464 62.630481956536
v 426.292615851469 -124.867498906618 -92.7574704253597
v 256.182368439901 378.3076382296 -134.560397081674
v 202.510053777615 -342.504049702768 -14.7042291519676
v 265.993951224765 -138.325439651174 114.987443254635
v 122.320783191435 -336.087766164143 18.0518374018306
v 256.772845327006 275.339024505464 -11.1911199377446
v 241.107695933738 -407.973380918928 -166.447990336589
v 452.315607089685 -75.7872284387932 -128.280792598835
v 323.630352173023 181.379151739023 12.080588608868
v 360.030614686211 87.6813984922762 23.490858707153
v 98.7597483672929 314.753718640519 8.18703480483963
v 37.6838747921813 255.188521346721 29.7105732418398
v 454.316711392453 -171.558946350899 -166.447990336589
v 398.921882516205 -7.39277510295058 -9.91039350056358
v 336.90712935632 281.831476489374 -97.9661894900244
v 322.052479271465 -308.640965975385 -97.8484827012038
v 218.170326764916 -408.463307330914 -140.559951093712
v 120.671681745428 399.82683679228 -78.2978790681798
v 120.740599076632 245.484524268501 51.9599310547311
v 323.381960244084 154.060623885348 31.0637504997046
v 200.886718549594 200.106874564108 71.8332060896151
v 138.510920863551 -389.81242599673 -52.8909975958303
v 198.819998648829 -239.391708992347 93.0851293492081
v 274.901138488406 -73.5383608062934 125.289600099154
v 454.437758011402 76.7381783982327 -136.602315886467
v 437.286930266887 211.223797572261 -166.447990336589
v 258.717058226827 383.850664130936 -146.208251488447
v 249.895157271712 107.797817605146 106.218370030828
v 329.565649377268 -90.6708321840762 74.5029367646977
v 241.764334474717 -116.372406044102 136.369238920018
v 201.949254392448 423.204200007823 -157.764063732594
v 328.330191607197 -25.6461856981108 82.5393363414663
v 229.448387052533 406.385932991071 -152.805558899619
v 39.354574018001 -371.088652552519 -42.3494365211313
v 397.169728897226 224.190427716679 -127.622046028193
v 257.81190076717 189.022219648564 56.9403574913533
v 378.848436730918 162.087251601722 -42.3816760410492
v 256.880964390553 -272.333609155046 29.1678317975194
v 165.186715552636 -310.692459806478 39.623331926287
v 188.1030679197 261.04102124132 34.0752708818117
v 12.1112653613137 188.131945386285 47.6049894014364
v 41.8109809804929 128.785360927696 86.4161489295019
v 236.73249306763 -310.029979737517 3.01119457405864
v 277.576532905835 348.437365867088 -112.389652266538
v 157.230084580246 36.2820572896428 154.177505240867
v 469.179895187749 40.6279318755927 -158.141934399133
v 477.557052679915 3.10465961702181 -166.447990336589
v 148.256113413012 16.8331676752192 159.295318701068
v 417.358455967324 197.430286443134 -138.856739320036
v 238.780507379882 252.668130604375 19.9697618383644
v 318.658018157501 -328.562176461893 -126.037607757143
v 432.134600995701 172.231445910245 -146.48597804703
v 123.693758149566 -97.2309887471853 158.441249213299
v 43.348928308197 148.296305665317 78.5964382934001
v 71.1288702027721 379.928535254637 -51.4003602952867
v 290.070215166334 -116.330448634429 104.615270617673
v 174.356390606213 411.005692696007 -117.539746518322
v 415.242679930491 236.360006766013 -166.447990336589
v 103.912725286146 203.73588572549 71.6843487178862
v 425.009435337587 -27.0145588655854 -56.7315927103826
v 50.1387204158355 -260.295235903758 55.1586851076086
v 209.148988425139 247.835231321968 36.8796456021168
v 26.8393987442239 283.461364387912 7.49391687404091
v 373.338123386278 -71.2439546534882 23.8072695148941
v 101.116754111801 439.989678274037 -129.023111116529
v 43.0075862400015 -181.655494109454 91.3078698588839
v 374.99645698629 238.7059898012 -104.90165152695
v 265.163412935581 138.515073428007 83.7065752238956
v 432.250568025101 64.8014159863826 -83.6062533303059
v 420.968367872002 -208.336711260383 -155.873732578913
v 236.496927102302 192.134153991821 65.3196928575383
v 115.502310451306 387.833925867454 -62.5684030227621
v 167.641922462097 -127.389781796072 154.747651070803
v 414.968585278435 -0.651164836792153 -37.8198585791474
v 290.386419615749 161.478627880953 54.4152427307264
v 181.228973674011 88.2852981947647 133.814967315381
v 305.436329122862 5.38949570406413 101.489672178529
v 354.105781436437 190.655206096727 -29.9769088208596
v 383.745872198543 -104.17051445575 -2.163498979066
v 183.654528479481 212.014042017349 67.9762800946632
v 325.519146750866 31.9256108079443 78.6948489914221
v 181.366363872334 -415.868459964961 -120.84134003636
v 128.376936530021 18.3099154730901 157.705229386645
v 43.6264199357635 165.473585372408 71.2427863478919
v 252.286526439518 44.5595405358865 128.468000871658
v 12.0680912312062 354.574881531273 -54.7418031933348
v 395.07830949228 93.9577583872913 -28.6787403430653
v 371.12332075119 293.351883994366 -165.850249636428
v 416.266623591747 214.780945240501 -155.089164575146
v 324.748065057351 -255.575230499075 -29.3873430851293
v 165.456479854602 448.320916276681 -166.447990336589
v 66.8580148049717 3.36318354131713 141.468054715307
v 96.9204162926819 -270.604339086984 72.1906568061674
v 312.810420066817 242.997785806916 -28.2180660173935
v 251.695262216032 -346.750662759446 -63.1618832171885
v 387.393144484353 -236.472799051945 -114.237340265957
v 10.2372912796654 -362.45380748254 -56.2257036882392
v 215.118458568074 298.329221405594 -6.95860909155097
v 265.881717693683 285.286968871767 -27.6066136001946
v 137.928634814592 312.895579385603 6.50147619221776
v 414.157781194648 -116.463216406262 -62.409830936021
v 200.630262772247 -361.581667354951 -41.2389271297322
v 221.393453323398 -6.06548946543923 151.703529248023
v 7.95104104282957 -29.4245891754963 88.0248866870561
v 341.099162223296 -296.694533294932 -111.092490182423
v 446.162090718422 52.1734643003907 -108.428258163027
v 354.963520927655 -225.186687614894 -41.4261227035811
v 13.2642496455716 -160.686275406202 68.3472234709546
v 87.0982235151471 337.67983651849 -10.5847693332988
v 371.991041635872 -59.4632943779611 27.9350725593969
v 8.02744203807356 -330.552359647131 -32.6829236390383
v 76.0865686509067 468.897063641669 -166.447990336589
v 159.535570587754 190.434675716463 83.0139414414758
v 119.455069252584 -153.277414671785 142.978026203571
v 169.873360752958 -420.234951334992 -120.843028999885
v 386.219911686256 244.020662754367 -129.278766858523
v 82.809462564187 -207.41378793628 106.001344567354
v 361.266859792661 143.904924306496 -6.08004804529775
v 2.44072292600687e-07 157.509830275674 56.3122281467168
v 365.618137791994 222.958906628509 -74.5169437328786
v 381.50275085172 204.940294504443 -81.5828496294185
v 27.698385909625 -402.019340029248 -80.4551997980355
v 345.34277832214 85.8284912145959 41.5929205506478
v 233.172894497433 -263.835760615199 55.6421858388155
v 290.161850961795 -13.7540252572431 115.531581586082
v 118.486467719462 -224.847523420717 108.766609622876
v 294.840914874714 104.912236121672 80.3845935033066
v 199.19266273608 -140.597540056373 145.433410898666
v 173.81610006385 -361.410383595364 -25.2651307638738
v 153.038966039388 401.329531768515 -92.0666779941514
v 104.534359105647 173.454623772581 86.5144135893243
v 52.9935322856172 213.378114994796 54.903638916361
v 405.44140871241 178.330699566152 -98.6604106441783
v 247.664785694657 -395.938360196743 -150.688893934614
v 396.584128416087 161.107487670566 -69.8527630173371
v 264.072520284071 -389.627528937152 -159.732087208425
v 16.2695157830467 -254.460057409521 28.2229773455386
v 449.79171143055 -11.9903489068469 -108.460221480263
v 421.907736367271 -52.7885771968082 -54.3226608617117
v 409.558111266377 148.486358508287 -83.4508686860067
v 387.471624142883 -217.899991009126 -92.7413490780291
v 72.292083510484 -377.214662946375 -35.0347069305412
v 364.99116405398 -112.942616384826 22.6790656907759
v 215.298504619633 216.923008153249 56.7982305757766
v 48.1975520950005 -58.5372471062848 128.889898880611
v 27.8435161325224 -279.193163075651 23.9590032042051
v 337.732715045693 139.366018968203 24.5927756553559
v 60.2211310417273 -244.957008893853 71.6384800242601
v 30.6568690273551 12.7463592994332 114.398896611558
v 95.5879256632547 422.749830722678 -102.431034412695
v 379.350985922933 265.418840096045 -142.846007671196
v 466.868224779965 94.5640962927632 -166.447990336589
v 278.951273021335 39.2495471545917 114.617598339584
v 215.389073701289 54.3225529204338 140.121747602307
v 98.1050083229075 99.5372366931262 121.080728392823
v 450.761963830275 -47.4586972224296 -114.72404113858
v 67.564109499696 46.7349509540231 132.636756519526
v 81.6160637955811 461.080337264428 -156.453897899234
v 186.961455566544 -291.9396057121 52.1630574913025
v 279.6069464403 -341.593152306921 -87.8632604970988
v 313.152733606514 343.079694188391 -148.315570008681
v 260.735458532009 408.449236867864 -166.447990336589
v 320.333215994815 284.938204253343 -81.0320633851502
v 275.784174335577 -333.601027702558 -70.0748998177951
v 17.8725072549238 109.475136171097 80.8254510802509
v 209.521284242148 44.3650779742394 144.719119016307
v 285.339872796918 -134.826897747354 101.886584956389
v 245.428521793725 351.10463294124 -85.7335790838757
v 333.560746557435 -116.540032499214 62.0730414499587
v 290.789053281339 -373.622935972282 -164.796958646554
v 122.983263260396 420.12914348469 -106.392993620543
v 200.749734718436 84.8132273019811 132.217004637157
v 71.5983258688765 257.726614458645 39.9562831474965
v 386.127717135945 -253.920376417904 -134.863585082871
v 299.566787205327 280.198312255576 -52.7906757022406
v 368.859068311844 29.6066892860789 29.8498492377822
v 95.4087494914061 -224.852628408214 101.874292349681
v 265.054709719236 -309.756189860834 -22.83091208348
v 292.168822190492 299.85205695439 -66.6151151822328
v 347.189082133407 322.80227748477 -165.814324239344
v 265.378838328348 58.2826580780967 117.229789964052
v 346.224188700656 220.772016337992 -45.7162995901279
v 63.2373341704497 113.09450881131 103.112023236074
v 14.9261214971785 40.103651564539 94.4611076146603
v 148.152807260562 -30.2869701416647 165.742054379038
v 72.6967045654843 177.671076766313 76.2499726972062
v 302.261230083564 17.5885201022217 102.125173277498
v 91.7163323534805 403.525133555108 -77.2130692251543
v 281.339696027202 242.421150801331 0.759011616481592
v 157.838720999988 287.045192600257 22.31854499729
v 145.711924793629 292.614860948776 20.4256057918496
v 301.685103036934 51.298104982925 94.4931661742005
v 153.790453216218 -371.246653185436 -30.7714105969381
v 2.44072292600687e-07 134.34747338676 64.6037374096023
v 400.571809395514 246.210930971934 -157.962167724999
v 412.491421843149 -68.2267864027515 -39.6234049453868
v 200.001079412779 -128.435478799571 149.367540305273
v 341.598104906731 237.649181195563 -56.0910501187862
v 444.713747350359 128.945914054361 -140.806628661178
v 237.126135859718 139.539613941035 96.2093689981475
v 345.304249635412 182.523494371561 -12.6103326534303
v 220.014471750625 -392.543340327928 -110.436994549092
v 15.2991109956351 -221.497051552246 44.780839204069
v 139.60768044099 -115.413252547541 157.08986251075
v 210.619034339549 -8.00594108793633 155.359589223752
v 63.7897395338867 -472.394462637841 -166.447990336589
v 270.556641741121 367.147627603099 -131.763638570949
v 294.579544594479 180.921607710411 38.4470862966389
v 301.031486851736 -308.049574762161 -64.9846621793573
v 311.889007920604 -93.6732569261473 91.7467209979565
v 249.410818408229 -133.038526654892 127.120919121251
v 329.716436993025 -49.071492302136 80.4571617894988
v 40.038505828575 12.6334606595949 122.825973770015
v 375.579085907542 307.627181493227 -166.447990336589
v 132.828549121917 450.091915172886 -158.612405983147
v 423.67733837635 157.435350793914 -116.697626764967
v 349.044199032541 -21.6309812801886 59.9221781483169
v 458.510166544503 3.06653194007811 -128.753067437139
v 305.861516166048 -311.161026544411 -76.7148757811774
v 332.459059778134 102.891346817612 48.1251425459817
v 233.735154264595 120.947439963061 106.973057349074
v 167.972692634544 151.353304247604 103.718227802321
v 382.152481150913 128.441802888559 -25.9400923367788
v 435.678986195199 -136.336450169481 -121.89294206271
v 434.948998381135 94.8531947824488 -101.14375847974
v 132.009452608191 -358.8091257874 -8.96148966328925
v 2.44072292600687e-07 458.311554593143 -151.623932079792
v 388.788507733421 -257.812205542543 -146.389567437393
v 433.960764234407 180.218922690171 -156.893409384948
v 208.771460630895 -38.4856435560581 158.414200398951
v 231.910997463761 202.734749421308 60.2107051841783
v 425.727308330578 -183.256491842433 -138.235391227447
v 414.888835722518 -252.129592520406 -166.447990336589
v 347.16518266458 -304.200744363052 -134.816090920589
v 409.003750260964 -150.625195881672 -73.5229759994473
v 166.103746552864 206.815209103844 73.3089347948328
v 2.44072292600687e-07 118.881329613042 67.6622344708058
v 148.618224652975 363.831366770239 -43.9436625262932
v 487.093067731755 9.36353758870868 -166.447990336589
v 458.04766991608 -35.2684823405529 -129.582094548432
v 383.152728526924 -302.818181679648 -166.447990336589
v 100.532518770353 -216.359097519484 108.554320876656
v 411.134663474653 -90.6267222983314 -44.945725855568
v 333.500197850013 -353.719580243038 -166.447990336589
v 393.981118149729 -305.082840486157 -166.447990336589
v 200.468122273848 369.989124598776 -77.070510544466
v 471.287467687461 -31.9323507883269 -161.530592082037
v 408.896088360476 -262.545722655427 -166.447990336589
v 221.94151563777 -434.640819683206 -166.447990336589
v 126.59355613429 350.91356418036 -25.1374505184483
v 401.131148398685 84.531418023298 -34.3558674084899
v 20.4560023731842 31.3331084345061 102.281961158411
v 230.555508992651 -442.551010508147 -166.447990336589
v 9.35475307353265 125.255465257385 71.2846739132091
v 476.680213931993 -39.4594167462892 -166.447990336589
v 235.423330453206 -430.289795663351 -166.447990336589
v 110.926971756974 -422.525846221522 -96.4605229539032
v 12.6133859629606 -135.864670591158 75.453804180807
v 396.909704708221 -119.590148237662 -31.5284091284288
v 32.5280787011286 -297.015334772889 15.7110196742662
v 166.879895136953 293.378323257967 15.5781455485271
v 46.0655245463546 -95.7399196815301 120.811878416976
v 2.44072292600687e-07 -22.1386989545697 77.1769914403836
v 486.733229608115 -3.77336277844405 -166.447990336589
v 485.525607988772 -17.2977818575348 -166.447990336589
v 11.2195053190922 -123.377287021699 77.187677626897
v 6.17865875215819 -119.849385090287 71.5246083255489
f 1540 908 1729
f 778 1849 1214
f 1197 909 2667
f 513 249 1193
f 3578 3245 1617
f 3670 3334 395
f 3794 3307 2718
f 1642 1157 835
f 1701 3719 659
f 3792 3398 3474
f 3761 332 3104
f 222 2783 1226
f 4014 3318 2710
f 3891 3340 3998
f 2030 890 4009
f 1793 1040 4142
f 2750 1008 2364
f 251 1600 2199
f 559 1169 1891
f 3366 2656 818
f 2030 4009 745
f 2711 3279 1358
f 2163 3477 133
f 3288 3815 2407
f 4071 3463 1019
f 1418 3489 3278
f 885 856 2238
f 347 2743 1323
f 1532 1824 3071
f 663 2695 1909
f 1993 3785 3501
f 806 1826 3292
f 3472 4262 1003
f 76 699 1249
f 3341 131 1333
f 3552 1286 3093
f 3591 3294 1984
f 1877 3401 1088
f 1848 1133 14
f 3817 3411 830
f 3439 2343 3825
f 3062 4022 2049
f 2176 2333 121
f 2181 2859 761
f 3752 2716 1591
f 2387 346 1659
f 3405 2737 2054
f 3908 660 1208
f 728 2482 2034
f 2189 2086 755
f 3691 2169 1632
f 2469 3425 52
f 3650 3491 3861
f 3763 4179 487
f 68 1288 2819
f 1278 3778 2033
f 2240 2820 1062
f 2806 1332 206
f 3101 2848 2492
f 243 3863 3300
f 3202 2742 3458
f 2373 3607 2778
f 622 1700 3556
f 1948 2818 3309
f 3765 2726 289
f 4217 3837 3283
f 1473 321 2931
f 344 3154 2763
f 775 320 3035
f 4153 778 1480
f 2316 2733 404
f 3633 4061 1121
f 737 2986 1664
f 2923 3897 183
f 2741 2580 181
f 475 2846 1811
f 1852 4140 213
f 3056 2161 3393
f 1930 2410 649
f 3010 485 109
f 110 190 2242
f 1293 3277 383
f 1082 2714 3162
f 1370 2084 829
f 3673 3265 4182
f 1080 3799 2814
f 2375 3947 1055
f 2228 3822 1363
f 3200 1628 3706
f 2509 3238 2374
f 2312 2310 3195
f 3454 3740 588
f 2777 1012 4001
f 2005 3177 162
f 397 4091 3730
f 3135 4155 1285
f 3273 2863 1269
f 1953 4279 1222
f 3274 2755 3222
f 798 3722 1544
f 3152 1089 473
f 464 1395 2165
f 635 2202 1551
f 260 2880 155
f 1361 3080 1836
f 273 3602 1009
f 2977 3129 834
f 173 1300 1635
f 1628 3369 658
f 4026 2264 60
f 2108 2887 331
f 1897 1988 2363
f 3729 4010 1950
f 329 1588 1936
f 1820 2244 1382
f 115 2014 3646
f 3549 1567 3103
f 4277 145 996
f 431 3700 2446
f 3881 2904 1146
f 3086 3594 3025
f 886 603 2307
f 1139 4093 362
f 514 1561 1237
f 718 2881 1761
f 540 3925 1510
f 2126 3666 1717
f 1622 2874 128
f 1505 155 4105
f 1088 57 2058
f 1535 4172 1076
f 1899 820 3350
f 3586 2875 665
f 1932 252 1357
f 2610 3430 4030
f 3257 1078 819
f 3641 249 1564
f 3094 3605 1987
f 1036 2391 3841
f 1110 1829 1554
f 1753 352 3707
f 3898 2366 2709
f 288 1274 3669
f 204 2425 3309
f 2225 3991 3030
f 1410 1860 227
f 3610 3412 426
f 1057 2187 1805
f 3638 2454 4221
f 2699 3453 1073
f 1591 1969 2358
f 1437 4215 1721
f 849 1189 3396
f 1498 3452 2908
f 80 1083 2871
f 2654 2129 2403
f 1882 313 2462
f 153 1374 654
f 4243 3406 1541
f 129 565 2822
f 1341 271 3122
f 1211 3955 89
f 4144 3685 2043
f 1352 3051 405
f 1049 1747 3505
f 1994 1098 2992
f 839 1424 3581
f 3591 3777 1060
f 2110 1309 368
f 3353 3631 3751
f 186 2731 2353
f 541 2248 1245
f 1375 2274 426
f 3716 2505 153
f 4113 998 2417
f 2487 277 4089
f 3349 4257 2809
f 193 3494 1029
f 3347 2817 3982
f 2291 3661 2217
f 2453 3655 315
f 2391 163 3841
f 2612 1923 3656
f 3479 3094 1601
f 1935 3728 2766
f 3208 96 2325
f 2444 2917 1715
f 2039 2454 342
f 114 3466 2375
f 234 4202 2835
f 3156 3809 3333
f 1261 3482 2345
f 4186 1248 3460
f 2223 2943 1474
f 1665 1474 627
f 850 3021 1921
f 3352 2074 361
f 3014 667 2600
f 1503 3625 2138
f 1881 1249 4219
f 1915 1133 3597
f 3529 3795 865
f 209 254 3489
f 794 1482 1891
f 3247 3677 1910
f 2910 1888 1356
f 3884 1520 358
f 2293 2793 844
f 2134 362 1735
f 2788 2065 3585
f 638 2915 2398
f 1728 2297 1453
f 3271 125 1607
f 2402 3754 2037
f 2741 3645 768
f 2914 3616 1636
f 2113 1038 2479
f 3400 1776 808
f 3266 650 1618
f 2342 1663 3180
f 4190 3143 1055
f 2657 3504 4024
f 3422 3148 2102
f 3755 4112 1281
f 274 2778 1045
f 505 407 4220
f 163 1299 3841
f 3480 2841 1342
f 1654 1290 2357
f 3720 3290 3930
f 2602 1862 11
f 1098 1994 3907
f 1072 569 2184
f 4185 340 1405
f 240 2920 1754
f 3388 2873 4160
f 1928 507 4104
f 2835 1391 234
f 1768 3803 3202
f 194 2638 2374
f 3981 187 1949
f 3638 241 3216
f 2532 4162 1980
f 3659 4023 2858
f 201 3102 3442
f 3782 3140 2716
f 1593 2128 2815
f 2323 95 2712
f 3863 1004 3300
f 277 2487 1573
f 1843 17 2663
f 1216 693 2192
f 899 2689 3968
f 3622 2205 3759
f 1854 2553 564
f 2540 2146 735
f 2754 1893 520
f 2759 1615 3644
f 4166 2466 800
f 4167 1457 617
f 847 513 1519
f 2775 3174 3443
f 3363 2543 455
f 372 1557 1119
f 1780 54 1487
f 2822 2680 129
f 2578 1451 681
f 529 1059 2533
f 257 3516 1467
f 2334 1603 2921
f 4042 1556 1190
f 741 1810 2147
f 2730 1329 2470
f 2757 1964 3136
f 3674 2529 4235
f 1160 313 451
f 1852 3390 2823
f 2900 3941 528
f 1718 1369 2183
f 2290 2932 2614
f 2315 3176 266
f 3139 1657 3749
f 2209 2506 214
f 2443 2752 3608
f 2158 3714 1771
f 1335 270 2169
f 3344 1351 2394
f 1056 2968 1523
f 2314 1569 3049
f 1426 3166 2196
f 2402 3606 94
f 2751 2365 1027
f 570 3415 2760
f 3507 1145 335
f 426 3412 279
f 4010 3729 139
f 282 2154 1096
f 488 1069 2767
f 4037 2517 859
f 3170 2089 3932
f 2771 1960 1291
f 2714 1672 421
f 3193 2536 187
f 2374 2638 1537
f 4196 285 3465
f 3157 2327 330
f 670 3212 1134
f 2565 819 1078
f 3219 3440 3882
f 3160 2705 3779
f 1824 3125 3071
f 653 3726 2558
f 1829 1110 12
f 601 1800 2135
f 770 3231 1878
f 3625 810 3164
f 2943 2223 205
f 1501 2562 211
f 1412 2913 842
f 1444 3020 2524
f 1495 795 2259
f 3806 3665 573
f 3220 3078 2074
f 2305 3420 779
f 2596 78 2171
f 1316 4028 301
f 4131 1559 641
f 1170 3960 531
f 3080 1361 3169
f 576 1689 2870
f 2202 4042 1874
f 2690 210 3065
f 1718 1720 1369
f 3228 3630 1327
f 1453 478 3732
f 310 3698 3201
f 3521 2482 311
f 2864 727 2428
f 3772 486 4157
f 2896 3876 198
f 1472 3192 3541
f 539 3507 1851
f 3335 2514 1098
f 2007 2883 746
f 3515 4086 4132
f 21 1093 1752
f 2148 1394 2642
f 3035 2557 1764
f 1440 3921 3544
f 3916 3173 3888
f 2407 1996 3288
f 47 3457 2317
f 1889 677 2040
f 2501 3632 2243
f 2574 3842 468
f 4089 3215 411
f 1331 94 2060
f 158 1483 1902
f 134 598 2335
f 3679 769 2779
f 3320 3831 2588
f 2078 4165 2634
f 1699 2580 768
f 3652 3697 1613
f 3326 2108 331
f 2025 4144 3578
f 1273 3104 327
f 3963 118 2593
f 1079 502 2785
f 4152 1335 2169
f 3134 2433 179
f 1709 4044 2449
f 3545 3689 3165
f 1540 2234 908
f 736 137 2289
f 3678 3259 4117
f 4026 3938 1714
f 4189 3319 1111
f 1280 3474 2773
f 4049 4024 3504
f 3216 342 3638
f 2826 2485 4109
f 4273 1314 2826
f 3731 3496 2702
f 1359 1722 345
f 1939 2931 321
f 3536 2103 3903
f 237 2352 3357
f 2800 3932 2493
f 2884 3301 3555
f 3345 1432 161
f 2799 4179 2430
f 1610 3432 3114
f 2402 2037 219
f 4095 2205 3622
f 4136 463 1416
f 1340 3324 3005
f 2912 1835 2142
f 3705 4258 2148
f 2965 3284 854
f 1515 3787 1774
f 3635 2226 432
f 726 1512 1821
f 1216 2239 2993
f 645 4176 1967
f 2467 1564 249
f 793 3525 2954
f 3523 3969 3106
f 3843 462 2066
f 3061 188 626
f 2661 1777 630
f 2159 1449 4181
f 536 4194 1869
f 2874 1622 4097
f 148 1660 1348
f 852 3064 1730
f 1508 3141 124
f 1779 2508 301
f 3690 1348 3315
f 2264 3023 1776
f 1776 4078 373
f 1129 732 1812
f 2095 2595 789
f 1414 176 2028
f 560 2136 2530
f 731 2679 3221
f 2841 2010 180
f 3378 1530 61
f 1129 532 917
f 2527 3499 1958
f 2253 3502 1353
f 4067 3002 1822
f 1328 217 2398
f 3995 312 1366
f 1211 4272 3955
f 236 2384 1877
f 2486 3268 1383
f 2353 330 1954
f 1059 3092 3031
f 675 4260 2332
f 1574 2975 493
f 1464 3668 767
f 3183 2931 1379
f 2855 3183 1379
f 2765 3167 1962
f 1094 2385 1441
f 2755 231 3222
f 2757 3209 1871
f 308 2049 3974
f 1279 3441 3131
f 398 2071 1159
f 3098 3429 814
f 2828 255 2115
f 1568 1934 134
f 401 2113 2479
f 4124 1341 2560
f 3175 2357 130
f 1063 4151 3558
f 1597 3710 594
f 1065 2316 1976
f 3113 3626 488
f 406 2397 3290
f 2273 3290 3720
f 2517 3099 350
f 410 3048 3672
f 1040 1695 163
f 3736 3987 3150
f 412 2852 3889
f 1425 3853 2567
f 1945 1265 4241
f 2850 3503 3384
f 3907 1618 2686
f 1015 2747 3118
f 198 4143 2896
f 1653 1020 2805
f 417 2232 1719
f 1315 4200 582
f 238 1337 1586
f 1691 3270 3971
f 2318 420 3571
f 2786 4011 1282
f 352 1651 3858
f 1741 2448 276
f 1672 111 421
f 4088 2460 287
f 1944 1824 423
f 3782 3559 1277
f 3454 2730 1942
f 3365 167 4053
f 1634 3950 2389
f 1099 229 2827
f 2051 3517 97
f 2064 2732 1017
f 3656 243 2919
f 4118 3793 2320
f 3099 192 1051
f 1338 3949 2229
f 852 1755 2057
f 1894 2566 211
f 1743 517 2194
f 2976 3305 1388
f 2192 4107 1216
f 1302 3275 19
f 1828 4006 178
f 1104 1330 3352
f 2689 717 3968
f 2251 2503 1482
f 3032 799 1549
f 572 214 2506
f 294 1389 3904
f 1637 2963 360
f 3821 3248 1952
f 2847 2152 152
f 558 2971 2281
f 804 1176 3677
f 3960 1170 210
f 629 2625 4284
f 697 1193 249
f 78 4222 2171
f 3367 754 4242
f 3612 2643 1403
f 2961 2106 7
f 1775 3278 2473
f 1452 2864 364
f 374 2418 3629
f 654 2237 153
f 3683 2380 817
f 3831 4018 798
f 2488 456 1826
f 2607 769 3529
f 33 1191 2821
f 1652 1077 2789
f 128 1874 458
f 615 835 1791
f 2658 205 2223
f 1584 2956 2247
f 460 1307 2241
f 2951 2011 388
f 3958 152 3005
f 1931 853 245
f 607 3310 1435
f 3013 3935 1640
f 262 1182 2471
f 674 2666 2287
f 1136 226 2027
f 1505 4105 690
f 4205 1245 2248
f 1703 3392 557
f 317 1671 2883
f 2338 3019 1927
f 3933 1530 2027
f 3126 3628 1086
f 1241 2220 174
f 4177 3895 224
f 127 3303 2782
f 4201 3321 62
f 2145 3829 392
f 221 3988 1844
f 218 1296 3066
f 574 1602 3185
f 3066 1965 218
f 3519 2047 1535
f 480 2339 1552
f 480 3428 3171
f 1563 3915 583
f 1563 3286 482
f 3603 3924 315
f 3914 2019 1783
f 1785 2109 26
f 1188 750 3763
f 1352 1662 3626
f 414 4101 1069
f 733 369 1534
f 911 3238 2927
f 1594 4011 3741
f 1771 2124 4210
f 23 2232 1454
f 2268 2438 2898
f 2002 1574 2796
f 3179 2097 345
f 3117 3458 594
f 1135 3131 2719
f 2951 4096 3483
f 2273 3965 406
f 2947 424 3913
f 266 2372 1657
f 179 3454 3134
f 1422 3854 2889
f 688 1382 2376
f 2989 1065 3706
f 1569 2786 2177
f 3457 47 3146
f 2224 2686 2632
f 2029 1262 2480
f 2003 333 2785
f 3471 3313 1350
f 4112 3755 3132
f 3437 3931 503
f 3145 3956 2628
f 3739 3317 2349
f 3785 3215 277
f 1040 3362 4142
f 1608 3551 325
f 1969 3004 116
f 3920 49 3153
f 3112 3573 1286
f 1080 2277 510
f 3314 1038 4117
f 2491 3232 912
f 2726 3765 511
f 3444 2969 997
f 479 2980 1736
f 909 2991 1878
f 3226 434 3017
f 302 3075 2586
f 2395 1774 792
f 810 2442 3038
f 3486 516 208
f 856 1772 2687
f 373 3070 298
f 1388 1171 518
f 828 4050 3271
f 2024 3056 4159
f 1674 2964 3252
f 3248 3821 1162
f 2876 3900 1780
f 850 206 3702
f 1758 4043 897
f 747 3115 522
f 523 3902 1228
f 3489 1418 2204
f 2880 260 1224
f 3693 2978 695
f 734 1399 526
f 2006 527 3538
f 436 1199 3427
f 704 2028 1204
f 1919 3604 2533
f 801 3234 1220
f 3370 613 3105
f 781 2982 446
f 531 2591 3492
f 823 2619 3379
f 4085 3535 443
f 2162 713 433
f 2878 871 1252
f 25 2999 1179
f 2100 2230 4098
f 1607 891 1865
f 537 3320 1153
f 250 3952 1235
f 2410 2019 649
f 387 593 2676
f 1510 2933 540
f 667 541 2600
f 489 2081 2370
f 2126 715 3666
f 544 294 3872
f 1521 3072 4034
f 633 2513 1166
f 1469 2995 92
f 4146 3336 303
f 1377 4146 546
f 2219 2681 1810
f 1469 3269 624
f 611 1496 2601
f 3680 1747 743
f 2441 3126 380
f 3204 1451 156
f 550 2696 1115
f 551 1598 3306
f 1181 2585 551
f 300 1372 3196
f 1645 3375 2244
f 1956 553 2885
f 639 4027 3404
f 2052 3897 2236
f 3959 3253 765
f 2696 2521 135
f 1428 1241 3371
f 2462 3281 642
f 1303 2764 2420
f 3249 2414 1300
f 756 1449 2159
f 1332 2806 4147
f 389 3187 2002
f 3539 2959 1366
f 3047 3796 1360
f 2430 2822 565
f 3364 2201 314
f 470 2338 3359
f 1460 1506 3843
f 3394 3705 567
f 1131 485 1441
f 3867 3707 2143
f 3608 4031 2443
f 622 1316 2018
f 1555 3382 4072
f 3806 1178 2348
f 742 3291 2838
f 673 2385 2870
f 3033 4150 2035
f 3759 880 2990
f 578 3136 1964
f 1699 3745 93
f 580 2182 1709
f 494 1354 2861
f 284 2953 2267
f 3530 3207 424
f 3546 2406 2277
f 1080 582 2277
f 3684 2501 1459
f 2140 2867 1301
f 1972 3472 3190
f 2609 3889 3135
f 3337 1795 585
f 4087 1736 3810
f 3246 4190 2784
f 1013 3487 2023
f 1466 220 3616
f 4057 3130 325
f 2723 3155 244
f 96 3208 3107
f 2492 4151 2198
f 2574 468 1922
f 2668 2120 3217
f 1342 2037 3754
f 1415 3735 120
f 474 3627 1962
f 1687 99 2427
f 159 3981 2322
f 309 3869 1327
f 3268 2914 265
f 316 1851 2486
f 283 2400 1678
f 3593 1014 3124
f 3345 892 1432
f 4179 3763 2070
f 595 1453 2297
f 1334 4123 3919
f 597 1614 1325
f 2268 492 2438
f 2360 3042 492
f 2694 3845 107
f 3841 1299 600
f 1306 2073 2970
f 841 290 2899
f 4107 2239 1216
f 2963 1519 513
f 2901 3302 840
f 711 1767 3701
f 897 3355 2164
f 4050 1247 125
f 849 3416 2167
f 692 2542 2252
f 766 438 1250
f 3255 2371 1893
f 1925 2948 354
f 2020 1496 69
f 1389 889 3904
f 3403 1913 2656
f 1486 214 896
f 4070 3002 260
f 2162 4208 2525
f 613 1396 3811
f 1765 4054 256
f 2255 3969 2722
f 55 1236 3565
f 726 2793 2502
f 2101 1684 848
f 1230 2626 430
f 462 2515 2066
f 381 4280 1071
f 2704 1892 1064
f 1926 251 3082
f 2249 2690 3065
f 873 4167 2456
f 3522 894 3045
f 1169 442 2445
f 2854 3203 1986
f 619 1839 2851
f 2436 1365 3845
f 2121 1901 1355
f 763 3548 1751
f 152 2152 1144
f 547 2794 1788
f 2938 3724 2886
f 4052 528 1429
f 3974 630 3050
f 696 1123 2932
f 1238 2174 472
f 1166 1773 2856
f 2105 450 823
f 1707 599 2072
f 635 1551 2165
f 4239 1971 3922
f 1834 2862 1077
f 2056 3796 721
f 2465 3637 637
f 3822 2356 3627
f 308 822 2962
f 363 1172 3620
f 2891 3692 302
f 2505 3681 3236
f 642 524 1882
f 1611 2013 3694
f 1640 3996 263
f 644 1703 1455
f 1830 2192 693
f 4176 4188 104
f 3455 676 3711
f 3784 2554 3282
f 2410 484 2019
f 1381 2653 189
f 652 2988 1859
f 2928 3199 1111
f 1141 4141 9
f 1367 1113 3533
f 2141 2780 36
f 62 1635 4197
f 837 1091 2237
f 396 655 1773
f 2185 2583 656
f 264 2413 3228
f 1276 3123 2727
f 2080 2989 658
f 3263 659 2481
f 472 2582 1238
f 2929 3032 906
f 1855 2788 3241
f 3389 302 2586
f 3927 3019 1990
f 589 2683 1109
f 1060 3230 408
f 2459 3751 1070
f 779 2752 666
f 1750 1245 396
f 129 2680 3614
f 1584 3812 3214
f 1049 3119 2885
f 18 2646 1536
f 1581 3469 2768
f 3972 2243 3632
f 3679 2253 1759
f 2201 4006 565
f 2193 2870 1689
f 4274 1716 2245
f 1827 385 1533
f 2830 3615 1387
f 2701 2203 479
f 3149 337 2756
f 3925 3774 679
f 2357 3175 1654
f 487 3600 1188
f 1737 902 3046
f 2854 546 1832
f 1451 3204 2200
f 1100 255 2851
f 3869 309 3297
f 2576 2217 38
f 3402 1876 1423
f 1679 2621 482
f 2759 248 1047
f 3053 2796 493
f 777 2781 2077
f 3332 3617 1926
f 2034 1820 1154
f 2378 796 3456
f 562 1685 3037
f 1495 2259 1767
f 900 146 2213
f 525 1505 3424
f 3617 877 1799
f 858 4052 1429
f 1205 2446 691
f 692 4136 3979
f 692 2252 2280
f 1524 3717 366
f 2260 1225 2654
f 2129 2654 661
f 820 1123 2917
f 360 1503 2138
f 891 4243 1541
f 577 1212 3036
f 1490 3695 437
f 3041 1835 2238
f 701 2303 3141
f 2983 3980 453
f 2515 1172 533
f 2624 792 2130
f 2309 828 4007
f 3823 870 2926
f 1777 1528 147
f 1367 105 2026
f 4232 2671 1161
f 4003 2092 2670
f 2704 3490 1302
f 709 3374 2006
f 1173 711 782
f 4135 791 1253
f 3379 634 2631
f 1338 1755 3640
f 713 2283 1513
f 670 370 287
f 2673 3743 714
f 2909 1488 806
f 3068 2442 716
f 2535 1868 230
f 1332 3702 206
f 1744 850 3702
f 3723 872 3252
f 719 1665 2869
f 1369 3826 2183
f 721 4064 3413
f 630 4022 2661
f 2958 3194 106
f 908 2967 2506
f 3225 724 2840
f 1798 1439 459
f 2793 3028 844
f 681 922 2578
f 2034 156 728
f 1387 729 1174
f 1174 2255 1447
f 1516 3189 2516
f 3821 1908 1162
f 247 1710 3526
f 3067 634 1221
f 2105 3658 1472
f 3447 845 1796
f 2230 1875 735
f 1788 304 2300
f 1681 255 2622
f 888 2271 1206
f 3715 3269 740
f 2179 1850 438
f 1801 2432 20
f 742 189 1689
f 1394 2148 2557
f 1427 656 2583
f 2837 154 1190
f 1482 3675 1156
f 3675 3693 1807
f 3315 4214 807
f 611 3877 1496
f 1562 2575 3648
f 2575 4106 863
f 2882 1973 341
f 3613 3239 2644
f 221 1844 2111
f 2369 1758 854
f 811 467 2997
f 2894 3383 2565
f 537 749 4088
f 1632 4079 3899
f 2068 2471 465
f 2085 1647 161
f 1594 1256 490
f 3757 4127 2786
f 4173 2330 244
f 3943 2570 307
f 3217 1232 2668
f 2340 545 1509
f 599 2306 3015
f 681 1115 1769
f 3962 913 618
f 680 597 2009
f 1461 4187 1191
f 1046 2422 2272
f 2077 3342 3637
f 1910 2396 705
f 1580 3483 309
f 832 3336 1377
f 757 1740 335
f 2083 4029 758
f 1357 3286 760
f 583 2017 1563
f 1999 3588 90
f 4121 763 2347
f 173 1092 3992
f 764 2921 1089
f 105 3253 2026
f 3817 3364 2652
f 4006 1250 178
f 2635 671 2084
f 1961 3749 2372
f 2720 3180 3531
f 151 847 3063
f 54 1780 3900
f 2571 3865 1814
f 1444 884 3870
f 146 1468 2213
f 124 2616 1508
f 3946 2450 776
f 637 2881 2465
f 779 3420 2752
f 3894 336 2846
f 3391 2601 604
f 4219 699 2572
f 628 2562 1881
f 780 2502 2226
f 2403 2249 783
f 1444 2524 536
f 1164 784 3576
f 4252 1233 3081
f 2476 3408 885
f 1907 3747 786
f 2207 1236 787
f 2207 690 608
f 1740 788 2676
f 1860 3108 227
f 2794 1492 246
f 866 2130 2447
f 793 87 1503
f 442 1169 3953
f 4147 1685 440
f 633 1509 2866
f 2584 1521 172
f 3535 2658 443
f 1598 3790 716
f 906 1549 1225
f 3522 1234 799
f 2256 739 2507
f 1507 4122 1916
f 2094 710 1199
f 3392 913 557
f 3677 3713 1910
f 1533 542 2909
f 2087 3975 3921
f 1557 372 2045
f 471 1694 3639
f 1743 2194 2946
f 1146 3330 1658
f 1697 2936 704
f 1761 4170 718
f 3441 1279 3154
f 810 3038 1194
f 1531 4114 1775
f 660 254 209
f 533 1513 3636
f 2222 3462 2361
f 3561 3788 207
f 1912 721 3413
f 1735 3138 2134
f 2380 2069 817
f 1555 3683 817
f 3648 802 2208
f 1698 537 2541
f 470 1530 3933
f 694 1733 1407
f 1701 659 1542
f 283 2771 2089
f 4061 3767 554
f 3325 2916 3629
f 1095 3291 1801
f 2904 2110 1146
f 1346 2848 825
f 555 2236 3577
f 614 2722 2350
f 827 3523 4099
f 1109 1370 829
f 3303 1734 2434
f 4027 2483 3404
f 382 2179 2880
f 608 3817 2652
f 3363 2972 902
f 730 1516 1200
f 2648 3129 56
f 459 1791 1419
f 1636 2500 265
f 82 2319 3264
f 4002 2692 1929
f 362 3760 1139
f 1177 605 4046
f 840 1400 2901
f 1511 2587 903
f 3408 3018 1218
f 2170 1911 841
f 842 2129 3647
f 734 1229 2573
f 2577 1995 1900
f 2793 2293 357
f 1520 1800 601
f 846 2971 735
f 2599 1208 660
f 770 1519 602
f 1913 802 818
f 2512 2153 30
f 76 880 699
f 1413 1921 3423
f 1207 3574 780
f 851 1742 3574
f 4130 672 1071
f 230 175 2633
f 712 1730 2552
f 1759 3524 191
f 2231 1152 2886
f 4226 1511 903
f 1666 1173 297
f 1202 354 1468
f 3041 2687 1203
f 3601 4013 857
f 1413 3848 1126
f 1205 3076 808
f 1246 1480 2630
f 4037 1620 3333
f 719 3022 1164
f 1559 2891 2155
f 4252 785 1644
f 1233 171 3081
f 3481 1575 862
f 4208 2162 433
f 351 3245 1082
f 828 2985 4050
f 2947 2677 424
f 1064 865 2704
f 3795 160 1478
f 1477 2618 707
f 1774 2130 792
f 1465 2983 805
f 2616 1450 1508
f 1206 1450 867
f 1869 645 2905
f 868 1320 2837
f 458 1622 128
f 3147 1904 647
f 2188 1857 1494
f 306 1799 1252
f 1371 2944 781
f 1917 4083 2131
f 1674 2611 623
f 2456 2204 1819
f 1715 2348 2133
f 3060 1178 679
f 906 1883 2929
f 2655 3227 2048
f 3452 3874 2088
f 3708 2678 765
f 1464 2102 2639
f 1890 2662 878
f 1246 2890 515
f 821 1407 2174
f 3714 491 1771
f 356 4213 3978
f 699 880 2205
f 3256 774 1813
f 881 2640 3256
f 299 4019 2645
f 1806 3028 882
f 4244 883 3263
f 518 2976 1388
f 859 2979 3250
f 886 1847 2281
f 2239 3865 1550
f 2271 1900 1206
f 1808 888 867
f 300 1727 3419
f 2042 3302 602
f 2839 2030 3391
f 1171 693 3624
f 2538 1865 891
f 1541 2538 891
f 2210 1544 2938
f 1643 3582 4115
f 690 787 3424
f 436 3033 1802
f 1626 1486 896
f 3244 2895 896
f 355 2965 2164
f 802 2974 818
f 1506 1460 58
f 1460 1223 2642
f 293 1693 2729
f 1831 899 745
f 146 1189 211
f 900 1870 2537
f 3306 2063 87
f 3399 2994 4227
f 901 1664 2986
f 756 1737 3046
f 3302 4075 840
f 904 1339 2677
f 3 1867 1401
f 1786 3590 1421
f 3664 2447 1789
f 1549 1234 661
f 1493 2929 442
f 2856 4177 633
f 2031 3660 804
f 2506 2209 1729
f 862 1575 1540
f 2409 3964 3345
f 2431 3784 307
f 889 1108 2674
f 3787 1515 620
f 3476 1878 3231
f 3565 3712 55
f 4119 1536 2646
f 2646 3308 3672
f 1356 1053 910
f 1184 2170 841
f 651 2876 1780
f 911 2411 1818
f 1391 3984 2478
f 1566 4085 2902
f 2576 2942 196
f 1518 1846 2
f 618 2288 1605
f 1052 2428 2872
f 700 1904 1529
f 2585 1181 2954
f 3008 921 3726
f 2231 2585 915
f 2390 3224 922
f 2810 1108 40
f 1285 584 2609
f 2833 3311 2388
f 13 1053 1356
f 2966 2091 1102
f 3945 3819 1279
f 3465 2748 751
f 1310 2744 232
f 1431 3383 108
f 2197 2589 21
f 1941 3471 1350
f 2832 3567 1590
f 2933 2558 540
f 2390 1769 755
f 3224 376 3073
f 3858 2942 41
f 923 3762 2235
f 3961 3144 2945
f 3354 1141 924
f 4216 924 9
f 2844 759 1909
f 1790 3977 919
f 819 2565 2123
f 2939 927 2530
f 3281 2877 642
f 1301 2920 2490
f 3819 2763 1279
f 1073 3818 2699
f 1305 836 2657
f 752 4110 2863
f 85 1760 2949
f 3901 4012 2076
f 3007 982 1481
f 1132 1481 982
f 932 2949 1760
f 1705 123 2853
f 65 45 3890
f 1345 1148 938
f 4278 937 2149
f 2261 113 1345
f 2637 3016 939
f 985 758 4029
f 46 1543 2594
f 2924 3989 974
f 137 1458 2289
f 930 3721 2156
f 1185 3661 3721
f 3373 1546 736
f 861 3703 3264
f 3520 3818 72
f 1298 965 2301
f 966 1470 1114
f 1351 3344 64
f 52 3868 3365
f 3868 969 1462
f 142 1673 4055
f 941 1649 2464
f 981 942 1502
f 943 1704 1863
f 2221 944 1669
f 1669 144 2221
f 1526 1266 98
f 4270 945 4255
f 117 3920 3153
f 1661 4035 949
f 101 2620 1489
f 1527 3153 948
f 3618 1165 951
f 1887 1165 997
f 145 3206 3688
f 3688 996 145
f 4277 3849 145
f 2461 3688 81
f 2903 2038 3618
f 2952 1792 1514
f 4048 120 987
f 1415 120 4048
f 2160 1442 4080
f 1746 761 3003
f 1514 1792 964
f 1639 2801 979
f 986 2276 4202
f 51 1732 2568
f 1732 86 3372
f 1739 102 1368
f 4069 2098 4286
f 961 1746 1499
f 2728 509 66
f 2682 3885 509
f 75 47 2061
f 4048 1712 1415
f 3003 3596 2415
f 428 3301 1880
f 978 2289 1856
f 63 4266 3853
f 1404 2295 966
f 74 4174 1648
f 1898 959 3059
f 984 86 2140
f 4261 3372 984
f 2284 4113 2669
f 937 985 2149
f 2261 2849 113
f 1317 2859 120
f 4048 987 962
f 988 3011 1526
f 990 2156 3686
f 1406 4263 991
f 3989 2924 2087
f 980 2206 993
f 973 3373 978
f 2637 1543 4192
f 4286 4287 1479
f 1240 2969 1489
f 53 2417 998
f 972 2257 1127
f 3983 3 1103
f 1864 993 1804
f 994 973 1476
f 1002 136 1879
f 992 3802 1430
f 119 4174 1898
f 202 3800 2713
f 1641 4092 3160
f 121 3642 2468
f 1903 4262 3807
f 3493 2707 1619
f 3656 199 2612
f 1985 101 3444
f 3560 3734 2708
f 1013 2023 1378
f 918 4224 3442
f 2270 3473 1595
f 344 2364 3511
f 2061 2317 3120
f 46 3528 3797
f 1576 2567 2061
f 2388 1897 2833
f 761 2015 3003
f 2777 1619 1012
f 67 1373 2984
f 1589 3397 139
f 4196 2710 242
f 3532 3102 4039
f 2312 2744 4039
f 2412 3206 145
f 3985 4256 2721
f 3737 98 1266
f 4104 4137 3653
f 3190 4240 500
f 1018 3385 2426
f 590 3837 3323
f 1653 4057 416
f 341 2355 2773
f 3739 1426 2196
f 1022 2349 2055
f 2685 3771 928
f 3572 3296 2399
f 115 2051 1678
f 4004 1024 2728
f 2454 3573 4221
f 3531 2868 4161
f 579 2342 2011
f 2254 2603 3316
f 1582 999 122
f 3436 244 3155
f 3494 193 1977
f 3137 592 2341
f 3497 3121 240
f 2738 409 4218
f 2335 3997 1032
f 3358 3460 112
f 3518 3077 2769
f 1269 3312 2330
f 3312 3762 929
f 2706 3128 2274
f 53 3930 1035
f 4109 1726 218
f 574 3856 2485
f 3655 198 3876
f 1970 2355 1021
f 4053 2394 1683
f 3328 3678 2379
f 2745 1039 4183
f 3223 2888 508
f 2824 1040 505
f 3621 3510 506
f 1537 503 2509
f 3828 4129 1041
f 1042 3484 2706
f 2743 3517 3646
f 1044 1896 2884
f 1587 3976 3049
f 4162 3781 1046
f 682 2636 3096
f 4185 2691 1858
f 494 1048 581
f 2885 2359 1049
f 3508 3119 548
f 3007 4228 168
f 2267 3166 3027
f 1993 1793 3967
f 3912 2795 192
f 29 2082 1905
f 3083 1052 1625
f 1866 2649 22
f 1686 2382 3623
f 2715 199 1585
f 337 3720 2756
f 1646 1999 3143
f 1056 2325 2736
f 1339 233 3905
f 1058 261 1969
f 3209 2470 1329
f 657 3031 3092
f 2811 73 1061
f 3994 1329 179
f 1579 588 4124
f 2059 769 191
f 2316 1065 3205
f 3321 3627 2356
f 3295 2250 3606
f 349 3114 2761
f 377 1848 1068
f 2877 927 2091
f 414 1069 2544
f 3998 3340 93
f 3232 3453 928
f 2639 3148 3470
f 3185 4245 574
f 3380 3034 213
f 3233 1280 1624
f 2190 4180 166
f 269 2579 1076
f 1076 3827 4193
f 3922 2789 2424
f 2862 1834 814
f 3054 2684 2186
f 1078 926 2565
f 2785 3395 1079
f 3718 3709 215
f 3799 419 2814
f 2672 1315 582
f 1540 1729 1081
f 779 3262 2305
f 2151 1924 24
f 4169 2072 2694
f 3845 2694 2072
f 2108 3055 1384
f 2714 3550 1409
f 3173 3954 4065
f 1084 1811 2846
f 3631 1084 185
f 2242 2889 110
f 1690 2605 1085
f 393 3381 2163
f 3126 2823 380
f 3628 1992 1086
f 1087 322 3175
f 3175 2583 1087
f 2384 236 1956
f 2800 2058 2440
f 1902 3152 4248
f 3418 1786 2291
f 2217 2576 3418
f 132 2893 1919
f 2551 575 4198
f 2243 3972 2871
f 148 3025 2520
f 2739 3992 1092
f 1093 2495 3426
f 4225 2161 1490
f 449 318 3267
f 3421 3058 1853
f 2385 1094 2141
f 2154 2526 1096
f 2002 3539 312
f 563 2959 1097
f 317 2224 1671
f 229 3867 2827
f 2688 3911 1099
f 996 1101 1702
f 1518 2 1102
f 3802 992 1879
f 1103 1841 931
f 1472 3541 450
f 2139 3352 361
f 2350 3368 1104
f 1105 8 3855
f 3685 3360 2043
f 3690 3315 807
f 611 3391 2030
f 4286 4261 4069
f 848 1108 889
f 4 1445 2674
f 3199 2928 746
f 3590 2772 3975
f 3533 3769 706
f 1114 2693 2301
f 135 1769 1115
f 1116 2637 939
f 2221 988 1117
f 2955 3657 1118
f 460 2241 743
f 1119 3680 743
f 1555 4072 2489
f 3670 1121 554
f 1122 986 2539
f 1123 696 3327
f 1123 820 1899
f 2469 1124 3425
f 2550 1125 3639
f 684 1125 1876
f 2455 1476 1001
f 2806 1413 1126
f 1126 2142 3127
f 2257 2284 1127
f 2297 3258 1128
f 1314 1787 3491
f 1652 2678 319
f 1129 379 732
f 1130 3059 959
f 1133 731 3221
f 108 3212 1431
f 1845 1560 837
f 638 2228 1929
f 3543 2719 3562
f 1135 2873 3388
f 1627 2635 466
f 1136 2027 3378
f 1137 2488 1333
f 456 4260 1827
f 1138 3890 935
f 914 4058 1529
f 913 3962 2086
f 1376 2650 2208
f 9 924 1141
f 1142 1842 6
f 2665 3404 720
f 387 1143 593
f 2914 3268 1143
f 1408 3389 664
f 3389 2891 302
f 3005 1144 353
f 2152 1908 1144
f 69 3881 2020
f 2904 824 2110
f 157 1466 3714
f 985 1148 1345
f 1150 1360 188
f 2409 3235 1150
f 1380 1151 2675
f 3343 1714 803
f 160 1152 1906
f 1152 2231 1906
f 328 1153 2210
f 1153 2588 2210
f 2907 1154 498
f 2050 4003 454
f 717 2689 1744
f 1155 980 2598
f 1730 4139 2552
f 3939 3928 2246
f 2543 1156 3675
f 1158 3079 3509
f 1158 2545 715
f 1159 744 398
f 259 753 2874
f 1162 3526 3248
f 1163 1547 27
f 1390 2602 11
f 3576 1403 1164
f 1595 3348 118
f 1166 879 70
f 3244 896 572
f 2616 124 1168
f 1168 2499 371
f 1809 2300 304
f 2351 4081 296
f 1920 813 1411
f 3953 1140 1493
f 1170 4045 2563
f 3492 1170 531
f 3624 2839 876
f 2908 363 1498
f 2908 533 1172
f 3402 2159 561
f 782 711 2112
f 1174 2648 56
f 2830 3086 3615
f 1860 1175 1362
f 3713 907 3589
f 3247 1528 446
f 4063 802 1913
f 822 308 2188
f 822 2188 1782
f 605 1177 1895
f 3060 2348 1178
f 1461 2629 3061
f 3035 1394 2557
f 3516 1180 3743
f 793 1181 87
f 1183 1399 251
f 1183 1926 616
f 1184 4125 1434
f 3704 3017 1400
f 2075 698 1186
f 1186 846 2075
f 1371 2661 365
f 1735 816 375
f 3600 275 3217
f 211 1189 1501
f 900 1189 146
f 154 744 2304
f 305 1190 1556
f 1191 1886 2821
f 2540 1823 2146
f 981 4266 1192
f 1193 2963 513
f 1193 697 2615
f 2587 3164 1194
f 3038 1816 1194
f 1442 2160 1195
f 1196 3978 441
f 2618 1196 441
f 1400 2036 3001
f 299 1821 1197
f 710 3427 1199
f 1802 894 1199
f 1200 2648 730
f 1201 1368 957
f 4076 3413 489
f 1202 1772 856
f 2555 1697 704
f 3076 1429 3400
f 2271 888 3937
f 1208 748 1475
f 2997 467 3351
f 3486 2633 175
f 3044 4102 1209
f 1421 2924 1210
f 3292 1827 1533
f 2205 1212 699
f 577 3036 1435
f 2647 1213 2076
f 3717 3043 366
f 1428 1214 694
f 1215 2791 4255
f 4107 2192 358
f 4175 2549 1744
f 209 3896 1564
f 448 1414 3361
f 647 1217 2554
f 3018 3408 54
f 610 3018 1434
f 2966 1219 524
f 1800 290 2135
f 39 3409 1781
f 1566 3067 2096
f 480 2250 3733
f 1222 1297 3862
f 3654 2351 3331
f 2219 1810 741
f 1225 2260 399
f 3211 3553 1287
f 1227 294 1762
f 3252 1471 3723
f 3723 4170 2131
f 3146 3052 235
f 3052 1406 991
f 2913 3310 1229
f 3447 2573 1229
f 3938 4026 60
f 1429 4233 60
f 1338 2626 3949
f 1231 3393 5
f 5 1888 1231
f 1921 773 3423
f 2548 4274 2245
f 1432 2666 750
f 2118 3081 1870
f 3045 1802 1412
f 1235 4120 3871
f 1825 2994 2302
f 3860 2265 737
f 853 3622 245
f 830 2179 766
f 151 1446 847
f 2079 3565 748
f 2974 2212 3613
f 3993 2513 2174
f 1239 1506 58
f 843 1239 58
f 1548 776 3356
f 950 1489 2107
f 1241 1428 694
f 439 174 883
f 1730 3064 893
f 615 1791 2624
f 2395 792 703
f 453 3980 3084
f 1244 1404 967
f 1750 1773 70
f 3331 2890 689
f 2681 1492 547
f 1788 3609 547
f 1250 878 178
f 3201 3926 99
f 2103 1687 3903
f 1252 2178 306
f 2321 2878 804
f 2146 246 2230
f 2230 2100 445
f 753 1551 2874
f 4135 3394 1495
f 3988 2052 555
f 2640 1385 3256
f 2813 3899 495
f 1255 3950 345
f 1257 1889 3826
f 720 1369 1720
f 877 2494 534
f 4148 3660 534
f 1985 4021 1005
f 3776 3990 3560
f 3109 3801 920
f 4091 3193 2702
f 3434 1979 200
f 2480 337 3840
f 501 2474 3691
f 1263 2805 3323
f 2365 2751 1263
f 3440 3328 338
f 918 3111 3839
f 413 2725 2405
f 3124 3011 144
f 2698 751 3433
f 1797 169 2295
f 1268 3857 3504
f 1269 4173 3273
f 1963 3607 2927
f 3931 3188 1270
f 2346 1271 2726
f 3987 3510 3150
f 483 2787 3603
f 325 587 1608
f 332 3430 3104
f 2762 1273 3742
f 288 3669 238
f 4017 1983 3650
f 461 3745 3092
f 3745 1699 1276
f 3559 4224 2703
f 2383 3906 1072
f 2911 2315 1278
f 4128 1570 3154
f 3792 1280 3233
f 3792 3233 110
f 4112 2247 1281
f 1593 225 3437
f 3316 1044 2254
f 3142 3003 2015
f 2607 2067 4288
f 2032 1284 3699
f 4155 2717 3816
f 4221 3573 3112
f 2354 1287 281
f 1287 4178 1903
f 68 2098 1288
f 177 3499 1289
f 3414 2769 3077
f 3119 3508 669
f 2733 3579 1291
f 2742 268 1597
f 586 1293 2564
f 3445 2544 2078
f 581 1048 3322
f 3240 2758 477
f 1297 663 1621
f 1299 3892 2534
f 3992 3249 1300
f 1301 2426 2140
f 2867 1754 1301
f 3490 2556 1302
f 3789 1625 3490
f 575 3294 2764
f 1546 1918 736
f 3168 3753 1010
f 1979 4073 413
f 203 1966 2522
f 836 3813 1682
f 457 4234 556
f 2789 3922 457
f 1306 4059 1731
f 380 2970 2441
f 2241 372 1119
f 311 1307 2845
f 330 4082 3157
f 573 3012 1178
f 3665 1308 573
f 1309 3367 4242
f 4029 1310 232
f 1571 2367 2802
f 3880 3369 1311
f 4118 3451 2817
f 1818 1312 3768
f 3317 1313 504
f 933 1313 2093
f 4200 2475 322
f 3407 4028 763
f 1072 3906 3340
f 1317 3463 2484
f 1855 4137 2065
f 1318 15 2684
f 4130 3257 2125
f 3546 2277 582
f 141 2400 1738
f 1321 2386 3381
f 393 2739 1321
f 1066 2775 2356
f 2804 3646 2014
f 164 3605 2337
f 2792 394 3467
f 3689 3545 4220
f 185 1326 1748
f 1326 336 1629
f 1327 2361 3228
f 3186 3630 1606
f 538 2122 1328
f 116 3446 2470
f 334 3209 1329
f 2875 3586 1331
f 3172 3786 2334
f 2806 1126 4147
f 1837 1332 440
f 4123 3846 3494
f 1334 1997 3176
f 270 1335 1255
f 3564 2472 40
f 916 1924 1684
f 3009 1899 3350
f 2434 3350 566
f 3098 1834 1336
f 2263 3515 1336
f 621 2840 3935
f 2840 549 1688
f 34 2973 2820
f 898 3308 2820
f 2626 3640 2246
f 904 1867 1339
f 3207 3530 1057
f 4083 1917 1340
f 1617 180 2025
f 3754 3339 3480
f 1343 1858 192
f 350 2979 2517
f 2039 1590 3567
f 2753 2388 4238
f 1345 758 985
f 1345 938 2261
f 323 825 2848
f 403 2040 1721
f 1090 2893 2551
f 59 1238 2582
f 3057 304 895
f 1347 670 2673
f 1242 4018 3064
f 2558 3726 921
f 807 2044 3690
f 102 1350 3313
f 1008 3471 4047
f 2697 772 2293
f 1982 3293 2397
f 405 3051 648
f 3502 2541 1353
f 3808 2421 3200
f 1354 3808 2861
f 3034 3380 4245
f 221 2224 2632
f 2632 2686 650
f 910 2910 1356
f 1357 252 2497
f 760 2243 1357
f 3326 2711 111
f 3412 4005 279
f 1360 1150 2937
f 656 1361 2185
f 4094 3108 1362
f 3718 4094 1609
f 2740 3804 142
f 1680 2228 1363
f 2344 3963 2749
f 362 3852 1735
f 3852 4093 522
f 1364 576 2141
f 2432 1801 4108
f 1365 754 1914
f 2959 3539 1097
f 2959 2505 3716
f 1113 556 4234
f 2568 3783 51
f 1368 1201 1739
f 1257 2483 127
f 2944 531 1655
f 3196 2592 1727
f 1081 1372 2305
f 1944 4001 3554
f 2504 45 1896
f 3236 2829 1374
f 426 2860 1375
f 802 1376 2208
f 3253 3069 765
f 1156 1377 546
f 3336 832 1737
f 2849 4158 113
f 1378 3095 1013
f 3183 2855 278
f 143 3651 1380
f 236 1382 3218
f 3520 3973 1298
f 912 4183 2491
f 1734 4027 3009
f 2916 3325 1782
f 265 1872 1383
f 3268 593 1143
f 3281 4171 560
f 111 3055 2108
f 2887 2108 1384
f 691 3256 1385
f 2976 518 1607
f 1389 544 848
f 2143 2602 3010
f 2109 1785 1390
f 84 234 1391
f 1638 2835 1028
f 149 4166 2303
f 1167 632 4166
f 1392 428 1880
f 936 1392 2062
f 3327 2917 1123
f 696 1710 1393
f 1394 3035 320
f 320 1815 1394
f 1395 464 2925
f 1808 1396 613
f 3105 3811 708
f 3960 210 2178
f 1655 871 2982
f 1398 646 56
f 3129 2977 1398
f 2227 31 1068
f 1399 1183 526
f 3001 2901 1400
f 308 2962 2049
f 1401 904 12
f 2942 2576 1402
f 1403 3576 484
f 484 2410 3612
f 1781 2619 7
f 2105 3379 2631
f 287 3320 4088
f 1244 2295 1404
f 435 1253 3355
f 1405 2761 1067
f 1406 3052 943
f 821 2220 1407
f 1407 3993 2174
f 664 1717 1408
f 1741 3295 219
f 1410 2158 4210
f 3459 3901 123
f 813 4153 1411
f 1412 3647 3045
f 2876 3423 773
f 3361 4090 1217
f 1712 975 2160
f 1712 4048 2144
f 786 1882 524
f 816 2369 1187
f 463 3038 1416
f 692 3979 2542
f 2518 3914 2617
f 1419 4195 459
f 1419 835 1157
f 1420 3698 2145
f 1251 3201 99
f 3686 2291 1421
f 1421 990 3686
f 2242 1075 4268
f 684 3402 2621
f 1423 2496 756
f 3329 1696 1491
f 568 3867 2143
f 2688 2827 220
f 1425 1935 63
f 4266 941 1192
f 4015 3672 3048
f 3918 4056 3048
f 2903 952 2038
f 1232 3217 275
f 3317 3739 85
f 3166 2267 1050
f 1747 1049 2981
f 995 4236 1804
f 604 2555 2309
f 3802 136 3029
f 749 2123 1431
f 750 2085 1432
f 3018 610 785
f 1212 577 2572
f 3036 2450 1435
f 983 1436 1898
f 473 4215 1437
f 3152 473 1437
f 1438 3151 37
f 2428 1438 2872
f 1243 1439 703
f 3921 3676 2087
f 673 1441 2385
f 2952 3283 1442
f 1442 1195 963
f 2987 1443 803
f 1444 3870 1865
f 2716 4104 507
f 2064 1928 3653
f 2153 2512 1445
f 1446 660 209
f 1446 151 2599
f 3298 614 1765
f 614 3298 1447
f 1448 2930 2507
f 2661 3410 365
f 1995 1206 1900
f 2138 3625 3164
f 2294 675 570
f 1452 3538 2940
f 1128 2865 2297
f 1453 3732 1033
f 874 3774 2950
f 2232 3855 1454
f 557 2189 1455
f 4203 1456 890
f 2549 4175 2993
f 1817 797 1457
f 1457 797 1838
f 3158 1182 668
f 3614 2680 1723
f 3671 2257 1458
f 760 1459 2501
f 1460 2642 1815
f 1223 3654 3331
f 1179 33 25
f 2629 1461 1179
f 2791 2176 121
f 946 1463 1215
f 2639 1074 4133
f 1465 530 2381
f 805 1822 1465
f 1198 667 3788
f 2081 1198 733
f 354 2213 1468
f 92 1890 1469
f 2300 624 1788
f 2286 3582 1471
f 1471 3582 3254
f 3192 1472 77
f 3658 2105 2631
f 391 1473 2931
f 3911 1147 1473
f 443 2658 2223
f 1474 917 3542
f 2941 2624 2130
f 28 3426 3054
f 1622 458 3883
f 1906 1478 160
f 4287 68 1702
f 1480 515 1411
f 1480 1246 515
f 2503 1891 1482
f 2599 748 1208
f 607 3447 1229
f 764 1902 1483
f 1199 436 1802
f 855 1881 1484
f 1485 100 2276
f 989 2276 986
f 2592 1486 2275
f 1486 1626 838
f 54 1434 3018
f 2909 3666 1488
f 3681 1488 3838
f 2107 2620 67
f 919 437 2604
f 1908 3821 623
f 2284 2669 971
f 1491 3220 2879
f 2681 547 1810
f 4098 1492 790
f 2585 2231 3724
f 1416 3068 208
f 171 1233 2116
f 1837 4209 717
f 827 2022 3368
f 1494 1857 2282
f 3394 4135 3705
f 291 3026 4199
f 3315 3877 1106
f 901 2986 212
f 2986 2302 212
f 2214 1798 4195
f 363 2908 1172
f 1499 2415 976
f 146 211 2566
f 1884 1501 849
f 1503 360 2615
f 1978 2615 697
f 1230 430 359
f 4270 48 1669
f 4070 1505 525
f 1505 690 3424
f 1203 4046 605
f 2194 517 2446
f 1506 4041 462
f 1808 613 3039
f 3039 4212 3937
f 4213 738 4212
f 1630 3141 632
f 1508 2627 701
f 766 3817 830
f 1884 76 1501
f 2676 4077 3507
f 2012 3012 390
f 2960 521 2307
f 1511 1931 840
f 3164 2587 292
f 1742 4207 3574
f 1512 2502 780
f 4008 2563 695
f 2260 2978 399
f 1513 875 2311
f 555 3577 2988
f 2516 529 3604
f 730 4239 1516
f 3527 2899 290
f 1517 2311 126
f 433 3239 1763
f 359 3332 3082
f 306 3617 1799
f 927 1102 2091
f 358 601 1814
f 1520 2429 104
f 205 2266 1157
f 4276 815 1522
f 1523 588 3740
f 2971 2540 735
f 735 1875 846
f 2178 2690 1525
f 1203 2687 431
f 2687 2238 856
f 4263 988 1526
f 2682 1130 960
f 2682 2215 3059
f 3153 1527 4035
f 2429 4176 104
f 3184 705 2926
f 1528 3247 705
f 674 2548 2245
f 3280 1529 1904
f 1370 2439 226
f 4114 1531 523
f 3450 1585 1959
f 4254 3300 1004
f 1827 3292 456
f 1533 385 4272
f 3427 2900 855
f 434 2990 2167
f 3519 1076 4193
f 1736 4087 2393
f 1536 4119 6
f 503 1537 1041
f 1538 275 1828
f 3075 441 2586
f 862 1081 2305
f 1575 267 4211
f 78 3406 4222
f 3263 174 1542
f 1543 940 2594
f 3372 1107 956
f 2588 1544 2210
f 2265 3860 3635
f 2612 3103 1923
f 1796 2296 860
f 1547 2172 27
f 853 3832 3356
f 1816 2816 903
f 1605 3032 3957
f 661 1234 3647
f 3701 2259 439
f 883 2112 3701
f 2239 1550 2549
f 3021 887 773
f 128 2202 1874
f 1553 1850 382
f 2590 1553 1224
f 2677 2947 1829
f 2118 1218 785
f 3683 250 2957
f 4042 1190 154
f 1707 2202 635
f 1694 1557 3639
f 1558 2458 498
f 2316 3205 195
f 4013 2378 857
f 2692 837 1560
f 2915 1560 538
f 3017 1561 514
f 1237 3416 606
f 1562 3648 1833
f 1565 1877 1088
f 2800 2493 1565
f 2552 3939 712
f 430 3928 2494
f 443 2902 4085
f 2096 3944 1566
f 2337 1567 164
f 1567 4163 3103
f 400 3431 3089
f 1568 3087 2858
f 3145 273 499
f 3511 3109 2166
f 1570 3731 3441
f 1998 1571 2802
f 2744 3532 4039
f 683 3251 1572
f 812 79 2222
f 2703 3839 3219
f 3512 3844 2703
f 3155 2723 2046
f 106 3194 3040
f 4211 2234 1575
f 1935 3168 1010
f 3827 3159 501
f 2331 3801 1578
f 2934 2364 1008
f 2560 2198 1579
f 2727 4036 657
f 1581 80 2173
f 3986 401 2479
f 3997 1583 409
f 2326 3214 402
f 2885 3999 1956
f 3553 2898 286
f 2438 327 2898
f 2919 1959 199
f 2157 4117 1586
f 1587 3133 2842
f 3487 2906 2023
f 3825 139 3439
f 1590 3847 2832
f 3096 1344 682
f 1277 3004 3140
f 2490 1592 1018
f 195 2790 2493
f 225 1593 3755
f 2454 2713 3573
f 3741 3182 1594
f 3339 2683 589
f 1595 118 2270
f 3444 1258 1985
f 3463 4071 1596
f 625 1598 551
f 716 3306 1598
f 3429 3098 3891
f 3189 1516 636
f 1600 1399 2573
f 3696 860 2296
f 2743 3479 2352
f 3185 3850 2834
f 1324 1603 3299
f 1604 1285 3816
f 88 1605 2288
f 1606 132 3031
f 4223 3936 2459
f 891 1607 125
f 2435 3100 1608
f 3926 3563 99
f 3500 2368 272
f 2324 4032 3110
f 2013 1611 4032
f 3673 1950 2718
f 2392 1968 3662
f 1613 3543 186
f 3697 3652 2354
f 3017 434 1561
f 3892 3353 2534
f 1615 2717 3655
f 3047 2248 3966
f 4064 3966 489
f 4121 2775 1616
f 3682 3945 3388
f 180 1617 1342
f 282 2996 2634
f 650 2686 1618
f 1619 3464 1012
f 143 2707 1981
f 1973 2882 415
f 1294 1620 2945
f 2945 2457 923
f 3833 1621 663
f 2767 1623 3113
f 1624 2097 3233
f 4005 1280 2773
f 3083 709 2006
f 1052 2082 1625
f 1627 767 2998
f 671 1627 2998
f 46 2766 3528
f 280 3095 1378
f 1065 2989 1558
f 3262 779 1629
f 3912 3770 1631
f 407 2795 3689
f 1632 2813 3691
f 1267 4250 2001
f 205 3072 2266
f 916 2101 1633
f 2690 2249 616
f 333 686 1634
f 4197 1635 1300
f 3321 1635 62
f 3351 2207 608
f 3411 608 690
f 250 3871 2957
f 2500 3599 109
f 360 2138 1637
f 602 1637 2042
f 3984 2835 1638
f 1028 2425 1638
f 2888 1485 1639
f 979 3587 1639
f 1640 724 107
f 3935 3013 3663
f 2333 1641 3779
f 3863 3160 1260
f 2943 627 1474
f 615 150 2659
f 3589 2396 3713
f 610 2053 1644
f 2981 3878 460
f 3246 1646 4190
f 1647 2085 348
f 468 1647 2120
f 4174 2808 1648
f 3552 1648 2808
f 2766 2594 1649
f 288 3328 1650
f 1264 1650 3440
f 2942 3858 1651
f 1077 1652 319
f 416 483 1653
f 1020 1019 4111
f 2357 3508 548
f 2475 3077 1654
f 1398 481 1656
f 3594 3773 676
f 2372 4218 1961
f 1657 2315 266
f 2570 3943 464
f 4149 1658 1349
f 1659 1022 2387
f 3840 3519 2029
f 1076 3519 1535
f 1660 824 2041
f 4035 2984 117
f 2078 2634 1295
f 3290 2273 406
f 2868 3181 3756
f 1663 2342 3970
f 1665 719 2531
f 2307 1666 297
f 3284 2965 1666
f 4159 2910 1667
f 1668 3204 2907
f 2080 3568 1668
f 1669 944 1504
f 1670 3915 4181
f 3633 722 4061
f 284 2711 3570
f 2883 1840 1311
f 52 1673 142
f 2469 3804 1676
f 232 1677 2149
f 3195 3024 1677
f 2638 3828 1537
f 271 1523 2968
f 2379 3198 338
f 1005 2313 3261
f 3117 1678 2051
f 1023 115 1678
f 1679 482 2497
f 1679 3169 2195
f 418 4123 3494
f 4281 596 3097
f 1363 3588 1680
f 3588 2564 1680
f 571 4031 1320
f 4066 3289 1682
f 3661 3686 3721
f 1108 3564 40
f 1684 2151 3564
f 3456 3037 1685
f 4282 2012 390
f 1687 1284 422
f 3225 2840 1688
f 4158 3285 113
f 758 3285 2083
f 1689 189 2653
f 2870 2193 673
f 2605 586 1646
f 3274 4201 62
f 4201 1322 3321
f 3550 3213 1409
f 3350 3359 566
f 991 235 3052
f 98 3737 2279
f 1509 224 2340
f 2856 633 1166
f 3417 1694 471
f 2045 3639 1557
f 892 2287 2666
f 2999 3687 2629
f 163 3362 1040
f 3078 1491 1696
f 1696 3581 706
f 1462 2623 167
f 970 2299 2623
f 2555 704 1204
f 4149 1349 1697
f 2125 2541 672
f 3123 768 3970
f 4072 1700 2489
f 1700 622 2489
f 4269 1702 68
f 3457 3146 235
f 1705 3890 45
f 1705 2404 935
f 3016 2261 1706
f 3688 2461 953
f 1707 635 599
f 1708 2960 603
f 1541 1708 698
f 368 2306 2925
f 3015 2072 599
f 3994 580 1709
f 247 1393 1710
f 2095 3526 1710
f 1711 3342 907
f 3660 4148 907
f 138 1713 3478
f 339 1714 3392
f 3343 3392 1714
f 631 1715 2917
f 542 1408 1717
f 664 2126 1717
f 197 2892 1554
f 1719 2887 417
f 3885 2682 960
f 3569 3767 822
f 4215 3558 1721
f 2274 3873 3610
f 1722 270 1255
f 1228 3614 523
f 4114 378 1775
f 2998 3668 1724
f 1724 4119 3672
f 3887 2545 1158
f 1725 257 1467
f 3955 2155 89
f 2758 1726 477
f 3196 552 2592
f 1128 3258 165
f 1033 1728 1453
f 3391 4007 2839
f 3141 2303 632
f 701 3044 2303
f 1730 712 852
f 177 1047 1731
f 1368 2568 957
f 2311 2088 126
f 2052 2236 555
f 4051 2547 476
f 1214 1733 694
f 3717 3993 1733
f 4285 4126 1102
f 4126 727 2966
f 1795 3337 1147
f 303 3336 2496
f 1737 832 3363
f 4129 687 2128
f 958 1739 1201
f 1118 469 2955
f 276 2250 3295
f 4212 4283 3509
f 3595 298 1424
f 1744 2549 1550
f 206 850 1921
f 1745 1207 780
f 1745 3635 1545
f 3003 2415 1746
f 961 2181 1746
f 2025 2451 1749
f 1750 1524 3014
f 106 1751 3548
f 3548 763 4028
f 2308 3394 689
f 3183 1753 391
f 3640 1755 712
f 3580 2298 2641
f 854 897 2164
f 1446 209 2467
f 191 3679 1759
f 2987 803 2150
f 3317 2949 1313
f 2881 1180 1761
f 294 3904 1762
f 612 1762 2175
f 1763 863 1534
f 3239 433 1517
f 435 4258 1253
f 2902 3542 917
f 1765 256 1971
f 1765 614 2350
f 1399 734 2573
f 73 3459 1766
f 3338 1909 759
f 1767 4135 1495
f 97 1768 3202
f 2005 3803 237
f 100 2419 4202
f 2216 3223 508
f 2124 491 1143
f 1773 1750 396
f 655 2856 1773
f 2447 3787 1789
f 1160 1775 378
f 2473 1531 1775
f 630 147 3050
f 448 4222 1778
f 1213 2647 933
f 2746 3952 1779
f 3606 2060 94
f 1246 2630 795
f 2259 795 3371
f 651 1780 1487
f 1184 3900 2170
f 2916 1149 374
f 1449 3410 4181
f 641 1417 3914
f 784 4131 3576
f 1784 1105 2973
f 26 1094 1785
f 1785 485 1390
f 1786 905 2772
f 1787 1128 165
f 2643 3658 732
f 1790 2894 3977
f 1439 1243 459
f 1791 835 1419
f 963 2952 1442
f 1040 1793 505
f 4142 3967 1793
f 1991 1794 3651
f 3714 3934 157
f 585 1535 3810
f 1796 845 2252
f 860 3447 1796
f 2295 169 1470
f 1797 1268 2699
f 1798 1498 363
f 4154 126 2088
f 1799 877 2031
f 1799 2878 1252
f 290 1800 3234
f 1800 1220 3234
f 1801 20 2106
f 3291 4108 1801
f 1803 4063 30
f 915 629 1906
f 1048 2561 2857
f 2206 980 1155
f 3207 2953 3570
f 2848 3101 323
f 2116 1806 171
f 2645 1237 1806
f 1396 371 3304
f 2616 4062 867
f 1809 304 3057
f 1809 472 545
f 336 185 2846
f 4116 475 1811
f 732 2631 1812
f 2566 881 1813
f 601 358 1520
f 2571 1814 601
f 2577 1815 320
f 1815 2642 1394
f 573 1308 390
f 2816 2280 1548
f 1194 903 2587
f 3038 463 1816
f 3022 4033 3692
f 2618 3075 707
f 1817 527 2798
f 4167 617 2456
f 1312 3611 3768
f 3747 3557 786
f 1154 688 498
f 882 3028 726
f 4067 1224 260
f 59 3057 1823
f 1823 2540 3719
f 2994 772 4227
f 3187 2488 1826
f 1826 1097 3187
f 1827 3864 385
f 4260 456 1137
f 2799 1828 275
f 1830 693 1388
f 2905 3305 884
f 1091 3584 1366
f 314 565 129
f 4175 2689 1831
f 1831 745 4009
f 2045 372 1832
f 2854 1986 2251
f 4069 984 662
f 802 3648 2974
f 319 1336 1834
f 1835 3601 857
f 857 2142 1835
f 1837 4099 4209
f 1837 717 3702
f 697 1838 2546
f 4041 3940 462
f 1100 311 2482
f 2696 550 1840
f 3880 550 3568
f 432 2265 3635
f 1841 1103 3
f 907 4148 1711
f 3939 2246 712
f 3951 1142 3668
f 1844 555 2988
f 3236 153 2505
f 2122 654 4120
f 1518 2939 1846
f 1847 297 782
f 377 1068 2136
f 1849 3043 1214
f 1849 4153 3866
f 3715 1850 1553
f 307 2936 1349
f 1217 647 1539
f 316 2117 1851
f 2676 593 4077
f 512 3544 3210
f 4180 1440 2203
f 1086 1852 2823
f 4140 1852 549
f 3820 3421 318
f 1853 1303 2420
f 1562 324 4106
f 3241 2603 1855
f 2358 3585 2065
f 1458 1856 2289
f 1137 131 2332
f 2188 1494 452
f 3184 147 1528
f 1078 3257 2684
f 886 2307 297
f 1343 192 3099
f 1859 4078 1397
f 2495 4225 3977
f 2054 1272 1885
f 2322 3851 3405
f 3026 291 4139
f 1347 2292 893
f 1862 1163 27
f 942 1863 1502
f 4110 84 2478
f 1938 2478 1034
f 1865 3020 1444
f 653 1866 3726
f 3 3983 1867
f 1242 1868 798
f 3722 625 2938
f 645 1869 2651
f 1870 900 2213
f 2118 2948 1218
f 3209 2449 1871
f 1872 265 2500
f 1872 673 2193
f 2515 462 3940
f 4081 1920 296
f 3620 1439 363
f 1874 2304 458
f 1143 387 2124
f 1875 2075 846
f 2496 1876 303
f 1125 684 2195
f 103 3401 2384
f 3063 3634 151
f 1496 3877 2437
f 1880 3074 977
f 1880 2062 1392
f 1881 4219 1484
f 855 628 1881
f 537 1153 1353
f 399 906 1225
f 2445 1883 2008
f 1884 2990 880
f 2450 607 1435
f 2720 4082 3824
f 815 4187 2056
f 1887 951 1165
f 1888 42 1356
f 1888 4159 1231
f 1074 2606 43
f 1889 1257 2782
f 677 1889 2782
f 92 2662 1890
f 1890 740 3269
f 1169 559 3073
f 1482 794 3675
f 1892 1302 19
f 2067 1892 10
f 49 1380 2675
f 948 2675 1151
f 988 4267 1117
f 3255 1893 2754
f 1894 1254 881
f 253 1491 2879
f 1895 1177 839
f 3060 679 3774
f 32 2269 35
f 45 2504 123
f 45 2884 1896
f 1897 2388 241
f 1181 793 2954
f 2614 2932 1899
f 3350 820 2114
f 1995 2577 320
f 3787 620 3346
f 3380 1901 4245
f 3240 3013 263
f 3724 625 551
f 3634 3063 770
f 1902 764 1089
f 3118 4178 286
f 700 1539 647
f 1529 3280 914
f 1905 2872 37
f 629 915 2954
f 1236 748 3565
f 3538 364 3083
f 1219 786 524
f 2233 4232 476
f 1144 623 353
f 2695 663 1297
f 1910 3713 2396
f 3677 2321 804
f 2135 1911 2571
f 1912 564 2553
f 1912 815 721
f 3403 2656 2175
f 3421 4145 318
f 4145 3421 2013
f 1470 966 2295
f 2693 1114 1470
f 3941 4233 528
f 1916 2586 441
f 1916 3978 1507
f 791 3355 1253
f 1340 519 3324
f 1918 3163 736
f 166 1918 1546
f 2836 64 4113
f 1549 906 3032
f 1477 1196 2618
f 4056 4015 3048
f 1090 1386 1919
f 1920 1411 296
f 668 4235 2529
f 313 1160 2529
f 655 2191 2856
f 1947 3766 1923
f 1924 2843 24
f 354 1202 1925
f 1925 885 3408
f 616 1926 1525
f 2646 18 1062
f 3933 3019 470
f 1927 764 1483
f 801 2608 1664
f 702 2651 3980
f 3758 3438 1017
f 1328 2398 2915
f 728 2578 2115
f 1451 728 156
f 1930 3541 3192
f 1931 1511 4226
f 2190 1546 994
f 3948 2323 1933
f 3801 3088 920
f 1934 3761 2762
f 1934 3431 3744
f 3168 1425 2567
f 3728 1010 3434
f 596 4281 2328
f 1588 329 414
f 3741 3433 751
f 1016 3737 1937
f 4236 4110 1864
f 4030 1940 2610
f 3430 2610 327
f 1941 1648 3552
f 194 3836 3485
f 1943 3572 2638
f 3090 3554 2313
f 112 2392 1945
f 4241 3358 1945
f 1277 3844 425
f 68 2819 4269
f 3849 3534 2412
f 71 2320 1947
f 3766 3449 2705
f 1039 1948 3859
f 3859 1028 2419
f 187 3981 3731
f 3851 3461 1861
f 4010 2718 1950
f 3783 4068 51
f 1952 3248 2754
f 1953 578 3428
f 4279 276 2448
f 3543 1135 2719
f 2327 3652 1954
f 2305 3262 862
f 1955 475 2386
f 3812 669 3508
f 1957 4142 3362
f 4143 3510 1957
f 3499 4059 1958
f 1958 3390 2527
f 3125 1824 289
f 1959 2919 1532
f 3710 2861 1960
f 1597 594 3458
f 3756 4218 409
f 3135 1285 2609
f 3150 3924 3736
f 3607 1963 1270
f 1963 2927 3238
f 1965 2770 595
f 1966 3398 2522
f 1966 415 2882
f 1274 288 1650
f 702 645 2651
f 1248 2392 112
f 413 2405 200
f 2768 3888 80
f 116 1058 1969
f 261 2358 1969
f 4055 1970 1021
f 1293 762 2564
f 4239 3298 1971
f 2559 3472 1003
f 3771 4229 836
f 1974 201 2812
f 2312 4039 3758
f 2376 2790 1975
f 1975 498 688
f 2809 3450 1271
f 3311 412 2609
f 1612 2405 1968
f 3781 2532 486
f 1672 1082 3875
f 1409 3162 2714
f 3850 138 3478
f 343 3650 1983
f 3294 3591 184
f 2551 3294 575
f 3514 3297 2831
f 2341 2831 3137
f 1258 3444 2463
f 3203 2854 1832
f 619 1986 3203
f 2664 4036 1580
f 140 1601 3094
f 164 1987 3605
f 241 3638 1988
f 1283 2363 3142
f 477 2121 1355
f 1989 3110 408
f 800 4253 1626
f 522 2466 747
f 1927 326 764
f 3651 3468 1991
f 947 3651 1794
f 1992 2362 1086
f 3785 2597 350
f 1996 2326 402
f 2407 2842 1996
f 1998 3442 1571
f 3666 3838 1488
f 90 3143 1999
f 1999 586 2564
f 1766 2510 3338
f 2603 2254 170
f 144 3593 3124
f 1014 4250 4196
f 2002 3386 1574
f 3415 3748 502
f 2520 449 148
f 2004 3279 346
f 3550 3830 591
f 162 2850 2005
f 2776 237 3357
f 3538 3083 2006
f 2928 2521 2007
f 3693 695 1807
f 2008 794 2445
f 2010 2451 180
f 829 3918 3243
f 3407 4121 1616
f 2011 1025 388
f 2951 3780 2011
f 285 2748 3465
f 1686 2933 2012
f 4032 1914 2013
f 2014 1023 2399
f 2014 3296 2804
f 197 3913 331
f 2015 4074 1283
f 1629 336 3894
f 1326 3287 1748
f 3571 4256 2318
f 3286 1563 2017
f 395 2017 583
f 2489 2018 1555
f 2958 622 3556
f 539 649 2518
f 3881 1658 4149
f 2555 3513 1697
f 2021 4184 967
f 440 1685 2022
f 562 3368 2022
f 3487 1013 2700
f 3886 1378 2023
f 2024 519 2523
f 4159 1667 2024
f 2025 180 2451
f 4198 1656 481
f 556 2026 3000
f 3282 2028 704
f 1204 2028 176
f 1262 2029 4193
f 1456 4009 890
f 2031 2878 1799
f 2494 877 3332
f 2855 3210 3495
f 196 905 3418
f 2818 2032 204
f 2032 3699 3156
f 4101 3537 1069
f 2033 329 2911
f 2845 3521 311
f 577 1435 2035
f 4019 514 2645
f 3805 342 3216
f 2040 677 1437
f 824 1660 3267
f 4189 3006 3319
f 3242 3360 417
f 3685 4144 898
f 3751 3631 1748
f 1693 807 2729
f 4146 1832 546
f 4146 2550 2045
f 2723 3250 2046
f 2046 2979 2597
f 3149 2047 3840
f 3227 2655 3657
f 1500 707 543
f 4022 3974 2049
f 3929 1059 529
f 1599 529 2516
f 3646 3517 115
f 3458 3117 2051
f 847 1519 3063
f 4191 3988 2632
f 183 4191 1096
f 772 1644 2053
f 2054 2731 3405
f 1061 2055 2811
f 2901 3001 3476
f 4187 815 1886
f 230 1868 2057
f 1755 852 712
f 2058 57 2815
f 2058 2800 1088
f 2059 191 1152
f 2060 3606 1552
f 3467 3786 2060
f 1502 75 981
f 3120 1576 2061
f 2062 1880 977
f 705 2396 2926
f 147 3184 2282
f 2423 3555 2064
f 4137 1855 170
f 2065 3752 2358
f 1873 3843 2066
f 2067 1064 1892
f 465 3763 2068
f 2068 2666 674
f 2499 2069 3304
f 3382 817 2069
f 2680 2822 2070
f 465 3158 2070
f 3419 4230 300
f 3420 2071 398
f 3505 548 3119
f 130 1427 2583
f 2306 4242 2436
f 2072 4169 1707
f 3220 1330 3037
f 1330 3220 2074
f 213 621 3380
f 3663 3380 621
f 3020 2538 2075
f 2075 1875 3020
f 3901 73 4012
f 2076 934 2853
f 373 298 1743
f 3070 4078 1859
f 3743 2673 1134
f 4217 2365 1263
f 3837 590 4080
f 2396 3589 2781
f 777 2077 2465
f 2078 1295 3322
f 1662 4165 3626
f 748 2599 2079
f 3880 1311 1840
f 1668 2458 2080
f 733 2370 2081
f 2082 3490 1625
f 1310 4156 2367
f 3702 717 1744
f 4050 125 3271
f 2985 1247 4050
f 2937 4205 2248
f 4205 2574 396
f 2085 161 1432
f 2085 1188 348
f 618 1140 3962
f 121 4255 2791
f 2088 875 3452
f 1772 431 2687
f 3256 3700 774
f 2440 3170 3932
f 3932 3579 2493
f 280 3016 2637
f 2090 3327 1393
f 927 2877 2530
f 2670 4120 654
f 4003 2050 3105
f 2093 1313 2949
f 88 1443 2094
f 2095 789 3526
f 3067 1221 2096
f 190 3233 2097
f 2097 1359 345
f 2098 68 4287
f 3385 662 2426
f 66 3885 2099
f 2099 2797 976
f 2100 2524 445
f 544 2101 848
f 3536 3289 2103
f 108 2604 2104
f 2105 1472 450
f 2106 1095 1801
f 2107 67 1661
f 2107 1489 2620
f 928 3453 2685
f 2109 1390 11
f 2110 368 3330
f 824 1309 2110
f 2112 711 3701
f 2543 3363 832
f 2113 2968 3198
f 2114 2444 1692
f 255 2828 2622
f 844 1233 2697
f 3028 1806 2116
f 2117 539 1851
f 2118 1870 2948
f 2119 1732 956
f 348 3217 2120
f 468 2120 1922
f 3273 122 2598
f 2643 379 1403
f 3772 1713 486
f 3856 1726 4109
f 444 247 1162
f 538 1845 2122
f 1450 2616 867
f 2763 3819 240
f 2123 2565 3383
f 1698 2123 749
f 1175 2124 387
f 491 2124 1771
f 3257 4130 1318
f 2125 819 1698
f 3079 2126 4122
f 2127 1462 969
f 2473 3908 811
f 869 1904 3147
f 3703 1244 4184
f 3804 4184 1676
f 4129 1738 687
f 2128 687 2815
f 526 2403 2129
f 2801 1639 1485
f 4204 1695 2824
f 792 2624 1243
f 1477 2941 866
f 2131 809 1917
f 872 3723 2131
f 2132 1307 1839
f 61 2133 3378
f 2755 3274 62
f 3138 1735 375
f 841 2899 1184
f 1068 2530 2136
f 231 3912 2691
f 3788 3561 1198
f 1728 2137 3258
f 3625 2063 810
f 292 1637 2138
f 1760 1132 932
f 3352 4054 1104
f 2140 86 2867
f 2140 662 984
f 3923 4173 244
f 4138 3923 3436
f 2665 720 1720
f 1782 3569 822
f 2141 36 1364
f 1835 2912 2476
f 1126 3127 4147
f 3707 352 1547
f 568 2827 3867
f 114 2375 2145
f 2145 392 1420
f 246 895 2794
f 2147 3715 741
f 3818 3520 2693
f 3818 169 2699
f 3832 2816 1548
f 2148 2642 567
f 2477 1430 1103
f 1085 223 1690
f 4185 1858 429
f 4065 1083 3173
f 2987 710 2094
f 1711 4264 4199
f 1684 1924 2151
f 921 3008 2606
f 2679 3687 3221
f 2847 1308 2152
f 1908 444 1162
f 1662 2154 282
f 2154 405 2526
f 1655 3960 871
f 641 2155 2498
f 352 278 1651
f 4117 2157 3314
f 3799 510 2157
f 3029 168 2187
f 4210 2158 1771
f 269 4172 3934
f 2159 1423 756
f 2160 975 1195
f 2523 2161 3056
f 2589 4225 1093
f 3795 447 3276
f 2162 2525 813
f 3249 133 2414
f 897 854 1758
f 599 1395 2306
f 2166 3496 1570
f 878 740 1890
f 3416 1237 1561
f 2167 1884 849
f 2967 2168 572
f 2736 338 3198
f 3882 3512 3219
f 2474 4152 2169
f 270 1632 2169
f 1911 2170 773
f 78 2596 2960
f 1217 3667 3361
f 1547 3858 2172
f 2173 80 2871
f 2174 1238 821
f 2174 2866 472
f 2175 1762 3904
f 2175 2735 3403
f 83 1641 2176
f 2177 2373 274
f 2314 3049 3976
f 2178 1252 3960
f 2178 1525 306
f 830 2880 2179
f 3784 2431 2180
f 3002 4070 1545
f 2181 961 1120
f 4215 2182 580
f 2182 1324 1709
f 3764 1072 2184
f 1361 656 3417
f 719 1164 2531
f 4033 3022 543
f 2684 3054 1078
f 1805 2187 3377
f 2982 781 1655
f 56 646 2830
f 1782 2188 452
f 1455 135 2521
f 4180 4134 1440
f 2190 166 1546
f 2191 2668 3895
f 4177 2856 2191
f 2193 1689 2653
f 2193 1383 1872
f 2194 1205 808
f 1411 4153 1480
f 684 1679 2195
f 1426 1022 1659
f 2161 2589 3393
f 1063 1579 2198
f 3917 3696 771
f 1600 3696 2199
f 4018 3831 370
f 2200 681 1451
f 2516 3604 834
f 2516 834 1200
f 2202 128 1551
f 3547 512 1939
f 3971 1297 1222
f 2844 3270 925
f 1155 964 2206
f 626 1461 3061
f 467 2207 3351
f 2207 1475 1236
f 1142 1724 3668
f 2650 1833 2208
f 4063 1376 802
f 552 2209 2592
f 2210 2886 3524
f 2211 4161 1583
f 4102 2557 435
f 2212 2575 863
f 2659 1500 627
f 2213 354 2948
f 172 2214 2584
f 3321 3443 1635
f 2215 3112 1286
f 81 1675 2593
f 3084 367 790
f 3373 994 1546
f 2217 1 38
f 2438 3742 1273
f 3042 3997 598
f 2218 876 4007
f 2219 805 2983
f 453 2219 2983
f 2220 694 1407
f 2220 1542 174
f 2221 3011 988
f 2221 1117 944
f 2222 683 1572
f 1474 3542 2223
f 221 1671 2224
f 3991 225 3030
f 2225 2842 1045
f 2226 1745 780
f 566 1483 158
f 2227 1848 14
f 1054 4237 3163
f 2228 638 3822
f 762 4002 1680
f 2825 3979 2229
f 1894 881 2566
f 1875 445 3020
f 2146 2230 735
f 2585 3724 551
f 23 2892 2232
f 1234 1549 799
f 661 1225 1549
f 4232 3577 476
f 723 908 2234
f 1149 452 2528
f 639 3629 2290
f 923 3961 2945
f 2235 1034 3984
f 1131 673 1872
f 826 1161 3070
f 1366 3716 1091
f 2237 1845 837
f 2687 3041 2238
f 856 885 1202
f 3159 3827 1577
f 1173 1666 2965
f 1216 2993 4203
f 2240 1062 18
f 2981 743 1747
f 2242 1422 2889
f 2243 1932 1357
f 760 2501 2243
f 1645 386 3521
f 3375 3218 2244
f 2245 1716 262
f 3424 1207 525
f 2246 430 2626
f 1281 2956 182
f 2403 616 2249
f 2249 3065 783
f 276 3295 1741
f 1156 2543 832
f 2542 2296 1796
f 845 3946 2252
f 2253 381 3502
f 2000 2603 3241
f 2254 1044 2423
f 2255 729 3969
f 632 2256 1630
f 2662 92 2258
f 2258 1538 2662
f 3701 1767 2259
f 703 792 1243
f 2978 2260 4008
f 783 4008 2260
f 2630 778 1428
f 2261 938 1706
f 1211 89 1408
f 106 3040 2262
f 2263 2678 3708
f 3515 648 2377
f 494 3710 2561
f 3384 3814 2857
f 1362 788 469
f 60 3400 1429
f 3023 2264 3006
f 305 868 1190
f 1396 4062 371
f 3860 737 1822
f 2265 432 2302
f 725 2266 2584
f 257 4170 1761
f 988 4263 4267
f 2267 1805 1050
f 3279 3027 346
f 4083 872 2131
f 623 1144 1908
f 492 1226 2360
f 3664 3978 1196
f 1916 441 3978
f 3371 2630 1428
f 2269 3649 35
f 2269 32 3893
f 2270 3085 3473
f 3564 848 1684
f 3937 3346 2271
f 2272 3435 2636
f 2636 1046 2272
f 3691 3965 1262
f 3412 3610 1359
f 2275 914 1727
f 100 4202 2276
f 2656 3366 612
f 781 1777 1371
f 1319 3986 510
f 2278 3687 2679
f 3985 2279 1016
f 4136 208 516
f 2281 1847 2481
f 2281 1186 886
f 2282 3050 147
f 2282 870 1494
f 2066 3636 1873
f 2284 971 1127
f 402 3214 3518
f 4258 435 2557
f 2285 897 4043
f 545 472 2866
f 437 919 1490
f 919 3977 1490
f 3073 376 3953
f 1434 2053 610
f 2633 3790 230
f 2679 731 2287
f 2548 2287 731
f 16 4133 43
f 335 2676 3507
f 1145 2617 335
f 1557 4060 1119
f 1529 3760 700
f 1139 4058 838
f 3334 3670 1718
f 2289 978 3373
f 2932 2290 2418
f 1219 2864 1907
f 3026 4139 2292
f 3769 3533 1113
f 3272 4052 1254
f 17 1843 1497
f 2843 1924 2663
f 2659 835 615
f 2298 3414 1315
f 2641 2672 2814
f 2427 3563 349
f 392 3500 1420
f 64 2669 4113
f 1810 3609 2147
f 2994 3399 212
f 1740 469 788
f 1220 4188 801
f 1538 1232 275
f 2301 965 1114
f 178 2662 1538
f 432 1825 2302
f 4099 1837 440
f 3719 1701 59
f 1227 831 3874
f 2619 1781 3409
f 2304 1159 458
f 1081 862 1540
f 368 4242 2306
f 791 4135 1767
f 1000 1887 997
f 58 2577 843
f 2973 34 1784
f 2950 466 2635
f 3774 3925 3422
f 2308 2890 1246
f 606 1806 1237
f 606 2537 171
f 1867 904 1401
f 1204 2309 2555
f 3024 2310 428
f 3758 3498 2312
f 3498 1017 2732
f 2313 1005 3090
f 3261 2313 1373
f 1265 4038 2314
f 2911 329 1936
f 1976 404 3808
f 3120 2721 1009
f 47 1502 3146
f 2016 3571 499
f 1937 2318 1016
f 861 3264 3857
f 4163 71 3103
f 2731 2322 3405
f 3461 3851 1949
f 4033 302 3692
f 3022 784 1164
f 3506 4000 2323
f 2323 3730 1933
f 1641 3468 4092
f 3996 107 643
f 2324 1989 263
f 1942 3208 2325
f 1996 402 3288
f 2850 3384 1292
f 1135 3945 3131
f 2211 3157 3531
f 3846 1029 3494
f 3176 596 1334
f 3386 3277 223
f 3783 3313 1951
f 2867 4068 1031
f 2329 3085 3750
f 3990 2329 332
f 285 4196 242
f 3982 285 3347
f 929 2330 3312
f 3312 1269 1938
f 3340 3891 569
f 4047 1578 2934
f 920 4247 1933
f 570 2760 1609
f 2333 3779 3318
f 2468 2001 48
f 3813 4066 1682
f 1259 3109 920
f 2234 3556 723
f 4211 3194 2234
f 1405 1067 3274
f 2921 3172 2334
f 598 134 2762
f 1032 1997 2335
f 1653 483 2336
f 2852 4071 2336
f 2337 1323 2804
f 239 2337 2804
f 2338 1927 1483
f 1692 3359 2114
f 2339 3171 216
f 592 3732 2341
f 2342 1025 2011
f 579 3970 2342
f 2919 3300 3746
f 1981 1004 1260
f 1015 2344 2749
f 3963 1007 2270
f 2700 3482 427
f 3095 3797 2345
f 2809 1271 3349
f 511 3089 2346
f 173 3174 2347
f 1751 2347 763
f 2090 631 3327
f 251 1926 1183
f 3712 3565 2991
f 1337 4186 1586
f 1586 3259 238
f 2349 504 2811
f 1426 3739 1022
f 1344 2753 3879
f 1604 3879 584
f 3483 1030 3297
f 2722 3368 2350
f 2350 1104 4054
f 296 2890 2351
f 2890 3331 2351
f 3479 3357 2352
f 2743 2352 1043
f 2353 2054 1885
f 281 3697 2354
f 2150 3941 2987
f 1484 3427 855
f 3406 78 1708
f 279 2773 2355
f 2355 1970 279
f 2356 3822 1066
f 1290 1654 3077
f 548 130 2357
f 3878 2981 2359
f 553 3375 2359
f 1226 492 2268
f 2211 2360 2783
f 2777 4001 423
f 3228 3462 264
f 2361 683 2222
f 549 1086 2362
f 3188 2778 1270
f 2363 1283 1897
f 1988 4221 1024
f 595 478 1453
f 3109 3511 4020
f 1951 2750 1031
f 2366 1581 2173
f 1006 2802 2367
f 4156 1310 2083
f 272 1610 3500
f 2765 2368 392
f 2369 854 3284
f 3115 2369 816
f 2081 489 3966
f 733 3643 2370
f 2371 1494 870
f 870 3823 2371
f 266 2738 2372
f 3749 1961 2741
f 2177 274 3133
f 1282 2373 2177
f 1818 3768 911
f 2899 3527 3399
f 2375 1055 3829
f 203 3466 1305
f 1382 2922 2376
f 2376 1975 688
f 4079 270 1722
f 4086 3515 2377
f 2378 3127 857
f 4013 2879 2378
f 338 3328 2379
f 3811 3304 2380
f 3304 3811 1396
f 2381 2983 1465
f 1686 4282 2382
f 910 3623 2382
f 1072 3764 2383
f 2383 3778 3139
f 2384 3999 103
f 57 3401 2734
f 140 1987 1585
f 576 2870 2385
f 1441 1785 1094
f 678 2756 3910
f 3910 3163 1918
f 2386 1321 3040
f 2387 925 346
f 2053 4227 772
f 2798 3374 447
f 709 3083 1625
f 3311 2833 1011
f 2388 2753 241
f 3950 1634 3179
f 755 376 2390
f 3229 2391 1036
f 2073 3841 2970
f 1968 2392 3265
f 2392 3662 1945
f 678 3910 1304
f 3810 1736 3337
f 4057 1653 2805
f 2394 1042 1683
f 2395 1515 1774
f 3940 2395 703
f 2926 2396 609
f 3267 318 3367
f 495 2397 406
f 2915 638 1929
f 2399 1023 141
f 2400 1023 1678
f 283 3170 2400
f 1095 2401 3291
f 94 258 2402
f 219 3295 2402
f 590 4111 1415
f 3463 3735 1019
f 413 200 1979
f 1612 1968 3265
f 3888 2768 2406
f 2406 3546 3888
f 3958 3324 1667
f 4168 152 3958
f 4231 3575 2407
f 4278 4275 2408
f 3235 2409 161
f 3964 188 3061
f 2643 3612 77
f 2411 3182 2748
f 2411 911 1256
f 3534 3849 1946
f 3534 2749 2412
f 2413 264 2893
f 2413 132 1606
f 1631 133 3165
f 2414 3770 3488
f 2415 1499 1746
f 2415 2099 976
f 1924 2416 2663
f 3074 65 3890
f 3704 1931 245
f 3930 53 4237
f 1035 2417 53
f 1710 2418 2095
f 1039 3859 1770
f 184 2420 2764
f 1994 2421 3376
f 4017 2272 2422
f 2422 1713 138
f 1350 74 1648
f 597 1084 3631
f 2423 1044 3555
f 636 4239 2424
f 2425 3961 1638
f 1028 3309 2425
f 2426 662 2140
f 1301 2490 2426
f 3699 2427 349
f 364 2864 2428
f 2429 3884 1967
f 1828 2799 2430
f 2430 565 4006
f 677 3152 1437
f 259 2431 753
f 2570 2431 307
f 2432 1364 36
f 2433 1063 3558
f 580 3994 2433
f 3792 110 3116
f 3230 3066 1296
f 2434 566 158
f 3303 2434 158
f 506 2435 411
f 2306 2436 3015
f 1159 4230 458
f 3280 3419 1727
f 3388 4160 500
f 3388 500 3682
f 2437 1348 2041
f 1651 196 2942
f 3566 278 2855
f 3742 492 3042
f 2438 1273 327
f 2439 2027 226
f 1530 470 1692
f 2440 1738 3170
f 969 3868 3425
f 3608 398 744
f 571 3287 2443
f 3755 3030 225
f 1715 61 2444
f 2444 2114 820
f 1891 2445 794
f 1106 4214 3315
f 2729 4214 899
f 2446 1205 2194
f 2446 4046 431
f 2447 3664 866
f 2130 1774 2447
f 4279 1691 3971
f 2449 216 1871
f 4044 1709 1324
f 618 3957 1140
f 2288 913 3343
f 1298 3587 2452
f 315 3924 2453
f 3924 3150 2453
f 626 1360 3796
f 654 1374 2670
f 2237 654 1845
f 2039 2713 2454
f 2713 2039 202
f 2455 994 1476
f 2456 3896 2204
f 1817 4167 2940
f 859 2457 1620
f 3762 3592 929
f 2989 2080 2458
f 2458 2907 498
f 738 4213 356
f 3936 4100 2459
f 91 2459 4100
f 2051 97 3458
f 1043 1768 97
f 952 81 2038
f 2032 2818 1284
f 2462 313 2529
f 2462 642 1882
f 50 1595 2463
f 1258 2463 3473
f 2465 2077 3637
f 2881 3254 2465
f 747 149 4043
f 2466 522 4253
f 2467 249 513
f 2467 847 1446
f 48 4270 2468
f 968 1676 2021
f 3258 397 4000
f 2245 2471 674
f 3006 4189 3023
f 3333 340 429
f 2472 2151 24
f 2473 811 1531
f 501 3691 1262
f 501 3159 2474
f 2475 1654 322
f 3414 2298 1757
f 1835 2476 2238
f 2477 1103 931
f 691 3700 3256
f 3256 1813 881
f 2478 84 1391
f 4156 1006 2367
f 401 3986 3469
f 337 2480 2273
f 4244 1847 782
f 883 4244 2112
f 311 1100 1839
f 2482 728 2115
f 2483 1734 127
f 720 1257 1369
f 4251 2859 1317
f 4288 4280 2779
f 343 2485 2826
f 1383 316 2486
f 1851 4077 2486
f 587 4089 1608
f 3436 2487 587
f 2947 197 1554
f 1719 331 2887
f 2488 389 1333
f 2488 1137 456
f 1448 4072 3382
f 2018 2489 622
f 2920 4240 2490
f 3590 3975 2087
f 1073 3232 2491
f 2492 403 4151
f 2492 496 3101
f 2807 3709 1079
f 177 3772 1047
f 2164 791 355
f 2494 359 430
f 3900 1434 54
f 1487 54 3408
f 2495 926 3426
f 1113 4234 361
f 828 2218 4007
f 4181 3062 1670
f 3524 1759 328
f 2496 1423 1876
f 2496 1737 756
f 2497 252 3080
f 2497 482 3286
f 641 1559 2155
f 2498 3955 2048
f 2499 2930 2069
f 2500 1636 3599
f 1872 2500 1131
f 2501 323 3632
f 1266 3011 3124
f 1014 3791 3124
f 3095 280 4192
f 357 2226 2502
f 2017 395 1459
f 2503 1986 1681
f 2503 559 1891
f 2504 3459 123
f 2237 3716 153
f 2505 563 3681
f 1630 4084 124
f 648 2263 3708
f 1517 713 2311
f 2018 2508 1555
f 2509 2374 1537
f 2509 1963 3238
f 770 602 3231
f 3833 2000 3241
f 774 1202 1468
f 774 1468 1813
f 2511 3619 1998
f 1364 4108 576
f 633 2866 2513
f 879 1166 2513
f 1311 317 2883
f 3369 1628 2514
f 3940 3620 2515
f 2516 1200 1516
f 2517 1343 3099
f 2518 2019 3914
f 2518 1145 539
f 2059 1152 160
f 3855 8 1454
f 3855 417 3360
f 4093 4253 522
f 2519 1139 838
f 3058 2520 3594
f 1029 3846 3177
f 785 610 1644
f 1359 1624 3412
f 1505 4070 155
f 3860 1545 3635
f 450 2838 2401
f 229 1753 3707
f 1395 635 2165
f 1991 946 1794
f 471 1361 3417
f 3474 3398 2882
f 1917 3695 519
f 2524 3020 445
f 2100 4194 2524
f 2525 369 3561
f 2525 3866 813
f 405 3069 2526
f 3390 3034 2527
f 2527 384 3499
f 1658 3881 1146
f 3753 3602 4073
f 668 378 1723
f 2531 379 3942
f 685 4157 2532
f 2532 1980 685
f 1919 2533 132
f 2534 91 4100
f 3353 3892 1614
f 3790 1598 2535
f 2535 3722 1868
f 1621 2788 3862
f 3862 3136 578
f 2536 1949 187
f 2536 2137 1033
f 2537 3396 900
f 2537 1870 3081
f 2538 698 2075
f 2538 3020 1865
f 1647 348 2120
f 2539 84 4236
f 2539 986 234
f 2541 2125 1698
f 2542 2825 2296
f 3942 1474 1665
f 1247 176 1778
f 1808 3039 888
f 3681 3838 2545
f 1978 697 2546
f 4147 3456 1685
f 476 2547 2233
f 1367 3533 2547
f 3557 313 1882
f 4154 612 3366
f 1125 303 1876
f 2157 510 3314
f 1656 4198 575
f 2551 264 1984
f 842 734 526
f 4139 1730 893
f 2552 291 4264
f 1912 1522 815
f 1854 3354 2553
f 2554 1217 4090
f 2554 2180 647
f 2555 604 3513
f 3275 1302 2556
f 2557 2148 4258
f 2557 4102 1764
f 3470 2558 921
f 2189 557 2086
f 2559 1592 3190
f 1003 2819 2559
f 3028 2116 844
f 4114 1723 378
f 4172 1795 3934
f 228 2043 3242
f 4144 1749 898
f 2709 2560 1341
f 1579 4124 2560
f 2857 2561 268
f 2132 2241 1307
f 3747 873 1819
f 76 1249 2562
f 2563 210 1170
f 695 2563 4045
f 1680 2564 762
f 2894 926 2495
f 2976 3870 884
f 3717 879 3993
f 879 1524 70
f 2568 2119 957
f 2569 1318 3893
f 2267 2953 1805
f 2570 464 2165
f 2571 601 2135
f 98 991 1526
f 2572 577 2035
f 1229 734 2913
f 2573 860 1600
f 4093 1139 2519
f 3842 2574 4205
f 2745 422 1948
f 1776 2946 808
f 3530 1339 3905
f 3905 233 3029
f 3584 1091 837
f 324 1562 1854
f 2575 2212 2974
f 1393 247 3665
f 2576 4249 1402
f 905 196 3566
f 2577 1900 843
f 2305 1372 3420
f 552 1081 1729
f 2111 3199 746
f 4217 1582 2365
f 1519 2963 602
f 922 2828 2578
f 2578 728 1451
f 880 3759 2205
f 481 1386 1090
f 227 1577 2579
f 2579 269 1410
f 2581 2107 1661
f 1467 437 809
f 1867 233 1339
f 1238 1701 821
f 2584 2266 1521
f 2584 2214 4195
f 1524 366 3014
f 366 3788 3014
f 4081 2351 1873
f 2283 4081 3636
f 2954 915 2585
f 1712 2144 975
f 1308 444 2152
f 903 1194 1816
f 1511 4075 2587
f 3830 3550 421
f 1358 421 111
f 1153 3320 2588
f 1544 2588 798
f 3393 2589 2197
f 2183 3684 3334
f 2294 1118 3657
f 2219 741 2590
f 3967 4142 3621
f 1886 4259 2821
f 3492 2591 2972
f 3046 3598 365
f 2592 2275 1727
f 1842 3951 16
f 3668 1464 3951
f 2593 2038 81
f 118 3963 2270
f 4102 2285 1209
f 149 3044 1209
f 1543 46 4192
f 2095 374 2595
f 2528 2595 1149
f 806 563 1097
f 1187 521 2596
f 2597 3785 277
f 2597 1573 2046
f 3959 3000 2026
f 1155 2598 122
f 2598 980 752
f 2599 151 2079
f 2600 541 1245
f 3010 568 2143
f 2602 1163 1862
f 2603 170 1855
f 4261 4286 955
f 3372 4261 1107
f 2604 437 1467
f 2604 1790 919
f 3246 3854 2605
f 586 2605 1690
f 3872 4034 544
f 1108 848 3564
f 2779 2607 4288
f 1064 3529 865
f 3053 3835 686
f 2608 530 1664
f 1186 2281 2971
f 2610 1940 286
f 353 623 2611
f 2611 3252 872
f 243 3656 3766
f 2715 2612 199
f 1642 2943 1157
f 55 787 1236
f 320 775 1995
f 1193 360 2963
f 1503 1978 793
f 4062 1168 371
f 985 937 1148
f 2617 757 335
f 2106 2961 1095
f 1868 1242 2057
f 2620 3261 67
f 482 2621 1563
f 2621 561 1563
f 2828 3224 2622
f 1681 559 2503
f 2031 804 2878
f 3660 1176 804
f 512 1379 1939
f 3420 1372 2071
f 2623 2127 970
f 2624 2941 615
f 1791 1243 2624
f 707 150 1477
f 3082 3917 359
f 1478 447 3795
f 771 3949 1230
f 2626 1338 3640
f 2627 1764 701
f 1508 775 2627
f 2628 4073 273
f 253 605 1895
f 298 3595 1743
f 3221 2999 3597
f 535 3061 2629
f 154 2304 1874
f 2630 1480 778
f 2631 634 1812
f 2631 732 3658
f 4191 650 1096
f 175 2057 1755
f 3068 2633 208
f 2634 1662 282
f 1136 2950 2635
f 2635 1627 671
f 3435 3847 2636
f 136 3007 168
f 981 1192 942
f 940 1543 1116
f 4126 4285 3151
f 3828 2399 141
f 521 1666 2307
f 2639 3470 1074
f 4052 858 2640
f 1385 2640 858
f 3197 2641 2814
f 689 567 1223
f 1387 4103 729
f 2643 77 3658
f 776 4095 3356
f 3366 3613 2644
f 1517 126 2644
f 45 65 2884
f 2645 514 1237
f 882 299 2645
f 530 737 1664
f 2647 504 1313
f 3129 1200 834
f 1447 730 2648
f 2964 2286 3252
f 2964 520 2286
f 1461 626 4187
f 1053 2649 1866
f 1786 3418 905
f 3848 2912 2142
f 2280 463 692
f 1833 2650 3354
f 2650 3387 1141
f 3337 2980 321
f 1185 1 3661
f 3387 2650 1376
f 1850 3715 740
f 1869 367 2651
f 3364 3902 2652
f 2653 1381 2117
f 2653 316 2193
f 783 2654 2403
f 2050 454 2829
f 1221 1497 1843
f 1061 1766 3338
f 612 2175 2656
f 2656 1913 818
f 1245 1750 2600
f 2658 1633 3072
f 2659 1642 835
f 2659 150 1500
f 1561 2167 3416
f 2990 1884 2167
f 3597 2999 2660
f 803 3938 2150
f 3017 514 2036
f 1542 821 1701
f 2662 178 878
f 3944 2096 1843
f 3630 3186 2664
f 1765 1971 3298
f 2666 1432 892
f 2667 299 1197
f 3834 3669 1950
f 3265 3673 1612
f 3609 1788 624
f 1232 3895 2668
f 2669 1433 971
f 632 1167 2256
f 113 758 1345
f 2092 708 2957
f 3533 2233 2547
f 1161 298 3070
f 2772 3495 1112
f 2286 1471 3252
f 718 3723 1471
f 2673 670 1134
f 714 2292 2673
f 2674 2810 4
f 1083 1932 2871
f 721 815 2056
f 2181 1120 987
f 2675 3153 49
f 2677 1339 3530
f 1829 904 2677
f 3959 2678 1652
f 2679 892 2278
f 3158 1723 2680
f 1900 2271 620
f 2681 790 1492
f 1739 983 74
f 996 953 1101
f 2073 3644 1036
f 248 2759 3644
f 3586 4164 2683
f 2684 15 2186
f 2121 574 1901
f 1250 438 878
f 1948 422 2818
f 3771 2685 4229
f 1618 3907 3725
f 2111 1671 221
f 2224 317 3335
f 2104 3516 1134
f 431 1772 3700
f 2633 3486 208
f 3887 4283 3370
f 621 4140 2840
f 1747 1427 3505
f 1443 88 2288
f 3875 1082 3245
f 2808 119 2215
f 3591 1060 2935
f 1925 1202 885
f 2688 1099 2827
f 3481 3894 1955
f 2820 2240 34
f 2200 3568 550
f 368 1309 4242
f 2690 2178 210
f 2690 616 1525
f 2691 192 1858
f 2262 1751 106
f 467 1475 2207
f 811 1208 467
f 1929 1560 2915
f 4002 383 2692
f 2693 1470 169
f 1898 1436 959
f 773 2170 2876
f 887 1911 773
f 1960 2771 594
f 2263 319 2678
f 2158 1410 269
f 2185 1836 3954
f 4169 3225 305
f 2143 3707 1163
f 3270 2844 2695
f 2697 2293 844
f 568 109 3599
f 1521 3872 172
f 4171 262 1716
f 1353 328 2253
f 2257 972 1458
f 998 2284 2257
f 4016 1937 3737
f 751 3791 3465
f 3453 1268 2685
f 3818 1073 72
f 427 3397 2700
f 2345 1013 3095
f 2393 2701 479
f 166 2701 1304
f 3496 4091 2702
f 2702 187 3731
f 3111 918 3619
f 1038 3678 4117
f 3314 510 3986
f 865 3276 3789
f 3160 3779 1641
f 2705 243 3766
f 3211 1226 2268
f 1287 2354 3211
f 3484 1042 1982
f 2274 1375 2706
f 2707 143 49
f 2707 3920 1619
f 3776 4021 1258
f 2708 4246 3090
f 496 2560 2709
f 332 2329 3430
f 1007 4030 3750
f 3793 2710 3318
f 1267 4014 2710
f 2711 284 3279
f 1358 111 2711
f 2712 3435 1275
f 4000 3506 165
f 3800 202 2331
f 2715 1585 1987
f 2812 3782 507
f 2716 3752 4104
f 2717 1615 685
f 685 3816 2717
f 427 3794 2718
f 2719 2322 3562
f 4082 1885 3824
f 2720 1025 3180
f 3457 3985 2317
f 2016 1009 2721
f 2722 614 2255
f 2722 827 3368
f 3250 3592 2457
f 2723 244 929
f 597 1325 2009
f 680 2009 3477
f 3197 2724 2641
f 2725 3956 3662
f 3451 4163 3836
f 1976 3200 3706
f 2726 511 2346
f 3125 2726 1271
f 579 3780 2727
f 2727 657 1276
f 4004 66 3596
f 2729 3968 293
f 3208 3446 425
f 2731 2054 2353
f 2732 428 2310
f 2064 3555 2732
f 3401 103 2734
f 103 2247 2734
f 1445 3403 2735
f 2325 1056 3740
f 1861 2737 3405
f 3475 2054 2737
f 731 4206 2548
f 4265 266 3176
f 393 3249 3992
f 2739 2262 1321
f 2319 1021 3191
f 4184 3804 82
f 1274 1650 2343
f 2741 1961 3645
f 181 3139 3749
f 375 816 1187
f 2744 1310 3532
f 2312 3195 2744
f 912 2745 4183
f 474 1962 3167
f 217 2746 3407
f 1946 2747 3534
f 2747 1015 3534
f 2748 3982 2411
f 2344 1015 1940
f 2749 1675 2412
f 3121 3497 2750
f 1951 3909 2750
f 4173 3923 1027
f 2751 3130 1263
f 1344 3216 2753
f 2754 789 3255
f 411 3621 506
f 62 4197 2755
f 3488 2755 4197
f 678 3149 2756
f 2756 1054 3910
f 2757 1058 3209
f 578 1964 3428
f 203 1305 1966
f 2758 1989 408
f 3772 4157 1047
f 685 2759 4157
f 3748 3415 2332
f 3809 340 3333
f 190 3179 1075
f 190 1075 2242
f 598 3742 3042
f 134 1934 2762
f 2763 240 3121
f 3704 245 3226
f 853 1931 4226
f 2420 184 1611
f 1303 3455 2764
f 3123 3970 579
f 3970 768 3645
f 3728 3528 2766
f 2766 63 1935
f 1069 488 2544
f 1903 3807 281
f 2638 194 1943
f 1319 2406 2768
f 1757 3288 2769
f 2770 478 595
f 2770 3540 1572
f 4076 489 2370
f 564 1912 3413
f 283 3117 2771
f 2089 1291 3579
f 1112 3975 2772
f 1280 4005 1624
f 2355 341 3191
f 3424 787 851
f 2774 505 1793
f 2774 1993 3501
f 3869 2361 1327
f 600 2534 4100
f 2441 600 4100
f 2775 1066 1616
f 3177 2776 1029
f 2776 3798 1029
f 423 3746 2777
f 1619 2777 4254
f 310 4066 3698
f 3339 3237 2683
f 2778 274 2373
f 381 3679 2779
f 4280 4288 3649
f 2780 1094 26
f 2781 609 2396
f 1365 1914 643
f 2782 1257 127
f 677 4248 3152
f 2160 590 1712
f 4111 3323 1020
f 3157 2211 2783
f 2783 222 2327
f 2784 203 2522
f 2784 497 3246
f 2785 333 3395
f 2785 502 3748
f 4038 3757 1569
f 4127 4011 2786
f 3924 3603 2787
f 416 3736 2787
f 2788 3585 3862
f 3000 1652 2789
f 2789 1077 2424
f 2790 3205 1975
f 2493 3583 1565
f 1063 3134 1579
f 121 2468 4255
f 216 2792 2339
f 394 2792 3299
f 3161 4162 1046
f 1713 3781 486
f 3762 3312 1034
f 3296 3572 1943
f 2793 357 2502
f 2793 726 3028
f 2098 3385 1288
f 2794 547 1492
f 2794 895 304
f 1631 3689 2795
f 2796 1574 493
f 2796 389 2002
f 2099 3885 2797
f 2798 4284 2625
f 527 3374 2798
f 3600 487 2799
f 2800 1565 1088
f 2800 2440 3932
f 2276 2801 1485
f 1637 292 2042
f 2906 2802 1006
f 2367 1571 3532
f 2803 1756 1001
f 1329 3994 334
f 3485 239 1943
f 2804 1323 3646
f 1020 3323 2805
f 1263 3130 2805
f 1413 206 1921
f 3693 794 2008
f 3954 3916 1087
f 3377 1050 1805
f 3395 4152 1079
f 2807 215 3709
f 1648 1941 1350
f 3669 3834 238
f 591 1691 3213
f 2004 925 591
f 3659 3349 1271
f 1601 4257 3798
f 2810 2674 1108
f 3264 4049 3857
f 1797 861 3857
f 2811 2055 2349
f 2812 201 3559
f 2812 507 3438
f 495 406 2813
f 419 3799 2157
f 724 1640 3935
f 3132 2815 57
f 2815 687 2058
f 4226 903 2816
f 2816 1816 2280
f 3451 4118 2320
f 2425 204 3144
f 2818 422 1284
f 2819 1288 2559
f 3849 4269 1946
f 2451 410 1749
f 4216 4276 1522
f 4179 2070 2822
f 1958 2823 3390
f 2824 505 4220
f 2824 1325 4204
f 771 2296 2825
f 1641 83 3468
f 1575 3481 267
f 1540 1575 2234
f 2485 343 1602
f 2826 1314 3491
f 229 1099 391
f 2828 922 3224
f 2828 2115 2578
f 1783 4131 641
f 454 1374 2829
f 2830 646 3086
f 2830 1174 56
f 2831 2341 3514
f 227 4040 1577
f 2832 3948 4247
f 3567 2832 4247
f 2833 1897 1283
f 2834 3478 1289
f 3185 2834 384
f 2835 2419 1028
f 1742 3712 1197
f 3293 2417 1035
f 2837 1190 868
f 2838 450 3541
f 3541 189 2838
f 1354 581 3376
f 581 3322 1295
f 1171 3624 876
f 1688 2362 868
f 3935 2840 724
f 4084 1630 2507
f 2841 180 1342
f 2841 589 3243
f 2225 1996 2842
f 967 4184 1244
f 4184 2021 1676
f 4115 2286 520
f 3823 4115 1893
f 2843 2663 17
f 2844 925 2387
f 2844 1909 2695
f 3878 1645 2845
f 1307 311 1839
f 1488 563 806
f 2696 2007 2521
f 4168 2382 2847
f 825 3826 1346
f 1346 403 2848
f 4158 1378 3886
f 2168 739 572
f 2850 162 3503
f 1292 3803 2850
f 1681 619 2851
f 255 1100 2115
f 812 3230 79
f 1284 2427 3699
f 2852 2336 483
f 483 3889 2852
f 2853 3901 2076
f 2853 2404 1705
f 2251 546 2854
f 278 3566 1651
f 2191 655 1922
f 1773 1166 70
f 3814 3445 2857
f 2858 4023 1568
f 3087 134 3919
f 2859 4251 761
f 2859 987 120
f 279 2860 426
f 404 1960 2861
f 494 581 1354
f 2204 1418 451
f 3489 2204 3896
f 814 3189 2862
f 2863 1938 1269
f 2863 2598 752
f 2864 1219 727
f 2865 1965 595
f 2866 1509 545
f 2866 2174 2513
f 51 86 1732
f 2867 1031 1754
f 2868 3531 3180
f 3756 4161 2868
f 2869 1665 627
f 2869 1500 543
f 1262 4193 501
f 1441 673 1131
f 3631 185 1748
f 1084 597 680
f 324 4076 3643
f 3643 1534 863
f 2195 3639 1125
f 2173 3972 2366
f 2872 1438 37
f 2872 2082 1052
f 281 4160 3697
f 53 3671 4237
f 1054 3930 4237
f 4103 3178 2044
f 2431 259 2180
f 3866 2525 3561
f 813 3866 4153
f 1331 3172 2875
f 3927 665 2875
f 1414 1778 176
f 2877 560 2530
f 2877 2091 642
f 2321 871 2878
f 3329 253 1895
f 2171 3667 3138
f 2179 382 1850
f 4105 830 3411
f 2881 637 1180
f 2881 718 3254
f 415 1966 1305
f 2882 341 3474
f 2512 4063 1913
f 2885 669 3999
f 1992 3628 4223
f 1086 549 1852
f 1474 3942 917
f 1556 4042 1707
f 1556 4169 305
f 331 1719 197
f 2887 1384 3242
f 1770 100 2888
f 1639 508 2888
f 497 3116 2889
f 3854 1422 1085
f 2890 2308 689
f 2890 296 515
f 2891 1559 3692
f 3389 89 2891
f 23 1554 2892
f 1719 2892 197
f 2893 264 2551
f 1090 1919 2893
f 2894 1790 3383
f 2894 2495 3977
f 2895 1167 800
f 2895 1626 896
f 3644 1615 3876
f 3229 1957 3362
f 2897 571 1320
f 2898 2610 286
f 552 1729 2209
f 2899 3399 4125
f 3272 855 2900
f 3941 710 2987
f 2901 3231 3302
f 3535 4085 2416
f 3988 4191 2052
f 2903 3618 951
f 824 2904 2041
f 69 2437 2041
f 2403 1183 616
f 1830 1967 3884
f 2128 1041 4129
f 1593 3437 2128
f 2023 1006 3886
f 2906 1589 2511
f 2907 156 1154
f 2907 2458 1668
f 4164 1370 1109
f 3522 88 2094
f 799 88 3522
f 144 48 3593
f 2283 3636 1513
f 1954 186 2353
f 542 3666 2909
f 2909 806 3292
f 3995 3584 383
f 3386 3995 3277
f 4168 2910 910
f 2910 4159 1888
f 4130 1071 3893
f 3915 1563 561
f 2911 1278 2033
f 1936 3097 2911
f 490 1282 1594
f 2912 1487 2476
f 2912 3848 651
f 2913 1412 295
f 2913 295 3310
f 3778 2383 3764
f 2914 1636 265
f 2398 217 1616
f 2915 538 1328
f 3629 639 3325
f 2916 1782 452
f 1694 3417 2918
f 3680 4060 2918
f 1603 1089 2921
f 326 2921 764
f 2922 236 1877
f 3583 2922 1565
f 3897 4051 2236
f 2923 183 2526
f 2924 974 1210
f 1421 3590 2924
f 2366 3898 1581
f 649 539 2117
f 2926 870 3184
f 2927 1256 911
f 1111 3319 644
f 2928 2007 746
f 786 1219 1907
f 1605 3957 618
f 1883 442 2929
f 1223 567 2642
f 689 1223 3331
f 1463 946 1991
f 2228 4002 1929
f 2930 4084 2507
f 1448 3382 2930
f 130 548 3505
f 321 1473 1147
f 2932 1123 1899
f 2932 2418 696
f 1646 586 1999
f 2933 1510 2012
f 2933 653 2558
f 1578 4047 3448
f 2364 2934 3511
f 510 2277 1319
f 2935 408 3110
f 1696 3769 3078
f 2936 3282 704
f 4219 2572 4150
f 1150 3842 2937
f 1115 681 2200
f 149 1209 4043
f 747 2466 149
f 300 3196 1727
f 869 3280 1904
f 2939 1518 927
f 2939 31 1846
f 2940 527 1817
f 873 1452 2940
f 3896 2456 617
f 2942 1402 41
f 2943 205 1157
f 1896 1026 2504
f 845 607 2450
f 2944 1655 781
f 2944 3598 2591
f 1620 1294 3333
f 3961 923 2235
f 2946 2194 808
f 2948 1925 1218
f 2948 1870 2213
f 2949 932 2093
f 466 2950 3422
f 2950 1136 874
f 2951 388 4096
f 2951 1580 3780
f 3421 1853 3694
f 999 3283 2952
f 2952 963 1792
f 725 1157 2266
f 1057 1805 2953
f 1181 551 3306
f 2104 1134 3212
f 3396 2537 606
f 3416 849 3396
f 3771 1682 3289
f 3813 1305 3466
f 2955 1740 757
f 749 537 1698
f 2678 3959 765
f 3381 4116 2163
f 276 3733 2250
f 2956 1281 2247
f 2956 1584 3214
f 3404 2483 720
f 3382 1555 817
f 2648 1174 1447
f 2586 4122 664
f 3773 3711 676
f 1658 3943 1349
f 2539 995 1122
f 3194 3556 2234
f 106 3548 2958
f 1188 2085 750
f 2959 563 2505
f 2960 2596 521
f 823 2961 2619
f 2961 7 2619
f 722 2049 2962
f 913 3392 3343
f 1673 52 3365
f 360 1193 2615
f 2963 1637 602
f 4110 4236 84
f 520 1952 2754
f 4172 1535 585
f 472 1809 2582
f 1198 2081 667
f 2542 1796 2252
f 1335 2389 1255
f 2965 355 1173
f 1403 2531 1164
f 2625 3525 2546
f 1702 4269 4277
f 3978 3664 356
f 2967 572 2506
f 2967 723 1700
f 2968 2113 3122
f 1582 1027 2365
f 2969 101 1489
f 2970 600 2441
f 2073 1306 248
f 2971 558 2540
f 2971 846 1186
f 3574 1207 851
f 314 2201 565
f 3946 1548 2280
f 2972 2591 902
f 1105 3685 2973
f 3648 2575 2974
f 224 2258 2340
f 2258 1232 1538
f 2336 1020 1653
f 1574 223 2975
f 2975 1422 4268
f 167 2394 4053
f 2976 1607 3870
f 2977 481 1398
f 2977 834 1386
f 399 2008 1883
f 1845 538 1560
f 2979 350 2597
f 2979 2046 3250
f 2980 3337 1736
f 479 3547 2980
f 2981 460 743
f 2981 1049 2359
f 131 1137 1333
f 2165 753 2570
f 367 4194 2100
f 4098 2230 246
f 2982 2321 446
f 805 2219 2590
f 2983 2381 3980
f 3718 215 4040
f 1609 2760 3718
f 4134 1756 3676
f 1373 3464 2984
f 2984 1661 67
f 2985 176 1247
f 2985 828 2309
f 2986 737 2265
f 1695 1299 163
f 1043 2352 1768
f 2594 2464 1649
f 2766 1649 63
f 1459 395 3334
f 760 3286 2017
f 2987 2094 1443
f 2988 826 1859
f 2988 652 1844
f 3706 658 2989
f 2458 1558 2989
f 3759 3226 245
f 2991 3634 1878
f 2991 909 3712
f 693 4203 3624
f 755 3962 376
f 2637 4192 280
f 4058 2275 838
f 1628 2992 1098
f 1098 3907 3335
f 566 3359 2338
f 2993 2239 2549
f 2993 1456 4203
f 172 640 2214
f 1838 697 249
f 787 55 851
f 256 3922 1971
f 772 1825 2293
f 2994 212 2302
f 1241 694 2220
f 2392 1248 3265
f 2340 92 2995
f 2995 1809 545
f 3973 508 3587
f 3520 1298 2301
f 2634 2996 1295
f 282 3266 2996
f 1806 882 2645
f 2997 523 1531
f 1724 4015 2998
f 767 1627 466
f 2020 3513 2601
f 4024 4049 3775
f 2999 25 2660
f 2999 2629 1179
f 2180 3147 647
f 3360 3242 2043
f 4234 457 2139
f 3476 3001 2667
f 4019 2667 3001
f 4067 1822 805
f 3860 3002 1545
f 3003 3142 3596
f 4074 4251 2484
f 3004 425 3446
f 3005 152 1144
f 3005 353 1340
f 3938 60 4233
f 3006 339 3319
f 369 4208 1534
f 713 1517 433
f 3687 535 2629
f 3007 1481 4228
f 3008 3726 22
f 3009 3350 2434
f 620 1515 843
f 1789 738 356
f 3665 444 1308
f 1598 625 2535
f 1753 229 391
f 568 3010 109
f 3010 2602 1390
f 1266 1526 3011
f 3651 143 3468
f 947 1380 3651
f 432 357 1825
f 573 390 3012
f 1510 3012 2012
f 3617 306 1525
f 4093 2519 4253
f 3852 362 4093
f 1206 1995 1450
f 3013 1640 263
f 3935 3663 621
f 1750 3014 2600
f 3015 2436 3845
f 1830 3884 2192
f 3379 3409 634
f 3016 1706 939
f 3018 785 1218
f 2338 470 3019
f 665 3927 1990
f 864 4243 1247
f 445 1875 2230
f 3933 2027 2439
f 824 3267 1309
f 3021 1550 3865
f 887 3021 3865
f 543 719 2869
f 3022 3692 784
f 3023 4189 1397
f 4078 1776 3023
f 3024 3195 2310
f 1739 958 983
f 138 4017 2422
f 2117 1381 1930
f 316 2653 2117
f 3025 148 3178
f 3178 3615 3025
f 1725 1467 809
f 271 4124 1523
f 1833 1854 1562
f 924 2553 3354
f 637 3026 714
f 3027 284 2267
f 882 726 1821
f 3029 136 168
f 3802 233 1430
f 182 2225 3030
f 788 387 2676
f 2533 3031 132
f 3031 3186 1606
f 952 2461 81
f 2381 2608 702
f 452 1494 2528
f 799 1605 88
f 295 1802 3033
f 3033 436 4150
f 3034 4245 384
f 2040 1437 1721
f 3044 701 1764
f 3036 776 2450
f 2205 4095 1212
f 2481 558 2281
f 2529 1160 378
f 1633 3535 916
f 1685 562 2022
f 61 1692 2444
f 61 1715 2133
f 1230 359 3917
f 1816 463 2280
f 2960 2307 603
f 3040 267 2386
f 4235 262 4171
f 465 1182 3158
f 3461 2536 1033
f 825 2183 3826
f 3783 1368 102
f 1410 227 2579
f 1386 481 2977
f 1315 2672 2298
f 207 3043 1849
f 1733 1214 3043
f 3044 149 2303
f 3338 2510 3833
f 1234 3522 3045
f 3647 1412 842
f 3598 902 2591
f 1449 3046 365
f 1360 2937 3047
f 3918 3048 2010
f 671 4056 2084
f 3049 1569 2177
f 2184 1623 3764
f 58 1460 1815
f 1356 42 13
f 2548 674 2287
f 2285 435 3355
f 3751 91 3353
f 2377 3051 3113
f 3051 1352 3626
f 2416 3944 2663
f 235 991 98
f 670 1347 370
f 1338 3486 175
f 1762 612 831
f 3341 2003 131
f 3835 3053 493
f 861 2295 1244
f 596 3176 3097
f 596 3846 1334
f 950 2107 2581
f 1661 949 2581
f 3054 2186 28
f 926 3054 3426
f 3055 111 1672
f 3055 3875 1384
f 3056 2024 2523
f 3057 59 2582
f 895 1823 3057
f 1853 676 1303
f 3820 3058 3421
f 3059 1130 2682
f 2101 916 1684
f 1514 122 999
f 1155 1514 964
f 1833 3354 1854
f 1847 4244 2481
f 124 4084 1168
f 1177 3595 839
f 319 2263 1336
f 1093 21 2589
f 1752 1093 3426
f 3373 736 2289
f 316 1383 2193
f 1703 339 3392
f 644 3319 1703
f 3060 874 2133
f 1121 395 583
f 439 883 3701
f 603 1186 698
f 626 3796 2056
f 1545 525 1745
f 1670 722 3633
f 885 2238 2476
f 513 847 2467
f 3063 1519 770
f 3065 210 2563
f 2563 4008 3065
f 262 4235 1182
f 550 1115 2200
f 1522 1912 2553
f 484 1783 2019
f 386 2244 1820
f 1691 4279 2448
f 1979 3434 1010
f 1296 218 1726
f 3966 2248 541
f 133 3249 2163
f 634 3067 1812
f 532 1566 2902
f 1199 894 2094
f 1227 1762 831
f 444 1908 2152
f 3790 2633 3068
f 3069 405 3708
f 3069 2923 2526
f 624 2300 1469
f 1161 826 4232
f 3450 3071 3125
f 2874 4097 259
f 1498 2214 640
f 2101 4034 1633
f 1521 2266 3072
f 3073 3953 1169
f 1202 774 1772
f 3074 1138 977
f 783 2260 2654
f 1850 740 438
f 208 4136 1416
f 1911 887 2571
f 3227 1417 2048
f 1205 1385 3076
f 3077 2475 3414
f 2697 1644 772
f 2562 1894 211
f 1906 629 1478
f 2074 3078 361
f 1507 3509 3079
f 715 3079 1158
f 1813 146 2566
f 2604 108 1790
f 2639 4133 1464
f 3080 252 4065
f 1361 1836 2185
f 1751 1092 2347
f 1189 900 3396
f 214 1486 2209
f 214 572 896
f 3081 171 2537
f 2118 4252 3081
f 1857 308 3974
f 1857 3050 2282
f 3082 2199 3917
f 3083 364 1052
f 367 4098 790
f 453 3084 790
f 10 2613 2067
f 1251 2103 310
f 2646 1062 3308
f 2329 3750 3430
f 3990 3776 2329
f 3711 3773 646
f 3086 3025 3615
f 2335 3919 134
f 3087 418 2858
f 3088 2331 202
f 3567 4247 3088
f 2333 4014 3642
f 511 3734 3089
f 3431 4023 3089
f 2708 1005 4021
f 3482 1261 3091
f 1261 3434 3091
f 3092 1059 461
f 3092 1276 657
f 1275 3650 3861
f 3506 1787 165
f 3448 3552 3093
f 3797 3095 4192
f 280 2849 3016
f 1344 3096 3805
f 3096 2636 3847
f 3026 637 3637
f 3503 4281 1936
f 3097 2315 2911
f 3098 814 1834
f 1051 3501 3099
f 3100 3736 3551
f 506 3987 2435
f 1824 1944 289
f 4025 3632 3101
f 2709 4025 496
f 1571 3442 3102
f 3102 1974 4039
f 3103 71 1923
f 3549 164 1567
f 3761 3744 332
f 2092 4003 708
f 1937 3433 2318
f 293 3523 3106
f 3106 4103 1693
f 3844 3512 3107
f 4094 3718 3108
f 3108 1860 1362
f 1259 2166 3109
f 3110 1611 2935
f 4032 2324 643
f 3839 1264 3219
f 3111 3825 2343
f 3112 509 2728
f 3499 2834 1289
f 3113 488 2767
f 3051 2377 648
f 3114 1067 2761
f 3114 349 3563
f 3115 747 1758
f 3116 110 2889
f 3116 497 2522
f 2033 4101 329
f 2657 4024 415
f 4229 2657 836
f 3117 283 1678
f 3117 594 2771
f 3118 286 1940
f 130 3505 1427
f 3119 669 2885
f 3120 1009 3602
f 3120 2317 2721
f 3121 344 2763
f 3121 2750 2364
f 3122 271 2968
f 401 3898 3122
f 3123 1276 1699
f 3123 579 2727
f 4250 3593 2001
f 4016 1266 3124
f 672 3502 381
f 3071 3450 1959
f 3125 289 2726
f 2441 3936 3126
f 403 1346 2040
f 3464 1619 3920
f 3127 2378 3456
f 857 3127 2142
f 3484 3899 3128
f 3128 4079 3873
f 2534 600 1299
f 3129 2648 1200
f 3129 1398 56
f 325 4138 587
f 3130 2751 4138
f 3131 159 2719
f 3132 57 2734
f 3132 1593 2815
f 3133 274 1045
f 1587 3049 3133
f 3911 1466 157
f 3134 588 1579
f 3134 1063 2433
f 3889 2609 412
f 3889 3603 3135
f 2294 3864 675
f 3136 3862 3585
f 3136 261 2757
f 3137 1030 2737
f 3137 1861 592
f 3138 375 2171
f 3138 1539 2134
f 3139 181 2383
f 3004 1277 425
f 3140 1591 2716
f 3141 1630 124
f 1024 4004 2363
f 3142 2015 1283
f 90 3829 3143
f 2425 3144 3961
f 1294 3144 2032
f 1970 4055 3738
f 3145 2628 273
f 4127 3757 499
f 3146 1704 3052
f 3147 259 4097
f 1671 746 2883
f 540 3470 3148
f 3148 3422 3925
f 678 4087 3149
f 3150 198 2453
f 3987 3736 3100
f 4126 3151 1438
f 2484 1596 1011
f 3303 4248 2782
f 3152 1902 1089
f 3153 4035 117
f 344 4128 3154
f 3154 1279 2763
f 3155 1573 2487
f 2487 3436 3155
f 340 3809 2761
f 4082 3531 3157
f 1182 465 2471
f 1723 3158 668
f 3159 2807 2474
f 3159 1577 215
f 3160 4092 1260
f 1604 1980 3161
f 3162 219 2037
f 3162 351 1082
f 3163 3910 1054
f 3163 137 736
f 1560 1929 2692
f 3164 292 2138
f 3164 810 1194
f 3165 2009 3545
f 133 1631 3770
f 3166 1426 1659
f 3167 90 3588
f 1211 1408 542
f 2655 4272 385
f 3168 1935 1425
f 3169 471 2195
f 2497 3169 1679
f 2467 209 1564
f 3170 283 2089
f 3170 1738 2400
f 483 416 2787
f 3997 3042 1583
f 1871 3171 1964
f 3171 2339 480
f 3172 1331 3786
f 2875 326 3927
f 148 3690 3178
f 2041 1348 1660
f 267 1955 2386
f 3174 4121 2347
f 173 3443 3174
f 3175 130 2583
f 3175 322 1654
f 2414 4197 1300
f 1958 4059 380
f 266 4265 2738
f 1312 3836 3611
f 3768 3611 2374
f 3177 2328 162
f 3177 2005 2776
f 3690 148 1348
f 3178 4103 3615
f 3179 190 2097
f 3180 1025 2342
f 3180 1663 2868
f 4218 3756 3181
f 1663 3645 3181
f 3182 751 2748
f 1256 3182 2411
f 333 1634 2389
f 1023 2014 115
f 278 1753 3183
f 3183 391 2931
f 3184 870 2282
f 3507 539 1145
f 384 4245 3185
f 1602 574 2485
f 3186 657 4036
f 3187 1097 3539
f 3187 389 2488
f 3991 1045 2778
f 3931 3437 3188
f 1599 2516 3189
f 3189 636 2862
f 1800 1520 104
f 3190 500 1972
f 3191 1021 2355
f 3191 341 1973
f 2225 182 1996
f 3192 3612 2410
f 2410 1930 3192
f 985 4029 2149
f 3193 187 2702
f 2137 397 3258
f 3040 4211 267
f 724 2694 107
f 2920 1301 1754
f 1018 2426 2490
f 2030 745 1106
f 2030 1106 611
f 102 1739 74
f 3195 232 2744
f 2312 3498 2310
f 2547 4051 105
f 3828 2638 3572
f 1372 300 2071
f 2501 3684 323
f 1715 631 2348
f 4186 3460 3197
f 419 4186 3197
f 1283 4074 2833
f 3834 3673 4182
f 338 2736 3882
f 1397 3199 652
f 3199 2111 652
f 3200 1976 3808
f 3200 2992 1628
f 1943 239 3296
f 4153 1849 778
f 3201 1420 3926
f 3201 1251 310
f 3202 1292 2742
f 3203 372 2132
f 3203 2132 619
f 3204 156 2907
f 3204 1668 3568
f 3205 2790 195
f 3205 1065 1558
f 1500 150 707
f 627 1500 2869
f 3206 2412 1675
f 3207 1057 2953
f 3208 425 3107
f 3446 1942 2730
f 3209 1058 2470
f 2449 334 1709
f 3544 512 2203
f 3210 1112 3495
f 3553 2268 2898
f 2460 1431 3212
f 2448 1741 3213
f 3214 2326 2956
f 4089 411 2435
f 1993 3967 3215
f 3216 241 2753
f 3805 3216 1344
f 348 3600 3217
f 2120 2668 1922
f 1602 343 1983
f 3218 1956 236
f 3218 1382 2244
f 563 1488 3681
f 3219 1264 3440
f 3220 796 2879
f 231 2691 3222
f 3223 1770 2888
f 2216 4183 3223
f 3224 3073 2622
f 1688 305 3225
f 3704 3226 3017
f 3227 2617 1417
f 2786 1569 3757
f 1282 2177 2786
f 3228 2361 3462
f 3228 2413 3630
f 1957 3229 4143
f 3229 1036 2896
f 3605 1323 2337
f 1060 79 3230
f 1060 408 2935
f 1050 4228 44
f 1878 3476 909
f 3232 928 3536
f 781 446 1777
f 3233 190 110
f 559 2622 3073
f 255 1681 2851
f 2076 1213 934
f 3234 801 901
f 3527 3234 901
f 3824 388 1025
f 3235 468 3842
f 1398 1656 3711
f 313 3557 451
f 3236 2545 2829
f 3236 1374 153
f 3237 3586 2683
f 3237 258 94
f 2067 2607 1064
f 1963 2509 3931
f 194 2374 3611
f 2212 3239 3613
f 3239 1517 2644
f 3240 1989 2758
f 3240 1355 3013
f 2293 1825 357
f 3241 2788 1621
f 3833 3241 1621
f 508 1639 3587
f 2043 228 3578
f 3242 417 2887
f 2010 3243 3918
f 3243 1109 829
f 3244 2256 1167
f 3245 351 1617
f 455 2543 1807
f 3854 497 2889
f 3246 2605 1646
f 3247 446 2321
f 3247 1910 705
f 3248 789 2754
f 3249 393 2163
f 2979 859 2517
f 3250 2723 3592
f 2847 390 1308
f 1003 1946 2819
f 3251 2770 1572
f 683 3514 3251
f 3252 2611 1674
f 2964 1674 1952
f 3253 105 2923
f 3253 2923 3069
f 3254 718 1471
f 3254 777 2465
f 1048 494 2561
f 2864 1452 1907
f 1726 2758 1296
f 2938 2886 2210
f 3255 789 2595
f 2595 2528 3255
f 3257 819 2125
f 1318 2684 3257
f 2657 415 1305
f 3258 2297 1728
f 3259 288 238
f 3259 1586 4117
f 868 2362 3260
f 3260 2897 1320
f 1985 1005 3261
f 3894 3481 3262
f 3262 1629 3894
f 3263 883 174
f 3263 1542 659
f 3264 2319 4049
f 3703 861 1244
f 3265 1248 4182
f 3266 282 1096
f 3266 1618 2996
f 449 1660 148
f 3268 265 1383
f 3268 2486 593
f 3269 1469 1890
f 3899 2813 1632
f 3270 591 925
f 620 843 1900
f 1396 1808 4062
f 3271 1607 518
f 987 2859 2181
f 3272 2900 528
f 1254 628 3272
f 3273 2598 2863
f 1159 2304 744
f 1458 972 1856
f 4125 3399 4227
f 3274 1067 4201
f 3274 3222 1405
f 1024 2363 1988
f 2728 1024 3112
f 3275 2556 29
f 1118 2294 570
f 3276 865 3795
f 383 3277 3995
f 223 3277 1690
f 2706 1683 1042
f 1775 1418 3278
f 3278 254 2473
f 3279 284 3027
f 2004 1358 3279
f 3280 1727 914
f 998 4113 2284
f 2162 2283 713
f 1920 2162 813
f 3281 560 2877
f 2462 3674 3281
f 1224 4067 2590
f 1463 83 2176
f 3784 2936 307
f 3837 4217 1263
f 4080 1442 3283
f 1370 226 2084
f 3284 1187 2369
f 3886 4156 3285
f 3285 4158 3886
f 3286 1357 2497
f 760 2017 1459
f 107 1365 643
f 3996 643 2324
f 688 1154 1820
f 1326 666 3287
f 1077 319 1834
f 3288 402 2769
f 3815 3288 1757
f 3289 310 2103
f 1682 3771 836
f 1807 4045 455
f 532 1129 1812
f 429 4037 3333
f 3291 2401 2838
f 3291 742 4108
f 1823 895 2146
f 3292 1826 456
f 1533 2909 3292
f 1035 2397 3293
f 3293 1351 2836
f 85 44 1760
f 784 3692 1559
f 3294 184 2764
f 1741 219 1409
f 3296 239 2804
f 3297 309 3483
f 3636 2066 533
f 3299 1603 2334
f 2792 4044 3299
f 3300 2919 243
f 3302 2042 4075
f 3302 3231 602
f 3303 127 1734
f 1587 3575 3976
f 3575 4241 3976
f 3304 371 2499
f 2354 222 3211
f 1967 3305 2905
f 76 1884 880
f 767 466 2102
f 3306 716 2063
f 1978 1503 2615
f 3307 200 2405
f 3307 1612 2718
f 1052 364 2428
f 410 3672 3308
f 3308 1062 2820
f 2373 490 3607
f 3309 2818 204
f 3309 1028 3859
f 295 2035 3310
f 3310 607 1229
f 3579 2733 195
f 2049 722 3062
f 4238 3311 584
f 3311 1011 412
f 3312 1938 1034
f 1586 419 2157
f 2962 3767 4061
f 838 1626 2519
f 1350 102 74
f 3471 3909 3313
f 375 2596 2171
f 2000 3316 2603
f 3316 1896 1044
f 3317 85 2949
f 3317 504 2349
f 3449 3793 3318
f 1111 644 2928
f 1600 251 1399
f 4223 2459 1070
f 570 1609 1118
f 3320 287 3831
f 3321 1322 3627
f 2356 3443 3321
f 2921 326 3172
f 2620 101 3261
f 4205 396 1245
f 2544 3445 3814
f 3324 3958 3005
f 2024 3324 519
f 3325 639 2665
f 3913 3570 3326
f 3327 696 1393
f 3328 288 3678
f 3328 3440 1650
f 3835 4268 1075
f 1085 2975 223
f 4110 2478 1938
f 3329 839 3581
f 3329 1491 253
f 2204 451 1819
f 4207 1197 1821
f 1817 2798 797
f 2299 970 1433
f 910 1053 3623
f 3330 368 2925
f 3330 464 3943
f 2351 3654 1873
f 564 324 1854
f 1921 3021 773
f 3332 1926 3082
f 4266 63 1649
f 2926 609 3823
f 2517 4037 1343
f 3333 1294 3156
f 234 84 2539
f 2276 989 2801
f 473 2182 4215
f 799 3032 1605
f 1332 1837 3702
f 2431 2570 753
f 1534 3643 733
f 3334 1718 2183
f 3335 3907 2686
f 3335 317 2514
f 3336 1737 2496
f 1611 184 2935
f 1255 345 1722
f 4087 3810 2047
f 2510 1766 1026
f 3480 3339 589
f 3237 3339 258
f 2765 1962 2368
f 1243 1791 459
f 1235 1328 2122
f 2233 706 2671
f 2380 3683 2957
f 373 1743 2946
f 3084 2651 367
f 3906 93 3340
f 1224 382 2880
f 3341 1333 3053
f 2003 3341 686
f 685 1615 2759
f 2077 3589 3342
f 1711 4199 3342
f 378 668 2529
f 1763 1534 4208
f 4164 1109 2683
f 913 2288 618
f 3343 1443 2288
f 676 3455 1303
f 676 1853 3058
f 875 1513 533
f 2299 3344 2623
f 276 1953 3733
f 644 1455 2521
f 3964 2278 3345
f 1738 2440 687
f 1473 1099 3911
f 3346 620 2271
f 166 1304 1918
f 1313 933 2647
f 242 4118 3347
f 3348 3618 118
f 3348 1595 50
f 1338 175 1755
f 1143 491 2914
f 4023 3659 2346
f 3349 193 4257
f 3902 3351 2652
f 842 2913 734
f 842 526 2129
f 1767 355 791
f 1392 936 4271
f 3352 2139 4054
f 3353 91 2534
f 3353 1614 3631
f 3354 2650 1141
f 2905 645 1967
f 3355 791 2164
f 3355 897 2285
f 4095 776 3036
f 2352 237 1768
f 3357 1601 3798
f 965 1298 2452
f 1157 725 1419
f 1866 653 3623
f 1692 470 3359
f 2672 2641 2298
f 2814 2672 1080
f 980 993 1864
f 448 3667 2171
f 3361 1414 4090
f 2455 4134 2190
f 759 1061 3338
f 2387 2055 759
f 788 1175 387
f 163 2391 3362
f 902 1737 3363
f 3363 455 2972
f 2968 1056 3198
f 3965 2273 2480
f 3000 2789 457
f 3364 314 3902
f 766 2201 3364
f 3365 1037 1673
f 167 3868 1462
f 1380 947 1151
f 2086 557 913
f 4154 2644 126
f 2360 1583 3042
f 4122 1507 3079
f 442 1883 2445
f 252 1932 1083
f 1859 826 3070
f 754 3367 4145
f 3367 1309 3267
f 590 1415 1712
f 562 1104 3368
f 3369 2514 1311
f 2820 2973 898
f 1322 272 1962
f 1204 176 2985
f 4283 3039 3370
f 3370 2050 3887
f 3371 1241 439
f 2898 327 2610
f 1959 1585 199
f 2022 4099 440
f 152 4168 2847
f 3326 111 2108
f 4174 74 983
f 3373 973 994
f 3374 3276 447
f 3890 1138 3074
f 1705 935 3890
f 3375 1645 3878
f 3375 553 3218
f 884 536 2905
f 3376 2421 1354
f 1295 3376 581
f 422 2745 3903
f 2849 2261 3016
f 3377 168 4228
f 874 3378 2133
f 3378 2027 1530
f 2064 3653 2423
f 3379 2105 823
f 3379 2619 3409
f 4188 702 2608
f 3381 2386 475
f 3381 393 1321
f 1100 2482 2115
f 3382 2069 2930
f 2168 1448 739
f 3383 1431 2123
f 2528 2371 3255
f 3384 1588 3814
f 268 3384 2857
f 2559 1018 1592
f 3385 2098 4069
f 1720 1718 554
f 3386 223 1574
f 230 2057 175
f 1731 1047 248
f 3387 1376 1803
f 257 1725 4170
f 3389 2586 664
f 3079 715 2126
f 3390 213 3034
f 3391 604 4007
f 3391 611 2601
f 3895 1232 2258
f 3319 339 1703
f 3006 4026 339
f 2697 4252 1644
f 3393 2197 5
f 3056 1231 4159
f 576 2385 2141
f 1698 819 2123
f 871 2321 2982
f 2445 1891 1169
f 3394 567 689
f 2308 1495 3394
f 2807 4152 2474
f 3710 1960 594
f 1189 849 1501
f 135 1115 2696
f 983 958 1436
f 2079 3634 2991
f 1179 1461 1191
f 811 2997 1531
f 427 4010 3397
f 1589 3487 3397
f 3041 1203 3601
f 469 1740 2955
f 2927 490 1256
f 3398 1966 2882
f 2830 1387 1174
f 769 2059 3529
f 526 1183 2403
f 3527 212 3399
f 2611 4083 353
f 2498 2048 1417
f 2036 1400 3017
f 2036 4019 3001
f 797 2546 1838
f 1798 363 1439
f 3400 808 3076
f 3400 60 2264
f 1965 4273 218
f 3401 1877 2384
f 1207 1745 525
f 1960 404 2733
f 3402 684 1876
f 3402 561 2621
f 2735 2175 3904
f 3403 1445 2512
f 2725 1968 2405
f 3404 2665 639
f 502 1079 3709
f 2322 2731 3562
f 3406 1708 1541
f 864 1778 4222
f 3407 2746 4028
f 3407 1616 217
f 3408 2476 1487
f 3408 1218 1925
f 2593 1675 3963
f 2360 1226 2783
f 1493 3957 2929
f 3410 3062 4181
f 1496 2020 2601
f 1196 1477 866
f 2712 3506 2323
f 4247 3948 1933
f 2802 2906 2511
f 1998 2802 2511
f 3675 794 3693
f 3306 87 1181
f 2226 357 432
f 1797 2295 861
f 1797 2699 169
f 651 1487 2912
f 830 4105 2880
f 1496 2437 69
f 2041 2904 69
f 1447 2255 614
f 1642 2659 627
f 4064 489 3413
f 3413 4076 564
f 1087 2185 3954
f 739 1448 2507
f 1315 2475 4200
f 1352 405 2154
f 1206 867 888
f 1899 3009 2614
f 1002 3007 136
f 3802 1879 136
f 3415 675 2332
f 502 2760 3415
f 3064 4018 893
f 3416 3396 606
f 2167 1561 434
f 3928 430 2246
f 3915 3633 583
f 854 2164 2965
f 3417 656 2918
f 3953 376 1140
f 1555 2508 3683
f 2508 2018 301
f 3418 2576 196
f 1381 3541 1930
f 3541 1381 189
f 407 1051 2795
f 1700 2168 2967
f 2082 29 2556
f 2872 1905 2082
f 869 3883 3419
f 103 3727 2247
f 4112 2734 2247
f 398 2752 3420
f 1548 3946 776
f 4145 2013 1914
f 50 1165 3348
f 997 50 3444
f 2985 2309 1204
f 3584 2692 383
f 1815 2577 58
f 1541 698 2538
f 1776 373 2946
f 3585 2358 261
f 3423 651 3848
f 1152 191 3524
f 3140 3782 1277
f 2136 4274 377
f 560 1716 2136
f 3425 1124 969
f 183 1096 2526
f 3054 926 1078
f 3426 28 1752
f 1145 2518 2617
f 3427 1484 436
f 3427 710 2900
f 2892 1719 2232
f 1933 1259 920
f 578 1953 1222
f 1599 814 3429
f 3891 3998 3429
f 1940 4030 2344
f 400 3744 3431
f 3431 1568 4023
f 2084 226 2635
f 272 3432 1610
f 3432 1067 3114
f 3433 420 2318
f 3433 1937 2698
f 1261 3728 3434
f 200 3091 3434
f 3435 95 3847
f 587 4138 3436
f 3437 225 3188
f 3437 503 2128
f 3765 289 1944
f 3438 1974 2812
f 1928 1017 3438
f 139 3825 1589
f 3439 1274 2343
f 1650 1264 2343
f 3441 159 3131
f 3441 3154 1570
f 1860 4210 1175
f 1363 474 3167
f 1167 4166 800
f 3443 173 1635
f 3443 2356 2775
f 2063 716 2442
f 3104 1273 3761
f 3444 50 2463
f 101 1985 3261
f 3445 3322 1048
f 3445 1048 2857
f 3446 116 3004
f 2730 2470 3446
f 3447 860 2573
f 3447 607 845
f 1040 2824 1695
f 3448 2331 1578
f 3449 1947 3793
f 3450 140 1585
f 3450 3125 1271
f 3451 1312 2817
f 1940 1015 3118
f 3956 3145 4038
f 2908 3452 875
f 3874 640 1227
f 2201 766 1250
f 925 2004 346
f 2440 2058 687
f 3453 2699 1268
f 3454 179 2730
f 3454 588 3134
f 682 1344 3879
f 3455 575 2764
f 2567 1576 3168
f 75 2061 2567
f 3456 4147 3127
f 3456 796 3037
f 235 2279 3457
f 4256 1016 2318
f 3459 73 3901
f 1026 3459 2504
f 3358 112 1945
f 3460 3358 2724
f 189 742 2838
f 1573 3155 2046
f 3461 592 1861
f 1949 2536 3461
f 1330 562 3037
f 3462 79 3777
f 3462 1984 264
f 3463 1317 3735
f 3463 1596 2484
f 3464 117 2984
f 114 3813 3466
f 3466 203 3947
f 384 2527 3034
f 3467 394 3786
f 3467 1552 2339
f 1032 4265 1997
f 1334 3919 1997
f 3468 83 1991
f 1981 4092 143
f 3469 1581 3898
f 3469 1319 2768
f 921 1074 3470
f 3148 2639 2102
f 3471 1008 3909
f 1941 4047 3471
f 1976 2316 404
f 3912 231 3770
f 3222 2691 4185
f 3807 1972 281
f 2559 3190 3472
f 2133 2348 3060
f 1491 3078 3220
f 3085 3776 3473
f 3473 2463 1595
f 3474 341 2773
f 3792 3116 3398
f 2666 2068 750
f 4096 1272 3475
f 3475 2737 1030
f 3476 2667 909
f 3477 4116 680
f 3477 3165 133
f 3139 1278 1657
f 138 3850 1983
f 3478 1713 1289
f 1070 571 2897
f 1070 1748 3287
f 3479 1601 3357
f 347 3094 3479
f 1342 3754 3480
f 3480 589 2841
f 263 1989 3240
f 2010 410 2451
f 3481 862 3262
f 3481 1955 267
f 3482 3091 3794
f 2700 2345 3482
f 246 2146 895
f 2664 309 1327
f 1580 2951 3483
f 2037 351 3162
f 3484 3128 2706
f 1982 495 3484
f 3485 1567 239
f 3486 1338 2229
f 3486 2229 516
f 3487 1589 2906
f 3487 2700 3397
f 775 3035 2627
f 3488 231 2755
f 4197 2414 3488
f 3489 254 3278
f 2704 3789 3490
f 3490 2082 2556
f 3491 343 2826
f 1787 1314 1128
f 1980 1604 3816
f 3492 455 4045
f 2591 531 2944
f 3493 4254 1004
f 3493 1981 2707
f 2916 452 1149
f 595 2297 2865
f 1375 1683 2706
f 4123 418 3087
f 3495 2772 905
f 3496 1259 4091
f 3497 1031 2750
f 3497 240 1754
f 3498 2732 2310
f 2550 4146 303
f 3499 177 4059
f 3499 384 2834
f 3500 392 2368
f 1610 3926 3500
f 3501 350 3099
f 3501 1051 2774
f 672 381 1071
f 3502 672 2541
f 3276 709 3789
f 3276 3374 709
f 3503 162 4281
f 3503 1588 3384
f 3504 2685 1268
f 1427 1747 3680
f 3505 3119 1049
f 2784 3947 203
f 1150 188 2409
f 2712 3861 3506
f 669 1584 3727
f 3508 1290 3812
f 1507 4213 3509
f 86 51 4068
f 1397 652 1859
f 1397 1111 3199
f 1568 134 3087
f 1021 2319 2740
f 3775 3191 1973
f 3150 4143 198
f 3012 1510 679
f 619 1681 1986
f 752 980 1864
f 1083 80 3173
f 100 1770 2419
f 2507 1630 2256
f 408 3230 1296
f 408 1296 2758
f 1578 4020 2934
f 2364 344 3121
f 1494 2371 2528
f 2560 496 2198
f 3512 2703 3219
f 3512 3882 96
f 3968 2729 899
f 4209 3968 717
f 2020 4149 3513
f 3513 604 2601
f 683 3869 3514
f 3514 2341 3251
f 1376 4063 1803
f 4132 1336 3515
f 3515 2263 648
f 3516 257 1180
f 3516 2104 1467
f 3517 1043 97
f 2551 4198 1090
f 3294 2551 1984
f 3518 2769 402
f 3518 1290 3077
f 2215 2682 509
f 119 3059 2215
f 247 444 3665
f 367 1869 4194
f 466 3422 2102
f 161 1647 3235
f 1174 729 2255
f 3519 4193 2029
f 2047 3519 3840
f 1673 1037 3738
f 1037 2860 3738
f 2216 72 2491
f 3520 2301 2693
f 1539 700 2134
f 700 647 1904
f 386 1645 2244
f 3521 2034 2482
f 3522 2094 894
f 1384 228 3242
f 2508 1779 250
f 293 4209 3523
f 3523 827 3969
f 3524 328 2210
f 3524 2886 1152
f 503 1041 2128
f 4230 2071 300
f 485 3010 1390
f 758 113 3285
f 3525 793 1978
f 1697 1349 2936
f 10 1892 19
f 3526 789 3248
f 3526 1162 247
f 3759 2990 3226
f 3527 290 3234
f 3527 901 212
f 1261 3797 3528
f 2766 46 2594
f 3868 167 3365
f 3856 477 1726
f 3529 2059 3795
f 182 2326 1996
f 3530 424 2677
f 1403 379 2531
f 1821 1512 4207
f 3532 1571 3102
f 3532 1310 2367
f 3533 706 2233
f 1113 1367 556
f 3534 1015 2749
f 2747 1946 1003
f 3535 1633 2658
f 3535 2416 916
f 2439 4164 1990
f 3536 912 3232
f 3536 928 3289
f 3778 3537 2033
f 3537 2767 1069
f 3538 527 2940
f 3538 1452 364
f 3539 1366 312
f 3539 2002 3187
f 2561 1597 268
f 335 1740 2676
f 3540 2770 1965
f 812 1572 3540
f 2776 2005 237
f 1889 2040 1346
f 2135 841 1911
f 4238 2388 3311
f 2389 3395 333
f 3542 443 2223
f 1613 2873 3543
f 1613 186 1954
f 904 1829 12
f 3171 1871 216
f 1320 868 3260
f 4031 2837 1320
f 3544 1112 3210
f 3544 2203 1440
f 1325 4220 3545
f 206 1413 2806
f 3546 4200 3916
f 3547 479 2203
f 3547 1939 2980
f 3548 1316 2958
f 1105 1784 8
f 3549 2715 164
f 3549 3103 2612
f 3550 2714 421
f 3550 591 3213
f 3551 1608 3100
f 3551 4057 325
f 3031 657 3186
f 3552 3448 1941
f 1286 3552 2808
f 881 1254 2640
f 2745 912 3903
f 3553 3211 2268
f 4178 1287 3553
f 3090 3765 3554
f 1012 1373 2313
f 3301 2732 3555
f 3555 1044 2884
f 3906 181 2580
f 93 2580 1699
f 3556 1700 723
f 123 1705 45
f 3557 1882 786
f 3557 1819 451
f 4151 1721 3558
f 3558 580 2433
f 2842 3133 1045
f 2185 1087 2583
f 1790 108 3383
f 1634 1075 3179
f 3559 201 4224
f 2584 4195 725
f 4021 3776 3560
f 3560 400 3734
f 1382 688 1820
f 1147 3911 157
f 1147 157 1795
f 3004 1969 3140
f 3561 369 1198
f 3561 207 3866
f 2055 1061 759
f 2736 2325 96
f 2322 2719 159
f 3562 2731 186
f 3563 1610 3114
f 3563 2427 99
f 3564 2151 2472
f 1351 1982 1042
f 3565 2079 2991
f 2393 1304 2701
f 3849 4277 4269
f 1699 768 3123
f 1333 389 2796
f 570 675 3415
f 3566 3495 905
f 3566 196 1651
f 3072 205 2658
f 3567 3088 202
f 1590 2039 3805
f 2235 3984 1638
f 3568 2200 3204
f 2080 3880 3568
f 3569 1720 3767
f 3569 3325 2665
f 3570 3913 3207
f 3570 2711 3326
f 420 4127 3571
f 4256 2016 2721
f 2096 1221 1843
f 1221 634 3409
f 1438 2428 727
f 3572 2399 3828
f 105 1367 2547
f 3210 1379 512
f 4221 3112 1024
f 3573 3093 1286
f 1742 851 55
f 3574 1512 780
f 3075 4033 707
f 863 1763 2212
f 1603 1324 473
f 1587 2407 3575
f 968 2469 1676
f 754 1365 2436
f 1456 4175 1831
f 1667 3324 2024
f 3576 1783 484
f 2874 1551 128
f 3577 826 2988
f 3577 2236 476
f 2760 502 3709
f 4272 2048 3955
f 3245 228 3875
f 3578 1617 2025
f 3579 195 2493
f 1291 2089 2771
f 2724 3815 3580
f 2298 3580 1757
f 287 2460 670
f 1424 2671 3581
f 3581 1696 3329
f 3582 777 3254
f 4150 1484 4219
f 3583 2376 2922
f 3583 2493 2790
f 3584 3995 1366
f 3584 837 2692
f 636 1516 4239
f 4239 730 3298
f 686 3341 3053
f 2187 1057 3905
f 3585 261 3136
f 3237 1331 3586
f 3586 665 4164
f 3587 979 2452
f 3587 1298 3973
f 3588 1363 3167
f 3588 1999 2564
f 557 1455 1703
f 3589 2077 2781
f 3589 907 3342
f 631 2090 3806
f 3590 2087 2924
f 1786 1421 2291
f 3591 2935 184
f 3591 1984 3777
f 3592 2723 929
f 3592 923 2457
f 504 4012 2811
f 1811 1084 680
f 3593 48 2001
f 2930 2499 4084
f 2035 295 3033
f 2035 1435 3310
f 1515 4041 1239
f 299 882 1821
f 3260 1992 2897
f 497 2784 2522
f 446 1528 1777
f 2139 457 256
f 3594 2520 3025
f 3594 676 3058
f 397 2137 3193
f 2394 167 3344
f 3595 1177 517
f 3595 1424 839
f 279 1970 2860
f 1820 2034 386
f 3596 2099 2415
f 4004 3596 3142
f 3597 2660 1915
f 3597 1133 3221
f 3598 1371 365
f 3598 3046 902
f 2969 1000 997
f 1227 640 172
f 1958 380 2823
f 3599 220 2827
f 3757 4038 3145
f 3600 348 1188
f 3600 2799 275
f 2448 3213 1691
f 3601 1835 3041
f 3601 605 4013
f 3602 1576 3120
f 3602 273 4073
f 4075 292 2587
f 3603 315 3135
f 3604 529 2533
f 3604 1386 834
f 1987 164 2715
f 3605 347 1323
f 2060 1552 3467
f 3606 2402 3295
f 3884 2429 1520
f 1385 1205 691
f 858 3076 1385
f 3607 490 2927
f 3607 1270 2778
f 3608 744 4031
f 3061 535 3964
f 1810 547 3609
f 624 2147 3609
f 1359 3873 1722
f 3610 426 2274
f 4214 745 899
f 3612 3192 77
f 3612 1403 484
f 542 1533 1211
f 3198 1056 2736
f 3613 3366 818
f 818 2974 3613
f 3614 1228 129
f 3614 1723 4114
f 3615 4103 1387
f 1636 220 3599
f 491 3616 2914
f 4248 3303 158
f 3617 3332 877
f 3617 1525 1926
f 3618 2593 118
f 800 1626 2895
f 3825 3111 3619
f 3619 918 1998
f 3620 703 1439
f 1877 1565 2922
f 3621 1957 3510
f 3622 853 3356
f 1840 2883 2007
f 2680 2070 3158
f 2761 1405 340
f 1098 2514 1628
f 3623 653 1686
f 3623 1053 1866
f 3624 890 2839
f 1847 886 297
f 2063 3625 87
f 4165 488 3626
f 3627 474 3822
f 3627 1322 1962
f 3628 3126 3936
f 407 505 2774
f 2774 1051 407
f 3629 2418 2290
f 3629 2916 374
f 3630 2413 1606
f 2664 1327 3630
f 3632 323 3101
f 4025 3972 3632
f 795 2308 1246
f 1495 2308 795
f 722 1670 3062
f 3633 1121 583
f 254 660 3908
f 3351 3902 2997
f 3634 770 1878
f 1089 1603 473
f 2265 2302 2986
f 2103 1251 1687
f 569 1072 3340
f 4132 4086 569
f 875 533 2908
f 3026 3637 4199
f 2836 1351 64
f 2259 3371 439
f 3371 795 2630
f 3893 1071 2269
f 3207 3913 424
f 3197 2814 419
f 1414 448 1778
f 1952 520 2964
f 3115 1758 2369
f 1020 2336 1019
f 3638 342 2454
f 1557 1694 4060
f 3639 2045 2550
f 3343 803 1443
f 517 1743 3595
f 3640 712 2246
f 617 1564 3896
f 3641 1457 1838
f 4041 2395 3940
f 3642 121 2333
f 2001 3642 1267
f 3643 863 4106
f 4206 1848 377
f 3644 2896 1036
f 248 3644 2073
f 3645 1961 3181
f 3646 1323 2743
f 3647 1234 3045
f 3647 2129 661
f 1257 720 2483
f 3301 3074 1880
f 3648 2208 1833
f 3649 2613 35
f 4280 2269 1071
f 3650 343 3491
f 1275 4017 3650
f 4176 645 702
f 2831 1030 3137
f 1321 2262 3040
f 2262 2739 1092
f 3218 553 1956
f 4255 945 1215
f 2925 464 3330
f 3872 294 1227
f 1256 1594 3182
f 2484 1011 4074
f 4074 2015 4251
f 170 2423 3653
f 3653 1928 4104
f 1679 684 2621
f 3654 1460 3843
f 3655 3876 1615
f 3655 2717 315
f 2390 376 3224
f 3656 1923 3766
f 3656 2919 199
f 3657 757 3227
f 3657 2655 2294
f 412 1596 2852
f 1883 906 399
f 77 1472 3658
f 3659 1977 3349
f 3660 2031 534
f 3660 907 1176
f 125 1247 4243
f 3661 1 2217
f 3661 2291 3686
f 44 85 2196
f 3662 1265 1945
f 3663 3013 1355
f 1901 3663 1355
f 330 2353 1885
f 330 2327 1954
f 3664 1196 866
f 3664 1789 356
f 2003 686 333
f 1659 3027 3166
f 3666 542 1717
f 3666 715 3838
f 2117 1930 649
f 545 2340 2995
f 1509 4177 224
f 3667 1539 3138
f 3667 448 3361
f 1724 1142 4119
f 3668 2998 767
f 1274 3729 3669
f 3670 554 1718
f 3670 395 1121
f 3671 998 2257
f 3671 137 4237
f 3048 410 2010
f 3672 4119 2646
f 1734 3009 2434
f 2377 3113 1623
f 2961 2401 1095
f 761 1746 2181
f 3011 2221 144
f 1191 33 1179
f 2180 259 3147
f 4217 999 1582
f 3673 2718 1612
f 3674 2462 2529
f 3674 4171 3281
f 1809 3057 2582
f 1788 2794 304
f 2595 374 1149
f 3675 1807 2543
f 1482 1156 2251
f 1018 2559 1288
f 589 1109 3243
f 2417 2836 4113
f 2848 403 2492
f 1558 1975 3205
f 3676 1440 4134
f 3676 1756 3989
f 3677 1176 3713
f 2321 3677 3247
f 737 1465 1822
f 1566 532 3067
f 917 532 2902
f 3678 288 3259
f 3678 1038 2379
f 2479 1038 3314
f 401 3122 2113
f 612 4154 831
f 2853 934 2404
f 3679 381 2253
f 3679 191 769
f 2918 1427 3680
f 305 1688 868
f 1039 1770 3223
f 1542 2220 821
f 1927 3927 326
f 3320 537 4088
f 2457 859 3250
f 3682 500 4240
f 3682 3819 3945
f 2737 1861 3137
f 3683 2508 250
f 1538 1828 178
f 3684 1459 3334
f 3684 2183 825
f 666 2752 2443
f 1952 1674 3821
f 2241 1119 743
f 2241 2132 372
f 3685 1105 3360
f 3685 898 2973
f 990 1421 1210
f 2999 3221 3687
f 1469 2300 2995
f 3688 3206 81
f 1053 13 2649
f 2901 3476 3231
f 3704 1400 840
f 2004 3830 1358
f 1968 2725 3662
f 762 1293 383
f 2014 2399 3296
f 3689 1631 3165
f 3691 2474 2169
f 3691 2813 3965
f 3693 2008 2978
f 681 1769 922
f 3694 2420 1611
f 2013 3421 3694
f 2187 168 3377
f 1449 756 3046
f 2278 892 3345
f 3695 1490 2523
f 1058 116 2470
f 2757 261 1058
f 3696 1600 860
f 3696 3917 2199
f 1428 778 1214
f 4160 1972 500
f 3698 114 2145
f 3698 1420 3201
f 248 1306 1731
f 3215 4089 277
f 4040 227 3108
f 2579 1577 3827
f 349 3809 3699
f 986 1122 989
f 3700 1772 774
f 3725 1295 2996
f 174 439 1241
f 850 1744 1550
f 1704 943 3052
f 797 2798 2625
f 1161 1424 298
f 3703 82 3264
f 3031 2533 1059
f 1475 748 1236
f 3704 840 1931
f 2373 1282 490
f 1026 2000 2510
f 1840 2007 2696
f 1374 454 2670
f 3705 2148 567
f 3706 1628 658
f 3706 1065 1976
f 3707 1547 1163
f 2366 4025 2709
f 2173 2871 3972
f 1895 839 3329
f 2292 714 3026
f 1347 2673 2292
f 321 1147 3337
f 321 2980 1939
f 524 642 2091
f 2952 1514 999
f 3708 765 3069
f 405 648 3708
f 3173 3916 3954
f 552 3196 1372
f 3709 3718 2760
f 215 2807 3159
f 2130 866 2941
f 280 1378 2849
f 3710 494 2861
f 521 1187 3284
f 1681 2622 559
f 3212 670 2460
f 3711 1656 3455
f 3711 646 1398
f 1418 1160 451
f 655 2574 1922
f 3712 909 1197
f 3712 1742 55
f 609 2781 1643
f 3714 2158 3934
f 3714 1466 3616
f 3352 1330 2074
f 1671 2111 746
f 2092 4120 2670
f 649 2019 2518
f 3715 2147 3269
f 3715 1553 741
f 2442 1416 3038
f 1448 2168 4072
f 1690 1293 586
f 3716 2237 1091
f 3716 1366 2959
f 3717 1524 879
f 3717 1733 3043
f 1988 1897 241
f 4040 215 1577
f 2608 2381 530
f 3719 59 1823
f 3719 2540 558
f 3720 1054 2756
f 337 2273 3720
f 1501 76 2562
f 4225 2589 2161
f 1328 3952 217
f 3721 930 1185
f 2030 2839 890
f 382 1224 1553
f 2586 1916 4122
f 1445 4 2153
f 1445 2735 2674
f 3043 207 366
f 3212 108 2104
f 3722 2535 625
f 2961 823 2401
f 2686 2224 3335
f 3724 2938 625
f 3724 2231 2886
f 3064 852 1242
f 3725 2996 1618
f 3725 1994 3376
f 3910 1918 1304
f 3007 1002 982
f 3726 1866 22
f 173 3992 1300
f 3727 103 3999
f 3727 1584 2247
f 3728 1935 1010
f 3728 1261 3528
f 3729 3439 139
f 3730 1259 1933
f 3730 2323 4000
f 1004 1981 3493
f 3731 159 3441
f 3731 1570 3496
f 3251 3732 478
f 592 1033 3732
f 2250 480 1552
f 3733 1953 3428
f 3734 400 3089
f 3734 511 4246
f 3735 1317 120
f 1415 4111 3735
f 3551 416 4057
f 3737 1266 4016
f 3737 1016 2279
f 4055 1021 2740
f 3739 2349 1022
f 3739 2196 85
f 3740 1056 1523
f 3740 1942 2325
f 3741 420 3433
f 3741 751 3182
f 1342 1617 351
f 3742 598 2762
f 3742 2438 492
f 1936 1588 3503
f 3743 1134 3516
f 714 3743 1180
f 2418 1710 696
f 400 3990 3744
f 629 2954 3525
f 461 3998 3745
f 3745 1276 3092
f 3746 423 1532
f 3746 4254 2777
f 3747 1907 1452
f 3747 1819 3557
f 3432 272 1322
f 3748 2003 2785
f 3748 2332 131
f 3749 2741 181
f 3749 1657 2372
f 3750 3085 1007
f 3751 1748 1070
f 3752 1591 2358
f 3752 2065 4137
f 2444 820 2917
f 3753 1576 3602
f 3753 1979 1010
f 1009 2016 273
f 3754 258 3339
f 2037 1342 351
f 3280 869 3419
f 3755 1281 3030
f 3755 1593 3132
f 3756 409 1583
f 3181 2868 1663
f 3757 3145 499
f 3758 1017 3498
f 3758 1974 3438
f 3094 347 3605
f 3450 2809 140
f 1845 654 2122
f 3759 245 3622
f 3760 1529 4058
f 2134 3760 362
f 309 2664 1580
f 1294 2945 3144
f 3761 1934 3744
f 3545 2009 1325
f 2558 3470 540
f 3762 923 3592
f 3762 1034 2235
f 487 1188 3763
f 3763 465 2070
f 1623 2184 4086
f 3764 2767 3537
f 3765 4246 511
f 3765 1944 3554
f 2218 1171 876
f 518 2218 3271
f 3766 1947 3449
f 1947 1923 71
f 3277 1293 1690
f 3767 1720 554
f 3767 2962 822
f 1677 232 3195
f 3768 2374 3238
f 2817 1818 3982
f 3769 1696 706
f 1113 361 3769
f 3770 231 3488
f 711 1173 355
f 3771 3289 928
f 1038 2113 2379
f 2324 3110 1989
f 3772 177 1289
f 3772 1289 1713
f 3773 3086 646
f 3774 874 3060
f 3774 3422 2950
f 576 742 1689
f 3642 2001 2468
f 3775 1973 4024
f 3775 2319 3191
f 3776 3085 2329
f 3776 1258 3473
f 3777 1984 3462
f 3778 1278 3139
f 1641 2333 2176
f 3779 3449 3318
f 3780 1580 4036
f 3780 579 2011
f 3781 2422 1046
f 3781 4162 2532
f 3782 2716 507
f 3782 2812 3559
f 1329 2730 179
f 1068 31 2939
f 3783 1951 4068
f 3783 2568 1368
f 3784 2180 2554
f 4185 429 340
f 2791 1463 2176
f 73 1766 1061
f 1693 293 3106
f 2044 807 1693
f 3785 1993 3215
f 3785 350 3501
f 146 1813 1468
f 3786 394 2334
f 3786 1331 2060
f 1011 1596 412
f 3787 2447 1774
f 3346 1789 3787
f 3442 1998 918
f 3788 667 3014
f 3788 366 207
f 3789 709 1625
f 3789 2704 865
f 3790 2535 230
f 3790 3068 716
f 1754 1031 3497
f 3791 1014 3465
f 2698 4016 3791
f 3792 3474 1280
f 1281 182 3030
f 3793 1947 2320
f 3793 242 2710
f 2962 4061 722
f 3091 3307 3794
f 3794 427 3482
f 219 3162 1409
f 1360 626 188
f 3047 4064 3796
f 3297 1030 2831
f 1030 4096 3475
f 3282 4090 2028
f 1624 1359 2097
f 3797 4192 46
f 2279 235 98
f 49 143 1380
f 2873 1135 3543
f 2873 1613 3697
f 3798 2776 3357
f 3798 193 1029
f 2166 4128 3511
f 3799 1080 510
f 3453 3232 1073
f 3093 3800 3448
f 3800 2331 3448
f 3801 3109 4020
f 3802 3029 233
f 3803 2005 2850
f 3804 2469 142
f 2740 82 3804
f 3805 3096 1590
f 3452 1498 640
f 1939 1379 2931
f 3806 2348 631
f 3806 2090 3665
f 1903 3118 4262
f 3807 3472 1972
f 3808 404 2861
f 3808 1354 2421
f 1583 2360 2211
f 3809 349 2761
f 3809 3156 3699
f 1613 1954 3652
f 3810 3337 585
f 3810 1535 2047
f 2966 727 1219
f 2380 708 3811
f 3811 3105 613
f 3812 1584 669
f 3518 3812 1290
f 3813 114 4066
f 3813 836 1305
f 3814 414 2544
f 3814 1588 414
f 3815 1757 3580
f 2724 4231 3815
f 3816 1285 4155
f 3816 685 1980
f 3817 608 3411
f 3817 766 3364
f 504 2647 4012
f 72 1073 2491
f 2920 240 3819
f 1490 2161 2523
f 3820 449 2520
f 4138 325 3130
f 2487 4089 587
f 3821 1674 623
f 899 1831 2689
f 745 4214 1106
f 3822 474 1363
f 1369 1257 3826
f 4115 609 1643
f 3823 1893 2371
f 3824 1025 2720
f 3824 1885 1272
f 172 3872 1227
f 1489 950 1240
f 3825 2511 1589
f 3826 1889 1346
f 3827 1076 2579
f 253 4013 605
f 1416 2442 3068
f 796 3220 3037
f 3626 3113 3051
f 4129 141 1738
f 1041 1537 3828
f 90 2765 3829
f 3829 1055 3143
f 421 1358 3830
f 3830 2004 591
f 3831 287 370
f 3831 798 2588
f 853 4226 3832
f 3832 1548 3356
f 1909 3338 3833
f 3833 663 1909
f 2299 64 3344
f 2669 2299 1433
f 2198 496 2492
f 848 889 1389
f 3386 2002 312
f 1656 575 3455
f 1175 788 1362
f 3834 1950 3673
f 3834 1337 238
f 1987 140 3094
f 1042 2394 1351
f 1634 3835 1075
f 2975 4268 493
f 4163 3485 3836
f 3837 1263 3323
f 4080 3283 3837
f 3838 715 2545
f 3839 3111 1264
f 3839 2703 4224
f 3700 691 2446
f 3840 2029 2480
f 3840 337 3149
f 1341 3898 2709
f 3841 2073 1036
f 3841 600 2970
f 2327 222 3652
f 57 1088 3401
f 2475 1315 3414
f 3842 1150 3235
f 3842 4205 2937
f 3316 2000 1026
f 3843 1873 3654
f 3843 1506 462
f 3844 3107 425
f 1277 3559 3844
f 3845 1365 107
f 3845 2072 3015
f 2406 1319 2277
f 3657 2955 757
f 3846 2328 3177
f 95 2832 3847
f 3847 1590 3096
f 3848 1413 3423
f 3849 2412 145
f 3714 3616 491
f 3850 3478 2834
f 3850 1602 1983
f 3851 1861 3405
f 3851 2322 3981
f 1892 2704 1302
f 453 2681 2219
f 3852 3115 816
f 816 1735 3852
f 3853 75 2567
f 3853 1425 63
f 3854 1085 2605
f 3854 3246 497
f 2713 3093 3573
f 901 801 1664
f 3144 204 2032
f 3855 3360 1105
f 3855 2232 417
f 3856 4109 2485
f 3856 574 2121
f 3202 3458 97
f 3458 2742 1597
f 3857 1268 1797
f 3858 41 2172
f 3858 1547 352
f 236 2922 1382
f 3582 2286 4115
f 3859 2419 1770
f 1948 1039 2745
f 519 1340 1917
f 3860 1822 3002
f 1787 3506 3861
f 2712 1275 3861
f 3862 578 1222
f 3863 1260 1004
f 3863 243 2705
f 1463 1991 83
f 2781 777 1643
f 3864 1827 4260
f 1524 1750 70
f 1550 3021 850
f 3983 1430 233
f 1430 2477 992
f 2182 473 1324
f 226 1136 2635
f 3866 207 1849
f 1409 3213 1741
f 546 2251 1156
f 3867 229 3707
f 3297 3514 3869
f 3869 683 2361
f 1607 1865 3870
f 884 1444 536
f 3359 3350 2114
f 1992 3260 2362
f 2743 1043 3517
f 3871 250 1235
f 3871 2092 2957
f 3872 1521 4034
f 529 1599 3929
f 3873 2274 3128
f 1081 552 1372
f 1375 1037 1683
f 2121 477 3856
f 1355 3240 477
f 2953 284 3570
f 3024 428 1392
f 3874 831 4154
f 3874 3452 640
f 1728 1033 2137
f 328 1759 2253
f 3875 228 1384
f 3875 3055 1672
f 790 2681 453
f 2738 1032 409
f 198 3655 2453
f 3876 2896 3644
f 1337 4182 1248
f 112 3460 1248
f 1860 1410 4210
f 2636 682 1046
f 2654 1225 661
f 3877 611 1106
f 3315 2437 3877
f 3878 2845 460
f 3878 2359 3375
f 3879 1604 3161
f 3880 2080 3369
f 3880 1840 550
f 1812 3067 532
f 3881 69 2904
f 4029 2083 1310
f 3882 3440 338
f 3882 2736 96
f 869 4097 3883
f 3883 458 4230
f 3884 358 2192
f 1967 1830 3305
f 1818 2817 1312
f 2572 699 1212
f 185 1084 2846
f 3885 960 2797
f 929 244 2330
f 1006 2023 2906
f 3887 2829 2545
f 1198 369 733
f 334 2449 3209
f 838 2275 1486
f 3188 3991 2778
f 3604 1919 1386
f 3888 3173 80
f 3097 3176 2315
f 3889 483 3603
f 2159 3402 1423
f 3059 119 1898
f 281 1287 1903
f 1609 4094 1118
f 2941 150 615
f 2131 1725 809
f 4111 590 3323
f 1066 638 2398
f 65 3074 3301
f 301 2746 1779
f 2018 1316 301
f 796 2378 2879
f 3098 4132 3891
f 682 3879 3161
f 4204 1614 3892
f 3893 32 2569
f 3893 1318 4130
f 3894 2846 1955
f 2674 2735 889
f 1629 666 1326
f 2665 1720 3569
f 2668 2191 1922
f 3895 2258 224
f 2972 455 3492
f 1128 1314 2865
f 1572 812 2222
f 1564 617 3641
f 3896 209 3489
f 2405 1612 3307
f 183 2052 4191
f 3897 2923 4051
f 1271 2346 3659
f 3898 401 3469
f 3898 1341 3122
f 4079 1632 270
f 3899 3484 495
f 3239 2212 1763
f 4154 3366 2644
f 3900 1184 1434
f 3900 2876 2170
f 3901 2853 123
f 3902 314 1228
f 3902 523 2997
f 1778 864 1247
f 864 4222 3406
f 4165 2544 488
f 3904 889 2735
f 723 2967 908
f 3029 2187 3905
f 3905 1057 3530
f 4142 1957 3621
f 3906 2383 181
f 3906 2580 93
f 2423 170 2254
f 2190 4134 4180
f 2612 2715 3549
f 3907 1994 3725
f 2359 2885 553
f 628 1254 1894
f 3908 1208 811
f 3908 2473 254
f 1008 2750 3909
f 678 1304 2393
f 660 1446 2599
f 3133 3049 2177
f 3911 2688 1466
f 1099 1473 391
f 3912 1631 2795
f 3912 192 2691
f 2471 2245 262
f 3398 3116 2522
f 3913 3326 331
f 3913 197 2947
f 2057 1242 852
f 3206 1675 81
f 3914 1783 641
f 3914 1417 2617
f 2790 2376 3583
f 997 1165 50
f 3169 2497 3080
f 2397 1035 3290
f 3293 1982 1351
f 2339 2792 3467
f 3915 561 4181
f 3915 1670 3633
f 2306 1395 2925
f 3916 322 1087
f 3916 3888 3546
f 2199 3082 251
f 3917 771 1230
f 3918 829 4056
f 730 1447 3298
f 1934 1568 3431
f 630 1777 147
f 809 437 3695
f 3919 2335 1997
f 3920 2707 49
f 3920 117 3464
f 2290 2614 639
f 639 2614 4027
f 285 242 3347
f 3921 1440 3676
f 3921 1112 3544
f 2287 892 2679
f 1153 328 1353
f 3922 2424 4239
f 3922 256 457
f 3923 244 3436
f 3923 2751 1027
f 3736 3924 2787
f 534 2031 877
f 3925 540 3148
f 3925 679 1510
f 277 1573 2597
f 380 1306 2970
f 3926 1610 3563
f 3926 1420 3500
f 3927 1927 3019
f 326 2875 3172
f 2080 658 3369
f 3384 268 1292
f 3928 534 2494
f 833 4148 3928
f 1704 3146 1502
f 1502 1863 1704
f 3929 461 1059
f 3929 1599 3429
f 3930 1054 3720
f 3930 3290 1035
f 3931 1270 1963
f 3931 2509 503
f 3932 2089 3579
f 1660 449 3267
f 1766 3459 1026
f 3625 1503 87
f 622 2958 1316
f 3933 1990 3019
f 3933 2439 1990
f 1508 701 3141
f 2960 1708 78
f 1220 1800 104
f 3934 2158 269
f 3934 1795 157
f 1497 1221 39
f 3936 4223 3628
f 3936 2441 4100
f 3937 738 3346
f 3937 888 3039
f 3938 4233 2150
f 3938 803 1714
f 2214 1498 1798
f 517 4046 2446
f 2552 4264 3939
f 3939 833 3928
f 3940 703 3620
f 2147 624 3269
f 3941 2900 710
f 2316 195 2733
f 878 438 740
f 3942 1129 917
f 3942 1665 2531
f 3943 307 1349
f 3943 1658 3330
f 3287 571 1070
f 666 2443 3287
f 841 2135 290
f 3944 2416 4085
f 3944 1843 2663
f 1906 2231 915
f 3945 1135 3388
f 3945 1279 3131
f 1512 726 2502
f 3946 845 2450
f 3946 2280 2252
f 3947 2375 3466
f 3947 4190 1055
f 2617 3227 757
f 1379 3210 2855
f 3948 95 2323
f 3949 2626 1230
f 3949 2825 2229
f 3950 1255 2389
f 3950 3179 345
f 3951 1464 4133
f 213 3390 1852
f 3076 858 1429
f 2401 823 450
f 2393 479 1736
f 135 1455 2189
f 2326 182 2956
f 4116 3381 475
f 1450 1995 775
f 2391 3229 3362
f 2675 948 3153
f 1235 3952 1328
f 2746 217 3952
f 3953 1493 442
f 3954 1836 4065
f 1223 1460 3654
f 3955 2498 2155
f 3956 1265 3662
f 3957 1493 1140
f 3957 3032 2929
f 659 558 2481
f 2091 2966 524
f 927 1518 1102
f 705 3184 1528
f 3165 3477 2009
f 3432 1322 4201
f 1286 2808 2215
f 3958 1667 2910
f 2910 4168 3958
f 3959 1652 3000
f 3959 2026 3253
f 1647 468 3235
f 3639 2195 471
f 1522 2553 924
f 3960 1252 871
f 3960 1655 531
f 3566 2855 3495
f 92 2340 2258
f 3961 2235 1638
f 3962 755 2086
f 3962 1140 376
f 1592 2490 4240
f 3963 1675 2749
f 2344 1007 3963
f 3203 1832 372
f 987 1120 962
f 2272 1275 3435
f 2291 2217 3418
f 3964 2409 188
f 3964 535 2278
f 3965 2480 1262
f 3965 2813 406
f 1915 14 1133
f 151 3634 2079
f 3966 541 2081
f 3525 2625 629
f 1793 1993 2774
f 3967 411 3215
f 1688 549 2362
f 2862 2424 1077
f 295 1412 1802
f 2783 2327 3157
f 1858 1343 429
f 2992 2421 1994
f 2100 4098 367
f 772 2994 1825
f 3969 729 3106
f 3969 827 2722
f 3694 1853 2420
f 144 1669 48
f 782 297 1173
f 1208 1475 467
f 777 3582 1643
f 3970 3645 1663
f 3062 3410 4022
f 1458 137 3671
f 1485 2888 100
f 3972 4025 2366
f 3111 2343 1264
f 2407 1587 2842
f 1776 3400 2264
f 3973 3520 72
f 3973 2216 508
f 1172 2515 3620
f 652 2111 1844
f 3974 3050 1857
f 1977 193 3349
f 1977 2858 418
f 3975 1112 3921
f 1756 2803 3989
f 2455 1001 1756
f 202 2039 3567
f 1307 460 2845
f 1450 775 1508
f 3244 739 2256
f 434 3226 2990
f 4241 3575 4231
f 3976 1265 2314
f 2069 2380 3304
f 926 2894 2565
f 2725 413 2628
f 220 1636 3616
f 2243 2871 1932
f 968 1124 2469
f 3979 516 2229
f 2825 2542 3979
f 3980 2651 3084
f 3980 2381 702
f 3981 159 3731
f 3981 1949 3851
f 3982 1818 2411
f 3982 2748 285
f 3983 1103 1430
f 3983 233 1867
f 3984 1391 2835
f 3984 1034 2478
f 3985 2721 2317
f 3985 3457 2279
f 3986 1319 3469
f 3986 2479 3314
f 3987 3100 2435
f 3987 506 3510
f 810 2063 2442
f 825 323 3684
f 3988 221 2632
f 3988 555 1844
f 3989 2087 3676
f 3989 2803 974
f 3990 332 3744
f 3990 400 3560
f 3991 2225 1045
f 3991 3188 225
f 1092 173 2347
f 3992 2739 393
f 2714 1082 1672
f 1348 2437 3315
f 3088 3801 2331
f 3993 879 2513
f 3993 1407 1733
f 3994 1709 334
f 3994 179 2433
f 3995 3386 312
f 3996 2324 263
f 3996 1640 107
f 3997 409 1032
f 3997 2335 598
f 461 3429 3998
f 3998 93 3745
f 3999 669 3727
f 3999 2384 1956
f 4000 165 3258
f 4000 397 3730
f 4001 1944 423
f 4001 1012 3554
f 4002 2228 1680
f 4002 762 383
f 1567 2337 239
f 4003 2670 454
f 4003 3105 708
f 4283 1158 3509
f 2829 3887 2050
f 96 3107 3512
f 3085 2270 1007
f 3746 1532 2919
f 1532 423 1824
f 535 3687 2278
f 4004 3142 2363
f 4004 2728 66
f 2400 141 1023
f 4005 3412 1624
f 4005 2773 279
f 4006 1828 2430
f 4006 2201 1250
f 3713 1176 907
f 1180 637 714
f 4007 876 2839
f 4007 604 2309
f 4008 695 2978
f 4008 783 3065
f 4009 1456 1831
f 4010 139 3397
f 4010 427 2718
f 2088 2311 875
f 1156 832 1377
f 2250 1552 3606
f 1361 471 3169
f 2315 1657 1278
f 4011 420 3741
f 4011 1594 1282
f 3779 2705 3449
f 4012 73 2811
f 4012 2647 2076
f 82 2740 2319
f 605 3601 1203
f 4013 253 2879
f 2944 1371 3598
f 1924 916 2416
f 4014 1267 3642
f 4014 2333 3318
f 4015 671 2998
f 4015 1724 3672
f 109 485 1131
f 1131 2500 109
f 4016 2698 1937
f 4016 3124 3791
f 4017 1275 2272
f 4017 138 1983
f 4018 370 893
f 4018 1242 798
f 4019 299 2667
f 4019 2036 514
f 4020 3511 2934
f 4020 1578 3801
f 1005 2708 3090
f 4021 1985 1258
f 1251 99 1687
f 4022 630 3974
f 4022 3410 2661
f 194 3611 3836
f 3836 1312 3451
f 4023 2346 3089
f 3659 2858 1977
f 4024 1973 415
f 4025 3101 496
f 336 1326 185
f 4026 1714 339
f 4026 3006 2264
f 4027 2614 3009
f 4027 1734 2483
f 250 1779 3952
f 1842 1142 3951
f 4028 1316 3548
f 4028 2746 301
f 2142 1126 3848
f 4029 232 2149
f 953 996 3688
f 3494 1977 418
f 2969 1240 1000
f 4030 1007 2344
f 4030 3430 3750
f 2469 52 142
f 52 3425 3868
f 4031 571 2443
f 4031 744 2837
f 375 1187 2596
f 4032 643 1914
f 4032 1611 3110
f 4033 3075 302
f 4033 543 707
f 2317 2061 47
f 4034 2101 544
f 4034 3072 1633
f 4035 1527 949
f 4035 1661 2984
f 361 3078 3769
f 527 2006 3374
f 3211 222 1226
f 2203 512 3547
f 4036 2664 3186
f 4036 2727 3780
f 1789 3346 738
f 2562 628 1894
f 2562 1249 1881
f 2641 2724 3580
f 2724 3197 3460
f 4037 859 1620
f 4037 429 1343
f 1074 921 2606
f 1261 2345 3797
f 3251 478 2770
f 3251 2341 3732
f 2580 2741 768
f 4038 1265 3956
f 4038 1569 2314
f 3508 2357 1290
f 2039 342 3805
f 4039 1974 3758
f 3091 200 3307
f 638 1066 3822
f 2398 1616 1066
f 1486 2592 2209
f 3118 1903 4178
f 4262 2747 1003
f 4040 3108 3718
f 4041 1515 2395
f 4041 1506 1239
f 3763 750 2068
f 4042 154 1874
f 4042 2202 1707
f 4043 1209 2285
f 4043 1758 747
f 273 2016 499
f 4143 3150 3510
f 4044 1324 3299
f 4044 216 2449
f 1333 2796 3053
f 1829 2947 1554
f 1422 2975 1085
f 4045 1170 3492
f 4045 1807 695
f 3740 3454 1942
f 4046 517 1177
f 4046 1203 431
f 766 2179 438
f 4047 1941 3448
f 4047 2934 1008
f 4048 962 2144
f 2936 3784 3282
f 4049 3504 3857
f 4049 2319 3775
f 1597 2561 3710
f 1292 268 2742
f 828 3271 2218
f 1050 2196 3166
f 4051 2923 105
f 4051 476 2236
f 4052 2640 1254
f 4052 3272 528
f 4053 1683 1037
f 1037 3365 4053
f 2733 1291 1960
f 4054 2139 256
f 4054 1765 2350
f 3424 851 1207
f 4055 1673 3738
f 4055 2740 142
f 1695 3892 1299
f 3754 2402 258
f 1943 194 3485
f 2026 556 1367
f 1621 3862 1297
f 4056 829 2084
f 4056 671 4015
f 1026 1896 3316
f 4057 2805 3130
f 416 3551 3736
f 2262 1092 1751
f 4058 1139 3760
f 4058 914 2275
f 314 129 1228
f 1838 249 3641
f 4059 177 1731
f 4059 1306 380
f 3680 1119 4060
f 4060 1694 2918
f 4061 554 1121
f 3168 1576 3753
f 3873 1359 3610
f 2844 2387 759
f 3885 66 509
f 2520 3058 3820
f 318 449 3820
f 1481 1760 44
f 751 2698 3791
f 1857 2188 308
f 4062 2616 1168
f 4062 1808 867
f 659 3719 558
f 814 1599 3189
f 3261 1373 67
f 2512 1913 3403
f 4063 2512 30
f 4064 3047 3966
f 4064 721 3796
f 4065 252 1083
f 4065 1836 3080
f 1017 1928 2064
f 1785 1441 485
f 3729 1274 3439
f 1950 3669 3729
f 4066 114 3698
f 4066 310 3289
f 4067 805 2590
f 4067 260 3002
f 3462 2222 79
f 4068 1951 1031
f 4068 2867 86
f 4069 662 3385
f 4070 260 155
f 4070 525 1545
f 2515 533 2066
f 2607 3529 1064
f 582 1080 2672
f 4071 1019 2336
f 4071 2852 1596
f 4072 2168 1700
f 4073 2628 413
f 4073 1979 3753
f 3325 3569 1782
f 2104 2604 1467
f 4074 1011 2833
f 355 1767 711
f 2765 90 3167
f 4075 1511 840
f 4075 2042 292
f 1634 686 3835
f 4076 2370 3643
f 4076 324 564
f 4077 1851 3507
f 4077 593 2486
f 1787 3861 3491
f 2832 95 3948
f 4078 3023 1397
f 1601 140 2809
f 4079 1722 3873
f 4079 3128 3899
f 1330 1104 562
f 89 3389 1408
f 2155 2891 89
f 3722 798 1868
f 2938 1544 3722
f 590 2160 4080
f 1033 592 3461
f 1018 1288 3385
f 753 2165 1551
f 4081 1873 3636
f 4081 2283 1920
f 4082 330 1885
f 4082 2720 3531
f 3865 2571 887
f 4083 1340 353
f 4083 2611 872
f 1809 2995 2300
f 3238 911 3768
f 374 2095 2418
f 4084 2499 1168
f 4085 1566 3944
f 2902 443 3542
f 4086 2377 1623
f 4086 2184 569
f 1962 272 2368
f 2769 3414 1757
f 2506 1729 908
f 1602 3850 3185
f 4087 678 2393
f 4087 2047 3149
f 749 2460 4088
f 4089 2435 1608
f 201 1974 3102
f 4090 3282 2554
f 4090 1414 2028
f 4091 397 3193
f 4091 1259 3730
f 2969 3444 101
f 4092 3468 143
f 4092 1981 1260
f 365 3410 1449
f 3852 522 3115
f 1948 3309 3859
f 347 3479 2743
f 4094 469 1118
f 4094 1362 469
f 4095 3036 1212
f 4095 3622 3356
f 4096 388 1272
f 4096 1030 3483
f 1427 2918 656
f 4097 869 3147
f 4097 1622 3883
f 1964 2757 1871
f 4098 246 1492
f 1513 2311 713
f 4099 2022 827
f 2459 91 3751
f 2081 541 667
f 4101 2033 3537
f 414 329 4101
f 4102 435 2285
f 4102 3044 1764
f 1553 2590 741
f 599 635 1395
f 4103 3106 729
f 507 1928 3438
f 4105 155 2880
f 4105 3411 690
f 3846 596 2328
f 4106 2575 1562
f 4106 324 3643
f 4107 358 1814
f 4107 1814 2239
f 4108 1364 2432
f 4108 742 576
f 1314 4273 2865
f 4273 2826 4109
f 4110 1938 2863
f 4110 752 1864
f 2992 3200 2421
f 4111 1019 3735
f 1591 3140 1969
f 4112 3132 2734
f 2669 64 2299
f 4114 523 3614
f 4115 520 1893
f 4115 3823 609
f 4116 1811 680
f 4116 3477 2163
f 4118 242 3793
f 4118 2817 3347
f 1986 2503 2251
f 4119 1142 6
f 4120 1235 2122
f 4120 2092 3871
f 3445 2078 3322
f 3803 1768 237
f 1292 3202 3803
f 981 75 3853
f 1830 1388 3305
f 3305 2976 884
f 4121 3174 2775
f 4121 3407 763
f 4122 2126 664
f 4123 1334 3846
f 4123 3087 3919
f 4124 588 1523
f 4124 271 1341
f 4125 2053 1434
f 4125 1184 2899
f 4126 1438 727
f 2905 536 1869
f 1273 2762 3761
f 4127 499 3571
f 4127 420 4011
f 4128 344 3511
f 4128 2166 1570
f 3818 2693 169
f 3695 1917 809
f 2523 519 3695
f 4129 3828 141
f 294 544 1389
f 4130 2125 672
f 4131 1783 3576
f 4131 784 1559
f 2008 399 2978
f 4132 569 3891
f 4132 3098 1336
f 2593 3618 2038
f 370 1347 893
f 2110 3330 1146
f 2847 4282 390
f 1686 653 2933
f 1623 2767 3764
f 3093 2713 3800
f 2521 2928 644
f 4133 1074 43
f 4133 16 3951
f 2455 2190 994
f 4134 2455 1756
f 4135 1253 3705
f 3594 3086 3773
f 2414 133 3770
f 278 352 1753
f 4136 516 3979
f 4136 692 463
f 4137 170 3653
f 4137 4104 3752
f 79 1060 3777
f 131 2003 3748
f 327 3104 3430
f 873 3747 1452
f 2456 1819 873
f 4138 2751 3923
f 4139 291 2552
f 4139 893 2292
f 4140 549 2840
f 4140 621 213
f 4141 1141 3387
f 160 3795 2059
f 1086 2823 3126
f 3967 3621 411
f 80 1581 2768
f 4143 3229 2896
f 4144 2043 3578
f 4144 2025 1749
f 679 1178 3012
f 3245 3578 228
f 1171 1388 693
f 518 1171 2218
f 4145 3367 318
f 4145 1914 754
f 495 1982 2397
f 4146 2045 1832
f 4146 1377 3336
f 4147 440 1332
f 2917 3327 631
f 3819 3682 2920
f 4148 833 1711
f 4148 534 3928
f 1353 2541 537
f 3272 628 855
f 4149 1697 3513
f 4149 2020 3881
f 4150 436 1484
f 4150 2572 2035
f 3198 2379 2113
f 4151 1063 2198
f 4151 403 1721
f 2457 2945 1620
f 1318 2569 15
f 2417 3293 2836
f 666 1629 779
f 303 1125 2550
f 4152 2807 1079
f 4152 3395 1335
f 1239 843 1515
f 1614 597 3631
f 1352 2154 1662
f 2215 509 3112
f 1411 515 296
f 4154 2088 3874
f 4155 3135 315
f 4155 315 2717
f 2893 132 2413
f 4156 3886 1006
f 4156 2083 3285
f 1732 2119 2568
f 3372 956 1732
f 2652 3351 608
f 4157 486 2532
f 4157 2759 1047
f 2494 3332 359
f 3273 1582 122
f 475 1955 2846
f 4158 2849 1378
f 1231 3056 3393
f 2054 3475 1272
f 4160 281 1972
f 4160 2873 3697
f 3686 2156 3721
f 2320 71 3451
f 4161 3756 1583
f 4161 2211 3531
f 3428 480 3733
f 3428 1964 3171
f 3161 1046 682
f 4162 3161 1980
f 2345 2700 1013
f 1539 3667 1217
f 4163 1567 3485
f 4163 3451 71
f 3244 572 739
f 4164 2439 1370
f 4164 665 1990
f 4165 2078 2544
f 4165 1662 2634
f 1155 122 1514
f 2671 1424 1161
f 706 3581 2671
f 4166 632 2303
f 4166 149 2466
f 4167 873 2940
f 4167 1817 1457
f 3066 812 3540
f 3066 3540 1965
f 3070 373 4078
f 3641 617 1457
f 1331 3237 94
f 1687 422 3903
f 1687 2427 1284
f 4168 910 2382
f 3909 1951 3313
f 3829 2145 2375
f 2765 392 3829
f 1478 4284 447
f 1178 3806 573
f 1839 619 2132
f 1100 2851 1839
f 698 1708 603
f 3027 1659 346
f 4169 2694 3225
f 4169 1556 1707
f 4170 1725 2131
f 4170 3723 718
f 2137 2536 3193
f 4171 1716 560
f 2752 398 3608
f 4172 585 1795
f 4172 269 1076
f 4173 1027 3273
f 4173 1269 2330
f 4174 119 2808
f 4174 983 1898
f 379 1129 3942
f 2643 732 379
f 4175 1456 2993
f 4175 1744 2689
f 3370 3105 2050
f 1094 2780 2141
f 3590 1786 2772
f 627 2943 1642
f 2602 2143 1163
f 4176 2429 1967
f 4176 702 4188
f 3825 3619 2511
f 3395 2389 1335
f 1311 2514 317
f 4177 2191 3895
f 4177 1509 633
f 161 2409 3345
f 4178 3553 286
f 4179 2799 487
f 4179 2822 2430
f 388 3824 1272
f 4180 2203 2701
f 2701 166 4180
f 4181 561 2159
f 719 543 3022
f 4182 1337 3834
f 700 3760 2134
f 771 2825 3949
f 3696 2296 771
f 1901 3380 3663
f 394 3299 2334
f 186 3543 3562
f 4183 1039 3223
f 4183 2216 2491
f 2860 1037 1375
f 3738 2860 1970
f 1233 844 2116
f 3844 3559 2703
f 2239 1814 3865
f 4184 82 3703
f 3635 1745 2226
f 3301 2884 65
f 655 396 2574
f 2876 651 3423
f 2712 95 3435
f 4185 1405 3222
f 4186 1337 1248
f 4186 419 1586
f 72 2216 3973
f 4187 626 2056
f 4187 1886 1191
f 4188 2608 801
f 4188 1220 104
f 4189 1111 1397
f 1692 61 1530
f 4190 3947 2784
f 4190 1646 3143
f 115 3517 2051
f 3409 39 1221
f 2052 183 3897
f 4191 2632 650
f 1975 1558 498
f 1826 806 1097
f 4193 3827 501
f 2387 1022 2055
f 4194 536 2524
f 4195 1798 459
f 4195 1419 725
f 4196 3465 1014
f 4196 1267 2710
f 1294 2032 3156
f 2090 1393 3665
f 4198 481 1090
f 1465 737 530
f 4199 3637 3342
f 4264 1711 833
f 4200 322 3916
f 4200 3546 582
f 4201 1067 3432
f 3270 1691 591
f 2695 3971 3270
f 4202 234 986
f 4202 2419 2835
f 4203 890 3624
f 4203 693 1216
f 3518 3214 3812
f 1695 4204 3892
f 1325 1614 4204
f 2937 2248 3047
f 1238 59 1701
f 998 3671 53
f 4206 377 4274
f 4206 731 1133
f 1295 3725 3376
f 874 1136 3378
f 4207 1512 3574
f 4207 1742 1197
f 192 2795 1051
f 154 2837 744
f 3956 2725 2628
f 2044 3178 3690
f 1693 4103 2044
f 150 2941 1477
f 1167 2895 3244
f 2546 3525 1978
f 2166 1259 3496
f 584 1285 1604
f 3311 2609 584
f 2694 724 3225
f 4208 433 1763
f 4208 369 2525
f 4209 293 3968
f 4209 4099 3523
f 4210 2124 1175
f 4211 3040 3194
f 1502 47 75
f 1096 650 3266
f 4212 738 3937
f 3446 3208 1942
f 4213 1507 3978
f 4212 3509 4213
f 4214 2729 807
f 4215 580 3558
f 4216 1522 924
f 4217 3283 999
f 4218 2372 2738
f 4218 3181 1961
f 1417 641 2498
f 3903 912 3536
f 4219 1249 699
f 4220 407 3689
f 4220 1325 2824
f 2422 3781 1713
f 220 1466 2688
f 4221 1988 3638
f 4222 448 2171
f 4223 1070 2897
f 2897 1992 4223
f 4224 201 3442
f 4224 918 3839
f 2845 1645 3521
f 4225 1490 3977
f 4225 2495 1093
f 4226 2816 3832
f 4227 2053 4125
f 2545 3236 3681
f 1802 3045 894
f 4228 1050 3377
f 4228 1481 44
f 3504 2657 4229
f 4229 2685 3504
f 2065 2788 1855
f 1554 23 1110
f 4230 3419 3883
f 4230 1159 2071
f 4231 2407 3815
f 4231 2724 3358
f 3284 1666 521
f 3075 2618 441
f 4232 826 3577
f 4232 2233 2671
f 2791 1215 1463
f 1429 528 4233
f 4233 3941 2150
f 457 556 3000
f 4234 2139 361
f 4235 668 1182
f 4235 4171 3674
f 3864 2655 385
f 2294 2655 3864
f 1864 1804 4236
f 4236 995 2539
f 4237 137 3163
f 4238 584 3879
f 3879 2753 4238
f 636 2424 2862
f 2510 2000 3833
f 4240 3190 1592
f 4240 2920 3682
f 1769 2390 922
f 2189 755 1769
f 4241 4231 3358
f 4241 1265 3976
f 4242 754 2436
f 4243 891 125
f 4243 864 3406
f 2623 3344 167
f 2607 2779 769
f 4244 3263 2481
f 4244 782 2112
f 1959 1532 3071
f 4245 1901 574
f 4021 3560 2708
f 4246 2708 3734
f 4246 3765 3090
f 4247 920 3088
f 4248 677 2782
f 4248 158 1902
f 3160 3863 2705
f 1373 1012 3464
f 1012 2313 3554
f 3313 3783 102
f 2010 2841 3243
f 1764 2627 3035
f 4249 2576 38
f 4250 1267 4196
f 4250 1014 3593
f 937 4278 2408
f 3024 4271 1677
f 4251 2015 761
f 4251 1317 2484
f 1180 257 1761
f 4252 2118 785
f 4252 2697 1233
f 4253 800 2466
f 4253 2519 1626
f 2102 1464 767
f 3308 898 1749
f 1749 410 3308
f 1760 1481 1132
f 4254 3746 3300
f 4254 3493 1619
f 386 2034 3521
f 2034 1154 156
f 3230 812 3066
f 945 4270 1504
f 4256 3985 1016
f 4256 3571 2016
f 3649 4289 2613
f 4257 193 3798
f 1601 2809 4257
f 3537 3778 3764
f 86 984 3372
f 3429 461 3929
f 216 4044 2792
f 4258 3705 1253
f 1886 4276 4259
f 2623 1462 2127
f 1165 3618 3348
f 66 2099 3596
f 4260 675 3864
f 4260 1137 2332
f 4261 955 1107
f 4261 984 4069
f 4262 3118 2747
f 4262 3472 3807
f 4263 1526 991
f 1483 566 2338
f 4264 291 4199
f 4264 833 3939
f 4265 1032 2738
f 4265 3176 1997
f 2471 2068 674
f 4266 981 3853
f 4266 1649 941
f 2732 3301 428
f 1543 2637 1116
f 2380 2957 708
f 2196 1050 44
f 2354 3652 222
f 1888 5 42
f 4267 4263 1406
f 4268 3835 493
f 4268 1422 2242
f 4269 2819 1946
f 2827 568 3599
f 690 2207 787
f 1806 606 171
f 1582 3273 1027
f 1775 1160 1418
f 3556 3194 2958
f 1297 3971 2695
f 2460 749 1431
f 4270 4255 2468
f 4270 1669 1504
f 4271 4278 1677
f 4271 3024 1392
f 1769 135 2189
f 4272 2655 2048
f 4272 1211 1533
f 940 2464 2594
f 1068 1848 2227
f 1777 2661 1371
f 1186 603 886
f 2283 2162 1920
f 4273 1965 2865
f 4273 4109 218
f 1102 4126 2966
f 1133 1848 4206
f 1068 2939 2530
f 4274 2548 4206
f 4274 2136 1716
f 4275 4271 936
f 4276 1886 815
f 4276 4216 4259
f 996 1702 4277
f 4278 4271 4275
f 4278 2149 1677
f 4279 1953 276
f 4279 3971 1222
f 4280 381 2779
f 4280 3649 2269
f 4281 3097 1936
f 4281 162 2328
f 2625 2546 797
f 613 3370 3039
f 4282 1686 2012
f 4282 2847 2382
f 1702 1101 954
f 4283 4212 3039
f 4283 3887 1158
f 4284 2798 447
f 4284 1478 629
f 4285 1102 2
f 954 4287 1702
f 4286 1479 955
f 2098 4287 4286
f 4287 954 1479
f 2067 4289 4288
f 4289 2067 2613
f 4289 3649 4288
