-0.051328651 0.879051982 0.473954620
-0.037947107 0.877644022 0.477808527
-0.015738183 0.885190433 0.464962586
-0.039631805 0.897471531 0.439288255
-0.079853539 0.913363615 0.399237173
-0.109706020 0.916283914 0.385212122
-0.122638836 0.908723121 0.398976196
-0.111732051 0.902967659 0.414928134
-0.075080143 0.909754169 0.408301756
-0.030692852 0.905798032 0.422596586
0.029935921 0.887843250 0.459171215
0.097265065 0.876906333 0.470717314
0.164532404 0.875727901 0.453904980
0.235976869 0.873381326 0.426051613
0.296502194 0.862792347 0.409482374
0.352735213 0.849620626 0.392074817
0.416714596 0.850451489 0.321062628
0.511345810 0.815387314 0.271420321
0.578265368 0.783198113 0.228494813
0.600218449 0.787587408 0.139441342
0.602745717 0.797546656 0.024838135
0.629820450 0.775676069 -0.040655096
0.642306263 0.759370023 -0.103922239
0.638955274 0.750446801 -0.169014073
0.636070014 0.741709595 -0.212795238
0.549741755 0.758326314 -0.350321573
0.464838819 0.761339079 -0.451981945
0.417414739 0.759177164 -0.499414627
0.376719344 0.752399084 -0.540350030
0.364421609 0.749349935 -0.552875724
0.342657834 0.742906445 -0.575044018
0.269469846 0.717452866 -0.642376360
0.190263075 0.687703755 -0.700616520
0.134839171 0.653299340 -0.744995551
0.115024344 0.628715532 -0.769081388
0.117866636 0.598545648 -0.792370218
0.133326763 0.572533932 -0.808967781
0.163983379 0.561046361 -0.811379339
0.227123179 0.556032989 -0.799526345
0.294946748 0.560051041 -0.774176496
0.340417289 0.567456587 -0.749739349
0.383391066 0.577081891 -0.721101783
0.418676591 0.588070035 -0.692014123
0.456237764 0.603791172 -0.653669124
0.513925119 0.624813657 -0.587783009
0.560408852 0.644743180 -0.519853971
0.591548775 0.678881573 -0.434959605
0.632988404 0.713200438 -0.301115950
0.653088607 0.719858040 -0.235116300
0.645693283 0.727134351 -0.233143346
0.630142063 0.720876570 -0.288544538
0.642896884 0.696421574 -0.318873936
0.643947907 0.676908977 -0.356546393
0.632272852 0.675618013 -0.379171915
0.611340860 0.687562308 -0.391816827
0.585357401 0.698618110 -0.411447991
0.557427667 0.714391492 -0.422988406
0.531054920 0.729729867 -0.430668078
0.497175575 0.753453895 -0.430260010
0.458066423 0.778998918 -0.428177344
0.411204149 0.813461544 -0.411328900
0.320159471 0.864389950 -0.387721456
0.200927770 0.909361933 -0.364264886
0.080803835 0.936600468 -0.340954988
-0.080029191 0.945248492 -0.316386814
-0.229535613 0.928174769 -0.292924904
-0.169516661 0.945127264 -0.279282216
-0.114538932 0.955683068 -0.271202335
-0.092610042 0.955916182 -0.278653250
-0.093580520 0.952873070 -0.288575116
-0.122195209 0.946872186 -0.297491841
-0.153779736 0.941460719 -0.300005847
-0.082481892 0.947889541 -0.307737154
-0.052720031 0.945290920 -0.321940484
-0.038469627 0.938870698 -0.342113870
-0.031417064 0.935175983 -0.352787258
-0.026272992 0.935652213 -0.351944123
-0.023218257 0.935260241 -0.353198520
-0.023595808 0.943335434 -0.331000751
-0.028509723 0.958720531 -0.282917195
-0.035946439 0.971643468 -0.233702426
-0.038469385 0.976677133 -0.211238927
-0.032022752 0.962314390 -0.270047326
-0.029788185 0.951799955 -0.305269569
-0.029780368 0.951777903 -0.305339080
-0.029780349 0.951777850 -0.305339246
-0.029721833 0.951608688 -0.305871733
-0.031377686 0.952099784 -0.304173375
-0.030257203 0.940453862 -0.338572054
-0.028329673 0.946476423 -0.321527310
-0.026944008 0.945845029 -0.323498378
-0.025712248 0.950269976 -0.310364065
-0.028304331 0.964691762 -0.261856199
-0.031845374 0.976726279 -0.212112349
-0.034780460 0.980921493 -0.191267728
-0.037813767 0.985572884 -0.164973358
-0.036471550 0.989535890 -0.139601388
-0.055303304 0.996920740 -0.055593015
-0.041491366 0.997795940 -0.051785411
-0.030892631 0.998624245 -0.042370539
-0.028681543 0.999439935 -0.017239048
-0.036265315 0.998998454 0.026209076
-0.022100018 0.999533827 0.021064619
-0.010896589 0.999709000 0.021521598
-0.014390226 0.998754364 0.047777005
-0.014286853 0.997559523 0.068343861
-0.025448983 0.994210004 0.104397402
-0.021017265 0.994540884 0.102209121
-0.022204151 0.993902680 0.108002030
-0.023661771 0.993154152 0.114389474
-0.030293539 0.990675880 0.132829220
-0.044546493 0.984383700 0.170306607
-0.051508249 0.980723289 0.188490664
-0.052281670 0.980256700 0.190691977
-0.053166088 0.979758258 0.192995135
-0.053212687 0.979733661 0.193107129
-0.053212504 0.979733766 0.193106647
-0.053212458 0.979733792 0.193106526
-0.053212416 0.979733817 0.193106414
-0.053212605 0.979733708 0.193106912
-0.053645182 0.979486055 0.194240219
-0.055519654 0.978384790 0.199200327
-0.057038666 0.977341639 0.203837954
-0.063658455 0.971407679 0.228724119
-0.069112196 0.965162732 0.252357691
-0.063986712 0.968873788 0.239142809
-0.061028645 0.968961841 0.239558875
-0.064025986 0.960609013 0.270427436
-0.066956533 0.955969965 0.285724079
-0.091798552 0.943468541 0.318496684
-0.192506622 0.922829883 0.333655822
-0.260730604 0.902529741 0.342723824
-0.190879780 0.914462884 0.356822845
-0.166675042 0.911988830 0.374827700
-0.165164681 0.918275074 0.359849298
-0.169245305 0.918987957 0.356113974
-0.167051220 0.914537930 0.368394171
-0.153202460 0.916255840 0.370140842
-0.122113085 0.922760205 0.365516071
-0.080118722 0.919753043 0.384233432
-0.042107804 0.914677548 0.401984971
-0.034662257 0.898199819 0.438218682
0.010650064 0.957521405 0.288165464
-0.113032351 0.949164553 -0.293786214
-0.028618992 0.959254272 -0.281091081
-0.005365363 0.963426480 -0.267919076
-0.001504962 0.966447741 -0.256858908
-0.001005421 0.976877051 -0.213799477
-0.000068637 0.983957983 -0.178400344
-0.000503564 0.986035482 -0.166534605
-0.000673512 0.994987616 -0.099995957
-0.000259747 0.997883749 -0.065022733
-0.000346408 0.998674402 -0.051471536
-0.000414084 0.999999702 -0.000651469
-0.000736484 0.999448904 0.033186527
-0.001108961 0.998633464 0.052249166
-0.001139174 0.993005880 0.118059414
-0.002553109 0.982351639 0.187026039
-0.005327528 0.976029732 0.217572009
-0.042262749 0.960662792 0.274482897
-0.178233167 0.928201846 0.326610276
-0.154594691 0.942464609 -0.296413465
-0.046720160 0.955581465 -0.291000498
-0.062569244 0.974909919 -0.213625233
-0.084463340 0.985668169 -0.146028095
-0.076146008 0.988511633 -0.130562384
-0.044926987 0.990750011 -0.128046792
-0.001172823 0.998268893 -0.058803420
0.035932809 0.999228420 0.015855560
0.075922246 0.995641972 0.054156039
0.111139368 0.992127066 0.057722838
0.096290282 0.993025942 0.068026912
0.045985694 0.991684516 0.120196241
0.004386485 0.986083817 0.166191048
-0.042690493 0.986673139 0.157014773
-0.070744473 0.981359675 0.178685223
0.083606003 0.960444103 0.265625979
-0.218576541 0.932883982 0.286272198
-0.206377278 0.941118939 0.267775209
-0.223718827 0.939125160 0.260756245
-0.227186234 0.912681027 0.339705400
-0.181699275 0.907023766 0.379859529
-0.079756812 0.916013666 0.393138417
-0.014900917 0.909088240 0.416337044
-0.024331059 0.888591692 0.458053276
0.632020366 0.724677149 -0.274578379
0.617354417 0.706821619 -0.345364623
0.633582168 0.668761590 -0.389013589
0.643678511 0.636361453 -0.425114192
0.633611609 0.633928348 -0.443476244
0.606188478 0.654997376 -0.451125222
0.570509719 0.675632176 -0.466947346
0.541898142 0.703010840 -0.460567217
0.517660123 0.731797840 -0.443283114
0.510655724 0.749911575 -0.420551258
0.531017576 0.761246885 -0.372187471
0.547517103 0.771705577 -0.323566877
0.542462758 0.791439464 -0.281705041
0.539987304 0.812610456 -0.219266865
0.573024295 0.808029572 -0.136862590
0.604394828 0.795956802 -0.034053792
0.613631229 0.788003388 0.050073691
0.597259815 0.796714790 0.092337731
0.543648695 0.825674871 0.150688765
0.502642130 0.841445676 0.198292873
0.471015236 0.851541873 0.230263080
0.445586531 0.854296948 0.267636634
0.373524752 0.882527647 0.285699515
0.286304218 0.912038142 0.293626161
0.211594049 0.935087233 0.284323452
0.151723244 0.952662797 0.263464707
0.306611688 0.902121674 0.303588139
-0.085762068 0.949945561 0.300413547
0.391580642 0.752133028 -0.530057081
0.609273508 0.706740567 -0.359588048
0.374097413 0.751798299 -0.543001329
-0.053934313 0.979316185 0.195015125
-0.054312683 0.979088976 0.196048232
-0.049238099 0.982038065 0.182145129
-0.034005294 0.962288958 -0.269895537
-0.033224239 0.965142080 -0.259609158
-0.063045179 0.911740922 0.405898752
-0.141816223 0.913345430 0.381691346
0.657535375 0.744743969 -0.114033558
0.493036313 0.759515811 -0.424324083
0.603323635 0.677192881 -0.421201132
0.317575267 0.735760609 -0.598165759
0.277856267 0.722271726 -0.633339916
-0.055467079 0.978444252 0.198922720
-0.031214674 0.956688785 -0.289434299
-0.029223890 0.957425747 -0.287196629
-0.130758147 0.914035966 0.383979896
-0.124529295 0.911453640 0.392102943
-0.130299109 0.905715059 0.403363823
0.643138947 0.752626306 -0.141159266
0.245198752 0.710070312 -0.660058880
-0.032724425 0.965896729 -0.256851360
-0.027829686 0.954694447 -0.296283684
-0.108145366 0.914971099 0.388757595
0.669615189 0.719575033 -0.183921913
0.665309520 0.746434928 -0.014076259
-0.023545254 0.941337977 -0.336642889
0.655358667 0.737004276 -0.165317011
0.664668766 0.721790671 -0.192960252
0.646885310 0.759651657 -0.066848752
-0.041460145 0.987085181 0.154738171
-0.041209857 0.990251419 0.133055913
-0.148331332 0.943545193 0.296176104
-0.183990392 0.907621628 0.377320178
-0.142480153 0.931732061 0.334028100
-0.027192826 0.990191505 0.137045003
-0.006577948 0.999977452 -0.001351080
-0.031680165 0.976805266 0.211773087
0.296179458 0.941023352 0.163562772
0.116445722 0.965253191 0.233937321
0.184299734 0.956621787 0.225628822
0.046325120 0.980891001 0.188962504
-0.117959590 0.925088402 0.360966736
-0.015584447 0.996998220 -0.075839790
-0.019001323 0.990720792 -0.134578091
0.115410677 0.966228386 -0.230397659
-0.045778249 0.968050861 -0.246539819
-0.019395984 0.961699638 -0.273418364
0.046433734 0.947941852 -0.315039924
-0.094786004 0.950460979 -0.296039763
-0.078551553 0.954969488 -0.286116987
-0.152003235 0.941758498 -0.299976580
-0.101637513 0.949820833 -0.295821230
-0.031382424 0.949556951 -0.312020416
-0.092714392 0.961575092 -0.258413205
-0.176525720 0.942447669 -0.283956092
-0.128779334 0.954195438 -0.270049902
-0.174297453 0.936648409 -0.303825865
-0.051457136 0.949326480 -0.310050638
0.000138674 0.954282424 -0.298906401
0.037766554 0.944018025 -0.327724969
0.067095178 0.957738384 -0.279705961
-0.023647697 0.904128672 0.426605357
-0.057030833 0.925809104 0.373664269
-0.016412113 0.925546640 0.378277754
0.323479444 0.895762044 0.304912133
0.283152393 0.958122429 0.042733274
0.563209738 0.731874465 0.383607298
0.375070959 0.925252477 -0.056829821
0.530261185 0.697072063 -0.482611245
0.470971696 0.806482277 -0.357452093
0.505792895 0.757160038 -0.413379033
0.552553774 0.712693313 -0.432148780
0.598841293 0.676989710 -0.427871521
0.529766058 0.638405979 -0.558377766
0.641067918 0.654713234 -0.400477848
0.621584246 0.664772316 -0.414380010
0.645309441 0.669626993 -0.367662094
0.634498548 0.695435028 -0.337315452
0.570614239 0.635721667 -0.519862820
-0.045555093 0.967374693 0.249220658
-0.033959196 0.989650363 0.139423573
-0.028019961 0.952213829 -0.304144218
-0.155421240 0.918206361 0.364336818
-0.186385601 0.915105297 0.357550980
-0.162104455 0.910256711 0.380991949
-0.198133115 0.923975968 0.327126396
-0.132679806 0.902438801 0.409878372
-0.101530768 0.902268589 0.419049993
-0.083519313 0.904583485 0.418034977
-0.054411886 0.898739076 0.435094725
-0.118906572 0.910032216 0.397117857
-0.092840479 0.899344577 0.427270379
-0.114351511 0.925847074 0.360181798
-0.059704665 0.975501123 0.211737838
-0.063108037 0.971838657 0.227039645
-0.053203351 0.979171248 0.195941497
0.151407241 0.658113301 -0.737538291
0.421251747 0.756687922 -0.499970354
-0.030757237 0.956663582 -0.289566542
-0.027807330 0.963127759 -0.267603571
0.641841484 0.742082111 -0.193270923
0.613864644 0.741347651 -0.271245017
0.636103407 0.755873821 0.155007171
0.631148487 0.775646003 0.004986507
0.644099781 0.762757850 0.057757538
0.612837130 0.783334981 0.104004611
0.656122270 0.751797381 -0.065606903
0.619917850 0.749481426 0.232334782
0.667792583 0.744181240 0.015727321
0.670126128 0.739965638 -0.058153478
0.642444033 0.765907045 0.025535542
0.651356587 0.742772891 -0.154993639
0.645667924 0.759125205 0.082715501
0.654828264 0.726409913 0.208635049
0.581122697 0.725904495 -0.367911776
0.630099007 0.727653692 -0.271100251
0.531697943 0.747095015 -0.398931492
0.589989249 0.760859837 -0.270194363
0.630362116 0.743893468 -0.221959707
0.640770739 0.752515275 -0.152097409
0.565290963 0.795407415 -0.218570746
0.637204473 0.766086257 -0.084156443
-0.032283858 0.990723601 0.132001891
-0.057369507 0.975113865 0.214153427
-0.045897882 0.985614993 0.162654447
-0.011579644 0.998284955 0.057385197
-0.026921432 0.995762993 0.087927805
-0.107627404 0.951287549 0.288908879
-0.208279375 0.924036109 0.320588477
-0.191801685 0.924435419 0.329592580
-0.169367919 0.924089416 0.342597810
-0.158723808 0.924525374 0.346496154
-0.161698784 0.921437961 0.353278342
-0.149335335 0.936057742 0.318582582
-0.166731682 0.913232561 0.371761800
-0.159836506 0.910369701 0.381679576
-0.171413927 0.920635945 0.350780162
-0.175320327 0.907202713 0.382421261
-0.197682340 0.902568785 0.382480431
-0.172498931 0.915071092 0.364539457
-0.188320110 0.906408591 0.378099197
-0.158538684 0.941365960 0.297818091
-0.076460580 0.976189143 0.202998858
-0.013087277 0.995726366 0.091420605
-0.013292918 0.990459142 0.137164088
0.014772824 0.999574953 0.025133204
-0.002878029 0.999427804 -0.033701349
-0.003302203 0.999532052 -0.030410088
-0.002957795 0.999914343 0.012749797
-0.014725317 0.982607100 0.185112000
0.176215873 0.980373508 0.088406734
0.218900196 0.964342497 0.148748958
0.232025855 0.965577709 0.117574191
0.365848514 0.904474109 0.219274830
0.373588716 0.910505751 0.177230780
-0.104923853 0.926546342 0.361251797
-0.126493341 0.908542103 0.398184232
-0.005742866 0.997473280 -0.070810130
-0.006321222 0.983043533 -0.183263345
-0.022329381 0.998242662 -0.054890678
-0.008789205 0.991164979 -0.132343244
-0.007992776 0.999070291 -0.042363530
-0.051545840 0.982886601 -0.176852921
-0.015812884 0.982147349 -0.187447425
-0.009820977 0.988605861 -0.150206522
-0.000379056 0.981879890 -0.189503927
0.433136884 0.872106468 -0.227646104
-0.031616967 0.965961996 -0.256744600
-0.008717496 0.971723872 -0.235959153
-0.012765354 0.963190292 -0.268517236
-0.129198882 0.946712130 -0.295031849
-0.064123406 0.955081796 -0.289321538
-0.033751625 0.940845429 -0.337150865
-0.086798642 0.961313802 -0.261422589
-0.073475005 0.964400993 -0.254031787
0.196805746 0.918828717 -0.342083742
-0.058062245 0.926655158 0.371401392
-0.101360000 0.956105195 0.274934549
0.090945194 0.877895952 0.470135798
0.154230010 0.922621596 0.353528634
0.334955252 0.893993797 0.297624042
0.298894369 0.840945583 0.451079463
0.469213450 0.859907528 0.200991992
0.130857361 0.991056185 0.026153205
0.179925481 0.981705333 0.062301360
0.155054823 0.987767073 -0.016559344
0.079193503 0.996858492 0.001239453
0.445419373 0.887282294 0.119715132
0.573311356 0.818381595 -0.039568331
0.476206893 0.815184506 0.329698676
0.489203194 0.872165158 -0.002858887
0.127523301 0.980058284 -0.152392806
0.525305353 0.701149813 -0.482123663
0.532478546 0.730916311 -0.426881651
0.548094654 0.757275422 -0.355142487
0.499885177 0.787964802 -0.359480572
0.507130732 0.754831497 -0.415990182
0.513341665 0.745857078 -0.424473266
0.539982444 0.724789828 -0.427900298
0.555514914 0.701360662 -0.446650200
0.579500940 0.687429603 -0.437743305
0.535465844 0.722323729 -0.437635420
0.598915671 0.684545555 -0.415568770
0.444723616 0.596049066 -0.668540512
0.579833798 0.638279636 -0.506351531
0.542309601 0.656893777 -0.523823312
0.537124453 0.631946377 -0.558695891
0.579327821 0.651758251 -0.489479784
0.512315960 0.618759120 -0.595541357
0.613500086 0.644514968 -0.456309216
0.594666385 0.639314778 -0.487492056
-0.028381702 0.970001926 0.241434756
-0.017124063 0.977789430 0.208888960
-0.034324205 0.975056952 0.219284721
-0.017395080 0.980830944 0.194082641
-0.054847213 0.967281781 0.247704944
-0.052146583 0.967184973 0.248664354
-0.066403582 0.955261196 0.288212789
-0.028224451 0.960199086 -0.277886840
-0.034111577 0.966636570 -0.253870323
-0.070142049 0.916021063 0.394950004
-0.014771896 0.899053167 0.437590213
-0.161962950 0.948775833 0.271279231
-0.064264228 0.969210817 0.237698339
-0.046593928 0.983774124 0.173255530
0.155146509 0.670679193 -0.725340596
0.438689099 0.757618519 -0.483286719
0.527792492 0.753655507 -0.391712219
-0.027730000 0.965116880 -0.260346799
0.597454973 0.777626869 0.195816263
0.577639614 0.768602511 0.274923001
0.639959539 0.720186561 0.267923693
0.619961608 0.710347383 0.333247955
0.596160017 0.734376289 0.324476040
0.649517167 0.720313841 -0.243465439
0.352623056 0.735375286 -0.578688318
0.189573432 0.577689573 -0.793937448
0.614955877 0.778492289 0.125614586
0.599441725 0.770891637 -0.215396614
0.424263958 0.740071236 -0.521818608
0.487827593 0.781342169 -0.389266817
0.486345792 0.744382126 -0.457562041
0.460082690 0.762400204 -0.455049280
0.541019237 0.804873648 -0.243878238
-0.040151314 0.987384830 0.153163536
-0.061740559 0.970523179 0.232965368
-0.032426232 0.991549776 0.125608840
-0.005853742 0.999321393 0.036366029
-0.047254133 0.986462301 0.157032403
-0.010564122 0.999701882 0.022012435
-0.069047532 0.966753404 0.246211890
-0.144163337 0.918138000 0.369106414
-0.166473347 0.921271913 0.351489243
-0.209768405 0.928395712 0.306722381
-0.192109555 0.919031842 0.344201093
-0.211362740 0.918816227 0.333320467
-0.172072881 0.912685512 0.370669772
-0.190202985 0.939961842 0.283362946
-0.092388036 0.967556444 0.235157347
-0.056187652 0.983508403 0.171913262
-0.005728620 0.996350716 0.085161222
-0.006246140 0.997381916 0.072043733
-0.004541979 0.988176845 0.153251081
-0.013466106 0.978759595 0.204568615
-0.018289610 0.996646038 0.079763181
0.024306529 0.996342558 0.081918864
0.043100179 0.998660384 0.028632375
-0.002454224 0.999168110 -0.040707061
-0.001548592 0.999485973 -0.032021727
-0.001083248 0.999704695 0.024276530
-0.006764031 0.983441192 0.181101272
-0.007935023 0.991315888 0.131262505
0.142688880 0.979227506 0.144060319
0.412187532 0.883210663 0.223697037
0.450640738 0.875979161 0.171998354
0.336967131 0.935405994 0.107092384
-0.164574526 0.907553180 0.386344990
-0.003450581 0.997084917 -0.076221789
-0.003277387 0.992597700 -0.121404553
-0.002651356 0.982861380 -0.184327094
-0.027969000 0.998911557 -0.037328748
-0.003855746 0.989242783 -0.146232176
-0.004300699 0.995054354 -0.099238783
0.002157135 0.999597244 -0.028296584
-0.048382253 0.989499227 -0.136199989
-0.005893228 0.983955883 -0.178314585
-0.013038928 0.972375269 -0.233058626
-0.003321612 0.986030897 -0.166529388
-0.050544835 0.982384935 -0.179902918
-0.023418397 0.988083334 -0.152127921
0.044246251 0.972956921 -0.226709282
-0.010619732 0.967202444 -0.253784660
0.504857439 0.854613235 -0.121470924
0.487090566 0.830893693 -0.268995264
-0.015889077 0.964870682 -0.262244360
-0.039508117 0.962157606 -0.269614262
-0.003837271 0.969891267 -0.243508123
-0.004063196 0.977748827 -0.209739653
-0.005679095 0.963659632 -0.267072764
-0.041994795 0.952439400 -0.301820520
-0.019704780 0.960060372 -0.279098199
-0.026850229 0.943503956 -0.330271630
-0.100766020 0.959886010 -0.261658281
-0.078452358 0.965987871 -0.246399394
-0.095793682 0.957594135 -0.271729726
-0.082246217 0.958598358 -0.272625657
-0.060016425 0.963098065 -0.262374058
-0.078860839 0.955873181 -0.282997227
-0.069607661 0.975717937 -0.207675906
-0.064413566 0.976392550 -0.206175852
-0.102801397 0.952062795 -0.288111624
0.143360970 0.926352131 -0.348309289
0.246475428 0.898007400 -0.364462033
0.321779313 0.887335004 -0.330294815
0.272978947 0.894218765 -0.354760898
0.213938694 0.931280337 -0.294868055
0.375914221 0.845524267 -0.379179658
0.262010640 0.907969839 -0.327018648
0.315076045 0.914072217 -0.255341082
0.316817628 0.902270018 -0.292464366
0.327962320 0.868981837 -0.370555371
0.404444441 0.864419528 -0.298669672
0.107061411 0.937251831 -0.331808467
0.130699718 0.940956653 -0.312278978
-0.165216327 0.953030594 0.253842968
0.061394046 0.933054249 0.354458093
0.074937776 0.876225873 0.476038391
0.202324414 0.916208221 0.345871837
0.340772392 0.890389693 0.301795248
0.271572157 0.913526205 0.302850517
0.395292531 0.871429079 0.290439624
0.213672246 0.857894679 0.467291014
0.271956767 0.858287988 0.435179558
0.481148639 0.851376802 0.208934266
0.527570026 0.840697815 0.122053477
0.065780931 0.991926209 -0.108421702
0.326160356 0.944657548 0.035235472
0.578876900 0.815228506 -0.017436134
0.465051051 0.835307212 0.293239460
0.428814341 0.836648657 0.340789209
0.451199586 0.825722156 0.338528957
0.452467812 0.819724150 0.351176874
0.518406846 0.768267102 0.375526300
0.371432737 0.850681859 0.371992067
0.524953188 0.754332475 0.394216522
0.414190603 0.836452656 0.358877554
0.393133643 0.853268472 0.342605973
0.578012581 0.814798320 0.044778950
0.552151074 0.833017548 -0.034798777
0.017771950 0.988458354 -0.150446799
0.519383214 0.725890771 -0.450914254
0.529193566 0.687336432 -0.497516631
0.525424675 0.748995616 -0.403651431
0.542466718 0.752746090 -0.372965393
0.553193729 0.789679411 -0.265298183
0.526075412 0.776776718 -0.346211772
0.509192405 0.767504221 -0.389435957
0.503762946 0.804877610 -0.313679659
0.517433721 0.740283550 -0.429234912
0.498371459 0.755590912 -0.425097945
0.573659903 0.702227890 -0.421651878
0.527836098 0.733029652 -0.429018163
0.518279004 0.742529614 -0.424307255
0.401313576 0.580723641 -0.708313113
0.607758695 0.638598751 -0.472039199
0.574392661 0.651116021 -0.496105834
0.554003227 0.640764778 -0.531508159
0.531571935 0.628857114 -0.567424011
0.550622734 0.672668369 -0.494299374
0.484174153 0.614690374 -0.622680604
0.472610015 0.606828068 -0.639061397
0.497318045 0.612366587 -0.614558317
0.550676509 0.630285951 -0.547261365
0.467022445 0.604392437 -0.645445441
0.501931456 0.621661504 -0.601333342
0.489384349 0.628835772 -0.604209013
0.508101443 0.634312498 -0.582649618
0.522021085 0.641737704 -0.561842243
0.460253236 0.610148416 -0.644892138
0.519549515 0.649725567 -0.554909892
0.483274582 0.617326986 -0.620768129
0.624108580 0.631555565 -0.460028312
-0.070314980 0.954213609 0.290744203
-0.029177215 0.958433797 -0.283819214
-0.029456603 0.961141155 -0.274481310
-0.026006827 0.953033575 -0.301746002
-0.028516128 0.972186853 -0.232464089
-0.028141328 0.961667059 -0.272771945
0.242388915 0.704171106 -0.667375957
0.224106445 0.687610498 -0.690628774
0.363569566 0.742425139 -0.562691819
0.124936278 0.616333810 -0.777511132
0.354322226 0.717978173 -0.599135296
0.150057992 0.564645767 -0.811577327
0.644497662 0.712180564 0.278247387
0.623696181 0.781549660 -0.013535233
0.548911731 0.822989828 -0.146231511
-0.030955448 0.991536125 0.126086766
-0.002144984 0.999461845 0.032732543
-0.002827775 0.999738496 0.022692352
-0.047118064 0.987609576 0.149690392
-0.035680424 0.991951001 0.121491229
-0.047732782 0.985245642 0.164355120
-0.042180936 0.988864744 0.142714002
-0.047216226 0.984735080 0.167533432
-0.041228437 0.983115918 0.178278735
-0.050021616 0.979535163 0.194958208
-0.045688415 0.984478438 0.169454341
-0.047947883 0.982727638 0.178738329
-0.046744024 0.980298082 0.191913177
-0.019879316 0.997899353 0.061657872
-0.049245984 0.982512300 0.179567294
-0.044185637 0.981708032 0.185194408
-0.034952161 0.981738745 0.186995676
-0.047125850 0.982854793 0.178257145
-0.048537388 0.980474085 0.190564137
-0.048079972 0.975382022 0.215216699
-0.036395483 0.991516715 0.124779699
-0.020071231 0.998079201 0.058609339
-0.010845553 0.999876391 0.011383140
-0.020863577 0.997797804 0.062962322
-0.049795280 0.981215259 0.186378770
-0.055242398 0.976227821 0.209588928
-0.010113966 0.999517743 0.029359657
-0.009006419 0.999902045 0.010713801
-0.092993253 0.958734794 0.268663077
-0.163195342 0.918134884 0.361103330
-0.205116994 0.908597782 0.363836623
-0.166645205 0.916515975 0.363631466
-0.057950739 0.967978277 0.244253489
-0.063776651 0.967202980 0.245867717
-0.078153939 0.968747893 0.235413429
-0.067896277 0.978218886 0.196157860
-0.097845883 0.964045833 0.247066419
-0.066780667 0.985234937 0.157646638
-0.048889279 0.989026910 0.139411659
-0.042058596 0.990174655 0.133361268
-0.048335758 0.988728402 0.141703219
-0.027753862 0.993584112 0.109637292
-0.058399351 0.983306617 0.172329951
-0.012038017 0.995959273 0.088995577
-0.041489470 0.968865246 0.244087605
-0.025024053 0.984179164 0.175400027
-0.042037226 0.976427702 0.211711631
0.047113873 0.996431780 0.070028495
0.007684771 0.992473400 0.122219041
0.073034071 0.996932224 0.028145426
0.058279672 0.998017989 0.023739698
-0.001009177 0.998484620 -0.055022228
-0.019157637 0.990048606 0.139415717
0.285897526 0.935663983 0.206870768
-0.001269114 0.997579994 -0.069516512
-0.002079113 0.996697924 -0.081172191
-0.002138660 0.999724003 -0.023395378
-0.001232642 0.989981763 -0.141189903
-0.000840279 0.982846836 -0.184421774
-0.009167224 0.994806461 -0.101370934
0.006452472 0.999599924 -0.027538299
-0.027648072 0.994010460 -0.105729797
-0.061566632 0.990095270 -0.126178074
-0.072719840 0.988215318 -0.134693392
-0.054204432 0.986124216 -0.156910513
-0.064271020 0.985067994 -0.159719391
-0.037693358 0.987323568 -0.154179708
-0.036068746 0.971953521 -0.232390618
0.064442865 0.980250616 -0.186964828
0.091243433 0.979127858 -0.181612976
0.288696592 0.942481227 -0.168473783
0.187299483 0.966502052 -0.175478453
0.245969663 0.962387020 -0.115369617
0.192589211 0.957646842 -0.214060554
0.137961522 0.982094552 -0.128284486
0.566493893 0.818912286 -0.092018134
0.530147005 0.833521577 -0.155518273
0.479057277 0.859128290 -0.180007518
0.493862770 0.841255067 -0.219976081
0.406428915 0.896615019 -0.175775552
0.446297355 0.854128537 -0.266988976
0.458398882 0.835766756 -0.302265439
0.411170846 0.848886664 -0.332159550
0.419484273 0.852871654 -0.310874390
0.447562561 0.832427771 -0.326728879
0.376991920 0.871145645 -0.314614618
0.519935336 0.811994208 -0.265203040
-0.022394291 0.962170810 -0.271525005
-0.048785569 0.964466901 -0.259660480
-0.063332404 0.964082990 -0.257939905
-0.065497466 0.960105875 -0.271858034
-0.057469516 0.958215114 -0.280216077
-0.007953001 0.974663340 -0.223535508
-0.060382999 0.953939768 -0.293858490
-0.041755367 0.947732428 -0.316322199
-0.023515801 0.958814129 -0.283059133
-0.038210581 0.956037244 -0.290745146
-0.027229999 0.957644857 -0.286661567
-0.019163471 0.965879995 -0.258280075
-0.021981693 0.962069681 -0.271916777
-0.028759591 0.957180261 -0.288060470
-0.013936212 0.969571172 -0.244412612
-0.016766187 0.966821828 -0.254900860
-0.011325131 0.971674494 -0.236051729
-0.028522154 0.945124079 -0.325464226
-0.026733192 0.954895770 -0.295735361
-0.027362461 0.951618724 -0.306060616
-0.025257382 0.965109044 -0.260627315
-0.025847349 0.958014775 -0.285551406
-0.025360650 0.961915723 -0.272167189
-0.025086672 0.959049099 -0.282126718
-0.027487721 0.967082696 -0.252973288
-0.025586997 0.969246290 -0.244758931
-0.028059493 0.953774826 -0.299209369
-0.028395847 0.954009903 -0.298427178
-0.029897216 0.977392088 -0.209310448
-0.019263439 0.970020242 -0.242259468
-0.023675445 0.969457945 -0.244112200
-0.022864300 0.974677152 -0.222444764
-0.021710806 0.964154831 -0.264450567
-0.018164398 0.963488025 -0.267134573
-0.017910291 0.965433448 -0.260033610
-0.013848649 0.972182809 -0.233813602
-0.022448466 0.960036964 -0.278971493
-0.022172566 0.962910130 -0.268909761
-0.028927748 0.937496014 -0.346791594
-0.089551423 0.954839761 -0.283304735
-0.088637680 0.953057326 -0.289525640
-0.073107683 0.968373997 -0.238552024
-0.062662307 0.972938418 -0.222405644
-0.115120226 0.954125077 -0.276392242
0.159145583 0.950964622 -0.265214954
0.243916939 0.934312544 -0.259931908
0.272466963 0.932983445 -0.235167270
0.193866167 0.951610145 -0.238440853
0.309120020 0.925728667 -0.217878977
0.354970003 0.905604527 -0.232113632
0.382078466 0.886112386 -0.262337351
0.163580391 0.916075954 0.366123344
-0.074024103 0.949571105 0.304688608
-0.005091110 0.884979504 0.465602146
0.140276017 0.924497786 0.354438265
0.077985785 0.934140801 0.348280319
-0.013719612 0.946978755 0.321003131
0.043124199 0.916262714 0.398249849
0.082481868 0.898244443 0.431686996
0.295657915 0.902724332 0.312530283
0.238550702 0.914124317 0.327826624
0.266539951 0.906141932 0.328425417
0.355772010 0.887853162 0.291792803
0.397892473 0.879375508 0.261496264
0.409982581 0.873322710 0.263100224
0.366227646 0.885365874 0.286364420
0.314531144 0.893093215 0.321643699
0.350817614 0.889837564 0.291746655
0.370700967 0.884708032 0.282617217
0.354628643 0.889024669 0.289609501
0.296248289 0.859040496 0.417476199
0.323058825 0.882656199 0.341395709
0.222571172 0.889531094 0.398994368
0.265934611 0.874521718 0.405574343
0.220306784 0.859634275 0.460970535
0.209938138 0.867901534 0.450192076
0.166469143 0.863072255 0.476858792
0.253780238 0.847473019 0.466245722
0.488677580 0.843826152 0.221701710
0.517726016 0.837780530 0.173446119
0.057893088 0.997380587 -0.043363072
0.194961932 0.980431213 0.027285202
0.506381370 0.859362423 0.071232950
0.599130460 0.800489394 0.016106573
0.575650064 0.815866283 0.054673683
0.578659652 0.809539266 -0.098990830
0.340494996 0.846779947 0.408689219
0.566668956 0.732572592 0.377125566
0.569150094 0.721720651 0.393938411
0.520590928 0.803363750 0.289122414
0.455830411 0.887842607 -0.062881973
0.461339269 0.881022527 -0.104715736
0.377343083 0.919335330 -0.111511199
0.541557586 0.759413937 -0.360563244
0.549136164 0.773995937 -0.315245561
0.547963314 0.794359226 -0.262163359
0.558256316 0.801609727 -0.213943289
0.560637200 0.798905010 -0.217799711
0.559218439 0.798306437 -0.223565582
0.499750789 0.768307127 -0.399941630
0.482085555 0.783152124 -0.392767449
0.493465811 0.781438782 -0.381896483
0.533342009 0.788553889 -0.306152030
0.357643093 0.567515969 -0.741631339
0.444316396 0.595742895 -0.669083959
0.566629709 0.636790491 -0.522904049
0.508560412 0.638067992 -0.578131079
0.503644549 0.648143244 -0.571185175
0.139636775 0.632322095 -0.762017283
0.207555795 0.653566534 -0.727853953
0.204452463 0.549264318 -0.810251750
0.136316065 0.587049380 -0.797991827
0.567817662 0.804423081 -0.174604154
0.640878351 0.756566735 0.129929650
0.543049007 0.794024810 -0.273170967
-0.041695056 0.987234211 0.153720964
-0.042771394 0.986870606 0.155746635
-0.006825975 0.999795578 0.019031751
-0.007661604 0.999919466 0.010117390
-0.009452626 0.999838630 0.015276194
-0.013627439 0.999818010 0.013350657
-0.016491991 0.998164413 0.058273651
-0.010259519 0.999887047 0.010983397
-0.012561205 0.999069499 0.041259583
-0.011675790 0.999730732 0.020053419
-0.020419678 0.993725246 0.109968959
-0.009393680 0.999910363 -0.009540731
-0.011358531 0.999708208 0.021318591
-0.030744338 0.989099935 0.144000364
-0.030209137 0.983937009 0.175941384
-0.022829332 0.996142375 0.084730105
-0.038666893 0.981667075 0.186640361
-0.013079183 0.999816406 0.014003202
-0.022614041 0.999656643 0.013236384
-0.033344349 0.999039884 0.028415911
-0.019711066 0.999601432 0.020210153
-0.022092672 0.999529360 0.021283144
-0.017874965 0.999605899 0.021645596
-0.027293075 0.999350626 0.023524770
-0.023364539 0.999684349 -0.009235797
-0.012680525 0.999818947 0.014187257
-0.017942109 0.999778668 0.010986195
-0.013076526 0.999894507 -0.006322955
-0.009559259 0.997160579 -0.074695378
-0.018250390 0.999796700 -0.008572145
-0.015411639 0.999146939 -0.038312879
-0.008045131 0.995660679 -0.092709697
-0.124301657 0.946359022 0.298251066
-0.027703782 0.991213898 0.129334869
-0.046268927 0.986194119 0.158997946
-0.065511573 0.978850309 0.193804815
-0.011182704 0.995727992 0.091655402
-0.019332224 0.993650355 0.110838788
-0.006399725 0.998627537 0.051981599
-0.002557011 0.996602460 0.082322532
0.008149148 0.998249133 0.058585499
0.027136298 0.999629452 -0.002140310
0.008599004 0.999664005 -0.024452688
0.010064131 0.999421326 -0.032491954
-0.015384148 0.987861264 0.154575069
-0.009926030 0.996228379 0.086200289
-0.025094595 0.982456484 0.184795884
-0.004329093 0.995877789 -0.090601812
-0.004647676 0.995454936 -0.095120295
-0.005634497 0.992418185 -0.122777845
-0.005446391 0.999563159 -0.029048725
-0.008224594 0.993832379 -0.110587335
-0.004520252 0.998021524 -0.062710485
-0.013374138 0.992754942 -0.119410042
-0.012601783 0.997458596 -0.070125203
-0.020868207 0.995265720 -0.094924521
-0.030969343 0.991133954 -0.129206756
-0.019453751 0.995264538 -0.095236811
-0.023427943 0.993936581 -0.107430000
-0.029626242 0.987473749 -0.154977030
-0.013306145 0.997622485 -0.067618962
-0.024071795 0.972245135 -0.232722896
-0.027208575 0.980465201 -0.194801651
-0.027624500 0.968892664 -0.245934732
0.249196874 0.966534605 -0.060924338
-0.074547866 0.963960018 -0.255389309
-0.061879233 0.968574321 -0.240904016
-0.049667557 0.972767241 -0.226400151
-0.007400499 0.975501177 -0.219869703
-0.005015757 0.978455900 -0.206394994
-0.036386016 0.946095393 -0.321837793
-0.033640653 0.950837760 -0.307856882
-0.041835521 0.943429790 -0.328922513
-0.036422853 0.950886255 -0.307390152
-0.052287973 0.950917124 -0.304996051
-0.013732963 0.966978285 -0.254488510
-0.029075201 0.960821238 -0.275639587
-0.033401184 0.982934290 -0.180899259
-0.018043191 0.977448878 -0.210399941
-0.027644700 0.956669277 -0.289861458
-0.051059298 0.978236677 -0.201111790
0.055167685 0.876447527 0.478326519
-0.011011496 0.891544108 0.452800011
0.039224490 0.885513913 0.462954155
0.105344400 0.922170661 0.372161027
0.158255585 0.891843890 0.423756588
0.215260388 0.924987926 0.313145815
0.199738083 0.919010498 0.339888810
0.436041172 0.869707166 0.231252116
0.431425267 0.873600985 0.225152298
0.451027021 0.862022455 0.231283190
0.307498904 0.898873585 0.312202983
0.274445368 0.902648630 0.331519519
0.171885584 0.858157673 0.483756916
0.121161291 0.871685716 0.474851508
0.117059846 0.866988595 0.484383906
0.502457523 0.847548776 0.170872790
0.499235026 0.851565363 0.160002566
0.519865367 0.840880499 0.150532343
0.558060281 0.821448134 0.117438007
0.599583620 0.797339031 0.068919898
0.569509093 0.821805894 0.017160014
0.559592232 0.826699960 0.058512485
0.546331788 0.836778328 0.036381423
0.549539526 0.833679251 0.054637132
0.520319724 0.846761356 0.110736583
0.565544791 0.824712257 -0.002963467
0.536085494 0.843967871 0.018181741
0.560080941 0.827280321 -0.043779106
0.590458601 0.804817025 -0.060234508
0.328240056 0.852829033 0.406129421
0.377440904 0.842385793 0.384609594
0.397521300 0.837105816 0.375806691
0.559399614 0.794850610 0.235126732
0.547142951 0.759736030 -0.351334251
0.536800335 0.715966596 -0.446359982
0.569785184 0.804715640 -0.166666082
0.569059665 0.814709526 -0.111442748
0.554430586 0.783125782 -0.281639372
0.361355359 0.570066696 -0.737866022
0.392338438 0.575938544 -0.717192682
0.415575427 0.726850857 -0.546795114
0.192657613 0.559018810 -0.806462035
0.281495454 0.571405050 -0.770880392
0.215512843 0.549327216 -0.807337491
0.280508486 0.555594202 -0.782706888
0.272501649 0.594694808 -0.756360322
0.244699512 0.548559018 -0.799503066
0.374569596 0.586880008 -0.717822731
0.321737139 0.573386676 -0.753467274
0.414044911 0.616475122 -0.669720267
0.365662954 0.605373962 -0.706974519
0.385087925 0.626237205 -0.677889559
0.177818589 0.554972419 -0.812641473
0.153147320 0.583593601 -0.797473766
0.213901288 0.622912625 -0.752479967
0.154582845 0.613636696 -0.774308820
0.519479584 0.693032490 -0.499846906
-0.004970315 0.999897964 0.013392426
-0.037039206 0.988766405 0.144807093
-0.011388092 0.997699765 -0.066824327
-0.015222116 0.992792680 -0.118873808
-0.103493095 0.950532902 0.292876052
-0.051280081 0.984470501 0.167893380
-0.032864448 0.989640574 0.139755008
-0.028894769 0.994293343 0.102692945
-0.030439917 0.990098723 0.137032590
-0.013519176 0.998097249 0.060159061
-0.021612874 0.994821019 0.099317796
-0.021885002 0.996695525 0.078224533
-0.067997913 0.980941186 0.182018333
-0.083197989 0.970801530 0.224994407
-0.083780505 0.964077952 0.252060568
-0.094940940 0.956367538 0.276310242
-0.052318192 0.980418200 0.189849834
0.001972295 0.999937894 0.010968988
-0.034355822 0.979525951 0.198364785
-0.040271849 0.978641775 0.201589819
-0.042776047 0.980142587 0.193625203
-0.008363579 0.994390342 -0.105441444
-0.019486164 0.993747598 -0.109936345
-0.013043517 0.995745054 -0.091223105
-0.041900438 0.980542596 -0.191782611
-0.037152297 0.978300066 -0.203834952
-0.001765813 0.999075436 -0.042955258
-0.026644277 0.986826093 -0.159575515
-0.050561380 0.947635459 -0.315326153
-0.062556433 0.948740128 -0.309804555
-0.026345645 0.950416421 -0.309862119
-0.016049519 0.972063187 -0.234169968
-0.059963324 0.981399612 -0.182371052
0.027280874 0.880596948 0.473080088
0.125436647 0.878089806 0.461761778
0.135245090 0.868459252 0.476956281
0.171801336 0.875374668 0.451888804
0.197924864 0.920133448 0.337905589
0.453042168 0.854736863 0.253333157
0.468903203 0.866915240 0.169079135
0.550969574 0.834519165 0.003208212
0.517531923 0.849057830 0.106120265
0.533494706 0.843791462 0.058304092
0.529923874 0.845603918 0.064301642
0.503792204 0.856815732 0.109819018
0.522984437 0.841524738 0.135363929
0.535522731 0.835323703 0.124296882
0.550864105 0.823363853 -0.136457700
0.596814731 0.725342805 0.343059750
0.537918939 0.737433649 0.408454194
0.557921531 0.829869656 0.006318207
0.573865027 0.816193989 -0.067129005
0.569647746 0.818161327 -0.078188799
0.558415786 0.823113957 -0.103224145
0.544400519 0.837678980 -0.043840640
0.532980530 0.845930269 -0.018268407
0.558639244 0.811303601 -0.172362010
0.553882203 0.791917634 -0.257062184
0.557168841 0.796883517 -0.233537027
0.552065340 0.769913209 -0.320089847
0.544838816 0.733232256 -0.406842874
0.547455156 0.745253411 -0.380644461
0.481677734 0.632912284 -0.606142394
0.509811291 0.668637025 -0.541310426
0.444532811 0.643276256 -0.623366857
0.527214806 0.687105075 -0.499931160
0.466982454 0.634956315 -0.615433071
0.512803361 0.659822223 -0.549242522
0.538309626 0.708752690 -0.455952159
0.542398038 0.728550856 -0.418351549
0.475852149 0.657211124 -0.584498306
0.441275984 0.623423428 -0.645460096
0.490003843 0.692147048 -0.529932729
0.449092604 0.675412186 -0.584922398
0.563226894 0.809732019 -0.164649703
0.552799749 0.785109151 -0.279313549
0.500932931 0.734587525 -0.457654200
0.298297263 0.688468554 -0.661082289
0.524134746 0.754710897 -0.394581082
0.440831069 0.743632310 -0.502671819
0.375942446 0.666731876 -0.643533902
0.403025712 0.705426588 -0.583046829
0.409187045 0.673061414 -0.616079780
0.389326284 0.642778613 -0.659742904
0.437520207 0.711890360 -0.549352513
0.351485532 0.617599790 -0.703582561
0.300237105 0.635344892 -0.711473505
-0.015776339 0.995813288 -0.090038892
-0.038460405 0.987017922 0.155937228
0.007220890 0.999925813 0.009809518
-0.000549228 0.998987899 -0.044976385
0.005554311 0.999059560 0.043001685
-0.004336228 0.999972621 0.005996204
-0.008698976 0.999243604 0.037901829
-0.048502008 0.978355727 0.201165668
-0.007680619 0.994384835 -0.105545285
-0.006175791 0.994802035 -0.101640403
-0.008589549 0.991152017 -0.132453381
-0.040911629 0.974227695 -0.221825690
-0.071963314 0.951355849 -0.299571913
0.492828941 0.857298961 0.148856061
0.461636359 0.864529636 0.198696704
0.517244457 0.849873445 0.100862770
0.446273781 0.872761394 0.197806124
0.527201916 0.846456919 0.074624554
0.550076167 0.831021488 -0.082580240
0.545254025 0.826221954 -0.141616843
0.468440373 0.627143764 -0.622297611
0.517483416 0.669559211 -0.532823964
0.489964424 0.636696916 -0.595442609
0.507002452 0.649741324 -0.566378607
0.460845728 0.622031981 -0.633006659
0.521545383 0.678300408 -0.517589577
0.486576659 0.635471886 -0.599515335
0.515359105 0.658982082 -0.547857288
0.468728629 0.625310669 -0.623923103
0.442809143 0.617748851 -0.649851075
0.538382544 0.758208048 -0.367783622
0.547336196 0.754397023 -0.362364762
0.550660208 0.802054882 -0.231260248
0.506284281 0.730906701 -0.457658847
0.366345769 0.643285029 -0.672290971
0.410037566 0.626456162 -0.662889034
0.417371099 0.648357117 -0.636737320
0.463583744 0.709720480 -0.530459191
-0.012166204 0.994465834 -0.104353674
-0.035759358 0.997075817 -0.067535792
-0.007279417 0.996361832 -0.084912365
-0.005612974 0.997312231 -0.073053463
-0.003583824 0.997772144 -0.066617596
-0.006481515 0.994517100 -0.104373018
-0.005559980 0.995465802 -0.094957480
-0.007365039 0.997964347 -0.063347593
-0.008179656 0.979694233 -0.200330482
0.435454877 0.871906886 0.223958552
0.473095567 0.868341143 0.148876605
0.435042999 0.873102388 0.220067737
0.478024390 0.862246685 0.167401721
0.409741451 0.879856180 0.240759312
0.394891934 0.872681450 0.287206280
0.453578425 0.848231652 0.273440445
0.340016566 0.871062613 0.354455440
0.315340538 0.849728146 0.422519140
0.482610800 0.635042744 -0.603164595
0.454167794 0.622901325 -0.636965897
-0.023068793 0.996629851 -0.078719565
0.002099007 0.998708790 -0.050757726
-0.008199476 0.997049110 -0.076327190
-0.007521319 0.993778703 -0.111118494
-0.010183987 0.972539646 -0.232514352
-0.010018326 0.970294399 -0.241719697
-0.010533770 0.979925420 -0.199085938
-0.011613317 0.970926857 -0.239094478
-0.014023687 0.968160239 -0.249938170
-0.016854663 0.966074957 -0.257711269
-0.014846988 0.968012976 -0.250460468
-0.009577184 0.971475677 -0.236945745
-0.013322970 0.969578700 -0.244416945
0.422989492 0.862325758 0.278341834
0.425309166 0.841163376 0.334000432
0.481757390 0.815564589 0.320568587
0.336306452 0.849662338 0.406167308
0.356066354 0.860332334 0.364753379
-0.025557841 0.995768070 -0.088276542
-0.030761768 0.997328339 -0.066256302
-0.015610673 0.987490432 -0.156904279
-0.024604566 0.988333584 -0.150304165
0.485705851 0.799078555 0.354349106
0.501911444 0.794231960 0.342462402
0.506295682 0.841323080 0.189314966
0.500401132 0.856050325 0.129524318
0.481972342 0.848725203 0.217642348
-0.023324217 0.989524777 -0.142466473
-0.014556524 0.982428814 -0.186069160
-0.020340695 0.997002262 -0.074650831
-0.046185852 0.997572476 -0.052115471
-0.040394292 0.996111452 -0.078296085
-0.044530371 0.995315196 -0.085817874
-0.051536954 0.997329748 -0.051742791
-0.019007267 0.982247393 -0.186624711
-0.026240606 0.997851585 -0.060030369
-0.008702623 0.974854748 -0.222671248
-0.035906131 0.971755213 -0.233243555
0.354439143 0.742133856 -0.568867501
-0.052315884 0.979789101 0.193070883
-0.156085216 0.938152872 0.309041411
-0.143213722 0.933270396 0.329387610
-0.158348460 0.924255821 0.347385870
-0.121757946 0.942816130 0.310278500
-0.128609912 0.942151654 0.309531503
-0.173992901 0.907515935 0.382284317
-0.020130063 0.992684595 0.119046528
-0.004715845 0.999933241 -0.010548650
-0.002734528 0.999934118 -0.011148181
-0.000486203 0.999918855 -0.012729744
-0.013572974 0.990646105 -0.135779484
-0.016628008 0.989421718 -0.144111668
-0.081289861 0.940220798 0.330721649
0.535361859 0.775358571 0.334972784
0.503628424 0.740980041 -0.444192513
-0.195865282 0.933557762 0.300177774
-0.123627530 0.952479154 0.278387670
-0.124067341 0.957585505 0.260071711
-0.002253479 0.998389271 0.056690252
0.024682933 0.998689816 0.044826390
-0.002930910 0.999637435 -0.026765792
-0.003164571 0.998546545 0.053803187
-0.004345008 0.985358014 -0.170442672
-0.001617881 0.998513075 -0.054488719
-0.012095072 0.967579094 -0.252278429
-0.001410262 0.981075580 -0.193620036
0.390067773 0.831497386 -0.395549276
0.433162054 0.808299830 -0.398775650
0.538313320 0.735528788 -0.411358933
-0.045812321 0.984441773 0.169633805
-0.058587924 0.968005516 0.243993395
-0.060720372 0.967071251 0.247156289
-0.061520720 0.966914663 0.247570669
0.032513177 0.999003082 0.030589806
0.007478812 0.999971242 0.001258235
0.023871730 0.999710936 -0.002861052
-0.076684661 0.983564528 -0.163463395
-0.068024649 0.980585661 -0.183914133
-0.070060099 0.972934815 -0.220203154
0.479379393 0.812174139 -0.332518519
-0.034540601 0.954449933 -0.296365099
-0.052589423 0.896913758 0.439067265
0.399214942 0.916854511 -0.002288169
0.550595316 0.775368249 -0.309271525
0.489826338 0.766772539 -0.414885564
0.474323400 0.772313235 -0.422551274
0.461614281 0.790068401 -0.403366059
0.449716467 0.809528578 -0.377383865
0.411523842 0.831373872 -0.373450950
0.437651232 0.828876952 -0.348460038
0.196085044 0.657591627 -0.727409038
0.118078489 0.601626962 -0.790001563
-0.038055727 0.998463116 0.040288558
-0.034843454 0.999249223 0.016938844
-0.031090507 0.983788507 -0.176616967
0.391569462 0.881629796 0.263443085
0.241787164 0.552629844 -0.797583364
0.264962620 0.552268843 -0.790439078
0.300330261 0.556545578 -0.774634594
0.337130729 0.564821532 -0.753206152
-0.010288958 0.998494923 0.053870464
-0.004990548 0.999276753 0.037697025
-0.042361972 0.974544723 0.220154596
-0.024483026 0.939501599 -0.341668445
0.610530127 0.735633583 -0.293421533
0.489811754 0.769556991 -0.409715126
-0.011642169 0.998952445 -0.044254633
0.536698232 0.843380999 0.025758458
0.455011602 0.614827464 -0.644167394
0.419232816 0.603362286 -0.678378801
0.383160769 0.581137286 -0.717960500
0.318581824 0.559071481 -0.765470248
0.281296336 0.550230283 -0.786205448
0.406637767 0.589255529 -0.698157323
0.334743594 0.564402865 -0.754583416
0.407044408 0.611902838 -0.678151729
-0.010636918 0.988994474 -0.147569598
-0.172100087 0.932696951 0.316951032
0.439899522 0.797129449 -0.413609783
0.542053709 0.739909602 -0.398386192
-0.052737137 0.974499755 0.218103238
-0.054688257 0.975070236 0.215051692
-0.062922877 0.961127350 0.268839967
-0.057793528 0.966160510 0.251383724
-0.063272633 0.959035781 0.276128493
-0.020879160 0.999003291 -0.039452315
0.372169010 0.859115216 -0.351299407
0.270975844 0.846062491 0.459075542
0.197308240 0.911004571 0.362132752
0.227365854 0.905354241 0.358662050
0.138640666 0.910911382 0.388611915
0.345078541 0.680757151 -0.646135049
0.483200117 0.630751044 -0.607182648
0.501217930 0.637472106 -0.585158013
-0.053212437 0.979733805 0.193106470
-0.053212460 0.979733791 0.193106530
-0.053212481 0.979733779 0.193106586
0.393104096 0.897351213 0.200574104
0.441850366 0.867865309 0.227108034
0.423137497 0.882766911 0.204150042
-0.053212510 0.979733763 0.193106663
-0.053212554 0.979733737 0.193106779
0.042101467 0.946009671 -0.321392548
0.076786659 0.943076893 -0.323588911
0.072458053 0.941207384 -0.329967409
-0.053189388 0.979745962 0.193051132
-0.053428945 0.979610046 0.193673711
-0.053405648 0.979622384 0.193617722
-0.053212646 0.979733685 0.193107020
-0.053212595 0.979733714 0.193106888
-0.053428904 0.979610069 0.193673603
-0.016993731 0.961428307 -0.274530187
-0.024162140 0.959667408 -0.280097584
-0.012535607 0.961784533 -0.273520328
-0.126861912 0.946099443 -0.297996477
-0.132544502 0.945652082 -0.296941233
-0.107336736 0.949508647 -0.294808675
-0.162757092 0.931295807 0.325880729
-0.173984476 0.931513798 0.319392309
-0.180599985 0.924340127 0.336123453
0.172750886 0.679372745 -0.713168847
0.162677755 0.671023889 -0.723369123
0.145012794 0.662080372 -0.735269250
-0.085620302 0.913623088 0.397444358
-0.119459746 0.914564700 0.386394588
-0.096963142 0.913467623 0.395189892
-0.055676170 0.978224009 0.199944871
-0.054916250 0.978738338 0.197624573
-0.056279335 0.977866259 0.201519767
-0.054123507 0.979202735 0.195531709
-0.054727127 0.978853045 0.197108240
-0.126470348 0.907228954 0.401174371
-0.117191399 0.905891427 0.406972847
-0.121022933 0.904396305 0.409170837
-0.053297404 0.979677023 0.193370930
-0.053108140 0.979789174 0.192854088
-0.057587245 0.976995995 0.205335178
-0.056253068 0.977896349 0.201381038
-0.058372197 0.976430279 0.207789789
0.662255323 0.746528309 -0.064135567
0.656368147 0.753354027 -0.040479202
0.652419319 0.752438826 -0.090470133
-0.053488531 0.979599652 0.193709833
-0.052910914 0.979914419 0.192271074
-0.054889950 0.978767839 0.197485723
-0.046893279 0.983231490 0.176229561
-0.039780071 0.986710472 0.157543616
-0.037427723 0.987733197 0.151599133
-0.054846068 0.977511586 0.203624675
-0.051605124 0.980047684 0.191946470
-0.049067864 0.982190730 0.181366247
-0.053789752 0.979401207 0.194627689
-0.054582618 0.978939011 0.196720994
-0.105170978 0.956681093 -0.271478089
-0.103581433 0.955863723 -0.274946230
-0.094202579 0.956762440 -0.275193582
0.443503513 0.757866516 -0.478479862
0.415365294 0.755294773 -0.506953132
0.466237818 0.759177962 -0.454170804
-0.050012871 0.981533414 0.184637131
-0.052354770 0.980281989 0.190541861
-0.048029728 0.982601708 0.179407438
-0.032126600 0.990170297 0.136127383
-0.028813166 0.991494597 0.126918344
-0.026978970 0.991963394 0.123615376
-0.034317859 0.968898856 -0.245065892
-0.034337918 0.968840255 -0.245294656
-0.035926286 0.971699368 -0.233472997
0.510561584 0.756803827 -0.408135806
0.572410049 0.749572534 -0.332396980
0.556123709 0.754056404 -0.349464390
-0.031619801 0.991134498 0.129044932
-0.026581159 0.992770190 0.117050386
-0.027246346 0.992398453 0.120012277
-0.031690849 0.991543247 0.125847840
-0.026724042 0.993130577 0.113918759
-0.025988559 0.993122668 0.114157618
0.660103025 0.729496170 -0.179162871
0.662557591 0.728367336 -0.174638087
0.667151240 0.720692858 -0.188443699
-0.041609657 0.986105138 0.160826906
-0.060353830 0.974459727 0.216299919
-0.061684035 0.973493454 0.220239814
-0.028017175 0.964904657 -0.261101590
-0.030084751 0.971028519 -0.237062275
-0.029796919 0.971222496 -0.236302788
0.261590602 0.716343794 -0.646855413
0.300619564 0.728041018 -0.616104012
0.316560140 0.733157997 -0.601887888
-0.028939437 0.992942656 0.115010391
-0.023233195 0.994378494 0.103303578
-0.046557207 0.985178277 0.165094483
-0.047235848 0.985612644 0.162285215
-0.046576206 0.986042858 0.159844108
0.596587026 0.648324691 -0.473031728
0.591761180 0.664964885 -0.455675770
0.608594770 0.661052599 -0.438887078
-0.136289365 0.913705317 0.382841746
-0.164153702 0.914519461 0.369740067
-0.158647131 0.915004680 0.370941401
-0.018526331 0.998105446 0.058671069
-0.023894488 0.996863155 0.075451327
-0.015491187 0.998813557 0.046168190
-0.127417276 0.908606273 0.397742980
-0.123584966 0.910095009 0.395542451
-0.033002459 0.975939218 0.215530695
-0.025862731 0.978060720 0.206708360
-0.024539258 0.978883352 0.202941391
-0.020660421 0.997480401 0.067867490
-0.012252644 0.999180776 0.038570057
-0.059289236 0.961452601 0.268502668
-0.053496953 0.967234371 0.248184904
-0.060639945 0.961502148 0.268023164
-0.022933085 0.993533816 0.111196356
-0.027974180 0.991987292 0.123201696
-0.040283304 0.986877407 0.156365721
-0.047916547 0.982917033 0.177702307
0.597460910 0.678065265 -0.428098070
0.585720791 0.665640951 -0.462442731
-0.113093641 0.944794821 -0.307526545
-0.164455877 0.939612532 -0.300137560
-0.103166191 0.947183454 -0.303644925
0.625272974 0.741891273 -0.242138489
0.594890341 0.752528266 -0.282500782
0.582579503 0.750837495 -0.311197975
0.656668243 0.741123797 -0.139722355
0.650418890 0.748779227 -0.127612447
0.649328108 0.744906265 -0.153256856
-0.038984910 0.910691686 0.411243031
-0.071405105 0.913929888 0.399541577
-0.047357243 0.913098111 0.404980408
-0.234613630 0.913706026 0.331809799
-0.226419128 0.914100204 0.336385485
-0.200049352 0.924276519 0.325104864
-0.226764607 0.913267784 0.338407694
-0.219694117 0.916250922 0.334990662
-0.185376434 0.925548517 0.330144696
-0.068359476 0.954740124 0.289479322
-0.061248156 0.960971893 0.269780808
-0.094010180 0.914271685 0.394042348
-0.094792772 0.914949167 0.392278413
-0.108925921 0.915629421 0.386985668
-0.139365093 0.937940679 0.317560472
-0.132158121 0.940215579 0.313893129
-0.110555994 0.947071093 0.301386324
-0.064033859 0.955624298 0.287544546
-0.193279379 0.926229713 0.323638069
-0.032238740 0.965501199 -0.258395237
-0.030619940 0.962398701 -0.269909539
-0.159970966 0.914766476 0.370960354
-0.166891725 0.913886747 0.370078594
-0.160130799 0.915419518 0.369276636
-0.044477142 0.987877858 0.148724987
-0.044165719 0.988969883 0.141378782
-0.047426733 0.986454863 0.157027094
0.012860713 0.966697818 0.255597204
-0.023670299 0.963562428 0.266434164
0.047162469 0.959683476 0.277098047
-0.159767149 0.912815006 0.375823392
-0.171030788 0.910243095 0.377102078
-0.155458012 0.915747147 0.370459134
-0.165537074 0.922784442 0.347945901
-0.168046530 0.918175992 0.358766235
-0.164198785 0.916779684 0.364079346
-0.031227330 0.961384457 -0.273431489
-0.030532624 0.960096291 -0.277997969
-0.028527116 0.956071089 -0.291743511
-0.090236410 0.953602287 0.287228253
-0.204411831 0.936524018 0.284848324
-0.104660977 0.951546320 0.289146469
0.640451755 0.746326655 -0.181157596
0.637672198 0.746264923 -0.190952435
0.638988870 0.741934309 -0.203043605
0.642717496 0.747618584 -0.167274247
0.641111076 0.751611544 -0.155102145
-0.168151950 0.916783046 0.362262016
-0.169776027 0.914809636 0.366468867
-0.170874188 0.917040634 0.360331081
-0.169617189 0.914161974 0.368154716
-0.212508743 0.907943019 0.361219475
-0.189697499 0.904828191 0.381183425
-0.204537718 0.910275024 0.359949584
-0.003435225 0.964954764 -0.262393792
-0.005522230 0.963543161 -0.267495949
-0.003592086 0.965069311 -0.261970077
-0.168944171 0.920956843 0.351135814
-0.169033895 0.918599485 0.357214962
-0.166562817 0.918913480 0.357567957
-0.027486189 0.974110174 0.224396701
-0.009397102 0.977424326 0.211076718
-0.023414535 0.972698246 0.230889329
-0.007351868 0.987693082 0.156231642
-0.011334452 0.987334495 0.158247036
-0.010744782 0.983033996 0.183108471
-0.142344845 0.934411271 0.326517262
-0.088784810 0.946755028 0.309470798
-0.052268249 0.986241881 0.156827875
-0.053374685 0.986149252 0.157037564
-0.057293538 0.983408138 0.172121716
0.084684903 0.995246174 0.048099077
0.103719071 0.992617137 0.062877449
0.092113781 0.994821908 0.042946749
-0.000764433 0.997734529 -0.067269802
-0.000807794 0.998168082 -0.060496502
-0.000303084 0.998302070 -0.058248476
-0.043456623 0.987535074 0.151281191
-0.046710778 0.984865828 0.166905372
-0.009408058 0.996050210 0.088291948
-0.009514095 0.993752334 0.111201530
-0.013193594 0.993356059 0.114322650
-0.001440734 0.999455648 0.032959544
-0.001627050 0.999095445 0.042492887
-0.000922765 0.999086667 0.042719791
-0.001124681 0.996363169 0.085200766
-0.003434375 0.994816903 0.101624477
-0.003419265 0.997630490 0.068714727
-0.143054430 0.940560932 0.308026888
-0.074987912 0.956521565 0.281856893
-0.031349547 0.972891422 0.229127667
-0.036970072 0.968732200 0.245338823
-0.022756429 0.974047472 0.225196952
-0.093663005 0.957573340 0.272544564
-0.089369348 0.960315426 0.264210904
-0.099221751 0.953495704 0.284606723
-0.070968119 0.968013962 0.240650151
-0.065857949 0.973028361 0.221084913
-0.073040959 0.973694694 0.215832483
0.117733889 0.957116541 0.264701072
0.040783594 0.974037837 0.222681363
0.006456497 0.974786873 0.223044538
0.115598437 0.978008751 0.173596902
0.163676415 0.969002765 0.185050459
0.094456332 0.986699565 0.132295014
0.045116810 0.997762460 0.049341135
0.033716835 0.997900464 0.055297729
0.035713155 0.996469576 0.075979963
0.001819357 0.984887965 0.173183100
0.081458605 0.973947115 0.211640056
0.037024617 0.979853586 0.196255261
0.060549313 0.977819720 0.200505299
0.150462048 0.961508277 0.229919561
0.094779742 0.975848356 0.196816633
0.197699444 0.973054001 0.118662722
0.257756928 0.953486016 0.156287501
0.236837640 0.963301431 0.126326107
0.071184754 0.993007600 0.094173445
0.071723902 0.995031636 0.069048714
0.046564574 0.994373988 0.095142588
-0.052545954 0.986408238 0.155684649
-0.061486609 0.984410890 0.164786515
-0.057839795 0.987213235 0.148541533
0.129584809 0.962633659 0.237790275
0.164276809 0.951658575 0.259536293
-0.158188416 0.939057020 0.305202128
-0.075181313 0.967920891 0.239743446
-0.060863978 0.967595122 0.245061741
-0.078091456 0.967492607 0.240540601
-0.009220495 0.997469093 0.070501005
-0.008792979 0.997377920 0.071832916
-0.011610372 0.995844611 0.090325578
-0.061126909 0.917420099 0.393196978
-0.049576438 0.920375487 0.387880317
-0.068580620 0.922859685 0.378981133
-0.057953225 0.961095799 0.270067194
-0.048851105 0.967285128 0.248943869
-0.030610163 0.975682335 -0.217041469
-0.036614498 0.971587170 -0.233832740
-0.056566498 0.978811104 -0.196796984
-0.009951653 0.999820572 0.016117942
-0.010505359 0.999621129 0.025440825
-0.009560609 0.999753514 0.020037603
-0.000671949 0.984481798 -0.175485434
-0.000286105 0.985014623 -0.172470607
-0.000454460 0.983407092 -0.181411923
-0.002514723 0.949775703 -0.312921382
-0.025668252 0.952139054 -0.304585558
0.023293320 0.951402803 -0.307066975
-0.031341406 0.963171884 -0.267053626
-0.031203253 0.961865794 -0.271736181
-0.029317256 0.959798826 -0.279153563
-0.031137599 0.943006235 -0.331315092
-0.029953070 0.947365214 -0.318750631
-0.032569928 0.945285448 -0.324614575
-0.029789460 0.999111666 -0.029807168
-0.028326704 0.999226256 -0.027285277
-0.029430940 0.998772152 -0.039849813
0.249142275 0.924279214 0.289199001
0.202268097 0.942808697 0.264951651
-0.028866881 0.958075594 -0.285057642
-0.026416946 0.950635991 -0.309181756
-0.026061149 0.951333990 -0.307057742
-0.026328765 0.948080448 -0.316938892
-0.026866265 0.951247585 -0.307255977
-0.027483415 0.949078819 -0.313837630
-0.025417940 0.945093016 -0.325811479
-0.026163885 0.947370645 -0.319067882
-0.027088359 0.952579830 -0.303080663
-0.085286690 0.954089835 -0.287121521
-0.070891175 0.955091917 -0.287704486
-0.043048743 0.958834680 -0.280682849
0.217871571 0.699338524 -0.680777208
0.234452522 0.706171008 -0.668097690
0.143129527 0.655735279 -0.741299658
0.124956394 0.641133841 -0.757187756
0.133268826 0.643670560 -0.753609733
-0.035554776 0.999134832 0.021574198
-0.031767289 0.999495281 -0.000150125
-0.032481329 0.999462274 0.004486105
-0.023291377 0.997458006 -0.067342698
-0.025551804 0.997187634 -0.070455144
-0.028501399 0.997597379 -0.063143805
-0.027994811 0.957413099 -0.287361181
-0.025371690 0.959664614 -0.280000190
-0.024606660 0.959889010 -0.279298407
-0.001847267 0.988280794 0.152635708
-0.003548067 0.985409433 0.170163632
-0.002841029 0.990749071 0.135676845
-0.012630800 0.970632678 -0.240234607
-0.014046376 0.969297650 -0.245488828
-0.015351440 0.968211697 -0.249660655
-0.019423008 0.996244231 -0.084381148
-0.019326776 0.996822066 -0.077280300
-0.015680791 0.996431046 -0.082941446
0.461082060 0.864236743 0.201241609
0.412483884 0.894042588 0.174770980
-0.027943775 0.948421198 -0.315779001
-0.029372648 0.950594483 -0.309042676
-0.015553760 0.999752767 0.015889764
-0.016498563 0.999637128 0.021293443
-0.014339300 0.998209904 0.058063513
-0.020605550 0.996729336 0.078141170
-0.152702375 0.948631226 -0.277093452
-0.173022881 0.943796686 -0.281621905
-0.149182071 0.949878304 -0.274728807
-0.023408666 0.939363371 -0.342123504
-0.023570637 0.942340925 -0.333823315
-0.023382665 0.938335603 -0.344934120
-0.138005296 0.944288413 -0.298787434
-0.152891547 0.941609990 -0.299991335
-0.137115005 0.944424056 -0.298768602
-0.059238543 0.985609699 -0.158317136
-0.057911762 0.984033911 -0.168295839
-0.052877880 0.984556515 -0.166890380
-0.030877709 0.957129446 -0.288010054
-0.030549782 0.951854934 -0.305022778
-0.031705250 0.957359001 -0.287155916
-0.029755011 0.951704370 -0.305570667
-0.030910709 0.957219453 -0.287707224
-0.029780358 0.951777876 -0.305339163
-0.029784267 0.951788903 -0.305304408
-0.029784277 0.951788929 -0.305304325
-0.019274805 0.906631864 0.421482083
-0.035983311 0.917893440 0.395192148
-0.040361406 0.915471074 0.400354430
-0.029751092 0.951693307 -0.305605502
0.235804073 0.936323677 0.260181496
-0.030822531 0.946433015 -0.321425760
-0.032152184 0.951991273 -0.304432018
-0.032696745 0.957348241 -0.287080596
0.284275078 0.860678222 0.422398720
0.254017807 0.866008491 0.430702040
0.266374417 0.868526637 0.417978648
-0.030978049 0.961782051 -0.272058169
-0.025693334 0.948232625 -0.316535529
-0.026393600 0.949706717 -0.312026490
-0.028125976 0.968752143 -0.246430953
-0.028003492 0.969689047 -0.242732274
-0.027609062 0.966106827 -0.256661914
-0.033418048 0.966268022 -0.255361204
-0.031672561 0.962177826 -0.270574721
-0.033822472 0.991757654 0.123583151
-0.037305426 0.990256149 0.134168045
-0.033014039 0.962302150 -0.269971565
-0.088315074 0.906110059 0.413720931
-0.106633030 0.902631838 0.416995399
-0.093422837 0.906523347 0.411688712
-0.031076541 0.959757884 -0.279104017
-0.032440023 0.961816597 -0.271765484
-0.029389480 0.954467317 -0.296864279
-0.032611700 0.959539358 -0.279679633
-0.033574702 0.964632828 -0.261450276
-0.034961992 0.967195784 -0.251614733
0.628504387 0.753269398 0.193823246
0.639154062 0.739328723 0.211837496
0.630137726 0.735066167 0.250208266
0.113244013 0.955394545 -0.272758238
0.144979282 0.946330293 -0.288859800
0.098964125 0.949987571 -0.296192028
-0.030746237 0.948889137 -0.314108381
-0.155233119 0.939439277 -0.305542998
-0.201998407 0.932789666 -0.298496371
-0.127308509 0.942022762 -0.310460398
-0.083595839 0.954027360 -0.287825523
-0.095140202 0.951465139 -0.292681451
-0.090101895 0.952472986 -0.290992885
-0.031745432 0.961419500 -0.273248555
-0.031974141 0.961430818 -0.273182058
-0.030985957 0.956676211 -0.289500429
-0.071452303 0.912589860 0.402584546
-0.000588870 0.991070120 -0.133340432
-0.002265247 0.992385775 -0.123147643
-0.002179773 0.987692681 -0.156391869
-0.001942464 0.986657600 -0.162797443
-0.002965875 0.988230506 -0.152943356
-0.002255128 0.991339608 -0.131303834
0.012423670 0.999916048 -0.003680913
0.008644453 0.999898291 -0.011343767
0.010997259 0.999786872 0.017471999
-0.000953282 0.992698430 -0.120618900
-0.000868174 0.988089953 -0.153874919
-0.012819277 0.985557040 -0.168857888
-0.010853307 0.983074359 -0.182885236
-0.007857915 0.986382858 -0.164277539
-0.060555560 0.988930980 -0.135456787
-0.054976330 0.989831228 -0.131193535
-0.067144918 0.989180078 -0.130439001
-0.013401258 0.998527102 -0.052574066
-0.011732823 0.997781220 -0.065536077
-0.009717444 0.996765622 -0.079773847
-0.008302091 0.966631414 -0.256036687
-0.010742969 0.967596092 -0.252274438
-0.006277450 0.970817783 -0.239736160
-0.000981459 0.999866034 -0.016338611
-0.000947545 0.999127697 -0.041748617
-0.000380369 0.999660049 -0.026069926
-0.002421631 0.973498482 -0.228680655
-0.001255499 0.971900922 -0.235386961
-0.002671182 0.968193169 -0.250189631
-0.053375317 0.959466035 -0.276723696
-0.061312170 0.969309674 -0.238074725
-0.054689920 0.966044423 -0.252521652
-0.000537116 0.980577378 -0.196131885
-0.002980945 0.983961106 -0.178358221
-0.003449899 0.980579891 -0.196089711
0.017395115 0.999617666 -0.021492615
0.002640167 0.999063973 -0.043176459
0.021199935 0.999758180 -0.005843381
-0.011901652 0.985223792 -0.170857923
-0.025470253 0.982452872 -0.184763689
-0.036988736 0.985423818 -0.166047382
-0.008697279 0.965687989 -0.259559369
-0.010627413 0.964166061 -0.265086524
-0.014085052 0.968800839 -0.247439984
-0.015089197 0.967851205 -0.251070431
-0.015850945 0.967051263 -0.254087786
0.021943077 0.977840836 -0.208196546
0.016821202 0.970537941 -0.240360462
-0.005502457 0.975083990 -0.221767750
-0.110767503 0.958063787 -0.264280798
-0.114785413 0.957146919 -0.265883591
-0.096741152 0.960739944 -0.260038285
-0.066747821 0.963779939 -0.258211070
-0.069445860 0.959585500 -0.272714028
-0.076176880 0.960250010 -0.268546088
-0.128743814 0.947600585 -0.292366484
-0.165573372 0.942531091 -0.290207857
-0.139760463 0.947912481 -0.286232322
-0.023297325 0.955201820 -0.295036807
-0.049091253 0.952504513 -0.300541515
-0.006545878 0.993250120 -0.115807389
-0.006322650 0.990231229 -0.139291557
-0.004079366 0.992426779 -0.122769896
-0.010704989 0.999803270 0.016698024
-0.015320419 0.999069435 0.040318106
-0.015462874 0.999267458 0.035006387
-0.035070000 0.943502136 -0.329505408
-0.039111194 0.944772866 -0.325383691
-0.037794233 0.942154066 -0.333042506
-0.121119688 0.947970208 -0.294418929
-0.133435375 0.945520482 -0.296961309
-0.141500922 0.944163912 -0.297543267
-0.124338477 0.946384095 -0.298156148
-0.118207444 0.945287932 -0.304068619
-0.088637214 0.949210243 -0.301899585
-0.079576046 0.954288171 -0.288100226
-0.029294649 0.943504123 -0.330063318
-0.029776427 0.951718540 -0.305524443
-0.031340186 0.939185682 -0.341976677
-0.032585494 0.938043783 -0.344981226
-0.030172586 0.936341561 -0.349791504
-0.051894996 0.980490688 0.189591455
-0.033884785 0.947841978 -0.316934389
-0.036110855 0.939864031 -0.339634524
-0.034944120 0.937044109 -0.347458265
0.273669050 0.719878062 -0.637872109
0.230170216 0.703506728 -0.672383785
-0.184055896 0.911131154 0.368732216
-0.206837350 0.914120467 0.348714901
-0.096713595 0.951412944 -0.292335236
-0.088604985 0.952414542 -0.291643097
-0.108964807 0.953128886 -0.282262283
-0.097007042 0.955161690 -0.279742345
-0.090838088 0.954041192 -0.285576338
-0.105432627 0.950110588 -0.293553798
-0.111922434 0.948397974 -0.296672634
-0.203109239 0.935673184 -0.288552125
-0.199627868 0.937128580 -0.286249434
-0.057123128 0.960835671 0.271167405
-0.035328285 0.965497966 0.258003081
-0.052723921 0.980008255 0.191843708
-0.053550233 0.979537818 0.194005248
0.428829152 0.757830701 -0.491729791
0.479031189 0.760576093 -0.438238664
0.606655438 0.692374015 -0.390624376
0.613334480 0.706804737 -0.352488127
0.610860458 0.692598453 -0.383610328
-0.025507084 0.960729205 -0.276312836
-0.013880355 0.962835301 -0.269732309
0.330166690 0.739445822 -0.586693986
0.306467801 0.731143390 -0.609513601
0.293691620 0.727025250 -0.620628325
-0.192205333 0.936002344 -0.294884252
-0.089022012 0.958118444 -0.272183997
-0.084524052 0.959974512 -0.267029250
-0.091298456 0.959478073 -0.266582855
0.568617640 0.746860312 -0.344780589
0.558459637 0.738719240 -0.377381397
0.512849434 0.745107732 -0.426380025
0.032332296 0.995967536 -0.083685661
0.010443489 0.992908491 -0.118421542
-0.023069423 0.995351578 -0.093504216
-0.001674142 0.997156072 -0.075345645
-0.002764857 0.996894728 -0.078697251
-0.002359862 0.997338685 -0.072869606
-0.003130729 0.999956094 -0.008832202
-0.002425400 0.999509721 -0.031215930
-0.002253759 0.999951010 -0.009638383
0.359798973 0.747882210 -0.557868174
0.358471476 0.747548091 -0.559169073
0.375409048 0.752100032 -0.541676645
0.160464639 0.940570218 0.299297119
0.196453610 0.937701643 0.286568679
0.599082758 0.782928693 0.167697677
0.587968011 0.780555655 0.212194457
0.589863933 0.786221849 0.184162281
-0.029498843 0.893461926 0.448169171
-0.023993070 0.896498123 0.442397387
-0.029156039 0.901197065 0.432427768
-0.019621505 0.899092791 0.437318134
-0.043005785 0.888839410 0.456196235
-0.037834929 0.883940374 0.466066448
-0.057546589 0.926232930 0.372533152
-0.036500706 0.918352894 0.394075704
-0.186513493 0.904944746 0.382475781
-0.201410725 0.905633006 0.373179016
-0.190248037 0.908040457 0.373186565
-0.092535049 0.923286995 0.372798054
-0.113523123 0.924691185 0.363398833
-0.101142747 0.921501189 0.374974269
-0.105292876 0.915332525 0.388689823
-0.156280705 0.910832899 0.382046819
-0.130902414 0.912734537 0.387014501
-0.032882100 0.909523427 0.414349977
-0.038392901 0.906624541 0.420187965
-0.208267846 0.913829770 0.348625380
-0.216180964 0.910763054 0.351818776
-0.219283499 0.915786265 0.336526765
-0.026845045 0.881496037 0.471427704
-0.020034954 0.886905824 0.461515613
-0.031141791 0.883194645 0.467971589
0.033637383 0.956592162 -0.289482232
0.056777029 0.953051166 -0.297438809
-0.098281465 0.958755821 -0.266698385
-0.107656492 0.957820272 -0.266440248
-0.015325176 0.897468796 0.440811637
-0.059768636 0.905811056 0.419444920
-0.051350476 0.904817374 0.422692143
-0.027270702 0.903423691 0.427880759
-0.027689774 0.891484877 0.452203484
-0.133179598 0.912446392 0.386917014
-0.124999332 0.914293853 0.385281607
-0.116341577 0.913245703 0.390444520
-0.035563619 0.964089010 -0.263187405
-0.040202803 0.965251310 -0.258212400
-0.044147894 0.963335191 -0.264643672
-0.021456210 0.960271077 -0.278242861
-0.016080810 0.962453412 -0.270970178
-0.018141362 0.961043800 -0.275800120
0.052452879 0.882304216 0.467747758
0.063638577 0.882903162 0.465222675
0.086107096 0.876623884 0.473409056
-0.044638972 0.878369511 0.475893227
0.045125549 0.940060719 0.338008179
0.087456788 0.940471674 0.328427070
-0.031716792 0.954442174 0.296705548
-0.192286817 0.919671965 0.342387582
-0.174270355 0.912813664 0.369325139
-0.180217656 0.917619767 0.354253524
-0.212491752 0.937066914 0.277043054
-0.185843971 0.947315204 0.260875301
-0.191999778 0.943465110 0.270203020
-0.182117224 0.915989482 0.357486482
-0.180204572 0.909587821 0.374401266
-0.190246292 0.912871171 0.361209876
-0.199194659 0.918095358 0.342669521
-0.200984311 0.923922164 0.325535160
-0.225648486 0.926707858 0.300491773
-0.212689716 0.918458226 0.333462998
-0.211065561 0.932167062 0.294135850
0.099240965 0.968893357 0.226708830
0.181757015 0.944386126 0.274042393
0.229978267 0.930673376 0.284529548
-0.158883606 0.934617640 0.318191557
-0.134916100 0.922229903 0.362339138
-0.138342322 0.938567186 0.316153504
-0.019157514 0.986662282 0.161649408
0.235821224 0.911903047 0.335888647
-0.057611046 0.952720080 0.298337756
-0.043893313 0.948738682 0.312998866
-0.087710421 0.953037743 0.289872286
0.337866534 0.892198908 0.299712051
0.306376277 0.902558924 0.302524321
0.303431634 0.904260450 0.300403533
0.207524966 0.922113545 0.326557803
0.206616831 0.922668776 0.325563841
0.198831684 0.919572948 0.338897559
0.429095311 0.869175695 0.245786138
0.389145440 0.894135150 0.221558478
0.406287475 0.880620889 0.243797739
0.025198305 0.989363801 0.143263097
0.204227713 0.973484924 0.103044374
0.171989430 0.981173227 0.087856327
0.143773164 0.986906131 0.073113373
0.254878167 0.910630212 0.325253343
0.177260638 0.935685525 0.305075834
0.206131088 0.974376190 0.090005639
0.145620936 0.987516435 0.060048598
0.384438412 0.877046280 0.288091879
0.357210803 0.886613131 0.293798566
0.368191780 0.881290726 0.296245623
0.420615331 0.863223806 0.279154804
0.409879376 0.869098737 0.276886768
0.303820388 0.941180136 0.147895650
0.264328541 0.954115879 0.140688708
0.335182127 0.926588461 0.170548425
0.431636216 0.864277757 0.258290797
0.430656886 0.867979105 0.247279032
0.452065299 0.858437964 0.242324632
0.136371833 0.987559711 0.078284995
0.394182771 0.863347261 0.315041982
0.375839817 0.867339230 0.326292955
0.374689672 0.857005508 0.353764341
0.103439247 0.993824122 0.040173825
0.083490982 0.996286634 0.021028536
0.055949065 0.997819298 0.035019280
-0.117121911 0.913901968 0.388671648
-0.116178439 0.912550729 0.392114445
-0.024014229 0.940423257 -0.339156918
-0.061384958 0.969748137 0.236263492
-0.062863996 0.969704050 0.236055444
-0.062507748 0.968918896 0.239351109
-0.147424593 0.906547372 0.395522252
-0.146229801 0.908159895 0.392253044
-0.131490425 0.904083580 0.406624088
-0.136068902 0.909605354 0.392560000
-0.216809282 0.934043333 0.283825276
-0.215057568 0.940163649 0.264277420
-0.208116818 0.934954886 0.287309505
-0.015600241 0.912781815 0.408149470
-0.043294704 0.921158794 0.386771308
-0.042484447 0.908124401 0.416539486
-0.028851458 0.891292365 0.452510235
-0.009932840 0.892136386 0.451656957
-0.033686711 0.898144798 0.438407491
0.648422234 0.761267324 -0.004546231
0.639469785 0.768192881 -0.030953044
-0.097187466 0.900823659 0.423168208
-0.077995608 0.900784254 0.427205351
-0.073640344 0.899214756 0.431265489
0.620575919 0.762280394 -0.183886187
0.616660530 0.758262138 -0.211585257
0.594952979 0.766181580 -0.242892446
0.382861681 0.752010158 -0.536560952
0.346117461 0.744384053 -0.571047357
0.355039079 0.744914313 -0.564845040
0.330267280 0.898242407 0.289972590
0.313675653 0.901608702 0.297841119
0.222993487 0.870781943 0.438192553
0.187285300 0.872047664 0.452169314
0.200402127 0.875198737 0.440302348
0.479873089 0.847731146 0.225994960
0.495706246 0.842714780 0.210016946
0.486958005 0.846718639 0.214334898
0.588042336 0.773766085 0.235567945
0.578123713 0.776130178 0.251783478
-0.061408340 0.973701431 0.219395848
-0.063383272 0.971623572 0.227881977
-0.036253964 0.969927804 -0.240677594
-0.035262409 0.969945226 -0.240754690
0.500850407 0.806369654 0.314510493
0.488382591 0.825658603 0.282436392
0.523761086 0.795991866 0.303432487
-0.125799640 0.906281979 0.403518805
-0.137206356 0.914402195 0.380845167
-0.144101685 0.910645897 0.387245083
0.441067001 0.843231462 0.307279356
0.464765633 0.834239474 0.296710980
-0.005987510 0.996887924 0.078604181
-0.003677743 0.998060062 0.062149711
0.211815954 0.862941951 0.458764854
0.241072967 0.863544364 0.442916421
0.242949027 0.858566723 0.451485274
-0.028600208 0.955377929 -0.293998369
-0.027013430 0.952624950 -0.302945507
-0.027593265 0.955776767 -0.292795806
0.638451377 0.767782312 -0.053760218
0.636415432 0.767947888 -0.072328681
0.644708257 0.759643361 -0.085400394
0.630648846 0.775863264 -0.017838944
0.648680349 0.739634722 -0.179316157
-0.111444120 0.925837293 0.361117037
-0.131074591 0.921705514 0.365073139
-0.124569635 0.922535016 0.365255458
0.628392394 0.742352018 -0.232457481
0.642640847 0.731486828 -0.227902966
0.655840278 0.730953334 -0.188628614
-0.012230810 0.982823543 0.184142039
-0.004658601 0.982903053 0.184064898
-0.003953628 0.988730068 0.149657013
0.642837745 0.756133597 -0.122562705
0.640977615 0.755317130 -0.136542042
-0.037190152 0.974278894 -0.222255549
-0.037210407 0.974225614 -0.222485592
0.508406985 0.761505316 -0.402034814
0.521956533 0.759747100 -0.387744404
0.395945712 0.755849741 -0.521457728
0.397234797 0.756107435 -0.520101973
-0.154161567 0.908167374 0.389186628
-0.103154294 0.912536350 0.395773422
-0.010298302 0.998363605 -0.056249953
-0.000257051 0.999788626 -0.020558156
-0.002563250 0.999402887 -0.034457204
0.404581446 0.755811563 -0.514842436
-0.006852405 0.947656126 -0.319219223
0.297827353 0.729289408 -0.615983626
-0.081002137 0.926461305 0.367570543
-0.087537613 0.925897234 0.367493507
0.370585181 0.750904304 -0.546634567
0.353584214 0.746222091 -0.564030846
0.289567294 0.905598924 -0.309905424
0.319365497 0.894990346 -0.311444955
0.292041356 0.898102576 -0.328821546
-0.009469845 0.978554883 -0.205768468
-0.007022645 0.974691465 -0.223444022
0.441375320 0.760686468 -0.475966305
-0.027700742 0.963588769 -0.265949907
-0.030952351 0.962199874 -0.270579663
-0.019142009 0.963537095 -0.266889211
0.622787292 0.780486151 0.054565167
0.608291275 0.791090882 0.064474354
0.617076736 0.786761610 0.014915454
-0.028680069 0.961731422 -0.272488761
0.503403764 0.841140807 0.197653213
0.510238819 0.839703199 0.185889441
0.525595936 0.843450852 0.111083630
0.570962473 0.811917523 0.121621504
0.552693781 0.829348876 0.081914756
0.397292923 0.751254303 -0.527043930
0.373149184 0.747412440 -0.549667474
0.105069091 0.994370525 0.013702023
0.057578205 0.998304389 0.008549741
0.261167626 0.964784799 0.031333098
0.241631200 0.970322843 0.009377791
0.175086500 0.984538435 0.005365323
0.530776031 0.831866678 0.162094522
0.523420045 0.833997863 0.174582420
0.605606799 0.792570155 0.071224678
0.595972011 0.801602752 0.047438269
0.587853693 0.806054781 0.068583715
0.039059517 0.998821236 -0.028818267
-0.080307851 0.987128949 -0.138300710
-0.078594271 0.986975409 -0.140365532
-0.074433193 0.988367045 -0.132628367
0.551781315 0.821066729 -0.146242290
0.557056366 0.811121686 -0.178240892
0.535374949 0.823539481 -0.187500366
0.569913854 0.813691887 -0.114471447
0.585834312 0.807972358 -0.063077950
0.589572407 0.803168632 -0.085583443
0.538231703 0.830136497 0.145533605
0.550946171 0.823698574 0.134085699
-0.012756500 0.997666641 -0.067071194
0.004304814 0.999600961 -0.027917508
-0.010607494 0.997717023 -0.066695002
-0.073563797 0.980922491 -0.179942865
-0.067523577 0.984310659 -0.163012558
0.521024393 0.755851589 -0.396512241
0.528298485 0.755231839 -0.387976263
0.518072876 0.749500869 -0.412127338
0.545241707 0.792941041 -0.271948500
0.541519757 0.802461705 -0.250622356
0.544127471 0.803709593 -0.240782445
0.536073921 0.837384862 -0.106823890
0.548702396 0.826792455 -0.123854418
0.517647419 0.844304229 -0.138533457
0.513043605 0.782467319 -0.352889720
0.517778865 0.772356697 -0.367926869
0.504627272 0.777870902 -0.374523933
0.171397926 0.561963842 -0.809209114
0.191127827 0.568390781 -0.800251257
0.169859091 0.571313572 -0.802962447
0.508896882 0.752376938 -0.418273723
0.514215385 0.740937503 -0.431965456
0.512484244 0.743443511 -0.429711119
0.515120899 0.738046498 -0.435818571
0.518527897 0.728853060 -0.447104055
0.525981792 0.728474053 -0.438940439
0.529155878 0.716390377 -0.454729463
0.522450170 0.713664932 -0.466613528
0.536863253 0.774337777 -0.334931120
0.539452510 0.766739419 -0.347996626
0.528608632 0.769102209 -0.359241850
0.641312933 0.758004525 0.118940579
0.651635104 0.744351917 0.145986007
0.645796462 0.741521501 0.181914244
0.157495870 0.973802499 -0.164023609
0.139435807 0.973962937 -0.178756410
0.109413062 0.979859006 -0.167048228
0.601955626 0.798479084 -0.008976487
0.609563866 0.792696422 0.008017195
0.606496085 0.794397335 0.033096421
0.548732719 0.702219268 -0.453630360
0.545553304 0.711924310 -0.442193814
0.538745315 0.712751058 -0.449154110
0.625120798 0.716245969 -0.310186558
0.621273636 0.716431545 -0.317403388
-0.065750340 0.947390892 -0.313252917
-0.021168411 0.946291420 -0.322621212
-0.016857012 0.973154180 0.229536015
-0.023809545 0.968932547 0.246176411
-0.060821709 0.972239728 0.225943868
-0.058306430 0.974773699 0.215445113
0.195203819 0.913516410 -0.356907884
0.223763242 0.903933684 -0.364463862
0.172227429 0.918299895 -0.356458995
0.436552082 0.802753797 -0.406212531
0.415190803 0.814719915 -0.404781492
0.411738745 0.820145268 -0.397281947
0.112139503 0.931950843 -0.344807712
0.141143334 0.924799647 -0.353304645
0.485806410 0.762972964 -0.426455611
0.477751587 0.766435903 -0.429336031
0.466214764 0.775689106 -0.425382422
0.501360340 0.774519750 -0.385690246
0.504484219 0.767924888 -0.394698669
0.496641674 0.774925028 -0.390945327
0.524534616 0.706945455 -0.474438152
0.523757644 0.710015574 -0.470697159
0.589213872 0.682259164 -0.432838821
0.592988760 0.671376583 -0.444542253
0.602596119 0.666083336 -0.439557626
-0.029547633 0.951704579 -0.305590138
0.524263913 0.735034179 -0.429967563
0.514225226 0.741750522 -0.430556129
0.507341742 0.746923334 -0.429778884
0.589132756 0.808035986 -0.000664926
0.584819402 0.810232869 -0.038845394
0.595235309 0.803248023 -0.022080318
0.598437612 0.693192701 -0.401691801
0.592166059 0.691616314 -0.413528998
0.605183312 0.686116340 -0.403729522
0.548735002 0.719629934 -0.425467572
0.556938300 0.713658945 -0.424865439
0.565572999 0.708346281 -0.422341958
0.199068853 0.688466627 -0.697413288
0.153283019 0.664422880 -0.731468764
0.197276268 0.682450498 -0.703806359
0.614015533 0.660023696 -0.432843673
0.619997270 0.644563941 -0.447370888
0.627750379 0.649508068 -0.429032319
-0.031648307 0.962654148 -0.268877996
-0.033668059 0.965893666 -0.256740894
0.506462701 0.755997093 -0.414685335
0.512726967 0.748712825 -0.420166828
0.512067275 0.749890700 -0.418868768
-0.009007198 0.983812838 0.178972540
-0.013387346 0.985185905 0.170966402
-0.008917828 0.989360114 0.145213767
0.616707271 0.787152788 -0.007913924
0.028373357 0.998290048 -0.051107067
0.061870464 0.995191518 -0.075933446
0.280491102 0.924780221 0.257111426
0.591212350 0.645006494 -0.484184447
0.577134826 0.644721954 -0.501247439
0.593941575 0.638595448 -0.489315093
0.485573988 0.614926170 -0.621356345
0.499187271 0.619922939 -0.605398726
0.470315291 0.609382434 -0.638323253
-0.141113447 0.947126191 0.288164836
-0.133118448 0.942563065 0.306356570
-0.150540694 0.936743622 0.315988743
0.588492495 0.665476932 -0.459148164
0.572556144 0.663495723 -0.481614874
0.590515694 0.653305761 -0.473796155
0.511109224 0.623879773 -0.591220256
0.524861082 0.625520642 -0.577273567
0.498341311 0.616843891 -0.609228653
0.645462936 0.756667456 -0.104076699
0.525619087 0.628492774 -0.573342313
0.537649223 0.635348286 -0.554315676
0.548918629 0.638521563 -0.539424278
-0.001912590 0.986034168 -0.166532162
-0.001695157 0.985013623 -0.172468225
0.478419826 0.610794638 -0.630907585
0.464452377 0.605346748 -0.646404907
0.369915719 0.894054560 0.252643633
0.644935333 0.761002273 0.070242126
0.640868598 0.760225688 0.106509828
0.512359253 0.837967890 -0.187877120
0.486589969 0.850418786 -0.200045222
0.504846141 0.846734173 -0.167844017
0.125237944 0.932001071 -0.340131535
0.090698618 0.936577631 -0.338520459
0.392376749 0.578938808 -0.714751945
0.401144755 0.582737105 -0.706753388
0.410026918 0.584442214 -0.700217984
-0.056726594 0.984174486 0.167876962
0.263186163 0.560170783 -0.785456388
0.248696037 0.560798834 -0.789718272
0.230132467 0.549005833 -0.803512068
0.492648873 0.619551911 -0.611107615
0.464244118 0.607008393 -0.644994736
0.473828017 0.609499069 -0.635608288
-0.046379001 0.957329084 -0.285254297
-0.047023135 0.949354368 -0.310668808
-0.039089687 0.949323364 -0.311860782
-0.044356840 0.950932290 -0.306202955
0.655217479 0.755158440 0.020634555
0.644323907 0.762833333 0.054148038
0.657157565 0.752142297 0.049253437
0.661665318 0.733892051 -0.153627682
-0.023484177 0.964635327 -0.262539863
-0.024467313 0.967319064 -0.252379038
-0.022694389 0.966860248 -0.254295549
0.627043895 0.670318471 -0.396848964
0.621864436 0.681653277 -0.385530068
0.616549909 0.676263129 -0.403155540
0.610319101 0.674735376 -0.415021407
0.607027370 0.646855375 -0.461623110
0.620802031 0.636383362 -0.457843920
0.642703237 0.666013514 -0.378627189
0.638162223 0.676318438 -0.367889041
0.636747460 0.665246148 -0.389872074
-0.083098825 0.963035875 -0.256235223
-0.085796504 0.958823476 -0.270733266
0.644643053 0.673283003 -0.362112320
0.644353225 0.683289456 -0.343401283
0.643567300 0.686819919 -0.337786220
0.632561109 0.708425482 -0.313049167
0.636653233 0.708797989 -0.303773059
0.638730579 0.695964109 -0.328111576
0.625964696 0.701171128 -0.341360877
0.634308807 0.682387106 -0.363318283
0.625751285 0.688102795 -0.367355240
0.640040326 0.682676423 -0.352563871
0.639493302 0.669243999 -0.378365944
0.059300632 0.940554088 -0.334427035
0.000388614 0.944062288 -0.329766957
0.638826406 0.652761865 -0.407188863
0.628742601 0.640594402 -0.440819186
0.623971808 0.657091820 -0.422953335
-0.100806708 0.950430511 -0.294142571
0.618609329 0.673147454 -0.405209826
0.600919972 0.693398207 -0.397610505
-0.191360870 0.919545915 0.343243832
-0.180140914 0.919363239 0.349743458
0.613867429 0.697858603 -0.368998848
0.621443552 0.710327808 -0.330518255
0.632570563 0.719014015 -0.287877282
0.643425022 0.716959929 -0.268277284
0.642717143 0.722450429 -0.254911851
0.638184992 0.724308855 -0.260953249
0.631098020 0.722796107 -0.281568956
0.639009394 0.726079108 -0.253921488
0.649399998 0.723506282 -0.234133087
0.658182092 0.732470319 -0.174021738
0.647978299 0.725387604 -0.232243296
0.641865003 0.736518197 -0.213425075
-0.068918630 0.921456098 0.382320393
-0.000575367 0.999867472 0.016269858
-0.000909875 0.999586742 0.028731814
-0.000748724 0.999929938 0.011813449
0.624028303 0.714169613 -0.317096893
0.575061338 0.643841068 -0.504750568
0.554052479 0.634043594 -0.539457664
0.558712744 0.642411818 -0.524544685
-0.068858337 0.989332426 -0.128373988
-0.053248679 0.990457406 -0.127116895
-0.060543960 0.989752813 -0.129320527
-0.142084629 0.950785468 -0.275352413
-0.121662271 0.954963883 -0.270633099
0.610277503 0.670952182 -0.421170439
0.117972786 0.600087442 -0.791187389
0.128892922 0.617143500 -0.776221949
0.128792541 0.615629064 -0.777440247
0.335747937 0.739469765 -0.583487609
0.495426845 0.858024832 0.135446036
0.474716613 0.865614609 0.159234061
-0.000634470 0.998196778 -0.060023238
-0.000677793 0.998581144 -0.053246969
0.617743041 0.768106139 0.168542267
0.608886642 0.763805323 0.214145944
0.605805115 0.781330945 0.150073704
0.295153721 0.901391831 0.316823372
0.309602759 0.899342183 0.308755194
0.281138020 0.904558896 0.320522414
0.521101687 0.853286545 -0.018844185
0.534507112 0.844903156 0.020995353
0.565600535 0.824664227 0.004994667
-0.013585057 0.990153644 -0.139324110
-0.029220711 0.989625697 -0.140666733
0.537373702 0.745658603 -0.393983187
0.529012203 0.740040727 -0.415314111
0.533639597 0.754414665 -0.382213675
0.545505351 0.766927739 -0.338002597
0.546062768 0.763736512 -0.344270233
0.542025642 0.756098831 -0.366773447
0.259753518 0.896203929 -0.359647922
0.300617579 0.882031449 -0.362835493
0.287489231 0.884326246 -0.367854635
0.529827689 0.782841099 -0.326255165
0.515070235 0.791059161 -0.330042508
0.518630151 0.796835089 -0.309962267
0.507941627 0.747994717 -0.427199260
0.505876750 0.750753955 -0.424802558
0.515392234 0.743076861 -0.426857850
0.496711896 0.784759304 -0.370715696
0.544308640 0.722150030 -0.426881059
0.535526163 0.727270008 -0.429290185
0.556315825 0.689460183 -0.463850579
0.563103742 0.688608221 -0.456872951
0.586346602 0.689721730 -0.424831258
0.576617329 0.694873224 -0.429725097
0.554058411 0.707057700 -0.439418577
0.567568145 0.694468814 -0.442243674
0.566126134 0.700183625 -0.435021944
0.560646994 0.674247405 -0.480692609
0.546406255 0.688023214 -0.477560740
0.350912038 0.568803322 -0.743857193
0.362029077 0.572466739 -0.735674371
0.372411193 0.573632795 -0.729558305
0.638680542 0.635180188 -0.434319346
0.642449554 0.645614059 -0.412845076
0.637525986 0.644509053 -0.422100342
0.644849547 0.653354484 -0.396606833
0.643294614 0.662279174 -0.384133228
0.631379283 0.659798371 -0.407463262
0.601243408 0.638989570 -0.479790260
0.609515594 0.635568759 -0.473859782
0.615969148 0.635113772 -0.466060624
0.423006109 0.588499164 -0.689009845
0.455734889 0.600153881 -0.657359133
0.434648030 0.593213176 -0.677627640
-0.011226101 0.976936160 0.213236286
-0.003940802 0.979310747 0.202323828
-0.009839461 0.980157664 0.197975098
-0.043242112 0.971271858 0.234010893
-0.039945049 0.971347122 0.234284359
-0.058163830 0.975641426 0.211520158
-0.049902255 0.981543792 0.184611887
-0.054873677 0.978210953 0.200230397
-0.037056331 0.988546297 0.146297802
-0.036219944 0.989118617 0.142591998
-0.033121771 0.990194289 0.135713734
-0.025859803 0.951661530 -0.306058170
-0.027016962 0.957788335 -0.286202007
-0.027161461 0.959070376 -0.281862144
-0.158770494 0.914275566 0.372682331
-0.116652887 0.918127322 0.378727244
-0.151968349 0.911849131 0.381361748
-0.176848865 0.921464688 0.345871809
-0.180161620 0.936966636 0.299391573
-0.115930671 0.904114515 0.411262718
-0.076838775 0.910398176 0.406535316
-0.092284392 0.921309562 0.377719847
-0.098994204 0.915759145 0.389339615
-0.064756266 0.904389796 0.421765009
-0.052900983 0.908024732 0.415562959
-0.042556458 0.902355255 0.428886864
-0.117120725 0.902472650 0.414518820
0.011096439 0.882912181 0.469407019
0.041228518 0.878612565 0.475752214
0.025050395 0.881139410 0.472192564
-0.032720890 0.895393327 0.444072216
-0.008051547 0.888288682 0.459214972
-0.029764719 0.892255603 0.450548555
-0.101234704 0.907502925 0.407664047
-0.105896068 0.904881026 0.412281884
-0.088182096 0.901986539 0.422663225
-0.112786922 0.901105640 0.418673782
-0.053500804 0.897828935 0.437082221
-0.072731001 0.898327408 0.433264434
-0.121780476 0.945694754 0.301381731
-0.091367968 0.948609817 0.302970806
-0.131723067 0.952886068 0.273234650
-0.192937808 0.944424913 0.266151435
-0.184217177 0.945188858 0.269596095
-0.066390531 0.968361139 0.240559769
-0.066116080 0.968588068 0.239720292
-0.054478383 0.978895391 0.196966796
-0.066690336 0.967217580 0.245035819
-0.063687103 0.970539520 0.232372531
-0.056189309 0.977220809 0.204651538
-0.064125488 0.969042579 0.238420642
-0.066551240 0.967044211 0.245756845
-0.040805752 0.987235534 0.153950936
-0.036874834 0.988980345 0.143381043
0.125615404 0.585626989 -0.800788236
0.134827146 0.579816306 -0.803513965
0.127099361 0.592834875 -0.795231139
0.243796766 0.707129215 -0.663725402
0.200521912 0.691579389 -0.693908431
0.477820565 0.754015054 -0.450720319
0.392777320 0.750256907 -0.531827556
0.450749420 0.749943831 -0.484158249
0.591463980 0.740501678 -0.319104411
0.631887234 0.731057887 -0.257435214
-0.027636862 0.946161460 -0.322513094
-0.028855250 0.951406894 -0.306581630
-0.030182433 0.974510882 -0.222300610
-0.027631067 0.950126618 -0.310637946
-0.027048225 0.953271278 -0.300902417
0.484230910 0.757185243 -0.438395864
0.624774662 0.769979539 0.129569018
0.628746704 0.773388674 0.080916884
0.655186093 0.755151288 0.021856700
0.666626009 0.745391898 0.000825624
0.656165458 0.753721422 0.036754712
0.637872843 0.769501959 0.031384259
0.667885472 0.743386883 -0.036123936
0.669418197 0.742582430 -0.021227629
0.661547132 0.742273366 -0.106703525
0.664105078 0.742661581 -0.086129096
0.654586715 0.743918370 -0.134542524
0.602479974 0.793881943 0.082276013
0.606636469 0.785601936 0.121744787
0.654401866 0.748042364 -0.110412039
0.663156665 0.745918028 -0.061883220
0.639372373 0.759757980 -0.118198056
0.646736630 0.759027797 -0.074890156
0.649072902 0.752882908 -0.108957307
0.647699603 0.723639781 0.238391887
0.544942199 0.792648717 0.273397169
0.545307296 0.800028776 0.250187751
0.662521593 0.748626799 -0.024961047
0.649989840 0.759678159 -0.020057488
0.635969077 0.748678380 -0.187147046
0.646081056 0.747664211 -0.153549657
0.641254364 0.743791355 -0.188592846
0.535415762 0.733249705 -0.419135815
0.537706805 0.742154411 -0.400097766
0.540510819 0.744303786 -0.392249829
0.602777886 0.740083957 -0.298218975
0.582825096 0.739819946 -0.336126993
0.145547535 0.645330879 -0.749909309
0.182220172 0.661231140 -0.727715046
0.187953257 0.673565787 -0.714830542
0.651512313 0.749467074 0.117604472
0.630877019 0.774341682 -0.048878897
0.633238151 0.773933733 0.006001747
0.640790959 0.767153991 -0.029354735
0.632516740 0.711586969 0.305886515
0.638753899 0.719910272 0.271519165
0.650082001 0.719759189 0.243598239
0.148675099 0.566866509 -0.810282713
0.157024747 0.562860622 -0.811499322
0.141698559 0.568614653 -0.810307901
0.630441684 0.736020058 -0.246612565
0.659892073 0.720300165 -0.213799263
0.657321633 0.721303180 -0.218288783
0.620387844 0.731730065 -0.282294235
0.620878428 0.740278969 -0.257870171
0.304011091 0.725761445 -0.617128497
0.305322130 0.728485686 -0.613259327
0.517849245 0.744304954 -0.421713523
0.570161180 0.738588412 -0.359726823
0.290167995 0.705111739 -0.647008478
0.353504618 0.726742469 -0.588965083
0.289500688 0.714295631 -0.637158617
0.549008157 0.767746553 -0.330386551
0.548243028 0.767010743 -0.333352820
0.549868469 0.774685937 -0.312260093
0.606504148 0.727851117 -0.319977296
0.596311728 0.731364269 -0.330935991
0.610499670 0.752776145 -0.246207696
0.619771423 0.770289011 -0.150127356
0.429878918 0.730106525 -0.531176598
0.326630287 0.703914158 -0.630727765
0.403907777 0.719171299 -0.565376999
0.550898219 0.771824175 -0.317487944
0.549512457 0.766555455 -0.332308282
0.551766316 0.780335977 -0.294329228
0.566697473 0.800117376 -0.196637125
0.597972688 0.795935682 -0.094419562
0.597914669 0.793015949 -0.116720833
-0.036868219 0.989332122 0.140935042
-0.037603688 0.989338468 0.140695980
-0.060874976 0.968023975 0.243359449
-0.057992442 0.971834829 0.228416159
-0.058142677 0.972714540 0.224601542
-0.041318800 0.976637907 0.210881850
-0.038361600 0.977104190 0.209274437
-0.037314051 0.979089515 0.199978456
-0.047573758 0.984101398 0.171117435
-0.049520931 0.981869717 0.182974139
-0.047850155 0.983488570 0.174529642
-0.054965544 0.975652869 0.212321146
-0.052247541 0.978250830 0.200737410
-0.052522734 0.978794127 0.197998533
-0.002486411 0.999612834 0.027712799
-0.004340865 0.999554471 0.029529915
-0.003999376 0.999394989 0.034549402
-0.001242657 0.999298211 -0.037437166
-0.001704341 0.998918310 -0.046468333
-0.044041732 0.987291950 0.152692279
-0.039169838 0.988778811 0.144160282
-0.020467454 0.997940954 0.060785980
-0.031057626 0.994694270 0.098075144
-0.030663743 0.994918052 0.095905186
-0.128007686 0.947626005 0.292607222
-0.120723424 0.951621874 0.282562674
-0.100318850 0.955092300 0.278809661
-0.074620885 0.960880529 0.266721453
-0.041881302 0.964883642 0.259317400
-0.225952684 0.909089723 0.350001799
-0.178407305 0.934324576 0.308558618
-0.178797888 0.913330458 0.365867174
-0.170138227 0.934384176 0.313016287
-0.162448573 0.919794975 0.357194157
-0.164940104 0.915089109 0.367976473
-0.155547596 0.928930217 0.335996424
-0.159373966 0.930203965 0.330636541
-0.167860045 0.920133878 0.353803125
-0.170330380 0.919816075 0.353448653
-0.152213120 0.940878990 0.302618393
-0.165925382 0.915162399 0.367350721
-0.164180123 0.918205607 0.360476561
-0.160212585 0.922989096 0.349890064
-0.154048835 0.930407902 0.332580956
-0.150980273 0.928968692 0.337967642
-0.146277491 0.934682996 0.323991657
-0.109870856 0.954029615 0.278847430
-0.122709825 0.947779617 0.294374075
-0.110761347 0.958475718 0.262785504
-0.137675503 0.919626460 0.367875835
-0.133146873 0.920508992 0.367335141
-0.148684502 0.917206817 0.369627616
-0.173254020 0.911336141 0.373429354
-0.178252480 0.911386336 0.370946089
-0.178994434 0.907582917 0.379808163
-0.178792812 0.906638551 0.382151368
-0.162206573 0.908967365 0.384014786
-0.181154157 0.905189518 0.384467304
-0.175368934 0.910468094 0.374557856
-0.179657636 0.907423668 0.379875533
-0.210586679 0.923698548 0.320053502
-0.217699508 0.929648502 0.297255086
-0.165820684 0.919782758 0.355672853
-0.167205643 0.918635088 0.357983028
-0.167583660 0.908814645 0.382062374
-0.122252932 0.917013778 0.379657677
-0.145562891 0.908228320 0.392342662
-0.141322264 0.916678880 0.373801884
-0.171961189 0.917878928 0.357669711
-0.193042720 0.936801469 0.291783338
-0.207239295 0.933303662 0.293250999
-0.172728706 0.914209801 0.366585916
-0.067300638 0.974861841 0.212402953
0.009942251 0.966504200 0.256458151
-0.184002164 0.933226152 0.308597073
-0.182135096 0.926018323 0.330631022
-0.194039893 0.926545369 0.322276588
-0.068766639 0.983355491 0.168175881
-0.054739568 0.986025873 0.157342168
-0.019247519 0.981593776 0.190008401
-0.019162412 0.987521498 0.156314087
-0.015258301 0.994743729 0.101252648
-0.015686171 0.994871431 0.099923873
-0.006323252 0.998055137 0.062015798
-0.008714871 0.996606246 0.081853780
-0.008010048 0.980609520 0.195808090
-0.022586298 0.988836398 0.147283529
-0.016712284 0.991618964 0.128111393
0.065658827 0.997504818 0.025943334
0.050691540 0.998370981 0.026186870
0.058073654 0.997908483 0.028392092
0.034223972 0.999144332 0.023223347
0.019492716 0.999808834 0.001526528
0.042716755 0.999028827 0.010801911
0.035123520 0.999295166 0.013248024
-0.011697307 0.989653988 -0.142997049
-0.009305471 0.989925848 -0.141280653
-0.011181139 0.990909873 -0.134061949
-0.005646959 0.999966355 -0.005949931
-0.004656303 0.999969629 -0.006249717
-0.003725189 0.999934215 -0.010848421
-0.002878252 0.999363432 -0.035559050
-0.003116562 0.999586421 -0.028587988
-0.002692632 0.999427110 -0.033737248
-0.004249944 0.997917114 0.064369026
-0.001681224 0.998514000 0.054469853
-0.004679669 0.999464935 0.032371981
-0.005560507 0.999769717 0.020726619
-0.003837082 0.999992033 0.001100649
-0.002654925 0.999059875 0.043270276
-0.002136768 0.998590834 0.053026221
-0.030023762 0.982110201 0.185898163
-0.027652235 0.983209866 0.180371041
-0.032581258 0.982856247 0.181471922
0.158037811 0.981432642 0.108692319
0.119611113 0.987129701 0.106151471
0.330402236 0.911001342 0.246801372
0.326179726 0.920934997 0.213273339
0.355090860 0.914453714 0.194125955
0.231875251 0.971322697 0.052593599
0.207643149 0.977594322 0.034549441
0.155465319 0.986849847 0.044248316
0.293482581 0.937950116 0.184709379
0.331399191 0.923822542 0.191641557
0.180931458 0.972520957 0.146515514
0.215002583 0.960615198 0.176046391
0.252673453 0.951036776 0.178003307
0.476915030 0.859205326 0.185251889
0.259382157 0.962026658 0.085003565
0.284925375 0.951924729 0.112502631
-0.138939725 0.918004418 0.371434573
-0.152008740 0.914306891 0.375414773
-0.173144164 0.907326536 0.383118331
-0.092343937 0.918256363 0.385068630
-0.088051640 0.926300180 0.366353497
-0.015550095 0.999751082 0.015999039
-0.022096345 0.999531599 0.021173882
-0.006340097 0.999596177 0.027699934
-0.004826892 0.999770710 0.020862128
-0.003950827 0.973966409 -0.226657949
-0.002534317 0.977316188 -0.211770269
-0.006484636 0.976598295 -0.214973765
-0.006208280 0.977002474 -0.213137570
-0.007676764 0.975084019 -0.221703006
-0.037161458 0.998755969 0.033249655
-0.036452125 0.998925615 0.028615691
-0.021704810 0.996819064 -0.076685429
-0.026916004 0.997005891 -0.072489882
-0.001313529 0.998498930 -0.054755478
-0.000938827 0.998212538 -0.059756572
-0.006262760 0.994461476 -0.104914970
-0.008507411 0.992558328 -0.121472589
-0.010799508 0.993306762 -0.115000205
-0.011081936 0.991983622 -0.125879645
0.020956910 0.999714264 0.011497736
0.018603035 0.999676942 -0.017318758
-0.064838333 0.969801231 -0.235120317
-0.066089159 0.975324362 -0.210652823
-0.030070813 0.972116841 -0.232560947
-0.031847674 0.970455132 -0.239170572
-0.025848789 0.970592972 -0.239334750
-0.023072614 0.990604285 -0.134799127
-0.024562870 0.990879591 -0.132492645
-0.028135367 0.987153679 -0.157276872
-0.020332707 0.970681368 -0.239508376
-0.018555644 0.972325012 -0.232894309
-0.003588869 0.987689013 -0.156389043
-0.006838406 0.988930724 -0.148220308
-0.006571553 0.987357295 -0.158374197
-0.015100643 0.990043844 -0.139946980
-0.013224631 0.989024193 -0.147160643
-0.053966303 0.987341087 -0.149148302
-0.049802411 0.988698662 -0.141402529
0.055695521 0.965777800 -0.253320448
0.079879636 0.970214184 -0.228699979
0.091308160 0.962565646 -0.255206186
0.530127846 0.812557575 -0.242311068
0.531278898 0.801837351 -0.273495146
0.261092128 0.888743028 -0.376784727
0.283569246 0.881981834 -0.376425993
-0.012567618 0.970024871 -0.242680459
-0.006551631 0.972433528 -0.233088200
-0.077076218 0.956688910 -0.280723325
-0.073874458 0.959386101 -0.272251489
-0.085445763 0.955870518 -0.281088198
-0.012529623 0.969370954 -0.245281395
-0.015249593 0.966901192 -0.254694984
-0.004539483 0.978103903 -0.208067651
-0.005731932 0.976639506 -0.214807868
-0.041925112 0.957822823 -0.284284585
-0.016565340 0.964389385 -0.263967239
-0.013249510 0.965109875 -0.261509806
-0.112009236 0.948728793 -0.295580121
-0.079464705 0.952891302 -0.292717487
-0.062253482 0.954515063 -0.291591322
-0.077596146 0.952343287 -0.294993394
-0.016235412 0.961645756 -0.273813533
-0.009222285 0.963431288 -0.267796758
-0.012692500 0.961902601 -0.273097576
-0.027600498 0.936578445 -0.349369474
-0.026563376 0.939640535 -0.341130549
-0.027890081 0.940536822 -0.338544871
-0.028227673 0.953892458 -0.298818303
-0.031018741 0.952438891 -0.303146823
-0.030850515 0.952319930 -0.303537472
-0.091081098 0.955381811 -0.280980122
-0.085900769 0.956740770 -0.277971504
-0.087429779 0.957275331 -0.275644654
-0.089617792 0.963029392 -0.254053227
-0.085587303 0.963825723 -0.252417886
-0.082919590 0.965074087 -0.248508247
-0.075780928 0.967192521 -0.242478614
-0.073165062 0.979894372 -0.185617602
-0.069651250 0.979578955 -0.188610112
0.267530880 0.901215865 -0.340935761
0.297491732 0.891114174 -0.342657553
0.221734883 0.908804541 -0.353423186
0.235085452 0.907268996 -0.348708759
-0.163596443 0.950942763 0.262572020
-0.133363735 0.955109110 0.264538660
0.069692657 0.933634245 0.351383026
0.109185658 0.929785579 0.351535586
0.100914477 0.929507779 0.354727440
0.188265401 0.865770913 0.463677545
0.165515066 0.869475160 0.465422077
0.283643065 0.908215016 0.307720809
0.315379235 0.898566062 0.305147458
0.030824946 0.930994754 0.363728732
0.013362775 0.921368893 0.388459520
0.060585534 0.925668402 0.373453348
0.169179501 0.860625837 0.480313923
0.190126468 0.860735966 0.472213428
0.192827545 0.858242622 0.475643921
0.278948800 0.912816900 0.298249685
0.241716250 0.924816145 0.293748793
0.345385436 0.890979730 0.294727030
0.325888744 0.895766418 0.302322758
0.359056116 0.844790306 0.396746827
0.334375607 0.849825027 0.407419166
0.352972556 0.847924690 0.395517502
0.447132602 0.836351855 0.317156130
0.422802843 0.843626642 0.330955957
0.425203375 0.828822021 0.363670383
0.433426972 0.828275230 0.355107313
0.405884613 0.836838328 0.367368064
0.483818020 0.807465768 0.337519121
0.505653999 0.777204250 0.374523147
0.504051314 0.786033936 0.357886747
0.128101363 0.990045476 0.058309494
0.162995722 0.986264531 0.026733321
0.137324274 0.990423090 0.014287981
0.093545604 0.994041754 0.055948289
0.355583882 0.923750704 0.142284009
0.365995188 0.927031873 0.081605324
0.386984172 0.918805532 0.077715146
0.304735891 0.951638304 0.038994548
0.202411496 0.978531763 -0.038796591
0.288242996 0.957470808 -0.012869632
0.239311982 0.970310009 0.035046556
0.117214371 0.993077049 -0.007665845
0.106610655 0.993848171 -0.029999674
0.068564240 0.997424220 -0.021068245
0.476308171 0.874070709 0.095555853
0.418423472 0.906674436 0.053509494
0.391891299 0.912970350 0.113606116
0.394825189 0.908041316 0.139907253
0.448191914 0.881949230 0.145909436
0.587557387 0.808407782 0.035400198
0.577639839 0.816079105 0.018630913
0.608153628 0.722472098 0.328912195
0.593705721 0.721934754 0.355420496
0.581679571 0.733808853 0.350960744
0.382139217 0.882553505 0.273987097
0.358535467 0.887633501 0.289065888
0.374506777 0.884965084 0.276733579
0.403359236 0.839999562 0.362907787
0.397358269 0.847016602 0.353085375
0.583841355 0.811831726 0.007649908
0.578569795 0.814905274 -0.034443956
0.498162841 0.866408270 0.034212481
0.444770687 0.895640774 -0.002576782
0.453945554 0.890358949 0.034559744
0.154121306 0.962695683 -0.222404238
0.089979432 0.973809438 -0.208803449
0.128800787 0.971095596 -0.200956961
0.032048779 0.981582067 -0.188333537
0.020535335 0.985275363 -0.169737321
0.510473136 0.643711588 -0.570133817
0.517464205 0.654366338 -0.551394135
0.508419070 0.648393590 -0.566653157
0.558478965 0.654154633 -0.510081329
0.548187658 0.648866259 -0.527695811
0.564323252 0.646083863 -0.513921113
0.536304312 0.760354132 -0.366386788
0.544643243 0.765708638 -0.342131583
0.531652789 0.714374348 -0.454988574
0.526011905 0.687828272 -0.500203703
0.527745771 0.705589449 -0.472893150
0.598385861 0.800824626 -0.024784681
0.620837155 0.781924189 0.056176410
0.582495773 0.783323578 -0.217031903
0.546566501 0.780302531 -0.303962201
0.528900584 0.791880242 -0.305270133
0.510005660 0.758829302 -0.405058412
0.520157855 0.764453245 -0.380850420
0.431623762 0.850491371 -0.300608310
0.425523115 0.859581521 -0.282930534
0.452445859 0.845130217 -0.284688708
0.529892735 0.717558175 -0.452022073
0.526591861 0.727100658 -0.440483423
0.490954007 0.775786250 -0.396383472
0.487790965 0.782319962 -0.387344101
0.518000362 0.737207558 -0.433820978
0.546290126 0.718770539 -0.430041871
0.563153665 0.707519433 -0.426935829
0.528757674 0.732605400 -0.428607804
0.533923732 0.728929483 -0.428470836
0.526738786 0.735430586 -0.426248875
0.520614606 0.739479904 -0.426766802
0.575082460 0.681622309 -0.452406003
0.544038021 0.717545731 -0.434914654
0.586360172 0.693472330 -0.418662007
0.598894087 0.680785372 -0.421731135
0.540264792 0.722954960 -0.430639153
0.526930475 0.732507371 -0.431018822
0.579527051 0.700445238 -0.416563160
0.519003512 0.636444785 -0.570590387
0.505050996 0.628029960 -0.592031976
0.516035874 0.630262279 -0.580065889
0.381457679 0.575581083 -0.723323203
0.541176554 0.629632418 -0.557396588
0.514680955 0.620896512 -0.591262239
0.524502164 0.621924935 -0.581469565
0.634022350 0.634087327 -0.442661181
0.618827100 0.638058741 -0.458185621
0.535664541 0.695327699 -0.479148088
0.520792980 0.645741158 -0.558384302
0.532304211 0.649485178 -0.542974429
0.531031511 0.653435126 -0.539470176
0.569963081 0.648358492 -0.504750782
0.542103372 0.627979777 -0.558359501
0.576652606 0.662586579 -0.477965268
0.560727929 0.633097019 -0.533640660
0.582759738 0.637648897 -0.503780678
0.573071950 0.635244317 -0.517738542
0.549325680 0.633082946 -0.545387276
0.560333926 0.638797538 -0.527222530
0.542918909 0.634964539 -0.549599029
0.628889174 0.632771216 -0.451773168
0.592498411 0.640595385 -0.488449779
0.573264040 0.637570972 -0.514656776
0.567011103 0.639626655 -0.519014597
0.604185512 0.642023554 -0.471980532
-0.065695883 0.959204761 0.274973232
-0.012079991 0.982171469 0.187598718
-0.009974434 0.981624715 0.190560828
-0.025725457 0.976473405 0.214097850
-0.017260065 0.979338166 0.201491557
-0.038343403 0.974808834 0.219721461
-0.047259965 0.970981702 0.234437689
-0.016060381 0.981730159 0.189599471
-0.019910224 0.982545013 0.184956431
-0.021245231 0.981661895 0.189442771
-0.044938473 0.983124903 0.177330086
-0.046407609 0.983676722 0.173857529
-0.045656075 0.982288545 0.181727096
-0.065115519 0.957516643 0.280930326
-0.063098209 0.960088481 0.272486192
-0.064942367 0.958587954 0.277293390
-0.037021945 0.975698102 0.215968956
-0.060538325 0.962681552 0.263778962
-0.059066915 0.963272801 0.261947725
-0.056320536 0.966723982 0.249545066
-0.079395880 0.949938649 0.302180173
-0.079117892 0.949566802 0.303419261
-0.066680116 0.955616417 0.286968685
-0.081070419 0.949000900 0.304671755
-0.027117760 0.956691137 -0.289839085
-0.026874673 0.959298634 -0.281111868
-0.027978387 0.962697945 -0.269127991
-0.027905747 0.957911722 -0.285703347
-0.028441520 0.961983097 -0.271624007
-0.027273194 0.959114913 -0.281699762
-0.049177206 0.902398213 0.428087687
-0.075761759 0.928682394 0.363055323
-0.048891866 0.933664360 0.354796348
0.033895234 0.899717156 0.435155321
0.062826533 0.907593051 0.415123693
0.014185367 0.908248015 0.418191724
-0.097847201 0.933286842 0.345545361
-0.063002634 0.969870695 0.235332750
-0.058748223 0.974430429 0.216873199
-0.043375106 0.985635935 0.163218882
-0.046689402 0.983532287 0.174597651
0.430001775 0.757208430 -0.491664385
0.475897065 0.757359854 -0.447133129
0.529752529 0.750385618 -0.395327312
0.593490635 0.737286043 -0.322766412
-0.033314836 0.978880260 -0.201701655
-0.031655468 0.976775520 -0.211913931
-0.027936245 0.963412015 -0.266564919
-0.027768862 0.964129144 -0.263977054
-0.027974430 0.962400893 -0.270188736
0.599075859 0.759418622 0.253754748
0.587191277 0.751862599 0.299848355
0.608745688 0.742791238 0.278729015
0.566149319 0.755385627 0.329950759
0.556879476 0.772505930 0.305155432
0.630336050 0.715693293 0.300764982
0.580017648 0.733546231 0.354244908
0.549631604 0.754090961 0.359516234
0.648445168 0.742165727 0.169437001
0.644623281 0.736585010 0.204703074
0.467906733 0.832322948 0.297156188
0.482570749 0.833363903 0.269499680
0.468004755 0.848894475 0.245661797
0.618471037 0.727765360 0.296396959
0.298289681 0.721669235 -0.624673340
0.233281193 0.695990788 -0.679099925
0.543194459 0.734549645 -0.406665217
0.170905896 0.558025426 -0.812033742
0.163956026 0.559869657 -0.812197260
0.534729968 0.716893959 -0.447355466
0.474278704 0.772398133 -0.422446250
0.517106310 0.785618147 -0.339713396
0.533746579 0.842434045 0.073617045
0.547959847 0.835265663 0.045511287
0.535208815 0.840658831 0.082730013
0.466004150 0.757704757 -0.456862818
0.507076419 0.762289039 -0.402229941
0.483617465 0.750933280 -0.449681395
0.603067088 0.783109369 -0.151821619
0.412049600 0.621478254 -0.666318172
0.427734151 0.620056117 -0.657703510
0.425725365 0.625040498 -0.654279978
0.519966030 0.792581578 -0.318511805
0.503897112 0.788875485 -0.351799900
0.554801204 0.805203871 -0.209385650
0.548047656 0.775062257 -0.314519100
0.541907734 0.768053292 -0.341218622
0.430985186 0.726137661 -0.535701285
0.449473544 0.738249182 -0.502952959
0.442518607 0.751822343 -0.488815351
0.231285679 0.586821771 -0.775981407
0.232875513 0.577590673 -0.782405272
0.553011772 0.787415687 -0.272313269
0.556334914 0.794176830 -0.244488499
0.556240205 0.792036875 -0.251544079
0.457380622 0.762933292 -0.456876087
0.473274629 0.753487308 -0.456363892
0.517074609 0.779743131 -0.353036115
0.517269432 0.773047312 -0.367192304
0.542100525 0.799547168 -0.258556274
0.588307425 0.788184937 0.180717676
0.587919494 0.806211573 0.066132965
0.562440348 0.817856384 0.121539251
-0.046243995 0.983808134 0.173156137
-0.052759680 0.979481327 0.194506419
-0.058496021 0.973451095 0.221294333
-0.059557967 0.972866445 0.223570411
-0.021610803 0.994226178 0.105106040
-0.044718856 0.987692725 0.149877634
-0.001782155 0.999608018 0.027939840
-0.001621041 0.999937951 0.011021200
-0.012662649 0.992637468 0.120459599
-0.011660476 0.989664152 0.142929702
-0.008932825 0.994027967 0.108759389
-0.034075319 0.993289226 0.110523239
-0.037039611 0.992218380 0.118872846
-0.031305694 0.994008316 0.104725459
-0.041404135 0.989897210 0.135606827
-0.041052890 0.988260948 0.147156237
-0.038803122 0.990895620 0.128919309
-0.029183496 0.999294547 0.023637520
-0.030080224 0.999076564 0.030678987
-0.136326543 0.945021764 0.297235494
-0.108674747 0.952786186 0.283528275
-0.063153213 0.980846599 0.184259657
-0.067441073 0.979909266 0.187695317
-0.072179550 0.977219194 0.199581459
-0.170329335 0.912071013 0.372980407
-0.160965092 0.921361710 0.353811869
-0.164836673 0.919716391 0.356301320
-0.162600520 0.922909669 0.348996868
-0.199406306 0.930835766 0.306238309
-0.199908656 0.912919435 0.355829502
-0.201151897 0.937481046 0.284019723
-0.150423448 0.928050337 0.340727691
-0.165248787 0.928614137 0.332217733
-0.157313127 0.932350861 0.325537175
-0.186155735 0.907017470 0.377710671
-0.197746049 0.913539926 0.355445219
-0.194568994 0.908181124 0.370607545
-0.169361026 0.914611453 0.367154918
-0.165228524 0.918569920 0.359066619
-0.162504809 0.920431076 0.355526119
-0.173036467 0.910119530 0.376484824
-0.157237932 0.949394187 0.271895036
-0.056843361 0.959828310 0.274769810
-0.174397292 0.940806627 0.290634609
-0.177234327 0.937632972 0.299052508
-0.088005914 0.966462787 0.241256380
-0.095119146 0.965823345 0.241117427
-0.085273163 0.968176869 0.235291391
-0.091062893 0.963351597 0.252311812
-0.035201588 0.989068569 0.143192925
-0.011662168 0.988947377 0.147807576
0.027414041 0.994986815 0.096175406
0.026840170 0.992261511 0.121229945
-0.005138322 0.992847802 0.119276313
-0.009667222 0.996607088 0.081736511
-0.012134996 0.995727638 0.091538046
-0.002606267 0.999393388 0.034728420
-0.002020556 0.999826569 0.018513479
-0.001668583 0.999178602 0.040488725
-0.026113375 0.987371961 0.156252049
-0.023662569 0.991485152 0.128051849
0.002796306 0.997510685 0.070460012
-0.001069954 0.998417239 0.056230528
-0.006423686 0.997657552 0.068103929
-0.048612553 0.988878354 0.140557538
0.016229480 0.997396730 0.070259288
0.010875740 0.996562438 0.082128109
-0.015158071 0.995266239 0.095996594
-0.010036322 0.993204498 0.115948683
0.002564429 0.994751038 0.102292701
0.084751734 0.995568407 0.040751566
0.067111379 0.996984782 0.038953917
0.025916785 0.999436112 0.021348946
0.033894104 0.998750189 0.036732144
-0.001278969 0.999051525 -0.043524863
-0.002001427 0.999336580 -0.036364741
-0.001731745 0.998852270 -0.047865886
-0.006374274 0.996216328 -0.086674087
-0.004411216 0.996705296 -0.080988233
-0.001316442 0.999991629 -0.003874134
-0.001495085 0.998988501 0.044941512
-0.004537225 0.992188586 0.124664440
-0.002152993 0.996294877 0.085976059
-0.014547208 0.993505573 0.112849699
-0.017271430 0.988985696 0.146999965
0.235425900 0.947459965 0.216550826
0.458418425 0.853138161 0.249013706
0.310352958 0.947659481 0.074983667
-0.001169469 0.997323939 -0.073099889
-0.000466702 0.996589130 -0.082522051
-0.001376375 0.995887491 -0.090588142
-0.003792546 0.999648945 -0.026222192
-0.002795599 0.998754000 -0.049826021
-0.004449729 0.998603115 -0.052649971
-0.004455946 0.992508869 -0.122091313
-0.005141585 0.994032879 -0.108959628
-0.003962879 0.994113419 -0.108271911
-0.003889939 0.996507389 -0.083413980
-0.003204141 0.996299645 -0.085888018
-0.002736824 0.979446233 -0.201686852
-0.001207906 0.979028328 -0.203720579
-0.003833802 0.980721407 -0.195373548
-0.004681167 0.982071549 -0.188450417
-0.003498271 0.984134532 -0.177389359
-0.024424247 0.998964265 -0.038390794
-0.024782070 0.999290879 -0.028347647
-0.027106563 0.998446407 -0.048682720
-0.025150261 0.998619636 -0.046111677
-0.024285121 0.998052347 -0.057460824
-0.002487110 0.995022693 -0.099617541
-0.001145995 0.997010129 -0.077262470
-0.006845044 0.996604183 -0.082056369
-0.008696003 0.994330206 -0.105980284
-0.014415712 0.996503611 -0.082296664
-0.036291192 0.992480387 -0.116900091
0.017344675 0.999848912 0.001147240
0.004818517 0.999896981 -0.013520699
0.019999715 0.999673118 0.015926983
-0.051296383 0.987870281 -0.146563940
-0.045950512 0.986758616 -0.155550585
-0.043040185 0.988466044 -0.145197876
-0.005223611 0.998774152 -0.049223029
-0.020128717 0.995922024 -0.087944057
-0.004607506 0.985011835 -0.172425215
-0.014429845 0.977528158 -0.210310437
-0.019947866 0.977467054 -0.210143382
-0.021857122 0.966819330 -0.254524358
-0.023753850 0.965449986 -0.259503524
-0.013992286 0.966239509 -0.257265287
-0.002823823 0.988480871 -0.151319512
0.054358426 0.976852986 -0.206889837
0.028261760 0.963289690 -0.266972370
-0.005242049 0.961021007 -0.276425658
0.443114251 0.878607582 -0.178040663
0.456465631 0.877194645 -0.148891509
0.492210454 0.857311595 -0.150816772
0.472810171 0.880550245 -0.032890838
0.504816295 0.861839489 -0.048920377
0.537948728 0.790064741 -0.293953860
0.545137641 0.781784353 -0.302717984
0.540482801 0.780206595 -0.314890475
0.411990545 0.858700175 -0.304791405
0.439044822 0.844517800 -0.306642023
-0.006800131 0.967029665 -0.254572946
-0.038699103 0.967043786 -0.251651931
-0.047283056 0.966282319 -0.253106289
-0.048491548 0.960240441 -0.274930654
-0.052507285 0.961214011 -0.270759322
-0.061484551 0.959177026 -0.276041813
-0.004758539 0.966847666 -0.255309513
-0.006390941 0.974827186 -0.222870170
-0.008059274 0.973645979 -0.227922259
-0.002030832 0.981979661 -0.188975717
-0.001745819 0.982854512 -0.184374510
-0.001125283 0.981972018 -0.189022986
-0.057423160 0.949844453 -0.307405425
-0.056560148 0.948208606 -0.312572215
-0.051425451 0.949290586 -0.310165772
-0.025372989 0.958232864 -0.284861352
-0.023313730 0.959702622 -0.280048829
-0.049299906 0.955048880 -0.292320297
-0.051171308 0.955640085 -0.290057795
-0.021610376 0.959441060 -0.281079782
-0.025378402 0.937591393 -0.346811643
-0.024745659 0.935457520 -0.352571809
-0.023851096 0.937398793 -0.347440107
-0.028645005 0.957980018 -0.285401033
-0.029265908 0.960981387 -0.275060503
-0.028454098 0.957813549 -0.285978268
-0.093784643 0.960623584 -0.261546882
-0.082628776 0.963689048 -0.253921060
-0.076501070 0.964986028 -0.250897493
-0.080675205 0.962660193 -0.258412199
-0.035770286 0.984199292 -0.173413495
-0.033660077 0.987406772 -0.154579639
-0.039804251 0.984114872 -0.173013119
-0.089095027 0.953953636 -0.286416717
-0.091566520 0.953862125 -0.285941637
-0.091109389 0.952968220 -0.289051295
-0.057144711 0.962340171 -0.265774110
-0.056060491 0.964300828 -0.258807139
-0.064416660 0.962120196 -0.264906063
-0.062799112 0.955858423 -0.287038231
-0.071561837 0.970337494 -0.230920012
-0.074790381 0.954199809 -0.289670715
-0.103928752 0.957955557 -0.267432168
-0.121953238 0.954187309 -0.273228818
-0.069054283 0.976928720 -0.202093497
-0.068821237 0.978224046 -0.195809481
-0.069835319 0.974346457 -0.213943939
-0.072359196 0.982136738 -0.173699666
-0.066152958 0.982902952 -0.171830070
-0.070479342 0.984337225 -0.161594835
-0.073293685 0.966418366 -0.246299773
-0.068770838 0.972527717 -0.222396969
-0.067888310 0.970703609 -0.230490089
-0.063540148 0.974699404 -0.214298205
-0.145895286 0.948756623 -0.280313104
0.170146147 0.922931014 -0.345323951
0.238090405 0.920072346 -0.311094578
0.229540117 0.913924542 -0.334743583
0.205441000 0.925364333 -0.318582558
0.324076154 0.866726701 -0.379156265
0.316006902 0.908343772 -0.273954797
0.348809292 0.900691463 -0.259011518
0.349685375 0.894798493 -0.277589256
0.355381608 0.848583568 -0.391930913
0.400687104 0.822584458 -0.403490589
0.366205866 0.840128006 -0.400097735
0.163870515 0.930561531 -0.327416693
0.152095247 0.929027780 -0.337304641
0.118894742 0.939216238 -0.322082129
0.350171712 0.864310277 -0.361036726
0.324951901 0.878377601 -0.350512556
0.347138078 0.873637638 -0.340958110
0.137335788 0.958999125 -0.247910388
0.470352853 0.848183722 -0.243623823
0.439829525 0.863338142 -0.247380762
0.463772273 0.857184326 -0.223942649
0.352066975 0.857566552 -0.375004605
0.374087259 0.852423749 -0.365284102
0.476642735 0.795007527 -0.375199594
0.466016372 0.796537531 -0.385171005
0.460393481 0.808092134 -0.367457406
0.280626969 0.919141834 -0.276453962
0.265758183 0.918088001 -0.294086741
0.228988748 0.933044713 -0.277473814
0.279688647 0.924827766 -0.257813621
0.189982228 0.962266315 -0.194808347
0.142125850 0.969817096 -0.198128855
0.335115308 0.910088993 -0.243794494
0.368617704 0.896085675 -0.247288196
0.383022839 0.838580540 -0.387396673
0.359279523 0.850865959 -0.383334507
0.495609638 0.818187567 -0.291445006
0.481269989 0.820644587 -0.308093589
0.472860226 0.833533826 -0.285700137
0.361044198 0.884356794 -0.295905641
0.390769625 0.867896844 -0.306682520
0.347125282 0.887271462 -0.303732435
0.088646068 0.945295336 -0.313940443
0.172477213 0.936976866 -0.303851877
-0.119783731 0.952601236 0.279647532
-0.015072924 0.936701524 0.349804319
0.032170582 0.941657300 0.335032212
0.151942460 0.920373223 0.360314610
0.171385761 0.920812615 0.350329914
0.182996126 0.916361037 0.356082671
0.142888580 0.873962059 0.464513910
0.143853541 0.867610128 0.475981958
0.096021970 0.871817503 0.480326996
0.086156389 0.872149533 0.481593468
0.065055952 0.876380097 0.477206086
0.177034288 0.921077448 0.346807146
0.201032513 0.917615133 0.342882481
0.178331005 0.919692333 0.349805754
0.365315795 0.883175378 0.294186372
0.226930395 0.919656828 0.320521318
0.255116112 0.914021177 0.315406177
0.243520046 0.919648963 0.308129472
0.339679973 0.891950045 0.298400122
0.375618365 0.879842787 0.291182955
0.449328974 0.854544718 0.260493374
0.462078694 0.853231679 0.241824282
0.245725955 0.853142249 0.460181549
0.268579398 0.860690020 0.432524909
0.243284126 0.867660856 0.433563690
0.141809051 0.865302307 0.480772410
0.119112501 0.869351255 0.479625486
0.312414780 0.857930573 0.407862890
0.324766452 0.856596184 0.400961008
0.340522022 0.851310799 0.399142426
0.262914926 0.853031125 0.450792237
0.285471218 0.849752672 0.443200384
0.276417058 0.844452951 0.458794969
0.424432200 0.863621882 0.272056157
0.402686225 0.872481343 0.276803378
0.510113142 0.842699959 0.172166668
0.499611108 0.844872540 0.191256718
0.491920996 0.849666457 0.189949060
0.513554118 0.846381426 0.141069663
0.523774689 0.840880654 0.136307742
0.509590294 0.846289522 0.155279673
0.572685554 0.818987642 0.035923496
0.574288330 0.818653098 -0.000138083
0.158213241 0.983734186 -0.085062457
0.193995591 0.976410350 -0.094807908
0.101943903 0.987714530 -0.118437529
0.078012925 0.987126235 -0.139627291
0.041797778 0.990698038 -0.129500361
0.247675914 0.964821712 -0.088179962
0.192259516 0.973729410 -0.122013584
0.598463176 0.797082129 0.080634400
0.606655934 0.792734598 0.059501553
0.573643026 0.817365924 -0.053353768
0.571587092 0.818425443 -0.058889645
0.571766676 0.817192365 -0.072660210
0.470738352 0.825437656 0.311541457
0.452670764 0.826208880 0.335362588
0.464398045 0.817561176 0.340482273
0.440693623 0.828285165 0.346024300
0.356067099 0.848977041 0.390453845
0.353975929 0.850427567 0.389196602
0.338402087 0.848224558 0.407429904
0.485898463 0.794749872 0.363696748
0.497685394 0.792328426 0.352880878
0.541038081 0.750389488 0.379728076
0.564943193 0.732228513 0.380369022
0.542782608 0.750758317 0.376495671
0.506107961 0.795780327 0.332548347
0.527014960 0.772004158 0.355337603
0.451844857 0.822743470 0.344861432
0.432797835 0.831284742 0.348786053
0.502211252 0.783914623 0.365050301
0.469177219 0.809557316 0.352830964
0.392919870 0.843799618 0.365535470
0.403712132 0.844965233 0.350785217
0.382347294 0.852118031 0.357358934
0.306437844 0.853124071 0.422226441
0.319837105 0.844238703 0.430075853
0.621172571 0.719359680 0.310912026
0.608453347 0.717921998 0.338190079
0.583227937 0.723836445 0.368654275
0.595031657 0.716607039 0.363884156
0.438305291 0.833539593 0.336303760
0.419790012 0.838888205 0.346472112
0.384519293 0.843986625 0.373940490
0.494223528 0.845177223 0.203515518
0.493111159 0.823431103 0.280718014
0.505730265 0.820416422 0.266746685
0.383067593 0.881025604 0.277584409
0.542727534 0.837899484 0.058062711
0.559579861 0.826344992 -0.063437633
0.434335371 0.889743226 -0.140391512
0.483271881 0.868129597 -0.113133953
0.072757935 0.985752832 -0.151649721
0.054551735 0.984588045 -0.166164046
0.522587151 0.737701813 -0.427432690
0.527278650 0.694281558 -0.489847265
0.519268191 0.674232978 -0.525138493
0.514493105 0.664303877 -0.542215090
0.535871554 0.672265610 -0.510784325
0.546547446 0.664879949 -0.509137058
0.539954366 0.680060609 -0.495950452
0.548331919 0.772858206 -0.319409298
0.545900037 0.782861934 -0.298530302
0.542315204 0.746403532 -0.385714904
0.540197119 0.737737774 -0.404882760
0.571469728 0.806464318 -0.151781597
0.575947692 0.808932903 -0.117948360
0.574558774 0.807600236 -0.132906262
0.597498281 0.800482792 -0.047149798
0.582191812 0.807047603 -0.098624842
0.501974601 0.796660120 -0.336681084
0.508216839 0.761250647 -0.402756871
0.502793294 0.762766127 -0.406677683
0.503471826 0.761616307 -0.407991080
0.475218599 0.809401540 -0.345016564
0.459391472 0.819676886 -0.342183105
0.463555354 0.822450659 -0.329683709
0.512019555 0.808705068 -0.289537715
0.503604260 0.821592914 -0.267147588
0.497775548 0.754525482 -0.427680723
0.457218966 0.784905895 -0.418178854
0.450792195 0.793661063 -0.408519906
0.468018268 0.781273329 -0.413002284
0.494117573 0.761210494 -0.420007628
0.501651877 0.756417154 -0.419736207
0.571475550 0.706607448 -0.417278816
0.516899324 0.745217141 -0.421267732
0.509586888 0.751537476 -0.418942270
0.531667392 0.727699166 -0.433340176
0.523070875 0.737798427 -0.426673577
0.458567815 0.601422679 -0.654221920
0.450302101 0.599800361 -0.661413293
0.376913892 0.573104485 -0.727658688
0.396835050 0.578344271 -0.712769140
0.587292434 0.638843266 -0.496957623
0.562580329 0.661977660 -0.495266545
0.536151314 0.647786993 -0.541215096
0.541973735 0.639690535 -0.545032558
0.530680690 0.633645509 -0.562913292
0.499975899 0.617462972 -0.607259071
0.516886115 0.625421954 -0.584530687
0.484686789 0.613292487 -0.623659396
0.471174186 0.604512725 -0.642307755
0.482286938 0.608526750 -0.630154350
0.492685541 0.613070527 -0.617580348
0.485039312 0.609691956 -0.626907158
0.504856600 0.615611139 -0.605097297
0.431563502 0.591998384 -0.680654726
0.531757881 0.624829978 -0.571682652
0.580796637 0.638215914 -0.505327334
0.455935740 0.600303316 -0.657083351
0.423214440 0.588658757 -0.688745531
0.525899033 0.640078490 -0.560115822
0.515105168 0.638079487 -0.572294709
0.486295318 0.629797404 -0.605699673
0.495336902 0.633199654 -0.594726451
0.492261630 0.634179349 -0.596234049
0.495834175 0.626004277 -0.601886299
0.498795593 0.631640866 -0.593492016
0.474988213 0.619713135 -0.624773421
0.484586229 0.622755933 -0.614289210
0.524686550 0.668932611 -0.526529378
0.515320379 0.639939644 -0.570019437
0.508333134 0.636193007 -0.580392869
0.533645100 0.706670743 -0.464585157
0.527802227 0.693630728 -0.490205286
0.524097812 0.683609785 -0.507936163
0.399525268 0.582651237 -0.707740840
0.426883746 0.593861353 -0.681981643
0.433779005 0.600163399 -0.672041419
0.522506913 0.673456447 -0.522917718
0.520735823 0.680593438 -0.515389926
0.499043063 0.633541615 -0.591253789
0.471832535 0.613826980 -0.632922190
0.452544953 0.603174083 -0.656798365
-0.078041942 0.952121280 0.295591820
-0.028700974 0.959321144 -0.280854404
-0.028840578 0.960671802 -0.276184559
-0.028182989 0.960936474 -0.275330367
-0.028798983 0.961404699 -0.273626796
-0.027052132 0.970737005 -0.238616533
-0.029208735 0.974858334 -0.220902873
-0.027746760 0.973482447 -0.227072771
-0.023271319 0.972127990 -0.233292987
-0.024631233 0.969352616 -0.244435692
-0.024227268 0.972026707 -0.233617466
-0.028608300 0.961245327 -0.274206102
0.358115355 0.738939508 -0.570720419
0.127341204 0.630571522 -0.765613332
0.473982790 0.731604308 -0.489995358
0.431508634 0.733787039 -0.524744586
0.445770121 0.747286298 -0.492800354
0.388303066 0.750295122 -0.535049491
0.359009811 0.742290779 -0.565788260
0.143202698 0.575910590 -0.804872648
0.276769728 0.691698858 -0.667046631
0.210175603 0.672856723 -0.709288409
0.201824153 0.655591207 -0.727644955
0.282434854 0.689423709 -0.667027363
0.542015147 0.731578651 -0.413536284
0.202536822 0.555683613 -0.806346425
0.215806025 0.552695276 -0.804956950
0.191153391 0.552169975 -0.811522458
0.183691113 0.603801423 -0.775681260
0.184336130 0.618590316 -0.763784139
0.153892810 0.598723023 -0.786032916
0.642544319 0.762284591 0.077839581
0.633993542 0.771133561 0.058354258
0.547258063 0.738305047 0.394226166
0.545982114 0.743685511 0.385791903
0.567938391 0.727183581 0.385551584
0.628009071 0.767641915 0.127790830
0.631987541 0.748012246 0.202655935
0.559793748 0.805328047 -0.195135074
0.558179885 0.804491124 -0.203049863
0.558921450 0.797920573 -0.225675810
0.553633694 0.729707870 0.401268185
0.531479673 0.745944269 0.401368291
-0.041577606 0.987159833 0.154229589
-0.036992104 0.989049683 0.142871652
-0.044334965 0.986250082 0.159201717
-0.004509332 0.998972915 0.045086365
-0.001276455 0.999926892 -0.012024206
-0.008717212 0.998862566 0.046878400
-0.009204531 0.999227123 0.038215620
-0.024993994 0.995167569 0.094956887
-0.047186424 0.987042754 0.153362456
-0.047493786 0.985860790 0.160694873
-0.030566240 0.993130407 0.112949991
-0.019871484 0.996063532 0.086386136
-0.041474678 0.989383179 0.139286668
-0.047474567 0.984991670 0.165944497
-0.028249916 0.995381430 0.091748300
-0.038933124 0.990470050 0.132110909
-0.047582829 0.983747359 0.173138697
-0.046924474 0.984204684 0.170702176
-0.041426434 0.981691548 0.185918141
-0.043481252 0.980934569 0.189411594
-0.040721816 0.980913169 0.190134398
-0.047536872 0.982791329 0.178497758
-0.048243512 0.981618687 0.184654587
-0.047832571 0.981683965 0.184414309
-0.015056540 0.985352498 0.169863931
-0.048871973 0.981979314 0.182560012
-0.049908925 0.980384583 0.190670312
-0.048986449 0.981165444 0.186854752
-0.052946595 0.970951812 0.233343601
-0.050408748 0.974944642 0.216660802
-0.055273643 0.970476043 0.234778779
-0.047430498 0.984074740 0.171310402
-0.047171737 0.983809514 0.172897851
-0.028485236 0.994239500 0.103326704
-0.029948744 0.992934288 0.114824095
-0.021355776 0.997088683 0.073198967
-0.036329328 0.989496183 0.139919563
-0.042233253 0.987053074 0.154733904
-0.042707349 0.982419166 0.181737902
-0.043458967 0.983809429 0.173868703
-0.049279640 0.980007367 0.192761712
-0.051383027 0.977086886 0.206545399
-0.050621595 0.976466762 0.209642830
-0.049262072 0.978950613 0.198062984
-0.010518476 0.999284171 0.036338782
-0.011007859 0.999539702 0.028270311
-0.012070819 0.998709887 0.049324003
-0.015622249 0.999016486 0.041497067
-0.017102839 0.998445282 0.053051977
-0.043637585 0.985794013 0.162191012
-0.046897633 0.983638866 0.173940199
-0.052250570 0.979489658 0.194601872
-0.045639557 0.979260521 0.197397726
-0.044760140 0.980222625 0.192769641
-0.047623567 0.979338225 0.196541694
-0.020241995 0.985286575 0.169707472
-0.036809591 0.981704620 0.186818344
-0.034438838 0.982825526 0.181295205
-0.046936070 0.981600140 0.185089630
-0.045465136 0.981009639 0.188555057
-0.048292236 0.976894085 0.208196556
-0.047640736 0.980386704 0.191238778
-0.045221299 0.974970414 0.217687220
-0.044177331 0.977043321 0.208409961
-0.041524321 0.979400990 0.197609288
-0.045430945 0.977825497 0.204434163
-0.041367434 0.986708846 0.157144481
-0.039139545 0.986085366 0.161566542
-0.028152528 0.995242858 0.093268907
-0.019975296 0.997990445 0.060133676
-0.015367455 0.999214302 0.036532441
-0.015717360 0.998972963 0.042496870
-0.008139322 0.999819729 0.017154018
-0.016395294 0.999719236 0.017106854
-0.011962386 0.999847881 0.012693190
-0.015278608 0.999758481 0.015796956
-0.010339114 0.999616587 0.025686220
-0.047529831 0.983491074 0.174603042
-0.050538434 0.980549660 0.189652924
-0.056306139 0.975674087 0.211871882
-0.062535380 0.964909863 0.255026044
-0.062377812 0.963911733 0.258811087
-0.009785429 0.999818226 0.016363384
-0.012644517 0.999319434 0.034652344
-0.011821757 0.999767952 0.018007977
-0.011042839 0.999862652 0.012358544
-0.140214365 0.942396607 0.303691567
-0.041769121 0.972780933 0.227931123
-0.051507781 0.967940432 0.245841957
-0.051790342 0.971884531 0.229691572
-0.142847374 0.932504077 0.331708868
-0.150793047 0.928836752 0.338413571
-0.162693059 0.920569065 0.355082475
-0.108049283 0.960386670 0.256871169
-0.123853036 0.955075517 0.269241865
-0.108251015 0.962778443 0.247667899
-0.069323176 0.979828875 0.187429115
-0.067351384 0.981915161 0.176936171
-0.077317978 0.972603348 0.219236536
-0.087180989 0.970426465 0.225104310
-0.062047804 0.980955965 0.184052883
-0.075618567 0.976137489 0.203561868
-0.079834856 0.973563272 0.214011566
-0.072234072 0.978630537 0.192521456
-0.125184680 0.942489541 0.309906859
-0.112635320 0.946756887 0.301603517
-0.116065701 0.946458049 0.301240626
-0.045791911 0.987893719 0.148219772
0.006037126 0.989524195 0.144240843
-0.034909629 0.991975991 0.121511114
-0.045197804 0.989465267 0.137534153
-0.038051829 0.991339103 0.125693439
-0.024888628 0.991976483 0.123948427
-0.026031350 0.992648817 0.118197692
-0.020472905 0.994253000 0.105080122
-0.055556363 0.971835172 0.229019407
-0.060710516 0.974029486 0.218130223
-0.047181245 0.978496287 0.200795782
-0.038328058 0.991473330 0.124545556
-0.050240484 0.986966770 0.152880637
-0.027730186 0.992447837 0.119491960
-0.038299188 0.990189119 0.134382590
-0.023024590 0.995238419 0.094711974
-0.023594088 0.995549808 0.091235405
-0.028324493 0.993944943 0.106165782
-0.054840208 0.983897380 0.170113190
-0.046676983 0.987484296 0.150651996
-0.083497369 0.967533853 0.238550691
-0.074367335 0.974990510 0.209434966
-0.074682883 0.971943624 0.223042727
-0.016610377 0.994307656 0.105244382
-0.019731314 0.993176033 0.114943648
-0.016210602 0.994740632 0.101135011
-0.016825865 0.995414972 0.094159035
-0.067269614 0.964204977 0.256483061
-0.065284604 0.966841106 0.246893086
-0.027754694 0.977700318 0.208162834
-0.033537633 0.980507898 0.193596200
-0.045397162 0.983888493 0.172923485
-0.040265104 0.982120127 0.183898826
-0.058916298 0.979657787 0.191831933
-0.067304000 0.973155339 0.220088296
0.060092200 0.996984421 0.049101854
0.015999481 0.994646145 0.102093399
-0.010011138 0.992005430 0.125797471
0.054234330 0.997628223 0.042385910
0.019729079 0.999193189 0.034981926
-0.002036101 0.998864449 -0.047599027
-0.016500368 0.996997159 0.075659787
-0.016005392 0.996361861 0.083707050
-0.028390230 0.979729229 0.198304393
-0.001656633 0.993793111 -0.111231780
-0.005036229 0.996724906 -0.080709969
-0.004596743 0.997283423 -0.073516279
-0.005595851 0.998736526 -0.049940344
-0.002483877 0.999996853 -0.000351606
-0.001036709 0.986651131 -0.162844927
-0.002678798 0.994851391 -0.101309104
-0.000739472 0.982546473 -0.186015811
0.000166598 0.998901597 -0.046856937
-0.002675008 0.998494300 -0.054790296
-0.000742435 0.998275995 -0.058689750
-0.016736435 0.996447875 -0.082531961
-0.014435803 0.997535030 -0.068669291
-0.044616187 0.992249341 -0.115976900
-0.025922970 0.993360573 -0.112083775
-0.034334284 0.989313274 -0.141705338
-0.029294911 0.991772960 -0.124612213
-0.038021716 0.991925803 -0.120985745
-0.080577716 0.984661758 -0.154752882
-0.063468807 0.987273534 -0.145817279
-0.068501489 0.986728935 -0.147219414
-0.044623647 0.985194452 -0.165531330
-0.074710329 0.985996548 -0.149094517
-0.063994530 0.981000979 -0.183144150
-0.062121405 0.983300806 -0.171056878
-0.051306483 0.980636458 -0.188996775
-0.055755303 0.982155815 -0.179614311
-0.055514368 0.979872101 -0.191751979
-0.016287211 0.990687277 -0.135179310
-0.013474015 0.991734298 -0.127599108
-0.016188268 0.991770828 -0.126998287
-0.016224364 0.986022634 -0.165819588
-0.021925862 0.985283643 -0.169515187
-0.021511231 0.981329187 -0.191129000
-0.057737929 0.977339949 -0.203649100
-0.056865182 0.975662692 -0.211775027
0.033972434 0.985343415 -0.167165273
0.077850430 0.979780872 -0.184306140
0.238323196 0.955795689 -0.172211076
0.216826338 0.965298261 -0.145552764
0.267501770 0.953034949 -0.142011229
0.433153869 0.900823425 -0.029914576
0.415864583 0.907450703 -0.059915529
0.258238121 0.933814947 -0.247593856
0.293866297 0.923825830 -0.245333314
0.187114349 0.973135836 -0.134144940
0.240990926 0.951438044 -0.191543785
0.132753934 0.981161576 -0.140350827
0.311357158 0.946363328 -0.086331756
0.376349601 0.922643448 -0.084202410
0.312404200 0.943118793 -0.113712611
0.348260755 0.921394828 -0.172470341
0.358316352 0.912551903 -0.197125379
0.299025645 0.934471640 -0.193252214
0.218980975 0.943346562 -0.249288178
0.201720245 0.943522533 -0.262819657
0.176548313 0.951516107 -0.251888452
0.110645291 0.991885302 -0.062619226
0.529180394 0.844894919 -0.078234812
0.517115661 0.827237705 -0.219702462
0.507126135 0.826994951 -0.242698236
0.456356510 0.866109745 -0.203942749
0.419993187 0.884803758 -0.201811874
0.490633457 0.836341644 -0.244563826
0.466822819 0.842743741 -0.268066115
0.314015591 0.920164607 -0.233861721
0.333505386 0.932265558 -0.140196603
0.393374115 0.875516703 -0.280583870
0.414455770 0.870683177 -0.264834324
0.491632793 0.808627232 -0.323139593
0.489738418 0.800242895 -0.346074545
0.394178535 0.860228172 -0.323466808
0.398345342 0.862240788 -0.312828726
0.415355496 0.850936392 -0.321538596
0.433602432 0.842803297 -0.318859740
0.429453932 0.840828001 -0.329511143
0.455733473 0.799918019 -0.390433303
0.471884086 0.786667223 -0.398095579
0.453021893 0.834173076 -0.314525744
0.391767495 0.854213677 -0.341814605
0.374651363 0.865294178 -0.333020033
0.469001244 0.824167451 -0.317467864
0.454407617 0.817852673 -0.353030767
0.442639160 0.830712911 -0.337619067
0.349541039 0.879631451 -0.322598159
0.526797131 0.800514840 -0.285763491
-0.039938501 0.960351608 -0.275916121
-0.054558422 0.966121737 -0.252254174
-0.070565036 0.969568995 -0.234428112
-0.070168528 0.967318769 -0.243661194
-0.062273587 0.970800281 -0.231665308
-0.068941275 0.964037448 -0.256668852
-0.078400815 0.961325465 -0.264020192
-0.072794802 0.961413201 -0.265302795
-0.072028112 0.957585575 -0.279001465
-0.068014699 0.956650875 -0.283183871
-0.018081935 0.964306062 -0.264172030
-0.020688862 0.961885751 -0.272667880
-0.019374762 0.964486665 -0.263419992
-0.009356721 0.979810702 -0.199708389
-0.010588966 0.984796829 -0.173387081
-0.009411671 0.984698447 -0.174012614
-0.072522807 0.948362493 -0.308786373
-0.067261556 0.950071745 -0.304695853
-0.077224431 0.949645169 -0.303661720
-0.030864282 0.957459524 -0.286912279
-0.028959470 0.958108009 -0.284939279
-0.047142081 0.951692341 -0.303412774
-0.051191481 0.953237697 -0.297854538
-0.056336885 0.952452104 -0.299434708
-0.040153608 0.941174495 -0.335526837
-0.032720862 0.956857776 -0.288708403
-0.040103440 0.954256206 -0.296288386
-0.038268126 0.953455318 -0.299096151
-0.036375807 0.955249269 -0.293556868
-0.020573118 0.963999953 -0.265105332
-0.023964691 0.961656912 -0.273206292
-0.029721675 0.951688843 -0.305622264
-0.027711157 0.952702976 -0.302636963
-0.014348349 0.970133728 -0.242145979
-0.016378860 0.966736225 -0.255250475
-0.015880958 0.968898912 -0.246946744
-0.030885910 0.956066255 -0.291519084
-0.031650531 0.955828221 -0.292216797
-0.016550324 0.967753800 -0.251353672
-0.017964869 0.966353092 -0.256591046
-0.037698703 0.949302556 -0.312095281
-0.035031788 0.950862954 -0.307623823
-0.025467053 0.958533540 -0.283839537
-0.026574174 0.956451234 -0.290679979
-0.026954126 0.955919823 -0.292388041
-0.009183074 0.976250086 -0.216451938
-0.010360396 0.976375598 -0.215831770
-0.008620977 0.995892589 -0.090131181
-0.007863038 0.995043468 -0.099129554
-0.008802557 0.996451616 -0.083705980
-0.010754578 0.972108840 -0.234283467
-0.012060348 0.971075372 -0.238468385
-0.009363156 0.973623362 -0.227969034
-0.009639279 0.973190444 -0.229798702
-0.010021322 0.971700010 -0.236005642
-0.011225778 0.969398461 -0.245235818
-0.028726794 0.941370438 -0.336149475
-0.027686290 0.944317385 -0.327869097
-0.026796141 0.949356822 -0.313055253
-0.026540148 0.952682269 -0.302807059
-0.027714882 0.955772589 -0.292797957
-0.026537610 0.968173663 -0.248868467
-0.025476387 0.965678183 -0.258489072
-0.026425506 0.964547393 -0.262583356
-0.026048897 0.958478429 -0.283972809
-0.025604622 0.959988600 -0.278866081
-0.026290646 0.956468930 -0.290647534
-0.026606448 0.954872113 -0.295823163
-0.025423044 0.967210194 -0.252701621
-0.025309470 0.963529652 -0.266402026
-0.024910214 0.959850640 -0.279403348
-0.025047074 0.958371921 -0.284422055
-0.022310821 0.961486716 -0.273944379
-0.026584084 0.962525144 -0.269886334
-0.025554512 0.961642677 -0.273112299
-0.025173597 0.962139084 -0.271393945
-0.027648319 0.965132950 -0.260295906
-0.026742269 0.956565618 -0.290287909
-0.032340301 0.979201081 -0.200298148
-0.021064995 0.972400634 -0.232364527
-0.021469504 0.969741908 -0.243186540
-0.019810637 0.964798432 -0.262243255
-0.020180408 0.962784353 -0.269516309
-0.022080266 0.962123362 -0.271718786
-0.032593145 0.954089548 -0.297742878
-0.035378905 0.954856021 -0.294954763
-0.039209140 0.951670498 -0.304607791
-0.039070994 0.946921241 -0.319082466
-0.035014322 0.948493312 -0.314856212
-0.036300391 0.983335967 -0.178136626
-0.033864362 0.981739659 -0.187190939
-0.028139444 0.979038911 -0.201720058
-0.032245944 0.983364399 -0.178758658
-0.026984997 0.979508462 -0.199587029
-0.043293975 0.996931829 -0.065211656
-0.042462726 0.995722574 -0.082057742
-0.045364597 0.996586319 -0.068976534
-0.023767622 0.959545177 -0.280549733
-0.023399763 0.961644027 -0.273300597
-0.026381514 0.976062602 -0.215883795
-0.020488487 0.967151956 -0.253371894
-0.035608722 0.984288046 -0.172942363
-0.031652564 0.980267371 -0.195125591
-0.018587652 0.967767830 -0.251157176
-0.019457373 0.973393380 -0.228312810
-0.020454195 0.976084489 -0.216427114
-0.017047629 0.974828903 -0.222301572
-0.028202162 0.956925337 -0.288961136
-0.025467489 0.960098358 -0.278500537
-0.016556262 0.971114312 -0.238039669
-0.018037467 0.964467280 -0.263585880
-0.020306864 0.961782978 -0.273058848
-0.043838731 0.997686976 -0.051950585
-0.036128033 0.997602637 -0.059023253
-0.038475916 0.997505013 -0.059189126
-0.028567812 0.998279607 -0.051202592
-0.033867259 0.997861254 -0.055909991
-0.036192911 0.998235256 -0.047079162
-0.020168531 0.963201431 -0.268022822
-0.025423587 0.957077297 -0.288715584
-0.019514014 0.964512280 -0.263315904
-0.017509743 0.964793214 -0.262426110
-0.020668357 0.964410838 -0.263599230
-0.028845127 0.935417302 -0.352366897
-0.093096545 0.954407588 -0.283618035
-0.107900467 0.949983583 -0.293067708
-0.066223463 0.978553473 -0.195057823
-0.067238854 0.974692997 -0.213195915
-0.068216889 0.966314473 -0.248158810
-0.053830701 0.968347849 -0.243730792
-0.047725546 0.970462789 -0.236483080
-0.055776024 0.970716536 -0.233663097
0.233357289 0.943067568 -0.236997761
0.193242967 0.954703975 -0.226268593
0.232744472 0.946194832 -0.224822933
0.186641763 0.941625095 -0.280191063
0.154762933 0.959691366 -0.234608006
0.251314085 0.943412566 -0.216365340
0.290855122 0.929553022 -0.226571132
0.394411146 0.889662358 -0.230088542
0.407811969 0.879550039 -0.245114518
0.332157542 0.915976917 -0.225072556
0.380980670 0.901775395 -0.204095240
-0.146695337 0.943768882 0.296278207
0.112640322 0.925823502 0.360781100
-0.006331741 0.943803818 0.330445551
0.047199467 0.881043793 0.470674032
0.017070897 0.885464910 0.464392589
-0.020856092 0.898839930 0.437780542
0.023857968 0.940834818 0.338024618
0.147256678 0.923582672 0.353992258
0.116194690 0.929075177 0.351166783
-0.047532705 0.944155323 0.326054242
0.012232020 0.892701226 0.450482961
0.060876095 0.892215038 0.447489025
0.074276899 0.919744184 0.385426489
0.091681850 0.928325406 0.360286524
0.262389491 0.846804707 0.462680822
0.237081927 0.853691977 0.463683263
0.129831634 0.922711885 0.362969040
0.213452465 0.930147596 0.298769971
0.267225428 0.908836254 0.320323640
0.093967633 0.910735761 0.402157255
0.110632783 0.905163032 0.410414758
0.122015505 0.916713614 0.380458101
0.252572084 0.910229554 0.328160786
0.218008175 0.912894011 0.345104275
0.219190312 0.916759465 0.333927674
0.198537178 0.915072140 0.351035565
0.352723999 0.889433313 0.290678796
0.332766782 0.891713001 0.306780364
0.334690801 0.891354314 0.305727910
0.361006370 0.886625585 0.289083851
0.344951849 0.890817823 0.295722551
0.388231346 0.879630301 0.274821679
0.337188817 0.892906491 0.298365043
0.315501724 0.897353509 0.308569832
0.329256088 0.894621386 0.302064569
0.394733378 0.880508029 0.262471277
0.413697314 0.877160903 0.243809932
0.416823539 0.875956137 0.242814709
0.417095282 0.874810767 0.246450093
0.423102135 0.871700894 0.247228910
0.403946887 0.876369417 0.262304322
0.452746858 0.865035759 0.216179135
0.460192306 0.861099848 0.216171445
0.443549822 0.865895510 0.231275853
0.287090981 0.902732751 0.320394053
0.281137147 0.866922019 0.411592173
0.309927373 0.871618408 0.379771476
0.294771287 0.879408095 0.373833239
0.382832386 0.878777229 0.284938495
0.355638429 0.878576205 0.318787012
0.367800899 0.872694538 0.321133526
0.339001365 0.886252529 0.315649378
0.347128568 0.884315611 0.312230135
0.362679577 0.886902475 0.286125013
0.435751204 0.870813381 0.227606995
0.373197216 0.885560164 0.276599048
0.371310945 0.886013835 0.277682672
0.318817773 0.887938174 0.331543402
0.400697929 0.880836353 0.252127923
0.381173935 0.883258637 0.273057889
0.390382264 0.882646249 0.261796271
0.291025978 0.900927785 0.321920809
0.294554380 0.898072529 0.326654940
0.311021711 0.896002663 0.316930155
0.318372564 0.865704521 0.386257158
0.305812635 0.854435233 0.420022697
0.327912139 0.861008715 0.388764224
0.270404630 0.889291070 0.368839707
0.290587279 0.884886677 0.364053022
0.331562254 0.876924359 0.347951347
0.232096865 0.909250083 0.345536296
0.212362198 0.908286980 0.360440090
0.247028550 0.906025541 0.343648970
0.141894202 0.885266855 0.442909280
0.120456775 0.895698883 0.428034667
0.104000291 0.888517693 0.446900714
0.244318530 0.882263432 0.402392461
0.221570297 0.875101335 0.430237442
0.148660893 0.876979419 0.456954087
0.165054173 0.883746949 0.437890911
0.216991875 0.858773815 0.464135821
0.233776461 0.852867059 0.466868659
0.196166474 0.859203840 0.472533042
0.109221580 0.874363285 0.472820783
0.098076001 0.874191709 0.475573290
0.284966083 0.843595737 0.455126976
0.471000576 0.849535288 0.237588408
0.484929883 0.847630796 0.215325436
0.475197576 0.855671933 0.204970260
0.485967023 0.853959294 0.185982731
0.518830664 0.839387094 0.162000150
0.539160443 0.831469075 0.134034302
0.387318652 0.921471505 -0.029572410
0.599566879 0.799193917 0.042528120
0.579252413 0.813063442 -0.058262178
0.584680721 0.807346047 -0.079629229
0.587699054 0.806715507 0.061805437
0.579159369 0.809865410 0.093233270
0.567158678 0.819095534 0.086101921
0.571642093 0.820426525 -0.011208705
0.576132352 0.816859246 -0.028504124
0.562932669 0.826172113 -0.023376261
0.566715415 0.822858932 -0.041675135
0.569530621 0.821694877 -0.021269729
0.555919996 0.795923717 -0.239704806
0.550582588 0.792025168 -0.263732719
0.553281614 0.798232335 -0.238127265
0.300250133 0.855991057 0.420867161
0.387505738 0.839799195 0.380232316
0.369212511 0.842409163 0.392465189
0.521718257 0.761355594 0.384899623
0.579403646 0.761801313 0.289741566
0.609741643 0.756703352 0.235828677
0.567927325 0.732110750 0.376128174
0.548727993 0.835766501 0.019797607
0.558281378 0.829651667 0.000122378
0.556081690 0.830959578 0.016713288
0.567557386 0.823303238 0.007098654
0.564680012 0.824441779 0.037844918
0.562837237 0.826100529 0.027787776
0.458689601 0.884634610 -0.083817998
0.507726008 0.858678852 -0.069892276
0.417083208 0.904665806 -0.087300501
0.392155312 0.908599154 -0.143742090
0.419791087 0.901144731 -0.108229463
0.548771608 0.784494754 -0.288821231
0.551355002 0.782107271 -0.290371965
0.552042573 0.782733750 -0.287361921
0.549154974 0.807158837 -0.216618159
0.566079240 0.805444185 -0.175539051
0.573879310 0.812152207 -0.105220392
0.569646769 0.810031598 -0.139109200
0.558744671 0.799968524 -0.218757291
0.564188459 0.803401499 -0.190361272
0.564741192 0.801850924 -0.195198572
0.559930313 0.798609279 -0.220683629
0.557838208 0.791447150 -0.249855844
0.557077061 0.791074739 -0.252717045
0.494041901 0.770316175 -0.403157029
0.497831372 0.761999589 -0.414150398
0.434834683 0.796595515 -0.419945691
0.425610114 0.805405780 -0.412525829
0.449031862 0.788149994 -0.420939394
0.482323109 0.794132347 -0.369754288
0.485500235 0.797341455 -0.358519352
0.301688957 0.572533756 -0.762357444
0.283525781 0.561581827 -0.777328105
0.282700121 0.554512504 -0.782685457
0.290832787 0.553425015 -0.780472320
0.273139341 0.551269469 -0.788350730
0.437628342 0.596163774 -0.673104887
0.558715276 0.633608721 -0.535142251
0.514106112 0.643960848 -0.566576855
0.518538303 0.668752234 -0.532811860
0.523542790 0.689879839 -0.499968754
0.526329967 0.685294539 -0.503337025
0.525743302 0.689128439 -0.498694269
0.537564813 0.712372673 -0.451164323
0.198561209 0.554158787 -0.808382017
0.209986087 0.549304750 -0.808807848
0.204100972 0.554215762 -0.806962008
0.116466757 0.613742660 -0.780868390
0.132298298 0.624383509 -0.769832705
0.160697068 0.637702450 -0.753333948
0.167966398 0.645362170 -0.745181159
0.136360040 0.607762745 -0.782323709
0.139775225 0.615054177 -0.775996936
0.121513753 0.609012309 -0.783797432
0.387237159 0.634557159 -0.668868144
0.377868421 0.643086953 -0.666074040
0.375748469 0.634814542 -0.675147084
0.246089925 0.554256828 -0.795134653
0.253393526 0.552489972 -0.794069614
0.234461924 0.554347381 -0.798577853
0.371107033 0.577477081 -0.727186215
0.346223719 0.566009074 -0.748173017
0.382368154 0.578730419 -0.720323328
0.151613411 0.574160413 -0.804582621
0.171389820 0.580741354 -0.795842327
0.588580779 0.806192750 -0.060215580
0.496350970 0.737697819 -0.457643575
0.527267965 0.766246096 -0.367226651
0.525338264 0.844384761 0.105043248
0.529274633 0.838457565 0.129835569
0.531539125 0.841170102 0.099493812
-0.043755209 0.985872248 0.161683002
-0.045474768 0.984965274 0.166659699
-0.046012303 0.984768802 0.167670134
-0.003899089 0.999829616 0.018042595
-0.003555093 0.999981169 -0.005002327
-0.005898171 0.999851178 0.016212160
-0.014086508 0.999133233 0.039170814
-0.011517163 0.999719683 0.020686009
-0.013927689 0.999110472 0.039803059
-0.007243862 0.999867543 0.014574717
-0.008557147 0.999882776 0.012696839
-0.008960570 0.999904194 0.010550403
-0.009856096 0.999865223 0.013129827
-0.010564245 0.999788152 0.017664868
-0.012119180 0.999456452 0.030658229
-0.009827118 0.999951453 0.000721371
-0.008528057 0.999963594 0.000288344
-0.020433479 0.999788494 0.002332264
-0.020278143 0.999721017 0.012111330
-0.018097115 0.999835505 0.001207083
-0.033891943 0.988938162 0.144404458
-0.026798982 0.993071268 0.114417094
-0.019790840 0.991996327 0.124706091
-0.015381825 0.995019663 0.098484873
-0.006555258 0.999933695 -0.009467489
-0.006315974 0.999910961 0.011754934
-0.005209526 0.999955776 -0.007829913
-0.014527153 0.998655124 0.049768519
-0.010967770 0.999819425 0.015518571
-0.018462084 0.996282071 0.084149789
-0.011943504 0.999854647 0.012167052
-0.012651691 0.999780463 0.016702140
-0.012019607 0.999770153 0.017753041
-0.012178211 0.999779267 0.017120414
-0.023640736 0.994581752 0.101233660
-0.025586122 0.991572014 0.127005081
-0.034714018 0.985622077 0.165360388
-0.035992330 0.986270765 0.161166159
-0.039948057 0.982401146 0.182461340
-0.006554000 0.997726117 -0.067079353
-0.008382402 0.999300052 -0.036457394
-0.007571845 0.999163189 -0.040194393
-0.011511339 0.999931928 0.001905092
-0.013153984 0.999818678 0.013768960
-0.015751373 0.999722813 0.017498316
-0.015277903 0.999722752 0.017916612
-0.011102179 0.999804673 0.016351068
-0.019662491 0.997246166 0.071508530
-0.030480728 0.986647629 0.159991818
-0.025328798 0.989393263 0.143036439
-0.024687997 0.987177132 0.157707998
-0.036719222 0.990192194 0.134800289
-0.017586223 0.999689668 0.017643469
-0.021162704 0.999636168 0.016723388
-0.018793028 0.999604345 0.020927889
-0.020244739 0.999642914 0.017441193
-0.017908791 0.999706487 0.016316127
-0.027873069 0.999548033 -0.011261487
-0.020901887 0.999566249 0.020746666
-0.023502272 0.999484592 0.021867649
-0.024692973 0.999444003 0.022404047
-0.022990743 0.999733677 0.002000420
-0.025332255 0.999653550 0.007145459
-0.024953957 0.999519606 0.018380871
-0.014360537 0.999760491 0.016514688
-0.027719126 0.999306822 0.024850080
-0.035700768 0.998771911 0.034352936
-0.030076520 0.999073315 0.030788226
-0.011763055 0.999849073 0.012785217
-0.015784821 0.999801364 0.012168463
-0.014797859 0.999752025 -0.016640652
-0.014948742 0.999539213 -0.026417740
-0.030318942 0.999202829 0.025970537
-0.018234895 0.998169973 -0.057655827
-0.016135323 0.998456497 -0.053143908
-0.013486437 0.997361382 -0.071332945
-0.028359825 0.999551758 0.009591877
-0.013352629 0.999904675 0.003514021
-0.011235136 0.999905424 -0.007931867
-0.015509944 0.999876995 0.002331714
-0.004944549 0.995674367 -0.092779886
-0.004488396 0.995668938 -0.092861294
-0.005103829 0.995460476 -0.095038898
-0.016832893 0.999583403 -0.023445129
-0.019019282 0.999740443 -0.012542496
-0.006058266 0.993510347 -0.113580314
-0.005564658 0.994997194 -0.099747777
-0.011815296 0.996372198 -0.084278359
-0.012361575 0.999603640 -0.025293353
-0.013912574 0.999035103 -0.041656964
-0.012487575 0.998323723 -0.056513750
-0.019390292 0.999529224 -0.023777040
-0.007868256 0.996073827 -0.088176080
-0.010601952 0.998173079 -0.059481952
-0.008912702 0.997293726 -0.072977995
-0.007457859 0.987425228 -0.157910730
-0.007250716 0.981406418 -0.191804249
-0.008389573 0.986007354 -0.166490581
-0.136838103 0.941343259 0.308461021
-0.138982155 0.939169104 0.314078581
-0.126458370 0.944274638 0.303897496
-0.109641086 0.951535003 0.287332509
-0.093967894 0.957559291 0.272488971
-0.027244753 0.992452709 0.119563136
-0.027388273 0.993659575 0.109043710
-0.021750157 0.995814103 0.088776142
-0.031744481 0.985668453 0.165680379
-0.063200146 0.982147423 0.177178385
-0.059642661 0.982766218 0.174966605
-0.058402438 0.981771538 0.180869571
-0.066755991 0.979914057 0.187915085
-0.007549543 0.998961032 0.044942859
-0.010371910 0.997929875 0.063469592
-0.031652236 0.989871319 0.138394033
-0.038358010 0.988238860 0.148029114
-0.039569466 0.987986736 0.149386969
-0.048775158 0.985345515 0.163447853
-0.042078354 0.987198399 0.153846458
-0.006491146 0.999658215 0.025324271
-0.004326623 0.998513324 0.054336193
0.024498962 0.997688490 0.063383573
0.016416990 0.998527250 0.051708936
-0.010423642 0.996655901 0.081045430
0.006388483 0.999630801 0.026409250
0.010164081 0.999367792 0.034069167
-0.009255532 0.998759248 0.048931583
-0.006844774 0.999261901 0.037799492
-0.011109798 0.998735338 0.049033632
0.015675831 0.999876805 -0.000801438
0.028196663 0.999506213 0.013866447
0.041085431 0.999101074 0.010441795
0.025504050 0.999671591 -0.002500685
-0.007536680 0.998441769 -0.055292250
-0.004879319 0.999077750 -0.042659603
-0.010650350 0.998429781 -0.054995840
0.016970198 0.999699690 -0.017678865
0.003416787 0.999425955 -0.033705870
0.008039573 0.999900419 -0.011598187
0.002857228 0.999778452 -0.020853833
0.003763792 0.999628649 0.026988844
-0.001181976 0.999963323 0.008482665
0.000609153 0.999699560 0.024503441
-0.005554016 0.995687602 0.092603193
-0.006546201 0.997524714 0.070011371
-0.022132071 0.986517985 0.162149430
-0.010753963 0.997361056 0.071800258
-0.007892362 0.998088036 0.061302393
-0.034654574 0.980648837 0.192683470
-0.029726243 0.981025367 0.191587004
-0.003363480 0.996101668 -0.088148477
-0.003812369 0.989281896 -0.145968474
-0.004991202 0.989175428 -0.146652857
-0.008022099 0.994387648 -0.105493371
-0.006928220 0.994595634 -0.103593073
-0.007269703 0.994598601 -0.103541175
-0.007942482 0.994088662 -0.108280420
-0.008055901 0.992522831 -0.121792990
-0.008477348 0.992863046 -0.118958420
-0.006328659 0.994660518 -0.103006809
-0.007422551 0.994454305 -0.104907293
-0.007420403 0.999786284 -0.019295684
-0.002960038 0.997035714 -0.076883183
-0.003069096 0.998276816 -0.058600161
-0.011271170 0.993823849 -0.110395281
-0.003726185 0.998991474 -0.044745394
-0.003487451 0.998655953 -0.051711939
-0.003699532 0.998830322 -0.048211017
-0.004246330 0.998564825 -0.053387821
-0.005066682 0.997680430 -0.067882896
-0.022148531 0.994621628 -0.101179344
-0.018370950 0.995991322 -0.087543096
-0.017088903 0.996544800 -0.081279955
-0.016430414 0.993267174 -0.114675030
-0.019245227 0.992310682 -0.122266643
-0.029310798 0.992642994 -0.117476654
-0.039677558 0.990360512 -0.132709258
-0.021796104 0.994777366 -0.099714203
-0.030569948 0.990931459 -0.130844650
-0.026534858 0.990995186 -0.131241924
-0.024551456 0.991832074 -0.125165340
-0.021441292 0.994621227 -0.101335511
-0.013210154 0.994349879 -0.105327153
-0.011105535 0.995290548 -0.096298451
-0.016381599 0.996543931 -0.081436092
-0.046725016 0.981754044 -0.184325172
-0.031644847 0.976400251 -0.213637901
-0.025645043 0.976540170 -0.213802777
-0.016248751 0.995511943 -0.093230627
-0.019470489 0.994533217 -0.102589379
-0.016265645 0.994795530 -0.100584700
0.000743099 0.999999336 -0.000880440
-0.001610367 0.999927431 -0.011938974
-0.000381141 0.999999923 -0.000089602
-0.040925082 0.970039745 -0.239474490
-0.036702891 0.968511791 -0.246247453
-0.022824793 0.988859780 -0.147089646
-0.026930740 0.983803272 -0.177216977
-0.023115930 0.986061414 -0.164768142
-0.039527222 0.979442491 -0.197813055
-0.033399825 0.983197634 -0.179462708
-0.029621257 0.967444428 -0.251344108
-0.019860488 0.968270148 -0.249115398
0.363028966 0.931631943 0.016489155
0.312821521 0.947977265 -0.059006780
-0.062608264 0.966366406 -0.249431704
-0.042869339 0.972387301 -0.229401736
-0.039033692 0.976307130 -0.212839750
-0.034064177 0.977463382 -0.208338594
-0.032181181 0.979405303 -0.199322915
-0.056166230 0.972875309 -0.224408083
-0.007138624 0.979060865 -0.203442529
-0.005668885 0.980818110 -0.194842756
-0.005333231 0.984222136 -0.176856847
-0.003213083 0.979788160 -0.200012092
-0.032511637 0.950200215 -0.309939582
-0.041796370 0.945602065 -0.322629506
-0.032409976 0.952466477 -0.302914516
-0.046200060 0.945565565 -0.322135555
-0.046158826 0.947693249 -0.315827277
-0.045598541 0.942157511 -0.332054210
-0.047278785 0.944380504 -0.325438442
-0.028020557 0.955349264 -0.294147297
-0.032035449 0.953827576 -0.298641400
-0.066174591 0.952668461 -0.296721634
-0.083380227 0.950971911 -0.297825724
-0.057640076 0.947045822 -0.315882625
-0.051641054 0.946469567 -0.318635466
-0.026599482 0.947015187 -0.320085464
-0.033787077 0.986838876 -0.158137490
-0.034452929 0.984703339 -0.170799090
-0.037145729 0.987636024 -0.152299962
-0.024571001 0.980784424 -0.193541158
-0.040516111 0.992796796 -0.112751794
-0.045930315 0.994156617 -0.097688419
-0.049923279 0.996246514 -0.070714569
-0.017656656 0.971051418 -0.238217099
-0.050367655 0.975583833 -0.213773911
-0.038490862 0.973107667 -0.227112135
-0.045290158 0.973509604 -0.224115714
0.073068764 0.877319714 0.474311159
0.065107509 0.882011997 0.466707456
0.008136720 0.886291844 0.463055679
-0.000378718 0.897419411 0.441178261
0.009464260 0.889886247 0.456084308
0.028609302 0.884248065 0.466140394
0.086734827 0.888288299 0.451022136
0.148484945 0.901601200 0.406284996
0.108207962 0.878131176 0.466022182
0.225021964 0.897655893 0.378918215
0.248738954 0.896921678 0.365596002
0.250998514 0.904336160 0.345218562
0.183658817 0.939679811 0.288567655
0.175015236 0.937422135 0.301013967
0.175814507 0.917049795 0.357923081
0.466176419 0.856862460 0.220150564
0.402438917 0.876535027 0.264062995
0.415285274 0.873560434 0.253831260
0.422451051 0.876601351 0.230445614
0.510538074 0.853377591 0.105344968
0.517044235 0.851516469 0.087091693
0.523683394 0.847899343 0.082597857
0.467257367 0.853352627 0.231213856
0.270495509 0.904404808 0.329975944
0.130347709 0.873320360 0.469383663
0.153561849 0.872136391 0.464539421
0.130977491 0.876844362 0.462589301
0.144528446 0.862905874 0.484257143
0.126158587 0.867766015 0.480693410
0.153594040 0.863469827 0.480446384
0.104015574 0.872551781 0.477319757
0.500855332 0.849572434 0.165440670
0.484384779 0.856020159 0.180557121
0.542904843 0.831210292 0.119765528
0.477442135 0.861292203 0.173852663
0.465324209 0.865823713 0.183909431
0.480930634 0.862222849 0.158988942
0.520319430 0.845390800 0.120756312
0.528639760 0.843296488 0.096907371
0.525682147 0.846696578 0.082238591
0.511210091 0.844294979 0.160717860
0.543938806 0.834247462 0.090342387
0.559071054 0.824435037 0.088013784
0.577860772 0.809362599 0.104924315
0.567648818 0.821323158 0.056595843
0.554577302 0.830206706 0.056575974
0.557797018 0.829574791 0.025848643
0.538896874 0.837720328 0.088401423
0.523959114 0.843752515 0.116398193
0.540510319 0.841239465 -0.012835798
0.534622709 0.845090857 -0.000043340
0.538747933 0.841894337 -0.031057833
0.509961937 0.849470794 0.135418584
0.465429794 0.862227641 0.199846447
0.480620705 0.858377928 0.179418701
0.496044270 0.854453327 0.154433139
0.506721295 0.852277342 0.129833977
0.555688044 0.831143223 -0.020291391
0.543563887 0.839299650 0.010695692
0.542464561 0.839515007 0.030769335
0.534898197 0.844050240 0.038250647
0.529942264 0.822269205 0.207447708
0.523432778 0.825037251 0.212912333
0.542927513 0.836195223 -0.077506551
0.548237394 0.831439065 -0.090248776
0.561476630 0.804383061 -0.194195480
0.562139293 0.804615156 -0.191295233
0.365120850 0.846079195 0.388377085
0.385165052 0.851008548 0.356976658
0.413281783 0.837108068 0.358396778
0.553885046 0.823938738 -0.119734341
0.549159591 0.816383871 -0.178720784
0.554551306 0.831273706 -0.038169042
0.556047162 0.820150837 -0.134774469
0.543137351 0.737557805 -0.401260889
0.539622829 0.728202334 -0.422526405
0.545224690 0.748799217 -0.376868374
0.544841519 0.756291982 -0.362174208
0.553362701 0.776680538 -0.300927006
0.550055723 0.757990481 -0.350555463
0.551721692 0.765269866 -0.331610023
0.277027437 0.583110731 -0.763699989
0.316948877 0.595363459 -0.738299235
0.312366645 0.606872078 -0.730844279
0.576340327 0.812976636 -0.083071158
0.571604479 0.815654575 -0.089308083
0.566511155 0.807231119 -0.165659388
0.569433295 0.816549556 -0.094829027
0.559496964 0.825563961 -0.073534299
0.564086587 0.820717405 -0.090715288
0.564960304 0.822860589 -0.060994312
0.555566420 0.794459059 -0.245317665
0.554721789 0.811155050 -0.185232883
0.553449512 0.809214518 -0.197143350
0.522977936 0.745476108 -0.413230505
0.541410320 0.777113345 -0.320888945
0.418819886 0.586398242 -0.693344795
0.359500775 0.568793783 -0.739751867
0.347411318 0.566208527 -0.747471257
0.349280143 0.567504391 -0.745615282
0.375078542 0.571861084 -0.729582749
0.144737039 0.585343112 -0.797762265
0.145478580 0.600463251 -0.786307743
0.488853953 0.775503960 -0.399518986
0.185244463 0.557014745 -0.809579559
0.223163494 0.551054940 -0.804074940
0.243244212 0.550596409 -0.798546084
0.224624732 0.549030811 -0.805052109
0.504895712 0.637778312 -0.581652082
0.244248702 0.572577042 -0.782622580
0.297640048 0.558301204 -0.774409560
0.279997530 0.556245060 -0.782427515
0.419702709 0.598862075 -0.682065870
0.394949096 0.585270247 -0.708148254
0.431143248 0.602486663 -0.671658634
0.343919978 0.589757460 -0.730688160
0.324078752 0.589297873 -0.740068226
0.423711973 0.693062030 -0.583209385
0.420397361 0.708868237 -0.566367267
0.406216917 0.689431607 -0.599726500
0.299611030 0.557455410 -0.774258805
0.320173848 0.566254487 -0.759502840
0.301230949 0.564693153 -0.768362908
0.472373636 0.622062943 -0.624420405
0.469247595 0.622977424 -0.625864062
0.495188260 0.641908230 -0.585442065
0.505325833 0.648945280 -0.568784517
0.496896329 0.642744719 -0.583072263
0.262656991 0.552188018 -0.791264619
0.386478621 0.608835223 -0.692787087
0.365049976 0.593716884 -0.717104440
0.547829368 0.751339112 -0.367930052
0.551684205 0.770789623 -0.318634423
0.368372562 0.622063444 -0.690897045
0.358590468 0.611514546 -0.705310454
0.375453285 0.615933290 -0.692575637
0.348338204 0.580441339 -0.736035561
0.390966086 0.599635415 -0.698271357
0.390041779 0.611218910 -0.688679065
0.399616400 0.621433890 -0.673889200
0.461665501 0.628424637 -0.626057059
0.474348265 0.633958584 -0.610811131
0.454225494 0.629323259 -0.630580238
0.381135987 0.705301084 -0.597733838
0.374424235 0.693781361 -0.615202337
0.409399384 0.716311614 -0.565057356
0.195654857 0.558829801 -0.805871224
0.201847288 0.600628207 -0.773630034
0.245592999 0.608220421 -0.754819183
0.286528319 0.615361202 -0.734324256
0.280609772 0.654446655 -0.702109487
0.321787324 0.684824442 -0.653810677
0.256734639 0.657317310 -0.708534600
0.210770340 0.638366178 -0.740313776
0.181217948 0.634121696 -0.751697898
0.175462388 0.636079788 -0.751408979
0.483193717 0.675050313 -0.557522113
0.469840653 0.684205466 -0.557774723
0.462532945 0.666398920 -0.584786930
0.544060582 0.734172465 -0.406188224
-0.018958065 0.997681041 -0.065369205
-0.021604922 0.998653064 -0.047172918
-0.017383844 0.999124748 -0.038046539
-0.010898717 0.971739075 -0.235805828
-0.012774821 0.970253322 -0.241754619
-0.011910834 0.995745314 -0.091375059
-0.113904201 0.948502792 0.295581269
-0.090530394 0.967514073 0.236052466
-0.093408972 0.961320009 0.259111181
-0.100698608 0.957566265 0.270049325
-0.037462110 0.989923168 0.136560283
-0.055901681 0.982723168 0.176437460
-0.030885057 0.992141963 0.121245363
-0.035481698 0.992374280 0.118043793
-0.028816409 0.990146420 0.137038977
-0.032828642 0.988665759 0.146500161
-0.034452018 0.988611611 0.146492805
-0.016088450 0.997686370 0.066053533
-0.020087344 0.996672687 0.078994008
-0.014290602 0.997662502 0.066822986
-0.023264736 0.992015240 0.123953680
-0.011904142 0.998302343 0.057015120
-0.017702970 0.997446050 0.069195242
-0.004663975 0.999750395 0.021849362
0.000281886 0.999185565 0.040350058
-0.025391960 0.995575777 0.090466130
-0.017569560 0.996659688 0.079754477
-0.012779936 0.997132755 0.074585135
-0.076416487 0.965446865 0.249144278
-0.082011504 0.961762973 0.261316087
-0.081031958 0.962881530 0.257474233
-0.049299856 0.983431776 0.174446172
-0.042365042 0.986614779 0.157468985
0.004596609 0.999935465 0.010389291
0.003337109 0.999839712 -0.017590169
0.000711813 0.999855060 -0.017010370
-0.002904487 0.999538636 -0.030233752
-0.002832805 0.999816276 -0.018957565
-0.002806457 0.999744562 -0.022426192
-0.037613184 0.980221000 0.194298841
-0.033018795 0.978189372 0.205073918
-0.038864627 0.980953874 0.190313002
-0.051471101 0.971473613 0.231494590
-0.048610473 0.971030712 0.233958071
-0.048520407 0.979429216 0.195867764
-0.007112115 0.991797988 -0.127617271
-0.005980661 0.988193794 -0.153092313
-0.009923438 0.994428013 -0.104949762
-0.013971655 0.995166899 -0.097198953
-0.011728930 0.995137379 -0.097795854
-0.003081416 0.998251988 -0.059020950
-0.003915129 0.997880335 -0.064957750
-0.006446312 0.996855014 -0.078984339
-0.013175755 0.996753638 -0.079426601
-0.046480892 0.979411213 -0.196451528
-0.031906831 0.982826267 -0.181753905
-0.044106905 0.978292930 -0.202478454
-0.045988615 0.976299079 -0.211483230
-0.005891736 0.997425103 -0.071473431
-0.007739519 0.996714818 -0.080620534
-0.005431859 0.997110656 -0.075768299
-0.008223605 0.995618604 -0.093144873
-0.010161560 0.996062586 -0.088068543
-0.062128880 0.951186036 -0.302299729
-0.067610210 0.946719733 -0.314881892
-0.025667114 0.941520609 -0.335976401
-0.015947103 0.974888174 -0.222123251
-0.014949093 0.972123604 -0.233991931
-0.062193199 0.978970919 -0.194288304
0.051124019 0.878663957 0.474695677
0.113124814 0.873406689 0.473670279
0.171871650 0.866908356 0.467899603
0.196119845 0.867795559 0.456582823
0.197323832 0.883068573 0.425738419
0.190526657 0.891217368 0.411620208
0.200127096 0.918182108 0.341892911
0.421142954 0.873883639 0.242829152
0.440692645 0.872999750 0.208953173
0.475584033 0.865337681 0.158147162
0.491154504 0.859962291 0.138679887
0.488602745 0.862858978 0.129389880
0.531712747 0.844703181 0.061303266
0.540737327 0.840513250 0.033773077
0.548405048 0.836114768 -0.012806197
0.505223326 0.853901630 0.124905555
0.498413027 0.857233560 0.129364132
0.510678830 0.852964785 0.107973186
0.523853264 0.847533701 0.085231351
0.538203632 0.841309614 0.050348624
0.512369209 0.845942349 0.147849027
0.514845348 0.841759551 0.162404204
0.532132484 0.843871985 0.068666533
0.518789654 0.848329769 0.105801219
0.471024571 0.867674586 0.158986371
0.486641663 0.862386417 0.139533363
0.502121799 0.856475894 0.119677658
0.489333507 0.859360558 0.148499663
0.540298878 0.799556469 0.262271950
0.548455563 0.816567653 0.180038229
0.530369067 0.845157264 0.066466925
0.547712361 0.834104688 0.065425830
0.547085964 0.824610542 -0.143924989
0.540182073 0.837727423 -0.080100517
0.542109840 0.836255181 -0.082426899
0.542867788 0.756314264 -0.365079853
0.550339273 0.780126972 -0.297537547
0.545936634 0.782159095 -0.300300419
0.561100228 0.816828983 -0.134003529
0.558871297 0.817711783 -0.137877891
0.560938888 0.810526218 -0.168507605
0.550992194 0.769399792 0.323158727
0.530508888 0.772223992 0.349614682
0.511460766 0.799125310 0.315921862
0.520493097 0.766684057 0.375875634
0.547143393 0.810229568 -0.210147936
0.549776975 0.827431621 -0.114464802
0.576550834 0.815965811 -0.042295765
0.552265169 0.832516491 -0.043811812
0.554720494 0.823358461 -0.119858327
0.554855374 0.817486511 -0.154438719
0.563755447 0.818937484 -0.107336821
0.551679574 0.830805218 -0.073568588
0.531861208 0.845558183 0.046422132
0.544862008 0.836342873 -0.060464800
0.544208827 0.838467132 -0.028453850
0.548063604 0.824799735 -0.139038423
0.550572369 0.810548251 -0.199703777
0.555974220 0.790252690 -0.257669076
0.555189567 0.784206987 -0.277099164
0.553282311 0.781351145 -0.288737031
0.551151909 0.765061612 -0.333034987
0.551474264 0.774372040 -0.310200065
0.546253625 0.744040907 -0.384720814
0.549064888 0.752412499 -0.363872478
0.527409670 0.700326806 -0.481021211
0.518665831 0.678070788 -0.520774196
0.535382504 0.708590421 -0.459635931
0.528879666 0.703001073 -0.475474280
0.532886344 0.714106799 -0.453964342
0.514800405 0.681039768 -0.520735420
0.548017264 0.750307587 -0.369750730
0.543629322 0.730906203 -0.412605480
0.543363970 0.727647959 -0.418669373
0.488914348 0.652487274 -0.578984556
0.496133568 0.651285376 -0.574176665
0.497983114 0.647791557 -0.576523128
0.497547289 0.646765990 -0.578048830
0.482145127 0.633978645 -0.604654574
0.493025823 0.663185170 -0.563126068
0.471507540 0.646207392 -0.600080533
0.505476680 0.661356849 -0.554166441
0.455793878 0.639167113 -0.619449224
0.460347059 0.650462107 -0.604135443
0.403416617 0.645676581 -0.648349278
0.413336117 0.660800463 -0.626495013
0.399417361 0.658184819 -0.638168094
0.520229164 0.673748676 -0.524808859
0.538549448 0.717797927 -0.441282934
0.545044229 0.737061206 -0.399584243
0.498311123 0.675997147 -0.542875568
0.442953837 0.633420540 -0.634484293
0.468028498 0.628048689 -0.621694595
0.468512236 0.629137122 -0.620227996
0.515168264 0.664722814 -0.541059369
0.532930507 0.698149346 -0.478092633
0.504853725 0.692743468 -0.515004081
0.446954162 0.659552960 -0.604335891
0.413767299 0.637503655 -0.649912080
0.427447373 0.635107186 -0.643372058
0.431002727 0.645892773 -0.630126317
0.434254241 0.619899335 -0.653565658
0.447735244 0.623180965 -0.641232123
0.530394711 0.727628191 -0.435015709
0.516327253 0.728187257 -0.450721074
0.413924339 0.723237281 -0.552806003
0.498579942 0.712149466 -0.494227863
0.485393660 0.720996344 -0.494527316
0.476853829 0.701022021 -0.530262719
0.432582865 0.741912403 -0.512287079
0.422422336 0.725377645 -0.543494841
0.566347894 0.812514323 -0.138096117
0.553615998 0.784118643 -0.280476881
0.253367475 0.672187380 -0.695678840
0.459132644 0.732119965 -0.503187412
0.471967766 0.744111760 -0.472804523
0.358205248 0.710175424 -0.606085694
0.428356752 0.735505155 -0.524921575
0.600379610 0.748396198 -0.281864249
0.458054325 0.756492848 -0.466802750
0.257368238 0.629860607 -0.732828224
0.433471574 0.662250896 -0.611167853
0.389771128 0.686584871 -0.613742359
0.392657964 0.670055718 -0.629956394
0.382682951 0.654838383 -0.651721146
0.429277686 0.674453398 -0.600694000
0.443457750 0.693888085 -0.567331076
0.338569710 0.651962563 -0.678465451
0.333540379 0.639792478 -0.692399019
0.371212269 0.655128747 -0.658033264
0.397604871 0.626413051 -0.670460331
0.399717166 0.634673343 -0.661374278
0.456586699 0.692943509 -0.557994516
0.450610614 0.710897929 -0.539976119
0.462323196 0.736841261 -0.493277020
0.358999115 0.630589017 -0.688096743
0.320154310 0.620405701 -0.715959485
0.322994807 0.658738291 -0.679513221
0.360562601 0.673841895 -0.644927679
-0.020667345 0.995802975 -0.089158818
-0.024313616 0.996211198 -0.083499080
0.004757611 0.999238174 -0.038735471
0.006081871 0.999114714 -0.041626909
0.009331645 0.999551016 -0.028472559
0.005349497 0.999278225 -0.037608663
-0.010621825 0.996427854 -0.083777735
-0.010752948 0.997348544 -0.071973996
-0.003535509 0.999990432 -0.002576084
0.006851944 0.998685586 0.050795181
0.011462655 0.999057502 0.041865447
-0.006518447 0.999737778 0.021951864
-0.005457128 0.999982413 0.002322579
-0.007639938 0.999803737 0.018278907
-0.007640031 0.998922082 0.045785406
-0.010264912 0.994430033 -0.104897764
-0.005867919 0.995139576 -0.098299500
-0.006771666 0.996567293 -0.082509240
-0.006463325 0.996840770 -0.079162519
-0.006020816 0.995002695 -0.099666376
-0.008066897 0.977247665 -0.211947934
-0.009613519 0.990102621 -0.140015643
-0.011404270 0.991965760 -0.125991561
-0.010378932 0.992909881 -0.118415567
0.452436600 0.866103303 0.212523390
0.450422936 0.870758234 0.197228995
0.446625446 0.869249492 0.211969414
0.459864806 0.870892403 0.173409290
0.454440875 0.871434329 0.184623135
0.424337729 0.852122898 0.306307129
0.439692106 0.845174816 0.303892058
0.438347433 0.855402571 0.275931096
0.532115557 0.845181802 0.050207120
0.536766820 0.840379937 0.075119523
0.530666164 0.847111383 0.028208636
0.534970377 0.844862512 0.003745943
0.547379055 0.836731066 0.016040359
0.550313920 0.813302607 -0.188927129
0.548550504 0.815020055 -0.186640441
0.451862874 0.619939036 -0.641479177
0.464796207 0.623683440 -0.628477089
0.455848739 0.621638654 -0.636998674
0.501583992 0.648518286 -0.572570984
0.504086887 0.653598687 -0.564539783
0.486294690 0.635879085 -0.599312325
0.512858026 0.663562186 -0.544666751
0.479429939 0.631113596 -0.609788949
0.477713409 0.630471474 -0.611797040
0.488272346 0.636086752 -0.597481180
0.484893993 0.633118784 -0.603355966
0.473827555 0.628906379 -0.616412374
0.472096258 0.626488831 -0.620190993
0.512347240 0.659784589 -0.549713199
0.498564783 0.643324084 -0.581005404
0.455710463 0.622563393 -0.636193992
0.468584857 0.626227693 -0.623110831
0.457635273 0.612491760 -0.644533786
0.509552715 0.653627939 -0.559577115
0.479278834 0.632021135 -0.608967228
0.502451024 0.642832987 -0.578194361
0.461329276 0.625056679 -0.629666140
0.448506499 0.620350026 -0.643434352
0.410551895 0.614199806 -0.673947876
0.413150054 0.607649390 -0.678284049
0.431105951 0.610675933 -0.664245861
0.425039119 0.614988393 -0.664176952
0.534977875 0.725844874 -0.432374713
0.547312231 0.795928901 -0.258740228
0.552324983 0.797063864 -0.244184991
0.475382904 0.727691365 -0.494445520
-0.015500857 0.994407512 -0.104467331
-0.013694542 0.993656952 -0.111616852
-0.015085253 0.985067657 -0.171505529
-0.012826563 0.979813952 -0.199499622
-0.012292443 0.976760307 -0.213981773
-0.029563326 0.994024491 -0.105077687
-0.030660654 0.996488705 -0.077911387
-0.024450140 0.993016455 -0.115414515
-0.007390857 0.996161556 -0.087221148
-0.002066650 0.998439809 -0.055800332
-0.001713657 0.999224432 -0.039339520
0.000774893 0.998853403 -0.047867298
-0.004983367 0.998206922 -0.059649868
-0.006578024 0.993115991 -0.116950236
-0.009504060 0.998506302 -0.053803695
-0.005651838 0.996542685 -0.082889889
-0.010224986 0.999340260 -0.034849601
-0.009068596 0.973612459 -0.228027499
0.448622903 0.868367856 0.211364040
0.433441184 0.872756176 0.224556001
0.452187071 0.870420689 0.194665550
0.462267157 0.867725673 0.182650575
0.433236255 0.873355965 0.222611108
0.420622947 0.876811105 0.232977732
0.450285102 0.861183118 0.235811290
0.466503922 0.856529027 0.220753519
0.452657786 0.837474182 0.306166497
0.466557782 0.820782869 0.329604790
0.411657898 0.877957766 0.244392997
0.408322124 0.858344837 0.310672148
0.408990576 0.867609382 0.282808537
0.435019905 0.868318577 0.238286657
0.468578715 0.812618862 0.346532211
0.293279855 0.848247205 0.440980278
0.283702072 0.852822055 0.438414960
0.348062291 0.865749288 0.359625933
0.317739163 0.845673257 0.428810642
0.363766900 0.855547913 0.368390298
0.475562995 0.631142900 -0.612779305
0.428492580 0.617206410 -0.659886624
-0.020392660 0.994411133 -0.103588797
-0.029415128 0.996888514 -0.073130296
-0.033260674 0.997205403 -0.066896270
-0.007001458 0.994153758 -0.107746391
-0.013980006 0.968869645 -0.247176396
-0.012818712 0.969559430 -0.244520330
-0.011075874 0.975631387 -0.219136309
-0.013673385 0.968873464 -0.247178577
-0.011670675 0.969938818 -0.243068889
-0.012021139 0.969237998 -0.245831642
-0.011450182 0.970536099 -0.240683555
-0.009797785 0.970887997 -0.239333451
-0.013075266 0.983937001 -0.178036558
-0.010278503 0.975342881 -0.220455476
-0.012888615 0.987176466 -0.159111623
-0.012930905 0.990999979 -0.133236008
-0.016593789 0.967032350 -0.254112337
-0.010815835 0.970611821 -0.240407383
-0.015439315 0.967126397 -0.253827029
-0.018009080 0.965978163 -0.257995856
-0.016506332 0.965787866 -0.258807533
-0.011712958 0.971832712 -0.235380514
-0.012212425 0.969771288 -0.243709882
-0.009140150 0.973191482 -0.229814700
-0.011275858 0.973537979 -0.228246926
0.409285660 0.847348953 0.338356322
0.513740742 0.774747339 0.368560729
0.491916857 0.805033190 0.331571062
0.514189859 0.823539114 0.239566517
0.346282484 0.855234634 0.385567325
0.325852291 0.849770339 0.414379844
0.307162122 0.845459814 0.436862831
0.335917995 0.855576692 0.393887833
-0.015419237 0.990324112 -0.137914467
-0.020081955 0.990320057 -0.137342271
-0.020596818 0.992234355 -0.122665217
-0.040974381 0.997367376 -0.059828225
-0.012070979 0.977286192 -0.211579751
-0.018526594 0.979920311 -0.198526948
-0.016432796 0.977502859 -0.210281059
-0.053420324 0.997128880 -0.053668099
-0.048040955 0.996473731 -0.068790775
0.509023166 0.852648951 0.117835403
0.503589342 0.849092938 0.159495950
0.491688396 0.853258325 0.173760617
0.480161801 0.855777229 0.192587587
-0.016027173 0.983033298 -0.182725656
-0.016470149 0.981659403 -0.189930385
-0.031877001 0.993371155 -0.110442766
-0.023964584 0.988937153 -0.146386499
-0.032521775 0.992904751 -0.114378716
-0.018945175 0.986226888 -0.164309483
-0.017962625 0.997003236 -0.075245537
-0.021336094 0.997671842 -0.064773961
-0.038077483 0.996610851 -0.072917198
-0.048398581 0.997384027 -0.053690596
-0.046514748 0.997575455 -0.051764756
-0.034587380 0.992395711 -0.118129026
-0.021809700 0.985461426 -0.168493665
-0.031812529 0.990141720 -0.136408714
-0.027748322 0.986208428 -0.163165461
-0.048861579 0.997454707 -0.051929318
-0.016665413 0.982290801 -0.186620057
-0.013857475 0.978729728 -0.204685343
-0.027276123 0.984169003 -0.175121061
-0.152712967 0.937121822 0.313817527
-0.158536154 0.924390714 0.346941056
-0.132137489 0.937404909 0.322198262
-0.132501017 0.938150761 0.319869707
-0.172157215 0.923070480 0.343951716
-0.135923480 0.937791492 0.319486970
-0.181161578 0.906987660 0.380202403
-0.004009223 0.999782216 -0.020480384
-0.000517783 0.999583421 -0.028856819
-0.003018506 0.999779514 -0.020780100
-0.001682210 0.999729038 -0.023216840
-0.017814884 0.990083409 -0.139346590
0.430332721 0.741982957 -0.514076883
-0.165332305 0.937104685 0.307408584
-0.141353841 0.949817269 0.279045241
0.393792928 0.838606438 -0.376385935
0.400843346 0.831534246 -0.384545719
0.424483595 0.839025221 -0.340367972
0.424657262 0.830261734 -0.361014769
0.411450827 0.840341620 -0.352894005
0.486005608 0.775041527 -0.403867775
0.544777651 0.750069711 -0.374983652
0.536766215 0.719306627 -0.440998873
-0.052357852 0.977357123 0.205016366
-0.061825569 0.964160812 0.258014589
-0.060760592 0.964648848 0.256438590
-0.059654263 0.967540249 0.245575316
-0.063474463 0.960868663 0.269633836
-0.057712475 0.971208067 0.231136672
-0.056644483 0.971647525 0.229548448
-0.077271499 0.963005588 0.258165358
0.045400464 0.998599391 0.027167169
0.016236786 0.999774887 -0.013658065
-0.071778578 0.968816733 -0.237153902
-0.071587173 0.970698910 -0.229388106
-0.068066773 0.900912810 0.428629238
0.325363485 0.945056877 -0.031719103
0.547620272 0.758507761 -0.353239316
0.482094744 0.769574614 -0.418735682
0.486399990 0.764034635 -0.423870413
0.447453220 0.799300321 -0.401129172
0.441479722 0.808988348 -0.388115328
0.475807826 0.778563672 -0.409201076
0.430725230 0.820651423 -0.375509013
0.422429659 0.820005171 -0.386192572
0.443759102 0.819341708 -0.362983506
0.391984089 0.845541495 -0.362502488
0.127206960 0.594383417 -0.794057141
-0.034094473 0.999161291 0.022677758
-0.029106970 0.999568881 0.003851917
-0.022124393 0.999458724 -0.024346855
0.261206724 0.558409206 -0.787369168
0.261204298 0.554231850 -0.790315995
0.317790069 0.563945559 -0.762217081
0.320467758 0.562165947 -0.762410561
0.272746208 0.553953163 -0.786603712
0.338775270 0.566141166 -0.751475546
0.318805501 0.560815498 -0.764100144
0.300010278 0.554782542 -0.776022013
0.308176305 0.557599448 -0.770785457
0.326679376 0.561765834 -0.760065611
0.335937488 0.564612747 -0.753895517
0.001579420 0.998839112 0.048144934
0.558449140 0.759672333 -0.333215403
0.440267105 0.613014360 -0.656032218
0.437263358 0.609291555 -0.661486626
0.457940715 0.618445996 -0.638603830
0.401365494 0.592498825 -0.698463229
0.397090976 0.595405692 -0.698434549
0.378870241 0.584016444 -0.717901201
0.351174953 0.570597773 -0.742357282
0.346843673 0.573418755 -0.742219912
0.359130242 0.573054202 -0.736637191
0.280903873 0.552915120 -0.784460250
0.317602363 0.560589719 -0.764766569
-0.053712787 0.974786633 0.216577829
-0.055667726 0.971343303 0.231069885
-0.058191152 0.967090103 0.247690376
-0.065493421 0.958321125 0.278084938
-0.064839486 0.957168838 0.282176640
-0.060360891 0.963686859 0.260123433
0.146464835 0.916951158 0.371145021
0.193032740 0.899633796 0.391659794
0.177908489 0.902066024 0.393224438
0.168061511 0.911430110 0.375566882
0.493546740 0.639608368 -0.589332462
