v -0.07938931 -1.09618321 0
v -0.06938464 -1.07696498 0.01422138
v -0.05712017 -1.05340582 0.03165501
v -0.04601698 -1.03207747 0.0474379
v -0.03567953 -1.01233503 0.06198395
v -0.02342641 -0.99232616 0.07484836
v -0.01049578 -0.97121094 0.08842406
v 0.00168095 -0.95132686 0.10120826
v 0.01483276 -0.92985053 0.1150162
v 0.03230754 -0.90955645 0.12522003
v 0.05184129 -0.88719167 0.13630955
v 0.07199366 -0.86411863 0.14775027
v 0.0914628 -0.84182781 0.15880311
v 0.11083762 -0.8220595 0.16605467
v 0.13193596 -0.80188245 0.17185599
v 0.15391792 -0.78086042 0.17790026
v 0.1733557 -0.76227144 0.18324498
v 0.20051534 -0.75113348 0.17590634
v 0.22777597 -0.73995415 0.16854041
v 0.2546456 -0.72893517 0.16128014
v 0.27994651 -0.72148766 0.14860762
v 0.3061833 -0.71457769 0.13384603
v 0.33163142 -0.70787542 0.11952817
v 0.3563484 -0.7013657 0.10562168
v 0.38508368 -0.69379764 0.08945437
v 0.41398259 -0.68618649 0.07319499
v 0.43828729 -0.68253191 0.0544214
v 0.45783106 -0.6803705 0.03788228
v 0.47910432 -0.6780178 0.01987958
v 0.50259542 -0.67541985 0
v 0.49039294 -0.64682028 0
v 0.47705156 -0.61803819 0
v 0.46219909 -0.58938171 0
v 0.44711907 -0.56028611 0
v 0.43466338 -0.53625399 0
v 0.42199442 -0.50695223 0
v 0.40936106 -0.47587015 0
v 0.39826563 -0.44857187 0
v 0.38812015 -0.41671655 0
v 0.38008588 -0.38478035 0
v 0.37192372 -0.35233574 0
v 0.36496608 -0.31949785 0
v 0.35986056 -0.29113373 0
v 0.3544627 -0.26114571 0
v 0.3512071 -0.23184222 0
v 0.35003794 -0.20144447 0
v 0.34889887 -0.17182895 0
v 0.34956442 -0.13632195 0
v 0.35236641 -0.10870229 0
v 0.32937541 -0.12161637 0.00728613
v 0.30041273 -0.13784646 0.01641757
v 0.27391555 -0.15256708 0.02461409
v 0.25011605 -0.16578902 0.03197613
v 0.2248732 -0.17981279 0.03978464
v 0.19783317 -0.19446945 0.04776746
v 0.17140707 -0.20862789 0.05539633
v 0.14305442 -0.22226891 0.06248983
v 0.1170002 -0.23346193 0.06806288
v 0.09008151 -0.24496347 0.07376972
v 0.05634897 -0.25769596 0.07955465
v 0.02289006 -0.27032517 0.08529266
v -0.00930095 -0.28073721 0.08971448
v -0.0412045 -0.29019296 0.09355123
v -0.07077263 -0.29561074 0.09558059
v -0.1040862 -0.3007226 0.09741431
v -0.13855601 -0.30387252 0.0983501
v -0.16985406 -0.30536629 0.09858568
v -0.20071529 -0.3068392 0.09881796
v -0.22938346 -0.30370494 0.09725459
v -0.26198527 -0.29885109 0.09496716
v -0.29579618 -0.29371235 0.09254435
v -0.32755222 -0.28567813 0.08872259
v -0.36364791 -0.27654597 0.08437857
v -0.39691477 -0.26625324 0.07952187
v -0.42623502 -0.25450369 0.07402371
v -0.45364735 -0.24351868 0.06888332
v -0.48187079 -0.23009164 0.06254021
v -0.50975124 -0.21592472 0.05582602
v -0.53288865 -0.20416789 0.05025405
v -0.55487476 -0.19299605 0.04495933
v -0.58486615 -0.17385981 0.0358439
v -0.61269964 -0.1560731 0.02737105
v -0.63902761 -0.13924839 0.01935646
v -0.66748203 -0.11994716 0.01010609
v -0.69740458 -0.0989313 0
v -0.68351152 -0.12373626 0.00946545
v -0.66804591 -0.15134897 0.02000233
v -0.6564635 -0.17202853 0.02789355
v -0.64489094 -0.19299171 0.03581098
v -0.63428204 -0.21700708 0.0435934
v -0.62242314 -0.24385202 0.05229278
v -0.61049227 -0.27085999 0.061045
v -0.59888273 -0.29797149 0.06958771
v -0.59036886 -0.32731449 0.07615082
v -0.58182941 -0.35674574 0.08273365
v -0.5727157 -0.3881562 0.08975918
v -0.56392764 -0.41989295 0.09645605
v -0.55789379 -0.45503183 0.10033905
v -0.55213591 -0.48856356 0.10404446
v -0.5467063 -0.52018387 0.10753864
v -0.54145538 -0.55076332 0.11091781
v -0.54103188 -0.58439543 0.10979215
v -0.54087749 -0.61659571 0.10848724
v -0.54072266 -0.64888329 0.10717878
v -0.5405698 -0.68076656 0.10588671
v -0.54480499 -0.71010101 0.10157715
v -0.55371138 -0.74005024 0.09390918
v -0.56240223 -0.76927459 0.08642679
v -0.57050051 -0.79650622 0.07945459
v -0.57876047 -0.82428167 0.07234314
v -0.58764287 -0.85415017 0.06469582
v -0.595081 -0.87679948 0.05840921
v -0.60690038 -0.89889529 0.04910915
v -0.61912982 -0.92175759 0.03948647
v -0.63126759 -0.94444865 0.02993586
v -0.64293893 -0.96626759 0.02075232
v -0.65602442 -0.99073019 0.01045607
v -0.66931298 -1.01557252 0
v -0.65378832 -1.00172904 0.00891059
v -0.63425662 -0.98431246 0.02012103
v -0.61537016 -0.96747122 0.03096116
v -0.59281951 -0.94736254 0.0439044
v -0.56953364 -0.92659828 0.05726962
v -0.54707639 -0.90697251 0.06989819
v -0.51863661 -0.88868641 0.08159919
v -0.4937415 -0.87267951 0.09184179
v -0.46802902 -0.85669937 0.10215723
v -0.43570257 -0.85229164 0.10764478
v -0.39824196 -0.84718392 0.11400388
v -0.36556294 -0.85150689 0.11458723
v -0.33184902 -0.8576561 0.11423383
v -0.3074007 -0.87160693 0.1089945
v -0.28040147 -0.88718839 0.10311665
v -0.25362141 -0.90264343 0.0972865
v -0.23304652 -0.92119894 0.08869808
v -0.21151341 -0.94117143 0.07936965
v -0.18922525 -0.96184436 0.06971414
v -0.16777454 -0.98304747 0.05953036
v -0.14895863 -1.00713241 0.04685723
v -0.13014273 -1.03121727 0.0341841
v -0.11215323 -1.05424439 0.02206758
v -0.09406323 -1.07740018 0.00988337
v -0.1229772642 -0.824 0.1051132911
v -0.3214566817 -0.3160154882 0.0984110498
v -0.3198342531 -0.3469287767 0.1076845312
v -0.3196858124 -0.3778989181 0.1165472668
v -0.3196383372 -0.4088694902 0.1249453936
v -0.319693758 -0.4398400559 0.1328434596
v -0.3197292496 -0.4708106519 0.1384134138
v -0.3197323315 -0.5017812729 0.144077772
v -0.3197323709 -0.5327518942 0.1487341554
v -0.319732371 -0.5637225154 0.1505381387
v -0.3197323614 -0.5946931367 0.1526734695
v -0.3197315299 -0.6256637579 0.1535636203
v -0.3197208237 -0.6566343768 0.1528211074
v -0.3197011028 -0.6876049913 0.1517785975
v -0.319714437 -0.7185756079 0.1497196743
v -0.3197302708 -0.7495462246 0.1443439943
v -0.3197300796 -0.7805168455 0.1381153124
v -0.3195763605 -0.8114866826 0.1307391761
v -0.3172020982 -0.8423283735 0.1200323428
v -0.1302629446 -0.3333727669 0.1076700575
v -0.1284795776 -0.3640315834 0.1173202468
v -0.1271459357 -0.3947295322 0.1260112363
v -0.124493861 -0.4253436611 0.1312106821
v -0.1216227669 -0.4559391122 0.1352363473
v -0.119350626 -0.4865835634 0.1392015823
v -0.11832005 -0.5172932963 0.1425353539
v -0.1186312193 -0.5480194256 0.1432115897
v -0.1201367627 -0.5787103474 0.1408493921
v -0.122899024 -0.6093140156 0.138903013
v -0.1260839435 -0.6398780544 0.1378706961
v -0.1279614358 -0.670546311 0.1354562639
v -0.1284007958 -0.7012713969 0.1302367403
v -0.1273781918 -0.7319796873 0.1256118411
v -0.1248393463 -0.7626038167 0.1211098876
v -0.1229714719 -0.7932725469 0.1127922875
v -0.1151845273 -0.8537897038 0.0963790453
v -0.1083829714 -0.8838214342 0.0864887409
v -0.1013552165 -0.9138006137 0.0801359758
v -0.0936326567 -0.943609392 0.0694853376
v -0.0861726174 -0.9734834146 0.0583395954
v -0.0814111777 -1.003879611 0.044970174
v -0.0810982338 -1.034656625 0.0321150687
v -0.0811842013 -1.065443989 0.0165735316
v 0.3315061366 -0.1316952428 0.007509839
v 0.3114871012 -0.155427664 0.0175594309
v 0.2906575349 -0.1784459983 0.0300997234
v 0.2686553502 -0.2003502207 0.0435558398
v 0.2463362328 -0.2219338394 0.0589945727
v 0.22453475 -0.2440374062 0.0749178047
v 0.2039199548 -0.2672479807 0.0907362284
v 0.1844730726 -0.2914493396 0.1073176644
v 0.166051357 -0.3164380588 0.1227810797
v 0.1486677748 -0.3421628813 0.138060394
v 0.1311396774 -0.3677890531 0.1516437392
v 0.1130277482 -0.3930070806 0.1629706298
v 0.0951293413 -0.4183761432 0.1726621302
v 0.0778964381 -0.444202581 0.1810246149
v 0.0603709414 -0.4698298334 0.1868951413
v 0.0419075131 -0.4947895405 0.1894790858
v 0.0226618849 -0.5191525201 0.1886670832
v 0.0033323546 -0.5434491025 0.1861979675
v -0.0148483118 -0.5686096066 0.1822983838
v -0.031311728 -0.5949287762 0.1767229821
v -0.0470615669 -0.6216858024 0.1694149314
v -0.0622996423 -0.6487355975 0.1614019068
v -0.0761330826 -0.6765245453 0.1517748636
v -0.0874509342 -0.7054182481 0.1416697676
v -0.095438351 -0.7354058547 0.1322694814
v -0.101828215 -0.765788961 0.1227685124
v -0.1105260706 -0.7955688441 0.1145261083
v -0.3444042254 -0.8309965123 0.1233130605
v 0.4439414275 -0.6442179595 0.0449749705
v 0.335460093 -0.1538173134 0.0076045911
v 0.46595825 -0.6565036373 0.0257092335
v -0.6116236132 -0.9403646293 0.0383622598
v -0.5942917157 -0.9225552761 0.0489813087
v -0.5607888879 -0.8755151441 0.0725649178
v -0.631675941 -0.1720206121 0.02772058
v -0.5651654114 -0.2404681686 0.0562573547
v -0.0593599709 -1.012513226 0.0515449342
v -0.048633718 -0.9623727317 0.0803346916
v 0.3315881061 -0.6575317237 0.1469620175
v 0.4225680968 -0.6606379913 0.0659691359
v 0.3248909519 -0.1757223867 0.0162524969
v 0.4635365142 -0.6349728556 0.0219689358
v 0.4527136626 -0.6124751563 0.0235519449
v -0.5777990254 -0.8993860727 0.0604429081
v -0.617836149 -0.195391082 0.0355899022
v -0.5537905443 -0.2180825028 0.0529203202
v -0.0616214559 -0.985811892 0.0634353014
v -0.0310377934 -0.9731482004 0.0814886356
v -0.0228615104 -0.9499678724 0.0952608901
v 0.3382161279 -0.682697888 0.125962157
v 0.4278079853 -0.5887506206 0.0530788491
v -0.5848194867 -0.206856892 0.0441093665
v -0.5304468349 -0.2440269804 0.0643678428
v -0.0433452147 -0.9938844394 0.0673917003
v 0.368009431 -0.6613953206 0.1123741506
v 0.3023462735 -0.6786890502 0.1578324558
v -0.5283566878 -0.2238945961 0.0578558994
v 0.3490645508 -0.6663848405 0.1253535057
v 0.3519730345 -0.6389671686 0.1391885486
v 0.3191124057 -0.6911514893 0.136727258
v -0.5232653293 -0.8256690953 0.0951703148
v -0.4868017199 -0.7035023342 0.1285033304
v -0.2734508356 -0.8439618929 0.118624489
v -0.1449290608 -0.9384830563 0.0718428753
v -0.1758338844 -0.8537409582 0.1087350685
v -0.2607195835 -0.7340910816 0.1443513805
v -0.2607234022 -0.6411286707 0.1523721241
v -0.3787329538 -0.7650318993 0.1381636818
v -0.0919258567 -0.6279895297 0.1475553141
v -0.1095118326 -0.7160135553 0.1296394223
v -0.1061920266 -0.6862232917 0.1368452912
v -0.1127482104 -0.7461841158 0.1229894011
v -0.1154339634 -1.000334053 0.0434944982
v -0.4858232894 -0.5254699573 0.1327673999
v -0.2607280119 -0.486301834 0.1416017101
v -0.0674962803 -0.4049840736 0.1314108411
v -0.2606593891 -0.3932937582 0.1217038069
v -0.3786647605 -0.3934746501 0.1198118123
v -0.0811878764 -0.3458994363 0.1130105657
v -0.3519901333 -0.306369374 0.094318144
v -0.2870328643 -0.3297080351 0.1039790878
v -0.3139594871 -0.2987280607 0.0933702511
v -0.3009706543 -0.3146304467 0.0988691251
v -0.4608689576 -0.301234989 0.0890246298
v -0.1827881729 -0.3584108461 0.1131870754
v -0.1532834663 -0.3239284711 0.1043423152
v -0.1799036099 -0.3310150312 0.1058455652
v -0.1201944583 -0.3146265385 0.1018864762
v -0.1045667911 -0.3350970402 0.1088025342
v -0.1024430733 -0.3612007385 0.1172289594
v -0.0830758471 -0.3192855261 0.1038656504
v -0.0758109524 -0.375782135 0.1230203386
v -0.0931147779 -1.050016873 0.0225696332
v -0.1052825007 -1.028117406 0.0323831142
v -0.0545696707 -0.8558477824 0.1289257637
v -0.0267460102 -0.712533273 0.1817745208
v -0.071867293 -0.5656958185 0.15514776
v 0.1928476793 -0.6936090179 0.2195717479
v -0.0332908082 -0.4944757184 0.1604715839
v 0.1887246827 -0.3883691128 0.1671408916
v 0.0740403205 -0.3458926512 0.1308413548
v 0.111499024 -0.2983101495 0.1080799142
v 0.165164755 -0.2560203342 0.0849551894
v 0.1979309083 -0.2263926658 0.0670351737
v 0.2584463038 -0.2949163715 0.08931875
v 0.2436172025 -0.1967905045 0.0470902669
v 0.22100893 -0.2119540771 0.0572726008
v 0.2699613892 -0.1734801154 0.0323366774
v 0.2923192189 -0.1590160469 0.0233142386
v 0.3089074399 -0.2187799261 0.034481
v -0.35169886 -0.7961608229 0.1325879994
v -0.5594539188 -0.8462781101 0.0782434011
v -0.5934956886 -0.2472124499 0.0530161065
v -0.0565876491 -0.9181074115 0.0987524653
v -0.0715373252 -0.9539602801 0.074027479
v -0.0535641006 -0.9404113889 0.0891863254
v -0.0745608737 -0.9316563027 0.0833713213
v -0.0322930504 -0.9261709387 0.1042044364
v -0.0088922464 -0.9300868205 0.1090789072
v -0.0330127654 -0.8877090097 0.1231627977
v 0.002688944 -0.9017231489 0.1257087042
v -0.0394377804 -0.9070669355 0.1115439944
v -0.0176862496 -0.9098200882 0.1167717501
v -0.0636592138 -0.8882824783 0.1090723435
v -0.5601608504 -0.8939587504 0.0682633357
v -0.5399790613 -0.8867519707 0.0773843918
v -0.5265770735 -0.8575909987 0.0881285623
v 0.4170145011 -0.5606451992 0.0551994148
v 0.4111630392 -0.62367202 0.0793443595
v -0.6078906081 -0.220022035 0.0435616394
v -0.5435261593 -0.2978164332 0.0765218933
v 0.3668045289 -0.6827299951 0.1044143661
v 0.3938649965 -0.6684706097 0.0901193048
v 0.2542105808 -0.6807570396 0.1978747969
v 0.287890062 -0.6983840704 0.1553817873
v 0.2781210843 -0.6760606436 0.1803978302
v 0.2639795586 -0.7030804665 0.1712327764
v 0.2945939112 -0.6371879701 0.1979263762
v 0.2291003416 -0.7050447768 0.1940961712
v 0.2922157402 -0.6591068172 0.1821479981
v 0.3115738595 -0.650118714 0.1721918315
v 0.2586554756 -0.6443771271 0.2248588338
v 0.328889175 -0.6340939672 0.1667581692
v 0.2632170677 -0.6633959568 0.2048421644
v 0.2354388019 -0.6600020104 0.2303833372
v 0.3497151428 -0.5925530236 0.1681106973
v 0.3447533802 -0.6160563885 0.162264918
v 0.3781579008 -0.6181228627 0.1258656077
v 0.3066632799 -0.5957398227 0.2119233804
v 0.3222943922 -0.6122986575 0.1861496728
v 0.301138335 -0.6166123285 0.2052156657
v 0.2641361596 -0.5956503874 0.2477192816
v 0.2749930323 -0.6196249837 0.2265950482
v -0.5508253389 -0.8174732037 0.0862246176
v -0.4955742602 -0.8410544391 0.0996160519
v -0.5042181094 -0.7706731741 0.1109152619
v -0.3787137295 -0.6721572548 0.1527204606
v -0.516669268 -0.6991901776 0.1188001489
v -0.2946519847 -0.8250801819 0.1250068927
v -0.2956342301 -0.8513880884 0.1167826141
v -0.2786426061 -0.8652991431 0.1115430764
v -0.2572675544 -0.8780319783 0.107465733
v -0.2189995219 -0.8849384457 0.1005957379
v -0.2392995306 -0.8879458572 0.1022482413
v -0.2336029407 -0.8563816326 0.1118998811
v -0.1633884454 -0.9571580009 0.0687825359
v -0.1361226672 -0.9750935368 0.0558273622
v -0.1788853259 -0.9233793683 0.083355593
v -0.1441936911 -0.9576705666 0.0644518533
v -0.1174594949 -0.9558671039 0.0614521502
v -0.1791301421 -0.9439358118 0.0757568609
v -0.1346669062 -0.9057962625 0.0831274514
v -0.1455028092 -0.845806603 0.1044780358
v -0.1823330494 -0.7814967084 0.1287666346
v -0.2841081884 -0.7031056268 0.1486449867
v -0.2922530324 -0.73407496 0.1460214516
v -0.1827196742 -0.618528378 0.1456921092
v -0.260729587 -0.5792078079 0.1512474566
v -0.2841422786 -0.6101774918 0.1523495272
v -0.2922568533 -0.6411395715 0.1532281315
v -0.355332783 -0.7340427103 0.1453642833
v -0.1117943546 -0.6259191368 0.1413993551
v -0.1040660851 -0.6481239861 0.1417619599
v -0.0996541262 -0.6057846805 0.1454281866
v -0.0831619418 -0.6470010521 0.150669114
v -0.0717847349 -0.6085322142 0.157229976
v -0.1304989524 -1.012103327 0.0417690486
v -0.0972430814 -0.9907885858 0.0476137354
v -0.3787351454 -0.5792078442 0.1525108862
v -0.3787335692 -0.4862900909 0.1420462048
v -0.5169584629 -0.5308163029 0.1223870135
v -0.2841372088 -0.5172666288 0.1462910407
v -0.1770126271 -0.5320635459 0.1434016777
v -0.1813463486 -0.4461111681 0.1323311266
v -0.2841399035 -0.4553661181 0.1373061813
v -0.2922614652 -0.486298696 0.1415144177
v -0.0986667629 -0.4076843447 0.1299849055
v 0.0203106746 -0.4236280163 0.1557343251
v -0.2921927927 -0.3933420961 0.121666837
v -0.3551813164 -0.4242912197 0.1282472994
v -0.3471313569 -0.3934263122 0.1201819025
v -0.3340616797 -0.3027670967 0.0937776894
v -0.343509254 -0.3326720974 0.1024943426
v -0.4496843159 -0.2733244919 0.0802476241
v -0.2190783781 -0.3421241962 0.1083399247
v -0.1576474451 -0.3806766963 0.1203479765
v -0.0446356653 -0.3299325293 0.109168718
v -0.0992630284 -1.010171771 0.0386666477
v -0.0851471709 -0.8627729437 0.1052235728
v 0.0179605433 -0.8372624479 0.1618295323
v -0.051304719 -0.7967055746 0.1496861976
v -0.0561648012 -0.7010097408 0.1621413532
v 0.0829470695 -0.7717760856 0.1991327707
v 0.0117887236 -0.6383126373 0.2063116101
v -0.0981035411 -0.5644087992 0.1465866509
v -0.100369572 -0.5850408735 0.1463899668
v -0.0832733006 -0.5301503383 0.1500588792
v -0.0985253748 -0.5438870079 0.1460391124
v -0.0434534798 -0.5690249919 0.1675267747
v 0.0786991217 -0.5436362797 0.2207658754
v 0.174091393 -0.725382374 0.2033599194
v -0.0085526815 -0.5141565262 0.1741683352
v -0.0742392478 -0.4678323085 0.1436283577
v 0.1870441692 -0.3493598792 0.1428857735
v 0.1626328038 -0.3705224754 0.1562259207
v 0.1524096773 -0.4397902416 0.1957130383
v 0.0997166378 -0.3643337304 0.1448549154
v 0.1362330419 -0.3150241941 0.1203019334
v 0.1149634376 -0.2659465947 0.0883317232
v 0.1390977199 -0.2489787974 0.0792797448
v 0.1822024665 -0.2697109029 0.0937107959
v 0.1907736764 -0.2483084854 0.0804559564
v 0.1572605129 -0.2833039224 0.1019806965
v 0.1893930052 -0.2104570485 0.0571094285
v 0.3099639961 -0.3147566284 0.067508969
v 0.2599550155 -0.2571700447 0.0707142869
v 0.2210950499 -0.3009628458 0.1062150063
v 0.3325188758 -0.2173396484 0.0166793412
v 0.3294805084 -0.1963888608 0.0163652071
v 0.3226238344 -0.2493827865 0.0317010478
v 0.2922316053 -0.2020295122 0.0369543165
v 0.2783267734 -0.2309071392 0.0532624985
v -0.3319347713 -0.7960627237 0.1340095166
v -0.3419183226 -0.7756611371 0.1380875092
v -0.3626388176 -0.778358273 0.136081013
v -0.354899564 -0.7568741644 0.1409436568
v -0.3960742395 -0.8023563619 0.1274626503
v -0.3741084529 -0.7976692175 0.1307969087
v -0.3796276374 -0.8256178593 0.1222781665
v -0.5718715658 -0.275172794 0.0646891522
v -0.5830170026 -0.2283548597 0.0497637185
v -0.0485788411 -0.8750176415 0.1229871546
v -0.0196808069 -0.8554655954 0.1438756955
v -0.0868729682 -0.8945923508 0.0923151421
v -0.5126711405 -0.8706015431 0.0878748498
v -0.5463162378 -0.8615269738 0.0809541797
v 0.4321917463 -0.5709418479 0.0331921563
v 0.4237344576 -0.6400357571 0.0655780487
v 0.4001371182 -0.6451535245 0.0908926982
v -0.5711821851 -0.3058408277 0.0732916356
v 0.2364366115 -0.7228029042 0.1757580505
v 0.2133920771 -0.721928654 0.1894246078
v 0.2315151885 -0.6824172361 0.2121684815
v 0.2059218462 -0.6663863056 0.2360168701
v 0.2133113932 -0.6919171268 0.2133179181
v 0.3742009547 -0.6400211237 0.1183896484
v 0.3927257271 -0.5860982068 0.1074752613
v 0.3518068201 -0.4833591461 0.1209458577
v 0.2224441715 -0.6156325558 0.2642694985
v 0.2853896753 -0.6004713137 0.2292174209
v 0.283947365 -0.5575703327 0.2291723482
v 0.2790388276 -0.5792100907 0.2394129091
v 0.24026674 -0.5590388542 0.253871872
v 0.2570058079 -0.5742123499 0.2498302689
v 0.2301945478 -0.5869701102 0.2665595396
v -0.5413391021 -0.8360096383 0.0870632631
v -0.486056664 -0.8563685104 0.0979170226
v -0.5331203772 -0.7620781061 0.1019115478
v -0.3471802828 -0.6721371755 0.1525016165
v -0.5064848658 -0.7342421142 0.1166785879
v -0.4955011881 -0.6581652101 0.1292573001
v -0.2480794671 -0.7941302842 0.1317197888
v -0.1496368281 -0.9882699803 0.0537754031
v -0.2056000899 -0.9132019699 0.0891830969
v -0.1159977938 -0.901419827 0.0813463849
v -0.1296823091 -0.8850518761 0.0895429079
v -0.1209823909 -0.9221642133 0.0746132526
v -0.1650559231 -0.8875231313 0.0960124391
v -0.1280935075 -0.8412524756 0.1014234159
v -0.1568667834 -0.8086298846 0.1164156753
v -0.16077757 -0.7501659147 0.129580144
v -0.3052759229 -0.7030965131 0.1497608452
v -0.2946815799 -0.67876954 0.1507755829
v -0.3103524674 -0.7340657066 0.146907675
v -0.2929170194 -0.7650313695 0.1400116948
v -0.1867161203 -0.6850718201 0.1419499462
v -0.1633675235 -0.6529871738 0.1410810341
v -0.151600192 -0.6217711775 0.1410671001
v -0.2922630406 -0.5792078176 0.1512247926
v -0.3053059951 -0.61017806 0.153022355
v -0.3103562896 -0.6411458283 0.1534877484
v -0.3341606507 -0.7340535346 0.1466063941
v -0.3447342709 -0.7097041217 0.1504754185
v -0.1088534847 -0.6669658157 0.1384567432
v -0.07094493 -0.6295546708 0.1572578494
v -0.0518413438 -0.600858426 0.1663876358
v -0.0685803541 -0.5871077611 0.1583600667
v -0.1144645141 -0.9774457663 0.052085958
v -0.3472016918 -0.5792078345 0.1520953221
v -0.355332372 -0.5172665383 0.1469035537
v -0.3472001159 -0.4862932289 0.1415157703
v -0.5348292975 -0.5338849755 0.1139428396
v -0.3053031447 -0.5172666019 0.1463179824
v -0.2947202077 -0.5415930407 0.1492543859
v -0.1457281087 -0.5323803701 0.1426812962
v -0.1552385818 -0.4738380255 0.1365369658
v -0.3052962921 -0.4553418734 0.1362079742
v -0.2946902513 -0.4310546054 0.1313970277
v -0.3103609027 -0.4862968949 0.1412475473
v -0.1165578641 -0.4092342349 0.1293718523
v -0.0967699353 -0.4381744706 0.1344948637
v -0.0841549937 -0.3939426232 0.127513397
v -0.1058102382 -0.3856072241 0.12439364
v 0.0231682639 -0.4616187439 0.1705238543
v 0.0570627346 -0.4116385037 0.1604524576
v -0.3102922017 -0.393369841 0.1210264459
v -0.292831327 -0.3622847774 0.1130930385
v -0.3340477539 -0.4243290375 0.1288576663
v -0.3446579024 -0.4485448861 0.1337679254
v -0.3290319479 -0.3933985673 0.1204927722
v -0.3978595629 -0.3356778364 0.1020782945
v -0.3453630586 -0.3625365633 0.1112920888
v -0.4798240413 -0.2621655517 0.0745909164
v -0.1976691029 -0.3429942333 0.1089318598
v -0.2094590072 -0.3692647092 0.115601453
v -0.2167590993 -0.3209104243 0.1024687537
v -0.2451884458 -0.3285359427 0.1040615452
v -0.1387818275 -0.3798570982 0.1218855071
v -0.1490111864 -0.3619318016 0.1156784046
v -0.1474180863 -0.3986019929 0.1253740146
v -0.1845838108 -0.4079297891 0.1251193845
v -0.1474614628 -0.3425157769 0.1100131866
v -0.0530036938 -0.3091921127 0.1008398076
v -0.0283851545 -0.3113177089 0.1025319675
v -0.0010469258 -0.3515843074 0.1225566655
v -0.0200000352 -0.3350384745 0.1132315492
v -0.0394653912 -0.3669716092 0.123732838
v 0.0152566258 -0.3137805007 0.1070167099
v -0.021578929 -0.3559753122 0.1218717924
v -0.0096676922 -0.3953951207 0.1380046248
v -0.0071741963 -0.3731322005 0.1300179934
v -0.006817475 -0.3170361123 0.1066936371
v 0.0255193064 -0.3880650431 0.1418981687
v -0.0657450037 -0.3314300098 0.1086812737
v -0.0590970034 -0.354000879 0.1170009387
v -0.1026979145 -0.8667478183 0.0931440596
v -0.0842232819 -0.824029964 0.118615977
v 0.041452892 -0.857781049 0.1519731605
v -0.0807611657 -0.7881021856 0.1306665615
v -0.0730504738 -0.6943955128 0.1516034756
v -0.0685242483 -0.7265170649 0.1511218286
v -0.0474102173 -0.6734852506 0.1694470682
v 0.0767897152 -0.808068058 0.1788679899
v 0.1034907991 -0.7932578479 0.1832712323
v -0.0154545609 -0.6222765749 0.1886587984
v 0.038639495 -0.5881104153 0.2140647188
v -0.0924808989 -0.5010540115 0.1450267075
v -0.0545161938 -0.5405253651 0.1598301986
v 0.0538933911 -0.5240408987 0.2043396081
v 0.1817207608 -0.7439863986 0.1892711822
v 0.1564521972 -0.7434824578 0.1988682353
v 0.1307889465 -0.7008276145 0.2283729997
v 0.1492179649 -0.7187873692 0.2149207063
v 0.1674931857 -0.7000646179 0.2215173372
v 0.1112826542 -0.7392787283 0.212218658
v 0.1726087111 -0.6671380111 0.2405639469
v 0.1270468841 -0.7231026008 0.2174104007
v 0.0932963009 -0.7059808929 0.2320965571
v 0.0056464033 -0.5254528327 0.1828077161
v 0.0112624218 -0.4903644027 0.1755140172
v -0.0999011727 -0.4697350187 0.1390850911
v 0.1694152104 -0.3374470875 0.1358923478
v 0.1919761986 -0.3230609271 0.125701083
v 0.147656698 -0.3602789383 0.1490180293
v 0.1445123441 -0.396506614 0.1697310122
v 0.115671136 -0.450745442 0.1940497
v 0.1144542213 -0.3749184627 0.1532417422
v 0.118273961 -0.3401813801 0.1336411124
v 0.0818889022 -0.3900363528 0.1555860233
v 0.1078045159 -0.249191552 0.0774532757
v 0.0947439565 -0.2646788494 0.0861372281
v 0.1721477019 -0.2328327693 0.0707166007
v 0.1372120905 -0.2719444508 0.0938085481
v 0.1382305033 -0.2935185925 0.1074374893
v 0.3381060405 -0.3096910818 0.033581283
v 0.2452045461 -0.2426211663 0.069126762
v 0.2364406854 -0.2662583262 0.0832228679
v 0.2536502693 -0.2758213603 0.0824893004
v 0.288512964 -0.2772148139 0.065707876
v 0.2049239526 -0.2879686406 0.1026262061
v 0.3413104317 -0.2477743265 0.0128557714
v 0.3336764815 -0.2684372437 0.0258346963
v 0.3103920785 -0.2692106908 0.0483873087
v 0.2974030422 -0.2475109924 0.04968997
v 0.3063062436 -0.2919472689 0.0607535086
v 0.2829133452 -0.3020890521 0.0808623817
v 0.2570150004 -0.3451153848 0.1170781886
v 0.2643180309 -0.3202037013 0.0997160347
v 0.2420545498 -0.3120479162 0.1050648671
v 0.2899778216 -0.341252353 0.0968011106
v 0.2195751382 -0.3291941776 0.1229893021
v 0.2842532207 -0.3220661722 0.0902503082
v 0.2645662519 -0.2184534285 0.052777305
v -0.3627665393 -0.8332227238 0.1210297779
v -0.5763633153 -0.2563045848 0.0583759655
v -0.5532497352 -0.2607709416 0.06418792
v -0.5918405636 -0.2789144943 0.0640469439
v -0.5605770911 -0.3346249175 0.0823927073
v -0.5607097493 -0.2902636548 0.0707848973
v 0.4108946641 -0.579120687 0.0774843371
v 0.3944403976 -0.5634190471 0.0997114253
v 0.4090296627 -0.6014083965 0.0830928063
v 0.4020593853 -0.5321807177 0.0680435114
v 0.3687525534 -0.5728813025 0.1503259174
v 0.3796011945 -0.4720620777 0.0605005796
v 0.2160106197 -0.6416043894 0.251298928
v 0.2485433965 -0.619934846 0.2487051055
v 0.182018223 -0.5538157379 0.258371443
v -0.541827061 -0.7898222535 0.0941780999
v -0.3290808491 -0.6721256504 0.1524541259
v -0.3465640741 -0.6411583449 0.1533420413
v -0.5036207811 -0.714404433 0.1210574785
v -0.5249715542 -0.7195132597 0.1122698108
v -0.4832037734 -0.7274777517 0.1253386273
v -0.5271120416 -0.7411659228 0.107801444
v -0.4888670758 -0.7514319769 0.1191172417
v -0.4393266767 -0.7086355196 0.1404343928
v -0.4598857848 -0.790298151 0.1196396282
v -0.4637378019 -0.712298852 0.1343753982
v -0.4794766543 -0.7746681415 0.1176004816
v -0.4519250833 -0.7475192945 0.1302951391
v -0.457285799 -0.6721275403 0.142293264
v -0.4969063868 -0.8040018631 0.1068033128
v -0.449056301 -0.726965945 0.1351902649
v -0.4120585191 -0.7426068811 0.1382850964
v -0.4710830067 -0.7429899427 0.1262656169
v -0.4584704409 -0.7684314016 0.1245654305
v -0.4251903839 -0.7815646609 0.1278655344
v -0.4687801349 -0.6908852007 0.1366472086
v -0.478833305 -0.6718242252 0.1348824634
v -0.467625606 -0.6411483584 0.1394697759
v -0.5006699588 -0.6814718668 0.1264627421
v -0.4793426363 -0.7945928993 0.1137742297
v -0.4760682158 -0.8218029168 0.1088148718
v -0.5203329029 -0.6648846972 0.118828083
v -0.5146483307 -0.6366496392 0.1219662161
v -0.2673043174 -0.815716724 0.1266789518
v -0.2231122838 -0.9041962869 0.0942836629
v -0.1265129782 -0.9397778805 0.068466544
v -0.1853809006 -0.9002790363 0.0921273105
v -0.1364383203 -0.8086337354 0.1112647084
v -0.1466483043 -0.7860991923 0.1188620352
v -0.1654400794 -0.7911590166 0.1227047242
v -0.1608114861 -0.7709237623 0.1255520627
v -0.1896425373 -0.8138746112 0.1225213493
v -0.1400617528 -0.7484485023 0.1248544891
v -0.1523639005 -0.7258553567 0.1307665437
v -0.1931503782 -0.7253507441 0.13922823
v -0.1728409798 -0.7323796477 0.1347230243
v -0.1700121954 -0.7058613127 0.137184266
v -0.1917633286 -0.7541985483 0.1347679788
v -0.2583191764 -0.6774360034 0.1504830817
v -0.2934495206 -0.7950654542 0.1330000937
v -0.2764943936 -0.7498982943 0.1424859627
v -0.2679477292 -0.7756508243 0.1368760565
v -0.141960321 -0.6542977099 0.1385566082
v -0.1542170335 -0.6790120359 0.1366803197
v -0.1337383638 -0.6236324657 0.1389184458
v -0.1476168816 -0.5916565089 0.1410367998
v -0.3103624783 -0.5792078232 0.151480253
v -0.3810100586 -0.7083843369 0.1487453829
v -0.0903193212 -0.664303509 0.1464829137
v -0.3291022541 -0.5792078289 0.151864121
v -0.3465613679 -0.5482372048 0.1495015681
v -0.3465617456 -0.6101791676 0.1538499593
v -0.3341644584 -0.5172665652 0.1470182683
v -0.3291006784 -0.48629503 0.1414059424
v -0.258393388 -0.5429314873 0.148567602
v -0.1277715537 -0.5325622194 0.1427420294
v -0.1441609303 -0.5027883216 0.1401628398
v -0.1344848282 -0.472299233 0.1364604595
v -0.1466067498 -0.4495331428 0.1334170435
v -0.1648547553 -0.4567376296 0.1339954867
v -0.1627489149 -0.4353593156 0.1307299391
v -0.1933452463 -0.4828428786 0.1392657565
v -0.258245827 -0.4296839952 0.1307106854
v -0.0817300601 -0.4219347568 0.1333454056
v -0.0739492232 -0.4442249212 0.139060521
v -0.0377078548 -0.4564756337 0.1506549802
v -0.0578155964 -0.4562286034 0.1455573436
v -0.053166302 -0.4802338273 0.1515280796
v -0.0474100468 -0.4277262134 0.1400685043
v -0.0731337134 -0.4900583355 0.1477186692
v 0.0399378246 -0.4740236804 0.1807274712
v 0.0454545705 -0.449028493 0.1732097588
v 0.0269166498 -0.4422339626 0.1649137293
v 0.0427596507 -0.4276948827 0.1637828624
v -0.0066472851 -0.4436750315 0.1556025713
v 0.0358461521 -0.4071375012 0.1527185305
v 0.0513261959 -0.3864237987 0.146900212
v 0.0362048422 -0.3523700718 0.1279987878
v 0.037465611 -0.3721943717 0.1369912957
v 0.0596448122 -0.3644554446 0.1377437421
v 0.0173354321 -0.363522353 0.1298483938
v 0.0746188876 -0.4233529913 0.170629773
v -0.3107479439 -0.3623706522 0.1124731218
v -0.2764503641 -0.3774832105 0.1175926656
v -0.2459255966 -0.3627872182 0.1135331069
v -0.2692798262 -0.3533277945 0.1110602477
v -0.3003788194 -0.3441369527 0.1076739451
v -0.3810646736 -0.4499315727 0.1339706044
v -0.3710788373 -0.3270428333 0.0998849528
v -0.4200406718 -0.3013999348 0.0905583816
v -0.3629232347 -0.3770268107 0.115148165
v -0.3685754652 -0.3522917127 0.1076762952
v -0.3871901178 -0.369558703 0.1126969591
v -0.4284902109 -0.3977585132 0.1198897154
v -0.4041396368 -0.3890782238 0.1183667636
v -0.417394366 -0.3604499478 0.1097389014
v -0.4052995092 -0.4243196041 0.1276002307
v -0.3941239754 -0.4070476387 0.123373156
v -0.3823759309 -0.4269004657 0.1285694146
v -0.4698278013 -0.2814486167 0.0819628399
v -0.5069386831 -0.288454172 0.0808750653
v -0.4854580732 -0.3004470395 0.087001816
v -0.5158767824 -0.3296968987 0.0911406726
v -0.505123959 -0.310437351 0.0880333264
v -0.5266082111 -0.3110739352 0.083818174
v -0.4788984906 -0.3377108121 0.0991311803
v -0.5463607132 -0.3188568978 0.0814903053
v -0.5372082026 -0.3414014836 0.0892228945
v -0.4737001187 -0.3175865055 0.0932509089
v -0.4433678022 -0.336155297 0.1012463738
v -0.5554939854 -0.3607778197 0.0896569436
v -0.5059291576 -0.3731166669 0.1042003258
v -0.5170665816 -0.3528188883 0.0966734039
v -0.5326039038 -0.3745486928 0.0981261506
v -0.4946371986 -0.3537163 0.1015987597
v -0.4664657921 -0.3830998503 0.1131518739
v -0.484765686 -0.3724484201 0.1082640984
v -0.49418258 -0.4096732524 0.1155860087
v -0.4641451909 -0.3580669399 0.1062923558
v -0.4414597173 -0.3727939464 0.1122246322
v -0.4618012096 -0.2597692038 0.0746149376
v -0.2469758882 -0.309952777 0.09861282
v -0.2665594815 -0.3207325019 0.1015342893
v -0.1883245424 -0.3830021162 0.1192645131
v -0.2141604332 -0.399623648 0.1229366455
v -0.1670341399 -0.3462198531 0.1104793
v -0.0542332503 -0.385423001 0.1276575268
v -0.031516411 -0.3884692386 0.1315115422
v -0.0272799844 -0.4130302521 0.1399613466
v -0.0465660992 -0.4048984882 0.1342750784
v -0.0267251772 -0.4349249511 0.1472575827
v -0.003640106 -0.4190272076 0.1475068422
v 0.0116267031 -0.4041932221 0.1458001625
v -0.1035937256 -0.8155468357 0.1104211151
v -0.1014754316 -0.8370667841 0.1028564878
v 0.0104839087 -0.8695305067 0.1435950106
v -0.0703646113 -0.8072347305 0.1332618951
v -0.0592721113 -0.8305031545 0.1346867049
v -0.0759874522 -0.8436088664 0.1184836924
v -0.0373018386 -0.8395353508 0.1442732825
v -0.0101315763 -0.8271920797 0.1607922891
v -0.0470895606 -0.7211551198 0.1667668739
v -0.0490255874 -0.7589399186 0.1594195551
v -0.026618371 -0.7411460264 0.1778910193
v -0.0357996254 -0.692332686 0.1770098448
v 0.0072117436 -0.6851847475 0.205056786
v -0.017712149 -0.6681902958 0.1898192617
v -0.0133559508 -0.694402895 0.1919340936
v 0.0113647245 -0.7266699255 0.2032662102
v 0.0043789709 -0.7064187909 0.2017263064
v 0.0464527082 -0.7032356527 0.2234628304
v 0.0258335477 -0.7103483591 0.2127070647
v 0.0493385578 -0.7457591776 0.2119669973
v 0.0328855738 -0.7311738545 0.21333724
v 0.0136426192 -0.7694534449 0.1936800894
v 0.02834538 -0.752867985 0.2047307272
v 0.047645958 -0.7847872755 0.1931388049
v 0.090975187 -0.8219711668 0.1692410879
v 0.0667496456 -0.832500374 0.1652904187
v 0.084630816 -0.7907300723 0.1877870786
v -0.0310915455 -0.6130722639 0.1782515927
v -0.0009640885 -0.5956033582 0.1934645409
v -0.0991235751 -0.5191611474 0.1458160432
v -0.072893876 -0.5464224857 0.1538880484
v -0.0255777967 -0.5417078012 0.1727872248
v 0.0396555033 -0.5127936251 0.1942653931
v 0.0341275319 -0.5481114448 0.2020293888
v 0.0735653166 -0.4988989238 0.2035268018
v 0.1098393345 -0.7666223207 0.1973073676
v 0.1894563399 -0.6752293691 0.2346328207
v 0.1889911234 -0.6546124912 0.2476082038
v 0.156937287 -0.6296647744 0.2589045561
v -0.0110602836 -0.4919205906 0.1679418976
v -0.0014793402 -0.468472348 0.1648101878
v -0.0243613337 -0.4741810196 0.1589202252
v 0.1297537367 -0.385906782 0.1617978811
v 0.1258475349 -0.4210500919 0.1806487236
v 0.098232595 -0.4391094319 0.1840625903
v 0.0938147209 -0.4646156835 0.1950329081
v 0.1311674161 -0.4993196769 0.2212294093
v 0.1170451092 -0.4770660629 0.2072527099
v 0.1154249017 -0.319158648 0.1207835177
v 0.083061696 -0.3144589228 0.1148119197
v 0.096984669 -0.332362142 0.1263308703
v 0.0966092288 -0.4004218525 0.1638881145
v 0.3308643969 -0.3501650078 0.0607133524
v 0.3390165999 -0.2887285849 0.0253060295
v 0.2802858782 -0.2585702537 0.0625649232
v 0.2401317019 -0.3328358077 0.1175650466
v 0.2231772091 -0.3687013997 0.145731154
v 0.4173506453 -0.542307673 0.0411947802
v 0.3717165431 -0.5413284334 0.1315835673
v 0.3652900789 -0.4415308704 0.0630567471
v 0.3909634779 -0.5014563405 0.0639025914
v 0.2448387037 -0.6004079132 0.2622957915
v 0.2374051121 -0.6384685092 0.2456387841
v 0.2104570767 -0.5640709731 0.2643297397
v -0.5330044282 -0.8079829505 0.0946623681
v -0.5182620022 -0.7895975386 0.1031383526
v -0.3629570794 -0.6563278109 0.1529045819
v -0.3761147351 -0.625666535 0.1533719378
v -0.3867618467 -0.6483893304 0.1529073141
v -0.4246859846 -0.6167635678 0.1488290843
v -0.4179997911 -0.6722134489 0.1485596845
v -0.4015697882 -0.6275950134 0.1517489036
v -0.3983662296 -0.6655652788 0.1512973216
v -0.4152991974 -0.6478736414 0.1496146189
v -0.4005660359 -0.6913840256 0.1493556835
v -0.3906187923 -0.6031813626 0.1531211455
v -0.4376111906 -0.6577177657 0.1463142693
v -0.4226438026 -0.6939491527 0.1458494689
v -0.4057690841 -0.7171173255 0.1441903178
v -0.4376585542 -0.6793771603 0.145141992
v -0.4257886592 -0.7256983069 0.1390989926
v -0.4907296401 -0.6346414123 0.1315315009
v -0.4667811036 -0.5938789063 0.1409163445
v -0.5057353963 -0.5993616982 0.1268014919
v -0.4734063012 -0.6174028123 0.1378870887
v -0.5040467102 -0.6194745443 0.1267261633
v -0.4489550389 -0.6240267242 0.144462874
v -0.4856034206 -0.6012727519 0.1343946286
v -0.4896241224 -0.5633826979 0.1337068011
v -0.4332119725 -0.637481269 0.1473411577
v -0.4428946164 -0.6000991802 0.1464228793
v -0.4160117483 -0.589005331 0.1505238665
v -0.4446277052 -0.5577810063 0.1458262951
v -0.4502064753 -0.5792040532 0.1450671956
v -0.4667684482 -0.5634532476 0.1408686991
v -0.4617113816 -0.5371450935 0.1402016471
v -0.2486625265 -0.8345647874 0.1207069096
v -0.1490339941 -0.7051302236 0.1324918137
v -0.2254294173 -0.741360021 0.139314922
v -0.2170511856 -0.7782123062 0.1323206771
v -0.2762392975 -0.685221826 0.150216995
v -0.2573372133 -0.7042118232 0.147572597
v -0.2763730659 -0.6603982404 0.15220745
v -0.1725555073 -0.6708388346 0.1408722966
v -0.1949146607 -0.648040622 0.1454382137
v -0.1655402523 -0.6046065323 0.1434886883
v -0.1774067027 -0.569304515 0.1437357121
v -0.1892363311 -0.5929263445 0.1463212948
v -0.3631314069 -0.7161697968 0.1483310113
v -0.3613189494 -0.6919208586 0.1513562981
v -0.3819795467 -0.7350318218 0.1440817808
v -0.3629684235 -0.5633899199 0.1508486103
v -0.3708561676 -0.5383902562 0.1485399551
v -0.3825699479 -0.5135157441 0.1460854185
v -0.3629684137 -0.5950258929 0.1536569058
v -0.2762945193 -0.5351437521 0.1481789055
v -0.2781466533 -0.5593980264 0.1505847032
v -0.2574084624 -0.5161995891 0.14514746
v -0.1612134046 -0.5167227547 0.1423630743
v -0.1854682181 -0.5075492029 0.1422563004
v -0.1665282812 -0.4941236917 0.1397061351
v -0.2221871125 -0.5056472911 0.1429045336
v -0.2034693012 -0.4996795589 0.1418323892
v -0.2207462011 -0.4778286107 0.1393362645
v -0.2049102127 -0.5274982392 0.1439290217
v -0.2762007757 -0.4374758161 0.1329188896
v -0.2572335808 -0.4565995465 0.1368914336
v -0.2763244239 -0.4126078904 0.1268210668
v -0.0613305322 -0.5143716467 0.1549480312
v -0.2266357194 -0.3600776792 0.1129960286
v -0.2331294146 -0.3838669286 0.1189832647
v -0.2391203142 -0.4103755872 0.1253148447
v -0.3631312524 -0.4421504476 0.1322934581
v -0.362992417 -0.4670268686 0.1376980664
v -0.4404221512 -0.2932324147 0.0875227509
v -0.4438648201 -0.3145586722 0.0944264986
v -0.4224342405 -0.2778588758 0.0824727543
v -0.4226214389 -0.3248738152 0.0982643976
v -0.3921156931 -0.3076453893 0.0932523397
v -0.3701464949 -0.4113393362 0.1247948991
v -0.5280491605 -0.2711914115 0.0728645309
v -0.5525244733 -0.381751364 0.0944730827
v -0.531474883 -0.408819939 0.1065507938
v -0.4358336238 -0.3541319382 0.1072970979
v -0.2064592287 -0.4290125863 0.1289703889
v 0.0228330308 -0.8553916342 0.1525729386
v 0.021815858 -0.8893144059 0.1344615466
v -0.0010284463 -0.8460159727 0.1546383199
v -0.0324083459 -0.8142315018 0.1564554554
v -0.0063115389 -0.7950011065 0.1769771373
v -0.0748936133 -0.7524220547 0.142539222
v -0.061573128 -0.7771342831 0.1470341169
v 0.0052208261 -0.6613308157 0.2038931614
v 0.0376782937 -0.6706318722 0.2218423181
v -0.0120192915 -0.6454578514 0.1924176236
v -0.0103484704 -0.7267667863 0.1907625777
v -0.0034450928 -0.7509720552 0.1908621852
v 0.0502309993 -0.8114332395 0.1780553587
v 0.0589889616 -0.8500315129 0.1559545336
v 0.0443388747 -0.8330628938 0.1654890506
v 0.0061463486 -0.6167388192 0.2005712354
v 0.0378525153 -0.6199712062 0.2192367969
v 0.0204116439 -0.6001758732 0.2058936879
v 0.0151657862 -0.5724491485 0.1984303165
v 0.0200701796 -0.5369278959 0.1923023071
v 0.0564556848 -0.5462957376 0.2124505261
v 0.0468953514 -0.5669251739 0.2134612821
v 0.0831278703 -0.5932461995 0.2358419065
v 0.0615576273 -0.5848403086 0.2256809093
v 0.0635062993 -0.6117183477 0.2317228117
v 0.0803517811 -0.5684913847 0.2288414953
v 0.1289007418 -0.5755800063 0.2465161469
v 0.1072272506 -0.5542218912 0.2344900758
v 0.0588798264 -0.4880356355 0.193788524
v 0.1304112174 -0.7782842064 0.185699413
v 0.1441535863 -0.7614234899 0.1917555544
v 0.1321204457 -0.7438164468 0.2048639385
v 0.1895823533 -0.6212750205 0.2662602469
v 0.1476869316 -0.4182896628 0.182752234
v 0.1818571117 -0.4220529353 0.187816318
v 0.0957587482 -0.4888857017 0.2065806751
v 0.0959853125 -0.5189893734 0.2184176257
v 0.1492691571 -0.4722243123 0.2129739344
v 0.3452354155 -0.331851483 0.0327213855
v 0.3242627337 -0.3301891533 0.0586887783
v 0.3287404595 -0.5532070275 0.1942565262
v 0.3596426373 -0.4627977174 0.0913979381
v 0.3219504424 -0.4414052346 0.1338644067
v 0.3436037741 -0.4471553078 0.1047840749
v 0.3444488453 -0.4057932 0.0742808221
v 0.3258943136 -0.4701991477 0.1519435425
v 0.3375407092 -0.4263417463 0.0976613552
v 0.3018473114 -0.4029066384 0.1258323476
v 0.3162358122 -0.419891283 0.1222613143
v 0.2781064476 -0.4415353206 0.1664925434
v 0.3000113745 -0.4357168378 0.1478866529
v 0.2962050247 -0.4655291572 0.1708225376
v 0.3800290048 -0.4532418666 0.0420112439
v 0.3715407975 -0.4920709686 0.0952414456
v 0.3488422678 -0.5167810006 0.1547612501
v 0.3722133223 -0.5154691492 0.1130245961
v 0.2157751132 -0.5047638998 0.2361050525
v -0.3572793887 -0.6256679508 0.1536049711
v -0.450183997 -0.693339773 0.1412044398
v -0.4804715792 -0.5451533688 0.1360118931
v -0.4515247892 -0.485371425 0.1372291483
v -0.2174360632 -0.829116031 0.1190437807
v -0.2057882556 -0.7404156418 0.1380957429
v -0.2166882462 -0.7184383078 0.1424910138
v -0.1995679119 -0.7036722166 0.1423999407
v -0.2399764894 -0.7226849356 0.1438363069
v -0.2218046368 -0.6745678154 0.1467147124
v -0.2324131573 -0.6981828258 0.1463159971
v -0.2145047475 -0.6920374557 0.1453777596
v -0.198945041 -0.7719574524 0.1319964831
v -0.2013010432 -0.794471123 0.1282243829
v -0.2247421334 -0.8014207341 0.1281973378
v -0.2416182259 -0.8144449097 0.1259631767
v -0.242035441 -0.7677115774 0.1379859378
v -0.2257698882 -0.6158558561 0.1489941508
v -0.3938281245 -0.7514897798 0.1391871387
v -0.4114489637 -0.7645044801 0.1339676335
v -0.4308797287 -0.7540880836 0.132638703
v -0.4229917196 -0.5224799933 0.1443361812
v -0.2432228224 -0.4994913942 0.1427799212
v -0.2339482199 -0.5304480656 0.1451086793
v -0.2031961366 -0.459299301 0.135142313
v -0.2298969148 -0.4515855577 0.134420932
v -0.1943524332 -0.5505026295 0.1449194977
v -0.2425776335 -0.4733804986 0.1395404517
v -0.4023510697 -0.2878578152 0.0865488231
v -0.3809208917 -0.2893137576 0.0878322614
v -0.5044597319 -0.2638833959 0.0736817574
v -0.5183324126 -0.3912327576 0.1056145114
v -0.1869558735 -0.4273588646 0.1289074669
v 0.0359802729 -0.8762540852 0.1417791883
v 0.0106850536 -0.8133402022 0.1732455615
v 0.0307159043 -0.8177345038 0.1738065397
v 0.0253873214 -0.7941729928 0.1851493571
v -0.083268227 -0.7693673813 0.1337269718
v -0.0372958833 -0.6450041084 0.1760189498
v 0.0601804877 -0.6453786245 0.2329481261
v 0.1039940519 -0.5791786513 0.2399469126
v 0.116037718 -0.6195518591 0.247785168
v 0.1192270247 -0.596617495 0.2472041847
v 0.100175815 -0.6056571271 0.2428475696
v 0.0890073511 -0.6344079418 0.2414849659
v 0.1398105786 -0.6111688309 0.2542083438
v 0.1674270396 -0.6027741772 0.2629707103
v 0.1445359533 -0.5380381039 0.2421644595
v 0.1976789007 -0.6380925883 0.2575446395
v 0.1769288776 -0.637724593 0.2580462006
v 0.2019360527 -0.5947080435 0.2696722019
v 0.0747705926 -0.5201089472 0.2115096913
v 0.0969892717 -0.5380788208 0.2254429105
v 0.1207594126 -0.5343217454 0.2325186493
v 0.1298691345 -0.5539565386 0.2426323825
v 0.1559762755 -0.5659591479 0.2546277911
v 0.1352423364 -0.5195798353 0.231962583
v 0.175054379 -0.5111035054 0.2392038332
v 0.1530443468 -0.5054594486 0.2305445823
v 0.1695706415 -0.4867502409 0.2245773706
v 0.1932775611 -0.4942060754 0.2331189734
v 0.174575614 -0.4583056011 0.2094936505
v 0.2246402696 -0.4566244299 0.2025818816
v 0.2138905767 -0.4795308324 0.2221712679
v 0.257838373 -0.48893549 0.2099572341
v 0.1996552835 -0.4588748339 0.2104206155
v 0.2374913439 -0.4766308315 0.2105593425
v 0.2097633458 -0.431276621 0.1899138337
v 0.1874910405 -0.4420421255 0.200365896
v 0.1867478503 -0.4747861332 0.220478651
v 0.2377087228 -0.4992466637 0.2251856225
v 0.2602687307 -0.4619413505 0.1909827211
v 0.2336258498 -0.5293721499 0.243651236
v 0.2598059246 -0.517580889 0.2252811699
v 0.1105976766 -0.5038267104 0.2173093744
v 0.1314253258 -0.4631192234 0.2041254309
v 0.3455734674 -0.5694972585 0.1824834357
v 0.3503526271 -0.5477168108 0.171485693
v 0.3221995001 -0.5768079764 0.2020579386
v 0.3067762069 -0.5598265573 0.2130590427
v 0.305781842 -0.516777614 0.195553389
v 0.2973572357 -0.5385081654 0.2125545426
v 0.282849903 -0.5203855698 0.2139219673
v 0.2903144756 -0.4931489662 0.1924081038
v 0.2688420689 -0.5394075701 0.2310298875
v 0.3127052935 -0.4573385831 0.1535430817
v 0.3280264545 -0.4980922103 0.1680708375
v -0.4634120987 -0.5099215209 0.1372920669
v -0.2450659198 -0.7473937461 0.1410878631
v -0.2038149072 -0.6102675079 0.1482331779
v -0.2234780715 -0.5789382172 0.1485314537
v -0.2100551425 -0.6316729684 0.147488159
v -0.2346450609 -0.6403886667 0.1493893084
v -0.2471817868 -0.6584652307 0.1513003294
v -0.4399759942 -0.7702988823 0.1277028458
v -0.4398445133 -0.5364317712 0.1440959515
v -0.4110151277 -0.5541012974 0.1486865752
v -0.4076369843 -0.4961004175 0.1428535208
v -0.2370527157 -0.4315499798 0.1302224868
v -0.3719222711 -0.3071146092 0.0938235821
v 0.0545338695 -0.6278262669 0.2291631812
v 0.0371500757 -0.6431030992 0.2211441444
v 0.0829700646 -0.6155180707 0.2387966763
v 0.0862377356 -0.6704888901 0.2401228333
v 0.1481959746 -0.5891316381 0.2551250509
v 0.190444485 -0.5750084155 0.265772534
v 0.1629024479 -0.5468169383 0.2514967799
v 0.2452756924 -0.4274736361 0.1747077617
v 0.2017894058 -0.4085747955 0.1777242287
v 0.2257560598 -0.4129079112 0.1727314616
v 0.2113806561 -0.3880466433 0.1615135759
v 0.2589449424 -0.3887933136 0.1426315154
v 0.2002989304 -0.3680197711 0.151984047
v 0.2351494352 -0.3892712909 0.153738533
v 0.2122917716 -0.349776059 0.1381123699
v 0.2473974171 -0.4064679817 0.159688433
v 0.268252742 -0.419184504 0.1574741882
v 0.2034922193 -0.5324524224 0.2529231642
v 0.1949215363 -0.5142542255 0.2443424284
v 0.1820107251 -0.531452081 0.2501358276
v 0.2229616321 -0.547335968 0.2556658958
v 0.3087258785 -0.4826375634 0.1733339231
v 0.277024713 -0.4758765728 0.1903342373
v 0.2726144245 -0.5023108466 0.209737097
v 0.2492197555 -0.5414580886 0.2421909409
v -0.4400566138 -0.5060773897 0.1408819515
v -0.5021783952 -0.4759976357 0.1242686302
v -0.2361562967 -0.5563002903 0.1477946804
v -0.2543620773 -0.5614044902 0.1498808143
v -0.2144742389 -0.559026536 0.1464776813
v -0.3954269222 -0.5347656392 0.1479893508
v -0.3874691105 -0.557132497 0.1506455947
v -0.4015148165 -0.5732709541 0.151311545
v -0.4005706896 -0.4694361769 0.1386184859
v 0.0239874126 -0.6571251166 0.2145036149
v 0.0791237696 -0.6517960402 0.2392969146
v 0.0628409565 -0.6686929262 0.2331197634
v 0.1025205487 -0.6535920041 0.2444157478
v 0.0513969825 -0.6844224498 0.2275843179
v 0.0701788652 -0.6994147936 0.2313250126
v 0.1126238641 -0.6796221126 0.2414353168
v 0.0618944432 -0.723547389 0.2232446967
v 0.075923802 -0.7461325997 0.2140712084
v 0.2283779444 -0.4373911208 0.1881170653
v 0.2583625673 -0.4422757563 0.1778814263
v -0.4878063126 -0.4986859405 0.1300942476
v -0.198528655 -0.5734998133 0.1463353211
v -0.2182410818 -0.5406691146 0.1454003168
v -0.4036252513 -0.5160940694 0.145407169
v -0.4035575072 -0.4469431272 0.1330798342
v -0.4475290558 -0.4389500903 0.1292026613
v -0.4289634178 -0.4617615713 0.1356511334
v -0.4244943931 -0.4371764306 0.1301038164
v -0.4375115809 -0.4185845028 0.1245726663
v -0.4512715785 -0.400257042 0.1189003526
v -0.4729133581 -0.4041162483 0.1182778687
v -0.4766041762 -0.4334718537 0.124822068
v -0.4590147349 -0.4206539826 0.1237803457
v 0.0952460957 -0.6871452256 0.2386918984
v 0.1114399281 -0.6990193455 0.2325560545
v 0.142427814 -0.6724744655 0.2405438373
v 0.0954342955 -0.7521520682 0.2087361611
v 0.0836898318 -0.7256585935 0.2236455462
v -0.4758382058 -0.4752084445 0.1318240289
v -0.5171335283 -0.5013672867 0.1204024174
v -0.4524425207 -0.4619097965 0.1342919005
v -0.5119352482 -0.4411772224 0.1184853632
v 0.1489596954 -0.6917212113 0.2296656417
v 0.1544936557 -0.6527002461 0.2481836155
v 0.1329855351 -0.6387712906 0.2516884475
v 0.1139876693 -0.6384416674 0.2475935587
v 0.1231622485 -0.65730064 0.2486086961
v -0.4896379909 -0.4545863808 0.1266680893
v -0.4698532367 -0.4522192442 0.1309284157
v -0.5034741133 -0.5160111141 0.1264182862
v -0.5283133046 -0.4776841607 0.1149864916
v -0.5162574083 -0.4611654792 0.1187948768
v -0.5353772122 -0.4465696795 0.1108356808
v -0.5460964573 -0.4702662788 0.1064553781
v -0.5272305477 -0.4283352608 0.1115808696
v -0.5284940063 -0.5161598497 0.1165240841
v -0.4959969548 -0.4294046921 0.1199756137
v -0.6064026725 -0.1768902453 0.0326934753
v 0.4301058718 -0.6112734116 0.0560462811
v -0.5146081656 -0.8426999749 0.0944004119
v -0.2554310252 -0.8562810576 0.1145278006
v -0.2045146564 -0.8595187932 0.1087410392
v -0.1864960775 -0.8759315002 0.101789356
v -0.19398694 -0.8377040483 0.1162933266
v -0.2179061941 -0.8472630698 0.113094679
v -0.1557667476 -0.9171261997 0.0822153255
v -0.2764799605 -0.7216675301 0.1465537541
v -0.276494417 -0.6287262295 0.1526267037
v -0.2529713086 -0.6150425877 0.151381443
v -0.2388045542 -0.5965167182 0.1502414373
v -0.2764959737 -0.4987123533 0.1434642306
v -0.2764935052 -0.4739062077 0.1400598031
v -0.0675020876 -0.8697145652 0.1142139964
v 0.1929913368 -0.7151165569 0.2026541599
v 0.3722377116 -0.5961040668 0.1394262301
v -0.1340874347 -0.8640162587 0.0964613998
v -0.1654296415 -0.8315725295 0.1145062715
v -0.1463384427 -0.8259112288 0.1095197987
v -0.2999814004 -0.6595349363 0.1521751744
v -0.1685217343 -0.6332182848 0.1434589817
v -0.27649631 -0.5916230557 0.1515754526
v -0.3394208443 -0.6904950566 0.1517995805
v -0.3629680781 -0.4987074863 0.1441941194
v -0.2999998427 -0.5608255754 0.1505402535
v -0.2998811891 -0.4117718928 0.1262212882
v -0.3394949609 -0.4678523672 0.1377703069
v 0.0117206505 -0.2907612494 0.0952177042
v 0.0475003007 -0.2970463611 0.1011655728
v 0.1666553559 -0.3926380345 0.1694903198
v -0.5035465086 -0.8227908256 0.1012755556
v -0.4349023233 -0.8162658758 0.1176745483
v -0.4544957344 -0.8352074353 0.1102510538
v -0.2727747257 -0.7957664563 0.1322456181
v -0.1448066186 -0.5620778937 0.1419949902
v -0.1615274579 -0.5477336694 0.1429847719
v -0.1588963774 -0.5756620354 0.142144353
v -0.1461460997 -0.420708286 0.1294675034
v -0.1641466203 -0.4106542868 0.1265131752
v -0.1721224135 -0.3932318164 0.1227147514
v 0.0796961755 -0.3694813362 0.1444364252
v -0.3991899258 -0.354717176 0.1080896565
v -0.0116667095 -0.8776571985 0.1351136592
v -0.0322465239 -0.5185509963 0.1652516212
v 0.1324399387 -0.4399006319 0.1921223259
v 0.0875510729 -0.2892516601 0.1003977576
v 0.0736105535 -0.2718318851 0.0888994362
v 0.0686425105 -0.2988874797 0.1041637893
v 0.0557890497 -0.3241760118 0.1167959785
v 0.0364805281 -0.3152441915 0.1098526719
v 0.0542444225 -0.3440019185 0.1266077378
v 0.3895804189 -0.5456854094 0.1033736445
v 0.4047732861 -0.5138348145 0.0444623461
v -0.5270090334 -0.6004287051 0.1165920761
v -0.5174734128 -0.5779398741 0.1230379394
v -0.5516482117 -0.4027887313 0.0980488494
v 0.0279065739 -0.6893421155 0.2163705456
v 0.3646005877 -0.4179871084 0.046146254
v 0.363404512 -0.3972153392 0.0359429236
v 0.3583318767 -0.3730040601 0.0301244788
v 0.351272052 -0.3535581226 0.03276421
v -0.2009623256 -0.6688027067 0.1449639187
v -0.216476121 -0.6530219483 0.1470916798
v -0.3953366476 -0.7800083628 0.1328438001
v -0.5042354253 -0.2395873905 0.06504383
v 0.3303202334 -0.5945317313 0.1869955281
v 0.2986655016 -0.577757864 0.2219149197
v -0.4263128752 -0.5697210351 0.1489350585
v 0.1702648357 -0.5817032141 0.2618866906
v 0.2761878735 -0.3661498194 0.11888487
v 0.2826607544 -0.3889658515 0.1291574441
v 0.3092077 -0.3726030929 0.0967605089
v 0.3239690126 -0.3922340992 0.0934363311
v 0.3429427994 -0.3858219042 0.0635516366
v 0.3092693595 -0.3509923027 0.0866861044
v 0.3294869012 -0.3705057849 0.07281525
v 0.288724391 -0.4186287943 0.1445689495
v -0.4281977103 -0.485077927 0.1398400141
v -0.1567805708 -0.8662725368 0.1019433103
v 0.043988969 -0.2755866784 0.0891640724
v 0.1656974253 -0.4117687164 0.1809788614
v -0.4399688326 -0.7961382326 0.1219425869
v -0.4564341922 -0.8119795002 0.1157767664
v -0.4190308059 -0.8346402028 0.1148566222
v -0.413784678 -0.814066688 0.1217335667
v -0.3992848313 -0.8274674619 0.1198944566
v -0.512030582 -0.5544347522 0.1253310964
v 0.0178878581 -0.3373327646 0.1186161299
v 0.0606969816 -0.7658025301 0.2036498954
v -0.0294438054 -0.7790732658 0.1688120986
v -0.0082765574 -0.7725794405 0.1839740291
v -0.0248509794 -0.7971646356 0.1658496406
v 0.3273111206 -0.5286586087 0.1857579806
v 0.2474235806 -0.3674207912 0.1350540716
v 0.2344570397 -0.3520934499 0.1312997626
v -0.66155065 -1.00865078 0.004455295
v -0.65490637 -0.996229615 0.00968333
v -0.6626687 -1.003151355 0.005228035
v -0.07136483245 -0.6190434425 0.1572439127
v -0.05900324845 -0.6256202366 0.1633363904
v -0.0594231509 -0.6151090083 0.1633224537
v -0.64402247 -0.99302075 0.01451581
v -0.64514052 -0.987521325 0.01528855
v -0.08213186175 -0.3325924812 0.108438108
v -0.07346644005 -0.338664723 0.1108459197
v -0.0744104254 -0.3253577679 0.106273462
v -0.63710326 -0.95535812 0.02534409
v -0.629154545 -0.966869405 0.02585674
v -0.623318875 -0.955959935 0.03044851
v -0.638597775 -0.975290025 0.020436675
v -0.649481675 -0.97849889 0.015604195
v -0.62481339 -0.97589184 0.025541095
v -0.3197600327 -0.3624138474 0.112115899
v -0.3325986559 -0.35473267 0.10948831
v -0.3325244355 -0.3702177407 0.1139196778
v -0.3074650707 -0.3066792537 0.0961196881
v -0.3177080844 -0.3073717745 0.09589065045
v -0.311213668 -0.3153229674 0.09864008745
v -0.2563492898 -0.867156518 0.1109967668
v -0.2670368157 -0.8607901004 0.1130354385
v -0.2679550803 -0.8716655607 0.1095044047
v 0.4471954181 -0.5801617789 0.01659607815
v 0.45465908 -0.57483391 0
v 0.4396554082 -0.5656139789 0.01659607815
v -0.0513525928 -1.003198833 0.05946831725
v -0.0524833353 -0.9898481657 0.06541350085
v -0.0604907134 -0.9991625592 0.0574901178
v -0.5819126778 -0.9245767781 0.05312546435
v -0.5935556128 -0.9349589081 0.04644285435
v -0.581176575 -0.93698041 0.05058701
v -0.6029576644 -0.9314599527 0.04367178425
v -0.6022215616 -0.9438635846 0.0411333299
v -0.0166786452 -0.9605894062 0.09184247505
v -0.004407415 -0.9612689 0.09481616
v -0.0105902802 -0.9506473662 0.09823457505
v -0.6067107678 -0.9221564331 0.04423388935
v -0.6153767166 -0.9310611096 0.0389243649
v -0.5689799379 -0.8966724115 0.0643531219
v -0.5736663327 -0.9129921763 0.05885626405
v -0.5648472452 -0.9102785152 0.06276647785
v 0.3169671898 -0.668110387 0.1523972366
v 0.3107293396 -0.6849202698 0.1472798569
v 0.3253502559 -0.6743416065 0.1418446378
v -0.5923497027 -0.8991406814 0.05477602905
v -0.6005960478 -0.9107252831 0.04904522935
v -0.5860453705 -0.9109706744 0.0547121084
v -0.577934944 -0.876157312 0.0654870639
v -0.574215879 -0.8648326571 0.0686303689
v -0.591361935 -0.865474825 0.061552515
v -0.5050912129 -0.841877207 0.0970082319
v -0.4995603844 -0.8319226323 0.1004458038
v -0.5090773371 -0.8327454003 0.09783798375
v -0.6134968866 -0.9539179247 0.0346617099
v -0.604094835 -0.95741688 0.03743278
v -0.2087371947 -0.3138748122 0.1006433569
v -0.215049375 -0.30527207 0.098036275
v -0.2230712797 -0.3123076821 0.09986167185
v 0.4332547622 -0.6524279754 0.0554720532
v 0.4338379425 -0.6421268583 0.0552765096
v 0.4231512772 -0.6503368742 0.0657735923
v -0.5864400127 -0.8880927763 0.05942605905
v -0.5692939567 -0.8874506084 0.06650391295
v -0.60099069 -0.887847385 0.05375918
v -0.5735483944 -0.8502141401 0.07146961055
v -0.5691071944 -0.8352798901 0.07529327055
v -0.58320167 -0.83921592 0.06851948
v -0.5956110796 -0.1918735686 0.0384014209
v -0.5848428183 -0.190358351 0.03997663325
v -0.5956344113 -0.1753750277 0.03426868765
v 0.4113526075 -0.6528957579 0.07843091705
v 0.3970010574 -0.6568120671 0.0905060015
v 0.4082165467 -0.6645543005 0.07804422035
v -0.5463261999 -0.8036477286 0.09020135875
v -0.5561637855 -0.7931642368 0.08681634495
v -0.5606629244 -0.8069897119 0.0828396038
v -0.5374737191 -0.7759501798 0.09804482385
v -0.5477613036 -0.765676348 0.0941691689
v -0.5521146455 -0.7795484217 0.09030244495
v 0.3505187926 -0.6526760045 0.1322710271
v 0.3585369909 -0.6638900805 0.1188638282
v 0.3599912328 -0.6501812446 0.1257813496
v -0.5601214033 -0.8608966271 0.07540415945
v -0.558305015 -0.916785395 0.063583905
v -0.5536186202 -0.9004656302 0.06908076285
v -0.5850324575 -0.3019061588 0.0714396728
v -0.594625795 -0.31264299 0.072869265
v -0.5807755225 -0.3165776588 0.0747212278
v 0.4402608239 -0.6006128885 0.038315397
v 0.4289569286 -0.6000120161 0.0545625651
v 0.4414097672 -0.6118742839 0.039799113
v -0.5434158786 -0.7510641731 0.0979103639
v -0.558056805 -0.754662415 0.090167985
v -0.4965425926 -0.7610525755 0.1150162518
v -0.4976759708 -0.7428370455 0.1178979148
v -0.5053514876 -0.7524576441 0.1137969249
v 0.3108560568 -0.1992091865 0.0266597618
v 0.3271857301 -0.1860556238 0.016308852
v 0.3085612786 -0.1888759495 0.0266034067
v -0.05512758695 -0.9740923119 0.0718849965
v -0.0600855216 -0.9581665059 0.0771810853
v -0.06657939055 -0.9698860861 0.0687313902
v -0.5185010855 -0.6820374374 0.1188141159
v -0.5086696134 -0.6903310222 0.1226314455
v -0.5105014308 -0.673178282 0.1226454125
v -0.0269496519 -0.9615580364 0.08837476285
v -0.0207667867 -0.9721795702 0.0849563478
v -0.3706858857 -0.7716950862 0.1371223474
v -0.3587691908 -0.7676162187 0.1385123349
v -0.3668162589 -0.7609530318 0.1395536693
v -0.528619534 -0.6899783688 0.1123434295
v -0.5304513514 -0.6728256286 0.1123573965
v -0.3768680451 -0.8116435384 0.1265375376
v -0.3850913462 -0.8000127897 0.1291297795
v -0.3878509384 -0.8139871106 0.1248704084
v -0.57463049 -0.810393945 0.075898865
v -0.5647929044 -0.8208774369 0.0792838788
v -0.5528850783 -0.8539025419 0.0795987904
v -0.5535525628 -0.8685210589 0.07675954875
v 0.336894911 -0.1737756684 0.00812624845
v 0.3391896892 -0.1841089054 0.00818260355
v -0.1123806247 -0.3248617893 0.1053445052
v -0.1252287015 -0.3239996527 0.1047782668
v -0.1174148679 -0.3342349035 0.1082362958
v 0.3894743382 -0.6811341249 0.0897868374
v 0.399533135 -0.689992065 0.08132468
v 0.4039237932 -0.6773285499 0.0816571474
v 0.3403263284 -0.6619582821 0.1361577616
v 0.334902117 -0.6701148058 0.1364620872
v 0.3436403393 -0.6745413642 0.1256578313
v -0.07022910235 -1.023584926 0.04183000145
v -0.0703855743 -1.008196419 0.0482575541
v -0.08125470575 -1.019268118 0.03854262135
v -0.301517465 -0.8614975092 0.1128885571
v -0.2930216531 -0.8684530366 0.1102687882
v -0.2871384181 -0.8583436157 0.1141628453
v -0.31962486 -0.864631515 0.111614165
v -0.3123013991 -0.8569676518 0.1145134214
v -0.3245255591 -0.8499922368 0.1171330864
v -0.3711970883 -0.8294202915 0.1216539722
v -0.3684374961 -0.8154459706 0.1259133433
v -0.03951237235 -1.003109735 0.06468782515
v -0.02955297 -1.002330595 0.068416155
v -0.03338581235 -0.9931052997 0.07112003015
v -0.3381266227 -0.8443263062 0.1187734452
v -0.3308031618 -0.8366624429 0.1216727016
v -0.3183892294 -0.8269075281 0.1253857594
v -0.3319902929 -0.8212415975 0.1270261183
v -0.3064181642 -0.846858231 0.1184074784
v -0.569870455 -0.18342793 0.040401615
v -0.5698471233 -0.199926471 0.04453434825
v -0.1655814927 -0.9701027355 0.06415644795
v -0.1763068477 -0.9595011804 0.06924833795
v -0.178499895 -0.972445915 0.06462225
v -0.4850027466 -0.7154900429 0.1269209789
v -0.4952112505 -0.7089533836 0.1247804044
v -0.4934122772 -0.7209410923 0.1231980529
v -0.1297048961 -0.8009531412 0.1120284979
v -0.1297077923 -0.8163168677 0.1081889998
v -0.1229743681 -0.8086362734 0.1089527893
v -0.1469152596 -0.9729702735 0.0591136282
v -0.1537910682 -0.9574142838 0.0666171946
v -0.1565126367 -0.9727139906 0.0612789695
v -0.2482835425 -0.8829889177 0.1048569871
v -0.2554444822 -0.8903377042 0.1023761165
v -0.2464604703 -0.8952946436 0.09976737065
v -0.5594779778 -0.2292753357 0.05458883745
v -0.5478061231 -0.2422475745 0.06031259875
v -0.5421186896 -0.2310547416 0.0586440815
v -0.1255353859 -0.8326262378 0.1032683535
v -0.1216390174 -0.8475210897 0.0989012306
v -0.1190808957 -0.8388948519 0.1007461682
v 0.3615764645 -0.6920478476 0.105018023
v 0.37071604 -0.69758167 0.097538025
v 0.3759441044 -0.6882638175 0.09693436805
v 0.3525103284 -0.6827139415 0.1151882616
v 0.347282264 -0.692031794 0.1157919185
v -0.20036933 -0.951507895 0.074541895
v -0.1841776961 -0.9528900859 0.07273550045
v -0.1953217761 -0.9425536209 0.07756325545
v -0.1712592937 -0.9505469064 0.0722696984
v -0.1055460758 -0.949738248 0.0654687439
v -0.1018160562 -0.9646752592 0.0598958728
v -0.08990263705 -0.9585464033 0.0639124665
v -0.3196620748 -0.3933842041 0.1207463302
v -0.3243588802 -0.3856487427 0.1185200195
v -0.3243351426 -0.4011340288 0.1227190829
v -0.1922427079 -0.9182906691 0.08626934495
v -0.1821331133 -0.9118292023 0.08774145175
v -0.1954904953 -0.9067405031 0.0906552037
v -0.29318327 -0.7800484118 0.1365058942
v -0.3063235495 -0.7727741075 0.1390635036
v -0.3065898001 -0.7877911498 0.135557703
v -0.3394474608 -0.7218788281 0.1485409063
v -0.350033527 -0.721873416 0.1479198509
v -0.3447467169 -0.7340481224 0.1459853387
v -0.34870598 -0.854581495 0.11441053
v -0.3549835827 -0.8412517012 0.1189501453
v -0.1668092749 -0.7412727812 0.1321515842
v -0.1823021542 -0.743289098 0.1347455015
v -0.1762704493 -0.7521822315 0.1321740614
v -0.1299111536 -0.6317552601 0.138394571
v -0.1244914837 -0.624596035 0.1383868545
v -0.1283186939 -0.6164732406 0.1389107294
v -0.3244173126 -0.5714651721 0.1512011299
v -0.3244173077 -0.5869504828 0.1522687952
v -0.3197323662 -0.579207826 0.1516058041
v -0.4752697609 -0.7079005931 0.1314393643
v -0.4734707877 -0.7198883018 0.1298570128
v -0.2946920557 -0.7031010699 0.149202916
v -0.2987644777 -0.7185857366 0.1478911484
v -0.2881806104 -0.7185902934 0.1473332191
v -0.3244008364 -0.6643800136 0.1526376166
v -0.3243909759 -0.6798653209 0.1521163617
v -0.3197109633 -0.672119684 0.1522998524
v -0.3197077699 -0.7030902996 0.1507491359
v -0.3124951799 -0.7108360605 0.1497402597
v -0.3124885129 -0.6953507522 0.1507697213
v -0.3059270414 -0.8337042777 0.1225196178
v -0.3071141726 -0.8182834322 0.1278730344
v -0.3468085913 -0.78591098 0.1353377543
v -0.3418168156 -0.7961117733 0.133298758
v -0.336926547 -0.7858619304 0.1360485129
v -0.2210890983 -0.8152683826 0.1236205593
v -0.2331801796 -0.8079328219 0.1270802572
v -0.2295271446 -0.8217804704 0.1225034787
v -0.1560441919 -0.7886291045 0.1207833797
v -0.1537298952 -0.7785114773 0.1222070489
v -0.1631257828 -0.7810413895 0.1241283934
v -0.1123998435 -0.779530754 0.1177804
v -0.1133337806 -0.7641963889 0.1219392
v -0.1239054091 -0.7779381818 0.1169510875
v -0.1170767312 -0.6783848014 0.1361507775
v -0.1075227556 -0.6765945537 0.1376510172
v -0.1184074602 -0.6687560634 0.1369565035
v -0.1467802565 -0.6380344437 0.1398118541
v -0.1574838578 -0.6373791757 0.1410740671
v -0.1526639223 -0.6536424418 0.1398188211
v -0.1200632011 -0.7390819015 0.1243006211
v -0.1111300215 -0.7310988355 0.1263144117
v -0.1184450122 -0.7239966213 0.1276256317
v -0.1189563142 -0.7086424761 0.1299380813
v -0.1078519296 -0.7011184235 0.1332423568
v -0.1172964112 -0.6937473443 0.1335410157
v -0.1079302199 -0.6370215614 0.1415806575
v -0.0979959709 -0.6380567579 0.144658637
v -0.1018601057 -0.6269543333 0.1444773346
v -0.1270226896 -0.6552121827 0.13666348
v -0.1340221322 -0.6470878822 0.1382136521
v -0.1349608784 -0.6624220105 0.1370064361
v -0.1565707353 -0.7380106357 0.1301733439
v -0.1504196614 -0.7493072085 0.1272173166
v -0.1462128267 -0.7371519295 0.1278105164
v -0.1040932807 -0.7407949852 0.1276294413
v -0.1024750918 -0.725709705 0.1309544518
v -0.2951431074 -0.8382341352 0.1208947534
v -0.1466525518 -0.80863181 0.1138401918
v -0.1415433123 -0.7973664638 0.1150633718
v -0.1517575439 -0.7973645384 0.1176388552
v -0.2673461212 -0.6689171219 0.1513452658
v -0.2763061817 -0.6728100332 0.1512122225
v -0.2672792369 -0.6813289147 0.1503500383
v -0.12114798 -1.04273083 0.02812584
v -0.1087178653 -1.041180898 0.0272253471
v -0.1177126154 -1.029667338 0.0332836071
v -0.3572326997 -0.8146917733 0.1268088887
v -0.3629036565 -0.7969150202 0.131692454
v -0.1111840512 -0.3974207295 0.1268827462
v -0.116478087 -0.3901683781 0.1252024381
v -0.1218518999 -0.4019818835 0.1276915443
v -0.5276854954 -0.6427664646 0.114572498
v -0.5305277815 -0.6568839936 0.1130034315
v -0.5174906168 -0.6507671682 0.1203971495
v -0.324416505 -0.4940381514 0.1427418572
v -0.3197307905 -0.4862959624 0.1412455929
v -0.324414964 -0.478552841 0.1399096781
v -0.09287733375 -0.3404982382 0.1109065499
v -0.1035049322 -0.3481488893 0.1130157468
v -0.09181547485 -0.3535500874 0.1151197626
v -0.5592075733 -0.2506195551 0.06022263735
v -0.5707643633 -0.2483863767 0.0573166601
v -0.5648065252 -0.2585377632 0.06128194275
v -0.4597560586 -0.2773865543 0.081105232
v -0.4653483795 -0.2913418028 0.08549373485
v -0.4552766368 -0.2872797405 0.08463612695
v -0.54408084 -0.535473595 0.109228225
v -0.5381423387 -0.5423241478 0.1124303248
v -0.5407677987 -0.5270344228 0.1107407398
v -0.0914446426 -0.7204120514 0.1369696245
v -0.0984813834 -0.7107159017 0.1356545949
v -0.5543326522 -0.2055392764 0.0489398251
v -0.5433395971 -0.2111251964 0.0515871851
v -0.543881705 -0.19858197 0.04760669
v -0.616457705 -0.257356005 0.05666889
v -0.6019939793 -0.2590362199 0.05703055325
v -0.6079594143 -0.2455322349 0.05265444325
v -0.5043475786 -0.2517353932 0.0693627937
v -0.5173411301 -0.2418071855 0.0647058364
v -0.5174532834 -0.2539551882 0.0690248001
v -0.3109177506 -0.3300762205 0.1030424974
v -0.3206454674 -0.3314721325 0.1030477905
v -0.3101065363 -0.3455328647 0.1076792381
v 0.4450035377 -0.5890661653 0.02653942455
v 0.4574563763 -0.6009284331 0.01177597245
v 0.4320667855 -0.5604656546 0.0275997074
v 0.440891225 -0.54827005 0
v 0.4258389405 -0.5484495946 0.0275997074
v -0.5292526464 -0.581167652 0.1164150447
v -0.5294643964 -0.564351597 0.1169778747
v -0.54124363 -0.567579375 0.11035498
v -0.5159840598 -0.5160854819 0.1214711851
v -0.5103038208 -0.5086892004 0.1234103518
v -0.5228137673 -0.5087635682 0.1184632507
v -0.4022922419 -0.3650043254 0.1112179302
v -0.4107670014 -0.3747640858 0.1140528325
v -0.3956648773 -0.3793184634 0.1155318613
v -0.3197223539 -0.7340609163 0.1470318343
v -0.3150413691 -0.7418059656 0.1456258347
v -0.3150334522 -0.7263206573 0.1483136747
v -0.3938377201 -0.4256100349 0.1280848226
v -0.3882499531 -0.4169740522 0.1259712853
v -0.3997117423 -0.4156836214 0.1254866934
v -0.4756092056 -0.5043037307 0.1336931572
v -0.486814801 -0.5120779489 0.1314308237
v -0.474617694 -0.5176957391 0.1350297334
v -0.04945145535 -0.6112721142 0.1679012836
v -0.06181303935 -0.6046953201 0.1618088059
v -0.4776429373 -0.2909478281 0.08448232795
v -0.4731635154 -0.3008410142 0.0880132229
v -0.5277629104 -0.6266226746 0.1152267281
v -0.540800075 -0.6327395 0.10783301
v -0.542687395 -0.695433785 0.10373193
v -0.530737129 -0.7046455938 0.1101886495
v -0.1665935381 -0.3274717511 0.1050939402
v -0.1615687632 -0.3146473805 0.1014639976
v -0.174878835 -0.3181906606 0.1022156226
v -0.521319945 -0.210046305 0.053040035
v -0.5306226689 -0.214031243 0.0540549747
v -0.5190539639 -0.2199096581 0.0568409597
v -0.3116742 -0.28969524 0.09063347
v -0.3207558536 -0.2922030953 0.09104642055
v -0.3048778335 -0.2962202054 0.09295730055
v -0.1638018351 -0.4460484726 0.1323627129
v -0.1720476318 -0.4407352419 0.1315305328
v -0.173100552 -0.4514243988 0.1331633066
v -0.65353676 -0.14529868 0.019679395
v -0.662254705 -0.16168875 0.02394794
v -0.647745555 -0.15563846 0.023625005
v -0.66776397 -0.135648065 0.01505421
v -0.65325482 -0.129597775 0.014731275
v -0.69045805 -0.11133378 0.004732725
v -0.675496775 -0.12184171 0.00978577
v -0.682443305 -0.10943923 0.005053045
v -0.08710650585 -1.042336749 0.02734235095
v -0.09319036725 -1.031387015 0.03224909145
v -0.0991986393 -1.03906714 0.0274763737
v -0.675778715 -0.137542615 0.01473389
v -0.0968214804 -0.6958207699 0.1392575294
v -0.65067722 -0.18251012 0.031852265
v -0.6382834405 -0.1825061611 0.03176578
v -0.6440697205 -0.1720245711 0.027807065
v 0.1177133795 -0.797570149 0.1775636111
v 0.1071642096 -0.807658674 0.1746629511
v 0.12138679 -0.811970975 0.16895533
v -0.5693050155 -0.2124696974 0.04851484335
v -0.5294017613 -0.2339607882 0.0611118711
v -0.5410736161 -0.2209885495 0.0553881098
v -0.5658796381 -0.3202328726 0.07784217145
v -0.5534689021 -0.3267409076 0.0819415063
v -0.5587714491 -0.3123488627 0.07739097045
v -0.5839182446 -0.2176058758 0.0469365425
v -0.5684037735 -0.2232186812 0.05134201935
v -0.5404117108 -0.7406080814 0.100855312
v -0.5301162094 -0.7516220145 0.1048564959
v -0.6353517755 -0.155634501 0.02353852
v 0.0029702568 -0.9299686753 0.1120475536
v -0.0036056482 -0.9407068403 0.1051435836
v 0.008256855 -0.940588695 0.10811223
v -0.5882563456 -0.2377836548 0.0513899125
v -0.5954538054 -0.2241884473 0.04666267895
v -0.6006931483 -0.2336172424 0.04828887295
v -0.624756045 -0.183705847 0.0316552411
v -0.6121194107 -0.1861406636 0.03414168875
v -0.6190393067 -0.1744554287 0.03020702765
v 0.2416554612 -0.6929009082 0.195985484
v 0.2428628846 -0.6815871379 0.2050216392
v 0.2303077651 -0.6937310064 0.2031323264
v -0.06502210135 -0.380602568 0.1253389327
v -0.05666512685 -0.36971194 0.1223292328
v -0.0674539779 -0.364891507 0.1200106387
v -0.6313635445 -0.194191396 0.0357004411
v -0.121321105 -0.30229756 0.097882205
v -0.1293752342 -0.3092495292 0.1001182881
v -0.1121403291 -0.3076745693 0.0996503931
v -0.2767961729 -0.3252202685 0.1027566886
v -0.2837650679 -0.3176814743 0.1002017072
v -0.2940017593 -0.3221692409 0.1014241064
v -0.5963550474 -0.2134394635 0.04383550295
v -0.6013278178 -0.201123987 0.03984963435
v -0.6128633785 -0.2077065585 0.0395757708
v -0.04751975045 -1.012424128 0.0567644421
v -0.3197323512 -0.5172665835 0.1464059637
v -0.3125177578 -0.525009248 0.1475260689
v -0.3125177381 -0.5095239374 0.1451978772
v -0.3406822871 -0.5017798971 0.1442670193
v -0.351266244 -0.5017798836 0.144209662
v -0.3447484152 -0.5172665518 0.146960911
v -0.1859780026 -0.6057273613 0.146006702
v -0.1965256191 -0.6015969262 0.1472772364
v -0.1932672907 -0.6143979429 0.1469626435
v -0.3269484147 -0.5250092297 0.1478762118
v -0.3269483949 -0.5095239191 0.1455480202
v -0.2882006844 -0.470832407 0.1394102995
v -0.2947180978 -0.4553539958 0.1367570778
v -0.2987788786 -0.4708202847 0.138861196
v -0.1509226658 -0.4616855841 0.1349770047
v -0.144861705 -0.4730686292 0.1364987126
v -0.140545789 -0.4609161879 0.1349387515
v -0.4736200137 -0.5543033082 0.1384402961
v -0.4642399149 -0.5502991705 0.1405351731
v -0.4710914804 -0.5411492311 0.1381067701
v -0.3405895554 -0.4088776749 0.1245197844
v -0.3511563367 -0.408858766 0.124214601
v -0.3446145352 -0.4243101286 0.1285524828
v -0.3125187625 -0.6179209089 0.1532929876
v -0.3125191782 -0.6024355984 0.1528479122
v -0.3197319456 -0.6101784473 0.1531185449
v -0.326870756 -0.4320845467 0.1308505629
v -0.3196660476 -0.4243547731 0.1288944266
v -0.3268430455 -0.4165992639 0.12690153
v -0.1336307026 -0.3719443408 0.1196028769
v -0.1329638816 -0.3872933152 0.1239483717
v -0.1278127566 -0.3793805578 0.1216657415
v -0.3197115038 -0.4553253539 0.1356284367
v -0.3125127708 -0.4630762627 0.137310694
v -0.312495025 -0.4475909647 0.1345257169
v -0.1184756346 -0.532656361 0.1428734718
v -0.1230458018 -0.5249277579 0.1426386916
v -0.1232013865 -0.5402908225 0.1429768096
v -0.0977183491 -0.4229294076 0.1322398846
v -0.1076123135 -0.4084592898 0.1296783789
v -0.1066638997 -0.4237043527 0.131933358
v -0.3149652695 -0.4011196656 0.1229859198
v -0.314989007 -0.3856343796 0.1187868563
v -0.4659640465 -0.4123851155 0.1210291072
v -0.4551431567 -0.4104555123 0.1213403491
v -0.4620924683 -0.4021866452 0.1185891106
v -0.0914108783 -0.4008134839 0.1287491512
v -0.09498261595 -0.3897749236 0.1259535185
v -0.1022385005 -0.3966457844 0.1271892727
v -0.1813458914 -0.3447129386 0.1095163203
v -0.1887863564 -0.3370046322 0.1073887125
v -0.1902286379 -0.3507025397 0.1110594676
v -0.1482146363 -0.3802668973 0.1211167418
v -0.143896507 -0.3708944499 0.1187819559
v -0.1533293158 -0.371304249 0.1180131906
v -0.1388622037 -0.3379442719 0.1088416221
v -0.1417732054 -0.328650619 0.1060061864
v -0.1503724646 -0.333222124 0.1071777509
v -0.1154613255 -0.362616161 0.1172746031
v -0.1165231844 -0.3495643118 0.1130613905
v -0.2894287082 -0.5294298347 0.1477727133
v -0.2947201767 -0.5172666153 0.1463045116
v -0.3000116762 -0.5294298213 0.1477861841
v -0.4815633971 -0.6496567842 0.134363538
v -0.4871672465 -0.6649947176 0.1320698818
v -0.4732294555 -0.6564862918 0.1371761197
v -0.4450532336 -0.2832784533 0.0838851875
v -0.4314281959 -0.2855456453 0.0849977526
v -0.4360592782 -0.2755916838 0.0813601892
v -0.3277591807 -0.3093912925 0.0960943696
v -0.3245044509 -0.3008468091 0.0935668199
v -0.3308069499 -0.2942226133 0.0912501397
v -0.3397711767 -0.296023752 0.091520367
v -0.345600065 -0.28111205 0.08655058
v -0.3578190217 -0.291457672 0.089348357
v -0.3006747369 -0.3293836997 0.1032715351
v -0.63958649 -0.204999395 0.03970219
v -0.6260590945 -0.206199081 0.0395916511
v -0.4557427628 -0.2665468479 0.07743128085
v -0.451665833 -0.2584215859 0.07456547205
v -0.4577242798 -0.2516439419 0.0717491288
v -0.6130151 -0.91032644 0.04429781
v -0.4506455544 -0.2972337018 0.08827369035
v -0.437959668 -0.263914091 0.07713566705
v -0.439941185 -0.249011185 0.071453515
v 0.4648826113 -0.6152566731 0.01177597245
v 0.469625325 -0.60370995 0
v -0.0788549713 -0.9637218473 0.0661835372
v -0.08258499095 -0.948784836 0.0717564083
v -0.3387854668 -0.317719597 0.098136016
v -0.3324829678 -0.3243437928 0.1004526962
v -0.1572478013 -0.344367815 0.1102462433
v -0.1580226631 -0.3540758273 0.1130788523
v -0.1482363246 -0.3522237892 0.1128457956
v -0.2811778308 -0.307222426 0.09703931965
v -0.2983834171 -0.3041713984 0.09570673755
v -0.1459197382 -0.3139004955 0.1013462076
v -0.154205035 -0.304619405 0.09846789
v -0.3381694983 -0.813529618 0.1286612886
v -0.3257555659 -0.8037747031 0.1323743464
v -0.625198705 -0.93310312 0.034711165
v -0.6214456016 -0.9424066396 0.0341490599
v 0.4411143587 -0.6633749347 0.04969818525
v 0.4304276934 -0.6715849507 0.06019526795
v 0.3301755225 -0.16476985 0.011928544
v 0.3234735971 -0.1546224887 0.012582011
v 0.3181890266 -0.1655750254 0.0169059639
v -0.3152910985 -0.3546497144 0.1100788265
v -0.3152168781 -0.3701347851 0.1145101943
v 0.4769647271 -0.6408965678 0.0109844679
v 0.48372225 -0.632429235 0
v 0.4702940371 -0.6265055228 0.0109844679
v -0.1344094773 -0.3186226435 0.1030100787
v -0.2309737726 -0.3247231835 0.1032651494
v -0.2321334119 -0.3353300694 0.106200735
v -0.2179187387 -0.3315173102 0.1054043392
v 0.3262598667 -0.5856698539 0.1945267333
v 0.3379468504 -0.5820144949 0.1847394819
v 0.3338864837 -0.5731526175 0.1922706872
v -0.1054004745 -0.5091736539 0.1437810307
v -0.1059157625 -0.4938187874 0.1421141449
v -0.118835338 -0.5019384299 0.1408684681
v -0.337831811 -0.5637225168 0.1506828446
v -0.3468815298 -0.5637225196 0.1507984451
v -0.3381519729 -0.5792078317 0.1519797216
v -0.288199566 -0.6256585317 0.1527888293
v -0.2947241368 -0.6101777759 0.1526859411
v -0.2987814242 -0.6256588158 0.1531252432
v 0.48474863 -0.66241904 0.00993979
v 0.478175595 -0.6516619587 0.01285461675
v 0.472531285 -0.6672607187 0.02279440675
v -0.1167516674 -0.809784422 0.1098196997
v -0.1167487712 -0.7944206955 0.1136591979
v 0.2455411058 -0.7258690371 0.1685190953
v 0.2321062907 -0.7313785271 0.1721492303
v 0.241210785 -0.73444466 0.164910275
v -0.08762371565 -1.071422084 0.0132284508
v -0.0871494896 -1.057730431 0.0195715824
v -0.09358900395 -1.063708527 0.0162265016
v -0.08114121755 -1.050050307 0.02434430015
v -0.08672627 -1.086791695 0.004941685
v -0.08028675565 -1.080813599 0.0082867658
v -0.1022727646 -1.019144589 0.03552488095
v -0.0901806311 -1.022414198 0.0353908582
v -0.130826593 -0.9567688353 0.06295200175
v -0.1219862365 -0.9478224922 0.0649593471
v -0.1353533346 -0.9487242235 0.06645919865
v -0.1303208412 -1.021660299 0.0379765743
v -0.1397287912 -1.009617868 0.0443131393
v -0.13955068 -1.01917484 0.040520665
v -0.0715163168 -0.9948457516 0.0542027377
v -0.07389703665 -0.9796476533 0.0608874484
v -0.08379189755 -0.9886815129 0.0516548847
v -0.1026340039 -1.052130632 0.0223186066
v -0.10310823 -1.065822285 0.015975475
v -0.1237476845 -0.9309710469 0.0715398983
v -0.1100728174 -0.9416936363 0.0689759408
v -0.1073075238 -0.9328868027 0.0720492951
v -0.063252405 -1.0651854 0.022938195
v -0.06915218565 -1.059424905 0.0241142708
v -0.07528442065 -1.071204484 0.0153974558
v -0.08912701285 -0.3684914368 0.120124649
v -0.0784994144 -0.3608407856 0.1180154522
v -0.2072141011 -0.3319523288 0.1057003068
v -0.1991921964 -0.3249167166 0.1038749099
v -0.0691092019 -1.044031223 0.03188503935
v -0.040848255 -1.02220625 0.054710925
v -0.05268847545 -1.022295348 0.0494914171
v -0.0635576069 -1.033367048 0.03977648435
v -0.051568575 -1.042741645 0.039546455
v -0.0398357557 -0.9677604661 0.0809116636
v -0.04598946635 -0.9781285856 0.07386319595
v -0.03719150405 -0.9835163199 0.07444016795
v -0.2925120598 -0.3778134368 0.1173799377
v -0.2843215784 -0.3854126533 0.1196297513
v -0.2846408456 -0.3698839939 0.115342852
v -0.3707939976 -0.3852507304 0.1174799887
v -0.3628980587 -0.3934504812 0.1199968574
v -0.3550272958 -0.3852265615 0.1176650338
v 0.046647091 -0.8724863595 0.1441413552
v 0.061917475 -0.87565515 0.14202991
v 0.056723276 -0.8609498395 0.1498617152
v -0.074386975 -1.086574095 0.00711069
v -0.1025345786 -0.8263068099 0.1066388014
v -0.1132854949 -0.8197734179 0.1077672031
v -0.1122263479 -0.830533392 0.1039848895
v -0.07304909945 -0.9428082914 0.07869940015
v -0.0625507129 -0.9471858345 0.0816069022
v -0.06406248715 -0.9360338458 0.08627882335
v -0.1117837494 -0.868805569 0.0914338931
v -0.105540443 -0.8752846263 0.08981640025
v -0.1089412209 -0.860268761 0.09476155245
v -0.1473691161 -0.8862875037 0.0927776735
v -0.1498614146 -0.8966596969 0.08956994525
v -0.1321746076 -0.8954240693 0.08633517965
v -0.12533235 -0.9036080448 0.08223691815
v -0.1228400515 -0.8932358516 0.0854446464
v -0.0974939366 -0.9287050029 0.0748106567
v -0.0840967652 -0.9376328473 0.07642832945
v -0.0879580451 -0.9227284582 0.08175364855
v -0.1072882127 -0.7559865384 0.1228789568
v -0.098633283 -0.7505974078 0.1275189969
v -0.1061771428 -0.7806789026 0.1186473104
v -0.07173030865 -0.9063498811 0.0955338037
v -0.06012343145 -0.9031949449 0.1039124044
v -0.075266091 -0.8914374145 0.1006937428
v -0.1278894938 -0.7166255421 0.1279242907
v -0.1070598981 -0.8055578399 0.1124736117
v -0.08056731155 -0.853190905 0.1118536326
v -0.0887314419 -0.8403378253 0.1106700901
v -0.09331130125 -0.8499198639 0.1040400303
v -0.0646076375 -0.6977026268 0.1568724144
v -0.07078736105 -0.7104562889 0.1513626521
v -0.06234452475 -0.7137634028 0.1566315909
v -0.06823337065 -0.7647781689 0.1447866695
v -0.07908092015 -0.760894718 0.1381330969
v -0.0724206775 -0.7732508322 0.1403805444
v -0.06662228615 -0.6391451342 0.1593298781
v -0.0770534359 -0.6382778614 0.1539634817
v -0.07273079205 -0.6478683248 0.1560355104
v -0.1281811158 -0.685908854 0.1328465021
v -0.1057242404 -0.6158519087 0.1434137709
v -0.1112765751 -0.6075493481 0.1421655998
v -0.1173466893 -0.6176165762 0.140151184
v -0.09564361815 -0.7918355149 0.1225963349
v -0.09129469035 -0.7769455733 0.1267175369
v -0.1000118491 -0.595412777 0.1459090767
v -0.111634298 -0.5971774445 0.1426464899
v -0.06177164995 -0.6750048979 0.1606109659
v -0.0745917782 -0.685460029 0.1516891696
v -0.06023034555 -0.6839403817 0.1605252719
v -0.0548549298 -0.661110424 0.1654244875
v -0.06921636245 -0.6626300714 0.1565883852
v -0.08571943055 -0.6071584474 0.1513290813
v -0.09578999145 -0.6168871051 0.1464917504
v -0.0818552958 -0.618260872 0.152392645
v -0.02750401615 -0.6565972021 0.1829191057
v -0.01486572025 -0.6568240736 0.1911184426
v -0.0246575874 -0.6452309799 0.1842182867
v -0.118939149 -0.6328985956 0.1396350256
v 0.08173758305 -0.7026978432 0.2317107848
v 0.0769343485 -0.7125366935 0.2274852794
v 0.08849306635 -0.7158197432 0.2278710516
v -0.1091201519 -0.5715595733 0.1437180215
v -0.1083673802 -0.5562141124 0.1448991203
v -0.119383991 -0.5633648865 0.1420304909
v -0.0272321017 -0.9827371802 0.0781684978
v -0.016961095 -0.98176855 0.08163621
v -0.5162960565 -0.2317409933 0.0614498647
v -0.477042842 -0.8565339402 0.1000371263
v -0.489899082 -0.8645240102 0.0948794063
v -0.48088526 -0.86468944 0.09699951
v -0.0429285755 -0.9332911638 0.0966953809
v -0.0382128055 -0.9451896307 0.09222360775
v -0.0275772804 -0.9380694056 0.09973266325
v -0.0357476142 -0.9561703021 0.08779779085
v -0.1086765051 -0.9076102204 0.08074118035
v -0.1048690939 -0.898811024 0.08331235835
v -0.1121903826 -0.8926206306 0.0839175629
v -0.0371252388 -0.8556566889 0.1364007296
v -0.0515742559 -0.865432712 0.1259564592
v -0.034129824 -0.8652416185 0.133431425
v -0.0005914004 -0.8735938526 0.1393543349
v -0.0045984491 -0.862498051 0.1437353531
v -0.0156737582 -0.866561397 0.1394946774
v 0.2951181677 -0.6885365603 0.1566071216
v 0.3035012338 -0.6947677799 0.1460545226
v -0.013289248 -0.9199534544 0.1129253287
v -0.0031016512 -0.9159049847 0.1173938057
v -0.0074986528 -0.9057716185 0.1212402271
v 0.2932640051 -0.6085418211 0.2172165433
v 0.3039008074 -0.6061760756 0.208569523
v 0.2960264776 -0.5981055682 0.2205704006
v 0.4549498388 -0.6503607984 0.035342102
v 0.4647473821 -0.6457382465 0.02383908465
v 0.4537389709 -0.6395954076 0.03347195315
v -0.0817920084 -0.6909713967 0.1467223156
v -0.080250704 -0.6999068804 0.1466366216
v 0.1009064035 -0.8220153334 0.1676478789
v 0.0912189935 -0.8318994884 0.164022099
v 0.10115021 -0.831943655 0.16242889
v -0.0390765562 -0.6173790331 0.173833262
v -0.03120163675 -0.6040005201 0.1774872874
v -0.03918664745 -0.6083072893 0.1730689568
v 0.2249143443 -0.7223657791 0.1825913292
v 0.2205840236 -0.730941402 0.1789825089
v -0.5500699558 -0.8903553605 0.07282386375
v -0.5435277256 -0.8968622403 0.0736412909
v -0.6221877905 -0.164046856 0.027545815
v -0.625863625 -0.147660745 0.023363755
v 0.1873560488 -0.7295514778 0.195962671
v 0.1911180504 -0.7475599393 0.1825887611
v 0.1967533384 -0.7331250184 0.1892802499
v -0.0358654154 -0.9166189371 0.1078742154
v -0.04801271475 -0.9125871735 0.1051482298
v -0.04444034975 -0.9221391751 0.1014784508
v 0.1775382304 -0.7531289193 0.1862580811
v 0.18693552 -0.75670246 0.17957566
v -0.2999787514 -0.6909330265 0.1502682141
v -0.3071913414 -0.6831872656 0.1512770902
v 0.0838824511 -0.8150196124 0.1740545389
v 0.09723299305 -0.8076145074 0.1762561601
v 0.09014025715 -0.800662953 0.1810696111
v -0.584929502 -0.2517585173 0.055696036
v -0.5926681261 -0.2630634721 0.0585315252
v -0.5841019394 -0.2676095395 0.0612114547
v 0.3126478528 -0.7028645897 0.135286644
v 0.31890736 -0.711226555 0.1266871
v 0.3253719129 -0.6995134547 0.128127714
v 0.297036681 -0.7064808802 0.1446139087
v 0.3579345399 -0.6745574178 0.1148839359
v -0.1229664579 -1.00621869 0.0426317734
v -0.1325353958 -0.9943020165 0.04863495065
v -0.1400678902 -1.000186654 0.04777222585
v 0.3803347627 -0.6756003024 0.09726683545
v 0.3809372138 -0.6649329651 0.1012467277
v 0.3674069799 -0.6720626578 0.1083942583
v -0.1187937784 -0.7543939662 0.1220496444
v -0.3269454607 -0.7417998796 0.1454751942
v -0.3269375439 -0.7263145712 0.1481630342
v 0.334923774 -0.695286654 0.1227451635
v 0.34398991 -0.70462056 0.112574925
v -0.6095511563 -0.1664816726 0.03003226265
v -0.598782895 -0.164966455 0.031607475
v 0.42613494 -0.6843592 0.063808195
v 0.4182753434 -0.6734122407 0.06958206295
v 0.461894655 -0.6684370687 0.03179575675
v 0.46846769 -0.67919415 0.02888093
v -0.0917078494 -0.9821360002 0.0529766654
v -0.08932712955 -0.9973340985 0.0462919547
v -0.1691130158 -0.5243931503 0.142882376
v -0.1692700425 -0.5398986077 0.1431932248
v -0.1613704313 -0.532228212 0.1426739231
v 0.4508862437 -0.6622942298 0.04142862525
v -0.0938213191 -0.3271912832 0.1063340923
v 0.4581250884 -0.6237240059 0.02276044035
v -0.1178907266 -1.020110366 0.0370760814
v -0.1103582321 -1.014225729 0.0379388062
v 0.49084987 -0.676718825 0.00993979
v 0.49649418 -0.661120065 0
v -0.01437656265 -0.3645537563 0.1259448929
v -0.00411056105 -0.3623582539 0.1262873294
v -0.0113129274 -0.3537798098 0.122214229
v -0.2999932717 -0.4431982394 0.133802501
v -0.3071920046 -0.4354473307 0.1321202436
v 0.448059175 -0.681451205 0.04615184
v -0.3015617643 -0.3778273092 0.1170597422
v -0.3017896354 -0.3623277148 0.1127830802
v -0.3105200728 -0.3778702466 0.1167497839
v 0.2759348103 -0.7007322684 0.1633072818
v 0.2719630343 -0.7122840633 0.1599201982
v 0.283918286 -0.7099358652 0.1519947037
v -0.1171449079 -0.3748194038 0.1208569434
v -0.016027817 -0.604337811 0.1858580668
v -0.01613790825 -0.5952660672 0.1850937615
v -0.02021305425 -0.5551587039 0.1775428043
v -0.0057579786 -0.5560293546 0.1842481757
v -0.01112272105 -0.5425784518 0.1794925962
v 0.4269201647 -0.6256545844 0.0608121649
v 0.4370236496 -0.6277456856 0.0505106258
v -0.09831445795 -0.5541479035 0.1463128817
v -0.108578297 -0.5459532168 0.1446253511
v -0.0637050349 -0.5434739254 0.1568591235
v -0.0688947472 -0.5353378517 0.1549445389
v -0.0780835883 -0.538286412 0.1519734638
v -0.00790620015 -0.5821064824 0.1878814624
v -0.0230800199 -0.5817691914 0.179510683
v 0.01299711975 -0.5313008113 0.1874325253
v 0.0141541441 -0.5223026764 0.1857373996
v 0.00448937895 -0.5344509676 0.1845028418
v -0.1084227124 -0.5305901521 0.1442872331
v -0.1230583139 -0.4406413866 0.1332235147
v -0.1355503054 -0.4374384019 0.1323138628
v -0.1341147584 -0.4527361275 0.1343266954
v 0.05291275595 -0.4594291632 0.1800524501
v 0.06913368975 -0.4570162072 0.1839598781
v 0.0616755043 -0.446615537 0.1771171868
v 0.050154383 -0.4719267569 0.1838113063
v 0.04092266885 -0.4844066104 0.1851032785
v 0.05113922725 -0.4823096869 0.1881871136
v 0.00710084885 -0.5840262534 0.1959474287
v 0.0001587372 -0.5705293775 0.1903643502
v -0.1449445195 -0.5175843459 0.141422068
v -0.1367498312 -0.5324712948 0.1427116628
v -0.135966242 -0.5176752705 0.1414524346
v -0.1258198983 -0.4100365967 0.1286109592
v -0.1205258626 -0.417288948 0.1302912672
v 0.1399037261 -0.3549759672 0.1448520666
v 0.1393981877 -0.3640339957 0.1503308842
v 0.1481622364 -0.3512209098 0.1435392116
v 0.09668096815 -0.4287427876 0.1783623603
v 0.0865128897 -0.4312893621 0.1768433725
v 0.08806451655 -0.4416560065 0.1825436026
v 0.03155304425 -0.4678212121 0.1756256627
v 0.04269619755 -0.4615260867 0.176968615
v 0.0343114172 -0.4553236185 0.1718668066
v 0.1070854295 -0.3696260966 0.1490483288
v 0.1163640912 -0.3575499214 0.1434414273
v 0.1089952994 -0.3522575553 0.1392480139
v 0.3696219159 -0.4674298975 0.07594925885
v 0.3557247287 -0.4730784317 0.1061718979
v 0.3657040073 -0.4777106119 0.09072321865
v 0.1424504084 -0.3285935377 0.1291811637
v 0.1573595659 -0.32930047 0.1304207368
v 0.1511421995 -0.3157311265 0.1215415066
v 0.1590414926 -0.3398049844 0.1369763709
v 0.1677332837 -0.3269425731 0.1293367137
v 0.1660240071 -0.3539847815 0.1460591343
v 0.1748384865 -0.3599411773 0.1495558471
v 0.1782296898 -0.3434034834 0.1393890607
v 0.1137409847 -0.3839627717 0.158106186
v 0.1220837128 -0.3803980668 0.1573071845
v 0.1227969493 -0.3713537579 0.1524427407
v 0.2587138243 -0.6720764982 0.2013584807
v 0.2493279348 -0.6616989836 0.2176127508
v 0.2448246913 -0.670379525 0.2141290671
v -0.0660274221 -0.462030456 0.1445928506
v -0.0658824098 -0.4502267623 0.1423089323
v -0.0740942355 -0.4560286149 0.1413444393
v 0.0407815082 -0.5037915828 0.1918722394
v 0.032284699 -0.5069710303 0.1890730845
v 0.0311586941 -0.5159730726 0.1914662381
v 0.1833377696 -0.2805801212 0.1005142301
v 0.1697314897 -0.2765074127 0.0978457462
v 0.1708667927 -0.287376631 0.1046491804
v 0.3214966189 -0.1435614534 0.01253463495
v 0.3334831148 -0.1427562781 0.00755721505
v -0.1043264956 -0.3179098201 0.1031084221
v -0.09358102355 -0.3100040631 0.1006399802
v -0.3258324255 -0.7882897846 0.1360624145
v -0.31965322 -0.7960017641 0.1344272442
v -0.5041227003 -0.8558279911 0.09374545085
v -0.5136396531 -0.856650759 0.09113763085
v -0.04069442415 -0.3102549108 0.1016858875
v -0.03479482725 -0.3007553345 0.09804159875
v -0.0471040969 -0.2996925364 0.0971955188
v 0.04574463485 -0.2863165197 0.0951648226
v 0.02785480975 -0.2831739639 0.0921908883
v 0.0296104756 -0.2939038052 0.0981916385
v -0.0618881619 -0.3024014264 0.0982101988
v -0.055988565 -0.29290185 0.09456591
v 0.08184603175 -0.2583976775 0.0813345781
v 0.07321524 -0.251329715 0.076662185
v 0.06497976175 -0.2647639226 0.0842270431
v 0.107629315 -0.3362717611 0.1299859913
v 0.1168494314 -0.329670014 0.127212315
v 0.1062047853 -0.325760395 0.123557194
v 0.1806957045 -0.3302540073 0.1307967154
v 0.1790137778 -0.3197494929 0.1242410814
v 0.1943522924 -0.2373505756 0.07374556505
v 0.2076542132 -0.2461729458 0.07768688055
v 0.2112328292 -0.235215036 0.0709764892
v -0.621086324 -0.2185145575 0.0435775197
v 0.112402358 -0.241326741 0.07275807785
v 0.103540855 -0.2392127 0.0709163
v 0.09894301295 -0.247077511 0.07561149785
v 0.0467744472 -0.5184172619 0.1993025006
v 0.05638660875 -0.5060382671 0.199064066
v 0.04926766485 -0.5004146303 0.1940269585
v 0.18462012 -0.20154867 0.051581895
v 0.1804000376 -0.2095424693 0.05625287925
v 0.1936130876 -0.2024632492 0.05243844425
v 0.1410760699 -0.2356238537 0.0708847874
v 0.1556227109 -0.2409057834 0.07499817275
v 0.1576010609 -0.2275508397 0.06660321535
v 0.4215432052 -0.5750312674 0.0553382467
v 0.4246031237 -0.5657935236 0.04419578555
v 0.4139545826 -0.5698829431 0.06634187595
v 0.22277184 -0.2279957417 0.06609520275
v 0.2354354914 -0.2329856228 0.0669561887
v 0.2336725814 -0.2169439583 0.05813358675
v -0.5796901589 -0.2423297222 0.054069842
v -0.574091207 -0.2344115141 0.0530105366
v 0.1238660329 -0.3066671718 0.1141909238
v 0.1372317726 -0.3042713933 0.1138697113
v 0.1248647637 -0.295914371 0.1077587017
v -0.3016347434 -0.749548538 0.1434596849
v -0.2925850259 -0.7495531648 0.1430165732
v -0.3013027499 -0.7340703333 0.1464645633
v 0.293064905 -0.718032675 0.141226825
v -0.1087218125 -0.5182272218 0.1441756986
v -0.095802237 -0.5101075794 0.1454213753
v -0.0911625546 -0.6813739185 0.1443100774
v 0.2408226157 -0.2544397462 0.07617481495
v 0.2481978504 -0.2617141855 0.0769685774
v 0.2525797808 -0.2498956055 0.06992052445
v 0.3528349 -0.246493965 0
v 0.3462587659 -0.2398082732 0.0064278857
v 0.3478865658 -0.2544600182 0.0064278857
v -0.1554662253 -0.8386895663 0.1094921537
v -0.1706317629 -0.8426567439 0.11162067
v -0.1606683468 -0.8497737806 0.1066065522
v 0.2142273524 -0.2556426935 0.08282701655
v 0.2201803201 -0.2667531535 0.08697954815
v 0.2304877177 -0.2551478662 0.0790703363
v 0.3369146538 -0.2325569875 0.0147675563
v 0.3275713551 -0.2333612174 0.0241901945
v 0.3319671331 -0.2485785565 0.0222784096
v 0.3286642668 -0.6869246887 0.1313447075
v 0.3418629879 -0.2245909342 0.0083396706
v 0.35062252 -0.216643345 0
v 0.3412784079 -0.2093920592 0.0083396706
v -0.3150466171 -0.4940390839 0.1426626596
v -0.3150450761 -0.4785537734 0.1398304805
v 0.3374934566 -0.2581057851 0.01934523385
v 0.3440695907 -0.2647914768 0.01291734815
v -0.0796475122 -0.6617627987 0.1512219888
v 0.270669076 -0.6697283002 0.1926199973
v 0.2661658325 -0.6784088416 0.1891363135
v 0.0441071106 -0.4383616878 0.1684963106
v 0.03483815025 -0.4349644227 0.1643482958
v 0.03618561015 -0.4456312278 0.1690617441
v -0.05937434875 -0.3203110612 0.1047605406
v -0.06803977045 -0.3142388194 0.102352729
v 0.3515360603 -0.3145944659 0.0167906415
v 0.36241332 -0.30531579 0
v 0.3489833003 -0.3004124059 0.0167906415
v -0.1261087691 -0.747291752 0.1233608644
v 0.3297455758 -0.4338734905 0.1157628809
v 0.3327771082 -0.4442802712 0.1193242408
v 0.3405722416 -0.4367485271 0.101222715
v 0.283583283 -0.3120776121 0.08555634495
v 0.2971086084 -0.3184114003 0.0788796386
v 0.2964386707 -0.3084228402 0.07418567535
v -0.3316717536 -0.339800437 0.1050894369
v -0.4060781824 -0.3045226621 0.09190536065
v -0.4213310553 -0.313136875 0.0944113896
v -0.407368566 -0.3162596023 0.09575836865
v 0.2754356079 -0.6517419721 0.2035034159
v 0.2609362716 -0.6538865419 0.2148504991
v 0.2777164039 -0.661251387 0.1934950813
v 0.3417805703 -0.6482494462 0.1430752831
v -0.5052569905 -0.3417065994 0.09636971615
v -0.516471682 -0.3412578935 0.09390703825
v -0.5058518901 -0.3532675941 0.0991360818
v 0.222941065 -0.1958834335 0.0485286204
v 0.211353185 -0.18714112 0.04377605
v 0.20942105 -0.2032117635 0.0525200304
v 0.2052009676 -0.2112055628 0.05719101465
v 0.234869648 -0.2433292862 0.07202228335
v 0.2457703895 -0.2322775028 0.06406066735
v 0.2468666262 -0.1812897622 0.03953319845
v 0.237494625 -0.172800905 0.035880385
v 0.2342452012 -0.1883016472 0.04343745345
v -0.170217809 -0.3695437712 0.116767526
v -0.1658996796 -0.3601713239 0.11443274
v 0.2600387196 -0.1696345677 0.0321564037
v 0.2719384696 -0.1630235977 0.0284753837
v 0.2620158 -0.15917805 0.02829511
v 0.2963659745 -0.1484312535 0.0198659043
v 0.28716414 -0.14520677 0.02051583
v 0.2831173845 -0.1557915635 0.0239641643
v 0.3019031601 -0.1572218555 0.02043683475
v 0.2914883769 -0.1687310226 0.026706981
v 0.3010723181 -0.1669368311 0.02382957715
v 0.2811403041 -0.1662480812 0.027825458
v 0.2803094621 -0.1759630568 0.0312182004
v -0.07692423855 -0.307448133 0.0997231202
v -0.087429415 -0.29816667 0.09649745
v 0.2796564425 -0.1893981095 0.0368277816
v 0.2804434778 -0.2011898665 0.04025507815
v 0.2914445701 -0.1902377553 0.03352701995
v -0.1293712611 -0.3487021752 0.1124951521
v 0.3077742434 -0.1770841925 0.02317611015
v 0.3421794815 -0.1628231317 0.00380229555
v -0.279522038 -0.8762437666 0.1073298632
v -0.2688345122 -0.8826101842 0.1052911915
v 0.349231645 -0.15407545 0
v 0.3425122565 -0.1450696317 0.00380229555
v 0.3405352783 -0.1340085964 0.0037549195
v 0.350965415 -0.12251212 0
v 0.3419362733 -0.1201987664 0.0037549195
v 0.31489407 -0.129731415 0.01185185
v 0.3159594333 -0.1347708514 0.0119637045
v 0.3304407733 -0.1266558064 0.0073979845
v 0.34087091 -0.11515933 0.003643065
v 0.3404311047 -0.6365305679 0.1529733589
v 0.3483632074 -0.6275117785 0.1507267333
v 0.3368212776 -0.6250751778 0.1645115436
v -0.09033710305 -1.007025691 0.04181841085
v -0.3197261768 -0.6411490673 0.1531923639
v -0.3150385567 -0.6488901026 0.1531544279
v -0.3150439097 -0.6334047931 0.1535256844
v 0.3059499156 -0.146637062 0.01698850045
v 0.3191939742 -0.2075843935 0.02542310355
v 0.3207131578 -0.2180597872 0.0255801706
v 0.3309996921 -0.2068642546 0.01652227415
v -0.1280537975 -0.4641191726 0.1358484034
v -0.1269177271 -0.4794413982 0.1378310209
v -0.1204866964 -0.4712613378 0.1372189648
v -0.185284675 -0.306102745 0.09870182
v -0.1903094499 -0.3189271156 0.1023317626
v 0.2094699192 -0.2191733714 0.06215388725
v 0.4133838531 -0.5103935223 0.02223117305
v 0.4110619657 -0.5280712438 0.04282856315
v 0.4196725326 -0.5246299515 0.0205973901
v 0.448327545 -0.6283465579 0.0342634577
v -0.0291508958 -0.5688172993 0.1749125792
v -0.0373826039 -0.581976884 0.1721248784
v -0.3150474247 -0.5714651693 0.1510091958
v -0.3150474199 -0.58695048 0.1520768613
v 0.2465399501 -0.7040626216 0.1826644738
v 0.2327684765 -0.7139238405 0.1849271109
v 0.2502080851 -0.7129416854 0.1734954135
v -0.0266821906 -0.7268396497 0.1798327701
v -0.0369177854 -0.7168441964 0.1742706974
v -0.0368539658 -0.7311505731 0.1723289466
v 0.00135487015 -0.5022604644 0.1748411762
v -0.0014531391 -0.5198046794 0.1784880256
v 0.00845441255 -0.5079086177 0.1791608667
v -0.1096258994 -0.478159291 0.1391433367
v -0.1107619698 -0.4628370655 0.1371607192
v 0.1461932703 -0.3782146287 0.1590119009
v 0.1551447509 -0.3654007069 0.152621975
v 0.1387052174 -0.3730928601 0.1554079552
v 0.1278006358 -0.4034784369 0.1712233023
v 0.1351799395 -0.4087783529 0.1751898679
v 0.1371330404 -0.391206698 0.1657644467
v -0.02419259485 -0.3231780917 0.1078817583
v -0.0134087551 -0.3260372934 0.1099625932
v -0.01760131475 -0.3141769106 0.1046128023
v 0.105531725 -0.3876701576 0.1585649283
v 0.09817156175 -0.3824774077 0.1544138828
v 0.0892490655 -0.3952291026 0.1597370689
v 0.1012742362 -0.2569352007 0.0817952519
v 0.104853697 -0.2653127221 0.08723447565
v 0.1113839768 -0.2575690734 0.08289249945
v 0.0983506534 -0.3483479362 0.1355928929
v 0.13002731 -0.22786542 0.065276355
v 0.1280489599 -0.2412203637 0.0736713124
v 0.1941965137 -0.2793486602 0.0990269464
v 0.1930612106 -0.2684794418 0.09222351215
v 0.1850393051 -0.2296127176 0.0688758872
v 0.1814606892 -0.2405706274 0.07558627855
v 0.1736836107 -0.2628656186 0.08933299265
v 0.1864880715 -0.2590096941 0.08708337615
v 0.1779692157 -0.2521644098 0.0827055729
v 0.2044219537 -0.2776083107 0.09668121725
v 0.1946985126 -0.2897089901 0.1049719353
v 0.3585795677 -0.3420936115 0.01636069275
v 0.3684449 -0.335916795 0
v 0.3551007478 -0.3256746665 0.01636069275
v 0.2574957915 -0.21114203 0.05127520625
v 0.2561362763 -0.1985703626 0.04532305335
v 0.2449767177 -0.209362172 0.0530424198
v 0.2693083697 -0.186915168 0.0379462586
v 0.2567892958 -0.1851353099 0.03971347215
v 0.2323130662 -0.2043722908 0.05218143385
v 0.2617656597 -0.2367641528 0.06119463025
v 0.2714465126 -0.2246802838 0.05301990175
v 0.254885399 -0.2305372974 0.0609520335
v 0.3385613202 -0.2992098333 0.02944365625
v 0.3226614218 -0.2903379269 0.04302976905
v 0.322206142 -0.3008191754 0.0471673958
v -0.3308242011 -0.7780889913 0.1381014108
v -0.3197301752 -0.765031535 0.1412296533
v -0.3308242967 -0.7626036808 0.1412157518
v -0.3683736352 -0.7880137453 0.1334389609
v -0.3571688388 -0.7872595479 0.1343345062
v -0.5332780674 -0.8721714847 0.08275647705
v -0.5364466557 -0.8595589862 0.084541371
v -0.5431476496 -0.8741394722 0.07916928575
v -0.5503965104 -0.8411438742 0.0826533321
v -0.5460822205 -0.826741421 0.08664394035
v -0.5551396288 -0.8318756569 0.08223400935
v -0.6011664168 -0.2748872421 0.06254597195
v -0.6046875 -0.28441574 0.065316355
v -0.5953616468 -0.2884429922 0.06681732695
v -0.05507587485 -0.9292594002 0.09396939535
v -0.0515484971 -0.8976747069 0.110308169
v -0.0510989093 -0.9513920603 0.0847605085
v -0.0655742614 -0.9248818571 0.0910618933
v -0.08071692095 -0.9131243267 0.0878432317
v -0.0158768784 -0.9400273464 0.1021698987
v -0.04079580325 -0.8813633256 0.1230749762
v -0.05611902745 -0.8816500599 0.116029749
v -0.0483359896 -0.887995744 0.1161175706
v 0.008760852 -0.9157868394 0.1203624521
v 0.02357015 -0.91970349 0.120118115
v 0.017498242 -0.9056397995 0.1254643671
v -0.0205926484 -0.9281288796 0.1066416718
v 0.0232320908 -0.872892296 0.1426870994
v 0.02940665185 -0.8658228597 0.1471760635
v 0.01665846975 -0.8624610704 0.1480839746
v 0.012252401 -0.8955187774 0.1300851254
v 0.01614988335 -0.8794224563 0.1390282786
v 0.00658642635 -0.8856268278 0.1346518574
v -0.0362252729 -0.8973879726 0.1173533961
v -0.028562015 -0.9084435119 0.1141578723
v -0.0253495075 -0.898764549 0.1199672739
v -0.02498965 -0.9179955134 0.1104880933
v -0.00448888275 -0.8896901737 0.1304111817
v -0.01467647955 -0.8937386434 0.1259427047
v -0.0771875279 -0.882153458 0.1032645692
v -0.07632462925 -0.8662437545 0.1097187846
v -0.08601006955 -0.8786826473 0.09876935745
v -0.09411409235 -0.9041964822 0.08622555895
v -0.0976279698 -0.8892068925 0.0894019415
v -0.5328565 -0.89782946 0.07574869
v -0.5293078357 -0.8877191904 0.0794917909
v -0.5604748691 -0.8847369472 0.07041412675
v -0.5156538752 -0.8796439766 0.0847370199
v -0.5263251009 -0.8786767569 0.0826296208
v -0.5503839746 -0.8811335574 0.0749746548
v -0.5032063203 -0.8716405266 0.0898583199
v -0.506189055 -0.88068296 0.08672049
v -0.5323022157 -0.8308393668 0.09111678895
v -0.5370453341 -0.8215711495 0.0906974662
v 0.41567774 -0.49141119 0
v 0.400162269 -0.4886632452 0.0319512957
v 0.406478949 -0.5042042852 0.0319512957
v 0.4193513247 -0.5839356538 0.0652815931
v 0.4299998658 -0.5798462343 0.0431355027
v 0.39466047 -0.6208974414 0.1026049836
v 0.410096351 -0.6125402082 0.0812185829
v 0.3935937818 -0.6097656296 0.104479207
v 0.3871690365 -0.6425873241 0.1046411733
v 0.3840329756 -0.6542458667 0.1042544766
v -0.62835259 -0.23042955 0.04794309
v -0.615156874 -0.2319370275 0.0479272097
v -0.5754729755 -0.3309697038 0.07927176365
v -0.4883832422 -0.2849513943 0.0814189526
v -0.4961983782 -0.2944506058 0.08393844065
v 0.4119357879 -0.6425946408 0.07823537345
v 0.2590950697 -0.691918753 0.1845537866
v 0.2710503214 -0.689570555 0.1758153033
v 0.2902336789 -0.6773748469 0.169115143
v 0.2972810069 -0.6688979337 0.1699902269
v 0.2851684123 -0.6675837304 0.1812729142
v 0.2830055731 -0.687222357 0.1678898087
v 0.3069600665 -0.6644038821 0.1650121436
v 0.3018947999 -0.6546127656 0.1771699148
v 0.3202315172 -0.6421063406 0.1694750004
v 0.3215809828 -0.6538252189 0.1595769245
v 0.3302386405 -0.6458128455 0.1568600934
v 0.267296055 -0.725211415 0.15494388
v 0.2593125793 -0.7160078183 0.1662564582
v 0.3117415431 -0.6356409686 0.1823422727
v 0.3030838853 -0.643653342 0.1850591039
v 0.2880656836 -0.6181186561 0.215905357
v 0.2847934718 -0.6284064769 0.2122607122
v 0.2978661231 -0.6269001493 0.201571021
v 0.2334769952 -0.6712096232 0.2212759094
v 0.2069537086 -0.736531067 0.1826654739
v 0.214145655 -0.745543815 0.172223375
v 0.2934048257 -0.6481473936 0.1900371872
v 0.2766246934 -0.6407825486 0.211392605
v 0.3117163636 -0.614455493 0.1956826692
v 0.315013755 -0.6253531479 0.1859869175
v 0.3255917836 -0.6231963123 0.176453921
v 0.1646440799 -0.381580255 0.1628581203
v 0.153572574 -0.3835145447 0.1629784664
v 0.15558385 -0.3945723242 0.169610666
v 0.3650654677 -0.6285450157 0.1325270781
v 0.3614556405 -0.6170896256 0.1440652628
v 0.4171825732 -0.5514764361 0.0481970975
v 0.4058955214 -0.5528633601 0.07045310275
v 0.4057274493 -0.5620321232 0.07745542005
v 0.2470471388 -0.6521895687 0.2276210855
v 0.2617682144 -0.6197799149 0.2376500769
v 0.2535994361 -0.6321559865 0.2367819696
v 0.2668242539 -0.6320010554 0.225726941
v 0.2109662329 -0.6539953475 0.243657899
v 0.220680324 -0.663194158 0.2332001036
v 0.2257247108 -0.6508031999 0.2408411326
v 0.403813345 -0.46222101 0
v 0.3889334122 -0.4603169739 0.0302502898
v 0.3944811273 -0.4739661138 0.0302502898
v 0.3335238862 -0.614177523 0.1742072954
v 0.3711051928 -0.6507082222 0.1153818995
v 0.3630869946 -0.6394941461 0.1287890985
v 0.3375368068 -0.6052940599 0.1746302231
v 0.3263073128 -0.6034151944 0.1865726005
v 0.4099621634 -0.5902645417 0.0802885717
v 0.418418824 -0.5950795086 0.0680858277
v 0.3751978062 -0.6071134648 0.1326459189
v 0.3584955459 -0.6060802277 0.150845574
v 0.3815964755 -0.5681501748 0.1250186713
v 0.3807391402 -0.5794897546 0.1289005894
v 0.3935830623 -0.574758627 0.1035933433
v 0.1400634351 -0.4290951473 0.18743728
v 0.1367672333 -0.4196698773 0.1817004788
v 0.1291437368 -0.4304753619 0.1863855248
v 0.3472342615 -0.604304706 0.1651878077
v 0.3400176881 -0.5935423774 0.1775531127
v 0.314478836 -0.6040192401 0.1990365266
v 0.2801913538 -0.6100481487 0.2279062346
v 0.3571630104 -0.5711892805 0.1664046766
v 0.3595525902 -0.5602990567 0.1609058052
v 0.3479630472 -0.5586070347 0.1769845643
v 0.1419175015 -0.4514547325 0.1999192346
v 0.142424808 -0.4398454367 0.1939176821
v 0.1319326323 -0.4515099276 0.1981238784
v 0.2544874316 -0.5980291503 0.2550075365
v 0.2466910501 -0.6101713796 0.2555004485
v 0.256339778 -0.6077926167 0.2482121936
v -0.5300445316 -0.789709896 0.09865822625
v -0.5256911897 -0.7758378223 0.1025249502
v -0.4612623772 -0.8459534026 0.1062041419
v -0.4652819751 -0.828505176 0.1095329628
v -0.4720486179 -0.8392511434 0.1054860509
v -0.4033928057 -0.7722564215 0.1334057168
v -0.394582386 -0.7657490713 0.1360154694
v -0.4026385441 -0.75799713 0.1365773861
v -0.5005622481 -0.7873375186 0.1088592874
v -0.4881245116 -0.7992973812 0.1102887713
v -0.4917803728 -0.7826330367 0.1123447458
v -0.466251204 -0.8168912085 0.1122958191
v -0.4678884142 -0.8032861998 0.1147754981
v -0.477705426 -0.808197908 0.1112945507
v -0.3378224616 -0.6566419976 0.1528980836
v -0.3468721785 -0.6566477602 0.1529218289
v -0.338130566 -0.672131413 0.1524778712
v -0.3331470535 -0.6024361522 0.1532617144
v -0.3378319999 -0.5946934983 0.1528570402
v -0.5156650755 -0.7559195485 0.109358353
v -0.5186692433 -0.7663756401 0.1064134049
v -0.4897516319 -0.676648046 0.1306726028
v -0.4937358393 -0.6924871005 0.1274830363
v -0.4828175124 -0.6876632797 0.1316928969
v -0.2840514102 -0.8345210374 0.1218156909
v -0.2703775765 -0.8298393084 0.1226517204
v -0.2809781511 -0.8203984529 0.1258429222
v -0.2940507527 -0.810072818 0.1290034932
v -0.3065129406 -0.8032760684 0.1318696349
v -0.293901085 -0.87939766 0.106055575
v -0.2845425328 -0.8476749907 0.1177035516
v -0.26701144 -0.89491591 0.100201575
v -0.2760467209 -0.854630518 0.1150837827
v -0.2312059072 -0.8960710721 0.0982659521
v -0.2383668469 -0.9034198584 0.09578508145
v -0.2364512357 -0.8721637449 0.1070740612
v -0.2454352476 -0.8672068054 0.109682807
v -0.20855675 -0.9271867 0.08427637345
v -0.195199368 -0.9322753992 0.0813626215
v -0.2644409304 -0.8501214752 0.1165761448
v -0.243333965 -0.911921185 0.09299229
v -0.2280794019 -0.9126976135 0.09149087145
v -0.2291495263 -0.8864421515 0.1014219896
v -0.2263012313 -0.8706600392 0.1062478095
v -0.2117570891 -0.8722286194 0.1046683885
v -0.2190587985 -0.8579502129 0.1103204601
v -0.1918147386 -0.8257893298 0.1194073379
v -0.1797082907 -0.8346382889 0.1153997991
v -0.1775360894 -0.8227235703 0.1185138104
v -0.158366585 -0.99508994 0.053193795
v -0.149297729 -0.9977011952 0.05031631655
v -0.1587056841 -0.9856587251 0.05665288155
v -0.1674484448 -0.9305310058 0.0789860932
v -0.1620296015 -0.941209434 0.0737998681
v -0.1503479042 -0.927804628 0.0770291004
v -0.1267910811 -0.9654803203 0.0586397562
v -0.1252935907 -0.9762696516 0.0539566601
v -0.1159620045 -0.9666564351 0.0567690541
v -0.1541587531 -0.9478205286 0.0703127056
v -0.144561376 -0.9480768115 0.0681473643
v -0.1184900923 -0.9117920202 0.07797981875
v -0.1111688037 -0.9179824135 0.0773746142
v -0.219323305 -0.917200455 0.08894058845
v -0.222279965 -0.931185185 0.084033865
v -0.1401581792 -0.9663820517 0.06013960775
v -0.1063385224 -0.9955613192 0.0455541168
v -0.1058537978 -0.9841171761 0.0498498467
v -0.1149492388 -0.9888899094 0.0477902281
v -0.179007734 -0.93365759 0.07955622695
v -0.1310904711 -0.8526343672 0.09894240785
v -0.124635981 -0.8589029812 0.09642022255
v -0.1673260368 -0.920252784 0.08278545925
v -0.1357438253 -0.7743515045 0.1199859614
v -0.1348098881 -0.7896858696 0.1158271613
v -0.1454340028 -0.8651443977 0.09920235505
v -0.1432314399 -0.8756622065 0.0957431091
v -0.1318848719 -0.8745340674 0.09300215385
v -0.1324505495 -0.7555261595 0.1229821883
v -0.1337199723 -0.7402140948 0.1252331651
v -0.2847057065 -0.7574648319 0.1412488287
v -0.284373713 -0.7419866271 0.1442537071
v -0.2667882554 -0.6947168246 0.148894796
v -0.2578281948 -0.6908239133 0.1490278393
v -0.2855273229 -0.6695838902 0.1514915165
v -0.2854604387 -0.681995683 0.150496289
v -0.3063236451 -0.757288797 0.1421778445
v -0.2764871771 -0.7357829122 0.1445198584
v -0.2843664965 -0.7278712451 0.1462876028
v -0.1406776227 -0.6076444873 0.1399776228
v -0.1496085368 -0.6067138432 0.14105195
v -0.1426692779 -0.6227018216 0.139992773
v -0.1317189189 -0.5550486597 0.1426032899
v -0.1362890862 -0.5473200566 0.1423685098
v -0.1565785669 -0.5981315206 0.1422627441
v -0.1585702221 -0.6131888549 0.1422778942
v -0.2843787195 -0.4925055246 0.1424893241
v -0.288199337 -0.5017826624 0.1439027292
v -0.2803165912 -0.5079894911 0.1448776357
v -0.2686089096 -0.6349274501 0.1524994139
v -0.2568473554 -0.6280856292 0.1518767836
v -0.2647328628 -0.6218844086 0.1520040733
v -0.2882026596 -0.5946926547 0.1517871599
v -0.2803192943 -0.6009002737 0.1519624899
v -0.2843796753 -0.5854154366 0.1514001226
v -0.2973314901 -0.6691522382 0.1514753786
v -0.3098412516 -0.6735699638 0.151976886
v -0.2843149596 -0.6507689059 0.1527177907
v -0.2764337414 -0.6445622349 0.1524170768
v -0.2843756351 -0.6349329005 0.1529274176
v -0.3342508467 -0.6813103535 0.1521268532
v -0.3295609736 -0.6890500239 0.151789089
v -0.3970190329 -0.7388193514 0.1411834386
v -0.3938743154 -0.7260745737 0.1441360493
v -0.4089138016 -0.7298621033 0.1412377071
v -0.1150750143 -0.6440010202 0.139816328
v -0.1174687141 -0.6534219351 0.1381637197
v -0.0832262019 -0.6704140271 0.1491288887
v -0.0867406315 -0.6556522806 0.1485760138
v -0.08143539335 -0.6287721002 0.1524065817
v -0.0861184325 -0.575368346 0.1507688634
v -0.08498541705 -0.5650523088 0.1508672054
v -0.09923655655 -0.5747248363 0.1464883088
v -0.09361401345 -0.6475625191 0.146215537
v -0.08754389925 -0.6374952909 0.149112214
v -0.1064597849 -0.6575449009 0.1401093516
v -0.09958640295 -0.6656346624 0.1424698285
v -0.09719270315 -0.6562137476 0.1441224368
v -0.0415765359 -0.5978936011 0.1715553089
v -0.08447496305 -0.5860743173 0.1523750167
v -0.08411724015 -0.5964462208 0.1518941267
v -0.1257783153 -0.9877137947 0.0496609302
v -0.1428797476 -0.9816817585 0.05480138265
v -0.1003185658 -0.9754645905 0.0552127767
v -0.0982530549 -1.000480178 0.04314019155
v -0.1073484959 -1.005252912 0.04108057295
v -0.5093475204 -0.6280620917 0.1243461897
v -0.5224621001 -0.6180351271 0.1176067017
v -0.3550686811 -0.6642324932 0.1527030992
v -0.3547605768 -0.6487430779 0.1531233116
v -0.3393528282 -0.4364369618 0.1313127958
v -0.3321758302 -0.444192471 0.1333056925
v -0.3720285453 -0.4584792207 0.1358343354
v -0.3630618347 -0.4545886581 0.1349957623
v -0.372097963 -0.4460410101 0.1331320313
v -0.5340204567 -0.5924120675 0.1131921131
v -0.5222412231 -0.5891842896 0.1198150078
v -0.495640213 -0.5073485273 0.1282562669
v -0.5024699205 -0.5000266136 0.1252483325
v -0.3051811605 -0.5700166993 0.1510102533
v -0.3098661069 -0.5622740454 0.1505391961
v -0.2855073635 -0.5383683964 0.1487166457
v -0.280215864 -0.5262051905 0.1472349731
v -0.2668514908 -0.5256716706 0.1466631828
v -0.2707728356 -0.516733109 0.1457192503
v -0.1741299632 -0.6115674552 0.1445903988
v -0.1773882917 -0.5987664384 0.1449049916
v -0.1430999569 -0.3892295456 0.1236297608
v -0.137282011 -0.3966657625 0.1256926254
v -0.2672233013 -0.4335799057 0.1318147875
v -0.2672851254 -0.4211459428 0.1287658761
v -0.2762625998 -0.4250418532 0.1298699782
v -0.2429002279 -0.4864359464 0.1411601865
v -0.2319845118 -0.4886600024 0.1410580928
v -0.2316619173 -0.4756045546 0.1394383581
v -0.2855073376 -0.4218312479 0.1291090472
v -0.2854455135 -0.4342652108 0.1321579587
v -0.3078320237 -0.5017817484 0.1437827648
v -0.298782305 -0.5017826489 0.1439162
v -0.301311184 -0.4862977954 0.1413809825
v -0.2764947395 -0.4863092805 0.1417620169
v -0.2843774852 -0.4801024519 0.1407871104
v -0.1106318981 -0.4317590659 0.1328527729
v -0.1091963511 -0.4470567914 0.1348656055
v -0.07998297305 -0.3848623791 0.1252668678
v -0.075825637 -0.3994633484 0.129462119
v -0.07165361635 -0.3903831043 0.1272155899
v 0.07625766285 -0.4337777861 0.175827194
v 0.08487411445 -0.4208645672 0.1716459516
v -0.025252725 -0.285465085 0.091632855
v -0.01884305225 -0.2960274594 0.09612322375
v -0.2972857202 -0.4214132491 0.128809158
v -0.3097874736 -0.4258059744 0.1295323739
v -0.2679196538 -0.3370301482 0.1062972685
v -0.257234136 -0.3409318686 0.1075608964
v -0.2558739636 -0.3246342223 0.1027979172
v -0.3762612129 -0.419119901 0.1266821569
v -0.3821352352 -0.4091934875 0.1240840276
v -0.3538251597 -0.4577858773 0.1357329959
v -0.3538945774 -0.4453476668 0.1330306917
v -0.3444361563 -0.3476043303 0.1068932157
v -0.3744056277 -0.4024069932 0.1223033557
v -0.3586389259 -0.4023828242 0.1224884008
v -0.3430259065 -0.3045682353 0.0940479167
v -0.3477496936 -0.3195207357 0.0984062433
v -0.3572940457 -0.3298574653 0.1011896477
v -0.3615344853 -0.3167061037 0.0971015484
v -0.3462472078 -0.3779814378 0.1157369957
v -0.3380816524 -0.3934124398 0.1203373374
v -0.3371975032 -0.3779675653 0.1158924305
v -0.4718359998 -0.2449304219 0.0685775738
v -0.4808474156 -0.2461285958 0.0685655632
v -0.4708126255 -0.2609673778 0.074602927
v -0.4585339604 -0.3268709013 0.09724864135
v -0.4436163111 -0.3253569846 0.0978364362
v -0.4587824694 -0.3160725889 0.09383870375
v -0.2381796741 -0.3068288585 0.097933705
v -0.246082167 -0.3192443598 0.1013371826
v -0.2372859529 -0.3161204414 0.1006580676
v -0.203564055 -0.3561294712 0.1122666564
v -0.19612359 -0.3638377777 0.1143942642
v -0.1855563577 -0.3707064812 0.1162257943
v -0.1988917748 -0.3761334127 0.117432983
v -0.146782093 -0.4096551394 0.127420759
v -0.1366460177 -0.4077189091 0.1277393699
v -0.0207894821 -0.3455068934 0.1175516708
v -0.0105234805 -0.343311391 0.1178941073
v -0.0365104099 -0.3206251191 0.1058503427
v -0.03231785025 -0.3324855019 0.1112001336
v -0.09478544135 -0.8806700845 0.09272960085
v -0.0939225427 -0.864760381 0.0991838162
v -0.0717476966 -0.8272665592 0.1266513409
v -0.0648183613 -0.8188689425 0.1339743
v -0.0772939466 -0.8156323473 0.1259389361
v 0.0788624163 -0.8272357704 0.1672657533
v 0.0791062228 -0.837164092 0.1620467643
v -0.05780690445 -0.7238360924 0.1589443513
v -0.0516271809 -0.7110824303 0.1644541136
v -0.056920891 -0.8431754685 0.1318062343
v -0.04593575465 -0.8476915666 0.1365995231
v -0.04828697495 -0.8350192526 0.1394799937
v 0.05849032245 -0.8219668068 0.1716728887
v 0.0717696804 -0.820284216 0.1720792043
v 0.06351035725 -0.8097506488 0.1784616743
v -0.07798759125 -0.7159676565 0.1463957981
v -0.08198129965 -0.7309614598 0.141695655
v -0.0459822133 -0.6966712134 0.169575599
v -0.041444593 -0.7067439029 0.1718883594
v 0.1269964604 -0.7640229053 0.194531461
v 0.1201252759 -0.7724532635 0.1915033903
v 0.1372824019 -0.7698538481 0.1887274837
v 0.169086479 -0.7437344282 0.1940697088
v 0.1649039486 -0.7528769489 0.1910566076
v 0.1406692053 -0.731301908 0.2098923224
v 0.1381324245 -0.720944985 0.2161655535
v 0.1295836649 -0.7334595238 0.2111371696
v 0.1456937547 -0.6820978384 0.2351047395
v 0.1607842033 -0.6794296112 0.2351147943
v 0.1575182626 -0.6698062383 0.2405538921
v -0.1102531674 -0.5818756105 0.1436196794
v -0.08549870855 -0.5554156424 0.1502373497
v -0.0857096254 -0.5451547468 0.1499635804
v -0.1215178933 -0.5940121815 0.1398762025
v -0.0701825445 -0.5978199876 0.1577950214
v -0.0576603864 -0.5673604052 0.1613372673
v -0.0489848368 -0.5547751785 0.1636784867
v -0.0631917434 -0.5531105918 0.1574889793
v -0.0723019164 -0.5222609925 0.1525034552
v -0.057923363 -0.5274485059 0.1573891149
v -0.0723805845 -0.5560591521 0.1545179042
v -0.0908993377 -0.5370186731 0.1480489958
v -0.09119843785 -0.5246557429 0.1479374612
v -0.09882447495 -0.5315240776 0.1459275778
v -0.03451563825 -0.5553663965 0.1701569997
v -0.04004699525 -0.5411165831 0.1663087117
v -0.05601691695 -0.5780663765 0.1629434207
v -0.06021084895 -0.5939830935 0.1623738512
v -0.0476474118 -0.5849417089 0.1669572052
v 0.0368915176 -0.5304525349 0.198147391
v 0.0440104615 -0.5360761717 0.2031844984
v 0.2096166197 -0.6791517162 0.2246673941
v 0.197689093 -0.6708078373 0.2353248454
v 0.2013838666 -0.6835732479 0.2239753694
v -0.0030721036 -0.6897938212 0.1984954398
v -0.00448848995 -0.700410843 0.1968302
v 0.00579535725 -0.6958017692 0.2033915462
v 0.1503028918 -0.7524529738 0.1953118949
v 0.1587546431 -0.7618474649 0.1875002672
v 0.01696215335 -0.5047584614 0.1820905502
v 0.02658496745 -0.4925769716 0.1824965515
v -0.0170652391 -0.5279321637 0.17347778
v -0.0203996027 -0.5163537612 0.1697099782
v -0.0289121603 -0.5301293987 0.169019423
v -0.05745316355 -0.4163551435 0.1357396727
v -0.0746131702 -0.4134594152 0.1323781233
v -0.06457005345 -0.4248304851 0.136706955
v -0.0901984115 -0.4148095507 0.1316651555
v -0.0892499977 -0.4300546137 0.1339201346
v 0.227016089 -0.3406438138 0.1271445324
v 0.2159334549 -0.3394851183 0.130550836
v 0.2233744056 -0.3509347544 0.1347060663
v 0.2287678677 -0.283610586 0.0947189371
v 0.2373726596 -0.288392103 0.09435215335
v 0.2450454773 -0.2710398432 0.08285608415
v 0.130446707 -0.3768479176 0.1567208102
v 0.1213907425 -0.3894569313 0.1623842555
v 0.1756787432 -0.3794457941 0.1616834061
v 0.1945118065 -0.378194442 0.1595624693
v 0.1814658671 -0.3692711232 0.1541049838
v 0.2336414376 -0.6080202345 0.263282645
v 0.235493784 -0.6177837009 0.256487302
v 0.2747629174 -0.5980608506 0.2384683512
v 0.2822142515 -0.5898407022 0.234315165
v 0.2715874936 -0.587430239 0.2435660954
v 0.1334708679 -0.3411721307 0.1358507532
v 0.1247068192 -0.3539852166 0.1426424258
v 0.03842275115 -0.3872444209 0.1443991903
v 0.03068272925 -0.3976012721 0.1473083496
v 0.043586174 -0.3967806499 0.1498093712
v 0.1752622148 -0.3039436992 0.1150493721
v 0.161655935 -0.2998709906 0.1123808881
v 0.09924329885 -0.3168087854 0.1177977187
v 0.0900231825 -0.3234105324 0.120571395
v 0.1521409302 -0.3049783256 0.1151092845
v 0.1521312375 -0.2524995658 0.0821174671
v 0.1686562285 -0.2444265517 0.07783589505
v 0.1234511179 -0.2490851747 0.07836651025
v 0.1381549052 -0.2604616241 0.08654414645
v 0.1270305788 -0.257462696 0.083805734
v 0.126087764 -0.2689455227 0.09107013565
v 0.1973468156 -0.2577782331 0.0855960924
v 0.161212634 -0.2696621283 0.09346794295
v 0.1807703535 -0.2216449089 0.0639130146
v 0.1936619568 -0.2184248571 0.0620723011
v 0.1511884227 -0.2639823925 0.08938186875
v 0.1477455081 -0.2884112575 0.1047090929
v 0.1717773859 -0.2207303297 0.06305646535
v 0.2613821673 -0.3075600364 0.09451739235
v 0.2736156881 -0.3111463767 0.0902892082
v 0.2706798245 -0.2985027118 0.08509056585
v 0.341670728 -0.3207712824 0.03315133425
v 0.2929580031 -0.2623629031 0.057698923
v 0.2994525212 -0.2732127523 0.05704759235
v 0.3038975604 -0.2583608416 0.04903863935
v 0.2666108011 -0.2094018246 0.0481665724
v 0.2783989286 -0.2102414704 0.04486581075
v 0.1882246356 -0.3072551333 0.1165093737
v 0.230814844 -0.3206210469 0.1140270846
v 0.2315747999 -0.306505381 0.1056399367
v 0.2203350941 -0.3150785117 0.1146021542
v 0.3397592242 -0.1989166654 0.00818260355
v 0.3157656372 -0.2340813563 0.0330910239
v 0.349468405 -0.18663671 0
v 0.3031552411 -0.2331454592 0.042085485
v 0.2936171067 -0.2248435327 0.04387174925
v 0.2878649078 -0.2392090658 0.05147623425
v 0.2843994211 -0.2678925338 0.0641363996
v 0.2669680737 -0.267195807 0.0725271118
v 0.2710816166 -0.2765180871 0.0740985882
v 0.2554512423 -0.2201936339 0.05588593885
v 0.3005695226 -0.2104047192 0.03571765825
v 0.2701204469 -0.2578701492 0.06663960505
v 0.2568026424 -0.2664957025 0.07660179365
v 0.2852791893 -0.2164683257 0.0451084075
v -0.3480515427 -0.8135786676 0.12795053
v -0.3445301074 -0.7454638495 0.1437750255
v -0.3373149174 -0.7532101945 0.1426438255
v -0.3522785701 -0.777009705 0.1370842611
v -0.3484089433 -0.7662676507 0.139515583
v -0.3789877326 -0.7791833179 0.1344624065
v -0.3847225503 -0.7888387902 0.1318203544
v -0.3551161735 -0.7454584373 0.1431539701
v -0.3686561648 -0.7345372661 0.1447230321
v -0.3684395554 -0.7459529931 0.1425127188
v -0.4563970514 -0.7196323985 0.1347828315
v -0.4674104043 -0.7276443973 0.1303205075
v -0.4600696538 -0.7349779438 0.1307279409
v -0.3987633956 -0.8373256909 0.1169491683
v -0.4091578186 -0.8310538323 0.1173755394
v -0.408636383 -0.8409120614 0.1144302511
v -0.3870348007 -0.7725201311 0.135503741
v -0.4065347546 -0.820767075 0.1208140116
v -0.3976795354 -0.8149119119 0.1236785535
v -0.4049294587 -0.808211525 0.1245981085
v -0.38190245 -0.849345405 0.114295555
v -0.3725952887 -0.8385623746 0.1184326982
v -0.3889347987 -0.8364008896 0.1181410233
v -0.3641647397 -0.8423648069 0.117808504
v -0.5818560647 -0.2770436441 0.06436804805
v -0.5815113743 -0.292377661 0.06866928975
v -0.5715268755 -0.2905068108 0.0689903939
v -0.5174939218 -0.2798227918 0.0768697981
v -0.5357876599 -0.2845039223 0.0746932121
v -0.5252324212 -0.2931353026 0.0786984793
v -0.02634678615 -0.8715873026 0.1335192466
v -0.05804046435 -0.8723661034 0.1186005755
v -0.06103587915 -0.8627811738 0.12156988
v -0.0149061916 -0.8413288375 0.1523339923
v -0.02371670745 -0.8333637152 0.1525327858
v -0.02849132275 -0.8475004731 0.144074489
v -0.0655806507 -0.8789985218 0.11164317
v -0.4993639022 -0.8634850268 0.0928959362
v -0.519624107 -0.8640962709 0.08800170605
v -0.5438276699 -0.848768306 0.0840087214
v -0.5339580878 -0.8468003185 0.0875959127
v 0.4174487484 -0.6318538886 0.0724612041
v 0.4056500787 -0.6344127722 0.08511852885
v 0.3891475095 -0.6316381936 0.108379153
v 0.3761794278 -0.6290719932 0.122127628
v -0.586099135 -0.342030115 0.079442235
v -0.5712032505 -0.3456853288 0.08256317865
v -0.5659459672 -0.2980522412 0.07203826645
v -0.5573541722 -0.3018286304 0.07490676445
v -0.5521179543 -0.294040044 0.0736533953
v 0.2212462094 -0.7134867154 0.1917603895
v 0.2133517351 -0.7069228904 0.201371263
v 0.2212058674 -0.6984809518 0.2037070447
v 0.203151365 -0.7035168418 0.207986039
v 0.2031917069 -0.7185226055 0.1960393838
v 0.2187185174 -0.6744017709 0.2240926758
v 0.2030795362 -0.6927630724 0.216444833
v 0.192919508 -0.7043627874 0.2111129539
v 0.236421957 -0.6492352598 0.2380110606
v 0.2267078659 -0.6400364493 0.248468856
v 0.1275258391 -0.6760482891 0.2409895771
v 0.1327950313 -0.6648875527 0.2445762667
v 0.1178930563 -0.6684613763 0.2450220064
v 0.2224132909 -0.6871671814 0.2127431998
v 0.4018101956 -0.5826094469 0.0924797992
v 0.4026675308 -0.5712698671 0.0885978812
v 0.3609764272 -0.5943285452 0.1537684637
v 0.3891473174 -0.4509068683 0.02100562195
v 0.3798150997 -0.4626519721 0.05125591175
v 0.1776900193 -0.3905035736 0.1683156057
v 0.2680223177 -0.5767112203 0.244621589
v 0.2605709837 -0.5849313686 0.2487747753
v 0.0733170848 -0.6024822736 0.2337823591
v 0.0723427488 -0.5890432541 0.2307614079
v 0.0625319633 -0.5982793282 0.2287018605
v 0.3027208543 -0.5687922106 0.2174869812
v 0.3104325008 -0.5772829202 0.2119864291
v 0.3144878535 -0.5683172669 0.2075584906
v 0.2695645959 -0.6076376855 0.2371571649
v 0.2775655803 -0.4587059467 0.1784133903
v 0.2691875891 -0.4517383355 0.1787376323
v 0.2686467218 -0.4689089617 0.1906584792
v 0.2509222558 -0.5873101316 0.2560630302
v 0.2436001778 -0.5805912301 0.2581949043
v 0.2375166257 -0.5936890117 0.2644276655
v 0.2920275884 -0.5891145889 0.2255661703
v 0.3026643907 -0.5867488433 0.2169191501
v 0.276394717 -0.5484889514 0.2301011178
v 0.2629239384 -0.55680996 0.2404300782
v 0.2704765865 -0.5658913413 0.2395013086
v 0.3388505668 -0.4767791469 0.1364447001
v 0.3427684754 -0.4664984326 0.1216707403
v 0.1235482309 -0.4569323327 0.1990875655
v 0.1163581226 -0.4639057524 0.2006512049
v 0.1242352175 -0.4700926431 0.2056890704
v 0.2814930963 -0.5683902117 0.2342926287
v 0.2486362739 -0.5666256021 0.2518510704
v 0.2352306439 -0.5730044822 0.2602157058
v 0.2253619084 -0.5615549136 0.2591008059
v 0.2203258123 -0.5755205416 0.2654446396
v 0.2060132624 -0.6184537882 0.2652648727
v 0.2121901121 -0.6051702996 0.2669708502
v 0.195759203 -0.607991532 0.2679662244
v -0.5279736339 -0.8393548066 0.0907318375
v -0.5205926196 -0.8501454868 0.0912644871
v -0.4810624399 -0.8390857136 0.1033659472
v -0.4908154621 -0.8487114747 0.09876653725
v -0.56645137 -0.782890405 0.08294069
v -0.5167984537 -0.7377040185 0.1122400159
v -0.3331424489 -0.6488963609 0.1530815743
v -0.333147802 -0.6334110514 0.1534528308
v -0.3622251781 -0.7040453277 0.1498436547
v -0.3539328389 -0.7129369593 0.1494032149
v -0.3530266101 -0.7008124901 0.1509158583
v -0.501735494 -0.7013462559 0.1236517397
v -0.5101450245 -0.7067973053 0.1199288137
v -0.5208204111 -0.7093517187 0.1155349798
v -0.5142961676 -0.7169588464 0.1166636446
v -0.4662589684 -0.7015920263 0.1355113034
v -0.4777909274 -0.6971937674 0.1325752695
v -0.540954685 -0.60049557 0.109139695
v -0.5339432617 -0.6085122076 0.112539658
v -0.2610566811 -0.8392633402 0.1196656993
v -0.257983422 -0.8251407557 0.1236929307
v -0.1762874074 -0.7625611553 0.1301600207
v -0.187048189 -0.7678476283 0.1317673067
v -0.1715722678 -0.7762102353 0.1271593487
v -0.1705738241 -0.908702618 0.087171318
v -0.2210559028 -0.8945673663 0.0974397004
v -0.2143561869 -0.9086991284 0.0917333799
v -0.2122998059 -0.8990702078 0.0948894174
v -0.1190326403 -0.8844366552 0.0880158244
v -0.1278246486 -0.9139802379 0.078870352
v -0.1212352031 -0.8739188465 0.09147507035
v -0.1811649809 -0.8648362292 0.1052622123
v -0.1716383241 -0.8711020185 0.1018663332
v -0.1663072276 -0.8600067475 0.1053391894
v -0.1397979835 -0.9221396594 0.07748516335
v -0.1329557259 -0.9303236348 0.07322806395
v -0.1357210195 -0.9391304684 0.07015470965
v -0.1752184119 -0.8939010838 0.0940698748
v -0.1757760003 -0.8817273158 0.09890089755
v -0.185938489 -0.8881052682 0.09695833325
v -0.1604113354 -0.9023246655 0.0891138823
v -0.1372159751 -0.8335818522 0.1054716073
v -0.1346578535 -0.8249556144 0.1073165449
v -0.1367981584 -0.8435295393 0.1029507258
v -0.1397951219 -0.8549114308 0.1004697178
v -0.1775413083 -0.8025168139 0.1226130368
v -0.1732546603 -0.8112522479 0.1194685123
v -0.1611534314 -0.7998944506 0.1195601997
v -0.1413883815 -0.8172724821 0.1103922535
v -0.138206093 -0.7185549554 0.1290518274
v -0.138717395 -0.7032008103 0.131364277
v -0.1480886772 -0.6666548729 0.1376184639
v -0.1410892347 -0.6747791734 0.1360682918
v -0.3078141951 -0.7185811099 0.1483342601
v -0.2893948842 -0.6909375834 0.1497102848
v -0.2801737429 -0.6941637264 0.1494309909
v -0.2961191268 -0.6503372539 0.1527016529
v -0.3013065715 -0.6411426999 0.15335794
v -0.305168845 -0.6503403823 0.1528314614
v -0.2686069885 -0.741994688 0.1434186716
v -0.268599772 -0.7278793058 0.1454525673
v -0.183735084 -0.6594397283 0.1431552551
v -0.1979384932 -0.6584216644 0.1452010662
v -0.1867589164 -0.6698207707 0.1429181077
v -0.1626024401 -0.7291175022 0.132744784
v -0.1791410921 -0.6505138979 0.1432596239
v -0.1679615154 -0.6619130042 0.1409766654
v -0.1712838514 -0.6883500737 0.1390282813
v -0.1621146144 -0.6924366743 0.1369322928
v -0.1633862704 -0.6749254353 0.1387763081
v -0.1352579528 -0.6004852622 0.1399699064
v -0.1338768221 -0.5851834282 0.1409430959
v -0.1670309933 -0.6189124085 0.143473835
v -0.1600609632 -0.6274947311 0.1422630409
v -0.3078342367 -0.5946929416 0.152251304
v -0.2987845179 -0.5946929388 0.1521235738
v -0.3013127595 -0.5792078204 0.1513525228
v -0.2772205863 -0.5472708893 0.1493818044
v -0.2864334305 -0.5504955336 0.1499195446
v -0.3078311423 -0.6256619441 0.1532550517
v -0.309851112 -0.6580846566 0.1524981409
v -0.3322243539 -0.7141398648 0.1500975464
v -0.3295676406 -0.7045353322 0.1507596274
v -0.371164504 -0.7001525978 0.1500508405
v -0.3720707328 -0.7122770669 0.1485381971
v -0.0982556739 -0.6752634003 0.1416641024
v -0.0546806046 -0.6352107 0.1654084191
v -0.07022382355 -0.5764017898 0.1567539133
v -0.3331468694 -0.5559798601 0.1500198534
v -0.319732371 -0.5482372048 0.1496361471
v -0.3331468694 -0.5404945495 0.1491178618
v -0.3547650797 -0.6026025302 0.1537534326
v -0.3468817187 -0.5946935011 0.1529726407
v -0.3550850528 -0.5871168637 0.152876114
v -0.3689511599 -0.5153911412 0.1464944861
v -0.3767130577 -0.5259530002 0.1473126868
v -0.3630942698 -0.5278283972 0.1477217544
v -0.3550850576 -0.5712988772 0.1514719662
v -0.3547648957 -0.5558135624 0.1501750892
v -0.3420764317 -0.4581986266 0.1357691161
v -0.3295943594 -0.4538462116 0.1353068833
v -0.3550962665 -0.4766600488 0.1396069183
v -0.3629802476 -0.4828671774 0.1409460929
v -0.355084097 -0.4925003576 0.1428549448
v -0.5234299397 -0.5441598639 0.119636968
v -0.526742981 -0.5525990361 0.1181244532
v -0.5316616519 -0.5250224126 0.1152334618
v -0.5258938802 -0.5323506392 0.1181649265
v -0.5227262346 -0.5234880763 0.1194555488
v -0.3072262893 -0.5371724675 0.1489942707
v -0.3098661068 -0.5467887348 0.1496372045
v -0.2682700206 -0.5511647568 0.1495761526
v -0.2673439536 -0.5390376197 0.1483732537
v -0.1312404901 -0.5100408089 0.1413490968
v -0.1317557782 -0.4946859425 0.1396822111
v -0.1452673636 -0.5472291319 0.1423381432
v -0.1536277833 -0.5400570198 0.1428330341
v -0.1531670382 -0.5549057816 0.142489881
v -0.1600466685 -0.4652878275 0.1352662263
v -0.1791000008 -0.4697902541 0.1366306216
v -0.174291914 -0.478340452 0.1379013612
v -0.1534707566 -0.5245515624 0.1425221852
v -0.1526871674 -0.5097555381 0.141262957
v -0.3078285974 -0.4708193842 0.1387277607
v -0.2894150774 -0.4432103618 0.1343516045
v -0.2801703396 -0.4464209671 0.1351125355
v -0.2960369909 -0.4025569944 0.1239440626
v -0.3012424972 -0.3933559685 0.1213466415
v -0.3050866954 -0.4025708669 0.1236238671
v -0.098335554 -0.4539547446 0.1367899774
v -0.0829425269 -0.40793869 0.1304294013
v -0.0908105953 -0.3806946796 0.1237069893
v -0.1041266558 -0.3734039813 0.1208112997
v 0.01013468235 -0.4429544971 0.1602581503
v 0.0082604894 -0.4526468877 0.1630632128
v 0.02504245685 -0.4519263532 0.1677187918
v -0.00980648255 -0.5030385584 0.1710551164
v 0.0001010691 -0.4911424966 0.1717279574
v 0.09586928505 -0.4093989979 0.1682751224
v 0.1040785448 -0.4056916119 0.16781638
v 0.1048184885 -0.3967144665 0.1634293721
v 0.0314924587 -0.3801297074 0.1394447322
v 0.04439590345 -0.3793090852 0.1419457538
v -0.3097597631 -0.4103206915 0.1255833409
v -0.2764260909 -0.3933179272 0.121685322
v -0.2685548766 -0.3853884844 0.1196482362
v -0.2966050732 -0.353210865 0.1103834918
v -0.2810555766 -0.3578062859 0.1120766431
v -0.2848293228 -0.3487323736 0.1093670964
v -0.3315398509 -0.4088638024 0.1246752192
v -0.3499196094 -0.4364180529 0.1310076124
v -0.3591562844 -0.4332208336 0.1302703787
v -0.3433475384 -0.4770727981 0.1396430386
v -0.3381503972 -0.4862941295 0.1414608563
v -0.3342978196 -0.4770736986 0.1395881247
v -0.3865182924 -0.2984795734 0.09054230055
v -0.3916359807 -0.2885857864 0.08719054225
v -0.3972333814 -0.2977516022 0.0899005814
v -0.3750566762 -0.3732927568 0.113922562
v -0.3829274391 -0.3815166765 0.1162543857
v -0.3698271512 -0.339667273 0.103780624
v -0.3560423596 -0.342481905 0.1050853189
v -0.3541431467 -0.369781687 0.1132201269
v -0.4930531076 -0.2348395152 0.06379202
v -0.495811015 -0.22300818 0.059183115
v -0.5069933327 -0.2277560552 0.060434925
v -0.541848285 -0.252398961 0.0642778814
v -0.5406494478 -0.2659811765 0.06852622545
v -0.5292479977 -0.2576091959 0.06861618685
v -0.2083737405 -0.3425592148 0.1086358923
v -0.2142686926 -0.3556944527 0.1119706888
v -0.2180473633 -0.3646711942 0.1142987408
v -0.2228570488 -0.3511009377 0.1106679766
v -0.2119711689 -0.4685639558 0.1372392887
v -0.2070457237 -0.4803357447 0.1393010105
v -0.1982706914 -0.4710710898 0.1372040347
v -0.2567676849 -0.3153426395 0.1000735547
v -0.2544805791 -0.3044019335 0.09678999
v -0.2642723757 -0.309791796 0.09825072465
v -0.2728650952 -0.3654055025 0.1143264566
v -0.2611879804 -0.3701352143 0.1155628862
v -0.2576027114 -0.3580575063 0.1122966773
v -0.138745382 -0.3629816925 0.1164993257
v -0.1525327657 -0.3896393446 0.1228609955
v -0.1379705202 -0.3532736802 0.1136667167
v -0.1749111564 -0.3523153496 0.1118331877
v -0.1734688749 -0.3386174422 0.1081624326
v -0.1681345169 -0.4019430516 0.1246139633
v -0.1557823533 -0.4046281399 0.1259435949
v -0.1597702499 -0.3959169046 0.124044383
v -0.15514636 -0.4156812864 0.1279903393
v -0.1634477676 -0.4230068012 0.1286215572
v -0.1544475073 -0.4280338008 0.1300987212
v -0.1729859938 -0.3818394063 0.1198062448
v -0.1864541766 -0.3954659527 0.1221919488
v -0.2012424878 -0.3913128821 0.1211005793
v -0.199372122 -0.4037767185 0.124028015
v -0.1601588031 -0.3350741621 0.1074108076
v -0.04881967955 -0.319562321 0.1050042628
v -0.0305221601 -0.3614734607 0.1228023152
v -0.03310729715 -0.3429539207 0.1155202552
v -0.04205052825 -0.3484520692 0.116450778
v -0.0080592125 -0.2988866612 0.09820405855
v -0.00842094425 -0.3842636606 0.1340113091
v 0.00097950545 -0.3997941714 0.1419023937
v 0.0022262534 -0.3886627113 0.137909078
v 0.00120985025 -0.2857492297 0.0924660921
v 0.01730535525 -0.2805432097 0.0902551821
v 0.006794555 -0.27553119 0.08750357
v -0.05186633435 -0.3419667041 0.1130848283
v -0.0551903345 -0.3306812695 0.1089249958
v -0.06242100355 -0.3427154444 0.1128411062
v 0.00553519155 -0.3271844385 0.1126548835
v -0.0039322004 -0.3343102099 0.1146251513
v 0.00842046615 -0.344458536 0.1205863977
v -0.0608647653 -0.3952035373 0.1295341839
v 0.0393029014 -0.417416192 0.1582506965
v 0.02807841335 -0.4153827587 0.1542264278
v 0.03153516265 -0.4256614495 0.1597585938
v 0.0042195754 -0.3154083065 0.1068551735
v 0.01657224195 -0.3255566327 0.1128164199
v 0.07855100825 -0.330175787 0.1228266373
v 0.06942537285 -0.3193174673 0.1158039491
v 0.0649146851 -0.3350343315 0.1238186666
v -0.01934530365 -0.3808007195 0.1307647678
v -0.02331979375 -0.3700519049 0.1268754157
v -0.0354909011 -0.3777204239 0.1276221901
v -0.0205920516 -0.3919321796 0.1347580835
v -0.0526128216 -0.4419774084 0.142812924
v -0.060679635 -0.4359755673 0.1395645126
v -0.0066538991 -0.4072111642 0.1427557335
v 0.00399329855 -0.4116102149 0.1466535023
v 0.01348863815 -0.302270875 0.1011172071
v 0.00245158775 -0.3038986808 0.1009556706
v 0.0694758184 -0.4008374283 0.1580192404
v 0.06660754905 -0.3882300758 0.1512431176
v 0.05419446525 -0.3990311512 0.1536763348
v 0.00917255505 -0.3805986218 0.1359580811
v 0.02142736925 -0.3757936981 0.1358732812
v 0.0050806179 -0.3683272767 0.1299331936
v -0.0701424399 -0.3499501576 0.1150057522
v -0.0492811973 -0.3604862441 0.1203668884
v -0.102086673 -0.8519073012 0.0980002737
v -0.06527856145 -0.8497283244 0.1237047281
v -0.06762978175 -0.8370560104 0.1265851987
v -0.08697916845 -0.8113907831 0.1218415051
v -0.0755628885 -0.797668458 0.1319642283
v -0.09217744565 -0.8018245106 0.1205438383
v 0.0752258808 -0.8459296615 0.1573788218
v 0.0628693036 -0.8412659435 0.1606224761
v 0.04289588335 -0.8454219714 0.1587311056
v 0.03358595275 -0.844227264 0.1590309946
v 0.0321429614 -0.8565863416 0.1522730496
v -0.0564389235 -0.7869199288 0.1483601573
v -0.07116714685 -0.7826182343 0.1388503392
v -0.06603294235 -0.7924038801 0.1401763796
v -0.05178750925 -0.6872474957 0.1657942107
v -0.06195960035 -0.7556809867 0.1509793885
v -0.05877491785 -0.7427284917 0.1552706919
v -0.0717089308 -0.7394695598 0.1468305253
v -0.0312728178 -0.7024329795 0.1793921828
v -0.04160492135 -0.6829089683 0.1732284565
v -0.0497977628 -0.6468698529 0.1687104283
v -0.0421787251 -0.6333449554 0.1727169406
v 0.0541714698 -0.7752949028 0.1983943502
v 0.0445211808 -0.7593352575 0.2041903113
v 0.037995669 -0.7688276303 0.198934766
v 0.05554426015 -0.8327816339 0.1653897347
v 0.05166391815 -0.8415472033 0.1607217921
v 0.1311735887 -0.7900833282 0.1787777015
v 0.14292694 -0.791371435 0.174878125
v 0.1421645687 -0.7795723132 0.1817998365
v 0.09406080755 -0.7919939601 0.1855291554
v 0.0932189343 -0.7825169668 0.1912020015
v 0.08378894275 -0.781253079 0.1934599247
v -0.0423530503 -0.6592446795 0.172733009
v -0.03256118315 -0.6708377732 0.1796331649
v 0.00259113005 -0.6061710887 0.1970178881
v -0.0082093247 -0.6089399665 0.1910616696
v -0.00465410615 -0.619507697 0.1946150169
v 0.03824600515 -0.6040408107 0.2166507578
v 0.02952556945 -0.5941431443 0.2099792034
v 0.0291320796 -0.6100735397 0.2125652424
v 0.04529160835 -0.5472035912 0.2072399575
v 0.05517453795 -0.5351683181 0.2083950671
v -0.07690571555 -0.5077128291 0.1499873694
v -0.0672321228 -0.5022149911 0.1513333502
v -0.08280730615 -0.4955561735 0.1463726884
v -0.08651744305 -0.4798966771 0.1434018801
v -0.0961910358 -0.4853945151 0.1420558993
v -0.0572484171 -0.497302737 0.1532380554
v -0.0631500077 -0.4851460814 0.1496233744
v 0.0117012671 -0.5401884992 0.1892501373
v 0.02136603225 -0.528040208 0.1904846951
v 0.07673485715 -0.5318726135 0.2161377834
v 0.0878441967 -0.5408575502 0.223104393
v 0.08587993215 -0.529093884 0.2184763009
v 0.1779060769 -0.7346843863 0.1963155508
v 0.1652717951 -0.7344324159 0.2011140774
v 0.161654679 -0.7220848716 0.2091403129
v 0.152835081 -0.7311349135 0.2068944708
v 0.1105609943 -0.7529505245 0.2047630128
v 0.1033584748 -0.7457153982 0.2104774095
v 0.102636815 -0.7593871945 0.2030217644
v 0.1583555753 -0.7094259936 0.2182190217
v 0.1707922894 -0.7127234959 0.2124386283
v 0.1801704325 -0.6968368179 0.2205445426
v 0.1911520096 -0.6844191935 0.2271022843
v 0.1784747628 -0.6876469935 0.228075079
v 0.1835413649 -0.7202494655 0.2030070396
v 0.1802422612 -0.7075905874 0.2120857486
v 0.1400034557 -0.7098074918 0.221646853
v 0.1289179153 -0.7119651076 0.2228917002
v 0.1582264406 -0.6958929146 0.2255914895
v 0.1490888302 -0.7052542902 0.222293174
v 0.1191647692 -0.7311906645 0.2148145294
v 0.1101715925 -0.7145417468 0.2247534789
v 0.1022894776 -0.7226298106 0.2221576075
v 0.1066650668 -0.7799400843 0.1902892999
v 0.096393202 -0.7691992032 0.1982200692
v 0.2068447602 -0.6398484889 0.2544217838
v 0.2018003735 -0.652239447 0.2467807548
v 0.193335012 -0.6463525398 0.2525764216
v 0.1974564848 -0.6604993984 0.2418125369
v 0.1211144373 -0.69992348 0.2304645271
v 0.1192434061 -0.7110609731 0.2249832276
v 0.12170155 -0.7415475875 0.2085412983
v 0.1280738918 -0.6480359653 0.2501485718
v 0.1388279521 -0.6550004431 0.2483961558
v 0.1437395954 -0.6457357684 0.2499360315
v -0.0267558872 -0.6802614909 0.1834145533
v -0.0099656967 -0.5335803169 0.1777974704
v 0.0256001232 -0.4821940416 0.1781207442
v -0.00406331265 -0.4560736897 0.1602063795
v 0.01084446185 -0.465045546 0.1676670211
v -0.08707021025 -0.4687836636 0.1413567244
v -0.08692519795 -0.45697997 0.139072806
v 0.1585359542 -0.3488630129 0.1424551886
v 0.1895101839 -0.3362104032 0.1342934283
v 0.2000526694 -0.3882078781 0.1643272338
v 0.2058397933 -0.3780332072 0.1567488115
v 0.2065356242 -0.3120118864 0.1159580446
v 0.2130095013 -0.2944657432 0.1044206062
v 0.1984500756 -0.3055147838 0.1141636445
v 0.1194376416 -0.4070285862 0.1718096767
v 0.1104884381 -0.4197131175 0.1766554269
v 0.1551048847 -0.4041376652 0.1753549368
v 0.1661763906 -0.4022033755 0.1752345906
v 0.0780648448 -0.4793577676 0.1967379082
v 0.066968129 -0.4843643786 0.1952109716
v 0.0846620324 -0.4938923128 0.2050537384
v 0.05039366975 -0.491412588 0.1916338049
v 0.0596253839 -0.4789327345 0.1903418326
v 0.09080277 -0.3771850416 0.1502204693
v 0.1272535015 -0.3276027871 0.1269715229
v 0.1134619629 -0.3087343987 0.1144317159
v 0.1258289718 -0.317091421 0.1205427256
v 0.076868248 -0.3576869937 0.13763889
v 0.06684256635 -0.3551740479 0.1342925484
v 0.06967049385 -0.3669683904 0.1410900837
v 0.0782538949 -0.406694672 0.1631078981
v 0.0658408111 -0.4174957475 0.1655411153
v 0.09241273325 -0.2548211597 0.07995347405
v 0.05879976125 -0.2737092817 0.0890317543
v 0.05631573975 -0.2872370791 0.09666393085
v 0.071126532 -0.2853596824 0.09653161275
v 0.0911475147 -0.2769652548 0.09326749285
v 0.1012572552 -0.2775991274 0.0943647404
v 0.157230745 -0.2154484 0.05894308
v 0.1243555572 -0.2851273001 0.1009442312
v 0.1132312308 -0.2821283721 0.0982058187
v 0.1472363017 -0.2776241866 0.0978946223
v 0.1377212969 -0.2827315217 0.1006230187
v 0.3363465407 -0.2785829143 0.0255703629
v 0.34673965 -0.2749371474 0.01265301475
v 0.3347490746 -0.3310203181 0.0457050819
v 0.3311843871 -0.3199401175 0.04613503065
v 0.2691408945 -0.2440385919 0.0619883927
v 0.220682319 -0.2771134834 0.092924537
v 0.2397706769 -0.2979396087 0.09776687815
v 0.2560482866 -0.2853688659 0.0859040252
v 0.2734796339 -0.2860655927 0.077513313
v 0.2974096038 -0.2845810414 0.0632306923
v 0.2857131546 -0.289651933 0.07328512885
v 0.2946097944 -0.2970181605 0.07080794515
v 0.3247043392 -0.2789696378 0.0368466691
v 0.308349161 -0.2805789799 0.05457040865
v 0.328150158 -0.2589100151 0.02876787205
v 0.32203428 -0.2688239673 0.0371110025
v 0.3165079564 -0.2592967387 0.04004417825
v 0.3494385799 -0.2899311574 0.01265301475
v 0.3100134383 -0.2484468894 0.0406955089
v 0.2793063258 -0.2447386964 0.05791371085
v 0.3081351199 -0.3033519487 0.0641312388
v 0.3240350183 -0.3122238551 0.050545126
v 0.2502504268 -0.3034821438 0.09719180855
v 0.2531862904 -0.3161258087 0.1023904509
v 0.2522192905 -0.356268088 0.1260661301
v 0.2457360201 -0.3486044174 0.1241889756
v 0.2409403102 -0.3597571205 0.1331769171
v 0.2742856258 -0.3211349367 0.09498317145
v 0.2606665156 -0.3326595431 0.1083971116
v 0.273496411 -0.3431838689 0.1069396496
v 0.2771479263 -0.3307280271 0.09825857265
v 0.2057756684 -0.3261275524 0.1243451925
v 0.2410931258 -0.322441862 0.1113149569
v 0.2522248664 -0.3265197545 0.1086405407
v 0.1852908972 -0.405211024 0.1774786048
v 0.1918232588 -0.4153138654 0.1827702734
v 0.1952570443 -0.3984719542 0.1724325601
v 0.3167660466 -0.340590728 0.07268744135
v 0.3071202777 -0.3357207531 0.07774494445
v 0.2996235905 -0.3461223278 0.0917436075
v 0.2021339851 -0.336418493 0.1319067265
v 0.1996679704 -0.3495679691 0.1404990717
v 0.2485733512 -0.3389755962 0.1173216176
v 0.2871155211 -0.3316592626 0.0935257094
v 0.2999709088 -0.3280044907 0.0821550398
v -0.3535853824 -0.8321096181 0.1221714192
v -0.5741174406 -0.2657386894 0.06153255885
v -0.5625606505 -0.2679718678 0.0644385361
v -0.5662906575 -0.2827182244 0.06773702475
v -0.5569797423 -0.2755172982 0.06748640865
v -0.5488926468 -0.3380132006 0.0858078009
v -0.5580355382 -0.3477013686 0.08602482545
v -0.546351094 -0.3510896517 0.08943991905
v -0.5248352427 -0.3636837905 0.09739977725
v -0.5271373921 -0.3471101859 0.0929481492
v -0.5349060532 -0.3579750882 0.09367452255
v -0.5443794549 -0.2807275331 0.0718247141
v 0.4008776949 -0.5937533017 0.0952840338
v 0.4260070126 -0.5392808315 0.0205973901
v 0.3592338481 -0.582717163 0.1592183074
v 0.3704951325 -0.5844926847 0.1448760738
v 0.3854418139 -0.6021105347 0.1166704345
v 0.4206344555 -0.6174727158 0.0676953203
v 0.4195677673 -0.6063409041 0.0695695437
v 0.3852823362 -0.4867592091 0.0622015855
v 0.3791664862 -0.559283356 0.1268497809
v 0.3920104082 -0.5545522282 0.1015425349
v 0.380648481 -0.5435069214 0.1174786059
v 0.3702345483 -0.557104868 0.1409547423
v 0.3476443051 -0.5810251411 0.1752970665
v 0.3840745774 -0.4349792083 0.02100562195
v 0.3767051144 -0.4291237102 0.03152837355
v 0.3726595418 -0.4473863685 0.0525339955
v 0.3601915327 -0.5044259846 0.1250013478
v 0.360527795 -0.5161250749 0.1338929231
v 0.3718770599 -0.5037700589 0.1041330209
v 0.2480302939 -0.6414228181 0.2352488089
v 0.2429742543 -0.6292016776 0.2471719448
v 0.1807999172 -0.6608752512 0.2440860753
v 0.1810325255 -0.6711836901 0.2375983838
v 0.1892237317 -0.6649209301 0.2411205123
v 0.2299246418 -0.6270505325 0.2549541413
v 0.2192273956 -0.6286184726 0.2577842133
v 0.1332048762 -0.5094497561 0.2265959962
v 0.1441433416 -0.5125196419 0.2312535827
v 0.1421058814 -0.5023895628 0.2258869958
v 0.1829600005 -0.6461685421 0.2528272022
v 0.1747687944 -0.652431302 0.2493050737
v -0.5281348787 -0.8168260229 0.09491634145
v -0.5419148836 -0.8127280771 0.09044349285
v -0.5112400558 -0.7801353563 0.1070268072
v -0.3433005636 -0.681316116 0.1521505985
v -0.3331466377 -0.6179214628 0.1537067898
v -0.3629470061 -0.6721472151 0.1526110385
v -0.3708354044 -0.6642425329 0.1528125212
v -0.5348882721 -0.7148071349 0.1069234804
v -0.5050528235 -0.7243232736 0.1188680332
v -0.4948443196 -0.7308599329 0.1210086076
v -0.5393414671 -0.7297817498 0.1030894954
v -0.549258185 -0.725075625 0.097743165
v -0.51572821 -0.7268776869 0.1144741993
v -0.4860354246 -0.7394548643 0.1222279345
v -0.47380672 -0.6813547129 0.135764836
v -0.5260417979 -0.7303395913 0.1100356274
v -0.484171865 -0.7630500592 0.1183588617
v -0.4918473818 -0.7726706578 0.1142578718
v -0.4374224801 -0.7263321259 0.1371446287
v -0.4399680149 -0.7405270143 0.1339144839
v -0.4283341939 -0.7398931953 0.1358688478
v -0.4752798305 -0.7588290421 0.1219330492
v -0.4689735476 -0.7715497715 0.121082956
v -0.4647767238 -0.7557106721 0.1254155237
v -0.3592320949 -0.7251062536 0.1468476473
v -0.4794096453 -0.7846305204 0.1156873557
v -0.4696142105 -0.7924455251 0.116706929
v -0.4696812195 -0.7824831462 0.1186200549
v -0.419487531 -0.7978156745 0.1247995505
v -0.4325796083 -0.7888514468 0.1249040607
v -0.4268767553 -0.8051024603 0.1218380768
v -0.47714339 -0.7352338472 0.1258021221
v -0.4799750413 -0.7472109598 0.1226914293
v -0.453734898 -0.6827336566 0.1417488519
v -0.4439212756 -0.6863584666 0.1431732159
v -0.4474721766 -0.6757523503 0.143717628
v -0.5374157446 -0.798902602 0.094420234
v -0.5256332152 -0.7987902446 0.09890036035
v -0.4441914888 -0.7178007323 0.1378123288
v -0.4515322393 -0.7104671858 0.1374048955
v -0.4591781128 -0.7793647763 0.1221025294
v -0.4499273087 -0.7932181918 0.1207911075
v -0.4399724134 -0.7832185575 0.1248227164
v -0.4499308895 -0.7802985167 0.123671237
v -0.3827377881 -0.6602732926 0.1528138874
v -0.3925640382 -0.6569773046 0.1521023179
v -0.3885399795 -0.6688612668 0.1520088911
v -0.4474484948 -0.664922653 0.1443037666
v -0.4376348724 -0.668547463 0.1457281307
v -0.5134059189 -0.8242299605 0.0982229352
v -0.5189367474 -0.8341845351 0.09478536335
v -0.4864873013 -0.8129023899 0.1078090923
v -0.4354278615 -0.762193483 0.1301707744
v -0.441402406 -0.7508036891 0.1314669211
v -0.4459505388 -0.7589090884 0.1289989925
v -0.3725554768 -0.7256008093 0.1462063961
v -0.4189235891 -0.734152594 0.1386920445
v -0.4157788716 -0.7214078162 0.1416446552
v -0.461504045 -0.7452546186 0.128280378
v -0.4504906921 -0.7372426197 0.132742702
v -0.4325831891 -0.7759317716 0.1277841901
v -0.4551977621 -0.757975348 0.1274302848
v -0.4102635157 -0.7807865118 0.1303546673
v -0.4183196738 -0.7730345705 0.1309165839
v -0.4211643462 -0.7592962818 0.1333031682
v -0.4280350563 -0.7678263723 0.1302521187
v -0.4569608995 -0.7028193125 0.137789919
v -0.4447553369 -0.7009876463 0.1408194163
v -0.4630329669 -0.6815063705 0.1394702363
v -0.468059552 -0.6719758827 0.1385878637
v -0.4624557025 -0.6566379493 0.14088152
v -0.4980855734 -0.6698185384 0.1278600211
v -0.3748594631 -0.6523585707 0.152905948
v -0.4820679706 -0.6260221123 0.1347092948
v -0.4791776231 -0.6378948853 0.1355006384
v -0.4705159536 -0.6292755854 0.1386784323
v -0.5079170455 -0.6615249536 0.1240426916
v -0.5002264477 -0.8133963444 0.1040394342
v -0.4898073622 -0.8222968712 0.1050452137
v -0.485821238 -0.8314286779 0.1042154618
v -0.451865795 -0.854495505 0.104901005
v -0.4450991522 -0.8437495376 0.1089479169
v -0.5050747594 -0.6474074246 0.1256117581
v -0.54064623 -0.664824925 0.106532745
v -0.4931154141 -0.6464033112 0.1303944005
v -0.5026889854 -0.6356455257 0.1267488585
v -0.2520467759 -0.8454229225 0.1176173551
v -0.2806986249 -0.7853581392 0.1349380751
v -0.2831121232 -0.7954159552 0.1326228559
v -0.2703612275 -0.7857086403 0.1345608373
v -0.1901742704 -0.8566298757 0.1087380539
v -0.1955053669 -0.8677251467 0.1052651976
v -0.2021902113 -0.892608741 0.0963615242
v -0.1611482124 -0.8201012071 0.1154609734
v -0.1558840421 -0.8287418792 0.1120130351
v -0.1516026131 -0.8172705567 0.112967737
v -0.1428254162 -0.7667637895 0.1233309751
v -0.1504366195 -0.7596861323 0.1252032759
v -0.1738865644 -0.7863278625 0.1257356794
v -0.1859877933 -0.7976856598 0.125643992
v -0.160794528 -0.7605448385 0.1275661034
v -0.2001230421 -0.7832142877 0.130110433
v -0.1918170463 -0.7879839157 0.1284955087
v -0.1906390452 -0.7767270804 0.1303815589
v -0.2059465671 -0.842483559 0.1146940028
v -0.2057115016 -0.8334100396 0.1176685537
v -0.2176711286 -0.8381895504 0.1160692299
v -0.1398710462 -0.728917522 0.1281891924
v -0.1413089147 -0.6901417164 0.13345853
v -0.1815812868 -0.7156060284 0.138206248
v -0.182995679 -0.7288651959 0.1369756272
v -0.1714265876 -0.7191204802 0.1359536451
v -0.2486568513 -0.7134483794 0.1457044519
v -0.2361948233 -0.7104338807 0.145076152
v -0.2448751853 -0.7011973245 0.1469442971
v -0.2580135982 -0.7848905542 0.1342979227
v -0.2450574541 -0.7809209308 0.1348528633
v -0.2549915851 -0.7716812009 0.1374309972
v -0.161188048 -0.7158583347 0.1339754048
v -0.1924568534 -0.7397746462 0.1369981044
v -0.1595230948 -0.7054957682 0.1348380398
v -0.1506989473 -0.7154927902 0.1316291787
v -0.1783641579 -0.6954665664 0.1395671061
v -0.1931420161 -0.6943720183 0.1421749435
v -0.1847900537 -0.7047667646 0.1397921034
v -0.1987757921 -0.7473070951 0.1364318609
v -0.1994693169 -0.7328831929 0.1386619864
v -0.2130215883 -0.7979459286 0.1282108604
v -0.2091761144 -0.7863417146 0.13027253
v -0.2208966595 -0.7898165202 0.1302590075
v -0.2802940744 -0.7123865784 0.1475993704
v -0.2669085869 -0.7129396767 0.1470631755
v -0.2707227008 -0.703658725 0.1481087919
v -0.2453661669 -0.6878094146 0.1483995394
v -0.280376919 -0.8053910891 0.1298395227
v -0.2604270964 -0.7949483702 0.1319827034
v -0.2804323743 -0.7703410969 0.1384438756
v -0.2722210614 -0.7627745593 0.1396810096
v -0.2435506804 -0.7575526617 0.1395369005
v -0.2565068245 -0.7615222852 0.1389819598
v -0.2295433133 -0.7729619418 0.1351533075
v -0.2325653263 -0.7861712952 0.1320202329
v -0.1378493424 -0.6389650878 0.138737527
v -0.1587922785 -0.6659996049 0.1388806769
v -0.1516255138 -0.6920711297 0.1345860667
v -0.1324716907 -0.5703941206 0.1414221911
v -0.1756207042 -0.6258733314 0.1445755455
v -0.2961314417 -0.5700166965 0.150882523
v -0.3994661327 -0.6784746522 0.1503265026
v -0.3896398827 -0.6817706402 0.151038072
v -0.3803562502 -0.7500318606 0.1411227313
v -0.3403629132 -0.532751885 0.1482599182
v -0.3708517844 -0.5712988821 0.1516797482
v -0.3629684186 -0.5792078393 0.1523031042
v -0.3708517795 -0.5871168686 0.153083896
v -0.3465629099 -0.6256687563 0.1535960003
v -0.3316325684 -0.5017807976 0.1442121054
v -0.35094687 -0.5327518716 0.1482025609
v -0.3296121052 -0.4693315096 0.1380918603
v -0.1964405441 -0.5620012214 0.1456274094
v -0.2044133361 -0.5547645827 0.1456985895
v -0.206501447 -0.5662631746 0.1464065012
v -0.1733408114 -0.5121359788 0.1423096873
v -0.1812404226 -0.5198063744 0.1428289891
v -0.1393228792 -0.4875437773 0.1383116496
v -0.1759982496 -0.5008364473 0.1409812177
v -0.1799367638 -0.4884832852 0.1394859458
v -0.1894067322 -0.4951960408 0.1407610284
v -0.149699756 -0.4883131735 0.1383499028
v -0.1353199804 -0.4230259735 0.1303390927
v -0.1557307525 -0.4531353862 0.1337062651
v -0.1546778323 -0.4424462292 0.1320734913
v -0.1873457975 -0.4644770234 0.1357984415
v -0.1463764248 -0.4351207144 0.1314422734
v -0.1755512469 -0.4190065757 0.127710321
v -0.1748523942 -0.4313590901 0.129818703
v -0.1939027886 -0.4375618772 0.1306507578
v -0.1841511111 -0.4367350164 0.1306192968
v -0.1967075511 -0.4281857254 0.1289389279
v -0.2686119928 -0.4925070937 0.1425329704
v -0.2669522181 -0.5074559712 0.1443058453
v -0.2590682371 -0.5012507116 0.1433745851
v -0.2803167044 -0.4646361629 0.1386829922
v -0.266863543 -0.4652528771 0.1384756183
v -0.2706867421 -0.4559828323 0.1370988074
v -0.1955215197 -0.4184711877 0.1270448867
v -0.2103098309 -0.4143181171 0.1259535172
v -0.08535957925 -0.4411996959 0.1367776923
v -0.07783964165 -0.433079839 0.1362029633
v -0.0477617256 -0.4563521186 0.1481061619
v -0.0554909492 -0.4682312154 0.1485427116
v -0.0454370784 -0.4683547305 0.1510915299
v -0.02092174485 -0.5043161223 0.1673199596
v -0.0221755459 -0.4931981545 0.1642067407
v -0.0293981977 -0.4007497453 0.1357364444
v -0.0184738383 -0.4042126864 0.1389829857
v -0.0637027749 -0.4740330679 0.1475782186
v -0.0425589508 -0.4421009235 0.1453617423
v -0.0736864806 -0.478945322 0.1456735135
v -0.0432285551 -0.4873547729 0.1559998317
v -0.02882607095 -0.484328369 0.1596959045
v -0.03876381785 -0.4772074235 0.1552241524
v -0.02217756995 -0.4500753326 0.1531287758
v -0.01668623115 -0.4392999913 0.151430077
v -0.032216516 -0.4457002924 0.1489562815
v -0.0390412551 -0.3966838634 0.1328933103
v -0.04287483065 -0.3869461198 0.1295845345
v -0.05039967475 -0.3951607446 0.1309663026
v -0.08787709975 -0.5156021749 0.1475427933
v 0.01721534285 -0.4759915733 0.1730189357
v 0.0603280444 -0.4359487318 0.1724037386
v 0.05868926915 -0.425523937 0.1672063177
v 0.0236136622 -0.4329309894 0.1603240272
v 0.00683169475 -0.4336515239 0.1556684482
v 0.04991119265 -0.4196666932 0.16211766
v 0.04645444335 -0.4093880024 0.156585494
v -0.0154600452 -0.4160287299 0.1437340944
v -0.03103459425 -0.4653283267 0.1547876027
v 0.01857300475 -0.3961291326 0.1438491656
v 0.0237364276 -0.4056653617 0.1492593465
v 0.08079253885 -0.3797588445 0.1500112242
v 0.08970640665 -0.3669075333 0.1446456703
v 0.02677013715 -0.3579462124 0.1289235908
v 0.02740052155 -0.3678583624 0.1334198447
v 0.0368352266 -0.3622822218 0.1324950417
v 0.0485552116 -0.3683249082 0.1373675189
v 0.0479248272 -0.3584127582 0.132871265
v 0.0622157801 -0.3115317457 0.1104798839
v 0.07585210325 -0.3066732012 0.1094878545
v 0.05548550405 -0.3754396216 0.142321977
v 0.02704635015 -0.3448514182 0.1233074589
v 0.0176116451 -0.3504275588 0.1242322618
v 0.0655111857 -0.3779525674 0.1456683186
v 0.0641423715 -0.3449472849 0.1287245463
v 0.05694461735 -0.3542286815 0.13217574
v 0.00814425315 -0.3575533302 0.1262025297
v 0.0856140582 -0.4118874219 0.1672589437
v -0.3055633816 -0.3532538024 0.1100735335
v -0.2532924928 -0.3780404882 0.1176184569
v -0.2118097202 -0.3844441786 0.1192690493
v -0.2212942109 -0.3765658189 0.1172923589
v -0.2236449239 -0.3917452883 0.1209599551
v -0.236280658 -0.3614324487 0.1132645678
v -0.2359120826 -0.344306811 0.1085287869
v -0.2455570212 -0.3456615805 0.1087973261
v -0.2781563452 -0.3415179148 0.1075196677
v -0.2937058419 -0.3369224939 0.1058265164
v -0.3863943679 -0.4002611444 0.1215924841
v -0.3914021986 -0.391276437 0.1190892879
v -0.3991318061 -0.3980629313 0.1208699598
v -0.4147670537 -0.4655988741 0.1371348097
v -0.4285805641 -0.4734197492 0.1377455738
v -0.4143841999 -0.477257052 0.13922925
v -0.3722844009 -0.2829298638 0.0861054157
v -0.3764215814 -0.2982141834 0.09082792175
v -0.3677850905 -0.2918302896 0.08910107605
v -0.3657493499 -0.3646592617 0.1114122301
v -0.3569692619 -0.357414138 0.109484192
v -0.394987628 -0.3216616129 0.0976653171
v -0.3844692001 -0.3313603348 0.1009816236
v -0.3815972652 -0.3173441113 0.09656864625
v -0.4243346303 -0.2661812829 0.07824823215
v -0.3778827915 -0.3609252078 0.1101866271
v -0.3832175141 -0.3439847745 0.1048772948
v -0.3985247444 -0.3451975062 0.1050839755
v -0.3838826955 -0.3535044444 0.1078829759
v -0.4163149239 -0.3934183685 0.1191282395
v -0.4229422885 -0.3791042305 0.1148143084
v -0.4672845382 -0.3094107473 0.09113776935
v -0.479579096 -0.3090167725 0.09012636245
v -0.483547969 -0.4068947504 0.1169319387
v -0.4788395221 -0.3882823342 0.1132709835
v -0.489474133 -0.3910608362 0.1119250536
v -0.3931900218 -0.3621379395 0.1103933078
v -0.4082921459 -0.3575835619 0.1089142789
v -0.41689486 -0.4110390587 0.1237449731
v -0.4113070932 -0.402403076 0.1216314357
v -0.4319527459 -0.3079793035 0.0924924401
v -0.4332431295 -0.3197162437 0.0963454481
v -0.4920112248 -0.3240740815 0.09358225335
v -0.4762993047 -0.3276486588 0.0961910446
v -0.4894120388 -0.3140119283 0.09064211765
v -0.4020640984 -0.4581896521 0.1358491601
v -0.4162604625 -0.4543523493 0.1343654838
v -0.4422361093 -0.5471063888 0.1449611233
v -0.4507779474 -0.5367884323 0.1421487993
v -0.4531695434 -0.5474630499 0.1430139711
v -0.3929667191 -0.4369217965 0.1308246244
v -0.4044285082 -0.4356313657 0.1303400325
v -0.3727535916 -0.4345254566 0.1304314363
v -0.3817203022 -0.4384160192 0.1312700095
v -0.3687786237 -0.4255958427 0.128408357
v -0.3626639057 -0.417815278 0.1265210992
v -0.4658145055 -0.2706089103 0.07828888875
v -0.4748259213 -0.2718070842 0.07827687815
v -0.4933813622 -0.2753098619 0.07773299085
v -0.5056992075 -0.2761687839 0.07727841135
v -0.5162544462 -0.2675374037 0.07327314415
v -0.5417844579 -0.3301291907 0.0853565999
v -0.5319082069 -0.3262377094 0.08652053425
v -0.5364844622 -0.3149654165 0.08265423965
v -0.5167734471 -0.2997640536 0.08234661965
v -0.515866085 -0.3107556431 0.0859257502
v -0.5060313211 -0.2994457615 0.08445419585
v -0.4952910161 -0.3054421952 0.0875175712
v -0.5265424925 -0.3355491912 0.09018178355
v -0.5212424968 -0.320385417 0.0874794233
v -0.4386466706 -0.3634629423 0.109760865
v -0.4499894074 -0.356099439 0.1067947268
v -0.4528024541 -0.3654304432 0.109258494
v -0.5350671852 -0.3044451842 0.08017003365
v -0.5105003707 -0.3200671248 0.0895869995
v -0.4973876365 -0.3337038554 0.09513592645
v -0.5449434363 -0.3083366655 0.0790060993
v -0.4611331464 -0.3369330545 0.100188777
v -0.5686616977 -0.3587617799 0.0861952968
v -0.5192665307 -0.3738326799 0.1011632382
v -0.5114978696 -0.3629677776 0.1004368649
v -0.4897014423 -0.36308236 0.104931429
v -0.4744554384 -0.36525768 0.1072782271
v -0.4793911948 -0.3558916199 0.1039455578
v -0.4200079024 -0.3426618815 0.1040016495
v -0.4076269645 -0.3480638921 0.105908598
v -0.4102405009 -0.3302758258 0.100171346
v -0.4302314115 -0.2973161747 0.08904056625
v -0.4421434857 -0.3038955435 0.09097462475
v -0.577272555 -0.37245097 0.086246415
v -0.5641048427 -0.3744670099 0.0897080618
v -0.5425641885 -0.3781500284 0.09629961665
v -0.5520863425 -0.3922700476 0.09626096605
v -0.5421260578 -0.388668712 0.0980875
v -0.5222853565 -0.46942482 0.1168906842
v -0.5258173103 -0.4538675793 0.1148152788
v -0.5318452584 -0.4621269201 0.1129110862
v -0.4715218408 -0.347888876 0.102711768
v -0.4867678446 -0.345713556 0.10036497
v -0.5440489446 -0.3676632563 0.0938915471
v -0.5002831781 -0.3634164834 0.1028995427
v -0.5626200866 -0.384953782 0.09211613135
v -0.5540092293 -0.3712645918 0.09206501315
v -0.4953474218 -0.3727825435 0.1062322121
v -0.5254681582 -0.3828907252 0.101870331
v -0.5320393934 -0.3916843159 0.1023384722
v -0.5249036478 -0.4000263483 0.1060826526
v -0.4266139949 -0.357290943 0.1085179997
v -0.4294270417 -0.3666219471 0.1109817668
v -0.5000558688 -0.3913949597 0.1098931673
v -0.475615739 -0.3777741352 0.1107079861
v -0.4653054915 -0.3705833951 0.1097221148
v -0.5402246073 -0.4831238603 0.1095154758
v -0.5346347192 -0.4949654233 0.1122234387
v -0.5227234165 -0.4895257237 0.1176944545
v -0.5376001531 -0.5181718599 0.112031362
v -0.5403149581 -0.5023617048 0.110284272
v -0.549421105 -0.504373715 0.10579155
v -0.4539627547 -0.3779468984 0.112688253
v -0.4537564965 -0.3471111184 0.1037693648
v -0.4463656479 -0.3865254942 0.1155624924
v -0.4588686853 -0.3916784462 0.1160261133
v -0.4349749641 -0.3852762298 0.1160571738
v -0.46775907 -0.23680516 0.065711765
v -0.245684365 -0.301278015 0.096110875
v -0.278890725 -0.29628172 0.093755755
v -0.1743652156 -0.409292038 0.1258162798
v -0.1783531121 -0.4005808027 0.123917068
v -0.229882567 -0.3719723039 0.1159896467
v -0.2468944019 -0.3885803434 0.1203435358
v -0.2498898516 -0.4018346727 0.1235093258
v -0.2361248644 -0.3971212579 0.1221490547
v -0.0369230418 -0.4089643701 0.1371182125
v -0.046988073 -0.4163123508 0.1371717914
v -0.0373450156 -0.4203782327 0.1400149254
v -0.04684932075 -0.3761973051 0.1256951824
v -0.05703118975 -0.4049412809 0.1328429597
v -0.037067612 -0.4313255823 0.1436630435
v -0.0270025808 -0.4239776016 0.1436094647
v 0.0083352843 -0.421327612 0.1516205836
v 0.01596868885 -0.4139106192 0.1507672438
v -0.0151826416 -0.4269760794 0.1473822124
v -0.00514369555 -0.4313511195 0.1515547067
v -0.1083299795 -0.845428244 0.09961776655
v -0.09390850375 -0.8197883998 0.1145185461
v -0.09284935675 -0.830548374 0.1107362324
v 0.01090229225 -0.8507038034 0.1536056292
v 0.0047277312 -0.8577732397 0.1491166653
v 0.027061699 -0.8994354279 0.1298407883
v -0.08010536705 -0.8338194152 0.1185498347
v -0.06083466515 -0.8019701526 0.1414740463
v -0.05528841515 -0.8136043645 0.1421864513
v -0.0717447699 -0.8566617158 0.1163488444
v -0.0103546266 -0.850740784 0.1492570077
v -0.0055800113 -0.8366040262 0.1577153045
v -0.03485509225 -0.8268834263 0.1503643689
v -0.0458402286 -0.8223673282 0.1455710802
v 0.0726638988 -0.7782663012 0.195718487
v 0.066138387 -0.7877586739 0.1904629418
v -0.04185653245 -0.8054685382 0.1530708265
v -0.08516598215 -0.7439139547 0.1374043517
v -0.048057574 -0.7400475192 0.1630932145
v -0.0212699611 -0.8207117908 0.1586238723
v -0.01749127785 -0.8121783576 0.1633209648
v -0.02862966265 -0.8056980687 0.161152548
v -0.0378219792 -0.7500429725 0.1686552872
v -0.0392346964 -0.7690065922 0.1641158268
v -0.0552993577 -0.7680371008 0.153226836
v -0.0455084667 -0.7781037745 0.1579231078
v 0.0151062593 -0.708383575 0.2072166856
v 0.0078718477 -0.7165443582 0.2024962583
v 0.0185991361 -0.7185091423 0.2079866375
v -0.0245777881 -0.6933677905 0.1844719692
v -0.0200509805 -0.703468084 0.1868543072
v -0.0155340499 -0.6812965954 0.1908766776
v -0.01118351965 -0.7094760319 0.1917504136
v -0.0185472403 -0.7196500297 0.1862685492
v -0.00298474975 -0.7165927886 0.196244442
v 0.01755915875 -0.6872634315 0.2107136658
v 0.02594699325 -0.673233616 0.2154370802
v 0.0155995781 -0.671154932 0.2097802005
v 0.00621628485 -0.6732577816 0.2044749737
v -0.00624566145 -0.6647605558 0.1968562115
v -0.0052502027 -0.6766875217 0.1974380238
v 0.00850477485 -0.6498217265 0.2051023858
v -0.00011528395 -0.6418852444 0.1993646169
v -0.0033992327 -0.6533943335 0.1981553925
v -0.0184834207 -0.7339564064 0.1843267985
v 0.0388419689 -0.7493135813 0.2083488622
v 0.0411120658 -0.7384665161 0.2126521186
v 0.0306154769 -0.7420209198 0.2090339836
v 0.0583157867 -0.7013252232 0.2273939215
v 0.0541735757 -0.7133915209 0.2233537636
v 0.0660366542 -0.7114810913 0.2272848546
v 0.02935956075 -0.7207611068 0.2130221523
v 0.039669141 -0.7172047536 0.2184000352
v 0.03614312795 -0.7067920059 0.2180849476
v 0.01460411935 -0.6592279662 0.2091983881
v 0.0268700608 -0.6998452373 0.2145388052
v 0.0161427724 -0.6978804532 0.209048426
v 0.02212514915 -0.72892189 0.2083017251
v 0.0396517782 -0.6868822827 0.2219774318
v 0.03717964105 -0.6962888841 0.219916688
v 0.04892484535 -0.6938290513 0.2255235742
v -0.0068967816 -0.7388694207 0.1908123815
v 0.00395981585 -0.7388209904 0.1970641977
v 0.00050812705 -0.7267183559 0.1970143939
v 0.0556165005 -0.7346532833 0.217605847
v 0.0626311799 -0.7459458886 0.2130191028
v 0.0689091226 -0.7348399944 0.2186579525
v 0.0124501436 -0.7519200201 0.1977964562
v 0.01985505225 -0.7397689552 0.2039984687
v 0.0473900085 -0.7273606218 0.2182909684
v -0.0280310882 -0.7601096461 0.1733515589
v -0.0188601814 -0.7758263532 0.1763930638
v -0.0174474642 -0.7568627334 0.1809325242
v 0.00218675735 -0.8041706544 0.1751113494
v -0.0082215576 -0.8110965931 0.1688847132
v 0.00027673865 -0.820266141 0.1670189253
v 0.0209939996 -0.7611607149 0.1992054083
v 0.0306442886 -0.7771203602 0.1934094471
v 0.0180361875 -0.8037565975 0.1791974593
v 0.00953789125 -0.7945870497 0.1810632472
v 0.0622178366 -0.7964276668 0.1860033974
v 0.0807102656 -0.7993990652 0.1833275342
v 0.04893847865 -0.7981102575 0.1855970818
v 0.0654913108 -0.8570750714 0.1518524018
v 0.0502209268 -0.8539062809 0.153963847
v 0.07182202555 -0.7687893078 0.2013913331
v -0.0341937144 -0.6290381862 0.1771352713
v -0.0232730532 -0.6176744194 0.1834551956
v -0.00183291865 -0.6302946061 0.1974852042
v 0.0089675361 -0.6275257282 0.2034414227
v 0.0097237777 -0.5978896157 0.1996791144
v 0.01778871505 -0.5863125109 0.2021620022
v -0.03276866605 -0.5065133574 0.1628616025
v 0.02986284145 -0.5248607605 0.1932838501
v 0.06372935385 -0.5114699113 0.203933205
v 0.0662225715 -0.4934672797 0.1986576629
v 0.02709885575 -0.5425196703 0.1971658479
v 0.0176179829 -0.5546885222 0.1953663118
v 0.02464665905 -0.5602802967 0.2002298526
v 0.06757740325 -0.5449660087 0.2166082008
v 0.0662962564 -0.5338385892 0.2125527417
v 0.09378951585 -0.561356638 0.2316657856
v 0.09296318615 -0.5489290854 0.2276279756
v 0.0795254514 -0.5560638322 0.2248036854
v 0.1047429284 -0.4576805628 0.1945413041
v 0.1069518655 -0.444927437 0.1890561451
v 0.09602365795 -0.4518625577 0.1895477492
v 0.1169510083 -0.7857710272 0.1844853227
v 0.138137016 -0.7526199684 0.1983097464
v 0.1209798901 -0.7552193838 0.2010856531
v 0.1700509484 -0.6836013145 0.231040642
v 0.193630627 -0.6296838044 0.2619024432
v 0.2100615361 -0.6268625721 0.260907069
v 0.1873038892 -0.6379085906 0.2577954201
v 0.0935609611 -0.5862124254 0.2378944096
v 0.0921729165 -0.573835018 0.2343942039
v 0.0817398257 -0.5808687921 0.2323417009
v 0.06840373295 -0.5573935612 0.2206460107
v 0.0516755181 -0.5566104558 0.2129559041
v 0.06362356625 -0.5677082793 0.2211513887
v -0.0062698119 -0.4801964693 0.1663760427
v 0.0048915408 -0.4794183753 0.1701621025
v -0.01771080865 -0.4830508051 0.1634310614
v -0.0155043094 -0.4589280256 0.1572613982
v -0.01292033695 -0.4713266838 0.1618652065
v 0.112040065 -0.4300797619 0.182355657
v 0.1207593355 -0.4358977669 0.1873492118
v 0.1240555373 -0.4453230369 0.1930860129
v 0.0858555795 -0.4544091323 0.1880287615
v 0.07709283115 -0.4672227584 0.1909640247
v 0.08477531455 -0.5089441486 0.2109722137
v 0.09587203035 -0.5039375375 0.2124991504
v 0.105429915 -0.4708408732 0.201142809
v 0.09478673455 -0.4767506926 0.2008067916
v 0.1064019287 -0.4829758823 0.2069166925
v 0.1241062626 -0.4881928699 0.2142410596
v 0.1402182866 -0.4857719946 0.2171016719
v 0.1331571331 -0.4746451876 0.2101133222
v 0.09728036 -0.3063845361 0.111445917
v 0.09952504845 -0.2937809048 0.1042388359
v 0.039619515 -0.264010565 0.082423655
v 0.0334395145 -0.2729559242 0.0872283662
v 0.0501689695 -0.2666413192 0.0843593612
v 0.08551249475 -0.3391273966 0.1285861126
v 0.08687847915 -0.3551131908 0.1378481351
v 0.3190931273 -0.4306482588 0.1280628605
v 0.3268882607 -0.4231165146 0.1099613348
v 0.3608681944 -0.3851096996 0.0330337012
v 0.350637338 -0.3794129821 0.0468380577
v 0.3531736557 -0.3915186217 0.0497472801
v 0.35716163 -0.27613972 0
v 0.2888444602 -0.253040623 0.0561274466
v 0.22985342 -0.3310149927 0.1202771744
v 0.206295351 -0.3588979151 0.1450482084
v 0.1936715498 -0.3586898252 0.1474349102
v 0.1986271931 -0.4366593733 0.1951398649
v 0.1958102287 -0.4266647782 0.1888650759
v 0.1846740761 -0.4320475304 0.194091107
v 0.3624663581 -0.4521642939 0.0772273426
v 0.3544469265 -0.4443430891 0.083920411
v 0.3516232057 -0.4549765126 0.0980910065
v 0.4283289 -0.52160311 0
v 0.4097050153 -0.5372441954 0.0546191458
v 0.3958199021 -0.5389330636 0.08570857795
v 0.4034655321 -0.5439965412 0.07228421235
v 0.3884933042 -0.5146519818 0.0787434711
v 0.3871363538 -0.5238249335 0.09053405375
v 0.4034163357 -0.5230077661 0.05625292875
v 0.2932597501 -0.4793390617 0.1816153207
v 0.2995201771 -0.4878932648 0.1828710135
v 0.3024654516 -0.4740833603 0.1720782303
v 0.375762331 -0.4069659446 0.0179714618
v 0.3640025499 -0.4076012238 0.0410445888
v 0.3763603689 -0.4173518292 0.023073127
v 0.3193781304 -0.3607490438 0.0797506772
v 0.3301756491 -0.3603353964 0.0667643012
v 0.3200668782 -0.3505786552 0.0736997284
v 0.375570996 -0.4820665231 0.0778710126
v 0.3616738088 -0.4877150573 0.1080936517
v 0.2263193596 -0.601301333 0.2654145191
v 0.2316141861 -0.5531874111 0.2547688839
v 0.2167093544 -0.5557034705 0.2599978177
v 0.1440032766 -0.6001502345 0.2546666974
v 0.1536188091 -0.606971504 0.2585895271
v 0.1578115071 -0.5959529077 0.2590478806
v -0.5182754684 -0.8153868881 0.09796896185
v -0.5149554075 -0.8059924068 0.1007328404
v -0.5075841945 -0.7967997009 0.1049708327
v -0.3519217314 -0.6334131479 0.1534735062
v -0.3519205671 -0.6179235592 0.1537274652
v -0.360118234 -0.6409978809 0.1532547765
v -0.4166494942 -0.6600435451 0.1490871517
v -0.426455194 -0.6527957036 0.1479644441
v -0.4278054908 -0.6649656073 0.1474369769
v -0.3695359072 -0.640997173 0.1531382599
v -0.3814382909 -0.6370279327 0.1531396259
v -0.3888422617 -0.6266307742 0.1525604207
v -0.3941658175 -0.6379921719 0.1523281089
v -0.4010305221 -0.6481314859 0.1512609665
v -0.4068327135 -0.6567194601 0.1504559703
v -0.3960942902 -0.615388188 0.1524350246
v -0.3833667637 -0.6144239488 0.1532465417
v -0.4584937895 -0.5865414797 0.1429917701
v -0.45483786 -0.5969890433 0.1436696119
v -0.4465505458 -0.5896516167 0.1457450375
v -0.4364138998 -0.6936444629 0.1435269544
v -0.4301511784 -0.6866631565 0.1454957304
v -0.3907880472 -0.6998841813 0.1490505332
v -0.379861894 -0.6902707959 0.1507329217
v -0.3695415744 -0.6103462139 0.1535144218
v -0.3666970619 -0.6256672429 0.1534884544
v -0.3601239012 -0.6103469218 0.1536309384
v -0.4081830104 -0.6688893638 0.149928503
v -0.4084344928 -0.6377343274 0.1506817612
v -0.4092829135 -0.6817987373 0.148957684
v -0.4131278864 -0.6221792906 0.150288994
v -0.419992591 -0.6323186046 0.1492218516
v -0.4354115815 -0.6475995173 0.1468277135
v -0.4242555849 -0.6426774552 0.1484778883
v -0.4203217969 -0.6830813008 0.1472045767
v -0.4116049192 -0.6926665892 0.1476025762
v -0.4242162309 -0.7098237298 0.1424742307
v -0.4309852397 -0.7012923362 0.1431419308
v -0.4325576679 -0.7171669133 0.1397666927
v -0.3901249809 -0.5762393991 0.1519112156
v -0.3960668044 -0.5882261583 0.1522163452
v -0.3846769689 -0.5911946034 0.1528160158
v -0.4076523885 -0.6099724652 0.1509751149
v -0.4289489786 -0.6271224184 0.148085121
v -0.4368205118 -0.620395146 0.1466459791
v -0.4410835057 -0.6307539966 0.1459020159
v -0.4526183983 -0.649433062 0.1428920226
v -0.4278291726 -0.6757953046 0.1468508383
v -0.4142064434 -0.7055332391 0.1450198933
v -0.40316756 -0.7042506755 0.1467730006
v -0.3933895713 -0.7127508312 0.1464678503
v -0.4594820659 -0.6921124869 0.1389258242
v -0.4973881752 -0.6270579783 0.1291288321
v -0.4700937024 -0.6056408593 0.1394017166
v -0.46118067 -0.6207147683 0.1411749814
v -0.4578680713 -0.6089528153 0.1426896093
v -0.4459248276 -0.6120629522 0.1454428766
v -0.5147519974 -0.5661873132 0.1241845179
v -0.4887265057 -0.6184386783 0.132306626
v -0.4795048609 -0.6093377821 0.1361408587
v -0.4948250654 -0.6103736481 0.130560396
v -0.478202613 -0.5786308021 0.1373115728
v -0.4876137715 -0.5823277249 0.1340507149
v -0.4761922621 -0.5975758291 0.1376554866
v -0.4582903225 -0.6325875413 0.141966325
v -0.5048910532 -0.6094181213 0.1267638276
v -0.5163722149 -0.5998952016 0.121696784
v -0.5155278718 -0.6099516247 0.1216591197
v -0.4504187893 -0.6393148137 0.1434054668
v -0.4337903005 -0.608431374 0.1476259818
v -0.4346037458 -0.5849101077 0.1476789689
v -0.4382596752 -0.5744625441 0.1470011271
v -0.4956694084 -0.600317225 0.1305980603
v -0.4989269357 -0.5399523548 0.1290492482
v -0.4962510806 -0.5497940605 0.1306714948
v -0.4831474343 -0.535311663 0.1343896465
v -0.4976797593 -0.581372198 0.1302541465
v -0.4203488665 -0.6028844494 0.1496764754
v -0.4033152703 -0.5960933468 0.151822506
v -0.4294531823 -0.5945522556 0.1484733729
v -0.375218767 -0.5602612085 0.1507471025
v -0.3669122956 -0.5508900881 0.1496942827
v -0.3791626391 -0.5477613766 0.1495927749
v -0.4584874617 -0.5713286504 0.1429679474
v -0.4667747759 -0.578666077 0.1408925218
v -0.388998435 -0.5241406916 0.1470373846
v -0.3831415449 -0.5365779477 0.148264653
v -0.4737673355 -0.5313075254 0.1364845235
v -0.4211623117 -0.5793631831 0.1497294625
v -0.4474170902 -0.5684925298 0.1454467454
v -0.4556980767 -0.5606171269 0.1433474971
v -0.4781962853 -0.5634179727 0.1372877501
v -0.4278214164 -0.5559411519 0.1472564352
v -0.4354702902 -0.5637510207 0.1473806768
v -0.4186640014 -0.5619111663 0.1488108168
v -0.3931852768 -0.4911952542 0.1424498628
v -0.3896521294 -0.4778631339 0.1403323453
v -0.4041038369 -0.4827682972 0.1407360033
v -0.2411327336 -0.84547321 0.1163033954
v -0.2257545674 -0.8518223512 0.1124972801
v -0.2332843603 -0.8409139286 0.1169007943
v -0.2451403762 -0.8245048485 0.1233350432
v -0.2544612716 -0.8150808169 0.1263210643
v -0.2245507017 -0.7083105668 0.1444035055
v -0.2155964968 -0.7052378818 0.1439343867
v -0.2234589524 -0.6951101407 0.1458468783
v -0.2607801567 -0.7486460202 0.1417869129
v -0.1953541848 -0.7630780003 0.133382231
v -0.2023666483 -0.7561865471 0.135046113
v -0.2114197206 -0.759313974 0.13520821
v -0.2079981133 -0.7750848793 0.1321585801
v -0.2617774264 -0.6594317355 0.1517538897
v -0.2527504816 -0.6679506171 0.1508917055
v -0.2283323678 -0.7205616217 0.1431636603
v -0.2327029533 -0.7320224783 0.1415756144
v -0.2210588317 -0.7298991644 0.1409029679
v -0.2156088365 -0.7408878314 0.1387053324
v -0.2112382509 -0.7294269748 0.1402933783
v -0.2685482341 -0.6507634555 0.1522897871
v -0.2881772331 -0.6599665883 0.1521913122
v -0.1659446289 -0.6431027293 0.1422700079
v -0.1817181975 -0.6406294534 0.1444485977
v -0.1796358138 -0.6779553274 0.1414111214
v -0.2069350249 -0.6209702381 0.1478606685
v -0.1963874084 -0.6251006732 0.1465901341
v -0.2191403789 -0.6637948819 0.1469031961
v -0.2318289539 -0.6557435895 0.1491960046
v -0.2344932118 -0.666516523 0.1490075209
v -0.1602119177 -0.5616978524 0.1425645624
v -0.151851498 -0.5688699646 0.1420696716
v -0.1532566295 -0.5836592722 0.1415905764
v -0.1622183148 -0.5901342839 0.1428165207
v -0.199631323 -0.5390004344 0.1444242597
v -0.1856825301 -0.5412830877 0.1441605877
v -0.1909614199 -0.5297808926 0.1436653497
v -0.1740663542 -0.58429419 0.1442328239
v -0.1858795679 -0.5599035722 0.1443276049
v -0.1694670803 -0.5585190922 0.143360242
v -0.1779399456 -0.5491181494 0.1439521348
v -0.2179125154 -0.6237644123 0.1482411549
v -0.2302074746 -0.6281222614 0.1491917296
v -0.2223501017 -0.6360308176 0.1484387337
v -0.3420775576 -0.7000995891 0.1511374995
v -0.3503698968 -0.6912079576 0.1515779393
v -0.3814948027 -0.7217080794 0.1464135819
v -0.3700163395 -0.6820390567 0.1520383794
v -0.3542496161 -0.682029017 0.1519289573
v -0.4029433218 -0.7470483304 0.1387361175
v -0.3879038356 -0.7432608008 0.1416344597
v -0.3587087677 -0.5433137305 0.1490207616
v -0.359150225 -0.5079870123 0.1455488366
v -0.372769013 -0.5061116152 0.1451397689
v -0.4314181164 -0.5294558822 0.1442160664
v -0.4254298205 -0.5452665343 0.1463912634
v -0.4170034236 -0.5382906454 0.1465113782
v -0.4133084854 -0.5192870313 0.1448716751
v -0.4056311178 -0.5060972434 0.1441303449
v -0.4153143519 -0.5092902054 0.143594851
v -0.403221025 -0.5444334683 0.148337963
v -0.4092093209 -0.5286228162 0.146162766
v -0.376793603 -0.5991036277 0.1533890257
v -0.2973600252 -0.5512093081 0.1498973197
v -0.289073248 -0.5601118009 0.1505624784
v -0.2579009252 -0.5295655382 0.146857531
v -0.2773214817 -0.575510541 0.1510800779
v -0.285204847 -0.569302922 0.1509047479
v -0.2694381202 -0.5693029172 0.1509160799
v -0.2575458321 -0.5703061491 0.1505641354
v -0.2662543653 -0.5604012583 0.1502327588
v -0.1944687596 -0.5036143809 0.1420443448
v -0.204189757 -0.5135888991 0.1428807054
v -0.1951892154 -0.5175237211 0.1430926611
v -0.2503156424 -0.5078454916 0.1439636906
v -0.2519754171 -0.4928966141 0.1421908156
v -0.1553446057 -0.4984560067 0.1399344874
v -0.1608834315 -0.4839808586 0.1381215504
v -0.1638708429 -0.5054232232 0.1410346047
v -0.1984072738 -0.4912612188 0.1405490729
v -0.2121077512 -0.4887540848 0.1405843268
v -0.2214666568 -0.4917379509 0.1411203991
v -0.2128282069 -0.502663425 0.1423684614
v -0.2456783411 -0.5233238274 0.1451280696
v -0.246170804 -0.5366897765 0.1468381407
v -0.2135486626 -0.5165727652 0.1434167776
v -0.1922712426 -0.4527052346 0.1337367198
v -0.2577397039 -0.4431417709 0.1338010595
v -0.2667171782 -0.4470376813 0.1349051616
v -0.2280676662 -0.5180476783 0.1440066064
v -0.2327049675 -0.5025693426 0.1428422274
v -0.2385855212 -0.5149697299 0.1439443002
v -0.2322872212 -0.6061862872 0.1496177941
v -0.2458879314 -0.6057796529 0.1508114402
v -0.2393705984 -0.6154492219 0.1501877969
v -0.2594526081 -0.4114888767 0.1262072462
v -0.2684919065 -0.4029508243 0.1242624368
v -0.2516528227 -0.4798411663 0.1405710809
v -0.2499056071 -0.4649900225 0.1382159427
v -0.2589807963 -0.4714506902 0.1392465719
v -0.2165465257 -0.4554424294 0.1347816225
v -0.225321558 -0.4647070842 0.1368785982
v -0.2842586083 -0.4029749932 0.1242439519
v -0.2881028065 -0.4121898916 0.1265211775
v -0.04338135885 -0.5295381807 0.1625409099
v -0.0473106702 -0.5044236826 0.1577098075
v -0.2395275056 -0.3733270734 0.1162581858
v -0.2486830706 -0.4200297912 0.1280127651
v -0.2334748152 -0.4415677687 0.1323217094
v -0.2471431482 -0.4440747631 0.1335569602
v -0.2435652478 -0.4540925521 0.1356561828
v -0.2266403737 -0.4049996176 0.1241257451
v -0.3798991214 -0.4681108318 0.1380084046
v -0.3708629931 -0.4766584797 0.1398721356
v -0.3708508236 -0.4924987886 0.1431201621
v -0.351243689 -0.4674396179 0.1377341867
v -0.4523668888 -0.3078968306 0.0917255642
v -0.4212374561 -0.2896294053 0.08651556795
v -0.4329946205 -0.3305145561 0.0997553857
v -0.4123926551 -0.2828583455 0.0845107887
v -0.4111958707 -0.294628875 0.08855360235
v -0.411574895 -0.260378465 0.07677279
v -0.4096745052 -0.2720560579 0.08099731215
v -0.439600713 -0.3451436176 0.1042717358
v -0.4292275314 -0.3395028767 0.1027807477
v -0.3715005542 -0.3170787213 0.09685426745
v -0.3619562022 -0.3067419916 0.09407086305
v -0.3889178308 -0.2777834988 0.0836770657
v -0.3996329198 -0.2770555276 0.08303534655
v -0.4921418866 -0.2630244738 0.0741363369
v -0.5577879259 -0.4113408406 0.0972524497
v -0.5621819559 -0.3954724656 0.0939040147
v -0.56832167 -0.404024575 0.093107615
v -0.5415615473 -0.4058043352 0.1022998216
v -0.5496524261 -0.4332313147 0.1036458654
v -0.560910715 -0.43746239 0.09839755
v -0.5466355011 -0.4508007548 0.1055873654
v -0.5121307851 -0.3821747122 0.1049074186
v -0.2227897715 -0.4196940867 0.1271426168
v -0.2476492713 -0.4306169875 0.1304665861
v -0.2380865149 -0.4209627835 0.1277686658
v 0.02039678705 -0.8463270411 0.1572012355
v 0.0084660485 -0.8416392103 0.1582339261
v 0.02889806545 -0.8827842456 0.1381203675
v 0.042074415 -0.89837406 0.13076479
v 0.036828574 -0.8882530379 0.1353855483
v 0.04391078145 -0.8817228776 0.1390443692
v 0.0039144835 -0.8322272638 0.1613109107
v -0.01558125915 -0.796082871 0.1714133889
v 0.01432279845 -0.8253013251 0.1675375469
v 0.0026830309 -0.7710164427 0.1888270592
v 0.0050987632 -0.76021275 0.1922711373
v -0.0058608251 -0.7617757479 0.1874181072
v -0.08836091415 -0.7591055078 0.1326538672
v -0.092548221 -0.7675781712 0.1282477421
v -0.0403742622 -0.7878894202 0.1592491481
v -0.0137369262 -0.6338672132 0.190538211
v 0.06078792385 -0.6919186217 0.2294546652
v 0.06650991085 -0.6840538599 0.232222388
v 0.0571189695 -0.676557688 0.2303520407
v 0.08598870785 -0.6249630063 0.2401408211
v 0.09459158305 -0.6200325344 0.2421662677
v 0.0915729398 -0.6105875989 0.2408221229
v -0.0263752221 -0.6336403417 0.1823388741
v -0.0150317319 -0.7460590408 0.1843766023
v 0.02070047895 -0.815537353 0.1735260506
v 0.02805161285 -0.8059537483 0.1794779484
v 0.08172823 -0.85297322 0.15327669
v 0.047284937 -0.8222480667 0.1717722046
v 0.0375273895 -0.8253986988 0.1696477952
v 0.0404734518 -0.8145838717 0.1759309492
v 0.031149709 -0.8351626708 0.1636592914
v 0.02199943195 -0.6183550127 0.2099040161
v 0.02482061945 -0.6291419218 0.2127742035
v 0.0269026406 -0.5802797819 0.2062475176
v 0.0458419726 -0.635464683 0.2251536628
v 0.0486652817 -0.6442408618 0.2270461353
v 0.0573571786 -0.6366024457 0.2310556537
v 0.1279241483 -0.615360345 0.2509967559
v 0.1295188017 -0.6038931629 0.2507062642
v 0.1176323714 -0.6080846771 0.2474946763
v 0.01327899625 -0.6084573462 0.2032324617
v 0.0427674232 -0.5775177946 0.2137630005
v 0.0310305688 -0.5696871612 0.2059457993
v 0.0092490704 -0.5579491255 0.192314142
v 0.04051144165 -0.5575183094 0.2077453355
v 0.05422648935 -0.5758827413 0.2195710957
v 0.0709547042 -0.5766658467 0.2272612023
v 0.05009856115 -0.586475362 0.2198728141
v 0.05107289715 -0.5999143815 0.2228937652
v 0.1293849382 -0.5647682725 0.2445742647
v 0.1424385087 -0.5707695771 0.250571969
v 0.142922705 -0.5599578433 0.2486300868
v 0.0506794073 -0.6158447769 0.2254798043
v 0.02446939965 -0.6407078683 0.2137278772
v 0.0375012955 -0.6315371527 0.2201904706
v 0.0461931924 -0.6238987365 0.224199989
v 0.0590200844 -0.6197723073 0.2304429964
v 0.1056106512 -0.5667002712 0.2372184942
v 0.1164473968 -0.5773793288 0.2432315298
v 0.1116105383 -0.5878980732 0.2435755487
v 0.1240638833 -0.5860987506 0.2468601658
v 0.1621821633 -0.6162194758 0.2609376332
v 0.1483739328 -0.6204168026 0.25655645
v 0.1502561144 -0.5519986259 0.2483961253
v 0.1372025439 -0.5459973213 0.242398421
v 0.1138213929 -0.4904463867 0.2122810421
v 0.1208825463 -0.5015731937 0.2192693918
v 0.1490357532 -0.771141955 0.1848279072
v 0.16363681 -0.77156593 0.18057262
v 0.1442863215 -0.7436494523 0.2018660869
v 0.2160653003 -0.5908390769 0.2681158707
v 0.2004507809 -0.5695396943 0.2650511369
v 0.1961902689 -0.5848582295 0.267722368
v 0.2061965647 -0.5793895083 0.2670009708
v 0.1671333945 -0.4309215885 0.1917646782
v 0.1737772685 -0.4169108258 0.1843975897
v 0.1590535513 -0.425779479 0.1883459498
v 0.1460996378 -0.4073981384 0.1762416231
v 0.1594198993 -0.4794872766 0.2187756525
v 0.1720731277 -0.472527921 0.2170355105
v 0.1619223855 -0.4652649567 0.2112337925
v 0.323922378 -0.4558021911 0.1429039746
v 0.317327868 -0.4493719089 0.1437037442
v 0.3192998035 -0.4637688654 0.1527433121
v 0.0741679546 -0.5095039355 0.2075182466
v 0.08537795255 -0.5195491603 0.2149636585
v 0.1031782124 -0.4963562061 0.2119450247
v 0.0964872921 -0.5285340971 0.2219302681
v 0.1139933316 -0.5442718183 0.2335043626
v 0.1088743421 -0.5362002831 0.2289807799
v 0.1021082612 -0.546150356 0.2299664932
v 0.1640493629 -0.508281477 0.2348742078
v 0.1487901501 -0.5217487762 0.2363545209
v 0.1597951662 -0.5245708046 0.2406841464
v 0.2132269257 -0.5398941952 0.25429453
v 0.206974648 -0.5482616977 0.258626452
v 0.3171133649 -0.3224728908 0.06309887365
v 0.3380499062 -0.3410082454 0.04671736895
v 0.3410682245 -0.3518615652 0.0467387812
v 0.3482537338 -0.3427048028 0.03274279775
v 0.3275635653 -0.3401770805 0.05970106535
v 0.3812521377 -0.4967636545 0.0795720185
v 0.3815884001 -0.5084627448 0.08846359375
v 0.2888521646 -0.5784839773 0.2306639144
v 0.3698358211 -0.458019792 0.066704591
v 0.3649453333 -0.4297589894 0.05460150055
v 0.3510706485 -0.4221644273 0.0719038046
v 0.351415394 -0.4339363083 0.08035905115
v 0.2372943708 -0.3424646288 0.1244324046
v 0.3347490438 -0.4586772277 0.1283638087
v 0.3692088783 -0.378892205 0.0150622394
v 0.371745196 -0.3909978446 0.0179714618
v 0.2926977868 -0.3693764562 0.1078226895
v 0.3092385297 -0.3617976978 0.09172330665
v 0.2927286165 -0.3585710611 0.1027854872
v 0.3081235934 -0.4278040604 0.1350739836
v 0.3109809084 -0.4385610362 0.1408755298
v 0.2758459859 -0.52989657 0.2224759274
v 0.2830996523 -0.5389578677 0.2217922151
v 0.2901035694 -0.5294468676 0.2132382549
v 0.3342089289 -0.3990136496 0.0838585766
v 0.3201024124 -0.4060626911 0.1078488227
v 0.3303423288 -0.4128422415 0.0982710682
v 0.266601437 -0.3556326021 0.1179815293
v 0.261805727 -0.3667853053 0.1269694708
v 0.2291633222 -0.3789863453 0.1497348435
v 0.2172789326 -0.3783740215 0.153622365
v 0.2232650456 -0.3886589671 0.1576260544
v 0.3409947772 -0.4160674732 0.08597108865
v 0.2943678828 -0.4271728161 0.1462278012
v 0.3024801016 -0.4192600386 0.1334151319
v 0.1634926456 -0.4490479214 0.2026033444
v 0.1508394172 -0.4560072769 0.2043434863
v 0.3044551591 -0.4614338701 0.1621828096
v 0.306358334 -0.4465277104 0.1507148673
v 0.2981081996 -0.4506229975 0.1593545953
v 0.3090415618 -0.4113989607 0.124046831
v 0.2952858512 -0.4107677163 0.1352006485
v 0.289058911 -0.4386260792 0.1571895981
v 0.2871557362 -0.4535322389 0.1686575405
v 0.2424545002 -0.4592828902 0.1967823014
v 0.2310658067 -0.4666276307 0.206570612
v 0.2488800373 -0.469286091 0.2007710318
v 0.32802579 -0.5409328181 0.1900072534
v 0.3123341781 -0.533583387 0.1991562616
v 0.3130488476 -0.5458575964 0.2034055344
v 0.39319289 -0.43264421 0
v 0.350324544 -0.5000700733 0.1378535539
v 0.3399166373 -0.4907256782 0.1445083476
v 0.326960384 -0.484145679 0.16000719
v 0.3380766942 -0.5227198047 0.1702596154
v 0.3388318739 -0.5381877098 0.1786218368
v 0.3495974474 -0.5322489057 0.1631234716
v 0.3602794055 -0.529054717 0.1431724087
v 0.3719649327 -0.5283987913 0.1223040817
v 0.3808968706 -0.5305772793 0.1081991203
v 0.2356672863 -0.5143094068 0.2344184293
v 0.2467158872 -0.5234765194 0.2344662029
v 0.2487573237 -0.5084137763 0.2252333962
v 0.1699503589 -0.4409161836 0.1980394671
v -0.5013908761 -0.5281431301 0.1275772067
v -0.5144945224 -0.5426255276 0.123859055
v -0.4850478508 -0.5542680333 0.1348593471
v -0.4140259501 -0.4420597789 0.1315918253
v -0.4148969512 -0.4307480174 0.1288520235
v -0.4625617402 -0.5235333072 0.138746857
v -0.2330492949 -0.8318404092 0.1198753452
v -0.1954717902 -0.8041728671 0.1253728661
v -0.2093685532 -0.811793577 0.1236340818
v -0.2035393002 -0.8214953211 0.120782565
v -0.2049193122 -0.721894526 0.1408596219
v -0.2212403015 -0.7597861636 0.1358177996
v -0.208128079 -0.7110552622 0.1424454773
v -0.1963591451 -0.7145114804 0.1408140854
v -0.2503480365 -0.7283880086 0.1440938437
v -0.2528927517 -0.7407424139 0.1427196218
v -0.2425212046 -0.7350393409 0.142462085
v -0.2077335365 -0.6804200812 0.1451708392
v -0.2006104339 -0.6885546379 0.1436638529
v -0.193839223 -0.6769372634 0.1434569325
v -0.2590283984 -0.7191514524 0.1459619887
v -0.2113834812 -0.671685261 0.1458393156
v -0.2181546921 -0.6833026356 0.146046236
v -0.225560591 -0.6467053075 0.1482404941
v -0.2132656318 -0.6423474583 0.1472899194
v -0.2070363297 -0.6978548361 0.1438888501
v -0.2271088971 -0.6863753206 0.1465153547
v -0.2400619066 -0.6760019094 0.1485988971
v -0.2364108002 -0.7977755092 0.1299585633
v -0.2448488465 -0.804287597 0.1288414828
v -0.2576918922 -0.8049235041 0.1291993703
v -0.2337324291 -0.7545357992 0.1386504299
v -0.2352476686 -0.7443768835 0.1402013925
v -0.2147923977 -0.613061682 0.1486136644
v -0.2136464893 -0.5946028625 0.1483823158
v -0.2246239798 -0.5973970367 0.1487628022
v -0.2686129485 -0.5854154318 0.1514114546
v -0.2647338093 -0.6033328217 0.1514784478
v -0.2568504478 -0.5971251978 0.1513144498
v -0.4117537414 -0.7535556806 0.1361263649
v -0.3862805391 -0.7582608396 0.1386754102
v -0.4214691239 -0.7483474824 0.1354618997
v -0.4106323117 -0.7919605114 0.1276640924
v -0.3957054435 -0.7911823624 0.1301532252
v -0.4492232175 -0.769365142 0.1261341381
v -0.3951034661 -0.5048080808 0.1444694697
v -0.3806517585 -0.4999029175 0.1440658116
v -0.4399505636 -0.5212545804 0.1424889515
v -0.4517343563 -0.5079994553 0.1390870092
v -0.451628306 -0.5231766461 0.1406940092
v -0.2389200744 -0.5701713537 0.149206134
v -0.2298171841 -0.5676192537 0.148163067
v -0.245259187 -0.5588523902 0.1488377473
v -0.2194292163 -0.5289731524 0.1445188505
v -0.2048276827 -0.4441559436 0.132056351
v -0.2362372742 -0.4624830281 0.1369806919
v -0.2181780717 -0.440299072 0.1316956605
v -0.2217559722 -0.4302812831 0.1295964379
v -0.2163576603 -0.5498478253 0.1459389991
v -0.2271986892 -0.5484847025 0.1465974986
v -0.2253152678 -0.5576634132 0.1471361808
v -0.2472748423 -0.5496158888 0.1481811412
v -0.2350522583 -0.543374178 0.1464516798
v -0.3820189821 -0.3073799993 0.0935379609
v -0.38028134 -0.271399605 0.08195022
v -0.4920297333 -0.2508764711 0.0698173732
v -0.5128287315 -0.4092465957 0.1110684013
v -0.5062574963 -0.400453005 0.1106002601
v -0.1857698422 -0.4176443268 0.1270134257
v 0.03871658245 -0.8670175671 0.1468761744
v 0.0243382238 -0.8274984759 0.167818036
v 0.03780916035 -0.8028031161 0.1816023579
v 0.0365166397 -0.7894801341 0.189144081
v 0.0195149703 -0.7818132188 0.1894147232
v 0.00366554015 -0.7822272757 0.1853286134
v -0.08201469635 -0.7787347835 0.1321967667
v 0.0782083004 -0.6849518419 0.2357239229
v 0.07453934605 -0.6695909081 0.2366212984
v 0.09082215915 -0.6526940221 0.2418563312
v 0.0957639499 -0.6439999729 0.2429503568
v 0.08406556035 -0.643101991 0.2403909402
v 0.1097014199 -0.6011373111 0.2450258772
v 0.1020849334 -0.5924178892 0.2413972411
v 0.1180639962 -0.5649009487 0.2405031114
v 0.06875196705 -0.6216721688 0.2339799288
v 0.0717706103 -0.6311171044 0.2353240736
v 0.1025225346 -0.6269799005 0.2446350669
v 0.1081067665 -0.6126044931 0.2453163688
v 0.09165184265 -0.5994516633 0.2393447381
v 0.1245116266 -0.6291615749 0.2497368078
v 0.1363980569 -0.6249700607 0.2529483957
v 0.08304896745 -0.6043821351 0.2373192914
v 0.07323818195 -0.6136182092 0.235259744
v 0.06965212865 -0.6485873323 0.2361225204
v 0.0745939194 -0.6398932832 0.237216546
v 0.1014975102 -0.6364248046 0.2445392623
v 0.108254109 -0.6460168358 0.2460046532
v 0.1732598202 -0.6254698975 0.2625824015
v 0.1785046964 -0.6120245989 0.2646154786
v 0.1337114997 -0.5928745666 0.2511646178
v 0.1846815461 -0.5987411103 0.2663214561
v 0.1724603355 -0.5503163381 0.2549341115
v 0.1594393617 -0.5563880431 0.2530622855
v 0.1689972493 -0.5598874429 0.2564996171
v 0.1992068778 -0.523353324 0.2486327963
v 0.1884661307 -0.5228531533 0.247239128
v 0.1927514722 -0.5319522517 0.2515294959
v 0.1156785446 -0.5190742279 0.2249140118
v 0.1280008745 -0.5269507903 0.2322406161
v 0.1229200065 -0.5117032728 0.2246359787
v 0.1832556155 -0.6294998067 0.2621532237
v 0.1669330823 -0.6336946837 0.2584753784
v 0.1557154714 -0.6411825102 0.2535440858
v 0.1657112667 -0.6452124195 0.2531149081
v 0.1962376499 -0.5589433555 0.2613505913
v 0.186231354 -0.5644120767 0.2620719885
v 0.06433199185 -0.522074923 0.2079246497
v 0.1185481926 -0.5540892149 0.2385612291
v 0.132647683 -0.5361799246 0.2373415544
v 0.1398891448 -0.5288089696 0.2370635213
v 0.1083723626 -0.5266555594 0.2254681375
v 0.1253142736 -0.544139142 0.2375755159
v 0.1385483582 -0.5823558222 0.2508205989
v 0.1761415293 -0.567759476 0.2601290668
v 0.1803546604 -0.5783558148 0.2638296123
v 0.1537192006 -0.5424275211 0.2468306197
v 0.1689784135 -0.5289602219 0.2453503066
v 0.151156752 -0.4888418804 0.2217592583
v 0.1613074942 -0.4961048448 0.2275609765
v 0.1723125102 -0.4989268732 0.2318906019
v 0.1841659701 -0.5026547904 0.2361614033
v 0.1849879577 -0.5126788655 0.2417731308
v 0.1940995487 -0.5042301504 0.2387307009
v 0.1814241013 -0.4904781582 0.228848172
v 0.2003192135 -0.4771584828 0.2213249594
v 0.2067729301 -0.4692028331 0.2162959417
v 0.1932015669 -0.4668304836 0.2154496332
v 0.2035840689 -0.4868684539 0.2276451207
v 0.2045263372 -0.4994849876 0.234612013
v 0.2148328449 -0.4921473661 0.2291381602
v 0.1781592459 -0.4807681871 0.2225280108
v 0.1900127057 -0.4844961043 0.2267988122
v 0.1810333272 -0.4501738633 0.2049297733
v 0.2256909603 -0.478080832 0.2163653052
v 0.2192654231 -0.4680776312 0.2123765747
v 0.2190706451 -0.4343338709 0.1890154495
v 0.2172018077 -0.4439505255 0.1962478577
v 0.226509107 -0.4470077754 0.1953494735
v 0.2257996497 -0.489388748 0.2236784452
v 0.2376000334 -0.4879387476 0.2178724825
v 0.2121477766 -0.4577496319 0.2065012486
v 0.2476648585 -0.4827831607 0.2102582883
v 0.2477735479 -0.4940910768 0.2175714283
v 0.28146445 -0.4977299064 0.2010726004
v 0.2777321637 -0.5113482082 0.2118295321
v 0.2865821893 -0.506767268 0.2031650355
v 0.2047093147 -0.4450757275 0.2001672246
v 0.1871154487 -0.4585902175 0.209957133
v 0.1806617321 -0.4665458672 0.2149861507
v 0.226741918 -0.5020052818 0.2306453375
v 0.2590535519 -0.4754384202 0.2004699776
v 0.2415014185 -0.4494500931 0.190231654
v 0.2433702558 -0.4398334386 0.1829992458
v 0.2057763758 -0.4199257082 0.1838190312
v 0.193573162 -0.4504584797 0.2053932558
v 0.2247004815 -0.5170680249 0.2398781442
v 0.2588221488 -0.5032581895 0.217619202
v 0.2748195688 -0.4890937097 0.2000356671
v 0.267431543 -0.4824060314 0.2001457357
v 0.2652263987 -0.4956231683 0.2098471655
v 0.2682345074 -0.4419055385 0.1721869849
v 0.259315649 -0.4521085534 0.1844320737
v 0.2096336663 -0.5186081611 0.2445141083
v 0.2185590346 -0.5309122861 0.2482872001
v 0.2906523004 -0.5480392491 0.2208634454
v 0.2282937409 -0.5383540589 0.2496585659
v 0.2360906938 -0.5443970283 0.2489284184
v 0.2414228026 -0.5354151193 0.2429210884
v 0.295361786 -0.558698445 0.2211156954
v 0.3020667213 -0.5491673613 0.2128067927
v 0.1032914946 -0.5114080419 0.2178635
v 0.1403472414 -0.4676717678 0.2085496827
v 0.3610345851 -0.5445226221 0.1515346302
v 0.3371569635 -0.561352143 0.188369981
v 0.3254699798 -0.565007502 0.1981572324
v 0.3395465433 -0.5504619191 0.1828711096
v 0.3177583332 -0.5565167924 0.2036577844
v 0.3184917566 -0.595135777 0.1994594543
v 0.2913064333 -0.5676640983 0.2255436339
v 0.3384343612 -0.5074366055 0.1614160438
v 0.2662101746 -0.5099458678 0.2175091335
v 0.3015695389 -0.5276428897 0.2040539658
v 0.2943158725 -0.5185815919 0.2047376781
v 0.2980481588 -0.5049632901 0.1939807464
v 0.2713279138 -0.5189832294 0.2196015686
v 0.2643239968 -0.5284942295 0.2281555287
v 0.3169041483 -0.5074349122 0.1818121132
v 0.3183761665 -0.4903648869 0.1707023803
v 0.3072538603 -0.4997075887 0.1844436561
v 0.2866148688 -0.470702865 0.1805783874
v 0.2836695943 -0.4845127695 0.1913711705
v 0.2545128401 -0.5295194888 0.2337360554
v 0.2590309122 -0.5404328294 0.2366104142
v 0.2531127817 -0.5578352193 0.2460106049
v 0.310715586 -0.4699880733 0.1634385024
v 0.317310096 -0.4764183556 0.1626387328
v 0.3276687876 -0.5133754095 0.176914409
v 0.3165464813 -0.5227181114 0.1906556848
v -0.4696251523 -0.4925649827 0.1345580479
v -0.4818222592 -0.4869471925 0.1309591382
v -0.2063572013 -0.5859322809 0.1474263742
v -0.193882493 -0.5832130789 0.146328308
v -0.1833215169 -0.5811154298 0.1450285035
v -0.1879676788 -0.5714021642 0.1450355166
v -0.2260946508 -0.5355585901 0.1452544981
v -0.2115756472 -0.5340836769 0.1446646692
v -0.2438081847 -0.6277156272 0.1503853757
v -0.2024849016 -0.6398567952 0.1464631863
v -0.1888171674 -0.6332845 0.1455651615
v -0.2409134239 -0.6494269487 0.1503448189
v -0.2476842316 -0.6407586687 0.1508807162
v -0.2539525945 -0.6497969507 0.1518362267
v -0.2087192233 -0.6609123275 0.1460277993
v -0.4315241667 -0.5142786915 0.1426090663
v -0.3992421191 -0.5556168972 0.149666085
v -0.4062649721 -0.5636861257 0.1499990601
v -0.3944919635 -0.5652017255 0.1509785698
v -0.3914480163 -0.5459490681 0.1493174728
v -0.3908176816 -0.4596838748 0.1362945452
v -0.4179173473 -0.4905891722 0.1413467674
v -0.4341271621 -0.4955776584 0.1403609828
v -0.4238467991 -0.5010889036 0.1418677361
v 0.0178880681 -0.6477188769 0.2104076125
v 0.0489293907 -0.6580052484 0.2273952221
v 0.0374141847 -0.6568674857 0.2214932312
v 0.0826807526 -0.6611424651 0.2397098739
v 0.07098236305 -0.6602444832 0.236208339
v 0.1033430119 -0.6930822856 0.2356239764
v 0.1120318961 -0.6893207291 0.2369956857
v 0.1039349799 -0.6833836691 0.2400636076
v 0.1592304052 -0.5854174261 0.2585058707
v 0.1688459376 -0.5922386957 0.2624287004
v 0.1520861251 -0.577545393 0.254876421
v 0.1631205556 -0.573831181 0.2582572409
v 0.1861004442 -0.5882056288 0.2657794463
v 0.182014474 -0.5426339095 0.2542536353
v 0.1724565865 -0.5391345096 0.2508163038
v 0.2635988422 -0.4039889088 0.1500528518
v 0.2531711797 -0.3976306477 0.1511599742
v 0.2578250796 -0.4128262429 0.1585813106
v 0.2177597028 -0.4220922661 0.1813226477
v 0.2137727328 -0.4107413533 0.1752278452
v 0.2270670021 -0.425149516 0.1804242635
v 0.2117380697 -0.3683605854 0.1488576005
v 0.2365767384 -0.4096879464 0.1662099473
v 0.2412734261 -0.3978696363 0.156713483
v 0.2304527475 -0.4010896011 0.1632349973
v 0.2412865079 -0.3783460411 0.1443963023
v 0.2470471888 -0.3890323023 0.1481850242
v 0.2531842615 -0.3781070524 0.1388427935
v 0.2065850309 -0.3983107194 0.1696189023
v 0.218568358 -0.4004772772 0.1671225188
v 0.2567642172 -0.42332907 0.1660909749
v 0.2463365547 -0.4169708089 0.1671980973
v 0.2830828476 -0.3537010862 0.1078429903
v 0.2177344904 -0.3592387294 0.141921762
v 0.2355158761 -0.4201907737 0.1737196116
v 0.2288171244 -0.3603974248 0.1385154583
v 0.2518191298 -0.4348746962 0.176294594
v 0.2633076547 -0.4307301302 0.1676778073
v 0.2834154193 -0.4300820574 0.1555307464
v 0.2856925727 -0.4037973229 0.1368631968
v 0.2754567482 -0.4040751778 0.1433158161
v 0.2784885665 -0.4189066491 0.1510215689
v 0.2053483248 -0.5095090627 0.2402237405
v 0.1927552211 -0.5431340801 0.2556473036
v 0.1785325521 -0.5212777932 0.2446698304
v 0.2447432478 -0.5502484714 0.2480314064
v -0.4574684439 -0.4976464729 0.1372606076
v -0.4457907015 -0.4957244074 0.1390555499
v -0.4611478787 -0.4570645204 0.1326101581
v -0.4499857883 -0.4504299434 0.1317472809
v -0.4586911463 -0.4455846673 0.1300655385
v -0.4959081931 -0.4652920082 0.1254683598
v -0.4890083005 -0.4756030401 0.1280463296
v -0.4827380984 -0.4648974127 0.1292460591
v -0.2563777326 -0.5521679887 0.1492242081
v -0.2189761552 -0.5689823766 0.1475045675
v -0.2421038292 -0.5790730126 0.1498894552
v -0.2110033632 -0.5762190152 0.1474333874
v -0.2062967575 -0.545585872 0.1451599072
v -0.3930975996 -0.5148049068 0.1457462938
v -0.4139138459 -0.5714959946 0.1501233017
v -0.3831021279 -0.5681701706 0.1515782405
v -0.4087632824 -0.5811381425 0.1509177057
v -0.3923110904 -0.44843735 0.1335252193
v 0.03056874415 -0.6501141079 0.2178238796
v 0.03083285315 -0.6638784944 0.2181729665
v 0.0615107221 -0.6570357754 0.2330339447
v 0.09437914215 -0.6620404471 0.2422692906
v 0.0502596251 -0.6696623992 0.2274810408
v 0.0445376381 -0.677527161 0.224713318
v 0.09943079985 -0.6750555014 0.2407790751
v 0.1075722064 -0.6666070584 0.2429255323
v 0.1217064053 -0.6902248636 0.2349041582
v 0.1366083802 -0.68665104 0.2344584185
v 0.0327924338 -0.6799869939 0.2191064319
v 0.0942711983 -0.6965630593 0.2353942277
v 0.08271248045 -0.6932800096 0.2350084555
v 0.09074191565 -0.6788170579 0.2394073658
v 0.139874321 -0.6962744129 0.2290193207
v 0.0683103918 -0.7559675649 0.2088605519
v 0.0550177697 -0.7557808538 0.2078084464
v 0.0727921375 -0.7246029913 0.2234451215
v 0.0891906825 -0.7619640769 0.2039344659
v 0.097486243 -0.7324686609 0.2179321021
v 0.2368268184 -0.4324323784 0.1814124135
v 0.2731795948 -0.4303599123 0.1619833658
v -0.4636814975 -0.4802899348 0.1345265886
v -0.4949923539 -0.4873417881 0.1271814389
v -0.5096559618 -0.4886824612 0.1223355238
v -0.3995260868 -0.5254298543 0.1466982599
v -0.421405545 -0.4214520535 0.1260864485
v -0.431002987 -0.4278804667 0.1273382413
v -0.4267289054 -0.4494690009 0.1328774749
v -0.4482631579 -0.4196192427 0.124176506
v -0.4532718954 -0.4298020364 0.1264915035
v -0.4425203183 -0.4287672966 0.1268876638
v -0.4678094555 -0.4270629181 0.1243012068
v -0.462066616 -0.436210972 0.1270123646
v -0.4407029693 -0.4618356839 0.134971517
v -0.4382462368 -0.4503558308 0.1324268974
v -0.4402441035 -0.4735664982 0.1364401409
v -0.4398612497 -0.485224676 0.1385345812
v -0.4330008959 -0.408171508 0.1222311909
v -0.4360117245 -0.4380632604 0.1296532388
v -0.4443915797 -0.4094207724 0.1217365095
v -0.4398808947 -0.3990077776 0.119395034
v -0.4696895751 -0.3936080493 0.1157148713
v -0.4853933781 -0.4215725531 0.1202040384
v -0.4747587671 -0.418794051 0.1215499683
v -0.4863005655 -0.4314382729 0.1223988408
v -0.4950897674 -0.4195389723 0.1177808112
v 0.1023681145 -0.7025001192 0.2323263058
v 0.1635511834 -0.6599191286 0.2443737812
v 0.1484607348 -0.6625873558 0.2443637264
v 0.144961411 -0.6342180325 0.2552965018
v 0.08956206365 -0.7389053308 0.2161908537
v 0.08567904875 -0.749142334 0.2114036847
v 0.07943543575 -0.7589543427 0.2066019895
v 0.0798068169 -0.7358955966 0.2188583773
v -0.451983655 -0.4736406108 0.1357605244
v -0.4728457213 -0.4637138443 0.1313762223
v -0.4641403633 -0.4685591205 0.1330579647
v -0.5152458499 -0.4768408982 0.1196275609
v -0.4732287065 -0.442845549 0.1278752418
v -0.5293527153 -0.4185775999 0.1090658317
v -0.5107065639 -0.4190042566 0.1135834391
v -0.5519951237 -0.4626490544 0.103397214
v -0.5407368348 -0.4584179791 0.1086455295
v 0.1150126936 -0.6289967632 0.2476893633
v 0.1234866022 -0.638606479 0.2496410031
v 0.1185749589 -0.6478711537 0.2481011274
v 0.1128413986 -0.655446322 0.2465122219
v -0.4928174728 -0.4419955365 0.1233218515
v -0.4831210835 -0.4440291173 0.1257450787
v -0.5029476996 -0.45787593 0.1227314831
v -0.5007866196 -0.4478818016 0.1225767263
v -0.5140963282 -0.4511713508 0.11864012
v -0.4797456138 -0.4534028125 0.1287982525
v -0.4946487014 -0.5207405357 0.1295928431
v -0.5102162881 -0.5234137085 0.1244026499
v -0.5092179018 -0.4685815574 0.1215317535
v -0.55501485 -0.471797695 0.102191755
v -0.5491161837 -0.4794149194 0.1052499191
v -0.5236562302 -0.4438734509 0.114660522
v -0.519582898 -0.4347562416 0.1150331164
v -0.53130388 -0.4374524701 0.1112082752
v -0.5455790939 -0.4241141054 0.1040184598
v -0.537204881 -0.4739752198 0.1107209349
v -0.5039661015 -0.4352909572 0.1192304885
v -0.5116137512 -0.4288699765 0.1157782417
v -0.5477012615 -0.4143564445 0.1015034219
v -0.244516983 -0.8563313451 0.1132138408
v -0.2027477997 -0.880434973 0.1011925469
v -0.1849104122 -0.8457225032 0.1125141976
v -0.1992507982 -0.8486114207 0.1125171829
v -0.160918247 -0.876897834 0.0989778747
v -0.2112104253 -0.8533909315 0.1109178591
v -0.1452168269 -0.9114612311 0.08267138845
v -0.2803183478 -0.6194518607 0.1524881155
v -0.2311413129 -0.5877274677 0.1493864455
v -0.2685567936 -0.6126100398 0.1518654851
v -0.2497670706 -0.5878622631 0.1507444469
v -0.2686107585 -0.4801040209 0.1408307566
v 0.3824817193 -0.5911011368 0.1234507457
v -0.15114169 -0.8560395699 0.1032106731
v -0.1459206259 -0.8358589159 0.1069989172
v 0.02586857695 -0.3145123461 0.1084346909
v 0.0241005893 -0.3030027204 0.1025351881
v 0.04522463235 -0.3481859952 0.1273032628
v 0.0453624753 -0.329623055 0.1182302049
v 0.03634268515 -0.3338071316 0.1189257299
v 0.08530638445 -0.3018552915 0.1076048387
v 0.1566921784 -0.4150291896 0.1818655477
v 0.177211054 -0.4000689146 0.1740598765
v -0.4581599885 -0.8011388256 0.1177081973
v -0.4367632702 -0.834923819 0.112553838
v -0.4269665646 -0.8254530393 0.1162655852
v -0.4446990289 -0.8257366555 0.1139628011
v -0.4273666879 -0.8434659214 0.1112507011
v -0.4554649633 -0.8235934677 0.1130139101
v -0.4456682577 -0.814122688 0.1167256573
v -0.2700395215 -0.8057415902 0.129462285
v -0.1462117501 -0.5768672013 0.141515895
v -0.16815154 -0.5724832752 0.1429400325
v -0.1648849293 -0.3869542564 0.1215313639
v -0.1802234779 -0.3881169663 0.1209896323
v -0.02233973745 -0.8826831041 0.1291382285
v -0.04678852805 -0.5164613215 0.1600998262
v 0.1500483045 -0.4290399522 0.1892326362
v 0.0805808132 -0.2805417726 0.0946485969
v 0.084177255 -0.2682553672 0.08751833215
v 0.0580714056 -0.2979669204 0.1026646811
v 0.0516446752 -0.3106111864 0.1089807757
v 0.0780967917 -0.2940695699 0.1022807735
v 0.0461347889 -0.3197101017 0.1133243252
v 0.0419904144 -0.3061452763 0.1055091224
v 0.0550167361 -0.3340889651 0.1217018582
v 0.0271841931 -0.326288478 0.1142344009
v 0.397868382 -0.5076455775 0.05418246875
v -0.5116044046 -0.5886507861 0.1249197157
v -0.5035487676 -0.570661286 0.1283723703
v -0.5008273522 -0.558908725 0.1295189488
v 0.384103015 -0.40074845 0
v 0.3545247165 -0.4118901542 0.06021353805
v 0.3760048 -0.368558045 0
v 0.3651277983 -0.3626699 0.0150622394
v 0.3539266786 -0.4015042696 0.05511187285
v 0.361597886 -0.3529469313 0.016382105
v 0.3548019643 -0.3632810913 0.0314443444
v 0.333455906 -0.3890280017 0.07849398385
v 0.3362148503 -0.3781638446 0.0681834433
v 0.3267279569 -0.3813699421 0.08312579055
v 0.3403794766 -0.3620319538 0.05278973
v -0.2056953908 -0.6505312852 0.1462649468
v 0.31443139 -0.5862738996 0.2069906595
v 0.2708028484 -0.3888795825 0.1358944797
v 0.279424314 -0.3775578354 0.124021157
v 0.2675664079 -0.3774715665 0.1307581927
v 0.2959342272 -0.3807844722 0.1129589765
v 0.2922540329 -0.395936245 0.1274948959
v 0.3055275057 -0.3877548657 0.1112964282
v 0.3165883563 -0.3824185961 0.09509842
v 0.312908162 -0.3975703688 0.1096343393
v 0.3193473006 -0.3715544389 0.08478787945
v 0.3436958223 -0.3958075521 0.06891622935
v 0.343909389 -0.3717549225 0.0514698644
v -0.4482015124 -0.8040588664 0.1188596766
v -0.4374355779 -0.8062020542 0.1198085676
v -0.4243435007 -0.8151662819 0.1197040575
v -0.416972265 -0.84973778 0.11082433
v -0.3894562343 -0.8265426606 0.1210863115
v -0.416407742 -0.8243534454 0.1182950944
v -0.0380778492 -0.7969351051 0.1577679191
v -0.00729404815 -0.7837902735 0.1804755832
v -0.01787767215 -0.7870371862 0.1728946179
v -0.0271473924 -0.7881189507 0.1673308696
v 0.2353003948 -0.3680610954 0.1403926128
f 118 1233 1235
f 1233 119 1234
f 1235 1234 117
f 1233 1234 1235
f 371 1236 1238
f 1236 490 1237
f 1238 1237 206
f 1236 1237 1238
f 117 1234 1240
f 1234 119 1239
f 1240 1239 120
f 1234 1239 1240
f 276 1241 1243
f 1241 264 1242
f 1243 1242 539
f 1241 1242 1243
f 115 1244 1246
f 1244 116 1245
f 1246 1245 121
f 1244 1245 1246
f 120 1247 1240
f 1247 116 1248
f 1240 1248 117
f 1247 1248 1240
f 121 1245 1249
f 1245 116 1247
f 1249 1247 120
f 1245 1247 1249
f 146 1250 1252
f 1250 145 1251
f 1252 1251 517
f 1250 1251 1252
f 268 1253 1255
f 1253 267 1254
f 1255 1254 144
f 1253 1254 1255
f 347 1256 1258
f 1256 1139 1257
f 1258 1257 346
f 1256 1257 1258
f 442 1259 1261
f 1259 33 1260
f 1261 1260 34
f 1259 1260 1261
f 222 1262 1264
f 1262 239 1263
f 1264 1263 232
f 1262 1263 1264
f 123 1265 1267
f 1265 218 1266
f 1267 1266 122
f 1265 1266 1267
f 218 1268 1266
f 1268 217 1269
f 1266 1269 122
f 1268 1269 1266
f 234 1270 1272
f 1270 7 1271
f 1272 1271 8
f 1270 1271 1272
f 218 1273 1268
f 1273 114 1274
f 1268 1274 217
f 1273 1274 1268
f 310 1275 1277
f 1275 229 1276
f 1277 1276 123
f 1275 1276 1277
f 224 1278 1280
f 1278 241 1279
f 1280 1279 245
f 1278 1279 1280
f 229 1281 1283
f 1281 113 1282
f 1283 1282 218
f 1281 1282 1283
f 112 1284 1286
f 1284 219 1285
f 1286 1285 111
f 1284 1285 1286
f 1138 1287 1289
f 1287 340 1288
f 1289 1288 1168
f 1287 1288 1289
f 217 1290 1269
f 1290 121 1291
f 1269 1291 122
f 1290 1291 1269
f 521 1292 1294
f 1292 68 1293
f 1294 1293 69
f 1292 1293 1294
f 225 1295 1297
f 1295 214 1296
f 1297 1296 443
f 1295 1296 1297
f 219 1284 1299
f 1284 112 1298
f 1299 1298 229
f 1284 1298 1299
f 113 1281 1300
f 1281 229 1298
f 1300 1298 112
f 1281 1298 1300
f 111 1301 1303
f 1301 297 1302
f 1303 1302 110
f 1301 1302 1303
f 1136 1304 1306
f 1304 237 1305
f 1306 1305 81
f 1304 1305 1306
f 225 1307 1309
f 1307 444 1308
f 1309 1308 318
f 1307 1308 1309
f 339 1310 1312
f 1310 614 1311
f 1312 1311 109
f 1310 1311 1312
f 614 1313 1315
f 1313 463 1314
f 1315 1314 108
f 1313 1314 1315
f 244 1316 1318
f 1316 243 1317
f 1318 1317 240
f 1316 1317 1318
f 297 1301 1319
f 1301 111 1285
f 1319 1285 219
f 1301 1285 1319
f 310 1277 1321
f 1277 123 1320
f 1321 1320 124
f 1277 1320 1321
f 445 1322 1324
f 1322 93 1323
f 1324 1323 94
f 1322 1323 1324
f 228 1325 1327
f 1325 236 1326
f 1327 1326 1137
f 1325 1326 1327
f 463 1328 1314
f 1328 107 1329
f 1314 1329 108
f 1328 1329 1314
f 341 1330 1332
f 1330 621 1331
f 1332 1331 465
f 1330 1331 1332
f 426 1333 1335
f 1333 424 1334
f 1335 1334 226
f 1333 1334 1335
f 232 1336 1338
f 1336 223 1337
f 1338 1337 300
f 1336 1337 1338
f 640 1339 1341
f 1339 343 1340
f 1341 1340 637
f 1339 1340 1341
f 7 1270 1343
f 1270 234 1342
f 1343 1342 233
f 1270 1342 1343
f 253 1344 1346
f 1344 430 1345
f 1346 1345 431
f 1344 1345 1346
f 105 1347 1348
f 1347 343 1339
f 1348 1339 640
f 1347 1339 1348
f 434 1349 1351
f 1349 433 1350
f 1351 1350 432
f 1349 1350 1351
f 109 1352 1312
f 1352 110 1353
f 1312 1353 339
f 1352 1353 1312
f 441 1354 1355
f 1354 297 1319
f 1355 1319 219
f 1354 1319 1355
f 47 1356 1357
f 1356 226 1334
f 1357 1334 424
f 1356 1334 1357
f 274 1358 1360
f 1358 273 1359
f 1360 1359 162
f 1358 1359 1360
f 318 1361 1363
f 1361 25 1362
f 1363 1362 26
f 1361 1362 1363
f 243 1364 1366
f 1364 224 1365
f 1366 1365 235
f 1364 1365 1366
f 184 1367 1369
f 1367 222 1368
f 1369 1368 183
f 1367 1368 1369
f 345 1370 1372
f 1370 132 1371
f 1372 1371 346
f 1370 1371 1372
f 131 1373 1375
f 1373 132 1374
f 1375 1374 161
f 1373 1374 1375
f 434 1376 1349
f 1376 599 1377
f 1349 1377 433
f 1376 1377 1349
f 239 1378 1380
f 1378 5 1379
f 1380 1379 6
f 1378 1379 1380
f 213 1381 1382
f 1381 131 1375
f 1382 1375 161
f 1381 1375 1382
f 213 1382 1384
f 1382 161 1383
f 1384 1383 160
f 1382 1383 1384
f 345 1385 1370
f 1385 161 1374
f 1370 1374 132
f 1385 1374 1370
f 80 1386 1387
f 1386 81 1305
f 1387 1305 237
f 1386 1305 1387
f 138 1388 1390
f 1388 351 1389
f 1390 1389 137
f 1388 1389 1390
f 619 1391 1393
f 1391 247 1392
f 1393 1392 617
f 1391 1392 1393
f 177 1394 1396
f 1394 646 1395
f 1396 1395 143
f 1394 1395 1396
f 468 1397 1399
f 1397 354 1398
f 1399 1398 351
f 1397 1398 1399
f 349 1400 1402
f 1400 347 1401
f 1402 1401 134
f 1400 1401 1402
f 231 1403 1405
f 1403 221 1404
f 1405 1404 238
f 1403 1404 1405
f 143 1406 1408
f 1406 474 1407
f 1408 1407 178
f 1406 1407 1408
f 317 1409 1411
f 1409 24 1410
f 1411 1410 25
f 1409 1410 1411
f 317 1412 1409
f 1412 235 1413
f 1409 1413 24
f 1412 1413 1409
f 136 1414 1416
f 1414 137 1415
f 1416 1415 356
f 1414 1415 1416
f 356 1415 1417
f 1415 137 1389
f 1417 1389 351
f 1415 1389 1417
f 181 1418 1420
f 1418 355 1419
f 1420 1419 182
f 1418 1419 1420
f 147 1421 1423
f 1421 146 1422
f 1423 1422 515
f 1421 1422 1423
f 469 1424 1426
f 1424 353 1425
f 1426 1425 645
f 1424 1425 1426
f 658 1427 1429
f 1427 480 1428
f 1429 1428 159
f 1427 1428 1429
f 487 1430 1432
f 1430 488 1431
f 1432 1431 366
f 1430 1431 1432
f 130 1433 1434
f 1433 131 1381
f 1434 1381 213
f 1433 1381 1434
f 476 1435 1437
f 1435 654 1436
f 1437 1436 656
f 1435 1436 1437
f 663 1438 1440
f 1438 172 1439
f 1440 1439 171
f 1438 1439 1440
f 152 1441 1443
f 1441 668 1442
f 1443 1442 153
f 1441 1442 1443
f 624 1444 1445
f 1444 247 1391
f 1445 1391 619
f 1444 1391 1445
f 360 1446 1448
f 1446 477 1447
f 1448 1447 361
f 1446 1447 1448
f 155 1449 1451
f 1449 615 1450
f 1451 1450 156
f 1449 1450 1451
f 156 1452 1454
f 1452 157 1453
f 1454 1453 477
f 1452 1453 1454
f 161 1455 1383
f 1455 344 1456
f 1383 1456 160
f 1455 1456 1383
f 429 1457 1459
f 1457 296 1458
f 1459 1458 428
f 1457 1458 1459
f 958 1460 1462
f 1460 968 1461
f 1462 1461 969
f 1460 1461 1462
f 648 1463 1465
f 1463 647 1464
f 1465 1464 649
f 1463 1464 1465
f 177 1466 1468
f 1466 211 1467
f 1468 1467 176
f 1466 1467 1468
f 173 1469 1471
f 1469 256 1470
f 1471 1470 489
f 1469 1470 1471
f 661 1472 1474
f 1472 483 1473
f 1474 1473 482
f 1472 1473 1474
f 175 1475 1477
f 1475 257 1476
f 1477 1476 255
f 1475 1476 1477
f 174 1478 1480
f 1478 255 1479
f 1480 1479 256
f 1478 1479 1480
f 367 1481 1483
f 1481 368 1482
f 1483 1482 254
f 1481 1482 1483
f 173 1484 1486
f 1484 172 1485
f 1486 1485 661
f 1484 1485 1486
f 652 1487 1489
f 1487 476 1488
f 1489 1488 651
f 1487 1488 1489
f 255 1476 1491
f 1476 257 1490
f 1491 1490 210
f 1476 1490 1491
f 161 1385 1455
f 1385 345 1492
f 1455 1492 344
f 1385 1492 1455
f 475 1493 1495
f 1493 646 1494
f 1495 1494 647
f 1493 1494 1495
f 657 1496 1498
f 1496 854 1497
f 1498 1497 852
f 1496 1497 1498
f 140 1499 1501
f 1499 141 1500
f 1501 1500 279
f 1499 1500 1501
f 433 1377 1503
f 1377 599 1502
f 1503 1502 296
f 1377 1502 1503
f 505 1504 1506
f 1504 508 1505
f 1506 1505 164
f 1504 1505 1506
f 641 1507 1509
f 1507 104 1508
f 1509 1508 640
f 1507 1508 1509
f 672 1510 1512
f 1510 150 1511
f 1512 1511 149
f 1510 1511 1512
f 264 1513 1515
f 1513 274 1514
f 1515 1514 275
f 1513 1514 1515
f 601 1516 1518
f 1516 221 1517
f 1518 1517 600
f 1516 1517 1518
f 389 1519 1521
f 1519 718 1520
f 1521 1520 269
f 1519 1520 1521
f 100 1522 1524
f 1522 101 1523
f 1524 1523 497
f 1522 1523 1524
f 210 1525 1491
f 1525 209 1526
f 1491 1526 255
f 1525 1526 1491
f 80 1527 1529
f 1527 231 1528
f 1529 1528 79
f 1527 1528 1529
f 91 1530 1532
f 1530 92 1531
f 1532 1531 298
f 1530 1531 1532
f 984 1533 1535
f 1533 1202 1534
f 1535 1534 238
f 1533 1534 1535
f 705 1536 1538
f 1536 144 1537
f 1538 1537 145
f 1536 1537 1538
f 33 1539 1540
f 1539 236 1325
f 1540 1325 228
f 1539 1325 1540
f 313 1541 1543
f 1541 34 1542
f 1543 1542 35
f 1541 1542 1543
f 102 1544 1546
f 1544 1192 1545
f 1546 1545 101
f 1544 1545 1546
f 1134 1547 1549
f 1547 1128 1548
f 1549 1548 1118
f 1547 1548 1549
f 711 1550 1552
f 1550 714 1551
f 1552 1551 713
f 1550 1551 1552
f 157 1553 1555
f 1553 158 1554
f 1555 1554 479
f 1553 1554 1555
f 715 1556 1558
f 1556 717 1557
f 1558 1557 716
f 1556 1557 1558
f 1041 1559 1561
f 1559 1099 1560
f 1561 1560 259
f 1559 1560 1561
f 371 1238 1563
f 1238 206 1562
f 1563 1562 491
f 1238 1562 1563
f 269 1520 1565
f 1520 718 1564
f 1565 1564 720
f 1520 1564 1565
f 104 1507 1567
f 1507 641 1566
f 1567 1566 103
f 1507 1566 1567
f 105 1568 1347
f 1568 106 1569
f 1347 1569 343
f 1568 1569 1347
f 272 1570 1572
f 1570 271 1571
f 1572 1571 67
f 1570 1571 1572
f 78 1573 1575
f 1573 79 1574
f 1575 1574 242
f 1573 1574 1575
f 71 1576 1578
f 1576 72 1577
f 1578 1577 267
f 1576 1577 1578
f 678 1579 1581
f 1579 679 1580
f 1581 1580 379
f 1579 1580 1581
f 83 1582 1584
f 1582 87 1583
f 1584 1583 88
f 1582 1583 1584
f 84 1585 1586
f 1585 87 1582
f 1586 1582 83
f 1585 1582 1586
f 85 1587 1589
f 1587 86 1588
f 1589 1588 84
f 1587 1588 1589
f 278 1590 1592
f 1590 184 1591
f 1592 1591 279
f 1590 1591 1592
f 84 1588 1585
f 1588 86 1593
f 1585 1593 87
f 1588 1593 1585
f 256 1479 1594
f 1479 255 1526
f 1594 1526 209
f 1479 1526 1594
f 88 1595 1597
f 1595 89 1596
f 1597 1596 220
f 1595 1596 1597
f 15 1598 1600
f 1598 549 1599
f 1600 1599 14
f 1598 1599 1600
f 237 1601 1387
f 1601 231 1527
f 1387 1527 80
f 1601 1527 1387
f 231 1405 1603
f 1405 238 1602
f 1603 1602 242
f 1405 1602 1603
f 445 1604 1606
f 1604 603 1605
f 1606 1605 725
f 1604 1605 1606
f 231 1601 1608
f 1601 237 1607
f 1608 1607 436
f 1601 1607 1608
f 620 1609 1610
f 1609 107 1328
f 1610 1328 463
f 1609 1328 1610
f 88 1597 1584
f 1597 220 1611
f 1584 1611 83
f 1597 1611 1584
f 9 1612 1614
f 1612 304 1613
f 1614 1613 8
f 1612 1613 1614
f 298 1615 1617
f 1615 436 1616
f 1617 1616 315
f 1615 1616 1617
f 220 1618 1620
f 1618 230 1619
f 1620 1619 1136
f 1618 1619 1620
f 324 1621 1623
f 1621 319 1622
f 1623 1622 448
f 1621 1622 1623
f 277 1624 1626
f 1624 745 1625
f 1626 1625 540
f 1624 1625 1626
f 230 1618 1627
f 1618 220 1596
f 1627 1596 89
f 1618 1596 1627
f 65 1628 1630
f 1628 66 1629
f 1630 1629 273
f 1628 1629 1630
f 266 1631 1633
f 1631 741 1632
f 1633 1632 268
f 1631 1632 1633
f 315 1634 1636
f 1634 237 1635
f 1636 1635 230
f 1634 1635 1636
f 222 1637 1262
f 1637 5 1378
f 1262 1378 239
f 1637 1378 1262
f 150 1638 1640
f 1638 151 1639
f 1640 1639 498
f 1638 1639 1640
f 671 1641 1643
f 1641 496 1642
f 1643 1642 495
f 1641 1642 1643
f 362 1644 1646
f 1644 859 1645
f 1646 1645 1043
f 1644 1645 1646
f 671 1647 1648
f 1647 151 1638
f 1648 1638 150
f 1647 1638 1648
f 381 1649 1651
f 1649 380 1650
f 1651 1650 502
f 1649 1650 1651
f 677 1652 1654
f 1652 501 1653
f 1654 1653 676
f 1652 1653 1654
f 956 1655 1657
f 1655 846 1656
f 1657 1656 847
f 1655 1656 1657
f 513 1658 1660
f 1658 386 1659
f 1660 1659 385
f 1658 1659 1660
f 154 1661 1663
f 1661 485 1662
f 1663 1662 153
f 1661 1662 1663
f 513 1664 1666
f 1664 148 1665
f 1666 1665 147
f 1664 1665 1666
f 163 1667 1669
f 1667 523 1668
f 1669 1668 164
f 1667 1668 1669
f 148 1670 1672
f 1670 149 1671
f 1672 1671 502
f 1670 1671 1672
f 169 1673 1675
f 1673 168 1674
f 1675 1674 674
f 1673 1674 1675
f 506 1676 1678
f 1676 382 1677
f 1678 1677 505
f 1676 1677 1678
f 146 1421 1680
f 1421 147 1679
f 1680 1679 511
f 1421 1679 1680
f 1109 1681 1683
f 1681 1111 1682
f 1683 1682 1108
f 1681 1682 1683
f 382 1684 1686
f 1684 507 1685
f 1686 1685 508
f 1684 1685 1686
f 270 1687 1689
f 1687 272 1688
f 1689 1688 519
f 1687 1688 1689
f 391 1690 1692
f 1690 523 1691
f 1692 1691 524
f 1690 1691 1692
f 527 1693 1695
f 1693 162 1694
f 1695 1694 271
f 1693 1694 1695
f 163 1696 1697
f 1696 275 1514
f 1697 1514 274
f 1696 1514 1697
f 499 1698 1700
f 1698 377 1699
f 1700 1699 498
f 1698 1699 1700
f 636 1701 1703
f 1701 466 1702
f 1703 1702 635
f 1701 1702 1703
f 389 1704 1706
f 1704 886 1705
f 1706 1705 888
f 1704 1705 1706
f 387 1707 1709
f 1707 144 1708
f 1709 1708 72
f 1707 1708 1709
f 265 1710 1712
f 1710 72 1711
f 1712 1711 73
f 1710 1711 1712
f 144 1536 1255
f 1536 705 1713
f 1255 1713 268
f 1536 1713 1255
f 72 1708 1577
f 1708 144 1254
f 1577 1254 267
f 1708 1254 1577
f 89 1714 1627
f 1714 90 1715
f 1627 1715 230
f 1714 1715 1627
f 739 1716 1718
f 1716 389 1717
f 1718 1717 76
f 1716 1717 1718
f 113 1719 1282
f 1719 114 1273
f 1282 1273 218
f 1719 1273 1282
f 269 1720 1521
f 1720 886 1704
f 1521 1704 389
f 1720 1704 1521
f 76 1717 1722
f 1717 389 1721
f 1722 1721 75
f 1717 1721 1722
f 228 1723 1540
f 1723 32 1724
f 1540 1724 33
f 1723 1724 1540
f 181 1420 1726
f 1420 182 1725
f 1726 1725 300
f 1420 1725 1726
f 387 1727 1707
f 1727 388 1728
f 1707 1728 144
f 1727 1728 1707
f 527 1729 1731
f 1729 744 1730
f 1731 1730 524
f 1729 1730 1731
f 268 1632 1733
f 1632 741 1732
f 1733 1732 71
f 1632 1732 1733
f 271 1734 1571
f 1734 66 1735
f 1571 1735 67
f 1734 1735 1571
f 428 1736 1737
f 1736 213 1384
f 1737 1384 160
f 1736 1384 1737
f 114 1738 1274
f 1738 115 1739
f 1274 1739 217
f 1738 1739 1274
f 267 1253 1578
f 1253 268 1733
f 1578 1733 71
f 1253 1733 1578
f 27 1740 1741
f 1740 214 1295
f 1741 1295 225
f 1740 1295 1741
f 226 1742 1744
f 1742 215 1743
f 1744 1743 187
f 1742 1743 1744
f 701 1745 1746
f 1745 145 1250
f 1746 1250 146
f 1745 1250 1746
f 227 1747 1749
f 1747 31 1748
f 1749 1748 32
f 1747 1748 1749
f 162 1359 1750
f 1359 273 1629
f 1750 1629 66
f 1359 1629 1750
f 521 1751 1753
f 1751 522 1752
f 1753 1752 390
f 1751 1752 1753
f 271 1694 1734
f 1694 162 1750
f 1734 1750 66
f 1694 1750 1734
f 1032 1754 1756
f 1754 1203 1755
f 1756 1755 1030
f 1754 1755 1756
f 168 1757 1759
f 1757 552 1758
f 1759 1758 167
f 1757 1758 1759
f 668 1760 1762
f 1760 669 1761
f 1762 1761 494
f 1760 1761 1762
f 365 1763 1765
f 1763 364 1764
f 1765 1764 485
f 1763 1764 1765
f 29 1766 1768
f 1766 31 1767
f 1768 1767 216
f 1766 1767 1768
f 177 1396 1770
f 1396 143 1769
f 1770 1769 212
f 1396 1769 1770
f 20 1771 1773
f 1771 446 1772
f 1773 1772 19
f 1771 1772 1773
f 142 1774 1776
f 1774 185 1775
f 1776 1775 278
f 1774 1775 1776
f 185 1777 1775
f 1777 184 1590
f 1775 1590 278
f 1777 1590 1775
f 142 1778 1774
f 1778 1 1779
f 1774 1779 185
f 1778 1779 1774
f 393 1780 1781
f 1780 279 1591
f 1781 1591 184
f 1780 1591 1781
f 354 1782 1784
f 1782 355 1783
f 1784 1783 644
f 1782 1783 1784
f 140 1785 1787
f 1785 372 1786
f 1787 1786 139
f 1785 1786 1787
f 222 1264 1368
f 1264 232 1788
f 1368 1788 183
f 1264 1788 1368
f 232 1789 1788
f 1789 182 1790
f 1788 1790 183
f 1789 1790 1788
f 142 1776 1792
f 1776 278 1791
f 1792 1791 141
f 1776 1791 1792
f 472 1793 1795
f 1793 644 1794
f 1795 1794 181
f 1793 1794 1795
f 2 1796 1798
f 1796 3 1797
f 1798 1797 185
f 1796 1797 1798
f 264 1515 1800
f 1515 275 1799
f 1800 1799 277
f 1515 1799 1800
f 68 1292 1802
f 1292 521 1801
f 1802 1801 519
f 1292 1801 1802
f 185 1797 1777
f 1797 3 1803
f 1777 1803 184
f 1797 1803 1777
f 4 1804 1805
f 1804 5 1637
f 1805 1637 222
f 1804 1637 1805
f 4 1806 1807
f 1806 184 1803
f 1807 1803 3
f 1806 1803 1807
f 233 1808 1810
f 1808 223 1809
f 1810 1809 239
f 1808 1809 1810
f 512 1811 1813
f 1811 384 1812
f 1813 1812 702
f 1811 1812 1813
f 709 1814 1816
f 1814 263 1815
f 1816 1815 386
f 1814 1815 1816
f 184 1806 1367
f 1806 4 1805
f 1367 1805 222
f 1806 1805 1367
f 543 1817 1819
f 1817 11 1818
f 1819 1818 12
f 1817 1818 1819
f 185 1779 1798
f 1779 1 1820
f 1798 1820 2
f 1779 1820 1798
f 753 1821 1823
f 1821 752 1822
f 1823 1822 143
f 1821 1822 1823
f 302 1824 1826
f 1824 300 1825
f 1826 1825 301
f 1824 1825 1826
f 178 1827 1829
f 1827 179 1828
f 1829 1828 541
f 1827 1828 1829
f 471 1830 1832
f 1830 473 1831
f 1832 1831 357
f 1830 1831 1832
f 471 1832 1834
f 1832 357 1833
f 1834 1833 470
f 1832 1833 1834
f 180 1835 1837
f 1835 181 1836
f 1837 1836 302
f 1835 1836 1837
f 210 1490 1839
f 1490 257 1838
f 1839 1838 211
f 1490 1838 1839
f 177 1770 1466
f 1770 212 1840
f 1466 1840 211
f 1770 1840 1466
f 439 1841 1843
f 1841 299 1842
f 1843 1842 309
f 1841 1842 1843
f 255 1478 1477
f 1478 174 1844
f 1477 1844 175
f 1478 1844 1477
f 212 1769 1845
f 1769 143 1822
f 1845 1822 752
f 1769 1822 1845
f 394 1846 1848
f 1846 757 1847
f 1848 1847 753
f 1846 1847 1848
f 397 1849 1851
f 1849 545 1850
f 1851 1850 546
f 1849 1850 1851
f 903 1852 1854
f 1852 902 1853
f 1854 1853 991
f 1852 1853 1854
f 207 1855 1857
f 1855 490 1856
f 1857 1856 370
f 1855 1856 1857
f 173 1858 1469
f 1858 174 1480
f 1469 1480 256
f 1858 1480 1469
f 367 1859 1861
f 1859 369 1860
f 1861 1860 171
f 1859 1860 1861
f 211 1840 1863
f 1840 212 1862
f 1863 1862 544
f 1840 1862 1863
f 171 1860 1865
f 1860 369 1864
f 1865 1864 401
f 1860 1864 1865
f 547 1866 1868
f 1866 208 1867
f 1868 1867 545
f 1866 1867 1868
f 547 1869 1866
f 1869 207 1870
f 1866 1870 208
f 1869 1870 1866
f 371 1871 1873
f 1871 369 1872
f 1873 1872 254
f 1871 1872 1873
f 992 1874 1876
f 1874 765 1875
f 1876 1875 906
f 1874 1875 1876
f 171 1439 1861
f 1439 172 1877
f 1861 1877 367
f 1439 1877 1861
f 563 1878 1880
f 1878 1093 1879
f 1880 1879 1116
f 1878 1879 1880
f 170 1881 1883
f 1881 400 1882
f 1883 1882 169
f 1881 1882 1883
f 233 1884 1343
f 1884 6 1885
f 1343 1885 7
f 1884 1885 1343
f 141 1791 1500
f 1791 278 1592
f 1500 1592 279
f 1791 1592 1500
f 1202 1886 1534
f 1886 242 1602
f 1534 1602 238
f 1886 1602 1534
f 127 1887 1889
f 1887 462 1888
f 1889 1888 126
f 1887 1888 1889
f 303 1890 1892
f 1890 301 1891
f 1892 1891 234
f 1890 1891 1892
f 233 1342 1808
f 1342 234 1893
f 1808 1893 223
f 1342 1893 1808
f 470 1894 1896
f 1894 180 1895
f 1896 1895 179
f 1894 1895 1896
f 233 1810 1884
f 1810 239 1380
f 1884 1380 6
f 1810 1380 1884
f 438 1897 1899
f 1897 280 1898
f 1899 1898 437
f 1897 1898 1899
f 1180 1900 1902
f 1900 754 1901
f 1902 1901 438
f 1900 1901 1902
f 245 1279 1904
f 1279 241 1903
f 1904 1903 320
f 1279 1903 1904
f 308 1905 1907
f 1905 304 1906
f 1907 1906 306
f 1905 1906 1907
f 455 1908 1910
f 1908 336 1909
f 1910 1909 334
f 1908 1909 1910
f 214 1911 1913
f 1911 216 1912
f 1913 1912 227
f 1911 1912 1913
f 545 1867 1915
f 1867 208 1914
f 1915 1914 209
f 1867 1914 1915
f 14 1916 1918
f 1916 776 1917
f 1918 1917 13
f 1916 1917 1918
f 206 1919 1921
f 1919 779 1920
f 1921 1920 205
f 1919 1920 1921
f 121 1290 1246
f 1290 217 1739
f 1246 1739 115
f 1290 1739 1246
f 19 1772 1923
f 1772 446 1922
f 1923 1922 447
f 1772 1922 1923
f 311 1924 1925
f 1924 310 1321
f 1925 1321 124
f 1924 1321 1925
f 83 1611 1927
f 1611 220 1926
f 1927 1926 82
f 1611 1926 1927
f 1152 1928 1930
f 1928 555 1929
f 1930 1929 18
f 1928 1929 1930
f 303 1931 1933
f 1931 307 1932
f 1933 1932 299
f 1931 1932 1933
f 555 1934 1929
f 1934 17 1935
f 1929 1935 18
f 1934 1935 1929
f 477 1936 1454
f 1936 478 1937
f 1454 1937 156
f 1936 1937 1454
f 548 1938 1940
f 1938 776 1939
f 1940 1939 549
f 1938 1939 1940
f 600 1941 1943
f 1941 298 1942
f 1943 1942 602
f 1941 1942 1943
f 231 1603 1528
f 1603 242 1574
f 1528 1574 79
f 1603 1574 1528
f 245 1944 1946
f 1944 22 1945
f 1946 1945 23
f 1944 1945 1946
f 22 1944 1947
f 1944 245 1904
f 1947 1904 320
f 1944 1904 1947
f 317 1948 1412
f 1948 243 1366
f 1412 1366 235
f 1948 1366 1412
f 372 1949 1951
f 1949 258 1950
f 1951 1950 468
f 1949 1950 1951
f 317 1952 1954
f 1952 318 1953
f 1954 1953 240
f 1952 1953 1954
f 211 1838 1467
f 1838 257 1955
f 1467 1955 176
f 1838 1955 1467
f 487 1956 1957
f 1956 158 1553
f 1957 1553 157
f 1956 1553 1957
f 235 1958 1413
f 1958 23 1959
f 1413 1959 24
f 1958 1959 1413
f 82 1960 1961
f 1960 1136 1306
f 1961 1306 81
f 1960 1306 1961
f 26 1962 1963
f 1962 27 1741
f 1963 1741 225
f 1962 1741 1963
f 216 1964 1768
f 1964 28 1965
f 1768 1965 29
f 1964 1965 1768
f 183 1790 1967
f 1790 182 1966
f 1967 1966 373
f 1790 1966 1967
f 870 1968 1970
f 1968 378 1969
f 1970 1969 1173
f 1968 1969 1970
f 28 1964 1971
f 1964 216 1911
f 1971 1911 214
f 1964 1911 1971
f 274 1513 1972
f 1513 264 1241
f 1972 1241 276
f 1513 1241 1972
f 228 1973 1723
f 1973 227 1749
f 1723 1749 32
f 1973 1749 1723
f 372 1974 1949
f 1974 279 1975
f 1949 1975 258
f 1974 1975 1949
f 31 1747 1767
f 1747 227 1912
f 1767 1912 216
f 1747 1912 1767
f 29 1976 1766
f 1976 30 1977
f 1766 1977 31
f 1976 1977 1766
f 534 1978 1980
f 1978 536 1979
f 1980 1979 530
f 1978 1979 1980
f 148 1672 1982
f 1672 502 1981
f 1982 1981 503
f 1672 1981 1982
f 214 1740 1971
f 1740 27 1983
f 1971 1983 28
f 1740 1983 1971
f 511 1984 1986
f 1984 512 1985
f 1986 1985 701
f 1984 1985 1986
f 320 1987 1989
f 1987 322 1988
f 1989 1988 21
f 1987 1988 1989
f 164 1505 1669
f 1505 508 1990
f 1669 1990 163
f 1505 1990 1669
f 779 1991 1920
f 1991 780 1992
f 1920 1992 205
f 1991 1992 1920
f 783 1993 1995
f 1993 204 1994
f 1995 1994 203
f 1993 1994 1995
f 1137 1996 1997
f 1996 443 1296
f 1997 1296 214
f 1996 1296 1997
f 169 1882 1999
f 1882 400 1998
f 1999 1998 403
f 1882 1998 1999
f 782 2000 2002
f 2000 553 2001
f 2002 2001 402
f 2000 2001 2002
f 780 2003 1992
f 2003 204 2004
f 1992 2004 205
f 2003 2004 1992
f 203 2005 2007
f 2005 202 2006
f 2007 2006 564
f 2005 2006 2007
f 403 2008 1999
f 2008 168 1673
f 1999 1673 169
f 2008 1673 1999
f 166 2009 2011
f 2009 165 2010
f 2011 2010 677
f 2009 2010 2011
f 690 2012 2014
f 2012 200 2013
f 2014 2013 199
f 2012 2013 2014
f 200 2015 2017
f 2015 689 2016
f 2017 2016 201
f 2015 2016 2017
f 780 2018 2003
f 2018 915 2019
f 2003 2019 204
f 2018 2019 2003
f 675 2020 2022
f 2020 500 2021
f 2022 2021 674
f 2020 2021 2022
f 505 1506 2024
f 1506 164 2023
f 2024 2023 165
f 1506 2023 2024
f 195 2025 2027
f 2025 196 2026
f 2027 2026 569
f 2025 2026 2027
f 796 2028 2030
f 2028 198 2029
f 2030 2029 199
f 2028 2029 2030
f 509 2031 2033
f 2031 689 2032
f 2033 2032 690
f 2031 2032 2033
f 412 2034 2036
f 2034 572 2035
f 2036 2035 573
f 2034 2035 2036
f 610 2037 2039
f 2037 938 2038
f 2039 2038 453
f 2037 2038 2039
f 413 2040 2042
f 2040 195 2041
f 2042 2041 194
f 2040 2041 2042
f 195 2043 2041
f 2043 567 2044
f 2041 2044 194
f 2043 2044 2041
f 567 2045 2047
f 2045 410 2046
f 2047 2046 409
f 2045 2046 2047
f 572 2048 2050
f 2048 197 2049
f 2050 2049 196
f 2048 2049 2050
f 319 2051 2053
f 2051 329 2052
f 2053 2052 330
f 2051 2052 2053
f 408 2054 2056
f 2054 685 2055
f 2056 2055 683
f 2054 2055 2056
f 784 2057 2059
f 2057 201 2058
f 2059 2058 202
f 2057 2058 2059
f 193 2060 2062
f 2060 416 2061
f 2062 2061 418
f 2060 2061 2062
f 186 2063 2064
f 2063 187 1743
f 2064 1743 215
f 2063 1743 2064
f 274 2065 1358
f 2065 65 1630
f 1358 1630 273
f 2065 1630 1358
f 276 2066 1972
f 2066 65 2065
f 1972 2065 274
f 2066 2065 1972
f 159 2067 2068
f 2067 428 1737
f 2068 1737 160
f 2067 1737 2068
f 440 2069 2070
f 2069 340 1287
f 2070 1287 1138
f 2069 1287 2070
f 528 2071 2073
f 2071 529 2072
f 2073 2072 63
f 2071 2072 2073
f 1166 2074 2076
f 2074 1217 2075
f 2076 2075 1165
f 2074 2075 2076
f 218 1265 1283
f 1265 123 1276
f 1283 1276 229
f 1265 1276 1283
f 64 2077 2078
f 2077 528 2073
f 2078 2073 63
f 2077 2073 2078
f 239 1809 1263
f 1809 223 1336
f 1263 1336 232
f 1809 1336 1263
f 1184 2079 2081
f 2079 59 2080
f 2081 2080 60
f 2079 2080 2081
f 802 2082 2084
f 2082 573 2083
f 2084 2083 800
f 2082 2083 2084
f 194 2044 2086
f 2044 567 2085
f 2086 2085 568
f 2044 2085 2086
f 289 2087 2089
f 2087 417 2088
f 2089 2088 191
f 2087 2088 2089
f 90 2090 1715
f 2090 315 1636
f 1715 1636 230
f 2090 1636 1715
f 575 2091 2093
f 2091 58 2092
f 2093 2092 59
f 2091 2092 2093
f 784 2094 2096
f 2094 554 2095
f 2096 2095 925
f 2094 2095 2096
f 55 2097 2099
f 2097 56 2098
f 2099 2098 419
f 2097 2098 2099
f 57 2100 2102
f 2100 415 2101
f 2102 2101 577
f 2100 2101 2102
f 605 2103 2105
f 2103 442 2104
f 2105 2104 313
f 2103 2104 2105
f 292 2106 2108
f 2106 191 2107
f 2108 2107 190
f 2106 2107 2108
f 436 2109 2110
f 2109 600 1517
f 2110 1517 221
f 2109 1517 2110
f 287 2111 2113
f 2111 413 2112
f 2113 2112 579
f 2111 2112 2113
f 479 2114 2116
f 2114 480 2115
f 2116 2115 361
f 2114 2115 2116
f 320 1989 1947
f 1989 21 2117
f 1947 2117 22
f 1989 2117 1947
f 168 2118 1757
f 2118 781 2119
f 1757 2119 552
f 2118 2119 1757
f 209 1914 1594
f 1914 208 2120
f 1594 2120 256
f 1914 2120 1594
f 581 2121 2123
f 2121 582 2122
f 2123 2122 421
f 2121 2122 2123
f 44 2124 2126
f 2124 45 2125
f 2126 2125 586
f 2124 2125 2126
f 358 2127 2129
f 2127 1155 2128
f 2129 2128 250
f 2127 2128 2129
f 191 2130 2132
f 2130 192 2131
f 2132 2131 582
f 2130 2131 2132
f 586 2133 2135
f 2133 423 2134
f 2135 2134 425
f 2133 2134 2135
f 224 1280 1365
f 1280 245 2136
f 1365 2136 235
f 1280 2136 1365
f 423 2137 2139
f 2137 45 2138
f 2139 2138 46
f 2137 2138 2139
f 149 1511 2141
f 1511 150 2140
f 2141 2140 504
f 1511 2140 2141
f 586 2142 2126
f 2142 587 2143
f 2126 2143 44
f 2142 2143 2126
f 207 1857 1870
f 1857 370 2144
f 1870 2144 208
f 1857 2144 1870
f 321 2145 2146
f 2145 329 2051
f 2146 2051 319
f 2145 2051 2146
f 23 1958 1946
f 1958 235 2136
f 1946 2136 245
f 1958 2136 1946
f 690 2147 2149
f 2147 692 2148
f 2149 2148 691
f 2147 2148 2149
f 539 2150 1243
f 2150 528 2151
f 1243 2151 276
f 2150 2151 1243
f 580 2152 2154
f 2152 42 2153
f 2154 2153 43
f 2152 2153 2154
f 175 2155 1475
f 2155 176 1955
f 1475 1955 257
f 2155 1955 1475
f 943 2156 2158
f 2156 939 2157
f 2158 2157 940
f 2156 2157 2158
f 591 2159 2161
f 2159 597 2160
f 2161 2160 420
f 2159 2160 2161
f 144 1728 1537
f 1728 388 2162
f 1537 2162 145
f 1728 2162 1537
f 890 2163 2165
f 2163 708 2164
f 2165 2164 889
f 2163 2164 2165
f 325 2166 2168
f 2166 327 2167
f 2168 2167 329
f 2166 2167 2168
f 243 1316 1364
f 1316 244 2169
f 1364 2169 224
f 1316 2169 1364
f 733 2170 2172
f 2170 721 2171
f 2172 2171 731
f 2170 2171 2172
f 292 2173 2175
f 2173 54 2174
f 2175 2174 55
f 2173 2174 2175
f 55 2099 2175
f 2099 419 2176
f 2175 2176 292
f 2099 2176 2175
f 190 2107 2178
f 2107 191 2177
f 2178 2177 581
f 2107 2177 2178
f 291 2179 2181
f 2179 53 2180
f 2181 2180 54
f 2179 2180 2181
f 270 2182 2183
f 2182 391 1692
f 2183 1692 524
f 2182 1692 2183
f 53 2184 2186
f 2184 293 2185
f 2186 2185 52
f 2184 2185 2186
f 294 2187 2189
f 2187 51 2188
f 2189 2188 52
f 2187 2188 2189
f 187 2190 2192
f 2190 294 2191
f 2192 2191 188
f 2190 2191 2192
f 188 2191 2194
f 2191 294 2193
f 2194 2193 293
f 2191 2193 2194
f 65 2066 2196
f 2066 276 2195
f 2196 2195 64
f 2066 2195 2196
f 188 2197 2199
f 2197 189 2198
f 2199 2198 426
f 2197 2198 2199
f 163 1697 2200
f 1697 274 1360
f 2200 1360 162
f 1697 1360 2200
f 226 1744 2201
f 1744 187 2192
f 2201 2192 188
f 1744 2192 2201
f 226 1356 1742
f 1356 47 2202
f 1742 2202 215
f 1356 2202 1742
f 347 1258 2204
f 1258 346 2203
f 2204 2203 133
f 1258 2203 2204
f 47 2205 2202
f 2205 48 2206
f 2202 2206 215
f 2205 2206 2202
f 186 2207 2209
f 2207 48 2208
f 2209 2208 49
f 2207 2208 2209
f 50 2210 2212
f 2210 51 2211
f 2212 2211 186
f 2210 2211 2212
f 49 2213 2209
f 2213 50 2212
f 2209 2212 186
f 2213 2212 2209
f 328 2214 2216
f 2214 244 2215
f 2216 2215 332
f 2214 2215 2216
f 215 2206 2064
f 2206 48 2207
f 2064 2207 186
f 2206 2207 2064
f 393 1781 2217
f 1781 184 1369
f 2217 1369 183
f 1781 1369 2217
f 154 2218 2220
f 2218 155 2219
f 2220 2219 486
f 2218 2219 2220
f 186 2211 2063
f 2211 51 2221
f 2063 2221 187
f 2211 2221 2063
f 424 2222 2224
f 2222 295 2223
f 2224 2223 423
f 2222 2223 2224
f 166 2225 2227
f 2225 676 2226
f 2227 2226 167
f 2225 2226 2227
f 67 2228 1572
f 2228 68 2229
f 1572 2229 272
f 2228 2229 1572
f 191 2106 2089
f 2106 292 2230
f 2089 2230 289
f 2106 2230 2089
f 36 2231 2233
f 2231 1190 2232
f 2233 2232 809
f 2231 2232 2233
f 214 1913 2234
f 1913 227 1973
f 2234 1973 228
f 1913 1973 2234
f 205 2004 2236
f 2004 204 2235
f 2236 2235 404
f 2004 2235 2236
f 665 2237 2238
f 2237 152 1443
f 2238 1443 153
f 2237 1443 2238
f 322 2239 2241
f 2239 324 2240
f 2241 2240 446
f 2239 2240 2241
f 762 2242 2244
f 2242 281 2243
f 2244 2243 760
f 2242 2243 2244
f 565 2245 2247
f 2245 407 2246
f 2247 2246 564
f 2245 2246 2247
f 167 2248 2227
f 2248 566 2249
f 2227 2249 166
f 2248 2249 2227
f 794 2250 2252
f 2250 410 2251
f 2252 2251 569
f 2250 2251 2252
f 794 2253 2255
f 2253 795 2254
f 2255 2254 570
f 2253 2254 2255
f 529 2256 2258
f 2256 531 2257
f 2258 2257 537
f 2256 2257 2258
f 803 2259 2261
f 2259 572 2260
f 2261 2260 574
f 2259 2260 2261
f 575 2262 2264
f 2262 576 2263
f 2264 2263 414
f 2262 2263 2264
f 412 2036 2265
f 2036 573 2082
f 2265 2082 802
f 2036 2082 2265
f 415 2100 2267
f 2100 57 2266
f 2267 2266 58
f 2100 2266 2267
f 193 2268 2060
f 2268 192 2269
f 2060 2269 416
f 2268 2269 2060
f 417 2087 2271
f 2087 289 2270
f 2271 2270 577
f 2087 2270 2271
f 288 2272 2274
f 2272 416 2273
f 2274 2273 417
f 2272 2273 2274
f 585 2275 2276
f 2275 192 2268
f 2276 2268 193
f 2275 2268 2276
f 935 2277 2279
f 2277 41 2278
f 2279 2278 42
f 2277 2278 2279
f 190 2280 2282
f 2280 189 2281
f 2282 2281 291
f 2280 2281 2282
f 291 2281 2284
f 2281 189 2283
f 2284 2283 293
f 2281 2283 2284
f 190 2282 2108
f 2282 291 2285
f 2108 2285 292
f 2282 2285 2108
f 292 2285 2173
f 2285 291 2181
f 2173 2181 54
f 2285 2181 2173
f 291 2284 2179
f 2284 293 2184
f 2179 2184 53
f 2284 2184 2179
f 189 2197 2283
f 2197 188 2194
f 2283 2194 293
f 2197 2194 2283
f 51 2187 2221
f 2187 294 2190
f 2221 2190 187
f 2187 2190 2221
f 293 2193 2185
f 2193 294 2189
f 2185 2189 52
f 2193 2189 2185
f 581 2286 2288
f 2286 427 2287
f 2288 2287 598
f 2286 2287 2288
f 580 2289 2291
f 2289 805 2290
f 2291 2290 590
f 2289 2290 2291
f 429 2292 2294
f 2292 159 2293
f 2294 2293 158
f 2292 2293 2294
f 430 2295 2296
f 2295 433 1503
f 2296 1503 296
f 2295 1503 2296
f 311 2297 2299
f 2297 312 2298
f 2299 2298 441
f 2297 2298 2299
f 297 2300 2302
f 2300 461 2301
f 2302 2301 339
f 2300 2301 2302
f 602 2303 2305
f 2303 92 2304
f 2305 2304 93
f 2303 2304 2305
f 298 1941 1615
f 1941 600 2109
f 1615 2109 436
f 1941 2109 1615
f 299 2306 1933
f 2306 301 1890
f 1933 1890 303
f 2306 1890 1933
f 307 2307 1932
f 2307 309 1842
f 1932 1842 299
f 2307 1842 1932
f 232 1338 1789
f 1338 300 1725
f 1789 1725 182
f 1338 1725 1789
f 301 1825 2308
f 1825 300 1337
f 2308 1337 223
f 1825 1337 2308
f 234 1891 1893
f 1891 301 2308
f 1893 2308 223
f 1891 2308 1893
f 302 1826 2309
f 1826 301 2306
f 2309 2306 299
f 1826 2306 2309
f 302 2309 2310
f 2309 299 1841
f 2310 1841 439
f 2309 1841 2310
f 181 1726 1836
f 1726 300 1824
f 1836 1824 302
f 1726 1824 1836
f 304 2311 1613
f 2311 234 1272
f 1613 1272 8
f 2311 1272 1613
f 305 2312 2314
f 2312 437 2313
f 2314 2313 309
f 2312 2313 2314
f 306 2315 2317
f 2315 9 2316
f 2317 2316 10
f 2315 2316 2317
f 234 2311 1892
f 2311 304 2318
f 1892 2318 303
f 2311 2318 1892
f 9 2315 1612
f 2315 306 1906
f 1612 1906 304
f 2315 1906 1612
f 754 2319 2321
f 2319 987 2320
f 2321 2320 897
f 2319 2320 2321
f 306 2322 2324
f 2322 898 2323
f 2324 2323 754
f 2322 2323 2324
f 305 2325 2327
f 2325 307 2326
f 2327 2326 308
f 2325 2326 2327
f 308 2326 2328
f 2326 307 1931
f 2328 1931 303
f 2326 1931 2328
f 309 2307 2314
f 2307 307 2325
f 2314 2325 305
f 2307 2325 2314
f 304 1905 2318
f 1905 308 2328
f 2318 2328 303
f 1905 2328 2318
f 308 1907 2330
f 1907 306 2329
f 2330 2329 1180
f 1907 2329 2330
f 439 2331 2333
f 2331 1151 2332
f 2333 2332 394
f 2331 2332 2333
f 180 2334 1895
f 2334 439 2335
f 1895 2335 179
f 2334 2335 1895
f 311 1925 2337
f 1925 124 2336
f 2337 2336 125
f 1925 2336 2337
f 219 1299 2338
f 1299 229 1275
f 2338 1275 310
f 1299 1275 2338
f 125 2339 2337
f 2339 440 2340
f 2337 2340 311
f 2339 2340 2337
f 219 2338 2341
f 2338 310 1924
f 2341 1924 311
f 2338 1924 2341
f 126 2342 2343
f 2342 440 2339
f 2343 2339 125
f 2342 2339 2343
f 461 2344 2301
f 2344 246 2345
f 2301 2345 339
f 2344 2345 2301
f 36 2346 2348
f 2346 37 2347
f 2348 2347 812
f 2346 2347 2348
f 605 2349 2103
f 2349 236 2350
f 2103 2350 442
f 2349 2350 2103
f 333 2351 2353
f 2351 314 2352
f 2353 2352 607
f 2351 2352 2353
f 318 1308 2355
f 1308 444 2354
f 2355 2354 451
f 1308 2354 2355
f 90 2356 2090
f 2356 91 2357
f 2090 2357 315
f 2356 2357 2090
f 298 1617 1532
f 1617 315 2357
f 1532 2357 91
f 1617 2357 1532
f 94 2358 1324
f 2358 603 1604
f 1324 1604 445
f 2358 1604 1324
f 718 2359 1564
f 2359 719 2360
f 1564 2360 720
f 2359 2360 1564
f 318 1952 1361
f 1952 317 1411
f 1361 1411 25
f 1952 1411 1361
f 243 1948 1317
f 1948 317 1954
f 1317 1954 240
f 1948 1954 1317
f 26 1963 1363
f 1963 225 1309
f 1363 1309 318
f 1963 1309 1363
f 225 1297 1307
f 1297 443 2361
f 1307 2361 444
f 1297 2361 1307
f 319 2362 2146
f 2362 322 2363
f 2146 2363 321
f 2362 2363 2146
f 321 2364 2366
f 2364 241 2365
f 2366 2365 325
f 2364 2365 2366
f 321 2367 2364
f 2367 320 1903
f 2364 1903 241
f 2367 1903 2364
f 320 2367 1987
f 2367 321 2363
f 1987 2363 322
f 2367 2363 1987
f 325 2365 2369
f 2365 241 2368
f 2369 2368 326
f 2365 2368 2369
f 328 2370 2372
f 2370 326 2371
f 2372 2371 224
f 2370 2371 2372
f 322 2362 2239
f 2362 319 1621
f 2239 1621 324
f 2362 1621 2239
f 20 2373 2374
f 2373 21 1988
f 2374 1988 322
f 2373 1988 2374
f 328 2375 2370
f 2375 323 2376
f 2370 2376 326
f 2375 2376 2370
f 336 2377 2379
f 2377 338 2378
f 2379 2378 323
f 2377 2378 2379
f 448 1622 2380
f 1622 319 2053
f 2380 2053 330
f 1622 2053 2380
f 19 1923 2382
f 1923 447 2381
f 2382 2381 18
f 1923 2381 2382
f 326 2368 2371
f 2368 241 1278
f 2371 1278 224
f 2368 1278 2371
f 325 2383 2166
f 2383 323 2384
f 2166 2384 327
f 2383 2384 2166
f 328 2372 2214
f 2372 224 2169
f 2214 2169 244
f 2372 2169 2214
f 323 2383 2376
f 2383 325 2369
f 2376 2369 326
f 2383 2369 2376
f 335 2385 2387
f 2385 336 2386
f 2387 2386 328
f 2385 2386 2387
f 1167 2388 2390
f 2388 410 2389
f 2390 2389 570
f 2388 2389 2390
f 244 2391 2215
f 2391 333 2392
f 2215 2392 332
f 2391 2392 2215
f 313 2393 2395
f 2393 809 2394
f 2395 2394 606
f 2393 2394 2395
f 325 2168 2366
f 2168 329 2145
f 2366 2145 321
f 2168 2145 2366
f 330 2052 2396
f 2052 329 2167
f 2396 2167 327
f 2052 2167 2396
f 338 2397 2399
f 2397 612 2398
f 2399 2398 327
f 2397 2398 2399
f 611 2400 2402
f 2400 449 2401
f 2402 2401 330
f 2400 2401 2402
f 37 2403 2405
f 2403 38 2404
f 2405 2404 610
f 2403 2404 2405
f 332 2406 2216
f 2406 335 2387
f 2216 2387 328
f 2406 2387 2216
f 240 2407 1318
f 2407 451 2408
f 1318 2408 244
f 2407 2408 1318
f 335 2406 2410
f 2406 332 2409
f 2410 2409 1203
f 2406 2409 2410
f 236 2349 2412
f 2349 605 2411
f 2412 2411 607
f 2349 2411 2412
f 332 2392 2414
f 2392 333 2413
f 2414 2413 1153
f 2392 2413 2414
f 606 2415 2417
f 2415 609 2416
f 2417 2416 452
f 2415 2416 2417
f 1182 2418 2420
f 2418 930 2419
f 2420 2419 795
f 2418 2419 2420
f 1203 2409 2422
f 2409 332 2421
f 2422 2421 331
f 2409 2421 2422
f 336 2385 1909
f 2385 335 2423
f 1909 2423 334
f 2385 2423 1909
f 455 2424 1908
f 2424 338 2377
f 1908 2377 336
f 2424 2377 1908
f 328 2386 2375
f 2386 336 2379
f 2375 2379 323
f 2386 2379 2375
f 1030 2425 2427
f 2425 609 2426
f 2427 2426 1031
f 2425 2426 2427
f 1029 2428 2430
f 2428 411 2429
f 2430 2429 1182
f 2428 2429 2430
f 337 2431 2433
f 2431 813 2432
f 2433 2432 612
f 2431 2432 2433
f 327 2384 2399
f 2384 323 2378
f 2399 2378 338
f 2384 2378 2399
f 297 2302 1302
f 2302 339 1353
f 1302 1353 110
f 2302 1353 1302
f 463 1313 2435
f 1313 614 2434
f 2435 2434 817
f 1313 2434 2435
f 127 2436 2438
f 2436 1170 2437
f 2438 2437 639
f 2436 2437 2438
f 973 2439 2441
f 2439 1201 2440
f 2441 2440 972
f 2439 2440 2441
f 341 2442 2444
f 2442 628 2443
f 2444 2443 638
f 2442 2443 2444
f 639 2445 2447
f 2445 1220 2446
f 2447 2446 638
f 2445 2446 2447
f 615 2448 2450
f 2448 616 2449
f 2450 2449 464
f 2448 2449 2450
f 670 2451 2452
f 2451 153 1442
f 2452 1442 668
f 2451 1442 2452
f 341 2453 2454
f 2453 620 1610
f 2454 1610 463
f 2453 1610 2454
f 635 2455 2457
f 2455 637 2456
f 2457 2456 247
f 2455 2456 2457
f 344 2458 2460
f 2458 248 2459
f 2460 2459 642
f 2458 2459 2460
f 160 1456 2462
f 1456 344 2461
f 2462 2461 658
f 1456 2461 2462
f 346 1371 2203
f 1371 132 2463
f 2203 2463 133
f 1371 2463 2203
f 344 1492 2458
f 1492 345 2464
f 2458 2464 248
f 1492 2464 2458
f 347 2204 1401
f 2204 133 2465
f 1401 2465 134
f 2204 2465 1401
f 248 2464 2466
f 2464 345 1372
f 2466 1372 346
f 2464 1372 2466
f 643 2467 2468
f 2467 349 1402
f 2468 1402 134
f 2467 1402 2468
f 349 2469 1400
f 2469 350 2470
f 1400 2470 347
f 2469 2470 1400
f 469 2471 1424
f 2471 136 2472
f 1424 2472 353
f 2471 2472 1424
f 1139 2473 1257
f 2473 248 2466
f 1257 2466 346
f 2473 2466 1257
f 643 2468 2475
f 2468 134 2474
f 2475 2474 135
f 2468 2474 2475
f 350 2469 2477
f 2469 349 2476
f 2477 2476 348
f 2469 2476 2477
f 348 2478 2477
f 2478 1140 2479
f 2477 2479 350
f 2478 2479 2477
f 650 2480 2482
f 2480 1142 2481
f 2482 2481 1155
f 2480 2481 2482
f 138 2483 2485
f 2483 139 2484
f 2485 2484 468
f 2483 2484 2485
f 1144 2486 2488
f 2486 356 2487
f 2488 2487 249
f 2486 2487 2488
f 355 2489 2491
f 2489 352 2490
f 2491 2490 493
f 2489 2490 2491
f 249 2492 2493
f 2492 351 1398
f 2493 1398 354
f 2492 1398 2493
f 180 1894 2495
f 1894 470 2494
f 2495 2494 472
f 1894 2494 2495
f 136 2471 2497
f 2471 469 2496
f 2497 2496 135
f 2471 2496 2497
f 468 1399 2485
f 1399 351 1388
f 2485 1388 138
f 1399 1388 2485
f 355 1782 2489
f 1782 354 2498
f 2489 2498 352
f 1782 2498 2489
f 258 2499 2501
f 2499 373 2500
f 2501 2500 493
f 2499 2500 2501
f 181 1835 1795
f 1835 180 2495
f 1795 2495 472
f 1835 2495 1795
f 249 2487 2492
f 2487 356 1417
f 2492 1417 351
f 2487 1417 2492
f 136 1416 2472
f 1416 356 2502
f 2472 2502 353
f 1416 2502 2472
f 474 2503 1407
f 2503 1154 2504
f 1407 2504 178
f 2503 2504 1407
f 356 2486 2502
f 2486 1144 2505
f 2502 2505 353
f 2486 2505 2502
f 176 2506 1468
f 2506 647 2507
f 1468 2507 177
f 2506 2507 1468
f 1154 2508 2510
f 2508 1216 2509
f 2510 2509 471
f 2508 2509 2510
f 651 2511 2512
f 2511 176 2155
f 2512 2155 175
f 2511 2155 2512
f 361 2115 2514
f 2115 480 2513
f 2514 2513 659
f 2115 2513 2514
f 852 2515 1498
f 2515 853 2516
f 1498 2516 657
f 2515 2516 1498
f 852 1497 2518
f 1497 854 2517
f 2518 2517 478
f 1497 2517 2518
f 480 2519 1428
f 2519 158 2293
f 1428 2293 159
f 2519 2293 1428
f 361 2514 2521
f 2514 659 2520
f 2521 2520 1145
f 2514 2520 2521
f 663 2522 2524
f 2522 664 2523
f 2524 2523 483
f 2522 2523 2524
f 1172 2525 2526
f 2525 169 1675
f 2526 1675 674
f 2525 1675 2526
f 664 2527 2523
f 2527 857 2528
f 2523 2528 483
f 2527 2528 2523
f 1149 2529 2531
f 2529 381 2530
f 2531 2530 377
f 2529 2530 2531
f 1146 2532 2534
f 2532 252 2533
f 2534 2533 1147
f 2532 2533 2534
f 484 2535 2537
f 2535 364 2536
f 2537 2536 1159
f 2535 2536 2537
f 156 1937 2539
f 1937 478 2538
f 2539 2538 1157
f 1937 2538 2539
f 365 2540 2542
f 2540 854 2541
f 2542 2541 1146
f 2540 2541 2542
f 156 1450 2544
f 1450 615 2543
f 2544 2543 1160
f 1450 2543 2544
f 630 2545 2547
f 2545 862 2546
f 2547 2546 830
f 2545 2546 2547
f 368 1481 2548
f 1481 367 1877
f 2548 1877 172
f 1481 1877 2548
f 369 1859 1872
f 1859 367 1483
f 1872 1483 254
f 1859 1483 1872
f 489 2549 1471
f 2549 172 1484
f 1471 1484 173
f 2549 1484 1471
f 667 2550 2551
f 2550 208 2144
f 2551 2144 370
f 2550 2144 2551
f 254 2552 1873
f 2552 490 1236
f 1873 1236 371
f 2552 1236 1873
f 401 2553 2555
f 2553 282 2554
f 2555 2554 400
f 2553 2554 2555
f 254 1482 2557
f 1482 368 2556
f 2557 2556 370
f 1482 2556 2557
f 368 2558 2560
f 2558 489 2559
f 2560 2559 667
f 2558 2559 2560
f 491 1562 2561
f 1562 206 1921
f 2561 1921 205
f 1562 1921 2561
f 492 2562 2563
f 2562 401 1864
f 2563 1864 369
f 2562 1864 2563
f 279 1974 1501
f 1974 372 1785
f 1501 1785 140
f 1974 1785 1501
f 468 1950 2565
f 1950 258 2564
f 2565 2564 352
f 1950 2564 2565
f 493 2566 2491
f 2566 182 1419
f 2491 1419 355
f 2566 1419 2491
f 393 2567 2568
f 2567 373 2499
f 2568 2499 258
f 2567 2499 2568
f 103 1566 2570
f 1566 641 2569
f 2570 2569 837
f 1566 2569 2570
f 818 2571 2572
f 2571 464 2449
f 2572 2449 616
f 2571 2449 2572
f 148 1664 2574
f 1664 513 2573
f 2574 2573 514
f 1664 2573 2574
f 706 2575 2577
f 2575 885 2576
f 2577 2576 884
f 2575 2576 2577
f 102 2578 1544
f 2578 1191 2579
f 1544 2579 1192
f 2578 2579 1544
f 1118 1548 2581
f 1548 1128 2580
f 2581 2580 1099
f 1548 2580 2581
f 152 2237 2583
f 2237 665 2582
f 2583 2582 1162
f 2237 2582 2583
f 377 1698 2585
f 1698 499 2584
f 2585 2584 867
f 1698 2584 2585
f 377 2585 2587
f 2585 867 2586
f 2587 2586 869
f 2585 2586 2587
f 859 1644 2589
f 1644 362 2588
f 2589 2588 857
f 1644 2588 2589
f 523 2590 1668
f 2590 525 2591
f 1668 2591 164
f 2590 2591 1668
f 877 2592 2594
f 2592 681 2593
f 2594 2593 879
f 2592 2593 2594
f 981 2595 2597
f 2595 976 2596
f 2597 2596 875
f 2595 2596 2597
f 877 2594 2599
f 2594 879 2598
f 2599 2598 503
f 2594 2598 2599
f 504 2600 2602
f 2600 498 2601
f 2602 2601 381
f 2600 2601 2602
f 381 2529 2604
f 2529 1149 2603
f 2604 2603 1150
f 2529 2603 2604
f 506 2605 2606
f 2605 165 2009
f 2606 2009 166
f 2605 2009 2606
f 277 2607 2609
f 2607 507 2608
f 2609 2608 261
f 2607 2608 2609
f 700 2610 2611
f 2610 199 2029
f 2611 2029 198
f 2610 2029 2611
f 62 2612 2613
f 2612 63 2072
f 2613 2072 529
f 2612 2072 2613
f 148 1982 2615
f 1982 503 2614
f 2615 2614 1163
f 1982 2614 2615
f 741 2616 2618
f 2616 704 2617
f 2618 2617 522
f 2616 2617 2618
f 717 2619 1557
f 2619 891 2620
f 1557 2620 716
f 2619 2620 1557
f 884 2576 2622
f 2576 885 2621
f 2622 2621 514
f 2576 2621 2622
f 517 1251 2623
f 1251 145 2162
f 2623 2162 388
f 1251 2162 2623
f 386 1815 2625
f 1815 263 2624
f 2625 2624 891
f 1815 2624 2625
f 72 1710 1709
f 1710 265 2626
f 1709 2626 387
f 1710 2626 1709
f 388 1727 2627
f 1727 387 2626
f 2627 2626 265
f 1727 2626 2627
f 707 2628 2629
f 2628 388 2627
f 2629 2627 265
f 2628 2627 2629
f 517 2630 2632
f 2630 386 2631
f 2632 2631 515
f 2630 2631 2632
f 739 2633 2635
f 2633 77 2634
f 2635 2634 518
f 2633 2634 2635
f 727 2636 2638
f 2636 728 2637
f 2638 2637 887
f 2636 2637 2638
f 69 2639 2641
f 2639 740 2640
f 2641 2640 522
f 2639 2640 2641
f 270 1689 2643
f 1689 519 2642
f 2643 2642 520
f 1689 2642 2643
f 742 2644 2645
f 2644 270 2643
f 2645 2643 520
f 2644 2643 2645
f 525 2646 2591
f 2646 1175 2647
f 2591 2647 164
f 2646 2647 2591
f 531 2648 2649
f 2648 534 1980
f 2649 1980 530
f 2648 1980 2649
f 531 2256 2651
f 2256 529 2650
f 2651 2650 392
f 2256 2650 2651
f 373 2567 1967
f 2567 393 2217
f 1967 2217 183
f 2567 2217 1967
f 258 1975 2568
f 1975 279 1780
f 2568 1780 393
f 1975 1780 2568
f 541 2652 2653
f 2652 439 2333
f 2653 2333 394
f 2652 2333 2653
f 542 2654 2656
f 2654 756 2655
f 2656 2655 755
f 2654 2655 2656
f 13 1917 2658
f 1917 776 2657
f 2658 2657 777
f 1917 2657 2658
f 546 2659 1851
f 2659 760 2660
f 1851 2660 397
f 2659 2660 1851
f 756 2661 2663
f 2661 280 2662
f 2663 2662 758
f 2661 2662 2663
f 909 2664 2666
f 2664 777 2665
f 2666 2665 548
f 2664 2665 2666
f 546 2667 2668
f 2667 209 1525
f 2668 1525 210
f 2667 1525 2668
f 763 2669 2670
f 2669 397 2660
f 2670 2660 760
f 2669 2660 2670
f 927 2671 2673
f 2671 787 2672
f 2673 2672 926
f 2671 2672 2673
f 555 2674 1934
f 2674 556 2675
f 1934 2675 17
f 2674 2675 1934
f 928 2676 2678
f 2676 558 2677
f 2678 2677 562
f 2676 2677 2678
f 1114 2679 2681
f 2679 1121 2680
f 2681 2680 561
f 2679 2680 2681
f 401 2555 2682
f 2555 400 1881
f 2682 1881 170
f 2555 1881 2682
f 403 1998 2684
f 1998 400 2683
f 2684 2683 782
f 1998 2683 2684
f 171 1865 2685
f 1865 401 2682
f 2685 2682 170
f 1865 2682 2685
f 369 1871 2563
f 1871 371 2686
f 2563 2686 492
f 1871 2686 2563
f 282 2687 2689
f 2687 404 2688
f 2689 2688 553
f 2687 2688 2689
f 880 2690 2691
f 2690 402 2001
f 2691 2001 553
f 2690 2001 2691
f 782 2683 2692
f 2683 400 2554
f 2692 2554 282
f 2683 2554 2692
f 403 2693 2695
f 2693 402 2694
f 2695 2694 781
f 2693 2694 2695
f 404 2696 2688
f 2696 783 2697
f 2688 2697 553
f 2696 2697 2688
f 404 2698 2700
f 2698 492 2699
f 2700 2699 491
f 2698 2699 2700
f 554 2094 2702
f 2094 784 2701
f 2702 2701 785
f 2094 2701 2702
f 450 2703 2705
f 2703 449 2704
f 2705 2704 788
f 2703 2704 2705
f 764 2706 2708
f 2706 766 2707
f 2708 2707 768
f 2706 2707 2708
f 556 2709 2675
f 2709 927 2710
f 2675 2710 17
f 2709 2710 2675
f 565 2711 2712
f 2711 202 2058
f 2712 2058 201
f 2711 2058 2712
f 783 2713 2715
f 2713 407 2714
f 2715 2714 1181
f 2713 2714 2715
f 687 2716 2718
f 2716 261 2717
f 2718 2717 682
f 2716 2717 2718
f 682 2719 2720
f 2719 382 1676
f 2720 1676 506
f 2719 1676 2720
f 1232 2721 2723
f 2721 596 2722
f 2723 2722 1068
f 2721 2722 2723
f 582 2724 2726
f 2724 422 2725
f 2726 2725 583
f 2724 2725 2726
f 794 2727 2728
f 2727 196 2049
f 2728 2049 197
f 2727 2049 2728
f 410 2729 2731
f 2729 285 2730
f 2731 2730 1066
f 2729 2730 2731
f 813 2732 2432
f 2732 454 2733
f 2432 2733 612
f 2732 2733 2432
f 337 2734 2736
f 2734 455 2735
f 2736 2735 457
f 2734 2735 2736
f 196 2025 2738
f 2025 195 2737
f 2738 2737 573
f 2025 2737 2738
f 695 2739 2741
f 2739 538 2740
f 2741 2740 694
f 2739 2740 2741
f 194 2742 2743
f 2742 193 2062
f 2743 2062 418
f 2742 2062 2743
f 800 2744 2084
f 2744 801 2745
f 2084 2745 802
f 2744 2745 2084
f 413 2042 2112
f 2042 194 2746
f 2112 2746 579
f 2042 2746 2112
f 415 2747 2101
f 2747 288 2748
f 2101 2748 577
f 2747 2748 2101
f 575 2749 2091
f 2749 415 2267
f 2091 2267 58
f 2749 2267 2091
f 578 2750 2752
f 2750 415 2751
f 2752 2751 414
f 2750 2751 2752
f 417 2273 2753
f 2273 416 2269
f 2753 2269 192
f 2273 2269 2753
f 418 2061 2754
f 2061 416 2272
f 2754 2272 288
f 2061 2272 2754
f 191 2088 2130
f 2088 417 2753
f 2130 2753 192
f 2088 2753 2130
f 419 2755 2756
f 2755 577 2270
f 2756 2270 289
f 2755 2270 2756
f 288 2747 2757
f 2747 415 2750
f 2757 2750 578
f 2747 2750 2757
f 418 2758 2743
f 2758 579 2746
f 2743 2746 194
f 2758 2746 2743
f 577 2755 2759
f 2755 419 2098
f 2759 2098 56
f 2755 2098 2759
f 292 2176 2230
f 2176 419 2756
f 2230 2756 289
f 2176 2756 2230
f 290 2760 2762
f 2760 593 2761
f 2762 2761 591
f 2760 2761 2762
f 580 2763 2152
f 2763 935 2279
f 2152 2279 42
f 2763 2279 2152
f 589 2764 2766
f 2764 584 2765
f 2766 2765 588
f 2764 2765 2766
f 426 2198 2768
f 2198 189 2767
f 2768 2767 598
f 2198 2767 2768
f 568 2769 2086
f 2769 193 2742
f 2086 2742 194
f 2769 2742 2086
f 596 2770 2772
f 2770 594 2771
f 2772 2771 422
f 2770 2771 2772
f 424 2224 2773
f 2224 423 2139
f 2773 2139 46
f 2224 2139 2773
f 425 2134 2774
f 2134 423 2223
f 2774 2223 295
f 2134 2223 2774
f 47 1357 2775
f 1357 424 2773
f 2775 2773 46
f 1357 2773 2775
f 226 2201 1335
f 2201 188 2199
f 1335 2199 426
f 2201 2199 1335
f 589 2776 2778
f 2776 295 2777
f 2778 2777 427
f 2776 2777 2778
f 584 2779 2781
f 2779 806 2780
f 2781 2780 583
f 2779 2780 2781
f 189 2280 2767
f 2280 190 2782
f 2767 2782 598
f 2280 2782 2767
f 424 1333 2222
f 1333 426 2783
f 2222 2783 295
f 1333 2783 2222
f 583 2780 2785
f 2780 806 2784
f 2785 2784 421
f 2780 2784 2785
f 295 2783 2777
f 2783 426 2786
f 2777 2786 427
f 2783 2786 2777
f 429 1459 2292
f 1459 428 2067
f 2292 2067 159
f 1459 2067 2292
f 213 1736 2787
f 1736 428 1458
f 2787 1458 296
f 1736 1458 2787
f 158 1956 2789
f 1956 487 2788
f 2789 2788 431
f 1956 2788 2789
f 430 2790 1345
f 2790 429 2791
f 1345 2791 431
f 2790 2791 1345
f 433 2295 2793
f 2295 430 2792
f 2793 2792 1201
f 2295 2792 2793
f 296 1457 2296
f 1457 429 2790
f 2296 2790 430
f 1457 2790 2296
f 158 2789 2294
f 2789 431 2791
f 2294 2791 429
f 2789 2791 2294
f 431 2794 2796
f 2794 366 2795
f 2796 2795 862
f 2794 2795 2796
f 629 2797 2799
f 2797 624 2798
f 2799 2798 631
f 2797 2798 2799
f 129 2800 2802
f 2800 1223 2801
f 2802 2801 1221
f 2800 2801 2802
f 1201 2792 2803
f 2792 430 1344
f 2803 1344 253
f 2792 1344 2803
f 1222 2804 2806
f 2804 1223 2805
f 2806 2805 432
f 2804 2805 2806
f 129 2807 2809
f 2807 130 2808
f 2809 2808 434
f 2807 2808 2809
f 599 1376 2810
f 1376 434 2808
f 2810 2808 130
f 1376 2808 2810
f 435 2811 2813
f 2811 602 2812
f 2813 2812 445
f 2811 2812 2813
f 719 2814 2816
f 2814 892 2815
f 2816 2815 316
f 2814 2815 2816
f 231 1608 1403
f 1608 436 2110
f 1403 2110 221
f 1608 2110 1403
f 315 1616 1634
f 1616 436 1607
f 1634 1607 237
f 1616 1607 1634
f 438 1899 2817
f 1899 437 2312
f 2817 2312 305
f 1899 2312 2817
f 1151 2818 2819
f 2818 437 1898
f 2819 1898 280
f 2818 1898 2819
f 1180 2329 1900
f 2329 306 2324
f 1900 2324 754
f 2329 2324 1900
f 438 2820 2822
f 2820 759 2821
f 2822 2821 758
f 2820 2821 2822
f 439 2334 2310
f 2334 180 1837
f 2310 1837 302
f 2334 1837 2310
f 439 1843 2331
f 1843 309 2823
f 2331 2823 1151
f 1843 2823 2331
f 440 2342 2824
f 2342 126 1888
f 2824 1888 462
f 2342 1888 2824
f 311 2340 2297
f 2340 440 2825
f 2297 2825 312
f 2340 2825 2297
f 311 2299 2341
f 2299 441 1355
f 2341 1355 219
f 2299 1355 2341
f 461 2826 2827
f 2826 441 2298
f 2827 2298 312
f 2826 2298 2827
f 33 1259 1539
f 1259 442 2350
f 1539 2350 236
f 1259 2350 1539
f 34 1541 1261
f 1541 313 2104
f 1261 2104 442
f 1541 2104 1261
f 1137 1997 1327
f 1997 214 2234
f 1327 2234 228
f 1997 2234 1327
f 443 2828 2361
f 2828 314 2829
f 2361 2829 444
f 2828 2829 2361
f 314 2351 2829
f 2351 333 2830
f 2829 2830 444
f 2351 2830 2829
f 451 2831 2408
f 2831 333 2391
f 2408 2391 244
f 2831 2391 2408
f 603 2358 2833
f 2358 94 2832
f 2833 2832 95
f 2358 2832 2833
f 604 2834 2836
f 2834 445 2835
f 2836 2835 316
f 2834 2835 2836
f 322 2241 2374
f 2241 446 1771
f 2374 1771 20
f 2241 1771 2374
f 447 1922 2837
f 1922 446 2240
f 2837 2240 324
f 1922 2240 2837
f 450 2838 2839
f 2838 447 2837
f 2839 2837 324
f 2838 2837 2839
f 447 2838 2841
f 2838 450 2840
f 2841 2840 1152
f 2838 2840 2841
f 449 2842 2401
f 2842 448 2380
f 2401 2380 330
f 2842 2380 2401
f 450 2843 2840
f 2843 283 2844
f 2840 2844 1152
f 2843 2844 2840
f 611 2402 2846
f 2402 330 2845
f 2846 2845 814
f 2402 2845 2846
f 1094 2847 2849
f 2847 1114 2848
f 2849 2848 1125
f 2847 2848 2849
f 324 1623 2839
f 1623 448 2850
f 2839 2850 450
f 1623 2850 2839
f 449 2703 2842
f 2703 450 2850
f 2842 2850 448
f 2703 2850 2842
f 318 2355 1953
f 2355 451 2407
f 1953 2407 240
f 2355 2407 1953
f 444 2830 2354
f 2830 333 2831
f 2354 2831 451
f 2830 2831 2354
f 452 2851 2417
f 2851 605 2852
f 2417 2852 606
f 2851 2852 2417
f 332 2414 2421
f 2414 1153 2853
f 2421 2853 331
f 2414 2853 2421
f 38 2854 2404
f 2854 949 2855
f 2404 2855 610
f 2854 2855 2404
f 285 2729 2856
f 2729 410 2388
f 2856 2388 1167
f 2729 2388 2856
f 457 2857 2736
f 2857 459 2858
f 2736 2858 337
f 2857 2858 2736
f 921 2859 2861
f 2859 919 2860
f 2861 2860 920
f 2859 2860 2861
f 1033 2862 2864
f 2862 1204 2863
f 2864 2863 1032
f 2862 2863 2864
f 337 2865 2734
f 2865 338 2424
f 2734 2424 455
f 2865 2424 2734
f 1076 2866 2868
f 2866 946 2867
f 2868 2867 1025
f 2866 2867 2868
f 813 2869 2871
f 2869 459 2870
f 2871 2870 460
f 2869 2870 2871
f 1204 2872 2873
f 2872 455 1910
f 2873 1910 334
f 2872 1910 2873
f 456 2874 2876
f 2874 1038 2875
f 2876 2875 459
f 2874 2875 2876
f 942 2877 2878
f 2877 453 2038
f 2878 2038 938
f 2877 2038 2878
f 1029 2879 2881
f 2879 571 2880
f 2881 2880 799
f 2879 2880 2881
f 456 2876 2882
f 2876 459 2857
f 2882 2857 457
f 2876 2857 2882
f 459 2883 2870
f 2883 458 2884
f 2870 2884 460
f 2883 2884 2870
f 458 2885 2884
f 2885 815 2886
f 2884 2886 460
f 2885 2886 2884
f 929 2887 2889
f 2887 454 2888
f 2889 2888 1004
f 2887 2888 2889
f 441 2826 1354
f 2826 461 2300
f 1354 2300 297
f 2826 2300 1354
f 1138 2890 2891
f 2890 461 2827
f 2891 2827 312
f 2890 2827 2891
f 639 2892 2438
f 2892 462 1887
f 2438 1887 127
f 2892 1887 2438
f 440 2824 2069
f 2824 462 2893
f 2069 2893 340
f 2824 2893 2069
f 108 2894 1315
f 2894 109 1311
f 1315 1311 614
f 2894 1311 1315
f 341 1332 2453
f 1332 465 2895
f 2453 2895 620
f 1332 2895 2453
f 616 2896 2897
f 2896 155 2218
f 2897 2218 154
f 2896 2218 2897
f 861 2898 2900
f 2898 860 2899
f 2900 2899 488
f 2898 2899 2900
f 247 2901 1392
f 2901 343 2902
f 1392 2902 617
f 2901 2902 1392
f 343 2903 2902
f 2903 618 2904
f 2902 2904 617
f 2903 2904 2902
f 624 2905 1444
f 2905 634 2906
f 1444 2906 247
f 2905 2906 1444
f 1191 2578 2908
f 2578 102 2907
f 2908 2907 103
f 2578 2907 2908
f 642 2459 2910
f 2459 248 2909
f 2910 2909 848
f 2459 2909 2910
f 649 2911 2913
f 2911 656 2912
f 2913 2912 359
f 2911 2912 2913
f 372 1951 1786
f 1951 468 2484
f 1786 2484 139
f 1951 2484 1786
f 354 1397 2498
f 1397 468 2565
f 2498 2565 352
f 1397 2565 2498
f 1144 2914 2505
f 2914 645 1425
f 2505 1425 353
f 2914 1425 2505
f 348 2915 2917
f 2915 643 2916
f 2917 2916 469
f 2915 2916 2917
f 471 1834 2918
f 1834 470 1896
f 2918 1896 179
f 1834 1896 2918
f 472 2494 2919
f 2494 470 1833
f 2919 1833 357
f 2494 1833 2919
f 1154 2920 2504
f 2920 179 1827
f 2504 1827 178
f 2920 1827 2504
f 250 2921 2923
f 2921 1141 2922
f 2923 2922 1216
f 2921 2922 2923
f 357 2924 2919
f 2924 249 2925
f 2919 2925 472
f 2924 2925 2919
f 644 1793 2926
f 1793 472 2925
f 2926 2925 249
f 1793 2925 2926
f 645 2927 2929
f 2927 473 2928
f 2929 2928 1141
f 2927 2928 2929
f 473 2927 2930
f 2927 645 2914
f 2930 2914 1144
f 2927 2914 2930
f 1156 2931 2932
f 2931 474 1406
f 2932 1406 143
f 2931 1406 2932
f 1154 2503 2934
f 2503 474 2933
f 2934 2933 358
f 2503 2933 2934
f 648 2935 2937
f 2935 650 2936
f 2937 2936 475
f 2935 2936 2937
f 646 2938 1395
f 2938 1156 2932
f 1395 2932 143
f 2938 2932 1395
f 849 2939 2940
f 2939 175 1844
f 2940 1844 174
f 2939 1844 2940
f 173 1486 2942
f 1486 661 2941
f 2942 2941 662
f 1486 2941 2942
f 477 1453 2943
f 1453 157 1555
f 2943 1555 479
f 1453 1555 2943
f 478 1936 2944
f 1936 477 1446
f 2944 1446 360
f 1936 1446 2944
f 478 2944 2518
f 2944 360 2945
f 2518 2945 852
f 2944 2945 2518
f 1157 2946 2948
f 2946 365 2947
f 2948 2947 486
f 2946 2947 2948
f 480 2114 2519
f 2114 479 1554
f 2519 1554 158
f 2114 1554 2519
f 477 2943 1447
f 2943 479 2116
f 1447 2116 361
f 2943 2116 1447
f 159 2068 1429
f 2068 160 2462
f 1429 2462 658
f 2068 2462 1429
f 659 2949 2520
f 2949 251 2950
f 2520 2950 1145
f 2949 2950 2520
f 855 2951 2953
f 2951 856 2952
f 2953 2952 1199
f 2951 2952 2953
f 476 1487 1435
f 1487 652 2954
f 1435 2954 654
f 1487 2954 1435
f 482 2955 2956
f 2955 856 2951
f 2956 2951 855
f 2955 2951 2956
f 855 2957 2959
f 2957 655 2958
f 2959 2958 662
f 2957 2958 2959
f 664 2960 2961
f 2960 171 2685
f 2961 2685 170
f 2960 2685 2961
f 483 2528 2963
f 2528 857 2962
f 2963 2962 1158
f 2528 2962 2963
f 665 2964 2966
f 2964 485 2965
f 2966 2965 484
f 2964 2965 2966
f 868 2967 2968
f 2967 867 2584
f 2968 2584 499
f 2967 2584 2968
f 485 1661 2969
f 1661 154 2220
f 2969 2220 486
f 1661 2220 2969
f 484 2965 2535
f 2965 485 1764
f 2535 1764 364
f 2965 1764 2535
f 1157 2948 2970
f 2948 486 2219
f 2970 2219 155
f 2948 2219 2970
f 485 2969 1765
f 2969 486 2947
f 1765 2947 365
f 2969 2947 1765
f 488 1430 2971
f 1430 487 1957
f 2971 1957 157
f 1430 1957 2971
f 431 2788 2794
f 2788 487 1432
f 2794 1432 366
f 2788 1432 2794
f 1160 2972 2544
f 2972 157 1452
f 2544 1452 156
f 2972 1452 2544
f 861 2973 2898
f 2973 666 2974
f 2898 2974 860
f 2973 2974 2898
f 667 2975 2550
f 2975 256 2120
f 2550 2120 208
f 2975 2120 2550
f 172 2549 2548
f 2549 489 2558
f 2548 2558 368
f 2549 2558 2548
f 370 1856 2557
f 1856 490 2552
f 2557 2552 254
f 1856 2552 2557
f 206 1237 2976
f 1237 490 1855
f 2976 1855 207
f 1237 1855 2976
f 205 2236 2561
f 2236 404 2700
f 2561 2700 491
f 2236 2700 2561
f 492 2698 2977
f 2698 404 2687
f 2977 2687 282
f 2698 2687 2977
f 401 2562 2553
f 2562 492 2977
f 2553 2977 282
f 2562 2977 2553
f 371 1563 2686
f 1563 491 2699
f 2686 2699 492
f 1563 2699 2686
f 258 2501 2564
f 2501 493 2490
f 2564 2490 352
f 2501 2490 2564
f 182 2566 1966
f 2566 493 2500
f 1966 2500 373
f 2566 2500 1966
f 669 2978 2980
f 2978 152 2979
f 2980 2979 151
f 2978 2979 2980
f 866 2981 2983
f 2981 670 2982
f 2983 2982 494
f 2981 2982 2983
f 495 2984 2986
f 2984 865 2985
f 2986 2985 864
f 2984 2985 2986
f 863 2987 2988
f 2987 494 1761
f 2988 1761 669
f 2987 1761 2988
f 148 2574 2990
f 2574 514 2989
f 2990 2989 1164
f 2574 2989 2990
f 496 2991 2993
f 2991 885 2992
f 2993 2992 1161
f 2991 2992 2993
f 1224 2994 2995
f 2994 497 1523
f 2995 1523 101
f 2994 1523 2995
f 1134 2996 2998
f 2996 497 2997
f 2998 2997 376
f 2996 2997 2998
f 499 1700 2999
f 1700 498 1639
f 2999 1639 151
f 1700 1639 2999
f 381 2601 2530
f 2601 498 1699
f 2530 1699 377
f 2601 1699 2530
f 1162 3000 2583
f 3000 151 2979
f 2583 2979 152
f 3000 2979 2583
f 868 3001 2967
f 3001 673 3002
f 2967 3002 867
f 3001 3002 2967
f 675 3003 3004
f 3003 168 1759
f 3004 1759 167
f 3003 1759 3004
f 1172 3005 3007
f 3005 500 3006
f 3007 3006 1173
f 3005 3006 3007
f 501 3008 3010
f 3008 678 3009
f 3010 3009 680
f 3008 3009 3010
f 870 3011 3012
f 3011 500 2020
f 3012 2020 675
f 3011 2020 3012
f 502 1671 3013
f 1671 149 2141
f 3013 2141 504
f 1671 2141 3013
f 503 1981 3014
f 1981 502 1650
f 3014 1650 380
f 1981 1650 3014
f 503 3014 2599
f 3014 380 3015
f 2599 3015 877
f 3014 3015 2599
f 1163 3016 3018
f 3016 384 3017
f 3018 3017 511
f 3016 3017 3018
f 498 2600 1640
f 2600 504 2140
f 1640 2140 150
f 2600 2140 1640
f 502 3013 1651
f 3013 504 2602
f 1651 2602 381
f 3013 2602 1651
f 506 1678 2605
f 1678 505 2024
f 2605 2024 165
f 1678 2024 2605
f 508 1504 1686
f 1504 505 1677
f 1686 1677 382
f 1504 1677 1686
f 566 3019 2249
f 3019 506 2606
f 2249 2606 166
f 3019 2606 2249
f 682 2717 3020
f 2717 261 2608
f 3020 2608 507
f 2717 2608 3020
f 508 3021 3022
f 3021 277 1799
f 3022 1799 275
f 3021 1799 3022
f 682 3020 2719
f 3020 507 1684
f 2719 1684 382
f 3020 1684 2719
f 277 3021 2607
f 3021 508 1685
f 2607 1685 507
f 3021 1685 2607
f 163 1990 1696
f 1990 508 3022
f 1696 3022 275
f 1990 3022 1696
f 691 3023 3025
f 3023 693 3024
f 3025 3024 509
f 3023 3024 3025
f 791 3026 3027
f 3026 407 2245
f 3027 2245 565
f 3026 2245 3027
f 803 3028 3030
f 3028 198 3029
f 3030 3029 197
f 3028 3029 3030
f 697 3031 3032
f 3031 538 2739
f 3032 2739 695
f 3031 2739 3032
f 1163 3018 3033
f 3018 511 1679
f 3033 1679 147
f 3018 1679 3033
f 512 1984 1811
f 1984 511 3017
f 1811 3017 384
f 1984 3017 1811
f 702 1812 3035
f 1812 384 3034
f 3035 3034 262
f 1812 3034 3035
f 705 3036 3038
f 3036 512 3037
f 3038 3037 704
f 3036 3037 3038
f 513 1666 3039
f 1666 147 1423
f 3039 1423 515
f 1666 1423 3039
f 514 2573 3040
f 2573 513 1660
f 3040 1660 385
f 2573 1660 3040
f 514 3040 2622
f 3040 385 3041
f 2622 3041 884
f 3040 3041 2622
f 1164 3042 3044
f 3042 496 3043
f 3044 3043 672
f 3042 3043 3044
f 517 2632 1252
f 2632 515 1422
f 1252 1422 146
f 2632 1422 1252
f 513 3039 1658
f 3039 515 2631
f 1658 2631 386
f 3039 2631 1658
f 890 3045 3047
f 3045 983 3046
f 3047 3046 982
f 3045 3046 3047
f 709 3048 1814
f 3048 711 3049
f 1814 3049 263
f 3048 3049 1814
f 388 2628 3051
f 2628 707 3050
f 3051 3050 710
f 2628 3050 3051
f 386 2630 1816
f 2630 517 3052
f 1816 3052 709
f 2630 3052 1816
f 1202 3053 3055
f 3053 77 3054
f 3055 3054 78
f 3053 3054 3055
f 238 3056 3058
f 3056 601 3057
f 3058 3057 892
f 3056 3057 3058
f 68 1802 2229
f 1802 519 1688
f 2229 1688 272
f 1802 1688 2229
f 520 2642 3060
f 2642 519 3059
f 3060 3059 390
f 2642 3059 3060
f 881 3061 3062
f 3061 520 3060
f 3062 3060 390
f 3061 3060 3062
f 978 3063 3065
f 3063 875 3064
f 3065 3064 680
f 3063 3064 3065
f 522 1751 2641
f 1751 521 1294
f 2641 1294 69
f 1751 1294 2641
f 519 1801 3059
f 1801 521 1753
f 3059 1753 390
f 1801 1753 3059
f 741 3066 3068
f 3066 740 3067
f 3068 3067 70
f 3066 3067 3068
f 704 3069 3071
f 3069 702 3070
f 3071 3070 703
f 3069 3070 3071
f 524 1691 3072
f 1691 523 1667
f 3072 1667 163
f 1691 1667 3072
f 525 2590 3073
f 2590 523 1690
f 3073 1690 391
f 2590 1690 3073
f 527 3074 1693
f 3074 163 2200
f 1693 2200 162
f 3074 2200 1693
f 272 1687 3076
f 1687 270 3075
f 3076 3075 744
f 1687 3075 3076
f 1177 3077 3079
f 3077 1176 3078
f 3079 3078 525
f 3077 3078 3079
f 1175 3080 3082
f 3080 1176 3081
f 3082 3081 679
f 3080 3081 3082
f 742 3083 2644
f 3083 391 2182
f 2644 2182 270
f 3083 2182 2644
f 526 3084 3086
f 3084 742 3085
f 3086 3085 743
f 3084 3085 3086
f 744 3087 3076
f 3087 271 1570
f 3076 1570 272
f 3087 1570 3076
f 163 3074 3072
f 3074 527 1731
f 3072 1731 524
f 3074 1731 3072
f 276 2151 2195
f 2151 528 2077
f 2195 2077 64
f 2151 2077 2195
f 529 2071 2650
f 2071 528 3088
f 2650 3088 392
f 2071 3088 2650
f 532 3089 3091
f 3089 534 3090
f 3091 3090 392
f 3089 3090 3091
f 537 3092 2258
f 3092 62 2613
f 2258 2613 529
f 3092 2613 2258
f 536 3093 3095
f 3093 535 3094
f 3095 3094 751
f 3093 3094 3095
f 62 3096 3098
f 3096 1165 3097
f 3098 3097 61
f 3096 3097 3098
f 540 3099 3101
f 3099 392 3100
f 3101 3100 539
f 3099 3100 3101
f 1225 3102 3104
f 3102 537 3103
f 3104 3103 530
f 3102 3103 3104
f 277 2609 1624
f 2609 261 3105
f 1624 3105 745
f 2609 3105 1624
f 692 3106 3108
f 3106 694 3107
f 3108 3107 383
f 3106 3107 3108
f 533 3109 3110
f 3109 537 3102
f 3110 3102 1225
f 3109 3102 3110
f 286 3111 3113
f 3111 801 3112
f 3113 3112 1186
f 3111 3112 3113
f 392 3090 2651
f 3090 534 2648
f 2651 2648 531
f 3090 2648 2651
f 746 3114 3116
f 3114 536 3115
f 3116 3115 532
f 3114 3115 3116
f 535 3093 3117
f 3093 536 3114
f 3117 3114 746
f 3093 3114 3117
f 685 3118 2055
f 3118 687 3119
f 2055 3119 683
f 3118 3119 2055
f 532 3115 3089
f 3115 536 1978
f 3089 1978 534
f 3115 1978 3089
f 751 3094 3121
f 3094 535 3120
f 3121 3120 750
f 3094 3120 3121
f 530 3103 2649
f 3103 537 2257
f 2649 2257 531
f 3103 2257 2649
f 537 3109 3123
f 3109 533 3122
f 3123 3122 1165
f 3109 3122 3123
f 510 3124 3126
f 3124 574 3125
f 3126 3125 695
f 3124 3125 3126
f 536 3127 3129
f 3127 538 3128
f 3129 3128 699
f 3127 3128 3129
f 540 3101 3130
f 3101 539 1242
f 3130 1242 264
f 3101 1242 3130
f 528 2150 3088
f 2150 539 3100
f 3088 3100 392
f 2150 3100 3088
f 277 1626 1800
f 1626 540 3130
f 1800 3130 264
f 1626 3130 1800
f 392 3099 3091
f 3099 540 3131
f 3091 3131 532
f 3099 3131 3091
f 439 2652 2335
f 2652 541 1828
f 2335 1828 179
f 2652 1828 2335
f 753 3132 1848
f 3132 541 2653
f 1848 2653 394
f 3132 2653 1848
f 757 3133 3134
f 3133 280 2661
f 3134 2661 756
f 3133 2661 3134
f 752 3135 3137
f 3135 755 3136
f 3137 3136 544
f 3135 3136 3137
f 910 3138 3139
f 3138 13 2658
f 3139 2658 777
f 3138 2658 3139
f 543 3140 3142
f 3140 911 3141
f 3142 3141 897
f 3140 3141 3142
f 544 1862 3137
f 1862 212 1845
f 3137 1845 752
f 1862 1845 3137
f 396 3143 3145
f 3143 903 3144
f 3145 3144 544
f 3143 3144 3145
f 546 1850 2667
f 1850 545 1915
f 2667 1915 209
f 1850 1915 2667
f 547 1868 3146
f 1868 545 1849
f 3146 1849 397
f 1868 1849 3146
f 902 3147 3149
f 3147 761 3148
f 3149 3148 546
f 3147 3148 3149
f 763 2670 3150
f 2670 760 2243
f 3150 2243 281
f 2670 2243 3150
f 763 3151 2669
f 3151 547 3146
f 2669 3146 397
f 3151 3146 2669
f 207 3152 2976
f 3152 992 3153
f 2976 3153 206
f 3152 3153 2976
f 775 3154 3156
f 3154 1226 3155
f 3156 3155 774
f 3154 3155 3156
f 777 3157 3139
f 3157 911 3158
f 3139 3158 910
f 3157 3158 3139
f 926 3159 3161
f 3159 15 3160
f 3161 3160 16
f 3159 3160 3161
f 778 3162 3164
f 3162 549 3163
f 3164 3163 398
f 3162 3163 3164
f 992 3165 1874
f 3165 547 3166
f 1874 3166 765
f 3165 3166 1874
f 912 3167 3169
f 3167 780 3168
f 3169 3168 550
f 3167 3168 3169
f 913 3170 3172
f 3170 551 3171
f 3172 3171 914
f 3170 3171 3172
f 554 2702 3174
f 2702 785 3173
f 3174 3173 917
f 2702 3173 3174
f 552 3175 3177
f 3175 880 3176
f 3177 3176 688
f 3175 3176 3177
f 552 3177 3179
f 3177 688 3178
f 3179 3178 566
f 3177 3178 3179
f 404 2235 2696
f 2235 204 1993
f 2696 1993 783
f 2235 1993 2696
f 880 3180 3176
f 3180 686 3181
f 3176 3181 688
f 3180 3181 3176
f 202 2005 3183
f 2005 203 3182
f 3183 3182 916
f 2005 3182 3183
f 1005 3184 3186
f 3184 405 3185
f 3186 3185 1006
f 3184 3185 3186
f 1152 1930 2841
f 1930 18 2381
f 2841 2381 447
f 1930 2381 2841
f 556 2674 3188
f 2674 555 3187
f 3188 3187 406
f 2674 3187 3188
f 556 3188 3190
f 3188 406 3189
f 3190 3189 558
f 3188 3189 3190
f 787 3191 3193
f 3191 560 3192
f 3193 3192 1115
f 3191 3192 3193
f 559 3194 3195
f 3194 558 3189
f 3195 3189 406
f 3194 3189 3195
f 559 3196 3198
f 3196 283 3197
f 3198 3197 788
f 3196 3197 3198
f 406 3199 3195
f 3199 1152 3200
f 3195 3200 559
f 3199 3200 3195
f 562 2677 3202
f 2677 558 3201
f 3202 3201 557
f 2677 3201 3202
f 283 2843 3197
f 2843 450 2705
f 3197 2705 788
f 2843 2705 3197
f 558 3194 3204
f 3194 559 3203
f 3204 3203 1121
f 3194 3203 3204
f 560 3205 3207
f 3205 562 3206
f 3207 3206 563
f 3205 3206 3207
f 398 3163 3209
f 3163 549 3208
f 3209 3208 787
f 3163 3208 3209
f 449 2400 3211
f 2400 611 3210
f 3211 3210 1002
f 2400 3210 3211
f 1002 3212 3211
f 3212 789 3213
f 3211 3213 449
f 3212 3213 3211
f 562 3202 3215
f 3202 557 3214
f 3215 3214 1113
f 3202 3214 3215
f 562 3205 2678
f 3205 560 3216
f 2678 3216 928
f 3205 3216 2678
f 1123 3217 3219
f 3217 1125 3218
f 3219 3218 1122
f 3217 3218 3219
f 547 3151 3166
f 3151 763 3220
f 3166 3220 765
f 3151 3220 3166
f 565 2247 2711
f 2247 564 2006
f 2711 2006 202
f 2247 2006 2711
f 783 3221 2713
f 3221 564 2246
f 2713 2246 407
f 3221 2246 2713
f 689 3222 2016
f 3222 565 2712
f 2016 2712 201
f 3222 2712 2016
f 693 3223 3024
f 3223 792 3224
f 3024 3224 509
f 3223 3224 3024
f 552 3179 1758
f 3179 566 2248
f 1758 2248 167
f 3179 2248 1758
f 566 3225 3226
f 3225 408 2056
f 3226 2056 683
f 3225 2056 3226
f 567 2043 3227
f 2043 195 2027
f 3227 2027 569
f 2043 2027 3227
f 568 2085 3228
f 2085 567 2047
f 3228 2047 409
f 2085 2047 3228
f 1066 2730 3230
f 2730 285 3229
f 3230 3229 1064
f 2730 3229 3230
f 568 3231 3233
f 3231 422 3232
f 3233 3232 585
f 3231 3232 3233
f 569 2026 2252
f 2026 196 2727
f 2252 2727 794
f 2026 2727 2252
f 567 3227 2045
f 3227 569 2251
f 2045 2251 410
f 3227 2251 2045
f 795 3234 3235
f 3234 197 3029
f 3235 3029 198
f 3234 3029 3235
f 1167 2390 3237
f 2390 570 3236
f 3237 3236 1218
f 2390 3236 3237
f 932 3238 3240
f 3238 200 3239
f 3240 3239 786
f 3238 3239 3240
f 200 2017 3242
f 2017 201 3241
f 3242 3241 925
f 2017 3241 3242
f 573 2035 2738
f 2035 572 2050
f 2738 2050 196
f 2035 2050 2738
f 574 2260 3243
f 2260 572 2034
f 3243 2034 412
f 2260 2034 3243
f 195 2040 2737
f 2040 413 3244
f 2737 3244 573
f 2040 3244 2737
f 287 3245 2111
f 3245 800 3246
f 2111 3246 413
f 3245 3246 2111
f 1178 3247 3249
f 3247 286 3248
f 3249 3248 698
f 3247 3248 3249
f 700 3250 3251
f 3250 574 3124
f 3251 3124 510
f 3250 3124 3251
f 576 2262 3252
f 2262 575 2093
f 3252 2093 59
f 2262 2093 3252
f 415 2749 2751
f 2749 575 2264
f 2751 2264 414
f 2749 2264 2751
f 1184 3253 3255
f 3253 1217 3254
f 3255 3254 1185
f 3253 3254 3255
f 414 2263 3257
f 2263 576 3256
f 3257 3256 1183
f 2263 3256 3257
f 57 2102 3258
f 2102 577 2759
f 3258 2759 56
f 2102 2759 3258
f 288 2274 2748
f 2274 417 2271
f 2748 2271 577
f 2274 2271 2748
f 287 3259 3260
f 3259 578 2752
f 3260 2752 414
f 3259 2752 3260
f 288 2757 2754
f 2757 578 3261
f 2754 3261 418
f 2757 3261 2754
f 418 3261 2758
f 3261 578 3262
f 2758 3262 579
f 3261 3262 2758
f 287 2113 3259
f 2113 579 3262
f 3259 3262 578
f 2113 3262 3259
f 44 2143 3264
f 2143 587 3263
f 3264 3263 805
f 2143 3263 3264
f 936 3265 3266
f 3265 935 2763
f 3266 2763 580
f 3265 2763 3266
f 582 2121 2132
f 2121 581 2177
f 2132 2177 191
f 2121 2177 2132
f 427 2286 3267
f 2286 581 2123
f 3267 2123 421
f 2286 2123 3267
f 585 3268 2275
f 3268 582 2131
f 2275 2131 192
f 3268 2131 2275
f 583 2725 3270
f 2725 422 3269
f 3270 3269 290
f 2725 3269 3270
f 584 2781 3271
f 2781 583 3270
f 3271 3270 290
f 2781 3270 3271
f 421 2122 2785
f 2122 582 2726
f 2785 2726 583
f 2122 2726 2785
f 590 3272 3274
f 3272 584 3273
f 3274 3273 591
f 3272 3273 3274
f 805 3275 2290
f 3275 588 3276
f 2290 3276 590
f 3275 3276 2290
f 568 3233 2769
f 3233 585 2276
f 2769 2276 193
f 3233 2276 2769
f 582 3268 2724
f 3268 585 3232
f 2724 3232 422
f 3268 3232 2724
f 423 2133 2137
f 2133 586 2125
f 2137 2125 45
f 2133 2125 2137
f 587 2142 3277
f 2142 586 2135
f 3277 2135 425
f 2142 2135 3277
f 588 3278 3279
f 3278 587 3277
f 3279 3277 425
f 3278 3277 3279
f 43 3280 2154
f 3280 805 2289
f 2154 2289 580
f 3280 2289 2154
f 589 2766 3281
f 2766 588 3279
f 3281 3279 425
f 2766 3279 3281
f 590 3276 3272
f 3276 588 2765
f 3272 2765 584
f 3276 2765 3272
f 295 2776 2774
f 2776 589 3281
f 2774 3281 425
f 2776 3281 2774
f 427 3267 3282
f 3267 421 2784
f 3282 2784 806
f 3267 2784 3282
f 591 3273 2762
f 3273 584 3271
f 2762 3271 290
f 3273 3271 2762
f 580 2291 3284
f 2291 590 3283
f 3284 3283 420
f 2291 3283 3284
f 593 2760 3286
f 2760 290 3285
f 3286 3285 594
f 2760 3285 3286
f 420 3283 2161
f 3283 590 3274
f 2161 3274 591
f 3283 3274 2161
f 1231 3287 3289
f 3287 592 3288
f 3289 3288 1232
f 3287 3288 3289
f 593 3290 2761
f 3290 597 2159
f 2761 2159 591
f 3290 2159 2761
f 594 3285 2771
f 3285 290 3269
f 2771 3269 422
f 3285 3269 2771
f 593 3291 3293
f 3291 592 3292
f 3293 3292 595
f 3291 3292 3293
f 596 2772 3294
f 2772 422 3231
f 3294 3231 568
f 2772 3231 3294
f 593 3286 3296
f 3286 594 3295
f 3296 3295 807
f 3286 3295 3296
f 285 3297 3299
f 3297 931 3298
f 3299 3298 1062
f 3297 3298 3299
f 1212 3300 3302
f 3300 936 3301
f 3302 3301 595
f 3300 3301 3302
f 1068 3303 3304
f 3303 568 3228
f 3304 3228 409
f 3303 3228 3304
f 593 3296 3291
f 3296 807 3305
f 3291 3305 592
f 3296 3305 3291
f 593 3293 3290
f 3293 595 3306
f 3290 3306 597
f 3293 3306 3290
f 420 2160 3307
f 2160 597 3306
f 3307 3306 595
f 2160 3306 3307
f 581 2288 2178
f 2288 598 2782
f 2178 2782 190
f 2288 2782 2178
f 426 2768 2786
f 2768 598 2287
f 2786 2287 427
f 2768 2287 2786
f 130 1434 2810
f 1434 213 3308
f 2810 3308 599
f 1434 3308 2810
f 296 1502 2787
f 1502 599 3308
f 2787 3308 213
f 1502 3308 2787
f 602 1942 2303
f 1942 298 1531
f 2303 1531 92
f 1942 1531 2303
f 601 1518 3310
f 1518 600 3309
f 3310 3309 435
f 1518 3309 3310
f 601 3310 3312
f 3310 435 3311
f 3312 3311 604
f 3310 3311 3312
f 238 1404 3056
f 1404 221 1516
f 3056 1516 601
f 1404 1516 3056
f 445 2812 1322
f 2812 602 2305
f 1322 2305 93
f 2812 2305 1322
f 600 1943 3309
f 1943 602 2811
f 3309 2811 435
f 1943 2811 3309
f 726 3313 3315
f 3313 603 3314
f 3315 3314 729
f 3313 3314 3315
f 732 3316 3318
f 3316 731 3317
f 3318 3317 726
f 3316 3317 3318
f 604 2836 3319
f 2836 316 2815
f 3319 2815 892
f 2836 2815 3319
f 435 2813 3311
f 2813 445 2834
f 3311 2834 604
f 2813 2834 3311
f 606 2852 2395
f 2852 605 2105
f 2395 2105 313
f 2852 2105 2395
f 607 2411 3320
f 2411 605 2851
f 3320 2851 452
f 2411 2851 3320
f 313 1543 2393
f 1543 35 3321
f 2393 3321 809
f 1543 3321 2393
f 609 3322 3323
f 3322 331 2853
f 3323 2853 1153
f 3322 2853 3323
f 333 2353 3324
f 2353 607 3320
f 3324 3320 452
f 2353 3320 3324
f 607 2352 3326
f 2352 314 3325
f 3326 3325 1137
f 2352 3325 3326
f 812 2347 3327
f 2347 37 2405
f 3327 2405 610
f 2347 2405 3327
f 1189 3328 3329
f 3328 609 2415
f 3329 2415 606
f 3328 2415 3329
f 609 3328 3331
f 3328 1189 3330
f 3331 3330 810
f 3328 3330 3331
f 1030 3332 2425
f 3332 331 3322
f 2425 3322 609
f 3332 3322 2425
f 949 3333 3335
f 3333 39 3334
f 3335 3334 811
f 3333 3334 3335
f 950 3336 3338
f 3336 951 3337
f 3338 3337 952
f 3336 3337 3338
f 814 3339 3340
f 3339 327 2398
f 3340 2398 612
f 3339 2398 3340
f 789 3341 3343
f 3341 561 3342
f 3343 3342 788
f 3341 3342 3343
f 337 2433 2865
f 2433 612 2397
f 2865 2397 338
f 2433 2397 2865
f 814 3344 2846
f 3344 454 3345
f 2846 3345 611
f 3344 3345 2846
f 798 3346 3348
f 3346 1010 3347
f 3348 3347 1012
f 3346 3347 3348
f 561 3341 3350
f 3341 789 3349
f 3350 3349 1003
f 3341 3349 3350
f 339 2345 3352
f 2345 246 3351
f 3352 3351 816
f 2345 3351 3352
f 463 2435 2454
f 2435 817 3353
f 2454 3353 341
f 2435 3353 2454
f 616 2448 2896
f 2448 615 1449
f 2896 1449 155
f 2448 1449 2896
f 1160 2543 3354
f 2543 615 2450
f 3354 2450 464
f 2543 2450 3354
f 670 3355 2451
f 3355 154 1663
f 2451 1663 153
f 3355 1663 2451
f 342 3356 3357
f 3356 464 2571
f 3357 2571 818
f 3356 2571 3357
f 618 2903 3358
f 2903 343 1569
f 3358 1569 106
f 2903 1569 3358
f 619 1393 3360
f 1393 617 3359
f 3360 3359 465
f 1393 3359 3360
f 107 3361 3362
f 3361 618 3358
f 3362 3358 106
f 3361 3358 3362
f 465 3359 3363
f 3359 617 2904
f 3363 2904 618
f 3359 2904 3363
f 619 3360 3364
f 3360 465 1331
f 3364 1331 621
f 3360 1331 3364
f 634 3365 2906
f 3365 635 2457
f 2906 2457 247
f 3365 2457 2906
f 465 3363 2895
f 3363 618 3366
f 2895 3366 620
f 3363 3366 2895
f 107 1609 3361
f 1609 620 3366
f 3361 3366 618
f 1609 3366 3361
f 625 3367 3368
f 3367 621 1330
f 3368 1330 341
f 3367 1330 3368
f 832 3369 3371
f 3369 629 3370
f 3371 3370 974
f 3369 3370 3371
f 631 3372 3374
f 3372 625 3373
f 3374 3373 632
f 3372 3373 3374
f 366 1431 3375
f 1431 488 2899
f 3375 2899 860
f 1431 2899 3375
f 625 3376 3378
f 3376 638 3377
f 3378 3377 623
f 3376 3377 3378
f 1222 3379 3381
f 3379 633 3380
f 3381 3380 1219
f 3379 3380 3381
f 631 3382 3383
f 3382 619 3364
f 3383 3364 621
f 3382 3364 3383
f 627 3384 3386
f 3384 955 3385
f 3386 3385 831
f 3384 3385 3386
f 817 2434 3388
f 2434 614 3387
f 3388 3387 816
f 2434 3387 3388
f 629 3389 2797
f 3389 622 3390
f 2797 3390 624
f 3389 3390 2797
f 625 3378 3373
f 3378 623 3391
f 3373 3391 632
f 3378 3391 3373
f 623 3392 3394
f 3392 1219 3393
f 3394 3393 1048
f 3392 3393 3394
f 342 3395 3397
f 3395 820 3396
f 3397 3396 824
f 3395 3396 3397
f 828 3398 3399
f 3398 627 3386
f 3399 3386 831
f 3398 3386 3399
f 1138 1289 3401
f 1289 1168 3400
f 3401 3400 246
f 1289 3400 3401
f 639 2447 3402
f 2447 638 2443
f 3402 2443 628
f 2447 2443 3402
f 631 2798 3382
f 2798 624 1445
f 3382 1445 619
f 2798 1445 3382
f 1048 3403 3405
f 3403 974 3404
f 3405 3404 626
f 3403 3404 3405
f 366 3375 2795
f 3375 860 3406
f 2795 3406 862
f 3375 3406 2795
f 832 3407 3408
f 3407 630 2547
f 3408 2547 830
f 3407 2547 3408
f 625 3372 3367
f 3372 631 3383
f 3367 3383 621
f 3372 3383 3367
f 629 2799 3410
f 2799 631 3409
f 3410 3409 626
f 2799 3409 3410
f 633 3411 3380
f 3411 1048 3393
f 3380 3393 1219
f 3411 3393 3380
f 631 3374 3409
f 3374 632 3412
f 3409 3412 626
f 3374 3412 3409
f 633 3413 3414
f 3413 1201 2439
f 3414 2439 973
f 3413 2439 3414
f 973 3415 3414
f 3415 974 3416
f 3414 3416 633
f 3415 3416 3414
f 955 3417 3418
f 3417 624 3390
f 3418 3390 622
f 3417 3390 3418
f 635 3365 3420
f 3365 634 3419
f 3420 3419 627
f 3365 3419 3420
f 636 1703 3421
f 1703 635 3420
f 3421 3420 627
f 1703 3420 3421
f 635 1702 2455
f 1702 466 3422
f 2455 3422 637
f 1702 3422 2455
f 820 3395 3423
f 3395 342 3357
f 3423 3357 818
f 3395 3357 3423
f 836 3424 3426
f 3424 833 3425
f 3426 3425 636
f 3424 3425 3426
f 637 3422 1341
f 3422 466 3427
f 1341 3427 640
f 3422 3427 1341
f 247 2456 2901
f 2456 637 1340
f 2901 1340 343
f 2456 1340 2901
f 341 2444 3368
f 2444 638 3376
f 3368 3376 625
f 2444 3376 3368
f 628 3428 3402
f 3428 1168 3429
f 3402 3429 639
f 3428 3429 3402
f 462 2892 2893
f 2892 639 3430
f 2893 3430 340
f 2892 3430 2893
f 127 3431 2436
f 3431 128 3432
f 2436 3432 1170
f 3431 3432 2436
f 641 1509 3433
f 1509 640 3427
f 3433 3427 466
f 1509 3427 3433
f 104 3434 1508
f 3434 105 1348
f 1508 1348 640
f 3434 1348 1508
f 636 3425 1701
f 3425 833 3435
f 1701 3435 466
f 3425 3435 1701
f 641 3433 3436
f 3433 466 3435
f 3436 3435 833
f 3433 3435 3436
f 248 2473 2909
f 2473 1139 3437
f 2909 3437 848
f 2473 3437 2909
f 660 3438 3440
f 3438 658 3439
f 3440 3439 1171
f 3438 3439 3440
f 349 2467 2476
f 2467 643 2915
f 2476 2915 348
f 2467 2915 2476
f 135 2496 2475
f 2496 469 2916
f 2475 2916 643
f 2496 2916 2475
f 354 1784 2493
f 1784 644 2926
f 2493 2926 249
f 1784 2926 2493
f 181 1794 1418
f 1794 644 1783
f 1418 1783 355
f 1794 1783 1418
f 1141 2921 3442
f 2921 250 3441
f 3442 3441 1140
f 2921 3441 3442
f 348 2917 3443
f 2917 469 1426
f 3443 1426 645
f 2917 1426 3443
f 647 1494 2507
f 1494 646 1394
f 2507 1394 177
f 1494 1394 2507
f 475 3444 3446
f 3444 1155 3445
f 3446 3445 1156
f 3444 3445 3446
f 649 3447 3448
f 3447 176 2511
f 3448 2511 651
f 3447 2511 3448
f 649 2913 1465
f 2913 359 3449
f 1465 3449 648
f 2913 3449 1465
f 650 2935 3450
f 2935 648 3449
f 3450 3449 359
f 2935 3449 3450
f 475 1495 2937
f 1495 647 1463
f 2937 1463 648
f 1495 1463 2937
f 176 3447 2506
f 3447 649 1464
f 2506 1464 647
f 3447 1464 2506
f 649 3451 2911
f 3451 476 1437
f 2911 1437 656
f 3451 1437 2911
f 966 3452 3454
f 3452 967 3453
f 3454 3453 359
f 3452 3453 3454
f 1143 3455 3457
f 3455 1142 3456
f 3457 3456 958
f 3455 3456 3457
f 652 1489 3458
f 1489 651 2512
f 3458 2512 175
f 1489 2512 3458
f 649 3448 3451
f 3448 651 1488
f 3451 1488 476
f 3448 1488 3451
f 174 1858 3459
f 1858 173 2942
f 3459 2942 662
f 1858 2942 3459
f 655 3460 3462
f 3460 653 3461
f 3462 3461 654
f 3460 3461 3462
f 853 3463 3465
f 3463 962 3464
f 3465 3464 964
f 3463 3464 3465
f 660 3466 3468
f 3466 467 3467
f 3468 3467 970
f 3466 3467 3468
f 655 3462 3469
f 3462 654 2954
f 3469 2954 652
f 3462 2954 3469
f 654 3461 1436
f 3461 653 3470
f 1436 3470 656
f 3461 3470 1436
f 849 3471 3472
f 3471 655 3469
f 3472 3469 652
f 3471 3469 3472
f 655 3473 3475
f 3473 481 3474
f 3475 3474 961
f 3473 3474 3475
f 959 3476 3477
f 3476 656 3470
f 3477 3470 653
f 3476 3470 3477
f 968 3478 3480
f 3478 967 3479
f 3480 3479 851
f 3478 3479 3480
f 360 3481 3483
f 3481 1145 3482
f 3483 3482 853
f 3481 3482 3483
f 657 2516 3484
f 2516 853 3465
f 3484 3465 964
f 2516 3465 3484
f 344 2460 2461
f 2460 642 3485
f 2461 3485 658
f 2460 3485 2461
f 1171 3486 3440
f 3486 467 3466
f 3440 3466 660
f 3486 3466 3440
f 480 3487 2513
f 3487 660 3488
f 2513 3488 659
f 3487 3488 2513
f 660 3468 3490
f 3468 970 3489
f 3490 3489 1042
f 3468 3489 3490
f 658 3438 1427
f 3438 660 3487
f 1427 3487 480
f 3438 3487 1427
f 851 3491 3492
f 3491 970 3467
f 3492 3467 467
f 3491 3467 3492
f 661 1485 3493
f 1485 172 1438
f 3493 1438 663
f 1485 1438 3493
f 662 2941 3494
f 2941 661 1474
f 3494 1474 482
f 2941 1474 3494
f 855 2959 2956
f 2959 662 3494
f 2956 3494 482
f 2959 3494 2956
f 662 2958 3495
f 2958 655 3471
f 3495 3471 849
f 2958 3471 3495
f 664 2522 2960
f 2522 663 1440
f 2960 1440 171
f 2522 1440 2960
f 661 3493 1472
f 3493 663 2524
f 1472 2524 483
f 3493 2524 1472
f 170 1883 3496
f 1883 169 2525
f 3496 2525 1172
f 1883 2525 3496
f 1158 2962 3497
f 2962 857 2588
f 3497 2588 362
f 2962 2588 3497
f 485 2964 1662
f 2964 665 2238
f 1662 2238 153
f 2964 2238 1662
f 1162 2582 3498
f 2582 665 2966
f 3498 2966 484
f 2582 2966 3498
f 824 3499 3397
f 3499 826 3500
f 3397 3500 342
f 3499 3500 3397
f 862 3501 2796
f 3501 253 1346
f 2796 1346 431
f 3501 1346 2796
f 368 2560 2556
f 2560 667 2551
f 2556 2551 370
f 2560 2551 2556
f 256 2975 1470
f 2975 667 2559
f 1470 2559 489
f 2975 2559 1470
f 669 1760 2978
f 1760 668 1441
f 2978 1441 152
f 1760 1441 2978
f 670 2452 2982
f 2452 668 1762
f 2982 1762 494
f 2452 1762 2982
f 671 3502 1647
f 3502 669 2980
f 1647 2980 151
f 3502 2980 1647
f 494 2987 3504
f 2987 863 3503
f 3504 3503 374
f 2987 3503 3504
f 866 2983 3505
f 2983 494 3504
f 3505 3504 374
f 2983 3504 3505
f 616 2897 3506
f 2897 154 3355
f 3506 3355 670
f 2897 3355 3506
f 671 1648 3507
f 1648 150 1510
f 3507 1510 672
f 1648 1510 3507
f 669 3502 3508
f 3502 671 1643
f 3508 1643 495
f 3502 1643 3508
f 1164 3044 3509
f 3044 672 1512
f 3509 1512 149
f 3044 1512 3509
f 671 3507 1641
f 3507 672 3043
f 1641 3043 496
f 3507 3043 1641
f 1100 3510 3512
f 3510 980 3511
f 3512 3511 1083
f 3510 3511 3512
f 870 3513 1968
f 3513 871 3514
f 1968 3514 378
f 3513 3514 1968
f 675 2022 3003
f 2022 674 1674
f 3003 1674 168
f 2022 1674 3003
f 1172 2526 3005
f 2526 674 2021
f 3005 2021 500
f 2526 2021 3005
f 676 3515 2226
f 3515 675 3004
f 2226 3004 167
f 3515 3004 2226
f 871 3516 3518
f 3516 872 3517
f 3518 3517 680
f 3516 3517 3518
f 677 1654 2011
f 1654 676 2225
f 2011 2225 166
f 1654 2225 2011
f 675 3515 3519
f 3515 676 1653
f 3519 1653 501
f 3515 1653 3519
f 165 2023 3520
f 2023 164 2647
f 3520 2647 1175
f 2023 2647 3520
f 678 3521 1579
f 3521 677 3522
f 1579 3522 679
f 3521 3522 1579
f 680 3009 3523
f 3009 678 1581
f 3523 1581 379
f 3009 1581 3523
f 501 1652 3008
f 1652 677 3521
f 3008 3521 678
f 1652 3521 3008
f 677 2010 3524
f 2010 165 3520
f 3524 3520 1175
f 2010 3520 3524
f 679 3081 3526
f 3081 1176 3525
f 3526 3525 986
f 3081 3525 3526
f 896 3527 3529
f 3527 379 3528
f 3529 3528 986
f 3527 3528 3529
f 260 3530 3532
f 3530 1149 3531
f 3532 3531 869
f 3530 3531 3532
f 380 3533 3535
f 3533 1150 3534
f 3535 3534 878
f 3533 3534 3535
f 896 3536 3537
f 3536 526 3086
f 3537 3086 743
f 3536 3086 3537
f 683 3538 3226
f 3538 506 3019
f 3226 3019 566
f 3538 3019 3226
f 683 3539 3538
f 3539 682 2720
f 3538 2720 506
f 3539 2720 3538
f 684 3540 3542
f 3540 685 3541
f 3542 3541 686
f 3540 3541 3542
f 682 3539 2718
f 3539 683 3119
f 2718 3119 687
f 3539 3119 2718
f 284 3543 3544
f 3543 407 3026
f 3544 3026 791
f 3543 3026 3544
f 535 3117 3546
f 3117 746 3545
f 3546 3545 747
f 3117 3545 3546
f 686 3541 3547
f 3541 685 2054
f 3547 2054 408
f 3541 2054 3547
f 685 3540 3118
f 3540 684 3548
f 3118 3548 687
f 3540 3548 3118
f 688 3181 3549
f 3181 686 3547
f 3549 3547 408
f 3181 3547 3549
f 686 3550 3552
f 3550 284 3551
f 3552 3551 793
f 3550 3551 3552
f 684 3553 3555
f 3553 693 3554
f 3555 3554 749
f 3553 3554 3555
f 748 3556 3558
f 3556 746 3557
f 3558 3557 745
f 3556 3557 3558
f 566 3178 3225
f 3178 688 3549
f 3225 3549 408
f 3178 3549 3225
f 880 3175 2690
f 3175 552 3559
f 2690 3559 402
f 3175 3559 2690
f 690 2032 2012
f 2032 689 2015
f 2012 2015 200
f 2032 2015 2012
f 565 3222 3560
f 3222 689 2031
f 3560 2031 509
f 3222 2031 3560
f 692 3561 3562
f 3561 199 2610
f 3562 2610 700
f 3561 2610 3562
f 692 3108 2148
f 3108 383 3563
f 2148 3563 691
f 3108 3563 2148
f 693 3023 3564
f 3023 691 3563
f 3564 3563 383
f 3023 3563 3564
f 509 2033 3025
f 2033 690 2149
f 3025 2149 691
f 2033 2149 3025
f 199 3561 2014
f 3561 692 2147
f 2014 2147 690
f 3561 2147 2014
f 692 3565 3106
f 3565 510 3566
f 3106 3566 694
f 3565 3566 3106
f 535 3546 3120
f 3546 747 3567
f 3120 3567 750
f 3546 3567 3120
f 684 3542 3568
f 3542 686 3552
f 3568 3552 793
f 3542 3552 3568
f 695 2741 3126
f 2741 694 3566
f 3126 3566 510
f 2741 3566 3126
f 694 2740 3570
f 2740 538 3569
f 3570 3569 751
f 2740 3569 3570
f 1178 3571 3572
f 3571 574 3243
f 3572 3243 412
f 3571 3243 3572
f 696 3573 3575
f 3573 699 3574
f 3575 3574 697
f 3573 3574 3575
f 696 3575 3577
f 3575 697 3576
f 3577 3576 698
f 3575 3576 3577
f 1185 3578 3579
f 3578 1186 3112
f 3579 3112 801
f 3578 3112 3579
f 698 3576 3580
f 3576 697 3032
f 3580 3032 695
f 3576 3032 3580
f 696 3581 3573
f 3581 1225 3582
f 3573 3582 699
f 3581 3582 3573
f 1178 3583 3571
f 3583 695 3125
f 3571 3125 574
f 3583 3125 3571
f 698 3248 3585
f 3248 286 3584
f 3585 3584 1188
f 3248 3584 3585
f 536 3129 1979
f 3129 699 3586
f 1979 3586 530
f 3129 3586 1979
f 538 3031 3128
f 3031 697 3574
f 3128 3574 699
f 3031 3574 3128
f 700 2611 3587
f 2611 198 3028
f 3587 3028 803
f 2611 3028 3587
f 692 3562 3565
f 3562 700 3251
f 3565 3251 510
f 3562 3251 3565
f 511 1986 1680
f 1986 701 1746
f 1680 1746 146
f 1986 1746 1680
f 705 3588 3036
f 3588 701 1985
f 3036 1985 512
f 3588 1985 3036
f 703 3070 3589
f 3070 702 3035
f 3589 3035 262
f 3070 3035 3589
f 704 3037 3069
f 3037 512 1813
f 3069 1813 702
f 3037 1813 3069
f 743 3590 3592
f 3590 520 3591
f 3592 3591 882
f 3590 3591 3592
f 703 3593 3595
f 3593 881 3594
f 3595 3594 522
f 3593 3594 3595
f 522 2617 3595
f 2617 704 3071
f 3595 3071 703
f 2617 3071 3595
f 705 3038 3597
f 3038 704 3596
f 3597 3596 266
f 3038 3596 3597
f 268 1713 1633
f 1713 705 3597
f 1633 3597 266
f 1713 3597 1633
f 701 3588 1745
f 3588 705 1538
f 1745 1538 145
f 3588 1538 1745
f 716 3598 3600
f 3598 263 3599
f 3600 3599 713
f 3598 3599 3600
f 1087 3601 3603
f 3601 1105 3602
f 3603 3602 1215
f 3601 3602 3603
f 73 3604 3606
f 3604 983 3605
f 3606 3605 1053
f 3604 3605 3606
f 710 3607 3608
f 3607 709 3052
f 3608 3052 517
f 3607 3052 3608
f 890 3609 3611
f 3609 516 3610
f 3611 3610 707
f 3609 3610 3611
f 888 3612 1706
f 3612 75 1721
f 1706 1721 389
f 3612 1721 1706
f 517 2623 3608
f 2623 388 3051
f 3608 3051 710
f 2623 3051 3608
f 709 3607 3048
f 3607 710 3613
f 3048 3613 711
f 3607 3613 3048
f 707 3610 3050
f 3610 516 3614
f 3050 3614 710
f 3610 3614 3050
f 516 3615 3614
f 3615 1179 3616
f 3614 3616 710
f 3615 3616 3614
f 712 3617 3618
f 3617 713 1551
f 3618 1551 714
f 3617 1551 3618
f 727 3619 3620
f 3619 269 1565
f 3620 1565 720
f 3619 1565 3620
f 736 3621 3623
f 3621 1109 3622
f 3623 3622 735
f 3621 3622 3623
f 263 3049 3599
f 3049 711 1552
f 3599 1552 713
f 3049 1552 3599
f 714 1550 3625
f 1550 711 3624
f 3625 3624 1179
f 1550 3624 3625
f 712 3626 3627
f 3626 715 1558
f 3627 1558 716
f 3626 1558 3627
f 889 2164 3629
f 2164 708 3628
f 3629 3628 887
f 2164 3628 3629
f 722 3630 3632
f 3630 724 3631
f 3632 3631 727
f 3630 3631 3632
f 1105 3601 3634
f 3601 1087 3633
f 3634 3633 1103
f 3601 3633 3634
f 844 3635 3637
f 3635 1049 3636
f 3637 3636 847
f 3635 3636 3637
f 712 3627 3617
f 3627 716 3600
f 3617 3600 713
f 3627 3600 3617
f 1103 3638 3639
f 3638 717 1556
f 3639 1556 715
f 3638 1556 3639
f 884 3640 2577
f 3640 717 3641
f 2577 3641 706
f 3640 3641 2577
f 891 2619 3643
f 2619 717 3642
f 3643 3642 385
f 2619 3642 3643
f 739 3644 1716
f 3644 718 1519
f 1716 1519 389
f 3644 1519 1716
f 719 2359 3646
f 2359 718 3645
f 3646 3645 518
f 2359 3645 3646
f 719 3647 2814
f 3647 984 3648
f 2814 3648 892
f 3647 3648 2814
f 725 3649 3651
f 3649 726 3650
f 3651 3650 723
f 3649 3650 3651
f 719 3652 3654
f 3652 723 3653
f 3654 3653 722
f 3652 3653 3654
f 719 3654 2360
f 3654 722 3655
f 2360 3655 720
f 3654 3655 2360
f 723 3650 3657
f 3650 726 3656
f 3657 3656 721
f 3650 3656 3657
f 738 3658 3660
f 3658 895 3659
f 3660 3659 737
f 3658 3659 3660
f 723 3652 3661
f 3652 719 2816
f 3661 2816 316
f 3652 2816 3661
f 724 3630 3663
f 3630 722 3662
f 3663 3662 721
f 3630 3662 3663
f 725 3651 3664
f 3651 723 3661
f 3664 3661 316
f 3651 3661 3664
f 721 3662 3657
f 3662 722 3653
f 3657 3653 723
f 3662 3653 3657
f 726 3317 3656
f 3317 731 2171
f 3656 2171 721
f 3317 2171 3656
f 724 3665 3631
f 3665 728 2636
f 3631 2636 727
f 3665 2636 3631
f 445 1606 2835
f 1606 725 3664
f 2835 3664 316
f 1606 3664 2835
f 725 1605 3649
f 1605 603 3313
f 3649 3313 726
f 1605 3313 3649
f 729 3314 3666
f 3314 603 2833
f 3666 2833 95
f 3314 2833 3666
f 731 3316 3668
f 3316 732 3667
f 3668 3667 730
f 3316 3667 3668
f 722 3632 3655
f 3632 727 3620
f 3655 3620 720
f 3632 3620 3655
f 733 3669 3671
f 3669 735 3670
f 3671 3670 737
f 3669 3670 3671
f 889 3672 3674
f 3672 714 3673
f 3674 3673 516
f 3672 3673 3674
f 708 3675 3628
f 3675 886 3676
f 3628 3676 887
f 3675 3676 3628
f 95 3677 3666
f 3677 96 3678
f 3666 3678 729
f 3677 3678 3666
f 732 3679 3681
f 3679 893 3680
f 3681 3680 1193
f 3679 3680 3681
f 1129 3682 3684
f 3682 1130 3683
f 3684 3683 1131
f 3682 3683 3684
f 733 3671 3686
f 3671 737 3685
f 3686 3685 724
f 3671 3685 3686
f 732 3318 3687
f 3318 726 3315
f 3687 3315 729
f 3318 3315 3687
f 733 2172 3688
f 2172 731 3668
f 3688 3668 730
f 2172 3668 3688
f 96 3689 3678
f 3689 893 3690
f 3678 3690 729
f 3689 3690 3678
f 732 3687 3679
f 3687 729 3690
f 3679 3690 893
f 3687 3690 3679
f 735 3669 3691
f 3669 733 3688
f 3691 3688 730
f 3669 3688 3691
f 721 2170 3663
f 2170 733 3686
f 3663 3686 724
f 2170 3686 3663
f 985 3692 3694
f 3692 732 3693
f 3694 3693 894
f 3692 3693 3694
f 714 3695 3696
f 3695 895 3658
f 3696 3658 738
f 3695 3658 3696
f 736 3623 3697
f 3623 735 3691
f 3697 3691 730
f 3623 3691 3697
f 735 3698 3670
f 3698 734 3699
f 3670 3699 737
f 3698 3699 3670
f 1129 3700 3702
f 3700 99 3701
f 3702 3701 1118
f 3700 3701 3702
f 100 3703 3705
f 3703 1134 3704
f 3705 3704 99
f 3703 3704 3705
f 737 3699 3660
f 3699 734 3706
f 3660 3706 738
f 3699 3706 3660
f 728 3665 3707
f 3665 724 3685
f 3707 3685 737
f 3665 3685 3707
f 1108 3708 3709
f 3708 738 3706
f 3709 3706 734
f 3708 3706 3709
f 712 3618 3710
f 3618 714 3696
f 3710 3696 738
f 3618 3696 3710
f 77 2633 3711
f 2633 739 1718
f 3711 1718 76
f 2633 1718 3711
f 718 3644 3645
f 3644 739 2635
f 3645 2635 518
f 3644 2635 3645
f 69 3712 2639
f 3712 70 3067
f 2639 3067 740
f 3712 3067 2639
f 71 1732 3713
f 1732 741 3068
f 3713 3068 70
f 1732 3068 3713
f 704 2616 3596
f 2616 741 1631
f 3596 1631 266
f 2616 1631 3596
f 522 2640 2618
f 2640 740 3066
f 2618 3066 741
f 2640 3066 2618
f 743 3085 3590
f 3085 742 2645
f 3590 2645 520
f 3085 2645 3590
f 526 3714 3715
f 3714 1176 3077
f 3715 3077 1177
f 3714 3077 3715
f 520 3061 3591
f 3061 881 3716
f 3591 3716 882
f 3061 3716 3591
f 882 3717 3719
f 3717 262 3718
f 3719 3718 883
f 3717 3718 3719
f 524 1730 2183
f 1730 744 3075
f 2183 3075 270
f 1730 3075 2183
f 271 3087 1695
f 3087 744 1729
f 1695 1729 527
f 3087 1729 1695
f 747 3720 3722
f 3720 748 3721
f 3722 3721 687
f 3720 3721 3722
f 540 1625 3131
f 1625 745 3723
f 3131 3723 532
f 1625 3723 3131
f 532 3723 3116
f 3723 745 3557
f 3116 3557 746
f 3723 3557 3116
f 745 3105 3558
f 3105 261 3724
f 3558 3724 748
f 3105 3724 3558
f 687 3725 3722
f 3725 749 3726
f 3722 3726 747
f 3725 3726 3722
f 750 3727 3121
f 3727 383 3728
f 3121 3728 751
f 3727 3728 3121
f 687 3721 2716
f 3721 748 3724
f 2716 3724 261
f 3721 3724 2716
f 746 3556 3545
f 3556 748 3720
f 3545 3720 747
f 3556 3720 3545
f 684 3555 3548
f 3555 749 3725
f 3548 3725 687
f 3555 3725 3548
f 750 3729 3730
f 3729 749 3554
f 3730 3554 693
f 3729 3554 3730
f 749 3729 3726
f 3729 750 3567
f 3726 3567 747
f 3729 3567 3726
f 693 3564 3730
f 3564 383 3727
f 3730 3727 750
f 3564 3727 3730
f 694 3570 3107
f 3570 751 3728
f 3107 3728 383
f 3570 3728 3107
f 751 3569 3095
f 3569 538 3127
f 3095 3127 536
f 3569 3127 3095
f 753 1823 3731
f 1823 143 1408
f 3731 1408 178
f 1823 1408 3731
f 752 3732 3135
f 3732 542 2656
f 3135 2656 755
f 3732 2656 3135
f 753 3731 3132
f 3731 178 1829
f 3132 1829 541
f 3731 1829 3132
f 542 3732 3733
f 3732 752 1821
f 3733 1821 753
f 3732 1821 3733
f 897 3734 2321
f 3734 899 3735
f 2321 3735 754
f 3734 3735 2321
f 306 2317 2322
f 2317 10 3736
f 2322 3736 898
f 2317 3736 2322
f 542 3737 2654
f 3737 757 3134
f 2654 3134 756
f 3737 3134 2654
f 396 3145 3738
f 3145 544 3136
f 3738 3136 755
f 3145 3136 3738
f 758 2662 2822
f 2662 280 1897
f 2822 1897 438
f 2662 1897 2822
f 396 3738 3739
f 3738 755 2655
f 3739 2655 756
f 3738 2655 3739
f 753 1847 3733
f 1847 757 3737
f 3733 3737 542
f 1847 3737 3733
f 757 1846 3740
f 1846 394 2332
f 3740 2332 1151
f 1846 2332 3740
f 759 2820 3742
f 2820 438 3741
f 3742 3741 899
f 2820 3741 3742
f 756 2663 3744
f 2663 758 3743
f 3744 3743 900
f 2663 3743 3744
f 778 3745 3746
f 3745 1226 3154
f 3746 3154 775
f 3745 3154 3746
f 756 3744 3739
f 3744 900 3747
f 3739 3747 396
f 3744 3747 3739
f 902 3149 3748
f 3149 546 2668
f 3748 2668 210
f 3149 2668 3748
f 761 3749 3148
f 3749 760 2659
f 3148 2659 546
f 3749 2659 3148
f 900 3750 3752
f 3750 759 3751
f 3752 3751 1229
f 3750 3751 3752
f 760 3749 2244
f 3749 761 3753
f 2244 3753 762
f 3749 3753 2244
f 1227 3754 3756
f 3754 761 3755
f 3756 3755 903
f 3754 3755 3756
f 770 3757 3759
f 3757 768 3758
f 3759 3758 767
f 3757 3758 3759
f 766 3760 3761
f 3760 763 3150
f 3761 3150 281
f 3760 3150 3761
f 766 3762 3760
f 3762 765 3220
f 3760 3220 763
f 3762 3220 3760
f 768 3763 3765
f 3763 281 3764
f 3765 3764 907
f 3763 3764 3765
f 764 3766 3768
f 3766 1194 3767
f 3768 3767 1088
f 3766 3767 3768
f 764 3769 3771
f 3769 904 3770
f 3771 3770 765
f 3769 3770 3771
f 904 3772 3774
f 3772 399 3773
f 3774 3773 906
f 3772 3773 3774
f 907 3764 3775
f 3764 281 2242
f 3775 2242 762
f 3764 2242 3775
f 765 3762 3771
f 3762 766 2706
f 3771 2706 764
f 3762 2706 3771
f 774 3776 3778
f 3776 771 3777
f 3778 3777 772
f 3776 3777 3778
f 1093 3779 3781
f 3779 769 3780
f 3781 3780 1095
f 3779 3780 3781
f 281 3763 3761
f 3763 768 2707
f 3761 2707 766
f 3763 2707 3761
f 770 3782 3784
f 3782 772 3783
f 3784 3783 769
f 3782 3783 3784
f 1088 3785 3768
f 3785 904 3769
f 3768 3769 764
f 3785 3769 3768
f 770 3786 3757
f 3786 1194 3787
f 3757 3787 768
f 3786 3787 3757
f 772 3782 3788
f 3782 770 3759
f 3788 3759 767
f 3782 3759 3788
f 1092 3789 3791
f 3789 1194 3790
f 3791 3790 769
f 3789 3790 3791
f 907 3792 3794
f 3792 908 3793
f 3794 3793 767
f 3792 3793 3794
f 1095 3795 3797
f 3795 771 3796
f 3797 3796 1096
f 3795 3796 3797
f 767 3793 3799
f 3793 908 3798
f 3799 3798 774
f 3793 3798 3799
f 772 3777 3800
f 3777 771 3795
f 3800 3795 1095
f 3777 3795 3800
f 762 3801 3803
f 3801 1227 3802
f 3803 3802 1228
f 3801 3802 3803
f 988 3804 3806
f 3804 901 3805
f 3806 3805 759
f 3804 3805 3806
f 767 3799 3788
f 3799 774 3778
f 3788 3778 772
f 3799 3778 3788
f 774 3807 3156
f 3807 773 3808
f 3156 3808 775
f 3807 3808 3156
f 901 3804 3810
f 3804 988 3809
f 3810 3809 990
f 3804 3809 3810
f 775 3811 3746
f 3811 548 3812
f 3746 3812 778
f 3811 3812 3746
f 549 1939 1599
f 1939 776 1916
f 1599 1916 14
f 1939 1916 1599
f 777 2657 2665
f 2657 776 1938
f 2665 1938 548
f 2657 1938 2665
f 548 3811 2666
f 3811 775 3813
f 2666 3813 909
f 3811 3813 2666
f 12 3814 1819
f 3814 910 3815
f 1819 3815 543
f 3814 3815 1819
f 778 3164 3745
f 3164 398 3816
f 3745 3816 1226
f 3164 3816 3745
f 548 1940 3812
f 1940 549 3162
f 3812 3162 778
f 1940 3162 3812
f 992 3817 3153
f 3817 779 1919
f 3153 1919 206
f 3817 1919 3153
f 780 1991 3168
f 1991 779 3818
f 3168 3818 550
f 1991 3818 3168
f 912 3169 3820
f 3169 550 3819
f 3820 3819 399
f 3169 3819 3820
f 780 3821 2018
f 3821 914 3822
f 2018 3822 915
f 3821 3822 2018
f 403 2695 2008
f 2695 781 2118
f 2008 2118 168
f 2695 2118 2008
f 402 3559 2694
f 3559 552 2119
f 2694 2119 781
f 3559 2119 2694
f 403 2684 2693
f 2684 782 2002
f 2693 2002 402
f 2684 2002 2693
f 282 2689 2692
f 2689 553 2000
f 2692 2000 782
f 2689 2000 2692
f 564 3221 2007
f 3221 783 1995
f 2007 1995 203
f 3221 1995 2007
f 1181 2714 3823
f 2714 407 3543
f 3823 3543 284
f 2714 3543 3823
f 784 2059 3824
f 2059 202 3183
f 3824 3183 916
f 2059 3183 3824
f 925 2095 3826
f 2095 554 3825
f 3826 3825 786
f 2095 3825 3826
f 785 3827 3829
f 3827 916 3828
f 3829 3828 915
f 3827 3828 3829
f 554 3174 3831
f 3174 917 3830
f 3831 3830 405
f 3174 3830 3831
f 922 3832 3834
f 3832 924 3833
f 3834 3833 405
f 3832 3833 3834
f 797 3835 3837
f 3835 571 3836
f 3837 3836 796
f 3835 3836 3837
f 926 3838 3159
f 3838 549 1598
f 3159 1598 15
f 3838 1598 3159
f 787 2671 3840
f 2671 927 3839
f 3840 3839 928
f 2671 3839 3840
f 789 3343 3213
f 3343 788 2704
f 3213 2704 449
f 3343 2704 3213
f 559 3198 3841
f 3198 788 3342
f 3841 3342 561
f 3198 3342 3841
f 929 3842 2887
f 3842 1002 3843
f 2887 3843 454
f 3842 3843 2887
f 1003 3349 3844
f 3349 789 3212
f 3844 3212 1002
f 3349 3212 3844
f 919 3845 3847
f 3845 994 3846
f 3847 3846 922
f 3845 3846 3847
f 922 3848 3850
f 3848 917 3849
f 3850 3849 918
f 3848 3849 3850
f 792 3851 3852
f 3851 791 3027
f 3852 3027 565
f 3851 3027 3852
f 284 3544 3551
f 3544 791 3853
f 3551 3853 793
f 3544 3853 3551
f 509 3224 3560
f 3224 792 3852
f 3560 3852 565
f 3224 3852 3560
f 793 3854 3568
f 3854 693 3553
f 3568 3553 684
f 3854 3553 3568
f 791 3851 3853
f 3851 792 3855
f 3853 3855 793
f 3851 3855 3853
f 693 3854 3223
f 3854 793 3855
f 3223 3855 792
f 3854 3855 3223
f 795 2253 3234
f 2253 794 2728
f 3234 2728 197
f 2253 2728 3234
f 794 2255 2250
f 2255 570 2389
f 2250 2389 410
f 2255 2389 2250
f 796 3856 2028
f 3856 795 3235
f 2028 3235 198
f 3856 3235 2028
f 1182 2420 3858
f 2420 795 3857
f 3858 3857 571
f 2420 3857 3858
f 797 3837 3859
f 3837 796 2030
f 3859 2030 199
f 3837 2030 3859
f 795 3856 3857
f 3856 796 3836
f 3857 3836 571
f 3856 3836 3857
f 200 3860 2013
f 3860 797 3859
f 2013 3859 199
f 3860 3859 2013
f 932 3240 3862
f 3240 786 3861
f 3862 3861 933
f 3240 3861 3862
f 571 3835 2880
f 3835 797 3863
f 2880 3863 799
f 3835 3863 2880
f 799 3863 3865
f 3863 797 3864
f 3865 3864 932
f 3863 3864 3865
f 797 3860 3864
f 3860 200 3238
f 3864 3238 932
f 3860 3238 3864
f 799 3866 3868
f 3866 798 3867
f 3868 3867 934
f 3866 3867 3868
f 800 3245 2744
f 3245 287 3869
f 2744 3869 801
f 3245 3869 2744
f 573 3244 2083
f 3244 413 3246
f 2083 3246 800
f 3244 3246 2083
f 287 3260 3870
f 3260 414 3257
f 3870 3257 1183
f 3260 3257 3870
f 60 3871 3873
f 3871 61 3872
f 3873 3872 1217
f 3871 3872 3873
f 801 3111 2745
f 3111 286 3874
f 2745 3874 802
f 3111 3874 2745
f 412 2265 3875
f 2265 802 3874
f 3875 3874 286
f 2265 3874 3875
f 572 2259 2048
f 2259 803 3030
f 2048 3030 197
f 2259 3030 2048
f 700 3587 3250
f 3587 803 2261
f 3250 2261 574
f 3587 2261 3250
f 945 3876 3877
f 3876 939 2156
f 3877 2156 943
f 3876 2156 3877
f 1196 3878 3880
f 3878 1197 3879
f 3880 3879 1211
f 3878 3879 3880
f 44 3264 3881
f 3264 805 3280
f 3881 3280 43
f 3264 3280 3881
f 805 3263 3275
f 3263 587 3278
f 3275 3278 588
f 3263 3278 3275
f 584 2764 2779
f 2764 589 3882
f 2779 3882 806
f 2764 3882 2779
f 427 3282 2778
f 3282 806 3882
f 2778 3882 589
f 3282 3882 2778
f 594 2770 3295
f 2770 596 3883
f 3295 3883 807
f 2770 3883 3295
f 1066 3884 3885
f 3884 1068 3304
f 3885 3304 409
f 3884 3304 3885
f 1022 3886 3888
f 3886 1021 3887
f 3888 3887 931
f 3886 3887 3888
f 938 3889 3891
f 3889 811 3890
f 3891 3890 940
f 3889 3890 3891
f 36 2233 3892
f 2233 809 3321
f 3892 3321 35
f 2233 3321 3892
f 809 3893 3895
f 3893 608 3894
f 3895 3894 1189
f 3893 3894 3895
f 1190 3896 3898
f 3896 952 3897
f 3898 3897 608
f 3896 3897 3898
f 948 3899 3901
f 3899 1037 3900
f 3901 3900 1075
f 3899 3900 3901
f 39 3902 3904
f 3902 1196 3903
f 3904 3903 1195
f 3902 3903 3904
f 1212 3905 3907
f 3905 1213 3906
f 3907 3906 804
f 3905 3906 3907
f 950 3908 3909
f 3908 610 2039
f 3909 2039 453
f 3908 2039 3909
f 809 2232 3893
f 2232 1190 3898
f 3893 3898 608
f 2232 3898 3893
f 459 2869 2858
f 2869 813 2431
f 2858 2431 337
f 2869 2431 2858
f 454 2732 3910
f 2732 813 2871
f 3910 2871 460
f 2732 2871 3910
f 327 3339 2396
f 3339 814 2845
f 2396 2845 330
f 3339 2845 2396
f 454 3344 2733
f 3344 814 3340
f 2733 3340 612
f 3344 3340 2733
f 815 2885 3912
f 2885 458 3911
f 3912 3911 1074
f 2885 3911 3912
f 1058 3913 3915
f 3913 999 3914
f 3915 3914 1000
f 3913 3914 3915
f 816 3351 3916
f 3351 246 3400
f 3916 3400 1168
f 3351 3400 3916
f 614 1310 3387
f 1310 339 3352
f 3387 3352 816
f 1310 3352 3387
f 816 3917 3388
f 3917 628 3918
f 3388 3918 817
f 3917 3918 3388
f 628 2442 3918
f 2442 341 3353
f 3918 3353 817
f 2442 3353 3918
f 954 3919 3920
f 3919 616 3506
f 3920 3506 670
f 3919 3506 3920
f 616 3919 2572
f 3919 954 3921
f 2572 3921 818
f 3919 3921 2572
f 822 3922 3924
f 3922 825 3923
f 3924 3923 828
f 3922 3923 3924
f 818 3925 3423
f 3925 819 3926
f 3423 3926 820
f 3925 3926 3423
f 820 3926 3928
f 3926 819 3927
f 3928 3927 823
f 3926 3927 3928
f 820 3929 3396
f 3929 825 3930
f 3396 3930 824
f 3929 3930 3396
f 827 3931 3932
f 3931 823 3927
f 3932 3927 819
f 3931 3927 3932
f 845 3933 3935
f 3933 834 3934
f 3935 3934 842
f 3933 3934 3935
f 831 3385 3937
f 3385 955 3936
f 3937 3936 829
f 3385 3936 3937
f 826 3938 3500
f 3938 666 3939
f 3500 3939 342
f 3938 3939 3500
f 866 3940 3942
f 3940 819 3941
f 3942 3941 954
f 3940 3941 3942
f 824 3930 3943
f 3930 825 3922
f 3943 3922 822
f 3930 3922 3943
f 825 3929 3944
f 3929 820 3928
f 3944 3928 823
f 3929 3928 3944
f 824 3943 3499
f 3943 822 3945
f 3499 3945 826
f 3943 3945 3499
f 823 3946 3944
f 3946 821 3947
f 3944 3947 825
f 3946 3947 3944
f 841 3948 3949
f 3948 828 3923
f 3949 3923 825
f 3948 3923 3949
f 822 3950 3945
f 3950 829 3951
f 3945 3951 826
f 3950 3951 3945
f 832 3952 3954
f 3952 829 3953
f 3954 3953 622
f 3952 3953 3954
f 374 3955 3957
f 3955 1086 3956
f 3957 3956 827
f 3955 3956 3957
f 821 3946 3958
f 3946 823 3931
f 3958 3931 827
f 3946 3931 3958
f 841 3959 3961
f 3959 821 3960
f 3961 3960 838
f 3959 3960 3961
f 636 3421 3962
f 3421 627 3398
f 3962 3398 828
f 3421 3398 3962
f 831 3937 3963
f 3937 829 3950
f 3963 3950 822
f 3937 3950 3963
f 832 3408 3952
f 3408 830 3964
f 3952 3964 829
f 3408 3964 3952
f 666 3938 3966
f 3938 826 3965
f 3966 3965 830
f 3938 3965 3966
f 829 3964 3951
f 3964 830 3965
f 3951 3965 826
f 3964 3965 3951
f 828 3399 3924
f 3399 831 3963
f 3924 3963 822
f 3399 3963 3924
f 627 3419 3384
f 3419 634 3967
f 3384 3967 955
f 3419 3967 3384
f 622 3389 3954
f 3389 629 3369
f 3954 3369 832
f 3389 3369 3954
f 974 3370 3404
f 3370 629 3410
f 3404 3410 626
f 3370 3410 3404
f 641 3436 2569
f 3436 833 3968
f 2569 3968 837
f 3436 3968 2569
f 834 3969 3971
f 3969 836 3970
f 3971 3970 838
f 3969 3970 3971
f 834 3971 3934
f 3971 838 3972
f 3934 3972 842
f 3971 3972 3934
f 1224 2995 3973
f 2995 101 1545
f 3973 1545 1192
f 2995 1545 3973
f 837 3974 3976
f 3974 836 3975
f 3976 3975 839
f 3974 3975 3976
f 834 3977 3979
f 3977 840 3978
f 3979 3978 839
f 3977 3978 3979
f 838 3970 3980
f 3970 836 3426
f 3980 3426 636
f 3970 3426 3980
f 839 3975 3979
f 3975 836 3969
f 3979 3969 834
f 3975 3969 3979
f 836 3974 3424
f 3974 837 3968
f 3424 3968 833
f 3974 3968 3424
f 837 3981 3983
f 3981 835 3982
f 3983 3982 1191
f 3981 3982 3983
f 841 3984 3948
f 3984 636 3962
f 3948 3962 828
f 3984 3962 3948
f 838 3960 3972
f 3960 821 3985
f 3972 3985 842
f 3960 3985 3972
f 842 3986 3935
f 3986 1205 3987
f 3935 3987 845
f 3986 3987 3935
f 837 3976 3981
f 3976 839 3988
f 3981 3988 835
f 3976 3988 3981
f 259 3989 3991
f 3989 1224 3990
f 3991 3990 956
f 3989 3990 3991
f 835 3988 3992
f 3988 839 3978
f 3992 3978 840
f 3988 3978 3992
f 821 3959 3947
f 3959 841 3949
f 3947 3949 825
f 3959 3949 3947
f 636 3984 3980
f 3984 841 3961
f 3980 3961 838
f 3984 3961 3980
f 843 3993 3994
f 3993 821 3958
f 3994 3958 827
f 3993 3958 3994
f 821 3993 3985
f 3993 843 3995
f 3985 3995 842
f 3993 3995 3985
f 1085 3996 3998
f 3996 863 3997
f 3998 3997 864
f 3996 3997 3998
f 834 3933 4000
f 3933 845 3999
f 4000 3999 846
f 3933 3999 4000
f 864 2985 4002
f 2985 865 4001
f 4002 4001 1084
f 2985 4001 4002
f 956 1657 3991
f 1657 847 4003
f 3991 4003 259
f 1657 4003 3991
f 1205 3986 4004
f 3986 842 3995
f 4004 3995 843
f 3986 3995 4004
f 846 3999 4006
f 3999 845 4005
f 4006 4005 844
f 3999 4005 4006
f 846 4006 1656
f 4006 844 3637
f 1656 3637 847
f 4006 3637 1656
f 834 4000 3977
f 4000 846 4007
f 3977 4007 840
f 4000 4007 3977
f 1050 4008 4010
f 4008 844 4009
f 4010 4009 1205
f 4008 4009 4010
f 1051 4011 4013
f 4011 375 4012
f 4013 4012 1087
f 4011 4012 4013
f 848 4014 4016
f 4014 350 4015
f 4016 4015 1143
f 4014 4015 4016
f 642 2910 4018
f 2910 848 4017
f 4018 4017 969
f 2910 4017 4018
f 175 2939 3458
f 2939 849 3472
f 3458 3472 652
f 2939 3472 3458
f 662 3495 3459
f 3495 849 2940
f 3459 2940 174
f 3495 2940 3459
f 964 4019 4021
f 4019 960 4020
f 4021 4020 965
f 4019 4020 4021
f 1042 4022 3490
f 4022 659 3488
f 3490 3488 660
f 4022 3488 3490
f 359 2912 3454
f 2912 656 4023
f 3454 4023 966
f 2912 4023 3454
f 966 4024 4026
f 4024 959 4025
f 4026 4025 851
f 4024 4025 4026
f 853 2515 3483
f 2515 852 2945
f 3483 2945 360
f 2515 2945 3483
f 1047 4027 4028
f 4027 854 1496
f 4028 1496 657
f 4027 1496 4028
f 960 4029 4031
f 4029 962 4030
f 4031 4030 850
f 4029 4030 4031
f 960 4031 4033
f 4031 850 4032
f 4033 4032 959
f 4031 4032 4033
f 1146 2541 2532
f 2541 854 4034
f 2532 4034 252
f 2541 4034 2532
f 854 2540 4035
f 2540 365 2946
f 4035 2946 1157
f 2540 2946 4035
f 482 4036 2955
f 4036 1158 4037
f 2955 4037 856
f 4036 4037 2955
f 655 2957 3473
f 2957 855 4038
f 3473 4038 481
f 2957 4038 3473
f 362 1646 4040
f 1646 1043 4039
f 4040 4039 1045
f 1646 4039 4040
f 963 4041 4043
f 4041 1200 4042
f 4043 4042 1047
f 4041 4042 4043
f 1172 3007 4045
f 3007 1173 4044
f 4045 4044 1174
f 3007 4044 4045
f 857 2527 4047
f 2527 664 4046
f 4047 4046 1174
f 2527 4046 4047
f 876 4048 4050
f 4048 980 4049
f 4050 4049 378
f 4048 4049 4050
f 1174 4051 4047
f 4051 859 2589
f 4047 2589 857
f 4051 2589 4047
f 980 4052 4054
f 4052 858 4053
f 4054 4053 1173
f 4052 4053 4054
f 1045 4055 4057
f 4055 971 4056
f 4057 4056 1046
f 4055 4056 4057
f 488 4058 2900
f 4058 1160 4059
f 2900 4059 861
f 4058 4059 2900
f 862 3406 4060
f 3406 860 2974
f 4060 2974 666
f 3406 2974 4060
f 464 3356 4062
f 3356 342 4061
f 4062 4061 861
f 3356 4061 4062
f 666 2973 3939
f 2973 861 4061
f 3939 4061 342
f 2973 4061 3939
f 830 2546 3966
f 2546 862 4060
f 3966 4060 666
f 2546 4060 3966
f 630 4063 2545
f 4063 972 4064
f 2545 4064 862
f 4063 4064 2545
f 495 2986 3508
f 2986 864 4065
f 3508 4065 669
f 2986 4065 3508
f 863 2988 3997
f 2988 669 4065
f 3997 4065 864
f 2988 4065 3997
f 495 4066 2984
f 4066 1161 4067
f 2984 4067 865
f 4066 4067 2984
f 975 4068 4070
f 4068 1049 4069
f 4070 4069 1050
f 4068 4069 4070
f 975 4071 4073
f 4071 1102 4072
f 4073 4072 1051
f 4071 4072 4073
f 975 4070 4075
f 4070 1050 4074
f 4075 4074 1084
f 4070 4074 4075
f 374 3957 3505
f 3957 827 4076
f 3505 4076 866
f 3957 4076 3505
f 819 3940 3932
f 3940 866 4076
f 3932 4076 827
f 3940 4076 3932
f 499 4077 2968
f 4077 1162 4078
f 2968 4078 868
f 4077 4078 2968
f 869 2586 4079
f 2586 867 3002
f 4079 3002 673
f 2586 3002 4079
f 1159 4080 2537
f 4080 868 4081
f 2537 4081 484
f 4080 4081 2537
f 868 4082 4084
f 4082 363 4083
f 4084 4083 1082
f 4082 4083 4084
f 871 4085 4087
f 4085 874 4086
f 4087 4086 876
f 4085 4086 4087
f 260 3532 4089
f 3532 869 4088
f 4089 4088 976
f 3532 4088 4089
f 872 4090 4091
f 4090 675 3519
f 4091 3519 501
f 4090 3519 4091
f 870 4092 3513
f 4092 872 3516
f 3513 3516 871
f 4092 3516 3513
f 680 4093 3518
f 4093 874 4085
f 3518 4085 871
f 4093 4085 3518
f 876 4050 4087
f 4050 378 3514
f 4087 3514 871
f 4050 3514 4087
f 675 4090 3012
f 4090 872 4092
f 3012 4092 870
f 4090 4092 3012
f 680 3517 3010
f 3517 872 4091
f 3010 4091 501
f 3517 4091 3010
f 874 4094 4096
f 4094 875 4095
f 4096 4095 873
f 4094 4095 4096
f 977 4097 4098
f 4097 869 4079
f 4098 4079 673
f 4097 4079 4098
f 875 4094 3064
f 4094 874 4093
f 3064 4093 680
f 4094 4093 3064
f 876 4086 4099
f 4086 874 4096
f 4099 4096 873
f 4086 4096 4099
f 978 3065 4100
f 3065 680 3523
f 4100 3523 379
f 3065 3523 4100
f 878 4101 4102
f 4101 681 2592
f 4102 2592 877
f 4101 2592 4102
f 977 4103 4105
f 4103 873 4104
f 4105 4104 976
f 4103 4104 4105
f 971 4106 4108
f 4106 1148 4107
f 4108 4107 1147
f 4106 4107 4108
f 878 4102 3535
f 4102 877 3015
f 3535 3015 380
f 4102 3015 3535
f 681 4109 2593
f 4109 262 4110
f 2593 4110 879
f 4109 4110 2593
f 260 4111 4113
f 4111 981 4112
f 4113 4112 878
f 4111 4112 4113
f 978 4114 3063
f 4114 979 4115
f 3063 4115 875
f 4114 4115 3063
f 262 3034 4110
f 3034 384 4116
f 4110 4116 879
f 3034 4116 4110
f 879 4116 4117
f 4116 384 3016
f 4117 3016 1163
f 4116 3016 4117
f 1181 4118 2715
f 4118 553 2697
f 2715 2697 783
f 4118 2697 2715
f 686 3180 3550
f 3180 880 4119
f 3550 4119 284
f 3180 4119 3550
f 522 3594 1752
f 3594 881 3062
f 1752 3062 390
f 3594 3062 1752
f 881 3593 3716
f 3593 703 4120
f 3716 4120 882
f 3593 4120 3716
f 703 3589 4120
f 3589 262 3717
f 4120 3717 882
f 3589 3717 4120
f 883 3718 4121
f 3718 262 4109
f 4121 4109 681
f 3718 4109 4121
f 979 4122 4124
f 4122 1052 4123
f 4124 4123 878
f 4122 4123 4124
f 743 3592 4125
f 3592 882 3719
f 4125 3719 883
f 3592 3719 4125
f 717 3640 3642
f 3640 884 3041
f 3642 3041 385
f 3640 3041 3642
f 706 4126 2575
f 4126 375 4127
f 2575 4127 885
f 4126 4127 2575
f 1161 2992 4128
f 2992 885 4127
f 4128 4127 375
f 2992 4127 4128
f 885 2991 4129
f 2991 496 3042
f 4129 3042 1164
f 2991 3042 4129
f 887 3676 4130
f 3676 886 1720
f 4130 1720 269
f 3676 1720 4130
f 886 3675 1705
f 3675 708 4131
f 1705 4131 888
f 3675 4131 1705
f 727 2638 3619
f 2638 887 4130
f 3619 4130 269
f 2638 4130 3619
f 887 2637 3629
f 2637 728 4132
f 3629 4132 889
f 2637 4132 3629
f 982 4133 4134
f 4133 888 4131
f 4134 4131 708
f 4133 4131 4134
f 74 4135 4136
f 4135 75 3612
f 4136 3612 888
f 4135 3612 4136
f 889 4132 4138
f 4132 728 4137
f 4138 4137 895
f 4132 4137 4138
f 890 2165 3609
f 2165 889 3674
f 3609 3674 516
f 2165 3674 3609
f 1053 4139 4140
f 4139 707 2629
f 4140 2629 265
f 4139 2629 4140
f 983 4141 3046
f 4141 74 4142
f 3046 4142 982
f 4141 4142 3046
f 386 2625 1659
f 2625 891 3643
f 1659 3643 385
f 2625 3643 1659
f 716 2620 3598
f 2620 891 2624
f 3598 2624 263
f 2620 2624 3598
f 892 3057 3319
f 3057 601 3312
f 3319 3312 604
f 3057 3312 3319
f 984 3647 4143
f 3647 719 3646
f 4143 3646 518
f 3647 3646 4143
f 97 4144 4146
f 4144 1193 4145
f 4146 4145 96
f 4144 4145 4146
f 732 3681 3693
f 3681 1193 4147
f 3693 4147 894
f 3681 4147 3693
f 1131 4148 4150
f 4148 97 4149
f 4150 4149 98
f 4148 4149 4150
f 732 3692 3667
f 3692 985 4151
f 3667 4151 730
f 3692 4151 3667
f 889 4138 3672
f 4138 895 3695
f 3672 3695 714
f 4138 3695 3672
f 737 3659 3707
f 3659 895 4137
f 3707 4137 728
f 3659 4137 3707
f 743 4125 3537
f 4125 883 4152
f 3537 4152 896
f 4125 4152 3537
f 681 4153 4121
f 4153 1052 4154
f 4121 4154 883
f 4153 4154 4121
f 899 3734 4156
f 3734 897 4155
f 4156 4155 395
f 3734 4155 4156
f 987 2319 4157
f 2319 754 2323
f 4157 2323 898
f 2319 2323 4157
f 10 4158 3736
f 4158 11 4159
f 3736 4159 898
f 4158 4159 3736
f 987 4157 4160
f 4157 898 4159
f 4160 4159 11
f 4157 4159 4160
f 754 3735 1901
f 3735 899 3741
f 1901 3741 438
f 3735 3741 1901
f 395 4161 4156
f 4161 759 3742
f 4156 3742 899
f 4161 3742 4156
f 758 2821 3743
f 2821 759 3750
f 3743 3750 900
f 2821 3750 3743
f 1229 3751 4162
f 3751 759 3805
f 4162 3805 901
f 3751 3805 4162
f 988 3806 4163
f 3806 759 4161
f 4163 4161 395
f 3806 4161 4163
f 1228 4164 4166
f 4164 773 4165
f 4166 4165 908
f 4164 4165 4166
f 210 1839 3748
f 1839 211 4167
f 3748 4167 902
f 1839 4167 3748
f 991 1853 4168
f 1853 902 4167
f 4168 4167 211
f 1853 4167 4168
f 1227 3756 4169
f 3756 903 3143
f 4169 3143 396
f 3756 3143 4169
f 902 1852 3147
f 1852 903 3755
f 3147 3755 761
f 1852 3755 3147
f 768 3787 2708
f 3787 1194 3766
f 2708 3766 764
f 3787 3766 2708
f 906 3773 4170
f 3773 399 3819
f 4170 3819 550
f 3773 3819 4170
f 1092 4171 4173
f 4171 1093 4172
f 4173 4172 1090
f 4171 4172 4173
f 1056 4174 4176
f 4174 998 4175
f 4176 4175 997
f 4174 4175 4176
f 550 3818 4177
f 3818 779 3817
f 4177 3817 992
f 3818 3817 4177
f 765 3770 1875
f 3770 904 3774
f 1875 3774 906
f 3770 3774 1875
f 908 3792 4178
f 3792 907 3775
f 4178 3775 762
f 3792 3775 4178
f 768 3765 3758
f 3765 907 3794
f 3758 3794 767
f 3765 3794 3758
f 762 3753 3801
f 3753 761 3754
f 3801 3754 1227
f 3753 3754 3801
f 908 4165 3798
f 4165 773 3807
f 3798 3807 774
f 4165 3807 3798
f 990 3809 4180
f 3809 988 4179
f 4180 4179 989
f 3809 4179 4180
f 911 3140 3158
f 3140 543 3815
f 3158 3815 910
f 3140 3815 3158
f 13 3138 4181
f 3138 910 3814
f 4181 3814 12
f 3138 3814 4181
f 911 3157 4182
f 3157 777 2664
f 4182 2664 909
f 3157 2664 4182
f 989 4183 4184
f 4183 911 4182
f 4184 4182 909
f 4183 4182 4184
f 911 4185 3141
f 4185 395 4155
f 3141 4155 897
f 4185 4155 3141
f 913 4186 4187
f 4186 912 3820
f 4187 3820 399
f 4186 3820 4187
f 915 3822 4188
f 3822 914 3171
f 4188 3171 551
f 3822 3171 4188
f 1054 4189 4191
f 4189 1055 4190
f 4191 4190 993
f 4189 4190 4191
f 995 4192 4194
f 4192 999 4193
f 4194 4193 996
f 4192 4193 4194
f 780 3167 3821
f 3167 912 4195
f 3821 4195 914
f 3167 4195 3821
f 913 3172 4186
f 3172 914 4195
f 4186 4195 912
f 3172 4195 4186
f 915 4188 4197
f 4188 551 4196
f 4197 4196 918
f 4188 4196 4197
f 204 2019 1994
f 2019 915 4198
f 1994 4198 203
f 2019 4198 1994
f 915 3828 4198
f 3828 916 3182
f 4198 3182 203
f 3828 3182 4198
f 784 3824 2701
f 3824 916 3827
f 2701 3827 785
f 3824 3827 2701
f 785 4199 3173
f 4199 918 3849
f 3173 3849 917
f 4199 3849 3173
f 918 4200 3850
f 4200 920 4201
f 3850 4201 922
f 4200 4201 3850
f 915 4197 3829
f 4197 918 4199
f 3829 4199 785
f 4197 4199 3829
f 918 4196 4200
f 4196 551 4202
f 4200 4202 920
f 4196 4202 4200
f 551 4203 4202
f 4203 921 2861
f 4202 2861 920
f 4203 2861 4202
f 1008 4204 4206
f 4204 923 4205
f 4206 4205 1009
f 4204 4205 4206
f 921 4203 4207
f 4203 551 3170
f 4207 3170 913
f 4203 3170 4207
f 922 4201 3847
f 4201 920 2860
f 3847 2860 919
f 4201 2860 3847
f 913 4187 4209
f 4187 399 4208
f 4209 4208 1055
f 4187 4208 4209
f 921 4207 4211
f 4207 913 4210
f 4211 4210 1054
f 4207 4210 4211
f 994 4212 3846
f 4212 924 3832
f 3846 3832 922
f 4212 3832 3846
f 917 3848 3830
f 3848 922 3834
f 3830 3834 405
f 3848 3834 3830
f 923 4213 4215
f 4213 994 4214
f 4215 4214 996
f 4213 4214 4215
f 790 4216 4217
f 4216 1000 3914
f 4217 3914 999
f 4216 3914 4217
f 1009 4218 4206
f 4218 1001 4219
f 4206 4219 1008
f 4218 4219 4206
f 798 3866 4221
f 3866 799 4220
f 4221 4220 1028
f 3866 4220 4221
f 784 2096 2057
f 2096 925 3241
f 2057 3241 201
f 2096 3241 2057
f 786 3239 3826
f 3239 200 3242
f 3826 3242 925
f 3239 3242 3826
f 927 2673 4222
f 2673 926 3161
f 4222 3161 16
f 2673 3161 4222
f 549 3838 3208
f 3838 926 2672
f 3208 2672 787
f 3838 2672 3208
f 17 2710 4223
f 2710 927 4222
f 4223 4222 16
f 2710 4222 4223
f 558 2676 3190
f 2676 928 4224
f 3190 4224 556
f 2676 4224 3190
f 787 3840 3191
f 3840 928 3216
f 3191 3216 560
f 3840 3216 3191
f 556 4224 2709
f 4224 928 3839
f 2709 3839 927
f 4224 3839 2709
f 1004 2888 4225
f 2888 454 3910
f 4225 3910 460
f 2888 3910 4225
f 815 4226 4228
f 4226 1059 4227
f 4228 4227 1004
f 4226 4227 4228
f 411 4229 4231
f 4229 931 4230
f 4231 4230 1218
f 4229 4230 4231
f 570 2254 4232
f 2254 795 2419
f 4232 2419 930
f 2254 2419 4232
f 934 4233 4235
f 4233 1013 4234
f 4235 4234 1015
f 4233 4234 4235
f 942 4236 4238
f 4236 939 4237
f 4238 4237 1039
f 4236 4237 4238
f 786 4239 3861
f 4239 1005 4240
f 3861 4240 933
f 4239 4240 3861
f 799 3865 4220
f 3865 932 4241
f 4220 4241 1028
f 3865 4241 4220
f 1006 4242 3186
f 4242 933 4240
f 3186 4240 1005
f 4242 4240 3186
f 924 4243 4245
f 4243 1007 4244
f 4245 4244 1006
f 4243 4244 4245
f 1011 4246 4248
f 4246 1012 4247
f 4248 4247 1001
f 4246 4247 4248
f 815 3912 4250
f 3912 1074 4249
f 4250 4249 1071
f 3912 4249 4250
f 936 3266 4251
f 3266 580 3284
f 4251 3284 420
f 3266 3284 4251
f 935 4252 4254
f 4252 804 4253
f 4254 4253 1198
f 4252 4253 4254
f 595 3301 3307
f 3301 936 4251
f 3307 4251 420
f 3301 4251 3307
f 804 4252 4255
f 4252 935 3265
f 4255 3265 936
f 4252 3265 4255
f 812 4256 4257
f 4256 950 3338
f 4257 3338 952
f 4256 3338 4257
f 1204 4258 2872
f 4258 457 2735
f 2872 2735 455
f 4258 2735 2872
f 949 4259 2855
f 4259 938 2037
f 2855 2037 610
f 4259 2037 2855
f 811 4260 4262
f 4260 1195 4261
f 4262 4261 943
f 4260 4261 4262
f 1232 3288 4263
f 3288 592 3305
f 4263 3305 807
f 3288 3305 4263
f 940 4264 3891
f 4264 942 2878
f 3891 2878 938
f 4264 2878 3891
f 811 3334 4260
f 3334 39 3904
f 4260 3904 1195
f 3334 3904 4260
f 940 2157 4264
f 2157 939 4236
f 4264 4236 942
f 2157 4236 4264
f 40 4265 4266
f 4265 1197 3878
f 4266 3878 1196
f 4265 3878 4266
f 1207 4267 4269
f 4267 1209 4268
f 4269 4268 1212
f 4267 4268 4269
f 945 4270 3876
f 4270 947 4271
f 3876 4271 939
f 4270 4271 3876
f 1036 4272 4274
f 4272 1038 4273
f 4274 4273 1035
f 4272 4273 4274
f 811 4262 3890
f 4262 943 2158
f 3890 2158 940
f 4262 2158 3890
f 941 4275 4277
f 4275 1210 4276
f 4277 4276 945
f 4275 4276 4277
f 1207 4278 4279
f 4278 592 3287
f 4279 3287 1231
f 4278 3287 4279
f 1067 4280 4282
f 4280 808 4281
f 4282 4281 1064
f 4280 4281 4282
f 941 4277 4283
f 4277 945 3877
f 4283 3877 943
f 4277 3877 4283
f 1214 4284 4285
f 4284 947 4270
f 4285 4270 945
f 4284 4270 4285
f 1015 4286 4235
f 4286 411 4287
f 4235 4287 934
f 4286 4287 4235
f 948 4288 4290
f 4288 1039 4289
f 4290 4289 947
f 4288 4289 4290
f 1214 4285 4292
f 4285 945 4291
f 4292 4291 944
f 4285 4291 4292
f 947 4293 4290
f 4293 946 4294
f 4290 4294 948
f 4293 4294 4290
f 1025 4295 4297
f 4295 1016 4296
f 4297 4296 1020
f 4295 4296 4297
f 937 4298 4300
f 4298 1230 4299
f 4300 4299 1035
f 4298 4299 4300
f 39 3333 4301
f 3333 949 2854
f 4301 2854 38
f 3333 2854 4301
f 938 4259 3889
f 4259 949 3335
f 3889 3335 811
f 4259 3335 3889
f 950 3909 3336
f 3909 453 4302
f 3336 4302 951
f 3909 4302 3336
f 812 3327 4256
f 3327 610 3908
f 4256 3908 950
f 3327 3908 4256
f 1040 4303 4304
f 4303 453 2877
f 4304 2877 942
f 4303 2877 4304
f 951 4305 4307
f 4305 1230 4306
f 4307 4306 1031
f 4305 4306 4307
f 951 4308 3337
f 4308 810 4309
f 3337 4309 952
f 4308 4309 3337
f 952 4309 4310
f 4309 810 3330
f 4310 3330 1189
f 4309 3330 4310
f 1024 4311 4313
f 4311 1026 4312
f 4313 4312 1027
f 4311 4312 4313
f 1022 3888 4314
f 3888 931 4229
f 4314 4229 411
f 3888 4229 4314
f 866 3942 2981
f 3942 954 3920
f 2981 3920 670
f 3942 3920 2981
f 818 3921 3925
f 3921 954 3941
f 3925 3941 819
f 3921 3941 3925
f 624 3417 2905
f 3417 955 3967
f 2905 3967 634
f 3417 3967 2905
f 829 3936 3953
f 3936 955 3418
f 3953 3418 622
f 3936 3418 3953
f 1224 3989 4316
f 3989 259 4315
f 4316 4315 376
f 3989 4315 4316
f 846 1655 4007
f 1655 956 4317
f 4007 4317 840
f 1655 4317 4007
f 1106 4318 4319
f 4318 1103 3639
f 4319 3639 715
f 4318 3639 4319
f 259 4003 1561
f 4003 847 4320
f 1561 4320 1041
f 4003 4320 1561
f 848 4016 4321
f 4016 1143 3457
f 4321 3457 958
f 4016 3457 4321
f 650 4322 4324
f 4322 967 4323
f 4324 4323 958
f 4322 4323 4324
f 960 4033 4325
f 4033 959 3477
f 4325 3477 653
f 4033 3477 4325
f 851 4025 4326
f 4025 959 4032
f 4326 4032 850
f 4025 4032 4326
f 961 4327 4328
f 4327 960 4325
f 4328 4325 653
f 4327 4325 4328
f 962 4329 4331
f 4329 251 4330
f 4331 4330 1042
f 4329 4330 4331
f 655 3475 3460
f 3475 961 4328
f 3460 4328 653
f 3475 4328 3460
f 1199 4332 4334
f 4332 965 4333
f 4334 4333 481
f 4332 4333 4334
f 964 3464 4019
f 3464 962 4029
f 4019 4029 960
f 3464 4029 4019
f 853 4335 3463
f 4335 251 4329
f 3463 4329 962
f 4335 4329 3463
f 1199 4336 4332
f 4336 963 4337
f 4332 4337 965
f 4336 4337 4332
f 1046 4338 4057
f 4338 1200 4339
f 4057 4339 1045
f 4338 4339 4057
f 965 4020 4340
f 4020 960 4327
f 4340 4327 961
f 4020 4327 4340
f 657 3484 4342
f 3484 964 4341
f 4342 4341 963
f 3484 4341 4342
f 481 4333 3474
f 4333 965 4340
f 3474 4340 961
f 4333 4340 3474
f 963 4341 4337
f 4341 964 4021
f 4337 4021 965
f 4341 4021 4337
f 959 4024 3476
f 4024 966 4023
f 3476 4023 656
f 4024 4023 3476
f 967 3452 3479
f 3452 966 4026
f 3479 4026 851
f 3452 4026 3479
f 851 3492 3480
f 3492 467 4343
f 3480 4343 968
f 3492 4343 3480
f 359 3453 3450
f 3453 967 4322
f 3450 4322 650
f 3453 4322 3450
f 969 1461 4344
f 1461 968 4343
f 4344 4343 467
f 1461 4343 4344
f 958 4323 1460
f 4323 967 3478
f 1460 3478 968
f 4323 3478 1460
f 642 4018 4345
f 4018 969 4344
f 4345 4344 467
f 4018 4344 4345
f 958 1462 4321
f 1462 969 4017
f 4321 4017 848
f 1462 4017 4321
f 851 4326 3491
f 4326 850 4346
f 3491 4346 970
f 4326 4346 3491
f 1042 3489 4347
f 3489 970 4346
f 4347 4346 850
f 3489 4346 4347
f 971 4348 4350
f 4348 1043 4349
f 4350 4349 1044
f 4348 4349 4350
f 363 4351 4353
f 4351 1159 4352
f 4353 4352 1147
f 4351 4352 4353
f 973 2441 4354
f 2441 972 4063
f 4354 4063 630
f 2441 4063 4354
f 253 3501 4355
f 3501 862 4064
f 4355 4064 972
f 3501 4064 4355
f 974 3415 4356
f 3415 973 4354
f 4356 4354 630
f 3415 4354 4356
f 633 4357 3413
f 4357 432 4358
f 3413 4358 1201
f 4357 4358 3413
f 832 3371 3407
f 3371 974 4356
f 3407 4356 630
f 3371 4356 3407
f 626 3412 3405
f 3412 632 4359
f 3405 4359 1048
f 3412 4359 3405
f 1051 4360 4011
f 4360 865 4361
f 4011 4361 375
f 4360 4361 4011
f 1049 4362 4364
f 4362 1079 4363
f 4364 4363 1041
f 4362 4363 4364
f 977 4105 4097
f 4105 976 4088
f 4097 4088 869
f 4105 4088 4097
f 875 2596 4095
f 2596 976 4104
f 4095 4104 873
f 2596 4104 4095
f 1082 4365 4367
f 4365 1044 4366
f 4367 4366 1081
f 4365 4366 4367
f 876 4099 4368
f 4099 873 4103
f 4368 4103 977
f 4099 4103 4368
f 379 3527 4100
f 3527 896 4369
f 4100 4369 978
f 3527 4369 4100
f 979 4124 4370
f 4124 878 4112
f 4370 4112 981
f 4124 4112 4370
f 978 4369 4114
f 4369 896 4371
f 4114 4371 979
f 4369 4371 4114
f 896 4152 4372
f 4152 883 4154
f 4372 4154 1052
f 4152 4154 4372
f 1083 4373 4375
f 4373 1101 4374
f 4375 4374 1081
f 4373 4374 4375
f 673 4376 4098
f 4376 1081 4377
f 4098 4377 977
f 4376 4377 4098
f 976 2595 4089
f 2595 981 4111
f 4089 4111 260
f 2595 4111 4089
f 979 4370 4115
f 4370 981 2597
f 4115 2597 875
f 4370 2597 4115
f 888 4133 4136
f 4133 982 4142
f 4136 4142 74
f 4133 4142 4136
f 708 2163 4134
f 2163 890 3047
f 4134 3047 982
f 2163 3047 4134
f 890 3611 4378
f 3611 707 4139
f 4378 4139 1053
f 3611 4139 4378
f 74 4141 4379
f 4141 983 3604
f 4379 3604 73
f 4141 3604 4379
f 1202 4380 3053
f 4380 518 2634
f 3053 2634 77
f 4380 2634 3053
f 238 3058 1535
f 3058 892 3648
f 1535 3648 984
f 3058 3648 1535
f 894 4381 3694
f 4381 736 4382
f 3694 4382 985
f 4381 4382 3694
f 736 3697 4382
f 3697 730 4151
f 4382 4151 985
f 3697 4151 4382
f 679 3526 1580
f 3526 986 3528
f 1580 3528 379
f 3526 3528 1580
f 526 3536 4383
f 3536 896 3529
f 4383 3529 986
f 3536 3529 4383
f 11 1817 4160
f 1817 543 4384
f 4160 4384 987
f 1817 4384 4160
f 897 2320 3142
f 2320 987 4384
f 3142 4384 543
f 2320 4384 3142
f 989 4385 4183
f 4385 395 4185
f 4183 4185 911
f 4385 4185 4183
f 909 4386 4184
f 4386 990 4180
f 4184 4180 989
f 4386 4180 4184
f 990 4386 4387
f 4386 909 3813
f 4387 3813 775
f 4386 3813 4387
f 395 4385 4163
f 4385 989 4179
f 4163 4179 988
f 4385 4179 4163
f 775 3808 4387
f 3808 773 4388
f 4387 4388 990
f 3808 4388 4387
f 901 3810 4389
f 3810 990 4388
f 4389 4388 773
f 3810 4388 4389
f 211 1863 4168
f 1863 544 4390
f 4168 4390 991
f 1863 4390 4168
f 903 1854 3144
f 1854 991 4390
f 3144 4390 544
f 1854 4390 3144
f 547 3165 1869
f 3165 992 3152
f 1869 3152 207
f 3165 3152 1869
f 550 4177 4170
f 4177 992 1876
f 4170 1876 906
f 4177 1876 4170
f 1093 4391 4172
f 4391 1057 4392
f 4172 4392 1090
f 4391 4392 4172
f 1089 4393 4395
f 4393 1091 4394
f 4395 4394 998
f 4393 4394 4395
f 997 4396 4397
f 4396 996 4214
f 4397 4214 994
f 4396 4214 4397
f 923 4398 4213
f 4398 924 4212
f 4213 4212 994
f 4398 4212 4213
f 998 4174 4400
f 4174 1056 4399
f 4400 4399 1054
f 4174 4399 4400
f 997 4175 4402
f 4175 998 4401
f 4402 4401 995
f 4175 4401 4402
f 997 4397 4403
f 4397 994 3845
f 4403 3845 919
f 4397 3845 4403
f 995 4404 4192
f 4404 1123 4405
f 4192 4405 999
f 4404 4405 4192
f 1056 4406 4407
f 4406 919 2859
f 4407 2859 921
f 4406 2859 4407
f 995 4194 4402
f 4194 996 4396
f 4402 4396 997
f 4194 4396 4402
f 993 4408 4409
f 4408 1089 4395
f 4409 4395 998
f 4408 4395 4409
f 1124 4410 4411
f 4410 998 4394
f 4411 4394 1091
f 4410 4394 4411
f 1000 4216 4413
f 4216 790 4412
f 4413 4412 929
f 4216 4412 4413
f 996 4193 4414
f 4193 999 3913
f 4414 3913 1058
f 4193 3913 4414
f 1000 4413 4415
f 4413 929 2889
f 4415 2889 1004
f 4413 2889 4415
f 613 4416 4418
f 4416 1060 4417
f 4418 4417 1009
f 4416 4417 4418
f 1071 4419 4421
f 4419 1072 4420
f 4421 4420 1073
f 4419 4420 4421
f 1028 4422 4424
f 4422 1007 4423
f 4424 4423 1010
f 4422 4423 4424
f 454 3843 3345
f 3843 1002 3210
f 3345 3210 611
f 3843 3210 3345
f 1003 3844 4425
f 3844 1002 3842
f 4425 3842 929
f 3844 3842 4425
f 929 4412 4425
f 4412 790 4426
f 4425 4426 1003
f 4412 4426 4425
f 1003 4426 4428
f 4426 790 4427
f 4428 4427 1122
f 4426 4427 4428
f 460 2886 4225
f 2886 815 4228
f 4225 4228 1004
f 2886 4228 4225
f 815 4429 4226
f 4429 613 4430
f 4226 4430 1059
f 4429 4430 4226
f 786 3825 4239
f 3825 554 4431
f 4239 4431 1005
f 3825 4431 4239
f 405 3184 3831
f 3184 1005 4431
f 3831 4431 554
f 3184 4431 3831
f 405 3833 3185
f 3833 924 4245
f 3185 4245 1006
f 3833 4245 3185
f 923 4204 4398
f 4204 1008 4432
f 4398 4432 924
f 4204 4432 4398
f 1010 4423 4434
f 4423 1007 4433
f 4434 4433 1001
f 4423 4433 4434
f 933 4242 4435
f 4242 1006 4244
f 4435 4244 1007
f 4242 4244 4435
f 1001 4433 4219
f 4433 1007 4436
f 4219 4436 1008
f 4433 4436 4219
f 924 4432 4243
f 4432 1008 4436
f 4243 4436 1007
f 4432 4436 4243
f 1058 4437 4414
f 4437 923 4215
f 4414 4215 996
f 4437 4215 4414
f 613 4438 4430
f 4438 1206 4439
f 4430 4439 1059
f 4438 4439 4430
f 1011 4248 4441
f 4248 1001 4440
f 4441 4440 1060
f 4248 4440 4441
f 1010 3346 4424
f 3346 798 4221
f 4424 4221 1028
f 3346 4221 4424
f 934 4442 4233
f 4442 1012 4443
f 4233 4443 1013
f 4442 4443 4233
f 1012 4442 3348
f 4442 934 3867
f 3348 3867 798
f 4442 3867 3348
f 1001 4247 4434
f 4247 1012 3347
f 4434 3347 1010
f 4247 3347 4434
f 1012 4246 4443
f 4246 1011 4444
f 4443 4444 1013
f 4246 4444 4443
f 1014 4445 4447
f 4445 1011 4446
f 4447 4446 1072
f 4445 4446 4447
f 1013 4444 4448
f 4444 1011 4445
f 4448 4445 1014
f 4444 4445 4448
f 1023 4449 4451
f 4449 1017 4450
f 4451 4450 1019
f 4449 4450 4451
f 1017 4452 4454
f 4452 1014 4453
f 4454 4453 953
f 4452 4453 4454
f 1023 4455 4456
f 4455 1013 4448
f 4456 4448 1014
f 4455 4448 4456
f 411 4286 4314
f 4286 1015 4457
f 4314 4457 1022
f 4286 4457 4314
f 1017 4458 4459
f 4458 1020 4296
f 4459 4296 1016
f 4458 4296 4459
f 1097 4460 4462
f 4460 1021 4461
f 4462 4461 1016
f 4460 4461 4462
f 1020 4458 4464
f 4458 1017 4463
f 4464 4463 1024
f 4458 4463 4464
f 1019 4450 4465
f 4450 1017 4459
f 4465 4459 1016
f 4450 4459 4465
f 1018 4466 4467
f 4466 1020 4464
f 4467 4464 1024
f 4466 4464 4467
f 1037 4468 4470
f 4468 1077 4469
f 4470 4469 1036
f 4468 4469 4470
f 1019 4465 4471
f 4465 1016 4461
f 4471 4461 1021
f 4465 4461 4471
f 1023 4451 4473
f 4451 1019 4472
f 4473 4472 1015
f 4451 4472 4473
f 1024 4463 4474
f 4463 1017 4454
f 4474 4454 953
f 4463 4454 4474
f 1025 4297 4475
f 4297 1020 4466
f 4475 4466 1018
f 4297 4466 4475
f 1016 4476 4462
f 4476 1098 4477
f 4462 4477 1097
f 4476 4477 4462
f 931 3887 3298
f 3887 1021 4478
f 3298 4478 1062
f 3887 4478 3298
f 1015 4472 4457
f 4472 1019 4479
f 4457 4479 1022
f 4472 4479 4457
f 1021 3886 4471
f 3886 1022 4479
f 4471 4479 1019
f 3886 4479 4471
f 1013 4455 4234
f 4455 1023 4473
f 4234 4473 1015
f 4455 4473 4234
f 1017 4449 4452
f 4449 1023 4456
f 4452 4456 1014
f 4449 4456 4452
f 953 4480 4474
f 4480 1026 4311
f 4474 4311 1024
f 4480 4311 4474
f 1027 4481 4313
f 4481 1018 4467
f 4313 4467 1024
f 4481 4467 4313
f 1077 4482 4484
f 4482 1076 4483
f 4484 4483 1018
f 4482 4483 4484
f 1025 2867 4486
f 2867 946 4485
f 4486 4485 1098
f 2867 4485 4486
f 1026 4480 4488
f 4480 953 4487
f 4488 4487 1071
f 4480 4487 4488
f 456 4489 2874
f 4489 1035 4273
f 2874 4273 1038
f 4489 4273 2874
f 1026 4490 4492
f 4490 1074 4491
f 4492 4491 1078
f 4490 4491 4492
f 1035 4489 4494
f 4489 456 4493
f 4494 4493 1033
f 4489 4493 4494
f 932 3862 4241
f 3862 933 4495
f 4241 4495 1028
f 3862 4495 4241
f 1028 4495 4422
f 4495 933 4435
f 4422 4435 1007
f 4495 4435 4422
f 799 3868 2881
f 3868 934 4496
f 2881 4496 1029
f 3868 4496 2881
f 411 2428 4287
f 2428 1029 4496
f 4287 4496 934
f 2428 4496 4287
f 1031 2426 4497
f 2426 609 3331
f 4497 3331 810
f 2426 3331 4497
f 1032 1756 4499
f 1756 1030 4498
f 4499 4498 937
f 1756 4498 4499
f 951 4307 4308
f 4307 1031 4497
f 4308 4497 810
f 4307 4497 4308
f 937 4498 4500
f 4498 1030 2427
f 4500 2427 1031
f 4498 2427 4500
f 1033 2864 4501
f 2864 1032 4499
f 4501 4499 937
f 2864 4499 4501
f 334 2423 4502
f 2423 335 2410
f 4502 2410 1203
f 2423 2410 4502
f 1031 4306 4500
f 4306 1230 4298
f 4500 4298 937
f 4306 4298 4500
f 1204 4503 4258
f 4503 456 2882
f 4258 2882 457
f 4503 2882 4258
f 1040 4504 4303
f 4504 951 4302
f 4303 4302 453
f 4504 4302 4303
f 1018 4481 4484
f 4481 1027 4505
f 4484 4505 1077
f 4481 4505 4484
f 937 4300 4501
f 4300 1035 4494
f 4501 4494 1033
f 4300 4494 4501
f 1036 4274 4507
f 4274 1035 4506
f 4507 4506 1034
f 4274 4506 4507
f 1036 4507 4470
f 4507 1034 4508
f 4470 4508 1037
f 4507 4508 4470
f 1036 4509 4272
f 4509 1027 4510
f 4272 4510 1038
f 4509 4510 4272
f 1034 4511 4513
f 4511 1040 4512
f 4513 4512 1075
f 4511 4512 4513
f 1037 3899 4515
f 3899 948 4514
f 4515 4514 1076
f 3899 4514 4515
f 1078 4516 4492
f 4516 1027 4312
f 4492 4312 1026
f 4516 4312 4492
f 1038 4517 2875
f 4517 1078 4518
f 2875 4518 459
f 4517 4518 2875
f 947 4289 4271
f 4289 1039 4237
f 4271 4237 939
f 4289 4237 4271
f 1075 4519 3901
f 4519 1039 4288
f 3901 4288 948
f 4519 4288 3901
f 942 4238 4520
f 4238 1039 4519
f 4520 4519 1075
f 4238 4519 4520
f 1230 4521 4522
f 4521 1040 4511
f 4522 4511 1034
f 4521 4511 4522
f 1041 4320 4364
f 4320 847 3636
f 4364 3636 1049
f 4320 3636 4364
f 1099 1559 4524
f 1559 1041 4523
f 4524 4523 1117
f 1559 4523 4524
f 962 4331 4030
f 4331 1042 4347
f 4030 4347 850
f 4331 4347 4030
f 659 4022 2949
f 4022 1042 4330
f 2949 4330 251
f 4022 4330 2949
f 1044 4349 4525
f 4349 1043 1645
f 4525 1645 859
f 4349 1645 4525
f 1045 4039 4055
f 4039 1043 4348
f 4055 4348 971
f 4039 4348 4055
f 1100 4526 4528
f 4526 859 4527
f 4528 4527 858
f 4526 4527 4528
f 977 4529 4368
f 4529 1101 4530
f 4368 4530 876
f 4529 4530 4368
f 1147 4531 4108
f 4531 1046 4056
f 4108 4056 971
f 4531 4056 4108
f 362 4040 4533
f 4040 1045 4532
f 4533 4532 856
f 4040 4532 4533
f 1047 4534 4536
f 4534 1046 4535
f 4536 4535 252
f 4534 4535 4536
f 963 4336 4041
f 4336 1199 4537
f 4041 4537 1200
f 4336 4537 4041
f 854 4027 4034
f 4027 1047 4536
f 4034 4536 252
f 4027 4536 4034
f 963 4043 4342
f 4043 1047 4028
f 4342 4028 657
f 4043 4028 4342
f 623 3394 3391
f 3394 1048 4359
f 3391 4359 632
f 3394 4359 3391
f 633 3416 3411
f 3416 974 3403
f 3411 3403 1048
f 3416 3403 3411
f 1050 4069 4008
f 4069 1049 3635
f 4008 3635 844
f 4069 3635 4008
f 1049 4068 4362
f 4068 975 4538
f 4362 4538 1079
f 4068 4538 4362
f 1085 4539 4541
f 4539 1050 4540
f 4541 4540 1086
f 4539 4540 4541
f 1085 3998 4542
f 3998 864 4002
f 4542 4002 1084
f 3998 4002 4542
f 1087 4012 4543
f 4012 375 4126
f 4543 4126 706
f 4012 4126 4543
f 1051 4544 4546
f 4544 1215 4545
f 4546 4545 1079
f 4544 4545 4546
f 878 4123 4101
f 4123 1052 4153
f 4101 4153 681
f 4123 4153 4101
f 896 4372 4371
f 4372 1052 4122
f 4371 4122 979
f 4372 4122 4371
f 73 3606 1712
f 3606 1053 4140
f 1712 4140 265
f 3606 4140 1712
f 890 4378 3045
f 4378 1053 3605
f 3045 3605 983
f 4378 3605 3045
f 1055 4189 4209
f 4189 1054 4210
f 4209 4210 913
f 4189 4210 4209
f 998 4400 4409
f 4400 1054 4191
f 4409 4191 993
f 4400 4191 4409
f 1088 4547 3785
f 4547 399 3772
f 3785 3772 904
f 4547 3772 3785
f 905 4548 4549
f 4548 993 4190
f 4549 4190 1055
f 4548 4190 4549
f 919 4406 4403
f 4406 1056 4176
f 4403 4176 997
f 4406 4176 4403
f 1054 4399 4211
f 4399 1056 4407
f 4211 4407 921
f 4399 4407 4211
f 1057 4550 4392
f 4550 1089 4551
f 4392 4551 1090
f 4550 4551 4392
f 1112 4552 4554
f 4552 1113 4553
f 4554 4553 1094
f 4552 4553 4554
f 1206 4555 4556
f 4555 1058 3915
f 4556 3915 1000
f 4555 3915 4556
f 1009 4205 4557
f 4205 923 4437
f 4557 4437 1058
f 4205 4437 4557
f 1206 4438 4558
f 4438 613 4418
f 4558 4418 1009
f 4438 4418 4558
f 1004 4227 4559
f 4227 1059 4439
f 4559 4439 1206
f 4227 4439 4559
f 1060 4416 4561
f 4416 613 4560
f 4561 4560 1073
f 4416 4560 4561
f 1001 4218 4440
f 4218 1009 4417
f 4440 4417 1060
f 4218 4417 4440
f 1070 4562 4564
f 4562 1065 4563
f 4564 4563 1069
f 4562 4563 4564
f 1021 4565 4478
f 4565 1063 4566
f 4478 4566 1062
f 4565 4566 4478
f 1021 4460 4565
f 4460 1097 4567
f 4565 4567 1063
f 4460 4567 4565
f 1066 3230 4568
f 3230 1064 4281
f 4568 4281 808
f 3230 4281 4568
f 1063 4569 4571
f 4569 1069 4570
f 4571 4570 1067
f 4569 4570 4571
f 1231 4572 4574
f 4572 1067 4573
f 4574 4573 1065
f 4572 4573 4574
f 285 3299 3229
f 3299 1062 4575
f 3229 4575 1064
f 3299 4575 3229
f 1063 4576 4566
f 4576 1064 4575
f 4566 4575 1062
f 4576 4575 4566
f 1061 4577 4578
f 4577 1070 4564
f 4578 4564 1069
f 4577 4564 4578
f 592 4278 3292
f 4278 1207 4579
f 3292 4579 595
f 4278 4579 3292
f 1068 3884 4580
f 3884 1066 4568
f 4580 4568 808
f 3884 4568 4580
f 1066 3885 2731
f 3885 409 2046
f 2731 2046 410
f 3885 2046 2731
f 1064 4576 4282
f 4576 1063 4571
f 4282 4571 1067
f 4576 4571 4282
f 1069 4569 4578
f 4569 1063 4581
f 4578 4581 1061
f 4569 4581 4578
f 1068 4580 2723
f 4580 808 4582
f 2723 4582 1232
f 4580 4582 2723
f 1068 2722 3303
f 2722 596 3294
f 3303 3294 568
f 2722 3294 3303
f 1061 4583 4577
f 4583 1098 4584
f 4577 4584 1070
f 4583 4584 4577
f 1065 4573 4563
f 4573 1067 4570
f 4563 4570 1069
f 4573 4570 4563
f 1214 4585 4284
f 4585 946 4293
f 4284 4293 947
f 4585 4293 4284
f 1214 4586 4588
f 4586 1208 4587
f 4588 4587 1070
f 4586 4587 4588
f 953 4453 4589
f 4453 1014 4447
f 4589 4447 1072
f 4453 4447 4589
f 815 4250 4429
f 4250 1071 4590
f 4429 4590 613
f 4250 4590 4429
f 1073 4420 4591
f 4420 1072 4446
f 4591 4446 1011
f 4420 4446 4591
f 953 4589 4487
f 4589 1072 4419
f 4487 4419 1071
f 4589 4419 4487
f 1060 4561 4441
f 4561 1073 4591
f 4441 4591 1011
f 4561 4591 4441
f 613 4590 4560
f 4590 1071 4421
f 4560 4421 1073
f 4590 4421 4560
f 1078 4491 4592
f 4491 1074 3911
f 4592 3911 458
f 4491 3911 4592
f 1071 4249 4488
f 4249 1074 4490
f 4488 4490 1026
f 4249 4490 4488
f 1034 4513 4508
f 4513 1075 3900
f 4508 3900 1037
f 4513 3900 4508
f 1040 4304 4512
f 4304 942 4520
f 4512 4520 1075
f 4304 4520 4512
f 946 2866 4294
f 2866 1076 4514
f 4294 4514 948
f 2866 4514 4294
f 1018 4483 4475
f 4483 1076 2868
f 4475 2868 1025
f 4483 2868 4475
f 1036 4469 4509
f 4469 1077 4505
f 4509 4505 1027
f 4469 4505 4509
f 1076 4482 4515
f 4482 1077 4468
f 4515 4468 1037
f 4482 4468 4515
f 459 4518 2883
f 4518 1078 4592
f 2883 4592 458
f 4518 4592 2883
f 1027 4516 4510
f 4516 1078 4517
f 4510 4517 1038
f 4516 4517 4510
f 1051 4546 4073
f 4546 1079 4538
f 4073 4538 975
f 4546 4538 4073
f 957 4593 4594
f 4593 1041 4363
f 4594 4363 1079
f 4593 4363 4594
f 1127 4595 4597
f 4595 1119 4596
f 4597 4596 1104
f 4595 4596 4597
f 1126 4598 4600
f 4598 1080 4599
f 4600 4599 1117
f 4598 4599 4600
f 1082 4367 4601
f 4367 1081 4376
f 4601 4376 673
f 4367 4376 4601
f 1083 4375 4602
f 4375 1081 4366
f 4602 4366 1044
f 4375 4366 4602
f 868 4084 3001
f 4084 1082 4601
f 3001 4601 673
f 4084 4601 3001
f 1044 4365 4603
f 4365 1082 4083
f 4603 4083 363
f 4365 4083 4603
f 1100 4604 4526
f 4604 1044 4525
f 4526 4525 859
f 4604 4525 4526
f 1101 4605 4530
f 4605 980 4048
f 4530 4048 876
f 4605 4048 4530
f 865 4360 4606
f 4360 1051 4072
f 4606 4072 1102
f 4360 4072 4606
f 1085 4542 4539
f 4542 1084 4074
f 4539 4074 1050
f 4542 4074 4539
f 1050 4010 4540
f 4010 1205 4607
f 4540 4607 1086
f 4010 4607 4540
f 1085 4608 3996
f 4608 374 3503
f 3996 3503 863
f 4608 3503 3996
f 827 3956 3994
f 3956 1086 4609
f 3994 4609 843
f 3956 4609 3994
f 374 4608 3955
f 4608 1085 4541
f 3955 4541 1086
f 4608 4541 3955
f 1103 4610 3638
f 4610 706 3641
f 3638 3641 717
f 4610 3641 3638
f 1087 4543 3633
f 4543 706 4610
f 3633 4610 1103
f 4543 4610 3633
f 905 4549 4612
f 4549 1055 4611
f 4612 4611 1088
f 4549 4611 4612
f 399 4547 4208
f 4547 1088 4611
f 4208 4611 1055
f 4547 4611 4208
f 1090 4551 4613
f 4551 1089 4408
f 4613 4408 993
f 4551 4408 4613
f 1091 4393 4614
f 4393 1089 4550
f 4614 4550 1057
f 4393 4550 4614
f 993 4548 4613
f 4548 905 4615
f 4613 4615 1090
f 4548 4615 4613
f 1092 4173 4616
f 4173 1090 4615
f 4616 4615 905
f 4173 4615 4616
f 1057 4617 4614
f 4617 1094 4618
f 4614 4618 1091
f 4617 4618 4614
f 1114 2847 4620
f 2847 1094 4619
f 4620 4619 557
f 2847 4619 4620
f 1194 3789 4621
f 3789 1092 4616
f 4621 4616 905
f 3789 4616 4621
f 1093 4171 3779
f 4171 1092 3791
f 3779 3791 769
f 4171 3791 3779
f 769 3783 3780
f 3783 772 3800
f 3780 3800 1095
f 3783 3800 3780
f 1093 1878 4623
f 1878 563 4622
f 4623 4622 1112
f 1878 4622 4623
f 1112 4554 4624
f 4554 1094 4617
f 4624 4617 1057
f 4554 4617 4624
f 557 4625 4620
f 4625 1121 2679
f 4620 2679 1114
f 4625 2679 4620
f 1226 4626 4627
f 4626 1096 3796
f 4627 3796 771
f 4626 3796 4627
f 1093 3781 1879
f 3781 1095 4628
f 1879 4628 1116
f 3781 4628 1879
f 1115 4629 3193
f 4629 398 3209
f 3193 3209 787
f 4629 3209 3193
f 1116 4630 1880
f 4630 560 3207
f 1880 3207 563
f 4630 3207 1880
f 1098 4476 4486
f 4476 1016 4295
f 4486 4295 1025
f 4476 4295 4486
f 1063 4567 4581
f 4567 1097 4631
f 4581 4631 1061
f 4567 4631 4581
f 1070 4584 4632
f 4584 1098 4485
f 4632 4485 946
f 4584 4485 4632
f 1097 4477 4631
f 4477 1098 4583
f 4631 4583 1061
f 4477 4583 4631
f 1117 4523 4633
f 4523 1041 4593
f 4633 4593 957
f 4523 4593 4633
f 1099 4634 2581
f 4634 1080 4635
f 2581 4635 1118
f 4634 4635 2581
f 980 3510 4052
f 3510 1100 4528
f 4052 4528 858
f 3510 4528 4052
f 1044 4604 4602
f 4604 1100 3512
f 4602 3512 1083
f 4604 3512 4602
f 1081 4374 4377
f 4374 1101 4529
f 4377 4529 977
f 4374 4529 4377
f 980 4605 3511
f 4605 1101 4373
f 3511 4373 1083
f 4605 4373 3511
f 975 4075 4071
f 4075 1084 4636
f 4071 4636 1102
f 4075 4636 4071
f 865 4606 4001
f 4606 1102 4636
f 4001 4636 1084
f 4606 4636 4001
f 715 4637 4319
f 4637 1107 4638
f 4319 4638 1106
f 4637 4638 4319
f 1106 4639 4318
f 4639 1105 3634
f 4318 3634 1103
f 4639 3634 4318
f 1107 4640 4642
f 4640 1111 4641
f 4642 4641 1104
f 4640 4641 4642
f 1111 4643 4641
f 4643 1110 4644
f 4641 4644 1104
f 4643 4644 4641
f 1119 4645 4596
f 4645 1105 4646
f 4596 4646 1104
f 4645 4646 4596
f 1215 3602 4648
f 3602 1105 4647
f 4648 4647 957
f 3602 4647 4648
f 1107 4637 4649
f 4637 715 3626
f 4649 3626 712
f 4637 3626 4649
f 1105 4639 4646
f 4639 1106 4650
f 4646 4650 1104
f 4639 4650 4646
f 1108 4651 4652
f 4651 1107 4649
f 4652 4649 712
f 4651 4649 4652
f 1104 4650 4642
f 4650 1106 4638
f 4642 4638 1107
f 4650 4638 4642
f 738 3708 3710
f 3708 1108 4652
f 3710 4652 712
f 3708 4652 3710
f 1109 1683 4653
f 1683 1108 3709
f 4653 3709 734
f 1683 3709 4653
f 735 3622 3698
f 3622 1109 4653
f 3698 4653 734
f 3622 4653 3698
f 1109 3621 4655
f 3621 736 4654
f 4655 4654 1110
f 3621 4654 4655
f 1135 4656 4657
f 4656 1110 4654
f 4657 4654 736
f 4656 4654 4657
f 1117 4599 4524
f 4599 1080 4634
f 4524 4634 1099
f 4599 4634 4524
f 1108 1682 4651
f 1682 1111 4640
f 4651 4640 1107
f 1682 4640 4651
f 1110 4643 4655
f 4643 1111 1681
f 4655 1681 1109
f 4643 1681 4655
f 1093 4623 4391
f 4623 1112 4624
f 4391 4624 1057
f 4623 4624 4391
f 1113 4552 4658
f 4552 1112 4622
f 4658 4622 563
f 4552 4622 4658
f 562 3215 3206
f 3215 1113 4658
f 3206 4658 563
f 3215 4658 3206
f 557 4619 3214
f 4619 1094 4553
f 3214 4553 1113
f 4619 4553 3214
f 561 4659 2681
f 4659 1122 4660
f 2681 4660 1114
f 4659 4660 2681
f 1123 3219 4661
f 3219 1122 4427
f 4661 4427 790
f 3219 4427 4661
f 1116 4662 4630
f 4662 1115 3192
f 4630 3192 560
f 4662 3192 4630
f 398 4629 4664
f 4629 1115 4663
f 4664 4663 1096
f 4629 4663 4664
f 1095 3797 4628
f 3797 1096 4665
f 4628 4665 1116
f 3797 4665 4628
f 1116 4665 4662
f 4665 1096 4663
f 4662 4663 1115
f 4665 4663 4662
f 1119 4666 4645
f 4666 957 4647
f 4645 4647 1105
f 4666 4647 4645
f 1119 4595 4668
f 4595 1127 4667
f 4668 4667 1117
f 4595 4667 4668
f 1118 4635 3702
f 4635 1080 4669
f 3702 4669 1129
f 4635 4669 3702
f 497 2996 1524
f 2996 1134 3703
f 1524 3703 100
f 2996 3703 1524
f 1127 4597 4670
f 4597 1104 4644
f 4670 4644 1110
f 4597 4644 4670
f 1117 4633 4668
f 4633 957 4666
f 4668 4666 1119
f 4633 4666 4668
f 894 4671 4381
f 4671 1133 4672
f 4381 4672 736
f 4671 4672 4381
f 98 4673 4150
f 4673 1132 4674
f 4150 4674 1131
f 4673 4674 4150
f 558 3204 3201
f 3204 1121 4625
f 3201 4625 557
f 3204 4625 3201
f 561 2680 3841
f 2680 1121 3203
f 3841 3203 559
f 2680 3203 3841
f 1003 4428 3350
f 4428 1122 4659
f 3350 4659 561
f 4428 4659 3350
f 790 4217 4661
f 4217 999 4405
f 4661 4405 1123
f 4217 4405 4661
f 995 4675 4404
f 4675 1124 4676
f 4404 4676 1123
f 4675 4676 4404
f 1123 4676 3217
f 4676 1124 4677
f 3217 4677 1125
f 4676 4677 3217
f 998 4410 4401
f 4410 1124 4675
f 4401 4675 995
f 4410 4675 4401
f 1125 4677 4678
f 4677 1124 4411
f 4678 4411 1091
f 4677 4411 4678
f 1094 2849 4618
f 2849 1125 4678
f 4618 4678 1091
f 2849 4678 4618
f 1122 3218 4660
f 3218 1125 2848
f 4660 2848 1114
f 3218 2848 4660
f 1135 4679 4656
f 4679 1126 4680
f 4656 4680 1110
f 4679 4680 4656
f 1130 4681 4683
f 4681 1126 4682
f 4683 4682 1120
f 4681 4682 4683
f 1110 4680 4670
f 4680 1126 4684
f 4670 4684 1127
f 4680 4684 4670
f 1117 4667 4600
f 4667 1127 4684
f 4600 4684 1126
f 4667 4684 4600
f 376 4315 4686
f 4315 259 4685
f 4686 4685 1128
f 4315 4685 4686
f 1099 2580 1560
f 2580 1128 4685
f 1560 4685 259
f 2580 4685 1560
f 1130 3682 4687
f 3682 1129 4669
f 4687 4669 1080
f 3682 4669 4687
f 98 4688 4673
f 4688 99 4689
f 4673 4689 1132
f 4688 4689 4673
f 1126 4681 4598
f 4681 1130 4687
f 4598 4687 1080
f 4681 4687 4598
f 1130 4683 3683
f 4683 1120 4690
f 3683 4690 1131
f 4683 4690 3683
f 1120 4691 4690
f 4691 1133 4692
f 4690 4692 1131
f 4691 4692 4690
f 1131 4692 4148
f 4692 1133 4693
f 4148 4693 97
f 4692 4693 4148
f 99 3700 4689
f 3700 1129 4694
f 4689 4694 1132
f 3700 4694 4689
f 1131 4674 3684
f 4674 1132 4694
f 3684 4694 1129
f 4674 4694 3684
f 1133 4691 4696
f 4691 1120 4695
f 4696 4695 1135
f 4691 4695 4696
f 97 4693 4697
f 4693 1133 4671
f 4697 4671 894
f 4693 4671 4697
f 99 3704 3701
f 3704 1134 1549
f 3701 1549 1118
f 3704 1549 3701
f 1128 1547 4686
f 1547 1134 2998
f 4686 2998 376
f 1547 2998 4686
f 1133 4696 4672
f 4696 1135 4657
f 4672 4657 736
f 4696 4657 4672
f 1126 4679 4682
f 4679 1135 4695
f 4682 4695 1120
f 4679 4695 4682
f 237 1304 1635
f 1304 1136 1619
f 1635 1619 230
f 1304 1619 1635
f 220 1620 1926
f 1620 1136 1960
f 1926 1960 82
f 1620 1960 1926
f 607 3326 2412
f 3326 1137 1326
f 2412 1326 236
f 3326 1326 2412
f 443 1996 2828
f 1996 1137 3325
f 2828 3325 314
f 1996 3325 2828
f 461 2890 2344
f 2890 1138 3401
f 2344 3401 246
f 2890 3401 2344
f 440 2070 2825
f 2070 1138 2891
f 2825 2891 312
f 2070 2891 2825
f 347 2470 1256
f 2470 350 4698
f 1256 4698 1139
f 2470 4698 1256
f 848 3437 4014
f 3437 1139 4698
f 4014 4698 350
f 3437 4698 4014
f 1141 4699 2929
f 4699 348 3443
f 2929 3443 645
f 4699 3443 2929
f 1140 3441 4701
f 3441 250 4700
f 4701 4700 1142
f 3441 4700 4701
f 1141 2928 2922
f 2928 473 4702
f 2922 4702 1216
f 2928 4702 2922
f 348 4699 2478
f 4699 1141 3442
f 2478 3442 1140
f 4699 3442 2478
f 1155 2481 2128
f 2481 1142 4700
f 2128 4700 250
f 2481 4700 2128
f 958 3456 4324
f 3456 1142 2480
f 4324 2480 650
f 3456 2480 4324
f 350 2479 4015
f 2479 1140 4703
f 4015 4703 1143
f 2479 4703 4015
f 1142 3455 4701
f 3455 1143 4703
f 4701 4703 1140
f 3455 4703 4701
f 249 2924 2488
f 2924 357 4704
f 2488 4704 1144
f 2924 4704 2488
f 473 2930 1831
f 2930 1144 4704
f 1831 4704 357
f 2930 4704 1831
f 853 3482 4335
f 3482 1145 2950
f 4335 2950 251
f 3482 2950 4335
f 360 1448 3481
f 1448 361 2521
f 3481 2521 1145
f 1448 2521 3481
f 252 4535 2533
f 4535 1046 4531
f 2533 4531 1147
f 4535 4531 2533
f 364 1763 4705
f 1763 365 2542
f 4705 2542 1146
f 1763 2542 4705
f 971 4350 4106
f 4350 1044 4706
f 4106 4706 1148
f 4350 4706 4106
f 364 4705 4707
f 4705 1146 2534
f 4707 2534 1147
f 4705 2534 4707
f 1044 4603 4706
f 4603 363 4708
f 4706 4708 1148
f 4603 4708 4706
f 363 4353 4708
f 4353 1147 4107
f 4708 4107 1148
f 4353 4107 4708
f 869 3531 2587
f 3531 1149 2531
f 2587 2531 377
f 3531 2531 2587
f 1150 2603 4709
f 2603 1149 3530
f 4709 3530 260
f 2603 3530 4709
f 878 3534 4113
f 3534 1150 4709
f 4113 4709 260
f 3534 4709 4113
f 380 1649 3533
f 1649 381 2604
f 3533 2604 1150
f 1649 2604 3533
f 437 2818 2313
f 2818 1151 2823
f 2313 2823 309
f 2818 2823 2313
f 757 3740 3133
f 3740 1151 2819
f 3133 2819 280
f 3740 2819 3133
f 559 3200 3196
f 3200 1152 2844
f 3196 2844 283
f 3200 2844 3196
f 555 1928 3187
f 1928 1152 3199
f 3187 3199 406
f 1928 3199 3187
f 333 3324 2413
f 3324 452 4710
f 2413 4710 1153
f 3324 4710 2413
f 609 3323 2416
f 3323 1153 4710
f 2416 4710 452
f 3323 4710 2416
f 358 2129 4711
f 2129 250 2923
f 4711 2923 1216
f 2129 2923 4711
f 179 2920 2918
f 2920 1154 2510
f 2918 2510 471
f 2920 2510 2918
f 1156 3445 4712
f 3445 1155 2127
f 4712 2127 358
f 3445 2127 4712
f 650 2482 2936
f 2482 1155 3444
f 2936 3444 475
f 2482 3444 2936
f 1156 4712 2931
f 4712 358 2933
f 2931 2933 474
f 4712 2933 2931
f 475 3446 1493
f 3446 1156 2938
f 1493 2938 646
f 3446 2938 1493
f 156 2539 1451
f 2539 1157 2970
f 1451 2970 155
f 2539 2970 1451
f 854 4035 2517
f 4035 1157 2538
f 2517 2538 478
f 4035 2538 2517
f 856 4037 4533
f 4037 1158 3497
f 4533 3497 362
f 4037 3497 4533
f 482 1473 4036
f 1473 483 2963
f 4036 2963 1158
f 1473 2963 4036
f 1147 4352 4707
f 4352 1159 2536
f 4707 2536 364
f 4352 2536 4707
f 868 4080 4082
f 4080 1159 4351
f 4082 4351 363
f 4080 4351 4082
f 861 4059 4062
f 4059 1160 3354
f 4062 3354 464
f 4059 3354 4062
f 157 2972 2971
f 2972 1160 4058
f 2971 4058 488
f 2972 4058 2971
f 865 4067 4361
f 4067 1161 4128
f 4361 4128 375
f 4067 4128 4361
f 495 1642 4066
f 1642 496 2993
f 4066 2993 1161
f 1642 2993 4066
f 868 4078 4081
f 4078 1162 3498
f 4081 3498 484
f 4078 3498 4081
f 151 3000 2999
f 3000 1162 4077
f 2999 4077 499
f 3000 4077 2999
f 148 2615 1665
f 2615 1163 3033
f 1665 3033 147
f 2615 3033 1665
f 879 4117 2598
f 4117 1163 2614
f 2598 2614 503
f 4117 2614 2598
f 148 2990 1670
f 2990 1164 3509
f 1670 3509 149
f 2990 3509 1670
f 885 4129 2621
f 4129 1164 2989
f 2621 2989 514
f 4129 2989 2621
f 537 3123 3092
f 3123 1165 3096
f 3092 3096 62
f 3123 3096 3092
f 1165 3122 4714
f 3122 533 4713
f 4714 4713 1187
f 3122 4713 4714
f 696 4715 4717
f 4715 1188 4716
f 4717 4716 1187
f 4715 4716 4717
f 801 3869 4718
f 3869 287 3870
f 4718 3870 1183
f 3869 3870 4718
f 1218 3236 4719
f 3236 570 4232
f 4719 4232 930
f 3236 4232 4719
f 285 2856 4720
f 2856 1167 3237
f 4720 3237 1218
f 2856 3237 4720
f 639 3429 3430
f 3429 1168 1288
f 3430 1288 340
f 3429 1288 3430
f 816 3916 3917
f 3916 1168 3428
f 3917 3428 628
f 3916 3428 3917
f 1220 4721 2446
f 4721 623 3377
f 2446 3377 638
f 4721 3377 2446
f 1170 4722 4724
f 4722 1221 4723
f 4724 4723 1169
f 4722 4723 4724
f 1221 4722 4725
f 4722 1170 3432
f 4725 3432 128
f 4722 3432 4725
f 1220 4726 4727
f 4726 1170 4724
f 4727 4724 1169
f 4726 4724 4727
f 658 3485 3439
f 3485 642 4728
f 3439 4728 1171
f 3485 4728 3439
f 467 3486 4345
f 3486 1171 4728
f 4345 4728 642
f 3486 4728 4345
f 870 1970 3011
f 1970 1173 3006
f 3011 3006 500
f 1970 3006 3011
f 170 3496 2961
f 3496 1172 4729
f 2961 4729 664
f 3496 4729 2961
f 980 4054 4049
f 4054 1173 1969
f 4049 1969 378
f 4054 1969 4049
f 1174 4044 4730
f 4044 1173 4053
f 4730 4053 858
f 4044 4053 4730
f 1174 4730 4051
f 4730 858 4527
f 4051 4527 859
f 4730 4527 4051
f 664 4729 4046
f 4729 1172 4045
f 4046 4045 1174
f 4729 4045 4046
f 1176 3080 3078
f 3080 1175 2646
f 3078 2646 525
f 3080 2646 3078
f 677 3524 3522
f 3524 1175 3082
f 3522 3082 679
f 3524 3082 3522
f 1177 3079 4731
f 3079 525 3073
f 4731 3073 391
f 3079 3073 4731
f 1176 3714 3525
f 3714 526 4383
f 3525 4383 986
f 3714 4383 3525
f 391 3083 4731
f 3083 742 4732
f 4731 4732 1177
f 3083 4732 4731
f 526 3715 3084
f 3715 1177 4732
f 3084 4732 742
f 3715 4732 3084
f 286 3247 3875
f 3247 1178 3572
f 3875 3572 412
f 3247 3572 3875
f 695 3583 3580
f 3583 1178 3249
f 3580 3249 698
f 3583 3249 3580
f 710 3616 3613
f 3616 1179 3624
f 3613 3624 711
f 3616 3624 3613
f 516 3673 3615
f 3673 714 3625
f 3615 3625 1179
f 3673 3625 3615
f 438 2817 1902
f 2817 305 4733
f 1902 4733 1180
f 2817 4733 1902
f 1180 4733 2330
f 4733 305 2327
f 2330 2327 308
f 4733 2327 2330
f 284 4119 3823
f 4119 880 4734
f 3823 4734 1181
f 4119 4734 3823
f 553 4118 2691
f 4118 1181 4734
f 2691 4734 880
f 4118 4734 2691
f 1029 2430 2879
f 2430 1182 3858
f 2879 3858 571
f 2430 3858 2879
f 930 2418 4735
f 2418 1182 2429
f 4735 2429 411
f 2418 2429 4735
f 1184 4736 4737
f 4736 1183 3256
f 4737 3256 576
f 4736 3256 4737
f 1185 4738 3578
f 4738 1166 4739
f 3578 4739 1186
f 4738 4739 3578
f 59 2079 3252
f 2079 1184 4737
f 3252 4737 576
f 2079 4737 3252
f 1184 2081 3253
f 2081 60 3873
f 3253 3873 1217
f 2081 3873 3253
f 801 4718 3579
f 4718 1183 4740
f 3579 4740 1185
f 4718 4740 3579
f 1184 3255 4736
f 3255 1185 4740
f 4736 4740 1183
f 3255 4740 4736
f 1187 4741 4742
f 4741 1186 4739
f 4742 4739 1166
f 4741 4739 4742
f 1188 4743 4716
f 4743 1186 4741
f 4716 4741 1187
f 4743 4741 4716
f 1165 4714 2076
f 4714 1187 4742
f 2076 4742 1166
f 4714 4742 2076
f 1187 4713 4744
f 4713 533 3110
f 4744 3110 1225
f 4713 3110 4744
f 698 3585 3577
f 3585 1188 4715
f 3577 4715 696
f 3585 4715 3577
f 286 3113 3584
f 3113 1186 4743
f 3584 4743 1188
f 3113 4743 3584
f 809 3895 2394
f 3895 1189 3329
f 2394 3329 606
f 3895 3329 2394
f 952 4310 3897
f 4310 1189 3894
f 3897 3894 608
f 4310 3894 3897
f 952 3896 4257
f 3896 1190 4745
f 4257 4745 812
f 3896 4745 4257
f 36 2348 2231
f 2348 812 4745
f 2231 4745 1190
f 2348 4745 2231
f 837 3983 2570
f 3983 1191 2908
f 2570 2908 103
f 3983 2908 2570
f 1192 2579 4746
f 2579 1191 3982
f 4746 3982 835
f 2579 3982 4746
f 835 3992 4746
f 3992 840 4747
f 4746 4747 1192
f 3992 4747 4746
f 1192 4747 3973
f 4747 840 4748
f 3973 4748 1224
f 4747 4748 3973
f 96 4145 3689
f 4145 1193 3680
f 3689 3680 893
f 4145 3680 3689
f 97 4697 4144
f 4697 894 4147
f 4144 4147 1193
f 4697 4147 4144
f 769 3790 3784
f 3790 1194 3786
f 3784 3786 770
f 3790 3786 3784
f 1088 3767 4612
f 3767 1194 4621
f 4612 4621 905
f 3767 4621 4612
f 1196 3902 4266
f 3902 39 4749
f 4266 4749 40
f 3902 4749 4266
f 943 4261 4283
f 4261 1195 4750
f 4283 4750 941
f 4261 4750 4283
f 1197 4265 4752
f 4265 40 4751
f 4752 4751 41
f 4265 4751 4752
f 941 4750 4753
f 4750 1195 3903
f 4753 3903 1196
f 4750 3903 4753
f 41 4754 4752
f 4754 1198 4755
f 4752 4755 1197
f 4754 4755 4752
f 1210 4756 4758
f 4756 1211 4757
f 4758 4757 1213
f 4756 4757 4758
f 935 4254 2277
f 4254 1198 4754
f 2277 4754 41
f 4254 4754 2277
f 1198 4253 4759
f 4253 804 3906
f 4759 3906 1213
f 4253 3906 4759
f 855 2953 4038
f 2953 1199 4334
f 4038 4334 481
f 2953 4334 4038
f 1200 4537 4760
f 4537 1199 2952
f 4760 2952 856
f 4537 2952 4760
f 1045 4339 4532
f 4339 1200 4760
f 4532 4760 856
f 4339 4760 4532
f 1200 4338 4042
f 4338 1046 4534
f 4042 4534 1047
f 4338 4534 4042
f 433 2793 1350
f 2793 1201 4358
f 1350 4358 432
f 2793 4358 1350
f 972 2440 4355
f 2440 1201 2803
f 4355 2803 253
f 2440 2803 4355
f 1202 3055 1886
f 3055 78 1575
f 1886 1575 242
f 3055 1575 1886
f 518 4380 4143
f 4380 1202 1533
f 4143 1533 984
f 4380 1533 4143
f 1030 1755 3332
f 1755 1203 2422
f 3332 2422 331
f 1755 2422 3332
f 334 4502 4761
f 4502 1203 1754
f 4761 1754 1032
f 4502 1754 4761
f 1032 2863 4761
f 2863 1204 2873
f 4761 2873 334
f 2863 2873 4761
f 456 4503 4493
f 4503 1204 2862
f 4493 2862 1033
f 4503 2862 4493
f 845 3987 4005
f 3987 1205 4009
f 4005 4009 844
f 3987 4009 4005
f 1086 4607 4609
f 4607 1205 4004
f 4609 4004 843
f 4607 4004 4609
f 1058 4555 4557
f 4555 1206 4558
f 4557 4558 1009
f 4555 4558 4557
f 1004 4559 4415
f 4559 1206 4556
f 4415 4556 1000
f 4559 4556 4415
f 1065 4762 4764
f 4762 1208 4763
f 4764 4763 1207
f 4762 4763 4764
f 1208 4765 4763
f 4765 1209 4267
f 4763 4267 1207
f 4765 4267 4763
f 1070 4587 4562
f 4587 1208 4762
f 4562 4762 1065
f 4587 4762 4562
f 1209 4765 4767
f 4765 1208 4766
f 4767 4766 944
f 4765 4766 4767
f 1210 4768 4769
f 4768 1209 4767
f 4769 4767 944
f 4768 4767 4769
f 1213 3905 4770
f 3905 1212 4268
f 4770 4268 1209
f 3905 4268 4770
f 945 4276 4291
f 4276 1210 4769
f 4291 4769 944
f 4276 4769 4291
f 1211 4756 4771
f 4756 1210 4275
f 4771 4275 941
f 4756 4275 4771
f 1196 3880 4753
f 3880 1211 4771
f 4753 4771 941
f 3880 4771 4753
f 1197 4755 4772
f 4755 1198 4759
f 4772 4759 1213
f 4755 4759 4772
f 936 3300 4255
f 3300 1212 3907
f 4255 3907 804
f 3300 3907 4255
f 1207 4269 4579
f 4269 1212 3302
f 4579 3302 595
f 4269 3302 4579
f 1210 4758 4768
f 4758 1213 4770
f 4768 4770 1209
f 4758 4770 4768
f 1213 4757 4772
f 4757 1211 3879
f 4772 3879 1197
f 4757 3879 4772
f 1208 4586 4766
f 4586 1214 4292
f 4766 4292 944
f 4586 4292 4766
f 946 4585 4632
f 4585 1214 4588
f 4632 4588 1070
f 4585 4588 4632
f 1079 4545 4594
f 4545 1215 4648
f 4594 4648 957
f 4545 4648 4594
f 1087 3603 4013
f 3603 1215 4544
f 4013 4544 1051
f 3603 4544 4013
f 471 2509 1830
f 2509 1216 4702
f 1830 4702 473
f 2509 4702 1830
f 358 4711 2934
f 4711 1216 2508
f 2934 2508 1154
f 4711 2508 2934
f 1165 2075 3097
f 2075 1217 3872
f 3097 3872 61
f 2075 3872 3097
f 1217 2074 3254
f 2074 1166 4738
f 3254 4738 1185
f 2074 4738 3254
f 411 4231 4735
f 4231 1218 4719
f 4735 4719 930
f 4231 4719 4735
f 285 4720 3297
f 4720 1218 4230
f 3297 4230 931
f 4720 4230 3297
f 1220 4773 4721
f 4773 1219 3392
f 4721 3392 623
f 4773 3392 4721
f 1222 3381 4775
f 3381 1219 4774
f 4775 4774 1169
f 3381 4774 4775
f 1170 4726 2437
f 4726 1220 2445
f 2437 2445 639
f 4726 2445 2437
f 1219 4773 4774
f 4773 1220 4727
f 4774 4727 1169
f 4773 4727 4774
f 128 4776 4725
f 4776 129 2802
f 4725 2802 1221
f 4776 2802 4725
f 129 2809 2800
f 2809 434 4777
f 2800 4777 1223
f 2809 4777 2800
f 633 3379 4357
f 3379 1222 2806
f 4357 2806 432
f 3379 2806 4357
f 1169 4723 4775
f 4723 1221 4778
f 4775 4778 1222
f 4723 4778 4775
f 432 2805 1351
f 2805 1223 4777
f 1351 4777 434
f 2805 4777 1351
f 1221 2801 4778
f 2801 1223 2804
f 4778 2804 1222
f 2801 2804 4778
f 956 3990 4317
f 3990 1224 4748
f 4317 4748 840
f 3990 4748 4317
f 1224 4316 2994
f 4316 376 2997
f 2994 2997 497
f 4316 2997 2994
f 699 3582 3586
f 3582 1225 3104
f 3586 3104 530
f 3582 3104 3586
f 1187 4744 4717
f 4744 1225 3581
f 4717 3581 696
f 4744 3581 4717
f 1096 4626 4664
f 4626 1226 3816
f 4664 3816 398
f 4626 3816 4664
f 774 3155 3776
f 3155 1226 4627
f 3776 4627 771
f 3155 4627 3776
f 1229 4779 3752
f 4779 396 3747
f 3752 3747 900
f 4779 3747 3752
f 901 4389 4780
f 4389 773 4164
f 4780 4164 1228
f 4389 4164 4780
f 762 3803 4178
f 3803 1228 4166
f 4178 4166 908
f 3803 4166 4178
f 901 4780 4781
f 4780 1228 3802
f 4781 3802 1227
f 4780 3802 4781
f 901 4781 4162
f 4781 1227 4782
f 4162 4782 1229
f 4781 4782 4162
f 396 4779 4169
f 4779 1229 4782
f 4169 4782 1227
f 4779 4782 4169
f 1040 4521 4504
f 4521 1230 4305
f 4504 4305 951
f 4521 4305 4504
f 1035 4299 4506
f 4299 1230 4522
f 4506 4522 1034
f 4299 4522 4506
f 1067 4572 4280
f 4572 1231 4783
f 4280 4783 808
f 4572 4783 4280
f 1207 4279 4764
f 4279 1231 4574
f 4764 4574 1065
f 4279 4574 4764
f 1232 4263 2721
f 4263 807 3883
f 2721 3883 596
f 4263 3883 2721
f 808 4783 4582
f 4783 1231 3289
f 4582 3289 1232
f 4783 3289 4582
