# Rhino

v 0 0 0
v 1.0363749265670776 0 0.02173362672328949
v 2.0651755332946777 0 0.073705665767192841
v 3.0450000762939453 0 0.15653163194656372
v 4.0930848121643066 0 0.28032886981964111
v 5.0940670967102051 0 0.43250274658203125
v 6.0450000762939453 0 0.60778236389160156
v 7.0536885261535645 0 0.82641643285751343
v 8.0087089538574219 0 1.0644508600234985
v 8.9468555450439453 0 1.3276687860488892
v 9.86651611328125 0 1.6139726638793945
v 10.732500076293945 0 1.909153938293457
v 11.64906120300293 0 2.2486109733581543
v 12.512629508972168 0 2.593879222869873
v 13.358159065246582 0 2.955848217010498
v 14.185900688171387 0 3.3331210613250732
v 15 0 3.7262935638427734
v 15.795000076293945 0 4.1314101219177246
v 16.545000076293945 0 4.5327701568603516
v 17.295000076293945 0 4.9527463912963867
v 18.045000076293945 0 5.3913383483886719
v 18.795000076293945 0 5.848546028137207
v 19.5 0 6.295295238494873
v 20.25 0 6.7886180877685547
v 20.911233901977539 0 7.2389955520629883
v 21.588308334350586 0 7.7151556015014648
v 22.253482818603516 0 8.1977224349975586
v 22.907316207885742 0 8.6863307952880859
v 23.550344467163086 0 9.1806640625
v 24.182626724243164 0 9.6800813674926758
v 24.795000076293945 0 10.176383018493652
v 25.415836334228516 0 10.692214012145996
v 26.017845153808594 0 11.204583168029785
v 26.611316680908203 0 11.721427917480469
v 27.196359634399414 0 12.242340087890625
v 27.75 0 12.745723724365234
v 28.324554443359375 0 13.279309272766113
v 28.880453109741211 0 13.805861473083496
v 29.438085556030273 0 14.343969345092773
v 30 0 14.892764091491699
v 0 0 0
v 1.0333722829818726 0.035423815250396729 0.021401010453701019
v 2.0591921806335449 0.070588730275630951 0.072577662765979767
v 3.0361778736114502 0.10407962650060654 0.1541360467672348
v 4.0812258720397949 0.13990369439125061 0.27603867650032043
v 5.079308032989502 0.17411775887012482 0.42588362097740173
v 6.0274858474731445 0.20662112534046173 0.59848076105117798
v 7.0332522392272949 0.24109861254692078 0.81376880407333374
v 7.9855060577392578 0.27374169230461121 1.048160195350647
v 8.920933723449707 0.30580797791481018 1.3073498010635376
v 9.8379306793212891 0.33724245429039001 1.5892720222473145
v 10.70140552520752 0.36684221029281616 1.8799359798431396
v 11.615310668945313 0.39817073941230774 2.2141976356506348
v 12.476376533508301 0.42768791317939758 2.5541818141937256
v 13.319457054138184 0.45658856630325317 2.9106113910675049
v 14.144800186157227 0.48488116264343262 3.2821102142333984
v 14.956541061401367 0.51270753145217896 3.6692657470703125
v 15.749238014221191 0.53988099098205566 4.0681824684143066
v 16.497064590454102 0.56551635265350342 4.4633998870849609
v 17.244892120361328 0.59115177392959595 4.876948356628418
v 17.992719650268555 0.6167871356010437 5.3088278770446777
v 18.740545272827148 0.64242249727249146 5.7590389251708984
v 19.443502426147461 0.66651976108551025 6.198951244354248
v 20.191329956054688 0.69215512275695801 6.6847238540649414
v 20.850648880004883 0.71475642919540405 7.1282086372375488
v 21.525760650634766 0.73789918422698975 7.597081184387207
v 22.189008712768555 0.76063519716262817 8.0722627639770508
v 22.840948104858398 0.78298354148864746 8.5533933639526367
v 23.482112884521484 0.80496251583099365 9.0401611328125
v 24.112564086914063 0.82657432556152344 9.5319347381591797
v 24.723161697387695 0.84750550985336304 10.020642280578613
v 25.342199325561523 0.86872601509094238 10.52857780456543
v 25.942464828491211 0.88930296897888184 11.033105850219727
v 26.534215927124023 0.90958809852600098 11.542040824890137
v 27.117565155029297 0.92958515882492065 12.054980278015137
v 27.669601440429688 0.9485088586807251 12.550661087036133
v 28.242490768432617 0.96814745664596558 13.076080322265625
v 28.796779632568359 0.98714834451675415 13.594573974609375
v 29.35279655456543 1.0062085390090942 14.124446868896484
v 29.913082122802734 1.0254150629043579 14.66484260559082
v 0 0 0
v 1.0299890041351318 0.069885827600955963 0.021028120070695877
v 2.0524501800537109 0.13926087319850922 0.071313068270683289
v 3.0262372493743896 0.20533333718776703 0.15145038068294525
v 4.067863941192627 0.27600878477096558 0.27122896909713745
v 5.062678337097168 0.34350797533988953 0.41846305131912231
v 6.0077519416809082 0.40763220191001892 0.58805286884307861
v 7.0102252960205078 0.47565105557441711 0.79958969354629517
v 7.9593615531921387 0.5400509238243103 1.0298970937728882
v 8.8917264938354492 0.60331284999847412 1.284570574760437
v 9.8057212829589844 0.66532832384109497 1.5615806579589844
v 10.66636848449707 0.72372418642044067 1.8471800088882446
v 11.577281951904297 0.78553056716918945 2.1756176948547363
v 12.435528755187988 0.84376353025436401 2.5096778869628906
v 13.275849342346191 0.90078014135360718 2.8598968982696533
v 14.098489761352539 0.95659714937210083 3.2249228954315186
v 14.907572746276855 1.0114942789077759 3.605332612991333
v 15.697674751281738 1.0651035308837891 3.9972984790802002
v 16.443052291870117 1.1156781911849976 4.3856296539306641
v 17.188430786132813 1.1662528514862061 4.7919726371765137
v 17.933811187744141 1.2168276309967041 5.2163271903991699
v 18.679189682006836 1.2674022912979126 5.6586933135986328
v 19.379844665527344 1.3149425983428955 6.0909404754638672
v 20.125223159790039 1.365517258644104 6.5682497024536133
v 20.782382965087891 1.4101063013076782 7.0040068626403809
v 21.455286026000977 1.4557633399963379 7.4647102355957031
v 22.116361618041992 1.5006181001663208 7.9316120147705078
v 22.766166687011719 1.5447080135345459 8.4043598175048828
v 23.405231475830078 1.5880692005157471 8.8826456069946289
v 24.033618927001953 1.6307059526443481 9.3658514022827148
v 24.642217636108398 1.6720000505447388 9.8460426330566406
v 25.25922966003418 1.713864803314209 10.345129013061523
v 25.857528686523438 1.7544600963592529 10.840866088867188
v 26.447343826293945 1.7944796085357666 11.34093189239502
v 27.028781890869141 1.8339308500289917 11.844935417175293
v 27.579010009765625 1.8712644577026367 12.331978797912598
v 28.1500244140625 1.9100083112716675 12.84824275970459
v 28.702497482299805 1.9474942684173584 13.35770320892334
v 29.256694793701172 1.9850970506668091 13.878342628479004
v 29.815145492553711 2.0229885578155518 14.409322738647461
v 0 0 0
v 1.0260463953018188 0.10446904599666595 0.020595703274011612
v 2.0445938110351563 0.20817457139492035 0.069846607744693756
v 3.0146534442901611 0.30694320797920227 0.14833599328994751
v 4.0522928237915039 0.41259261965751648 0.26565149426460266
v 5.0432991981506348 0.51349401473999023 0.40985789895057678
v 5.9847550392150879 0.60935032367706299 0.57596027851104736
v 6.983391284942627 0.71102851629257202 0.78314715623855591
v 7.92889404296875 0.80729687213897705 1.0087186098098755
v 8.8576908111572266 0.90186417102813721 1.2581549882888794
v 9.7681865692138672 0.99456816911697388 1.5294687747955322
v 10.625539779663086 1.0818613767623901 1.8091950416564941
v 11.532965660095215 1.1742528676986694 2.1308786869049072
v 12.387928009033203 1.2613025903701782 2.4580695629119873
v 13.225030899047852 1.3465340137481689 2.8010869026184082
v 14.044523239135742 1.4299722909927368 3.1586062908172607
v 14.850509643554688 1.5120354890823364 3.5311934947967529
v 15.63758659362793 1.5921733379364014 3.9150991439819336
v 16.380111694335938 1.6677751541137695 4.2954449653625488
v 17.122636795043945 1.7433768510818481 4.6934318542480469
v 17.865161895751953 1.8189786672592163 5.1090602874755859
v 18.607688903808594 1.8945804834365845 5.5423297882080078
v 19.305662155151367 1.9656461477279663 5.9656882286071777
v 20.048187255859375 2.0412478446960449 6.4331817626953125
v 20.702831268310547 2.1079018115997314 6.859978199005127
v 21.373157501220703 2.1761524677276611 7.3112077713012695
v 22.031703948974609 2.2432036399841309 7.7685084342956543
v 22.679021835327148 2.3091115951538086 8.2315349578857422
v 23.315639495849609 2.3739304542541504 8.6999855041503906
v 23.941621780395508 2.4376659393310547 9.1732540130615234
v 24.547891616821289 2.4993946552276611 9.6435708999633789
v 25.162540435791016 2.561976432800293 10.132393836975098
v 25.758548736572266 2.6226601600646973 10.617937088012695
v 26.346107482910156 2.6824836730957031 11.107720375061035
v 26.925319671630859 2.741457462310791 11.601359367370605
v 27.473442077636719 2.7972655296325684 12.078387260437012
v 28.042270660400391 2.8551821708679199 12.58403491973877
v 28.592630386352539 2.9112179279327393 13.08301830291748
v 29.144704818725586 2.9674286842346191 13.592952728271484
v 29.701019287109375 3.0240709781646729 14.11301326751709
v 0 0 0
v 1.0217812061309814 0.13668277859687805 0.020130118355154991
v 2.0360946655273438 0.27236658334732056 0.068267658352851868
v 3.0021216869354248 0.40159118175506592 0.1449827253818512
v 4.0354475975036621 0.53981834650039673 0.2596462070941925
v 5.0223345756530762 0.671833336353302 0.40059268474578857
v 5.9598770141601563 0.79724752902984619 0.56294018030166626
v 6.9543619155883789 0.93027889728546143 0.76544344425201416
v 7.8959341049194336 1.056232213973999 0.98591560125350952
v 8.8208694458007813 1.1799600124359131 1.2297133207321167
v 9.7275800704956055 1.3012499809265137 1.4948936700820923
v 10.581369400024414 1.4154605865478516 1.7682965993881226
v 11.485024452209473 1.536341667175293 2.0827083587646484
v 12.336431503295898 1.6502337455749512 2.4025027751922607
v 13.170055389404297 1.7617467641830444 2.7377657890319824
v 13.986141204833984 1.8709138631820679 3.0872032642364502
v 14.788776397705078 1.9782817363739014 3.4513676166534424
v 15.57258129119873 2.0831305980682373 3.8265948295593262
v 16.312021255493164 2.1820447444915771 4.1983423233032227
v 17.051458358764648 2.280958890914917 4.5873327255249023
v 17.790897369384766 2.3798727989196777 4.9935650825500488
v 18.530336380004883 2.4787869453430176 5.4170403480529785
v 19.225408554077148 2.5717661380767822 5.8308286666870117
v 19.964847564697266 2.6706802845001221 6.2877540588378906
v 20.616771697998047 2.7578873634338379 6.704902172088623
v 21.284311294555664 2.8471837043762207 7.1459312438964844
v 21.940118789672852 2.9349105358123779 7.5928940773010254
v 22.584745407104492 3.021141529083252 8.0454530715942383
v 23.218717575073242 3.105947732925415 8.5033149719238281
v 23.842098236083984 3.1893365383148193 8.9658842086791992
v 24.445846557617188 3.2700996398925781 9.4255695343017578
v 25.057941436767578 3.3519787788391113 9.9033422470092773
v 25.651472091674805 3.4313750267028809 10.377908706665039
v 26.236587524414063 3.5096454620361328 10.856620788574219
v 26.813392639160156 3.5868041515350342 11.339099884033203
v 27.359235763549805 3.6598210334777832 11.805344581604004
v 27.925701141357422 3.7355966567993164 12.299561500549316
v 28.473772048950195 3.8089115619659424 12.787264823913574
v 29.023551940917969 3.8824551105499268 13.285671234130859
v 29.577552795410156 3.9565634727478027 13.793975830078125
v 0 0 0
v 1.0166969299316406 0.16967113316059113 0.019577778875827789
v 2.025963306427002 0.33810222148895264 0.066394500434398651
v 2.9871835708618164 0.49851512908935547 0.14100462198257446
v 4.0153679847717285 0.67010337114334106 0.25252190232276917
v 4.9973444938659668 0.83398014307022095 0.38960102200508118
v 5.9302215576171875 0.98966306447982788 0.54749393463134766
v 6.9197578430175781 1.1548014879226685 0.74444079399108887
v 7.8566451072692871 1.3111536502838135 0.95886355638504028
v 8.7769784927368164 1.4647431373596191 1.1959718465805054
v 9.6791772842407227 1.6153063774108887 1.4538760185241699
v 10.528717994689941 1.7570817470550537 1.7197772264480591
v 11.427876472473145 1.907137393951416 2.025562047958374
v 12.275047302246094 2.0485172271728516 2.3365817070007324
v 13.104523658752441 2.1869440078735352 2.6626455783843994
v 13.916547775268555 2.3224585056304932 3.0024950504302979
v 14.715189933776855 2.4557397365570068 3.3566672801971436
v 15.495095252990723 2.5858938694000244 3.7215988636016846
v 16.230854034423828 2.7086808681488037 4.0831460952758789
v 16.96661376953125 2.831467866897583 4.4614629745483398
v 17.702373504638672 2.9542548656463623 4.8565492630004883
v 18.438133239746094 3.0770418643951416 5.2684049606323242
v 19.12974739074707 3.1924614906311035 5.6708393096923828
v 19.865507125854492 3.3152484893798828 6.115227222442627
v 20.514184951782227 3.4235031604766846 6.5209298133850098
v 21.178403854370117 3.5343508720397949 6.9498577117919922
v 21.830949783325195 3.6432507038116455 7.384556770324707
v 22.472368240356445 3.7502937316894531 7.8246984481811523
v 23.103185653686523 3.855567455291748 8.2699966430664063
v 23.72346305847168 3.9590823650360107 8.719874382019043
v 24.324209213256836 4.0593376159667969 9.1669464111328125
v 24.933256149291992 4.1609783172607422 9.6316099166870117
v 25.523834228515625 4.2595367431640625 10.093154907226563
v 26.106039047241211 4.3566975593566895 10.558731079101563
v 26.679973602294922 4.4524784088134766 11.027972221374512
v 27.223100662231445 4.5431184768676758 11.481423377990723
v 27.786746978759766 4.6371822357177734 11.962080001831055
v 28.332090377807617 4.7281913757324219 12.436402320861816
v 28.879135131835938 4.8194851875305176 12.921133041381836
v 29.430379867553711 4.9114794731140137 13.41549015045166
v 0 0 0
v 1.0109132528305054 0.20175085961818695 0.018952591344714165
v 2.0144381523132324 0.40202721953392029 0.064274288713932037
v 2.9701902866363525 0.59276938438415527 0.13650184869766235
v 3.992525577545166 0.79679983854293823 0.24445798993110657
v 4.9689154624938965 0.99166083335876465 0.37715968489646912
v 5.8964858055114746 1.1767786741256714 0.53001052141189575
v 6.8803930282592773 1.3731398582458496 0.72066819667816162
v 7.81195068359375 1.5590535402297974 0.92824369668960571
v 8.7270479202270508 1.7416821718215942 1.1577802896499634
v 9.624114990234375 1.9207123517990112 1.4074486494064331
v 10.468823432922363 2.0892932415008545 1.6648585796356201
v 11.362866401672363 2.2677199840545654 1.9608786106109619
v 12.205217361450195 2.4358305931091309 2.2619664669036865
v 13.029974937438965 2.6004295349121094 2.577617883682251
v 13.837380409240723 2.7615659236907959 2.9066147804260254
v 14.631478309631348 2.920046329498291 3.2494771480560303
v 15.406947135925293 3.0748088359832764 3.602755069732666
v 16.138521194458008 3.220811128616333 3.9527571201324463
v 16.870094299316406 3.3668134212493896 4.3189926147460938
v 17.601669311523438 3.5128157138824463 4.7014627456665039
v 18.333242416381836 3.6588180065155029 5.100165843963623
v 19.02092170715332 3.79606032371521 5.4897494316101074
v 19.752496719360352 3.9420626163482666 5.9199466705322266
v 20.397485733032227 4.0707850456237793 6.3126935958862305
v 21.057924270629883 4.2025904655456543 6.7279243469238281
v 21.706758499145508 4.3320803642272949 7.1487417221069336
v 22.344528198242188 4.4593615531921387 7.5748281478881836
v 22.971757888793945 4.5845398902893066 8.0059061050415039
v 23.588506698608398 4.7076263427734375 8.4414176940917969
v 24.185834884643555 4.8268365859985352 8.8742132186889648
v 24.791418075561523 4.9476947784423828 9.3240385055541992
v 25.378635406494141 5.064887523651123 9.7708444595336914
v 25.957527160644531 5.1804184913635254 10.221553802490234
v 26.528196334838867 5.2943086624145508 10.675809860229492
v 27.068235397338867 5.4020857810974121 11.114781379699707
v 27.62867546081543 5.5139341354370117 11.58008861541748
v 28.170915603637695 5.6221508979797363 12.039263725280762
v 28.714849472045898 5.7307052612304688 12.508515357971191
v 29.262956619262695 5.840092658996582 12.987086296081543
v 0 0 0
v 1.0043896436691284 0.23273195326328278 0.018251145258545876
v 2.0014386177062988 0.46376296877861023 0.061895463615655899
v 2.9510231018066406 0.6837957501411438 0.13144984841346741
v 3.9667611122131348 0.91915732622146606 0.23541046679019928
v 4.9368505477905273 1.1439414024353027 0.36320081353187561
v 5.8584346771240234 1.3574861288070679 0.51039457321166992
v 6.8359928131103516 1.5840007066726685 0.6939958930015564
v 7.7615389823913574 1.7984634637832642 0.89388889074325562
v 8.6707305908203125 2.0091369152069092 1.1149301528930664
v 9.5620088577270508 2.2156591415405273 1.3553582429885864
v 10.401266098022461 2.4101274013519287 1.6032413244247437
v 11.289539337158203 2.6159534454345703 1.8883055448532104
v 12.126455307006836 2.8098793029785156 2.1782498359680176
v 12.945890426635742 2.9997544288635254 2.4822189807891846
v 13.748085021972656 3.1856348514556885 2.799039363861084
v 14.53705883026123 3.3684518337249756 3.1292123794555664
v 15.307523727416992 3.5469799041748047 3.4694151878356934
v 16.03437614440918 3.715402364730835 3.8064634799957275
v 16.761228561401367 3.8838250637054443 4.1591448783874512
v 17.488082885742188 4.0522475242614746 4.5274591445922852
v 18.214935302734375 4.220670223236084 4.9114065170288086
v 18.898176193237305 4.3789873123168945 5.2865710258483887
v 19.625030517578125 4.5474100112915039 5.7008461952209473
v 20.26585578918457 4.6958990097045898 6.0790576934814453
v 20.922033309936523 4.8479452133178711 6.4789204597473145
v 21.566680908203125 4.997319221496582 6.8841629028320313
v 22.200334548950195 5.1441464424133301 7.2944798469543457
v 22.823516845703125 5.2885465621948242 7.7096037864685059
v 23.436285018920898 5.4305343627929688 8.1289968490600586
v 24.029758453369141 5.5680508613586426 8.5457744598388672
v 24.631433486938477 5.7074680328369141 8.9789505004882813
v 25.214862823486328 5.8426570892333984 9.4092206954956055
v 25.790019989013672 5.9759292602539063 9.8432483673095703
v 26.357006072998047 6.1073088645935059 10.280693054199219
v 26.893560409545898 6.2316360473632813 10.70341682434082
v 27.450382232666016 6.3606600761413574 11.151503562927246
v 27.989124298095703 6.4854946136474609 11.593684196472168
v 28.529546737670898 6.6107187271118164 12.045568466186523
v 29.074117660522461 6.7369036674499512 12.506426811218262
v 0 0 0
v 0.99682760238647461 0.26363876461982727 0.017442740499973297
v 1.9863698482513428 0.52535074949264526 0.059153903275728226
v 2.928804874420166 0.77460390329360962 0.12562748789787292
v 3.9368956089019775 1.0412214994430542 0.2249833345413208
v 4.8996810913085938 1.2958568334579468 0.34711340069770813
v 5.8143272399902344 1.5377603769302368 0.48778745532035828
v 6.7845249176025391 1.7943562269210815 0.66325640678405762
v 7.7031025886535645 2.037299633026123 0.85429549217224121
v 8.6054496765136719 2.2759504318237305 1.0655461549758911
v 9.4900169372558594 2.5098989009857178 1.2953248023986816
v 10.322955131530762 2.7301924228668213 1.5322283506393433
v 11.204541206359863 2.9633524417877197 1.8046659231185913
v 12.03515625 3.1830315589904785 2.0817675590515137
v 12.848421096801758 3.3981220722198486 2.3722729682922363
v 13.644576072692871 3.6086876392364502 2.675060510635376
v 14.427610397338867 3.8157825469970703 2.9906086921691895
v 15.19227409362793 4.0180191993713379 3.3157429695129395
v 15.913654327392578 4.208808422088623 3.6378622055053711
v 16.635034561157227 4.39959716796875 3.9749219417572021
v 17.356414794921875 4.5903863906860352 4.3269224166870117
v 18.077795028686523 4.7811756134033203 4.6938633918762207
v 18.755893707275391 4.960517406463623 5.0524106025695801
v 19.477273941040039 5.1513066291809082 5.448336124420166
v 20.113275527954102 5.3195152282714844 5.8097953796386719
v 20.76451301574707 5.4917526245117188 6.1919469833374023
v 21.404306411743164 5.6609635353088379 6.5792398452758789
v 22.03318977355957 5.8272895812988281 6.9713821411132813
v 22.651679992675781 5.9908661842346191 7.3681187629699707
v 23.259836196899414 6.151710033416748 7.7689356803894043
v 23.848840713500977 6.3074889183044434 8.1672525405883789
v 24.445985794067383 6.4654202461242676 8.581242561340332
v 25.025022506713867 6.6185626983642578 8.9924545288085938
v 25.595848083496094 6.769533634185791 9.407257080078125
v 26.158565521240234 6.9183597564697266 9.8253259658813477
v 26.691080093383789 7.0591979026794434 10.229326248168945
v 27.243709564208984 7.2053565979003906 10.657565116882324
v 27.77839469909668 7.346768856048584 11.080160140991211
v 28.314748764038086 7.4886226654052734 11.512029647827148
v 28.855220794677734 7.6315650939941406 11.952474594116211
v 0 0 0
v 0.98905658721923828 0.29152590036392212 0.016617156565189362
v 1.9708845615386963 0.58092111349105835 0.056354086846113205
v 2.9059727191925049 0.85653972625732422 0.11968139559030533
v 3.9062044620513916 1.1513595581054688 0.214334636926651
v 4.8614845275878906 1.4329296350479126 0.33068415522575378
v 5.7690000534057617 1.7004212141036987 0.46469995379447937
v 6.7316341400146484 1.9841591119766235 0.63186377286911011
v 7.6430511474609375 2.252800464630127 0.81386077404022217
v 8.5383634567260742 2.5166952610015869 1.0151126384735107
v 9.4160346984863281 2.7753901481628418 1.2340157032012939
v 10.242480278015137 3.0189859867095947 1.4597063064575195
v 11.117193222045898 3.2768089771270752 1.7192492485046387
v 11.941332817077637 3.5197253227233887 1.9832353591918945
v 12.748257637023926 3.7575678825378418 2.2599906921386719
v 13.538206100463867 3.9904062747955322 2.5484468936920166
v 14.315135955810547 4.2194075584411621 2.84906005859375
v 15.073838233947754 4.4430360794067383 3.1588053703308105
v 15.789595603942871 4.6540064811706543 3.4656782150268555
v 16.505352020263672 4.8649768829345703 3.7867846488952637
v 17.221109390258789 5.0759472846984863 4.1221246719360352
v 17.936864852905273 5.2869176864624023 4.4716978073120117
v 18.609676361083984 5.4852299690246582 4.8132748603820801
v 19.325433731079102 5.696199893951416 5.1904606819152832
v 19.956478118896484 5.8822011947631836 5.5348114967346191
v 20.602638244628906 6.0726580619812012 5.8988752365112305
v 21.237442016601563 6.2597675323486328 6.2678375244140625
v 21.861423492431641 6.4436869621276855 6.6414194107055664
v 22.475091934204102 6.6245665550231934 7.0193781852722168
v 23.078506469726563 6.8024239540100098 7.4012236595153809
v 23.662919998168945 6.9746804237365723 7.7806878089904785
v 24.255411148071289 7.149317741394043 8.1750831604003906
v 24.829933166503906 7.3186593055725098 8.5668315887451172
v 25.396308898925781 7.4855995178222656 8.9620018005371094
v 25.954639434814453 7.6501684188842773 9.3602828979492188
v 26.483001708984375 7.8059039115905762 9.7451610565185547
v 27.03132438659668 7.9675226211547852 10.153131484985352
v 27.56184196472168 8.1238937377929688 10.555724143981934
v 28.094013214111328 8.2807521820068359 10.96715259552002
v 28.630271911621094 8.4388151168823242 11.386751174926758
v 0 0 0
v 0.98118430376052856 0.31723502278327942 0.015786271542310715
v 1.9551974534988403 0.63215154409408569 0.053536292165517807
v 2.8828427791595459 0.93207639455795288 0.11369713395833969
v 3.8751134872436523 1.2528958320617676 0.20361755788326263
v 4.8227896690368652 1.5592972040176392 0.314149409532547
v 5.7230820655822754 1.8503782749176025 0.44146421551704407
v 6.6780543327331543 2.1591386795043945 0.600269615650177
v 7.582216739654541 2.4514710903167725 0.77316641807556152
v 8.4704036712646484 2.738638162612915 0.96435540914535522
v 9.3410892486572266 3.0201468467712402 1.1723129749298096
v 10.160956382751465 3.2852249145507813 1.3867186307907104
v 11.028706550598145 3.5657849311828613 1.6332839727401733
v 11.846286773681641 3.8301236629486084 1.8840703964233398
v 12.64678955078125 4.0889410972595215 2.1469876766204834
v 13.430450439453125 4.342313289642334 2.4210205078125
v 14.201196670532227 4.5915093421936035 2.7066025733947754
v 14.953859329223633 4.8348593711853027 3.0008599758148193
v 15.663919448852539 5.0644350051879883 3.2923886775970459
v 16.373979568481445 5.2940101623535156 3.5974392890930176
v 17.084039688110352 5.5235857963562012 3.9160115718841553
v 17.794099807739258 5.7531614303588867 4.248105525970459
v 18.461555480957031 5.9689621925354004 4.5726032257080078
v 19.171615600585938 6.1985378265380859 4.9309291839599609
v 19.797636032104492 6.4009418487548828 5.2580618858337402
v 20.438653945922852 6.6081948280334473 5.6039218902587891
v 21.068405151367188 6.811805248260498 5.9544353485107422
v 21.687419891357422 7.0119438171386719 6.3093376159667969
v 22.29620361328125 7.2087750434875488 6.6683979034423828
v 22.894815444946289 7.4023175239562988 7.0311503410339355
v 23.474576950073242 7.5897650718688965 7.3916406631469727
v 24.062351226806641 7.7798032760620117 7.7663154602050781
v 24.632301330566406 7.964078426361084 8.1384763717651367
v 25.194168090820313 8.1457405090332031 8.5138874053955078
v 25.748056411743164 8.3248224258422852 8.8922529220581055
v 26.272212982177734 8.4942922592163086 9.2578878402709961
v 26.816171646118164 8.6701641082763672 9.6454582214355469
v 27.342466354370117 8.8403253555297852 10.027921676635742
v 27.870403289794922 9.011016845703125 10.418777465820313
v 28.402393341064453 9.183018684387207 10.817395210266113
v 0 0 0
v 0.97193229198455811 0.34516793489456177 0.014817394316196442
v 1.9367611408233643 0.6878131628036499 0.050250515341758728
v 2.8556592464447021 1.0141468048095703 0.106719009578228
v 3.8385734558105469 1.3632147312164307 0.19112059473991394
v 4.7773137092590332 1.6965950727462769 0.2948685884475708
v 5.6691169738769531 2.0133061408996582 0.41436949372291565
v 6.6150846481323242 2.3492531776428223 0.56342822313308716
v 7.5107212066650391 2.6673257350921631 0.72571361064910889
v 8.3905324935913086 2.9797782897949219 0.90516841411590576
v 9.2530078887939453 3.286074161529541 1.1003626585006714
v 10.065144538879395 3.5744926929473877 1.3016092777252197
v 10.924713134765625 3.8797564506530762 1.5330417156219482
v 11.734583854675293 4.1673703193664551 1.7684361934661865
v 12.527538299560547 4.448976993560791 2.0152168273925781
v 13.30380916595459 4.7246584892272949 2.2724311351776123
v 14.067287445068359 4.9957971572875977 2.5404856204986572
v 14.812853813171387 5.2605743408203125 2.8166830539703369
v 15.516218185424805 5.5103640556335449 3.0903193950653076
v 16.219581604003906 5.7601537704467773 3.3766477108001709
v 16.922946929931641 6.009943962097168 3.6756675243377686
v 17.626310348510742 6.2597336769104004 3.9873795509338379
v 18.287473678588867 6.4945359230041504 4.2919611930847168
v 18.990839004516602 6.744326114654541 4.6282949447631836
v 19.610956192016602 6.9645519256591797 4.9353499412536621
v 20.245929718017578 7.1900534629821777 5.2599830627441406
v 20.869743347167969 7.4115924835205078 5.5889840126037598
v 21.482919692993164 7.6293535232543945 5.9221038818359375
v 22.085964202880859 7.8435158729553223 6.259127140045166
v 22.678932189941406 8.0541000366210938 6.5996155738830566
v 23.253225326538086 8.2580528259277344 6.937981128692627
v 23.835458755493164 8.4648237228393555 7.2896604537963867
v 24.400033950805664 8.6653251647949219 7.6389799118041992
v 24.95660400390625 8.8629827499389648 7.9913501739501953
v 25.505268096923828 9.0578327178955078 8.3464937210083008
v 26.024482727050781 9.2422246932983398 8.6896877288818359
v 26.563310623168945 9.4335813522338867 9.053471565246582
v 27.08464241027832 9.6187257766723633 9.4124612808227539
v 27.607601165771484 9.8044471740722656 9.7793283462524414
v 28.134574890136719 9.9915943145751953 10.153481483459473
v 0 0 0
v 0.9626842737197876 0.37087023258209229 0.01385800912976265
v 1.9183326959609985 0.73902994394302368 0.046996932476758957
v 2.8284876346588135 1.0896633863449097 0.099809244275093079
v 3.8020491600036621 1.464724063873291 0.1787460595369339
v 4.7318572998046875 1.8229289054870605 0.27577665448188782
v 5.6151747703552246 2.1632235050201416 0.38754019141197205
v 6.5521416664123535 2.5241861343383789 0.52694779634475708
v 7.4392561912536621 2.865943431854248 0.67872560024261475
v 8.3106956481933594 3.2016620635986328 0.8465612530708313
v 9.1649646759033203 3.5307657718658447 1.0291171073913574
v 9.9693737030029297 3.8406610488891602 1.2173335552215576
v 10.82076358795166 4.1686553955078125 1.4337815046310425
v 11.622927665710449 4.4776859283447266 1.6539348363876343
v 12.408337593078613 4.7802619934082031 1.8847371339797974
v 13.17722225189209 5.0764718055725098 2.1252975463867188
v 13.933436393737793 5.367800235748291 2.3759961128234863
v 14.671908378601074 5.6522936820983887 2.6343107223510742
v 15.368579864501953 5.9206833839416504 2.8902297019958496
v 16.065252304077148 6.1890735626220703 3.1580188274383545
v 16.761922836303711 6.457463264465332 3.437678337097168
v 17.458595275878906 6.725853443145752 3.7292075157165527
v 18.113466262817383 6.9781398773193359 4.014068603515625
v 18.810138702392578 7.2465300559997559 4.3286256790161133
v 19.424356460571289 7.4831547737121582 4.6157999038696289
v 20.053287506103516 7.7254481315612793 4.9194135665893555
v 20.671165466308594 7.9634833335876465 5.2271127700805664
v 21.278509140014648 8.1974592208862305 5.5386638641357422
v 21.875814437866211 8.4275693893432617 5.8538656234741211
v 22.463140487670898 8.653834342956543 6.1723089218139648
v 23.03196907043457 8.8729734420776367 6.4887657165527344
v 23.608661651611328 9.0951414108276367 6.8176751136779785
v 24.167865753173828 9.310572624206543 7.1443767547607422
v 24.719139099121094 9.5229482650756836 7.4739322662353516
v 25.262582778930664 9.7323083877563477 7.8060812950134277
v 25.776857376098633 9.9304304122924805 8.1270542144775391
v 26.310558319091797 10.13603687286377 8.4672842025756836
v 26.826930999755859 10.334966659545898 8.8030300140380859
v 27.344913482666016 10.534517288208008 9.146143913269043
v 27.866872787475586 10.735600471496582 9.4960708618164063
v 0 0 0
v 0.952933669090271 0.39583727717399597 0.01285693421959877
v 1.8989026546478271 0.78878152370452881 0.043601971119642258
v 2.7998390197753906 1.1630196571350098 0.092599228024482727
v 3.7635395526885986 1.5633294582366943 0.16583380103111267
v 4.6839303970336914 1.9456486701965332 0.25585511326789856
v 5.5583009719848633 2.308851957321167 0.35954508185386658
v 6.4857773780822754 2.6941144466400146 0.4888821542263031
v 7.3639068603515625 3.0588788986206055 0.6296958327293396
v 8.2265205383300781 3.4171981811523438 0.78540736436843872
v 9.0721368789672852 3.7684574127197266 0.95477581024169922
v 9.8683977127075195 4.0992145538330078 1.1293958425521851
v 10.711164474487305 4.4492897987365723 1.3302079439163208
v 11.505204200744629 4.7791242599487305 1.5344579219818115
v 12.282658576965332 5.1020693778991699 1.7485876083374023
v 13.043755531311035 5.4182205200195313 1.9717702865600586
v 13.792309761047363 5.7291607856750488 2.2043590545654297
v 14.52330207824707 6.032806396484375 2.4440133571624756
v 15.212918281555176 6.3192644119262695 2.6814453601837158
v 15.902533531188965 6.6057224273681641 2.9298901557922363
v 16.59214973449707 6.8921804428100586 3.1893472671508789
v 17.281764984130859 7.1786384582519531 3.4598171710968018
v 17.930002212524414 7.4479093551635742 3.7241001129150391
v 18.619619369506836 7.7343673706054688 4.0159344673156738
v 19.227615356445313 7.9869217872619629 4.2823638916015625
v 19.850175857543945 8.2455263137817383 4.5640449523925781
v 20.461795806884766 8.4995861053466797 4.8495163917541504
v 21.062986373901367 8.7493133544921875 5.1385622024536133
v 21.654243469238281 8.9949140548706055 5.4309945106506348
v 22.235620498657227 9.2364110946655273 5.7264337539672852
v 22.798688888549805 9.4703025817871094 6.0200304985046387
v 23.369539260864258 9.707427978515625 6.3251800537109375
v 23.923078536987305 9.9373607635498047 6.6282815933227539
v 24.468769073486328 10.164034843444824 6.9340305328369141
v 25.006708145141602 10.38748836517334 7.2421860694885254
v 25.515773773193359 10.598947525024414 7.5399723052978516
v 26.044069290161133 10.818395614624023 7.8556246757507324
v 26.555212020874023 11.030717849731445 8.1671171188354492
v 27.067947387695313 11.243701934814453 8.4854450225830078
v 27.584619522094727 11.458321571350098 8.810093879699707
v 0 0 0
v 0.94284731149673462 0.4196745753288269 0.011832978576421738
v 1.8788037300109863 0.83628189563751221 0.040129408240318298
v 2.7702040672302246 1.2330566644668579 0.085224412381649017
v 3.7237043380737305 1.657473087310791 0.1526264101266861
v 4.6343531608581543 2.0628156661987305 0.23547822237014771
v 5.4994688034057617 2.4478907585144043 0.33091005682945251
v 6.4171285629272461 2.8563539981842041 0.44994643330574036
v 7.2859635353088379 3.2430846691131592 0.57954543828964233
v 8.1394462585449219 3.6229817867279053 0.72285568714141846
v 8.9761123657226563 3.9953937530517578 0.8787352442741394
v 9.7639455795288086 4.3460693359375 1.0394481420516968
v 10.59779167175293 4.7172255516052246 1.2242671251296997
v 11.383426666259766 5.0669231414794922 1.4122500419616699
v 12.152652740478516 5.4093160629272461 1.6093260049819946
v 12.905694007873535 5.7445054054260254 1.8147338628768921
v 13.64632511138916 6.0741705894470215 2.0287985801696777
v 14.369580268859863 6.3961019515991211 2.2493665218353271
v 15.051897048950195 6.6998105049133301 2.4678888320922852
v 15.734212875366211 7.0035190582275391 2.6965467929840088
v 16.416528701782227 7.307227611541748 2.9353401660919189
v 17.098844528198242 7.610936164855957 3.1842691898345947
v 17.740222930908203 7.8964219093322754 3.4275040626525879
v 18.422538757324219 8.2001304626464844 3.6960961818695068
v 19.024099349975586 8.4678936004638672 3.9413063526153564
v 19.640071868896484 8.7420711517333984 4.2005538940429688
v 20.245218276977539 9.0114307403564453 4.463289737701416
v 20.840045928955078 9.2761964797973633 4.7293152809143066
v 21.425043106079102 9.5365877151489258 4.9984574317932129
v 22.000267028808594 9.7926273345947266 5.2703671455383301
v 22.557374954223633 10.040604591369629 5.540581226348877
v 23.122184753417969 10.292008399963379 5.8214278221130371
v 23.669864654541016 10.535788536071777 6.1003899574279785
v 24.20977783203125 10.77611255645752 6.3817882537841797
v 24.742023468017578 11.013022422790527 6.6654014587402344
v 25.245700836181641 11.237215995788574 6.9394712448120117
v 25.768405914306641 11.469879150390625 7.2299842834472656
v 26.274137496948242 11.694987297058105 7.5166683197021484
v 26.78144645690918 11.920797348022461 7.8096437454223633
v 27.29265022277832 12.148341178894043 8.1084375381469727
v 0 0 0
v 0.93236243724822998 0.4426535964012146 0.010780991986393929
v 1.8579106330871582 0.88207203149795532 0.036561787128448486
v 2.7393980026245117 1.3005719184875488 0.07764771580696106
v 3.6822950839996338 1.7482270002365112 0.13905748724937439
v 4.5828170776367188 2.1757638454437256 0.21454352140426636
v 5.4383125305175781 2.5819234848022461 0.30149120092391968
v 6.3457674980163574 3.0127518177032471 0.40994489192962646
v 7.2049403190612793 3.4206576347351074 0.52802211046218872
v 8.0489320755004883 3.8213560581207275 0.65859174728393555
v 8.8762941360473633 4.2141590118408203 0.80061310529708862
v 9.6553659439086914 4.5840353965759277 0.94703817367553711
v 10.479939460754395 4.9755144119262695 1.1154261827468872
v 11.256837844848633 5.3443593978881836 1.2866969108581543
v 12.017509460449219 5.7054996490478516 1.4662522077560425
v 12.762176513671875 6.0590424537658691 1.6533987522125244
v 13.494571685791016 6.4067583084106445 1.8484325408935547
v 14.209784507751465 6.7463164329528809 2.0493912696838379
v 14.884512901306152 7.0666542053222656 2.2484862804412842
v 15.55924129486084 7.3869924545288086 2.4568159580230713
v 16.233970642089844 7.7073302268981934 2.6743800640106201
v 16.908699035644531 8.0276679992675781 2.9011785984039307
v 17.542943954467773 8.3287858963012695 3.1227891445159912
v 18.217672348022461 8.6491231918334961 3.3675024509429932
v 18.812543869018555 8.9315481185913086 3.5909128189086914
v 19.421665191650391 9.220738410949707 3.8271124362945557
v 20.020082473754883 9.5048456192016602 4.0664901733398438
v 20.608295440673828 9.7841091156005859 4.3088650703430176
v 21.186786651611328 10.058757781982422 4.5540800094604492
v 21.755613327026367 10.328816413879395 4.8018159866333008
v 22.306528091430664 10.590371131896973 5.0480074882507324
v 22.865055084228516 10.855541229248047 5.3038859367370605
v 23.406644821166992 11.112668991088867 5.5580472946166992
v 23.940555572509766 11.366151809692383 5.8144288063049316
v 24.466882705688477 11.616033554077148 6.0728278160095215
v 24.964958190917969 11.852502822875977 6.3225321769714355
v 25.481849670410156 12.097905158996582 6.5872178077697754
v 25.981956481933594 12.335338592529297 6.8484148979187012
v 26.483623504638672 12.573513031005859 7.1153440475463867
v 26.989143371582031 12.813516616821289 7.3875741958618164
v 0 0 0
v 0.92141616344451904 0.46504577994346619 0.0096958279609680176
v 1.8360980749130249 0.92669272422790527 0.032881651073694229
v 2.7072365283966064 1.3663629293441772 0.069832056760787964
v 3.6390635967254639 1.8366632461547852 0.12506060302257538
v 4.5290131568908691 2.2858273983001709 0.19294857978820801
v 5.3744645118713379 2.7125334739685059 0.27114450931549072
v 6.2712655067443848 3.1651556491851807 0.36868175864219666
v 7.1203517913818359 3.5936958789825439 0.47487390041351318
v 7.954434871673584 4.0146641731262207 0.59230095148086548
v 8.7720832824707031 4.427337646484375 0.72002714872360229
v 9.5420083999633789 4.8159246444702148 0.85171377658843994
v 10.356901168823242 5.2272071838378906 1.00315260887146
v 11.124678611755371 5.6147103309631348 1.1571841239929199
v 11.876419067382813 5.9941196441650391 1.3186661005020142
v 12.612343788146973 6.3655462265014648 1.4869754314422607
v 13.336140632629395 6.7308521270751953 1.6623780727386475
v 14.042956352233887 7.0875873565673828 1.843109130859375
v 14.709763526916504 7.4241299629211426 2.0221643447875977
v 15.376569747924805 7.7606725692749023 2.209524393081665
v 16.043376922607422 8.0972146987915039 2.4051895141601563
v 16.710184097290039 8.4337577819824219 2.6091594696044922
v 17.336982727050781 8.7501077651977539 2.8084638118743896
v 18.003789901733398 9.0866498947143555 3.028545618057251
v 18.591676712036133 9.38336181640625 3.2294683456420898
v 19.193647384643555 9.6871805191040039 3.4418933391571045
v 19.785037994384766 9.9856605529785156 3.6571764945983887
v 20.36634635925293 10.279050827026367 3.8751552104949951
v 20.938047409057617 10.567591667175293 4.0956873893737793
v 21.500194549560547 10.851312637329102 4.3184881210327148
v 22.044639587402344 11.1260986328125 4.5398988723754883
v 22.596611022949219 11.404682159423828 4.770021915435791
v 23.131841659545898 11.674817085266113 4.9986004829406738
v 23.65948486328125 11.941122055053711 5.2291755676269531
v 24.179632186889648 12.203644752502441 5.4615654945373535
v 24.671859741210938 12.452075958251953 5.6861357688903809
v 25.182683944702148 12.709892272949219 5.9241795539855957
v 25.676919937133789 12.95933723449707 6.159085750579834
v 26.172697067260742 13.209560394287109 6.3991470336914063
v 26.672281265258789 13.461704254150391 6.6439757347106934
v 0 0 0
v 0.91020691394805908 0.48661914467811584 0.0085978824645280838
v 1.8137614727020264 0.96968173980712891 0.02915816567838192
v 2.674302339553833 1.4297481775283813 0.061924349516630173
v 3.5947935581207275 1.9218655824661255 0.11089887470006943
v 4.4739165306091309 2.3918664455413818 0.17109927535057068
v 5.3090829849243164 2.838367223739624 0.24044039845466614
v 6.1949739456176758 3.3119864463806152 0.3269326388835907
v 7.0337305068969727 3.760406494140625 0.42109969258308411
v 7.8576669692993164 4.2009034156799316 0.52522939443588257
v 8.6653690338134766 4.6327204704284668 0.63849204778671265
v 9.4259271621704102 5.0393342971801758 0.75526660680770874
v 10.23090648651123 5.469696044921875 0.88955670595169067
v 10.989344596862793 5.8751754760742188 1.0261456966400146
v 11.731939315795898 6.2721853256225586 1.1693418025970459
v 12.458911895751953 6.6608424186706543 1.318591833114624
v 13.173903465270996 7.0430946350097656 1.4741320610046387
v 13.872119903564453 7.4163784980773926 1.6343973875045776
v 14.530815124511719 7.7685332298278809 1.7931764125823975
v 15.189510345458984 8.1206884384155273 1.959320068359375
v 15.84820556640625 8.4728431701660156 2.1328282356262207
v 16.506900787353516 8.8249979019165039 2.3137009143829346
v 17.126073837280273 9.1560230255126953 2.490436315536499
v 17.784769058227539 9.5081777572631836 2.685596227645874
v 18.365505218505859 9.8186531066894531 2.8637666702270508
v 18.960151672363281 10.136566162109375 3.0521368980407715
v 19.544349670410156 10.448892593383789 3.2430415153503418
v 20.118583679199219 10.755892753601074 3.4363365173339844
v 20.683330535888672 11.057820320129395 3.6318960189819336
v 21.238639831542969 11.354701995849609 3.8294668197631836
v 21.776462554931641 11.64223575592041 4.0258054733276367
v 22.321718215942383 11.933742523193359 4.2298693656921387
v 22.850437164306641 12.216409683227539 4.4325642585754395
v 23.371660232543945 12.495068550109863 4.6370291709899902
v 23.885480880737305 12.769768714904785 4.8431034088134766
v 24.371721267700195 13.029725074768066 5.042243480682373
v 24.87632942199707 13.299501419067383 5.253331184387207
v 25.364553451538086 13.560517311096191 5.461637020111084
v 25.854299545288086 13.822348594665527 5.6745142936706543
v 26.347806930541992 14.086189270019531 5.8916187286376953
v 0 0 0
v 0.89864242076873779 0.50765639543533325 0.007479141466319561
v 1.7907170057296753 1.011602520942688 0.025364156812429428
v 2.640324592590332 1.4915584325790405 0.053866863250732422
v 3.5491206645965576 2.0049507617950439 0.096468910574913025
v 4.4170742034912109 2.4952704906463623 0.14883615076541901
v 5.2416296005249023 2.9610741138458252 0.20915472507476807
v 6.1162652969360352 3.4551687240600586 0.28439274430274963
v 6.9443650245666504 3.9229745864868164 0.36630693078041077
v 7.7578330039978027 4.382514476776123 0.45688751339912415
v 8.5552730560302734 4.8330001831054688 0.55541259050369263
v 9.3061685562133789 5.2571921348571777 0.65699267387390137
v 10.100919723510742 5.7061591148376465 0.77380913496017456
v 10.84972095489502 6.1291680335998535 0.89262551069259644
v 11.582881927490234 6.5433411598205566 1.0171891450881958
v 12.300617218017578 6.9488010406494141 1.1470190286636353
v 13.006525039672852 7.3475780487060547 1.2823206186294556
v 13.695870399475098 7.7369999885559082 1.4217325448989868
v 14.346197128295898 8.1043787002563477 1.5598515272140503
v 14.996522903442383 8.4717578887939453 1.7043769359588623
v 15.646849632263184 8.839137077331543 1.8553085327148438
v 16.297176361083984 9.2065153121948242 2.0126464366912842
v 16.908481597900391 9.5518512725830078 2.1663851737976074
v 17.558809280395508 9.9192304611206055 2.336151123046875
v 18.132165908813477 10.243128776550293 2.4911384582519531
v 18.719257354736328 10.574785232543945 2.6549983024597168
v 19.296031951904297 10.900613784790039 2.8210628032684326
v 19.862972259521484 11.22088623046875 2.9892065525054932
v 20.420541763305664 11.535866737365723 3.1593203544616699
v 20.968795776367188 11.845582962036133 3.3311834335327148
v 21.499784469604492 12.145546913146973 3.5019748210906982
v 22.038112640380859 12.44965648651123 3.6794862747192383
v 22.560115814208984 12.744543075561523 3.855806827545166
v 23.074716567993164 13.035248756408691 4.0336670875549316
v 23.582008361816406 13.32182502746582 4.2129273414611816
v 24.062070846557617 13.593019485473633 4.3861560821533203
v 24.560268402099609 13.874459266662598 4.5697774887084961
v 25.042287826538086 14.146759033203125 4.7509784698486328
v 25.525812149047852 14.419909477233887 4.9361562728881836
v 26.013050079345703 14.695156097412109 5.1250119209289551
v 0 0 0
v 0.88699483871459961 0.52774274349212646 0.0063668196089565754
v 1.7675069570541382 1.0516284704208374 0.021591918542981148
v 2.6061022281646729 1.5505745410919189 0.045855607837438583
v 3.5031192302703857 2.084280252456665 0.082121744751930237
v 4.3598227500915527 2.5940003395080566 0.126700758934021
v 5.1736907958984375 3.0782341957092285 0.17804855108261108
v 6.0369901657104492 3.5918786525726318 0.24209693074226379
v 6.8543567657470703 4.0781941413879395 0.31182858347892761
v 7.6572809219360352 4.5559167861938477 0.38893771171569824
v 8.4443845748901367 5.024226188659668 0.47280985116958618
v 9.1855478286743164 5.4652023315429688 0.55928260087966919
v 9.9699983596801758 5.9319334030151367 0.65872573852539063
v 10.709094047546387 6.3716797828674316 0.75987136363983154
v 11.432751655578613 6.8022403717041016 0.86590945720672607
v 12.14118480682373 7.2237424850463867 0.97643065452575684
v 12.837942123413086 7.6382980346679688 1.0916098356246948
v 13.518353462219238 8.0431280136108398 1.2102878093719482
v 14.160250663757324 8.4250431060791016 1.3278653621673584
v 14.80214786529541 8.8069581985473633 1.4508965015411377
v 15.444045066833496 9.1888723373413086 1.579380989074707
v 16.085941314697266 9.5707874298095703 1.7133190631866455
v 16.689325332641602 9.9297876358032227 1.8441933393478394
v 17.331222534179688 10.311702728271484 1.9887112379074097
v 17.897148132324219 10.648416519165039 2.1206483840942383
v 18.476631164550781 10.993195533752441 2.2601385116577148
v 19.045928955078125 11.331915855407715 2.4015052318572998
v 19.605520248413086 11.664860725402832 2.5446422100067139
v 20.155864715576172 11.992302894592285 2.6894559860229492
v 20.697011947631836 12.314274787902832 2.835759162902832
v 21.221118927001953 12.626107215881348 2.9811496734619141
v 21.752470016479492 12.942249298095703 3.1322612762451172
v 22.267705917358398 13.248804092407227 3.2823588848114014
v 22.775636672973633 13.55101203918457 3.4337670803070068
v 23.27635383605957 13.848926544189453 3.5863673686981201
v 23.750194549560547 14.130851745605469 3.7338325977325439
v 24.241933822631836 14.423426628112793 3.8901453018188477
v 24.717706680297852 14.706501007080078 4.0443978309631348
v 25.194963455200195 14.990458488464355 4.2020354270935059
v 25.675884246826172 15.276596069335938 4.3628034591674805
v 0 0 0
v 0.8750346302986145 0.54734498262405396 0.005239799153059721
v 1.7436739206314087 1.0906896591186523 0.017769832164049149
v 2.5709617137908936 1.6081684827804565 0.037738494575023651
v 3.455883264541626 2.1616978645324707 0.067584991455078125
v 4.3010349273681641 2.6903507709503174 0.10427286475896835
v 5.1039290428161621 3.1925709247589111 0.14653134346008301
v 5.9555873870849609 3.7252938747406006 0.19924221932888031
v 6.7619328498840332 4.229672908782959 0.25663036108016968
v 7.5540304183959961 4.7251396179199219 0.32009005546569824
v 8.3305206298828125 5.2108440399169922 0.38911557197570801
v 9.0616903305053711 5.6681995391845703 0.4602813720703125
v 9.8355636596679688 6.1522669792175293 0.54212164878845215
v 10.564693450927734 6.6083464622497559 0.62536299228668213
v 11.278593063354492 7.0549001693725586 0.71263080835342407
v 11.977473258972168 7.492058277130127 0.8035881519317627
v 12.664835929870605 7.9220118522644043 0.89837884902954102
v 13.336071968078613 8.3418788909912109 0.99604916572570801
v 13.969314575195313 8.7379789352416992 1.0928137302398682
v 14.602556228637695 9.1340799331665039 1.1940665245056152
v 15.235797882080078 9.5301809310913086 1.2998074293136597
v 15.869039535522461 9.9262809753417969 1.4100364446640015
v 16.464286804199219 10.298615455627441 1.5177440643310547
v 17.097528457641602 10.694716453552246 1.6366802453994751
v 17.65582275390625 11.043936729431152 1.7452625036239624
v 18.22749137878418 11.401522636413574 1.8600608110427856
v 18.789113998413086 11.752823829650879 1.9764035940170288
v 19.341159820556641 12.098135948181152 2.0942032337188721
v 19.884082794189453 12.437740325927734 2.2133829593658447
v 20.417934417724609 12.771671295166016 2.3337881565093994
v 20.934974670410156 13.095086097717285 2.4534425735473633
v 21.459159851074219 13.422970771789551 2.5778050422668457
v 21.967449188232422 13.740911483764648 2.7013330459594727
v 22.468530654907227 14.05434513092041 2.8259401321411133
v 22.962495803833008 14.363326072692871 2.9515278339385986
v 23.429946899414063 14.655722618103027 3.0728895664215088
v 23.915056228637695 14.959164619445801 3.2015326023101807
v 24.384414672851563 15.252753257751465 3.3284800052642822
v 24.855236053466797 15.547258377075195 3.4582135677337646
v 25.329671859741211 15.844023704528809 3.5905232429504395
v 0 0 0
v 0.86264169216156006 0.5666765570640564 0.0040882080793380737
v 1.7189786434173584 1.1292115449905396 0.013864419423043728
v 2.5345497131347656 1.6649670600891113 0.029444415122270584
v 3.4069383144378662 2.238046407699585 0.052731316536664963
v 4.2401204109191895 2.7853708267211914 0.08135601133108139
v 5.0316429138183594 3.3053286075592041 0.11432702839374542
v 5.8712396621704102 3.8568668365478516 0.15545323491096497
v 6.6661648750305176 4.3790597915649414 0.2002287358045578
v 7.4470443725585938 4.8920259475708008 0.24974139034748077
v 8.2125377655029297 5.3948850631713867 0.30359664559364319
v 8.9333515167236328 5.8683938980102539 0.35912179946899414
v 9.6962642669677734 6.3695578575134277 0.42297539114952087
v 10.415067672729492 6.8417458534240723 0.48792216181755066
v 11.118857383728027 7.3040709495544434 0.55601042509078979
v 11.807839393615723 7.7566690444946289 0.62697738409042358
v 12.485466957092285 8.201807975769043 0.70093518495559692
v 13.147196769714355 8.6365041732788086 0.77713978290557861
v 13.771470069885254 9.0465946197509766 0.8526376485824585
v 14.395743370056152 9.4566850662231445 0.93163734674453735
v 15.020016670227051 9.8667755126953125 1.0141386985778809
v 15.644289970397949 10.27686595916748 1.1001418828964233
v 16.231107711791992 10.662350654602051 1.1841777563095093
v 16.855381011962891 11.072441101074219 1.2769744396209717
v 17.405767440795898 11.433995246887207 1.3616926670074463
v 17.969339370727539 11.804210662841797 1.4512609243392944
v 18.523008346557617 12.167920112609863 1.5420341491699219
v 19.067235946655273 12.52542781829834 1.633944034576416
v 19.602468490600586 12.877026557922363 1.7269306182861328
v 20.128759384155273 13.222751617431641 1.8208736181259155
v 20.638477325439453 13.557588577270508 1.9142305850982666
v 21.155239105224609 13.897054672241211 2.011260986328125
v 21.656328201293945 14.226224899291992 2.107640266418457
v 22.150314331054688 14.550727844238281 2.2048614025115967
v 22.637283325195313 14.870621681213379 2.3028478622436523
v 23.098114013671875 15.173345565795898 2.3975369930267334
v 23.576353073120117 15.487504959106445 2.4979071617126465
v 24.0390625 15.791462898254395 2.596954345703125
v 24.503215789794922 16.096368789672852 2.6981751918792725
v 24.97093391418457 16.403615951538086 2.8014063835144043
v 0 0 0
v 0.84982198476791382 0.58572781085968018 0.0029142918065190315
v 1.6934329271316528 1.1671746969223022 0.0098832938820123672
v 2.4968838691711426 1.7209419012069702 0.020989542827010155
v 3.3563079833984375 2.3132877349853516 0.037589684128761292
v 4.1771082878112793 2.8790125846862793 0.057994887232780457
v 4.9568681716918945 3.4164512157440186 0.081498377025127411
v 5.7839875221252441 3.9865314960479736 0.11081531643867493
v 6.5670990943908691 4.526280403137207 0.14273366332054138
v 7.3363738059997559 5.0564918518066406 0.17802892625331879
v 8.0904912948608398 5.5762567520141602 0.21641980111598969
v 8.800593376159668 6.0656843185424805 0.25600108504295349
v 9.5521688461303711 6.5836968421936035 0.30151930451393127
v 10.260290145874023 7.0717597007751465 0.3478168249130249
v 10.953619956970215 7.5496277809143066 0.39635375142097473
v 11.632363319396973 8.0174417495727539 0.44694274663925171
v 12.299921035766602 8.4775466918945313 0.4996638298034668
v 12.951816558837891 8.9268560409545898 0.55398648977279663
v 13.566812515258789 9.350733757019043 0.60780537128448486
v 14.181808471679688 9.7746105194091797 0.66412055492401123
v 14.796804428100586 10.198488235473633 0.72293192148208618
v 15.411800384521484 10.62236499786377 0.78423959016799927
v 15.989896774291992 11.020810127258301 0.84414482116699219
v 16.604892730712891 11.444687843322754 0.91029512882232666
v 17.147102355957031 11.818397521972656 0.97068685293197632
v 17.702299118041992 12.201058387756348 1.0345357656478882
v 18.247737884521484 12.576995849609375 1.0992438793182373
v 18.783878326416016 12.94652271270752 1.164762020111084
v 19.3111572265625 13.309942245483398 1.2310478687286377
v 19.829626083374023 13.667289733886719 1.2980153560638428
v 20.331768035888672 14.013383865356445 1.3645651340484619
v 20.840850830078125 14.364261627197266 1.4337335824966431
v 21.334495544433594 14.704499244689941 1.502437949180603
v 21.821138381958008 15.039911270141602 1.5717422962188721
v 22.300870895385742 15.370559692382813 1.6415921449661255
v 22.754852294921875 15.683460235595703 1.7090915441513062
v 23.225984573364258 16.008182525634766 1.7806408405303955
v 23.681819915771484 16.322359085083008 1.8512469530105591
v 24.139074325561523 16.637516021728516 1.9234025478363037
v 24.599842071533203 16.955093383789063 1.9969911575317383
v 0 0 0
v 0.83658146858215332 0.60448890924453735 0.001720295287668705
v 1.6670486927032471 1.2045598030090332 0.0058340709656476974
v 2.4579815864562988 1.776064395904541 0.012390047311782837
v 3.3040153980255127 2.3873834609985352 0.022189047187566757
v 4.1120271682739258 2.9712285995483398 0.034234162420034409
v 4.8796381950378418 3.5258815288543701 0.048108179122209549
v 5.693871021270752 4.1142220497131348 0.065413862466812134
v 6.4647817611694336 4.6712589263916016 0.084255144000053406
v 7.2220706939697266 5.2184538841247559 0.10508979856967926
v 7.9644389152526855 5.7548666000366211 0.12775178253650665
v 8.6634769439697266 6.2599706649780273 0.15111646056175232
v 9.4033422470092773 6.7945756912231445 0.17798571288585663
v 10.100430488586426 7.2982711791992188 0.20531494915485382
v 10.782958984375 7.791445255279541 0.23396611213684082
v 11.451127052307129 8.2742443084716797 0.26382860541343689
v 12.108283996582031 8.7490854263305664 0.29494965076446533
v 12.750022888183594 9.2127876281738281 0.32701611518859863
v 13.355437278747559 9.6502418518066406 0.35878521203994751
v 13.960850715637207 10.087696075439453 0.39202782511711121
v 14.566265106201172 10.525150299072266 0.42674398422241211
v 15.171679496765137 10.962604522705078 0.46293362975120544
v 15.740768432617188 11.373811721801758 0.49829548597335815
v 16.346183776855469 11.81126594543457 0.53734374046325684
v 16.87994384765625 12.196945190429688 0.57299274206161499
v 17.426490783691406 12.591863632202148 0.61068254709243774
v 17.963432312011719 12.979842185974121 0.64887946844100952
v 18.491218566894531 13.361205101013184 0.68755459785461426
v 19.010282516479492 13.736265182495117 0.72668290138244629
v 19.520673751831055 14.105058670043945 0.76621353626251221
v 20.014993667602539 14.462239265441895 0.80549764633178711
v 20.516143798828125 14.824355125427246 0.84632754325866699
v 21.002096176147461 15.175490379333496 0.8868834376335144
v 21.481159210205078 15.521646499633789 0.92779350280761719
v 21.95341682434082 15.862885475158691 0.96902561187744141
v 22.400325775146484 16.185808181762695 1.0088702440261841
v 22.864116668701172 16.520931243896484 1.0511054992675781
v 23.312849044799805 16.845170974731445 1.09278404712677
v 23.762979507446289 17.17042350769043 1.1353772878646851
v 24.216567993164063 17.498170852661133 1.1788163185119629
v 0 0 0
v 0.82331341505050659 0.62243866920471191 0.0005425730487331748
v 1.6406095027923584 1.2403281927108765 0.0018400385743007064
v 2.4189982414245605 1.8288030624389648 0.0039077624678611755
v 3.2516140937805176 2.4582746028900146 0.0069983210414648056
v 4.0468111038208008 3.0594565868377686 0.010797292925417423
v 4.8022480010986328 3.6305794715881348 0.015173094347119331
v 5.6035666465759277 4.2363901138305664 0.020631223917007446
v 6.362250804901123 4.8099679946899414 0.026573676615953445
v 7.1075296401977539 5.373410701751709 0.03314482793211937
v 7.8381233215332031 5.9257521629333496 0.040292311459779739
v 8.5260753631591797 6.4458551406860352 0.047661423683166504
v 9.254206657409668 6.9963345527648926 0.056135855615139008
v 9.9402389526367188 7.514986515045166 0.064755365252494812
v 10.611942291259766 8.0228052139282227 0.073791809380054474
v 11.269513130187988 8.5199403762817383 0.083210304379463196
v 11.916247367858887 9.0088815689086914 0.093025736510753632
v 12.547808647155762 9.4863529205322266 0.10313934832811356
v 13.143621444702148 9.9367971420288086 0.1131591722369194
v 13.739433288574219 10.387241363525391 0.12364373356103897
v 14.335246086120605 10.837684631347656 0.13459303975105286
v 14.931057929992676 11.288128852844238 0.14600709080696106
v 15.491122245788574 11.711546897888184 0.15716004371643066
v 16.086935043334961 12.161991119384766 0.16947568953037262
v 16.61223030090332 12.559123039245605 0.18071922659873962
v 17.150108337402344 12.965767860412598 0.19260640442371368
v 17.678533554077148 13.365266799926758 0.2046535313129425
v 18.19795036315918 13.757953643798828 0.21685148775577545
v 18.708782196044922 14.14415168762207 0.22919236123561859
v 19.211078643798828 14.523896217346191 0.24166014790534973
v 19.69755744934082 14.891681671142578 0.25405016541481018
v 20.190759658813477 15.264551162719727 0.26692771911621094
v 20.669004440307617 15.626112937927246 0.27971884608268738
v 21.140468597412109 15.982547760009766 0.29262170195579529
v 21.605236053466797 16.333919525146484 0.30562612414360046
v 22.04505729675293 16.666431427001953 0.31819292902946472
v 22.501493453979492 17.011505126953125 0.33151373267173767
v 22.943109512329102 17.345373153686523 0.34465894103050232
v 23.386100769042969 17.680282592773438 0.35809263586997986
v 23.832494735717773 18.017763137817383 0.37179312109947205
v 0 0 0
v 0.80977034568786621 0.63995736837387085 -0.00064017972908914089
v 1.6136223077774048 1.2752375602722168 -0.0021710540167987347
v 2.3792071342468262 1.8802752494812012 -0.0046107531525194645
v 3.1981267929077148 2.527463436126709 -0.0082572903484106064
v 3.9802432060241699 3.1455659866333008 -0.012739682570099831
v 4.7232532501220703 3.7327632904052734 -0.017902672290802002
v 5.5113911628723145 4.3556246757507324 -0.024342697113752365
v 6.2575950622558594 4.9453458786010742 -0.031354170292615891
v 6.9906144142150879 5.5246472358703613 -0.039107449352741241
v 7.7091903686523438 6.0925345420837402 -0.047540735453367233
v 8.3858261108398438 6.6272759437561035 -0.056235518306493759
v 9.1019792556762695 7.1932487487792969 -0.066234469413757324
v 9.7767276763916016 7.7264986038208008 -0.076404593884944916
v 10.437381744384766 8.2486095428466797 -0.087066657841205597
v 11.084136009216309 8.7597370147705078 -0.098179496824741364
v 11.720232009887695 9.2624397277832031 -0.10976068675518036
v 12.341403961181641 9.7533493041992188 -0.1216936931014061
v 12.92741584777832 10.216471672058105 -0.13351604342460632
v 13.513426780700684 10.679593086242676 -0.14588673412799835
v 14.099438667297363 11.142715454101563 -0.15880578756332397
v 14.685450553894043 11.605836868286133 -0.1722731739282608
v 15.236301422119141 12.041172027587891 -0.18543250858783722
v 15.822312355041504 12.504293441772461 -0.19996368885040283
v 16.338968276977539 12.912603378295898 -0.21322987973690033
v 16.867998123168945 13.330693244934082 -0.22725552320480347
v 17.387731552124023 13.741436958312988 -0.24146987497806549
v 17.898603439331055 14.145175933837891 -0.25586220622062683
v 18.401033401489258 14.542243003845215 -0.27042314410209656
v 18.89506721496582 14.932675361633301 -0.28513380885124207
v 19.373542785644531 15.310812950134277 -0.29975277185440063
v 19.858633041381836 15.69417667388916 -0.31494691967964172
v 20.329011917114258 16.065914154052734 -0.33003914356231689
v 20.792720794677734 16.432380676269531 -0.34526315331459045
v 21.249841690063477 16.793643951416016 -0.36060702800750732
v 21.682428359985352 17.135513305664063 -0.37543454766273499
v 22.131357192993164 17.490299224853516 -0.39115169644355774
v 22.565706253051758 17.833564758300781 -0.40666168928146362
v 23.001413345336914 18.177900314331055 -0.42251205444335938
v 23.440464019775391 18.524879455566406 -0.43867719173431396
v 0 0 0
v 0.79599136114120483 0.65701603889465332 -0.0018234213348478079
v 1.5861650705337524 1.3092302083969116 -0.0061838040128350258
v 2.3387227058410645 1.9303958415985107 -0.013132789172232151
v 3.1437077522277832 2.5948352813720703 -0.023519206792116165
v 3.9125156402587891 3.2294139862060547 -0.036286383867263794
v 4.6428828239440918 3.8322634696960449 -0.050992105156183243
v 5.417609691619873 4.4717278480529785 -0.069335199892520905
v 6.1511168479919434 5.0771689414978027 -0.089305959641933441
v 6.8716630935668945 5.6719117164611816 -0.11138958483934402
v 7.5780119895935059 6.254936695098877 -0.13541008532047272
v 8.243133544921875 6.8039321899414063 -0.16017539799213409
v 8.9471015930175781 7.3849911689758301 -0.18865536153316498
v 9.6103677749633789 7.9324555397033691 -0.21762289106845856
v 10.259779930114746 8.4684839248657227 -0.24799160659313202
v 10.895529747009277 8.9932355880737305 -0.27964425086975098
v 11.520801544189453 9.5093393325805664 -0.31263092160224915
v 12.131403923034668 10.013334274291992 -0.34661963582038879
v 12.707444190979004 10.488801002502441 -0.38029319047927856
v 13.28348445892334 10.964267730712891 -0.41552859544754028
v 13.859523773193359 11.43973445892334 -0.45232585072517395
v 14.435564041137695 11.915201187133789 -0.49068498611450195
v 14.977042198181152 12.362140655517578 -0.52816665172576904
v 15.553081512451172 12.837607383728027 -0.56955575942993164
v 16.060945510864258 13.256800651550293 -0.60734176635742188
v 16.580974578857422 13.686036109924316 -0.64729094505310059
v 17.091863632202148 14.107728004455566 -0.68777763843536377
v 17.594043731689453 14.522229194641113 -0.72877120971679688
v 18.087923049926758 14.929880142211914 -0.77024513483047485
v 18.573549270629883 15.330719947814941 -0.81214547157287598
v 19.04388427734375 15.718936920166016 -0.85378456115722656
v 19.520719528198242 16.112520217895508 -0.89706206321716309
v 19.983095169067383 16.494167327880859 -0.94004911184310913
v 20.438913345336914 16.870401382446289 -0.98341166973114014
v 20.88825798034668 17.241292953491211 -1.0271154642105103
v 21.313482284545898 17.592277526855469 -1.0693486928939819
v 21.754772186279297 17.956520080566406 -1.114115834236145
v 22.181732177734375 18.308935165405273 -1.1582928895950317
v 22.610023498535156 18.662448883056641 -1.2034393548965454
v 23.041603088378906 19.018678665161133 -1.2494823932647705
v 0 0 0
v 0.78194040060043335 0.67367738485336304 -0.003009111387655139
v 1.5581659078598022 1.3424311876296997 -0.010204858146607876
v 2.2974393367767334 1.97934889793396 -0.021672459319233894
v 3.0882148742675781 2.6606380939483643 -0.038812704384326935
v 3.8434514999389648 3.3113090991973877 -0.059881813824176788
v 4.5609264373779297 3.9294462203979492 -0.084150016307830811
v 5.3219776153564453 4.5851268768310547 -0.1144208088517189
v 6.0425362586975098 5.2059211730957031 -0.14737766981124878
v 6.7503633499145508 5.8157463073730469 -0.18382129073143005
v 7.4442439079284668 6.4135560989379883 -0.22346125543117523
v 8.0976247787475586 6.976473331451416 -0.26433035731315613
v 8.7891664505004883 7.572268009185791 -0.31132957339286804
v 9.4407243728637695 8.1336154937744141 -0.35913342237472534
v 10.078673362731934 8.6832370758056641 -0.40924957394599915
v 10.703200340270996 9.2212963104248047 -0.46148452162742615
v 11.317435264587402 9.7504873275756836 -0.51592093706130981
v 11.917259216308594 10.267263412475586 -0.57201105356216431
v 12.48313045501709 10.754787445068359 -0.62758100032806396
v 13.049002647399902 11.242311477661133 -0.68572843074798584
v 13.614873886108398 11.729836463928223 -0.74645334482192993
v 14.180746078491211 12.217360496520996 -0.80975568294525146
v 14.712665557861328 12.675633430480957 -0.87160998582839966
v 15.278536796569824 13.16315746307373 -0.93991261720657349
v 15.777435302734375 13.592981338500977 -1.0022692680358887
v 16.288284301757813 14.033101081848145 -1.0681955814361572
v 16.790157318115234 14.465486526489258 -1.1350089311599731
v 17.283470153808594 14.890499114990234 -1.2026588916778564
v 17.768632888793945 15.308487892150879 -1.2711013555526733
v 18.245687484741211 15.71949291229248 -1.3402477502822876
v 18.707719802856445 16.117555618286133 -1.4089628458023071
v 19.176137924194336 16.5211181640625 -1.4803817272186279
v 19.630350112915039 16.912443161010742 -1.5513213872909546
v 20.078123092651367 17.298219680786133 -1.6228806972503662
v 20.519535064697266 17.678516387939453 -1.6950031518936157
v 20.937253952026367 18.038400650024414 -1.7646987438201904
v 21.370754241943359 18.411880493164063 -1.8385759592056274
v 21.790176391601563 18.773233413696289 -1.9114793539047241
v 22.210908889770508 19.135711669921875 -1.9859826564788818
v 22.634870529174805 19.500974655151367 -2.0619654655456543
v 0 0 0
v 0.76754117012023926 0.69003862142562866 -0.0042022829875349998
v 1.5294725894927979 1.375033974647522 -0.014251284301280975
v 2.2551324367523193 2.0274202823638916 -0.030266014859080315
v 3.0313458442687988 2.7252554893493652 -0.05420270562171936
v 3.7726752758026123 3.3917288780212402 -0.083626128733158112
v 4.4769377708435059 4.0248785018920898 -0.1175171434879303
v 5.2239747047424316 4.6964831352233887 -0.15979090332984924
v 5.9312644004821777 5.3323545455932617 -0.20581580698490143
v 6.6260571479797363 5.9569902420043945 -0.25671005249023438
v 7.307159423828125 6.5693182945251465 -0.31206804513931274
v 7.9485087394714355 7.1459074020385742 -0.36914253234863281
v 8.6273155212402344 7.7561712265014648 -0.4347778856754303
v 9.2668752670288086 8.3311519622802734 -0.50153684616088867
v 9.8930768966674805 8.8941221237182617 -0.57152503728866577
v 10.506103515625 9.4452486038208008 -0.64447224140167236
v 11.109026908874512 9.9872913360595703 -0.72049373388290405
v 11.697805404663086 10.516617774963379 -0.79882466793060303
v 12.253256797790527 11.015982627868652 -0.87642920017242432
v 12.808708190917969 11.515347480773926 -0.95763325691223145
v 13.36415958404541 12.014712333679199 -1.0424367189407349
v 13.919610977172852 12.514076232910156 -1.1308397054672241
v 14.441734313964844 12.983479499816895 -1.2172204256057739
v 14.997185707092285 13.482843399047852 -1.3126063346862793
v 15.486897468566895 13.92310619354248 -1.3996886014938354
v 15.988339424133301 14.37391471862793 -1.4917560815811157
v 16.48097038269043 14.816802024841309 -1.5850622653961182
v 16.965198516845703 15.25213623046875 -1.6795367002487183
v 17.441427230834961 15.680276870727539 -1.7751179933547974
v 17.909696578979492 16.101263046264648 -1.8716822862625122
v 18.363222122192383 16.508993148803711 -1.967644214630127
v 18.823013305664063 16.922357559204102 -2.0673820972442627
v 19.268861770629883 17.323186874389648 -2.1664507389068604
v 19.708389282226563 17.718332290649414 -2.2663846015930176
v 20.141672134399414 18.107864379882813 -2.36710524559021
v 20.551698684692383 18.476490020751953 -2.4644365310668945
v 20.977216720581055 18.859039306640625 -2.5676074028015137
v 21.388916015625 19.229167938232422 -2.6694183349609375
v 21.801898956298828 19.60045051574707 -2.7734637260437012
v 22.218053817749023 19.974582672119141 -2.879575252532959
v 0 0 0
v 0.7527998685836792 0.70609229803085327 -0.0054008085280656815
v 1.5000977516174316 1.4070240259170532 -0.018315866589546204
v 2.2118206024169922 2.0745880603790283 -0.038898129016160965
v 2.9731264114379883 2.7886583805084229 -0.069661758840084076
v 3.7002177238464355 3.470637321472168 -0.10747697949409485
v 4.3909544944763184 4.1185169219970703 -0.15103398263454437
v 5.1236433982849121 4.8057465553283691 -0.20536457002162933
v 5.8173494338989258 5.4564113616943359 -0.26451614499092102
v 6.4987978935241699 6.0955791473388672 -0.32992583513259888
v 7.1668195724487305 6.7221531867980957 -0.40107238292694092
v 7.7958507537841797 7.3121562004089355 -0.47442498803138733
v 8.4616203308105469 7.9366183280944824 -0.55878007411956787
v 9.0888967514038086 8.5249757766723633 -0.64457923173904419
v 9.7030715942382813 9.101043701171875 -0.73452860116958618
v 10.304324150085449 9.6649913787841797 -0.82828092575073242
v 10.895668029785156 10.219645500183105 -0.92598438262939453
v 11.473138809204102 10.761286735534668 -1.026655912399292
v 12.017922401428223 11.272269248962402 -1.1263939142227173
v 12.562705993652344 11.78325080871582 -1.2307579517364502
v 13.107488632202148 12.294233322143555 -1.3397481441497803
v 13.65227222442627 12.805215835571289 -1.453364372253418
v 14.164368629455566 13.285538673400879 -1.5643815994262695
v 14.709152221679688 13.796521186828613 -1.6869723796844482
v 15.189457893371582 14.247026443481445 -1.7988911867141724
v 15.681269645690918 14.70832347869873 -1.9172170162200928
v 16.164438247680664 15.161514282226563 -2.0371348857879639
v 16.639368057250977 15.606976509094238 -2.1585543155670166
v 17.106449127197266 16.045078277587891 -2.2813961505889893
v 17.565725326538086 16.475858688354492 -2.405501127243042
v 18.010540008544922 16.893074035644531 -2.5288324356079102
v 18.461502075195313 17.316055297851563 -2.6570162773132324
v 18.898786544799805 17.72620964050293 -2.7843401432037354
v 19.329872131347656 18.130548477172852 -2.912775993347168
v 19.75483512878418 18.529144287109375 -3.0422227382659912
v 20.156986236572266 18.906343460083008 -3.167313814163208
v 20.574331283569336 19.297794342041016 -3.2999098300933838
v 20.978122711181641 19.676532745361328 -3.4307582378387451
v 21.383174896240234 20.056453704833984 -3.5644781589508057
v 21.791336059570313 20.439291000366211 -3.7008535861968994
v 0 0 0
v 0.73772287368774414 0.72183114290237427 -0.0066025592386722565
v 1.470054030418396 1.4383866786956787 -0.022391386330127716
v 2.167522668838501 2.1208305358886719 -0.047553472220897675
v 2.9135808944702148 2.8508176803588867 -0.085162408649921417
v 3.6261100769042969 3.5479977130889893 -0.13139201700687408
v 4.3030128479003906 4.2103190422058105 -0.184641033411026
v 5.0210280418395996 4.9128665924072266 -0.25106087327003479
v 5.7008399963378906 5.5780348777770996 -0.32337445020675659
v 6.3686408996582031 6.2314496040344238 -0.40333864092826843
v 7.0232830047607422 6.8719902038574219 -0.490316241979599
v 7.6397161483764648 7.4751443862915039 -0.57999074459075928
v 8.2921524047851563 8.113525390625 -0.68311595916748047
v 8.9068660736083984 8.7149972915649414 -0.78800660371780396
v 9.5087394714355469 9.3039054870605469 -0.89797085523605347
v 10.09795093536377 9.8804244995117188 -1.0125843286514282
v 10.677451133728027 10.447441101074219 -1.1320281028747559
v 11.243355751037598 11.001155853271484 -1.2551003694534302
v 11.777228355407715 11.523528099060059 -1.3770313262939453
v 12.311100959777832 12.045899391174316 -1.5046178102493286
v 12.844973564147949 12.568271636962891 -1.6378597021102905
v 13.378846168518066 13.090643882751465 -1.7767570018768311
v 13.88068675994873 13.581673622131348 -1.9124770164489746
v 14.414559364318848 14.104045867919922 -2.0623457431793213
v 14.885245323181152 14.564592361450195 -2.1991679668426514
v 15.367206573486328 15.036171913146973 -2.3438229560852051
v 15.840699195861816 15.49946403503418 -2.4904241561889648
v 16.306116104125977 15.954855918884277 -2.6388607025146484
v 16.763843536376953 16.40272331237793 -2.7890365123748779
v 17.213922500610352 16.843105316162109 -2.9407567977905273
v 17.649826049804688 17.269620895385742 -3.0915307998657227
v 18.091756820678711 17.702030181884766 -3.2482373714447021
v 18.520284652709961 18.121326446533203 -3.4038922786712646
v 18.94273567199707 18.534677505493164 -3.5609068870544434
v 19.359186172485352 18.942157745361328 -3.7191572189331055
v 19.753284454345703 19.327766418457031 -3.8720827102661133
v 20.162269592285156 19.727941513061523 -4.0341830253601074
v 20.557975769042969 20.115123748779297 -4.1941466331481934
v 20.954916000366211 20.503511428833008 -4.3576211929321289
v 21.354902267456055 20.894882202148438 -4.5243420600891113
v 0 0 0
v 0.72290956974029541 0.73666614294052124 -0.0077595748007297516
v 1.4405356645584106 1.4679481983184814 -0.026315195485949516
v 2.1239993572235107 2.1644177436828613 -0.05588662251830101
v 2.8550770282745361 2.909407377243042 -0.10008604824542999
v 3.5532987117767334 3.6209158897399902 -0.15441681444644928
v 4.2166094779968262 4.2968487739562988 -0.21699705719947815
v 4.9202070236206055 5.0138354301452637 -0.29505616426467896
v 5.5863685607910156 5.6926741600036621 -0.38004174828529358
v 6.2407598495483398 6.3595180511474609 -0.47401869297027588
v 6.8822574615478516 7.0132226943969727 -0.57623797655105591
v 7.4863128662109375 7.6287727355957031 -0.68162685632705688
v 8.1256475448608398 8.2802743911743164 -0.80282342433929443
v 8.7280178070068359 8.8941068649291992 -0.92609483003616333
v 9.3178062438964844 9.4951190948486328 -1.0553289651870728
v 9.8951864242553711 10.08348560333252 -1.1900269985198975
v 10.463050842285156 10.662156105041504 -1.3304017782211304
v 11.017592430114746 11.227250099182129 -1.4750409126281738
v 11.540744781494141 11.760358810424805 -1.6183388233184814
v 12.063897132873535 12.293466567993164 -1.7682831287384033
v 12.58704948425293 12.826574325561523 -1.924873948097229
v 13.110202789306641 13.359682083129883 -2.0881111621856689
v 13.60196590423584 13.860803604125977 -2.2476146221160889
v 14.125118255615234 14.393911361694336 -2.4237461090087891
v 14.586353302001953 14.863923072814941 -2.5845446586608887
v 15.058637619018555 15.345193862915039 -2.7545485496520996
v 15.522621154785156 15.818007469177246 -2.9268395900726318
v 15.978693962097168 16.282758712768555 -3.1012880802154541
v 16.427228927612305 16.739830017089844 -3.277780294418335
v 16.868270874023438 17.189264297485352 -3.4560873508453369
v 17.29542350769043 17.624544143676758 -3.6332826614379883
v 17.728479385375977 18.065841674804688 -3.8174500465393066
v 18.148401260375977 18.493755340576172 -4.0003819465637207
v 18.562370300292969 18.91560173034668 -4.1849112510681152
v 18.970458984375 19.331455230712891 -4.3708930015563965
v 19.356643676757813 19.72498893737793 -4.5506162643432617
v 19.757417678833008 20.133388519287109 -4.7411227226257324
v 20.145175933837891 20.528526306152344 -4.9291186332702637
v 20.534145355224609 20.924898147583008 -5.1212396621704102
v 20.926101684570313 21.324312210083008 -5.3171758651733398
v 0 0 0
v 0.70668262243270874 0.75224578380584717 -0.0090000461786985397
v 1.4082003831863403 1.4989936351776123 -0.030522029846906662
v 2.0763225555419922 2.2101926803588867 -0.064820840954780579
v 2.790989875793457 2.970937967300415 -0.11608614027500153
v 3.473538875579834 3.6974940299987793 -0.17910240590572357
v 4.1219606399536133 4.3877224922180176 -0.25168693065643311
v 4.8097643852233887 5.1198720932006836 -0.34222480654716492
v 5.4609732627868652 5.8130674362182617 -0.44079649448394775
v 6.1006755828857422 6.4940142631530762 -0.54979687929153442
v 6.7277731895446777 7.1615443229675293 -0.66835731267929077
v 7.3182697296142578 7.7901124954223633 -0.79059398174285889
v 7.9432539939880371 8.4553918838500977 -0.93116545677185059
v 8.5321025848388672 9.0822067260742188 -1.0741434097290039
v 9.1086521148681641 9.6959295272827148 -1.2240374088287354
v 9.6730718612670898 10.29673957824707 -1.3802685737609863
v 10.228189468383789 10.887648582458496 -1.5430841445922852
v 10.770283699035645 11.464694023132324 -1.7108458280563354
v 11.281693458557129 12.009076118469238 -1.877051830291748
v 11.793102264404297 12.553459167480469 -2.050966739654541
v 12.304512023925781 13.097841262817383 -2.2325906753540039
v 12.815921783447266 13.642223358154297 -2.4219236373901367
v 13.296646118164063 14.153943061828613 -2.6069257259368896
v 13.808055877685547 14.698325157165527 -2.8112142086029053
v 14.258937835693359 15.178277969360352 -2.9977185726165771
v 14.720620155334473 15.669727325439453 -3.1948997974395752
v 15.174189567565918 16.15254020690918 -3.3947339057922363
v 15.620024681091309 16.627120971679688 -3.5970702171325684
v 16.058492660522461 17.093856811523438 -3.8017771244049072
v 16.489633560180664 17.552797317504883 -4.0085887908935547
v 16.907197952270508 17.997282028198242 -4.214111328125
v 17.330532073974609 18.447912216186523 -4.4277205467224121
v 17.741029739379883 18.884876251220703 -4.6398959159851074
v 18.145706176757813 19.315645217895508 -4.8539247512817383
v 18.544635772705078 19.740293502807617 -5.0696382522583008
v 18.922151565551758 20.142148971557617 -5.2780928611755371
v 19.313928604125977 20.559186935424805 -5.4990544319152832
v 19.692983627319336 20.962680816650391 -5.7171034812927246
v 20.073221206665039 21.367435455322266 -5.9399380683898926
v 20.456378936767578 21.775297164916992 -6.1671972274780273
v 0 0 0
v 0.69066345691680908 0.76697897911071777 -0.010197033174335957
v 1.3762791156768799 1.5283523797988892 -0.034581396728754044
v 2.0292561054229736 2.2534806728363037 -0.073441877961158752
v 2.7277233600616455 3.0291256904602051 -0.13152535259723663
v 3.3948001861572266 3.7699117660522461 -0.20292264223098755
v 4.0285234451293945 4.473658561706543 -0.28516075015068054
v 4.7007360458374023 5.2201480865478516 -0.38773998618125916
v 5.3371829986572266 5.9269199371337891 -0.49942150712013245
v 5.9623847007751465 6.6212038993835449 -0.62291872501373291
v 6.5752673149108887 7.3018074035644531 -0.7572474479675293
v 7.1523780822753906 7.9426865577697754 -0.89574134349822998
v 7.7631950378417969 8.6209964752197266 -1.0550085306167603
v 8.3386955261230469 9.2600879669189453 -1.217002272605896
v 8.9021759033203125 9.8858299255371094 -1.3868317604064941
v 9.453801155090332 10.498408317565918 -1.5638414621353149
v 9.9963359832763672 11.100890159606934 -1.7483111619949341
v 10.526141166687012 11.689236640930176 -1.9383847713470459
v 11.025958061218262 12.244281768798828 -2.1266958713531494
v 11.525774955749512 12.799325942993164 -2.3237409591674805
v 12.025591850280762 13.3543701171875 -2.5295207500457764
v 12.525408744812012 13.909415245056152 -2.7440345287322998
v 12.995236396789551 14.431157112121582 -2.953641414642334
v 13.495053291320801 14.986201286315918 -3.1850998401641846
v 13.935714721679688 15.475553512573242 -3.3964087963104248
v 14.386931419372559 15.976628303527832 -3.6198146343231201
v 14.830219268798828 16.468896865844727 -3.8462264537811279
v 15.265948295593262 16.95277214050293 -4.0754733085632324
v 15.694476127624512 17.428651809692383 -4.3074054718017578
v 16.1158447265625 17.896579742431641 -4.5417232513427734
v 16.523942947387695 18.349771499633789 -4.7745790481567383
v 16.937681198120117 18.809226989746094 -5.0165977478027344
v 17.338872909545898 19.254749298095703 -5.2569923400878906
v 17.734376907348633 19.693952560424805 -5.4994869232177734
v 18.124261856079102 20.126918792724609 -5.743889331817627
v 18.493221282958984 20.536645889282227 -5.9800686836242676
v 18.876117706298828 20.961851119995117 -6.2304172515869141
v 19.246580123901367 21.373249053955078 -6.4774665832519531
v 19.618198394775391 21.785930633544922 -6.7299370765686035
v 19.992671966552734 22.201780319213867 -6.987421989440918
v 0 0 0
v 0.67415493726730347 0.78152871131896973 -0.011401918716728687
v 1.343382716178894 1.5573456287384033 -0.038667548447847366
v 1.9807519912719727 2.2962296009063721 -0.08211980015039444
v 2.6625242233276367 3.0865888595581055 -0.14706644415855408
v 3.3136563301086426 3.8414280414581299 -0.22690007090568542
v 3.9322319030761719 4.5585250854492188 -0.31885546445846558
v 4.5883769989013672 5.3191757202148438 -0.43355551362037659
v 5.2096114158630371 6.0393552780151367 -0.55843335390090942
v 5.8198690414428711 6.7468094825744629 -0.69652301073074341
v 6.4181022644042969 7.4403243064880371 -0.84672409296035767
v 6.9814190864562988 8.0933618545532227 -1.0015825033187866
v 7.5776357650756836 8.7845382690429688 -1.179668664932251
v 8.1393814086914063 9.4357538223266602 -1.3608037233352661
v 8.6893930435180664 10.073367118835449 -1.5507004261016846
v 9.2278327941894531 10.697565078735352 -1.748625636100769
v 9.7573986053466797 11.311476707458496 -1.9548922777175903
v 10.274540901184082 11.910984992980957 -2.1674251556396484
v 10.762411117553711 12.476558685302734 -2.3779869079589844
v 11.25028133392334 13.042132377624512 -2.5983152389526367
v 11.738150596618652 13.607706069946289 -2.8284096717834473
v 12.226020812988281 14.173279762268066 -3.0682706832885742
v 12.684618949890137 14.704919815063477 -3.3026447296142578
v 13.172488212585449 15.270493507385254 -3.5614523887634277
v 13.602617263793945 15.769128799438477 -3.7977299690246582
v 14.043048858642578 16.279708862304688 -4.0475335121154785
v 14.475741386413574 16.781316757202148 -4.3006982803344727
v 14.901055335998535 17.274372100830078 -4.557032585144043
v 15.319339752197266 17.75927734375 -4.8163700103759766
v 15.730636596679688 18.236082077026367 -5.0783748626708984
v 16.12898063659668 18.697870254516602 -5.3387455940246582
v 16.532829284667969 19.166042327880859 -5.6093611717224121
v 16.924432754516602 19.620016098022461 -5.8781609535217285
v 17.310482025146484 20.06755256652832 -6.1493082046508789
v 17.691049575805664 20.508731842041016 -6.4225897789001465
v 18.051187515258789 20.926231384277344 -6.6866755485534668
v 18.424932479858398 21.359502792358398 -6.9666056632995605
v 18.786540985107422 21.778703689575195 -7.2428464889526367
v 19.149276733398438 22.199214935302734 -7.5251493453979492
v 19.514797210693359 22.622953414916992 -7.8130583763122559
v 0 0 0
v 0.65734028816223145 0.79572361707687378 -0.012599240057170391
v 1.3098763227462769 1.5856316089630127 -0.04272804781794548
v 1.931348443031311 2.3379361629486084 -0.09074324369430542
v 2.5961158275604248 3.1426503658294678 -0.16250996291637421
v 3.2310075759887695 3.9111998081207275 -0.25072696805000305
v 3.8341546058654785 4.6413211822509766 -0.35233864188194275
v 4.4739346504211426 5.4157876968383789 -0.47908338904380798
v 5.079674243927002 6.1490478515625 -0.61707472801208496
v 5.674710750579834 6.869351863861084 -0.76966530084609985
v 6.2580232620239258 7.575462818145752 -0.93563902378082275
v 6.8072896003723145 8.240361213684082 -1.1067591905593872
v 7.3886356353759766 8.944091796875 -1.3035463094711304
v 7.9363698959350586 9.6071357727050781 -1.5037025213241577
v 8.4726629257202148 10.256329536437988 -1.7135403156280518
v 8.9976739883422852 10.891864776611328 -1.9322496652603149
v 9.5140314102172852 11.516926765441895 -2.1601765155792236
v 10.018275260925293 12.127323150634766 -2.3950276374816895
v 10.493976593017578 12.703169822692871 -2.6277005672454834
v 10.969677925109863 13.279016494750977 -2.8711657524108887
v 11.445380210876465 13.854862213134766 -3.1254227161407471
v 11.92108154296875 14.430708885192871 -3.3904714584350586
v 12.368241310119629 14.972003936767578 -3.6494574546813965
v 12.843942642211914 15.547850608825684 -3.9354424476623535
v 13.26334285736084 16.055543899536133 -4.1965312957763672
v 13.692789077758789 16.575397491455078 -4.472567081451416
v 14.114689826965332 17.086114883422852 -4.752316951751709
v 14.52939510345459 17.588125228881836 -5.0355691909790039
v 14.937247276306152 18.081838607788086 -5.3221397399902344
v 15.338285446166992 18.567302703857422 -5.6116576194763184
v 15.726694107055664 19.037479400634766 -5.8993697166442871
v 16.12047004699707 19.514154434204102 -6.1984028816223145
v 16.50230598449707 19.976373672485352 -6.495429515838623
v 16.878726959228516 20.432039260864258 -6.7950501441955566
v 17.249801635742188 20.881231307983398 -7.0970292091369629
v 17.600957870483398 21.306314468383789 -7.3888473510742188
v 17.96537971496582 21.747453689575195 -7.6981730461120605
v 18.317970275878906 22.174270629882813 -8.0034217834472656
v 18.671657562255859 22.602418899536133 -8.3153696060180664
v 19.02806282043457 23.033853530883789 -8.6335115432739258
v 0 0 0
v 0.64022707939147949 0.80955708026885986 -0.013786807656288147
v 1.2757749557495117 1.6131974458694458 -0.046755470335483551
v 1.8810676336288452 2.3785805702209473 -0.099296435713768005
v 2.5285286903381348 3.1972846984863281 -0.17782768607139587
v 3.1468915939331055 3.9791951179504395 -0.27435976266860962
v 3.7343363761901855 4.7220096588134766 -0.38554906845092773
v 4.3574600219726563 5.5099401473999023 -0.52424037456512451
v 4.9474301338195801 6.2559475898742676 -0.67523843050003052
v 5.5269756317138672 6.9887738227844238 -0.84221172332763672
v 6.0951018333435059 7.707160472869873 -1.0238296985626221
v 6.6300687789916992 8.3836174011230469 -1.2110791206359863
v 7.1962800025939941 9.0995826721191406 -1.4264148473739624
v 7.7297544479370117 9.7741537094116211 -1.6454371213912964
v 8.2520856857299805 10.434633255004883 -1.8750535249710083
v 8.763427734375 11.081217765808105 -2.1143779754638672
v 9.2663431167602539 11.717145919799805 -2.3637886047363281
v 9.7574596405029297 12.338154792785645 -2.6207756996154785
v 10.220776557922363 12.92401123046875 -2.8753800392150879
v 10.684093475341797 13.509868621826172 -3.1417934894561768
v 11.14741039276123 14.095726013183594 -3.420015811920166
v 11.61072826385498 14.681583404541016 -3.7100472450256348
v 12.046246528625488 15.23228931427002 -3.9934444427490234
v 12.509563446044922 15.818146705627441 -4.3063855171203613
v 12.918045043945313 16.334665298461914 -4.5920844078063965
v 13.336311340332031 16.863555908203125 -4.8941383361816406
v 13.747227668762207 17.383153915405273 -5.20025634765625
v 14.151137351989746 17.893890380859375 -5.5102071762084961
v 14.548371315002441 18.396186828613281 -5.823789119720459
v 14.938968658447266 18.890090942382813 -6.1405959129333496
v 15.317265510559082 19.368442535400391 -6.4554271697998047
v 15.700790405273438 19.853403091430664 -6.782646656036377
v 16.072685241699219 20.323657989501953 -7.1076698303222656
v 16.439306259155273 20.78724479675293 -7.4355320930480957
v 16.80072021484375 21.244247436523438 -7.7659745216369629
v 17.142734527587891 21.676719665527344 -8.0852985382080078
v 17.497669219970703 22.125528335571289 -8.4237804412841797
v 17.841079711914063 22.559764862060547 -8.7578010559082031
v 18.18556022644043 22.995355606079102 -9.099151611328125
v 18.532686233520508 23.434291839599609 -9.4472808837890625
v 0 0 0
v 0.62282294034957886 0.82302266359329224 -0.014962431043386459
v 1.2410939931869507 1.6400302648544312 -0.050742384046316147
v 1.8299322128295898 2.4181442260742188 -0.10776360332965851
v 2.4597923755645752 3.2504661083221436 -0.19299133121967316
v 3.0613455772399902 4.045382022857666 -0.29775485396385193
v 3.6328210830688477 4.8005523681640625 -0.41842544078826904
v 4.2390055656433105 5.601588249206543 -0.56894320249557495
v 4.8129377365112305 6.3600044250488281 -0.73281705379486084
v 5.3767285346984863 7.1050200462341309 -0.91402846574783325
v 5.9294109344482422 7.8353557586669922 -1.1111332178115845
v 6.4498348236083984 8.5230646133422852 -1.3143497705459595
v 7.0006542205810547 9.2509393692016602 -1.5480475425720215
v 7.5196266174316406 9.9367294311523438 -1.7857460975646973
v 8.0277585983276367 10.608195304870605 -2.0349423885345459
v 8.5252008438110352 11.265534400939941 -2.2946743965148926
v 9.0144443511962891 11.912039756774902 -2.5653524398803711
v 9.4922094345092773 12.543377876281738 -2.8442535400390625
v 9.94293212890625 13.138979911804199 -3.1205682754516602
v 10.393653869628906 13.73458194732666 -3.4096992015838623
v 10.844376564025879 14.330183982849121 -3.7116460800170898
v 11.295098304748535 14.925786018371582 -4.0264091491699219
v 11.718777656555176 15.485651969909668 -4.3339719772338867
v 12.169499397277832 16.081254959106445 -4.6735982894897461
v 12.566877365112305 16.606363296508789 -4.9836587905883789
v 12.973773002624512 17.144052505493164 -5.3114690780639648
v 13.373518943786621 17.672292709350586 -5.6436905860900879
v 13.766448974609375 18.191524505615234 -5.9800710678100586
v 14.152884483337402 18.702177047729492 -6.3203930854797363
v 14.532863616943359 19.204296112060547 -6.6642146110534668
v 14.900876045227051 19.690601348876953 -7.0058917999267578
v 15.27397632598877 20.183629989624023 -7.3610134124755859
v 15.635761260986328 20.661706924438477 -7.713752269744873
v 15.992415428161621 21.133005142211914 -8.0695714950561523
v 16.344005584716797 21.59760856628418 -8.428192138671875
v 16.676721572875977 22.037273406982422 -8.774744987487793
v 17.022008895874023 22.493549346923828 -9.14208984375
v 17.356082916259766 22.935007095336914 -9.5045928955078125
v 17.691198348999023 23.377843856811523 -9.8750505447387695
v 18.028888702392578 23.824079513549805 -10.252865791320801
v 0 0 0
v 0.60510700941085815 0.83613449335098267 -0.016125768423080444
v 1.2057914733886719 1.6661580801010132 -0.054687630385160446
v 1.7778804302215576 2.4566683769226074 -0.11614228039979935
v 2.389824390411377 3.3022503852844238 -0.20799650251865387
v 2.9742667675018311 4.109830379486084 -0.32090544700622559
v 3.5294868946075439 4.8770313262939453 -0.450958251953125
v 4.1184287071228027 5.690828800201416 -0.61317884922027588
v 4.6760354042053223 6.4613275527954102 -0.78979396820068359
v 5.2237896919250488 7.2182121276855469 -0.98509460687637329
v 5.7607507705688477 7.9601836204528809 -1.1975244283676147
v 6.2663717269897461 8.658848762512207 -1.4165410995483398
v 6.8015232086181641 9.3983182907104492 -1.668408989906311
v 7.3057336807250977 10.095034599304199 -1.9245887994766235
v 7.7994122505187988 10.77719783782959 -2.1931602954864502
v 8.2827043533325195 11.445009231567383 -2.4730863571166992
v 8.7580318450927734 12.101814270019531 -2.7648100852966309
v 9.2222070693969727 12.743210792541504 -3.0653958320617676
v 9.6601095199584961 13.348301887512207 -3.3631939888000488
v 10.098011016845703 13.953392028808594 -3.6748049259185791
v 10.53591251373291 14.558483123779297 -4.0002284049987793
v 10.973814010620117 15.16357421875 -4.3394641876220703
v 11.385441780090332 15.732358932495117 -4.6709403991699219
v 11.823343276977539 16.33745002746582 -5.0369729995727539
v 12.209417343139648 16.870925903320313 -5.3711404800415039
v 12.604739189147949 17.417179107666016 -5.7244386672973633
v 12.993114471435547 17.953834533691406 -6.0824899673461914
v 13.37486743927002 18.481340408325195 -6.4450249671936035
v 13.750310897827148 19.000125885009766 -6.8118066787719727
v 14.119481086730957 19.510244369506836 -7.1823606491088867
v 14.47702693939209 20.004299163818359 -7.5506033897399902
v 14.839513778686523 20.505182266235352 -7.9333362579345703
v 15.191007614135742 20.990875244140625 -8.3135004043579102
v 15.537517547607422 21.469680786132813 -8.6969852447509766
v 15.879105567932129 21.941686630249023 -9.0834875106811523
v 16.202358245849609 22.388357162475586 -9.4569854736328125
v 16.537822723388672 22.851900100708008 -9.8528919219970703
v 16.862396240234375 23.300392150878906 -10.243579864501953
v 17.187978744506836 23.750284194946289 -10.642841339111328
v 17.516063690185547 24.203628540039063 -11.050031661987305
v 0 0 0
v 0.58667588233947754 0.84916776418685913 -0.017300309613347054
v 1.1690640449523926 1.692129373550415 -0.058670874685049057
v 1.7237275838851929 2.4949617385864258 -0.12460165470838547
v 2.3170320987701416 3.3537242412567139 -0.22314620018005371
v 2.8836727142333984 4.1738924980163574 -0.34427899122238159
v 3.4219813346862793 4.9530520439147949 -0.4838043749332428
v 3.9929842948913574 5.7795348167419434 -0.65784049034118652
v 4.533607006072998 6.5620436668395996 -0.84731960296630859
v 5.0646767616271973 7.3307266235351563 -1.0568453073501587
v 5.5852828025817871 8.0842628479003906 -1.2847477197647095
v 6.075502872467041 8.793818473815918 -1.519716739654541
v 6.5943536758422852 9.5448150634765625 -1.7899297475814819
v 7.0832061767578125 10.25239086151123 -2.0647687911987305
v 7.5618481636047363 10.945187568664551 -2.3529019355773926
v 8.0304193496704102 11.623408317565918 -2.6532168388366699
v 8.4912681579589844 12.290452003479004 -2.9661884307861328
v 8.9413061141967773 12.941845893859863 -3.2886676788330078
v 9.3658695220947266 13.556368827819824 -3.608156681060791
v 9.7904329299926758 14.170890808105469 -3.9424641132354736
v 10.214996337890625 14.78541374206543 -4.2915902137756348
v 10.639559745788574 15.399936676025391 -4.6555347442626953
v 11.038649559020996 15.977587699890137 -5.0111546516418457
v 11.463212966918945 16.592109680175781 -5.4038472175598145
v 11.837527275085449 17.133901596069336 -5.762354850769043
v 12.220808029174805 17.688671112060547 -6.141385555267334
v 12.597353935241699 18.233692169189453 -6.5255160331726074
v 12.96747875213623 18.769418716430664 -6.9144563674926758
v 13.331486701965332 19.296291351318359 -7.3079533576965332
v 13.689412117004395 19.814361572265625 -7.7054972648620605
v 14.036067008972168 20.316116333007813 -8.1005611419677734
v 14.387513160705566 20.824808120727539 -8.5111713409423828
v 14.728300094604492 21.318071365356445 -8.9190244674682617
v 15.064255714416504 21.804340362548828 -9.3304414749145508
v 15.395440101623535 22.283702850341797 -9.7450952529907227
v 15.708847045898438 22.737337112426758 -10.145796775817871
v 16.034093856811523 23.208105087280273 -10.570539474487305
v 16.348779678344727 23.66358757019043 -10.989684104919434
v 16.664445877075195 24.120492935180664 -11.418025970458984
v 16.982536315917969 24.580904006958008 -11.854874610900879
v 0 0 0
v 0.567893385887146 0.86184120178222656 -0.01845984160900116
v 1.1316362619400024 1.7173835039138794 -0.062603212893009186
v 1.6685421466827393 2.5321977138519287 -0.13295292854309082
v 2.2428522109985352 3.4037768840789795 -0.23810230195522308
v 2.7913515567779541 4.2361855506896973 -0.3673538863658905
v 3.3124260902404785 5.0269737243652344 -0.51623076200485229
v 3.8651485443115234 5.8657913208007813 -0.70193147659301758
v 4.388463020324707 6.6599788665771484 -0.90411019325256348
v 4.9025306701660156 7.4401335716247559 -1.1276789903640747
v 5.4064693450927734 8.2049169540405273 -1.3708562850952148
v 5.8809947967529297 8.9250612258911133 -1.621573805809021
v 6.383234977722168 9.6872663497924805 -1.9098975658416748
v 6.8564367294311523 10.405403137207031 -2.2031571865081787
v 7.3197546005249023 11.108538627624512 -2.5106022357940674
v 7.7733244895935059 11.796881675720215 -2.831045389175415
v 8.2194194793701172 12.473880767822266 -3.1649935245513916
v 8.6550483703613281 13.13499641418457 -3.5090866088867188
v 9.0660200119018555 13.758689880371094 -3.8499889373779297
v 9.4769906997680664 14.382384300231934 -4.206702709197998
v 9.8879613876342773 15.006078720092773 -4.5792288780212402
v 10.298933029174805 15.629772186279297 -4.9675664901733398
v 10.685245513916016 16.216045379638672 -5.3470206260681152
v 11.096216201782227 16.839738845825195 -5.7660331726074219
v 11.458547592163086 17.389616012573242 -6.1485691070556641
v 11.829557418823242 17.952665328979492 -6.553004264831543
v 12.194047927856445 18.505819320678711 -6.9628806114196777
v 12.552323341369629 19.049541473388672 -7.3778891563415527
v 12.904677391052246 19.584278106689453 -7.797760009765625
v 13.251144409179688 20.110080718994141 -8.2219486236572266
v 13.586700439453125 20.61932373046875 -8.6434917449951172
v 13.926895141601563 21.13560676574707 -9.0816211700439453
v 14.256772041320801 21.636232376098633 -9.5168113708496094
v 14.581972122192383 22.129758834838867 -9.9558019638061523
v 14.902552604675293 22.616275787353516 -10.398248672485352
v 15.205925941467285 23.076679229736328 -10.825806617736816
v 15.520760536193848 23.554473876953125 -11.279016494750977
v 15.825370788574219 24.016756057739258 -11.726253509521484
v 16.130931854248047 24.480478286743164 -12.183304786682129
v 16.438838958740234 24.947761535644531 -12.649433135986328
v 0 0 0
v 0.54813110828399658 0.87454241514205933 -0.019639197736978531
v 1.0922561883926392 1.7426930665969849 -0.066602788865566254
v 1.6104781627655029 2.5695154666900635 -0.14144697785377502
v 2.1648025512695313 3.4539391994476318 -0.25331410765647888
v 2.6942148208618164 4.2986154556274414 -0.39082327485084534
v 3.1971561908721924 5.1010580062866211 -0.54921156167984009
v 3.7306442260742188 5.952237606048584 -0.746776282787323
v 4.2357478141784668 6.7581291198730469 -0.96187174320220947
v 4.731926441192627 7.549781322479248 -1.1997238397598267
v 5.2183284759521484 8.3258352279663086 -1.4584372043609619
v 5.6763405799865723 9.0565929412841797 -1.7251725196838379
v 6.1611032485961914 9.8300304412841797 -2.031916618347168
v 6.6178379058837891 10.558750152587891 -2.34391188621521
v 7.0650324821472168 11.272249221801758 -2.6709988117218018
v 7.5028190612792969 11.970736503601074 -3.0119144916534424
v 7.9333901405334473 12.657711982727051 -3.3671977519989014
v 8.3538599014282227 13.328570365905762 -3.7332742214202881
v 8.7505292892456055 13.961456298828125 -4.0959558486938477
v 9.1471986770629883 14.594342231750488 -4.4754595756530762
v 9.5438680648803711 15.227227210998535 -4.8717851638793945
v 9.9405374526977539 15.860113143920898 -5.2849326133728027
v 10.313406944274902 16.455024719238281 -5.6886296272277832
v 10.710076332092285 17.087911605834961 -6.1344122886657715
v 11.059798240661621 17.645891189575195 -6.5413875579833984
v 11.417898178100586 18.217239379882813 -6.9716606140136719
v 11.769704818725586 18.778545379638672 -7.4077234268188477
v 12.115511894226074 19.330280303955078 -7.8492460250854492
v 12.455604553222656 19.872898101806641 -8.2959413528442383
v 12.790014266967773 20.406448364257813 -8.7472305297851563
v 13.113893508911133 20.923198699951172 -9.195704460144043
v 13.442249298095703 21.447088241577148 -9.6618261337280273
v 13.760647773742676 21.95509147644043 -10.124818801879883
v 14.074530601501465 22.455892562866211 -10.591856002807617
v 14.383955001831055 22.949579238891602 -11.062568664550781
v 14.676772117614746 23.416767120361328 -11.51744270324707
v 14.980649948120117 23.901603698730469 -11.999608039855957
v 15.274660110473633 24.370697021484375 -12.475417137145996
v 15.569587707519531 24.841255187988281 -12.961668968200684
v 15.866780281066895 25.315423965454102 -13.457576751708984
v 0 0 0
v 0.52797162532806396 0.88685858249664307 -0.020799346268177032
v 1.0520845651626587 1.7672353982925415 -0.070537224411964417
v 1.5512471199035645 2.6057019233703613 -0.14980269968509674
v 2.0851843357086182 3.5025811195373535 -0.26827818155288696
v 2.5951254367828369 4.3591532707214355 -0.41391041874885559
v 3.0795693397521973 5.1728963851928711 -0.58165520429611206
v 3.5934364795684814 6.0360627174377441 -0.79089069366455078
v 4.079963207244873 6.8533039093017578 -1.0186924934387207
v 4.5578927993774414 7.6561050415039063 -1.2705953121185303
v 5.0264058113098145 8.4430875778198242 -1.5445915460586548
v 5.4675731658935547 9.1841373443603516 -1.8270838260650635
v 5.9345064163208008 9.9684667587280273 -2.1519482135772705
v 6.3744430541992188 10.707448959350586 -2.4823741912841797
v 6.8051905632019043 11.430995941162109 -2.8287830352783203
v 7.2268757820129395 12.139320373535156 -3.1898376941680908
v 7.6416115760803223 12.835970878601074 -3.5661087036132813
v 8.0466165542602539 13.516277313232422 -3.953810453414917
v 8.4286975860595703 14.158075332641602 -4.3379168510437012
v 8.8107776641845703 14.799874305725098 -4.7398390769958496
v 9.1928586959838867 15.441672325134277 -5.1595768928527832
v 9.5749387741088867 16.083471298217773 -5.597130298614502
v 9.9340944290161133 16.686761856079102 -6.0246748924255371
v 10.31617546081543 17.328559875488281 -6.496790885925293
v 10.653035163879395 17.894399642944336 -6.9278078079223633
v 10.997963905334473 18.473793029785156 -7.3834986686706543
v 11.336831092834473 19.043003082275391 -7.8453207015991211
v 11.669920921325684 19.602508544921875 -8.3129253387451172
v 11.997505187988281 20.152769088745117 -8.7860078811645508
v 12.319616317749023 20.693832397460938 -9.2639560699462891
v 12.631583213806152 21.217859268188477 -9.7389240264892578
v 12.94786262512207 21.749128341674805 -10.232580184936523
v 13.254550933837891 22.264286041259766 -10.722923278808594
v 13.556889533996582 22.772138595581055 -11.217550277709961
v 13.854933738708496 23.272777557373047 -11.716069221496582
v 14.136981010437012 23.746545791625977 -12.197813987731934
v 14.429682731628418 24.238210678100586 -12.708461761474609
v 14.71288013458252 24.713911056518555 -13.212379455566406
v 14.996960639953613 25.191093444824219 -13.727355003356934
v 15.283223152160645 25.671941757202148 -14.252557754516602
v 0 0 0
v 0.50753581523895264 0.89871054887771606 -0.021931139752268791
v 1.0113623142242432 1.7908527851104736 -0.07437550276517868
v 1.4912041425704956 2.6405246257781982 -0.15795418620109558
v 2.004474401473999 3.5493896007537842 -0.28287649154663086
v 2.4946777820587158 4.4174089431762695 -0.43643331527709961
v 2.9603707790374756 5.2420268058776855 -0.61330592632293701
v 3.4543478488922119 6.1167287826538086 -0.83392691612243652
v 3.9220428466796875 6.9448914527893066 -1.0741244554519653
v 4.3814735412597656 7.7584209442138672 -1.3397345542907715
v 4.8318519592285156 8.5559215545654297 -1.6286404132843018
v 5.2559432983398438 9.3068733215332031 -1.926504373550415
v 5.7048039436340332 10.101685523986816 -2.2690463066101074
v 6.1277122497558594 10.850543975830078 -2.6174521446228027
v 6.5417871475219727 11.583760261535645 -2.9827110767364502
v 6.9471502304077148 12.301549911499023 -3.3634121417999268
v 7.3458328247070313 13.007510185241699 -3.7601580619812012
v 7.7351622581481934 13.696908950805664 -4.1689562797546387
v 8.1024541854858398 14.347284317016602 -4.5739641189575195
v 8.4697456359863281 14.997659683227539 -4.9977569580078125
v 8.8370370864868164 15.648035049438477 -5.4403343200683594
v 9.2043285369873047 16.298410415649414 -5.9016976356506348
v 9.5495824813842773 16.909763336181641 -6.3525071144104004
v 9.916874885559082 17.560138702392578 -6.8503131866455078
v 10.240695953369141 18.133539199829102 -7.3047833442687988
v 10.572273254394531 18.720676422119141 -7.7852706909179688
v 10.898024559020996 19.297494888305664 -8.2722225189208984
v 11.218221664428711 19.864477157592773 -8.7652721405029297
v 11.533125877380371 20.422090530395508 -9.2640981674194336
v 11.842769622802734 20.97038459777832 -9.7680530548095703
v 12.142662048339844 21.501415252685547 -10.268865585327148
v 12.446699142456055 22.039783477783203 -10.789384841918945
v 12.74151611328125 22.561826705932617 -11.30640983581543
v 13.03215217590332 23.076465606689453 -11.827951431274414
v 13.318660736083984 23.583795547485352 -12.353597640991211
v 13.589791297912598 24.063894271850586 -12.861557006835938
v 13.871163368225098 24.562129974365234 -13.399991035461426
v 14.143399238586426 25.044187545776367 -13.931328773498535
v 14.416483879089355 25.527748107910156 -14.474327087402344
v 14.691665649414063 26.015020370483398 -15.028109550476074
v 0 0 0
v 0.48683422803878784 0.91009187698364258 -0.023032134398818016
v 0.97011035680770874 1.8135322332382202 -0.078109323978424072
v 1.4303802251815796 2.673964262008667 -0.165883868932724
v 1.9227150678634644 3.59433913230896 -0.29707756638526917
v 2.3929238319396973 4.473351001739502 -0.45834329724311829
v 2.8396217823028564 5.3084120750427246 -0.64409530162811279
v 3.3134505748748779 6.1941909790039063 -0.87579196691513062
v 3.7620687484741211 7.032841682434082 -1.1280480623245239
v 4.2027602195739746 7.8566737174987793 -1.4069923162460327
v 4.6347684860229492 8.6642732620239258 -1.7104018926620483
v 5.0415616035461426 9.4247360229492188 -2.0232193470001221
v 5.4721136093139648 10.2296142578125 -2.3829576969146729
v 5.877772331237793 10.987955093383789 -2.748854398727417
v 6.2749576568603516 11.730457305908203 -3.1324501037597656
v 6.6637868881225586 12.457337379455566 -3.5322635173797607
v 7.0462079048156738 13.172238349914551 -3.9489269256591797
v 7.4196567535400391 13.870367050170898 -4.3782477378845215
v 7.7719674110412598 14.52897834777832 -4.8035879135131836
v 8.1242780685424805 15.187590599060059 -5.2486557960510254
v 8.476588249206543 15.846202850341797 -5.7134518623352051
v 8.8288984298706055 16.504814147949219 -6.1979765892028809
v 9.1600704193115234 17.123908996582031 -6.6714177131652832
v 9.5123805999755859 17.782522201538086 -7.1942148208618164
v 9.822993278503418 18.363183975219727 -7.6715006828308105
v 10.141046524047852 18.957756042480469 -8.1761093139648438
v 10.453511238098145 19.541877746582031 -8.6875076293945313
v 10.760647773742676 20.11604118347168 -9.2053098678588867
v 11.062707901000977 20.680715560913086 -9.7291774749755859
v 11.359721183776855 21.235954284667969 -10.258432388305664
v 11.647381782531738 21.773710250854492 -10.784387588500977
v 11.939017295837402 22.31889533996582 -11.331036567687988
v 12.221809387207031 22.847549438476563 -11.874018669128418
v 12.500591278076172 23.368707656860352 -12.42174243927002
v 12.775413513183594 23.882461547851563 -12.973777770996094
v 13.035484313964844 24.368640899658203 -13.507237434387207
v 13.305379867553711 24.873186111450195 -14.072702407836914
v 13.566512107849121 25.361347198486328 -14.630714416503906
v 13.828457832336426 25.851032257080078 -15.200972557067871
v 14.092415809631348 26.344476699829102 -15.78255558013916
v 0 0 0
v 0.46576434373855591 0.92105317115783691 -0.02410551905632019
v 0.92812460660934448 1.8353747129440308 -0.081749513745307922
v 1.3684742450714111 2.7061700820922852 -0.17361468076705933
v 1.8395011425018311 3.6376302242279053 -0.31092247366905212
v 2.2893593311309814 4.527228832244873 -0.47970381379127502
v 2.7167246341705322 5.372347354888916 -0.67411255836486816
v 3.170046329498291 6.2687954902648926 -0.91660720109939575
v 3.5992486476898193 7.117546558380127 -1.1806193590164185
v 4.0208673477172852 7.951301097869873 -1.4725635051727295
v 4.434178352355957 8.7686281204223633 -1.790113091468811
v 4.8233661651611328 9.5382499694824219 -2.1175088882446289
v 5.2352838516235352 10.352821350097656 -2.4940123558044434
v 5.6233859062194824 11.120296478271484 -2.8769614696502686
v 6.0033812522888184 11.87174129486084 -3.2784340381622314
v 6.3753824234008789 12.607376098632813 -3.6968801021575928
v 6.7412524223327637 13.330886840820313 -4.1329617500305176
v 7.0985383987426758 14.037424087524414 -4.5822906494140625
v 7.4356012344360352 14.70396900177002 -5.0274529457092285
v 7.7726640701293945 15.370512962341309 -5.493262767791748
v 8.1097269058227539 16.037057876586914 -5.9797205924987793
v 8.4467887878417969 16.703601837158203 -6.4868254661560059
v 8.7636280059814453 17.33015251159668 -6.9823307991027832
v 9.1006908416748047 17.996698379516602 -7.5294923782348633
v 9.3978605270385742 18.584354400634766 -8.0290212631225586
v 9.7021484375 19.186086654663086 -8.5571470260620117
v 10.001090049743652 19.777244567871094 -9.0923786163330078
v 10.294933319091797 20.35832405090332 -9.6343116760253906
v 10.583920478820801 20.929798126220703 -10.18259334564209
v 10.86807918548584 21.491725921630859 -10.736514091491699
v 11.143289566040039 22.035957336425781 -11.286979675292969
v 11.422304153442383 22.587709426879883 -11.859106063842773
v 11.692856788635254 23.122730255126953 -12.42739200592041
v 11.959573745727539 23.650163650512695 -13.000642776489258
v 12.222501754760742 24.170106887817383 -13.578404426574707
v 12.471316337585449 24.662141799926758 -14.136725425720215
v 12.729531288146973 25.172763824462891 -14.728543281555176
v 12.979361534118652 25.666805267333984 -15.31256103515625
v 13.229970932006836 26.162387847900391 -15.909395217895508
v 13.482504844665527 26.661773681640625 -16.518081665039063
v 0 0 0
v 0.4433443546295166 0.93205153942108154 -0.025195298716425896
v 0.88344848155975342 1.8572911024093628 -0.085445307195186615
v 1.3026014566421509 2.7384846210479736 -0.1814635694026947
v 1.7509551048278809 3.6810672283172607 -0.32497888803482056
v 2.1791591644287109 4.5812888145446777 -0.50139057636260986
v 2.5859527587890625 5.4364991188049316 -0.70458829402923584
v 3.0174534320831299 6.343651294708252 -0.95804578065872192
v 3.4259955883026123 7.202538013458252 -1.2339936494827271
v 3.8273193836212158 8.0462484359741211 -1.5391361713409424
v 4.2207355499267578 8.8733348846435547 -1.8710417747497559
v 4.591188907623291 9.6521463394165039 -2.2132389545440674
v 4.9832792282104492 10.476445198059082 -2.6067636013031006
v 5.3526992797851563 11.253085136413574 -3.0070252418518066
v 5.7144036293029785 12.01350212097168 -3.4266476631164551
v 6.0684976577758789 12.75792121887207 -3.864011287689209
v 6.4167561531066895 13.490072250366211 -4.3198075294494629
v 6.7568440437316895 14.205045700073242 -4.7894501686096191
v 7.0776820182800293 14.879549980163574 -5.2547378540039063
v 7.3985199928283691 15.55405330657959 -5.7416062355041504
v 7.7193574905395508 16.228557586669922 -6.2500557899475098
v 8.0401954650878906 16.903060913085938 -6.7800865173339844
v 8.3417825698852539 17.537094116210938 -7.2979931831359863
v 8.6626205444335938 18.211597442626953 -7.8698906898498535
v 8.9454860687255859 18.806270599365234 -8.392003059387207
v 9.2351274490356445 19.415187835693359 -8.944005012512207
v 9.5196781158447266 20.013406753540039 -9.5034332275390625
v 9.79937744140625 20.601423263549805 -10.069866180419922
v 10.074454307556152 21.179721832275391 -10.642935752868652
v 10.344935417175293 21.748359680175781 -11.221898078918457
v 10.606898307800293 22.299089431762695 -11.797249794006348
v 10.872481346130371 22.857431411743164 -12.395240783691406
v 11.130010604858398 23.398839950561523 -12.989218711853027
v 11.383889198303223 23.932571411132813 -13.588384628295898
v 11.634160995483398 24.458723068237305 -14.192266464233398
v 11.870999336242676 24.956632614135742 -14.77582836151123
v 12.11678409576416 25.473352432250977 -15.394401550292969
v 12.354588508605957 25.973293304443359 -16.00482177734375
v 12.593134880065918 26.474794387817383 -16.628637313842773
v 12.833512306213379 26.980144500732422 -17.264842987060547
v 0 0 0
v 0.42035964131355286 0.94264018535614014 -0.026256686076521873
v 0.83764702081680298 1.8783910274505615 -0.089044809341430664
v 1.2350695133209229 2.7695953845977783 -0.1891079843044281
v 1.6601786613464355 3.722886323928833 -0.33866909146308899
v 2.0661828517913818 4.6333351135253906 -0.52251237630844116
v 2.4518866539001465 5.4982609748840332 -0.73427009582519531
v 2.8610165119171143 6.4157190322875977 -0.998404860496521
v 3.2483785152435303 7.28436279296875 -1.2859773635864258
v 3.6288957595825195 8.1376581192016602 -1.603974461555481
v 4.001915454864502 8.9741411209106445 -1.9498621225357056
v 4.3531637191772461 9.7618007659912109 -2.3064746856689453
v 4.7249259948730469 10.595463752746582 -2.7165770530700684
v 5.0751943588256836 11.380926132202148 -3.1337003707885742
v 5.4181461334228516 12.149982452392578 -3.5710000991821289
v 5.7538824081420898 12.902858734130859 -4.0267882347106934
v 6.0840859413146973 13.643327713012695 -4.5017857551574707
v 6.4065427780151367 14.366423606872559 -4.9912123680114746
v 6.7107467651367188 15.048589706420898 -5.4761009216308594
v 7.014951229095459 15.730756759643555 -5.9834794998168945
v 7.3191556930541992 16.412921905517578 -6.5133485794067383
v 7.6233596801757813 17.095088958740234 -7.0657072067260742
v 7.9093117713928223 17.736326217651367 -7.6054315567016602
v 8.2135162353515625 18.418491363525391 -8.2014217376708984
v 8.4817161560058594 19.019920349121094 -8.7455282211303711
v 8.7563419342041016 19.635757446289063 -9.3207836151123047
v 9.0261402130126953 20.24077033996582 -9.9037790298461914
v 9.2913389205932617 20.835468292236328 -10.494073867797852
v 9.552154541015625 21.420337677001953 -11.09128475189209
v 9.8086128234863281 21.995433807373047 -11.694636344909668
v 10.056994438171387 22.552419662475586 -12.294225692749023
v 10.308809280395508 23.117105484008789 -12.917407989501953
v 10.552987098693848 23.664665222167969 -13.536408424377441
v 10.793703079223633 24.204460144042969 -14.16081428527832
v 11.030999183654785 24.736589431762695 -14.790136337280273
v 11.255558967590332 25.240156173706055 -15.398281097412109
v 11.488601684570313 25.762744903564453 -16.042913436889648
v 11.714077949523926 26.268365859985352 -16.679048538208008
v 11.940256118774414 26.775562286376953 -17.329143524169922
v 12.168171882629395 27.286655426025391 -17.992149353027344
v 0 0 0
v 0.3957219123840332 0.95324510335922241 -0.027331821620464325
v 0.78855162858963013 1.8995232582092285 -0.092690937221050262
v 1.1626807451248169 2.8007540702819824 -0.19685140252113342
v 1.5628738403320313 3.7647695541381836 -0.35253658890724182
v 1.9450815916061401 4.6854610443115234 -0.5439077615737915
v 2.3081789016723633 5.560117244720459 -0.76433628797531128
v 2.6933293342590332 6.4878969192504883 -1.0392866134643555
v 3.0579874515533447 7.3663134574890137 -1.3386343717575073
v 3.4162023067474365 8.2292089462280273 -1.6696525812149048
v 3.7673590183258057 9.0751018524169922 -2.0297033786773682
v 4.098020076751709 9.8716230392456055 -2.4009180068969727
v 4.4479928016662598 10.714664459228516 -2.8278131484985352
v 4.7777314186096191 11.508964538574219 -3.2620162963867188
v 5.1005825996398926 12.286672592163086 -3.7172222137451172
v 5.4166412353515625 13.048018455505371 -4.191673755645752
v 5.7274913787841797 13.796817779541016 -4.6861205101013184
v 6.0310482978820801 14.528048515319824 -5.1955881118774414
v 6.3174228668212891 15.217889785766602 -5.7003312110900879
v 6.603797435760498 15.907731056213379 -6.2284855842590332
v 6.890172004699707 16.597572326660156 -6.7800507545471191
v 7.176546573638916 17.287412643432617 -7.3550276756286621
v 7.4457383155822754 17.935863494873047 -7.9168515205383301
v 7.7321128845214844 18.625703811645508 -8.5372457504272461
v 7.9845938682556152 19.233898162841797 -9.1036319732666016
v 8.2431230545043945 19.856662750244141 -9.7024421691894531
v 8.4971084594726563 20.468482971191406 -10.309309959411621
v 8.7467632293701172 21.069869995117188 -10.923775672912598
v 8.9922924041748047 21.661319732666016 -11.545439720153809
v 9.2337188720703125 22.242887496948242 -12.173498153686523
v 9.4675426483154297 22.80613899230957 -12.797638893127441
v 9.7045984268188477 23.377176284790039 -13.446337699890137
v 9.9344654083251953 23.930896759033203 -14.09068489074707
v 10.16107177734375 24.476764678955078 -14.740658760070801
v 10.38446044921875 25.014881134033203 -15.395749092102051
v 10.595858573913574 25.524112701416016 -16.02879524230957
v 10.815242767333984 26.052581787109375 -16.699823379516602
v 11.02750301361084 26.56389045715332 -17.362007141113281
v 11.240425109863281 27.076793670654297 -18.038721084594727
v 11.454982757568359 27.593635559082031 -18.728874206542969
v 0 0 0
v 0.3708171546459198 0.96320676803588867 -0.028352851048111916
v 0.73892414569854736 1.9193738698959351 -0.096153572201728821
v 1.0895074605941772 2.8300225734710693 -0.20420515537261963
v 1.4645143747329712 3.8041126728057861 -0.36570626497268677
v 1.8226679563522339 4.7344255447387695 -0.56422644853591919
v 2.1629137992858887 5.6182222366333008 -0.79288953542709351
v 2.5238246917724609 6.5556974411010742 -1.0781110525131226
v 2.8655331134796143 7.443293571472168 -1.3886415958404541
v 3.2012038230895996 8.3152065277099609 -1.7320255041122437
v 3.5302605628967285 9.1699390411376953 -2.1055266857147217
v 3.840111255645752 9.9747848510742188 -2.4906089305877686
v 4.1680588722229004 10.82663631439209 -2.9334511756896973
v 4.4770450592041016 11.629236221313477 -3.3838748931884766
v 4.7795777320861816 12.415071487426758 -3.8560860157012939
v 5.0757451057434082 13.184374809265137 -4.3482613563537598
v 5.3670315742492676 13.940998077392578 -4.8611793518066406
v 5.651484489440918 14.679871559143066 -5.389678955078125
v 5.9198360443115234 15.376921653747559 -5.9132776260375977
v 6.1881875991821289 16.073970794677734 -6.4611620903015137
v 6.4565391540527344 16.771020889282227 -7.033332347869873
v 6.7248907089233398 17.468070983886719 -7.6297879219055176
v 6.9771413803100586 18.123298645019531 -8.2125997543334961
v 7.2454929351806641 18.820348739624023 -8.8561697006225586
v 7.482083797454834 19.434898376464844 -9.4437150955200195
v 7.7243423461914063 20.064170837402344 -10.064894676208496
v 7.9623432159423828 20.682384490966797 -10.694433212280273
v 8.1962862014770508 21.290058135986328 -11.331852912902832
v 8.4263629913330078 21.887687683105469 -11.976740837097168
v 8.6525955200195313 22.475332260131836 -12.628261566162109
v 8.8717031478881836 23.044469833374023 -13.275717735290527
v 9.0938396453857422 23.621475219726563 -13.948651313781738
v 9.3092403411865234 24.18098258972168 -14.617068290710449
v 9.5215854644775391 24.732555389404297 -15.291322708129883
v 9.7309150695800781 25.276294708251953 -15.970885276794434
v 9.9290084838867188 25.790847778320313 -16.627580642700195
v 10.134585380554199 26.324838638305664 -17.323675155639648
v 10.333487510681152 26.841489791870117 -18.010595321655273
v 10.53300952911377 27.35975456237793 -18.712591171264648
v 10.734063148498535 27.881996154785156 -19.428525924682617
v 0 0 0
v 0.34566217660903931 0.97251838445663452 -0.029316939413547516
v 0.68879801034927368 1.9379289150238037 -0.099423103034496307
v 1.0155988931655884 2.8573813438415527 -0.21114876866340637
v 1.3651666641235352 3.8408880233764648 -0.37814143300056458
v 1.6990243196487427 4.7801942825317383 -0.58341193199157715
v 2.0161888599395752 5.6725354194641113 -0.81985026597976685
v 2.3526170253753662 6.6190733909606934 -1.1147702932357788
v 2.671144962310791 7.5152497291564941 -1.4358597993850708
v 2.9840447902679443 8.3955917358398438 -1.7909198999404907
v 3.2907793521881104 9.2585878372192383 -2.1771211624145508
v 3.5796108245849609 10.071213722229004 -2.5752973556518555
v 3.8853116035461426 10.931300163269043 -3.0331978797912598
v 4.173337459564209 11.741659164428711 -3.4989373683929443
v 4.4553470611572266 12.535091400146484 -3.9872050285339355
v 4.7314238548278809 13.311831474304199 -4.4961156845092773
v 5.0029501914978027 14.075769424438477 -5.0264749526977539
v 5.2681064605712891 14.821785926818848 -5.5729451179504395
v 5.518254280090332 15.52557373046875 -6.1143479347229004
v 5.7684016227722168 16.229362487792969 -6.6808619499206543
v 6.0185489654541016 16.933151245117188 -7.2724876403808594
v 6.2686967849731445 17.636940002441406 -7.8892250061035156
v 6.5038352012634277 18.298500061035156 -8.4918546676635742
v 6.7539830207824707 19.002288818359375 -9.1573076248168945
v 6.9745244979858398 19.622781753540039 -9.76483154296875
v 7.2003488540649414 20.258136749267578 -10.407133102416992
v 7.4222044944763184 20.882328033447266 -11.058077812194824
v 7.6402778625488281 21.495874404907227 -11.717171669006348
v 7.8547468185424805 22.099281311035156 -12.383988380432129
v 8.0656318664550781 22.692605972290039 -13.057662010192871
v 8.2698764801025391 23.267248153686523 -13.727134704589844
v 8.4769439697265625 23.849830627441406 -14.422948837280273
v 8.6777324676513672 24.414745330810547 -15.114094734191895
v 8.8756732940673828 24.971651077270508 -15.811276435852051
v 9.0708026885986328 25.520647048950195 -16.513946533203125
v 9.255457878112793 26.04017448425293 -17.192970275878906
v 9.4470891952514648 26.579328536987305 -17.912734985351563
v 9.6324977874755859 27.100975036621094 -18.623012542724609
v 9.8184852600097656 27.624248504638672 -19.348878860473633
v 10.005900382995605 28.151538848876953 -20.08915901184082
v 0 0 0
v 0.32027366757392883 0.98117285966873169 -0.030221240594983101
v 0.6382066011428833 1.9551746845245361 -0.10248988121747971
v 0.94100433588027954 2.8828091621398926 -0.21766181290149689
v 1.2648967504501343 3.875068187713623 -0.38980546593666077
v 1.5742329359054565 4.8227334022521973 -0.60140770673751831
v 1.8681021928787231 5.723015308380127 -0.84513914585113525
v 2.1798198223114014 6.6779766082763672 -1.1491562128067017
v 2.4749524593353271 7.5821285247802734 -1.4801498651504517
v 2.7648701667785645 8.4703044891357422 -1.8461620807647705
v 3.0490753650665283 9.3409805297851563 -2.2442760467529297
v 3.316692590713501 10.160837173461914 -2.6547343730926514
v 3.5999398231506348 11.028578758239746 -3.1267590522766113
v 3.8668105602264404 11.846148490905762 -3.6068646907806396
v 4.1281070709228516 12.646642684936523 -4.1101932525634766
v 4.3839058876037598 13.430294036865234 -4.6348018646240234
v 4.6354894638061523 14.201030731201172 -5.1815199851989746
v 4.8811702728271484 14.953685760498047 -5.7448468208312988
v 5.1129446029663086 15.663737297058105 -6.3029494285583496
v 5.3447189331054688 16.373788833618164 -6.8869380950927734
v 5.5764937400817871 17.083839416503906 -7.4968132972717285
v 5.8082680702209473 17.793891906738281 -8.1325740814208984
v 6.0261359214782715 18.461339950561523 -8.7537918090820313
v 6.2579107284545898 19.171392440795898 -9.4397716522216797
v 6.4622535705566406 19.797405242919922 -10.066034317016602
v 6.6714911460876465 20.43841552734375 -10.7281494140625
v 6.8770523071289063 21.068161010742188 -11.399171829223633
v 7.0791077613830566 21.687166213989258 -12.078597068786621
v 7.2778244018554688 22.295944213867188 -12.765981674194336
v 7.4732208251953125 22.894548416137695 -13.460434913635254
v 7.6624636650085449 23.47430419921875 -14.150557518005371
v 7.8543224334716797 24.062070846557617 -14.867835998535156
v 8.0403623580932617 24.632015228271484 -15.580300331115723
v 8.2237653732299805 25.193876266479492 -16.298986434936523
v 8.4045619964599609 25.747756958007813 -17.023330688476563
v 8.5756549835205078 26.271907806396484 -17.723300933837891
v 8.7532110214233398 26.815858840942383 -18.465267181396484
v 8.9250020980834961 27.342147827148438 -19.197454452514648
v 9.0973291397094727 27.870077133178711 -19.945709228515625
v 9.2709789276123047 28.402061462402344 -20.708822250366211
v 0 0 0
v 0.29277992248535156 0.98972433805465698 -0.031122371554374695
v 0.5834200382232666 1.9722151756286621 -0.10554590076208115
v 0.86022424697875977 2.9079346656799316 -0.22415199875831604
v 1.1563123464584351 3.908841609954834 -0.40142861008644104
v 1.4390937089920044 4.8647665977478027 -0.61934030055999756
v 1.7077358961105347 5.7728948593139648 -0.87033927440643311
v 1.9926943778991699 6.7361788749694824 -1.1834214925765991
v 2.2624914646148682 7.6482110023498535 -1.5242847204208374
v 2.5275211334228516 8.54412841796875 -1.9012105464935303
v 2.7873289585113525 9.4223918914794922 -2.3111953735351563
v 3.0319726467132568 10.249395370483398 -2.7338926792144775
v 3.2909047603607178 11.124698638916016 -3.21999192237854
v 3.5348660945892334 11.949394226074219 -3.7144131660461426
v 3.7737317085266113 12.756864547729492 -4.2327499389648438
v 4.0075716972351074 13.547347068786621 -4.7730011940002441
v 4.2375578880310059 14.324800491333008 -5.3360214233398438
v 4.4621486663818359 15.084014892578125 -5.9161453247070313
v 4.6740264892578125 15.800254821777344 -6.4908890724182129
v 4.8859043121337891 16.516494750976563 -7.0922913551330566
v 5.0977821350097656 17.232734680175781 -7.7203512191772461
v 5.3096599578857422 17.948974609375 -8.3750686645507813
v 5.5088253021240234 18.622241973876953 -9.0148105621337891
v 5.720703125 19.338481903076172 -9.7212448120117188
v 5.9075045585632324 19.969951629638672 -10.366181373596191
v 6.098780632019043 20.616546630859375 -11.048038482666016
v 6.2866950035095215 21.251781463623047 -11.739069938659668
v 6.4714055061340332 21.876182556152344 -12.438753128051758
v 6.6530632972717285 22.490264892578125 -13.146634101867676
v 6.8316855430603027 23.094087600708008 -13.861795425415039
v 7.0046834945678711 23.678895950317383 -14.572495460510254
v 7.1800718307495117 24.271785736083984 -15.311161041259766
v 7.3501415252685547 24.846696853637695 -16.044870376586914
v 7.5177998542785645 25.413454055786133 -16.78498649597168
v 7.6830768585205078 25.972162246704102 -17.530927658081055
v 7.839482307434082 26.500881195068359 -18.25177001953125
v 8.0017967224121094 27.04957389831543 -19.015859603881836
v 8.1588401794433594 27.580450057983398 -19.769878387451172
v 8.3163728713989258 28.112981796264648 -20.540445327758789
v 8.4751157760620117 28.649600982666016 -21.326313018798828
v 0 0 0
v 0.26423117518424988 0.99772465229034424 -0.031972426921129227
v 0.5265311598777771 1.9881572723388672 -0.1084287092089653
v 0.7763444185256958 2.9314405918121338 -0.23027433454990387
v 1.0435611009597778 3.9404382705688477 -0.41239294409751892
v 1.2987686395645142 4.904090404510498 -0.63625651597976685
v 1.5412157773971558 5.8195590972900391 -0.89411115646362305
v 1.7983881235122681 6.7906303405761719 -1.2157446146011353
v 2.0418775081634521 7.7100343704223633 -1.5659178495407104
v 2.281064510345459 8.6131935119628906 -1.9531388282775879
v 2.5155384540557861 9.4985570907592773 -2.3743216991424561
v 2.7363271713256836 10.332244873046875 -2.8085641860961914
v 2.9700109958648682 11.21462345123291 -3.3079407215118408
v 3.1901838779449463 12.045986175537109 -3.815866231918335
v 3.4057576656341553 12.859983444213867 -4.348360538482666
v 3.6167962551116943 13.656854629516602 -4.9033675193786621
v 3.8243567943572998 14.440593719482422 -5.4817657470703125
v 4.0270476341247559 15.205945014953613 -6.0777344703674316
v 4.2182655334472656 15.927974700927734 -6.6681766510009766
v 4.4094834327697754 16.650005340576172 -7.2860050201416016
v 4.600700855255127 17.372034072875977 -7.9312195777893066
v 4.7919187545776367 18.094064712524414 -8.6038198471069336
v 4.9716634750366211 18.772771835327148 -9.2610349655151367
v 5.1628813743591309 19.494800567626953 -9.9867639541625977
v 5.3314681053161621 20.131376266479492 -10.64931583404541
v 5.5040926933288574 20.783199310302734 -11.349797248840332
v 5.6736836433410645 21.423566818237305 -12.05970287322998
v 5.8403830528259277 22.053016662597656 -12.778496742248535
v 6.0043277740478516 22.672063827514648 -13.505712509155273
v 6.1655330657958984 23.280765533447266 -14.24040699005127
v 6.3216614723205566 23.870302200317383 -14.970519065856934
v 6.4799480438232422 24.467983245849609 -15.72935962677002
v 6.6334342956542969 25.047540664672852 -16.483108520507813
v 6.7847447395324707 25.618881225585938 -17.243438720703125
v 6.9339051246643066 26.182106018066406 -18.009756088256836
v 7.0750598907470703 26.715097427368164 -18.750286102294922
v 7.2215466499328613 27.268226623535156 -19.535245895385742
v 7.3632769584655762 27.80339241027832 -20.309860229492188
v 7.5054492950439453 28.340229034423828 -21.101472854614258
v 7.6487135887145996 28.881187438964844 -21.908805847167969
v 0 0 0
v 0.23374630510807037 1.0053032636642456 -0.032784167677164078
v 0.46578425168991089 2.0032591819763184 -0.11118157953023911
v 0.68677604198455811 2.9537074565887451 -0.23612071573734283
v 0.92316341400146484 3.9703695774078369 -0.42286309599876404
v 1.1489272117614746 4.9413414001464844 -0.65241032838821411
v 1.3634027242660522 5.8637642860412598 -0.91681152582168579
v 1.5909045934677124 6.8422112464904785 -1.2466108798980713
v 1.8063020706176758 7.7685995101928711 -1.6056746244430542
v 2.0178935527801514 8.6786184310913086 -2.0027267932891846
v 2.225316047668457 9.5707073211669922 -2.4346027374267578
v 2.4206318855285645 10.410727500915527 -2.8798701763153076
v 2.6273550987243652 11.299809455871582 -3.3919250965118408
v 2.8221261501312256 12.137486457824707 -3.9127461910247803
v 3.0128288269042969 12.957667350769043 -4.4587597846984863
v 3.1995193958282471 13.760591506958008 -5.0278582572937012
v 3.3831331729888916 14.550283432006836 -5.620941162109375
v 3.5624392032623291 15.32144832611084 -6.2320408821105957
v 3.7315959930419922 16.04896354675293 -6.8374738693237305
v 3.9007525444030762 16.776477813720703 -7.4709877967834473
v 4.0699090957641602 17.503990173339844 -8.1325836181640625
v 4.2390661239624023 18.231504440307617 -8.8222599029541016
v 4.3980731964111328 18.915369033813477 -9.4961614608764648
v 4.5672297477722168 19.64288330078125 -10.240315437316895
v 4.7163662910461426 20.284292221069336 -10.919689178466797
v 4.869074821472168 20.941066741943359 -11.637953758239746
v 5.0190997123718262 21.586299896240234 -12.365883827209473
v 5.1665668487548828 22.220529556274414 -13.102927207946777
v 5.3115968704223633 22.844278335571289 -13.848606109619141
v 5.4542036056518555 23.457605361938477 -14.60195255279541
v 5.5923190116882324 24.051618576049805 -15.350602149963379
v 5.7323441505432129 24.653841018676758 -16.128707885742188
v 5.8681221008300781 25.237800598144531 -16.901594161987305
v 6.0019755363464355 25.813480377197266 -17.681228637695313
v 6.1339273452758789 26.380983352661133 -18.467000961303711
v 6.2587966918945313 26.918024063110352 -19.226333618164063
v 6.3883829116821289 27.475353240966797 -20.031221389770508
v 6.5137615203857422 28.014585494995117 -20.825502395629883
v 6.639531135559082 28.555500030517578 -21.637212753295898
v 6.7662663459777832 29.100566864013672 -22.465044021606445
v 0 0 0
v 0.20304514467716217 1.0119515657424927 -0.033501565456390381
v 0.40460631251335144 2.0165073871612549 -0.11361450701951981
v 0.5965721607208252 2.9732410907745361 -0.24128761887550354
v 0.80191147327423096 3.996626615524292 -0.43211638927459717
v 0.99802255630493164 4.9740195274353027 -0.66668671369552612
v 1.1843279600143433 5.9025425910949707 -0.9368736743927002
v 1.3819488286972046 6.8874607086181641 -1.2738897800445557
v 1.5690551996231079 7.8199748992919922 -1.6408108472824097
v 1.7528554201126099 8.7360124588012695 -2.0465514659881592
v 1.9330341815948486 9.6340007781982422 -2.4878780841827393
v 2.102696418762207 10.479576110839844 -2.9428889751434326
v 2.2822678089141846 11.374537467956543 -3.4661490917205811
v 2.4514567852020264 12.217755317687988 -3.9983670711517334
v 2.6171119213104248 13.04335880279541 -4.5563287734985352
v 2.7792818546295166 13.851593971252441 -5.1378803253173828
v 2.9387791156768799 14.64650821685791 -5.7439413070678711
v 3.0945343971252441 15.422772407531738 -6.3684134483337402
v 3.2414734363555908 16.155097961425781 -6.9870948791503906
v 3.3884122371673584 16.887424468994141 -7.6344718933105469
v 3.5353512763977051 17.619749069213867 -8.3105449676513672
v 3.6822903156280518 18.352073669433594 -9.0153131484985352
v 3.8204128742218018 19.040460586547852 -9.7039613723754883
v 3.9673516750335693 19.772785186767578 -10.464399337768555
v 4.0968999862670898 20.418437957763672 -11.158638954162598
v 4.2295513153076172 21.079555511474609 -11.892621994018555
v 4.3598713874816895 21.729055404663086 -12.636480331420898
v 4.4879693984985352 22.36747932434082 -13.389652252197266
v 4.6139507293701172 22.995353698730469 -14.15164852142334
v 4.7378268241882324 23.612735748291016 -14.921480178833008
v 4.8578019142150879 24.210678100585938 -15.686511993408203
v 4.9794354438781738 24.816883087158203 -16.481645584106445
v 5.0973796844482422 25.404705047607422 -17.271442413330078
v 5.2136521339416504 25.98419189453125 -18.068140029907227
v 5.328272819519043 26.555446624755859 -18.871105194091797
v 5.4367413520812988 27.096038818359375 -19.647052764892578
v 5.5493073463439941 27.657054901123047 -20.469554901123047
v 5.6582183837890625 28.199851989746094 -21.281215667724609
v 5.7674689292907715 28.744344711303711 -22.110689163208008
v 5.8775582313537598 29.29301643371582 -22.956634521484375
v 0 0 0
v 0.17215599119663239 1.0176627635955811 -0.034121695905923843
v 0.34305375814437866 2.0278878211975098 -0.1157175675034523
v 0.50581598281860352 2.9900212287902832 -0.24575397372245789
v 0.67991715669631958 4.0191822052001953 -0.44011509418487549
v 0.84619390964508057 5.0020914077758789 -0.67902737855911255
v 1.0041568279266357 5.9358549118041992 -0.9542156457901001
v 1.1717137098312378 6.9263315200805664 -1.2974702119827271
v 1.3303556442260742 7.8641085624694824 -1.6711831092834473
v 1.4861944913864136 8.7853164672851563 -2.0844340324401855
v 1.6389627456665039 9.6883726119995117 -2.5339298248291016
v 1.7828143835067749 10.53872013092041 -2.9973633289337158
v 1.9350676536560059 11.438732147216797 -3.5303092002868652
v 2.0785181522369385 12.286707878112793 -4.0723786354064941
v 2.2189722061157227 13.116971969604492 -4.6406688690185547
v 2.3564713001251221 13.929767608642578 -5.2329850196838379
v 2.4917042255401611 14.729168891906738 -5.8502645492553711
v 2.6237645149230957 15.509814262390137 -6.4862961769104004
v 2.7483499050140381 16.246273040771484 -7.116429328918457
v 2.8729350566864014 16.982730865478516 -7.775789737701416
v 2.9975202083587646 17.71919059753418 -8.4643774032592773
v 3.1221053600311279 18.455648422241211 -9.1821918487548828
v 3.239215612411499 19.147918701171875 -9.8835859298706055
v 3.3638007640838623 19.884378433227539 -10.658101081848145
v 3.4736406803131104 20.533672332763672 -11.365191459655762
v 3.5861120223999023 21.198522567749023 -12.112760543823242
v 3.6966066360473633 21.851686477661133 -12.870388031005859
v 3.8052172660827637 22.493715286254883 -13.63750171661377
v 3.9120328426361084 23.125131607055664 -14.413601875305176
v 4.0170636177062988 23.746000289916992 -15.197684288024902
v 4.1187872886657715 24.347314834594727 -15.976877212524414
v 4.221916675567627 24.956941604614258 -16.786727905273438
v 4.3219184875488281 25.548080444335938 -17.591146469116211
v 4.4205021858215332 26.130838394165039 -18.402589797973633
v 4.5176858901977539 26.705318450927734 -19.220418930053711
v 4.6096529960632324 27.24896240234375 -20.010730743408203
v 4.7050943374633789 27.813142776489258 -20.848457336425781
v 4.7974367141723633 28.359004974365234 -21.675142288208008
v 4.8900671005249023 28.90656852722168 -22.519969940185547
v 4.9834084510803223 29.458337783813477 -23.381574630737305
v 0 0 0
v 0.13970072567462921 1.0226233005523682 -0.034662824124097824
v 0.27838045358657837 2.0377726554870605 -0.11755270510911942
v 0.41045832633972168 3.0045957565307617 -0.24965131282806396
v 0.55173748731613159 4.0387735366821289 -0.44709473848342896
v 0.68666738271713257 5.0264739990234375 -0.68979591131210327
v 0.81485074758529663 5.9647889137268066 -0.96934831142425537
v 0.95081943273544312 6.9600930213928223 -1.3180463314056396
v 1.0795538425445557 7.9024415016174316 -1.6976858377456665
v 1.206013560295105 8.8281393051147461 -2.1174905300140381
v 1.3299815654754639 9.7355976104736328 -2.5741147994995117
v 1.446713924407959 10.590089797973633 -3.0448975563049316
v 1.5702641010284424 11.494489669799805 -3.5862953662872314
v 1.6866707801818848 12.346598625183105 -4.1369614601135254
v 1.800646185874939 13.180909156799316 -4.714263916015625
v 1.9122235774993896 13.99766731262207 -5.3159732818603516
v 2.0219621658325195 14.80096435546875 -5.9430422782897949
v 2.1291260719299316 15.585415840148926 -6.5891604423522949
v 2.2302241325378418 16.325464248657227 -7.2292866706848145
v 2.3313224315643311 17.065511703491211 -7.8991036415100098
v 2.4324204921722412 17.805561065673828 -8.5986108779907227
v 2.5335185527801514 18.545608520507813 -9.3278093338012695
v 2.6285507678985596 19.241254806518555 -10.040327072143555
v 2.7296488285064697 19.981302261352539 -10.82712459564209
v 2.8187816143035889 20.633762359619141 -11.545428276062012
v 2.9100494384765625 21.301851272583008 -12.304852485656738
v 2.9997134208679199 21.958200454711914 -13.074495315551758
v 3.087848424911499 22.603359222412109 -13.853774070739746
v 3.1745269298553467 23.23785400390625 -14.642183303833008
v 3.2597570419311523 23.861747741699219 -15.438699722290039
v 3.3423035144805908 24.465993881225586 -16.230249404907227
v 3.4259905815124512 25.078592300415039 -17.052944183349609
v 3.5071396827697754 25.672613143920898 -17.870119094848633
v 3.5871384143829346 26.258211135864258 -18.694431304931641
v 3.6660006046295166 26.835491180419922 -19.525230407714844
v 3.7406299114227295 27.381784439086914 -20.328073501586914
v 3.8180785179138184 27.948715209960938 -21.179086685180664
v 3.8930122852325439 28.497238159179688 -22.018882751464844
v 3.9681797027587891 29.04747200012207 -22.877105712890625
v 4.0439243316650391 29.6019287109375 -23.752374649047852
v 0 0 0
v 0.10584963113069534 1.0266783237457275 -0.035106897354125977
v 0.21092565357685089 2.0458531379699707 -0.11905870586633682
v 0.3109995424747467 3.0165102481842041 -0.25284966826438904
v 0.41804513335227966 4.0547890663146973 -0.45282259583473206
v 0.52027994394302368 5.0464057922363281 -0.69863307476043701
v 0.61740303039550781 5.9884414672851563 -0.98176687955856323
v 0.72042495012283325 6.9876928329467773 -1.3349322080612183
v 0.81796544790267944 7.9337778091430664 -1.719435453414917
v 0.91378253698348999 8.8631458282470703 -2.1446182727813721
v 1.00771164894104 9.7742023468017578 -2.6070923805236816
v 1.0961583852767944 10.632083892822266 -3.0839066505432129
v 1.1897709369659424 11.540069580078125 -3.6322402954101563
v 1.2779710292816162 12.395557403564453 -4.1899614334106445
v 1.3643288612365723 13.233177185058594 -4.7746596336364746
v 1.4488697052001953 14.053174018859863 -5.3840780258178711
v 1.5320173501968384 14.85965633392334 -6.0191802978515625
v 1.6132142543792725 15.647217750549316 -6.6735758781433105
v 1.6898151636123657 16.390201568603516 -7.3219032287597656
v 1.766416072845459 17.133184432983398 -8.0003013610839844
v 1.8430168628692627 17.876165390014648 -8.708770751953125
v 1.919617772102356 18.619148254394531 -9.4473104476928711
v 1.9916225671768188 19.31755256652832 -10.168956756591797
v 2.0682234764099121 20.060535430908203 -10.96583366394043
v 2.1357583999633789 20.715583801269531 -11.693340301513672
v 2.2049107551574707 21.386322021484375 -12.462493896484375
v 2.2728481292724609 22.04527473449707 -13.241996765136719
v 2.3396270275115967 22.692989349365234 -14.031259536743164
v 2.4053025245666504 23.329999923706055 -14.829768180847168
v 2.4698803424835205 23.956369400024414 -15.636489868164063
v 2.5324246883392334 24.563011169433594 -16.438179016113281
v 2.5958335399627686 25.17803955078125 -17.271413803100586
v 2.6573193073272705 25.7744140625 -18.099058151245117
v 2.7179334163665771 26.362335205078125 -18.933929443359375
v 2.7776863574981689 26.941904067993164 -19.775373458862305
v 2.8342320919036865 27.490364074707031 -20.588502883911133
v 2.8929140567779541 28.059543609619141 -21.450418472290039
v 2.9496903419494629 28.610240936279297 -22.300971984863281
v 3.0066440105438232 29.162654876708984 -23.170192718505859
v 3.0640347003936768 29.71931266784668 -24.056673049926758
v 0 0 0
v 0.070756971836090088 1.0296919345855713 -0.035438224673271179
v 0.14099681377410889 2.0518584251403809 -0.1201823428273201
v 0.20789287984371185 3.0253646373748779 -0.25523599982261658
v 0.27944931387901306 4.0666909217834473 -0.45709618926048279
v 0.34778991341590881 5.06121826171875 -0.70522654056549072
v 0.4127134382724762 6.006019115447998 -0.99103248119354248
v 0.48158019781112671 7.0082035064697266 -1.3475308418273926
v 0.54678279161453247 7.9570655822753906 -1.7356629371643066
v 0.61083334684371948 8.8891620635986328 -2.1648585796356201
v 0.67362183332443237 9.8028926849365234 -2.631697416305542
v 0.73274558782577515 10.663291931152344 -3.1130115985870361
v 0.7953224778175354 11.573943138122559 -3.666520357131958
v 0.85428130626678467 12.431941986083984 -4.2295045852661133
v 0.91200858354568481 13.27202033996582 -4.8197212219238281
v 0.96852141618728638 14.094424247741699 -5.4348912239074707
v 1.0241028070449829 14.903273582458496 -6.0759873390197754
v 1.0783803462982178 15.693146705627441 -6.7365589141845703
v 1.1295853853225708 16.438310623168945 -7.3910050392150879
v 1.1807905435562134 17.183473587036133 -8.0758056640625
v 1.231995701789856 17.928638458251953 -8.7909612655639648
v 1.2832008600234985 18.673801422119141 -9.5364713668823242
v 1.3313337564468384 19.374256134033203 -10.264927864074707
v 1.3825387954711914 20.119419097900391 -11.06932544708252
v 1.4276835918426514 20.776390075683594 -11.803698539733887
v 1.473909854888916 21.4490966796875 -12.580111503601074
v 1.5193237066268921 22.109983444213867 -13.366970062255859
v 1.5639631748199463 22.759599685668945 -14.163681983947754
v 1.6078649759292603 23.398481369018555 -14.969727516174316
v 1.6510331630706787 24.026687622070313 -15.784062385559082
v 1.6928420066833496 24.635110855102539 -16.593318939208984
v 1.7352286577224731 25.251943588256836 -17.434417724609375
v 1.7763298749923706 25.850070953369141 -18.269870758056641
v 1.8168483972549438 26.439716339111328 -19.11262321472168
v 1.8567912578582764 27.020986557006836 -19.962007522583008
v 1.8945902585983276 27.571056365966797 -20.782810211181641
v 1.9338171482086182 28.14190673828125 -21.652860641479492
v 1.9717702865600586 28.694219589233398 -22.511442184448242
v 2.0098419189453125 29.248256683349609 -23.388864517211914
v 2.0482056140899658 29.806547164916992 -24.283712387084961
v 0 0 0
v 0.035582005977630615 1.0315074920654297 -0.035638622939586639
v 0.070903956890106201 2.055476188659668 -0.12086194753646851
v 0.10454440861940384 3.0306987762451172 -0.25667929649353027
v 0.14052845537662506 4.0738611221313477 -0.45968097448348999
v 0.17489531636238098 5.0701422691345215 -0.70921444892883301
v 0.20754382014274597 6.016608715057373 -0.99663656949996948
v 0.24217528104782104 7.0205602645874023 -1.3551509380340576
v 0.27496412396430969 7.9710955619812012 -1.7454776763916016
v 0.30717363953590393 8.9048357009887695 -2.1771004199981689
v 0.33874848484992981 9.8201770782470703 -2.6465790271759033
v 0.36848041415214539 10.682093620300293 -3.1306149959564209
v 0.3999488353729248 11.59434986114502 -3.6872537136077881
v 0.42959782481193542 12.453862190246582 -4.2534217834472656
v 0.45862755179405212 13.295421600341797 -4.8469758033752441
v 0.48704648017883301 14.119275093078613 -5.4656243324279785
v 0.51499706506729126 14.929551124572754 -6.1103458404541016
v 0.54229193925857544 15.720816612243652 -6.7746529579162598
v 0.56804180145263672 16.467294692993164 -7.4327998161315918
v 0.593791663646698 17.213771820068359 -8.1214723587036133
v 0.6195414662361145 17.960248947143555 -8.840672492980957
v 0.64529132843017578 18.706727981567383 -9.590397834777832
v 0.66949623823165894 19.408416748046875 -10.32297420501709
v 0.69524604082107544 20.15489387512207 -11.13192081451416
v 0.717948317527771 20.813022613525391 -11.870445251464844
v 0.74119436740875244 21.486915588378906 -12.651248931884766
v 0.76403194665908813 22.148967742919922 -13.442557334899902
v 0.78648006916046143 22.79973030090332 -14.2437744140625
v 0.80855721235275269 23.439737319946289 -15.054377555847168
v 0.83026552200317383 24.069051742553711 -15.873317718505859
v 0.85129016637802124 24.678546905517578 -16.687149047851563
v 0.87260544300079346 25.296466827392578 -17.533004760742188
v 0.89327424764633179 25.895648956298828 -18.373184204101563
v 0.9136500358581543 26.486333847045898 -19.220701217651367
v 0.93373638391494751 27.068628311157227 -20.074888229370117
v 0.95274460315704346 27.619668960571289 -20.900333404541016
v 0.97247087955474854 28.191524505615234 -21.775302886962891
v 0.99155664443969727 28.74481201171875 -22.638738632202148
v 1.0107018947601318 29.299825668334961 -23.521123886108398
v 1.0299941301345825 29.859102249145508 -24.421031951904297
v 0 0 0
v 0 1.0321217775344849 -0.035706669092178345
v 0 2.0567002296447754 -0.12109272181987762
v 0 3.032503604888916 -0.25716939568519592
v 0 4.0762872695922852 -0.46055868268013
v 0 5.0731616020202637 -0.71056860685348511
v 0 6.0201921463012695 -0.99853956699371338
v 0 7.0247411727905273 -1.3577383756637573
v 0 7.9758424758911133 -1.7488105297088623
v 0 8.9101381301879883 -2.1812572479248047
v 0 9.8260250091552734 -2.6516323089599609
v 0 10.688454627990723 -3.1365926265716553
v 0 11.601254463195801 -3.6942939758300781
v 0 12.461278915405273 -4.2615432739257813
v 0 13.303339004516602 -4.8562307357788086
v 0 14.127683639526367 -5.4760603904724121
v 0 14.938441276550293 -6.1220126152038574
v 0 15.730178833007813 -6.7875881195068359
v 0 16.477100372314453 -7.4469919204711914
v 0 17.224023818969727 -8.1369800567626953
v 0 17.970945358276367 -8.8575525283813477
v 0 18.717866897583008 -9.6087093353271484
v 0 19.419973373413086 -10.342684745788574
v 0 20.166896820068359 -11.153175354003906
v 0 20.825416564941406 -11.893111228942871
v 0 21.499711990356445 -12.675405502319336
v 0 22.16215705871582 -13.46822452545166
v 0 22.81330680847168 -14.270971298217773
v 0 23.453695297241211 -15.083122253417969
v 0 24.083385467529297 -15.90362548828125
v 0 24.693244934082031 -16.719011306762695
v 0 25.311532974243164 -17.566482543945313
v 0 25.911069869995117 -18.408266067504883
v 0 26.502107620239258 -19.257400512695313
v 0 27.084749221801758 -20.113218307495117
v 0 27.636117935180664 -20.940240859985352
v 0 28.208314895629883 -21.816879272460938
v 0 28.761930465698242 -22.681964874267578
v 0 29.317276000976563 -23.566034317016602
v 0 29.876882553100586 -24.467660903930664
v 0 0 0
v -0.035221517086029053 1.031519889831543 -0.035639990121126175
v -0.070185616612434387 2.0555007457733154 -0.12086659669876099
v -0.10348524898290634 3.0307352542877197 -0.2566891610622406
v -0.13910472393035889 4.0739102363586426 -0.45969864726066589
v -0.17312341928482056 5.0702033042907715 -0.70924168825149536
v -0.20544116199016571 6.0166811943054199 -0.99667489528656006
v -0.23972174525260925 7.0206446647644043 -1.3552030324935913
v -0.27217841148376465 7.97119140625 -1.7455447912216187
v -0.30406159162521362 8.904942512512207 -2.1771841049194336
v -0.33531653881072998 9.8202953338623047 -2.6466808319091797
v -0.36474725604057312 10.682221412658691 -3.1307353973388672
v -0.39589688181877136 11.594489097595215 -3.6873953342437744
v -0.4252454936504364 12.454011917114258 -4.2535853385925293
v -0.45398110151290894 13.295580863952637 -4.8471622467041016
v -0.48211213946342468 14.119443893432617 -5.4658346176147461
v -0.50977957248687744 14.929729461669922 -6.1105804443359375
v -0.53679788112640381 15.721005439758301 -6.7749133110046387
v -0.5622868537902832 16.467493057250977 -7.4330854415893555
v -0.5877758264541626 17.213977813720703 -8.1217851638793945
v -0.61326479911804199 17.960464477539063 -8.8410120010375977
v -0.63875377178192139 18.706951141357422 -9.5907669067382813
v -0.66271340847015381 19.408649444580078 -10.323370933532715
v -0.6882023811340332 20.155136108398438 -11.13234806060791
v -0.71067464351654053 20.813272476196289 -11.870902061462402
v -0.7336851954460144 21.487173080444336 -12.651735305786133
v -0.75629138946533203 22.149232864379883 -13.443074226379395
v -0.77851206064224243 22.800003051757813 -14.244321823120117
v -0.80036556720733643 23.440017700195313 -15.054956436157227
v -0.82185393571853638 24.069339752197266 -15.873928070068359
v -0.84266561269760132 24.678844451904297 -16.68779182434082
v -0.86376488208770752 25.296772003173828 -17.53367805480957
v -0.88422435522079468 25.895959854125977 -18.373889923095703
v -0.90439367294311523 26.486652374267578 -19.221439361572266
v -0.92427653074264526 27.068954467773438 -20.075660705566406
v -0.94309216737747192 27.620000839233398 -20.90113639831543
v -0.96261858940124512 28.191864013671875 -21.776140213012695
v -0.98151093721389771 28.745157241821289 -22.639610290527344
v -1.0004622936248779 29.300178527832031 -23.522027969360352
v -1.0195591449737549 29.859458923339844 -24.421970367431641
v 0 0 0
v -0.070060081779956818 1.0297396183013916 -0.03544347733259201
v -0.13960812985897064 2.0519533157348633 -0.12020014971494675
v -0.20584534108638763 3.0255045890808105 -0.25527381896972656
v -0.27669700980186462 4.0668792724609375 -0.45716392993927002
v -0.34436452388763428 5.0614528656005859 -0.70533102750778198
v -0.40864861011505127 6.0062971115112305 -0.99117934703826904
v -0.47683709859848022 7.0085277557373047 -1.3477305173873901
v -0.54139751195907593 7.9574341773986816 -1.7359200716018677
v -0.60481721162796021 8.8895740509033203 -2.1651792526245117
v -0.66698729991912842 9.8033466339111328 -2.6320874691009521
v -0.7255287766456604 10.663785934448242 -3.1134729385375977
v -0.78748929500579834 11.574479103088379 -3.6670637130737305
v -0.84586745500564575 12.432518005371094 -4.2301316261291504
v -0.90302622318267822 13.272634506225586 -4.8204355239868164
v -0.95898240804672241 14.095076560974121 -5.4356966018676758
v -1.0140163898468018 14.903963088989258 -6.0768876075744629
v -1.0677592754364014 15.693873405456543 -6.7375574111938477
v -1.1184601783752441 16.439071655273438 -7.3921003341674805
v -1.1691609621047974 17.184268951416016 -8.0770025253295898
v -1.2198617458343506 17.929468154907227 -8.7922639846801758
v -1.2705626487731934 18.674665451049805 -9.5378837585449219
v -1.3182213306427002 19.375152587890625 -10.266448974609375
v -1.368922233581543 20.120349884033203 -11.070965766906738
v -1.4136223793029785 20.777351379394531 -11.805447578430176
v -1.4593932628631592 21.450090408325195 -12.581974983215332
v -1.5043598413467407 22.111007690429688 -13.368950843811035
v -1.5485596656799316 22.760654449462891 -14.165780067443848
v -1.5920290946960449 23.399564743041992 -14.971945762634277
v -1.6347720623016357 24.027799606323242 -15.78640079498291
v -1.6761691570281982 24.636251449584961 -16.59577751159668
v -1.7181383371353149 25.25311279296875 -17.437000274658203
v -1.7588348388671875 25.851266860961914 -18.272579193115234
v -1.7989541292190552 26.440938949584961 -19.115455627441406
v -1.8385037183761597 27.022235870361328 -19.9649658203125
v -1.8759304285049438 27.572332382202148 -20.785890579223633
v -1.9147709608078003 28.143209457397461 -21.656068801879883
v -1.9523502588272095 28.695549011230469 -22.514778137207031
v -1.9900468587875366 29.249610900878906 -23.392330169677734
v -2.0280327796936035 29.807926177978516 -24.287311553955078
v 0 0 0
v -0.10432305932044983 1.0268346071243286 -0.035124041140079498
v -0.20788365602493286 2.0461645126342773 -0.11911684274673462
v -0.30651426315307617 3.0169692039489746 -0.25297313928604126
v -0.41201606392860413 4.0554056167602539 -0.45304372906684875
v -0.51277643442153931 5.0471735000610352 -0.69897419214248657
v -0.60849875211715698 5.9893527030944824 -0.9822462797164917
v -0.71003490686416626 6.9887557029724121 -1.3355840444564819
v -0.80616867542266846 7.9349851608276367 -1.7202750444412231
v -0.90060389041900635 8.8644943237304688 -2.1456654071807861
v -0.99317830801010132 9.7756900787353516 -2.608365535736084
v -1.0803495645523071 10.633701324462891 -3.0854125022888184
v -1.1726119518280029 11.541825294494629 -3.6340138912200928
v -1.2595399618148804 12.397443771362305 -4.1920070648193359
v -1.3446522951126099 13.235190391540527 -4.7769908905029297
v -1.4279739856719971 14.055312156677246 -5.3867068290710449
v -1.5099225044250488 14.861916542053223 -6.0221195220947266
v -1.5899484157562256 15.649598121643066 -6.6768345832824707
v -1.6654444932937622 16.392694473266602 -7.3254785537719727
v -1.7409405708312988 17.13578987121582 -8.0042076110839844
v -1.816436767578125 17.878885269165039 -8.7130231857299805
v -1.8919328451156616 18.621982574462891 -9.4519233703613281
v -1.9628992080688477 19.320491790771484 -10.173921585083008
v -2.0383954048156738 20.063587188720703 -10.971188545227051
v -2.1049561500549316 20.718734741210938 -11.699049949645996
v -2.1731114387512207 21.389575958251953 -12.468579292297363
v -2.2400689125061035 22.048627853393555 -13.248462677001953
v -2.305884838104248 22.696441650390625 -14.038110733032227
v -2.3706128597259521 23.333551406860352 -14.837010383605957
v -2.4342596530914307 23.960014343261719 -15.644124984741211
v -2.4959018230438232 24.566749572753906 -16.446207046508789
v -2.5583961009979248 25.181869506835938 -17.279848098754883
v -2.618995189666748 25.778335571289063 -18.10789680480957
v -2.6787350177764893 26.36634635925293 -18.94317626953125
v -2.737626314163208 26.946002960205078 -19.785030364990234
v -2.7933566570281982 27.494546890258789 -20.598556518554688
v -2.8511922359466553 28.063812255859375 -21.460891723632813
v -2.9071497917175293 28.614593505859375 -22.311861038208008
v -2.9632818698883057 29.167093276977539 -23.18150520324707
v -3.0198450088500977 29.723833084106445 -24.06842041015625
v 0 0 0
v -0.13847027719020844 1.0227905511856079 -0.034681111574172974
v -0.27592852711677551 2.0381059646606445 -0.11761472374200821
v -0.40684306621551514 3.0050873756408691 -0.24978303909301758
v -0.54687792062759399 4.0394344329833984 -0.44733062386512756
v -0.68061935901641846 5.0272960662841797 -0.69015985727310181
v -0.80767369270324707 5.9657645225524902 -0.96985971927642822
v -0.94244480133056641 6.9612317085266113 -1.3187417984008789
v -1.0700452327728271 7.9037346839904785 -1.6985815763473511
v -1.1953911781311035 8.8295831680297852 -2.118607759475708
v -1.3182672262191772 9.7371902465820313 -2.5754728317260742
v -1.4339715242385864 10.591822624206543 -3.0465042591094971
v -1.5564334392547607 11.496370315551758 -3.5881874561309814
v -1.6718149185180664 12.348618507385254 -4.1391439437866211
v -1.7847863435745239 13.183066368103027 -4.7167510986328125
v -1.8953810930252075 13.999957084655762 -5.3187780380249023
v -2.0041530132293701 14.803385734558105 -5.9461779594421387
v -2.1103732585906982 15.587965965270996 -6.5926365852355957
v -2.2105808258056641 16.328134536743164 -7.2331008911132813
v -2.3107883930206299 17.068304061889648 -7.9032711982727051
v -2.4109961986541748 17.808473587036133 -8.6031475067138672
v -2.5112037658691406 18.548643112182617 -9.3327302932739258
v -2.6053988933563232 19.244401931762695 -10.045624732971191
v -2.7056066989898682 19.98457145690918 -10.832837104797363
v -2.7939543724060059 20.637138366699219 -11.551519393920898
v -2.884418249130249 21.305337905883789 -12.311345100402832
v -2.973292350769043 21.961793899536133 -13.081393241882324
v -3.0606513023376465 22.6070556640625 -13.861083984375
v -3.1465661525726318 23.241655349731445 -14.649909019470215
v -3.2310457229614258 23.865652084350586 -15.446846008300781
v -3.3128650188446045 24.469997406005859 -16.238813400268555
v -3.3958151340484619 25.082695007324219 -17.061941146850586
v -3.4762494564056396 25.676813125610352 -17.879547119140625
v -3.5555434226989746 26.262506484985352 -18.704294204711914
v -3.6337110996246338 26.839879989624023 -19.535531997680664
v -3.7076830863952637 27.386264801025391 -20.338800430297852
v -3.784449577331543 27.953289031982422 -21.19025993347168
v -3.8587231636047363 28.501899719238281 -22.030498504638672
v -3.9332287311553955 29.052223205566406 -22.889177322387695
v -4.0083060264587402 29.606771469116211 -23.764907836914063
v 0 0 0
v -0.17105981707572937 1.0178476572036743 -0.034141823649406433
v -0.34086942672729492 2.0282561779022217 -0.11578582972288132
v -0.50259524583816528 2.9905643463134766 -0.24589893221855164
v -0.67558789253234863 4.0199127197265625 -0.4403747022151947
v -0.84080594778060913 5.0030002593994141 -0.67942792177200317
v -0.99776303768157959 5.9369330406188965 -0.95477849245071411
v -1.1642531156539917 6.9275894165039063 -1.2982354164123535
v -1.3218848705291748 7.865537166595459 -1.6721688508987427
v -1.4767314195632935 8.7869119644165039 -2.0856635570526123
v -1.6285269260406494 9.6901321411132813 -2.5354244709014893
v -1.7714626789093018 10.540634155273438 -2.9991312026977539
v -1.9227464199066162 11.440810203552246 -3.5323915481567383
v -2.0652835369110107 12.2889404296875 -4.0747809410095215
v -2.204843282699585 13.119354248046875 -4.6434059143066406
v -2.3414669036865234 13.93229866027832 -5.2360715866088867
v -2.4758386611938477 14.731843948364258 -5.8537154197692871
v -2.6070582866668701 15.512631416320801 -6.4901218414306641
v -2.7308502197265625 16.249223709106445 -7.1206269264221191
v -2.8546421527862549 16.985816955566406 -7.7803764343261719
v -2.9784340858459473 17.722408294677734 -8.4693698883056641
v -3.1022260189056396 18.458999633789063 -9.1876077651977539
v -3.218590259552002 19.151397705078125 -9.8894157409667969
v -3.3423824310302734 19.887989044189453 -10.664387702941895
v -3.4515228271484375 20.537403106689453 -11.371894836425781
v -3.5632779598236084 21.202371597290039 -12.119904518127441
v -3.6730690002441406 21.855655670166016 -12.877979278564453
v -3.7809879779815674 22.497800827026367 -13.64554500579834
v -3.8871235847473145 23.12933349609375 -14.422103881835938
v -3.9914858341217041 23.750312805175781 -15.206648826599121
v -4.0925612449645996 24.351737976074219 -15.986300468444824
v -4.1950340270996094 24.961475372314453 -16.796630859375
v -4.2943992614746094 25.55272102355957 -17.601522445678711
v -4.3923554420471191 26.135583877563477 -18.413444519042969
v -4.4889202117919922 26.710168838500977 -19.231756210327148
v -4.5803017616271973 27.253911972045898 -20.022533416748047
v -4.675135612487793 27.818195343017578 -20.860754013061523
v -4.7668895721435547 28.364154815673828 -21.68792724609375
v -4.8589301109313965 28.911819458007813 -22.533252716064453
v -4.9516773223876953 29.463687896728516 -23.395364761352539
v 0 0 0
v -0.20366451144218445 1.0118271112442017 -0.033488087356090546
v -0.40584051609039307 2.0162591934204102 -0.11356879770755768
v -0.59839195013046265 2.9728753566741943 -0.24119055271148682
v -0.80435764789581299 3.9961349964141846 -0.43194255232810974
v -1.0010669231414795 4.9734077453613281 -0.66641843318939209
v -1.1879407167434692 5.9018163681030273 -0.93649673461914063
v -1.3861644268035889 6.8866133689880371 -1.2733772993087769
v -1.5738414525985718 7.8190131187438965 -1.6401506662368774
v -1.7582023143768311 8.7349376678466797 -2.0457279682159424
v -1.9389307498931885 9.6328153610229492 -2.4868769645690918
v -2.1091105937957764 10.478287696838379 -2.9417049884796143
v -2.2892296314239502 11.373138427734375 -3.464754581451416
v -2.4589347839355469 12.216251373291016 -3.9967584609985352
v -2.6250951290130615 13.041754722595215 -4.5544958114624023
v -2.7877597808837891 13.849889755249023 -5.1358132362365723
v -2.9477436542510986 14.644705772399902 -5.7416305541992188
v -3.1039741039276123 15.420875549316406 -6.3658514022827148
v -3.2513611316680908 16.153110504150391 -6.984283447265625
v -3.3987483978271484 16.885345458984375 -7.6314001083374023
v -3.546135425567627 17.617582321166992 -8.3072013854980469
v -3.6935226917266846 18.349817276000977 -9.0116863250732422
v -3.832066535949707 19.038118362426758 -9.7000570297241211
v -3.9794538021087646 19.770353317260742 -10.460188865661621
v -4.1093969345092773 20.415925979614258 -11.154150009155273
v -4.2424530982971191 21.076961517333984 -11.887837409973145
v -4.3731708526611328 21.726381301879883 -12.631396293640137
v -4.5016598701477051 22.364727020263672 -13.384264945983887
v -4.6280250549316406 22.992525100708008 -14.145954132080078
v -4.7522788047790527 23.609830856323242 -14.91547679901123
v -4.8726201057434082 24.207698822021484 -15.680200576782227
v -4.9946246147155762 24.81382942199707 -16.475013732910156
v -5.1129288673400879 25.401578903198242 -17.264493942260742
v -5.2295560836791992 25.980995178222656 -18.060869216918945
v -5.3445262908935547 26.552179336547852 -18.863513946533203
v -5.4533257484436035 27.092706680297852 -19.639148712158203
v -5.5662350654602051 27.653652191162109 -20.461318969726563
v -5.6754779815673828 28.196384429931641 -21.272653579711914
v -5.7850618362426758 28.740808486938477 -22.10179328918457
v -5.8954873085021973 29.289411544799805 -22.947399139404297
v 0 0 0
v -0.2334139496088028 1.0053805112838745 -0.032792471349239349
v -0.46512195467948914 2.003413200378418 -0.11120974272489548
v -0.68579953908920288 2.9539344310760498 -0.23618052899837494
v -0.92185080051422119 3.9706747531890869 -0.42297020554542542
v -1.1472935676574707 4.9417209625244141 -0.65257555246353149
v -1.3614640235900879 5.8642148971557617 -0.91704374551773071
v -1.5886424779891968 6.8427371978759766 -1.2469266653060913
v -1.8037337064743042 7.7691960334777832 -1.6060813665390015
v -2.0150244235992432 8.6792850494384766 -2.0032339096069336
v -2.2221517562866211 9.5714426040649414 -2.4352195262908936
v -2.4171898365020752 10.411527633666992 -2.8805997371673584
v -2.6236193180084229 11.300677299499512 -3.3927843570709229
v -2.8181133270263672 12.138419151306152 -3.9137375354766846
v -3.008544921875 12.958662033081055 -4.4598894119262695
v -3.1949701309204102 13.761648178100586 -5.0291318893432617
v -3.3783228397369385 14.551401138305664 -5.6223649978637695
v -3.5573737621307373 15.322625160217285 -6.233619213104248
v -3.7262899875640869 16.050195693969727 -6.8392057418823242
v -3.8952062129974365 16.777765274047852 -7.4728803634643555
v -4.064122200012207 17.505334854125977 -8.1346435546875
v -4.2330384254455566 18.232906341552734 -8.8244953155517578
v -4.3918194770812988 18.91682243347168 -9.4985666275024414
v -4.5607357025146484 19.644392013549805 -10.24290943145752
v -4.7096600532531738 20.285850524902344 -10.922454833984375
v -4.8621516227722168 20.94267463684082 -11.640902519226074
v -5.0119633674621582 21.587957382202148 -12.369015693664551
v -5.1592206954956055 22.222236633300781 -13.106245994567871
v -5.304044246673584 22.846033096313477 -13.852113723754883
v -5.4464478492736816 23.459407806396484 -14.60565185546875
v -5.5843672752380371 24.053466796875 -15.354490280151367
v -5.7241930961608887 24.655735015869141 -16.132793426513672
v -5.8597784042358398 25.239740371704102 -16.905874252319336
v -5.993441104888916 25.815464019775391 -17.685708999633789
v -6.1252055168151855 26.38300895690918 -18.4716796875
v -6.2498970031738281 26.92009162902832 -19.231203079223633
v -6.3792991638183594 27.47746467590332 -20.036294937133789
v -6.5044994354248047 28.01673698425293 -20.830778121948242
v -6.6300902366638184 28.557693481445313 -21.642694473266602
v -6.756645679473877 29.102802276611328 -22.470733642578125
v 0 0 0
v -0.26244989037513733 0.99819463491439819 -0.032022580504417419
v -0.52298164367675781 1.9890938997268677 -0.10859879851341248
v -0.77111077308654785 2.93282151222229 -0.23063555359840393
v -1.036526083946228 3.9422945976257324 -0.41303986310958862
v -1.2900131940841675 4.906400203704834 -0.63725465536117554
v -1.5308258533477783 5.8223004341125488 -0.89551371335983276
v -1.7862645387649536 6.7938289642333984 -1.2176517248153687
v -2.0281124114990234 7.7136664390563965 -1.5683743953704834
v -2.2656869888305664 8.6172504425048828 -1.9562027454376221
v -2.4985804557800293 9.5030317306518555 -2.3780462741851807
v -2.7178807258605957 10.337112426757813 -2.8129699230194092
v -2.9499890804290771 11.219906806945801 -3.3131299018859863
v -3.1686775684356689 12.051660537719727 -3.8218522071838379
v -3.3827981948852539 12.86604118347168 -4.3551816940307617
v -3.5924141407012939 13.663288116455078 -4.9110598564147949
v -3.7985754013061523 14.447396278381348 -5.4903650283813477
v -3.9998998641967773 15.213108062744141 -6.0872688293457031
v -4.1898283958435059 15.935478210449219 -6.6786375045776367
v -4.3797574043273926 16.657848358154297 -7.2974348068237305
v -4.5696859359741211 17.380218505859375 -7.9436612129211426
v -4.7596149444580078 18.10258674621582 -8.6173171997070313
v -4.938148021697998 18.781614303588867 -9.2755622863769531
v -5.1280765533447266 19.503984451293945 -10.002429962158203
v -5.2955265045166016 20.140859603881836 -10.666021347045898
v -5.4669876098632813 20.792989730834961 -11.36760139465332
v -5.6354355812072754 21.433658599853516 -12.078620910644531
v -5.8010110855102539 22.063404083251953 -12.798542976379395
v -5.9638504981994629 22.682743072509766 -13.526899337768555
v -6.1239686012268066 23.291732788085938 -14.26274585723877
v -6.2790451049804688 23.881546020507813 -14.994003295898438
v -6.4362645149230957 24.479509353637695 -15.754034042358398
v -6.5887160301208496 25.059341430664063 -16.508964538574219
v -6.7390060424804688 25.630949020385742 -17.270488739013672
v -6.8871612548828125 26.194438934326172 -18.038007736206055
v -7.0273642539978027 26.727682113647461 -18.779699325561523
v -7.1728634834289551 27.281070709228516 -19.565891265869141
v -7.3136386871337891 27.816490173339844 -20.341720581054688
v -7.4548525810241699 28.353578567504883 -21.134574890136719
v -7.5971508026123047 28.894792556762695 -21.943174362182617
v 0 0 0
v -0.29126554727554321 0.99017101526260376 -0.031169651076197624
v -0.58040231466293335 1.9731053113937378 -0.10570623725652695
v -0.85577476024627686 2.9092469215393066 -0.22449252009391785
v -1.1503312587738037 3.9106059074401855 -0.40203842520713806
v -1.431649923324585 4.8669619560241699 -0.6202811598777771
v -1.6989026069641113 5.7755002975463867 -0.8716614842414856
v -1.9823871850967407 6.7392191886901855 -1.1852192878723145
v -2.250788688659668 7.6516628265380859 -1.5266002416610718
v -2.5144476890563965 8.5479841232299805 -1.9040987491607666
v -2.772911548614502 9.4266443252563477 -2.3147063255310059
v -3.0162899494171143 10.254020690917969 -2.7380456924438477
v -3.2738826274871826 11.129719734191895 -3.2248835563659668
v -3.5165820121765137 11.954787254333496 -3.7200560569763184
v -3.7542121410369873 12.762621879577637 -4.2391800880432129
v -3.9868426322937012 13.553461074829102 -4.7802524566650391
v -4.2156391143798828 14.331265449523926 -5.3441276550292969
v -4.4390683174133301 15.090823173522949 -5.9251327514648438
v -4.6498498916625977 15.80738639831543 -6.5007500648498535
v -4.8606319427490234 16.523948669433594 -7.1030654907226563
v -5.0714139938354492 17.240512847900391 -7.7320795059204102
v -5.282196044921875 17.957077026367188 -8.3877925872802734
v -5.4803309440612793 18.630645751953125 -9.0285053253173828
v -5.6911129951477051 19.347208023071289 -9.7360124588012695
v -5.8769478797912598 19.978963851928711 -10.381929397583008
v -6.0672345161437988 20.625852584838867 -11.064822196960449
v -6.2541770935058594 21.261371612548828 -11.756903648376465
v -6.437932014465332 21.886056900024414 -12.457650184631348
v -6.6186504364013672 22.500415802001953 -13.166605949401855
v -6.796349048614502 23.104511260986328 -13.882853507995605
v -6.9684514999389648 23.689582824707031 -14.594634056091309
v -7.1429328918457031 24.282739639282227 -15.334421157836914
v -7.3121232986450195 24.85791015625 -16.069244384765625
v -7.4789142608642578 25.424922943115234 -16.81048583984375
v -7.643336296081543 25.983884811401367 -17.557559967041016
v -7.7989325523376465 26.512842178344727 -18.279497146606445
v -7.9604072570800781 27.06178092956543 -19.044748306274414
v -8.11663818359375 27.592897415161133 -19.799911499023438
v -8.2733564376831055 28.125669479370117 -20.571649551391602
v -8.4312782287597656 28.662530899047852 -21.358711242675781
v 0 0 0
v -0.31894317269325256 0.98160618543624878 -0.030266720801591873
v -0.63555532693862915 1.9560381174087524 -0.10264411568641663
v -0.93709516525268555 2.8840823173522949 -0.21798937022686005
v -1.2596420049667358 3.8767795562744141 -0.39039209485054016
v -1.5676931142807007 4.8248634338378906 -0.60231274366378784
v -1.8603416681289673 5.7255430221557617 -0.84641098976135254
v -2.1707644462585449 6.6809258460998535 -1.1508854627609253
v -2.4646708965301514 7.5854768753051758 -1.4823774099349976
v -2.7533841133117676 8.4740447998046875 -1.848940372467041
v -3.0364089012145996 9.3451051712036133 -2.2476534843444824
v -3.3029141426086426 10.165325164794922 -2.6587293148040771
v -3.5849847793579102 11.033449172973633 -3.1314644813537598
v -3.8507468700408936 11.851380348205566 -3.6122925281524658
v -4.1109576225280762 12.652227401733398 -4.1163787841796875
v -4.3656940460205078 13.436224937438965 -4.6417765617370605
v -4.6162323951721191 14.207302093505859 -5.1893177032470703
v -4.8608927726745605 14.960289001464844 -5.7534918785095215
v -5.0917043685913086 15.670654296875 -6.3124346733093262
v -5.3225159645080566 16.381019592285156 -6.8973021507263184
v -5.5533275604248047 17.091384887695313 -7.5080947875976563
v -5.7841391563415527 17.801750183105469 -8.1448125839233398
v -6.0011019706726074 18.469493865966797 -8.7669658660888672
v -6.2319135665893555 19.17985725402832 -9.4539775848388672
v -6.4354076385498047 19.806148529052734 -10.081182479858398
v -6.6437764167785645 20.447441101074219 -10.744293212890625
v -6.8484830856323242 21.077465057373047 -11.416326522827148
v -7.0496997833251953 21.696744918823242 -12.096773147583008
v -7.2475905418395996 22.305789947509766 -12.785192489624023
v -7.4421753883361816 22.904659271240234 -13.480690956115723
v -7.6306319236755371 23.484670639038086 -14.171853065490723
v -7.8216938972473145 24.072698593139648 -14.890210151672363
v -8.0069608688354492 24.642892837524414 -15.60374641418457
v -8.1896018981933594 25.205001831054688 -16.323514938354492
v -8.3696479797363281 25.759126663208008 -17.048948287963867
v -8.5400295257568359 26.283510208129883 -17.749973297119141
v -8.7168483734130859 26.827701568603516 -18.49305534362793
v -8.8879251480102539 27.354221343994141 -19.226343154907227
v -9.0595359802246094 27.88238525390625 -19.975725173950195
v -9.2324647903442383 28.414604187011719 -20.739986419677734
v 0 0 0
v -0.34599944949150085 0.97239840030670166 -0.029304459691047668
v -0.68947011232376099 1.9376899003982544 -0.09938078373670578
v -1.016589879989624 2.8570287227630615 -0.21105889976024628
v -1.3664987087249756 3.84041428565979 -0.37798047065734863
v -1.7006821632385254 4.7796049118041992 -0.5831635594367981
v -2.0181562900543213 5.6718354225158691 -0.81950128078460693
v -2.3549125194549561 6.6182565689086914 -1.1142957210540771
v -2.6737513542175293 7.5143227577209473 -1.4352486133575439
v -2.9869565963745117 8.3945560455322266 -1.7901575565338135
v -3.2939903736114502 9.2574453353881836 -2.176194429397583
v -3.5831036567687988 10.069971084594727 -2.5742011070251465
v -3.8891026973724365 10.929951667785645 -3.0319066047668457
v -4.1774096488952637 11.74021053314209 -3.4974479675292969
v -4.4596943855285645 12.53354549407959 -3.9855077266693115
v -4.7360405921936035 13.310189247131348 -4.4942021369934082
v -5.0078320503234863 14.074033737182617 -5.0243353843688965
v -5.273247241973877 14.819957733154297 -5.5705728530883789
v -5.5236387252807617 15.523658752441406 -6.1117453575134277
v -5.7740302085876465 16.227359771728516 -6.6780185699462891
v -6.0244216918945313 16.931062698364258 -7.2693920135498047
v -6.2748136520385742 17.634763717651367 -7.885866641998291
v -6.5101814270019531 18.296243667602539 -8.4882402420043945
v -6.7605729103088379 18.999944686889648 -9.1534099578857422
v -6.9813299179077148 19.620361328125 -9.7606744766235352
v -7.2073745727539063 20.255638122558594 -10.402703285217285
v -7.4294471740722656 20.879751205444336 -11.053370475769043
v -7.6477327346801758 21.493223190307617 -11.712184906005859
v -7.8624110221862793 22.096555709838867 -12.378716468811035
v -8.0735025405883789 22.689807891845703 -13.052103996276855
v -8.2779464721679688 23.264377593994141 -13.721291542053223
v -8.4852161407470703 23.846889495849609 -14.416810035705566
v -8.6861991882324219 24.411733627319336 -15.107661247253418
v -8.884333610534668 24.968570709228516 -15.804546356201172
v -9.0796527862548828 25.517498016357422 -16.506916046142578
v -9.2644891738891602 26.036962509155273 -17.185653686523438
v -9.4563074111938477 26.5760498046875 -17.905111312866211
v -9.6418972015380859 27.097631454467773 -18.615085601806641
v -9.8280658721923828 27.620840072631836 -19.340642929077148
v -10.015664100646973 28.148067474365234 -20.080606460571289
v 0 0 0
v -0.37140581011772156 0.96297997236251831 -0.028329482302069664
v -0.74009716510772705 1.9189218282699585 -0.096074320375919342
v -1.0912370681762695 2.8293561935424805 -0.20403683185577393
v -1.4668393135070801 3.8032166957855225 -0.36540481448173523
v -1.8255614042282104 4.7333102226257324 -0.56376135349273682
v -2.1663472652435303 5.6168990135192871 -0.79223597049713135
v -2.5278313159942627 6.5541534423828125 -1.077222466468811
v -2.8700821399688721 7.4415407180786133 -1.3874969482421875
v -3.2062857151031494 8.3132476806640625 -1.7305978536605835
v -3.5358645915985107 9.1677799224853516 -2.1037909984588623
v -3.8462073802947998 9.9724349975585938 -2.488555908203125
v -4.174675464630127 10.82408618927002 -2.9310331344604492
v -4.4841523170471191 11.626497268676758 -3.3810856342315674
v -4.7871651649475098 12.412147521972656 -3.8529074192047119
v -5.0838027000427246 13.181269645690918 -4.3446769714355469
v -5.375551700592041 13.937715530395508 -4.8571724891662598
v -5.6604561805725098 14.676414489746094 -5.3852362632751465
v -5.9292335510253906 15.373299598693848 -5.9084033966064453
v -6.1980113983154297 16.070184707641602 -6.455836296081543
v -6.4667887687683105 16.767070770263672 -7.0275349617004395
v -6.7355666160583496 17.463956832885742 -7.6234989166259766
v -6.9882173538208008 18.119029998779297 -8.2058305740356445
v -7.2569947242736816 18.815916061401367 -8.8488702774047852
v -7.4939613342285156 19.430322647094727 -9.4359312057495117
v -7.7366046905517578 20.059446334838867 -10.056598663330078
v -7.9749836921691895 20.677515029907227 -10.685617446899414
v -8.2092981338500977 21.285043716430664 -11.322512626647949
v -8.4397392272949219 21.882532119750977 -11.966869354248047
v -8.6663312911987305 22.470037460327148 -12.617852210998535
v -8.8857870101928711 23.039043426513672 -13.264775276184082
v -9.1082763671875 23.615911483764648 -13.937153816223145
v -9.3240184783935547 24.175287246704102 -14.605019569396973
v -9.5367012023925781 24.726730346679688 -15.278718948364258
v -9.7463626861572266 25.270339965820313 -15.957720756530762
v -9.9447708129882813 25.784772872924805 -16.613874435424805
v -10.150673866271973 26.318637847900391 -17.309396743774414
v -10.349891662597656 26.835168838500977 -17.995750427246094
v -10.54973030090332 27.353309631347656 -18.697166442871094
v -10.751103401184082 27.875431060791016 -19.412511825561523
v 0 0 0
v -0.39522743225097656 0.95345020294189453 -0.02735273540019989
v -0.78756630420684814 1.8999320268630981 -0.092761866748332977
v -1.1612279415130615 2.8013565540313721 -0.19700203835964203
v -1.5609209537506104 3.7655797004699707 -0.35280635952949524
v -1.9426512718200684 4.6864690780639648 -0.54432398080825806
v -2.3052949905395508 5.5613136291503906 -0.76492118835449219
v -2.6899640560150146 6.489293098449707 -1.0400818586349487
v -3.0541665554046631 7.3678984642028809 -1.3396587371826172
v -3.4119338989257813 8.2309789657592773 -1.6709302663803101
v -3.7626516819000244 9.0770540237426758 -2.0312564373016357
v -4.0928993225097656 9.8737468719482422 -2.4027552604675293
v -4.4424352645874023 10.716970443725586 -2.8299770355224609
v -4.7717618942260742 11.511440277099609 -3.264512300491333
v -5.0942096710205078 12.289316177368164 -3.7200667858123779
v -5.4098730087280273 13.050826072692871 -4.1948809623718262
v -5.720334529876709 13.799786567687988 -4.6897063255310059
v -6.0235123634338379 14.531174659729004 -5.1995639801025391
v -6.3095293045043945 15.221163749694824 -5.7046933174133301
v -6.595545768737793 15.911153793334961 -6.2332515716552734
v -6.8815627098083496 16.601142883300781 -6.7852392196655273
v -7.167579174041748 17.291131973266602 -7.3606557846069336
v -7.4364352226257324 17.939722061157227 -7.9229097366333008
v -7.7224516868591309 18.629711151123047 -8.5437784194946289
v -7.9746170043945313 19.238037109375 -9.1105985641479492
v -8.232823371887207 19.860935211181641 -9.7098665237426758
v -8.4864912033081055 20.47288703918457 -10.317198753356934
v -8.7358341217041016 21.074403762817383 -10.932134628295898
v -8.9810562133789063 21.665981292724609 -11.554274559020996
v -9.2221813201904297 22.247673034667969 -12.182812690734863
v -9.4557132720947266 22.811046600341797 -12.807431221008301
v -9.6924724578857422 23.382207870483398 -13.45662784576416
v -9.9220523834228516 23.936046600341797 -14.101467132568359
v -10.148375511169434 24.482032775878906 -14.751938819885254
v -10.371485710144043 25.020263671875 -15.407529830932617
v -10.582618713378906 25.529603958129883 -16.041061401367188
v -10.801729202270508 26.058187484741211 -16.712602615356445
v -11.013724327087402 26.569604873657227 -17.37529182434082
v -11.226380348205566 27.082618713378906 -18.052524566650391
v -11.440669059753418 27.599573135375977 -18.743206024169922
v 0 0 0
v -0.41880506277084351 0.94333183765411377 -0.026326436549425125
v -0.83454924821853638 1.8797693252563477 -0.089281357824802399
v -1.2305020093917847 2.77162766456604 -0.18961034715175629
v -1.6540390253067017 3.7256181240081787 -0.33956876397132874
v -2.0585417747497559 4.6367344856262207 -0.52390044927597046
v -2.4428191184997559 5.5022950172424316 -0.73622065782546997
v -2.8504362106323242 6.4204263687133789 -1.0010570287704468
v -3.2363655567169189 7.2897076606750488 -1.2893935441970825
v -3.6154756546020508 8.1436290740966797 -1.6082354784011841
v -3.9871158599853516 8.9807252883911133 -1.9550418853759766
v -4.3370647430419922 9.7689638137817383 -2.3126018047332764
v -4.7074522972106934 10.603238105773926 -2.7237937450408936
v -5.0564250946044922 11.389277458190918 -3.1420249938964844
v -5.398108959197998 12.158897399902344 -3.580486536026001
v -5.7326040267944336 12.912326812744141 -4.0374855995178223
v -6.0615859031677246 13.653338432312012 -4.5137443542480469
v -6.382850170135498 14.376964569091797 -5.0044717788696289
v -6.6859292984008789 15.059632301330566 -5.4906482696533203
v -6.989008903503418 15.74229907989502 -5.9993743896484375
v -7.2920880317687988 16.424964904785156 -6.5306510925292969
v -7.5951676368713379 17.107631683349609 -7.084477424621582
v -7.8800621032714844 17.749340057373047 -7.6256351470947266
v -8.1831417083740234 18.4320068359375 -8.2232084274291992
v -8.4503498077392578 19.033876419067383 -8.7687606811523438
v -8.7239589691162109 19.650163650512695 -9.3455438613891602
v -8.9927606582641602 20.255622863769531 -9.9300880432128906
v -9.2569780349731445 20.85075569152832 -10.521950721740723
v -9.5168294906616211 21.436054229736328 -11.120747566223145
v -9.7723388671875 22.011571884155273 -11.725703239440918
v -10.019802093505859 22.568967819213867 -12.326885223388672
v -10.270685195922852 23.134067535400391 -12.951723098754883
v -10.513960838317871 23.682027816772461 -13.572367668151855
v -10.753786087036133 24.222221374511719 -14.198432922363281
v -10.990204811096191 24.754739761352539 -14.829425811767578
v -11.213933944702148 25.258674621582031 -15.439186096191406
v -11.446115493774414 25.781648635864258 -16.085529327392578
v -11.670757293701172 26.287639617919922 -16.723356246948242
v -11.896100044250488 26.795209884643555 -17.375177383422852
v -12.123171806335449 27.306676864624023 -18.039945602416992
v 0 0 0
v -0.44212403893470764 0.93263095617294312 -0.025253068655729294
v -0.88101679086685181 1.8584457635879517 -0.085641227662563324
v -1.2990161180496216 2.7401871681213379 -0.18187965452671051
v -1.7461355924606323 3.6833558082580566 -0.3257240355014801
v -2.1731610298156738 4.584136962890625 -0.5025402307510376
v -2.5788347721099854 5.4398789405822754 -0.7062038779258728
v -3.0091478824615479 6.34759521484375 -0.96024250984191895
v -3.4165656566619873 7.2070155143737793 -1.2368230819702148
v -3.8167843818664551 8.0512504577636719 -1.5426653623580933
v -4.2091178894042969 8.8788509368896484 -1.8753319978713989
v -4.5785517692565918 9.658146858215332 -2.2183136940002441
v -4.9695625305175781 10.48295783996582 -2.6127405166625977
v -5.3379659652709961 11.260080337524414 -3.0139200687408447
v -5.698674201965332 12.020970344543457 -3.4345047473907471
v -6.0517940521240234 12.765852928161621 -3.8728711605072021
v -6.3990941047668457 13.498458862304688 -4.3297123908996582
v -6.738245964050293 14.213876724243164 -4.8004322052001953
v -7.0582003593444824 14.888799667358398 -5.2667865753173828
v -7.3781552314758301 15.563722610473633 -5.7547712326049805
v -7.6981101036071777 16.238645553588867 -6.2643866539001465
v -8.0180644989013672 16.913568496704102 -6.7956328392028809
v -8.318821907043457 17.547996520996094 -7.3147268295288086
v -8.6387767791748047 18.222919464111328 -7.8879361152648926
v -8.920863151550293 18.817962646484375 -8.4112453460693359
v -9.2097072601318359 19.42725944519043 -8.964512825012207
v -9.4934749603271484 20.025848388671875 -9.5252237319946289
v -9.772404670715332 20.614231109619141 -10.092955589294434
v -10.046724319458008 21.192890167236328 -10.667339324951172
v -10.316460609436035 21.761878967285156 -11.247629165649414
v -10.577702522277832 22.312952041625977 -11.824299812316895
v -10.842555046081543 22.871641159057617 -12.423662185668945
v -11.09937572479248 23.413387298583984 -13.019001960754395
v -11.352554321289063 23.947450637817383 -13.619542121887207
v -11.602137565612793 24.473928451538086 -14.224807739257813
v -11.838323593139648 24.972148895263672 -14.809707641601563
v -12.083432197570801 25.489189147949219 -15.429699897766113
v -12.320582389831543 25.98944091796875 -16.041519165039063
v -12.5584716796875 26.491252899169922 -16.666767120361328
v -12.798188209533691 26.996917724609375 -17.30443000793457
v 0 0 0
v -0.46516969799995422 0.92135363817214966 -0.024135120213031769
v -0.92693966627120972 1.8359735012054443 -0.081849895417690277
v -1.3667271137237549 2.7070529460906982 -0.1738278716802597
v -1.8371527194976807 3.6388168334960938 -0.31130427122116089
v -2.2864365577697754 4.5287055969238281 -0.48029285669326782
v -2.7132563591003418 5.3741002082824707 -0.67494034767150879
v -3.165999174118042 6.2708401679992676 -0.91773271560668945
v -3.5946536064147949 7.1198687553405762 -1.1820690631866455
v -4.0157337188720703 7.953895092010498 -1.4743717908859253
v -4.4285173416137695 8.7714881896972656 -1.7923113107681274
v -4.8172082901000977 9.5413608551025391 -2.1201090812683105
v -5.228600025177002 10.356198310852051 -2.4970748424530029
v -5.6162066459655762 11.123924255371094 -2.8804941177368164
v -5.9957170486450195 11.875613212585449 -3.2824597358703613
v -6.3672428131103516 12.611488342285156 -3.7014198303222656
v -6.7326459884643555 13.335235595703125 -4.1380367279052734
v -7.0894761085510254 14.042003631591797 -4.5879173278808594
v -7.4261083602905273 14.708765029907227 -5.0336265563964844
v -7.7627406120300293 15.375527381896973 -5.5000081062316895
v -8.0993728637695313 16.042287826538086 -5.9870634078979492
v -8.4360055923461914 16.709051132202148 -6.4947910308837891
v -8.7524394989013672 17.335805892944336 -6.9909048080444336
v -9.0890722274780273 18.002569198608398 -7.5387382507324219
v -9.3858623504638672 18.590415954589844 -8.0388803482055664
v -9.6897621154785156 19.192344665527344 -8.5676546096801758
v -9.9883213043212891 19.783697128295898 -9.1035432815551758
v -10.281789779663086 20.364963531494141 -9.6461420059204102
v -10.570407867431641 20.936626434326172 -10.195096969604492
v -10.854204177856445 21.498735427856445 -10.749697685241699
v -11.129063606262207 22.043144226074219 -11.300840377807617
v -11.407721519470215 22.595077514648438 -11.873668670654297
v -11.677928924560547 23.130273818969727 -12.442652702331543
v -11.944304466247559 23.657878875732422 -13.016606330871582
v -12.206896781921387 24.17799186706543 -13.595077514648438
v -12.455394744873047 24.670186996459961 -14.154084205627441
v -12.713279724121094 25.180974960327148 -14.746628761291504
v -12.962790489196777 25.675176620483398 -15.331363677978516
v -13.213080406188965 26.170921325683594 -15.92893123626709
v -13.465291976928711 26.67047119140625 -16.538364410400391
v 0 0 0
v -0.4868394136428833 0.91008907556533813 -0.023031866177916527
v -0.97012072801589966 1.8135266304016113 -0.078108415007591248
v -1.4303953647613525 2.6739561557769775 -0.1658819168806076
v -1.9227355718612671 3.5943281650543213 -0.2970740795135498
v -2.392949104309082 4.4733371734619141 -0.4583379328250885
v -2.8396520614624023 5.3083958625793457 -0.64408773183822632
v -3.3134856224060059 6.1941723823547363 -0.87578171491622925
v -3.7621088027954102 7.0328202247619629 -1.1280348300933838
v -4.2028050422668457 7.8566498756408691 -1.4069758653640747
v -4.6348176002502441 8.6642475128173828 -1.7103818655014038
v -5.0416154861450195 9.4247074127197266 -2.023195743560791
v -5.4721717834472656 10.229582786560059 -2.382929801940918
v -5.8778347969055176 10.987921714782715 -2.7488222122192383
v -6.2750244140625 11.73042106628418 -3.132413387298584
v -6.6638579368591309 12.45729923248291 -3.5322220325469971
v -7.0462827682495117 13.172198295593262 -3.948880672454834
v -7.4197359085083008 13.87032413482666 -4.3781967163085938
v -7.7720499038696289 14.528934478759766 -4.8035316467285156
v -8.124363899230957 15.187543869018555 -5.2485942840576172
v -8.4766778945922852 15.84615421295166 -5.7133851051330566
v -8.8289928436279297 16.504764556884766 -6.197904109954834
v -9.1601676940917969 17.123857498168945 -6.6713395118713379
v -9.512481689453125 17.782466888427734 -7.1941304206848145
v -9.8230981826782227 18.363128662109375 -7.6714105606079102
v -10.141155242919922 18.957696914672852 -8.1760139465332031
v -10.453622817993164 19.541818618774414 -8.6874065399169922
v -10.760762214660645 20.11598014831543 -9.2052011489868164
v -11.062825202941895 20.680652618408203 -9.7290630340576172
v -11.359842300415039 21.235889434814453 -10.258312225341797
v -11.647505760192871 21.773643493652344 -10.784260749816895
v -11.939145088195801 22.318828582763672 -11.330904006958008
v -12.221939086914063 22.847480773925781 -11.873879432678223
v -12.500724792480469 23.368635177612305 -12.421596527099609
v -12.77554988861084 23.882389068603516 -12.973625183105469
v -13.035623550415039 24.368566513061523 -13.507079124450684
v -13.305521965026855 24.873109817504883 -14.072537422180176
v -13.566656112670898 25.361268997192383 -14.630542755126953
v -13.828605651855469 25.8509521484375 -15.200794219970703
v -14.092565536499023 26.344396591186523 -15.782370567321777
v 0 0 0
v -0.50787389278411865 0.89851951599121094 -0.021912779659032822
v -1.0120359659194946 1.790472149848938 -0.074313238263130188
v -1.4921973943710327 2.6399633884429932 -0.15782195329666138
v -2.0058097839355469 3.5486352443695068 -0.28263968229293823
v -2.4963393211364746 4.4164700508117676 -0.43606793880462646
v -2.9623425006866455 5.2409124374389648 -0.61279243230819702
v -3.4566488265991211 6.1154284477233887 -0.83322876691818237
v -3.9246551990509033 6.9434151649475098 -1.0732252597808838
v -4.384392261505127 7.7567720413208008 -1.3386129140853882
v -4.8350706100463867 8.554102897644043 -1.6272768974304199
v -5.2594442367553711 9.3048954010009766 -1.924891471862793
v -5.7086038589477539 10.099538803100586 -2.2671465873718262
v -6.1317939758300781 10.848237037658691 -2.6152610778808594
v -6.5461444854736328 11.581297874450684 -2.9802138805389404
v -6.9517779350280762 12.298934936523438 -3.3605964183807373
v -7.3507261276245117 13.004745483398438 -3.7570102214813232
v -7.7403144836425781 13.693997383117676 -4.16546630859375
v -8.1078510284423828 14.344234466552734 -4.5701346397399902
v -8.4753866195678711 14.994471549987793 -4.9935727119445801
v -8.8429231643676758 15.644709587097168 -5.4357800483703613
v -9.2104597091674805 16.294946670532227 -5.896756649017334
v -9.555943489074707 16.906169891357422 -6.3471889495849609
v -9.9234800338745117 17.556406021118164 -6.8445782661437988
v -10.247516632080078 18.12968635559082 -7.2986679077148438
v -10.579316139221191 18.716697692871094 -7.7787532806396484
v -10.90528392791748 19.293392181396484 -8.2652978897094727
v -11.225693702697754 19.860254287719727 -8.7579345703125
v -11.54080867767334 20.417749404907227 -9.2563419342041016
v -11.85065746307373 20.96592903137207 -9.7598762512207031
v -12.150750160217285 21.496845245361328 -10.260269165039063
v -12.454989433288574 22.035099029541016 -10.780351638793945
v -12.750002861022949 22.557029724121094 -11.296944618225098
v -13.040833473205566 23.071561813354492 -11.818049430847168
v -13.327532768249512 23.57878303527832 -12.343255996704102
v -13.598842620849609 24.058780670166016 -12.850789070129395
v -13.880402565002441 24.556909561157227 -13.388772964477539
v -14.152819633483887 25.038864135742188 -13.919666290283203
v -14.426087379455566 25.522321701049805 -14.462209701538086
v -14.701452255249023 26.009490966796875 -15.015527725219727
v 0 0 0
v -0.52794808149337769 0.88687258958816528 -0.020800678059458733
v -1.0520375967025757 1.7672634124755859 -0.070541739463806152
v -1.5511778593063354 2.6057431697845459 -0.14981228113174438
v -2.0850911140441895 3.5026364326477051 -0.26829534769058228
v -2.5950095653533936 4.3592219352722168 -0.41393691301345825
v -3.0794317722320557 5.1729779243469238 -0.58169245719909668
v -3.5932760238647461 6.0361580848693848 -0.79094129800796509
v -4.0797805786132813 6.8534121513366699 -1.018757700920105
v -4.5576891899108887 7.6562261581420898 -1.2706766128540039
v -5.0261812210083008 8.4432210922241211 -1.5446904897689819
v -5.4673285484313965 9.1842823028564453 -1.8272007703781128
v -5.934241771697998 9.9686250686645508 -2.1520860195159912
v -6.3741588592529297 10.707618713378906 -2.4825329780578613
v -6.8048868179321289 11.431177139282227 -2.8289642333984375
v -7.2265529632568359 12.139512062072754 -3.1900417804718018
v -7.6412701606750488 12.836174011230469 -3.5663371086120605
v -8.0462570190429688 13.516490936279297 -3.9540634155273438
v -8.4283208847045898 14.158299446105957 -4.3381943702697754
v -8.8103847503662109 14.800107955932617 -4.7401423454284668
v -9.1924476623535156 15.441917419433594 -5.1599068641662598
v -9.5745115280151367 16.083724975585938 -5.5974884033203125
v -9.9336509704589844 16.68702507019043 -6.0250606536865234
v -10.315714836120605 17.328834533691406 -6.4972066879272461
v -10.652559280395508 17.894681930541992 -6.9282512664794922
v -10.997472763061523 18.474084854125977 -7.3839712142944336
v -11.336325645446777 19.043304443359375 -7.845822811126709
v -11.669399261474609 19.602819442749023 -8.3134574890136719
v -11.996969223022461 20.153087615966797 -8.7865705490112305
v -12.319066047668457 20.694160461425781 -9.2645492553710938
v -12.631019592285156 21.218194961547852 -9.7395467758178711
v -12.947284698486328 21.749471664428711 -10.233235359191895
v -13.253958702087402 22.264638900756836 -10.723609924316406
v -13.556283950805664 22.772499084472656 -11.218267440795898
v -13.854315757751465 23.27314567565918 -11.716818809509277
v -14.136349678039551 23.746921539306641 -12.19859504699707
v -14.429038047790527 24.238594055175781 -12.709275245666504
v -14.712223052978516 24.714302062988281 -13.213225364685059
v -14.996291160583496 25.191492080688477 -13.728233337402344
v -15.282540321350098 25.672348022460938 -14.253470420837402
v 0 0 0
v -0.54754757881164551 0.87490785121917725 -0.019673390313982964
v -1.0910933017730713 1.7434214353561401 -0.066718749701976776
v -1.608763575553894 2.5705893039703369 -0.14169324934482574
v -2.1624977588653564 3.4553825855255127 -0.25375515222549438
v -2.6913464069366455 4.3004121780395508 -0.3915037214756012
v -3.1937522888183594 5.1031894683837891 -0.5501677393913269
v -3.7266724109649658 5.9547247886657715 -0.74807643890380859
v -4.2312383651733398 6.760953426361084 -0.96354633569717407
v -4.7268886566162109 7.5529360771179199 -1.2018126249313354
v -5.2127728462219238 8.3293142318725586 -1.4609763622283936
v -5.6702971458435059 9.0603780746459961 -1.7281759977340698
v -6.1545438766479492 9.8341388702392578 -2.035454273223877
v -6.6107921600341797 10.563162803649902 -2.3479928970336914
v -7.0575108528137207 11.276959419250488 -2.6756491661071777
v -7.4948310852050781 11.975738525390625 -3.0171582698822021
v -7.9249439239501953 12.663002014160156 -3.3730602264404297
v -8.344965934753418 13.334140777587891 -3.7397739887237549
v -8.7412128448486328 13.967290878295898 -4.1030869483947754
v -9.1374607086181641 14.600440979003906 -4.4832515716552734
v -9.5337076187133789 15.233591079711914 -4.8802671432495117
v -9.9299545288085938 15.866741180419922 -5.2941341400146484
v -10.302427291870117 16.461902618408203 -5.6985340118408203
v -10.698674201965332 17.095052719116211 -6.1450924873352051
v -11.04802417755127 17.653266906738281 -6.5527763366699219
v -11.405741691589355 18.224851608276367 -6.9837985038757324
v -11.757173538208008 18.786394119262695 -7.4206204414367676
v -12.10261344909668 19.338359832763672 -7.8629117012023926
v -12.442343711853027 19.881202697753906 -8.3103847503662109
v -12.776397705078125 20.414976119995117 -8.7624597549438477
v -13.099932670593262 20.931941986083984 -9.2117147445678711
v -13.427938461303711 21.456050872802734 -9.6786470413208008
v -13.745997428894043 21.964267730712891 -10.142446517944336
v -14.05954647064209 22.465276718139648 -10.610296249389648
v -14.36864185333252 22.959169387817383 -11.081829071044922
v -14.66114616394043 23.426553726196289 -11.537494659423828
v -14.964700698852539 23.911592483520508 -12.020499229431152
v -15.258398056030273 24.380882263183594 -12.497137069702148
v -15.553011894226074 24.851634979248047 -12.984235763549805
v -15.849887847900391 25.326004028320313 -13.481006622314453
v 0 0 0
v -0.56687629222869873 0.86251050233840942 -0.01852155476808548
v -1.1296094655990601 1.7187172174453735 -0.062812507152557373
v -1.6655538082122803 2.5341641902923584 -0.1333974152803421
v -2.2388350963592529 3.4064202308654785 -0.23889832198619843
v -2.7863523960113525 4.2394752502441406 -0.36858201026916504
v -3.3064935207366943 5.0308775901794434 -0.51795661449432373
v -3.8582260608673096 5.8703465461730957 -0.70427817106246948
v -4.3806033134460449 6.6651511192321777 -0.90713280439376831
v -4.8937501907348633 7.4459114074707031 -1.1314489841461182
v -5.3967862129211426 8.2112884521484375 -1.3754392862319946
v -5.8704619407653809 8.9319925308227539 -1.6269950866699219
v -6.3718023300170898 9.6947898864746094 -1.9162826538085938
v -6.8441567420959473 10.413483619689941 -2.2105228900909424
v -7.3066449165344238 11.117165565490723 -2.5189955234527588
v -7.7594022750854492 11.80604362487793 -2.8405101299285889
v -8.2046985626220703 12.483567237854004 -3.175574779510498
v -8.6395473480224609 13.145196914672852 -3.5208182334899902
v -9.0497827529907227 13.769374847412109 -3.8628602027893066
v -9.460017204284668 14.393553733825684 -4.220766544342041
v -9.8702526092529297 15.017731666564941 -4.5945377349853516
v -10.280487060546875 15.641910552978516 -4.9841737747192383
v -10.666108131408691 16.2286376953125 -5.3648967742919922
v -11.076343536376953 16.852815628051758 -5.7853102684020996
v -11.438024520874023 17.403120040893555 -6.1691250801086426
v -11.808370590209961 17.966606140136719 -6.5749120712280273
v -12.172207832336426 18.520191192626953 -6.9861588478088379
v -12.529841423034668 19.064334869384766 -7.402554988861084
v -12.881565093994141 19.5994873046875 -7.8238296508789063
v -13.227411270141602 20.125698089599609 -8.2494363784790039
v -13.562366485595703 20.635337829589844 -8.6723880767822266
v -13.901951789855957 21.152021408081055 -9.1119832992553711
v -14.23123836517334 21.653034210205078 -9.5486278533935547
v -14.555855751037598 22.146945953369141 -9.9890861511230469
v -14.875862121582031 22.633840560913086 -10.433012008666992
v -15.178692817687988 23.094600677490234 -10.86199951171875
v -15.492962837219238 23.57276725769043 -11.31672477722168
v -15.797027587890625 24.035406112670898 -11.765457153320313
v -16.102041244506836 24.499488830566406 -12.22403621673584
v -16.409397125244141 24.967134475708008 -12.691722869873047
v 0 0 0
v -0.58592450618743896 0.8496863842010498 -0.017347417771816254
v -1.1675667762756348 1.6931626796722412 -0.058830637484788895
v -1.721519947052002 2.4964854717254639 -0.12494094669818878
v -2.3140647411346436 3.3557722568511963 -0.22375383973121643
v -2.8799796104431152 4.1764416694641113 -0.34521648287773132
v -3.4175987243652344 4.9560770988464355 -0.48512178659439087
v -3.987870454788208 5.7830643653869629 -0.65963184833526611
v -4.5278005599975586 6.5660514831542969 -0.84962689876556396
v -5.0581903457641602 7.3352031707763672 -1.0597231388092041
v -5.578129768371582 8.0892000198364258 -1.2882461547851563
v -6.0677218437194824 8.7991886138916016 -1.5238549709320068
v -6.5859084129333496 9.5506439208984375 -1.7948038578033447
v -7.0741348266601563 10.258652687072754 -2.0703911781311035
v -7.5521631240844727 10.951871871948242 -2.3593089580535889
v -8.0201349258422852 11.630507469177246 -2.6604416370391846
v -8.4803934097290039 12.297957420349121 -2.9742655754089355
v -8.9298543930053711 12.949749946594238 -3.2976229190826416
v -9.3538742065429688 13.564647674560547 -3.6179819107055664
v -9.7778940200805664 14.179545402526855 -3.9531996250152588
v -10.201913833618164 14.794443130493164 -4.303276538848877
v -10.625933647155762 15.409340858459473 -4.6682119369506836
v -11.024511337280273 15.987344741821289 -5.0248003005981445
v -11.448531150817871 16.602243423461914 -5.4185619354248047
v -11.822366714477539 17.144365310668945 -5.778045654296875
v -12.205156326293945 17.699472427368164 -6.1581087112426758
v -12.581219673156738 18.244827270507813 -6.5432853698730469
v -12.950870513916016 18.780879974365234 -6.9332847595214844
v -13.314412117004395 19.308074951171875 -7.3278536796569824
v -13.671879768371582 19.826461791992188 -7.7264795303344727
v -14.01809024810791 20.328523635864258 -8.12261962890625
v -14.369086265563965 20.8375244140625 -8.5343475341796875
v -14.709437370300293 21.331090927124023 -8.9433116912841797
v -15.044962882995605 21.817657470703125 -9.3558483123779297
v -15.37572193145752 22.297311782836914 -9.771632194519043
v -15.688728332519531 22.751222610473633 -10.17342472076416
v -16.013559341430664 23.222278594970703 -10.599323272705078
v -16.327840805053711 23.67803955078125 -11.019609451293945
v -16.643104553222656 24.135223388671875 -11.449117660522461
v -16.960786819458008 24.595914840698242 -11.88715648651123
v 0 0 0
v -0.6046825647354126 0.8364415168762207 -0.016153225675225258
v -1.2049458026885986 1.6667698621749878 -0.054780744016170502
v -1.7766333818435669 2.4575703144073486 -0.1163400337100029
v -2.388148307800293 3.3034627437591553 -0.20835065841674805
v -2.9721806049346924 4.1113395690917969 -0.32145184278488159
v -3.5270111560821533 4.878821849822998 -0.45172607898712158
v -4.1155400276184082 5.6929183006286621 -0.61422288417816162
v -4.6727557182312012 6.4637002944946289 -0.79113876819610596
v -5.220125675201416 7.2208623886108398 -0.98677194118499756
v -5.7567105293273926 7.9631061553955078 -1.1995635032653809
v -6.2619762420654297 8.6620273590087891 -1.4189530611038208
v -6.7967524528503418 9.4017696380615234 -1.6712497472763062
v -7.3006091117858887 10.09874153137207 -1.927865743637085
v -7.7939414978027344 10.781154632568359 -2.1968944072723389
v -8.2768945693969727 11.449211120605469 -2.477297306060791
v -8.7518892288208008 12.106258392333984 -2.7695176601409912
v -9.2157392501831055 12.747889518737793 -3.070615291595459
v -9.6533336639404297 13.353202819824219 -3.3689205646514893
v -10.090928077697754 13.958515167236328 -3.6810619831085205
v -10.528522491455078 14.563828468322754 -4.0070395469665527
v -10.966116905212402 15.169140815734863 -4.3468532562255859
v -11.377455711364746 15.73813533782959 -4.6788935661315918
v -11.81505012512207 16.343448638916016 -5.0455493927001953
v -12.20085334777832 16.877119064331055 -5.3802862167358398
v -12.595897674560547 17.423574447631836 -5.7341856956481934
v -12.984001159667969 17.960426330566406 -6.0928468704223633
v -13.365485191345215 18.488124847412109 -6.4559988975524902
v -13.740666389465332 19.007102966308594 -6.8234052658081055
v -14.109578132629395 19.51740837097168 -7.1945900917053223
v -14.466872215270996 20.01164436340332 -7.5634598731994629
v -14.829104423522949 20.512710571289063 -7.9468441009521484
v -15.180352210998535 20.99858283996582 -8.3276557922363281
v -15.526618957519531 21.477563858032227 -8.7117929458618164
v -15.86796760559082 21.949743270874023 -9.0989542007446289
v -16.190994262695313 22.396577835083008 -9.473088264465332
v -16.526224136352539 22.86029052734375 -9.8696680068969727
v -16.850566864013672 23.308948516845703 -10.261021614074707
v -17.175924301147461 23.759004592895508 -10.66096305847168
v -17.503778457641602 24.212516784667969 -11.068846702575684
v 0 0 0
v -0.62262243032455444 0.82317441701889038 -0.014975788071751595
v -1.2406944036483765 1.6403325796127319 -0.050787679851055145
v -1.8293429613113403 2.4185898303985596 -0.10785979777574539
v -2.4590003490447998 3.2510652542114258 -0.19316360354423523
v -3.0603599548339844 4.0461277961730957 -0.2980206310749054
v -3.6316514015197754 4.8014369010925293 -0.41879895329475403
v -4.2376408576965332 5.6026210784912109 -0.56945109367370605
v -4.8113880157470703 6.3611769676208496 -0.73347121477127075
v -5.374997615814209 7.1063299179077148 -0.9148443341255188
v -5.9275016784667969 7.8368005752563477 -1.1121251583099365
v -6.4477581977844238 8.5246362686157227 -1.3155230283737183
v -6.9984002113342285 9.2526445388793945 -1.5494294166564941
v -7.5172057151794434 9.9385614395141602 -1.7873401641845703
v -8.0251741409301758 10.610151290893555 -2.0367588996887207
v -8.522456169128418 11.267611503601074 -2.2967226505279541
v -9.0115423202514648 11.914236068725586 -2.5676424503326416
v -9.4891538619995117 12.545690536499023 -2.846792459487915
v -9.9397306442260742 13.141402244567871 -3.1233539581298828
v -10.390307426452637 13.737113952636719 -3.4127428531646729
v -10.840885162353516 14.332825660705566 -3.7149593830108643
v -11.291461944580078 14.928537368774414 -4.0300030708312988
v -11.715004920959473 15.488507270812988 -4.3378405570983887
v -12.165581703186035 16.084218978881836 -4.6777701377868652
v -12.562830924987793 16.609424591064453 -4.9881072044372559
v -12.969595909118652 17.147212982177734 -5.3162107467651367
v -13.369213104248047 17.67555046081543 -5.6487283706665039
v -13.762016296386719 18.194877624511719 -5.9854092597961426
v -14.148327827453613 18.705623626708984 -6.3260350227355957
v -14.528183937072754 19.207836151123047 -6.670163631439209
v -14.896079063415527 19.694232940673828 -7.01214599609375
v -15.269058227539063 20.187351226806641 -7.3675847053527832
v -15.63072681427002 20.665515899658203 -7.7206377983093262
v -15.987266540527344 21.136899948120117 -8.0767755508422852
v -16.338743209838867 21.601589202880859 -8.4357156753540039
v -16.671352386474609 22.041336059570313 -8.7825775146484375
v -17.01652717590332 22.497695922851563 -9.1502504348754883
v -17.350494384765625 22.939235687255859 -9.5130767822265625
v -17.685503005981445 23.38215446472168 -9.8838663101196289
v -18.02308464050293 23.828472137451172 -10.262018203735352
v 0 0 0
v -0.64013814926147461 0.80962741374969482 -0.013792896643280983
v -1.2755978107452393 1.6133376359939575 -0.046776119619607925
v -1.8808064460754395 2.3787872791290283 -0.099340289831161499
v -2.5281774997711182 3.1975624561309814 -0.17790621519088745
v -3.1464545726776123 3.9795408248901367 -0.27448093891143799
v -3.7338175773620605 4.7224197387695313 -0.38571932911872864
v -4.3568549156188965 5.5104184150695801 -0.5244719386100769
v -4.9467430114746094 6.2564911842346191 -0.6755366325378418
v -5.5262079238891602 6.9893808364868164 -0.84258365631103516
v -6.0942554473876953 7.7078299522399902 -1.0242818593978882
v -6.6291475296020508 8.3843460083007813 -1.2116140127182007
v -7.1952805519104004 9.1003732681274414 -1.4270448684692383
v -7.7286806106567383 9.7750024795532227 -1.6461638212203979
v -8.2509393692016602 10.435539245605469 -1.8758816719055176
v -8.7622108459472656 11.082180023193359 -2.1153116226196289
v -9.2650566101074219 11.71816349029541 -2.3648324012756348
v -9.7561044692993164 12.339225769042969 -2.6219332218170166
v -10.219356536865234 12.925134658813477 -2.8766500949859619
v -10.682609558105469 13.511042594909668 -3.1431810855865479
v -11.145862579345703 14.096950531005859 -3.4215261936187744
v -11.609115600585938 14.682858467102051 -3.7116858959197998
v -12.044572830200195 15.233612060546875 -3.9952082633972168
v -12.50782585144043 15.819520950317383 -4.3082876205444336
v -12.916250228881836 16.336084365844727 -4.5941123962402344
v -13.33445930480957 16.865020751953125 -4.8962998390197754
v -13.745318412780762 17.384664535522461 -5.2025527954101563
v -14.149171829223633 17.895444869995117 -5.5126404762268066
v -14.546350479125977 18.397785186767578 -5.8263611793518066
v -14.936893463134766 18.891731262207031 -6.143308162689209
v -15.31513786315918 19.370124816894531 -6.4582781791687012
v -15.698610305786133 19.855127334594727 -6.785642147064209
v -16.070453643798828 20.325424194335938 -7.1108088493347168
v -16.437023162841797 20.789051055908203 -7.4388160705566406
v -16.798385620117188 21.246091842651367 -7.769404411315918
v -17.140354156494141 21.67860221862793 -8.0888690948486328
v -17.4952392578125 22.127450942993164 -8.4275007247924805
v -17.838602066040039 22.561725616455078 -8.7616691589355469
v -18.183034896850586 22.997354507446289 -9.1031703948974609
v -18.530113220214844 23.43632698059082 -9.4514541625976563
v 0 0 0
v -0.65719091892242432 0.79584693908691406 -0.012609737925231457
v -1.3095787763595581 1.5858774185180664 -0.042763650417327881
v -1.9309096336364746 2.3382985591888428 -0.090818852186203003
v -2.5955262184143066 3.1431376934051514 -0.1626453697681427
v -3.2302737236022949 3.9118061065673828 -0.2509358823299408
v -3.8332836627960205 4.6420407295227051 -0.35263222455978394
v -4.4729180335998535 5.4166269302368164 -0.47948259115219116
v -5.0785202980041504 6.150001049041748 -0.61758887767791748
v -5.6734218597412109 6.8704166412353516 -0.77030658721923828
v -6.2566013336181641 7.5766372680664063 -0.93641865253448486
v -6.8057432174682617 8.24163818359375 -1.1076813936233521
v -7.3869571685791016 8.9454784393310547 -1.3046325445175171
v -7.9345669746398926 9.6086244583129883 -1.5049554109573364
v -8.470738410949707 10.257919311523438 -1.7149680852890015
v -8.9956293106079102 10.893552780151367 -1.9338597059249878
v -9.5118703842163086 11.518712043762207 -2.1619765758514404
v -10.015998840332031 12.129202842712402 -2.3970232009887695
v -10.491592407226563 12.70513916015625 -2.6298902034759521
v -10.967185974121094 13.281074523925781 -2.8735580444335938
v -11.442779541015625 13.857009887695313 -3.1280267238616943
v -11.918373107910156 14.432945251464844 -3.393296480178833
v -12.36543083190918 14.974325180053711 -3.6524982452392578
v -12.841024398803711 15.550260543823242 -3.9387214183807373
v -13.260329246520996 16.05803108215332 -4.2000279426574707
v -13.689679145812988 16.577966690063477 -4.4762935638427734
v -14.111482620239258 17.088764190673828 -4.7562766075134277
v -14.526094436645508 17.590850830078125 -5.0397648811340332
v -14.933854103088379 18.084640502929688 -5.3265743255615234
v -15.334800720214844 18.570180892944336 -5.6163334846496582
v -15.723121643066406 19.040430068969727 -5.9042854309082031
v -16.116809844970703 19.517179489135742 -6.2035679817199707
v -16.498558044433594 19.979469299316406 -6.5008416175842285
v -16.874893188476563 20.435205459594727 -6.8007121086120605
v -17.245882034301758 20.884468078613281 -7.102942943572998
v -17.596960067749023 21.309616088867188 -7.3950037956237793
v -17.961299896240234 21.750825881958008 -7.7045869827270508
v -18.313808441162109 22.177707672119141 -8.0100898742675781
v -18.667417526245117 22.605920791625977 -8.3222980499267578
v -19.023740768432617 23.037424087524414 -8.6407051086425781
v 0 0 0
v -0.67384922504425049 0.78179234266281128 -0.011423959396779537
v -1.3427734375 1.5578709840774536 -0.038742296397686005
v -1.979853630065918 2.297004222869873 -0.082278542220592499
v -2.6613166332244873 3.087630033493042 -0.1473507285118103
v -3.3121535778045654 3.8427238464355469 -0.22733867168426514
v -3.9304485321044922 4.5600628852844238 -0.31947183609008789
v -4.5862960815429688 5.3209700584411621 -0.43439358472824097
v -5.2072486877441406 6.0413923263549805 -0.55951285362243652
v -5.8172297477722168 6.7490854263305664 -0.69786947965621948
v -6.415191650390625 7.4428343772888184 -0.84836089611053467
v -6.9782528877258301 8.0960912704467773 -1.0035185813903809
v -7.5741991996765137 8.7875022888183594 -1.1819491386413574
v -8.1356897354125977 9.4389371871948242 -1.3634343147277832
v -8.6854515075683594 10.076765060424805 -1.553697943687439
v -9.2236480712890625 10.701173782348633 -1.7520058155059814
v -9.7529735565185547 11.315292358398438 -1.9586712121963501
v -10.269881248474121 11.915002822875977 -2.1716148853302002
v -10.757530212402344 12.480767250061035 -2.3825838565826416
v -11.245179176330566 13.046531677246094 -2.6033380031585693
v -11.732827186584473 13.612296104431152 -2.8338773250579834
v -12.220476150512695 14.178061485290527 -3.0742018222808838
v -12.678865432739258 14.709879875183105 -3.3090291023254395
v -13.16651439666748 15.275644302368164 -3.5683369636535645
v -13.596447944641113 15.774448394775391 -3.8050711154937744
v -14.036680221557617 16.285200119018555 -4.0553574562072754
v -14.469176292419434 16.786977767944336 -4.3090114593505859
v -14.894296646118164 17.28019905090332 -4.5658416748046875
v -15.312392234802246 17.765268325805664 -4.8256807327270508
v -15.723502159118652 18.242233276367188 -5.0881915092468262
v -16.121665954589844 18.704177856445313 -5.3490657806396484
v -16.525331497192383 19.172508239746094 -5.6202044486999512
v -16.916757583618164 19.62663459777832 -5.8895235061645508
v -17.302631378173828 20.074321746826172 -6.1611952781677246
v -17.683025360107422 20.515649795532227 -6.4350051879882813
v -18.043001174926758 20.933290481567383 -6.6996016502380371
v -18.416576385498047 21.366706848144531 -6.9800729751586914
v -18.778020858764648 21.786050796508789 -7.2568473815917969
v -19.140592575073242 22.206703186035156 -7.5396957397460938
v -19.505947113037109 22.630584716796875 -7.8281612396240234
v 0 0 0
v -0.69020724296569824 0.76738953590393066 -0.010230720974504948
v -1.3753700256347656 1.5291705131530762 -0.034695643931627274
v -2.0279157161712646 2.2546868324279785 -0.073684506118297577
v -2.725921630859375 3.0307469367980957 -0.13195987045764923
v -3.3925578594207764 3.7719297409057617 -0.20359303057193756
v -4.0258622169494629 4.4760532379150391 -0.28610283136367798
v -4.6976308822631836 5.2229423522949219 -0.38902094960212708
v -5.3336577415466309 5.9300928115844727 -0.50107145309448242
v -5.9584460258483887 6.6247477531433105 -0.62497663497924805
v -6.5709238052368164 7.3057160377502441 -0.75974917411804199
v -7.1476535797119141 7.9469380378723145 -0.89870059490203857
v -7.7580671310424805 8.6256113052368164 -1.0584938526153564
v -8.3331880569458008 9.2650442123413086 -1.2210228443145752
v -8.8962955474853516 9.8911218643188477 -1.3914134502410889
v -9.4475564956665039 10.504027366638184 -1.5690078735351563
v -9.9897327423095703 11.106831550598145 -1.754086971282959
v -10.519187927246094 11.695493698120117 -1.9447885751724243
v -11.018674850463867 12.250835418701172 -2.1337215900421143
v -11.518161773681641 12.806177139282227 -2.3314180374145508
v -12.017648696899414 13.361518859863281 -2.5378773212432861
v -12.517134666442871 13.916860580444336 -2.7530999183654785
v -12.986652374267578 14.438881874084473 -2.9633994102478027
v -13.486139297485352 14.994223594665527 -3.1956222057342529
v -13.926508903503418 15.483838081359863 -3.4076294898986816
v -14.37742805480957 15.985180854797363 -3.6317734718322754
v -14.820423126220703 16.477712631225586 -3.8589332103729248
v -15.255864143371582 16.961847305297852 -4.0889372825622559
v -15.684108734130859 17.437980651855469 -4.3216357231140137
v -16.105197906494141 17.906158447265625 -4.556727409362793
v -16.513027191162109 18.359592437744141 -4.7903528213500977
v -16.926494598388672 18.819293975830078 -5.0331711769104004
v -17.327421188354492 19.265054702758789 -5.2743597030639648
v -17.722661972045898 19.704494476318359 -5.5176553726196289
v -18.11229133605957 20.137693405151367 -5.7628655433654785
v -18.48100471496582 20.547639846801758 -5.9998245239257813
v -18.863649368286133 20.973072052001953 -6.2510004043579102
v -19.233867645263672 21.384689331054688 -6.498866081237793
v -19.605239868164063 21.797592163085938 -6.7521705627441406
v -19.979465484619141 22.213663101196289 -7.0105061531066895
v 0 0 0
v -0.70625770092010498 0.75264471769332886 -0.0090321516618132591
v -1.4073536396026611 1.4997886419296265 -0.030630908906459808
v -2.0750739574432373 2.21136474609375 -0.06505206972360611
v -2.7893116474151611 2.9725134372711182 -0.11650024354457855
v -3.4714503288269043 3.6994550228118896 -0.17974129319190979
v -4.1194820404052734 4.3900494575500488 -0.25258475542068481
v -4.8068723678588867 5.1225876808166504 -0.34344559907913208
v -5.4576897621154785 5.8161501884460449 -0.44236892461776733
v -6.0970072746276855 6.4974584579467773 -0.55175811052322388
v -6.7237281799316406 7.1653423309326172 -0.6707414984703064
v -7.3138689994812012 7.7942438125610352 -0.79341423511505127
v -7.9384775161743164 8.4598760604858398 -0.93448710441589355
v -8.526972770690918 9.0870237350463867 -1.0779751539230347
v -9.103175163269043 9.7010717391967773 -1.2284038066864014
v -9.6672554016113281 10.302200317382813 -1.3851923942565918
v -10.222039222717285 10.89342212677002 -1.548588752746582
v -10.76380729675293 11.470773696899414 -1.7169488668441772
v -11.274909019470215 12.015444755554199 -1.8837476968765259
v -11.786011695861816 12.560115814208984 -2.0582830905914307
v -12.297113418579102 13.10478687286377 -2.2405548095703125
v -12.808215141296387 13.649457931518555 -2.43056321144104
v -13.288651466369629 14.161449432373047 -2.6162252426147461
v -13.799753189086914 14.706120491027832 -2.8212423324584961
v -14.250364303588867 15.18632698059082 -3.0084121227264404
v -14.711769104003906 15.678037643432617 -3.2062966823577881
v -15.165065765380859 16.161106109619141 -3.4068436622619629
v -15.61063289642334 16.63593864440918 -3.6099019050598145
v -16.048835754394531 17.102922439575195 -3.8153388500213623
v -16.479717254638672 17.562105178833008 -4.0228886604309082
v -16.897031784057617 18.006828308105469 -4.2291440963745117
v -17.320112228393555 18.457696914672852 -4.4435148239135742
v -17.730361938476563 18.894891738891602 -4.6564474105834961
v -18.134796142578125 19.325887680053711 -4.8712401390075684
v -18.533483505249023 19.750762939453125 -5.0877227783203125
v -18.910772323608398 20.15283203125 -5.2969212532043457
v -19.302314758300781 20.570089340209961 -5.5186710357666016
v -19.681142807006836 20.973798751831055 -5.7374978065490723
v -20.061151504516602 21.378767013549805 -5.9611268043518066
v -20.44407844543457 21.786844253540039 -6.1891970634460449
v 0 0 0
v -0.72199320793151855 0.73756426572799683 -0.0078303785994648933
v -1.4387096166610718 1.4697378873825073 -0.026555312797427177
v -2.1213068962097168 2.1670565605163574 -0.056396570056676865
v -2.8514578342437744 2.9129543304443359 -0.10099930316209793
v -3.5487945079803467 3.6253304481506348 -0.15582582354545593
v -4.2112641334533691 4.3020877838134766 -0.21897707879543304
v -4.9139699935913086 5.0199480056762695 -0.29774844646453857
v -5.5792875289916992 5.6996145248413086 -0.38350951671600342
v -6.23284912109375 6.3672714233398438 -0.47834393382072449
v -6.8735332489013672 7.0217728614807129 -0.58149600028991699
v -7.4768228530883789 7.6380734443664551 -0.68784648180007935
v -8.1153478622436523 8.2903690338134766 -0.81014895439147949
v -8.716954231262207 8.9049501419067383 -0.93454515933990479
v -9.305994987487793 9.5066947937011719 -1.0649585723876953
v -9.8826427459716797 10.095779418945313 -1.200885534286499
v -10.449787139892578 10.675155639648438 -1.3425412178039551
v -11.003625869750977 11.240938186645508 -1.4885001182556152
v -11.526115417480469 11.774696350097656 -1.6331056356430054
v -12.048604965209961 12.308453559875488 -1.7844181060791016
v -12.571094512939453 12.842211723327637 -1.9424378871917725
v -13.093583106994629 13.375969886779785 -2.1071646213531494
v -13.584723472595215 13.877701759338379 -2.2681233882904053
v -14.107213020324707 14.411459922790527 -2.4458620548248291
v -14.567863464355469 14.882044792175293 -2.6081278324127197
v -15.039547920227051 15.36390209197998 -2.7796828746795654
v -15.502944946289063 15.837292671203613 -2.9535460472106934
v -15.958438873291016 16.302610397338867 -3.1295862197875977
v -16.406406402587891 16.760238647460938 -3.3076889514923096
v -16.846887588500977 17.210220336914063 -3.4876232147216797
v -17.27349853515625 17.646032333374023 -3.6664352416992188
v -17.706005096435547 18.087865829467773 -3.8522830009460449
v -18.125396728515625 18.516302108764648 -4.0368838310241699
v -18.538839340209961 18.938663482666016 -4.2230968475341797
v -18.9464111328125 19.355024337768555 -4.4107756614685059
v -19.33210563659668 19.74903678894043 -4.5921392440795898
v -19.732372283935547 20.157934188842773 -4.7843842506408691
v -20.119640350341797 20.553554534912109 -4.9740948677062988
v -20.508115768432617 20.950408935546875 -5.1679692268371582
v -20.899574279785156 21.350311279296875 -5.3656935691833496
v 0 0 0
v -0.73666614294052124 0.72290956974029541 -0.0066858772188425064
v -1.4679481983184814 1.4405356645584106 -0.022673944011330605
v -2.1644177436828613 2.1239993572235107 -0.048153553158044815
v -2.909407377243042 2.8550770282745361 -0.08623708039522171
v -3.6209158897399902 3.5532987117767334 -0.13305005431175232
v -4.2968487739562988 4.2166094779968262 -0.1869710236787796
v -5.0138354301452637 4.9202070236206055 -0.25422903895378113
v -5.6926741600036621 5.5863685607910156 -0.32745513319969177
v -6.3595180511474609 6.2407598495483398 -0.40842840075492859
v -7.0132226943969727 6.8822574615478516 -0.4965035617351532
v -7.6287727355957031 7.4863128662109375 -0.58730965852737427
v -8.2802743911743164 8.1256475448608398 -0.69173622131347656
v -8.8941068649291992 8.7280178070068359 -0.79795050621032715
v -9.4951190948486328 9.3178062438964844 -0.90930241346359253
v -10.08348560333252 9.8951864242553711 -1.0253621339797974
v -10.662156105041504 10.463050842285156 -1.1463131904602051
v -11.227250099182129 11.017592430114746 -1.270938515663147
v -11.760358810424805 11.540744781494141 -1.3944082260131836
v -12.293466567993164 12.063897132873535 -1.5236046314239502
v -12.826574325561523 12.58704948425293 -1.6585278511047363
v -13.359682083129883 13.110202789306641 -1.799177885055542
v -13.860803604125977 13.60196590423584 -1.9366106986999512
v -14.393911361694336 14.125118255615234 -2.0883708000183105
v -14.863923072814941 14.586353302001953 -2.226919412612915
v -15.345193862915039 15.058637619018555 -2.3733997344970703
v -15.818007469177246 15.522621154785156 -2.5218508243560791
v -16.282758712768555 15.978693962097168 -2.6721606254577637
v -16.739830017089844 16.427228927612305 -2.8242316246032715
v -17.189264297485352 16.868270874023438 -2.9778664112091064
v -17.624544143676758 17.29542350769043 -3.1305429935455322
v -18.065841674804688 17.728479385375977 -3.2892270088195801
v -18.493755340576172 18.148401260375977 -3.4468462467193604
v -18.91560173034668 18.562370300292969 -3.605842113494873
v -19.331455230712891 18.970458984375 -3.7660894393920898
v -19.72498893737793 19.356643676757813 -3.9209446907043457
v -20.133388519287109 19.757417678833008 -4.0850906372070313
v -20.528526306152344 20.145175933837891 -4.2470731735229492
v -20.924898147583008 20.534145355224609 -4.4126100540161133
v -21.324312210083008 20.926101684570313 -4.5814347267150879
v 0 0 0
v -0.75240045785903931 0.70651793479919434 -0.0054329587146639824
v -1.4993019104003906 1.407872200012207 -0.018424898386001587
v -2.2106471061706543 2.075838565826416 -0.039129685610532761
v -2.9715487957000732 2.7903392314910889 -0.070076443254947662
v -3.6982545852661133 3.4727294445037842 -0.10811677575111389
v -4.3886246681213379 4.120999813079834 -0.15193307399749756
v -5.1209249496459961 4.8086433410644531 -0.20658707618713379
v -5.814262866973877 5.4597005844116211 -0.26609078049659729
v -6.4953498840332031 6.0992536544799805 -0.33188983798027039
v -7.1630167961120605 6.7262053489685059 -0.40345990657806396
v -7.7917146682739258 7.3165640830993652 -0.47724917531013489
v -8.4571313858032227 7.9414024353027344 -0.56210637092590332
v -9.0840749740600586 8.5301141738891602 -0.64841634035110474
v -9.6979236602783203 9.1065292358398438 -0.73890119791030884
v -10.298857688903809 9.6708173751831055 -0.83321154117584229
v -10.889887809753418 10.225805282592773 -0.93149662017822266
v -11.46705150604248 10.767773628234863 -1.0327674150466919
v -12.01154613494873 11.27906322479248 -1.1330991983413696
v -12.556039810180664 11.790353775024414 -1.2380845546722412
v -13.100534439086914 12.301644325256348 -1.3477234840393066
v -13.645029067993164 12.812934875488281 -1.4620159864425659
v -14.156853675842285 13.293547630310059 -1.573694109916687
v -14.701348304748535 13.804837226867676 -1.6970146894454956
v -15.181399345397949 14.255614280700684 -1.809599757194519
v -15.67294979095459 14.717189788818359 -1.928629994392395
v -16.155860900878906 15.170653343200684 -2.0492615699768066
v -16.630538940429688 15.616384506225586 -2.1714038848876953
v -17.097372055053711 16.05474853515625 -2.2949769496917725
v -17.556406021118164 16.485790252685547 -2.4198207855224609
v -18.000984191894531 16.903257369995117 -2.5438861846923828
v -18.451705932617188 17.326494216918945 -2.6728332042694092
v -18.888759613037109 17.736894607543945 -2.800915002822876
v -19.319616317749023 18.141477584838867 -2.9301154613494873
v -19.744352340698242 18.540311813354492 -3.0603327751159668
v -20.146291732788086 18.917739868164063 -3.1861684322357178
v -20.563413619995117 19.309427261352539 -3.3195536136627197
v -20.96699333190918 19.688394546508789 -3.4511809349060059
v -21.371829986572266 20.06854248046875 -3.5856969356536865
v -21.779775619506836 20.451610565185547 -3.7228841781616211
v 0 0 0
v -0.76713216304779053 0.69049328565597534 -0.0042358492501080036
v -1.5286576747894287 1.3759399652481079 -0.014365117996931076
v -2.2539308071136475 2.0287561416625977 -0.03050776943564415
v -3.0297305583953857 2.7270512580871582 -0.054635655134916306
v -3.7706649303436279 3.3939638137817383 -0.08429410308599472
v -4.4745521545410156 4.0275306701660156 -0.11845582723617554
v -5.2211909294128418 4.699577808380127 -0.16106726229190826
v -5.9281039237976074 5.3358678817749023 -0.20745977759361267
v -6.6225261688232422 5.9609155654907227 -0.25876054167747498
v -7.3032660484313965 6.5736470222473145 -0.31456071138381958
v -7.9442729949951172 7.1506156921386719 -0.37209108471870422
v -8.6227188110351563 7.7612819671630859 -0.43825069069862366
v -9.261937141418457 8.3366413116455078 -0.50554293394088745
v -9.8878049850463867 8.8999824523925781 -0.57609015703201294
v -10.500504493713379 9.451472282409668 -0.64961999654769897
v -11.103107452392578 9.9938726425170898 -0.72624874114990234
v -11.691572189331055 10.523548126220703 -0.80520534515380859
v -12.246726989746094 11.02324104309082 -0.88342976570129395
v -12.801882743835449 11.522934913635254 -0.96528244018554688
v -13.357037544250488 12.022628784179688 -1.0507632493972778
v -13.912193298339844 12.522321701049805 -1.1398724317550659
v -14.434039115905762 12.992033958435059 -1.2269431352615356
v -14.989194869995117 13.491727828979492 -1.3230909109115601
v -15.478645324707031 13.932280540466309 -1.410868763923645
v -15.979820251464844 14.383386611938477 -1.5036716461181641
v -16.472187042236328 14.826564788818359 -1.597723126411438
v -16.956159591674805 15.262186050415039 -1.6929521560668945
v -17.432132720947266 15.690608978271484 -1.7892969846725464
v -17.900154113769531 16.111873626708984 -1.8866324424743652
v -18.353435516357422 16.519870758056641 -1.9833610057830811
v -18.812984466552734 16.933507919311523 -2.0838956832885742
v -19.258594512939453 17.334600448608398 -2.18375563621521
v -19.697887420654297 17.730007171630859 -2.2844877243041992
v -20.130939483642578 18.119796752929688 -2.3860125541687012
v -20.540748596191406 18.488664627075195 -2.4841213226318359
v -20.966037750244141 18.871465682983398 -2.5881164073944092
v -21.377517700195313 19.241838455200195 -2.6907405853271484
v -21.790281295776367 19.613365173339844 -2.7956171035766602
v -22.206214904785156 19.98774528503418 -2.902576208114624
v 0 0 0
v -0.78167825937271118 0.67398154735565186 -0.0030310312286019325
v -1.5576435327529907 1.3430372476577759 -0.010279195383191109
v -2.2966690063476563 1.9802424907684326 -0.021830333396792412
v -3.08717942237854 2.6618392467498779 -0.039095435291528702
v -3.8421630859375 3.3128039836883545 -0.060318022966384888
v -4.5593972206115723 3.9312202930450439 -0.084763005375862122
v -5.3201932907104492 4.5871968269348145 -0.11525431275367737
v -6.0405106544494629 5.2082715034484863 -0.14845123887062073
v -6.748100757598877 5.8183722496032715 -0.18516033887863159
v -7.4417481422424316 6.4164514541625977 -0.22508907318115234
v -8.09490966796875 6.9796233177185059 -0.26625588536262512
v -8.786219596862793 7.5756869316101074 -0.31359747052192688
v -9.4375591278076172 8.1372871398925781 -0.36174952983856201
v -10.075294494628906 8.6871576309204102 -0.4122307300567627
v -10.699612617492676 9.225459098815918 -0.46484622359275818
v -11.313640594482422 9.7548894882202148 -0.51967918872833252
v -11.913264274597168 10.27189826965332 -0.57617789506912231
v -12.478945732116699 10.759642601013184 -0.63215261697769165
v -13.044628143310547 11.247386932373047 -0.69072365760803223
v -13.610309600830078 11.73513126373291 -0.75189089775085449
v -14.175992012023926 12.22287654876709 -0.81565433740615845
v -14.707733154296875 12.681356430053711 -0.87795925140380859
v -15.273415565490723 13.169100761413574 -0.94675940275192261
v -15.772146224975586 13.599118232727051 -1.0095702409744263
v -16.28282356262207 14.039436340332031 -1.0759768486022949
v -16.784528732299805 14.472017288208008 -1.1432769298553467
v -17.277677536010742 14.897222518920898 -1.2114197015762329
v -17.762676239013672 15.315400123596191 -1.2803606986999512
v -18.239570617675781 15.726590156555176 -1.3500107526779175
v -18.701448440551758 16.124832153320313 -1.4192264080047607
v -19.169710159301758 16.52857780456543 -1.4911656379699707
v -19.623769760131836 16.920080184936523 -1.5626220703125
v -20.071392059326172 17.3060302734375 -1.6347025632858276
v -20.512657165527344 17.686498641967773 -1.7073503732681274
v -20.930234909057617 18.046545028686523 -1.7775537967681885
v -21.363590240478516 18.420192718505859 -1.8519690036773682
v -21.782871246337891 18.781707763671875 -1.9254034757614136
v -22.203462600708008 19.144351959228516 -2.0004494190216064
v -22.627281188964844 19.50977897644043 -2.0769858360290527
v 0 0 0
v -0.79586946964263916 0.65716373920440674 -0.0018337999936193228
v -1.5859221220016479 1.3095245361328125 -0.0062190010212361813
v -2.3383646011352539 1.930829644203186 -0.013207538984715939
v -3.1432263851165771 2.5954186916351318 -0.023653075098991394
v -3.9119164943695068 3.2301399707794189 -0.036492921411991119
v -4.6421718597412109 3.8331248760223389 -0.051282346248626709
v -5.4167799949645996 4.4727330207824707 -0.069729849696159363
v -6.150174617767334 5.0783100128173828 -0.089814275503158569
v -6.870610237121582 5.6731867790222168 -0.11202359199523926
v -7.5768513679504395 6.2563424110412598 -0.1361808180809021
v -8.2418708801269531 6.8054614067077637 -0.16108708083629608
v -8.9457311630249023 7.3866510391235352 -0.18972915410995483
v -9.6088962554931641 7.9342384338378906 -0.21886156499385834
v -10.258208274841309 8.4703874588012695 -0.24940313398838043
v -10.893860816955566 8.9952573776245117 -0.2812359631061554
v -11.519037246704102 9.5114765167236328 -0.31441035866737366
v -12.129546165466309 10.015583992004395 -0.34859254956245422
v -12.705497741699219 10.491158485412598 -0.38245776295661926
v -13.281449317932129 10.966732025146484 -0.41789370775222778
v -13.857401847839355 11.442305564880371 -0.45490041375160217
v -14.433353424072266 11.917880058288574 -0.49347788095474243
v -14.974747657775879 12.36491870880127 -0.53117287158966064
v -15.550700187683105 12.840493202209473 -0.57279753684997559
v -16.05848503112793 13.259780883789063 -0.61079865694046021
v -16.578433990478516 13.689111709594727 -0.65097522735595703
v -17.08924674987793 14.110898017883301 -0.69169235229492188
v -17.591348648071289 14.525492668151855 -0.73291927576065063
v -18.085151672363281 14.933236122131348 -0.77462923526763916
v -18.570705413818359 15.334165573120117 -0.8167681097984314
v -19.04096794128418 15.722470283508301 -0.85864418745040894
v -19.517730712890625 16.116142272949219 -0.90216797590255737
v -19.980033874511719 16.497873306274414 -0.9453997015953064
v -20.435783386230469 16.87419319152832 -0.98900908231735229
v -20.88505744934082 17.245168685913086 -1.0329616069793701
v -21.310218811035156 17.596231460571289 -1.0754352807998657
v -21.751440048217773 17.960556030273438 -1.1204571723937988
v -22.178333282470703 18.31304931640625 -1.1648856401443481
v -22.606559753417969 18.666643142700195 -1.2102891206741333
v -23.038074493408203 19.022953033447266 -1.2565943002700806
v 0 0 0
v -0.80969911813735962 0.64004749059677124 -0.00064634537557139993
v -1.6134804487228394 1.2754170894622803 -0.0021919636055827141
v -2.378997802734375 1.8805398941040039 -0.0046551600098609924
v -3.1978456974029541 2.5278191566467285 -0.0083368178457021713
v -3.9798932075500488 3.1460087299346924 -0.012862379662692547
v -4.7228379249572754 3.7332885265350342 -0.018075095489621162
v -5.5109066963195801 4.3562374114990234 -0.024577144533395767
v -6.2570452690124512 4.9460420608520508 -0.031656146049499512
v -6.9899997711181641 5.5254249572753906 -0.039484094828367233
v -7.7085127830505371 6.0933918952941895 -0.047998607158660889
v -8.3850889205932617 6.6282086372375488 -0.05677713081240654
v -9.1011791229248047 7.1942610740661621 -0.066872380673885345
v -9.7758684158325195 7.7275857925415039 -0.077140457928180695
v -10.436464309692383 8.2497711181640625 -0.08790520578622818
v -11.083161354064941 8.7609691619873047 -0.099125079810619354
v -11.71920108795166 9.2637434005737305 -0.1108178049325943
v -12.34031867980957 9.7547216415405273 -0.12286574393510818
v -12.926279067993164 10.21790885925293 -0.1348019540309906
v -13.512239456176758 10.681096076965332 -0.14729179441928864
v -14.098198890686035 11.144283294677734 -0.16033525764942169
v -14.684159278869629 11.607470512390137 -0.17393235862255096
v -15.23496150970459 12.042866706848145 -0.18721842765808105
v -15.820921897888184 12.506053924560547 -0.20188955962657928
v -16.337530136108398 12.914421081542969 -0.21528351306915283
v -16.866514205932617 13.33257007598877 -0.2294442355632782
v -17.386203765869141 13.74337100982666 -0.24379549920558929
v -17.897029876708984 14.147167205810547 -0.25832644104957581
v -18.3994140625 14.544289588928223 -0.27302762866020203
v -18.893405914306641 14.93477725982666 -0.28787997364997864
v -19.37183952331543 15.312968254089355 -0.30263972282409668
v -19.85688591003418 15.696385383605957 -0.31798022985458374
v -20.327224731445313 16.06817626953125 -0.3332177996635437
v -20.790891647338867 16.434694290161133 -0.34858843684196472
v -21.247974395751953 16.79600715637207 -0.36408007144927979
v -21.680522918701172 17.13792610168457 -0.37905040383338928
v -22.129411697387695 17.492761611938477 -0.39491891860961914
v -22.563722610473633 17.836074829101563 -0.41057831048965454
v -22.9993896484375 18.180458068847656 -0.42658132314682007
v -23.43840217590332 18.527486801147461 -0.44290214776992798
v 0 0 0
v -0.82316082715988159 0.62264037132263184 0.00052914203843101859
v -1.6403055191040039 1.2407300472259521 0.0017944896826520562
v -2.4185500144958496 1.8293956518173218 0.003811028553172946
v -3.2510116100311279 2.459071159362793 0.0068250824697315693
v -4.0460610389709473 3.060448169708252 0.010530013591051102
v -4.8013582229614258 3.631756067276001 0.014797494746744633
v -5.6025285720825195 4.2377629280090332 0.020120510831475258
v -6.3610720634460449 4.8115267753601074 0.025915862992405891
v -7.1062126159667969 5.3751521110534668 0.032324351370334625
v -7.8366713523864746 5.9276723861694336 0.039294905960559845
v -8.5244951248168945 6.4479436874389648 0.046481598168611526
v -9.2524919509887695 6.9986019134521484 0.054746251553297043
v -9.9383974075317383 7.5174217224121094 0.063152395188808441
v -10.609975814819336 8.0254049301147461 0.071965150535106659
v -11.267425537109375 8.5227012634277344 0.081150487065315247
v -11.914039611816406 9.0118017196655273 0.090722948312759399
v -12.545483589172363 9.4894266128540039 0.10058619827032089
v -13.141185760498047 9.9400167465209961 0.11035799235105515
v -13.73688793182373 10.390606880187988 0.12058302015066147
v -14.332590103149414 10.84119701385498 0.13126128911972046
v -14.928292274475098 11.291787147521973 0.14239278435707092
v -15.488251686096191 11.715341567993164 0.15326966345310211
v -16.083953857421875 12.165931701660156 0.16528044641017914
v -16.609151840209961 12.563192367553711 0.17624564468860626
v -17.146930694580078 12.969969749450684 0.18783856928348541
v -17.675258636474609 13.369598388671875 0.19958747923374176
v -18.194578170776367 13.762412071228027 0.21148347854614258
v -18.705316543579102 14.148735046386719 0.22351886332035065
v -19.20751953125 14.528602600097656 0.23567801713943481
v -19.69390869140625 14.89650821685791 0.24776133894920349
v -20.187019348144531 15.269497871398926 0.26032009720802307
v -20.665176391601563 15.631176948547363 0.27279460430145264
v -21.136552810668945 15.987727165222168 0.28537806868553162
v -21.601234436035156 16.339212417602539 0.29806056618690491
v -22.040973663330078 16.671833038330078 0.3103162944316864
v -22.497325897216797 17.017017364501953 0.3233073353767395
v -22.938858032226563 17.350994110107422 0.33612716197967529
v -23.381769180297852 17.686012268066406 0.34922829270362854
v -23.828079223632813 18.023603439331055 0.36258962750434875
v 0 0 0
v -0.83627122640609741 0.60491800308227539 0.0016925436211749911
v -1.6664304733276367 1.205414891242981 0.0057399561628699303
v -2.4570701122283936 1.7773252725601196 0.012190171517431736
v -3.3027901649475098 2.3890781402587891 0.021831095218658447
v -4.1105022430419922 2.9733378887176514 0.033681899309158325
v -4.8778285980224609 3.5283844470977783 0.047332104295492172
v -5.6917595863342285 4.1171426773071289 0.064358606934547424
v -6.4623842239379883 4.6745753288269043 0.082895942032337189
v -7.2193927764892578 5.2221579551696777 0.10339449346065521
v -7.9614853858947754 5.7589516639709473 0.12569090723991394
v -8.6602640151977539 6.2644147872924805 0.14867866039276123
v -9.3998556137084961 6.7993988990783691 0.17511445283889771
v -10.096685409545898 7.3034520149230957 0.20200280845165253
v -10.778960227966309 7.7969765663146973 0.23019178211688995
v -11.446880340576172 8.2801179885864258 0.25957253575325012
v -12.103793144226074 8.7552967071533203 0.29019156098365784
v -12.745294570922852 9.2193269729614258 0.32174071669578552
v -13.350483894348145 9.6570920944213867 0.3529973030090332
v -13.955674171447754 10.094857215881348 0.38570365309715271
v -14.560863494873047 10.532622337341309 0.41985976696014404
v -15.166053771972656 10.970386505126953 0.45546561479568481
v -15.734931945800781 11.381885528564453 0.49025699496269226
v -16.340122222900391 11.819650650024414 0.528675377368927
v -16.873683929443359 12.20560359954834 0.56374925374984741
v -17.420028686523438 12.600802421569824 0.60083109140396118
v -17.956771850585938 12.989056587219238 0.6384117603302002
v -18.48436164855957 13.37069034576416 0.67646300792694092
v -19.003232955932617 13.746016502380371 0.71496009826660156
v -19.513435363769531 14.115072250366211 0.75385302305221558
v -20.007570266723633 14.472505569458008 0.79250341653823853
v -20.508535385131836 14.834878921508789 0.83267462253570557
v -20.994308471679688 15.186263084411621 0.87257623672485352
v -21.47319221496582 15.532665252685547 0.91282641887664795
v -21.945274353027344 15.874146461486816 0.95339334011077881
v -22.392017364501953 16.197298049926758 0.99259525537490845
v -22.85563850402832 16.532659530639648 1.034149169921875
v -23.304203033447266 16.85713005065918 1.0751553773880005
v -23.754167556762695 17.182611465454102 1.1170613765716553
v -24.207586288452148 17.510593414306641 1.1597996950149536
v 0 0 0
v -0.84930175542831421 0.58648186922073364 0.0028670267201960087
v -1.6923964023590088 1.1686774492263794 0.0097230030223727226
v -2.4953553676605225 1.723157525062561 0.020649125799536705
v -3.3542532920837402 2.3162660598754883 0.036980040371417999
v -4.1745510101318359 2.8827192783355713 0.057054303586483002
v -4.9538335800170898 3.4208495616912842 0.080176606774330139
v -5.7804470062255859 3.991663932800293 0.10901807248592377
v -6.5630793571472168 4.5321078300476074 0.14041876792907715
v -7.3318829536437988 5.0630021095275879 0.1751415878534317
v -8.0855388641357422 5.5834360122680664 0.21290983259677887
v -8.7952060699462891 6.073493480682373 0.25184917449951172
v -9.546320915222168 6.5921730995178223 0.2966291606426239
v -10.254009246826172 7.0808639526367188 0.34217578172683716
v -10.946914672851563 7.5593471527099609 0.38992553949356079
v -11.625242233276367 8.0277643203735352 0.43969407677650452
v -12.292391777038574 8.4884605407714844 0.49156010150909424
v -12.943887710571289 8.9383487701416016 0.54500174522399902
v -13.558507919311523 9.3627719879150391 0.59794777631759644
v -14.173127174377441 9.7871952056884766 0.65334957838058472
v -14.787746429443359 10.211618423461914 0.71120715141296387
v -15.402366638183594 10.636041641235352 0.77152049541473389
v -15.980109214782715 11.034998893737793 0.83045417070388794
v -16.594728469848633 11.45942211151123 0.89553165435791016
v -17.136604309082031 11.833612442016602 0.95494389533996582
v -17.691461563110352 12.216767311096191 1.0177572965621948
v -18.236568450927734 12.593188285827637 1.0814158916473389
v -18.772378921508789 12.963190078735352 1.1458715200424194
v -19.299335479736328 13.327077865600586 1.2110823392868042
v -19.817487716674805 13.68488597869873 1.2769637107849121
v -20.31932258605957 14.031425476074219 1.3424341678619385
v -20.828094482421875 14.382755279541016 1.4104808568954468
v -21.321435928344727 14.723429679870605 1.478070855140686
v -21.807781219482422 15.059274673461914 1.5462511777877808
v -22.287220001220703 15.390348434448242 1.6149681806564331
v -22.740924835205078 15.703652381896973 1.6813728809356689
v -23.211767196655273 16.028791427612305 1.7517616748809814
v -23.667322158813477 16.343372344970703 1.8212227821350098
v -24.124298095703125 16.658935546875 1.8922080993652344
v -24.584783554077148 16.976921081542969 1.9646031856536865
v 0 0 0
v -0.86197090148925781 0.56769651174545288 0.0040263449773192406
v -1.7176419496536255 1.1312439441680908 0.013654621317982674
v -2.5325789451599121 1.6679636240005493 0.028998859226703644
v -3.4042890071868896 2.2420744895935059 0.051933381706476212
v -4.2368230819702148 2.7903838157653809 0.080124922096729279
v -5.0277304649353027 3.3112776279449463 0.1125970184803009
v -5.8666744232177734 3.8638083934783936 0.15310089290142059
v -6.6609811782836914 4.3869414329528809 0.19719885289669037
v -7.4412531852722168 4.9008307456970215 0.24596227705478668
v -8.206151008605957 5.404594898223877 0.29900258779525757
v -8.9264049530029297 5.8789558410644531 0.35368752479553223
v -9.6887245178222656 6.3810214996337891 0.41657489538192749
v -10.40696907043457 6.8540592193603516 0.48053884506225586
v -11.110210418701172 7.3172163963317871 0.54759681224822998
v -11.798657417297363 7.7706294059753418 0.61748987436294556
v -12.475757598876953 8.2165699005126953 0.69032859802246094
v -13.13697338104248 8.6520481109619141 0.76538002490997314
v -13.760761260986328 9.0628767013549805 0.83973544836044312
v -14.384549140930176 9.4737052917480469 0.91753965616226196
v -15.008337020874023 9.8845338821411133 0.99879264831542969
v -15.632124900817871 10.295361518859863 1.0834944248199463
v -16.218484878540039 10.681540489196777 1.166258692741394
v -16.842273712158203 11.092369079589844 1.2576510906219482
v -17.392232894897461 11.454574584960938 1.3410874605178833
v -17.955366134643555 11.825455665588379 1.4293001890182495
v -18.508604049682617 12.189820289611816 1.5186998844146729
v -19.052408218383789 12.547970771789551 1.609218955039978
v -19.587224960327148 12.900202751159668 1.700798511505127
v -20.113107681274414 13.246549606323242 1.7933199405670166
v -20.622426986694336 13.581990242004395 1.8852642774581909
v -21.138788223266602 13.922065734863281 1.9808263778686523
v -21.639488220214844 14.251829147338867 2.0757472515106201
v -22.133089065551758 14.576915740966797 2.1714973449707031
v -22.619680404663086 14.897385597229004 2.2680008411407471
v -23.08015251159668 15.200654029846191 2.3612570762634277
v -23.558019638061523 15.515378952026367 2.4601085186004639
v -24.020370483398438 15.819884300231934 2.55765700340271
v -24.484161376953125 16.125339508056641 2.657346248626709
v -24.951515197753906 16.433139801025391 2.7590150833129883
v 0 0 0
v -0.87467294931411743 0.54792284965515137 0.0052059558220207691
v -1.7429531812667847 1.0918411016464233 0.017655059695243835
v -2.5698990821838379 1.6098661422729492 0.03749474510550499
v -3.4544546604156494 2.1639797687530518 0.067148469388484955
v -4.2992572784423828 2.6931908130645752 0.10359938442707062
v -5.1018190383911133 3.1959412097930908 0.14558492600917816
v -5.9531259536743164 3.7292265892028809 0.19795535504817963
v -6.7591376304626465 4.234138011932373 0.25497281551361084
v -7.550908088684082 4.7301278114318848 0.31802263855934143
v -8.3270778656005859 5.2163453102111816 0.38660231232643127
v -9.0579442977905273 5.6741833686828613 0.45730847120285034
v -9.8314981460571289 6.1587615013122559 0.53862017393112183
v -10.56032657623291 6.6153230667114258 0.62132388353347778
v -11.273931503295898 7.062347412109375 0.70802801847457886
v -11.972522735595703 7.4999675750732422 0.79839783906936646
v -12.659601211547852 7.9303750991821289 0.89257633686065674
v -13.330559730529785 8.3506851196289063 0.989615797996521
v -13.963540077209473 8.7472038269042969 1.085755467414856
v -14.59652042388916 9.1437225341796875 1.1863541603088379
v -15.229499816894531 9.5402412414550781 1.2914121150970459
v -15.862480163574219 9.9367599487304688 1.40092933177948
v -16.457481384277344 10.309487342834473 1.5079412460327148
v -17.090461730957031 10.706006050109863 1.6261091232299805
v -17.648525238037109 11.055595397949219 1.7339900732040405
v -18.21995735168457 11.413558959960938 1.8480468988418579
v -18.781347274780273 11.765231132507324 1.9636383056640625
v -19.333166122436523 12.110907554626465 2.0806770324707031
v -19.875864028930664 12.450870513916016 2.1990869045257568
v -20.409494400024414 12.785153388977051 2.3187146186828613
v -20.926321029663086 13.10891056060791 2.4375960826873779
v -21.450290679931641 13.437141418457031 2.5611555576324463
v -21.958368301391602 13.755417823791504 2.6838855743408203
v -22.459243774414063 14.069181442260742 2.8076877593994141
v -22.953004837036133 14.378488540649414 2.9324643611907959
v -23.420261383056641 14.671194076538086 3.0530421733856201
v -23.905170440673828 14.974956512451172 3.180854320526123
v -24.374334335327148 15.268855094909668 3.3069820404052734
v -24.844961166381836 15.563671112060547 3.4358773231506348
v -25.319202423095703 15.860750198364258 3.5673325061798096
v 0 0 0
v -0.88698428869247437 0.52776038646697998 0.0063658221624791622
v -1.7674859762191772 1.0516636371612549 0.021588535979390144
v -2.6060714721679688 1.5506263971328735 0.045848425477743149
v -3.5030777454376221 2.0843498706817627 0.082108885049819946
v -4.3597712516784668 2.5940871238708496 0.12668091058731079
v -5.1736292839050293 3.0783371925354004 0.1780206710100174
v -6.0369186401367188 3.591998815536499 0.24205900728702545
v -6.8542752265930176 4.0783305168151855 0.31177973747253418
v -7.6571903228759766 4.5560688972473145 0.38887679576873779
v -8.4442844390869141 5.0243945121765137 0.47273579239845276
v -9.1854391098022461 5.4653854370117188 0.55919498205184937
v -9.9698801040649414 5.9321322441101074 0.65862256288528442
v -10.708967208862305 6.3718929290771484 0.75975233316421509
v -11.432616233825684 6.8024678230285645 0.86577379703521729
v -12.141040802001953 7.2239842414855957 0.97627770900726318
v -12.837790489196777 7.6385540962219238 1.0914387702941895
v -13.518193244934082 8.0433969497680664 1.2100982666015625
v -14.160082817077637 8.4253253936767578 1.3276574611663818
v -14.801972389221191 8.8072528839111328 1.4506691694259644
v -15.443861961364746 9.1891803741455078 1.5791336297988892
v -16.085750579833984 9.5711078643798828 1.7130507230758667
v -16.689126968383789 9.9301204681396484 1.8439044952392578
v -17.331016540527344 10.312047958374023 1.9883997440338135
v -17.896936416625977 10.648772239685059 2.1203160285949707
v -18.476411819458008 10.993563652038574 2.259784460067749
v -19.045703887939453 11.332295417785645 2.4011290073394775
v -19.605287551879883 11.665251731872559 2.5442435741424561
v -20.155624389648438 11.992704391479492 2.6890347003936768
v -20.696765899658203 12.31468677520752 2.8353149890899658
v -21.220867156982422 12.626529693603516 2.9806828498840332
v -21.752212524414063 12.942682266235352 3.1317706108093262
v -22.26744270324707 13.249247550964355 3.2818446159362793
v -22.775367736816406 13.551465034484863 3.4332292079925537
v -23.276077270507813 13.849390983581543 3.5858056545257568
v -23.749912261962891 14.131324768066406 3.7332477569580078
v -24.241645812988281 14.423909187316895 3.8895359039306641
v -24.717412948608398 14.706993103027344 4.0437641143798828
v -25.194665908813477 14.990960121154785 4.2013769149780273
v -25.675580978393555 15.277108192443848 4.3621201515197754
v 0 0 0
v -0.89883142709732056 0.50732177495956421 0.0074973083101212978
v -1.7910935878753662 1.0109356641769409 0.025425765663385391
v -2.6408798694610596 1.4905751943588257 0.0539977066218853
v -3.5498669147491455 2.0036289691925049 0.096703238785266876
v -4.4180030822753906 2.4936256408691406 0.14919766783714294
v -5.2427315711975098 2.9591221809387207 0.20966275036334991
v -6.117551326751709 3.4528911113739014 0.28508353233337402
v -6.9458255767822266 3.9203884601593018 0.3671967089176178
v -7.7594642639160156 4.3796257972717285 0.45799729228019714
v -8.5570716857910156 4.8298139572143555 0.55676168203353882
v -9.3081254959106445 5.2537264823913574 0.6585884690284729
v -10.103044509887695 5.7023978233337402 0.77568870782852173
v -10.85200309753418 6.1251277923583984 0.89479368925094604
v -11.585317611694336 6.5390281677246094 1.0196598768234253
v -12.303204536437988 6.9442200660705566 1.1498051881790161
v -13.009260177612305 7.3427348136901855 1.2854354381561279
v -13.698750495910645 7.7318997383117676 1.4251859188079834
v -14.349213600158691 8.0990362167358398 1.5636404752731323
v -14.999676704406738 8.4661731719970703 1.7085168361663818
v -15.650139808654785 8.8333101272583008 1.8598150014877319
v -16.300601959228516 9.2004470825195313 2.0175349712371826
v -16.912036895751953 9.5455551147460938 2.171647310256958
v -17.5625 9.9126920700073242 2.3418257236480713
v -18.135978698730469 10.236376762390137 2.4971895217895508
v -18.723194122314453 10.567814826965332 2.661447286605835
v -19.300090789794922 10.893427848815918 2.8279151916503906
v -19.867149353027344 11.213489532470703 2.9964673519134521
v -20.424837112426758 11.528262138366699 3.1669943332672119
v -20.97320556640625 11.837774276733398 3.3392748832702637
v -21.504306793212891 12.137540817260742 3.5104811191558838
v -22.042747497558594 12.441449165344238 3.6884238719940186
v -22.564859390258789 12.736142158508301 3.8651726245880127
v -23.079568862915039 13.026656150817871 4.0434651374816895
v -23.586967468261719 13.313043594360352 4.2231607437133789
v -24.067131042480469 13.58405876159668 4.3968100547790527
v -24.565433502197266 13.865312576293945 4.5808773040771484
v -25.047554016113281 14.137434005737305 4.7625188827514648
v -25.531181335449219 14.410404205322266 4.9481463432312012
v -26.018520355224609 14.685469627380371 5.1374602317810059
v 0 0 0
v -0.91020780801773071 0.48661744594573975 0.008597969077527523
v -1.8137632608413696 0.96967840194702148 0.029158459976315498
v -2.6743049621582031 1.4297432899475098 0.061924975365400314
v -3.5947971343994141 1.9218590259552002 0.11089999973773956
v -4.4739208221435547 2.3918583393096924 0.17110101878643036
v -5.3090882301330566 2.8383574485778809 0.24044282734394073
v -6.1949801445007324 3.3119750022888184 0.32693594694137573
v -7.0337376594543457 3.7603936195373535 0.42110395431518555
v -7.8576745986938477 4.2008886337280273 0.52523475885391235
v -8.6653776168823242 4.6327047348022461 0.63849848508834839
v -9.4259366989135742 5.0393166542053223 0.75527423620223999
v -10.230916976928711 5.4696769714355469 0.88956570625305176
v -10.989355087280273 5.875154972076416 1.0261561870574951
v -11.731951713562012 6.2721638679504395 1.1693536043167114
v -12.458924293518066 6.6608195304870605 1.3186051845550537
v -13.173915863037109 7.0430703163146973 1.4741469621658325
v -13.872133255004883 7.4163532257080078 1.6344138383865356
v -14.530829429626465 7.7685065269470215 1.7931946516036987
v -15.189525604248047 8.1206598281860352 1.95933997631073
v -15.848220825195313 8.472813606262207 2.1328499317169189
v -16.506916046142578 8.8249673843383789 2.3137242794036865
v -17.126091003417969 9.1559915542602539 2.4904615879058838
v -17.784786224365234 9.5081453323364258 2.6856234073638916
v -18.365522384643555 9.8186197280883789 2.8637957572937012
v -18.960170745849609 10.136531829833984 3.0521678924560547
v -19.544368743896484 10.448856353759766 3.2430744171142578
v -20.11860466003418 10.755856513977051 3.4363713264465332
v -20.683349609375 11.057782173156738 3.6319329738616943
v -21.23866081237793 11.354662895202637 3.8295056819915771
v -21.776483535766602 11.642195701599121 4.025846004486084
v -22.321739196777344 11.933701515197754 4.229912281036377
v -22.850460052490234 12.216367721557617 4.4326090812683105
v -23.371683120727539 12.495025634765625 4.6370759010314941
v -23.885503768920898 12.76972484588623 4.8431525230407715
v -24.371744155883789 13.029680252075195 5.0422945022583008
v -24.876354217529297 13.299455642700195 5.2533845901489258
v -25.364578247070313 13.560471534729004 5.4616923332214355
v -25.854324340820313 13.822300910949707 5.6745715141296387
v -26.347831726074219 14.086140632629395 5.8916783332824707
v 0 0 0
v -0.9211687445640564 0.46553575992584229 0.0096714505925774574
v -1.8356050252914429 0.92766910791397095 0.032798979431390762
v -2.7065095901489258 1.367802619934082 0.069656483829021454
v -3.6380865573883057 1.838598370552063 0.1247461810708046
v -4.527796745300293 2.2882359027862549 0.1924634575843811
v -5.3730216026306152 2.7153913974761963 0.27046281099319458
v -6.2695817947387695 3.1684906482696533 0.36775481700897217
v -7.1184396743774414 3.5974822044372559 0.47367998957633972
v -7.952298641204834 4.0188937187194824 0.59081178903579712
v -8.7697277069091797 4.432002067565918 0.71821689605712891
v -9.5394468307495117 4.8209986686706543 0.84957242012023926
v -10.354120254516602 5.2327146530151367 1.0006304979324341
v -11.121691703796387 5.6206259727478027 1.1542747020721436
v -11.87322998046875 6.0004353523254395 1.3153507709503174
v -12.608957290649414 6.37225341796875 1.4832369089126587
v -13.332559585571289 6.7379436492919922 1.6581984758377075
v -14.039185523986816 7.095055103302002 1.838475227355957
v -14.705813407897949 7.4319519996643066 2.0170800685882568
v -15.372441291809082 7.7688493728637695 2.2039692401885986
v -16.039070129394531 8.1057462692260742 2.3991422653198242
v -16.705698013305664 8.4426441192626953 2.6025996208190918
v -17.332326889038086 8.7593269348144531 2.8014028072357178
v -17.998954772949219 9.0962238311767578 3.0209310054779053
v -18.586685180664063 9.3932485580444336 3.221348762512207
v -19.188493728637695 9.6973867416381836 3.4332396984100342
v -19.779726028442383 9.9961814880371094 3.6479816436767578
v -20.360877990722656 10.289880752563477 3.8654122352600098
v -20.932424545288086 10.578726768493652 4.0853900909423828
v -21.494421005249023 10.86274528503418 4.3076305389404297
v -22.038721084594727 11.137821197509766 4.5284843444824219
v -22.590543746948242 11.416698455810547 4.7580289840698242
v -23.125631332397461 11.687118530273438 4.9860329627990723
v -23.653131484985352 11.953703880310059 5.2160282135009766
v -24.173139572143555 12.216503143310547 5.4478340148925781
v -24.66523551940918 12.465195655822754 5.671839714050293
v -25.175920486450195 12.723283767700195 5.9092845916748047
v -25.670024871826172 12.972991943359375 6.1436004638671875
v -26.165668487548828 13.223478317260742 6.3830580711364746
v -26.665119171142578 13.475887298583984 6.6272711753845215
v 0 0 0
v -0.93216371536254883 0.44310846924781799 0.010761027224361897
v -1.8575146198272705 0.88297837972640991 0.036494079977273941
v -2.738814115524292 1.3019083738327026 0.07750391960144043
v -3.6815102100372314 1.7500234842300415 0.13879998028278351
v -4.5818400382995605 2.1779994964599609 0.21414622664451599
v -5.4371533393859863 2.5845766067504883 0.30093291401863098
v -6.3444147109985352 3.0158476829528809 0.40918576717376709
v -7.203404426574707 3.4241726398468018 0.52704435586929321
v -8.0472164154052734 3.8252828121185303 0.6573721170425415
v -8.8744020462036133 4.2184896469116211 0.79913055896759033
v -9.6533079147338867 4.5887460708618164 0.94528448581695557
v -10.477705955505371 4.9806275367736816 1.1133606433868408
v -11.254439353942871 5.349851131439209 1.2843142747879028
v -12.014947891235352 5.7113628387451172 1.4635369777679443
v -12.759456634521484 6.0652685165405273 1.6503369808197021
v -13.491695404052734 6.4133415222167969 1.8450096845626831
v -14.206755638122559 6.7532486915588379 2.0455961227416992
v -14.881340026855469 7.073915958404541 2.2443225383758545
v -15.555925369262695 7.3945832252502441 2.4522664546966553
v -16.230510711669922 7.7152500152587891 2.6694276332855225
v -16.905094146728516 8.0359172821044922 2.8958060741424561
v -17.539203643798828 8.3373441696166992 3.1170063018798828
v -18.213788986206055 8.6580114364624023 3.3612666130065918
v -18.808534622192383 8.9407262802124023 3.5842630863189697
v -19.417524337768555 9.2302131652832031 3.8200254440307617
v -20.015815734863281 9.514613151550293 4.0589599609375
v -20.603902816772461 9.7941627502441406 4.3008861541748047
v -21.182271957397461 10.069093704223633 4.5456466674804688
v -21.7509765625 10.33942985534668 4.7929239273071289
v -22.301773071289063 10.601253509521484 5.0386595726013184
v -22.86018180847168 10.866696357727051 5.2940640449523926
v -23.401655197143555 11.124088287353516 5.5477547645568848
v -23.935453414916992 11.37783145904541 5.8036613464355469
v -24.461666107177734 11.627969741821289 6.061582088470459
v -24.959636688232422 11.864682197570801 6.310823917388916
v -25.476417541503906 12.110336303710938 6.575019359588623
v -25.976419448852539 12.348014831542969 6.8357329368591309
v -26.47797966003418 12.586433410644531 7.1021676063537598
v -26.983390808105469 12.826683044433594 7.3738937377929688
v 0 0 0
v -0.94275385141372681 0.42010468244552612 0.011822691187262535
v -1.8786174058914185 0.83713901042938232 0.040094520896673203
v -2.7699294090270996 1.2343204021453857 0.085150323808193207
v -3.7233352661132813 1.6591718196868896 0.15249373018741608
v -4.6338934898376465 2.064929723739624 0.23527351021766663
v -5.4989237785339355 2.45039963722229 0.33062240481376648
v -6.4164924621582031 2.8592815399169922 0.44955527782440186
v -7.2852411270141602 3.2464084625244141 0.57904160022735596
v -8.1386394500732422 3.626694917678833 0.72222727537155151
v -8.9752225875854492 3.9994885921478271 0.87797129154205322
v -9.7629776000976563 4.3505234718322754 1.0385445356369019
v -10.59674072265625 4.7220606803894043 1.2232028245925903
v -11.382298469543457 5.0721163749694824 1.411022424697876
v -12.151447296142578 5.4148602485656738 1.6079269647598267
v -12.904414176940918 5.7503929138183594 1.8131562471389771
v -13.64497184753418 6.0803961753845215 2.0270349979400635
v -14.368155479431152 6.4026570320129395 2.2474110126495361
v -15.05040454864502 6.7066769599914551 2.4657433032989502
v -15.73265266418457 7.0106968879699707 2.6942026615142822
v -16.414901733398438 7.3147163391113281 2.9327883720397949
v -17.097150802612305 7.6187362670898438 3.1815011501312256
v -17.73846435546875 7.9045147895812988 3.4245245456695557
v -18.420711517333984 8.2085351943969727 3.6928830146789551
v -19.022212982177734 8.4765729904174805 3.9378800392150879
v -19.638124465942383 8.7510309219360352 4.1969022750854492
v -20.243209838867188 9.0206661224365234 4.4594097137451172
v -20.837980270385742 9.2857036590576172 4.7252039909362793
v -21.422918319702148 9.546360969543457 4.9941120147705078
v -21.998085021972656 9.8026638031005859 5.2657852172851563
v -22.555139541625977 10.050894737243652 5.5357646942138672
v -23.119892120361328 10.302556991577148 5.8163671493530273
v -23.667516708374023 10.546586990356445 6.0950865745544434
v -24.207378387451172 10.78715705871582 6.3762402534484863
v -24.739570617675781 11.024309158325195 6.65960693359375
v -25.243198394775391 11.248732566833496 6.933438777923584
v -25.765850067138672 11.481634140014648 7.2236990928649902
v -26.27153205871582 11.706973075866699 7.510134220123291
v -26.778791427612305 11.933014869689941 7.8028550148010254
v -27.289943695068359 12.160792350769043 8.1013889312744141
v 0 0 0
v -0.95335209369659424 0.39546409249305725 0.012897277250885963
v -1.8997365236282349 0.78803789615631104 0.04373878613114357
v -2.8010683059692383 1.1619232892990112 0.092889793217182159
v -3.7651922702789307 1.561855673789978 0.16635416448116302
v -4.6859869956970215 1.9438143968582153 0.25665795803070068
v -5.5607414245605469 2.3066751956939697 0.36067327857017517
v -6.4886250495910645 2.6915745735168457 0.49041619896888733
v -7.3671402931213379 3.0559952259063721 0.6316717267036438
v -8.2301321029663086 3.4139766693115234 0.7878718376159668
v -9.0761203765869141 3.7649047374725342 0.95777171850204468
v -9.8727312088012695 4.0953502655029297 1.1329398155212402
v -10.715867042541504 4.4450950622558594 1.3343819379806519
v -11.510255813598633 4.7746191024780273 1.5392727851867676
v -12.288051605224609 5.097259521484375 1.7540743350982666
v -13.049483299255371 5.4131126403808594 1.9779573678970337
v -13.798365592956543 5.723759651184082 2.2112758159637451
v -14.529679298400879 6.0271191596984863 2.4516823291778564
v -15.219597816467285 6.3133072853088379 2.6898593902587891
v -15.909516334533691 6.5994949340820313 2.9390835762023926
v -16.599433898925781 6.8856830596923828 3.199354887008667
v -17.289352416992188 7.1718711853027344 3.4706735610961914
v -17.937875747680664 7.4408879280090332 3.735785961151123
v -18.62779426574707 7.7270755767822266 4.0285358428955078
v -19.236057281494141 7.9793920516967773 4.2958011627197266
v -19.858890533447266 8.2377529144287109 4.5783662796020508
v -20.470781326293945 8.4915733337402344 4.8647336959838867
v -21.072235107421875 8.7410650253295898 5.154686450958252
v -21.663751602172852 8.9864339828491211 5.448035717010498
v -22.245382308959961 9.2277030944824219 5.7444024085998535
v -22.808698654174805 9.4613752365112305 6.0389204025268555
v -23.379800796508789 9.6982765197753906 6.3450274467468262
v -23.933582305908203 9.9279928207397461 6.6490802764892578
v -24.479513168334961 10.154452323913574 6.9557886123657227
v -25.017688751220703 10.377695083618164 7.2649106979370117
v -25.5269775390625 10.588955879211426 7.563631534576416
v -26.055505752563477 10.808197021484375 7.8802742958068848
v -26.566871643066406 11.020318984985352 8.192744255065918
v -27.079832077026367 11.233101844787598 8.5120706558227539
v -27.596731185913086 11.447519302368164 8.8377389907836914
v 0 0 0
v -0.96330702304840088 0.37055665254592896 0.013917730189859867
v -1.9195736646652222 0.73840504884719849 0.047199469059705734
v -2.8303172588348389 1.0887421369552612 0.10023937374353409
v -3.8045086860656738 1.4634855985641479 0.17951637506484985
v -4.7349181175231934 1.8213876485824585 0.27696514129638672
v -5.618807315826416 2.1613943576812744 0.38921031355857849
v -6.5563797950744629 2.5220518112182617 0.52921867370605469
v -7.444068431854248 2.8635201454162598 0.68165057897567749
v -8.3160715103149414 3.1989550590515137 0.85020947456359863
v -9.170893669128418 3.5277805328369141 1.0335521697998047
v -9.9758224487304688 3.8374135494232178 1.2225797176361084
v -10.827763557434082 4.165130615234375 1.4399603605270386
v -11.630446434020996 4.473900318145752 1.661062479019165
v -12.416363716125488 4.7762203216552734 1.8928594589233398
v -13.185747146606445 5.0721797943115234 2.1344563961029053
v -13.942449569702148 5.3632616996765137 2.3862354755401611
v -14.681399345397949 5.6475143432617188 2.6456632614135742
v -15.378521919250488 5.915677547454834 2.9026851654052734
v -16.075643539428711 6.183840274810791 3.171628475189209
v -16.77276611328125 6.4520034790039063 3.4524929523468018
v -17.469888687133789 6.7201666831970215 3.7452785968780518
v -18.125185012817383 6.9722399711608887 4.0313668251037598
v -18.822307586669922 7.2404031753540039 4.3472800254821777
v -19.436922073364258 7.4768276214599609 4.6356916427612305
v -20.066259384155273 7.7189159393310547 4.9406137466430664
v -20.684537887573242 7.9567499160766602 5.2496390342712402
v -21.292272567749023 8.1905288696289063 5.562532901763916
v -21.889965057373047 8.4204435348510742 5.8790931701660156
v -22.477670669555664 8.6465167999267578 6.1989083290100098
v -23.046869277954102 8.8654708862304688 6.5167293548583984
v -23.623933792114258 9.0874519348144531 6.8470559120178223
v -24.183498382568359 9.3027000427246094 7.1751656532287598
v -24.735130310058594 9.5148963928222656 7.506141185760498
v -25.278924942016602 9.7240791320800781 7.8397216796875
v -25.79353141784668 9.9220333099365234 8.1620779037475586
v -26.327577590942383 10.127466201782227 8.5037736892700195
v -26.844284057617188 10.326228141784668 8.8409662246704102
v -27.362602233886719 10.525609970092773 9.1855592727661133
v -27.884899139404297 10.726523399353027 9.5369949340820313
v 0 0 0
v -0.97261184453964233 0.34539914131164551 0.014881209470331669
v -1.9381152391433716 0.68827390670776367 0.050466932356357574
v -2.8576557636260986 1.0148261785507202 0.10717862099409103
v -3.8412570953369141 1.3641278743743896 0.1919437050819397
v -4.7806539535522461 1.6977314949035645 0.29613852500915527
v -5.6730804443359375 2.0146548748016357 0.41615405678749084
v -6.6197094917297363 2.3508269786834717 0.56585478782653809
v -7.5159721374511719 2.6691124439239502 0.72883903980255127
v -8.3963985443115234 2.9817743301391602 0.90906673669815063
v -9.2594776153564453 3.2882754802703857 1.1051015853881836
v -10.07218074798584 3.5768871307373047 1.3072149753570557
v -10.932350158691406 3.8823552131652832 1.5396441221237183
v -11.74278736114502 4.1701622009277344 1.7760523557662964
v -12.536295890808105 4.4519572257995605 2.0238959789276123
v -13.3131103515625 4.7278237342834473 2.2822179794311523
v -14.077122688293457 4.9991436004638672 2.551426887512207
v -14.823209762573242 5.2640981674194336 2.8288137912750244
v -15.527066230773926 5.5140552520751953 3.1036286354064941
v -16.230922698974609 5.764012336730957 3.3911900520324707
v -16.934778213500977 6.013969898223877 3.691497802734375
v -17.638633728027344 6.2639269828796387 4.004551887512207
v -18.300258636474609 6.4988865852355957 4.3104453086853027
v -19.004114151000977 6.7488436698913574 4.6482281684875488
v -19.624666213989258 6.9692173004150391 4.9566054344177246
v -20.26008415222168 7.1948699951171875 5.2826366424560547
v -20.884334564208984 7.4165573120117188 5.6130542755126953
v -21.497940063476563 7.6344642639160156 5.9476089477539063
v -22.101404190063477 7.8487701416015625 6.2860832214355469
v -22.694786071777344 8.0594949722290039 6.6280384063720703
v -23.26948356628418 8.2635841369628906 6.9678611755371094
v -23.852121353149414 8.470494270324707 7.3210549354553223
v -24.417091369628906 8.6711292266845703 7.6718788146972656
v -24.974050521850586 8.8689193725585938 8.0257673263549805
v -25.523097991943359 9.0638999938964844 8.3824405670166016
v -26.04267692565918 9.2484159469604492 8.72711181640625
v -26.581882476806641 9.4399013519287109 9.0924625396728516
v -27.103578567504883 9.6251688003540039 9.452998161315918
v -27.626901626586914 9.8110141754150391 9.8214454650878906
v -28.154245376586914 9.9982872009277344 10.197209358215332
v 0 0 0
v -0.98160618543624878 0.31894317269325256 0.015821268782019615
v -1.9560381174087524 0.63555532693862915 0.053654976189136505
v -2.8840823173522949 0.93709516525268555 0.11394918709993362
v -3.8767795562744141 1.2596420049667358 0.20406895875930786
v -4.8248634338378906 1.5676931142807007 0.31484586000442505
v -5.7255430221557617 1.8603416681289673 0.44244289398193359
v -6.6809258460998535 2.1707644462585449 0.60160034894943237
v -7.5854768753051758 2.4646708965301514 0.77488046884536743
v -8.4740447998046875 2.7533841133117676 0.96649330854415894
v -9.3451051712036133 3.0364089012145996 1.1749118566513062
v -10.165325164794922 3.3029141426086426 1.389792799949646
v -11.033449172973633 3.5849847793579102 1.6369048357009888
v -11.851380348205566 3.8507468700408936 1.8882472515106201
v -12.652227401733398 4.1109576225280762 2.1517472267150879
v -13.436224937438965 4.3656940460205078 2.4263875484466553
v -14.207302093505859 4.6162323951721191 2.7126026153564453
v -14.960289001464844 4.8608927726745605 3.0075125694274902
v -15.670654296875 5.0917043685913086 3.2996876239776611
v -16.381019592285156 5.3225159645080566 3.6054143905639648
v -17.091384887695313 5.5533275604248047 3.9246931076049805
v -17.801750183105469 5.7841391563415527 4.2575230598449707
v -18.469493865966797 6.0011019706726074 4.582740306854248
v -19.17985725402832 6.2319135665893555 4.9418606758117676
v -19.806148529052734 6.4354076385498047 5.2697186470031738
v -20.447441101074219 6.6437764167785645 5.6163454055786133
v -21.077465057373047 6.8484830856323242 5.9676361083984375
v -21.696744918823242 7.0496997833251953 6.3233246803283691
v -22.305789947509766 7.2475905418395996 6.6831808090209961
v -22.904659271240234 7.4421753883361816 7.0467376708984375
v -23.484670639038086 7.6306319236755371 7.408027172088623
v -24.072698593139648 7.8216938972473145 7.7835326194763184
v -24.642892837524414 8.0069608688354492 8.1565179824829102
v -25.205001831054688 8.1896018981933594 8.5327615737915039
v -25.759126663208008 8.3696479797363281 8.9119663238525391
v -26.283510208129883 8.5400295257568359 9.2784109115600586
v -26.827701568603516 8.7168483734130859 9.6668415069580078
v -27.354221343994141 8.8879251480102539 10.050151824951172
v -27.88238525390625 9.0595359802246094 10.441874504089355
v -28.414604187011719 9.2324647903442383 10.841376304626465
v 0 0 0
v -0.98981034755706787 0.29248893260955811 0.016686024144291878
v -1.9723865985870361 0.58284014463424683 0.056587636470794678
v -2.9081873893737793 0.85936921834945679 0.12017739564180374
v -3.9091813564300537 1.1551629304885864 0.21522291004657745
v -4.8651895523071289 1.437663197517395 0.33205461502075195
v -5.7733964920043945 1.7060384750366211 0.46662583947181702
v -6.7367644309997559 1.9907137155532837 0.63448244333267212
v -7.6488757133483887 2.2602424621582031 0.81723368167877197
v -8.5448703765869141 2.5250089168548584 1.0193196535110474
v -9.4232110977172852 2.7845585346221924 1.239129900932312
v -10.250286102294922 3.0289590358734131 1.465755820274353
v -11.125665664672852 3.2876336574554443 1.7263743877410889
v -11.950433731079102 3.5313525199890137 1.9914546012878418
v -12.757973670959473 3.7699806690216064 2.2693569660186768
v -13.548523902893066 4.0035881996154785 2.5590085983276367
v -14.326045989990234 4.2333459854125977 2.8608675003051758
v -15.085326194763184 4.4577131271362305 3.1718964576721191
v -15.801629066467285 4.6693806648254395 3.4800412654876709
v -16.51793098449707 4.8810477256774902 3.8024783134460449
v -17.234233856201172 5.0927152633666992 4.1392078399658203
v -17.950534820556641 5.30438232421875 4.4902300834655762
v -18.623859405517578 5.503349781036377 4.8332223892211914
v -19.34016227722168 5.7150173187255859 5.2119717597961426
v -19.971687316894531 5.9016327857971191 5.5577497482299805
v -20.618339538574219 6.0927186012268066 5.9233222007751465
v -21.253627777099609 6.2804465293884277 6.2938132286071777
v -21.878084182739258 6.464972972869873 6.6689434051513672
v -22.492219924926758 6.6464505195617676 7.0484685897827148
v -23.096096038818359 6.8248953819274902 7.4318966865539551
v -23.680953979492188 6.9977207183837891 7.8129334449768066
v -24.273895263671875 7.1729350090026855 8.2089633941650391
v -24.848855972290039 7.3428359031677246 8.6023349761962891
v -25.41566276550293 7.5103273391723633 8.9991436004638672
v -25.974420547485352 7.6754398345947266 9.3990745544433594
v -26.503185272216797 7.8316903114318848 9.785548210144043
v -27.051925659179688 7.993842601776123 10.195209503173828
v -27.582847595214844 8.1507301330566406 10.599471092224121
v -28.115425109863281 8.3081073760986328 11.012603759765625
v -28.652091979980469 8.4666919708251953 11.433941841125488
v 0 0 0
v -0.99780827760696411 0.26391518115997314 0.017535896971821785
v -1.9883239269256592 0.52590149641036987 0.05946982279419899
v -2.9316861629486084 0.77541595697402954 0.12629841268062592
v -3.9407687187194824 1.0423130989074707 0.2261849045753479
v -4.9045014381408691 1.2972153425216675 0.34896722435951233
v -5.8200469017028809 1.5393725633621216 0.49039256572723389
v -6.7911992073059082 1.7962373495101929 0.66679865121841431
v -7.7106809616088867 2.0394353866577148 0.85885798931121826
v -8.6139154434204102 2.2783362865447998 1.0712368488311768
v -9.4993534088134766 2.5125300884246826 1.3022427558898926
v -10.333110809326172 2.7330546379089355 1.5404114723205566
v -11.215563774108887 2.9664590358734131 1.8143041133880615
v -12.046996116638184 3.186368465423584 2.0928857326507568
v -12.861061096191406 3.4016847610473633 2.3849425315856934
v -13.657999992370605 3.6124708652496338 2.6893470287322998
v -14.441803932189941 3.8197829723358154 3.0065805912017822
v -15.207220077514648 4.0222315788269043 3.3334512710571289
v -15.929309844970703 4.2132205963134766 3.6572906970977783
v -16.651399612426758 4.4042096138000488 3.9961507320404053
v -17.373489379882813 4.5951991081237793 4.3500308990478516
v -18.0955810546875 4.7861881256103516 4.7189316749572754
v -18.774345397949219 4.9657177925109863 5.0793938636779785
v -19.496435165405273 5.1567068099975586 5.4774341583251953
v -20.133062362670898 5.3250918388366699 5.8408236503601074
v -20.784940719604492 5.4975099563598633 6.2250161170959473
v -21.425363540649414 5.666898250579834 6.614377498626709
v -22.054864883422852 5.8333983421325684 7.0086140632629395
v -22.67396354675293 5.9971470832824707 7.4074697494506836
v -23.282718658447266 6.1581592559814453 7.8104267120361328
v -23.87230110168457 6.3141012191772461 8.2108707427978516
v -24.470035552978516 6.472198486328125 8.6270723342895508
v -25.049640655517578 6.6255011558532715 9.0404796600341797
v -25.621028900146484 6.7766304016113281 9.4574985504150391
v -26.184299468994141 6.9256129264831543 9.8777990341186523
v -26.717336654663086 7.0665984153747559 10.283957481384277
v -27.270511627197266 7.2129101753234863 10.714484214782715
v -27.805723190307617 7.3544712066650391 11.139335632324219
v -28.34260368347168 7.4964733123779297 11.573511123657227
v -28.883607864379883 7.6395659446716309 12.016308784484863
v 0 0 0
v -1.0053772926330566 0.23342791199684143 0.018346671015024185
v -2.0034067630767822 0.46514979004859924 0.062219418585300446
v -2.9539248943328857 0.68584054708480835 0.13213783502578735
v -3.9706618785858154 0.92190593481063843 0.23664258420467377
v -4.9417052268981934 1.1473621129989624 0.36510175466537476
v -5.8641958236694336 1.3615455627441406 0.51306593418121338
v -6.842714786529541 1.5887374877929688 0.6976282000541687
v -7.7691712379455566 1.8038415908813477 0.89856737852096558
v -8.6792573928833008 2.0151448249816895 1.1207655668258667
v -9.5714120864868164 2.2222847938537598 1.3624520301818848
v -10.411494255065918 2.4173345565795898 1.6116325855255127
v -11.300641059875488 2.6237761974334717 1.8981887102127075
v -12.13838005065918 2.818281888961792 2.1896505355834961
v -12.958621025085449 3.0087249279022217 2.4952106475830078
v -13.761604309082031 3.1951611042022705 2.8136892318725586
v -14.55135440826416 3.3785247802734375 3.1455903053283691
v -15.322576522827148 3.557586669921875 3.4875736236572266
v -16.050144195556641 3.7265129089355469 3.8263859748840332
v -16.777711868286133 3.8954391479492188 4.180912971496582
v -17.505279541015625 4.0643653869628906 4.5511550903320313
v -18.232847213745117 4.2332916259765625 4.9371118545532227
v -18.91676139831543 4.3920822143554688 5.3142404556274414
v -19.644329071044922 4.5610084533691406 5.7306838035583496
v -20.285785675048828 4.7099418640136719 6.1108746528625488
v -20.942607879638672 4.8624424934387207 6.5128302574157715
v -21.587888717651367 5.012263298034668 6.920194149017334
v -22.222164154052734 5.1595292091369629 7.3326582908630371
v -22.84596061706543 5.3043613433837891 7.7499547004699707
v -23.459331512451172 5.4467740058898926 8.1715431213378906
v -24.053388595581055 5.5847015380859375 8.5905017852783203
v -24.655654907226563 5.7245354652404785 9.0259456634521484
v -25.239658355712891 5.8601288795471191 9.4584674835205078
v -25.815380096435547 5.9937996864318848 9.8947668075561523
v -26.382925033569336 6.1255717277526855 10.334500312805176
v -26.920005798339844 6.2502708435058594 10.759437561035156
v -27.477375030517578 6.3796811103820801 11.209869384765625
v -28.016647338867188 6.5048885345458984 11.654364585876465
v -28.557601928710938 6.6304869651794434 12.108613967895508
v -29.10270881652832 6.757049560546875 12.571884155273438
v 0 0 0
v -1.0120159387588501 0.2027246356010437 0.01906307227909565
v -2.0166354179382324 0.40396764874458313 0.06464897096157074
v -2.9734299182891846 0.5956304669380188 0.13729757070541382
v -3.9968805313110352 0.80064570903778076 0.2458830326795578
v -4.9743356704711914 0.99644720554351807 0.37935829162597656
v -5.9029173851013184 1.1824585199356079 0.5331001877784729
v -6.8878979682922363 1.3797675371170044 0.7248692512512207
v -7.8204717636108398 1.5665785074234009 0.93365478515625
v -8.736567497253418 1.7500885725021362 1.1645294427871704
v -9.634613037109375 1.9299829006195068 1.4156532287597656
v -10.480241775512695 2.0993773937225342 1.6745637655258179
v -11.375260353088379 2.27866530418396 1.9723093509674072
v -12.218530654907227 2.447587251663208 2.2751522064208984
v -13.044187545776367 2.612980842590332 2.5926439762115479
v -13.852473258972168 2.7748949527740479 2.9235584735870361
v -14.647438049316406 2.9341402053833008 3.2684195041656494
v -15.423752784729004 3.0896496772766113 3.6237568855285645
v -16.156124114990234 3.2363567352294922 3.9757990837097168
v -16.888496398925781 3.383063793182373 4.344170093536377
v -17.620868682861328 3.5297708511352539 4.7288689613342285
v -18.353239059448242 3.6764779090881348 5.1298971176147461
v -19.041669845581055 3.8143823146820068 5.5217514038085938
v -19.774042129516602 3.9610893726348877 5.9544563293457031
v -20.419733047485352 4.0904331207275391 6.3494930267333984
v -21.080894470214844 4.2228751182556152 6.7671442031860352
v -21.730434417724609 4.352989673614502 7.1904144287109375
v -22.368900299072266 4.4808855056762695 7.6189846992492676
v -22.99681282043457 4.6066675186157227 8.0525760650634766
v -23.614236831665039 4.7303481101989746 8.490626335144043
v -24.212215423583984 4.8501338958740234 8.9259443283081055
v -24.818458557128906 4.9715752601623535 9.3783912658691406
v -25.406318664550781 5.0893340110778809 9.8278026580810547
v -25.985841751098633 5.2054224014282227 10.281139373779297
v -26.557132720947266 5.3198623657226563 10.738043785095215
v -27.097761154174805 5.4281597137451172 11.179573059082031
v -27.658811569213867 5.5405478477478027 11.64759349822998
v -28.201642990112305 5.6492867469787598 12.109445571899414
v -28.746170043945313 5.7583651542663574 12.581432342529297
v -29.294876098632813 5.8682804107666016 13.062792778015137
v 0 0 0
v -1.0177172422409058 0.17183369398117065 0.019682176411151886
v -2.027996301651001 0.34241151809692383 0.066748544573783875
v -2.9901812076568604 0.50486898422241211 0.14175651967525482
v -4.0193977355957031 0.67864418029785156 0.2538684606552124
v -5.0023593902587891 0.84460967779159546 0.39167854189872742
v -5.9361724853515625 1.0022768974304199 0.55041342973709106
v -6.9267020225524902 1.1695201396942139 0.74841052293777466
v -7.8645296096801758 1.3278650045394897 0.96397668123245239
v -8.7857866287231445 1.4834120273590088 1.2023493051528931
v -9.6888904571533203 1.6358942985534668 1.461628794670105
v -10.539284706115723 1.7794766426086426 1.7289478778839111
v -11.43934440612793 1.9314448833465576 2.0363631248474121
v -12.287365913391113 2.0746266841888428 2.3490414619445801
v -13.117673873901367 2.2148177623748779 2.6768441200256348
v -13.930513381958008 2.3520596027374268 3.0185055732727051
v -14.72995662689209 2.48703932762146 3.3745665550231934
v -15.510644912719727 2.6188523769378662 3.7414441108703613
v -16.247142791748047 2.7432043552398682 4.10491943359375
v -16.983640670776367 2.8675563335418701 4.4852538108825684
v -17.720138549804688 2.9919083118438721 4.8824467658996582
v -18.456636428833008 3.116260290145874 5.2964982986450195
v -19.148944854736328 3.2331511974334717 5.7010788917541504
v -19.885442733764648 3.3575031757354736 6.1478366851806641
v -20.534772872924805 3.4671375751495361 6.5557026863098145
v -21.199655532836914 3.5793981552124023 6.9869174957275391
v -21.85285758972168 3.6896858215332031 7.4239344596862793
v -22.494918823242188 3.7980930805206299 7.8664231300354004
v -23.126369476318359 3.9047088623046875 8.3140954971313477
v -23.747270584106445 4.0095429420471191 8.7663726806640625
v -24.34861946105957 4.1110758781433105 9.2158288955688477
v -24.958278656005859 4.2140121459960938 9.6829700469970703
v -25.549448013305664 4.3138270378112793 10.146976470947266
v -26.132236480712891 4.4122262001037598 10.615035057067871
v -26.706747055053711 4.5092277526855469 11.086777687072754
v -27.250419616699219 4.6010227203369141 11.542647361755371
v -27.814632415771484 4.6962852478027344 12.025867462158203
v -28.360523223876953 4.7884550094604492 12.502717971801758
v -28.908115386962891 4.8809118270874023 12.990034103393555
v -29.45991325378418 4.9740786552429199 13.487027168273926
v 0 0 0
v -1.0226708650588989 0.13935151696205139 0.020222578197717667
v -2.037867546081543 0.27768456935882568 0.068581216037273407
v -3.0047357082366943 0.40943229198455811 0.14564864337444305
v -4.0389618873596191 0.55035829544067383 0.26083877682685852
v -5.0267081260681152 0.68495094776153564 0.40243262052536011
v -5.9650664329528809 0.81281387805938721 0.56552582979202271
v -6.9604172706604004 0.94844263792037964 0.7689591646194458
v -7.9028096199035645 1.0768551826477051 0.99044400453567505
v -8.8285503387451172 1.2029988765716553 1.2353614568710327
v -9.7360506057739258 1.3266569375991821 1.5017598867416382
v -10.590583801269531 1.4430975914001465 1.7764184474945068
v -11.495024681091309 1.5663387775421143 2.0922744274139404
v -12.347173690795898 1.6824545860290527 2.4135375022888184
v -13.181523323059082 1.7961450815200806 2.750340461730957
v -13.998319625854492 1.9074435234069824 3.1013829708099365
v -14.801653861999512 2.0169079303741455 3.4672200679779053
v -15.586141586303711 2.1238038539886475 3.8441705703735352
v -16.326225280761719 2.2246494293212891 4.217625617980957
v -17.066307067871094 2.3254947662353516 4.6084027290344238
v -17.806390762329102 2.4263401031494141 5.0165009498596191
v -18.546472549438477 2.5271854400634766 5.4419212341308594
v -19.242149353027344 2.6219801902770996 5.857609748840332
v -19.982233047485352 2.7228255271911621 6.3166341781616211
v -20.634723663330078 2.8117353916168213 6.7356982231140137
v -21.302845001220703 2.9027750492095947 7.1787528991699219
v -21.959224700927734 2.9922149181365967 7.6277689933776855
v -22.604412078857422 3.0801296234130859 8.0824069976806641
v -23.238935470581055 3.1665914058685303 8.5423707962036133
v -23.862859725952148 3.2516086101531982 9.0070657730102539
v -24.467134475708008 3.3339486122131348 9.4688615798950195
v -25.079761505126953 3.417426586151123 9.9488286972045898
v -25.673809051513672 3.4983730316162109 10.425575256347656
v -26.259433746337891 3.5781714916229248 10.906485557556152
v -26.836740493774414 3.6568367481231689 11.391180992126465
v -27.383060455322266 3.7312793731689453 11.859566688537598
v -27.950017929077148 3.8085343837738037 12.356054306030273
v -28.498565673828125 3.8832807540893555 12.84599781036377
v -29.048824310302734 3.9582602977752686 13.34669303894043
v -29.603307723999023 4.033815860748291 13.857332229614258
v 0 0 0
v -1.026715874671936 0.10548503696918488 0.020665563642978668
v -2.0459280014038086 0.21019911766052246 0.07008352130651474
v -3.016620397567749 0.309928297996521 0.14883914589881897
v -4.0549368858337402 0.41660520434379578 0.26655256748199463
v -5.0465903282165527 0.51848787069320679 0.41124811768531799
v -5.9886603355407715 0.61527639627456665 0.57791393995285034
v -6.987947940826416 0.71794342994689941 0.78580355644226074
v -7.9340677261352539 0.8151479959487915 1.012140154838562
v -8.8634700775146484 0.91063499450683594 1.2624226808547974
v -9.7745599746704102 1.0042406320571899 1.5346566438674927
v -10.632472038269043 1.0923827886581421 1.8153318166732788
v -11.540491104125977 1.1856727600097656 2.1381065845489502
v -12.396010398864746 1.2735691070556641 2.466407299041748
v -13.233660697937012 1.3596293926239014 2.8105881214141846
v -14.05368709564209 1.4438791275024414 3.1693203449249268
v -14.860198974609375 1.5267404317855835 3.5431711673736572
v -15.64778995513916 1.6076576709747314 3.9283790588378906
v -16.390800476074219 1.6839946508407593 4.3100147247314453
v -17.133810043334961 1.7603316307067871 4.7093520164489746
v -17.876819610595703 1.8366687297821045 5.1263899803161621
v -18.619829177856445 1.9130057096481323 5.561129093170166
v -19.318258285522461 1.9847625494003296 5.9859237670898438
v -20.061267852783203 2.0610995292663574 6.4550027847290039
v -20.716341018676758 2.1284017562866211 6.8832473754882813
v -21.387104034423828 2.1973161697387695 7.3360071182250977
v -22.046079635620117 2.265019416809082 7.7948589324951172
v -22.693819046020508 2.3315682411193848 8.259455680847168
v -23.330852508544922 2.3970174789428711 8.7294960021972656
v -23.957244873046875 2.4613728523254395 9.2043695449829102
v -24.563909530639648 2.5237019062042236 9.6762819290161133
v -25.178958892822266 2.5868921279907227 10.166763305664063
v -25.775356292724609 2.6481661796569824 10.653952598571777
v -26.363298416137695 2.7085714340209961 11.145397186279297
v -26.942888259887695 2.7681186199188232 11.64070987701416
v -27.491369247436523 2.8244698047637939 12.119356155395508
v -28.060567855834961 2.8829493522644043 12.62671947479248
v -28.611286163330078 2.9395303726196289 13.127395629882813
v -29.163721084594727 2.9962875843048096 13.639059066772461
v -29.72039794921875 3.053480863571167 14.160883903503418
v 0 0 0
v -1.0297170877456665 0.070391304790973663 0.02099553681910038
v -2.0519082546234131 0.14026814699172974 0.071202568709850311
v -3.0254383087158203 0.20681850612163544 0.15121570229530334
v -4.0667901039123535 0.27800515294075012 0.27080869674682617
v -5.0613417625427246 0.3459925651550293 0.41781464219093323
v -6.0061655044555664 0.41058057546615601 0.58714163303375244
v -7.0083742141723633 0.47909143567085266 0.7983507513999939
v -7.9572596549987793 0.54395711421966553 1.0283012390136719
v -8.889378547668457 0.60767662525177002 1.2825801372528076
v -9.803131103515625 0.67014062404632568 1.5591609477996826
v -10.663552284240723 0.7289588451385498 1.8443176746368408
v -11.574224472045898 0.79121232032775879 2.1722464561462402
v -12.432245254516602 0.84986644983291626 2.505789041519165
v -13.272343635559082 0.90729546546936035 2.8554654121398926
v -14.094766616821289 0.96351617574691772 3.2199256420135498
v -14.90363597869873 1.0188103914260864 3.5997459888458252
v -15.69352912902832 1.0728073120117188 3.9911046028137207
v -16.438711166381836 1.1237478256225586 4.3788342475891113
v -17.183893203735352 1.1746883392333984 4.7845473289489746
v -17.929075241088867 1.2256288528442383 5.2082443237304688
v -18.674257278442383 1.2765694856643677 5.6499252319335938
v -19.374727249145508 1.3244534730911255 6.0815024375915527
v -20.119909286499023 1.3753939867019653 6.5580716133117676
v -20.776895523071289 1.4203054904937744 6.9931540489196777
v -21.449619293212891 1.4662928581237793 7.4531431198120117
v -22.11052131652832 1.5114719867706299 7.9193215370178223
v -22.760154724121094 1.5558807849884033 8.3913364410400391
v -23.399051666259766 1.5995557308197021 8.8688821792602539
v -24.027273178100586 1.6425008773803711 9.3513383865356445
v -24.635711669921875 1.6840935945510864 9.8307857513427734
v -25.252557754516602 1.7262612581253052 10.329098701477051
v -25.850700378417969 1.7671500444412231 10.824067115783691
v -26.440359115600586 1.8074591159820557 11.323359489440918
v -27.021644592285156 1.8471956253051758 11.826581001281738
v -27.571727752685547 1.8847992420196533 12.312870025634766
v -28.14259147644043 1.923823356628418 12.828333854675293
v -28.694917678833008 1.9615803956985474 13.337004661560059
v -29.248968124389648 1.9994552135467529 13.856838226318359
v -29.807271957397461 2.0376207828521729 14.386994361877441
v 0 0 0
v -1.0315201282501221 0.035215701907873154 0.021194562315940857
v -2.0555012226104736 0.070174023509025574 0.071877524256706238
v -3.0307357311248779 0.103468157351017 0.15264914929866791
v -4.0739107131958008 0.13908176124095917 0.27337580919265747
v -5.0702042579650879 0.17309482395648956 0.42177528142929077
v -6.0166821479797363 0.20540723204612732 0.59270739555358887
v -7.0206460952758789 0.2396821528673172 0.80591863393783569
v -7.9711928367614746 0.272133469581604 1.0380489826202393
v -8.9049444198608398 0.30401137471199036 1.2947382926940918
v -9.8202972412109375 0.33526116609573364 1.5739408731460571
v -10.682224273681641 0.36468702554702759 1.8618007898330688
v -11.594491004943848 0.39583149552345276 2.1928379535675049
v -12.454013824462891 0.4251752495765686 2.5295424461364746
v -13.295583724975586 0.45390611886978149 2.8825337886810303
v -14.119446754455566 0.48203250765800476 3.2504487037658691
v -14.929733276367188 0.50969535112380981 3.6338696479797363
v -15.72100830078125 0.53670918941497803 4.028937816619873
v -16.467494964599609 0.56219398975372314 4.4203429222106934
v -17.213981628417969 0.58767873048782349 4.829902172088623
v -17.960468292236328 0.6131635308265686 5.2576155662536621
v -18.706954956054688 0.63864827156066895 5.7034831047058105
v -19.408653259277344 0.66260397434234619 6.1391515731811523
v -20.155139923095703 0.68808871507644653 6.6202387809753418
v -20.813276290893555 0.71055728197097778 7.0594449043273926
v -21.487178802490234 0.73356401920318604 7.5237946510314941
v -22.149236679077148 0.75616645812988281 7.9943923950195313
v -22.800006866455078 0.77838349342346191 8.4708824157714844
v -23.440023422241211 0.80023336410522461 8.9529542922973633
v -24.069343566894531 0.82171821594238281 9.4399833679199219
v -24.678848266601563 0.84252643585205078 9.923975944519043
v -25.296775817871094 0.86362224817276001 10.42701244354248
v -25.895963668823242 0.88407832384109497 10.92667293548584
v -26.486656188964844 0.90424430370330811 11.430698394775391
v -27.068958282470703 0.92412388324737549 11.938690185546875
v -27.620006561279297 0.94293642044067383 12.429588317871094
v -28.191869735717773 0.96245962381362915 12.949939727783203
v -28.745162963867188 0.98134887218475342 13.463432312011719
v -29.30018424987793 1.0002970695495605 13.988192558288574
v -29.859466552734375 1.0193907022476196 14.523375511169434
v 0 0 0
v -1.0321217775344849 0 0.021261217072606087
v -2.0567002296447754 0 0.072103582322597504
v -3.032503604888916 0 0.1531292200088501
v -4.0762872695922852 0 0.27423557639122009
v -5.0731616020202637 0 0.4231017529964447
v -6.0201921463012695 0 0.59457147121429443
v -7.0247411727905273 0 0.80845320224761963
v -7.9758424758911133 0 1.041313648223877
v -8.9101381301879883 0 1.2988101243972778
v -9.8260250091552734 0 1.5788909196853638
v -10.688454627990723 0 1.8676561117172241
v -11.601254463195801 0 2.1997344493865967
v -12.461278915405273 0 2.5374977588653564
v -13.303339004516602 0 2.891599178314209
v -14.127683639526367 0 3.2606713771820068
v -14.938441276550293 0 3.6452980041503906
v -15.730178833007813 0 4.0416088104248047
v -16.477100372314453 0 4.4342446327209473
v -17.224023818969727 0 4.8450918197631836
v -17.970945358276367 0 5.2741503715515137
v -18.717866897583008 0 5.7214202880859375
v -19.419973373413086 0 6.1584591865539551
v -20.166896820068359 0 6.6410589218139648
v -20.825416564941406 0 7.0816469192504883
v -21.499711990356445 0 7.5474567413330078
v -22.16215705871582 0 8.0195341110229492
v -22.81330680847168 0 8.4975223541259766
v -23.453695297241211 0 8.9811105728149414
v -24.083385467529297 0 9.4696722030639648
v -24.693244934082031 0 9.9551868438720703
v -25.311532974243164 0 10.459805488586426
v -25.911069869995117 0 10.961037635803223
v -26.502107620239258 0 11.466647148132324
v -27.084749221801758 0 11.976236343383789
v -27.636117935180664 0 12.468679428100586
v -28.208314895629883 0 12.990666389465332
v -28.761930465698242 0 13.505773544311523
v -29.317276000976563 0 14.032185554504395
v -29.876882553100586 0 14.569050788879395
v 0 0 0
v -1.031507134437561 -0.035591389983892441 0.021193133667111397
v -2.0554754734039307 -0.07092265784740448 0.071872688829898834
v -3.0306978225708008 -0.10457197576761246 0.15263886749744415
v -4.073859691619873 -0.14056551456451416 0.27335739135742188
v -5.0701408386230469 -0.17494143545627594 0.42174685001373291
v -6.0166068077087402 -0.20759855210781097 0.59266752004623413
v -7.0205578804016113 -0.24223913252353668 0.80586433410644531
v -7.9710931777954102 -0.27503663301467896 1.0379790067672729
v -8.9048328399658203 -0.30725464224815369 1.2946510314941406
v -9.8201742172241211 -0.33883780241012573 1.5738348960876465
v -10.682089805603027 -0.36857756972312927 1.8616753816604614
v -11.594346046447754 -0.40005430579185486 2.192690372467041
v -12.453858375549316 -0.42971113324165344 2.5293722152709961
v -13.295416831970215 -0.45874848961830139 2.8823394775390625
v -14.119270324707031 -0.48717492818832397 3.2502298355102539
v -14.929546356201172 -0.51513290405273438 3.633624792098999
v -15.72081184387207 -0.5424349308013916 4.0286664962768555
v -16.467288970947266 -0.56819158792495728 4.4200453758239746
v -17.213766098022461 -0.59394824504852295 4.8295769691467285
v -17.960243225097656 -0.61970484256744385 5.2572612762451172
v -18.706720352172852 -0.64546149969100952 5.7030987739562988
v -19.408409118652344 -0.66967272758483887 6.1387381553649902
v -20.154886245727539 -0.69542938470840454 6.6197924613952637
v -20.813014984130859 -0.71813762187957764 7.0589694976806641
v -21.486909866333008 -0.74138981103897095 7.5232877731323242
v -22.148960113525391 -0.76423341035842896 7.9938535690307617
v -22.799722671508789 -0.78668749332427979 8.470311164855957
v -23.439729690551758 -0.80877047777175903 8.9523506164550781
v -24.06904411315918 -0.83048444986343384 9.4393482208251953
v -24.678539276123047 -0.85151469707489014 9.9233074188232422
v -25.296459197998047 -0.87283551692962646 10.426310539245605
v -25.895641326904297 -0.89350980520248413 10.925937652587891
v -26.486326217651367 -0.91389095783233643 11.429927825927734
v -27.068620681762695 -0.93398261070251465 11.937886238098145
v -27.619659423828125 -0.95299583673477173 12.428750991821289
v -28.191516876220703 -0.97272729873657227 12.949067115783691
v -28.744804382324219 -0.99181807041168213 13.462525367736816
v -29.29981803894043 -1.0109684467315674 13.987250328063965
v -29.859092712402344 -1.0302658081054688 14.522397041320801
v 0 0 0
v -1.0297152996063232 -0.070417076349258423 0.020995341241359711
v -2.0519046783447266 -0.14031949639320374 0.071201913058757782
v -3.0254330635070801 -0.20689423382282257 0.15121431648731232
v -4.0667829513549805 -0.2781069278717041 0.27080619335174561
v -5.061333179473877 -0.346119225025177 0.41781076788902283
v -6.0061550140380859 -0.41073089838027954 0.58713620901107788
v -7.0083622932434082 -0.47926682233810425 0.79834336042404175
v -7.9572458267211914 -0.54415625333786011 1.0282918214797974
v -8.8893632888793945 -0.60789906978607178 1.2825682163238525
v -9.8031148910522461 -0.67038595676422119 1.559146523475647
v -10.663533210754395 -0.72922569513320923 1.8443006277084351
v -11.57420539855957 -0.79150199890136719 2.1722264289855957
v -12.432223320007324 -0.8501775860786438 2.5057659149169922
v -13.272320747375488 -0.90762758255004883 2.8554391860961914
v -14.094742774963379 -0.96386891603469849 3.2198958396911621
v -14.903611183166504 -1.0191833972930908 3.599712610244751
v -15.693502426147461 -1.0732001066207886 3.99106764793396
v -16.438682556152344 -1.1241593360900879 4.3787937164306641
v -17.183862686157227 -1.1751184463500977 4.7845029830932617
v -17.929044723510742 -1.226077675819397 5.2081961631774902
v -18.674224853515625 -1.2770367860794067 5.6498727798461914
v -19.37469482421875 -1.3249384164810181 6.0814461708068848
v -20.119874954223633 -1.3758975267410278 6.5580110549926758
v -20.776859283447266 -1.4208254814147949 6.9930891990661621
v -21.449583053588867 -1.4668296575546265 7.4530744552612305
v -22.110483169555664 -1.5120253562927246 7.9192485809326172
v -22.760114669799805 -1.556450366973877 8.3912591934204102
v -23.399011611938477 -1.6001412868499756 8.868800163269043
v -24.027231216430664 -1.6431021690368652 9.3512516021728516
v -24.635669708251953 -1.6847101449966431 9.8306951522827148
v -25.25251579284668 -1.7268931865692139 10.32900333404541
v -25.850654602050781 -1.7677969932556152 10.823966979980469
v -26.440313339233398 -1.8081208467483521 11.323254585266113
v -27.021596908569336 -1.8478718996047974 11.826471328735352
v -27.571680068969727 -1.8854892253875732 12.312755584716797
v -28.142543792724609 -1.9245277643203735 12.828215599060059
v -28.694869995117188 -1.9622985124588013 13.336881637573242
v -29.248918533325195 -2.0001871585845947 13.856709480285645
v -29.807222366333008 -2.0383667945861816 14.386861801147461
v 0 0 0
v -1.0267983675003052 -0.10467904061079025 0.020674614235758781
v -2.0460922718048096 -0.20859302580356598 0.070114217698574066
v -3.0168626308441162 -0.30756020545959473 0.14890433847904205
v -4.055262565612793 -0.41342198848724365 0.26666930317878723
v -5.0469956398010254 -0.51452618837356567 0.41142821311950684
v -5.9891414642333984 -0.61057513952255249 0.57816702127456665
v -6.9885091781616211 -0.71245777606964111 0.78614771366119385
v -7.9347052574157715 -0.80891960859298706 1.0125833749771118
v -8.8641824722290039 -0.90367704629898071 1.2629755735397339
v -9.7753448486328125 -0.99656736850738525 1.53532874584198
v -10.633326530456543 -1.0840359926223755 1.816126823425293
v -11.541418075561523 -1.1766133308410645 2.1390430927276611
v -12.397006034851074 -1.2638379335403442 2.4674875736236572
v -13.234723091125488 -1.349240779876709 2.8118190765380859
v -14.054816246032715 -1.4328467845916748 3.1707084178924561
v -14.861392974853516 -1.5150748491287231 3.5447230339050293
v -15.649046897888184 -1.5953737497329712 3.9300994873046875
v -16.392116546630859 -1.6711275577545166 4.3119025230407715
v -17.135185241699219 -1.7468812465667725 4.7114143371582031
v -17.878255844116211 -1.8226350545883179 5.1286349296569824
v -18.62132453918457 -1.8983887434005737 5.5635647773742676
v -19.31981086730957 -1.969597339630127 5.9885454177856445
v -20.06287956237793 -2.0453510284423828 6.4578299522399902
v -20.71800422668457 -2.1121389865875244 6.8862619400024414
v -21.388820648193359 -2.1805267333984375 7.3392200469970703
v -22.047849655151367 -2.2477128505706787 7.7982726097106934
v -22.695642471313477 -2.3137531280517578 8.2630729675292969
v -23.332727432250977 -2.3787021636962891 8.7333192825317383
v -23.95916748046875 -2.44256591796875 9.2084007263183594
v -24.565881729125977 -2.5044186115264893 9.6805200576782227
v -25.180980682373047 -2.5671262741088867 10.171216011047363
v -25.777427673339844 -2.627932071685791 10.658618927001953
v -26.365415573120117 -2.6878757476806641 11.15027904510498
v -26.945051193237305 -2.7469680309295654 11.645808219909668
v -27.493576049804688 -2.8028883934020996 12.124664306640625
v -28.062822341918945 -2.8609213829040527 12.63224983215332
v -28.613584518432617 -2.9170699119567871 13.133145332336426
v -29.16606330871582 -2.9733936786651611 13.64503288269043
v -29.722785949707031 -3.0301496982574463 14.167085647583008
v 0 0 0
v -1.0227425098419189 -0.13882485032081604 0.020230405032634735
v -2.0380101203918457 -0.27663508057594299 0.068607769906520844
v -3.004946231842041 -0.4078848659992218 0.14570502936840057
v -4.0392446517944336 -0.54827827215194702 0.26093974709510803
v -5.0270600318908691 -0.68236219882965088 0.40258839726448059
v -5.9654841423034668 -0.80974185466766357 0.56574469804763794
v -6.960904598236084 -0.94485807418823242 0.7692568302154541
v -7.9033632278442383 -1.0727853775024414 0.99082738161087036
v -8.8291683197021484 -1.1984522342681885 1.2358397245407104
v -9.7367324829101563 -1.3216429948806763 1.5023411512374878
v -10.591324806213379 -1.4376435279846191 1.7771061658859253
v -11.495829582214355 -1.560418963432312 2.0930843353271484
v -12.348038673400879 -1.6760959625244141 2.4144718647003174
v -13.182446479797363 -1.7893567085266113 2.7514052391052246
v -13.999300003051758 -1.900234580039978 3.1025834083557129
v -14.802690505981445 -2.0092849731445313 3.468562126159668
v -15.587233543395996 -2.1157772541046143 3.8456587791442871
v -16.327367782592773 -2.2162413597106934 4.2192583084106445
v -17.067502975463867 -2.3167057037353516 4.6101865768432617
v -17.807636260986328 -2.4171700477600098 5.0184426307678223
v -18.547771453857422 -2.5176341533660889 5.4440274238586426
v -19.243497848510742 -2.6120705604553223 5.8598771095275879
v -19.983633041381836 -2.7125349044799805 6.3190789222717285
v -20.63616943359375 -2.8011088371276855 6.7383060455322266
v -21.304336547851563 -2.8918042182922363 7.1815319061279297
v -21.960762023925781 -2.9809060096740723 7.6307215690612793
v -22.605995178222656 -3.068488597869873 8.0855350494384766
v -23.240564346313477 -3.1546237468719482 8.5456781387329102
v -23.864530563354492 -3.2393195629119873 9.0105524063110352
v -24.468847274780273 -3.3213481903076172 9.4725275039672852
v -25.081516265869141 -3.4045107364654541 9.9526805877685547
v -25.675607681274414 -3.4851510524749756 10.429611206054688
v -26.261272430419922 -3.5646481513977051 10.910707473754883
v -26.838619232177734 -3.6430158615112305 11.395590782165527
v -27.384977340698242 -3.7171773910522461 11.864157676696777
v -27.951974868774414 -3.7941403388977051 12.360836982727051
v -28.500560760498047 -3.8686041831970215 12.850970268249512
v -29.050859451293945 -3.9433004856109619 13.351860046386719
v -29.605381011962891 -4.0185699462890625 13.862696647644043
v 0 0 0
v -1.0178476572036743 -0.17105981707572937 0.019696371629834175
v -2.0282561779022217 -0.34086942672729492 0.066796682775020599
v -2.9905643463134766 -0.50259524583816528 0.14185875654220581
v -4.0199127197265625 -0.67558789253234863 0.2540515661239624
v -5.0030002593994141 -0.84080594778060913 0.39196103811264038
v -5.9369330406188965 -0.99776303768157959 0.55081039667129517
v -6.9275894165039063 -1.1642531156539917 0.74895024299621582
v -7.865537166595459 -1.3218848705291748 0.96467190980911255
v -8.7869119644165039 -1.4767314195632935 1.2032164335250854
v -9.6901321411132813 -1.6285269260406494 1.4626829624176025
v -10.540634155273438 -1.7714626789093018 1.7301948070526123
v -11.440810203552246 -1.9227464199066162 2.0378317832946777
v -12.2889404296875 -2.0652835369110107 2.3507354259490967
v -13.119354248046875 -2.204843282699585 2.6787745952606201
v -13.93229866027832 -2.3414669036865234 3.0206828117370605
v -14.731843948364258 -2.4758386611938477 3.3770003318786621
v -15.512631416320801 -2.6070582866668701 3.7441425323486328
v -16.249223709106445 -2.7308502197265625 4.1078801155090332
v -16.985816955566406 -2.8546421527862549 4.4884886741638184
v -17.722408294677734 -2.9784340858459473 4.8859677314758301
v -18.458999633789063 -3.1022260189056396 5.3003182411193848
v -19.151397705078125 -3.218590259552002 5.7051906585693359
v -19.887989044189453 -3.3423824310302734 6.1522703170776367
v -20.537403106689453 -3.4515228271484375 6.5604305267333984
v -21.202371597290039 -3.5632779598236084 6.9919567108154297
v -21.855655670166016 -3.6730690002441406 7.4292888641357422
v -22.497800827026367 -3.7809879779815674 7.8720965385437012
v -23.12933349609375 -3.8871235847473145 8.3200922012329102
v -23.750312805175781 -3.9914858341217041 8.7726945877075195
v -24.351737976074219 -4.0925612449645996 9.2224750518798828
v -24.961475372314453 -4.1950340270996094 9.6899528503417969
v -25.55272102355957 -4.2943992614746094 10.154294013977051
v -26.135583877563477 -4.3923554420471191 10.62269115447998
v -26.710168838500977 -4.4889202117919922 11.09477424621582
v -27.253911972045898 -4.5803017616271973 11.550971984863281
v -27.818195343017578 -4.675135612487793 12.034541130065918
v -28.364154815673828 -4.7668895721435547 12.511735916137695
v -28.911819458007813 -4.8589301109313965 12.99940299987793
v -29.463687896728516 -4.9516773223876953 13.49675464630127
v 0 0 0
v -1.011760950088501 -0.20399317145347595 0.019035466015338898
v -2.016127347946167 -0.40649545192718506 0.064555346965789795
v -2.9726808071136475 -0.59935760498046875 0.13709874451160431
v -3.9958734512329102 -0.80565565824508667 0.24552695453166962
v -4.9730820655822754 -1.0026824474334717 0.37880891561508179
v -5.9014301300048828 -1.1898577213287354 0.53232818841934204
v -6.8861627578735352 -1.3884012699127197 0.72381949424743652
v -7.8185014724731445 -1.5763812065124512 0.93230265378952026
v -8.7343664169311523 -1.7610397338867188 1.1628429889678955
v -9.6321849822998047 -1.9420596361160278 1.4136031866073608
v -10.477601051330566 -2.1125140190124512 1.6721386909484863
v -11.372394561767578 -2.2929239273071289 1.9694530963897705
v -12.215452194213867 -2.4629030227661133 2.2718575000762939
v -13.040901184082031 -2.6293315887451172 2.5888893604278564
v -13.848982810974121 -2.7922585010528564 2.9193246364593506
v -14.643747329711914 -2.952500581741333 3.2636864185333252
v -15.419866561889648 -3.108983039855957 3.61850905418396
v -16.152053833007813 -3.2566080093383789 3.9700415134429932
v -16.884241104125977 -3.4042332172393799 4.3378787040710449
v -17.616428375244141 -3.5518581867218018 4.7220211029052734
v -18.348615646362305 -3.6994831562042236 5.1224679946899414
v -19.036872863769531 -3.8382506370544434 5.5137548446655273
v -19.769060134887695 -3.9858756065368652 5.9458332061767578
v -20.414588928222656 -4.1160287857055664 6.3402976989746094
v -21.075582504272461 -4.2492995262145996 6.7573437690734863
v -21.724960327148438 -4.3802280426025391 7.1800017356872559
v -22.363264083862305 -4.5089240074157715 7.6079511642456055
v -22.991020202636719 -4.6354937553405762 8.0409145355224609
v -23.608285903930664 -4.7599482536315918 8.4783306121826172
v -24.20611572265625 -4.8804831504821777 8.9130182266235352
v -24.812206268310547 -5.0026845932006836 9.3648099899291992
v -25.399917602539063 -5.1211800575256348 9.8135700225830078
v -25.979293823242188 -5.2379951477050781 10.266249656677246
v -26.550441741943359 -5.3531508445739746 10.722493171691895
v -27.090932846069336 -5.4621257781982422 11.163383483886719
v -27.65184211730957 -5.5752177238464355 11.630725860595703
v -28.194538116455078 -5.6846370697021484 12.09190845489502
v -28.738927841186523 -5.7943978309631348 12.563212394714355
v -29.287494659423828 -5.905001163482666 13.043875694274902
v 0 0 0
v -1.00531005859375 -0.23371712863445282 0.018339443951845169
v -2.0032727718353271 -0.4657261073589325 0.062194909900426865
v -2.9537274837493896 -0.68669033050537109 0.13208578526973724
v -3.9703965187072754 -0.92304819822311401 0.23654937744140625
v -4.9413747787475586 -1.148783802986145 0.36495795845985413
v -5.8638038635253906 -1.3632324934005737 0.5128638744354248
v -6.8422574996948242 -1.5907059907913208 0.69735342264175415
v -7.7686519622802734 -1.8060765266418457 0.89821350574493408
v -8.6786775588989258 -2.0176417827606201 1.1203241348266602
v -9.5707721710205078 -2.2250382900238037 1.3619154691696167
v -10.410798072814941 -2.4203295707702637 1.6109977960586548
v -11.299885749816895 -2.6270270347595215 1.897441029548645
v -12.137568473815918 -2.8217737674713135 2.1887881755828857
v -12.957754135131836 -3.0124528408050537 2.4942278861999512
v -13.760684013366699 -3.199120044708252 2.8125810623168945
v -14.550381660461426 -3.3827109336853027 3.1443512439727783
v -15.321552276611328 -3.5619945526123047 3.4862000942230225
v -16.049070358276367 -3.7311301231384277 3.8248789310455322
v -16.776590347290039 -3.9002656936645508 4.1792664527893066
v -17.504108428955078 -4.0694012641906738 4.5493626594543457
v -18.23162841796875 -4.2385368347167969 4.9351673126220703
v -18.915496826171875 -4.397524356842041 5.3121471405029297
v -19.643014907836914 -4.5666599273681641 5.7284269332885742
v -20.284429550170898 -4.7157773971557617 6.1084675788879395
v -20.941207885742188 -4.868466854095459 6.5102648735046387
v -21.586444854736328 -5.0184736251831055 6.9174680709838867
v -22.220680236816406 -5.1659221649169922 7.3297700881958008
v -22.844432830810547 -5.3109335899353027 7.7469024658203125
v -23.457763671875 -5.4535226821899414 8.1683244705200195
v -24.051780700683594 -5.5916213989257813 8.5871181488037109
v -24.654006958007813 -5.73162841796875 9.0223903656005859
v -25.237972259521484 -5.8673896789550781 9.454742431640625
v -25.813653945922852 -6.0012259483337402 9.8908700942993164
v -26.381160736083984 -6.1331615447998047 10.330430030822754
v -26.918205261230469 -6.2580151557922363 10.755199432373047
v -27.47553825378418 -6.3875856399536133 11.205453872680664
v -28.014774322509766 -6.5129485130310059 11.649773597717285
v -28.555692672729492 -6.638702392578125 12.10384464263916
v -29.100763320922852 -6.7654218673706055 12.566932678222656
v 0 0 0
v -0.99811547994613647 -0.26275092363357544 0.017568677663803101
v -1.9889360666275024 -0.52358150482177734 0.05958099290728569
v -2.9325888156890869 -0.77199524641036987 0.12653450667858124
v -3.9419817924499512 -1.037714958190918 0.22660772502422333
v -4.9060111045837402 -1.2914928197860718 0.34961956739425659
v -5.8218388557434082 -1.5325816869735718 0.49130928516387939
v -6.7932901382446289 -1.7883132696151733 0.66804516315460205
v -7.7130546569824219 -2.0304386615753174 0.86046350002288818
v -8.6165676116943359 -2.2682855129241943 1.0732393264770508
v -9.5022773742675781 -2.5014462471008301 1.3046771287918091
v -10.336292266845703 -2.7209980487823486 1.5432909727096558
v -11.219017028808594 -2.9533727169036865 1.8176957368850708
v -12.050704956054688 -3.1723120212554932 2.0967981815338135
v -12.865020751953125 -3.3866782188415527 2.3894007205963135
v -13.662204742431641 -3.5965344905853271 2.6943743228912354
v -14.446249961853027 -3.8029320240020752 3.0122010707855225
v -15.211901664733887 -4.0044875144958496 3.3396825790405273
v -15.934213638305664 -4.194633960723877 3.6641275882720947
v -16.656526565551758 -4.3847808837890625 4.0036211013793945
v -17.378839492797852 -4.5749273300170898 4.3581628799438477
v -18.101150512695313 -4.7650737762451172 4.7277531623840332
v -18.780124664306641 -4.9438118934631348 5.0888891220092773
v -19.502437591552734 -5.1339583396911621 5.487673282623291
v -20.139261245727539 -5.301600456237793 5.8517422676086426
v -20.791339874267578 -5.4732580184936523 6.2366528511047363
v -21.43195915222168 -5.6418991088867188 6.6267423629760742
v -22.061655044555664 -5.8076643943786621 7.0217156410217285
v -22.680944442749023 -5.9706907272338867 7.4213171005249023
v -23.289886474609375 -6.1309928894042969 7.8250274658203125
v -23.87965202331543 -6.2862467765808105 8.2262201309204102
v -24.477567672729492 -6.4436464309692383 8.6431989669799805
v -25.057352066040039 -6.5962729454040527 9.0573797225952148
v -25.628915786743164 -6.7467355728149414 9.4751777648925781
v -26.192359924316406 -6.8950605392456055 9.8962650299072266
v -26.725563049316406 -7.0354242324829102 10.303181648254395
v -27.278907775878906 -7.1810908317565918 10.734513282775879
v -27.81428337097168 -7.3220272064208984 11.160159111022949
v -28.351329803466797 -7.4634027481079102 11.595146179199219
v -28.892499923706055 -7.6058640480041504 12.038771629333496
v 0 0 0
v -0.99008315801620483 -0.29156413674354553 0.016714895144104958
v -1.9729301929473877 -0.58099734783172607 0.056685552000999451
v -2.9089887142181396 -0.85665208101272583 0.12038534134626389
v -3.9102587699890137 -1.1515105962753296 0.21559531986713409
v -4.8665299415588379 -1.4331176280975342 0.33262917399406433
v -5.7749876976013184 -1.7006442546844482 0.46743324398994446
v -6.7386212348937988 -1.9844194650650024 0.63558030128479004
v -7.6509838104248047 -2.2530961036682129 0.81864774227142334
v -8.5472259521484375 -2.5170254707336426 1.0210833549499512
v -9.4258079528808594 -2.775754451751709 1.2412739992141724
v -10.253110885620117 -3.0193822383880615 1.4682919979095459
v -11.128731727600098 -3.2772390842437744 1.7293615341186523
v -11.953726768493652 -3.5201871395111084 1.9949004650115967
v -12.761489868164063 -3.7580609321594238 2.2732837200164795
v -13.552257537841797 -3.9909298419952393 2.5634365081787109
v -14.329994201660156 -4.2199611663818359 2.8658177852630615
v -15.089483261108398 -4.4436192512512207 3.1773848533630371
v -15.805983543395996 -4.6546168327331543 3.48606276512146
v -16.522483825683594 -4.8656148910522461 3.8090579509735107
v -17.238983154296875 -5.0766129493713379 4.1463699340820313
v -17.955482482910156 -5.2876110076904297 4.4979996681213379
v -18.628992080688477 -5.4859495162963867 4.841585636138916
v -19.345491409301758 -5.6969475746154785 5.2209901809692383
v -19.977190017700195 -5.8829731941223145 5.5673661231994629
v -20.624021530151367 -6.0734543800354004 5.9335713386535645
v -21.259485244750977 -6.2605891227722168 6.3047037124633789
v -21.884113311767578 -6.4445323944091797 6.6804828643798828
v -22.498418807983398 -6.6254358291625977 7.0606646537780762
v -23.102460861206055 -6.803316593170166 7.444756031036377
v -23.687480926513672 -6.9755954742431641 7.8264522552490234
v -24.280584335327148 -7.1502561569213867 8.2231674194335938
v -24.855703353881836 -7.3196196556091309 8.6172199249267578
v -25.422666549682617 -7.4865813255310059 9.0147151947021484
v -25.981578826904297 -7.6511721611022949 9.4153375625610352
v -26.510488510131836 -7.8069281578063965 9.8024806976318359
v -27.059379577636719 -7.9685678482055664 10.212850570678711
v -27.590448379516602 -8.1249589920043945 10.61781120300293
v -28.123172760009766 -8.2818384170532227 11.031659126281738
v -28.659988403320313 -8.4399223327636719 11.453725814819336
v 0 0 0
v -0.98160618543624878 -0.31894317269325256 0.015821268782019615
v -1.9560381174087524 -0.63555532693862915 0.053654976189136505
v -2.8840823173522949 -0.93709516525268555 0.11394918709993362
v -3.8767795562744141 -1.2596420049667358 0.20406895875930786
v -4.8248634338378906 -1.5676931142807007 0.31484586000442505
v -5.7255430221557617 -1.8603416681289673 0.44244289398193359
v -6.6809258460998535 -2.1707644462585449 0.60160034894943237
v -7.5854768753051758 -2.4646708965301514 0.77488046884536743
v -8.4740447998046875 -2.7533841133117676 0.96649330854415894
v -9.3451051712036133 -3.0364089012145996 1.1749118566513062
v -10.165325164794922 -3.3029141426086426 1.389792799949646
v -11.033449172973633 -3.5849847793579102 1.6369048357009888
v -11.851380348205566 -3.8507468700408936 1.8882472515106201
v -12.652227401733398 -4.1109576225280762 2.1517472267150879
v -13.436224937438965 -4.3656940460205078 2.4263875484466553
v -14.207302093505859 -4.6162323951721191 2.7126026153564453
v -14.960289001464844 -4.8608927726745605 3.0075125694274902
v -15.670654296875 -5.0917043685913086 3.2996876239776611
v -16.381019592285156 -5.3225159645080566 3.6054143905639648
v -17.091384887695313 -5.5533275604248047 3.9246931076049805
v -17.801750183105469 -5.7841391563415527 4.2575230598449707
v -18.469493865966797 -6.0011019706726074 4.582740306854248
v -19.17985725402832 -6.2319135665893555 4.9418606758117676
v -19.806148529052734 -6.4354076385498047 5.2697186470031738
v -20.447441101074219 -6.6437764167785645 5.6163454055786133
v -21.077465057373047 -6.8484830856323242 5.9676361083984375
v -21.696744918823242 -7.0496997833251953 6.3233246803283691
v -22.305789947509766 -7.2475905418395996 6.6831808090209961
v -22.904659271240234 -7.4421753883361816 7.0467376708984375
v -23.484670639038086 -7.6306319236755371 7.408027172088623
v -24.072698593139648 -7.8216938972473145 7.7835326194763184
v -24.642892837524414 -8.0069608688354492 8.1565179824829102
v -25.205001831054688 -8.1896018981933594 8.5327615737915039
v -25.759126663208008 -8.3696479797363281 8.9119663238525391
v -26.283510208129883 -8.5400295257568359 9.2784109115600586
v -26.827701568603516 -8.7168483734130859 9.6668415069580078
v -27.354221343994141 -8.8879251480102539 10.050151824951172
v -27.88238525390625 -9.0595359802246094 10.441874504089355
v -28.414604187011719 -9.2324647903442383 10.841376304626465
v 0 0 0
v -0.97230249643325806 -0.34626886248588562 0.014849031344056129
v -1.9374988079071045 -0.69000697135925293 0.05035780742764473
v -2.8567469120025635 -1.0173814296722412 0.10694686323404312
v -3.8400354385375977 -1.3675627708435059 0.19152866303920746
v -4.7791333198547363 -1.7020063400268555 0.29549816250801086
v -5.6712760925292969 -2.0197277069091797 0.41525420546531677
v -6.6176042556762695 -2.3567461967468262 0.56463122367858887
v -7.5135817527770996 -2.6758332252502441 0.72726309299468994
v -8.3937282562255859 -2.9892823696136475 0.90710103511810303
v -9.2565326690673828 -3.2965552806854248 1.1027120351791382
v -10.068977355957031 -3.5858936309814453 1.3043882846832275
v -10.928874015808105 -3.8921308517456055 1.5363149642944336
v -11.739052772521973 -4.1806621551513672 1.772212028503418
v -12.532309532165527 -4.4631667137145996 2.019519567489624
v -13.308876037597656 -4.7397279739379883 2.2772829532623291
v -14.07264518737793 -5.0117311477661133 2.5459098815917969
v -14.818495750427246 -5.2773528099060059 2.8226971626281738
v -15.522128105163574 -5.5279393196105957 3.0969176292419434
v -16.225759506225586 -5.7785258293151855 3.3838570117950439
v -16.929391860961914 -6.0291128158569336 3.6835155487060547
v -17.633024215698242 -6.2796993255615234 3.9958930015563965
v -18.294439315795898 -6.5152506828308105 4.3011250495910645
v -18.998071670532227 -6.7658371925354004 4.6381769180297852
v -19.618425369262695 -6.9867658615112305 4.945887565612793
v -20.253639221191406 -7.2129864692687988 5.2712135314941406
v -20.877691268920898 -7.4352316856384277 5.600916862487793
v -21.49110221862793 -7.6536874771118164 5.934748649597168
v -22.094375610351563 -7.868532657623291 6.2724909782409668
v -22.687568664550781 -8.0797882080078125 6.6137065887451172
v -23.262083053588867 -8.2843914031982422 6.9527945518493652
v -23.844535827636719 -8.4918222427368164 7.3052248954772949
v -24.409326553344727 -8.692962646484375 7.6552901268005371
v -24.966108322143555 -8.8912515640258789 8.0084123611450195
v -25.514982223510742 -9.0867233276367188 8.3643150329589844
v -26.034393310546875 -9.271702766418457 8.7082414627075195
v -26.573427200317383 -9.4636707305908203 9.0728015899658203
v -27.094959259033203 -9.6494045257568359 9.4325571060180664
v -27.61811637878418 -9.8357181549072266 9.8002080917358398
v -28.145290374755859 -10.023462295532227 10.17516040802002
v 0 0 0
v -0.96288383007049561 -0.37165489792823792 0.013874129392206669
v -1.9187303781509399 -0.7405935525894165 0.047051604837179184
v -2.8290739059448242 -1.0919688940048218 0.09992535412311554
v -3.8028371334075928 -1.4678230285644531 0.17895399034023285
v -4.7328381538391113 -1.8267858028411865 0.27609747648239136
v -5.6163387298583984 -2.1678001880645752 0.38799101114273071
v -6.553499698638916 -2.5295264720916748 0.5275607705116272
v -7.4407978057861328 -2.872006893157959 0.67951518297195435
v -8.3124179840087891 -3.2084360122680664 0.8475460410118103
v -9.1668643951416016 -3.538236141204834 1.0303143262863159
v -9.971440315246582 -3.8487868309020996 1.2187496423721313
v -10.823005676269531 -4.1774754524230957 1.4354493618011475
v -11.625336647033691 -4.4871597290039063 1.6558587551116943
v -12.410908699035645 -4.7903757095336914 1.8869296312332153
v -13.179953575134277 -5.0872125625610352 2.1277697086334229
v -13.936324119567871 -5.3791570663452148 2.3787600994110107
v -14.674949645996094 -5.6642522811889648 2.6373751163482666
v -15.37176513671875 -5.9332098960876465 2.8935918807983398
v -16.068582534790039 -6.2021679878234863 3.1616926193237305
v -16.765398025512695 -6.471125602722168 3.4416770935058594
v -17.462213516235352 -6.7400836944580078 3.7335457801818848
v -18.117221832275391 -6.9929041862487793 4.01873779296875
v -18.814037322998047 -7.2618618011474609 4.3336610794067383
v -19.428382873535156 -7.4989871978759766 4.6211690902709961
v -20.057443618774414 -7.741793155670166 4.9251360893249512
v -20.675451278686523 -7.9803318977355957 5.2331929206848145
v -21.282918930053711 -8.2148036956787109 5.5451068878173828
v -21.880348205566406 -8.445399284362793 5.8606753349304199
v -22.467796325683594 -8.6721429824829102 6.1794886589050293
v -23.0367431640625 -8.8917465209960938 6.4963140487670898
v -23.613555908203125 -9.114384651184082 6.8256058692932129
v -24.172874450683594 -9.3302717208862305 7.1526875495910645
v -24.724262237548828 -9.5430965423583984 7.4826264381408691
v -25.267818450927734 -9.752899169921875 7.815162181854248
v -25.782199859619141 -9.9514408111572266 8.1365079879760742
v -26.316011428833008 -10.157482147216797 8.4771337509155273
v -26.832490921020508 -10.356832504272461 8.8132705688476563
v -27.350580215454102 -10.556805610656738 9.1567831039428711
v -27.872648239135742 -10.75831413269043 9.5071172714233398
v 0 0 0
v -0.95334792137145996 -0.39547407627105713 0.012896855361759663
v -1.8997281789779663 -0.78805774450302124 0.043737355619668961
v -2.8010561466217041 -1.1619524955749512 0.092886753380298615
v -3.7651758193969727 -1.5618950128555298 0.16634872555732727
v -4.6859664916992188 -1.9438635110855103 0.25664955377578735
v -5.5607171058654785 -2.3067333698272705 0.36066147685050964
v -6.4885969161987305 -2.6916425228118896 0.49040016531944275
v -7.3671083450317383 -3.0560722351074219 0.63165110349655151
v -8.2300968170166016 -3.4140627384185791 0.78784608840942383
v -9.0760812759399414 -3.7649996280670166 0.9577404260635376
v -9.8726882934570313 -4.0954532623291016 1.1329027414321899
v -10.7158203125 -4.4452071189880371 1.3343383073806763
v -11.51020622253418 -4.7747392654418945 1.5392224788665771
v -12.287998199462891 -5.0973882675170898 1.7540169954299927
v -13.049426078796387 -5.4132490158081055 1.9778927564620972
v -13.798306465148926 -5.7239041328430176 2.2112035751342773
v -14.529616355895996 -6.0272712707519531 2.4516022205352783
v -15.219532012939453 -6.3134660720825195 2.6897714138031006
v -15.909446716308594 -6.5996613502502441 2.9389874935150146
v -16.599361419677734 -6.8858566284179688 3.1992504596710205
v -17.289278030395508 -7.1720519065856934 3.4705600738525391
v -17.937797546386719 -7.441075325012207 3.7356636524200439
v -18.627712249755859 -7.7272706031799316 4.0284042358398438
v -19.235973358154297 -7.9795932769775391 4.2956604957580566
v -19.858804702758789 -8.2379598617553711 4.578216552734375
v -20.470691680908203 -8.4917869567871094 4.8645744323730469
v -21.0721435546875 -8.7412853240966797 5.154517650604248
v -21.663656234741211 -8.9866609573364258 5.4478578567504883
v -22.24528694152832 -9.227935791015625 5.7442145347595215
v -22.808599472045898 -9.461613655090332 6.0387229919433594
v -23.37969970703125 -9.6985206604003906 6.3448200225830078
v -23.933479309082031 -9.9282436370849609 6.6488628387451172
v -24.479406356811523 -10.154708862304688 6.9555611610412598
v -25.017580032348633 -10.377957344055176 7.2646732330322266
v -25.526866912841797 -10.58922290802002 7.5633840560913086
v -26.055391311645508 -10.808468818664551 7.8800168037414551
v -26.566755294799805 -11.020596504211426 8.1924762725830078
v -27.079713821411133 -11.23338508605957 8.5117921829223633
v -27.596612930297852 -11.447808265686035 8.8374500274658203
v 0 0 0
v -0.94322347640991211 -0.41904908418655396 0.01187005452811718
v -1.8795533180236816 -0.83503550291061401 0.040255144238471985
v -2.7713091373443604 -1.2312189340591431 0.085491441190242767
v -3.7251901626586914 -1.6550027132034302 0.15310463309288025
v -4.6362018585205078 -2.0597410202026367 0.23621603846549988
v -5.5016632080078125 -2.4442424774169922 0.33194690942764282
v -6.4196891784667969 -2.8520967960357666 0.45135623216629028
v -7.2888703346252441 -3.2382509708404541 0.58136129379272461
v -8.1426935195922852 -3.6175820827484131 0.72512060403823853
v -8.9796943664550781 -3.9894390106201172 0.88148856163024902
v -9.7678413391113281 -4.3395919799804688 1.0427050590515137
v -10.602020263671875 -4.7101950645446777 1.2281030416488647
v -11.387969017028809 -5.0593714714050293 1.4166750907897949
v -12.157501220703125 -5.4012537002563477 1.6143684387207031
v -12.910842895507813 -5.7359437942504883 1.8204199075698853
v -13.651769638061523 -6.0651178359985352 2.0351555347442627
v -14.375313758850098 -6.3865690231323242 2.2564144134521484
v -15.057902336120605 -6.6898250579833984 2.4756214618682861
v -15.740490913391113 -6.9930806159973145 2.70499587059021
v -16.423078536987305 -7.2963366508483887 2.9445374011993408
v -17.105667114257813 -7.5995926856994629 3.1942465305328369
v -17.74730110168457 -7.8846530914306641 3.4382433891296387
v -18.429889678955078 -8.1879091262817383 3.7076771259307861
v -19.03169059753418 -8.4552736282348633 3.953655481338501
v -19.647907257080078 -8.7290420532226563 4.2137155532836914
v -20.2532958984375 -8.9980001449584961 4.4772744178771973
v -20.848360061645508 -9.2623710632324219 4.744133472442627
v -21.433591842651367 -9.522374153137207 5.0141186714172363
v -22.009044647216797 -9.7780323028564453 5.2868804931640625
v -22.566375732421875 -10.025639533996582 5.5579414367675781
v -23.13140869140625 -10.276669502258301 5.839667797088623
v -23.67930793762207 -10.520086288452148 6.1195039749145508
v -24.219438552856445 -10.760051727294922 6.4017839431762695
v -24.751895904541016 -10.996607780456543 6.6862859725952148
v -25.255773544311523 -11.220467567443848 6.961214542388916
v -25.7786865234375 -11.452784538269043 7.2526378631591797
v -26.28462028503418 -11.677556991577148 7.5402202606201172
v -26.792131423950195 -11.903030395507813 7.834113597869873
v -27.303539276123047 -12.13023567199707 8.1338434219360352
v 0 0 0
v -0.93251657485961914 -0.44236528873443604 0.010796209797263145
v -1.8582178354263306 -0.88149750232696533 0.036613397300243378
v -2.7398509979248047 -1.299724817276001 0.077757313847541809
v -3.6829040050506592 -1.7470883131027222 0.13925376534461975
v -4.5835747718811035 -2.1743466854095459 0.21484635770320892
v -5.4392118453979492 -2.5802419185638428 0.30191677808761597
v -6.3468165397644043 -3.0107896327972412 0.41052356362342834
v -7.2061314582824707 -3.4184298515319824 0.52876746654510498
v -8.0502634048461914 -3.8188669681549072 0.65952134132385254
v -8.8777618408203125 -4.2114143371582031 0.80174320936203003
v -9.6569623947143555 -4.581049919128418 0.94837498664855957
v -10.481672286987305 -4.9722738265991211 1.1170006990432739
v -11.258699417114258 -5.3408784866333008 1.28851318359375
v -12.019495964050293 -5.7017836570739746 1.4683219194412231
v -12.764286994934082 -6.0550961494445801 1.6557326316833496
v -13.496803283691406 -6.402585506439209 1.8510417938232422
v -14.212133407592773 -6.7419223785400391 2.0522840023040771
v -14.88697338104248 -7.0620517730712891 2.2516601085662842
v -15.561814308166504 -7.3821811676025391 2.4602837562561035
v -16.236654281616211 -7.7023100852966309 2.6781549453735352
v -16.911493301391602 -8.0224399566650391 2.9052736759185791
v -17.545843124389648 -8.3233613967895508 3.1271970272064209
v -18.220684051513672 -8.6434907913208008 3.3722560405731201
v -18.815654754638672 -8.9257307052612305 3.5959815979003906
v -19.424875259399414 -9.2147321701049805 3.832514762878418
v -20.023391723632813 -9.4986553192138672 4.072230339050293
v -20.611701965332031 -9.7777366638183594 4.3149476051330566
v -21.190290451049805 -10.052206039428711 4.5605082511901855
v -21.759210586547852 -10.322089195251465 4.8085942268371582
v -22.310214996337891 -10.583474159240723 5.0551328659057617
v -22.86883544921875 -10.848470687866211 5.3113727569580078
v -23.410514831542969 -11.10543155670166 5.5658926963806152
v -23.944513320922852 -11.358748435974121 5.8226361274719238
v -24.470926284790039 -11.608468055725098 6.0813999176025391
v -24.969085693359375 -11.844782829284668 6.3314566612243652
v -25.486063003540039 -12.090025901794434 6.5965161323547363
v -25.986251831054688 -12.327304840087891 6.8580818176269531
v -26.488002777099609 -12.565323829650879 7.1253876686096191
v -26.993606567382813 -12.805171012878418 7.3980021476745605
v 0 0 0
v -0.92123329639434814 -0.46540802717208862 0.0096778096631169319
v -1.8357336521148682 -0.92741453647613525 0.03282054141163826
v -2.7066991329193115 -1.3674273490905762 0.069702282547950745
v -3.6383414268493652 -1.8380938768386841 0.12482819706201553
v -4.5281143188476563 -2.2876081466674805 0.19258999824523926
v -5.3733978271484375 -2.7146463394165039 0.27064061164855957
v -6.2700209617614746 -3.1676211357116699 0.36799660325050354
v -7.1189384460449219 -3.5964951515197754 0.47399139404296875
v -7.9528560638427734 -4.0177912712097168 0.59120023250579834
v -8.7703428268432617 -4.4307861328125 0.71868908405303955
v -9.5401144027709961 -4.8196759223937988 0.85013097524642944
v -10.354846000671387 -5.2312788963317871 1.0012884140014648
v -11.122470855712891 -5.6190838813781738 1.1550335884094238
v -11.874062538146973 -5.9987888336181641 1.3162155151367188
v -12.609841346740723 -6.3705048561096191 1.4842120409011841
v -13.333494186401367 -6.7360949516296387 1.6592886447906494
v -14.040168762207031 -7.0931081771850586 1.8396838903427124
v -14.706843376159668 -7.4299130439758301 2.0184063911437988
v -15.373517990112305 -7.7667174339294434 2.2054181098937988
v -16.040193557739258 -8.1035223007202148 2.4007196426391602
v -16.706867218017578 -8.4403266906738281 2.6043107509613037
v -17.333541870117188 -8.7569236755371094 2.8032445907592773
v -18.000217437744141 -9.0937280654907227 3.0229172706604004
v -18.587987899780273 -9.3906707763671875 3.2234666347503662
v -19.189838409423828 -9.6947259902954102 3.4354968070983887
v -19.781112670898438 -9.993438720703125 3.6503798961639404
v -20.3623046875 -10.287056922912598 3.8679535388946533
v -20.933891296386719 -10.575823783874512 4.088076114654541
v -21.495927810668945 -10.85976505279541 4.310462474822998
v -22.040266036987305 -11.134765625 4.5314617156982422
v -22.592126846313477 -11.413565635681152 4.7611570358276367
v -23.127250671386719 -11.683911323547363 4.9893112182617188
v -23.654788970947266 -11.950424194335938 5.2194576263427734
v -24.174833297729492 -12.213150978088379 5.4514155387878418
v -24.666963577270508 -12.461775779724121 5.6755685806274414
v -25.177684783935547 -12.719793319702148 5.9131698608398438
v -25.671823501586914 -12.96943187713623 6.1476397514343262
v -26.167503356933594 -13.219849586486816 6.3872547149658203
v -26.666988372802734 -13.472189903259277 6.6316285133361816
v 0 0 0
v -0.90997123718261719 -0.48705965280532837 0.0085749411955475807
v -1.8132917881011963 -0.97055959701538086 0.029080364853143692
v -2.6736099720001221 -1.4310425519943237 0.061759117990732193
v -3.593862771987915 -1.9236054420471191 0.110602967441082
v -4.4727578163146973 -2.3940317630767822 0.17064274847507477
v -5.3077082633972168 -2.8409366607666016 0.23979884386062622
v -6.1933703422546387 -3.3149847984313965 0.32606029510498047
v -7.0319094657897949 -3.7638108730316162 0.41997608542442322
v -7.8556323051452637 -4.2047061920166016 0.52382797002792358
v -8.6631250381469727 -4.6369147300720215 0.63678836822509766
v -9.4234867095947266 -5.0438961982727051 0.75325137376785278
v -10.22825813293457 -5.4746475219726563 0.88718312978744507
v -10.986498832702637 -5.8804941177368164 1.0234076976776123
v -11.728901863098145 -6.2778635025024414 1.1662216186523438
v -12.455685615539551 -6.666872501373291 1.3150734901428223
v -13.170492172241211 -7.0494709014892578 1.4701987504959106
v -13.868528366088867 -7.4230928421020508 1.6300363540649414
v -14.527052879333496 -7.7755661010742188 1.7883918285369873
v -15.185577392578125 -8.1280393600463867 1.9540921449661255
v -15.844101905822754 -8.4805135726928711 2.1271374225616455
v -16.502626419067383 -8.8329868316650391 2.3075275421142578
v -17.121639251708984 -9.1643123626708984 2.4837911128997803
v -17.78016471862793 -9.5167856216430664 2.6784303188323975
v -18.360750198364258 -9.8275423049926758 2.8561253547668457
v -18.955242156982422 -10.145743370056152 3.0439929962158203
v -19.539287567138672 -10.458352088928223 3.2343883514404297
v -20.113374710083008 -10.765630722045898 3.4271676540374756
v -20.677974700927734 -11.067831039428711 3.6222052574157715
v -21.23314094543457 -11.364981651306152 3.8192489147186279
v -21.770822525024414 -11.652774810791016 4.0150632858276367
v -22.315937042236328 -11.944545745849609 4.2185831069946289
v -22.844520568847656 -12.227468490600586 4.4207367897033691
v -23.365610122680664 -12.506380081176758 4.6246562004089355
v -23.879295349121094 -12.781329154968262 4.8301806449890137
v -24.365409851074219 -13.041521072387695 5.0287895202636719
v -24.869888305664063 -13.311541557312012 5.239314079284668
v -25.35798454284668 -13.572793960571289 5.4470639228820801
v -25.847604751586914 -13.834861755371094 5.6593732833862305
v -26.340984344482422 -14.098941802978516 5.8758983612060547
v 0 0 0
v -0.89839661121368408 -0.50809133052825928 0.0074555124156177044
v -1.7902271747589111 -1.0124692916870117 0.025284023955464363
v -2.6396021842956543 -1.4928362369537354 0.053696680814027786
v -3.548149585723877 -2.0066685676574707 0.096164137125015259
v -4.415865421295166 -2.4974081516265869 0.14836592972278595
v -5.2401952743530273 -2.9636108875274658 0.20849393308162689
v -6.1145915985107422 -3.4581289291381836 0.2834942638874054
v -6.9424653053283691 -3.9263355731964111 0.36514967679977417
v -7.7557106018066406 -4.3862695693969727 0.45544406771659851
v -8.5529317855834961 -4.8371405601501465 0.5536578893661499
v -9.3036222457885742 -5.2616963386535645 0.65491700172424316
v -10.098156929016113 -5.7110481262207031 0.77136445045471191
v -10.846753120422363 -6.1344194412231445 0.88980543613433838
v -11.579712867736816 -6.5489473342895508 1.0139755010604858
v -12.297252655029297 -6.9547543525695801 1.1433953046798706
v -13.002965927124023 -7.3538732528686523 1.2782694101333618
v -13.692123413085938 -7.7436285018920898 1.4172407388687134
v -14.34227180480957 -8.1113224029541016 1.5549235343933105
v -14.992420196533203 -8.4790163040161133 1.6989922523498535
v -15.642568588256836 -8.8467092514038086 1.8494470119476318
v -16.292716979980469 -9.2144031524658203 2.0062878131866455
v -16.90385627746582 -9.5600357055664063 2.1595408916473389
v -17.554004669189453 -9.9277286529541016 2.328770637512207
v -18.127204895019531 -10.251904487609863 2.4832682609558105
v -18.714136123657227 -10.583845138549805 2.6466102600097656
v -19.290752410888672 -10.909953117370605 2.812150239944458
v -19.857538223266602 -11.230500221252441 2.9797627925872803
v -20.414955139160156 -11.545749664306641 3.149338960647583
v -20.963058471679688 -11.855731964111328 3.3206591606140137
v -21.493904113769531 -12.155952453613281 3.4909110069274902
v -22.032083511352539 -12.460322380065918 3.6678617000579834
v -22.553943634033203 -12.755461692810059 3.8436250686645508
v -23.068403244018555 -13.046417236328125 4.0209236145019531
v -23.575555801391602 -13.33323860168457 4.1996173858642578
v -24.055486679077148 -13.604665756225586 4.3722987174987793
v -24.553548812866211 -13.886345863342285 4.5553398132324219
v -25.035436630249023 -14.158879280090332 4.735969066619873
v -25.518829345703125 -14.432263374328613 4.9205617904663086
v -26.005931854248047 -14.707746505737305 5.1088204383850098
v 0 0 0
v -0.88675034046173096 -0.52815335988998413 0.0063436301425099373
v -1.7670198678970337 -1.052446722984314 0.021513275802135468
v -2.6053841114044189 -1.5517810583114624 0.045688595622777939
v -3.5021536350250244 -2.0859019756317139 0.08182264119386673
v -4.3586211204528809 -2.5960185527801514 0.12623928487300873
v -5.1722650527954102 -3.0806293487548828 0.17740006744861603
v -6.0353260040283203 -3.5946733951568604 0.24121516942977905
v -6.8524675369262695 -4.0813674926757813 0.31069284677505493
v -7.6551704406738281 -4.5594615936279297 0.38752114772796631
v -8.4420576095581055 -5.0281357765197754 0.47108778357505798
v -9.1830167770385742 -5.4694547653198242 0.55724555253982544
v -9.9672508239746094 -5.936549186706543 0.6563265323638916
v -10.706142425537109 -6.3766374588012695 0.75710374116897583
v -11.429600715637207 -6.8075332641601563 0.86275565624237061
v -12.137839317321777 -7.2293634414672852 0.97287434339523315
v -12.834403991699219 -7.6442418098449707 1.0876339673995972
v -13.514627456665039 -8.0493860244750977 1.2058796882629395
v -14.15634822845459 -8.4315986633300781 1.3230290412902832
v -14.798068046569824 -8.8138103485107422 1.4456119537353516
v -15.439788818359375 -9.1960229873657227 1.5736286640167236
v -16.081508636474609 -9.5782346725463867 1.7070788145065308
v -16.684724807739258 -9.9375143051147461 1.8374764919281006
v -17.326446533203125 -10.31972599029541 1.9814679622650146
v -17.892215728759766 -10.656702041625977 2.1129245758056641
v -18.471538543701172 -11.001749038696289 2.2519066333770752
v -19.040679931640625 -11.340733528137207 2.3927586078643799
v -19.600116729736328 -11.673937797546387 2.5353741645812988
v -20.150308609008789 -12.00163459777832 2.6796605587005615
v -20.691307067871094 -12.323856353759766 2.8254306316375732
v -21.21527099609375 -12.635931015014648 2.9702918529510498
v -21.746475219726563 -12.952319145202637 3.1208529472351074
v -22.261569976806641 -13.259112358093262 3.2704038619995117
v -22.769359588623047 -13.561555862426758 3.4212608337402344
v -23.269937515258789 -13.859703063964844 3.5733051300048828
v -23.743648529052734 -14.141846656799316 3.7202332019805908
v -24.235252380371094 -14.434649467468262 3.8759765625
v -24.710893630981445 -14.717944145202637 4.0296673774719238
v -25.188020706176758 -15.00212287902832 4.1867308616638184
v -25.668807983398438 -15.288483619689941 4.3469133377075195
v 0 0 0
v -0.87478107213973999 -0.54775011539459229 0.0052160755731165409
v -1.7431687116622925 -1.0914969444274902 0.017689378932118416
v -2.5702168941497803 -1.6093586683273315 0.037567630410194397
v -3.4548819065093994 -2.1632976531982422 0.067278996109962463
v -4.2997889518737793 -2.6923420429229736 0.10380076617002487
v -5.1024503707885742 -3.1949336528778076 0.14586791396141052
v -5.9538617134094238 -3.7280509471893311 0.19834014773368835
v -6.7599735260009766 -4.2328033447265625 0.2554684579372406
v -7.5518417358398438 -4.7286367416381836 0.31864082813262939
v -8.3281068801879883 -5.2147006988525391 0.38735383749008179
v -9.0590648651123047 -5.6723947525024414 0.45819741487503052
v -9.8327140808105469 -6.1568202972412109 0.53966718912124634
v -10.56163215637207 -6.6132378578186035 0.62253165245056152
v -11.275325775146484 -7.0601215362548828 0.70940428972244263
v -11.974003791809082 -7.4976034164428711 0.79994982481002808
v -12.661167144775391 -7.9278755187988281 0.89431136846542358
v -13.332208633422852 -8.348052978515625 0.99153947830200195
v -13.965267181396484 -8.7444467544555664 1.087865948677063
v -14.598324775695801 -9.1408405303955078 1.1886602640151978
v -15.231383323669434 -9.5372343063354492 1.2939224243164063
v -15.864441871643066 -9.9336280822753906 1.4036524295806885
v -16.459516525268555 -10.306238174438477 1.510872483253479
v -17.092575073242188 -10.702631950378418 1.629270076751709
v -17.650707244873047 -11.05211067199707 1.7373607158660889
v -18.222211837768555 -11.409960746765137 1.8516392707824707
v -18.783670425415039 -11.761523246765137 1.9674553871154785
v -19.335556030273438 -12.107089996337891 2.084721565246582
v -19.878322601318359 -12.446946144104004 2.2033617496490479
v -20.412017822265625 -12.781124114990234 2.3232219219207764
v -20.928909301757813 -13.104778289794922 2.4423344135284424
v -21.45294189453125 -13.432905197143555 2.566133975982666
v -21.961084365844727 -13.751082420349121 2.6891026496887207
v -22.462020874023438 -14.064746856689453 2.8131453990936279
v -22.955842971801758 -14.373956680297852 2.9381644725799561
v -23.423158645629883 -14.666569709777832 3.0589768886566162
v -23.908126831054688 -14.970235824584961 3.187037467956543
v -24.377349853515625 -15.264041900634766 3.3134102821350098
v -24.848033905029297 -15.558765411376953 3.4425561428070068
v -25.322334289550781 -15.855751037597656 3.5742669105529785
v 0 0 0
v -0.86237919330596924 -0.56707596778869629 0.0040639969520270824
v -1.7184556722640991 -1.1300073862075806 0.013782312162220478
v -2.5337786674499512 -1.6661404371261597 0.02927003987133503
v -3.4059016704559326 -2.2396237850189209 0.052419036626815796
v -4.2388300895690918 -2.7873337268829346 0.080874212086200714
v -5.0301122665405273 -3.3076581954956055 0.11364996433258057
v -5.8694534301757813 -3.8595850467681885 0.15453261137008667
v -6.6641368865966797 -4.382145881652832 0.19904294610023499
v -7.4447784423828125 -4.8954739570617676 0.24826239049434662
v -8.2100391387939453 -5.3986868858337402 0.30179870128631592
v -8.930633544921875 -5.8725295066833496 0.35699501633644104
v -9.6933145523071289 -6.374046802520752 0.4204704761505127
v -10.411898612976074 -6.8465676307678223 0.48503261804580688
v -11.115473747253418 -7.3092184066772461 0.55271768569946289
v -11.80424690246582 -7.7621355056762695 0.62326431274414063
v -12.481667518615723 -8.2075881958007813 0.69678419828414917
v -13.143196105957031 -8.6425905227661133 0.77253741025924683
v -13.767279624938965 -9.0529699325561523 0.84758824110031128
v -14.391363143920898 -9.4633493423461914 0.92612004280090332
v -15.015446662902832 -9.8737287521362305 1.0081328153610229
v -15.639530181884766 -10.28410816192627 1.0936267375946045
v -16.226167678833008 -10.669864654541016 1.1771649122238159
v -16.850252151489258 -11.080244064331055 1.2694119215011597
v -17.400472640991211 -11.44205379486084 1.3536285161972046
v -17.963872909545898 -11.812529563903809 1.4426662921905518
v -18.517372131347656 -12.176495552062988 1.5329020023345947
v -19.061433792114258 -12.534255027770996 1.624267578125
v -19.596504211425781 -12.886101722717285 1.7167035341262817
v -20.122634887695313 -13.232069969177246 1.8100900650024414
v -20.632196426391602 -13.567143440246582 1.9028942584991455
v -21.148801803588867 -13.906847953796387 1.9993500709533691
v -21.649740219116211 -14.236250877380371 2.095158576965332
v -22.143575668334961 -14.560982704162598 2.1918039321899414
v -22.630395889282227 -14.881101608276367 2.2892098426818848
v -23.091085433959961 -15.184039115905762 2.383338451385498
v -23.569179534912109 -15.498419761657715 2.4831142425537109
v -24.031747817993164 -15.802592277526855 2.5815749168395996
v -24.495761871337891 -16.10771369934082 2.6821963787078857
v -24.963335037231445 -16.415176391601563 2.7848160266876221
v 0 0 0
v -0.84955072402954102 -0.58612120151519775 0.0028896399307996035
v -1.6928924322128296 -1.1679587364196777 0.0097996918484568596
v -2.4960868358612061 -1.7220978736877441 0.020811993628740311
v -3.3552365303039551 -2.3148415088653564 0.037271715700626373
v -4.1757745742797852 -2.8809463977813721 0.057504311203956604
v -4.9552855491638184 -3.4187459945678711 0.080808989703655243
v -5.7821412086486816 -3.9892091751098633 0.10987793654203415
v -6.5650029182434082 -4.5293207168579102 0.14152629673480988
v -7.3340320587158203 -5.0598883628845215 0.17652298510074615
v -8.0879087448120117 -5.5800023078918457 0.21458913385868073
v -8.7977838516235352 -6.069758415222168 0.25383558869361877
v -9.5491189956665039 -6.5881190299987793 0.29896879196166992
v -10.257014274597168 -7.0765094757080078 0.34487465023994446
v -10.950122833251953 -7.5546984672546387 0.3930010199546814
v -11.628649711608887 -8.0228271484375 0.44316211342811584
v -12.295993804931641 -8.4832401275634766 0.49543720483779907
v -12.947681427001953 -8.9328527450561523 0.54930037260055542
v -13.562481880187988 -9.3570146560668945 0.60266405344009399
v -14.177281379699707 -9.7811765670776367 0.65850281715393066
v -14.792080879211426 -10.205338478088379 0.71681672334671021
v -15.406880378723145 -10.629500389099121 0.77760577201843262
v -15.984792709350586 -11.028212547302246 0.83700424432754517
v -16.599592208862305 -11.452374458312988 0.90259504318237305
v -17.141628265380859 -11.826335906982422 0.96247589588165283
v -17.696647644042969 -12.209254264831543 1.0257847309112549
v -18.241912841796875 -12.585443496704102 1.0899454355239868
v -18.777881622314453 -12.955218315124512 1.1549093723297119
v -19.30499267578125 -13.318881988525391 1.2206345796585083
v -19.823295593261719 -13.676469802856445 1.2870355844497681
v -20.325279235839844 -14.022796630859375 1.3530224561691284
v -20.834197998046875 -14.373909950256348 1.4216058254241943
v -21.32768440246582 -14.714375495910645 1.4897289276123047
v -21.814172744750977 -15.050013542175293 1.5584471225738525
v -22.293752670288086 -15.380884170532227 1.6277060508728027
v -22.747589111328125 -15.693995475769043 1.6946345567703247
v -23.218570709228516 -16.01893424987793 1.7655785083770752
v -23.674259185791016 -16.333322525024414 1.8355873823165894
v -24.131368637084961 -16.648691177368164 1.9071327447891235
v -24.591987609863281 -16.966480255126953 1.9800988435745239
v 0 0 0
v -0.83630150556564331 -0.60487622022628784 0.0016952495789155364
v -1.6664907932281494 -1.205331563949585 0.0057491324841976166
v -2.4571590423583984 -1.7772023677825928 0.012209660373628139
v -3.3029098510742188 -2.3889129161834717 0.021865997463464737
v -4.1106510162353516 -2.9731323719024658 0.033735744655132294
v -4.8780055046081543 -3.5281405448913574 0.047407772392034531
v -5.6919655799865723 -4.1168580055236816 0.064461499452590942
v -6.462618350982666 -4.6742520332336426 0.08302847295999527
v -7.2196540832519531 -5.221796989440918 0.10355979204177856
v -7.9617733955383301 -5.7585535049438477 0.12589184939861298
v -8.6605777740478516 -6.263981819152832 0.14891636371612549
v -9.4001951217651367 -6.7989287376403809 0.17539441585540771
v -10.097050666809082 -7.3029470443725586 0.20232576131820679
v -10.779350280761719 -7.7964372634887695 0.2305598109960556
v -11.447295188903809 -8.2795448303222656 0.25998753309249878
v -12.104231834411621 -8.7546911239624023 0.29065549373626709
v -12.745756149291992 -9.2186899185180664 0.32225510478019714
v -13.350967407226563 -9.6564245223999023 0.35356166958808899
v -13.956178665161133 -10.094159126281738 0.38632029294967651
v -14.56139087677002 -10.531893730163574 0.4205310046672821
v -15.16660213470459 -10.96962833404541 0.45619377493858337
v -15.735501289367676 -11.381098747253418 0.49104079604148865
v -16.34071159362793 -11.818833351135254 0.52952057123184204
v -16.874294281005859 -12.20475959777832 0.56465059518814087
v -17.420658111572266 -12.599931716918945 0.6017916202545166
v -17.957420349121094 -12.988158226013184 0.63943243026733398
v -18.485031127929688 -13.369765281677246 0.67754453420639038
v -19.003921508789063 -13.745065689086914 0.71610313653945923
v -19.514141082763672 -14.114095687866211 0.75505822896957397
v -20.008295059204102 -14.471504211425781 0.793770432472229
v -20.50927734375 -14.833853721618652 0.83400583267211914
v -20.995067596435547 -15.185213088989258 0.87397128343582153
v -21.473968505859375 -15.531591415405273 0.91428577899932861
v -21.946067810058594 -15.873048782348633 0.9549175500869751
v -22.392827987670898 -16.196178436279297 0.99418216943740845
v -22.856464385986328 -16.531515121459961 1.0358024835586548
v -23.305046081542969 -16.855962753295898 1.0768742561340332
v -23.755027770996094 -17.181423187255859 1.1188472509384155
v -24.208463668823242 -17.509382247924805 1.1616538763046265
v 0 0 0
v -0.82303535938262939 -0.62280619144439697 0.00051809713477268815
v -1.6400555372238159 -1.2410604953765869 0.0017570327036082745
v -2.4181814193725586 -1.8298828601837158 0.0037314798682928085
v -3.2505161762237549 -2.459726095199585 0.0066826208494603634
v -4.0454444885253906 -3.0612630844116211 0.01031021773815155
v -4.800626277923584 -3.6327230930328369 0.014488622546195984
v -5.6016745567321777 -4.2388916015625 0.019700530916452408
v -6.360102653503418 -4.8128080368041992 0.025374913588166237
v -7.1051297187805176 -5.3765835762023926 0.0316496342420578
v -7.8354768753051758 -5.9292511940002441 0.038474690169095993
v -8.5231962203979492 -6.4496612548828125 0.04551137238740921
v -9.2510814666748047 -7.0004658699035645 0.053603518754243851
v -9.9368829727172852 -7.5194239616394043 0.061834193766117096
v -10.608359336853027 -8.0275430679321289 0.070463001728057861
v -11.265707969665527 -8.5249710083007813 0.079456612467765808
v -11.912223815917969 -9.0142011642456055 0.088829264044761658
v -12.543571472167969 -9.4919538497924805 0.098486639559268951
v -13.139183044433594 -9.9426641464233398 0.10805445909500122
v -13.734793663024902 -10.393374443054199 0.11806605756282806
v -14.330405235290527 -10.844084739685059 0.12852142751216888
v -14.926016807556152 -11.294794082641602 0.13942058384418488
v -15.485891342163086 -11.718461990356445 0.15007041394710541
v -16.081502914428711 -12.169172286987305 0.16183049976825714
v -16.606620788574219 -12.56653881072998 0.17256681621074677
v -17.144317626953125 -12.973423957824707 0.18391776084899902
v -17.672565460205078 -13.37315845489502 0.19542142748832703
v -18.191804885864258 -13.766077995300293 0.20706912875175476
v -18.702465057373047 -14.15250301361084 0.21885329484939575
v -19.204591751098633 -14.532471656799316 0.23075863718986511
v -19.690906524658203 -14.90047550201416 0.24258974194526672
v -20.183942794799805 -15.273564338684082 0.25488638877868652
v -20.662025451660156 -15.635339736938477 0.26710048317909241
v -21.133331298828125 -15.991985321044922 0.27942126989364624
v -21.597942352294922 -16.343564987182617 0.29183906316757202
v -22.037614822387695 -16.676273345947266 0.30383896827697754
v -22.493896484375 -17.021549224853516 0.316558837890625
v -22.935361862182617 -17.355615615844727 0.32911106944084167
v -23.378204345703125 -17.690723419189453 0.34193876385688782
v -23.824447631835938 -18.028402328491211 0.35502120852470398
v 0 0 0
v -0.80948448181152344 -0.64031887054443359 -0.00066493084887042642
v -1.6130527257919312 -1.2759579420089722 -0.0022549929562956095
v -2.3783671855926514 -1.8813374042510986 -0.0047890176065266132
v -3.1969978809356689 -2.5288910865783691 -0.0085765402764081955
v -3.9788382053375244 -3.1473429203033447 -0.013232233934104443
v -4.7215862274169922 -3.7348718643188477 -0.018594838678836823
v -5.5094456672668457 -4.3580846786499023 -0.025283852592110634
v -6.2553863525390625 -4.9481391906738281 -0.032566409558057785
v -6.9881467819213867 -5.5277681350708008 -0.040619447827339172
v -7.7064695358276367 -6.0959758758544922 -0.049378793686628342
v -8.3828659057617188 -6.631019115447998 -0.058409739285707474
v -9.0987672805786133 -7.1973118782043457 -0.068795278668403625
v -9.7732763290405273 -7.7308626174926758 -0.079358607530593872
v -10.433697700500488 -8.2532691955566406 -0.090432897210121155
v -11.08022403717041 -8.7646846771240234 -0.10197538882493973
v -11.716094970703125 -9.2676715850830078 -0.11400433629751205
v -12.337047576904297 -9.7588586807250977 -0.1263987123966217
v -12.922852516174316 -10.22224235534668 -0.13867814838886261
v -13.508657455444336 -10.685626029968262 -0.15152712166309357
v -14.094462394714355 -11.149009704589844 -0.16494566202163696
v -14.680266380310059 -11.612392425537109 -0.17893372476100922
v -15.230922698974609 -12.0479736328125 -0.19260182976722717
v -15.816727638244629 -12.511357307434082 -0.20769482851028442
v -16.333200454711914 -12.919897079467773 -0.22147393226623535
v -16.862043380737305 -13.338223457336426 -0.2360418438911438
v -17.381593704223633 -13.749198913574219 -0.25080576539039612
v -17.89228630065918 -14.153165817260742 -0.26575452089309692
v -18.394536972045898 -14.550457000732422 -0.2808784544467926
v -18.888397216796875 -14.941110610961914 -0.29615789651870728
v -19.366704940795898 -15.319461822509766 -0.3113420307636261
v -19.85162353515625 -15.703042030334473 -0.32712364196777344
v -20.321834564208984 -16.074989318847656 -0.34279936552047729
v -20.785381317138672 -16.44166374206543 -0.35861200094223022
v -21.242341995239258 -16.803129196166992 -0.37454909086227417
v -21.674776077270508 -17.145193099975586 -0.38994988799095154
v -22.123544692993164 -17.500179290771484 -0.4062747061252594
v -22.557741165161133 -17.843637466430664 -0.4223843514919281
v -22.993293762207031 -18.188167572021484 -0.43884754180908203
v -23.43218994140625 -18.535343170166016 -0.45563766360282898
v 0 0 0
v -0.79570251703262329 -0.65736579895019531 -0.0018480065045878291
v -1.5855895280838013 -1.309927225112915 -0.0062671802006661892
v -2.337874174118042 -1.9314234256744385 -0.013309857808053493
v -3.1425671577453613 -2.5962166786193848 -0.023836316540837288
v -3.9110960960388184 -3.2311332225799561 -0.036775633692741394
v -4.6411981582641602 -3.834303617477417 -0.05167962983250618
v -5.4156441688537598 -4.4741082191467285 -0.070270046591758728
v -6.1488847732543945 -5.079871654510498 -0.090510070323944092
v -6.8691697120666504 -5.674931526184082 -0.11289144307374954
v -7.5752620697021484 -6.2582664489746094 -0.13723582029342651
v -8.240142822265625 -6.807553768157959 -0.16233503818511963
v -8.9438552856445313 -7.3889226913452148 -0.19119898974895477
v -9.6068801879882813 -7.9366779327392578 -0.22055709362030029
v -10.256057739257813 -8.472991943359375 -0.2513352632522583
v -10.891575813293457 -8.9980230331420898 -0.28341469168663025
v -11.516621589660645 -9.5144014358520508 -0.31684610247612
v -12.127001762390137 -10.018664360046387 -0.35129311680793762
v -12.70283317565918 -10.494384765625 -0.38542068004608154
v -13.278664588928223 -10.970104217529297 -0.42113116383552551
v -13.854495048522949 -11.44582462310791 -0.45842456817626953
v -14.430326461791992 -11.921544075012207 -0.49730086326599121
v -14.971607208251953 -12.368721008300781 -0.53528791666030884
v -15.547438621520996 -12.844441413879395 -0.57723504304885864
v -16.055116653442383 -13.263857841491699 -0.61553055047988892
v -16.574956893920898 -13.693321228027344 -0.65601837635040283
v -17.085662841796875 -14.115237236022949 -0.69705092906951904
v -17.587657928466797 -14.529959678649902 -0.73859721422195435
v -18.08135986328125 -14.937828063964844 -0.78063029050827026
v -18.566810607910156 -15.338881492614746 -0.82309561967849731
v -19.03697395324707 -15.727304458618164 -0.8652961254119873
v -19.513637542724609 -16.121097564697266 -0.90915709733963013
v -19.97584342956543 -16.502946853637695 -0.95272380113601685
v -20.431497573852539 -16.879383087158203 -0.99667096138000488
v -20.880678176879883 -17.250471115112305 -1.0409640073776245
v -21.305749893188477 -17.601642608642578 -1.0837666988372803
v -21.746877670288086 -17.96607780456543 -1.129137396812439
v -22.173683166503906 -18.318681716918945 -1.1739100217819214
v -22.601818084716797 -18.672384262084961 -1.2196652889251709
v -23.033243179321289 -19.028802871704102 -1.2663291692733765
v 0 0 0
v -0.78164428472518921 -0.67402094602584839 -0.0030338738579303026
v -1.5575758218765259 -1.3431158065795898 -0.010288835503160954
v -2.2965691089630127 -1.980358362197876 -0.021850805729627609
v -3.0870451927185059 -2.6619949340820313 -0.039132103323936462
v -3.8419959545135498 -3.3129978179931641 -0.060374591499567032
v -4.5591988563537598 -3.931450366973877 -0.084842495620250702
v -5.3199620246887207 -4.5874652862548828 -0.11536239832639694
v -6.040247917175293 -5.2085762023925781 -0.14859046041965485
v -6.7478070259094238 -5.8187127113342285 -0.1853339821100235
v -7.4414243698120117 -6.4168272018432617 -0.22530016303062439
v -8.0945577621459961 -6.9800314903259277 -0.26650556921958923
v -8.7858371734619141 -7.5761299133300781 -0.31389155983924866
v -9.4371490478515625 -8.1377639770507813 -0.36208879947662354
v -10.074855804443359 -8.6876659393310547 -0.41261735558509827
v -10.69914722442627 -9.2259988784790039 -0.46528217196464539
v -11.313148498535156 -9.7554597854614258 -0.52016657590866089
v -11.912745475769043 -10.272499084472656 -0.57671821117401123
v -12.478403091430664 -10.760272026062012 -0.63274550437927246
v -13.044060707092285 -11.248044967651367 -0.69137144088745117
v -13.609718322753906 -11.735817909240723 -0.75259602069854736
v -14.175374984741211 -12.223590850830078 -0.81641930341720581
v -14.707093238830566 -12.682098388671875 -0.87878262996673584
v -15.272750854492188 -13.16987133026123 -0.94764727354049683
v -15.77146053314209 -13.599913597106934 -1.0105171203613281
v -16.282115936279297 -14.040258407592773 -1.0769859552383423
v -16.783798217773438 -14.472864151000977 -1.1443490982055664
v -17.276926040649414 -14.898094177246094 -1.2125557661056519
v -17.761903762817383 -15.316295623779297 -1.2815614938735962
v -18.238777160644531 -15.727510452270508 -1.3512768745422363
v -18.700634002685547 -16.125774383544922 -1.4205573797225952
v -19.168874740600586 -16.529544830322266 -1.4925640821456909
v -19.622917175292969 -16.921070098876953 -1.5640875101089478
v -20.070518493652344 -17.307043075561523 -1.6362355947494507
v -20.511764526367188 -17.687532424926758 -1.7089515924453735
v -20.929325103759766 -18.047601699829102 -1.7792208194732666
v -21.362659454345703 -18.421270370483398 -1.853705883026123
v -21.781925201416016 -18.782806396484375 -1.9272092580795288
v -22.202495574951172 -19.145471572875977 -2.0023255348205566
v -22.626296997070313 -19.510919570922852 -2.0789337158203125
v 0 0 0
v -0.76723784208297729 -0.69037586450576782 -0.0042271786369383335
v -1.5288681983947754 -1.3757060766220093 -0.014335713349282742
v -2.2542412281036377 -2.0284111499786377 -0.030445320531725883
v -3.0301480293273926 -2.7265875339508057 -0.05452381819486618
v -3.7711842060089111 -3.3933866024017334 -0.084121555089950562
v -4.4751687049865723 -4.0268459320068359 -0.11821335554122925
v -5.2219099998474121 -4.6987786293029785 -0.16073755919933319
v -5.9289202690124512 -5.3349604606628418 -0.2070351243019104
v -6.6234383583068848 -5.9599018096923828 -0.25823086500167847
v -7.3042721748352051 -6.5725293159484863 -0.31391683220863342
v -7.9453673362731934 -7.1493997573852539 -0.37132945656776428
v -8.623906135559082 -7.7599620819091797 -0.43735364079475403
v -9.2632131576538086 -8.3352231979370117 -0.50450813770294189
v -9.8891668319702148 -8.8984689712524414 -0.57491093873977661
v -10.501951217651367 -9.449864387512207 -0.64829027652740479
v -11.104636192321777 -9.9921731948852539 -0.72476214170455933
v -11.693181991577148 -10.521758079528809 -0.80355715751647949
v -12.248414039611816 -11.021367073059082 -0.88162142038345337
v -12.803646087646484 -11.520975112915039 -0.96330654621124268
v -13.358878135681152 -12.020584106445313 -1.0486124753952026
v -13.914109230041504 -12.520193099975586 -1.1375391483306885
v -14.436027526855469 -12.989825248718262 -1.2244316339492798
v -14.991259574890137 -13.489433288574219 -1.3203827142715454
v -15.480776786804199 -13.929911613464355 -1.4079807996749878
v -15.982021331787109 -14.380940437316895 -1.5005936622619629
v -16.474456787109375 -14.824043273925781 -1.5944526195526123
v -16.958494186401367 -15.259591102600098 -1.6894868612289429
v -17.434534072875977 -15.68794059753418 -1.7856343984603882
v -17.902620315551758 -16.109132766723633 -1.8827706575393677
v -18.355964660644531 -16.517061233520508 -1.9793012142181396
v -18.815574645996094 -16.930627822875977 -2.0796298980712891
v -19.261247634887695 -17.331653594970703 -2.1792855262756348
v -19.700599670410156 -17.726991653442383 -2.2798113822937012
v -20.133712768554688 -18.116714477539063 -2.3811285495758057
v -20.543577194213867 -18.485519409179688 -2.4790365695953369
v -20.968925476074219 -18.868257522583008 -2.5828187465667725
v -21.380462646484375 -19.238565444946289 -2.6852328777313232
v -21.793283462524414 -19.610029220581055 -2.7898945808410645
v -22.209272384643555 -19.984346389770508 -2.8966348171234131
v 0 0 0
v -0.75248950719833374 -0.70642310380935669 -0.0054257926531136036
v -1.4994792938232422 -1.407683253288269 -0.018400596454739571
v -2.2109086513519287 -2.0755598545074463 -0.039078075438737869
v -2.971900463104248 -2.7899646759033203 -0.069984011352062225
v -3.6986920833587646 -3.4722630977630615 -0.10797417163848877
v -4.3891439437866211 -4.1204466819763184 -0.1517326831817627
v -5.1215310096740723 -4.8079977035522461 -0.20631460845470428
v -5.8149509429931641 -5.4589676856994629 -0.2657397985458374
v -6.4961185455322266 -6.0984349250793457 -0.33145207166671753
v -7.1638646125793457 -6.7253022193908691 -0.40292775630950928
v -7.7926363945007324 -7.3155817985534668 -0.47661969065666199
v -8.4581317901611328 -7.9403362274169922 -0.56136500835418701
v -9.0851497650146484 -8.5289688110351563 -0.64756113290786743
v -9.699070930480957 -9.1053066253662109 -0.73792660236358643
v -10.300076484680176 -9.6695194244384766 -0.83211261034011841
v -10.891176223754883 -10.224432945251465 -0.9302680492401123
v -11.468408584594727 -10.766327857971191 -1.0314053297042847
v -12.012967109680176 -11.277549743652344 -1.1316046714782715
v -12.557525634765625 -11.788771629333496 -1.2364515066146851
v -13.102085113525391 -12.299992561340332 -1.3459458351135254
v -13.64664363861084 -12.811214447021484 -1.4600876569747925
v -14.158529281616211 -13.291762351989746 -1.5716185569763184
v -14.70308780670166 -13.802984237670898 -1.6947764158248901
v -15.183196067810059 -14.253701210021973 -1.8072129487991333
v -15.6748046875 -14.715213775634766 -1.9260861873626709
v -16.157773971557617 -15.16861629486084 -2.0465588569641113
v -16.63250732421875 -15.614288330078125 -2.1685397624969482
v -17.099395751953125 -16.052593231201172 -2.291949987411499
v -17.558483123779297 -16.483577728271484 -2.4166290760040283
v -18.003114700317383 -16.90098762512207 -2.5405309200286865
v -18.453889846801758 -17.324167251586914 -2.6693079471588135
v -18.890995025634766 -17.734514236450195 -2.7972207069396973
v -19.321903228759766 -18.139041900634766 -2.926250696182251
v -19.746688842773438 -18.537822723388672 -3.0562963485717773
v -20.148675918579102 -18.915201187133789 -3.1819658279418945
v -20.565847396850586 -19.306835174560547 -3.3151752948760986
v -20.969472885131836 -19.685750961303711 -3.4466290473937988
v -21.374359130859375 -20.065849304199219 -3.5809674263000488
v -21.782352447509766 -20.44886589050293 -3.7179739475250244
v 0 0 0
v -0.73740559816360474 -0.72215527296066284 -0.0066275880672037601
v -1.4694217443466187 -1.4390325546264648 -0.022476267069578171
v -2.1665904521942139 -2.1217830181121826 -0.047733739018440247
v -2.912327766418457 -2.852097749710083 -0.085485242307186127
v -3.6245505809783936 -3.549591064453125 -0.13189008831977844
v -4.3011622428894043 -4.2122097015380859 -0.18534097075462341
v -5.0188684463500977 -4.9150729179382324 -0.25201261043548584
v -5.6983880996704102 -5.5805397033691406 -0.32460030913352966
v -6.3659014701843262 -6.234248161315918 -0.40486761927604675
v -7.0202622413635254 -6.8750758171081543 -0.49217492341995239
v -7.6364307403564453 -7.4785008430480957 -0.58218938112258911
v -8.2885856628417969 -8.1171693801879883 -0.68570548295974731
v -8.9030351638793945 -8.7189111709594727 -0.79099375009536743
v -9.5046501159667969 -9.3080835342407227 -0.90137487649917603
v -10.093607902526855 -9.8848609924316406 -1.0164227485656738
v -10.672859191894531 -10.452133178710938 -1.1363192796707153
v -11.238520622253418 -11.006095886230469 -1.2598581314086914
v -11.772163391113281 -11.528702735900879 -1.3822513818740845
v -12.305806159973145 -12.051309585571289 -1.5103214979171753
v -12.839448928833008 -12.573915481567383 -1.6440684795379639
v -13.373091697692871 -13.096522331237793 -1.7834922075271606
v -13.874716758728027 -13.587772369384766 -1.9197268486022949
v -14.408359527587891 -14.110379219055176 -2.0701637268066406
v -14.878843307495117 -14.571133613586426 -2.2075047492980957
v -15.360597610473633 -15.042923927307129 -2.3527078628540039
v -15.83388614654541 -15.506423950195313 -2.4998648166656494
v -16.299102783203125 -15.962020874023438 -2.6488642692565918
v -16.756633758544922 -16.410087585449219 -2.7996091842651367
v -17.206518173217773 -16.850669860839844 -2.9519045352935791
v -17.642234802246094 -17.277376174926758 -3.1032500267028809
v -18.083974838256836 -17.709980010986328 -3.2605507373809814
v -18.512319564819336 -18.129465103149414 -3.4167957305908203
v -18.934589385986328 -18.543001174926758 -3.5744054317474365
v -19.350860595703125 -18.950664520263672 -3.7332558631896973
v -19.744789123535156 -19.336444854736328 -3.886760950088501
v -20.153598785400391 -19.736801147460938 -4.0494756698608398
v -20.54913330078125 -20.124155044555664 -4.2100458145141602
v -20.945901870727539 -20.512718200683594 -4.3741397857666016
v -21.345718383789063 -20.904266357421875 -4.5414929389953613
v 0 0 0
v -0.72202956676483154 -0.73752868175506592 -0.0078275706619024277
v -1.4387820959091187 -1.4696669578552246 -0.026545792818069458
v -2.1214137077331543 -2.1669518947601318 -0.056376349180936813
v -2.8516013622283936 -2.9128139019012451 -0.10096309334039688
v -3.5489733219146729 -3.6251556873321533 -0.1557699590921402
v -4.2114763259887695 -4.3018798828125 -0.21889857947826385
v -4.914217472076416 -5.0197057723999023 -0.29764169454574585
v -5.5795683860778809 -5.6993393898010254 -0.38337203860282898
v -6.2331628799438477 -6.3669638633728027 -0.47817245125770569
v -6.8738794326782227 -7.0214343070983887 -0.58128750324249268
v -7.4771990776062012 -7.6377048492431641 -0.68759989738464355
v -8.1157560348510742 -8.2899694442749023 -0.80985850095748901
v -8.7173929214477539 -8.9045209884643555 -0.93421012163162231
v -9.3064632415771484 -9.5062360763549805 -1.0645767450332642
v -9.8831405639648438 -10.095292091369629 -1.2004550695419312
v -10.450313568115234 -10.674640655517578 -1.3420599699020386
v -11.004179954528809 -11.240396499633789 -1.4879665374755859
v -11.52669620513916 -11.774127960205078 -1.6325200796127319
v -12.049211502075195 -12.307860374450684 -1.7837784290313721
v -12.57172679901123 -12.841591835021973 -1.9417414665222168
v -13.094243049621582 -13.375324249267578 -2.1064093112945557
v -13.585407257080078 -13.877032279968262 -2.2673101425170898
v -14.10792350769043 -14.410764694213867 -2.4449851512908936
v -14.568596839904785 -14.881326675415039 -2.6071927547454834
v -15.040306091308594 -15.363161087036133 -2.7786862850189209
v -15.503725051879883 -15.836528778076172 -2.9524872303009033
v -15.959242820739746 -16.301824569702148 -3.1284642219543457
v -16.407232284545898 -16.759429931640625 -3.3065030574798584
v -16.847736358642578 -17.209390640258789 -3.486372709274292
v -17.274368286132813 -17.645179748535156 -3.6651208400726318
v -17.706897735595703 -18.086994171142578 -3.8509020805358887
v -18.126308441162109 -18.515409469604492 -4.0354366302490234
v -18.539773941040039 -18.937747955322266 -4.2215828895568848
v -18.947364807128906 -19.354089736938477 -4.4091944694519043
v -19.333080291748047 -19.748085021972656 -4.5904932022094727
v -19.733366012573242 -20.156961441040039 -4.7826690673828125
v -20.12065315246582 -20.552562713623047 -4.9723119735717773
v -20.509147644042969 -20.949398040771484 -5.1661162376403809
v -20.900627136230469 -21.349281311035156 -5.3637700080871582
v 0 0 0
v -0.70635318756103516 -0.75255513191223145 -0.0090249394997954369
v -1.4075438976287842 -1.4996100664138794 -0.030606452375650406
v -2.0753545761108398 -2.2111015319824219 -0.065000131726264954
v -2.7896885871887207 -2.9721596240997314 -0.11640723049640656
v -3.4719195365905762 -3.6990146636962891 -0.17959779500961304
v -4.1200385093688965 -4.3895268440246582 -0.25238308310508728
v -4.8075222969055176 -5.1219778060913086 -0.3431713879108429
v -5.4584274291992188 -5.815457820892334 -0.44201573729515076
v -6.0978312492370605 -6.4966850280761719 -0.55131757259368896
v -6.7246370315551758 -7.1644892692565918 -0.67020595073699951
v -7.3148579597473145 -7.7933158874511719 -0.79278069734573364
v -7.9395503997802734 -8.4588689804077148 -0.93374103307723999
v -8.5281248092651367 -9.085942268371582 -1.077114462852478
v -9.1044063568115234 -9.6999168395996094 -1.2274230718612671
v -9.6685619354248047 -10.300973892211914 -1.3840863704681396
v -10.223421096801758 -10.892126083374023 -1.5473523139953613
v -10.765262603759766 -11.46940803527832 -1.7155779600143433
v -11.276433944702148 -12.014015197753906 -1.8822436332702637
v -11.787604331970215 -12.558621406555176 -2.0566396713256836
v -12.298775672912598 -13.103227615356445 -2.2387659549713135
v -12.80994701385498 -13.647833824157715 -2.4286227226257324
v -13.290447235107422 -14.159763336181641 -2.6141364574432373
v -13.801618576049805 -14.70436954498291 -2.8189897537231445
v -14.252290725708008 -15.18451976776123 -3.0060100555419922
v -14.713757514953613 -15.67617130279541 -3.2037367820739746
v -15.167115211486816 -16.159183502197266 -3.4041235446929932
v -15.61274242401123 -16.63395881652832 -3.6070196628570557
v -16.051006317138672 -17.100887298583984 -3.8122925758361816
v -16.481945037841797 -17.560014724731445 -4.019676685333252
v -16.899314880371094 -18.004684448242188 -4.2257671356201172
v -17.322452545166016 -18.455499649047852 -4.439967155456543
v -17.732759475708008 -18.892642974853516 -4.6527299880981445
v -18.137247085571289 -19.323587417602539 -4.8673505783081055
v -18.535989761352539 -19.748411178588867 -5.0836606025695801
v -18.913330078125 -20.150432586669922 -5.2926921844482422
v -19.304924011230469 -20.56764030456543 -5.5142645835876465
v -19.683803558349609 -20.971302032470703 -5.7329168319702148
v -20.063863754272461 -21.376222610473633 -5.9563674926757813
v -20.446842193603516 -21.784252166748047 -6.1842555999755859
v 0 0 0
v -0.69032305479049683 -0.76728534698486328 -0.010222170501947403
v -1.3756008148193359 -1.5289628505706787 -0.034666646271944046
v -2.0282559394836426 -2.2543807029724121 -0.073622927069664001
v -2.7263789176940918 -3.0303356647491455 -0.13184958696365356
v -3.3931272029876709 -3.7714178562164307 -0.20342288911342621
v -4.0265378952026367 -4.4754457473754883 -0.2858637273311615
v -4.6984190940856934 -5.2222332954406738 -0.38869583606719971
v -5.3345527648925781 -5.9292874336242676 -0.50065267086029053
v -5.9594459533691406 -6.6238484382629395 -0.6244543194770813
v -6.5720267295837402 -7.3047242164611816 -0.75911420583724976
v -7.1488528251647949 -7.945859432220459 -0.89794951677322388
v -7.759368896484375 -8.6244401931762695 -1.0576093196868896
v -8.3345861434936523 -9.2637872695922852 -1.2200024127960205
v -8.8977890014648438 -9.8897790908813477 -1.390250563621521
v -9.4491424560546875 -10.502601623535156 -1.5676965713500977
v -9.9914093017578125 -11.105323791503906 -1.752621054649353
v -10.520953178405762 -11.693905830383301 -1.943163275718689
v -11.020524024963379 -12.249172210693359 -2.1319384574890137
v -11.520094871520996 -12.804438591003418 -2.3294694423675537
v -12.019664764404297 -13.359704971313477 -2.5357563495635986
v -12.519235610961914 -13.914971351623535 -2.7507989406585693
v -12.988831520080566 -14.436921119689941 -2.9609227180480957
v -13.488402366638184 -14.9921875 -3.1929516792297363
v -13.92884635925293 -15.481735229492188 -3.4047815799713135
v -14.379840850830078 -15.983010292053223 -3.6287381649017334
v -14.822910308837891 -16.47547721862793 -3.855708122253418
v -15.258423805236816 -16.959545135498047 -4.0855197906494141
v -15.686740875244141 -17.435613632202148 -4.3180241584777832
v -16.107900619506836 -17.903728485107422 -4.5529193878173828
v -16.515798568725586 -18.357101440429688 -4.7863492965698242
v -16.92933464050293 -18.816740036010742 -5.0289645195007324
v -17.330327987670898 -19.262439727783203 -5.2699518203735352
v -17.725635528564453 -19.701820373535156 -5.5130438804626465
v -18.115329742431641 -20.134958267211914 -5.758049488067627
v -18.484106063842773 -20.544849395751953 -5.9948105812072754
v -18.866813659667969 -20.970224380493164 -6.2457761764526367
v -19.237094879150391 -21.381786346435547 -6.4934344291687012
v -19.608530044555664 -21.794631958007813 -6.7465276718139648
v -19.982818603515625 -22.210647583007813 -7.0046472549438477
v 0 0 0
v -0.67380809783935547 -0.78182780742645264 -0.011426921002566814
v -1.3426915407180786 -1.5579415559768677 -0.038752339780330658
v -1.9797329902648926 -2.2971084117889404 -0.082299873232841492
v -2.6611542701721191 -3.0877699851989746 -0.14738893508911133
v -3.3119516372680664 -3.842897891998291 -0.227397620677948
v -3.930208683013916 -4.5602693557739258 -0.3195546567440033
v -4.5860161781311035 -5.3212108612060547 -0.43450620770454407
v -5.2069311141967773 -6.0416660308837891 -0.55965793132781982
v -5.8168749809265137 -6.7493910789489746 -0.69805037975311279
v -6.4148006439208984 -7.443171501159668 -0.84858083724975586
v -6.9778270721435547 -8.0964584350585938 -1.0037788152694702
v -7.5737371444702148 -8.7878999710083008 -1.1822555065155029
v -8.1351938247680664 -9.4393644332885742 -1.3637877702713013
v -8.6849222183227539 -10.077221870422363 -1.5541007518768311
v -9.2230854034423828 -10.701658248901367 -1.7524600028991699
v -9.7523794174194336 -11.315804481506348 -1.9591790437698364
v -10.269254684448242 -11.915542602539063 -2.172177791595459
v -10.756874084472656 -12.481332778930664 -2.3832013607025146
v -11.244492530822754 -13.047122955322266 -2.6040129661560059
v -11.732111930847168 -13.612913131713867 -2.8346118927001953
v -12.219731330871582 -14.178703308105469 -3.0749988555908203
v -12.678092956542969 -14.710546493530273 -3.3098869323730469
v -13.165711402893066 -15.276336669921875 -3.5692620277404785
v -13.595619201660156 -15.775162696838379 -3.8060576915740967
v -14.035823822021484 -16.285938262939453 -4.0564088821411133
v -14.468293190002441 -16.787738800048828 -4.3101286888122559
v -14.893388748168945 -17.280981063842773 -4.5670251846313477
v -15.311458587646484 -17.766073226928711 -4.8269314765930176
v -15.722542762756348 -18.243059158325195 -5.0895109176635742
v -16.120681762695313 -18.705024719238281 -5.3504524230957031
v -16.524324417114258 -19.173376083374023 -5.6216616630554199
v -16.915725708007813 -19.627523422241211 -5.8910508155822754
v -17.301576614379883 -20.075231552124023 -6.1627926826477051
v -17.681947708129883 -20.516580581665039 -6.4366731643676758
v -18.041900634765625 -20.934238433837891 -6.7013382911682129
v -18.41545295715332 -21.36767578125 -6.9818825721740723
v -18.776874542236328 -21.787038803100586 -7.2587289810180664
v -19.139425277709961 -22.207708358764648 -7.5416507720947266
v -19.504758834838867 -22.631608963012695 -7.8301911354064941
v 0 0 0
v -0.65698713064193726 -0.79601520299911499 -0.012624062597751617
v -1.3091726303100586 -1.5862126350402832 -0.042812228202819824
v -1.930310845375061 -2.3387928009033203 -0.090922020375728607
v -2.5947213172912598 -3.1438021659851074 -0.16283012926578522
v -3.2292718887329102 -3.912632942199707 -0.25122091174125671
v -3.8320949077606201 -4.6430220603942871 -0.35303279757499695
v -4.4715309143066406 -5.4177722930908203 -0.48002722859382629
v -5.0769453048706055 -6.1513009071350098 -0.61829042434692383
v -5.6716623306274414 -6.8718690872192383 -0.77118158340454102
v -6.2546610832214355 -7.5782389640808105 -0.93748235702514648
v -6.8036327362060547 -8.2433805465698242 -1.1089396476745605
v -7.3846664428710938 -8.9473695755004883 -1.3061144351959229
v -7.9321064949035645 -9.6106557846069336 -1.5066648721694946
v -8.4681119918823242 -10.260087966918945 -1.7169160842895508
v -8.9928398132324219 -10.895855903625488 -1.93605637550354
v -9.5089206695556641 -11.521146774291992 -2.1644322872161865
v -10.012893676757813 -12.131767272949219 -2.3997459411621094
v -10.488339424133301 -12.70782470703125 -2.6328775882720947
v -10.963785171508789 -13.283882141113281 -2.8768222332000732
v -11.439230918884277 -13.859939575195313 -3.131580114364624
v -11.914677619934082 -14.435997009277344 -3.397150993347168
v -12.36159610748291 -14.97749137878418 -3.6566472053527832
v -12.837042808532715 -15.553547859191895 -3.9431955814361572
v -13.256217956542969 -16.061426162719727 -4.2047991752624512
v -13.685433387756348 -16.581470489501953 -4.4813785552978516
v -14.107107162475586 -17.092376708984375 -4.7616791725158691
v -14.521590232849121 -17.594570159912109 -5.0454897880554199
v -14.92922306060791 -18.088464736938477 -5.3326249122619629
v -15.330045700073242 -18.574106216430664 -5.6227130889892578
v -15.718245506286621 -19.044456481933594 -5.9109921455383301
v -16.111810684204102 -19.521305084228516 -6.2106146812438965
v -16.493440628051758 -19.983694076538086 -6.5082263946533203
v -16.869659423828125 -20.439525604248047 -6.8084373474121094
v -17.240533828735352 -20.888883590698242 -7.1110110282897949
v -17.591503143310547 -21.314121246337891 -7.4034037590026855
v -17.955728530883789 -21.755424499511719 -7.7133388519287109
v -18.308128356933594 -22.182395935058594 -8.0191888809204102
v -18.661628723144531 -22.610700607299805 -8.3317508697509766
v -19.017841339111328 -23.042293548583984 -8.6505203247070313
v 0 0 0
v -0.63986784219741821 -0.8098410964012146 -0.013811403885483742
v -1.2750591039657593 -1.6137634515762329 -0.046838879585266113
v -1.8800121545791626 -2.3794150352478027 -0.099473580718040466
v -2.5271096229553223 -3.198406457901001 -0.1781449168920517
v -3.1451256275177002 -3.9805910587310791 -0.27484920620918274
v -3.7322406768798828 -4.7236661911010742 -0.38623687624931335
v -4.3550148010253906 -5.5118727684020996 -0.52517563104629517
v -4.9446535110473633 -6.2581424713134766 -0.67644304037094116
v -5.5238738059997559 -6.9912257194519043 -0.84371417760848999
v -6.0916814804077148 -7.709864616394043 -1.0256561040878296
v -6.6263480186462402 -8.3865585327148438 -1.2132396697998047
v -7.1922416687011719 -9.1027755737304688 -1.4289594888687134
v -7.7254166603088379 -9.7775821685791016 -1.6483725309371948
v -8.2474555969238281 -10.43829345703125 -1.8783986568450928
v -8.7585105895996094 -11.085104942321777 -2.118149995803833
v -9.261143684387207 -11.721256256103516 -2.3680055141448975
v -9.751983642578125 -12.342482566833496 -2.6254513263702393
v -10.215041160583496 -12.928545951843262 -2.880509614944458
v -10.678098678588867 -13.514608383178711 -3.1473982334136963
v -11.141155242919922 -14.100671768188477 -3.4261171817779541
v -11.604212760925293 -14.686734199523926 -3.7166659832000732
v -12.039485931396484 -15.237632751464844 -4.0005688667297363
v -12.502543449401855 -15.823696136474609 -4.3140683174133301
v -12.910796165466309 -16.340394973754883 -4.6002764701843262
v -13.328827857971191 -16.869472503662109 -4.9028692245483398
v -13.739513397216797 -17.389251708984375 -5.2095332145690918
v -14.143196105957031 -17.900167465209961 -5.5200371742248535
v -14.540207862854004 -18.402641296386719 -5.8341789245605469
v -14.930584907531738 -18.896718978881836 -6.1515507698059082
v -15.308670043945313 -19.375236511230469 -6.4669437408447266
v -15.691980361938477 -19.860368728637695 -6.7947463989257813
v -16.063665390014648 -20.330787658691406 -7.1203498840332031
v -16.430082321166992 -20.794538497924805 -7.4487967491149902
v -16.791292190551758 -21.251699447631836 -7.7798290252685547
v -17.133115768432617 -21.684324264526367 -8.0997219085693359
v -17.487850189208984 -22.133291244506836 -8.4388084411621094
v -17.83106803894043 -22.567680358886719 -8.7734241485595703
v -18.175355911254883 -23.003423690795898 -9.1153841018676758
v -18.522287368774414 -23.442512512207031 -9.4641351699829102
v 0 0 0
v -0.62245774269104004 -0.82329899072647095 -0.014986754395067692
v -1.2403661012649536 -1.6405807733535767 -0.050824873149394989
v -1.8288590908050537 -2.4189558029174805 -0.10793878883123398
v -2.4583499431610107 -3.2515571117401123 -0.19330507516860962
v -3.0595502853393555 -4.0467400550842285 -0.29823890328407288
v -3.6306908130645752 -4.8021636009216309 -0.4191056489944458
v -4.2365198135375977 -5.6034684181213379 -0.56986814737319946
v -4.8101153373718262 -6.3621397018432617 -0.73400837182998657
v -5.3735756874084473 -7.1074051856994629 -0.91551434993743896
v -5.925933837890625 -7.8379859924316406 -1.1129395961761475
v -6.4460525512695313 -8.5259256362915039 -1.3164863586425781
v -6.996549129486084 -9.2540445327758789 -1.5505640506744385
v -7.5152168273925781 -9.9400653839111328 -1.7886490821838379
v -8.0230512619018555 -10.611756324768066 -2.0382504463195801
v -8.5202016830444336 -11.269315719604492 -2.2984046936035156
v -9.0091581344604492 -11.916038513183594 -2.5695228576660156
v -9.4866437911987305 -12.547589302062988 -2.8488774299621582
v -9.9371013641357422 -13.143390655517578 -3.1256413459777832
v -10.387558937072754 -13.739192962646484 -3.4152421951293945
v -10.838017463684082 -14.334994316101074 -3.7176799774169922
v -11.288475036621094 -14.93079662322998 -4.0329546928405762
v -11.711905479431152 -15.490850448608398 -4.3410172462463379
v -12.162363052368164 -16.086652755737305 -4.6811957359313965
v -12.559507369995117 -16.6119384765625 -4.99176025390625
v -12.966165542602539 -17.149806976318359 -5.320103645324707
v -13.365676879882813 -17.678224563598633 -5.652864933013916
v -13.75837516784668 -18.1976318359375 -5.9897928237915039
v -14.144584655761719 -18.708454132080078 -6.3306674957275391
v -14.524340629577637 -19.21074104309082 -6.6750483512878418
v -14.892138481140137 -19.697212219238281 -7.0172810554504395
v -15.265019416809082 -20.190406799316406 -7.3729801177978516
v -15.626591682434082 -20.668643951416016 -7.7262921333312988
v -15.983036994934082 -21.140098571777344 -8.0826902389526367
v -16.334419250488281 -21.6048583984375 -8.4418926239013672
v -16.666942596435547 -22.044672012329102 -8.7890090942382813
v -17.012025833129883 -22.501100540161133 -9.1569509506225586
v -17.345905303955078 -22.942707061767578 -9.5200433731079102
v -17.680824279785156 -23.385692596435547 -9.8911037445068359
v -18.018316268920898 -23.832077026367188 -10.269534111022949
v 0 0 0
v -0.60472899675369263 -0.83640795946121216 -0.016150221228599548
v -1.20503830909729 -1.6667028665542603 -0.054770559072494507
v -1.7767698764801025 -2.4574716091156006 -0.11631839722394943
v -2.3883316516876221 -3.3033301830291748 -0.20831191539764404
v -2.9724090099334717 -4.1111741065979004 -0.32139205932617188
v -3.5272822380065918 -4.8786258697509766 -0.45164206624031067
v -4.1158561706542969 -5.6926898956298828 -0.61410868167877197
v -4.6731147766113281 -6.4634404182434082 -0.79099160432815552
v -5.2205266952514648 -7.2205724716186523 -0.98658841848373413
v -5.7571525573730469 -7.9627866744995117 -1.1993403434753418
v -6.2624573707580566 -8.6616802215576172 -1.4186891317367554
v -6.7972745895385742 -9.4013919830322266 -1.6709389686584473
v -7.3011698722839355 -10.098335266113281 -1.9275072813034058
v -7.7945404052734375 -10.780721664428711 -2.1964859962463379
v -8.2775306701660156 -11.448751449584961 -2.4768366813659668
v -8.7525615692138672 -12.105772018432617 -2.7690026760101318
v -9.2164468765258789 -12.747377395629883 -3.0700440406799316
v -9.6540746688842773 -13.352665901184082 -3.3682940006256104
v -10.091703414916992 -13.957955360412598 -3.6803774833679199
v -10.529331207275391 -14.563243865966797 -4.0062942504882813
v -10.966958999633789 -15.168532371520996 -4.3460445404052734
v -11.378329277038574 -15.737503051757813 -4.6780233383178711
v -11.815957069396973 -16.342792510986328 -5.0446109771728516
v -12.201790809631348 -16.876441955566406 -5.3792853355407715
v -12.596865653991699 -17.422874450683594 -5.733119010925293
v -12.984997749328613 -17.959705352783203 -6.0917139053344727
v -13.366512298583984 -18.487382888793945 -6.4547982215881348
v -13.741721153259277 -19.006340026855469 -6.822136402130127
v -14.110661506652832 -19.516624450683594 -7.1932520866394043
v -14.467983245849609 -20.010841369628906 -7.5620532035827637
v -14.830244064331055 -20.51188850402832 -7.945366382598877
v -15.1815185546875 -20.997739791870117 -8.3261070251464844
v -15.527812004089355 -21.476701736450195 -8.7101736068725586
v -15.869186401367188 -21.948862075805664 -9.0972623825073242
v -16.192237854003906 -22.39567756652832 -9.4713258743286133
v -16.527492523193359 -22.859373092651367 -9.8678321838378906
v -16.851861953735352 -23.308012008666992 -10.259113311767578
v -17.177242279052734 -23.758050918579102 -10.658980369567871
v -17.505123138427734 -24.211544036865234 -11.066787719726563
v 0 0 0
v -0.58628785610198975 -0.84943574666976929 -0.017324645072221756
v -1.1682907342910767 -1.692663311958313 -0.058753408491611481
v -1.7225874662399292 -2.4957489967346191 -0.1247769296169281
v -2.3154997825622559 -3.3547823429107666 -0.22346010804176331
v -2.881765604019165 -4.1752095222473145 -0.34476330876350403
v -3.4197177886962891 -4.9546151161193848 -0.48448494076728821
v -3.9903433322906494 -5.7813587188720703 -0.65876591205596924
v -4.5306081771850586 -6.5641145706176758 -0.84851157665252686
v -5.0613269805908203 -7.3330392837524414 -1.0583319664001465
v -5.5815887451171875 -8.0868139266967773 -1.2865549325942993
v -6.0714840888977051 -8.7965927124023438 -1.5218545198440552
v -6.5899920463562012 -9.5478267669677734 -1.7924476861953735
v -7.0785212516784668 -10.25562572479248 -2.0676732063293457
v -7.5568466186523438 -10.948640823364258 -2.3562116622924805
v -8.0251083374023438 -11.627076148986816 -2.6569492816925049
v -8.485651969909668 -12.294329643249512 -2.9703612327575684
v -8.9353923797607422 -12.945929527282715 -3.2932939529418945
v -9.3596744537353516 -13.560646057128906 -3.6132323741912842
v -9.7839574813842773 -14.175362586975098 -3.9480102062225342
v -10.208239555358887 -14.790079116821289 -4.2976274490356445
v -10.632522583007813 -15.40479564666748 -4.6620841026306152
v -11.03134822845459 -15.98262882232666 -5.0182037353515625
v -11.455630302429199 -16.597345352172852 -5.4114489555358887
v -11.829697608947754 -17.139307022094727 -5.7704606056213379
v -12.212724685668945 -17.694252014160156 -6.1500248908996582
v -12.589021682739258 -18.239444732666016 -6.5346956253051758
v -12.958901405334473 -18.775341033935547 -6.9241833686828613
v -13.32266902923584 -19.302379608154297 -7.3182339668273926
v -13.680357933044434 -19.820613861083984 -7.716336727142334
v -14.026782989501953 -20.322526931762695 -8.1119565963745117
v -14.377996444702148 -20.831378936767578 -8.5231437683105469
v -14.718559265136719 -21.324798583984375 -8.9315719604492188
v -15.054292678833008 -21.811220169067383 -9.34356689453125
v -15.385256767272949 -22.290735244750977 -9.7588043212890625
v -15.698456764221191 -22.744510650634766 -10.160069465637207
v -16.023488998413086 -23.215429306030273 -10.585409164428711
v -16.33796501159668 -23.671054840087891 -11.005143165588379
v -16.653425216674805 -24.128103256225586 -11.434087753295898
v -16.971303939819336 -24.588659286499023 -11.871551513671875
v 0 0 0
v -0.56749957799911499 -0.86210054159164429 -0.018483750522136688
v -1.1308515071868896 -1.717900276184082 -0.062684297561645508
v -1.6673851013183594 -2.5329596996307373 -0.13312512636184692
v -2.2412967681884766 -3.4048011302947998 -0.23841069638729095
v -2.7894158363342285 -4.2374606132507324 -0.36782968044281006
v -3.310128927230835 -5.0284867286682129 -0.51689940690994263
v -3.8624680042266846 -5.8675565719604492 -0.70284062623977661
v -4.3854193687438965 -6.6619830131530762 -0.9052811861038208
v -4.8991308212280273 -7.4423727989196777 -1.1291395425796509
v -5.4027199745178223 -8.2073860168457031 -1.3726317882537842
v -5.8769164085388184 -8.9277477264404297 -1.6236740350723267
v -6.3788080215454102 -9.6901817321777344 -1.9123712778091431
v -6.8516817092895508 -10.408534049987793 -2.2060108184814453
v -7.3146781921386719 -11.111882209777832 -2.5138540267944336
v -7.7679338455200195 -11.800432205200195 -2.8347122669219971
v -8.213719367980957 -12.477634429931641 -3.1690928936004639
v -8.6490468978881836 -13.138949394226074 -3.5136315822601318
v -9.0597324371337891 -13.76283073425293 -3.8549754619598389
v -9.4704189300537109 -14.386712074279785 -4.2121515274047852
v -9.8811044692993164 -15.010594367980957 -4.5851597785949707
v -10.291790962219238 -15.634475708007813 -4.9740004539489746
v -10.677835464477539 -16.220924377441406 -5.3539462089538574
v -11.088521003723145 -16.844806671142578 -5.7735013961791992
v -11.450600624084473 -17.39484977722168 -6.1565327644348145
v -11.821353912353516 -17.958066940307617 -6.5614919662475586
v -12.185591697692871 -18.511388778686523 -6.9718990325927734
v -12.543618202209473 -19.055274963378906 -7.3874454498291016
v -12.89572811126709 -19.590171813964844 -7.8078598976135254
v -13.241954803466797 -20.116132736206055 -8.2325973510742188
v -13.577278137207031 -20.625530242919922 -8.6546869277954102
v -13.917236328125 -21.1419677734375 -9.0933837890625
v -14.246885299682617 -21.642744064331055 -9.5291376113891602
v -14.571859359741211 -22.136419296264648 -9.9686975479125977
v -14.892217636108398 -22.623083114624023 -10.411716461181641
v -15.195381164550781 -23.083623886108398 -10.839828491210938
v -15.50999641418457 -23.561563491821289 -11.293625831604004
v -15.814395904541016 -24.023983001708984 -11.74144172668457
v -16.119745254516602 -24.487844467163086 -12.199085235595703
v -16.427438735961914 -24.955268859863281 -12.665817260742188
v 0 0 0
v -0.5477144718170166 -0.87480342388153076 -0.019663615152239799
v -1.091425895690918 -1.7432131767272949 -0.066685594618320465
v -1.609254002571106 -2.5702824592590332 -0.14162284135818481
v -2.1631569862365723 -3.454970121383667 -0.25362905859947205
v -2.692166805267334 -4.299898624420166 -0.39130917191505432
v -3.1947259902954102 -5.1025800704956055 -0.54989439249038696
v -3.7278084754943848 -5.9540138244628906 -0.74770468473434448
v -4.2325282096862793 -6.7601461410522461 -0.96306759119033813
v -4.7283291816711426 -7.5520343780517578 -1.201215386390686
v -5.2143616676330566 -8.3283195495605469 -1.4602503776550293
v -5.6720256805419922 -9.059295654296875 -1.7273173332214355
v -6.1564197540283203 -9.8329648971557617 -2.034442663192749
v -6.6128072738647461 -10.561902046203613 -2.3468260765075684
v -7.0596623420715332 -11.275612831115723 -2.6743195056915283
v -7.4971156120300293 -11.974308967590332 -3.0156590938568115
v -7.9273595809936523 -12.661489486694336 -3.3713841438293457
v -8.3475093841552734 -13.332548141479492 -3.7379157543182373
v -8.7438774108886719 -13.965622901916504 -4.101048469543457
v -9.1402454376220703 -14.598697662353516 -4.4810237884521484
v -9.5366134643554688 -15.231772422790527 -4.8778419494628906
v -9.9329814910888672 -15.864846229553223 -5.2915034294128418
v -10.305567741394043 -16.459936141967773 -5.695702075958252
v -10.701935768127441 -17.093011856079102 -6.1420388221740723
v -11.0513916015625 -17.651157379150391 -6.5495200157165527
v -11.409218788146973 -18.222675323486328 -6.9803285598754883
v -11.760757446289063 -18.784149169921875 -7.4169330596923828
v -12.106302261352539 -19.336050033569336 -7.8590044975280762
v -12.446136474609375 -19.878828048706055 -8.3062553405761719
v -12.780292510986328 -20.412538528442383 -8.7581052780151367
v -13.103925704956055 -20.929441452026367 -9.2071371078491211
v -13.432031631469727 -21.453489303588867 -9.6738376617431641
v -13.750187873840332 -21.961645126342773 -10.137406349182129
v -14.06383228302002 -22.462594985961914 -10.605024337768555
v -14.373021125793457 -22.956428527832031 -11.076322555541992
v -14.665615081787109 -23.423755645751953 -11.53176212310791
v -14.96926212310791 -23.908737182617188 -12.0145263671875
v -15.263049125671387 -24.377971649169922 -12.490927696228027
v -15.55775260925293 -24.848667144775391 -12.977783203125
v -15.854719161987305 -25.322978973388672 -13.474308013916016
v 0 0 0
v -0.527549147605896 -0.88710999488830566 -0.020823197439312935
v -1.0512425899505615 -1.7677364349365234 -0.070618115365505219
v -1.5500056743621826 -2.6064407825469971 -0.14997448027133942
v -2.0835156440734863 -3.5035741329193115 -0.26858580112457275
v -2.5930485725402832 -4.3603887557983398 -0.41438508033752441
v -3.0771048069000244 -5.1743626594543457 -0.58232218027114868
v -3.5905609130859375 -6.0377740859985352 -0.79179763793945313
v -4.076697826385498 -6.8552465438842773 -1.0198606252670288
v -4.5542454719543457 -7.6582751274108887 -1.2720522880554199
v -5.0223832130432129 -8.4454813003540039 -1.5463628768920898
v -5.4631972312927246 -9.1867408752441406 -1.8291789293289185
v -5.9297575950622559 -9.9712934494018555 -2.1544158458709717
v -6.3693418502807617 -10.710484504699707 -2.4852206707000732
v -6.7997450828552246 -11.434236526489258 -2.8320269584655762
v -7.221092700958252 -12.14276123046875 -3.193495512008667
v -7.6354961395263672 -12.839609146118164 -3.5701980590820313
v -8.0401773452758789 -13.520108222961426 -3.9583444595336914
v -8.4219522476196289 -14.162089347839355 -4.3428912162780762
v -8.8037271499633789 -14.804069519042969 -4.7452740669250488
v -9.1855020523071289 -15.446049690246582 -5.1654934883117676
v -9.5672769546508789 -16.088029861450195 -5.603548526763916
v -9.9261445999145508 -16.691492080688477 -6.0315837860107422
v -10.307919502258301 -17.333473205566406 -6.5042409896850586
v -10.644510269165039 -17.899471282958984 -6.9357519149780273
v -10.989162445068359 -18.479028701782227 -7.391965389251709
v -11.3277587890625 -19.048402786254883 -7.8543171882629395
v -11.660581588745117 -19.608066558837891 -8.3224582672119141
v -11.987903594970703 -20.158481597900391 -8.7960834503173828
v -12.309757232666016 -20.699699401855469 -9.2745800018310547
v -12.621475219726563 -21.223875045776367 -9.750091552734375
v -12.937500953674316 -21.755292892456055 -10.244314193725586
v -13.243943214416504 -22.270597457885742 -10.735219955444336
v -13.546040534973145 -22.778594970703125 -11.230413436889648
v -13.843846321105957 -23.279375076293945 -11.729504585266113
v -14.125667572021484 -23.753276824951172 -12.211801528930664
v -14.418135643005371 -24.245080947875977 -12.723034858703613
v -14.701106071472168 -24.720916748046875 -13.227530479431152
v -14.984959602355957 -25.198234558105469 -13.743096351623535
v -15.270992279052734 -25.679218292236328 -14.268901824951172
v 0 0 0
v -0.50710767507553101 -0.89895224571228027 -0.021954376250505447
v -1.0105091333389282 -1.7913343906402588 -0.074454300105571747
v -1.4899461269378662 -2.6412346363067627 -0.15812154114246368
v -2.0027835369110107 -3.5503439903259277 -0.28317618370056152
v -2.4925732612609863 -4.4185967445373535 -0.4368956983089447
v -2.9578733444213867 -5.243436336517334 -0.61395567655563354
v -3.4514338970184326 -6.1183733940124512 -0.83481043577194214
v -3.918734073638916 -6.9467592239379883 -1.0752625465393066
v -4.3777775764465332 -7.7605075836181641 -1.3411539793014526
v -4.8277759552001953 -8.5582218170166016 -1.6303658485412598
v -5.2515096664428711 -9.3093767166137695 -1.928545355796814
v -5.6999912261962891 -10.104402542114258 -2.2714502811431885
v -6.1225428581237793 -10.853461265563965 -2.6202254295349121
v -6.5362687110900879 -11.586874961853027 -2.9858710765838623
v -6.9412899017333984 -12.304858207702637 -3.3669757843017578
v -7.3396358489990234 -13.011008262634277 -3.7641417980194092
v -7.7286367416381836 -13.700592041015625 -4.1733732223510742
v -8.0956182479858398 -14.351141929626465 -4.5788102149963379
v -8.4626007080078125 -15.001692771911621 -5.0030517578125
v -8.8295822143554688 -15.652243614196777 -5.4460983276367188
v -9.196563720703125 -16.302793502807617 -5.9079499244689941
v -9.5415267944335938 -16.914310455322266 -6.3592371940612793
v -9.90850830078125 -17.564861297607422 -6.8575706481933594
v -10.232056617736816 -18.138416290283203 -7.3125224113464355
v -10.5633544921875 -18.725709915161133 -7.7935190200805664
v -10.88883113861084 -19.302684783935547 -8.2809867858886719
v -11.208757400512695 -19.869819641113281 -8.7745590209960938
v -11.523396492004395 -20.427581787109375 -9.2739124298095703
v -11.832778930664063 -20.976024627685547 -9.7784023284912109
v -12.132418632507324 -21.507196426391602 -10.279745101928711
v -12.436199188232422 -22.045711517333984 -10.800815582275391
v -12.730767250061035 -22.567893981933594 -11.318388938903809
v -13.021159172058105 -23.082672119140625 -11.840482711791992
v -13.307425498962402 -23.590137481689453 -12.36668586730957
v -13.578327178955078 -24.070365905761719 -12.87518310546875
v -13.859461784362793 -24.568735122680664 -13.414188385009766
v -14.131467819213867 -25.050922393798828 -13.946088790893555
v -14.404322624206543 -25.534612655639648 -14.489662170410156
v -14.679271697998047 -26.022016525268555 -15.044031143188477
v 0 0 0
v -0.48640066385269165 -0.91032367944717407 -0.023054704070091248
v -0.96924638748168945 -1.8139941692352295 -0.078185863792896271
v -1.4291063547134399 -2.6746454238891602 -0.16604641079902649
v -1.9210027456283569 -3.59525465965271 -0.29736864566802979
v -2.3907926082611084 -4.4744901657104492 -0.45879241824150085
v -2.8370928764343262 -5.3097639083862305 -0.64472639560699463
v -3.3104994297027588 -6.1957688331604004 -0.87665015459060669
v -3.7587182521820068 -7.0346331596374512 -1.1291533708572388
v -4.1990170478820801 -7.8586750030517578 -1.4083710908889771
v -4.6306405067443848 -8.6664800643920898 -1.7120778560638428
v -5.037071704864502 -9.4271373748779297 -2.0252017974853516
v -5.4672403335571289 -10.232219696044922 -2.3852925300598145
v -5.8725376129150391 -10.990754127502441 -2.7515480518341064
v -6.2693691253662109 -11.733445167541504 -3.1355195045471191
v -6.6578521728515625 -12.46051025390625 -3.5357246398925781
v -7.0399327278137207 -13.175593376159668 -3.9527962207794189
v -7.4130487442016602 -13.873899459838867 -4.382537841796875
v -7.7650456428527832 -14.532679557800293 -4.8082947731018066
v -8.1170425415039063 -15.191458702087402 -5.2537989616394043
v -8.4690389633178711 -15.850238800048828 -5.719050407409668
v -8.8210353851318359 -16.509017944335938 -6.2040495872497559
v -9.1519126892089844 -17.128271102905273 -6.6779546737670898
v -9.5039091110229492 -17.787050247192383 -7.2012643814086914
v -9.8142452239990234 -18.367860794067383 -7.6790175437927246
v -10.132015228271484 -18.962583541870117 -8.1841211318969727
v -10.444201469421387 -19.546855926513672 -8.6960201263427734
v -10.751064300537109 -20.121166229248047 -9.214329719543457
v -11.052855491638184 -20.685983657836914 -9.7387104034423828
v -11.349604606628418 -21.241363525390625 -10.268484115600586
v -11.637008666992188 -21.779254913330078 -10.794954299926758
v -11.928384780883789 -22.324581146240234 -11.342140197753906
v -12.210925102233887 -22.853368759155273 -11.885653495788574
v -12.489458084106445 -23.374658584594727 -12.433914184570313
v -12.764036178588867 -23.888544082641602 -12.986490249633789
v -13.02387523651123 -24.374847412109375 -13.520472526550293
v -13.293530464172363 -24.879520416259766 -14.086491584777832
v -13.55443000793457 -25.367807388305664 -14.645051002502441
v -13.816143035888672 -25.857616424560547 -15.215867042541504
v -14.079865455627441 -26.351186752319336 -15.798020362854004
v 0 0 0
v -0.46530714631080627 -0.9212842583656311 -0.024128280580043793
v -0.92721354961395264 -1.8358352184295654 -0.08182670921087265
v -1.3671308755874634 -2.7068488597869873 -0.17377860844135284
v -1.8376954793930054 -3.638542652130127 -0.3112160861492157
v -2.2871122360229492 -4.5283646583557129 -0.48015677928924561
v -2.7140579223632813 -5.3736953735351563 -0.67474907636642456
v -3.1669347286224365 -6.2703676223754883 -0.9174727201461792
v -3.5957157611846924 -7.1193323135375977 -1.1817342042922974
v -4.0169205665588379 -7.9532957077026367 -1.4739539623260498
v -4.4298257827758789 -8.7708272933959961 -1.7918034791946411
v -4.8186311721801758 -9.5406427383422852 -2.1195085048675537
v -5.2301449775695801 -10.35541820526123 -2.4963674545288086
v -5.617866039276123 -11.123085975646973 -2.8796780109405518
v -5.9974884986877441 -11.87471866607666 -3.2815296649932861
v -6.3691244125366211 -12.610538482666016 -3.7003710269927979
v -6.7346348762512207 -13.334231376647949 -4.136864185333252
v -7.0915708541870117 -14.040946006774902 -4.5866174697875977
v -7.4283022880554199 -14.707656860351563 -5.0322003364562988
v -7.7650341987609863 -15.374368667602539 -5.4984498023986816
v -8.1017656326293945 -16.041080474853516 -5.9853668212890625
v -8.4384975433349609 -16.707792282104492 -6.4929509162902832
v -8.7550258636474609 -17.334501266479492 -6.9889240264892578
v -9.0917577743530273 -18.001213073730469 -7.5366020202636719
v -9.3886356353759766 -18.589015960693359 -8.0366029739379883
v -9.6926250457763672 -19.190898895263672 -8.5652275085449219
v -9.9912729263305664 -19.782205581665039 -9.1009645462036133
v -10.28482723236084 -20.363430023193359 -9.6434087753295898
v -10.573531150817871 -20.935049057006836 -10.192208290100098
v -10.85741138458252 -21.497116088867188 -10.746652603149414
v -11.132351875305176 -22.041484832763672 -11.297637939453125
v -11.411091804504395 -22.593376159667969 -11.870304107666016
v -11.681379318237305 -23.128530502319336 -12.439126968383789
v -11.947834014892578 -23.656097412109375 -13.012918472290039
v -12.210503578186035 -24.176170349121094 -13.591225624084473
v -12.459074974060059 -24.668327331542969 -14.150074005126953
v -12.717036247253418 -25.1790771484375 -14.742450714111328
v -12.966621398925781 -25.673242568969727 -15.327019691467285
v -13.216984748840332 -26.168949127197266 -15.924417495727539
v -13.469269752502441 -26.668462753295898 -16.533679962158203
v 0 0 0
v -0.44287252426147461 -0.93227583169937134 -0.025217656046152115
v -0.88250827789306641 -1.8577380180358887 -0.085521124303340912
v -1.3012151718139648 -2.7391436100006104 -0.18162459135055542
v -1.749091625213623 -3.6819531917572021 -0.3252672553062439
v -2.1768398284912109 -4.5823912620544434 -0.50183552503585815
v -2.5832004547119141 -5.4378070831298828 -0.70521354675292969
v -3.0142419338226318 -6.3451776504516602 -0.95889592170715332
v -3.4223494529724121 -7.2042708396911621 -1.235088586807251
v -3.8232460021972656 -8.0481843948364258 -1.5405019521713257
v -4.2162432670593262 -8.8754701614379883 -1.8727020025253296
v -4.5863027572631836 -9.6544694900512695 -2.215202808380127
v -4.9779753684997559 -10.478965759277344 -2.6090764999389648
v -5.3470025062561035 -11.255792617797852 -3.0096933841705322
v -5.7083215713500977 -12.016392707824707 -3.4296884536743164
v -6.0620388984680176 -12.760991096496582 -3.8674399852752686
v -6.4099268913269043 -13.493318557739258 -4.3236408233642578
v -6.7496528625488281 -14.208463668823242 -4.7937002182006836
v -7.0701494216918945 -14.883130073547363 -5.2594003677368164
v -7.3906455039978027 -15.557795524597168 -5.7467007637023926
v -7.7111420631408691 -16.232461929321289 -6.2556018829345703
v -8.0316381454467773 -16.907127380371094 -6.7861027717590332
v -8.3329048156738281 -17.541313171386719 -7.3044686317443848
v -8.6534013748168945 -18.215980529785156 -7.8768739700317383
v -8.9359655380249023 -18.810796737670898 -8.399449348449707
v -9.2252979278564453 -19.41986083984375 -8.9519405364990234
v -9.5095462799072266 -20.018222808837891 -9.5118656158447266
v -9.7889480590820313 -20.606380462646484 -10.078801155090332
v -10.063732147216797 -21.184818267822266 -10.652379035949707
v -10.333925247192383 -21.753593444824219 -11.231855392456055
v -10.595608711242676 -22.304454803466797 -11.807718276977539
v -10.860910415649414 -22.862930297851563 -12.40623950958252
v -11.118165016174316 -23.404470443725586 -13.000744819641113
v -11.371772766113281 -23.938331604003906 -13.600441932678223
v -11.62177848815918 -24.464609146118164 -14.204859733581543
v -11.858365058898926 -24.962638854980469 -14.788939476013184
v -12.103888511657715 -25.479482650756836 -15.408061027526855
v -12.341439247131348 -25.979543685913086 -16.019023895263672
v -12.579731941223145 -26.481164932250977 -16.643392562866211
v -12.819853782653809 -26.986637115478516 -17.280162811279297
v 0 0 0
v -0.41984972357749939 -0.94286739826202393 -0.026279594749212265
v -0.83663094043731689 -1.8788437843322754 -0.089122496545314789
v -1.2335712909698486 -2.7702629566192627 -0.18927296996116638
v -1.6581648588180542 -3.7237837314605713 -0.3389645516872406
v -2.0636765956878662 -4.6344518661499023 -0.52296823263168335
v -2.4489123821258545 -5.4995861053466797 -0.73491072654724121
v -2.8575460910797119 -6.4172654151916504 -0.99927586317062378
v -3.2444381713867188 -7.2861185073852539 -1.2870993614196777
v -3.6244938373565674 -8.1396198272705078 -1.6053738594055176
v -3.9970612525939941 -8.9763040542602539 -1.9515632390975952
v -4.3478832244873047 -9.7641534805297852 -2.3084869384765625
v -4.7191944122314453 -10.598017692565918 -2.718947172164917
v -5.069037914276123 -11.383669853210449 -3.1364343166351318
v -5.4115738868713379 -12.152911186218262 -3.5741157531738281
v -5.7469029426574707 -12.90596866607666 -4.030301570892334
v -6.0767059326171875 -13.646615982055664 -4.5057129859924316
v -6.3987712860107422 -14.36988639831543 -4.9955668449401855
v -6.7026066780090332 -15.052217483520508 -5.4808783531188965
v -7.0064420700073242 -15.734548568725586 -5.9886999130249023
v -7.310276985168457 -16.416879653930664 -6.5190310478210449
v -7.614112377166748 -17.099208831787109 -7.0718717575073242
v -7.8997178077697754 -17.7406005859375 -7.6120667457580566
v -8.2035531997680664 -18.422931671142578 -8.2085762023925781
v -8.4714279174804688 -19.024505615234375 -8.7531585693359375
v -8.7457199096679688 -19.64048957824707 -9.3289155960083008
v -9.0151910781860352 -20.245649337768555 -9.912419319152832
v -9.2800683975219727 -20.840490341186523 -10.503229141235352
v -9.5405673980712891 -21.425498962402344 -11.100960731506348
v -9.7967138290405273 -22.000734329223633 -11.704839706420898
v -10.044795036315918 -22.557855606079102 -12.304951667785645
v -10.296303749084473 -23.122676849365234 -12.928677558898926
v -10.540185928344727 -23.670368194580078 -13.5482177734375
v -10.780610084533691 -24.210294723510742 -14.173169136047363
v -11.017618179321289 -24.742551803588867 -14.80303955078125
v -11.24190616607666 -25.246238708496094 -15.411714553833008
v -11.474665641784668 -25.768955230712891 -16.056909561157227
v -11.699868202209473 -26.274696350097656 -16.693599700927734
v -11.925772666931152 -26.782016754150391 -17.344261169433594
v -12.153411865234375 -27.293231964111328 -18.007846832275391
v 0 0 0
v -0.3952062726020813 -0.95345896482467651 -0.02735363133251667
v -0.78752410411834717 -1.8999495506286621 -0.092764899134635925
v -1.161165714263916 -2.801382303237915 -0.19700849056243896
v -1.5608373880386353 -3.7656145095825195 -0.35281792283058167
v -1.942547082901001 -4.6865124702453613 -0.5443418025970459
v -2.3051712512969971 -5.5613651275634766 -0.76494622230529785
v -2.6898198127746582 -6.4893527030944824 -1.0401159524917603
v -3.0540027618408203 -7.3679661750793457 -1.3397026062011719
v -3.4117510318756104 -8.2310552597045898 -1.6709848642349243
v -3.7624499797821045 -9.0771379470825195 -2.0313229560852051
v -4.0926799774169922 -9.8738384246826172 -2.4028339385986328
v -4.442197322845459 -10.717068672180176 -2.8300695419311523
v -4.7715058326721191 -11.51154613494873 -3.2646193504333496
v -5.0939364433288574 -12.289429664611816 -3.7201883792877197
v -5.4095830917358398 -13.050946235656738 -4.1950182914733887
v -5.7200279235839844 -13.79991340637207 -4.6898598670959473
v -6.0231895446777344 -14.531309127807617 -5.1997342109680176
v -6.3091907501220703 -15.221303939819336 -5.7048802375793457
v -6.5951924324035645 -15.911299705505371 -6.2334556579589844
v -6.8811936378479004 -16.601295471191406 -6.78546142578125
v -7.1671953201293945 -17.291292190551758 -7.3608965873718262
v -7.4360365867614746 -17.939888000488281 -7.9231691360473633
v -7.7220377922058105 -18.6298828125 -8.5440578460693359
v -7.9741897583007813 -19.238214492797852 -9.110896110534668
v -8.2323818206787109 -19.861118316650391 -9.7101850509643555
v -8.4860363006591797 -20.473075866699219 -10.317536354064941
v -8.7353658676147461 -21.07459831237793 -10.932492256164551
v -8.9805755615234375 -21.666179656982422 -11.554653167724609
v -9.2216873168945313 -22.24787712097168 -12.183211326599121
v -9.4552068710327148 -22.811256408691406 -12.80785083770752
v -9.6919527053833008 -23.382421493530273 -13.457067489624023
v -9.9215202331542969 -23.93626594543457 -14.1019287109375
v -10.147831916809082 -24.482257843017578 -14.752421379089355
v -10.370929718017578 -25.02049446105957 -15.408034324645996
v -10.582052230834961 -25.529840469360352 -16.041585922241211
v -10.801150321960449 -26.058427810668945 -16.71314811706543
v -11.013134002685547 -26.569850921630859 -17.375860214233398
v -11.225778579711914 -27.082868576049805 -18.053115844726563
v -11.440055847167969 -27.599826812744141 -18.743820190429688
v 0 0 0
v -0.37029615044593811 -0.96340721845626831 -0.028373505920171738
v -0.73788595199584961 -1.9197733402252197 -0.096223622560501099
v -1.0879766941070557 -2.8306114673614502 -0.20435389876365662
v -1.4624567031860352 -3.8049042224884033 -0.36597266793251038
v -1.820107102394104 -4.7354106903076172 -0.56463742256164551
v -2.1598749160766602 -5.6193914413452148 -0.79346710443496704
v -2.5202786922454834 -6.5570616722106934 -1.0788964033126831
v -2.8615069389343262 -7.4448423385620117 -1.3896530866622925
v -3.1967058181762695 -8.3169364929199219 -1.7332872152328491
v -3.5253002643585205 -9.1718473434448242 -2.107060432434082
v -3.8347156047821045 -9.9768600463867188 -2.4924230575561523
v -4.1622023582458496 -10.828888893127441 -2.9355881214141846
v -4.4707546234130859 -11.631656646728516 -3.3863399028778076
v -4.7728619575500488 -12.417654991149902 -3.8588948249816895
v -5.0686135292053223 -13.187117576599121 -4.3514289855957031
v -5.3594908714294434 -13.943899154663086 -4.864720344543457
v -5.6435437202453613 -14.682926177978516 -5.3936052322387695
v -5.9115185737609863 -15.380121231079102 -5.9175853729248047
v -6.1794929504394531 -16.077316284179688 -6.4658689498901367
v -6.4474673271179199 -16.774511337280273 -7.0384559631347656
v -6.7154421806335449 -17.471706390380859 -7.6353459358215332
v -6.9673380851745605 -18.127069473266602 -8.2185831069946289
v -7.2353124618530273 -18.824264526367188 -8.8626213073730469
v -7.4715709686279297 -19.438943862915039 -9.4505939483642578
v -7.7134890556335449 -20.06834602355957 -10.072226524353027
v -7.9511561393737793 -20.686689376831055 -10.702223777770996
v -8.1847696304321289 -21.294486999511719 -11.340107917785645
v -8.4145231246948242 -21.892242431640625 -11.985466003417969
v -8.6404380798339844 -22.480009078979492 -12.637460708618164
v -8.8592386245727539 -23.049264907836914 -13.285388946533203
v -9.0810623168945313 -23.62639045715332 -13.95881175994873
v -9.2961597442626953 -24.186014175415039 -14.627716064453125
v -9.5082073211669922 -24.737701416015625 -15.302462577819824
v -9.7172422409057617 -25.281553268432617 -15.982519149780273
v -9.9150581359863281 -25.796213150024414 -16.639694213867188
v -10.120346069335938 -26.330316543579102 -17.336296081542969
v -10.318968772888184 -26.847076416015625 -18.023715972900391
v -10.518210411071777 -27.365447998046875 -18.726222991943359
v -10.718981742858887 -27.887798309326172 -19.442680358886719
v 0 0 0
v -0.34513610601425171 -0.9727051854133606 -0.02933637797832489
v -0.68774974346160889 -1.9383013248443604 -0.099489025771617889
v -1.0140533447265625 -2.8579301834106445 -0.21128876507282257
v -1.3630890846252441 -3.8416259288787842 -0.37839215993881226
v -1.6964386701583862 -4.7811126708984375 -0.58379876613616943
v -2.0131206512451172 -5.6736249923706055 -0.82039386034011841
v -2.349036693572998 -6.6203446388244629 -1.1155093908309937
v -2.6670799255371094 -7.5166935920715332 -1.4368118047714233
v -2.9795036315917969 -8.3972043991088867 -1.7921073436737061
v -3.285771369934082 -9.2603664398193359 -2.1785647869110107
v -3.5741631984710693 -10.073147773742676 -2.5770049095153809
v -3.8793988227844238 -10.93340015411377 -3.0352089405059814
v -4.1669864654541016 -11.743914604187012 -3.5012574195861816
v -4.4485669136047363 -12.53749942779541 -3.9898488521575928
v -4.7242231369018555 -13.314388275146484 -4.4990968704223633
v -4.9953365325927734 -14.078474044799805 -5.0298075675964355
v -5.2600893974304199 -14.82463264465332 -5.5766401290893555
v -5.5098562240600586 -15.528556823730469 -6.1184020042419434
v -5.7596230506896973 -16.232481002807617 -6.6852917671203613
v -6.0093898773193359 -16.936403274536133 -7.2773098945617676
v -6.2591567039489746 -17.640327453613281 -7.8944559097290039
v -6.4939374923706055 -18.30201530456543 -8.4974851608276367
v -6.7437043190002441 -19.005939483642578 -9.1633796691894531
v -6.9639101028442383 -19.626550674438477 -9.771306037902832
v -7.1893906593322754 -20.262027740478516 -10.414033889770508
v -7.4109091758728027 -20.88633918762207 -11.065409660339355
v -7.6286501884460449 -21.500003814697266 -11.724941253662109
v -7.8427929878234863 -22.103527069091797 -12.392199516296387
v -8.0533571243286133 -22.696966171264648 -13.066319465637207
v -8.2572917938232422 -23.271717071533203 -13.736236572265625
v -8.4640436172485352 -23.854412078857422 -14.432512283325195
v -8.6645259857177734 -24.419435501098633 -15.124115943908691
v -8.8621654510498047 -24.976448059082031 -15.821760177612305
v -9.0569982528686523 -25.525548934936523 -16.524894714355469
v -9.2413730621337891 -26.045177459716797 -17.204370498657227
v -9.4327125549316406 -26.584434509277344 -17.924612045288086
v -9.6178388595581055 -27.106180191040039 -18.635360717773438
v -9.8035430908203125 -27.629554748535156 -19.36170768737793
v -9.9906730651855469 -28.156948089599609 -20.10247802734375
v 0 0 0
v -0.31894317269325256 -0.98160618543624878 -0.030266720801591873
v -0.63555532693862915 -1.9560381174087524 -0.10264411568641663
v -0.93709516525268555 -2.8840823173522949 -0.21798937022686005
v -1.2596420049667358 -3.8767795562744141 -0.39039209485054016
v -1.5676931142807007 -4.8248634338378906 -0.60231274366378784
v -1.8603416681289673 -5.7255430221557617 -0.84641098976135254
v -2.1707644462585449 -6.6809258460998535 -1.1508854627609253
v -2.4646708965301514 -7.5854768753051758 -1.4823774099349976
v -2.7533841133117676 -8.4740447998046875 -1.848940372467041
v -3.0364089012145996 -9.3451051712036133 -2.2476534843444824
v -3.3029141426086426 -10.165325164794922 -2.6587293148040771
v -3.5849847793579102 -11.033449172973633 -3.1314644813537598
v -3.8507468700408936 -11.851380348205566 -3.6122925281524658
v -4.1109576225280762 -12.652227401733398 -4.1163787841796875
v -4.3656940460205078 -13.436224937438965 -4.6417765617370605
v -4.6162323951721191 -14.207302093505859 -5.1893177032470703
v -4.8608927726745605 -14.960289001464844 -5.7534918785095215
v -5.0917043685913086 -15.670654296875 -6.3124346733093262
v -5.3225159645080566 -16.381019592285156 -6.8973021507263184
v -5.5533275604248047 -17.091384887695313 -7.5080947875976563
v -5.7841391563415527 -17.801750183105469 -8.1448125839233398
v -6.0011019706726074 -18.469493865966797 -8.7669658660888672
v -6.2319135665893555 -19.17985725402832 -9.4539775848388672
v -6.4354076385498047 -19.806148529052734 -10.081182479858398
v -6.6437764167785645 -20.447441101074219 -10.744293212890625
v -6.8484830856323242 -21.077465057373047 -11.416326522827148
v -7.0496997833251953 -21.696744918823242 -12.096773147583008
v -7.2475905418395996 -22.305789947509766 -12.785192489624023
v -7.4421753883361816 -22.904659271240234 -13.480690956115723
v -7.6306319236755371 -23.484670639038086 -14.171853065490723
v -7.8216938972473145 -24.072698593139648 -14.890210151672363
v -8.0069608688354492 -24.642892837524414 -15.60374641418457
v -8.1896018981933594 -25.205001831054688 -16.323514938354492
v -8.3696479797363281 -25.759126663208008 -17.048948287963867
v -8.5400295257568359 -26.283510208129883 -17.749973297119141
v -8.7168483734130859 -26.827701568603516 -18.49305534362793
v -8.8879251480102539 -27.354221343994141 -19.226343154907227
v -9.0595359802246094 -27.88238525390625 -19.975725173950195
v -9.2324647903442383 -28.414604187011719 -20.739986419677734
v 0 0 0
v -0.29219788312911987 -0.98989629745483398 -0.031140571460127831
v -0.58226019144058228 -1.9725579023361206 -0.10560762137174606
v -0.85851413011550903 -2.9084398746490479 -0.22428308427333832
v -1.1540135145187378 -3.9095208644866943 -0.40166336297988892
v -1.4362326860427856 -4.8656115531921387 -0.61970251798629761
v -1.7043408155441284 -5.773897647857666 -0.87084829807281494
v -1.9887328147888184 -6.7373495101928711 -1.1841135025024414
v -2.2579934597015381 -7.6495399475097656 -1.5251760482788086
v -2.5224964618682861 -8.5456123352050781 -1.9023224115371704
v -2.7817878723144531 -9.4240293502807617 -2.312546968460083
v -3.0259451866149902 -10.251175880432129 -2.7354912757873535
v -3.2843625545501709 -11.126631736755371 -3.2218751907348633
v -3.5278387069702148 -11.951471328735352 -3.7165853977203369
v -3.7662293910980225 -12.759081840515137 -4.2352252006530762
v -3.9996047019958496 -13.549700736999512 -4.7757925987243652
v -4.2291336059570313 -14.327289581298828 -5.339141845703125
v -4.453277587890625 -15.086636543273926 -5.9196047782897949
v -4.6647343635559082 -15.803000450134277 -6.494685173034668
v -4.8761911392211914 -16.519365310668945 -7.0964388847351074
v -5.0876479148864746 -17.235729217529297 -7.7248663902282715
v -5.2991046905517578 -17.952095031738281 -8.3799667358398438
v -5.4978737831115723 -18.625476837158203 -9.0200824737548828
v -5.7093305587768555 -19.341840744018555 -9.7269296646118164
v -5.8957605361938477 -19.973421096801758 -10.372243881225586
v -6.0866560935974121 -20.62013053894043 -11.054499626159668
v -6.2741971015930176 -21.255474090576172 -11.745935440063477
v -6.4585399627685547 -21.879983901977539 -12.446027755737305
v -6.6398367881774902 -22.494173049926758 -13.154322624206543
v -6.8181042671203613 -23.098100662231445 -13.869901657104492
v -6.990757942199707 -23.683010101318359 -14.581018447875977
v -7.1657977104187012 -24.276002883911133 -15.320115089416504
v -7.3355293273925781 -24.85101318359375 -16.054252624511719
v -7.5028543472290039 -25.417869567871094 -16.794801712036133
v -7.6678028106689453 -25.976675033569336 -17.541179656982422
v -7.8238973617553711 -26.505485534667969 -18.262443542480469
v -7.9858884811401367 -27.05427360534668 -19.026981353759766
v -8.1426200866699219 -27.585241317749023 -19.781440734863281
v -8.299839973449707 -28.117866516113281 -20.552457809448242
v -8.4582672119140625 -28.654579162597656 -21.338785171508789
v 0 0 0
v -0.26359912753105164 -0.99789178371429443 -0.031990259885787964
v -0.5252717137336731 -1.9884904623031616 -0.10848919302225113
v -0.77448743581771851 -2.931931734085083 -0.23040278255939484
v -1.041064977645874 -3.9410984516143799 -0.41262298822402954
v -1.2956620454788208 -4.904911994934082 -0.6366114616394043
v -1.5375292301177979 -5.8205342292785645 -0.89460986852645874
v -1.7940864562988281 -6.7917680740356445 -1.2164227962493896
v -2.0369932651519775 -7.7113261222839355 -1.5667914152145386
v -2.2756080627441406 -8.6146364212036133 -1.954228401184082
v -2.509521484375 -9.500147819519043 -2.3756461143493652
v -2.7297821044921875 -10.333975791931152 -2.8101308345794678
v -2.9629068374633789 -11.216503143310547 -3.3097858428955078
v -3.1825530529022217 -12.048004150390625 -3.8179945945739746
v -3.397611141204834 -12.862137794494629 -4.3507862091064453
v -3.608144998550415 -13.659143447875977 -4.9061031341552734
v -3.815208911895752 -14.443013191223145 -5.4848237037658691
v -4.0174150466918945 -15.208492279052734 -6.0811247825622559
v -4.2081756591796875 -15.930643081665039 -6.6718964576721191
v -4.3989357948303223 -16.652793884277344 -7.290069580078125
v -4.5896964073181152 -17.374944686889648 -7.9356436729431152
v -4.7804570198059082 -18.097095489501953 -8.6086196899414063
v -4.9597716331481934 -18.775917053222656 -9.2662010192871094
v -5.1505322456359863 -19.498067855834961 -9.9923343658447266
v -5.3187150955200195 -20.134748458862305 -10.655256271362305
v -5.4909272193908691 -20.786680221557617 -11.356127738952637
v -5.6601123809814453 -21.427156448364258 -12.06643009185791
v -5.8264131546020508 -22.056711196899414 -12.785624504089355
v -5.9899654388427734 -22.675861358642578 -13.513246536254883
v -6.150784969329834 -23.284666061401367 -14.248350143432617
v -6.3065404891967773 -23.874300003051758 -14.978869438171387
v -6.4644484519958496 -24.472084045410156 -15.738133430480957
v -6.6175675392150879 -25.051738739013672 -16.492301940917969
v -6.7685155868530273 -25.623172760009766 -17.253057479858398
v -6.9173197746276855 -26.186491012573242 -18.019802093505859
v -7.0581364631652832 -26.719573974609375 -18.760746002197266
v -7.2042732238769531 -27.272794723510742 -19.546142578125
v -7.3456640243530273 -27.808050155639648 -20.321187973022461
v -7.4874963760375977 -28.344976425170898 -21.113243103027344
v -7.6304178237915039 -28.886026382446289 -21.921026229858398
v 0 0 0
v -0.2331094890832901 -1.0054512023925781 -0.032800067216157913
v -0.46451526880264282 -2.0035538673400879 -0.11123550683259964
v -0.68490499258041382 -2.9541420936584473 -0.23623523116111755
v -0.92064833641052246 -3.9709537029266357 -0.42306819558143616
v -1.1457970142364502 -4.9420680999755859 -0.65272676944732666
v -1.3596881628036499 -5.8646268844604492 -0.91725623607635498
v -1.5865702629089355 -6.8432178497314453 -1.2472155094146729
v -1.8013808727264404 -7.7697420120239258 -1.6064534187316895
v -2.0123960971832275 -8.6798954010009766 -2.0036981105804443
v -2.2192533016204834 -9.5721149444580078 -2.4357836246490479
v -2.4140369892120361 -10.412259101867676 -2.8812670707702637
v -2.620197057723999 -11.301471710205078 -3.3935704231262207
v -2.8144373893737793 -12.13927173614502 -3.9146440029144287
v -3.0046205520629883 -12.959572792053223 -4.4609227180480957
v -3.1908025741577148 -13.762615203857422 -5.030296802520752
v -3.3739161491394043 -14.552423477172852 -5.6236672401428223
v -3.5527336597442627 -15.323701858520508 -6.2350635528564453
v -3.7214295864105225 -16.051322937011719 -6.8407902717590332
v -3.8901252746582031 -16.77894401550293 -7.474611759185791
v -4.0588212013244629 -17.506565093994141 -8.1365280151367188
v -4.2275171279907227 -18.234186172485352 -8.8265390396118164
v -4.3860912322998047 -18.918149948120117 -9.5007667541503906
v -4.5547866821289063 -19.645771026611328 -10.245282173156738
v -4.703516960144043 -20.287275314331055 -10.924984931945801
v -4.855809211730957 -20.944147109985352 -11.643598556518555
v -5.0054259300231934 -21.589473724365234 -12.371881484985352
v -5.1524910926818848 -22.223798751831055 -13.109282493591309
v -5.2971258163452148 -22.847639083862305 -13.85532283782959
v -5.4393439292907715 -23.461055755615234 -14.609035491943359
v -5.5770835876464844 -24.055156707763672 -15.358047485351563
v -5.7167267799377441 -24.657466888427734 -16.136531829833984
v -5.852135181427002 -25.241512298583984 -16.909791946411133
v -5.9856233596801758 -25.817277908325195 -17.68980598449707
v -6.117215633392334 -26.384862899780273 -18.475957870483398
v -6.2417449951171875 -26.92198371887207 -19.235658645629883
v -6.3709783554077148 -27.479394912719727 -20.040937423706055
v -6.4960150718688965 -28.018705368041992 -20.835603713989258
v -6.6214423179626465 -28.559700012207031 -21.647706985473633
v -6.7478322982788086 -29.104846954345703 -22.47593879699707
v 0 0 0
v -0.20240411162376404 -1.0120800733566284 -0.033515471965074539
v -0.40332895517349243 -2.0167632102966309 -0.11366167664527893
v -0.5946887731552124 -2.9736185073852539 -0.24138778448104858
v -0.79937982559204102 -3.9971339702606201 -0.43229576945304871
v -0.99487173557281494 -4.9746508598327637 -0.66696345806121826
v -1.180588960647583 -5.9032917022705078 -0.93726259469985962
v -1.3775860071182251 -6.8883347511291504 -1.2744185924530029
v -1.5641015768051147 -7.8209676742553711 -1.6414920091629028
v -1.747321605682373 -8.73712158203125 -2.047400951385498
v -1.9269315004348755 -9.635223388671875 -2.4889106750488281
v -2.0960581302642822 -10.48090648651123 -2.944110631942749
v -2.2750625610351563 -11.375981330871582 -3.467587947845459
v -2.4437174797058105 -12.219305038452148 -4.0000267028808594
v -2.6088495254516602 -13.045014381408691 -4.558220386505127
v -2.7705075740814209 -13.853351593017578 -5.1400132179260254
v -2.9295012950897217 -14.648366928100586 -5.7463259696960449
v -3.0847647190093994 -15.42473030090332 -6.3710570335388184
v -3.2312397956848145 -16.157148361206055 -6.9899954795837402
v -3.3777148723602295 -16.889566421508789 -7.6376409530639648
v -3.5241899490356445 -17.621984481811523 -8.3139944076538086
v -3.6706650257110596 -18.354404449462891 -9.0190563201904297
v -3.8083515167236328 -19.042877197265625 -9.7079887390136719
v -3.9548265933990479 -19.775295257568359 -10.468743324279785
v -4.0839657783508301 -20.421028137207031 -11.163270950317383
v -4.2161984443664551 -21.082229614257813 -11.89755916595459
v -4.346107006072998 -21.7318115234375 -12.641725540161133
v -4.4738006591796875 -22.370317459106445 -13.395210266113281
v -4.5993843078613281 -22.998271942138672 -14.157523155212402
v -4.7228689193725586 -23.615732192993164 -14.927674293518066
v -4.8424654006958008 -24.213750839233398 -15.693023681640625
v -4.9637150764465332 -24.820032119750977 -16.488487243652344
v -5.0812873840332031 -25.407928466796875 -17.27861213684082
v -5.1971921920776367 -25.98748779296875 -18.075639724731445
v -5.3114514350891113 -26.558816909790039 -18.878938674926758
v -5.4195771217346191 -27.099477767944336 -19.655208587646484
v -5.5317878723144531 -27.660564422607422 -20.478052139282227
v -5.640355110168457 -28.203432083129883 -21.290050506591797
v -5.749260425567627 -28.747991561889648 -22.119867324829102
v -5.8590025901794434 -29.296733856201172 -22.966165542602539
v 0 0 0
v -0.17151136696338654 -1.0177716016769409 -0.034133549779653549
v -0.34176921844482422 -2.0281047821044922 -0.11575776338577271
v -0.50392192602157593 -2.9903409481048584 -0.24583934247493744
v -0.67737120389938354 -4.0196123123168945 -0.44026795029640198
v -0.84302538633346558 -5.0026264190673828 -0.67926323413848877
v -1.000396728515625 -5.9364900588989258 -0.95454710721969604
v -1.1673263311386108 -6.9270720481872559 -1.297920823097229
v -1.3253742456436157 -7.8649497032165527 -1.67176353931427
v -1.4806294441223145 -8.7862558364868164 -2.085158109664917
v -1.6328257322311401 -9.6894083023071289 -2.5348100662231445
v -1.7761386632919312 -10.539847373962402 -2.9984045028686523
v -1.9278218746185303 -11.439955711364746 -3.5315353870391846
v -2.0707352161407471 -12.288022041320801 -4.0737934112548828
v -2.2106633186340332 -13.118374824523926 -4.6422805786132813
v -2.3476474285125732 -13.931258201599121 -5.2348027229309082
v -2.4823741912841797 -14.730744361877441 -5.8522963523864746
v -2.6139400005340576 -15.511473655700684 -6.488548755645752
v -2.7380585670471191 -16.248010635375977 -7.118901252746582
v -2.8621773719787598 -16.984548568725586 -7.7784905433654785
v -2.9862961769104004 -17.721084594726563 -8.4673166275024414
v -3.1104147434234619 -18.457622528076172 -9.1853809356689453
v -3.2270863056182861 -19.149967193603516 -9.887019157409668
v -3.3512051105499268 -19.886505126953125 -10.661802291870117
v -3.4606337547302246 -20.535869598388672 -11.369138717651367
v -3.5726838111877441 -21.200788497924805 -12.11696720123291
v -3.6827647686004639 -21.854024887084961 -12.874857902526855
v -3.790968656539917 -22.496120452880859 -13.642237663269043
v -3.8973844051361084 -23.127605438232422 -14.418608665466309
v -4.0020217895507813 -23.748538970947266 -15.202962875366211
v -4.1033644676208496 -24.349920272827148 -15.982425689697266
v -4.2061076164245605 -24.959611892700195 -16.792558670043945
v -4.3057351112365723 -25.550813674926758 -17.597255706787109
v -4.4039497375488281 -26.133632659912109 -18.408981323242188
v -4.5007691383361816 -26.708173751831055 -19.227094650268555
v -4.5923919677734375 -27.251876831054688 -20.017681121826172
v -4.6874761581420898 -27.816118240356445 -20.855697631835938
v -4.779472827911377 -28.362037658691406 -21.682670593261719
v -4.8717560768127441 -28.909660339355469 -22.527791976928711
v -4.9647483825683594 -29.461488723754883 -23.389694213867188
v 0 0 0
v -0.13900229334831238 -1.0227184295654297 -0.03467322513461113
v -0.27698865532875061 -2.0379621982574463 -0.11758797615766525
v -0.40840619802474976 -3.0048754215240479 -0.24972622096538544
v -0.54897904396057129 -4.039149284362793 -0.44722890853881836
v -0.68323439359664917 -5.0269412994384766 -0.69000285863876343
v -0.81077688932418823 -5.9653439521789551 -0.9696391224861145
v -0.94606578350067139 -6.9607405662536621 -1.3184418678283691
v -1.0741565227508545 -7.9031767845153809 -1.698195219039917
v -1.1999839544296265 -8.8289604187011719 -2.1181259155273438
v -1.3233321905136108 -9.7365036010742188 -2.5748870372772217
v -1.4394810199737549 -10.591075897216797 -3.0458111763000488
v -1.5624134540557861 -11.495558738708496 -3.5873713493347168
v -1.6782382726669312 -12.347747802734375 -4.1382026672363281
v -1.7916437387466431 -13.182135581970215 -4.7156782150268555
v -1.9026633501052856 -13.998970031738281 -5.3175687789916992
v -2.0118532180786133 -14.802341461181641 -5.9448256492614746
v -2.1184813976287842 -15.586865425109863 -6.5911374092102051
v -2.2190742492675781 -16.326982498168945 -7.2314558029174805
v -2.319666862487793 -17.067100524902344 -7.9014739990234375
v -2.4202594757080078 -17.807216644287109 -8.601191520690918
v -2.5208520889282227 -18.547334671020508 -9.3306083679199219
v -2.6154091358184814 -19.243043899536133 -10.043339729309082
v -2.7160019874572754 -19.983161926269531 -10.83037281036377
v -2.8046889305114746 -20.635683059692383 -11.548892974853516
v -2.8955004215240479 -21.303834915161133 -12.308545112609863
v -2.9847161769866943 -21.960245132446289 -13.078418731689453
v -3.0724105834960938 -22.605461120605469 -13.857931137084961
v -3.1586556434631348 -23.240016937255859 -14.646576881408691
v -3.243459939956665 -23.863967895507813 -15.443332672119141
v -3.3255934715270996 -24.468271255493164 -16.235118865966797
v -3.4088621139526367 -25.080926895141602 -17.058061599731445
v -3.4896056652069092 -25.67500114440918 -17.875480651855469
v -3.5692043304443359 -26.260654449462891 -18.700040817260742
v -3.6476724147796631 -26.837987899780273 -19.531089782714844
v -3.721928596496582 -27.384332656860352 -20.334173202514648
v -3.7989897727966309 -27.951316833496094 -21.185441970825195
v -3.8735489845275879 -28.499889373779297 -22.025487899780273
v -3.9483406543731689 -29.050174713134766 -22.883970260620117
v -4.0237064361572266 -29.604682922363281 -23.759502410888672
v 0 0 0
v -0.10512042790651321 -1.026753306388855 -0.035115119069814682
v -0.20947256684303284 -2.0460023880004883 -0.11908657848834991
v -0.3088570237159729 -3.0167303085327148 -0.25290888547897339
v -0.41516518592834473 -4.0550847053527832 -0.45292863249778748
v -0.51669567823410034 -5.0467739105224609 -0.69879662990570068
v -0.61314964294433594 -5.9888782501220703 -0.98199677467346191
v -0.7154618501663208 -6.9882025718688965 -1.3352447748184204
v -0.81233042478561401 -7.934356689453125 -1.71983802318573
v -0.90748739242553711 -8.8637924194335938 -2.14512038230896
v -1.0007693767547607 -9.7749156951904297 -2.6077029705047607
v -1.0886069536209106 -10.632859230041504 -3.0846288204193115
v -1.1815744638442993 -11.540911674499512 -3.6330907344818115
v -1.2691669464111328 -12.396462440490723 -4.1909422874450684
v -1.3549298048019409 -13.234142303466797 -4.7757773399353027
v -1.4388883113861084 -14.05419921875 -5.3853387832641602
v -1.52146315574646 -14.860740661621094 -6.0205893516540527
v -1.6021007299423218 -15.648359298706055 -6.6751384735107422
v -1.6781738996505737 -16.391395568847656 -7.3236174583435059
v -1.7542470693588257 -17.134433746337891 -8.0021743774414063
v -1.8303202390670776 -17.877470016479492 -8.7108097076416016
v -1.9063934087753296 -18.620508193969727 -9.4495220184326172
v -1.9779021739959717 -19.318962097167969 -10.171337127685547
v -2.0539753437042236 -20.06199836730957 -10.968400955200195
v -2.1210448741912842 -20.717094421386719 -11.696078300476074
v -2.1897211074829102 -21.387882232666016 -12.465412139892578
v -2.257190465927124 -22.046882629394531 -13.245097160339355
v -2.3235092163085938 -22.694644927978516 -14.034543991088867
v -2.3887321949005127 -23.331703186035156 -14.833240509033203
v -2.4528651237487793 -23.95811653137207 -15.640151023864746
v -2.5149786472320557 -24.564804077148438 -16.442028045654297
v -2.5779504776000977 -25.179876327514648 -17.275459289550781
v -2.6390128135681152 -25.776294708251953 -18.103296279907227
v -2.6992092132568359 -26.3642578125 -18.938364028930664
v -2.7585506439208984 -26.943868637084961 -19.780004501342773
v -2.8147068023681641 -27.492368698120117 -20.59332275390625
v -2.8729844093322754 -28.061590194702148 -21.455440521240234
v -2.9293696880340576 -28.612327575683594 -22.306194305419922
v -2.9859309196472168 -29.164783477783203 -23.175617218017578
v -3.0429263114929199 -29.721481323242188 -24.062305450439453
v 0 0 0
v -0.070025630295276642 -1.0297420024871826 -0.035443734377622604
v -0.13953948020935059 -2.0519580841064453 -0.12020102888345718
v -0.20574411749839783 -3.0255115032196045 -0.2552756667137146
v -0.27656096220016479 -4.0668883323669434 -0.45716726779937744
v -0.34419518709182739 -5.0614643096923828 -0.70533615350723267
v -0.40844768285751343 -6.0063109397888184 -0.99118655920028687
v -0.47660261392593384 -7.0085439682006836 -1.3477404117584229
v -0.54113131761550903 -7.9574522972106934 -1.7359327077865601
v -0.60451984405517578 -8.8895940780639648 -2.1651949882507324
v -0.66665935516357422 -9.8033685684204102 -2.6321065425872803
v -0.72517198324203491 -10.663809776306152 -3.1134955883026123
v -0.78710204362869263 -11.574504852294922 -3.6670904159545898
v -0.84545153379440308 -12.43254566192627 -4.2301621437072754
v -0.90258216857910156 -13.272665023803711 -4.8204708099365234
v -0.9585108757019043 -14.095108032226563 -5.4357361793518066
v -1.0135178565979004 -14.903997421264648 -6.0769319534301758
v -1.0672342777252197 -15.693909645080566 -6.7376065254211426
v -1.1179101467132568 -16.439109802246094 -7.3921542167663574
v -1.1685860157012939 -17.184309005737305 -8.077061653137207
v -1.2192618846893311 -17.929508209228516 -8.792327880859375
v -1.2699378728866577 -18.674709320068359 -9.5379533767700195
v -1.3175731897354126 -19.37519645690918 -10.266523361206055
v -1.3682490587234497 -20.120395660400391 -11.071046829223633
v -1.4129272699356079 -20.777399063110352 -11.805533409118652
v -1.4586756229400635 -21.450138092041016 -12.582066535949707
v -1.5036201477050781 -22.111057281494141 -13.369048118591309
v -1.5477981567382813 -22.760705947875977 -14.165884017944336
v -1.5912462472915649 -23.399618148803711 -14.972054481506348
v -1.6339682340621948 -24.027854919433594 -15.786516189575195
v -1.6753449440002441 -24.636306762695313 -16.595897674560547
v -1.7172935009002686 -25.253170013427734 -17.437128067016602
v -1.7579699754714966 -25.851325988769531 -18.272712707519531
v -1.7980695962905884 -26.440999984741211 -19.115594863891602
v -1.8375996351242065 -27.022298812866211 -19.965110778808594
v -1.8750079870223999 -27.572395324707031 -20.786041259765625
v -1.9138294458389282 -28.143272399902344 -21.656227111816406
v -1.951390266418457 -28.695613861083984 -22.514942169189453
v -1.9890682697296143 -29.249677658081055 -23.392501831054688
v -2.0270357131958008 -29.807994842529297 -24.28748893737793
v 0 0 0
v -0.034849390387535095 -1.0315325260162354 -0.035641390830278397
v -0.069444082677364349 -2.0555260181427002 -0.12087134271860123
v -0.10239189118146896 -3.0307724475860596 -0.25669923424720764
v -0.13763503730297089 -4.0739598274230957 -0.45971670746803284
v -0.17129430174827576 -5.0702652931213379 -0.70926958322525024
v -0.20327059924602509 -6.0167551040649414 -0.99671399593353271
v -0.23718900978565216 -7.0207304954528809 -1.355256199836731
v -0.26930275559425354 -7.9712891578674316 -1.7456133365631104
v -0.30084908008575439 -8.9050512313842773 -2.177269458770752
v -0.33177381753921509 -9.8204154968261719 -2.646784782409668
v -0.36089357733726501 -10.682353019714355 -3.1308584213256836
v -0.39171409606933594 -11.594631195068359 -3.6875402927398682
v -0.42075264453887939 -12.454164505004883 -4.2537522315979004
v -0.44918462634086609 -13.295743942260742 -4.8473525047302246
v -0.47701844573020935 -14.119617462158203 -5.4660491943359375
v -0.50439357757568359 -14.929912567138672 -6.1108207702636719
v -0.53112643957138062 -15.721198081970215 -6.775179386138916
v -0.55634611845016479 -16.467693328857422 -7.4333772659301758
v -0.58156579732894897 -17.214189529418945 -8.1221036911010742
v -0.60678541660308838 -17.960685729980469 -8.8413591384887695
v -0.63200509548187256 -18.707181930541992 -9.5911426544189453
v -0.6557115912437439 -19.40888786315918 -10.323776245117188
v -0.68093127012252808 -20.15538215637207 -11.132785797119141
v -0.70316612720489502 -20.813528060913086 -11.871368408203125
v -0.72593355178833008 -21.487438201904297 -12.65223217010498
v -0.74830090999603271 -22.149505615234375 -13.443602561950684
v -0.77028685808181763 -22.800283432006836 -14.244881629943848
v -0.79190945625305176 -23.440305709838867 -15.055547714233398
v -0.81317079067230225 -24.069635391235352 -15.874550819396973
v -0.833762526512146 -24.679145812988281 -16.688446044921875
v -0.85463893413543701 -25.297080993652344 -17.534366607666016
v -0.87488222122192383 -25.896276473999023 -18.374610900878906
v -0.89483845233917236 -26.486976623535156 -19.222194671630859
v -0.91451120376586914 -27.069286346435547 -20.076448440551758
v -0.93312805891036987 -27.620338439941406 -20.901958465576172
v -0.95244818925857544 -28.192209243774414 -21.776994705200195
v -0.97114098072052002 -28.745510101318359 -22.640499114990234
v -0.98989206552505493 -29.300537109375 -23.522951126098633
v -1.0087871551513672 -29.859825134277344 -24.422929763793945
v 0 0 0
v 0 -1.0321217775344849 -0.035706669092178345
v 0 -2.0567002296447754 -0.12109272181987762
v 0 -3.032503604888916 -0.25716939568519592
v 0 -4.0762872695922852 -0.46055868268013
v 0 -5.0731616020202637 -0.71056860685348511
v 0 -6.0201921463012695 -0.99853956699371338
v 0 -7.0247411727905273 -1.3577383756637573
v 0 -7.9758424758911133 -1.7488105297088623
v 0 -8.9101381301879883 -2.1812572479248047
v 0 -9.8260250091552734 -2.6516323089599609
v 0 -10.688454627990723 -3.1365926265716553
v 0 -11.601254463195801 -3.6942939758300781
v 0 -12.461278915405273 -4.2615432739257813
v 0 -13.303339004516602 -4.8562307357788086
v 0 -14.127683639526367 -5.4760603904724121
v 0 -14.938441276550293 -6.1220126152038574
v 0 -15.730178833007813 -6.7875881195068359
v 0 -16.477100372314453 -7.4469919204711914
v 0 -17.224023818969727 -8.1369800567626953
v 0 -17.970945358276367 -8.8575525283813477
v 0 -18.717866897583008 -9.6087093353271484
v 0 -19.419973373413086 -10.342684745788574
v 0 -20.166896820068359 -11.153175354003906
v 0 -20.825416564941406 -11.893111228942871
v 0 -21.499711990356445 -12.675405502319336
v 0 -22.16215705871582 -13.46822452545166
v 0 -22.81330680847168 -14.270971298217773
v 0 -23.453695297241211 -15.083122253417969
v 0 -24.083385467529297 -15.90362548828125
v 0 -24.693244934082031 -16.719011306762695
v 0 -25.311532974243164 -17.566482543945313
v 0 -25.911069869995117 -18.408266067504883
v 0 -26.502107620239258 -19.257400512695313
v 0 -27.084749221801758 -20.113218307495117
v 0 -27.636117935180664 -20.940240859985352
v 0 -28.208314895629883 -21.816879272460938
v 0 -28.761930465698242 -22.681964874267578
v 0 -29.317276000976563 -23.566034317016602
v 0 -29.876882553100586 -24.467660903930664
v 0 0 0
v 0.035961255431175232 -1.0314943790435791 -0.035637166351079941
v 0.071659684181213379 -2.0554499626159668 -0.12085700780153275
v 0.10565869510173798 -3.0306601524353027 -0.2566688060760498
v 0.14202627539634705 -4.0738091468811035 -0.45966219902038574
v 0.17675943672657013 -5.0700774192810059 -0.70918548107147217
v 0.20975592732429504 -6.0165319442749023 -0.99659585952758789
v 0.24475648999214172 -7.0204706192016602 -1.3550955057144165
v 0.27789482474327087 -7.9709939956665039 -1.7454063892364502
v 0.31044763326644897 -8.9047212600708008 -2.177011251449585
v 0.3423590362071991 -9.8200521469116211 -2.6464710235595703
v 0.37240785360336304 -10.681957244873047 -3.1304872035980225
v 0.40421167016029358 -11.594202041625977 -3.6871030330657959
v 0.43417668342590332 -12.453702926635742 -4.2532477378845215
v 0.46351581811904907 -13.295251846313477 -4.8467779159545898
v 0.49223765730857849 -14.119094848632813 -5.4654011726379395
v 0.52048617601394653 -14.929360389709473 -6.1100959777832031
v 0.54807192087173462 -15.720616340637207 -6.7743759155273438
v 0.57409626245498657 -16.467084884643555 -7.4324960708618164
v 0.60012054443359375 -17.213552474975586 -8.1211404800415039
v 0.6261448860168457 -17.960020065307617 -8.8403110504150391
v 0.65216916799545288 -18.706487655639648 -9.5900058746337891
v 0.67663204669952393 -19.408168792724609 -10.322551727294922
v 0.7026563286781311 -20.154636383056641 -11.131465911865234
v 0.72560054063796997 -20.812755584716797 -11.869960784912109
v 0.74909436702728271 -21.486640930175781 -12.650732040405273
v 0.7721753716468811 -22.148685455322266 -13.442008972167969
v 0.79486274719238281 -22.7994384765625 -14.243192672729492
v 0.81717520952224731 -23.439437866210938 -15.053762435913086
v 0.83911490440368652 -24.068744659423828 -15.872669219970703
v 0.8603636622428894 -24.678232192993164 -16.686468124389648
v 0.88190609216690063 -25.296144485473633 -17.53228759765625
v 0.90279519557952881 -25.895318984985352 -18.372432708740234
v 0.92338818311691284 -26.485996246337891 -19.219915390014648
v 0.94368857145309448 -27.068283081054688 -20.074068069458008
v 0.96289938688278198 -27.619316101074219 -20.899478912353516
v 0.98283594846725464 -28.191165924072266 -21.774412155151367
v 1.0021251440048218 -28.74444580078125 -22.637813568115234
v 1.0214744806289673 -29.29945182800293 -23.520162582397461
v 1.0409723520278931 -29.858720779418945 -24.420034408569336
v 0 0 0
v 0.070774063467979431 -1.0296908617019653 -0.035438098013401031
v 0.14103086292743683 -2.0518560409545898 -0.12018190324306488
v 0.20794309675693512 -3.0253610610961914 -0.25523504614830017
v 0.27951681613922119 -4.0666861534118652 -0.45709452033042908
v 0.34787392616271973 -5.0612125396728516 -0.70522397756576538
v 0.41281312704086304 -6.0060124397277832 -0.99102884531021118
v 0.48169651627540588 -7.0081954002380371 -1.347525954246521
v 0.54691487550735474 -7.9570565223693848 -1.7356564998626709
v 0.61098086833953857 -8.8891525268554688 -2.1648504734039307
v 0.67378455400466919 -9.802882194519043 -2.6316878795623779
v 0.73292255401611328 -10.663280487060547 -3.1130001544952393
v 0.79551458358764648 -11.573929786682129 -3.6665070056915283
v 0.85448765754699707 -12.431928634643555 -4.2294893264770508
v 0.91222888231277466 -13.272005081176758 -4.8197035789489746
v 0.96875536441802979 -14.09440803527832 -5.4348711967468262
v 1.0243501663208008 -14.903256416320801 -6.075965404510498
v 1.0786408185958862 -15.693129539489746 -6.736534595489502
v 1.1298582553863525 -16.438291549682617 -7.3909778594970703
v 1.1810758113861084 -17.183454513549805 -8.0757761001586914
v 1.2322933673858643 -17.928617477416992 -8.790928840637207
v 1.2835108041763306 -18.67378044128418 -9.5364360809326172
v 1.3316552639007568 -19.374233245849609 -10.264890670776367
v 1.3828728199005127 -20.119396209716797 -11.06928539276123
v 1.4280284643173218 -20.776365280151367 -11.803654670715332
v 1.4742658138275146 -21.449071884155273 -12.58006477355957
v 1.5196907520294189 -22.109958648681641 -13.366921424865723
v 1.5643409490585327 -22.759574890136719 -14.163630485534668
v 1.6082533597946167 -23.398454666137695 -14.969672203063965
v 1.6514320373535156 -24.026660919189453 -15.784004211425781
v 1.6932508945465088 -24.635082244873047 -16.593257904052734
v 1.7356477975845337 -25.251914978027344 -17.434352874755859
v 1.7767590284347534 -25.850040435791016 -18.269804000854492
v 1.8172872066497803 -26.439685821533203 -19.112552642822266
v 1.857239842414856 -27.020954132080078 -19.961935043334961
v 1.8950479030609131 -27.571023941040039 -20.782735824584961
v 1.9342843294143677 -28.141874313354492 -21.652780532836914
v 1.972246527671814 -28.694187164306641 -22.511360168457031
v 2.0103273391723633 -29.248224258422852 -23.388778686523438
v 2.0487003326416016 -29.806512832641602 -24.283624649047852
v 0 0 0
v 0.10503501445055008 -1.0267620086669922 -0.035116076469421387
v 0.20930236577987671 -2.0460197925567627 -0.11908983439207077
v 0.30860608816146851 -3.0167560577392578 -0.25291576981544495
v 0.41482788324356079 -4.0551190376281738 -0.45294100046157837
v 0.51627588272094727 -5.0468168258666992 -0.69881570339202881
v 0.61265146732330322 -5.988929271697998 -0.98202359676361084
v 0.71488052606582642 -6.9882616996765137 -1.3352812528610229
v 0.81167042255401611 -7.9344244003295898 -1.719884991645813
v 0.90675008296966553 -8.8638687133789063 -2.1451790332794189
v 0.99995630979537964 -9.774998664855957 -2.607774019241333
v 1.0877224206924438 -10.632949829101563 -3.0847129821777344
v 1.1806144714355469 -11.541009902954102 -3.6331899166107178
v 1.2681357860565186 -12.396567344665527 -4.1910567283630371
v 1.353829026222229 -13.234254837036133 -4.7759079933166504
v 1.4377192258834839 -14.054318428039551 -5.3854856491088867
v 1.5202270746231079 -14.860866546630859 -6.0207538604736328
v 1.6007990837097168 -15.648492813110352 -6.6753206253051758
v 1.6768103837966919 -16.391536712646484 -7.3238177299499512
v 1.7528218030929565 -17.134578704833984 -8.0023927688598633
v 1.8288331031799316 -17.877622604370117 -8.7110471725463867
v 1.9048444032669067 -18.62066650390625 -9.4497804641723633
v 1.9762951135635376 -19.319126129150391 -10.171615600585938
v 2.0523064136505127 -20.062170028686523 -10.968700408935547
v 2.1193215847015381 -20.71727180480957 -11.69639778137207
v 2.1879420280456543 -21.388063430786133 -12.465752601623535
v 2.2553565502166748 -22.047069549560547 -13.245458602905273
v 2.3216214179992676 -22.69483757019043 -14.034927368164063
v 2.3867912292480469 -23.331901550292969 -14.833645820617676
v 2.4508721828460693 -23.958320617675781 -15.640578269958496
v 2.5129351615905762 -24.565011978149414 -16.442478179931641
v 2.5758559703826904 -25.180089950561523 -17.275930404663086
v 2.6368687152862549 -25.776514053344727 -18.103790283203125
v 2.6970162391662598 -26.364482879638672 -18.938880920410156
v 2.7563092708587646 -26.944097518920898 -19.780544281005859
v 2.8124198913574219 -27.492603302001953 -20.59388542175293
v 2.8706502914428711 -28.06182861328125 -21.456026077270508
v 2.9269897937774658 -28.612571716308594 -22.306802749633789
v 2.9835050106048584 -29.165031433105469 -23.176250457763672
v 3.0404541492462158 -29.721733093261719 -24.062963485717773
v 0 0 0
v 0.13917940855026245 -1.0226943492889404 -0.034670591354370117
v 0.27734163403511047 -2.0379142761230469 -0.11757904291152954
v 0.40892663598060608 -3.0048046112060547 -0.24970726668834686
v 0.54967862367630005 -4.0390543937683105 -0.44719493389129639
v 0.68410497903823853 -5.0268230438232422 -0.68995046615600586
v 0.81181001663208008 -5.9652032852172852 -0.96956551074981689
v 0.94727128744125366 -6.9605770111083984 -1.3183417320251465
v 1.0755252838134766 -7.9029908180236816 -1.6980663537979126
v 1.2015130519866943 -8.8287525177001953 -2.1179649829864502
v 1.3250184059143066 -9.7362737655639648 -2.5746915340423584
v 1.4413152933120728 -10.590826034545898 -3.0455799102783203
v 1.5644043684005737 -11.495287895202637 -3.5870990753173828
v 1.6803767681121826 -12.347456932067871 -4.1378884315490723
v 1.7939267158508301 -13.181825637817383 -4.7153201103210449
v 1.9050878286361694 -13.998640060424805 -5.3171648979187012
v 2.0144169330596924 -14.801993370056152 -5.9443740844726563
v 2.1211810111999512 -15.586499214172363 -6.5906367301940918
v 2.2219018936157227 -16.32659912109375 -7.2309069633483887
v 2.322622537612915 -17.06669807434082 -7.900874137878418
v 2.4233434200286865 -17.806797027587891 -8.6005382537841797
v 2.524064302444458 -18.546897888183594 -9.329899787902832
v 2.6187419891357422 -19.242591857910156 -10.042576789855957
v 2.7194626331329346 -19.982690811157227 -10.829550743103027
v 2.808262825012207 -20.635196685791016 -11.548015594482422
v 2.8991901874542236 -21.303333282470703 -12.307610511779785
v 2.9885194301605225 -21.959726333618164 -13.077425956726074
v 3.0763256549835205 -22.604928970336914 -13.856879234313965
v 3.1626806259155273 -23.239469528198242 -14.645464897155762
v 3.2475929260253906 -23.863405227661133 -15.442159652709961
v 3.3298311233520508 -24.467695236206055 -16.23388671875
v 3.4132058620452881 -25.08033561706543 -17.056766510009766
v 3.4940524101257324 -25.674396514892578 -17.874124526977539
v 3.5737524032592773 -26.260034561157227 -18.698619842529297
v 3.652320384979248 -26.83735466003418 -19.529605865478516
v 3.7266712188720703 -27.383687973022461 -20.332630157470703
v 3.803830623626709 -27.950658798217773 -21.183832168579102
v 3.8784847259521484 -28.499217987060547 -22.02381706237793
v 3.9533717632293701 -29.049489974975586 -22.882232666015625
v 4.0288338661193848 -29.603986740112305 -23.757698059082031
v 0 0 0
v 0.17264506220817566 -1.0175799131393433 -0.034112676978111267
v 0.34402835369110107 -2.0277228355407715 -0.11568697541952133
v 0.50725293159484863 -2.9897778034210205 -0.24568900465965271
v 0.68184870481491089 -4.018855094909668 -0.43999871611595154
v 0.84859782457351685 -5.0016841888427734 -0.67884784936904907
v 1.0070095062255859 -5.9353713989257813 -0.95396339893341064
v 1.1750423908233643 -6.9257674217224121 -1.2971271276473999
v 1.3341350555419922 -7.8634681701660156 -1.6707412004470825
v 1.4904166460037231 -8.7846002578735352 -2.0838830471038818
v 1.6436188220977783 -9.6875829696655273 -2.5332598686218262
v 1.7878791093826294 -10.537861824035645 -2.9965708255767822
v 1.9405649900436401 -11.437801361083984 -3.5293757915496826
v 2.0844228267669678 -12.285707473754883 -4.0713019371032715
v 2.225275993347168 -13.115903854370117 -4.639441967010498
v 2.3631656169891357 -13.928633689880371 -5.2316017150878906
v 2.4987828731536865 -14.727969169616699 -5.8487176895141602
v 2.631218433380127 -15.508551597595215 -6.4845809936523438
v 2.756157398223877 -16.244949340820313 -7.1145477294921875
v 2.8810966014862061 -16.981348037719727 -7.7737340927124023
v 3.0060358047485352 -17.717746734619141 -8.4621391296386719
v 3.1309750080108643 -18.454145431518555 -9.1797637939453125
v 3.2484176158905029 -19.146360397338867 -9.8809728622436523
v 3.373356819152832 -19.882759094238281 -10.655282974243164
v 3.483508825302124 -20.532001495361328 -11.362186431884766
v 3.5962996482849121 -21.196796417236328 -12.10955810546875
v 3.7071082592010498 -21.849906921386719 -12.866985321044922
v 3.8160274028778076 -22.49188232421875 -13.633895874023438
v 3.9231464862823486 -23.123249053955078 -14.409791946411133
v 4.0284757614135742 -23.74406623840332 -15.193666458129883
v 4.1304879188537598 -24.345333099365234 -15.972652435302734
v 4.2339105606079102 -24.954910278320313 -16.782291412353516
v 4.3341960906982422 -25.546001434326172 -17.586494445800781
v 4.4330601692199707 -26.12870979309082 -18.397724151611328
v 4.530519962310791 -26.703142166137695 -19.215337753295898
v 4.6227483749389648 -27.246742248535156 -20.005439758300781
v 4.7184610366821289 -27.810878753662109 -20.842945098876953
v 4.811065673828125 -28.356695175170898 -21.669410705566406
v 4.903958797454834 -28.904214859008789 -22.514015197753906
v 4.997565746307373 -29.455938339233398 -23.375391006469727
v 0 0 0
v 0.20432181656360626 -1.0116945505142212 -0.03347373753786087
v 0.40715032815933228 -2.0159950256347656 -0.11352013796567917
v 0.60032320022583008 -2.9724857807159424 -0.24108719825744629
v 0.80695360898971558 -3.9956114292144775 -0.43175745010375977
v 1.0042977333068848 -4.9727563858032227 -0.66613292694091797
v 1.1917746067047119 -5.9010434150695801 -0.9360954761505127
v 1.3906381130218506 -6.8857111930847168 -1.2728316783905029
v 1.578920841217041 -7.8179888725280762 -1.6394479274749756
v 1.7638767957687378 -8.7337932586669922 -2.0448513031005859
v 1.9451884031295776 -9.6315536499023438 -2.4858114719390869
v 2.115917444229126 -10.476914405822754 -2.9404444694519043
v 2.2966179847717285 -11.371648788452148 -3.4632699489593506
v 2.4668707847595215 -12.214651107788086 -3.9950459003448486
v 2.6335675716400146 -13.040045738220215 -4.552544116973877
v 2.7967569828033447 -13.848074913024902 -5.1336126327514648
v 2.9572572708129883 -14.642787933349609 -5.7391700744628906
v 3.1139917373657227 -15.418855667114258 -6.3631234169006348
v 3.2618546485900879 -16.150995254516602 -6.9812908172607422
v 3.4097175598144531 -16.883134841918945 -7.6281304359436035
v 3.5575804710388184 -17.615274429321289 -8.3036413192749023
v 3.7054431438446045 -18.347412109375 -9.0078248977661133
v 3.8444342613220215 -19.035623550415039 -9.6958999633789063
v 3.9922971725463867 -19.767763137817383 -10.455707550048828
v 4.1226596832275391 -20.413249969482422 -11.149370193481445
v 4.2561450004577637 -21.074199676513672 -11.882742881774902
v 4.3872847557067871 -21.723535537719727 -12.625984191894531
v 4.5161881446838379 -22.361797332763672 -13.378530502319336
v 4.6429615020751953 -22.989511489868164 -14.139893531799316
v 4.7676167488098145 -23.606739044189453 -14.909086227416992
v 4.8883461952209473 -24.20452880859375 -15.673481941223145
v 5.0107440948486328 -24.810579299926758 -16.467954635620117
v 5.1294302940368652 -25.398252487182617 -17.257097244262695
v 5.2464337348937988 -25.977590560913086 -18.053131103515625
v 5.3617753982543945 -26.548700332641602 -18.855430603027344
v 5.4709258079528809 -27.089157104492188 -19.630733489990234
v 5.5841994285583496 -27.650030136108398 -20.452552795410156
v 5.6937952041625977 -28.192689895629883 -21.263538360595703
v 5.8037328720092773 -28.737043380737305 -22.092323303222656
v 5.9145145416259766 -29.285575866699219 -22.937566757202148
v 0 0 0
v 0.23402029275894165 -1.0052396059036255 -0.032777313143014908
v 0.46633023023605347 -2.0031321048736572 -0.1111583337187767
v 0.68758106231689453 -2.9535202980041504 -0.23607133328914642
v 0.92424553632736206 -3.9701178073883057 -0.42277467250823975
v 1.1502739191055298 -4.9410281181335449 -0.65227389335632324
v 1.36500084400177 -5.8633923530578613 -0.91661983728408813
v 1.5927693843841553 -6.8417773246765137 -1.2463501691818237
v 1.8084193468093872 -7.7681069374084473 -1.6053389310836792
v 2.020258903503418 -8.6780681610107422 -2.0023078918457031
v 2.2279243469238281 -9.5701007843017578 -2.434093713760376
v 2.4234693050384521 -10.410067558288574 -2.8792681694030762
v 2.6304347515106201 -11.299093246459961 -3.3912160396575928
v 2.8254342079162598 -12.136716842651367 -3.9119281768798828
v 3.0163602828979492 -12.956845283508301 -4.4578275680541992
v 3.2032697200775146 -13.759718894958496 -5.0268068313598633
v 3.3870987892150879 -14.549361228942871 -5.6197657585144043
v 3.566615104675293 -15.320476531982422 -6.2307376861572266
v 3.7359700202941895 -16.047945022583008 -6.8360443115234375
v 3.9053249359130859 -16.775413513183594 -7.4694256782531738
v 4.0746798515319824 -17.50288200378418 -8.1308832168579102
v 4.2440347671508789 -18.230348587036133 -8.8204154968261719
v 4.4032282829284668 -18.914169311523438 -9.494175910949707
v 4.5725831985473633 -19.641637802124023 -10.238174438476563
v 4.7218942642211914 -20.28300666809082 -10.91740608215332
v 4.8747820854187012 -20.939739227294922 -11.635520935058594
v 5.0249829292297363 -21.584930419921875 -12.363298416137695
v 5.1726231575012207 -22.219120025634766 -13.100187301635742
v 5.3178229331970215 -22.842830657958984 -13.845710754394531
v 5.4605965614318848 -23.456117630004883 -14.598899841308594
v 5.598874568939209 -24.050092697143555 -15.347392082214355
v 5.7390632629394531 -24.652278900146484 -16.125335693359375
v 5.8750009536743164 -25.236200332641602 -16.898059844970703
v 6.0090107917785645 -25.811843872070313 -17.677532196044922
v 6.1411170959472656 -26.379310607910156 -18.463140487670898
v 6.2661328315734863 -26.916316986083984 -19.222312927246094
v 6.3958711624145508 -27.473611831665039 -20.027032852172852
v 6.5213966369628906 -28.012809753417969 -20.821147918701172
v 6.6473135948181152 -28.553689956665039 -21.632688522338867
v 6.7741975784301758 -29.098722457885742 -22.460346221923828
v 0 0 0
v 0.26305189728736877 -0.99803620576858521 -0.032005667686462402
v 0.52418124675750732 -1.9887781143188477 -0.10854144394397736
v 0.77287960052490234 -2.9323558807373047 -0.23051375150680542
v 1.0389037132263184 -3.9416687488555908 -0.41282171010971069
v 1.292972207069397 -4.9056215286254883 -0.63691806793212891
v 1.5343372821807861 -5.8213763236999512 -0.89504075050354004
v 1.7903618812561035 -6.792750358581543 -1.2170085906982422
v 2.0327644348144531 -7.7124419212341309 -1.567546010017395
v 2.2708840370178223 -8.6158828735351563 -1.9551695585250854
v 2.5043118000030518 -9.5015230178833008 -2.3767902851104736
v 2.7241151332855225 -10.335471153259277 -2.8114843368530273
v 2.9567558765411377 -11.218125343322754 -3.3113799095153809
v 3.1759459972381592 -12.049747467041016 -3.819833517074585
v 3.3905577659606934 -12.863998413085938 -4.3528814315795898
v 3.6006546020507813 -13.66111946105957 -4.9084658622741699
v 3.807288646697998 -14.445102691650391 -5.4874653816223145
v 4.0090751647949219 -15.210693359375 -6.0840535163879395
v 4.199439525604248 -15.932948112487793 -6.67510986328125
v 4.3898038864135742 -16.655202865600586 -7.2935805320739746
v 4.5801682472229004 -17.377458572387695 -7.9394655227661133
v 4.7705326080322266 -18.099714279174805 -8.6127653121948242
v 4.9494752883911133 -18.778633117675781 -9.2706632614135742
v 5.1398396492004395 -19.500888824462891 -9.9971475601196289
v 5.307673454284668 -20.137660980224609 -10.660387992858887
v 5.4795279502868652 -20.789688110351563 -11.361597061157227
v 5.6483621597290039 -21.430255889892578 -12.072240829467773
v 5.8143177032470703 -22.059902191162109 -12.791783332824707
v 5.9775304794311523 -22.679141998291016 -13.519754409790039
v 6.1380162239074707 -23.288036346435547 -14.255212783813477
v 6.2934479713439941 -23.877754211425781 -14.986083984375
v 6.4510283470153809 -24.475624084472656 -15.745713233947754
v 6.6038293838500977 -25.055362701416016 -16.500246047973633
v 6.7544641494750977 -25.626880645751953 -17.261367797851563
v 6.9029593467712402 -26.190280914306641 -18.028480529785156
v 7.0434837341308594 -26.723440170288086 -18.769781112670898
v 7.1893172264099121 -27.276741027832031 -19.555557250976563
v 7.3304147720336914 -27.812074661254883 -20.330976486206055
v 7.4719529151916504 -28.349079132080078 -21.123411178588867
v 7.6145772933959961 -28.890205383300781 -21.931585311889648
v 0 0 0
v 0.29186269640922546 -0.98999518156051636 -0.03115103580057621
v 0.58159232139587402 -1.9727548360824585 -0.10564310848712921
v 0.85752934217453003 -2.9087302684783936 -0.2243584543466568
v 1.1526898145675659 -3.9099113941192627 -0.40179833769798279
v 1.4345852136611938 -4.8660979270935059 -0.61991077661514282
v 1.7023859024047852 -5.7744746208190918 -0.87114089727401733
v 1.9864516258239746 -6.7380223274230957 -1.1845114231109619
v 2.2554032802581787 -7.650303840637207 -1.525688648223877
v 2.5196030139923096 -8.5464658737182617 -1.9029616117477417
v 2.7785968780517578 -9.4249706268310547 -2.313323974609375
v 3.0224740505218506 -10.252200126647949 -2.7364106178283691
v 3.280595064163208 -11.127742767333984 -3.2229578495025635
v 3.523792028427124 -11.952664375305176 -3.71783447265625
v 3.7619092464447021 -12.760355949401855 -4.2366485595703125
v 3.9950168132781982 -13.551054000854492 -4.777397632598877
v 4.2242822647094727 -14.328721046447754 -5.3409361839294434
v 4.4481692314147949 -15.088143348693848 -5.9215941429138184
v 4.6593837738037109 -15.80457878112793 -6.4968676567077637
v 4.8705978393554688 -16.521015167236328 -7.0988235473632813
v 5.0818119049072266 -17.237451553344727 -7.7274622917175293
v 5.2930259704589844 -17.953887939453125 -8.3827829360961914
v 5.4915671348571777 -18.627336502075195 -9.0231132507324219
v 5.7027812004089355 -19.343772888183594 -9.730198860168457
v 5.8889975547790527 -19.97541618347168 -10.375728607177734
v 6.079674243927002 -20.622188568115234 -11.05821418762207
v 6.2670001983642578 -21.257596969604492 -11.749881744384766
v 6.4511318206787109 -21.882169723510742 -12.450210571289063
v 6.6322202682495117 -22.496419906616211 -13.158742904663086
v 6.8102831840515137 -23.100408554077148 -13.87456226348877
v 6.9827389717102051 -23.685375213623047 -14.585917472839355
v 7.1575779914855957 -24.278427124023438 -15.325263023376465
v 7.3271150588989258 -24.853494644165039 -16.059648513793945
v 7.4942479133605957 -25.420408248901367 -16.800445556640625
v 7.6590070724487305 -25.979269027709961 -17.547075271606445
v 7.8149228096008301 -26.508132934570313 -18.268581390380859
v 7.9767279624938965 -27.056976318359375 -19.033374786376953
v 8.1332798004150391 -27.587997436523438 -19.788087844848633
v 8.2903194427490234 -28.120674133300781 -20.559364318847656
v 8.4485645294189453 -28.657442092895508 -21.345956802368164
v 0 0 0
v 0.32034149765968323 -0.98115074634552002 -0.03021891787648201
v 0.63834178447723389 -1.9551305770874023 -0.10248199850320816
v 0.94120365381240845 -2.882744312286377 -0.217645063996315
v 1.2651646137237549 -3.8749809265136719 -0.38977551460266113
v 1.5745663642883301 -4.822624683380127 -0.60136145353317261
v 1.8684978485107422 -5.7228860855102539 -0.84507417678833008
v 2.1802816390991211 -6.677825927734375 -1.149067759513855
v 2.4754767417907715 -7.5819573402404785 -1.4800361394882202
v 2.7654557228088379 -8.4701137542724609 -1.8460201025009155
v 3.0497212409973145 -9.3407697677612305 -2.2441034317016602
v 3.3173949718475342 -10.160608291625977 -2.6545302867889404
v 3.6007022857666016 -11.028329849243164 -3.126518726348877
v 3.8676295280456543 -11.845881462097168 -3.6065871715545654
v 4.1289811134338379 -12.646356582641602 -4.1098771095275879
v 4.3848347663879395 -13.429990768432617 -4.6344456672668457
v 4.6364712715148926 -14.200710296630859 -5.181121826171875
v 4.8822040557861328 -14.953348159790039 -5.7444047927856445
v 5.1140275001525879 -15.663383483886719 -6.3024649620056152
v 5.3458514213562012 -16.373418807983398 -6.886408805847168
v 5.5776748657226563 -17.083454132080078 -7.4962368011474609
v 5.8094983100891113 -17.793489456176758 -8.1319484710693359
v 6.0274124145507813 -18.46092414855957 -8.7531185150146484
v 6.2592358589172363 -19.17095947265625 -9.4390459060668945
v 6.4636220932006836 -19.796958923339844 -10.065260887145996
v 6.6729044914245605 -20.437953948974609 -10.727324485778809
v 6.8785090446472168 -21.067684173583984 -11.398295402526855
v 7.0806074142456055 -21.686677932739258 -12.077668190002441
v 7.2793660163879395 -22.295440673828125 -12.764999389648438
v 7.4748034477233887 -22.894033432006836 -13.459400177001953
v 7.6640868186950684 -23.473773956298828 -14.149469375610352
v 7.8559861183166504 -24.061529159545898 -14.866692543029785
v 8.0420656204223633 -24.631458282470703 -15.5791015625
v 8.2255067825317383 -25.193307876586914 -16.297733306884766
v 8.4063425064086914 -25.747175216674805 -17.022022247314453
v 8.5774717330932617 -26.27131462097168 -17.72193717956543
v 8.7550649642944336 -26.815254211425781 -18.463846206665039
v 8.9268922805786133 -27.341529846191406 -19.195978164672852
v 9.0992555618286133 -27.869449615478516 -19.944173812866211
v 9.2729425430297852 -28.401420593261719 -20.707229614257813
v 0 0 0
v 0.34653821587562561 -0.97220653295516968 -0.02928449958562851
v 0.6905437707901001 -1.937307596206665 -0.099313095211982727
v 1.0181728601455688 -2.8564651012420654 -0.21091513335704803
v 1.368626594543457 -3.8396563529968262 -0.37772300839424133
v 1.703330397605896 -4.7786617279052734 -0.58276635408401489
v 2.021298885345459 -5.6707162857055664 -0.81894314289093018
v 2.3585796356201172 -6.616950511932373 -1.1135368347167969
v 2.6779148578643799 -7.5128402709960938 -1.434270977973938
v 2.991607666015625 -8.3928995132446289 -1.7889382839202881
v 3.2991197109222412 -9.2556190490722656 -2.1747121810913086
v 3.5886833667755127 -10.067983627319336 -2.5724477767944336
v 3.8951587677001953 -10.927794456481934 -3.0298416614532471
v 4.1839146614074707 -11.737894058227539 -3.4950659275054932
v 4.4666390419006348 -12.531071662902832 -3.9827933311462402
v 4.743415355682373 -13.307562828063965 -4.4911408424377441
v 5.0156302452087402 -14.071255683898926 -5.0209131240844727
v 5.2814583778381348 -14.817032814025879 -5.5667786598205566
v 5.5322399139404297 -15.520595550537109 -6.1075825691223145
v 5.7830214500427246 -16.224159240722656 -6.6734700202941895
v 6.0338029861450195 -16.92772102355957 -7.2644410133361816
v 6.2845845222473145 -17.631284713745117 -7.880495548248291
v 6.5203189849853516 -18.292633056640625 -8.4824581146240234
v 6.7711005210876465 -18.996194839477539 -9.1471757888793945
v 6.9922008514404297 -19.616489410400391 -9.7540264129638672
v 7.2185978889465332 -20.251640319824219 -10.395618438720703
v 7.4410157203674316 -20.875631332397461 -11.045842170715332
v 7.6596417427062988 -21.488981246948242 -11.704207420349121
v 7.8746542930603027 -22.092195510864258 -12.370285987854004
v 8.0860738754272461 -22.685329437255859 -13.043213844299316
v 8.2908363342285156 -23.259786605834961 -13.711945533752441
v 8.4984283447265625 -23.842182159423828 -14.406990051269531
v 8.6997251510620117 -24.406917572021484 -15.097371101379395
v 8.898167610168457 -24.963644027709961 -15.793781280517578
v 9.0937919616699219 -25.512462615966797 -16.495674133300781
v 9.2789154052734375 -26.031824111938477 -17.173948287963867
v 9.4710321426391602 -26.570804595947266 -17.892915725708008
v 9.6569108963012695 -27.092283248901367 -18.602407455444336
v 9.8433694839477539 -27.615390777587891 -19.327468872070313
v 10.03126049041748 -28.142511367797852 -20.066930770874023
v 0 0 0
v 0.37190395593643188 -0.9627876877784729 -0.028309674933552742
v 0.74108982086181641 -1.9185386896133423 -0.096007153391838074
v 1.0927006006240845 -2.8287911415100098 -0.20389418303966522
v 1.4688067436218262 -3.802457332611084 -0.36514934897422791
v 1.8280099630355835 -4.7323651313781738 -0.56336718797683716
v 2.169252872467041 -5.6157774925231934 -0.79168206453323364
v 2.5312216281890869 -6.5528450012207031 -1.0764693021774292
v 2.8739316463470459 -7.4400548934936523 -1.3865269422531128
v 3.2105860710144043 -8.3115882873535156 -1.7293879985809326
v 3.540607213973999 -9.1659488677978516 -2.1023201942443848
v 3.8513660430908203 -9.9704437255859375 -2.4868161678314209
v 4.180274486541748 -10.821925163269043 -2.9289841651916504
v 4.4901666641235352 -11.624176025390625 -3.3787219524383545
v 4.7935857772827148 -12.409669876098633 -3.8502137660980225
v 5.0906214714050293 -13.178637504577637 -4.341639518737793
v 5.3827619552612305 -13.934931755065918 -4.8537764549255371
v 5.6680479049682617 -14.673483848571777 -5.3814716339111328
v 5.9371862411499023 -15.370229721069336 -5.9042730331420898
v 6.2063241004943848 -16.066976547241211 -6.4513230323791504
v 6.4754624366760254 -16.763723373413086 -7.0226216316223145
v 6.7446002960205078 -17.460470199584961 -7.6181693077087402
v 6.9975900650024414 -18.115411758422852 -8.2000942230224609
v 7.266728401184082 -18.812158584594727 -8.8426837921142578
v 7.5040125846862793 -19.426441192626953 -9.4293336868286133
v 7.746981143951416 -20.055440902709961 -10.049568176269531
v 7.985680103302002 -20.673385620117188 -10.678147315979004
v 8.2203083038330078 -21.280792236328125 -11.314597129821777
v 8.4510593414306641 -21.878162384033203 -11.958502769470215
v 8.6779546737670898 -22.465551376342773 -12.609030723571777
v 8.897705078125 -23.034442901611328 -13.255501747131348
v 9.1204929351806641 -23.611196517944336 -13.927409172058105
v 9.3365240097045898 -24.170459747314453 -14.594808578491211
v 9.5494918823242188 -24.721792221069336 -15.268036842346191
v 9.759434700012207 -25.265295028686523 -15.946564674377441
v 9.9581089019775391 -25.779624938964844 -16.602260589599609
v 10.164288520812988 -26.313383102416992 -17.297294616699219
v 10.363773345947266 -26.829811096191406 -17.983169555664063
v 10.56387996673584 -27.347848892211914 -18.68409538269043
v 10.765523910522461 -27.869863510131836 -19.398941040039063
v 0 0 0
v 0.39572066068649292 -0.95324558019638062 -0.027331873774528503
v 0.78854918479919434 -1.8995243310928345 -0.092691116034984589
v 1.1626770496368408 -2.800755500793457 -0.19685177505016327
v 1.5628689527511597 -3.7647716999053955 -0.35253727436065674
v 1.945075511932373 -4.6854634284973145 -0.54390877485275269
v 2.3081717491149902 -5.5601205825805664 -0.76433777809143066
v 2.6933209896087646 -6.4879007339477539 -1.0392886400222778
v 3.0579779148101807 -7.3663172721862793 -1.3386369943618774
v 3.416191577911377 -8.229212760925293 -1.6696557998657227
v 3.7673473358154297 -9.0751066207885742 -2.0297071933746338
v 4.0980072021484375 -9.8716278076171875 -2.4009227752685547
v 4.4479789733886719 -10.714670181274414 -2.8278183937072754
v 4.7777166366577148 -11.508970260620117 -3.2620224952697754
v 5.1005668640136719 -12.286679267883301 -3.7172293663024902
v 5.4166245460510254 -13.048026084899902 -4.1916818618774414
v 5.727473258972168 -13.796825408935547 -4.6861295700073242
v 6.031029224395752 -14.528057098388672 -5.1955981254577637
v 6.3174028396606445 -15.217898368835449 -5.7003421783447266
v 6.6037764549255371 -15.907739639282227 -6.2284975051879883
v 6.8901505470275879 -16.597579956054688 -6.7800641059875488
v 7.1765241622924805 -17.287422180175781 -7.35504150390625
v 7.4457154273986816 -17.935873031616211 -7.9168667793273926
v 7.7320890426635742 -18.625713348388672 -8.537261962890625
v 7.9845690727233887 -19.233909606933594 -9.1036491394042969
v 8.2430973052978516 -19.856674194335938 -9.7024612426757813
v 8.4970817565917969 -20.468494415283203 -10.309329032897949
v 8.7467365264892578 -21.069881439208984 -10.923796653747559
v 8.9922647476196289 -21.661331176757813 -11.545462608337402
v 9.2336902618408203 -22.242898941040039 -12.173521041870117
v 9.4675130844116211 -22.80615234375 -12.797662734985352
v 9.7045679092407227 -23.377189636230469 -13.44636344909668
v 9.9344339370727539 -23.930910110473633 -14.09071159362793
v 10.161040306091309 -24.476778030395508 -14.740687370300293
v 10.384428024291992 -25.014894485473633 -15.395778656005859
v 10.5958251953125 -25.524126052856445 -16.028825759887695
v 10.815208435058594 -26.052595138549805 -16.699855804443359
v 11.027468681335449 -26.56390380859375 -17.362039566040039
v 11.240389823913574 -27.076808929443359 -18.038755416870117
v 11.454946517944336 -27.593650817871094 -18.728910446166992
v 0 0 0
v 0.41929304599761963 -0.94311505556106567 -0.026304569095373154
v 0.83552169799804688 -1.8793373107910156 -0.089207194745540619
v 1.2319357395172119 -2.7709906101226807 -0.18945285677909851
v 1.6559662818908691 -3.724761962890625 -0.33928671479225159
v 2.0609402656555176 -4.6356692314147949 -0.52346527576446533
v 2.4456655979156494 -5.5010309219360352 -0.73560917377471924
v 2.853757381439209 -6.4189510345458984 -1.0002255439758301
v 3.2401363849639893 -7.2880325317382813 -1.2883225679397583
v 3.6196882724761963 -8.1417579650878906 -1.606899619102478
v 3.9917616844177246 -8.9786615371704102 -1.9534180164337158
v 4.3421182632446289 -9.766718864440918 -2.3106808662414551
v 4.7129373550415039 -10.600801467895508 -2.7215311527252197
v 5.06231689453125 -11.386659622192383 -3.1394152641296387
v 5.4043984413146973 -12.156103134155273 -3.5775125026702881
v 5.739283561706543 -12.909358978271484 -4.0341320037841797
v 6.0686488151550293 -13.650200843811035 -4.5099954605102539
v 6.3902873992919922 -14.373661041259766 -5.0003147125244141
v 6.6937198638916016 -15.056171417236328 -5.4860873222351074
v 6.9971523284912109 -15.738680839538574 -5.9943914413452148
v 7.3005847930908203 -16.42119026184082 -6.5252265930175781
v 7.6040172576904297 -17.103700637817383 -7.0785927772521973
v 7.8892436027526855 -17.745260238647461 -7.6193008422851563
v 8.1926765441894531 -18.427770614624023 -8.2163782119750977
v 8.4601955413818359 -19.029502868652344 -8.7614774703979492
v 8.7341241836547852 -19.645648956298828 -9.3377819061279297
v 9.0032386779785156 -20.250967025756836 -9.921839714050293
v 9.2677640914916992 -20.845964431762695 -10.513211250305176
v 9.5279178619384766 -21.431127548217773 -11.11151123046875
v 9.7837247848510742 -22.006513595581055 -11.715963363647461
v 10.031476974487305 -22.56378173828125 -12.316646575927734
v 10.282652854919434 -23.128749847412109 -12.940964698791504
v 10.526210784912109 -23.676586151123047 -13.561094284057617
v 10.766316413879395 -24.216653823852539 -14.186638832092285
v 11.003010749816895 -24.749050140380859 -14.817108154296875
v 11.22700023651123 -25.252870559692383 -15.426362037658691
v 11.459451675415039 -25.775724411010742 -16.072168350219727
v 11.684355735778809 -26.281599044799805 -16.709465026855469
v 11.909960746765137 -26.789051055908203 -17.360746383666992
v 12.137297630310059 -27.30040168762207 -18.024959564208984
v 0 0 0
v 0.44260650873184204 -0.93240213394165039 -0.025230249390006065
v 0.88197815418243408 -1.8579896688461304 -0.085563831031322479
v 1.3004335165023804 -2.7395148277282715 -0.18171529471874237
v 1.748041033744812 -3.6824519634246826 -0.32542970776557922
v 2.175532341003418 -4.5830121040344238 -0.5020861029624939
v 2.5816488265991211 -5.4385437965393066 -0.7055656909942627
v 3.0124313831329346 -6.3460373878479004 -0.95937478542327881
v 3.4202938079833984 -7.2052469253540039 -1.2357053756713867
v 3.8209493160247803 -8.0492744445800781 -1.5412712097167969
v 4.2137107849121094 -8.8766727447509766 -1.873637318611145
v 4.5835475921630859 -9.6557769775390625 -2.2163090705871582
v 4.9749851226806641 -10.480385780334473 -2.6103794574737549
v 5.3437905311584473 -11.257317543029785 -3.0111963748931885
v 5.704892635345459 -12.018021583557129 -3.431401252746582
v 6.0583977699279785 -12.762720108032227 -3.8693714141845703
v 6.4060764312744141 -13.495146751403809 -4.3257999420166016
v 6.7455987930297852 -14.210389137268066 -4.7960939407348633
v 7.0659022331237793 -14.885146141052246 -5.2620267868041992
v 7.3862061500549316 -15.559904098510742 -5.7495708465576172
v 7.706510066986084 -16.234661102294922 -6.258725643157959
v 8.0268135070800781 -16.909418106079102 -6.7894916534423828
v 8.3278999328613281 -17.543689727783203 -7.3081164360046387
v 8.6482038497924805 -18.218448638916016 -7.8808078765869141
v 8.930598258972168 -18.813344955444336 -8.4036445617675781
v 9.219757080078125 -19.422491073608398 -8.9564113616943359
v 9.5038347244262695 -20.02093505859375 -9.5166158676147461
v 9.7830677032470703 -20.609172821044922 -10.083834648132324
v 10.057686805725098 -21.187688827514648 -10.657699584960938
v 10.327717781066895 -21.756540298461914 -11.237464904785156
v 10.589244842529297 -22.307477951049805 -11.813614845275879
v 10.854386329650879 -22.86602783203125 -12.412435531616211
v 11.11148738861084 -23.407642364501953 -13.007237434387207
v 11.36494255065918 -23.941574096679688 -13.607234001159668
v 11.614797592163086 -24.467924118041992 -14.211953163146973
v 11.851242065429688 -24.966020584106445 -14.796324729919434
v 12.096617698669434 -25.482934951782227 -15.415756225585938
v 12.334026336669922 -25.983062744140625 -16.027023315429688
v 12.572175979614258 -26.484752655029297 -16.651704788208008
v 12.812152862548828 -26.990293502807617 -17.288791656494141
v 0 0 0
v 0.46564629673957825 -0.92111289501190186 -0.024111397564411163
v 0.92788940668106079 -1.8354936838150024 -0.081769451498985291
v 1.3681274652481079 -2.7063455581665039 -0.17365701496601105
v 1.8390350341796875 -3.6378657817840576 -0.31099832057952881
v 2.2887792587280273 -4.527522087097168 -0.47982078790664673
v 2.7160360813140869 -5.3726954460144043 -0.67427694797515869
v 3.1692430973052979 -6.2692012786865234 -0.91683071851730347
v 3.5983364582061768 -7.1180081367492676 -1.1809072494506836
v 4.0198483467102051 -7.9518165588378906 -1.4729225635528564
v 4.4330549240112305 -8.769195556640625 -1.790549635887146
v 4.8221435546875 -9.5388679504394531 -2.1180253028869629
v 5.2339572906494141 -10.35349178314209 -2.4946205615997314
v 5.6219611167907715 -11.121017456054688 -2.8776631355285645
v 6.0018601417541504 -11.872509956359863 -3.279233455657959
v 6.3737664222717285 -12.608192443847656 -3.6977818012237549
v 6.7395439147949219 -13.331750869750977 -4.133969783782959
v 7.0967397689819336 -14.038333892822266 -4.5834083557128906
v 7.4337167739868164 -14.704921722412109 -5.0286788940429688
v 7.7706942558288574 -15.371508598327637 -5.4946026802062988
v 8.1076717376708984 -16.038095474243164 -5.9811787605285645
v 8.4446487426757813 -16.704683303833008 -6.4884076118469238
v 8.7614068984985352 -17.331275939941406 -6.9840335845947266
v 9.098383903503418 -17.99786376953125 -7.5313286781311035
v 9.3954792022705078 -18.58555793762207 -8.0309791564941406
v 9.6996898651123047 -19.18733024597168 -8.5592336654663086
v 9.9985551834106445 -19.778526306152344 -9.0945959091186523
v 10.292324066162109 -20.359642028808594 -9.6366605758666992
v 10.581238746643066 -20.931154251098633 -10.185076713562012
v 10.865324974060059 -21.493118286132813 -10.739131927490234
v 11.14046573638916 -22.037384033203125 -11.289732933044434
v 11.41940975189209 -22.58917236328125 -11.861997604370117
v 11.68989372253418 -23.124227523803711 -12.430422782897949
v 11.95654296875 -23.651697158813477 -13.003812789916992
v 12.219404220581055 -24.171672821044922 -13.58171558380127
v 12.468155860900879 -24.663740158081055 -14.140172958374023
v 12.72630500793457 -25.174394607543945 -14.732134819030762
v 12.976072311401367 -25.668468475341797 -15.316295623779297
v 13.226617813110352 -26.164081573486328 -15.913274765014648
v 13.479087829589844 -26.663501739501953 -16.522109985351563
v 0 0 0
v 0.48727989196777344 -0.90985327959060669 -0.023008916527032852
v 0.97099846601486206 -1.8130568265914917 -0.078030586242675781
v 1.4316896200180054 -2.6732635498046875 -0.16571663320064545
v 1.9244751930236816 -3.5933971405029297 -0.29677808284759521
v 2.3951141834259033 -4.4721784591674805 -0.45788124203681946
v 2.8422212600708008 -5.3070206642150879 -0.64344596862792969
v 3.316483736038208 -6.1925673484802246 -0.87490910291671753
v 3.7655127048492432 -7.0309982299804688 -1.126910924911499
v 4.2066073417663574 -7.8546147346496582 -1.4055739641189575
v 4.6390109062194824 -8.6620025634765625 -1.7086776494979858
v 5.0461769104003906 -9.4222660064697266 -2.0211796760559082
v 5.4771232604980469 -10.226932525634766 -2.3805553913116455
v 5.883152961730957 -10.985074996948242 -2.7460834980010986
v 6.2807021141052246 -11.727382659912109 -3.1292922496795654
v 6.6698870658874512 -12.454071998596191 -3.5287024974822998
v 7.0526580810546875 -13.168785095214844 -3.9449460506439209
v 7.4264488220214844 -13.866730690002441 -4.3738341331481934
v 7.7790818214416504 -14.52517032623291 -4.7987451553344727
v 8.1317148208618164 -15.183609962463379 -5.2433648109436035
v 8.4843473434448242 -15.842048645019531 -5.7076926231384277
v 8.8369808197021484 -16.50048828125 -6.1917285919189453
v 9.1684551239013672 -17.119421005249023 -6.6646924018859863
v 9.5210886001586914 -17.777860641479492 -7.1869626045227051
v 9.8319854736328125 -18.358369827270508 -7.6637673377990723
v 10.150330543518066 -18.952785491943359 -8.1678676605224609
v 10.463080406188965 -19.53675651550293 -8.6787500381469727
v 10.770498275756836 -20.110769271850586 -9.1960296630859375
v 11.072834968566895 -20.675294876098633 -9.7193698883056641
v 11.370120048522949 -21.230388641357422 -10.248090744018555
v 11.65804386138916 -21.768001556396484 -10.773515701293945
v 11.949946403503418 -22.313045501708984 -11.319614410400391
v 12.232997894287109 -22.841560363769531 -11.862048149108887
v 12.51203441619873 -23.362581253051758 -12.409219741821289
v 12.787108421325684 -23.876201629638672 -12.960699081420898
v 13.047417640686035 -24.362253189086914 -13.493620872497559
v 13.317560195922852 -24.866664886474609 -14.058515548706055
v 13.578930854797363 -25.354700088500977 -14.615965843200684
v 13.841116905212402 -25.844255447387695 -15.185648918151855
v 14.105316162109375 -26.337570190429688 -15.766645431518555
v 0 0 0
v 0.5083087682723999 -0.89827358722686768 -0.02188914455473423
v 1.0129024982452393 -1.7899820804595947 -0.074233077466487885
v 1.493475079536438 -2.6392407417297363 -0.15765172243118286
v 2.0075271129608154 -3.547663688659668 -0.28233480453491211
v 2.4984769821166992 -4.4152607917785645 -0.43559759855270386
v 2.964879035949707 -5.2394781112670898 -0.61213147640228271
v 3.459608793258667 -6.1137547492980957 -0.83232998847961426
v 3.9280157089233398 -6.9415144920349121 -1.0720676183700562
v 4.3881464004516602 -7.7546486854553223 -1.3371690511703491
v 4.8392105102539063 -8.5517606735229492 -1.6255216598510742
v 5.2639479637145996 -9.3023481369018555 -1.9228153228759766
v 5.7134919166564941 -10.096774101257324 -2.2647011280059814
v 6.1370444297790527 -10.845268249511719 -2.6124401092529297
v 6.5517497062683105 -11.578127861022949 -2.9769992828369141
v 6.9577302932739258 -12.295568466186523 -3.3569717407226563
v 7.357020378112793 -13.001186370849609 -3.752957820892334
v 7.7469420433044434 -13.690248489379883 -4.1609735488891602
v 8.1147928237915039 -14.34030818939209 -4.5652055740356445
v 8.4826440811157227 -14.99036693572998 -4.9881863594055176
v 8.8504953384399414 -15.640426635742188 -5.4299168586730957
v 9.2183465957641602 -16.290485382080078 -5.8903961181640625
v 9.5641260147094727 -16.901542663574219 -6.3403425216674805
v 9.9319772720336914 -17.551601409912109 -6.8371953964233398
v 10.256291389465332 -18.124723434448242 -7.2907953262329102
v 10.588374137878418 -18.711574554443359 -7.7703628540039063
v 10.914621353149414 -19.288110733032227 -8.256382942199707
v 11.235305786132813 -19.854818344116211 -8.7484874725341797
v 11.550690650939941 -20.412160873413086 -9.2463579177856445
v 11.860805511474609 -20.960189819335938 -9.7493486404418945
v 12.161154747009277 -21.490961074829102 -10.249201774597168
v 12.465654373168945 -22.029067993164063 -10.768723487854004
v 12.760920524597168 -22.55085563659668 -11.284759521484375
v 13.052000045776367 -23.065244674682617 -11.805301666259766
v 13.338944435119629 -23.572328567504883 -12.329941749572754
v 13.61048698425293 -24.052194595336914 -12.836928367614746
v 13.892288208007813 -24.550188064575195 -13.374331474304199
v 14.164938926696777 -25.032009124755859 -13.904651641845703
v 14.43843936920166 -25.515335083007813 -14.446610450744629
v 14.714040756225586 -26.002372741699219 -14.999331474304199
v 0 0 0
v 0.52835863828659058 -0.88662809133529663 -0.020777482539415359
v 1.0528557300567627 -1.7667760848999023 -0.070463083684444427
v 1.5523841381072998 -2.6050248146057129 -0.14964522421360016
v 2.0867125988006592 -3.5016705989837646 -0.2679961621761322
v 2.5970275402069092 -4.3580198287963867 -0.41347533464431763
v 3.0818266868591309 -5.1715517044067383 -0.5810437798500061
v 3.5960705280303955 -6.0344939231872559 -0.79005932807922363
v 4.0829534530639648 -6.8515224456787109 -1.017621636390686
v 4.5612335205078125 -7.6541147232055664 -1.2692596912384033
v 5.0300898551940918 -8.4408931732177734 -1.5429679155349731
v 5.4715805053710938 -9.1817493438720703 -1.8251632452011108
v 5.9388566017150879 -9.9658756256103516 -2.1496860980987549
v 6.3791155815124512 -10.704666137695313 -2.4797646999359131
v 6.8101792335510254 -11.428025245666504 -2.8258094787597656
v 7.2321734428405762 -12.136164665222168 -3.1864845752716064
v 7.6472125053405762 -12.832633972167969 -3.5623600482940674
v 8.0525150299072266 -13.512763977050781 -3.9496543407440186
v 8.43487548828125 -14.15439510345459 -4.3333568572998047
v 8.8172359466552734 -14.796027183532715 -4.7348566055297852
v 9.1995973587036133 -15.43765926361084 -5.1541533470153809
v 9.5819578170776367 -16.079290390014648 -5.5912466049194336
v 9.9413766860961914 -16.682424545288086 -6.0183420181274414
v 10.323737144470215 -17.324056625366211 -6.4899616241455078
v 10.660843849182129 -17.889747619628906 -6.920525074005127
v 11.006025314331055 -18.468990325927734 -7.375737190246582
v 11.345141410827637 -19.038053512573242 -7.837073802947998
v 11.678474426269531 -19.597414016723633 -8.3041868209838867
v 12.006299018859863 -20.147529602050781 -8.7767724990844727
v 12.328646659851074 -20.688453674316406 -9.2542181015014648
v 12.640842437744141 -21.212345123291016 -9.7286863327026367
v 12.957353591918945 -21.743474960327148 -10.221823692321777
v 13.264266014099121 -22.258499145507813 -10.711651802062988
v 13.566826820373535 -22.766220092773438 -11.205758094787598
v 13.865089416503906 -23.266729354858398 -11.703753471374512
v 14.147343635559082 -23.740373611450195 -12.184991836547852
v 14.44025993347168 -24.231910705566406 -12.695102691650391
v 14.723664283752441 -24.707487106323242 -13.198491096496582
v 15.007953643798828 -25.184545516967773 -13.712924957275391
v 15.294425010681152 -25.665267944335938 -14.237575531005859
v 0 0 0
v 0.54795259237289429 -0.87465423345565796 -0.01964966207742691
v 1.0919004678726196 -1.7429159879684448 -0.066638275980949402
v 1.6099536418914795 -2.5698442459106445 -0.14152234792709351
v 2.1640975475311279 -3.454380989074707 -0.25344908237457275
v 2.6933374404907227 -4.2991652488708496 -0.39103150367736816
v 3.1961150169372559 -5.101710319519043 -0.54950416088104248
v 3.7294292449951172 -5.9529986381530762 -0.74717414379119873
v 4.2343683242797852 -6.7589936256408691 -0.96238422393798828
v 4.7303853034973145 -7.5507469177246094 -1.2003630399703979
v 5.2166285514831543 -8.326899528503418 -1.4592142105102539
v 5.6744918823242188 -9.0577516555786133 -1.7260916233062744
v 6.1590967178344727 -9.8312883377075195 -2.0329990386962891
v 6.6156826019287109 -10.560100555419922 -2.3451607227325439
v 7.0627317428588867 -11.273690223693848 -2.672421932220459
v 7.5003752708435059 -11.972267150878906 -3.013519287109375
v 7.9308061599731445 -12.659331321716309 -3.3689918518066406
v 8.3511390686035156 -13.330275535583496 -3.7352633476257324
v 8.7476797103881836 -13.963242530822754 -4.0981383323669434
v 9.1442193984985352 -14.596208572387695 -4.47784423828125
v 9.5407600402832031 -15.229175567626953 -4.8743810653686523
v 9.9373006820678711 -15.862141609191895 -5.2877488136291504
v 10.31004810333252 -16.457130432128906 -5.6916608810424805
v 10.706588745117188 -17.090097427368164 -6.1376805305480957
v 11.056196212768555 -17.648149490356445 -6.5448727607727051
v 11.414178848266602 -18.219568252563477 -6.9753751754760742
v 11.765871047973633 -18.780946731567383 -7.4116702079772949
v 12.111565589904785 -19.332754135131836 -7.8534278869628906
v 12.451547622680664 -19.87544059753418 -8.3003616333007813
v 12.785848617553711 -20.409059524536133 -8.7518901824951172
v 13.109622955322266 -20.925874710083008 -9.2006044387817383
v 13.437871932983398 -21.449832916259766 -9.6669731140136719
v 13.756165504455566 -21.957901000976563 -10.130213737487793
v 14.069947242736816 -22.458765029907227 -10.597498893737793
v 14.379270553588867 -22.9525146484375 -11.068463325500488
v 14.671991348266602 -23.419761657714844 -11.523579597473145
v 14.975770950317383 -23.904661178588867 -12.006000518798828
v 15.269685745239258 -24.373815536499023 -12.482064247131348
v 15.564517021179199 -24.844430923461914 -12.968574523925781
v 15.861612319946289 -25.318662643432617 -13.464746475219727
v 0 0 0
v 0.56727558374404907 -0.86224794387817383 -0.018497340381145477
v 1.1304051876068115 -1.7181940078735352 -0.062730386853218079
v 1.6667270660400391 -2.5333929061889648 -0.13322299718856812
v 2.2404122352600098 -3.4053831100463867 -0.23858597874641418
v 2.7883150577545166 -4.238184928894043 -0.36810010671615601
v 3.3088226318359375 -5.0293464660644531 -0.51727938652038574
v 3.8609437942504883 -5.8685598373413086 -0.70335733890533447
v 4.3836889266967773 -6.6631221771240234 -0.90594679117202759
v 4.8971972465515137 -7.4436450004577637 -1.1299697160720825
v 5.4005875587463379 -8.2087888717651367 -1.3736410140991211
v 5.8745970726013184 -8.9292736053466797 -1.6248677968978882
v 6.3762907981872559 -9.691838264465332 -1.913777232170105
v 6.8489775657653809 -10.410313606262207 -2.2076327800750732
v 7.3117914199829102 -11.113781929016113 -2.5157022476196289
v 7.7648682594299316 -11.802449226379395 -2.8367962837219238
v 8.2104778289794922 -12.479767799377441 -3.1714229583740234
v 8.6456336975097656 -13.141195297241211 -3.5162148475646973
v 9.056157112121582 -13.765183448791504 -3.8578097820281982
v 9.4666814804077148 -14.389171600341797 -4.2152481079101563
v 9.8772048950195313 -15.013160705566406 -4.5885310173034668
v 10.287729263305664 -15.637148857116699 -4.9776573181152344
v 10.67362117767334 -16.223697662353516 -5.3578824996948242
v 11.084145545959473 -16.847686767578125 -5.7777462005615234
v 11.44608211517334 -17.397823333740234 -6.1610593795776367
v 11.816688537597656 -17.961137771606445 -6.5663161277770996
v 12.180782318115234 -18.514553070068359 -6.977025032043457
v 12.538667678833008 -19.05853271484375 -7.3928766250610352
v 12.89063835144043 -19.593521118164063 -7.8136000633239746
v 13.236728668212891 -20.119571685791016 -8.2386503219604492
v 13.571920394897461 -20.629055023193359 -8.6610498428344727
v 13.911744117736816 -21.14558219909668 -9.1000699996948242
v 14.241262435913086 -21.646444320678711 -9.5361442565917969
v 14.566108703613281 -22.140203475952148 -9.9760265350341797
v 14.886341094970703 -22.626949310302734 -10.419371604919434
v 15.189384460449219 -23.087570190429688 -10.847798347473145
v 15.503875732421875 -23.565591812133789 -11.301928520202637
v 15.808155059814453 -24.02808952331543 -11.75007438659668
v 16.113384246826172 -24.492031097412109 -12.208054542541504
v 16.420955657958984 -24.959535598754883 -12.675128936767578
v 0 0 0
v 0.58631789684295654 -0.84941500425338745 -0.017322761937975883
v 1.1683505773544312 -1.6926219463348389 -0.058747019618749619
v 1.7226756811141968 -2.4956881999969482 -0.1247633695602417
v 2.3156182765960693 -3.3547005653381348 -0.22343581914901733
v 2.8819131851196289 -4.175107479095459 -0.3447258472442627
v 3.4198930263519287 -4.9544939994812012 -0.48443228006362915
v 3.9905478954315186 -5.7812175750732422 -0.65869432687759399
v 4.5308403968811035 -6.5639543533325195 -0.84841936826705933
v 5.0615863800048828 -7.3328604698181152 -1.05821692943573
v 5.5818743705749512 -8.0866165161132813 -1.2864151000976563
v 6.0717954635620117 -8.7963781356811523 -1.5216890573501587
v 6.590329647064209 -9.5475940704345703 -1.792252779006958
v 7.0788841247558594 -10.255375862121582 -2.067448616027832
v 7.5572333335876465 -10.948373794555664 -2.3559556007385254
v 8.0255193710327148 -11.626791954040527 -2.6566603183746338
v 8.4860868453979492 -12.29403018951416 -2.9700381755828857
v 8.9358501434326172 -12.945613861083984 -3.2929360866546631
v 9.3601541519165039 -13.560315132141113 -3.6128396987915039
v 9.7844581604003906 -14.175016403198242 -3.9475810527801514
v 10.208763122558594 -14.789717674255371 -4.2971601486206055
v 10.63306713104248 -15.404419898986816 -4.6615772247314453
v 11.031912803649902 -15.98223876953125 -5.0176582336425781
v 11.456217765808105 -16.596940994262695 -5.410860538482666
v 11.830303192138672 -17.138889312744141 -5.7698335647583008
v 12.213350296020508 -17.693820953369141 -6.1493563652038574
v 12.589666366577148 -18.23900032043457 -6.5339856147766113
v 12.959565162658691 -18.774881362915039 -6.9234304428100586
v 13.32335090637207 -19.301908493041992 -7.3174381256103516
v 13.681058883666992 -19.82012939453125 -7.7154979705810547
v 14.027502059936523 -20.322031021118164 -8.1110754013061523
v 14.37873363494873 -20.830869674682617 -8.5222177505493164
v 14.71931266784668 -21.324277877807617 -8.9306011199951172
v 15.055063247680664 -21.810688018798828 -9.3425512313842773
v 15.386045455932617 -22.290191650390625 -9.7577438354492188
v 15.699260711669922 -22.743955612182617 -10.158965110778809
v 16.024309158325195 -23.214862823486328 -10.584259033203125
v 16.338802337646484 -23.670476913452148 -11.003947257995605
v 16.654277801513672 -24.127513885498047 -11.432845115661621
v 16.972173690795898 -24.58806037902832 -11.870261192321777
v 0 0 0
v 0.60506981611251831 -0.83616143465042114 -0.016128174960613251
v 1.2057173252105713 -1.666211724281311 -0.054695792496204376
v 1.7777711153030396 -2.4567475318908691 -0.11615961790084839
v 2.3896775245666504 -3.3023567199707031 -0.20802755653858185
v 2.9740839004516602 -4.1099629402160645 -0.32095333933830261
v 3.5292696952819824 -4.8771882057189941 -0.4510255753993988
v 4.1181755065917969 -5.6910123825073242 -0.61327040195465088
v 4.6757478713989258 -6.4615359306335449 -0.78991186618804932
v 5.2234683036804199 -7.21844482421875 -0.98524171113967896
v 5.7603969573974609 -7.9604396820068359 -1.1977032423019409
v 6.265986442565918 -8.6591272354125977 -1.4167525768280029
v 6.8011050224304199 -9.3986215591430664 -1.6686581373214722
v 7.3052845001220703 -10.095359802246094 -1.9248760938644409
v 7.7989325523376465 -10.777544975280762 -2.1934876441955566
v 8.2821950912475586 -11.445377349853516 -2.4734556674957275
v 8.7574930191040039 -12.102204322814941 -2.7652227878570557
v 9.2216405868530273 -12.743620872497559 -3.0658533573150635
v 9.659515380859375 -13.34873104095459 -3.3636963367462158
v 10.097390174865723 -13.953841209411621 -3.6753537654876709
v 10.535264015197754 -14.558951377868652 -4.0008258819580078
v 10.973138809204102 -15.1640625 -4.3401122093200684
v 11.384740829467773 -15.732865333557129 -4.671638011932373
v 11.822615623474121 -16.337976455688477 -5.0377249717712402
v 12.20866584777832 -16.871469497680664 -5.3719425201416016
v 12.603963851928711 -17.417741775512695 -5.7252931594848633
v 12.992315292358398 -17.954414367675781 -6.0833983421325684
v 13.374044418334961 -18.481935501098633 -6.4459872245788574
v 13.749464988708496 -19.000738143920898 -6.8128237724304199
v 14.118613243103027 -19.510873794555664 -7.1834330558776855
v 14.476136207580566 -20.00494384765625 -7.5517311096191406
v 14.838601112365723 -20.505842208862305 -7.9345207214355469
v 15.190073013305664 -20.991552352905273 -8.3147420883178711
v 15.536561965942383 -21.470373153686523 -8.6982831954956055
v 15.878129005432129 -21.942394256591797 -9.0848445892333984
v 16.201362609863281 -22.389078140258789 -9.4583978652954102
v 16.536806106567383 -22.852636337280273 -9.8543624877929688
v 16.861358642578125 -23.301143646240234 -10.245108604431152
v 17.186922073364258 -23.751049041748047 -10.644430160522461
v 17.514986038208008 -24.204408645629883 -11.051681518554688
v 0 0 0
v 0.62298989295959473 -0.82289630174636841 -0.014951308257877827
v 1.2414265871047974 -1.6397783756256104 -0.050704661756753922
v 1.8304226398468018 -2.4177727699279785 -0.10768349468708038
v 2.460451602935791 -3.2499668598175049 -0.19284786283969879
v 3.0621662139892578 -4.0447611808776855 -0.29753351211547852
v 3.6337947845458984 -4.7998151779174805 -0.41811439394950867
v 4.2401418685913086 -5.6007280349731445 -0.56852030754089355
v 4.8142275810241699 -6.3590278625488281 -0.73227232694625854
v 5.3781700134277344 -7.1039290428161621 -0.9133489727973938
v 5.9310002326965332 -7.8341526985168457 -1.1103072166442871
v 6.451563835144043 -8.5217561721801758 -1.3133727312088013
v 7.002530574798584 -9.2495183944702148 -1.5468966960906982
v 7.5216422080993652 -9.9352035522460938 -1.7844187021255493
v 8.0299110412597656 -10.606566429138184 -2.0334296226501465
v 8.5274858474731445 -11.26380443572998 -2.2929685115814209
v 9.0168609619140625 -11.910211563110352 -2.5634455680847168
v 9.4947538375854492 -12.541452407836914 -2.8421392440795898
v 9.9455976486206055 -13.136962890625 -3.118248462677002
v 10.396440505981445 -13.732473373413086 -3.4071645736694336
v 10.847283363342285 -14.327983856201172 -3.7088868618011475
v 11.298126220703125 -14.923494338989258 -4.0234160423278809
v 11.721919059753418 -15.483274459838867 -4.3307499885559082
v 12.172761917114258 -16.078784942626953 -4.6701240539550781
v 12.570245742797852 -16.603815078735352 -4.9799537658691406
v 12.977251052856445 -17.141420364379883 -5.307520866394043
v 13.377103805541992 -17.669578552246094 -5.6394948959350586
v 13.770138740539551 -18.188732147216797 -5.9756259918212891
v 14.156678199768066 -18.699304580688477 -6.3156948089599609
v 14.536758422851563 -19.201347351074219 -6.6592607498168945
v 14.904870986938477 -19.687578201293945 -7.0006837844848633
v 15.278070449829102 -20.180532455444336 -7.3555417060852051
v 15.639951705932617 -20.658535003662109 -7.7080178260803223
v 15.996702194213867 -21.1297607421875 -8.063572883605957
v 16.348384857177734 -21.594291687011719 -8.4219264984130859
v 16.681192398071289 -22.033889770507813 -8.7682218551635742
v 17.026571273803711 -22.490095138549805 -9.1352930068969727
v 17.360734939575195 -22.931486129760742 -9.4975271224975586
v 17.695941925048828 -23.37425422668457 -9.8677101135253906
v 18.033721923828125 -23.820423126220703 -10.245244026184082
v 0 0 0
v 0.64049959182739258 -0.80934149026870728 -0.013768143020570278
v 1.2763179540634155 -1.6127678155899048 -0.046692170202732086
v 1.8818682432174683 -2.3779470920562744 -0.099162012338638306
v 2.5296049118041992 -3.1964333057403564 -0.17758694291114807
v 3.148231029510498 -3.978135347366333 -0.27398833632469177
v 3.7359256744384766 -4.7207522392272949 -0.38502711057662964
v 4.3593149185180664 -5.5084724426269531 -0.52353066205978394
v 4.9495358467102051 -6.2542815208435059 -0.67432427406311035
v 5.5293278694152832 -6.986912727355957 -0.8410714864730835
v 6.0976958274841309 -7.7051081657409668 -1.0224435329437256
v 6.6328907012939453 -8.3813848495483398 -1.2094395160675049
v 7.1993427276611328 -9.0971603393554688 -1.4244837760925293
v 7.7330446243286133 -9.771550178527832 -1.6432094573974609
v 8.2555980682373047 -10.431854248046875 -1.872515082359314
v 8.7671585083007813 -11.078266143798828 -2.1115155220031738
v 9.2702875137329102 -11.714025497436523 -2.3605883121490479
v 9.7616119384765625 -12.334868431091309 -2.6172277927398682
v 10.225127220153809 -12.920570373535156 -2.8714873790740967
v 10.688641548156738 -13.506271362304688 -3.1375401020050049
v 11.152155876159668 -14.091972351074219 -3.4153857231140137
v 11.615670204162598 -14.67767333984375 -3.7050247192382813
v 12.051373481750488 -15.228233337402344 -3.9880383014678955
v 12.514887809753418 -15.813934326171875 -4.3005557060241699
v 12.923542976379395 -16.330314636230469 -4.5858674049377441
v 13.341987609863281 -16.859066009521484 -4.8875126838684082
v 13.753078460693359 -17.378524780273438 -5.1932158470153809
v 14.157159805297852 -17.889125823974609 -5.5027470588684082
v 14.554563522338867 -18.391288757324219 -5.8159050941467285
v 14.945326805114746 -18.885061264038086 -6.1322827339172363
v 15.323784828186035 -19.363283157348633 -6.4466876983642578
v 15.707473754882813 -19.848115921020508 -6.7734642028808594
v 16.079526901245117 -20.318246841430664 -7.0980472564697266
v 16.44630241394043 -20.781709671020508 -7.4254655838012695
v 16.807870864868164 -21.238590240478516 -7.7554612159729004
v 17.150032043457031 -21.67094612121582 -8.0743522644042969
v 17.505117416381836 -22.119636535644531 -8.4123764038085938
v 17.848672866821289 -22.553756713867188 -8.7459440231323242
v 18.193300247192383 -22.989233016967773 -9.0868330001831055
v 18.54057502746582 -23.428050994873047 -9.4344911575317383
v 0 0 0
v 0.65754061937332153 -0.79555803537368774 -0.012585151009261608
v 1.3102755546569824 -1.5853016376495361 -0.042680267244577408
v 1.9319370985031128 -2.3374495506286621 -0.090641766786575317
v 2.5969071388244629 -3.1419966220855713 -0.16232824325561523
v 3.2319924831390381 -3.9103858470916748 -0.25044658780097961
v 3.8353233337402344 -4.6403555870056152 -0.35194465517997742
v 4.4752979278564453 -5.4146609306335449 -0.47854766249656677
v 5.0812225341796875 -6.147768497467041 -0.61638468503952026
v 5.6764407157897949 -6.867922306060791 -0.76880460977554321
v 6.2599306106567383 -7.5738868713378906 -0.93459278345108032
v 6.8093643188476563 -8.2386465072631836 -1.105521559715271
v 7.3908877372741699 -8.9422311782836914 -1.3020886182785034
v 7.938788890838623 -9.6051359176635742 -1.5020209550857544
v 8.475245475769043 -10.254195213317871 -1.7116240262985229
v 9.0004158020019531 -10.889598846435547 -1.9300888776779175
v 9.5169315338134766 -11.514530181884766 -2.1577608585357666
v 10.021328926086426 -12.124800682067871 -2.3923492431640625
v 10.497175216674805 -12.700527191162109 -2.6247622966766357
v 10.973021507263184 -13.276253700256348 -2.8679549694061279
v 11.448868751525879 -13.851980209350586 -3.1219274997711182
v 11.924715042114258 -14.427706718444824 -3.3866798877716064
v 12.372011184692383 -14.968889236450195 -3.6453762054443359
v 12.847857475280762 -15.544615745544434 -3.9310414791107178
v 13.267385482788086 -16.052202224731445 -4.1918387413024902
v 13.696963310241699 -16.571949005126953 -4.4675655364990234
v 14.118991851806641 -17.082559585571289 -4.7470026016235352
v 14.53382396697998 -17.584465026855469 -5.029937744140625
v 14.941800117492676 -18.078075408935547 -5.3161883354187012
v 15.342960357666016 -18.563440322875977 -5.6053824424743652
v 15.731487274169922 -19.033517837524414 -5.8927726745605469
v 16.125385284423828 -19.510093688964844 -6.1914715766906738
v 16.507335662841797 -19.972217559814453 -6.4881658554077148
v 16.883871078491211 -20.427787780761719 -6.7874517440795898
v 17.255058288574219 -20.876886367797852 -7.0890932083129883
v 17.6063232421875 -21.3018798828125 -7.3805842399597168
v 17.970855712890625 -21.742929458618164 -7.6895642280578613
v 18.323553085327148 -22.169656753540039 -7.994471549987793
v 18.677349090576172 -22.597715377807617 -8.3060703277587891
v 19.033863067626953 -23.029060363769531 -8.6238574981689453
v 0 0 0
v 0.67419272661209106 -0.78149616718292236 -0.011399195529520512
v 1.3434580564498901 -1.5572806596755981 -0.038658313453197479
v 1.9808629751205444 -2.2961339950561523 -0.082100182771682739
v 2.6626732349395752 -3.0864601135253906 -0.14703130722045898
v 3.3138420581817627 -3.8412678241729736 -0.22684586048126221
v 3.9324522018432617 -4.5583348274230957 -0.31877928972244263
v 4.5886340141296387 -5.3189539909362793 -0.43345195055007935
v 5.2099032402038574 -6.0391035079956055 -0.5582999587059021
v 5.820195198059082 -6.746528148651123 -0.69635665416717529
v 6.4184622764587402 -7.4400143623352051 -0.84652185440063477
v 6.9818100929260254 -8.0930242538452148 -1.0013432502746582
v 7.5780606269836426 -8.7841720581054688 -1.1793869733810425
v 8.1398372650146484 -9.4353609085083008 -1.3604786396026611
v 8.6898794174194336 -10.072946548461914 -1.5503300428390503
v 9.2283496856689453 -10.69711971282959 -1.7482079267501831
v 9.7579460144042969 -11.311004638671875 -1.9544253349304199
v 10.275116920471191 -11.910488128662109 -2.1669073104858398
v 10.76301383972168 -12.476037979125977 -2.3774189949035645
v 11.250911712646484 -13.04158878326416 -2.5976946353912354
v 11.738808631896973 -13.607138633728027 -2.8277342319488525
v 12.226705551147461 -14.172689437866211 -3.067537784576416
v 12.685329437255859 -14.704306602478027 -3.3018560409545898
v 13.173226356506348 -15.269856452941895 -3.5606017112731934
v 13.603379249572754 -15.768471717834473 -3.7968227863311768
v 14.043835639953613 -16.279029846191406 -4.0465664863586426
v 14.47655200958252 -16.780616760253906 -4.2996706962585449
v 14.901889801025391 -17.273651123046875 -4.5559439659118652
v 15.320198059082031 -17.758537292480469 -4.8152198791503906
v 15.731517791748047 -18.235321044921875 -5.0771617889404297
v 16.129884719848633 -18.697090148925781 -5.3374700546264648
v 16.533756256103516 -19.165243148803711 -5.6080212593078613
v 16.925380706787109 -19.619197845458984 -5.8767566680908203
v 17.311452865600586 -20.066715240478516 -6.1478395462036133
v 17.692039489746094 -20.507877349853516 -6.421055793762207
v 18.052200317382813 -20.925359725952148 -6.6850786209106445
v 18.42596435546875 -21.358612060546875 -6.9649419784545898
v 18.787593841552734 -21.777795791625977 -7.2411165237426758
v 19.150348663330078 -22.19828987121582 -7.5233516693115234
v 19.515892028808594 -22.62200927734375 -7.8111920356750488
v 0 0 0
v 0.69054442644119263 -0.76708608865737915 -0.010205823928117752
v 1.3760420083999634 -1.5285658836364746 -0.034611210227012634
v 2.0289063453674316 -2.2537953853607178 -0.073505192995071411
v 2.7272531986236572 -3.0295488834381104 -0.13163875043392181
v 3.3942153453826904 -3.7704386711120605 -0.20309758186340332
v 4.0278291702270508 -4.4742836952209473 -0.28540658950805664
v 4.6999258995056152 -5.2208776473999023 -0.38807427883148193
v 5.3362631797790527 -5.9277482032775879 -0.49985206127166748
v 5.9613571166992188 -6.622128963470459 -0.62345576286315918
v 6.574134349822998 -7.3028278350830078 -0.75790029764175415
v 7.1511454582214355 -7.9437961578369141 -0.89651358127593994
v 7.7618570327758789 -8.6222009658813477 -1.0559179782867432
v 8.3372592926025391 -9.2613811492919922 -1.2180514335632324
v 8.9006423950195313 -9.887211799621582 -1.3880274295806885
v 9.4521722793579102 -10.499875068664551 -1.5651897192001343
v 9.9946126937866211 -11.10244083404541 -1.7498184442520142
v 10.524327278137207 -11.69087028503418 -1.9400558471679688
v 11.02405834197998 -12.245991706848145 -2.1285293102264404
v 11.523788452148438 -12.801114082336426 -2.3257443904876709
v 12.023519515991211 -13.356236457824707 -2.5317013263702393
v 12.523249626159668 -13.911357879638672 -2.7464001178741455
v 12.992997169494629 -14.433173179626465 -2.9561877250671387
v 13.492727279663086 -14.98829460144043 -3.1878457069396973
v 13.93331241607666 -15.477715492248535 -3.3993368148803711
v 14.384451866149902 -15.978860855102539 -3.6229352951049805
v 14.827663421630859 -16.471199035644531 -3.8495423793792725
v 15.263317108154297 -16.955141067504883 -4.078986644744873
v 15.691771507263184 -17.431087493896484 -4.3111190795898438
v 16.113065719604492 -17.899078369140625 -4.5456385612487793
v 16.521095275878906 -18.352334976196289 -4.7786955833435059
v 16.934762954711914 -18.811853408813477 -5.0209226608276367
v 17.335886001586914 -19.257438659667969 -5.2615246772766113
v 17.731321334838867 -19.696704864501953 -5.5042276382446289
v 18.121139526367188 -20.129732131958008 -5.7488412857055664
v 18.490034103393555 -20.539514541625977 -5.9852237701416016
v 18.87286376953125 -20.964778900146484 -6.2357888221740723
v 19.243263244628906 -21.37623405456543 -6.4830508232116699
v 19.614818572998047 -21.788972854614258 -6.7357392311096191
v 19.989225387573242 -22.20488166809082 -6.993445873260498
v 0 0 0
v 0.70658844709396362 -0.75233423709869385 -0.0090071661397814751
v 1.4080126285552979 -1.4991699457168579 -0.030546177178621292
v 2.0760457515716553 -2.2104525566101074 -0.064872123301029205
v 2.7906177043914795 -2.9712874889373779 -0.11617797613143921
v 3.4730758666992188 -3.6979291439056396 -0.17924408614635468
v 4.1214108467102051 -4.3882384300231934 -0.2518860399723053
v 4.8091230392456055 -5.1204743385314941 -0.34249556064605713
v 5.4602451324462891 -5.813751220703125 -0.44114521145820618
v 6.0998620986938477 -6.4947781562805176 -0.55023181438446045
v 6.7268762588500977 -7.162386417388916 -0.66888606548309326
v 7.3172941207885742 -7.7910289764404297 -0.79121941328048706
v 7.942194938659668 -8.4563865661621094 -0.93190211057662964
v 8.5309658050537109 -9.0832757949829102 -1.0749932527542114
v 9.1074380874633789 -9.6970701217651367 -1.2250057458877563
v 9.6717824935913086 -10.297950744628906 -1.3813605308532715
v 10.226825714111328 -10.88892936706543 -1.5443049669265747
v 10.768847465515137 -11.466042518615723 -1.712199330329895
v 11.28018856048584 -12.010489463806152 -1.8785368204116821
v 11.791530609130859 -12.554935455322266 -2.0525894165039063
v 12.302871704101563 -13.099382400512695 -2.2343568801879883
v 12.814212799072266 -13.643828392028809 -2.423839807510376
v 13.29487419128418 -14.155608177185059 -2.6089880466461182
v 13.806215286254883 -14.700054168701172 -2.8134381771087646
v 14.257037162780762 -15.180063247680664 -3.0000901222229004
v 14.718657493591309 -15.671570777893066 -3.1974272727966309
v 15.17216682434082 -16.154439926147461 -3.3974196910858154
v 15.617942810058594 -16.62907600402832 -3.5999159812927246
v 16.056350708007813 -17.095869064331055 -3.8047847747802734
v 16.487434387207031 -17.554861068725586 -4.0117602348327637
v 16.904943466186523 -17.999399185180664 -4.217444896697998
v 17.328222274780273 -18.450082778930664 -4.4312233924865723
v 17.738664627075195 -18.88709831237793 -4.6435666084289551
v 18.143287658691406 -19.317916870117188 -4.857764720916748
v 18.54216194152832 -19.742616653442383 -5.0736489295959473
v 18.919628143310547 -20.144519805908203 -5.2822685241699219
v 19.31135368347168 -20.561605453491211 -5.5034050941467285
v 19.690357208251953 -20.965147018432617 -5.7216267585754395
v 20.070545196533203 -21.369949340820313 -5.9446372985839844
v 20.453651428222656 -21.777858734130859 -6.1720762252807617
v 0 0 0
v 0.72231727838516235 -0.73724687099456787 -0.0078053493052721024
v 1.4393553733825684 -1.4691054821014404 -0.026470432057976723
v 2.1222589015960693 -2.1661241054534912 -0.056216303259134293
v 2.8527376651763916 -2.911700963973999 -0.10067646950483322
v 3.5503873825073242 -3.6237704753875732 -0.15532773733139038
v 4.2131547927856445 -4.3002362251281738 -0.21827714145183563
v 4.916175365447998 -5.0177879333496094 -0.29679670929908752
v 5.581791877746582 -5.6971621513366699 -0.38228365778923035
v 6.2356467247009277 -6.3645315170288086 -0.47681495547294617
v 6.8766183853149414 -7.0187516212463379 -0.57963728904724121
v 7.4801788330078125 -7.6347870826721191 -0.68564784526824951
v 8.1189899444580078 -8.2868022918701172 -0.80755937099456787
v 8.7208671569824219 -8.9011192321777344 -0.93155795335769653
v 9.3101720809936523 -9.5026044845581055 -1.0615544319152832
v 9.8870792388916016 -10.091435432434082 -1.1970469951629639
v 10.45447826385498 -10.670561790466309 -1.3382499217987061
v 11.008564949035645 -11.236102104187012 -1.4837422370910645
v 11.531289100646973 -11.76962947845459 -1.6278854608535767
v 12.054013252258301 -12.303157806396484 -1.7787144184112549
v 12.576736450195313 -12.836686134338379 -1.9362289905548096
v 13.099460601806641 -13.370214462280273 -2.1004292964935303
v 13.590821266174316 -13.871730804443359 -2.260873556137085
v 14.113545417785645 -14.405258178710938 -2.4380438327789307
v 14.574402809143066 -14.875640869140625 -2.5997910499572754
v 15.046298980712891 -15.357292175292969 -2.7707977294921875
v 15.509902954101563 -15.830477714538574 -2.9441053867340088
v 15.965601921081543 -16.295595169067383 -3.1195828914642334
v 16.41377067565918 -16.753026962280273 -3.2971160411834717
v 16.854450225830078 -17.202814102172852 -3.4764752388000488
v 17.281251907348633 -17.638439178466797 -3.6547157764434814
v 17.713953018188477 -18.080083847045898 -3.8399696350097656
v 18.13353157043457 -18.508335113525391 -4.0239801406860352
v 18.547161102294922 -18.930513381958008 -4.2095980644226074
v 18.954916000366211 -19.346696853637695 -4.3966770172119141
v 19.340784072875977 -19.74053955078125 -4.577460765838623
v 19.741228103637695 -20.149261474609375 -4.7690911293029785
v 20.128671646118164 -20.544710159301758 -4.958195686340332
v 20.51732063293457 -20.941394805908203 -5.1514501571655273
v 20.908956527709961 -21.341123580932617 -5.3485426902770996
v 0 0 0
v 0.73768669366836548 -0.72186809778213501 -0.006605412345379591
v 1.4699819087982178 -1.4384602308273315 -0.022401062771677971
v 2.1674163341522217 -2.1209392547607422 -0.04757402092218399
v 2.913438081741333 -2.8509635925292969 -0.085199207067489624
v 3.6259324550628662 -3.5481793880462646 -0.13144879043102264
v 4.3028020858764648 -4.2105345726013184 -0.18472081422805786
v 5.0207815170288086 -4.9131183624267578 -0.25116938352584839
v 5.7005605697631836 -5.5783205032348633 -0.3235141932964325
v 6.3683285713195801 -6.2317686080932617 -0.40351295471191406
v 7.0229387283325195 -6.8723421096801758 -0.49052810668945313
v 7.6393418312072754 -7.4755268096923828 -0.58024138212203979
v 8.2917451858520508 -8.1139411926269531 -0.6834111213684082
v 8.9064292907714844 -8.7154436111450195 -0.78834712505340576
v 9.5082731246948242 -9.30438232421875 -0.89835888147354126
v 10.097455978393555 -9.8809299468994141 -1.0130218267440796
v 10.67692756652832 -10.447976112365723 -1.1325172185897827
v 11.242804527282715 -11.001718521118164 -1.2556426525115967
v 11.776651382446289 -11.524117469787598 -1.3776264190673828
v 12.310497283935547 -12.046516418457031 -1.5052679777145386
v 12.844344139099121 -12.568915367126465 -1.6385674476623535
v 13.378190040588379 -13.091314315795898 -1.7775247097015381
v 13.880005836486816 -13.582368850708008 -1.9133034944534302
v 14.413852691650391 -14.104767799377441 -2.0632369518280029
v 14.884515762329102 -14.565338134765625 -2.2001183032989502
v 15.366453170776367 -15.036941528320313 -2.3448357582092285
v 15.839921951293945 -15.50025749206543 -2.4915003776550293
v 16.305316925048828 -15.955673217773438 -2.6400010585784912
v 16.763021469116211 -16.403562545776367 -2.7902417182922363
v 17.213077545166016 -16.843967437744141 -2.9420275688171387
v 17.648962020874023 -17.270503997802734 -3.0928666591644287
v 18.090869903564453 -17.702936172485352 -3.249640941619873
v 18.519376754760742 -18.122255325317383 -3.4053633213043213
v 18.941806793212891 -18.535627365112305 -3.5624456405639648
v 19.358238220214844 -18.94312858581543 -3.7207643985748291
v 19.752315521240234 -19.328756332397461 -3.873755931854248
v 20.161281585693359 -19.728952407836914 -4.035926342010498
v 20.556966781616211 -20.116151809692383 -4.1959590911865234
v 20.953887939453125 -20.504562377929688 -4.359504222869873
v 21.353855133056641 -20.895952224731445 -4.5262970924377441
v 0 0 0
v 0.75270974636077881 -0.70618844032287598 -0.0054080658592283726
v 1.4999182224273682 -1.4072155952453613 -0.018340477719902992
v 2.2115557193756104 -2.0748703479766846 -0.038950398564338684
v 2.9727702140808105 -2.7890379428863525 -0.06975536048412323
v 3.6997747421264648 -3.4711096286773682 -0.10762140154838562
v 4.3904285430908203 -4.1190776824951172 -0.15123693645000458
v 5.1230301856994629 -4.8064007759094238 -0.2056405246257782
v 5.816652774810791 -5.4571537971496582 -0.26487156748771667
v 6.4980196952819824 -6.0964088439941406 -0.33036914467811584
v 7.1659612655639648 -6.7230682373046875 -0.40161129832267761
v 7.794917106628418 -7.3131513595581055 -0.47506248950958252
v 8.4606075286865234 -7.9376983642578125 -0.55953091382980347
v 9.0878086090087891 -8.5261354446411133 -0.64544540643692017
v 9.7019100189208984 -9.1022825241088867 -0.73551565408706665
v 10.303091049194336 -9.6663064956665039 -0.82939392328262329
v 10.894363403320313 -10.221035957336426 -0.92722862958908081
v 11.47176456451416 -10.762751579284668 -1.0280355215072632
v 12.016483306884766 -11.273802757263184 -1.1279075145721436
v 12.561201095581055 -11.784854888916016 -1.2324118614196777
v 13.10591983795166 -12.295907020568848 -1.3415484428405762
v 13.650637626647949 -12.806958198547363 -1.4553172588348389
v 14.162672996520996 -13.287346839904785 -1.566483736038208
v 14.707390785217285 -13.798398971557617 -1.6892392635345459
v 15.187639236450195 -14.248965263366699 -1.8013083934783936
v 15.679391860961914 -14.710325241088867 -1.9197932481765747
v 16.162502288818359 -15.163577079772949 -2.0398721694946289
v 16.637374877929688 -15.609100341796875 -2.1614546775817871
v 17.104400634765625 -16.047262191772461 -2.2844617366790771
v 17.563623428344727 -16.47810173034668 -2.408733606338501
v 18.008382797241211 -16.89537239074707 -2.5322303771972656
v 18.459291458129883 -17.318412780761719 -2.6605865955352783
v 18.896524429321289 -17.728622436523438 -2.7880816459655762
v 19.327558517456055 -18.133016586303711 -2.9166901111602783
v 19.752468109130859 -18.531665802001953 -3.0463106632232666
v 20.154573440551758 -18.908916473388672 -3.17156982421875
v 20.571866989135742 -19.300420761108398 -3.3043439388275146
v 20.975610733032227 -19.679210662841797 -3.4353682994842529
v 21.380615234375 -20.059183120727539 -3.569267749786377
v 21.788726806640625 -20.442071914672852 -3.7058265209197998
v 0 0 0
v 0.76743847131729126 -0.69015282392501831 -0.0042107128538191319
v 1.5292680263519287 -1.3752615451812744 -0.014279872179031372
v 2.2548305988311768 -2.0277557373046875 -0.030326729640364647
v 3.0309402942657471 -2.7257065773010254 -0.054311435669660568
v 3.7721703052520752 -3.3922903537750244 -0.083793886005878448
v 4.4763388633728027 -4.0255446434020996 -0.11775288730859756
v 5.2232756614685059 -4.6972603797912598 -0.16011145710945129
v 5.9304709434509277 -5.3332371711730957 -0.20622867345809937
v 6.6251707077026367 -5.9579763412475586 -0.25722500681877136
v 7.3061819076538086 -6.5704059600830078 -0.31269404292106628
v 7.9474453926086426 -7.147089958190918 -0.36988303065299988
v 8.6261615753173828 -7.7574553489685059 -0.4356500506401062
v 9.2656354904174805 -8.3325309753417969 -0.50254297256469727
v 9.8917531967163086 -8.895594596862793 -0.57267153263092041
v 10.504697799682617 -9.4468116760253906 -0.64576500654220581
v 11.107540130615234 -9.9889450073242188 -0.72193902730941772
v 11.696240425109863 -10.518359184265137 -0.80042707920074463
v 12.251617431640625 -11.017806053161621 -0.87818735837936401
v 12.806994438171387 -11.517252922058105 -0.95955425500869751
v 13.362371444702148 -12.016700744628906 -1.0445278882980347
v 13.91774845123291 -12.516147613525391 -1.1331081390380859
v 14.439802169799805 -12.985628128051758 -1.2196621894836426
v 14.995179176330566 -13.485074996948242 -1.3152395486831665
v 15.484825134277344 -13.925411224365234 -1.4024964570999146
v 15.986200332641602 -14.376294136047363 -1.494748592376709
v 16.478763580322266 -14.819253921508789 -1.5882419347763062
v 16.962928771972656 -15.254661560058594 -1.682905912399292
v 17.439092636108398 -15.682872772216797 -1.7786788940429688
v 17.90730094909668 -16.10392951965332 -1.8754369020462036
v 18.360763549804688 -16.511726379394531 -1.9715913534164429
v 18.82049560546875 -16.925159454345703 -2.0715293884277344
v 19.266284942626953 -17.326053619384766 -2.1707966327667236
v 19.705751419067383 -17.72126579284668 -2.2709310054779053
v 20.13897705078125 -18.110862731933594 -2.3718535900115967
v 20.5489501953125 -18.479547500610352 -2.4693801403045654
v 20.974409103393555 -18.862161636352539 -2.5727579593658447
v 21.386053085327148 -19.232349395751953 -2.6747732162475586
v 21.798982620239258 -19.603694915771484 -2.7790272235870361
v 22.215080261230469 -19.977890014648438 -2.8853516578674316
v 0 0 0
v 0.78197723627090454 -0.67363464832305908 -0.003006030572578311
v 1.5582393407821655 -1.3423459529876709 -0.010194409638643265
v 2.2975475788116455 -1.9792232513427734 -0.021650271490216255
v 3.0883603096008301 -2.6604692935943604 -0.038772966712713242
v 3.843632698059082 -3.3110988140106201 -0.059820502996444702
v 4.5611410140991211 -3.929196834564209 -0.084063857793807983
v 5.3222284317016602 -4.5848355293273926 -0.11430366337299347
v 6.042820930480957 -5.2055907249450684 -0.14722678065299988
v 6.7506814002990723 -5.8153772354125977 -0.18363308906555176
v 7.4445943832397461 -6.4131488800048828 -0.22323247790336609
v 8.0980062484741211 -6.9760308265686035 -0.26405972242355347
v 8.7895803451538086 -7.5717873573303223 -0.31101083755493164
v 9.4411687850952148 -8.1330986022949219 -0.35876572132110596
v 10.079148292541504 -8.6826858520507813 -0.40883055329322815
v 10.703704833984375 -9.2207107543945313 -0.46101206541061401
v 11.317968368530273 -9.7498683929443359 -0.5153927206993103
v 11.917819976806641 -10.266611099243164 -0.57142537832260132
v 12.483718872070313 -10.754104614257813 -0.62693846225738525
v 13.049616813659668 -11.241598129272461 -0.68502634763717651
v 13.61551570892334 -11.729091644287109 -0.74568909406661987
v 14.181413650512695 -12.216585159301758 -0.80892658233642578
v 14.713358879089355 -12.67482852935791 -0.87071758508682251
v 15.279256820678711 -13.162322044372559 -0.9389503002166748
v 15.778179168701172 -13.592118263244629 -1.0012431144714355
v 16.289051055908203 -14.032210350036621 -1.0671019554138184
v 16.790946960449219 -14.464569091796875 -1.1338468790054321
v 17.284284591674805 -14.889554023742676 -1.2014275789260864
v 17.76947021484375 -15.307517051696777 -1.2697999477386475
v 18.246547698974609 -15.71849536895752 -1.3388755321502686
v 18.708600997924805 -16.116531372070313 -1.4075202941894531
v 19.177042007446289 -16.520071029663086 -1.4788661003112793
v 19.631275177001953 -16.911371231079102 -1.5497331619262695
v 20.079069137573242 -17.297122955322266 -1.6212191581726074
v 20.520502090454102 -17.677394866943359 -1.6932677030563354
v 20.938240051269531 -18.037256240844727 -1.7628920078277588
v 21.371761322021484 -18.410711288452148 -1.8366935253143311
v 21.791202545166016 -18.772041320800781 -1.9095222949981689
v 22.211954116821289 -19.134496688842773 -1.9839493036270142
v 22.635936737060547 -19.499736785888672 -2.05985426902771
v 0 0 0
v 0.79616093635559082 -0.65681052207946777 -0.0018089803634211421
v 1.5865030288696289 -1.3088207244873047 -0.0061348299495875835
v 2.3392210006713867 -1.9297919273376465 -0.013028780929744244
v 3.1443777084350586 -2.5940237045288086 -0.02333294041454792
v 3.9133493900299072 -3.2284038066864014 -0.035999007523059845
v 4.6438722610473633 -3.8310647010803223 -0.050588261336088181
v 5.4187641143798828 -4.4703288078308105 -0.068786084651947021
v 6.1524271965026855 -5.0755805969238281 -0.088598683476448059
v 6.8731269836425781 -5.670137882232666 -0.11050740629434586
v 7.5796265602111816 -6.2529797554016113 -0.13433767855167389
v 8.2448902130126953 -6.8018035888671875 -0.15890684723854065
v 8.9490079879760742 -7.3826813697814941 -0.18716126680374146
v 9.6124153137207031 -7.9299740791320801 -0.21589937806129456
v 10.261965751647949 -8.4658355712890625 -0.24602758884429932
v 10.89785099029541 -8.990422248840332 -0.27742955088615417
v 11.523256301879883 -9.5063638687133789 -0.31015497446060181
v 12.133988380432129 -10.010201454162598 -0.34387451410293579
v 12.710151672363281 -10.485519409179688 -0.37728136777877808
v 13.286314010620117 -10.960838317871094 -0.4122377336025238
v 13.86247730255127 -11.436156272888184 -0.4487435519695282
v 14.438639640808105 -11.911474227905273 -0.48679888248443604
v 14.980233192443848 -12.358273506164551 -0.52398371696472168
v 15.556395530700684 -12.833591461181641 -0.56504499912261963
v 16.064367294311523 -13.252654075622559 -0.6025317907333374
v 16.584506988525391 -13.681754112243652 -0.64216458797454834
v 17.09550666809082 -14.103314399719238 -0.68233060836791992
v 17.59779167175293 -14.517685890197754 -0.72299957275390625
v 18.091775894165039 -14.925209999084473 -0.76414495706558228
v 18.577507019042969 -15.325923919677734 -0.80571353435516357
v 19.047943115234375 -15.714019775390625 -0.84702283143997192
v 19.524879455566406 -16.107479095458984 -0.88995754718780518
v 19.98735237121582 -16.489007949829102 -0.93260419368743896
v 20.443267822265625 -16.865123748779297 -0.97562330961227417
v 20.892707824707031 -17.23590087890625 -1.0189809799194336
v 21.318023681640625 -17.586772918701172 -1.0608797073364258
v 21.759407043457031 -17.950902938842773 -1.1052923202514648
v 22.186458587646484 -18.303207397460938 -1.14911949634552
v 22.614841461181641 -18.656610488891602 -1.1939084529876709
v 23.046512603759766 -19.012727737426758 -1.2395868301391602
v 0 0 0
v 0.80998307466506958 -0.63968813419342041 -0.00062175252242013812
v 1.6140462160110474 -1.2747009992599487 -0.0021085613407194614
v 2.3798320293426514 -1.8794841766357422 -0.0044780350290238857
v 3.1989669799804688 -2.526400089263916 -0.0080196093767881393
v 3.9812886714935303 -3.144242525100708 -0.012372978031635284
v 4.7244939804077148 -3.7311928272247314 -0.017387352883815765
v 5.5128388404846191 -4.3537917137145996 -0.023642005398869514
v 6.2592391967773438 -4.943265438079834 -0.030451659113168716
v 6.9924511909484863 -5.5223226547241211 -0.037981759756803513
v 7.7112159729003906 -6.0899710655212402 -0.046172302216291428
v 8.3880290985107422 -6.6244874000549316 -0.054616808891296387
v 9.1043710708618164 -7.1902222633361816 -0.064327947795391083
v 9.7792959213256836 -7.7232475280761719 -0.07420533150434494
v 10.440123558044434 -8.2451391220092773 -0.084560491144657135
v 11.087047576904297 -8.7560510635375977 -0.095353454351425171
v 11.723310470581055 -9.2585430145263672 -0.1066012904047966
v 12.344646453857422 -9.7492456436157227 -0.11819081008434296
v 12.930811882019043 -10.212172508239746 -0.12967285513877869
v 13.516977310180664 -10.675100326538086 -0.14168746769428253
v 14.103142738342285 -11.138027191162109 -0.15423464775085449
v 14.689308166503906 -11.600954055786133 -0.16731438040733337
v 15.240303993225098 -12.036106109619141 -0.18009492754936218
v 15.826469421386719 -12.499032974243164 -0.19420784711837769
v 16.343259811401367 -12.907170295715332 -0.20709216594696045
v 16.872428894042969 -13.325084686279297 -0.22071409225463867
v 17.392299652099609 -13.735654830932617 -0.23451928794384003
v 17.903305053710938 -14.139225006103516 -0.24849733710289001
v 18.405866622924805 -14.536124229431152 -0.26263916492462158
v 18.900030136108398 -14.926392555236816 -0.27692639827728271
v 19.378633499145508 -15.304370880126953 -0.29112455248832703
v 19.863849639892578 -15.687573432922363 -0.30588135123252869
v 20.334352493286133 -16.059154510498047 -0.32053914666175842
v 20.798181533813477 -16.425468444824219 -0.33532494306564331
v 21.255424499511719 -16.786577224731445 -0.35022714734077454
v 21.688125610351563 -17.128303527832031 -0.3646278977394104
v 22.137170791625977 -17.482940673828125 -0.37989261746406555
v 22.571634292602539 -17.826061248779297 -0.39495617151260376
v 23.007455825805664 -18.170251846313477 -0.41035029292106628
v 23.446620941162109 -18.517086029052734 -0.4260500967502594
v 0 0 0
v 0.82343703508377075 -0.62227505445480347 0.0005534625961445272
v 1.6408559083938599 -1.2400021553039551 0.0018769684247672558
v 2.4193615913391113 -1.8283224105834961 0.0039861919358372688
v 3.2521026134490967 -2.4576284885406494 0.007138778455555439
v 4.0474185943603516 -3.0586526393890381 0.011013996787369251
v 4.8029689788818359 -3.6296253204345703 0.01547762006521225
v 5.6044082641601563 -4.2352766990661621 0.021045295521616936
v 6.3632063865661621 -4.8087038993835449 0.027107013389468193
v 7.1085972785949707 -5.3719987869262695 0.033810049295425415
v 7.8393006324768066 -5.9241948127746582 0.041100986301898956
v 8.5273561477661133 -6.4441609382629395 0.048617992550134659
v 9.2555961608886719 -6.9944958686828613 0.057262510061264038
v 9.9417324066162109 -7.5130114555358887 0.066055014729499817
v 10.61353588104248 -8.0206966400146484 0.075272828340530396
v 11.271205902099609 -8.5177011489868164 0.084880344569683075
v 11.918037414550781 -9.0065145492553711 0.094892777502536774
v 12.54969310760498 -9.4838590621948242 0.10520936548709869
v 13.145595550537109 -9.9341850280761719 0.11543029546737671
v 13.741497039794922 -10.38451099395752 0.12612529098987579
v 14.337398529052734 -10.834836959838867 0.13729435205459595
v 14.933300971984863 -11.285161972045898 0.14893747866153717
v 15.493448257446289 -11.708468437194824 0.16031427681446075
v 16.089349746704102 -12.158794403076172 0.17287710309028625
v 16.614725112915039 -12.555822372436523 0.18434628844261169
v 17.152683258056641 -12.962360382080078 0.19647204875946045
v 17.681190490722656 -13.361754417419434 0.20876096189022064
v 18.20068359375 -13.754338264465332 0.22120372951030731
v 18.711591720581055 -14.140434265136719 0.23379229009151459
v 19.213964462280273 -14.520078659057617 0.24651029706001282
v 19.700515747070313 -14.887767791748047 0.2591489851474762
v 20.193792343139648 -15.260539054870605 0.27228501439094543
v 20.672109603881836 -15.622006416320801 0.28533285856246948
v 21.143644332885742 -15.978346824645996 0.29849466681480408
v 21.608482360839844 -16.329626083374023 0.3117600679397583
v 22.048368453979492 -16.662052154541016 0.32457911968231201
v 22.504873275756836 -17.007034301757813 0.33816725015640259
v 22.946554183959961 -17.340814590454102 0.3515762984752655
v 23.389614105224609 -17.675636291503906 0.36527961492538452
v 23.836074829101563 -18.013029098510742 0.37925505638122559
v 0 0 0
v 0.83654457330703735 -0.60453999042510986 0.001716993167065084
v 1.6669751405715942 -1.2046616077423096 0.0058228722773492336
v 2.4578731060028076 -1.7762144804000854 0.012366264127194881
v 3.3038697242736816 -2.3875851631164551 0.022146454080939293
v 4.1118459701538086 -2.9714796543121338 0.03416844829916954
v 4.8794231414794922 -3.5261795520782471 0.048015836626291275
v 5.6936197280883789 -4.1145696640014648 0.065288297832012177
v 6.4644966125488281 -4.6716537475585938 0.08409341424703598
v 7.2217521667480469 -5.2188944816589355 0.10488807410001755
v 7.9640874862670898 -5.7553529739379883 0.1275065690279007
v 8.6630945205688477 -6.2604999542236328 0.15082639455795288
v 9.4029273986816406 -6.7951498031616211 0.17764405906200409
v 10.099985122680664 -7.2988877296447754 0.20492082834243774
v 10.782483100891113 -7.7921037673950195 0.23351700603961945
v 11.450621604919434 -8.2749433517456055 0.26332217454910278
v 12.107749938964844 -8.7498254776000977 0.29438349604606628
v 12.749460220336914 -9.2135658264160156 0.32638838887214661
v 13.35484790802002 -9.651057243347168 0.35809651017189026
v 13.960235595703125 -10.08854866027832 0.3912753164768219
v 14.565622329711914 -10.526039123535156 0.42592483758926392
v 15.17101001739502 -10.963530540466309 0.46204501390457153
v 15.740074157714844 -11.374773025512695 0.49733898043632507
v 16.345462799072266 -11.812263488769531 0.53631234169006348
v 16.879199981689453 -12.197976112365723 0.57189285755157471
v 17.425722122192383 -12.592927932739258 0.60951030254364014
v 17.962640762329102 -12.980938911437988 0.64763391017913818
v 18.49040412902832 -13.362334251403809 0.68623483180999756
v 19.009445190429688 -13.737425804138184 0.72528797388076782
v 19.519813537597656 -14.106250762939453 0.76474273204803467
v 20.014110565185547 -14.463460922241211 0.80395150184631348
v 20.515237808227539 -14.825608253479004 0.84470295906066895
v 21.001169204711914 -15.176773071289063 0.8851810097694397
v 21.48021125793457 -15.522957801818848 0.92601257562637329
v 21.952447891235352 -15.864226341247559 0.96716552972793579
v 22.399335861206055 -16.187175750732422 1.0069336891174316
v 22.863107681274414 -16.522327423095703 1.0490878820419312
v 23.311819076538086 -16.846593856811523 1.0906864404678345
v 23.761932373046875 -17.171873092651367 1.1331979036331177
v 24.215499877929688 -17.499650955200195 1.17655348777771
v 0 0 0
v 0.84956961870193481 -0.58609378337860107 0.0028913593851029873
v 1.6929301023483276 -1.1679040193557739 0.0098055228590965271
v 2.4961423873901367 -1.7220172882080078 0.020824376493692398
v 3.3553111553192139 -2.3147332668304443 0.037293892353773117
v 4.1758675575256348 -2.8808116912841797 0.057538527995347977
v 4.9553961753845215 -3.4185860157012939 0.080857068300247192
v 5.7822699546813965 -3.9890224933624268 0.10994331538677216
v 6.5651493072509766 -4.5291085243225098 0.14161050319671631
v 7.334195613861084 -5.0596518516540527 0.17662802338600159
v 8.0880889892578125 -5.5797410011291504 0.21471680700778961
v 8.7979793548583984 -6.0694746971130371 0.25398662686347961
v 9.5493316650390625 -6.5878109931945801 0.29914668202400208
v 10.257243156433105 -7.0761785507202148 0.34507986903190613
v 10.950366973876953 -7.5543451309204102 0.39323487877845764
v 11.628909111022949 -8.0224514007568359 0.44342580437660217
v 12.296268463134766 -8.4828433990478516 0.49573200941085815
v 12.947970390319824 -8.93243408203125 0.54962718486785889
v 13.562783241271973 -9.3565769195556641 0.60302263498306274
v 14.177597045898438 -9.7807188034057617 0.65889459848403931
v 14.792410850524902 -10.204860687255859 0.71724319458007813
v 15.407223701477051 -10.629002571105957 0.7780684232711792
v 15.985148429870605 -11.02769660949707 0.83750230073928833
v 16.59996223449707 -11.451838493347168 0.90313208103179932
v 17.142009735107422 -11.82578182220459 0.96304857730865479
v 17.697040557861328 -12.208683013916016 1.0263950824737549
v 18.242319107055664 -12.584854125976563 1.0905939340591431
v 18.778299331665039 -12.954611778259277 1.1555966138839722
v 19.305423736572266 -13.318259239196777 1.2213608026504517
v 19.823738098144531 -13.675829887390137 1.2878013849258423
v 20.32573127746582 -14.022140502929688 1.3538274765014648
v 20.834661483764648 -14.373237609863281 1.4224516153335571
v 21.328159332275391 -14.713686943054199 1.4906153678894043
v 21.814659118652344 -15.049308776855469 1.5593743324279785
v 22.294248580932617 -15.38016414642334 1.6286745071411133
v 22.748096466064453 -15.693260192871094 1.6956428289413452
v 23.219087600708008 -16.018184661865234 1.7666289806365967
v 23.674785614013672 -16.332557678222656 1.8366795778274536
v 24.131906509399414 -16.647911071777344 1.9082673788070679
v 24.592536926269531 -16.965686798095703 1.9812769889831543
v 0 0 0
v 0.86223012208938599 -0.56730258464813232 0.0040502492338418961
v 1.7181586027145386 -1.1304589509963989 0.013735689222812653
v 2.5333406925201416 -1.6668063402175903 0.02917102724313736
v 3.4053130149841309 -2.2405188083648682 0.052241712808609009
v 4.2380976676940918 -2.7884478569030762 0.080600634217262268
v 5.0292425155639648 -3.3089802265167236 0.1132655143737793
v 5.868438720703125 -3.8611276149749756 0.1540098637342453
v 6.6629848480224609 -4.3838973045349121 0.19836962223052979
v 7.4434914588928223 -4.897430419921875 0.24742257595062256
v 8.2086200714111328 -5.4008450508117676 0.30077779293060303
v 8.9290895462036133 -5.8748764991760254 0.35578739643096924
v 9.6916389465332031 -6.376594066619873 0.41904813051223755
v 10.410099029541016 -6.8493037223815918 0.48339185118675232
v 11.113552093505859 -7.3121395111083984 0.55084794759750366
v 11.802206039428711 -7.7652378082275391 0.62115597724914551
v 12.479510307312012 -8.2108688354492188 0.69442707300186157
v 13.140924453735352 -8.6460447311401367 0.7699241042137146
v 13.764900207519531 -9.0565881729125977 0.84472101926803589
v 14.388875961303711 -9.4671316146850586 0.92298716306686401
v 15.012850761413574 -9.8776750564575195 1.0047225952148438
v 15.636826515197754 -10.28821849822998 1.0899271965026855
v 16.223363876342773 -10.674129486083984 1.1731828451156616
v 16.847339630126953 -11.084672927856445 1.2651177644729614
v 17.397464752197266 -11.446626663208008 1.3490495681762695
v 17.96076774597168 -11.817251205444336 1.4377861022949219
v 18.514171600341797 -12.181362152099609 1.5277165174484253
v 19.058139801025391 -12.539264678955078 1.6187729835510254
v 19.593116760253906 -12.891252517700195 1.7108962535858154
v 20.119155883789063 -13.237359046936035 1.8039669990539551
v 20.628631591796875 -13.572566032409668 1.8964571952819824
v 21.145145416259766 -13.912406921386719 1.9925867319107056
v 21.645998001098633 -14.241940498352051 2.0880711078643799
v 22.139747619628906 -14.566802024841309 2.184389591217041
v 22.626483917236328 -14.887049674987793 2.281466007232666
v 23.087093353271484 -15.190107345581055 2.3752760887145996
v 23.565105438232422 -15.504613876342773 2.4747142791748047
v 24.027595520019531 -15.808907508850098 2.5728418827056885
v 24.491527557373047 -16.114151000976563 2.6731231212615967
v 24.959020614624023 -16.421737670898438 2.7753956317901611
v 0 0 0
v 0.87493383884429932 -0.54750609397888184 0.0052303667180240154
v 1.7434730529785156 -1.0910106897354126 0.017737844958901405
v 2.5706655979156494 -1.6086417436599731 0.0376705601811409
v 3.4554851055145264 -2.1623339653015137 0.067463330924510956
v 4.300539493560791 -2.6911425590515137 0.10408516228199005
v 5.1033411026000977 -3.1935105323791504 0.14626757800579071
v 5.9549016952514648 -3.7263903617858887 0.19888357818126678
v 6.7611536979675293 -4.2309179306030273 0.25616839528083801
v 7.5531601905822754 -4.7265305519104004 0.31951385736465454
v 8.3295612335205078 -5.2123780250549316 0.38841512799263
v 9.0606460571289063 -5.669867992401123 0.45945283770561218
v 9.8344306945800781 -6.1540775299072266 0.54114580154418945
v 10.5634765625 -6.6102914810180664 0.6242372989654541
v 11.277294158935547 -7.056976318359375 0.71134799718856812
v 11.976094245910645 -7.4942636489868164 0.80214160680770874
v 12.66337776184082 -7.9243435859680176 0.89676165580749512
v 13.334536552429199 -8.3443336486816406 0.99425619840621948
v 13.967704772949219 -8.7405509948730469 1.0908465385437012
v 14.600873947143555 -9.1367683410644531 1.1919170618057251
v 15.234043121337891 -9.5329856872558594 1.2974677085876465
v 15.86721134185791 -9.9292030334472656 1.4074982404708862
v 16.462390899658203 -10.301647186279297 1.5150120258331299
v 17.095560073852539 -10.697863578796387 1.6337339878082275
v 17.653789520263672 -11.047186851501465 1.7421208620071411
v 18.225393295288086 -11.404878616333008 1.8567124605178833
v 18.786951065063477 -11.756283760070801 1.9728459119796753
v 19.338932037353516 -12.101696968078613 2.0904333591461182
v 19.881792068481445 -12.441401481628418 2.2093985080718994
v 20.415582656860352 -12.775429725646973 2.3295872211456299
v 20.932561874389648 -13.098939895629883 2.4490261077880859
v 21.456687927246094 -13.426921844482422 2.5731649398803711
v 21.96491813659668 -13.744956016540527 2.6964704990386963
v 22.4659423828125 -14.058481216430664 2.8208529949188232
v 22.959850311279297 -14.3675537109375 2.9462146759033203
v 23.427248001098633 -14.660036087036133 3.0673580169677734
v 23.912302017211914 -14.963567733764648 3.1957695484161377
v 24.38160514831543 -15.257243156433105 3.32248854637146
v 24.852373123168945 -15.551834106445313 3.4519884586334229
v 25.326755523681641 -15.848687171936035 3.5840599536895752
v 0 0 0
v 0.88723564147949219 -0.52733784914016724 0.0063896672800183296
v 1.7679867744445801 -1.0508215427398682 0.021669402718544006
v 2.6068098545074463 -1.5493848323822021 0.046020165085792542
v 3.5040702819824219 -2.0826809406280518 0.082416445016860962
v 4.3610062599182129 -2.5920100212097168 0.12715543806552887
v 5.1750955581665039 -3.0758724212646484 0.17868749797344208
v 6.0386290550231934 -3.5891227722167969 0.24296572804450989
v 6.8562173843383789 -4.0750651359558105 0.31294763088226318
v 7.6593594551086426 -4.5524210929870605 0.39033347368240356
v 8.4466772079467773 -5.0203714370727539 0.47450655698776245
v 9.1880416870117188 -5.4610090255737305 0.56128960847854614
v 9.9727048873901367 -5.9273824691772461 0.66108965873718262
v 10.712001800537109 -6.366790771484375 0.76259821653366089
v 11.435855865478516 -6.7970213890075684 0.86901682615280151
v 12.14448070526123 -7.2182002067565918 0.9799346923828125
v 12.841427803039551 -7.6324377059936523 1.095527172088623
v 13.52202320098877 -8.036956787109375 1.2146310806274414
v 14.164094924926758 -8.4185791015625 1.3326306343078613
v 14.80616569519043 -8.8002004623413086 1.4561032056808472
v 15.448237419128418 -9.1818227767944336 1.5850487947463989
v 16.090309143066406 -9.5634441375732422 1.7194675207138062
v 16.693855285644531 -9.9221687316894531 1.8508114814758301
v 17.335927963256836 -10.303791046142578 1.9958479404449463
v 17.902006149291992 -10.640246391296387 2.1282584667205811
v 18.481645584106445 -10.984761238098145 2.2682490348815918
v 19.05109977722168 -11.323222160339355 2.410123348236084
v 19.610843658447266 -11.655911445617676 2.5537738800048828
v 20.161334991455078 -11.983102798461914 2.6991074085235596
v 20.702630996704102 -12.304826736450195 2.845935583114624
v 21.226879119873047 -12.616419792175293 2.9918479919433594
v 21.75837516784668 -12.932319641113281 3.1435017585754395
v 22.273752212524414 -13.238638877868652 3.294137716293335
v 22.781820297241211 -13.540615081787109 3.446089506149292
v 23.282672882080078 -13.838301658630371 3.5992374420166016
v 23.756641387939453 -14.120009422302246 3.7472319602966309
v 24.248514175415039 -14.412360191345215 3.9041054248809814
v 24.724416732788086 -14.695217132568359 4.0589113235473633
v 25.201803207397461 -14.978957176208496 4.2171149253845215
v 25.682855606079102 -15.264875411987305 4.3784599304199219
v 0 0 0
v 0.89907300472259521 -0.5068935751914978 0.0075205368921160698
v 1.7915750741958618 -1.0100823640823364 0.025504542514681816
v 2.6415896415710449 -1.4893170595169067 0.054165005683898926
v 3.55082106590271 -2.0019378662109375 0.097002848982810974
v 4.4191904067993164 -2.491520881652832 0.14965993165969849
v 5.244140625 -2.9566245079040527 0.21031235158443451
v 6.1191954612731934 -3.4499764442443848 0.28596678376197815
v 6.9476923942565918 -3.9170794486999512 0.36833438277244568
v 7.7615499496459961 -4.3759288787841797 0.45941627025604248
v 8.5593719482421875 -4.825737476348877 0.5584867000579834
v 9.3106269836425781 -5.2492923736572266 0.66062897443771362
v 10.105759620666504 -5.6975846290588379 0.77809202671051025
v 10.85491943359375 -6.1199579238891602 0.89756602048873901
v 11.588431358337402 -6.5335087776184082 1.0228190422058105
v 12.306510925292969 -6.9383587837219238 1.1533675193786621
v 13.01275634765625 -7.3365368843078613 1.2894179821014404
v 13.702432632446289 -7.7253732681274414 1.4296014308929443
v 14.353070259094238 -8.0922002792358398 1.5684850215911865
v 15.003707885742188 -8.4590272903442383 1.7138102054595947
v 15.654345512390137 -8.8258543014526367 1.865577220916748
v 16.304983139038086 -9.1926813125610352 2.0237858295440674
v 16.916584014892578 -9.5374984741210938 2.1783757209777832
v 17.567220687866211 -9.9043245315551758 2.34908127784729
v 18.140853881835938 -10.227736473083496 2.5049264430999756
v 18.728225708007813 -10.558894157409668 2.6696932315826416
v 19.305276870727539 -10.884233474731445 2.8366768360137939
v 19.872488021850586 -11.204025268554688 3.0057511329650879
v 20.430326461791992 -11.51853084564209 3.1768064498901367
v 20.978841781616211 -11.82778263092041 3.3496208190917969
v 21.510086059570313 -12.12729549407959 3.521357536315918
v 22.048671722412109 -12.430948257446289 3.6998515129089355
v 22.570924758911133 -12.72539234161377 3.877147912979126
v 23.085771560668945 -13.015660285949707 4.055992603302002
v 23.593307495117188 -13.301806449890137 4.2362451553344727
v 24.073598861694336 -13.572593688964844 4.4104323387145996
v 24.57203483581543 -13.853610038757324 4.5950698852539063
v 25.054286956787109 -14.125500679016113 4.7772741317749023
v 25.538042068481445 -14.398240089416504 4.9634771347045898
v 26.0255126953125 -14.673073768615723 5.1533775329589844
v 0 0 0
v 0.91043949127197266 -0.48618382215499878 0.008620530366897583
v 1.8142249584197998 -0.96881431341171265 0.029234971851110458
v 2.6749856472015381 -1.428469181060791 0.062087468802928925
v 3.5957121849060059 -1.9201463460922241 0.11119100451469421
v 4.4750595092773438 -2.3897268772125244 0.17154997587203979
v 5.3104395866394043 -2.8358280658721924 0.24107375741004944
v 6.1965570449829102 -3.3090238571166992 0.32779380679130554
v 7.0355281829833984 -3.7570426464080811 0.42220893502235413
v 7.8596749305725098 -4.1971454620361328 0.52661293745040894
v 8.6675834655761719 -4.6285762786865234 0.64017391204833984
v 9.4283361434936523 -5.0348262786865234 0.75725609064102173
v 10.233521461486816 -5.4648032188415527 0.89189994335174561
v 10.992152214050293 -5.8699197769165039 1.0288487672805786
v 11.73493766784668 -6.2665743827819824 1.172421932220459
v 12.462096214294434 -6.6548843383789063 1.3220652341842651
v 13.17726993560791 -7.0367941856384277 1.4780151844024658
v 13.875664710998535 -7.4097442626953125 1.6387026309967041
v 14.534528732299805 -7.7615842819213867 1.7978999614715576
v 15.193391799926758 -8.1134233474731445 1.9644812345504761
v 15.852255821228027 -8.4652633666992188 2.138446569442749
v 16.511117935180664 -8.817103385925293 2.3197956085205078
v 17.130451202392578 -9.1478328704833984 2.4969964027404785
v 17.789314270019531 -9.4996719360351563 2.6926703453063965
v 18.370197296142578 -9.8098697662353516 2.8713102340698242
v 18.964996337890625 -10.127498626708984 3.0601766109466553
v 19.549343109130859 -10.439545631408691 3.2515842914581299
v 20.123725891113281 -10.746271133422852 3.4453883171081543
v 20.688615798950195 -11.047928810119629 3.641463041305542
v 21.24406623840332 -11.344545364379883 3.8395543098449707
v 21.782026290893555 -11.631820678710938 4.036409854888916
v 22.327421188354492 -11.923067092895508 4.2410116195678711
v 22.856277465820313 -12.20548152923584 4.4442400932312012
v 23.377634048461914 -12.483890533447266 4.6492438316345215
v 23.891584396362305 -12.758345603942871 4.8558611869812012
v 24.377948760986328 -13.018069267272949 5.0555257797241211
v 24.882686614990234 -13.287604331970215 5.2671694755554199
v 25.371034622192383 -13.54838752746582 5.4760241508483887
v 25.860906600952148 -13.809983253479004 5.6894617080688477
v 26.35453987121582 -14.073588371276855 5.9071378707885742
v 0 0 0
v 0.92139929533004761 -0.46507912874221802 0.0096941692754626274
v 1.8360644578933716 -0.92675918340682983 0.032876022160053253
v 2.7071871757507324 -1.366460919380188 0.069820113480091095
v 3.6389970779418945 -1.8367949724197388 0.12503921985626221
v 4.5289301872253418 -2.2859914302825928 0.19291557371616364
v 5.374366283416748 -2.7127280235290527 0.27109813690185547
v 6.271151065826416 -3.1653826236724854 0.36861869692802429
v 7.1202216148376465 -3.5939536094665527 0.47479265928268433
v 7.954289436340332 -4.0149517059326172 0.59219962358474731
v 8.7719230651855469 -4.4276552200317383 0.71990400552749634
v 9.5418338775634766 -4.8162698745727539 0.85156804323196411
v 10.356712341308594 -5.2275819778442383 1.0029810667037964
v 11.124475479125977 -5.6151132583618164 1.1569861173629761
v 11.876202583312988 -5.9945492744445801 1.3184405565261841
v 12.612113952636719 -6.3660030364990234 1.4867210388183594
v 13.335896492004395 -6.7313346862792969 1.6620936393737793
v 14.042699813842773 -7.0880956649780273 1.8427938222885132
v 14.709494590759277 -7.4246621131896973 2.0218183994293213
v 15.376289367675781 -7.7612290382385254 2.20914626121521
v 16.043083190917969 -8.0977954864501953 2.404778003692627
v 16.709878921508789 -8.4343624114990234 2.6087131500244141
v 17.336666107177734 -8.7507352828979492 2.8079833984375
v 18.003459930419922 -9.0873022079467773 3.0280272960662842
v 18.591337203979492 -9.3840341567993164 3.2289159297943115
v 19.193296432495117 -9.6878747940063477 3.4413044452667236
v 19.784677505493164 -9.9863767623901367 3.6565508842468262
v 20.365974426269531 -10.279788017272949 3.8744921684265137
v 20.937664031982422 -10.568349838256836 4.0949869155883789
v 21.499801635742188 -10.852090835571289 4.3177490234375
v 22.04423713684082 -11.126895904541016 4.5391221046447754
v 22.596197128295898 -11.405500411987305 4.7692055702209473
v 23.131420135498047 -11.675654411315918 4.9977450370788574
v 23.659051895141602 -11.941978454589844 5.2282810211181641
v 24.179189682006836 -12.204520225524902 5.4606308937072754
v 24.671409606933594 -12.452969551086426 5.6851630210876465
v 25.182222366333008 -12.710803985595703 5.9231657981872559
v 25.676450729370117 -12.960267066955566 6.1580319404602051
v 26.172218322753906 -13.210507392883301 6.3980522155761719
v 26.671792984008789 -13.462669372558594 6.6428389549255371
v 0 0 0
v 0.93234109878540039 -0.44269868731498718 0.010778864845633507
v 1.8578680753707886 -0.88216185569763184 0.036554574966430664
v 2.7393355369567871 -1.3007044792175293 0.077632389962673187
v 3.6822109222412109 -1.7484050989151001 0.13903005421161652
v 4.5827121734619141 -2.1759853363037109 0.21450118720531464
v 5.4381880760192871 -2.5821866989135742 0.30143171548843384
v 6.3456220626831055 -3.0130589008331299 0.40986400842666626
v 7.204775333404541 -3.4210062026977539 0.52791798114776611
v 8.0487480163574219 -3.8217451572418213 0.6584618091583252
v 8.8760910034179688 -4.2145881652832031 0.80045515298843384
v 9.6551456451416016 -4.5845026969909668 0.94685137271881104
v 10.479700088500977 -4.9760212898254395 1.1152061223983765
v 11.256580352783203 -5.3449039459228516 1.2864431142807007
v 12.017234802246094 -5.7060809135437012 1.4659628868103027
v 12.761884689331055 -6.059659481048584 1.6530725955963135
v 13.4942626953125 -6.4074110984802246 1.8480678796768188
v 14.20945930480957 -6.7470035552978516 2.0489869117736816
v 14.884172439575195 -7.0673742294311523 2.2480428218841553
v 15.55888557434082 -7.3877449035644531 2.4563312530517578
v 16.233598709106445 -7.7081155776977539 2.6738524436950684
v 16.90831184387207 -8.0284862518310547 2.9006061553955078
v 17.54254150390625 -8.3296346664428711 3.1221730709075928
v 18.217254638671875 -8.6500043869018555 3.3668382167816162
v 18.812112808227539 -8.9324579238891602 3.5902042388916016
v 19.421220779418945 -9.2216777801513672 3.826357364654541
v 20.019624710083008 -9.5058145523071289 4.0656881332397461
v 20.607824325561523 -9.7851057052612305 4.3080153465270996
v 21.186302185058594 -10.059782028198242 4.5531811714172363
v 21.755115509033203 -10.329869270324707 4.8008689880371094
v 22.30601692199707 -10.591450691223145 5.0470113754272461
v 22.864532470703125 -10.856647491455078 5.3028397560119629
v 23.406108856201172 -11.113801956176758 5.5569510459899902
v 23.940008163452148 -11.3673095703125 5.8132815361022949
v 24.46632194519043 -11.617217063903809 6.071629524230957
v 24.964385986328125 -11.853710174560547 6.3212847709655762
v 25.481266021728516 -12.099137306213379 6.5859179496765137
v 25.981363296508789 -12.33659553527832 6.8470635414123535
v 26.48301887512207 -12.574794769287109 7.1139402389526367
v 26.988525390625 -12.814822196960449 7.3861165046691895
v 0 0 0
v 0.94281989336013794 -0.41973698139190674 0.011830207891762257
v 1.8787490129470825 -0.83640623092651367 0.040120013058185577
v 2.7701232433319092 -1.233240008354187 0.085204452276229858
v 3.7235960960388184 -1.657719612121582 0.15259067714214325
v 4.6342182159423828 -2.0631222724914551 0.23542308807373047
v 5.4993090629577637 -2.4482548236846924 0.33083260059356689
v 6.4169416427612305 -2.8567788600921631 0.44984108209609985
v 7.2857513427734375 -3.2435667514801025 0.57940971851348877
v 8.1392097473144531 -3.6235206127166748 0.72268640995025635
v 8.9758510589599609 -3.9959878921508789 0.87852948904037476
v 9.7636613845825195 -4.3467154502868652 1.0392048358917236
v 10.59748363494873 -4.7179274559020996 1.2239804267883301
v 11.383095741271973 -5.0676765441894531 1.4119194746017456
v 12.152298927307129 -5.4101204872131348 1.6089491844177246
v 12.905318260192871 -5.7453598976135254 1.8143090009689331
v 13.645927429199219 -6.0750741958618164 2.0283236503601074
v 14.369161605834961 -6.3970527648925781 2.2488398551940918
v 15.051458358764648 -6.7008066177368164 2.467310905456543
v 15.733755111694336 -7.0045604705810547 2.6959154605865479
v 16.416051864624023 -7.3083138465881348 2.9346530437469482
v 17.098346710205078 -7.612067699432373 3.1835236549377441
v 17.739706039428711 -7.8975963592529297 3.426701545715332
v 18.422002792358398 -8.201350212097168 3.6952307224273682
v 19.02354621887207 -8.4691534042358398 3.9403834342956543
v 19.639499664306641 -8.7433710098266602 4.1995701789855957
v 20.24462890625 -9.0127706527709961 4.4622445106506348
v 20.839439392089844 -9.2775764465332031 4.7282075881958008
v 21.424419403076172 -9.5380058288574219 4.9972867965698242
v 21.999626159667969 -9.7940835952758789 5.2691330909729004
v 22.556718826293945 -10.042097091674805 5.5392842292785645
v 23.121511459350586 -10.293539047241211 5.8200645446777344
v 23.66917610168457 -10.537355422973633 6.098961353302002
v 24.209074020385742 -10.777714729309082 6.3802938461303711
v 24.741304397583008 -11.014659881591797 6.6638407707214355
v 25.244966506958008 -11.238886833190918 6.9378461837768555
v 25.767656326293945 -11.471584320068359 7.2282915115356445
v 26.273372650146484 -11.696725845336914 7.5149087905883789
v 26.780666351318359 -11.92257022857666 7.8078155517578125
v 27.291854858398438 -12.150148391723633 8.1065387725830078
v 0 0 0
v 0.9527096152305603 -0.3963874876499176 0.012834063731133938
v 1.898456335067749 -0.78987789154052734 0.043524406850337982
v 2.7991807460784912 -1.1646362543106079 0.092434503138065338
v 3.7626550197601318 -1.5655025243759155 0.16553881764411926
v 4.6828289031982422 -1.9483531713485718 0.25539997220039368
v 5.5569944381713867 -2.312061071395874 0.35890549421310425
v 6.4842529296875 -2.6978592872619629 0.48801249265670776
v 7.362175464630127 -3.0631308555603027 0.62857568264007568
v 8.2245864868164063 -3.4219481945037842 0.78401023149490356
v 9.0700044631958008 -3.7736954689025879 0.95307737588882446
v 9.8660774230957031 -4.1049127578735352 1.1273868083953857
v 10.708645820617676 -4.4554743766784668 1.3278417587280273
v 11.502499580383301 -4.7857675552368164 1.5317282676696777
v 12.279770851135254 -5.109161376953125 1.7454770803451538
v 13.040689468383789 -5.4257516860961914 1.968262791633606
v 13.789067268371582 -5.7371244430541992 2.2004377841949463
v 14.519887924194336 -6.0411920547485352 2.4396657943725586
v 15.209342002868652 -6.3280482292175293 2.67667555809021
v 15.898795127868652 -6.6149044036865234 2.9246780872344971
v 16.588249206542969 -6.9017605781555176 3.1836738586425781
v 17.277702331542969 -7.1886167526245117 3.453662633895874
v 17.925786972045898 -7.4582619667053223 3.717475414276123
v 18.615242004394531 -7.7451181411743164 4.0087909698486328
v 19.223094940185547 -7.998023509979248 4.2747459411621094
v 19.845508575439453 -8.2569875717163086 4.5559263229370117
v 20.456985473632813 -8.5114002227783203 4.8408899307250977
v 21.058034896850586 -8.761474609375 5.1294212341308594
v 21.649152755737305 -9.0074167251586914 5.4213333129882813
v 22.230392456054688 -9.2492494583129883 5.7162470817565918
v 22.793329238891602 -9.4834671020507813 6.0093216896057129
v 23.364046096801758 -9.7209205627441406 6.3139281272888184
v 23.917453765869141 -9.9511737823486328 6.6164908409118652
v 24.463016510009766 -10.178162574768066 6.9216957092285156
v 25.000829696655273 -10.40192699432373 7.2293028831481934
v 25.509775161743164 -10.613679885864258 7.5265598297119141
v 26.037946701049805 -10.833433151245117 7.8416504859924316
v 26.548969268798828 -11.046050071716309 8.1525888442993164
v 27.06158447265625 -11.259330749511719 8.4703502655029297
v 27.578134536743164 -11.474248886108398 8.7944221496582031
v 0 0 0
v 0.96227556467056274 -0.37195873260498047 0.013815829530358315
v 1.9175182580947876 -0.74119895696640015 0.046853888779878616
v 2.8272867202758789 -1.092861533164978 0.099505454301834106
v 3.8004348278045654 -1.4690229892730713 0.17820200324058533
v 4.7298483848571777 -1.8282791376113892 0.27493727207183838
v 5.6127910614013672 -2.1695723533630371 0.38636064529418945
v 6.5493597984313965 -2.5315945148468018 0.52534389495849609
v 7.4360976219177246 -2.8743548393249512 0.67665976285934448
v 8.3071670532226563 -3.2110588550567627 0.84398454427719116
v 9.1610736846923828 -3.5411286354064941 1.0259847640991211
v 9.9651412963867188 -3.8519332408905029 1.2136284112930298
v 10.816169738769531 -4.1808905601501465 1.4294174909591675
v 11.617993354797363 -4.4908280372619629 1.6489007472991943
v 12.403069496154785 -4.7942919731140137 1.8790005445480347
v 13.171627998352051 -5.0913710594177246 2.1188287734985352
v 13.927520751953125 -5.3835544586181641 2.3687641620635986
v 14.665678977966309 -5.6688828468322754 2.6262924671173096
v 15.362055778503418 -5.9380607604980469 2.8814327716827393
v 16.058431625366211 -6.2072381973266602 3.1484067440032959
v 16.754806518554688 -6.4764161109924316 3.4272148609161377
v 17.451183319091797 -6.7455935478210449 3.7178568840026855
v 18.105777740478516 -6.9986209869384766 4.0018506050109863
v 18.802152633666992 -7.2677984237670898 4.3154506683349609
v 19.416109085083008 -7.5051178932189941 4.601750373840332
v 20.044773101806641 -7.7481222152709961 4.9044404029846191
v 20.662389755249023 -7.9868559837341309 5.2112026214599609
v 21.269474029541016 -8.2215185165405273 5.5218057632446289
v 21.866527557373047 -8.4523038864135742 5.8360481262207031
v 22.453603744506836 -8.6792325973510742 6.1535220146179199
v 23.022192001342773 -8.8990154266357422 6.4690160751342773
v 23.598638534545898 -9.1218357086181641 6.7969241142272949
v 24.157604217529297 -9.3378992080688477 7.1226315498352051
v 24.708644866943359 -9.550898551940918 7.4511837959289551
v 25.251857757568359 -9.7608718872070313 7.7823219299316406
v 25.765913009643555 -9.9595756530761719 8.1023178100585938
v 26.299388885498047 -10.165785789489746 8.4415121078491211
v 26.815540313720703 -10.365299224853516 8.7762355804443359
v 27.333303451538086 -10.565436363220215 9.1183052062988281
v 27.85504150390625 -10.767108917236328 9.467167854309082
v 0 0 0
v 0.97157686948776245 -0.34619522094726563 0.014780350029468536
v 1.9360529184341431 -0.68986022472381592 0.050124887377023697
v 2.8546149730682373 -1.0171650648117065 0.10645220428705215
v 3.8371696472167969 -1.3672720193862915 0.19064278900623322
v 4.775566577911377 -1.7016444206237793 0.29413139820098877
v 5.6670436859130859 -2.0192983150482178 0.41333353519439697
v 6.6126656532287598 -2.3562450408935547 0.56201964616775513
v 7.5079746246337891 -2.6752643585205078 0.723899245262146
v 8.3874645233154297 -2.9886467456817627 0.90290546417236328
v 9.2496242523193359 -3.2958543300628662 1.097611665725708
v 10.061463356018066 -3.5851311683654785 1.2983551025390625
v 10.920718193054199 -3.8913033008575439 1.5292090177536011
v 11.730292320251465 -4.1797733306884766 1.7640150785446167
v 12.522956848144531 -4.4622178077697754 2.010178804397583
v 13.298944473266602 -4.7387204170227051 2.2667498588562012
v 14.062143325805664 -5.0106654167175293 2.5341341495513916
v 14.807436943054199 -5.2762308120727539 2.8096413612365723
v 15.510543823242188 -5.5267643928527832 3.0825934410095215
v 16.213651657104492 -5.7772974967956543 3.3682057857513428
v 16.916757583618164 -6.0278306007385254 3.6664783954620361
v 17.619865417480469 -6.2783641815185547 3.9774107933044434
v 18.280786514282227 -6.5138654708862305 4.2812309265136719
v 18.983892440795898 -6.7643985748291016 4.6167240142822266
v 19.603784561157227 -6.9852800369262695 4.9230117797851563
v 20.238525390625 -7.2114529609680176 5.2468328475952148
v 20.862112045288086 -7.4336509704589844 5.5750112533569336
v 21.475063323974609 -7.6520600318908691 5.9072985649108887
v 22.077886581420898 -7.8668599128723145 6.2434787750244141
v 22.670639038085938 -8.0780706405639648 6.5831165313720703
v 23.244722366333008 -8.2826299667358398 6.9206357002258301
v 23.826742172241211 -8.4900169372558594 7.2714362144470215
v 24.391111373901367 -8.6911144256591797 7.6198821067810059
v 24.947477340698242 -8.8893604278564453 7.9713716506958008
v 25.495941162109375 -9.0847911834716797 8.325627326965332
v 26.014965057373047 -9.2697315216064453 8.6679630279541016
v 26.553596496582031 -9.4616584777832031 9.0308370590209961
v 27.074737548828125 -9.6473531723022461 9.3889293670654297
v 27.597505569458008 -9.8336267471313477 9.7548789978027344
v 28.124286651611328 -10.021330833435059 10.128096580505371
v 0 0 0
v 0.98067271709442139 -0.31884142756462097 0.015732474625110626
v 1.9541780948638916 -0.63535255193710327 0.053353842347860336
v 2.8813397884368896 -0.93679618835449219 0.11330966651439667
v 3.8730928897857666 -1.2592401504516602 0.20292364060878754
v 4.8202753067016602 -1.5671930313110352 0.31307882070541382
v 5.7200980186462402 -1.8597481250762939 0.43995973467826843
v 6.6745724678039551 -2.1700718402862549 0.59822392463684082
v 7.5782632827758789 -2.4638845920562744 0.77053153514862061
v 8.4659862518310547 -2.7525057792663574 0.96106898784637451
v 9.3362188339233398 -3.0354399681091309 1.1683177947998047
v 10.155657768249512 -3.3018603324890137 1.3819928169250488
v 11.022956848144531 -3.58384108543396 1.6277178525924683
v 11.840109825134277 -3.8495182991027832 1.8776496648788452
v 12.640194892883301 -4.1096463203430176 2.1396708488464355
v 13.423447608947754 -4.3643012046813965 2.4127697944641113
v 14.193791389465332 -4.6147594451904297 2.6973786354064941
v 14.946063041687012 -4.8593416213989258 2.9906332492828369
v 15.655752182006836 -5.0900797843933105 3.2811686992645264
v 16.365442276000977 -5.3208179473876953 3.5851795673370361
v 17.075130462646484 -5.5515556335449219 3.9026660919189453
v 17.784820556640625 -5.7822937965393066 4.2336282730102539
v 18.451929092407227 -5.9991874694824219 4.5570201873779297
v 19.161619186401367 -6.2299251556396484 4.9141254425048828
v 19.787313461303711 -6.433354377746582 5.240142822265625
v 20.427995681762695 -6.6416568756103516 5.5848245620727539
v 21.05742073059082 -6.8462982177734375 5.9341435432434082
v 21.676111221313477 -7.0474505424499512 6.2878360748291016
v 22.284578323364258 -7.2452783584594727 6.6456723213195801
v 22.882879257202148 -7.4398007392883301 7.0071887969970703
v 23.462337493896484 -7.6281976699829102 7.3664507865905762
v 24.0498046875 -7.8191981315612793 7.7398486137390137
v 24.619457244873047 -8.0044059753417969 8.1107406616210938
v 25.181032180786133 -8.1869888305664063 8.4848728179931641
v 25.734630584716797 -8.3669776916503906 8.8619489669799805
v 26.258514404296875 -8.5373048782348633 9.2263374328613281
v 26.802188873291016 -8.7140674591064453 9.6125879287719727
v 27.328208923339844 -8.8850898742675781 9.9937467575073242
v 27.855871200561523 -9.0566463470458984 10.383271217346191
v 28.387582778930664 -9.2295188903808594 10.78053092956543
v 0 0 0
v 0.98925793170928955 -0.29084038734436035 0.016638478264212608
v 1.9712857007980347 -0.57955509424209595 0.056426394730806351
v 2.9065642356872559 -0.85452562570571899 0.11983496695756912
v 3.9069995880126953 -1.148652195930481 0.21460965275764465
v 4.8624739646911621 -1.4295601844787598 0.33110848069190979
v 5.7701740264892578 -1.696422815322876 0.46529623866081238
v 6.7330045700073242 -1.9794934988021851 0.63267457485198975
v 7.6446065902709961 -2.2475032806396484 0.81490510702133179
v 8.5401010513305664 -2.5107772350311279 1.0164152383804321
v 9.4179515838623047 -2.7688639163970947 1.235599160194397
v 10.244565010070801 -3.0118870735168457 1.4615793228149414
v 11.11945629119873 -3.2691037654876709 1.7214552164077759
v 11.943763732910156 -3.511448860168457 1.9857801198959351
v 12.750852584838867 -3.7487320899963379 2.2628905773162842
v 13.540962219238281 -3.9810230731964111 2.5517170429229736
v 14.318050384521484 -4.2094860076904297 2.8527157306671143
v 15.076907157897949 -4.4325885772705078 3.1628584861755371
v 15.79280948638916 -4.6430625915527344 3.4701251983642578
v 16.508710861206055 -4.8535370826721191 3.7916436195373535
v 17.224615097045898 -5.0640115737915039 4.1274137496948242
v 17.940517425537109 -5.2744855880737305 4.4774355888366699
v 18.61346435546875 -5.4723315238952637 4.819450855255127
v 19.329366683959961 -5.6828060150146484 5.1971206665039063
v 19.960540771484375 -5.8683695793151855 5.5419135093688965
v 20.606832504272461 -6.0583782196044922 5.9064445495605469
v 21.241765975952148 -6.2450480461120605 6.2758798599243164
v 21.865873336791992 -6.428534984588623 6.6499409675598145
v 22.479667663574219 -6.6089892387390137 7.0283846855163574
v 23.08320426940918 -6.7864284515380859 7.4107203483581543
v 23.667736053466797 -6.958280086517334 7.7906713485717773
v 24.260347366333008 -7.1325068473815918 8.185572624206543
v 24.834987640380859 -7.3014497756958008 8.5778236389160156
v 25.401477813720703 -7.4679975509643555 8.9735012054443359
v 25.959922790527344 -7.6321792602539063 9.3722934722900391
v 26.488391876220703 -7.7875485420227051 9.7576656341552734
v 27.036827087402344 -7.9487872123718262 10.166159629821777
v 27.567451477050781 -8.1047906875610352 10.569269180297852
v 28.099733352661133 -8.2612800598144531 10.98122501373291
v 28.636100769042969 -8.4189720153808594 11.401362419128418
v 0 0 0
v 0.99702215194702148 -0.26289698481559753 0.017463471740484238
v 1.9867573976516724 -0.52387255430221558 0.059224210679531097
v 2.9293763637542725 -0.77242434024810791 0.12577679753303528
v 3.9376637935638428 -1.0382918119430542 0.22525075078010559
v 4.900637149810791 -1.2922106981277466 0.34752598404884338
v 5.8154616355895996 -1.5334335565567017 0.4883672297000885
v 6.7858486175537109 -1.7893073558807373 0.66404473781585693
v 7.7046055793762207 -2.0315673351287842 0.85531091690063477
v 8.6071290969848633 -2.2695465087890625 1.0668126344680786
v 9.4918689727783203 -2.5028367042541504 1.29686439037323
v 10.324969291687012 -2.7225105762481689 1.5340495109558105
v 11.206727981567383 -2.9550144672393799 1.8068109750747681
v 12.037504196166992 -3.1740753650665283 2.0842421054840088
v 12.85092830657959 -3.3885607719421387 2.3750925064086914
v 13.647238731384277 -3.5985336303710938 2.6782398223876953
v 14.430425643920898 -3.8050460815429688 2.9941632747650146
v 15.19523811340332 -4.0067133903503418 3.3196840286254883
v 15.916759490966797 -4.1969656944274902 3.6421859264373779
v 16.638280868530273 -4.3872179985046387 3.9796464443206787
v 17.35980224609375 -4.5774703025817871 4.3320651054382324
v 18.081323623657227 -4.7677226066589355 4.6994423866271973
v 18.759553909301758 -4.9465599060058594 5.0584158897399902
v 19.481075286865234 -5.1368122100830078 5.4548120498657227
v 20.11720085144043 -5.3045473098754883 5.8167009353637695
v 20.768564224243164 -5.4763007164001465 6.1993064880371094
v 21.408483505249023 -5.6450352668762207 6.5870599746704102
v 22.03748893737793 -5.8108930587768555 6.979668140411377
v 22.656099319458008 -5.9740095138549805 7.3768763542175293
v 23.264373779296875 -6.1344008445739746 7.7781696319580078
v 23.853494644165039 -6.289741039276123 8.1769599914550781
v 24.450756072998047 -6.4472284317016602 8.5914421081542969
v 25.029905319213867 -6.5999398231506348 9.0031423568725586
v 25.600841522216797 -6.750485897064209 9.4184389114379883
v 26.163669586181641 -6.8988933563232422 9.8370037078857422
v 26.696287155151367 -7.0393352508544922 10.241484642028809
v 27.249025344848633 -7.1850824356079102 10.670232772827148
v 27.783815383911133 -7.3260970115661621 11.093330383300781
v 28.320274353027344 -7.4675517082214355 11.525712013244629
v 28.860851287841797 -7.6100921630859375 11.966681480407715
v 0 0 0
v 1.0043741464614868 -0.23280015587806702 0.018249485641717911
v 2.0014076232910156 -0.46389886736869812 0.061889830976724625
v 2.9509775638580322 -0.68399614095687866 0.13143788278102875
v 3.9666998386383057 -0.91942667961120605 0.23538905382156372
v 4.9367742538452148 -1.1442766189575195 0.36316776275634766
v 5.858344554901123 -1.3578839302062988 0.51034814119338989
v 6.8358874320983887 -1.5844650268554688 0.69393271207809448
v 7.7614192962646484 -1.7989906072616577 0.89380759000778198
v 8.6705970764160156 -2.0097255706787109 1.1148287057876587
v 9.5618610382080078 -2.2163083553314209 1.3552349805831909
v 10.401105880737305 -2.4108335971832275 1.603095531463623
v 11.289365768432617 -2.6167201995849609 1.8881336450576782
v 12.12626838684082 -2.8107028007507324 2.1780517101287842
v 12.945690155029297 -3.000633716583252 2.4819931983947754
v 13.747873306274414 -3.1865684986114502 2.7987847328186035
v 14.536834716796875 -3.3694391250610352 3.12892746925354
v 15.307287216186523 -3.5480194091796875 3.4690995216369629
v 16.034128189086914 -3.7164914608001709 3.806117057800293
v 16.760971069335938 -3.8849632740020752 4.1587662696838379
v 17.487812042236328 -4.0534353256225586 4.5270471572875977
v 18.214654922485352 -4.2219071388244629 4.9109592437744141
v 18.897886276245117 -4.3802709579467773 5.2860898971557617
v 19.624727249145508 -4.5487427711486816 5.7003273963928223
v 20.265544891357422 -4.6972751617431641 6.0785045623779297
v 20.921710968017578 -4.8493657112121582 6.4783306121826172
v 21.566347122192383 -4.9987835884094238 6.8835368156433105
v 22.199991226196289 -5.1456537246704102 7.293816089630127
v 22.823163986206055 -5.2900967597961426 7.7089023590087891
v 23.435924530029297 -5.4321260452270508 8.1282567977905273
v 24.029388427734375 -5.5696830749511719 8.5449962615966797
v 24.631053924560547 -5.7091407775878906 8.9781341552734375
v 25.214473724365234 -5.8443694114685059 9.4083642959594727
v 25.789621353149414 -5.9776806831359863 9.8423528671264648
v 26.356599807739258 -6.1090984344482422 10.279757499694824
v 26.893144607543945 -6.2334623336791992 10.70244312286377
v 27.449958801269531 -6.3625240325927734 11.15048885345459
v 27.988693237304688 -6.4873952865600586 11.592629432678223
v 28.529106140136719 -6.6126561164855957 12.044472694396973
v 29.07366943359375 -6.7388782501220703 12.505289077758789
v 0 0 0
v 1.0106246471405029 -0.20322635769844055 0.018921481445431709
v 2.0138630867004395 -0.40496742725372314 0.064168788492679596
v 2.9693422317504883 -0.59710460901260376 0.13627777993679047
v 3.9913859367370605 -0.80262720584869385 0.24405671656131744
v 4.9674973487854004 -0.99891328811645508 0.37654060125350952
v 5.8948025703430176 -1.18538498878479 0.52914053201675415
v 6.8784289360046387 -1.3831822872161865 0.71948522329330444
v 7.809720516204834 -1.5704555511474609 0.92671996355056763
v 8.7245569229125977 -1.7544198036193848 1.1558797359466553
v 9.6213674545288086 -1.9347593784332275 1.405138373374939
v 10.465834617614746 -2.1045730113983154 1.662125825881958
v 11.359622001647949 -2.2843048572540283 1.9576599597930908
v 12.201733589172363 -2.4536447525024414 2.2582533359527588
v 13.02625560760498 -2.6194477081298828 2.5733869075775146
v 13.833430290222168 -2.7817623615264893 2.9018435478210449
v 14.627302169799805 -2.9414019584655762 3.2441432476043701
v 15.402548789978027 -3.0972962379455566 3.5968413352966309
v 16.133914947509766 -3.2443664073944092 3.9462687969207764
v 16.865280151367188 -3.3914365768432617 4.3119034767150879
v 17.596643447875977 -3.5385065078735352 4.6937451362609863
v 18.328008651733398 -3.6855766773223877 5.091794490814209
v 19.015493392944336 -3.8238224983215332 5.4807381629943848
v 19.746858596801758 -3.9708926677703857 5.9102292060852051
v 20.39166259765625 -4.1005563735961914 6.3023314476013184
v 21.051912307739258 -4.2333259582519531 6.7168807983398438
v 21.7005615234375 -4.3637628555297852 7.1370072364807129
v 22.33814811706543 -4.4919748306274414 7.5623941421508789
v 22.965200424194336 -4.6180686950683594 7.992764949798584
v 23.58177375793457 -4.7420554161071777 8.4275617599487305
v 24.178930282592773 -4.8621373176574707 8.8596467971801758
v 24.784339904785156 -4.983879566192627 9.3087329864501953
v 25.371391296386719 -5.1019291877746582 9.7548065185546875
v 25.950117111206055 -5.2183051109313965 10.204774856567383
v 26.520624160766602 -5.3330283164978027 10.658286094665527
v 27.060508728027344 -5.4415936470031738 11.096536636352539
v 27.62078857421875 -5.55426025390625 11.561079978942871
v 28.162874221801758 -5.6632680892944336 12.019501686096191
v 28.70665168762207 -5.7726163864135742 12.487982749938965
v 29.254604339599609 -5.8828039169311523 12.965767860412598
v 0 0 0
v 1.0162657499313354 -0.17224416136741638 0.019531050696969032
v 2.0251038074493408 -0.34322944283485413 0.066236026585102081
v 2.9859163761138916 -0.50607496500015259 0.14066806435585022
v 4.013664722442627 -0.68026530742645264 0.25191918015480042
v 4.9952244758605957 -0.84662723541259766 0.38867110013961792
v 5.927706241607666 -1.0046709775924683 0.54618716239929199
v 6.9168229103088379 -1.1723138093948364 0.74266397953033447
v 7.8533124923706055 -1.3310369253158569 0.95657491683959961
v 8.7732553482055664 -1.4869555234909058 1.1931172609329224
v 9.6750717163085938 -1.6398019790649414 1.4504059553146362
v 10.524251937866211 -1.7837274074554443 1.7156723737716675
v 11.423028945922852 -1.9360586404800415 2.0207273960113525
v 12.269841194152832 -2.0795824527740479 2.3310046195983887
v 13.098964691162109 -2.2201085090637207 2.6562902927398682
v 13.91064453125 -2.3576779365539551 2.9953286647796631
v 14.708948135375977 -2.4929802417755127 3.3486554622650146
v 15.488522529602051 -2.6251082420349121 3.7127161026000977
v 16.223970413208008 -2.7497572898864746 4.0734004974365234
v 16.959417343139648 -2.874406099319458 4.4508142471313477
v 17.694864273071289 -2.9990551471710205 4.8449573516845703
v 18.43031120300293 -3.123704195022583 5.2558298110961914
v 19.121631622314453 -3.2408742904663086 5.6573038101196289
v 19.857080459594727 -3.3655233383178711 6.1006312370300293
v 20.505483627319336 -3.4754195213317871 6.5053658485412598
v 21.16942024230957 -3.5879483222961426 6.9332695007324219
v 21.821689605712891 -3.6984996795654297 7.3669309616088867
v 22.462835311889648 -3.8071658611297607 7.8060221672058105
v 23.093385696411133 -3.9140360355377197 8.2502574920654297
v 23.713399887084961 -4.0191206932067871 8.699061393737793
v 24.31389045715332 -4.1208963394165039 9.1450662612915039
v 24.922679901123047 -4.2240786552429199 9.6086206436157227
v 25.513008117675781 -4.3241314888000488 10.069064140319824
v 26.094964981079102 -4.4227657318115234 10.533529281616211
v 26.668655395507813 -4.5199990272521973 11.001649856567383
v 27.211553573608398 -4.6120133399963379 11.454019546508789
v 27.774961471557617 -4.7075037956237793 11.933528900146484
v 28.320072174072266 -4.7998933792114258 12.406718254089355
v 28.866886138916016 -4.892570972442627 12.890292167663574
v 29.417896270751953 -4.9859604835510254 13.383469581604004
v 0 0 0
v 1.0213005542755127 -0.14003022015094757 0.020077791064977646
v 2.0351369380950928 -0.2790369987487793 0.068090200424194336
v 3.0007095336914063 -0.4114263653755188 0.1446058601140976
v 4.0335497856140137 -0.55303877592086792 0.25897127389907837
v 5.0199723243713379 -0.68828690052032471 0.39955136179924011
v 5.9570736885070801 -0.81677258014678955 0.56147682666778564
v 6.9510908126831055 -0.95306193828582764 0.76345366239547729
v 7.8922204971313477 -1.0820999145507813 0.98335278034210205
v 8.8167209625244141 -1.2088578939437866 1.2265167236328125
v 9.7230052947998047 -1.3331183195114136 1.4910078048706055
v 10.576393127441406 -1.4501259326934814 1.763700008392334
v 11.479621887207031 -1.573967456817627 2.0772943496704102
v 12.330629348754883 -1.6906487941741943 2.3962574005126953
v 13.163861274719238 -1.8048930168151855 2.7306489944458008
v 13.979562759399414 -1.9167335033416748 3.0791780948638916
v 14.781821250915527 -2.026731014251709 3.4423959255218506
v 15.56525707244873 -2.1341476440429688 3.8166477680206299
v 16.304347991943359 -2.2354841232299805 4.1874289512634277
v 17.043439865112305 -2.3368208408355713 4.5754079818725586
v 17.782529830932617 -2.438157320022583 4.9805846214294434
v 18.521621704101563 -2.5394937992095947 5.402958869934082
v 19.216367721557617 -2.6347501277923584 5.815671443939209
v 19.95545768737793 -2.7360868453979492 6.2714090347290039
v 20.607074737548828 -2.8254296779632568 6.6874732971191406
v 21.274299621582031 -2.9169127941131592 7.1273555755615234
v 21.929800033569336 -3.0067882537841797 7.5731568336486816
v 22.574123382568359 -3.0951311588287354 8.0245399475097656
v 23.207798004150391 -3.182013988494873 8.4812107086181641
v 23.83088493347168 -3.2674453258514404 8.9425783157348633
v 24.434349060058594 -3.3501861095428467 9.4010677337646484
v 25.04615592956543 -3.4340708255767822 9.877598762512207
v 25.639408111572266 -3.515411376953125 10.350932121276855
v 26.224246978759766 -3.5955986976623535 10.828398704528809
v 26.80078125 -3.6746468544006348 11.309624671936035
v 27.346368789672852 -3.7494521141052246 11.774656295776367
v 27.912567138671875 -3.8270833492279053 12.267589569091797
v 28.460378646850586 -3.9021937847137451 12.754025459289551
v 29.00990104675293 -3.9775385856628418 13.25113582611084
v 29.563642501831055 -4.053462028503418 13.758118629455566
v 0 0 0
v 1.025755763053894 -0.10682083666324615 0.020563900470733643
v 2.0440146923065186 -0.21286097168922424 0.069738753139972687
v 3.0137991905212402 -0.31385305523872375 0.14810694754123688
v 4.051145076751709 -0.42188084125518799 0.26524129509925842
v 5.0418705940246582 -0.52505373954772949 0.40922501683235168
v 5.9830594062805176 -0.62306791543960571 0.57507091760635376
v 6.9814128875732422 -0.7270350456237793 0.78193789720535278
v 7.9266476631164551 -0.82547056674957275 1.007161021232605
v 8.8551807403564453 -0.92216682434082031 1.2562123537063599
v 9.7654190063476563 -1.0169577598571777 1.5271070003509521
v 10.622529029846191 -1.1062160730361938 1.8064014911651611
v 11.529698371887207 -1.2006875276565552 2.1275885105133057
v 12.384417533874512 -1.2896968126296997 2.4542739391326904
v 13.221283912658691 -1.3768470287322998 2.7967617511749268
v 14.040544509887695 -1.4621636867523193 3.1537292003631592
v 14.846302032470703 -1.5460741519927979 3.5257408618927002
v 15.633155822753906 -1.6280161142349243 3.9090538024902344
v 16.375471115112305 -1.705319881439209 4.2888121604919434
v 17.117786407470703 -1.7826235294342041 4.6861844062805176
v 17.860101699829102 -1.8599272966384888 5.1011710166931152
v 18.6024169921875 -1.9372309446334839 5.5337715148925781
v 19.300191879272461 -2.0098965167999268 5.9564766883850098
v 20.042507171630859 -2.0872001647949219 6.423248291015625
v 20.696966171264648 -2.1553547382354736 6.8493857383728027
v 21.367101669311523 -2.2251417636871338 7.2999181747436523
v 22.025461196899414 -2.2937023639678955 7.7565126419067383
v 22.672595977783203 -2.3610939979553223 8.2188243865966797
v 23.30903434753418 -2.4273719787597656 8.6865520477294922
v 23.934839248657227 -2.4925425052642822 9.1590900421142578
v 24.540937423706055 -2.5556607246398926 9.6286802291870117
v 25.155410766601563 -2.6196513175964355 10.116748809814453
v 25.751251220703125 -2.6817011833190918 10.601541519165039
v 26.338642120361328 -2.7428712844848633 11.090568542480469
v 26.917690277099609 -2.8031725883483887 11.583444595336914
v 27.465658187866211 -2.8602373600006104 12.059736251831055
v 28.034326553344727 -2.9194576740264893 12.564603805541992
v 28.584527969360352 -2.976754903793335 13.062816619873047
v 29.136447906494141 -3.0342309474945068 13.571963310241699
v 29.692604064941406 -3.0921483039855957 14.091220855712891
v 0 0 0
v 1.0295226573944092 -0.07426133006811142 0.020976850762963295
v 2.051520824432373 -0.14797991514205933 0.071139194071292877
v 3.0248668193817139 -0.21818912029266357 0.15108112990856171
v 4.0660219192504883 -0.29328951239585876 0.27056768536567688
v 5.0603857040405273 -0.36501479148864746 0.41744276881217957
v 6.0050311088562012 -0.43315377831459045 0.58661907911300659
v 7.0070505142211914 -0.50543123483657837 0.79764020442962646
v 7.955756664276123 -0.57386314868927002 1.0273860692977905
v 8.887700080871582 -0.64108586311340332 1.2814385890960693
v 9.8012800216674805 -0.70698410272598267 1.557773232460022
v 10.661538124084473 -0.76903605461120605 1.8426762819290161
v 11.572039604187012 -0.83471214771270752 2.1703131198883057
v 12.429897308349609 -0.89659100770950317 2.503558874130249
v 13.269837379455566 -0.95717734098434448 2.852924108505249
v 14.092104911804199 -1.0164890289306641 3.217059850692749
v 14.900821685791016 -1.074823260307312 3.5965421199798584
v 15.690566062927246 -1.1317888498306274 3.9875524044036865
v 16.435606002807617 -1.1855300664901733 4.3749370574951172
v 17.180646896362305 -1.2392712831497192 4.7802891731262207
v 17.925689697265625 -1.2930123805999756 5.2036089897155762
v 18.670730590820313 -1.3467535972595215 5.6448965072631836
v 19.371068954467773 -1.3972702026367188 6.0760898590087891
v 20.116109848022461 -1.4510114192962646 6.5522351264953613
v 20.772972106933594 -1.4983921051025391 6.9869298934936523
v 21.445568084716797 -1.5469076633453369 7.446509838104248
v 22.106346130371094 -1.5945707559585571 7.9122734069824219
v 22.755855560302734 -1.6414210796356201 8.3838682174682617
v 23.394632339477539 -1.6874971389770508 8.8609886169433594
v 24.022735595703125 -1.7328033447265625 9.3430156707763672
v 24.631059646606445 -1.7766828536987305 9.8220367431640625
v 25.24778938293457 -1.8211687803268433 10.319905281066895
v 25.845817565917969 -1.8643056154251099 10.814434051513672
v 26.435365676879883 -1.9068307876586914 11.313281059265137
v 27.01654052734375 -1.9487520456314087 11.816055297851563
v 27.566520690917969 -1.9884229898452759 12.301911354064941
v 28.137277603149414 -2.029592752456665 12.816916465759277
v 28.689498901367188 -2.0694255828857422 13.32513427734375
v 29.243446350097656 -2.1093826293945313 13.844505310058594
v 29.801643371582031 -2.149646520614624 14.374190330505371
v 0 0 0
v 1.0330685377120972 -0.038733057677745819 0.021367445588111877
v 2.058586597442627 -0.077183030545711517 0.072463832795619965
v 3.0352852344512939 -0.11380258947610855 0.15389430522918701
v 4.0800261497497559 -0.15297327935695648 0.27560573816299438
v 5.077815055847168 -0.19038358330726624 0.42521572113037109
v 6.0257139205932617 -0.22592337429523468 0.5975421667098999
v 7.031184196472168 -0.26362168788909912 0.81249254941940308
v 7.9831581115722656 -0.2993142306804657 1.0465164184570313
v 8.9183111190795898 -0.33437612652778625 1.3052995204925537
v 9.8350381851196289 -0.36874717473983765 1.5867795944213867
v 10.698258399963379 -0.40111207962036133 1.8769875764846802
v 11.611895561218262 -0.43536725640296936 2.2107250690460205
v 12.472708702087402 -0.4676419198513031 2.5501761436462402
v 13.31554126739502 -0.4992423951625824 2.9060466289520264
v 14.140641212463379 -0.53017807006835938 3.2769627571105957
v 14.952143669128418 -0.56060391664505005 3.6635110378265381
v 15.744606971740723 -0.59031587839126587 4.0618023872375488
v 16.492214202880859 -0.61834609508514404 4.4563999176025391
v 17.23982048034668 -0.64637631177902222 4.8692998886108398
v 17.987428665161133 -0.67440646886825562 5.3005023002624512
v 18.735034942626953 -0.70243668556213379 5.7500066757202148
v 19.437786102294922 -0.72878503799438477 6.1892290115356445
v 20.185394287109375 -0.75681525468826294 6.6742401123046875
v 20.844518661499023 -0.78152793645858765 7.1170291900634766
v 21.519432067871094 -0.80683261156082153 7.5851664543151855
v 22.182485580444336 -0.83169263601303101 8.0596027374267578
v 22.834232330322266 -0.85612869262695313 8.5399789810180664
v 23.475208282470703 -0.88016098737716675 9.0259838104248047
v 24.105474472045898 -0.90379166603088379 9.5169858932495117
v 24.715892791748047 -0.92667824029922485 10.004926681518555
v 25.334749221801758 -0.94988107681274414 10.512065887451172
v 25.934837341308594 -0.97238034009933472 11.015802383422852
v 26.52641487121582 -0.99456053972244263 11.52393913269043
v 27.109590530395508 -1.016425609588623 12.036074638366699
v 27.661464691162109 -1.0371172428131104 12.530977249145508
v 28.234188079833984 -1.0585904121398926 13.055572509765625
v 28.788312911987305 -1.0793663263320923 13.573253631591797
v 29.344165802001953 -1.1002070903778076 14.102294921875
v 29.904287338256836 -1.1212078332901001 14.641842842102051
v 0 0 0
v 1.0363749265670776 0 0.02173362672328949
v 2.0651755332946777 0 0.073705665767192841
v 3.0450000762939453 0 0.15653163194656372
v 4.0930848121643066 0 0.28032886981964111
v 5.0940670967102051 0 0.43250274658203125
v 6.0450000762939453 0 0.60778236389160156
v 7.0536885261535645 0 0.82641643285751343
v 8.0087089538574219 0 1.0644508600234985
v 8.9468555450439453 0 1.3276687860488892
v 9.86651611328125 0 1.6139726638793945
v 10.732500076293945 0 1.909153938293457
v 11.64906120300293 0 2.2486109733581543
v 12.512629508972168 0 2.593879222869873
v 13.358159065246582 0 2.955848217010498
v 14.185900688171387 0 3.3331210613250732
v 15 0 3.7262935638427734
v 15.795000076293945 0 4.1314101219177246
v 16.545000076293945 0 4.5327701568603516
v 17.295000076293945 0 4.9527463912963867
v 18.045000076293945 0 5.3913383483886719
v 18.795000076293945 0 5.848546028137207
v 19.5 0 6.295295238494873
v 20.25 0 6.7886180877685547
v 20.911233901977539 0 7.2389955520629883
v 21.588308334350586 0 7.7151556015014648
v 22.253482818603516 0 8.1977224349975586
v 22.907316207885742 0 8.6863307952880859
v 23.550344467163086 0 9.1806640625
v 24.182626724243164 0 9.6800813674926758
v 24.795000076293945 0 10.176383018493652
v 25.415836334228516 0 10.692214012145996
v 26.017845153808594 0 11.204583168029785
v 26.611316680908203 0 11.721427917480469
v 27.196359634399414 0 12.242340087890625
v 27.75 0 12.745723724365234
v 28.324554443359375 0 13.279309272766113
v 28.880453109741211 0 13.805861473083496
v 29.438085556030273 0 14.343969345092773
v 30 0 14.892764091491699
f 42 2 1
f 43 3 2 42
f 44 4 3 43
f 45 5 4 44
f 46 6 5 45
f 47 7 6 46
f 48 8 7 47
f 49 9 8 48
f 50 10 9 49
f 51 11 10 50
f 52 12 11 51
f 53 13 12 52
f 54 14 13 53
f 55 15 14 54
f 56 16 15 55
f 57 17 16 56
f 58 18 17 57
f 59 19 18 58
f 60 20 19 59
f 61 21 20 60
f 62 22 21 61
f 63 23 22 62
f 64 24 23 63
f 65 25 24 64
f 66 26 25 65
f 67 27 26 66
f 68 28 27 67
f 69 29 28 68
f 70 30 29 69
f 71 31 30 70
f 72 32 31 71
f 73 33 32 72
f 74 34 33 73
f 75 35 34 74
f 76 36 35 75
f 77 37 36 76
f 78 38 37 77
f 79 39 38 78
f 80 40 39 79
f 82 42 41
f 83 43 42 82
f 84 44 43 83
f 85 45 44 84
f 86 46 45 85
f 87 47 46 86
f 88 48 47 87
f 89 49 48 88
f 90 50 49 89
f 91 51 50 90
f 92 52 51 91
f 93 53 52 92
f 94 54 53 93
f 95 55 54 94
f 96 56 55 95
f 97 57 56 96
f 98 58 57 97
f 99 59 58 98
f 100 60 59 99
f 101 61 60 100
f 102 62 61 101
f 103 63 62 102
f 104 64 63 103
f 105 65 64 104
f 106 66 65 105
f 107 67 66 106
f 108 68 67 107
f 109 69 68 108
f 110 70 69 109
f 111 71 70 110
f 112 72 71 111
f 113 73 72 112
f 114 74 73 113
f 115 75 74 114
f 116 76 75 115
f 117 77 76 116
f 118 78 77 117
f 119 79 78 118
f 120 80 79 119
f 122 82 81
f 123 83 82 122
f 124 84 83 123
f 125 85 84 124
f 126 86 85 125
f 127 87 86 126
f 128 88 87 127
f 129 89 88 128
f 130 90 89 129
f 131 91 90 130
f 132 92 91 131
f 133 93 92 132
f 134 94 93 133
f 135 95 94 134
f 136 96 95 135
f 137 97 96 136
f 138 98 97 137
f 139 99 98 138
f 140 100 99 139
f 141 101 100 140
f 142 102 101 141
f 143 103 102 142
f 144 104 103 143
f 145 105 104 144
f 146 106 105 145
f 147 107 106 146
f 148 108 107 147
f 149 109 108 148
f 150 110 109 149
f 151 111 110 150
f 152 112 111 151
f 153 113 112 152
f 154 114 113 153
f 155 115 114 154
f 156 116 115 155
f 157 117 116 156
f 158 118 117 157
f 159 119 118 158
f 160 120 119 159
f 162 122 121
f 163 123 122 162
f 164 124 123 163
f 165 125 124 164
f 166 126 125 165
f 167 127 126 166
f 168 128 127 167
f 169 129 128 168
f 170 130 129 169
f 171 131 130 170
f 172 132 131 171
f 173 133 132 172
f 174 134 133 173
f 175 135 134 174
f 176 136 135 175
f 177 137 136 176
f 178 138 137 177
f 179 139 138 178
f 180 140 139 179
f 181 141 140 180
f 182 142 141 181
f 183 143 142 182
f 184 144 143 183
f 185 145 144 184
f 186 146 145 185
f 187 147 146 186
f 188 148 147 187
f 189 149 148 188
f 190 150 149 189
f 191 151 150 190
f 192 152 151 191
f 193 153 152 192
f 194 154 153 193
f 195 155 154 194
f 196 156 155 195
f 197 157 156 196
f 198 158 157 197
f 199 159 158 198
f 200 160 159 199
f 202 162 161
f 203 163 162 202
f 204 164 163 203
f 205 165 164 204
f 206 166 165 205
f 207 167 166 206
f 208 168 167 207
f 209 169 168 208
f 210 170 169 209
f 211 171 170 210
f 212 172 171 211
f 213 173 172 212
f 214 174 173 213
f 215 175 174 214
f 216 176 175 215
f 217 177 176 216
f 218 178 177 217
f 219 179 178 218
f 220 180 179 219
f 221 181 180 220
f 222 182 181 221
f 223 183 182 222
f 224 184 183 223
f 225 185 184 224
f 226 186 185 225
f 227 187 186 226
f 228 188 187 227
f 229 189 188 228
f 230 190 189 229
f 231 191 190 230
f 232 192 191 231
f 233 193 192 232
f 234 194 193 233
f 235 195 194 234
f 236 196 195 235
f 237 197 196 236
f 238 198 197 237
f 239 199 198 238
f 240 200 199 239
f 242 202 201
f 243 203 202 242
f 244 204 203 243
f 245 205 204 244
f 246 206 205 245
f 247 207 206 246
f 248 208 207 247
f 249 209 208 248
f 250 210 209 249
f 251 211 210 250
f 252 212 211 251
f 253 213 212 252
f 254 214 213 253
f 255 215 214 254
f 256 216 215 255
f 257 217 216 256
f 258 218 217 257
f 259 219 218 258
f 260 220 219 259
f 261 221 220 260
f 262 222 221 261
f 263 223 222 262
f 264 224 223 263
f 265 225 224 264
f 266 226 225 265
f 267 227 226 266
f 268 228 227 267
f 269 229 228 268
f 270 230 229 269
f 271 231 230 270
f 272 232 231 271
f 273 233 232 272
f 274 234 233 273
f 275 235 234 274
f 276 236 235 275
f 277 237 236 276
f 278 238 237 277
f 279 239 238 278
f 280 240 239 279
f 282 242 241
f 283 243 242 282
f 284 244 243 283
f 285 245 244 284
f 286 246 245 285
f 287 247 246 286
f 288 248 247 287
f 289 249 248 288
f 290 250 249 289
f 291 251 250 290
f 292 252 251 291
f 293 253 252 292
f 294 254 253 293
f 295 255 254 294
f 296 256 255 295
f 297 257 256 296
f 298 258 257 297
f 299 259 258 298
f 300 260 259 299
f 301 261 260 300
f 302 262 261 301
f 303 263 262 302
f 304 264 263 303
f 305 265 264 304
f 306 266 265 305
f 307 267 266 306
f 308 268 267 307
f 309 269 268 308
f 310 270 269 309
f 311 271 270 310
f 312 272 271 311
f 313 273 272 312
f 314 274 273 313
f 315 275 274 314
f 316 276 275 315
f 317 277 276 316
f 318 278 277 317
f 319 279 278 318
f 320 280 279 319
f 322 282 281
f 323 283 282 322
f 324 284 283 323
f 325 285 284 324
f 326 286 285 325
f 327 287 286 326
f 328 288 287 327
f 329 289 288 328
f 330 290 289 329
f 331 291 290 330
f 332 292 291 331
f 333 293 292 332
f 334 294 293 333
f 335 295 294 334
f 336 296 295 335
f 337 297 296 336
f 338 298 297 337
f 339 299 298 338
f 340 300 299 339
f 341 301 300 340
f 342 302 301 341
f 343 303 302 342
f 344 304 303 343
f 345 305 304 344
f 346 306 305 345
f 347 307 306 346
f 348 308 307 347
f 349 309 308 348
f 350 310 309 349
f 351 311 310 350
f 352 312 311 351
f 353 313 312 352
f 354 314 313 353
f 355 315 314 354
f 356 316 315 355
f 357 317 316 356
f 358 318 317 357
f 359 319 318 358
f 360 320 319 359
f 362 322 321
f 363 323 322 362
f 364 324 323 363
f 365 325 324 364
f 366 326 325 365
f 367 327 326 366
f 368 328 327 367
f 369 329 328 368
f 370 330 329 369
f 371 331 330 370
f 372 332 331 371
f 373 333 332 372
f 374 334 333 373
f 375 335 334 374
f 376 336 335 375
f 377 337 336 376
f 378 338 337 377
f 379 339 338 378
f 380 340 339 379
f 381 341 340 380
f 382 342 341 381
f 383 343 342 382
f 384 344 343 383
f 385 345 344 384
f 386 346 345 385
f 387 347 346 386
f 388 348 347 387
f 389 349 348 388
f 390 350 349 389
f 391 351 350 390
f 392 352 351 391
f 393 353 352 392
f 394 354 353 393
f 395 355 354 394
f 396 356 355 395
f 397 357 356 396
f 398 358 357 397
f 399 359 358 398
f 400 360 359 399
f 402 362 361
f 403 363 362 402
f 404 364 363 403
f 405 365 364 404
f 406 366 365 405
f 407 367 366 406
f 408 368 367 407
f 409 369 368 408
f 410 370 369 409
f 411 371 370 410
f 412 372 371 411
f 413 373 372 412
f 414 374 373 413
f 415 375 374 414
f 416 376 375 415
f 417 377 376 416
f 418 378 377 417
f 419 379 378 418
f 420 380 379 419
f 421 381 380 420
f 422 382 381 421
f 423 383 382 422
f 424 384 383 423
f 425 385 384 424
f 426 386 385 425
f 427 387 386 426
f 428 388 387 427
f 429 389 388 428
f 430 390 389 429
f 431 391 390 430
f 432 392 391 431
f 433 393 392 432
f 434 394 393 433
f 435 395 394 434
f 436 396 395 435
f 437 397 396 436
f 438 398 397 437
f 439 399 398 438
f 440 400 399 439
f 442 402 401
f 443 403 402 442
f 444 404 403 443
f 445 405 404 444
f 446 406 405 445
f 447 407 406 446
f 448 408 407 447
f 449 409 408 448
f 450 410 409 449
f 451 411 410 450
f 452 412 411 451
f 453 413 412 452
f 454 414 413 453
f 455 415 414 454
f 456 416 415 455
f 457 417 416 456
f 458 418 417 457
f 459 419 418 458
f 460 420 419 459
f 461 421 420 460
f 462 422 421 461
f 463 423 422 462
f 464 424 423 463
f 465 425 424 464
f 466 426 425 465
f 467 427 426 466
f 468 428 427 467
f 469 429 428 468
f 470 430 429 469
f 471 431 430 470
f 472 432 431 471
f 473 433 432 472
f 474 434 433 473
f 475 435 434 474
f 476 436 435 475
f 477 437 436 476
f 478 438 437 477
f 479 439 438 478
f 480 440 439 479
f 482 442 441
f 483 443 442 482
f 484 444 443 483
f 485 445 444 484
f 486 446 445 485
f 487 447 446 486
f 488 448 447 487
f 489 449 448 488
f 490 450 449 489
f 491 451 450 490
f 492 452 451 491
f 493 453 452 492
f 494 454 453 493
f 495 455 454 494
f 496 456 455 495
f 497 457 456 496
f 498 458 457 497
f 499 459 458 498
f 500 460 459 499
f 501 461 460 500
f 502 462 461 501
f 503 463 462 502
f 504 464 463 503
f 505 465 464 504
f 506 466 465 505
f 507 467 466 506
f 508 468 467 507
f 509 469 468 508
f 510 470 469 509
f 511 471 470 510
f 512 472 471 511
f 513 473 472 512
f 514 474 473 513
f 515 475 474 514
f 516 476 475 515
f 517 477 476 516
f 518 478 477 517
f 519 479 478 518
f 520 480 479 519
f 522 482 481
f 523 483 482 522
f 524 484 483 523
f 525 485 484 524
f 526 486 485 525
f 527 487 486 526
f 528 488 487 527
f 529 489 488 528
f 530 490 489 529
f 531 491 490 530
f 532 492 491 531
f 533 493 492 532
f 534 494 493 533
f 535 495 494 534
f 536 496 495 535
f 537 497 496 536
f 538 498 497 537
f 539 499 498 538
f 540 500 499 539
f 541 501 500 540
f 542 502 501 541
f 543 503 502 542
f 544 504 503 543
f 545 505 504 544
f 546 506 505 545
f 547 507 506 546
f 548 508 507 547
f 549 509 508 548
f 550 510 509 549
f 551 511 510 550
f 552 512 511 551
f 553 513 512 552
f 554 514 513 553
f 555 515 514 554
f 556 516 515 555
f 557 517 516 556
f 558 518 517 557
f 559 519 518 558
f 560 520 519 559
f 562 522 521
f 563 523 522 562
f 564 524 523 563
f 565 525 524 564
f 566 526 525 565
f 567 527 526 566
f 568 528 527 567
f 569 529 528 568
f 570 530 529 569
f 571 531 530 570
f 572 532 531 571
f 573 533 532 572
f 574 534 533 573
f 575 535 534 574
f 576 536 535 575
f 577 537 536 576
f 578 538 537 577
f 579 539 538 578
f 580 540 539 579
f 581 541 540 580
f 582 542 541 581
f 583 543 542 582
f 584 544 543 583
f 585 545 544 584
f 586 546 545 585
f 587 547 546 586
f 588 548 547 587
f 589 549 548 588
f 590 550 549 589
f 591 551 550 590
f 592 552 551 591
f 593 553 552 592
f 594 554 553 593
f 595 555 554 594
f 596 556 555 595
f 597 557 556 596
f 598 558 557 597
f 599 559 558 598
f 600 560 559 599
f 602 562 561
f 603 563 562 602
f 604 564 563 603
f 605 565 564 604
f 606 566 565 605
f 607 567 566 606
f 608 568 567 607
f 609 569 568 608
f 610 570 569 609
f 611 571 570 610
f 612 572 571 611
f 613 573 572 612
f 614 574 573 613
f 615 575 574 614
f 616 576 575 615
f 617 577 576 616
f 618 578 577 617
f 619 579 578 618
f 620 580 579 619
f 621 581 580 620
f 622 582 581 621
f 623 583 582 622
f 624 584 583 623
f 625 585 584 624
f 626 586 585 625
f 627 587 586 626
f 628 588 587 627
f 629 589 588 628
f 630 590 589 629
f 631 591 590 630
f 632 592 591 631
f 633 593 592 632
f 634 594 593 633
f 635 595 594 634
f 636 596 595 635
f 637 597 596 636
f 638 598 597 637
f 639 599 598 638
f 640 600 599 639
f 642 602 601
f 643 603 602 642
f 644 604 603 643
f 645 605 604 644
f 646 606 605 645
f 647 607 606 646
f 648 608 607 647
f 649 609 608 648
f 650 610 609 649
f 651 611 610 650
f 652 612 611 651
f 653 613 612 652
f 654 614 613 653
f 655 615 614 654
f 656 616 615 655
f 657 617 616 656
f 658 618 617 657
f 659 619 618 658
f 660 620 619 659
f 661 621 620 660
f 662 622 621 661
f 663 623 622 662
f 664 624 623 663
f 665 625 624 664
f 666 626 625 665
f 667 627 626 666
f 668 628 627 667
f 669 629 628 668
f 670 630 629 669
f 671 631 630 670
f 672 632 631 671
f 673 633 632 672
f 674 634 633 673
f 675 635 634 674
f 676 636 635 675
f 677 637 636 676
f 678 638 637 677
f 679 639 638 678
f 680 640 639 679
f 682 642 641
f 683 643 642 682
f 684 644 643 683
f 685 645 644 684
f 686 646 645 685
f 687 647 646 686
f 688 648 647 687
f 689 649 648 688
f 690 650 649 689
f 691 651 650 690
f 692 652 651 691
f 693 653 652 692
f 694 654 653 693
f 695 655 654 694
f 696 656 655 695
f 697 657 656 696
f 698 658 657 697
f 699 659 658 698
f 700 660 659 699
f 701 661 660 700
f 702 662 661 701
f 703 663 662 702
f 704 664 663 703
f 705 665 664 704
f 706 666 665 705
f 707 667 666 706
f 708 668 667 707
f 709 669 668 708
f 710 670 669 709
f 711 671 670 710
f 712 672 671 711
f 713 673 672 712
f 714 674 673 713
f 715 675 674 714
f 716 676 675 715
f 717 677 676 716
f 718 678 677 717
f 719 679 678 718
f 720 680 679 719
f 722 682 681
f 723 683 682 722
f 724 684 683 723
f 725 685 684 724
f 726 686 685 725
f 727 687 686 726
f 728 688 687 727
f 729 689 688 728
f 730 690 689 729
f 731 691 690 730
f 732 692 691 731
f 733 693 692 732
f 734 694 693 733
f 735 695 694 734
f 736 696 695 735
f 737 697 696 736
f 738 698 697 737
f 739 699 698 738
f 740 700 699 739
f 741 701 700 740
f 742 702 701 741
f 743 703 702 742
f 744 704 703 743
f 745 705 704 744
f 746 706 705 745
f 747 707 706 746
f 748 708 707 747
f 749 709 708 748
f 750 710 709 749
f 751 711 710 750
f 752 712 711 751
f 753 713 712 752
f 754 714 713 753
f 755 715 714 754
f 756 716 715 755
f 757 717 716 756
f 758 718 717 757
f 759 719 718 758
f 760 720 719 759
f 762 722 721
f 763 723 722 762
f 764 724 723 763
f 765 725 724 764
f 766 726 725 765
f 767 727 726 766
f 768 728 727 767
f 769 729 728 768
f 770 730 729 769
f 771 731 730 770
f 772 732 731 771
f 773 733 732 772
f 774 734 733 773
f 775 735 734 774
f 776 736 735 775
f 777 737 736 776
f 778 738 737 777
f 779 739 738 778
f 780 740 739 779
f 781 741 740 780
f 782 742 741 781
f 783 743 742 782
f 784 744 743 783
f 785 745 744 784
f 786 746 745 785
f 787 747 746 786
f 788 748 747 787
f 789 749 748 788
f 790 750 749 789
f 791 751 750 790
f 792 752 751 791
f 793 753 752 792
f 794 754 753 793
f 795 755 754 794
f 796 756 755 795
f 797 757 756 796
f 798 758 757 797
f 799 759 758 798
f 800 760 759 799
f 802 762 761
f 803 763 762 802
f 804 764 763 803
f 805 765 764 804
f 806 766 765 805
f 807 767 766 806
f 808 768 767 807
f 809 769 768 808
f 810 770 769 809
f 811 771 770 810
f 812 772 771 811
f 813 773 772 812
f 814 774 773 813
f 815 775 774 814
f 816 776 775 815
f 817 777 776 816
f 818 778 777 817
f 819 779 778 818
f 820 780 779 819
f 821 781 780 820
f 822 782 781 821
f 823 783 782 822
f 824 784 783 823
f 825 785 784 824
f 826 786 785 825
f 827 787 786 826
f 828 788 787 827
f 829 789 788 828
f 830 790 789 829
f 831 791 790 830
f 832 792 791 831
f 833 793 792 832
f 834 794 793 833
f 835 795 794 834
f 836 796 795 835
f 837 797 796 836
f 838 798 797 837
f 839 799 798 838
f 840 800 799 839
f 842 802 801
f 843 803 802 842
f 844 804 803 843
f 845 805 804 844
f 846 806 805 845
f 847 807 806 846
f 848 808 807 847
f 849 809 808 848
f 850 810 809 849
f 851 811 810 850
f 852 812 811 851
f 853 813 812 852
f 854 814 813 853
f 855 815 814 854
f 856 816 815 855
f 857 817 816 856
f 858 818 817 857
f 859 819 818 858
f 860 820 819 859
f 861 821 820 860
f 862 822 821 861
f 863 823 822 862
f 864 824 823 863
f 865 825 824 864
f 866 826 825 865
f 867 827 826 866
f 868 828 827 867
f 869 829 828 868
f 870 830 829 869
f 871 831 830 870
f 872 832 831 871
f 873 833 832 872
f 874 834 833 873
f 875 835 834 874
f 876 836 835 875
f 877 837 836 876
f 878 838 837 877
f 879 839 838 878
f 880 840 839 879
f 882 842 841
f 883 843 842 882
f 884 844 843 883
f 885 845 844 884
f 886 846 845 885
f 887 847 846 886
f 888 848 847 887
f 889 849 848 888
f 890 850 849 889
f 891 851 850 890
f 892 852 851 891
f 893 853 852 892
f 894 854 853 893
f 895 855 854 894
f 896 856 855 895
f 897 857 856 896
f 898 858 857 897
f 899 859 858 898
f 900 860 859 899
f 901 861 860 900
f 902 862 861 901
f 903 863 862 902
f 904 864 863 903
f 905 865 864 904
f 906 866 865 905
f 907 867 866 906
f 908 868 867 907
f 909 869 868 908
f 910 870 869 909
f 911 871 870 910
f 912 872 871 911
f 913 873 872 912
f 914 874 873 913
f 915 875 874 914
f 916 876 875 915
f 917 877 876 916
f 918 878 877 917
f 919 879 878 918
f 920 880 879 919
f 922 882 881
f 923 883 882 922
f 924 884 883 923
f 925 885 884 924
f 926 886 885 925
f 927 887 886 926
f 928 888 887 927
f 929 889 888 928
f 930 890 889 929
f 931 891 890 930
f 932 892 891 931
f 933 893 892 932
f 934 894 893 933
f 935 895 894 934
f 936 896 895 935
f 937 897 896 936
f 938 898 897 937
f 939 899 898 938
f 940 900 899 939
f 941 901 900 940
f 942 902 901 941
f 943 903 902 942
f 944 904 903 943
f 945 905 904 944
f 946 906 905 945
f 947 907 906 946
f 948 908 907 947
f 949 909 908 948
f 950 910 909 949
f 951 911 910 950
f 952 912 911 951
f 953 913 912 952
f 954 914 913 953
f 955 915 914 954
f 956 916 915 955
f 957 917 916 956
f 958 918 917 957
f 959 919 918 958
f 960 920 919 959
f 962 922 921
f 963 923 922 962
f 964 924 923 963
f 965 925 924 964
f 966 926 925 965
f 967 927 926 966
f 968 928 927 967
f 969 929 928 968
f 970 930 929 969
f 971 931 930 970
f 972 932 931 971
f 973 933 932 972
f 974 934 933 973
f 975 935 934 974
f 976 936 935 975
f 977 937 936 976
f 978 938 937 977
f 979 939 938 978
f 980 940 939 979
f 981 941 940 980
f 982 942 941 981
f 983 943 942 982
f 984 944 943 983
f 985 945 944 984
f 986 946 945 985
f 987 947 946 986
f 988 948 947 987
f 989 949 948 988
f 990 950 949 989
f 991 951 950 990
f 992 952 951 991
f 993 953 952 992
f 994 954 953 993
f 995 955 954 994
f 996 956 955 995
f 997 957 956 996
f 998 958 957 997
f 999 959 958 998
f 1000 960 959 999
f 1002 962 961
f 1003 963 962 1002
f 1004 964 963 1003
f 1005 965 964 1004
f 1006 966 965 1005
f 1007 967 966 1006
f 1008 968 967 1007
f 1009 969 968 1008
f 1010 970 969 1009
f 1011 971 970 1010
f 1012 972 971 1011
f 1013 973 972 1012
f 1014 974 973 1013
f 1015 975 974 1014
f 1016 976 975 1015
f 1017 977 976 1016
f 1018 978 977 1017
f 1019 979 978 1018
f 1020 980 979 1019
f 1021 981 980 1020
f 1022 982 981 1021
f 1023 983 982 1022
f 1024 984 983 1023
f 1025 985 984 1024
f 1026 986 985 1025
f 1027 987 986 1026
f 1028 988 987 1027
f 1029 989 988 1028
f 1030 990 989 1029
f 1031 991 990 1030
f 1032 992 991 1031
f 1033 993 992 1032
f 1034 994 993 1033
f 1035 995 994 1034
f 1036 996 995 1035
f 1037 997 996 1036
f 1038 998 997 1037
f 1039 999 998 1038
f 1040 1000 999 1039
f 1042 1002 1001
f 1043 1003 1002 1042
f 1044 1004 1003 1043
f 1045 1005 1004 1044
f 1046 1006 1005 1045
f 1047 1007 1006 1046
f 1048 1008 1007 1047
f 1049 1009 1008 1048
f 1050 1010 1009 1049
f 1051 1011 1010 1050
f 1052 1012 1011 1051
f 1053 1013 1012 1052
f 1054 1014 1013 1053
f 1055 1015 1014 1054
f 1056 1016 1015 1055
f 1057 1017 1016 1056
f 1058 1018 1017 1057
f 1059 1019 1018 1058
f 1060 1020 1019 1059
f 1061 1021 1020 1060
f 1062 1022 1021 1061
f 1063 1023 1022 1062
f 1064 1024 1023 1063
f 1065 1025 1024 1064
f 1066 1026 1025 1065
f 1067 1027 1026 1066
f 1068 1028 1027 1067
f 1069 1029 1028 1068
f 1070 1030 1029 1069
f 1071 1031 1030 1070
f 1072 1032 1031 1071
f 1073 1033 1032 1072
f 1074 1034 1033 1073
f 1075 1035 1034 1074
f 1076 1036 1035 1075
f 1077 1037 1036 1076
f 1078 1038 1037 1077
f 1079 1039 1038 1078
f 1080 1040 1039 1079
f 1082 1042 1041
f 1083 1043 1042 1082
f 1084 1044 1043 1083
f 1085 1045 1044 1084
f 1086 1046 1045 1085
f 1087 1047 1046 1086
f 1088 1048 1047 1087
f 1089 1049 1048 1088
f 1090 1050 1049 1089
f 1091 1051 1050 1090
f 1092 1052 1051 1091
f 1093 1053 1052 1092
f 1094 1054 1053 1093
f 1095 1055 1054 1094
f 1096 1056 1055 1095
f 1097 1057 1056 1096
f 1098 1058 1057 1097
f 1099 1059 1058 1098
f 1100 1060 1059 1099
f 1101 1061 1060 1100
f 1102 1062 1061 1101
f 1103 1063 1062 1102
f 1104 1064 1063 1103
f 1105 1065 1064 1104
f 1106 1066 1065 1105
f 1107 1067 1066 1106
f 1108 1068 1067 1107
f 1109 1069 1068 1108
f 1110 1070 1069 1109
f 1111 1071 1070 1110
f 1112 1072 1071 1111
f 1113 1073 1072 1112
f 1114 1074 1073 1113
f 1115 1075 1074 1114
f 1116 1076 1075 1115
f 1117 1077 1076 1116
f 1118 1078 1077 1117
f 1119 1079 1078 1118
f 1120 1080 1079 1119
f 1122 1082 1081
f 1123 1083 1082 1122
f 1124 1084 1083 1123
f 1125 1085 1084 1124
f 1126 1086 1085 1125
f 1127 1087 1086 1126
f 1128 1088 1087 1127
f 1129 1089 1088 1128
f 1130 1090 1089 1129
f 1131 1091 1090 1130
f 1132 1092 1091 1131
f 1133 1093 1092 1132
f 1134 1094 1093 1133
f 1135 1095 1094 1134
f 1136 1096 1095 1135
f 1137 1097 1096 1136
f 1138 1098 1097 1137
f 1139 1099 1098 1138
f 1140 1100 1099 1139
f 1141 1101 1100 1140
f 1142 1102 1101 1141
f 1143 1103 1102 1142
f 1144 1104 1103 1143
f 1145 1105 1104 1144
f 1146 1106 1105 1145
f 1147 1107 1106 1146
f 1148 1108 1107 1147
f 1149 1109 1108 1148
f 1150 1110 1109 1149
f 1151 1111 1110 1150
f 1152 1112 1111 1151
f 1153 1113 1112 1152
f 1154 1114 1113 1153
f 1155 1115 1114 1154
f 1156 1116 1115 1155
f 1157 1117 1116 1156
f 1158 1118 1117 1157
f 1159 1119 1118 1158
f 1160 1120 1119 1159
f 1162 1122 1121
f 1163 1123 1122 1162
f 1164 1124 1123 1163
f 1165 1125 1124 1164
f 1166 1126 1125 1165
f 1167 1127 1126 1166
f 1168 1128 1127 1167
f 1169 1129 1128 1168
f 1170 1130 1129 1169
f 1171 1131 1130 1170
f 1172 1132 1131 1171
f 1173 1133 1132 1172
f 1174 1134 1133 1173
f 1175 1135 1134 1174
f 1176 1136 1135 1175
f 1177 1137 1136 1176
f 1178 1138 1137 1177
f 1179 1139 1138 1178
f 1180 1140 1139 1179
f 1181 1141 1140 1180
f 1182 1142 1141 1181
f 1183 1143 1142 1182
f 1184 1144 1143 1183
f 1185 1145 1144 1184
f 1186 1146 1145 1185
f 1187 1147 1146 1186
f 1188 1148 1147 1187
f 1189 1149 1148 1188
f 1190 1150 1149 1189
f 1191 1151 1150 1190
f 1192 1152 1151 1191
f 1193 1153 1152 1192
f 1194 1154 1153 1193
f 1195 1155 1154 1194
f 1196 1156 1155 1195
f 1197 1157 1156 1196
f 1198 1158 1157 1197
f 1199 1159 1158 1198
f 1200 1160 1159 1199
f 1202 1162 1161
f 1203 1163 1162 1202
f 1204 1164 1163 1203
f 1205 1165 1164 1204
f 1206 1166 1165 1205
f 1207 1167 1166 1206
f 1208 1168 1167 1207
f 1209 1169 1168 1208
f 1210 1170 1169 1209
f 1211 1171 1170 1210
f 1212 1172 1171 1211
f 1213 1173 1172 1212
f 1214 1174 1173 1213
f 1215 1175 1174 1214
f 1216 1176 1175 1215
f 1217 1177 1176 1216
f 1218 1178 1177 1217
f 1219 1179 1178 1218
f 1220 1180 1179 1219
f 1221 1181 1180 1220
f 1222 1182 1181 1221
f 1223 1183 1182 1222
f 1224 1184 1183 1223
f 1225 1185 1184 1224
f 1226 1186 1185 1225
f 1227 1187 1186 1226
f 1228 1188 1187 1227
f 1229 1189 1188 1228
f 1230 1190 1189 1229
f 1231 1191 1190 1230
f 1232 1192 1191 1231
f 1233 1193 1192 1232
f 1234 1194 1193 1233
f 1235 1195 1194 1234
f 1236 1196 1195 1235
f 1237 1197 1196 1236
f 1238 1198 1197 1237
f 1239 1199 1198 1238
f 1240 1200 1199 1239
f 1242 1202 1201
f 1243 1203 1202 1242
f 1244 1204 1203 1243
f 1245 1205 1204 1244
f 1246 1206 1205 1245
f 1247 1207 1206 1246
f 1248 1208 1207 1247
f 1249 1209 1208 1248
f 1250 1210 1209 1249
f 1251 1211 1210 1250
f 1252 1212 1211 1251
f 1253 1213 1212 1252
f 1254 1214 1213 1253
f 1255 1215 1214 1254
f 1256 1216 1215 1255
f 1257 1217 1216 1256
f 1258 1218 1217 1257
f 1259 1219 1218 1258
f 1260 1220 1219 1259
f 1261 1221 1220 1260
f 1262 1222 1221 1261
f 1263 1223 1222 1262
f 1264 1224 1223 1263
f 1265 1225 1224 1264
f 1266 1226 1225 1265
f 1267 1227 1226 1266
f 1268 1228 1227 1267
f 1269 1229 1228 1268
f 1270 1230 1229 1269
f 1271 1231 1230 1270
f 1272 1232 1231 1271
f 1273 1233 1232 1272
f 1274 1234 1233 1273
f 1275 1235 1234 1274
f 1276 1236 1235 1275
f 1277 1237 1236 1276
f 1278 1238 1237 1277
f 1279 1239 1238 1278
f 1280 1240 1239 1279
f 1282 1242 1241
f 1283 1243 1242 1282
f 1284 1244 1243 1283
f 1285 1245 1244 1284
f 1286 1246 1245 1285
f 1287 1247 1246 1286
f 1288 1248 1247 1287
f 1289 1249 1248 1288
f 1290 1250 1249 1289
f 1291 1251 1250 1290
f 1292 1252 1251 1291
f 1293 1253 1252 1292
f 1294 1254 1253 1293
f 1295 1255 1254 1294
f 1296 1256 1255 1295
f 1297 1257 1256 1296
f 1298 1258 1257 1297
f 1299 1259 1258 1298
f 1300 1260 1259 1299
f 1301 1261 1260 1300
f 1302 1262 1261 1301
f 1303 1263 1262 1302
f 1304 1264 1263 1303
f 1305 1265 1264 1304
f 1306 1266 1265 1305
f 1307 1267 1266 1306
f 1308 1268 1267 1307
f 1309 1269 1268 1308
f 1310 1270 1269 1309
f 1311 1271 1270 1310
f 1312 1272 1271 1311
f 1313 1273 1272 1312
f 1314 1274 1273 1313
f 1315 1275 1274 1314
f 1316 1276 1275 1315
f 1317 1277 1276 1316
f 1318 1278 1277 1317
f 1319 1279 1278 1318
f 1320 1280 1279 1319
f 1322 1282 1281
f 1323 1283 1282 1322
f 1324 1284 1283 1323
f 1325 1285 1284 1324
f 1326 1286 1285 1325
f 1327 1287 1286 1326
f 1328 1288 1287 1327
f 1329 1289 1288 1328
f 1330 1290 1289 1329
f 1331 1291 1290 1330
f 1332 1292 1291 1331
f 1333 1293 1292 1332
f 1334 1294 1293 1333
f 1335 1295 1294 1334
f 1336 1296 1295 1335
f 1337 1297 1296 1336
f 1338 1298 1297 1337
f 1339 1299 1298 1338
f 1340 1300 1299 1339
f 1341 1301 1300 1340
f 1342 1302 1301 1341
f 1343 1303 1302 1342
f 1344 1304 1303 1343
f 1345 1305 1304 1344
f 1346 1306 1305 1345
f 1347 1307 1306 1346
f 1348 1308 1307 1347
f 1349 1309 1308 1348
f 1350 1310 1309 1349
f 1351 1311 1310 1350
f 1352 1312 1311 1351
f 1353 1313 1312 1352
f 1354 1314 1313 1353
f 1355 1315 1314 1354
f 1356 1316 1315 1355
f 1357 1317 1316 1356
f 1358 1318 1317 1357
f 1359 1319 1318 1358
f 1360 1320 1319 1359
f 1362 1322 1321
f 1363 1323 1322 1362
f 1364 1324 1323 1363
f 1365 1325 1324 1364
f 1366 1326 1325 1365
f 1367 1327 1326 1366
f 1368 1328 1327 1367
f 1369 1329 1328 1368
f 1370 1330 1329 1369
f 1371 1331 1330 1370
f 1372 1332 1331 1371
f 1373 1333 1332 1372
f 1374 1334 1333 1373
f 1375 1335 1334 1374
f 1376 1336 1335 1375
f 1377 1337 1336 1376
f 1378 1338 1337 1377
f 1379 1339 1338 1378
f 1380 1340 1339 1379
f 1381 1341 1340 1380
f 1382 1342 1341 1381
f 1383 1343 1342 1382
f 1384 1344 1343 1383
f 1385 1345 1344 1384
f 1386 1346 1345 1385
f 1387 1347 1346 1386
f 1388 1348 1347 1387
f 1389 1349 1348 1388
f 1390 1350 1349 1389
f 1391 1351 1350 1390
f 1392 1352 1351 1391
f 1393 1353 1352 1392
f 1394 1354 1353 1393
f 1395 1355 1354 1394
f 1396 1356 1355 1395
f 1397 1357 1356 1396
f 1398 1358 1357 1397
f 1399 1359 1358 1398
f 1400 1360 1359 1399
f 1402 1362 1361
f 1403 1363 1362 1402
f 1404 1364 1363 1403
f 1405 1365 1364 1404
f 1406 1366 1365 1405
f 1407 1367 1366 1406
f 1408 1368 1367 1407
f 1409 1369 1368 1408
f 1410 1370 1369 1409
f 1411 1371 1370 1410
f 1412 1372 1371 1411
f 1413 1373 1372 1412
f 1414 1374 1373 1413
f 1415 1375 1374 1414
f 1416 1376 1375 1415
f 1417 1377 1376 1416
f 1418 1378 1377 1417
f 1419 1379 1378 1418
f 1420 1380 1379 1419
f 1421 1381 1380 1420
f 1422 1382 1381 1421
f 1423 1383 1382 1422
f 1424 1384 1383 1423
f 1425 1385 1384 1424
f 1426 1386 1385 1425
f 1427 1387 1386 1426
f 1428 1388 1387 1427
f 1429 1389 1388 1428
f 1430 1390 1389 1429
f 1431 1391 1390 1430
f 1432 1392 1391 1431
f 1433 1393 1392 1432
f 1434 1394 1393 1433
f 1435 1395 1394 1434
f 1436 1396 1395 1435
f 1437 1397 1396 1436
f 1438 1398 1397 1437
f 1439 1399 1398 1438
f 1440 1400 1399 1439
f 1442 1402 1401
f 1443 1403 1402 1442
f 1444 1404 1403 1443
f 1445 1405 1404 1444
f 1446 1406 1405 1445
f 1447 1407 1406 1446
f 1448 1408 1407 1447
f 1449 1409 1408 1448
f 1450 1410 1409 1449
f 1451 1411 1410 1450
f 1452 1412 1411 1451
f 1453 1413 1412 1452
f 1454 1414 1413 1453
f 1455 1415 1414 1454
f 1456 1416 1415 1455
f 1457 1417 1416 1456
f 1458 1418 1417 1457
f 1459 1419 1418 1458
f 1460 1420 1419 1459
f 1461 1421 1420 1460
f 1462 1422 1421 1461
f 1463 1423 1422 1462
f 1464 1424 1423 1463
f 1465 1425 1424 1464
f 1466 1426 1425 1465
f 1467 1427 1426 1466
f 1468 1428 1427 1467
f 1469 1429 1428 1468
f 1470 1430 1429 1469
f 1471 1431 1430 1470
f 1472 1432 1431 1471
f 1473 1433 1432 1472
f 1474 1434 1433 1473
f 1475 1435 1434 1474
f 1476 1436 1435 1475
f 1477 1437 1436 1476
f 1478 1438 1437 1477
f 1479 1439 1438 1478
f 1480 1440 1439 1479
f 1482 1442 1441
f 1483 1443 1442 1482
f 1484 1444 1443 1483
f 1485 1445 1444 1484
f 1486 1446 1445 1485
f 1487 1447 1446 1486
f 1488 1448 1447 1487
f 1489 1449 1448 1488
f 1490 1450 1449 1489
f 1491 1451 1450 1490
f 1492 1452 1451 1491
f 1493 1453 1452 1492
f 1494 1454 1453 1493
f 1495 1455 1454 1494
f 1496 1456 1455 1495
f 1497 1457 1456 1496
f 1498 1458 1457 1497
f 1499 1459 1458 1498
f 1500 1460 1459 1499
f 1501 1461 1460 1500
f 1502 1462 1461 1501
f 1503 1463 1462 1502
f 1504 1464 1463 1503
f 1505 1465 1464 1504
f 1506 1466 1465 1505
f 1507 1467 1466 1506
f 1508 1468 1467 1507
f 1509 1469 1468 1508
f 1510 1470 1469 1509
f 1511 1471 1470 1510
f 1512 1472 1471 1511
f 1513 1473 1472 1512
f 1514 1474 1473 1513
f 1515 1475 1474 1514
f 1516 1476 1475 1515
f 1517 1477 1476 1516
f 1518 1478 1477 1517
f 1519 1479 1478 1518
f 1520 1480 1479 1519
f 1522 1482 1481
f 1523 1483 1482 1522
f 1524 1484 1483 1523
f 1525 1485 1484 1524
f 1526 1486 1485 1525
f 1527 1487 1486 1526
f 1528 1488 1487 1527
f 1529 1489 1488 1528
f 1530 1490 1489 1529
f 1531 1491 1490 1530
f 1532 1492 1491 1531
f 1533 1493 1492 1532
f 1534 1494 1493 1533
f 1535 1495 1494 1534
f 1536 1496 1495 1535
f 1537 1497 1496 1536
f 1538 1498 1497 1537
f 1539 1499 1498 1538
f 1540 1500 1499 1539
f 1541 1501 1500 1540
f 1542 1502 1501 1541
f 1543 1503 1502 1542
f 1544 1504 1503 1543
f 1545 1505 1504 1544
f 1546 1506 1505 1545
f 1547 1507 1506 1546
f 1548 1508 1507 1547
f 1549 1509 1508 1548
f 1550 1510 1509 1549
f 1551 1511 1510 1550
f 1552 1512 1511 1551
f 1553 1513 1512 1552
f 1554 1514 1513 1553
f 1555 1515 1514 1554
f 1556 1516 1515 1555
f 1557 1517 1516 1556
f 1558 1518 1517 1557
f 1559 1519 1518 1558
f 1560 1520 1519 1559
f 1562 1522 1521
f 1563 1523 1522 1562
f 1564 1524 1523 1563
f 1565 1525 1524 1564
f 1566 1526 1525 1565
f 1567 1527 1526 1566
f 1568 1528 1527 1567
f 1569 1529 1528 1568
f 1570 1530 1529 1569
f 1571 1531 1530 1570
f 1572 1532 1531 1571
f 1573 1533 1532 1572
f 1574 1534 1533 1573
f 1575 1535 1534 1574
f 1576 1536 1535 1575
f 1577 1537 1536 1576
f 1578 1538 1537 1577
f 1579 1539 1538 1578
f 1580 1540 1539 1579
f 1581 1541 1540 1580
f 1582 1542 1541 1581
f 1583 1543 1542 1582
f 1584 1544 1543 1583
f 1585 1545 1544 1584
f 1586 1546 1545 1585
f 1587 1547 1546 1586
f 1588 1548 1547 1587
f 1589 1549 1548 1588
f 1590 1550 1549 1589
f 1591 1551 1550 1590
f 1592 1552 1551 1591
f 1593 1553 1552 1592
f 1594 1554 1553 1593
f 1595 1555 1554 1594
f 1596 1556 1555 1595
f 1597 1557 1556 1596
f 1598 1558 1557 1597
f 1599 1559 1558 1598
f 1600 1560 1559 1599
f 1602 1562 1561
f 1603 1563 1562 1602
f 1604 1564 1563 1603
f 1605 1565 1564 1604
f 1606 1566 1565 1605
f 1607 1567 1566 1606
f 1608 1568 1567 1607
f 1609 1569 1568 1608
f 1610 1570 1569 1609
f 1611 1571 1570 1610
f 1612 1572 1571 1611
f 1613 1573 1572 1612
f 1614 1574 1573 1613
f 1615 1575 1574 1614
f 1616 1576 1575 1615
f 1617 1577 1576 1616
f 1618 1578 1577 1617
f 1619 1579 1578 1618
f 1620 1580 1579 1619
f 1621 1581 1580 1620
f 1622 1582 1581 1621
f 1623 1583 1582 1622
f 1624 1584 1583 1623
f 1625 1585 1584 1624
f 1626 1586 1585 1625
f 1627 1587 1586 1626
f 1628 1588 1587 1627
f 1629 1589 1588 1628
f 1630 1590 1589 1629
f 1631 1591 1590 1630
f 1632 1592 1591 1631
f 1633 1593 1592 1632
f 1634 1594 1593 1633
f 1635 1595 1594 1634
f 1636 1596 1595 1635
f 1637 1597 1596 1636
f 1638 1598 1597 1637
f 1639 1599 1598 1638
f 1640 1600 1599 1639
f 1642 1602 1601
f 1643 1603 1602 1642
f 1644 1604 1603 1643
f 1645 1605 1604 1644
f 1646 1606 1605 1645
f 1647 1607 1606 1646
f 1648 1608 1607 1647
f 1649 1609 1608 1648
f 1650 1610 1609 1649
f 1651 1611 1610 1650
f 1652 1612 1611 1651
f 1653 1613 1612 1652
f 1654 1614 1613 1653
f 1655 1615 1614 1654
f 1656 1616 1615 1655
f 1657 1617 1616 1656
f 1658 1618 1617 1657
f 1659 1619 1618 1658
f 1660 1620 1619 1659
f 1661 1621 1620 1660
f 1662 1622 1621 1661
f 1663 1623 1622 1662
f 1664 1624 1623 1663
f 1665 1625 1624 1664
f 1666 1626 1625 1665
f 1667 1627 1626 1666
f 1668 1628 1627 1667
f 1669 1629 1628 1668
f 1670 1630 1629 1669
f 1671 1631 1630 1670
f 1672 1632 1631 1671
f 1673 1633 1632 1672
f 1674 1634 1633 1673
f 1675 1635 1634 1674
f 1676 1636 1635 1675
f 1677 1637 1636 1676
f 1678 1638 1637 1677
f 1679 1639 1638 1678
f 1680 1640 1639 1679
f 1682 1642 1641
f 1683 1643 1642 1682
f 1684 1644 1643 1683
f 1685 1645 1644 1684
f 1686 1646 1645 1685
f 1687 1647 1646 1686
f 1688 1648 1647 1687
f 1689 1649 1648 1688
f 1690 1650 1649 1689
f 1691 1651 1650 1690
f 1692 1652 1651 1691
f 1693 1653 1652 1692
f 1694 1654 1653 1693
f 1695 1655 1654 1694
f 1696 1656 1655 1695
f 1697 1657 1656 1696
f 1698 1658 1657 1697
f 1699 1659 1658 1698
f 1700 1660 1659 1699
f 1701 1661 1660 1700
f 1702 1662 1661 1701
f 1703 1663 1662 1702
f 1704 1664 1663 1703
f 1705 1665 1664 1704
f 1706 1666 1665 1705
f 1707 1667 1666 1706
f 1708 1668 1667 1707
f 1709 1669 1668 1708
f 1710 1670 1669 1709
f 1711 1671 1670 1710
f 1712 1672 1671 1711
f 1713 1673 1672 1712
f 1714 1674 1673 1713
f 1715 1675 1674 1714
f 1716 1676 1675 1715
f 1717 1677 1676 1716
f 1718 1678 1677 1717
f 1719 1679 1678 1718
f 1720 1680 1679 1719
f 1722 1682 1681
f 1723 1683 1682 1722
f 1724 1684 1683 1723
f 1725 1685 1684 1724
f 1726 1686 1685 1725
f 1727 1687 1686 1726
f 1728 1688 1687 1727
f 1729 1689 1688 1728
f 1730 1690 1689 1729
f 1731 1691 1690 1730
f 1732 1692 1691 1731
f 1733 1693 1692 1732
f 1734 1694 1693 1733
f 1735 1695 1694 1734
f 1736 1696 1695 1735
f 1737 1697 1696 1736
f 1738 1698 1697 1737
f 1739 1699 1698 1738
f 1740 1700 1699 1739
f 1741 1701 1700 1740
f 1742 1702 1701 1741
f 1743 1703 1702 1742
f 1744 1704 1703 1743
f 1745 1705 1704 1744
f 1746 1706 1705 1745
f 1747 1707 1706 1746
f 1748 1708 1707 1747
f 1749 1709 1708 1748
f 1750 1710 1709 1749
f 1751 1711 1710 1750
f 1752 1712 1711 1751
f 1753 1713 1712 1752
f 1754 1714 1713 1753
f 1755 1715 1714 1754
f 1756 1716 1715 1755
f 1757 1717 1716 1756
f 1758 1718 1717 1757
f 1759 1719 1718 1758
f 1760 1720 1719 1759
f 1762 1722 1721
f 1763 1723 1722 1762
f 1764 1724 1723 1763
f 1765 1725 1724 1764
f 1766 1726 1725 1765
f 1767 1727 1726 1766
f 1768 1728 1727 1767
f 1769 1729 1728 1768
f 1770 1730 1729 1769
f 1771 1731 1730 1770
f 1772 1732 1731 1771
f 1773 1733 1732 1772
f 1774 1734 1733 1773
f 1775 1735 1734 1774
f 1776 1736 1735 1775
f 1777 1737 1736 1776
f 1778 1738 1737 1777
f 1779 1739 1738 1778
f 1780 1740 1739 1779
f 1781 1741 1740 1780
f 1782 1742 1741 1781
f 1783 1743 1742 1782
f 1784 1744 1743 1783
f 1785 1745 1744 1784
f 1786 1746 1745 1785
f 1787 1747 1746 1786
f 1788 1748 1747 1787
f 1789 1749 1748 1788
f 1790 1750 1749 1789
f 1791 1751 1750 1790
f 1792 1752 1751 1791
f 1793 1753 1752 1792
f 1794 1754 1753 1793
f 1795 1755 1754 1794
f 1796 1756 1755 1795
f 1797 1757 1756 1796
f 1798 1758 1757 1797
f 1799 1759 1758 1798
f 1800 1760 1759 1799
f 1802 1762 1761
f 1803 1763 1762 1802
f 1804 1764 1763 1803
f 1805 1765 1764 1804
f 1806 1766 1765 1805
f 1807 1767 1766 1806
f 1808 1768 1767 1807
f 1809 1769 1768 1808
f 1810 1770 1769 1809
f 1811 1771 1770 1810
f 1812 1772 1771 1811
f 1813 1773 1772 1812
f 1814 1774 1773 1813
f 1815 1775 1774 1814
f 1816 1776 1775 1815
f 1817 1777 1776 1816
f 1818 1778 1777 1817
f 1819 1779 1778 1818
f 1820 1780 1779 1819
f 1821 1781 1780 1820
f 1822 1782 1781 1821
f 1823 1783 1782 1822
f 1824 1784 1783 1823
f 1825 1785 1784 1824
f 1826 1786 1785 1825
f 1827 1787 1786 1826
f 1828 1788 1787 1827
f 1829 1789 1788 1828
f 1830 1790 1789 1829
f 1831 1791 1790 1830
f 1832 1792 1791 1831
f 1833 1793 1792 1832
f 1834 1794 1793 1833
f 1835 1795 1794 1834
f 1836 1796 1795 1835
f 1837 1797 1796 1836
f 1838 1798 1797 1837
f 1839 1799 1798 1838
f 1840 1800 1799 1839
f 1842 1802 1801
f 1843 1803 1802 1842
f 1844 1804 1803 1843
f 1845 1805 1804 1844
f 1846 1806 1805 1845
f 1847 1807 1806 1846
f 1848 1808 1807 1847
f 1849 1809 1808 1848
f 1850 1810 1809 1849
f 1851 1811 1810 1850
f 1852 1812 1811 1851
f 1853 1813 1812 1852
f 1854 1814 1813 1853
f 1855 1815 1814 1854
f 1856 1816 1815 1855
f 1857 1817 1816 1856
f 1858 1818 1817 1857
f 1859 1819 1818 1858
f 1860 1820 1819 1859
f 1861 1821 1820 1860
f 1862 1822 1821 1861
f 1863 1823 1822 1862
f 1864 1824 1823 1863
f 1865 1825 1824 1864
f 1866 1826 1825 1865
f 1867 1827 1826 1866
f 1868 1828 1827 1867
f 1869 1829 1828 1868
f 1870 1830 1829 1869
f 1871 1831 1830 1870
f 1872 1832 1831 1871
f 1873 1833 1832 1872
f 1874 1834 1833 1873
f 1875 1835 1834 1874
f 1876 1836 1835 1875
f 1877 1837 1836 1876
f 1878 1838 1837 1877
f 1879 1839 1838 1878
f 1880 1840 1839 1879
f 1882 1842 1841
f 1883 1843 1842 1882
f 1884 1844 1843 1883
f 1885 1845 1844 1884
f 1886 1846 1845 1885
f 1887 1847 1846 1886
f 1888 1848 1847 1887
f 1889 1849 1848 1888
f 1890 1850 1849 1889
f 1891 1851 1850 1890
f 1892 1852 1851 1891
f 1893 1853 1852 1892
f 1894 1854 1853 1893
f 1895 1855 1854 1894
f 1896 1856 1855 1895
f 1897 1857 1856 1896
f 1898 1858 1857 1897
f 1899 1859 1858 1898
f 1900 1860 1859 1899
f 1901 1861 1860 1900
f 1902 1862 1861 1901
f 1903 1863 1862 1902
f 1904 1864 1863 1903
f 1905 1865 1864 1904
f 1906 1866 1865 1905
f 1907 1867 1866 1906
f 1908 1868 1867 1907
f 1909 1869 1868 1908
f 1910 1870 1869 1909
f 1911 1871 1870 1910
f 1912 1872 1871 1911
f 1913 1873 1872 1912
f 1914 1874 1873 1913
f 1915 1875 1874 1914
f 1916 1876 1875 1915
f 1917 1877 1876 1916
f 1918 1878 1877 1917
f 1919 1879 1878 1918
f 1920 1880 1879 1919
f 1922 1882 1881
f 1923 1883 1882 1922
f 1924 1884 1883 1923
f 1925 1885 1884 1924
f 1926 1886 1885 1925
f 1927 1887 1886 1926
f 1928 1888 1887 1927
f 1929 1889 1888 1928
f 1930 1890 1889 1929
f 1931 1891 1890 1930
f 1932 1892 1891 1931
f 1933 1893 1892 1932
f 1934 1894 1893 1933
f 1935 1895 1894 1934
f 1936 1896 1895 1935
f 1937 1897 1896 1936
f 1938 1898 1897 1937
f 1939 1899 1898 1938
f 1940 1900 1899 1939
f 1941 1901 1900 1940
f 1942 1902 1901 1941
f 1943 1903 1902 1942
f 1944 1904 1903 1943
f 1945 1905 1904 1944
f 1946 1906 1905 1945
f 1947 1907 1906 1946
f 1948 1908 1907 1947
f 1949 1909 1908 1948
f 1950 1910 1909 1949
f 1951 1911 1910 1950
f 1952 1912 1911 1951
f 1953 1913 1912 1952
f 1954 1914 1913 1953
f 1955 1915 1914 1954
f 1956 1916 1915 1955
f 1957 1917 1916 1956
f 1958 1918 1917 1957
f 1959 1919 1918 1958
f 1960 1920 1919 1959
f 1962 1922 1921
f 1963 1923 1922 1962
f 1964 1924 1923 1963
f 1965 1925 1924 1964
f 1966 1926 1925 1965
f 1967 1927 1926 1966
f 1968 1928 1927 1967
f 1969 1929 1928 1968
f 1970 1930 1929 1969
f 1971 1931 1930 1970
f 1972 1932 1931 1971
f 1973 1933 1932 1972
f 1974 1934 1933 1973
f 1975 1935 1934 1974
f 1976 1936 1935 1975
f 1977 1937 1936 1976
f 1978 1938 1937 1977
f 1979 1939 1938 1978
f 1980 1940 1939 1979
f 1981 1941 1940 1980
f 1982 1942 1941 1981
f 1983 1943 1942 1982
f 1984 1944 1943 1983
f 1985 1945 1944 1984
f 1986 1946 1945 1985
f 1987 1947 1946 1986
f 1988 1948 1947 1987
f 1989 1949 1948 1988
f 1990 1950 1949 1989
f 1991 1951 1950 1990
f 1992 1952 1951 1991
f 1993 1953 1952 1992
f 1994 1954 1953 1993
f 1995 1955 1954 1994
f 1996 1956 1955 1995
f 1997 1957 1956 1996
f 1998 1958 1957 1997
f 1999 1959 1958 1998
f 2000 1960 1959 1999
f 2002 1962 1961
f 2003 1963 1962 2002
f 2004 1964 1963 2003
f 2005 1965 1964 2004
f 2006 1966 1965 2005
f 2007 1967 1966 2006
f 2008 1968 1967 2007
f 2009 1969 1968 2008
f 2010 1970 1969 2009
f 2011 1971 1970 2010
f 2012 1972 1971 2011
f 2013 1973 1972 2012
f 2014 1974 1973 2013
f 2015 1975 1974 2014
f 2016 1976 1975 2015
f 2017 1977 1976 2016
f 2018 1978 1977 2017
f 2019 1979 1978 2018
f 2020 1980 1979 2019
f 2021 1981 1980 2020
f 2022 1982 1981 2021
f 2023 1983 1982 2022
f 2024 1984 1983 2023
f 2025 1985 1984 2024
f 2026 1986 1985 2025
f 2027 1987 1986 2026
f 2028 1988 1987 2027
f 2029 1989 1988 2028
f 2030 1990 1989 2029
f 2031 1991 1990 2030
f 2032 1992 1991 2031
f 2033 1993 1992 2032
f 2034 1994 1993 2033
f 2035 1995 1994 2034
f 2036 1996 1995 2035
f 2037 1997 1996 2036
f 2038 1998 1997 2037
f 2039 1999 1998 2038
f 2040 2000 1999 2039
f 2042 2002 2001
f 2043 2003 2002 2042
f 2044 2004 2003 2043
f 2045 2005 2004 2044
f 2046 2006 2005 2045
f 2047 2007 2006 2046
f 2048 2008 2007 2047
f 2049 2009 2008 2048
f 2050 2010 2009 2049
f 2051 2011 2010 2050
f 2052 2012 2011 2051
f 2053 2013 2012 2052
f 2054 2014 2013 2053
f 2055 2015 2014 2054
f 2056 2016 2015 2055
f 2057 2017 2016 2056
f 2058 2018 2017 2057
f 2059 2019 2018 2058
f 2060 2020 2019 2059
f 2061 2021 2020 2060
f 2062 2022 2021 2061
f 2063 2023 2022 2062
f 2064 2024 2023 2063
f 2065 2025 2024 2064
f 2066 2026 2025 2065
f 2067 2027 2026 2066
f 2068 2028 2027 2067
f 2069 2029 2028 2068
f 2070 2030 2029 2069
f 2071 2031 2030 2070
f 2072 2032 2031 2071
f 2073 2033 2032 2072
f 2074 2034 2033 2073
f 2075 2035 2034 2074
f 2076 2036 2035 2075
f 2077 2037 2036 2076
f 2078 2038 2037 2077
f 2079 2039 2038 2078
f 2080 2040 2039 2079
f 2082 2042 2041
f 2083 2043 2042 2082
f 2084 2044 2043 2083
f 2085 2045 2044 2084
f 2086 2046 2045 2085
f 2087 2047 2046 2086
f 2088 2048 2047 2087
f 2089 2049 2048 2088
f 2090 2050 2049 2089
f 2091 2051 2050 2090
f 2092 2052 2051 2091
f 2093 2053 2052 2092
f 2094 2054 2053 2093
f 2095 2055 2054 2094
f 2096 2056 2055 2095
f 2097 2057 2056 2096
f 2098 2058 2057 2097
f 2099 2059 2058 2098
f 2100 2060 2059 2099
f 2101 2061 2060 2100
f 2102 2062 2061 2101
f 2103 2063 2062 2102
f 2104 2064 2063 2103
f 2105 2065 2064 2104
f 2106 2066 2065 2105
f 2107 2067 2066 2106
f 2108 2068 2067 2107
f 2109 2069 2068 2108
f 2110 2070 2069 2109
f 2111 2071 2070 2110
f 2112 2072 2071 2111
f 2113 2073 2072 2112
f 2114 2074 2073 2113
f 2115 2075 2074 2114
f 2116 2076 2075 2115
f 2117 2077 2076 2116
f 2118 2078 2077 2117
f 2119 2079 2078 2118
f 2120 2080 2079 2119
f 2122 2082 2081
f 2123 2083 2082 2122
f 2124 2084 2083 2123
f 2125 2085 2084 2124
f 2126 2086 2085 2125
f 2127 2087 2086 2126
f 2128 2088 2087 2127
f 2129 2089 2088 2128
f 2130 2090 2089 2129
f 2131 2091 2090 2130
f 2132 2092 2091 2131
f 2133 2093 2092 2132
f 2134 2094 2093 2133
f 2135 2095 2094 2134
f 2136 2096 2095 2135
f 2137 2097 2096 2136
f 2138 2098 2097 2137
f 2139 2099 2098 2138
f 2140 2100 2099 2139
f 2141 2101 2100 2140
f 2142 2102 2101 2141
f 2143 2103 2102 2142
f 2144 2104 2103 2143
f 2145 2105 2104 2144
f 2146 2106 2105 2145
f 2147 2107 2106 2146
f 2148 2108 2107 2147
f 2149 2109 2108 2148
f 2150 2110 2109 2149
f 2151 2111 2110 2150
f 2152 2112 2111 2151
f 2153 2113 2112 2152
f 2154 2114 2113 2153
f 2155 2115 2114 2154
f 2156 2116 2115 2155
f 2157 2117 2116 2156
f 2158 2118 2117 2157
f 2159 2119 2118 2158
f 2160 2120 2119 2159
f 2162 2122 2121
f 2163 2123 2122 2162
f 2164 2124 2123 2163
f 2165 2125 2124 2164
f 2166 2126 2125 2165
f 2167 2127 2126 2166
f 2168 2128 2127 2167
f 2169 2129 2128 2168
f 2170 2130 2129 2169
f 2171 2131 2130 2170
f 2172 2132 2131 2171
f 2173 2133 2132 2172
f 2174 2134 2133 2173
f 2175 2135 2134 2174
f 2176 2136 2135 2175
f 2177 2137 2136 2176
f 2178 2138 2137 2177
f 2179 2139 2138 2178
f 2180 2140 2139 2179
f 2181 2141 2140 2180
f 2182 2142 2141 2181
f 2183 2143 2142 2182
f 2184 2144 2143 2183
f 2185 2145 2144 2184
f 2186 2146 2145 2185
f 2187 2147 2146 2186
f 2188 2148 2147 2187
f 2189 2149 2148 2188
f 2190 2150 2149 2189
f 2191 2151 2150 2190
f 2192 2152 2151 2191
f 2193 2153 2152 2192
f 2194 2154 2153 2193
f 2195 2155 2154 2194
f 2196 2156 2155 2195
f 2197 2157 2156 2196
f 2198 2158 2157 2197
f 2199 2159 2158 2198
f 2200 2160 2159 2199
f 2202 2162 2161
f 2203 2163 2162 2202
f 2204 2164 2163 2203
f 2205 2165 2164 2204
f 2206 2166 2165 2205
f 2207 2167 2166 2206
f 2208 2168 2167 2207
f 2209 2169 2168 2208
f 2210 2170 2169 2209
f 2211 2171 2170 2210
f 2212 2172 2171 2211
f 2213 2173 2172 2212
f 2214 2174 2173 2213
f 2215 2175 2174 2214
f 2216 2176 2175 2215
f 2217 2177 2176 2216
f 2218 2178 2177 2217
f 2219 2179 2178 2218
f 2220 2180 2179 2219
f 2221 2181 2180 2220
f 2222 2182 2181 2221
f 2223 2183 2182 2222
f 2224 2184 2183 2223
f 2225 2185 2184 2224
f 2226 2186 2185 2225
f 2227 2187 2186 2226
f 2228 2188 2187 2227
f 2229 2189 2188 2228
f 2230 2190 2189 2229
f 2231 2191 2190 2230
f 2232 2192 2191 2231
f 2233 2193 2192 2232
f 2234 2194 2193 2233
f 2235 2195 2194 2234
f 2236 2196 2195 2235
f 2237 2197 2196 2236
f 2238 2198 2197 2237
f 2239 2199 2198 2238
f 2240 2200 2199 2239
f 2242 2202 2201
f 2243 2203 2202 2242
f 2244 2204 2203 2243
f 2245 2205 2204 2244
f 2246 2206 2205 2245
f 2247 2207 2206 2246
f 2248 2208 2207 2247
f 2249 2209 2208 2248
f 2250 2210 2209 2249
f 2251 2211 2210 2250
f 2252 2212 2211 2251
f 2253 2213 2212 2252
f 2254 2214 2213 2253
f 2255 2215 2214 2254
f 2256 2216 2215 2255
f 2257 2217 2216 2256
f 2258 2218 2217 2257
f 2259 2219 2218 2258
f 2260 2220 2219 2259
f 2261 2221 2220 2260
f 2262 2222 2221 2261
f 2263 2223 2222 2262
f 2264 2224 2223 2263
f 2265 2225 2224 2264
f 2266 2226 2225 2265
f 2267 2227 2226 2266
f 2268 2228 2227 2267
f 2269 2229 2228 2268
f 2270 2230 2229 2269
f 2271 2231 2230 2270
f 2272 2232 2231 2271
f 2273 2233 2232 2272
f 2274 2234 2233 2273
f 2275 2235 2234 2274
f 2276 2236 2235 2275
f 2277 2237 2236 2276
f 2278 2238 2237 2277
f 2279 2239 2238 2278
f 2280 2240 2239 2279
f 2282 2242 2241
f 2283 2243 2242 2282
f 2284 2244 2243 2283
f 2285 2245 2244 2284
f 2286 2246 2245 2285
f 2287 2247 2246 2286
f 2288 2248 2247 2287
f 2289 2249 2248 2288
f 2290 2250 2249 2289
f 2291 2251 2250 2290
f 2292 2252 2251 2291
f 2293 2253 2252 2292
f 2294 2254 2253 2293
f 2295 2255 2254 2294
f 2296 2256 2255 2295
f 2297 2257 2256 2296
f 2298 2258 2257 2297
f 2299 2259 2258 2298
f 2300 2260 2259 2299
f 2301 2261 2260 2300
f 2302 2262 2261 2301
f 2303 2263 2262 2302
f 2304 2264 2263 2303
f 2305 2265 2264 2304
f 2306 2266 2265 2305
f 2307 2267 2266 2306
f 2308 2268 2267 2307
f 2309 2269 2268 2308
f 2310 2270 2269 2309
f 2311 2271 2270 2310
f 2312 2272 2271 2311
f 2313 2273 2272 2312
f 2314 2274 2273 2313
f 2315 2275 2274 2314
f 2316 2276 2275 2315
f 2317 2277 2276 2316
f 2318 2278 2277 2317
f 2319 2279 2278 2318
f 2320 2280 2279 2319
f 2322 2282 2281
f 2323 2283 2282 2322
f 2324 2284 2283 2323
f 2325 2285 2284 2324
f 2326 2286 2285 2325
f 2327 2287 2286 2326
f 2328 2288 2287 2327
f 2329 2289 2288 2328
f 2330 2290 2289 2329
f 2331 2291 2290 2330
f 2332 2292 2291 2331
f 2333 2293 2292 2332
f 2334 2294 2293 2333
f 2335 2295 2294 2334
f 2336 2296 2295 2335
f 2337 2297 2296 2336
f 2338 2298 2297 2337
f 2339 2299 2298 2338
f 2340 2300 2299 2339
f 2341 2301 2300 2340
f 2342 2302 2301 2341
f 2343 2303 2302 2342
f 2344 2304 2303 2343
f 2345 2305 2304 2344
f 2346 2306 2305 2345
f 2347 2307 2306 2346
f 2348 2308 2307 2347
f 2349 2309 2308 2348
f 2350 2310 2309 2349
f 2351 2311 2310 2350
f 2352 2312 2311 2351
f 2353 2313 2312 2352
f 2354 2314 2313 2353
f 2355 2315 2314 2354
f 2356 2316 2315 2355
f 2357 2317 2316 2356
f 2358 2318 2317 2357
f 2359 2319 2318 2358
f 2360 2320 2319 2359
f 2362 2322 2321
f 2363 2323 2322 2362
f 2364 2324 2323 2363
f 2365 2325 2324 2364
f 2366 2326 2325 2365
f 2367 2327 2326 2366
f 2368 2328 2327 2367
f 2369 2329 2328 2368
f 2370 2330 2329 2369
f 2371 2331 2330 2370
f 2372 2332 2331 2371
f 2373 2333 2332 2372
f 2374 2334 2333 2373
f 2375 2335 2334 2374
f 2376 2336 2335 2375
f 2377 2337 2336 2376
f 2378 2338 2337 2377
f 2379 2339 2338 2378
f 2380 2340 2339 2379
f 2381 2341 2340 2380
f 2382 2342 2341 2381
f 2383 2343 2342 2382
f 2384 2344 2343 2383
f 2385 2345 2344 2384
f 2386 2346 2345 2385
f 2387 2347 2346 2386
f 2388 2348 2347 2387
f 2389 2349 2348 2388
f 2390 2350 2349 2389
f 2391 2351 2350 2390
f 2392 2352 2351 2391
f 2393 2353 2352 2392
f 2394 2354 2353 2393
f 2395 2355 2354 2394
f 2396 2356 2355 2395
f 2397 2357 2356 2396
f 2398 2358 2357 2397
f 2399 2359 2358 2398
f 2400 2360 2359 2399
f 2402 2362 2361
f 2403 2363 2362 2402
f 2404 2364 2363 2403
f 2405 2365 2364 2404
f 2406 2366 2365 2405
f 2407 2367 2366 2406
f 2408 2368 2367 2407
f 2409 2369 2368 2408
f 2410 2370 2369 2409
f 2411 2371 2370 2410
f 2412 2372 2371 2411
f 2413 2373 2372 2412
f 2414 2374 2373 2413
f 2415 2375 2374 2414
f 2416 2376 2375 2415
f 2417 2377 2376 2416
f 2418 2378 2377 2417
f 2419 2379 2378 2418
f 2420 2380 2379 2419
f 2421 2381 2380 2420
f 2422 2382 2381 2421
f 2423 2383 2382 2422
f 2424 2384 2383 2423
f 2425 2385 2384 2424
f 2426 2386 2385 2425
f 2427 2387 2386 2426
f 2428 2388 2387 2427
f 2429 2389 2388 2428
f 2430 2390 2389 2429
f 2431 2391 2390 2430
f 2432 2392 2391 2431
f 2433 2393 2392 2432
f 2434 2394 2393 2433
f 2435 2395 2394 2434
f 2436 2396 2395 2435
f 2437 2397 2396 2436
f 2438 2398 2397 2437
f 2439 2399 2398 2438
f 2440 2400 2399 2439
f 2442 2402 2401
f 2443 2403 2402 2442
f 2444 2404 2403 2443
f 2445 2405 2404 2444
f 2446 2406 2405 2445
f 2447 2407 2406 2446
f 2448 2408 2407 2447
f 2449 2409 2408 2448
f 2450 2410 2409 2449
f 2451 2411 2410 2450
f 2452 2412 2411 2451
f 2453 2413 2412 2452
f 2454 2414 2413 2453
f 2455 2415 2414 2454
f 2456 2416 2415 2455
f 2457 2417 2416 2456
f 2458 2418 2417 2457
f 2459 2419 2418 2458
f 2460 2420 2419 2459
f 2461 2421 2420 2460
f 2462 2422 2421 2461
f 2463 2423 2422 2462
f 2464 2424 2423 2463
f 2465 2425 2424 2464
f 2466 2426 2425 2465
f 2467 2427 2426 2466
f 2468 2428 2427 2467
f 2469 2429 2428 2468
f 2470 2430 2429 2469
f 2471 2431 2430 2470
f 2472 2432 2431 2471
f 2473 2433 2432 2472
f 2474 2434 2433 2473
f 2475 2435 2434 2474
f 2476 2436 2435 2475
f 2477 2437 2436 2476
f 2478 2438 2437 2477
f 2479 2439 2438 2478
f 2480 2440 2439 2479
f 2482 2442 2441
f 2483 2443 2442 2482
f 2484 2444 2443 2483
f 2485 2445 2444 2484
f 2486 2446 2445 2485
f 2487 2447 2446 2486
f 2488 2448 2447 2487
f 2489 2449 2448 2488
f 2490 2450 2449 2489
f 2491 2451 2450 2490
f 2492 2452 2451 2491
f 2493 2453 2452 2492
f 2494 2454 2453 2493
f 2495 2455 2454 2494
f 2496 2456 2455 2495
f 2497 2457 2456 2496
f 2498 2458 2457 2497
f 2499 2459 2458 2498
f 2500 2460 2459 2499
f 2501 2461 2460 2500
f 2502 2462 2461 2501
f 2503 2463 2462 2502
f 2504 2464 2463 2503
f 2505 2465 2464 2504
f 2506 2466 2465 2505
f 2507 2467 2466 2506
f 2508 2468 2467 2507
f 2509 2469 2468 2508
f 2510 2470 2469 2509
f 2511 2471 2470 2510
f 2512 2472 2471 2511
f 2513 2473 2472 2512
f 2514 2474 2473 2513
f 2515 2475 2474 2514
f 2516 2476 2475 2515
f 2517 2477 2476 2516
f 2518 2478 2477 2517
f 2519 2479 2478 2518
f 2520 2480 2479 2519
f 2522 2482 2481
f 2523 2483 2482 2522
f 2524 2484 2483 2523
f 2525 2485 2484 2524
f 2526 2486 2485 2525
f 2527 2487 2486 2526
f 2528 2488 2487 2527
f 2529 2489 2488 2528
f 2530 2490 2489 2529
f 2531 2491 2490 2530
f 2532 2492 2491 2531
f 2533 2493 2492 2532
f 2534 2494 2493 2533
f 2535 2495 2494 2534
f 2536 2496 2495 2535
f 2537 2497 2496 2536
f 2538 2498 2497 2537
f 2539 2499 2498 2538
f 2540 2500 2499 2539
f 2541 2501 2500 2540
f 2542 2502 2501 2541
f 2543 2503 2502 2542
f 2544 2504 2503 2543
f 2545 2505 2504 2544
f 2546 2506 2505 2545
f 2547 2507 2506 2546
f 2548 2508 2507 2547
f 2549 2509 2508 2548
f 2550 2510 2509 2549
f 2551 2511 2510 2550
f 2552 2512 2511 2551
f 2553 2513 2512 2552
f 2554 2514 2513 2553
f 2555 2515 2514 2554
f 2556 2516 2515 2555
f 2557 2517 2516 2556
f 2558 2518 2517 2557
f 2559 2519 2518 2558
f 2560 2520 2519 2559
f 2562 2522 2521
f 2563 2523 2522 2562
f 2564 2524 2523 2563
f 2565 2525 2524 2564
f 2566 2526 2525 2565
f 2567 2527 2526 2566
f 2568 2528 2527 2567
f 2569 2529 2528 2568
f 2570 2530 2529 2569
f 2571 2531 2530 2570
f 2572 2532 2531 2571
f 2573 2533 2532 2572
f 2574 2534 2533 2573
f 2575 2535 2534 2574
f 2576 2536 2535 2575
f 2577 2537 2536 2576
f 2578 2538 2537 2577
f 2579 2539 2538 2578
f 2580 2540 2539 2579
f 2581 2541 2540 2580
f 2582 2542 2541 2581
f 2583 2543 2542 2582
f 2584 2544 2543 2583
f 2585 2545 2544 2584
f 2586 2546 2545 2585
f 2587 2547 2546 2586
f 2588 2548 2547 2587
f 2589 2549 2548 2588
f 2590 2550 2549 2589
f 2591 2551 2550 2590
f 2592 2552 2551 2591
f 2593 2553 2552 2592
f 2594 2554 2553 2593
f 2595 2555 2554 2594
f 2596 2556 2555 2595
f 2597 2557 2556 2596
f 2598 2558 2557 2597
f 2599 2559 2558 2598
f 2600 2560 2559 2599
f 2602 2562 2561
f 2603 2563 2562 2602
f 2604 2564 2563 2603
f 2605 2565 2564 2604
f 2606 2566 2565 2605
f 2607 2567 2566 2606
f 2608 2568 2567 2607
f 2609 2569 2568 2608
f 2610 2570 2569 2609
f 2611 2571 2570 2610
f 2612 2572 2571 2611
f 2613 2573 2572 2612
f 2614 2574 2573 2613
f 2615 2575 2574 2614
f 2616 2576 2575 2615
f 2617 2577 2576 2616
f 2618 2578 2577 2617
f 2619 2579 2578 2618
f 2620 2580 2579 2619
f 2621 2581 2580 2620
f 2622 2582 2581 2621
f 2623 2583 2582 2622
f 2624 2584 2583 2623
f 2625 2585 2584 2624
f 2626 2586 2585 2625
f 2627 2587 2586 2626
f 2628 2588 2587 2627
f 2629 2589 2588 2628
f 2630 2590 2589 2629
f 2631 2591 2590 2630
f 2632 2592 2591 2631
f 2633 2593 2592 2632
f 2634 2594 2593 2633
f 2635 2595 2594 2634
f 2636 2596 2595 2635
f 2637 2597 2596 2636
f 2638 2598 2597 2637
f 2639 2599 2598 2638
f 2640 2600 2599 2639
f 2642 2602 2601
f 2643 2603 2602 2642
f 2644 2604 2603 2643
f 2645 2605 2604 2644
f 2646 2606 2605 2645
f 2647 2607 2606 2646
f 2648 2608 2607 2647
f 2649 2609 2608 2648
f 2650 2610 2609 2649
f 2651 2611 2610 2650
f 2652 2612 2611 2651
f 2653 2613 2612 2652
f 2654 2614 2613 2653
f 2655 2615 2614 2654
f 2656 2616 2615 2655
f 2657 2617 2616 2656
f 2658 2618 2617 2657
f 2659 2619 2618 2658
f 2660 2620 2619 2659
f 2661 2621 2620 2660
f 2662 2622 2621 2661
f 2663 2623 2622 2662
f 2664 2624 2623 2663
f 2665 2625 2624 2664
f 2666 2626 2625 2665
f 2667 2627 2626 2666
f 2668 2628 2627 2667
f 2669 2629 2628 2668
f 2670 2630 2629 2669
f 2671 2631 2630 2670
f 2672 2632 2631 2671
f 2673 2633 2632 2672
f 2674 2634 2633 2673
f 2675 2635 2634 2674
f 2676 2636 2635 2675
f 2677 2637 2636 2676
f 2678 2638 2637 2677
f 2679 2639 2638 2678
f 2680 2640 2639 2679
f 2682 2642 2641
f 2683 2643 2642 2682
f 2684 2644 2643 2683
f 2685 2645 2644 2684
f 2686 2646 2645 2685
f 2687 2647 2646 2686
f 2688 2648 2647 2687
f 2689 2649 2648 2688
f 2690 2650 2649 2689
f 2691 2651 2650 2690
f 2692 2652 2651 2691
f 2693 2653 2652 2692
f 2694 2654 2653 2693
f 2695 2655 2654 2694
f 2696 2656 2655 2695
f 2697 2657 2656 2696
f 2698 2658 2657 2697
f 2699 2659 2658 2698
f 2700 2660 2659 2699
f 2701 2661 2660 2700
f 2702 2662 2661 2701
f 2703 2663 2662 2702
f 2704 2664 2663 2703
f 2705 2665 2664 2704
f 2706 2666 2665 2705
f 2707 2667 2666 2706
f 2708 2668 2667 2707
f 2709 2669 2668 2708
f 2710 2670 2669 2709
f 2711 2671 2670 2710
f 2712 2672 2671 2711
f 2713 2673 2672 2712
f 2714 2674 2673 2713
f 2715 2675 2674 2714
f 2716 2676 2675 2715
f 2717 2677 2676 2716
f 2718 2678 2677 2717
f 2719 2679 2678 2718
f 2720 2680 2679 2719
f 2722 2682 2681
f 2723 2683 2682 2722
f 2724 2684 2683 2723
f 2725 2685 2684 2724
f 2726 2686 2685 2725
f 2727 2687 2686 2726
f 2728 2688 2687 2727
f 2729 2689 2688 2728
f 2730 2690 2689 2729
f 2731 2691 2690 2730
f 2732 2692 2691 2731
f 2733 2693 2692 2732
f 2734 2694 2693 2733
f 2735 2695 2694 2734
f 2736 2696 2695 2735
f 2737 2697 2696 2736
f 2738 2698 2697 2737
f 2739 2699 2698 2738
f 2740 2700 2699 2739
f 2741 2701 2700 2740
f 2742 2702 2701 2741
f 2743 2703 2702 2742
f 2744 2704 2703 2743
f 2745 2705 2704 2744
f 2746 2706 2705 2745
f 2747 2707 2706 2746
f 2748 2708 2707 2747
f 2749 2709 2708 2748
f 2750 2710 2709 2749
f 2751 2711 2710 2750
f 2752 2712 2711 2751
f 2753 2713 2712 2752
f 2754 2714 2713 2753
f 2755 2715 2714 2754
f 2756 2716 2715 2755
f 2757 2717 2716 2756
f 2758 2718 2717 2757
f 2759 2719 2718 2758
f 2760 2720 2719 2759
f 2762 2722 2721
f 2763 2723 2722 2762
f 2764 2724 2723 2763
f 2765 2725 2724 2764
f 2766 2726 2725 2765
f 2767 2727 2726 2766
f 2768 2728 2727 2767
f 2769 2729 2728 2768
f 2770 2730 2729 2769
f 2771 2731 2730 2770
f 2772 2732 2731 2771
f 2773 2733 2732 2772
f 2774 2734 2733 2773
f 2775 2735 2734 2774
f 2776 2736 2735 2775
f 2777 2737 2736 2776
f 2778 2738 2737 2777
f 2779 2739 2738 2778
f 2780 2740 2739 2779
f 2781 2741 2740 2780
f 2782 2742 2741 2781
f 2783 2743 2742 2782
f 2784 2744 2743 2783
f 2785 2745 2744 2784
f 2786 2746 2745 2785
f 2787 2747 2746 2786
f 2788 2748 2747 2787
f 2789 2749 2748 2788
f 2790 2750 2749 2789
f 2791 2751 2750 2790
f 2792 2752 2751 2791
f 2793 2753 2752 2792
f 2794 2754 2753 2793
f 2795 2755 2754 2794
f 2796 2756 2755 2795
f 2797 2757 2756 2796
f 2798 2758 2757 2797
f 2799 2759 2758 2798
f 2800 2760 2759 2799
f 2802 2762 2761
f 2803 2763 2762 2802
f 2804 2764 2763 2803
f 2805 2765 2764 2804
f 2806 2766 2765 2805
f 2807 2767 2766 2806
f 2808 2768 2767 2807
f 2809 2769 2768 2808
f 2810 2770 2769 2809
f 2811 2771 2770 2810
f 2812 2772 2771 2811
f 2813 2773 2772 2812
f 2814 2774 2773 2813
f 2815 2775 2774 2814
f 2816 2776 2775 2815
f 2817 2777 2776 2816
f 2818 2778 2777 2817
f 2819 2779 2778 2818
f 2820 2780 2779 2819
f 2821 2781 2780 2820
f 2822 2782 2781 2821
f 2823 2783 2782 2822
f 2824 2784 2783 2823
f 2825 2785 2784 2824
f 2826 2786 2785 2825
f 2827 2787 2786 2826
f 2828 2788 2787 2827
f 2829 2789 2788 2828
f 2830 2790 2789 2829
f 2831 2791 2790 2830
f 2832 2792 2791 2831
f 2833 2793 2792 2832
f 2834 2794 2793 2833
f 2835 2795 2794 2834
f 2836 2796 2795 2835
f 2837 2797 2796 2836
f 2838 2798 2797 2837
f 2839 2799 2798 2838
f 2840 2800 2799 2839
f 2842 2802 2801
f 2843 2803 2802 2842
f 2844 2804 2803 2843
f 2845 2805 2804 2844
f 2846 2806 2805 2845
f 2847 2807 2806 2846
f 2848 2808 2807 2847
f 2849 2809 2808 2848
f 2850 2810 2809 2849
f 2851 2811 2810 2850
f 2852 2812 2811 2851
f 2853 2813 2812 2852
f 2854 2814 2813 2853
f 2855 2815 2814 2854
f 2856 2816 2815 2855
f 2857 2817 2816 2856
f 2858 2818 2817 2857
f 2859 2819 2818 2858
f 2860 2820 2819 2859
f 2861 2821 2820 2860
f 2862 2822 2821 2861
f 2863 2823 2822 2862
f 2864 2824 2823 2863
f 2865 2825 2824 2864
f 2866 2826 2825 2865
f 2867 2827 2826 2866
f 2868 2828 2827 2867
f 2869 2829 2828 2868
f 2870 2830 2829 2869
f 2871 2831 2830 2870
f 2872 2832 2831 2871
f 2873 2833 2832 2872
f 2874 2834 2833 2873
f 2875 2835 2834 2874
f 2876 2836 2835 2875
f 2877 2837 2836 2876
f 2878 2838 2837 2877
f 2879 2839 2838 2878
f 2880 2840 2839 2879
f 2882 2842 2841
f 2883 2843 2842 2882
f 2884 2844 2843 2883
f 2885 2845 2844 2884
f 2886 2846 2845 2885
f 2887 2847 2846 2886
f 2888 2848 2847 2887
f 2889 2849 2848 2888
f 2890 2850 2849 2889
f 2891 2851 2850 2890
f 2892 2852 2851 2891
f 2893 2853 2852 2892
f 2894 2854 2853 2893
f 2895 2855 2854 2894
f 2896 2856 2855 2895
f 2897 2857 2856 2896
f 2898 2858 2857 2897
f 2899 2859 2858 2898
f 2900 2860 2859 2899
f 2901 2861 2860 2900
f 2902 2862 2861 2901
f 2903 2863 2862 2902
f 2904 2864 2863 2903
f 2905 2865 2864 2904
f 2906 2866 2865 2905
f 2907 2867 2866 2906
f 2908 2868 2867 2907
f 2909 2869 2868 2908
f 2910 2870 2869 2909
f 2911 2871 2870 2910
f 2912 2872 2871 2911
f 2913 2873 2872 2912
f 2914 2874 2873 2913
f 2915 2875 2874 2914
f 2916 2876 2875 2915
f 2917 2877 2876 2916
f 2918 2878 2877 2917
f 2919 2879 2878 2918
f 2920 2880 2879 2919
f 2922 2882 2881
f 2923 2883 2882 2922
f 2924 2884 2883 2923
f 2925 2885 2884 2924
f 2926 2886 2885 2925
f 2927 2887 2886 2926
f 2928 2888 2887 2927
f 2929 2889 2888 2928
f 2930 2890 2889 2929
f 2931 2891 2890 2930
f 2932 2892 2891 2931
f 2933 2893 2892 2932
f 2934 2894 2893 2933
f 2935 2895 2894 2934
f 2936 2896 2895 2935
f 2937 2897 2896 2936
f 2938 2898 2897 2937
f 2939 2899 2898 2938
f 2940 2900 2899 2939
f 2941 2901 2900 2940
f 2942 2902 2901 2941
f 2943 2903 2902 2942
f 2944 2904 2903 2943
f 2945 2905 2904 2944
f 2946 2906 2905 2945
f 2947 2907 2906 2946
f 2948 2908 2907 2947
f 2949 2909 2908 2948
f 2950 2910 2909 2949
f 2951 2911 2910 2950
f 2952 2912 2911 2951
f 2953 2913 2912 2952
f 2954 2914 2913 2953
f 2955 2915 2914 2954
f 2956 2916 2915 2955
f 2957 2917 2916 2956
f 2958 2918 2917 2957
f 2959 2919 2918 2958
f 2960 2920 2919 2959
f 2962 2922 2921
f 2963 2923 2922 2962
f 2964 2924 2923 2963
f 2965 2925 2924 2964
f 2966 2926 2925 2965
f 2967 2927 2926 2966
f 2968 2928 2927 2967
f 2969 2929 2928 2968
f 2970 2930 2929 2969
f 2971 2931 2930 2970
f 2972 2932 2931 2971
f 2973 2933 2932 2972
f 2974 2934 2933 2973
f 2975 2935 2934 2974
f 2976 2936 2935 2975
f 2977 2937 2936 2976
f 2978 2938 2937 2977
f 2979 2939 2938 2978
f 2980 2940 2939 2979
f 2981 2941 2940 2980
f 2982 2942 2941 2981
f 2983 2943 2942 2982
f 2984 2944 2943 2983
f 2985 2945 2944 2984
f 2986 2946 2945 2985
f 2987 2947 2946 2986
f 2988 2948 2947 2987
f 2989 2949 2948 2988
f 2990 2950 2949 2989
f 2991 2951 2950 2990
f 2992 2952 2951 2991
f 2993 2953 2952 2992
f 2994 2954 2953 2993
f 2995 2955 2954 2994
f 2996 2956 2955 2995
f 2997 2957 2956 2996
f 2998 2958 2957 2997
f 2999 2959 2958 2998
f 3000 2960 2959 2999
f 3002 2962 2961
f 3003 2963 2962 3002
f 3004 2964 2963 3003
f 3005 2965 2964 3004
f 3006 2966 2965 3005
f 3007 2967 2966 3006
f 3008 2968 2967 3007
f 3009 2969 2968 3008
f 3010 2970 2969 3009
f 3011 2971 2970 3010
f 3012 2972 2971 3011
f 3013 2973 2972 3012
f 3014 2974 2973 3013
f 3015 2975 2974 3014
f 3016 2976 2975 3015
f 3017 2977 2976 3016
f 3018 2978 2977 3017
f 3019 2979 2978 3018
f 3020 2980 2979 3019
f 3021 2981 2980 3020
f 3022 2982 2981 3021
f 3023 2983 2982 3022
f 3024 2984 2983 3023
f 3025 2985 2984 3024
f 3026 2986 2985 3025
f 3027 2987 2986 3026
f 3028 2988 2987 3027
f 3029 2989 2988 3028
f 3030 2990 2989 3029
f 3031 2991 2990 3030
f 3032 2992 2991 3031
f 3033 2993 2992 3032
f 3034 2994 2993 3033
f 3035 2995 2994 3034
f 3036 2996 2995 3035
f 3037 2997 2996 3036
f 3038 2998 2997 3037
f 3039 2999 2998 3038
f 3040 3000 2999 3039
f 3042 3002 3001
f 3043 3003 3002 3042
f 3044 3004 3003 3043
f 3045 3005 3004 3044
f 3046 3006 3005 3045
f 3047 3007 3006 3046
f 3048 3008 3007 3047
f 3049 3009 3008 3048
f 3050 3010 3009 3049
f 3051 3011 3010 3050
f 3052 3012 3011 3051
f 3053 3013 3012 3052
f 3054 3014 3013 3053
f 3055 3015 3014 3054
f 3056 3016 3015 3055
f 3057 3017 3016 3056
f 3058 3018 3017 3057
f 3059 3019 3018 3058
f 3060 3020 3019 3059
f 3061 3021 3020 3060
f 3062 3022 3021 3061
f 3063 3023 3022 3062
f 3064 3024 3023 3063
f 3065 3025 3024 3064
f 3066 3026 3025 3065
f 3067 3027 3026 3066
f 3068 3028 3027 3067
f 3069 3029 3028 3068
f 3070 3030 3029 3069
f 3071 3031 3030 3070
f 3072 3032 3031 3071
f 3073 3033 3032 3072
f 3074 3034 3033 3073
f 3075 3035 3034 3074
f 3076 3036 3035 3075
f 3077 3037 3036 3076
f 3078 3038 3037 3077
f 3079 3039 3038 3078
f 3080 3040 3039 3079
f 3082 3042 3041
f 3083 3043 3042 3082
f 3084 3044 3043 3083
f 3085 3045 3044 3084
f 3086 3046 3045 3085
f 3087 3047 3046 3086
f 3088 3048 3047 3087
f 3089 3049 3048 3088
f 3090 3050 3049 3089
f 3091 3051 3050 3090
f 3092 3052 3051 3091
f 3093 3053 3052 3092
f 3094 3054 3053 3093
f 3095 3055 3054 3094
f 3096 3056 3055 3095
f 3097 3057 3056 3096
f 3098 3058 3057 3097
f 3099 3059 3058 3098
f 3100 3060 3059 3099
f 3101 3061 3060 3100
f 3102 3062 3061 3101
f 3103 3063 3062 3102
f 3104 3064 3063 3103
f 3105 3065 3064 3104
f 3106 3066 3065 3105
f 3107 3067 3066 3106
f 3108 3068 3067 3107
f 3109 3069 3068 3108
f 3110 3070 3069 3109
f 3111 3071 3070 3110
f 3112 3072 3071 3111
f 3113 3073 3072 3112
f 3114 3074 3073 3113
f 3115 3075 3074 3114
f 3116 3076 3075 3115
f 3117 3077 3076 3116
f 3118 3078 3077 3117
f 3119 3079 3078 3118
f 3120 3080 3079 3119
f 3122 3082 3081
f 3123 3083 3082 3122
f 3124 3084 3083 3123
f 3125 3085 3084 3124
f 3126 3086 3085 3125
f 3127 3087 3086 3126
f 3128 3088 3087 3127
f 3129 3089 3088 3128
f 3130 3090 3089 3129
f 3131 3091 3090 3130
f 3132 3092 3091 3131
f 3133 3093 3092 3132
f 3134 3094 3093 3133
f 3135 3095 3094 3134
f 3136 3096 3095 3135
f 3137 3097 3096 3136
f 3138 3098 3097 3137
f 3139 3099 3098 3138
f 3140 3100 3099 3139
f 3141 3101 3100 3140
f 3142 3102 3101 3141
f 3143 3103 3102 3142
f 3144 3104 3103 3143
f 3145 3105 3104 3144
f 3146 3106 3105 3145
f 3147 3107 3106 3146
f 3148 3108 3107 3147
f 3149 3109 3108 3148
f 3150 3110 3109 3149
f 3151 3111 3110 3150
f 3152 3112 3111 3151
f 3153 3113 3112 3152
f 3154 3114 3113 3153
f 3155 3115 3114 3154
f 3156 3116 3115 3155
f 3157 3117 3116 3156
f 3158 3118 3117 3157
f 3159 3119 3118 3158
f 3160 3120 3119 3159
f 3162 3122 3121
f 3163 3123 3122 3162
f 3164 3124 3123 3163
f 3165 3125 3124 3164
f 3166 3126 3125 3165
f 3167 3127 3126 3166
f 3168 3128 3127 3167
f 3169 3129 3128 3168
f 3170 3130 3129 3169
f 3171 3131 3130 3170
f 3172 3132 3131 3171
f 3173 3133 3132 3172
f 3174 3134 3133 3173
f 3175 3135 3134 3174
f 3176 3136 3135 3175
f 3177 3137 3136 3176
f 3178 3138 3137 3177
f 3179 3139 3138 3178
f 3180 3140 3139 3179
f 3181 3141 3140 3180
f 3182 3142 3141 3181
f 3183 3143 3142 3182
f 3184 3144 3143 3183
f 3185 3145 3144 3184
f 3186 3146 3145 3185
f 3187 3147 3146 3186
f 3188 3148 3147 3187
f 3189 3149 3148 3188
f 3190 3150 3149 3189
f 3191 3151 3150 3190
f 3192 3152 3151 3191
f 3193 3153 3152 3192
f 3194 3154 3153 3193
f 3195 3155 3154 3194
f 3196 3156 3155 3195
f 3197 3157 3156 3196
f 3198 3158 3157 3197
f 3199 3159 3158 3198
f 3200 3160 3159 3199
f 3202 3162 3161
f 3203 3163 3162 3202
f 3204 3164 3163 3203
f 3205 3165 3164 3204
f 3206 3166 3165 3205
f 3207 3167 3166 3206
f 3208 3168 3167 3207
f 3209 3169 3168 3208
f 3210 3170 3169 3209
f 3211 3171 3170 3210
f 3212 3172 3171 3211
f 3213 3173 3172 3212
f 3214 3174 3173 3213
f 3215 3175 3174 3214
f 3216 3176 3175 3215
f 3217 3177 3176 3216
f 3218 3178 3177 3217
f 3219 3179 3178 3218
f 3220 3180 3179 3219
f 3221 3181 3180 3220
f 3222 3182 3181 3221
f 3223 3183 3182 3222
f 3224 3184 3183 3223
f 3225 3185 3184 3224
f 3226 3186 3185 3225
f 3227 3187 3186 3226
f 3228 3188 3187 3227
f 3229 3189 3188 3228
f 3230 3190 3189 3229
f 3231 3191 3190 3230
f 3232 3192 3191 3231
f 3233 3193 3192 3232
f 3234 3194 3193 3233
f 3235 3195 3194 3234
f 3236 3196 3195 3235
f 3237 3197 3196 3236
f 3238 3198 3197 3237
f 3239 3199 3198 3238
f 3240 3200 3199 3239
f 3242 3202 3201
f 3243 3203 3202 3242
f 3244 3204 3203 3243
f 3245 3205 3204 3244
f 3246 3206 3205 3245
f 3247 3207 3206 3246
f 3248 3208 3207 3247
f 3249 3209 3208 3248
f 3250 3210 3209 3249
f 3251 3211 3210 3250
f 3252 3212 3211 3251
f 3253 3213 3212 3252
f 3254 3214 3213 3253
f 3255 3215 3214 3254
f 3256 3216 3215 3255
f 3257 3217 3216 3256
f 3258 3218 3217 3257
f 3259 3219 3218 3258
f 3260 3220 3219 3259
f 3261 3221 3220 3260
f 3262 3222 3221 3261
f 3263 3223 3222 3262
f 3264 3224 3223 3263
f 3265 3225 3224 3264
f 3266 3226 3225 3265
f 3267 3227 3226 3266
f 3268 3228 3227 3267
f 3269 3229 3228 3268
f 3270 3230 3229 3269
f 3271 3231 3230 3270
f 3272 3232 3231 3271
f 3273 3233 3232 3272
f 3274 3234 3233 3273
f 3275 3235 3234 3274
f 3276 3236 3235 3275
f 3277 3237 3236 3276
f 3278 3238 3237 3277
f 3279 3239 3238 3278
f 3280 3240 3239 3279
f 3282 3242 3241
f 3283 3243 3242 3282
f 3284 3244 3243 3283
f 3285 3245 3244 3284
f 3286 3246 3245 3285
f 3287 3247 3246 3286
f 3288 3248 3247 3287
f 3289 3249 3248 3288
f 3290 3250 3249 3289
f 3291 3251 3250 3290
f 3292 3252 3251 3291
f 3293 3253 3252 3292
f 3294 3254 3253 3293
f 3295 3255 3254 3294
f 3296 3256 3255 3295
f 3297 3257 3256 3296
f 3298 3258 3257 3297
f 3299 3259 3258 3298
f 3300 3260 3259 3299
f 3301 3261 3260 3300
f 3302 3262 3261 3301
f 3303 3263 3262 3302
f 3304 3264 3263 3303
f 3305 3265 3264 3304
f 3306 3266 3265 3305
f 3307 3267 3266 3306
f 3308 3268 3267 3307
f 3309 3269 3268 3308
f 3310 3270 3269 3309
f 3311 3271 3270 3310
f 3312 3272 3271 3311
f 3313 3273 3272 3312
f 3314 3274 3273 3313
f 3315 3275 3274 3314
f 3316 3276 3275 3315
f 3317 3277 3276 3316
f 3318 3278 3277 3317
f 3319 3279 3278 3318
f 3320 3280 3279 3319
f 3322 3282 3281
f 3323 3283 3282 3322
f 3324 3284 3283 3323
f 3325 3285 3284 3324
f 3326 3286 3285 3325
f 3327 3287 3286 3326
f 3328 3288 3287 3327
f 3329 3289 3288 3328
f 3330 3290 3289 3329
f 3331 3291 3290 3330
f 3332 3292 3291 3331
f 3333 3293 3292 3332
f 3334 3294 3293 3333
f 3335 3295 3294 3334
f 3336 3296 3295 3335
f 3337 3297 3296 3336
f 3338 3298 3297 3337
f 3339 3299 3298 3338
f 3340 3300 3299 3339
f 3341 3301 3300 3340
f 3342 3302 3301 3341
f 3343 3303 3302 3342
f 3344 3304 3303 3343
f 3345 3305 3304 3344
f 3346 3306 3305 3345
f 3347 3307 3306 3346
f 3348 3308 3307 3347
f 3349 3309 3308 3348
f 3350 3310 3309 3349
f 3351 3311 3310 3350
f 3352 3312 3311 3351
f 3353 3313 3312 3352
f 3354 3314 3313 3353
f 3355 3315 3314 3354
f 3356 3316 3315 3355
f 3357 3317 3316 3356
f 3358 3318 3317 3357
f 3359 3319 3318 3358
f 3360 3320 3319 3359
f 3362 3322 3321
f 3363 3323 3322 3362
f 3364 3324 3323 3363
f 3365 3325 3324 3364
f 3366 3326 3325 3365
f 3367 3327 3326 3366
f 3368 3328 3327 3367
f 3369 3329 3328 3368
f 3370 3330 3329 3369
f 3371 3331 3330 3370
f 3372 3332 3331 3371
f 3373 3333 3332 3372
f 3374 3334 3333 3373
f 3375 3335 3334 3374
f 3376 3336 3335 3375
f 3377 3337 3336 3376
f 3378 3338 3337 3377
f 3379 3339 3338 3378
f 3380 3340 3339 3379
f 3381 3341 3340 3380
f 3382 3342 3341 3381
f 3383 3343 3342 3382
f 3384 3344 3343 3383
f 3385 3345 3344 3384
f 3386 3346 3345 3385
f 3387 3347 3346 3386
f 3388 3348 3347 3387
f 3389 3349 3348 3388
f 3390 3350 3349 3389
f 3391 3351 3350 3390
f 3392 3352 3351 3391
f 3393 3353 3352 3392
f 3394 3354 3353 3393
f 3395 3355 3354 3394
f 3396 3356 3355 3395
f 3397 3357 3356 3396
f 3398 3358 3357 3397
f 3399 3359 3358 3398
f 3400 3360 3359 3399
f 3402 3362 3361
f 3403 3363 3362 3402
f 3404 3364 3363 3403
f 3405 3365 3364 3404
f 3406 3366 3365 3405
f 3407 3367 3366 3406
f 3408 3368 3367 3407
f 3409 3369 3368 3408
f 3410 3370 3369 3409
f 3411 3371 3370 3410
f 3412 3372 3371 3411
f 3413 3373 3372 3412
f 3414 3374 3373 3413
f 3415 3375 3374 3414
f 3416 3376 3375 3415
f 3417 3377 3376 3416
f 3418 3378 3377 3417
f 3419 3379 3378 3418
f 3420 3380 3379 3419
f 3421 3381 3380 3420
f 3422 3382 3381 3421
f 3423 3383 3382 3422
f 3424 3384 3383 3423
f 3425 3385 3384 3424
f 3426 3386 3385 3425
f 3427 3387 3386 3426
f 3428 3388 3387 3427
f 3429 3389 3388 3428
f 3430 3390 3389 3429
f 3431 3391 3390 3430
f 3432 3392 3391 3431
f 3433 3393 3392 3432
f 3434 3394 3393 3433
f 3435 3395 3394 3434
f 3436 3396 3395 3435
f 3437 3397 3396 3436
f 3438 3398 3397 3437
f 3439 3399 3398 3438
f 3440 3400 3399 3439
f 3442 3402 3401
f 3443 3403 3402 3442
f 3444 3404 3403 3443
f 3445 3405 3404 3444
f 3446 3406 3405 3445
f 3447 3407 3406 3446
f 3448 3408 3407 3447
f 3449 3409 3408 3448
f 3450 3410 3409 3449
f 3451 3411 3410 3450
f 3452 3412 3411 3451
f 3453 3413 3412 3452
f 3454 3414 3413 3453
f 3455 3415 3414 3454
f 3456 3416 3415 3455
f 3457 3417 3416 3456
f 3458 3418 3417 3457
f 3459 3419 3418 3458
f 3460 3420 3419 3459
f 3461 3421 3420 3460
f 3462 3422 3421 3461
f 3463 3423 3422 3462
f 3464 3424 3423 3463
f 3465 3425 3424 3464
f 3466 3426 3425 3465
f 3467 3427 3426 3466
f 3468 3428 3427 3467
f 3469 3429 3428 3468
f 3470 3430 3429 3469
f 3471 3431 3430 3470
f 3472 3432 3431 3471
f 3473 3433 3432 3472
f 3474 3434 3433 3473
f 3475 3435 3434 3474
f 3476 3436 3435 3475
f 3477 3437 3436 3476
f 3478 3438 3437 3477
f 3479 3439 3438 3478
f 3480 3440 3439 3479
f 3482 3442 3441
f 3483 3443 3442 3482
f 3484 3444 3443 3483
f 3485 3445 3444 3484
f 3486 3446 3445 3485
f 3487 3447 3446 3486
f 3488 3448 3447 3487
f 3489 3449 3448 3488
f 3490 3450 3449 3489
f 3491 3451 3450 3490
f 3492 3452 3451 3491
f 3493 3453 3452 3492
f 3494 3454 3453 3493
f 3495 3455 3454 3494
f 3496 3456 3455 3495
f 3497 3457 3456 3496
f 3498 3458 3457 3497
f 3499 3459 3458 3498
f 3500 3460 3459 3499
f 3501 3461 3460 3500
f 3502 3462 3461 3501
f 3503 3463 3462 3502
f 3504 3464 3463 3503
f 3505 3465 3464 3504
f 3506 3466 3465 3505
f 3507 3467 3466 3506
f 3508 3468 3467 3507
f 3509 3469 3468 3508
f 3510 3470 3469 3509
f 3511 3471 3470 3510
f 3512 3472 3471 3511
f 3513 3473 3472 3512
f 3514 3474 3473 3513
f 3515 3475 3474 3514
f 3516 3476 3475 3515
f 3517 3477 3476 3516
f 3518 3478 3477 3517
f 3519 3479 3478 3518
f 3520 3480 3479 3519
f 3522 3482 3481
f 3523 3483 3482 3522
f 3524 3484 3483 3523
f 3525 3485 3484 3524
f 3526 3486 3485 3525
f 3527 3487 3486 3526
f 3528 3488 3487 3527
f 3529 3489 3488 3528
f 3530 3490 3489 3529
f 3531 3491 3490 3530
f 3532 3492 3491 3531
f 3533 3493 3492 3532
f 3534 3494 3493 3533
f 3535 3495 3494 3534
f 3536 3496 3495 3535
f 3537 3497 3496 3536
f 3538 3498 3497 3537
f 3539 3499 3498 3538
f 3540 3500 3499 3539
f 3541 3501 3500 3540
f 3542 3502 3501 3541
f 3543 3503 3502 3542
f 3544 3504 3503 3543
f 3545 3505 3504 3544
f 3546 3506 3505 3545
f 3547 3507 3506 3546
f 3548 3508 3507 3547
f 3549 3509 3508 3548
f 3550 3510 3509 3549
f 3551 3511 3510 3550
f 3552 3512 3511 3551
f 3553 3513 3512 3552
f 3554 3514 3513 3553
f 3555 3515 3514 3554
f 3556 3516 3515 3555
f 3557 3517 3516 3556
f 3558 3518 3517 3557
f 3559 3519 3518 3558
f 3560 3520 3519 3559
f 3562 3522 3521
f 3563 3523 3522 3562
f 3564 3524 3523 3563
f 3565 3525 3524 3564
f 3566 3526 3525 3565
f 3567 3527 3526 3566
f 3568 3528 3527 3567
f 3569 3529 3528 3568
f 3570 3530 3529 3569
f 3571 3531 3530 3570
f 3572 3532 3531 3571
f 3573 3533 3532 3572
f 3574 3534 3533 3573
f 3575 3535 3534 3574
f 3576 3536 3535 3575
f 3577 3537 3536 3576
f 3578 3538 3537 3577
f 3579 3539 3538 3578
f 3580 3540 3539 3579
f 3581 3541 3540 3580
f 3582 3542 3541 3581
f 3583 3543 3542 3582
f 3584 3544 3543 3583
f 3585 3545 3544 3584
f 3586 3546 3545 3585
f 3587 3547 3546 3586
f 3588 3548 3547 3587
f 3589 3549 3548 3588
f 3590 3550 3549 3589
f 3591 3551 3550 3590
f 3592 3552 3551 3591
f 3593 3553 3552 3592
f 3594 3554 3553 3593
f 3595 3555 3554 3594
f 3596 3556 3555 3595
f 3597 3557 3556 3596
f 3598 3558 3557 3597
f 3599 3559 3558 3598
f 3600 3560 3559 3599
f 3602 3562 3561
f 3603 3563 3562 3602
f 3604 3564 3563 3603
f 3605 3565 3564 3604
f 3606 3566 3565 3605
f 3607 3567 3566 3606
f 3608 3568 3567 3607
f 3609 3569 3568 3608
f 3610 3570 3569 3609
f 3611 3571 3570 3610
f 3612 3572 3571 3611
f 3613 3573 3572 3612
f 3614 3574 3573 3613
f 3615 3575 3574 3614
f 3616 3576 3575 3615
f 3617 3577 3576 3616
f 3618 3578 3577 3617
f 3619 3579 3578 3618
f 3620 3580 3579 3619
f 3621 3581 3580 3620
f 3622 3582 3581 3621
f 3623 3583 3582 3622
f 3624 3584 3583 3623
f 3625 3585 3584 3624
f 3626 3586 3585 3625
f 3627 3587 3586 3626
f 3628 3588 3587 3627
f 3629 3589 3588 3628
f 3630 3590 3589 3629
f 3631 3591 3590 3630
f 3632 3592 3591 3631
f 3633 3593 3592 3632
f 3634 3594 3593 3633
f 3635 3595 3594 3634
f 3636 3596 3595 3635
f 3637 3597 3596 3636
f 3638 3598 3597 3637
f 3639 3599 3598 3638
f 3640 3600 3599 3639
f 3642 3602 3601
f 3643 3603 3602 3642
f 3644 3604 3603 3643
f 3645 3605 3604 3644
f 3646 3606 3605 3645
f 3647 3607 3606 3646
f 3648 3608 3607 3647
f 3649 3609 3608 3648
f 3650 3610 3609 3649
f 3651 3611 3610 3650
f 3652 3612 3611 3651
f 3653 3613 3612 3652
f 3654 3614 3613 3653
f 3655 3615 3614 3654
f 3656 3616 3615 3655
f 3657 3617 3616 3656
f 3658 3618 3617 3657
f 3659 3619 3618 3658
f 3660 3620 3619 3659
f 3661 3621 3620 3660
f 3662 3622 3621 3661
f 3663 3623 3622 3662
f 3664 3624 3623 3663
f 3665 3625 3624 3664
f 3666 3626 3625 3665
f 3667 3627 3626 3666
f 3668 3628 3627 3667
f 3669 3629 3628 3668
f 3670 3630 3629 3669
f 3671 3631 3630 3670
f 3672 3632 3631 3671
f 3673 3633 3632 3672
f 3674 3634 3633 3673
f 3675 3635 3634 3674
f 3676 3636 3635 3675
f 3677 3637 3636 3676
f 3678 3638 3637 3677
f 3679 3639 3638 3678
f 3680 3640 3639 3679
f 3682 3642 3641
f 3683 3643 3642 3682
f 3684 3644 3643 3683
f 3685 3645 3644 3684
f 3686 3646 3645 3685
f 3687 3647 3646 3686
f 3688 3648 3647 3687
f 3689 3649 3648 3688
f 3690 3650 3649 3689
f 3691 3651 3650 3690
f 3692 3652 3651 3691
f 3693 3653 3652 3692
f 3694 3654 3653 3693
f 3695 3655 3654 3694
f 3696 3656 3655 3695
f 3697 3657 3656 3696
f 3698 3658 3657 3697
f 3699 3659 3658 3698
f 3700 3660 3659 3699
f 3701 3661 3660 3700
f 3702 3662 3661 3701
f 3703 3663 3662 3702
f 3704 3664 3663 3703
f 3705 3665 3664 3704
f 3706 3666 3665 3705
f 3707 3667 3666 3706
f 3708 3668 3667 3707
f 3709 3669 3668 3708
f 3710 3670 3669 3709
f 3711 3671 3670 3710
f 3712 3672 3671 3711
f 3713 3673 3672 3712
f 3714 3674 3673 3713
f 3715 3675 3674 3714
f 3716 3676 3675 3715
f 3717 3677 3676 3716
f 3718 3678 3677 3717
f 3719 3679 3678 3718
f 3720 3680 3679 3719
f 3722 3682 3681
f 3723 3683 3682 3722
f 3724 3684 3683 3723
f 3725 3685 3684 3724
f 3726 3686 3685 3725
f 3727 3687 3686 3726
f 3728 3688 3687 3727
f 3729 3689 3688 3728
f 3730 3690 3689 3729
f 3731 3691 3690 3730
f 3732 3692 3691 3731
f 3733 3693 3692 3732
f 3734 3694 3693 3733
f 3735 3695 3694 3734
f 3736 3696 3695 3735
f 3737 3697 3696 3736
f 3738 3698 3697 3737
f 3739 3699 3698 3738
f 3740 3700 3699 3739
f 3741 3701 3700 3740
f 3742 3702 3701 3741
f 3743 3703 3702 3742
f 3744 3704 3703 3743
f 3745 3705 3704 3744
f 3746 3706 3705 3745
f 3747 3707 3706 3746
f 3748 3708 3707 3747
f 3749 3709 3708 3748
f 3750 3710 3709 3749
f 3751 3711 3710 3750
f 3752 3712 3711 3751
f 3753 3713 3712 3752
f 3754 3714 3713 3753
f 3755 3715 3714 3754
f 3756 3716 3715 3755
f 3757 3717 3716 3756
f 3758 3718 3717 3757
f 3759 3719 3718 3758
f 3760 3720 3719 3759
f 3762 3722 3721
f 3763 3723 3722 3762
f 3764 3724 3723 3763
f 3765 3725 3724 3764
f 3766 3726 3725 3765
f 3767 3727 3726 3766
f 3768 3728 3727 3767
f 3769 3729 3728 3768
f 3770 3730 3729 3769
f 3771 3731 3730 3770
f 3772 3732 3731 3771
f 3773 3733 3732 3772
f 3774 3734 3733 3773
f 3775 3735 3734 3774
f 3776 3736 3735 3775
f 3777 3737 3736 3776
f 3778 3738 3737 3777
f 3779 3739 3738 3778
f 3780 3740 3739 3779
f 3781 3741 3740 3780
f 3782 3742 3741 3781
f 3783 3743 3742 3782
f 3784 3744 3743 3783
f 3785 3745 3744 3784
f 3786 3746 3745 3785
f 3787 3747 3746 3786
f 3788 3748 3747 3787
f 3789 3749 3748 3788
f 3790 3750 3749 3789
f 3791 3751 3750 3790
f 3792 3752 3751 3791
f 3793 3753 3752 3792
f 3794 3754 3753 3793
f 3795 3755 3754 3794
f 3796 3756 3755 3795
f 3797 3757 3756 3796
f 3798 3758 3757 3797
f 3799 3759 3758 3798
f 3800 3760 3759 3799
f 3802 3762 3761
f 3803 3763 3762 3802
f 3804 3764 3763 3803
f 3805 3765 3764 3804
f 3806 3766 3765 3805
f 3807 3767 3766 3806
f 3808 3768 3767 3807
f 3809 3769 3768 3808
f 3810 3770 3769 3809
f 3811 3771 3770 3810
f 3812 3772 3771 3811
f 3813 3773 3772 3812
f 3814 3774 3773 3813
f 3815 3775 3774 3814
f 3816 3776 3775 3815
f 3817 3777 3776 3816
f 3818 3778 3777 3817
f 3819 3779 3778 3818
f 3820 3780 3779 3819
f 3821 3781 3780 3820
f 3822 3782 3781 3821
f 3823 3783 3782 3822
f 3824 3784 3783 3823
f 3825 3785 3784 3824
f 3826 3786 3785 3825
f 3827 3787 3786 3826
f 3828 3788 3787 3827
f 3829 3789 3788 3828
f 3830 3790 3789 3829
f 3831 3791 3790 3830
f 3832 3792 3791 3831
f 3833 3793 3792 3832
f 3834 3794 3793 3833
f 3835 3795 3794 3834
f 3836 3796 3795 3835
f 3837 3797 3796 3836
f 3838 3798 3797 3837
f 3839 3799 3798 3838
f 3840 3800 3799 3839
f 3842 3802 3801
f 3843 3803 3802 3842
f 3844 3804 3803 3843
f 3845 3805 3804 3844
f 3846 3806 3805 3845
f 3847 3807 3806 3846
f 3848 3808 3807 3847
f 3849 3809 3808 3848
f 3850 3810 3809 3849
f 3851 3811 3810 3850
f 3852 3812 3811 3851
f 3853 3813 3812 3852
f 3854 3814 3813 3853
f 3855 3815 3814 3854
f 3856 3816 3815 3855
f 3857 3817 3816 3856
f 3858 3818 3817 3857
f 3859 3819 3818 3858
f 3860 3820 3819 3859
f 3861 3821 3820 3860
f 3862 3822 3821 3861
f 3863 3823 3822 3862
f 3864 3824 3823 3863
f 3865 3825 3824 3864
f 3866 3826 3825 3865
f 3867 3827 3826 3866
f 3868 3828 3827 3867
f 3869 3829 3828 3868
f 3870 3830 3829 3869
f 3871 3831 3830 3870
f 3872 3832 3831 3871
f 3873 3833 3832 3872
f 3874 3834 3833 3873
f 3875 3835 3834 3874
f 3876 3836 3835 3875
f 3877 3837 3836 3876
f 3878 3838 3837 3877
f 3879 3839 3838 3878
f 3880 3840 3839 3879
f 3882 3842 3841
f 3883 3843 3842 3882
f 3884 3844 3843 3883
f 3885 3845 3844 3884
f 3886 3846 3845 3885
f 3887 3847 3846 3886
f 3888 3848 3847 3887
f 3889 3849 3848 3888
f 3890 3850 3849 3889
f 3891 3851 3850 3890
f 3892 3852 3851 3891
f 3893 3853 3852 3892
f 3894 3854 3853 3893
f 3895 3855 3854 3894
f 3896 3856 3855 3895
f 3897 3857 3856 3896
f 3898 3858 3857 3897
f 3899 3859 3858 3898
f 3900 3860 3859 3899
f 3901 3861 3860 3900
f 3902 3862 3861 3901
f 3903 3863 3862 3902
f 3904 3864 3863 3903
f 3905 3865 3864 3904
f 3906 3866 3865 3905
f 3907 3867 3866 3906
f 3908 3868 3867 3907
f 3909 3869 3868 3908
f 3910 3870 3869 3909
f 3911 3871 3870 3910
f 3912 3872 3871 3911
f 3913 3873 3872 3912
f 3914 3874 3873 3913
f 3915 3875 3874 3914
f 3916 3876 3875 3915
f 3917 3877 3876 3916
f 3918 3878 3877 3917
f 3919 3879 3878 3918
f 3920 3880 3879 3919
f 3922 3882 3881
f 3923 3883 3882 3922
f 3924 3884 3883 3923
f 3925 3885 3884 3924
f 3926 3886 3885 3925
f 3927 3887 3886 3926
f 3928 3888 3887 3927
f 3929 3889 3888 3928
f 3930 3890 3889 3929
f 3931 3891 3890 3930
f 3932 3892 3891 3931
f 3933 3893 3892 3932
f 3934 3894 3893 3933
f 3935 3895 3894 3934
f 3936 3896 3895 3935
f 3937 3897 3896 3936
f 3938 3898 3897 3937
f 3939 3899 3898 3938
f 3940 3900 3899 3939
f 3941 3901 3900 3940
f 3942 3902 3901 3941
f 3943 3903 3902 3942
f 3944 3904 3903 3943
f 3945 3905 3904 3944
f 3946 3906 3905 3945
f 3947 3907 3906 3946
f 3948 3908 3907 3947
f 3949 3909 3908 3948
f 3950 3910 3909 3949
f 3951 3911 3910 3950
f 3952 3912 3911 3951
f 3953 3913 3912 3952
f 3954 3914 3913 3953
f 3955 3915 3914 3954
f 3956 3916 3915 3955
f 3957 3917 3916 3956
f 3958 3918 3917 3957
f 3959 3919 3918 3958
f 3960 3920 3919 3959
f 3962 3922 3921
f 3963 3923 3922 3962
f 3964 3924 3923 3963
f 3965 3925 3924 3964
f 3966 3926 3925 3965
f 3967 3927 3926 3966
f 3968 3928 3927 3967
f 3969 3929 3928 3968
f 3970 3930 3929 3969
f 3971 3931 3930 3970
f 3972 3932 3931 3971
f 3973 3933 3932 3972
f 3974 3934 3933 3973
f 3975 3935 3934 3974
f 3976 3936 3935 3975
f 3977 3937 3936 3976
f 3978 3938 3937 3977
f 3979 3939 3938 3978
f 3980 3940 3939 3979
f 3981 3941 3940 3980
f 3982 3942 3941 3981
f 3983 3943 3942 3982
f 3984 3944 3943 3983
f 3985 3945 3944 3984
f 3986 3946 3945 3985
f 3987 3947 3946 3986
f 3988 3948 3947 3987
f 3989 3949 3948 3988
f 3990 3950 3949 3989
f 3991 3951 3950 3990
f 3992 3952 3951 3991
f 3993 3953 3952 3992
f 3994 3954 3953 3993
f 3995 3955 3954 3994
f 3996 3956 3955 3995
f 3997 3957 3956 3996
f 3998 3958 3957 3997
f 3999 3959 3958 3998
f 4000 3960 3959 3999
f 4002 3962 3961
f 4003 3963 3962 4002
f 4004 3964 3963 4003
f 4005 3965 3964 4004
f 4006 3966 3965 4005
f 4007 3967 3966 4006
f 4008 3968 3967 4007
f 4009 3969 3968 4008
f 4010 3970 3969 4009
f 4011 3971 3970 4010
f 4012 3972 3971 4011
f 4013 3973 3972 4012
f 4014 3974 3973 4013
f 4015 3975 3974 4014
f 4016 3976 3975 4015
f 4017 3977 3976 4016
f 4018 3978 3977 4017
f 4019 3979 3978 4018
f 4020 3980 3979 4019
f 4021 3981 3980 4020
f 4022 3982 3981 4021
f 4023 3983 3982 4022
f 4024 3984 3983 4023
f 4025 3985 3984 4024
f 4026 3986 3985 4025
f 4027 3987 3986 4026
f 4028 3988 3987 4027
f 4029 3989 3988 4028
f 4030 3990 3989 4029
f 4031 3991 3990 4030
f 4032 3992 3991 4031
f 4033 3993 3992 4032
f 4034 3994 3993 4033
f 4035 3995 3994 4034
f 4036 3996 3995 4035
f 4037 3997 3996 4036
f 4038 3998 3997 4037
f 4039 3999 3998 4038
f 4040 4000 3999 4039
f 4042 4002 4001
f 4043 4003 4002 4042
f 4044 4004 4003 4043
f 4045 4005 4004 4044
f 4046 4006 4005 4045
f 4047 4007 4006 4046
f 4048 4008 4007 4047
f 4049 4009 4008 4048
f 4050 4010 4009 4049
f 4051 4011 4010 4050
f 4052 4012 4011 4051
f 4053 4013 4012 4052
f 4054 4014 4013 4053
f 4055 4015 4014 4054
f 4056 4016 4015 4055
f 4057 4017 4016 4056
f 4058 4018 4017 4057
f 4059 4019 4018 4058
f 4060 4020 4019 4059
f 4061 4021 4020 4060
f 4062 4022 4021 4061
f 4063 4023 4022 4062
f 4064 4024 4023 4063
f 4065 4025 4024 4064
f 4066 4026 4025 4065
f 4067 4027 4026 4066
f 4068 4028 4027 4067
f 4069 4029 4028 4068
f 4070 4030 4029 4069
f 4071 4031 4030 4070
f 4072 4032 4031 4071
f 4073 4033 4032 4072
f 4074 4034 4033 4073
f 4075 4035 4034 4074
f 4076 4036 4035 4075
f 4077 4037 4036 4076
f 4078 4038 4037 4077
f 4079 4039 4038 4078
f 4080 4040 4039 4079
f 4082 4042 4041
f 4083 4043 4042 4082
f 4084 4044 4043 4083
f 4085 4045 4044 4084
f 4086 4046 4045 4085
f 4087 4047 4046 4086
f 4088 4048 4047 4087
f 4089 4049 4048 4088
f 4090 4050 4049 4089
f 4091 4051 4050 4090
f 4092 4052 4051 4091
f 4093 4053 4052 4092
f 4094 4054 4053 4093
f 4095 4055 4054 4094
f 4096 4056 4055 4095
f 4097 4057 4056 4096
f 4098 4058 4057 4097
f 4099 4059 4058 4098
f 4100 4060 4059 4099
f 4101 4061 4060 4100
f 4102 4062 4061 4101
f 4103 4063 4062 4102
f 4104 4064 4063 4103
f 4105 4065 4064 4104
f 4106 4066 4065 4105
f 4107 4067 4066 4106
f 4108 4068 4067 4107
f 4109 4069 4068 4108
f 4110 4070 4069 4109
f 4111 4071 4070 4110
f 4112 4072 4071 4111
f 4113 4073 4072 4112
f 4114 4074 4073 4113
f 4115 4075 4074 4114
f 4116 4076 4075 4115
f 4117 4077 4076 4116
f 4118 4078 4077 4117
f 4119 4079 4078 4118
f 4120 4080 4079 4119
f 4122 4082 4081
f 4123 4083 4082 4122
f 4124 4084 4083 4123
f 4125 4085 4084 4124
f 4126 4086 4085 4125
f 4127 4087 4086 4126
f 4128 4088 4087 4127
f 4129 4089 4088 4128
f 4130 4090 4089 4129
f 4131 4091 4090 4130
f 4132 4092 4091 4131
f 4133 4093 4092 4132
f 4134 4094 4093 4133
f 4135 4095 4094 4134
f 4136 4096 4095 4135
f 4137 4097 4096 4136
f 4138 4098 4097 4137
f 4139 4099 4098 4138
f 4140 4100 4099 4139
f 4141 4101 4100 4140
f 4142 4102 4101 4141
f 4143 4103 4102 4142
f 4144 4104 4103 4143
f 4145 4105 4104 4144
f 4146 4106 4105 4145
f 4147 4107 4106 4146
f 4148 4108 4107 4147
f 4149 4109 4108 4148
f 4150 4110 4109 4149
f 4151 4111 4110 4150
f 4152 4112 4111 4151
f 4153 4113 4112 4152
f 4154 4114 4113 4153
f 4155 4115 4114 4154
f 4156 4116 4115 4155
f 4157 4117 4116 4156
f 4158 4118 4117 4157
f 4159 4119 4118 4158
f 4160 4120 4119 4159
f 4162 4122 4121
f 4163 4123 4122 4162
f 4164 4124 4123 4163
f 4165 4125 4124 4164
f 4166 4126 4125 4165
f 4167 4127 4126 4166
f 4168 4128 4127 4167
f 4169 4129 4128 4168
f 4170 4130 4129 4169
f 4171 4131 4130 4170
f 4172 4132 4131 4171
f 4173 4133 4132 4172
f 4174 4134 4133 4173
f 4175 4135 4134 4174
f 4176 4136 4135 4175
f 4177 4137 4136 4176
f 4178 4138 4137 4177
f 4179 4139 4138 4178
f 4180 4140 4139 4179
f 4181 4141 4140 4180
f 4182 4142 4141 4181
f 4183 4143 4142 4182
f 4184 4144 4143 4183
f 4185 4145 4144 4184
f 4186 4146 4145 4185
f 4187 4147 4146 4186
f 4188 4148 4147 4187
f 4189 4149 4148 4188
f 4190 4150 4149 4189
f 4191 4151 4150 4190
f 4192 4152 4151 4191
f 4193 4153 4152 4192
f 4194 4154 4153 4193
f 4195 4155 4154 4194
f 4196 4156 4155 4195
f 4197 4157 4156 4196
f 4198 4158 4157 4197
f 4199 4159 4158 4198
f 4200 4160 4159 4199
f 4202 4162 4161
f 4203 4163 4162 4202
f 4204 4164 4163 4203
f 4205 4165 4164 4204
f 4206 4166 4165 4205
f 4207 4167 4166 4206
f 4208 4168 4167 4207
f 4209 4169 4168 4208
f 4210 4170 4169 4209
f 4211 4171 4170 4210
f 4212 4172 4171 4211
f 4213 4173 4172 4212
f 4214 4174 4173 4213
f 4215 4175 4174 4214
f 4216 4176 4175 4215
f 4217 4177 4176 4216
f 4218 4178 4177 4217
f 4219 4179 4178 4218
f 4220 4180 4179 4219
f 4221 4181 4180 4220
f 4222 4182 4181 4221
f 4223 4183 4182 4222
f 4224 4184 4183 4223
f 4225 4185 4184 4224
f 4226 4186 4185 4225
f 4227 4187 4186 4226
f 4228 4188 4187 4227
f 4229 4189 4188 4228
f 4230 4190 4189 4229
f 4231 4191 4190 4230
f 4232 4192 4191 4231
f 4233 4193 4192 4232
f 4234 4194 4193 4233
f 4235 4195 4194 4234
f 4236 4196 4195 4235
f 4237 4197 4196 4236
f 4238 4198 4197 4237
f 4239 4199 4198 4238
f 4240 4200 4199 4239
f 4242 4202 4201
f 4243 4203 4202 4242
f 4244 4204 4203 4243
f 4245 4205 4204 4244
f 4246 4206 4205 4245
f 4247 4207 4206 4246
f 4248 4208 4207 4247
f 4249 4209 4208 4248
f 4250 4210 4209 4249
f 4251 4211 4210 4250
f 4252 4212 4211 4251
f 4253 4213 4212 4252
f 4254 4214 4213 4253
f 4255 4215 4214 4254
f 4256 4216 4215 4255
f 4257 4217 4216 4256
f 4258 4218 4217 4257
f 4259 4219 4218 4258
f 4260 4220 4219 4259
f 4261 4221 4220 4260
f 4262 4222 4221 4261
f 4263 4223 4222 4262
f 4264 4224 4223 4263
f 4265 4225 4224 4264
f 4266 4226 4225 4265
f 4267 4227 4226 4266
f 4268 4228 4227 4267
f 4269 4229 4228 4268
f 4270 4230 4229 4269
f 4271 4231 4230 4270
f 4272 4232 4231 4271
f 4273 4233 4232 4272
f 4274 4234 4233 4273
f 4275 4235 4234 4274
f 4276 4236 4235 4275
f 4277 4237 4236 4276
f 4278 4238 4237 4277
f 4279 4239 4238 4278
f 4280 4240 4239 4279
f 4282 4242 4241
f 4283 4243 4242 4282
f 4284 4244 4243 4283
f 4285 4245 4244 4284
f 4286 4246 4245 4285
f 4287 4247 4246 4286
f 4288 4248 4247 4287
f 4289 4249 4248 4288
f 4290 4250 4249 4289
f 4291 4251 4250 4290
f 4292 4252 4251 4291
f 4293 4253 4252 4292
f 4294 4254 4253 4293
f 4295 4255 4254 4294
f 4296 4256 4255 4295
f 4297 4257 4256 4296
f 4298 4258 4257 4297
f 4299 4259 4258 4298
f 4300 4260 4259 4299
f 4301 4261 4260 4300
f 4302 4262 4261 4301
f 4303 4263 4262 4302
f 4304 4264 4263 4303
f 4305 4265 4264 4304
f 4306 4266 4265 4305
f 4307 4267 4266 4306
f 4308 4268 4267 4307
f 4309 4269 4268 4308
f 4310 4270 4269 4309
f 4311 4271 4270 4310
f 4312 4272 4271 4311
f 4313 4273 4272 4312
f 4314 4274 4273 4313
f 4315 4275 4274 4314
f 4316 4276 4275 4315
f 4317 4277 4276 4316
f 4318 4278 4277 4317
f 4319 4279 4278 4318
f 4320 4280 4279 4319
f 4322 4282 4281
f 4323 4283 4282 4322
f 4324 4284 4283 4323
f 4325 4285 4284 4324
f 4326 4286 4285 4325
f 4327 4287 4286 4326
f 4328 4288 4287 4327
f 4329 4289 4288 4328
f 4330 4290 4289 4329
f 4331 4291 4290 4330
f 4332 4292 4291 4331
f 4333 4293 4292 4332
f 4334 4294 4293 4333
f 4335 4295 4294 4334
f 4336 4296 4295 4335
f 4337 4297 4296 4336
f 4338 4298 4297 4337
f 4339 4299 4298 4338
f 4340 4300 4299 4339
f 4341 4301 4300 4340
f 4342 4302 4301 4341
f 4343 4303 4302 4342
f 4344 4304 4303 4343
f 4345 4305 4304 4344
f 4346 4306 4305 4345
f 4347 4307 4306 4346
f 4348 4308 4307 4347
f 4349 4309 4308 4348
f 4350 4310 4309 4349
f 4351 4311 4310 4350
f 4352 4312 4311 4351
f 4353 4313 4312 4352
f 4354 4314 4313 4353
f 4355 4315 4314 4354
f 4356 4316 4315 4355
f 4357 4317 4316 4356
f 4358 4318 4317 4357
f 4359 4319 4318 4358
f 4360 4320 4319 4359
f 4362 4322 4321
f 4363 4323 4322 4362
f 4364 4324 4323 4363
f 4365 4325 4324 4364
f 4366 4326 4325 4365
f 4367 4327 4326 4366
f 4368 4328 4327 4367
f 4369 4329 4328 4368
f 4370 4330 4329 4369
f 4371 4331 4330 4370
f 4372 4332 4331 4371
f 4373 4333 4332 4372
f 4374 4334 4333 4373
f 4375 4335 4334 4374
f 4376 4336 4335 4375
f 4377 4337 4336 4376
f 4378 4338 4337 4377
f 4379 4339 4338 4378
f 4380 4340 4339 4379
f 4381 4341 4340 4380
f 4382 4342 4341 4381
f 4383 4343 4342 4382
f 4384 4344 4343 4383
f 4385 4345 4344 4384
f 4386 4346 4345 4385
f 4387 4347 4346 4386
f 4388 4348 4347 4387
f 4389 4349 4348 4388
f 4390 4350 4349 4389
f 4391 4351 4350 4390
f 4392 4352 4351 4391
f 4393 4353 4352 4392
f 4394 4354 4353 4393
f 4395 4355 4354 4394
f 4396 4356 4355 4395
f 4397 4357 4356 4396
f 4398 4358 4357 4397
f 4399 4359 4358 4398
f 4400 4360 4359 4399
f 4402 4362 4361
f 4403 4363 4362 4402
f 4404 4364 4363 4403
f 4405 4365 4364 4404
f 4406 4366 4365 4405
f 4407 4367 4366 4406
f 4408 4368 4367 4407
f 4409 4369 4368 4408
f 4410 4370 4369 4409
f 4411 4371 4370 4410
f 4412 4372 4371 4411
f 4413 4373 4372 4412
f 4414 4374 4373 4413
f 4415 4375 4374 4414
f 4416 4376 4375 4415
f 4417 4377 4376 4416
f 4418 4378 4377 4417
f 4419 4379 4378 4418
f 4420 4380 4379 4419
f 4421 4381 4380 4420
f 4422 4382 4381 4421
f 4423 4383 4382 4422
f 4424 4384 4383 4423
f 4425 4385 4384 4424
f 4426 4386 4385 4425
f 4427 4387 4386 4426
f 4428 4388 4387 4427
f 4429 4389 4388 4428
f 4430 4390 4389 4429
f 4431 4391 4390 4430
f 4432 4392 4391 4431
f 4433 4393 4392 4432
f 4434 4394 4393 4433
f 4435 4395 4394 4434
f 4436 4396 4395 4435
f 4437 4397 4396 4436
f 4438 4398 4397 4437
f 4439 4399 4398 4438
f 4440 4400 4399 4439
f 4442 4402 4401
f 4443 4403 4402 4442
f 4444 4404 4403 4443
f 4445 4405 4404 4444
f 4446 4406 4405 4445
f 4447 4407 4406 4446
f 4448 4408 4407 4447
f 4449 4409 4408 4448
f 4450 4410 4409 4449
f 4451 4411 4410 4450
f 4452 4412 4411 4451
f 4453 4413 4412 4452
f 4454 4414 4413 4453
f 4455 4415 4414 4454
f 4456 4416 4415 4455
f 4457 4417 4416 4456
f 4458 4418 4417 4457
f 4459 4419 4418 4458
f 4460 4420 4419 4459
f 4461 4421 4420 4460
f 4462 4422 4421 4461
f 4463 4423 4422 4462
f 4464 4424 4423 4463
f 4465 4425 4424 4464
f 4466 4426 4425 4465
f 4467 4427 4426 4466
f 4468 4428 4427 4467
f 4469 4429 4428 4468
f 4470 4430 4429 4469
f 4471 4431 4430 4470
f 4472 4432 4431 4471
f 4473 4433 4432 4472
f 4474 4434 4433 4473
f 4475 4435 4434 4474
f 4476 4436 4435 4475
f 4477 4437 4436 4476
f 4478 4438 4437 4477
f 4479 4439 4438 4478
f 4480 4440 4439 4479
f 4482 4442 4441
f 4483 4443 4442 4482
f 4484 4444 4443 4483
f 4485 4445 4444 4484
f 4486 4446 4445 4485
f 4487 4447 4446 4486
f 4488 4448 4447 4487
f 4489 4449 4448 4488
f 4490 4450 4449 4489
f 4491 4451 4450 4490
f 4492 4452 4451 4491
f 4493 4453 4452 4492
f 4494 4454 4453 4493
f 4495 4455 4454 4494
f 4496 4456 4455 4495
f 4497 4457 4456 4496
f 4498 4458 4457 4497
f 4499 4459 4458 4498
f 4500 4460 4459 4499
f 4501 4461 4460 4500
f 4502 4462 4461 4501
f 4503 4463 4462 4502
f 4504 4464 4463 4503
f 4505 4465 4464 4504
f 4506 4466 4465 4505
f 4507 4467 4466 4506
f 4508 4468 4467 4507
f 4509 4469 4468 4508
f 4510 4470 4469 4509
f 4511 4471 4470 4510
f 4512 4472 4471 4511
f 4513 4473 4472 4512
f 4514 4474 4473 4513
f 4515 4475 4474 4514
f 4516 4476 4475 4515
f 4517 4477 4476 4516
f 4518 4478 4477 4517
f 4519 4479 4478 4518
f 4520 4480 4479 4519
f 4522 4482 4481
f 4523 4483 4482 4522
f 4524 4484 4483 4523
f 4525 4485 4484 4524
f 4526 4486 4485 4525
f 4527 4487 4486 4526
f 4528 4488 4487 4527
f 4529 4489 4488 4528
f 4530 4490 4489 4529
f 4531 4491 4490 4530
f 4532 4492 4491 4531
f 4533 4493 4492 4532
f 4534 4494 4493 4533
f 4535 4495 4494 4534
f 4536 4496 4495 4535
f 4537 4497 4496 4536
f 4538 4498 4497 4537
f 4539 4499 4498 4538
f 4540 4500 4499 4539
f 4541 4501 4500 4540
f 4542 4502 4501 4541
f 4543 4503 4502 4542
f 4544 4504 4503 4543
f 4545 4505 4504 4544
f 4546 4506 4505 4545
f 4547 4507 4506 4546
f 4548 4508 4507 4547
f 4549 4509 4508 4548
f 4550 4510 4509 4549
f 4551 4511 4510 4550
f 4552 4512 4511 4551
f 4553 4513 4512 4552
f 4554 4514 4513 4553
f 4555 4515 4514 4554
f 4556 4516 4515 4555
f 4557 4517 4516 4556
f 4558 4518 4517 4557
f 4559 4519 4518 4558
f 4560 4520 4519 4559
f 4562 4522 4521
f 4563 4523 4522 4562
f 4564 4524 4523 4563
f 4565 4525 4524 4564
f 4566 4526 4525 4565
f 4567 4527 4526 4566
f 4568 4528 4527 4567
f 4569 4529 4528 4568
f 4570 4530 4529 4569
f 4571 4531 4530 4570
f 4572 4532 4531 4571
f 4573 4533 4532 4572
f 4574 4534 4533 4573
f 4575 4535 4534 4574
f 4576 4536 4535 4575
f 4577 4537 4536 4576
f 4578 4538 4537 4577
f 4579 4539 4538 4578
f 4580 4540 4539 4579
f 4581 4541 4540 4580
f 4582 4542 4541 4581
f 4583 4543 4542 4582
f 4584 4544 4543 4583
f 4585 4545 4544 4584
f 4586 4546 4545 4585
f 4587 4547 4546 4586
f 4588 4548 4547 4587
f 4589 4549 4548 4588
f 4590 4550 4549 4589
f 4591 4551 4550 4590
f 4592 4552 4551 4591
f 4593 4553 4552 4592
f 4594 4554 4553 4593
f 4595 4555 4554 4594
f 4596 4556 4555 4595
f 4597 4557 4556 4596
f 4598 4558 4557 4597
f 4599 4559 4558 4598
f 4600 4560 4559 4599
f 4602 4562 4561
f 4603 4563 4562 4602
f 4604 4564 4563 4603
f 4605 4565 4564 4604
f 4606 4566 4565 4605
f 4607 4567 4566 4606
f 4608 4568 4567 4607
f 4609 4569 4568 4608
f 4610 4570 4569 4609
f 4611 4571 4570 4610
f 4612 4572 4571 4611
f 4613 4573 4572 4612
f 4614 4574 4573 4613
f 4615 4575 4574 4614
f 4616 4576 4575 4615
f 4617 4577 4576 4616
f 4618 4578 4577 4617
f 4619 4579 4578 4618
f 4620 4580 4579 4619
f 4621 4581 4580 4620
f 4622 4582 4581 4621
f 4623 4583 4582 4622
f 4624 4584 4583 4623
f 4625 4585 4584 4624
f 4626 4586 4585 4625
f 4627 4587 4586 4626
f 4628 4588 4587 4627
f 4629 4589 4588 4628
f 4630 4590 4589 4629
f 4631 4591 4590 4630
f 4632 4592 4591 4631
f 4633 4593 4592 4632
f 4634 4594 4593 4633
f 4635 4595 4594 4634
f 4636 4596 4595 4635
f 4637 4597 4596 4636
f 4638 4598 4597 4637
f 4639 4599 4598 4638
f 4640 4600 4599 4639
f 4642 4602 4601
f 4643 4603 4602 4642
f 4644 4604 4603 4643
f 4645 4605 4604 4644
f 4646 4606 4605 4645
f 4647 4607 4606 4646
f 4648 4608 4607 4647
f 4649 4609 4608 4648
f 4650 4610 4609 4649
f 4651 4611 4610 4650
f 4652 4612 4611 4651
f 4653 4613 4612 4652
f 4654 4614 4613 4653
f 4655 4615 4614 4654
f 4656 4616 4615 4655
f 4657 4617 4616 4656
f 4658 4618 4617 4657
f 4659 4619 4618 4658
f 4660 4620 4619 4659
f 4661 4621 4620 4660
f 4662 4622 4621 4661
f 4663 4623 4622 4662
f 4664 4624 4623 4663
f 4665 4625 4624 4664
f 4666 4626 4625 4665
f 4667 4627 4626 4666
f 4668 4628 4627 4667
f 4669 4629 4628 4668
f 4670 4630 4629 4669
f 4671 4631 4630 4670
f 4672 4632 4631 4671
f 4673 4633 4632 4672
f 4674 4634 4633 4673
f 4675 4635 4634 4674
f 4676 4636 4635 4675
f 4677 4637 4636 4676
f 4678 4638 4637 4677
f 4679 4639 4638 4678
f 4680 4640 4639 4679
f 4682 4642 4641
f 4683 4643 4642 4682
f 4684 4644 4643 4683
f 4685 4645 4644 4684
f 4686 4646 4645 4685
f 4687 4647 4646 4686
f 4688 4648 4647 4687
f 4689 4649 4648 4688
f 4690 4650 4649 4689
f 4691 4651 4650 4690
f 4692 4652 4651 4691
f 4693 4653 4652 4692
f 4694 4654 4653 4693
f 4695 4655 4654 4694
f 4696 4656 4655 4695
f 4697 4657 4656 4696
f 4698 4658 4657 4697
f 4699 4659 4658 4698
f 4700 4660 4659 4699
f 4701 4661 4660 4700
f 4702 4662 4661 4701
f 4703 4663 4662 4702
f 4704 4664 4663 4703
f 4705 4665 4664 4704
f 4706 4666 4665 4705
f 4707 4667 4666 4706
f 4708 4668 4667 4707
f 4709 4669 4668 4708
f 4710 4670 4669 4709
f 4711 4671 4670 4710
f 4712 4672 4671 4711
f 4713 4673 4672 4712
f 4714 4674 4673 4713
f 4715 4675 4674 4714
f 4716 4676 4675 4715
f 4717 4677 4676 4716
f 4718 4678 4677 4717
f 4719 4679 4678 4718
f 4720 4680 4679 4719
f 4722 4682 4681
f 4723 4683 4682 4722
f 4724 4684 4683 4723
f 4725 4685 4684 4724
f 4726 4686 4685 4725
f 4727 4687 4686 4726
f 4728 4688 4687 4727
f 4729 4689 4688 4728
f 4730 4690 4689 4729
f 4731 4691 4690 4730
f 4732 4692 4691 4731
f 4733 4693 4692 4732
f 4734 4694 4693 4733
f 4735 4695 4694 4734
f 4736 4696 4695 4735
f 4737 4697 4696 4736
f 4738 4698 4697 4737
f 4739 4699 4698 4738
f 4740 4700 4699 4739
f 4741 4701 4700 4740
f 4742 4702 4701 4741
f 4743 4703 4702 4742
f 4744 4704 4703 4743
f 4745 4705 4704 4744
f 4746 4706 4705 4745
f 4747 4707 4706 4746
f 4748 4708 4707 4747
f 4749 4709 4708 4748
f 4750 4710 4709 4749
f 4751 4711 4710 4750
f 4752 4712 4711 4751
f 4753 4713 4712 4752
f 4754 4714 4713 4753
f 4755 4715 4714 4754
f 4756 4716 4715 4755
f 4757 4717 4716 4756
f 4758 4718 4717 4757
f 4759 4719 4718 4758
f 4760 4720 4719 4759
f 4762 4722 4721
f 4763 4723 4722 4762
f 4764 4724 4723 4763
f 4765 4725 4724 4764
f 4766 4726 4725 4765
f 4767 4727 4726 4766
f 4768 4728 4727 4767
f 4769 4729 4728 4768
f 4770 4730 4729 4769
f 4771 4731 4730 4770
f 4772 4732 4731 4771
f 4773 4733 4732 4772
f 4774 4734 4733 4773
f 4775 4735 4734 4774
f 4776 4736 4735 4775
f 4777 4737 4736 4776
f 4778 4738 4737 4777
f 4779 4739 4738 4778
f 4780 4740 4739 4779
f 4781 4741 4740 4780
f 4782 4742 4741 4781
f 4783 4743 4742 4782
f 4784 4744 4743 4783
f 4785 4745 4744 4784
f 4786 4746 4745 4785
f 4787 4747 4746 4786
f 4788 4748 4747 4787
f 4789 4749 4748 4788
f 4790 4750 4749 4789
f 4791 4751 4750 4790
f 4792 4752 4751 4791
f 4793 4753 4752 4792
f 4794 4754 4753 4793
f 4795 4755 4754 4794
f 4796 4756 4755 4795
f 4797 4757 4756 4796
f 4798 4758 4757 4797
f 4799 4759 4758 4798
f 4800 4760 4759 4799
f 4802 4762 4761
f 4803 4763 4762 4802
f 4804 4764 4763 4803
f 4805 4765 4764 4804
f 4806 4766 4765 4805
f 4807 4767 4766 4806
f 4808 4768 4767 4807
f 4809 4769 4768 4808
f 4810 4770 4769 4809
f 4811 4771 4770 4810
f 4812 4772 4771 4811
f 4813 4773 4772 4812
f 4814 4774 4773 4813
f 4815 4775 4774 4814
f 4816 4776 4775 4815
f 4817 4777 4776 4816
f 4818 4778 4777 4817
f 4819 4779 4778 4818
f 4820 4780 4779 4819
f 4821 4781 4780 4820
f 4822 4782 4781 4821
f 4823 4783 4782 4822
f 4824 4784 4783 4823
f 4825 4785 4784 4824
f 4826 4786 4785 4825
f 4827 4787 4786 4826
f 4828 4788 4787 4827
f 4829 4789 4788 4828
f 4830 4790 4789 4829
f 4831 4791 4790 4830
f 4832 4792 4791 4831
f 4833 4793 4792 4832
f 4834 4794 4793 4833
f 4835 4795 4794 4834
f 4836 4796 4795 4835
f 4837 4797 4796 4836
f 4838 4798 4797 4837
f 4839 4799 4798 4838
f 4840 4800 4799 4839
f 4842 4802 4801
f 4843 4803 4802 4842
f 4844 4804 4803 4843
f 4845 4805 4804 4844
f 4846 4806 4805 4845
f 4847 4807 4806 4846
f 4848 4808 4807 4847
f 4849 4809 4808 4848
f 4850 4810 4809 4849
f 4851 4811 4810 4850
f 4852 4812 4811 4851
f 4853 4813 4812 4852
f 4854 4814 4813 4853
f 4855 4815 4814 4854
f 4856 4816 4815 4855
f 4857 4817 4816 4856
f 4858 4818 4817 4857
f 4859 4819 4818 4858
f 4860 4820 4819 4859
f 4861 4821 4820 4860
f 4862 4822 4821 4861
f 4863 4823 4822 4862
f 4864 4824 4823 4863
f 4865 4825 4824 4864
f 4866 4826 4825 4865
f 4867 4827 4826 4866
f 4868 4828 4827 4867
f 4869 4829 4828 4868
f 4870 4830 4829 4869
f 4871 4831 4830 4870
f 4872 4832 4831 4871
f 4873 4833 4832 4872
f 4874 4834 4833 4873
f 4875 4835 4834 4874
f 4876 4836 4835 4875
f 4877 4837 4836 4876
f 4878 4838 4837 4877
f 4879 4839 4838 4878
f 4880 4840 4839 4879
f 4882 4842 4841
f 4883 4843 4842 4882
f 4884 4844 4843 4883
f 4885 4845 4844 4884
f 4886 4846 4845 4885
f 4887 4847 4846 4886
f 4888 4848 4847 4887
f 4889 4849 4848 4888
f 4890 4850 4849 4889
f 4891 4851 4850 4890
f 4892 4852 4851 4891
f 4893 4853 4852 4892
f 4894 4854 4853 4893
f 4895 4855 4854 4894
f 4896 4856 4855 4895
f 4897 4857 4856 4896
f 4898 4858 4857 4897
f 4899 4859 4858 4898
f 4900 4860 4859 4899
f 4901 4861 4860 4900
f 4902 4862 4861 4901
f 4903 4863 4862 4902
f 4904 4864 4863 4903
f 4905 4865 4864 4904
f 4906 4866 4865 4905
f 4907 4867 4866 4906
f 4908 4868 4867 4907
f 4909 4869 4868 4908
f 4910 4870 4869 4909
f 4911 4871 4870 4910
f 4912 4872 4871 4911
f 4913 4873 4872 4912
f 4914 4874 4873 4913
f 4915 4875 4874 4914
f 4916 4876 4875 4915
f 4917 4877 4876 4916
f 4918 4878 4877 4917
f 4919 4879 4878 4918
f 4920 4880 4879 4919
f 4922 4882 4881
f 4923 4883 4882 4922
f 4924 4884 4883 4923
f 4925 4885 4884 4924
f 4926 4886 4885 4925
f 4927 4887 4886 4926
f 4928 4888 4887 4927
f 4929 4889 4888 4928
f 4930 4890 4889 4929
f 4931 4891 4890 4930
f 4932 4892 4891 4931
f 4933 4893 4892 4932
f 4934 4894 4893 4933
f 4935 4895 4894 4934
f 4936 4896 4895 4935
f 4937 4897 4896 4936
f 4938 4898 4897 4937
f 4939 4899 4898 4938
f 4940 4900 4899 4939
f 4941 4901 4900 4940
f 4942 4902 4901 4941
f 4943 4903 4902 4942
f 4944 4904 4903 4943
f 4945 4905 4904 4944
f 4946 4906 4905 4945
f 4947 4907 4906 4946
f 4948 4908 4907 4947
f 4949 4909 4908 4948
f 4950 4910 4909 4949
f 4951 4911 4910 4950
f 4952 4912 4911 4951
f 4953 4913 4912 4952
f 4954 4914 4913 4953
f 4955 4915 4914 4954
f 4956 4916 4915 4955
f 4957 4917 4916 4956
f 4958 4918 4917 4957
f 4959 4919 4918 4958
f 4960 4920 4919 4959
f 4962 4922 4921
f 4963 4923 4922 4962
f 4964 4924 4923 4963
f 4965 4925 4924 4964
f 4966 4926 4925 4965
f 4967 4927 4926 4966
f 4968 4928 4927 4967
f 4969 4929 4928 4968
f 4970 4930 4929 4969
f 4971 4931 4930 4970
f 4972 4932 4931 4971
f 4973 4933 4932 4972
f 4974 4934 4933 4973
f 4975 4935 4934 4974
f 4976 4936 4935 4975
f 4977 4937 4936 4976
f 4978 4938 4937 4977
f 4979 4939 4938 4978
f 4980 4940 4939 4979
f 4981 4941 4940 4980
f 4982 4942 4941 4981
f 4983 4943 4942 4982
f 4984 4944 4943 4983
f 4985 4945 4944 4984
f 4986 4946 4945 4985
f 4987 4947 4946 4986
f 4988 4948 4947 4987
f 4989 4949 4948 4988
f 4990 4950 4949 4989
f 4991 4951 4950 4990
f 4992 4952 4951 4991
f 4993 4953 4952 4992
f 4994 4954 4953 4993
f 4995 4955 4954 4994
f 4996 4956 4955 4995
f 4997 4957 4956 4996
f 4998 4958 4957 4997
f 4999 4959 4958 4998
f 5000 4960 4959 4999
f 5002 4962 4961
f 5003 4963 4962 5002
f 5004 4964 4963 5003
f 5005 4965 4964 5004
f 5006 4966 4965 5005
f 5007 4967 4966 5006
f 5008 4968 4967 5007
f 5009 4969 4968 5008
f 5010 4970 4969 5009
f 5011 4971 4970 5010
f 5012 4972 4971 5011
f 5013 4973 4972 5012
f 5014 4974 4973 5013
f 5015 4975 4974 5014
f 5016 4976 4975 5015
f 5017 4977 4976 5016
f 5018 4978 4977 5017
f 5019 4979 4978 5018
f 5020 4980 4979 5019
f 5021 4981 4980 5020
f 5022 4982 4981 5021
f 5023 4983 4982 5022
f 5024 4984 4983 5023
f 5025 4985 4984 5024
f 5026 4986 4985 5025
f 5027 4987 4986 5026
f 5028 4988 4987 5027
f 5029 4989 4988 5028
f 5030 4990 4989 5029
f 5031 4991 4990 5030
f 5032 4992 4991 5031
f 5033 4993 4992 5032
f 5034 4994 4993 5033
f 5035 4995 4994 5034
f 5036 4996 4995 5035
f 5037 4997 4996 5036
f 5038 4998 4997 5037
f 5039 4999 4998 5038
f 5040 5000 4999 5039
f 5042 5002 5001
f 5043 5003 5002 5042
f 5044 5004 5003 5043
f 5045 5005 5004 5044
f 5046 5006 5005 5045
f 5047 5007 5006 5046
f 5048 5008 5007 5047
f 5049 5009 5008 5048
f 5050 5010 5009 5049
f 5051 5011 5010 5050
f 5052 5012 5011 5051
f 5053 5013 5012 5052
f 5054 5014 5013 5053
f 5055 5015 5014 5054
f 5056 5016 5015 5055
f 5057 5017 5016 5056
f 5058 5018 5017 5057
f 5059 5019 5018 5058
f 5060 5020 5019 5059
f 5061 5021 5020 5060
f 5062 5022 5021 5061
f 5063 5023 5022 5062
f 5064 5024 5023 5063
f 5065 5025 5024 5064
f 5066 5026 5025 5065
f 5067 5027 5026 5066
f 5068 5028 5027 5067
f 5069 5029 5028 5068
f 5070 5030 5029 5069
f 5071 5031 5030 5070
f 5072 5032 5031 5071
f 5073 5033 5032 5072
f 5074 5034 5033 5073
f 5075 5035 5034 5074
f 5076 5036 5035 5075
f 5077 5037 5036 5076
f 5078 5038 5037 5077
f 5079 5039 5038 5078
f 5080 5040 5039 5079
f 5082 5042 5041
f 5083 5043 5042 5082
f 5084 5044 5043 5083
f 5085 5045 5044 5084
f 5086 5046 5045 5085
f 5087 5047 5046 5086
f 5088 5048 5047 5087
f 5089 5049 5048 5088
f 5090 5050 5049 5089
f 5091 5051 5050 5090
f 5092 5052 5051 5091
f 5093 5053 5052 5092
f 5094 5054 5053 5093
f 5095 5055 5054 5094
f 5096 5056 5055 5095
f 5097 5057 5056 5096
f 5098 5058 5057 5097
f 5099 5059 5058 5098
f 5100 5060 5059 5099
f 5101 5061 5060 5100
f 5102 5062 5061 5101
f 5103 5063 5062 5102
f 5104 5064 5063 5103
f 5105 5065 5064 5104
f 5106 5066 5065 5105
f 5107 5067 5066 5106
f 5108 5068 5067 5107
f 5109 5069 5068 5108
f 5110 5070 5069 5109
f 5111 5071 5070 5110
f 5112 5072 5071 5111
f 5113 5073 5072 5112
f 5114 5074 5073 5113
f 5115 5075 5074 5114
f 5116 5076 5075 5115
f 5117 5077 5076 5116
f 5118 5078 5077 5117
f 5119 5079 5078 5118
f 5120 5080 5079 5119
f 5122 5082 5081
f 5123 5083 5082 5122
f 5124 5084 5083 5123
f 5125 5085 5084 5124
f 5126 5086 5085 5125
f 5127 5087 5086 5126
f 5128 5088 5087 5127
f 5129 5089 5088 5128
f 5130 5090 5089 5129
f 5131 5091 5090 5130
f 5132 5092 5091 5131
f 5133 5093 5092 5132
f 5134 5094 5093 5133
f 5135 5095 5094 5134
f 5136 5096 5095 5135
f 5137 5097 5096 5136
f 5138 5098 5097 5137
f 5139 5099 5098 5138
f 5140 5100 5099 5139
f 5141 5101 5100 5140
f 5142 5102 5101 5141
f 5143 5103 5102 5142
f 5144 5104 5103 5143
f 5145 5105 5104 5144
f 5146 5106 5105 5145
f 5147 5107 5106 5146
f 5148 5108 5107 5147
f 5149 5109 5108 5148
f 5150 5110 5109 5149
f 5151 5111 5110 5150
f 5152 5112 5111 5151
f 5153 5113 5112 5152
f 5154 5114 5113 5153
f 5155 5115 5114 5154
f 5156 5116 5115 5155
f 5157 5117 5116 5156
f 5158 5118 5117 5157
f 5159 5119 5118 5158
f 5160 5120 5119 5159
f 5162 5122 5121
f 5163 5123 5122 5162
f 5164 5124 5123 5163
f 5165 5125 5124 5164
f 5166 5126 5125 5165
f 5167 5127 5126 5166
f 5168 5128 5127 5167
f 5169 5129 5128 5168
f 5170 5130 5129 5169
f 5171 5131 5130 5170
f 5172 5132 5131 5171
f 5173 5133 5132 5172
f 5174 5134 5133 5173
f 5175 5135 5134 5174
f 5176 5136 5135 5175
f 5177 5137 5136 5176
f 5178 5138 5137 5177
f 5179 5139 5138 5178
f 5180 5140 5139 5179
f 5181 5141 5140 5180
f 5182 5142 5141 5181
f 5183 5143 5142 5182
f 5184 5144 5143 5183
f 5185 5145 5144 5184
f 5186 5146 5145 5185
f 5187 5147 5146 5186
f 5188 5148 5147 5187
f 5189 5149 5148 5188
f 5190 5150 5149 5189
f 5191 5151 5150 5190
f 5192 5152 5151 5191
f 5193 5153 5152 5192
f 5194 5154 5153 5193
f 5195 5155 5154 5194
f 5196 5156 5155 5195
f 5197 5157 5156 5196
f 5198 5158 5157 5197
f 5199 5159 5158 5198
f 5200 5160 5159 5199
f 5202 5162 5161
f 5203 5163 5162 5202
f 5204 5164 5163 5203
f 5205 5165 5164 5204
f 5206 5166 5165 5205
f 5207 5167 5166 5206
f 5208 5168 5167 5207
f 5209 5169 5168 5208
f 5210 5170 5169 5209
f 5211 5171 5170 5210
f 5212 5172 5171 5211
f 5213 5173 5172 5212
f 5214 5174 5173 5213
f 5215 5175 5174 5214
f 5216 5176 5175 5215
f 5217 5177 5176 5216
f 5218 5178 5177 5217
f 5219 5179 5178 5218
f 5220 5180 5179 5219
f 5221 5181 5180 5220
f 5222 5182 5181 5221
f 5223 5183 5182 5222
f 5224 5184 5183 5223
f 5225 5185 5184 5224
f 5226 5186 5185 5225
f 5227 5187 5186 5226
f 5228 5188 5187 5227
f 5229 5189 5188 5228
f 5230 5190 5189 5229
f 5231 5191 5190 5230
f 5232 5192 5191 5231
f 5233 5193 5192 5232
f 5234 5194 5193 5233
f 5235 5195 5194 5234
f 5236 5196 5195 5235
f 5237 5197 5196 5236
f 5238 5198 5197 5237
f 5239 5199 5198 5238
f 5240 5200 5199 5239
f 5242 5202 5201
f 5243 5203 5202 5242
f 5244 5204 5203 5243
f 5245 5205 5204 5244
f 5246 5206 5205 5245
f 5247 5207 5206 5246
f 5248 5208 5207 5247
f 5249 5209 5208 5248
f 5250 5210 5209 5249
f 5251 5211 5210 5250
f 5252 5212 5211 5251
f 5253 5213 5212 5252
f 5254 5214 5213 5253
f 5255 5215 5214 5254
f 5256 5216 5215 5255
f 5257 5217 5216 5256
f 5258 5218 5217 5257
f 5259 5219 5218 5258
f 5260 5220 5219 5259
f 5261 5221 5220 5260
f 5262 5222 5221 5261
f 5263 5223 5222 5262
f 5264 5224 5223 5263
f 5265 5225 5224 5264
f 5266 5226 5225 5265
f 5267 5227 5226 5266
f 5268 5228 5227 5267
f 5269 5229 5228 5268
f 5270 5230 5229 5269
f 5271 5231 5230 5270
f 5272 5232 5231 5271
f 5273 5233 5232 5272
f 5274 5234 5233 5273
f 5275 5235 5234 5274
f 5276 5236 5235 5275
f 5277 5237 5236 5276
f 5278 5238 5237 5277
f 5279 5239 5238 5278
f 5280 5240 5239 5279
f 5282 5242 5241
f 5283 5243 5242 5282
f 5284 5244 5243 5283
f 5285 5245 5244 5284
f 5286 5246 5245 5285
f 5287 5247 5246 5286
f 5288 5248 5247 5287
f 5289 5249 5248 5288
f 5290 5250 5249 5289
f 5291 5251 5250 5290
f 5292 5252 5251 5291
f 5293 5253 5252 5292
f 5294 5254 5253 5293
f 5295 5255 5254 5294
f 5296 5256 5255 5295
f 5297 5257 5256 5296
f 5298 5258 5257 5297
f 5299 5259 5258 5298
f 5300 5260 5259 5299
f 5301 5261 5260 5300
f 5302 5262 5261 5301
f 5303 5263 5262 5302
f 5304 5264 5263 5303
f 5305 5265 5264 5304
f 5306 5266 5265 5305
f 5307 5267 5266 5306
f 5308 5268 5267 5307
f 5309 5269 5268 5308
f 5310 5270 5269 5309
f 5311 5271 5270 5310
f 5312 5272 5271 5311
f 5313 5273 5272 5312
f 5314 5274 5273 5313
f 5315 5275 5274 5314
f 5316 5276 5275 5315
f 5317 5277 5276 5316
f 5318 5278 5277 5317
f 5319 5279 5278 5318
f 5320 5280 5279 5319
f 5322 5282 5281
f 5323 5283 5282 5322
f 5324 5284 5283 5323
f 5325 5285 5284 5324
f 5326 5286 5285 5325
f 5327 5287 5286 5326
f 5328 5288 5287 5327
f 5329 5289 5288 5328
f 5330 5290 5289 5329
f 5331 5291 5290 5330
f 5332 5292 5291 5331
f 5333 5293 5292 5332
f 5334 5294 5293 5333
f 5335 5295 5294 5334
f 5336 5296 5295 5335
f 5337 5297 5296 5336
f 5338 5298 5297 5337
f 5339 5299 5298 5338
f 5340 5300 5299 5339
f 5341 5301 5300 5340
f 5342 5302 5301 5341
f 5343 5303 5302 5342
f 5344 5304 5303 5343
f 5345 5305 5304 5344
f 5346 5306 5305 5345
f 5347 5307 5306 5346
f 5348 5308 5307 5347
f 5349 5309 5308 5348
f 5350 5310 5309 5349
f 5351 5311 5310 5350
f 5352 5312 5311 5351
f 5353 5313 5312 5352
f 5354 5314 5313 5353
f 5355 5315 5314 5354
f 5356 5316 5315 5355
f 5357 5317 5316 5356
f 5358 5318 5317 5357
f 5359 5319 5318 5358
f 5360 5320 5319 5359
f 5362 5322 5321
f 5363 5323 5322 5362
f 5364 5324 5323 5363
f 5365 5325 5324 5364
f 5366 5326 5325 5365
f 5367 5327 5326 5366
f 5368 5328 5327 5367
f 5369 5329 5328 5368
f 5370 5330 5329 5369
f 5371 5331 5330 5370
f 5372 5332 5331 5371
f 5373 5333 5332 5372
f 5374 5334 5333 5373
f 5375 5335 5334 5374
f 5376 5336 5335 5375
f 5377 5337 5336 5376
f 5378 5338 5337 5377
f 5379 5339 5338 5378
f 5380 5340 5339 5379
f 5381 5341 5340 5380
f 5382 5342 5341 5381
f 5383 5343 5342 5382
f 5384 5344 5343 5383
f 5385 5345 5344 5384
f 5386 5346 5345 5385
f 5387 5347 5346 5386
f 5388 5348 5347 5387
f 5389 5349 5348 5388
f 5390 5350 5349 5389
f 5391 5351 5350 5390
f 5392 5352 5351 5391
f 5393 5353 5352 5392
f 5394 5354 5353 5393
f 5395 5355 5354 5394
f 5396 5356 5355 5395
f 5397 5357 5356 5396
f 5398 5358 5357 5397
f 5399 5359 5358 5398
f 5400 5360 5359 5399
f 5402 5362 5361
f 5403 5363 5362 5402
f 5404 5364 5363 5403
f 5405 5365 5364 5404
f 5406 5366 5365 5405
f 5407 5367 5366 5406
f 5408 5368 5367 5407
f 5409 5369 5368 5408
f 5410 5370 5369 5409
f 5411 5371 5370 5410
f 5412 5372 5371 5411
f 5413 5373 5372 5412
f 5414 5374 5373 5413
f 5415 5375 5374 5414
f 5416 5376 5375 5415
f 5417 5377 5376 5416
f 5418 5378 5377 5417
f 5419 5379 5378 5418
f 5420 5380 5379 5419
f 5421 5381 5380 5420
f 5422 5382 5381 5421
f 5423 5383 5382 5422
f 5424 5384 5383 5423
f 5425 5385 5384 5424
f 5426 5386 5385 5425
f 5427 5387 5386 5426
f 5428 5388 5387 5427
f 5429 5389 5388 5428
f 5430 5390 5389 5429
f 5431 5391 5390 5430
f 5432 5392 5391 5431
f 5433 5393 5392 5432
f 5434 5394 5393 5433
f 5435 5395 5394 5434
f 5436 5396 5395 5435
f 5437 5397 5396 5436
f 5438 5398 5397 5437
f 5439 5399 5398 5438
f 5440 5400 5399 5439
f 5442 5402 5401
f 5443 5403 5402 5442
f 5444 5404 5403 5443
f 5445 5405 5404 5444
f 5446 5406 5405 5445
f 5447 5407 5406 5446
f 5448 5408 5407 5447
f 5449 5409 5408 5448
f 5450 5410 5409 5449
f 5451 5411 5410 5450
f 5452 5412 5411 5451
f 5453 5413 5412 5452
f 5454 5414 5413 5453
f 5455 5415 5414 5454
f 5456 5416 5415 5455
f 5457 5417 5416 5456
f 5458 5418 5417 5457
f 5459 5419 5418 5458
f 5460 5420 5419 5459
f 5461 5421 5420 5460
f 5462 5422 5421 5461
f 5463 5423 5422 5462
f 5464 5424 5423 5463
f 5465 5425 5424 5464
f 5466 5426 5425 5465
f 5467 5427 5426 5466
f 5468 5428 5427 5467
f 5469 5429 5428 5468
f 5470 5430 5429 5469
f 5471 5431 5430 5470
f 5472 5432 5431 5471
f 5473 5433 5432 5472
f 5474 5434 5433 5473
f 5475 5435 5434 5474
f 5476 5436 5435 5475
f 5477 5437 5436 5476
f 5478 5438 5437 5477
f 5479 5439 5438 5478
f 5480 5440 5439 5479
f 5482 5442 5441
f 5483 5443 5442 5482
f 5484 5444 5443 5483
f 5485 5445 5444 5484
f 5486 5446 5445 5485
f 5487 5447 5446 5486
f 5488 5448 5447 5487
f 5489 5449 5448 5488
f 5490 5450 5449 5489
f 5491 5451 5450 5490
f 5492 5452 5451 5491
f 5493 5453 5452 5492
f 5494 5454 5453 5493
f 5495 5455 5454 5494
f 5496 5456 5455 5495
f 5497 5457 5456 5496
f 5498 5458 5457 5497
f 5499 5459 5458 5498
f 5500 5460 5459 5499
f 5501 5461 5460 5500
f 5502 5462 5461 5501
f 5503 5463 5462 5502
f 5504 5464 5463 5503
f 5505 5465 5464 5504
f 5506 5466 5465 5505
f 5507 5467 5466 5506
f 5508 5468 5467 5507
f 5509 5469 5468 5508
f 5510 5470 5469 5509
f 5511 5471 5470 5510
f 5512 5472 5471 5511
f 5513 5473 5472 5512
f 5514 5474 5473 5513
f 5515 5475 5474 5514
f 5516 5476 5475 5515
f 5517 5477 5476 5516
f 5518 5478 5477 5517
f 5519 5479 5478 5518
f 5520 5480 5479 5519
f 5522 5482 5481
f 5523 5483 5482 5522
f 5524 5484 5483 5523
f 5525 5485 5484 5524
f 5526 5486 5485 5525
f 5527 5487 5486 5526
f 5528 5488 5487 5527
f 5529 5489 5488 5528
f 5530 5490 5489 5529
f 5531 5491 5490 5530
f 5532 5492 5491 5531
f 5533 5493 5492 5532
f 5534 5494 5493 5533
f 5535 5495 5494 5534
f 5536 5496 5495 5535
f 5537 5497 5496 5536
f 5538 5498 5497 5537
f 5539 5499 5498 5538
f 5540 5500 5499 5539
f 5541 5501 5500 5540
f 5542 5502 5501 5541
f 5543 5503 5502 5542
f 5544 5504 5503 5543
f 5545 5505 5504 5544
f 5546 5506 5505 5545
f 5547 5507 5506 5546
f 5548 5508 5507 5547
f 5549 5509 5508 5548
f 5550 5510 5509 5549
f 5551 5511 5510 5550
f 5552 5512 5511 5551
f 5553 5513 5512 5552
f 5554 5514 5513 5553
f 5555 5515 5514 5554
f 5556 5516 5515 5555
f 5557 5517 5516 5556
f 5558 5518 5517 5557
f 5559 5519 5518 5558
f 5560 5520 5519 5559
f 5562 5522 5521
f 5563 5523 5522 5562
f 5564 5524 5523 5563
f 5565 5525 5524 5564
f 5566 5526 5525 5565
f 5567 5527 5526 5566
f 5568 5528 5527 5567
f 5569 5529 5528 5568
f 5570 5530 5529 5569
f 5571 5531 5530 5570
f 5572 5532 5531 5571
f 5573 5533 5532 5572
f 5574 5534 5533 5573
f 5575 5535 5534 5574
f 5576 5536 5535 5575
f 5577 5537 5536 5576
f 5578 5538 5537 5577
f 5579 5539 5538 5578
f 5580 5540 5539 5579
f 5581 5541 5540 5580
f 5582 5542 5541 5581
f 5583 5543 5542 5582
f 5584 5544 5543 5583
f 5585 5545 5544 5584
f 5586 5546 5545 5585
f 5587 5547 5546 5586
f 5588 5548 5547 5587
f 5589 5549 5548 5588
f 5590 5550 5549 5589
f 5591 5551 5550 5590
f 5592 5552 5551 5591
f 5593 5553 5552 5592
f 5594 5554 5553 5593
f 5595 5555 5554 5594
f 5596 5556 5555 5595
f 5597 5557 5556 5596
f 5598 5558 5557 5597
f 5599 5559 5558 5598
f 5600 5560 5559 5599
f 5602 5562 5561
f 5603 5563 5562 5602
f 5604 5564 5563 5603
f 5605 5565 5564 5604
f 5606 5566 5565 5605
f 5607 5567 5566 5606
f 5608 5568 5567 5607
f 5609 5569 5568 5608
f 5610 5570 5569 5609
f 5611 5571 5570 5610
f 5612 5572 5571 5611
f 5613 5573 5572 5612
f 5614 5574 5573 5613
f 5615 5575 5574 5614
f 5616 5576 5575 5615
f 5617 5577 5576 5616
f 5618 5578 5577 5617
f 5619 5579 5578 5618
f 5620 5580 5579 5619
f 5621 5581 5580 5620
f 5622 5582 5581 5621
f 5623 5583 5582 5622
f 5624 5584 5583 5623
f 5625 5585 5584 5624
f 5626 5586 5585 5625
f 5627 5587 5586 5626
f 5628 5588 5587 5627
f 5629 5589 5588 5628
f 5630 5590 5589 5629
f 5631 5591 5590 5630
f 5632 5592 5591 5631
f 5633 5593 5592 5632
f 5634 5594 5593 5633
f 5635 5595 5594 5634
f 5636 5596 5595 5635
f 5637 5597 5596 5636
f 5638 5598 5597 5637
f 5639 5599 5598 5638
f 5640 5600 5599 5639
f 5642 5602 5601
f 5643 5603 5602 5642
f 5644 5604 5603 5643
f 5645 5605 5604 5644
f 5646 5606 5605 5645
f 5647 5607 5606 5646
f 5648 5608 5607 5647
f 5649 5609 5608 5648
f 5650 5610 5609 5649
f 5651 5611 5610 5650
f 5652 5612 5611 5651
f 5653 5613 5612 5652
f 5654 5614 5613 5653
f 5655 5615 5614 5654
f 5656 5616 5615 5655
f 5657 5617 5616 5656
f 5658 5618 5617 5657
f 5659 5619 5618 5658
f 5660 5620 5619 5659
f 5661 5621 5620 5660
f 5662 5622 5621 5661
f 5663 5623 5622 5662
f 5664 5624 5623 5663
f 5665 5625 5624 5664
f 5666 5626 5625 5665
f 5667 5627 5626 5666
f 5668 5628 5627 5667
f 5669 5629 5628 5668
f 5670 5630 5629 5669
f 5671 5631 5630 5670
f 5672 5632 5631 5671
f 5673 5633 5632 5672
f 5674 5634 5633 5673
f 5675 5635 5634 5674
f 5676 5636 5635 5675
f 5677 5637 5636 5676
f 5678 5638 5637 5677
f 5679 5639 5638 5678
f 5680 5640 5639 5679
f 5682 5642 5641
f 5683 5643 5642 5682
f 5684 5644 5643 5683
f 5685 5645 5644 5684
f 5686 5646 5645 5685
f 5687 5647 5646 5686
f 5688 5648 5647 5687
f 5689 5649 5648 5688
f 5690 5650 5649 5689
f 5691 5651 5650 5690
f 5692 5652 5651 5691
f 5693 5653 5652 5692
f 5694 5654 5653 5693
f 5695 5655 5654 5694
f 5696 5656 5655 5695
f 5697 5657 5656 5696
f 5698 5658 5657 5697
f 5699 5659 5658 5698
f 5700 5660 5659 5699
f 5701 5661 5660 5700
f 5702 5662 5661 5701
f 5703 5663 5662 5702
f 5704 5664 5663 5703
f 5705 5665 5664 5704
f 5706 5666 5665 5705
f 5707 5667 5666 5706
f 5708 5668 5667 5707
f 5709 5669 5668 5708
f 5710 5670 5669 5709
f 5711 5671 5670 5710
f 5712 5672 5671 5711
f 5713 5673 5672 5712
f 5714 5674 5673 5713
f 5715 5675 5674 5714
f 5716 5676 5675 5715
f 5717 5677 5676 5716
f 5718 5678 5677 5717
f 5719 5679 5678 5718
f 5720 5680 5679 5719
f 5722 5682 5681
f 5723 5683 5682 5722
f 5724 5684 5683 5723
f 5725 5685 5684 5724
f 5726 5686 5685 5725
f 5727 5687 5686 5726
f 5728 5688 5687 5727
f 5729 5689 5688 5728
f 5730 5690 5689 5729
f 5731 5691 5690 5730
f 5732 5692 5691 5731
f 5733 5693 5692 5732
f 5734 5694 5693 5733
f 5735 5695 5694 5734
f 5736 5696 5695 5735
f 5737 5697 5696 5736
f 5738 5698 5697 5737
f 5739 5699 5698 5738
f 5740 5700 5699 5739
f 5741 5701 5700 5740
f 5742 5702 5701 5741
f 5743 5703 5702 5742
f 5744 5704 5703 5743
f 5745 5705 5704 5744
f 5746 5706 5705 5745
f 5747 5707 5706 5746
f 5748 5708 5707 5747
f 5749 5709 5708 5748
f 5750 5710 5709 5749
f 5751 5711 5710 5750
f 5752 5712 5711 5751
f 5753 5713 5712 5752
f 5754 5714 5713 5753
f 5755 5715 5714 5754
f 5756 5716 5715 5755
f 5757 5717 5716 5756
f 5758 5718 5717 5757
f 5759 5719 5718 5758
f 5760 5720 5719 5759
f 5762 5722 5721
f 5763 5723 5722 5762
f 5764 5724 5723 5763
f 5765 5725 5724 5764
f 5766 5726 5725 5765
f 5767 5727 5726 5766
f 5768 5728 5727 5767
f 5769 5729 5728 5768
f 5770 5730 5729 5769
f 5771 5731 5730 5770
f 5772 5732 5731 5771
f 5773 5733 5732 5772
f 5774 5734 5733 5773
f 5775 5735 5734 5774
f 5776 5736 5735 5775
f 5777 5737 5736 5776
f 5778 5738 5737 5777
f 5779 5739 5738 5778
f 5780 5740 5739 5779
f 5781 5741 5740 5780
f 5782 5742 5741 5781
f 5783 5743 5742 5782
f 5784 5744 5743 5783
f 5785 5745 5744 5784
f 5786 5746 5745 5785
f 5787 5747 5746 5786
f 5788 5748 5747 5787
f 5789 5749 5748 5788
f 5790 5750 5749 5789
f 5791 5751 5750 5790
f 5792 5752 5751 5791
f 5793 5753 5752 5792
f 5794 5754 5753 5793
f 5795 5755 5754 5794
f 5796 5756 5755 5795
f 5797 5757 5756 5796
f 5798 5758 5757 5797
f 5799 5759 5758 5798
f 5800 5760 5759 5799
f 5802 5762 5761
f 5803 5763 5762 5802
f 5804 5764 5763 5803
f 5805 5765 5764 5804
f 5806 5766 5765 5805
f 5807 5767 5766 5806
f 5808 5768 5767 5807
f 5809 5769 5768 5808
f 5810 5770 5769 5809
f 5811 5771 5770 5810
f 5812 5772 5771 5811
f 5813 5773 5772 5812
f 5814 5774 5773 5813
f 5815 5775 5774 5814
f 5816 5776 5775 5815
f 5817 5777 5776 5816
f 5818 5778 5777 5817
f 5819 5779 5778 5818
f 5820 5780 5779 5819
f 5821 5781 5780 5820
f 5822 5782 5781 5821
f 5823 5783 5782 5822
f 5824 5784 5783 5823
f 5825 5785 5784 5824
f 5826 5786 5785 5825
f 5827 5787 5786 5826
f 5828 5788 5787 5827
f 5829 5789 5788 5828
f 5830 5790 5789 5829
f 5831 5791 5790 5830
f 5832 5792 5791 5831
f 5833 5793 5792 5832
f 5834 5794 5793 5833
f 5835 5795 5794 5834
f 5836 5796 5795 5835
f 5837 5797 5796 5836
f 5838 5798 5797 5837
f 5839 5799 5798 5838
f 5840 5800 5799 5839
f 5842 5802 5801
f 5843 5803 5802 5842
f 5844 5804 5803 5843
f 5845 5805 5804 5844
f 5846 5806 5805 5845
f 5847 5807 5806 5846
f 5848 5808 5807 5847
f 5849 5809 5808 5848
f 5850 5810 5809 5849
f 5851 5811 5810 5850
f 5852 5812 5811 5851
f 5853 5813 5812 5852
f 5854 5814 5813 5853
f 5855 5815 5814 5854
f 5856 5816 5815 5855
f 5857 5817 5816 5856
f 5858 5818 5817 5857
f 5859 5819 5818 5858
f 5860 5820 5819 5859
f 5861 5821 5820 5860
f 5862 5822 5821 5861
f 5863 5823 5822 5862
f 5864 5824 5823 5863
f 5865 5825 5824 5864
f 5866 5826 5825 5865
f 5867 5827 5826 5866
f 5868 5828 5827 5867
f 5869 5829 5828 5868
f 5870 5830 5829 5869
f 5871 5831 5830 5870
f 5872 5832 5831 5871
f 5873 5833 5832 5872
f 5874 5834 5833 5873
f 5875 5835 5834 5874
f 5876 5836 5835 5875
f 5877 5837 5836 5876
f 5878 5838 5837 5877
f 5879 5839 5838 5878
f 5880 5840 5839 5879
f 5882 5842 5841
f 5883 5843 5842 5882
f 5884 5844 5843 5883
f 5885 5845 5844 5884
f 5886 5846 5845 5885
f 5887 5847 5846 5886
f 5888 5848 5847 5887
f 5889 5849 5848 5888
f 5890 5850 5849 5889
f 5891 5851 5850 5890
f 5892 5852 5851 5891
f 5893 5853 5852 5892
f 5894 5854 5853 5893
f 5895 5855 5854 5894
f 5896 5856 5855 5895
f 5897 5857 5856 5896
f 5898 5858 5857 5897
f 5899 5859 5858 5898
f 5900 5860 5859 5899
f 5901 5861 5860 5900
f 5902 5862 5861 5901
f 5903 5863 5862 5902
f 5904 5864 5863 5903
f 5905 5865 5864 5904
f 5906 5866 5865 5905
f 5907 5867 5866 5906
f 5908 5868 5867 5907
f 5909 5869 5868 5908
f 5910 5870 5869 5909
f 5911 5871 5870 5910
f 5912 5872 5871 5911
f 5913 5873 5872 5912
f 5914 5874 5873 5913
f 5915 5875 5874 5914
f 5916 5876 5875 5915
f 5917 5877 5876 5916
f 5918 5878 5877 5917
f 5919 5879 5878 5918
f 5920 5880 5879 5919
f 5922 5882 5881
f 5923 5883 5882 5922
f 5924 5884 5883 5923
f 5925 5885 5884 5924
f 5926 5886 5885 5925
f 5927 5887 5886 5926
f 5928 5888 5887 5927
f 5929 5889 5888 5928
f 5930 5890 5889 5929
f 5931 5891 5890 5930
f 5932 5892 5891 5931
f 5933 5893 5892 5932
f 5934 5894 5893 5933
f 5935 5895 5894 5934
f 5936 5896 5895 5935
f 5937 5897 5896 5936
f 5938 5898 5897 5937
f 5939 5899 5898 5938
f 5940 5900 5899 5939
f 5941 5901 5900 5940
f 5942 5902 5901 5941
f 5943 5903 5902 5942
f 5944 5904 5903 5943
f 5945 5905 5904 5944
f 5946 5906 5905 5945
f 5947 5907 5906 5946
f 5948 5908 5907 5947
f 5949 5909 5908 5948
f 5950 5910 5909 5949
f 5951 5911 5910 5950
f 5952 5912 5911 5951
f 5953 5913 5912 5952
f 5954 5914 5913 5953
f 5955 5915 5914 5954
f 5956 5916 5915 5955
f 5957 5917 5916 5956
f 5958 5918 5917 5957
f 5959 5919 5918 5958
f 5960 5920 5919 5959
f 5962 5922 5921
f 5963 5923 5922 5962
f 5964 5924 5923 5963
f 5965 5925 5924 5964
f 5966 5926 5925 5965
f 5967 5927 5926 5966
f 5968 5928 5927 5967
f 5969 5929 5928 5968
f 5970 5930 5929 5969
f 5971 5931 5930 5970
f 5972 5932 5931 5971
f 5973 5933 5932 5972
f 5974 5934 5933 5973
f 5975 5935 5934 5974
f 5976 5936 5935 5975
f 5977 5937 5936 5976
f 5978 5938 5937 5977
f 5979 5939 5938 5978
f 5980 5940 5939 5979
f 5981 5941 5940 5980
f 5982 5942 5941 5981
f 5983 5943 5942 5982
f 5984 5944 5943 5983
f 5985 5945 5944 5984
f 5986 5946 5945 5985
f 5987 5947 5946 5986
f 5988 5948 5947 5987
f 5989 5949 5948 5988
f 5990 5950 5949 5989
f 5991 5951 5950 5990
f 5992 5952 5951 5991
f 5993 5953 5952 5992
f 5994 5954 5953 5993
f 5995 5955 5954 5994
f 5996 5956 5955 5995
f 5997 5957 5956 5996
f 5998 5958 5957 5997
f 5999 5959 5958 5998
f 6000 5960 5959 5999
f 6002 5962 5961
f 6003 5963 5962 6002
f 6004 5964 5963 6003
f 6005 5965 5964 6004
f 6006 5966 5965 6005
f 6007 5967 5966 6006
f 6008 5968 5967 6007
f 6009 5969 5968 6008
f 6010 5970 5969 6009
f 6011 5971 5970 6010
f 6012 5972 5971 6011
f 6013 5973 5972 6012
f 6014 5974 5973 6013
f 6015 5975 5974 6014
f 6016 5976 5975 6015
f 6017 5977 5976 6016
f 6018 5978 5977 6017
f 6019 5979 5978 6018
f 6020 5980 5979 6019
f 6021 5981 5980 6020
f 6022 5982 5981 6021
f 6023 5983 5982 6022
f 6024 5984 5983 6023
f 6025 5985 5984 6024
f 6026 5986 5985 6025
f 6027 5987 5986 6026
f 6028 5988 5987 6027
f 6029 5989 5988 6028
f 6030 5990 5989 6029
f 6031 5991 5990 6030
f 6032 5992 5991 6031
f 6033 5993 5992 6032
f 6034 5994 5993 6033
f 6035 5995 5994 6034
f 6036 5996 5995 6035
f 6037 5997 5996 6036
f 6038 5998 5997 6037
f 6039 5999 5998 6038
f 6040 6000 5999 6039
f 6042 6002 6001
f 6043 6003 6002 6042
f 6044 6004 6003 6043
f 6045 6005 6004 6044
f 6046 6006 6005 6045
f 6047 6007 6006 6046
f 6048 6008 6007 6047
f 6049 6009 6008 6048
f 6050 6010 6009 6049
f 6051 6011 6010 6050
f 6052 6012 6011 6051
f 6053 6013 6012 6052
f 6054 6014 6013 6053
f 6055 6015 6014 6054
f 6056 6016 6015 6055
f 6057 6017 6016 6056
f 6058 6018 6017 6057
f 6059 6019 6018 6058
f 6060 6020 6019 6059
f 6061 6021 6020 6060
f 6062 6022 6021 6061
f 6063 6023 6022 6062
f 6064 6024 6023 6063
f 6065 6025 6024 6064
f 6066 6026 6025 6065
f 6067 6027 6026 6066
f 6068 6028 6027 6067
f 6069 6029 6028 6068
f 6070 6030 6029 6069
f 6071 6031 6030 6070
f 6072 6032 6031 6071
f 6073 6033 6032 6072
f 6074 6034 6033 6073
f 6075 6035 6034 6074
f 6076 6036 6035 6075
f 6077 6037 6036 6076
f 6078 6038 6037 6077
f 6079 6039 6038 6078
f 6080 6040 6039 6079
f 6082 6042 6041
f 6083 6043 6042 6082
f 6084 6044 6043 6083
f 6085 6045 6044 6084
f 6086 6046 6045 6085
f 6087 6047 6046 6086
f 6088 6048 6047 6087
f 6089 6049 6048 6088
f 6090 6050 6049 6089
f 6091 6051 6050 6090
f 6092 6052 6051 6091
f 6093 6053 6052 6092
f 6094 6054 6053 6093
f 6095 6055 6054 6094
f 6096 6056 6055 6095
f 6097 6057 6056 6096
f 6098 6058 6057 6097
f 6099 6059 6058 6098
f 6100 6060 6059 6099
f 6101 6061 6060 6100
f 6102 6062 6061 6101
f 6103 6063 6062 6102
f 6104 6064 6063 6103
f 6105 6065 6064 6104
f 6106 6066 6065 6105
f 6107 6067 6066 6106
f 6108 6068 6067 6107
f 6109 6069 6068 6108
f 6110 6070 6069 6109
f 6111 6071 6070 6110
f 6112 6072 6071 6111
f 6113 6073 6072 6112
f 6114 6074 6073 6113
f 6115 6075 6074 6114
f 6116 6076 6075 6115
f 6117 6077 6076 6116
f 6118 6078 6077 6117
f 6119 6079 6078 6118
f 6120 6080 6079 6119
f 6122 6082 6081
f 6123 6083 6082 6122
f 6124 6084 6083 6123
f 6125 6085 6084 6124
f 6126 6086 6085 6125
f 6127 6087 6086 6126
f 6128 6088 6087 6127
f 6129 6089 6088 6128
f 6130 6090 6089 6129
f 6131 6091 6090 6130
f 6132 6092 6091 6131
f 6133 6093 6092 6132
f 6134 6094 6093 6133
f 6135 6095 6094 6134
f 6136 6096 6095 6135
f 6137 6097 6096 6136
f 6138 6098 6097 6137
f 6139 6099 6098 6138
f 6140 6100 6099 6139
f 6141 6101 6100 6140
f 6142 6102 6101 6141
f 6143 6103 6102 6142
f 6144 6104 6103 6143
f 6145 6105 6104 6144
f 6146 6106 6105 6145
f 6147 6107 6106 6146
f 6148 6108 6107 6147
f 6149 6109 6108 6148
f 6150 6110 6109 6149
f 6151 6111 6110 6150
f 6152 6112 6111 6151
f 6153 6113 6112 6152
f 6154 6114 6113 6153
f 6155 6115 6114 6154
f 6156 6116 6115 6155
f 6157 6117 6116 6156
f 6158 6118 6117 6157
f 6159 6119 6118 6158
f 6160 6120 6119 6159
f 6162 6122 6121
f 6163 6123 6122 6162
f 6164 6124 6123 6163
f 6165 6125 6124 6164
f 6166 6126 6125 6165
f 6167 6127 6126 6166
f 6168 6128 6127 6167
f 6169 6129 6128 6168
f 6170 6130 6129 6169
f 6171 6131 6130 6170
f 6172 6132 6131 6171
f 6173 6133 6132 6172
f 6174 6134 6133 6173
f 6175 6135 6134 6174
f 6176 6136 6135 6175
f 6177 6137 6136 6176
f 6178 6138 6137 6177
f 6179 6139 6138 6178
f 6180 6140 6139 6179
f 6181 6141 6140 6180
f 6182 6142 6141 6181
f 6183 6143 6142 6182
f 6184 6144 6143 6183
f 6185 6145 6144 6184
f 6186 6146 6145 6185
f 6187 6147 6146 6186
f 6188 6148 6147 6187
f 6189 6149 6148 6188
f 6190 6150 6149 6189
f 6191 6151 6150 6190
f 6192 6152 6151 6191
f 6193 6153 6152 6192
f 6194 6154 6153 6193
f 6195 6155 6154 6194
f 6196 6156 6155 6195
f 6197 6157 6156 6196
f 6198 6158 6157 6197
f 6199 6159 6158 6198
f 6200 6160 6159 6199
f 6202 6162 6161
f 6203 6163 6162 6202
f 6204 6164 6163 6203
f 6205 6165 6164 6204
f 6206 6166 6165 6205
f 6207 6167 6166 6206
f 6208 6168 6167 6207
f 6209 6169 6168 6208
f 6210 6170 6169 6209
f 6211 6171 6170 6210
f 6212 6172 6171 6211
f 6213 6173 6172 6212
f 6214 6174 6173 6213
f 6215 6175 6174 6214
f 6216 6176 6175 6215
f 6217 6177 6176 6216
f 6218 6178 6177 6217
f 6219 6179 6178 6218
f 6220 6180 6179 6219
f 6221 6181 6180 6220
f 6222 6182 6181 6221
f 6223 6183 6182 6222
f 6224 6184 6183 6223
f 6225 6185 6184 6224
f 6226 6186 6185 6225
f 6227 6187 6186 6226
f 6228 6188 6187 6227
f 6229 6189 6188 6228
f 6230 6190 6189 6229
f 6231 6191 6190 6230
f 6232 6192 6191 6231
f 6233 6193 6192 6232
f 6234 6194 6193 6233
f 6235 6195 6194 6234
f 6236 6196 6195 6235
f 6237 6197 6196 6236
f 6238 6198 6197 6237
f 6239 6199 6198 6238
f 6240 6200 6199 6239
f 6242 6202 6201
f 6243 6203 6202 6242
f 6244 6204 6203 6243
f 6245 6205 6204 6244
f 6246 6206 6205 6245
f 6247 6207 6206 6246
f 6248 6208 6207 6247
f 6249 6209 6208 6248
f 6250 6210 6209 6249
f 6251 6211 6210 6250
f 6252 6212 6211 6251
f 6253 6213 6212 6252
f 6254 6214 6213 6253
f 6255 6215 6214 6254
f 6256 6216 6215 6255
f 6257 6217 6216 6256
f 6258 6218 6217 6257
f 6259 6219 6218 6258
f 6260 6220 6219 6259
f 6261 6221 6220 6260
f 6262 6222 6221 6261
f 6263 6223 6222 6262
f 6264 6224 6223 6263
f 6265 6225 6224 6264
f 6266 6226 6225 6265
f 6267 6227 6226 6266
f 6268 6228 6227 6267
f 6269 6229 6228 6268
f 6270 6230 6229 6269
f 6271 6231 6230 6270
f 6272 6232 6231 6271
f 6273 6233 6232 6272
f 6274 6234 6233 6273
f 6275 6235 6234 6274
f 6276 6236 6235 6275
f 6277 6237 6236 6276
f 6278 6238 6237 6277
f 6279 6239 6238 6278
f 6280 6240 6239 6279
f 6282 6242 6241
f 6283 6243 6242 6282
f 6284 6244 6243 6283
f 6285 6245 6244 6284
f 6286 6246 6245 6285
f 6287 6247 6246 6286
f 6288 6248 6247 6287
f 6289 6249 6248 6288
f 6290 6250 6249 6289
f 6291 6251 6250 6290
f 6292 6252 6251 6291
f 6293 6253 6252 6292
f 6294 6254 6253 6293
f 6295 6255 6254 6294
f 6296 6256 6255 6295
f 6297 6257 6256 6296
f 6298 6258 6257 6297
f 6299 6259 6258 6298
f 6300 6260 6259 6299
f 6301 6261 6260 6300
f 6302 6262 6261 6301
f 6303 6263 6262 6302
f 6304 6264 6263 6303
f 6305 6265 6264 6304
f 6306 6266 6265 6305
f 6307 6267 6266 6306
f 6308 6268 6267 6307
f 6309 6269 6268 6308
f 6310 6270 6269 6309
f 6311 6271 6270 6310
f 6312 6272 6271 6311
f 6313 6273 6272 6312
f 6314 6274 6273 6313
f 6315 6275 6274 6314
f 6316 6276 6275 6315
f 6317 6277 6276 6316
f 6318 6278 6277 6317
f 6319 6279 6278 6318
f 6320 6280 6279 6319
f 6322 6282 6281
f 6323 6283 6282 6322
f 6324 6284 6283 6323
f 6325 6285 6284 6324
f 6326 6286 6285 6325
f 6327 6287 6286 6326
f 6328 6288 6287 6327
f 6329 6289 6288 6328
f 6330 6290 6289 6329
f 6331 6291 6290 6330
f 6332 6292 6291 6331
f 6333 6293 6292 6332
f 6334 6294 6293 6333
f 6335 6295 6294 6334
f 6336 6296 6295 6335
f 6337 6297 6296 6336
f 6338 6298 6297 6337
f 6339 6299 6298 6338
f 6340 6300 6299 6339
f 6341 6301 6300 6340
f 6342 6302 6301 6341
f 6343 6303 6302 6342
f 6344 6304 6303 6343
f 6345 6305 6304 6344
f 6346 6306 6305 6345
f 6347 6307 6306 6346
f 6348 6308 6307 6347
f 6349 6309 6308 6348
f 6350 6310 6309 6349
f 6351 6311 6310 6350
f 6352 6312 6311 6351
f 6353 6313 6312 6352
f 6354 6314 6313 6353
f 6355 6315 6314 6354
f 6356 6316 6315 6355
f 6357 6317 6316 6356
f 6358 6318 6317 6357
f 6359 6319 6318 6358
f 6360 6320 6319 6359
f 6362 6322 6321
f 6363 6323 6322 6362
f 6364 6324 6323 6363
f 6365 6325 6324 6364
f 6366 6326 6325 6365
f 6367 6327 6326 6366
f 6368 6328 6327 6367
f 6369 6329 6328 6368
f 6370 6330 6329 6369
f 6371 6331 6330 6370
f 6372 6332 6331 6371
f 6373 6333 6332 6372
f 6374 6334 6333 6373
f 6375 6335 6334 6374
f 6376 6336 6335 6375
f 6377 6337 6336 6376
f 6378 6338 6337 6377
f 6379 6339 6338 6378
f 6380 6340 6339 6379
f 6381 6341 6340 6380
f 6382 6342 6341 6381
f 6383 6343 6342 6382
f 6384 6344 6343 6383
f 6385 6345 6344 6384
f 6386 6346 6345 6385
f 6387 6347 6346 6386
f 6388 6348 6347 6387
f 6389 6349 6348 6388
f 6390 6350 6349 6389
f 6391 6351 6350 6390
f 6392 6352 6351 6391
f 6393 6353 6352 6392
f 6394 6354 6353 6393
f 6395 6355 6354 6394
f 6396 6356 6355 6395
f 6397 6357 6356 6396
f 6398 6358 6357 6397
f 6399 6359 6358 6398
f 6400 6360 6359 6399
f 6402 6362 6361
f 6403 6363 6362 6402
f 6404 6364 6363 6403
f 6405 6365 6364 6404
f 6406 6366 6365 6405
f 6407 6367 6366 6406
f 6408 6368 6367 6407
f 6409 6369 6368 6408
f 6410 6370 6369 6409
f 6411 6371 6370 6410
f 6412 6372 6371 6411
f 6413 6373 6372 6412
f 6414 6374 6373 6413
f 6415 6375 6374 6414
f 6416 6376 6375 6415
f 6417 6377 6376 6416
f 6418 6378 6377 6417
f 6419 6379 6378 6418
f 6420 6380 6379 6419
f 6421 6381 6380 6420
f 6422 6382 6381 6421
f 6423 6383 6382 6422
f 6424 6384 6383 6423
f 6425 6385 6384 6424
f 6426 6386 6385 6425
f 6427 6387 6386 6426
f 6428 6388 6387 6427
f 6429 6389 6388 6428
f 6430 6390 6389 6429
f 6431 6391 6390 6430
f 6432 6392 6391 6431
f 6433 6393 6392 6432
f 6434 6394 6393 6433
f 6435 6395 6394 6434
f 6436 6396 6395 6435
f 6437 6397 6396 6436
f 6438 6398 6397 6437
f 6439 6399 6398 6438
f 6440 6400 6399 6439
f 6442 6402 6401
f 6443 6403 6402 6442
f 6444 6404 6403 6443
f 6445 6405 6404 6444
f 6446 6406 6405 6445
f 6447 6407 6406 6446
f 6448 6408 6407 6447
f 6449 6409 6408 6448
f 6450 6410 6409 6449
f 6451 6411 6410 6450
f 6452 6412 6411 6451
f 6453 6413 6412 6452
f 6454 6414 6413 6453
f 6455 6415 6414 6454
f 6456 6416 6415 6455
f 6457 6417 6416 6456
f 6458 6418 6417 6457
f 6459 6419 6418 6458
f 6460 6420 6419 6459
f 6461 6421 6420 6460
f 6462 6422 6421 6461
f 6463 6423 6422 6462
f 6464 6424 6423 6463
f 6465 6425 6424 6464
f 6466 6426 6425 6465
f 6467 6427 6426 6466
f 6468 6428 6427 6467
f 6469 6429 6428 6468
f 6470 6430 6429 6469
f 6471 6431 6430 6470
f 6472 6432 6431 6471
f 6473 6433 6432 6472
f 6474 6434 6433 6473
f 6475 6435 6434 6474
f 6476 6436 6435 6475
f 6477 6437 6436 6476
f 6478 6438 6437 6477
f 6479 6439 6438 6478
f 6480 6440 6439 6479
f 6482 6442 6441
f 6483 6443 6442 6482
f 6484 6444 6443 6483
f 6485 6445 6444 6484
f 6486 6446 6445 6485
f 6487 6447 6446 6486
f 6488 6448 6447 6487
f 6489 6449 6448 6488
f 6490 6450 6449 6489
f 6491 6451 6450 6490
f 6492 6452 6451 6491
f 6493 6453 6452 6492
f 6494 6454 6453 6493
f 6495 6455 6454 6494
f 6496 6456 6455 6495
f 6497 6457 6456 6496
f 6498 6458 6457 6497
f 6499 6459 6458 6498
f 6500 6460 6459 6499
f 6501 6461 6460 6500
f 6502 6462 6461 6501
f 6503 6463 6462 6502
f 6504 6464 6463 6503
f 6505 6465 6464 6504
f 6506 6466 6465 6505
f 6507 6467 6466 6506
f 6508 6468 6467 6507
f 6509 6469 6468 6508
f 6510 6470 6469 6509
f 6511 6471 6470 6510
f 6512 6472 6471 6511
f 6513 6473 6472 6512
f 6514 6474 6473 6513
f 6515 6475 6474 6514
f 6516 6476 6475 6515
f 6517 6477 6476 6516
f 6518 6478 6477 6517
f 6519 6479 6478 6518
f 6520 6480 6479 6519
f 6522 6482 6481
f 6523 6483 6482 6522
f 6524 6484 6483 6523
f 6525 6485 6484 6524
f 6526 6486 6485 6525
f 6527 6487 6486 6526
f 6528 6488 6487 6527
f 6529 6489 6488 6528
f 6530 6490 6489 6529
f 6531 6491 6490 6530
f 6532 6492 6491 6531
f 6533 6493 6492 6532
f 6534 6494 6493 6533
f 6535 6495 6494 6534
f 6536 6496 6495 6535
f 6537 6497 6496 6536
f 6538 6498 6497 6537
f 6539 6499 6498 6538
f 6540 6500 6499 6539
f 6541 6501 6500 6540
f 6542 6502 6501 6541
f 6543 6503 6502 6542
f 6544 6504 6503 6543
f 6545 6505 6504 6544
f 6546 6506 6505 6545
f 6547 6507 6506 6546
f 6548 6508 6507 6547
f 6549 6509 6508 6548
f 6550 6510 6509 6549
f 6551 6511 6510 6550
f 6552 6512 6511 6551
f 6553 6513 6512 6552
f 6554 6514 6513 6553
f 6555 6515 6514 6554
f 6556 6516 6515 6555
f 6557 6517 6516 6556
f 6558 6518 6517 6557
f 6559 6519 6518 6558
f 6560 6520 6519 6559
f 6562 6522 6521
f 6563 6523 6522 6562
f 6564 6524 6523 6563
f 6565 6525 6524 6564
f 6566 6526 6525 6565
f 6567 6527 6526 6566
f 6568 6528 6527 6567
f 6569 6529 6528 6568
f 6570 6530 6529 6569
f 6571 6531 6530 6570
f 6572 6532 6531 6571
f 6573 6533 6532 6572
f 6574 6534 6533 6573
f 6575 6535 6534 6574
f 6576 6536 6535 6575
f 6577 6537 6536 6576
f 6578 6538 6537 6577
f 6579 6539 6538 6578
f 6580 6540 6539 6579
f 6581 6541 6540 6580
f 6582 6542 6541 6581
f 6583 6543 6542 6582
f 6584 6544 6543 6583
f 6585 6545 6544 6584
f 6586 6546 6545 6585
f 6587 6547 6546 6586
f 6588 6548 6547 6587
f 6589 6549 6548 6588
f 6590 6550 6549 6589
f 6591 6551 6550 6590
f 6592 6552 6551 6591
f 6593 6553 6552 6592
f 6594 6554 6553 6593
f 6595 6555 6554 6594
f 6596 6556 6555 6595
f 6597 6557 6556 6596
f 6598 6558 6557 6597
f 6599 6559 6558 6598
f 6600 6560 6559 6599
f 6602 6562 6561
f 6603 6563 6562 6602
f 6604 6564 6563 6603
f 6605 6565 6564 6604
f 6606 6566 6565 6605
f 6607 6567 6566 6606
f 6608 6568 6567 6607
f 6609 6569 6568 6608
f 6610 6570 6569 6609
f 6611 6571 6570 6610
f 6612 6572 6571 6611
f 6613 6573 6572 6612
f 6614 6574 6573 6613
f 6615 6575 6574 6614
f 6616 6576 6575 6615
f 6617 6577 6576 6616
f 6618 6578 6577 6617
f 6619 6579 6578 6618
f 6620 6580 6579 6619
f 6621 6581 6580 6620
f 6622 6582 6581 6621
f 6623 6583 6582 6622
f 6624 6584 6583 6623
f 6625 6585 6584 6624
f 6626 6586 6585 6625
f 6627 6587 6586 6626
f 6628 6588 6587 6627
f 6629 6589 6588 6628
f 6630 6590 6589 6629
f 6631 6591 6590 6630
f 6632 6592 6591 6631
f 6633 6593 6592 6632
f 6634 6594 6593 6633
f 6635 6595 6594 6634
f 6636 6596 6595 6635
f 6637 6597 6596 6636
f 6638 6598 6597 6637
f 6639 6599 6598 6638
f 6640 6600 6599 6639
f 6642 6602 6601
f 6643 6603 6602 6642
f 6644 6604 6603 6643
f 6645 6605 6604 6644
f 6646 6606 6605 6645
f 6647 6607 6606 6646
f 6648 6608 6607 6647
f 6649 6609 6608 6648
f 6650 6610 6609 6649
f 6651 6611 6610 6650
f 6652 6612 6611 6651
f 6653 6613 6612 6652
f 6654 6614 6613 6653
f 6655 6615 6614 6654
f 6656 6616 6615 6655
f 6657 6617 6616 6656
f 6658 6618 6617 6657
f 6659 6619 6618 6658
f 6660 6620 6619 6659
f 6661 6621 6620 6660
f 6662 6622 6621 6661
f 6663 6623 6622 6662
f 6664 6624 6623 6663
f 6665 6625 6624 6664
f 6666 6626 6625 6665
f 6667 6627 6626 6666
f 6668 6628 6627 6667
f 6669 6629 6628 6668
f 6670 6630 6629 6669
f 6671 6631 6630 6670
f 6672 6632 6631 6671
f 6673 6633 6632 6672
f 6674 6634 6633 6673
f 6675 6635 6634 6674
f 6676 6636 6635 6675
f 6677 6637 6636 6676
f 6678 6638 6637 6677
f 6679 6639 6638 6678
f 6680 6640 6639 6679
f 6682 6642 6641
f 6683 6643 6642 6682
f 6684 6644 6643 6683
f 6685 6645 6644 6684
f 6686 6646 6645 6685
f 6687 6647 6646 6686
f 6688 6648 6647 6687
f 6689 6649 6648 6688
f 6690 6650 6649 6689
f 6691 6651 6650 6690
f 6692 6652 6651 6691
f 6693 6653 6652 6692
f 6694 6654 6653 6693
f 6695 6655 6654 6694
f 6696 6656 6655 6695
f 6697 6657 6656 6696
f 6698 6658 6657 6697
f 6699 6659 6658 6698
f 6700 6660 6659 6699
f 6701 6661 6660 6700
f 6702 6662 6661 6701
f 6703 6663 6662 6702
f 6704 6664 6663 6703
f 6705 6665 6664 6704
f 6706 6666 6665 6705
f 6707 6667 6666 6706
f 6708 6668 6667 6707
f 6709 6669 6668 6708
f 6710 6670 6669 6709
f 6711 6671 6670 6710
f 6712 6672 6671 6711
f 6713 6673 6672 6712
f 6714 6674 6673 6713
f 6715 6675 6674 6714
f 6716 6676 6675 6715
f 6717 6677 6676 6716
f 6718 6678 6677 6717
f 6719 6679 6678 6718
f 6720 6680 6679 6719
f 6722 6682 6681
f 6723 6683 6682 6722
f 6724 6684 6683 6723
f 6725 6685 6684 6724
f 6726 6686 6685 6725
f 6727 6687 6686 6726
f 6728 6688 6687 6727
f 6729 6689 6688 6728
f 6730 6690 6689 6729
f 6731 6691 6690 6730
f 6732 6692 6691 6731
f 6733 6693 6692 6732
f 6734 6694 6693 6733
f 6735 6695 6694 6734
f 6736 6696 6695 6735
f 6737 6697 6696 6736
f 6738 6698 6697 6737
f 6739 6699 6698 6738
f 6740 6700 6699 6739
f 6741 6701 6700 6740
f 6742 6702 6701 6741
f 6743 6703 6702 6742
f 6744 6704 6703 6743
f 6745 6705 6704 6744
f 6746 6706 6705 6745
f 6747 6707 6706 6746
f 6748 6708 6707 6747
f 6749 6709 6708 6748
f 6750 6710 6709 6749
f 6751 6711 6710 6750
f 6752 6712 6711 6751
f 6753 6713 6712 6752
f 6754 6714 6713 6753
f 6755 6715 6714 6754
f 6756 6716 6715 6755
f 6757 6717 6716 6756
f 6758 6718 6717 6757
f 6759 6719 6718 6758
f 6760 6720 6719 6759
f 6762 6722 6721
f 6763 6723 6722 6762
f 6764 6724 6723 6763
f 6765 6725 6724 6764
f 6766 6726 6725 6765
f 6767 6727 6726 6766
f 6768 6728 6727 6767
f 6769 6729 6728 6768
f 6770 6730 6729 6769
f 6771 6731 6730 6770
f 6772 6732 6731 6771
f 6773 6733 6732 6772
f 6774 6734 6733 6773
f 6775 6735 6734 6774
f 6776 6736 6735 6775
f 6777 6737 6736 6776
f 6778 6738 6737 6777
f 6779 6739 6738 6778
f 6780 6740 6739 6779
f 6781 6741 6740 6780
f 6782 6742 6741 6781
f 6783 6743 6742 6782
f 6784 6744 6743 6783
f 6785 6745 6744 6784
f 6786 6746 6745 6785
f 6787 6747 6746 6786
f 6788 6748 6747 6787
f 6789 6749 6748 6788
f 6790 6750 6749 6789
f 6791 6751 6750 6790
f 6792 6752 6751 6791
f 6793 6753 6752 6792
f 6794 6754 6753 6793
f 6795 6755 6754 6794
f 6796 6756 6755 6795
f 6797 6757 6756 6796
f 6798 6758 6757 6797
f 6799 6759 6758 6798
f 6800 6760 6759 6799
f 6802 6762 6761
f 6803 6763 6762 6802
f 6804 6764 6763 6803
f 6805 6765 6764 6804
f 6806 6766 6765 6805
f 6807 6767 6766 6806
f 6808 6768 6767 6807
f 6809 6769 6768 6808
f 6810 6770 6769 6809
f 6811 6771 6770 6810
f 6812 6772 6771 6811
f 6813 6773 6772 6812
f 6814 6774 6773 6813
f 6815 6775 6774 6814
f 6816 6776 6775 6815
f 6817 6777 6776 6816
f 6818 6778 6777 6817
f 6819 6779 6778 6818
f 6820 6780 6779 6819
f 6821 6781 6780 6820
f 6822 6782 6781 6821
f 6823 6783 6782 6822
f 6824 6784 6783 6823
f 6825 6785 6784 6824
f 6826 6786 6785 6825
f 6827 6787 6786 6826
f 6828 6788 6787 6827
f 6829 6789 6788 6828
f 6830 6790 6789 6829
f 6831 6791 6790 6830
f 6832 6792 6791 6831
f 6833 6793 6792 6832
f 6834 6794 6793 6833
f 6835 6795 6794 6834
f 6836 6796 6795 6835
f 6837 6797 6796 6836
f 6838 6798 6797 6837
f 6839 6799 6798 6838
f 6840 6800 6799 6839
f 6842 6802 6801
f 6843 6803 6802 6842
f 6844 6804 6803 6843
f 6845 6805 6804 6844
f 6846 6806 6805 6845
f 6847 6807 6806 6846
f 6848 6808 6807 6847
f 6849 6809 6808 6848
f 6850 6810 6809 6849
f 6851 6811 6810 6850
f 6852 6812 6811 6851
f 6853 6813 6812 6852
f 6854 6814 6813 6853
f 6855 6815 6814 6854
f 6856 6816 6815 6855
f 6857 6817 6816 6856
f 6858 6818 6817 6857
f 6859 6819 6818 6858
f 6860 6820 6819 6859
f 6861 6821 6820 6860
f 6862 6822 6821 6861
f 6863 6823 6822 6862
f 6864 6824 6823 6863
f 6865 6825 6824 6864
f 6866 6826 6825 6865
f 6867 6827 6826 6866
f 6868 6828 6827 6867
f 6869 6829 6828 6868
f 6870 6830 6829 6869
f 6871 6831 6830 6870
f 6872 6832 6831 6871
f 6873 6833 6832 6872
f 6874 6834 6833 6873
f 6875 6835 6834 6874
f 6876 6836 6835 6875
f 6877 6837 6836 6876
f 6878 6838 6837 6877
f 6879 6839 6838 6878
f 6880 6840 6839 6879
f 6882 6842 6841
f 6883 6843 6842 6882
f 6884 6844 6843 6883
f 6885 6845 6844 6884
f 6886 6846 6845 6885
f 6887 6847 6846 6886
f 6888 6848 6847 6887
f 6889 6849 6848 6888
f 6890 6850 6849 6889
f 6891 6851 6850 6890
f 6892 6852 6851 6891
f 6893 6853 6852 6892
f 6894 6854 6853 6893
f 6895 6855 6854 6894
f 6896 6856 6855 6895
f 6897 6857 6856 6896
f 6898 6858 6857 6897
f 6899 6859 6858 6898
f 6900 6860 6859 6899
f 6901 6861 6860 6900
f 6902 6862 6861 6901
f 6903 6863 6862 6902
f 6904 6864 6863 6903
f 6905 6865 6864 6904
f 6906 6866 6865 6905
f 6907 6867 6866 6906
f 6908 6868 6867 6907
f 6909 6869 6868 6908
f 6910 6870 6869 6909
f 6911 6871 6870 6910
f 6912 6872 6871 6911
f 6913 6873 6872 6912
f 6914 6874 6873 6913
f 6915 6875 6874 6914
f 6916 6876 6875 6915
f 6917 6877 6876 6916
f 6918 6878 6877 6917
f 6919 6879 6878 6918
f 6920 6880 6879 6919
f 6922 6882 6881
f 6923 6883 6882 6922
f 6924 6884 6883 6923
f 6925 6885 6884 6924
f 6926 6886 6885 6925
f 6927 6887 6886 6926
f 6928 6888 6887 6927
f 6929 6889 6888 6928
f 6930 6890 6889 6929
f 6931 6891 6890 6930
f 6932 6892 6891 6931
f 6933 6893 6892 6932
f 6934 6894 6893 6933
f 6935 6895 6894 6934
f 6936 6896 6895 6935
f 6937 6897 6896 6936
f 6938 6898 6897 6937
f 6939 6899 6898 6938
f 6940 6900 6899 6939
f 6941 6901 6900 6940
f 6942 6902 6901 6941
f 6943 6903 6902 6942
f 6944 6904 6903 6943
f 6945 6905 6904 6944
f 6946 6906 6905 6945
f 6947 6907 6906 6946
f 6948 6908 6907 6947
f 6949 6909 6908 6948
f 6950 6910 6909 6949
f 6951 6911 6910 6950
f 6952 6912 6911 6951
f 6953 6913 6912 6952
f 6954 6914 6913 6953
f 6955 6915 6914 6954
f 6956 6916 6915 6955
f 6957 6917 6916 6956
f 6958 6918 6917 6957
f 6959 6919 6918 6958
f 6960 6920 6919 6959
f 6962 6922 6921
f 6963 6923 6922 6962
f 6964 6924 6923 6963
f 6965 6925 6924 6964
f 6966 6926 6925 6965
f 6967 6927 6926 6966
f 6968 6928 6927 6967
f 6969 6929 6928 6968
f 6970 6930 6929 6969
f 6971 6931 6930 6970
f 6972 6932 6931 6971
f 6973 6933 6932 6972
f 6974 6934 6933 6973
f 6975 6935 6934 6974
f 6976 6936 6935 6975
f 6977 6937 6936 6976
f 6978 6938 6937 6977
f 6979 6939 6938 6978
f 6980 6940 6939 6979
f 6981 6941 6940 6980
f 6982 6942 6941 6981
f 6983 6943 6942 6982
f 6984 6944 6943 6983
f 6985 6945 6944 6984
f 6986 6946 6945 6985
f 6987 6947 6946 6986
f 6988 6948 6947 6987
f 6989 6949 6948 6988
f 6990 6950 6949 6989
f 6991 6951 6950 6990
f 6992 6952 6951 6991
f 6993 6953 6952 6992
f 6994 6954 6953 6993
f 6995 6955 6954 6994
f 6996 6956 6955 6995
f 6997 6957 6956 6996
f 6998 6958 6957 6997
f 6999 6959 6958 6998
f 7000 6960 6959 6999
f 7002 6962 6961
f 7003 6963 6962 7002
f 7004 6964 6963 7003
f 7005 6965 6964 7004
f 7006 6966 6965 7005
f 7007 6967 6966 7006
f 7008 6968 6967 7007
f 7009 6969 6968 7008
f 7010 6970 6969 7009
f 7011 6971 6970 7010
f 7012 6972 6971 7011
f 7013 6973 6972 7012
f 7014 6974 6973 7013
f 7015 6975 6974 7014
f 7016 6976 6975 7015
f 7017 6977 6976 7016
f 7018 6978 6977 7017
f 7019 6979 6978 7018
f 7020 6980 6979 7019
f 7021 6981 6980 7020
f 7022 6982 6981 7021
f 7023 6983 6982 7022
f 7024 6984 6983 7023
f 7025 6985 6984 7024
f 7026 6986 6985 7025
f 7027 6987 6986 7026
f 7028 6988 6987 7027
f 7029 6989 6988 7028
f 7030 6990 6989 7029
f 7031 6991 6990 7030
f 7032 6992 6991 7031
f 7033 6993 6992 7032
f 7034 6994 6993 7033
f 7035 6995 6994 7034
f 7036 6996 6995 7035
f 7037 6997 6996 7036
f 7038 6998 6997 7037
f 7039 6999 6998 7038
f 7040 7000 6999 7039
f 7042 7002 7001
f 7043 7003 7002 7042
f 7044 7004 7003 7043
f 7045 7005 7004 7044
f 7046 7006 7005 7045
f 7047 7007 7006 7046
f 7048 7008 7007 7047
f 7049 7009 7008 7048
f 7050 7010 7009 7049
f 7051 7011 7010 7050
f 7052 7012 7011 7051
f 7053 7013 7012 7052
f 7054 7014 7013 7053
f 7055 7015 7014 7054
f 7056 7016 7015 7055
f 7057 7017 7016 7056
f 7058 7018 7017 7057
f 7059 7019 7018 7058
f 7060 7020 7019 7059
f 7061 7021 7020 7060
f 7062 7022 7021 7061
f 7063 7023 7022 7062
f 7064 7024 7023 7063
f 7065 7025 7024 7064
f 7066 7026 7025 7065
f 7067 7027 7026 7066
f 7068 7028 7027 7067
f 7069 7029 7028 7068
f 7070 7030 7029 7069
f 7071 7031 7030 7070
f 7072 7032 7031 7071
f 7073 7033 7032 7072
f 7074 7034 7033 7073
f 7075 7035 7034 7074
f 7076 7036 7035 7075
f 7077 7037 7036 7076
f 7078 7038 7037 7077
f 7079 7039 7038 7078
f 7080 7040 7039 7079
f 7082 7042 7041
f 7083 7043 7042 7082
f 7084 7044 7043 7083
f 7085 7045 7044 7084
f 7086 7046 7045 7085
f 7087 7047 7046 7086
f 7088 7048 7047 7087
f 7089 7049 7048 7088
f 7090 7050 7049 7089
f 7091 7051 7050 7090
f 7092 7052 7051 7091
f 7093 7053 7052 7092
f 7094 7054 7053 7093
f 7095 7055 7054 7094
f 7096 7056 7055 7095
f 7097 7057 7056 7096
f 7098 7058 7057 7097
f 7099 7059 7058 7098
f 7100 7060 7059 7099
f 7101 7061 7060 7100
f 7102 7062 7061 7101
f 7103 7063 7062 7102
f 7104 7064 7063 7103
f 7105 7065 7064 7104
f 7106 7066 7065 7105
f 7107 7067 7066 7106
f 7108 7068 7067 7107
f 7109 7069 7068 7108
f 7110 7070 7069 7109
f 7111 7071 7070 7110
f 7112 7072 7071 7111
f 7113 7073 7072 7112
f 7114 7074 7073 7113
f 7115 7075 7074 7114
f 7116 7076 7075 7115
f 7117 7077 7076 7116
f 7118 7078 7077 7117
f 7119 7079 7078 7118
f 7120 7080 7079 7119
f 7122 7082 7081
f 7123 7083 7082 7122
f 7124 7084 7083 7123
f 7125 7085 7084 7124
f 7126 7086 7085 7125
f 7127 7087 7086 7126
f 7128 7088 7087 7127
f 7129 7089 7088 7128
f 7130 7090 7089 7129
f 7131 7091 7090 7130
f 7132 7092 7091 7131
f 7133 7093 7092 7132
f 7134 7094 7093 7133
f 7135 7095 7094 7134
f 7136 7096 7095 7135
f 7137 7097 7096 7136
f 7138 7098 7097 7137
f 7139 7099 7098 7138
f 7140 7100 7099 7139
f 7141 7101 7100 7140
f 7142 7102 7101 7141
f 7143 7103 7102 7142
f 7144 7104 7103 7143
f 7145 7105 7104 7144
f 7146 7106 7105 7145
f 7147 7107 7106 7146
f 7148 7108 7107 7147
f 7149 7109 7108 7148
f 7150 7110 7109 7149
f 7151 7111 7110 7150
f 7152 7112 7111 7151
f 7153 7113 7112 7152
f 7154 7114 7113 7153
f 7155 7115 7114 7154
f 7156 7116 7115 7155
f 7157 7117 7116 7156
f 7158 7118 7117 7157
f 7159 7119 7118 7158
f 7160 7120 7119 7159
f 7162 7122 7121
f 7163 7123 7122 7162
f 7164 7124 7123 7163
f 7165 7125 7124 7164
f 7166 7126 7125 7165
f 7167 7127 7126 7166
f 7168 7128 7127 7167
f 7169 7129 7128 7168
f 7170 7130 7129 7169
f 7171 7131 7130 7170
f 7172 7132 7131 7171
f 7173 7133 7132 7172
f 7174 7134 7133 7173
f 7175 7135 7134 7174
f 7176 7136 7135 7175
f 7177 7137 7136 7176
f 7178 7138 7137 7177
f 7179 7139 7138 7178
f 7180 7140 7139 7179
f 7181 7141 7140 7180
f 7182 7142 7141 7181
f 7183 7143 7142 7182
f 7184 7144 7143 7183
f 7185 7145 7144 7184
f 7186 7146 7145 7185
f 7187 7147 7146 7186
f 7188 7148 7147 7187
f 7189 7149 7148 7188
f 7190 7150 7149 7189
f 7191 7151 7150 7190
f 7192 7152 7151 7191
f 7193 7153 7152 7192
f 7194 7154 7153 7193
f 7195 7155 7154 7194
f 7196 7156 7155 7195
f 7197 7157 7156 7196
f 7198 7158 7157 7197
f 7199 7159 7158 7198
f 7200 7160 7159 7199
f 7202 7162 7161
f 7203 7163 7162 7202
f 7204 7164 7163 7203
f 7205 7165 7164 7204
f 7206 7166 7165 7205
f 7207 7167 7166 7206
f 7208 7168 7167 7207
f 7209 7169 7168 7208
f 7210 7170 7169 7209
f 7211 7171 7170 7210
f 7212 7172 7171 7211
f 7213 7173 7172 7212
f 7214 7174 7173 7213
f 7215 7175 7174 7214
f 7216 7176 7175 7215
f 7217 7177 7176 7216
f 7218 7178 7177 7217
f 7219 7179 7178 7218
f 7220 7180 7179 7219
f 7221 7181 7180 7220
f 7222 7182 7181 7221
f 7223 7183 7182 7222
f 7224 7184 7183 7223
f 7225 7185 7184 7224
f 7226 7186 7185 7225
f 7227 7187 7186 7226
f 7228 7188 7187 7227
f 7229 7189 7188 7228
f 7230 7190 7189 7229
f 7231 7191 7190 7230
f 7232 7192 7191 7231
f 7233 7193 7192 7232
f 7234 7194 7193 7233
f 7235 7195 7194 7234
f 7236 7196 7195 7235
f 7237 7197 7196 7236
f 7238 7198 7197 7237
f 7239 7199 7198 7238
f 7240 7200 7199 7239
f 7242 7202 7201
f 7243 7203 7202 7242
f 7244 7204 7203 7243
f 7245 7205 7204 7244
f 7246 7206 7205 7245
f 7247 7207 7206 7246
f 7248 7208 7207 7247
f 7249 7209 7208 7248
f 7250 7210 7209 7249
f 7251 7211 7210 7250
f 7252 7212 7211 7251
f 7253 7213 7212 7252
f 7254 7214 7213 7253
f 7255 7215 7214 7254
f 7256 7216 7215 7255
f 7257 7217 7216 7256
f 7258 7218 7217 7257
f 7259 7219 7218 7258
f 7260 7220 7219 7259
f 7261 7221 7220 7260
f 7262 7222 7221 7261
f 7263 7223 7222 7262
f 7264 7224 7223 7263
f 7265 7225 7224 7264
f 7266 7226 7225 7265
f 7267 7227 7226 7266
f 7268 7228 7227 7267
f 7269 7229 7228 7268
f 7270 7230 7229 7269
f 7271 7231 7230 7270
f 7272 7232 7231 7271
f 7273 7233 7232 7272
f 7274 7234 7233 7273
f 7275 7235 7234 7274
f 7276 7236 7235 7275
f 7277 7237 7236 7276
f 7278 7238 7237 7277
f 7279 7239 7238 7278
f 7280 7240 7239 7279
f 7282 7242 7241
f 7283 7243 7242 7282
f 7284 7244 7243 7283
f 7285 7245 7244 7284
f 7286 7246 7245 7285
f 7287 7247 7246 7286
f 7288 7248 7247 7287
f 7289 7249 7248 7288
f 7290 7250 7249 7289
f 7291 7251 7250 7290
f 7292 7252 7251 7291
f 7293 7253 7252 7292
f 7294 7254 7253 7293
f 7295 7255 7254 7294
f 7296 7256 7255 7295
f 7297 7257 7256 7296
f 7298 7258 7257 7297
f 7299 7259 7258 7298
f 7300 7260 7259 7299
f 7301 7261 7260 7300
f 7302 7262 7261 7301
f 7303 7263 7262 7302
f 7304 7264 7263 7303
f 7305 7265 7264 7304
f 7306 7266 7265 7305
f 7307 7267 7266 7306
f 7308 7268 7267 7307
f 7309 7269 7268 7308
f 7310 7270 7269 7309
f 7311 7271 7270 7310
f 7312 7272 7271 7311
f 7313 7273 7272 7312
f 7314 7274 7273 7313
f 7315 7275 7274 7314
f 7316 7276 7275 7315
f 7317 7277 7276 7316
f 7318 7278 7277 7317
f 7319 7279 7278 7318
f 7320 7280 7279 7319
f 7322 7282 7281
f 7323 7283 7282 7322
f 7324 7284 7283 7323
f 7325 7285 7284 7324
f 7326 7286 7285 7325
f 7327 7287 7286 7326
f 7328 7288 7287 7327
f 7329 7289 7288 7328
f 7330 7290 7289 7329
f 7331 7291 7290 7330
f 7332 7292 7291 7331
f 7333 7293 7292 7332
f 7334 7294 7293 7333
f 7335 7295 7294 7334
f 7336 7296 7295 7335
f 7337 7297 7296 7336
f 7338 7298 7297 7337
f 7339 7299 7298 7338
f 7340 7300 7299 7339
f 7341 7301 7300 7340
f 7342 7302 7301 7341
f 7343 7303 7302 7342
f 7344 7304 7303 7343
f 7345 7305 7304 7344
f 7346 7306 7305 7345
f 7347 7307 7306 7346
f 7348 7308 7307 7347
f 7349 7309 7308 7348
f 7350 7310 7309 7349
f 7351 7311 7310 7350
f 7352 7312 7311 7351
f 7353 7313 7312 7352
f 7354 7314 7313 7353
f 7355 7315 7314 7354
f 7356 7316 7315 7355
f 7357 7317 7316 7356
f 7358 7318 7317 7357
f 7359 7319 7318 7358
f 7360 7320 7319 7359
f 7362 7322 7321
f 7363 7323 7322 7362
f 7364 7324 7323 7363
f 7365 7325 7324 7364
f 7366 7326 7325 7365
f 7367 7327 7326 7366
f 7368 7328 7327 7367
f 7369 7329 7328 7368
f 7370 7330 7329 7369
f 7371 7331 7330 7370
f 7372 7332 7331 7371
f 7373 7333 7332 7372
f 7374 7334 7333 7373
f 7375 7335 7334 7374
f 7376 7336 7335 7375
f 7377 7337 7336 7376
f 7378 7338 7337 7377
f 7379 7339 7338 7378
f 7380 7340 7339 7379
f 7381 7341 7340 7380
f 7382 7342 7341 7381
f 7383 7343 7342 7382
f 7384 7344 7343 7383
f 7385 7345 7344 7384
f 7386 7346 7345 7385
f 7387 7347 7346 7386
f 7388 7348 7347 7387
f 7389 7349 7348 7388
f 7390 7350 7349 7389
f 7391 7351 7350 7390
f 7392 7352 7351 7391
f 7393 7353 7352 7392
f 7394 7354 7353 7393
f 7395 7355 7354 7394
f 7396 7356 7355 7395
f 7397 7357 7356 7396
f 7398 7358 7357 7397
f 7399 7359 7358 7398
f 7400 7360 7359 7399
f 7402 7362 7361
f 7403 7363 7362 7402
f 7404 7364 7363 7403
f 7405 7365 7364 7404
f 7406 7366 7365 7405
f 7407 7367 7366 7406
f 7408 7368 7367 7407
f 7409 7369 7368 7408
f 7410 7370 7369 7409
f 7411 7371 7370 7410
f 7412 7372 7371 7411
f 7413 7373 7372 7412
f 7414 7374 7373 7413
f 7415 7375 7374 7414
f 7416 7376 7375 7415
f 7417 7377 7376 7416
f 7418 7378 7377 7417
f 7419 7379 7378 7418
f 7420 7380 7379 7419
f 7421 7381 7380 7420
f 7422 7382 7381 7421
f 7423 7383 7382 7422
f 7424 7384 7383 7423
f 7425 7385 7384 7424
f 7426 7386 7385 7425
f 7427 7387 7386 7426
f 7428 7388 7387 7427
f 7429 7389 7388 7428
f 7430 7390 7389 7429
f 7431 7391 7390 7430
f 7432 7392 7391 7431
f 7433 7393 7392 7432
f 7434 7394 7393 7433
f 7435 7395 7394 7434
f 7436 7396 7395 7435
f 7437 7397 7396 7436
f 7438 7398 7397 7437
f 7439 7399 7398 7438
f 7440 7400 7399 7439
f 7442 7402 7401
f 7443 7403 7402 7442
f 7444 7404 7403 7443
f 7445 7405 7404 7444
f 7446 7406 7405 7445
f 7447 7407 7406 7446
f 7448 7408 7407 7447
f 7449 7409 7408 7448
f 7450 7410 7409 7449
f 7451 7411 7410 7450
f 7452 7412 7411 7451
f 7453 7413 7412 7452
f 7454 7414 7413 7453
f 7455 7415 7414 7454
f 7456 7416 7415 7455
f 7457 7417 7416 7456
f 7458 7418 7417 7457
f 7459 7419 7418 7458
f 7460 7420 7419 7459
f 7461 7421 7420 7460
f 7462 7422 7421 7461
f 7463 7423 7422 7462
f 7464 7424 7423 7463
f 7465 7425 7424 7464
f 7466 7426 7425 7465
f 7467 7427 7426 7466
f 7468 7428 7427 7467
f 7469 7429 7428 7468
f 7470 7430 7429 7469
f 7471 7431 7430 7470
f 7472 7432 7431 7471
f 7473 7433 7432 7472
f 7474 7434 7433 7473
f 7475 7435 7434 7474
f 7476 7436 7435 7475
f 7477 7437 7436 7476
f 7478 7438 7437 7477
f 7479 7439 7438 7478
f 7480 7440 7439 7479
f 7482 7442 7441
f 7483 7443 7442 7482
f 7484 7444 7443 7483
f 7485 7445 7444 7484
f 7486 7446 7445 7485
f 7487 7447 7446 7486
f 7488 7448 7447 7487
f 7489 7449 7448 7488
f 7490 7450 7449 7489
f 7491 7451 7450 7490
f 7492 7452 7451 7491
f 7493 7453 7452 7492
f 7494 7454 7453 7493
f 7495 7455 7454 7494
f 7496 7456 7455 7495
f 7497 7457 7456 7496
f 7498 7458 7457 7497
f 7499 7459 7458 7498
f 7500 7460 7459 7499
f 7501 7461 7460 7500
f 7502 7462 7461 7501
f 7503 7463 7462 7502
f 7504 7464 7463 7503
f 7505 7465 7464 7504
f 7506 7466 7465 7505
f 7507 7467 7466 7506
f 7508 7468 7467 7507
f 7509 7469 7468 7508
f 7510 7470 7469 7509
f 7511 7471 7470 7510
f 7512 7472 7471 7511
f 7513 7473 7472 7512
f 7514 7474 7473 7513
f 7515 7475 7474 7514
f 7516 7476 7475 7515
f 7517 7477 7476 7516
f 7518 7478 7477 7517
f 7519 7479 7478 7518
f 7520 7480 7479 7519
f 7522 7482 7481
f 7523 7483 7482 7522
f 7524 7484 7483 7523
f 7525 7485 7484 7524
f 7526 7486 7485 7525
f 7527 7487 7486 7526
f 7528 7488 7487 7527
f 7529 7489 7488 7528
f 7530 7490 7489 7529
f 7531 7491 7490 7530
f 7532 7492 7491 7531
f 7533 7493 7492 7532
f 7534 7494 7493 7533
f 7535 7495 7494 7534
f 7536 7496 7495 7535
f 7537 7497 7496 7536
f 7538 7498 7497 7537
f 7539 7499 7498 7538
f 7540 7500 7499 7539
f 7541 7501 7500 7540
f 7542 7502 7501 7541
f 7543 7503 7502 7542
f 7544 7504 7503 7543
f 7545 7505 7504 7544
f 7546 7506 7505 7545
f 7547 7507 7506 7546
f 7548 7508 7507 7547
f 7549 7509 7508 7548
f 7550 7510 7509 7549
f 7551 7511 7510 7550
f 7552 7512 7511 7551
f 7553 7513 7512 7552
f 7554 7514 7513 7553
f 7555 7515 7514 7554
f 7556 7516 7515 7555
f 7557 7517 7516 7556
f 7558 7518 7517 7557
f 7559 7519 7518 7558
f 7560 7520 7519 7559
f 7562 7522 7521
f 7563 7523 7522 7562
f 7564 7524 7523 7563
f 7565 7525 7524 7564
f 7566 7526 7525 7565
f 7567 7527 7526 7566
f 7568 7528 7527 7567
f 7569 7529 7528 7568
f 7570 7530 7529 7569
f 7571 7531 7530 7570
f 7572 7532 7531 7571
f 7573 7533 7532 7572
f 7574 7534 7533 7573
f 7575 7535 7534 7574
f 7576 7536 7535 7575
f 7577 7537 7536 7576
f 7578 7538 7537 7577
f 7579 7539 7538 7578
f 7580 7540 7539 7579
f 7581 7541 7540 7580
f 7582 7542 7541 7581
f 7583 7543 7542 7582
f 7584 7544 7543 7583
f 7585 7545 7544 7584
f 7586 7546 7545 7585
f 7587 7547 7546 7586
f 7588 7548 7547 7587
f 7589 7549 7548 7588
f 7590 7550 7549 7589
f 7591 7551 7550 7590
f 7592 7552 7551 7591
f 7593 7553 7552 7592
f 7594 7554 7553 7593
f 7595 7555 7554 7594
f 7596 7556 7555 7595
f 7597 7557 7556 7596
f 7598 7558 7557 7597
f 7599 7559 7558 7598
f 7600 7560 7559 7599
f 7602 7562 7561
f 7603 7563 7562 7602
f 7604 7564 7563 7603
f 7605 7565 7564 7604
f 7606 7566 7565 7605
f 7607 7567 7566 7606
f 7608 7568 7567 7607
f 7609 7569 7568 7608
f 7610 7570 7569 7609
f 7611 7571 7570 7610
f 7612 7572 7571 7611
f 7613 7573 7572 7612
f 7614 7574 7573 7613
f 7615 7575 7574 7614
f 7616 7576 7575 7615
f 7617 7577 7576 7616
f 7618 7578 7577 7617
f 7619 7579 7578 7618
f 7620 7580 7579 7619
f 7621 7581 7580 7620
f 7622 7582 7581 7621
f 7623 7583 7582 7622
f 7624 7584 7583 7623
f 7625 7585 7584 7624
f 7626 7586 7585 7625
f 7627 7587 7586 7626
f 7628 7588 7587 7627
f 7629 7589 7588 7628
f 7630 7590 7589 7629
f 7631 7591 7590 7630
f 7632 7592 7591 7631
f 7633 7593 7592 7632
f 7634 7594 7593 7633
f 7635 7595 7594 7634
f 7636 7596 7595 7635
f 7637 7597 7596 7636
f 7638 7598 7597 7637
f 7639 7599 7598 7638
f 7640 7600 7599 7639
f 7642 7602 7601
f 7643 7603 7602 7642
f 7644 7604 7603 7643
f 7645 7605 7604 7644
f 7646 7606 7605 7645
f 7647 7607 7606 7646
f 7648 7608 7607 7647
f 7649 7609 7608 7648
f 7650 7610 7609 7649
f 7651 7611 7610 7650
f 7652 7612 7611 7651
f 7653 7613 7612 7652
f 7654 7614 7613 7653
f 7655 7615 7614 7654
f 7656 7616 7615 7655
f 7657 7617 7616 7656
f 7658 7618 7617 7657
f 7659 7619 7618 7658
f 7660 7620 7619 7659
f 7661 7621 7620 7660
f 7662 7622 7621 7661
f 7663 7623 7622 7662
f 7664 7624 7623 7663
f 7665 7625 7624 7664
f 7666 7626 7625 7665
f 7667 7627 7626 7666
f 7668 7628 7627 7667
f 7669 7629 7628 7668
f 7670 7630 7629 7669
f 7671 7631 7630 7670
f 7672 7632 7631 7671
f 7673 7633 7632 7672
f 7674 7634 7633 7673
f 7675 7635 7634 7674
f 7676 7636 7635 7675
f 7677 7637 7636 7676
f 7678 7638 7637 7677
f 7679 7639 7638 7678
f 7680 7640 7639 7679
f 7682 7642 7641
f 7683 7643 7642 7682
f 7684 7644 7643 7683
f 7685 7645 7644 7684
f 7686 7646 7645 7685
f 7687 7647 7646 7686
f 7688 7648 7647 7687
f 7689 7649 7648 7688
f 7690 7650 7649 7689
f 7691 7651 7650 7690
f 7692 7652 7651 7691
f 7693 7653 7652 7692
f 7694 7654 7653 7693
f 7695 7655 7654 7694
f 7696 7656 7655 7695
f 7697 7657 7656 7696
f 7698 7658 7657 7697
f 7699 7659 7658 7698
f 7700 7660 7659 7699
f 7701 7661 7660 7700
f 7702 7662 7661 7701
f 7703 7663 7662 7702
f 7704 7664 7663 7703
f 7705 7665 7664 7704
f 7706 7666 7665 7705
f 7707 7667 7666 7706
f 7708 7668 7667 7707
f 7709 7669 7668 7708
f 7710 7670 7669 7709
f 7711 7671 7670 7710
f 7712 7672 7671 7711
f 7713 7673 7672 7712
f 7714 7674 7673 7713
f 7715 7675 7674 7714
f 7716 7676 7675 7715
f 7717 7677 7676 7716
f 7718 7678 7677 7717
f 7719 7679 7678 7718
f 7720 7680 7679 7719
f 7722 7682 7681
f 7723 7683 7682 7722
f 7724 7684 7683 7723
f 7725 7685 7684 7724
f 7726 7686 7685 7725
f 7727 7687 7686 7726
f 7728 7688 7687 7727
f 7729 7689 7688 7728
f 7730 7690 7689 7729
f 7731 7691 7690 7730
f 7732 7692 7691 7731
f 7733 7693 7692 7732
f 7734 7694 7693 7733
f 7735 7695 7694 7734
f 7736 7696 7695 7735
f 7737 7697 7696 7736
f 7738 7698 7697 7737
f 7739 7699 7698 7738
f 7740 7700 7699 7739
f 7741 7701 7700 7740
f 7742 7702 7701 7741
f 7743 7703 7702 7742
f 7744 7704 7703 7743
f 7745 7705 7704 7744
f 7746 7706 7705 7745
f 7747 7707 7706 7746
f 7748 7708 7707 7747
f 7749 7709 7708 7748
f 7750 7710 7709 7749
f 7751 7711 7710 7750
f 7752 7712 7711 7751
f 7753 7713 7712 7752
f 7754 7714 7713 7753
f 7755 7715 7714 7754
f 7756 7716 7715 7755
f 7757 7717 7716 7756
f 7758 7718 7717 7757
f 7759 7719 7718 7758
f 7760 7720 7719 7759
f 7762 7722 7721
f 7763 7723 7722 7762
f 7764 7724 7723 7763
f 7765 7725 7724 7764
f 7766 7726 7725 7765
f 7767 7727 7726 7766
f 7768 7728 7727 7767
f 7769 7729 7728 7768
f 7770 7730 7729 7769
f 7771 7731 7730 7770
f 7772 7732 7731 7771
f 7773 7733 7732 7772
f 7774 7734 7733 7773
f 7775 7735 7734 7774
f 7776 7736 7735 7775
f 7777 7737 7736 7776
f 7778 7738 7737 7777
f 7779 7739 7738 7778
f 7780 7740 7739 7779
f 7781 7741 7740 7780
f 7782 7742 7741 7781
f 7783 7743 7742 7782
f 7784 7744 7743 7783
f 7785 7745 7744 7784
f 7786 7746 7745 7785
f 7787 7747 7746 7786
f 7788 7748 7747 7787
f 7789 7749 7748 7788
f 7790 7750 7749 7789
f 7791 7751 7750 7790
f 7792 7752 7751 7791
f 7793 7753 7752 7792
f 7794 7754 7753 7793
f 7795 7755 7754 7794
f 7796 7756 7755 7795
f 7797 7757 7756 7796
f 7798 7758 7757 7797
f 7799 7759 7758 7798
f 7800 7760 7759 7799
f 7802 7762 7761
f 7803 7763 7762 7802
f 7804 7764 7763 7803
f 7805 7765 7764 7804
f 7806 7766 7765 7805
f 7807 7767 7766 7806
f 7808 7768 7767 7807
f 7809 7769 7768 7808
f 7810 7770 7769 7809
f 7811 7771 7770 7810
f 7812 7772 7771 7811
f 7813 7773 7772 7812
f 7814 7774 7773 7813
f 7815 7775 7774 7814
f 7816 7776 7775 7815
f 7817 7777 7776 7816
f 7818 7778 7777 7817
f 7819 7779 7778 7818
f 7820 7780 7779 7819
f 7821 7781 7780 7820
f 7822 7782 7781 7821
f 7823 7783 7782 7822
f 7824 7784 7783 7823
f 7825 7785 7784 7824
f 7826 7786 7785 7825
f 7827 7787 7786 7826
f 7828 7788 7787 7827
f 7829 7789 7788 7828
f 7830 7790 7789 7829
f 7831 7791 7790 7830
f 7832 7792 7791 7831
f 7833 7793 7792 7832
f 7834 7794 7793 7833
f 7835 7795 7794 7834
f 7836 7796 7795 7835
f 7837 7797 7796 7836
f 7838 7798 7797 7837
f 7839 7799 7798 7838
f 7840 7800 7799 7839
f 7842 7802 7801
f 7843 7803 7802 7842
f 7844 7804 7803 7843
f 7845 7805 7804 7844
f 7846 7806 7805 7845
f 7847 7807 7806 7846
f 7848 7808 7807 7847
f 7849 7809 7808 7848
f 7850 7810 7809 7849
f 7851 7811 7810 7850
f 7852 7812 7811 7851
f 7853 7813 7812 7852
f 7854 7814 7813 7853
f 7855 7815 7814 7854
f 7856 7816 7815 7855
f 7857 7817 7816 7856
f 7858 7818 7817 7857
f 7859 7819 7818 7858
f 7860 7820 7819 7859
f 7861 7821 7820 7860
f 7862 7822 7821 7861
f 7863 7823 7822 7862
f 7864 7824 7823 7863
f 7865 7825 7824 7864
f 7866 7826 7825 7865
f 7867 7827 7826 7866
f 7868 7828 7827 7867
f 7869 7829 7828 7868
f 7870 7830 7829 7869
f 7871 7831 7830 7870
f 7872 7832 7831 7871
f 7873 7833 7832 7872
f 7874 7834 7833 7873
f 7875 7835 7834 7874
f 7876 7836 7835 7875
f 7877 7837 7836 7876
f 7878 7838 7837 7877
f 7879 7839 7838 7878
f 7880 7840 7839 7879
f 7882 7842 7841
f 7883 7843 7842 7882
f 7884 7844 7843 7883
f 7885 7845 7844 7884
f 7886 7846 7845 7885
f 7887 7847 7846 7886
f 7888 7848 7847 7887
f 7889 7849 7848 7888
f 7890 7850 7849 7889
f 7891 7851 7850 7890
f 7892 7852 7851 7891
f 7893 7853 7852 7892
f 7894 7854 7853 7893
f 7895 7855 7854 7894
f 7896 7856 7855 7895
f 7897 7857 7856 7896
f 7898 7858 7857 7897
f 7899 7859 7858 7898
f 7900 7860 7859 7899
f 7901 7861 7860 7900
f 7902 7862 7861 7901
f 7903 7863 7862 7902
f 7904 7864 7863 7903
f 7905 7865 7864 7904
f 7906 7866 7865 7905
f 7907 7867 7866 7906
f 7908 7868 7867 7907
f 7909 7869 7868 7908
f 7910 7870 7869 7909
f 7911 7871 7870 7910
f 7912 7872 7871 7911
f 7913 7873 7872 7912
f 7914 7874 7873 7913
f 7915 7875 7874 7914
f 7916 7876 7875 7915
f 7917 7877 7876 7916
f 7918 7878 7877 7917
f 7919 7879 7878 7918
f 7920 7880 7879 7919
f 7922 7882 7881
f 7923 7883 7882 7922
f 7924 7884 7883 7923
f 7925 7885 7884 7924
f 7926 7886 7885 7925
f 7927 7887 7886 7926
f 7928 7888 7887 7927
f 7929 7889 7888 7928
f 7930 7890 7889 7929
f 7931 7891 7890 7930
f 7932 7892 7891 7931
f 7933 7893 7892 7932
f 7934 7894 7893 7933
f 7935 7895 7894 7934
f 7936 7896 7895 7935
f 7937 7897 7896 7936
f 7938 7898 7897 7937
f 7939 7899 7898 7938
f 7940 7900 7899 7939
f 7941 7901 7900 7940
f 7942 7902 7901 7941
f 7943 7903 7902 7942
f 7944 7904 7903 7943
f 7945 7905 7904 7944
f 7946 7906 7905 7945
f 7947 7907 7906 7946
f 7948 7908 7907 7947
f 7949 7909 7908 7948
f 7950 7910 7909 7949
f 7951 7911 7910 7950
f 7952 7912 7911 7951
f 7953 7913 7912 7952
f 7954 7914 7913 7953
f 7955 7915 7914 7954
f 7956 7916 7915 7955
f 7957 7917 7916 7956
f 7958 7918 7917 7957
f 7959 7919 7918 7958
f 7960 7920 7919 7959
f 7962 7922 7921
f 7963 7923 7922 7962
f 7964 7924 7923 7963
f 7965 7925 7924 7964
f 7966 7926 7925 7965
f 7967 7927 7926 7966
f 7968 7928 7927 7967
f 7969 7929 7928 7968
f 7970 7930 7929 7969
f 7971 7931 7930 7970
f 7972 7932 7931 7971
f 7973 7933 7932 7972
f 7974 7934 7933 7973
f 7975 7935 7934 7974
f 7976 7936 7935 7975
f 7977 7937 7936 7976
f 7978 7938 7937 7977
f 7979 7939 7938 7978
f 7980 7940 7939 7979
f 7981 7941 7940 7980
f 7982 7942 7941 7981
f 7983 7943 7942 7982
f 7984 7944 7943 7983
f 7985 7945 7944 7984
f 7986 7946 7945 7985
f 7987 7947 7946 7986
f 7988 7948 7947 7987
f 7989 7949 7948 7988
f 7990 7950 7949 7989
f 7991 7951 7950 7990
f 7992 7952 7951 7991
f 7993 7953 7952 7992
f 7994 7954 7953 7993
f 7995 7955 7954 7994
f 7996 7956 7955 7995
f 7997 7957 7956 7996
f 7998 7958 7957 7997
f 7999 7959 7958 7998
f 8000 7960 7959 7999
f 8002 7962 7961
f 8003 7963 7962 8002
f 8004 7964 7963 8003
f 8005 7965 7964 8004
f 8006 7966 7965 8005
f 8007 7967 7966 8006
f 8008 7968 7967 8007
f 8009 7969 7968 8008
f 8010 7970 7969 8009
f 8011 7971 7970 8010
f 8012 7972 7971 8011
f 8013 7973 7972 8012
f 8014 7974 7973 8013
f 8015 7975 7974 8014
f 8016 7976 7975 8015
f 8017 7977 7976 8016
f 8018 7978 7977 8017
f 8019 7979 7978 8018
f 8020 7980 7979 8019
f 8021 7981 7980 8020
f 8022 7982 7981 8021
f 8023 7983 7982 8022
f 8024 7984 7983 8023
f 8025 7985 7984 8024
f 8026 7986 7985 8025
f 8027 7987 7986 8026
f 8028 7988 7987 8027
f 8029 7989 7988 8028
f 8030 7990 7989 8029
f 8031 7991 7990 8030
f 8032 7992 7991 8031
f 8033 7993 7992 8032
f 8034 7994 7993 8033
f 8035 7995 7994 8034
f 8036 7996 7995 8035
f 8037 7997 7996 8036
f 8038 7998 7997 8037
f 8039 7999 7998 8038
f 8040 8000 7999 8039
f 8042 8002 8001
f 8043 8003 8002 8042
f 8044 8004 8003 8043
f 8045 8005 8004 8044
f 8046 8006 8005 8045
f 8047 8007 8006 8046
f 8048 8008 8007 8047
f 8049 8009 8008 8048
f 8050 8010 8009 8049
f 8051 8011 8010 8050
f 8052 8012 8011 8051
f 8053 8013 8012 8052
f 8054 8014 8013 8053
f 8055 8015 8014 8054
f 8056 8016 8015 8055
f 8057 8017 8016 8056
f 8058 8018 8017 8057
f 8059 8019 8018 8058
f 8060 8020 8019 8059
f 8061 8021 8020 8060
f 8062 8022 8021 8061
f 8063 8023 8022 8062
f 8064 8024 8023 8063
f 8065 8025 8024 8064
f 8066 8026 8025 8065
f 8067 8027 8026 8066
f 8068 8028 8027 8067
f 8069 8029 8028 8068
f 8070 8030 8029 8069
f 8071 8031 8030 8070
f 8072 8032 8031 8071
f 8073 8033 8032 8072
f 8074 8034 8033 8073
f 8075 8035 8034 8074
f 8076 8036 8035 8075
f 8077 8037 8036 8076
f 8078 8038 8037 8077
f 8079 8039 8038 8078
f 8080 8040 8039 8079
f 8082 8042 8041
f 8083 8043 8042 8082
f 8084 8044 8043 8083
f 8085 8045 8044 8084
f 8086 8046 8045 8085
f 8087 8047 8046 8086
f 8088 8048 8047 8087
f 8089 8049 8048 8088
f 8090 8050 8049 8089
f 8091 8051 8050 8090
f 8092 8052 8051 8091
f 8093 8053 8052 8092
f 8094 8054 8053 8093
f 8095 8055 8054 8094
f 8096 8056 8055 8095
f 8097 8057 8056 8096
f 8098 8058 8057 8097
f 8099 8059 8058 8098
f 8100 8060 8059 8099
f 8101 8061 8060 8100
f 8102 8062 8061 8101
f 8103 8063 8062 8102
f 8104 8064 8063 8103
f 8105 8065 8064 8104
f 8106 8066 8065 8105
f 8107 8067 8066 8106
f 8108 8068 8067 8107
f 8109 8069 8068 8108
f 8110 8070 8069 8109
f 8111 8071 8070 8110
f 8112 8072 8071 8111
f 8113 8073 8072 8112
f 8114 8074 8073 8113
f 8115 8075 8074 8114
f 8116 8076 8075 8115
f 8117 8077 8076 8116
f 8118 8078 8077 8117
f 8119 8079 8078 8118
f 8120 8080 8079 8119
f 8122 8082 8081
f 8123 8083 8082 8122
f 8124 8084 8083 8123
f 8125 8085 8084 8124
f 8126 8086 8085 8125
f 8127 8087 8086 8126
f 8128 8088 8087 8127
f 8129 8089 8088 8128
f 8130 8090 8089 8129
f 8131 8091 8090 8130
f 8132 8092 8091 8131
f 8133 8093 8092 8132
f 8134 8094 8093 8133
f 8135 8095 8094 8134
f 8136 8096 8095 8135
f 8137 8097 8096 8136
f 8138 8098 8097 8137
f 8139 8099 8098 8138
f 8140 8100 8099 8139
f 8141 8101 8100 8140
f 8142 8102 8101 8141
f 8143 8103 8102 8142
f 8144 8104 8103 8143
f 8145 8105 8104 8144
f 8146 8106 8105 8145
f 8147 8107 8106 8146
f 8148 8108 8107 8147
f 8149 8109 8108 8148
f 8150 8110 8109 8149
f 8151 8111 8110 8150
f 8152 8112 8111 8151
f 8153 8113 8112 8152
f 8154 8114 8113 8153
f 8155 8115 8114 8154
f 8156 8116 8115 8155
f 8157 8117 8116 8156
f 8158 8118 8117 8157
f 8159 8119 8118 8158
f 8160 8120 8119 8159
f 8162 8122 8121
f 8163 8123 8122 8162
f 8164 8124 8123 8163
f 8165 8125 8124 8164
f 8166 8126 8125 8165
f 8167 8127 8126 8166
f 8168 8128 8127 8167
f 8169 8129 8128 8168
f 8170 8130 8129 8169
f 8171 8131 8130 8170
f 8172 8132 8131 8171
f 8173 8133 8132 8172
f 8174 8134 8133 8173
f 8175 8135 8134 8174
f 8176 8136 8135 8175
f 8177 8137 8136 8176
f 8178 8138 8137 8177
f 8179 8139 8138 8178
f 8180 8140 8139 8179
f 8181 8141 8140 8180
f 8182 8142 8141 8181
f 8183 8143 8142 8182
f 8184 8144 8143 8183
f 8185 8145 8144 8184
f 8186 8146 8145 8185
f 8187 8147 8146 8186
f 8188 8148 8147 8187
f 8189 8149 8148 8188
f 8190 8150 8149 8189
f 8191 8151 8150 8190
f 8192 8152 8151 8191
f 8193 8153 8152 8192
f 8194 8154 8153 8193
f 8195 8155 8154 8194
f 8196 8156 8155 8195
f 8197 8157 8156 8196
f 8198 8158 8157 8197
f 8199 8159 8158 8198
f 8200 8160 8159 8199
f 8202 8162 8161
f 8203 8163 8162 8202
f 8204 8164 8163 8203
f 8205 8165 8164 8204
f 8206 8166 8165 8205
f 8207 8167 8166 8206
f 8208 8168 8167 8207
f 8209 8169 8168 8208
f 8210 8170 8169 8209
f 8211 8171 8170 8210
f 8212 8172 8171 8211
f 8213 8173 8172 8212
f 8214 8174 8173 8213
f 8215 8175 8174 8214
f 8216 8176 8175 8215
f 8217 8177 8176 8216
f 8218 8178 8177 8217
f 8219 8179 8178 8218
f 8220 8180 8179 8219
f 8221 8181 8180 8220
f 8222 8182 8181 8221
f 8223 8183 8182 8222
f 8224 8184 8183 8223
f 8225 8185 8184 8224
f 8226 8186 8185 8225
f 8227 8187 8186 8226
f 8228 8188 8187 8227
f 8229 8189 8188 8228
f 8230 8190 8189 8229
f 8231 8191 8190 8230
f 8232 8192 8191 8231
f 8233 8193 8192 8232
f 8234 8194 8193 8233
f 8235 8195 8194 8234
f 8236 8196 8195 8235
f 8237 8197 8196 8236
f 8238 8198 8197 8237
f 8239 8199 8198 8238
f 8240 8200 8199 8239
f 8242 8202 8201
f 8243 8203 8202 8242
f 8244 8204 8203 8243
f 8245 8205 8204 8244
f 8246 8206 8205 8245
f 8247 8207 8206 8246
f 8248 8208 8207 8247
f 8249 8209 8208 8248
f 8250 8210 8209 8249
f 8251 8211 8210 8250
f 8252 8212 8211 8251
f 8253 8213 8212 8252
f 8254 8214 8213 8253
f 8255 8215 8214 8254
f 8256 8216 8215 8255
f 8257 8217 8216 8256
f 8258 8218 8217 8257
f 8259 8219 8218 8258
f 8260 8220 8219 8259
f 8261 8221 8220 8260
f 8262 8222 8221 8261
f 8263 8223 8222 8262
f 8264 8224 8223 8263
f 8265 8225 8224 8264
f 8266 8226 8225 8265
f 8267 8227 8226 8266
f 8268 8228 8227 8267
f 8269 8229 8228 8268
f 8270 8230 8229 8269
f 8271 8231 8230 8270
f 8272 8232 8231 8271
f 8273 8233 8232 8272
f 8274 8234 8233 8273
f 8275 8235 8234 8274
f 8276 8236 8235 8275
f 8277 8237 8236 8276
f 8278 8238 8237 8277
f 8279 8239 8238 8278
f 8280 8240 8239 8279
f 8282 8242 8241
f 8283 8243 8242 8282
f 8284 8244 8243 8283
f 8285 8245 8244 8284
f 8286 8246 8245 8285
f 8287 8247 8246 8286
f 8288 8248 8247 8287
f 8289 8249 8248 8288
f 8290 8250 8249 8289
f 8291 8251 8250 8290
f 8292 8252 8251 8291
f 8293 8253 8252 8292
f 8294 8254 8253 8293
f 8295 8255 8254 8294
f 8296 8256 8255 8295
f 8297 8257 8256 8296
f 8298 8258 8257 8297
f 8299 8259 8258 8298
f 8300 8260 8259 8299
f 8301 8261 8260 8300
f 8302 8262 8261 8301
f 8303 8263 8262 8302
f 8304 8264 8263 8303
f 8305 8265 8264 8304
f 8306 8266 8265 8305
f 8307 8267 8266 8306
f 8308 8268 8267 8307
f 8309 8269 8268 8308
f 8310 8270 8269 8309
f 8311 8271 8270 8310
f 8312 8272 8271 8311
f 8313 8273 8272 8312
f 8314 8274 8273 8313
f 8315 8275 8274 8314
f 8316 8276 8275 8315
f 8317 8277 8276 8316
f 8318 8278 8277 8317
f 8319 8279 8278 8318
f 8320 8280 8279 8319
f 8322 8282 8281
f 8323 8283 8282 8322
f 8324 8284 8283 8323
f 8325 8285 8284 8324
f 8326 8286 8285 8325
f 8327 8287 8286 8326
f 8328 8288 8287 8327
f 8329 8289 8288 8328
f 8330 8290 8289 8329
f 8331 8291 8290 8330
f 8332 8292 8291 8331
f 8333 8293 8292 8332
f 8334 8294 8293 8333
f 8335 8295 8294 8334
f 8336 8296 8295 8335
f 8337 8297 8296 8336
f 8338 8298 8297 8337
f 8339 8299 8298 8338
f 8340 8300 8299 8339
f 8341 8301 8300 8340
f 8342 8302 8301 8341
f 8343 8303 8302 8342
f 8344 8304 8303 8343
f 8345 8305 8304 8344
f 8346 8306 8305 8345
f 8347 8307 8306 8346
f 8348 8308 8307 8347
f 8349 8309 8308 8348
f 8350 8310 8309 8349
f 8351 8311 8310 8350
f 8352 8312 8311 8351
f 8353 8313 8312 8352
f 8354 8314 8313 8353
f 8355 8315 8314 8354
f 8356 8316 8315 8355
f 8357 8317 8316 8356
f 8358 8318 8317 8357
f 8359 8319 8318 8358
f 8360 8320 8319 8359
f 8362 8322 8321
f 8363 8323 8322 8362
f 8364 8324 8323 8363
f 8365 8325 8324 8364
f 8366 8326 8325 8365
f 8367 8327 8326 8366
f 8368 8328 8327 8367
f 8369 8329 8328 8368
f 8370 8330 8329 8369
f 8371 8331 8330 8370
f 8372 8332 8331 8371
f 8373 8333 8332 8372
f 8374 8334 8333 8373
f 8375 8335 8334 8374
f 8376 8336 8335 8375
f 8377 8337 8336 8376
f 8378 8338 8337 8377
f 8379 8339 8338 8378
f 8380 8340 8339 8379
f 8381 8341 8340 8380
f 8382 8342 8341 8381
f 8383 8343 8342 8382
f 8384 8344 8343 8383
f 8385 8345 8344 8384
f 8386 8346 8345 8385
f 8387 8347 8346 8386
f 8388 8348 8347 8387
f 8389 8349 8348 8388
f 8390 8350 8349 8389
f 8391 8351 8350 8390
f 8392 8352 8351 8391
f 8393 8353 8352 8392
f 8394 8354 8353 8393
f 8395 8355 8354 8394
f 8396 8356 8355 8395
f 8397 8357 8356 8396
f 8398 8358 8357 8397
f 8399 8359 8358 8398
f 8400 8360 8359 8399
f 8402 8362 8361
f 8403 8363 8362 8402
f 8404 8364 8363 8403
f 8405 8365 8364 8404
f 8406 8366 8365 8405
f 8407 8367 8366 8406
f 8408 8368 8367 8407
f 8409 8369 8368 8408
f 8410 8370 8369 8409
f 8411 8371 8370 8410
f 8412 8372 8371 8411
f 8413 8373 8372 8412
f 8414 8374 8373 8413
f 8415 8375 8374 8414
f 8416 8376 8375 8415
f 8417 8377 8376 8416
f 8418 8378 8377 8417
f 8419 8379 8378 8418
f 8420 8380 8379 8419
f 8421 8381 8380 8420
f 8422 8382 8381 8421
f 8423 8383 8382 8422
f 8424 8384 8383 8423
f 8425 8385 8384 8424
f 8426 8386 8385 8425
f 8427 8387 8386 8426
f 8428 8388 8387 8427
f 8429 8389 8388 8428
f 8430 8390 8389 8429
f 8431 8391 8390 8430
f 8432 8392 8391 8431
f 8433 8393 8392 8432
f 8434 8394 8393 8433
f 8435 8395 8394 8434
f 8436 8396 8395 8435
f 8437 8397 8396 8436
f 8438 8398 8397 8437
f 8439 8399 8398 8438
f 8440 8400 8399 8439
f 8442 8402 8401
f 8443 8403 8402 8442
f 8444 8404 8403 8443
f 8445 8405 8404 8444
f 8446 8406 8405 8445
f 8447 8407 8406 8446
f 8448 8408 8407 8447
f 8449 8409 8408 8448
f 8450 8410 8409 8449
f 8451 8411 8410 8450
f 8452 8412 8411 8451
f 8453 8413 8412 8452
f 8454 8414 8413 8453
f 8455 8415 8414 8454
f 8456 8416 8415 8455
f 8457 8417 8416 8456
f 8458 8418 8417 8457
f 8459 8419 8418 8458
f 8460 8420 8419 8459
f 8461 8421 8420 8460
f 8462 8422 8421 8461
f 8463 8423 8422 8462
f 8464 8424 8423 8463
f 8465 8425 8424 8464
f 8466 8426 8425 8465
f 8467 8427 8426 8466
f 8468 8428 8427 8467
f 8469 8429 8428 8468
f 8470 8430 8429 8469
f 8471 8431 8430 8470
f 8472 8432 8431 8471
f 8473 8433 8432 8472
f 8474 8434 8433 8473
f 8475 8435 8434 8474
f 8476 8436 8435 8475
f 8477 8437 8436 8476
f 8478 8438 8437 8477
f 8479 8439 8438 8478
f 8480 8440 8439 8479
f 8482 8442 8441
f 8483 8443 8442 8482
f 8484 8444 8443 8483
f 8485 8445 8444 8484
f 8486 8446 8445 8485
f 8487 8447 8446 8486
f 8488 8448 8447 8487
f 8489 8449 8448 8488
f 8490 8450 8449 8489
f 8491 8451 8450 8490
f 8492 8452 8451 8491
f 8493 8453 8452 8492
f 8494 8454 8453 8493
f 8495 8455 8454 8494
f 8496 8456 8455 8495
f 8497 8457 8456 8496
f 8498 8458 8457 8497
f 8499 8459 8458 8498
f 8500 8460 8459 8499
f 8501 8461 8460 8500
f 8502 8462 8461 8501
f 8503 8463 8462 8502
f 8504 8464 8463 8503
f 8505 8465 8464 8504
f 8506 8466 8465 8505
f 8507 8467 8466 8506
f 8508 8468 8467 8507
f 8509 8469 8468 8508
f 8510 8470 8469 8509
f 8511 8471 8470 8510
f 8512 8472 8471 8511
f 8513 8473 8472 8512
f 8514 8474 8473 8513
f 8515 8475 8474 8514
f 8516 8476 8475 8515
f 8517 8477 8476 8516
f 8518 8478 8477 8517
f 8519 8479 8478 8518
f 8520 8480 8479 8519
f 8522 8482 8481
f 8523 8483 8482 8522
f 8524 8484 8483 8523
f 8525 8485 8484 8524
f 8526 8486 8485 8525
f 8527 8487 8486 8526
f 8528 8488 8487 8527
f 8529 8489 8488 8528
f 8530 8490 8489 8529
f 8531 8491 8490 8530
f 8532 8492 8491 8531
f 8533 8493 8492 8532
f 8534 8494 8493 8533
f 8535 8495 8494 8534
f 8536 8496 8495 8535
f 8537 8497 8496 8536
f 8538 8498 8497 8537
f 8539 8499 8498 8538
f 8540 8500 8499 8539
f 8541 8501 8500 8540
f 8542 8502 8501 8541
f 8543 8503 8502 8542
f 8544 8504 8503 8543
f 8545 8505 8504 8544
f 8546 8506 8505 8545
f 8547 8507 8506 8546
f 8548 8508 8507 8547
f 8549 8509 8508 8548
f 8550 8510 8509 8549
f 8551 8511 8510 8550
f 8552 8512 8511 8551
f 8553 8513 8512 8552
f 8554 8514 8513 8553
f 8555 8515 8514 8554
f 8556 8516 8515 8555
f 8557 8517 8516 8556
f 8558 8518 8517 8557
f 8559 8519 8518 8558
f 8560 8520 8519 8559
f 8562 8522 8521
f 8563 8523 8522 8562
f 8564 8524 8523 8563
f 8565 8525 8524 8564
f 8566 8526 8525 8565
f 8567 8527 8526 8566
f 8568 8528 8527 8567
f 8569 8529 8528 8568
f 8570 8530 8529 8569
f 8571 8531 8530 8570
f 8572 8532 8531 8571
f 8573 8533 8532 8572
f 8574 8534 8533 8573
f 8575 8535 8534 8574
f 8576 8536 8535 8575
f 8577 8537 8536 8576
f 8578 8538 8537 8577
f 8579 8539 8538 8578
f 8580 8540 8539 8579
f 8581 8541 8540 8580
f 8582 8542 8541 8581
f 8583 8543 8542 8582
f 8584 8544 8543 8583
f 8585 8545 8544 8584
f 8586 8546 8545 8585
f 8587 8547 8546 8586
f 8588 8548 8547 8587
f 8589 8549 8548 8588
f 8590 8550 8549 8589
f 8591 8551 8550 8590
f 8592 8552 8551 8591
f 8593 8553 8552 8592
f 8594 8554 8553 8593
f 8595 8555 8554 8594
f 8596 8556 8555 8595
f 8597 8557 8556 8596
f 8598 8558 8557 8597
f 8599 8559 8558 8598
f 8600 8560 8559 8599
f 8602 8562 8561
f 8603 8563 8562 8602
f 8604 8564 8563 8603
f 8605 8565 8564 8604
f 8606 8566 8565 8605
f 8607 8567 8566 8606
f 8608 8568 8567 8607
f 8609 8569 8568 8608
f 8610 8570 8569 8609
f 8611 8571 8570 8610
f 8612 8572 8571 8611
f 8613 8573 8572 8612
f 8614 8574 8573 8613
f 8615 8575 8574 8614
f 8616 8576 8575 8615
f 8617 8577 8576 8616
f 8618 8578 8577 8617
f 8619 8579 8578 8618
f 8620 8580 8579 8619
f 8621 8581 8580 8620
f 8622 8582 8581 8621
f 8623 8583 8582 8622
f 8624 8584 8583 8623
f 8625 8585 8584 8624
f 8626 8586 8585 8625
f 8627 8587 8586 8626
f 8628 8588 8587 8627
f 8629 8589 8588 8628
f 8630 8590 8589 8629
f 8631 8591 8590 8630
f 8632 8592 8591 8631
f 8633 8593 8592 8632
f 8634 8594 8593 8633
f 8635 8595 8594 8634
f 8636 8596 8595 8635
f 8637 8597 8596 8636
f 8638 8598 8597 8637
f 8639 8599 8598 8638
f 8640 8600 8599 8639
f 8642 8602 8601
f 8643 8603 8602 8642
f 8644 8604 8603 8643
f 8645 8605 8604 8644
f 8646 8606 8605 8645
f 8647 8607 8606 8646
f 8648 8608 8607 8647
f 8649 8609 8608 8648
f 8650 8610 8609 8649
f 8651 8611 8610 8650
f 8652 8612 8611 8651
f 8653 8613 8612 8652
f 8654 8614 8613 8653
f 8655 8615 8614 8654
f 8656 8616 8615 8655
f 8657 8617 8616 8656
f 8658 8618 8617 8657
f 8659 8619 8618 8658
f 8660 8620 8619 8659
f 8661 8621 8620 8660
f 8662 8622 8621 8661
f 8663 8623 8622 8662
f 8664 8624 8623 8663
f 8665 8625 8624 8664
f 8666 8626 8625 8665
f 8667 8627 8626 8666
f 8668 8628 8627 8667
f 8669 8629 8628 8668
f 8670 8630 8629 8669
f 8671 8631 8630 8670
f 8672 8632 8631 8671
f 8673 8633 8632 8672
f 8674 8634 8633 8673
f 8675 8635 8634 8674
f 8676 8636 8635 8675
f 8677 8637 8636 8676
f 8678 8638 8637 8677
f 8679 8639 8638 8678
f 8680 8640 8639 8679
f 8682 8642 8641
f 8683 8643 8642 8682
f 8684 8644 8643 8683
f 8685 8645 8644 8684
f 8686 8646 8645 8685
f 8687 8647 8646 8686
f 8688 8648 8647 8687
f 8689 8649 8648 8688
f 8690 8650 8649 8689
f 8691 8651 8650 8690
f 8692 8652 8651 8691
f 8693 8653 8652 8692
f 8694 8654 8653 8693
f 8695 8655 8654 8694
f 8696 8656 8655 8695
f 8697 8657 8656 8696
f 8698 8658 8657 8697
f 8699 8659 8658 8698
f 8700 8660 8659 8699
f 8701 8661 8660 8700
f 8702 8662 8661 8701
f 8703 8663 8662 8702
f 8704 8664 8663 8703
f 8705 8665 8664 8704
f 8706 8666 8665 8705
f 8707 8667 8666 8706
f 8708 8668 8667 8707
f 8709 8669 8668 8708
f 8710 8670 8669 8709
f 8711 8671 8670 8710
f 8712 8672 8671 8711
f 8713 8673 8672 8712
f 8714 8674 8673 8713
f 8715 8675 8674 8714
f 8716 8676 8675 8715
f 8717 8677 8676 8716
f 8718 8678 8677 8717
f 8719 8679 8678 8718
f 8720 8680 8679 8719
f 8722 8682 8681
f 8723 8683 8682 8722
f 8724 8684 8683 8723
f 8725 8685 8684 8724
f 8726 8686 8685 8725
f 8727 8687 8686 8726
f 8728 8688 8687 8727
f 8729 8689 8688 8728
f 8730 8690 8689 8729
f 8731 8691 8690 8730
f 8732 8692 8691 8731
f 8733 8693 8692 8732
f 8734 8694 8693 8733
f 8735 8695 8694 8734
f 8736 8696 8695 8735
f 8737 8697 8696 8736
f 8738 8698 8697 8737
f 8739 8699 8698 8738
f 8740 8700 8699 8739
f 8741 8701 8700 8740
f 8742 8702 8701 8741
f 8743 8703 8702 8742
f 8744 8704 8703 8743
f 8745 8705 8704 8744
f 8746 8706 8705 8745
f 8747 8707 8706 8746
f 8748 8708 8707 8747
f 8749 8709 8708 8748
f 8750 8710 8709 8749
f 8751 8711 8710 8750
f 8752 8712 8711 8751
f 8753 8713 8712 8752
f 8754 8714 8713 8753
f 8755 8715 8714 8754
f 8756 8716 8715 8755
f 8757 8717 8716 8756
f 8758 8718 8717 8757
f 8759 8719 8718 8758
f 8760 8720 8719 8759
f 8762 8722 8721
f 8763 8723 8722 8762
f 8764 8724 8723 8763
f 8765 8725 8724 8764
f 8766 8726 8725 8765
f 8767 8727 8726 8766
f 8768 8728 8727 8767
f 8769 8729 8728 8768
f 8770 8730 8729 8769
f 8771 8731 8730 8770
f 8772 8732 8731 8771
f 8773 8733 8732 8772
f 8774 8734 8733 8773
f 8775 8735 8734 8774
f 8776 8736 8735 8775
f 8777 8737 8736 8776
f 8778 8738 8737 8777
f 8779 8739 8738 8778
f 8780 8740 8739 8779
f 8781 8741 8740 8780
f 8782 8742 8741 8781
f 8783 8743 8742 8782
f 8784 8744 8743 8783
f 8785 8745 8744 8784
f 8786 8746 8745 8785
f 8787 8747 8746 8786
f 8788 8748 8747 8787
f 8789 8749 8748 8788
f 8790 8750 8749 8789
f 8791 8751 8750 8790
f 8792 8752 8751 8791
f 8793 8753 8752 8792
f 8794 8754 8753 8793
f 8795 8755 8754 8794
f 8796 8756 8755 8795
f 8797 8757 8756 8796
f 8798 8758 8757 8797
f 8799 8759 8758 8798
f 8800 8760 8759 8799
f 8802 8762 8761
f 8803 8763 8762 8802
f 8804 8764 8763 8803
f 8805 8765 8764 8804
f 8806 8766 8765 8805
f 8807 8767 8766 8806
f 8808 8768 8767 8807
f 8809 8769 8768 8808
f 8810 8770 8769 8809
f 8811 8771 8770 8810
f 8812 8772 8771 8811
f 8813 8773 8772 8812
f 8814 8774 8773 8813
f 8815 8775 8774 8814
f 8816 8776 8775 8815
f 8817 8777 8776 8816
f 8818 8778 8777 8817
f 8819 8779 8778 8818
f 8820 8780 8779 8819
f 8821 8781 8780 8820
f 8822 8782 8781 8821
f 8823 8783 8782 8822
f 8824 8784 8783 8823
f 8825 8785 8784 8824
f 8826 8786 8785 8825
f 8827 8787 8786 8826
f 8828 8788 8787 8827
f 8829 8789 8788 8828
f 8830 8790 8789 8829
f 8831 8791 8790 8830
f 8832 8792 8791 8831
f 8833 8793 8792 8832
f 8834 8794 8793 8833
f 8835 8795 8794 8834
f 8836 8796 8795 8835
f 8837 8797 8796 8836
f 8838 8798 8797 8837
f 8839 8799 8798 8838
f 8840 8800 8799 8839
f 8842 8802 8801
f 8843 8803 8802 8842
f 8844 8804 8803 8843
f 8845 8805 8804 8844
f 8846 8806 8805 8845
f 8847 8807 8806 8846
f 8848 8808 8807 8847
f 8849 8809 8808 8848
f 8850 8810 8809 8849
f 8851 8811 8810 8850
f 8852 8812 8811 8851
f 8853 8813 8812 8852
f 8854 8814 8813 8853
f 8855 8815 8814 8854
f 8856 8816 8815 8855
f 8857 8817 8816 8856
f 8858 8818 8817 8857
f 8859 8819 8818 8858
f 8860 8820 8819 8859
f 8861 8821 8820 8860
f 8862 8822 8821 8861
f 8863 8823 8822 8862
f 8864 8824 8823 8863
f 8865 8825 8824 8864
f 8866 8826 8825 8865
f 8867 8827 8826 8866
f 8868 8828 8827 8867
f 8869 8829 8828 8868
f 8870 8830 8829 8869
f 8871 8831 8830 8870
f 8872 8832 8831 8871
f 8873 8833 8832 8872
f 8874 8834 8833 8873
f 8875 8835 8834 8874
f 8876 8836 8835 8875
f 8877 8837 8836 8876
f 8878 8838 8837 8877
f 8879 8839 8838 8878
f 8880 8840 8839 8879
f 8882 8842 8841
f 8883 8843 8842 8882
f 8884 8844 8843 8883
f 8885 8845 8844 8884
f 8886 8846 8845 8885
f 8887 8847 8846 8886
f 8888 8848 8847 8887
f 8889 8849 8848 8888
f 8890 8850 8849 8889
f 8891 8851 8850 8890
f 8892 8852 8851 8891
f 8893 8853 8852 8892
f 8894 8854 8853 8893
f 8895 8855 8854 8894
f 8896 8856 8855 8895
f 8897 8857 8856 8896
f 8898 8858 8857 8897
f 8899 8859 8858 8898
f 8900 8860 8859 8899
f 8901 8861 8860 8900
f 8902 8862 8861 8901
f 8903 8863 8862 8902
f 8904 8864 8863 8903
f 8905 8865 8864 8904
f 8906 8866 8865 8905
f 8907 8867 8866 8906
f 8908 8868 8867 8907
f 8909 8869 8868 8908
f 8910 8870 8869 8909
f 8911 8871 8870 8910
f 8912 8872 8871 8911
f 8913 8873 8872 8912
f 8914 8874 8873 8913
f 8915 8875 8874 8914
f 8916 8876 8875 8915
f 8917 8877 8876 8916
f 8918 8878 8877 8917
f 8919 8879 8878 8918
f 8920 8880 8879 8919
f 8922 8882 8881
f 8923 8883 8882 8922
f 8924 8884 8883 8923
f 8925 8885 8884 8924
f 8926 8886 8885 8925
f 8927 8887 8886 8926
f 8928 8888 8887 8927
f 8929 8889 8888 8928
f 8930 8890 8889 8929
f 8931 8891 8890 8930
f 8932 8892 8891 8931
f 8933 8893 8892 8932
f 8934 8894 8893 8933
f 8935 8895 8894 8934
f 8936 8896 8895 8935
f 8937 8897 8896 8936
f 8938 8898 8897 8937
f 8939 8899 8898 8938
f 8940 8900 8899 8939
f 8941 8901 8900 8940
f 8942 8902 8901 8941
f 8943 8903 8902 8942
f 8944 8904 8903 8943
f 8945 8905 8904 8944
f 8946 8906 8905 8945
f 8947 8907 8906 8946
f 8948 8908 8907 8947
f 8949 8909 8908 8948
f 8950 8910 8909 8949
f 8951 8911 8910 8950
f 8952 8912 8911 8951
f 8953 8913 8912 8952
f 8954 8914 8913 8953
f 8955 8915 8914 8954
f 8956 8916 8915 8955
f 8957 8917 8916 8956
f 8958 8918 8917 8957
f 8959 8919 8918 8958
f 8960 8920 8919 8959
f 8962 8922 8921
f 8963 8923 8922 8962
f 8964 8924 8923 8963
f 8965 8925 8924 8964
f 8966 8926 8925 8965
f 8967 8927 8926 8966
f 8968 8928 8927 8967
f 8969 8929 8928 8968
f 8970 8930 8929 8969
f 8971 8931 8930 8970
f 8972 8932 8931 8971
f 8973 8933 8932 8972
f 8974 8934 8933 8973
f 8975 8935 8934 8974
f 8976 8936 8935 8975
f 8977 8937 8936 8976
f 8978 8938 8937 8977
f 8979 8939 8938 8978
f 8980 8940 8939 8979
f 8981 8941 8940 8980
f 8982 8942 8941 8981
f 8983 8943 8942 8982
f 8984 8944 8943 8983
f 8985 8945 8944 8984
f 8986 8946 8945 8985
f 8987 8947 8946 8986
f 8988 8948 8947 8987
f 8989 8949 8948 8988
f 8990 8950 8949 8989
f 8991 8951 8950 8990
f 8992 8952 8951 8991
f 8993 8953 8952 8992
f 8994 8954 8953 8993
f 8995 8955 8954 8994
f 8996 8956 8955 8995
f 8997 8957 8956 8996
f 8998 8958 8957 8997
f 8999 8959 8958 8998
f 9000 8960 8959 8999
f 9002 8962 8961
f 9003 8963 8962 9002
f 9004 8964 8963 9003
f 9005 8965 8964 9004
f 9006 8966 8965 9005
f 9007 8967 8966 9006
f 9008 8968 8967 9007
f 9009 8969 8968 9008
f 9010 8970 8969 9009
f 9011 8971 8970 9010
f 9012 8972 8971 9011
f 9013 8973 8972 9012
f 9014 8974 8973 9013
f 9015 8975 8974 9014
f 9016 8976 8975 9015
f 9017 8977 8976 9016
f 9018 8978 8977 9017
f 9019 8979 8978 9018
f 9020 8980 8979 9019
f 9021 8981 8980 9020
f 9022 8982 8981 9021
f 9023 8983 8982 9022
f 9024 8984 8983 9023
f 9025 8985 8984 9024
f 9026 8986 8985 9025
f 9027 8987 8986 9026
f 9028 8988 8987 9027
f 9029 8989 8988 9028
f 9030 8990 8989 9029
f 9031 8991 8990 9030
f 9032 8992 8991 9031
f 9033 8993 8992 9032
f 9034 8994 8993 9033
f 9035 8995 8994 9034
f 9036 8996 8995 9035
f 9037 8997 8996 9036
f 9038 8998 8997 9037
f 9039 8999 8998 9038
f 9040 9000 8999 9039
f 9042 9002 9001
f 9043 9003 9002 9042
f 9044 9004 9003 9043
f 9045 9005 9004 9044
f 9046 9006 9005 9045
f 9047 9007 9006 9046
f 9048 9008 9007 9047
f 9049 9009 9008 9048
f 9050 9010 9009 9049
f 9051 9011 9010 9050
f 9052 9012 9011 9051
f 9053 9013 9012 9052
f 9054 9014 9013 9053
f 9055 9015 9014 9054
f 9056 9016 9015 9055
f 9057 9017 9016 9056
f 9058 9018 9017 9057
f 9059 9019 9018 9058
f 9060 9020 9019 9059
f 9061 9021 9020 9060
f 9062 9022 9021 9061
f 9063 9023 9022 9062
f 9064 9024 9023 9063
f 9065 9025 9024 9064
f 9066 9026 9025 9065
f 9067 9027 9026 9066
f 9068 9028 9027 9067
f 9069 9029 9028 9068
f 9070 9030 9029 9069
f 9071 9031 9030 9070
f 9072 9032 9031 9071
f 9073 9033 9032 9072
f 9074 9034 9033 9073
f 9075 9035 9034 9074
f 9076 9036 9035 9075
f 9077 9037 9036 9076
f 9078 9038 9037 9077
f 9079 9039 9038 9078
f 9080 9040 9039 9079
f 9082 9042 9041
f 9083 9043 9042 9082
f 9084 9044 9043 9083
f 9085 9045 9044 9084
f 9086 9046 9045 9085
f 9087 9047 9046 9086
f 9088 9048 9047 9087
f 9089 9049 9048 9088
f 9090 9050 9049 9089
f 9091 9051 9050 9090
f 9092 9052 9051 9091
f 9093 9053 9052 9092
f 9094 9054 9053 9093
f 9095 9055 9054 9094
f 9096 9056 9055 9095
f 9097 9057 9056 9096
f 9098 9058 9057 9097
f 9099 9059 9058 9098
f 9100 9060 9059 9099
f 9101 9061 9060 9100
f 9102 9062 9061 9101
f 9103 9063 9062 9102
f 9104 9064 9063 9103
f 9105 9065 9064 9104
f 9106 9066 9065 9105
f 9107 9067 9066 9106
f 9108 9068 9067 9107
f 9109 9069 9068 9108
f 9110 9070 9069 9109
f 9111 9071 9070 9110
f 9112 9072 9071 9111
f 9113 9073 9072 9112
f 9114 9074 9073 9113
f 9115 9075 9074 9114
f 9116 9076 9075 9115
f 9117 9077 9076 9116
f 9118 9078 9077 9117
f 9119 9079 9078 9118
f 9120 9080 9079 9119
f 9122 9082 9081
f 9123 9083 9082 9122
f 9124 9084 9083 9123
f 9125 9085 9084 9124
f 9126 9086 9085 9125
f 9127 9087 9086 9126
f 9128 9088 9087 9127
f 9129 9089 9088 9128
f 9130 9090 9089 9129
f 9131 9091 9090 9130
f 9132 9092 9091 9131
f 9133 9093 9092 9132
f 9134 9094 9093 9133
f 9135 9095 9094 9134
f 9136 9096 9095 9135
f 9137 9097 9096 9136
f 9138 9098 9097 9137
f 9139 9099 9098 9138
f 9140 9100 9099 9139
f 9141 9101 9100 9140
f 9142 9102 9101 9141
f 9143 9103 9102 9142
f 9144 9104 9103 9143
f 9145 9105 9104 9144
f 9146 9106 9105 9145
f 9147 9107 9106 9146
f 9148 9108 9107 9147
f 9149 9109 9108 9148
f 9150 9110 9109 9149
f 9151 9111 9110 9150
f 9152 9112 9111 9151
f 9153 9113 9112 9152
f 9154 9114 9113 9153
f 9155 9115 9114 9154
f 9156 9116 9115 9155
f 9157 9117 9116 9156
f 9158 9118 9117 9157
f 9159 9119 9118 9158
f 9160 9120 9119 9159
f 9162 9122 9121
f 9163 9123 9122 9162
f 9164 9124 9123 9163
f 9165 9125 9124 9164
f 9166 9126 9125 9165
f 9167 9127 9126 9166
f 9168 9128 9127 9167
f 9169 9129 9128 9168
f 9170 9130 9129 9169
f 9171 9131 9130 9170
f 9172 9132 9131 9171
f 9173 9133 9132 9172
f 9174 9134 9133 9173
f 9175 9135 9134 9174
f 9176 9136 9135 9175
f 9177 9137 9136 9176
f 9178 9138 9137 9177
f 9179 9139 9138 9178
f 9180 9140 9139 9179
f 9181 9141 9140 9180
f 9182 9142 9141 9181
f 9183 9143 9142 9182
f 9184 9144 9143 9183
f 9185 9145 9144 9184
f 9186 9146 9145 9185
f 9187 9147 9146 9186
f 9188 9148 9147 9187
f 9189 9149 9148 9188
f 9190 9150 9149 9189
f 9191 9151 9150 9190
f 9192 9152 9151 9191
f 9193 9153 9152 9192
f 9194 9154 9153 9193
f 9195 9155 9154 9194
f 9196 9156 9155 9195
f 9197 9157 9156 9196
f 9198 9158 9157 9197
f 9199 9159 9158 9198
f 9200 9160 9159 9199
f 9202 9162 9161
f 9203 9163 9162 9202
f 9204 9164 9163 9203
f 9205 9165 9164 9204
f 9206 9166 9165 9205
f 9207 9167 9166 9206
f 9208 9168 9167 9207
f 9209 9169 9168 9208
f 9210 9170 9169 9209
f 9211 9171 9170 9210
f 9212 9172 9171 9211
f 9213 9173 9172 9212
f 9214 9174 9173 9213
f 9215 9175 9174 9214
f 9216 9176 9175 9215
f 9217 9177 9176 9216
f 9218 9178 9177 9217
f 9219 9179 9178 9218
f 9220 9180 9179 9219
f 9221 9181 9180 9220
f 9222 9182 9181 9221
f 9223 9183 9182 9222
f 9224 9184 9183 9223
f 9225 9185 9184 9224
f 9226 9186 9185 9225
f 9227 9187 9186 9226
f 9228 9188 9187 9227
f 9229 9189 9188 9228
f 9230 9190 9189 9229
f 9231 9191 9190 9230
f 9232 9192 9191 9231
f 9233 9193 9192 9232
f 9234 9194 9193 9233
f 9235 9195 9194 9234
f 9236 9196 9195 9235
f 9237 9197 9196 9236
f 9238 9198 9197 9237
f 9239 9199 9198 9238
f 9240 9200 9199 9239
f 9242 9202 9201
f 9243 9203 9202 9242
f 9244 9204 9203 9243
f 9245 9205 9204 9244
f 9246 9206 9205 9245
f 9247 9207 9206 9246
f 9248 9208 9207 9247
f 9249 9209 9208 9248
f 9250 9210 9209 9249
f 9251 9211 9210 9250
f 9252 9212 9211 9251
f 9253 9213 9212 9252
f 9254 9214 9213 9253
f 9255 9215 9214 9254
f 9256 9216 9215 9255
f 9257 9217 9216 9256
f 9258 9218 9217 9257
f 9259 9219 9218 9258
f 9260 9220 9219 9259
f 9261 9221 9220 9260
f 9262 9222 9221 9261
f 9263 9223 9222 9262
f 9264 9224 9223 9263
f 9265 9225 9224 9264
f 9266 9226 9225 9265
f 9267 9227 9226 9266
f 9268 9228 9227 9267
f 9269 9229 9228 9268
f 9270 9230 9229 9269
f 9271 9231 9230 9270
f 9272 9232 9231 9271
f 9273 9233 9232 9272
f 9274 9234 9233 9273
f 9275 9235 9234 9274
f 9276 9236 9235 9275
f 9277 9237 9236 9276
f 9278 9238 9237 9277
f 9279 9239 9238 9278
f 9280 9240 9239 9279
f 9282 9242 9241
f 9283 9243 9242 9282
f 9284 9244 9243 9283
f 9285 9245 9244 9284
f 9286 9246 9245 9285
f 9287 9247 9246 9286
f 9288 9248 9247 9287
f 9289 9249 9248 9288
f 9290 9250 9249 9289
f 9291 9251 9250 9290
f 9292 9252 9251 9291
f 9293 9253 9252 9292
f 9294 9254 9253 9293
f 9295 9255 9254 9294
f 9296 9256 9255 9295
f 9297 9257 9256 9296
f 9298 9258 9257 9297
f 9299 9259 9258 9298
f 9300 9260 9259 9299
f 9301 9261 9260 9300
f 9302 9262 9261 9301
f 9303 9263 9262 9302
f 9304 9264 9263 9303
f 9305 9265 9264 9304
f 9306 9266 9265 9305
f 9307 9267 9266 9306
f 9308 9268 9267 9307
f 9309 9269 9268 9308
f 9310 9270 9269 9309
f 9311 9271 9270 9310
f 9312 9272 9271 9311
f 9313 9273 9272 9312
f 9314 9274 9273 9313
f 9315 9275 9274 9314
f 9316 9276 9275 9315
f 9317 9277 9276 9316
f 9318 9278 9277 9317
f 9319 9279 9278 9318
f 9320 9280 9279 9319
f 9322 9282 9281
f 9323 9283 9282 9322
f 9324 9284 9283 9323
f 9325 9285 9284 9324
f 9326 9286 9285 9325
f 9327 9287 9286 9326
f 9328 9288 9287 9327
f 9329 9289 9288 9328
f 9330 9290 9289 9329
f 9331 9291 9290 9330
f 9332 9292 9291 9331
f 9333 9293 9292 9332
f 9334 9294 9293 9333
f 9335 9295 9294 9334
f 9336 9296 9295 9335
f 9337 9297 9296 9336
f 9338 9298 9297 9337
f 9339 9299 9298 9338
f 9340 9300 9299 9339
f 9341 9301 9300 9340
f 9342 9302 9301 9341
f 9343 9303 9302 9342
f 9344 9304 9303 9343
f 9345 9305 9304 9344
f 9346 9306 9305 9345
f 9347 9307 9306 9346
f 9348 9308 9307 9347
f 9349 9309 9308 9348
f 9350 9310 9309 9349
f 9351 9311 9310 9350
f 9352 9312 9311 9351
f 9353 9313 9312 9352
f 9354 9314 9313 9353
f 9355 9315 9314 9354
f 9356 9316 9315 9355
f 9357 9317 9316 9356
f 9358 9318 9317 9357
f 9359 9319 9318 9358
f 9360 9320 9319 9359
f 9362 9322 9321
f 9363 9323 9322 9362
f 9364 9324 9323 9363
f 9365 9325 9324 9364
f 9366 9326 9325 9365
f 9367 9327 9326 9366
f 9368 9328 9327 9367
f 9369 9329 9328 9368
f 9370 9330 9329 9369
f 9371 9331 9330 9370
f 9372 9332 9331 9371
f 9373 9333 9332 9372
f 9374 9334 9333 9373
f 9375 9335 9334 9374
f 9376 9336 9335 9375
f 9377 9337 9336 9376
f 9378 9338 9337 9377
f 9379 9339 9338 9378
f 9380 9340 9339 9379
f 9381 9341 9340 9380
f 9382 9342 9341 9381
f 9383 9343 9342 9382
f 9384 9344 9343 9383
f 9385 9345 9344 9384
f 9386 9346 9345 9385
f 9387 9347 9346 9386
f 9388 9348 9347 9387
f 9389 9349 9348 9388
f 9390 9350 9349 9389
f 9391 9351 9350 9390
f 9392 9352 9351 9391
f 9393 9353 9352 9392
f 9394 9354 9353 9393
f 9395 9355 9354 9394
f 9396 9356 9355 9395
f 9397 9357 9356 9396
f 9398 9358 9357 9397
f 9399 9359 9358 9398
f 9400 9360 9359 9399
f 9402 9362 9361
f 9403 9363 9362 9402
f 9404 9364 9363 9403
f 9405 9365 9364 9404
f 9406 9366 9365 9405
f 9407 9367 9366 9406
f 9408 9368 9367 9407
f 9409 9369 9368 9408
f 9410 9370 9369 9409
f 9411 9371 9370 9410
f 9412 9372 9371 9411
f 9413 9373 9372 9412
f 9414 9374 9373 9413
f 9415 9375 9374 9414
f 9416 9376 9375 9415
f 9417 9377 9376 9416
f 9418 9378 9377 9417
f 9419 9379 9378 9418
f 9420 9380 9379 9419
f 9421 9381 9380 9420
f 9422 9382 9381 9421
f 9423 9383 9382 9422
f 9424 9384 9383 9423
f 9425 9385 9384 9424
f 9426 9386 9385 9425
f 9427 9387 9386 9426
f 9428 9388 9387 9427
f 9429 9389 9388 9428
f 9430 9390 9389 9429
f 9431 9391 9390 9430
f 9432 9392 9391 9431
f 9433 9393 9392 9432
f 9434 9394 9393 9433
f 9435 9395 9394 9434
f 9436 9396 9395 9435
f 9437 9397 9396 9436
f 9438 9398 9397 9437
f 9439 9399 9398 9438
f 9440 9400 9399 9439
f 9442 9402 9401
f 9443 9403 9402 9442
f 9444 9404 9403 9443
f 9445 9405 9404 9444
f 9446 9406 9405 9445
f 9447 9407 9406 9446
f 9448 9408 9407 9447
f 9449 9409 9408 9448
f 9450 9410 9409 9449
f 9451 9411 9410 9450
f 9452 9412 9411 9451
f 9453 9413 9412 9452
f 9454 9414 9413 9453
f 9455 9415 9414 9454
f 9456 9416 9415 9455
f 9457 9417 9416 9456
f 9458 9418 9417 9457
f 9459 9419 9418 9458
f 9460 9420 9419 9459
f 9461 9421 9420 9460
f 9462 9422 9421 9461
f 9463 9423 9422 9462
f 9464 9424 9423 9463
f 9465 9425 9424 9464
f 9466 9426 9425 9465
f 9467 9427 9426 9466
f 9468 9428 9427 9467
f 9469 9429 9428 9468
f 9470 9430 9429 9469
f 9471 9431 9430 9470
f 9472 9432 9431 9471
f 9473 9433 9432 9472
f 9474 9434 9433 9473
f 9475 9435 9434 9474
f 9476 9436 9435 9475
f 9477 9437 9436 9476
f 9478 9438 9437 9477
f 9479 9439 9438 9478
f 9480 9440 9439 9479
f 9482 9442 9441
f 9483 9443 9442 9482
f 9484 9444 9443 9483
f 9485 9445 9444 9484
f 9486 9446 9445 9485
f 9487 9447 9446 9486
f 9488 9448 9447 9487
f 9489 9449 9448 9488
f 9490 9450 9449 9489
f 9491 9451 9450 9490
f 9492 9452 9451 9491
f 9493 9453 9452 9492
f 9494 9454 9453 9493
f 9495 9455 9454 9494
f 9496 9456 9455 9495
f 9497 9457 9456 9496
f 9498 9458 9457 9497
f 9499 9459 9458 9498
f 9500 9460 9459 9499
f 9501 9461 9460 9500
f 9502 9462 9461 9501
f 9503 9463 9462 9502
f 9504 9464 9463 9503
f 9505 9465 9464 9504
f 9506 9466 9465 9505
f 9507 9467 9466 9506
f 9508 9468 9467 9507
f 9509 9469 9468 9508
f 9510 9470 9469 9509
f 9511 9471 9470 9510
f 9512 9472 9471 9511
f 9513 9473 9472 9512
f 9514 9474 9473 9513
f 9515 9475 9474 9514
f 9516 9476 9475 9515
f 9517 9477 9476 9516
f 9518 9478 9477 9517
f 9519 9479 9478 9518
f 9520 9480 9479 9519
f 9522 9482 9481
f 9523 9483 9482 9522
f 9524 9484 9483 9523
f 9525 9485 9484 9524
f 9526 9486 9485 9525
f 9527 9487 9486 9526
f 9528 9488 9487 9527
f 9529 9489 9488 9528
f 9530 9490 9489 9529
f 9531 9491 9490 9530
f 9532 9492 9491 9531
f 9533 9493 9492 9532
f 9534 9494 9493 9533
f 9535 9495 9494 9534
f 9536 9496 9495 9535
f 9537 9497 9496 9536
f 9538 9498 9497 9537
f 9539 9499 9498 9538
f 9540 9500 9499 9539
f 9541 9501 9500 9540
f 9542 9502 9501 9541
f 9543 9503 9502 9542
f 9544 9504 9503 9543
f 9545 9505 9504 9544
f 9546 9506 9505 9545
f 9547 9507 9506 9546
f 9548 9508 9507 9547
f 9549 9509 9508 9548
f 9550 9510 9509 9549
f 9551 9511 9510 9550
f 9552 9512 9511 9551
f 9553 9513 9512 9552
f 9554 9514 9513 9553
f 9555 9515 9514 9554
f 9556 9516 9515 9555
f 9557 9517 9516 9556
f 9558 9518 9517 9557
f 9559 9519 9518 9558
f 9560 9520 9519 9559
f 9562 9522 9521
f 9563 9523 9522 9562
f 9564 9524 9523 9563
f 9565 9525 9524 9564
f 9566 9526 9525 9565
f 9567 9527 9526 9566
f 9568 9528 9527 9567
f 9569 9529 9528 9568
f 9570 9530 9529 9569
f 9571 9531 9530 9570
f 9572 9532 9531 9571
f 9573 9533 9532 9572
f 9574 9534 9533 9573
f 9575 9535 9534 9574
f 9576 9536 9535 9575
f 9577 9537 9536 9576
f 9578 9538 9537 9577
f 9579 9539 9538 9578
f 9580 9540 9539 9579
f 9581 9541 9540 9580
f 9582 9542 9541 9581
f 9583 9543 9542 9582
f 9584 9544 9543 9583
f 9585 9545 9544 9584
f 9586 9546 9545 9585
f 9587 9547 9546 9586
f 9588 9548 9547 9587
f 9589 9549 9548 9588
f 9590 9550 9549 9589
f 9591 9551 9550 9590
f 9592 9552 9551 9591
f 9593 9553 9552 9592
f 9594 9554 9553 9593
f 9595 9555 9554 9594
f 9596 9556 9555 9595
f 9597 9557 9556 9596
f 9598 9558 9557 9597
f 9599 9559 9558 9598
f 9600 9560 9559 9599
f 9602 9562 9561
f 9603 9563 9562 9602
f 9604 9564 9563 9603
f 9605 9565 9564 9604
f 9606 9566 9565 9605
f 9607 9567 9566 9606
f 9608 9568 9567 9607
f 9609 9569 9568 9608
f 9610 9570 9569 9609
f 9611 9571 9570 9610
f 9612 9572 9571 9611
f 9613 9573 9572 9612
f 9614 9574 9573 9613
f 9615 9575 9574 9614
f 9616 9576 9575 9615
f 9617 9577 9576 9616
f 9618 9578 9577 9617
f 9619 9579 9578 9618
f 9620 9580 9579 9619
f 9621 9581 9580 9620
f 9622 9582 9581 9621
f 9623 9583 9582 9622
f 9624 9584 9583 9623
f 9625 9585 9584 9624
f 9626 9586 9585 9625
f 9627 9587 9586 9626
f 9628 9588 9587 9627
f 9629 9589 9588 9628
f 9630 9590 9589 9629
f 9631 9591 9590 9630
f 9632 9592 9591 9631
f 9633 9593 9592 9632
f 9634 9594 9593 9633
f 9635 9595 9594 9634
f 9636 9596 9595 9635
f 9637 9597 9596 9636
f 9638 9598 9597 9637
f 9639 9599 9598 9638
f 9640 9600 9599 9639
f 9642 9602 9601
f 9643 9603 9602 9642
f 9644 9604 9603 9643
f 9645 9605 9604 9644
f 9646 9606 9605 9645
f 9647 9607 9606 9646
f 9648 9608 9607 9647
f 9649 9609 9608 9648
f 9650 9610 9609 9649
f 9651 9611 9610 9650
f 9652 9612 9611 9651
f 9653 9613 9612 9652
f 9654 9614 9613 9653
f 9655 9615 9614 9654
f 9656 9616 9615 9655
f 9657 9617 9616 9656
f 9658 9618 9617 9657
f 9659 9619 9618 9658
f 9660 9620 9619 9659
f 9661 9621 9620 9660
f 9662 9622 9621 9661
f 9663 9623 9622 9662
f 9664 9624 9623 9663
f 9665 9625 9624 9664
f 9666 9626 9625 9665
f 9667 9627 9626 9666
f 9668 9628 9627 9667
f 9669 9629 9628 9668
f 9670 9630 9629 9669
f 9671 9631 9630 9670
f 9672 9632 9631 9671
f 9673 9633 9632 9672
f 9674 9634 9633 9673
f 9675 9635 9634 9674
f 9676 9636 9635 9675
f 9677 9637 9636 9676
f 9678 9638 9637 9677
f 9679 9639 9638 9678
f 9680 9640 9639 9679
f 9682 9642 9641
f 9683 9643 9642 9682
f 9684 9644 9643 9683
f 9685 9645 9644 9684
f 9686 9646 9645 9685
f 9687 9647 9646 9686
f 9688 9648 9647 9687
f 9689 9649 9648 9688
f 9690 9650 9649 9689
f 9691 9651 9650 9690
f 9692 9652 9651 9691
f 9693 9653 9652 9692
f 9694 9654 9653 9693
f 9695 9655 9654 9694
f 9696 9656 9655 9695
f 9697 9657 9656 9696
f 9698 9658 9657 9697
f 9699 9659 9658 9698
f 9700 9660 9659 9699
f 9701 9661 9660 9700
f 9702 9662 9661 9701
f 9703 9663 9662 9702
f 9704 9664 9663 9703
f 9705 9665 9664 9704
f 9706 9666 9665 9705
f 9707 9667 9666 9706
f 9708 9668 9667 9707
f 9709 9669 9668 9708
f 9710 9670 9669 9709
f 9711 9671 9670 9710
f 9712 9672 9671 9711
f 9713 9673 9672 9712
f 9714 9674 9673 9713
f 9715 9675 9674 9714
f 9716 9676 9675 9715
f 9717 9677 9676 9716
f 9718 9678 9677 9717
f 9719 9679 9678 9718
f 9720 9680 9679 9719
f 9722 9682 9681
f 9723 9683 9682 9722
f 9724 9684 9683 9723
f 9725 9685 9684 9724
f 9726 9686 9685 9725
f 9727 9687 9686 9726
f 9728 9688 9687 9727
f 9729 9689 9688 9728
f 9730 9690 9689 9729
f 9731 9691 9690 9730
f 9732 9692 9691 9731
f 9733 9693 9692 9732
f 9734 9694 9693 9733
f 9735 9695 9694 9734
f 9736 9696 9695 9735
f 9737 9697 9696 9736
f 9738 9698 9697 9737
f 9739 9699 9698 9738
f 9740 9700 9699 9739
f 9741 9701 9700 9740
f 9742 9702 9701 9741
f 9743 9703 9702 9742
f 9744 9704 9703 9743
f 9745 9705 9704 9744
f 9746 9706 9705 9745
f 9747 9707 9706 9746
f 9748 9708 9707 9747
f 9749 9709 9708 9748
f 9750 9710 9709 9749
f 9751 9711 9710 9750
f 9752 9712 9711 9751
f 9753 9713 9712 9752
f 9754 9714 9713 9753
f 9755 9715 9714 9754
f 9756 9716 9715 9755
f 9757 9717 9716 9756
f 9758 9718 9717 9757
f 9759 9719 9718 9758
f 9760 9720 9719 9759
f 9762 9722 9721
f 9763 9723 9722 9762
f 9764 9724 9723 9763
f 9765 9725 9724 9764
f 9766 9726 9725 9765
f 9767 9727 9726 9766
f 9768 9728 9727 9767
f 9769 9729 9728 9768
f 9770 9730 9729 9769
f 9771 9731 9730 9770
f 9772 9732 9731 9771
f 9773 9733 9732 9772
f 9774 9734 9733 9773
f 9775 9735 9734 9774
f 9776 9736 9735 9775
f 9777 9737 9736 9776
f 9778 9738 9737 9777
f 9779 9739 9738 9778
f 9780 9740 9739 9779
f 9781 9741 9740 9780
f 9782 9742 9741 9781
f 9783 9743 9742 9782
f 9784 9744 9743 9783
f 9785 9745 9744 9784
f 9786 9746 9745 9785
f 9787 9747 9746 9786
f 9788 9748 9747 9787
f 9789 9749 9748 9788
f 9790 9750 9749 9789
f 9791 9751 9750 9790
f 9792 9752 9751 9791
f 9793 9753 9752 9792
f 9794 9754 9753 9793
f 9795 9755 9754 9794
f 9796 9756 9755 9795
f 9797 9757 9756 9796
f 9798 9758 9757 9797
f 9799 9759 9758 9798
f 9800 9760 9759 9799
