v 0.6076313853 -0.01585658081 0
v 0.5606991649 -0.2346993834 0
v 0.5646931529 -0.1170597523 0.02027158625
v 0.5371195674 0.07253816724 0.05645518005
v 0.531175375 -0.03000722826 0.07905960828
v 0.5219654441 -0.2422173321 0.03151068464
v 0.5167021155 -0.1081101671 0.07178366929
v 0.4786629975 0.1741769314 0.09507981688
v 0.4933125079 0.06257911026 0.0975061208
v 0.4788309634 -0.02709501982 0.1182574406
v 0.4810488224 -0.3159461319 0.02036661468
v 0.4611700475 0.3012037277 0.04394034669
v 0.4581057727 -0.2409726828 0.0859772563
v 0.4333311915 0.1477316916 0.1319595128
v 0.4459144473 -0.317124635 0.04765405878
v 0.4172034264 -0.4420505166 0
v 0.4358096719 0.4237184227 0
v 0.4222912788 -0.2521471977 0.1054602563
v 0.3816623092 -0.351850003 0.07121092826
v 0.3867374063 -0.4374782443 0.01661005802
v 0.3887602389 0.1083460972 0.1625095904
v 0.3926673234 -0.006471814122 0.163648665
v 0.3683871329 0.3597556055 0.0843943879
v 0.3722217679 -0.4169875681 0.04013554752
v 0.3758387566 -0.1185262576 0.1635089666
v 0.3478232324 0.2145832181 0.1504029334
v 0.346414566 -0.2672317922 0.1366449744
v 0.3424321413 -0.3492323756 0.09314509481
v 0.3433798552 0.2893305719 0.1299720705
v 0.3189155757 -0.410666585 0.07055998594
v 0.307941854 0.03594215214 0.192170158
v 0.337025255 -0.1928896755 0.1574641466
v 0.31796965 -0.03215755895 0.1860587299
v 0.3254358768 0.131080687 0.1770961583
v 0.2887347341 -0.5029774308 0.01230925601
v 0.3009080589 0.4636228383 0.03865161538
v 0.3003609776 -0.1089381427 0.1838443875
v 0.2894214988 0.2537494302 0.1629084945
v 0.3015628457 -0.3440021574 0.1108041853
v 0.2762542367 -0.2769715786 0.1460976005
v 0.28438887 -0.4108362198 0.0833350569
v 0.2539930642 0.01265514269 0.1964429021
v 0.2800561488 -0.4731357098 0.0393621698
v 0.2824392617 0.3546092212 0.1178674996
v 0.2600875497 0.08558872342 0.1949761808
v 0.2625978887 -0.20188573 0.165294826
v 0.2899492681 -0.06557188928 0.1891330481
v 0.2439444214 -0.4732892513 0.0517385304
v 0.2520756423 0.3255187571 0.1404495835
v 0.2456783056 -0.1664253026 0.1754238009
v 0.2454287261 -0.4127610624 0.09023313224
v 0.222792238 -0.3555408716 0.1159908399
v 0.2326120883 -0.5615683198 0
v 0.2158898711 0.5682067871 0
v 0.2210627794 -0.3196613491 0.1309333593
v 0.2348546088 -0.02039613202 0.194488734
v 0.2178897113 0.1615108699 0.1934257597
v 0.2504886687 0.2585144639 0.1672114581
v 0.2066373676 -0.4760388136 0.05810311064
v 0.2008461058 0.4477225542 0.09337659925
v 0.1977270544 -0.1236560717 0.1721497476
v 0.200656876 -0.2508818507 0.1448681056
v 0.2023627013 -0.4136692286 0.0924807936
v 0.1888775229 -0.5445895791 0.01898868009
v 0.197179988 0.2287373692 0.1826145202
v 0.1755508333 0.09209018201 0.1975612938
v 0.177262634 0.3963407576 0.1273759305
v 0.1943429857 -0.0168900378 0.1896055788
v 0.1688329577 -0.482853353 0.05775720254
v 0.1817854792 -0.3757467568 0.1041751057
v 0.1648072302 -0.2235640138 0.1428684592
v 0.1924857646 0.3623811305 0.1387860626
v 0.1772414148 0.1571709365 0.1946174055
v 0.1551353633 -0.5184010863 0.03896799311
v 0.1440427005 0.2953020632 0.1716721058
v 0.1343972236 0.02254816517 0.1863374859
v 0.1313801855 0.0962569043 0.1924775988
v 0.1325579435 0.2528574765 0.1822948754
v 0.1301416457 -0.4890209734 0.05361644179
v 0.1040982306 -0.4563015997 0.06476002932
v 0.1129654199 0.1768283993 0.1931013167
v 0.1130390167 0.5353862643 0.03934590891
v 0.0898533389 0.4571419954 0.09792164713
v 0.08999541402 0.1016033143 0.1912675649
v 0.08190719038 0.3950690627 0.1323951334
v 0.03332594782 0.2916851342 0.1718984097
v 0.05177653953 0.2293481827 0.1850742698
v 0.07696794719 0.1680511087 0.1917432547
v 0 -0.6070010066 0.004264147021
v 0 0.1523279548 0.1907882094
v -0.01730773784 0.2455963492 0.1818439215
v -0.005431297235 0.2823170125 0.1747521907
v 0.01430805493 0.3544718921 0.1517101526
v 0.01812804863 0.3898704052 0.1376017779
v -0.004619234707 0.520259738 0.06497625262
v -0.003445202485 0.4541369975 0.1062626243
v -0.04148511589 -0.6124528646 0
v -0.04131124169 0.1660874784 0.190040797
v -0.05189342797 0.2419469208 0.1828837693
v -0.07450261712 -0.5141159892 0.04097396135
v -0.07700549811 0.3034439385 0.1688547879
v -0.0573172532 0.3322229385 0.1594544947
v -0.09138534963 0.4223317206 0.1184132099
v -0.08999541402 0.1016033143 0.1912675649
v -0.1091920137 0.4582643211 0.09569390863
v -0.09025444835 0.543140471 0.03649646789
v -0.1191015765 0.1719997674 0.1934381723
v -0.1256073862 -0.5016903281 0.04726597294
v -0.1173349544 0.2494569421 0.1829044521
v -0.1528882682 0.05794421956 0.191976577
v -0.1620214731 -0.5507243276 0.01772828028
v -0.1462400258 -0.01104965899 0.1827023774
v -0.1740311682 0.3548898101 0.1465010196
v -0.1662651002 -0.2143982202 0.1455721557
v -0.2004219443 -0.5399757028 0.01878548227
v -0.1645034552 0.4123140574 0.1199047491
v -0.1961945295 0.227010712 0.1829953939
v -0.201263532 -0.2413633317 0.1473896354
v -0.1897838414 0.4747853279 0.07795742899
v -0.1988274306 -0.4737687409 0.06096539646
v -0.1875289679 0.2648629248 0.1747466326
v -0.2250161618 0.1524892151 0.1946276873
v -0.2217419147 -0.04598135501 0.1912985891
v -0.1978093833 -0.2801377177 0.1368157715
v -0.2412467152 0.5579134226 0
v -0.2326120883 -0.5615683198 0
v -0.2167496383 -0.3477353156 0.1194152236
v -0.2299607843 -0.410063386 0.0930698365
v -0.243833974 0.3258581161 0.1423122883
v -0.2472637594 -0.4946289361 0.03546204418
v -0.2503511012 0.1841779649 0.1883049756
v -0.2618893385 -0.09866791219 0.184929207
v -0.2659198642 -0.1999741048 0.1656539142
v -0.2777971327 0.1102476344 0.1907136142
v -0.2643866241 0.385048151 0.1068151072
v -0.2848671079 -0.489143759 0.02498426102
v -0.2686419487 0.007679001428 0.1968009174
v -0.2700074017 -0.4006468654 0.09097225219
v -0.2877747118 -0.28084144 0.1446647048
v -0.3070781827 0.2412660122 0.1609708667
v -0.3183501959 -0.1352829188 0.1767286807
v -0.2880586684 0.4650596678 0.04363133013
v -0.3183616698 -0.4802446067 0.01595108956
v -0.3241628408 0.1659043729 0.1711749434
v -0.321020484 -0.05743106082 0.1838583052
v -0.3402461708 -0.2145667523 0.1515225917
v -0.3184776008 0.06032374874 0.1894247532
v -0.3298034072 -0.4195992053 0.06150477007
v -0.3295899034 0.3023395836 0.1315031499
v -0.347109735 -0.3184191883 0.1078075543
v -0.3541605771 -0.2528628409 0.1381143779
v -0.3428189158 0.1921043545 0.1590777487
v -0.3769406974 -0.09268426895 0.1691337228
v -0.3798051775 0.34951213 0.08361151814
v -0.3683710098 0.01341980044 0.1732727289
v -0.3940336406 -0.151382193 0.1462117434
v -0.3956982493 0.09003912657 0.1608607322
v -0.3822970986 -0.4352543652 0.02082160674
v -0.3686405718 -0.3467328846 0.0823841393
v -0.4073931277 -0.2189900428 0.1235098988
v -0.4360412061 -0.05427797511 0.1446330696
v -0.4270881414 0.4325078726 0
v -0.4205074906 -0.4389086664 0
v -0.4344391227 0.01863091625 0.1416389048
v -0.4467276037 0.1292794347 0.1264797747
v -0.4585622251 -0.16636765 0.1043365076
v -0.4636512101 -0.2365954518 0.08284694701
v -0.4642786682 0.3004226983 0.04185514152
v -0.4610194564 -0.3468353748 0.01800619997
v -0.4722389281 -0.05469011888 0.123310864
v -0.4813178778 0.05898065865 0.1071692109
v -0.4681752026 0.1995644867 0.09138952196
v -0.4842548072 -0.137264967 0.09216149896
v -0.5343924165 -0.04257085174 0.07285933942
v -0.5490791202 0.09815303981 0.03965697438
v -0.5413543582 -0.105689697 0.04809508845
v -0.5603317022 -0.235575363 0
v -0.6078381538 0.0003963568888 0
v -0.5963209271 -0.1177654266 0
v 0.5900406837 -0.1460113674 0
v -0.5148190856 0.3231542408 0
v 0.4889876246 0.3610518873 0
v -0.3659059703 -0.4853660166 0
v 0.3562787771 -0.4924761951 0
v -0.1208261847 0.5957083106 0
v -0.5074396729 -0.1530066878 0.06850802898
v -0.4380978942 0.2606688738 0.08430952579
v 0.4764361084 -0.1609997302 0.09238354117
v 0.38584885 0.2157395184 0.1332107782
v -0.3717321157 0.1998304576 0.1440310925
v -0.4285304248 -0.1583185047 0.1265825778
v 0.3291336298 0.1750488877 0.168056041
v -0.09235565364 0.3818084896 0.1385131627
v 0.3745586574 -0.189435944 0.1454524547
v -0.3304239511 -0.1740119606 0.1635857821
v 0.08399859816 0.3350797296 0.157736823
v 0.3004195988 -0.1999401301 0.1638723314
v -0.3031938374 -0.2092586905 0.1607187688
v -0.2552047968 0.0770470947 0.1962411851
v 0.06236832961 0.26529181 0.178890273
v -0.225148946 -0.08923345804 0.1848152429
v 0.225826472 -0.09506350011 0.1840142757
v -0.137794584 -0.3611198664 0.1001296043
v 0.1559197307 0.1252688169 0.1958546788
v -0.1661178619 -0.175436601 0.1540548056
v 0.1659294665 -0.1450329572 0.1606393456
v -0.1102625579 0.06551870704 0.1890172362
v 0.1113067195 0.06365963072 0.1889013052
v 0.1417624056 0.4092209935 0.1226007864
v -0.1695713699 0.01916362159 0.1897372603
v -0.1555988342 0.2374041229 0.1836623549
v -0.1209467202 -0.5339306593 0.0319865346
v 0.08484327793 0.6018878222 0
v 0.5955930948 0.121392861 0
v -0.5006773472 -0.3446585834 0
v 0.4967873693 -0.3502423167 0
v -0.3568943143 0.4920302927 0
v -0.1167033836 -0.5924271941 0
v 0.1316790283 -0.5884401798 0
v 0.334902972 0.4670170248 0.01936409436
v -0.06014944613 -0.5807443261 0.01179012656
v 0.4952422976 -0.08478758484 0.09670495242
v -0.1885391325 -0.3199307621 0.124056302
v 0.4710924327 0.2369306535 0.07044912875
v -0.5181427002 -0.1860405803 0.04997451231
v -0.1920822859 -0.06802564114 0.1813767999
v -0.4948785007 0.09665488452 0.09230744839
v 0.4705187976 -0.2905538678 0.04513925686
v 0.4145163894 0.2823432088 0.09075109661
v -0.4079894423 0.2876006067 0.09254547954
v 0.2256529033 -0.5000840425 0.03808507323
v 0.231113717 0.4211058021 0.09800265729
v -0.2430129796 0.4175852835 0.09601016343
v 0.06242656335 -0.5362292528 0.03191833198
v -0.4456127584 -0.3237701654 0.04386649281
v 0.4433918297 0.07865504175 0.1327423602
v 0.366889149 -0.2889809608 0.1146043241
v -0.1298669875 0.3570231497 0.1486860663
v 0.4051929414 -0.1208898947 0.1486272663
v -0.3800985813 0.05135683715 0.1683052331
v 0.03256689757 0.1339720786 0.1909616739
v 0.06588656455 0.4285616577 0.1164954528
v -0.312912792 0.2036479563 0.1673972309
v 0.3558838367 -0.4525365531 0.01977802441
v -0.3541776836 -0.4655988812 0.01066111308
v -0.4861361682 -0.09336129576 0.1024675965
v -0.286572963 -0.3628242314 0.1053224131
v -0.3753546476 -0.217899397 0.1377758831
v 0.127449289 0.3346163034 0.1572062075
v 0.294675827 0.005591719411 0.1933993399
v 0.2688077986 0.2891616523 0.1523633003
v -0.2636856437 -0.3045231402 0.1359709054
v 0.2602704465 -0.3364409208 0.122790359
v -0.2590971291 -0.03088143468 0.1931401938
v -0.3926478326 -0.1190909147 0.15519014
v -0.2004947513 -0.1994121224 0.1577871889
v -0.2051495314 -0.5036885738 0.04120602459
v 0.263946414 -0.4433318377 0.06760531664
v 0.2912157178 0.186654076 0.177156657
v -0.03380953521 0.3083188534 0.1670051217
v -0.1201952621 0.1305128187 0.192780897
v -0.1626719683 0.1944963336 0.1912667751
v 0.1887634546 0.1924350262 0.1897185445
v 0.1028841212 0.2764171958 0.1761771739
v 0.3132784367 -0.154380247 0.1731064767
v 0.1130851507 -0.5265974998 0.03559587151
v -0.2938880026 -0.1700592339 0.172698766
v 0.08292413503 0.2038178295 0.1889966428
v -0.4739810526 0.3247563541 0.02095104009
v 0.1627732813 -0.4133302569 0.08813680708
v -0.2450896055 -0.3742276728 0.1075182483
v -0.08158561587 0.2249722481 0.1864342242
v -0.21833767 0.2937045395 0.1607697755
v -0.03757678345 0.2079893947 0.1882822663
v 0.3373659253 0.5056200027 0
v -0.3243040144 0.4412370026 0.04389438033
v -0.5579017401 0.0272617843 0.04387065023
v 0.5493059158 0.1749127656 0.02430020086
v 0.5721938014 -0.07459501922 0.02155095525
v 0.05736083537 0.5703390837 0.0204767175
v 0.3387179971 0.395960927 0.07128126174
v 0.5432141423 -0.201886788 0.02297318541
v 0.4834922552 0.2640009522 0.04594652355
v -0.1604591459 -0.2509008944 0.1348046809
v -0.294952184 -0.5314795971 0
v 0.2634790242 -0.5477647185 0
v -0.4663234651 -0.288646251 0.04945809394
v 0.3826673925 -0.04697912186 0.1673059165
v 0.2672395408 0.4605624378 0.05662219971
v -0.09443335235 -0.4751817286 0.05699234456
v 0.4022497833 -0.2868154049 0.09776802361
v 0.4640811682 -0.09712439775 0.1179693788
v -0.1551889181 -0.05110410228 0.1772359014
v -0.246037066 0.3605773747 0.1265745163
v -0.3890115023 -0.3114793599 0.09106201679
v 0.4217516482 0.2141727358 0.1129940301
v -0.5118425488 -0.1171682924 0.07365233451
v 0.3645265698 0.251840353 0.1320706904
v -0.38865605 -0.3735421002 0.05487624928
v 0.3523291945 -0.3882784247 0.06732373685
v -0.3397735357 -0.01354826521 0.1829870194
v 0.2366293371 0.3588963747 0.1296063066
v 0.332983315 -0.3096095324 0.1191033721
v -0.04730480537 0.1256652772 0.1910401732
v -0.376799196 0.1258247197 0.1628278494
v -0.341716826 0.2255849391 0.1499376595
v 0.04288594052 0.456943959 0.101584658
v 0.3981785476 -0.2211918235 0.1271015555
v 0.05613390729 0.3658810854 0.1463189721
v 0.3303644359 0.08975828439 0.1828439236
v -0.3061466515 -0.4538922608 0.04365343973
v -0.2348220497 -0.1336190403 0.1798894256
v -0.2293476313 -0.00564933056 0.194838047
v -0.4247586429 -0.1227270141 0.138650462
v 0.2314180285 0.2331127226 0.17775172
v -0.2380093038 0.2210732549 0.1804768592
v 0.1936244667 -0.5104364753 0.03912357986
v 0.2434791327 -0.2618919909 0.1492385566
v -0.2736913562 -0.2405534387 0.1553536206
v -0.04449018091 0.2752691805 0.1763671935
v 0.2739136517 0.04494526237 0.1955978721
v 0.2657791078 -0.3749156594 0.1038939208
v 0.1923777014 -0.08472518623 0.1784259826
v -0.1813958585 0.2974300981 0.1652757972
v -0.09087128937 -0.5595644116 0.01917636022
v 0.2298285663 0.2945576906 0.1588084996
v -0.3589967489 -0.1368596852 0.1661930531
v 0.1024273559 0.3646623194 0.1461289674
v -0.0002489880135 0.1825247556 0.1886444688
v -0.1763982326 0.08765456825 0.197803393
v -0.1523267329 -0.4298336506 0.08094720542
v 0.2805248499 -0.1713469625 0.1725829989
v 0.2006586045 0.1256501973 0.1972612441
v 0.4668720365 0.04755726829 0.1195873022
v -0.1774063855 -0.3559282422 0.1101211086
v 0.204434976 -0.1646234393 0.1660400182
v -0.200415045 -0.1558035612 0.1666004658
v -0.08713734895 0.5136256814 0.05978938937
v 0.1192992851 -0.4186703265 0.0792176798
v -0.3702025414 0.2830080688 0.1166078299
v 0.1953718066 0.5121228695 0.04635248333
v -0.5203924775 0.1729047596 0.05521870777
v 0.08394352347 0.5133734345 0.06037984416
v -0.5767960548 -0.05246706679 0.02201318927
v -0.2814069986 0.4996313751 0.02167456225
v -0.4395022094 0.3301462531 0.04584616795
v 0.552436471 0.03177706525 0.04839596897
v -0.4179736972 -0.01900490001 0.1533655226
v 0.4337251484 -0.2130427212 0.1087884083
v 0.04220189527 0.6063714623 0
v 0.5770857334 -0.1908911616 0
v 0.5858466029 0.1620220244 0
v -0.5422564745 -0.2746366858 0
v -0.3925175965 -0.4641091228 0
v 0.3865044415 -0.4691286385 0
v -0.325378716 0.403960973 0.07157794386
v -0.04304222763 0.4686895907 0.09454506636
v -0.09241574258 0.5685425401 0.01641453803
v 0.1806264222 -0.5754086971 0
v 0.4272322953 0.001415188424 0.1467981637
v 0.5032293797 -0.2804301977 0.02335882932
v -0.4059416354 0.2069664598 0.1250957996
v 0.3975696862 0.1457249522 0.1481287479
v 0.393553853 -0.3822360933 0.04614634067
v -0.2579753399 0.2879232168 0.1555310488
v -0.4606221616 -0.2046432942 0.09338113666
v -0.5296097994 0.02660545707 0.07219467312
v -0.3497406244 -0.3827237487 0.07233316451
v -0.02452578023 -0.5791966319 0.0151287606
v -0.3292164803 -0.2868586481 0.1313853115
v 0.1890011281 -0.2919014692 0.1316001266
v 0.464653343 0.007760540582 0.124640651
v -0.05695590004 0.3646746278 0.1467729211
v -0.3166073859 0.1005347371 0.1849836707
v -0.4003291428 -0.186588347 0.1346691251
v 0.171188727 0.2612463832 0.1776578277
v -0.2692119479 -0.46185413 0.05148100853
v 0.3097535074 0.216860801 0.165851742
v 0.2192391306 0.09176431596 0.1973211616
v 0.3641792536 0.4142526984 0.04469017684
v -0.190786168 0.385991931 0.1289100796
v 0.4001006484 0.2496701181 0.1119540557
v 0.3604125082 -0.2272724211 0.1419677287
v 0.2351779938 -0.2283171415 0.1586708874
v -0.2349469364 -0.2244047374 0.1597572863
v -0.0806389004 0.2634658515 0.1792571098
v -0.3737390935 0.2399733812 0.1312510818
v -0.2775290906 0.2138954699 0.1761849374
v 0.2904028296 0.1502569914 0.1840618551
v -0.08375220746 0.1449825019 0.191693902
v 0.2247460335 -0.4446188211 0.07489756495
v 0.2794753611 -0.2393850535 0.1556173116
v 0.1682308316 0.3318615258 0.1561291516
v 0.1110436693 0.1347744018 0.1926290393
v -0.1668442935 -0.4888711274 0.05458342656
v 0.299405247 0.07116185874 0.1909543872
v -0.3454132676 0.03623214364 0.1826987416
v 0.2169110626 0.3900645971 0.119789876
v 0.02243077755 0.2550164759 0.1800431609
v -0.5507931113 -0.1704572588 0.02294690348
v -0.2139439434 -0.4436481595 0.07681653649
v -0.2011391073 0.1192589477 0.1975364685
v 0.2274662703 0.2000300884 0.1866253018
v 0.4330361485 -0.1080269516 0.136963591
v -0.4564268887 -0.1268322617 0.1156575978
v 0.2332868725 -0.1323397309 0.1797052324
v 0.131976068 -0.3792248964 0.09355083853
v -0.2500072122 -0.065484263 0.1893832386
v 0.1217569336 0.2144012153 0.1890863925
v -0.1658621579 -0.1341704279 0.1629918516
v 0.1830319166 -0.04682246223 0.1826091707
v 0.1533281952 0.05883393809 0.1921283752
v -0.4639067352 0.09422901273 0.1169203073
v -0.2603167892 -0.5206148624 0.01200532913
v -0.1128822342 -0.4386377931 0.07196216285
v 0.04852405563 -0.6105788946 0
v 0.4880510867 0.1352788955 0.09303316474
v -0.4452144802 0.3605966866 0.02483526617
v 0.5377472043 0.2173106074 0.02736419067
v 0.02732552588 0.5458096266 0.04282947257
v 0.1622828245 0.4949248433 0.06538884342
v -0.5176303387 -0.01056285761 0.08722003549
v 0.6051671505 -0.05692155287 0
v -0.5862898231 0.1604106277 0
v 0.5208985209 -0.3132604361 0
v 0.4972552657 -0.1849905998 0.06913595647
v -0.258073777 0.4480323195 0.07029385865
v -0.5315525532 -0.2453301996 0.02015878446
v -0.3158338666 0.3393954337 0.1151422635
v -0.4385206699 0.1928059906 0.1114307269
v 0.4009645581 0.03445922211 0.1602148712
v -0.3974716067 -0.05514664948 0.1617466509
v -0.1349780709 0.4339828193 0.1087891087
v 0.2662846148 0.4252405465 0.08351878077
v -0.04599340633 0.4349944592 0.1142179295
v -0.3929129243 0.1653897762 0.144604072
v 0.4074789882 -0.4098717272 0.0209195856
v -0.4089214504 -0.4007201195 0.0249791611
v 0.4267206788 0.3120382428 0.06590463966
v -0.4307844341 0.09230032563 0.1394154727
v -0.3546296656 0.4516441226 0.02098587714
v 0.2999121845 0.4951105714 0.01587723009
v -0.2638788521 0.1463921219 0.1895877719
v 0.04408156499 0.3287674785 0.161090374
v 0.4230101407 0.1116994917 0.1429464072
v -0.5231873989 0.09842827171 0.0662099421
v 0.3539662957 -0.1549533904 0.1629224867
v 0.3500351012 -0.05118978396 0.1790861785
v 0.5251082182 -0.06929448992 0.07427884638
v 0.06175057963 0.4864410162 0.082373254
v 0.3557899594 0.3257303238 0.1084656715
v 0.2481904775 0.1284969449 0.1936370134
v -0.07961618155 0.1875449121 0.1913485229
v -0.3093013763 0.01785458624 0.1909067184
v 0.2623899281 -0.09874158353 0.1849368364
v -0.1996155083 0.3259833455 0.152966857
v 0.2199564874 -0.2846067548 0.1413669735
v 0.2665397525 0.2177353054 0.1773577482
v -0.3014628589 -0.3217223585 0.1213715747
v -0.1389303058 -0.4657394886 0.06499313563
v 0.5555741191 -0.1594701707 0.02096878737
v -0.2398304045 0.1144964546 0.1960520893
v -0.5324108005 -0.1442825347 0.04670127481
v -0.2835350335 -0.0620778501 0.1894452274
v -0.1613175273 0.1235704795 0.195907563
v 0.3009295464 -0.441943109 0.05501915514
v 0.3218010068 -0.2336300164 0.1504642516
v 0.1477960944 0.3694377542 0.1421414018
v 0.411239922 -0.1841244698 0.1302990913
v -0.3434694409 -0.4438163638 0.0342938602
v 0.2280195206 -0.1939189732 0.1659691632
v -0.2401529998 -0.2690883875 0.1473079026
v 0.4725902379 0.3267311156 0.02100845054
v 0.158602193 -0.2625758052 0.1313608438
v 0.1726260036 0.02086339891 0.1902758479
v -0.1982150823 -0.112923868 0.1742548794
v -0.2035581321 0.01572298445 0.1952530891
v 0.455013752 -0.1351791322 0.1145226732
v -0.4683021605 0.2687786818 0.05560071766
v -0.196515739 -0.5711784363 0
v -0.2172088176 0.08060298115 0.1972732991
v 0.5792424083 0.007309729233 0.02661824971
v -0.3904985785 0.3977164328 0.04423780367
v -0.03797935694 0.6066505909 0
v -0.6033508778 0.07372290641 0
v -0.5371178985 0.2845553458 0
v 0.5369340181 0.2849021256 0
v 0.3723045588 0.4804754555 0
v -0.1316532344 0.5251403451 0.04504884779
v -0.5503147244 -0.06918509305 0.04807006195
v 0.5272266865 0.009128759615 0.07767900825
v 0.4059710205 0.3514426351 0.06144747138
v 0.5079268217 0.1592323035 0.07106857002
v 0.2327161729 0.4908978343 0.0509072952
v -0.5044113994 -0.2737903297 0.0267694816
v -0.2036695182 0.4170933664 0.1092393845
v 0.04182038829 0.516305089 0.06321549416
v -0.5613062382 0.1306633055 0.02076339163
v -0.4156294465 0.05470725521 0.1508909017
v -0.4376607835 0.2952561677 0.06609303504
v 0.1438815296 0.5552138686 0.01884536631
v -0.1273679584 0.5574318171 0.01968300343
v -0.01360316947 0.4150618613 0.1255786419
v 0.5456668735 -0.0921652168 0.04735641181
v 0.3613158762 0.1434947848 0.1646877229
v 0.1654763222 0.4634570777 0.08776924014
v -0.3588616848 -0.0557121709 0.1764017791
v 0.3844832182 -0.2577072084 0.1235022396
v 0.4559894502 -0.3480270505 0.02078766935
v 0.4363956153 0.2452211082 0.09232229739
v -0.4868258834 -0.1774199456 0.0793222636
v 0.3712709546 0.06904985756 0.171919331
v -0.3541679978 0.3266937137 0.1090474725
v -0.4603627026 0.1642339528 0.1096819192
v -0.1253345162 -0.3998909295 0.08604148775
v 0.4043357968 -0.08312817663 0.1587554663
v 0.3260679245 -0.07716169208 0.181671232
v 0.2133660614 0.01883437112 0.1957431585
v -0.1471647173 0.281635046 0.1750430912
v 0.4913359284 -0.22447294 0.06390898675
v 0.1661723554 -0.1842309833 0.1521501988
v -0.2898184061 0.07845558226 0.1916077435
v 0.2104720622 0.263309896 0.1716129035
v -0.4320018291 -0.195648402 0.1143287197
v 0.2857990861 0.3180616796 0.135484457
v -0.05421888083 0.4003419578 0.1310288906
v -0.2581950724 -0.3380852342 0.1221696958
v 0.2514321208 -0.0608028844 0.1898843646
v 0.2568978965 0.1732707471 0.1884043217
v -0.2598006129 -0.1632711291 0.1756347269
v -0.2088050544 0.1899684221 0.1890757233
v -0.5121724606 0.06140251458 0.083134152
v -0.39278844 -0.2507204115 0.1219913512
v 0.042447716 0.1944262087 0.1889563054
v 0.2108788788 0.3288445473 0.1489835829
v 0.3727580011 -0.3190883696 0.09552940726
v -0.3012496233 -0.09767688811 0.1845256835
v 0.1073285565 0.3083945811 0.1674567908
v -0.3597237766 0.1620803475 0.1601034105
v -0.2358726859 0.03894997388 0.1967569143
v -0.1500207335 0.1567863971 0.1941334754
v -0.1572287828 0.323192507 0.1607541293
v 0.5266263485 -0.1711463779 0.04527168721
v 0.2910505235 -0.3089812994 0.1301668286
v 0.1407745183 0.1551269442 0.1942990869
v 0.3269171119 -0.5124378204 0
v -0.1900809854 -0.4194715917 0.09026481211
v 0.3276444376 0.2522167563 0.1484914571
v -0.1637256593 -0.5203364491 0.03729499504
v 0.1460310668 -0.4527632296 0.07112329453
v -0.2987727523 0.2779867053 0.1499482095
v 0.4732323885 -0.06090538204 0.1209847108
v -0.1646938473 -0.09364735335 0.1714297682
v 0.09085642546 -0.5993085504 0
v -0.4475237727 -0.2673502266 0.07881437987
v -0.3690412343 -0.4096371531 0.04633773118
v -0.2091789693 0.5042513609 0.05080699548
v 0.6028449535 0.0777515918 0
v -0.4893369377 0.3605783284 0
v 0.4607769549 0.3964239657 0
v -0.5794309974 -0.009838977829 0.02952165343
v -0.522639215 0.2509831488 0.02145104855
v -0.4529115558 -0.01753941737 0.1329696327
v -0.3402463794 0.1282774657 0.1734735072
v -0.3410831988 0.3651812077 0.09182339162
v 0.517650187 0.25360322 0.0240573585
v 0.5141512156 0.08057235181 0.07860071957
v 0.3264520764 0.3602021635 0.09964045882
v -0.0181286633 0.5794839263 0.01882090792
v -0.3574561477 0.417760849 0.0453549549
v 0.09870584309 0.5643808842 0.01870158128
v -0.5724970102 0.09719255567 0.01618212275
v -0.2173244506 0.446639955 0.08854410797
v 0.4822731018 -0.2599493861 0.05522168428
v -0.5691513419 -0.09189856797 0.02082947828
v 0.5002396703 -0.009404283948 0.1001625434
v 0.1288607717 0.4757094383 0.08331370354
v 0.5165340304 -0.2064814568 0.04597816244
v 0.4353545606 0.0398673974 0.1398752928
v -0.5081071854 0.1344673485 0.07536574453
v 0.4617295563 0.1502938122 0.1121390164
v 0.3318364322 0.009470361285 0.1856764257
v 0.5784037709 -0.03264573589 0.02531389706
v 0.02062447369 0.4874466956 0.08502651751
v 0.2344468534 0.4556888044 0.07570695877
v 0.2749121785 -0.02599985152 0.1932946742
v -0.4316006303 -0.2376962751 0.1038762704
v 0.1043263003 0.4231647849 0.1174013838
v -0.231773749 -0.4699478745 0.05723944306
v -0.2882745266 0.1757614911 0.1801326275
v -0.2781358063 -0.1328386217 0.1811210513
v -0.4828760922 -0.3120170534 0.02130018361
v 0.1862738431 -0.3326610327 0.119516246
v -0.4260931015 0.165101245 0.1294794232
v -0.12627469 0.3984294832 0.1286866218
v -0.410479635 0.32473737 0.07218261808
v -0.3273423016 -0.3537010252 0.09701495618
v 0.223506555 -0.386218518 0.1032165289
v -0.2827573121 0.4119471312 0.08561796695
v 0.005288837012 0.3182596266 0.1642211676
v -0.1090844572 0.2834075689 0.1745723337
v 0.1864256263 0.5443922877 0.02102416009
v -0.3382732272 0.26344046 0.1404138654
v 0.1846413612 -0.4473837018 0.07622916996
v 0.2150113285 -0.05547294393 0.1882334948
v 0.3665368259 0.4429201484 0.02155437693
v 0.1504302174 0.1871397793 0.19139871
v -0.01945275068 0.3787412941 0.1419420391
v 0.1600648761 0.2231753469 0.1862855852
v 0.2526608109 -0.3002182245 0.1380780637
v 0.4170444608 -0.03964138404 0.1543619037
v 0.2264785618 -0.5317696333 0.0171737019
v 0.1014959142 -0.5606328845 0.01790393144
v -0.1854921132 0.157342732 0.1948928088
v 0.4446726739 -0.1741519719 0.1116467491
v -0.4076032937 -0.3365276754 0.06420571357
v -0.1989232898 0.5743665099 0
v -0.5749658942 -0.1971840858 0
v 0.4450100064 -0.4140452147 0
v -0.447309643 -0.4115597606 0
v -0.3185405433 0.5176864862 0
v -0.1931141019 0.0506358631 0.1971145421
v -0.3396484554 -0.09689773619 0.1780941188
v 0.3784266412 0.2869798243 0.1102065071
v -0.2042506933 -0.383807689 0.1048287079
v -0.4502467811 -0.08993236721 0.1296098977
v 0.147853002 -0.01826916635 0.1817170829
v -0.2279895246 0.2575330734 0.1707378477
v -0.3929942846 0.4637055695 0
v -0.1486611515 0.4675632715 0.0866445899
v -0.5477102995 -0.006349481177 0.0598770231
v -0.4992869794 0.2059306502 0.0643940568
v -0.2443383783 0.5206119418 0.02403539233
v 0.070087336 0.5413903594 0.04047788307
v -0.3672299385 0.3835643232 0.0667084083
v 0.2293619663 0.5276697874 0.02595699392
v 0.5350085497 0.1453189254 0.04521619901
v 0.4586633742 0.1153814644 0.1186430901
v 0.5524768829 -0.05138270557 0.0502101779
v -0.4681201279 0.02090072632 0.1214560717
v -0.4125036597 0.1283058822 0.1465498209
v -0.1559850127 0.3815153837 0.1357451379
v -0.5349334478 0.1354587972 0.04723541066
v -0.5408841372 -0.2088276744 0.02356480621
v -0.2984248996 -0.02258243412 0.1908001155
v 0.1244453639 0.5065556765 0.06081724167
v -0.3025811613 0.3767223656 0.09850201756
v -0.01444205362 0.4872506261 0.08561383933
v 0.4926730096 0.2000323832 0.07287609577
v -0.3098342717 -0.3912204802 0.08415689319
v 0.04918682203 0.4004147947 0.1312211603
v 0.4199022055 -0.3494422436 0.04732113704
v -0.5204824209 -0.08011166006 0.07551454008
v 0.4951379597 0.02622096054 0.1001764089
v 0.3068552911 0.2876763046 0.1437003165
v -0.02362463251 0.3434694707 0.1558791101
v 0.3925367892 0.3210989535 0.08860336244
v -0.3845215738 0.3140884936 0.09604628384
v 0.4101087153 0.07345061749 0.1531274617
v 0.4489713013 0.2738927603 0.06844234467
v 0.35598737 0.1077025458 0.1726524234
v 0.1991942078 -0.2081131637 0.1552703977
v -0.4781417251 0.1312344223 0.101357311
v -0.4896041751 -0.2141411304 0.06788223982
v 0.38977772 -0.1535357982 0.1477273852
v -0.1191420704 0.3162392378 0.1642115116
v 0.001107575721 0.6078372598 0
v 0.1301029921 0.5937512517 0
v -0.158305034 0.5868619084 0
v -0.5868879557 -0.1582083702 0
v 0.5552869439 0.2472321987 0
v 0.4713888466 -0.3837445974 0
v 0.1942570359 0.0566111505 0.1973319352
v 0.03593487293 0.1616114378 0.1903288215
v -0.4367829561 0.2253080457 0.09984188527
v 0.1656770557 -0.1042971089 0.1694615483
v 0.4410656989 -0.07025590539 0.1412323117
v -0.2294490933 -0.5260031819 0.01973929256
v -0.1330613941 0.0948894918 0.1926283985
v -0.3023749888 0.1381578594 0.1826228499
v 0.3115293682 -0.3789719641 0.08996488899
v 0.3373230994 -0.4318687618 0.04729820043
v -0.1204131767 0.2104693055 0.1895169914
v 0.4087025523 0.1813146621 0.1331089586
v -0.4106170237 -0.2764450312 0.09842415154
v -0.1747066081 0.5225036144 0.04084232822
v 0.3985103965 0.4150801599 0.02691902407
v -0.4008269906 0.01655336469 0.1603618264
v -0.1621195525 0.4983489513 0.0626609996
v -0.3199518025 0.4755998552 0.02040333115
v 0.1549766362 0.5255504847 0.04125138372
v -0.5591002703 -0.03549580276 0.04673207551
v 0.5551276803 -0.009995432571 0.05328844115
v -0.4955037534 0.2846500874 0.02519908175
v -0.04636439309 0.502840817 0.07331222296
v -0.2269514501 0.3884010315 0.1173798293
v -0.547559917 0.1703379005 0.02704350278
v -0.2068120688 0.5367910862 0.02427971363
v 0.5188522339 0.1149960384 0.0677555725
v 0.5424067378 -0.2743397355 0
v 0.5030847192 -0.04771437868 0.09951860458
v 0.4579754174 0.2095112652 0.09352019429
v -0.2873237729 0.314255476 0.1367787421
v -0.4148600101 -0.08845902979 0.1522669643
v 0.2967353165 0.3921818733 0.09187535197
v 0.116660811 0.3915358782 0.1325652748
v -0.4495363235 0.05673411861 0.1304899156
v 0.2732487917 -0.1370288879 0.1804201454
v -0.1323456466 0.02620088682 0.18656528
v -0.3144715726 -0.2487573624 0.1480438113
v -0.2520037293 -0.4360162318 0.07485310733
v 0.4702401757 0.08168637007 0.1133435592
v 0.003694710555 -0.6184078455 0
v -0.290627569 -0.4279567897 0.06983327866
v 0.4113001525 -0.3174247444 0.07283396274
v 0.5482957363 0.1042801887 0.03926335648
v 0.09748374671 0.4879165292 0.0784657225
v 0.02507453598 0.425858736 0.1197083443
v 0.1321637332 0.4440062642 0.1027483568
v 0.4308971167 -0.3793265224 0.02101871558
v -0.5661099553 0.06355427951 0.02931872755
v -0.5130814314 -0.2309358418 0.04364121333
v -0.4991975427 0.02372345887 0.09739392996
v 0.1439977437 -0.3418179452 0.1071432829
v -0.1477468163 -0.3301521838 0.1113822311
v 0.09253321588 0.2403121889 0.1846432686
v -0.07449973375 0.4524456263 0.1019543707
v -0.1881357133 -0.02175964043 0.1876100749
v 0.5366125703 -0.1322465837 0.04566482827
v 0.1772294492 0.5814267397 0
v -0.07761306316 0.6028628349 0
v -0.6068066359 -0.03539818525 0
v 0.5993286371 -0.1013533995 0
v 0.6072740555 0.02618292347 0
v -0.5230606198 -0.3096367419 0
v -0.4573124051 0.4004156888 0
v 0.2988364697 0.5293053389 0
v -0.2773046792 0.5408968925 0
v 0.5071479082 -0.1465936303 0.07034167647
v 0.3194366693 -0.4708654881 0.02323786356
v 0.2354605645 0.05323242024 0.196959585
v 0.4946427643 0.2906513214 0.02266358212
v 0.08436612785 -0.4948478341 0.04890128598
v -0.3703403175 -0.2841457129 0.1156213954
v 0.4670242369 -0.2006629407 0.08964211494
v 0.449611932 -0.03060642257 0.135566622
v -0.2681615055 0.2509455383 0.1669873446
v 0.3096818626 -0.2739151418 0.1425582021
v 0.3646848798 -0.08356220275 0.1737985164
v -0.5610076785 -0.1309775263 0.02120750211
v -0.4247660637 -0.3603084385 0.03752293065
v 0.009223635308 0.2188006938 0.1862990409
v 0.1879875809 0.2964366972 0.1645321697
v -0.2514912784 0.4857987761 0.04579446465
v -0.4091569781 0.3633516729 0.05246168002
v 0.3010645211 0.4280043244 0.06501910836
v -0.4690375924 0.2340063006 0.07367604226
v -0.09070569277 0.3428827524 0.1546683162
v -0.5324164033 0.2131389081 0.03388830274
v 0.4241866171 -0.1471059918 0.1325247437
v 0.2000200003 0.480302453 0.0719473362
v -0.596116662 0.118795231 0
v 0.4056640267 0.4526632726 0
v -0.4045830965 0.2507133186 0.1089021415
v -0.583309412 0.02972874604 0.01860920154
v 0.3176840842 0.324711144 0.1228672042
v -0.5037656426 -0.05063069984 0.09813497216
v -0.5395159721 0.06242704019 0.05576753616
v 0.4417504668 -0.2809868157 0.0744953379
v -0.2136603743 0.3559829295 0.1364658922
v -0.1203549206 0.4925210178 0.07242197543
v 0.5051404238 0.2269166559 0.0484306924
v -0.01441611256 0.5527252555 0.03935817257
v 0.0714526996 0.3007955253 0.169477433
v 0.5233110785 0.1876595914 0.04923462123
v 0.1685326099 0.4308774173 0.107983619
v -0.3798451424 -0.020160418 0.1685325205
v 0.4911123812 0.1005543396 0.09474788606
v -0.3548081219 0.08505066484 0.176878944
v 0.5215479732 0.04573989287 0.07711236924
v 0.3845506608 0.3868292868 0.0555581972
v 0.3386588991 -0.1175463274 0.1760485619
v 0.256763339 0.3894537389 0.1069099531
v -0.2778606713 0.3498573601 0.1220595166
v -0.1756425947 -0.4540590644 0.07309962809
v -0.154207617 -0.2902050018 0.1232108399
v 0.1523485482 -0.3018932045 0.1197630763
v -0.3659045696 -0.1799794883 0.1519595683
v -0.6030051708 -0.07649909705 0
v -0.4754007161 -0.3787631392 0
v 0.513779521 0.3248044848 0
v -0.3377681971 -0.5053513646 0
v -0.5570566058 0.2432186455 0
v 0.2559326291 0.5513309836 0
v 0.3707811534 0.1796930134 0.1501928568
v -0.4832083583 -0.2538808882 0.05847740918
v 0.01602613367 0.5754492283 0.02212181687
v -0.3903808594 0.425752908 0.02278987318
v -0.420373708 0.3960618675 0.0257898625
v 0.0684100762 -0.5739047527 0.01429806184
v 0.5616687536 0.1330512166 0.01991694979
v -0.08067047596 0.4828882813 0.08296167105
v 0.1427690387 -0.5521054864 0.01879751496
v 0.2910769582 0.1105453223 0.188987419
v -0.1662589461 -0.3917746544 0.09599315375
v -0.2266120911 -0.3102433681 0.1346716285
v 0.1578589678 -0.06305497885 0.1756048948
v -0.2958112657 0.4337110817 0.06321780384
v -0.08244728297 -0.6015473604 0
v 0.1993921101 0.4177441001 0.1102910787
v -0.2789668441 0.04516965151 0.1949469149
v -0.441354543 -0.3789743483 0.01524571422
v 0.4431800544 0.1806424707 0.1134105623
v 0.4862433374 -0.1224296764 0.09449166805
v -0.4922985137 0.1690010726 0.08553189784
v -0.2259221375 0.4729841352 0.06700792909
v -0.4987119138 0.2425063401 0.04523779079
v -0.1643712223 0.5483824015 0.02101140656
v -0.05330117419 -0.546574533 0.02787589841
v -0.4862703383 -0.0150735518 0.1112664267
v 0.07338357717 0.1353318244 0.1909970641
v -0.1763173044 0.4433120191 0.09952696413
v -0.6068897843 0.03394369036 0
v -0.5719548464 0.2057546973 0
v 0.4394879043 0.3398633897 0.04062450305
v 0.03320433572 -0.569357872 0.0189732518
v 0.3371967673 0.05069620535 0.1861038804
v -0.2311219573 -0.1801651865 0.1701886952
v 0.3335007429 0.4346494973 0.04435707256
v 0.4529946148 0.3596580029 0.01907138154
v -0.1555367261 -0.5820884109 0
v -0.04887123778 0.5329024196 0.04964574799
v -0.4281362891 -0.301258862 0.071540609
v -0.0542123802 0.5654827952 0.02453159913
v 0.3661198914 0.02455075085 0.1741764545
v 0.5710732937 0.2081890255 0
v 0.5740458369 0.09175273776 0.01571037807
v 0.3576296866 -0.01651719213 0.1772959083
v 0.2653904855 0.4946250916 0.03292122111
v 0.255602777 -0.5054271221 0.02492285147
v 0.5606645346 0.06663947552 0.03408215567
v 0.2964016795 -0.5306726098 0
v -0.1275319308 -0.5631850958 0.01384266745
v 0.4234612584 0.3822668493 0.03072659671
v 0.2684529424 0.5189763904 0.01377153955
v 0.5780496001 0.04808724672 0.02044134587
v 0.06820388883 0.1138857976 0.1911514997
v -0.1447767019 -0.5569547117 0.01578547386
v -0.1242393255 -0.5485578775 0.02291460102
v -0.1414840966 -0.5423274934 0.02485740744
v -0.03300544806 -0.5958247483 0.007564380299
v -0.02074255794 -0.6097269356 0.00213207351
v -0.01226289012 -0.5930988193 0.00969645381
v -0.08665928617 -0.580555886 0.00958818011
v -0.07129836455 -0.5911458433 0.005895063281
v -0.07551036775 -0.5701543689 0.01548324339
v 0.001847355277 -0.6127044261 0.00213207351
v 0.02610938309 -0.6144933701 0
v 0.02426202781 -0.6087899506 0.00213207351
v -0.4281155467 -0.40613994 0.01248958055
v -0.4339085668 -0.4252342135 0
v -0.4147144705 -0.4198143929 0.01248958055
v -0.3889813423 -0.4051786363 0.03565844614
v -0.3956092745 -0.4179872423 0.02290038392
v -0.3756691664 -0.4224457592 0.03357966896
v -0.426608026 -0.3301489204 0.05403610319
v -0.435189411 -0.342039302 0.04069471173
v -0.4161846787 -0.348418057 0.05086432211
v -0.4917767197 -0.3283378184 0.0106500918
v -0.4808484018 -0.3457469791 0.009003099985
v -0.4719477743 -0.3294262141 0.01965319179
v -0.5579250157 -0.2030058801 0.0117824031
v -0.5676487982 -0.2163797244 0
v -0.5506079197 -0.2222015187 0.0117824031
v -0.5688405335 -0.1643328145 0.01147345174
v -0.5809269249 -0.177696228 0
v -0.5628795028 -0.1838206723 0.01147345174
v -0.5547074974 -0.0523404479 0.04740106873
v -0.5679481626 -0.04398143478 0.03437263239
v -0.5635553896 -0.06082607992 0.03504162561
v -0.5813702047 0.009944884107 0.02406542748
v -0.5955737829 0.01506255147 0.009304600768
v -0.5936345756 -0.00472131047 0.01476082671
v -0.523620069 0.008021299727 0.07970735431
v -0.5386600494 0.01012798795 0.06603584811
v -0.5326703191 -0.008456169395 0.0735485293
v -0.5090329498 0.09754157811 0.07925869524
v -0.501492843 0.1155611165 0.08383659646
v -0.5156472921 0.1164478101 0.07078784332
v -0.4971078336 0.2635782138 0.03521843627
v -0.5090714842 0.2678166181 0.02332506515
v -0.5106755644 0.2467447445 0.03334441967
v -0.4240702093 0.3099967688 0.06913782656
v -0.4249909222 0.3274418116 0.05901439302
v -0.4385814965 0.3127012104 0.0559696015
v -0.3725052625 0.4386985153 0.02188787516
v -0.3739185035 0.4217568785 0.03407241404
v -0.3560429066 0.4347024858 0.03317041602
v -0.3541565686 0.3743727654 0.07926589996
v -0.373517558 0.3665382266 0.07515996322
v -0.3604441881 0.3573466688 0.08771745488
v -0.2456690371 0.3867245913 0.1120974682
v -0.255211845 0.3728127629 0.1166948117
v -0.236494258 0.3744892031 0.1219771728
v -0.2697749734 0.475429222 0.04471289739
v -0.2664491385 0.4927150756 0.03373451345
v -0.2847328335 0.4823455215 0.03265294619
v -0.1098918505 0.5629871786 0.01804877073
v -0.1066209637 0.5821254253 0.008207269013
v -0.1240970716 0.5765700638 0.009841501713
v -0.1295105964 0.5412860811 0.03236592561
v -0.1458695903 0.5529071093 0.02034720499
v -0.1480122283 0.5367613733 0.03303012718
v 0.006454706658 0.549267441 0.04109382257
v -0.009517673636 0.5364924967 0.05216721259
v 0.01135314559 0.5330346823 0.05390286259
v 0.1616977304 -0.5637570918 0.00939875748
v 0.1847519726 -0.5599991381 0.009494340047
v 0.1658232808 -0.5483475327 0.01889309753
v 0.3866209239 -0.4533034414 0.008305029012
v 0.4018539339 -0.4555895776 0
v 0.4019704163 -0.4397643805 0.008305029012
v 0.3560813069 -0.4725063741 0.009889012203
v 0.3713916093 -0.4808024168 0
v 0.3711941391 -0.4608325958 0.009889012203
v 0.3231768906 -0.4916516542 0.01161893178
v 0.3415979445 -0.5024570078 0
v 0.3378577232 -0.4816708416 0.01161893178
v 0.5228180587 -0.2773849666 0.01167941466
v 0.5120639503 -0.2968453169 0.01167941466
v 0.5316526294 -0.2938000858 0
v 0.4634816349 -0.3165353835 0.03401033673
v 0.4509519488 -0.3325758427 0.03422086406
v 0.4685191363 -0.3319865912 0.02057714202
v 0.4262444973 -0.4119584709 0.0104597928
v 0.4379535615 -0.3966858685 0.01050935779
v 0.4191880524 -0.3945991248 0.02096915059
v 0.5667657256 -0.02132058423 0.0393011691
v 0.5788230896 -0.01266800333 0.02596607339
v 0.5671850443 -0.001342851669 0.03995334543
v 0.5554873347 0.1539819911 0.02210857533
v 0.5737576783 0.1475366205 0.009958474897
v 0.5675762594 0.168467395 0.01215010043
v 0.5049823076 0.107775189 0.08125172928
v 0.5034516603 0.1251374669 0.08039436862
v 0.4895817339 0.1179166175 0.0938905254
v 0.5654403269 -0.04201422073 0.03776203748
v 0.5623353422 -0.0629888624 0.03588056657
v 0.5752987862 -0.05362037756 0.02343242615
v 0.4421191067 0.3893454075 0.01536329836
v 0.4482933134 0.4100711942 0
v 0.4296354651 0.402992636 0.01536329836
v 0.409628734 0.3165685982 0.07725400105
v 0.4035265893 0.3017210811 0.08967722952
v 0.4206185341 0.2971907258 0.07832786813
v 0.5002999157 0.1796323434 0.07197233289
v 0.4856680036 0.1871046573 0.08397795632
v 0.4932949096 0.1667046174 0.08307419345
v 0.2172334269 0.4679956287 0.07382714748
v 0.2004330531 0.4640125036 0.08266196772
v 0.2176464796 0.4517056793 0.08454177901
v 0.2503657341 0.4404646754 0.07961286977
v 0.2667620778 0.4429014921 0.07007049024
v 0.2508431971 0.4581256211 0.06616457924
v 0.3952608407 0.3691359609 0.05850283429
v 0.3764688969 0.3732924461 0.06997629255
v 0.3871790767 0.3555991203 0.07292092964
v 0.07110205665 0.5861134529 0.01023835875
v 0.07803333923 0.5673599839 0.01958914939
v 0.09177456051 0.5831343532 0.009350790642
v 0.1433640942 0.5007402599 0.06310304254
v 0.1266530678 0.4911325574 0.0720654726
v 0.1455717981 0.4853171408 0.07435127348
v -0.05672531016 -0.5636594296 0.01983301248
v -0.04233761318 -0.579970479 0.01345944358
v -0.03891347721 -0.5628855824 0.0215023295
v -0.1812217087 -0.5453500152 0.01825688127
v -0.1628735662 -0.5355303884 0.02751163766
v -0.1820738018 -0.530156076 0.02804023866
v 0.2076780424 -0.5381796062 0.018081191
v 0.2107448056 -0.5530789495 0.009494340047
v 0.229545325 -0.5466689765 0.008586850949
v -0.132268846 -0.4837149084 0.05612955429
v -0.1528872997 -0.477305308 0.0597882811
v -0.1462258399 -0.4952807277 0.05092469975
v -0.2219523638 -0.4268557727 0.08494318649
v -0.2020124644 -0.4315598756 0.0835406743
v -0.2100208849 -0.4147674888 0.0916673243
v -0.1423361897 -0.5271335542 0.03464076482
v -0.1232770532 -0.5178104937 0.03962625377
v -0.1446665227 -0.5110133886 0.04228048399
v -0.2395187542 -0.4822884053 0.04635074362
v -0.2504928485 -0.4659010023 0.0543602258
v -0.2582378536 -0.478241533 0.04347152635
v -0.201988481 -0.4887286574 0.05108571053
v -0.2153005898 -0.4718583077 0.05910241976
v -0.2184616402 -0.4868182242 0.04922273383
v -0.2770395279 -0.4754989445 0.03823263478
v -0.2660654336 -0.4918863475 0.0302231526
v -0.1576004848 -0.3585240543 0.1051253565
v -0.1427707002 -0.3456360251 0.1057559177
v -0.1625766009 -0.343040213 0.1107516699
v -0.1852548197 -0.3877911717 0.1004109308
v -0.1718326658 -0.3738514483 0.1030571312
v -0.1908285394 -0.3698679656 0.1074749082
v -0.2424035817 -0.3241643012 0.1284206621
v -0.2451488674 -0.3073832542 0.1353212669
v -0.260940358 -0.3213041872 0.1290703006
v -0.2374723554 -0.3429102749 0.1207924597
v -0.2216808647 -0.3289893419 0.127043426
v -0.2757301778 -0.2926822901 0.1403178051
v -0.2519193217 -0.2868057638 0.141639404
v -0.2639638558 -0.2749649137 0.1459863037
v -0.2375251949 -0.3921455294 0.1002940424
v -0.2575485036 -0.3874372691 0.09924525023
v -0.249984093 -0.4053551257 0.09202104434
v -0.3218440264 -0.2678080052 0.1397145614
v -0.3084955961 -0.283850044 0.1380250081
v -0.3011231422 -0.2647994012 0.1463542581
v -0.2658312842 -0.3685259521 0.1064203307
v -0.2782901824 -0.3817355484 0.09814733267
v -0.3591905981 -0.3647283167 0.07735865191
v -0.338541463 -0.368212387 0.08467406034
v -0.3479914367 -0.3502169549 0.08969954774
v -0.3397720158 -0.401161477 0.06691896729
v -0.3198188394 -0.4054098427 0.07283083163
v -0.329787448 -0.3869721144 0.07824502885
v -0.3578751534 -0.3325760365 0.0950958468
v -0.3372260183 -0.3360601068 0.1024112552
v -0.3981296718 -0.3550348878 0.05954098143
v -0.4067110568 -0.3669252694 0.04619958997
v -0.3786483109 -0.3601374924 0.06863019429
v -0.3691983372 -0.3781329244 0.0636047069
v -0.3788486421 -0.3915896267 0.05060699023
v -0.3987887502 -0.3871311098 0.03992770519
v -0.2207082659 -0.2552258596 0.147348769
v -0.2189811915 -0.2746130526 0.142061837
v -0.1995364577 -0.2607505247 0.1421027035
v -0.2628602386 -0.1816226169 0.1706443205
v -0.2768443078 -0.1666651815 0.1741667464
v -0.2799039334 -0.1850166693 0.1691763401
v -0.280733034 -0.2606974393 0.1500091627
v -0.256922178 -0.2548209131 0.1513307616
v -0.3706296086 -0.1989394426 0.1448677257
v -0.3578004092 -0.2162330747 0.1446492374
v -0.3530753702 -0.1972731203 0.15174108
v -0.3493226022 -0.1168787107 0.172143586
v -0.3386734724 -0.136071302 0.1714608669
v -0.3289993256 -0.1160903275 0.1774113998
v -0.4254506081 -0.07136850245 0.148450017
v -0.4061658084 -0.07180283964 0.1570068076
v -0.4167564064 -0.0547123123 0.1531898603
v -0.4196974784 -0.2073192224 0.1189193092
v -0.4038611352 -0.2027891949 0.1290895119
v -0.416165486 -0.1911183745 0.1244989224
v -0.3971813917 -0.16898527 0.1404404342
v -0.4112820327 -0.1548503488 0.1363971606
v -0.4144297838 -0.1724534258 0.1306258515
v -0.437502712 -0.1063296907 0.1341301799
v -0.4198093265 -0.105593022 0.1454587132
v -0.4325533956 -0.0891956985 0.140938431
v -0.4851954877 -0.1153131314 0.09731454775
v -0.4989893585 -0.1052647941 0.08805996552
v -0.498048678 -0.1272166297 0.08290691674
v -0.430266127 -0.1769834533 0.1204556488
v -0.5096411109 -0.1350874901 0.07108018175
v -0.4958472401 -0.1451358274 0.08033476397
v -0.5190790296 -0.04660077579 0.08549715579
v -0.5274374187 -0.0613412559 0.07418693975
v -0.5121240318 -0.06537117995 0.08682475612
v -0.4971327782 -0.1652133167 0.07391514629
v -0.4855403453 -0.1573424563 0.08574188128
v -0.1820386201 -0.123547148 0.1686233655
v -0.1652780026 -0.1139088906 0.1672108099
v -0.1814544648 -0.1032856107 0.1728423238
v -0.2329720035 -0.1568921134 0.1750390604
v -0.2473113313 -0.1484450847 0.1777620763
v -0.2454612851 -0.1717181578 0.172911711
v -0.2375780791 -0.07735886052 0.1870992407
v -0.2559482753 -0.08207608759 0.1871562228
v -0.2435191423 -0.09395068511 0.1848722249
v -0.2667711228 -0.06378105655 0.189414233
v -0.2545521706 -0.04818284884 0.1912617162
v -0.2713160813 -0.04647964239 0.1912927106
v -0.3097226918 -0.04000674747 0.1873292103
v -0.3190992177 -0.01806534966 0.1868935674
v -0.3303970098 -0.03548966302 0.1834226623
v -0.2896927148 -0.1152577549 0.1828233674
v -0.3097999096 -0.1164799035 0.1806271821
v -0.2982430011 -0.1340607703 0.178924866
v -0.303863138 -0.002363923937 0.1908534169
v -0.324537456 0.002153160516 0.1869468689
v -0.359809339 -0.01685434161 0.17575977
v -0.3540722728 -6.423238665e-05 0.1781298742
v -0.3741080761 -0.003370308783 0.1709026247
v -0.4056638479 0.07237319089 0.1558758169
v -0.3978640139 0.05303204618 0.1595980674
v -0.3878984153 0.07069798186 0.1645829827
v -0.3679011911 -0.07419821993 0.1727677509
v -0.3781666458 -0.05542941019 0.169074215
v -0.3872061521 -0.07391545922 0.1654401869
v -0.3989094198 -0.01958265901 0.1609490216
v -0.3903360665 -0.001803526655 0.1644471735
v -0.4094003439 -0.001225767657 0.1568636745
v -0.4041009545 0.1091725044 0.1537052765
v -0.4216440469 0.1103031039 0.1429826468
v -0.4132413417 0.0911697261 0.1501381025
v -0.4401603788 0.07451722212 0.1349526942
v -0.432582885 0.05572068691 0.1406904086
v -0.4232069403 0.07350379042 0.1451531872
v -0.4444763809 -0.03590869624 0.1388013512
v -0.4625752419 -0.03611476813 0.1281402484
v -0.4541400671 -0.054484047 0.1339719668
v -0.4927339405 0.004324953537 0.1043301784
v -0.5084139407 0.006580300629 0.09230698273
v -0.5019503385 -0.0128182047 0.09924323112
v -0.4880981892 0.07781777158 0.09973832965
v -0.5035254806 0.07902869955 0.08772080019
v -0.4967451692 0.06019158661 0.09515168145
v -0.5063454956 0.1709529161 0.07037530281
v -0.5142498314 0.1536860541 0.06529222615
v -0.5002028495 0.1517342106 0.08044882119
v -0.4512796253 0.01976582129 0.1315474883
v -0.4605158418 0.001680654474 0.1272128522
v -0.4436753392 0.0005457494408 0.1373042688
v -0.1579056978 0.004056981299 0.1862198189
v -0.1788535416 -0.001298009418 0.1886736676
v -0.1671878695 -0.01640464971 0.1851562262
v -0.1901089996 -0.04489264078 0.1844934374
v -0.173635602 -0.05956487171 0.1793063506
v -0.1716623157 -0.03643187135 0.1824229881
v -0.2324232832 0.1334928349 0.1953398883
v -0.2204847559 0.1168777011 0.1967942789
v -0.2130776346 0.1358740814 0.1960820779
v -0.244447507 0.1494406685 0.1921077296
v -0.2518546283 0.1304442883 0.1928199306
v -0.2972022593 0.1053911857 0.1878486425
v -0.303212896 0.08949515969 0.1882957071
v -0.2838077694 0.09435160831 0.1911606789
v -0.2987222224 0.05274670012 0.1921858341
v -0.3138894886 0.03908916749 0.1901657358
v -0.2941341102 0.03151211888 0.1929268166
v -0.2831269205 0.1422749907 0.1861053109
v -0.2760766894 0.1610768065 0.1848601997
v -0.2953247577 0.1569596753 0.1813777387
v -0.349985078 0.1451789066 0.1667884588
v -0.3682614863 0.1439525336 0.1614656299
v -0.3585227877 0.1270510927 0.1681506783
v -0.3185229897 0.2707135826 0.1451810375
v -0.322675705 0.2523532361 0.1506923661
v -0.3029254675 0.2596263587 0.1554595381
v -0.38232252 0.1826101169 0.1443175822
v -0.3888368756 0.2033984587 0.134563446
v -0.3994272798 0.186178118 0.1348499358
v -0.402708292 0.1468478292 0.1455769464
v -0.3946514279 0.1270653009 0.1546888351
v -0.3848560601 0.1456072479 0.1537159607
v -0.4533479363 0.1961852387 0.1014101245
v -0.4642689526 0.1818992198 0.1005357206
v -0.4494416863 0.1785199717 0.1105563231
v -0.121661976 0.08020409942 0.1908228174
v -0.1429748312 0.07641685568 0.1923024878
v -0.131575413 0.0617314633 0.1904969066
v -0.1351079978 0.1436496079 0.1934571862
v -0.1556691304 0.1401784383 0.1950205192
v -0.1407563947 0.1270416491 0.19434423
v -0.1591354012 0.2159502283 0.187464565
v -0.1758966818 0.2322074175 0.1833288744
v -0.1794332489 0.2107535228 0.1871310845
v -0.1408867724 0.1832480505 0.1923524737
v -0.1197573766 0.1912345365 0.1914775819
v -0.1415425725 0.2024828196 0.1903918833
v -0.1677564234 0.1570645645 0.1945131421
v -0.1563463509 0.1756413653 0.1927001253
v -0.1740820408 0.1759195328 0.193079792
v -0.1933156103 0.1383008398 0.1962146387
v -0.2052541375 0.1549159735 0.1947602481
v -0.1673468426 0.2732489854 0.1748948619
v -0.171563901 0.2511335239 0.1792044938
v -0.1513817757 0.2595195845 0.1793527231
v -0.2295780778 0.1870731935 0.1886903495
v -0.2234071791 0.2055208385 0.1847762913
v -0.2441802025 0.2026256099 0.1843909174
v -0.2029333189 0.2792837322 0.167758204
v -0.2231635973 0.2756188065 0.1657538116
v -0.2077592462 0.2611979991 0.1727422401
v -0.2728452981 0.2324205041 0.171586141
v -0.2876198441 0.2461057752 0.1639791057
v -0.2923036367 0.227580741 0.168577902
v -0.1280708387 0.3777263165 0.138686344
v -0.1411298513 0.3899724334 0.1322158799
v -0.1429260001 0.3692692667 0.1422156021
v -0.2930482626 0.2961210907 0.1433634758
v -0.2783740461 0.2829549611 0.1527396291
v -0.2726495564 0.3010893464 0.1461548954
v -0.3084568381 0.3082975298 0.134140946
v -0.3141813278 0.2901631445 0.1407256797
v -0.2536998019 0.4013167173 0.1014126353
v -0.2628851458 0.4147662073 0.09081406519
v -0.2735719681 0.3984976411 0.09621653706
v -0.3092075139 0.3580588996 0.1068221405
v -0.32183218 0.3709517866 0.09516270459
v -0.3284585327 0.3522883207 0.1034828275
v -0.08168419451 0.166263707 0.1915212125
v -0.06253172457 0.1555349901 0.1908673495
v -0.06046371162 0.1768161952 0.1906946599
v -0.09935887903 0.1797723398 0.1923933476
v -0.101426892 0.1584911346 0.1925660372
v -0.04473510571 0.2249681577 0.1855830178
v -0.02744226065 0.226792872 0.1850630939
v -0.03460058291 0.243771635 0.1823638454
v -0.04819180444 0.2586080506 0.1796254814
v -0.06256454065 0.269367516 0.1778121516
v -0.06626616418 0.2527063861 0.1810704395
v -0.06074783951 0.2893565595 0.1726109907
v -0.03914985806 0.291794017 0.1716861576
v -0.05540751666 0.3058813959 0.1679299548
v -0.0215386916 0.3611053824 0.1489105746
v -0.004658288788 0.3489706814 0.1537946314
v -0.002572347876 0.3666065931 0.1468260959
v -0.02871708386 0.3258941621 0.1614421159
v -0.04047094285 0.3378462046 0.1576668024
v -0.0455633942 0.320270896 0.1632298082
v -0.09304497764 0.2934257537 0.1717135608
v -0.09807378426 0.3098415881 0.1665331498
v -0.1141132638 0.2998234034 0.1693919227
v -0.07328726724 0.3910752237 0.1347710267
v -0.07280211523 0.4113368392 0.1247210503
v -0.09187050164 0.4020701051 0.1284631863
v -0.03820432536 0.371707961 0.1443574801
v -0.03683581576 0.389541626 0.1364854649
v -0.05558739044 0.3825082928 0.1389009058
v -0.1131817102 0.42815727 0.1136011593
v -0.1306263804 0.4162061512 0.1187378652
v -0.1088300198 0.4103806019 0.1235499159
v -0.04451781698 0.4518420249 0.1043814979
v -0.05877098069 0.4605676085 0.09824971855
v -0.06024657004 0.4437200427 0.1080861501
v -0.06351743452 0.4928645492 0.07813694701
v -0.06185635179 0.475788936 0.08875336871
v -0.04470331036 0.4857652038 0.08392864466
v -0.1289265826 0.4629137963 0.09116924927
v -0.1147734672 0.4753926694 0.08405794203
v -0.1345080361 0.4800421447 0.07953328267
v -0.1830505729 0.4590486735 0.08874219656
v -0.162489228 0.4554376453 0.09308577701
v -0.1692224964 0.4711742997 0.08230100945
v 0.1120045446 0.1558014005 0.192865178
v 0.1259090938 0.144950673 0.1934640631
v 0.1268699691 0.1659776717 0.1937002018
v 0.02583567565 0.2066134512 0.1876276731
v 0.04711212777 0.2118871957 0.1870152876
v 0.03050008742 0.2240744382 0.1856866553
v 0.008499740157 0.2686667442 0.1773976758
v -0.01136951754 0.2639566809 0.1782980561
v 0.002561519854 0.2503064126 0.1809435412
v -0.004042051267 0.2321985215 0.1840714812
v 0.01582720643 0.2369085848 0.1831711009
v 0.1518733352 0.2570519298 0.1799763516
v 0.1463114098 0.2380164117 0.1842902303
v 0.1656268016 0.242210865 0.1819717064
v 0.03870375641 0.3102263063 0.1664943919
v 0.05238932371 0.2962403297 0.1706879213
v 0.0577671323 0.3147815019 0.1652839035
v 0.09566357732 0.3217371553 0.1625968069
v 0.1173889227 0.3215054423 0.1623314992
v 0.1057239436 0.3348480165 0.1574715152
v 0.1376226917 0.3520270288 0.1496738046
v 0.1251117252 0.3670500368 0.1441351846
v 0.1149383225 0.3496393114 0.1516675875
v 0.06902054884 0.3804750741 0.1393570527
v 0.07928063162 0.3652717024 0.1462239698
v 0.09216727316 0.3798656911 0.1392620504
v 0.037130679 0.4131367654 0.1254647523
v 0.05753669329 0.4144882262 0.1238583066
v 0.04548055027 0.4272101969 0.1181018986
v 0.1095440835 0.3780990988 0.1393471211
v 0.09928400069 0.3933024704 0.1324802041
v 0.01081466675 0.4399978667 0.1129854843
v 0.03398023825 0.4414013475 0.1106465012
v 0.01972036902 0.4555404782 0.1039236411
v 0.18396236 0.4243107587 0.1091373488
v 0.200119108 0.4327333272 0.101833839
v 0.1846893579 0.4392999858 0.1006801091
v 0.0984912701 0.5243798494 0.04986287653
v 0.1041944437 0.5099645555 0.06059854291
v 0.1187421903 0.5209709704 0.05008157529
v 0.06636963971 0.4570429772 0.09975315258
v 0.05438625254 0.4427528083 0.1090400554
v 0.07786995173 0.4428518265 0.10720855
v 0.1072538868 -0.4919344038 0.05125886388
v 0.09872563928 -0.510722667 0.04224857874
v 0.1216133982 -0.5078092366 0.04460615665
v 0.1737073213 -0.4303569794 0.08218298852
v 0.1935020313 -0.4305264652 0.08435498178
v 0.1825679913 -0.4134997427 0.09030880034
v 0.1956393644 -0.4617112577 0.0671661403
v 0.1767371595 -0.4651185274 0.06699318625
v 0.1877351627 -0.4794460833 0.05793015659
v 0.1574320123 -0.4678082913 0.06444024853
v 0.1380863562 -0.4708921015 0.06236986816
v 0.1494873017 -0.4859371632 0.05568682216
v 0.2556039169 -0.3938383609 0.09706352651
v 0.2446428314 -0.3805670887 0.1035552248
v 0.2344676405 -0.3994897902 0.09672483057
v 0.2343452275 -0.4589540362 0.06331804767
v 0.2156917006 -0.4603288174 0.06650033779
v 0.2252908945 -0.4746640325 0.05492082052
v 0.2720012814 -0.4582337737 0.05348374322
v 0.2539454177 -0.4583105445 0.05967192352
v 0.2620002851 -0.4732124805 0.0455503501
v 0.2001309171 -0.4932376444 0.04861334525
v 0.209638685 -0.5052602589 0.03860432655
v 0.2161451355 -0.4880614281 0.04809409194
v 0.2497735992 -0.4893581867 0.03833069094
v 0.2347986624 -0.4866866469 0.04491180182
v 0.2406278402 -0.5027555823 0.03150396235
v 0.2480455562 -0.5546665192 0
v 0.244978793 -0.5397671759 0.008586850949
v 0.1628916115 -0.358782351 0.1056591943
v 0.1379869059 -0.3605214208 0.1003470607
v 0.1568807736 -0.3774858266 0.09886297211
v 0.1326651759 -0.435716778 0.07517048717
v 0.1116987579 -0.4374859631 0.07198885456
v 0.1250646487 -0.4545324147 0.06794166192
v 0.2718556672 -0.304599762 0.1341224462
v 0.2564656287 -0.3183295727 0.1304342113
v 0.275660485 -0.3227111101 0.1264785938
v 0.3269807547 -0.3641021699 0.0915549919
v 0.3219974935 -0.3466172665 0.10197464
v 0.3065461069 -0.3614870608 0.1003845371
v 0.2945786119 -0.2566500977 0.1490877569
v 0.3157414347 -0.2537725791 0.1465112269
v 0.300638184 -0.236507535 0.1530407816
v 0.2750839889 -0.3928759396 0.09361448884
v 0.264908798 -0.4117986411 0.08678409457
v 0.3473806679 -0.3687554002 0.08023441583
v 0.3669957519 -0.3700642139 0.06926733255
v 0.3620472252 -0.3505411893 0.08217801154
v 0.3724478632 -0.2424898148 0.1327349842
v 0.3913308829 -0.2394495159 0.1253018975
v 0.3792955279 -0.2242321223 0.1345346421
v 0.3172730803 -0.3268058449 0.1149537787
v 0.3120169193 -0.3092954159 0.1246351004
v 0.2963066846 -0.3264917284 0.120485507
v 0.3729415238 -0.385257259 0.05673503876
v 0.3622754812 -0.4026329964 0.05372964218
v 0.3828878105 -0.3996118307 0.04314094409
v 0.352870658 -0.314348951 0.1073163897
v 0.369823575 -0.3040346652 0.1050668657
v 0.349936232 -0.2992952466 0.1168538481
v 0.4329083264 -0.3332834393 0.04748759791
v 0.4379458278 -0.348734647 0.03405440319
v 0.4123412073 -0.4259611219 0.0104597928
v 0.3971081972 -0.4236749858 0.01876482181
v 0.4620117843 -0.2704681009 0.06485851109
v 0.4701894373 -0.2504610345 0.07059947029
v 0.4499281198 -0.2609797493 0.0802362971
v 0.194829002 -0.27139166 0.1382341161
v 0.2044788077 -0.288254112 0.1364835501
v 0.2103066817 -0.2677443027 0.1431175396
v 0.1651357934 -0.337239489 0.1133297645
v 0.1693111956 -0.3172771186 0.1196396612
v 0.1481731459 -0.3218555748 0.1134531796
v 0.2768868208 -0.1541879252 0.1765015721
v 0.2594635487 -0.1517270952 0.1779219732
v 0.2631015778 -0.1688861325 0.1740033999
v 0.2541380972 -0.1841555163 0.1703593135
v 0.2715613693 -0.1866163462 0.1689389125
v 0.2453087047 -0.1979023516 0.1656319946
v 0.2368489131 -0.1801721379 0.1706964821
v 0.2778647989 -0.2581783161 0.150857456
v 0.2929680496 -0.2754433602 0.1443279013
v 0.3259686679 -0.1359632872 0.1745775193
v 0.3195099384 -0.113242235 0.1799464747
v 0.3068197072 -0.1316591948 0.1784754321
v 0.2932636142 -0.1457045674 0.176763311
v 0.2868048847 -0.1229835153 0.1821322665
v 0.3294131309 -0.213259846 0.1539641991
v 0.3411067575 -0.2304512188 0.1462159902
v 0.3487188816 -0.2100810483 0.1497159377
v 0.415951848 -0.2171172723 0.1179449819
v 0.4224825352 -0.1985835955 0.1195437498
v 0.4047092348 -0.2026581466 0.1287003234
v 0.3534135371 -0.2472521067 0.1393063515
v 0.3654488921 -0.2624695003 0.130073607
v 0.4286113828 -0.1275664717 0.1347441673
v 0.4396001846 -0.141142562 0.1235237084
v 0.4440249503 -0.1216030419 0.1257431321
v 0.4102349132 -0.2366695106 0.1162809059
v 0.4280082136 -0.2325949594 0.1071243323
v 0.4966956228 -0.1345116533 0.08241667226
v 0.5119250119 -0.1273518987 0.07106267288
v 0.5014727265 -0.1152699217 0.08313766867
v 0.4881585538 -0.05430988036 0.1102516577
v 0.4909578413 -0.03740469925 0.1088880226
v 0.4760316759 -0.04400020093 0.1196210757
v 0.1851822212 -0.1548281983 0.1633396819
v 0.2010810152 -0.1441397555 0.1690948829
v 0.1818282604 -0.1343445145 0.1663945466
v 0.1654424593 -0.03254581429 0.1821631268
v 0.1886874512 -0.03185625002 0.1861073747
v 0.1710979939 -0.01757960208 0.1856613308
v 0.1826832816 -0.1961720735 0.1537102982
v 0.1654897928 -0.2038974985 0.147509329
v 0.182000719 -0.2158385888 0.1490694284
v 0.2951551229 -0.08725501597 0.1864887178
v 0.2761695981 -0.0821567364 0.1870349422
v 0.2813754529 -0.1038398631 0.1843906119
v 0.3845103383 -0.08334518969 0.1662769914
v 0.3702618182 -0.1010442302 0.1686537415
v 0.3900872767 -0.1008272171 0.1611322165
v 0.3323634118 -0.09735400975 0.178859897
v 0.3132144511 -0.09304991737 0.1827578098
v 0.4048558921 -0.02305659908 0.1590052843
v 0.3876673579 -0.02672546799 0.1654772907
v 0.3998559266 -0.04331025295 0.1608339101
v 0.4810049981 0.03688911442 0.1098818555
v 0.4657626897 0.02765890444 0.1221139766
v 0.4798956513 0.01699075056 0.11240853
v 0.5335739851 0.1096381135 0.05350946449
v 0.5279859006 0.09376710281 0.06210537627
v 0.5427076519 0.08840917796 0.04785926826
v 0.451027602 0.09701825306 0.1256927252
v 0.4408367574 0.1135404781 0.1307947487
v 0.4332009852 0.09517726675 0.1378443837
v 0.4685561061 0.06462181918 0.1164654307
v 0.4568160027 0.08017070591 0.1230429597
v 0.4551319331 0.06310615502 0.1261648312
v 0.1950523779 -0.104190629 0.1752878651
v 0.1790273786 -0.09451114759 0.1739437655
v 0.181702055 -0.1139765903 0.170805648
v 0.224413313 0.03603339568 0.1963513717
v 0.2336795628 0.01574475691 0.1960930303
v 0.2447268143 0.03294378147 0.1967012435
v 0.1929960325 0.01984888501 0.1930095032
v 0.2038115487 0.03772276081 0.1965375468
v 0.1834415197 0.03873727471 0.1938038915
v 0.1990216225 -0.05114770308 0.1854213327
v 0.187704809 -0.06577382423 0.1805175766
v 0.2036945149 -0.07009906508 0.1833297387
v 0.2842947394 0.02526849089 0.194498606
v 0.2639533579 0.02880020253 0.1960203871
v 0.2743344456 0.009123431053 0.194921121
v 0.2337148041 0.1101306304 0.1954790875
v 0.2396633402 0.08867651969 0.1961486712
v 0.2541390136 0.1070428342 0.1943065971
v 0.343175903 0.09873041511 0.1777481735
v 0.3508176953 0.07940407097 0.1773816273
v 0.3636291623 0.08837620169 0.1722858772
v 0.2907398939 0.1304011568 0.186524637
v 0.3082564175 0.1208130047 0.1830417886
v 0.3079193532 0.1406688392 0.1805790067
v 0.310720697 0.1001518033 0.1859156713
v 0.3279001564 0.1104194857 0.1799700409
v 0.3972757012 0.1985270903 0.1331598684
v 0.4152271003 0.197743699 0.1230514944
v 0.4038002491 0.2149561271 0.1231024042
v 0.3751877099 0.2337899357 0.1326407343
v 0.3561749011 0.2332117856 0.1412368119
v 0.3668360412 0.2151613683 0.1418068558
v 0.298138395 0.2707128674 0.1533044055
v 0.3085329682 0.2529830933 0.1556999758
v 0.3172498643 0.2699465305 0.1460958868
v 0.3931649625 0.1270355247 0.1553191692
v 0.4058851898 0.1100227945 0.1527279988
v 0.4102899134 0.128712222 0.1455375776
v 0.460921526 0.177409701 0.1042451896
v 0.4524548054 0.1654681414 0.1127747893
v 0.4701962769 0.1622353718 0.1036094166
v 0.3671083003 0.306355074 0.1093360893
v 0.3495849073 0.3075304478 0.119218871
v 0.3609032482 0.2881551981 0.1200892888
v 0.1644395143 0.07546206005 0.1948448345
v 0.1737926155 0.0577225443 0.1947301552
v 0.1849039346 0.07435066625 0.1974466145
v 0.1212119274 0.115515653 0.192553319
v 0.1436499581 0.1107628606 0.1941661388
v 0.1334817 0.1300216094 0.194241859
v 0.197565563 0.1593409032 0.1940215826
v 0.2033265829 0.176972948 0.1915721521
v 0.1830024347 0.1748029813 0.192167975
v 0.1782891676 0.1254595071 0.1965579614
v 0.1889500096 0.1414105669 0.1959393248
v 0.1665805727 0.1412198767 0.1952360421
v 0.252544187 0.150883846 0.1910206676
v 0.2373938039 0.1673908085 0.1909150407
v 0.2330400944 0.1450039074 0.1935313866
v 0.2304803655 0.2609121799 0.1694121808
v 0.2209450454 0.2482113093 0.1746823117
v 0.2409533486 0.2458135933 0.172481589
v 0.138300322 0.2740797698 0.1769834906
v 0.1234634109 0.2858596295 0.1739246398
v 0.1177210324 0.2646373361 0.1792360246
v 0.2604417205 0.3073402047 0.1464064419
v 0.2773034424 0.303611666 0.1439238787
v 0.2689373642 0.3217902184 0.1379670203
v 0.1781092063 0.3141491115 0.1603306606
v 0.1994332299 0.3126406223 0.1567578763
v 0.1895548552 0.3303530365 0.1525563672
v 0.1841843575 0.2449918762 0.180136174
v 0.1786224321 0.225956358 0.1844500527
v 0.2046984136 0.3762228638 0.1292879693
v 0.2145575508 0.3606387526 0.1341961846
v 0.2267701998 0.3744804859 0.1246980913
v 0.2203537226 0.3117011189 0.1538960412
v 0.2089080736 0.2954971939 0.1616703346
v 0.3620885462 0.3427429646 0.09643002972
v 0.3741633743 0.3234146386 0.09853451699
v 0.380461961 0.3404272795 0.08649887517
v -0.5860782564 -0.08419883251 0.01041473914
v -0.599663049 -0.09713226184 0
v -0.5827361345 -0.1048319973 0.01041473914
v 0.4627924263 0.3431945592 0.02003991604
v 0.4807889313 0.3438915014 0.01050422527
v 0.4709911197 0.3603549451 0.00953569077
v 0.2925682068 -0.5168250203 0.006154628005
v 0.3116593957 -0.5215552151 0
v 0.307825923 -0.5077076256 0.006154628005
v 0.3713106215 -0.4450073987 0.01819404121
v 0.3794795871 -0.4272329062 0.02837280277
v 0.3640528023 -0.4347620606 0.02995678596
v 0.2678294629 -0.4892814159 0.03214251064
v 0.2721687555 -0.5042022765 0.01861605374
v 0.2843954414 -0.4880565703 0.02583571291
v -0.2725919485 -0.5048793107 0.01849479508
v -0.2899096459 -0.5103116781 0.01249213051
v -0.2776344866 -0.5260472298 0.006002664566
v -0.2955068797 -0.4715180099 0.03431885038
v -0.2876792997 -0.4578731954 0.04756722413
v -0.5013428032 -0.2225384861 0.05576172657
v -0.4981448948 -0.242408365 0.05105931126
v -0.4864062667 -0.2340110093 0.0631798245
v 0.5311844945 -0.1001376919 0.05957004055
v 0.5353875458 -0.08072985336 0.0608176291
v 0.5209051669 -0.0887023285 0.07303125784
v 0.3547724336 -0.424428165 0.04371687397
v 0.3466034681 -0.4422026575 0.03353811242
v 0.4331042916 0.3259508163 0.05326457135
v 0.4439453632 0.3066209853 0.05492249317
v 0.4503289759 0.3205335587 0.04228242487
v -0.4686063975 0.2167853937 0.08253278211
v -0.4841622859 0.2199684754 0.06903504953
v -0.483731091 0.2027475685 0.07789178938
v -0.1005126983 0.4877046496 0.07769182324
v -0.08390391245 0.4982569814 0.07137553021
v -0.1037461348 0.5030733496 0.0661056824
v -0.207995519 0.5205212235 0.03754335456
v -0.2255752236 0.528701514 0.02415755298
v -0.2267586738 0.5124316514 0.03742119391
v 0.449843213 -0.1546655521 0.1130847111
v 0.4605543911 -0.1675758511 0.1020151451
v 0.4657249302 -0.1480894312 0.1034531072
v 0.4398635328 0.2118420005 0.1032571122
v 0.4324658513 0.1974076033 0.1132022962
v 0.4505777359 0.1950768679 0.1034653783
v 0.4109261483 0.231921427 0.1124740429
v 0.3929747492 0.2327048182 0.122582417
v -0.149740763 0.4231484383 0.1143469289
v -0.1453890726 0.4053717703 0.1242956854
v -0.4318012297 -0.2166723385 0.109102495
v -0.419496879 -0.228343159 0.1136930846
v -0.3933407366 -0.1352365538 0.1507009417
v -0.3765151948 -0.1441209391 0.1562023982
v -0.3758222908 -0.1279753 0.1606915966
v 0.4177132696 -0.1656152308 0.1314119175
v 0.427956298 -0.1791382208 0.1209729202
v 0.4344296455 -0.1606289819 0.1220857464
v -0.206385687 -0.4587084502 0.06889096648
v -0.2228588462 -0.456798017 0.06702798977
v -0.365803659 0.1054376923 0.1698533967
v -0.3475272506 0.1066640653 0.1751762256
v 0.3433758765 0.1372877359 0.1708919406
v 0.345224753 0.1592718363 0.166371882
v 0.3272847533 0.1530647874 0.1725760996
v 0.3194435686 0.1959548444 0.1669538915
v 0.3004846126 0.2017574385 0.1715041995
v 0.3101746738 0.1808514819 0.172606349
v 0.3674855828 -0.2083541825 0.1437100917
v 0.3557919562 -0.1911628097 0.1514583007
v -0.3168088943 -0.1916353256 0.1621522754
v -0.335335061 -0.1942893565 0.1575541869
v -0.3217200041 -0.2119127214 0.1561206803
v 0.2350873798 -0.4286899418 0.0825653486
v 0.2443462238 -0.4439753294 0.07125144079
v 0.25468757 -0.42804645 0.07891922444
v -0.2027857378 -0.5218321383 0.02999575343
v -0.1844375953 -0.5120125115 0.03925050981
v 0.3183010072 0.06092903204 0.1885291338
v 0.3036735505 0.05355200544 0.1915622726
v 0.3225693107 0.04331917875 0.1891370192
v 0.3097682297 0.1626529396 0.176058948
v 0.1051063389 0.2924058884 0.1718169823
v 0.08939062804 0.3045950532 0.1684671119
v 0.08716841042 0.2886063606 0.1728273034
v 0.2815087438 -0.2009129301 0.1645835787
v 0.2710366249 -0.2206353918 0.1604560688
v 0.28994748 -0.2196625918 0.1597448215
v 0.1279270947 -0.5393514931 0.02719669323
v 0.1072905324 -0.5436151922 0.02674990147
v 0.1221324764 -0.5563691854 0.0183507232
v -0.2091739625 0.09993096441 0.1974048838
v -0.1968035251 0.0841287747 0.1975383461
v -0.18876867 0.103456758 0.1976699308
v -0.2326101586 0.01665032166 0.1957974806
v -0.2522573173 0.02331448765 0.1967789158
v -0.24899479 0.001014835434 0.1958194822
v 0.02787836269 0.273350805 0.1759707853
v 0.04239955358 0.260154143 0.1794667169
v 0.04784713872 0.2784884721 0.1753943413
v -0.2923923284 -0.07987736911 0.1869854555
v -0.2815694809 -0.09817240015 0.1847274452
v -0.272712186 -0.08037288114 0.1871872172
v 0.2155069634 -0.1279979013 0.17592749
v 0.2295566723 -0.1137016155 0.181859754
v 0.2117767632 -0.1093597859 0.1780820116
v 0.2386292964 -0.07793319225 0.1869493201
v 0.2441082001 -0.09690254182 0.184475556
v 0.2569110245 -0.07977223396 0.1874106005
v -0.03944401257 0.1870384365 0.1891615316
v -0.02078011485 0.174306117 0.1893426329
v -0.01891288573 0.1952570751 0.1884633675
v -0.05958119966 0.2164808214 0.1873582453
v -0.08060089871 0.2062585801 0.1888913736
v -0.0585964825 0.1977671534 0.1898153946
v 0.1534655094 0.09417354316 0.1950194463
v 0.165735282 0.1086794995 0.1967079863
v 0.1590079665 0.1561489403 0.1944582462
v 0.1638358161 0.1721553579 0.1930080578
v 0.1456023678 0.1711333618 0.1928488985
v -0.2299854979 -0.1114262491 0.1823523343
v -0.2483556941 -0.1161434762 0.1824093163
v 0.1213434525 0.07995826751 0.190689452
v 0.1106877998 0.09893010929 0.1918725818
v 0.1006510668 0.0826314725 0.190084435
v 0.07389687747 0.4118153602 0.1244452931
v 0.0655470062 0.3977419287 0.1318081468
v -0.2144933939 0.04479291849 0.1969357282
v -0.219715409 0.02733647916 0.1960050017
v -0.198336117 0.03317942377 0.1961838156
v -0.1426169574 0.04207255319 0.1892709285
v -0.1612298191 0.03855392057 0.1908569187
v -0.1509585083 0.0226822542 0.1881512702
v -0.1642802879 0.289532572 0.1701594442
v -0.1844624132 0.2811465114 0.1700112149
v 0.1426385045 -0.5037110299 0.04629221745
v 0.1619841605 -0.5006272197 0.04836259782
v 0.1707011312 0.5349713862 0.0311377719
v 0.1751742214 0.5188366771 0.04380193353
v 0.1908987164 0.5282575786 0.03368832171
v -0.5551926792 0.1144081727 0.030210183
v -0.542006284 0.1168059185 0.04344619252
v -0.548119843 0.1330610514 0.03399940114
v -0.4533161074 -0.3353027701 0.03093634639
v -0.4642444253 -0.3178936094 0.03258333821
v 0.4763884097 -0.3491346836 0.01039383467
v 0.4636891484 -0.365885824 0.01039383467
v 0.4840881079 -0.3669934571 0
v -0.3192461729 0.4966431707 0.01020166557
v -0.3377174288 0.5048583895 0
v -0.3384230584 0.483815074 0.01020166557
v 0.1112677269 -0.5938743651 0
v 0.1165874712 -0.5745365322 0.008951965719
v 0.09617616981 -0.5799707174 0.008951965719
v 0.3186390549 0.5003652871 0.007938615046
v 0.3174075782 0.4810637981 0.01762066223
v 0.3361344486 0.4863185138 0.009682047181
v -0.08268695325 -0.5368402004 0.03007516079
v -0.09772466868 -0.5240233243 0.03648024797
v -0.1059090048 -0.5467475355 0.02558144741
v 0.4796617329 -0.0909559913 0.1073371656
v 0.4842373431 -0.07284648344 0.1088448316
v 0.4686567783 -0.0790148899 0.1194770448
v -0.1713733748 -0.3050678819 0.123633571
v -0.1681429744 -0.3250414729 0.1177192666
v -0.1509772167 -0.3101785928 0.1172965355
v 0.4989067167 0.2134745196 0.06065339409
v 0.4881164283 0.2319236547 0.05943991058
v 0.4818827212 0.2184815183 0.07166261226
v -0.5458386242 -0.1896424666 0.02325585485
v -0.5295134187 -0.1974341273 0.03676965926
v -0.5344679058 -0.1782489195 0.0364607079
v -0.5221266747 -0.1307254136 0.06017680466
v -0.5265984535 -0.1114289947 0.06087371148
v -0.5368825793 -0.1249861158 0.04739818163
v 0.2162272483 -0.1792712063 0.1660045907
v 0.2250566408 -0.165524371 0.1707319096
v 0.2171861008 -0.2182151526 0.1569706425
v 0.1999255419 -0.2294975072 0.1500692517
v 0.2179174349 -0.2395994961 0.1517694965
v -0.1599413827 -0.07237572782 0.1743328348
v -0.1783880666 -0.08083649725 0.1764032841
v -0.2234454304 -0.06760740653 0.188056916
v -0.2358745635 -0.05573280901 0.1903409138
v -0.5313516855 0.08042765595 0.06098873913
v -0.5361332595 0.09829065576 0.05293345824
v -0.5442975461 0.08029004 0.04771225527
v -0.4535451531 0.1467566937 0.118080847
v -0.4692522138 0.1477341875 0.1055196151
v -0.4624346644 0.1302569285 0.1139185429
v -0.3821633756 0.3318003118 0.08982890099
v -0.3693447858 0.3203911036 0.1025468782
v -0.3669865876 0.3381029218 0.09632949531
v -0.4228251129 0.2914283872 0.07931925729
v -0.4092345387 0.3061689883 0.08236404881
v -0.0254918139 0.5115502775 0.06914423779
v -0.03040322335 0.4950457215 0.07946303114
v -0.009530644165 0.503755182 0.07529504597
v -0.04761781543 0.5178716183 0.06147898547
v -0.06800429337 0.5232640505 0.05471756868
v -0.06675087102 0.5082332492 0.06655080616
v 0.2100515142 -0.5211030543 0.02814864088
v 0.2260657325 -0.5159268379 0.02762938756
v 0.267257452 0.3400639892 0.1291585416
v 0.2595342994 0.356752798 0.1237369031
v 0.2443524897 0.3422075659 0.135027945
v 0.2310390696 0.5092838109 0.03843214456
v 0.2490533292 0.4927614629 0.04191425815
v 0.2473762259 0.5111474395 0.02943910751
v -0.2153104842 0.4027471989 0.1133096069
v -0.2233412489 0.417339325 0.102624774
v -0.2349822149 0.4029931575 0.1066949964
v 0.0733963456 -0.5155385435 0.04040980898
v 0.08775585704 -0.5314133763 0.03375710174
v -0.4178697914 -0.3188932687 0.06787316129
v -0.4368745238 -0.3125145137 0.0577035509
v 0.1528559849 -0.0406620726 0.1786609888
v 0.1704454422 -0.05493872054 0.1791070327
v 0.4748878777 0.107967902 0.1066954881
v 0.4733572304 0.1253301799 0.1058381274
v 0.3800155967 0.08869797736 0.1672144607
v 0.390689835 0.07125023752 0.1625233963
v 0.3994344771 0.09089835733 0.157818526
v 0.4320208728 -0.2665670067 0.08997779712
v 0.4401985258 -0.2465599403 0.09571875632
v 0.3396989405 -0.2884206623 0.1278741732
v 0.3280482143 -0.270573467 0.1396015882
v 0.3213325888 -0.2917623371 0.1308307871
v -0.09153067321 0.362345621 0.1465907395
v -0.1111113206 0.3694158196 0.1435996145
v -0.1102863401 0.3499529511 0.1516771913
v 0.419114545 -0.1144584231 0.1427954286
v 0.4146897793 -0.1339979433 0.140576005
v 0.3718720078 -0.1542445943 0.1553249359
v 0.3828082383 -0.1360310279 0.1556181759
v 0.3649025261 -0.136739824 0.1632157266
v -0.2383564264 -0.510316059 0.02760066837
v -0.2172993124 -0.5148458779 0.03047265857
v -0.2262066454 -0.4991587549 0.03833403438
v -0.4082282186 0.03563030995 0.1556263641
v -0.390462786 0.03395510092 0.1643335298
v -0.3627559245 0.0437944904 0.1755019873
v -0.3742347956 0.0323883188 0.170788981
v -0.3568921387 0.02482597204 0.1779857352
v 0.03425088525 0.1477917582 0.1906452477
v 0.01796743646 0.1569696963 0.1905585155
v 0.01628344879 0.1431500167 0.1908749416
v 0.07006625272 0.3504804075 0.1520278975
v 0.05010773614 0.3473242819 0.1537046731
v 0.06404008158 0.331923604 0.1594135985
v -0.008524185978 0.4345994294 0.1159206331
v 0.005735683255 0.4204602987 0.1226434931
v 0.148952201 -0.5352532864 0.02888275404
v 0.134110257 -0.5224992931 0.03728193231
v -0.2829018086 0.1948284805 0.1781587824
v -0.2952209413 0.2087717131 0.1717910841
v -0.3005936593 0.1897047237 0.1737649292
v 0.3040857017 -0.4869214594 0.01777355978
v -0.3459729403 -0.4854751229 0.005330556538
v -0.360041827 -0.4754824489 0.005330556538
v -0.3518370837 -0.4953586906 0
v -0.3102154881 -0.4237779975 0.06566902436
v -0.3002309203 -0.409588635 0.07699508592
v -0.3904786706 -0.280295372 0.1070227735
v -0.399814263 -0.2939621955 0.09474308416
v -0.3796759099 -0.2978125364 0.1033417061
v -0.3624506593 -0.1584195867 0.1590763107
v -0.3481642604 -0.1769957244 0.1577726752
v -0.34471035 -0.1554358229 0.1648894176
v 0.1357459947 0.3149591833 0.1644391567
v 0.1256856285 0.3018483222 0.1695644483
v -0.2798289657 -0.3299037963 0.1217706352
v -0.2825742513 -0.3131227493 0.1286712401
v -0.2333825454 -0.2896658778 0.1409897655
v -0.2122107372 -0.2951905429 0.1357437
v 0.3003661931 -0.2914482206 0.1363625154
v -0.2442223802 -0.01826538262 0.1939891204
v -0.2638695389 -0.01160121663 0.1949705556
v -0.1712434441 -0.4714650959 0.06384152733
v -0.1872350127 -0.4639139026 0.06703251228
v -0.182835862 -0.4813199341 0.05777441151
v -0.3799691051 -0.1656808406 0.1490856558
v -0.4266445339 -0.1405227594 0.1326165199
v -0.4405927658 -0.1247796379 0.1271540299
v -0.4424786568 -0.1425753832 0.1211200878
v -0.1833799258 -0.2069051713 0.1516796723
v -0.1661914811 -0.1949174106 0.1498134807
v -0.1833063066 -0.1874243617 0.1559209973
v -0.2157685012 -0.1679843739 0.1683945805
v -0.2176185474 -0.1447113007 0.1732449457
v 0.2238957137 -0.4132151455 0.09135696292
v 0.2135543674 -0.4291440248 0.08368917927
v 0.2908092737 0.1684555337 0.180609256
v -0.0142603491 0.31328924 0.1656131446
v -0.01962041622 0.295317933 0.1708786562
v -7.123011164e-05 0.3002883196 0.1694866791
v -0.08385559544 0.3231633455 0.1617615521
v -0.1049238816 0.3295609951 0.1594399139
v -0.08687381074 0.1232929081 0.1914807335
v -0.06865010969 0.1136342958 0.191153869
v -0.06552850641 0.1353238896 0.1913670376
v -0.1734048203 0.1404566057 0.1954001859
v 0.2046771571 -0.03618149087 0.1889195368
v -0.2169106081 0.1712288186 0.1918517053
v -0.1971485838 0.173655577 0.191984266
v 0.2092741579 0.1435805336 0.1953435019
v 0.2226779908 0.1807704791 0.1900255308
v 0.2081148624 0.1962325573 0.1881719232
v 0.1812287122 -0.4966449142 0.0484403912
v 0.174379915 -0.5144187808 0.03904578649
v 0.07745077275 0.2528019994 0.1817667708
v 0.05707243457 0.2473199964 0.1819822714
v 0.07215487771 0.2348301858 0.1848587692
v 0.07994604111 0.1859344691 0.1903699487
v 0.06268592551 0.1991220191 0.1889764741
v 0.05970783159 0.1812386587 0.19034978
v 0.1071450748 0.2273567021 0.1868648306
v 0.1271574385 0.2336293459 0.185690634
v 0.1125455797 0.2465848327 0.183469072
v -0.5051614195 0.3039021641 0.01259954087
v -0.484742403 0.3047032207 0.02307506092
v -0.4944000691 0.3239552975 0.01047552004
v -0.4816589952 0.3426673412 0.01047552004
v -0.4595977664 0.3426765203 0.02289315313
v -0.4672757089 0.3605875075 0.01241763309
v 0.1722793803 -0.3945385069 0.09615595639
v 0.1473746747 -0.3962775767 0.09084382281
v -0.1847561672 0.06914521568 0.1974589676
v -0.1730011851 0.05429004133 0.1945455596
v -0.1646432504 0.07279939391 0.194889985
v 0.1423541903 0.0775454212 0.192302987
v 0.1323174573 0.0612467844 0.1905148402
v 0.2045330405 -0.3441009521 0.117753543
v 0.2219275087 -0.3376011103 0.1234620996
v 0.2036683112 -0.3261611909 0.1252248026
v -0.09898692742 0.2564613968 0.1810807809
v -0.09946028516 0.2372145951 0.1846693382
v -0.08111225814 0.2442190498 0.182845667
v -0.2429824322 0.2727281451 0.1631344482
v -0.2381565049 0.2908138782 0.1581504121
v 0.354835242 0.4930477291 0
v 0.3536037654 0.4737462401 0.009682047181
v -0.3061813414 0.4531483352 0.04376285523
v -0.3040052354 0.4703297615 0.03201733064
v -0.3221279085 0.4584184289 0.03214885574
v -0.3788642585 0.390640378 0.05547310598
v -0.3623430431 0.4006625861 0.0560316816
v -0.3739773631 0.4077386409 0.04479637928
v -0.5847304165 0.06863859296 0.01465936378
v -0.5693034828 0.08037341759 0.02275042515
v -0.587923944 0.08545773104 0.008091061376
v -0.5747096837 0.04664151277 0.02396396454
v -0.570605576 0.02849526517 0.03123992588
v -0.5620058477 0.0454080319 0.03659468889
v -0.4798912108 0.2925363928 0.03352711163
v -0.4691298604 0.3125895262 0.0314030908
v 0.5363084972 0.1812861785 0.03676741105
v 0.5435265601 0.1961116865 0.02583219577
v 0.5305291414 0.2024850994 0.03829940595
v 0.5857612193 -0.08797420934 0.01077547763
v 0.5684434772 -0.09582738578 0.02091127075
v 0.582010895 -0.1092065759 0.01013579313
v 0.5266573429 -0.1201783754 0.05872424878
v 0.5411397219 -0.1122059003 0.04651062004
v 0.04870643094 0.543599993 0.04165367782
v 0.03457295708 0.5310573578 0.05302248336
v 0.05595386215 0.5288477242 0.05184668861
v -0.224029392 0.5473522544 0.01213985682
v -0.2427925467 0.5392626822 0.01201769616
v 0.3177266568 0.3940714002 0.08157830685
v 0.3115936965 0.3761920184 0.09575790539
v 0.3325850368 0.3780815452 0.08546086028
v 0.3743649572 0.4005409926 0.05012418702
v 0.3514486253 0.4051068127 0.05798571929
v 0.361634329 0.3913951069 0.06341972947
v 0.5493941307 -0.1806784794 0.02197098639
v 0.5601499379 -0.1963889748 0.0114865927
v 0.5663299263 -0.1751806661 0.01048439369
v 0.5272921026 0.2692526728 0.01202867925
v 0.5364685655 0.2504177094 0.01202867925
v 0.546110481 0.2660671622 0
v 0.4550706744 0.287548244 0.05619134568
v 0.4378459901 0.2929655015 0.06717349216
v -0.1791342646 -0.2655193061 0.1358102262
v -0.180861339 -0.246132113 0.1410971582
v -0.5252767503 -0.1651615575 0.04833789356
v -0.5416019559 -0.1573698968 0.03482408915
v 0.4889180958 -0.3330942243 0.01018330734
v -0.4583776295 -0.3788687438 0.007622857112
v -0.4613551795 -0.3951614499 0
v -0.444332093 -0.3952670544 0.007622857112
v -0.4766276926 -0.2253682911 0.07536459342
v -0.4734297842 -0.24523817 0.0706621781
v 0.3701485395 -0.03174815699 0.1723009124
v 0.375148505 -0.01149450312 0.1704722866
v 0.3935015947 -0.06505364925 0.1630306914
v 0.3736761361 -0.06527066231 0.1705522165
v 0.2831492722 0.4791239649 0.03578641824
v 0.2663150132 0.4775937647 0.04477171041
v 0.2840737998 0.462092638 0.04763690755
v 0.2327802852 0.4383973032 0.08685480803
v 0.2486991659 0.4231731743 0.09076071903
v -0.4654271007 0.05785738863 0.1188295633
v -0.4747190028 0.03994069248 0.1143126413
v -0.4588282257 0.03881742246 0.1259729937
v 0.3933665007 -0.2722613066 0.1106351316
v 0.4122705311 -0.2694813013 0.10161414
v 0.4033872485 -0.2549272031 0.114481248
v 0.4907428175 -0.1036086306 0.09559831023
v 0.5059722066 -0.09644887596 0.08424431086
v 0.4642214477 -0.0288507212 0.1269120313
v 0.4614221603 -0.04575590231 0.1282756664
v 0.07963325083 -0.5866066515 0.00714903092
v 0.05846706592 -0.5922418237 0.00714903092
v 0.06969024055 -0.6049437225 0
v -0.208868809 0.3871964812 0.1231449544
v -0.1972278431 0.4015426487 0.1190747321
v -0.2066379413 0.3409831375 0.1447163746
v -0.2287471741 0.3409205228 0.1393890902
v -0.2217247412 0.3259207308 0.1476395726
v -0.4193766564 -0.2888519466 0.08498238027
v -0.4290703982 -0.2718976289 0.08861926571
v -0.4378300309 -0.2843045443 0.07517749444
v -0.3734745085 -0.2517916262 0.1300528646
v -0.3815643787 -0.2674330622 0.1188063733
v -0.3622504473 -0.2685042769 0.1268678866
v 0.3783150017 0.1977162659 0.1417018175
v 0.3897418529 0.1805038378 0.1416509077
v 0.4290736318 0.229696922 0.1026581638
v 0.4182481319 0.2474456131 0.1021381766
v -0.5033092946 -0.08673647791 0.0889910683
v -0.5161624849 -0.09863997623 0.07458343729
v 0.3186989725 0.2345387787 0.1571715996
v 0.2995875031 0.2353051156 0.1643801183
v 0.3964715153 0.2846615165 0.1004788019
v 0.3892636448 0.2683249712 0.1110802814
v 0.4073085189 0.2660066634 0.1013525762
v -0.3562553376 -0.4267267585 0.04031579569
v -0.3366364241 -0.4317077845 0.04789931513
v -0.3494223207 -0.4146181792 0.05392125063
v 0.3876080811 -0.3670430481 0.05867863446
v 0.3356223851 -0.3994725049 0.06894186139
v 0.3281193376 -0.4212676734 0.05892909318
v 0.344826147 -0.4100735933 0.05731096864
v -0.2835334241 -0.007451716345 0.1938005164
v -0.2787610143 -0.0267319344 0.1919701546
v 0.223754108 0.343870461 0.1392949447
v 0.2016823217 0.3456128389 0.1438848227
v 0.1883273721 0.4070424289 0.1188335046
v 0.1970868483 0.3932026774 0.1235829033
v 0.2081515864 0.4039043486 0.1150404774
v 0.3575950712 -0.3341603726 0.09433725104
v 0.3772101551 -0.3354691863 0.08337016776
v -0.1019737348 0.1377476603 0.1922373995
v -0.1050953381 0.1160580665 0.192024231
v -0.1093151718 0.3901189864 0.1335998923
v -0.1650080904 0.3682025969 0.1411230788
v -0.1733855903 0.3837536573 0.1323276088
v -0.1824086681 0.3704408705 0.1377055496
v -0.1415343285 -0.5726367533 0.006921333726
v -0.1361200549 -0.5872578025 0
v -0.1221176572 -0.577806145 0.006921333726
v -0.2165170163 -0.5507720113 0.009392741136
v -0.2149355188 -0.5329894423 0.01926238742
v -0.2310305908 -0.5437857509 0.009869646281
v 0.04086419567 -0.5899683833 0.009486625902
v 0.01660216786 -0.5881794393 0.01161869941
v -0.3512713462 0.177092351 0.1595905796
v -0.3419433087 0.1639923602 0.165639177
v -0.3334908783 0.1790043637 0.1651263461
v -0.4095030129 0.1652455106 0.1370417476
v -0.4192983806 0.1467035636 0.138014622
v -0.3498962224 0.2926738262 0.1240554899
v -0.3542378843 0.2732242644 0.1285108477
v -0.3339315653 0.2828900218 0.1359585077
v -0.327314809 0.2146164477 0.1586674452
v -0.3422678709 0.2088446468 0.1545077041
v -0.3278658539 0.1978761554 0.1632374898
v 0.008589635603 0.4707918465 0.09564457089
v 0.003091210034 0.4873486608 0.08532017842
v -0.008943628054 0.4706938118 0.0959382318
v 0.3863686025 -0.2053138837 0.1362770051
v 0.03365743533 0.3951425999 0.1344114691
v 0.03713097796 0.3778757453 0.141960375
v 0.05266036466 0.38314794 0.1387700662
v 0.2952411026 0.09085359052 0.1899709031
v 0.2755822539 0.09806702286 0.1919817999
v 0.2797463983 0.07837529108 0.192965284
v 0.3407116234 0.1193916164 0.1748742908
v -0.2982036173 -0.3770223558 0.09473965317
v -0.2899208367 -0.3959336728 0.08756457269
v -0.2516423389 -0.3561564535 0.114843972
v -0.2309196219 -0.3609814942 0.1134667359
v -0.3179750293 -0.436745733 0.0525791049
v -0.2983871102 -0.4409245253 0.05674335919
v 0.165336214 -0.4500734657 0.07367623225
v -0.2860119045 -0.1514489278 0.1769099087
v -0.3061190993 -0.1526710764 0.1747137234
v 0.1629770994 0.0398486685 0.1912021115
v -0.4574945569 -0.1465999559 0.1099970527
v -0.443546325 -0.1623430774 0.1154595427
v 0.2142990083 0.2309250459 0.1801831201
v 0.2038260251 0.2460236326 0.1771137118
v 0.2699550837 0.256131947 0.1650599763
v 0.2791146487 0.2714555413 0.1576358974
v 0.2596482337 0.2738380581 0.1597873792
v -0.2530854046 0.2360093966 0.1737321019
v -0.2329994142 0.2393031642 0.1756073534
v -0.248075515 0.2542393059 0.1688625962
v 0.23171781 -0.2732493728 0.1453027651
v 0.2363086492 -0.2924124897 0.1397225186
v 0.2480699718 -0.2810551077 0.1436583102
v -0.2375499681 -0.2467465624 0.1535325944
v -0.2543191463 -0.232479088 0.1575554535
v -0.07882219926 0.283454895 0.1740559489
v 0.2546871081 0.0490888413 0.1962787285
v 0.2630247772 -0.3556782901 0.1133421399
v 0.2836709768 -0.3594589084 0.107349053
v 0.2809166461 -0.3402215391 0.1167972721
v 0.2249329686 -0.03793453798 0.1913611144
v 0.2145987973 -0.01864308491 0.1920471564
v -0.1868233383 0.3404365778 0.1497339383
v -0.1784221455 0.3245879263 0.1568604931
v -0.1656299755 0.3390411586 0.1536275744
v 0.1316978186 0.1819840893 0.1922500134
v 0.1908303946 0.2622781396 0.1746353656
v 0.2201503143 0.2789337933 0.1652107015
v 0.1992298216 0.2798732966 0.1680725366
v -0.4087032378 -0.1209089644 0.146920301
v -0.4093961418 -0.1370546035 0.1424311027
v 0.09321297705 0.3498710245 0.1519328952
v 0.03919129446 0.1780188233 0.1896425635
v 0.05645141006 0.1648312733 0.1910360381
v 0.03710365854 0.2421823293 0.1825587153
v -0.1471894607 0.1092299856 0.1942679808
v -0.1266283281 0.1127011552 0.1927046478
v -0.3185378164 0.1847761646 0.1692860872
v -0.3062186837 0.170832932 0.1756537855
v 0.07772564888 0.3179376274 0.163607128
v -0.1457967311 -0.3958327919 0.09101732075
v -0.1315645501 -0.3805053979 0.09308554605
v -0.152026765 -0.3764472604 0.09806137905
v -0.194793269 -0.4488536119 0.07495808229
v -0.1828617901 -0.436765328 0.0816822201
v 0.3068490177 -0.1771601886 0.168489404
v 0.2969016433 -0.1628636047 0.1728447378
v 0.2904722244 -0.1856435463 0.1682276651
v 0.197394982 0.09192724898 0.1974412277
v 0.2099488676 0.1087072566 0.1972912028
v 0.1881047189 0.1088701896 0.1974112689
v -0.208615616 -0.07862954959 0.1830960214
v -0.2069121003 -0.05700349808 0.1863376945
v -0.1951486841 -0.09047475457 0.1778158396
v -0.2116820142 -0.101078663 0.1795350611
v 0.4895353168 -0.01824965188 0.109209992
v 0.4824465066 -0.000821871683 0.1124015972
v 0.4717421532 -0.009667239618 0.1214490458
v 0.4393731952 0.05926121958 0.1363088265
v 0.4511132985 0.04371233284 0.1297312975
v -0.182972759 -0.3379295021 0.1170887053
v -0.1970780119 -0.3518317789 0.1147681661
v -0.2105001658 -0.3657715023 0.1121219657
v 0.2394825891 -0.1493825167 0.1775645167
v 0.2188609242 -0.1484815851 0.1728726253
v 0.1660509109 -0.1646319702 0.1563947722
v 0.1853036657 -0.1744272113 0.1590951085
v -0.1832664534 -0.1656200811 0.1603276357
v -0.1659900099 -0.1548035145 0.1585233286
v -0.1831386015 -0.1449869946 0.1647961587
v -0.1093952917 0.5193830132 0.05241911858
v -0.08869589865 0.5283830762 0.04814292863
v -0.1109538414 0.534140408 0.04077265784
v -0.1364668943 0.2434305325 0.1832834035
v -0.1322498359 0.265545994 0.1789737716
v 0.1410362832 -0.4160002917 0.08367724344
v 0.1256376766 -0.3989476115 0.08638425916
v -0.389161095 0.2453433499 0.1200766116
v -0.3719708174 0.261490725 0.1239294559
v -0.3873928189 0.2668606937 0.1127549857
v -0.4052623659 0.2288398892 0.1169989705
v -0.3898403645 0.2234699205 0.1281734407
v 0.2997464091 -0.4720005989 0.03130001668
v 0.2335815132 0.4732933193 0.06330712698
v 0.2163680866 0.4856001437 0.0614273157
v 0.1144044176 0.5790660679 0.009350790642
v 0.107473135 0.5978195369 0
v 0.4109858274 0.3986735046 0.02882281039
v 0.4171600342 0.4193992913 0.01345951203
v 0.09156317636 0.5383883119 0.03991189599
v 0.1058724299 0.5498835742 0.0290237451
v 0.08439658955 0.5528856218 0.02958973218
v 0.06288195588 0.5148392618 0.06179766916
v 0.05178548396 0.5013730526 0.07279437408
v 0.07284705155 0.4999072254 0.07137654908
v -0.5786643028 -0.1243714765 0.01060375106
v -0.5650795102 -0.1114380471 0.0210184902
v -0.5534052849 -0.02092264197 0.05330454931
v -0.5467463434 -0.03903332725 0.05979570746
v -0.541051358 -0.02446016646 0.06636818126
v -0.3006794006 0.4876156151 0.0210389467
v -0.299973771 0.5086589307 0.01083728112
v -0.456741631 0.3274513036 0.03339860402
v -0.4518904388 0.3152844757 0.04385065474
v 0.5658394396 0.01954339724 0.03750710934
v 0.5786460042 0.02769848797 0.02352979779
v 0.5652430356 0.03993215598 0.03441865742
v 0.5411771834 -0.0004333364777 0.0654837247
v 0.5292010307 -0.01043923432 0.07836930826
v 0.5431515276 -0.02000133041 0.06617402472
v -0.407722652 -0.03707577474 0.1575560868
v -0.4270074517 -0.03664143756 0.1489992961
v 0.486845687 -0.172995165 0.08075974882
v 0.502201587 -0.165792115 0.06973881647
v 0.4917920083 -0.1537966803 0.08136260882
v 0.06372408569 0.5558647215 0.03047730029
v 0.5291598141 0.1664892584 0.04722541012
v 0.5421572328 0.1601158455 0.03475819994
v -0.5233339369 -0.2742135078 0.0133847408
v -0.5179819763 -0.2595602646 0.02346413303
v -0.5369045138 -0.2599834427 0.01007939223
v -0.3682373911 -0.4504266232 0.01574135991
v -0.3874073476 -0.449681744 0.01041080337
v -0.37334764 -0.464854002 0.005330556538
v -0.3100576401 0.4374740422 0.05355609208
v -0.291934967 0.4493853748 0.05342456698
v -0.09493124485 0.4705763012 0.08932778984
v -0.09184587374 0.4553549737 0.09882413968
v -0.07758510485 0.4676669538 0.0924580209
v -0.1002886817 0.4402980208 0.1070535593
v -0.08294254169 0.4373886734 0.1101837903
v -0.09921962395 0.5992855728 0
v -0.08501440287 0.5857026875 0.008207269013
v -0.06956284307 0.5380214453 0.04307110794
v -0.1984688416 -0.5555770695 0.009392741136
v -0.2145639136 -0.566373378 0
v 0.4571326375 -0.011422941 0.1301036365
v 0.5325897932 -0.2220520601 0.02724193502
v 0.5298740864 -0.2041841224 0.03447567392
v 0.5192497373 -0.2243493944 0.03874442354
v -0.3727356046 0.2199019194 0.1376410872
v -0.4763306081 0.1666175127 0.09760690853
v -0.4802368581 0.1842827797 0.0884607099
v 0.3794427812 0.1446098685 0.1564082354
v 0.3750380576 0.125920441 0.1635986567
v 0.4067280293 -0.3658391684 0.04673373885
v 0.4007822573 -0.3506461233 0.05926603265
v 0.389850378 -0.4134296477 0.03052756656
v 0.4005164206 -0.3960539103 0.03353296313
v 0.3122696877 0.3061937243 0.1332837604
v 0.3251175731 0.2885034382 0.1368361935
v 0.3305319697 0.3070208579 0.1264196374
v -0.2902209163 0.3632898629 0.1102807671
v -0.2711236477 0.3674527556 0.1144373119
v -0.2834838927 0.3808852583 0.1026585624
v -0.1998667642 0.2955673188 0.1630227864
v 0.3336223662 -0.1546668187 0.1680144817
v 0.3463125974 -0.1362498589 0.1694855243
v -0.4621366858 -0.220619373 0.08811404184
v -0.4476259202 -0.2371458635 0.09336160868
v -0.446111396 -0.2211697847 0.0986287035
v -0.4726940542 -0.1718937978 0.09182938561
v -0.4714085162 -0.1518163085 0.09824900329
v -0.5528060198 0.01045615156 0.05187383667
v -0.5437557697 0.02693362068 0.05803266168
v -0.5258442163 0.06191477738 0.06945084408
v -0.5345628858 0.04451624863 0.06398110464
v -0.52089113 0.04400398582 0.07766441256
v -0.3593909293 -0.3961804509 0.05933544785
v -0.3185882866 -0.3724607527 0.09058592469
v -0.3381631076 -0.3026389182 0.1195964329
v -0.324286297 -0.3200707734 0.1145895645
v -0.3153396696 -0.3042905033 0.1263784431
v -0.3497783989 -0.2855021805 0.1235033534
v -0.3416885287 -0.2698607445 0.1347498447
v 0.2050319538 -0.3057814091 0.1312667429
v 0.2205096334 -0.3021340519 0.1361501664
v 0.5083429664 0.03598042671 0.08864438906
v 0.5111823231 0.01767486008 0.08892770857
v 0.5243873298 0.02743432624 0.07739568874
v 0.14477925 0.3893293738 0.1323710941
v 0.1292116083 0.4003784359 0.1275830306
v 0.1322284527 0.3804868162 0.1373533383
v 0.1369630694 0.4266136289 0.1126745716
v 0.1182450168 0.4335855246 0.1100748703
v 0.123044353 0.4161928892 0.1200010851
v 0.01621805178 0.3721711487 0.1446559653
v -0.0006623510271 0.3843058497 0.1397719085
v -0.05713657662 0.3484487832 0.1531137079
v -0.04029026628 0.3540720493 0.1513260156
v -0.3501106948 0.06064140424 0.1797888428
v -0.3674533516 0.068203751 0.1725920886
v -0.3582945764 -0.09479100257 0.1736139208
v -0.3679687232 -0.1147719771 0.167663388
v -0.3111350536 -0.07755397446 0.1841919944
v -0.3303344697 -0.07716439851 0.180976212
v -0.3204490393 -0.09728731215 0.1813099012
v -0.4452820271 -0.181008026 0.1093326136
v 0.1409109049 0.2187882811 0.1876859888
v 0.179588154 0.2788415402 0.1710949987
v 0.1660151407 0.2958693802 0.1681021377
v 0.1576157138 0.2782742232 0.1746649668
v -0.2665009648 0.09364736453 0.1934773996
v -0.2475176007 0.09577177465 0.1961466372
v -0.2588137686 0.1123720445 0.1933828518
v -0.2843926251 0.06181261688 0.1932773292
v -0.3041480035 0.0693896655 0.1905162483
v 0.3287883699 0.2157220095 0.1581273377
v 0.3384784311 0.1948160529 0.1592294872
v 0.2585142106 0.2381248847 0.1722846031
v 0.2779806256 0.2357423678 0.1701331213
v 0.224424541 0.1270735711 0.1954491287
v 0.2067480832 0.07418773323 0.1973265484
v 0.381344825 0.4146664292 0.03580460045
v 0.3915305287 0.4009547234 0.04123861063
v 0.317282632 0.4313269109 0.05468809046
v 0.3172044009 0.4491361678 0.04150434397
v 0.30098629 0.4458135813 0.05183536187
v -0.2298487201 0.3582801521 0.1315202042
v -0.2203059122 0.3721919805 0.1269228607
v -0.1938457713 0.3554363698 0.1414834559
v 0.4254560024 0.2637821585 0.091536697
v 0.3928992897 -0.1867802069 0.137875773
v 0.3187224269 -0.1964149028 0.160668239
v 0.3111103028 -0.2167850733 0.1571682915
v 0.2220680043 -0.2563869208 0.1470533311
v 0.2393285632 -0.2451045662 0.153954722
v 0.2573266774 -0.2338510975 0.1571440995
v 0.2614772469 -0.2506385222 0.1524279341
v 0.5016621947 -0.02855933132 0.09984057397
v 0.5506528616 -0.124653168 0.03296820726
v 0.5551800132 -0.1046124846 0.03381399903
v -0.15219675 0.3024137765 0.1678986102
v -0.1693123206 0.3103113025 0.1630149633
v -0.2698056102 -0.2202637717 0.1605037674
v -0.2504334003 -0.2121894211 0.1627056003
v -0.06673952192 0.2334595844 0.1846589968
v -0.3560061604 0.2517069206 0.1358324736
v -0.2639400959 0.1990367174 0.1822449565
v -0.2577691972 0.2174843624 0.1783308983
v 0.2692966536 0.1393769681 0.1888494343
v 0.2696337178 0.1195211336 0.1913122162
v 0.2740568072 0.1799624115 0.1827804893
v 0.2788777351 0.2021946907 0.1772572026
v 0.2617188245 0.1955030262 0.1828810349
v -0.04430802353 0.1458763778 0.1905404851
v -0.1196484193 0.1512562931 0.1931095347
v 0.2046936974 -0.4460012615 0.07556336746
v 0.3341077864 -0.2504309043 0.143554613
v 0.2488879412 -0.2151014358 0.1619828567
v 0.2415313423 -0.3459908962 0.1193905994
v 0.2442856729 -0.3652282655 0.1099423803
v 0.1803582981 0.3471213281 0.1474576071
v 0.1701409295 0.3659094423 0.1404637322
v 0.158013463 0.35064964 0.1491352767
v 0.05465922505 0.1484716311 0.1906629428
v 0.07517576218 0.1516914666 0.1913701594
v -0.1859969124 -0.4962798506 0.04789472558
v 0.2866594493 0.05805356055 0.1932761297
v 0.2909277529 0.04044370726 0.1938840151
v 0.3148848414 0.08046007156 0.1868991554
v -0.2164528817 0.005036826944 0.195045568
v 0.2466963381 0.3741750568 0.1182581298
v 0.2696013004 0.3720314801 0.1123887263
v 0.1848741993 0.379360944 0.1330809966
v 0.2847940028 -0.01020406606 0.193347007
v 0.2964409143 -0.02907870524 0.189676702
v 0.3063227385 -0.01328291977 0.1897290349
v 0.02919480996 0.3416196853 0.1564002633
v 0.009798445972 0.3363657594 0.1579656601
v 0.024685201 0.3235135525 0.1626557708
v -0.5362183452 -0.227078937 0.02186179534
v -0.5459421277 -0.2404527813 0.01007939223
v -0.2362068072 0.07882503793 0.1967572421
v -0.2285196111 0.09754971787 0.1966626942
v -0.1688578799 0.1056125239 0.196855478
v -0.1812283173 0.1214147136 0.1967220157
v 0.2470030114 0.2088826969 0.181991525
v 0.2421820834 0.1866504177 0.1875148118
v 0.4186859727 -0.09557756409 0.1478595287
v 0.4370509237 -0.08914142847 0.1390979514
v 0.4227007478 -0.07669204101 0.149993889
v 0.4595474601 -0.116151765 0.116246026
v 0.4485586584 -0.1025756747 0.1274664849
v 0.2478384003 -0.1155406572 0.1823210344
v -0.3243870735 -0.1546474397 0.1701572314
v 0.460031867 0.2554117069 0.06944573671
v 0.477292344 0.2504658028 0.05819782615
v 0.4662317783 0.2689468563 0.05719443411
v -0.2404195219 -0.03843139485 0.1922193915
v 0.08772867545 0.2220650092 0.1868199557
v 0.1023405343 0.2091095224 0.1890415177
v -0.1993150637 -0.1343637146 0.1704276726
v 0.1658032611 -0.1246650331 0.165050447
v 0.1751183346 -0.07389008254 0.1770154387
v 0.1617680117 -0.0836760439 0.1725332215
v 0.2241103351 -0.0007808804512 0.1951159462
v 0.2038545236 0.0009721666574 0.1926743686
v 0.1228519715 0.04310389794 0.1876193956
v 0.1438627094 0.04069105163 0.1892329305
v -0.4726123065 0.07660483569 0.1120447591
v -0.4793926179 0.09544194862 0.1046138778
v -0.1166818291 -0.4704606086 0.06099274009
v -0.1036577933 -0.4569097608 0.06447725371
v -0.12590627 -0.4521886408 0.06847764924
v 0.1544021741 -0.4330467433 0.07963005081
v -0.05081728101 -0.5965985954 0.005895063281
v -0.470340848 -0.1320486143 0.1039095484
v -0.5458345413 -0.08743739501 0.0480825752
v -0.5597330332 -0.08054183051 0.03444977012
v -0.5552528501 -0.09879413247 0.03446228337
v -0.1918617487 0.2459368184 0.1788710132
v 0.4601964653 0.1328376383 0.1153910533
v 0.4475303739 0.1490127519 0.1220492646
v 0.4459972829 0.131556578 0.1253013015
v 0.5074302405 0.05415950157 0.08730924502
v 0.5178495944 0.06315612234 0.07785654441
v 0.5037318617 0.07157573104 0.08805342019
v 0.3825236112 0.4290001541 0.0242367005
v 0.3653580397 0.4285864234 0.03312227689
v -0.4054361433 0.3968891501 0.03501383308
v -0.4147653431 0.3797067702 0.03912577126
v -0.3998277783 0.3805340528 0.04834974185
v 0.4943163395 0.2454588041 0.04718860798
v 0.5113953054 0.2402599379 0.03624402545
v 0.5005712211 0.2588020861 0.03500194103
v 0.5079920441 0.1938459873 0.0610553585
v 0.5142257512 0.2072881237 0.04883265682
v 0.01860057679 0.5182824135 0.06409587339
v 0.1305122524 0.4598578513 0.09303103015
v 0.1093570553 0.4664257169 0.09061767533
v 0.1110085361 0.4505741298 0.1003350019
v 0.139711 0.5160530806 0.0510343127
v 0.1340078264 0.5304683745 0.04029864632
v -0.5056850016 0.04256298672 0.09026404098
v -0.4902577102 0.04135205876 0.1022815704
v -0.4792546332 -0.03488183534 0.1172886454
v -0.469590947 -0.01630648458 0.1221180297
v -0.1613381281 0.567622155 0.01050570328
v -0.1786141619 0.5806142092 0
v -0.181647256 0.5613744557 0.01050570328
v 0.2078937963 0.5360310376 0.023490577
v 0.2123668864 0.5198963284 0.03615473863
v -0.5918013453 -0.04393262602 0.01100659464
v -0.5781135261 -0.03115302231 0.02576742135
v -0.5931188166 -0.02261858154 0.01476082671
v 0.6022478938 -0.07913747616 0
v 0.588680476 -0.06575828604 0.01077547763
v -0.5398479104 0.2471008971 0.01072552428
v -0.5447365046 0.2281787768 0.01694415137
v -0.5275278091 0.2320610285 0.02766967565
v 0.5009736717 -0.314603284 0.01018330734
v 0.5088429451 -0.3317513764 0
v 0.4503746927 -0.2068528309 0.09921526164
v 0.4459154606 -0.227007702 0.09738283232
v 0.4625650048 -0.2208178118 0.08780968562
v 0.5168871284 -0.1588700041 0.05780668184
v 0.5119408071 -0.1780684888 0.05720382184
v 0.5678572953 0.1124019772 0.01781366393
v 0.5848194659 0.1065727994 0.007855189033
v 0.5786309242 0.1272220388 0.009958474897
v -0.2175505534 0.488617748 0.05890746228
v -0.2078529894 0.4738847315 0.07248267904
v -0.1994814053 0.4895183444 0.06438221224
v -0.2769425213 0.4408717006 0.06675583124
v -0.2730662227 0.4565459937 0.05696259439
v -0.5087464154 -0.2523630857 0.03520534746
v -0.5223169923 -0.2381330207 0.0318999989
v -0.2509046569 0.3068906665 0.1489216685
v -0.231085822 0.3097813278 0.1515410319
v -0.3350009322 0.3330445737 0.112094868
v -0.3418789506 0.3145166487 0.1202753112
v -0.322711885 0.3208675086 0.1233227067
v -0.4535677433 0.2473375872 0.07899278402
v -0.4532000273 0.2647237778 0.06995512173
v -0.4686698765 0.2513924912 0.06463837996
v 0.4267502725 0.07605282962 0.142934911
v 0.422731638 0.05665900744 0.1465013772
v 0.3968159407 0.01399370399 0.1619317681
v 0.4099498093 -0.002528312849 0.1552234143
v 0.4140984267 0.01793720527 0.1535065174
v -0.384794265 -0.1058875918 0.1621619314
v -0.3959003538 -0.09057164937 0.1607003435
v -0.4037539214 -0.1037749723 0.1537285522
v -0.1704103798 0.4278130382 0.1097158566
v -0.1899934113 0.4302026927 0.1043831743
v -0.1840864867 0.4147037119 0.1145720668
v 0.2152529135 0.4194249511 0.104146868
v 0.2240123898 0.4055851996 0.1088962667
v 0.183161214 0.455589816 0.0905729197
v 0.1670044661 0.4471672475 0.09787642956
v 0.2841520309 0.4442833811 0.06082065403
v 0.2836745679 0.4266224355 0.07426894456
v -0.01652796008 0.3969015777 0.1337603405
v 0.002262439579 0.4024661332 0.1315902099
v -0.02471930441 0.4445657283 0.1102402769
v -0.02324371506 0.4614132941 0.1004038453
v -0.3763183504 0.1637350619 0.1523537412
v -0.4160173684 0.1860338524 0.1272876114
v 0.4511429816 -0.3815355599 0.01050935779
v 0.4581994265 -0.398894906 0
v 0.4426834583 0.2595569342 0.08038232103
v 0.4317438453 0.2781179845 0.07959672064
v 0.4163458496 0.3317404389 0.06367605552
v 0.3992539048 0.3362707943 0.07502541691
v -0.06716137566 0.3178334385 0.1641546413
v -0.3372907341 0.4636219889 0.02069460414
v -0.33946684 0.4464405626 0.03244012874
v -0.3738119751 0.4576748461 0.01049293857
v -0.391687572 0.4447292387 0.01139493659
v 0.3179055154 0.4653199315 0.02900785487
v 0.3004101217 0.4793667048 0.02726442274
v 0.4290550798 -0.05494864471 0.1477971077
v 0.4453388155 -0.05043116398 0.1383994669
v 0.4333281964 -0.0351239033 0.1449642628
v -0.2693128139 0.179969728 0.1842188016
v -0.2571149766 0.1652850434 0.1889463738
v 0.4154504389 0.1467283219 0.1400441304
v 0.4281706661 0.1297155917 0.13745296
v 0.416559428 0.09257505462 0.1480369344
v -0.5215203166 0.1349630728 0.0613005776
v -0.5290604234 0.1169435345 0.05672267638
v -0.5176799297 0.07991539314 0.07467204705
v -0.2630684227 0.2694343776 0.1612591967
v 0.4069821686 -0.150320895 0.1401260644
v 0.400508821 -0.168830134 0.1390132383
v 0.3454957753 -0.1739215329 0.1601933166
v 0.3642624766 -0.1721946672 0.1541874707
v -0.02496073907 0.2787930965 0.1755596921
v -0.03089895938 0.2604327649 0.1791055575
v 0.3538323939 -0.03385348804 0.1781910434
v 0.3663512468 -0.04908445291 0.1731960475
v 0.3380515128 -0.06417573802 0.1803787053
v 0.3453764021 -0.08036194742 0.1777348742
v 0.3573599905 -0.06737599336 0.1764423475
v 0.541826129 -0.04069496691 0.06463489309
v 0.5281417966 -0.04965085909 0.07666922733
v 0.5387925506 -0.06033859774 0.06224451214
v 0.5101752579 -0.07704103738 0.0854918994
v -0.3175424933 0.08042924292 0.187204212
v 0.07580195926 0.4717915058 0.09014745057
v 0.0936685428 0.4725292623 0.08819368482
v 0.07961716317 0.4871787727 0.08041948825
v 0.3854817152 0.3040393889 0.09940493479
v 0.3017415851 0.3213864118 0.1291758306
v 0.2963271886 0.3028689921 0.1395923868
v 0.2314772606 0.3271816522 0.1447165832
v 0.2368372008 0.389759168 0.1133499146
v 0.243938528 0.4052797705 0.1024563052
v 0.03522098111 0.3601764888 0.1490145624
v 0.2736503631 0.1617638692 0.1862330884
v -0.3099954873 0.2224569842 0.1641840488
v -0.1760085002 -0.2851713598 0.1300133057
v -0.1573333815 -0.2705529481 0.1290077604
v -0.2670858204 0.06110837311 0.19559405
v -0.2725116014 0.07775133848 0.1939244643
v -0.327357322 0.02704336494 0.18680273
v -0.3319454342 0.04827794619 0.1860617474
v 0.2706906945 -0.06318738684 0.1895087063
v 0.2532678321 -0.1346843094 0.1800626889
v -0.2089765891 0.3098439425 0.1568683162
v 0.2368617952 -0.3099397868 0.1345057115
v 0.1796295345 -0.256728828 0.1381144747
v 0.1738016605 -0.2772386372 0.1314804852
v 0.2881466299 0.2172980532 0.1716047451
v -0.2946187854 -0.3012818992 0.1330181397
v -0.3144025803 -0.3377116919 0.1091932654
v 0.5835632086 -0.1684512645 0
v 0.5728074014 -0.1527407691 0.01048439369
v 0.560133636 -0.1382649615 0.02062018681
v 0.5460933447 -0.1458583772 0.03331680782
v -0.2418887392 -0.4529820532 0.0660462752
v -0.2329738364 -0.4398321956 0.07583482191
v -0.2455387414 0.05799853429 0.1964990497
v -0.2265407518 0.05977647752 0.1970151067
v -0.5467092395 -0.1376300305 0.03395438846
v -0.5559003949 -0.1507173926 0.0220772028
v -0.2909799665 -0.04233014211 0.1901226714
v -0.3022777587 -0.05975445546 0.1866517663
v 0.2026460171 -0.3809826374 0.1036958173
v 0.2231493965 -0.3708796948 0.1096036844
v 0.2022888586 -0.3656438142 0.1100829728
v 0.06691051461 0.2830436677 0.174183853
v 0.08262622543 0.2708545029 0.1775337234
v 0.09770866856 0.2583646923 0.1804102212
v 0.337733835 0.2333999872 0.1494471952
v 0.2926592082 -0.4263896644 0.06917710602
v 0.309922561 -0.426304847 0.06278957054
v 0.3016522229 -0.4107514024 0.07694752142
v 0.3191263229 -0.4369059354 0.05115867779
v 0.1595125198 0.4027808756 0.1249883585
v 0.172897622 0.4136090875 0.1176797748
v 0.1551475078 0.4200492054 0.1152922027
v 0.4391989112 -0.1935973465 0.1102175787
v 0.3821681887 -0.1714858711 0.1465899199
v 0.09794477746 0.1903231144 0.1910489798
v 0.1173611768 0.1956148073 0.1910938546
v 0.09496668354 0.172439754 0.1924222857
v -0.4712815285 -0.1100967787 0.1090625972
v -0.3628832698 -0.4395353645 0.02755773347
v -0.3248080462 -0.4488543123 0.03897364996
v 0.1744141653 0.2078051865 0.1880020648
v 0.1929717213 0.2105861977 0.1861665323
v 0.2123231292 0.2143837288 0.184619911
v 0.2477740571 0.06941057183 0.1959678829
v 0.2670006007 0.0652669929 0.1952870265
v -0.134561155 0.1643930823 0.1937858239
v -0.2330344468 -0.2022849619 0.1649729908
v -0.2177208439 -0.2119084299 0.1587722376
v -0.2158083543 -0.1897886544 0.163987942
v 0.2091020867 -0.08989434317 0.1812201291
v -0.1260040775 0.5088306814 0.05873541161
v 0.4931848794 0.3257678002 0.01050422527
v 0.5013835728 0.3429281861 0
v 0.4890675098 0.2773261368 0.03430505283
v 0.4779064059 0.2959275246 0.0333019644
v 0.4723311514 0.28260234 0.04494343512
v 0.1827320531 -0.2372229323 0.1438682824
v 0.1617047116 -0.2430699095 0.1371146515
v 0.1535116136 0.02170578204 0.1883066669
v 0.1411251128 0.002139499411 0.1840272844
v 0.1602395028 0.00129711628 0.1859964654
v -0.1392928362 0.007575613912 0.1846338287
v -0.2448829412 -0.5233090222 0.01587231085
v -0.2464644387 -0.5410915911 0.006002664566
v 0.337660253 -0.4617010206 0.02150794398
v -0.3792117834 -0.4747375697 0
v -0.2008791417 -0.220387727 0.1525884122
v -0.1837643161 -0.2278807759 0.1464808956
v 0.4438324571 -0.2990557253 0.06107469834
v 0.4265253097 -0.29920578 0.07366465032
v 0.4286072999 -0.3172746897 0.06024401076
v -0.186564751 0.01744330302 0.1924951747
v -0.1958469227 -0.003018327989 0.191431582
v -0.3621852696 0.3048508912 0.1128276512
v -0.3773620576 0.2985482812 0.1063270569
v 0.1171199381 -0.4726612866 0.05918823555
v 0.4813397229 -0.1417147033 0.09343760461
v 0.4706285447 -0.1288044043 0.1045071706
v -0.452981472 0.2820174247 0.06084687635
v -0.4509697258 0.297839433 0.05397408828
v -0.4662904143 0.28460069 0.04872792959
v 0.1372240335 -0.5702728331 0.00939875748
v 0.1561527252 -0.5819244385 0
v -0.179268606 -0.5609513819 0.008864140138
v -0.4853674322 -0.2812182903 0.03811378777
v -0.4936437458 -0.2929036915 0.0240348326
v -0.4745997787 -0.3003316522 0.03537913878
v -0.2051614597 0.06561942212 0.1971939206
v 0.4471855164 0.2273661867 0.09292124584
v 0.5904472768 0.06291941926 0.01022067294
v 0.5926618278 0.03713508509 0.01022067294
v 0.6050595045 0.05196725763 0
v 0.5537820756 0.01089081634 0.05084220506
v 0.5398315787 0.02045291243 0.06303748861
v -0.4512634426 0.3805061877 0.01241763309
v -0.4733246714 0.3804970086 0
v -0.4098183066 0.3440445215 0.06232214905
v -0.4243295938 0.346748963 0.04915392399
v -0.5487088561 0.04484441224 0.0498190932
v -0.5528129637 0.06299065985 0.04254313186
v -0.525968492 0.3038547933 0
v -0.5163108259 0.2846027166 0.01259954087
v 0.5157883912 0.2877767235 0.01133179106
v 0.5253567696 0.3048533052 0
v 0.5042111427 0.3077279031 0.01133179106
v 0.3507198989 0.4549685866 0.02045923565
v 0.3694206923 0.4616978019 0.01077718846
v -0.2628726885 0.5101216584 0.02285497729
v -0.2608215287 0.5307544172 0.01201769616
v -0.2793558389 0.5202641338 0.01083728112
v -0.155390352 0.4829561114 0.07465279475
v -0.1759516969 0.4865671396 0.07030921429
v -0.5729736984 -0.07218281738 0.02142133377
v 0.5137331784 -0.0001377621666 0.0889207758
v 0.5157075226 -0.0197057561 0.08961107582
v 0.5369922221 0.03875847906 0.06275416911
v 0.2988999188 0.4100930989 0.07844723016
v 0.2815099657 0.4087112099 0.08769706637
v 0.541652143 0.124799557 0.04223977774
v 0.5269303918 0.1301574819 0.05648588575
v 0.4833570421 0.1547279134 0.09405649081
v 0.4748903215 0.1427863538 0.1025860906
v 0.1811514124 0.4876136482 0.06866808981
v 0.1976959035 0.4962126613 0.05914990976
v 0.1788273156 0.5035238564 0.05587066337
v -0.4938098788 -0.263835609 0.04262344539
v -0.5137360096 -0.2917135358 0.0133847408
v -0.5326585472 -0.2921367139 0
v -0.1968208775 0.4449759871 0.09403553605
v -0.2104969844 0.4318666607 0.09889174625
v 0.008002619492 0.5038532168 0.07500138506
v 0.03122243099 0.5018758923 0.07412100583
v 0.07701542974 0.527381897 0.05042886361
v -0.5843068361 0.1079938933 0.008091061376
v -0.5669016242 0.1139279306 0.01847275719
v -0.5787114501 0.1247292683 0.01038169581
v -0.4250342846 0.03666908573 0.1462649032
v -0.4176330566 0.01759214047 0.1510003656
v -0.4473455846 0.09326466918 0.12816789
v -0.4567215294 0.07548156567 0.1237051114
v -0.4354426265 -0.01827215869 0.1431675777
v -0.4791875482 -0.07402570732 0.1128892303
v -0.4880022854 -0.05266040936 0.1107229181
v -0.4949509054 -0.0719959978 0.1003012843
v -0.4213404953 0.2556910962 0.09660583362
v -0.4062862694 0.2691569626 0.1007238105
v -0.4230436683 0.2741347402 0.08842750266
v 0.1212936863 0.5597973764 0.0187734738
v 0.1369922608 0.5744825602 0.009422683157
v 0.1605554894 0.5683203042 0.009422683157
v 0.1536662206 0.5875889957 0
v -0.1088112034 0.550286144 0.02808973566
v 0.5589303374 -0.08338011801 0.03445368353
v 0.5490718782 -0.07177396119 0.04878329486
v -0.2892842889 0.4228291065 0.07441788539
v -0.2704155445 0.4299897254 0.0779559128
v 0.3660485148 0.1615938991 0.1574402899
v 0.3841754198 0.1627089828 0.1491608024
v 0.1827481613 0.4718797654 0.07985828817
v 0.1488200277 0.453731671 0.09525879845
v 0.1471685469 0.469583258 0.08554147184
v -0.3693534136 -0.03793629445 0.1724671498
v -0.3886583745 -0.03765353374 0.1651395857
v -0.3122541606 -0.4670684338 0.02980226465
v -0.3016143888 -0.4846941829 0.02046767529
v -0.2799197584 -0.4449054599 0.06065714359
v -0.2606078386 -0.4489351809 0.06316705793
v -0.2713156492 -0.4319865108 0.07234319299
v 0.5321860909 -0.2582785338 0.01575534232
v 0.5515529513 -0.2545195594 0
v 0.5413323045 -0.2384583578 0.01575534232
v 0.4927512407 -0.2701897919 0.0392902568
v 0.4763959497 -0.275251627 0.05018047057
v 0.4868740886 -0.2854920328 0.03424904309
v 0.47578381 -0.3032499999 0.03275293577
v 0.4582166225 -0.3038392514 0.04639665782
v -0.3476255983 0.3459374607 0.100435432
v -0.4323068857 0.1789536178 0.1204550751
v -0.4222311527 0.1998862252 0.1182632633
v -0.4931244552 0.1328508854 0.08836152777
v -0.4865101129 0.1139446534 0.0968323797
v -0.1326044835 -0.4342357218 0.07645468414
v -0.1191083752 -0.4192643613 0.0790018253
v -0.1388306245 -0.41486229 0.08349434659
v 0.3039594591 -0.04886472411 0.187595889
v 0.3080085963 -0.07136679068 0.18540214
v 0.3220187873 -0.05465962552 0.1838649809
v 0.3340023756 -0.04167367145 0.1825724542
v 0.1834844947 0.001986680552 0.1899407133
v 0.2444238365 -0.003870494664 0.195465818
v 0.3474196047 0.3599788845 0.09201742336
v 0.3411210179 0.3429662436 0.1040530652
v -0.1380060054 0.2239367142 0.1865896732
v -0.1188740656 0.2299631238 0.1862107217
v 0.4747208506 -0.2327228114 0.07494312152
v 0.4791800827 -0.2125679404 0.07677555084
v 0.5039349794 -0.2154771984 0.05494357459
v 0.5066506863 -0.233345136 0.04770983569
v 0.2018145919 -0.1863683015 0.1606552079
v -0.3357077539 0.09279270098 0.1809313074
v -0.3366428614 0.07268720679 0.1831518486
v 0.2401586175 0.2765360773 0.1630099788
v 0.2294421494 0.2165714055 0.1821885109
v -0.4463119954 -0.2001458481 0.1038549282
v 0.274167642 -0.4270840287 0.07547018677
v 0.2824379802 -0.4426374733 0.06131223589
v -0.2619488686 0.3552173674 0.1243170165
v -0.2608473226 0.3378577381 0.1321859024
v -0.24493552 0.3432177454 0.1344434023
v 0.3835422248 0.02950498648 0.1671956629
v 0.3793936074 0.009039468365 0.1689125597
v 0.2409521043 0.3100382239 0.1496290416
v 0.2493181825 0.2918596715 0.1555858999
v 0.3220680803 0.3424566537 0.1112538315
v 0.3367370218 0.3252207339 0.1156664379
v -0.05010614358 0.4176682085 0.1226234101
v -0.06868937798 0.4286630899 0.1163155697
v -0.07465577684 0.3732415587 0.1426430419
v -0.2026443854 -0.3338330388 0.1217357628
v -0.2075756118 -0.3150870651 0.1293639652
v -0.294017911 -0.3422732949 0.1133469939
v -0.2723840177 -0.3504547328 0.1137460545
v 0.2678193599 -0.1178852357 0.1826784909
v -0.2087416723 -0.01370448549 0.191224061
v 0.240666613 -0.3280511349 0.1268618591
v 0.2979591191 -0.394904092 0.08664997295
v 0.288654238 -0.3769438118 0.09692940488
v 0.3013088405 0.02076693578 0.192784749
v 0.2431433648 -0.04059950821 0.1921865493
v 0.2332217246 -0.05813791417 0.1890589297
v 0.2631721497 -0.04340136796 0.1915895194
v 0.2548833936 -0.02319799177 0.1938917041
v -0.3309155554 -0.4620304853 0.02512247488
v -0.3488235623 -0.4547076225 0.02247748664
v -0.3362696767 -0.472921744 0.01330610132
v 0.01930739242 0.3049723804 0.1680597886
v -0.29854092 -0.1896589622 0.1667087674
v -0.2845568508 -0.2046163976 0.1631863415
v -0.2485209107 -0.1900696456 0.1679213047
v 0.3319292814 -0.3836251944 0.07864431292
v 0.315222472 -0.3948192745 0.08026243746
v -0.2171019167 0.2240419835 0.1817361265
v -0.202499792 0.208489567 0.1860355586
v -0.2376836315 0.16833359 0.1914663315
v -0.514403671 0.02516445797 0.08479430154
v -0.3913738877 -0.2184447199 0.1306428909
v -0.4000907838 -0.2348552272 0.122750625
v -0.3840715438 -0.2343099043 0.1298836172
v -0.4017027318 -0.2635827214 0.1102077514
v 0.02109936399 0.1884754822 0.1888003871
v 0.01784294246 0.1720680967 0.1894866452
v 0.06735033728 0.2165830061 0.1870354563
v 0.2129346281 -0.3999438733 0.09784866124
v 0.2598666847 -0.2694317847 0.1476680785
v -0.4251379967 -0.3898472339 0.02011243766
v -0.2700125724 -0.115753267 0.1830251291
v 0.1561367661 0.3135817945 0.1639006287
v 0.1478400603 0.3332389146 0.1566676795
v -0.3657279462 0.1809554026 0.1520672515
v -0.3572755158 0.195967406 0.1515544206
v -0.3322046101 0.1470909193 0.1723242253
v -0.257419765 0.04205981269 0.1958519146
v -0.2738043964 0.02642432647 0.1958739161
v -0.1000146791 0.1990071088 0.1904327571
v 0.09400580823 0.1514127553 0.192186147
v -0.07208623178 -0.5530694723 0.02352612931
v -0.06390189566 -0.5303452611 0.03442492988
v -0.1905056834 0.3117067218 0.1591213271
v 0.5218802392 -0.139420107 0.05800325237
v 0.5215801895 -0.1888139173 0.04562492482
v 0.5349202454 -0.186516583 0.03412243631
v -0.2181052342 -0.2328840345 0.1535734609
v 0.2836523801 -0.292976439 0.1381322145
v 0.2644575238 -0.2885949016 0.1420878321
v 0.2489788905 0.225424014 0.1775547341
v 0.1483471245 0.1401978806 0.1950768828
v 0.5773669183 -0.1315355599 0.01013579313
v -0.4014022946 -0.4370815158 0.01041080337
v -0.3066569269 -0.5058621019 0.00797554478
v -0.3343160748 -0.2508101016 0.1430790946
v -0.1633621231 -0.2326495573 0.1401884183
v 0.1912509948 -0.5275130272 0.02905612998
v -0.1592928395 -0.4108041525 0.08847017959
v -0.1971658394 -0.4016396403 0.09754675999
v -0.2171057388 -0.3969355375 0.09894927219
v 0.2878315449 0.2884189785 0.1480318084
v 0.3460855037 0.2520285547 0.1402810737
v -0.1652849764 -0.5046037883 0.0459392108
v -0.3243975043 0.2334254757 0.1554542631
v -0.3399950266 0.2445126995 0.1451757625
v 0.4991635084 -0.06625098176 0.0981117785
v 0.4571490437 -0.06558064371 0.1311085112
v 0.4525734335 -0.08369015157 0.1296008453
v -0.3425934017 0.01134193921 0.1828428805
v -0.06196619943 -0.6070001125 0
v -0.4653660655 -0.2606155574 0.06864589453
v -0.4747659117 -0.2712635696 0.05396775156
v -0.4569236189 -0.2779982388 0.06413623691
v -0.07401147299 0.3375528455 0.1570614055
v -0.3069576323 -0.3582626283 0.1011686847
v -0.1684130803 0.5104262829 0.05175166391
v -0.1468863934 0.5117446482 0.0538549237
v -0.1531799212 0.5238219798 0.04294558801
v -0.1855916455 0.5425867438 0.02264556009
v -0.2028676793 0.5555787981 0.01213985682
v -0.4237309247 0.41428487 0.01289493125
v -0.4422002733 0.4164617807 0
v -0.4388430566 0.3982387781 0.01289493125
v 0.2841825634 0.5070434809 0.01482438482
v 0.2993743271 0.5122079551 0.007938615046
v 0.283644706 0.5241408646 0.006885769777
v -0.5635706484 -0.008094229503 0.04469933826
v -0.5692656338 -0.02266739029 0.03812686447
v -0.5158516914 0.2095347792 0.04914117977
v -0.5264044404 0.1930218339 0.04455350526
v -0.5098397285 0.1894177049 0.05980638228
v -0.4262064099 -0.0001869918779 0.1475022137
v -0.4950179905 -0.03285212582 0.1047006994
v -0.3862487227 0.1079319231 0.1618442908
v -0.3752531856 0.08754489571 0.1688698381
v -0.3094911873 0.1193462983 0.1838032603
v -0.3213106841 0.1332176626 0.1780481786
v -0.3284268826 0.1144061014 0.1792285889
v -0.2968472689 0.3446263969 0.11860089
v 0.5061464757 0.2721272707 0.02336047031
v 0.5026317984 0.0905633457 0.08667430282
v 0.5165017247 0.0977841951 0.07317814603
v 0.5293337703 0.05913903005 0.06678377464
v 0.5256353915 0.07655525953 0.06752794981
v 0.2615239769 0.4073471427 0.09521436691
v 0.2767493278 0.3908178061 0.09939265251
v -0.00851054379 0.593660593 0.00941045396
v -0.01843589061 0.6072439253 0
v -0.02805401012 0.5930672586 0.00941045396
v -0.4053772837 0.4109073877 0.02428986784
v -0.4087345004 0.4291303903 0.01139493659
v -0.3408800811 0.4294989258 0.04462466761
v 0.0635225866 0.6041296422 0
v 0.04978136532 0.588355273 0.01023835875
v -0.5607880652 0.09767279774 0.02791954856
v -0.5575945377 0.08085365966 0.03448785096
v -0.5997337699 0.0962590687 0
v -0.2419979572 0.4605082273 0.06865089387
v -0.238706708 0.4793914557 0.05640119687
v -0.2547825277 0.4669155478 0.05804416165
v -0.2301687151 0.4321126193 0.0922771357
v 0.4868045151 -0.242211163 0.05956533551
v 0.5140964687 -0.0585044343 0.08689872548
v 0.5171300471 -0.03886080347 0.08928910643
v 0.497688815 0.008408338297 0.1001694761
v 0.1109645553 0.4972361028 0.06964148208
v 0.1131722592 0.4818129838 0.08088971302
v 0.1638795733 0.4791909605 0.07657904178
v 0.4942955971 -0.2047317699 0.06652247161
v 0.4821397513 -0.1928267702 0.0793890357
v -0.5156120658 -0.208488211 0.04680786282
v -0.5269827843 -0.2198817581 0.03360300977
v 0.4500039518 0.02381396899 0.1322579719
v 0.4312934279 0.02064129291 0.1433367282
v 0.4459428191 0.004587864503 0.1357194073
v 0.4181595594 0.03716330975 0.150045082
v -0.5276629627 0.1541817784 0.05122705922
v -0.4852201194 0.1501177475 0.09344460443
v 0.3756861836 -0.2733440846 0.1190532818
v 0.3845694661 -0.2878981829 0.1061861739
v 0.4979889542 0.1472555995 0.08205086738
v 0.438255623 0.1641870812 0.1226850376
v 0.3132561296 0.007531040348 0.1895378828
v 0.3249030411 -0.01134359883 0.1858675778
v 0.3198891431 0.02270625671 0.1889232919
v 0.5930175781 -0.02425115835 0.01265694853
v 0.5934368968 -0.004273425788 0.01330912486
v 0.5917854607 -0.04478364438 0.01265694853
v 0.6063992679 -0.03638906684 0
v 0.05231826007 0.4716924876 0.09197895601
v 0.2499778569 0.475730136 0.05376474746
v 0.3964812309 -0.3346373737 0.0720224455
v 0.3920290768 -0.318256557 0.084181685
v 0.2824307233 -0.0457858704 0.1912138611
v 0.2644526213 -0.006672354415 0.1948687881
v -0.421108827 -0.2570706531 0.1011502109
v -0.4121945351 -0.2442083433 0.1129338108
v -0.4555874914 -0.2519728392 0.08083066344
v -0.4395622015 -0.2525232509 0.09134532511
v 0.09708981961 0.4401533902 0.1076615155
v 0.08510643244 0.4258632213 0.1169484183
v 0.09311674535 0.4091169238 0.1248982586
v 0.1104935557 0.4073503315 0.1249833293
v 0.4227294624 0.3456530124 0.05103598721
v -0.3399410844 -0.05657161586 0.1801300421
v -0.3492550701 -0.07630495355 0.1772479489
v -0.2409822568 -0.4230398089 0.08396147192
v -0.3132689148 0.1520311162 0.1768988967
v -0.256478928 -0.133228831 0.1805052385
v -0.2689682096 -0.1480548754 0.1783778891
v -0.502968356 -0.3108268976 0.0106500918
v -0.5118689835 -0.3271476626 0
v -0.4559681118 -0.3062082082 0.04666229337
v 0.1876374856 -0.312281251 0.1255581863
v 0.1706748381 -0.2968973368 0.1256816015
v 0.1840296611 -0.3542038947 0.1118456759
v -0.4432279021 0.1646675989 0.1195806712
v -0.4431439936 -0.07210517116 0.1371214837
v -0.3951424062 0.33712475 0.07789706811
v -0.3944810778 0.3564319015 0.06803659908
v -0.3975006044 0.3194129318 0.08411445096
v -0.3962555081 0.3008445501 0.09429588169
v 0.3516718894 -0.1005542651 0.1749235392
v 0.3572488278 -0.1180362925 0.1697787642
v -0.3680606186 -0.3149492741 0.09943478554
v -0.378826037 -0.3291061223 0.08672307804
v -0.0297982879 0.4250281602 0.1198982857
v 0.1920740902 -0.3947079927 0.09832794964
v 0.3337806016 0.07022724487 0.184473902
v -0.3139799386 0.3903416693 0.08503998071
v -0.2926692367 0.3943347484 0.09205999225
v -0.304068014 0.4079540521 0.07859795541
v -0.2505433783 0.4328088015 0.08315201104
v -0.009167897748 0.3308645487 0.1600501388
v -0.1331533939 0.2989371419 0.1696273014
v -0.1281245872 0.2825213075 0.1748077124
v -0.1132097058 0.2664322555 0.1787383929
v 0.1651535779 0.5498030782 0.0199347632
v 0.1494290829 0.5403821766 0.03004837502
v -0.3577279598 0.2327791601 0.1405943707
v 0.4751622528 -0.1097770371 0.1062305234
v -0.308832705 -0.2290080264 0.1543812901
v -0.2940814644 -0.2446554005 0.151698716
v -0.2884425968 -0.2249060646 0.1580361947
v 0.2204189003 -0.07526822202 0.1861238852
v -0.4595921934 -0.1855054721 0.09885882214
v 0.3861004263 0.4477917105 0.01077718846
v 0.3889842927 0.4665693641 0
v 0.1625293642 0.3828892559 0.1347586662
v 0.169596836 0.1897874027 0.1905586272
v 0.1360935755 0.2007704973 0.1902425513
v -0.4378793389 0.2779625207 0.07520128042
v -0.03391102515 0.4077019095 0.1283037663
v 0.1552475467 0.2051575631 0.1888421476
v -0.2825922221 0.3320564181 0.1294191293
v -0.2655788735 0.3200567961 0.1395455152
v -0.1381854266 0.3197158724 0.1624828205
v -0.1245045289 0.3366311938 0.1564487889
v -0.1435478851 0.3401078284 0.1547200978
v 0.4106901288 -0.06138478033 0.156558685
v 0.4384221137 -0.01459561707 0.1411823928
v 0.422138378 -0.01911309781 0.1505800337
v 0.2595409006 -0.5265959203 0.01246142574
v 0.2410406694 -0.5185983777 0.02104827669
v 0.06541831978 -0.5550670028 0.02310819691
v 0.08495299518 -0.5672688186 0.01610099664
v 0.08196123876 -0.5484310687 0.02491113171
v -0.225544773 -0.02581534279 0.1930683181
v -0.3878418952 -0.202243872 0.1362225041
v 0.01394732529 0.2870010734 0.1733253002
v 0.3499573916 0.1773709506 0.1591244489
v 0.5068946481 -0.1957360283 0.05755705945
v -0.1857385114 0.1922323778 0.1901712492
v 0.390515849 -0.1197080761 0.1560681164
v 0.4047643691 -0.1020090356 0.1536913663
v -0.3881219327 -0.34163028 0.07329492643
v -0.398307398 -0.3240035176 0.07763386518
v -0.1695389152 0.5354430079 0.03092686739
v 0.4311067164 -0.4280478656 0
v -0.4511869997 -0.3629048616 0.0166259571
v -0.4330603033 -0.3696413934 0.02638432244
v -0.44289276 -0.3535719067 0.02776456531
v 0.492139101 -0.2981881648 0.021862722
v -0.2979226112 0.5292916894 0
v -0.1813427359 0.03489974234 0.1934259012
v 0.2273498476 0.0724983681 0.1971403733
v 0.2148588002 0.05492178537 0.1971457601
v -0.1100203693 -0.4884360284 0.05212915875
v -0.1456285194 -0.4477865696 0.07297017053
v -0.1639846638 -0.4419463575 0.07702341676
v -0.1572864503 -0.4598992765 0.06904638186
v 0.1005195417 0.118188858 0.1919483021
v 0.3539532125 0.2705854625 0.1310213804
v 0.3355121464 0.2707736641 0.1392317638
v -0.1781699657 -0.405623123 0.09312898293
v -0.2246701494 -0.3790176809 0.1061734781
v -0.4612428546 -0.07231124304 0.1264603809
v -0.4681914747 -0.09164683148 0.1160387471
v -0.4533368349 -0.1083823144 0.1226337478
v -0.1507144719 -0.03107688064 0.1799691394
v 0.3875038922 -0.3029518872 0.09664871544
v 0.4220001251 -0.2839011103 0.08613168076
v -0.2120920271 0.2422718927 0.1768666208
v -0.3749442995 0.4778679311 0
v -0.35576199 0.4718372077 0.01049293857
v -0.1418196112 0.4507730454 0.0977168493
v -0.1220850423 0.4461235702 0.1022415087
v -0.5686663687 0.008711403236 0.03669615183
v -0.5260113776 -0.02656685468 0.08003968745
v -0.4835070372 0.255642511 0.05041925423
v -0.481902957 0.2767143846 0.04039989971
v 0.4040059596 0.384548068 0.04314239696
v 0.4147161394 0.3668547422 0.04608703405
v -0.2479148284 0.503205359 0.03491492849
v 0.04234318063 0.5580743551 0.03165309504
v 0.03669348452 0.572894156 0.02129926719
v 0.02167582978 0.5606294274 0.03247564472
v -0.3463043272 0.3937626481 0.06914317608
v -0.3332309574 0.3845710903 0.08170066774
v -0.3881934583 0.373457998 0.05958504416
v 0.2140439898 0.5015103519 0.04862988926
v 0.5214676857 0.1522756144 0.05814238451
v 0.5133895278 0.1371141709 0.06941207126
v 0.554982245 0.1186657026 0.02959015314
v 0.5483386517 0.139185071 0.0325665744
v 0.4922124445 0.08156672493 0.09612700343
v 0.4806762785 0.09112035483 0.1040457226
v 0.4817763418 0.07213274017 0.10542484
v -0.09133509547 0.5558415055 0.02645550296
v -0.07223341428 0.5543116331 0.03051403351
v -0.07331406139 0.5670126677 0.02047306858
v -0.03431424638 0.5591040254 0.03194488585
v -0.01627238793 0.5661045909 0.02908954024
v -0.03617052175 0.5724833608 0.02167625353
v 0.5538022816 -0.03068906907 0.05174930952
v -0.4085738957 -0.3063691109 0.08130131289
v -0.4419877231 0.03768251743 0.1360644102
v -0.4771952331 0.002913587261 0.1163612492
v -0.4836588353 0.02231209259 0.1094250008
v 0.5688924491 -0.2127952725 0
v 0.5519566536 -0.2182930857 0.0114865927
v -0.1519490778 0.3559564799 0.1475935429
v 0.3377077281 -0.329420954 0.1061242335
v 0.3566518575 -0.2781063765 0.1256246492
v 0.282651335 0.4948678315 0.0243992256
v -0.5339761972 0.1716213301 0.04113110527
v -0.5412466824 0.1528983489 0.03713945672
v -0.5038734376 -0.2000908554 0.05892837606
v -0.2889716625 0.01276679384 0.1938538179
v 0.09071363509 0.5006449819 0.06942278333
v 0.1586297303 0.510237664 0.05332011357
v -0.6049059033 -0.05594864115 0
v -0.5899006128 -0.06448308192 0.01100659464
v -0.02874214062 0.4779701084 0.09007945284
v 0.4645339251 0.2232209593 0.08198466152
v 0.4753242135 0.2047718242 0.08319814503
v 0.5156189501 0.1734459475 0.06015159562
v 0.415601179 -0.333433494 0.06007754989
v 0.4122254848 -0.3807813078 0.03358252812
v 0.4253996611 -0.364384383 0.03416992631
v -0.4423583448 0.3453714699 0.03534071706
v -0.5423535705 -0.05587797239 0.06046470068
v -0.5353985727 -0.07464837655 0.06179230101
v 0.5447780192 0.05215761624 0.05242557451
v 0.5565505028 0.04920827039 0.04123906232
v 0.548892051 0.06958882138 0.04526866786
v 0.4800922722 0.05506818928 0.1085467115
v -0.3647576123 -0.235381119 0.1379451305
v -0.1556476876 0.4386474192 0.1041580364
v -0.3493176103 -0.03463021806 0.1796943992
v -0.3890959918 0.2853043377 0.1045766547
v -0.2376991138 0.4473361373 0.07941898331
v -0.216518566 -0.1232714541 0.1770721525
v -0.01417657407 0.2133950442 0.1872906536
v 0.004487323647 0.2006627247 0.1874717548
v 0.4055366367 0.0539549198 0.1566711664
v -0.3831168562 -0.1832839176 0.1433143467
v 0.453744024 0.2410758808 0.08138571307
v 0.3723738045 0.1080243215 0.1675810069
v 0.3586516231 0.1255986653 0.1686700732
v -0.5309183896 -0.09290067852 0.06180481426
v -0.5199252367 -0.1486446112 0.0576046519
v 0.2136068642 -0.2010160685 0.1606197804
v 0.2315987572 -0.2111180574 0.1623200253
v -0.4364103526 0.1471903399 0.1279795989
v -0.4710242301 0.1127317175 0.1091388091
v 0.2159799114 0.4344141781 0.09568962827
v -0.4682100862 -0.362799257 0.009003099985
v -0.4737240225 -0.1910316199 0.08635170013
v -0.4882150292 -0.195780538 0.07360225171
v -0.4751131684 -0.2093922123 0.08063168824
v -0.2004548982 -0.1776078418 0.1621938273
v 0.3974853307 -0.1372128464 0.1481773257
v -0.416843757 -0.380514279 0.03125104588
v -0.4065125436 -0.4515088946 0
v 0.008566854696 0.591643244 0.01106090844
v 0.02911401447 0.5909103453 0.01106090844
v 0.02165473549 0.6071043611 0
v 0.1818275377 0.5629095137 0.01051208004
v -0.1428364962 0.5721468627 0.009841501713
v -0.1395656094 0.5912851095 0
v -0.5739478171 -0.1445929483 0.01060375106
v 0.554410249 0.2127498165 0.01368209533
v 0.5631801188 0.2277106121 0
v 0.5465170741 0.2322714031 0.01368209533
v -0.3121559769 -0.1720355973 0.168142274
v 0.05297523737 0.1346519515 0.190979369
v -0.0001244940067 0.1674263552 0.1897163391
v -0.4206830263 0.2380106822 0.1043720134
v -0.4213622957 0.2161372527 0.1124688424
v -0.4529102743 0.2296571732 0.08675896376
v -0.4374404252 0.2429884598 0.09207570553
v 0.3823136091 0.2507552356 0.1220123731
v 0.353552565 0.3778582662 0.07783782482
v 0.3000616729 0.3396601826 0.1203673519
v 0.3044456691 0.3574056923 0.1087539792
v -0.1115284041 0.09824640304 0.1919479817
v -0.1547298133 0.09127203003 0.1952158958
v -0.1009993963 0.2177207768 0.1879756078
v -0.2900860608 0.1242027469 0.1866682321
v 0.3101831079 -0.4564042985 0.03912850935
v 0.3283798844 -0.4513671249 0.03526803199
v -0.3567244709 0.2127076983 0.146984376
v 0.3593021929 0.1971381158 0.1502978951
v 0.4210168719 0.1645231768 0.1325342357
v 0.4031361192 0.1635198072 0.1406188533
v -0.1919427887 0.5133774877 0.04582466185
v -0.1856492609 0.5013001561 0.05673399754
v 0.4683192074 0.1918440983 0.09430000558
v -0.5127911866 -0.169523634 0.05924127065
v 0.4207368493 0.4381908476 0
v 0.4020872116 0.4338717163 0.01345951203
v -0.3845990002 0.01498658257 0.1668172777
v -0.4271857291 0.3619741797 0.0386484731
v -0.1412372366 0.4954349846 0.06754148751
v -0.3414174318 0.410860911 0.05846644938
v -0.001051264815 0.5774665773 0.0204713624
v 0.1284602731 0.5453000665 0.02909563761
v -0.5298785567 0.2677692473 0.01072552428
v -0.5470872521 0.2638869956 0
v -0.05154180899 0.5491926074 0.03708867356
v -0.03164367517 0.5428138375 0.04450196028
v -0.1776448116 0.3991529942 0.1244074143
v 0.4668801427 0.3139674217 0.03247439861
v 0.4560390711 0.3332972527 0.03081647679
v -0.5544330776 0.150500603 0.0239034472
v -0.5597573817 0.1880462989 0.01352175139
v -0.5399881601 0.1917384043 0.03046590276
v -0.5521856248 0.2094468027 0.01694415137
v -0.2200850025 0.5661399662 0
v -0.1907593384 0.5296473503 0.03256102093
v 0.5125974119 -0.2613237649 0.02743475698
v -0.4957927465 0.1874658614 0.07496297732
v -0.3015788198 0.3268254548 0.1259605028
v 0.3198912591 0.4119826257 0.06815018505
v 0.2895872891 0.3733955473 0.1048714258
v -0.4472298771 -0.2949525565 0.06049935147
v 0.1720064431 -0.5314953327 0.0289783366
v 0.3500187844 0.4387848228 0.03295572475
v 0.3342018574 0.450833261 0.03186058346
v -0.3273588717 -0.2316620573 0.1497832015
v -0.3472033739 -0.2337147966 0.1448184848
v -0.2610055655 -0.4183315486 0.08291267976
v -0.2803174853 -0.4143018275 0.08040276542
v 0.3251518458 -0.1736349612 0.1652853116
v 0.4942252338 0.0444000354 0.09884126484
v 0.464451775 0.09853391722 0.1159933247
v -0.01889520267 -0.6154303551 0
v 0.4561346322 -0.2857703418 0.05981729738
v 0.4067749679 -0.3021200746 0.08530099317
v 0.5544801354 0.0854598321 0.03667275608
v 0.0216012923 0.4078645706 0.1286550611
v 0.5276986957 0.2354569137 0.02571077459
v 0.5601896048 0.1915508956 0.01215010043
v 0.1503481716 0.4374418408 0.1053659879
v 0.4434432834 -0.3636767864 0.02090319246
v -0.5933301449 0.05172582623 0.009304600768
v -0.5024842918 -0.1817302629 0.06464838795
v -0.4387560189 0.1107898802 0.1329476237
v -0.4553171694 0.1117542237 0.121700041
v -0.07383079641 0.3537786901 0.1507206187
v -0.4296156317 0.1287926584 0.1365147978
v 0.4259413034 0.1809785664 0.1232597604
v 0.04118752666 0.4869438559 0.08369988576
v 0.5411002338 -0.1653082743 0.03312023729
v 0.5316194594 -0.1516964808 0.04546825774
v -0.09486167878 0.2734367102 0.1769147217
v 0.2011577487 0.5562995374 0.01051208004
v 0.1965596601 0.5748167634 0
v -0.6073223948 -0.01750091418 0
v 0.5946846604 -0.1236823834 0
v 0.5932582319 0.01674632635 0.01330912486
v 0.6074527204 0.005163171329 0
v -0.4327940941 0.378329277 0.02531256434
v 0.3181011975 0.5174626708 0
v -0.2592756972 0.5494051576 0
v 0.2904928476 -0.4575394094 0.04719066247
v -0.2708379924 0.1283198781 0.1901506931
v -0.02065562084 0.1592077166 0.1904145032
v -0.2022232711 0.3709874302 0.1326879859
v 0.4836165011 0.3086912185 0.02183601633
v -0.437651813 0.2090570182 0.1056363061
v 0.09423217922 -0.4755747169 0.05683065765
v 0.3714766055 0.2694100887 0.1211385988
v -0.3587250262 -0.3012824506 0.1117144749
v 0.4558484554 -0.1874074563 0.100644432
v 0.4717301726 -0.1808313355 0.09101282805
v 0.09221362323 0.1350531131 0.1918130517
v 0.08168949559 0.1184675694 0.1911323145
v 0.5021192729 -0.2510833591 0.04336618446
v -0.2834671289 0.2644661218 0.1584677771
v 0.3489781618 0.01701055607 0.1799264401
v 0.3516583294 0.0376234781 0.1801401675
v 0.3345165998 0.03008328332 0.1858901531
v -0.5511810184 -0.1183336116 0.03465129528
v -0.5916044414 -0.1379868984 0
v -0.1602442339 0.3969147205 0.1278249435
v 0.3377996683 -0.02433737554 0.1816773191
v -0.2303351238 0.4950250685 0.04830073006
v -0.2216232941 0.4598120451 0.07777601853
v 0.33610937 0.4153052121 0.05781916715
v 0.3488399982 0.4244510978 0.0445236247
v -0.4838747531 0.2382563204 0.05945691653
v -0.4524790794 0.2124362662 0.09561570361
v -0.4989994466 0.2242184952 0.0548159238
v -0.5155641586 0.2278226241 0.03956304677
v -0.5020780116 0.3418662846 0
v -0.5737980306 0.1455369666 0.01038169581
v -0.5912032425 0.1396029294 0
v -0.5950995982 0.0318362182 0.009304600768
v -0.6073639691 0.01717002362 0
v 0.2841191739 0.3363354504 0.1266759783
v -0.5106979907 -0.03059677873 0.09267750382
v -0.204938814 -0.03387049772 0.189454332
v 0.521443814 0.2221136317 0.03789744154
v -0.02674523625 0.5265810788 0.0573110003
v 0.0008050105534 0.5640872419 0.03073999472
v -0.1712038592 -0.4246526212 0.08560600877
v 0.1554753706 -0.2822345048 0.12556196
v -0.06591272168 0.5841728151 0.01226579957
v -0.04609586857 0.5860666931 0.01226579957
v -0.05779621005 0.6047567129 0
v -0.4880390316 -0.3617108613 0
v -0.5512940884 -0.2551060244 0
v -0.3280649334 -0.4927979857 0.00797554478
v 0.2489074543 0.5233230889 0.01986426674
v 0.2621927857 0.535153687 0.006885769777
v 0.2426472977 0.5395003855 0.01297849696
v -0.410041213 0.448106721 0
v -0.390439719 0.4117346704 0.03351383843
v 0.03175520711 0.4721953273 0.09330558777
v 0.05080720596 -0.5716313124 0.01663565682
v 0.5907198489 0.1417074427 0
v -0.1931742579 -0.3000342399 0.1304360367
v -0.3105949908 0.4188360274 0.06739787385
v -0.1037873365 -0.5759958029 0.00958818011
v -0.0995753333 -0.5969872773 0
v -0.1001289859 0.08356101066 0.1901424006
v 0.3861177564 0.05175453983 0.1660671011
v -0.203554146 0.4607126415 0.08325076848
v -0.3248413652 0.4225989878 0.0577361621
v 0.5611707866 0.09801646322 0.02748686727
v -0.56692487 0.1653742641 0.01352175139
v -0.1213041022 0.04585979693 0.1877912581
v -0.605120331 0.05383329839 0
v -0.2537902743 -0.5076218992 0.02373368666
v -0.3163601905 -0.5184154809 0
v -0.5645057261 0.2244866714 0
v 0.4462412596 0.3497606963 0.02984794229
v 0.4314745814 0.3610651195 0.03567554988
v 0.04781544954 -0.5527935624 0.02544579189
v 0.368695423 0.0468003042 0.1730478927
v 0.354233861 0.05987303145 0.1790116057
v -0.5791223347 0.1830826625 0
v -0.1000550017 -0.5079031587 0.04411996715
v 0.4748822898 0.3787379265 0
v 0.4568857849 0.3780409843 0.00953569077
v 0.4382279366 0.3709624261 0.02489898913
v -0.1587790996 -0.5664063692 0.008864140138
v -0.1760262325 -0.5766334236 0
v 0.2226259187 0.5479382873 0.01297849696
v 0.3447330594 -0.00352341542 0.181486167
v 0.361874789 0.004016779363 0.1757361814
v 0.5784599483 0.185105525 0
v 0.5673551857 0.07919610664 0.02489626687
v 0.5884453952 0.08475216478 0.007855189033
v 0.5992190242 0.09957222641 0
v -0.08446798474 -0.4946488589 0.04898315296
v 0.2669217139 0.506800741 0.02334638033
v 0.2761068791 -0.5253710747 0.006154628005
v 0.5760477185 0.06991999224 0.01807586197
v 0.5693570673 0.05736336112 0.02726175077
v -0.1092016101 -0.5613747537 0.01650951384
v 0.2359112501 0.5597688854 0
v 0.2799403518 -0.5392186642 0
v 0.070793733 0.124608811 0.1910742819
v 0.07909965143 0.1077445559 0.1912095323
v -0.2637821361 -0.5465239584 0
v 0.2066192552 -0.5684885085 0
v -0.02365240268 0.138996616 0.1909141913
v 0.2773845494 0.5403181612 0
v 0.0503853932 0.1239289381 0.1910565868
v -0.1533990875 -0.5538395196 0.01675687707
v -0.1431303993 -0.5496411026 0.02032144065
v -0.1517527848 -0.5465259105 0.02129284386
v -0.1361543164 -0.5600699037 0.01481407066
v -0.1258856282 -0.5558714867 0.01837863424
v -0.1345080137 -0.5527562946 0.01935003744
v -0.1328617111 -0.5454426855 0.02388600423
v -0.1225930229 -0.5412442684 0.02745056781
v -0.1312154084 -0.5381290764 0.02842197102
v -0.02876561414 -0.5875106901 0.01134657045
v -0.02263416909 -0.5944617838 0.008630417055
v -0.01839433517 -0.5861477256 0.0124126072
v -0.03724528197 -0.6041388065 0.00378219015
v -0.03111383691 -0.6110899001 0.001066036755
v -0.026874003 -0.602775842 0.004848226905
v -0.01650272403 -0.6014128774 0.00591426366
v -0.01037127897 -0.6083639711 0.003198110266
v -0.006131445058 -0.6000499129 0.006980300415
v -0.08876528777 -0.5700601488 0.01438227016
v -0.08108482696 -0.5753551275 0.01253571175
v -0.08319082856 -0.5648593903 0.01732980181
v -0.08455328457 -0.5910516232 0.004794090055
v -0.07687282376 -0.5963466018 0.002947531641
v -0.07897882536 -0.5858508646 0.007741621695
v -0.07340436615 -0.5806501061 0.01068915334
v -0.06572390534 -0.5859450847 0.008842594922
v -0.06782990694 -0.5754493475 0.01363668498
v 0.0009236776386 -0.6098527163 0.003198110266
v 0.01305469155 -0.6107471883 0.00213207351
v 0.01213101391 -0.6078954786 0.003198110266
v 0.002771032916 -0.6155561358 0.001066036755
v 0.01490204682 -0.6164506078 0
v 0.01397836918 -0.6135988981 0.001066036755
v 0.02518570545 -0.6116416603 0.001066036755
v 0.03731671936 -0.6125361323 0
v 0.03639304172 -0.6096844226 0.001066036755
v -0.4185184985 -0.4034300297 0.01873437082
v -0.4214150086 -0.4129771665 0.01248958055
v -0.4118179604 -0.4102672562 0.01873437082
v -0.4377125949 -0.4088498503 0.006244790275
v -0.4406091049 -0.418396987 0
v -0.4310120568 -0.4156870767 0.006244790275
v -0.4243115187 -0.4225243032 0.006244790275
v -0.4272080287 -0.4320714399 0
v -0.4176109806 -0.4293615296 0.006244790275
v -0.3790112883 -0.4074078947 0.04099808866
v -0.3823252544 -0.4138121977 0.03461905755
v -0.3723552004 -0.4160414562 0.03995870007
v -0.3989513963 -0.4029493779 0.03031880362
v -0.4022653624 -0.4093536809 0.02393977251
v -0.3922953084 -0.4115829393 0.02927941503
v -0.3856392205 -0.4202165008 0.02824002644
v -0.3889531866 -0.4266208038 0.02186099533
v -0.3789831325 -0.4288500622 0.02720063785
v -0.4171056598 -0.3333382979 0.05912090838
v -0.4213963524 -0.3392834887 0.05245021265
v -0.4118939862 -0.3424728662 0.05753501784
v -0.4361103922 -0.3269595429 0.048951298
v -0.4404010847 -0.3329047337 0.04228060227
v -0.4308987185 -0.3360941112 0.04736540746
v -0.4256870449 -0.3452286795 0.04577951692
v -0.4299777374 -0.3511738703 0.03910882119
v -0.4204753712 -0.3543632478 0.04419362638
v -0.4873264059 -0.3201774359 0.01597513771
v -0.481862247 -0.3288820162 0.0151516418
v -0.4774119332 -0.3207216337 0.0204766877
v -0.4962270334 -0.3364982009 0.005325045902
v -0.4907628745 -0.3452027813 0.004501549993
v -0.4863125607 -0.3370423988 0.009826595895
v -0.476398088 -0.3375865966 0.01432814589
v -0.4709339291 -0.346291177 0.01350464998
v -0.4664836153 -0.3381307945 0.01882969588
v -0.5494045764 -0.2059167773 0.01767360466
v -0.5542664677 -0.2126036994 0.0117824031
v -0.5457460284 -0.2155145966 0.01767360466
v -0.566445455 -0.200094983 0.005891201552
v -0.5713073462 -0.2067819051 0
v -0.562786907 -0.2096928023 0.005891201552
v -0.559128359 -0.2192906216 0.005891201552
v -0.5639902502 -0.2259775437 0
v -0.555469811 -0.2288884409 0.005891201552
v -0.5598168224 -0.1673950367 0.01721017761
v -0.5658600181 -0.1740767434 0.01147345174
v -0.556836307 -0.1771389656 0.01721017761
v -0.5778642446 -0.1612705924 0.005736725871
v -0.5839074403 -0.1679522991 0
v -0.5748837292 -0.1710145213 0.005736725871
v -0.5719032139 -0.1807584502 0.005736725871
v -0.5779464096 -0.1874401569 0
v -0.5689226985 -0.1905023791 0.005736725871
v -0.5525111109 -0.06076277047 0.04773556534
v -0.5591314435 -0.05658326391 0.04122134717
v -0.556935057 -0.06500558648 0.04155584378
v -0.5569038838 -0.04391812533 0.04706657212
v -0.5635242164 -0.03973861877 0.04055235395
v -0.56132783 -0.04816094134 0.04088685056
v -0.5657517761 -0.05240375735 0.034707129
v -0.5723721087 -0.04822425079 0.02819291083
v -0.5701757222 -0.05664657336 0.02852740744
v -0.580400601 5.295313895e-05 0.02679354046
v -0.5875023901 0.002611786818 0.0194131271
v -0.5865327865 -0.007280144149 0.02214124007
v -0.5823398083 0.01983681507 0.02133731451
v -0.5894415975 0.02239564875 0.01395690115
v -0.5884719938 0.01250371779 0.01668501412
v -0.5946041793 0.005170620498 0.01203271374
v -0.6017059684 0.007729454177 0.004652300384
v -0.6007363647 -0.002162476791 0.007380413357
v -0.5206252038 -0.001270778943 0.0834636949
v -0.5281451941 -0.0002174348338 0.0766279418
v -0.5251503289 -0.009509513504 0.0803842824
v -0.5266149342 0.0173133784 0.07595101371
v -0.5341349244 0.01836672251 0.06911526062
v -0.5311400592 0.009074643836 0.07287160121
v -0.5356651843 0.0008359092753 0.0697921887
v -0.5431851745 0.001889253384 0.06295643561
v -0.5401903093 -0.007402825286 0.0667127762
v -0.5161101744 0.09798492491 0.07273431867
v -0.512340121 0.1069946941 0.07502326928
v -0.5194173455 0.1074380409 0.06849889271
v -0.5019557253 0.09709823132 0.08578307182
v -0.4981856719 0.1061080005 0.08807202242
v -0.5052628964 0.1065513473 0.08154764585
v -0.5085700676 0.1160044633 0.07731221989
v -0.5048000142 0.1250142325 0.0796011705
v -0.5118772388 0.1254575793 0.07307679392
v -0.4979098737 0.2530422769 0.04022811353
v -0.503891699 0.2551614791 0.03428142797
v -0.5046937391 0.2446255423 0.03929110523
v -0.4963057935 0.2741141506 0.03020875901
v -0.5022876188 0.2762333527 0.02426207345
v -0.5030896589 0.2656974159 0.02927175071
v -0.5098735243 0.2572806813 0.02833474241
v -0.5158553496 0.2593998834 0.02238805685
v -0.5166573897 0.2488639466 0.02739773411
v -0.4308654964 0.3026264682 0.0676154308
v -0.4313258529 0.3113489896 0.06255371403
v -0.43812114 0.303978689 0.06103131827
v -0.4172749221 0.3173670694 0.07066022232
v -0.4177352786 0.3260895908 0.06559850555
v -0.4245305657 0.3187192902 0.06407610979
v -0.4317862093 0.320071511 0.05749199726
v -0.4322465658 0.3287940323 0.05243028048
v -0.439041853 0.3214237317 0.05090788472
v -0.3635674641 0.4451713189 0.02143687615
v -0.3642740846 0.4367005005 0.02752914559
v -0.3553362861 0.4431733042 0.02707814658
v -0.3814430609 0.4322257116 0.02233887417
v -0.3821496814 0.4237548932 0.02843114361
v -0.373211883 0.4302276969 0.0279801446
v -0.3649807051 0.4282296821 0.03362141503
v -0.3656873256 0.4197588637 0.03971368447
v -0.3567495272 0.4262316674 0.03926268546
v -0.3476198837 0.3697769865 0.08554464579
v -0.3573003784 0.3658597171 0.08349167742
v -0.3507636935 0.3612639382 0.08977042325
v -0.3606932536 0.3789685443 0.07298715413
v -0.3703737482 0.3750512749 0.07093418576
v -0.3638370633 0.370455496 0.07721293159
v -0.366980873 0.3619424477 0.08143870905
v -0.3766613677 0.3580251783 0.07938574068
v -0.3701246828 0.3534293994 0.08566448651
v -0.2363102436 0.3875628114 0.1147386488
v -0.2410816476 0.3806068972 0.1170373205
v -0.2317228541 0.3814451173 0.119678501
v -0.2550278306 0.3858863711 0.1094562877
v -0.2597992346 0.3789304569 0.1117549594
v -0.2504404411 0.3797686771 0.11439614
v -0.2458530515 0.373650983 0.1193359923
v -0.2506244555 0.3666950688 0.121634664
v -0.241265662 0.3675332889 0.1242758445
v -0.2789168209 0.4702444449 0.04417211376
v -0.2772539034 0.4788873717 0.03868292179
v -0.2863957509 0.4737025946 0.03814213816
v -0.2606331259 0.4806139991 0.04525368102
v -0.2589702085 0.4892569259 0.03976448905
v -0.268112056 0.4840721488 0.03922370542
v -0.275590986 0.4875302985 0.03319372982
v -0.2739280686 0.4961732253 0.02770453785
v -0.2830699161 0.4909884483 0.02716375422
v -0.1186299045 0.5602094978 0.01886588708
v -0.116994461 0.5697786212 0.01394513622
v -0.125732515 0.5670009404 0.01476225257
v -0.1011537965 0.5657648593 0.01723165438
v -0.09951835312 0.5753339827 0.01231090352
v -0.1082564071 0.572556302 0.01312801987
v -0.1153590176 0.5793477446 0.009024385363
v -0.1137235742 0.588916868 0.004103634506
v -0.1224616282 0.5861391872 0.004920750856
v -0.1305819154 0.5332132131 0.0387073867
v -0.1387614124 0.5390237272 0.03269802639
v -0.1398327313 0.5309508592 0.03903948748
v -0.1284392774 0.5493589491 0.02602446452
v -0.1366187744 0.5551694632 0.02001510421
v -0.1376900934 0.5470965952 0.0263565653
v -0.1469409093 0.5448342413 0.02668866608
v -0.1551204063 0.5506447554 0.02067930577
v -0.1561917253 0.5425718874 0.02702076687
v 0.01689011627 0.5475385338 0.04196164757
v 0.008903926122 0.5411510617 0.04749834258
v 0.01933933573 0.5394221544 0.04836616758
v -0.003980702953 0.5509963483 0.04022599757
v -0.0119668931 0.5446088761 0.04576269258
v -0.001531483489 0.5428799689 0.04663051758
v 0.0009177359752 0.5347635895 0.05303503759
v -0.007068454172 0.5283761173 0.0585717326
v 0.00336695544 0.5266472101 0.0594395576
v 0.1522333845 -0.5579312891 0.01409813622
v 0.1637605056 -0.5560523123 0.0141459275
v 0.1542961597 -0.5502265096 0.01884530624
v 0.1711620763 -0.5695828944 0.00469937874
v 0.1826891974 -0.5677039176 0.004747170024
v 0.1732248515 -0.5618781149 0.009446548764
v 0.1752876267 -0.5541733354 0.01419371879
v 0.1868147478 -0.5522943586 0.01424151007
v 0.1773504019 -0.5464685559 0.01894088881
v 0.3866791651 -0.4453908429 0.01245754352
v 0.3942956701 -0.4465339109 0.008305029012
v 0.3943539113 -0.4386213124 0.01245754352
v 0.3865626827 -0.46121604 0.004152514506
v 0.3941791877 -0.462359108 0
v 0.3942374289 -0.4544465095 0.004152514506
v 0.4019121751 -0.447676979 0.004152514506
v 0.4095286801 -0.4488200471 0
v 0.4095869213 -0.4409074485 0.004152514506
v 0.3559825718 -0.4625214636 0.0148335183
v 0.363637723 -0.466669485 0.009889012203
v 0.3635389879 -0.4566845745 0.0148335183
v 0.356180042 -0.4824912846 0.004944506101
v 0.3638351932 -0.4866393059 0
v 0.3637364581 -0.4766543955 0.004944506101
v 0.3712928742 -0.4708175063 0.004944506101
v 0.3789480254 -0.4749655277 0
v 0.3788492903 -0.4649806172 0.004944506101
v 0.32130678 -0.4812585711 0.01742839767
v 0.3305173069 -0.4866612479 0.01161893178
v 0.3286471963 -0.4762681648 0.01742839767
v 0.3250470012 -0.5020447373 0.005809465889
v 0.3342575282 -0.5074474141 0
v 0.3323874176 -0.497054331 0.005809465889
v 0.3397278339 -0.4920639247 0.005809465889
v 0.3489383608 -0.4974666014 0
v 0.3470682502 -0.4870735183 0.005809465889
v 0.5326123983 -0.2758623511 0.00583970733
v 0.5272353441 -0.2855925262 0.00583970733
v 0.5370296836 -0.2840699106 0
v 0.5130237192 -0.2789075822 0.01751912199
v 0.507646665 -0.2886377573 0.01751912199
v 0.5174410045 -0.2871151417 0.01167941466
v 0.5218582898 -0.2953227013 0.00583970733
v 0.5164812356 -0.3050528765 0.00583970733
v 0.5262755752 -0.3035302609 0
v 0.4722652286 -0.3162407577 0.02718847571
v 0.4660003856 -0.3242609873 0.02729373937
v 0.4747839794 -0.3239663616 0.02047187835
v 0.4546980411 -0.3168300092 0.04083219776
v 0.448433198 -0.3248502389 0.04093746142
v 0.4572167918 -0.3245556131 0.0341156004
v 0.4597355425 -0.332281217 0.02739900304
v 0.4534706995 -0.3403014466 0.02750426671
v 0.4622542933 -0.3400068209 0.02068240568
v 0.4168617427 -0.4109150991 0.0156896892
v 0.4227162749 -0.4032787979 0.01571447169
v 0.4133335203 -0.402235426 0.02094436809
v 0.4356272519 -0.4130018428 0.0052298964
v 0.441481784 -0.4053655416 0.005254678894
v 0.4320990294 -0.4043221697 0.01048457529
v 0.428570807 -0.3956424966 0.01573925419
v 0.4344253391 -0.3880061954 0.01576403668
v 0.4250425845 -0.3869628236 0.02099393308
v 0.560946703 -0.0156580084 0.04629480513
v 0.566975385 -0.01133171795 0.03962725727
v 0.5611563623 -0.00566914212 0.04662089329
v 0.5725847483 -0.02698316006 0.03230753308
v 0.5786134303 -0.02265686961 0.02563998522
v 0.5727944076 -0.01699429378 0.03263362125
v 0.5730040669 -0.007005427498 0.03295970941
v 0.5790327489 -0.002679137047 0.02629216155
v 0.5732137263 0.002983438782 0.03328579757
v 0.5523966253 0.1644473784 0.0232043881
v 0.5615317971 0.1612246931 0.01712933788
v 0.5584410876 0.1716900803 0.01822515065
v 0.5585780442 0.1435166039 0.02101276256
v 0.5677132159 0.1402939186 0.01493771235
v 0.5646225065 0.1507593058 0.01603352511
v 0.5706669688 0.1580020078 0.01105428766
v 0.5798021406 0.1547793224 0.004979237448
v 0.5767114311 0.1652447097 0.006075050216
v 0.4980473444 0.1041647643 0.08799980767
v 0.4972820207 0.1128459033 0.08757112734
v 0.4903470576 0.1092354786 0.09431920573
v 0.5119172707 0.1113856137 0.07450365089
v 0.5111519471 0.1200667527 0.07407497056
v 0.5042169839 0.116456328 0.08082304895
v 0.4965166971 0.1215270422 0.08714244701
v 0.4957513735 0.1302081812 0.08671376668
v 0.4888164103 0.1265977565 0.09346184507
v 0.5719220489 -0.03732997831 0.03153796727
v 0.5703695565 -0.04781729914 0.03059723182
v 0.5768512785 -0.04313305672 0.02437316161
v 0.5589586049 -0.04669846315 0.04398610769
v 0.5574061126 -0.05718578398 0.04304537224
v 0.5638878345 -0.05250154156 0.03682130203
v 0.5688170642 -0.05830461998 0.02965649636
v 0.5672645718 -0.06879194081 0.02871576091
v 0.5737462938 -0.06410769839 0.0224916907
v 0.4327901825 0.3858061284 0.02304494753
v 0.4358772859 0.3961690217 0.01536329836
v 0.4265483618 0.3926297426 0.02304494753
v 0.4514480308 0.3928846866 0.007681649178
v 0.4545351341 0.4032475799 0
v 0.44520621 0.3997083008 0.007681649178
v 0.4389643893 0.4065319151 0.007681649178
v 0.4420514926 0.4168948084 0
v 0.4327225685 0.4133555293 0.007681649178
v 0.4181747064 0.3143034205 0.07157932036
v 0.415123634 0.306879662 0.07779093459
v 0.4236696064 0.3046144843 0.0721162539
v 0.4010827616 0.3188337758 0.08292868175
v 0.3980316892 0.3114100173 0.08914029598
v 0.4065776616 0.3091448396 0.08346561529
v 0.4120725617 0.2994559035 0.08400254883
v 0.4090214893 0.292032145 0.09021416306
v 0.4175674617 0.2897669673 0.08453948237
v 0.5041133687 0.1694323234 0.07152045146
v 0.4967974126 0.1731684804 0.07752326317
v 0.5006108657 0.1629684605 0.07707138173
v 0.4964864627 0.1898323633 0.07242421433
v 0.4891705066 0.1935685202 0.07842702605
v 0.4929839596 0.1833685003 0.07797514461
v 0.4894814566 0.1769046374 0.08352607489
v 0.4821655005 0.1806407943 0.0895288866
v 0.4859789535 0.1704407744 0.08907700516
v 0.2258401401 0.4618422166 0.07476705313
v 0.2174399532 0.459850654 0.07918446325
v 0.2260466665 0.4536972418 0.08012436889
v 0.2086267136 0.4741490409 0.07288724184
v 0.2002265267 0.4721574783 0.07730465196
v 0.20883324 0.4660040662 0.0782445576
v 0.2090397663 0.4578590915 0.08360187337
v 0.2006395794 0.4558675289 0.08801928349
v 0.2092462927 0.4497141168 0.08895918913
v 0.2424062937 0.4480767399 0.07765991427
v 0.2506044656 0.4492951483 0.07288872451
v 0.2426450253 0.4569072127 0.07093576901
v 0.2583251745 0.4328526109 0.08156582527
v 0.2665233463 0.4340710193 0.0767946355
v 0.258563906 0.4416830838 0.07484168001
v 0.2588026375 0.4505135566 0.06811753474
v 0.2670008093 0.4517319649 0.06334634498
v 0.259041369 0.4593440294 0.06139338948
v 0.4006159306 0.360289298 0.05997515284
v 0.3912199587 0.3623675406 0.06571188197
v 0.3965750486 0.3535208777 0.06718420051
v 0.3899057508 0.3779826239 0.05703051575
v 0.3805097789 0.3800608665 0.06276724488
v 0.3858648688 0.3712142035 0.06423956342
v 0.3818239868 0.3644457832 0.0714486111
v 0.3724280149 0.3665240258 0.07718534023
v 0.3777831048 0.3576773629 0.07865765877
v 0.07797266729 0.5940006375 0.005119179375
v 0.08143830858 0.584623903 0.009794574697
v 0.08830891922 0.5925110877 0.004675395321
v 0.06423144601 0.5782262683 0.01535753813
v 0.0676970873 0.5688495338 0.02003293345
v 0.07456769794 0.5767367184 0.01491375407
v 0.08490394987 0.5752471685 0.01446997002
v 0.08836959116 0.565870434 0.01914536534
v 0.0952402018 0.5737576187 0.01402618596
v 0.1528234594 0.4978325516 0.06424594298
v 0.1444679461 0.4930287004 0.06872715801
v 0.1539273113 0.4901209921 0.06987005845
v 0.133904729 0.5036479682 0.06196014211
v 0.1255492158 0.4988441169 0.06644135714
v 0.135008581 0.4959364086 0.06758425757
v 0.1361124329 0.4882248491 0.07320837304
v 0.1277569197 0.4834209979 0.07768958807
v 0.1372162849 0.4805132896 0.07883248851
v -0.05501324218 -0.5551169813 0.02385445544
v -0.04781939369 -0.563272506 0.02066767099
v -0.0461073257 -0.5547300577 0.02468911395
v -0.05843737815 -0.5722018778 0.01581156952
v -0.05124352966 -0.5803574026 0.01262478507
v -0.04953146167 -0.5718149543 0.01664622803
v -0.0406255452 -0.5714280307 0.01748088654
v -0.03343169671 -0.5795835555 0.01429410209
v -0.03171962872 -0.5710411072 0.01831554505
v -0.1908218265 -0.542662859 0.01852118177
v -0.1816477552 -0.5377530456 0.02314855997
v -0.191247873 -0.5350658894 0.02341286046
v -0.1716215909 -0.5480371714 0.01799258078
v -0.1624475196 -0.543127358 0.02261995897
v -0.1720476374 -0.5404402018 0.02288425947
v -0.172473684 -0.5328432322 0.02777593816
v -0.1632996127 -0.5279334188 0.03240331635
v -0.1728997305 -0.5252462626 0.03266761685
v 0.2170783021 -0.5349746197 0.01762744645
v 0.2186116837 -0.5424242914 0.01333402097
v 0.2280119434 -0.5392193049 0.01288027642
v 0.1982777826 -0.5413845927 0.01853493555
v 0.1998111643 -0.5488342643 0.01424151007
v 0.209211424 -0.5456292778 0.01378776552
v 0.2201450653 -0.549873963 0.009040595498
v 0.221678447 -0.5573236346 0.004747170024
v 0.2310787067 -0.5541186482 0.004293425474
v -0.1289381161 -0.4927026182 0.05169776361
v -0.1392473429 -0.4894978181 0.05352712702
v -0.135916613 -0.4984855279 0.04909533635
v -0.1355995759 -0.4747271985 0.06056134496
v -0.1459088027 -0.4715223983 0.06239070836
v -0.1425780728 -0.4805101082 0.05795891769
v -0.1495565698 -0.4862930179 0.05535649043
v -0.1598657966 -0.4830882177 0.05718585383
v -0.1565350667 -0.4920759276 0.05275406316
v -0.2259565741 -0.4184595793 0.08900651149
v -0.2159866244 -0.4208116308 0.0883052554
v -0.2199908346 -0.4124154374 0.0923685804
v -0.2179481536 -0.4352519661 0.08087986149
v -0.2079782039 -0.4376040176 0.08017860539
v -0.2119824141 -0.4292078242 0.0842419304
v -0.2060166746 -0.4231636822 0.0876039993
v -0.1960467249 -0.4255157337 0.08690274321
v -0.2000509351 -0.4171195403 0.09096606821
v -0.1530309245 -0.5237350017 0.03596787993
v -0.1435013562 -0.5190734714 0.0384606244
v -0.154196091 -0.5156749189 0.03978773952
v -0.131641455 -0.5305321068 0.03331364971
v -0.1221118867 -0.5258705765 0.03580639418
v -0.1328066215 -0.522472024 0.03713350929
v -0.133971788 -0.5144119412 0.04095336888
v -0.1244422197 -0.5097504109 0.04344611336
v -0.1351369545 -0.5063518584 0.04477322847
v -0.2433912568 -0.4884586707 0.0409063939
v -0.2488783039 -0.4802649692 0.04491113499
v -0.2527508065 -0.4864352345 0.03946678527
v -0.2356462516 -0.4761181399 0.05179509334
v -0.2411332987 -0.4679244384 0.05579983443
v -0.2450058013 -0.4740947038 0.05035548471
v -0.2543653511 -0.4720712677 0.04891587608
v -0.2598523982 -0.4638775662 0.05292061716
v -0.2637249008 -0.4700478315 0.04747626744
v -0.2035690062 -0.4962086156 0.04614586756
v -0.2102250606 -0.4877734408 0.05015422218
v -0.2118055858 -0.495253399 0.04521437921
v -0.2004079558 -0.4812486991 0.05602555349
v -0.2070640102 -0.4728135243 0.06003390811
v -0.2086445354 -0.4802934825 0.05509406514
v -0.216881115 -0.479338266 0.05416257679
v -0.2235371694 -0.4709030911 0.05817093141
v -0.2251176946 -0.4783830494 0.05323108844
v -0.2621516436 -0.4850639403 0.03684733948
v -0.2566645965 -0.4932576418 0.03284259839
v -0.2731257379 -0.4686765373 0.04485682165
v -0.2676386908 -0.4768702388 0.04085208056
v -0.2715524808 -0.483692646 0.03422789369
v -0.2809533179 -0.4823213518 0.0316084479
v -0.2754662707 -0.4905150533 0.02760370681
v -0.1675034352 -0.3572261482 0.1076232325
v -0.1600885428 -0.3507821336 0.1079385132
v -0.1699914932 -0.3494842276 0.1104363892
v -0.1476975344 -0.3598219603 0.1026274804
v -0.1402826421 -0.3533779457 0.102942761
v -0.1501855925 -0.3520800397 0.1054406371
v -0.1526736505 -0.344338119 0.1082537938
v -0.1452587582 -0.3378941044 0.1085690744
v -0.1551617086 -0.3365961984 0.1110669505
v -0.1947527565 -0.3857994303 0.1026198193
v -0.1880416796 -0.3788295686 0.1039429195
v -0.1975396164 -0.3768378273 0.1061518081
v -0.1757568829 -0.389782913 0.09820204228
v -0.1690458059 -0.3828130513 0.09952514246
v -0.1785437427 -0.38082131 0.101734031
v -0.1813306026 -0.3718597069 0.1052660197
v -0.1746195257 -0.3648898453 0.1065891199
v -0.1841174625 -0.3628981039 0.1087980084
v -0.2502993271 -0.3311247677 0.125295179
v -0.2516719699 -0.3227342442 0.1287454814
v -0.2595677152 -0.3296947107 0.1256199982
v -0.2345078364 -0.3172038347 0.1315461453
v -0.2358804792 -0.3088133112 0.1349964477
v -0.2437762246 -0.3157737777 0.1318709645
v -0.2530446127 -0.3143437207 0.1321957838
v -0.2544172555 -0.3059531972 0.1356460862
v -0.2623130009 -0.3129136637 0.132520603
v -0.2320422232 -0.3265768215 0.1277320441
v -0.2241464779 -0.319616355 0.1308575273
v -0.2478337139 -0.3404977545 0.1214810777
v -0.2399379686 -0.333537288 0.1246065609
v -0.22957661 -0.3359498084 0.1239179429
v -0.2271109968 -0.3453227952 0.1201038416
v -0.2192152515 -0.3383623287 0.1232293248
v -0.2817524448 -0.286761865 0.142491255
v -0.2698470168 -0.2838236019 0.1431520544
v -0.2758692838 -0.2779031768 0.1453255042
v -0.2697079107 -0.2986027151 0.1381443553
v -0.2578024827 -0.295664452 0.1388051547
v -0.2638247497 -0.289744027 0.1409786046
v -0.2579415888 -0.2808853388 0.1438128538
v -0.2460361607 -0.2779470757 0.1444736533
v -0.2520584278 -0.2720266506 0.1466471031
v -0.2337429896 -0.4011044577 0.09668193944
v -0.2437546439 -0.3987503275 0.09615754336
v -0.2399724387 -0.4077092558 0.09254544042
v -0.2413074002 -0.3831866011 0.1039061453
v -0.2513190545 -0.380832471 0.1033817492
v -0.2475368492 -0.3897913992 0.0997696463
v -0.2537662983 -0.3963961974 0.09563314728
v -0.2637779526 -0.3940420672 0.09510875121
v -0.2599957474 -0.4030009955 0.09149664827
v -0.3181577995 -0.2582826838 0.1438791864
v -0.3114835843 -0.2663037032 0.1430344097
v -0.3077973574 -0.2567783818 0.1471990347
v -0.3255302534 -0.2773333266 0.1355499364
v -0.3188560382 -0.285354346 0.1347051598
v -0.3151698112 -0.2758290246 0.1388697848
v -0.3048093691 -0.2743247226 0.1421896331
v -0.2981351539 -0.282345742 0.1413448565
v -0.294448927 -0.2728204206 0.1455094814
v -0.2554604448 -0.3713768125 0.1069692895
v -0.2616898939 -0.3779816106 0.1028327905
v -0.2762021236 -0.3656750917 0.1058713719
v -0.2824315727 -0.3722798899 0.1017348729
v -0.2720607333 -0.3751307502 0.1022838317
v -0.267919343 -0.3845864087 0.09869629145
v -0.274148792 -0.3911912069 0.09455979243
v -0.363915585 -0.3557306007 0.0798713956
v -0.3535910174 -0.3574726358 0.08352909982
v -0.3583160043 -0.3484749198 0.08604184352
v -0.3544656113 -0.3737260327 0.07484590821
v -0.3441410437 -0.3754680678 0.07850361243
v -0.3488660306 -0.3664703518 0.08101635613
v -0.3432664499 -0.359214671 0.08718680404
v -0.3329418823 -0.3609567061 0.09084450826
v -0.3376668692 -0.3519589901 0.09335725196
v -0.3447563201 -0.3919426128 0.0696260659
v -0.3347797319 -0.3940667957 0.07258199807
v -0.3397640362 -0.3848479316 0.07528909668
v -0.3347877115 -0.4103803411 0.06421186868
v -0.3248111233 -0.412504524 0.06716780085
v -0.3297954276 -0.4032856598 0.06987489946
v -0.3248031437 -0.3961909786 0.07553793024
v -0.3148265556 -0.3983151615 0.07849386241
v -0.3198108599 -0.3890962973 0.08120096102
v -0.3524924442 -0.3254976124 0.1014517006
v -0.3475505859 -0.3343180716 0.09875355102
v -0.3421678767 -0.3272396475 0.1051094048
v -0.3632578626 -0.3396544605 0.08873999305
v -0.3529332951 -0.3413964957 0.09239769727
v -0.3426087275 -0.3431385309 0.09605540149
v -0.33228416 -0.344880566 0.09971310571
v -0.3933928609 -0.364288494 0.05720861536
v -0.4024203643 -0.3609800786 0.0528702857
v -0.3976835534 -0.3702336848 0.05053791963
v -0.4028664827 -0.3457812816 0.0618733475
v -0.4071571752 -0.3517264724 0.05520265177
v -0.4114478678 -0.3576716632 0.04853195604
v -0.4157385603 -0.363616854 0.04186126031
v -0.3641944677 -0.3714306206 0.0704816794
v -0.3594694808 -0.3804283366 0.06796893571
v -0.3736444414 -0.3534351885 0.0755071668
v -0.3689194545 -0.3624329045 0.0729944231
v -0.373923324 -0.3691352084 0.06611745059
v -0.3836521804 -0.3668397963 0.06175322179
v -0.3789271936 -0.3758375123 0.05924047809
v -0.3938850462 -0.3961548731 0.03779307567
v -0.4038551003 -0.3939256147 0.03245343314
v -0.3739449382 -0.4006133899 0.04847236071
v -0.3839149922 -0.3983841315 0.04313271819
v -0.3888186961 -0.3893603683 0.04526734771
v -0.383752346 -0.3825658634 0.05274161976
v -0.3937224001 -0.380336605 0.04740197724
v -0.210985899 -0.2482945956 0.1473692022
v -0.2101223618 -0.2579881921 0.1447257362
v -0.2003999949 -0.2510569282 0.1447461694
v -0.2304306328 -0.2621571235 0.1473283358
v -0.2295670956 -0.27185072 0.1446848698
v -0.2198447287 -0.2649194561 0.144705303
v -0.2092588246 -0.2676817887 0.1420822702
v -0.2083952874 -0.2773753852 0.1394388042
v -0.1986729205 -0.2704441212 0.1394592375
v -0.2643900514 -0.1907983609 0.1681491174
v -0.271382086 -0.1833196431 0.1699103303
v -0.2729118988 -0.192495387 0.1674151272
v -0.2613304257 -0.172446873 0.1731395237
v -0.2683224604 -0.1649681553 0.1749007367
v -0.2698522732 -0.1741438992 0.1724055335
v -0.2783741206 -0.1758409254 0.1716715433
v -0.2853661552 -0.1683622077 0.1734327562
v -0.286895968 -0.1775379516 0.170937553
v -0.2772121951 -0.250625439 0.1526813917
v -0.268827606 -0.2577591762 0.1506699622
v -0.2653067671 -0.2476871759 0.1533421911
v -0.2842538729 -0.2707694396 0.1473369338
v -0.2723484449 -0.2678311765 0.1479977332
v -0.2604430169 -0.2648929134 0.1486585326
v -0.2485375889 -0.2619546503 0.1493193321
v -0.3682670891 -0.1894594654 0.148413647
v -0.3618524894 -0.1981062815 0.1483044028
v -0.3594899699 -0.1886263043 0.1518503241
v -0.3729921281 -0.2084194198 0.1413218044
v -0.3665775284 -0.2170662358 0.1412125602
v -0.3642150089 -0.2075862586 0.1447584815
v -0.3554378897 -0.2067530975 0.1481951587
v -0.34902329 -0.2153999135 0.1480859146
v -0.3466607705 -0.2059199363 0.1516318358
v -0.3444855288 -0.1068882234 0.1751188524
v -0.3391609639 -0.1164845191 0.1747774929
v -0.3343238905 -0.1064940318 0.1777527593
v -0.3541596755 -0.1268691979 0.1691683196
v -0.3488351107 -0.1364654936 0.16882696
v -0.3439980373 -0.1264750063 0.1718022265
v -0.333836399 -0.1260808147 0.1744361334
v -0.3285118341 -0.1356771104 0.1740947738
v -0.3236747608 -0.1256866232 0.1770700403
v -0.4307459071 -0.06282323878 0.1465415433
v -0.4211035073 -0.06304040737 0.1508199386
v -0.4263988063 -0.0544951437 0.148911465
v -0.4201553091 -0.07991376612 0.1503584906
v -0.4105129093 -0.08013093472 0.154636886
v -0.4158082083 -0.07158567104 0.1527284123
v -0.4114611074 -0.06325757597 0.155098334
v -0.4018187076 -0.06347474456 0.1593767293
v -0.4071140066 -0.05492948089 0.1574682556
v -0.4258496538 -0.2014838122 0.1166240145
v -0.4179314822 -0.1992187984 0.1217091158
v -0.4240836576 -0.1933833882 0.119413821
v -0.413545303 -0.2131546326 0.121214604
v -0.4056271315 -0.2108896188 0.1262997054
v -0.4117793068 -0.2050542086 0.1240044106
v -0.4100133106 -0.1969537847 0.1267942172
v -0.402095139 -0.1946887709 0.1318793185
v -0.4082473144 -0.1888533607 0.1295840237
v -0.3987552673 -0.1777868085 0.1375547796
v -0.4058055878 -0.1707193479 0.1355331428
v -0.4073794633 -0.1795208864 0.1326474883
v -0.3956075162 -0.1601837315 0.1433260888
v -0.4026578367 -0.1531162709 0.141304452
v -0.4042317122 -0.1619178094 0.1384187974
v -0.4128559083 -0.1636518873 0.133511506
v -0.4199062288 -0.1565844268 0.1314898692
v -0.4214801043 -0.1653859653 0.1286042146
v -0.4438747466 -0.09813102894 0.1318700388
v -0.4350280538 -0.09776269458 0.1375343055
v -0.4414000884 -0.08956403285 0.1352741644
v -0.4311306775 -0.1145283524 0.136390321
v -0.4222839847 -0.114160018 0.1420545876
v -0.4286560193 -0.1059613563 0.1397944465
v -0.4261813611 -0.09739436023 0.1431985721
v -0.4173346683 -0.09702602588 0.1488628387
v -0.4237067029 -0.08882736415 0.1466026977
v -0.4847251475 -0.1262890492 0.09473802336
v -0.4916220829 -0.1212648805 0.09011073224
v -0.4911517426 -0.1322407983 0.08753420785
v -0.485665828 -0.1043372136 0.09989107214
v -0.4925627634 -0.09931304492 0.09526378103
v -0.4920924231 -0.1102889627 0.09268725663
v -0.4985190183 -0.1162407119 0.08548344113
v -0.5054159537 -0.1112165432 0.08085615002
v -0.5049456134 -0.122192461 0.07827962562
v -0.4152976349 -0.1817859001 0.1275623869
v -0.4293982759 -0.167650979 0.1235191133
v -0.4223479554 -0.1747184396 0.1255407501
v -0.4232158065 -0.1840509139 0.1224772856
v -0.4311339781 -0.1863159277 0.1173921842
v -0.4969479591 -0.1361762285 0.08162084036
v -0.4900510237 -0.1412003972 0.08624813147
v -0.5107418299 -0.1261278912 0.07236625813
v -0.5038448945 -0.1311520599 0.07699354924
v -0.5027441755 -0.1401116587 0.07570747286
v -0.5085403919 -0.1440470889 0.06979410537
v -0.5016434565 -0.1490712576 0.07442139648
v -0.5114223361 -0.04861573782 0.09181606397
v -0.5156015307 -0.05598597787 0.08616095595
v -0.5079448372 -0.0580009399 0.09247986414
v -0.526735723 -0.04458581377 0.0791782476
v -0.5309149176 -0.05195605382 0.07352313958
v -0.5232582241 -0.05397101585 0.07984204777
v -0.5197807252 -0.06335621793 0.08050584793
v -0.5239599198 -0.07072645798 0.07485073991
v -0.5163032264 -0.07274142001 0.0811696481
v -0.5022862256 -0.1591100022 0.07121158764
v -0.4964900091 -0.155174572 0.07712495513
v -0.4919793308 -0.1713166311 0.07661870494
v -0.4861831143 -0.1673812009 0.08253207244
v -0.4913365617 -0.1612778865 0.07982851379
v -0.4906937927 -0.1512391418 0.08303832263
v -0.4848975763 -0.1473037116 0.08895169012
v -0.1901268512 -0.118235508 0.1714391224
v -0.1817465425 -0.1134163793 0.1707328446
v -0.1898347735 -0.1081047393 0.1735486016
v -0.173950389 -0.1288587879 0.1658076085
v -0.1655700803 -0.1240396593 0.1651013307
v -0.1736583114 -0.1187280193 0.1679170877
v -0.1733662337 -0.1085972507 0.1700265668
v -0.164985925 -0.103778122 0.169320289
v -0.173074156 -0.09846648201 0.172136046
v -0.2320469804 -0.16852865 0.1726138778
v -0.2392166443 -0.1643051356 0.1739753857
v -0.2382916212 -0.1759416722 0.1715502031
v -0.2338970266 -0.1452555768 0.177464243
v -0.2410666905 -0.1410320625 0.1788257509
v -0.2401416674 -0.152668599 0.1764005683
v -0.2463863082 -0.1600816213 0.1753368936
v -0.2535559721 -0.1558581069 0.1766984016
v -0.252630949 -0.1674946435 0.174273219
v -0.2313635126 -0.08329615928 0.1859572418
v -0.2405486107 -0.08565477282 0.1859857328
v -0.2343340442 -0.09159207158 0.1848437339
v -0.2437926456 -0.07142156176 0.1882412396
v -0.2529777437 -0.0737801753 0.1882697307
v -0.2467631772 -0.07971747406 0.1871277317
v -0.2497337088 -0.08801338635 0.1860142238
v -0.2589188069 -0.09037199989 0.1860427149
v -0.2527042404 -0.09630929865 0.1849007159
v -0.2751530781 -0.06292945333 0.1894297302
v -0.269043602 -0.05513034947 0.1903534718
v -0.2774255574 -0.05427874625 0.190368969
v -0.2583891675 -0.06463265978 0.1893987358
v -0.2522796914 -0.05683355592 0.1903224774
v -0.2606616467 -0.0559819527 0.1903379746
v -0.262934126 -0.04733124562 0.1912772134
v -0.2568246499 -0.03953214176 0.192200955
v -0.2652066052 -0.03868053854 0.1922164522
v -0.3153715879 -0.04871890415 0.1855937578
v -0.3200598508 -0.03774820524 0.1853759363
v -0.3257087469 -0.04646036192 0.1836404838
v -0.3040737957 -0.03129459079 0.1890646629
v -0.3087620586 -0.02032389189 0.1888468415
v -0.3144109547 -0.02903604857 0.1871113889
v -0.3247481138 -0.02677750634 0.1851581149
v -0.3294363767 -0.01580680744 0.1849402934
v -0.3350852728 -0.02451896411 0.1832048409
v -0.2839142606 -0.1240481883 0.1819722094
v -0.293967858 -0.1246592626 0.1808741167
v -0.2881894037 -0.133449696 0.1800229587
v -0.2954711691 -0.1064673215 0.1836745255
v -0.3055247664 -0.1070783958 0.1825764328
v -0.2997463122 -0.1158688292 0.1817252748
v -0.3040214553 -0.1252703369 0.1797760241
v -0.3140750527 -0.1258814111 0.1786779314
v -0.3082965985 -0.1346718445 0.1778267734
v -0.3011440188 -0.01247317903 0.1908267662
v -0.3114811778 -0.0102146368 0.1888734922
v -0.3065822572 0.007745331153 0.1908800676
v -0.3169194162 0.01000387338 0.1889267936
v -0.314200297 -0.0001053817105 0.1889001429
v -0.3218183368 -0.007956094574 0.1869202182
v -0.3321554959 -0.005697552348 0.1849669442
v -0.3698272407 -0.01850737981 0.1721461453
v -0.3669587076 -0.0101123252 0.1733311974
v -0.3769766092 -0.01176536339 0.1697175726
v -0.3497914374 -0.01520130341 0.1793733947
v -0.3469229043 -0.006806248799 0.1805584468
v -0.3569408059 -0.008459286997 0.1769448221
v -0.3640901744 -0.001717270585 0.1745162494
v -0.3612216413 0.006677784026 0.1757013015
v -0.371239543 0.005024745828 0.1720876768
v -0.4006810486 0.08120615873 0.1583682746
v -0.3967811316 0.07153558638 0.1602293998
v -0.3917983323 0.08036855422 0.1627218574
v -0.4106466472 0.06354022305 0.1533833593
v -0.4067467302 0.0538696507 0.1552444845
v -0.4017639309 0.06270261854 0.1577369422
v -0.3928812146 0.06186501402 0.162090525
v -0.3889812976 0.05219444167 0.1639516503
v -0.3839984983 0.06102740951 0.1664441079
v -0.3724209443 -0.08344124444 0.1709507369
v -0.3775536716 -0.07405683957 0.1691039689
v -0.3820734248 -0.08329986408 0.1672869548
v -0.363381438 -0.06495519541 0.174584765
v -0.3685141653 -0.05557079054 0.172737997
v -0.3730339184 -0.06481381506 0.170920983
v -0.3826863989 -0.0646724347 0.1672572009
v -0.3878191262 -0.05528802983 0.165410433
v -0.3923388794 -0.06453105435 0.1635934189
v -0.4084415585 -0.01929377951 0.1571572721
v -0.4041548818 -0.01040421333 0.158906348
v -0.4136870205 -0.01011533383 0.1551145986
v -0.3893772811 -0.0198715385 0.1647407711
v -0.3850906044 -0.01098197233 0.166489847
v -0.3946227431 -0.01069309283 0.1626980975
v -0.3998682052 -0.001514647156 0.160655424
v -0.3955815285 0.00737491902 0.1624044999
v -0.4051136672 0.007663798518 0.1586127505
v -0.3998996019 0.09960581549 0.1572830044
v -0.4086711481 0.1001711152 0.1519216895
v -0.4044697955 0.09060442634 0.1554994173
v -0.4083023071 0.1187391933 0.1501275487
v -0.4170738533 0.1193044931 0.1447662339
v -0.4128725007 0.1097378042 0.1483439617
v -0.4174426943 0.100736415 0.1465603746
v -0.4262142405 0.1013017148 0.1411990598
v -0.4220128879 0.09173502587 0.1447767876
v -0.4354724064 0.08340877388 0.1371840835
v -0.4316836596 0.07401050627 0.1400529407
v -0.4269956872 0.08290205803 0.14228433
v -0.4448483512 0.06562567037 0.1327213049
v -0.4410596043 0.05622740276 0.1355901621
v -0.4363716319 0.06511895452 0.1378215514
v -0.4278949127 0.06461223867 0.1429217979
v -0.4241061658 0.05521397106 0.1457906552
v -0.4194181934 0.06410552282 0.1480220445
v -0.4402587935 -0.04509333568 0.1417172104
v -0.449308224 -0.04519637162 0.136386659
v -0.4450906366 -0.05438101105 0.1393025182
v -0.4486939684 -0.02672405681 0.135885492
v -0.4577433988 -0.02682709275 0.1305549406
v -0.4535258114 -0.03601173218 0.1334707998
v -0.4583576545 -0.04529940756 0.1310561076
v -0.467407085 -0.0454024435 0.1257255562
v -0.4631894976 -0.05458708294 0.1286414154
v -0.4895021394 -0.005374299129 0.1077983025
v -0.4973421395 -0.004246625584 0.1017867047
v -0.4941103384 -0.01394587825 0.1052548289
v -0.4959657416 0.0140242062 0.1008620542
v -0.5038057417 0.01515187975 0.09485045634
v -0.5005739406 0.005452627083 0.09831858054
v -0.5051821396 -0.003118952038 0.09577510692
v -0.5130221397 -0.001991278492 0.08976350911
v -0.5097903386 -0.01169053116 0.09323163331
v -0.4847080335 0.06839921512 0.1034537703
v -0.4924216792 0.0690046791 0.09744500555
v -0.4890315235 0.05958612263 0.1011604462
v -0.491488345 0.08723632805 0.09602288902
v -0.4992019907 0.08784179203 0.09001412429
v -0.4958118349 0.07842323557 0.09372956492
v -0.5001353249 0.06961014308 0.09143624082
v -0.5078489706 0.07021560706 0.08542747609
v -0.5044588149 0.0607970506 0.08914291672
v -0.4993220046 0.1699769944 0.07795360032
v -0.5032741725 0.1613435633 0.075412062
v -0.4962506816 0.1603676416 0.08299035951
v -0.5133689865 0.1719288379 0.06279700529
v -0.5173211545 0.1632954068 0.06025546696
v -0.5102976635 0.1623194851 0.06783376448
v -0.5072263405 0.1527101323 0.07287052367
v -0.5111785084 0.1440767013 0.07032898534
v -0.5041550174 0.1431007795 0.07790728286
v -0.442859374 0.01919836877 0.1365931965
v -0.4474774823 0.01015578536 0.1344258785
v -0.4390572309 0.009588332847 0.1394715868
v -0.4596998766 0.0203332738 0.12650178
v -0.4643179849 0.0112906904 0.124334462
v -0.4558977336 0.01072323788 0.1293801703
v -0.4520955905 0.001113201957 0.1322585605
v -0.4567136988 -0.007929381449 0.1300912425
v -0.4482934475 -0.008496833965 0.1351369508
v -0.1520728618 -0.003496338846 0.1844610982
v -0.1625467837 -0.006173834205 0.1856880225
v -0.1567139477 -0.01372715435 0.1839293018
v -0.1637385339 0.01161030144 0.1879785396
v -0.1742124557 0.008932806086 0.189205464
v -0.1683796197 0.001379485941 0.1874467432
v -0.1730207056 -0.008851329563 0.1869149469
v -0.1834946275 -0.01152882492 0.1881418712
v -0.1776617914 -0.01908214507 0.1863831505
v -0.1891223565 -0.0333261406 0.1860517561
v -0.1808856577 -0.04066225607 0.1834582128
v -0.1798990145 -0.02909575589 0.1850165315
v -0.1910956427 -0.05645914096 0.1829351187
v -0.1828589439 -0.06379525643 0.1803415753
v -0.1818723008 -0.05222875625 0.181899894
v -0.1726489589 -0.04799837153 0.1808646694
v -0.1644122601 -0.055334487 0.178271126
v -0.1634256169 -0.04376798682 0.1798294447
v -0.2287197225 0.142991025 0.1949837878
v -0.2227504589 0.1346834581 0.1957109831
v -0.2190468982 0.1441816483 0.1953548826
v -0.2361268438 0.1239946447 0.1956959888
v -0.2301575802 0.1156870779 0.1964231841
v -0.2264540195 0.125185268 0.1960670836
v -0.2167811953 0.1263758913 0.1964381784
v -0.2108119316 0.1180683244 0.1971653737
v -0.207108371 0.1275665145 0.1968092732
v -0.2347318344 0.1509649418 0.1933677085
v -0.2384353951 0.1414667517 0.193723809
v -0.2541631795 0.1479163952 0.1908477508
v -0.2578667402 0.1384182051 0.1912038513
v -0.2481510676 0.1399424784 0.1924638301
v -0.2421389557 0.1319685616 0.1940799095
v -0.2458425164 0.1224703714 0.19443601
v -0.287499696 0.10781941 0.1892811283
v -0.2905050144 0.09987139702 0.1895046607
v -0.2808024511 0.1022996213 0.1909371465
v -0.3069048226 0.1029629614 0.1864161566
v -0.3099101409 0.0950149484 0.1866396889
v -0.3002075776 0.09744317271 0.1880721748
v -0.2935103327 0.091923384 0.189728193
v -0.296515651 0.08397537097 0.1899517253
v -0.2868130878 0.08640359528 0.1913842112
v -0.2888445333 0.04895817582 0.1935663745
v -0.2964281663 0.0421294095 0.1925563253
v -0.2865504771 0.03834088519 0.1939368658
v -0.3085999116 0.05653522443 0.1908052936
v -0.3161835447 0.04970645811 0.1897952445
v -0.3063058555 0.04591793381 0.1911757849
v -0.3040117994 0.03530064318 0.1915462762
v -0.3115954325 0.02847187687 0.1905362271
v -0.3017177433 0.02468335256 0.1919167675
v -0.2927509546 0.1402164251 0.1843640804
v -0.2892258391 0.149617333 0.1837415248
v -0.2988498732 0.1475587673 0.1820002943
v -0.2735028863 0.1443335563 0.1878465414
v -0.2699777707 0.1537344642 0.1872239858
v -0.2796018049 0.1516758986 0.1854827553
v -0.2857007235 0.1590182409 0.1831189692
v -0.282175608 0.1684191488 0.1824964136
v -0.2917996421 0.1663605832 0.1807551831
v -0.3451157287 0.1367281862 0.170130983
v -0.3542539328 0.1361149997 0.1674695686
v -0.3493845835 0.1276642792 0.1708120927
v -0.3548544273 0.1536296271 0.1634459347
v -0.3639926314 0.1530164406 0.1607845202
v -0.3591232821 0.1445657201 0.1641270444
v -0.363392137 0.1355018131 0.1648081541
v -0.3725303411 0.1348886266 0.1621467397
v -0.3676609918 0.1264379062 0.1654892638
v -0.308647871 0.274350144 0.1475646235
v -0.3107242286 0.2651699707 0.1503202878
v -0.3008491099 0.268806532 0.1527038738
v -0.3283981085 0.2670770213 0.1427974515
v -0.3304744661 0.257896848 0.1455531158
v -0.3205993474 0.2615334094 0.1479367018
v -0.3128005862 0.2559897974 0.1530759521
v -0.3148769438 0.2468096241 0.1558316164
v -0.3050018251 0.2504461855 0.1582152024
v -0.3876177222 0.1739999466 0.1444608271
v -0.3908748999 0.1843941174 0.139583759
v -0.3961701021 0.1757839471 0.1397270039
v -0.3770273179 0.1912202872 0.1441743374
v -0.3802844957 0.2016144581 0.1392972693
v -0.3855796978 0.1930042878 0.1394405141
v -0.3941320777 0.1947882883 0.1347066909
v -0.3973892555 0.2051824592 0.1298296228
v -0.4026844576 0.1965722889 0.1299728677
v -0.3978106081 0.1561188027 0.1450905092
v -0.3937821761 0.1462275386 0.1496464536
v -0.3888844922 0.1554985121 0.1491600163
v -0.4076059759 0.1375768557 0.1460633837
v -0.4035775438 0.1276855916 0.150619328
v -0.3986798599 0.1369565651 0.1501328908
v -0.389753744 0.1363362744 0.1542023979
v -0.3857253119 0.1264450103 0.1587583423
v -0.3808276281 0.1357159838 0.158271905
v -0.4459343031 0.1944956146 0.1064204257
v -0.4513948113 0.1873526052 0.1059832238
v -0.4439811781 0.1856629811 0.110993525
v -0.4607615694 0.1978748627 0.0963998232
v -0.4662220776 0.1907318532 0.09596262127
v -0.4588084444 0.1890422292 0.1009729225
v -0.4568553194 0.1802095957 0.1055460218
v -0.4623158276 0.1730665863 0.1051088199
v -0.4549021944 0.1713769622 0.1101191211
v -0.1159622669 0.07286140323 0.1899200268
v -0.1266186945 0.07096778136 0.190659862
v -0.1209189855 0.06362508517 0.1897570714
v -0.127361685 0.08754679561 0.191725608
v -0.1380181126 0.08565317374 0.1924654432
v -0.1323184036 0.07831047755 0.1915626526
v -0.1372751221 0.06907415949 0.1913996972
v -0.1479315497 0.06718053762 0.1921395324
v -0.1422318406 0.05983784143 0.1912367418
v -0.12765163 0.1370812133 0.1931190416
v -0.1379321963 0.1353456285 0.1939007081
v -0.1304758284 0.1287772339 0.1935625635
v -0.1425643656 0.1502180025 0.1937953308
v -0.1528449319 0.1484824177 0.1945769973
v -0.1453885641 0.1419140231 0.1942388527
v -0.1482127625 0.1336100437 0.1946823746
v -0.1584933288 0.1318744589 0.1954640411
v -0.151036961 0.1253060643 0.1951258965
v -0.1609036848 0.2052232809 0.1893656701
v -0.1692843251 0.2133518755 0.1872978248
v -0.1710526086 0.2026249282 0.1891989298
v -0.1573671177 0.2266771756 0.18556346
v -0.165747758 0.2348057702 0.1834956147
v -0.1675160415 0.2240788229 0.1853967197
v -0.1776649654 0.2214804702 0.1852299795
v -0.1860456057 0.2296090648 0.1831621341
v -0.1878138892 0.2188821174 0.1850632392
v -0.1517793704 0.1888721921 0.1918096244
v -0.1412146725 0.192865435 0.1913721785
v -0.1521072704 0.1984895766 0.1908293292
v -0.1299941745 0.177623909 0.192895323
v -0.1194294766 0.1816171519 0.1924578771
v -0.1303220745 0.1872412935 0.1919150278
v -0.1306499746 0.196858678 0.1909347326
v -0.1200852767 0.200851921 0.1904972866
v -0.1309778746 0.2064760625 0.1899544373
v -0.1766242683 0.1572036482 0.1947029755
v -0.1709192321 0.1664920487 0.193796467
v -0.179787077 0.1666311324 0.1939863004
v -0.1588885784 0.1569254808 0.1943233088
v -0.1531835422 0.1662138812 0.1934168003
v -0.1620513871 0.1663529649 0.1936066337
v -0.1652141958 0.1757804491 0.1928899586
v -0.1595091596 0.1850688495 0.1919834502
v -0.1683770046 0.1852079332 0.1921732835
v -0.1972273588 0.1287798937 0.1968755536
v -0.2031966224 0.1370874606 0.1961483583
v -0.1894038618 0.1478217859 0.1955537237
v -0.1953731254 0.1561293527 0.1948265284
v -0.1992848739 0.1466084067 0.1954874434
v -0.209165886 0.1453950275 0.195421163
v -0.2151351497 0.1537025943 0.1946939677
v -0.15725578 0.2774420157 0.1749689765
v -0.1593643092 0.2663842849 0.1771237925
v -0.1492732465 0.2705773152 0.1771979071
v -0.1774379052 0.2690559551 0.1748207472
v -0.1795464344 0.2579982243 0.1769755632
v -0.1694553718 0.2621912546 0.1770496778
v -0.1614728384 0.2553265542 0.1792786084
v -0.1635813676 0.2442688234 0.1814334244
v -0.1534903049 0.2484618537 0.181507539
v -0.2399645895 0.1856255792 0.1884976625
v -0.2368791401 0.1948494017 0.1865406334
v -0.2472656518 0.1934017874 0.1863479465
v -0.2191915661 0.1885208078 0.1888830364
v -0.2161061168 0.1977446303 0.1869260073
v -0.2264926285 0.196297016 0.1867333204
v -0.2337936908 0.2040732242 0.1845836043
v -0.2307082415 0.2132970467 0.1826265752
v -0.2410947531 0.2118494324 0.1824338883
v -0.1952311434 0.2720733285 0.1712524183
v -0.2053462826 0.2702408656 0.1702502221
v -0.197644107 0.263030462 0.1737444364
v -0.2106354944 0.2864941359 0.1642639898
v -0.2207506336 0.284661673 0.1632617936
v -0.2130484581 0.2774512693 0.1667560078
v -0.2154614218 0.2684084028 0.1692480259
v -0.2255765609 0.26657594 0.1682458296
v -0.2178743854 0.2593655363 0.1717400439
v -0.2751871943 0.223157987 0.1738855392
v -0.2825744674 0.2300006226 0.1700820215
v -0.2849163637 0.2207381055 0.1723814197
v -0.2705034018 0.2416830212 0.1692867428
v -0.2778906748 0.2485256568 0.1654832251
v -0.2802325711 0.2392631397 0.1677826233
v -0.2899617404 0.2368432581 0.1662785038
v -0.2973490134 0.2436858937 0.1624749862
v -0.2996909097 0.2344233766 0.1647743843
v -0.1289689131 0.3673747331 0.1436862051
v -0.1354984194 0.3734977916 0.1404509731
v -0.1363964938 0.3631462082 0.1454508342
v -0.1271727644 0.3880778998 0.1336864829
v -0.1337022707 0.3942009583 0.1304512508
v -0.134600345 0.3838493749 0.1354511119
v -0.1420279257 0.3796208501 0.137215741
v -0.148557432 0.3857439086 0.1339805089
v -0.1494555064 0.3753923252 0.13898037
v -0.2901860178 0.3051882833 0.1400711089
v -0.2828489095 0.2986052185 0.1447591856
v -0.2799866647 0.3076724112 0.1414668187
v -0.2959105074 0.287053898 0.1466558427
v -0.2885733992 0.2804708332 0.1513439193
v -0.2857111543 0.2895380259 0.1480515525
v -0.2755118012 0.2920221537 0.1494472623
v -0.268174693 0.2854390889 0.154135339
v -0.2653124481 0.2945062816 0.1508429721
v -0.3036147952 0.2931421176 0.1420445777
v -0.3064770401 0.2840749249 0.1453369446
v -0.2978903055 0.3112765029 0.135459844
v -0.3007525504 0.3022093102 0.1387522109
v -0.311319083 0.2992303371 0.1374333128
v -0.3190233707 0.3053185567 0.1328220479
v -0.3218856156 0.2962513641 0.1361144148
v -0.259043213 0.3931824341 0.1041138712
v -0.263635885 0.3999071792 0.09881458618
v -0.2689792961 0.3917728961 0.1015158221
v -0.2483563907 0.4094510004 0.09871139936
v -0.2529490627 0.4161757454 0.09341211431
v -0.2582924739 0.4080414623 0.09611335024
v -0.268228557 0.4066319242 0.09351530112
v -0.272821229 0.4133566692 0.08821601607
v -0.2781646401 0.4052223861 0.090917252
v -0.3125206903 0.3487271667 0.110982202
v -0.3188330233 0.3551736102 0.105152484
v -0.3221461996 0.3458418772 0.1093125455
v -0.3058943376 0.3673906326 0.102662079
v -0.3122066706 0.3738370761 0.09683236107
v -0.315519847 0.3645053431 0.1009924226
v -0.3251453564 0.3616200536 0.09932276607
v -0.3314576894 0.3680664971 0.0934930481
v -0.3347708657 0.3587347642 0.09765310958
v -0.08065018803 0.1769043095 0.1914348677
v -0.07107395306 0.1715399511 0.1911079362
v -0.07003994659 0.1821805537 0.1910215914
v -0.08271820098 0.1556231044 0.1916075572
v -0.07314196602 0.150258746 0.1912806258
v -0.07210795954 0.1608993486 0.191194281
v -0.0614977181 0.1661755927 0.1907810047
v -0.05192148313 0.1608112343 0.1904540733
v -0.05088747665 0.1714518368 0.1903677285
v -0.09155554324 0.1623774208 0.1920436248
v -0.09258954972 0.1517368183 0.1921299696
v -0.08948753029 0.1836586259 0.1918709353
v -0.09052153677 0.1730180234 0.19195728
v -0.1003928855 0.1691317372 0.1924796924
v -0.1092302278 0.1758860536 0.19291576
v -0.1102642342 0.165245451 0.1930021048
v -0.04831426684 0.2334575392 0.1842333935
v -0.03966784431 0.2343698964 0.1839734316
v -0.04324700544 0.2428592779 0.1826238073
v -0.04115594458 0.2164787762 0.186932642
v -0.03250952205 0.2173911333 0.1866726801
v -0.03608868318 0.2258805148 0.1853230558
v -0.03102142178 0.2352822535 0.1837134697
v -0.02237499924 0.2361946106 0.1834535077
v -0.02595416037 0.2446839921 0.1821038835
v -0.0500426162 0.2502774857 0.1812546253
v -0.05722898431 0.2556572184 0.1803479604
v -0.05907979608 0.2473266535 0.1819771044
v -0.04634099267 0.2669386156 0.1779963374
v -0.05352736078 0.2723183483 0.1770896725
v -0.05537817255 0.2639877833 0.1787188165
v -0.06441535242 0.2610369511 0.1794412956
v -0.07160172053 0.2664166838 0.1785346307
v -0.07345253229 0.2580861188 0.1801637746
v -0.06887666881 0.296400249 0.1707328893
v -0.05807767808 0.2976189777 0.1702704728
v -0.06620650738 0.3046626672 0.1683923714
v -0.05261901021 0.28231287 0.1744890921
v -0.04182001948 0.2835315987 0.1740266755
v -0.04994884878 0.2905752882 0.1721485741
v -0.04727868736 0.2988377064 0.1698080562
v -0.03647969663 0.3000564352 0.1693456396
v -0.04460852593 0.3071001247 0.1674675383
v -0.02049572114 0.3699233383 0.1454263069
v -0.01205551974 0.3638559878 0.1478683352
v -0.01101254928 0.3726739436 0.1443840675
v -0.02258166205 0.3522874266 0.1523948424
v -0.01414146065 0.3462200761 0.1548368707
v -0.01309849019 0.3550380319 0.151352603
v -0.003615318332 0.3577886373 0.1503103636
v 0.004824883072 0.3517212868 0.152752392
v 0.005867853528 0.3605392426 0.1492681243
v -0.03126330953 0.3171065077 0.1642236188
v -0.03714023903 0.323082529 0.1623359621
v -0.0396864647 0.3142948747 0.165117465
v -0.02617085818 0.3346818164 0.158660613
v -0.03204778768 0.3406578377 0.1567729563
v -0.03459401336 0.3318701833 0.1595544592
v -0.04301716853 0.3290585503 0.1604483053
v -0.04889409803 0.3350345716 0.1585606486
v -0.0514403237 0.3262469172 0.1613421515
v -0.1010647174 0.2884166613 0.1731429473
v -0.1035791207 0.2966245785 0.1705527417
v -0.1115988605 0.2916154861 0.1719821282
v -0.08502523787 0.2984348461 0.1702841744
v -0.08753964119 0.3066427633 0.1676939689
v -0.09555938095 0.3016336709 0.1691233553
v -0.106093524 0.3048324957 0.1679625362
v -0.1086079273 0.313040413 0.1653723307
v -0.1166276671 0.3080313206 0.1668017171
v -0.08282146044 0.3864418566 0.1366420947
v -0.08257888444 0.3965726644 0.1316171065
v -0.09211307764 0.3919392973 0.1334881745
v -0.06375307404 0.3957085907 0.1328999586
v -0.06351049803 0.4058393985 0.1278749704
v -0.07304469123 0.4012060314 0.1297460385
v -0.08233630843 0.4067034721 0.1265921183
v -0.08209373243 0.4168342799 0.1215671301
v -0.09162792563 0.4122009128 0.1234381981
v -0.0475801127 0.3681912944 0.1455652006
v -0.0468958579 0.3771081269 0.141629193
v -0.05627164524 0.3735914603 0.1428369135
v -0.02882853802 0.3752246276 0.1431497596
v -0.02814428322 0.3841414601 0.139213752
v -0.03752007056 0.3806247935 0.1404214725
v -0.0462116031 0.3860249594 0.1376931854
v -0.04552734829 0.3949417919 0.1337571777
v -0.05490313563 0.3914251253 0.1349648982
v -0.1022835299 0.4252444953 0.1160071846
v -0.111005865 0.4192689359 0.1185755376
v -0.1001076847 0.4163561612 0.1209815629
v -0.1240798905 0.4310700446 0.111195134
v -0.1328022256 0.4250944853 0.113763487
v -0.1219040453 0.4221817106 0.1161695123
v -0.1197282001 0.4132933766 0.1211438905
v -0.1284505352 0.4073178172 0.1237122435
v -0.1175523549 0.4044050425 0.1261182688
v -0.04525561165 0.443418242 0.1092997137
v -0.05238219351 0.4477810338 0.106233824
v -0.05311998818 0.4393572509 0.1111520398
v -0.0437800223 0.4602658078 0.09946328215
v -0.05090660416 0.4646285996 0.09639739245
v -0.05164439883 0.4562048167 0.1013156082
v -0.05950877536 0.4521438256 0.1031679343
v -0.06663535722 0.4565066174 0.1001020446
v -0.06737315189 0.4480828345 0.1050202604
v -0.0549409138 0.4978526831 0.07572458498
v -0.05411037244 0.4893148765 0.08103279583
v -0.04553385172 0.4943030104 0.07862043381
v -0.07209395524 0.4878764153 0.08054930903
v -0.07126341388 0.4793386087 0.08585751988
v -0.06268689316 0.4843267426 0.08344515786
v -0.05327983107 0.4807770699 0.08634100668
v -0.05244928971 0.4722392634 0.09164921753
v -0.04387276899 0.4772273973 0.08923685551
v -0.1387938671 0.4652385339 0.08890691958
v -0.1317173094 0.4714779705 0.08535126597
v -0.1415845938 0.4738027081 0.08308893628
v -0.1190592982 0.4605890587 0.09343157895
v -0.1119827405 0.4668284953 0.08987592533
v -0.1218500249 0.4691532329 0.08761359565
v -0.1246407516 0.477717407 0.08179561235
v -0.1175641939 0.4839568436 0.07823995873
v -0.1274314784 0.4862815812 0.07597762905
v -0.1864172071 0.4669170007 0.08334981278
v -0.1761365347 0.4651114866 0.085521603
v -0.1795031689 0.4729798138 0.08012921922
v -0.1796839386 0.4511803463 0.09413458034
v -0.1694032662 0.4493748322 0.09630637057
v -0.1727699004 0.4572431594 0.09091398679
v -0.1658558622 0.4633059725 0.08769339323
v -0.1555751897 0.4615004584 0.08986518346
v -0.158941824 0.4693687856 0.08447279967
v 0.1124849822 0.1663148999 0.1929832473
v 0.1194372568 0.1608895361 0.1932826899
v 0.1199176945 0.1714030355 0.1934007592
v 0.1115241069 0.1452879012 0.1927471086
v 0.1184763815 0.1398625374 0.1930465512
v 0.1189568192 0.1503760368 0.1931646205
v 0.1263895314 0.1554641724 0.1935821325
v 0.133341806 0.1500388086 0.193881575
v 0.1338222437 0.160552308 0.1939996444
v 0.01752965548 0.2127070725 0.186963357
v 0.02816788154 0.2153439447 0.1866571642
v 0.01986186136 0.221437566 0.1859928481
v 0.03414169583 0.20051983 0.1882919893
v 0.04477992188 0.2031567022 0.1879857965
v 0.03647390171 0.2092503235 0.1873214804
v 0.03880610759 0.217980817 0.1863509715
v 0.04944433365 0.2206176892 0.1860447787
v 0.04113831348 0.2267113104 0.1853804626
v 0.01546525885 0.2618416101 0.1787204184
v 0.005530630006 0.2594865784 0.1791706085
v 0.0124961487 0.2526614442 0.1804933511
v 0.001534221461 0.2754918784 0.1760749333
v -0.008400407387 0.2731368467 0.1765251234
v -0.001434888691 0.2663117126 0.177847866
v -0.004403998842 0.2571315467 0.1796207987
v -0.01433862769 0.2547765151 0.1800709888
v -0.007373108994 0.2479513809 0.1813937314
v -0.01067489455 0.2388974354 0.1829577014
v -0.0007402657066 0.241252467 0.1825075112
v 0.002590792021 0.2254996076 0.1851852611
v 0.01252542087 0.2278546393 0.1847350709
v 0.005892577581 0.2345535532 0.1836212911
v 0.009194363141 0.2436074987 0.1820573211
v 0.01912899199 0.2459625304 0.1816071309
v 0.1615310311 0.2591491565 0.1788170896
v 0.1587500684 0.2496313974 0.180974029
v 0.1684077643 0.2517286241 0.1798147671
v 0.1422156394 0.2549547032 0.1811356135
v 0.1394346766 0.2454369441 0.1832925528
v 0.1490923725 0.2475341707 0.1821332909
v 0.1559691057 0.2401136383 0.1831309684
v 0.1531881429 0.2305958793 0.1852879077
v 0.1628458388 0.2326931059 0.1841286458
v 0.0413926607 0.3194968924 0.1637923829
v 0.04823544435 0.3125039041 0.1658891477
v 0.05092434864 0.3217744902 0.1631871387
v 0.03601485211 0.3009557202 0.1691964008
v 0.04285763577 0.293962732 0.1712931655
v 0.04554654006 0.303233318 0.1685911566
v 0.055078228 0.3055109158 0.1679859124
v 0.06192101166 0.2985179275 0.1700826772
v 0.06460991595 0.3077885136 0.1673806682
v 0.08983108774 0.3284084424 0.1601668149
v 0.1006937604 0.3282925859 0.1600341611
v 0.09486127086 0.334963873 0.1576041691
v 0.1014960669 0.3150658682 0.1650267988
v 0.1123587396 0.3149500117 0.164894145
v 0.10652625 0.3216212988 0.162464153
v 0.1115564331 0.3281767294 0.1599015072
v 0.1224191058 0.3280608729 0.1597688533
v 0.1165866163 0.33473216 0.1573388614
v 0.1325359903 0.3433216661 0.1534400061
v 0.1262805071 0.3508331701 0.150670696
v 0.1211938057 0.3421278074 0.1544368975
v 0.1427093931 0.3607323915 0.1459076032
v 0.1364539098 0.3682438955 0.1431382932
v 0.1313672084 0.3595385328 0.1469044946
v 0.1200250238 0.3583446741 0.147901386
v 0.1137695406 0.3658561781 0.145132076
v 0.1086828392 0.3571508154 0.1488982774
v 0.07546386961 0.3877720684 0.1358760931
v 0.080593911 0.3801703826 0.1393095516
v 0.08703723177 0.3874673769 0.1358285919
v 0.06257722806 0.3731780797 0.1428380124
v 0.06770726945 0.3655763939 0.1462714709
v 0.07415059023 0.3728733882 0.1427905113
v 0.08572395239 0.3725686967 0.1427430101
v 0.09085399378 0.3649670109 0.1461764686
v 0.09729731455 0.3722640052 0.1426955089
v 0.03110260749 0.4194977507 0.1225865483
v 0.04130561464 0.4201734811 0.1217833254
v 0.03527754312 0.4265344664 0.1189051215
v 0.04315875052 0.40677578 0.1283429563
v 0.05336175766 0.4074515104 0.1275397334
v 0.04733368615 0.4138124958 0.1246615294
v 0.05150862178 0.4208492115 0.1209801026
v 0.06171162892 0.4215249419 0.1201768797
v 0.05568355741 0.4278859273 0.1172986757
v 0.1059857197 0.3713807091 0.1427380443
v 0.1008556783 0.3789823949 0.1393045858
v 0.1131024472 0.3848174885 0.135956198
v 0.1079724059 0.3924191743 0.1325227395
v 0.1044140421 0.3857007846 0.1359136626
v 0.09572563693 0.3865840808 0.1358711272
v 0.09059559554 0.3941857666 0.1324376687
v 0.003684732132 0.4470674321 0.1096240543
v 0.01526751788 0.4477691725 0.1084545627
v 0.008137583267 0.4548387378 0.1050931327
v 0.01794460136 0.4329283014 0.1163469143
v 0.02952738712 0.4336300418 0.1151774228
v 0.0223974525 0.4406996071 0.1118159927
v 0.02685030364 0.4484709129 0.1072850712
v 0.03843308939 0.4491726533 0.1061155796
v 0.03130315477 0.4562422186 0.1027541496
v 0.176247485 0.427594088 0.1085604839
v 0.184325859 0.4318053722 0.104908729
v 0.1766109839 0.4350887015 0.104331864
v 0.1916772351 0.4210274294 0.1097142138
v 0.199755609 0.4252387136 0.1060624588
v 0.192040734 0.4285220429 0.1054855939
v 0.1924042329 0.4360166565 0.101256974
v 0.2004826069 0.4402279407 0.09760521911
v 0.1927677318 0.44351127 0.09702835418
v 0.1057651434 0.5298830569 0.04460439272
v 0.1086167302 0.5226754099 0.04997222591
v 0.1158906035 0.5281786174 0.0447137421
v 0.09121739678 0.518876642 0.05512136035
v 0.09406898357 0.511668995 0.06048919354
v 0.1013428569 0.5171722025 0.05523070972
v 0.111468317 0.5154677629 0.0553400591
v 0.1143199038 0.508260116 0.06070789229
v 0.1215937771 0.5137633234 0.05544940848
v 0.0781114893 0.4570924863 0.09883739986
v 0.07211979572 0.4499474019 0.1034808513
v 0.08386164531 0.449996911 0.1025650986
v 0.05462779012 0.4569934681 0.1006689053
v 0.04863609653 0.4498483837 0.1053123567
v 0.06037794612 0.4498978928 0.104396604
v 0.06612810213 0.4428023174 0.1081243027
v 0.06013640855 0.435657233 0.1127677541
v 0.07187825814 0.4357067421 0.1118520014
v 0.1186977662 -0.4904776886 0.05243765283
v 0.1144336425 -0.4998718202 0.04793251026
v 0.1258775219 -0.498415105 0.04911129922
v 0.0958100073 -0.4933911189 0.05008007493
v 0.09154588357 -0.5027852505 0.04557493236
v 0.102989763 -0.5013285354 0.04675372131
v 0.1101695187 -0.5092659518 0.04342736769
v 0.105905395 -0.5186600834 0.03892222513
v 0.1173492745 -0.5172033682 0.04010101408
v 0.1682403013 -0.4218436182 0.0851598978
v 0.1781376563 -0.4219283611 0.08624589443
v 0.1726706363 -0.4134149998 0.08922280371
v 0.1791743413 -0.4388703406 0.07920607924
v 0.1890716963 -0.4389550835 0.08029207587
v 0.1836046763 -0.4304417223 0.08326898515
v 0.1880350113 -0.422013104 0.08733189106
v 0.1979323663 -0.4220978469 0.08841788769
v 0.1924653463 -0.4135844857 0.09139479697
v 0.201138366 -0.4688750356 0.06263462547
v 0.1916872635 -0.4705786705 0.06254814845
v 0.1971862651 -0.4777424484 0.05801663361
v 0.1901403628 -0.4545474797 0.07169765513
v 0.1806892604 -0.4562511146 0.07161117811
v 0.186188262 -0.4634148926 0.06707966328
v 0.1822361611 -0.4722823054 0.06246167142
v 0.1727850586 -0.4739859402 0.06237519439
v 0.1782840602 -0.4811497182 0.05784367956
v 0.163132485 -0.4753308222 0.06109872553
v 0.153459657 -0.4768727273 0.06006353535
v 0.1591601297 -0.4843952581 0.05672201235
v 0.1517315395 -0.4602857605 0.06778177153
v 0.1420587115 -0.4618276656 0.06674658135
v 0.1477591842 -0.4693501964 0.06340505835
v 0.143786829 -0.4784146324 0.05902834516
v 0.1341140009 -0.4799565375 0.05799315497
v 0.1398144737 -0.4874790683 0.05465163197
v 0.2505163215 -0.4032997116 0.09364832938
v 0.2450357787 -0.3966640756 0.09689417854
v 0.2399481833 -0.4061254263 0.09347898141
v 0.2606915124 -0.3843770102 0.1004787236
v 0.2552109696 -0.3777413741 0.1037245728
v 0.2501233742 -0.3872027248 0.1003093757
v 0.239555236 -0.3900284395 0.1001400277
v 0.2340746932 -0.3833928034 0.1033858769
v 0.2289870977 -0.3928541541 0.09997067973
v 0.2391448244 -0.4661216438 0.05752828903
v 0.229818061 -0.4668090343 0.0591194341
v 0.234617658 -0.4739766419 0.05332967546
v 0.2295456305 -0.4517864287 0.06910780631
v 0.2202188671 -0.4524738193 0.07069895137
v 0.225018464 -0.4596414268 0.06490919273
v 0.2204912975 -0.4674964249 0.06071057916
v 0.2111645341 -0.4681838155 0.06230172422
v 0.2159641311 -0.475351423 0.05651196558
v 0.2760287151 -0.4656847417 0.04642295651
v 0.2670007832 -0.4657231271 0.04951704666
v 0.2710282169 -0.4731740952 0.04245625995
v 0.2679738477 -0.4507828057 0.06054452993
v 0.2589459158 -0.4508211911 0.06363862008
v 0.2629733495 -0.4582721591 0.05657783337
v 0.2579728514 -0.4657615125 0.05261113681
v 0.2489449196 -0.4657998979 0.05570522696
v 0.2529723532 -0.4732508659 0.04864444025
v 0.2033841424 -0.484638229 0.05335822795
v 0.2081380263 -0.4906495363 0.04835371859
v 0.2113912515 -0.4820501208 0.05309860129
v 0.1968776919 -0.5018370599 0.04386846256
v 0.2016315758 -0.5078483671 0.0388639532
v 0.2048848011 -0.4992489517 0.0436088359
v 0.2128919102 -0.4966608435 0.04334920924
v 0.2176457942 -0.5026721507 0.03834469989
v 0.2208990194 -0.4940727353 0.04308958258
v 0.2526881881 -0.4973926544 0.0316267712
v 0.2452007197 -0.4960568845 0.03491732664
v 0.2481153086 -0.5040913522 0.02821340691
v 0.2468590103 -0.481323719 0.04503461067
v 0.2393715419 -0.4799879491 0.04832516611
v 0.2422861308 -0.4880224168 0.04162124638
v 0.2377132513 -0.4947211146 0.03820788208
v 0.2302257828 -0.4933853447 0.04149843752
v 0.2331403717 -0.5014198124 0.03479451779
v 0.237262059 -0.5432180762 0.008586850949
v 0.2357286774 -0.5357684046 0.01288027642
v 0.2403288223 -0.5581174195 0
v 0.2387954406 -0.5506677479 0.004293425474
v 0.2465121746 -0.5472168475 0.004293425474
v 0.2557622902 -0.5512156188 0
v 0.2542289086 -0.5437659472 0.004293425474
v 0.1723385453 -0.3672645539 0.10491715
v 0.1598861925 -0.3681340888 0.1022610832
v 0.1693331264 -0.3766162917 0.1015190389
v 0.1534446776 -0.3503001481 0.1064012386
v 0.1409923248 -0.351169683 0.1037451718
v 0.1504392587 -0.3596518859 0.1030031275
v 0.1474338397 -0.3690036237 0.09960501641
v 0.1349814869 -0.3698731586 0.09694894962
v 0.1444284208 -0.3783553615 0.09620690532
v 0.1393481214 -0.4442400038 0.07314689085
v 0.1288649123 -0.4451245964 0.07155607454
v 0.1355478577 -0.4536478221 0.06953247823
v 0.1259822305 -0.4271935523 0.07719408348
v 0.1154990215 -0.4280781448 0.07560326718
v 0.1221819669 -0.4366013706 0.07357967086
v 0.1183817033 -0.4460091889 0.06996525824
v 0.1078984942 -0.4468937814 0.06837444194
v 0.1145814396 -0.4554170072 0.06635084562
v 0.2814530954 -0.3067905307 0.1321446374
v 0.2737580761 -0.313655436 0.13030052
v 0.2833555043 -0.3158462048 0.1283227112
v 0.2622582391 -0.3024089932 0.136100255
v 0.2545632198 -0.3092738986 0.1342561375
v 0.264160648 -0.3114646673 0.1322783288
v 0.2660630569 -0.3205203414 0.1284564026
v 0.2583680376 -0.3273852468 0.1266122852
v 0.2679654658 -0.3295760155 0.1246344764
v 0.3192550614 -0.371537067 0.09075994045
v 0.3167634308 -0.3627946153 0.09596976452
v 0.3090377375 -0.3702295125 0.09517471306
v 0.334706448 -0.3566672727 0.09235004336
v 0.3322148174 -0.3479248211 0.09755986743
v 0.3244891241 -0.3553597182 0.09676481597
v 0.3142718002 -0.3540521637 0.1011795886
v 0.3117801696 -0.345309712 0.1063894127
v 0.3040544763 -0.3527446091 0.1055943612
v 0.2870269865 -0.2480175756 0.1523525342
v 0.2976083979 -0.2465788163 0.1510642692
v 0.2900567725 -0.2379462942 0.1543290466
v 0.3021302372 -0.2652826197 0.1458229795
v 0.3127116486 -0.2638438605 0.1445347145
v 0.3051600233 -0.2552113384 0.1477994919
v 0.3081898093 -0.2451400571 0.1497760043
v 0.3187712207 -0.2437012978 0.1484877393
v 0.3112195954 -0.2350687757 0.1517525166
v 0.2797364295 -0.4018560797 0.08847477287
v 0.2699963935 -0.4023372903 0.09019929171
v 0.274648834 -0.4113174304 0.08505957574
v 0.2704315484 -0.3838957995 0.09875420481
v 0.2653439529 -0.3933571503 0.09533900768
v 0.2602563575 -0.402818501 0.09192381054
v 0.2551687621 -0.4122798517 0.08850861341
v 0.3449064046 -0.3589938879 0.08668975532
v 0.3547139466 -0.3596482947 0.08120621368
v 0.3522396833 -0.3498867825 0.08766155317
v 0.3498549312 -0.3785169125 0.07377907634
v 0.3596624732 -0.3791713193 0.0682955347
v 0.3571882099 -0.369409807 0.07475087419
v 0.3645214885 -0.3603027016 0.07572267205
v 0.3743290305 -0.3609571084 0.07023913041
v 0.3718547672 -0.3511955962 0.0766944699
v 0.3664301857 -0.2348811179 0.1373513564
v 0.3758716956 -0.2333609685 0.1336348131
v 0.3698540181 -0.2257522717 0.1382511854
v 0.3784655407 -0.2500985116 0.1281186119
v 0.3879070505 -0.2485783622 0.1244020686
v 0.3818893731 -0.2409696653 0.1290184408
v 0.3853132054 -0.2318408191 0.1299182698
v 0.3947547153 -0.2303206697 0.1262017265
v 0.3887370378 -0.2227119729 0.1308180988
v 0.309417963 -0.3354040012 0.112878982
v 0.3067898825 -0.3266487867 0.1177196428
v 0.2989347652 -0.3352469429 0.1156448461
v 0.3251281977 -0.3182076886 0.1170285754
v 0.3225001171 -0.3094524741 0.1218692362
v 0.3146449998 -0.3180506304 0.1197944395
v 0.3041618019 -0.3178935722 0.1225603037
v 0.3015337214 -0.3091383576 0.1274009645
v 0.2936786041 -0.3177365139 0.1253261678
v 0.3832476884 -0.3837466761 0.05144068971
v 0.3779146671 -0.3924345449 0.04993799143
v 0.3882208318 -0.390923962 0.04464364238
v 0.3626353592 -0.3867678419 0.0620293878
v 0.3573023379 -0.3954557106 0.06052668951
v 0.3676085025 -0.3939451277 0.05523234047
v 0.3725816458 -0.4011224136 0.04843529314
v 0.3672486246 -0.4098102823 0.04693259485
v 0.3775547892 -0.4082996994 0.04163824581
v 0.3429269865 -0.3119792417 0.1132098809
v 0.351403445 -0.3068220988 0.1120851189
v 0.3414597735 -0.3044523895 0.1179786101
v 0.3628143296 -0.3167186603 0.1014228985
v 0.3712907881 -0.3115615174 0.1002981365
v 0.3613471165 -0.3091918081 0.1061916277
v 0.3598799035 -0.3016649559 0.1109603569
v 0.368356362 -0.296507813 0.1098355949
v 0.3584126905 -0.2941381037 0.1157290861
v 0.4394113868 -0.3252040371 0.04757082835
v 0.4419301376 -0.332929641 0.04085423099
v 0.4264052659 -0.3413628414 0.04740436748
v 0.4289240167 -0.3490884453 0.04068777012
v 0.4354270771 -0.3410090432 0.04077100055
v 0.4444488883 -0.3406552449 0.03413763363
v 0.446967639 -0.3483808488 0.02742103627
v 0.4147723168 -0.4340058193 0.0052298964
v 0.4071558118 -0.4328627512 0.009382410906
v 0.4099100977 -0.4179164246 0.0156896892
v 0.4022935927 -0.4167733565 0.01984220371
v 0.4047247022 -0.4248180538 0.01461230731
v 0.3995393068 -0.4317196831 0.01353492541
v 0.3919228017 -0.430576615 0.01768743992
v 0.4518811256 -0.2757274583 0.0696769245
v 0.455969952 -0.2657239251 0.0725474041
v 0.4458392933 -0.2709832825 0.0773658175
v 0.4721424431 -0.2652087435 0.06004009768
v 0.4762312695 -0.2552052103 0.06291057728
v 0.4661006108 -0.2604645677 0.06772899069
v 0.4600587785 -0.2557203919 0.07541788369
v 0.464147605 -0.2457168587 0.07828836329
v 0.4540169463 -0.250976216 0.0831067767
v 0.197742939 -0.2611367553 0.1415511109
v 0.2025678419 -0.2695679814 0.1406758279
v 0.2054817788 -0.2593130767 0.1439928226
v 0.1919150651 -0.2816465646 0.1349171214
v 0.1967399679 -0.2900777906 0.1340418383
v 0.1996539049 -0.279822886 0.1373588331
v 0.2073927447 -0.2779992074 0.1398005448
v 0.2122176476 -0.2864304334 0.1389252618
v 0.2151315846 -0.2761755288 0.1422422566
v 0.1545667686 -0.3395287171 0.1102365237
v 0.1566544697 -0.3295475319 0.113391472
v 0.1460854448 -0.33183676 0.1102982312
v 0.1757048182 -0.3349502608 0.1164230052
v 0.1777925193 -0.3249690756 0.1195779536
v 0.1672234945 -0.3272583038 0.1164847128
v 0.1587421708 -0.3195663467 0.1165464204
v 0.1608298719 -0.3095851615 0.1197013687
v 0.1502608471 -0.3118743896 0.116608128
v 0.2787058353 -0.1627674438 0.1745422855
v 0.2699941993 -0.1615370288 0.175252486
v 0.2718132138 -0.1701165475 0.1732931994
v 0.2750678062 -0.1456084065 0.1784608588
v 0.2663561702 -0.1443779916 0.1791710593
v 0.2681751847 -0.1529575102 0.1772117727
v 0.2612825632 -0.1603066139 0.1759626865
v 0.2525709271 -0.1590761989 0.1766728871
v 0.2543899417 -0.1676557176 0.1747136004
v 0.2499082014 -0.1752904095 0.1728915572
v 0.2586198375 -0.1765208244 0.1721813567
v 0.2583679929 -0.1930206232 0.1678270698
v 0.267079629 -0.1942510381 0.1671168692
v 0.2628497332 -0.1853859313 0.169649113
v 0.2673314735 -0.1777512394 0.1714711562
v 0.2760431096 -0.1789816543 0.1707609557
v 0.2366641127 -0.1959106624 0.1658005789
v 0.2410788089 -0.1890372448 0.1681642383
v 0.2324342169 -0.1870455556 0.1683328226
v 0.2539532967 -0.1998940408 0.1654634103
v 0.2497234009 -0.191028934 0.167995654
v 0.2454935052 -0.1821638271 0.1705278978
v 0.2412636094 -0.1732987203 0.1730601415
v 0.2937733307 -0.2660467289 0.1467078291
v 0.3013249561 -0.274679251 0.1434430517
v 0.27867008 -0.2487816848 0.1532373838
v 0.2862217054 -0.2574142069 0.1499726065
v 0.2854164243 -0.2668108381 0.1475926787
v 0.2770595178 -0.2675749473 0.1484775282
v 0.2846111432 -0.2762074694 0.1452127509
v 0.3196235523 -0.1451717671 0.173841998
v 0.3163941875 -0.133811241 0.1765264757
v 0.3100490719 -0.1430197209 0.1757909544
v 0.3323137835 -0.1267548073 0.1753130406
v 0.3290844187 -0.1153942812 0.1779975183
v 0.3227393031 -0.1246027611 0.177261997
v 0.3131648228 -0.1224507149 0.1792109534
v 0.309935458 -0.1110901888 0.1818954311
v 0.3035903424 -0.1202986687 0.1811599098
v 0.2832562029 -0.1413667277 0.1785917282
v 0.2900342494 -0.1343440413 0.1794477887
v 0.2800268382 -0.1300062016 0.1812762059
v 0.3032710254 -0.1500424072 0.1749348938
v 0.3000416607 -0.1386818811 0.1776193716
v 0.2968122959 -0.127321355 0.1803038493
v 0.2935829312 -0.115960829 0.182988327
v 0.3332191929 -0.2030747607 0.1557141729
v 0.3390660062 -0.2116704471 0.1518400684
v 0.3428720683 -0.2014853619 0.1535900421
v 0.3256070688 -0.2234449312 0.1522142254
v 0.3314538822 -0.2320406176 0.1483401209
v 0.3352599442 -0.2218555324 0.1500900947
v 0.3449128196 -0.2202661335 0.1479659639
v 0.3507596329 -0.22886182 0.1440918595
v 0.3545656949 -0.2186767347 0.1458418332
v 0.4070651978 -0.2191545479 0.1225232687
v 0.4103305414 -0.2098877095 0.1233226527
v 0.4014438912 -0.2119249851 0.1279009394
v 0.4248384982 -0.2150799967 0.1133666951
v 0.4281038418 -0.2058131583 0.1141660791
v 0.4192171916 -0.2078504339 0.1187443659
v 0.413595885 -0.200620871 0.1241220366
v 0.4168612286 -0.1913540326 0.1249214206
v 0.4079745784 -0.1933913082 0.1294997074
v 0.3689483777 -0.2524796575 0.1314042956
v 0.3749660552 -0.2600883543 0.1267879233
v 0.3569130227 -0.2372622639 0.1406370401
v 0.3629307002 -0.2448709607 0.1360206679
v 0.3594312146 -0.2548608035 0.1346899793
v 0.3499140516 -0.2572419494 0.1379756629
v 0.3559317291 -0.2648506463 0.1333592907
v 0.4308237657 -0.1177967116 0.1358538792
v 0.4363181666 -0.1245847568 0.1302436497
v 0.4385305494 -0.1148149967 0.1313533615
v 0.426399 -0.1373362318 0.1336344555
v 0.4318934008 -0.1441242769 0.1280242261
v 0.4341057837 -0.1343545169 0.1291339379
v 0.4418125674 -0.131372802 0.1246334203
v 0.4473069683 -0.1381608471 0.1190231908
v 0.4495193511 -0.1283910871 0.1201329026
v 0.4219800308 -0.2248561159 0.1125346571
v 0.430866681 -0.2228188403 0.1079563703
v 0.4042067304 -0.228930667 0.1216912307
v 0.4130933806 -0.2268933915 0.1171129439
v 0.4191215634 -0.234632235 0.1117026191
v 0.416263096 -0.2444083542 0.1108705811
v 0.4251497462 -0.2423710786 0.1062922943
v 0.4914694801 -0.1284706648 0.08845417015
v 0.4990841746 -0.1248907875 0.08277717046
v 0.4938580319 -0.118849799 0.08881466836
v 0.5019217655 -0.1405526418 0.07637917437
v 0.50953646 -0.1369727645 0.07070217468
v 0.5043103173 -0.130931776 0.07673967257
v 0.5066988692 -0.1213109102 0.07710017078
v 0.5143135637 -0.1177310329 0.07142317109
v 0.509087421 -0.1116900444 0.07746066898
v 0.4806954712 -0.0576076312 0.1156181842
v 0.4820951149 -0.04915504064 0.1149363667
v 0.4746320322 -0.05245279148 0.1203028932
v 0.4956216365 -0.05101212952 0.1048851311
v 0.4970212802 -0.04255953897 0.1042033136
v 0.4895581976 -0.04585728981 0.1095698401
v 0.4834947586 -0.04070245009 0.1142545491
v 0.4848944023 -0.03224985953 0.1135727316
v 0.4774313197 -0.03554761037 0.1189392582
v 0.1755558439 -0.1499305777 0.1619895138
v 0.1835052408 -0.1445863564 0.1648671143
v 0.1738788635 -0.1396887358 0.1635169461
v 0.1948085986 -0.1597258188 0.1646898501
v 0.2027579956 -0.1543815974 0.1675674506
v 0.1931316182 -0.1494839769 0.1662172824
v 0.1914546378 -0.139242135 0.1677447148
v 0.1994040348 -0.1338979136 0.1706223153
v 0.1897776574 -0.1290002931 0.1692721471
v 0.1566477306 -0.02540749032 0.1819401048
v 0.1682702266 -0.02506270818 0.1839122288
v 0.1594754979 -0.01792438421 0.1836892068
v 0.174237188 -0.03968413826 0.1823861487
v 0.1858596839 -0.03933935612 0.1843582727
v 0.1770649552 -0.03220103215 0.1841352507
v 0.1798927225 -0.02471792605 0.1858843528
v 0.1915152185 -0.02437314391 0.1878564768
v 0.1827204898 -0.01723481994 0.1876334548
v 0.1909387447 -0.2021426186 0.154490348
v 0.1823420003 -0.2060053311 0.1513898633
v 0.1905974634 -0.2119758762 0.1521699131
v 0.1744278185 -0.1902015284 0.1529302485
v 0.1658310741 -0.1940642409 0.1498297639
v 0.1740865372 -0.200034786 0.1506098136
v 0.1737452559 -0.2098680437 0.1482893787
v 0.1651485115 -0.2137307562 0.1451888941
v 0.1734039746 -0.2197013013 0.1459689438
v 0.2977580503 -0.09809657931 0.1851665527
v 0.2882652879 -0.09554743953 0.1854396649
v 0.2908682153 -0.1063890029 0.1841174997
v 0.2925521955 -0.07641345263 0.1878108829
v 0.2830594331 -0.07386431284 0.1880839951
v 0.2856623605 -0.08470587619 0.18676183
v 0.2787725255 -0.09299829975 0.1857127771
v 0.2692797631 -0.09044915996 0.1859858893
v 0.2718826905 -0.1012907233 0.1846637242
v 0.3944230676 -0.08323668316 0.1625162289
v 0.3872988075 -0.0920862034 0.1637046039
v 0.3972115368 -0.09197769687 0.1599438414
v 0.374597609 -0.08345369622 0.1700377539
v 0.367473349 -0.09230321646 0.1712261289
v 0.3773860782 -0.09219470993 0.1674653664
v 0.3801745474 -0.1009357236 0.164892979
v 0.3730502874 -0.1097852439 0.166081354
v 0.3829630166 -0.1096767373 0.1623205915
v 0.3355111554 -0.1074501686 0.1774542294
v 0.3259366751 -0.1052981224 0.1794031858
v 0.3292156681 -0.08725785092 0.1802655645
v 0.3196411878 -0.08510580473 0.1822145209
v 0.3227889314 -0.09520196356 0.1808088534
v 0.3163621947 -0.1031460762 0.1813521422
v 0.3067877144 -0.10099403 0.1833010986
v 0.4109501764 -0.03134899156 0.156683594
v 0.4023559093 -0.03318342601 0.1599195972
v 0.4084501937 -0.04147581849 0.1575979069
v 0.3987616077 -0.0147642066 0.1613269746
v 0.3901673406 -0.01659864106 0.1645629779
v 0.396261625 -0.02489103354 0.1622412875
v 0.3937616423 -0.03501786047 0.1631556004
v 0.3851673752 -0.03685229493 0.1663916036
v 0.3912616596 -0.04514468741 0.1640699133
v 0.4880714789 0.03155503748 0.1050291322
v 0.4804503247 0.02693993249 0.1111451928
v 0.4875168055 0.02160585555 0.1062924694
v 0.4739385173 0.04222319135 0.1147345789
v 0.4663173631 0.03760808636 0.1208506394
v 0.4733838439 0.03227400943 0.1159979161
v 0.4728291705 0.0223248275 0.1172612533
v 0.4652080163 0.01770972251 0.1233773138
v 0.4722744972 0.01237564557 0.1185245905
v 0.5409348607 0.1069591511 0.04638641048
v 0.5381408185 0.09902364574 0.05068436638
v 0.5455016941 0.09634468332 0.04356131237
v 0.5262131095 0.112317076 0.06063251849
v 0.5234190673 0.1043815706 0.06493047439
v 0.5307799429 0.1017026082 0.05780742038
v 0.5353467762 0.09108814038 0.05498232227
v 0.532552734 0.08315263502 0.05928027816
v 0.5399136096 0.0804736726 0.05215722416
v 0.4472097158 0.08783664741 0.1292175427
v 0.4421142936 0.0960977599 0.1317685544
v 0.4382964075 0.08691615425 0.135293372
v 0.4548454881 0.1061998587 0.1221679077
v 0.4497500658 0.1144609712 0.1247189194
v 0.4459321797 0.1052793656 0.1282437369
v 0.4370188713 0.1043588724 0.1343195662
v 0.431923449 0.1126199849 0.1368705779
v 0.4281055629 0.1034383792 0.1403953955
v 0.4677140713 0.05608954374 0.1180263665
v 0.4618440196 0.0638639871 0.121315131
v 0.4610019848 0.05533171166 0.1228760667
v 0.4693981409 0.07315409463 0.114904495
v 0.4635280892 0.08092853799 0.1181932595
v 0.4626860544 0.07239626255 0.1197541952
v 0.4559739679 0.07163843047 0.1246038955
v 0.4501039162 0.07941287383 0.12789266
v 0.4492618814 0.07088059839 0.1294535957
v 0.1963897161 -0.1139233503 0.1737188064
v 0.1883772165 -0.1090836097 0.1730467565
v 0.1897145547 -0.118816331 0.1714776978
v 0.1937150396 -0.0944579076 0.1768569238
v 0.18570254 -0.08961816691 0.176184874
v 0.1870398782 -0.09935088828 0.1746158153
v 0.1803647168 -0.104243869 0.1723747067
v 0.1723522171 -0.09940412827 0.1717026569
v 0.1736895554 -0.1091368496 0.1701335981
v 0.2299369387 0.04463290796 0.1966554783
v 0.2345700637 0.03448858857 0.1965263076
v 0.2400936894 0.04308810085 0.1968304142
v 0.2188896872 0.0274338834 0.1960472651
v 0.2235228121 0.01728956401 0.1959180944
v 0.2290464379 0.02588907629 0.196222201
v 0.2392031886 0.02434426919 0.1963971369
v 0.2438363135 0.0141999498 0.1962679662
v 0.2493599392 0.02279946208 0.1965720728
v 0.1828110181 0.02035614196 0.1916426755
v 0.1882187761 0.02929307986 0.1934066974
v 0.1780337617 0.02980033681 0.1920398697
v 0.203181047 0.01934162807 0.1943763308
v 0.208588805 0.02827856597 0.1961403526
v 0.1984037906 0.02878582291 0.194773525
v 0.1936265342 0.03823001776 0.1951707192
v 0.1990342923 0.04716695566 0.196934741
v 0.1888492778 0.0476742126 0.1955679134
v 0.2070164755 -0.05331032351 0.1868274137
v 0.2013580687 -0.06062338408 0.1843755357
v 0.2093529217 -0.06278600451 0.1857816167
v 0.1910267696 -0.04898508266 0.1840152517
v 0.1853683628 -0.05629814323 0.1815633737
v 0.1933632158 -0.05846076366 0.1829694547
v 0.195699662 -0.06793644466 0.1819236577
v 0.1900412552 -0.07524950523 0.1794717796
v 0.1980361082 -0.07741212565 0.1808778606
v 0.2894852832 0.01543010515 0.193948973
v 0.2793145925 0.01719596097 0.1947098635
v 0.2845051363 0.007357575232 0.1941602305
v 0.2791041955 0.03510687663 0.1950482391
v 0.2689335048 0.03687273245 0.1958091296
v 0.2741240487 0.02703434671 0.1952594966
v 0.2691439018 0.01896181679 0.1954707541
v 0.2589732111 0.02072767261 0.1962316446
v 0.2641637549 0.01088928687 0.1956820115
v 0.2409526408 0.1193137877 0.1945580505
v 0.2439269088 0.1085867323 0.1948928423
v 0.2511647455 0.1177698895 0.1939718053
v 0.2264769673 0.1009474732 0.1964001246
v 0.2294512354 0.09022041783 0.1967349164
v 0.2366890721 0.09940357506 0.1958138794
v 0.2469011769 0.09785967693 0.1952276342
v 0.2498754449 0.08713262156 0.195562426
v 0.2571132816 0.09631577879 0.194641389
v 0.3495816365 0.1032164805 0.1752002984
v 0.3534025326 0.0935533084 0.1750170253
v 0.3598082662 0.09803937376 0.1724691503
v 0.3367701694 0.09424434975 0.1802960485
v 0.3405910656 0.08458117768 0.1801127754
v 0.3469967991 0.08906724304 0.1775649004
v 0.3572234288 0.08389013633 0.1748337522
v 0.3610443249 0.07422696427 0.1746504791
v 0.3674500585 0.07871302962 0.1721026041
v 0.2905713618 0.1403290741 0.1852932461
v 0.2993296236 0.135534998 0.1835518219
v 0.2991610914 0.1454629153 0.1823204309
v 0.290908426 0.1204732396 0.187756028
v 0.2996666878 0.1156791635 0.1860146038
v 0.2994981557 0.1256070808 0.1847832128
v 0.3080878854 0.1307409219 0.1818103977
v 0.3168461472 0.1259468459 0.1800689735
v 0.316677615 0.1358747631 0.1788375825
v 0.3008988276 0.1053485628 0.1874515451
v 0.3094885573 0.110482404 0.18447873
v 0.3205425665 0.09495504387 0.1843797974
v 0.3291322961 0.1000888851 0.1814069822
v 0.3193104267 0.1052856445 0.1829428561
v 0.3180782869 0.1156162452 0.1815059148
v 0.3266680166 0.1207500864 0.1785330996
v 0.3915622756 0.2071333043 0.1331853233
v 0.4005379751 0.2067416087 0.1281311363
v 0.3948245496 0.2153478228 0.1281565912
v 0.4029891267 0.1899208762 0.1331344135
v 0.4119648263 0.1895291805 0.1280802265
v 0.4062514007 0.1981353946 0.1281056814
v 0.4095136747 0.206349913 0.1230769493
v 0.4184893742 0.2059582174 0.1180227622
v 0.4127759486 0.2145644315 0.1180482171
v 0.38051828 0.2247647271 0.1329257563
v 0.3710118756 0.224475652 0.1372237951
v 0.3763424456 0.2154504433 0.137508817
v 0.3698571399 0.2428151444 0.1323557124
v 0.3603507355 0.2425260693 0.1366537511
v 0.3656813055 0.2335008606 0.1369387731
v 0.3615054712 0.2241865769 0.1415218338
v 0.3519990668 0.2238975018 0.1458198726
v 0.3573296368 0.2148722932 0.1461048946
v 0.302496843 0.279194586 0.148502361
v 0.3076941296 0.2703296989 0.1497001462
v 0.3120525777 0.2788114175 0.1448981017
v 0.2937799469 0.2622311488 0.15810645
v 0.2989772335 0.2533662617 0.1593042351
v 0.3033356816 0.2618479803 0.1545021906
v 0.3128914163 0.2614648119 0.1508979313
v 0.3180887029 0.2525999248 0.1520957164
v 0.3224471509 0.2610816434 0.147293672
v 0.3953673244 0.1363802385 0.1517239586
v 0.401727438 0.1278738733 0.1504283734
v 0.4039297998 0.1372185871 0.1468331628
v 0.3909626007 0.1176908109 0.1589143798
v 0.3973227143 0.1091844458 0.1576187946
v 0.3995250762 0.1185291596 0.154023584
v 0.4080875516 0.1193675082 0.1491327882
v 0.4144476652 0.1108611431 0.147837203
v 0.416650027 0.1202058569 0.1442419924
v 0.4697922617 0.1757933162 0.09966250323
v 0.4655589014 0.1698225364 0.1039273031
v 0.4744296372 0.1682061516 0.09934461676
v 0.4520507902 0.1790260859 0.1088278759
v 0.4478174299 0.1730553061 0.1130926758
v 0.4566881657 0.1714389212 0.1085099895
v 0.4613255411 0.1638517566 0.108192103
v 0.4570921808 0.1578809768 0.1124569029
v 0.4659629166 0.156264592 0.1078742165
v 0.3727674708 0.2966674492 0.1097712982
v 0.3640057743 0.2972551361 0.1147126891
v 0.3696649447 0.2875675112 0.115147898
v 0.3614491299 0.3160426989 0.1089008804
v 0.3526874334 0.3166303858 0.1138422713
v 0.3583466038 0.3069427609 0.1142774802
v 0.3552440777 0.297842823 0.1196540799
v 0.3464823812 0.2984305099 0.1245954707
v 0.3521415517 0.288742885 0.1250306796
v 0.1699951738 0.08377612103 0.1962030642
v 0.1746717244 0.07490636315 0.1961457245
v 0.180227384 0.08322042413 0.1975039542
v 0.1588838547 0.06714799907 0.1934866048
v 0.1635604054 0.05827824119 0.1934292652
v 0.1691160649 0.06659230217 0.1947874948
v 0.1793482751 0.06603660528 0.1960883848
v 0.1840248257 0.0571668474 0.1960310452
v 0.1895804852 0.06548090838 0.1973892748
v 0.1161277983 0.1251450274 0.1925911792
v 0.1273468137 0.1227686312 0.193397589
v 0.1222626846 0.1323980056 0.1934354492
v 0.1262960564 0.1058862787 0.1925154589
v 0.1375150718 0.1035098825 0.1933218688
v 0.1324309427 0.1131392568 0.1933597289
v 0.138565829 0.120392235 0.1942039989
v 0.1497848444 0.1180158388 0.1950104088
v 0.1447007153 0.1276452132 0.1950482689
v 0.1874034889 0.1582559198 0.1943194941
v 0.1902839988 0.1670719422 0.1930947788
v 0.1801219247 0.1659869589 0.1933926903
v 0.2077276371 0.1604258865 0.1937236711
v 0.2106081471 0.1692419089 0.1924989559
v 0.200446073 0.1681569256 0.1927968673
v 0.1931645088 0.1758879647 0.1918700635
v 0.1960450187 0.1847039871 0.1906453483
v 0.1858829446 0.1836190037 0.1909432597
v 0.1671044491 0.125364162 0.1962063201
v 0.1724348702 0.1333396919 0.1958970018
v 0.1612501517 0.1332443468 0.1955453604
v 0.189473886 0.1255548522 0.1969096027
v 0.1948043071 0.1335303821 0.1966002844
v 0.1836195886 0.133435037 0.1962486431
v 0.1777652912 0.1413152218 0.1955876835
v 0.1830957122 0.1492907517 0.1952783652
v 0.1719109938 0.1491954066 0.1949267238
v 0.2503673322 0.1396903954 0.1923288405
v 0.2427921407 0.1479438767 0.1922760271
v 0.2406152859 0.1367504261 0.1935842
v 0.2547210418 0.1620772965 0.1897124946
v 0.2471458502 0.1703307778 0.1896596812
v 0.2449689955 0.1591373272 0.1909678541
v 0.2352169491 0.1561973579 0.1922232136
v 0.2276417576 0.1644508392 0.1921704002
v 0.2254649028 0.1532573886 0.1934785731
v 0.2404845171 0.2597133219 0.1683118194
v 0.235716857 0.2533628866 0.1709468849
v 0.2457210086 0.2521640286 0.1698465236
v 0.2204762138 0.262111038 0.1705125421
v 0.2157085538 0.2557606027 0.1731476076
v 0.2257127054 0.2545617446 0.1720472462
v 0.230949197 0.2470124513 0.1735819504
v 0.2261815369 0.240662016 0.1762170158
v 0.2361856885 0.239463158 0.1751166545
v 0.1354291327 0.2634686232 0.179639183
v 0.1280106772 0.269358553 0.1781097576
v 0.1251394879 0.2587474063 0.18076545
v 0.1411715113 0.2846909165 0.1743277982
v 0.1337530557 0.2905808464 0.1727983728
v 0.1308818664 0.2799696997 0.1754540652
v 0.1205922216 0.2752484828 0.1765803322
v 0.1131737661 0.2811384127 0.1750509068
v 0.1103025768 0.270527266 0.1777065992
v 0.2562586814 0.3164294809 0.1434280127
v 0.2646895424 0.3145652115 0.1421867311
v 0.2605065033 0.3236544877 0.1392083019
v 0.2646247596 0.2982509285 0.1493848711
v 0.2730556205 0.2963866591 0.1481435895
v 0.2688725814 0.3054759353 0.1451651603
v 0.2731204033 0.3127009422 0.1409454495
v 0.2815512642 0.3108366728 0.1397041678
v 0.2773682252 0.319925949 0.1367257386
v 0.1731700189 0.3230053186 0.1582299061
v 0.1838320307 0.322251074 0.1564435139
v 0.1788928434 0.3311072811 0.1543427594
v 0.1830483936 0.3052929044 0.1624314152
v 0.1937104054 0.3045386598 0.160645023
v 0.1887712181 0.3133948669 0.1585442685
v 0.1944940425 0.3214968294 0.1546571217
v 0.2051560543 0.3207425848 0.1528707296
v 0.200216867 0.3295987919 0.150769975
v 0.1906821728 0.2368646227 0.1813753471
v 0.1814033948 0.2354741171 0.1822931133
v 0.18790121 0.2273468636 0.1835322864
v 0.1776865423 0.2531191297 0.1788970008
v 0.1749055795 0.2436013706 0.1810539402
v 0.1721246168 0.2340836115 0.1832108796
v 0.1693436541 0.2245658524 0.1853678189
v 0.2108047381 0.3831437305 0.1245389227
v 0.2157343067 0.3753516749 0.1269930303
v 0.2218406312 0.3822725415 0.1222439837
v 0.1985920891 0.3693019971 0.134037016
v 0.2035216577 0.3615099415 0.1364911236
v 0.2096279822 0.3684308082 0.1317420769
v 0.2206638753 0.3675596192 0.1294471379
v 0.225593444 0.3597675636 0.1319012456
v 0.2316997685 0.3666884303 0.1271521989
v 0.2250911444 0.3031294048 0.1563522704
v 0.2146308981 0.3035991564 0.1577831879
v 0.21936832 0.2950274423 0.1602394171
v 0.2156163007 0.3202728331 0.151439812
v 0.2098934762 0.3121708706 0.1553269587
v 0.2041706517 0.3040689081 0.1592141055
v 0.1984478272 0.2959669456 0.1631012522
v 0.3652378395 0.351249285 0.09041220881
v 0.3712752536 0.341585122 0.09146445245
v 0.374424547 0.3500914425 0.08544663154
v 0.3589392528 0.3342366442 0.1024478506
v 0.3649766669 0.3245724812 0.1035000943
v 0.3681259602 0.3330788016 0.09748227336
v 0.3773126677 0.3319209591 0.09251669608
v 0.3833500817 0.3222567961 0.09356893972
v 0.3864993751 0.3307631165 0.08755111881
v -0.5776147991 -0.08804870024 0.01562210871
v -0.5844071954 -0.09451541491 0.01041473914
v -0.5759437382 -0.09836528264 0.01562210871
v -0.5945417136 -0.08034896478 0.00520736957
v -0.6013341099 -0.08681567945 0
v -0.5928706527 -0.09066554718 0.00520736957
v -0.5911995918 -0.1009821296 0.00520736957
v -0.5979919881 -0.1074488442 0
v -0.5895285308 -0.111298712 0.00520736957
v 0.4578935206 0.351426281 0.01955564879
v 0.466891773 0.3517747521 0.0147878034
v 0.4619928673 0.360006474 0.01430353615
v 0.4676913321 0.3349628374 0.02052418329
v 0.4766895846 0.3353113085 0.0157563379
v 0.4717906788 0.3435430303 0.01527207065
v 0.4758900255 0.3521232232 0.01001995802
v 0.4848882779 0.3524716944 0.005252112634
v 0.4799893722 0.3607034162 0.004767845385
v 0.2906514704 -0.5099012256 0.009231942007
v 0.3001970649 -0.512266323 0.006154628005
v 0.2982803285 -0.5053425282 0.009231942007
v 0.2944849432 -0.5237488151 0.003077314002
v 0.3040305376 -0.5261139125 0
v 0.3021138012 -0.5191901177 0.003077314002
v 0.3097426593 -0.5146314204 0.003077314002
v 0.3192882538 -0.5169965178 0
v 0.3173715174 -0.510072723 0.003077314002
v 0.3635972291 -0.4487719759 0.01898603281
v 0.3676817119 -0.4398847297 0.02407541359
v 0.3599683195 -0.4436493069 0.02486740518
v 0.3790240139 -0.4412428215 0.01740204962
v 0.3831084967 -0.4323555753 0.0224914304
v 0.3753951043 -0.4361201525 0.02328342199
v 0.3717661947 -0.4309974834 0.02916479437
v 0.3758506775 -0.4221102372 0.03425417515
v 0.3681372851 -0.4258748144 0.03504616674
v 0.2739428058 -0.4812085629 0.03575234022
v 0.2761124521 -0.4886689931 0.02898911177
v 0.2822257951 -0.48059614 0.03259894135
v 0.2617161199 -0.497354269 0.02853268106
v 0.2638857663 -0.5048146993 0.02176945261
v 0.2699991092 -0.4967418462 0.02537928219
v 0.2782820985 -0.4961294234 0.02222588332
v 0.2804517448 -0.5035898536 0.01546265488
v 0.2865650877 -0.4955170006 0.01907248446
v -0.2664543688 -0.5127470866 0.0152500621
v -0.2751132175 -0.5154632702 0.01224872982
v -0.2689756379 -0.5233310461 0.009003996849
v -0.2787295282 -0.4970115349 0.02173952805
v -0.2873883769 -0.4997277185 0.01873819577
v -0.2812507972 -0.5075954944 0.01549346279
v -0.2837720662 -0.5181794539 0.009247397538
v -0.2924309149 -0.5208956376 0.006246065255
v -0.2862933353 -0.5287634134 0.003001332283
v -0.3008267656 -0.4627051353 0.03898614505
v -0.2915930897 -0.4646956027 0.04094303725
v -0.2969129756 -0.4558827281 0.04561033193
v -0.2901869938 -0.4803308845 0.0296515557
v -0.2862732038 -0.4735084772 0.03627574258
v -0.2823594138 -0.46668607 0.04289992945
v -0.2784456238 -0.4598636627 0.04952411633
v -0.4954734892 -0.2183398083 0.0618219832
v -0.493874535 -0.2282747477 0.05947077554
v -0.4880052209 -0.2240760699 0.06553103216
v -0.5072121173 -0.226737164 0.04970146995
v -0.5056131631 -0.2366721034 0.04735026229
v -0.499743849 -0.2324734256 0.05341051891
v -0.4922755808 -0.2382096872 0.05711956788
v -0.4906766266 -0.2481446266 0.05476836022
v -0.4848073125 -0.2439459488 0.06082861684
v 0.523943305 -0.1041239295 0.06567685492
v 0.5260448307 -0.09442001022 0.0663006492
v 0.5188036412 -0.09840624779 0.07240746357
v 0.538425684 -0.09615145437 0.05346322618
v 0.5405272096 -0.08644753508 0.05408702046
v 0.5332860202 -0.09043377265 0.06019383483
v 0.5281463563 -0.08471609093 0.06692444347
v 0.530247882 -0.07501217164 0.06754823774
v 0.5230066925 -0.07899840921 0.07365505211
v 0.3634971008 -0.4207078665 0.04192621075
v 0.359412618 -0.4295951128 0.03683682997
v 0.3460477665 -0.4281484634 0.0455075372
v 0.3419632837 -0.4370357096 0.04041815642
v 0.3506879508 -0.4333154112 0.0386274932
v 0.3553281352 -0.4384823591 0.03174744919
v 0.3512436524 -0.4473696053 0.02665806841
v 0.4362960979 0.332907103 0.0469445372
v 0.4417166337 0.3232421875 0.04777349811
v 0.4449084401 0.3301984742 0.04145346396
v 0.4299124852 0.3189945295 0.05958460551
v 0.435333021 0.309329614 0.06041356642
v 0.4385248274 0.3162859008 0.05409353226
v 0.4471371695 0.313577272 0.04860245902
v 0.4525577053 0.3039123565 0.04943141993
v 0.4557495117 0.3108686432 0.04311138578
v -0.4683908001 0.2081749402 0.08696115203
v -0.4761687443 0.2097664811 0.08021228574
v -0.4759531468 0.2011560276 0.08464065567
v -0.468821995 0.2253958471 0.07810441218
v -0.4765999392 0.226987388 0.07135554589
v -0.4763843417 0.2183769345 0.07578391582
v -0.4839466885 0.2113580219 0.07346341945
v -0.4917246327 0.2129495628 0.06671455316
v -0.4915090352 0.2043391094 0.07114292309
v -0.1104338095 0.4901128337 0.07505689934
v -0.1021294165 0.4953889996 0.07189875282
v -0.1120505277 0.4977971837 0.06926382892
v -0.09059158713 0.4852964655 0.08032674715
v -0.08228719421 0.4905726314 0.07716860063
v -0.09220830537 0.4929808155 0.07453367673
v -0.09382502362 0.5006651655 0.06874060631
v -0.0855206307 0.5059413314 0.06558245979
v -0.09544174187 0.5083495155 0.06294753589
v -0.2085872442 0.5123862922 0.04417517502
v -0.2173770964 0.5164764374 0.03748227423
v -0.2179688215 0.5083415061 0.04411409469
v -0.2074037939 0.5286561549 0.03091153409
v -0.2161936462 0.5327463001 0.02421863331
v -0.2167853713 0.5246113688 0.03085045377
v -0.2261669487 0.5205665827 0.03078937344
v -0.2349568009 0.5246567279 0.02409647265
v -0.235548526 0.5165217966 0.03072829312
v 0.4524284825 -0.1449223422 0.1138036922
v 0.4577840716 -0.1513774917 0.1082689092
v 0.4603693411 -0.1416342817 0.1089878902
v 0.4472579435 -0.164408762 0.1123657301
v 0.4526135325 -0.1708639115 0.1068309471
v 0.4551988021 -0.1611207016 0.1075499281
v 0.4631396607 -0.1578326412 0.1027341262
v 0.4684952497 -0.1642877907 0.09719934314
v 0.4710805193 -0.1545445807 0.09791832417
v 0.4489194751 0.2106766328 0.09838865325
v 0.4452206343 0.2034594342 0.1033612452
v 0.4542765766 0.2022940665 0.09849278629
v 0.4308075905 0.2130073681 0.1081255712
v 0.4271087497 0.2057901695 0.1130981632
v 0.436164692 0.2046248019 0.1082297042
v 0.4415217936 0.1962422356 0.1083338372
v 0.4378229529 0.189025037 0.1133064292
v 0.4468788952 0.1878596693 0.1084379703
v 0.4163388982 0.2230470814 0.1127340365
v 0.4073631987 0.223438777 0.1177882235
v 0.4055133983 0.2407957725 0.1122140493
v 0.3965376988 0.2411874682 0.1172682364
v 0.4019504488 0.2323131226 0.11752823
v 0.3983874992 0.2238304727 0.1228424106
v 0.3894117996 0.2242221683 0.1278965976
v -0.1423594169 0.4285656288 0.1115680188
v -0.1401835717 0.4196772948 0.1165423971
v -0.1571221091 0.4177312478 0.117125839
v -0.1549462639 0.4088429138 0.1221002173
v -0.1475649178 0.4142601043 0.1193213072
v -0.1380077265 0.4107889608 0.1215167753
v -0.1358318813 0.4019006267 0.1264911536
v -0.4195971787 -0.2178311907 0.1163061969
v -0.4134450033 -0.2236666009 0.1186014917
v -0.4319015294 -0.2061603703 0.1117156073
v -0.4257493541 -0.2119957805 0.1140109021
v -0.4256490543 -0.2225077488 0.1113977898
v -0.43170093 -0.2271843068 0.1064893827
v -0.4255487546 -0.233019717 0.1087846775
v -0.3929942846 -0.1271637343 0.1529455408
v -0.3845815137 -0.1316059269 0.1556962691
v -0.3842350617 -0.1235331073 0.1579408683
v -0.3936871886 -0.1433093734 0.1484563425
v -0.3852744177 -0.147751566 0.1512070708
v -0.3849279657 -0.1396787465 0.15345167
v -0.3761687428 -0.1360481195 0.1584469974
v -0.3677559718 -0.1404903121 0.1611977257
v -0.3674095199 -0.1324174926 0.1634423248
v 0.4209499434 -0.1563606113 0.1319683306
v 0.4260714576 -0.1631221063 0.1267488319
v 0.4293081313 -0.1538674869 0.127305245
v 0.4144765958 -0.1748698503 0.1308555044
v 0.41959811 -0.1816313453 0.1256360058
v 0.4228347838 -0.1723767258 0.1261924189
v 0.4311929718 -0.1698836014 0.1215293333
v 0.436314486 -0.1766450964 0.1163098346
v 0.4395511597 -0.1673904769 0.1168662477
v -0.219079718 -0.4643281624 0.06306520477
v -0.2273162976 -0.4633729458 0.06213371642
v -0.2026065588 -0.4662385955 0.06492818147
v -0.2108431384 -0.465283379 0.06399669312
v -0.2146222666 -0.4577532336 0.06795947812
v -0.2101648152 -0.4511783049 0.07285375148
v -0.2184013948 -0.4502230883 0.07192226313
v -0.3713014275 0.115631206 0.1663406231
v -0.3621632233 0.1162443925 0.1690020375
v -0.3603058904 0.09524417855 0.1733661704
v -0.3511676863 0.09585736506 0.1760275848
v -0.3566654548 0.1060508788 0.1725148112
v -0.3530250192 0.116857579 0.1716634519
v -0.343886815 0.1174707655 0.1743248664
v 0.3344058767 0.1341842115 0.1739940494
v 0.3353303149 0.1451762617 0.1717340201
v 0.3263603151 0.1420727372 0.174836129
v 0.3523458764 0.1403912604 0.1677898318
v 0.3532703146 0.1513833106 0.1655298024
v 0.3443003148 0.1482797861 0.1686319113
v 0.3362547532 0.1561683118 0.1694739908
v 0.3371791914 0.167160362 0.1672139615
v 0.3282091916 0.1640568376 0.1703160703
v 0.3242885992 0.185501866 0.1675049663
v 0.3148091212 0.1884031631 0.1697801203
v 0.3196541518 0.1779501848 0.170331195
v 0.314598538 0.2064078227 0.1664028168
v 0.30511906 0.2093091197 0.1686779708
v 0.3099640906 0.1988561414 0.1692290455
v 0.3053296432 0.1913044602 0.1720552742
v 0.2958501652 0.1942057572 0.1743304282
v 0.3006951958 0.1837527789 0.174881503
v 0.3522554189 -0.200621929 0.1505871192
v 0.3464086056 -0.1920262426 0.1544612236
v 0.3639490455 -0.2178133018 0.1428389102
v 0.3581022322 -0.2092176154 0.1467130147
v 0.3616387695 -0.1997584961 0.1475841962
v 0.3710221201 -0.1988950633 0.1445812732
v 0.3651753068 -0.1902993768 0.1484553777
v -0.3100013658 -0.200447008 0.1614355221
v -0.3192644492 -0.2017740235 0.1591364779
v -0.3124569207 -0.2105857059 0.1584197246
v -0.3236164227 -0.1828236431 0.1628690287
v -0.3328795061 -0.1841506585 0.1605699845
v -0.3260719776 -0.192962341 0.1598532312
v -0.3285275325 -0.2031010389 0.1568374336
v -0.3377906159 -0.2044280544 0.1545383893
v -0.3309830874 -0.2132397369 0.153821636
v 0.2402580529 -0.4207255021 0.08639924042
v 0.2448874749 -0.4283681959 0.08074228652
v 0.2500581481 -0.4204037562 0.08457617834
v 0.2299167067 -0.4366543815 0.07873145677
v 0.2345461287 -0.4442970753 0.07307450287
v 0.2397168018 -0.4363326356 0.07690839469
v 0.2495168969 -0.4360108897 0.07508533262
v 0.2541463189 -0.4436535835 0.06942837872
v 0.259316992 -0.4356891438 0.07326227054
v -0.2039676346 -0.5127603561 0.03560088901
v -0.1936116666 -0.5169223249 0.03462313162
v -0.1947935633 -0.5078505427 0.0402282672
v -0.201603841 -0.5309039205 0.02439061785
v -0.1924297698 -0.5259941071 0.02901799604
v -0.1832556985 -0.5210842937 0.03364537423
v -0.1740816273 -0.5161744803 0.03827275243
v 0.3277488872 0.0558126187 0.1873165071
v 0.3204351589 0.05212410539 0.1888330765
v 0.329883039 0.04700769205 0.1876204498
v 0.3088531271 0.06604544539 0.1897417605
v 0.3015393987 0.06235693209 0.1912583299
v 0.3109872788 0.05724051874 0.1900457032
v 0.3131214306 0.04843559209 0.1903496459
v 0.3058077022 0.04474707879 0.1918662153
v 0.3152555823 0.03963066544 0.1906535886
v 0.3088437915 0.1516608894 0.1783189774
v 0.3000855297 0.1564549655 0.1800604016
v 0.3176020533 0.1468668133 0.1765775532
v 0.3185264915 0.1578588635 0.1743175238
v 0.3194509298 0.1688509136 0.1720574945
v 0.10399523 0.2844115421 0.1739970781
v 0.09613737464 0.2905061245 0.1723221429
v 0.09502626583 0.2825117782 0.1745022386
v 0.1062174477 0.3004002348 0.1696368866
v 0.09835959226 0.3064948171 0.1679619513
v 0.09724848345 0.2985004708 0.1701420471
v 0.08827951923 0.2966007069 0.1706472076
v 0.08042166382 0.3026952893 0.1689722724
v 0.07931055501 0.2947009429 0.1711523682
v 0.2909641713 -0.2004265301 0.164227955
v 0.2857281119 -0.2102877609 0.1621642001
v 0.2951835394 -0.209801361 0.1618085764
v 0.2720533162 -0.20139933 0.1649392024
v 0.2668172568 -0.2112605609 0.1628754474
v 0.2762726843 -0.2107741609 0.1625198238
v 0.2804920524 -0.2201489918 0.1601004452
v 0.275255993 -0.2300102226 0.1580366902
v 0.2847114205 -0.2295238227 0.1576810665
v 0.1353480667 -0.5457284898 0.0229971041
v 0.1250297856 -0.5478603393 0.02277370822
v 0.1324507575 -0.5542373359 0.01857411908
v 0.1205061227 -0.5329744965 0.03139628237
v 0.1101878416 -0.535106346 0.03117288649
v 0.1176088136 -0.5414833426 0.02697329735
v 0.1147115044 -0.5499921888 0.02255031234
v 0.1043932233 -0.5521240383 0.02232691646
v 0.1118141953 -0.558501035 0.01812732732
v -0.2051565349 0.109594956 0.1974706762
v -0.1989713162 0.1016938612 0.1975374073
v -0.1949538887 0.1113578528 0.1976031996
v -0.21319139 0.09026697278 0.1973390914
v -0.2070061713 0.08236587793 0.1974058226
v -0.2029887438 0.09202986956 0.1974716149
v -0.1927860975 0.09379276633 0.1976041384
v -0.1866008788 0.08589167148 0.1976708695
v -0.1825834513 0.09555566311 0.1977366619
v -0.230978895 0.00550049555 0.1953177638
v -0.2408024743 0.008832578547 0.1958084814
v -0.2391712107 -0.002317247563 0.1953287646
v -0.2342414223 0.02780014777 0.1962771975
v -0.2440650016 0.03113223077 0.196767915
v -0.242433738 0.01998240466 0.1962881982
v -0.2506260537 0.01216466154 0.196299199
v -0.260449633 0.01549674454 0.1967899166
v -0.2588183694 0.004346918431 0.1963101998
v 0.03060215525 0.2825179696 0.1739345975
v 0.0378627507 0.2759196386 0.1756825633
v 0.04058654327 0.2850868031 0.1736463755
v 0.02515457012 0.2641836405 0.1780069731
v 0.03241516557 0.2575853094 0.1797549389
v 0.03513895813 0.266752474 0.1777187511
v 0.04512334615 0.2693213075 0.1774305291
v 0.0523839416 0.2627229765 0.179178495
v 0.05510773417 0.2718901411 0.1771423072
v -0.2879636809 -0.0709776096 0.1882153414
v -0.2825522572 -0.08012512513 0.1870863363
v -0.2781236097 -0.07122536562 0.1883162223
v -0.2968209758 -0.08877712861 0.1857555695
v -0.2914095521 -0.09792464413 0.1846265644
v -0.2869809046 -0.08902488463 0.1858564503
v -0.2771408334 -0.08927264065 0.1859573312
v -0.2717294097 -0.09842015617 0.1848283261
v -0.2673007622 -0.08952039666 0.1860582121
v 0.2066170089 -0.1258269865 0.1740386188
v 0.2136418633 -0.1186788436 0.1770047508
v 0.2047519088 -0.1165079288 0.1751158796
v 0.224396918 -0.1301688161 0.1778163612
v 0.2314217724 -0.1230206732 0.1807824932
v 0.2225318179 -0.1208497584 0.178893622
v 0.2206667177 -0.1115307007 0.1799708828
v 0.2276915722 -0.1043825578 0.1829370148
v 0.2188016176 -0.102211643 0.1810481437
v 0.2450307086 -0.06936803833 0.1884168424
v 0.2477701604 -0.07885271311 0.1871799603
v 0.2541715726 -0.07028755918 0.1886474825
v 0.2322278842 -0.08649834618 0.1854817979
v 0.2349673361 -0.09598302096 0.1842449158
v 0.2413687482 -0.08741786703 0.1857124381
v 0.2505096123 -0.08833738789 0.1859430782
v 0.2532490641 -0.09782206267 0.1847061962
v 0.2596504763 -0.08925690874 0.1861737184
v -0.03851039801 0.1975139156 0.1887218989
v -0.02917844915 0.1911477558 0.1888124496
v -0.02824483459 0.2016232349 0.1883728169
v -0.04037762713 0.1765629575 0.1896011643
v -0.03104567827 0.1701967977 0.1896917149
v -0.03011206371 0.1806722768 0.1892520823
v -0.01984650029 0.1847815961 0.1889030002
v -0.01051455143 0.1784154363 0.1889935508
v -0.009580936872 0.1888909154 0.1885539182
v -0.04857899155 0.212235108 0.1878202558
v -0.05908884108 0.2071239874 0.1885868199
v -0.04808663297 0.202878274 0.1890488304
v -0.07058340777 0.2207265347 0.1868962348
v -0.08109325729 0.2156154141 0.1876627989
v -0.07009104919 0.2113697007 0.1881248094
v -0.06959869061 0.2020128667 0.1893533841
v -0.08010854013 0.1969017461 0.1901199482
v -0.06910633203 0.1926560327 0.1905819587
v 0.1424228474 0.09521522373 0.1937485225
v 0.1485577337 0.1024682019 0.1945927925
v 0.1645081714 0.09313186258 0.1962903701
v 0.1706430577 0.1003848407 0.1971346401
v 0.1596003957 0.1014265213 0.1958637163
v 0.15469262 0.1097211801 0.1954370625
v 0.1608275063 0.1169741582 0.1962813325
v 0.1498912424 0.1556379423 0.1943786666
v 0.1523051672 0.163641151 0.1936535724
v 0.143188443 0.163130153 0.1935739927
v 0.1681246907 0.1566599384 0.1945378259
v 0.1705386154 0.1646631472 0.1938127317
v 0.1614218913 0.1641521491 0.193733152
v 0.154719092 0.1716443598 0.1929284781
v 0.1571330167 0.1796475686 0.1922033839
v 0.1480162926 0.1791365705 0.1921238042
v -0.2324037738 -0.1225226447 0.1811208799
v -0.239170596 -0.1137848627 0.1823808253
v -0.2415888719 -0.1248812582 0.181149371
v -0.227567222 -0.1003298536 0.1835837886
v -0.2367523201 -0.1026884671 0.1836122796
v -0.2459374182 -0.1050470807 0.1836407706
v -0.2551225163 -0.1074056942 0.1836692616
v 0.116325086 0.07180894911 0.1897953786
v 0.1109972596 0.08129487 0.1903869435
v 0.1059788931 0.07314555161 0.1894928701
v 0.126361819 0.08810758591 0.1915835254
v 0.1210339926 0.0975935068 0.1921750903
v 0.1160156261 0.0894441884 0.1912810169
v 0.1056694333 0.0907807909 0.1909785084
v 0.1003416069 0.1002667118 0.1915700734
v 0.09532324038 0.09211739339 0.190676
v 0.07790203393 0.4034422114 0.1284202132
v 0.06972194184 0.4047786444 0.12812672
v 0.07372709829 0.3964054957 0.1321016401
v 0.06989172101 0.4201885089 0.120470373
v 0.06571678538 0.4131517932 0.1241517998
v 0.06154184975 0.4061150774 0.1278332267
v 0.05736691412 0.3990783617 0.1315146536
v -0.2038037479 0.04771439079 0.1970251352
v -0.2064147554 0.03898617113 0.1965597719
v -0.1957251094 0.04190764343 0.1966491789
v -0.2251830399 0.04187144618 0.1968463212
v -0.2277940474 0.03314322652 0.196380958
v -0.2171044014 0.03606469883 0.1964703649
v -0.209025763 0.03025795147 0.1960944086
v -0.2116367705 0.02152973181 0.1956290454
v -0.2009471245 0.02445120411 0.1957184523
v -0.137481302 0.03413672 0.1879181042
v -0.1467877328 0.0323774037 0.1887110993
v -0.1416520774 0.02444157051 0.1873582751
v -0.1477526128 0.05000838637 0.1906237528
v -0.1570590436 0.04824907007 0.1914167479
v -0.1519233882 0.04031323688 0.1900639236
v -0.1560941637 0.03061808739 0.1895040944
v -0.1654005945 0.02885877108 0.1902970895
v -0.1602649391 0.0209229379 0.1889442652
v -0.1557225026 0.285583809 0.1726012677
v -0.1658135653 0.2813907787 0.172527153
v -0.1728380732 0.293481335 0.1677176207
v -0.1829291359 0.2892883047 0.1676435061
v -0.1743713506 0.2853395417 0.1700853296
v -0.1759046279 0.2771977484 0.1724530384
v -0.1859956905 0.2730047181 0.1723789237
v 0.1363900751 -0.4963660017 0.04995432962
v 0.1460629031 -0.4948240966 0.0509895198
v 0.1488869339 -0.5110560581 0.04263010528
v 0.1585597619 -0.509514153 0.04366529547
v 0.1523113325 -0.5021691248 0.04732740764
v 0.1557357311 -0.4932821915 0.05202470999
v 0.1654085591 -0.4917402864 0.05305990018
v 0.1785633788 0.539681837 0.026080966
v 0.1807999238 0.5316144824 0.03241304681
v 0.1886621714 0.5363249332 0.0273562409
v 0.1628388837 0.5302609354 0.03619457781
v 0.1650754288 0.5221935809 0.04252665862
v 0.1729376763 0.5269040316 0.03746985272
v 0.1830364689 0.5235471278 0.03874512762
v 0.185273014 0.5154797733 0.04507720843
v 0.1931352615 0.5201902241 0.04002040252
v -0.5582494587 0.1225357391 0.02548678732
v -0.5516562611 0.123734612 0.03210479207
v -0.5547130406 0.1318621784 0.02738139639
v -0.5521358997 0.1062806062 0.03493357869
v -0.5455427021 0.1074794792 0.04155158345
v -0.5485994816 0.1156070456 0.03682818776
v -0.5450630635 0.1249334849 0.03872279683
v -0.5384698659 0.1261323579 0.04534080159
v -0.5415266454 0.1342599243 0.0406174059
v -0.4680960998 -0.3236599118 0.026118265
v -0.4735602587 -0.3149553314 0.02694176091
v -0.4571677819 -0.3410690725 0.02447127318
v -0.4626319408 -0.3323644921 0.02529476909
v -0.4587802663 -0.3265981898 0.0317598423
v -0.4494644329 -0.3295364678 0.0374014196
v -0.4549285918 -0.3208318874 0.03822491551
v 0.4865878895 -0.3496885002 0.005196917336
v 0.4802382588 -0.3580640703 0.005196917336
v 0.4904377386 -0.3586178869 0
v 0.46618893 -0.3485808671 0.01559075201
v 0.4598392993 -0.3569564372 0.01559075201
v 0.4700387791 -0.3575102538 0.01039383467
v 0.4738886282 -0.3664396405 0.005196917336
v 0.4675389975 -0.3748152107 0.005196917336
v 0.4777384773 -0.3753690273 0
v -0.3195989877 0.4861215129 0.01530249836
v -0.3288346156 0.4902291223 0.01020166557
v -0.3291874304 0.4797074646 0.01530249836
v -0.3188933581 0.5071648285 0.005100832786
v -0.3281289861 0.5112724379 0
v -0.3284818009 0.5007507801 0.005100832786
v -0.3380702436 0.4943367317 0.005100832786
v -0.3473058715 0.4984443411 0
v -0.3476586863 0.4879226834 0.005100832786
v 0.1010620762 -0.5965914577 0
v 0.1037219483 -0.5869225413 0.00447598286
v 0.09351629764 -0.5896396339 0.00447598286
v 0.1214733776 -0.5911572725 0
v 0.1241332497 -0.581488356 0.00447598286
v 0.113927599 -0.5842054486 0.00447598286
v 0.1063818205 -0.5772536248 0.008951965719
v 0.1090416927 -0.5675847083 0.01342794858
v 0.09883604199 -0.570301801 0.01342794858
v 0.3280024901 0.5029926449 0.003969307523
v 0.3273867518 0.4933419004 0.008810331114
v 0.336750187 0.4959692582 0.00484102359
v 0.3092756197 0.4977379292 0.01190792257
v 0.3086598814 0.4880871847 0.01674894616
v 0.3180233166 0.4907145426 0.01277963864
v 0.3267710134 0.4836911559 0.0136513547
v 0.3261552751 0.4740404114 0.01849237829
v 0.3355187103 0.4766677693 0.01452307077
v -0.08677912131 -0.548202306 0.0246257605
v -0.09429797903 -0.5417938679 0.0278283041
v -0.09839014709 -0.5531559736 0.02237890381
v -0.07859478518 -0.5254780948 0.03552456107
v -0.0861136429 -0.5190696567 0.03872710466
v -0.09020581096 -0.5304317623 0.03327770438
v -0.1018168367 -0.5353854299 0.03103084769
v -0.1093356945 -0.5289769918 0.03423339128
v -0.1134278625 -0.5403390974 0.028783991
v 0.4718714505 -0.09404019453 0.1126532722
v 0.4741592556 -0.0849854406 0.1134071052
v 0.4663689733 -0.08806964383 0.1187232118
v 0.4874520153 -0.08787178807 0.102021059
v 0.4897398204 -0.07881703414 0.102774892
v 0.481949538 -0.08190123737 0.1080909986
v 0.4764470607 -0.07593068667 0.1141609382
v 0.4787348658 -0.06687593274 0.1149147712
v 0.4709445834 -0.06996013597 0.1202308778
v -0.1627904959 -0.2976364419 0.1234222054
v -0.1611752957 -0.3076232374 0.1204650532
v -0.1525924169 -0.3001917973 0.1202536877
v -0.1799562536 -0.312499322 0.1238449365
v -0.1783410534 -0.3224861175 0.1208877843
v -0.1697581746 -0.3150546774 0.1206764188
v -0.1595600955 -0.3176100329 0.117507901
v -0.1579448953 -0.3275968283 0.1145507488
v -0.1493620165 -0.3201653883 0.1143393833
v 0.4957898632 0.2067534514 0.06676474493
v 0.4903947189 0.2159780189 0.06615800317
v 0.4872778654 0.2092569508 0.07226935402
v 0.5020235702 0.2201955877 0.05454204325
v 0.496628426 0.2294201553 0.05393530149
v 0.4935115725 0.2226990871 0.06004665233
v 0.4849995747 0.2252025865 0.06555126142
v 0.4796044305 0.2344271541 0.06494451966
v 0.476487577 0.2277060859 0.0710558705
v -0.5483158678 -0.1800498627 0.02310137916
v -0.540153265 -0.1839456931 0.02985828137
v -0.5426305085 -0.1743530892 0.02970380569
v -0.5433613807 -0.1992350705 0.02341033053
v -0.5351987779 -0.2031309009 0.03016723273
v -0.5376760215 -0.193538297 0.03001275705
v -0.5319906622 -0.1878415234 0.03661518358
v -0.5238280594 -0.1917373538 0.04337208578
v -0.526305303 -0.1821447499 0.0432176101
v -0.5272687376 -0.1375039741 0.05343903974
v -0.529504627 -0.1278557647 0.05378749315
v -0.5346466899 -0.1346343253 0.04704972822
v -0.5169846117 -0.123946853 0.06691456959
v -0.5192205012 -0.1142986435 0.067263023
v -0.5243625641 -0.1210772041 0.06052525807
v -0.5317405164 -0.1182075553 0.05413594656
v -0.5339764059 -0.1085593458 0.05448439997
v -0.5391184688 -0.1153379064 0.04774663504
v 0.2103311121 -0.1719473228 0.1660223044
v 0.2206419446 -0.1723977886 0.1683682501
v 0.2147458084 -0.1650739051 0.1683859639
v 0.2221233845 -0.1865950897 0.1659868769
v 0.2265380807 -0.1797216721 0.1683505364
v 0.230952777 -0.1728482544 0.1707141958
v 0.2353674732 -0.1659748368 0.1730778553
v 0.2261820473 -0.2232661471 0.1578207649
v 0.2175517678 -0.2289073244 0.1543700695
v 0.2265477143 -0.2339583188 0.1552201919
v 0.2081901543 -0.2131641582 0.1561205201
v 0.1995598748 -0.2188053355 0.1526698247
v 0.2085558213 -0.2238563299 0.1535199471
v 0.2089214884 -0.2345485017 0.1509193741
v 0.2002912089 -0.240189679 0.1474686787
v 0.2092871554 -0.2452406734 0.1483188011
v -0.162317615 -0.08301154058 0.1728813015
v -0.1691647246 -0.07660611253 0.1753680594
v -0.1715409569 -0.0872419253 0.1739165261
v -0.1575651504 -0.06173991505 0.1757843681
v -0.1667884924 -0.06597029977 0.1768195927
v -0.1760118343 -0.07020068448 0.1778548174
v -0.1852351762 -0.0744310692 0.178890042
v -0.2242971882 -0.07842043228 0.1864360794
v -0.2305117548 -0.07248313352 0.1875780784
v -0.2225936726 -0.05679438077 0.1896777526
v -0.2288082391 -0.05085708201 0.1908197515
v -0.2296599969 -0.06167010777 0.1891989149
v -0.2367263213 -0.06654583476 0.1887200773
v -0.2429408878 -0.06060853601 0.1898620762
v -0.5354338288 0.07142734807 0.05837813765
v -0.5378246158 0.08035884798 0.0543504972
v -0.5419067591 0.0713585401 0.05173989572
v -0.5272695422 0.08942796383 0.06359934062
v -0.5296603292 0.09835946374 0.05957170017
v -0.5337424725 0.08935915586 0.05696109869
v -0.5402154028 0.08929034788 0.05032285675
v -0.5426061898 0.09822184779 0.04629521631
v -0.5466883332 0.08922153991 0.04368461482
v -0.4501363784 0.1380180642 0.1222803108
v -0.4579899088 0.1385068111 0.1159996949
v -0.454581134 0.1297681816 0.1201991588
v -0.4569539279 0.1554953232 0.1138813831
v -0.4648074582 0.1559840702 0.1076007672
v -0.4613986835 0.1472454406 0.111800231
v -0.4658434391 0.138995558 0.109719079
v -0.4736969694 0.1394843049 0.1034384631
v -0.4702881947 0.1307456754 0.1076379269
v -0.3809842765 0.3406562209 0.08672020957
v -0.3745749816 0.3349516168 0.09307919815
v -0.3733958825 0.3438075259 0.08997050673
v -0.3833424747 0.3229444027 0.09293759242
v -0.3769331798 0.3172397986 0.099296581
v -0.3757540807 0.3260957077 0.09618788958
v -0.3681656867 0.3292470127 0.09943818673
v -0.3617563918 0.3235424086 0.1057971753
v -0.3605772927 0.3323983178 0.1026884839
v -0.4302429482 0.2933422774 0.07270614617
v -0.4234476611 0.300712578 0.07422854193
v -0.4154072776 0.2895144969 0.08593236841
v -0.4086119905 0.2968847975 0.08745476417
v -0.4160298258 0.2987986878 0.08084165305
v -0.416652374 0.3080828786 0.07575093769
v -0.4098570868 0.3154531792 0.07727333345
v -0.0150555243 0.5159050077 0.0670602452
v -0.01751122903 0.5076527297 0.07221964188
v -0.007074939436 0.51200746 0.07013564929
v -0.03592810349 0.5071955472 0.07122823037
v -0.03838380822 0.4989432693 0.07638762705
v -0.02794751863 0.5032979995 0.07430363446
v -0.01996693376 0.4994004518 0.07737903856
v -0.02242263849 0.4911481738 0.08253843524
v -0.01198634889 0.4955029041 0.08045444265
v -0.04699110426 0.5103562176 0.06739560422
v -0.05718434323 0.5130524337 0.06401489582
v -0.05655763205 0.5055370331 0.06993151456
v -0.04824452661 0.5253870189 0.05556236673
v -0.05843776558 0.528083235 0.05218165834
v -0.0578110544 0.5205678344 0.05809827708
v -0.06737758219 0.5157486498 0.06063418742
v -0.07757082116 0.5184448659 0.05725347903
v -0.07694410998 0.5109294653 0.06317009777
v 0.2018379904 -0.5157697648 0.03363611037
v 0.2098450996 -0.5131816566 0.03337648371
v 0.218265038 -0.5264363438 0.02266117139
v 0.2262721471 -0.5238482356 0.02240154473
v 0.2180586234 -0.5185149461 0.02788901422
v 0.2178522088 -0.5105935484 0.03311685706
v 0.2258593179 -0.5080054402 0.0328572304
v 0.2596665472 0.3327913731 0.1348040625
v 0.2558049709 0.3411357775 0.1320932433
v 0.248214066 0.3338631615 0.1377387643
v 0.2748483568 0.3473366052 0.1235130206
v 0.2709867805 0.3556810096 0.1208022013
v 0.2633958757 0.3484083936 0.1264477223
v 0.2519433945 0.3494801819 0.1293824241
v 0.2480818182 0.3578245863 0.1266716048
v 0.2404909134 0.3505519703 0.1323171258
v 0.2302005179 0.5184767991 0.03219456924
v 0.2392076477 0.5102156252 0.03393562604
v 0.2383690961 0.5194086134 0.02769805072
v 0.2318776213 0.5000908226 0.04466971988
v 0.2408847511 0.4918296486 0.04641077667
v 0.2400461994 0.5010226369 0.04017320136
v 0.2482147776 0.5019544512 0.03567668283
v 0.2572219074 0.4936932772 0.03741773963
v 0.2563833557 0.5028862655 0.03118016431
v -0.2211309671 0.3955741152 0.1153447181
v -0.2251463495 0.4028701782 0.1100023016
v -0.2309668325 0.3956970945 0.1120374128
v -0.2094900012 0.4099202827 0.1112744957
v -0.2135053836 0.4172163457 0.1059320793
v -0.2193258666 0.4100432619 0.1079671904
v -0.2291617319 0.4101662412 0.1046598852
v -0.2331771143 0.4174623042 0.0993174687
v -0.2389975972 0.4102892205 0.1013525799
v 0.09324074816 -0.5210680217 0.03800284024
v 0.1004205039 -0.5290054381 0.03467648663
v 0.07888123672 -0.5051931888 0.04465554748
v 0.08606099244 -0.5131306052 0.04132919386
v 0.08057610132 -0.5234759599 0.03708345536
v 0.06791145448 -0.5258838981 0.03616407048
v 0.07509121019 -0.5338213146 0.03283771686
v -0.4127365425 -0.327710472 0.06603943743
v -0.4222389087 -0.3245210946 0.06095463224
v -0.4230030403 -0.3100760654 0.06970688514
v -0.4325054064 -0.3068866879 0.06462207995
v -0.4273721576 -0.3157038912 0.0627883561
v -0.4317412749 -0.3213317171 0.05586982705
v -0.4412436411 -0.3181423396 0.05078502186
v 0.1679439507 -0.04374226741 0.1806350797
v 0.1767386794 -0.05088059139 0.1808581017
v 0.1503544934 -0.02946561947 0.1801890358
v 0.1591492221 -0.03660394344 0.1804120578
v 0.1616507135 -0.04780039657 0.1788840108
v 0.1553574763 -0.05185852572 0.1771329418
v 0.164152205 -0.05899684969 0.1773559637
v 0.4667756259 0.1116746832 0.1126692891
v 0.4741225541 0.116649041 0.1062668078
v 0.4660103023 0.1203558221 0.1122406088
v 0.4830001295 0.1042611208 0.1007216871
v 0.4822348058 0.1129422598 0.1002930067
v 0.4814694822 0.1216233987 0.09986432642
v 0.4807041585 0.1303045377 0.09943564609
v 0.3843879178 0.09852203727 0.1648620255
v 0.3897250369 0.08979816735 0.1625164934
v 0.394097358 0.09962222725 0.1601640582
v 0.3756432757 0.07887391746 0.1695668958
v 0.3809803948 0.07015004754 0.1672213636
v 0.3853527158 0.07997410744 0.1648689285
v 0.395062156 0.08107429743 0.1601709612
v 0.4003992751 0.07235042751 0.157825429
v 0.4047715962 0.08217448741 0.1554729939
v 0.4271560758 -0.2593571022 0.09771902673
v 0.4361096993 -0.2565634735 0.09284827672
v 0.4312449023 -0.249353569 0.1005895063
v 0.4368856698 -0.2737769112 0.08223656751
v 0.4409744963 -0.263773378 0.08510704711
v 0.4450633228 -0.2537698448 0.08797752671
v 0.4491521493 -0.2437663116 0.09084800631
v 0.3363411278 -0.2990150973 0.1234887727
v 0.3305157647 -0.2900914997 0.1293524802
v 0.3271579519 -0.3006859347 0.1249670796
v 0.3430567533 -0.2778262272 0.1322595738
v 0.3372313902 -0.2689026296 0.1381232813
v 0.3338735774 -0.2794970647 0.1337378807
v 0.3246904016 -0.2811679021 0.1352161877
v 0.3188650385 -0.2722443044 0.1410798952
v 0.3155072257 -0.2828387395 0.1366944946
v -0.09111818299 0.3526141867 0.1506295279
v -0.1009085067 0.356149286 0.1491339654
v -0.1004960164 0.3464178517 0.1531727538
v -0.09194316342 0.3720770553 0.1425519511
v -0.1017334871 0.3756121546 0.1410563886
v -0.1013209969 0.3658807203 0.145095177
v -0.1106988303 0.3596843854 0.1476384029
v -0.120489154 0.3632194847 0.1461428404
v -0.1200766638 0.3534880504 0.1501816288
v 0.4216505811 -0.1307822075 0.1376600862
v 0.4194381982 -0.1405519675 0.1365503743
v 0.4260753468 -0.1112426873 0.1398795098
v 0.4238629639 -0.1210124474 0.138769798
v 0.4169021621 -0.1242281832 0.1416857168
v 0.4121537432 -0.1176741589 0.1457113475
v 0.4099413604 -0.127443919 0.1446016356
v 0.3629191518 -0.1545989923 0.1591237113
v 0.368387267 -0.1454922091 0.1592703313
v 0.3594344109 -0.1458466072 0.1630691066
v 0.3808248639 -0.1538901962 0.1515261605
v 0.3862929791 -0.144783413 0.1516727805
v 0.3773401231 -0.1451378111 0.1554715559
v 0.3738553822 -0.1363854259 0.1594169512
v 0.3793234974 -0.1272786427 0.1595635712
v 0.3703706414 -0.1276330408 0.1633623466
v -0.2428100929 -0.5024724975 0.03153135628
v -0.2322815359 -0.504737407 0.03296735138
v -0.2367352024 -0.4968938455 0.03689803928
v -0.2339027599 -0.5181596205 0.02366998047
v -0.2233742028 -0.5204245299 0.02510597557
v -0.2278278694 -0.5125809684 0.02903666347
v -0.2217529789 -0.5070023164 0.03440334648
v -0.2112244219 -0.5092672259 0.03583934158
v -0.2156780884 -0.5014236644 0.03977002949
v -0.4119288325 0.04516878258 0.1532586329
v -0.4030461162 0.04433117807 0.1576122157
v -0.4045276046 0.02609183732 0.1579940952
v -0.3956448883 0.02525423281 0.1623476781
v -0.3993455023 0.03479270544 0.1599799469
v -0.3941633999 0.04349357355 0.1619657986
v -0.3852806836 0.04265596904 0.1663193814
v -0.354084596 0.04001331702 0.1791003644
v -0.3598240316 0.03431023122 0.1767438613
v -0.3511527032 0.03052905784 0.1803422384
v -0.3714272529 0.04757566378 0.1719036102
v -0.3771666884 0.04187257797 0.1695471071
v -0.36849536 0.0380914046 0.1731454842
v -0.3655634671 0.02860714542 0.1743873581
v -0.3713029027 0.02290405962 0.172030855
v -0.3626315743 0.01912288624 0.1756292321
v 0.03340889141 0.1408819184 0.1908034608
v 0.02526716702 0.1454708874 0.1907600947
v 0.02442517318 0.1385610476 0.1909183078
v 0.03509287909 0.154701598 0.1904870346
v 0.02695115469 0.159290567 0.1904436685
v 0.02610916086 0.1523807272 0.1906018816
v 0.01712544262 0.1500598565 0.1907167286
v 0.008983718231 0.1546488255 0.1906733625
v 0.008141724393 0.1477389857 0.1908315755
v 0.07703242544 0.3427800685 0.1548823602
v 0.06705316715 0.3412020057 0.155720748
v 0.07401933987 0.3335016668 0.1585752107
v 0.06310008001 0.3581807464 0.1491734348
v 0.05312082171 0.3566026837 0.1500118226
v 0.06008699443 0.3489023447 0.1528662853
v 0.05707390886 0.339623943 0.1565591358
v 0.04709465057 0.3380458802 0.1573975235
v 0.05406082328 0.3303455412 0.1602519862
v 0.008275175001 0.4302290827 0.1178144887
v 0.01540510962 0.4231595173 0.1211759187
v -0.005984694231 0.4443682134 0.1110916287
v 0.001145240385 0.4372986481 0.1144530587
v -0.001394251361 0.427529864 0.1192820631
v -0.01106367772 0.4248306453 0.1207496375
v -0.003933743108 0.41776108 0.1241110675
v 0.1310186759 -0.5309253931 0.03223931277
v 0.1235977039 -0.5245483965 0.03643890191
v 0.1458606198 -0.5436793864 0.0238401345
v 0.1384396479 -0.5373023897 0.02803972363
v 0.141531229 -0.5288762897 0.03308234317
v 0.1520437822 -0.5268271863 0.03392537357
v 0.1446228102 -0.5204501897 0.03812496271
v -0.2855881676 0.1852949858 0.179145705
v -0.291747734 0.1922666021 0.1759618558
v -0.2944340929 0.1827331074 0.1769487783
v -0.2802154496 0.2043619752 0.1771718599
v -0.286375016 0.2113335915 0.1739880107
v -0.289061375 0.2018000968 0.1749749333
v -0.2979073003 0.1992382184 0.1727780066
v -0.3040668666 0.2062098347 0.1695941575
v -0.3067532256 0.19667634 0.17058108
v 0.3155014068 -0.4996796399 0.008886779891
v 0.3117611855 -0.4788934737 0.02050571167
v 0.3136312962 -0.4892865568 0.01469624578
v 0.3059558123 -0.4973145425 0.01196409389
v 0.2964102179 -0.4949494451 0.0150414079
v -0.3418705687 -0.4954132438 0.002665278269
v -0.348905012 -0.4904169068 0.002665278269
v -0.3448026404 -0.5003550276 0
v -0.350075312 -0.4755370021 0.007995834807
v -0.3571097553 -0.4705406651 0.007995834807
v -0.3530073836 -0.4804787859 0.005330556538
v -0.3559394553 -0.4854205698 0.002665278269
v -0.3629738986 -0.4804242328 0.002665278269
v -0.358871527 -0.4903623536 0
v -0.3200094476 -0.4216886014 0.06358689722
v -0.3150171638 -0.4145939201 0.069249928
v -0.3004215285 -0.4258673936 0.06775115151
v -0.2954292446 -0.4187727123 0.07341418229
v -0.3052232042 -0.4166833162 0.07133205514
v -0.3100248799 -0.4074992388 0.07491295878
v -0.305032596 -0.4004045576 0.08057598956
v -0.380409494 -0.2822205424 0.1113220844
v -0.3850772902 -0.2890539542 0.1051822398
v -0.3750081137 -0.2909791246 0.1094815508
v -0.4005478472 -0.2783702016 0.1027234625
v -0.4052156433 -0.2852036133 0.09658361785
v -0.3951464668 -0.2871287838 0.1008829288
v -0.3897450864 -0.2958873659 0.09904239513
v -0.3944128826 -0.3027207777 0.09290255047
v -0.3843437061 -0.3046459481 0.09720186144
v -0.3607237041 -0.147639636 0.1626346819
v -0.3535805047 -0.1569277048 0.1619828641
v -0.3518535495 -0.146147754 0.1655412354
v -0.3641776145 -0.1691995375 0.1555179395
v -0.357034415 -0.1784876063 0.1548661217
v -0.3553074598 -0.1677076556 0.1584244929
v -0.3464373052 -0.1662157737 0.1613310464
v -0.3392941058 -0.1755038425 0.1606792286
v -0.3375671506 -0.1647238918 0.1642375998
v 0.1398943476 0.3051306233 0.1680556312
v 0.1307158116 0.3084037527 0.1670018025
v 0.1348641645 0.2985751927 0.170618277
v 0.1315976419 0.3247877434 0.1608226821
v 0.1265674587 0.3182323128 0.1633853279
v 0.1215372756 0.3116768822 0.1659479737
v 0.1165070925 0.3051214516 0.1685106196
v -0.2906459123 -0.3258130774 0.121571105
v -0.2812016085 -0.3215132728 0.1252209377
v -0.2920185551 -0.3174225539 0.1250214074
v -0.269012019 -0.3339945152 0.1219701655
v -0.2703846619 -0.3256039917 0.1254204679
v -0.2717573047 -0.3172134683 0.1288707703
v -0.2731299475 -0.3088229448 0.1323210727
v -0.2367677726 -0.2793771327 0.144148834
v -0.2261818685 -0.2821394652 0.1415258013
v -0.2299973182 -0.299954623 0.137830697
v -0.2194114141 -0.3027169555 0.1352076642
v -0.2227966413 -0.2924282104 0.1383667327
v -0.2155959643 -0.2849017978 0.1389027685
v -0.2050100602 -0.2876641303 0.1362797357
v 0.3050240278 -0.2826816812 0.1394603588
v 0.3108493909 -0.2916052788 0.1335966513
v 0.2957083583 -0.30021476 0.133264672
v 0.3061915562 -0.3003718182 0.1304988079
v 0.316674754 -0.3005288765 0.1277329437
v -0.2613596991 -0.07292857207 0.1882852279
v -0.2697416544 -0.07207696885 0.1883007251
v -0.2643302307 -0.08122448437 0.18717172
v -0.2516597547 -0.02457340865 0.1935646571
v -0.2540459596 -0.01493329962 0.194479838
v -0.261483334 -0.02124132565 0.1940553747
v -0.2367850058 -0.01195735659 0.1944135837
v -0.2466085851 -0.008625273593 0.1949043013
v -0.2564321645 -0.005293190596 0.1953950189
v -0.2662557438 -0.001961107599 0.1958857365
v -0.1690438688 -0.4801681116 0.05921247695
v -0.1770396531 -0.476392515 0.06080796942
v -0.1748400778 -0.4850955307 0.05617891904
v -0.1734430194 -0.4627620801 0.06847057771
v -0.1814388037 -0.4589864835 0.07006607018
v -0.1792392284 -0.4676894993 0.0654370198
v -0.1850354373 -0.4726169184 0.0624034619
v -0.1930312216 -0.4688413218 0.06399895437
v -0.1908316463 -0.4775443375 0.05936990399
v -0.369482927 -0.1512702629 0.1576393545
v -0.3870013729 -0.1585315168 0.1476486996
v -0.3782421499 -0.1549008898 0.152644027
v -0.3712098822 -0.1620502137 0.1540809833
v -0.3729368374 -0.1728301644 0.150522612
v -0.4275874794 -0.149420632 0.1295995489
v -0.4345615953 -0.1415490713 0.1268683039
v -0.4355045408 -0.1504469439 0.1238513328
v -0.4257015884 -0.1316248868 0.135633491
v -0.4326757044 -0.123753326 0.132902246
v -0.4336186498 -0.1326511987 0.1298852749
v -0.4415357113 -0.1336775105 0.1241370589
v -0.4485098273 -0.1258059498 0.1214058138
v -0.4494527727 -0.1347038224 0.1183888428
v -0.1919373386 -0.2031586468 0.1547334306
v -0.1833431162 -0.1971647665 0.1538003348
v -0.191900529 -0.193418242 0.1568540931
v -0.174822513 -0.2106516957 0.148625914
v -0.1662282906 -0.2046578154 0.1476928182
v -0.1747857034 -0.2009112909 0.1507465765
v -0.1747488938 -0.1911708862 0.152867239
v -0.1661546715 -0.1851770058 0.1519341432
v -0.1747120842 -0.1814304814 0.1549879014
v -0.2252952754 -0.1508017071 0.1741420031
v -0.2262202986 -0.1391651705 0.1765671857
v -0.2234452292 -0.1740747802 0.1692916378
v -0.2243702523 -0.1624382436 0.1717168204
v -0.2166935243 -0.1563478373 0.1708197631
v -0.2080917731 -0.1618939675 0.1674975231
v -0.2090167962 -0.150257431 0.1699227057
v 0.2243208736 -0.4289169833 0.08312726393
v 0.2191502005 -0.436881423 0.07929337211
v 0.2346622199 -0.4129881039 0.09079504758
v 0.2294915468 -0.4209525436 0.08696115576
v 0.2187250406 -0.4211795852 0.0875230711
v 0.2131292075 -0.413442187 0.09191887826
v 0.2079585344 -0.4214066267 0.08808498643
v 0.3002887517 0.1655542366 0.178334102
v 0.2906060517 0.1593562625 0.1823355556
v 0.3099714518 0.1717522107 0.1743326485
v 0.3004919738 0.1746535078 0.1766078025
v 0.2910124958 0.1775548048 0.1788829565
v -0.004485756042 0.3157744333 0.1649171561
v -0.007165789604 0.3067887798 0.1675499119
v 0.00260880345 0.3092739731 0.1668539234
v -0.02403494215 0.3108040467 0.1663091332
v -0.02671497571 0.3018183932 0.168941889
v -0.01694038266 0.3043035865 0.1682459004
v -0.009845823166 0.2978031263 0.1701826677
v -0.01252585673 0.2888174728 0.1728154235
v -0.002751263673 0.2913026661 0.1721194349
v -0.08043054678 0.313303642 0.16530817
v -0.09096468985 0.3165024668 0.1641473509
v -0.0872806441 0.3330230489 0.1582149342
v -0.09781478718 0.3362218738 0.1570541151
v -0.09438973852 0.3263621703 0.160600733
v -0.1014988329 0.3197012916 0.1629865319
v -0.112032976 0.3229001164 0.1618257128
v -0.0853130091 0.134137705 0.1915873177
v -0.07620115858 0.1293083988 0.1914238855
v -0.07464035694 0.1401531957 0.1915304698
v -0.08843461238 0.1124481112 0.1913741492
v -0.07932276186 0.107618805 0.191210717
v -0.07776196022 0.1184636019 0.1913173012
v -0.06708930805 0.1244790927 0.1912604533
v -0.05797745753 0.1196497865 0.1910970211
v -0.05641665589 0.1304945834 0.1912036054
v -0.1794484667 0.1488996688 0.1951464973
v -0.1705806218 0.1487605851 0.194956664
v -0.1673611738 0.1320135426 0.1956538744
v -0.1645369753 0.140317522 0.1952103525
v -0.1617127769 0.1486215014 0.1947668307
v 0.2098442428 -0.0458272174 0.1885765158
v 0.2018493898 -0.04366459697 0.1871704347
v 0.1995100714 -0.02653576434 0.1892625578
v 0.1966823041 -0.03401887044 0.1875134557
v 0.1938545369 -0.04150197655 0.1857643537
v -0.2128578313 0.1805986203 0.1904637143
v -0.207029596 0.1724421978 0.1919179857
v -0.2029768191 0.1818119995 0.1905299947
v -0.220963385 0.1618590169 0.1932396963
v -0.2110823728 0.1630723961 0.1933059767
v -0.2012013607 0.1642857753 0.1933722571
v -0.1913203485 0.1654991545 0.1934385374
v 0.2034198605 0.1514607184 0.1946825422
v 0.2135819346 0.1525457017 0.1943846308
v 0.1932577863 0.150375735 0.1949804537
v 0.1991120838 0.1424955502 0.1956414133
v 0.2049663812 0.1346153654 0.196302373
v 0.220283851 0.1711406745 0.1917256452
v 0.2130022869 0.1788717136 0.1907988414
v 0.2250721306 0.1904002838 0.1883254163
v 0.2177905664 0.1981313229 0.1873986125
v 0.2153964266 0.1885015182 0.189098727
v 0.2057207227 0.1866027527 0.1898720376
v 0.1984391585 0.1943337917 0.1889452338
v 0.1874265894 -0.5035406947 0.04378198553
v 0.1778043136 -0.5055318475 0.04374308884
v 0.1840021908 -0.512427628 0.03908468317
v 0.175030835 -0.4897491336 0.05309879687
v 0.1716064364 -0.4986360669 0.04840149451
v 0.1681820378 -0.5075230002 0.04370419215
v 0.1647576392 -0.5164099336 0.0390068898
v 0.08499199431 0.2465570942 0.1832050197
v 0.07480282523 0.2438160926 0.18331277
v 0.08234404679 0.2375711873 0.1847510189
v 0.06990955118 0.2590469047 0.1803285219
v 0.05972038209 0.2563059032 0.1804362722
v 0.06726160366 0.2500609979 0.1818745211
v 0.06461365614 0.2410750911 0.1834205203
v 0.05442448705 0.2383340895 0.1835282706
v 0.06196570862 0.2320891842 0.1849665195
v 0.07845699415 0.1769927889 0.1910566017
v 0.06982693635 0.1835865639 0.1903598644
v 0.06833788939 0.1746448837 0.1910465173
v 0.08143508807 0.1948761493 0.1896832958
v 0.07280503027 0.2014699243 0.1889865585
v 0.07131598331 0.1925282441 0.1896732114
v 0.06119687855 0.1901803389 0.1896631271
v 0.05256682076 0.1967741139 0.1889663897
v 0.05107777379 0.1878324337 0.1896530427
v 0.09983914532 0.2338344455 0.1857540496
v 0.1098453272 0.2369707674 0.1851669513
v 0.1025393978 0.2434485108 0.1840561703
v 0.1144510042 0.2208789587 0.1879756115
v 0.1244571861 0.2240152806 0.1873885132
v 0.1171512567 0.230493024 0.1862777323
v 0.1198515091 0.2401070893 0.184579853
v 0.129857691 0.2432434112 0.1839927547
v 0.1225517616 0.2497211546 0.1828819737
v -0.5099902526 0.3135282025 0.006299770437
v -0.4997807443 0.3139287308 0.01153753046
v -0.5046095774 0.3235547692 0.005237760022
v -0.5003325865 0.2942761257 0.01889931131
v -0.4901230782 0.294676654 0.02413707133
v -0.4949519113 0.3043026924 0.0178373009
v -0.4895712361 0.3143292591 0.01677529048
v -0.4793617278 0.3147297874 0.0220130505
v -0.4841905609 0.3243558258 0.01571328007
v -0.4854979664 0.3516228348 0.005237760022
v -0.474467352 0.3516274244 0.01144657657
v -0.4783063233 0.3605829179 0.006208816543
v -0.4778200239 0.3337118477 0.01571328007
v -0.4667894095 0.3337164372 0.02192209661
v -0.4706283808 0.3426719308 0.01668433659
v -0.4634367377 0.3516320139 0.01765539311
v -0.4524061233 0.3516366035 0.02386420965
v -0.4562450945 0.360592097 0.01862644963
v 0.1675263308 -0.4039343819 0.09214638174
v 0.1598270275 -0.3954080418 0.0934998896
v 0.155073978 -0.4048039168 0.08949031495
v 0.1770324297 -0.3851426318 0.100165531
v 0.1645800769 -0.3860121667 0.09750946425
v 0.1521277241 -0.3868817016 0.09485339746
v 0.1396753713 -0.3877512366 0.09219733067
v -0.1805771999 0.07839989197 0.1976311803
v -0.1746997088 0.07097230479 0.1961744763
v -0.1705207415 0.08022698108 0.196346689
v -0.1889351346 0.05989053939 0.1972867548
v -0.1830576435 0.05246295221 0.1958300509
v -0.1788786761 0.0617176285 0.1960022636
v -0.1688222177 0.06354471762 0.1947177723
v -0.1629447266 0.05611713044 0.1932610683
v -0.1587657593 0.06537180673 0.193433281
v 0.1478411928 0.06818967965 0.1922156811
v 0.1373358238 0.0693961028 0.1914089136
v 0.1428228263 0.06004036125 0.1913216077
v 0.1368671879 0.08690116275 0.1923902929
v 0.1318488214 0.07875184435 0.1914962195
v 0.1268304549 0.07060252596 0.1906021461
v 0.1218120884 0.06245320756 0.1897080727
v 0.1954034418 -0.3383809924 0.1186348945
v 0.2041006759 -0.3351310715 0.1214891728
v 0.1949710771 -0.3294111118 0.1223705243
v 0.2136626393 -0.3498209119 0.1168721914
v 0.2223598734 -0.346570991 0.1197264697
v 0.2132302746 -0.3408510312 0.1206078213
v 0.21279791 -0.3318811506 0.1243434511
v 0.2214951441 -0.3286312297 0.1271977294
v 0.2123655453 -0.32291127 0.128079081
v -0.04902024753 0.192402795 0.1894884631
v -0.05953009706 0.1872916743 0.1902550273
v -0.04995386209 0.1819273159 0.1899280958
v -0.08981291391 0.2599636242 0.1801689453
v -0.09004959278 0.2503402233 0.181963224
v -0.08087557927 0.2538424507 0.1810513884
v -0.1081609409 0.2529591694 0.1819926165
v -0.1083976198 0.2433357686 0.1837868951
v -0.09922360629 0.2468379959 0.1828750595
v -0.09028627165 0.2407168224 0.1837575026
v -0.09052295052 0.2310934216 0.1855517812
v -0.081348937 0.2345956489 0.1846399456
v -0.2504788861 0.280325681 0.1593327485
v -0.2405694686 0.2817710117 0.1606424302
v -0.2480659224 0.2893685475 0.1568407305
v -0.2354859784 0.2651306093 0.166936148
v -0.2330730148 0.2741734758 0.1644441299
v -0.2306600511 0.2832163423 0.1619521119
v -0.2282470874 0.2922592089 0.1594600938
v 0.3635699004 0.4867615923 0
v 0.3542195037 0.4833969846 0.00484102359
v 0.3629541621 0.4771108478 0.00484102359
v 0.3461005837 0.4993338659 0
v 0.3454848453 0.4896831214 0.00484102359
v 0.344869107 0.4800323769 0.009682047181
v 0.3442533687 0.4703816324 0.01452307077
v -0.3152426779 0.4471926689 0.04382861778
v -0.3141546249 0.4557833821 0.03795585549
v -0.3232159615 0.4498277158 0.03802161803
v -0.2971200049 0.4591040015 0.04369709268
v -0.2960319519 0.4676947147 0.03782433039
v -0.3050932884 0.4617390484 0.03789009294
v -0.313066572 0.4643740952 0.03208309319
v -0.311978519 0.4729648083 0.02621033089
v -0.3210398555 0.467009142 0.02627609344
v -0.3846814185 0.3941784054 0.04985545482
v -0.3764208108 0.3991895095 0.05013474263
v -0.3822379708 0.4027275369 0.04451709148
v -0.3730470985 0.3871023506 0.06109075714
v -0.3647864908 0.3921134546 0.06137004495
v -0.3706036508 0.395651482 0.05575239379
v -0.3681602031 0.4042006135 0.05041403044
v -0.3598995954 0.4092117175 0.05069331825
v -0.3657167554 0.412749745 0.04507566709
v -0.5940406471 0.07118074968 0.007329681888
v -0.5863271803 0.077048162 0.01137521258
v -0.5956374109 0.07959031872 0.004045530688
v -0.5754201859 0.06609643623 0.02198904566
v -0.567706719 0.07196384855 0.02603457635
v -0.5770169497 0.07450600527 0.01870489446
v -0.5786137134 0.08291557431 0.01542074326
v -0.5709002465 0.08878298663 0.01946627395
v -0.5802104771 0.09132514335 0.01213659206
v -0.5704098195 0.05509789614 0.02664134605
v -0.5683577657 0.04602477234 0.03027932672
v -0.5640579015 0.0544811557 0.03295670822
v -0.5790095478 0.03818512941 0.02128658304
v -0.576957494 0.02911200561 0.02492456371
v -0.5726576298 0.03756838897 0.02760194521
v -0.5663057119 0.03695164854 0.03391730739
v -0.5642536581 0.02787852474 0.03755528806
v -0.5599537939 0.0363349081 0.04023266956
v -0.4876974821 0.2885932401 0.02936309669
v -0.4823168069 0.2986198068 0.02830108628
v -0.4720849395 0.2964795455 0.03769112658
v -0.4667042643 0.3065061122 0.03662911616
v -0.4745105356 0.3025629595 0.03246510122
v -0.4769361317 0.3086463735 0.02723907586
v -0.4715554565 0.3186729401 0.02617706545
v 0.5298097879 0.184472885 0.04300101614
v 0.5334188193 0.191885639 0.0375334085
v 0.52692011 0.1950723454 0.04376701359
v 0.5428072065 0.1780994721 0.03053380596
v 0.546416238 0.1855122261 0.02506619832
v 0.5399175286 0.1886989325 0.03129980341
v 0.5370278507 0.199298393 0.03206580086
v 0.5406368822 0.206711147 0.02659819322
v 0.5341381729 0.2098978534 0.03283179831
v 0.5925449282 -0.0946638044 0.005387738813
v 0.5838860571 -0.09859039262 0.01045563538
v 0.5906697661 -0.1052799877 0.005067896564
v 0.5789775103 -0.08128461428 0.01616321644
v 0.5703186393 -0.0852112025 0.021231113
v 0.5771023482 -0.09190079756 0.01584337419
v 0.5752271861 -0.1025169808 0.01552353194
v 0.566568315 -0.1064435691 0.0205914285
v 0.573352024 -0.1131331641 0.01520368969
v 0.5361621082 -0.1061717961 0.0530403303
v 0.5434032977 -0.1021855585 0.04693351593
v 0.5216797292 -0.1141442712 0.06525395904
v 0.5289209187 -0.1101580337 0.05914714467
v 0.5338985324 -0.1161921378 0.05261743441
v 0.5316349566 -0.1262124795 0.05219453853
v 0.5388761461 -0.122226242 0.04608772416
v 0.05939688347 0.5424951762 0.04106578045
v 0.05233014654 0.5362238586 0.04675018322
v 0.06302059907 0.5351190418 0.04616228584
v 0.03801597841 0.5447048098 0.0422415752
v 0.03094924148 0.5384334922 0.04792597797
v 0.04163969401 0.5373286754 0.04733808059
v 0.04526340961 0.529952541 0.05243458599
v 0.03819667269 0.5236812234 0.05811898876
v 0.04888712522 0.5225764066 0.05753109138
v -0.2154207304 0.5420716703 0.01820978522
v -0.2248023078 0.5380268842 0.0181487049
v -0.2326380536 0.5526328385 0.006069928408
v -0.242019631 0.5485880524 0.006008848082
v -0.2334109694 0.5433074683 0.01207877649
v -0.2341838852 0.5339820981 0.01808762457
v -0.2435654625 0.529937312 0.01802654425
v 0.3282223269 0.3950161636 0.0764297843
v 0.3251558468 0.3860764727 0.08351958357
v 0.3356515169 0.3870212361 0.07837106101
v 0.3072309867 0.3931266367 0.08672682941
v 0.3041645065 0.3841869459 0.09381662868
v 0.3146601766 0.3851317093 0.08866810612
v 0.3220893666 0.3771367818 0.09060938284
v 0.3190228865 0.3681970909 0.09769918211
v 0.3295185566 0.3691418543 0.09255065955
v 0.379457809 0.3936851397 0.05284119211
v 0.3679996431 0.3959680498 0.05677195825
v 0.3730924949 0.3891121969 0.05948896334
v 0.3692721054 0.4073968455 0.04740718193
v 0.3578139395 0.4096797556 0.05133794807
v 0.3629067913 0.4028239027 0.05405495316
v 0.3565414771 0.3982509598 0.06070272438
v 0.3450833112 0.4005338699 0.06463349052
v 0.350176163 0.393678017 0.06735049561
v 0.5524841249 -0.1700743251 0.02146988688
v 0.5578620285 -0.1779295728 0.01622769004
v 0.5609520227 -0.1673254184 0.01572659053
v 0.5463041365 -0.1912826337 0.0224720859
v 0.5516820401 -0.1991378814 0.01722988905
v 0.5547720343 -0.1885337271 0.01672878955
v 0.5632399321 -0.1857848205 0.01098549319
v 0.5686178356 -0.1936400682 0.005743296351
v 0.5717078298 -0.1830359139 0.005242196843
v 0.5321130604 0.2770773992 0.006014339626
v 0.5367012918 0.2676599175 0.006014339626
v 0.5415222496 0.2754846439 0
v 0.5224711448 0.2614279464 0.01804301888
v 0.5270593762 0.2520104647 0.01804301888
v 0.531880334 0.2598351911 0.01202867925
v 0.5412895232 0.2582424358 0.006014339626
v 0.5458777547 0.248824954 0.006014339626
v 0.5506987125 0.2566496804 0
v 0.4520209879 0.2807205021 0.06231684517
v 0.4464583322 0.2902568728 0.06168241892
v 0.4434086457 0.2834291309 0.06780791841
v 0.458120361 0.2943759859 0.05006584618
v 0.4495080188 0.2970846146 0.05555691943
v 0.4408956766 0.2997932434 0.06104799267
v 0.4322833344 0.3025018722 0.06653906591
v -0.1884718239 -0.2728285119 0.1363129988
v -0.1893353611 -0.2631349154 0.1389564648
v -0.1697967052 -0.2582101002 0.1353074536
v -0.1706602424 -0.2485165037 0.1379509196
v -0.1799978018 -0.2558257096 0.1384536922
v -0.1901988983 -0.2534413189 0.1415999308
v -0.1910624355 -0.2437477224 0.1442433968
v -0.5217097253 -0.1756010689 0.04915620293
v -0.529872328 -0.1717052385 0.04239930073
v -0.5288437754 -0.1547220461 0.04751958419
v -0.5370063782 -0.1508262157 0.04076268198
v -0.5334393531 -0.1612657271 0.04158099135
v -0.5380349308 -0.1678094082 0.03564239852
v -0.5461975336 -0.1639135778 0.02888549631
v 0.472453773 -0.3405606374 0.01548548834
v 0.4928527325 -0.3416682705 0.005091653671
v 0.4826532528 -0.341114454 0.01028857101
v 0.4787186161 -0.3325404078 0.01538022468
v 0.4849834591 -0.3245201781 0.01527496101
v -0.4498660862 -0.378921546 0.01143428567
v -0.4513548613 -0.3870678991 0.007622857112
v -0.442843318 -0.3871207014 0.01143428567
v -0.4668891728 -0.3788159415 0.003811428556
v -0.4683779478 -0.3869622946 0
v -0.4598664045 -0.3870150968 0.003811428556
v -0.4528436363 -0.3952142522 0.003811428556
v -0.4543324113 -0.4033606052 0
v -0.445820868 -0.4034134075 0.003811428556
v -0.4701394513 -0.2309818715 0.07910577022
v -0.4750287384 -0.2353032306 0.07301338576
v -0.4685404971 -0.2409168109 0.07675456256
v -0.4831159338 -0.2197547108 0.07162341662
v -0.4815169796 -0.2296896502 0.06927220896
v -0.4799180254 -0.2396245897 0.0669210013
v -0.4783190712 -0.2495595291 0.06456979364
v 0.3638891131 -0.02413267456 0.1747984104
v 0.3726485223 -0.02162133006 0.1713865995
v 0.3663890958 -0.01400584762 0.1738840975
v 0.376407966 -0.03936363943 0.1698034145
v 0.3789079487 -0.02923681249 0.1688891016
v 0.3814079314 -0.01910998556 0.1679747887
v 0.3839079142 -0.008983158623 0.1670604758
v 0.3790932372 -0.074307926 0.1684146039
v 0.369180508 -0.07441643253 0.1721753664
v 0.3989186957 -0.07409091294 0.1608930789
v 0.3890059665 -0.07419941947 0.1646538414
v 0.3835888654 -0.06516215578 0.166791454
v 0.3880844936 -0.05601638556 0.165168304
v 0.3781717643 -0.05612489209 0.1689290665
v 0.2920286655 0.4713734016 0.03721901681
v 0.283611536 0.4706083015 0.0417116629
v 0.2924909294 0.4628577381 0.04314426146
v 0.2742698789 0.4868745282 0.03435381968
v 0.2658527493 0.4861094281 0.03884646576
v 0.2747321427 0.4783588648 0.04027906433
v 0.2751944065 0.4698432013 0.04620430898
v 0.266777277 0.4690781012 0.05069695506
v 0.2756566703 0.4613275379 0.05212955363
v 0.24953245 0.4318189248 0.0851867944
v 0.2574918903 0.4242068604 0.0871397499
v 0.2336135693 0.4470430538 0.0812808834
v 0.2415730096 0.4394309893 0.0832338389
v 0.2407397255 0.4307852387 0.08880776353
v 0.2319470011 0.4297515526 0.09242873266
v 0.2399064414 0.4221394882 0.09438168816
v -0.4574817121 0.05729575362 0.1246597394
v -0.4621276632 0.04833740555 0.1224012785
v -0.4541822746 0.04777577054 0.1282314546
v -0.4733724892 0.05841902364 0.1129993871
v -0.4780184403 0.04946067557 0.1107409261
v -0.4700730518 0.04889904056 0.1165711023
v -0.4667736143 0.03937905747 0.1201428175
v -0.4714195654 0.0304207094 0.1178843565
v -0.4634741768 0.02985907439 0.1237145327
v 0.3889248595 -0.2649842575 0.1170686856
v 0.3983768746 -0.2635942549 0.1125581898
v 0.3939352334 -0.2563172057 0.1189917438
v 0.397808142 -0.2795383558 0.1042015776
v 0.4072601572 -0.2781483531 0.09969108179
v 0.4028185159 -0.270871304 0.1061246358
v 0.4078288898 -0.2622042522 0.108047694
v 0.4172809049 -0.2608142495 0.1035371982
v 0.4128392637 -0.2535372004 0.1099707521
v 0.4929925576 -0.09419810772 0.09615163133
v 0.4983575121 -0.1000287533 0.08992131054
v 0.5006072521 -0.0906182304 0.09047463164
v 0.4884930775 -0.1130191535 0.09504498914
v 0.496107772 -0.1094392762 0.08936798945
v 0.5037224665 -0.1058593988 0.08369098976
v 0.5113371611 -0.1022795215 0.07801399007
v 0.4687269181 -0.04487805162 0.123948371
v 0.4673272744 -0.05333064217 0.1246301886
v 0.4715262055 -0.02797287051 0.122584736
v 0.4701265618 -0.03642546106 0.1232665535
v 0.462821804 -0.03730331175 0.1275938489
v 0.4569166899 -0.02972857188 0.1312393267
v 0.4555170462 -0.03818116244 0.1319211442
v 0.08524483815 -0.592957601 0.00357451546
v 0.07466174569 -0.595775187 0.00357451546
v 0.08027333301 -0.6021261364 0
v 0.07402166352 -0.5802557021 0.01072354638
v 0.06343857106 -0.5830732882 0.01072354638
v 0.06905015837 -0.5894242376 0.00714903092
v 0.06407865323 -0.5985927731 0.00357451546
v 0.05349556077 -0.6014103591 0.00357451546
v 0.05910714809 -0.6077613086 0
v -0.2062691636 0.4021449238 0.1161921695
v -0.2004486807 0.4093180075 0.1141570583
v -0.2179101296 0.3877987564 0.1202623919
v -0.2120896466 0.3949718401 0.1182272807
v -0.2030483261 0.394369565 0.1211098433
v -0.1998274885 0.3865942061 0.126027517
v -0.1940070055 0.3937672898 0.1239924058
v -0.2031267248 0.3334832415 0.1488416158
v -0.2141813412 0.3334519342 0.1461779736
v -0.2106701247 0.3259520382 0.1503032148
v -0.2101491578 0.3484830335 0.1405911334
v -0.2212037742 0.3484517261 0.1379274912
v -0.2176925577 0.3409518301 0.1420527324
v -0.2252359577 0.3334206268 0.1435143314
v -0.2362905741 0.3333893195 0.1408506893
v -0.2327793576 0.3258894235 0.1449759305
v -0.4237564728 -0.2950554043 0.07826149464
v -0.4286033437 -0.2865782455 0.08007993735
v -0.43298316 -0.2927817032 0.07335905172
v -0.4149968401 -0.2826484889 0.09170326591
v -0.419843711 -0.27417133 0.09352170862
v -0.4242235273 -0.2803747877 0.08680082299
v -0.4334502146 -0.2781010866 0.08189838007
v -0.4382970855 -0.2696239278 0.08371682279
v -0.4426769018 -0.2758273855 0.07699593715
v -0.3638175428 -0.2523272336 0.1340836212
v -0.3678624779 -0.2601479515 0.1284603756
v -0.3582055122 -0.2606835589 0.1324911322
v -0.3831314743 -0.2512560189 0.1260221079
v -0.3871764094 -0.2590767369 0.1203988623
v -0.3775194436 -0.2596123442 0.1244296189
v -0.371907413 -0.2679686695 0.12283713
v -0.3759523481 -0.2757893875 0.1172138844
v -0.3662953824 -0.2763249949 0.121244641
v 0.3820819259 0.2067278922 0.1374562979
v 0.3877953514 0.1981216781 0.137430843
v 0.3745480776 0.1887046397 0.1459473372
v 0.3802615032 0.1800984256 0.1459218822
v 0.3840284273 0.1891100518 0.1416763626
v 0.393508777 0.189515464 0.1374053881
v 0.3992222026 0.1809092499 0.1373799331
v 0.42541264 0.2219348289 0.1078260969
v 0.41999989 0.2308091745 0.1075661033
v 0.4327346236 0.2374590151 0.09749023058
v 0.4273218736 0.2463333607 0.09723023698
v 0.4236608818 0.2385712676 0.1023981702
v 0.4145871401 0.23968352 0.1073061097
v 0.4091743901 0.2485578656 0.1070461161
v -0.4947227314 -0.09004888684 0.09572933242
v -0.5011493266 -0.096000636 0.08852551691
v -0.5118958578 -0.08342406899 0.08225280419
v -0.5183224529 -0.08937581815 0.07504898869
v -0.5097358897 -0.09268822707 0.0817872528
v -0.5075759217 -0.1019523852 0.08132170141
v -0.5140025169 -0.1079041343 0.0741178859
v 0.3142262399 0.2256997898 0.1615116708
v 0.3091432378 0.2349219471 0.1607758589
v 0.3046705052 0.2260829583 0.1651159301
v 0.323171705 0.2433777675 0.1528315283
v 0.3136159703 0.243760936 0.1564357877
v 0.3040602356 0.2441441044 0.160040047
v 0.2945045009 0.2445272729 0.1636443064
v 0.4054939523 0.2835023627 0.09561494924
v 0.4018900171 0.27533409 0.100915689
v 0.4109124541 0.2741749361 0.09605183639
v 0.3874490783 0.2858206704 0.1053426545
v 0.383845143 0.2776523978 0.1106433943
v 0.3928675801 0.2764932439 0.1057795417
v 0.3982860819 0.2671658173 0.1062164288
v 0.3946821466 0.2589975446 0.1115171686
v 0.4037045836 0.2578383908 0.1066533159
v -0.3626482859 -0.4181819558 0.04332676344
v -0.3528388292 -0.4206724688 0.04711852316
v -0.3592317775 -0.4121276662 0.0501294909
v -0.3498623893 -0.4352715611 0.03730482794
v -0.3400529325 -0.4377620742 0.04109658767
v -0.3464458808 -0.4292172715 0.04410755541
v -0.3430293724 -0.4231629819 0.05091028288
v -0.3332199156 -0.4256534949 0.0547020426
v -0.339612864 -0.4171086922 0.05771301035
v 0.3699686378 -0.3776607364 0.06300118566
v 0.3905809671 -0.3746395707 0.05241248757
v 0.3802748024 -0.3761501536 0.05770683661
v 0.3773019165 -0.368553631 0.06397298351
v 0.3846351951 -0.3594465256 0.06494478136
v 0.3439757898 -0.3938754648 0.06813279912
v 0.3402242661 -0.4047730491 0.06312641501
v 0.3485776708 -0.399176009 0.06231735274
v 0.3272689804 -0.4050695449 0.06975092366
v 0.3235174567 -0.4159671292 0.06474453956
v 0.3318708614 -0.4103700891 0.06393547729
v 0.3364727423 -0.4156706333 0.05812003091
v 0.3327212185 -0.4265682176 0.05311364681
v 0.3410746232 -0.4209711775 0.05230458453
v -0.2760876864 0.0001136425417 0.1953007169
v -0.2737014815 -0.009526466485 0.194385536
v -0.2909791619 -0.01501707523 0.1923003159
v -0.288592957 -0.02465718426 0.1913851351
v -0.2811472192 -0.01709182537 0.1928853355
v -0.2713152766 -0.01916657551 0.1934703551
v -0.2689290717 -0.02880668454 0.1925551742
v 0.2173164934 0.3363575041 0.1441392638
v 0.2127182148 0.3447416499 0.1415898837
v 0.2062806003 0.3372286931 0.1464342028
v 0.2301917225 0.3513834178 0.1344506256
v 0.2191558294 0.3522546068 0.1367455646
v 0.2081199363 0.3531257957 0.1390405037
v 0.1970840432 0.3539969847 0.1413354427
v 0.1938597411 0.4123932645 0.1145622917
v 0.1982394792 0.4054733887 0.116936991
v 0.2037718482 0.4108242244 0.112665778
v 0.1827950031 0.4016915932 0.1231047176
v 0.1871747412 0.3947717175 0.1254794169
v 0.1927071102 0.4001225531 0.121208204
v 0.2026192173 0.398553513 0.1193116903
v 0.2069989555 0.3916336372 0.1216863897
v 0.2125313245 0.3969844729 0.1174151767
v 0.3651765361 -0.3266243711 0.09493332915
v 0.3674026132 -0.3348147795 0.0888537094
v 0.3749840781 -0.327278778 0.08944978751
v 0.3500136063 -0.3416963741 0.09374117292
v 0.3598211482 -0.342350781 0.08825763129
v 0.3696286902 -0.3430051878 0.08277408965
v 0.3794362321 -0.3436595947 0.07729054801
v -0.09598457441 0.1196754873 0.1917524822
v -0.09754537605 0.1088306904 0.1916458979
v -0.09286297113 0.1413650811 0.1919656508
v -0.09442377277 0.1305202842 0.1918590665
v -0.1035345364 0.1269028634 0.1921308152
v -0.1110844985 0.1341302395 0.1925091483
v -0.1126453001 0.1232854426 0.192402564
v -0.1177949309 0.3942742348 0.131143257
v -0.1090725958 0.4002497941 0.1285749041
v -0.1008354127 0.385963738 0.1360565275
v -0.1005928367 0.3960945457 0.1310315393
v -0.1003502607 0.4062253535 0.1260065511
v -0.1695196293 0.3615462035 0.1438120492
v -0.1737083793 0.3693217337 0.1394143142
v -0.1782199182 0.3626653403 0.1421032846
v -0.1604965515 0.3748589903 0.1384341083
v -0.1646853015 0.3826345205 0.1340363733
v -0.1691968404 0.3759781271 0.1367253438
v -0.1778971292 0.3770972639 0.1350165792
v -0.1820858791 0.3848727942 0.1306188442
v -0.186597418 0.3782164007 0.1333078146
v -0.1345331296 -0.5679109246 0.01038200059
v -0.1318259928 -0.5752214491 0.006921333726
v -0.124824794 -0.5704956204 0.01038200059
v -0.1485355273 -0.5773625821 0.003460666863
v -0.1458283905 -0.5846731067 0
v -0.1388271917 -0.5799472779 0.003460666863
v -0.129118856 -0.5825319737 0.003460666863
v -0.1264117192 -0.5898424983 0
v -0.1194105204 -0.5851166695 0.003460666863
v -0.2245645523 -0.5561701655 0.004696370568
v -0.2237738036 -0.5472788811 0.009631193709
v -0.2318213396 -0.5526770353 0.004934823141
v -0.2084694803 -0.545373857 0.0140891117
v -0.2076787315 -0.5364825726 0.01902393484
v -0.2157262675 -0.5418807268 0.01432756428
v -0.2229830548 -0.5383875966 0.01456601685
v -0.2221923061 -0.5294963121 0.01950083999
v -0.2302398421 -0.5348944664 0.01480446942
v 0.04469412565 -0.600273639 0.004743312951
v 0.03256311174 -0.599379167 0.005809349706
v 0.0370342657 -0.5796631277 0.01422993885
v 0.02490325179 -0.5787686557 0.01529597561
v 0.02873318177 -0.5890739113 0.01055266266
v 0.02043209784 -0.598484695 0.006875386462
v 0.00830108393 -0.597590223 0.007941423217
v -0.347045131 0.1845983528 0.1593341641
v -0.3423811123 0.1780483574 0.1623584628
v -0.3381548971 0.1855543591 0.1621020474
v -0.3554975614 0.1695863493 0.159846995
v -0.3508335426 0.1630363539 0.1628712937
v -0.3466073275 0.1705423556 0.1626148783
v -0.3377170935 0.171498362 0.1653827615
v -0.3330530748 0.1649483666 0.1684070602
v -0.3288268596 0.1724543683 0.1681506447
v -0.4110033363 0.1467756964 0.1417957842
v -0.4159010202 0.1375047229 0.1422822215
v -0.4012079686 0.1653176434 0.1408229098
v -0.4061056525 0.1560466699 0.141309347
v -0.4144006968 0.1559745371 0.1375281848
v -0.4177980572 0.1651733778 0.1332605854
v -0.4226957411 0.1559024043 0.1337470226
v -0.3397430629 0.2975067049 0.1277793199
v -0.3419138938 0.287781924 0.1300069988
v -0.3317607343 0.2926148027 0.1337308288
v -0.3600493819 0.2878409475 0.1203316599
v -0.3622202128 0.2781161666 0.1225593388
v -0.3520670533 0.2829490453 0.1262831688
v -0.3440847248 0.2780571431 0.1322346777
v -0.3462555557 0.2683323622 0.1344623566
v -0.3361023962 0.2731652409 0.1381861866
v -0.3201138005 0.209132202 0.163032338
v -0.3275903314 0.2062463015 0.1609524675
v -0.3203893229 0.2007620558 0.1653173603
v -0.3345158175 0.2201006934 0.1543025523
v -0.3419923484 0.217214793 0.1522226818
v -0.3347913399 0.2117305472 0.1565875746
v -0.3350668624 0.2033604011 0.1588725969
v -0.3425433934 0.2004745007 0.1567927264
v -0.3353423849 0.1949902549 0.1611576192
v 0.002572216559 0.462464422 0.1009535976
v -0.0001769962255 0.4707428291 0.09579140134
v -0.006194415269 0.4624154046 0.101100428
v 0.01460705465 0.479119271 0.0903355442
v 0.01185784186 0.4873976782 0.08517334796
v 0.005840422818 0.4790702537 0.09048237465
v -0.00292620901 0.4790212363 0.09062920511
v -0.005675421795 0.4872996435 0.08546700887
v -0.01169284084 0.4789722189 0.09077603556
v 0.3922735751 -0.2132528536 0.1316892803
v 0.3828320652 -0.214773003 0.1354058236
v 0.38046363 -0.1973749138 0.1408647299
v 0.3769270927 -0.2068340331 0.1399935484
v 0.3733905554 -0.2162931524 0.1391223669
v 0.04142212868 0.3977786973 0.1328163147
v 0.04315889999 0.38914527 0.1365907677
v 0.05092359334 0.3917813674 0.1349956132
v 0.02589274198 0.3925065026 0.1360066235
v 0.02762951329 0.3838730752 0.1397810765
v 0.03539420664 0.3865091726 0.1381859221
v 0.04489567131 0.3805118427 0.1403652206
v 0.04663244262 0.3718784153 0.1441396736
v 0.05439713597 0.3745145127 0.1425445192
v 0.2973231748 0.08100772463 0.1904626451
v 0.2874937505 0.0846144408 0.1914680935
v 0.2895758227 0.07476857491 0.1919598356
v 0.2931590304 0.1006994564 0.1894791611
v 0.2833296061 0.1043061726 0.1904846095
v 0.2854116783 0.09446030669 0.1909763515
v 0.2776643261 0.08822115697 0.1924735419
v 0.2678349018 0.09182787314 0.1934789903
v 0.269916974 0.08198200725 0.1939707324
v 0.3483494967 0.1135470811 0.1737633571
v 0.3419437632 0.1090610158 0.1763112321
v 0.3330737501 0.1252361517 0.1759852245
v 0.3343058899 0.1149055511 0.1774221659
v 0.3355380297 0.1045749504 0.1788591072
v -0.2923882902 -0.3699232936 0.1000310332
v -0.2882468998 -0.3793789521 0.09644349292
v -0.3040189445 -0.384121418 0.08944827318
v -0.2998775542 -0.3935770765 0.08586073294
v -0.294062227 -0.3864780143 0.09115211293
v -0.2841055095 -0.3888346106 0.09285595268
v -0.2799641192 -0.3982902691 0.08926841244
v -0.2549187057 -0.3471208438 0.1185068339
v -0.2445573471 -0.3495333642 0.1178182159
v -0.2483659722 -0.3651920632 0.1111811101
v -0.2380046137 -0.3676045835 0.1104924921
v -0.2412809804 -0.3585689738 0.114155354
v -0.2341959886 -0.3519458845 0.1171295978
v -0.2238346301 -0.3543584049 0.1164409798
v -0.3043012992 -0.4323512614 0.06120619178
v -0.2945073396 -0.4344406575 0.06328831892
v -0.3238892183 -0.4281724691 0.05704193749
v -0.3140952587 -0.4302618653 0.05912406463
v -0.3081810698 -0.4388351291 0.05466123205
v -0.3120608404 -0.4453189969 0.04811627232
v -0.3022668809 -0.447408393 0.05019839946
v 0.1749887876 -0.4487285838 0.07495270111
v 0.1710366867 -0.4575959966 0.07033470925
v 0.1556836404 -0.4514183477 0.07239976339
v 0.1613841131 -0.4589408785 0.06905824039
v 0.1670845859 -0.4664634094 0.06571671739
v -0.2899499536 -0.1607540809 0.1748043373
v -0.2960655019 -0.1520600021 0.175811816
v -0.3000035509 -0.1613651551 0.1737062447
v -0.2820738554 -0.1421437748 0.17901548
v -0.2921274528 -0.142754849 0.1779173873
v -0.3021810502 -0.1433659233 0.1768192947
v -0.3122346476 -0.1439769976 0.175721202
v 0.1581526473 0.0493413033 0.1916652434
v 0.1683848575 0.0487856064 0.1929661334
v 0.1678015515 0.03035603371 0.1907389797
v 0.1732093096 0.0392929716 0.1925030015
v 0.1786170676 0.0482299095 0.1942670234
v -0.4430124909 -0.1524592303 0.1182898153
v -0.4360383749 -0.160330791 0.1210210603
v -0.4569607228 -0.1367161088 0.1128273252
v -0.4499866068 -0.1445876695 0.1155585703
v -0.4505204409 -0.1544715166 0.1127282977
v -0.458028391 -0.1564838029 0.1071667802
v -0.451054275 -0.1643553637 0.1098980252
v 0.2057394981 0.2298312075 0.1813988201
v 0.2090625167 0.2384743392 0.178648416
v 0.2005030066 0.2373805009 0.179864116
v 0.2228585184 0.2320188843 0.17896742
v 0.2176220268 0.2395681776 0.1774327159
v 0.2123855352 0.2471174709 0.1758980118
v 0.2071490437 0.2546667643 0.1743633077
v 0.2602218762 0.2573232055 0.1661357172
v 0.2648016587 0.2649850026 0.1624236777
v 0.2550684512 0.266176261 0.1634994186
v 0.2796882913 0.2549406886 0.1639842354
v 0.2842680737 0.2626024857 0.1602721959
v 0.2745348662 0.2637937441 0.1613479368
v 0.2693814412 0.2726467997 0.1587116383
v 0.2739612237 0.2803085968 0.1549995989
v 0.2642280161 0.2814998552 0.1560753398
v -0.260623455 0.2434774674 0.1703597233
v -0.2505804598 0.2451243512 0.171297349
v -0.2581185102 0.2525924221 0.1679249704
v -0.2455473542 0.2285413258 0.1771044806
v -0.235504359 0.2301882096 0.1780421063
v -0.2430424094 0.2376562804 0.1746697277
v -0.2405374646 0.246771235 0.1722349748
v -0.2304944694 0.2484181188 0.1731726006
v -0.2380325198 0.2558861896 0.1698002219
v 0.220718015 -0.4813627303 0.05150745623
v 0.2254718989 -0.4873740375 0.04650294688
v 0.2300447784 -0.4806753397 0.04991631117
v 0.2375984713 -0.2675706819 0.1472706608
v 0.2398938909 -0.2771522403 0.1444805376
v 0.2457745522 -0.2714735493 0.1464484334
v 0.2258371487 -0.2789280638 0.1433348693
v 0.2281325683 -0.2885096222 0.1405447461
v 0.2340132296 -0.2828309312 0.1425126418
v 0.2421893105 -0.2867337987 0.1416904144
v 0.2444847301 -0.2963153571 0.1389002912
v 0.2503653914 -0.2906366661 0.140868187
v -0.2388514839 -0.257917475 0.1504202485
v -0.247236073 -0.2507837377 0.152431678
v -0.2362484522 -0.2355756499 0.1566449404
v -0.2446330413 -0.2284419127 0.1586563699
v -0.2459345572 -0.2396128252 0.155544024
v -0.2556206621 -0.2436500005 0.1544431075
v -0.2640052512 -0.2365162633 0.1564545371
v -0.06165619008 0.2793620378 0.1752115712
v -0.07791384868 0.2934494168 0.1714553684
v -0.06978501938 0.2864057273 0.1733334698
v -0.07069336995 0.2764112055 0.1759340502
v -0.07973054983 0.2734603733 0.1766565293
v 0.2497069612 0.04101631138 0.196489986
v 0.2450738363 0.05116063077 0.1966191567
v 0.2543400861 0.030871992 0.1963608153
v 0.259320233 0.03894452192 0.1961495578
v 0.2643003799 0.04701705184 0.1959383003
v 0.2616476119 -0.3460596055 0.1180662494
v 0.2719707116 -0.3479499146 0.115069706
v 0.2705935463 -0.33833123 0.1197938155
v 0.2644019425 -0.3652969748 0.1086180303
v 0.2747250423 -0.3671872839 0.1056214869
v 0.273347877 -0.3575685993 0.1103455964
v 0.2822938114 -0.3498402238 0.1120731626
v 0.2926169112 -0.3517305329 0.1090766191
v 0.2912397459 -0.3421118483 0.1138007287
v 0.2096379772 -0.02741228789 0.1904833466
v 0.2044708915 -0.01776656136 0.1908263676
v 0.2199721485 -0.04670374095 0.1897973046
v 0.2148050629 -0.03705801442 0.1901403256
v 0.2197658829 -0.02828881145 0.1917041354
v 0.2298937887 -0.029165335 0.1929249242
v 0.224726703 -0.01951960847 0.1932679452
v -0.1804272532 0.3476631939 0.1481174789
v -0.1762266569 0.3397388682 0.1516807564
v -0.1698305719 0.3469654843 0.150064297
v -0.1932194233 0.3332099617 0.1513503976
v -0.1890188269 0.3252856359 0.154913675
v -0.1826227419 0.332512252 0.1532972157
v -0.1720260605 0.3318145424 0.1552440338
v -0.1678254642 0.3238902166 0.1588073112
v -0.1614293791 0.3311168328 0.1571908519
v 0.1362361684 0.1685555167 0.1932745501
v 0.141064018 0.1845619343 0.1918243617
v 0.1386500932 0.1765587255 0.1925494559
v 0.1292838939 0.1739808805 0.1929751076
v 0.1223316193 0.1794062443 0.192675665
v 0.1875073761 0.2536350079 0.1773857698
v 0.1810095608 0.2617622614 0.1761465967
v 0.1940051913 0.2455077544 0.1786249429
v 0.1973282099 0.2541508861 0.1758745387
v 0.2006512284 0.2627940178 0.1731241345
v 0.2153111883 0.2711218446 0.1684118025
v 0.2096900679 0.279403545 0.1666416191
v 0.2048509419 0.2715915963 0.16984272
v 0.2249894403 0.286745742 0.1620096005
v 0.2145291939 0.2872154936 0.1634405181
v 0.2040689476 0.2876852453 0.1648714356
v 0.1936087012 0.2881549969 0.1663023531
v -0.4013684392 -0.1361455787 0.1465660222
v -0.4017148912 -0.1442183983 0.144321423
v -0.4006755352 -0.1199999396 0.1510552205
v -0.4010219872 -0.1280727591 0.1488106214
v -0.4090496898 -0.128981784 0.1446757019
v -0.4167309403 -0.1218179893 0.1427853815
v -0.4170773923 -0.1298908088 0.1405407824
v 0.0978201665 0.357266672 0.1490309313
v 0.1040756498 0.349755168 0.1518002413
v 0.08860578761 0.342475377 0.1548348591
v 0.09946846031 0.3423595205 0.1547022052
v 0.110331133 0.342243664 0.1545695513
v 0.04081950523 0.186222516 0.1892994344
v 0.04944956303 0.179628741 0.1899961717
v 0.03756308369 0.1698151305 0.1899856925
v 0.04619314149 0.1632213555 0.1906824298
v 0.04782135226 0.1714250483 0.1903393008
v 0.05807962082 0.173034966 0.1906929091
v 0.06670967862 0.166441191 0.1913896464
v 0.02316364693 0.2304915115 0.1844288781
v 0.04444009904 0.235765256 0.1838164926
v 0.03380187298 0.2331283838 0.1841226853
v 0.02646543249 0.2395454571 0.1828649081
v 0.02976721805 0.2485994026 0.1813009381
v -0.154253494 0.1164002325 0.1950877719
v -0.1439729277 0.1181358173 0.1943061054
v -0.1401254274 0.1020597387 0.1934481896
v -0.1298448611 0.1037953235 0.1926665232
v -0.1369088944 0.1109655704 0.1934863143
v -0.1336923614 0.1198714022 0.1935244389
v -0.1234117951 0.121606987 0.1927427724
v -0.3157253042 0.1942120604 0.168341659
v -0.3095657378 0.1872404441 0.1715255082
v -0.3213503286 0.1753402688 0.1702305153
v -0.3151907623 0.1683686525 0.1734143645
v -0.3123782501 0.1778045483 0.1724699363
v -0.3034061715 0.1802688278 0.1747093573
v -0.2972466052 0.1732972115 0.1778932065
v 0.08355813846 0.3112663403 0.1660371199
v 0.07458917424 0.3093665764 0.1665422805
v 0.09252710268 0.3131661043 0.1655319594
v 0.0866946131 0.3198373914 0.1631019674
v 0.08086212352 0.3265086785 0.1606719755
v -0.1560278386 -0.3938037232 0.09350523725
v -0.1489117481 -0.3861400262 0.0945393499
v -0.1591428556 -0.3841109574 0.0970272664
v -0.1355656236 -0.3978618607 0.08852940425
v -0.1284495331 -0.3901981637 0.0895635169
v -0.1386806406 -0.3881690949 0.0920514334
v -0.1417956576 -0.3784763291 0.09557346255
v -0.1346795671 -0.3708126321 0.09660757519
v -0.1449106745 -0.3687835634 0.09909549169
v -0.1924371272 -0.4341626018 0.0826114472
v -0.1864713877 -0.4281184599 0.08597351611
v -0.2043686062 -0.4462508857 0.07588730939
v -0.1984028667 -0.4402067438 0.07924937829
v -0.1888275295 -0.44280947 0.07832015119
v -0.1852179319 -0.4514563382 0.07402885519
v -0.1792521924 -0.4454121962 0.0773909241
v 0.3036343083 -0.1885501593 0.1661808677
v 0.298660621 -0.1814018674 0.1683585346
v 0.2954459116 -0.1927918382 0.1660499983
v 0.3100637272 -0.1657702178 0.1707979403
v 0.30509004 -0.1586219259 0.1729756072
v 0.3018753305 -0.1700118966 0.1706670709
v 0.2936869338 -0.1742535755 0.1705362014
v 0.2887132466 -0.1671052836 0.1727138683
v 0.2854985371 -0.1784952544 0.170405332
v 0.2859904841 -0.1932782382 0.1664056219
v 0.2810167968 -0.1861299463 0.1685832888
v 0.2765350565 -0.1937646382 0.1667612456
v 0.1864729077 0.0920087155 0.1975012608
v 0.1927498505 0.1003987193 0.1974262483
v 0.1818277761 0.1004801858 0.1974862814
v 0.2083170563 0.09184578247 0.1973811947
v 0.2145939991 0.1002357863 0.1973061822
v 0.2036719248 0.1003172528 0.1973662153
v 0.1990267932 0.1087887231 0.1973512359
v 0.205303736 0.1171787269 0.1972762235
v 0.1943816617 0.1172601935 0.1973362565
v -0.2151787654 -0.0623054523 0.1871973053
v -0.2143270075 -0.05149242654 0.1888181418
v -0.216882281 -0.08393150382 0.1839556322
v -0.2160305232 -0.07311847806 0.1855764687
v -0.2077638581 -0.06781652384 0.184716858
v -0.2003489509 -0.07332759537 0.1822364107
v -0.1994971931 -0.06251456961 0.1838572472
v -0.1966818832 -0.1016993113 0.1760353595
v -0.2034153491 -0.0957767088 0.1786754504
v -0.2049485482 -0.1070012655 0.1768949702
v -0.193615485 -0.07925019786 0.1795963198
v -0.20188215 -0.08455215208 0.1804559305
v -0.2101488151 -0.08985410631 0.1813155413
v -0.2184154801 -0.09515606053 0.182175152
v 0.4841831401 -0.02267233585 0.1137337163
v 0.480638735 -0.01395844575 0.1153295189
v 0.4752865583 -0.01838112972 0.1198532432
v 0.4948874936 -0.01382696792 0.1046862677
v 0.4913430884 -0.005113077816 0.1062820703
v 0.4859909117 -0.009535761783 0.1108057946
v 0.4770943299 -0.00524455565 0.1169253215
v 0.4735499248 0.00346933445 0.1185211241
v 0.4681977481 -0.0009533495177 0.1230448484
v 0.4531226158 0.05340924393 0.1279480644
v 0.4589926675 0.04563480057 0.1246592999
v 0.4413825125 0.06895813067 0.1345255934
v 0.4472525641 0.0611836873 0.1312368289
v 0.4452432469 0.05148677621 0.133020062
v 0.4373638779 0.04956430849 0.1380920596
v 0.4432339296 0.04178986512 0.1348032951
v -0.1653597876 -0.334040843 0.1142354682
v -0.1857559457 -0.3289301321 0.1205725037
v -0.1755578667 -0.3314854875 0.1174039859
v -0.17277468 -0.3404848576 0.1139201876
v -0.1801895723 -0.3469288722 0.1136049069
v -0.1872421987 -0.3538800105 0.1124446373
v -0.1939532757 -0.3608498722 0.1111215372
v -0.2069138251 -0.3497835472 0.1170916948
v -0.2136249021 -0.3567534089 0.1157685947
v -0.2037890889 -0.3588016406 0.1134450659
v -0.2006643526 -0.3678197339 0.109798437
v -0.2073754296 -0.3747895956 0.1084753368
v 0.2219587825 -0.157002978 0.1718022674
v 0.2116479501 -0.1565525122 0.1694563217
v 0.2425804473 -0.1579039097 0.1764941588
v 0.2322696149 -0.1574534439 0.1741482131
v 0.2291717567 -0.1489320509 0.175218571
v 0.2363847308 -0.1408611238 0.1786348745
v 0.2260738984 -0.140410658 0.1762889288
v 0.1852429435 -0.1646277048 0.1612173952
v 0.1948693208 -0.1695253253 0.1625675634
v 0.1659901887 -0.1548324637 0.1585170589
v 0.1756165661 -0.1597300842 0.1598672271
v 0.1756772883 -0.1695295908 0.1577449404
v 0.1661116332 -0.1744314767 0.1542724855
v 0.1757380106 -0.1793290973 0.1556226537
v -0.1918407492 -0.1607118212 0.1634640507
v -0.1832025275 -0.1553035378 0.1625618972
v -0.1917768233 -0.1503952779 0.1656983122
v -0.1746921577 -0.1705283411 0.1571912207
v -0.1660539359 -0.1651200578 0.1562890671
v -0.1746282317 -0.1602117978 0.1594254822
v -0.1745643057 -0.1498952545 0.1616597436
v -0.1659260839 -0.1444869712 0.1607575901
v -0.1745003797 -0.1395787112 0.1638940051
v -0.120524263 0.5222616792 0.04873398319
v -0.1101745665 0.5267617106 0.04659588821
v -0.1213035379 0.5296403766 0.04291075282
v -0.0982663203 0.5165043473 0.05610425398
v -0.0879166238 0.5210043788 0.053966159
v -0.09904559515 0.5238830447 0.05028102361
v -0.09982487001 0.5312617421 0.04445779324
v -0.0894751735 0.5357617736 0.04231969826
v -0.1006041449 0.5386404395 0.03863456286
v -0.1460328642 0.2404173277 0.1834728792
v -0.143924335 0.2514750585 0.1813180633
v -0.1269009244 0.2464437373 0.1830939278
v -0.1247923952 0.2575014681 0.1809391119
v -0.1343583651 0.2544882633 0.1811285876
v -0.1418158058 0.2625327893 0.1791632473
v -0.1397072766 0.27359052 0.1770084314
v 0.1301677842 -0.4173353091 0.08144746162
v 0.1333369799 -0.4074739516 0.0850307513
v 0.1224684808 -0.408808969 0.08280096948
v 0.1519047823 -0.4146652743 0.08590702526
v 0.144205479 -0.4061389342 0.08726053312
v 0.1365061756 -0.3976125941 0.08861404099
v 0.1288068723 -0.3890862539 0.08996754885
v -0.3968720958 0.2480283342 0.1144893765
v -0.388276957 0.2561020218 0.1164157987
v -0.3959879577 0.2587870061 0.1108285636
v -0.3814500943 0.2426583655 0.1256638467
v -0.3728549555 0.2507320531 0.1275902689
v -0.3805659562 0.2534170374 0.1220030338
v -0.3796818182 0.2641757093 0.1183422208
v -0.3710866794 0.2722493969 0.1202686429
v -0.3787976801 0.2749343812 0.1146814078
v -0.3895007297 0.2344066352 0.1241250262
v -0.381789729 0.2317216508 0.1297122613
v -0.4049227312 0.2397766039 0.112950556
v -0.3972117305 0.2370916195 0.1185377911
v -0.3975513652 0.2261549048 0.1225862056
v -0.4056020007 0.2179031745 0.121047385
v -0.3978909999 0.2152181901 0.1266346201
v 0.3095915392 -0.4714330435 0.02726894012
v 0.3019160554 -0.4794610292 0.02453678823
v 0.2899012789 -0.4725681543 0.03533109324
v 0.2920709252 -0.4800285846 0.02856786479
v 0.2942405716 -0.4874890149 0.02180463634
v 0.2168007568 0.4767978862 0.06762723159
v 0.2081940435 0.4829512984 0.06668732595
v 0.2340141833 0.4644910619 0.06950704288
v 0.22540747 0.470644474 0.06856713723
v 0.2249747999 0.4794467315 0.06236722134
v 0.2331488431 0.4820955768 0.05710721109
v 0.2245421298 0.488248989 0.05616730545
v 0.1065551303 0.5717234761 0.01402618596
v 0.103089489 0.5811002105 0.009350790642
v 0.1222537048 0.5864086598 0.004675395321
v 0.1187880635 0.5957853943 0
v 0.1109387763 0.5884428024 0.004675395321
v 0.09962384775 0.590476945 0.004675395321
v 0.09615820646 0.5998536795 0
v 0.404748112 0.4068768322 0.02787091723
v 0.4140729308 0.4090363979 0.02114116121
v 0.4078352153 0.4172397256 0.02018926805
v 0.4172235429 0.3904701769 0.02977470355
v 0.4203106463 0.4008330703 0.02209305437
v 0.4233977497 0.4111959636 0.01441140519
v 0.426484853 0.421558857 0.006729756016
v 0.08082525618 0.5398893356 0.04019488953
v 0.08797988296 0.5456369668 0.03475081408
v 0.07724196278 0.5471379906 0.03503380762
v 0.1023010965 0.5368872881 0.03962890245
v 0.1094557233 0.5426349193 0.034184827
v 0.09871780314 0.5441359431 0.03446782054
v 0.09513450973 0.551384598 0.02930673864
v 0.1022891365 0.5571322292 0.02386266319
v 0.09155121632 0.558633253 0.02414565673
v 0.07341273967 0.5141063482 0.06108875666
v 0.06786450371 0.5073732436 0.06658710912
v 0.07839528751 0.50664033 0.06587819662
v 0.05235117208 0.5155721754 0.06250658166
v 0.04680293612 0.5088390708 0.06800493412
v 0.05733371992 0.5081061572 0.06729602162
v 0.06231626775 0.500640139 0.07208546158
v 0.05676803179 0.4939070344 0.07758381404
v 0.06729881559 0.4931741208 0.07687490154
v -0.587492615 -0.1210684516 0.005301875528
v -0.5807002187 -0.1146017369 0.0105092451
v -0.5698359907 -0.1276745014 0.01590562658
v -0.5630435944 -0.1212077867 0.02111299615
v -0.5718719065 -0.1179047618 0.01581112063
v -0.5739078224 -0.1081350222 0.01571661467
v -0.5671154261 -0.1016683076 0.02092398424
v -0.5505577922 -0.01363606157 0.0565907862
v -0.5472283214 -0.02269140421 0.05983636528
v -0.5443808287 -0.01540482382 0.06312260218
v -0.5562527776 -0.02820922236 0.05001831241
v -0.5529233068 -0.03726456501 0.05326389149
v -0.5500758141 -0.02997798461 0.05655012839
v -0.5438988507 -0.03174674686 0.06308194436
v -0.5405693799 -0.0408020895 0.06632752344
v -0.5377218872 -0.0335155091 0.06961376034
v -0.2943690345 0.4763376415 0.03233513841
v -0.2910431996 0.4936234951 0.02135675447
v -0.292706117 0.4849805683 0.02684594644
v -0.302342318 0.4789726883 0.02652813867
v -0.3103156015 0.4816077352 0.02072113892
v -0.3096099719 0.5026510507 0.01051947335
v -0.3092571571 0.5131727085 0.005418640561
v -0.3099627867 0.4921293929 0.01562030613
v -0.3003265858 0.4981372729 0.01593811391
v -0.2906903848 0.5041451529 0.01625592168
v -0.4481219202 0.3287987784 0.03962238599
v -0.4543160349 0.3213678896 0.03862462938
v -0.4456963241 0.3227153644 0.04484841134
v -0.4653613418 0.3261038288 0.02717482205
v -0.4629357457 0.3200204149 0.03240084741
v -0.4605101496 0.3139370009 0.03762687277
v -0.4580845535 0.307853587 0.04285289813
v 0.5591379553 0.02566023124 0.04295153916
v 0.5655412376 0.02973777661 0.03596288338
v 0.5588397533 0.03585461061 0.0414073132
v 0.572540924 0.01342656324 0.03206267953
v 0.5789442062 0.0175041086 0.02507402375
v 0.5722427219 0.02362094261 0.03051845357
v 0.5719445199 0.03381532198 0.02897422761
v 0.5783478022 0.03789286735 0.02198557183
v 0.5716463178 0.04400970135 0.02743000165
v 0.5481524318 -0.005214384524 0.05938608292
v 0.5421643555 -0.01021733345 0.06582887471
v 0.549139604 -0.01499838149 0.05973123293
v 0.5342019349 0.004347711569 0.07158136647
v 0.5282138586 -0.0006552373525 0.07802415825
v 0.5351891071 -0.005436285399 0.07192651648
v 0.5361762792 -0.01522028237 0.07227166649
v 0.5301882029 -0.02022323129 0.07871445827
v 0.5371634513 -0.02500427933 0.0726168165
v -0.421881929 -0.04567687493 0.1510945782
v -0.4315243289 -0.04545970634 0.1468161829
v -0.4025971293 -0.04611121211 0.1596513689
v -0.4122395292 -0.04589404352 0.1553729735
v -0.4173650518 -0.03685860615 0.1532776915
v -0.4128481746 -0.02804033738 0.1554608047
v -0.4224905744 -0.02782316878 0.1511824094
v 0.4816408977 -0.1669974476 0.08657164499
v 0.4893188477 -0.1633959226 0.08106117882
v 0.4841140583 -0.1573982053 0.08687307499
v 0.4920504764 -0.1789928824 0.07494785264
v 0.4997284263 -0.1753913574 0.06943738647
v 0.494523637 -0.16939364 0.07524928264
v 0.4969967976 -0.1597943977 0.07555071265
v 0.5046747476 -0.1561928727 0.07004024647
v 0.4994699582 -0.1501951553 0.07585214265
v 0.06054246053 0.5631019026 0.02547700889
v 0.07087871246 0.5616123527 0.02503322484
v 0.06690571085 0.5486275405 0.03547759168
v 0.07406033762 0.5543751717 0.03003351623
v 0.08121496439 0.5601228029 0.02458944079
v 0.5262354463 0.1770744249 0.04823001567
v 0.5327341557 0.1738877185 0.04199641058
v 0.5320841819 0.1559040919 0.04622080456
v 0.5385828912 0.1527173854 0.03998719947
v 0.5356585234 0.163302552 0.04099180503
v 0.539232865 0.170701012 0.03576280549
v 0.5457315743 0.1675143056 0.0295292004
v -0.5327952057 -0.2744250968 0.0066923704
v -0.5301192254 -0.2670984752 0.01173206652
v -0.5395804942 -0.2673100643 0.005039696116
v -0.5138726681 -0.2740019187 0.0200771112
v -0.5111966878 -0.2666752972 0.02511680732
v -0.5206579566 -0.2668868862 0.01842443692
v -0.5274432451 -0.2597718537 0.01677176263
v -0.5247672647 -0.2524452321 0.02181145875
v -0.5342285335 -0.2526568212 0.01511908835
v -0.3612075374 -0.4580127522 0.01320123649
v -0.3707925156 -0.4576403126 0.01053595822
v -0.3637626618 -0.4652264416 0.007995834807
v -0.3752672449 -0.4428404942 0.01828148332
v -0.3848522231 -0.4424680546 0.01561620506
v -0.3778223693 -0.4500541836 0.01307608164
v -0.3803774938 -0.457267873 0.007870679954
v -0.389962472 -0.4568954334 0.005205401685
v -0.3829326183 -0.4644815624 0.002665278269
v 0.3712523803 -0.4529199973 0.01404152671
v 0.3789075315 -0.4570680186 0.009097020607
v 0.3789657727 -0.4491554201 0.01324953511
v -0.2990581542 0.451266855 0.04859371111
v -0.2899968177 0.4572225213 0.04852794856
v -0.3171808273 0.4393555224 0.04872523621
v -0.3081194907 0.4453111887 0.04865947366
v -0.3009963036 0.4434297085 0.05349032953
v -0.3029344529 0.435592562 0.05838694796
v -0.2938731164 0.4415482283 0.05832118541
v -0.0878008604 0.4767322913 0.08614473045
v -0.08625817485 0.4691216275 0.09089290537
v -0.07912779041 0.4752776176 0.08770984598
v -0.1020616293 0.4644203112 0.09251084924
v -0.1005189437 0.4568096474 0.09725902416
v -0.0933885593 0.4629656374 0.09407596476
v -0.0847154893 0.4615109637 0.09564108029
v -0.08317280374 0.4539003 0.1003892552
v -0.0760424193 0.46005629 0.09720619582
v -0.1047403477 0.449281171 0.101373734
v -0.09606727771 0.4478264973 0.1029388495
v -0.09583701566 0.4313148707 0.1127333846
v -0.08716394566 0.429860197 0.1142985001
v -0.09161561169 0.4388433471 0.1086186748
v -0.08739420772 0.4463718235 0.104503965
v -0.07872113772 0.4449171498 0.1060690805
v -0.08841634355 0.6010742038 0
v -0.09211701341 0.5924941301 0.004103634506
v -0.08131373301 0.5942827612 0.004103634506
v -0.1100229044 0.5974969417 0
v -0.1029202938 0.5907054991 0.004103634506
v -0.09581768326 0.5839140564 0.008207269013
v -0.08871507272 0.5771226138 0.01231090352
v -0.05921704043 0.5354619324 0.04635842796
v -0.06878356822 0.5306427479 0.04889433831
v -0.07990864571 0.5405809581 0.03978378791
v -0.07912937086 0.5332022607 0.04560701828
v -0.07835009601 0.5258235633 0.05143024866
v -0.1974922903 -0.5633777529 0.004696370568
v -0.2065163776 -0.5609752238 0.004696370568
v -0.2055398263 -0.5687759072 0
v -0.1994453929 -0.5477763861 0.0140891117
v -0.207492929 -0.5531745404 0.009392741136
v -0.215540465 -0.5585726947 0.004696370568
v -0.223588001 -0.5639708489 0
v 0.4606770426 -0.0201368311 0.1285078339
v 0.4533722848 -0.02101468178 0.1328351293
v 0.4679818004 -0.01925898041 0.1241805386
v 0.4644373953 -0.01054509031 0.1257763412
v 0.4608929902 -0.001831200207 0.1273721438
v 0.5272776186 -0.2321346961 0.02937630983
v 0.5259197652 -0.2232007273 0.03299317928
v 0.5206075907 -0.2332833633 0.03512755409
v 0.5379019678 -0.211969424 0.02510756021
v 0.5365441144 -0.2030354552 0.02872442966
v 0.5312319398 -0.2131180912 0.03085880447
v 0.5245619118 -0.2142667584 0.03661004873
v 0.5232040584 -0.2053327896 0.04022691818
v 0.5178918839 -0.2154154256 0.04236129299
v -0.38933862 0.2134341896 0.1313684434
v -0.3722338602 0.2098661885 0.1408360898
v -0.3807862401 0.211650189 0.1361022666
v -0.3812879845 0.2216859199 0.1329072639
v -0.3732373491 0.2299376503 0.1344460845
v -0.4843145609 0.1678092927 0.09156940319
v -0.4782837331 0.1754501462 0.09303380921
v -0.4862676859 0.1766419262 0.08699630387
v -0.4683466554 0.1654257327 0.1036444139
v -0.4702997804 0.1742583662 0.09907131456
v -0.4722529054 0.1830909997 0.09449821524
v -0.4742060304 0.1919236332 0.08992511593
v 0.38410151 0.1264779828 0.1594589129
v 0.3818991482 0.1171332691 0.1630541235
v 0.3885062337 0.1451674104 0.1522684917
v 0.3863038719 0.1358226966 0.1558637023
v 0.3772404194 0.1352651548 0.160003446
v 0.3703793287 0.1440523267 0.1605479792
v 0.3681769669 0.1347076129 0.1641431898
v 0.4001409411 -0.3740376309 0.04644003976
v 0.3971680552 -0.3664411083 0.05270618666
v 0.4133151174 -0.357640706 0.04702743795
v 0.4103422314 -0.3500441834 0.05329358485
v 0.4037551433 -0.3582426459 0.05299988575
v 0.3941951692 -0.3588445857 0.05897233356
v 0.3912222832 -0.3512480631 0.06523848046
v 0.381036073 -0.4152086079 0.03533155704
v 0.3863690943 -0.4065207392 0.03683425533
v 0.3986646831 -0.4116506875 0.02572357608
v 0.4039977044 -0.4029628187 0.02722627437
v 0.3951833993 -0.404741779 0.03203026485
v 0.3917021155 -0.3978328705 0.03833695361
v 0.3970351368 -0.3891450018 0.0398396519
v 0.3149768859 0.3154524341 0.1280754823
v 0.3214008287 0.3066072911 0.1298516989
v 0.3241080269 0.315866001 0.1246434208
v 0.3095624894 0.2969350144 0.1384920385
v 0.3159864321 0.2880898714 0.140268255
v 0.3186936304 0.2973485813 0.135059977
v 0.3278247714 0.2977621481 0.1316279154
v 0.3342487141 0.2889170051 0.133404132
v 0.3369559124 0.2981757149 0.1281958539
v -0.2964010388 0.3700061142 0.1043913923
v -0.2868524045 0.3720875606 0.1064696647
v -0.293032527 0.378803812 0.10058029
v -0.2840407938 0.3565736115 0.1161701418
v -0.2744921595 0.3586550578 0.1182484142
v -0.280672282 0.3653713092 0.1123590395
v -0.2773037702 0.3741690069 0.1085479371
v -0.2677551359 0.3762504533 0.1106262095
v -0.2739352584 0.3829667047 0.1047368348
v -0.2014000416 0.2874255255 0.1653904952
v -0.2091022171 0.2946359292 0.1618962809
v -0.1936978661 0.2802151218 0.1688847095
v -0.1921645887 0.2883569151 0.1665170006
v -0.1906313114 0.2964987084 0.1641492918
v 0.3361406326 -0.136106573 0.1720315218
v 0.3424857482 -0.1268980931 0.1727670431
v 0.3234504014 -0.1545235328 0.1705604792
v 0.329795517 -0.1453150529 0.1712960005
v 0.3399674818 -0.1454583388 0.168750003
v 0.343794331 -0.1548101045 0.1654684842
v 0.3501394466 -0.1456016246 0.1662040055
v -0.4613794237 -0.2126313336 0.09074758925
v -0.4541240409 -0.2208945788 0.09337137267
v -0.4533667788 -0.2129065394 0.09600492008
v -0.462893948 -0.2286074124 0.08548049442
v -0.4556385651 -0.2368706577 0.08810427785
v -0.454881303 -0.2288826182 0.09073782526
v -0.4468686581 -0.2291578241 0.09599515609
v -0.4396132752 -0.2374210693 0.09861893952
v -0.4388560131 -0.2294330299 0.1012524869
v -0.4797599688 -0.1746568717 0.0855758246
v -0.4791171998 -0.164618127 0.08878563344
v -0.4656281397 -0.1691307239 0.09808294661
v -0.4649853706 -0.1590919793 0.1012927555
v -0.4720512852 -0.1618550532 0.09503919445
v -0.4784744307 -0.1545793824 0.09199544229
v -0.4778316617 -0.1445406377 0.09520525113
v -0.5553538799 0.01885896793 0.04787224345
v -0.5482808948 0.01869488612 0.05495324917
v -0.5508287549 0.02709770249 0.05095165595
v -0.5502581596 0.002053335193 0.05587542988
v -0.5457330346 0.01029206975 0.05895484239
v -0.5412079096 0.01853080431 0.06203425489
v -0.5366827846 0.02676953888 0.0651136674
v -0.5190083385 0.06165864598 0.07629249804
v -0.5233676732 0.0529593816 0.07355762832
v -0.5165317953 0.0527032502 0.08039928228
v -0.5326800942 0.06217090879 0.06260919012
v -0.5370394289 0.05347164441 0.0598743204
v -0.5302035511 0.05321551301 0.06671597436
v -0.5277270079 0.04426011723 0.0708227586
v -0.5320863426 0.03556085285 0.06808788888
v -0.5252504647 0.03530472144 0.07492954284
v -0.3740234897 -0.3848612756 0.05710584857
v -0.3642160818 -0.402908802 0.05283658952
v -0.3691197857 -0.3938850388 0.05497121904
v -0.3642946333 -0.3871566877 0.06147007737
v -0.3545657769 -0.3894520998 0.06583430618
v -0.3142112792 -0.3818406165 0.08737140894
v -0.3241878673 -0.3797164336 0.08441547677
v -0.3229652941 -0.363080889 0.09380044043
v -0.3285648748 -0.3703365698 0.08762999251
v -0.3341644555 -0.3775922507 0.0814595446
v -0.3336897939 -0.2947487831 0.1254908722
v -0.3267513886 -0.3034647107 0.122987438
v -0.3222780749 -0.2955745757 0.1288818773
v -0.3426364213 -0.3105290532 0.1137019936
v -0.335698016 -0.3192449808 0.1111985594
v -0.3312247023 -0.3113548458 0.1170929987
v -0.3198129833 -0.3121806383 0.1204840038
v -0.3128745779 -0.3208965659 0.1179805696
v -0.3084012643 -0.3130064309 0.1238750089
v -0.351969488 -0.2691825107 0.1308088657
v -0.3479245529 -0.2613617927 0.1364321113
v -0.3600593582 -0.2848239467 0.1195623744
v -0.3560144231 -0.2770032287 0.12518562
v -0.3457334638 -0.2776814625 0.1291265991
v -0.3394974396 -0.2861804143 0.1274443325
v -0.3354525045 -0.2783596963 0.1330675781
v 0.2124942206 -0.295194082 0.1363168582
v 0.2202330604 -0.2933704033 0.13875857
v 0.1970165409 -0.2988414392 0.1314334348
v 0.2047553807 -0.2970177606 0.1338751465
v 0.2127707936 -0.3039577305 0.1337084547
v 0.2130473666 -0.3127213791 0.1311000511
v 0.2207862064 -0.3108977005 0.1335417628
v 0.5149454698 0.04086015979 0.08287837915
v 0.5163651481 0.03170737647 0.0830200389
v 0.5229676515 0.03658710956 0.07725402899
v 0.5017404631 0.03110069362 0.09441039898
v 0.5031601414 0.02194791031 0.09455205873
v 0.5097626448 0.02682764339 0.08878604881
v 0.5177848265 0.02255459316 0.08316169865
v 0.5192045048 0.01340180985 0.08330335841
v 0.5258070081 0.01828154293 0.07753734849
v 0.1462876722 0.379383564 0.1372562479
v 0.1385038514 0.384908095 0.1348622162
v 0.1400122736 0.3749622852 0.13974737
v 0.1432708278 0.3992751837 0.1274859402
v 0.135487007 0.4047997147 0.1250919085
v 0.1369954292 0.3948539048 0.1299770623
v 0.1307200305 0.390432626 0.1324681845
v 0.1229362097 0.395957157 0.1300741527
v 0.1244446319 0.3860113472 0.1349593066
v 0.1393627375 0.4179173112 0.117637679
v 0.1300037112 0.421403259 0.1163378283
v 0.1324033793 0.4127069414 0.1213009357
v 0.1345634013 0.4353099465 0.1077114642
v 0.125204375 0.4387958944 0.1064116135
v 0.1276040431 0.4300995767 0.1113747209
v 0.1206446849 0.4248892069 0.1150379777
v 0.1112856586 0.4283751547 0.1137381271
v 0.1136853267 0.4196788371 0.1187012345
v 0.01526305336 0.3633215204 0.1481830589
v 0.006822851952 0.3693888709 0.1457410306
v 0.0171730502 0.3810207769 0.1411288716
v 0.008732848801 0.3870881274 0.1386868432
v 0.007777850376 0.3782384992 0.1422139369
v -0.001617349451 0.3754562214 0.1432990022
v -0.01005755085 0.3815235719 0.1408569738
v -0.05704623833 0.3565617055 0.1499433145
v -0.04871342145 0.3512604162 0.1522198617
v -0.04862308316 0.3593733385 0.1490494683
v -0.05722691491 0.3403358608 0.1562841013
v -0.04880375974 0.3431474939 0.1553902552
v -0.04038060457 0.3459591269 0.154496409
v -0.03195744939 0.34877076 0.1536025628
v -0.3477619812 0.04843677394 0.1812437922
v -0.3564333096 0.05221794732 0.1776454151
v -0.3524594083 0.07284603454 0.1783338934
v -0.3611307368 0.07662720792 0.1747355163
v -0.3587820232 0.06442257762 0.1761904657
v -0.365104638 0.0559991207 0.174047038
v -0.3737759665 0.05978029408 0.1704486609
v -0.3586456627 -0.1158253439 0.169903487
v -0.3634827361 -0.1258158311 0.1669282205
v -0.3489715159 -0.09584436938 0.1758540198
v -0.3538085893 -0.1058348566 0.1728787534
v -0.3631316498 -0.1047814898 0.1706386544
v -0.3676176369 -0.09373763576 0.1713738218
v -0.3724547103 -0.103728123 0.1683985554
v -0.3061923385 -0.08761543129 0.1843588389
v -0.3157920465 -0.08742064331 0.1827509478
v -0.3108493313 -0.09748210013 0.1829177924
v -0.3160777688 -0.06749251764 0.1840251498
v -0.3256774768 -0.06729772966 0.1824172586
v -0.3207347617 -0.07735918649 0.1825841032
v -0.3253917545 -0.08722585533 0.1811430566
v -0.3349914625 -0.08703106735 0.1795351654
v -0.3300487474 -0.09709252417 0.17970201
v -0.4519221261 -0.173687838 0.1068345606
v -0.444414176 -0.1716755517 0.1123960782
v -0.4386419281 -0.188328214 0.1118306667
v -0.4377740771 -0.1789957397 0.1148941312
v -0.436906226 -0.1696632653 0.1179575957
v 0.1313339192 0.2165947482 0.1883861907
v 0.1340341717 0.2262088135 0.1866883114
v 0.1504878905 0.220981814 0.186985787
v 0.1436111573 0.2284023464 0.1859881096
v 0.1367344242 0.2358228788 0.1849904321
v 0.1753884405 0.2700439617 0.1743764132
v 0.1686019339 0.2785578817 0.1728799827
v 0.1644022204 0.2697603032 0.1761613972
v 0.1837878674 0.2876391187 0.1678135842
v 0.1770013608 0.2961530387 0.1663171537
v 0.1728016473 0.2873554602 0.1695985682
v 0.1618154272 0.2870718017 0.1713835523
v 0.1550289206 0.2955857217 0.1698871218
v 0.1508292072 0.2867881432 0.1731685363
v -0.2721490487 0.1019474994 0.1920955069
v -0.2626573667 0.1030097045 0.1934301257
v -0.2683054507 0.1113098394 0.192048233
v -0.2608528808 0.08534722961 0.1948592924
v -0.2513611987 0.08640943468 0.1961939111
v -0.2570092827 0.09470956959 0.1948120184
v -0.2531656846 0.1040719096 0.1947647445
v -0.2436740026 0.1051341146 0.1960993633
v -0.2493220866 0.1134342495 0.1947174706
v -0.301435113 0.06106818281 0.1913510412
v -0.3113128021 0.06485670712 0.1899705008
v -0.2816797346 0.0534911342 0.1941121221
v -0.2915574238 0.0572796585 0.1927315816
v -0.2942703143 0.06560114119 0.1918967888
v -0.2871055156 0.07013409957 0.1924425364
v -0.2969832048 0.07392262388 0.1910619959
v 0.3383058012 0.2151526138 0.1542651355
v 0.3336334005 0.2052690312 0.1586784124
v 0.3431508318 0.2046996355 0.1548162103
v 0.3192709386 0.2162914053 0.1619895399
v 0.3241159692 0.2058384269 0.1625406146
v 0.3289609998 0.1953854486 0.1630916893
v 0.3338060305 0.1849324703 0.1636427641
v 0.2545014396 0.2483196743 0.1697480306
v 0.2642346472 0.2471284159 0.1686722897
v 0.2625269815 0.227930095 0.1748211756
v 0.2722601891 0.2267388366 0.1737454347
v 0.2682474181 0.2369336262 0.1712088622
v 0.2739678547 0.2459371574 0.1675965488
v 0.2837010622 0.244745899 0.1665208079
v 0.2363075092 0.127785258 0.1945430711
v 0.2290696725 0.1186021008 0.1954641081
v 0.2125415727 0.1263618842 0.1963551864
v 0.2171867043 0.1178904139 0.1963701658
v 0.2218318358 0.1094189435 0.1963851452
v 0.2005025595 0.06539944187 0.1973292418
v 0.1958260089 0.07426919974 0.1973865815
v 0.2129936069 0.0829760246 0.197323855
v 0.2020715326 0.08305749111 0.1973838881
v 0.1911494583 0.08313895762 0.1974439211
v 0.3899276108 0.4148732945 0.03136181226
v 0.3864376768 0.4078105763 0.03852160554
v 0.3950204626 0.4080174416 0.03407881735
v 0.3727620393 0.4144595638 0.04024738865
v 0.3778548911 0.4076037109 0.04296439374
v 0.3829477429 0.400747858 0.04568139883
v 0.3880405948 0.3938920051 0.04839840392
v 0.3091735765 0.4296656176 0.05985359941
v 0.309134461 0.4385702461 0.05326172616
v 0.3010254055 0.4369089529 0.05842723511
v 0.3253916875 0.4329882041 0.04952258151
v 0.3253525719 0.4418928325 0.04293070827
v 0.3172435164 0.4402315393 0.04809621722
v 0.3090953454 0.4474748746 0.04666985292
v 0.3090562299 0.456379503 0.04007797968
v 0.3009471744 0.4547182098 0.04524348862
v -0.2379428931 0.3594287634 0.1290473603
v -0.2331714891 0.3663846776 0.1267486885
v -0.2217545472 0.3571315408 0.1339930482
v -0.2169831432 0.364087455 0.1316943765
v -0.2250773162 0.3652360663 0.1292215325
v -0.2284000851 0.3733405918 0.1244500168
v -0.2236286812 0.380296506 0.122151345
v -0.2002418563 0.3482097536 0.1430999152
v -0.2037530728 0.3557096496 0.138974674
v -0.1967306398 0.3407098576 0.1472251564
v -0.1903345548 0.3479364738 0.1456086971
v -0.1839384697 0.3551630899 0.1439922377
v 0.4127783254 0.2567261383 0.1017453764
v 0.4309258088 0.2545016333 0.0919294972
v 0.4218520671 0.2556138858 0.09683743678
v 0.4163822606 0.264894411 0.09644463658
v 0.4199861959 0.2730626836 0.0911438968
v 0.3896339461 -0.1960470453 0.137076389
v 0.3837289736 -0.1881080754 0.1416641138
v 0.3955389187 -0.2039860152 0.1324886642
v 0.3988042623 -0.1947191767 0.1332880482
v 0.4020696059 -0.1854523383 0.1340874322
v 0.3202617168 -0.2150224596 0.1555662453
v 0.3164556548 -0.2252075449 0.1538162716
v 0.3278738409 -0.1946522892 0.1590661928
v 0.3240677789 -0.2048373744 0.1573162191
v 0.3149163648 -0.206599988 0.1589182653
v 0.3095710129 -0.1981775165 0.1622702852
v 0.3057649508 -0.2083626017 0.1605203114
v 0.2113624401 -0.2536343858 0.1459607184
v 0.2199927196 -0.2479932085 0.1494114138
v 0.2327735685 -0.2591394559 0.1481459439
v 0.2414038479 -0.2534982786 0.1515966393
v 0.2306982838 -0.2507457435 0.1505040266
v 0.228622999 -0.2423520312 0.1528621092
v 0.2372532785 -0.2367108539 0.1563128047
v 0.2684010193 -0.2366180755 0.1563807055
v 0.2594019622 -0.2422448099 0.1547860168
v 0.270476304 -0.2450117879 0.1540226229
v 0.2462523356 -0.2310841195 0.1579074934
v 0.2483276203 -0.2394778319 0.1555494107
v 0.250402905 -0.2478715442 0.153191328
v 0.2524781898 -0.2562652566 0.1508332454
v 0.502373457 -0.038136855 0.09967958927
v 0.496310018 -0.03298201528 0.1043642983
v 0.5009509325 -0.01898180763 0.1000015587
v 0.4955987558 -0.0234044916 0.104525283
v 0.4902465791 -0.02782717557 0.1090490073
v 0.5481598675 -0.1084091924 0.04016230954
v 0.5504234433 -0.09838885069 0.04058520542
v 0.5436327159 -0.1284498759 0.03931651777
v 0.5458962917 -0.1184295341 0.03973941365
v 0.5529164374 -0.1146328263 0.03339110315
v 0.5576730072 -0.1208564602 0.02661989676
v 0.559936583 -0.1108361185 0.02704279264
v -0.1496807337 0.2920244113 0.1714708507
v -0.158238519 0.2959731743 0.1690290272
v -0.1547127664 0.3128031418 0.1643263698
v -0.1632705517 0.3167519048 0.1618845463
v -0.1607545353 0.3063625395 0.1654567868
v -0.1667963043 0.2999219373 0.1665872037
v -0.1753540896 0.3038707003 0.1641453803
v -0.2678627372 -0.2101189382 0.1630788408
v -0.2601195052 -0.2162265964 0.1616046838
v -0.2581766322 -0.2060817629 0.1641797572
v -0.2717484832 -0.2304086052 0.157928694
v -0.2620623782 -0.2263714299 0.1590296105
v -0.2523762733 -0.2223342545 0.1601305269
v -0.2426901683 -0.2182970792 0.1612314433
v -0.06650284305 0.2430829853 0.1828647181
v -0.05931647494 0.2377032526 0.183771383
v -0.07368921116 0.248462718 0.1819580533
v -0.07392589003 0.2388393171 0.1837523319
v -0.0741625689 0.2292159162 0.1855466105
v -0.364872627 0.2458401509 0.1335417777
v -0.3639884889 0.2565988228 0.1298809648
v -0.3471396938 0.2575736903 0.1381231695
v -0.3551220223 0.2624655925 0.1321716607
v -0.3631043509 0.2673574947 0.1262201518
v -0.2707345933 0.2064660937 0.1792149469
v -0.2608546466 0.2082605399 0.1802879274
v -0.2676491439 0.2156899162 0.1772579178
v -0.2571455985 0.1916073412 0.1852749661
v -0.2540601492 0.2008311637 0.183317937
v -0.2509746999 0.2100549862 0.1813609079
v -0.2478892505 0.2192788087 0.1794038787
v 0.2798497416 0.1448169798 0.1864556447
v 0.2800182737 0.1348890625 0.1876870357
v 0.2587435655 0.1339369565 0.1912432238
v 0.2589120977 0.1240090393 0.1924746148
v 0.2694651857 0.1294490509 0.1900808252
v 0.2801868059 0.1249611452 0.1889184266
v 0.280355338 0.115033228 0.1901498176
v 0.2654773518 0.1766165793 0.1855924055
v 0.2678878158 0.1877327189 0.1828307621
v 0.2593083605 0.1843868867 0.1856426783
v 0.2826362625 0.1833082438 0.1799685732
v 0.2850467265 0.1944243833 0.1772069298
v 0.2764672711 0.1910785511 0.1800188459
v 0.2702982798 0.1988488585 0.1800691187
v 0.2727087438 0.2099649981 0.1773074754
v 0.2641292885 0.2066191658 0.1801193915
v -0.06403011549 0.1454294398 0.1911171935
v -0.04580641445 0.1357708275 0.1907903291
v -0.05491826497 0.1406001337 0.1909537613
v -0.05341987405 0.150705684 0.1907039173
v -0.04280963261 0.1559819281 0.190290641
v -0.1017003134 0.1481193975 0.1924017183
v -0.1193749979 0.1616280302 0.1932738535
v -0.1105376557 0.1548737139 0.1928377859
v -0.1108110771 0.1445019767 0.1926734671
v -0.1199218407 0.1408845559 0.1929452159
v 0.2393457256 -0.4514646828 0.06728474423
v 0.2441453226 -0.4586322904 0.0614949856
v 0.2491458207 -0.4511429369 0.06546168216
v 0.2091240324 -0.4375726432 0.07962627336
v 0.2147198655 -0.4453100413 0.0752304662
v 0.2035281993 -0.429835245 0.08402208053
v 0.1990978643 -0.4382638633 0.07995917462
v 0.1946675293 -0.4466924816 0.07589626871
v 0.3279543966 -0.2420304604 0.1470094323
v 0.337607272 -0.2404410616 0.1448853016
v 0.3402611762 -0.2588313483 0.1400997937
v 0.3437606618 -0.2488415055 0.1414304823
v 0.3472601473 -0.2388516627 0.1427611709
v 0.2531073093 -0.2244762667 0.1595634781
v 0.2420329675 -0.2217092887 0.160326872
v 0.2641816512 -0.2272432446 0.1588000841
v 0.2599622831 -0.2178684138 0.1612194628
v 0.255742915 -0.2084935829 0.1636388414
v 0.253655225 -0.3604532778 0.1116422601
v 0.2550323904 -0.3700719625 0.1069181506
v 0.2509008944 -0.3412159085 0.1210904792
v 0.2522780597 -0.3508345932 0.1163663696
v 0.2429085076 -0.3556095809 0.1146664899
v 0.2321617901 -0.3507658839 0.1176907197
v 0.2335389555 -0.3603845686 0.1129666101
v 0.1742945649 0.3394914269 0.1517933793
v 0.1691858806 0.348885484 0.1482964419
v 0.1631221473 0.3412555829 0.1526322141
v 0.1864220314 0.3547512293 0.1431218348
v 0.1813133471 0.3641452864 0.1396248974
v 0.1752496138 0.3565153852 0.1439606696
v 0.1640771963 0.3582795411 0.1447995044
v 0.158968512 0.3676735982 0.141302567
v 0.1529047787 0.3600436971 0.1456383392
v 0.04529704899 0.1550415345 0.1904958822
v 0.05555531755 0.1566514522 0.1908494905
v 0.06402140111 0.1419017278 0.1908300035
v 0.07427966967 0.1435116455 0.1911836118
v 0.06491749361 0.1500815488 0.1910165511
v 0.06581358612 0.1582613699 0.1912030987
v 0.07607185468 0.1598712876 0.191556707
v -0.1844163872 -0.4887998924 0.05283456855
v -0.1764206029 -0.492575489 0.05123907607
v -0.1924121715 -0.4850242957 0.05443006102
v -0.1939926967 -0.492504254 0.04949021805
v -0.1955732219 -0.4999842122 0.04455037508
v 0.2930323482 0.06460770965 0.1921152584
v 0.2951664999 0.055802783 0.1924192011
v 0.2802865505 0.05149941146 0.1944370009
v 0.2824207023 0.04269448482 0.1947409436
v 0.2887936011 0.04924863391 0.1935800724
v 0.2973006517 0.04699785635 0.1927231438
v 0.2994348034 0.0381929297 0.1930270866
v 0.3071450442 0.07581096515 0.1889267713
v 0.305062972 0.08565683104 0.1884350292
v 0.3226246387 0.08510917798 0.1848715395
v 0.3128027692 0.09030593745 0.1864074133
v 0.3029808998 0.09550269693 0.1879432872
v -0.2180841453 0.01618665305 0.1955252849
v -0.2100055069 0.0103799057 0.1951493286
v -0.2261627838 0.02199340041 0.1959012412
v -0.2245315202 0.0108435743 0.1954215243
v -0.2229002565 -0.0003062518081 0.1949418075
v 0.2517298386 0.3818143979 0.1125840414
v 0.2581488192 0.3731032684 0.1153234281
v 0.2631823197 0.3807426095 0.1096493397
v 0.2416628376 0.3665357158 0.1239322182
v 0.2531153187 0.3654639274 0.1209975164
v 0.2645677999 0.364392139 0.1180628147
v 0.276020281 0.3633203506 0.115128113
v 0.200892631 0.3847127706 0.1264354363
v 0.1810684167 0.3878508508 0.1302284636
v 0.1909805238 0.3862818107 0.1283319499
v 0.1947863065 0.3777919039 0.1311844829
v 0.188679982 0.3708710372 0.1359335296
v 0.2897349149 -0.002306173323 0.1933731735
v 0.2955583706 -0.01174349291 0.191538021
v 0.3004992828 -0.003845600178 0.1915641874
v 0.2798530906 -0.01810195879 0.1933208406
v 0.2856765464 -0.02753927838 0.1914856881
v 0.2906174585 -0.01964138565 0.1915118545
v 0.3013818264 -0.0211808125 0.1897028685
v 0.3072052822 -0.03061813209 0.187867716
v 0.3121461943 -0.02272023936 0.1878938824
v 0.03975160606 0.2511682361 0.1810127161
v 0.04708804656 0.2447511628 0.1822704934
v 0.04973599408 0.2537370697 0.1807244942
v 0.03663818748 0.3351935819 0.1587453187
v 0.02694000548 0.3325666189 0.159528017
v 0.034383383 0.3261405155 0.1618730724
v 0.02175143245 0.3480457887 0.154055208
v 0.01205325045 0.3454188257 0.1548379064
v 0.01949662797 0.3389927223 0.1571829617
v 0.01724182349 0.329939656 0.1603107154
v 0.007543641492 0.327312693 0.1610934138
v 0.01498701901 0.3208865896 0.1634384692
v -0.5338854492 -0.2362045683 0.0210102899
v -0.5410802364 -0.2337658592 0.01597059378
v -0.5387473404 -0.2428914905 0.01511908835
v -0.5385512412 -0.2179533057 0.02271330077
v -0.5434131324 -0.2246402279 0.01682209922
v -0.5482750237 -0.23132715 0.01093089767
v -0.553136915 -0.2380140722 0.005039696116
v -0.1910141408 -0.4563837573 0.07099529728
v -0.200589478 -0.4537810311 0.07192452438
v -0.1968103498 -0.4613111764 0.06796173938
v -0.2223341428 -0.4929884896 0.0437783841
v -0.2289901972 -0.4845533147 0.04778673872
v -0.2328626998 -0.4907235801 0.042342389
v -0.245705802 0.07793606631 0.1964992136
v -0.2418622039 0.08729840629 0.1964519396
v -0.2267078124 0.07971400954 0.1970152706
v -0.2228642143 0.08907634951 0.1969679967
v -0.2323632091 0.0881873779 0.1967099681
v -0.2380186059 0.09666074626 0.1964046657
v -0.2341750078 0.1060230862 0.1963573918
v -0.1849984936 0.1124357358 0.1971959732
v -0.1911837123 0.1203368306 0.1971292421
v -0.1726280563 0.09663354605 0.1973294355
v -0.1788132749 0.1045346409 0.1972627044
v -0.1750430986 0.1135136187 0.1967887469
v -0.1650877036 0.1145915017 0.1963815205
v -0.1712729223 0.1224925965 0.1963147894
v 0.2567713819 0.2133090012 0.1796746366
v 0.254360918 0.2021928616 0.18243628
v 0.2372346409 0.2044563927 0.1843084134
v 0.2348241769 0.1933402531 0.1870700568
v 0.2445925474 0.1977665573 0.1847531684
v 0.251950454 0.191076722 0.1851979233
v 0.24953999 0.1799605824 0.1879595667
v 0.4115108848 -0.08935287036 0.1533074975
v 0.4206933603 -0.08613480255 0.1489267088
v 0.4135182723 -0.07991010882 0.1543746777
v 0.4258610606 -0.1018022578 0.1424115598
v 0.4350435361 -0.09858419001 0.1380307712
v 0.4278684482 -0.09235949628 0.14347874
v 0.4298758358 -0.08291673474 0.1445459202
v 0.4390583113 -0.07969866693 0.1401651315
v 0.4318832234 -0.0734739732 0.1456131004
v 0.4462918043 -0.1120893583 0.1266048085
v 0.4407974035 -0.1053013131 0.1322150379
v 0.457280606 -0.1256654486 0.1153843496
v 0.4517862052 -0.1188774034 0.120994579
v 0.4540530592 -0.1093637198 0.1218562555
v 0.4618143141 -0.1066380814 0.1171077024
v 0.4563199133 -0.0998500362 0.1227179319
v 0.2171839438 -0.1382397432 0.1744000576
v 0.2082939893 -0.1360688284 0.1725111865
v 0.2099709697 -0.1463106703 0.1709837541
v 0.2405626364 -0.123940194 0.1810131334
v 0.2386975363 -0.1146211363 0.1820903942
v 0.2551141642 -0.1071411204 0.1836289354
v 0.2459733002 -0.1062215995 0.1833982952
v 0.2368324362 -0.1053020786 0.183167655
v -0.331530273 -0.1453593709 0.1708090492
v -0.3213686347 -0.1449651793 0.1734429561
v -0.3416919112 -0.1457535625 0.1681751423
v -0.3345487118 -0.1550416313 0.1675233245
v -0.3274055123 -0.1643297002 0.1668715067
v 0.4545015842 0.2646522336 0.06894404069
v 0.4631318226 0.2621792816 0.06332008541
v 0.4576015398 0.2714198083 0.06281838939
v 0.4655621499 0.2461711802 0.06994743273
v 0.4741923884 0.2436982282 0.06432347745
v 0.4686621055 0.2529387549 0.06382178143
v 0.4717620611 0.2597063296 0.05769613013
v 0.4803922996 0.2572333775 0.05207217485
v 0.4748620167 0.2664739043 0.05157047883
v -0.2310807183 -0.04220637493 0.1917589903
v -0.2381470427 -0.04708210193 0.1912801526
v -0.2497583255 -0.03465641476 0.1926797926
v -0.2474858463 -0.04330712184 0.1917405538
v -0.245213367 -0.05195782892 0.190801315
v 0.1047428045 0.2182331122 0.1879531741
v 0.112048734 0.2117553689 0.1890639551
v 0.09013094567 0.231188599 0.1857316121
v 0.0974368751 0.2247108556 0.1868423931
v 0.09503460489 0.2155872658 0.1879307367
v 0.08532640524 0.2129414193 0.1879082993
v 0.09263233468 0.2064636759 0.1890190803
v -0.198765073 -0.1236437913 0.172341276
v -0.1906768419 -0.1289554313 0.169525519
v -0.1998650543 -0.1450836379 0.1685140692
v -0.1912268326 -0.1396753546 0.1676119156
v -0.1825886108 -0.1342670713 0.1667097621
v 0.1817651577 -0.1241605524 0.1686000973
v 0.1657401584 -0.114481071 0.1672559977
v 0.1737526581 -0.1193208117 0.1679280475
v 0.1738157608 -0.1295047738 0.1657224968
v 0.1658663638 -0.1348489951 0.1628448963
v 0.183748018 -0.07930763438 0.1777207106
v 0.1770728566 -0.08420061506 0.1754796021
v 0.1664886512 -0.06847253069 0.1763101667
v 0.1598134898 -0.07336551137 0.1740690582
v 0.1684431732 -0.07878306322 0.1747743301
v 0.1703976952 -0.08909359574 0.1732384935
v 0.1637225337 -0.09398657642 0.1709973849
v 0.2294824719 -0.01058850624 0.1948023401
v 0.2193545662 -0.009711982682 0.1935815513
v 0.2187381983 0.009026745334 0.1954295523
v 0.2086102925 0.009903268889 0.1942087635
v 0.2139824294 9.564310312e-05 0.1938951574
v 0.2092266604 -0.008835459128 0.1923607625
v 0.1990987547 -0.007958935574 0.1911399737
v 0.1380900834 0.05096891802 0.1898738854
v 0.1485954523 0.04976249486 0.1906806529
v 0.1170793455 0.05338176433 0.1882603504
v 0.1275847144 0.05217534117 0.1890671179
v 0.1333573405 0.04189747479 0.188426163
v 0.1286245976 0.03282603156 0.1869784407
v 0.1391299665 0.0316196084 0.1877852082
v -0.4769650921 0.06779274717 0.109606985
v -0.4803552479 0.07721130364 0.1058915444
v -0.4682595208 0.08541692421 0.1144825332
v -0.4716496766 0.09483548068 0.1107670926
v -0.4760024622 0.08602339216 0.1083293185
v -0.4837454036 0.0866298601 0.1021761037
v -0.4871355593 0.09604841657 0.09846066311
v -0.1278060675 -0.4681000486 0.06299293786
v -0.1212940495 -0.4613246247 0.06473519467
v -0.1324182879 -0.4589640647 0.06673539244
v -0.1055575907 -0.4728211686 0.05899254233
v -0.0990455728 -0.4660457447 0.06073479913
v -0.1101698112 -0.4636851847 0.0627349969
v -0.1147820316 -0.4545492008 0.06647745147
v -0.1082700137 -0.4477737769 0.06821970828
v -0.1193942521 -0.4454132169 0.07021990605
v 0.1502166204 -0.4429049864 0.07537667267
v 0.143533675 -0.4343817607 0.07740026899
v 0.1585877277 -0.4231885001 0.08388342895
v 0.1477192286 -0.4245235175 0.08165364712
v 0.1368507296 -0.4258585349 0.0794238653
v -0.05548336357 -0.5886714607 0.008842594922
v -0.04657744709 -0.5882845372 0.009677253431
v -0.04615119845 -0.60452573 0.002947531641
v -0.04191136453 -0.5962116718 0.00672972179
v -0.03767153062 -0.5878976136 0.01051191194
v -0.4633838683 -0.129440438 0.1097835731
v -0.4639177024 -0.1393242851 0.1069533005
v -0.4772978276 -0.1346567906 0.09803552367
v -0.4708746821 -0.1419324614 0.1010792758
v -0.4644515365 -0.1492081322 0.104123028
v -0.5435944498 -0.09656354599 0.04808883183
v -0.5505436957 -0.09311576374 0.04127242928
v -0.5483036041 -0.1022419147 0.04127868591
v -0.5480746329 -0.07831124403 0.04807631858
v -0.5550238788 -0.07486346178 0.04125991603
v -0.5527837873 -0.08398961276 0.04126617266
v -0.5574929416 -0.08966798149 0.03445602674
v -0.5644421875 -0.08622019924 0.0276396242
v -0.562202096 -0.09534635022 0.02764588082
v -0.1737302914 0.2416704707 0.1812666841
v -0.1896953583 0.2553998716 0.1768088229
v -0.1817128249 0.2485351712 0.1790377535
v -0.1838792153 0.239072118 0.1810999438
v -0.1940281391 0.2364737652 0.1809332035
v 0.4594299197 0.1241095513 0.1170170717
v 0.4530968741 0.1321971081 0.1203461774
v 0.4523303285 0.1234690212 0.1219721958
v 0.4609630108 0.1415657252 0.1137650348
v 0.4546299651 0.149653282 0.1170941405
v 0.4538634196 0.1409251951 0.1187201589
v 0.4467638284 0.1402846649 0.123675283
v 0.4404307827 0.1483722217 0.1270043887
v 0.4396642372 0.1396441348 0.1286304072
v 0.5003713742 0.05836930592 0.09240768291
v 0.5055810511 0.0628676163 0.0876813326
v 0.4985221848 0.06707742065 0.09277977049
v 0.5144891068 0.04994969722 0.08221080713
v 0.5196987838 0.05444800761 0.07748445682
v 0.5126399174 0.05865781195 0.08258289471
v 0.510790728 0.06736592669 0.0829549823
v 0.516000405 0.07186423708 0.07822863199
v 0.5089415386 0.07607404143 0.08332706988
v 0.3733514324 0.4216264263 0.03446343867
v 0.3647686467 0.4214195609 0.03890622687
v 0.3905170038 0.422040157 0.02557786228
v 0.3819342181 0.4218332916 0.03002065048
v 0.3739408255 0.4287932888 0.02867948869
v 0.3745302185 0.4359601513 0.02289553871
v 0.3659474328 0.4357532859 0.02733832691
v -0.3979673609 0.3973027915 0.03962581838
v -0.4026319608 0.3887116015 0.04168178746
v -0.3951631784 0.3891252428 0.04629377276
v -0.4129049256 0.3964755088 0.03040184779
v -0.4175695255 0.3878843188 0.03245781688
v -0.4101007432 0.3882979602 0.03706980217
v -0.4072965607 0.3801204115 0.04373775655
v -0.4119611606 0.3715292215 0.04579372564
v -0.4044923782 0.3719428629 0.05040571094
v 0.4889042974 0.2547298782 0.04656756576
v 0.4974437803 0.2521304451 0.0410952745
v 0.4920317382 0.2614015192 0.04047423229
v 0.4997283816 0.23618773 0.04780965019
v 0.5082678646 0.2335882969 0.04233735893
v 0.5028558224 0.242859371 0.04171631671
v 0.5059832633 0.249531012 0.03562298324
v 0.5145227462 0.246931579 0.03015069198
v 0.5091107041 0.2562026531 0.02952964976
v 0.5065662339 0.2103813216 0.05474302545
v 0.5096830875 0.2171023898 0.04863167461
v 0.5003325269 0.1969391853 0.06696572714
v 0.5034493804 0.2036602534 0.06085437629
v 0.5111088976 0.2005670555 0.05494400766
v 0.5156515613 0.1907527894 0.05514498986
v 0.5187684149 0.1974738576 0.04903363902
v 0.006990671041 0.5192710757 0.064536063
v 0.01497686119 0.5256585479 0.05899936799
v 0.03021048254 0.5172937512 0.06365568377
v 0.02658676694 0.5246698856 0.05855917837
v 0.02296305133 0.53204602 0.05346267298
v 0.1313379928 0.4519320577 0.09788969345
v 0.1207603943 0.4552159905 0.09668301605
v 0.1215861347 0.447290197 0.1015416794
v 0.1296865121 0.4677836448 0.08817236684
v 0.1191089135 0.4710675776 0.08696568944
v 0.1199346539 0.4631417841 0.09182435274
v 0.1101827957 0.4584999233 0.09547633864
v 0.09960519709 0.4617838562 0.09426966123
v 0.1004309375 0.4538580626 0.09912832454
v 0.132078182 0.5113043785 0.05592577718
v 0.1292265952 0.5185120255 0.05055794399
v 0.1473438181 0.5208017826 0.04614284821
v 0.1444922313 0.5280094296 0.04077501502
v 0.1368594132 0.5232607275 0.04566647951
v 0.1263750084 0.5257196724 0.0451901108
v 0.1235234216 0.5329273194 0.03982227761
v -0.5089287311 0.05198275065 0.08669909649
v -0.5012150854 0.05137728667 0.09270786121
v -0.5024412721 0.0331432228 0.09382898547
v -0.4947276264 0.03253775882 0.0998377502
v -0.4979713559 0.04195752274 0.09627280571
v -0.4935014397 0.05077182269 0.09871662594
v -0.485787794 0.05016635871 0.1047253907
v -0.4827624857 -0.02497769357 0.114277536
v -0.4744227901 -0.02559415996 0.1197033376
v -0.4779306427 -0.01569001819 0.1166922282
v -0.4757467806 -0.04478597711 0.1202997547
v -0.4709149376 -0.03549830173 0.1227144469
v -0.4660830945 -0.02621062635 0.1251291391
v -0.4612512514 -0.01692295098 0.1275438312
v -0.1628546752 0.5580022782 0.01575855492
v -0.1714926921 0.5644983053 0.01050570328
v -0.1730092391 0.5548784286 0.01575855492
v -0.1598215811 0.5772420317 0.005252851639
v -0.168459598 0.5837380588 0
v -0.169976145 0.5741181821 0.005252851639
v -0.180130709 0.5709943324 0.005252851639
v -0.1887687258 0.5774903595 0
v -0.1902852729 0.5678704828 0.005252851639
v 0.2186278813 0.5318504125 0.02472378546
v 0.2101303414 0.527963683 0.02982265782
v 0.2208644263 0.5237830579 0.03105586627
v 0.1971597113 0.5402116627 0.02225736855
v 0.1993962564 0.5321443081 0.02858944936
v 0.2016328014 0.5240769535 0.03492153017
v 0.2038693465 0.516009599 0.04125361098
v -0.5993039906 -0.03966540564 0.005503297318
v -0.592460081 -0.03327560378 0.01288371067
v -0.5999627262 -0.0290083834 0.007380413357
v -0.5842987001 -0.04819984641 0.01650989195
v -0.5774547905 -0.04181004455 0.02389030531
v -0.5849574357 -0.03754282417 0.01838700799
v -0.5856161714 -0.02688580193 0.02026412403
v -0.5787722617 -0.02049600007 0.02764453739
v -0.586274907 -0.01622877968 0.02214124007
v 0.5872208476 -0.07686624769 0.01077547763
v 0.5804371387 -0.07017665263 0.01616321644
v 0.6007882655 -0.09024543781 0
v 0.5940045565 -0.08355584275 0.005387738813
v 0.5954641849 -0.0724478811 0.005387738813
v 0.6037075222 -0.06802951451 0
v 0.5969238132 -0.06133991946 0.005387738813
v -0.5312435627 0.249042023 0.01608828641
v -0.5336878598 0.2395809628 0.01919759996
v -0.5250835121 0.2415220886 0.0245603621
v -0.5484522581 0.2451597713 0.005362762138
v -0.5508965552 0.2356987111 0.008472075686
v -0.5422922075 0.237639837 0.01383483782
v -0.5361321568 0.2301199026 0.02230691351
v -0.5385764539 0.2206588425 0.02541622706
v -0.5299721062 0.2225999683 0.0307789892
v 0.5109360963 -0.31393186 0.005091653671
v 0.5049083084 -0.3231773302 0.005091653671
v 0.514870733 -0.3225059062 0
v 0.491011247 -0.315274708 0.01527496101
v 0.4949458838 -0.3238487542 0.01018330734
v 0.4988805205 -0.3324228004 0.005091653671
v 0.5028151572 -0.3409968466 0
v 0.4586994648 -0.2037578858 0.09442868829
v 0.4564698488 -0.2138353214 0.09351247363
v 0.4647946209 -0.2107403763 0.08872590028
v 0.4420499206 -0.209947776 0.104001835
v 0.4398203045 -0.2200252116 0.1030856203
v 0.4481450766 -0.2169302665 0.09829904698
v 0.4542402327 -0.2239127569 0.09259625897
v 0.4520106167 -0.2339901924 0.09168004431
v 0.4603353888 -0.2308952473 0.08689347096
v 0.5217567384 -0.165008191 0.05153918453
v 0.5144139677 -0.1684692465 0.05750525184
v 0.5192835778 -0.1746074334 0.05123775452
v 0.5120175183 -0.1527318172 0.06407417916
v 0.5095443577 -0.1623310596 0.06377274916
v 0.507071197 -0.1719303019 0.06347131915
v 0.5045980364 -0.1815295443 0.06316988915
v 0.5647630244 0.1227265969 0.01886530686
v 0.5732441097 0.119812008 0.01388606941
v 0.5701498389 0.1301366277 0.01493771235
v 0.5709515661 0.1020773575 0.016762021
v 0.5794326514 0.09916276857 0.01178278355
v 0.5763383806 0.1094873883 0.01283442648
v 0.5817251951 0.1168974191 0.008906831965
v 0.5902062804 0.1139828302 0.003927594516
v 0.5871120095 0.1243074499 0.004979237448
v -0.2133647613 0.4964345545 0.05485722888
v -0.2085159793 0.4890680462 0.06164483726
v -0.2043301873 0.4968848526 0.05759460386
v -0.2217363454 0.4808009416 0.06295769569
v -0.2168875635 0.4734344333 0.06974530406
v -0.2127017714 0.4812512398 0.06569507066
v -0.2036671974 0.481701538 0.06843244564
v -0.1988184154 0.4743350297 0.07522005402
v -0.1946326233 0.4821518362 0.07116982061
v -0.2863768935 0.4372913912 0.06498681754
v -0.2844387442 0.4451285377 0.06009019911
v -0.2675081491 0.4444520101 0.06852484494
v -0.2655699998 0.4522891566 0.06362822652
v -0.275004372 0.4487088472 0.06185921282
v -0.2825005949 0.4529656842 0.05519358069
v -0.2805624455 0.4608028308 0.05029696226
v -0.5065789074 -0.2630767077 0.03098741453
v -0.5133641958 -0.2559616752 0.02933474025
v -0.5109139234 -0.2416494638 0.0394232804
v -0.5176992118 -0.2345344312 0.03777060611
v -0.5155317038 -0.2452480532 0.03355267318
v -0.5201494843 -0.2488466427 0.02768206596
v -0.5269347727 -0.2417316101 0.02602939168
v -0.2473693155 0.3163743913 0.1456169784
v -0.2409952395 0.3083359972 0.1502313502
v -0.237459898 0.317819722 0.1469266601
v -0.2544399984 0.2974069417 0.1522263587
v -0.2445305809 0.2988522723 0.1535360403
v -0.2346211635 0.300297603 0.154845722
v -0.224711746 0.3017429337 0.1561554037
v -0.3254173994 0.3362200037 0.1136185657
v -0.3288564086 0.3269560412 0.1177087873
v -0.3192728758 0.3301314712 0.1192324851
v -0.344584465 0.3298691437 0.1105711702
v -0.3480234742 0.3206051812 0.1146613918
v -0.3384399414 0.3237806112 0.1161850896
v -0.3322954178 0.3176920786 0.1217990089
v -0.335734427 0.3084281161 0.1258892305
v -0.3261508942 0.3116035461 0.1274129283
v -0.4613026679 0.2406719439 0.07633441314
v -0.4611188099 0.2493650392 0.07181558199
v -0.4688537344 0.2426993959 0.06915721111
v -0.4458328187 0.2540032305 0.08165115491
v -0.4456489608 0.2626963258 0.07713232376
v -0.4533838853 0.2560306825 0.07447395287
v -0.4609349519 0.2580581345 0.06729675084
v -0.4607510939 0.2667512298 0.06277791969
v -0.4684860185 0.2600855865 0.06011954881
v 0.4350710511 0.07735393569 0.1378386356
v 0.4330617338 0.0676570246 0.1396218687
v 0.4184294939 0.07475172356 0.1480311863
v 0.4164201766 0.06505481247 0.1498144194
v 0.4247409552 0.06635591853 0.1447181441
v 0.4310524166 0.05796011351 0.1414051019
v 0.4290430993 0.04826320242 0.143188335
v 0.3988902494 0.02422646305 0.1610733196
v 0.4054571837 0.01596545463 0.1577191427
v 0.4075314924 0.02619821369 0.1568606943
v 0.394741632 0.003760944935 0.1627902165
v 0.4013085663 -0.004500063485 0.1594360396
v 0.403382875 0.005732695572 0.1585775912
v 0.412024118 0.007704446209 0.1543649659
v 0.4185910523 -0.0005565622123 0.151010789
v 0.420665361 0.009676196845 0.1501523405
v -0.3887210488 -0.1124892533 0.1586760357
v -0.3942740932 -0.104831282 0.1579452418
v -0.398200877 -0.1114329435 0.1544593461
v -0.3808674812 -0.0992859304 0.1656478271
v -0.3864205256 -0.09162795916 0.1649170332
v -0.3903473094 -0.09822962061 0.1614311375
v -0.3998271376 -0.09717331082 0.1572144479
v -0.405380182 -0.08951533958 0.1564836539
v -0.4093069658 -0.09611700103 0.1529977582
v -0.1102132462 0.379767403 0.1385997534
v -0.1186930053 0.3839226514 0.1361431181
v -0.1195910797 0.373571068 0.1411429793
v -0.1674569175 0.4200635478 0.1148103029
v -0.1772484332 0.421258375 0.1121439617
v -0.1742949709 0.4135088846 0.117238408
v -0.1733638421 0.4355625287 0.1046214104
v -0.1831553578 0.4367573559 0.1019550692
v -0.1802018955 0.4290078655 0.1070495155
v -0.187039949 0.4224532023 0.1094776206
v -0.1968314648 0.4236480296 0.1068112794
v -0.1938780025 0.4158985391 0.1119057257
v 0.2231833152 0.4202653766 0.1010747626
v 0.2196326517 0.4125050753 0.1065215673
v 0.2275630534 0.4133455008 0.103449462
v 0.2073225118 0.4185845256 0.1072189733
v 0.2117022499 0.4116646498 0.1095936727
v 0.2160819881 0.4047447741 0.111968372
v 0.2204617262 0.3978248984 0.1143430714
v 0.175846912 0.4432336167 0.09927826934
v 0.167768538 0.4390223324 0.1029300243
v 0.1920036599 0.4516561851 0.09197475947
v 0.1839252859 0.4474449009 0.09562651441
v 0.17508284 0.4513785318 0.09422467463
v 0.1743187681 0.4595234469 0.08917107992
v 0.1662403941 0.4553121626 0.09282283485
v 0.292608276 0.4361438528 0.06291988119
v 0.2839132994 0.4354529083 0.0675447993
v 0.2923695445 0.4273133799 0.06964402646
v 0.2756957859 0.4524229094 0.05872142687
v 0.2754570544 0.4435924366 0.06544557214
v 0.2752183229 0.4347619638 0.0721697174
v 0.2749795914 0.425931491 0.07889386266
v -0.01506556477 0.4059817195 0.1296694912
v -0.007132760249 0.3996838555 0.1326752752
v -0.005670364946 0.4087639973 0.1285844259
v -0.01799035538 0.3878214359 0.1378511898
v -0.008595155552 0.3906037137 0.1367661245
v 0.0008000442758 0.3933859915 0.1356810592
v 0.0101952441 0.3961682692 0.1345959939
v -0.03388076602 0.4566276595 0.1023926716
v -0.03314297134 0.4650514424 0.09747445583
v -0.03535635537 0.4397800937 0.1122291032
v -0.03461856069 0.4482038766 0.1073108874
v -0.02398150973 0.4529895112 0.1053220611
v -0.01408225344 0.4493513629 0.1082514506
v -0.01334445877 0.4577751458 0.1033332348
v -0.3765587732 0.1447798908 0.1575907953
v -0.3680210635 0.1629077047 0.1562285759
v -0.3722899184 0.1538437977 0.1569096856
v -0.3805872053 0.1546711549 0.153034851
v -0.3846156374 0.1645624191 0.1484789066
v -0.4109795019 0.1965001561 0.1261917055
v -0.4077223241 0.1861059852 0.1310687736
v -0.421055235 0.1755675487 0.1283835173
v -0.4127601907 0.1756396815 0.1321646795
v -0.4044651464 0.1757118143 0.1359458417
v 0.4612659141 -0.3826400787 0.005254678894
v 0.4546712041 -0.390215233 0.005254678894
v 0.4647941366 -0.3913197517 0
v 0.4410200492 -0.3804310411 0.01576403668
v 0.4445482716 -0.3891107142 0.01050935779
v 0.448076494 -0.3977903873 0.005254678894
v 0.4516047165 -0.4064700603 0
v 0.4395395368 0.2523890212 0.08635230921
v 0.4340697303 0.2616695464 0.08595950902
v 0.4458273798 0.2667248473 0.07441233285
v 0.4403575733 0.2760053724 0.07401953265
v 0.4372136518 0.2688374594 0.07998952083
v 0.4285999238 0.2709500715 0.08556670882
v 0.4231301174 0.2802305967 0.08517390862
v 0.4215332642 0.3218893409 0.06479034759
v 0.4129872918 0.3241545185 0.07046502829
v 0.411158435 0.341591537 0.06256176345
v 0.4026124626 0.3438567147 0.06823644415
v 0.4077998772 0.3340056166 0.06935073622
v 0.4044413194 0.3264196962 0.07613970898
v 0.395895347 0.3286848739 0.08181438968
v -0.06223931443 0.3250281885 0.161804568
v -0.05636238493 0.3190521672 0.1636922248
v -0.07208343688 0.3106386885 0.1665047146
v -0.06128444616 0.3118574172 0.1660422981
v -0.05048545543 0.3130761459 0.1655798815
v -0.3307973742 0.4524294958 0.03229449224
v -0.3318854272 0.4438387826 0.03816725453
v -0.3286212683 0.469610922 0.02054896764
v -0.3297093213 0.4610202089 0.02642172994
v -0.338378787 0.4550312757 0.02656736644
v -0.3459601998 0.4576330557 0.02084024064
v -0.3470482528 0.4490423426 0.02671300294
v -0.3820964172 0.441713877 0.01664140588
v -0.3910342157 0.4352410734 0.01709240489
v -0.3642208204 0.4546594843 0.01573940786
v -0.3731586188 0.4481866807 0.01619040687
v -0.3827497736 0.4512020424 0.01094393758
v -0.3834031299 0.4606902078 0.005246469285
v -0.3923409283 0.4542174041 0.005697468296
v 0.3094067872 0.4644713849 0.03382973513
v 0.3091578186 0.4723433182 0.0281361388
v 0.3006590903 0.4714947715 0.03295801906
v 0.3264042437 0.4661684781 0.02418597462
v 0.3176565468 0.4731918648 0.02331425855
v 0.30890885 0.4802152514 0.02244254248
v 0.3001611531 0.4872386381 0.02157082641
v 0.4230497703 -0.04729501437 0.1510795057
v 0.4311916381 -0.04503627401 0.1463806853
v 0.4251863286 -0.03738264367 0.1496630833
v 0.4350603893 -0.06260227505 0.1445147097
v 0.4432022572 -0.06034353469 0.1398158893
v 0.4371969476 -0.05268990435 0.1430982873
v 0.4393335059 -0.04277753364 0.1416818649
v 0.4474753737 -0.04051879328 0.1369830444
v 0.4414700642 -0.03286516294 0.1402654424
v -0.2598319575 0.1820738465 0.1862618886
v -0.2632138953 0.1726273857 0.1865825877
v -0.2537330389 0.1747315042 0.1886256747
v -0.2787936702 0.1778656095 0.1821757145
v -0.2726947516 0.1705232672 0.1845395006
v -0.266595833 0.163180925 0.1869032867
v -0.2604969144 0.1558385827 0.1892670728
v 0.4243908152 0.1472300068 0.1360018216
v 0.4218105525 0.1382219568 0.1387485452
v 0.4307509288 0.1387236416 0.1347062364
v 0.4065100625 0.1462266371 0.1440864392
v 0.4128701761 0.1377202719 0.142790854
v 0.4192302898 0.1292139068 0.1414952688
v 0.4255904034 0.1207075417 0.1401996836
v 0.4112223089 0.1012989245 0.1503824666
v 0.4197847843 0.1021372732 0.1454916708
v 0.4026598334 0.1004605759 0.1552732624
v 0.4079969525 0.09173670597 0.1529277302
v 0.4133340716 0.08301283605 0.1505821981
v -0.514813751 0.1347152106 0.06833316106
v -0.5185838044 0.1257054415 0.06604421046
v -0.5282268822 0.135210935 0.05426799413
v -0.5319969356 0.1262011658 0.05197904352
v -0.52529037 0.1259533037 0.05901162699
v -0.5223538578 0.1166956723 0.06375525985
v -0.5261239111 0.1076859031 0.06146630924
v -0.5285979509 0.07117121667 0.06521979161
v -0.5149261951 0.07065895386 0.07890309952
v -0.521762073 0.07091508526 0.07206144556
v -0.5245158076 0.08017152455 0.06783039309
v -0.5204336643 0.08917183243 0.07044099458
v -0.2605218813 0.2786787972 0.1583951227
v -0.2530254275 0.2710812613 0.1621968225
v -0.2656149641 0.2601899579 0.1641232707
v -0.2555719689 0.2618368417 0.1650608964
v -0.2455289736 0.2634837255 0.1659985222
v 0.4091110453 -0.1672226824 0.1352125779
v 0.4058743715 -0.1764773019 0.1346561648
v 0.4155843928 -0.1487134434 0.136325404
v 0.4123477191 -0.1579680629 0.135768991
v 0.4037454948 -0.1595755145 0.1395696513
v 0.3983799443 -0.1519283466 0.1439267248
v 0.3951432705 -0.1611829661 0.1433703117
v 0.3497310355 -0.1644374616 0.1615579017
v 0.354879126 -0.1730581 0.1571903937
v 0.3591143861 -0.1635740288 0.1585549787
v 0.3412605152 -0.1834056042 0.1588287316
v 0.3506438658 -0.1825421713 0.1558258086
v 0.3600272164 -0.1816787384 0.1528228857
v 0.369410567 -0.1808153056 0.1498199627
v -0.01519601815 0.2805550545 0.1751559414
v -0.01816512831 0.2713748887 0.1769288741
v -0.03472545999 0.2770311385 0.1759634428
v -0.03769457014 0.2678509727 0.1777363755
v -0.02792984922 0.2696129307 0.1773326248
v -0.02113423846 0.2621947229 0.1787018068
v -0.02410334861 0.2530145571 0.1804747395
v -0.3506198153 -0.1871344224 0.1547568776
v -0.3442052156 -0.1957812384 0.1546476334
v -0.3417496607 -0.1856425405 0.157663431
v 0.3682498932 -0.04041630495 0.17274848
v 0.3745093197 -0.04803178739 0.170250982
v 0.3557310402 -0.02518534008 0.1777434759
v 0.3619904667 -0.03280082252 0.1752459779
v 0.3600918204 -0.04146897048 0.1756935455
v 0.3519337475 -0.042521636 0.178638611
v 0.358193174 -0.05013711844 0.176141113
v 0.344043307 -0.05768276099 0.1797324419
v 0.3477057517 -0.06577586569 0.1784105264
v 0.3536975458 -0.05928288866 0.177764263
v 0.3320597187 -0.07066871505 0.1810249686
v 0.3357221633 -0.07876181975 0.1797030531
v 0.3417139575 -0.07226884272 0.1790567897
v 0.3513681963 -0.07386897039 0.1770886108
v 0.355030641 -0.08196207508 0.1757666953
v 0.3610224351 -0.07546909805 0.1751204319
v 0.5471515059 -0.04603883624 0.05742253549
v 0.5403093398 -0.05051678233 0.06343970262
v 0.5456347167 -0.05586065166 0.05622734502
v 0.536500752 -0.03535109758 0.07184725069
v 0.5296585858 -0.03982904367 0.07786441781
v 0.5349839628 -0.045172913 0.07065206021
v 0.5334671736 -0.05499472842 0.06945686974
v 0.5266250074 -0.0594726745 0.07547403686
v 0.5319503844 -0.06481654383 0.06826167926
v 0.5176417381 -0.07316776365 0.07988537289
v 0.5155402124 -0.08287168294 0.07926157862
v 0.5027087778 -0.08091431111 0.09109842591
v 0.5080737323 -0.08674495667 0.08486810513
v 0.5134386867 -0.09257560223 0.07863778435
v -0.3170749396 0.09048199002 0.1860939413
v -0.3103776947 0.0849622013 0.1877499595
v -0.3180100471 0.07037649583 0.1883144826
v -0.3108452484 0.07490945421 0.1888602301
v -0.3036804497 0.07944241259 0.1894059777
v 0.06877626944 0.479116261 0.08626035228
v 0.07770956121 0.4794851393 0.08528346941
v 0.0706838714 0.4868098944 0.08139637113
v 0.08282764908 0.4644667506 0.09403454885
v 0.09176094085 0.4648356289 0.09305766597
v 0.08473525103 0.4721603841 0.08917056769
v 0.08664285298 0.4798540175 0.08430658653
v 0.09557614475 0.4802228957 0.08332970366
v 0.08855045494 0.4875476509 0.07944260538
v 0.3890092522 0.3125691712 0.09400414862
v 0.3945041522 0.302880235 0.09454108216
v 0.3819541782 0.2955096066 0.104805721
v 0.3909766153 0.2943504527 0.09994186834
v 0.3999990523 0.2931912988 0.0950780157
v 0.3042984381 0.3045313582 0.1364380736
v 0.3015912399 0.2952726483 0.1416463517
v 0.3097128347 0.3230487779 0.1260215174
v 0.3070056364 0.313790068 0.1312297955
v 0.2990343869 0.3121277019 0.1343841087
v 0.2937703356 0.3197240457 0.1323301438
v 0.2910631374 0.3104653358 0.1375384219
v 0.2211780697 0.3280130997 0.146850083
v 0.2276156843 0.3355260566 0.1420057639
v 0.2417764515 0.3263502046 0.1425830834
v 0.2379148751 0.334694609 0.1398722641
v 0.2340532988 0.3430390134 0.1371614449
v 0.2268741317 0.3899118826 0.1165698953
v 0.2304247953 0.3976721838 0.1111230906
v 0.2468002699 0.3896064535 0.1101299338
v 0.2503509335 0.3973667547 0.1046831291
v 0.2403878644 0.3975194693 0.1079031099
v 0.2339754589 0.405432485 0.1056762859
v 0.2375261225 0.4131927863 0.1002294812
v 0.0456774442 0.3630287871 0.1476667672
v 0.04266435863 0.3537503853 0.1513596177
v 0.02476451802 0.3573241904 0.1503623575
v 0.03220789554 0.350898087 0.1527074128
v 0.03965127305 0.3444719836 0.1550524682
v 0.2609204203 0.1451304071 0.1899350509
v 0.2820265964 0.1560104303 0.1851474717
v 0.2714735083 0.1505704187 0.1875412613
v 0.263097275 0.1563238576 0.188626878
v 0.2652741298 0.1675173081 0.187318705
v -0.293762289 0.2181762271 0.1701844931
v -0.308536835 0.2318614982 0.1625774577
v -0.301149562 0.2250188626 0.1663809754
v -0.3026082143 0.2156143486 0.1679875664
v -0.3114541396 0.2130524702 0.1657906398
v -0.1869089417 -0.2826545388 0.1334145386
v -0.1775713824 -0.2753453329 0.1329117659
v -0.1651080586 -0.2876881808 0.1266120728
v -0.1557704993 -0.280378975 0.1261093002
v -0.1666709408 -0.2778621539 0.1295105331
v -0.168233823 -0.2680361271 0.1324089933
v -0.1588962637 -0.2607269213 0.1319062207
v -0.2784521133 0.06978197768 0.1936008967
v -0.2811650038 0.07810346037 0.1927661039
v -0.2730263323 0.05313901231 0.1952704825
v -0.2757392228 0.061460495 0.1944356896
v -0.2697987109 0.06942985579 0.1947592571
v -0.2611453086 0.0690777339 0.1959176175
v -0.2638581991 0.07739921659 0.1950828247
v -0.3363852948 0.03163775429 0.1847507358
v -0.3296513781 0.03766065557 0.1864322387
v -0.3386793509 0.04225504491 0.1843802445
v -0.3183293492 0.02244897559 0.1888547242
v -0.3206234053 0.03306626622 0.1884842329
v -0.3229174614 0.04368355684 0.1881137416
v -0.3252115175 0.05430084746 0.1877432503
v 0.2665403113 -0.08096448518 0.1872227713
v 0.2803199813 -0.06437963806 0.1893208772
v 0.2734301463 -0.07267206162 0.1882718243
v 0.2638008595 -0.0714798104 0.1884596534
v 0.2610614076 -0.06199513562 0.1896965355
v 0.2632583119 -0.1358565986 0.1802414171
v 0.2563656904 -0.1432057023 0.178992331
v 0.2432773523 -0.1335120201 0.1798839606
v 0.2463752106 -0.1420334131 0.1788136028
v 0.2494730689 -0.150554806 0.1777432449
v -0.2153506652 0.3178823367 0.1522539444
v -0.2042960487 0.317913644 0.1549175866
v -0.2264052816 0.3178510293 0.1495903023
v -0.2200312056 0.3098126352 0.1542046741
v -0.2136571296 0.301774241 0.1588190459
v 0.2284091413 -0.2972732708 0.1379363425
v 0.2289622873 -0.3148005679 0.1327195354
v 0.2286857143 -0.3060369194 0.1353279389
v 0.2365852222 -0.3011761382 0.1371141151
v 0.2447613031 -0.3050790057 0.1362918876
v 0.1843153313 -0.2743151486 0.1348573007
v 0.1814013943 -0.2845700532 0.1315403059
v 0.1901432052 -0.2538053393 0.1414912902
v 0.1872292683 -0.264060244 0.1381742954
v 0.1767155975 -0.2669837326 0.13479748
v 0.1691158637 -0.2596523166 0.1347376592
v 0.1662019268 -0.2699072212 0.1314206645
v 0.1894089878 0.2793574184 0.1695837677
v 0.1852092743 0.2705598399 0.1728651822
v 0.1950301081 0.2710757181 0.1713539511
v 0.2989500687 0.2170794271 0.1687282436
v 0.2943156213 0.2095277458 0.1715544723
v 0.2773431912 0.2175166793 0.1744812466
v 0.2835121825 0.209746372 0.1744309738
v 0.2896811739 0.2019760646 0.174380701
v -0.2911967486 -0.2910616696 0.1388414223
v -0.2851744816 -0.2969820946 0.1366679724
v -0.2980408221 -0.3115021288 0.1271948572
v -0.2885965183 -0.3072023243 0.1308446899
v -0.2791522145 -0.3029025197 0.1344945226
v -0.3208724409 -0.3457063586 0.1031041108
v -0.3258142993 -0.3368858993 0.1058022603
v -0.3079327196 -0.3297170252 0.1152824201
v -0.3193444386 -0.3288912326 0.111891415
v -0.3307561576 -0.3280654401 0.1085004099
v 0.5695686638 -0.1639607176 0.01048439369
v 0.5641907603 -0.1561054699 0.01572659053
v 0.580324471 -0.179671213 0
v 0.5749465674 -0.1718159653 0.005242196843
v 0.578185305 -0.1605960168 0.005242196843
v 0.5868019462 -0.157231316 0
v 0.5814240426 -0.1493760683 0.005242196843
v 0.5578538775 -0.1488675661 0.02079448709
v 0.5531134903 -0.1420616694 0.02696849732
v 0.5508337319 -0.152664274 0.0271427976
v 0.5624133945 -0.1276623569 0.02044588653
v 0.5553932488 -0.1314590648 0.02679419704
v 0.5483731031 -0.1352557726 0.03314250754
v 0.5413529575 -0.1390524805 0.03949081805
v -0.2469462343 -0.4444991425 0.07044969127
v -0.2374312878 -0.4464071244 0.07094054855
v -0.2424887829 -0.4379242137 0.07534396462
v -0.2368312441 -0.4614649639 0.06164285913
v -0.2323737927 -0.4548900351 0.06653713249
v -0.2279163413 -0.4483151063 0.07143140584
v -0.2234588899 -0.4417401776 0.0763256792
v -0.2313737795 0.06930075772 0.1968861744
v -0.2218747847 0.07018972933 0.1971442029
v -0.2503717691 0.0675228145 0.1963701174
v -0.2408727743 0.06841178611 0.1966281459
v -0.2360397466 0.0588875059 0.1967570782
v -0.2407057136 0.04847425409 0.196627982
v -0.2312067188 0.0493632257 0.1968860105
v -0.53956002 -0.1409562826 0.04032783164
v -0.5441555977 -0.1474999636 0.0343892388
v -0.553858459 -0.1343037784 0.02758094529
v -0.5584540367 -0.1408474594 0.02164235245
v -0.5513048172 -0.1441737115 0.02801579563
v -0.5487511754 -0.1540436447 0.02845064597
v -0.5533467531 -0.1605873257 0.02251205314
v -0.2811480239 -0.04440489225 0.190707691
v -0.2872575 -0.05220399611 0.1897839494
v -0.2750385478 -0.03660578839 0.1916314326
v -0.2848704904 -0.03453103825 0.191046413
v -0.294702433 -0.03245628811 0.1904613934
v -0.3067064062 -0.06865421496 0.1854218803
v -0.3116491213 -0.05859275814 0.1852550358
v -0.301763691 -0.07871567179 0.1855887249
v -0.2973350435 -0.06981591228 0.1868186109
v -0.2929063961 -0.06091615278 0.1880484968
v 0.1922157481 -0.3783646971 0.1039354615
v 0.2024674378 -0.3733132258 0.106889395
v 0.1920371689 -0.3706952855 0.1071290392
v 0.213076286 -0.3836005777 0.1034561731
v 0.2233279757 -0.3785491064 0.1064101066
v 0.2128977068 -0.3759311661 0.1066497508
v 0.2127191275 -0.3682617545 0.1098433286
v 0.2229708172 -0.3632102832 0.1127972621
v 0.2125405483 -0.3605923429 0.1130369063
v 0.08489731792 0.2797304317 0.1751805134
v 0.09275517333 0.2736358494 0.1768554486
v 0.0691816071 0.2919195965 0.171830643
v 0.07703946251 0.2858250141 0.1735055782
v 0.07476837002 0.2769490853 0.1758587882
v 0.06463942211 0.2741677389 0.176537063
v 0.07249727752 0.2680731565 0.1782119982
v 0.08003849909 0.2618282512 0.1796502471
v 0.09512094222 0.2493384406 0.1825267449
v 0.08757972065 0.2555833459 0.181088496
v 0.09016744699 0.2646095976 0.1789719723
v 0.1002963949 0.2673909441 0.1782936975
v 0.3427785337 0.2239916027 0.1499250643
v 0.3332611024 0.2245609984 0.1537872665
v 0.3326891363 0.2428083718 0.1489693262
v 0.3282164037 0.2339693829 0.1533093974
v 0.3237436712 0.2251303941 0.1576494686
v 0.2885240391 -0.4186129421 0.07625608146
v 0.2971557155 -0.4185705334 0.07306231372
v 0.2930205464 -0.4107938111 0.08014128916
v 0.2967943773 -0.4341663867 0.06209813058
v 0.3054260537 -0.434123978 0.05890436284
v 0.3012908846 -0.4263472557 0.06598333828
v 0.305787392 -0.4185281247 0.06986854598
v 0.3144190684 -0.418485716 0.06667477824
v 0.3102838993 -0.4107089937 0.07375375368
v 0.3100279346 -0.4394245222 0.05308891647
v 0.314524442 -0.4316053912 0.05697412416
v 0.3282247111 -0.4343873486 0.04922843911
v 0.3236228302 -0.4290868044 0.05504388548
v 0.3190209493 -0.4237862602 0.06085933186
v 0.3058742434 -0.2266463041 0.1551045366
v 0.3005288914 -0.2182238325 0.1584565565
v 0.295292832 -0.2280850634 0.1563928016
v 0.1506374627 0.4060009345 0.1237945724
v 0.1573300138 0.4114150405 0.1201402806
v 0.1484549567 0.4146350995 0.1189464945
v 0.1683875769 0.3995608166 0.1261821445
v 0.175080128 0.4049749225 0.1225278527
v 0.1662050709 0.4081949815 0.1213340666
v 0.1640225649 0.4168291464 0.1164859887
v 0.170715116 0.4222432524 0.1128316969
v 0.1618400589 0.4254633114 0.1116379108
v 0.4252194166 -0.1888609082 0.120258335
v 0.4364620298 -0.2033200338 0.1095029935
v 0.4308407232 -0.196090471 0.1148806643
v 0.4335776046 -0.1863677837 0.1155952495
v 0.4419357926 -0.1838746592 0.1109321639
v 0.3967040554 -0.1778051704 0.1384445056
v 0.3859729543 -0.1625108346 0.1471586525
v 0.3913385049 -0.1701580025 0.1428015791
v 0.3875337392 -0.179133039 0.1422328465
v 0.378363423 -0.1804609075 0.1460211873
v 0.09043445624 0.1970704719 0.1900228113
v 0.1001426559 0.1997163184 0.1900452487
v 0.1054550987 0.1835757568 0.1920751482
v 0.1151632983 0.1862216033 0.1920975856
v 0.1076529771 0.1929689609 0.1910714172
v 0.1098508555 0.2023621649 0.1900676861
v 0.1195590552 0.2050080113 0.1900901236
v 0.08596731536 0.1702454314 0.1920827702
v 0.08745636232 0.1791871116 0.1913961172
v 0.1039660517 0.1746340767 0.1927618012
v 0.0964557305 0.1813814342 0.1917356327
v 0.08894540928 0.1881287917 0.1907094643
v -0.4777681679 -0.1236808728 0.1006120481
v -0.4638542086 -0.1184645202 0.1123600975
v -0.4708111882 -0.1210726965 0.1064860728
v -0.4782385081 -0.112704955 0.1031885725
v -0.4787088484 -0.1017290372 0.1057650968
v -0.3595693037 -0.4331310615 0.03393676458
v -0.3531763554 -0.4416758642 0.03092579683
v -0.365962252 -0.4245862588 0.03694773233
v -0.3692762181 -0.4309905618 0.03056870122
v -0.3725901842 -0.4373948649 0.0241896701
v -0.3341387436 -0.4463353381 0.03663375508
v -0.3307222351 -0.4402810484 0.04343648255
v -0.3154773489 -0.4513732865 0.04131354485
v -0.3213915378 -0.4428000227 0.04577637743
v -0.3273057267 -0.4342267588 0.05023921002
v 0.1672395207 0.2154902667 0.187143825
v 0.1765182987 0.2168807723 0.1862260588
v 0.1815888099 0.2001201063 0.1888603047
v 0.1908675879 0.2015106119 0.1879425384
v 0.1836929433 0.2091956921 0.1870842986
v 0.1857970767 0.2182712778 0.1853082925
v 0.1950758547 0.2196617834 0.1843905263
v 0.2026474252 0.2124849632 0.1853932217
v 0.2047515586 0.221560549 0.1836172156
v 0.2005432919 0.2034093775 0.1871692277
v 0.2102189958 0.205308143 0.1863959171
v 0.2198946998 0.2072069086 0.1856226064
v 0.2539308034 0.07749964762 0.1954720318
v 0.2573873289 0.06733878236 0.1956274547
v 0.2635440752 0.07542785816 0.1951316036
v 0.2416173108 0.06132149603 0.1964637339
v 0.2512305826 0.05924970657 0.1961233057
v 0.2608438544 0.0571779171 0.1957828775
v 0.2704571262 0.05510612763 0.1954424493
v -0.1377239637 0.1738205664 0.1930691488
v -0.1268313657 0.1681964248 0.1936119981
v -0.1486165617 0.1794447079 0.1925262995
v -0.1454537529 0.1700172238 0.1932429746
v -0.1422909442 0.1605897397 0.1939596497
v 0.1383743808 -0.5131051615 0.04178707488
v 0.1321259513 -0.5057601333 0.04544918705
v 0.1278618276 -0.5151542649 0.04094404448
v -0.2320782021 -0.1912250742 0.167580843
v -0.2244214006 -0.1960368082 0.1644804664
v -0.2234651558 -0.1849769205 0.1670883186
v -0.2339906916 -0.2133448496 0.1623651385
v -0.2263338901 -0.2181565836 0.159264762
v -0.2253776453 -0.2070966959 0.1618726142
v -0.2167645991 -0.2008485422 0.1613800898
v -0.2091077976 -0.2056602761 0.1582797132
v -0.2081515528 -0.1946003884 0.1608875655
v 0.2174642794 -0.09247892164 0.1826172024
v 0.210439425 -0.09962706454 0.1796510704
v 0.2007398941 -0.0873097647 0.1798230559
v 0.2020772323 -0.09704248607 0.1782539971
v 0.2034145705 -0.1067752074 0.1766849384
v -0.1065707132 0.5112281814 0.05926240049
v -0.1288286559 0.5169855133 0.0518921297
v -0.1176996846 0.5141068473 0.0555772651
v -0.1148751061 0.5059520155 0.06242054701
v -0.1231794991 0.5006758496 0.06557869352
v 0.4828875586 0.3262494579 0.0157563379
v 0.4869869053 0.3348296508 0.01050422527
v 0.5034822002 0.3252861425 0.005252112634
v 0.5075815469 0.3338663355 0
v 0.4972842261 0.3343479931 0.005252112634
v 0.491086252 0.3434098437 0.005252112634
v 0.4951855987 0.3519900367 0
v 0.4862798825 0.2706635445 0.04012578819
v 0.4806993306 0.2799642384 0.03962424397
v 0.4779117033 0.2733016461 0.04544497933
v 0.4918551371 0.2839887291 0.02848431747
v 0.4862745851 0.293289423 0.02798277326
v 0.4834869578 0.2866268307 0.03380350862
v 0.4751187786 0.2892649323 0.03912269976
v 0.4695382267 0.2985656261 0.03862115555
v 0.4667505994 0.2919030339 0.0444418909
v 0.170667123 -0.2498993687 0.1376145631
v 0.1601534523 -0.2528228574 0.1342377476
v 0.1916944645 -0.2440523915 0.144368194
v 0.1811807938 -0.2469758801 0.1409913786
v 0.1722183824 -0.2401464209 0.140491467
v 0.1737696417 -0.2303934731 0.1433683708
v 0.1632559709 -0.2333169617 0.1399915554
v 0.1630688086 0.02128459048 0.1892912574
v 0.1568755582 0.01150144916 0.1871515661
v 0.1664327532 0.01108025759 0.1881361566
v 0.1439544186 0.02212697361 0.1873220764
v 0.1377611682 0.01234383229 0.1851823851
v 0.1473183632 0.01192264073 0.1861669756
v 0.1506823078 0.001718307845 0.1850118749
v 0.1444890574 -0.00806483347 0.1828721836
v 0.1540462524 -0.008486025035 0.1838567741
v -0.154432103 0.01336961775 0.1871855445
v -0.142766431 -0.00173702254 0.1836681031
v -0.148599267 0.005816297606 0.1854268238
v -0.1451256722 0.01512893406 0.1863925494
v -0.1358192414 0.01688825036 0.1855995543
v -0.1883015744 -0.09688018262 0.1753290817
v -0.1799212657 -0.09206105396 0.1746228039
v -0.1867683753 -0.08565562591 0.1771095619
v -0.2371660173 -0.5246561021 0.0178058017
v -0.237956766 -0.5335473865 0.01287097856
v -0.2525998652 -0.5219619423 0.01393881999
v -0.2533906139 -0.5308532268 0.009003996849
v -0.24567369 -0.5322003067 0.01093748771
v -0.2387475148 -0.542438671 0.007936155424
v -0.2395382635 -0.5513299555 0.003001332283
v 0.3377589881 -0.4716859311 0.01656343788
v 0.3285484612 -0.4662832543 0.02237290377
v 0.3469695151 -0.4770886078 0.01075397199
v 0.34687078 -0.4671036974 0.01569847809
v 0.3467720449 -0.4571187869 0.02064298419
v -0.3666947335 -0.4701682255 0.005330556538
v -0.3858646899 -0.4694233462 0
v -0.3762797117 -0.4697957858 0.002665278269
v -0.3696268052 -0.4751100093 0.002665278269
v -0.3725588769 -0.4800517932 0
v -0.183572121 -0.2173929736 0.1490802839
v -0.1750147082 -0.2211394981 0.1460265256
v -0.2006869465 -0.2098999247 0.1551878005
v -0.1921295337 -0.2136464491 0.1521340422
v -0.1923217289 -0.2241342515 0.1495346539
v -0.2010713369 -0.2308755293 0.1499890238
v -0.1925139241 -0.2346220538 0.1469352655
v 0.4448734522 -0.3080901802 0.05436437856
v 0.4362198785 -0.3081652075 0.06065935455
v 0.4372608736 -0.3171996623 0.05394903477
v 0.4427914619 -0.2900212705 0.06778501812
v 0.4341378883 -0.2900962979 0.07407999411
v 0.4351788834 -0.2991307527 0.06736967433
v 0.4275663048 -0.3082402349 0.06695433054
v 0.4189127311 -0.3083152622 0.07324930653
v 0.4199537262 -0.317349717 0.06653898675
v -0.1780680604 0.0183034623 0.1911162175
v -0.1827091463 0.0080726468 0.1905844212
v -0.1950614415 0.01658314373 0.1938741319
v -0.1997025274 0.00635232823 0.1933423355
v -0.1912058368 0.007212487515 0.1919633783
v -0.1873502322 -0.002158168703 0.1900526248
v -0.191991318 -0.01238898421 0.1895208284
v -0.3661939055 0.29392948 0.1147177406
v -0.3697736636 0.3016995862 0.109577354
v -0.3737822995 0.290778175 0.1114674434
v -0.3581766337 0.3157723024 0.1109375618
v -0.3657650277 0.3126209974 0.1076872647
v -0.3733534217 0.3094696924 0.1044369675
v -0.3809418157 0.3063183874 0.1011866704
v 0.1106090844 -0.4644814432 0.06197413243
v 0.1210922934 -0.4635968506 0.06356494874
v 0.1236307919 -0.48084113 0.05640233867
v 0.1276031472 -0.4717766941 0.06077905186
v 0.1315755025 -0.4627122581 0.06515576504
v 0.4681767374 -0.1384469178 0.1039801389
v 0.4628211483 -0.1319917683 0.1095149219
v 0.4788879156 -0.1513572168 0.09291057289
v 0.4735323265 -0.1449020673 0.09844535589
v 0.4759841338 -0.1352595538 0.09897238761
v 0.4837915301 -0.1320721898 0.09396463633
v 0.478435941 -0.1256170403 0.09949941933
v -0.4606418163 0.2753980532 0.05822379701
v -0.4596359432 0.2833090574 0.05478740297
v -0.4672962874 0.2766896859 0.05216432363
v -0.4453211278 0.2886367962 0.0634699557
v -0.4443152547 0.2965478003 0.06003356166
v -0.4519755989 0.2899284288 0.05741048232
v -0.4586300701 0.2912200615 0.05135100894
v -0.457624197 0.2991310656 0.0479146149
v -0.4652845412 0.2925116941 0.04529153556
v 0.1589252278 -0.5728407651 0.00469937874
v 0.1683895737 -0.5786665678 0
v 0.1399965361 -0.5611891598 0.01409813622
v 0.1494608819 -0.5670149624 0.00939875748
v 0.1466883793 -0.5760986358 0.00469937874
v 0.1344515309 -0.5793565065 0.00469937874
v 0.1439158767 -0.5851823092 0
v -0.1898452751 -0.5504635423 0.01382481121
v -0.1878921725 -0.5660649091 0.004432070069
v -0.1888687238 -0.5582642257 0.009128440637
v -0.1802451573 -0.5531506985 0.01356051071
v -0.1706450395 -0.5558378547 0.01329621021
v -0.4758454487 -0.2849322706 0.04378594086
v -0.4799836054 -0.2907749712 0.03674646327
v -0.4704616219 -0.2944889516 0.04241861636
v -0.4948894158 -0.27750431 0.03244163468
v -0.4990275726 -0.2833470106 0.0254021571
v -0.489505589 -0.2870609909 0.03107431019
v -0.4841217622 -0.2966176718 0.02970698569
v -0.488259919 -0.3024603724 0.02266750811
v -0.4787379354 -0.3061743528 0.02833966119
v -0.2111851387 0.07311120164 0.1972336099
v -0.2009824924 0.07487409841 0.1973661333
v -0.1991377808 0.05812764261 0.1971542314
v -0.1949588135 0.0673823189 0.1973264441
v -0.1907798462 0.07663699519 0.1974986568
v -0.2188467868 0.09874034114 0.197033789
v -0.2148293592 0.1084043328 0.1970995814
v -0.2245021835 0.1072137095 0.1967284866
v 0.4344685823 0.2207694612 0.102957638
v 0.4525804669 0.2184387259 0.09322072007
v 0.4435245246 0.2196040936 0.09808917902
v 0.4381295741 0.2285315543 0.0977897048
v 0.4417905658 0.2362936474 0.09262177162
v 0.2733734995 0.07182114199 0.1941261552
v 0.276830025 0.06166027673 0.1942815781
v 0.2832029238 0.06821442582 0.1931207068
v 0.5966461152 0.07033550553 0.005110336468
v 0.5977533907 0.05744333845 0.005110336468
v 0.603952229 0.06485942472 0
v 0.5842484385 0.05550333299 0.0153310094
v 0.585355714 0.0426111659 0.0153310094
v 0.5915545523 0.05002725217 0.01022067294
v 0.5988606662 0.04455117136 0.005110336468
v 0.5999679416 0.03165900428 0.005110336468
v 0.60616678 0.03907509055 0
v 0.5405043811 0.01000978798 0.06426060665
v 0.5335291326 0.01479083602 0.07035824843
v 0.554454878 0.0004476918839 0.05206532311
v 0.5474796295 0.00522873993 0.05816296488
v 0.5468068272 0.01567186438 0.05693984684
v 0.5531092733 0.02133394079 0.04961908702
v 0.5461340249 0.02611498884 0.05571672879
v -0.4482389614 0.3705514371 0.01862644963
v -0.4592695758 0.3705468476 0.01241763309
v -0.4542879239 0.3904609382 0.006208816543
v -0.4653185382 0.3904563487 0
v -0.462294057 0.3805015981 0.006208816543
v -0.4703001902 0.370542258 0.006208816543
v -0.4813308045 0.3705376685 0
v -0.4101489708 0.3343909457 0.06725238357
v -0.4174046144 0.3357431665 0.06066827103
v -0.4094876423 0.3536980972 0.05739191454
v -0.416743286 0.3550503179 0.05080780201
v -0.4170739502 0.3453967422 0.05573803652
v -0.424660258 0.3370953873 0.0540841585
v -0.4319159016 0.3384476081 0.04750004597
v -0.5533052981 0.03605309827 0.04684487171
v -0.5553573519 0.04512622207 0.04320689104
v -0.5441124141 0.05363572622 0.05279331468
v -0.5461644679 0.06270885002 0.04915533401
v -0.5507609099 0.05391753605 0.04618111253
v -0.5574094057 0.05419934588 0.03956891038
v -0.5594614595 0.06327246968 0.03593092971
v -0.5203937888 0.3135045171 0
v -0.5155649558 0.3038784787 0.006299770437
v -0.5315431952 0.2942050695 0
v -0.5267143622 0.2845790312 0.006299770437
v -0.521139659 0.2942287549 0.006299770437
v -0.5107361227 0.2942524403 0.01259954087
v -0.5059072897 0.284626402 0.01889931131
v 0.5052155778 0.2892140225 0.01699768659
v 0.5099997669 0.2977523133 0.01133179106
v 0.4994269535 0.2991896123 0.01699768659
v 0.5263612047 0.2863394246 0.005665895529
v 0.5311453938 0.2948777154 0
v 0.5205725804 0.2963150144 0.005665895529
v 0.5147839561 0.3062906042 0.005665895529
v 0.5195681453 0.314828895 0
v 0.5089953318 0.316266194 0.005665895529
v 0.3428114355 0.4609928057 0.019911665
v 0.3521618322 0.4643574134 0.01507064141
v 0.3586283624 0.4489443675 0.02100680629
v 0.3679787591 0.4523089752 0.0161657827
v 0.3600702956 0.4583331943 0.01561821206
v 0.3615122288 0.467722021 0.01022961782
v 0.3708626255 0.4710866287 0.005388594232
v -0.2721398436 0.5048765168 0.02226476977
v -0.2711142637 0.5151928961 0.01684612921
v -0.2803814188 0.5099477544 0.01625592168
v -0.2536055334 0.5153668001 0.02344518481
v -0.2525799535 0.5256831795 0.01802654425
v -0.2618471086 0.5204380378 0.01743633673
v -0.2700886838 0.5255092755 0.01142748864
v -0.2690631039 0.5358256549 0.006008848082
v -0.278330259 0.5305805132 0.005418640561
v -0.1520257518 0.4752596915 0.08064869232
v -0.1623064242 0.4770652056 0.0784769021
v -0.1587549523 0.4906525314 0.06865689717
v -0.1690356247 0.4924580455 0.06648510695
v -0.1656710245 0.4847616255 0.07248100452
v -0.1725870967 0.4788707197 0.07630511187
v -0.1828677692 0.4806762338 0.07413332164
v -0.5748848766 -0.06232494209 0.02171726152
v -0.568264544 -0.06650444865 0.02823147969
v -0.5710625201 -0.08204069268 0.02112540603
v -0.5663533658 -0.07636232395 0.02793555195
v -0.5616442114 -0.07068395521 0.03474569786
v 0.5204799324 0.004495498724 0.08329989202
v 0.5214671046 -0.005288498243 0.08364504203
v 0.5069864243 -0.004771023057 0.09454165958
v 0.5079735965 -0.01455502002 0.09488680959
v 0.5147203505 -0.009921759134 0.08926592581
v 0.5224542767 -0.01507249521 0.08399019204
v 0.5234414488 -0.02485649218 0.08433534205
v 0.5447143465 0.03526777215 0.05557506904
v 0.5384119004 0.02960569574 0.06289582886
v 0.5292700976 0.04224918596 0.06993326917
v 0.5306897759 0.03309640265 0.07007492892
v 0.5321094543 0.02394361934 0.07021658868
v 0.3838205189 0.3480131999 0.07970990241
v 0.3898579329 0.3383490369 0.08076214604
v 0.3932164907 0.3459349573 0.07397317328
v 0.2978176177 0.4011374861 0.08516129106
v 0.2902049422 0.4094021544 0.08307214826
v 0.2891226411 0.4004465416 0.08978620917
v 0.2999822199 0.4190487117 0.07173316926
v 0.2912872434 0.4183577672 0.07635808736
v 0.2825922668 0.4176668227 0.08098300546
v 0.2738972902 0.4169758782 0.08560792357
v 0.5302521884 0.1198977977 0.05499767512
v 0.5228913128 0.1225767601 0.06212072913
v 0.5449739397 0.1145398729 0.04075156711
v 0.5376130641 0.1172188353 0.04787462112
v 0.5342912674 0.1274785195 0.04936283175
v 0.5383303463 0.1350592412 0.04372798838
v 0.5309694707 0.1377382036 0.05085104238
v 0.4857040644 0.1450034045 0.09354482777
v 0.4791236818 0.1487571336 0.09832129069
v 0.4814707041 0.1390326247 0.09780962765
v 0.4810100198 0.1644524224 0.09456815384
v 0.4767766595 0.1584816426 0.09883295372
v 0.4725432992 0.1525108628 0.1030977536
v 0.4683099389 0.146540083 0.1073625535
v 0.1717171185 0.4912692457 0.06702846661
v 0.179989364 0.4955687523 0.06226937659
v 0.17055507 0.4992243499 0.0606297534
v 0.1905857064 0.4839580506 0.070307713
v 0.1988579519 0.4882575572 0.06554862298
v 0.189423658 0.4919131547 0.06390899979
v 0.1882616095 0.4998682588 0.05751028657
v 0.1965338551 0.5041677654 0.05275119655
v 0.1870995611 0.5078233629 0.05111157335
v -0.4959773868 -0.253121987 0.04684137832
v -0.4885091186 -0.2588582486 0.05055042729
v -0.5034456551 -0.2473857254 0.04313232936
v -0.5012781471 -0.2580993474 0.03891439643
v -0.4991106391 -0.2688129693 0.0346964635
v -0.5183983147 -0.3006751388 0.0066923704
v -0.5231972784 -0.2919251248 0.0066923704
v -0.5278595835 -0.3008867279 0
v -0.5090737045 -0.2827519327 0.0200771112
v -0.5185349733 -0.2829635218 0.0133847408
v -0.527996242 -0.2831751108 0.0066923704
v -0.5374575108 -0.2833866999 0
v -0.1865690909 0.4441440031 0.09678125009
v -0.1934071444 0.4375893399 0.09920935519
v -0.2070726641 0.4458079711 0.09128982201
v -0.2139107175 0.4392533079 0.09371792711
v -0.203658931 0.4384213239 0.09646364115
v -0.2002451979 0.4310346767 0.1016374603
v -0.2070832513 0.4244800135 0.1040655654
v 0.001691692392 0.5120564774 0.06998881884
v 0.01330159814 0.5110678151 0.06954862922
v 0.01431354659 0.4956499562 0.08001395129
v 0.02592345234 0.4946612939 0.07957376167
v 0.01961252524 0.5028645545 0.07456119545
v 0.02491150389 0.5100791529 0.06910843961
v 0.03652140964 0.5090904906 0.06866824999
v 0.0804794766 0.5203776658 0.05540435389
v 0.06994869281 0.5211105794 0.05611326639
v 0.07355138287 0.5343861282 0.04545337334
v 0.06648464594 0.5281148106 0.05113777611
v 0.05941790901 0.521843493 0.05682217889
v -0.5902117491 0.1133945622 0.004045530688
v -0.5815091431 0.1163615808 0.009236378595
v -0.5874140561 0.1217622496 0.005190847907
v -0.5784019232 0.1025932245 0.01213659206
v -0.5696993172 0.1055602431 0.01732743997
v -0.5756042302 0.110960912 0.01328190928
v -0.5728065372 0.1193285994 0.0144272265
v -0.5641039312 0.1222956181 0.01961807441
v -0.5700088441 0.1276962869 0.01557254372
v -0.4203318655 0.04568817047 0.1485779025
v -0.4166312516 0.03614969784 0.1509456336
v -0.4297367036 0.02765000099 0.143951904
v -0.4260360897 0.01811152836 0.1463196352
v -0.4213336706 0.0271306131 0.1486326344
v -0.4129306376 0.02661122521 0.1533133648
v -0.4092300236 0.01707275258 0.155681096
v -0.4484409541 0.0749993939 0.1293289028
v -0.4531289265 0.06610784214 0.1270975135
v -0.4390650094 0.09278249741 0.1337916814
v -0.4437529817 0.08389094565 0.1315602921
v -0.452033557 0.08437311742 0.1259365007
v -0.4556261599 0.09374684095 0.1225440986
v -0.4603141323 0.0848552892 0.1203127094
v -0.4399595037 -0.02709042747 0.1409844644
v -0.4441770911 -0.01790578803 0.1380686052
v -0.4357419163 -0.0362750669 0.1439003237
v -0.4312250391 -0.02745679813 0.1460834369
v -0.4267081618 -0.01863852935 0.1482665502
v -0.4826618582 -0.08369350154 0.1076784134
v -0.4870692268 -0.07301085256 0.1065952573
v -0.4905435368 -0.08267864678 0.1013844404
v -0.4757132381 -0.0643579131 0.1181000471
v -0.4801206067 -0.05367526412 0.117016891
v -0.4835949168 -0.06334305834 0.1118060742
v -0.4914765954 -0.06232820358 0.1055121012
v -0.495883964 -0.0516455546 0.1044289451
v -0.499358274 -0.06131334882 0.09921812825
v -0.4297191948 0.258179985 0.0904576797
v -0.4221920818 0.2649129182 0.09251666814
v -0.4305707812 0.267401807 0.08636851422
v -0.4129617959 0.2532022074 0.1027539875
v -0.405434683 0.2599351406 0.104812976
v -0.4138133824 0.2624240294 0.09866482206
v -0.4146649688 0.2716458514 0.09457565658
v -0.4071378559 0.2783787847 0.09663464502
v -0.4155165553 0.2808676735 0.0904864911
v 0.1256983392 0.576774314 0.0093867369
v 0.1335476264 0.5841169059 0.004711341579
v 0.1099997647 0.5620891303 0.01873752754
v 0.117849052 0.5694317222 0.01406213222
v 0.1291429736 0.5671399683 0.01409807848
v 0.1325876079 0.5575056225 0.01880942006
v 0.1404368952 0.5648482144 0.01413402474
v 0.1522185095 0.5617670864 0.01413402474
v 0.1487738751 0.5714014322 0.009422683157
v 0.1688924693 0.5748735219 0.004711341579
v 0.1654478349 0.5845078677 0
v 0.157110855 0.5779546499 0.004711341579
v 0.1453292407 0.5810357779 0.004711341579
v 0.1418846063 0.5906701237 0
v -0.1191608999 0.5457861125 0.03022783063
v -0.1180895809 0.5538589805 0.02388636954
v -0.1202322189 0.5377132446 0.03656929173
v -0.1098825224 0.542213276 0.03443119675
v -0.09953282587 0.5467133075 0.03229310177
v 0.04418324539 0.4420770779 0.1098432783
v 0.03973039426 0.4343057722 0.1143741999
v 0.0499334014 0.4349815026 0.113570977
v 0.5522986054 -0.08777266741 0.04090504767
v 0.5540011078 -0.0775770396 0.04161848919
v 0.5473693758 -0.08196958899 0.04806985334
v 0.5655620694 -0.07898756862 0.02800231939
v 0.5606328398 -0.0731844902 0.03516712505
v 0.5557036102 -0.06738141179 0.04233193072
v 0.5507743806 -0.06157833338 0.04949673638
v -0.2736790329 0.435430713 0.07235587202
v -0.2642446607 0.4390110224 0.07412488572
v -0.2925477773 0.4282700941 0.06881784461
v -0.2831134051 0.4318504035 0.07058685832
v -0.2798499167 0.4264094159 0.0761868991
v -0.2860208005 0.4173881188 0.08001792617
v -0.2765864283 0.4209684283 0.08178693987
v 0.3684148341 0.1706434563 0.1538165733
v 0.3751119673 0.162151441 0.1533005461
v 0.3774782866 0.1712009981 0.1496768296
v 0.3636821955 0.152544342 0.1610640064
v 0.372745648 0.1531018838 0.1569242626
v 0.3818091005 0.1536594257 0.1527845189
v 0.390872553 0.1542169675 0.1486447752
v 0.1829546876 0.4637347907 0.08521560393
v 0.1741122417 0.4676684216 0.08381376415
v 0.1917971335 0.4598011598 0.08661744371
v 0.1915906072 0.4679461345 0.08126012795
v 0.1913840808 0.4760911092 0.07590281218
v 0.1388403997 0.4647205546 0.08928625099
v 0.1380146593 0.4726463482 0.08442758769
v 0.1404918805 0.4488689676 0.0990035776
v 0.1396661401 0.4567947611 0.0941449143
v 0.1479942873 0.4616574645 0.09040013514
v 0.1571481749 0.4585943744 0.0915140193
v 0.1563224345 0.4665201679 0.08665535599
v -0.3641075492 -0.04682423268 0.1744344644
v -0.3737600297 -0.04668285232 0.1707706824
v -0.374599278 -0.02904835623 0.1704998352
v -0.3842517585 -0.02890697587 0.1668360531
v -0.3790058941 -0.0377949141 0.1688033678
v -0.3834125102 -0.04654147197 0.1671069004
v -0.3930649906 -0.04640009161 0.1634431183
v -0.2985606343 -0.4781060964 0.02739326283
v -0.2932407483 -0.4869189709 0.02272596816
v -0.3092004061 -0.4604803473 0.03672785219
v -0.3038805202 -0.4692932218 0.03206055751
v -0.3069342747 -0.4758813083 0.02513496997
v -0.3153079152 -0.4736565202 0.0228766771
v -0.3099880293 -0.4824693948 0.01820938243
v -0.2852736637 -0.4364311248 0.06524521112
v -0.2756177038 -0.4384459853 0.06650016829
v -0.2809716091 -0.4299716502 0.07108823583
v -0.2745658532 -0.453379795 0.05606907606
v -0.2649098933 -0.4553946555 0.05732403323
v -0.2702637985 -0.4469203204 0.06191210076
v -0.2659617439 -0.4404608458 0.06775512546
v -0.256305784 -0.4424757063 0.06901008263
v -0.2616596892 -0.4340013713 0.07359815016
v 0.5270757675 -0.250247933 0.02363301348
v 0.5367591977 -0.2483684458 0.01575534232
v 0.5316488743 -0.2403378449 0.02363301348
v 0.5372964144 -0.2663091347 0.00787767116
v 0.5469798446 -0.2644296475 0
v 0.5418695211 -0.2563990466 0.00787767116
v 0.5464426279 -0.2464889586 0.00787767116
v 0.5561260581 -0.2446094714 0
v 0.5510157347 -0.2365788706 0.00787767116
v 0.4979903102 -0.2753099948 0.03132454306
v 0.4898126647 -0.2778409123 0.03676964995
v 0.4950517341 -0.2829611152 0.02880393621
v 0.4875121713 -0.265069589 0.04725597054
v 0.4793345258 -0.2676005065 0.05270107742
v 0.4845735952 -0.2727207094 0.04473536368
v 0.4816350192 -0.2803718299 0.04221475683
v 0.4734573737 -0.2829027474 0.04765986372
v 0.4786964431 -0.2880229503 0.03969414998
v 0.3973590657 -0.2471883595 0.1198915727
v 0.4068110809 -0.2457983568 0.1153810769
v 0.4007828981 -0.2380595133 0.1207914017
v 0.4608491287 -0.3101873174 0.04020349728
v 0.4520655349 -0.3104819432 0.0470253583
v 0.4784163162 -0.3095980659 0.02655977523
v 0.4696327224 -0.3098926917 0.03338163625
v 0.4670002162 -0.3035446256 0.0395747968
v 0.4731513038 -0.2969019338 0.03894609632
v 0.4643677101 -0.2971965596 0.04576795734
v -0.3317297325 0.3426664472 0.1077888478
v -0.3443543985 0.3555593342 0.09612941183
v -0.3380420655 0.3491128907 0.1019591298
v -0.3413132653 0.3394910172 0.10626515
v -0.3508967981 0.3363155872 0.1047414523
v -0.4354137778 0.1858798042 0.115942901
v -0.4272690192 0.1894199215 0.1193591692
v -0.4303759113 0.1963461079 0.1148469951
v -0.4291999936 0.1720274314 0.1249672491
v -0.4241621271 0.1824937351 0.1238713432
v -0.4191242605 0.1929600388 0.1227754373
v -0.414086394 0.2034263425 0.1216795314
v -0.4856330901 0.1320426539 0.09485941939
v -0.489817284 0.1233977694 0.09259695373
v -0.482325919 0.1225895379 0.09909484535
v -0.5006158203 0.1336591169 0.08186363615
v -0.4973086491 0.1242060009 0.08609906211
v -0.494001478 0.114752885 0.09033448808
v -0.4906943068 0.105299769 0.09456991404
v -0.1424656082 -0.4320346862 0.07870094478
v -0.135717554 -0.4245490059 0.07997451536
v -0.1455786787 -0.4223479703 0.08222077601
v -0.1227433588 -0.4364367574 0.0742084235
v -0.1159953047 -0.4289510772 0.07548199408
v -0.1258564293 -0.4267500415 0.07772825472
v -0.1289694998 -0.4170633256 0.08124808595
v -0.1222214457 -0.4095776454 0.08252165653
v -0.1320825703 -0.4073766097 0.08476791717
v 0.3109645545 -0.04051114153 0.1868273094
v 0.3129891232 -0.05176217481 0.185730435
v 0.3199942186 -0.04340859223 0.1849618554
v 0.2969543636 -0.0572183067 0.1883644685
v 0.2989789322 -0.06846933998 0.187267594
v 0.3059840277 -0.0601157574 0.1864990145
v 0.3150136918 -0.0630132081 0.1846335605
v 0.3170382604 -0.07426424138 0.183536686
v 0.3240433559 -0.0659106588 0.1827681065
v 0.3300351501 -0.05941768177 0.1821218431
v 0.3420187384 -0.04643172771 0.1808293164
v 0.3360269442 -0.05292470474 0.1814755797
v 0.3280105814 -0.04816664848 0.1832187176
v 0.3259860128 -0.0369156152 0.1843155921
v 0.4369618371 -0.2298013307 0.1022535823
v 0.4341033697 -0.2395774499 0.1014215443
v 0.4430569932 -0.2367838211 0.09655079432
v 0.1984252781 0.01041052584 0.1928419359
v 0.1780552492 0.01142503973 0.1901082806
v 0.1882402636 0.01091778278 0.1914751083
v 0.1936695091 0.001479423605 0.191307541
v 0.1889137402 -0.007451678626 0.1897731461
v 0.2390516996 0.005937131122 0.1957794242
v 0.2492084503 0.004392324015 0.1959543601
v 0.228894949 0.007481938228 0.1956044883
v 0.2342670858 -0.002325687557 0.1952908821
v 0.2396392226 -0.01213331334 0.194977276
v 0.351604782 0.3428546041 0.1002415475
v 0.3484554887 0.3343482837 0.1062593684
v 0.3579033688 0.359867245 0.08820590563
v 0.3547540754 0.3513609245 0.09422372654
v 0.3442703113 0.351472564 0.09803524427
v 0.3369358405 0.360090524 0.09582894109
v 0.3337865472 0.3515842035 0.101846762
v -0.1276704799 0.2366968282 0.1847470626
v -0.11810451 0.2397100329 0.1845575869
v -0.1468024198 0.2306704186 0.1851260141
v -0.1372364499 0.2336836234 0.1849365383
v -0.1284400355 0.226949919 0.1864001974
v -0.1292095911 0.2172030099 0.1880533323
v -0.1196436211 0.2202162147 0.1878638566
v 0.4708725438 -0.2166928761 0.08229261823
v 0.4731021598 -0.2066154405 0.08320883289
v 0.4664133117 -0.2368477471 0.08046018891
v 0.4686429277 -0.2267703116 0.08137640357
v 0.4769504666 -0.2226453759 0.07585933618
v 0.4830283895 -0.2285978757 0.06942605413
v 0.4852580056 -0.2185204402 0.07034226879
v 0.5129502118 -0.2288472652 0.04322712962
v 0.5143080652 -0.2377812341 0.03961026017
v 0.5102345049 -0.2109793276 0.05046086852
v 0.5115923584 -0.2199132964 0.04684399907
v 0.5052928329 -0.2244111672 0.05132670514
v 0.4976354539 -0.2199750692 0.05942628067
v 0.4989933074 -0.228909038 0.05580941122
v 0.1839934736 -0.1852996424 0.1564027034
v 0.2005043998 -0.1972407326 0.1579628028
v 0.1922489367 -0.1912701875 0.1571827531
v 0.1935591288 -0.1803977564 0.1598751582
v 0.2031247839 -0.1754958704 0.1633476131
v -0.3270926774 0.07655822486 0.1851780303
v -0.3275602311 0.06650547776 0.1862883009
v -0.3261575699 0.09666371904 0.182957489
v -0.3266251236 0.08661097195 0.1840677597
v -0.3361753076 0.08273995388 0.182041578
v -0.3452579379 0.08892168291 0.1789051257
v -0.3457254916 0.07886893582 0.1800153963
v 0.2253153399 0.2699229866 0.1673114412
v 0.2453236431 0.2675252706 0.1651107185
v 0.2353194915 0.2687241286 0.1662110798
v 0.2301544659 0.2777349353 0.1641103402
v 0.2349935919 0.2855468839 0.1609092392
v 0.2218705788 0.2237482257 0.1811858155
v 0.2304300889 0.2248420641 0.1799701154
v 0.2133110687 0.2226543874 0.1824015155
v 0.2208826393 0.2154775672 0.183404211
v 0.2284542099 0.208300747 0.1844069064
v -0.4462116957 -0.2106578164 0.1012418158
v -0.4534670785 -0.2023945712 0.09861803241
v -0.4389563128 -0.2189210616 0.1038655993
v -0.4390566126 -0.2084090933 0.1064787116
v -0.4391569123 -0.197897125 0.1090918239
v 0.2875485942 -0.4345135689 0.06524467096
v 0.2916837633 -0.4422902912 0.05816569552
v 0.279278256 -0.4189601243 0.07940262184
v 0.2834134251 -0.4267368466 0.0723236464
v 0.2783028111 -0.434860751 0.06839121133
v 0.269057028 -0.4352079332 0.0715377517
v 0.2731921971 -0.4429846555 0.06445877627
v -0.2539929673 0.3578973711 0.1254457664
v -0.2534421943 0.3492175564 0.1293802094
v -0.245486293 0.3518975601 0.1305089593
v -0.26990477 0.3525373638 0.1231882665
v -0.269353997 0.3438575491 0.1271227095
v -0.2613980956 0.3465375528 0.1282514594
v -0.2528914213 0.3405377418 0.1333146524
v -0.2523406483 0.3318579271 0.1372490954
v -0.244384747 0.3345379308 0.1383778453
v 0.3922533914 0.03198210429 0.163705267
v 0.3901790828 0.02174934524 0.1645637155
v 0.3748310581 0.02702786867 0.1706860587
v 0.3727567494 0.01679510961 0.1715445071
v 0.3814679161 0.01927222742 0.1680541113
v 0.3881047741 0.01151658618 0.1654221639
v 0.3860304654 0.001283827121 0.1662806123
v 0.2548799515 0.2995999381 0.1509961709
v 0.2590629905 0.2905106619 0.1539746001
v 0.2465138733 0.3177784905 0.1450393125
v 0.2506969124 0.3086892143 0.1480177417
v 0.2451351434 0.3009489477 0.1526074708
v 0.2353903353 0.3022979572 0.1542187706
v 0.2395733744 0.293208681 0.1571971998
v 0.3242600784 0.3513294086 0.1054471452
v 0.3315945491 0.3427114487 0.1076534484
v 0.3198760822 0.3335838988 0.1170605179
v 0.327210553 0.3249659389 0.1192668211
v 0.3294025511 0.3338386938 0.1134601347
v 0.3389290199 0.3340934888 0.1098597515
v 0.3462634906 0.3254755288 0.1120660547
v -0.05216251221 0.4090050831 0.1268261503
v -0.06145412941 0.4145025238 0.1236722302
v -0.04804977495 0.4263313338 0.1184206698
v -0.05734139215 0.4318287745 0.1152667496
v -0.05939776078 0.4231656492 0.1194694899
v -0.07074574661 0.4199999645 0.12051831
v -0.0800373638 0.4254974052 0.1173643898
v -0.08350571524 0.3775250241 0.1405781023
v -0.07397152204 0.3821583912 0.1387070343
v -0.06580583844 0.3689580932 0.1447079815
v -0.06512158364 0.3778749257 0.1407719739
v -0.06443732884 0.3867917582 0.1368359663
v -0.2146282382 -0.3220382035 0.1282036956
v -0.2170938514 -0.3126652166 0.1320177969
v -0.2096970119 -0.3407841772 0.1205754932
v -0.212162625 -0.3314111903 0.1243895944
v -0.2051099986 -0.324460052 0.125549864
v -0.1955917589 -0.3268819004 0.1228960324
v -0.1980573721 -0.3175089136 0.1267101336
v -0.2761064917 -0.3401792645 0.1177583449
v -0.2652895451 -0.3442699835 0.1179578751
v -0.2977403849 -0.3319978267 0.1173592843
v -0.2869234383 -0.3360885456 0.1175588146
v -0.2832009643 -0.3463640139 0.1135465242
v -0.290295437 -0.3525487632 0.1093347035
v -0.2794784904 -0.3566394821 0.1095342338
v 0.265104644 -0.1083134096 0.1838076636
v 0.2745974064 -0.1108625494 0.1835345514
v 0.2705340758 -0.1274570618 0.1815493181
v 0.2773121223 -0.1204343755 0.1824053787
v 0.2840901688 -0.1134116892 0.1832614392
v -0.2190446518 -0.009676908026 0.193031054
v -0.212597277 -0.004333829274 0.1931348145
v -0.1984386928 -0.01773206296 0.1894170679
v -0.2022942975 -0.008361406741 0.1913278215
v -0.2061499022 0.001009249478 0.193238575
v 0.2312970608 -0.3328261226 0.1251619793
v 0.2308646962 -0.323856242 0.1288976092
v 0.2317294255 -0.3417960033 0.1214263495
v 0.2410989776 -0.3370210156 0.1231262293
v 0.2504685298 -0.3322460279 0.124826109
v 0.2818691134 -0.3849098757 0.09527194686
v 0.2772166729 -0.3759297356 0.1004116628
v 0.2911739945 -0.4028701559 0.08499251492
v 0.286521554 -0.3938900158 0.09013223089
v 0.2933066785 -0.3859239519 0.09178968892
v 0.3047442436 -0.386938028 0.08830743097
v 0.3000918031 -0.3779578879 0.09344714694
v 0.2876112461 0.03285609907 0.1941913106
v 0.2979923338 0.01317932759 0.1930920444
v 0.2928017899 0.02301771333 0.1936416775
v 0.2961182967 0.03060532152 0.193334382
v 0.3046253473 0.02835454396 0.1924774535
v 0.2472877428 -0.05070119631 0.191035457
v 0.2381825447 -0.04936871119 0.1906227395
v 0.2423269227 -0.05947039928 0.1894716471
v 0.2389989868 -0.03049782012 0.1933376417
v 0.2340381667 -0.03926702309 0.1917738318
v 0.2290773466 -0.04803622607 0.190210022
v 0.2241165265 -0.05680542905 0.1886462122
v 0.2573021352 -0.05210212618 0.190736942
v 0.2531577572 -0.04200043809 0.1918880343
v 0.2690421641 -0.03470060974 0.1924420968
v 0.2648977861 -0.02459892165 0.1935931891
v 0.2590277717 -0.03329967987 0.1927406117
v 0.2490133792 -0.03189874999 0.1930391267
v 0.2448690012 -0.0217970619 0.194190219
v -0.3246386126 -0.471137546 0.02053678222
v -0.333592616 -0.4674761146 0.0192142881
v -0.3273156732 -0.4765831754 0.01462859544
v -0.3371924981 -0.4529234245 0.02970816754
v -0.3461465016 -0.4492619932 0.02838567342
v -0.3398695588 -0.4583690539 0.02379998076
v -0.3425466195 -0.4638146833 0.01789179398
v -0.3515006229 -0.4601532519 0.01656929986
v -0.3452236801 -0.4692603126 0.0119836072
v 0.01229811471 0.3116160035 0.1661404781
v 0.02199629671 0.3142429665 0.1653577797
v 0.02631667012 0.2983287573 0.1699790992
v 0.02900557441 0.3075993434 0.1672770903
v 0.0316944787 0.3168699294 0.1645750813
v 0.2738535851 0.1708631404 0.1845067888
v 0.2822298184 0.1651097015 0.1834211722
v 0.2824330404 0.1742089726 0.1816948727
v -0.2962144613 -0.179859098 0.1697037667
v -0.2892224267 -0.1873378158 0.1679425538
v -0.3008673787 -0.1994588263 0.1637137681
v -0.2938753441 -0.206937544 0.1619525552
v -0.2915488854 -0.1971376799 0.1649475545
v -0.2822303921 -0.1948165335 0.1661813408
v -0.2752383575 -0.2022952512 0.1644201279
v -0.2417339236 -0.2072371915 0.1638392955
v -0.239821434 -0.1851174161 0.1690549999
v -0.2407776788 -0.1961773038 0.1664471477
v -0.2494771555 -0.2011295334 0.1653134525
v -0.2572203875 -0.1950218752 0.1667876095
v 0.3421292379 -0.3859518096 0.07298402488
v 0.3337758332 -0.3915488496 0.07379308715
v 0.3217293248 -0.3812985793 0.08430460095
v 0.3133759201 -0.3868956193 0.08511366323
v 0.3235758767 -0.3892222345 0.07945337519
v 0.3254224285 -0.3971458897 0.07460214943
v 0.3170690238 -0.4027429298 0.0754112117
v -0.2066482231 0.2255263478 0.1823657602
v -0.2098008543 0.2162657753 0.1838858426
v -0.1993471608 0.2177501395 0.1845154762
v -0.2275556102 0.2225576192 0.1811064929
v -0.2202545479 0.214781411 0.1832562089
v -0.2129534855 0.2070052028 0.1854059249
v -0.2056524232 0.1992289945 0.1875556409
v -0.223244343 0.179151006 0.1902710274
v -0.2440173663 0.1762557775 0.1898856536
v -0.2336308546 0.1777033918 0.1900783405
v -0.2272971198 0.1697812043 0.1916590184
v -0.2313498966 0.1604114026 0.1930470094
v -0.5132880658 0.04328348627 0.08396422677
v -0.5220067352 0.02588495752 0.07849448733
v -0.5176474005 0.0345842219 0.08122935705
v -0.5100443363 0.03386372235 0.08752917126
v -0.5068006068 0.02444395842 0.09109411575
v 0.02571951644 0.3661738187 0.1468352638
v 0.03617597953 0.369026117 0.1454874687
v 0.02667451487 0.375023447 0.1433081701
v -0.3833642676 -0.2181720585 0.134209387
v -0.3877227157 -0.2263773121 0.130263254
v -0.3797130957 -0.2261046506 0.1338297501
v -0.3993835077 -0.2187173814 0.1270763949
v -0.4037419558 -0.226922635 0.1231302619
v -0.3957323357 -0.2266499735 0.126696758
v -0.3920811638 -0.2345825657 0.1263171211
v -0.3964396119 -0.2427878194 0.1223709881
v -0.3884299919 -0.2425151579 0.1259374842
v -0.3960907012 -0.2719390467 0.1086152624
v -0.4061598778 -0.2700138763 0.1043159515
v -0.3860215247 -0.2738642171 0.1129145734
v -0.3916335553 -0.2655078918 0.1145070624
v -0.3972455859 -0.2571515664 0.1160995513
v 0.03177353999 0.1914508455 0.1888783462
v 0.03014532923 0.1832471527 0.1892214753
v 0.01042518799 0.1855001189 0.1887224279
v 0.008796977221 0.1772964261 0.189065557
v 0.01947115322 0.1802717894 0.1891435161
v 0.02851711846 0.17504346 0.1895646043
v 0.02688890769 0.1668397672 0.1899077334
v 0.05956343841 0.2229655944 0.186054863
v 0.06975260749 0.2257065959 0.1859471127
v 0.07513723616 0.2102004178 0.1880160496
v 0.07753950637 0.2193240076 0.186927706
v 0.07994177658 0.2284475975 0.1858393624
v 0.1956185885 0.3379829377 0.148220595
v 0.1910203099 0.3463670835 0.1456712149
v 0.1849565767 0.3387371823 0.1500069872
v -0.2461907938 -0.4594415277 0.0602032505
v -0.2512482889 -0.450958617 0.06460666656
v -0.2555503435 -0.4574180916 0.05876364186
v 0.2184151709 -0.4065795094 0.09460281208
v 0.2076486647 -0.4068065509 0.09516472742
v 0.2291816771 -0.4063524678 0.09404089674
v 0.2237011343 -0.3997168317 0.09728674591
v 0.2182205915 -0.3930811957 0.1005325951
v 0.2696710229 -0.2544084191 0.1516426951
v 0.2516729087 -0.2656618878 0.1484533176
v 0.2606719658 -0.2600351535 0.1500480063
v 0.2688657418 -0.2638050504 0.1492627673
v 0.2680604607 -0.2732016817 0.1468828395
v -0.4103390872 -0.1459524762 0.1394141316
v -0.4180203378 -0.1387886815 0.1375238113
v -0.4189632833 -0.1476865541 0.1345068403
v -0.4170297235 -0.3952836767 0.02254579938
v -0.4266267717 -0.397993587 0.01630100911
v -0.4332462698 -0.3844107911 0.01767907594
v -0.4347350448 -0.3925571442 0.01386764739
v -0.4362238199 -0.4007034972 0.01005621883
v -0.3151244745 -0.1068836078 0.1809685417
v -0.3247241825 -0.1066888198 0.1793606505
v -0.3193996176 -0.1162851155 0.179019291
v -0.2740741894 -0.1242959443 0.1820730902
v -0.2798526436 -0.1155055109 0.1829242483
v -0.2659509555 -0.1072105896 0.1839771681
v -0.2757910267 -0.1069628336 0.1838762872
v -0.2856310979 -0.1067150775 0.1837754063
v 0.1417930275 0.324099049 0.1605534181
v 0.1376446746 0.333927609 0.1569369435
v 0.1500897333 0.3044419289 0.1677863672
v 0.1459413804 0.3142704889 0.1641698927
v 0.1519884132 0.3234103546 0.1602841541
v 0.1621837988 0.3227216601 0.1600148901
v 0.158035446 0.3325502202 0.1563984156
v 0.06774639059 0.3163595647 0.1644455157
v 0.07088286523 0.3249306157 0.1615103632
v 0.06090360694 0.323352553 0.162348751
v -0.368730031 0.1903929301 0.148049172
v -0.361501731 0.1884614043 0.151810836
v -0.3645038158 0.1978989318 0.1477927566
v -0.3627258614 0.171517875 0.156085331
v -0.3584996462 0.1790238768 0.1558289155
v -0.354273431 0.1865298785 0.1555725001
v -0.3500472158 0.1940358803 0.1553160846
v -0.3459641933 0.1545856334 0.1662138179
v -0.3362254947 0.1376841925 0.1728988662
v -0.341094844 0.146134913 0.1695563421
v -0.3370739594 0.1555416398 0.1689817011
v -0.3281837255 0.1564976461 0.1717495844
v -0.2466462255 0.04050489329 0.1963044144
v -0.2548385412 0.03268715017 0.1963154152
v -0.2681933045 0.0436147321 0.1953994147
v -0.2763856202 0.03579698899 0.1954104155
v -0.2656120807 0.03424206958 0.1958629154
v -0.2630308568 0.02486940706 0.196326416
v -0.2712231725 0.01705166395 0.1963374168
v -0.1098860279 0.1951208226 0.1909551695
v -0.1102139279 0.2047382072 0.1899748743
v -0.1095581278 0.1855034381 0.1919354647
v -0.09968677908 0.1893897243 0.1914130524
v -0.08981543034 0.1932760105 0.19089064
v 0.08548687771 0.159731932 0.1919647008
v 0.09448624589 0.1619262546 0.1923042163
v 0.1025247388 0.1430935785 0.1924075931
v 0.1030051764 0.1536070779 0.1925256625
v 0.1034856141 0.1641205773 0.1926437318
v -0.08147876058 -0.556316942 0.02135124477
v -0.07738659251 -0.5449548364 0.02680064505
v -0.06269370299 -0.5498220026 0.02570101386
v -0.05860153493 -0.538459897 0.03115041414
v -0.06799406372 -0.5417073667 0.0289755296
v -0.07329442445 -0.5335927308 0.03225004533
v -0.06920225639 -0.5222306252 0.03769944562
v -0.185950771 0.3045684099 0.1621985622
v -0.1951862238 0.3036370203 0.1610720567
v -0.1950605959 0.3188450336 0.156044092
v -0.1997411363 0.3107753322 0.1579948217
v -0.2044216767 0.3027056307 0.1599455513
v 0.5145140737 -0.1430068687 0.06417246442
v 0.5169026256 -0.1333860029 0.06453296263
v 0.5292464048 -0.1358333454 0.05183404032
v 0.5242687911 -0.1297992412 0.05836375058
v 0.5192911774 -0.123765137 0.06489346083
v 0.524103269 -0.1799801476 0.04544830602
v 0.5282502174 -0.1876652502 0.03987368057
v 0.530773297 -0.1788314804 0.03969706176
v 0.51905711 -0.197647687 0.04580154363
v 0.5257271379 -0.1964990199 0.04005029937
v 0.5323971659 -0.1953503527 0.03429905511
v 0.5390671939 -0.1942016855 0.02854781086
v -0.229129117 -0.250986211 0.1504406817
v -0.2096843831 -0.2371236831 0.1504815482
v -0.2194067501 -0.244054947 0.1504611149
v -0.2278276011 -0.2398152985 0.1535530277
v -0.2265260853 -0.2286443859 0.1566653736
v 0.2873514518 -0.3009788692 0.1341495216
v 0.2777540237 -0.2987881005 0.1361273304
v 0.2799533084 -0.2849740088 0.1421149075
v 0.2703558803 -0.2827832401 0.1440927163
v 0.274054952 -0.2907856703 0.1401100233
v 0.2681565955 -0.2965973318 0.1381051391
v 0.2585591674 -0.294406563 0.1400829479
v 0.2392105199 0.2209977098 0.1798716225
v 0.2401984595 0.2292683683 0.177653227
v 0.2382225804 0.2127270512 0.1820900179
v 0.2479909509 0.2171533555 0.1797731295
v 0.2577593215 0.2215796597 0.1774562411
v 0.1627942696 0.1486844085 0.1948471442
v 0.1445608214 0.1476624124 0.1946879849
v 0.1536775455 0.1481734104 0.1947675645
v 0.1574638486 0.1407088786 0.1951564625
v 0.1521334276 0.1327333488 0.1954657808
v 0.5687502772 -0.1349002607 0.01537798997
v 0.5710300356 -0.1242976561 0.01520368969
v 0.5664705187 -0.1455028653 0.01555229025
v 0.5750871599 -0.1421381645 0.01031009341
v 0.583703801 -0.1387734637 0.005067896564
v -0.3985057846 -0.4275343791 0.01665559364
v -0.3918496966 -0.4361679405 0.01561620506
v -0.4051618725 -0.4189008176 0.01769498223
v -0.4080583826 -0.4284479544 0.01145019196
v -0.4109548926 -0.4379950911 0.005205401685
v -0.3125092983 -0.4930533543 0.01196331717
v -0.3041356578 -0.4952781424 0.01422161004
v -0.3008045554 -0.5186708495 0.00398777239
v -0.2982832864 -0.50808689 0.01023383765
v -0.2957620174 -0.4975029305 0.0164799029
v -0.3317662776 -0.2688343748 0.137232203
v -0.3243938237 -0.249783732 0.145561453
v -0.3280800506 -0.2593090534 0.141396828
v -0.3380023018 -0.2603354231 0.1389144696
v -0.344238326 -0.2518364713 0.1405967362
v -0.1735632196 -0.2302651666 0.143334657
v -0.1648136117 -0.2235238887 0.142880287
v -0.1823128276 -0.2370064445 0.1437890269
v -0.172111731 -0.2393908352 0.1406427883
v -0.1619106345 -0.2417752258 0.1374965496
v -0.2094921879 -0.2266358808 0.1530809365
v -0.2092999928 -0.2161480784 0.1556803249
v -0.217913039 -0.2223962322 0.1561728492
v 0.2088647783 -0.5296413302 0.02311491594
v 0.1924377307 -0.5189747512 0.03408985492
v 0.2006512545 -0.5243080407 0.02860238543
v 0.1994645186 -0.5328463167 0.02356866049
v 0.1900642589 -0.5360513031 0.02402240504
v -0.1423136778 -0.405347541 0.08725583367
v -0.1627758928 -0.4012894034 0.09223166667
v -0.1525447853 -0.4033184722 0.08974375017
v -0.149061732 -0.4128332213 0.08598226309
v -0.1558097862 -0.4203189015 0.08470869251
v -0.1936234124 -0.410555616 0.09390578605
v -0.2035933621 -0.4082035646 0.09460704215
v -0.2007082663 -0.3927236646 0.1011877339
v -0.2106782161 -0.3903716132 0.10188899
v -0.2071357891 -0.3992875889 0.09824801609
v -0.2135633118 -0.4058515131 0.09530829825
v -0.2235332616 -0.4034994617 0.09600955434
v 0.2886265218 0.2710842043 0.1554701515
v 0.297343418 0.2880476415 0.1458660625
v 0.2929849699 0.2795659229 0.150668107
v 0.2834730968 0.2799372599 0.1528338529
v 0.2783196718 0.2887903154 0.1501975544
v 0.3419096693 0.2427142709 0.1448641345
v 0.3368649706 0.2521226555 0.1443862654
v 0.3469543681 0.2333058864 0.1453420036
v 0.3511302024 0.2426201701 0.1407589428
v 0.3553060368 0.2519344538 0.1361758821
v -0.1645053178 -0.5124701187 0.04161710292
v -0.1748612858 -0.5083081499 0.04259486031
v -0.1660646349 -0.4967374578 0.05026131868
v -0.1756409444 -0.5004418194 0.04691696819
v -0.1852172539 -0.504146181 0.04357261769
v -0.3330571651 0.2295052074 0.1526959613
v -0.3321962655 0.2389690876 0.1503150128
v -0.3408559263 0.2350488193 0.147556711
v -0.3157378435 0.2373457439 0.1582125649
v -0.3235366046 0.2428893559 0.1530733146
v -0.3313353658 0.2484329678 0.1479340643
v -0.3391341269 0.2539765798 0.142794814
v 0.2287323177 0.1360387392 0.1944902577
v 0.2211571261 0.1442922205 0.1944374442
v 0.2168493494 0.1353270523 0.1953963153
v 0.4861979485 -0.0635781819 0.1095482446
v 0.497202903 -0.0755192833 0.09740836546
v 0.4917004257 -0.0695487326 0.103478305
v 0.4936610311 -0.06028043106 0.1041817181
v 0.5011241138 -0.05698268022 0.09881519154
v 0.4651907161 -0.06324301288 0.126046611
v 0.462902911 -0.0722977668 0.125292778
v 0.4491073713 -0.06791827455 0.1361704115
v 0.4468195662 -0.07697302848 0.1354165785
v 0.4548612386 -0.07463539764 0.1303546783
v 0.4606151059 -0.08135252073 0.124538945
v 0.4583273008 -0.09040727466 0.1237851121
v -0.3335654289 0.006747549865 0.1848948747
v -0.3411834687 -0.001103162998 0.18291495
v -0.325947389 0.01459826273 0.1868747994
v -0.3349753618 0.01919265208 0.1848228052
v -0.3440033346 0.02378704143 0.182770811
v -0.06316036079 0.2249702029 0.186008621
v -0.05215815268 0.2207244895 0.1864706315
v -0.05573731381 0.2292138711 0.1851210073
v -0.06105782278 -0.5938722193 0.005895063281
v -0.0722067412 -0.6042737365 0
v -0.06663228199 -0.5990729779 0.002947531641
v -0.05639174022 -0.601799354 0.002947531641
v -0.05172565766 -0.6097264886 0
v 0.4675433934 0.137811996 0.1089885719
v 0.4667768478 0.1290839091 0.1106145903
v 0.474123776 0.1340582669 0.104212109
v -0.4564449191 -0.263982892 0.0737301372
v -0.4611448422 -0.2693068981 0.06639106572
v -0.4522236958 -0.2726742327 0.07147530839
v -0.4742872119 -0.2572482228 0.06356165186
v -0.478987135 -0.2625722289 0.05622258037
v -0.4700659886 -0.2659395635 0.06130682305
v -0.4658447653 -0.2746309042 0.05905199423
v -0.4705446884 -0.2799549103 0.05171292275
v -0.461623542 -0.2833222449 0.05679716542
v -0.07550848555 0.320498392 0.1629580967
v -0.06566436309 0.334887892 0.1582579501
v -0.07058642432 0.327693142 0.1606080234
v -0.07893353421 0.3303580955 0.1594114788
v -0.08235858288 0.3402177989 0.1558648609
v -0.3127729595 -0.3653616905 0.09587730467
v -0.317149967 -0.3559818268 0.09909182042
v -0.308395952 -0.3747415543 0.09266278893
v -0.3025806248 -0.3676424921 0.09795416892
v -0.2967652977 -0.3605434299 0.1032455489
v -0.1715598442 0.5164649487 0.04629699606
v -0.1607965007 0.5171241313 0.04734862596
v -0.1639432646 0.5231627971 0.04189395811
v -0.1652663164 0.5043876171 0.05720633175
v -0.154502973 0.5050467998 0.05825796165
v -0.1576497369 0.5110854656 0.0528032938
v -0.1500331573 0.517783314 0.04840025585
v -0.1392698139 0.5184424967 0.04945188574
v -0.1424165778 0.5244811624 0.0439972179
v -0.1962018572 0.539688915 0.02346263686
v -0.1942296624 0.5490827709 0.01739270845
v -0.2048398741 0.5461849421 0.01820978522
v -0.1749814339 0.5454845726 0.02182848332
v -0.1836194508 0.5519805998 0.01657563169
v -0.1922574677 0.5584766269 0.01132278005
v -0.2008954845 0.564972654 0.006069928408
v -0.4220523164 0.4051733688 0.01934239687
v -0.4312869906 0.4062618241 0.01289493125
v -0.4296083823 0.3971503228 0.01934239687
v -0.4254095331 0.4233963713 0.006447465625
v -0.4346442074 0.4244848266 0
v -0.432965599 0.4153733253 0.006447465625
v -0.4405216649 0.4073502794 0.006447465625
v -0.4497563392 0.4084387347 0
v -0.4480777308 0.3993272334 0.006447465625
v 0.2763177529 0.5130099356 0.01429796219
v 0.2839136347 0.5155921727 0.0108550773
v 0.2760488242 0.5215586275 0.01032865467
v 0.292047374 0.5010770261 0.01535080746
v 0.2996432558 0.5036592633 0.01190792257
v 0.2917784452 0.509625718 0.01138149993
v 0.2915095165 0.5181744099 0.007412192412
v 0.2991053984 0.520756647 0.003969307523
v 0.2912405878 0.5267231017 0.003442884888
v -0.5613354594 -0.02179501613 0.04571570689
v -0.564182952 -0.02908159653 0.04242946999
v -0.555640474 -0.00722185534 0.05228818068
v -0.5584879667 -0.01450843574 0.04900194379
v -0.5664181411 -0.0153808099 0.04141310137
v -0.5715008229 -0.008966603666 0.03711049585
v -0.5743483156 -0.01625318406 0.03382425895
v -0.5075693354 0.2077327147 0.05676761828
v -0.5128457099 0.1994762421 0.05447378103
v -0.504563354 0.1976741776 0.06210021954
v -0.5241340473 0.2113368437 0.04151474126
v -0.5294104218 0.203080371 0.039220904
v -0.5211280659 0.2012783065 0.04684734251
v -0.5181220844 0.1912197694 0.05217994377
v -0.523398459 0.1829632968 0.04988610651
v -0.515116103 0.1811612323 0.05751254503
v -0.4395589828 -0.008863204625 0.1402359232
v -0.4220900536 -0.009595945943 0.1504338682
v -0.4308245182 -0.009229575284 0.1453348957
v -0.4349408746 0.0001793787815 0.1424032412
v -0.4303227663 0.009221962187 0.1445705593
v -0.4836284593 -0.04377112235 0.1140057817
v -0.4906441644 -0.02396283881 0.1079835631
v -0.4871363118 -0.03386698058 0.1109946724
v -0.4915101379 -0.04275626759 0.1077118088
v -0.4993918166 -0.04174141283 0.1014178358
v -0.3705284223 0.09649129398 0.1693616174
v -0.3650306538 0.08629778028 0.1728743911
v -0.3815239593 0.1168783214 0.1623360701
v -0.3760261908 0.1066848077 0.1658488438
v -0.3807509542 0.09773840941 0.1653570645
v -0.390973486 0.09898552485 0.1613525115
v -0.3854757175 0.08879201114 0.1648652852
v -0.3130492866 0.1099405177 0.1843934655
v -0.318959035 0.1168761998 0.1815159246
v -0.3225171342 0.1074704193 0.1821061298
v -0.3059330881 0.1287520789 0.1832130551
v -0.3118428364 0.135687761 0.1803355142
v -0.3154009357 0.1262819804 0.1809257194
v -0.3248687834 0.123811882 0.1786383837
v -0.3307785317 0.1307475641 0.1757608429
v -0.334336631 0.1213417836 0.1763510481
v -0.3540348932 0.3516420648 0.09407644346
v -0.3637153879 0.3477247953 0.0920234751
v -0.357306093 0.3420201913 0.09838246368
v -0.2997142151 0.3606743813 0.1085514538
v -0.3063405678 0.3420109153 0.1168715768
v -0.3030273914 0.3513426483 0.1127115153
v -0.2935340926 0.3539581299 0.1144408286
v -0.2873539701 0.3472418785 0.1203302033
v 0.5118983313 0.2628652453 0.02370891441
v 0.5033588484 0.2654646784 0.02918120567
v 0.50039462 0.2813892961 0.02301202621
v 0.4976069927 0.2747267038 0.02883276157
v 0.4948193654 0.2680641115 0.03465349693
v 0.5107420161 0.102779692 0.07721493766
v 0.5176769793 0.1063901167 0.07046685927
v 0.4968720898 0.09555884264 0.09071109444
v 0.503807053 0.09916926734 0.08396301605
v 0.5095667616 0.0941737704 0.07992622443
v 0.508391507 0.08556784876 0.08263751119
v 0.5153264701 0.08917827345 0.0758894328
v 0.5254408717 0.05243946146 0.07194807194
v 0.5235916823 0.0611475762 0.07232015952
v 0.5332266688 0.06583859865 0.06161947735
v 0.5313774794 0.07454671338 0.06199156493
v 0.5274845809 0.06784714479 0.06715586223
v 0.5217424929 0.06985569093 0.07269224711
v 0.5198933035 0.07856380567 0.07306433469
v 0.2639042959 0.4162938446 0.08936657384
v 0.2715169713 0.4080291763 0.09145571664
v 0.259143658 0.3984004408 0.10106216
v 0.2667563334 0.3901357725 0.1031513028
v 0.2691366524 0.3990824744 0.09730350971
v 0.2791296467 0.399764508 0.09354485944
v 0.2867423221 0.3914998397 0.09563400224
v -0.01331960355 0.5865722597 0.01411568094
v -0.01828227696 0.5933639258 0.00941045396
v -0.02309133671 0.5862755924 0.01411568094
v -0.003701484035 0.6007489264 0.00470522698
v -0.008664157445 0.6075405926 0
v -0.0134732172 0.6004522592 0.00470522698
v -0.02324495037 0.600155592 0.00470522698
v -0.02820762378 0.6069472581 0
v -0.03301668353 0.5998589247 0.00470522698
v -0.4128754959 0.4034846276 0.02503986517
v -0.4145541042 0.4125961289 0.01859239955
v -0.3978790715 0.4183301479 0.02353987051
v -0.3995576799 0.4274416491 0.01709240489
v -0.4070558921 0.420018889 0.01784240222
v -0.4162327126 0.4217076302 0.01214493392
v -0.4179113209 0.4308191314 0.005697468296
v -0.3491681144 0.4236298874 0.04498981126
v -0.3484614938 0.4321007058 0.03889754182
v -0.3325920478 0.4353679642 0.04425952397
v -0.3401734605 0.4379697442 0.03853239818
v -0.3477548733 0.4405715242 0.03280527238
v 0.06044171099 0.587234363 0.01023835875
v 0.05357110035 0.5793471783 0.01535753813
v 0.07418293227 0.6030087322 0
v 0.06731232163 0.5951215476 0.005119179375
v 0.05665197596 0.5962424576 0.005119179375
v 0.05286224093 0.6052505523 0
v 0.04599163029 0.5973633677 0.005119179375
v -0.5549335927 0.09791291878 0.03378826147
v -0.5591913015 0.0892632287 0.03120369976
v -0.5533368289 0.08950334974 0.03707241267
v -0.5666425377 0.0974326767 0.02205083566
v -0.565045774 0.08902310766 0.02533498686
v -0.5634490103 0.08061353862 0.02861913806
v -0.5618522465 0.07220396958 0.03190328926
v -0.597925216 0.1075271498 0
v -0.592020303 0.102126481 0.004045530688
v -0.6015423238 0.08499098755 0
v -0.5938288569 0.09085839987 0.004045530688
v -0.5861153901 0.09672581218 0.008091061376
v -0.2500358671 0.4542702734 0.06947237626
v -0.2483902425 0.4637118876 0.06334752776
v -0.2564281523 0.4574739337 0.06416901015
v -0.2339600474 0.4667461812 0.06782941148
v -0.2323144227 0.4761877954 0.06170456298
v -0.2403523326 0.4699498415 0.06252604537
v -0.2467446178 0.4731535017 0.05722267926
v -0.2450989932 0.4825951159 0.05109783076
v -0.253136903 0.476357162 0.05191931315
v -0.2237465829 0.4393762872 0.09041062184
v -0.2203328498 0.43198964 0.09558444098
v -0.2365908474 0.4248489514 0.09414364956
v -0.226754982 0.4247259721 0.09745095484
v -0.2169191167 0.4246029928 0.1007582601
v 0.4845388085 -0.2510802746 0.05739350989
v 0.4784969762 -0.2463360988 0.0650824029
v 0.4890702218 -0.2333420515 0.06173716113
v 0.4807626829 -0.2374669872 0.06725422852
v 0.4724551439 -0.2415919229 0.07277129591
v 0.2499034256 0.2751870677 0.161398679
v 0.2544832081 0.2828488648 0.1576866396
v 0.2447384 0.2841978744 0.1592979394
v 0.5085905939 -0.05310940649 0.09320866503
v 0.5156132579 -0.04868261889 0.08809391595
v 0.5101073831 -0.04328759108 0.0944038555
v 0.5196023434 -0.06389946211 0.08058878593
v 0.5211191326 -0.0540776467 0.08178397641
v 0.5226359218 -0.04425583128 0.08297916688
v 0.524152711 -0.03443401586 0.08417435735
v 0.5057109967 0.004135288065 0.09454512596
v 0.4989642426 -0.0004979728255 0.1001660097
v 0.5124577507 0.008768548956 0.08892424218
v 0.504435569 0.01304159919 0.09454859234
v 0.4964133874 0.01731464942 0.1001729425
v 0.1177049596 0.5018958896 0.06522936188
v 0.1188088115 0.4941843301 0.07085347734
v 0.104224151 0.492576316 0.07405360229
v 0.1053280029 0.4848647565 0.07967771776
v 0.1120684072 0.4895245433 0.07526559755
v 0.1199126635 0.4864727706 0.07647759281
v 0.1210165154 0.478761211 0.08210170828
v 0.1463701725 0.4774501994 0.07994637266
v 0.1646779478 0.4713240191 0.08217414096
v 0.1555240601 0.4743871093 0.08106025681
v 0.1547256857 0.4822540507 0.07546515763
v 0.1630811989 0.4870579019 0.0709839426
v 0.4928157628 -0.2146023549 0.06521572918
v 0.4867378399 -0.2086498551 0.07164901122
v 0.4957754314 -0.1948611848 0.06782921404
v 0.4896975085 -0.188908685 0.07426249608
v 0.4882176742 -0.1987792701 0.07295575365
v 0.480659917 -0.2026973553 0.07808229327
v 0.4745819941 -0.1967448555 0.08451557532
v -0.5143467486 -0.2197120264 0.04522453807
v -0.521297425 -0.2141849846 0.04020543629
v -0.5200321078 -0.2254087999 0.03862211155
v -0.516877383 -0.1972643957 0.04839118756
v -0.5225627422 -0.2029611692 0.04178876104
v -0.5282481015 -0.2086579427 0.03518633451
v -0.5339334607 -0.2143547162 0.02858390799
v 0.4573286474 0.01578725479 0.1284493115
v 0.4479733855 0.01420091675 0.1339886896
v 0.455298081 0.006174202543 0.1301800292
v 0.4426792562 0.03184068319 0.1360666323
v 0.4333239943 0.03025434515 0.1416060105
v 0.4406486899 0.02222763095 0.1377973501
v 0.4386181235 0.01261457871 0.1395280678
v 0.4292628616 0.01102824067 0.1450674459
v 0.4365875572 0.003001526464 0.1412587855
v 0.42675706 0.03851535358 0.1449601874
v 0.4247264937 0.02890230133 0.1466909051
v 0.4095620587 0.03581126593 0.1551299766
v 0.416128993 0.02755025751 0.1517757997
v 0.4226959273 0.01928924909 0.1484216228
v -0.517885074 0.1443245634 0.06329640187
v -0.5240277201 0.163543269 0.05322288349
v -0.5209563971 0.1539339162 0.05825964268
v -0.5245916396 0.1445724256 0.05626381841
v -0.5312982053 0.1448202878 0.04923123494
v -0.4966636524 0.142292548 0.08440517448
v -0.4816809222 0.1406760849 0.09740095772
v -0.4891722873 0.1414843164 0.0909030661
v -0.4927114844 0.150925979 0.08694671281
v -0.4887593165 0.1595594101 0.08948825113
v 0.3218948245 -0.2621730231 0.1430564076
v 0.3310780004 -0.2605021857 0.1415781006
v 0.3249246106 -0.2521017417 0.1450329199
v 0.3800847009 -0.2655256465 0.1212777607
v 0.3845263422 -0.2728026956 0.1148442067
v 0.3712876663 -0.2811625227 0.116828803
v 0.3757293075 -0.2884395719 0.110395249
v 0.3801278248 -0.2806211337 0.1126197278
v 0.3889679834 -0.2800797448 0.1084106527
v 0.3934096247 -0.2873567939 0.1019770987
v 0.4883259758 0.1607162654 0.08856534213
v 0.4930200204 0.1412672475 0.08754201606
v 0.4906729981 0.1509917565 0.08805367909
v 0.4956419319 0.1569801085 0.08256253041
v 0.5029578879 0.1532439515 0.0765597187
v 0.4499925897 0.1572404467 0.117412027
v 0.4407178387 0.1724147759 0.1180477999
v 0.4453552142 0.1648276113 0.1177299134
v 0.4428929985 0.1565999165 0.1223671511
v 0.4357934073 0.1559593864 0.1273222752
v 0.3225462809 0.008500700817 0.1876071543
v 0.3190795854 -0.001906279242 0.1877027303
v 0.3283697367 -0.0009366187733 0.1857720017
v 0.3039659783 0.00656137988 0.1914686114
v 0.3097894341 -0.00287593971 0.1896334589
v 0.3156128898 -0.0123132593 0.1877983063
v 0.3214363456 -0.02175057889 0.1859631538
v 0.3258627877 0.016088309 0.1872998588
v 0.3165726364 0.01511864853 0.1892305873
v 0.3139154986 0.02932420443 0.1905467249
v 0.3105989918 0.02173659625 0.1908540204
v 0.3072824851 0.01414898806 0.1911613159
v -0.4144353941 0.07293849066 0.1505145021
v -0.4094525948 0.0817714585 0.1530069597
v -0.418224141 0.08233675826 0.1476456448
v 0.5857106745 -0.02844844712 0.01898542279
v 0.5859203339 -0.01845958084 0.01931151096
v 0.6003244817 -0.02005386958 0.006328474265
v 0.6005341411 -0.0100650033 0.006654562429
v 0.5932272375 -0.01426229207 0.01298303669
v 0.5861299932 -0.008470714558 0.01963759912
v 0.5863396525 0.001518151723 0.01996368729
v 0.5850946158 -0.03871469013 0.01898542279
v 0.5924015194 -0.03451740136 0.01265694853
v 0.5984763056 -0.05085259862 0.006328474265
v 0.6057832092 -0.04665530985 0
v 0.5990923643 -0.04058635561 0.006328474265
v 0.599708423 -0.03032011259 0.006328474265
v 0.6070153266 -0.02612282382 0
v 0.05703441985 0.4790667519 0.08717610501
v 0.06406010967 0.4717419967 0.09106320329
v 0.0476021003 0.4643182233 0.09678180702
v 0.05934394989 0.4643677324 0.0958660543
v 0.07108579949 0.4644172415 0.09495030157
v 0.2422123551 0.4657094702 0.06473585311
v 0.2586086988 0.4681462869 0.05519347358
v 0.250410527 0.4669278786 0.05996466335
v 0.241779685 0.4745117277 0.05853593722
v 0.2413470149 0.4833139852 0.05233602133
v 0.38907177 -0.3432436883 0.07161668688
v 0.386845693 -0.33505328 0.07769630663
v 0.4038906917 -0.326031059 0.07242820412
v 0.4016646147 -0.3178406507 0.07850782387
v 0.3942551538 -0.3264469653 0.07810206525
v 0.384619616 -0.3268628716 0.08377592638
v 0.382393539 -0.3186724633 0.08985554613
v 0.2728014365 -0.04459361918 0.1914016902
v 0.2786714509 -0.03589286096 0.1922542676
v 0.2669314221 -0.0532943774 0.1905491129
v 0.2765607089 -0.05448662862 0.1903612837
v 0.2861899957 -0.05567887984 0.1901734546
v 0.2696823999 -0.01633610297 0.1940817311
v 0.2596680075 -0.01493517309 0.1943802461
v 0.2592228428 0.00299139414 0.1956558451
v 0.2544382289 -0.005271424539 0.1951673031
v 0.2496536151 -0.01353424322 0.1946787611
v -0.4263547286 -0.2473834641 0.1025132407
v -0.4166516811 -0.2506394982 0.1070420109
v -0.4218975827 -0.2409523092 0.1084050406
v -0.4158629254 -0.2667578422 0.09978718124
v -0.4114057794 -0.2603266872 0.1056789812
v -0.4069486335 -0.2538955323 0.1115707811
v -0.4024914876 -0.2474643774 0.117462581
v -0.4435940608 -0.2448345572 0.0923534669
v -0.4355814159 -0.245109763 0.09761079773
v -0.4596193507 -0.2442841455 0.08183880523
v -0.4516067058 -0.2445593514 0.08709613606
v -0.4475748464 -0.2522480451 0.08608799428
v -0.4515556321 -0.2596615329 0.07982252166
v -0.4435429871 -0.2599367388 0.08507985249
v 0.10070806 0.4316590875 0.1125314496
v 0.09109812602 0.4330083057 0.1123049669
v 0.09471636638 0.4245140031 0.1171749011
v 0.09347157925 0.4486476928 0.1027915813
v 0.08747988567 0.4415026084 0.1074350327
v 0.08148819208 0.4343575239 0.1120784841
v 0.0754964985 0.4272124395 0.1167219356
v 0.09872152284 0.4161408544 0.1211498212
v 0.1018051505 0.4082336277 0.124940794
v 0.107409928 0.4152575582 0.1211923566
v 0.08751196787 0.4020929933 0.128646696
v 0.09620037302 0.4012096971 0.1286892314
v 0.1048887782 0.400326401 0.1287317667
v 0.1135771833 0.3994431049 0.1287743021
v 0.4247250706 0.3288456276 0.05847031344
v 0.4311086833 0.3427582011 0.04583024513
v 0.427916877 0.3358019143 0.05215027928
v 0.419537656 0.3386967257 0.05735602137
v 0.4143502414 0.3485478237 0.0562417293
v -0.3554822057 0.01238086983 0.1780578047
v -0.3483328372 0.005638853414 0.1804863773
v -0.3497427702 0.01808395563 0.1804143079
v -0.3304807842 -0.05700133834 0.1819941737
v -0.335137777 -0.06686800718 0.1805531271
v -0.3494013846 -0.05614189338 0.1782659106
v -0.3540583774 -0.06600856222 0.176824864
v -0.3445980772 -0.0664382847 0.1786889955
v -0.3397947699 -0.07673467603 0.1791120805
v -0.3444517627 -0.08660134487 0.1776710339
v -0.2274631001 -0.4333439842 0.0803890042
v -0.2354715206 -0.4165515974 0.08851565421
v -0.2314673103 -0.4249477908 0.0844523292
v -0.2369780466 -0.4314360023 0.07989814691
v -0.2464929931 -0.4295280203 0.07940728962
v -0.2761073112 0.1873991042 0.181188792
v -0.2666264549 0.1895032227 0.183231879
v -0.2734209523 0.1969325989 0.1802018695
v -0.3042968363 0.1544953957 0.1791383177
v -0.3078219518 0.1450944878 0.1797608733
v -0.3007717207 0.1638963036 0.1785157621
v -0.3097437993 0.1614320241 0.1762763411
v -0.3187158778 0.1589677446 0.1740369201
v -0.2673073672 -0.1330337264 0.1808131449
v -0.2632457502 -0.124491049 0.1817651838
v -0.2456504889 -0.1334239356 0.1801973321
v -0.2524173111 -0.1246861536 0.1814572774
v -0.2591841333 -0.1159483716 0.1827172227
v -0.2774900571 -0.1497519016 0.1776438989
v -0.273552008 -0.1404467486 0.1797494702
v -0.2814281061 -0.1590570547 0.1755383275
v -0.2729062587 -0.1573600285 0.1762723178
v -0.2643844113 -0.1556630023 0.177006308
v -0.4929222241 -0.3114219755 0.01597513771
v -0.4973725379 -0.319582358 0.0106500918
v -0.5130144879 -0.3102318197 0.005325045902
v -0.5174648017 -0.3183922023 0
v -0.5074186698 -0.3189872801 0.005325045902
v -0.5018228516 -0.3277427405 0.005325045902
v -0.5062731653 -0.335903123 0
v -0.469422102 -0.3091126308 0.03398123849
v -0.4507904351 -0.3149891868 0.04526439309
v -0.4601062685 -0.3120509088 0.03962281579
v -0.4652839452 -0.3032699302 0.04102071607
v -0.4611457884 -0.2974272296 0.04806019366
v 0.1869556643 -0.3224711418 0.1225372162
v 0.1784743406 -0.3147791848 0.1225989237
v 0.1883193068 -0.3020913601 0.1285791565
v 0.1798379831 -0.294399403 0.128640864
v 0.1791561618 -0.3045892939 0.1256198939
v 0.1699930169 -0.3070872277 0.1226606313
v 0.1615116931 -0.2993952706 0.1227223389
v 0.1851517521 -0.3434324637 0.1156809609
v 0.1942813508 -0.3491524234 0.1147996094
v 0.1829075702 -0.3649753258 0.1080103908
v 0.1931592599 -0.3599238545 0.1109643243
v 0.2034109496 -0.3548723832 0.1139182579
v -0.4377673939 0.1718106084 0.1200178731
v -0.4346605018 0.164884422 0.1245300472
v -0.440874286 0.1787367947 0.1155056991
v -0.4463347942 0.1715937853 0.1150684971
v -0.4517953023 0.1644507758 0.1146312952
v -0.4290020019 -0.08028210048 0.144694224
v -0.4395925999 -0.06319157314 0.1408772767
v -0.4342973009 -0.07173683681 0.1427857503
v -0.4378486946 -0.08065043483 0.1390299574
v -0.4466953874 -0.08101876918 0.1333656907
v -0.4028110206 0.33093106 0.0750398431
v -0.4024803564 0.3405846357 0.07010960858
v -0.3874737918 0.34331844 0.08075429313
v -0.3871431276 0.3529720157 0.07582405861
v -0.394811742 0.3467783257 0.0729668336
v -0.4021496922 0.3502382115 0.06517937407
v -0.401819028 0.3598917872 0.06024913955
v -0.3910110891 0.3167507127 0.0900803674
v -0.3968780562 0.310128741 0.08920516632
v -0.3903885409 0.3074665219 0.09517108276
v -0.4039901197 0.3220751509 0.07814853452
v -0.4033675715 0.3127909601 0.08323924989
v -0.4027450234 0.3035067692 0.08832996525
v -0.4021224752 0.2942225784 0.09342068061
v 0.1582443565 0.03077722527 0.1897543892
v 0.1534199044 0.04026986007 0.190217521
v 0.1486871615 0.03119841684 0.1887697987
v 0.3581783846 -0.09205823392 0.1743610278
v 0.3609668538 -0.1007992476 0.1717886403
v 0.3451653942 -0.1090502962 0.1754860505
v 0.3479538634 -0.11779131 0.1729136631
v 0.3544603586 -0.1092952788 0.1723511517
v 0.363755323 -0.1095402613 0.1692162529
v 0.3665437922 -0.118281275 0.1666438654
v -0.3004877716 -0.3502679616 0.1072578393
v -0.3042102456 -0.3399924934 0.1112701297
v -0.3106801063 -0.3479871601 0.105180975
v -0.3683505952 -0.3308410794 0.09090946242
v -0.3737333044 -0.3379195035 0.08455360867
v -0.3575851768 -0.3166842312 0.1036211699
v -0.362967886 -0.3237626553 0.09726531617
v -0.3734433278 -0.3220276982 0.09307893179
v -0.3785360605 -0.313214317 0.09524840117
v -0.3839187697 -0.3202927411 0.08889254741
v -0.03789584711 0.4300113097 0.1170581076
v -0.02725879615 0.4347969443 0.1150692813
v -0.02170072868 0.4200450107 0.1227384638
v -0.01916123694 0.4298137948 0.1179094594
v -0.01662174519 0.4395825788 0.113080455
v 0.2338961139 -0.3757233918 0.1065794546
v 0.2444642521 -0.3728976771 0.1067488026
v 0.2337175347 -0.3680539802 0.1097730324
v 0.2077903226 -0.3904632553 0.1007722393
v 0.1869297847 -0.3852273747 0.1012515277
v 0.1973600537 -0.387845315 0.1010118835
v 0.2025043592 -0.397325933 0.09808830544
v 0.1972183958 -0.4041886106 0.09540437162
v 0.3354886845 0.06046172511 0.1852888912
v 0.3260408044 0.06557813846 0.1865015179
v 0.3320725188 0.07999276463 0.1836589128
v 0.3243327215 0.07534365822 0.1856865287
v 0.3165929243 0.0706945518 0.1877141446
v -0.3196793273 0.3971513212 0.07830896229
v -0.3090239763 0.3991478607 0.08181896806
v -0.314723365 0.4059575126 0.07508794963
v -0.3082805499 0.3835320175 0.09177099913
v -0.297625199 0.385528557 0.09528100491
v -0.3033245876 0.3923382089 0.08854998648
v -0.2983686253 0.4011444002 0.08532897383
v -0.2877132744 0.4031409398 0.0888389796
v -0.293412663 0.4099505916 0.08210796118
v -0.2666503452 0.4223779663 0.08438498899
v -0.246778179 0.4251970425 0.08958108723
v -0.2567142621 0.4237875044 0.08698303811
v -0.2604794614 0.4313992634 0.08055396192
v -0.2543085776 0.4404205605 0.07672293484
v 0.0003152741119 0.333615154 0.1590078995
v -0.001939530368 0.3245620877 0.1621356532
v 0.002570078592 0.3426682204 0.1558801457
v -0.006913093268 0.3399176151 0.1569223851
v -0.01639626513 0.3371670097 0.1579646245
v -0.1211189255 0.2911723554 0.1720998175
v -0.1186045222 0.2829644382 0.1746900231
v -0.1261477321 0.3075881898 0.1669194065
v -0.1236333288 0.2993802726 0.169509612
v -0.1306389906 0.2907292247 0.1722175069
v -0.1401590556 0.290286094 0.1723351963
v -0.1376446523 0.2820781767 0.1749254018
v -0.1152723301 0.2579445988 0.1808214225
v -0.1227297708 0.2659891248 0.1788560823
v -0.1111470815 0.2749199122 0.1766553633
v -0.1206671465 0.2744767815 0.1767730527
v -0.1301872116 0.2740336508 0.176890742
v 0.1757896021 0.547097683 0.02047946164
v 0.1679273546 0.5423872322 0.02553626755
v 0.1545175537 0.5525084734 0.01939006476
v 0.1466553062 0.5477980226 0.02444687067
v 0.1572913304 0.5450926274 0.02499156911
v 0.160065107 0.5376767814 0.03059307346
v 0.1522028595 0.5329663306 0.03564987937
v -0.3262272775 0.2768018022 0.1405697726
v -0.3163521588 0.2804383636 0.1429533586
v -0.3240564466 0.2865265831 0.1383420937
v -0.3480005935 0.2481098101 0.1405041181
v -0.3657335266 0.2363762707 0.1359227262
v -0.3568670601 0.2422430404 0.1382134221
v -0.3488614932 0.2386459298 0.1428850666
v -0.3497223929 0.2291820496 0.1452660151
v 0.4650880024 -0.1224780846 0.1103765983
v 0.4807027951 -0.1161033567 0.1003610957
v 0.4728953987 -0.1192907207 0.105368847
v 0.4673548564 -0.112964401 0.1112382747
v 0.4696217105 -0.1034507174 0.1120999511
v 0.2001665309 -0.4538562596 0.07136475388
v 0.2056655325 -0.4610200375 0.06683323905
v 0.210192699 -0.4531650394 0.07103185263
v -0.04139619367 0.2511898428 0.1809946634
v -0.03274977114 0.2521021999 0.1807347015
v -0.03954538191 0.2595204078 0.1793655194
v -0.3060132712 -0.2191333584 0.1575500295
v -0.2986376509 -0.2269570455 0.1562087424
v -0.2958182171 -0.2170823775 0.1593774818
v -0.3116521388 -0.2388826944 0.1512125507
v -0.3042765185 -0.2467063814 0.1498712637
v -0.3014570847 -0.2368317135 0.153040003
v -0.2912620306 -0.2347807325 0.1548674554
v -0.2838864103 -0.2426044196 0.1535261683
v -0.2810669765 -0.2327297516 0.1566949077
v 0.2120567076 -0.07268364355 0.1847268119
v 0.2177151144 -0.06537058298 0.18717869
v 0.2063983008 -0.07999670412 0.1822749339
v 0.2147604935 -0.08258128259 0.1836720072
v 0.2231226861 -0.08516586106 0.1850690804
v 0.2295240983 -0.07660070714 0.1865366027
v 0.2359255105 -0.06803555321 0.1880041249
v 0.2268203124 -0.06670306809 0.1875914074
v -0.4590772092 -0.1759365611 0.1015976649
v -0.4524371102 -0.1832567491 0.1040957179
v -0.4601071775 -0.1950743832 0.0961199794
v -0.4529520944 -0.1928256601 0.1013568752
v -0.4457970113 -0.190576937 0.1065937709
v 0.3763186261 0.4453559294 0.0161657827
v 0.3777605593 0.4547447562 0.01077718846
v 0.3958822265 0.4502274916 0.005388594232
v 0.3973241597 0.4596163183 0
v 0.3875423595 0.4571805373 0.005388594232
v 0.3792024925 0.464133583 0.005388594232
v 0.3806444257 0.4735224098 0
v 0.1775075644 0.3726351932 0.1367723644
v 0.1698959991 0.3896150067 0.1310672984
v 0.1737017818 0.3811251 0.1339198314
v 0.1663351469 0.3743993491 0.1376111992
v 0.1551627293 0.376163505 0.138450034
v 0.166716326 0.1809713803 0.1917833425
v 0.1600135267 0.188463591 0.1909786686
v 0.1734191254 0.1734791696 0.1925880164
v 0.1762996353 0.182295192 0.1913633011
v 0.1791801453 0.1911112145 0.1901385859
v 0.1432618964 0.1939551383 0.1908206306
v 0.1338956971 0.1913772933 0.1912462823
v 0.1289252546 0.2075858563 0.1896644719
v 0.1267273761 0.1981926523 0.1906682029
v 0.1245294977 0.1887994483 0.191671934
v -0.3655603305 -0.4449809939 0.02164954669
v -0.3585304767 -0.4525671229 0.01910942327
v -0.355853416 -0.4471214935 0.02501761005
v -0.4454304054 0.2799899727 0.06802407838
v -0.4377700612 0.2866093442 0.07064715773
v -0.4530907497 0.2733706012 0.06540099904
v -0.4455396831 0.2713431492 0.07257820107
v -0.4379886165 0.2693156973 0.0797554031
v 0.06728377752 0.3891085014 0.1355825998
v 0.05910368543 0.3904449344 0.1352891065
v 0.06084045675 0.381811507 0.1390635595
v -0.02375709731 0.4113818854 0.1269412041
v -0.02521949261 0.4023017436 0.1310320534
v -0.04406495299 0.4040219337 0.1296663284
v -0.03537342045 0.3986217678 0.1323946156
v -0.02668188792 0.3932216018 0.1351229027
v -0.02987150848 0.3664066717 0.1466340274
v -0.03924729582 0.3628900051 0.1478417479
v -0.03091447894 0.3575887159 0.1501182951
v 0.1450868286 0.2655658498 0.1784799211
v 0.1547445245 0.2676630765 0.1773206592
v 0.1479580179 0.2761769965 0.1758242287
v 0.1528388821 0.1961486712 0.1901204288
v 0.1456705611 0.2029640302 0.1895423494
v 0.1576562114 0.214166455 0.1875638664
v 0.1480792258 0.2119729221 0.1882640682
v 0.1385022402 0.2097793892 0.1889642701
v -0.2802264467 0.3409568891 0.125739323
v -0.2717197724 0.3349570781 0.1308025159
v -0.2849579975 0.323155947 0.1330989357
v -0.2764513232 0.317156136 0.1381621286
v -0.2740855478 0.3260566071 0.1344823223
v -0.263213098 0.3289572671 0.1358657088
v -0.2547064237 0.3229574561 0.1409289017
v 0.2562637478 -0.2848250046 0.1428730711
v 0.2621621042 -0.2790133432 0.1448779553
v 0.2539683282 -0.2752434462 0.1456631944
v 0.246663712 -0.3141346797 0.1324699614
v 0.2387642041 -0.3189954609 0.1306837853
v 0.2485661209 -0.3231903538 0.1286480352
v -0.1477071047 0.3214541897 0.1616184749
v -0.1408666559 0.3299118504 0.1586014591
v -0.1503883339 0.3316501677 0.1577371135
v -0.1286637485 0.3179775551 0.163347166
v -0.1218232997 0.3264352158 0.1603301503
v -0.1313449778 0.3281735331 0.1594658047
v -0.134026207 0.3383695111 0.1555844434
v -0.1271857582 0.3468271717 0.1525674276
v -0.1367074363 0.3485654891 0.151703082
v 0.4075129628 -0.07225647848 0.1576570757
v 0.4020958617 -0.06321921479 0.1597946882
v 0.4138672948 -0.05051308218 0.1554602943
v 0.4052730277 -0.05234751664 0.1586962976
v 0.3966787606 -0.0541819511 0.1619323008
v 0.4277332872 -0.02711850055 0.1477721483
v 0.4195914194 -0.02937724092 0.1524709687
v 0.4440170228 -0.02260101982 0.1383745074
v 0.435875155 -0.02485976019 0.1430733278
v 0.4302802458 -0.01685435744 0.1458812132
v 0.4328272045 -0.006590214325 0.1439902782
v 0.4246853366 -0.008848954691 0.1486890987
v 0.2615099624 -0.5371803194 0.006230712868
v 0.2522598468 -0.5331815481 0.01052413834
v 0.2575718388 -0.5160115212 0.0186921386
v 0.2483217232 -0.5120127499 0.02298556408
v 0.250290785 -0.522597149 0.01675485121
v 0.2430097312 -0.5291827768 0.01481756382
v 0.2337596156 -0.5251840055 0.01911098929
v 0.06392244156 -0.5456481278 0.02751326445
v 0.07368977927 -0.5517490357 0.02400966431
v 0.07219390105 -0.5423301607 0.02841473185
v 0.06691419799 -0.5644858778 0.01870312938
v 0.07668153569 -0.5705867857 0.01519952924
v 0.07518565748 -0.5611679107 0.01960459678
v 0.08345711697 -0.5578499436 0.02050606417
v 0.09322445467 -0.5639508516 0.01700246404
v 0.09172857646 -0.5545319766 0.02140753157
v -0.1872719638 0.1298577767 0.1964683272
v -0.1773165688 0.1309356596 0.1960611008
v -0.1833602153 0.1393787228 0.1958074123
v -0.2236433439 -0.0358983489 0.1921834536
v -0.2329821475 -0.03212336882 0.1926438548
v -0.2274462022 -0.01573233667 0.1939531825
v -0.2348835766 -0.0220403627 0.1935287192
v -0.2423209511 -0.02834838873 0.1931042559
v -0.4061426595 -0.2395317852 0.1178422179
v -0.4097938314 -0.2315991931 0.1182218548
v -0.4158457071 -0.2362757511 0.1133134477
v -0.3815982714 -0.2100716345 0.1369991936
v -0.3896078914 -0.2103442959 0.1334326975
v -0.394085519 -0.1944161095 0.1354458146
v -0.3958515152 -0.2025165334 0.132656008
v -0.3976175115 -0.2106169574 0.1298662014
v 0.02363663656 0.2893431038 0.172611855
v 0.02091284399 0.2801759392 0.1746480428
v 0.004258014029 0.284659043 0.1740387455
v 0.01122353273 0.2778339088 0.175361488
v 0.01818905142 0.2710087746 0.1766842306
v 0.2782885656 -0.3314663246 0.121637933
v 0.2886116654 -0.3333566338 0.1186413895
v 0.2859835848 -0.3246014193 0.1234820504
v 0.3556366339 0.1604328677 0.1619060859
v 0.3603692725 0.178531982 0.1546586528
v 0.3580029532 0.1694824249 0.1582823694
v 0.3475910723 0.1683213934 0.1627481654
v 0.3395455107 0.1762099192 0.1635902449
v 0.5005951226 -0.2002338991 0.06203976553
v 0.5020749569 -0.190363314 0.06334650796
v 0.4991152883 -0.2101044841 0.0607330231
v 0.5054148138 -0.2056066133 0.05625031702
v 0.5117143393 -0.2011087425 0.05176761094
v 0.264427606 -0.4275652394 0.07719470561
v 0.26953822 -0.4194413349 0.08112714067
v 0.259798184 -0.4199225456 0.08285165951
v -0.1825858802 0.2014929503 0.1886511669
v -0.1742052399 0.1933643557 0.1907190122
v -0.1909665205 0.2096215449 0.1865833215
v -0.1941191517 0.2003609724 0.1881034039
v -0.1972717829 0.1911003999 0.1896234863
v 0.3831773028 -0.1191171668 0.1597885415
v 0.3903015628 -0.1102676466 0.1586001664
v 0.3978543952 -0.1202989854 0.1523476914
v 0.4049786553 -0.1114494652 0.1511593163
v 0.3976401091 -0.1108585559 0.1548797414
v 0.3974258229 -0.1014181264 0.1574117914
v 0.404550083 -0.09256860614 0.1562234163
v -0.3978626132 -0.3390789777 0.06875032
v -0.3932146654 -0.3328168988 0.07546439581
v -0.4029553458 -0.3302655965 0.07091978937
v -0.3783812523 -0.3441815823 0.07783953287
v -0.3834739849 -0.3353682011 0.08000900224
v -0.3885667175 -0.3265548199 0.08217847161
v -0.3936594501 -0.3177414387 0.08434794098
v -0.1669550687 0.5419127047 0.02596913697
v -0.1587755717 0.5361021906 0.03197849728
v -0.1721227616 0.5289733112 0.0358845978
v -0.1613594182 0.5296324939 0.0369362277
v -0.1505960748 0.5302916765 0.03798785759
v 0.4286756068 -0.4200031683 0.0052298964
v 0.4380583614 -0.4210465401 0
v 0.4192928523 -0.4189597964 0.0104597928
v 0.4217239618 -0.4270044938 0.0052298964
v 0.4241550714 -0.4350491911 0
v -0.456103228 -0.3548701182 0.01731607853
v -0.4470398799 -0.3582383841 0.0221952612
v -0.4519561082 -0.3502036408 0.02288538264
v -0.4462707713 -0.3709396049 0.01593583566
v -0.4372074232 -0.3743078709 0.02081501833
v -0.4421236515 -0.3662731275 0.02150513977
v -0.4379765317 -0.3616066501 0.02707444387
v -0.4289131835 -0.364974916 0.03195362655
v -0.4338294119 -0.3569401726 0.03264374798
v 0.4965563864 -0.3063957244 0.01602301467
v 0.4865939617 -0.3070671484 0.02111466834
v 0.506518811 -0.3057243004 0.010931361
v 0.5021015257 -0.2975167409 0.01677106833
v 0.4976842403 -0.2893091813 0.02261077566
v -0.2989481911 0.51897531 0.005418640561
v -0.3082315773 0.5234890878 0
v -0.2896648049 0.5144615322 0.01083728112
v -0.2886392251 0.5247779116 0.005418640561
v -0.2876136452 0.535094291 0
v 0.4606512263 0.2782475501 0.05669288989
v 0.4692814648 0.2757745981 0.05106893461
v 0.4637009129 0.285075292 0.0505673904
v -0.2098274268 0.05520617031 0.1970648244
v -0.2158511057 0.06269794982 0.1971045136
v -0.2205170728 0.052284698 0.1969754174
v -0.1872284189 0.04276780272 0.1952702217
v -0.1771719605 0.04459489184 0.1939857304
v -0.1754570529 0.02703168197 0.1915815808
v -0.1712862775 0.03672683146 0.19214141
v -0.1671155021 0.04642198095 0.1927012391
v -0.3537748232 -0.08554797806 0.1754309349
v -0.3585781306 -0.07525158674 0.1750078499
v -0.3630978838 -0.08449461125 0.1731908359
v -0.1348345764 0.1540213451 0.1936215051
v -0.1273782086 0.1474529505 0.1932833605
v -0.1271047872 0.1578246877 0.1934476793
v 0.2437186986 0.07904354576 0.196058277
v 0.2232944891 0.08213134203 0.1972307675
v 0.2335065939 0.0805874439 0.1966445222
v 0.2375619523 0.07095446996 0.1965541281
v 0.231405206 0.06286539417 0.1970499791
v 0.2170489654 0.07334305067 0.1972334608
v 0.204557918 0.05576646794 0.1972388476
v 0.2108034417 0.0645547593 0.1972361542
v 0.2211043239 0.06371007673 0.1971430667
v 0.2251596823 0.0540771028 0.1970526725
v -0.1178138778 -0.4950631782 0.04969756585
v -0.1211446077 -0.4860754684 0.05412935652
v -0.1022268608 -0.4818088785 0.05456075165
v -0.1133510992 -0.4794483185 0.05656094942
v -0.1244753376 -0.4770877585 0.05856114719
v -0.1422794126 -0.4567630291 0.06898165308
v -0.1514574848 -0.453842923 0.07100827619
v -0.1481083781 -0.4628193825 0.06701975875
v -0.1489776261 -0.4388101101 0.07695868798
v -0.1581556983 -0.435890004 0.07898531109
v -0.1548065916 -0.4448664635 0.07499679364
v -0.160635557 -0.450922817 0.07303489931
v -0.1698136292 -0.4480027109 0.07506152242
v -0.1664645225 -0.4569791704 0.07107300498
v 0.1296953969 0.1374861412 0.1938529611
v 0.1409144122 0.135109745 0.1946593709
v 0.1371281091 0.1425742768 0.194270473
v 0.1056036707 0.1085594837 0.191910442
v 0.09525747783 0.1098960862 0.1916079335
v 0.1159498636 0.1072228812 0.1922129504
v 0.1108657345 0.1168522555 0.1922508106
v 0.1057816055 0.1264816299 0.1922886707
v 0.3592398912 0.2612129077 0.1315460354
v 0.3500193581 0.2613070086 0.1356512271
v 0.3486665338 0.2799580172 0.1304967254
v 0.3394460008 0.280052118 0.1346019171
v 0.3447326794 0.2706795633 0.1351265721
v 0.340798825 0.2614011094 0.1397564188
v 0.331578292 0.2614952102 0.1438616104
v -0.1912103295 -0.394715406 0.0989788454
v -0.1841254756 -0.4125473574 0.09169689752
v -0.1876679026 -0.4036313817 0.09533787146
v -0.1817123927 -0.3967071474 0.09676995687
v -0.1722144559 -0.3986988887 0.09456106834
v -0.2175851576 -0.3723945916 0.1091477219
v -0.2144604214 -0.3814126849 0.105501093
v -0.2207098939 -0.3633764982 0.1127943508
v -0.2277948856 -0.3699995875 0.109820107
v -0.2348798774 -0.3766226768 0.1068458632
v -0.4521934241 -0.0722082071 0.1317909323
v -0.4557448179 -0.08112180512 0.1280351393
v -0.4486420304 -0.06329460908 0.1355467252
v -0.4576914608 -0.06339764502 0.1302161738
v -0.4667408913 -0.06350068096 0.1248856224
v -0.4592191279 -0.09078959934 0.1228243224
v -0.4607641548 -0.100014573 0.1193362474
v -0.451791808 -0.09915734082 0.1261218227
v -0.4771638215 -0.09250406362 0.1092531718
v -0.4697365016 -0.1008718051 0.1125506721
v -0.4623091817 -0.1092395466 0.1158481725
v -0.4548818618 -0.1176072881 0.1191456728
v -0.152951695 -0.04109049146 0.1786025204
v -0.1611883938 -0.033754376 0.1811960638
v -0.1484772488 -0.02106326981 0.1813357584
v -0.1589511707 -0.02374076517 0.1825626828
v -0.1694250926 -0.02641826053 0.1837896071
v 0.1656687483 -0.008141242899 0.1858288981
v 0.1772912443 -0.007796460763 0.1878010221
v 0.1718619987 0.001641898416 0.1879685894
v -0.4481044337 -0.3444373384 0.02935045585
v -0.4390410855 -0.3478056043 0.03422963852
v -0.4442527592 -0.3386710361 0.03581552906
v 0.3860366791 -0.2954250351 0.1014174446
v 0.3948768377 -0.2948836461 0.09720836952
v 0.3771965206 -0.295966424 0.1056265198
v 0.3786637336 -0.3034932762 0.1008577906
v 0.3801309466 -0.3110201284 0.09608906135
v 0.4270104989 -0.2752340585 0.08805473894
v 0.4318752959 -0.282443963 0.08031350933
v 0.4221457019 -0.268024154 0.09579596855
v 0.4171353281 -0.2766912058 0.09387291037
v 0.4121249542 -0.2853582576 0.09194985218
v -0.2751543671 0.09399948642 0.1923190393
v -0.2781596854 0.08605147339 0.1925425716
v -0.2695062831 0.0856993515 0.193700932
v -0.3740252331 0.1817827597 0.1481924169
v -0.3793204352 0.1731725894 0.1483356617
v -0.3710231483 0.1723452322 0.1522104964
v 0.329455018 -0.3738636822 0.08509965241
v 0.3396549746 -0.3761902973 0.07943936437
v 0.3371807113 -0.366428785 0.08589470387
v -0.2225457206 0.2407875285 0.1762369871
v -0.2200407758 0.2499024831 0.1738022342
v -0.2250506654 0.2316725738 0.17867174
v -0.2145969719 0.2331569381 0.1793013737
v -0.2041432783 0.2346413024 0.1799310073
v -0.3659193069 0.4849491119 0
v -0.3653531447 0.4748525694 0.005246469285
v -0.3563281521 0.4819337502 0.005246469285
v -0.383969292 0.4707867503 0
v -0.3743781373 0.4677713886 0.005246469285
v -0.3647869825 0.4647560269 0.01049293857
v -0.3551958278 0.4617406651 0.01573940786
v -0.1452403814 0.4591681585 0.0921807196
v -0.1353730969 0.4568434209 0.09444304928
v -0.138398841 0.4423779324 0.103252979
v -0.1285315566 0.4400531948 0.1055153087
v -0.1319523267 0.4484483078 0.09997917898
v -0.1255058125 0.4545186833 0.09670537896
v -0.115638528 0.4521939456 0.09896770865
v -0.574048683 -0.0005637872964 0.03310890263
v -0.5750182867 0.009328143671 0.03038078966
v -0.5632840544 0.01798659377 0.04028340103
v -0.5696359724 0.0186033342 0.03396803886
v -0.5759878904 0.01922007464 0.02765267668
v -0.5368608385 -0.01645816793 0.06995835528
v -0.530201897 -0.03456885321 0.07644951344
v -0.5335313678 -0.02551351057 0.07320393436
v -0.5293408483 -0.01751151204 0.07679410838
v -0.5218208581 -0.01856485615 0.08362986147
v -0.4895053953 0.2701462992 0.03780916799
v -0.4887033552 0.280682236 0.03279949073
v -0.4911094755 0.2490744255 0.04782852251
v -0.4903074354 0.2596103624 0.04281884525
v -0.4827049971 0.2661784478 0.04540957697
v -0.4759045988 0.2622105964 0.05300998595
v -0.4751025587 0.2727465332 0.04800030869
v 0.413733609 0.3834074587 0.03693449683
v 0.4093610495 0.3757014051 0.0446147155
v 0.4190886989 0.3745607957 0.03840681538
v 0.3942783102 0.3856886774 0.04935029708
v 0.3996334001 0.3768420145 0.05082261562
v 0.40498849 0.3679953516 0.05229493417
v 0.4103435799 0.3591486886 0.05376725271
v -0.2553937584 0.5066635087 0.02888495289
v -0.2461266033 0.5119086504 0.02947516041
v -0.2646609135 0.501418367 0.02829474537
v -0.2571819834 0.4979602173 0.03432472097
v -0.2497030534 0.4945020676 0.04035469657
v 0.03483435325 0.5519419909 0.0372412838
v 0.0320095052 0.5593518913 0.03206436988
v 0.02450067783 0.553219527 0.03765255865
v 0.049852008 0.5642067194 0.02606490627
v 0.04702715995 0.5716166198 0.02088799234
v 0.03951833257 0.5654842556 0.02647618111
v 0.02918465715 0.5667617917 0.02688745596
v 0.0263598091 0.5741716921 0.02171054203
v 0.01885098172 0.5680393279 0.0272987308
v -0.3358415216 0.3988618106 0.07036055997
v -0.3397676423 0.3891668692 0.07542192191
v -0.3293048367 0.3942660317 0.0766393058
v -0.3567671329 0.3886634856 0.06792579219
v -0.3502304479 0.3840677068 0.07420453802
v -0.343693763 0.3794719279 0.08048328385
v -0.3371570781 0.374876149 0.08676202968
v -0.3893460184 0.3855872154 0.05191142391
v -0.3986752182 0.3684048355 0.05602336209
v -0.3940106183 0.3769960254 0.053967393
v -0.3835288584 0.382049188 0.05752907507
v -0.3777116984 0.3785111606 0.06314672623
v 0.221702978 0.5145900697 0.03729344159
v 0.2047078982 0.5068166107 0.0474911863
v 0.2132054381 0.5107033402 0.04239231395
v 0.2225415297 0.5053970814 0.04353101691
v 0.2233800814 0.4962040931 0.04976859223
v 0.5282381177 0.1487972699 0.05167929176
v 0.5241990387 0.1412165482 0.05731413513
v 0.5146972537 0.155753959 0.06460547727
v 0.5106581748 0.1481732372 0.07024032064
v 0.5174286067 0.1446948927 0.06377722789
v 0.5201599598 0.1336358264 0.06294897851
v 0.5161208808 0.1260551047 0.06858382188
v 0.5516389906 0.1114729457 0.03442675481
v 0.548317194 0.1217326298 0.03591496544
v 0.5583254993 0.1258584596 0.02475355146
v 0.5550037026 0.1361181438 0.0262417621
v 0.5516604483 0.1289253868 0.03107836377
v 0.5449953973 0.131992314 0.03740317607
v 0.5416736007 0.1422519982 0.03889138671
v 0.4927624762 0.0720729176 0.09681656212
v 0.4869943932 0.07684973255 0.1007759217
v 0.4875444248 0.06735592522 0.1014654804
v 0.4916624129 0.09106053226 0.09543744475
v 0.4858943298 0.09583734721 0.09939680435
v 0.4864443615 0.08634353988 0.100086363
v 0.4812263101 0.0816265475 0.1047352813
v 0.4754582271 0.08640336245 0.1086946409
v 0.4760082588 0.07690955512 0.1093841996
v 0.4434170201 0.122548528 0.1280480251
v 0.4370839745 0.1306360848 0.1313771307
v 0.4345037118 0.1216280349 0.1341238543
v -0.09187541902 0.5621920228 0.02143502049
v -0.08232457843 0.5614270866 0.02346428577
v -0.08286490198 0.5677776039 0.0184438033
v -0.09079477191 0.5494909883 0.03147598542
v -0.08124393132 0.548726052 0.0335052507
v -0.08178425487 0.5550765693 0.02848476823
v -0.07277373783 0.5606621504 0.02549355105
v -0.06322289724 0.5598972142 0.02752281632
v -0.06376322079 0.5662477314 0.02250233386
v -0.04426331329 0.5622934103 0.02823824249
v -0.03524238407 0.5657936931 0.02681056969
v -0.04519145098 0.568983078 0.02310392633
v -0.02436517947 0.5559146404 0.03565152921
v -0.01534425025 0.5594149232 0.0342238564
v -0.02529331716 0.5626043081 0.03051721305
v -0.02622145484 0.5692939758 0.02538289689
v -0.01720052562 0.5727942586 0.02395522408
v -0.02714959253 0.5759836435 0.02024858072
v 0.5661030263 -0.03166740248 0.03853160329
v 0.554464981 -0.02034225082 0.05251887534
v 0.5602840036 -0.02600482665 0.04552523931
v 0.5596213043 -0.0363516449 0.0447556735
v 0.5531395823 -0.04103588732 0.05097974371
v 0.5439322144 -0.06605627947 0.0555139035
v 0.5370900482 -0.07053422555 0.06153107062
v 0.542229712 -0.07625190727 0.05480046198
v -0.4080885947 -0.3214483932 0.07275351323
v -0.398792699 -0.3089242354 0.08618166484
v -0.4034406468 -0.3151863143 0.07946758904
v -0.4132218435 -0.3126311898 0.07458723709
v -0.4183550924 -0.3038139865 0.07642096095
v -0.4382134229 0.02815671684 0.1388516575
v -0.4466336742 0.02872416936 0.1338059492
v -0.4457620233 0.04720831802 0.1332771629
v -0.4504079744 0.03824996995 0.1310187019
v -0.4550539255 0.02929162188 0.128760241
v -0.4881963879 0.01331852307 0.1068775896
v -0.491428189 0.02301777573 0.1034094654
v -0.4817327857 -0.006079982268 0.113813838
v -0.4849645868 0.003619270399 0.1103457138
v -0.4804270342 0.01261283993 0.112893125
v -0.4726576805 0.01190715679 0.1189086605
v -0.4758894816 0.02160640946 0.1154405363
v -0.3993761912 0.1181189027 0.1541970558
v -0.3951748386 0.1085522138 0.1577747837
v -0.3904500753 0.117498612 0.158266563
v 0.564795807 -0.2237473279 0
v 0.5604245514 -0.2155441791 0.005743296351
v 0.5563279092 -0.2264962345 0.005743296351
v 0.5729890913 -0.201843217 0
v 0.5645211935 -0.2045921236 0.005743296351
v 0.5560532957 -0.2073410302 0.0114865927
v 0.547585398 -0.2100899369 0.01722988905
v -0.1539670452 0.3687359318 0.1416693404
v -0.162990123 0.355423145 0.1470472813
v -0.1584785841 0.3620795384 0.1443583108
v -0.147437539 0.3626128733 0.1449045725
v -0.1409080327 0.3564898148 0.1481398046
v 0.3400699347 -0.3393266648 0.09963466413
v 0.3298526108 -0.3380191103 0.1040494367
v 0.3353455216 -0.3195152432 0.1126138028
v 0.3274904042 -0.3281133994 0.1105390061
v 0.3196352869 -0.3367115557 0.1084642094
v 0.3448175862 -0.2938579544 0.1223640107
v 0.3617705032 -0.2835436687 0.1201144867
v 0.3532940447 -0.2887008116 0.1212392487
v 0.348175399 -0.2832635194 0.1267494112
v 0.3515332118 -0.2726690844 0.1311348118
v 0.1142848749 0.289132759 0.1728708111
v 0.1245745197 0.2938539758 0.1717445441
v 0.1153959837 0.2971271053 0.1706907153
v -0.192450434 0.0253113634 0.1943394952
v -0.1839537434 0.02617152268 0.192960538
v -0.1898394264 0.03403958306 0.1948048584
v 0.2829003036 0.4869958982 0.03009282192
v 0.2740209103 0.4947464615 0.02866022335
v 0.2917796969 0.4792453349 0.03152542049
v 0.2915307283 0.4871172681 0.02583182417
v 0.2912817597 0.4949892014 0.02013822785
v -0.356040746 0.2987623587 0.1184415706
v -0.3458875865 0.3035952374 0.1221654005
v -0.3520321101 0.3096837699 0.1165514812
v -0.5344548225 0.1535400636 0.04418325797
v -0.5380900651 0.144178573 0.04218743369
v -0.5271843374 0.1722630449 0.04817490652
v -0.53081958 0.1629015543 0.04617908224
v -0.5376114398 0.1622598395 0.039135281
v -0.5407680571 0.1709796153 0.03408730403
v -0.5444032997 0.1616181247 0.03209147975
v -0.5355333537 0.1168747265 0.05008443445
v -0.5390697718 0.1075482871 0.04818982538
v -0.5325968415 0.1076170951 0.05482806731
v -0.5097427517 -0.2042895332 0.05286811944
v -0.5110080689 -0.1930657178 0.05445144419
v -0.5084774345 -0.2155133486 0.0512847947
v -0.5026081204 -0.2113146707 0.05734505132
v -0.4967388064 -0.2071159929 0.06340530794
v -0.55188182 -0.1963241734 0.01751912897
v -0.5543590635 -0.1867315695 0.01736465329
v -0.5604022592 -0.1934132762 0.01162792742
v -0.3003513291 -0.04116844479 0.1887259409
v -0.3060002252 -0.04988060147 0.1869904883
v -0.2966288626 -0.05104229879 0.1883872189
v -0.293698281 -0.004907820141 0.1923269667
v -0.2788068056 0.01022289763 0.1953273676
v -0.2862525433 0.002657538746 0.1938271672
v -0.2964174002 0.005201434949 0.1923536174
v -0.2991365194 0.01531069004 0.1923802681
v 0.1008390952 0.4989405423 0.06953213271
v 0.0940986909 0.4942807555 0.07394425292
v 0.1075794995 0.5036003292 0.0651200125
v 0.09745403938 0.5053047687 0.06501066312
v 0.08732857928 0.5070092082 0.06490131374
v 0.1415375471 0.5083966702 0.05706867762
v 0.1604562774 0.5025812536 0.05935447849
v 0.1509969123 0.5054889619 0.05821157806
v 0.1491703652 0.5131453723 0.05217721313
v 0.1568031833 0.5178940743 0.04728574865
v -0.5908509791 -0.05420785397 0.01100659464
v -0.5833483338 -0.05847507436 0.01650989195
v -0.6058562696 -0.0456734132 0
v -0.5983536243 -0.04994063359 0.005503297318
v -0.5974032581 -0.06021586154 0.005503297318
v -0.6039555371 -0.0662238691 0
v -0.5964528918 -0.07049108949 0.005503297318
v -0.3179060593 0.380646728 0.09010134265
v -0.323605448 0.3874563798 0.08337032422
v -0.3275315687 0.3777614385 0.08843168616
v -0.2880765647 0.3876100034 0.09735927731
v -0.2785279304 0.3896914497 0.09943754971
v -0.2831206024 0.3964161947 0.09413826466
v -0.02159209712 0.4826103672 0.08784664609
v -0.01884288434 0.4743319601 0.09300884232
v -0.03589218413 0.4733298495 0.0923122596
v -0.02599292784 0.4696917012 0.09524164908
v -0.01609367155 0.4660535529 0.09817103855
v 0.4678131789 0.2300758064 0.07621689513
v 0.4732083231 0.2208512388 0.07682363689
v 0.4612546712 0.2163661122 0.08775242791
v 0.4666498154 0.2071415447 0.08835916966
v 0.4699290693 0.2139963917 0.08259140328
v 0.4786034673 0.2116266713 0.07743037865
v 0.4839986116 0.2024021037 0.0780371204
v 0.5117728859 0.1663391255 0.06561008282
v 0.5079594329 0.1765391454 0.06606196426
v 0.5194650143 0.1805527695 0.05469310842
v 0.5118054971 0.1836459674 0.06060347706
v 0.5041459799 0.1867391653 0.0665138457
v 0.459285602 -0.05566827301 0.1296920888
v 0.4533804879 -0.04809353314 0.1333375666
v 0.4512439296 -0.05800590385 0.1347539891
v 0.07950165495 0.4188392907 0.1206968557
v 0.08350681141 0.410466142 0.1246717758
v 0.0891115889 0.4174900725 0.1209233385
v -0.3049792275 -0.3027862012 0.1296982914
v -0.3015571907 -0.2925659716 0.1355215739
v -0.3119176328 -0.2940702736 0.1322017256
v 0.4134506658 -0.3254291192 0.06645575631
v 0.4221042395 -0.3253540918 0.06016078033
v 0.4177516922 -0.3414378688 0.05369934347
v 0.4242547527 -0.3333584666 0.0537825739
v 0.4307578132 -0.3252790645 0.05386580434
v 0.4028896689 -0.3815087005 0.03986443439
v 0.409476757 -0.3733102381 0.04015813349
v 0.4215613008 -0.3800539151 0.02730062185
v 0.4281483889 -0.3718554527 0.02759432094
v 0.418812573 -0.3725828454 0.03387622721
v 0.4160638452 -0.3651117757 0.04045183258
v 0.4226509333 -0.3569133133 0.04074553167
v -0.4452359676 0.313992843 0.04991012812
v -0.4514300823 0.3065619543 0.04891237151
v -0.4447756112 0.3052703217 0.05497184489
v -0.4409302771 0.3377588615 0.04059344251
v -0.4495499879 0.3364113867 0.03436966054
v -0.4437864125 0.3529840782 0.03008799162
v -0.4509780556 0.3440239951 0.0291169351
v -0.4581696987 0.335063912 0.02814587858
v -0.4702152014 -0.07316847518 0.1196748056
v -0.4736895114 -0.0828362694 0.1144639887
v -0.4647171646 -0.08197903726 0.121249564
v -0.5314179957 -0.06799481623 0.06798962038
v -0.5279404968 -0.07738001831 0.06865342055
v -0.5383729935 -0.04922441207 0.06666202005
v -0.5348954946 -0.05860961415 0.06732582022
v -0.5388760716 -0.06526317447 0.06112850085
v -0.5463341475 -0.06253153272 0.05426738132
v -0.5428566486 -0.0719167348 0.05493118148
v 0.5409487933 0.06234789174 0.05444037728
v 0.5468350351 0.06087321881 0.04884712119
v 0.5430058092 0.07106349431 0.05086192396
v 0.5486072451 0.04196734075 0.05041077174
v 0.5544934869 0.04049266782 0.04481751565
v 0.550664261 0.05068294331 0.04683231842
v 0.5527212769 0.05939854588 0.04325386509
v 0.5586075187 0.05792387296 0.037660609
v 0.5547782928 0.06811414845 0.03967541177
v 0.4887922332 0.01269954443 0.106289003
v 0.481171079 0.00808443944 0.1124050636
v 0.4900676608 0.003793233307 0.1062855367
v 0.4734821543 0.05131272878 0.1140670069
v 0.4743241891 0.05984500423 0.1125060711
v 0.48670239 0.05882364977 0.1030264162
v 0.480934307 0.06360046472 0.1069857758
v 0.4751662239 0.06837727968 0.1109451354
v 0.2920793667 0.2956439853 0.1438120976
v 0.2868153155 0.303240329 0.1417581327
v 0.2825674936 0.2960153222 0.1459778436
v -0.3594590947 -0.2441219799 0.1380297542
v -0.3691160604 -0.2435863726 0.1339989975
v -0.37005613 -0.226640258 0.1378605068
v -0.3744145781 -0.2348455116 0.1339143738
v -0.3787730262 -0.2430507652 0.1299682409
v -0.0189424908 0.3283793554 0.1607461274
v -0.02148871648 0.319591701 0.1635276303
v -0.01171412342 0.3220768943 0.1628316417
v -0.1600755714 0.4254807383 0.1120313928
v -0.1453128792 0.4363151193 0.1064735726
v -0.1526942253 0.4308979288 0.1092524827
v -0.1630290337 0.4332302287 0.1069369465
v -0.165982496 0.4409797192 0.1018425003
v -0.3645813763 -0.02739531803 0.1741134599
v -0.3540896475 -0.04517119448 0.1780480891
v -0.3593355119 -0.03628325625 0.1760807745
v -0.3545634747 -0.02574227983 0.1777270846
v -0.344545573 -0.02408924163 0.1813407093
v -0.38983199 0.3256066218 0.08697167598
v -0.3886528909 0.3344625309 0.08386298455
v -0.3963215053 0.3282688409 0.08100575954
v -0.3868087828 0.2996964157 0.1003114693
v -0.3985427171 0.2864524722 0.09856106713
v -0.39267575 0.2930744439 0.09943626821
v -0.3832290247 0.2919263095 0.1054518558
v -0.3796492666 0.2841562033 0.1105922423
v 0.5167604983 -0.1834412031 0.05141437333
v 0.5094177276 -0.1869022585 0.05738044064
v 0.5142374188 -0.1922749728 0.05159099214
v -0.244121246 0.4400724694 0.08128549717
v -0.2478864454 0.4476842284 0.07485642098
v -0.2403560467 0.4324607104 0.08771457337
v -0.2339339145 0.4397243783 0.08584805951
v -0.2275117822 0.4469880462 0.08398154564
v -0.220833756 -0.1062524561 0.1809436977
v -0.2256703079 -0.1284452472 0.1784807891
v -0.223252032 -0.1173488516 0.1797122434
v -0.2141002901 -0.1121750586 0.1783036068
v -0.2073668242 -0.1180976611 0.1756635159
v 0.5109674335 0.2799519971 0.01734613068
v 0.5167192891 0.2706899717 0.01769457478
v 0.5215402469 0.2785146981 0.01168023515
v 0.5618117452 -0.1002199352 0.02736263489
v 0.5636869073 -0.0896037519 0.02768247714
v 0.5570551753 -0.09399630129 0.03413384128
v -0.02587667876 0.2106922194 0.1877864599
v -0.02080941736 0.2200939581 0.1861768737
v -0.002476469381 0.216097869 0.1867948472
v -0.009109312668 0.2227967829 0.1856810674
v -0.01574215596 0.2294956967 0.1845672876
v -0.004844625211 0.2070288844 0.1873812042
v 0.006855479478 0.2097317092 0.1868853979
v -0.0165447299 0.2043260597 0.1878770106
v -0.007212781042 0.1979598999 0.1879675612
v 0.002119167817 0.1915937401 0.1880581118
v 0.4216548502 0.08431394212 0.1454859227
v 0.4299756289 0.08561504818 0.1403896473
v 0.4248802066 0.09387616068 0.1429406591
v 0.407822676 0.06370276865 0.154899314
v 0.4141341373 0.05530696362 0.1515862718
v 0.4032505974 0.04420707095 0.1584430188
v 0.411848098 0.04555911478 0.1533581242
v 0.4204455987 0.0469111586 0.1482732296
v 0.1478180774 0.3513383344 0.1494045407
v 0.142731376 0.3426329717 0.1531707421
v 0.1529267617 0.3419442773 0.1529014781
v -0.3854793757 -0.1927638948 0.1397684254
v -0.3917229995 -0.1849361323 0.1389917359
v -0.3792357519 -0.2005916573 0.1405451149
v -0.3768732324 -0.1911116801 0.1440910362
v -0.3745107129 -0.1816317029 0.1476369575
v 0.4347949177 0.285541743 0.0733851064
v 0.4292322621 0.2950781137 0.07275068015
v 0.4261811897 0.2876543552 0.07896229438
v 0.4513576627 0.2574843206 0.07491402887
v 0.4450698197 0.2431484945 0.08685400523
v 0.4482137412 0.2503164075 0.08088401705
v 0.4568879455 0.2482437938 0.07541572489
v 0.4624182284 0.2390032671 0.07591742091
v 0.3641805872 0.1078634337 0.1701167151
v 0.3655127138 0.1168114934 0.16812554
v 0.3573194966 0.1166506056 0.1706612483
v 0.3805670217 0.1081852093 0.1650452986
v 0.373705931 0.1169723812 0.1655898318
v 0.3668448403 0.1257595532 0.1661343649
v 0.3599837497 0.1345467251 0.166678898
v -0.5361363739 -0.09929518774 0.05494995136
v -0.5383764654 -0.09016903676 0.05494369473
v -0.5257004052 -0.08650616929 0.06865967717
v -0.5331584811 -0.08377452753 0.06179855764
v -0.540616557 -0.08104288578 0.05493743811
v -0.5158838928 -0.1329064518 0.0656284932
v -0.5261680186 -0.146463573 0.05215296336
v -0.5210259557 -0.1396850124 0.05889072828
v -0.5147831738 -0.1418660507 0.06434241682
v -0.5136824548 -0.1508256495 0.06305634044
v 0.2149170563 -0.1901436374 0.1633121856
v 0.2208131924 -0.1974675208 0.1632944718
v 0.2090209201 -0.1828197539 0.1633298993
v 0.207710728 -0.193692185 0.1606374942
v 0.206400536 -0.2045646161 0.157945089
v 0.1909631304 -0.222668048 0.1495693401
v 0.1823663861 -0.2265307605 0.1464688554
v 0.1913287975 -0.2333602197 0.146968767
v 0.2153964825 -0.2096156105 0.1587952115
v 0.2333883755 -0.2197175995 0.1604954563
v 0.224392429 -0.214666605 0.1596453339
v 0.2226028107 -0.2060670629 0.1614699028
v 0.2298091389 -0.2025185153 0.1641445942
v -0.4483865276 0.1557121463 0.1188307591
v -0.4415689781 0.1382348873 0.1272296868
v -0.4449777529 0.1469735168 0.123030223
v -0.4398191273 0.1559289694 0.1237801351
v -0.431251727 0.1561457925 0.1287295111
v -0.4787671715 0.1133381855 0.1029855944
v -0.4745829776 0.1219830699 0.1052480601
v -0.4829513654 0.104693301 0.1007231288
v -0.475208424 0.1040868331 0.1068763435
v -0.4674654827 0.1034803651 0.1130295582
v 0.2084130086 0.4410683662 0.09453311376
v 0.2168131955 0.4430599287 0.09011570364
v 0.2235468142 0.4277599901 0.09684614278
v 0.2243800983 0.4364057407 0.09127221815
v 0.2252133824 0.4450514913 0.08569829352
v -0.1914435476 0.1829439774 0.1910777576
v -0.1856153123 0.1747875549 0.192532029
v -0.1799102761 0.1840759553 0.1916255206
v -0.2410655692 0.1588871293 0.1917870305
v -0.2473993041 0.1668093167 0.1902063526
v -0.2507812418 0.157362856 0.1905270517
v -0.03185465652 0.4163650349 0.124101026
v -0.03995221574 0.4213481843 0.1212608479
v -0.04200858437 0.412685059 0.1254635882
v -0.4632938579 -0.3708340004 0.008312978549
v -0.4718054011 -0.3707811981 0.004501549993
v -0.4547823146 -0.3708868027 0.01212440711
v -0.459698543 -0.3628520593 0.01281452854
v -0.4646147713 -0.3548173159 0.01350464998
v -0.4671730921 -0.1978374571 0.08986641839
v -0.4744185954 -0.2002119161 0.08349169418
v -0.467867665 -0.2070177533 0.08700641245
v -0.4802749529 -0.1842257828 0.08283698186
v -0.4875204563 -0.1866002418 0.07646225765
v -0.4809695259 -0.193406079 0.07997697592
v -0.4816640988 -0.2025863752 0.07711696997
v -0.4889096022 -0.2049608342 0.07074224576
v -0.4823586717 -0.2117666714 0.07425696403
v -0.1918806024 -0.1825161017 0.1590574123
v -0.2004748248 -0.1885099821 0.1599905081
v -0.18328638 -0.1765222214 0.1581243165
v -0.1918606758 -0.1716139615 0.1612607315
v -0.2004349716 -0.1667057015 0.1643971466
v 0.258801531 -0.4893198013 0.03523660079
v 0.264914874 -0.4812469482 0.03884643037
v 0.2558869421 -0.4812853336 0.04194052052
v 0.3936315253 -0.1453743223 0.1479523554
v 0.3901467845 -0.1366219372 0.1518977508
v 0.4013391361 -0.1290513705 0.148402296
v 0.3940005898 -0.1284604613 0.1521227211
v 0.3866620436 -0.127869552 0.1558431461
v 0.3770200983 -0.1628652327 0.1509574279
v 0.3680672422 -0.1632196307 0.1547562033
v 0.3732153326 -0.1718402691 0.1503886953
v -0.1356694102 0.3093265072 0.1660550609
v -0.1451910883 0.3110648245 0.1651907153
v -0.142675072 0.3006754592 0.1687629558
v -0.3232018352 0.19132616 0.1662617885
v -0.3306783661 0.1884402595 0.1641819179
v -0.3260143474 0.1818902642 0.1672062166
v -0.4027499035 -0.3770281896 0.04306364758
v -0.4208049104 -0.3704113588 0.03438698826
v -0.4117774069 -0.3737197742 0.03872531792
v -0.4078162536 -0.3838226944 0.03558937553
v -0.4128826037 -0.3906171992 0.02811510349
v -0.3944048211 -0.4433816299 0.01041080337
v -0.4135100171 -0.4452087805 0
v -0.4039574191 -0.4442952052 0.005205401685
v -0.3969599456 -0.4505953193 0.005205401685
v -0.39951507 -0.4578090087 0
v 0.004837215209 0.5997402519 0.005530454218
v 0.0151107951 0.5993738025 0.005530454218
v 0.01138115561 0.6074708104 0
v 0.01229649418 0.5835462362 0.01659136266
v 0.02257007407 0.5831797868 0.01659136266
v 0.01884043458 0.5912767947 0.01106090844
v 0.02538437498 0.5990073532 0.005530454218
v 0.03565795487 0.5986409038 0.005530454218
v 0.03192831538 0.6067379117 0
v 0.1711915135 0.5656149089 0.0099673816
v 0.1795284934 0.5721681267 0.005256040022
v 0.1628545336 0.5590616912 0.01467872318
v 0.1734905578 0.5563562959 0.01522342162
v 0.184126582 0.5536509007 0.01576812007
v -0.1505707651 0.5795043856 0.004920750856
v -0.1412010528 0.5817159861 0.004920750856
v -0.1489353217 0.589073509 0
v -0.1351022273 0.5647893399 0.01476225257
v -0.1334667839 0.5743584633 0.009841501713
v -0.1318313405 0.5839275867 0.004920750856
v -0.1301958971 0.5934967101 0
v 0.5902329683 -0.05527096521 0.01171621308
v 0.5835421234 -0.04920201097 0.01804468734
v 0.5819896311 -0.0596893318 0.01710395189
v -0.5713941753 -0.1544628814 0.0110386014
v -0.5804178864 -0.1514006592 0.005301875528
v -0.5623704642 -0.1575251035 0.01677532727
v -0.564924106 -0.1476551704 0.01634047693
v -0.5674777478 -0.1377852373 0.01590562658
v 0.5460787266 0.215030212 0.020523143
v 0.5504636616 0.2225106098 0.01368209533
v 0.5421321392 0.2247910053 0.020523143
v 0.5627417713 0.210469421 0.006841047667
v 0.5671267062 0.2179498188 0
v 0.5587951839 0.2202302143 0.006841047667
v 0.5548485965 0.2299910076 0.006841047667
v 0.5592335314 0.2374714054 0
v 0.550902009 0.2397518009 0.006841047667
v -0.5062792152 0.08828513883 0.08348974772
v -0.5133564398 0.08872848563 0.07696537115
v -0.5106027052 0.07947204635 0.08119642362
v -0.3076749071 -0.1906471439 0.1644305214
v -0.3030219898 -0.1710474156 0.17042052
v -0.3053484485 -0.1808472797 0.1674255207
v -0.3144824356 -0.1818354614 0.1651472747
v -0.321289964 -0.1730237789 0.165864028
v 0.2141124308 0.03687807824 0.1964444593
v 0.2196360566 0.04547759052 0.1967485659
v 0.2093351744 0.04632227309 0.1968416534
v 0.04445505515 0.1481316946 0.1906540953
v 0.04277106747 0.134312015 0.1909705214
v 0.04361306131 0.1412218548 0.1908123083
v 0.05381723121 0.1415617913 0.1908211559
v 0.06317940727 0.134991888 0.1909882165
v 0.01790518946 0.1645188965 0.1900225803
v -0.0001867410101 0.1749755554 0.1891804039
v 0.008859224225 0.1697472259 0.1896014921
v 0.008921471228 0.1621980257 0.1901374273
v -6.224700337e-05 0.159877155 0.1902522743
v 0.5422732234 -0.2201725729 0.01936426386
v 0.5369610488 -0.2302552089 0.02149863867
v 0.546644479 -0.2283757217 0.01362096751
v 0.1589525118 0.0848178016 0.1949321404
v 0.1479098499 0.08585948218 0.1936612166
v 0.1533968523 0.07650374062 0.1935739107
v -0.4133123308 0.222488571 0.1147339065
v -0.4136519656 0.2115518562 0.118782321
v -0.4126330614 0.2443620004 0.1066370774
v -0.4129726961 0.2334252857 0.1106854919
v -0.421022661 0.2270739675 0.1084204279
v -0.4287329912 0.231659364 0.1021069493
v -0.4290726259 0.2207226492 0.1061553638
v -0.4455040842 0.2451630235 0.08553424478
v -0.4377691597 0.2518286668 0.08819261566
v -0.4609739333 0.2318317369 0.08021750301
v -0.4532390088 0.2384973802 0.08287587389
v -0.4451753497 0.2363228165 0.08941733465
v -0.4448466152 0.2274826095 0.09330042452
v -0.4371116906 0.2341482528 0.0959587954
v 0.3912071288 0.2502126768 0.1169832144
v 0.3876441792 0.2417300269 0.122297395
v 0.3734200895 0.2512977943 0.1270415317
v 0.3787506595 0.2422725856 0.1273265537
v 0.3840812296 0.233247377 0.1276115756
v 0.3400023207 0.3690302148 0.08873914182
v 0.3609698489 0.3688069358 0.08111610636
v 0.3504860848 0.3689185753 0.08492762409
v 0.3430688009 0.3779699057 0.08164934255
v 0.346135281 0.3869095966 0.07455954328
v 0.2912504673 0.3471347019 0.1191174258
v 0.302253671 0.3485329375 0.1145606656
v 0.2934424654 0.3560074568 0.1133107394
v 0.3088728786 0.3321856633 0.1216172781
v 0.3110648766 0.3410584182 0.1158105917
v 0.3132568747 0.349931173 0.1100039054
v 0.3154488727 0.3588039279 0.104197219
v 0.2417667694 0.3819671124 0.1158040222
v 0.2318037003 0.382119827 0.1190240029
v 0.2367332689 0.3743277714 0.1214781106
v -0.1526048779 -0.5313319713 0.03107620124
v -0.1521788314 -0.5389289409 0.02618452255
v -0.1419101432 -0.5347305238 0.02974908613
v 0.4448121786 -0.08641579002 0.1343493983
v 0.442804791 -0.09585855156 0.1332822181
v 0.4505660459 -0.09313291311 0.1285336651
v -0.1222948991 0.09656794742 0.1922881901
v -0.1190783661 0.1054737791 0.1923263147
v -0.100761909 0.09992485866 0.1916077733
v -0.1083118711 0.1071522348 0.1919861063
v -0.1158618331 0.1143796109 0.1923644394
v -0.150959637 0.1002510078 0.1947419383
v -0.1438956037 0.09308076091 0.1939221472
v -0.1580236703 0.1074212547 0.1955617294
v -0.1617938466 0.09844227694 0.1960356869
v -0.165564023 0.08946329914 0.1965096444
v -0.1005070377 0.2083639428 0.1892041825
v -0.1107062865 0.2140950412 0.1887462996
v -0.09030778892 0.2026328444 0.1896620654
v -0.0908001475 0.2119896784 0.1884334907
v -0.09129250608 0.2213465124 0.187204916
v -0.2791241035 -0.2225849181 0.1592699811
v -0.2771812305 -0.2124400847 0.1618450545
v -0.2864997238 -0.2147612311 0.1606112681
v -0.3172897995 0.1426243894 0.1774735376
v -0.3227367625 0.1495610178 0.174611561
v -0.3267576471 0.1401542909 0.1751862019
v -0.299788624 0.1217745226 0.1852357462
v -0.2962305248 0.1311803032 0.184645541
v -0.3033467233 0.112368742 0.1858259514
v -0.29364416 0.1147969663 0.1872584373
v -0.2839415967 0.1172251906 0.1886909232
v 0.2976001725 -0.3692154363 0.09865697101
v 0.2951085418 -0.3604729846 0.1038667951
v 0.2861626074 -0.3682013601 0.102139229
v 0.3065907955 -0.3948616832 0.0834562052
v 0.299805671 -0.4028277472 0.08179874718
v 0.3084373474 -0.4027853385 0.07860497944
v 0.3497992903 -0.4172508791 0.05051392131
v 0.3585239574 -0.4135305807 0.04872325808
v 0.3535508141 -0.4063532948 0.05552030541
v 0.3055563271 -0.4491737038 0.04707383225
v 0.3146547154 -0.446655117 0.04514359357
v 0.3148098886 -0.4636348933 0.03118318645
v 0.3239082769 -0.4611163065 0.02925294777
v 0.3192814961 -0.4538857117 0.03719827067
v 0.3237531036 -0.4441365302 0.04321335489
v 0.3328514919 -0.4416179433 0.04128311621
v 0.1906798147 -0.4949412793 0.04852686822
v 0.1939330399 -0.4863418639 0.05327175092
v 0.1844819374 -0.4880454987 0.05318527389
v -0.1099367309 0.2238419503 0.1870931648
v -0.1002298407 0.2274676859 0.186322473
v -0.1091671754 0.2335888594 0.1854400299
v -0.139774289 0.2132097669 0.1884907782
v -0.1485707033 0.2199434713 0.1870271191
v -0.1503389869 0.2092165239 0.1889282241
v -0.2587368116 -0.3623412028 0.1106321514
v -0.2620131783 -0.3533055931 0.1142950132
v -0.269107651 -0.3594903424 0.1100831926
v -0.3410280645 0.05445967522 0.1829252951
v -0.3342941478 0.06048257649 0.184606798
v -0.3433767781 0.06666430552 0.1814703457
v -0.3497716933 0.2024060264 0.1530310623
v -0.3492206484 0.2191463187 0.1484610178
v -0.3494961709 0.2107761726 0.15074604
v -0.3569999933 0.2043375522 0.1492693983
v -0.3642282933 0.206269078 0.1455077343
v -0.3883889914 -0.3575861901 0.06408558786
v -0.3833851218 -0.3508838862 0.07096256036
v -0.3931258023 -0.3483325839 0.06641795393
v 0.3688085973 0.1974271908 0.1459998563
v 0.3650416732 0.1884155646 0.1502453759
v 0.3725755215 0.2064388171 0.1417543367
v 0.3630691171 0.206149742 0.1460523754
v 0.3535627127 0.2058606669 0.1503504142
v 0.4271740317 0.1561274342 0.1322468743
v 0.4182336554 0.1556257494 0.1362891831
v 0.4148597121 0.1729189195 0.1328215972
v 0.4059193358 0.1724172346 0.1368639059
v 0.4120764956 0.164021492 0.1365765445
v 0.4092932791 0.1551240645 0.1403314918
v 0.4003529027 0.1546223797 0.1443738006
v -0.4139752761 -0.2976105288 0.08314184658
v -0.4041940793 -0.3001656532 0.08802219853
v -0.4095954597 -0.2914070711 0.08986273222
v -0.1833246984 0.517940551 0.04333349504
v -0.1801779345 0.5119018853 0.04878816288
v -0.200560879 0.5088144243 0.04831582867
v -0.1974141151 0.5027757585 0.05377049651
v -0.1887960248 0.5073388219 0.05127932969
v -0.1770311706 0.5058632195 0.05424283072
v -0.1738844067 0.4998245537 0.05969749857
v 0.4557496309 0.1862432845 0.1038552839
v 0.4734911025 0.1830105148 0.09468991123
v 0.4646203667 0.1846268997 0.09927259758
v 0.4594484717 0.1934604831 0.09888269193
v 0.4631473124 0.2006776817 0.09391009994
v 0.01662735885 0.2959867269 0.1706925444
v 0.009618081152 0.30263035 0.1687732339
v 0.006938047591 0.2936446965 0.1714059897
v -0.5154669434 -0.1777821071 0.05460789148
v -0.5190339684 -0.1673425958 0.0537895821
v -0.5101154298 -0.1612651609 0.06387464982
v -0.5163582116 -0.1590841226 0.05842296127
v -0.5226009935 -0.1569030844 0.05297127273
v 0.338869907 -0.08885797858 0.1782973856
v 0.3420176506 -0.09895413741 0.1768917181
v 0.3485241458 -0.09045810625 0.1763292067
v 0.4096236229 0.4266355038 0.01345951203
v 0.400298804 0.4244759381 0.02018926805
v 0.4282732606 0.4309546351 0
v 0.4189484417 0.4287950695 0.006729756016
v 0.4114120305 0.4360312819 0.006729756016
v 0.413200438 0.4454270601 0
v 0.4038756192 0.4432674944 0.006729756016
v 0.4012581781 0.399814114 0.03503071051
v 0.3977682441 0.3927513957 0.04219050379
v 0.4074958935 0.3916107863 0.03598260367
v -0.4135167003 0.008183186408 0.1539320201
v -0.4219197333 0.008702574298 0.1492512897
v -0.4178033769 -0.0007063797675 0.1521829441
v -0.3927129954 0.01576997363 0.163589552
v -0.3875308931 0.02447084174 0.1655754037
v -0.376485005 0.0142031915 0.1700450033
v -0.3794168979 0.02368745068 0.1688031293
v -0.3823487908 0.03317170986 0.1675612554
v -0.4181713536 0.3626629263 0.04555507656
v -0.4257576615 0.3543615714 0.04390119854
v -0.4362001047 0.3612854332 0.03174186964
v -0.434772037 0.3536728248 0.03699459508
v -0.4333439693 0.3460602164 0.04224732053
v -0.1808004789 0.4939336479 0.06352160592
v -0.1925653331 0.4954092503 0.06055810489
v -0.1877165511 0.488042742 0.06734571327
v -0.144949194 0.481499128 0.07709303871
v -0.1307960786 0.4939780012 0.06998173147
v -0.1378726363 0.4877385646 0.07353738509
v -0.1483137943 0.489195548 0.07109714113
v -0.1516783945 0.496891968 0.06510124356
v -0.3333980739 0.407410942 0.06502219662
v -0.3438608795 0.4023117796 0.06380481273
v -0.3494367898 0.41431088 0.05191070214
v -0.3518802375 0.4057617486 0.05724906549
v -0.3543236852 0.3972126171 0.06258742884
v -0.2622787505 0.4711723849 0.05137852952
v -0.271420598 0.4659876078 0.05083774589
v -0.2639243752 0.4617307708 0.05750337802
v -0.3378568962 0.4737185314 0.01544813486
v -0.3470925242 0.4778261408 0.01034730207
v -0.346526362 0.4677295983 0.01559377136
v 2.815545304e-05 0.5926519185 0.0102356812
v -0.009589964058 0.5784752518 0.01964613516
v -0.004780904303 0.5855635852 0.01494090818
v 0.003757794941 0.5845549107 0.01576613542
v 0.007487434428 0.5764579028 0.02129658964
v 0.05303363316 0.5569695383 0.03106519766
v 0.04552480578 0.5508371741 0.03665338643
v 0.05621525832 0.5497323573 0.03606548905
v 0.1669019759 0.5145371705 0.04856102355
v 0.168728523 0.5068807602 0.05459538847
v 0.1770007685 0.5111802667 0.04983629845
v 0.1361709014 0.5502569675 0.02397050196
v 0.138944678 0.5428411216 0.02957200631
v 0.1207496449 0.5403431654 0.03422077326
v 0.1312340498 0.5378842205 0.03469714196
v 0.1417184547 0.5354252756 0.03517351067
v -0.5507269204 -0.04568688758 0.0535983881
v -0.5485305339 -0.05410921015 0.05393288471
v -0.5445499569 -0.04745564982 0.06013020407
v 0.56048356 0.004773982335 0.04539777525
v 0.566512242 0.009100272786 0.03873022739
v 0.5598107576 0.01521710679 0.0441746572
v -0.4808970839 0.2846253887 0.03696350567
v -0.4740966856 0.2806575373 0.04456391465
v -0.4730908126 0.2885685414 0.04112752061
v -0.5262588859 0.2593761981 0.01608828641
v -0.5348632336 0.2574350722 0.01072552428
v -0.5334982276 0.2761622965 0.005362762138
v -0.5421025753 0.2742211707 0
v -0.5384829044 0.2658281215 0.005362762138
v -0.5434675813 0.2554939464 0.005362762138
v -0.552071929 0.2535528205 0
v -0.03755326685 0.4904054627 0.0816958379
v -0.03672272549 0.4818676561 0.08700404875
v -0.02957268199 0.486507915 0.08477124199
v -0.0528770946 0.5573377013 0.03081013635
v -0.04292802769 0.5541483164 0.03451677971
v -0.05020652339 0.5410475135 0.04336721078
v -0.04025745648 0.5378581285 0.04707385413
v -0.04159274208 0.5460032225 0.04079531692
v -0.03297896078 0.5509589314 0.03822342306
v -0.02302989387 0.5477695465 0.04193006642
v -0.1906571649 0.4081231803 0.1168233994
v -0.1842154898 0.3925724626 0.126658747
v -0.1874363273 0.4003478214 0.1217410732
v -0.1808656491 0.406928353 0.1194897406
v -0.1710741334 0.4057335258 0.1221560817
v -0.240325626 0.3948588744 0.1093962323
v -0.2443410084 0.4021549374 0.1040538158
v -0.2496844195 0.3940206543 0.1067550518
v 0.4531840235 0.3269154057 0.03654945083
v 0.4477634877 0.3365803212 0.03572048992
v 0.4640250951 0.3075855747 0.03820737265
v 0.4586045593 0.3172504902 0.03737841174
v 0.4614596069 0.3236323372 0.0316454377
v 0.4697351903 0.3203492686 0.02674142458
v 0.4643146545 0.3300141841 0.02591246367
v -0.5509964973 0.1604192518 0.02547347499
v -0.54783988 0.1516994759 0.03052145196
v -0.5578696579 0.1405819543 0.02233341942
v -0.5512764603 0.1417808272 0.02895142417
v -0.5446832627 0.1429797001 0.03556942893
v -0.565856114 0.1969004981 0.006760875694
v -0.5559715033 0.1987465508 0.01523295138
v -0.5620702356 0.20760075 0.008472075686
v -0.5536586493 0.1791920997 0.02028262708
v -0.5437740386 0.1810381524 0.02875470277
v -0.5498727709 0.1898923516 0.02199382707
v -0.5460868925 0.2005926035 0.02370502707
v -0.5362022817 0.2024386562 0.03217710275
v -0.5423010141 0.2112928554 0.02541622706
v -0.2134485357 0.5514655262 0.01213985682
v -0.2095041461 0.5702532381 0
v -0.2114763409 0.5608593822 0.006069928408
v -0.2220571972 0.5567461103 0.006069928408
v -0.2306658588 0.5620266944 0
v -0.1993774287 0.5250842869 0.03505218774
v -0.1987857036 0.5332192183 0.02842036728
v -0.1999691539 0.5169493556 0.0416840082
v -0.1913510635 0.521512419 0.03919284139
v -0.1827329732 0.5260754824 0.03670167457
v 0.5222438127 0.09577564895 0.06764176115
v 0.5210685581 0.08716972731 0.07035304792
v 0.5268106461 0.08516118117 0.06481666304
v 0.508420594 0.1311258189 0.07490321994
v 0.505689241 0.1421848852 0.07573146932
v 0.5007203072 0.1361965332 0.081222618
v 0.5275020748 -0.2678317502 0.01371737849
v 0.517281428 -0.2517705485 0.02947272081
v 0.5223917514 -0.2598011494 0.02159504965
v 0.5177077353 -0.2693543658 0.01955708582
v 0.5079133958 -0.2708769813 0.02539679315
v -0.4940456301 0.178233467 0.08024743758
v -0.5010691211 0.1792093888 0.07266914006
v -0.497539863 0.1966982558 0.06967851706
v -0.5028162375 0.1884417832 0.0673846798
v -0.508092612 0.1801853105 0.06509084255
v 0.5086848587 -0.02413254371 0.09472582489
v 0.5093961209 -0.03371006739 0.0945648402
v 0.5164187849 -0.02928327979 0.08945009112
v 0.5066299886 -0.06237770803 0.09250525199
v 0.5046693832 -0.07164600957 0.09180183895
v 0.5121358633 -0.06777273584 0.08619531244
v -0.1093515269 0.5566366613 0.02306925319
v -0.1000731494 0.5530638248 0.02727261931
v -0.100613473 0.559414342 0.02225213684
v 0.4718217105 0.1983079612 0.08874907531
v 0.4769936055 0.1894743778 0.08913898095
v 0.4804961085 0.1959382407 0.08358805068
v 0.4558597207 0.225293573 0.08745295368
v 0.4591389745 0.2321484201 0.0816851873
v 0.4504647702 0.2342210338 0.08715347946
v -0.2691142149 0.3105730712 0.1428502053
v -0.2617771067 0.3039900064 0.147538282
v -0.2582417652 0.3134737313 0.1442335919
v -0.2944512963 0.3205404654 0.1313696224
v -0.3050178289 0.3175614923 0.1300507244
v -0.3087063432 0.3331104442 0.1205513831
v -0.3121453524 0.3238464817 0.1246416047
v -0.3155843616 0.3145825192 0.1287318263
v -0.411781624 -0.1046839971 0.1495936327
v -0.4142562822 -0.1132509932 0.1461895071
v -0.4062285796 -0.1123419683 0.1503244266
v -0.4010330811 -0.0811872445 0.1588535756
v -0.3915532529 -0.08224355429 0.1630702652
v -0.3966859803 -0.07285914943 0.1612234972
v 0.3083132878 0.4020822495 0.08001276851
v 0.3293046281 0.4039717764 0.0697157234
v 0.3188089579 0.4030270129 0.07486424595
v 0.3093955889 0.4110378623 0.0732987076
v 0.3104778901 0.4199934751 0.0665846467
v 0.2931613028 0.3827887103 0.09837338887
v 0.3005904928 0.3747937828 0.1003146656
v 0.2860132754 0.3640023842 0.1113694627
v 0.2970164791 0.3654006198 0.1068127025
v 0.3080196828 0.3667988554 0.1022559423
v 0.1208862681 0.3792929575 0.1383502297
v 0.1173279043 0.3725745678 0.1417411529
v 0.1286700889 0.3737684265 0.1407442614
v 0.119852582 0.4038643837 0.12628318
v 0.1261279806 0.4082856625 0.1237920579
v 0.1167689543 0.4117716104 0.1224922072
v -0.461074315 0.06666947715 0.1212673374
v -0.4646669179 0.07604320068 0.1178749353
v -0.4690197036 0.06723111216 0.1154371612
v -0.4372853041 0.04670160217 0.1383774094
v -0.4335110039 0.03717580158 0.1411646567
v -0.4288085848 0.04619488632 0.1434776559
v -0.4464213178 -0.309361361 0.05218292214
v -0.4376830831 -0.2981057093 0.06601998024
v -0.4420522004 -0.3037335351 0.05910145119
v -0.4515989944 -0.3005803823 0.05358082242
v -0.4567766711 -0.2917994037 0.05497872271
v 0.181628719 -0.52950418 0.02901723329
v 0.180441983 -0.5380424559 0.02398350835
v 0.1828154549 -0.520965904 0.03405095823
v 0.1731931791 -0.5229570568 0.03401206154
v 0.1635709032 -0.5249482095 0.03397316486
v 0.3417597637 0.43671716 0.03865639865
v 0.3421103209 0.4448090419 0.0324081541
v 0.3338513002 0.4427413791 0.03810882801
v 0.3582778051 0.4408524856 0.02725505084
v 0.3503693417 0.4468767047 0.0267074802
v 0.3424608782 0.4529009238 0.02615990955
v 0.3345524147 0.4589251429 0.02561233891
v 0.0848585479 -0.5399222225 0.02933411673
v 0.0946258856 -0.5460231304 0.02583051659
v 0.09752319474 -0.5375142843 0.03025350161
v 0.2850752175 -0.1499462463 0.1766324416
v 0.286894232 -0.1585257649 0.174673155
v 0.2950826287 -0.1542840861 0.1748040244
v 0.260543596 -0.1262847725 0.1813705899
v 0.2578288801 -0.1167129464 0.1824997626
v 0.2505531162 -0.1251124833 0.1811918616
v -0.2976023033 -0.2547274008 0.149026487
v -0.2909280881 -0.2627484202 0.1481817104
v -0.2874072492 -0.2526764199 0.1508539394
v -0.3209152222 -0.2402097099 0.1489135064
v -0.3308374733 -0.2412360795 0.1464311481
v -0.3338025212 -0.2231144048 0.1506528966
v -0.3437247723 -0.2241407745 0.1481705382
v -0.3372811228 -0.232688427 0.1473008431
v -0.3407597244 -0.2422624491 0.1439487897
v -0.3506819755 -0.2432888187 0.1414664313
v 0.2830636278 0.2265202105 0.1708689332
v 0.2938670665 0.2263015844 0.1679924317
v 0.2887840644 0.2355237417 0.1672566198
v -0.2565046474 -0.4271738902 0.07888289355
v -0.2661606073 -0.4251590297 0.07762793638
v -0.2655064836 -0.409489207 0.08694246598
v -0.2751624435 -0.4074743465 0.08568750881
v -0.2706615254 -0.4163166881 0.08165772259
v -0.2758165672 -0.4231441692 0.07637297921
v -0.2854725271 -0.4211293086 0.07511802204
v -0.2509939112 -0.4206856787 0.08343707584
v -0.2454831749 -0.4141974673 0.08799125813
v -0.2554948293 -0.4118433371 0.08746686205
v 0.3353238106 -0.1737782471 0.1627393141
v 0.3310885504 -0.1832623184 0.1613747291
v 0.3395590708 -0.1642941758 0.1641038992
v 0.329387106 -0.16415089 0.1666498967
v 0.3192151412 -0.1640076041 0.1691958942
v 0.487158753 0.04973411234 0.1036939882
v 0.4937688708 0.05348957283 0.09817369282
v 0.4805486351 0.04597865185 0.1092142835
v 0.4876151159 0.04064457491 0.1043615602
v 0.4946815968 0.03531049797 0.09950883687
v 0.4673459753 0.09011014365 0.1146684419
v 0.4606338888 0.08935231157 0.1195181422
v 0.4615575746 0.1069576908 0.1173182074
v 0.4577396885 0.09777608514 0.1208430249
v 0.4539218023 0.08859447949 0.1243678425
v -0.008523923694 -0.6140673906 0.001066036755
v -0.007600246056 -0.6169191003 0
v -0.009447601333 -0.6112156808 0.00213207351
v -0.0198188803 -0.6125786453 0.001066036755
v -0.03019015928 -0.6139416099 0
v 0.08775334992 0.5258808732 0.05014587007
v 0.09502722323 0.5313840806 0.04488738626
v 0.08428930305 0.5328851044 0.0451703798
v -0.2902742028 -0.4119452313 0.07869892567
v -0.285119161 -0.4051177502 0.08398366906
v -0.2950758785 -0.4027611539 0.08227982931
v -0.2891534343 -0.4429149926 0.05870025139
v -0.293033205 -0.4493988603 0.05215529166
v -0.2837995291 -0.4513893276 0.05411218386
v 0.4499835446 -0.2924130335 0.06044599786
v 0.4489425495 -0.2833785787 0.06715631764
v 0.4510245398 -0.3014474884 0.05373567808
v 0.4571756274 -0.2948047966 0.0531069776
v 0.4633267149 -0.2881621048 0.05247827712
v 0.4090375602 -0.3097724095 0.07906747796
v 0.3994020224 -0.3101883158 0.08474133909
v 0.4045123756 -0.2944677398 0.09153450839
v 0.39713943 -0.3025359809 0.09097485431
v 0.3897664845 -0.3106042221 0.09041520022
v 0.5457998514 0.07899899967 0.04656396806
v 0.557572335 0.07604965381 0.03537745588
v 0.5516860932 0.07752432674 0.04097071197
v 0.5485938936 0.08693450503 0.04226601217
v 0.5513879359 0.09487001039 0.03796805628
v 0.08516539913 0.4939118773 0.07492113579
v 0.08178034332 0.5002761036 0.07039966621
v 0.07623210736 0.493542999 0.07589801867
v 0.103420401 0.477171123 0.08454169892
v 0.101512799 0.4694774896 0.08940568008
v 0.1112646572 0.4741193503 0.08575369418
v 0.02762936382 0.4015035853 0.1315332651
v 0.01986467047 0.3988674879 0.1331284195
v 0.03539405717 0.4041396827 0.1299381107
v 0.02936598565 0.410500668 0.1270599067
v 0.02333791414 0.4168616533 0.1241817027
v 0.5414928198 0.2413445562 0.01285538729
v 0.5226744413 0.2445300668 0.02488406654
v 0.5320836306 0.2429373115 0.01886972692
v 0.5371078849 0.2338641584 0.01969643496
v 0.53272295 0.2263837606 0.02653748263
v 0.5489684045 0.2044307515 0.01975714555
v 0.5547477603 0.1832318306 0.01822515065
v 0.5518580824 0.193831291 0.0189911481
v 0.5572999269 0.202150356 0.01291609788
v 0.5656314492 0.1998699605 0.006075050216
v 0.1460552886 0.4233314171 0.1139833871
v 0.1594403908 0.434159629 0.1066748034
v 0.1527478397 0.4287455231 0.1103290953
v 0.1436556205 0.4320277348 0.1090202797
v 0.1412559524 0.4407240525 0.1040571723
v 0.1146267764 0.4420798272 0.1052049361
v 0.1040491778 0.44536376 0.1039982587
v 0.1076674182 0.4368694574 0.1088681929
v -0.4693821892 -0.2229938321 0.08173931763
v -0.4686249271 -0.2150057927 0.08437286504
v -0.4758704305 -0.2173802517 0.07799814083
v -0.321584858 -0.4645494595 0.02746236976
v -0.3185311034 -0.457961373 0.0343879573
v -0.3278618008 -0.4554423988 0.03204806242
v 0.4371702 -0.3715016544 0.02096095402
v 0.4344214723 -0.3640305847 0.02753655938
v 0.4497163668 -0.3558519185 0.0208454309
v 0.4406945556 -0.3562057167 0.02747879783
v 0.4316727445 -0.356559515 0.03411216475
v 0.4157067686 -0.3876902163 0.02727583935
v 0.4063709527 -0.388417609 0.03355774563
v 0.4098522365 -0.3953265175 0.02725105686
v -0.5797200501 0.05764005287 0.01931166416
v -0.5983405113 0.06272436632 0.004652300384
v -0.5890302807 0.06018220959 0.01198198227
v -0.5840199143 0.0491836695 0.01663428266
v -0.5883197784 0.04072728613 0.01395690115
v -0.5246498883 -0.2290073894 0.03275150433
v -0.5316005647 -0.2234803475 0.02773240255
v -0.5292676687 -0.2326059788 0.02688089712
v -0.4869582728 0.03183207568 0.1058532856
v -0.4791889191 0.03112639254 0.1118688211
v -0.4824883565 0.04064637562 0.1082971059
v -0.3525018916 -0.2249739356 0.1447338611
v -0.3612790108 -0.2258070968 0.1412971839
v -0.3559804931 -0.2345479578 0.1413818076
v -0.4732090384 -0.1814627089 0.08909054287
v -0.4666581079 -0.188268546 0.09260526113
v -0.4661431238 -0.178699635 0.09534410387
v -0.4960442334 -0.1979356967 0.06626531389
v -0.4946550876 -0.1795751043 0.07198532578
v -0.4953496605 -0.1887554005 0.06912531983
v -0.5031788647 -0.1909105591 0.06178838201
v -0.510313496 -0.1838854216 0.05731145013
v -0.451331377 0.1025094464 0.1249339655
v -0.4596119523 0.1029916182 0.1193101741
v -0.4347702265 0.1015451029 0.1361815482
v -0.4430508018 0.1020272747 0.1305577569
v -0.4470365942 0.1112720519 0.1273238324
v -0.4427418113 0.1200346574 0.1297136992
v -0.4510223866 0.1205168292 0.1240899079
v -0.4667294472 0.121494323 0.111528676
v -0.4631706998 0.1122429706 0.1154194251
v -0.4588759169 0.1210055761 0.1178092919
v -0.07424328662 0.3635101244 0.1466818303
v -0.06539334822 0.3592266589 0.1487467699
v -0.08309322502 0.3677935898 0.1446168907
v -0.08268073481 0.3580621555 0.1486556791
v -0.08226824459 0.3483307213 0.1526944675
v 0.1640137024 -0.34801092 0.1094944794
v 0.1734606363 -0.3564931229 0.1087524351
v 0.1745827273 -0.3457216918 0.1125877202
v 0.164830856 0.2064813748 0.1884221062
v 0.1624221914 0.1974724829 0.1897003874
v 0.1720055006 0.1987962946 0.189280346
v -0.3446293473 -0.04560091696 0.1799122207
v -0.3351690471 -0.04603063944 0.1817763522
v -0.3398573101 -0.03505994054 0.1815585308
v -0.4278543666 0.1469469517 0.1329971105
v -0.4381716177 0.1290360466 0.1314972863
v -0.4330129921 0.1379914992 0.1322471984
v -0.4244570062 0.137748111 0.1372647099
v -0.4210596457 0.1285492703 0.1415323094
v 0.1051271241 0.2524747625 0.1819396466
v 0.115133306 0.2556110844 0.1813525483
v 0.1077148505 0.2615010142 0.1798231229
v 0.0650181314 0.2078525126 0.1880059652
v 0.05723123252 0.2142351009 0.1870253719
v 0.05489902664 0.2055046074 0.1879958808
v -0.06817804277 0.4641172811 0.09535386972
v -0.06031366624 0.4681782722 0.09350154363
v -0.06972072832 0.4717279449 0.0906056948
v -0.07159455586 0.4405543581 0.1091349702
v -0.07581595983 0.4330258816 0.11324968
v -0.06446797401 0.4361915663 0.1122008599
v 0.4173219278 0.1811466143 0.1281843595
v 0.4205842018 0.1893611327 0.1231556274
v 0.4345606789 0.1808105186 0.1183351614
v 0.4292035773 0.1891930848 0.1182310283
v 0.4238464758 0.1975756511 0.1181268953
v 0.005546914763 0.4956009388 0.08016078174
v -0.0007640123367 0.5038041994 0.07514821552
v -0.003219717066 0.4955519214 0.0803076122
v 0.04648650531 0.4941584542 0.07824712992
v 0.05146905314 0.486692436 0.08303656988
v 0.04150395747 0.5016244724 0.07345768996
v 0.03620497882 0.4944098741 0.07891044579
v 0.03090600017 0.4871952757 0.08436320163
v 0.5338632911 -0.1682273261 0.03919596225
v 0.5363598466 -0.1585023776 0.03929424752
v 0.5291229039 -0.1614214294 0.04536997247
v 0.5483371764 -0.1623892225 0.02704451233
v 0.5435967892 -0.1555833258 0.03321852256
v 0.538856402 -0.148777429 0.03939253278
v 0.5341160148 -0.1419715323 0.04556654301
v 0.4839614555 -0.3007190824 0.02730782889
v 0.4895065948 -0.2918400988 0.02805588255
v 0.4813289493 -0.2943710163 0.03350098943
v -0.1060983166 0.2614468262 0.1799095869
v -0.08775028959 0.2684512809 0.1780859157
v -0.0969243031 0.2649490535 0.1789977513
v -0.1040356923 0.2699344829 0.1778265573
v -0.101973068 0.2784221396 0.1757435277
v 0.1891935989 0.5688631386 0.005256040022
v 0.1868945546 0.5781217515 0
v 0.1937916875 0.5503459126 0.01576812007
v 0.1914926432 0.5596045256 0.01051208004
v 0.1988587044 0.5655581504 0.005256040022
v 0.2085238099 0.5622531623 0.005256040022
v 0.2062247656 0.5715117753 0
v -0.6002206057 -0.02005974786 0.007380413357
v -0.6070645154 -0.02644954972 0
v -0.5933766961 -0.01366994601 0.01476082671
v -0.6004784852 -0.01111111233 0.007380413357
v -0.6075802743 -0.008552278647 0
v 0.5883477777 -0.1164444797 0.005067896564
v 0.5970066488 -0.1125178915 0
v 0.5796889067 -0.1203710679 0.01013579313
v 0.5860257894 -0.1276089717 0.005067896564
v 0.5923626721 -0.1348468754 0
v 0.6002661437 0.02146462491 0.006654562429
v 0.6003554761 0.01095474884 0.006654562429
v 0.6073633879 0.0156730474 0
v 0.5862503201 0.01202802779 0.01996368729
v 0.5933475643 0.006236450281 0.01330912486
v 0.6004448086 0.0004448727705 0.006654562429
v 0.6075420529 -0.00534670474 0
v -0.5083521828 -0.3012702167 0.0120174163
v -0.4983060509 -0.3018652946 0.0173424622
v -0.5036898777 -0.2923086137 0.0187097867
v -0.4390042871 0.3694629818 0.02507391525
v -0.4420287684 0.3794177324 0.01886509871
v -0.426583901 0.3871955723 0.02555121342
v -0.4358185753 0.3882840276 0.01910374779
v -0.4450532496 0.3893724829 0.01265628217
v 0.3087377623 0.514835313 0.003969307523
v 0.3084688336 0.5233840048 0
v 0.309006691 0.5062866211 0.007938615046
v 0.3183701262 0.5089139789 0.003969307523
v 0.3277335614 0.5115413368 0
v -0.260048613 0.5400797874 0.006008848082
v -0.2682901882 0.5451510251 0
v -0.2518070377 0.5350085497 0.01201769616
v -0.251034122 0.5443339199 0.006008848082
v -0.2502612062 0.5536592901 0
v -0.3647300377 0.2163048089 0.1423127316
v -0.3572262153 0.2227434292 0.1437893733
v -0.3652317822 0.2263405398 0.1391177289
v 0.5193836838 -0.1491450556 0.05790496711
v 0.5242532939 -0.1552832425 0.05163746979
v 0.5267498493 -0.1455582939 0.05173575506
v -0.1596865319 0.08203571197 0.1950529404
v -0.1538090408 0.07460812479 0.1935962364
v -0.1488523223 0.08384444285 0.1937591918
v 0.3330200687 -0.4565340728 0.02838798799
v 0.3421318606 -0.451951839 0.0275230282
v 0.3374916762 -0.4467848912 0.0344030722
v 0.2852744982 -0.4653375596 0.04327641614
v 0.2812470645 -0.4578865916 0.05033720285
v 0.295711197 -0.4497412592 0.05110490881
v 0.2864654139 -0.4500884414 0.05425144918
v 0.2772196308 -0.4504356235 0.05739798956
v 0.3798225448 0.3137270138 0.09896972589
v 0.3706358373 0.3148848563 0.1039353032
v 0.3762950078 0.3051972315 0.1043705121
v -0.2553341985 0.1214081664 0.1931013912
v -0.2673584223 0.137356 0.1898692325
v -0.2613463104 0.1293820832 0.1914853118
v -0.2648258805 0.1203459613 0.1917667724
v -0.2743175626 0.1192837562 0.1904321536
v -0.03098343126 0.1626475975 0.1902276501
v -0.02071786785 0.1667569168 0.1898785681
v -0.01032781042 0.1557678357 0.1906013563
v -0.01039005742 0.1633170359 0.1900654212
v -0.01045230443 0.1708662361 0.189529486
v -0.1980345212 0.3632119 0.1370857209
v -0.2079418227 0.3634851798 0.134576939
v -0.1881272197 0.3629386202 0.1395945027
v -0.1923159696 0.3707141504 0.1351967677
v -0.1965047196 0.3784896806 0.1307990327
v -0.179909002 0.3110090122 0.1610681452
v -0.1738672331 0.3174496144 0.1599377282
v -0.1844639145 0.318147324 0.1579909101
v 0.2576841712 0.4851776138 0.04334298428
v 0.2495155931 0.4842457995 0.0478395028
v 0.258146435 0.4766619503 0.04926822893
v 0.4119394571 -0.1082337294 0.1482433975
v 0.4189002588 -0.1050179936 0.1453274786
v 0.4117251709 -0.09879329987 0.1507754475
v 0.2043501325 -0.3159713 0.1282457728
v 0.1963347197 -0.30903133 0.1284124646
v 0.1956528984 -0.3192212209 0.1253914945
v 0.4891296327 0.29967127 0.02224979922
v 0.4807614535 0.3023093715 0.02756899036
v 0.4781033695 0.317711167 0.02142223343
v 0.4752483219 0.3113293201 0.02715520747
v 0.4723932743 0.3049474731 0.03288818151
v -0.4299414828 0.2044716217 0.1119497847
v -0.4380862415 0.2009315044 0.1085335165
v -0.4217967242 0.208011739 0.1153660528
v -0.4295070544 0.2125971355 0.1090525743
v -0.4372173846 0.217182532 0.1027390957
v -0.2099256366 0.2517349459 0.1748044305
v -0.2019768879 0.2441043556 0.177868817
v -0.1998104975 0.2535674088 0.1758066267
v 0.100743033 -0.4837545604 0.05404476076
v 0.08929915354 -0.4852112755 0.05286597181
v 0.1121869124 -0.4822978452 0.05522354972
v 0.1056760587 -0.4741180018 0.0580094466
v 0.09916520491 -0.4659381583 0.06079534348
v 0.2268929072 -0.2648181468 0.1461780481
v 0.216187343 -0.2620656118 0.1450854354
v 0.2210122459 -0.2704968378 0.1442101523
v 0.3768951073 0.2600826621 0.1215754859
v 0.3680015877 0.2606252208 0.1266046446
v 0.385788627 0.2595401034 0.1165463272
v 0.3803701252 0.2688675299 0.1161094401
v 0.3749516234 0.2781949565 0.115672553
v -0.3692004681 -0.2995474935 0.1075280905
v -0.3645326719 -0.2927140817 0.1136679351
v -0.3738682643 -0.3063809052 0.1013882458
v -0.3633928224 -0.3081158623 0.1055746302
v -0.3529173806 -0.3098508194 0.1097610146
v 0.4447868019 -0.2002250887 0.1047164202
v 0.4614363462 -0.1940351985 0.09514327347
v 0.4531115741 -0.1971301436 0.09992984682
v 0.4475236833 -0.1905024014 0.1054310054
v 0.4502605647 -0.1807797141 0.1061455905
v 0.4693772048 -0.1907471381 0.09032747149
v 0.463789314 -0.1841193959 0.09582863003
v 0.4740831405 -0.1709155329 0.09169818461
v 0.4661422819 -0.1742035933 0.09651398659
v 0.4582014233 -0.1774916537 0.1013297886
v 0.1016286463 0.1349137574 0.1922210455
v 0.09636658244 0.1266209856 0.1918806769
v 0.0827986002 0.1351924688 0.1914050579
v 0.07753653638 0.1268996969 0.1910646893
v 0.08695155941 0.1267603412 0.1914726831
v 0.09110451862 0.1183282137 0.1915403083
v 0.08584245481 0.1100354418 0.1911999397
v 0.34204375 0.1283396762 0.1728831157
v 0.3496816233 0.1224951409 0.171772182
v 0.3510137498 0.1314432006 0.1697810069
v 0.3574282303 0.2793703303 0.1255553346
v 0.362714909 0.2699977756 0.1260799896
v 0.3661899269 0.2787826434 0.1206139438
v 0.3211837187 0.2792249843 0.1414660402
v 0.3263810053 0.2703600973 0.1426638253
v 0.3303148597 0.2796385512 0.1380339786
v -0.2581397705 -0.1482499801 0.1780699827
v -0.2518951297 -0.1408369578 0.1791336574
v -0.2627235688 -0.1406418532 0.1794415638
v -0.2170685567 -0.1339913774 0.1751585491
v -0.2084668055 -0.1395375077 0.1718363091
v -0.2079168148 -0.1288175844 0.1737499125
v 0.4515377283 -0.003417538246 0.1329115219
v 0.4421824664 -0.005003876286 0.1384509001
v 0.4477773756 -0.01300927904 0.1356430147
v 0.4258779138 -0.06582034286 0.1488954984
v 0.4198726043 -0.05816671252 0.1521778964
v 0.4166954383 -0.06903841067 0.153276287
v 0.4967276007 -0.2377781495 0.0536375856
v 0.4921961874 -0.2555163726 0.04929393437
v 0.494461894 -0.2466472611 0.05146575999
v 0.5043849796 -0.2422142476 0.04553801008
v 0.5120423585 -0.2466503456 0.03743843455
v -0.2629653513 0.2342149504 0.1726591215
v -0.2653072476 0.2249524333 0.1749585196
v -0.2554273009 0.2267468795 0.1760315001
v -0.2758143172 0.25770583 0.1627275608
v -0.2855434865 0.2552859485 0.1612234414
v -0.2911199406 0.2712264135 0.1542079933
v -0.2931962982 0.2620462403 0.1569636576
v -0.2952726558 0.252866067 0.1597193219
v 0.340407297 0.01324045868 0.1828014329
v 0.3417473808 0.02354691969 0.1829082966
v 0.333176516 0.0197768223 0.1857832894
v 0.3575490266 0.02078065346 0.1770514473
v 0.3588891104 0.03108711448 0.177158311
v 0.3503182456 0.02731701708 0.1800333038
v 0.3430874646 0.03385338071 0.1830151603
v 0.3444275483 0.04415984172 0.1831220239
v 0.3358566836 0.04038974433 0.1859970167
v 0.2966671214 -0.2834457904 0.1403452083
v 0.2883102149 -0.2842098996 0.1412300579
v 0.2920092866 -0.2922123298 0.137247365
v 0.1695217676 -0.4402152225 0.07792961039
v 0.1640547477 -0.4317018613 0.08090651967
v 0.159869194 -0.4415601045 0.07665314153
v 0.3655180633 -0.06632332783 0.173497282
v 0.3700136915 -0.05717755761 0.171874132
v 0.3618556187 -0.05823022313 0.1748191975
v 0.3661690205 -0.2757252306 0.1223389655
v 0.3705675378 -0.2679067925 0.1245634444
v 0.3610503748 -0.2702879384 0.1278491281
v 0.247098323 -0.2065018937 0.1638074256
v 0.2384537309 -0.2045102045 0.1639760099
v 0.2402433492 -0.2131097466 0.162151441
v -0.1557554081 -0.499942258 0.04843195528
v -0.1549757496 -0.5078085884 0.0441098474
v -0.1454461813 -0.5031470582 0.04660259187
v -0.5560943484 -0.124655569 0.0279293987
v -0.5581302643 -0.1148858294 0.02783489274
v -0.5462676883 -0.1120116543 0.04137319187
v -0.5532169342 -0.1085638721 0.03455678932
v -0.5601661801 -0.1051160898 0.02774038678
v -0.57630606 -0.1344822124 0.01060375106
v -0.5939626843 -0.1278761625 0
v -0.5851343721 -0.1311791874 0.005301875528
v -0.5827761292 -0.1412899233 0.005301875528
v -0.5892461985 -0.1480976343 0
v -0.1581146233 0.3892150521 0.1317850407
v -0.1668149121 0.3903341889 0.1300762761
v -0.1623738445 0.4046143889 0.1238648463
v -0.1689445227 0.3980338573 0.1261161789
v -0.1755152009 0.3914533257 0.1283675116
v -0.1506870426 0.393443577 0.1300204117
v -0.143259462 0.3976721019 0.1282557826
v -0.1528166533 0.4011432454 0.1260603145
v 0.2259154916 0.3194413856 0.1493063122
v 0.2306529135 0.3108696714 0.1517625414
v 0.2362146825 0.318609938 0.1471728124
v 0.1720621735 0.3050092459 0.1642163992
v 0.1671229862 0.313865453 0.1621156447
v 0.1610759534 0.3047255874 0.1660013832
v 0.3477146775 -0.02042728383 0.1794866137
v 0.3458160311 -0.02909543179 0.1799341813
v 0.3278846592 -0.02824746724 0.1838680245
v 0.335901022 -0.0330055235 0.1821248867
v 0.3439173847 -0.03776357975 0.1803817488
v 0.2795642242 -0.0005403175019 0.194134064
v 0.2693935335 0.001225538319 0.1948949546
v 0.2746233121 -0.008438210236 0.1941078976
v 0.2397879437 0.1770206131 0.1892149262
v 0.2324300371 0.1837104484 0.1887701713
v 0.2300358973 0.1740806438 0.1904702857
v 0.4578833207 0.02573643671 0.1271859743
v 0.4584379941 0.03568561864 0.1259226371
v 0.4505586252 0.03376315092 0.1309946347
v -0.3445971683 -0.4078898281 0.06042010896
v -0.3495814726 -0.3986709639 0.06312720757
v -0.354406625 -0.4053993151 0.05662834924
v -0.2409132011 0.4904119223 0.04704759736
v -0.2391249761 0.4991152138 0.04160782928
v -0.2197570466 0.4996382147 0.04955386277
v -0.2285468988 0.5037283599 0.04286096198
v -0.2373367511 0.5078185052 0.0361680612
v -0.2318106256 0.4601601362 0.0732134562
v -0.2237727158 0.4663980901 0.07239197381
v -0.2398485355 0.4539221823 0.07403493859
v -0.2296612039 0.4535740912 0.07859750092
v -0.2194738723 0.4532260001 0.08316006325
v -0.3913372681 0.3649449497 0.06381082162
v -0.3839993179 0.361485064 0.07159828115
v -0.3808555081 0.3699981123 0.06737250369
v 0.3348050565 0.4249773547 0.05108811986
v 0.3424746841 0.419878155 0.05117139593
v 0.3411703706 0.4295502976 0.04444034863
v 0.3374136835 0.4056330696 0.06455021445
v 0.3437789977 0.4102060124 0.05790244322
v 0.3501443118 0.4147789553 0.051254672
v 0.3565096259 0.4193518981 0.04460690077
v 0.2925691605 0.4450484812 0.05632800795
v 0.2925300449 0.4539531097 0.04973613471
v 0.2841129154 0.4531880096 0.05422878079
v -0.4762723148 0.2448244058 0.06204764824
v -0.4764561728 0.2361313105 0.06656647939
v -0.4760884568 0.2535175011 0.05752881709
v -0.4836908951 0.2469494157 0.05493808538
v -0.4912933335 0.2403813303 0.05234735366
v -0.460327141 0.2060003765 0.09350261278
v -0.4605427384 0.2146108299 0.08907424286
v -0.4446310177 0.218872156 0.09772879444
v -0.4526946768 0.2210467197 0.09118733369
v -0.4607583359 0.2232212834 0.08464587294
v -0.0739211347 0.3456657678 0.1538910121
v -0.0655740248 0.3430008143 0.1550875567
v -0.06548368651 0.3511137366 0.1519171633
v -0.1076051109 0.3397569731 0.1555585526
v -0.1173954345 0.3432920724 0.1540629901
v -0.1147142053 0.3330960944 0.1579443514
v -0.5331963003 0.1923801191 0.03750970401
v -0.5369821787 0.1816798672 0.03579850402
v -0.5301903188 0.182321582 0.04284230527
v -0.499143213 0.2150745727 0.0596049903
v -0.507425569 0.2168766372 0.05197855178
v -0.4988556802 0.2333624177 0.05002685729
v -0.5071380362 0.2351644821 0.04240041878
v -0.5072818026 0.2260205597 0.04718948528
v -0.515707925 0.2186787017 0.04435211327
v -0.5239902809 0.2204807661 0.03672567476
v 0.437014915 -0.150885772 0.1228047274
v 0.4421364293 -0.157647267 0.1175852288
v 0.4447216988 -0.1479040571 0.1183042098
v 0.4108359739 -0.1421594191 0.1403510347
v 0.406087555 -0.1356053948 0.1443766654
v 0.4022337496 -0.1437668707 0.1441516951
v 0.2070319951 0.4909064025 0.06028861273
v 0.2152060382 0.4935552478 0.05502860248
v 0.2058699466 0.4988615066 0.05388989951
v 0.1819497868 0.4797467068 0.07426318899
v 0.1725154929 0.4834023044 0.07262356579
v 0.1733138673 0.475535363 0.07821866497
v -0.4880295321 0.3333113194 0.01047552004
v -0.4957074746 0.3512223065 0
v -0.4918685034 0.3422668129 0.005237760022
v -0.4982390404 0.332910791 0.005237760022
v -0.5084485486 0.3325102627 0
v -0.5849573463 0.1321660988 0.005190847907
v -0.5936599523 0.1291990802 0
v -0.5675521344 0.1381001361 0.01557254372
v -0.5762547404 0.1351331174 0.01038169581
v -0.5825006366 0.142569948 0.005190847907
v -0.5800439268 0.1529737972 0.005190847907
v -0.5887465328 0.1500067785 0
v 0.394093819 0.4408317134 0.01211835025
v 0.3843120188 0.4383959323 0.01750694448
v 0.3923054114 0.4314359352 0.01884810627
v -0.4210117608 0.2468508892 0.1004889235
v -0.4293904603 0.249339778 0.09434076957
v -0.4290617257 0.240499571 0.09822385944
v -0.3968395442 0.2680088282 0.1067393981
v -0.3882444054 0.2760825157 0.1086658202
v -0.3976911306 0.2772306502 0.1026502326
v -0.5607361943 0.009583777399 0.04428499425
v -0.5661185086 0.0003085868666 0.04069774505
v -0.5581883341 0.00118096103 0.04828658747
v -0.5892045051 0.03078248212 0.01395690115
v -0.5953366905 0.02344938483 0.009304600768
v -0.6009946913 0.03288995428 0.004652300384
v -0.6071268767 0.02555685699 0
v -0.6012317836 0.02450312091 0.004652300384
v -0.601468876 0.01611628754 0.004652300384
v -0.6076010615 0.008783190257 0
v 0.300901629 0.3305232972 0.1247715913
v 0.2832792178 0.3454723358 0.1222717389
v 0.2920904234 0.3379978165 0.1235216651
v 0.2929303795 0.3288609311 0.1279259045
v 0.28495913 0.327198565 0.1310802177
v 0.3336344957 0.3161207959 0.1210430376
v 0.3400584385 0.3072756529 0.1228192542
v 0.3431609645 0.3163755909 0.1174426544
v -0.3484440669 -0.3019606844 0.1156554539
v -0.3439707533 -0.2940705493 0.1215498932
v -0.3542517126 -0.2933923155 0.1176089142
v -0.5035374686 -0.06868358888 0.09356302023
v -0.5077166632 -0.07605382893 0.08790791221
v -0.4991301 -0.07936623786 0.09464617632
v -0.5072318166 -0.04061373929 0.09540623799
v -0.5148885101 -0.03859877726 0.0890873298
v -0.5141641647 -0.02057981817 0.08994876966
v -0.5183546841 -0.0285818167 0.08635859564
v -0.5225452036 -0.03658381524 0.08276842162
v -0.2171432227 -0.01975991414 0.1921461895
v -0.2133403644 -0.03992592636 0.1903764606
v -0.2152417935 -0.02984292025 0.191261325
v -0.2068402432 -0.02378749161 0.1903391965
v -0.1965372637 -0.02781506907 0.1885322034
v -0.5485552549 0.07164034992 0.04512769356
v -0.5509460419 0.08057184983 0.04110005312
v -0.5552037507 0.07192215975 0.03851549141
v -0.5416358709 0.04468033044 0.05690009892
v -0.5462323129 0.03588901646 0.05392587744
v -0.5391593277 0.03572493466 0.06100688316
v 0.4242627174 -0.2915534452 0.07989816554
v 0.4143875465 -0.2930105925 0.08571633697
v 0.4166501388 -0.3006629273 0.07948282175
v 0.4590732083 -0.2781192213 0.06233790424
v 0.466265291 -0.2805109844 0.05499888398
v 0.469203867 -0.2728598639 0.05751949083
v -0.106735196 0.4342276454 0.1103273593
v -0.111186862 0.4432107955 0.104647534
v -0.1176333763 0.4371404201 0.107921334
v -0.2292979471 0.3496003374 0.1354546472
v -0.2373921201 0.3507489488 0.1329818033
v -0.2368413471 0.3420691341 0.1369162463
v -0.2112645917 0.3715897053 0.1298054233
v -0.2055460401 0.3790919557 0.1279164702
v -0.2145873606 0.3796942309 0.1250339076
v -0.133620657 0.502132833 0.06313844956
v -0.1364452355 0.5102876648 0.05629516765
v -0.144061815 0.5035898164 0.06069820561
v 0.4912163839 0.2386912294 0.05331425928
v 0.4858043417 0.2479623035 0.05269321706
v 0.4827043861 0.2411947288 0.05881886836
v 0.5132921189 0.2245151438 0.04316406697
v 0.5164195597 0.2311867848 0.0370707335
v 0.5295955092 0.2197121195 0.0326308161
v 0.5245712548 0.2287852727 0.03180410806
v 0.5195470005 0.2378584258 0.03097740002
v 0.1821767353 -0.3946232498 0.09724195302
v 0.1774236858 -0.4040191248 0.09323237836
v 0.1873210408 -0.4041038677 0.09431837499
v -0.51901187 0.01659287885 0.08225082792
v -0.5160170048 0.007300800178 0.08600716852
v -0.5114088058 0.0158723793 0.08855064213
v -0.03780823702 0.5297417492 0.05347837415
v -0.02919445571 0.5346974581 0.05090648029
v -0.01568223548 0.5234204084 0.06114362646
v -0.01813145494 0.5315367877 0.05473910645
v -0.02058067441 0.5396531671 0.04833458643
v 0.008415572112 0.5697682351 0.0264309058
v 0.01124042016 0.5623583347 0.03160781972
v -0.006805551006 0.5584062487 0.03504908364
v 0.003629858606 0.5566773415 0.03591690864
v 0.01406526822 0.5549484342 0.03678473365
v 0.1521458849 0.3960551247 0.1286797263
v 0.1536543071 0.3861093149 0.1335648801
v 0.161020942 0.3928350657 0.1298735123
v 0.05964991916 0.2896419987 0.1724358872
v 0.05011823121 0.2873644009 0.1730411313
v 0.05737882666 0.2807660699 0.1747890972
v 0.3552328646 -0.3242546618 0.1008268204
v 0.3452891931 -0.3218849525 0.1067203116
v 0.3476513997 -0.3317906633 0.1002307422
v 0.5223893821 0.1699676029 0.05368850287
v 0.5185433179 0.162860781 0.05914699007
v 0.5253137499 0.1593824364 0.05268389732
v 0.5223774463 0.2048866116 0.04356603138
v 0.5259864777 0.2122993656 0.03809842374
v 0.5178347826 0.2147008777 0.04336504918
v 0.5424888283 -0.03034814866 0.0654044589
v 0.5478142053 -0.03569201799 0.05819210131
v 0.5484769046 -0.02534519974 0.05896166712
v 0.1586763188 0.4423045442 0.1016212087
v 0.1579122469 0.4504494593 0.096567614
v 0.1495840997 0.4455867559 0.1003123932
v -0.3822220713 -0.002586917719 0.1676748991
v -0.3793535382 0.005808136892 0.1688599512
v -0.3874675333 0.006591527956 0.1656322256
v -0.3937838972 -0.02861809637 0.1630443037
v -0.4033160359 -0.02832921688 0.1592525542
v -0.3981905133 -0.03736465424 0.1613478363
v 0.4777820781 0.0995441284 0.1053706054
v 0.4696698263 0.1032509096 0.1113444064
v 0.4725640267 0.09482713602 0.1100195237
v 0.4974221215 0.08606503531 0.09140065312
v 0.4979721531 0.07657122798 0.09209021181
v 0.50318183 0.08106953837 0.0873638615
v -0.3713532686 0.07787432335 0.1707309633
v -0.3815758005 0.07912143879 0.1667264104
v -0.3776758835 0.06945086643 0.1685875356
v -0.3416175023 0.09972838312 0.1780537665
v -0.3320673183 0.1035994012 0.1800799482
v -0.3379770666 0.1105350833 0.1772024073
v 0.5078866035 0.04506996414 0.08797681704
v 0.5008277372 0.04927976849 0.09307525493
v 0.5012841001 0.04019023106 0.09374282695
v 0.5331629962 0.04894875456 0.06476897188
v 0.5408851206 0.04545804765 0.05758987181
v 0.5370558947 0.05564832315 0.05960467458
v 0.1171663515 0.5475918204 0.02905969135
v 0.1248769797 0.5525487214 0.02393455571
v 0.1135830581 0.5548404753 0.02389860945
v 0.3690516129 0.3823437765 0.06669801101
v 0.357593447 0.3846266866 0.07062877715
v 0.3650107309 0.3755753562 0.07390705869
v 0.3517807126 -0.1271430757 0.1696321443
v 0.3556075618 -0.1364948414 0.1663506255
v 0.361075677 -0.1273880582 0.1664972454
v 0.2731753141 0.3814246431 0.1058906894
v 0.2795942947 0.3727135137 0.1086300761
v 0.2831683084 0.3821066767 0.1021320391
v 0.2527312525 0.4063134566 0.09883533604
v 0.2551115714 0.4152601585 0.09298754297
v 0.2463188469 0.4142264724 0.0966085121
v 0.3934792876 -0.4185523167 0.02464619419
v 0.3846649826 -0.420331277 0.02945018467
v 0.3882938921 -0.425453946 0.02356881229
v -0.2897197455 0.3383414075 0.1240100097
v -0.2992130443 0.3357259259 0.1222806964
v -0.2920855209 0.3294409364 0.1276898161
v -0.2665362582 0.3613350615 0.1193771642
v -0.2585803568 0.3640150651 0.1205059141
v -0.2631677464 0.3701327592 0.1155660618
v -0.1770328246 -0.4307089746 0.08364411443
v -0.1806424223 -0.4220621064 0.08793541044
v -0.1734232269 -0.4393558428 0.07935281843
v -0.1675942615 -0.4332994893 0.08131471276
v -0.161765296 -0.4272431359 0.0832766071
v -0.1642649472 -0.4656821862 0.06644395459
v -0.1620653719 -0.4743852019 0.06181490421
v -0.155086875 -0.4686022922 0.06441733148
v 0.2931950912 -0.04732529726 0.189404875
v 0.3002001867 -0.03897171468 0.1886362955
v 0.2894358188 -0.03743228782 0.1904452816
v 0.304184787 -0.09015246667 0.1846232638
v 0.3106115237 -0.08220835403 0.1840799749
v 0.3015818596 -0.07931090333 0.1859454289
v -0.1477484815 0.3480321541 0.1511568204
v -0.1587895267 0.3474988192 0.1506105587
v -0.1545889303 0.3395744935 0.1541738361
v -0.4390477389 -0.1155546643 0.1306421049
v -0.4454197735 -0.1073560026 0.1283819638
v -0.4469648004 -0.1165809762 0.1248938888
v -0.1928085722 -0.3358812705 0.1194122341
v -0.1998611987 -0.3428324088 0.1182519644
v -0.1900253855 -0.3448806405 0.1159284357
v 0.1630751044 -0.2895659208 0.1256217808
v 0.1539119594 -0.2920638546 0.1226625182
v 0.1722382493 -0.287067987 0.1285810433
v 0.1646385156 -0.279736571 0.1285212226
v 0.1570387818 -0.272405155 0.1284614019
v 0.2537465505 0.2317744493 0.1749196686
v 0.2497337796 0.241969239 0.1723830961
v 0.2449661195 0.2356188037 0.1750181615
v -0.2769824564 0.1352974344 0.188128002
v -0.2866064906 0.1332388688 0.1863867715
v -0.2804620266 0.1262613125 0.1884094626
v -0.5579903722 0.1060404852 0.02906486578
v -0.5610471517 0.1141680516 0.0243414701
v -0.5638448447 0.1058003642 0.02319615288
v -0.3815429807 -0.1744823791 0.1462000012
v -0.3885752484 -0.1673330553 0.144763045
v -0.390149124 -0.1761345938 0.1418773904
v -0.07176289242 0.593517825 0.006132899784
v -0.06185446586 0.594464764 0.006132899784
v -0.0677046366 0.6038097739 0
v -0.06006255094 0.5748278052 0.01839869935
v -0.05015412439 0.5757747442 0.01839869935
v -0.05600429513 0.5851197541 0.01226579957
v -0.05194603931 0.595411703 0.006132899784
v -0.04203761276 0.596358642 0.006132899784
v -0.0478877835 0.6057036519 0
v -0.3152530864 -0.153659258 0.1724354774
v -0.3182715252 -0.1633415185 0.1691497527
v -0.3091375381 -0.1623533368 0.1714279987
v -0.5879894346 -0.07434095722 0.01071066689
v -0.5795259774 -0.07819082495 0.01591803646
v -0.5814371556 -0.06833294965 0.01621396421
v -0.4781245589 -0.3622550592 0.004501549993
v -0.4817198738 -0.3702370003 0
v -0.474529244 -0.3542731181 0.009003099985
v -0.4844437167 -0.3537289202 0.004501549993
v -0.4943581894 -0.3531847224 0
v -0.5414233208 -0.250218112 0.01007939223
v -0.5558128953 -0.2453406937 0
v -0.548618108 -0.2477794029 0.005039696116
v -0.5440993011 -0.2575447336 0.005039696116
v -0.5467752814 -0.2648713551 0
v 0.498698011 0.3167478517 0.01091800816
v 0.4884006903 0.3172295094 0.0161701208
v 0.4939138219 0.3082095608 0.01658390369
v -0.3329165652 -0.4990746751 0.00398777239
v -0.3370189369 -0.4891365543 0.006653050659
v -0.3232133016 -0.4865212962 0.01196331717
v -0.3321673051 -0.4828598648 0.01064082305
v -0.3411213085 -0.4791984335 0.009318328928
v -0.5230946913 0.2761859819 0.01166253258
v -0.5194750205 0.2677929327 0.01702529471
v -0.5126911551 0.2762096673 0.01796230301
v 0.2391347103 0.5254964381 0.02291063033
v 0.245777376 0.5314117372 0.01642138185
v 0.236004632 0.5335850865 0.01946774544
v 0.2586801983 0.5211497396 0.01681790315
v 0.2653228641 0.5270650387 0.01032865467
v 0.25555012 0.5292383879 0.01337501826
v 0.2524200417 0.5373270363 0.009932133369
v 0.2590627074 0.5432423353 0.003442884888
v 0.2492899634 0.5454156846 0.006489248481
v 0.3546297923 0.1872545332 0.154711172
v 0.348890312 0.1959770843 0.1547636911
v 0.3442179114 0.1860935017 0.159176968
v 0.3869586363 0.1716064103 0.145405855
v 0.3936557695 0.163114395 0.1448898278
v 0.3964389861 0.1720118225 0.1411348805
v -0.4842878953 -0.2675495893 0.04829559848
v -0.4895886555 -0.2725269496 0.04036861658
v -0.480066672 -0.27624093 0.04604076967
v -0.4693979248 -0.2529268637 0.06965403631
v -0.4604767784 -0.2562941983 0.07473827899
v -0.4645086378 -0.2486055046 0.07574642077
v 0.0329037495 0.5819022506 0.01618008781
v 0.04323742492 0.5806247145 0.01576881297
v 0.03944768989 0.5896328092 0.01064963359
v 0.4792879298 -0.1769132502 0.08588628843
v 0.476934962 -0.1868290529 0.08520093188
v 0.4844927192 -0.1829109676 0.08007439226
v -0.4002110362 0.4369298145 0.01139493659
v -0.4015177488 0.4559061453 0
v -0.4008643925 0.4464179799 0.005697468296
v -0.4093878567 0.4386185557 0.005697468296
v -0.4185646772 0.4403072968 0
v -0.3904102892 0.4187437892 0.0281518558
v -0.3821791112 0.4167457744 0.03379312623
v -0.3904691488 0.4047255516 0.03887582105
v -0.382208541 0.4097366557 0.03915510885
v -0.3739479333 0.4147477597 0.03943439666
v -0.2809205875 0.2737105414 0.1556037031
v -0.2732677758 0.2669502497 0.1598634869
v -0.2707212344 0.2761946693 0.1569994129
v -0.4237797186 0.3790180236 0.0322191678
v -0.4299899116 0.3701517284 0.03198051872
v -0.4209755361 0.370840475 0.03888712218
v -0.4054067135 0.4038982689 0.02965185046
v -0.3979379311 0.4043119103 0.03426383575
v -0.3979085013 0.4113210291 0.02890185313
v 0.04203673359 0.4719439074 0.09264227189
v 0.03732057381 0.4645696431 0.0974451229
v 0.04675289337 0.4793181717 0.08783942088
v 0.03647136688 0.4795695916 0.08850273676
v 0.0261898404 0.4798210114 0.08916605264
v 0.08229312301 -0.5769377351 0.01162501378
v 0.08790471032 -0.5832886845 0.00805049832
v 0.0905645825 -0.573619768 0.01252648118
v 0.04583570082 -0.5807998478 0.01306114136
v 0.04200577084 -0.5704945922 0.01780445431
v 0.0496656308 -0.5911051035 0.008317828411
v 0.05463713594 -0.581936568 0.01189234387
v 0.05960864108 -0.5727680326 0.01546685933
v -0.5076377392 -0.1756269485 0.0619448293
v -0.499808535 -0.1734717898 0.06928176712
v -0.5049619824 -0.1673684753 0.06657820847
v 0.4060412049 -0.3340354338 0.06604999769
v 0.3986317441 -0.3426417485 0.06564423908
v 0.4081917182 -0.3420398086 0.05967179127
v 0.5519129932 0.1465835311 0.02733757487
v 0.5488222837 0.1570489183 0.02843338763
v 0.5452479422 0.1496504582 0.03366238717
v 0.5761943012 0.1373793297 0.009958474897
v 0.5931564718 0.1315501519 0
v 0.5846753865 0.1344647408 0.004979237448
v 0.5822387636 0.1446220316 0.004979237448
v 0.5882832259 0.1518647335 0
v 0.1720122248 0.1170695033 0.1966329738
v 0.1769200005 0.1087748446 0.1970596276
v 0.1831969433 0.1171648484 0.1969846152
v -0.07371067349 0.4955607653 0.07475623861
v -0.06513415277 0.5005488992 0.07234387659
v -0.07532739174 0.5032451153 0.06896316819
v -0.09772197157 0.4791404754 0.08350980654
v -0.1076430827 0.4815486595 0.08087488264
v -0.104852356 0.4729844853 0.08669286594
v 0.1573877409 -0.5418004096 0.02388792578
v 0.168914862 -0.5399214327 0.02393571706
v 0.1604793221 -0.5333743095 0.02893054532
v 0.1296782549 -0.5633210093 0.01387474034
v 0.1193599738 -0.5654528588 0.01365134446
v 0.1269057523 -0.5724046826 0.0091753616
v -0.02229057765 0.2870555148 0.1732191741
v -0.02938513714 0.293555975 0.1712824069
v -0.03205529856 0.2852935567 0.1736229248
v 0.2726079859 0.1087940782 0.1916470081
v 0.2618863657 0.1132819839 0.1928094067
v 0.2648606338 0.1025549285 0.1931441985
v -0.3763814941 -0.1103297845 0.1649126597
v -0.3803082779 -0.1169314459 0.161426764
v -0.371895507 -0.1213736385 0.1641774923
v -0.1687314026 -0.4082136378 0.09079958126
v -0.1746869124 -0.4151378721 0.08936749585
v -0.1652483493 -0.4177283868 0.08703809418
v -0.1619297154 -0.3751493543 0.1005592551
v -0.1548136249 -0.3674856573 0.1015933678
v -0.1647165753 -0.3661877513 0.1040912438
v -0.3245394379 -0.2217873894 0.1529519409
v -0.3180957884 -0.2303350419 0.1520822458
v -0.3152763546 -0.2204603739 0.1552509852
v -0.2098931745 -0.305138804 0.1325538326
v -0.1908566952 -0.309982501 0.1272461694
v -0.2003749348 -0.3075606525 0.129900001
v -0.2026924975 -0.2976123914 0.1330898684
v -0.1954918206 -0.2900859788 0.1336259041
v -0.2392657064 -0.298524566 0.1381555162
v -0.2426509336 -0.2882358208 0.1413145848
v -0.2485340945 -0.297094509 0.1384803355
v 0.08163961489 0.350175716 0.1519803964
v 0.08624680433 0.3575713634 0.1490784325
v 0.07467344217 0.3578760549 0.1491259336
v 0.1727818884 -0.06441440154 0.1780612357
v 0.1814115718 -0.06983195338 0.1787665077
v 0.1790751256 -0.06035627238 0.1798123047
v -0.3032031283 0.4262735546 0.06530783884
v -0.2999396399 0.4208325669 0.07090787962
v -0.3179868534 0.4113985002 0.06948790886
v -0.3073315024 0.4133950397 0.07299791463
v -0.2966761515 0.4153915793 0.0765079204
v -0.5417959094 -0.1313080732 0.04067628505
v -0.5440317988 -0.1216598637 0.04102473846
v -0.5489451289 -0.1279818211 0.03430284187
v -0.09311730973 -0.5887715816 0.004794090055
v -0.09101130813 -0.5992673188 0
v -0.09732931294 -0.5677801073 0.01438227016
v -0.09522331133 -0.5782758445 0.00958818011
v -0.1016813349 -0.5864915401 0.004794090055
v -0.1102453601 -0.5842114985 0.004794090055
v -0.1081393585 -0.5947072357 0
v 0.2076860107 0.4260791391 0.1029903535
v 0.2156164125 0.4269195646 0.09991824813
v 0.2080495097 0.4335737526 0.09876173362
v 0.186144866 0.4156765938 0.1139854267
v 0.178429991 0.4189599231 0.1134085618
v 0.180612497 0.4103257582 0.1182566397
v 0.3160004318 -0.1753975749 0.1668873578
v 0.3127857223 -0.1867875457 0.1645788215
v 0.3219371364 -0.185024932 0.1629767753
v -0.09395332821 0.283431232 0.1743141413
v -0.08684193902 0.2784458026 0.1754853353
v -0.08593358845 0.2884403244 0.1728847548
v 0.4074028507 -0.01279245596 0.1571143493
v 0.413497135 -0.02108484844 0.154792659
v 0.4160440937 -0.01082070533 0.152901724
v -0.11659519 0.08922525123 0.1913853996
v -0.1051957719 0.07453985885 0.1895798184
v -0.110895481 0.08188255504 0.190482609
v -0.105828695 0.09090370685 0.1910451911
v -0.09506219998 0.09258216247 0.1907049827
v -0.5235404372 -0.09577032737 0.06819412578
v -0.5287584215 -0.1021648366 0.06133926287
v -0.5213804692 -0.1050344855 0.06772857439
v 0.01415500231 0.4631661624 0.09978410602
v 0.02573778806 0.4638679028 0.09861461446
v 0.02017242135 0.4714935869 0.09447507933
v -0.4341858253 0.1197912693 0.1347312108
v -0.4302000329 0.110546492 0.1379651353
v -0.4256298393 0.1195478812 0.1397487223
v -0.3171964958 0.2279412299 0.1598191559
v -0.3258561566 0.2240209617 0.1570608541
v -0.3186551481 0.218536716 0.161425747
v 0.4974352568 -0.2606365755 0.04132822063
v 0.5026743263 -0.2657567784 0.03336250689
v 0.5073583424 -0.256203562 0.03540047072
v -0.2622527927 0.0515840929 0.1957229823
v -0.2514792532 0.05002917349 0.1961754821
v -0.2563122809 0.0595534537 0.1960465498
v -0.2839692533 0.02896822267 0.1944003664
v -0.2915528864 0.02213945636 0.1933903173
v -0.2813880295 0.01959556015 0.194863867
v -0.42909915 -0.3797443137 0.02324838005
v -0.4209908769 -0.3851807564 0.02568174177
v -0.4249520302 -0.3750778362 0.02881768416
v 0.4234790877 0.1727508716 0.1278969981
v 0.4296362475 0.164355129 0.1276096366
v 0.4320984632 0.1725828238 0.122972399
v 0.4472931325 -0.3726061732 0.01570627512
v 0.457416065 -0.3737106919 0.01045159623
v 0.4535662159 -0.3647813052 0.01564851357
v -0.4250896126 -0.264484141 0.09488473833
v -0.4303355142 -0.254796952 0.09624776803
v -0.4343162999 -0.2622104399 0.08998229541
v 0.003999061417 0.4114632159 0.1271168515
v 0.01193186594 0.4051653519 0.1301226355
v 0.01366848778 0.4141624346 0.1256492771
v 0.4890176728 -0.1381131783 0.08792713843
v 0.4865658656 -0.1477556918 0.08740010671
v 0.4942438155 -0.1441541668 0.08188964054
v 0.4829525352 -0.1066928338 0.1009144168
v 0.4852022752 -0.09728231095 0.1014677379
v 0.4774119928 -0.1003665142 0.1067838445
v -0.5730308443 -0.03756722854 0.03007002687
v -0.5686068982 -0.03332441254 0.03624974843
v -0.57368958 -0.0269102063 0.03194714291
v 0.3718223795 0.08853708953 0.1697501689
v 0.3761947006 0.09836114943 0.1673977338
v 0.3680014834 0.09820026159 0.169933442
v 0.3958271965 0.05285472982 0.1613691337
v 0.3935411572 0.04310688097 0.1631409861
v 0.3981132358 0.06260257866 0.1595972814
v 0.3884037957 0.06150238868 0.1642952487
v 0.3786943555 0.06040219869 0.168993216
v 0.01516149965 0.203638088 0.187549714
v 0.01279334382 0.1945691034 0.188136071
v 0.02346751982 0.1975444667 0.1882140301
v -0.2273154669 -0.3945405334 0.09962165728
v -0.2208879441 -0.3879766092 0.1025613751
v -0.2310976721 -0.3855816051 0.1032337602
v -0.4807753637 0.1583676301 0.09552575648
v -0.4772361666 0.1489259675 0.09948210977
v -0.472791411 0.1571758501 0.1015632618
v -0.4880148023 0.1858743206 0.08171184361
v -0.4819839746 0.1935151741 0.08317624964
v -0.4897619188 0.195106715 0.07642738335
v -0.2281286307 0.4840046018 0.05765432958
v -0.2239428386 0.4918214083 0.05360409617
v -0.2345209159 0.4872082621 0.05235096347
v -0.2147381417 0.4668483883 0.07512934878
v -0.2104392983 0.4536762983 0.08589743823
v -0.21258872 0.4602623433 0.08051339351
v -0.2057035677 0.4672986865 0.07786672376
v -0.1966689937 0.4677489847 0.08060409874
v -0.5131198615 0.2372836843 0.03645373322
v -0.5191016868 0.2394028865 0.03050704766
v -0.5215459839 0.2299418263 0.03361636121
v -0.4914370999 0.2312374078 0.05713642016
v -0.4915808663 0.2220934853 0.06192548666
v -0.4840185195 0.2291123979 0.06424598303
v -0.1775652803 0.5390148759 0.02678621374
v -0.188175492 0.5361170471 0.02760329051
v -0.1801491268 0.5325451791 0.03174394416
v -0.1536038592 0.5602646321 0.01542645413
v -0.1443530433 0.562526986 0.01509435335
v -0.1520873122 0.5698845088 0.0101736025
v -0.3103263155 0.4281550348 0.06047698297
v -0.3245726898 0.4319179952 0.05081527121
v -0.3174495026 0.430036515 0.05564612709
v -0.317718178 0.4207175076 0.06256701797
v -0.3251100406 0.4132799804 0.06465705298
v -0.4229343906 0.2827815637 0.08387337998
v -0.4303522259 0.2846954539 0.07726026885
v -0.4304615036 0.2760486305 0.08181439154
v 0.3576884121 0.4336856231 0.03303900082
v 0.3494293913 0.4316179603 0.03873967472
v 0.357099019 0.4265187606 0.0388229508
v 0.5645140409 0.1052092202 0.0226502656
v 0.5676083118 0.09488460049 0.02159862267
v 0.5614197701 0.1155338399 0.02370190853
v 0.5580765158 0.1083410829 0.0285385102
v 0.5547332615 0.1011483259 0.03337511187
v -0.5572423935 0.1678560823 0.02028262708
v -0.5606789738 0.1579374336 0.0187125993
v -0.5766073465 0.1628924459 0.006760875694
v -0.5703614503 0.1554556154 0.0119517236
v -0.5641155541 0.1480187848 0.01714257151
v -0.06440577097 -0.5583644509 0.0216795709
v -0.07379829977 -0.5616119206 0.01950468635
v -0.06611783896 -0.5669068992 0.01765812794
v -0.4984841645 -0.02283516526 0.1019719653
v -0.5063241646 -0.02170749172 0.09596036747
v -0.5028579906 -0.03172445227 0.09868910164
v -0.4733930901 -0.006696448661 0.1192396395
v -0.4650533944 -0.007312915055 0.124665441
v -0.4688555375 0.002297120867 0.1217870507
v -0.4529135078 0.2043107525 0.09851291403
v -0.4454998747 0.2026211284 0.1035232153
v -0.4450654462 0.2107466422 0.1006260049
v 0.0836946927 0.1433722898 0.1915916055
v 0.09310971573 0.1432329342 0.1919995993
v 0.08459078521 0.1515521109 0.1917781532
v 0.2756883129 0.3381997198 0.1279172599
v 0.2680974081 0.3309271038 0.1335627809
v 0.2765282691 0.3290628344 0.1323214993
v -0.1899357252 0.4520123303 0.09138886631
v -0.1933023594 0.4598806575 0.08599648252
v -0.2001875117 0.4528443143 0.08864315227
v -0.1590684578 0.4470425323 0.09862190671
v -0.1487336494 0.4447102323 0.1009374429
v -0.1521544196 0.4531053454 0.09540131316
v -0.1370961852 0.05190200824 0.1898839176
v -0.1268248744 0.03603034187 0.187178269
v -0.1319605298 0.04396617506 0.1885310933
v -0.1264397576 0.05379563011 0.1891440824
v -0.1157833301 0.05568925198 0.1884042472
v -0.6001099646 0.04283475829 0.004652300384
v -0.6060050577 0.04388849437 0
v -0.5942148715 0.04178102221 0.009304600768
v -0.599225238 0.05277956231 0.004652300384
v -0.6042356044 0.0637781024 0
v -0.2693286911 -0.4983828291 0.02435897384
v -0.2570535317 -0.5141183808 0.01786950789
v -0.2631911114 -0.506250605 0.02111424087
v -0.2599278539 -0.4997541234 0.02697841963
v -0.2505270168 -0.5011254176 0.02959786542
v -0.3173609301 -0.4993300438 0.00797554478
v -0.3270641938 -0.5118834227 0
v -0.322212562 -0.5056067333 0.00398777239
v -0.3115085587 -0.5121387914 0.00398777239
v -0.3056561872 -0.524947539 0
v -0.5583456755 0.2169667371 0.008472075686
v -0.5682302862 0.2151206844 0
v -0.5484610647 0.2188127898 0.01694415137
v -0.5546211153 0.2263327241 0.008472075686
v -0.560781166 0.2338526584 0
v -0.19851055 -0.05094806943 0.185415566
v -0.1975239068 -0.03938156925 0.1869738847
v -0.2059254572 -0.0454369979 0.1878960133
v -0.3411487564 0.4201799184 0.0515455585
v -0.3331293985 0.4167299494 0.05810130574
v -0.3328607231 0.4260489568 0.05118041486
v 0.4594157487 0.3382459059 0.02542819642
v 0.4496179372 0.3547093496 0.02445966192
v 0.454516843 0.3464776278 0.02494392917
v 0.4511401653 0.3415289745 0.03033220954
v 0.4428645819 0.344812043 0.03523622267
v 0.4354812428 0.3504642546 0.03815002646
v 0.4271020219 0.3533590659 0.04335576855
v 0.4274679199 0.3716659844 0.0332010733
v 0.4230953604 0.3639599308 0.04088129196
v 0.4187228009 0.3562538773 0.04856151063
v 0.5452471823 -0.1729933769 0.02754561184
v 0.5380102396 -0.1759124286 0.0336213368
v 0.5421571881 -0.1835975312 0.02804671135
v -0.00773368869 0.5650959164 0.02991476748
v -0.0001231271308 0.5707769096 0.02560567856
v -0.008661826374 0.5717855841 0.02478045132
v 0.04931132775 -0.5622124374 0.02104072436
v 0.04050989263 -0.5610757172 0.02220952185
v 0.05811276287 -0.5633491576 0.01987192687
v 0.05661688466 -0.5539302826 0.0242769944
v 0.05512100644 -0.5445114076 0.02868206194
v 0.3285429552 0.03670123103 0.1875135861
v 0.3212292269 0.03301271773 0.1890301555
v 0.3272028714 0.02639477002 0.1874067225
v 0.3674076572 0.03567552753 0.1736121736
v 0.3601768762 0.04221189115 0.1765940301
v 0.3699831888 0.05792508088 0.1724836119
v 0.3627524078 0.0644614445 0.1754654683
v 0.361464642 0.05333666783 0.1760297492
v 0.3529460952 0.04874825478 0.1795758866
v 0.3457153141 0.0552846184 0.182557743
v -0.2469910979 -0.1808939017 0.1704165079
v -0.2541607618 -0.1766703874 0.1717780158
v -0.2556905746 -0.1858461313 0.1692828126
v -0.2157884277 -0.1788865142 0.1661912613
v -0.2081316262 -0.1836982481 0.1630908847
v -0.2081116997 -0.1727961078 0.1652942039
v -0.5633411258 0.1767102815 0.01352175139
v -0.5755385906 0.1944186799 0
v -0.5694398582 0.1855644807 0.006760875694
v -0.5730236024 0.1742284633 0.006760875694
v -0.5827060789 0.1717466451 0
v 0.326696001 0.4233160615 0.05625362881
v 0.3185869455 0.4216547683 0.06141913775
v 0.3280003145 0.4136439189 0.0629846761
v 0.3257031292 0.4499847144 0.03668246372
v 0.3260536864 0.4580765963 0.03043421917
v 0.3175549582 0.4572280496 0.03525609942
v -0.0872788094 -0.5110095739 0.04254696425
v -0.09888983518 -0.5159632415 0.04030010756
v -0.112831194 -0.5047967434 0.04569297004
v -0.1116660275 -0.5128568262 0.04187311046
v -0.110500861 -0.520916909 0.03805325087
v -0.2100425251 -0.5183390081 0.030234206
v -0.2161174156 -0.5239176601 0.024867523
v -0.2088606283 -0.5274107903 0.02462907042
v 0.2951196283 -0.4647700042 0.03924533958
v 0.3049647585 -0.4642024487 0.03521426301
v 0.3003379777 -0.456971854 0.04315958591
v 0.4639384523 0.3691979647 0.00953569077
v 0.4549401999 0.3688494936 0.01430353615
v 0.4819349572 0.3698949069 0
v 0.4729367048 0.3695464358 0.004767845385
v 0.4658840373 0.3783894554 0.004767845385
v 0.4678296223 0.3875809461 0
v 0.4588313699 0.387232475 0.004767845385
v 0.434851259 0.3660137728 0.0302872695
v 0.4308445975 0.3766146377 0.02781279292
v 0.4388579205 0.3554129079 0.03276174609
v 0.4422345981 0.3603615612 0.02737346571
v 0.4456112757 0.3653102145 0.02198518533
v -0.184591379 -0.2926027998 0.1302246712
v -0.1822738163 -0.3025510609 0.1270348039
v -0.1736909375 -0.2951196209 0.1268234383
v -0.1571579129 -0.57424739 0.004432070069
v -0.1674026661 -0.5715198964 0.004432070069
v -0.1657814793 -0.5793609172 0
v -0.1604002863 -0.5585653484 0.01329621021
v -0.1690238528 -0.5636788756 0.008864140138
v -0.1776474193 -0.5687924027 0.004432070069
v -0.1862709858 -0.5739059299 0
v -0.1391165014 -0.4410111457 0.07471242733
v -0.1357673947 -0.4499876052 0.07072390988
v -0.1292553768 -0.4432121813 0.07246616669
v -0.06055232603 0.5436070263 0.04007989075
v -0.06188761164 0.5517521203 0.03380135354
v -0.07089812867 0.5461665392 0.03679257073
v -0.03718152584 0.5222263485 0.05939499289
v -0.03655481467 0.5147109479 0.06531161163
v -0.02611852507 0.5190656781 0.06322761904
v 0.3422991484 0.07481565792 0.1809277646
v 0.3440072313 0.06505013816 0.1817427538
v 0.3525257781 0.06963855121 0.1781966165
v -0.442529954 -0.2896285504 0.06783842295
v -0.4473768249 -0.2811513916 0.06965686567
v -0.452076748 -0.2864753976 0.06231779419
v 0.2259939425 0.5378040373 0.01946774544
v 0.2152598575 0.5419846624 0.01823453698
v 0.2192578949 0.5580725372 0.006489248481
v 0.2118918337 0.5521189123 0.0117452885
v 0.2045257725 0.5461652875 0.01700132852
v -0.04113319516 0.5792750269 0.01697102655
v -0.03211226594 0.5827753097 0.01554335374
v -0.03707493935 0.5895669758 0.01083812676
v -0.06961339153 0.5755927414 0.01636943407
v -0.07546356227 0.5849377513 0.01023653429
v -0.07916423213 0.5763576776 0.0143401688
v -0.2460733503 -0.5089689791 0.02566717751
v -0.2493366078 -0.5154654607 0.01980299875
v -0.2416196838 -0.5168125406 0.02173648961
v 0.3761188239 0.03815264534 0.1701217778
v 0.3848299906 0.04062976316 0.166631382
v 0.3774065897 0.04927742202 0.1695574969
v 0.3382847458 0.002973472932 0.1835812964
v 0.3468556106 0.006743570324 0.1807063036
v 0.351181373 -0.01002030377 0.1793910377
v 0.3597522378 -0.006250206381 0.1765160449
v 0.3533039242 0.0002466819715 0.1786111742
v 0.3554264754 0.01051366772 0.1778313108
v 0.3639973402 0.01428376511 0.174956318
v 0.5693247765 0.1883282103 0.006075050216
v 0.574766621 0.1966472752 0
v 0.5638829321 0.1800091453 0.01215010043
v 0.5730181038 0.17678646 0.006075050216
v 0.5821532756 0.1735637747 0
v 0.5642629862 0.08860628493 0.02619156707
v 0.5707005113 0.0854744222 0.02030332247
v 0.557825461 0.09173814766 0.03207981167
v 0.5609176606 0.08232796937 0.03078451147
v 0.5640098602 0.07291779108 0.02948921127
v 0.5812456161 0.08825245127 0.01178278355
v 0.5866324306 0.09566248208 0.007855189033
v 0.5956451744 0.08125187829 0.003927594516
v 0.6010319889 0.0886619091 0
v 0.5938322097 0.09216219559 0.003927594516
v 0.592019245 0.1030725129 0.003927594516
v 0.5974060595 0.1104825437 0
v 0.368511647 -0.00373886188 0.173104234
v 0.3772710562 -0.001227517379 0.1696924232
v 0.3706341982 0.006528123864 0.1723243706
v 0.3412663639 -0.01393039548 0.1815817431
v 0.3348180503 -0.007433507126 0.1836768724
v 0.3313513547 -0.01784048718 0.1837724485
v -0.1050376855 -0.4981695935 0.04812456295
v -0.07948530093 -0.5043824241 0.04497855715
v -0.09226149321 -0.5012760088 0.04655156005
v -0.09724417701 -0.4915424436 0.05055615585
v -0.08945066854 -0.4849152938 0.05298774876
v 0.2834169492 0.5009556562 0.01961180521
v 0.2676873282 0.5128885657 0.01855895994
v 0.2755521387 0.5069221109 0.01908538258
v 0.2747865245 0.5008342862 0.02387280297
v 0.2661560997 0.5007129163 0.02813380072
v 0.2658548281 -0.5153990984 0.01553873974
v 0.2697929516 -0.5365678966 0.003077314002
v 0.2678238899 -0.5259834975 0.009308026871
v 0.2741378173 -0.5147866756 0.01238534087
v 0.2824208066 -0.5141742527 0.009231942007
v 0.2408342548 -0.51067698 0.02627611952
v 0.2333467864 -0.5093412101 0.02956667496
v 0.233553201 -0.5172626078 0.02433883213
v 0.5770486593 0.05900361948 0.01925860392
v 0.5727023929 0.06364167668 0.02266880637
v 0.5737033337 0.05272530392 0.02385154832
v 0.5750467777 0.080836365 0.01689312002
v 0.5717014521 0.07455804944 0.02148606442
v 0.5683561265 0.06827973388 0.02607900882
v 0.565010801 0.06200141832 0.03067195322
v -0.1000364497 -0.5604695827 0.01784293703
v -0.1064944733 -0.5686852783 0.01304884697
v -0.1183667704 -0.5622799248 0.01517609064
v -0.1156596337 -0.5695904493 0.01171542378
v -0.1129524969 -0.5769009739 0.008254756918
v 0.2326366082 0.5437193364 0.01297849696
v 0.2459219396 0.5555499345 0
v 0.2392792739 0.5496346354 0.006489248481
v 0.2292685844 0.5538535863 0.006489248481
v 0.2259005606 0.5639878362 0
v 0.2862542793 -0.5280218422 0.003077314002
v 0.2881710157 -0.534945637 0
v 0.284337543 -0.5210980475 0.006154628005
v 0.2780236155 -0.5322948694 0.003077314002
v 0.271709688 -0.5434916914 0
v 0.5608967692 0.04457021318 0.03782885987
v 0.5673000515 0.04864775855 0.0308402041
v 0.5629537851 0.05328581575 0.03425040655
v -0.1431555152 -0.5647957325 0.0113534038
v -0.1517779008 -0.5616805404 0.012324807
v -0.150156714 -0.5695215613 0.007892736932
v -0.1167204678 -0.5549663156 0.01971205743
v -0.1075553074 -0.5540611446 0.02104548062
v -0.1150741652 -0.5476527065 0.02424802422
v 0.07208865508 0.1299703177 0.191035673
v 0.0762416143 0.1215381902 0.1911032982
v 0.06949881092 0.1192473043 0.1911128908
v 0.07365177013 0.1108151767 0.191180516
v 0.07494669221 0.1161766835 0.1911419071
v 0.08039457351 0.1131060626 0.1911709234
v 0.08454753272 0.1046739351 0.1912385486
v 0.4401735216 0.3801539168 0.02013114374
v 0.4475568607 0.3745017052 0.01721733995
v 0.4495024458 0.3836931959 0.01244949456
v -0.2551232874 -0.5438077748 0.003001332283
v -0.2481971122 -0.5540461391 0
v -0.2620494626 -0.5335694104 0.006002664566
v -0.2707083113 -0.5362855941 0.003001332283
v -0.2793671601 -0.5390017778 0
v 0.2086820304 -0.560783729 0.004747170024
v 0.2196156718 -0.5650284141 0
v 0.1977483891 -0.5565390438 0.009494340047
v 0.1956856139 -0.5642438233 0.004747170024
v 0.1936228387 -0.5719486028 0
v -0.03248182219 0.1525420472 0.1904774942
v -0.03547860403 0.1323309466 0.1909771822
v -0.03398021311 0.1424364969 0.1907273382
v -0.02215401176 0.1491021663 0.1906643473
v -0.01182620134 0.1456622854 0.1908512004
v 0.2729187459 0.5296472758 0.006885769777
v 0.2881105095 0.5348117501 0
v 0.2805146277 0.5322295129 0.003442884888
v 0.2697886676 0.5377359241 0.003442884888
v 0.2666585892 0.5458245724 0
v 0.2579145841 0.5150619149 0.02160532353
v 0.2481418401 0.5172352642 0.02465168713
v 0.2571489699 0.5089740902 0.02639274392
v 0.585653916 0.03241678653 0.01687523536
v 0.585952118 0.02222240716 0.01841946132
v 0.5929600298 0.02694070572 0.0117648989
v 0.5832474977 0.06641970575 0.01414826745
v 0.589446336 0.07383579202 0.009037930984
v 0.5822465569 0.07733607851 0.0129655255
v 0.0605895631 0.1242688745 0.1910654344
v 0.05929464102 0.1189073678 0.1911040433
v 0.06188448519 0.1296303812 0.1910268255
v 0.05168031529 0.1292904448 0.1910179779
v 0.04147614539 0.1289505083 0.1910091303
f 111 3258 3260
f 3258 848 3259
f 3260 3259 850
f 3258 3259 3260
f 848 3261 3263
f 3261 843 3262
f 3263 3262 849
f 3261 3262 3263
f 850 3264 3266
f 3264 849 3265
f 3266 3265 212
f 3264 3265 3266
f 848 3263 3259
f 3263 849 3264
f 3259 3264 850
f 3263 3264 3259
f 369 3267 3269
f 3267 851 3268
f 3269 3268 853
f 3267 3268 3269
f 851 3270 3272
f 3270 97 3271
f 3272 3271 852
f 3270 3271 3272
f 853 3273 3275
f 3273 852 3274
f 3275 3274 89
f 3273 3274 3275
f 851 3272 3268
f 3272 852 3273
f 3268 3273 853
f 3272 3273 3268
f 325 3276 3278
f 3276 854 3277
f 3278 3277 856
f 3276 3277 3278
f 854 3279 3281
f 3279 809 3280
f 3281 3280 855
f 3279 3280 3281
f 856 3282 3284
f 3282 855 3283
f 3284 3283 221
f 3282 3283 3284
f 854 3281 3277
f 3281 855 3282
f 3277 3282 856
f 3281 3282 3277
f 89 3285 3287
f 3285 857 3286
f 3287 3286 859
f 3285 3286 3287
f 857 3288 3290
f 3288 713 3289
f 3290 3289 858
f 3288 3289 3290
f 859 3291 3293
f 3291 858 3292
f 3293 3292 416
f 3291 3292 3293
f 857 3290 3286
f 3290 858 3291
f 3286 3291 859
f 3290 3291 3286
f 438 3294 3296
f 3294 860 3295
f 3296 3295 862
f 3294 3295 3296
f 860 3297 3299
f 3297 620 3298
f 3299 3298 861
f 3297 3298 3299
f 862 3300 3302
f 3300 861 3301
f 3302 3301 163
f 3300 3301 3302
f 860 3299 3295
f 3299 861 3300
f 3295 3300 862
f 3299 3300 3295
f 556 3303 3305
f 3303 863 3304
f 3305 3304 865
f 3303 3304 3305
f 863 3306 3308
f 3306 438 3307
f 3308 3307 864
f 3306 3307 3308
f 865 3309 3311
f 3309 864 3310
f 3311 3310 158
f 3309 3310 3311
f 863 3308 3304
f 3308 864 3309
f 3304 3309 865
f 3308 3309 3304
f 616 3312 3314
f 3312 866 3313
f 3314 3313 868
f 3312 3313 3314
f 866 3315 3317
f 3315 235 3316
f 3317 3316 867
f 3315 3316 3317
f 868 3318 3320
f 3318 867 3319
f 3320 3319 751
f 3318 3319 3320
f 866 3317 3313
f 3317 867 3318
f 3313 3318 868
f 3317 3318 3313
f 592 3321 3323
f 3321 869 3322
f 3323 3322 871
f 3321 3322 3323
f 869 3324 3326
f 3324 215 3325
f 3326 3325 870
f 3324 3325 3326
f 871 3327 3329
f 3327 870 3328
f 3329 3328 169
f 3327 3328 3329
f 869 3326 3322
f 3326 870 3327
f 3322 3327 871
f 3326 3327 3322
f 644 3330 3332
f 3330 872 3331
f 3332 3331 874
f 3330 3331 3332
f 872 3333 3335
f 3333 618 3334
f 3335 3334 873
f 3333 3334 3335
f 874 3336 3338
f 3336 873 3337
f 3338 3337 177
f 3336 3337 3338
f 872 3335 3331
f 3335 873 3336
f 3331 3336 874
f 3335 3336 3331
f 400 3339 3341
f 3339 875 3340
f 3341 3340 877
f 3339 3340 3341
f 875 3342 3344
f 3342 670 3343
f 3344 3343 876
f 3342 3343 3344
f 877 3345 3347
f 3345 876 3346
f 3347 3346 618
f 3345 3346 3347
f 875 3344 3340
f 3344 876 3345
f 3340 3345 877
f 3344 3345 3340
f 490 3348 3350
f 3348 878 3349
f 3350 3349 880
f 3348 3349 3350
f 878 3351 3353
f 3351 692 3352
f 3353 3352 879
f 3351 3352 3353
f 880 3354 3356
f 3354 879 3355
f 3356 3355 344
f 3354 3355 3356
f 878 3353 3349
f 3353 879 3354
f 3349 3354 880
f 3353 3354 3349
f 561 3357 3359
f 3357 881 3358
f 3359 3358 883
f 3357 3358 3359
f 881 3360 3362
f 3360 765 3361
f 3362 3361 882
f 3360 3361 3362
f 883 3363 3365
f 3363 882 3364
f 3365 3364 178
f 3363 3364 3365
f 881 3362 3358
f 3362 882 3363
f 3358 3363 883
f 3362 3363 3358
f 422 3366 3368
f 3366 884 3367
f 3368 3367 886
f 3366 3367 3368
f 884 3369 3371
f 3369 367 3370
f 3371 3370 885
f 3369 3370 3371
f 886 3372 3374
f 3372 885 3373
f 3374 3373 631
f 3372 3373 3374
f 884 3371 3367
f 3371 885 3372
f 3367 3372 886
f 3371 3372 3367
f 446 3375 3377
f 3375 887 3376
f 3377 3376 889
f 3375 3376 3377
f 887 3378 3380
f 3378 227 3379
f 3380 3379 888
f 3378 3379 3380
f 889 3381 3383
f 3381 888 3382
f 3383 3382 580
f 3381 3382 3383
f 887 3380 3376
f 3380 888 3381
f 3376 3381 889
f 3380 3381 3376
f 817 3384 3386
f 3384 890 3385
f 3386 3385 892
f 3384 3385 3386
f 890 3387 3389
f 3387 694 3388
f 3389 3388 891
f 3387 3388 3389
f 892 3390 3392
f 3390 891 3391
f 3392 3391 562
f 3390 3391 3392
f 890 3389 3385
f 3389 891 3390
f 3385 3390 892
f 3389 3390 3385
f 500 3393 3395
f 3393 893 3394
f 3395 3394 895
f 3393 3394 3395
f 893 3396 3398
f 3396 596 3397
f 3398 3397 894
f 3396 3397 3398
f 895 3399 3401
f 3399 894 3400
f 3401 3400 346
f 3399 3400 3401
f 893 3398 3394
f 3398 894 3399
f 3394 3399 895
f 3398 3399 3394
f 441 3402 3404
f 3402 896 3403
f 3404 3403 898
f 3402 3403 3404
f 896 3405 3407
f 3405 798 3406
f 3407 3406 897
f 3405 3406 3407
f 898 3408 3410
f 3408 897 3409
f 3410 3409 570
f 3408 3409 3410
f 896 3407 3403
f 3407 897 3408
f 3403 3408 898
f 3407 3408 3403
f 565 3411 3413
f 3411 899 3412
f 3413 3412 901
f 3411 3412 3413
f 899 3414 3416
f 3414 635 3415
f 3416 3415 900
f 3414 3415 3416
f 901 3417 3419
f 3417 900 3418
f 3419 3418 154
f 3417 3418 3419
f 899 3416 3412
f 3416 900 3417
f 3412 3417 901
f 3416 3417 3412
f 696 3420 3422
f 3420 902 3421
f 3422 3421 904
f 3420 3421 3422
f 902 3423 3425
f 3423 135 3424
f 3425 3424 903
f 3423 3424 3425
f 904 3426 3428
f 3426 903 3427
f 3428 3427 294
f 3426 3427 3428
f 902 3425 3421
f 3425 903 3426
f 3421 3426 904
f 3425 3426 3421
f 142 3429 3431
f 3429 905 3430
f 3431 3430 907
f 3429 3430 3431
f 905 3432 3434
f 3432 754 3433
f 3434 3433 906
f 3432 3433 3434
f 907 3435 3437
f 3435 906 3436
f 3437 3436 345
f 3435 3436 3437
f 905 3434 3430
f 3434 906 3435
f 3430 3435 907
f 3434 3435 3430
f 502 3438 3440
f 3438 908 3439
f 3440 3439 910
f 3438 3439 3440
f 908 3441 3443
f 3441 358 3442
f 3443 3442 909
f 3441 3442 3443
f 910 3444 3446
f 3444 909 3445
f 3446 3445 185
f 3444 3445 3446
f 908 3443 3439
f 3443 909 3444
f 3439 3444 910
f 3443 3444 3439
f 489 3447 3449
f 3447 911 3448
f 3449 3448 913
f 3447 3448 3449
f 911 3450 3452
f 3450 502 3451
f 3452 3451 912
f 3450 3451 3452
f 913 3453 3455
f 3453 912 3454
f 3455 3454 818
f 3453 3454 3455
f 911 3452 3448
f 3452 912 3453
f 3448 3453 913
f 3452 3453 3448
f 420 3456 3458
f 3456 914 3457
f 3458 3457 916
f 3456 3457 3458
f 914 3459 3461
f 3459 773 3460
f 3461 3460 915
f 3459 3460 3461
f 916 3462 3464
f 3462 915 3463
f 3464 3463 95
f 3462 3463 3464
f 914 3461 3457
f 3461 915 3462
f 3457 3462 916
f 3461 3462 3457
f 803 3465 3467
f 3465 917 3466
f 3467 3466 919
f 3465 3466 3467
f 917 3468 3470
f 3468 359 3469
f 3470 3469 918
f 3468 3469 3470
f 919 3471 3473
f 3471 918 3472
f 3473 3472 64
f 3471 3472 3473
f 917 3470 3466
f 3470 918 3471
f 3466 3471 919
f 3470 3471 3466
f 20 3474 3476
f 3474 920 3475
f 3476 3475 922
f 3474 3475 3476
f 920 3477 3479
f 3477 355 3478
f 3479 3478 921
f 3477 3478 3479
f 922 3480 3482
f 3480 921 3481
f 3482 3481 16
f 3480 3481 3482
f 920 3479 3475
f 3479 921 3480
f 3475 3480 922
f 3479 3480 3475
f 244 3483 3485
f 3483 923 3484
f 3485 3484 925
f 3483 3484 3485
f 923 3486 3488
f 3486 184 3487
f 3488 3487 924
f 3486 3487 3488
f 925 3489 3491
f 3489 924 3490
f 3491 3490 355
f 3489 3490 3491
f 923 3488 3484
f 3488 924 3489
f 3484 3489 925
f 3488 3489 3484
f 740 3492 3494
f 3492 926 3493
f 3494 3493 928
f 3492 3493 3494
f 926 3495 3497
f 3495 546 3496
f 3497 3496 927
f 3495 3496 3497
f 928 3498 3500
f 3498 927 3499
f 3500 3499 184
f 3498 3499 3500
f 926 3497 3493
f 3497 927 3498
f 3493 3498 928
f 3497 3498 3493
f 700 3501 3503
f 3501 929 3502
f 3503 3502 931
f 3501 3502 3503
f 929 3504 3506
f 3504 361 3505
f 3506 3505 930
f 3504 3505 3506
f 931 3507 3509
f 3507 930 3508
f 3509 3508 425
f 3507 3508 3509
f 929 3506 3502
f 3506 930 3507
f 3502 3507 931
f 3506 3507 3502
f 11 3510 3512
f 3510 932 3511
f 3512 3511 934
f 3510 3511 3512
f 932 3513 3515
f 3513 15 3514
f 3515 3514 933
f 3513 3514 3515
f 934 3516 3518
f 3516 933 3517
f 3518 3517 509
f 3516 3517 3518
f 932 3515 3511
f 3515 933 3516
f 3511 3516 934
f 3515 3516 3511
f 437 3519 3521
f 3519 935 3520
f 3521 3520 937
f 3519 3520 3521
f 935 3522 3524
f 3522 619 3523
f 3524 3523 936
f 3522 3523 3524
f 937 3525 3527
f 3525 936 3526
f 3527 3526 720
f 3525 3526 3527
f 935 3524 3520
f 3524 936 3525
f 3520 3525 937
f 3524 3525 3520
f 693 3528 3530
f 3528 938 3529
f 3530 3529 940
f 3528 3529 3530
f 938 3531 3533
f 3531 583 3532
f 3533 3532 939
f 3531 3532 3533
f 940 3534 3536
f 3534 939 3535
f 3536 3535 482
f 3534 3535 3536
f 938 3533 3529
f 3533 939 3534
f 3529 3534 940
f 3533 3534 3529
f 278 3537 3539
f 3537 941 3538
f 3539 3538 943
f 3537 3538 3539
f 941 3540 3542
f 3540 801 3541
f 3542 3541 942
f 3540 3541 3542
f 943 3543 3545
f 3543 942 3544
f 3545 3544 352
f 3543 3544 3545
f 941 3542 3538
f 3542 942 3543
f 3538 3543 943
f 3542 3543 3538
f 778 3546 3548
f 3546 944 3547
f 3548 3547 946
f 3546 3547 3548
f 944 3549 3551
f 3549 699 3550
f 3551 3550 945
f 3549 3550 3551
f 946 3552 3554
f 3552 945 3553
f 3554 3553 417
f 3552 3553 3554
f 944 3551 3547
f 3551 945 3552
f 3547 3552 946
f 3551 3552 3547
f 583 3555 3557
f 3555 947 3556
f 3557 3556 949
f 3555 3556 3557
f 947 3558 3560
f 3558 639 3559
f 3560 3559 948
f 3558 3559 3560
f 949 3561 3563
f 3561 948 3562
f 3563 3562 279
f 3561 3562 3563
f 947 3560 3556
f 3560 948 3561
f 3556 3561 949
f 3560 3561 3556
f 844 3564 3566
f 3564 950 3565
f 3566 3565 952
f 3564 3565 3566
f 950 3567 3569
f 3567 560 3568
f 3569 3568 951
f 3567 3568 3569
f 952 3570 3572
f 3570 951 3571
f 3572 3571 17
f 3570 3571 3572
f 950 3569 3565
f 3569 951 3570
f 3565 3570 952
f 3569 3570 3565
f 439 3573 3575
f 3573 953 3574
f 3575 3574 955
f 3573 3574 3575
f 953 3576 3578
f 3576 657 3577
f 3578 3577 954
f 3576 3577 3578
f 955 3579 3581
f 3579 954 3580
f 3581 3580 229
f 3579 3580 3581
f 953 3578 3574
f 3578 954 3579
f 3574 3579 955
f 3578 3579 3574
f 493 3582 3584
f 3582 956 3583
f 3584 3583 958
f 3582 3583 3584
f 956 3585 3587
f 3585 649 3586
f 3587 3586 957
f 3585 3586 3587
f 958 3588 3590
f 3588 957 3589
f 3590 3589 8
f 3588 3589 3590
f 956 3587 3583
f 3587 957 3588
f 3583 3588 958
f 3587 3588 3583
f 585 3591 3593
f 3591 959 3592
f 3593 3592 961
f 3591 3592 3593
f 959 3594 3596
f 3594 761 3595
f 3596 3595 960
f 3594 3595 3596
f 961 3597 3599
f 3597 960 3598
f 3599 3598 60
f 3597 3598 3599
f 959 3596 3592
f 3596 960 3597
f 3592 3597 961
f 3596 3597 3592
f 585 3600 3602
f 3600 962 3601
f 3602 3601 964
f 3600 3601 3602
f 962 3603 3605
f 3603 434 3604
f 3605 3604 963
f 3603 3604 3605
f 964 3606 3608
f 3606 963 3607
f 3608 3607 289
f 3606 3607 3608
f 962 3605 3601
f 3605 963 3606
f 3601 3606 964
f 3605 3606 3601
f 492 3609 3611
f 3609 965 3610
f 3611 3610 967
f 3609 3610 3611
f 965 3612 3614
f 3612 781 3613
f 3614 3613 966
f 3612 3613 3614
f 967 3615 3617
f 3615 966 3616
f 3617 3616 23
f 3615 3616 3617
f 965 3614 3610
f 3614 966 3615
f 3610 3615 967
f 3614 3615 3610
f 213 3618 3620
f 3618 968 3619
f 3620 3619 970
f 3618 3619 3620
f 968 3621 3623
f 3621 280 3622
f 3623 3622 969
f 3621 3622 3623
f 970 3624 3626
f 3624 969 3625
f 3626 3625 571
f 3624 3625 3626
f 968 3623 3619
f 3623 969 3624
f 3619 3624 970
f 3623 3624 3619
f 421 3627 3629
f 3627 971 3628
f 3629 3628 973
f 3627 3628 3629
f 971 3630 3632
f 3630 646 3631
f 3632 3631 972
f 3630 3631 3632
f 973 3633 3635
f 3633 972 3634
f 3635 3634 577
f 3633 3634 3635
f 971 3632 3628
f 3632 972 3633
f 3628 3633 973
f 3632 3633 3628
f 819 3636 3638
f 3636 974 3637
f 3638 3637 976
f 3636 3637 3638
f 974 3639 3641
f 3639 221 3640
f 3641 3640 975
f 3639 3640 3641
f 976 3642 3644
f 3642 975 3643
f 3644 3643 369
f 3642 3643 3644
f 974 3641 3637
f 3641 975 3642
f 3637 3642 976
f 3641 3642 3637
f 115 3645 3647
f 3645 977 3646
f 3647 3646 979
f 3645 3646 3647
f 977 3648 3650
f 3648 111 3649
f 3650 3649 978
f 3648 3649 3650
f 979 3651 3653
f 3651 978 3652
f 3653 3652 549
f 3651 3652 3653
f 977 3650 3646
f 3650 978 3651
f 3646 3651 979
f 3650 3651 3646
f 612 3654 3656
f 3654 980 3655
f 3656 3655 982
f 3654 3655 3656
f 980 3657 3659
f 3657 64 3658
f 3659 3658 981
f 3657 3658 3659
f 982 3660 3662
f 3660 981 3661
f 3662 3661 53
f 3660 3661 3662
f 980 3659 3655
f 3659 981 3660
f 3655 3660 982
f 3659 3660 3655
f 108 3663 3665
f 3663 983 3664
f 3665 3664 985
f 3663 3664 3665
f 983 3666 3668
f 3666 460 3667
f 3668 3667 984
f 3666 3667 3668
f 985 3669 3671
f 3669 984 3670
f 3671 3670 395
f 3669 3670 3671
f 983 3668 3664
f 3668 984 3669
f 3664 3669 985
f 3668 3669 3664
f 128 3672 3674
f 3672 986 3673
f 3674 3673 988
f 3672 3673 3674
f 986 3675 3677
f 3675 401 3676
f 3677 3676 987
f 3675 3676 3677
f 988 3678 3680
f 3678 987 3679
f 3680 3679 547
f 3678 3679 3680
f 986 3677 3673
f 3677 987 3678
f 3673 3678 988
f 3677 3678 3673
f 549 3681 3683
f 3681 989 3682
f 3683 3682 991
f 3681 3682 3683
f 989 3684 3686
f 3684 212 3685
f 3686 3685 990
f 3684 3685 3686
f 991 3687 3689
f 3687 990 3688
f 3689 3688 108
f 3687 3688 3689
f 989 3686 3682
f 3686 990 3687
f 3682 3687 991
f 3686 3687 3682
f 130 3690 3692
f 3690 992 3691
f 3692 3691 994
f 3690 3691 3692
f 992 3693 3695
f 3693 589 3694
f 3695 3694 993
f 3693 3694 3695
f 994 3696 3698
f 3696 993 3697
f 3698 3697 377
f 3696 3697 3698
f 992 3695 3691
f 3695 993 3696
f 3691 3696 994
f 3695 3696 3691
f 257 3699 3701
f 3699 995 3700
f 3701 3700 997
f 3699 3700 3701
f 995 3702 3704
f 3702 120 3703
f 3704 3703 996
f 3702 3703 3704
f 997 3705 3707
f 3705 996 3706
f 3707 3706 589
f 3705 3706 3707
f 995 3704 3700
f 3704 996 3705
f 3700 3705 997
f 3704 3705 3700
f 130 3692 3709
f 3692 994 3708
f 3709 3708 999
f 3692 3708 3709
f 994 3698 3711
f 3698 377 3710
f 3711 3710 998
f 3698 3710 3711
f 999 3712 3714
f 3712 998 3713
f 3714 3713 136
f 3712 3713 3714
f 994 3711 3708
f 3711 998 3712
f 3708 3712 999
f 3711 3712 3708
f 335 3715 3717
f 3715 1000 3716
f 3717 3716 1002
f 3715 3716 3717
f 1000 3718 3720
f 3718 203 3719
f 3720 3719 1001
f 3718 3719 3720
f 1002 3721 3723
f 3721 1001 3722
f 3723 3722 725
f 3721 3722 3723
f 1000 3720 3716
f 3720 1001 3721
f 3716 3721 1002
f 3720 3721 3716
f 625 3724 3726
f 3724 1003 3725
f 3726 3725 1005
f 3724 3725 3726
f 1003 3727 3729
f 3727 805 3728
f 3729 3728 1004
f 3727 3728 3729
f 1005 3730 3732
f 3730 1004 3731
f 3732 3731 335
f 3730 3731 3732
f 1003 3729 3725
f 3729 1004 3730
f 3725 3730 1005
f 3729 3730 3725
f 527 3733 3735
f 3733 1006 3734
f 3735 3734 1008
f 3733 3734 3735
f 1006 3736 3738
f 3736 806 3737
f 3738 3737 1007
f 3736 3737 3738
f 1008 3739 3741
f 3739 1007 3740
f 3741 3740 252
f 3739 3740 3741
f 1006 3738 3734
f 3738 1007 3739
f 3734 3739 1008
f 3738 3739 3734
f 806 3736 3743
f 3736 1006 3742
f 3743 3742 1010
f 3736 3742 3743
f 1006 3733 3745
f 3733 527 3744
f 3745 3744 1009
f 3733 3744 3745
f 1010 3746 3748
f 3746 1009 3747
f 3748 3747 127
f 3746 3747 3748
f 1006 3745 3742
f 3745 1009 3746
f 3742 3746 1010
f 3745 3746 3742
f 139 3749 3751
f 3749 1011 3750
f 3751 3750 1013
f 3749 3750 3751
f 1011 3752 3754
f 3752 252 3753
f 3754 3753 1012
f 3752 3753 3754
f 1013 3755 3757
f 3755 1012 3756
f 3757 3756 472
f 3755 3756 3757
f 1011 3754 3750
f 3754 1012 3755
f 3750 3755 1013
f 3754 3755 3750
f 128 3758 3760
f 3758 1014 3759
f 3760 3759 1016
f 3758 3759 3760
f 1014 3761 3763
f 3761 271 3762
f 3763 3762 1015
f 3761 3762 3763
f 1016 3764 3766
f 3764 1015 3765
f 3766 3765 138
f 3764 3765 3766
f 1014 3763 3759
f 3763 1015 3764
f 3759 3764 1016
f 3763 3764 3759
f 710 3767 3769
f 3767 1017 3768
f 3769 3768 1019
f 3767 3768 3769
f 1017 3770 3772
f 3770 370 3771
f 3772 3771 1018
f 3770 3771 3772
f 1019 3773 3775
f 3773 1018 3774
f 3775 3774 139
f 3773 3774 3775
f 1017 3772 3768
f 3772 1018 3773
f 3768 3773 1019
f 3772 3773 3768
f 271 3776 3762
f 3776 1020 3777
f 3762 3777 1015
f 3776 3777 3762
f 1020 3778 3780
f 3778 247 3779
f 3780 3779 1021
f 3778 3779 3780
f 1015 3781 3765
f 3781 1021 3782
f 3765 3782 138
f 3781 3782 3765
f 1020 3780 3777
f 3780 1021 3781
f 3777 3781 1015
f 3780 3781 3777
f 159 3783 3785
f 3783 1022 3784
f 3785 3784 1024
f 3783 3784 3785
f 1022 3786 3788
f 3786 368 3787
f 3788 3787 1023
f 3786 3787 3788
f 1024 3789 3791
f 3789 1023 3790
f 3791 3790 597
f 3789 3790 3791
f 1022 3788 3784
f 3788 1023 3789
f 3784 3789 1024
f 3788 3789 3784
f 368 3792 3794
f 3792 1025 3793
f 3794 3793 1027
f 3792 3793 3794
f 1025 3795 3797
f 3795 148 3796
f 3797 3796 1026
f 3795 3796 3797
f 1027 3798 3800
f 3798 1026 3799
f 3800 3799 650
f 3798 3799 3800
f 1025 3797 3793
f 3797 1026 3798
f 3793 3798 1027
f 3797 3798 3793
f 150 3801 3803
f 3801 1028 3802
f 3803 3802 1029
f 3801 3802 3803
f 1028 3804 3805
f 3804 159 3785
f 3805 3785 1024
f 3804 3785 3805
f 1029 3806 3807
f 3806 1024 3791
f 3807 3791 597
f 3806 3791 3807
f 1028 3805 3802
f 3805 1024 3806
f 3802 3806 1029
f 3805 3806 3802
f 299 3808 3810
f 3808 1030 3809
f 3810 3809 1031
f 3808 3809 3810
f 1030 3811 3812
f 3811 616 3314
f 3812 3314 868
f 3811 3314 3812
f 1031 3813 3814
f 3813 868 3320
f 3814 3320 751
f 3813 3320 3814
f 1030 3812 3809
f 3812 868 3813
f 3809 3813 1031
f 3812 3813 3809
f 368 3786 3816
f 3786 1022 3815
f 3816 3815 1033
f 3786 3815 3816
f 1022 3783 3818
f 3783 159 3817
f 3818 3817 1032
f 3783 3817 3818
f 1033 3819 3821
f 3819 1032 3820
f 3821 3820 299
f 3819 3820 3821
f 1022 3818 3815
f 3818 1032 3819
f 3815 3819 1033
f 3818 3819 3815
f 438 3306 3823
f 3306 863 3822
f 3823 3822 1035
f 3306 3822 3823
f 863 3303 3825
f 3303 556 3824
f 3825 3824 1034
f 3303 3824 3825
f 1035 3826 3828
f 3826 1034 3827
f 3828 3827 299
f 3826 3827 3828
f 863 3825 3822
f 3825 1034 3826
f 3822 3826 1035
f 3825 3826 3822
f 118 3829 3831
f 3829 1036 3830
f 3831 3830 1038
f 3829 3830 3831
f 1036 3832 3834
f 3832 472 3833
f 3834 3833 1037
f 3832 3833 3834
f 1038 3835 3837
f 3835 1037 3836
f 3837 3836 124
f 3835 3836 3837
f 1036 3834 3830
f 3834 1037 3835
f 3830 3835 1038
f 3834 3835 3830
f 133 3838 3840
f 3838 1039 3839
f 3840 3839 1041
f 3838 3839 3840
f 1039 3841 3843
f 3841 530 3842
f 3843 3842 1040
f 3841 3842 3843
f 1041 3844 3846
f 3844 1040 3845
f 3846 3845 267
f 3844 3845 3846
f 1039 3843 3839
f 3843 1040 3844
f 3839 3844 1041
f 3843 3844 3839
f 319 3847 3849
f 3847 1042 3848
f 3849 3848 1043
f 3847 3848 3849
f 1042 3850 3851
f 3850 139 3751
f 3851 3751 1013
f 3850 3751 3851
f 1043 3852 3853
f 3852 1013 3757
f 3853 3757 472
f 3852 3757 3853
f 1042 3851 3848
f 3851 1013 3852
f 3848 3852 1043
f 3851 3852 3848
f 788 3854 3856
f 3854 1044 3855
f 3856 3855 1046
f 3854 3855 3856
f 1044 3857 3859
f 3857 248 3858
f 3859 3858 1045
f 3857 3858 3859
f 1046 3860 3862
f 3860 1045 3861
f 3862 3861 146
f 3860 3861 3862
f 1044 3859 3855
f 3859 1045 3860
f 3855 3860 1046
f 3859 3860 3855
f 623 3863 3865
f 3863 1047 3864
f 3865 3864 1049
f 3863 3864 3865
f 1047 3866 3868
f 3866 327 3867
f 3868 3867 1048
f 3866 3867 3868
f 1049 3869 3871
f 3869 1048 3870
f 3871 3870 141
f 3869 3870 3871
f 1047 3868 3864
f 3868 1048 3869
f 3864 3869 1049
f 3868 3869 3864
f 161 3872 3874
f 3872 1050 3873
f 3874 3873 1052
f 3872 3873 3874
f 1050 3875 3877
f 3875 704 3876
f 3877 3876 1051
f 3875 3876 3877
f 1052 3878 3880
f 3878 1051 3879
f 3880 3879 432
f 3878 3879 3880
f 1050 3877 3873
f 3877 1051 3878
f 3873 3878 1052
f 3877 3878 3873
f 524 3881 3883
f 3881 1053 3882
f 3883 3882 1055
f 3881 3882 3883
f 1053 3884 3886
f 3884 160 3885
f 3886 3885 1054
f 3884 3885 3886
f 1055 3887 3889
f 3887 1054 3888
f 3889 3888 375
f 3887 3888 3889
f 1053 3886 3882
f 3886 1054 3887
f 3882 3887 1055
f 3886 3887 3882
f 375 3890 3892
f 3890 1056 3891
f 3892 3891 1058
f 3890 3891 3892
f 1056 3893 3895
f 3893 156 3894
f 3895 3894 1057
f 3893 3894 3895
f 1058 3896 3898
f 3896 1057 3897
f 3898 3897 191
f 3896 3897 3898
f 1056 3895 3891
f 3895 1057 3896
f 3891 3896 1058
f 3895 3896 3891
f 626 3899 3901
f 3899 1059 3900
f 3901 3900 1061
f 3899 3900 3901
f 1059 3902 3904
f 3902 314 3903
f 3904 3903 1060
f 3902 3903 3904
f 1061 3905 3907
f 3905 1060 3906
f 3907 3906 704
f 3905 3906 3907
f 1059 3904 3900
f 3904 1060 3905
f 3900 3905 1061
f 3904 3905 3900
f 173 3908 3910
f 3908 1062 3909
f 3910 3909 1064
f 3908 3909 3910
f 1062 3911 3913
f 3911 246 3912
f 3913 3912 1063
f 3911 3912 3913
f 1064 3914 3916
f 3914 1063 3915
f 3916 3915 297
f 3914 3915 3916
f 1062 3913 3909
f 3913 1063 3914
f 3909 3914 1064
f 3913 3914 3909
f 375 3892 3889
f 3892 1058 3917
f 3889 3917 1055
f 3892 3917 3889
f 1058 3898 3919
f 3898 191 3918
f 3919 3918 1065
f 3898 3918 3919
f 1055 3920 3883
f 3920 1065 3921
f 3883 3921 524
f 3920 3921 3883
f 1058 3919 3917
f 3919 1065 3920
f 3917 3920 1055
f 3919 3920 3917
f 173 3910 3923
f 3910 1064 3922
f 3923 3922 1067
f 3910 3922 3923
f 1064 3916 3925
f 3916 297 3924
f 3925 3924 1066
f 3916 3924 3925
f 1067 3926 3928
f 3926 1066 3927
f 3928 3927 186
f 3926 3927 3928
f 1064 3925 3922
f 3925 1066 3926
f 3922 3926 1067
f 3925 3926 3922
f 767 3929 3931
f 3929 1068 3930
f 3931 3930 1070
f 3929 3930 3931
f 1068 3932 3934
f 3932 174 3933
f 3934 3933 1069
f 3932 3933 3934
f 1070 3935 3937
f 3935 1069 3936
f 3937 3936 653
f 3935 3936 3937
f 1068 3934 3930
f 3934 1069 3935
f 3930 3935 1070
f 3934 3935 3930
f 186 3938 3928
f 3938 1071 3939
f 3928 3939 1067
f 3938 3939 3928
f 1071 3940 3942
f 3940 511 3941
f 3942 3941 1072
f 3940 3941 3942
f 1067 3943 3923
f 3943 1072 3944
f 3923 3944 173
f 3943 3944 3923
f 1071 3942 3939
f 3942 1072 3943
f 3939 3943 1067
f 3942 3943 3939
f 476 3945 3947
f 3945 1073 3946
f 3947 3946 1075
f 3945 3946 3947
f 1073 3948 3950
f 3948 410 3949
f 3950 3949 1074
f 3948 3949 3950
f 1075 3951 3953
f 3951 1074 3952
f 3953 3952 553
f 3951 3952 3953
f 1073 3950 3946
f 3950 1074 3951
f 3946 3951 1075
f 3950 3951 3946
f 828 3954 3956
f 3954 1076 3955
f 3956 3955 1078
f 3954 3955 3956
f 1076 3957 3959
f 3957 312 3958
f 3959 3958 1077
f 3957 3958 3959
f 1078 3960 3962
f 3960 1077 3961
f 3962 3961 530
f 3960 3961 3962
f 1076 3959 3955
f 3959 1077 3960
f 3955 3960 1078
f 3959 3960 3955
f 201 3963 3965
f 3963 1079 3964
f 3965 3964 1081
f 3963 3964 3965
f 1079 3966 3968
f 3966 408 3967
f 3968 3967 1080
f 3966 3967 3968
f 1081 3969 3971
f 3969 1080 3970
f 3971 3970 132
f 3969 3970 3971
f 1079 3968 3964
f 3968 1080 3969
f 3964 3969 1081
f 3968 3969 3964
f 464 3972 3974
f 3972 1082 3973
f 3974 3973 1084
f 3972 3973 3974
f 1082 3975 3977
f 3975 408 3976
f 3977 3976 1083
f 3975 3976 3977
f 1084 3978 3980
f 3978 1083 3979
f 3980 3979 254
f 3978 3979 3980
f 1082 3977 3973
f 3977 1083 3978
f 3973 3978 1084
f 3977 3978 3973
f 145 3981 3983
f 3981 1085 3982
f 3983 3982 1087
f 3981 3982 3983
f 1085 3984 3986
f 3984 645 3985
f 3986 3985 1086
f 3984 3985 3986
f 1087 3987 3989
f 3987 1086 3988
f 3989 3988 301
f 3987 3988 3989
f 1085 3986 3982
f 3986 1086 3987
f 3982 3987 1087
f 3986 3987 3982
f 591 3990 3992
f 3990 1088 3991
f 3992 3991 1090
f 3990 3991 3992
f 1088 3993 3995
f 3993 537 3994
f 3995 3994 1089
f 3993 3994 3995
f 1090 3996 3998
f 3996 1089 3997
f 3998 3997 141
f 3996 3997 3998
f 1088 3995 3991
f 3995 1089 3996
f 3991 3996 1090
f 3995 3996 3991
f 645 3999 3985
f 3999 1091 4000
f 3985 4000 1086
f 3999 4000 3985
f 1091 4001 4003
f 4001 454 4002
f 4003 4002 1092
f 4001 4002 4003
f 1086 4004 3988
f 4004 1092 4005
f 3988 4005 301
f 4004 4005 3988
f 1091 4003 4000
f 4003 1092 4004
f 4000 4004 1086
f 4003 4004 4000
f 777 4006 4008
f 4006 1093 4007
f 4008 4007 1095
f 4006 4007 4008
f 1093 4009 4011
f 4009 301 4010
f 4011 4010 1094
f 4009 4010 4011
f 1095 4012 4014
f 4012 1094 4013
f 4014 4013 155
f 4012 4013 4014
f 1093 4011 4007
f 4011 1094 4012
f 4007 4012 1095
f 4011 4012 4007
f 157 4015 4017
f 4015 1096 4016
f 4017 4016 1098
f 4015 4016 4017
f 1096 4018 4020
f 4018 499 4019
f 4020 4019 1097
f 4018 4019 4020
f 1098 4021 4023
f 4021 1097 4022
f 4023 4022 240
f 4021 4022 4023
f 1096 4020 4016
f 4020 1097 4021
f 4016 4021 1098
f 4020 4021 4016
f 153 4024 4026
f 4024 1099 4025
f 4026 4025 1101
f 4024 4025 4026
f 1099 4027 4029
f 4027 507 4028
f 4029 4028 1100
f 4027 4028 4029
f 1101 4030 4032
f 4030 1100 4031
f 4032 4031 432
f 4030 4031 4032
f 1099 4029 4025
f 4029 1100 4030
f 4025 4030 1101
f 4029 4030 4025
f 348 4033 4035
f 4033 1102 4034
f 4035 4034 1104
f 4033 4034 4035
f 1102 4036 4038
f 4036 777 4037
f 4038 4037 1103
f 4036 4037 4038
f 1104 4039 4041
f 4039 1103 4040
f 4041 4040 688
f 4039 4040 4041
f 1102 4038 4034
f 4038 1103 4039
f 4034 4039 1104
f 4038 4039 4034
f 157 4042 4044
f 4042 1105 4043
f 4044 4043 1107
f 4042 4043 4044
f 1105 4045 4047
f 4045 641 4046
f 4047 4046 1106
f 4045 4046 4047
f 1107 4048 4050
f 4048 1106 4049
f 4050 4049 440
f 4048 4049 4050
f 1105 4047 4043
f 4047 1106 4048
f 4043 4048 1107
f 4047 4048 4043
f 440 4051 4053
f 4051 1108 4052
f 4053 4052 1110
f 4051 4052 4053
f 1108 4054 4056
f 4054 707 4055
f 4056 4055 1109
f 4054 4055 4056
f 1110 4057 4059
f 4057 1109 4058
f 4059 4058 499
f 4057 4058 4059
f 1108 4056 4052
f 4056 1109 4057
f 4052 4057 1110
f 4056 4057 4052
f 161 4060 4062
f 4060 1111 4061
f 4062 4061 1113
f 4060 4061 4062
f 1111 4063 4065
f 4063 563 4064
f 4065 4064 1112
f 4063 4064 4065
f 1113 4066 4068
f 4066 1112 4067
f 4068 4067 170
f 4066 4067 4068
f 1111 4065 4061
f 4065 1112 4066
f 4061 4066 1113
f 4065 4066 4061
f 820 4069 4071
f 4069 1114 4070
f 4071 4070 1116
f 4069 4070 4071
f 1114 4072 4074
f 4072 723 4073
f 4074 4073 1115
f 4072 4073 4074
f 1116 4075 4077
f 4075 1115 4076
f 4077 4076 422
f 4075 4076 4077
f 1114 4074 4070
f 4074 1115 4075
f 4070 4075 1116
f 4074 4075 4070
f 171 4078 4080
f 4078 1117 4079
f 4080 4079 1119
f 4078 4079 4080
f 1117 4081 4083
f 4081 227 4082
f 4083 4082 1118
f 4081 4082 4083
f 1119 4084 4086
f 4084 1118 4085
f 4086 4085 532
f 4084 4085 4086
f 1117 4083 4079
f 4083 1118 4084
f 4079 4084 1119
f 4083 4084 4079
f 815 4087 4089
f 4087 1120 4088
f 4089 4088 1122
f 4087 4088 4089
f 1120 4090 4092
f 4090 342 4091
f 4092 4091 1121
f 4090 4091 4092
f 1122 4093 4095
f 4093 1121 4094
f 4095 4094 580
f 4093 4094 4095
f 1120 4092 4088
f 4092 1121 4093
f 4088 4093 1122
f 4092 4093 4088
f 164 4096 4098
f 4096 1123 4097
f 4098 4097 1125
f 4096 4097 4098
f 1123 4099 4101
f 4099 640 4100
f 4101 4100 1124
f 4099 4100 4101
f 1125 4102 4104
f 4102 1124 4103
f 4104 4103 563
f 4102 4103 4104
f 1123 4101 4097
f 4101 1124 4102
f 4097 4102 1125
f 4101 4102 4097
f 112 4105 4107
f 4105 1126 4106
f 4107 4106 1128
f 4105 4106 4107
f 1126 4108 4110
f 4108 210 4109
f 4110 4109 1127
f 4108 4109 4110
f 1128 4111 4113
f 4111 1127 4112
f 4113 4112 728
f 4111 4112 4113
f 1126 4110 4106
f 4110 1127 4111
f 4106 4111 1128
f 4110 4111 4106
f 728 4114 4116
f 4114 1129 4115
f 4116 4115 1131
f 4114 4115 4116
f 1129 4117 4119
f 4117 226 4118
f 4119 4118 1130
f 4117 4118 4119
f 1131 4120 4122
f 4120 1130 4121
f 4122 4121 293
f 4120 4121 4122
f 1129 4119 4115
f 4119 1130 4120
f 4115 4120 1131
f 4119 4120 4115
f 122 4123 4125
f 4123 1132 4124
f 4125 4124 1134
f 4123 4124 4125
f 1132 4126 4128
f 4126 462 4127
f 4128 4127 1133
f 4126 4127 4128
f 1134 4129 4131
f 4129 1133 4130
f 4131 4130 402
f 4129 4130 4131
f 1132 4128 4124
f 4128 1133 4129
f 4124 4129 1134
f 4128 4129 4124
f 122 4132 4123
f 4132 1135 4133
f 4123 4133 1132
f 4132 4133 4123
f 1135 4134 4136
f 4134 443 4135
f 4136 4135 1136
f 4134 4135 4136
f 1132 4137 4126
f 4137 1136 4138
f 4126 4138 462
f 4137 4138 4126
f 1135 4136 4133
f 4136 1136 4137
f 4133 4137 1132
f 4136 4137 4133
f 134 4139 4141
f 4139 1137 4140
f 4141 4140 1139
f 4139 4140 4141
f 1137 4142 4144
f 4142 374 4143
f 4144 4143 1138
f 4142 4143 4144
f 1139 4145 4147
f 4145 1138 4146
f 4147 4146 522
f 4145 4146 4147
f 1137 4144 4140
f 4144 1138 4145
f 4140 4145 1139
f 4144 4145 4140
f 811 4148 4150
f 4148 1140 4149
f 4150 4149 1142
f 4148 4149 4150
f 1140 4151 4153
f 4151 147 4152
f 4153 4152 1141
f 4151 4152 4153
f 1142 4154 4156
f 4154 1141 4155
f 4156 4155 454
f 4154 4155 4156
f 1140 4153 4149
f 4153 1141 4154
f 4149 4154 1142
f 4153 4154 4149
f 680 4157 4159
f 4157 1143 4158
f 4159 4158 1145
f 4157 4158 4159
f 1143 4160 4162
f 4160 443 4161
f 4162 4161 1144
f 4160 4161 4162
f 1145 4163 4165
f 4163 1144 4164
f 4165 4164 590
f 4163 4164 4165
f 1143 4162 4158
f 4162 1144 4163
f 4158 4163 1145
f 4162 4163 4158
f 564 4166 4168
f 4166 1146 4167
f 4168 4167 1148
f 4166 4167 4168
f 1146 4169 4171
f 4169 539 4170
f 4171 4170 1147
f 4169 4170 4171
f 1148 4172 4174
f 4172 1147 4173
f 4174 4173 305
f 4172 4173 4174
f 1146 4171 4167
f 4171 1147 4172
f 4167 4172 1148
f 4171 4172 4167
f 551 4175 4177
f 4175 1149 4176
f 4177 4176 1151
f 4175 4176 4177
f 1149 4178 4180
f 4178 603 4179
f 4180 4179 1150
f 4178 4179 4180
f 1151 4181 4183
f 4181 1150 4182
f 4183 4182 140
f 4181 4182 4183
f 1149 4180 4176
f 4180 1150 4181
f 4176 4181 1151
f 4180 4181 4176
f 436 4184 4186
f 4184 1152 4185
f 4186 4185 1154
f 4184 4185 4186
f 1152 4187 4189
f 4187 190 4188
f 4189 4188 1153
f 4187 4188 4189
f 1154 4190 4192
f 4190 1153 4191
f 4192 4191 362
f 4190 4191 4192
f 1152 4189 4185
f 4189 1153 4190
f 4185 4190 1154
f 4189 4190 4185
f 436 4193 4195
f 4193 1155 4194
f 4195 4194 1157
f 4193 4194 4195
f 1155 4196 4198
f 4196 641 4197
f 4198 4197 1156
f 4196 4197 4198
f 1157 4199 4201
f 4199 1156 4200
f 4201 4200 305
f 4199 4200 4201
f 1155 4198 4194
f 4198 1156 4199
f 4194 4199 1157
f 4198 4199 4194
f 430 4202 4204
f 4202 1158 4203
f 4204 4203 1160
f 4202 4203 4204
f 1158 4205 4207
f 4205 172 4206
f 4207 4206 1159
f 4205 4206 4207
f 1160 4208 4210
f 4208 1159 4209
f 4210 4209 514
f 4208 4209 4210
f 1158 4207 4203
f 4207 1159 4208
f 4203 4208 1160
f 4207 4208 4203
f 207 4211 4213
f 4211 1161 4212
f 4213 4212 1163
f 4211 4212 4213
f 1161 4214 4216
f 4214 679 4215
f 4216 4215 1162
f 4214 4215 4216
f 1163 4217 4219
f 4217 1162 4218
f 4219 4218 110
f 4217 4218 4219
f 1161 4216 4212
f 4216 1162 4217
f 4212 4217 1163
f 4216 4217 4212
f 261 4220 4222
f 4220 1164 4221
f 4222 4221 1166
f 4220 4221 4222
f 1164 4223 4225
f 4223 541 4224
f 4225 4224 1165
f 4223 4224 4225
f 1166 4226 4228
f 4226 1165 4227
f 4228 4227 465
f 4226 4227 4228
f 1164 4225 4221
f 4225 1165 4226
f 4221 4226 1166
f 4225 4226 4221
f 262 4229 4231
f 4229 1167 4230
f 4231 4230 1169
f 4229 4230 4231
f 1167 4232 4234
f 4232 211 4233
f 4234 4233 1168
f 4232 4233 4234
f 1169 4235 4237
f 4235 1168 4236
f 4237 4236 117
f 4235 4236 4237
f 1167 4234 4230
f 4234 1168 4235
f 4230 4235 1169
f 4234 4235 4230
f 262 4238 4240
f 4238 1170 4239
f 4240 4239 1172
f 4238 4239 4240
f 1170 4241 4243
f 4241 107 4242
f 4243 4242 1171
f 4241 4242 4243
f 1172 4244 4246
f 4244 1171 4245
f 4246 4245 683
f 4244 4245 4246
f 1170 4243 4239
f 4243 1171 4244
f 4239 4244 1172
f 4243 4244 4239
f 614 4247 4249
f 4247 1173 4248
f 4249 4248 1175
f 4247 4248 4249
f 1173 4250 4252
f 4250 541 4251
f 4252 4251 1174
f 4250 4251 4252
f 1175 4253 4255
f 4253 1174 4254
f 4255 4254 262
f 4253 4254 4255
f 1173 4252 4248
f 4252 1174 4253
f 4248 4253 1175
f 4252 4253 4248
f 402 4256 4131
f 4256 1176 4257
f 4131 4257 1134
f 4256 4257 4131
f 1176 4258 4260
f 4258 614 4259
f 4260 4259 1177
f 4258 4259 4260
f 1134 4261 4125
f 4261 1177 4262
f 4125 4262 122
f 4261 4262 4125
f 1176 4260 4257
f 4260 1177 4261
f 4257 4261 1134
f 4260 4261 4257
f 519 4263 4265
f 4263 1178 4264
f 4265 4264 1180
f 4263 4264 4265
f 1178 4266 4268
f 4266 121 4267
f 4268 4267 1179
f 4266 4267 4268
f 1180 4269 4271
f 4269 1179 4270
f 4271 4270 211
f 4269 4270 4271
f 1178 4268 4264
f 4268 1179 4269
f 4264 4269 1180
f 4268 4269 4264
f 131 4272 4274
f 4272 1181 4273
f 4274 4273 1183
f 4272 4273 4274
f 1181 4275 4277
f 4275 531 4276
f 4277 4276 1182
f 4275 4276 4277
f 1183 4278 4280
f 4278 1182 4279
f 4280 4279 316
f 4278 4279 4280
f 1181 4277 4273
f 4277 1182 4278
f 4273 4278 1183
f 4277 4278 4273
f 121 4281 4283
f 4281 1184 4282
f 4283 4282 1186
f 4281 4282 4283
f 1184 4284 4286
f 4284 273 4285
f 4286 4285 1185
f 4284 4285 4286
f 1186 4287 4289
f 4287 1185 4288
f 4289 4288 628
f 4287 4288 4289
f 1184 4286 4282
f 4286 1185 4287
f 4282 4287 1186
f 4286 4287 4282
f 388 4290 4292
f 4290 1187 4291
f 4292 4291 1189
f 4290 4291 4292
f 1187 4293 4295
f 4293 747 4294
f 4295 4294 1188
f 4293 4294 4295
f 1189 4296 4298
f 4296 1188 4297
f 4298 4297 140
f 4296 4297 4298
f 1187 4295 4291
f 4295 1188 4296
f 4291 4296 1189
f 4295 4296 4291
f 238 4299 4301
f 4299 1190 4300
f 4301 4300 1192
f 4299 4300 4301
f 1190 4302 4304
f 4302 595 4303
f 4304 4303 1191
f 4302 4303 4304
f 1192 4305 4307
f 4305 1191 4306
f 4307 4306 642
f 4305 4306 4307
f 1190 4304 4300
f 4304 1191 4305
f 4300 4305 1192
f 4304 4305 4300
f 703 4308 4310
f 4308 1193 4309
f 4310 4309 1195
f 4308 4309 4310
f 1193 4311 4313
f 4311 551 4312
f 4313 4312 1194
f 4311 4312 4313
f 1195 4314 4316
f 4314 1194 4315
f 4316 4315 365
f 4314 4315 4316
f 1193 4313 4309
f 4313 1194 4314
f 4309 4314 1195
f 4313 4314 4309
f 551 4311 4318
f 4311 1193 4317
f 4318 4317 1197
f 4311 4317 4318
f 1193 4308 4320
f 4308 703 4319
f 4320 4319 1196
f 4308 4319 4320
f 1197 4321 4323
f 4321 1196 4322
f 4323 4322 149
f 4321 4322 4323
f 1193 4320 4317
f 4320 1196 4321
f 4317 4321 1197
f 4320 4321 4317
f 135 4324 4326
f 4324 1198 4325
f 4326 4325 1200
f 4324 4325 4326
f 1198 4327 4329
f 4327 233 4328
f 4329 4328 1199
f 4327 4328 4329
f 1200 4330 4332
f 4330 1199 4331
f 4332 4331 599
f 4330 4331 4332
f 1198 4329 4325
f 4329 1199 4330
f 4325 4330 1200
f 4329 4330 4325
f 429 4333 4335
f 4333 1201 4334
f 4335 4334 1203
f 4333 4334 4335
f 1201 4336 4338
f 4336 647 4337
f 4338 4337 1202
f 4336 4337 4338
f 1203 4339 4341
f 4339 1202 4340
f 4341 4340 565
f 4339 4340 4341
f 1201 4338 4334
f 4338 1202 4339
f 4334 4339 1203
f 4338 4339 4334
f 453 4342 4344
f 4342 1204 4343
f 4344 4343 1206
f 4342 4343 4344
f 1204 4345 4347
f 4345 390 4346
f 4347 4346 1205
f 4345 4346 4347
f 1206 4348 4350
f 4348 1205 4349
f 4350 4349 98
f 4348 4349 4350
f 1204 4347 4343
f 4347 1205 4348
f 4343 4348 1206
f 4347 4348 4343
f 390 4345 4352
f 4345 1204 4351
f 4352 4351 1208
f 4345 4351 4352
f 1204 4342 4354
f 4342 453 4353
f 4354 4353 1207
f 4342 4353 4354
f 1208 4355 4357
f 4355 1207 4356
f 4357 4356 107
f 4355 4356 4357
f 1204 4354 4351
f 4354 1207 4355
f 4351 4355 1208
f 4354 4355 4351
f 99 4358 4360
f 4358 1209 4359
f 4360 4359 1211
f 4358 4359 4360
f 1209 4361 4363
f 4361 274 4362
f 4363 4362 1210
f 4361 4362 4363
f 1211 4364 4366
f 4364 1210 4365
f 4366 4365 91
f 4364 4365 4366
f 1209 4363 4359
f 4363 1210 4364
f 4359 4364 1211
f 4363 4364 4359
f 99 4367 4369
f 4367 1212 4368
f 4369 4368 1214
f 4367 4368 4369
f 1212 4370 4372
f 4370 320 4371
f 4372 4371 1213
f 4370 4371 4372
f 1214 4373 4375
f 4373 1213 4374
f 4375 4374 386
f 4373 4374 4375
f 1212 4372 4368
f 4372 1213 4373
f 4368 4373 1214
f 4372 4373 4368
f 101 4376 4378
f 4376 1215 4377
f 4378 4377 1217
f 4376 4377 4378
f 1215 4379 4381
f 4379 320 4380
f 4381 4380 1216
f 4379 4380 4381
f 1217 4382 4384
f 4382 1216 4383
f 4384 4383 260
f 4382 4383 4384
f 1215 4381 4377
f 4381 1216 4382
f 4377 4382 1217
f 4381 4382 4377
f 608 4385 4387
f 4385 1218 4386
f 4387 4386 1220
f 4385 4386 4387
f 1218 4388 4390
f 4388 656 4389
f 4390 4389 1219
f 4388 4389 4390
f 1220 4391 4393
f 4391 1219 4392
f 4393 4392 93
f 4391 4392 4393
f 1218 4390 4386
f 4390 1219 4391
f 4386 4391 1220
f 4390 4391 4386
f 260 4394 4396
f 4394 1221 4395
f 4396 4395 1223
f 4394 4395 4396
f 1221 4397 4399
f 4397 656 4398
f 4399 4398 1222
f 4397 4398 4399
f 1223 4400 4402
f 4400 1222 4401
f 4402 4401 102
f 4400 4401 4402
f 1221 4399 4395
f 4399 1222 4400
f 4395 4400 1223
f 4399 4400 4395
f 601 4403 4405
f 4403 1224 4404
f 4405 4404 1226
f 4403 4404 4405
f 1224 4406 4408
f 4406 101 4407
f 4408 4407 1225
f 4406 4407 4408
f 1226 4409 4411
f 4409 1225 4410
f 4411 4410 666
f 4409 4410 4411
f 1224 4408 4404
f 4408 1225 4409
f 4404 4409 1226
f 4408 4409 4404
f 193 4412 4414
f 4412 1227 4413
f 4414 4413 1229
f 4412 4413 4414
f 1227 4415 4417
f 4415 526 4416
f 4417 4416 1228
f 4415 4416 4417
f 1229 4418 4420
f 4418 1228 4419
f 4420 4419 103
f 4418 4419 4420
f 1227 4417 4413
f 4417 1228 4418
f 4413 4418 1229
f 4417 4418 4413
f 373 4421 4423
f 4421 1230 4422
f 4423 4422 1232
f 4421 4422 4423
f 1230 4424 4426
f 4424 608 4425
f 4426 4425 1231
f 4424 4425 4426
f 1232 4427 4429
f 4427 1231 4428
f 4429 4428 526
f 4427 4428 4429
f 1230 4426 4422
f 4426 1231 4427
f 4422 4427 1232
f 4426 4427 4422
f 103 4430 4432
f 4430 1233 4431
f 4432 4431 1235
f 4430 4431 4432
f 1233 4433 4435
f 4433 433 4434
f 4435 4434 1234
f 4433 4434 4435
f 1235 4436 4438
f 4436 1234 4437
f 4438 4437 595
f 4436 4437 4438
f 1233 4435 4431
f 4435 1234 4436
f 4431 4436 1235
f 4435 4436 4431
f 435 4439 4441
f 4439 1236 4440
f 4441 4440 1238
f 4439 4440 4441
f 1236 4442 4444
f 4442 357 4443
f 4444 4443 1237
f 4442 4443 4444
f 1238 4445 4447
f 4445 1237 4446
f 4447 4446 727
f 4445 4446 4447
f 1236 4444 4440
f 4444 1237 4445
f 4440 4445 1238
f 4444 4445 4440
f 695 4448 4450
f 4448 1239 4449
f 4450 4449 1241
f 4448 4449 4450
f 1239 4451 4453
f 4451 802 4452
f 4453 4452 1240
f 4451 4452 4453
f 1241 4454 4456
f 4454 1240 4455
f 4456 4455 357
f 4454 4455 4456
f 1239 4453 4449
f 4453 1240 4454
f 4449 4454 1241
f 4453 4454 4449
f 630 4457 4459
f 4457 1242 4458
f 4459 4458 1244
f 4457 4458 4459
f 1242 4460 4462
f 4460 105 4461
f 4462 4461 1243
f 4460 4461 4462
f 1244 4463 4465
f 4463 1243 4464
f 4465 4464 771
f 4463 4464 4465
f 1242 4462 4458
f 4462 1243 4463
f 4458 4463 1244
f 4462 4463 4458
f 119 4466 4468
f 4466 1245 4467
f 4468 4467 1247
f 4466 4467 4468
f 1245 4469 4471
f 4469 822 4470
f 4471 4470 1246
f 4469 4470 4471
f 1247 4472 4474
f 4472 1246 4473
f 4474 4473 630
f 4472 4473 4474
f 1245 4471 4467
f 4471 1246 4472
f 4467 4472 1247
f 4471 4472 4467
f 81 4475 4477
f 4475 1248 4476
f 4477 4476 1250
f 4475 4476 4477
f 1248 4478 4480
f 4478 394 4479
f 4480 4479 1249
f 4478 4479 4480
f 1250 4481 4483
f 4481 1249 4482
f 4483 4482 545
f 4481 4482 4483
f 1248 4480 4476
f 4480 1249 4481
f 4476 4481 1250
f 4480 4481 4476
f 752 4484 4486
f 4484 1251 4485
f 4486 4485 1253
f 4484 4485 4486
f 1251 4487 4489
f 4487 534 4488
f 4489 4488 1252
f 4487 4488 4489
f 1253 4490 4492
f 4490 1252 4491
f 4492 4491 87
f 4490 4491 4492
f 1251 4489 4485
f 4489 1252 4490
f 4485 4490 1253
f 4489 4490 4485
f 399 4493 4495
f 4493 1254 4494
f 4495 4494 1256
f 4493 4494 4495
f 1254 4496 4498
f 4496 92 4497
f 4498 4497 1255
f 4496 4497 4498
f 1256 4499 4501
f 4499 1255 4500
f 4501 4500 91
f 4499 4500 4501
f 1254 4498 4494
f 4498 1255 4499
f 4494 4499 1256
f 4498 4499 4494
f 91 4502 4501
f 4502 1257 4503
f 4501 4503 1256
f 4502 4503 4501
f 1257 4504 4506
f 4504 752 4505
f 4506 4505 1258
f 4504 4505 4506
f 1256 4507 4495
f 4507 1258 4508
f 4495 4508 399
f 4507 4508 4495
f 1257 4506 4503
f 4506 1258 4507
f 4503 4507 1256
f 4506 4507 4503
f 376 4509 4511
f 4509 1259 4510
f 4511 4510 1261
f 4509 4510 4511
f 1259 4512 4514
f 4512 78 4513
f 4514 4513 1260
f 4512 4513 4514
f 1261 4515 4517
f 4515 1260 4516
f 4517 4516 609
f 4515 4516 4517
f 1259 4514 4510
f 4514 1260 4515
f 4510 4515 1261
f 4514 4515 4510
f 444 4518 4520
f 4518 1262 4519
f 4520 4519 1264
f 4518 4519 4520
f 1262 4521 4523
f 4521 86 4522
f 4523 4522 1263
f 4521 4522 4523
f 1264 4524 4526
f 4524 1263 4525
f 4526 4525 774
f 4524 4525 4526
f 1262 4523 4519
f 4523 1263 4524
f 4519 4524 1264
f 4523 4524 4519
f 196 4527 4529
f 4527 1265 4528
f 4529 4528 1267
f 4527 4528 4529
f 1265 4530 4532
f 4530 538 4531
f 4532 4531 1266
f 4530 4531 4532
f 1267 4533 4535
f 4533 1266 4534
f 4535 4534 249
f 4533 4534 4535
f 1265 4532 4528
f 4532 1266 4533
f 4528 4533 1267
f 4532 4533 4528
f 249 4536 4538
f 4536 1268 4537
f 4538 4537 1270
f 4536 4537 4538
f 1268 4539 4541
f 4539 468 4540
f 4541 4540 1269
f 4539 4540 4541
f 1270 4542 4544
f 4542 1269 4543
f 4544 4543 328
f 4542 4543 4544
f 1268 4541 4537
f 4541 1269 4542
f 4537 4542 1270
f 4541 4542 4537
f 85 4545 4547
f 4545 1271 4546
f 4547 4546 1273
f 4545 4546 4547
f 1271 4548 4550
f 4548 309 4549
f 4550 4549 1272
f 4548 4549 4550
f 1273 4551 4553
f 4551 1272 4552
f 4553 4552 328
f 4551 4552 4553
f 1271 4550 4546
f 4550 1272 4551
f 4546 4551 1273
f 4550 4551 4546
f 718 4554 4556
f 4554 1274 4555
f 4556 4555 1276
f 4554 4555 4556
f 1274 4557 4559
f 4557 651 4558
f 4559 4558 1275
f 4557 4558 4559
f 1276 4560 4562
f 4560 1275 4561
f 4562 4561 242
f 4560 4561 4562
f 1274 4559 4555
f 4559 1275 4560
f 4555 4560 1276
f 4559 4560 4555
f 328 4563 4553
f 4563 1277 4564
f 4553 4564 1273
f 4563 4564 4553
f 1277 4565 4567
f 4565 706 4566
f 4567 4566 1278
f 4565 4566 4567
f 1273 4568 4547
f 4568 1278 4569
f 4547 4569 85
f 4568 4569 4547
f 1277 4567 4564
f 4567 1278 4568
f 4564 4568 1273
f 4567 4568 4564
f 96 4570 4572
f 4570 1279 4571
f 4572 4571 1281
f 4570 4571 4572
f 1279 4573 4575
f 4573 718 4574
f 4575 4574 1280
f 4573 4574 4575
f 1281 4576 4578
f 4576 1280 4577
f 4578 4577 307
f 4576 4577 4578
f 1279 4575 4571
f 4575 1280 4576
f 4571 4576 1281
f 4575 4576 4571
f 776 4579 4581
f 4579 1282 4580
f 4581 4580 1284
f 4579 4580 4581
f 1282 4582 4584
f 4582 810 4583
f 4584 4583 1283
f 4582 4583 4584
f 1284 4585 4587
f 4585 1283 4586
f 4587 4586 60
f 4585 4586 4587
f 1282 4584 4580
f 4584 1283 4585
f 4580 4585 1284
f 4584 4585 4580
f 82 4588 4590
f 4588 1285 4589
f 4590 4589 1287
f 4588 4589 4590
f 1285 4591 4593
f 4591 343 4592
f 4593 4592 1286
f 4591 4592 4593
f 1287 4594 4596
f 4594 1286 4595
f 4596 4595 646
f 4594 4595 4596
f 1285 4593 4589
f 4593 1286 4594
f 4589 4594 1287
f 4593 4594 4589
f 83 4597 4599
f 4597 1288 4598
f 4599 4598 1290
f 4597 4598 4599
f 1288 4600 4602
f 4600 307 4601
f 4602 4601 1289
f 4600 4601 4602
f 1290 4603 4605
f 4603 1289 4604
f 4605 4604 242
f 4603 4604 4605
f 1288 4602 4598
f 4602 1289 4603
f 4598 4603 1290
f 4602 4603 4598
f 79 4606 4608
f 4606 1291 4607
f 4608 4607 1293
f 4606 4607 4608
f 1291 4609 4611
f 4609 743 4610
f 4611 4610 1292
f 4609 4610 4611
f 1293 4612 4614
f 4612 1292 4613
f 4614 4613 266
f 4612 4613 4614
f 1291 4611 4607
f 4611 1292 4612
f 4607 4612 1293
f 4611 4612 4607
f 270 4615 4617
f 4615 1294 4616
f 4617 4616 1296
f 4615 4616 4617
f 1294 4618 4620
f 4618 604 4619
f 4620 4619 1295
f 4618 4619 4620
f 1296 4621 4623
f 4621 1295 4622
f 4623 4622 63
f 4621 4622 4623
f 1294 4620 4616
f 4620 1295 4621
f 4616 4621 1296
f 4620 4621 4616
f 59 4624 4626
f 4624 1297 4625
f 4626 4625 1299
f 4624 4625 4626
f 1297 4627 4629
f 4627 604 4628
f 4629 4628 1298
f 4627 4628 4629
f 1299 4630 4632
f 4630 1298 4631
f 4632 4631 69
f 4630 4631 4632
f 1297 4629 4625
f 4629 1298 4630
f 4625 4630 1299
f 4629 4630 4625
f 69 4633 4635
f 4633 1300 4634
f 4635 4634 1302
f 4633 4634 4635
f 1300 4636 4638
f 4636 550 4637
f 4638 4637 1301
f 4636 4637 4638
f 1302 4639 4641
f 4639 1301 4640
f 4641 4640 79
f 4639 4640 4641
f 1300 4638 4634
f 4638 1301 4639
f 4634 4639 1302
f 4638 4639 4634
f 51 4642 4644
f 4642 1303 4643
f 4644 4643 1305
f 4642 4643 4644
f 1303 4645 4647
f 4645 322 4646
f 4647 4646 1304
f 4645 4646 4647
f 1305 4648 4650
f 4648 1304 4649
f 4650 4649 598
f 4648 4649 4650
f 1303 4647 4643
f 4647 1304 4648
f 4643 4648 1305
f 4647 4648 4643
f 48 4651 4653
f 4651 1306 4652
f 4653 4652 1308
f 4651 4652 4653
f 1306 4654 4656
f 4654 391 4655
f 4656 4655 1307
f 4654 4655 4656
f 1308 4657 4659
f 4657 1307 4658
f 4659 4658 59
f 4657 4658 4659
f 1306 4656 4652
f 4656 1307 4657
f 4652 4657 1308
f 4656 4657 4652
f 43 4660 4662
f 4660 1309 4661
f 4662 4661 1311
f 4660 4661 4662
f 1309 4663 4665
f 4663 258 4664
f 4665 4664 1310
f 4663 4664 4665
f 1311 4666 4668
f 4666 1310 4667
f 4668 4667 48
f 4666 4667 4668
f 1309 4665 4661
f 4665 1310 4666
f 4661 4666 1311
f 4665 4666 4661
f 59 4669 4671
f 4669 1312 4670
f 4671 4670 1314
f 4669 4670 4671
f 1312 4672 4674
f 4672 317 4673
f 4674 4673 1313
f 4672 4673 4674
f 1314 4675 4677
f 4675 1313 4676
f 4677 4676 231
f 4675 4676 4677
f 1312 4674 4670
f 4674 1313 4675
f 4670 4675 1314
f 4674 4675 4670
f 840 4678 4680
f 4678 1315 4679
f 4680 4679 1317
f 4678 4679 4680
f 1315 4681 4683
f 4681 48 4682
f 4683 4682 1316
f 4681 4682 4683
f 1317 4684 4686
f 4684 1316 4685
f 4686 4685 231
f 4684 4685 4686
f 1315 4683 4679
f 4683 1316 4684
f 4679 4684 1317
f 4683 4684 4679
f 612 3656 4688
f 3656 982 4687
f 4688 4687 1319
f 3656 4687 4688
f 982 3662 4690
f 3662 53 4689
f 4690 4689 1318
f 3662 4689 4690
f 1319 4691 4693
f 4691 1318 4692
f 4693 4692 286
f 4691 4692 4693
f 982 4690 4687
f 4690 1318 4691
f 4687 4691 1319
f 4690 4691 4687
f 70 4694 4696
f 4694 1320 4695
f 4696 4695 1322
f 4694 4695 4696
f 1320 4697 4699
f 4697 724 4698
f 4699 4698 1321
f 4697 4698 4699
f 1322 4700 4702
f 4700 1321 4701
f 4702 4701 407
f 4700 4701 4702
f 1320 4699 4695
f 4699 1321 4700
f 4695 4700 1322
f 4699 4700 4695
f 550 4703 4705
f 4703 1323 4704
f 4705 4704 1325
f 4703 4704 4705
f 1323 4706 4708
f 4706 339 4707
f 4708 4707 1324
f 4706 4707 4708
f 1325 4709 4711
f 4709 1324 4710
f 4711 4710 80
f 4709 4710 4711
f 1323 4708 4704
f 4708 1324 4709
f 4704 4709 1325
f 4708 4709 4704
f 544 4712 4714
f 4712 1326 4713
f 4714 4713 1328
f 4712 4713 4714
f 1326 4715 4717
f 4715 610 4716
f 4717 4716 1327
f 4715 4716 4717
f 1328 4718 4720
f 4718 1327 4719
f 4720 4719 253
f 4718 4719 4720
f 1326 4717 4713
f 4717 1327 4718
f 4713 4718 1328
f 4717 4718 4713
f 681 4721 4723
f 4721 1329 4722
f 4723 4722 1331
f 4721 4722 4723
f 1329 4724 4726
f 4724 28 4725
f 4726 4725 1330
f 4724 4725 4726
f 1331 4727 4729
f 4727 1330 4728
f 4729 4728 39
f 4727 4728 4729
f 1329 4726 4722
f 4726 1330 4727
f 4722 4727 1331
f 4726 4727 4722
f 392 4730 4732
f 4730 1332 4731
f 4732 4731 1334
f 4730 4731 4732
f 1332 4733 4735
f 4733 748 4734
f 4735 4734 1333
f 4733 4734 4735
f 1334 4736 4738
f 4736 1333 4737
f 4738 4737 467
f 4736 4737 4738
f 1332 4735 4731
f 4735 1333 4736
f 4731 4736 1334
f 4735 4736 4731
f 41 4739 4741
f 4739 1335 4740
f 4741 4740 1336
f 4739 4740 4741
f 1335 4742 4743
f 4742 322 4645
f 4743 4645 1303
f 4742 4645 4743
f 1336 4744 4745
f 4744 1303 4642
f 4745 4642 51
f 4744 4642 4745
f 1335 4743 4740
f 4743 1303 4744
f 4740 4744 1336
f 4743 4744 4740
f 28 4746 4748
f 4746 1337 4747
f 4748 4747 1339
f 4746 4747 4748
f 1337 4749 4751
f 4749 300 4750
f 4751 4750 1338
f 4749 4750 4751
f 1339 4752 4754
f 4752 1338 4753
f 4754 4753 19
f 4752 4753 4754
f 1337 4751 4747
f 4751 1338 4752
f 4747 4752 1339
f 4751 4752 4747
f 383 4755 4757
f 4755 1340 4756
f 4757 4756 1342
f 4755 4756 4757
f 1340 4758 4760
f 4758 508 4759
f 4760 4759 1341
f 4758 4759 4760
f 1342 4761 4763
f 4761 1341 4762
f 4763 4762 308
f 4761 4762 4763
f 1340 4760 4756
f 4760 1341 4761
f 4756 4761 1342
f 4760 4761 4756
f 39 4764 4766
f 4764 1343 4765
f 4766 4765 1345
f 4764 4765 4766
f 1343 4767 4769
f 4767 303 4768
f 4769 4768 1344
f 4767 4768 4769
f 1345 4770 4772
f 4770 1344 4771
f 4772 4771 544
f 4770 4771 4772
f 1343 4769 4765
f 4769 1344 4770
f 4765 4770 1345
f 4769 4770 4765
f 364 4773 4775
f 4773 1346 4774
f 4775 4774 1348
f 4773 4774 4775
f 1346 4776 4778
f 4776 300 4777
f 4778 4777 1347
f 4776 4777 4778
f 1348 4779 4781
f 4779 1347 4780
f 4781 4780 24
f 4779 4780 4781
f 1346 4778 4774
f 4778 1347 4779
f 4774 4779 1348
f 4778 4779 4774
f 303 4782 4784
f 4782 1349 4783
f 4784 4783 1351
f 4782 4783 4784
f 1349 4785 4787
f 4785 536 4786
f 4787 4786 1350
f 4785 4786 4787
f 1351 4788 4790
f 4788 1350 4789
f 4790 4789 237
f 4788 4789 4790
f 1349 4787 4783
f 4787 1350 4788
f 4783 4788 1351
f 4787 4788 4783
f 15 4791 3514
f 4791 1352 4792
f 3514 4792 933
f 4791 4792 3514
f 1352 4793 4795
f 4793 652 4794
f 4795 4794 1353
f 4793 4794 4795
f 933 4796 3517
f 4796 1353 4797
f 3517 4797 509
f 4796 4797 3517
f 1352 4795 4792
f 4795 1353 4796
f 4792 4796 933
f 4795 4796 4792
f 16 4798 3482
f 4798 1354 4799
f 3482 4799 922
f 4798 4799 3482
f 1354 4800 4802
f 4800 437 4801
f 4802 4801 1355
f 4800 4801 4802
f 922 4803 3476
f 4803 1355 4804
f 3476 4804 20
f 4803 4804 3476
f 1354 4802 4799
f 4802 1355 4803
f 4799 4803 922
f 4802 4803 4799
f 769 4805 4807
f 4805 1356 4806
f 4807 4806 1358
f 4805 4806 4807
f 1356 4808 4810
f 4808 574 4809
f 4810 4809 1357
f 4808 4809 4810
f 1358 4811 4813
f 4811 1357 4812
f 4813 4812 13
f 4811 4812 4813
f 1356 4810 4806
f 4810 1357 4811
f 4806 4811 1358
f 4810 4811 4806
f 62 4814 4816
f 4814 1359 4815
f 4816 4815 1361
f 4814 4815 4816
f 1359 4817 4819
f 4817 371 4818
f 4819 4818 1360
f 4817 4818 4819
f 1361 4820 4822
f 4820 1360 4821
f 4822 4821 457
f 4820 4821 4822
f 1359 4819 4815
f 4819 1360 4820
f 4815 4820 1361
f 4819 4820 4815
f 724 4823 4825
f 4823 1362 4824
f 4825 4824 1364
f 4823 4824 4825
f 1362 4826 4828
f 4826 593 4827
f 4828 4827 1363
f 4826 4827 4828
f 1364 4829 4831
f 4829 1363 4830
f 4831 4830 787
f 4829 4830 4831
f 1362 4828 4824
f 4828 1363 4829
f 4824 4829 1364
f 4828 4829 4824
f 332 4832 4834
f 4832 1365 4833
f 4834 4833 1367
f 4832 4833 4834
f 1365 4835 4837
f 4835 708 4836
f 4837 4836 1366
f 4835 4836 4837
f 1367 4838 4840
f 4838 1366 4839
f 4840 4839 50
f 4838 4839 4840
f 1365 4837 4833
f 4837 1366 4838
f 4833 4838 1367
f 4837 4838 4833
f 50 4841 4840
f 4841 1368 4842
f 4840 4842 1367
f 4841 4842 4840
f 1368 4843 4845
f 4843 46 4844
f 4845 4844 1369
f 4843 4844 4845
f 1367 4846 4834
f 4846 1369 4847
f 4834 4847 332
f 4846 4847 4834
f 1368 4845 4842
f 4845 1369 4846
f 4842 4846 1367
f 4845 4846 4842
f 471 4848 4850
f 4848 1370 4849
f 4850 4849 1371
f 4848 4849 4850
f 1370 4851 4852
f 4851 46 4843
f 4852 4843 1368
f 4851 4843 4852
f 1371 4853 4854
f 4853 1368 4841
f 4854 4841 50
f 4853 4841 4854
f 1370 4852 4849
f 4852 1368 4853
f 4849 4853 1371
f 4852 4853 4849
f 748 4733 4856
f 4733 1332 4855
f 4856 4855 1373
f 4733 4855 4856
f 1332 4730 4858
f 4730 392 4857
f 4858 4857 1372
f 4730 4857 4858
f 1373 4859 4861
f 4859 1372 4860
f 4861 4860 40
f 4859 4860 4861
f 1332 4858 4855
f 4858 1372 4859
f 4855 4859 1373
f 4858 4859 4855
f 265 4862 4864
f 4862 1374 4863
f 4864 4863 1376
f 4862 4863 4864
f 1374 4865 4867
f 4865 782 4866
f 4867 4866 1375
f 4865 4866 4867
f 1376 4868 4870
f 4868 1375 4869
f 4870 4869 37
f 4868 4869 4870
f 1374 4867 4863
f 4867 1375 4868
f 4863 4868 1376
f 4867 4868 4863
f 708 4871 4873
f 4871 1377 4872
f 4873 4872 1378
f 4871 4872 4873
f 1377 4874 4875
f 4874 265 4864
f 4875 4864 1376
f 4874 4864 4875
f 1378 4876 4877
f 4876 1376 4870
f 4877 4870 37
f 4876 4870 4877
f 1377 4875 4872
f 4875 1376 4876
f 4872 4876 1378
f 4875 4876 4872
f 32 4878 4880
f 4878 1379 4879
f 4880 4879 1381
f 4878 4879 4880
f 1379 4881 4883
f 4881 467 4882
f 4883 4882 1380
f 4881 4882 4883
f 1381 4884 4886
f 4884 1380 4885
f 4886 4885 383
f 4884 4885 4886
f 1379 4883 4879
f 4883 1380 4884
f 4879 4884 1381
f 4883 4884 4879
f 308 4887 4889
f 4887 1382 4888
f 4889 4888 1384
f 4887 4888 4889
f 1382 4890 4892
f 4890 349 4891
f 4892 4891 1383
f 4890 4891 4892
f 1384 4893 4895
f 4893 1383 4894
f 4895 4894 469
f 4893 4894 4895
f 1382 4892 4888
f 4892 1383 4893
f 4888 4893 1384
f 4892 4893 4888
f 508 4758 4897
f 4758 1340 4896
f 4897 4896 1386
f 4758 4896 4897
f 1340 4755 4899
f 4755 383 4898
f 4899 4898 1385
f 4755 4898 4899
f 1386 4900 4902
f 4900 1385 4901
f 4902 4901 27
f 4900 4901 4902
f 1340 4899 4896
f 4899 1385 4900
f 4896 4900 1386
f 4899 4900 4896
f 404 4903 4905
f 4903 1387 4904
f 4905 4904 1389
f 4903 4904 4905
f 1387 4906 4908
f 4906 760 4907
f 4908 4907 1388
f 4906 4907 4908
f 1389 4909 4911
f 4909 1388 4910
f 4911 4910 478
f 4909 4910 4911
f 1387 4908 4904
f 4908 1388 4909
f 4904 4909 1389
f 4908 4909 4904
f 349 4890 4913
f 4890 1382 4912
f 4913 4912 1391
f 4890 4912 4913
f 1382 4887 4915
f 4887 308 4914
f 4915 4914 1390
f 4887 4914 4915
f 1391 4916 4918
f 4916 1390 4917
f 4918 4917 18
f 4916 4917 4918
f 1382 4915 4912
f 4915 1390 4916
f 4912 4916 1391
f 4915 4916 4912
f 814 4919 4921
f 4919 1392 4920
f 4921 4920 1394
f 4919 4920 4921
f 1392 4922 4924
f 4922 739 4923
f 4924 4923 1393
f 4922 4923 4924
f 1394 4925 4927
f 4925 1393 4926
f 4927 4926 7
f 4925 4926 4927
f 1392 4924 4920
f 4924 1393 4925
f 4920 4925 1394
f 4924 4925 4920
f 552 4928 4930
f 4928 1395 4929
f 4930 4929 1397
f 4928 4929 4930
f 1395 4931 4933
f 4931 701 4932
f 4933 4932 1396
f 4931 4932 4933
f 1397 4934 4936
f 4934 1396 4935
f 4936 4935 10
f 4934 4935 4936
f 1395 4933 4929
f 4933 1396 4934
f 4929 4934 1397
f 4933 4934 4929
f 206 4937 4939
f 4937 1398 4938
f 4939 4938 1400
f 4937 4938 4939
f 1398 4940 4942
f 4940 336 4941
f 4942 4941 1399
f 4940 4941 4942
f 1400 4943 4945
f 4943 1399 4944
f 4945 4944 61
f 4943 4944 4945
f 1398 4942 4938
f 4942 1399 4943
f 4938 4943 1400
f 4942 4943 4938
f 627 4946 4948
f 4946 1401 4947
f 4948 4947 1403
f 4946 4947 4948
f 1401 4949 4951
f 4949 411 4950
f 4951 4950 1402
f 4949 4950 4951
f 1403 4952 4954
f 4952 1402 4953
f 4954 4953 68
f 4952 4953 4954
f 1401 4951 4947
f 4951 1402 4952
f 4947 4952 1403
f 4951 4952 4947
f 662 4955 4957
f 4955 1404 4956
f 4957 4956 1406
f 4955 4956 4957
f 1404 4958 4960
f 4958 521 4959
f 4960 4959 1405
f 4958 4959 4960
f 1406 4961 4963
f 4961 1405 4962
f 4963 4962 71
f 4961 4962 4963
f 1404 4960 4956
f 4960 1405 4961
f 4956 4961 1406
f 4960 4961 4956
f 37 4964 4966
f 4964 1407 4965
f 4966 4965 1409
f 4964 4965 4966
f 1407 4967 4969
f 4967 47 4968
f 4969 4968 1408
f 4967 4968 4969
f 1409 4970 4972
f 4970 1408 4971
f 4972 4971 455
f 4970 4971 4972
f 1407 4969 4965
f 4969 1408 4970
f 4965 4970 1409
f 4969 4970 4965
f 516 4973 4975
f 4973 1410 4974
f 4975 4974 1412
f 4973 4974 4975
f 1410 4976 4978
f 4976 749 4977
f 4978 4977 1411
f 4976 4977 4978
f 1412 4979 4981
f 4979 1411 4980
f 4981 4980 25
f 4979 4980 4981
f 1410 4978 4974
f 4978 1411 4979
f 4974 4979 1412
f 4978 4979 4974
f 782 4982 4866
f 4982 1413 4983
f 4866 4983 1375
f 4982 4983 4866
f 1413 4984 4986
f 4984 517 4985
f 4986 4985 1414
f 4984 4985 4986
f 1375 4987 4869
f 4987 1414 4988
f 4869 4988 37
f 4987 4988 4869
f 1413 4986 4983
f 4986 1414 4987
f 4983 4987 1375
f 4986 4987 4983
f 611 4989 4991
f 4989 1415 4990
f 4991 4990 1417
f 4989 4990 4991
f 1415 4992 4994
f 4992 22 4993
f 4994 4993 1416
f 4992 4993 4994
f 1417 4995 4997
f 4995 1416 4996
f 4997 4996 288
f 4995 4996 4997
f 1415 4994 4990
f 4994 1416 4995
f 4990 4995 1417
f 4994 4995 4990
f 654 4998 5000
f 4998 1418 4999
f 5000 4999 1420
f 4998 4999 5000
f 1418 5001 5003
f 5001 334 5002
f 5003 5002 1419
f 5001 5002 5003
f 1420 5004 5006
f 5004 1419 5005
f 5006 5005 372
f 5004 5005 5006
f 1418 5003 4999
f 5003 1419 5004
f 4999 5004 1420
f 5003 5004 4999
f 716 5007 5009
f 5007 1421 5008
f 5009 5008 1423
f 5007 5008 5009
f 1421 5010 5012
f 5010 699 5011
f 5012 5011 1422
f 5010 5011 5012
f 1423 5013 5015
f 5013 1422 5014
f 5015 5014 4
f 5013 5014 5015
f 1421 5012 5008
f 5012 1422 5013
f 5008 5013 1423
f 5012 5013 5008
f 236 5016 5018
f 5016 1424 5017
f 5018 5017 1426
f 5016 5017 5018
f 1424 5019 5021
f 5019 638 5020
f 5021 5020 1425
f 5019 5020 5021
f 1426 5022 5024
f 5022 1425 5023
f 5024 5023 445
f 5022 5023 5024
f 1424 5021 5017
f 5021 1425 5022
f 5017 5022 1426
f 5021 5022 5017
f 334 5025 5027
f 5025 1427 5026
f 5027 5026 1429
f 5025 5026 5027
f 1427 5028 5030
f 5028 712 5029
f 5030 5029 1428
f 5028 5029 5030
f 1429 5031 5033
f 5031 1428 5032
f 5033 5032 236
f 5031 5032 5033
f 1427 5030 5026
f 5030 1428 5031
f 5026 5031 1429
f 5030 5031 5026
f 61 5034 5036
f 5034 1430 5035
f 5036 5035 1432
f 5034 5035 5036
f 1430 5037 5039
f 5037 323 5038
f 5039 5038 1431
f 5037 5038 5039
f 1432 5040 5042
f 5040 1431 5041
f 5042 5041 676
f 5040 5041 5042
f 1430 5039 5035
f 5039 1431 5040
f 5035 5040 1432
f 5039 5040 5035
f 741 5043 5045
f 5043 1433 5044
f 5045 5044 1435
f 5043 5044 5045
f 1433 5046 5048
f 5046 518 5047
f 5048 5047 1434
f 5046 5047 5048
f 1435 5049 5051
f 5049 1434 5050
f 5051 5050 42
f 5049 5050 5051
f 1433 5048 5044
f 5048 1434 5049
f 5044 5049 1435
f 5048 5049 5044
f 475 5052 5054
f 5052 1436 5053
f 5054 5053 1438
f 5052 5053 5054
f 1436 5055 5057
f 5055 518 5056
f 5057 5056 1437
f 5055 5056 5057
f 1438 5058 5060
f 5058 1437 5059
f 5060 5059 673
f 5058 5059 5060
f 1436 5057 5053
f 5057 1437 5058
f 5053 5058 1438
f 5057 5058 5053
f 605 5061 5063
f 5061 1439 5062
f 5063 5062 1441
f 5061 5062 5063
f 1439 5064 5066
f 5064 411 5065
f 5066 5065 1440
f 5064 5065 5066
f 1441 5067 5069
f 5067 1440 5068
f 5069 5068 323
f 5067 5068 5069
f 1439 5066 5062
f 5066 1440 5067
f 5062 5067 1441
f 5066 5067 5062
f 250 5070 5072
f 5070 1442 5071
f 5072 5071 1444
f 5070 5071 5072
f 1442 5073 5075
f 5073 321 5074
f 5075 5074 1443
f 5073 5074 5075
f 1444 5076 5078
f 5076 1443 5077
f 5078 5077 42
f 5076 5077 5078
f 1442 5075 5071
f 5075 1443 5076
f 5071 5076 1444
f 5075 5076 5071
f 452 5079 5081
f 5079 1445 5080
f 5081 5080 1447
f 5079 5080 5081
f 1445 5082 5084
f 5082 379 5083
f 5084 5083 1446
f 5082 5083 5084
f 1447 5085 5087
f 5085 1446 5086
f 5087 5086 45
f 5085 5086 5087
f 1445 5084 5080
f 5084 1446 5085
f 5080 5085 1447
f 5084 5085 5080
f 661 5088 5090
f 5088 1448 5089
f 5090 5089 1450
f 5088 5089 5090
f 1448 5091 5093
f 5091 310 5092
f 5093 5092 1449
f 5091 5092 5093
f 1450 5094 5096
f 5094 1449 5095
f 5096 5095 512
f 5094 5095 5096
f 1448 5093 5089
f 5093 1449 5094
f 5089 5094 1450
f 5093 5094 5089
f 389 5097 5099
f 5097 1451 5098
f 5099 5098 1453
f 5097 5098 5099
f 1451 5100 5102
f 5100 804 5101
f 5102 5101 1452
f 5100 5101 5102
f 1453 5103 5105
f 5103 1452 5104
f 5105 5104 34
f 5103 5104 5105
f 1451 5102 5098
f 5102 1452 5103
f 5098 5103 1453
f 5102 5103 5098
f 804 5106 5101
f 5106 1454 5107
f 5101 5107 1452
f 5106 5107 5101
f 1454 5108 5110
f 5108 310 5109
f 5110 5109 1455
f 5108 5109 5110
f 1452 5111 5104
f 5111 1455 5112
f 5104 5112 34
f 5111 5112 5104
f 1454 5110 5107
f 5110 1455 5111
f 5107 5111 1452
f 5110 5111 5107
f 189 5113 5115
f 5113 1456 5114
f 5115 5114 1458
f 5113 5114 5115
f 1456 5116 5118
f 5116 684 5117
f 5118 5117 1457
f 5116 5117 5118
f 1458 5119 5121
f 5119 1457 5120
f 5121 5120 296
f 5119 5120 5121
f 1456 5118 5114
f 5118 1457 5119
f 5114 5119 1458
f 5118 5119 5114
f 189 5122 5124
f 5122 1459 5123
f 5124 5123 1461
f 5122 5123 5124
f 1459 5125 5127
f 5125 298 5126
f 5127 5126 1460
f 5125 5126 5127
f 1461 5128 5130
f 5128 1460 5129
f 5130 5129 26
f 5128 5129 5130
f 1459 5127 5123
f 5127 1460 5128
f 5123 5128 1461
f 5127 5128 5123
f 655 5131 5133
f 5131 1462 5132
f 5133 5132 1464
f 5131 5132 5133
f 1462 5134 5136
f 5134 38 5135
f 5136 5135 1463
f 5134 5135 5136
f 1464 5137 5139
f 5137 1463 5138
f 5139 5138 548
f 5137 5138 5139
f 1462 5136 5132
f 5136 1463 5137
f 5132 5137 1464
f 5136 5137 5132
f 363 5140 5142
f 5140 1465 5141
f 5142 5141 1467
f 5140 5141 5142
f 1465 5143 5145
f 5143 21 5144
f 5145 5144 1466
f 5143 5144 5145
f 1467 5146 5148
f 5146 1466 5147
f 5148 5147 445
f 5146 5147 5148
f 1465 5145 5141
f 5145 1466 5146
f 5141 5146 1467
f 5145 5146 5141
f 8 5149 5151
f 5149 1468 5150
f 5151 5150 1470
f 5149 5150 5151
f 1468 5152 5154
f 5152 813 5153
f 5154 5153 1469
f 5152 5153 5154
f 1470 5155 5157
f 5155 1469 5156
f 5157 5156 581
f 5155 5156 5157
f 1468 5154 5150
f 5154 1469 5155
f 5150 5155 1470
f 5154 5155 5150
f 624 5158 5160
f 5158 1471 5159
f 5160 5159 1473
f 5158 5159 5160
f 1471 5161 5163
f 5161 451 5162
f 5163 5162 1472
f 5161 5162 5163
f 1473 5164 5166
f 5164 1472 5165
f 5166 5165 29
f 5164 5165 5166
f 1471 5163 5159
f 5163 1472 5164
f 5159 5164 1473
f 5163 5164 5159
f 66 5167 5169
f 5167 1474 5168
f 5169 5168 1476
f 5167 5168 5169
f 1474 5170 5172
f 5170 412 5171
f 5172 5171 1475
f 5170 5171 5172
f 1476 5173 5175
f 5173 1475 5174
f 5175 5174 673
f 5173 5174 5175
f 1474 5172 5168
f 5172 1475 5173
f 5168 5173 1476
f 5172 5173 5168
f 394 5176 5178
f 5176 1477 5177
f 5178 5177 1479
f 5176 5177 5178
f 1477 5179 5181
f 5179 77 5180
f 5181 5180 1478
f 5179 5180 5181
f 1479 5182 5184
f 5182 1478 5183
f 5184 5183 204
f 5182 5183 5184
f 1477 5181 5177
f 5181 1478 5182
f 5177 5182 1479
f 5181 5182 5177
f 73 5185 5187
f 5185 1480 5186
f 5187 5186 1482
f 5185 5186 5187
f 1480 5188 5190
f 5188 57 5189
f 5190 5189 1481
f 5188 5189 5190
f 1482 5191 5193
f 5191 1481 5192
f 5193 5192 263
f 5191 5192 5193
f 1480 5190 5186
f 5190 1481 5191
f 5186 5191 1482
f 5190 5191 5186
f 204 5194 5196
f 5194 1483 5195
f 5196 5195 1485
f 5194 5195 5196
f 1483 5197 5199
f 5197 333 5198
f 5199 5198 1484
f 5197 5198 5199
f 1485 5200 5202
f 5200 1484 5201
f 5202 5201 73
f 5200 5201 5202
f 1483 5199 5195
f 5199 1484 5200
f 5195 5200 1485
f 5199 5200 5195
f 452 5203 5205
f 5203 1486 5204
f 5205 5204 1488
f 5203 5204 5205
f 1486 5206 5208
f 5206 529 5207
f 5208 5207 1487
f 5206 5207 5208
f 1488 5209 5211
f 5209 1487 5210
f 5211 5210 57
f 5209 5210 5211
f 1486 5208 5204
f 5208 1487 5209
f 5204 5209 1488
f 5208 5209 5204
f 58 5212 5214
f 5212 1489 5213
f 5214 5213 1491
f 5212 5213 5214
f 1489 5215 5217
f 5215 523 5216
f 5217 5216 1490
f 5215 5216 5217
f 1491 5218 5220
f 5218 1490 5219
f 5220 5219 315
f 5218 5219 5220
f 1489 5217 5213
f 5217 1490 5218
f 5213 5218 1491
f 5217 5218 5213
f 78 5221 5223
f 5221 1492 5222
f 5223 5222 1494
f 5221 5222 5223
f 1492 5224 5226
f 5224 75 5225
f 5226 5225 1493
f 5224 5225 5226
f 1494 5227 5229
f 5227 1493 5228
f 5229 5228 264
f 5227 5228 5229
f 1492 5226 5222
f 5226 1493 5227
f 5222 5227 1494
f 5226 5227 5222
f 49 5230 5232
f 5230 1495 5231
f 5232 5231 1497
f 5230 5231 5232
f 1495 5233 5235
f 5233 251 5234
f 5235 5234 1496
f 5233 5234 5235
f 1497 5236 5238
f 5236 1496 5237
f 5238 5237 525
f 5236 5237 5238
f 1495 5235 5231
f 5235 1496 5236
f 5231 5236 1497
f 5235 5236 5231
f 393 5239 5241
f 5239 1498 5240
f 5241 5240 1500
f 5239 5240 5241
f 1498 5242 5244
f 5242 753 5243
f 5244 5243 1499
f 5242 5243 5244
f 1500 5245 5247
f 5245 1499 5246
f 5247 5246 535
f 5245 5246 5247
f 1498 5244 5240
f 5244 1499 5245
f 5240 5245 1500
f 5244 5245 5240
f 65 5248 5250
f 5248 1501 5249
f 5250 5249 1502
f 5248 5249 5250
f 1501 5251 5252
f 5251 376 4511
f 5252 4511 1261
f 5251 4511 5252
f 1502 5253 5254
f 5253 1261 4517
f 5254 4517 609
f 5253 4517 5254
f 1501 5252 5249
f 5252 1261 5253
f 5249 5253 1502
f 5252 5253 5249
f 398 5255 5257
f 5255 1503 5256
f 5257 5256 1505
f 5255 5256 5257
f 1503 5258 5260
f 5258 72 5259
f 5260 5259 1504
f 5258 5259 5260
f 1505 5261 5263
f 5261 1504 5262
f 5263 5262 302
f 5261 5262 5263
f 1503 5260 5256
f 5260 1504 5261
f 5256 5261 1505
f 5260 5261 5256
f 326 5264 5266
f 5264 1506 5265
f 5266 5265 1507
f 5264 5265 5266
f 1506 5267 5268
f 5267 535 5246
f 5268 5246 1499
f 5267 5246 5268
f 1507 5269 5270
f 5269 1499 5243
f 5270 5243 753
f 5269 5243 5270
f 1506 5268 5265
f 5268 1499 5269
f 5265 5269 1507
f 5268 5269 5265
f 23 5271 5273
f 5271 1508 5272
f 5273 5272 1510
f 5271 5272 5273
f 1508 5274 5276
f 5274 451 5275
f 5276 5275 1509
f 5274 5275 5276
f 1510 5277 5279
f 5277 1509 5278
f 5279 5278 657
f 5277 5278 5279
f 1508 5276 5272
f 5276 1509 5277
f 5272 5277 1510
f 5276 5277 5272
f 575 5280 5282
f 5280 1511 5281
f 5282 5281 1513
f 5280 5281 5282
f 1511 5283 5285
f 5283 789 5284
f 5285 5284 1512
f 5283 5284 5285
f 1513 5286 5288
f 5286 1512 5287
f 5288 5287 179
f 5286 5287 5288
f 1511 5285 5281
f 5285 1512 5286
f 5281 5286 1513
f 5285 5286 5281
f 830 5289 5291
f 5289 1514 5290
f 5291 5290 1516
f 5289 5290 5291
f 1514 5292 5294
f 5292 473 5293
f 5294 5293 1515
f 5292 5293 5294
f 1516 5295 5297
f 5295 1515 5296
f 5297 5296 182
f 5295 5296 5297
f 1514 5294 5290
f 5294 1515 5295
f 5290 5295 1516
f 5294 5295 5290
f 35 5298 5300
f 5298 1517 5299
f 5300 5299 1519
f 5298 5299 5300
f 1517 5301 5303
f 5301 842 5302
f 5303 5302 1518
f 5301 5302 5303
f 1519 5304 5306
f 5304 1518 5305
f 5306 5305 546
f 5304 5305 5306
f 1517 5303 5299
f 5303 1518 5304
f 5299 5304 1519
f 5303 5304 5299
f 244 5307 5309
f 5307 1520 5308
f 5309 5308 1522
f 5307 5308 5309
f 1520 5310 5312
f 5310 20 5311
f 5312 5311 1521
f 5310 5311 5312
f 1522 5313 5315
f 5313 1521 5314
f 5315 5314 24
f 5313 5314 5315
f 1520 5312 5308
f 5312 1521 5313
f 5308 5313 1522
f 5312 5313 5308
f 43 5316 5318
f 5316 1523 5317
f 5318 5317 1525
f 5316 5317 5318
f 1523 5319 5321
f 5319 840 5320
f 5321 5320 1524
f 5319 5320 5321
f 1525 5322 5324
f 5322 1524 5323
f 5324 5323 35
f 5322 5323 5324
f 1523 5321 5317
f 5321 1524 5322
f 5317 5322 1525
f 5321 5322 5317
f 414 5325 5327
f 5325 1526 5326
f 5327 5326 1528
f 5325 5326 5327
f 1526 5328 5330
f 5328 136 5329
f 5330 5329 1527
f 5328 5329 5330
f 1528 5331 5333
f 5331 1527 5332
f 5333 5332 285
f 5331 5332 5333
f 1526 5330 5326
f 5330 1527 5331
f 5326 5331 1528
f 5330 5331 5326
f 311 5334 5336
f 5334 1529 5335
f 5336 5335 1530
f 5334 5335 5336
f 1529 5337 5338
f 5337 136 3713
f 5338 3713 998
f 5337 3713 5338
f 1530 5339 5340
f 5339 998 3710
f 5340 3710 377
f 5339 3710 5340
f 1529 5338 5335
f 5338 998 5339
f 5335 5339 1530
f 5338 5339 5335
f 664 5341 5343
f 5341 1531 5342
f 5343 5342 1533
f 5341 5342 5343
f 1531 5344 5346
f 5344 722 5345
f 5346 5345 1532
f 5344 5345 5346
f 1533 5347 5349
f 5347 1532 5348
f 5349 5348 796
f 5347 5348 5349
f 1531 5346 5342
f 5346 1532 5347
f 5342 5347 1533
f 5346 5347 5342
f 7 5350 5352
f 5350 1534 5351
f 5352 5351 1536
f 5350 5351 5352
f 1534 5353 5355
f 5353 504 5354
f 5355 5354 1535
f 5353 5354 5355
f 1536 5356 5358
f 5356 1535 5357
f 5358 5357 449
f 5356 5357 5358
f 1534 5355 5351
f 5355 1535 5356
f 5351 5356 1536
f 5355 5356 5351
f 24 5359 5315
f 5359 1537 5360
f 5315 5360 1522
f 5359 5360 5315
f 1537 5361 5363
f 5361 682 5362
f 5363 5362 1538
f 5361 5362 5363
f 1522 5364 5309
f 5364 1538 5365
f 5309 5365 244
f 5364 5365 5309
f 1537 5363 5360
f 5363 1538 5364
f 5360 5364 1522
f 5363 5364 5360
f 825 5366 5368
f 5366 1539 5367
f 5368 5367 1541
f 5366 5367 5368
f 1539 5369 5371
f 5369 439 5370
f 5371 5370 1540
f 5369 5370 5371
f 1541 5372 5374
f 5372 1540 5373
f 5374 5373 12
f 5372 5373 5374
f 1539 5371 5367
f 5371 1540 5372
f 5367 5372 1541
f 5371 5372 5367
f 172 5375 5377
f 5375 1542 5376
f 5377 5376 1544
f 5375 5376 5377
f 1542 5378 5380
f 5378 757 5379
f 5380 5379 1543
f 5378 5379 5380
f 1544 5381 5383
f 5381 1543 5382
f 5383 5382 632
f 5381 5382 5383
f 1542 5380 5376
f 5380 1543 5381
f 5376 5381 1544
f 5380 5381 5376
f 771 5384 5386
f 5384 1545 5385
f 5386 5385 1547
f 5384 5385 5386
f 1545 5387 5389
f 5387 802 5388
f 5389 5388 1546
f 5387 5388 5389
f 1547 5390 5392
f 5390 1546 5391
f 5392 5391 338
f 5390 5391 5392
f 1545 5389 5385
f 5389 1546 5390
f 5385 5390 1547
f 5389 5390 5385
f 557 5393 5395
f 5393 1548 5394
f 5395 5394 1550
f 5393 5394 5395
f 1548 5396 5398
f 5396 698 5397
f 5398 5397 1549
f 5396 5397 5398
f 1550 5399 5401
f 5399 1549 5400
f 5401 5400 633
f 5399 5400 5401
f 1548 5398 5394
f 5398 1549 5399
f 5394 5399 1550
f 5398 5399 5394
f 478 5402 5404
f 5402 1551 5403
f 5404 5403 1553
f 5402 5403 5404
f 1551 5405 5407
f 5405 615 5406
f 5407 5406 1552
f 5405 5406 5407
f 1553 5408 5410
f 5408 1552 5409
f 5410 5409 188
f 5408 5409 5410
f 1551 5407 5403
f 5407 1552 5408
f 5403 5408 1553
f 5407 5408 5403
f 702 5411 5413
f 5411 1554 5412
f 5413 5412 1556
f 5411 5412 5413
f 1554 5414 5416
f 5414 296 5415
f 5416 5415 1555
f 5414 5415 5416
f 1556 5417 5419
f 5417 1555 5418
f 5419 5418 813
f 5417 5418 5419
f 1554 5416 5412
f 5416 1555 5417
f 5412 5417 1556
f 5416 5417 5412
f 296 5420 5121
f 5420 1557 5421
f 5121 5421 1458
f 5420 5421 5121
f 1557 5422 5424
f 5422 382 5423
f 5424 5423 1558
f 5422 5423 5424
f 1458 5425 5115
f 5425 1558 5426
f 5115 5426 189
f 5425 5426 5115
f 1557 5424 5421
f 5424 1558 5425
f 5421 5425 1458
f 5424 5425 5421
f 433 5427 4434
f 5427 1559 5428
f 4434 5428 1234
f 5427 5428 4434
f 1559 5429 5431
f 5429 116 5430
f 5431 5430 1560
f 5429 5430 5431
f 1234 5432 4437
f 5432 1560 5433
f 4437 5433 595
f 5432 5433 4437
f 1559 5431 5428
f 5431 1560 5432
f 5428 5432 1234
f 5431 5432 5428
f 160 3884 5435
f 3884 1053 5434
f 5435 5434 1562
f 3884 5434 5435
f 1053 3881 5437
f 3881 524 5436
f 5437 5436 1561
f 3881 5436 5437
f 1562 5438 5440
f 5438 1561 5439
f 5440 5439 587
f 5438 5439 5440
f 1053 5437 5434
f 5437 1561 5438
f 5434 5438 1562
f 5437 5438 5434
f 255 5441 5443
f 5441 1563 5442
f 5443 5442 1565
f 5441 5442 5443
f 1563 5444 5446
f 5444 156 5445
f 5446 5445 1564
f 5444 5445 5446
f 1565 5447 5449
f 5447 1564 5448
f 5449 5448 327
f 5447 5448 5449
f 1563 5446 5442
f 5446 1564 5447
f 5442 5447 1565
f 5446 5447 5442
f 760 5450 5452
f 5450 1566 5451
f 5452 5451 1568
f 5450 5451 5452
f 1566 5453 5455
f 5453 469 5454
f 5455 5454 1567
f 5453 5454 5455
f 1568 5456 5458
f 5456 1567 5457
f 5458 5457 615
f 5456 5457 5458
f 1566 5455 5451
f 5455 1567 5456
f 5451 5456 1568
f 5455 5456 5451
f 589 3706 5460
f 3706 996 5459
f 5460 5459 1570
f 3706 5459 5460
f 996 3703 5462
f 3703 120 5461
f 5462 5461 1569
f 3703 5461 5462
f 1570 5463 5465
f 5463 1569 5464
f 5465 5464 401
f 5463 5464 5465
f 996 5462 5459
f 5462 1569 5463
f 5459 5463 1570
f 5462 5463 5459
f 305 5466 4174
f 5466 1571 5467
f 4174 5467 1148
f 5466 5467 4174
f 1571 5468 5470
f 5468 779 5469
f 5470 5469 1572
f 5468 5469 5470
f 1148 5471 4168
f 5471 1572 5472
f 4168 5472 564
f 5471 5472 4168
f 1571 5470 5467
f 5470 1572 5471
f 5467 5471 1148
f 5470 5471 5467
f 34 5473 5475
f 5473 1573 5474
f 5475 5474 1575
f 5473 5474 5475
f 1573 5476 5478
f 5476 505 5477
f 5478 5477 1574
f 5476 5477 5478
f 1575 5479 5481
f 5479 1574 5480
f 5481 5480 192
f 5479 5480 5481
f 1573 5478 5474
f 5478 1574 5479
f 5474 5479 1575
f 5478 5479 5474
f 192 5482 5484
f 5482 1576 5483
f 5484 5483 1578
f 5482 5483 5484
f 1576 5485 5487
f 5485 378 5486
f 5487 5486 1577
f 5485 5486 5487
f 1578 5488 5490
f 5488 1577 5489
f 5490 5489 259
f 5488 5489 5490
f 1576 5487 5483
f 5487 1577 5488
f 5483 5488 1578
f 5487 5488 5483
f 32 4880 5492
f 4880 1381 5491
f 5492 5491 1580
f 4880 5491 5492
f 1381 4886 5494
f 4886 383 5493
f 5494 5493 1579
f 4886 5493 5494
f 1580 5495 5497
f 5495 1579 5496
f 5497 5496 194
f 5495 5496 5497
f 1381 5494 5491
f 5494 1579 5495
f 5491 5495 1580
f 5494 5495 5491
f 198 5498 5500
f 5498 1581 5499
f 5500 5499 1583
f 5498 5499 5500
f 1581 5501 5503
f 5501 195 5502
f 5503 5502 1582
f 5501 5502 5503
f 1583 5504 5506
f 5504 1582 5505
f 5506 5505 146
f 5504 5505 5506
f 1581 5503 5499
f 5503 1582 5504
f 5499 5504 1583
f 5503 5504 5499
f 51 5507 5509
f 5507 1584 5508
f 5509 5508 1586
f 5507 5508 5509
f 1584 5510 5512
f 5510 391 5511
f 5512 5511 1585
f 5510 5511 5512
f 1586 5513 5515
f 5513 1585 5514
f 5515 5514 258
f 5513 5514 5515
f 1584 5512 5508
f 5512 1585 5513
f 5508 5513 1586
f 5512 5513 5508
f 257 5516 5518
f 5516 1587 5517
f 5518 5517 1588
f 5516 5517 5518
f 1587 5519 5520
f 5519 115 3647
f 5520 3647 979
f 5519 3647 5520
f 1588 5521 5522
f 5521 979 3653
f 5522 3653 549
f 5521 3653 5522
f 1587 5520 5517
f 5520 979 5521
f 5517 5521 1588
f 5520 5521 5517
f 827 5523 5525
f 5523 1589 5524
f 5525 5524 1591
f 5523 5524 5525
f 1589 5526 5528
f 5526 396 5527
f 5528 5527 1590
f 5526 5527 5528
f 1591 5529 5531
f 5529 1590 5530
f 5531 5530 31
f 5529 5530 5531
f 1589 5528 5524
f 5528 1590 5529
f 5524 5529 1591
f 5528 5529 5524
f 389 5099 5533
f 5099 1453 5532
f 5533 5532 1592
f 5099 5532 5533
f 1453 5105 5534
f 5105 34 5475
f 5534 5475 1575
f 5105 5475 5534
f 1592 5535 5536
f 5535 1575 5481
f 5536 5481 192
f 5535 5481 5536
f 1453 5534 5532
f 5534 1575 5535
f 5532 5535 1592
f 5534 5535 5532
f 264 5537 5539
f 5537 1593 5538
f 5539 5538 1595
f 5537 5538 5539
f 1593 5540 5542
f 5540 538 5541
f 5542 5541 1594
f 5540 5541 5542
f 1595 5543 5545
f 5543 1594 5544
f 5545 5544 774
f 5543 5544 5545
f 1593 5542 5538
f 5542 1594 5543
f 5538 5543 1595
f 5542 5543 5538
f 197 5546 5548
f 5546 1596 5547
f 5548 5547 1598
f 5546 5547 5548
f 1596 5549 5551
f 5549 46 5550
f 5551 5550 1597
f 5549 5550 5551
f 1598 5552 5554
f 5552 1597 5553
f 5554 5553 392
f 5552 5553 5554
f 1596 5551 5547
f 5551 1597 5552
f 5547 5552 1598
f 5551 5552 5547
f 803 5555 5557
f 5555 1599 5556
f 5557 5556 1601
f 5555 5556 5557
f 1599 5558 5560
f 5558 266 5559
f 5560 5559 1600
f 5558 5559 5560
f 1601 5561 5563
f 5561 1600 5562
f 5563 5562 613
f 5561 5562 5563
f 1599 5560 5556
f 5560 1600 5561
f 5556 5561 1601
f 5560 5561 5556
f 402 5564 5566
f 5564 1602 5565
f 5566 5565 1604
f 5564 5565 5566
f 1602 5567 5569
f 5567 481 5568
f 5569 5568 1603
f 5567 5568 5569
f 1604 5570 5572
f 5570 1603 5571
f 5572 5571 330
f 5570 5571 5572
f 1602 5569 5565
f 5569 1603 5570
f 5565 5570 1604
f 5569 5570 5565
f 313 5573 5575
f 5573 1605 5574
f 5575 5574 1607
f 5573 5574 5575
f 1605 5576 5578
f 5576 540 5577
f 5578 5577 1606
f 5576 5577 5578
f 1607 5579 5581
f 5579 1606 5580
f 5581 5580 137
f 5579 5580 5581
f 1605 5578 5574
f 5578 1606 5579
f 5574 5579 1607
f 5578 5579 5574
f 86 5582 5584
f 5582 1608 5583
f 5584 5583 1610
f 5582 5583 5584
f 1608 5585 5587
f 5585 399 5586
f 5587 5586 1609
f 5585 5586 5587
f 1610 5588 5590
f 5588 1609 5589
f 5590 5589 200
f 5588 5589 5590
f 1608 5587 5583
f 5587 1609 5588
f 5583 5588 1610
f 5587 5588 5583
f 464 5591 5593
f 5591 1611 5592
f 5593 5592 1613
f 5591 5592 5593
f 1611 5594 5596
f 5594 537 5595
f 5596 5595 1612
f 5594 5595 5596
f 1613 5597 5599
f 5597 1612 5598
f 5599 5598 132
f 5597 5598 5599
f 1611 5596 5592
f 5596 1612 5597
f 5592 5597 1613
f 5596 5597 5592
f 61 5600 5602
f 5600 1614 5601
f 5602 5601 1616
f 5600 5601 5602
f 1614 5603 5605
f 5603 406 5604
f 5605 5604 1615
f 5603 5604 5605
f 1616 5606 5608
f 5606 1615 5607
f 5608 5607 202
f 5606 5607 5608
f 1614 5605 5601
f 5605 1615 5606
f 5601 5606 1616
f 5605 5606 5601
f 528 5609 5611
f 5609 1617 5610
f 5611 5610 1619
f 5609 5610 5611
f 1617 5612 5614
f 5612 202 5613
f 5614 5613 1618
f 5612 5613 5614
f 1619 5615 5617
f 5615 1618 5616
f 5617 5616 455
f 5615 5616 5617
f 1617 5614 5610
f 5614 1618 5615
f 5610 5615 1619
f 5614 5615 5610
f 274 5618 5620
f 5618 1620 5619
f 5620 5619 1622
f 5618 5619 5620
f 1620 5621 5623
f 5621 98 5622
f 5623 5622 1621
f 5621 5622 5623
f 1622 5624 5626
f 5624 1621 5625
f 5626 5625 329
f 5624 5625 5626
f 1620 5623 5619
f 5623 1621 5624
f 5619 5624 1622
f 5623 5624 5619
f 274 5627 5629
f 5627 1623 5628
f 5629 5628 1625
f 5627 5628 5629
f 1623 5630 5632
f 5630 272 5631
f 5632 5631 1624
f 5630 5631 5632
f 1625 5633 5635
f 5633 1624 5634
f 5635 5634 453
f 5633 5634 5635
f 1623 5632 5628
f 5632 1624 5633
f 5628 5633 1625
f 5632 5633 5628
f 77 5636 5180
f 5636 1626 5637
f 5180 5637 1478
f 5636 5637 5180
f 1626 5638 5640
f 5638 66 5639
f 5640 5639 1627
f 5638 5639 5640
f 1478 5641 5183
f 5641 1627 5642
f 5183 5642 204
f 5641 5642 5183
f 1626 5640 5637
f 5640 1627 5641
f 5637 5641 1478
f 5640 5641 5637
f 545 5643 5645
f 5643 1628 5644
f 5645 5644 1630
f 5643 5644 5645
f 1628 5646 5648
f 5646 73 5647
f 5648 5647 1629
f 5646 5647 5648
f 1630 5649 5651
f 5649 1629 5650
f 5651 5650 607
f 5649 5650 5651
f 1628 5648 5644
f 5648 1629 5649
f 5644 5649 1630
f 5648 5649 5644
f 312 5652 5654
f 5652 1631 5653
f 5654 5653 1632
f 5652 5653 5654
f 1631 5655 5656
f 5655 201 3965
f 5656 3965 1081
f 5655 3965 5656
f 1632 5657 5658
f 5657 1081 3971
f 5658 3971 132
f 5657 3971 5658
f 1631 5656 5653
f 5656 1081 5657
f 5653 5657 1632
f 5656 5657 5653
f 208 5659 5661
f 5659 1633 5660
f 5661 5660 1635
f 5659 5660 5661
f 1633 5662 5664
f 5662 77 5663
f 5664 5663 1634
f 5662 5663 5664
f 1635 5665 5667
f 5665 1634 5666
f 5667 5666 84
f 5665 5666 5667
f 1633 5664 5660
f 5664 1634 5665
f 5660 5665 1635
f 5664 5665 5660
f 85 5668 5670
f 5668 1636 5669
f 5670 5669 1637
f 5668 5669 5670
f 1636 5671 5672
f 5671 242 4561
f 5672 4561 1275
f 5671 4561 5672
f 1637 5673 5674
f 5673 1275 4558
f 5674 4558 651
f 5673 4558 5674
f 1636 5672 5669
f 5672 1275 5673
f 5669 5673 1637
f 5672 5673 5669
f 622 5675 5677
f 5675 1638 5676
f 5677 5676 1640
f 5675 5676 5677
f 1638 5678 5680
f 5678 540 5679
f 5680 5679 1639
f 5678 5679 5680
f 1640 5681 5683
f 5681 1639 5682
f 5683 5682 477
f 5681 5682 5683
f 1638 5680 5676
f 5680 1639 5681
f 5676 5681 1640
f 5680 5681 5676
f 709 5684 5686
f 5684 1641 5685
f 5686 5685 1643
f 5684 5685 5686
f 1641 5687 5689
f 5687 110 5688
f 5689 5688 1642
f 5687 5688 5689
f 1643 5690 5692
f 5690 1642 5691
f 5692 5691 210
f 5690 5691 5692
f 1641 5689 5685
f 5689 1642 5690
f 5685 5690 1643
f 5689 5690 5685
f 519 5693 4263
f 5693 1644 5694
f 4263 5694 1178
f 5693 5694 4263
f 1644 5695 5697
f 5695 324 5696
f 5697 5696 1645
f 5695 5696 5697
f 1178 5698 4266
f 5698 1645 5699
f 4266 5699 121
f 5698 5699 4266
f 1644 5697 5694
f 5697 1645 5698
f 5694 5698 1178
f 5697 5698 5694
f 79 5700 4641
f 5700 1646 5701
f 4641 5701 1302
f 5700 5701 4641
f 1646 5702 5704
f 5702 74 5703
f 5704 5703 1647
f 5702 5703 5704
f 1302 5705 4635
f 5705 1647 5706
f 4635 5706 69
f 5705 5706 4635
f 1646 5704 5701
f 5704 1647 5705
f 5701 5705 1302
f 5704 5705 5701
f 602 5707 5709
f 5707 1648 5708
f 5709 5708 1650
f 5707 5708 5709
f 1648 5710 5712
f 5710 691 5711
f 5712 5711 1649
f 5710 5711 5712
f 1650 5713 5715
f 5713 1649 5714
f 5715 5714 341
f 5713 5714 5715
f 1648 5712 5708
f 5712 1649 5713
f 5708 5713 1650
f 5712 5713 5708
f 498 5716 5718
f 5716 1651 5717
f 5718 5717 1653
f 5716 5717 5718
f 1651 5719 5721
f 5719 175 5720
f 5721 5720 1652
f 5719 5720 5721
f 1653 5722 5724
f 5722 1652 5723
f 5724 5723 643
f 5722 5723 5724
f 1651 5721 5717
f 5721 1652 5722
f 5717 5722 1653
f 5721 5722 5717
f 592 3323 5726
f 3323 871 5725
f 5726 5725 1655
f 3323 5725 5726
f 871 3329 5728
f 3329 169 5727
f 5728 5727 1654
f 3329 5727 5728
f 1655 5729 5731
f 5729 1654 5730
f 5731 5730 235
f 5729 5730 5731
f 871 5728 5725
f 5728 1654 5729
f 5725 5729 1655
f 5728 5729 5725
f 216 5732 5734
f 5732 1656 5733
f 5734 5733 1658
f 5732 5733 5734
f 1656 5735 5737
f 5735 509 5736
f 5737 5736 1657
f 5735 5736 5737
f 1658 5738 5740
f 5738 1657 5739
f 5740 5739 672
f 5738 5739 5740
f 1656 5737 5733
f 5737 1657 5738
f 5733 5738 1658
f 5737 5738 5733
f 690 5741 5743
f 5741 1659 5742
f 5743 5742 1661
f 5741 5742 5743
f 1659 5744 5746
f 5744 621 5745
f 5746 5745 1660
f 5744 5745 5746
f 1661 5747 5749
f 5747 1660 5748
f 5749 5748 217
f 5747 5748 5749
f 1659 5746 5742
f 5746 1660 5747
f 5742 5747 1661
f 5746 5747 5742
f 554 5750 5752
f 5750 1662 5751
f 5752 5751 1664
f 5750 5751 5752
f 1662 5753 5755
f 5753 219 5754
f 5755 5754 1663
f 5753 5754 5755
f 1664 5756 5758
f 5756 1663 5757
f 5758 5757 613
f 5756 5757 5758
f 1662 5755 5751
f 5755 1663 5756
f 5751 5756 1664
f 5755 5756 5751
f 275 5759 5761
f 5759 1665 5760
f 5761 5760 1667
f 5759 5760 5761
f 1665 5762 5764
f 5762 442 5763
f 5764 5763 1666
f 5762 5763 5764
f 1667 5765 5767
f 5765 1666 5766
f 5767 5766 220
f 5765 5766 5767
f 1665 5764 5760
f 5764 1666 5765
f 5760 5765 1667
f 5764 5765 5760
f 325 5768 5770
f 5768 1668 5769
f 5770 5769 1670
f 5768 5769 5770
f 1668 5771 5773
f 5771 100 5772
f 5773 5772 1669
f 5771 5772 5773
f 1670 5774 5776
f 5774 1669 5775
f 5776 5775 212
f 5774 5775 5776
f 1668 5773 5769
f 5773 1669 5774
f 5769 5774 1670
f 5773 5774 5769
f 292 5777 5779
f 5777 1671 5778
f 5779 5778 1673
f 5777 5778 5779
f 1671 5780 5782
f 5780 222 5781
f 5782 5781 1672
f 5780 5781 5782
f 1673 5783 5785
f 5783 1672 5784
f 5785 5784 552
f 5783 5784 5785
f 1671 5782 5778
f 5782 1672 5783
f 5778 5783 1673
f 5782 5783 5778
f 786 5786 5788
f 5786 1674 5787
f 5788 5787 1676
f 5786 5787 5788
f 1674 5789 5791
f 5789 223 5790
f 5791 5790 1675
f 5789 5790 5791
f 1676 5792 5794
f 5792 1675 5793
f 5794 5793 725
f 5792 5793 5794
f 1674 5791 5787
f 5791 1675 5792
f 5787 5792 1676
f 5791 5792 5787
f 649 5795 5797
f 5795 1677 5796
f 5797 5796 1679
f 5795 5796 5797
f 1677 5798 5800
f 5798 772 5799
f 5800 5799 1678
f 5798 5799 5800
f 1679 5801 5803
f 5801 1678 5802
f 5803 5802 224
f 5801 5802 5803
f 1677 5800 5796
f 5800 1678 5801
f 5796 5801 1679
f 5800 5801 5796
f 400 5804 5806
f 5804 1680 5805
f 5806 5805 1682
f 5804 5805 5806
f 1680 5807 5809
f 5807 644 5808
f 5809 5808 1681
f 5807 5808 5809
f 1682 5810 5812
f 5810 1681 5811
f 5812 5811 225
f 5810 5811 5812
f 1680 5809 5805
f 5809 1681 5810
f 5805 5810 1682
f 5809 5810 5805
f 463 5813 5815
f 5813 1683 5814
f 5815 5814 1685
f 5813 5814 5815
f 1683 5816 5818
f 5816 297 5817
f 5818 5817 1684
f 5816 5817 5818
f 1685 5819 5821
f 5819 1684 5820
f 5821 5820 176
f 5819 5820 5821
f 1683 5818 5814
f 5818 1684 5819
f 5814 5819 1685
f 5818 5819 5814
f 336 5822 5824
f 5822 1686 5823
f 5824 5823 1687
f 5822 5823 5824
f 1686 5825 5826
f 5825 471 4850
f 5826 4850 1371
f 5825 4850 5826
f 1687 5827 5828
f 5827 1371 4854
f 5828 4854 50
f 5827 4854 5828
f 1686 5826 5823
f 5826 1371 5827
f 5823 5827 1687
f 5826 5827 5823
f 384 5829 5831
f 5829 1688 5830
f 5831 5830 1690
f 5829 5830 5831
f 1688 5832 5834
f 5832 662 5833
f 5834 5833 1689
f 5832 5833 5834
f 1690 5835 5837
f 5835 1689 5836
f 5837 5836 62
f 5835 5836 5837
f 1688 5834 5830
f 5834 1689 5835
f 5830 5835 1690
f 5834 5835 5830
f 553 5838 5840
f 5838 1691 5839
f 5840 5839 1692
f 5838 5839 5840
f 1691 5841 5842
f 5841 293 4121
f 5842 4121 1130
f 5841 4121 5842
f 1692 5843 5844
f 5843 1130 4118
f 5844 4118 226
f 5843 4118 5844
f 1691 5842 5839
f 5842 1130 5843
f 5839 5843 1692
f 5842 5843 5839
f 201 5845 3963
f 5845 1693 5846
f 3963 5846 1079
f 5845 5846 3963
f 1693 5847 5849
f 5847 123 5848
f 5849 5848 1694
f 5847 5848 5849
f 1079 5850 3966
f 5850 1694 5851
f 3966 5851 408
f 5850 5851 3966
f 1693 5849 5846
f 5849 1694 5850
f 5846 5850 1079
f 5849 5850 5846
f 768 5852 5854
f 5852 1695 5853
f 5854 5853 1697
f 5852 5853 5854
f 1695 5855 5857
f 5855 446 5856
f 5857 5856 1696
f 5855 5856 5857
f 1697 5858 5860
f 5858 1696 5859
f 5860 5859 175
f 5858 5859 5860
f 1695 5857 5853
f 5857 1696 5858
f 5853 5858 1697
f 5857 5858 5853
f 165 5861 5863
f 5861 1698 5862
f 5863 5862 1700
f 5861 5862 5863
f 1698 5864 5866
f 5864 514 5865
f 5866 5865 1699
f 5864 5865 5866
f 1700 5867 5869
f 5867 1699 5868
f 5869 5868 663
f 5867 5868 5869
f 1698 5866 5862
f 5866 1699 5867
f 5862 5867 1700
f 5866 5867 5862
f 154 5870 5872
f 5870 1701 5871
f 5872 5871 1703
f 5870 5871 5872
f 1701 5873 5875
f 5873 658 5874
f 5875 5874 1702
f 5873 5874 5875
f 1703 5876 5878
f 5876 1702 5877
f 5878 5877 513
f 5876 5877 5878
f 1701 5875 5871
f 5875 1702 5876
f 5871 5876 1703
f 5875 5876 5871
f 500 5879 3393
f 5879 1704 5880
f 3393 5880 893
f 5879 5880 3393
f 1704 5881 5883
f 5881 230 5882
f 5883 5882 1705
f 5881 5882 5883
f 893 5884 3396
f 5884 1705 5885
f 3396 5885 596
f 5884 5885 3396
f 1704 5883 5880
f 5883 1705 5884
f 5880 5884 893
f 5883 5884 5880
f 95 5886 5888
f 5886 1706 5887
f 5888 5887 1708
f 5886 5887 5888
f 1706 5889 5891
f 5889 695 5890
f 5891 5890 1707
f 5889 5890 5891
f 1708 5892 5894
f 5892 1707 5893
f 5894 5893 648
f 5892 5893 5894
f 1706 5891 5887
f 5891 1707 5892
f 5887 5892 1708
f 5891 5892 5887
f 695 5895 5897
f 5895 1709 5896
f 5897 5896 1711
f 5895 5896 5897
f 1709 5898 5900
f 5898 832 5899
f 5900 5899 1710
f 5898 5899 5900
f 1711 5901 5903
f 5901 1710 5902
f 5903 5902 338
f 5901 5902 5903
f 1709 5900 5896
f 5900 1710 5901
f 5896 5901 1711
f 5900 5901 5896
f 317 5904 4673
f 5904 1712 5905
f 4673 5905 1313
f 5904 5905 4673
f 1712 5906 5908
f 5906 612 5907
f 5908 5907 1713
f 5906 5907 5908
f 1313 5909 4676
f 5909 1713 5910
f 4676 5910 231
f 5909 5910 4676
f 1712 5908 5905
f 5908 1713 5909
f 5905 5909 1313
f 5908 5909 5905
f 49 5911 5913
f 5911 1714 5912
f 5913 5912 1716
f 5911 5912 5913
f 1714 5914 5916
f 5914 44 5915
f 5916 5915 1715
f 5914 5915 5916
f 1716 5917 5919
f 5917 1715 5918
f 5919 5918 302
f 5917 5918 5919
f 1714 5916 5912
f 5916 1715 5917
f 5912 5917 1716
f 5916 5917 5912
f 636 5920 5922
f 5920 1717 5921
f 5922 5921 1719
f 5920 5921 5922
f 1717 5923 5925
f 5923 494 5924
f 5925 5924 1718
f 5923 5924 5925
f 1719 5926 5928
f 5926 1718 5927
f 5928 5927 839
f 5926 5927 5928
f 1717 5925 5921
f 5925 1718 5926
f 5921 5926 1719
f 5925 5926 5921
f 696 5929 5931
f 5929 1720 5930
f 5931 5930 1722
f 5929 5930 5931
f 1720 5932 5934
f 5932 496 5933
f 5934 5933 1721
f 5932 5933 5934
f 1722 5935 5937
f 5935 1721 5936
f 5937 5936 233
f 5935 5936 5937
f 1720 5934 5930
f 5934 1721 5935
f 5930 5935 1722
f 5934 5935 5930
f 266 4613 5939
f 4613 1292 5938
f 5939 5938 1724
f 4613 5938 5939
f 1292 4610 5941
f 4610 743 5940
f 5941 5940 1723
f 4610 5940 5941
f 1724 5942 5944
f 5942 1723 5943
f 5944 5943 234
f 5942 5943 5944
f 1292 5941 5938
f 5941 1723 5942
f 5938 5942 1724
f 5941 5942 5938
f 616 5945 3312
f 5945 1725 5946
f 3312 5946 866
f 5945 5946 3312
f 1725 5947 5949
f 5947 833 5948
f 5949 5948 1726
f 5947 5948 5949
f 866 5950 3315
f 5950 1726 5951
f 3315 5951 235
f 5950 5951 3315
f 1725 5949 5946
f 5949 1726 5950
f 5946 5950 866
f 5949 5950 5946
f 411 4949 5953
f 4949 1401 5952
f 5953 5952 1728
f 4949 5952 5953
f 1401 4946 5955
f 4946 627 5954
f 5955 5954 1727
f 4946 5954 5955
f 1728 5956 5958
f 5956 1727 5957
f 5958 5957 807
f 5956 5957 5958
f 1401 5955 5952
f 5955 1727 5956
f 5952 5956 1728
f 5955 5956 5952
f 638 5959 5961
f 5959 1729 5960
f 5961 5960 1730
f 5959 5960 5961
f 1729 5962 5963
f 5962 778 3548
f 5963 3548 946
f 5962 3548 5963
f 1730 5964 5965
f 5964 946 3554
f 5965 3554 417
f 5964 3554 5965
f 1729 5963 5960
f 5963 946 5964
f 5960 5964 1730
f 5963 5964 5960
f 21 5966 5968
f 5966 1731 5967
f 5968 5967 1733
f 5966 5967 5968
f 1731 5969 5971
f 5969 512 5970
f 5971 5970 1732
f 5969 5970 5971
f 1733 5972 5974
f 5972 1732 5973
f 5974 5973 659
f 5972 5973 5974
f 1731 5971 5967
f 5971 1732 5972
f 5967 5972 1733
f 5971 5972 5967
f 18 5975 5977
f 5975 1734 5976
f 5977 5976 1735
f 5975 5976 5977
f 1734 5978 5979
f 5978 769 4807
f 5979 4807 1358
f 5978 4807 5979
f 1735 5980 5981
f 5980 1358 4813
f 5981 4813 13
f 5980 4813 5981
f 1734 5979 5976
f 5979 1358 5980
f 5976 5980 1735
f 5979 5980 5976
f 303 5982 5984
f 5982 1736 5983
f 5984 5983 1738
f 5982 5983 5984
f 1736 5985 5987
f 5985 27 5986
f 5987 5986 1737
f 5985 5986 5987
f 1738 5988 5990
f 5988 1737 5989
f 5990 5989 748
f 5988 5989 5990
f 1736 5987 5983
f 5987 1737 5988
f 5983 5988 1738
f 5987 5988 5983
f 758 5991 5993
f 5991 1739 5992
f 5993 5992 1741
f 5991 5992 5993
f 1739 5994 5996
f 5994 193 5995
f 5996 5995 1740
f 5994 5995 5996
f 1741 5997 5999
f 5997 1740 5998
f 5999 5998 238
f 5997 5998 5999
f 1739 5996 5992
f 5996 1740 5997
f 5992 5997 1741
f 5996 5997 5992
f 760 4906 6001
f 4906 1387 6000
f 6001 6000 1743
f 4906 6000 6001
f 1387 4903 6003
f 4903 404 6002
f 6003 6002 1742
f 4903 6002 6003
f 1743 6004 6006
f 6004 1742 6005
f 6006 6005 239
f 6004 6005 6006
f 1387 6003 6000
f 6003 1742 6004
f 6000 6004 1743
f 6003 6004 6000
f 447 6007 6009
f 6007 1744 6008
f 6009 6008 1746
f 6007 6008 6009
f 1744 6010 6012
f 6010 665 6011
f 6012 6011 1745
f 6010 6011 6012
f 1746 6013 6015
f 6013 1745 6014
f 6015 6014 25
f 6013 6014 6015
f 1744 6012 6008
f 6012 1745 6013
f 6008 6013 1746
f 6012 6013 6008
f 130 6016 6018
f 6016 1747 6017
f 6018 6017 1749
f 6016 6017 6018
f 1747 6019 6021
f 6019 678 6020
f 6021 6020 1748
f 6019 6020 6021
f 1749 6022 6024
f 6022 1748 6023
f 6024 6023 257
f 6022 6023 6024
f 1747 6021 6017
f 6021 1748 6022
f 6017 6022 1749
f 6021 6022 6017
f 499 6025 4019
f 6025 1750 6026
f 4019 6026 1097
f 6025 6026 4019
f 1750 6027 6029
f 6027 688 6028
f 6029 6028 1751
f 6027 6028 6029
f 1097 6030 4022
f 6030 1751 6031
f 4022 6031 240
f 6030 6031 4022
f 1750 6029 6026
f 6029 1751 6030
f 6026 6030 1097
f 6029 6030 6026
f 397 6032 6034
f 6032 1752 6033
f 6034 6033 1754
f 6032 6033 6034
f 1752 6035 6037
f 6035 240 6036
f 6037 6036 1753
f 6035 6036 6037
f 1754 6038 6040
f 6038 1753 6039
f 6040 6039 155
f 6038 6039 6040
f 1752 6037 6033
f 6037 1753 6038
f 6033 6038 1754
f 6037 6038 6033
f 241 6041 6043
f 6041 1755 6042
f 6043 6042 1757
f 6041 6042 6043
f 1755 6044 6046
f 6044 674 6045
f 6046 6045 1756
f 6044 6045 6046
f 1757 6047 6049
f 6047 1756 6048
f 6049 6048 90
f 6047 6048 6049
f 1755 6046 6042
f 6046 1756 6047
f 6042 6047 1757
f 6046 6047 6042
f 196 6050 6052
f 6050 1758 6051
f 6052 6051 1760
f 6050 6051 6052
f 1758 6053 6055
f 6053 309 6054
f 6055 6054 1759
f 6053 6054 6055
f 1760 6056 6058
f 6056 1759 6057
f 6058 6057 444
f 6056 6057 6058
f 1758 6055 6051
f 6055 1759 6056
f 6051 6056 1760
f 6055 6056 6051
f 718 4573 6060
f 4573 1279 6059
f 6060 6059 1762
f 4573 6059 6060
f 1279 4570 6062
f 4570 96 6061
f 6062 6061 1761
f 4570 6061 6062
f 1762 6063 6065
f 6063 1761 6064
f 6065 6064 503
f 6063 6064 6065
f 1279 6062 6059
f 6062 1761 6063
f 6059 6063 1762
f 6062 6063 6059
f 266 5558 6067
f 5558 1599 6066
f 6067 6066 1764
f 5558 6066 6067
f 1599 5555 6069
f 5555 803 6068
f 6069 6068 1763
f 5555 6068 6069
f 1764 6070 6072
f 6070 1763 6071
f 6072 6071 74
f 6070 6071 6072
f 1599 6069 6066
f 6069 1763 6070
f 6066 6070 1764
f 6069 6070 6066
f 590 6073 6075
f 6073 1765 6074
f 6075 6074 1767
f 6073 6074 6075
f 1765 6076 6078
f 6076 388 6077
f 6078 6077 1766
f 6076 6077 6078
f 1767 6079 6081
f 6079 1766 6080
f 6081 6080 243
f 6079 6080 6081
f 1765 6078 6074
f 6078 1766 6079
f 6074 6079 1767
f 6078 6079 6074
f 546 3495 5306
f 3495 926 6082
f 5306 6082 1519
f 3495 6082 5306
f 926 3492 6084
f 3492 740 6083
f 6084 6083 1768
f 3492 6083 6084
f 1519 6085 5300
f 6085 1768 6086
f 5300 6086 35
f 6085 6086 5300
f 926 6084 6082
f 6084 1768 6085
f 6082 6085 1519
f 6084 6085 6082
f 792 6087 6089
f 6087 1769 6088
f 6089 6088 1771
f 6087 6088 6089
f 1769 6090 6092
f 6090 245 6091
f 6092 6091 1770
f 6090 6091 6092
f 1771 6093 6095
f 6093 1770 6094
f 6095 6094 183
f 6093 6094 6095
f 1769 6092 6088
f 6092 1770 6093
f 6088 6093 1771
f 6092 6093 6088
f 148 6096 3796
f 6096 1772 6097
f 3796 6097 1026
f 6096 6097 3796
f 1772 6098 6100
f 6098 714 6099
f 6100 6099 1773
f 6098 6099 6100
f 1026 6101 3799
f 6101 1773 6102
f 3799 6102 650
f 6101 6102 3799
f 1772 6100 6097
f 6100 1773 6101
f 6097 6101 1026
f 6100 6101 6097
f 744 6103 6105
f 6103 1774 6104
f 6105 6104 1776
f 6103 6104 6105
f 1774 6106 6108
f 6106 685 6107
f 6108 6107 1775
f 6106 6107 6108
f 1776 6109 6111
f 6109 1775 6110
f 6111 6110 295
f 6109 6110 6111
f 1774 6108 6104
f 6108 1775 6109
f 6104 6109 1776
f 6108 6109 6104
f 327 6112 6114
f 6112 1777 6113
f 6114 6113 1779
f 6112 6113 6114
f 1777 6115 6117
f 6115 788 6116
f 6117 6116 1778
f 6115 6116 6117
f 1779 6118 6120
f 6118 1778 6119
f 6120 6119 195
f 6118 6119 6120
f 1777 6117 6113
f 6117 1778 6118
f 6113 6118 1779
f 6117 6118 6113
f 75 6121 6123
f 6121 1780 6122
f 6123 6122 1781
f 6121 6122 6123
f 1780 6124 6125
f 6124 249 4534
f 6125 4534 1266
f 6124 4534 6125
f 1781 6126 6127
f 6126 1266 4531
f 6127 4531 538
f 6126 4531 6127
f 1780 6125 6122
f 6125 1266 6126
f 6122 6126 1781
f 6125 6126 6122
f 459 6128 6130
f 6128 1782 6129
f 6130 6129 1783
f 6128 6129 6130
f 1782 6131 6132
f 6131 527 3735
f 6132 3735 1008
f 6131 3735 6132
f 1783 6133 6134
f 6133 1008 3741
f 6134 3741 252
f 6133 3741 6134
f 1782 6132 6129
f 6132 1008 6133
f 6129 6133 1783
f 6132 6133 6129
f 472 6135 3833
f 6135 1784 6136
f 3833 6136 1037
f 6135 6136 3833
f 1784 6137 6139
f 6137 806 6138
f 6139 6138 1785
f 6137 6138 6139
f 1037 6140 3836
f 6140 1785 6141
f 3836 6141 124
f 6140 6141 3836
f 1784 6139 6136
f 6139 1785 6140
f 6136 6140 1037
f 6139 6140 6136
f 748 6142 5990
f 6142 1786 6143
f 5990 6143 1738
f 6142 6143 5990
f 1786 6144 6145
f 6144 544 4771
f 6145 4771 1344
f 6144 4771 6145
f 1738 6146 5984
f 6146 1344 4768
f 5984 4768 303
f 6146 4768 5984
f 1786 6145 6143
f 6145 1344 6146
f 6143 6146 1738
f 6145 6146 6143
f 408 3975 3967
f 3975 1082 6147
f 3967 6147 1080
f 3975 6147 3967
f 1082 3972 6148
f 3972 464 5593
f 6148 5593 1613
f 3972 5593 6148
f 1080 6149 3970
f 6149 1613 5599
f 3970 5599 132
f 6149 5599 3970
f 1082 6148 6147
f 6148 1613 6149
f 6147 6149 1080
f 6148 6149 6147
f 254 6150 6152
f 6150 1787 6151
f 6152 6151 1788
f 6150 6151 6152
f 1787 6153 6154
f 6153 313 5575
f 6154 5575 1607
f 6153 5575 6154
f 1788 6155 6156
f 6155 1607 5581
f 6156 5581 137
f 6155 5581 6156
f 1787 6154 6151
f 6154 1607 6155
f 6151 6155 1788
f 6154 6155 6151
f 395 6157 6159
f 6157 1789 6158
f 6159 6158 1791
f 6157 6158 6159
f 1789 6160 6162
f 6160 785 6161
f 6162 6161 1790
f 6160 6161 6162
f 1791 6163 6165
f 6163 1790 6164
f 6165 6164 120
f 6163 6164 6165
f 1789 6162 6158
f 6162 1790 6163
f 6158 6163 1791
f 6162 6163 6158
f 327 5448 6112
f 5448 1564 6166
f 6112 6166 1777
f 5448 6166 6112
f 1564 5445 6168
f 5445 156 6167
f 6168 6167 1792
f 5445 6167 6168
f 1777 6169 6115
f 6169 1792 6170
f 6115 6170 788
f 6169 6170 6115
f 1564 6168 6166
f 6168 1792 6169
f 6166 6169 1777
f 6168 6169 6166
f 191 6171 6173
f 6171 1793 6172
f 6173 6172 1795
f 6171 6172 6173
f 1793 6174 6176
f 6174 314 6175
f 6176 6175 1794
f 6174 6175 6176
f 1795 6177 6179
f 6177 1794 6178
f 6179 6178 405
f 6177 6178 6179
f 1793 6176 6172
f 6176 1794 6177
f 6172 6177 1795
f 6176 6177 6172
f 256 6180 6182
f 6180 1796 6181
f 6182 6181 1798
f 6180 6181 6182
f 1796 6183 6185
f 6183 114 6184
f 6185 6184 1797
f 6183 6184 6185
f 1798 6186 6188
f 6186 1797 6187
f 6188 6187 205
f 6186 6187 6188
f 1796 6185 6181
f 6185 1797 6186
f 6181 6186 1798
f 6185 6186 6181
f 312 3957 6190
f 3957 1076 6189
f 6190 6189 1800
f 3957 6189 6190
f 1076 3954 6192
f 3954 828 6191
f 6192 6191 1799
f 3954 6191 6192
f 1800 6193 6195
f 6193 1799 6194
f 6195 6194 337
f 6193 6194 6195
f 1076 6192 6189
f 6192 1799 6193
f 6189 6193 1800
f 6192 6193 6189
f 391 5510 6197
f 5510 1584 6196
f 6197 6196 1802
f 5510 6196 6197
f 1584 5507 6199
f 5507 51 6198
f 6199 6198 1801
f 5507 6198 6199
f 1802 6200 6202
f 6200 1801 6201
f 6202 6201 63
f 6200 6201 6202
f 1584 6199 6196
f 6199 1801 6200
f 6196 6200 1802
f 6199 6200 6196
f 389 5533 6204
f 5533 1592 6203
f 6204 6203 1803
f 5533 6203 6204
f 1592 5536 6205
f 5536 192 5484
f 6205 5484 1578
f 5536 5484 6205
f 1803 6206 6207
f 6206 1578 5490
f 6207 5490 259
f 6206 5490 6207
f 1592 6205 6203
f 6205 1578 6206
f 6203 6206 1803
f 6205 6206 6203
f 600 6208 6210
f 6208 1804 6209
f 6210 6209 1806
f 6208 6209 6210
f 1804 6211 6213
f 6211 260 6212
f 6213 6212 1805
f 6211 6212 6213
f 1806 6214 6216
f 6214 1805 6215
f 6216 6215 92
f 6214 6215 6216
f 1804 6213 6209
f 6213 1805 6214
f 6209 6214 1806
f 6213 6214 6209
f 101 6217 4407
f 6217 1807 6218
f 4407 6218 1225
f 6217 6218 4407
f 1807 6219 6221
f 6219 758 6220
f 6221 6220 1808
f 6219 6220 6221
f 1225 6222 4410
f 6222 1808 6223
f 4410 6223 666
f 6222 6223 4410
f 1807 6221 6218
f 6221 1808 6222
f 6218 6222 1225
f 6221 6222 6218
f 390 6224 6226
f 6224 1809 6225
f 6226 6225 1811
f 6224 6225 6226
f 1809 6227 6229
f 6227 104 6228
f 6229 6228 1810
f 6227 6228 6229
f 1811 6230 6232
f 6230 1810 6231
f 6232 6231 304
f 6230 6231 6232
f 1809 6229 6225
f 6229 1810 6230
f 6225 6230 1811
f 6229 6230 6225
f 614 6233 4247
f 6233 1812 6234
f 4247 6234 1173
f 6233 6234 4247
f 1812 6235 6236
f 6235 465 4227
f 6236 4227 1165
f 6235 4227 6236
f 1173 6237 4250
f 6237 1165 4224
f 4250 4224 541
f 6237 4224 4250
f 1812 6236 6234
f 6236 1165 6237
f 6234 6237 1173
f 6236 6237 6234
f 605 6238 5061
f 6238 1813 6239
f 5061 6239 1439
f 6238 6239 5061
f 1813 6240 6241
f 6240 68 4953
f 6241 4953 1402
f 6240 4953 6241
f 1439 6242 5064
f 6242 1402 4950
f 5064 4950 411
f 6242 4950 5064
f 1813 6241 6239
f 6241 1402 6242
f 6239 6242 1439
f 6241 6242 6239
f 531 6243 6245
f 6243 1814 6244
f 6245 6244 1815
f 6243 6244 6245
f 1814 6246 6247
f 6246 122 4262
f 6247 4262 1177
f 6246 4262 6247
f 1815 6248 6249
f 6248 1177 4259
f 6249 4259 614
f 6248 4259 6249
f 1814 6247 6244
f 6247 1177 6248
f 6244 6248 1815
f 6247 6248 6244
f 57 5188 6251
f 5188 1480 6250
f 6251 6250 1816
f 5188 6250 6251
f 1480 5185 6252
f 5185 73 5201
f 6252 5201 1484
f 5185 5201 6252
f 1816 6253 6254
f 6253 1484 5198
f 6254 5198 333
f 6253 5198 6254
f 1480 6252 6250
f 6252 1484 6253
f 6250 6253 1816
f 6252 6253 6250
f 57 6255 5189
f 6255 1817 6256
f 5189 6256 1481
f 6255 6256 5189
f 1817 6257 6259
f 6257 403 6258
f 6259 6258 1818
f 6257 6258 6259
f 1481 6260 5192
f 6260 1818 6261
f 5192 6261 263
f 6260 6261 5192
f 1817 6259 6256
f 6259 1818 6260
f 6256 6260 1481
f 6259 6260 6256
f 317 6262 6264
f 6262 1819 6263
f 6264 6263 1820
f 6262 6263 6264
f 1819 6265 6266
f 6265 69 5706
f 6266 5706 1647
f 6265 5706 6266
f 1820 6267 6268
f 6267 1647 5703
f 6268 5703 74
f 6267 5703 6268
f 1819 6266 6263
f 6266 1647 6267
f 6263 6267 1820
f 6266 6267 6263
f 726 6269 6271
f 6269 1821 6270
f 6271 6270 1823
f 6269 6270 6271
f 1821 6272 6274
f 6272 200 6273
f 6274 6273 1822
f 6272 6273 6274
f 1823 6275 6277
f 6275 1822 6276
f 6277 6276 87
f 6275 6276 6277
f 1821 6274 6270
f 6274 1822 6275
f 6270 6275 1823
f 6274 6275 6270
f 88 6278 6280
f 6278 1824 6279
f 6280 6279 1826
f 6278 6279 6280
f 1824 6281 6283
f 6281 268 6282
f 6283 6282 1825
f 6281 6282 6283
f 1826 6284 6286
f 6284 1825 6285
f 6286 6285 534
f 6284 6285 6286
f 1824 6283 6279
f 6283 1825 6284
f 6279 6284 1826
f 6283 6284 6279
f 726 6287 6289
f 6287 1827 6288
f 6289 6288 1829
f 6287 6288 6289
f 1827 6290 6292
f 6290 409 6291
f 6292 6291 1828
f 6290 6291 6292
f 1829 6293 6295
f 6293 1828 6294
f 6295 6294 78
f 6293 6294 6295
f 1827 6292 6288
f 6292 1828 6293
f 6288 6293 1829
f 6292 6293 6288
f 181 6296 6298
f 6296 1830 6297
f 6298 6297 1832
f 6296 6297 6298
f 1830 6299 6301
f 6299 694 6300
f 6301 6300 1831
f 6299 6300 6301
f 1832 6302 6304
f 6302 1831 6303
f 6304 6303 269
f 6302 6303 6304
f 1830 6301 6297
f 6301 1831 6302
f 6297 6302 1832
f 6301 6302 6297
f 559 6305 6307
f 6305 1833 6306
f 6307 6306 1835
f 6305 6306 6307
f 1833 6308 6310
f 6308 269 6309
f 6310 6309 1834
f 6308 6309 6310
f 1835 6311 6313
f 6311 1834 6312
f 6313 6312 418
f 6311 6312 6313
f 1833 6310 6306
f 6310 1834 6311
f 6306 6311 1835
f 6310 6311 6306
f 270 6314 6316
f 6314 1836 6315
f 6316 6315 1837
f 6314 6315 6316
f 1836 6317 6318
f 6317 70 4696
f 6318 4696 1322
f 6317 4696 6318
f 1837 6319 6320
f 6319 1322 4702
f 6320 4702 407
f 6319 4702 6320
f 1836 6318 6315
f 6318 1322 6319
f 6315 6319 1837
f 6318 6319 6315
f 330 6321 6323
f 6321 1838 6322
f 6323 6322 1840
f 6321 6322 6323
f 1838 6324 6326
f 6324 622 6325
f 6326 6325 1839
f 6324 6325 6326
f 1840 6327 6329
f 6327 1839 6328
f 6329 6328 110
f 6327 6328 6329
f 1838 6326 6322
f 6326 1839 6327
f 6322 6327 1840
f 6326 6327 6322
f 412 6330 6332
f 6330 1841 6331
f 6332 6331 1842
f 6330 6331 6332
f 1841 6333 6334
f 6333 77 5662
f 6334 5662 1633
f 6333 5662 6334
f 1842 6335 6336
f 6335 1633 5659
f 6336 5659 208
f 6335 5659 6336
f 1841 6334 6331
f 6334 1633 6335
f 6331 6335 1842
f 6334 6335 6331
f 593 6337 6339
f 6337 1843 6338
f 6339 6338 1845
f 6337 6338 6339
f 1843 6340 6342
f 6340 52 6341
f 6342 6341 1844
f 6340 6341 6342
f 1845 6343 6345
f 6343 1844 6344
f 6345 6344 55
f 6343 6344 6345
f 1843 6342 6338
f 6342 1844 6343
f 6338 6343 1845
f 6342 6343 6338
f 274 5629 5618
f 5629 1625 6346
f 5618 6346 1620
f 5629 6346 5618
f 1625 5635 6347
f 5635 453 4344
f 6347 4344 1206
f 5635 4344 6347
f 1620 6348 5621
f 6348 1206 4350
f 5621 4350 98
f 6348 4350 5621
f 1625 6347 6346
f 6347 1206 6348
f 6346 6348 1620
f 6347 6348 6346
f 386 6349 6351
f 6349 1846 6350
f 6351 6350 1848
f 6349 6350 6351
f 1846 6352 6354
f 6352 109 6353
f 6354 6353 1847
f 6352 6353 6354
f 1848 6355 6357
f 6355 1847 6356
f 6357 6356 272
f 6355 6356 6357
f 1846 6354 6350
f 6354 1847 6355
f 6350 6355 1848
f 6354 6355 6350
f 365 6358 6360
f 6358 1849 6359
f 6360 6359 1850
f 6358 6359 6360
f 1849 6361 6362
f 6361 628 4288
f 6362 4288 1185
f 6361 4288 6362
f 1850 6363 6364
f 6363 1185 4285
f 6364 4285 273
f 6363 4285 6364
f 1849 6362 6359
f 6362 1185 6363
f 6359 6363 1850
f 6362 6363 6359
f 488 6365 6367
f 6365 1851 6366
f 6367 6366 1852
f 6365 6366 6367
f 1851 6368 6369
f 6368 275 5761
f 6369 5761 1667
f 6368 5761 6369
f 1852 6370 6371
f 6370 1667 5767
f 6371 5767 220
f 6370 5767 6371
f 1851 6369 6366
f 6369 1667 6370
f 6366 6370 1852
f 6369 6370 6366
f 276 6372 6374
f 6372 1853 6373
f 6374 6373 1855
f 6372 6373 6374
f 1853 6375 6377
f 6375 142 6376
f 6377 6376 1854
f 6375 6376 6377
f 1855 6378 6380
f 6378 1854 6379
f 6380 6379 690
f 6378 6379 6380
f 1853 6377 6373
f 6377 1854 6378
f 6373 6378 1855
f 6377 6378 6373
f 483 6381 6383
f 6381 1856 6382
f 6383 6382 1858
f 6381 6382 6383
f 1856 6384 6386
f 6384 635 6385
f 6386 6385 1857
f 6384 6385 6386
f 1858 6387 6389
f 6387 1857 6388
f 6389 6388 570
f 6387 6388 6389
f 1856 6386 6382
f 6386 1857 6387
f 6382 6387 1858
f 6386 6387 6382
f 485 6390 6392
f 6390 1859 6391
f 6392 6391 1861
f 6390 6391 6392
f 1859 6393 6395
f 6393 721 6394
f 6395 6394 1860
f 6393 6394 6395
f 1861 6396 6398
f 6396 1860 6397
f 6398 6397 572
f 6396 6397 6398
f 1859 6395 6391
f 6395 1860 6396
f 6391 6396 1861
f 6395 6396 6391
f 721 6399 6401
f 6399 1862 6400
f 6401 6400 1864
f 6399 6400 6401
f 1862 6402 6404
f 6402 765 6403
f 6404 6403 1863
f 6402 6403 6404
f 1864 6405 6407
f 6405 1863 6406
f 6407 6406 277
f 6405 6406 6407
f 1862 6404 6400
f 6404 1863 6405
f 6400 6405 1864
f 6404 6405 6400
f 694 6408 6300
f 6408 1865 6409
f 6300 6409 1831
f 6408 6409 6300
f 1865 6410 6412
f 6410 168 6411
f 6412 6411 1866
f 6410 6411 6412
f 1831 6413 6303
f 6413 1866 6414
f 6303 6414 269
f 6413 6414 6303
f 1865 6412 6409
f 6412 1866 6413
f 6409 6413 1831
f 6412 6413 6409
f 775 6415 6417
f 6415 1867 6416
f 6417 6416 1869
f 6415 6416 6417
f 1867 6418 6420
f 6418 278 6419
f 6420 6419 1868
f 6418 6419 6420
f 1869 6421 6423
f 6421 1868 6422
f 6423 6422 419
f 6421 6422 6423
f 1867 6420 6416
f 6420 1868 6421
f 6416 6421 1869
f 6420 6421 6416
f 733 6424 6426
f 6424 1870 6425
f 6426 6425 1872
f 6424 6425 6426
f 1870 6427 6429
f 6427 279 6428
f 6429 6428 1871
f 6427 6428 6429
f 1872 6430 6432
f 6430 1871 6431
f 6432 6431 3
f 6430 6431 6432
f 1870 6429 6425
f 6429 1871 6430
f 6425 6430 1872
f 6429 6430 6425
f 504 5353 6434
f 5353 1534 6433
f 6434 6433 1874
f 5353 6433 6434
f 1534 5350 6436
f 5350 7 6435
f 6436 6435 1873
f 5350 6435 6436
f 1874 6437 6439
f 6437 1873 6438
f 6439 6438 729
f 6437 6438 6439
f 1534 6436 6433
f 6436 1873 6437
f 6433 6437 1874
f 6436 6437 6433
f 634 6440 6442
f 6440 1875 6441
f 6442 6441 1877
f 6440 6441 6442
f 1875 6443 6445
f 6443 420 6444
f 6445 6444 1876
f 6443 6444 6445
f 1877 6446 6448
f 6446 1876 6447
f 6448 6447 497
f 6446 6447 6448
f 1875 6445 6441
f 6445 1876 6446
f 6441 6446 1877
f 6445 6446 6441
f 698 6449 5397
f 6449 1878 6450
f 5397 6450 1549
f 6449 6450 5397
f 1878 6451 6453
f 6451 125 6452
f 6453 6452 1879
f 6451 6452 6453
f 1549 6454 5400
f 6454 1879 6455
f 5400 6455 633
f 6454 6455 5400
f 1878 6453 6450
f 6453 1879 6454
f 6450 6454 1549
f 6453 6454 6450
f 281 6456 6458
f 6456 1880 6457
f 6458 6457 1882
f 6456 6457 6458
f 1880 6459 6461
f 6459 705 6460
f 6461 6460 1881
f 6459 6460 6461
f 1882 6462 6464
f 6462 1881 6463
f 6464 6463 568
f 6462 6463 6464
f 1880 6461 6457
f 6461 1881 6462
f 6457 6462 1882
f 6461 6462 6457
f 781 6465 6467
f 6465 1883 6466
f 6467 6466 1885
f 6465 6466 6467
f 1883 6468 6470
f 6468 380 6469
f 6470 6469 1884
f 6468 6469 6470
f 1885 6471 6473
f 6471 1884 6472
f 6473 6472 281
f 6471 6472 6473
f 1883 6470 6466
f 6470 1884 6471
f 6466 6471 1885
f 6470 6471 6466
f 461 6474 6476
f 6474 1886 6475
f 6476 6475 1888
f 6474 6475 6476
f 1886 6477 6479
f 6477 282 6478
f 6479 6478 1887
f 6477 6478 6479
f 1888 6480 6482
f 6480 1887 6481
f 6482 6481 351
f 6480 6481 6482
f 1886 6479 6475
f 6479 1887 6480
f 6475 6480 1888
f 6479 6480 6475
f 487 6483 6485
f 6483 1889 6484
f 6485 6484 1891
f 6483 6484 6485
f 1889 6486 6488
f 6486 566 6487
f 6488 6487 1890
f 6486 6487 6488
f 1891 6489 6491
f 6489 1890 6490
f 6491 6490 671
f 6489 6490 6491
f 1889 6488 6484
f 6488 1890 6489
f 6484 6489 1891
f 6488 6489 6484
f 660 6492 6494
f 6492 1892 6493
f 6494 6493 1893
f 6492 6493 6494
f 1892 6495 6496
f 6495 12 5373
f 6496 5373 1540
f 6495 5373 6496
f 1893 6497 6498
f 6497 1540 5370
f 6498 5370 439
f 6497 5370 6498
f 1892 6496 6493
f 6496 1540 6497
f 6493 6497 1893
f 6496 6497 6493
f 124 6499 3837
f 6499 1894 6500
f 3837 6500 1038
f 6499 6500 3837
f 1894 6501 6503
f 6501 284 6502
f 6503 6502 1895
f 6501 6502 6503
f 1038 6504 3831
f 6504 1895 6505
f 3831 6505 118
f 6504 6505 3831
f 1894 6503 6500
f 6503 1895 6504
f 6500 6504 1038
f 6503 6504 6500
f 225 6506 5812
f 6506 1896 6507
f 5812 6507 1682
f 6506 6507 5812
f 1896 6508 6510
f 6508 463 6509
f 6510 6509 1897
f 6508 6509 6510
f 1682 6511 5806
f 6511 1897 6512
f 5806 6512 400
f 6511 6512 5806
f 1896 6510 6507
f 6510 1897 6511
f 6507 6511 1682
f 6510 6511 6507
f 509 5735 3518
f 5735 1656 6513
f 3518 6513 934
f 5735 6513 3518
f 1656 5732 6515
f 5732 216 6514
f 6515 6514 1898
f 5732 6514 6515
f 934 6516 3512
f 6516 1898 6517
f 3512 6517 11
f 6516 6517 3512
f 1656 6515 6513
f 6515 1898 6516
f 6513 6516 934
f 6515 6516 6513
f 812 6518 6520
f 6518 1899 6519
f 6520 6519 1901
f 6518 6519 6520
f 1899 6521 6523
f 6521 790 6522
f 6523 6522 1900
f 6521 6522 6523
f 1901 6524 6526
f 6524 1900 6525
f 6526 6525 620
f 6524 6525 6526
f 1899 6523 6519
f 6523 1900 6524
f 6519 6524 1901
f 6523 6524 6519
f 167 6527 6529
f 6527 1902 6528
f 6529 6528 1903
f 6527 6528 6529
f 1902 6530 6531
f 6530 664 5343
f 6531 5343 1533
f 6530 5343 6531
f 1903 6532 6533
f 6532 1533 5349
f 6533 5349 796
f 6532 5349 6533
f 1902 6531 6528
f 6531 1533 6532
f 6528 6532 1903
f 6531 6532 6528
f 838 6534 6536
f 6534 1904 6535
f 6536 6535 1905
f 6534 6535 6536
f 1904 6537 6538
f 6537 288 4996
f 6538 4996 1416
f 6537 4996 6538
f 1905 6539 6540
f 6539 1416 4993
f 6540 4993 22
f 6539 4993 6540
f 1904 6538 6535
f 6538 1416 6539
f 6535 6539 1905
f 6538 6539 6535
f 749 4976 6542
f 4976 1410 6541
f 6542 6541 1907
f 4976 6541 6542
f 1410 4973 6544
f 4973 516 6543
f 6544 6543 1906
f 4973 6543 6544
f 1907 6545 6547
f 6545 1906 6546
f 6547 6546 288
f 6545 6546 6547
f 1410 6544 6541
f 6544 1906 6545
f 6541 6545 1907
f 6544 6545 6541
f 36 6548 6550
f 6548 1908 6549
f 6550 6549 1910
f 6548 6549 6550
f 1908 6551 6553
f 6551 839 6552
f 6553 6552 1909
f 6551 6552 6553
f 1910 6554 6556
f 6554 1909 6555
f 6556 6555 289
f 6554 6555 6556
f 1908 6553 6549
f 6553 1909 6554
f 6549 6554 1910
f 6553 6554 6549
f 434 3603 6558
f 3603 962 6557
f 6558 6557 1912
f 3603 6557 6558
f 962 3600 6560
f 3600 585 6559
f 6560 6559 1911
f 3600 6559 6560
f 1912 6561 6563
f 6561 1911 6562
f 6563 6562 232
f 6561 6562 6563
f 962 6560 6557
f 6560 1911 6561
f 6557 6561 1912
f 6560 6561 6557
f 707 6564 6566
f 6564 1913 6565
f 6566 6565 1915
f 6564 6565 6566
f 1913 6567 6569
f 6567 171 6568
f 6569 6568 1914
f 6567 6568 6569
f 1915 6570 6572
f 6570 1914 6571
f 6572 6571 640
f 6570 6571 6572
f 1913 6569 6565
f 6569 1914 6570
f 6565 6570 1915
f 6569 6570 6565
f 508 6573 6575
f 6573 1916 6574
f 6575 6574 1918
f 6573 6574 6575
f 1916 6576 6578
f 6576 291 6577
f 6578 6577 1917
f 6576 6577 6578
f 1918 6579 6581
f 6579 1917 6580
f 6581 6580 18
f 6579 6580 6581
f 1916 6578 6574
f 6578 1917 6579
f 6574 6579 1918
f 6578 6579 6574
f 222 6582 6584
f 6582 1919 6583
f 6584 6583 1920
f 6582 6583 6584
f 1919 6585 6586
f 6585 814 4921
f 6586 4921 1394
f 6585 4921 6586
f 1920 6587 6588
f 6587 1394 4927
f 6588 4927 7
f 6587 4927 6588
f 1919 6586 6583
f 6586 1394 6587
f 6583 6587 1920
f 6586 6587 6583
f 552 4930 6590
f 4930 1397 6589
f 6590 6589 1922
f 4930 6589 6590
f 1397 4936 6592
f 4936 10 6591
f 6592 6591 1921
f 4936 6591 6592
f 1922 6593 6595
f 6593 1921 6594
f 6595 6594 746
f 6593 6594 6595
f 1397 6592 6589
f 6592 1921 6593
f 6589 6593 1922
f 6592 6593 6589
f 554 6596 6598
f 6596 1923 6597
f 6598 6597 1925
f 6596 6597 6598
f 1923 6599 6601
f 6599 800 6600
f 6601 6600 1924
f 6599 6600 6601
f 1925 6602 6604
f 6602 1924 6603
f 6604 6603 416
f 6602 6603 6604
f 1923 6601 6597
f 6601 1924 6602
f 6597 6602 1925
f 6601 6602 6597
f 496 5932 6606
f 5932 1720 6605
f 6606 6605 1927
f 5932 6605 6606
f 1720 5929 6608
f 5929 696 6607
f 6608 6607 1926
f 5929 6607 6608
f 1927 6609 6611
f 6609 1926 6610
f 6611 6610 381
f 6609 6610 6611
f 1720 6608 6605
f 6608 1926 6609
f 6605 6609 1927
f 6608 6609 6605
f 456 6612 6614
f 6612 1928 6613
f 6614 6613 1930
f 6612 6613 6614
f 1928 6615 6617
f 6615 770 6616
f 6617 6616 1929
f 6615 6616 6617
f 1930 6618 6620
f 6618 1929 6619
f 6620 6619 129
f 6618 6619 6620
f 1928 6617 6613
f 6617 1929 6618
f 6613 6618 1930
f 6617 6618 6613
f 833 6621 6623
f 6621 1931 6622
f 6623 6622 1933
f 6621 6622 6623
f 1931 6624 6626
f 6624 685 6625
f 6626 6625 1932
f 6624 6625 6626
f 1933 6627 6629
f 6627 1932 6628
f 6629 6628 555
f 6627 6628 6629
f 1931 6626 6622
f 6626 1932 6627
f 6622 6627 1933
f 6626 6627 6622
f 151 6630 6632
f 6630 1934 6631
f 6632 6631 1936
f 6630 6631 6632
f 1934 6633 6635
f 6633 533 6634
f 6635 6634 1935
f 6633 6634 6635
f 1936 6636 6638
f 6636 1935 6637
f 6638 6637 744
f 6636 6637 6638
f 1934 6635 6631
f 6635 1935 6636
f 6631 6636 1936
f 6635 6636 6631
f 189 6639 5113
f 6639 1937 6640
f 5113 6640 1456
f 6639 6640 5113
f 1937 6641 6643
f 6641 795 6642
f 6643 6642 1938
f 6641 6642 6643
f 1456 6644 5116
f 6644 1938 6645
f 5116 6645 684
f 6644 6645 5116
f 1937 6643 6640
f 6643 1938 6644
f 6640 6644 1456
f 6643 6644 6640
f 296 6646 5420
f 6646 1939 6647
f 5420 6647 1557
f 6646 6647 5420
f 1939 6648 6650
f 6648 510 6649
f 6650 6649 1940
f 6648 6649 6650
f 1557 6651 5422
f 6651 1940 6652
f 5422 6652 382
f 6651 6652 5422
f 1939 6650 6647
f 6650 1940 6651
f 6647 6651 1557
f 6650 6651 6647
f 246 6653 3912
f 6653 1941 6654
f 3912 6654 1063
f 6653 6654 3912
f 1941 6655 6657
f 6655 653 6656
f 6657 6656 1942
f 6655 6656 6657
f 1063 6658 3915
f 6658 1942 6659
f 3915 6659 297
f 6658 6659 3915
f 1941 6657 6654
f 6657 1942 6658
f 6654 6658 1063
f 6657 6658 6654
f 378 6660 6662
f 6660 1943 6661
f 6662 6661 1944
f 6660 6661 6662
f 1943 6663 6664
f 6663 548 5138
f 6664 5138 1463
f 6663 5138 6664
f 1944 6665 6666
f 6665 1463 5135
f 6666 5135 38
f 6665 5135 6666
f 1943 6664 6661
f 6664 1463 6665
f 6661 6665 1944
f 6664 6665 6661
f 229 6667 6669
f 6667 1945 6668
f 6669 6668 1947
f 6667 6668 6669
f 1945 6670 6672
f 6670 624 6671
f 6672 6671 1946
f 6670 6671 6672
f 1947 6673 6675
f 6673 1946 6674
f 6675 6674 382
f 6673 6674 6675
f 1945 6672 6668
f 6672 1946 6673
f 6668 6673 1947
f 6672 6673 6668
f 556 6676 6678
f 6676 1948 6677
f 6678 6677 1950
f 6676 6677 6678
f 1948 6679 6681
f 6679 470 6680
f 6681 6680 1949
f 6679 6680 6681
f 1950 6682 6684
f 6682 1949 6683
f 6684 6683 148
f 6682 6683 6684
f 1948 6681 6677
f 6681 1949 6682
f 6677 6682 1950
f 6681 6682 6677
f 300 4776 4750
f 4776 1346 6685
f 4750 6685 1338
f 4776 6685 4750
f 1346 4773 6687
f 4773 364 6686
f 6687 6686 1951
f 4773 6686 6687
f 1338 6688 4753
f 6688 1951 6689
f 4753 6689 19
f 6688 6689 4753
f 1346 6687 6685
f 6687 1951 6688
f 6685 6688 1338
f 6687 6688 6685
f 300 6690 6692
f 6690 1952 6691
f 6692 6691 1954
f 6690 6691 6692
f 1952 6693 6695
f 6693 30 6694
f 6695 6694 1953
f 6693 6694 6695
f 1954 6696 6698
f 6696 1953 6697
f 6698 6697 682
f 6696 6697 6698
f 1952 6695 6691
f 6695 1953 6696
f 6691 6696 1954
f 6695 6696 6691
f 137 6699 6156
f 6699 1955 6700
f 6156 6700 1788
f 6699 6700 6156
f 1955 6701 6703
f 6701 645 6702
f 6703 6702 1956
f 6701 6702 6703
f 1788 6704 6152
f 6704 1956 6705
f 6152 6705 254
f 6704 6705 6152
f 1955 6703 6700
f 6703 1956 6704
f 6700 6704 1788
f 6703 6704 6700
f 535 6706 6708
f 6706 1957 6707
f 6708 6707 1958
f 6706 6707 6708
f 1957 6709 6710
f 6709 302 5262
f 6710 5262 1504
f 6709 5262 6710
f 1958 6711 6712
f 6711 1504 5259
f 6712 5259 72
f 6711 5259 6712
f 1957 6710 6707
f 6710 1504 6711
f 6707 6711 1958
f 6710 6711 6707
f 810 6713 6715
f 6713 1959 6714
f 6715 6714 1961
f 6713 6714 6715
f 1959 6716 6718
f 6716 67 6717
f 6718 6717 1960
f 6716 6717 6718
f 1961 6719 6721
f 6719 1960 6720
f 6721 6720 398
f 6719 6720 6721
f 1959 6718 6714
f 6718 1960 6719
f 6714 6719 1961
f 6718 6719 6714
f 536 6722 6724
f 6722 1962 6723
f 6724 6723 1963
f 6722 6723 6724
f 1962 6725 6726
f 6725 28 4748
f 6726 4748 1339
f 6725 4748 6726
f 1963 6727 6728
f 6727 1339 4754
f 6728 4754 19
f 6727 4754 6728
f 1962 6726 6723
f 6726 1339 6727
f 6723 6727 1963
f 6726 6727 6723
f 104 6227 6730
f 6227 1809 6729
f 6730 6729 1965
f 6227 6729 6730
f 1809 6224 6732
f 6224 390 6731
f 6732 6731 1964
f 6224 6731 6732
f 1965 6733 6735
f 6733 1964 6734
f 6735 6734 261
f 6733 6734 6735
f 1809 6732 6729
f 6732 1964 6733
f 6729 6733 1965
f 6732 6733 6729
f 595 6736 4438
f 6736 1966 6737
f 4438 6737 1235
f 6736 6737 4438
f 1966 6738 6739
f 6738 193 4414
f 6739 4414 1229
f 6738 4414 6739
f 1235 6740 4432
f 6740 1229 4420
f 4432 4420 103
f 6740 4420 4432
f 1966 6739 6737
f 6739 1229 6740
f 6737 6740 1235
f 6739 6740 6737
f 113 6741 6743
f 6741 1967 6742
f 6743 6742 1969
f 6741 6742 6743
f 1967 6744 6746
f 6744 642 6745
f 6746 6745 1968
f 6744 6745 6746
f 1969 6747 6749
f 6747 1968 6748
f 6749 6748 381
f 6747 6748 6749
f 1967 6746 6742
f 6746 1968 6747
f 6742 6747 1969
f 6746 6747 6742
f 843 6750 6752
f 6750 1970 6751
f 6752 6751 1972
f 6750 6751 6752
f 1970 6753 6755
f 6753 831 6754
f 6755 6754 1971
f 6753 6754 6755
f 1972 6756 6758
f 6756 1971 6757
f 6758 6757 218
f 6756 6757 6758
f 1970 6755 6751
f 6755 1971 6756
f 6751 6756 1972
f 6755 6756 6751
f 126 6759 6761
f 6759 1973 6760
f 6761 6760 1975
f 6759 6760 6761
f 1973 6762 6764
f 6762 115 6763
f 6764 6763 1974
f 6762 6763 6764
f 1975 6765 6767
f 6765 1974 6766
f 6767 6766 678
f 6765 6766 6767
f 1973 6764 6760
f 6764 1974 6765
f 6760 6765 1975
f 6764 6765 6760
f 416 6768 3293
f 6768 1976 6769
f 3293 6769 859
f 6768 6769 3293
f 1976 6770 6772
f 6770 826 6771
f 6772 6771 1977
f 6770 6771 6772
f 859 6773 3287
f 6773 1977 6774
f 3287 6774 89
f 6773 6774 3287
f 1976 6772 6769
f 6772 1977 6773
f 6769 6773 859
f 6772 6773 6769
f 152 6775 6777
f 6775 1978 6776
f 6777 6776 1980
f 6775 6776 6777
f 1978 6778 6780
f 6778 539 6779
f 6780 6779 1979
f 6778 6779 6780
f 1980 6781 6783
f 6781 1979 6782
f 6783 6782 144
f 6781 6782 6783
f 1978 6780 6776
f 6780 1979 6781
f 6776 6781 1980
f 6780 6781 6776
f 641 4196 6785
f 4196 1155 6784
f 6785 6784 1982
f 4196 6784 6785
f 1155 4193 6787
f 4193 436 6786
f 6787 6786 1981
f 4193 6786 6787
f 1982 6788 6790
f 6788 1981 6789
f 6790 6789 594
f 6788 6789 6790
f 1155 6787 6784
f 6787 1981 6788
f 6784 6788 1982
f 6787 6788 6784
f 149 6791 6793
f 6791 1983 6792
f 6793 6792 1985
f 6791 6792 6793
f 1983 6794 6796
f 6794 340 6795
f 6796 6795 1984
f 6794 6795 6796
f 1985 6797 6799
f 6797 1984 6798
f 6799 6798 603
f 6797 6798 6799
f 1983 6796 6792
f 6796 1984 6797
f 6792 6797 1985
f 6796 6797 6792
f 243 6800 6802
f 6800 1986 6801
f 6802 6801 1988
f 6800 6801 6802
f 1986 6803 6805
f 6803 306 6804
f 6805 6804 1987
f 6803 6804 6805
f 1988 6806 6808
f 6806 1987 6807
f 6808 6807 152
f 6806 6807 6808
f 1986 6805 6801
f 6805 1987 6806
f 6801 6806 1988
f 6805 6806 6801
f 96 6809 6811
f 6809 1989 6810
f 6811 6810 1991
f 6809 6810 6811
f 1989 6812 6814
f 6812 584 6813
f 6814 6813 1990
f 6812 6813 6814
f 1991 6815 6817
f 6815 1990 6816
f 6817 6816 648
f 6815 6816 6817
f 1989 6814 6810
f 6814 1990 6815
f 6810 6815 1991
f 6814 6815 6810
f 308 6818 4763
f 6818 1992 6819
f 4763 6819 1342
f 6818 6819 4763
f 1992 6820 6821
f 6820 194 5496
f 6821 5496 1579
f 6820 5496 6821
f 1342 6822 4757
f 6822 1579 5493
f 4757 5493 383
f 6822 5493 4757
f 1992 6821 6819
f 6821 1579 6822
f 6819 6822 1342
f 6821 6822 6819
f 651 6823 6825
f 6823 1993 6824
f 6825 6824 1995
f 6823 6824 6825
f 1993 6826 6828
f 6826 94 6827
f 6828 6827 1994
f 6826 6827 6828
f 1995 6829 6831
f 6829 1994 6830
f 6831 6830 309
f 6829 6830 6831
f 1993 6828 6824
f 6828 1994 6829
f 6824 6829 1995
f 6828 6829 6824
f 396 6832 6834
f 6832 1996 6833
f 6834 6833 1998
f 6832 6833 6834
f 1996 6835 6837
f 6835 804 6836
f 6837 6836 1997
f 6835 6836 6837
f 1998 6838 6840
f 6838 1997 6839
f 6840 6839 45
f 6838 6839 6840
f 1996 6837 6833
f 6837 1997 6838
f 6833 6838 1998
f 6837 6838 6833
f 661 6841 5088
f 6841 1999 6842
f 5088 6842 1448
f 6841 6842 5088
f 1999 6843 6844
f 6843 34 5112
f 6844 5112 1455
f 6843 5112 6844
f 1448 6845 5091
f 6845 1455 5109
f 5091 5109 310
f 6845 5109 5091
f 1999 6844 6842
f 6844 1455 6845
f 6842 6845 1448
f 6844 6845 6842
f 247 6846 3779
f 6846 2000 6847
f 3779 6847 1021
f 6846 6847 3779
f 2000 6848 6850
f 6848 650 6849
f 6850 6849 2001
f 6848 6849 6850
f 1021 6851 3782
f 6851 2001 6852
f 3782 6852 138
f 6851 6852 3782
f 2000 6850 6847
f 6850 2001 6851
f 6847 6851 1021
f 6850 6851 6847
f 527 6853 3744
f 6853 2002 6854
f 3744 6854 1009
f 6853 6854 3744
f 2002 6855 6857
f 6855 271 6856
f 6857 6856 2003
f 6855 6856 6857
f 1009 6858 3747
f 6858 2003 6859
f 3747 6859 127
f 6858 6859 3747
f 2002 6857 6854
f 6857 2003 6858
f 6854 6858 1009
f 6857 6858 6854
f 714 6098 6861
f 6098 1772 6860
f 6861 6860 2005
f 6098 6860 6861
f 1772 6096 6863
f 6096 148 6862
f 6863 6862 2004
f 6096 6862 6863
f 2005 6864 6866
f 6864 2004 6865
f 6866 6865 311
f 6864 6865 6866
f 1772 6863 6860
f 6863 2004 6864
f 6860 6864 2005
f 6863 6864 6860
f 604 6867 4628
f 6867 2006 6868
f 4628 6868 1298
f 6867 6868 4628
f 2006 6869 6870
f 6869 550 4636
f 6870 4636 1300
f 6869 4636 6870
f 1298 6871 4631
f 6871 1300 4633
f 4631 4633 69
f 6871 4633 4631
f 2006 6870 6868
f 6870 1300 6871
f 6868 6871 1298
f 6870 6871 6868
f 267 6872 6874
f 6872 2007 6873
f 6874 6873 2008
f 6872 6873 6874
f 2007 6875 6876
f 6875 591 3992
f 6876 3992 1090
f 6875 3992 6876
f 2008 6877 6878
f 6877 1090 3998
f 6878 3998 141
f 6877 3998 6878
f 2007 6876 6873
f 6876 1090 6877
f 6873 6877 2008
f 6876 6877 6873
f 412 6879 5171
f 6879 2009 6880
f 5171 6880 1475
f 6879 6880 5171
f 2009 6881 6882
f 6881 475 5054
f 6882 5054 1438
f 6881 5054 6882
f 1475 6883 5174
f 6883 1438 5060
f 5174 5060 673
f 6883 5060 5174
f 2009 6882 6880
f 6882 1438 6883
f 6880 6883 1475
f 6882 6883 6880
f 191 6173 6885
f 6173 1795 6884
f 6885 6884 2011
f 6173 6884 6885
f 1795 6179 6887
f 6179 405 6886
f 6887 6886 2010
f 6179 6886 6887
f 2011 6888 6890
f 6888 2010 6889
f 6890 6889 166
f 6888 6889 6890
f 1795 6887 6884
f 6887 2010 6888
f 6884 6888 2011
f 6887 6888 6884
f 65 6891 6893
f 6891 2012 6892
f 6893 6892 2013
f 6891 6892 6893
f 2012 6894 6895
f 6894 315 5219
f 6895 5219 1490
f 6894 5219 6895
f 2013 6896 6897
f 6896 1490 5216
f 6897 5216 523
f 6896 5216 6897
f 2012 6895 6892
f 6895 1490 6896
f 6892 6896 2013
f 6895 6896 6892
f 58 6898 6900
f 6898 2014 6899
f 6900 6899 2016
f 6898 6899 6900
f 2014 6901 6903
f 6901 38 6902
f 6903 6902 2015
f 6901 6902 6903
f 2016 6904 6906
f 6904 2015 6905
f 6906 6905 251
f 6904 6905 6906
f 2014 6903 6899
f 6903 2015 6904
f 6899 6904 2016
f 6903 6904 6899
f 747 6907 6909
f 6907 2017 6908
f 6909 6908 2019
f 6907 6908 6909
f 2017 6910 6912
f 6910 316 6911
f 6912 6911 2018
f 6910 6911 6912
f 2019 6913 6915
f 6913 2018 6914
f 6915 6914 628
f 6913 6914 6915
f 2017 6912 6908
f 6912 2018 6913
f 6908 6913 2019
f 6912 6913 6908
f 59 4671 4659
f 4671 1314 6916
f 4659 6916 1308
f 4671 6916 4659
f 1314 4677 6917
f 4677 231 4685
f 6917 4685 1316
f 4677 4685 6917
f 1308 6918 4653
f 6918 1316 4682
f 4653 4682 48
f 6918 4682 4653
f 1314 6917 6916
f 6917 1316 6918
f 6916 6918 1308
f 6917 6918 6916
f 318 6919 6921
f 6919 2020 6920
f 6921 6920 2022
f 6919 6920 6921
f 2020 6922 6924
f 6922 457 6923
f 6924 6923 2021
f 6922 6923 6924
f 2022 6925 6927
f 6925 2021 6926
f 6927 6926 610
f 6925 6926 6927
f 2020 6924 6920
f 6924 2021 6925
f 6920 6925 2022
f 6924 6925 6920
f 472 6928 3853
f 6928 2023 6929
f 3853 6929 1043
f 6928 6929 3853
f 2023 6930 6932
f 6930 385 6931
f 6932 6931 2024
f 6930 6931 6932
f 1043 6933 3849
f 6933 2024 6934
f 3849 6934 319
f 6933 6934 3849
f 2023 6932 6929
f 6932 2024 6933
f 6929 6933 1043
f 6932 6933 6929
f 320 4379 4371
f 4379 1215 6935
f 4371 6935 1213
f 4379 6935 4371
f 1215 4376 6937
f 4376 101 6936
f 6937 6936 2025
f 4376 6936 6937
f 1213 6938 4374
f 6938 2025 6939
f 4374 6939 386
f 6938 6939 4374
f 1215 6937 6935
f 6937 2025 6938
f 6935 6938 1213
f 6937 6938 6935
f 741 5045 6941
f 5045 1435 6940
f 6941 6940 2026
f 5045 6940 6941
f 1435 5051 6942
f 5051 42 5077
f 6942 5077 1443
f 5051 5077 6942
f 2026 6943 6944
f 6943 1443 5074
f 6944 5074 321
f 6943 5074 6944
f 1435 6942 6940
f 6942 1443 6943
f 6940 6943 2026
f 6942 6943 6940
f 253 6945 6947
f 6945 2027 6946
f 6947 6946 2029
f 6945 6946 6947
f 2027 6948 6950
f 6948 322 6949
f 6950 6949 2028
f 6948 6949 6950
f 2029 6951 6953
f 6951 2028 6952
f 6953 6952 39
f 6951 6952 6953
f 2027 6950 6946
f 6950 2028 6951
f 6946 6951 2029
f 6950 6951 6946
f 68 6240 6955
f 6240 1813 6954
f 6955 6954 2031
f 6240 6954 6955
f 1813 6238 6957
f 6238 605 6956
f 6957 6956 2030
f 6238 6956 6957
f 2031 6958 6960
f 6958 2030 6959
f 6960 6959 56
f 6958 6959 6960
f 1813 6957 6954
f 6957 2030 6958
f 6954 6958 2031
f 6957 6958 6954
f 113 6961 6963
f 6961 2032 6962
f 6963 6962 2034
f 6961 6962 6963
f 2032 6964 6966
f 6964 456 6965
f 6966 6965 2033
f 6964 6965 6966
f 2034 6967 6969
f 6967 2033 6968
f 6969 6968 542
f 6967 6968 6969
f 2032 6966 6962
f 6966 2033 6967
f 6962 6967 2034
f 6966 6967 6962
f 545 5645 4483
f 5645 1630 6970
f 4483 6970 1250
f 5645 6970 4483
f 1630 5651 6972
f 5651 607 6971
f 6972 6971 2035
f 5651 6971 6972
f 1250 6973 4477
f 6973 2035 6974
f 4477 6974 81
f 6973 6974 4477
f 1630 6972 6970
f 6972 2035 6973
f 6970 6973 1250
f 6972 6973 6970
f 376 5251 6976
f 5251 1501 6975
f 6976 6975 2036
f 5251 6975 6976
f 1501 5248 6977
f 5248 65 6893
f 6977 6893 2013
f 5248 6893 6977
f 2036 6978 6979
f 6978 2013 6897
f 6979 6897 523
f 6978 6897 6979
f 1501 6977 6975
f 6977 2013 6978
f 6975 6978 2036
f 6977 6978 6975
f 523 6980 6982
f 6980 2037 6981
f 6982 6981 2038
f 6980 6981 6982
f 2037 6983 6984
f 6983 326 5266
f 6984 5266 1507
f 6983 5266 6984
f 2038 6985 6986
f 6985 1507 5270
f 6986 5270 753
f 6985 5270 6986
f 2037 6984 6981
f 6984 1507 6985
f 6981 6985 2038
f 6984 6985 6981
f 156 5444 6988
f 5444 1563 6987
f 6988 6987 2040
f 5444 6987 6988
f 1563 5441 6990
f 5441 255 6989
f 6990 6989 2039
f 5441 6989 6990
f 2040 6991 6993
f 6991 2039 6992
f 6993 6992 314
f 6991 6992 6993
f 1563 6990 6987
f 6990 2039 6991
f 6987 6991 2040
f 6990 6991 6987
f 328 6994 4544
f 6994 2041 6995
f 4544 6995 1270
f 6994 6995 4544
f 2041 6996 6997
f 6996 196 4529
f 6997 4529 1267
f 6996 4529 6997
f 1270 6998 4538
f 6998 1267 4535
f 4538 4535 249
f 6998 4535 4538
f 2041 6997 6995
f 6997 1267 6998
f 6995 6998 1270
f 6997 6998 6995
f 534 6999 6286
f 6999 2042 7000
f 6286 7000 1826
f 6999 7000 6286
f 2042 7001 7003
f 7001 674 7002
f 7003 7002 2043
f 7001 7002 7003
f 1826 7004 6280
f 7004 2043 7005
f 6280 7005 88
f 7004 7005 6280
f 2042 7003 7000
f 7003 2043 7004
f 7000 7004 1826
f 7003 7004 7000
f 752 4486 4505
f 4486 1253 7006
f 4505 7006 1258
f 4486 7006 4505
f 1253 4492 7008
f 4492 87 7007
f 7008 7007 2044
f 4492 7007 7008
f 1258 7009 4508
f 7009 2044 7010
f 4508 7010 399
f 7009 7010 4508
f 1253 7008 7006
f 7008 2044 7009
f 7006 7009 1258
f 7008 7009 7006
f 465 7011 4228
f 7011 2045 7012
f 4228 7012 1166
f 7011 7012 4228
f 2045 7013 7015
f 7013 679 7014
f 7015 7014 2046
f 7013 7014 7015
f 1166 7016 4222
f 7016 2046 7017
f 4222 7017 261
f 7016 7017 4222
f 2045 7015 7012
f 7015 2046 7016
f 7012 7016 1166
f 7015 7016 7012
f 243 7018 6081
f 7018 2047 7019
f 6081 7019 1767
f 7018 7019 6081
f 2047 7020 7022
f 7020 144 7021
f 7022 7021 2048
f 7020 7021 7022
f 1767 7023 6075
f 7023 2048 7024
f 6075 7024 590
f 7023 7024 6075
f 2047 7022 7019
f 7022 2048 7023
f 7019 7023 1767
f 7022 7023 7019
f 774 5544 7026
f 5544 1594 7025
f 7026 7025 2049
f 5544 7025 7026
f 1594 5541 7027
f 5541 538 4530
f 7027 4530 1265
f 5541 4530 7027
f 2049 7028 7029
f 7028 1265 4527
f 7029 4527 196
f 7028 4527 7029
f 1594 7027 7025
f 7027 1265 7028
f 7025 7028 2049
f 7027 7028 7025
f 805 7030 7032
f 7030 2050 7031
f 7032 7031 2052
f 7030 7031 7032
f 2050 7033 7035
f 7033 515 7034
f 7035 7034 2051
f 7033 7034 7035
f 2052 7036 7038
f 7036 2051 7037
f 7038 7037 203
f 7036 7037 7038
f 2050 7035 7031
f 7035 2051 7036
f 7031 7036 2052
f 7035 7036 7031
f 547 3679 7040
f 3679 987 7039
f 7040 7039 2054
f 3679 7039 7040
f 987 3676 7042
f 3676 401 7041
f 7042 7041 2053
f 3676 7041 7042
f 2054 7043 7045
f 7043 2053 7044
f 7045 7044 785
f 7043 7044 7045
f 987 7042 7039
f 7042 2053 7043
f 7039 7043 2054
f 7042 7043 7039
f 197 7046 7048
f 7046 2055 7047
f 7048 7047 2057
f 7046 7047 7048
f 2055 7049 7051
f 7049 265 7050
f 7051 7050 2056
f 7049 7050 7051
f 2057 7052 7054
f 7052 2056 7053
f 7054 7053 332
f 7052 7053 7054
f 2055 7051 7047
f 7051 2056 7052
f 7047 7052 2057
f 7051 7052 7047
f 197 7048 5546
f 7048 2057 7055
f 5546 7055 1596
f 7048 7055 5546
f 2057 7054 7056
f 7054 332 4847
f 7056 4847 1369
f 7054 4847 7056
f 1596 7057 5549
f 7057 1369 4844
f 5549 4844 46
f 7057 4844 5549
f 2057 7056 7055
f 7056 1369 7057
f 7055 7057 1596
f 7056 7057 7055
f 66 7058 7060
f 7058 2058 7059
f 7060 7059 2060
f 7058 7059 7060
f 2058 7061 7063
f 7061 379 7062
f 7063 7062 2059
f 7061 7062 7063
f 2060 7064 7066
f 7064 2059 7065
f 7066 7065 333
f 7064 7065 7066
f 2058 7063 7059
f 7063 2059 7064
f 7059 7064 2060
f 7063 7064 7059
f 123 5847 7068
f 5847 1693 7067
f 7068 7067 2062
f 5847 7067 7068
f 1693 5845 7070
f 5845 201 7069
f 7070 7069 2061
f 5845 7069 7070
f 2062 7071 7073
f 7071 2061 7072
f 7073 7072 226
f 7071 7072 7073
f 1693 7070 7067
f 7070 2061 7071
f 7067 7071 2062
f 7070 7071 7067
f 476 7074 7076
f 7074 2063 7075
f 7076 7075 2064
f 7074 7075 7076
f 2063 7077 7078
f 7077 226 7072
f 7078 7072 2061
f 7077 7072 7078
f 2064 7079 7080
f 7079 2061 7069
f 7080 7069 201
f 7079 7069 7080
f 2063 7078 7075
f 7078 2061 7079
f 7075 7079 2064
f 7078 7079 7075
f 10 7081 7083
f 7081 2065 7082
f 7083 7082 2067
f 7081 7082 7083
f 2065 7084 7086
f 7084 576 7085
f 7086 7085 2066
f 7084 7085 7086
f 2067 7087 7089
f 7087 2066 7088
f 7089 7088 372
f 7087 7088 7089
f 2065 7086 7082
f 7086 2066 7087
f 7082 7087 2067
f 7086 7087 7082
f 334 5027 7091
f 5027 1429 7090
f 7091 7090 2069
f 5027 7090 7091
f 1429 5033 7093
f 5033 236 7092
f 7093 7092 2068
f 5033 7092 7093
f 2069 7094 7096
f 7094 2068 7095
f 7096 7095 579
f 7094 7095 7096
f 1429 7093 7090
f 7093 2068 7094
f 7090 7094 2069
f 7093 7094 7090
f 725 5793 3723
f 5793 1675 7097
f 3723 7097 1002
f 5793 7097 3723
f 1675 5790 7099
f 5790 223 7098
f 7099 7098 2070
f 5790 7098 7099
f 1002 7100 3717
f 7100 2070 7101
f 3717 7101 335
f 7100 7101 3717
f 1675 7099 7097
f 7099 2070 7100
f 7097 7100 1002
f 7099 7100 7097
f 335 7102 3732
f 7102 2071 7103
f 3732 7103 1005
f 7102 7103 3732
f 2071 7104 7106
f 7104 127 7105
f 7106 7105 2072
f 7104 7105 7106
f 1005 7107 3726
f 7107 2072 7108
f 3726 7108 625
f 7107 7108 3726
f 2071 7106 7103
f 7106 2072 7107
f 7103 7107 1005
f 7106 7107 7103
f 336 5824 7110
f 5824 1687 7109
f 7110 7109 2074
f 5824 7109 7110
f 1687 5828 7112
f 5828 50 7111
f 7112 7111 2073
f 5828 7111 7112
f 2074 7113 7115
f 7113 2073 7114
f 7115 7114 406
f 7113 7114 7115
f 1687 7112 7109
f 7112 2073 7113
f 7109 7113 2074
f 7112 7113 7109
f 336 4940 7117
f 4940 1398 7116
f 7117 7116 2076
f 4940 7116 7117
f 1398 4937 7119
f 4937 206 7118
f 7119 7118 2075
f 4937 7118 7119
f 2076 7120 7122
f 7120 2075 7121
f 7122 7121 521
f 7120 7121 7122
f 1398 7119 7116
f 7119 2075 7120
f 7116 7120 2076
f 7119 7120 7116
f 337 7123 7125
f 7123 2077 7124
f 7125 7124 2079
f 7123 7124 7125
f 2077 7126 7128
f 7126 205 7127
f 7128 7127 2078
f 7126 7127 7128
f 2079 7129 7131
f 7129 2078 7130
f 7131 7130 410
f 7129 7130 7131
f 2077 7128 7124
f 7128 2078 7129
f 7124 7129 2079
f 7128 7129 7124
f 489 7132 7134
f 7132 2080 7133
f 7134 7133 2082
f 7132 7133 7134
f 2080 7135 7137
f 7135 338 7136
f 7137 7136 2081
f 7135 7136 7137
f 2082 7138 7140
f 7138 2081 7139
f 7140 7139 106
f 7138 7139 7140
f 2080 7137 7133
f 7137 2081 7138
f 7133 7138 2082
f 7137 7138 7133
f 211 7141 4271
f 7141 2083 7142
f 4271 7142 1180
f 7141 7142 4271
f 2083 7143 7145
f 7143 109 7144
f 7145 7144 2084
f 7143 7144 7145
f 1180 7146 4265
f 7146 2084 7147
f 4265 7147 519
f 7146 7147 4265
f 2083 7145 7142
f 7145 2084 7146
f 7142 7146 1180
f 7145 7146 7142
f 339 7148 7150
f 7148 2085 7149
f 7150 7149 2086
f 7148 7149 7150
f 2085 7151 7152
f 7151 270 6316
f 7152 6316 1837
f 7151 6316 7152
f 2086 7153 7154
f 7153 1837 6320
f 7154 6320 407
f 7153 6320 7154
f 2085 7152 7149
f 7152 1837 7153
f 7149 7153 2086
f 7152 7153 7149
f 764 7155 7157
f 7155 2087 7156
f 7157 7156 2089
f 7155 7156 7157
f 2087 7158 7160
f 7158 387 7159
f 7160 7159 2088
f 7158 7159 7160
f 2089 7161 7163
f 7161 2088 7162
f 7163 7162 340
f 7161 7162 7163
f 2087 7160 7156
f 7160 2088 7161
f 7156 7161 2089
f 7160 7161 7156
f 387 7158 7165
f 7158 2087 7164
f 7165 7164 2091
f 7158 7164 7165
f 2087 7155 7167
f 7155 764 7166
f 7167 7166 2090
f 7155 7166 7167
f 2091 7168 7170
f 7168 2090 7169
f 7170 7169 362
f 7168 7169 7170
f 2087 7167 7164
f 7167 2090 7168
f 7164 7168 2091
f 7167 7168 7164
f 740 7171 6083
f 7171 2092 7172
f 6083 7172 1768
f 7171 7172 6083
f 2092 7173 7174
f 7173 43 5318
f 7174 5318 1525
f 7173 5318 7174
f 1768 7175 6086
f 7175 1525 5324
f 6086 5324 35
f 7175 5324 6086
f 2092 7174 7172
f 7174 1525 7175
f 7172 7175 1768
f 7174 7175 7172
f 761 3594 7177
f 3594 959 7176
f 7177 7176 2094
f 3594 7176 7177
f 959 3591 7179
f 3591 585 7178
f 7179 7178 2093
f 3591 7178 7179
f 2094 7180 7182
f 7180 2093 7181
f 7182 7181 494
f 7180 7181 7182
f 959 7179 7176
f 7179 2093 7180
f 7176 7180 2094
f 7179 7180 7176
f 571 7183 3626
f 7183 2095 7184
f 3626 7184 970
f 7183 7184 3626
f 2095 7185 7187
f 7185 668 7186
f 7187 7186 2096
f 7185 7186 7187
f 970 7188 3620
f 7188 2096 7189
f 3620 7189 213
f 7188 7189 3620
f 2095 7187 7184
f 7187 2096 7188
f 7184 7188 970
f 7187 7188 7184
f 687 7190 7192
f 7190 2097 7191
f 7192 7191 2098
f 7190 7191 7192
f 2097 7193 7194
f 7193 844 3566
f 7194 3566 952
f 7193 3566 7194
f 2098 7195 7196
f 7195 952 3572
f 7196 3572 17
f 7195 3572 7196
f 2097 7194 7191
f 7194 952 7195
f 7191 7195 2098
f 7194 7195 7191
f 634 7197 7199
f 7197 2099 7198
f 7199 7198 2101
f 7197 7198 7199
f 2099 7200 7202
f 7200 82 7201
f 7202 7201 2100
f 7200 7201 7202
f 2101 7203 7205
f 7203 2100 7204
f 7205 7204 571
f 7203 7204 7205
f 2099 7202 7198
f 7202 2100 7203
f 7198 7203 2101
f 7202 7203 7198
f 343 7206 7208
f 7206 2102 7207
f 7208 7207 2104
f 7206 7207 7208
f 2102 7209 7211
f 7209 497 7210
f 7211 7210 2103
f 7209 7210 7211
f 2104 7212 7214
f 7212 2103 7213
f 7214 7213 450
f 7212 7213 7214
f 2102 7211 7207
f 7211 2103 7212
f 7207 7212 2104
f 7211 7212 7207
f 179 7215 5288
f 7215 2105 7216
f 5288 7216 1513
f 7215 7216 5288
f 2105 7217 7219
f 7217 750 7218
f 7219 7218 2106
f 7217 7218 7219
f 1513 7220 5282
f 7220 2106 7221
f 5282 7221 575
f 7220 7221 5282
f 2105 7219 7216
f 7219 2106 7220
f 7216 7220 1513
f 7219 7220 7216
f 631 7222 7224
f 7222 2107 7223
f 7224 7223 2109
f 7222 7223 7224
f 2107 7225 7227
f 7225 692 7226
f 7227 7226 2108
f 7225 7226 7227
f 2109 7228 7230
f 7228 2108 7229
f 7230 7229 174
f 7228 7229 7230
f 2107 7227 7223
f 7227 2108 7228
f 7223 7228 2109
f 7227 7228 7223
f 142 3431 6376
f 3431 907 7231
f 6376 7231 1854
f 3431 7231 6376
f 907 3437 7233
f 3437 345 7232
f 7233 7232 2110
f 3437 7232 7233
f 1854 7234 6379
f 7234 2110 7235
f 6379 7235 690
f 7234 7235 6379
f 907 7233 7231
f 7233 2110 7234
f 7231 7234 1854
f 7233 7234 7231
f 621 5744 7237
f 5744 1659 7236
f 7237 7236 2111
f 5744 7236 7237
f 1659 5741 7238
f 5741 690 7235
f 7238 7235 2110
f 5741 7235 7238
f 2111 7239 7240
f 7239 2110 7232
f 7240 7232 345
f 7239 7232 7240
f 1659 7238 7236
f 7238 2110 7239
f 7236 7239 2111
f 7238 7239 7236
f 346 7241 7243
f 7241 2112 7242
f 7243 7242 2113
f 7241 7242 7243
f 2112 7244 7245
f 7244 269 6414
f 7245 6414 1866
f 7244 6414 7245
f 2113 7246 7247
f 7246 1866 6411
f 7247 6411 168
f 7246 6411 7247
f 2112 7245 7242
f 7245 1866 7246
f 7242 7246 2113
f 7245 7246 7242
f 347 7248 7250
f 7248 2114 7249
f 7250 7249 2116
f 7248 7249 7250
f 2114 7251 7253
f 7251 482 7252
f 7253 7252 2115
f 7251 7252 7253
f 2116 7254 7256
f 7254 2115 7255
f 7256 7255 846
f 7254 7255 7256
f 2114 7253 7249
f 7253 2115 7254
f 7249 7254 2116
f 7253 7254 7249
f 693 7257 7259
f 7257 2117 7258
f 7259 7258 2119
f 7257 7258 7259
f 2117 7260 7262
f 7260 491 7261
f 7262 7261 2118
f 7260 7261 7262
f 2119 7263 7265
f 7263 2118 7264
f 7265 7264 5
f 7263 7264 7265
f 2117 7262 7258
f 7262 2118 7263
f 7258 7263 2119
f 7262 7263 7258
f 161 3874 7267
f 3874 1052 7266
f 7267 7266 2121
f 3874 7266 7267
f 1052 3880 7269
f 3880 432 7268
f 7269 7268 2120
f 3880 7268 7269
f 2121 7270 7272
f 7270 2120 7271
f 7272 7271 348
f 7270 7271 7272
f 1052 7269 7266
f 7269 2120 7270
f 7266 7270 2121
f 7269 7270 7266
f 188 7273 7275
f 7273 2122 7274
f 7275 7274 2124
f 7273 7274 7275
f 2122 7276 7278
f 7276 426 7277
f 7278 7277 2123
f 7276 7277 7278
f 2124 7279 7281
f 7279 2123 7280
f 7281 7280 739
f 7279 7280 7281
f 2122 7278 7274
f 7278 2123 7279
f 7274 7279 2124
f 7278 7279 7274
f 280 7282 3622
f 7282 2125 7283
f 3622 7283 969
f 7282 7283 3622
f 2125 7284 7285
f 7284 634 7199
f 7285 7199 2101
f 7284 7199 7285
f 969 7286 3625
f 7286 2101 7205
f 3625 7205 571
f 7286 7205 3625
f 2125 7285 7283
f 7285 2101 7286
f 7283 7286 969
f 7285 7286 7283
f 775 7287 6415
f 7287 2126 7288
f 6415 7288 1867
f 7287 7288 6415
f 2126 7289 7291
f 7289 637 7290
f 7291 7290 2127
f 7289 7290 7291
f 1867 7292 6418
f 7292 2127 7293
f 6418 7293 278
f 7292 7293 6418
f 2126 7291 7288
f 7291 2127 7292
f 7288 7292 1867
f 7291 7292 7288
f 353 7294 7296
f 7294 2128 7295
f 7296 7295 2130
f 7294 7295 7296
f 2128 7297 7299
f 7297 495 7298
f 7299 7298 2129
f 7297 7298 7299
f 2130 7300 7302
f 7300 2129 7301
f 7302 7301 428
f 7300 7301 7302
f 2128 7299 7295
f 7299 2129 7300
f 7295 7300 2130
f 7299 7300 7295
f 245 7303 7305
f 7303 2131 7304
f 7305 7304 2133
f 7303 7304 7305
f 2131 7306 7308
f 7306 158 7307
f 7308 7307 2132
f 7306 7307 7308
f 2133 7309 7311
f 7309 2132 7310
f 7311 7310 354
f 7309 7310 7311
f 2131 7308 7304
f 7308 2132 7309
f 7304 7309 2133
f 7308 7309 7304
f 244 3485 5307
f 3485 925 7312
f 5307 7312 1520
f 3485 7312 5307
f 925 3491 7313
f 3491 355 3477
f 7313 3477 920
f 3491 3477 7313
f 1520 7314 5310
f 7314 920 3474
f 5310 3474 20
f 7314 3474 5310
f 925 7313 7312
f 7313 920 7314
f 7312 7314 1520
f 7313 7314 7312
f 142 6375 7316
f 6375 1853 7315
f 7316 7315 2135
f 6375 7315 7316
f 1853 6372 7318
f 6372 276 7317
f 7318 7317 2134
f 6372 7317 7318
f 2135 7319 7321
f 7319 2134 7320
f 7321 7320 808
f 7319 7320 7321
f 1853 7318 7315
f 7318 2134 7319
f 7315 7319 2135
f 7318 7319 7315
f 802 7322 7324
f 7322 2136 7323
f 7324 7323 2138
f 7322 7323 7324
f 2136 7325 7327
f 7325 105 7326
f 7327 7326 2137
f 7325 7326 7327
f 2138 7328 7330
f 7328 2137 7329
f 7330 7329 727
f 7328 7329 7330
f 2136 7327 7323
f 7327 2137 7328
f 7323 7328 2138
f 7327 7328 7323
f 105 7331 7326
f 7331 2139 7332
f 7326 7332 2137
f 7331 7332 7326
f 2139 7333 7335
f 7333 103 7334
f 7335 7334 2140
f 7333 7334 7335
f 2137 7336 7329
f 7336 2140 7337
f 7329 7337 727
f 7336 7337 7329
f 2139 7335 7332
f 7335 2140 7336
f 7332 7336 2137
f 7335 7336 7332
f 731 7338 7340
f 7338 2141 7339
f 7340 7339 2142
f 7338 7339 7340
f 2141 7341 7342
f 7341 185 3445
f 7342 3445 909
f 7341 3445 7342
f 2142 7343 7344
f 7343 909 3442
f 7344 3442 358
f 7343 3442 7344
f 2141 7342 7339
f 7342 909 7343
f 7339 7343 2142
f 7342 7343 7339
f 832 7345 5899
f 7345 2143 7346
f 5899 7346 1710
f 7345 7346 5899
f 2143 7347 7348
f 7347 106 7139
f 7348 7139 2081
f 7347 7139 7348
f 1710 7349 5902
f 7349 2081 7136
f 5902 7136 338
f 7349 7136 5902
f 2143 7348 7346
f 7348 2081 7349
f 7346 7349 1710
f 7348 7349 7346
f 480 7350 7352
f 7350 2144 7351
f 7352 7351 2145
f 7350 7351 7352
f 2144 7353 7354
f 7353 115 6762
f 7354 6762 1973
f 7353 6762 7354
f 2145 7355 7356
f 7355 1973 6759
f 7356 6759 126
f 7355 6759 7356
f 2144 7354 7351
f 7354 1973 7355
f 7351 7355 2145
f 7354 7355 7351
f 746 6594 7358
f 6594 1921 7357
f 7358 7357 2146
f 6594 7357 7358
f 1921 6591 7359
f 6591 10 7083
f 7359 7083 2067
f 6591 7083 7359
f 2146 7360 7361
f 7360 2067 7089
f 7361 7089 372
f 7360 7089 7361
f 1921 7359 7357
f 7359 2067 7360
f 7357 7360 2146
f 7359 7360 7357
f 6 7362 7364
f 7362 2147 7363
f 7364 7363 2149
f 7362 7363 7364
f 2147 7365 7367
f 7365 282 7366
f 7367 7366 2148
f 7365 7366 7367
f 2149 7368 7370
f 7368 2148 7369
f 7370 7369 578
f 7368 7369 7370
f 2147 7367 7363
f 7367 2148 7368
f 7363 7368 2149
f 7367 7368 7363
f 362 4191 7170
f 4191 1153 7371
f 7170 7371 2091
f 4191 7371 7170
f 1153 4188 7373
f 4188 190 7372
f 7373 7372 2150
f 4188 7372 7373
f 2091 7374 7165
f 7374 2150 7375
f 7165 7375 387
f 7374 7375 7165
f 1153 7373 7371
f 7373 2150 7374
f 7371 7374 2091
f 7373 7374 7371
f 815 7376 7378
f 7376 2151 7377
f 7378 7377 2152
f 7376 7377 7378
f 2151 7379 7380
f 7379 514 4209
f 7380 4209 1159
f 7379 4209 7380
f 2152 7381 7382
f 7381 1159 4206
f 7382 4206 172
f 7381 4206 7382
f 2151 7380 7377
f 7380 1159 7381
f 7377 7381 2152
f 7380 7381 7377
f 21 5143 7384
f 5143 1465 7383
f 7384 7383 2154
f 5143 7383 7384
f 1465 5140 7386
f 5140 363 7385
f 7386 7385 2153
f 5140 7385 7386
f 2154 7387 7389
f 7387 2153 7388
f 7389 7388 505
f 7387 7388 7389
f 1465 7386 7383
f 7386 2153 7387
f 7383 7387 2154
f 7386 7387 7383
f 364 7390 6686
f 7390 2155 7391
f 6686 7391 1951
f 7390 7391 6686
f 2155 7392 7394
f 7392 652 7393
f 7394 7393 2156
f 7392 7393 7394
f 1951 7395 6689
f 7395 2156 7396
f 6689 7396 19
f 7395 7396 6689
f 2155 7394 7391
f 7394 2156 7395
f 7391 7395 1951
f 7394 7395 7391
f 24 7397 4781
f 7397 2157 7398
f 4781 7398 1348
f 7397 7398 4781
f 2157 7399 7401
f 7399 437 7400
f 7401 7400 2158
f 7399 7400 7401
f 1348 7402 4775
f 7402 2158 7403
f 4775 7403 364
f 7402 7403 4775
f 2157 7401 7398
f 7401 2158 7402
f 7398 7402 1348
f 7401 7402 7398
f 766 7404 7406
f 7404 2159 7405
f 7406 7405 2161
f 7404 7405 7406
f 2159 7407 7409
f 7407 655 7408
f 7409 7408 2160
f 7407 7408 7409
f 2161 7410 7412
f 7410 2160 7411
f 7412 7411 29
f 7410 7411 7412
f 2159 7409 7405
f 7409 2160 7410
f 7405 7410 2161
f 7409 7410 7405
f 647 7413 7415
f 7413 2162 7414
f 7415 7414 2164
f 7413 7414 7415
f 2162 7416 7418
f 7416 784 7417
f 7418 7417 2163
f 7416 7417 7418
f 2164 7419 7421
f 7419 2163 7420
f 7421 7420 135
f 7419 7420 7421
f 2162 7418 7414
f 7418 2163 7419
f 7414 7419 2164
f 7418 7419 7414
f 273 4284 7423
f 4284 1184 7422
f 7423 7422 2165
f 4284 7422 7423
f 1184 4281 7424
f 4281 121 5699
f 7424 5699 1645
f 4281 5699 7424
f 2165 7425 7426
f 7425 1645 5696
f 7426 5696 324
f 7425 5696 7426
f 1184 7424 7422
f 7424 1645 7425
f 7422 7425 2165
f 7424 7425 7422
f 782 4865 7428
f 4865 1374 7427
f 7428 7427 2167
f 4865 7427 7428
f 1374 4862 7430
f 4862 265 7429
f 7430 7429 2166
f 4862 7429 7430
f 2167 7431 7433
f 7431 2166 7432
f 7433 7432 447
f 7431 7432 7433
f 1374 7430 7427
f 7430 2166 7431
f 7427 7431 2167
f 7430 7431 7427
f 366 7434 7436
f 7434 2168 7435
f 7436 7435 2170
f 7434 7435 7436
f 2168 7437 7439
f 7437 167 7438
f 7439 7438 2169
f 7437 7438 7439
f 2170 7440 7442
f 7440 2169 7441
f 7442 7441 587
f 7440 7441 7442
f 2168 7439 7435
f 7439 2169 7440
f 7435 7440 2170
f 7439 7440 7435
f 511 7443 3941
f 7443 2171 7444
f 3941 7444 1072
f 7443 7444 3941
f 2171 7445 7447
f 7445 166 7446
f 7447 7446 2172
f 7445 7446 7447
f 1072 7448 3944
f 7448 2172 7449
f 3944 7449 173
f 7448 7449 3944
f 2171 7447 7444
f 7447 2172 7448
f 7444 7448 1072
f 7447 7448 7444
f 277 7450 7452
f 7450 2173 7451
f 7452 7451 2174
f 7450 7451 7452
f 2173 7453 7454
f 7453 631 3373
f 7454 3373 885
f 7453 3373 7454
f 2174 7455 7456
f 7455 885 3370
f 7456 3370 367
f 7455 3370 7456
f 2173 7454 7451
f 7454 885 7455
f 7451 7455 2174
f 7454 7455 7451
f 532 7457 7459
f 7457 2175 7458
f 7459 7458 2177
f 7457 7458 7459
f 2175 7460 7462
f 7460 768 7461
f 7462 7461 2176
f 7460 7461 7462
f 2177 7463 7465
f 7463 2176 7464
f 7465 7464 367
f 7463 7464 7465
f 2175 7462 7458
f 7462 2176 7463
f 7458 7463 2177
f 7462 7463 7458
f 299 3827 3821
f 3827 1034 7466
f 3821 7466 1033
f 3827 7466 3821
f 1034 3824 7468
f 3824 556 7467
f 7468 7467 2178
f 3824 7467 7468
f 1033 7469 3816
f 7469 2178 7470
f 3816 7470 368
f 7469 7470 3816
f 1034 7468 7466
f 7468 2178 7469
f 7466 7469 1033
f 7468 7469 7466
f 650 7471 3800
f 7471 2179 7472
f 3800 7472 1027
f 7471 7472 3800
f 2179 7473 7474
f 7473 597 3790
f 7474 3790 1023
f 7473 3790 7474
f 1027 7475 3794
f 7475 1023 3787
f 3794 3787 368
f 7475 3787 3794
f 2179 7474 7472
f 7474 1023 7475
f 7472 7475 1027
f 7474 7475 7472
f 370 7476 7478
f 7476 2180 7477
f 7478 7477 2182
f 7476 7477 7478
f 2180 7479 7481
f 7479 150 7480
f 7481 7480 2181
f 7479 7480 7481
f 2182 7482 7484
f 7482 2181 7483
f 7484 7483 459
f 7482 7483 7484
f 2180 7481 7477
f 7481 2181 7482
f 7477 7482 2182
f 7481 7482 7477
f 151 6632 7486
f 6632 1936 7485
f 7486 7485 2184
f 6632 7485 7486
f 1936 6638 7488
f 6638 744 7487
f 7488 7487 2183
f 6638 7487 7488
f 2184 7489 7491
f 7489 2183 7490
f 7491 7490 370
f 7489 7490 7491
f 1936 7488 7485
f 7488 2183 7489
f 7485 7489 2184
f 7488 7489 7485
f 457 4821 7493
f 4821 1360 7492
f 7493 7492 2186
f 4821 7492 7493
f 1360 4818 7495
f 4818 371 7494
f 7495 7494 2185
f 4818 7494 7495
f 2186 7496 7498
f 7496 2185 7497
f 7498 7497 55
f 7496 7497 7498
f 1360 7495 7492
f 7495 2185 7496
f 7492 7496 2186
f 7495 7496 7492
f 780 7499 7501
f 7499 2187 7500
f 7501 7500 2189
f 7499 7500 7501
f 2187 7502 7504
f 7502 654 7503
f 7504 7503 2188
f 7502 7503 7504
f 2189 7505 7507
f 7505 2188 7506
f 7507 7506 491
f 7505 7506 7507
f 2187 7504 7500
f 7504 2188 7505
f 7500 7505 2189
f 7504 7505 7500
f 468 7508 7510
f 7508 2190 7509
f 7510 7509 2192
f 7508 7509 7510
f 2190 7511 7513
f 7511 209 7512
f 7513 7512 2191
f 7511 7512 7513
f 2192 7514 7516
f 7514 2191 7515
f 7516 7515 706
f 7514 7515 7516
f 2190 7513 7509
f 7513 2191 7514
f 7509 7514 2192
f 7513 7514 7509
f 209 7517 7519
f 7517 2193 7518
f 7519 7518 2195
f 7517 7518 7519
f 2193 7520 7522
f 7520 719 7521
f 7522 7521 2194
f 7520 7521 7522
f 2195 7523 7525
f 7523 2194 7524
f 7525 7524 588
f 7523 7524 7525
f 2193 7522 7518
f 7522 2194 7523
f 7518 7523 2195
f 7522 7523 7518
f 93 7526 4393
f 7526 2196 7527
f 4393 7527 1220
f 7526 7527 4393
f 2196 7528 7530
f 7528 94 7529
f 7530 7529 2197
f 7528 7529 7530
f 1220 7531 4387
f 7531 2197 7532
f 4387 7532 608
f 7531 7532 4387
f 2196 7530 7527
f 7530 2197 7531
f 7527 7531 1220
f 7530 7531 7527
f 373 7533 7535
f 7533 2198 7534
f 7535 7534 2199
f 7533 7534 7535
f 2198 7536 7537
f 7536 102 4401
f 7537 4401 1222
f 7536 4401 7537
f 2199 7538 7539
f 7538 1222 4398
f 7539 4398 656
f 7538 4398 7539
f 2198 7537 7534
f 7537 1222 7538
f 7534 7538 2199
f 7537 7538 7534
f 397 7540 6032
f 7540 2200 7541
f 6032 7541 1752
f 7540 7541 6032
f 2200 7542 7544
f 7542 779 7543
f 7544 7543 2201
f 7542 7543 7544
f 1752 7545 6035
f 7545 2201 7546
f 6035 7546 240
f 7545 7546 6035
f 2200 7544 7541
f 7544 2201 7545
f 7541 7545 1752
f 7544 7545 7541
f 327 3866 7548
f 3866 1047 7547
f 7548 7547 2203
f 3866 7547 7548
f 1047 3863 7550
f 3863 623 7549
f 7550 7549 2202
f 3863 7549 7550
f 2203 7551 7553
f 7551 2202 7552
f 7553 7552 153
f 7551 7552 7553
f 1047 7550 7547
f 7550 2202 7551
f 7547 7551 2203
f 7550 7551 7547
f 537 7554 7556
f 7554 2204 7555
f 7556 7555 2206
f 7554 7555 7556
f 2204 7557 7559
f 7557 145 7558
f 7559 7558 2205
f 7557 7558 7559
f 2206 7560 7562
f 7560 2205 7561
f 7562 7561 623
f 7560 7561 7562
f 2204 7559 7555
f 7559 2205 7560
f 7555 7560 2206
f 7559 7560 7555
f 166 7563 6890
f 7563 2207 7564
f 6890 7564 2011
f 7563 7564 6890
f 2207 7565 7566
f 7565 524 3921
f 7566 3921 1065
f 7565 3921 7566
f 2011 7567 6885
f 7567 1065 3918
f 6885 3918 191
f 7567 3918 6885
f 2207 7566 7564
f 7566 1065 7567
f 7564 7567 2011
f 7566 7567 7564
f 409 7568 6291
f 7568 2208 7569
f 6291 7569 1828
f 7568 7569 6291
f 2208 7570 7571
f 7570 609 4516
f 7571 4516 1260
f 7570 4516 7571
f 1828 7572 6294
f 7572 1260 4513
f 6294 4513 78
f 7572 4513 6294
f 2208 7571 7569
f 7571 1260 7572
f 7569 7572 1828
f 7571 7572 7569
f 376 7573 7575
f 7573 2209 7574
f 7575 7574 2211
f 7573 7574 7575
f 2209 7576 7578
f 7576 753 7577
f 7578 7577 2210
f 7576 7577 7578
f 2211 7579 7581
f 7579 2210 7580
f 7581 7580 75
f 7579 7580 7581
f 2209 7578 7574
f 7578 2210 7579
f 7574 7579 2211
f 7578 7579 7574
f 134 7582 7584
f 7582 2212 7583
f 7584 7583 2214
f 7582 7583 7584
f 2212 7585 7587
f 7585 199 7586
f 7587 7586 2213
f 7585 7586 7587
f 2214 7588 7590
f 7588 2213 7589
f 7590 7589 462
f 7588 7589 7590
f 2212 7587 7583
f 7587 2213 7588
f 7583 7588 2214
f 7587 7588 7583
f 147 4151 7592
f 4151 1140 7591
f 7592 7591 2216
f 4151 7591 7592
f 1140 4148 7594
f 4148 811 7593
f 7594 7593 2215
f 4148 7593 7594
f 2216 7595 7597
f 7595 2215 7596
f 7597 7596 522
f 7595 7596 7597
f 1140 7594 7591
f 7594 2215 7595
f 7591 7595 2216
f 7594 7595 7591
f 26 7598 7600
f 7598 2217 7599
f 7600 7599 2218
f 7598 7599 7600
f 2217 7601 7602
f 7601 378 5485
f 7602 5485 1576
f 7601 5485 7602
f 2218 7603 7604
f 7603 1576 5482
f 7604 5482 192
f 7603 5482 7604
f 2217 7602 7599
f 7602 1576 7603
f 7599 7603 2218
f 7602 7603 7599
f 58 7605 6898
f 7605 2219 7606
f 6898 7606 2014
f 7605 7606 6898
f 2219 7607 7609
f 7607 458 7608
f 7609 7608 2220
f 7607 7608 7609
f 2014 7610 6901
f 7610 2220 7611
f 6901 7611 38
f 7610 7611 6901
f 2219 7609 7606
f 7609 2220 7610
f 7606 7610 2014
f 7609 7610 7606
f 452 7612 5079
f 7612 2221 7613
f 5079 7613 1445
f 7612 7613 5079
f 2221 7614 7615
f 7614 333 7065
f 7615 7065 2059
f 7614 7065 7615
f 1445 7616 5082
f 7616 2059 7062
f 5082 7062 379
f 7616 7062 5082
f 2221 7615 7613
f 7615 2059 7616
f 7613 7616 1445
f 7615 7616 7613
f 673 7617 5175
f 7617 2222 7618
f 5175 7618 1476
f 7617 7618 5175
f 2222 7619 7620
f 7619 379 7061
f 7620 7061 2058
f 7619 7061 7620
f 1476 7621 5169
f 7621 2058 7058
f 5169 7058 66
f 7621 7058 5169
f 2222 7620 7618
f 7620 2058 7621
f 7618 7621 1476
f 7620 7621 7618
f 687 7622 7624
f 7622 2223 7623
f 7624 7623 2224
f 7622 7623 7624
f 2223 7625 7626
f 7625 380 6468
f 7626 6468 1883
f 7625 6468 7626
f 2224 7627 7628
f 7627 1883 6465
f 7628 6465 781
f 7627 6465 7628
f 2223 7626 7623
f 7626 1883 7627
f 7623 7627 2224
f 7626 7627 7623
f 756 7629 7631
f 7629 2225 7630
f 7631 7630 2227
f 7629 7630 7631
f 2225 7632 7634
f 7632 829 7633
f 7634 7633 2226
f 7632 7633 7634
f 2227 7635 7637
f 7635 2226 7636
f 7637 7636 36
f 7635 7636 7637
f 2225 7634 7630
f 7634 2226 7635
f 7630 7635 2227
f 7634 7635 7630
f 294 7638 3428
f 7638 2228 7639
f 3428 7639 904
f 7638 7639 3428
f 2228 7640 7642
f 7640 770 7641
f 7642 7641 2229
f 7640 7641 7642
f 904 7643 3422
f 7643 2229 7644
f 3422 7644 696
f 7643 7644 3422
f 2228 7642 7639
f 7642 2229 7643
f 7639 7643 904
f 7642 7643 7639
f 770 6615 7646
f 6615 1928 7645
f 7646 7645 2230
f 6615 7645 7646
f 1928 6612 7647
f 6612 456 6964
f 7647 6964 2032
f 6612 6964 7647
f 2230 7648 7649
f 7648 2032 6961
f 7649 6961 113
f 7648 6961 7649
f 1928 7647 7645
f 7647 2032 7648
f 7645 7648 2230
f 7647 7648 7645
f 382 6652 6675
f 6652 1940 7650
f 6675 7650 1947
f 6652 7650 6675
f 1940 6649 7652
f 6649 510 7651
f 7652 7651 2231
f 6649 7651 7652
f 1947 7653 6669
f 7653 2231 7654
f 6669 7654 229
f 7653 7654 6669
f 1940 7652 7650
f 7652 2231 7653
f 7650 7653 1947
f 7652 7653 7650
f 194 6820 7656
f 6820 1992 7655
f 7656 7655 2232
f 6820 7655 7656
f 1992 6818 7657
f 6818 308 4889
f 7657 4889 1384
f 6818 4889 7657
f 2232 7658 7659
f 7658 1384 4895
f 7659 4895 469
f 7658 4895 7659
f 1992 7657 7655
f 7657 1384 7658
f 7655 7658 2232
f 7657 7658 7655
f 467 4881 7661
f 4881 1379 7660
f 7661 7660 2234
f 4881 7660 7661
f 1379 4878 7663
f 4878 32 7662
f 7663 7662 2233
f 4878 7662 7663
f 2234 7664 7666
f 7664 2233 7665
f 7666 7665 197
f 7664 7665 7666
f 1379 7663 7660
f 7663 2233 7664
f 7660 7664 2234
f 7663 7664 7660
f 62 7667 5837
f 7667 2235 7668
f 5837 7668 1690
f 7667 7668 5837
f 2235 7669 7671
f 7669 318 7670
f 7671 7670 2236
f 7669 7670 7671
f 1690 7672 5831
f 7672 2236 7673
f 5831 7673 384
f 7672 7673 5831
f 2235 7671 7668
f 7671 2236 7672
f 7668 7672 1690
f 7671 7672 7668
f 392 7674 7676
f 7674 2237 7675
f 7676 7675 2238
f 7674 7675 7676
f 2237 7677 7678
f 7677 384 7673
f 7678 7673 2236
f 7677 7673 7678
f 2238 7679 7680
f 7679 2236 7670
f 7680 7670 318
f 7679 7670 7680
f 2237 7678 7675
f 7678 2236 7679
f 7675 7679 2238
f 7678 7679 7675
f 701 7681 4932
f 7681 2239 7682
f 4932 7682 1396
f 7681 7682 4932
f 2239 7683 7684
f 7683 576 7084
f 7684 7084 2065
f 7683 7084 7684
f 1396 7685 4935
f 7685 2065 7081
f 4935 7081 10
f 7685 7081 4935
f 2239 7684 7682
f 7684 2065 7685
f 7682 7685 1396
f 7684 7685 7682
f 504 6434 7687
f 6434 1874 7686
f 7687 7686 2241
f 6434 7686 7687
f 1874 6439 7689
f 6439 729 7688
f 7689 7688 2240
f 6439 7688 7689
f 2241 7690 7692
f 7690 2240 7691
f 7692 7691 3
f 7690 7691 7692
f 1874 7689 7686
f 7689 2240 7690
f 7686 7690 2241
f 7689 7690 7686
f 519 7693 5693
f 7693 2242 7694
f 5693 7694 1644
f 7693 7694 5693
f 2242 7695 7697
f 7695 542 7696
f 7697 7696 2243
f 7695 7696 7697
f 1644 7698 5695
f 7698 2243 7699
f 5695 7699 324
f 7698 7699 5695
f 2242 7697 7694
f 7697 2243 7698
f 7694 7698 1644
f 7697 7698 7694
f 133 7700 7702
f 7700 2244 7701
f 7702 7701 2245
f 7700 7701 7702
f 2244 7703 7704
f 7703 319 6934
f 7704 6934 2024
f 7703 6934 7704
f 2245 7705 7706
f 7705 2024 6931
f 7706 6931 385
f 7705 6931 7706
f 2244 7704 7701
f 7704 2024 7705
f 7701 7705 2245
f 7704 7705 7701
f 99 4369 7708
f 4369 1214 7707
f 7708 7707 2246
f 4369 7707 7708
f 1214 4375 7709
f 4375 386 6351
f 7709 6351 1848
f 4375 6351 7709
f 2246 7710 7711
f 7710 1848 6357
f 7711 6357 272
f 7710 6357 7711
f 1214 7709 7707
f 7709 1848 7710
f 7707 7710 2246
f 7709 7710 7707
f 387 7712 7159
f 7712 2247 7713
f 7159 7713 2088
f 7712 7713 7159
f 2247 7714 7715
f 7714 603 6798
f 7715 6798 1984
f 7714 6798 7715
f 2088 7716 7162
f 7716 1984 6795
f 7162 6795 340
f 7716 6795 7162
f 2247 7715 7713
f 7715 1984 7716
f 7713 7716 2088
f 7715 7716 7713
f 388 7717 7719
f 7717 2248 7718
f 7719 7718 2249
f 7717 7718 7719
f 2248 7720 7721
f 7720 131 4274
f 7721 4274 1183
f 7720 4274 7721
f 2249 7722 7723
f 7722 1183 4280
f 7723 4280 316
f 7722 4280 7723
f 2248 7721 7718
f 7721 1183 7722
f 7718 7722 2249
f 7721 7722 7718
f 389 7724 5097
f 7724 2250 7725
f 5097 7725 1451
f 7724 7725 5097
f 2250 7726 7728
f 7726 452 7727
f 7728 7727 2251
f 7726 7727 7728
f 1451 7729 5100
f 7729 2251 7730
f 5100 7730 804
f 7729 7730 5100
f 2250 7728 7725
f 7728 2251 7729
f 7725 7729 1451
f 7728 7729 7725
f 529 7731 7733
f 7731 2252 7732
f 7733 7732 2254
f 7731 7732 7733
f 2252 7734 7736
f 7734 259 7735
f 7736 7735 2253
f 7734 7735 7736
f 2254 7737 7739
f 7737 2253 7738
f 7739 7738 458
f 7737 7738 7739
f 2252 7736 7732
f 7736 2253 7737
f 7732 7737 2254
f 7736 7737 7732
f 390 6226 4346
f 6226 1811 7740
f 4346 7740 1205
f 6226 7740 4346
f 1811 6232 7742
f 6232 304 7741
f 7742 7741 2255
f 6232 7741 7742
f 1205 7743 4349
f 7743 2255 7744
f 4349 7744 98
f 7743 7744 4349
f 1811 7742 7740
f 7742 2255 7743
f 7740 7743 1205
f 7742 7743 7740
f 390 4352 6731
f 4352 1208 7745
f 6731 7745 1964
f 4352 7745 6731
f 1208 4357 7747
f 4357 107 7746
f 7747 7746 2256
f 4357 7746 7747
f 1964 7748 6734
f 7748 2256 7749
f 6734 7749 261
f 7748 7749 6734
f 1208 7747 7745
f 7747 2256 7748
f 7745 7748 1964
f 7747 7748 7745
f 391 4654 5511
f 4654 1306 7750
f 5511 7750 1585
f 4654 7750 5511
f 1306 4651 7751
f 4651 48 4667
f 7751 4667 1310
f 4651 4667 7751
f 1585 7752 5514
f 7752 1310 4664
f 5514 4664 258
f 7752 4664 5514
f 1306 7751 7750
f 7751 1310 7752
f 7750 7752 1585
f 7751 7752 7750
f 391 6197 7754
f 6197 1802 7753
f 7754 7753 2257
f 6197 7753 7754
f 1802 6202 7755
f 6202 63 4622
f 7755 4622 1295
f 6202 4622 7755
f 2257 7756 7757
f 7756 1295 4619
f 7757 4619 604
f 7756 4619 7757
f 1802 7755 7753
f 7755 1295 7756
f 7753 7756 2257
f 7755 7756 7753
f 467 7758 4882
f 7758 2258 7759
f 4882 7759 1380
f 7758 7759 4882
f 2258 7760 7761
f 7760 27 4901
f 7761 4901 1385
f 7760 4901 7761
f 1380 7762 4885
f 7762 1385 4898
f 4885 4898 383
f 7762 4898 4885
f 2258 7761 7759
f 7761 1385 7762
f 7759 7762 1380
f 7761 7762 7759
f 384 7677 7764
f 7677 2237 7763
f 7764 7763 2259
f 7677 7763 7764
f 2237 7674 7765
f 7674 392 5553
f 7765 5553 1597
f 7674 5553 7765
f 2259 7766 7767
f 7766 1597 5550
f 7767 5550 46
f 7766 5550 7767
f 2237 7765 7763
f 7765 1597 7766
f 7763 7766 2259
f 7765 7766 7763
f 322 6948 7769
f 6948 2027 7768
f 7769 7768 2261
f 6948 7768 7769
f 2027 6945 7771
f 6945 253 7770
f 7771 7770 2260
f 6945 7770 7771
f 2261 7772 7774
f 7772 2260 7773
f 7774 7773 52
f 7772 7773 7774
f 2027 7771 7768
f 7771 2260 7772
f 7768 7772 2261
f 7771 7772 7768
f 393 7775 7777
f 7775 2262 7776
f 7777 7776 2264
f 7775 7776 7777
f 2262 7778 7780
f 7778 72 7779
f 7780 7779 2263
f 7778 7779 7780
f 2264 7781 7783
f 7781 2263 7782
f 7783 7782 468
f 7781 7782 7783
f 2262 7780 7776
f 7780 2263 7781
f 7776 7781 2264
f 7780 7781 7776
f 674 7784 7002
f 7784 2265 7785
f 7002 7785 2043
f 7784 7785 7002
f 2265 7786 7788
f 7786 821 7787
f 7788 7787 2266
f 7786 7787 7788
f 2043 7789 7005
f 7789 2266 7790
f 7005 7790 88
f 7789 7790 7005
f 2265 7788 7785
f 7788 2266 7789
f 7785 7789 2043
f 7788 7789 7785
f 395 6159 7792
f 6159 1791 7791
f 7792 7791 2267
f 6159 7791 7792
f 1791 6165 7793
f 6165 120 3702
f 7793 3702 995
f 6165 3702 7793
f 2267 7794 7795
f 7794 995 3699
f 7795 3699 257
f 7794 3699 7795
f 1791 7793 7791
f 7793 995 7794
f 7791 7794 2267
f 7793 7794 7791
f 396 7796 5527
f 7796 2268 7797
f 5527 7797 1590
f 7796 7797 5527
f 2268 7798 7800
f 7798 321 7799
f 7800 7799 2269
f 7798 7799 7800
f 1590 7801 5530
f 7801 2269 7802
f 5530 7802 31
f 7801 7802 5530
f 2268 7800 7797
f 7800 2269 7801
f 7797 7801 1590
f 7800 7801 7797
f 396 7803 6832
f 7803 2270 7804
f 6832 7804 1996
f 7803 7804 6832
f 2270 7805 7806
f 7805 310 5108
f 7806 5108 1454
f 7805 5108 7806
f 1996 7807 6835
f 7807 1454 5106
f 6835 5106 804
f 7807 5106 6835
f 2270 7806 7804
f 7806 1454 7807
f 7804 7807 1996
f 7806 7807 7804
f 477 5682 7809
f 5682 1639 7808
f 7809 7808 2271
f 5682 7808 7809
f 1639 5679 7810
f 5679 540 5576
f 7810 5576 1605
f 5679 5576 7810
f 2271 7811 7812
f 7811 1605 5573
f 7812 5573 313
f 7811 5573 7812
f 1639 7810 7808
f 7810 1605 7811
f 7808 7811 2271
f 7810 7811 7808
f 783 7813 7815
f 7813 2272 7814
f 7815 7814 2273
f 7813 7814 7815
f 2272 7816 7817
f 7816 302 5918
f 7817 5918 1715
f 7816 5918 7817
f 2273 7818 7819
f 7818 1715 5915
f 7819 5915 44
f 7818 5915 7819
f 2272 7817 7814
f 7817 1715 7818
f 7814 7818 2273
f 7817 7818 7814
f 398 6720 5255
f 6720 1960 7820
f 5255 7820 1503
f 6720 7820 5255
f 1960 6717 7822
f 6717 67 7821
f 7822 7821 2274
f 6717 7821 7822
f 1503 7823 5258
f 7823 2274 7824
f 5258 7824 72
f 7823 7824 5258
f 1960 7822 7820
f 7822 2274 7823
f 7820 7823 1503
f 7822 7823 7820
f 250 7825 7827
f 7825 2275 7826
f 7827 7826 2277
f 7825 7826 7827
f 2275 7828 7830
f 7828 586 7829
f 7830 7829 2276
f 7828 7829 7830
f 2277 7831 7833
f 7831 2276 7832
f 7833 7832 33
f 7831 7832 7833
f 2275 7830 7826
f 7830 2276 7831
f 7826 7831 2277
f 7830 7831 7826
f 399 7010 5586
f 7010 2044 7834
f 5586 7834 1609
f 7010 7834 5586
f 2044 7007 7835
f 7007 87 6276
f 7835 6276 1822
f 7007 6276 7835
f 1609 7836 5589
f 7836 1822 6273
f 5589 6273 200
f 7836 6273 5589
f 2044 7835 7834
f 7835 1822 7836
f 7834 7836 1609
f 7835 7836 7834
f 444 7837 7839
f 7837 2278 7838
f 7839 7838 2280
f 7837 7838 7839
f 2278 7840 7842
f 7840 93 7841
f 7842 7841 2279
f 7840 7841 7842
f 2280 7843 7845
f 7843 2279 7844
f 7845 7844 600
f 7843 7844 7845
f 2278 7842 7838
f 7842 2279 7843
f 7838 7843 2280
f 7842 7843 7838
f 428 7846 7848
f 7846 2281 7847
f 7848 7847 2282
f 7846 7847 7848
f 2281 7849 7850
f 7849 644 3332
f 7850 3332 874
f 7849 3332 7850
f 2282 7851 7852
f 7851 874 3338
f 7852 3338 177
f 7851 3338 7852
f 2281 7850 7847
f 7850 874 7851
f 7847 7851 2282
f 7850 7851 7847
f 785 7044 6161
f 7044 2053 7853
f 6161 7853 1790
f 7044 7853 6161
f 2053 7041 7854
f 7041 401 5464
f 7854 5464 1569
f 7041 5464 7854
f 1790 7855 6164
f 7855 1569 5461
f 6164 5461 120
f 7855 5461 6164
f 2053 7854 7853
f 7854 1569 7855
f 7853 7855 1790
f 7854 7855 7853
f 257 3701 6024
f 3701 997 7856
f 6024 7856 1749
f 3701 7856 6024
f 997 3707 7857
f 3707 589 3693
f 7857 3693 992
f 3707 3693 7857
f 1749 7858 6018
f 7858 992 3690
f 6018 3690 130
f 7858 3690 6018
f 997 7857 7856
f 7857 992 7858
f 7856 7858 1749
f 7857 7858 7856
f 199 7859 7586
f 7859 2283 7860
f 7586 7860 2213
f 7859 7860 7586
f 2283 7861 7863
f 7861 481 7862
f 7863 7862 2284
f 7861 7862 7863
f 2213 7864 7589
f 7864 2284 7865
f 7589 7865 462
f 7864 7865 7589
f 2283 7863 7860
f 7863 2284 7864
f 7860 7864 2213
f 7863 7864 7860
f 402 5566 7867
f 5566 1604 7866
f 7867 7866 2286
f 5566 7866 7867
f 1604 5572 7869
f 5572 330 7868
f 7869 7868 2285
f 5572 7868 7869
f 2286 7870 7872
f 7870 2285 7871
f 7872 7871 465
f 7870 7871 7872
f 1604 7869 7866
f 7869 2285 7870
f 7866 7870 2286
f 7869 7870 7866
f 458 7873 7739
f 7873 2287 7874
f 7739 7874 2254
f 7873 7874 7739
f 2287 7875 7877
f 7875 403 7876
f 7877 7876 2288
f 7875 7876 7877
f 2254 7878 7733
f 7878 2288 7879
f 7733 7879 529
f 7878 7879 7733
f 2287 7877 7874
f 7877 2288 7878
f 7874 7878 2254
f 7877 7878 7874
f 516 7880 7882
f 7880 2289 7881
f 7882 7881 2291
f 7880 7881 7882
f 2289 7883 7885
f 7883 404 7884
f 7885 7884 2290
f 7883 7884 7885
f 2291 7886 7888
f 7886 2290 7887
f 7888 7887 677
f 7886 7887 7888
f 2289 7885 7881
f 7885 2290 7886
f 7881 7886 2291
f 7885 7886 7881
f 404 4905 7890
f 4905 1389 7889
f 7890 7889 2293
f 4905 7889 7890
f 1389 4911 7892
f 4911 478 7891
f 7892 7891 2292
f 4911 7891 7892
f 2293 7893 7895
f 7893 2292 7894
f 7895 7894 292
f 7893 7894 7895
f 1389 7892 7889
f 7892 2292 7893
f 7889 7893 2293
f 7892 7893 7889
f 406 5603 7115
f 5603 1614 7896
f 7115 7896 2074
f 5603 7896 7115
f 1614 5600 7897
f 5600 61 4944
f 7897 4944 1399
f 5600 4944 7897
f 2074 7898 7110
f 7898 1399 4941
f 7110 4941 336
f 7898 4941 7110
f 1614 7897 7896
f 7897 1399 7898
f 7896 7898 2074
f 7897 7898 7896
f 406 7899 5604
f 7899 2294 7900
f 5604 7900 1615
f 7899 7900 5604
f 2294 7901 7902
f 7901 455 5616
f 7902 5616 1618
f 7901 5616 7902
f 1615 7903 5607
f 7903 1618 5613
f 5607 5613 202
f 7903 5613 5607
f 2294 7902 7900
f 7902 1618 7903
f 7900 7903 1615
f 7902 7903 7900
f 141 3870 7905
f 3870 1048 7904
f 7905 7904 2295
f 3870 7904 7905
f 1048 3867 7906
f 3867 327 6114
f 7906 6114 1779
f 3867 6114 7906
f 2295 7907 7908
f 7907 1779 6120
f 7908 6120 195
f 7907 6120 7908
f 1048 7906 7904
f 7906 1779 7907
f 7904 7907 2295
f 7906 7907 7904
f 660 7909 7911
f 7909 2296 7910
f 7911 7910 2298
f 7909 7910 7911
f 2296 7912 7914
f 7912 224 7913
f 7914 7913 2297
f 7912 7913 7914
f 2298 7915 7917
f 7915 2297 7916
f 7917 7916 283
f 7915 7916 7917
f 2296 7914 7910
f 7914 2297 7915
f 7910 7915 2298
f 7914 7915 7910
f 123 7918 5848
f 7918 2299 7919
f 5848 7919 1694
f 7918 7919 5848
f 2299 7920 7921
f 7920 254 3979
f 7921 3979 1083
f 7920 3979 7921
f 1694 7922 5851
f 7922 1083 3976
f 5851 3976 408
f 7922 3976 5851
f 2299 7921 7919
f 7921 1083 7922
f 7919 7922 1694
f 7921 7922 7919
f 409 6290 7924
f 6290 1827 7923
f 7924 7923 2301
f 6290 7923 7924
f 1827 6287 7926
f 6287 726 7925
f 7926 7925 2300
f 6287 7925 7926
f 2301 7927 7929
f 7927 2300 7928
f 7929 7928 268
f 7927 7928 7929
f 1827 7926 7923
f 7926 2300 7927
f 7923 7927 2301
f 7926 7927 7923
f 476 7930 3945
f 7930 2302 7931
f 3945 7931 1073
f 7930 7931 3945
f 2302 7932 7933
f 7932 337 7125
f 7933 7125 2079
f 7932 7125 7933
f 1073 7934 3948
f 7934 2079 7131
f 3948 7131 410
f 7934 7131 3948
f 2302 7933 7931
f 7933 2079 7934
f 7931 7934 1073
f 7933 7934 7931
f 61 5036 4945
f 5036 1432 7935
f 4945 7935 1400
f 5036 7935 4945
f 1432 5042 7937
f 5042 676 7936
f 7937 7936 2303
f 5042 7936 7937
f 1400 7938 4939
f 7938 2303 7939
f 4939 7939 206
f 7938 7939 4939
f 1432 7937 7935
f 7937 2303 7938
f 7935 7938 1400
f 7937 7938 7935
f 323 7940 5038
f 7940 2304 7941
f 5038 7941 1431
f 7940 7941 5038
f 2304 7942 7944
f 7942 807 7943
f 7944 7943 2305
f 7942 7943 7944
f 1431 7945 5041
f 7945 2305 7946
f 5041 7946 676
f 7945 7946 5041
f 2304 7944 7941
f 7944 2305 7945
f 7941 7945 1431
f 7944 7945 7941
f 56 7947 6960
f 7947 2306 7948
f 6960 7948 2031
f 7947 7948 6960
f 2306 7949 7951
f 7949 518 7950
f 7951 7950 2307
f 7949 7950 7951
f 2031 7952 6955
f 7952 2307 7953
f 6955 7953 68
f 7952 7953 6955
f 2306 7951 7948
f 7951 2307 7952
f 7948 7952 2031
f 7951 7952 7948
f 412 6332 7955
f 6332 1842 7954
f 7955 7954 2309
f 6332 7954 7955
f 1842 6336 7957
f 6336 208 7956
f 7957 7956 2308
f 6336 7956 7957
f 2309 7958 7960
f 7958 2308 7959
f 7960 7959 76
f 7958 7959 7960
f 1842 7957 7954
f 7957 2308 7958
f 7954 7958 2309
f 7957 7958 7954
f 171 7961 4078
f 7961 2310 7962
f 4078 7962 1117
f 7961 7962 4078
f 2310 7963 7965
f 7963 413 7964
f 7965 7964 2311
f 7963 7964 7965
f 1117 7966 4081
f 7966 2311 7967
f 4081 7967 227
f 7966 7967 4081
f 2310 7965 7962
f 7965 2311 7966
f 7962 7966 1117
f 7965 7966 7962
f 460 7968 7970
f 7968 2312 7969
f 7970 7969 2314
f 7968 7969 7970
f 2312 7971 7973
f 7971 290 7972
f 7973 7972 2313
f 7971 7972 7973
f 2314 7974 7976
f 7974 2313 7975
f 7976 7975 415
f 7974 7975 7976
f 2312 7973 7969
f 7973 2313 7974
f 7969 7974 2314
f 7973 7974 7969
f 550 7977 4703
f 7977 2315 7978
f 4703 7978 1323
f 7977 7978 4703
f 2315 7979 7980
f 7979 270 7151
f 7980 7151 2085
f 7979 7151 7980
f 1323 7981 4706
f 7981 2085 7148
f 4706 7148 339
f 7981 7148 4706
f 2315 7980 7978
f 7980 2085 7981
f 7978 7981 1323
f 7980 7981 7978
f 221 7982 3640
f 7982 2316 7983
f 3640 7983 975
f 7982 7983 3640
f 2316 7984 7985
f 7984 97 3270
f 7985 3270 851
f 7984 3270 7985
f 975 7986 3643
f 7986 851 3267
f 3643 3267 369
f 7986 3267 3643
f 2316 7985 7983
f 7985 851 7986
f 7983 7986 975
f 7985 7986 7983
f 405 7987 6886
f 7987 2317 7988
f 6886 7988 2010
f 7987 7988 6886
f 2317 7989 7990
f 7989 173 7449
f 7990 7449 2172
f 7989 7449 7990
f 2010 7991 6889
f 7991 2172 7446
f 6889 7446 166
f 7991 7446 6889
f 2317 7990 7988
f 7990 2172 7991
f 7988 7991 2010
f 7990 7991 7988
f 176 7992 7994
f 7992 2318 7993
f 7994 7993 2320
f 7992 7993 7994
f 2318 7995 7997
f 7995 490 7996
f 7997 7996 2319
f 7995 7996 7997
f 2320 7998 8000
f 7998 2319 7999
f 8000 7999 575
f 7998 7999 8000
f 2318 7997 7993
f 7997 2319 7998
f 7993 7998 2320
f 7997 7998 7993
f 211 4270 4233
f 4270 1179 8001
f 4233 8001 1168
f 4270 8001 4233
f 1179 4267 8003
f 4267 121 8002
f 8003 8002 2321
f 4267 8002 8003
f 1168 8004 4236
f 8004 2321 8005
f 4236 8005 117
f 8004 8005 4236
f 1179 8003 8001
f 8003 2321 8004
f 8001 8004 1168
f 8003 8004 8001
f 638 8006 8008
f 8006 2322 8007
f 8008 8007 2324
f 8006 8007 8008
f 2322 8009 8011
f 8009 581 8010
f 8011 8010 2323
f 8009 8010 8011
f 2324 8012 8014
f 8012 2323 8013
f 8014 8013 14
f 8012 8013 8014
f 2322 8011 8007
f 8011 2323 8012
f 8007 8012 2324
f 8011 8012 8007
f 9 8015 8017
f 8015 2325 8016
f 8017 8016 2327
f 8015 8016 8017
f 2325 8018 8020
f 8018 780 8019
f 8020 8019 2326
f 8018 8019 8020
f 2327 8021 8023
f 8021 2326 8022
f 8023 8022 567
f 8021 8022 8023
f 2325 8020 8016
f 8020 2326 8021
f 8016 8021 2327
f 8020 8021 8016
f 380 7625 8025
f 7625 2223 8024
f 8025 8024 2329
f 7625 8024 8025
f 2223 7622 8027
f 7622 687 8026
f 8027 8026 2328
f 7622 8026 8027
f 2329 8028 8030
f 8028 2328 8029
f 8030 8029 606
f 8028 8029 8030
f 2223 8027 8024
f 8027 2328 8028
f 8024 8028 2329
f 8027 8028 8024
f 483 8031 8033
f 8031 2330 8032
f 8033 8032 2332
f 8031 8032 8033
f 2330 8034 8036
f 8034 799 8035
f 8036 8035 2331
f 8034 8035 8036
f 2332 8037 8039
f 8037 2331 8038
f 8039 8038 755
f 8037 8038 8039
f 2330 8036 8032
f 8036 2331 8037
f 8032 8037 2332
f 8036 8037 8032
f 283 8040 8042
f 8040 2333 8041
f 8042 8041 2335
f 8040 8041 8042
f 2333 8043 8045
f 8043 772 8044
f 8045 8044 2334
f 8043 8044 8045
f 2335 8046 8048
f 8046 2334 8047
f 8048 8047 566
f 8046 8047 8048
f 2333 8045 8041
f 8045 2334 8046
f 8041 8046 2335
f 8045 8046 8041
f 772 5798 8050
f 5798 1677 8049
f 8050 8049 2337
f 5798 8049 8050
f 1677 5795 8052
f 5795 649 8051
f 8052 8051 2336
f 5795 8051 8052
f 2337 8053 8055
f 8053 2336 8054
f 8055 8054 775
f 8053 8054 8055
f 1677 8052 8049
f 8052 2336 8053
f 8049 8053 2337
f 8052 8053 8049
f 95 8056 3464
f 8056 2338 8057
f 3464 8057 916
f 8056 8057 3464
f 2338 8058 8059
f 8058 497 6447
f 8059 6447 1876
f 8058 6447 8059
f 916 8060 3458
f 8060 1876 6444
f 3458 6444 420
f 8060 6444 3458
f 2338 8059 8057
f 8059 1876 8060
f 8057 8060 916
f 8059 8060 8057
f 719 8061 8063
f 8061 2339 8062
f 8063 8062 2341
f 8061 8062 8063
f 2339 8064 8066
f 8064 577 8065
f 8066 8065 2340
f 8064 8065 8066
f 2341 8067 8069
f 8067 2340 8068
f 8069 8068 83
f 8067 8068 8069
f 2339 8066 8062
f 8066 2340 8067
f 8062 8067 2341
f 8066 8067 8062
f 646 8070 4596
f 8070 2342 8071
f 4596 8071 1287
f 8070 8071 4596
f 2342 8072 8074
f 8072 691 8073
f 8074 8073 2343
f 8072 8073 8074
f 1287 8075 4590
f 8075 2343 8076
f 4590 8076 82
f 8075 8076 4590
f 2342 8074 8071
f 8074 2343 8075
f 8071 8075 1287
f 8074 8075 8071
f 532 8077 4086
f 8077 2344 8078
f 4086 8078 1119
f 8077 8078 4086
f 2344 8079 8081
f 8079 723 8080
f 8081 8080 2345
f 8079 8080 8081
f 1119 8082 4080
f 8082 2345 8083
f 4080 8083 171
f 8082 8083 4080
f 2344 8081 8078
f 8081 2345 8082
f 8078 8082 1119
f 8081 8082 8078
f 820 8084 8086
f 8084 2346 8085
f 8086 8085 2347
f 8084 8085 8086
f 2346 8087 8088
f 8087 170 4067
f 8088 4067 1112
f 8087 4067 8088
f 2347 8089 8090
f 8089 1112 4064
f 8090 4064 563
f 8089 4064 8090
f 2346 8088 8085
f 8088 1112 8089
f 8085 8089 2347
f 8088 8089 8085
f 818 8091 8093
f 8091 2348 8092
f 8093 8092 2350
f 8091 8092 8093
f 2348 8094 8096
f 8094 669 8095
f 8096 8095 2349
f 8094 8095 8096
f 2350 8097 8099
f 8097 2349 8098
f 8099 8098 617
f 8097 8098 8099
f 2348 8096 8092
f 8096 2349 8097
f 8092 8097 2350
f 8096 8097 8092
f 636 8100 8102
f 8100 2351 8101
f 8102 8101 2352
f 8100 8101 8102
f 2351 8103 8104
f 8103 602 5709
f 8104 5709 1650
f 8103 5709 8104
f 2352 8105 8106
f 8105 1650 5715
f 8106 5715 341
f 8105 5715 8106
f 2351 8104 8101
f 8104 1650 8105
f 8101 8105 2352
f 8104 8105 8101
f 732 8107 8109
f 8107 2353 8108
f 8109 8108 2355
f 8107 8108 8109
f 2353 8110 8112
f 8110 344 8111
f 8112 8111 2354
f 8110 8111 8112
f 2355 8113 8115
f 8113 2354 8114
f 8115 8114 561
f 8113 8114 8115
f 2353 8112 8108
f 8112 2354 8113
f 8108 8113 2355
f 8112 8113 8108
f 279 6427 8117
f 6427 1870 8116
f 8117 8116 2357
f 6427 8116 8117
f 1870 6424 8119
f 6424 733 8118
f 8119 8118 2356
f 6424 8118 8119
f 2357 8120 8122
f 8120 2356 8121
f 8122 8121 423
f 8120 8121 8122
f 1870 8119 8116
f 8119 2356 8120
f 8116 8120 2357
f 8119 8120 8116
f 562 8123 8125
f 8123 2358 8124
f 8125 8124 2360
f 8123 8124 8125
f 2358 8126 8128
f 8126 793 8127
f 8128 8127 2359
f 8126 8127 8128
f 2360 8129 8131
f 8129 2359 8130
f 8131 8130 759
f 8129 8130 8131
f 2358 8128 8124
f 8128 2359 8129
f 8124 8129 2360
f 8128 8129 8124
f 425 8132 8134
f 8132 2361 8133
f 8134 8133 2362
f 8132 8133 8134
f 2361 8135 8136
f 8135 11 6517
f 8136 6517 1898
f 8135 6517 8136
f 2362 8137 8138
f 8137 1898 6514
f 8138 6514 216
f 8137 6514 8138
f 2361 8136 8133
f 8136 1898 8137
f 8133 8137 2362
f 8136 8137 8133
f 745 8139 8141
f 8139 2363 8140
f 8141 8140 2365
f 8139 8140 8141
f 2363 8142 8144
f 8142 349 8143
f 8144 8143 2364
f 8142 8143 8144
f 2365 8145 8147
f 8145 2364 8146
f 8147 8146 13
f 8145 8146 8147
f 2363 8144 8140
f 8144 2364 8145
f 8140 8145 2365
f 8144 8145 8140
f 543 8148 8150
f 8148 2366 8149
f 8150 8149 2367
f 8148 8149 8150
f 2366 8151 8152
f 8151 739 7280
f 8152 7280 2123
f 8151 7280 8152
f 2367 8153 8154
f 8153 2123 7277
f 8154 7277 426
f 8153 7277 8154
f 2366 8152 8149
f 8152 2123 8153
f 8149 8153 2367
f 8152 8153 8149
f 801 8155 8157
f 8155 2368 8156
f 8157 8156 2370
f 8155 8156 8157
f 2368 8158 8160
f 8158 837 8159
f 8160 8159 2369
f 8158 8159 8160
f 2370 8161 8163
f 8161 2369 8162
f 8163 8162 214
f 8161 8162 8163
f 2368 8160 8156
f 8160 2369 8161
f 8156 8161 2370
f 8160 8161 8156
f 557 8164 8166
f 8164 2371 8165
f 8166 8165 2373
f 8164 8165 8166
f 2371 8167 8169
f 8167 816 8168
f 8169 8168 2372
f 8167 8168 8169
f 2373 8170 8172
f 8170 2372 8171
f 8172 8171 119
f 8170 8171 8172
f 2371 8169 8165
f 8169 2372 8170
f 8165 8170 2373
f 8169 8170 8165
f 808 8173 7321
f 8173 2374 8174
f 7321 8174 2135
f 8173 8174 7321
f 2374 8175 8177
f 8175 427 8176
f 8177 8176 2375
f 8175 8176 8177
f 2135 8178 7316
f 8178 2375 8179
f 7316 8179 142
f 8178 8179 7316
f 2374 8177 8174
f 8177 2375 8178
f 8174 8178 2135
f 8177 8178 8174
f 495 8180 7298
f 8180 2376 8181
f 7298 8181 2129
f 8180 8181 7298
f 2376 8182 8184
f 8182 722 8183
f 8184 8183 2377
f 8182 8183 8184
f 2129 8185 7301
f 8185 2377 8186
f 7301 8186 428
f 8185 8186 7301
f 2376 8184 8181
f 8184 2377 8185
f 8181 8185 2129
f 8184 8185 8181
f 129 8187 8189
f 8187 2378 8188
f 8189 8188 2379
f 8187 8188 8189
f 2378 8190 8191
f 8190 365 6360
f 8191 6360 1850
f 8190 6360 8191
f 2379 8192 8193
f 8192 1850 6364
f 8193 6364 273
f 8192 6364 8193
f 2378 8191 8188
f 8191 1850 8192
f 8188 8192 2379
f 8191 8192 8188
f 429 8194 8196
f 8194 2380 8195
f 8196 8195 2382
f 8194 8195 8196
f 2380 8197 8199
f 8197 513 8198
f 8199 8198 2381
f 8197 8198 8199
f 2382 8200 8202
f 8200 2381 8201
f 8202 8201 149
f 8200 8201 8202
f 2380 8199 8195
f 8199 2381 8200
f 8195 8200 2382
f 8199 8200 8195
f 757 8203 8205
f 8203 2383 8204
f 8205 8204 2385
f 8203 8204 8205
f 2383 8206 8208
f 8206 187 8207
f 8208 8207 2384
f 8206 8207 8208
f 2385 8209 8211
f 8209 2384 8210
f 8211 8210 479
f 8209 8210 8211
f 2383 8208 8204
f 8208 2384 8209
f 8204 8209 2385
f 8208 8209 8204
f 236 8212 7092
f 8212 2386 8213
f 7092 8213 2068
f 8212 8213 7092
f 2386 8214 8216
f 8214 659 8215
f 8216 8215 2387
f 8214 8215 8216
f 2068 8217 7095
f 8217 2387 8218
f 7095 8218 579
f 8217 8218 7095
f 2386 8216 8213
f 8216 2387 8217
f 8213 8217 2068
f 8216 8217 8213
f 431 8219 8221
f 8219 2388 8220
f 8221 8220 2390
f 8219 8220 8221
f 2388 8222 8224
f 8222 22 8223
f 8224 8223 2389
f 8222 8223 8224
f 2390 8225 8227
f 8225 2389 8226
f 8227 8226 360
f 8225 8226 8227
f 2388 8224 8220
f 8224 2389 8225
f 8220 8225 2390
f 8224 8225 8220
f 255 8228 8230
f 8228 2391 8229
f 8230 8229 2393
f 8228 8229 8230
f 2391 8231 8233
f 8231 153 8232
f 8233 8232 2392
f 8231 8232 8233
f 2393 8234 8236
f 8234 2392 8235
f 8236 8235 704
f 8234 8235 8236
f 2391 8233 8229
f 8233 2392 8234
f 8229 8234 2393
f 8233 8234 8229
f 193 6738 5995
f 6738 1966 8237
f 5995 8237 1740
f 6738 8237 5995
f 1966 6736 8238
f 6736 595 4302
f 8238 4302 1190
f 6736 4302 8238
f 1740 8239 5998
f 8239 1190 4299
f 5998 4299 238
f 8239 4299 5998
f 1966 8238 8237
f 8238 1190 8239
f 8237 8239 1740
f 8238 8239 8237
f 116 8240 8242
f 8240 2394 8241
f 8242 8241 2396
f 8240 8241 8242
f 2394 8243 8245
f 8243 822 8244
f 8245 8244 2395
f 8243 8244 8245
f 2396 8246 8248
f 8246 2395 8247
f 8248 8247 496
f 8246 8247 8248
f 2394 8245 8241
f 8245 2395 8246
f 8241 8246 2396
f 8245 8246 8241
f 232 8249 8251
f 8249 2397 8250
f 8251 8250 2398
f 8249 8250 8251
f 2397 8252 8253
f 8252 810 6715
f 8253 6715 1961
f 8252 6715 8253
f 2398 8254 8255
f 8254 1961 6721
f 8255 6721 398
f 8254 6721 8255
f 2397 8253 8250
f 8253 1961 8254
f 8250 8254 2398
f 8253 8254 8250
f 776 4581 8257
f 4581 1284 8256
f 8257 8256 2400
f 4581 8256 8257
f 1284 4587 8259
f 4587 60 8258
f 8259 8258 2399
f 4587 8258 8259
f 2400 8260 8262
f 8260 2399 8261
f 8262 8261 506
f 8260 8261 8262
f 1284 8259 8256
f 8259 2399 8260
f 8256 8260 2400
f 8259 8260 8256
f 756 8263 8265
f 8263 2401 8264
f 8265 8264 2402
f 8263 8264 8265
f 2401 8266 8267
f 8266 289 3607
f 8267 3607 963
f 8266 3607 8267
f 2402 8268 8269
f 8268 963 3604
f 8269 3604 434
f 8268 3604 8269
f 2401 8267 8264
f 8267 963 8268
f 8264 8268 2402
f 8267 8268 8264
f 503 8270 8272
f 8270 2403 8271
f 8272 8271 2404
f 8270 8271 8272
f 2403 8273 8274
f 8273 608 7532
f 8274 7532 2197
f 8273 7532 8274
f 2404 8275 8276
f 8275 2197 7529
f 8276 7529 94
f 8275 7529 8276
f 2403 8274 8271
f 8274 2197 8275
f 8271 8275 2404
f 8274 8275 8271
f 357 4442 8278
f 4442 1236 8277
f 8278 8277 2406
f 4442 8277 8278
f 1236 4439 8280
f 4439 435 8279
f 8280 8279 2405
f 4439 8279 8280
f 2406 8281 8283
f 8281 2405 8282
f 8283 8282 96
f 8281 8282 8283
f 1236 8280 8277
f 8280 2405 8281
f 8277 8281 2406
f 8280 8281 8277
f 305 4173 4201
f 4173 1147 8284
f 4201 8284 1157
f 4173 8284 4201
f 1147 4170 8286
f 4170 539 8285
f 8286 8285 2407
f 4170 8285 8286
f 1157 8287 4195
f 8287 2407 8288
f 4195 8288 436
f 8287 8288 4195
f 1147 8286 8284
f 8286 2407 8287
f 8284 8287 1157
f 8286 8287 8284
f 362 8289 4192
f 8289 2408 8290
f 4192 8290 1154
f 8289 8290 4192
f 2408 8291 8292
f 8291 594 6789
f 8292 6789 1981
f 8291 6789 8292
f 1154 8293 4186
f 8293 1981 6786
f 4186 6786 436
f 8293 6786 4186
f 2408 8292 8290
f 8292 1981 8293
f 8290 8293 1154
f 8292 8293 8290
f 672 8294 8296
f 8294 2409 8295
f 8296 8295 2410
f 8294 8295 8296
f 2409 8297 8298
f 8297 720 3526
f 8298 3526 936
f 8297 3526 8298
f 2410 8299 8300
f 8299 936 3523
f 8300 3523 619
f 8299 3523 8300
f 2409 8298 8295
f 8298 936 8299
f 8295 8299 2410
f 8298 8299 8295
f 510 8301 7651
f 8301 2411 8302
f 7651 8302 2231
f 8301 8302 7651
f 2411 8303 8305
f 8303 660 8304
f 8305 8304 2412
f 8303 8304 8305
f 2231 8306 7654
f 8306 2412 8307
f 7654 8307 229
f 8306 8307 7654
f 2411 8305 8302
f 8305 2412 8306
f 8302 8306 2231
f 8305 8306 8302
f 439 8308 3573
f 8308 2413 8309
f 3573 8309 953
f 8308 8309 3573
f 2413 8310 8312
f 8310 492 8311
f 8312 8311 2414
f 8310 8311 8312
f 953 8313 3576
f 8313 2414 8314
f 3576 8314 657
f 8313 8314 3576
f 2413 8312 8309
f 8312 2414 8313
f 8309 8313 953
f 8312 8313 8309
f 102 8315 4402
f 8315 2415 8316
f 4402 8316 1223
f 8315 8316 4402
f 2415 8317 8318
f 8317 101 4378
f 8318 4378 1217
f 8317 4378 8318
f 1223 8319 4396
f 8319 1217 4384
f 4396 4384 260
f 8319 4384 4396
f 2415 8318 8316
f 8318 1217 8319
f 8316 8319 1223
f 8318 8319 8316
f 276 6374 8321
f 6374 1855 8320
f 8321 8320 2417
f 6374 8320 8321
f 1855 6380 8323
f 6380 690 8322
f 8323 8322 2416
f 6380 8322 8323
f 2417 8324 8326
f 8324 2416 8325
f 8326 8325 441
f 8324 8325 8326
f 1855 8323 8320
f 8323 2416 8324
f 8320 8324 2417
f 8323 8324 8320
f 798 3405 8328
f 3405 896 8327
f 8328 8327 2419
f 3405 8327 8328
f 896 3402 8330
f 3402 441 8329
f 8330 8329 2418
f 3402 8329 8330
f 2419 8331 8333
f 8331 2418 8332
f 8333 8332 629
f 8331 8332 8333
f 896 8330 8327
f 8330 2418 8331
f 8327 8331 2419
f 8330 8331 8327
f 36 8334 8336
f 8334 2420 8335
f 8336 8335 2421
f 8334 8335 8336
f 2420 8337 8338
f 8337 220 5766
f 8338 5766 1666
f 8337 5766 8338
f 2421 8339 8340
f 8339 1666 5763
f 8340 5763 442
f 8339 5763 8340
f 2420 8338 8335
f 8338 1666 8339
f 8335 8339 2421
f 8338 8339 8335
f 611 8341 8343
f 8341 2422 8342
f 8343 8342 2424
f 8341 8342 8343
f 2422 8344 8346
f 8344 677 8345
f 8346 8345 2423
f 8344 8345 8346
f 2424 8347 8349
f 8347 2423 8348
f 8349 8348 746
f 8347 8348 8349
f 2422 8346 8342
f 8346 2423 8347
f 8342 8347 2424
f 8346 8347 8342
f 131 8350 8352
f 8350 2425 8351
f 8352 8351 2426
f 8350 8351 8352
f 2425 8353 8354
f 8353 590 4164
f 8354 4164 1144
f 8353 4164 8354
f 2426 8355 8356
f 8355 1144 4161
f 8356 4161 443
f 8355 4161 8356
f 2425 8354 8351
f 8354 1144 8355
f 8351 8355 2426
f 8354 8355 8351
f 14 8357 8359
f 8357 2427 8358
f 8359 8358 2428
f 8357 8358 8359
f 2427 8360 8361
f 8360 363 5142
f 8361 5142 1467
f 8360 5142 8361
f 2428 8362 8363
f 8362 1467 5148
f 8363 5148 445
f 8362 5148 8363
f 2427 8361 8358
f 8361 1467 8362
f 8358 8362 2428
f 8361 8362 8358
f 445 5147 8365
f 5147 1466 8364
f 8365 8364 2429
f 5147 8364 8365
f 1466 5144 8366
f 5144 21 5968
f 8366 5968 1733
f 5144 5968 8366
f 2429 8367 8368
f 8367 1733 5974
f 8368 5974 659
f 8367 5974 8368
f 1466 8366 8364
f 8366 1733 8367
f 8364 8367 2429
f 8366 8367 8364
f 580 8369 3383
f 8369 2430 8370
f 3383 8370 889
f 8369 8370 3383
f 2430 8371 8373
f 8371 643 8372
f 8373 8372 2431
f 8371 8372 8373
f 889 8374 3377
f 8374 2431 8375
f 3377 8375 446
f 8374 8375 3377
f 2430 8373 8370
f 8373 2431 8374
f 8370 8374 889
f 8373 8374 8370
f 768 7460 5852
f 7460 2175 8376
f 5852 8376 1695
f 7460 8376 5852
f 2175 7457 8378
f 7457 532 8377
f 8378 8377 2432
f 7457 8377 8378
f 1695 8379 5855
f 8379 2432 8380
f 5855 8380 446
f 8379 8380 5855
f 2175 8378 8376
f 8378 2432 8379
f 8376 8379 1695
f 8378 8379 8376
f 365 8381 6358
f 8381 2433 8382
f 6358 8382 1849
f 8381 8382 6358
f 2433 8383 8384
f 8383 747 6909
f 8384 6909 2019
f 8383 6909 8384
f 1849 8385 6361
f 8385 2019 6915
f 6361 6915 628
f 8385 6915 6361
f 2433 8384 8382
f 8384 2019 8385
f 8382 8385 1849
f 8384 8385 8382
f 469 5453 8387
f 5453 1566 8386
f 8387 8386 2435
f 5453 8386 8387
f 1566 5450 8389
f 5450 760 8388
f 8389 8388 2434
f 5450 8388 8389
f 2435 8390 8392
f 8390 2434 8391
f 8392 8391 665
f 8390 8391 8392
f 1566 8389 8386
f 8389 2434 8390
f 8386 8390 2435
f 8389 8390 8386
f 447 8393 8395
f 8393 2436 8394
f 8395 8394 2437
f 8393 8394 8395
f 2436 8396 8397
f 8396 32 5492
f 8397 5492 1580
f 8396 5492 8397
f 2437 8398 8399
f 8398 1580 5497
f 8399 5497 194
f 8398 5497 8399
f 2436 8397 8394
f 8397 1580 8398
f 8394 8398 2437
f 8397 8398 8394
f 92 8400 4497
f 8400 2438 8401
f 4497 8401 1255
f 8400 8401 4497
f 2438 8402 8404
f 8402 320 8403
f 8404 8403 2439
f 8402 8403 8404
f 1255 8405 4500
f 8405 2439 8406
f 4500 8406 91
f 8405 8406 4500
f 2438 8404 8401
f 8404 2439 8405
f 8401 8405 1255
f 8404 8405 8401
f 788 3856 6116
f 3856 1046 8407
f 6116 8407 1778
f 3856 8407 6116
f 1046 3862 8408
f 3862 146 5505
f 8408 5505 1582
f 3862 5505 8408
f 1778 8409 6119
f 8409 1582 5502
f 6119 5502 195
f 8409 5502 6119
f 1046 8408 8407
f 8408 1582 8409
f 8407 8409 1778
f 8408 8409 8407
f 288 6537 8411
f 6537 1904 8410
f 8411 8410 2441
f 6537 8410 8411
f 1904 6534 8413
f 6534 838 8412
f 8413 8412 2440
f 6534 8412 8413
f 2441 8414 8416
f 8414 2440 8415
f 8416 8415 448
f 8414 8415 8416
f 1904 8413 8410
f 8413 2440 8414
f 8410 8414 2441
f 8413 8414 8410
f 448 8417 8419
f 8417 2442 8418
f 8419 8418 2444
f 8417 8418 8419
f 2442 8420 8422
f 8420 517 8421
f 8422 8421 2443
f 8420 8421 8422
f 2444 8423 8425
f 8423 2443 8424
f 8425 8424 749
f 8423 8424 8425
f 2442 8422 8418
f 8422 2443 8423
f 8418 8423 2444
f 8422 8423 8418
f 639 8426 8428
f 8426 2445 8427
f 8428 8427 2447
f 8426 8427 8428
f 2445 8429 8431
f 8429 5 8430
f 8431 8430 2446
f 8429 8430 8431
f 2447 8432 8434
f 8432 2446 8433
f 8434 8433 449
f 8432 8433 8434
f 2445 8431 8427
f 8431 2446 8432
f 8427 8432 2447
f 8431 8432 8427
f 449 8435 5358
f 8435 2448 8436
f 5358 8436 1536
f 8435 8436 5358
f 2448 8437 8438
f 8437 222 6584
f 8438 6584 1920
f 8437 6584 8438
f 1536 8439 5352
f 8439 1920 6588
f 5352 6588 7
f 8439 6588 5352
f 2448 8438 8436
f 8438 1920 8439
f 8436 8439 1536
f 8438 8439 8436
f 374 8440 4143
f 8440 2449 8441
f 4143 8441 1138
f 8440 8441 4143
f 2449 8442 8443
f 8442 147 7592
f 8443 7592 2216
f 8442 7592 8443
f 1138 8444 4146
f 8444 2216 7597
f 4146 7597 522
f 8444 7597 4146
f 2449 8443 8441
f 8443 2216 8444
f 8441 8444 1138
f 8443 8444 8441
f 450 8445 8447
f 8445 2450 8446
f 8447 8446 2452
f 8445 8446 8447
f 2450 8448 8450
f 8448 83 8449
f 8450 8449 2451
f 8448 8449 8450
f 2452 8451 8453
f 8451 2451 8452
f 8453 8452 717
f 8451 8452 8453
f 2450 8450 8446
f 8450 2451 8451
f 8446 8451 2452
f 8450 8451 8446
f 657 8454 3577
f 8454 2453 8455
f 3577 8455 954
f 8454 8455 3577
f 2453 8456 8457
f 8456 624 6670
f 8457 6670 1945
f 8456 6670 8457
f 954 8458 3580
f 8458 1945 6667
f 3580 6667 229
f 8458 6667 3580
f 2453 8457 8455
f 8457 1945 8458
f 8455 8458 954
f 8457 8458 8455
f 655 7407 8460
f 7407 2159 8459
f 8460 8459 2455
f 7407 8459 8460
f 2159 7404 8462
f 7404 766 8461
f 8462 8461 2454
f 7404 8461 8462
f 2455 8463 8465
f 8463 2454 8464
f 8465 8464 525
f 8463 8464 8465
f 2159 8462 8459
f 8462 2454 8463
f 8459 8463 2455
f 8462 8463 8459
f 535 8466 6706
f 8466 2456 8467
f 6706 8467 1957
f 8466 8467 6706
f 2456 8468 8469
f 8468 49 5913
f 8469 5913 1716
f 8468 5913 8469
f 1957 8470 6709
f 8470 1716 5919
f 6709 5919 302
f 8470 5919 6709
f 2456 8469 8467
f 8469 1716 8470
f 8467 8470 1957
f 8469 8470 8467
f 398 8471 8255
f 8471 2457 8472
f 8255 8472 2398
f 8471 8472 8255
f 2457 8473 8475
f 8473 783 8474
f 8475 8474 2458
f 8473 8474 8475
f 2398 8476 8251
f 8476 2458 8477
f 8251 8477 232
f 8476 8477 8251
f 2457 8475 8472
f 8475 2458 8476
f 8472 8476 2398
f 8475 8476 8472
f 309 8478 6054
f 8478 2459 8479
f 6054 8479 1759
f 8478 8479 6054
f 2459 8480 8481
f 8480 93 7840
f 8481 7840 2278
f 8480 7840 8481
f 1759 8482 6057
f 8482 2278 7837
f 6057 7837 444
f 8482 7837 6057
f 2459 8481 8479
f 8481 2278 8482
f 8479 8482 1759
f 8481 8482 8479
f 452 7726 5203
f 7726 2250 8483
f 5203 8483 1486
f 7726 8483 5203
f 2250 7724 8485
f 7724 389 8484
f 8485 8484 2460
f 7724 8484 8485
f 1486 8486 5206
f 8486 2460 8487
f 5206 8487 529
f 8486 8487 5206
f 2250 8485 8483
f 8485 2460 8486
f 8483 8486 1486
f 8485 8486 8483
f 388 4292 6077
f 4292 1189 8488
f 6077 8488 1766
f 4292 8488 6077
f 1189 4298 8490
f 4298 140 8489
f 8490 8489 2461
f 4298 8489 8490
f 1766 8491 6080
f 8491 2461 8492
f 6080 8492 243
f 8491 8492 6080
f 1189 8490 8488
f 8490 2461 8491
f 8488 8491 1766
f 8490 8491 8488
f 124 8493 6499
f 8493 2462 8494
f 6499 8494 1894
f 8493 8494 6499
f 2462 8495 8497
f 8495 786 8496
f 8497 8496 2463
f 8495 8496 8497
f 1894 8498 6501
f 8498 2463 8499
f 6501 8499 284
f 8498 8499 6501
f 2462 8497 8494
f 8497 2463 8498
f 8494 8498 1894
f 8497 8498 8494
f 522 7596 8501
f 7596 2215 8500
f 8501 8500 2465
f 7596 8500 8501
f 2215 7593 8503
f 7593 811 8502
f 8503 8502 2464
f 7593 8502 8503
f 2465 8504 8506
f 8504 2464 8505
f 8506 8505 199
f 8504 8505 8506
f 2215 8503 8500
f 8503 2464 8504
f 8500 8504 2465
f 8503 8504 8500
f 397 8507 8509
f 8507 2466 8508
f 8509 8508 2467
f 8507 8508 8509
f 2466 8510 8511
f 8510 454 4155
f 8511 4155 1141
f 8510 4155 8511
f 2467 8512 8513
f 8512 1141 4152
f 8513 4152 147
f 8512 4152 8513
f 2466 8511 8508
f 8511 1141 8512
f 8508 8512 2467
f 8511 8512 8508
f 455 4971 5617
f 4971 1408 8514
f 5617 8514 1619
f 4971 8514 5617
f 1408 4968 8516
f 4968 47 8515
f 8516 8515 2468
f 4968 8515 8516
f 1619 8517 5611
f 8517 2468 8518
f 5611 8518 528
f 8517 8518 5611
f 1408 8516 8514
f 8516 2468 8517
f 8514 8517 1619
f 8516 8517 8514
f 708 8519 4836
f 8519 2469 8520
f 4836 8520 1366
f 8519 8520 4836
f 2469 8521 8522
f 8521 406 7114
f 8522 7114 2073
f 8521 7114 8522
f 1366 8523 4839
f 8523 2073 7111
f 4839 7111 50
f 8523 7111 4839
f 2469 8522 8520
f 8522 2073 8523
f 8520 8523 1366
f 8522 8523 8520
f 456 6614 8525
f 6614 1930 8524
f 8525 8524 2470
f 6614 8524 8525
f 1930 6620 8526
f 6620 129 8189
f 8526 8189 2379
f 6620 8189 8526
f 2470 8527 8528
f 8527 2379 8193
f 8528 8193 273
f 8527 8193 8528
f 1930 8526 8524
f 8526 2379 8527
f 8524 8527 2470
f 8526 8527 8524
f 457 7493 6923
f 7493 2186 8529
f 6923 8529 2021
f 7493 8529 6923
f 2186 7498 8531
f 7498 55 8530
f 8531 8530 2471
f 7498 8530 8531
f 2021 8532 6926
f 8532 2471 8533
f 6926 8533 610
f 8532 8533 6926
f 2186 8531 8529
f 8531 2471 8532
f 8529 8532 2021
f 8531 8532 8529
f 371 4817 8535
f 4817 1359 8534
f 8535 8534 2473
f 4817 8534 8535
f 1359 4814 8537
f 4814 62 8536
f 8537 8536 2472
f 4814 8536 8537
f 2473 8538 8540
f 8538 2472 8539
f 8540 8539 474
f 8538 8539 8540
f 1359 8537 8534
f 8537 2472 8538
f 8534 8538 2473
f 8537 8538 8534
f 753 7576 6986
f 7576 2209 8541
f 6986 8541 2038
f 7576 8541 6986
f 2209 7573 8542
f 7573 376 6976
f 8542 6976 2036
f 7573 6976 8542
f 2038 8543 6982
f 8543 2036 6979
f 6982 6979 523
f 8543 6979 6982
f 2209 8542 8541
f 8542 2036 8543
f 8541 8543 2038
f 8542 8543 8541
f 378 8544 5486
f 8544 2474 8545
f 5486 8545 1577
f 8544 8545 5486
f 2474 8546 8547
f 8546 458 7738
f 8547 7738 2253
f 8546 7738 8547
f 1577 8548 5489
f 8548 2253 7735
f 5489 7735 259
f 8548 7735 5489
f 2474 8547 8545
f 8547 2253 8548
f 8545 8548 1577
f 8547 8548 8545
f 139 8549 3749
f 8549 2475 8550
f 3749 8550 1011
f 8549 8550 3749
f 2475 8551 8552
f 8551 459 6130
f 8552 6130 1783
f 8551 6130 8552
f 1011 8553 3752
f 8553 1783 6134
f 3752 6134 252
f 8553 6134 3752
f 2475 8552 8550
f 8552 1783 8553
f 8550 8553 1011
f 8552 8553 8550
f 597 8554 3807
f 8554 2476 8555
f 3807 8555 1029
f 8554 8555 3807
f 2476 8556 8557
f 8556 459 7483
f 8557 7483 2181
f 8556 7483 8557
f 1029 8558 3803
f 8558 2181 7480
f 3803 7480 150
f 8558 7480 3803
f 2476 8557 8555
f 8557 2181 8558
f 8555 8558 1029
f 8557 8558 8555
f 461 6476 8560
f 6476 1888 8559
f 8560 8559 2478
f 6476 8559 8560
f 1888 6482 8562
f 6482 351 8561
f 8562 8561 2477
f 6482 8561 8562
f 2478 8563 8565
f 8563 2477 8564
f 8565 8564 180
f 8563 8564 8565
f 1888 8562 8559
f 8562 2477 8563
f 8559 8563 2478
f 8562 8563 8559
f 461 8566 8568
f 8566 2479 8567
f 8568 8567 2480
f 8566 8567 8568
f 2479 8569 8570
f 8569 3 7691
f 8570 7691 2240
f 8569 7691 8570
f 2480 8571 8572
f 8571 2240 7688
f 8572 7688 729
f 8571 7688 8572
f 2479 8570 8567
f 8570 2240 8571
f 8567 8571 2480
f 8570 8571 8567
f 711 8573 8575
f 8573 2481 8574
f 8575 8574 2482
f 8573 8574 8575
f 2481 8576 8577
f 8576 589 5460
f 8577 5460 1570
f 8576 5460 8577
f 2482 8578 8579
f 8578 1570 5465
f 8579 5465 401
f 8578 5465 8579
f 2481 8577 8574
f 8577 1570 8578
f 8574 8578 2482
f 8577 8578 8574
f 481 7861 8581
f 7861 2283 8580
f 8581 8580 2484
f 7861 8580 8581
f 2283 7859 8583
f 7859 199 8582
f 8583 8582 2483
f 7859 8582 8583
f 2484 8584 8586
f 8584 2483 8585
f 8586 8585 540
f 8584 8585 8586
f 2283 8583 8580
f 8583 2483 8584
f 8580 8584 2484
f 8583 8584 8580
f 463 8587 6509
f 8587 2485 8588
f 6509 8588 1897
f 8587 8588 6509
f 2485 8589 8591
f 8589 750 8590
f 8591 8590 2486
f 8589 8590 8591
f 1897 8592 6512
f 8592 2486 8593
f 6512 8593 400
f 8592 8593 6512
f 2485 8591 8588
f 8591 2486 8592
f 8588 8592 1897
f 8591 8592 8588
f 464 3974 8595
f 3974 1084 8594
f 8595 8594 2487
f 3974 8594 8595
f 1084 3980 8596
f 3980 254 6705
f 8596 6705 1956
f 3980 6705 8596
f 2487 8597 8598
f 8597 1956 6702
f 8598 6702 645
f 8597 6702 8598
f 1084 8596 8594
f 8596 1956 8597
f 8594 8597 2487
f 8596 8597 8594
f 145 7557 8600
f 7557 2204 8599
f 8600 8599 2488
f 7557 8599 8600
f 2204 7554 8601
f 7554 537 5594
f 8601 5594 1611
f 7554 5594 8601
f 2488 8602 8603
f 8602 1611 5591
f 8603 5591 464
f 8602 5591 8603
f 2204 8601 8599
f 8601 1611 8602
f 8599 8602 2488
f 8601 8602 8599
f 70 8604 8606
f 8604 2489 8605
f 8606 8605 2491
f 8604 8605 8606
f 2489 8607 8609
f 8607 598 8608
f 8609 8608 2490
f 8607 8608 8609
f 2491 8610 8612
f 8610 2490 8611
f 8612 8611 52
f 8610 8611 8612
f 2489 8609 8605
f 8609 2490 8610
f 8605 8610 2491
f 8609 8610 8605
f 264 5539 8614
f 5539 1595 8613
f 8614 8613 2493
f 5539 8613 8614
f 1595 5545 8616
f 5545 774 8615
f 8616 8615 2492
f 5545 8615 8616
f 2493 8617 8619
f 8617 2492 8618
f 8619 8618 200
f 8617 8618 8619
f 1595 8616 8613
f 8616 2492 8617
f 8613 8617 2493
f 8616 8617 8613
f 200 6272 8619
f 6272 1821 8620
f 8619 8620 2493
f 6272 8620 8619
f 1821 6269 8622
f 6269 726 8621
f 8622 8621 2494
f 6269 8621 8622
f 2493 8623 8614
f 8623 2494 8624
f 8614 8624 264
f 8623 8624 8614
f 1821 8622 8620
f 8622 2494 8623
f 8620 8623 2493
f 8622 8623 8620
f 26 8625 7598
f 8625 2495 8626
f 7598 8626 2217
f 8625 8626 7598
f 2495 8627 8628
f 8627 548 6663
f 8628 6663 1943
f 8627 6663 8628
f 2217 8629 7601
f 8629 1943 6660
f 7601 6660 378
f 8629 6660 7601
f 2495 8628 8626
f 8628 1943 8629
f 8626 8629 2217
f 8628 8629 8626
f 41 8630 8632
f 8630 2496 8631
f 8632 8631 2498
f 8630 8631 8632
f 2496 8633 8635
f 8633 466 8634
f 8635 8634 2497
f 8633 8634 8635
f 2498 8636 8638
f 8636 2497 8637
f 8638 8637 30
f 8636 8637 8638
f 2496 8635 8631
f 8635 2497 8636
f 8631 8636 2498
f 8635 8636 8631
f 466 8639 8634
f 8639 2499 8640
f 8634 8640 2497
f 8639 8640 8634
f 2499 8641 8642
f 8641 682 6697
f 8642 6697 1953
f 8641 6697 8642
f 2497 8643 8637
f 8643 1953 6694
f 8637 6694 30
f 8643 6694 8637
f 2499 8642 8640
f 8642 1953 8643
f 8640 8643 2497
f 8642 8643 8640
f 467 7661 4738
f 7661 2234 8644
f 4738 8644 1334
f 7661 8644 4738
f 2234 7666 8645
f 7666 197 5548
f 8645 5548 1598
f 7666 5548 8645
f 1334 8646 4732
f 8646 1598 5554
f 4732 5554 392
f 8646 5554 4732
f 2234 8645 8644
f 8645 1598 8646
f 8644 8646 1334
f 8645 8646 8644
f 209 8647 8649
f 8647 2500 8648
f 8649 8648 2502
f 8647 8648 8649
f 2500 8650 8652
f 8650 67 8651
f 8652 8651 2501
f 8650 8651 8652
f 2502 8653 8655
f 8653 2501 8654
f 8655 8654 776
f 8653 8654 8655
f 2500 8652 8648
f 8652 2501 8653
f 8648 8653 2502
f 8652 8653 8648
f 469 4894 5454
f 4894 1383 8656
f 5454 8656 1567
f 4894 8656 5454
f 1383 4891 8658
f 4891 349 8657
f 8658 8657 2503
f 4891 8657 8658
f 1567 8659 5457
f 8659 2503 8660
f 5457 8660 615
f 8659 8660 5457
f 1383 8658 8656
f 8658 2503 8659
f 8656 8659 1567
f 8658 8659 8656
f 469 8387 7659
f 8387 2435 8661
f 7659 8661 2232
f 8387 8661 7659
f 2435 8392 8663
f 8392 665 8662
f 8663 8662 2504
f 8392 8662 8663
f 2232 8664 7656
f 8664 2504 8665
f 7656 8665 194
f 8664 8665 7656
f 2435 8663 8661
f 8663 2504 8664
f 8661 8664 2232
f 8663 8664 8661
f 268 8666 7929
f 8666 2505 8667
f 7929 8667 2301
f 8666 8667 7929
f 2505 8668 8670
f 8668 81 8669
f 8670 8669 2506
f 8668 8669 8670
f 2301 8671 7924
f 8671 2506 8672
f 7924 8672 409
f 8671 8672 7924
f 2505 8670 8667
f 8670 2506 8671
f 8667 8671 2301
f 8670 8671 8667
f 88 8673 6278
f 8673 2507 8674
f 6278 8674 1824
f 8673 8674 6278
f 2507 8675 8676
f 8675 81 8668
f 8676 8668 2505
f 8675 8668 8676
f 1824 8677 6281
f 8677 2505 8666
f 6281 8666 268
f 8677 8666 6281
f 2507 8676 8674
f 8676 2505 8677
f 8674 8677 1824
f 8676 8677 8674
f 173 7989 3908
f 7989 2317 8678
f 3908 8678 1062
f 7989 8678 3908
f 2317 7987 8680
f 7987 405 8679
f 8680 8679 2508
f 7987 8679 8680
f 1062 8681 3911
f 8681 2508 8682
f 3911 8682 246
f 8681 8682 3911
f 2317 8680 8678
f 8680 2508 8681
f 8678 8681 1062
f 8680 8681 8678
f 470 6679 8684
f 6679 1948 8683
f 8684 8683 2509
f 6679 8683 8684
f 1948 6676 8685
f 6676 556 3305
f 8685 3305 865
f 6676 3305 8685
f 2509 8686 8687
f 8686 865 3311
f 8687 3311 158
f 8686 3311 8687
f 1948 8685 8683
f 8685 865 8686
f 8683 8686 2509
f 8685 8686 8683
f 470 8688 6680
f 8688 2510 8689
f 6680 8689 1949
f 8688 8689 6680
f 2510 8690 8691
f 8690 311 6865
f 8691 6865 2004
f 8690 6865 8691
f 1949 8692 6683
f 8692 2004 6862
f 6683 6862 148
f 8692 6862 6683
f 2510 8691 8689
f 8691 2004 8692
f 8689 8692 1949
f 8691 8692 8689
f 609 8693 5254
f 8693 2511 8694
f 5254 8694 1502
f 8693 8694 5254
f 2511 8695 8697
f 8695 263 8696
f 8697 8696 2512
f 8695 8696 8697
f 1502 8698 5250
f 8698 2512 8699
f 5250 8699 65
f 8698 8699 5250
f 2511 8697 8694
f 8697 2512 8698
f 8694 8698 1502
f 8697 8698 8694
f 65 8699 8701
f 8699 2512 8700
f 8701 8700 2513
f 8699 8700 8701
f 2512 8696 8702
f 8696 263 6261
f 8702 6261 1818
f 8696 6261 8702
f 2513 8703 8704
f 8703 1818 6258
f 8704 6258 403
f 8703 6258 8704
f 2512 8702 8700
f 8702 1818 8703
f 8700 8703 2513
f 8702 8703 8700
f 45 8705 8707
f 8705 2514 8706
f 8707 8706 2515
f 8705 8706 8707
f 2514 8708 8709
f 8708 741 6941
f 8709 6941 2026
f 8708 6941 8709
f 2515 8710 8711
f 8710 2026 6944
f 8711 6944 321
f 8710 6944 8711
f 2514 8709 8706
f 8709 2026 8710
f 8706 8710 2515
f 8709 8710 8706
f 107 4241 8713
f 4241 1170 8712
f 8713 8712 2516
f 4241 8712 8713
f 1170 4238 8714
f 4238 262 4254
f 8714 4254 1174
f 4238 4254 8714
f 2516 8715 8716
f 8715 1174 4251
f 8716 4251 541
f 8715 4251 8716
f 1170 8714 8712
f 8714 1174 8715
f 8712 8715 2516
f 8714 8715 8712
f 74 5702 6072
f 5702 1646 8717
f 6072 8717 1764
f 5702 8717 6072
f 1646 5700 8718
f 5700 79 4608
f 8718 4608 1293
f 5700 4608 8718
f 1764 8719 6067
f 8719 1293 4614
f 6067 4614 266
f 8719 4614 6067
f 1646 8718 8717
f 8718 1293 8719
f 8717 8719 1764
f 8718 8719 8717
f 828 8720 8722
f 8720 2517 8721
f 8722 8721 2519
f 8720 8721 8722
f 2517 8723 8725
f 8723 385 8724
f 8725 8724 2518
f 8723 8724 8725
f 2519 8726 8728
f 8726 2518 8727
f 8728 8727 256
f 8726 8727 8728
f 2517 8725 8721
f 8725 2518 8726
f 8721 8726 2519
f 8725 8726 8721
f 202 8729 5608
f 8729 2520 8730
f 5608 8730 1616
f 8729 8730 5608
f 2520 8731 8732
f 8731 323 5037
f 8732 5037 1430
f 8731 5037 8732
f 1616 8733 5602
f 8733 1430 5034
f 5602 5034 61
f 8733 5034 5602
f 2520 8732 8730
f 8732 1430 8733
f 8730 8733 1616
f 8732 8733 8730
f 338 7135 5392
f 7135 2080 8734
f 5392 8734 1547
f 7135 8734 5392
f 2080 7132 8736
f 7132 489 8735
f 8736 8735 2521
f 7132 8735 8736
f 1547 8737 5386
f 8737 2521 8738
f 5386 8738 771
f 8737 8738 5386
f 2080 8736 8734
f 8736 2521 8737
f 8734 8737 1547
f 8736 8737 8734
f 473 8739 5293
f 8739 2522 8740
f 5293 8740 1515
f 8739 8740 5293
f 2522 8741 8743
f 8741 791 8742
f 8743 8742 2523
f 8741 8742 8743
f 1515 8744 5296
f 8744 2523 8745
f 5296 8745 182
f 8744 8745 5296
f 2522 8743 8740
f 8743 2523 8744
f 8740 8744 1515
f 8743 8744 8740
f 283 8746 8748
f 8746 2524 8747
f 8748 8747 2526
f 8746 8747 8748
f 2524 8749 8751
f 8749 742 8750
f 8751 8750 2525
f 8749 8750 8751
f 2526 8752 8754
f 8752 2525 8753
f 8754 8753 12
f 8752 8753 8754
f 2524 8751 8747
f 8751 2525 8752
f 8747 8752 2526
f 8751 8752 8747
f 474 8539 8756
f 8539 2472 8755
f 8756 8755 2528
f 8539 8755 8756
f 2472 8536 8758
f 8536 62 8757
f 8758 8757 2527
f 8536 8757 8758
f 2528 8759 8761
f 8759 2527 8760
f 8761 8760 71
f 8759 8760 8761
f 2472 8758 8755
f 8758 2527 8759
f 8755 8759 2528
f 8758 8759 8755
f 475 8762 8764
f 8762 2529 8763
f 8764 8763 2531
f 8762 8763 8764
f 2529 8765 8767
f 8765 76 8766
f 8767 8766 2530
f 8765 8766 8767
f 2531 8768 8770
f 8768 2530 8769
f 8770 8769 627
f 8768 8769 8770
f 2529 8767 8763
f 8767 2530 8768
f 8763 8768 2531
f 8767 8768 8763
f 210 4108 5692
f 4108 1126 8771
f 5692 8771 1643
f 4108 8771 5692
f 1126 4105 8773
f 4105 112 8772
f 8773 8772 2532
f 4105 8772 8773
f 1643 8774 5686
f 8774 2532 8775
f 5686 8775 709
f 8774 8775 5686
f 1126 8773 8771
f 8773 2532 8774
f 8771 8774 1643
f 8773 8774 8771
f 476 3947 7074
f 3947 1075 8776
f 7074 8776 2063
f 3947 8776 7074
f 1075 3953 8777
f 3953 553 5840
f 8777 5840 1692
f 3953 5840 8777
f 2063 8778 7077
f 8778 1692 5844
f 7077 5844 226
f 8778 5844 7077
f 1075 8777 8776
f 8777 1692 8778
f 8776 8778 2063
f 8777 8778 8776
f 678 8779 6767
f 8779 2533 8780
f 6767 8780 1975
f 8779 8780 6767
f 2533 8781 8783
f 8781 414 8782
f 8783 8782 2534
f 8781 8782 8783
f 1975 8784 6761
f 8784 2534 8785
f 6761 8785 126
f 8784 8785 6761
f 2533 8783 8780
f 8783 2534 8784
f 8780 8784 1975
f 8783 8784 8780
f 740 3494 8787
f 3494 928 8786
f 8787 8786 2535
f 3494 8786 8787
f 928 3500 8788
f 3500 184 3486
f 8788 3486 923
f 3500 3486 8788
f 2535 8789 8790
f 8789 923 3483
f 8790 3483 244
f 8789 3483 8790
f 928 8788 8786
f 8788 923 8789
f 8786 8789 2535
f 8788 8789 8786
f 245 7305 6091
f 7305 2133 8791
f 6091 8791 1770
f 7305 8791 6091
f 2133 7311 8793
f 7311 354 8792
f 8793 8792 2536
f 7311 8792 8793
f 1770 8794 6094
f 8794 2536 8795
f 6094 8795 183
f 8794 8795 6094
f 2133 8793 8791
f 8793 2536 8794
f 8791 8794 1770
f 8793 8794 8791
f 114 6183 8797
f 6183 1796 8796
f 8797 8796 2538
f 6183 8796 8797
f 1796 6180 8799
f 6180 256 8798
f 8799 8798 2537
f 6180 8798 8799
f 2538 8800 8802
f 8800 2537 8801
f 8802 8801 118
f 8800 8801 8802
f 1796 8799 8796
f 8799 2537 8800
f 8796 8800 2538
f 8799 8800 8796
f 15 8803 8805
f 8803 2539 8804
f 8805 8804 2541
f 8803 8804 8805
f 2539 8806 8808
f 8806 769 8807
f 8808 8807 2540
f 8806 8807 8808
f 2541 8809 8811
f 8809 2540 8810
f 8811 8810 715
f 8809 8810 8811
f 2539 8808 8804
f 8808 2540 8809
f 8804 8809 2541
f 8808 8809 8804
f 210 8812 4109
f 8812 2542 8813
f 4109 8813 1127
f 8812 8813 4109
f 2542 8814 8816
f 8814 477 8815
f 8816 8815 2543
f 8814 8815 8816
f 1127 8817 4112
f 8817 2543 8818
f 4112 8818 728
f 8817 8818 4112
f 2542 8816 8813
f 8816 2543 8817
f 8813 8817 1127
f 8816 8817 8813
f 340 8819 8821
f 8819 2544 8820
f 8821 8820 2545
f 8819 8820 8821
f 2544 8822 8823
f 8822 513 5877
f 8823 5877 1702
f 8822 5877 8823
f 2545 8824 8825
f 8824 1702 5874
f 8825 5874 658
f 8824 5874 8825
f 2544 8823 8820
f 8823 1702 8824
f 8820 8824 2545
f 8823 8824 8820
f 80 8826 4711
f 8826 2546 8827
f 4711 8827 1325
f 8826 8827 4711
f 2546 8828 8829
f 8828 79 4640
f 8829 4640 1301
f 8828 4640 8829
f 1325 8830 4705
f 8830 1301 4637
f 4705 4637 550
f 8830 4637 4705
f 2546 8829 8827
f 8829 1301 8830
f 8827 8830 1325
f 8829 8830 8827
f 478 5404 8832
f 5404 1553 8831
f 8832 8831 2548
f 5404 8831 8832
f 1553 5410 8834
f 5410 188 8833
f 8834 8833 2547
f 5410 8833 8834
f 2548 8835 8837
f 8835 2547 8836
f 8837 8836 814
f 8835 8836 8837
f 1553 8834 8831
f 8834 2547 8835
f 8831 8835 2548
f 8834 8835 8831
f 479 8838 8840
f 8838 2549 8839
f 8840 8839 2551
f 8838 8839 8840
f 2549 8841 8843
f 8841 500 8842
f 8843 8842 2550
f 8841 8842 8843
f 2551 8844 8846
f 8844 2550 8845
f 8846 8845 168
f 8844 8845 8846
f 2549 8843 8839
f 8843 2550 8844
f 8839 8844 2551
f 8843 8844 8839
f 359 3468 8848
f 3468 917 8847
f 8848 8847 2553
f 3468 8847 8848
f 917 3465 8850
f 3465 803 8849
f 8850 8849 2552
f 3465 8849 8850
f 2553 8851 8853
f 8851 2552 8852
f 8853 8852 219
f 8851 8852 8853
f 917 8850 8847
f 8850 2552 8851
f 8847 8851 2553
f 8850 8851 8847
f 115 7353 3645
f 7353 2144 8854
f 3645 8854 977
f 7353 8854 3645
f 2144 7350 8856
f 7350 480 8855
f 8856 8855 2554
f 7350 8855 8856
f 977 8857 3648
f 8857 2554 8858
f 3648 8858 111
f 8857 8858 3648
f 2144 8856 8854
f 8856 2554 8857
f 8854 8857 977
f 8856 8857 8854
f 287 8859 8861
f 8859 2555 8860
f 8861 8860 2557
f 8859 8860 8861
f 2555 8862 8864
f 8862 495 8863
f 8864 8863 2556
f 8862 8863 8864
f 2557 8865 8867
f 8865 2556 8866
f 8867 8866 592
f 8865 8866 8867
f 2555 8864 8860
f 8864 2556 8865
f 8860 8865 2557
f 8864 8865 8860
f 481 8868 5568
f 8868 2558 8869
f 5568 8869 1603
f 8868 8869 5568
f 2558 8870 8871
f 8870 622 6324
f 8871 6324 1838
f 8870 6324 8871
f 1603 8872 5571
f 8872 1838 6321
f 5571 6321 330
f 8872 6321 5571
f 2558 8871 8869
f 8871 1838 8872
f 8869 8872 1603
f 8871 8872 8869
f 481 5567 7862
f 5567 1602 8873
f 7862 8873 2284
f 5567 8873 7862
f 1602 5564 8874
f 5564 402 4130
f 8874 4130 1133
f 5564 4130 8874
f 2284 8875 7865
f 8875 1133 4127
f 7865 4127 462
f 8875 4127 7865
f 1602 8874 8873
f 8874 1133 8875
f 8873 8875 2284
f 8874 8875 8873
f 296 5414 6646
f 5414 1554 8876
f 6646 8876 1939
f 5414 8876 6646
f 1554 5411 8878
f 5411 702 8877
f 8878 8877 2559
f 5411 8877 8878
f 1939 8879 6648
f 8879 2559 8880
f 6648 8880 510
f 8879 8880 6648
f 1554 8878 8876
f 8878 2559 8879
f 8876 8879 1939
f 8878 8879 8876
f 45 8707 6840
f 8707 2515 8881
f 6840 8881 1998
f 8707 8881 6840
f 2515 8711 8882
f 8711 321 7798
f 8882 7798 2268
f 8711 7798 8882
f 1998 8883 6834
f 8883 2268 7796
f 6834 7796 396
f 8883 7796 6834
f 2515 8882 8881
f 8882 2268 8883
f 8881 8883 1998
f 8882 8883 8881
f 558 8884 8886
f 8884 2560 8885
f 8886 8885 2562
f 8884 8885 8886
f 2560 8887 8889
f 8887 846 8888
f 8889 8888 2561
f 8887 8888 8889
f 2562 8890 8892
f 8890 2561 8891
f 8892 8891 734
f 8890 8891 8892
f 2560 8889 8885
f 8889 2561 8890
f 8885 8890 2562
f 8889 8890 8885
f 491 7260 8894
f 7260 2117 8893
f 8894 8893 2564
f 7260 8893 8894
f 2117 7257 8896
f 7257 693 8895
f 8896 8895 2563
f 7257 8895 8896
f 2564 8897 8899
f 8897 2563 8898
f 8899 8898 347
f 8897 8898 8899
f 2117 8896 8893
f 8896 2563 8897
f 8893 8897 2564
f 8896 8897 8893
f 418 8900 6313
f 8900 2565 8901
f 6313 8901 1835
f 8900 8901 6313
f 2565 8902 8904
f 8902 736 8903
f 8904 8903 2566
f 8902 8903 8904
f 1835 8905 6307
f 8905 2566 8906
f 6307 8906 559
f 8905 8906 6307
f 2565 8904 8901
f 8904 2566 8905
f 8901 8905 1835
f 8904 8905 8901
f 596 8907 3397
f 8907 2567 8908
f 3397 8908 894
f 8907 8908 3397
f 2567 8909 8911
f 8909 755 8910
f 8911 8910 2568
f 8909 8910 8911
f 894 8912 3400
f 8912 2568 8913
f 3400 8913 346
f 8912 8913 3400
f 2567 8911 8908
f 8911 2568 8912
f 8908 8912 894
f 8911 8912 8908
f 277 8914 6407
f 8914 2569 8915
f 6407 8915 1864
f 8914 8915 6407
f 2569 8916 8918
f 8916 768 8917
f 8918 8917 2570
f 8916 8917 8918
f 1864 8919 6401
f 8919 2570 8920
f 6401 8920 721
f 8919 8920 6401
f 2569 8918 8915
f 8918 2570 8919
f 8915 8919 1864
f 8918 8919 8915
f 181 8921 6296
f 8921 2571 8922
f 6296 8922 1830
f 8921 8922 6296
f 2571 8923 8925
f 8923 486 8924
f 8925 8924 2572
f 8923 8924 8925
f 1830 8926 6299
f 8926 2572 8927
f 6299 8927 694
f 8926 8927 6299
f 2571 8925 8922
f 8925 2572 8926
f 8922 8926 1830
f 8925 8926 8922
f 742 8928 8930
f 8928 2573 8929
f 8930 8929 2575
f 8928 8929 8930
f 2573 8931 8933
f 8931 487 8932
f 8933 8932 2574
f 8931 8932 8933
f 2575 8934 8936
f 8934 2574 8935
f 8936 8935 791
f 8934 8935 8936
f 2573 8933 8929
f 8933 2574 8934
f 8929 8934 2575
f 8933 8934 8929
f 220 8937 6371
f 8937 2576 8938
f 6371 8938 1852
f 8937 8938 6371
f 2576 8939 8941
f 8939 606 8940
f 8941 8940 2577
f 8939 8940 8941
f 1852 8942 6367
f 8942 2577 8943
f 6367 8943 488
f 8942 8943 6367
f 2576 8941 8938
f 8941 2577 8942
f 8938 8942 1852
f 8941 8942 8938
f 345 8944 8946
f 8944 2578 8945
f 8946 8945 2580
f 8944 8945 8946
f 2578 8947 8949
f 8947 633 8948
f 8949 8948 2579
f 8947 8948 8949
f 2580 8950 8952
f 8950 2579 8951
f 8952 8951 738
f 8950 8951 8952
f 2578 8949 8945
f 8949 2579 8950
f 8945 8950 2580
f 8949 8950 8945
f 630 8953 4474
f 8953 2581 8954
f 4474 8954 1247
f 8953 8954 4474
f 2581 8955 8957
f 8955 689 8956
f 8957 8956 2582
f 8955 8956 8957
f 1247 8958 4468
f 8958 2582 8959
f 4468 8959 119
f 8958 8959 4468
f 2581 8957 8954
f 8957 2582 8958
f 8954 8958 1247
f 8957 8958 8954
f 344 8960 3356
f 8960 2583 8961
f 3356 8961 880
f 8960 8961 3356
f 2583 8962 8963
f 8962 575 7999
f 8963 7999 2319
f 8962 7999 8963
f 880 8964 3350
f 8964 2319 7996
f 3350 7996 490
f 8964 7996 3350
f 2583 8963 8961
f 8963 2319 8964
f 8961 8964 880
f 8963 8964 8961
f 491 8965 7261
f 8965 2584 8966
f 7261 8966 2118
f 8965 8966 7261
f 2584 8967 8969
f 8967 576 8968
f 8969 8968 2585
f 8967 8968 8969
f 2118 8970 7264
f 8970 2585 8971
f 7264 8971 5
f 8970 8971 7264
f 2584 8969 8966
f 8969 2585 8970
f 8966 8970 2118
f 8969 8970 8966
f 347 8972 8899
f 8972 2586 8973
f 8899 8973 2564
f 8972 8973 8899
f 2586 8974 8975
f 8974 780 7501
f 8975 7501 2189
f 8974 7501 8975
f 2564 8976 8894
f 8976 2189 7507
f 8894 7507 491
f 8976 7507 8894
f 2586 8975 8973
f 8975 2189 8976
f 8973 8976 2564
f 8975 8976 8973
f 23 5273 3617
f 5273 1510 8977
f 3617 8977 967
f 5273 8977 3617
f 1510 5279 8978
f 5279 657 8314
f 8978 8314 2414
f 5279 8314 8978
f 967 8979 3611
f 8979 2414 8311
f 3611 8311 492
f 8979 8311 3611
f 1510 8978 8977
f 8978 2414 8979
f 8977 8979 967
f 8978 8979 8977
f 705 8980 8982
f 8980 2587 8981
f 8982 8981 2588
f 8980 8981 8982
f 2587 8983 8984
f 8983 756 8265
f 8984 8265 2402
f 8983 8265 8984
f 2588 8985 8986
f 8985 2402 8269
f 8986 8269 434
f 8985 8269 8986
f 2587 8984 8981
f 8984 2402 8985
f 8981 8985 2588
f 8984 8985 8981
f 699 5010 8988
f 5010 1421 8987
f 8988 8987 2590
f 5010 8987 8988
f 1421 5007 8990
f 5007 716 8989
f 8990 8989 2589
f 5007 8989 8990
f 2590 8991 8993
f 8991 2589 8992
f 8993 8992 637
f 8991 8992 8993
f 1421 8990 8987
f 8990 2589 8991
f 8987 8991 2590
f 8990 8991 8987
f 417 8994 8996
f 8994 2591 8995
f 8996 8995 2592
f 8994 8995 8996
f 2591 8997 8998
f 8997 8 5151
f 8998 5151 1470
f 8997 5151 8998
f 2592 8999 9000
f 8999 1470 5157
f 9000 5157 581
f 8999 5157 9000
f 2591 8998 8995
f 8998 1470 8999
f 8995 8999 2592
f 8998 8999 8995
f 421 9001 9003
f 9001 2593 9002
f 9003 9002 2595
f 9001 9002 9003
f 2593 9004 9006
f 9004 761 9005
f 9006 9005 2594
f 9004 9005 9006
f 2595 9007 9009
f 9007 2594 9008
f 9009 9008 341
f 9007 9008 9009
f 2593 9006 9002
f 9006 2594 9007
f 9002 9007 2595
f 9006 9007 9002
f 796 5348 9011
f 5348 1532 9010
f 9011 9010 2596
f 5348 9010 9011
f 1532 5345 9012
f 5345 722 8182
f 9012 8182 2376
f 5345 8182 9012
f 2596 9013 9014
f 9013 2376 8180
f 9014 8180 495
f 9013 8180 9014
f 1532 9012 9010
f 9012 2376 9013
f 9010 9013 2596
f 9012 9013 9010
f 735 9015 9017
f 9015 2597 9016
f 9017 9016 2598
f 9015 9016 9017
f 2597 9018 9019
f 9018 495 7297
f 9019 7297 2128
f 9018 7297 9019
f 2598 9020 9021
f 9020 2128 7294
f 9021 7294 353
f 9020 7294 9021
f 2597 9019 9016
f 9019 2128 9020
f 9016 9020 2598
f 9019 9020 9016
f 822 9022 8244
f 9022 2599 9023
f 8244 9023 2395
f 9022 9023 8244
f 2599 9024 9026
f 9024 573 9025
f 9026 9025 2600
f 9024 9025 9026
f 2395 9027 8247
f 9027 2600 9028
f 8247 9028 496
f 9027 9028 8247
f 2599 9026 9023
f 9026 2600 9027
f 9023 9027 2395
f 9026 9027 9023
f 95 9029 8056
f 9029 2601 9030
f 8056 9030 2338
f 9029 9030 8056
f 2601 9031 9033
f 9031 584 9032
f 9033 9032 2602
f 9031 9032 9033
f 2338 9034 8058
f 9034 2602 9035
f 8058 9035 497
f 9034 9035 8058
f 2601 9033 9030
f 9033 2602 9034
f 9030 9034 2338
f 9033 9034 9030
f 343 9036 7206
f 9036 2603 9037
f 7206 9037 2102
f 9036 9037 7206
f 2603 9038 9039
f 9038 634 6442
f 9039 6442 1877
f 9038 6442 9039
f 2102 9040 7209
f 9040 1877 6448
f 7209 6448 497
f 9040 6448 7209
f 2603 9039 9037
f 9039 1877 9040
f 9037 9040 2102
f 9039 9040 9037
f 762 9041 9043
f 9041 2604 9042
f 9043 9042 2606
f 9041 9042 9043
f 2604 9044 9046
f 9044 572 9045
f 9046 9045 2605
f 9044 9045 9046
f 2606 9047 9049
f 9047 2605 9048
f 9049 9048 498
f 9047 9048 9049
f 2604 9046 9042
f 9046 2605 9047
f 9042 9047 2606
f 9046 9047 9042
f 499 9050 6025
f 9050 2607 9051
f 6025 9051 1750
f 9050 9051 6025
f 2607 9052 9054
f 9052 164 9053
f 9054 9053 2608
f 9052 9053 9054
f 1750 9055 6027
f 9055 2608 9056
f 6027 9056 688
f 9055 9056 6027
f 2607 9054 9051
f 9054 2608 9055
f 9051 9055 1750
f 9054 9055 9051
f 707 4054 9058
f 4054 1108 9057
f 9058 9057 2610
f 4054 9057 9058
f 1108 4051 9060
f 4051 440 9059
f 9060 9059 2609
f 4051 9059 9060
f 2610 9061 9063
f 9061 2609 9062
f 9063 9062 413
f 9061 9062 9063
f 1108 9060 9057
f 9060 2609 9061
f 9057 9061 2610
f 9060 9061 9057
f 563 4063 9065
f 4063 1111 9064
f 9065 9064 2611
f 4063 9064 9065
f 1111 4060 9066
f 4060 161 7267
f 9066 7267 2121
f 4060 7267 9066
f 2611 9067 9068
f 9067 2121 7272
f 9068 7272 348
f 9067 7272 9068
f 1111 9066 9064
f 9066 2121 9067
f 9064 9067 2611
f 9066 9067 9064
f 246 9069 9071
f 9069 2612 9070
f 9071 9070 2614
f 9069 9070 9071
f 2612 9072 9074
f 9072 170 9073
f 9074 9073 2613
f 9072 9073 9074
f 2614 9075 9077
f 9075 2613 9076
f 9077 9076 767
f 9075 9076 9077
f 2612 9074 9070
f 9074 2613 9075
f 9070 9075 2614
f 9074 9075 9070
f 187 9078 9080
f 9078 2615 9079
f 9080 9079 2617
f 9078 9079 9080
f 2615 9081 9083
f 9081 764 9082
f 9083 9082 2616
f 9081 9082 9083
f 2617 9084 9086
f 9084 2616 9085
f 9086 9085 230
f 9084 9085 9086
f 2615 9083 9079
f 9083 2616 9084
f 9079 9084 2617
f 9083 9084 9079
f 668 7185 9088
f 7185 2095 9087
f 9088 9087 2619
f 7185 9087 9088
f 2095 7183 9090
f 7183 571 9089
f 9090 9089 2618
f 7183 9089 9090
f 2619 9091 9093
f 9091 2618 9092
f 9093 9092 501
f 9091 9092 9093
f 2095 9090 9087
f 9090 2618 9091
f 9087 9091 2619
f 9090 9091 9087
f 501 9094 9093
f 9094 2620 9095
f 9093 9095 2619
f 9094 9095 9093
f 2620 9096 9098
f 9096 730 9097
f 9098 9097 2621
f 9096 9097 9098
f 2619 9099 9088
f 9099 2621 9100
f 9088 9100 668
f 9099 9100 9088
f 2620 9098 9095
f 9098 2621 9099
f 9095 9099 2619
f 9098 9099 9095
f 502 3450 9102
f 3450 911 9101
f 9102 9101 2622
f 3450 9101 9102
f 911 3447 9103
f 3447 489 7134
f 9103 7134 2082
f 3447 7134 9103
f 2622 9104 9105
f 9104 2082 7140
f 9105 7140 106
f 9104 7140 9105
f 911 9103 9101
f 9103 2082 9104
f 9101 9104 2622
f 9103 9104 9101
f 307 4577 4601
f 4577 1280 9106
f 4601 9106 1289
f 4577 9106 4601
f 1280 4574 9107
f 4574 718 4556
f 9107 4556 1276
f 4574 4556 9107
f 1289 9108 4604
f 9108 1276 4562
f 4604 4562 242
f 9108 4562 4604
f 1280 9107 9106
f 9107 1276 9108
f 9106 9108 1289
f 9107 9108 9106
f 504 9109 9111
f 9109 2623 9110
f 9111 9110 2624
f 9109 9110 9111
f 2623 9112 9113
f 9112 279 3562
f 9113 3562 948
f 9112 3562 9113
f 2624 9114 9115
f 9114 948 3559
f 9115 3559 639
f 9114 3559 9115
f 2623 9113 9110
f 9113 948 9114
f 9110 9114 2624
f 9113 9114 9110
f 427 8175 9117
f 8175 2374 9116
f 9117 9116 2626
f 8175 9116 9117
f 2374 8173 9119
f 8173 808 9118
f 9119 9118 2625
f 8173 9118 9119
f 2626 9120 9122
f 9120 2625 9121
f 9122 9121 599
f 9120 9121 9122
f 2374 9119 9116
f 9119 2625 9120
f 9116 9120 2626
f 9119 9120 9116
f 795 9123 9125
f 9123 2627 9124
f 9125 9124 2628
f 9123 9124 9125
f 2627 9126 9127
f 9126 505 7388
f 9127 7388 2153
f 9126 7388 9127
f 2628 9128 9129
f 9128 2153 7385
f 9129 7385 363
f 9128 7385 9129
f 2627 9127 9124
f 9127 2153 9128
f 9124 9128 2628
f 9127 9128 9124
f 506 8261 9131
f 8261 2399 9130
f 9131 9130 2629
f 8261 9130 9131
f 2399 8258 9132
f 8258 60 3598
f 9132 3598 960
f 8258 3598 9132
f 2629 9133 9134
f 9133 960 3595
f 9134 3595 761
f 9133 3595 9134
f 2399 9132 9130
f 9132 960 9133
f 9130 9133 2629
f 9132 9133 9130
f 577 8064 9136
f 8064 2339 9135
f 9136 9135 2631
f 8064 9135 9136
f 2339 8061 9138
f 8061 719 9137
f 9138 9137 2630
f 8061 9137 9138
f 2631 9139 9141
f 9139 2630 9140
f 9141 9140 506
f 9139 9140 9141
f 2339 9138 9135
f 9138 2630 9139
f 9135 9139 2631
f 9138 9139 9135
f 507 9142 4028
f 9142 2632 9143
f 4028 9143 1100
f 9142 9143 4028
f 2632 9144 9146
f 9144 777 9145
f 9146 9145 2633
f 9144 9145 9146
f 1100 9147 4031
f 9147 2633 9148
f 4031 9148 432
f 9147 9148 4031
f 2632 9146 9143
f 9146 2633 9147
f 9143 9147 1100
f 9146 9147 9143
f 136 5337 9150
f 5337 1529 9149
f 9150 9149 2635
f 5337 9149 9150
f 1529 5334 9152
f 5334 311 9151
f 9152 9151 2634
f 5334 9151 9152
f 2635 9153 9155
f 9153 2634 9154
f 9155 9154 143
f 9153 9154 9155
f 1529 9152 9149
f 9152 2634 9153
f 9149 9153 2635
f 9152 9153 9149
f 714 9156 9158
f 9156 2636 9157
f 9158 9157 2638
f 9156 9157 9158
f 2636 9159 9161
f 9159 377 9160
f 9161 9160 2637
f 9159 9160 9161
f 2638 9162 9164
f 9162 2637 9163
f 9164 9163 711
f 9162 9163 9164
f 2636 9161 9157
f 9161 2637 9162
f 9157 9162 2638
f 9161 9162 9157
f 6 9165 9167
f 9165 2639 9166
f 9167 9166 2641
f 9165 9166 9167
f 2639 9168 9170
f 9168 700 9169
f 9170 9169 2640
f 9168 9169 9170
f 2641 9171 9173
f 9171 2640 9172
f 9173 9172 2
f 9171 9172 9173
f 2639 9170 9166
f 9170 2640 9171
f 9166 9171 2641
f 9170 9171 9166
f 361 9174 9176
f 9174 2642 9175
f 9176 9175 2644
f 9174 9175 9176
f 2642 9177 9179
f 9177 574 9178
f 9179 9178 2643
f 9177 9178 9179
f 2644 9180 9182
f 9180 2643 9181
f 9182 9181 228
f 9180 9181 9182
f 2642 9179 9175
f 9179 2643 9180
f 9175 9180 2644
f 9179 9180 9175
f 508 6575 4759
f 6575 1918 9183
f 4759 9183 1341
f 6575 9183 4759
f 1918 6581 9184
f 6581 18 4917
f 9184 4917 1390
f 6581 4917 9184
f 1341 9185 4762
f 9185 1390 4914
f 4762 4914 308
f 9185 4914 4762
f 1918 9184 9183
f 9184 1390 9185
f 9183 9185 1341
f 9184 9185 9183
f 15 3513 9187
f 3513 932 9186
f 9187 9186 2646
f 3513 9186 9187
f 932 3510 9189
f 3510 11 9188
f 9189 9188 2645
f 3510 9188 9189
f 2646 9190 9192
f 9190 2645 9191
f 9192 9191 228
f 9190 9191 9192
f 932 9189 9186
f 9189 2645 9190
f 9186 9190 2646
f 9189 9190 9186
f 429 4335 8194
f 4335 1203 9193
f 8194 9193 2380
f 4335 9193 8194
f 1203 4341 9195
f 4341 565 9194
f 9195 9194 2647
f 4341 9194 9195
f 2380 9196 8197
f 9196 2647 9197
f 8197 9197 513
f 9196 9197 8197
f 1203 9195 9193
f 9195 2647 9196
f 9193 9196 2380
f 9195 9196 9193
f 430 9198 9200
f 9198 2648 9199
f 9200 9199 2649
f 9198 9199 9200
f 2648 9201 9202
f 9201 594 8291
f 9202 8291 2408
f 9201 8291 9202
f 2649 9203 9204
f 9203 2408 8289
f 9204 8289 362
f 9203 8289 9204
f 2648 9202 9199
f 9202 2408 9203
f 9199 9203 2649
f 9202 9203 9199
f 663 9205 9207
f 9205 2650 9206
f 9207 9206 2651
f 9205 9206 9207
f 2650 9208 9209
f 9208 580 3382
f 9209 3382 888
f 9208 3382 9209
f 2651 9210 9211
f 9210 888 3379
f 9211 3379 227
f 9210 3379 9211
f 2650 9209 9206
f 9209 888 9210
f 9206 9210 2651
f 9209 9210 9206
f 331 9212 9214
f 9212 2652 9213
f 9214 9213 2654
f 9212 9213 9214
f 2652 9215 9217
f 9215 415 9216
f 9217 9216 2653
f 9215 9216 9217
f 2654 9218 9220
f 9218 2653 9219
f 9220 9219 515
f 9218 9219 9220
f 2652 9217 9213
f 9217 2653 9218
f 9213 9218 2654
f 9217 9218 9213
f 33 9221 9223
f 9221 2655 9222
f 9223 9222 2657
f 9221 9222 9223
f 2655 9224 9226
f 9224 47 9225
f 9226 9225 2656
f 9224 9225 9226
f 2657 9227 9229
f 9227 2656 9228
f 9229 9228 517
f 9227 9228 9229
f 2655 9226 9222
f 9226 2656 9227
f 9222 9227 2657
f 9226 9227 9222
f 517 8420 9229
f 8420 2442 9230
f 9229 9230 2657
f 8420 9230 9229
f 2442 8417 9232
f 8417 448 9231
f 9232 9231 2658
f 8417 9231 9232
f 2657 9233 9223
f 9233 2658 9234
f 9223 9234 33
f 9233 9234 9223
f 2442 9232 9230
f 9232 2658 9233
f 9230 9233 2657
f 9232 9233 9230
f 349 4913 8143
f 4913 1391 9235
f 8143 9235 2364
f 4913 9235 8143
f 1391 4918 9236
f 4918 18 5977
f 9236 5977 1735
f 4918 5977 9236
f 2364 9237 8146
f 9237 1735 5981
f 8146 5981 13
f 9237 5981 8146
f 1391 9236 9235
f 9236 1735 9237
f 9235 9237 2364
f 9236 9237 9235
f 518 5055 7950
f 5055 1436 9238
f 7950 9238 2307
f 5055 9238 7950
f 1436 5052 9240
f 5052 475 9239
f 9240 9239 2659
f 5052 9239 9240
f 2307 9241 7953
f 9241 2659 9242
f 7953 9242 68
f 9241 9242 7953
f 1436 9240 9238
f 9240 2659 9241
f 9238 9241 2307
f 9240 9241 9238
f 42 5050 9244
f 5050 1434 9243
f 9244 9243 2660
f 5050 9243 9244
f 1434 5047 9245
f 5047 518 7949
f 9245 7949 2306
f 5047 7949 9245
f 2660 9246 9247
f 9246 2306 7947
f 9247 7947 56
f 9246 7947 9247
f 1434 9245 9243
f 9245 2306 9246
f 9243 9246 2660
f 9245 9246 9243
f 451 5274 9249
f 5274 1508 9248
f 9249 9248 2662
f 5274 9248 9249
f 1508 5271 9251
f 5271 23 9250
f 9251 9250 2661
f 5271 9250 9251
f 2662 9252 9254
f 9252 2661 9253
f 9254 9253 568
f 9252 9253 9254
f 1508 9251 9248
f 9251 2661 9252
f 9248 9252 2662
f 9251 9252 9248
f 109 7143 9256
f 7143 2083 9255
f 9256 9255 2664
f 7143 9255 9256
f 2083 7141 9258
f 7141 211 9257
f 9258 9257 2663
f 7141 9257 9258
f 2664 9259 9261
f 9259 2663 9260
f 9261 9260 683
f 9259 9260 9261
f 2083 9258 9255
f 9258 2663 9259
f 9255 9259 2664
f 9258 9259 9255
f 745 8141 9263
f 8141 2365 9262
f 9263 9262 2666
f 8141 9262 9263
f 2365 8147 9265
f 8147 13 9264
f 9265 9264 2665
f 8147 9264 9265
f 2666 9266 9268
f 9266 2665 9267
f 9268 9267 520
f 9266 9267 9268
f 2365 9265 9262
f 9265 2665 9266
f 9262 9266 2666
f 9265 9266 9262
f 6 7364 9270
f 7364 2149 9269
f 9270 9269 2668
f 7364 9269 9270
f 2149 7370 9272
f 7370 578 9271
f 9272 9271 2667
f 7370 9271 9272
f 2668 9273 9275
f 9273 2667 9274
f 9275 9274 520
f 9273 9274 9275
f 2149 9272 9269
f 9272 2667 9273
f 9269 9273 2668
f 9272 9273 9269
f 521 4958 7122
f 4958 1404 9276
f 7122 9276 2076
f 4958 9276 7122
f 1404 4955 9278
f 4955 662 9277
f 9278 9277 2669
f 4955 9277 9278
f 2076 9279 7117
f 9279 2669 9280
f 7117 9280 336
f 9279 9280 7117
f 1404 9278 9276
f 9278 2669 9279
f 9276 9279 2076
f 9278 9279 9276
f 147 8442 9282
f 8442 2449 9281
f 9282 9281 2671
f 8442 9281 9282
f 2449 8440 9284
f 8440 374 9283
f 9284 9283 2670
f 8440 9283 9284
f 2671 9285 9287
f 9285 2670 9286
f 9287 9286 779
f 9285 9286 9287
f 2449 9284 9281
f 9284 2670 9285
f 9281 9285 2671
f 9284 9285 9281
f 523 5215 6980
f 5215 1489 9288
f 6980 9288 2037
f 5215 9288 6980
f 1489 5212 9290
f 5212 58 9289
f 9290 9289 2672
f 5212 9289 9290
f 2037 9291 6983
f 9291 2672 9292
f 6983 9292 326
f 9291 9292 6983
f 1489 9290 9288
f 9290 2672 9291
f 9288 9291 2037
f 9290 9291 9288
f 315 6894 9294
f 6894 2012 9293
f 9294 9293 2673
f 6894 9293 9294
f 2012 6891 9295
f 6891 65 8701
f 9295 8701 2513
f 6891 8701 9295
f 2673 9296 9297
f 9296 2513 8704
f 9297 8704 403
f 9296 8704 9297
f 2012 9295 9293
f 9295 2513 9296
f 9293 9296 2673
f 9295 9296 9293
f 366 7436 9299
f 7436 2170 9298
f 9299 9298 2674
f 7436 9298 9299
f 2170 7442 9300
f 7442 587 5439
f 9300 5439 1561
f 7442 5439 9300
f 2674 9301 9302
f 9301 1561 5436
f 9302 5436 524
f 9301 5436 9302
f 2170 9300 9298
f 9300 1561 9301
f 9298 9301 2674
f 9300 9301 9298
f 466 8633 9304
f 8633 2496 9303
f 9304 9303 2676
f 8633 9303 9304
f 2496 8630 9306
f 8630 41 9305
f 9306 9305 2675
f 8630 9305 9306
f 2676 9307 9309
f 9307 2675 9308
f 9309 9308 258
f 9307 9308 9309
f 2496 9306 9303
f 9306 2675 9307
f 9303 9307 2676
f 9306 9307 9303
f 294 9310 9312
f 9310 2677 9311
f 9312 9311 2679
f 9310 9311 9312
f 2677 9313 9315
f 9313 784 9314
f 9315 9314 2678
f 9313 9314 9315
f 2679 9316 9318
f 9316 2678 9317
f 9318 9317 129
f 9316 9317 9318
f 2677 9315 9311
f 9315 2678 9316
f 9311 9316 2679
f 9315 9316 9311
f 431 9319 8219
f 9319 2680 9320
f 8219 9320 2388
f 9319 9320 8219
f 2680 9321 9323
f 9321 835 9322
f 9323 9322 2681
f 9321 9322 9323
f 2388 9324 8222
f 9324 2681 9325
f 8222 9325 22
f 9324 9325 8222
f 2680 9323 9320
f 9323 2681 9324
f 9320 9324 2388
f 9323 9324 9320
f 251 5233 9327
f 5233 1495 9326
f 9327 9326 2683
f 5233 9326 9327
f 1495 5230 9329
f 5230 49 9328
f 9329 9328 2682
f 5230 9328 9329
f 2683 9330 9332
f 9330 2682 9331
f 9332 9331 326
f 9330 9331 9332
f 1495 9329 9326
f 9329 2682 9330
f 9326 9330 2683
f 9329 9330 9326
f 568 9333 9254
f 9333 2684 9334
f 9254 9334 2662
f 9333 9334 9254
f 2684 9335 9337
f 9335 766 9336
f 9337 9336 2685
f 9335 9336 9337
f 2662 9338 9249
f 9338 2685 9339
f 9249 9339 451
f 9338 9339 9249
f 2684 9337 9334
f 9337 2685 9338
f 9334 9338 2662
f 9337 9338 9334
f 526 9340 4416
f 9340 2686 9341
f 4416 9341 1228
f 9340 9341 4416
f 2686 9342 9344
f 9342 435 9343
f 9344 9343 2687
f 9342 9343 9344
f 1228 9345 4419
f 9345 2687 9346
f 4419 9346 103
f 9345 9346 4419
f 2686 9344 9341
f 9344 2687 9345
f 9341 9345 1228
f 9344 9345 9341
f 193 9347 4412
f 9347 2688 9348
f 4412 9348 1227
f 9347 9348 4412
f 2688 9349 9350
f 9349 373 4423
f 9350 4423 1232
f 9349 4423 9350
f 1227 9351 4415
f 9351 1232 4429
f 4415 4429 526
f 9351 4429 4415
f 2688 9350 9348
f 9350 1232 9351
f 9348 9351 1227
f 9350 9351 9348
f 806 3743 9353
f 3743 1010 9352
f 9353 9352 2690
f 3743 9352 9353
f 1010 3748 9355
f 3748 127 9354
f 9355 9354 2689
f 3748 9354 9355
f 2690 9356 9358
f 9356 2689 9357
f 9358 9357 223
f 9356 9357 9358
f 1010 9355 9352
f 9355 2689 9356
f 9352 9356 2690
f 9355 9356 9352
f 527 6131 9360
f 6131 1782 9359
f 9360 9359 2692
f 6131 9359 9360
f 1782 6128 9362
f 6128 459 9361
f 9362 9361 2691
f 6128 9361 9362
f 2692 9363 9365
f 9363 2691 9364
f 9365 9364 247
f 9363 9364 9365
f 1782 9362 9359
f 9362 2691 9363
f 9359 9363 2692
f 9362 9363 9359
f 455 9366 4972
f 9366 2693 9367
f 4972 9367 1409
f 9366 9367 4972
f 2693 9368 9369
f 9368 708 4873
f 9369 4873 1378
f 9368 4873 9369
f 1409 9370 4966
f 9370 1378 4877
f 4966 4877 37
f 9370 4877 4966
f 2693 9369 9367
f 9369 1378 9370
f 9367 9370 1409
f 9369 9370 9367
f 313 9371 7812
f 9371 2694 9372
f 7812 9372 2271
f 9371 9372 7812
f 2694 9373 9374
f 9373 728 8818
f 9374 8818 2543
f 9373 8818 9374
f 2271 9375 7809
f 9375 2543 8815
f 7809 8815 477
f 9375 8815 7809
f 2694 9374 9372
f 9374 2543 9375
f 9372 9375 2271
f 9374 9375 9372
f 55 6344 9377
f 6344 1844 9376
f 9377 9376 2695
f 6344 9376 9377
f 1844 6341 9378
f 6341 52 7773
f 9378 7773 2260
f 6341 7773 9378
f 2695 9379 9380
f 9379 2260 7770
f 9380 7770 253
f 9379 7770 9380
f 1844 9378 9376
f 9378 2260 9379
f 9376 9379 2695
f 9378 9379 9376
f 322 4742 9382
f 4742 1335 9381
f 9382 9381 2697
f 4742 9381 9382
f 1335 4739 9384
f 4739 41 9383
f 9384 9383 2696
f 4739 9383 9384
f 2697 9385 9387
f 9385 2696 9386
f 9387 9386 681
f 9385 9386 9387
f 1335 9384 9381
f 9384 2696 9385
f 9381 9385 2697
f 9384 9385 9381
f 321 5073 7799
f 5073 1442 9388
f 7799 9388 2269
f 5073 9388 7799
f 1442 5070 9390
f 5070 250 9389
f 9390 9389 2698
f 5070 9389 9390
f 2269 9391 7802
f 9391 2698 9392
f 7802 9392 31
f 9391 9392 7802
f 1442 9390 9388
f 9390 2698 9391
f 9388 9391 2269
f 9390 9391 9388
f 528 9393 9395
f 9393 2699 9394
f 9395 9394 2700
f 9393 9394 9395
f 2699 9396 9397
f 9396 56 6959
f 9397 6959 2030
f 9396 6959 9397
f 2700 9398 9399
f 9398 2030 6956
f 9399 6956 605
f 9398 6956 9399
f 2699 9397 9394
f 9397 2030 9398
f 9394 9398 2700
f 9397 9398 9394
f 528 9400 9393
f 9400 2701 9401
f 9393 9401 2699
f 9400 9401 9393
f 2701 9402 9404
f 9402 586 9403
f 9404 9403 2702
f 9402 9403 9404
f 2699 9405 9396
f 9405 2702 9406
f 9396 9406 56
f 9405 9406 9396
f 2701 9404 9401
f 9404 2702 9405
f 9401 9405 2699
f 9404 9405 9401
f 143 9407 9409
f 9407 2703 9408
f 9409 9408 2705
f 9407 9408 9409
f 2703 9410 9412
f 9410 470 9411
f 9412 9411 2704
f 9410 9411 9412
f 2705 9413 9415
f 9413 2704 9414
f 9415 9414 245
f 9413 9414 9415
f 2703 9412 9408
f 9412 2704 9413
f 9408 9413 2705
f 9412 9413 9408
f 600 9416 7845
f 9416 2706 9417
f 7845 9417 2280
f 9416 9417 7845
f 2706 9418 9419
f 9418 86 4521
f 9419 4521 1262
f 9418 4521 9419
f 2280 9420 7839
f 9420 1262 4518
f 7839 4518 444
f 9420 4518 7839
f 2706 9419 9417
f 9419 1262 9420
f 9417 9420 2280
f 9419 9420 9417
f 529 8487 7731
f 8487 2460 9421
f 7731 9421 2252
f 8487 9421 7731
f 2460 8484 9422
f 8484 389 6204
f 9422 6204 1803
f 8484 6204 9422
f 2252 9423 7734
f 9423 1803 6207
f 7734 6207 259
f 9423 6207 7734
f 2460 9422 9421
f 9422 1803 9423
f 9421 9423 2252
f 9422 9423 9421
f 267 9424 3846
f 9424 2707 9425
f 3846 9425 1041
f 9424 9425 3846
f 2707 9426 9428
f 9426 198 9427
f 9428 9427 2708
f 9426 9427 9428
f 1041 9429 3840
f 9429 2708 9430
f 3840 9430 133
f 9429 9430 3840
f 2707 9428 9425
f 9428 2708 9429
f 9425 9429 1041
f 9428 9429 9425
f 385 8723 7706
f 8723 2517 9431
f 7706 9431 2245
f 8723 9431 7706
f 2517 8720 9433
f 8720 828 9432
f 9433 9432 2709
f 8720 9432 9433
f 2245 9434 7702
f 9434 2709 9435
f 7702 9435 133
f 9434 9435 7702
f 2517 9433 9431
f 9433 2709 9434
f 9431 9434 2245
f 9433 9434 9431
f 300 9436 6690
f 9436 2710 9437
f 6690 9437 1952
f 9436 9437 6690
f 2710 9438 9440
f 9438 681 9439
f 9440 9439 2711
f 9438 9439 9440
f 1952 9441 6693
f 9441 2711 9442
f 6693 9442 30
f 9441 9442 6693
f 2710 9440 9437
f 9440 2711 9441
f 9437 9441 1952
f 9440 9441 9437
f 117 9443 9445
f 9443 2712 9444
f 9445 9444 2713
f 9443 9444 9445
f 2712 9446 9447
f 9446 316 4279
f 9447 4279 1182
f 9446 4279 9447
f 2713 9448 9449
f 9448 1182 4276
f 9449 4276 531
f 9448 4276 9449
f 2712 9447 9444
f 9447 1182 9448
f 9444 9448 2713
f 9447 9448 9444
f 531 4275 6243
f 4275 1181 9450
f 6243 9450 1814
f 4275 9450 6243
f 1181 4272 9452
f 4272 131 9451
f 9452 9451 2714
f 4272 9451 9452
f 1814 9453 6246
f 9453 2714 9454
f 6246 9454 122
f 9453 9454 6246
f 1181 9452 9450
f 9452 2714 9453
f 9450 9453 1814
f 9452 9453 9450
f 532 7459 8077
f 7459 2177 9455
f 8077 9455 2344
f 7459 9455 8077
f 2177 7465 9457
f 7465 367 9456
f 9457 9456 2715
f 7465 9456 9457
f 2344 9458 8079
f 9458 2715 9459
f 8079 9459 723
f 9458 9459 8079
f 2177 9457 9455
f 9457 2715 9458
f 9455 9458 2344
f 9457 9458 9455
f 93 8480 7526
f 8480 2459 9460
f 7526 9460 2196
f 8480 9460 7526
f 2459 8478 9461
f 8478 309 6830
f 9461 6830 1994
f 8478 6830 9461
f 2196 9462 7528
f 9462 1994 6827
f 7528 6827 94
f 9462 6827 7528
f 2459 9461 9460
f 9461 1994 9462
f 9460 9462 2196
f 9461 9462 9460
f 248 9463 9465
f 9463 2716 9464
f 9465 9464 2718
f 9463 9464 9465
f 2716 9466 9468
f 9466 160 9467
f 9468 9467 2717
f 9466 9467 9468
f 2718 9469 9471
f 9469 2717 9470
f 9471 9470 533
f 9469 9470 9471
f 2716 9468 9464
f 9468 2717 9469
f 9464 9469 2718
f 9468 9469 9464
f 685 6106 9473
f 6106 1774 9472
f 9473 9472 2719
f 6106 9472 9473
f 1774 6103 9474
f 6103 744 6637
f 9474 6637 1935
f 6103 6637 9474
f 2719 9475 9476
f 9475 1935 6634
f 9476 6634 533
f 9475 6634 9476
f 1774 9474 9472
f 9474 1935 9475
f 9472 9475 2719
f 9474 9475 9472
f 534 9477 6999
f 9477 2720 9478
f 6999 9478 2042
f 9477 9478 6999
f 2720 9479 9481
f 9479 329 9480
f 9481 9480 2721
f 9479 9480 9481
f 2042 9482 7001
f 9482 2721 9483
f 7001 9483 674
f 9482 9483 7001
f 2720 9481 9478
f 9481 2721 9482
f 9478 9482 2042
f 9481 9482 9478
f 87 9484 6277
f 9484 2722 9485
f 6277 9485 1823
f 9484 9485 6277
f 2722 9486 9487
f 9486 268 7928
f 9487 7928 2300
f 9486 7928 9487
f 1823 9488 6271
f 9488 2300 7925
f 6271 7925 726
f 9488 7925 6271
f 2722 9487 9485
f 9487 2300 9488
f 9485 9488 1823
f 9487 9488 9485
f 535 6708 5247
f 6708 1958 9489
f 5247 9489 1500
f 6708 9489 5247
f 1958 6712 9490
f 6712 72 7778
f 9490 7778 2262
f 6712 7778 9490
f 1500 9491 5241
f 9491 2262 7775
f 5241 7775 393
f 9491 7775 5241
f 1958 9490 9489
f 9490 2262 9491
f 9489 9491 1500
f 9490 9491 9489
f 589 8576 3694
f 8576 2481 9492
f 3694 9492 993
f 8576 9492 3694
f 2481 8573 9493
f 8573 711 9163
f 9493 9163 2637
f 8573 9163 9493
f 993 9494 3697
f 9494 2637 9160
f 3697 9160 377
f 9494 9160 3697
f 2481 9493 9492
f 9493 2637 9494
f 9492 9494 993
f 9493 9494 9492
f 63 6201 9496
f 6201 1801 9495
f 9496 9495 2723
f 6201 9495 9496
f 1801 6198 9497
f 6198 51 4644
f 9497 4644 1305
f 6198 4644 9497
f 2723 9498 9499
f 9498 1305 4650
f 9499 4650 598
f 9498 4650 9499
f 1801 9497 9495
f 9497 1305 9498
f 9495 9498 2723
f 9497 9498 9495
f 392 7676 4857
f 7676 2238 9500
f 4857 9500 1372
f 7676 9500 4857
f 2238 7680 9502
f 7680 318 9501
f 9502 9501 2724
f 7680 9501 9502
f 1372 9503 4860
f 9503 2724 9504
f 4860 9504 40
f 9503 9504 4860
f 2238 9502 9500
f 9502 2724 9503
f 9500 9503 1372
f 9502 9503 9500
f 156 6988 3894
f 6988 2040 9505
f 3894 9505 1057
f 6988 9505 3894
f 2040 6993 9506
f 6993 314 6174
f 9506 6174 1793
f 6993 6174 9506
f 1057 9507 3897
f 9507 1793 6171
f 3897 6171 191
f 9507 6171 3897
f 2040 9506 9505
f 9506 1793 9507
f 9505 9507 1057
f 9506 9507 9505
f 438 9508 3294
f 9508 2725 9509
f 3294 9509 860
f 9508 9509 3294
f 2725 9510 9511
f 9510 812 6520
f 9511 6520 1901
f 9510 6520 9511
f 860 9512 3297
f 9512 1901 6526
f 3297 6526 620
f 9512 6526 3297
f 2725 9511 9509
f 9511 1901 9512
f 9509 9512 860
f 9511 9512 9509
f 537 7556 3994
f 7556 2206 9513
f 3994 9513 1089
f 7556 9513 3994
f 2206 7562 9514
f 7562 623 3865
f 9514 3865 1049
f 7562 3865 9514
f 1089 9515 3997
f 9515 1049 3871
f 3997 3871 141
f 9515 3871 3997
f 2206 9514 9513
f 9514 1049 9515
f 9513 9515 1089
f 9514 9515 9513
f 591 9516 3990
f 9516 2726 9517
f 3990 9517 1088
f 9516 9517 3990
f 2726 9518 9519
f 9518 132 5598
f 9519 5598 1612
f 9518 5598 9519
f 1088 9520 3993
f 9520 1612 5595
f 3993 5595 537
f 9520 5595 3993
f 2726 9519 9517
f 9519 1612 9520
f 9517 9520 1088
f 9519 9520 9517
f 249 6124 9522
f 6124 1780 9521
f 9522 9521 2728
f 6124 9521 9522
f 1780 6121 9524
f 6121 75 9523
f 9524 9523 2727
f 6121 9523 9524
f 2728 9525 9527
f 9525 2727 9526
f 9527 9526 393
f 9525 9526 9527
f 1780 9524 9521
f 9524 2727 9525
f 9521 9525 2728
f 9524 9525 9521
f 774 7026 4526
f 7026 2049 9528
f 4526 9528 1264
f 7026 9528 4526
f 2049 7029 9529
f 7029 196 6052
f 9529 6052 1760
f 7029 6052 9529
f 1264 9530 4520
f 9530 1760 6058
f 4520 6058 444
f 9530 6058 4520
f 2049 9529 9528
f 9529 1760 9530
f 9528 9530 1264
f 9529 9530 9528
f 190 9531 9533
f 9531 2729 9532
f 9533 9532 2730
f 9531 9532 9533
f 2729 9534 9535
f 9534 539 6778
f 9535 6778 1978
f 9534 6778 9535
f 2730 9536 9537
f 9536 1978 6775
f 9537 6775 152
f 9536 6775 9537
f 2729 9535 9532
f 9535 1978 9536
f 9532 9536 2730
f 9535 9536 9532
f 539 4169 6779
f 4169 1146 9538
f 6779 9538 1979
f 4169 9538 6779
f 1146 4166 9540
f 4166 564 9539
f 9540 9539 2731
f 4166 9539 9540
f 1979 9541 6782
f 9541 2731 9542
f 6782 9542 144
f 9541 9542 6782
f 1146 9540 9538
f 9540 2731 9541
f 9538 9541 1979
f 9540 9541 9538
f 540 9543 5577
f 9543 2732 9544
f 5577 9544 1606
f 9543 9544 5577
f 2732 9545 9547
f 9545 811 9546
f 9547 9546 2733
f 9545 9546 9547
f 1606 9548 5580
f 9548 2733 9549
f 5580 9549 137
f 9548 9549 5580
f 2732 9547 9544
f 9547 2733 9548
f 9544 9548 1606
f 9547 9548 9544
f 683 4245 9551
f 4245 1171 9550
f 9551 9550 2734
f 4245 9550 9551
f 1171 4242 9552
f 4242 107 4356
f 9552 4356 1207
f 4242 4356 9552
f 2734 9553 9554
f 9553 1207 4353
f 9554 4353 453
f 9553 4353 9554
f 1171 9552 9550
f 9552 1207 9553
f 9550 9553 2734
f 9552 9553 9550
f 88 9555 8673
f 9555 2735 9556
f 8673 9556 2507
f 9555 9556 8673
f 2735 9557 9558
f 9557 394 4478
f 9558 4478 1248
f 9557 4478 9558
f 2507 9559 8675
f 9559 1248 4475
f 8675 4475 81
f 9559 4475 8675
f 2735 9558 9556
f 9558 1248 9559
f 9556 9559 2507
f 9558 9559 9556
f 325 9560 5768
f 9560 2736 9561
f 5768 9561 1668
f 9560 9561 5768
f 2736 9562 9564
f 9562 819 9563
f 9564 9563 2737
f 9562 9563 9564
f 1668 9565 5771
f 9565 2737 9566
f 5771 9566 100
f 9565 9566 5771
f 2736 9564 9561
f 9564 2737 9565
f 9561 9565 1668
f 9564 9565 9561
f 324 9567 7426
f 9567 2738 9568
f 7426 9568 2165
f 9567 9568 7426
f 2738 9569 9570
f 9569 456 8525
f 9570 8525 2470
f 9569 8525 9570
f 2165 9571 7423
f 9571 2470 8528
f 7423 8528 273
f 9571 8528 7423
f 2738 9570 9568
f 9570 2470 9571
f 9568 9571 2165
f 9570 9571 9568
f 739 9572 4923
f 9572 2739 9573
f 4923 9573 1393
f 9572 9573 4923
f 2739 9574 9575
f 9574 729 6438
f 9575 6438 1873
f 9574 6438 9575
f 1393 9576 4926
f 9576 1873 6435
f 4926 6435 7
f 9576 6435 4926
f 2739 9575 9573
f 9575 1873 9576
f 9573 9576 1393
f 9575 9576 9573
f 543 9577 9579
f 9577 2740 9578
f 9579 9578 2741
f 9577 9578 9579
f 2740 9580 9581
f 9580 578 7369
f 9581 7369 2148
f 9580 7369 9581
f 2741 9582 9583
f 9582 2148 7366
f 9583 7366 282
f 9582 7366 9583
f 2740 9581 9578
f 9581 2148 9582
f 9578 9582 2741
f 9581 9582 9578
f 472 3832 6928
f 3832 1036 9584
f 6928 9584 2023
f 3832 9584 6928
f 1036 3829 9586
f 3829 118 9585
f 9586 9585 2742
f 3829 9585 9586
f 2023 9587 6930
f 9587 2742 9588
f 6930 9588 385
f 9587 9588 6930
f 1036 9586 9584
f 9586 2742 9587
f 9584 9587 2023
f 9586 9587 9584
f 544 9589 4712
f 9589 2743 9590
f 4712 9590 1326
f 9589 9590 4712
f 2743 9591 9593
f 9591 40 9592
f 9593 9592 2744
f 9591 9592 9593
f 1326 9594 4715
f 9594 2744 9595
f 4715 9595 610
f 9594 9595 4715
f 2743 9593 9590
f 9593 2744 9594
f 9590 9594 1326
f 9593 9594 9590
f 315 9294 9597
f 9294 2673 9596
f 9597 9596 2745
f 9294 9596 9597
f 2673 9297 9598
f 9297 403 7875
f 9598 7875 2287
f 9297 7875 9598
f 2745 9599 9600
f 9599 2287 7873
f 9600 7873 458
f 9599 7873 9600
f 2673 9598 9596
f 9598 2287 9599
f 9596 9599 2745
f 9598 9599 9596
f 73 5646 5202
f 5646 1628 9601
f 5202 9601 1485
f 5646 9601 5202
f 1628 5643 9603
f 5643 545 9602
f 9603 9602 2746
f 5643 9602 9603
f 1485 9604 5196
f 9604 2746 9605
f 5196 9605 204
f 9604 9605 5196
f 1628 9603 9601
f 9603 2746 9604
f 9601 9604 1485
f 9603 9604 9601
f 3 8569 9607
f 8569 2479 9606
f 9607 9606 2747
f 8569 9606 9607
f 2479 8566 9608
f 8566 461 8560
f 9608 8560 2478
f 8566 8560 9608
f 2747 9609 9610
f 9609 2478 8565
f 9610 8565 180
f 9609 8565 9610
f 2479 9608 9606
f 9608 2478 9609
f 9606 9609 2747
f 9608 9609 9606
f 158 3310 9612
f 3310 864 9611
f 9612 9611 2748
f 3310 9611 9612
f 864 3307 9613
f 3307 438 3296
f 9613 3296 862
f 3307 3296 9613
f 2748 9614 9615
f 9614 862 3302
f 9615 3302 163
f 9614 3302 9615
f 864 9613 9611
f 9613 862 9614
f 9611 9614 2748
f 9613 9614 9611
f 143 9616 9155
f 9616 2749 9617
f 9155 9617 2635
f 9616 9617 9155
f 2749 9618 9619
f 9618 285 5332
f 9619 5332 1527
f 9618 5332 9619
f 2635 9620 9150
f 9620 1527 5329
f 9150 5329 136
f 9620 5329 9150
f 2749 9619 9617
f 9619 1527 9620
f 9617 9620 2635
f 9619 9620 9617
f 370 3770 7491
f 3770 1017 9621
f 7491 9621 2184
f 3770 9621 7491
f 1017 3767 9623
f 3767 710 9622
f 9623 9622 2750
f 3767 9622 9623
f 2184 9624 7486
f 9624 2750 9625
f 7486 9625 151
f 9624 9625 7486
f 1017 9623 9621
f 9623 2750 9624
f 9621 9624 2184
f 9623 9624 9621
f 114 8797 9627
f 8797 2538 9626
f 9627 9626 2751
f 8797 9626 9627
f 2538 8802 9628
f 8802 118 6505
f 9628 6505 1895
f 8802 6505 9628
f 2751 9629 9630
f 9629 1895 6502
f 9630 6502 284
f 9629 6502 9630
f 2538 9628 9626
f 9628 1895 9629
f 9626 9629 2751
f 9628 9629 9626
f 118 8801 9585
f 8801 2537 9631
f 9585 9631 2742
f 8801 9631 9585
f 2537 8798 9632
f 8798 256 8727
f 9632 8727 2518
f 8798 8727 9632
f 2742 9633 9588
f 9633 2518 8724
f 9588 8724 385
f 9633 8724 9588
f 2537 9632 9631
f 9632 2518 9633
f 9631 9633 2742
f 9632 9633 9631
f 612 5906 3654
f 5906 1712 9634
f 3654 9634 980
f 5906 9634 3654
f 1712 5904 9636
f 5904 317 9635
f 9636 9635 2752
f 5904 9635 9636
f 980 9637 3657
f 9637 2752 9638
f 3657 9638 64
f 9637 9638 3657
f 1712 9636 9634
f 9636 2752 9637
f 9634 9637 980
f 9636 9637 9634
f 515 7033 9220
f 7033 2050 9639
f 9220 9639 2654
f 7033 9639 9220
f 2050 7030 9641
f 7030 805 9640
f 9641 9640 2753
f 7030 9640 9641
f 2654 9642 9214
f 9642 2753 9643
f 9214 9643 331
f 9642 9643 9214
f 2050 9641 9639
f 9641 2753 9642
f 9639 9642 2654
f 9641 9642 9639
f 547 9644 3680
f 9644 2754 9645
f 3680 9645 988
f 9644 9645 3680
f 2754 9646 9648
f 9646 625 9647
f 9648 9647 2755
f 9646 9647 9648
f 988 9649 3674
f 9649 2755 9650
f 3674 9650 128
f 9649 9650 3674
f 2754 9648 9645
f 9648 2755 9649
f 9645 9649 988
f 9648 9649 9645
f 38 5134 6902
f 5134 1462 9651
f 6902 9651 2015
f 5134 9651 6902
f 1462 5131 9653
f 5131 655 9652
f 9653 9652 2756
f 5131 9652 9653
f 2015 9654 6905
f 9654 2756 9655
f 6905 9655 251
f 9654 9655 6905
f 1462 9653 9651
f 9653 2756 9654
f 9651 9654 2015
f 9653 9654 9651
f 548 8627 9657
f 8627 2495 9656
f 9657 9656 2757
f 8627 9656 9657
f 2495 8625 9658
f 8625 26 5129
f 9658 5129 1460
f 8625 5129 9658
f 2757 9659 9660
f 9659 1460 5126
f 9660 5126 298
f 9659 5126 9660
f 2495 9658 9656
f 9658 1460 9659
f 9656 9659 2757
f 9658 9659 9656
f 549 9661 5522
f 9661 2758 9662
f 5522 9662 1588
f 9661 9662 5522
f 2758 9663 9664
f 9663 395 7792
f 9664 7792 2267
f 9663 7792 9664
f 1588 9665 5518
f 9665 2267 7795
f 5518 7795 257
f 9665 7795 5518
f 2758 9664 9662
f 9664 2267 9665
f 9662 9665 1588
f 9664 9665 9662
f 306 9666 9668
f 9666 2759 9667
f 9668 9667 2760
f 9666 9667 9668
f 2759 9669 9670
f 9669 140 4182
f 9670 4182 1150
f 9669 4182 9670
f 2760 9671 9672
f 9671 1150 4179
f 9672 4179 603
f 9671 4179 9672
f 2759 9670 9667
f 9670 1150 9671
f 9667 9671 2760
f 9670 9671 9667
f 452 5205 7612
f 5205 1488 9673
f 7612 9673 2221
f 5205 9673 7612
f 1488 5211 9674
f 5211 57 6251
f 9674 6251 1816
f 5211 6251 9674
f 2221 9675 7614
f 9675 1816 6254
f 7614 6254 333
f 9675 6254 7614
f 1488 9674 9673
f 9674 1816 9675
f 9673 9675 2221
f 9674 9675 9673
f 552 5784 4928
f 5784 1672 9676
f 4928 9676 1395
f 5784 9676 4928
f 1672 5781 9678
f 5781 222 9677
f 9678 9677 2761
f 5781 9677 9678
f 1395 9679 4931
f 9679 2761 9680
f 4931 9680 701
f 9679 9680 4931
f 1672 9678 9676
f 9678 2761 9679
f 9676 9679 1395
f 9678 9679 9676
f 552 9681 5785
f 9681 2762 9682
f 5785 9682 1673
f 9681 9682 5785
f 2762 9683 9685
f 9683 677 9684
f 9685 9684 2763
f 9683 9684 9685
f 1673 9686 5779
f 9686 2763 9687
f 5779 9687 292
f 9686 9687 5779
f 2762 9685 9682
f 9685 2763 9686
f 9682 9686 1673
f 9685 9686 9682
f 301 4005 9689
f 4005 1092 9688
f 9689 9688 2764
f 4005 9688 9689
f 1092 4002 9690
f 4002 454 8510
f 9690 8510 2466
f 4002 8510 9690
f 2764 9691 9692
f 9691 2466 8507
f 9692 8507 397
f 9691 8507 9692
f 1092 9690 9688
f 9690 2466 9691
f 9688 9691 2764
f 9690 9691 9688
f 272 5630 7711
f 5630 1623 9693
f 7711 9693 2246
f 5630 9693 7711
f 1623 5627 9694
f 5627 274 4361
f 9694 4361 1209
f 5627 4361 9694
f 2246 9695 7708
f 9695 1209 4358
f 7708 4358 99
f 9695 4358 7708
f 1623 9694 9693
f 9694 1209 9695
f 9693 9695 2246
f 9694 9695 9693
f 221 3283 7982
f 3283 855 9696
f 7982 9696 2316
f 3283 9696 7982
f 855 3280 9698
f 3280 809 9697
f 9698 9697 2765
f 3280 9697 9698
f 2316 9699 7984
f 9699 2765 9700
f 7984 9700 97
f 9699 9700 7984
f 855 9698 9696
f 9698 2765 9699
f 9696 9699 2316
f 9698 9699 9696
f 581 8009 9000
f 8009 2322 9701
f 9000 9701 2592
f 8009 9701 9000
f 2322 8006 9702
f 8006 638 5961
f 9702 5961 1730
f 8006 5961 9702
f 2592 9703 8996
f 9703 1730 5965
f 8996 5965 417
f 9703 5965 8996
f 2322 9702 9701
f 9702 1730 9703
f 9701 9703 2592
f 9702 9703 9701
f 555 9704 9706
f 9704 2766 9705
f 9706 9705 2768
f 9704 9705 9706
f 2766 9707 9709
f 9707 796 9708
f 9709 9708 2767
f 9707 9708 9709
f 2768 9710 9712
f 9710 2767 9711
f 9712 9711 287
f 9710 9711 9712
f 2766 9709 9705
f 9709 2767 9710
f 9705 9710 2768
f 9709 9710 9705
f 101 8317 6217
f 8317 2415 9713
f 6217 9713 1807
f 8317 9713 6217
f 2415 8315 9715
f 8315 102 9714
f 9715 9714 2769
f 8315 9714 9715
f 1807 9716 6219
f 9716 2769 9717
f 6219 9717 758
f 9716 9717 6219
f 2415 9715 9713
f 9715 2769 9716
f 9713 9716 1807
f 9715 9716 9713
f 597 7473 9719
f 7473 2179 9718
f 9719 9718 2770
f 7473 9718 9719
f 2179 7471 9720
f 7471 650 6848
f 9720 6848 2000
f 7471 6848 9720
f 2770 9721 9722
f 9721 2000 6846
f 9722 6846 247
f 9721 6846 9722
f 2179 9720 9718
f 9720 2000 9721
f 9718 9721 2770
f 9720 9721 9718
f 686 9723 9725
f 9723 2771 9724
f 9725 9724 2773
f 9723 9724 9725
f 2771 9726 9728
f 9726 689 9727
f 9728 9727 2772
f 9726 9727 9728
f 2773 9729 9731
f 9729 2772 9730
f 9731 9730 489
f 9729 9730 9731
f 2771 9728 9724
f 9728 2772 9729
f 9724 9729 2773
f 9728 9729 9724
f 698 9732 9734
f 9732 2774 9733
f 9734 9733 2775
f 9732 9733 9734
f 2774 9735 9736
f 9735 818 8093
f 9736 8093 2350
f 9735 8093 9736
f 2775 9737 9738
f 9737 2350 8099
f 9738 8099 617
f 9737 8099 9738
f 2774 9736 9733
f 9736 2350 9737
f 9733 9737 2775
f 9736 9737 9733
f 799 9739 9741
f 9739 2776 9740
f 9741 9740 2778
f 9739 9740 9741
f 2776 9742 9744
f 9742 162 9743
f 9744 9743 2777
f 9742 9743 9744
f 2778 9745 9747
f 9745 2777 9746
f 9747 9746 736
f 9745 9746 9747
f 2776 9744 9740
f 9744 2777 9745
f 9740 9745 2778
f 9744 9745 9740
f 845 9748 9750
f 9748 2779 9749
f 9750 9749 2781
f 9748 9749 9750
f 2779 9751 9753
f 9751 442 9752
f 9753 9752 2780
f 9751 9752 9753
f 2781 9754 9756
f 9754 2780 9755
f 9756 9755 737
f 9754 9755 9756
f 2779 9753 9749
f 9753 2780 9754
f 9749 9754 2781
f 9753 9754 9749
f 692 7225 9758
f 7225 2107 9757
f 9758 9757 2783
f 7225 9757 9758
f 2107 7222 9760
f 7222 631 9759
f 9760 9759 2782
f 7222 9759 9760
f 2783 9761 9763
f 9761 2782 9762
f 9763 9762 561
f 9761 9762 9763
f 2107 9760 9757
f 9760 2782 9761
f 9757 9761 2783
f 9760 9761 9757
f 632 9764 9766
f 9764 2784 9765
f 9766 9765 2786
f 9764 9765 9766
f 2784 9767 9769
f 9767 759 9768
f 9769 9768 2785
f 9767 9768 9769
f 2786 9770 9772
f 9770 2785 9771
f 9772 9771 342
f 9770 9771 9772
f 2784 9769 9765
f 9769 2785 9770
f 9765 9770 2786
f 9769 9770 9765
f 563 9065 4104
f 9065 2611 9773
f 4104 9773 1125
f 9065 9773 4104
f 2611 9068 9775
f 9068 348 9774
f 9775 9774 2787
f 9068 9774 9775
f 1125 9776 4098
f 9776 2787 9777
f 4098 9777 164
f 9776 9777 4098
f 2611 9775 9773
f 9775 2787 9776
f 9773 9776 1125
f 9775 9776 9773
f 170 8087 9073
f 8087 2346 9778
f 9073 9778 2613
f 8087 9778 9073
f 2346 8084 9780
f 8084 820 9779
f 9780 9779 2788
f 8084 9779 9780
f 2613 9781 9076
f 9781 2788 9782
f 9076 9782 767
f 9781 9782 9076
f 2346 9780 9778
f 9780 2788 9781
f 9778 9781 2613
f 9780 9781 9778
f 779 5468 9784
f 5468 1571 9783
f 9784 9783 2790
f 5468 9783 9784
f 1571 5466 9786
f 5466 305 9785
f 9786 9785 2789
f 5466 9785 9786
f 2790 9787 9789
f 9787 2789 9788
f 9789 9788 157
f 9787 9788 9789
f 1571 9786 9783
f 9786 2789 9787
f 9783 9787 2790
f 9786 9787 9783
f 374 9790 9792
f 9790 2791 9791
f 9792 9791 2793
f 9790 9791 9792
f 2791 9793 9795
f 9793 680 9794
f 9795 9794 2792
f 9793 9794 9795
f 2793 9796 9798
f 9796 2792 9797
f 9798 9797 564
f 9796 9797 9798
f 2791 9795 9791
f 9795 2792 9796
f 9791 9796 2793
f 9795 9796 9791
f 565 3413 9194
f 3413 901 9799
f 9194 9799 2647
f 3413 9799 9194
f 901 3419 9800
f 3419 154 5872
f 9800 5872 1703
f 3419 5872 9800
f 2647 9801 9197
f 9801 1703 5878
f 9197 5878 513
f 9801 5878 9197
f 901 9800 9799
f 9800 1703 9801
f 9799 9801 2647
f 9800 9801 9799
f 647 4336 7413
f 4336 1201 9802
f 7413 9802 2162
f 4336 9802 7413
f 1201 4333 9804
f 4333 429 9803
f 9804 9803 2794
f 4333 9803 9804
f 2162 9805 7416
f 9805 2794 9806
f 7416 9806 784
f 9805 9806 7416
f 1201 9804 9802
f 9804 2794 9805
f 9802 9805 2162
f 9804 9805 9802
f 566 9807 8048
f 9807 2795 9808
f 8048 9808 2335
f 9807 9808 8048
f 2795 9809 9810
f 9809 742 8749
f 9810 8749 2524
f 9809 8749 9810
f 2335 9811 8042
f 9811 2524 8746
f 8042 8746 283
f 9811 8746 8042
f 2795 9810 9808
f 9810 2524 9811
f 9808 9811 2335
f 9810 9811 9808
f 699 3549 9813
f 3549 944 9812
f 9813 9812 2797
f 3549 9812 9813
f 944 3546 9815
f 3546 778 9814
f 9815 9814 2796
f 3546 9814 9815
f 2797 9816 9818
f 9816 2796 9817
f 9818 9817 567
f 9816 9817 9818
f 944 9815 9812
f 9815 2796 9816
f 9812 9816 2797
f 9815 9816 9812
f 780 9819 8019
f 9819 2798 9820
f 8019 9820 2326
f 9819 9820 8019
f 2798 9821 9823
f 9821 4 9822
f 9823 9822 2799
f 9821 9822 9823
f 2326 9824 8022
f 9824 2799 9825
f 8022 9825 567
f 9824 9825 8022
f 2798 9823 9820
f 9823 2799 9824
f 9820 9824 2326
f 9823 9824 9820
f 434 9826 8986
f 9826 2800 9827
f 8986 9827 2588
f 9826 9827 8986
f 2800 9828 9830
f 9828 783 9829
f 9830 9829 2801
f 9828 9829 9830
f 2588 9831 8982
f 9831 2801 9832
f 8982 9832 705
f 9831 9832 8982
f 2800 9830 9827
f 9830 2801 9831
f 9827 9831 2588
f 9830 9831 9827
f 569 9833 9835
f 9833 2802 9834
f 9835 9834 2804
f 9833 9834 9835
f 2802 9836 9838
f 9836 667 9837
f 9838 9837 2803
f 9836 9837 9838
f 2804 9839 9841
f 9839 2803 9840
f 9841 9840 484
f 9839 9840 9841
f 2802 9838 9834
f 9838 2803 9839
f 9834 9839 2804
f 9838 9839 9834
f 799 9842 9739
f 9842 2805 9843
f 9739 9843 2776
f 9842 9843 9739
f 2805 9844 9846
f 9844 798 9845
f 9846 9845 2806
f 9844 9845 9846
f 2776 9847 9742
f 9847 2806 9848
f 9742 9848 162
f 9847 9848 9742
f 2805 9846 9843
f 9846 2806 9847
f 9843 9847 2776
f 9846 9847 9843
f 570 9849 3410
f 9849 2807 9850
f 3410 9850 898
f 9849 9850 3410
f 2807 9851 9852
f 9851 276 8321
f 9852 8321 2417
f 9851 8321 9852
f 898 9853 3404
f 9853 2417 8326
f 3404 8326 441
f 9853 8326 3404
f 2807 9852 9850
f 9852 2417 9853
f 9850 9853 898
f 9852 9853 9850
f 280 3621 9855
f 3621 968 9854
f 9855 9854 2809
f 3621 9854 9855
f 968 3618 9857
f 3618 213 9856
f 9857 9856 2808
f 3618 9856 9857
f 2809 9858 9860
f 9858 2808 9859
f 9860 9859 350
f 9858 9859 9860
f 968 9857 9854
f 9857 2808 9858
f 9854 9858 2809
f 9857 9858 9854
f 175 9861 9863
f 9861 2810 9862
f 9863 9862 2811
f 9861 9862 9863
f 2810 9864 9865
f 9864 572 6397
f 9865 6397 1860
f 9864 6397 9865
f 2811 9866 9867
f 9866 1860 6394
f 9867 6394 721
f 9866 6394 9867
f 2810 9865 9862
f 9865 1860 9866
f 9862 9866 2811
f 9865 9866 9862
f 762 9868 9041
f 9868 2812 9869
f 9041 9869 2604
f 9868 9869 9041
f 2812 9870 9871
f 9870 485 6392
f 9871 6392 1861
f 9870 6392 9871
f 2604 9872 9044
f 9872 1861 6398
f 9044 6398 572
f 9872 6398 9044
f 2812 9871 9869
f 9871 1861 9872
f 9869 9872 2604
f 9871 9872 9869
f 427 9873 9875
f 9873 2813 9874
f 9875 9874 2815
f 9873 9874 9875
f 2813 9876 9878
f 9876 816 9877
f 9878 9877 2814
f 9876 9877 9878
f 2815 9879 9881
f 9879 2814 9880
f 9881 9880 754
f 9879 9880 9881
f 2813 9878 9874
f 9878 2814 9879
f 9874 9879 2815
f 9878 9879 9874
f 573 9882 9025
f 9882 2816 9883
f 9025 9883 2600
f 9882 9883 9025
f 2816 9884 9885
f 9884 233 5936
f 9885 5936 1721
f 9884 5936 9885
f 2600 9886 9028
f 9886 1721 5933
f 9028 5933 496
f 9886 5933 9028
f 2816 9885 9883
f 9885 1721 9886
f 9883 9886 2600
f 9885 9886 9883
f 574 9887 4809
f 9887 2817 9888
f 4809 9888 1357
f 9887 9888 4809
f 2817 9889 9890
f 9889 520 9267
f 9890 9267 2665
f 9889 9267 9890
f 1357 9891 4812
f 9891 2665 9264
f 4812 9264 13
f 9891 9264 4812
f 2817 9890 9888
f 9890 2665 9891
f 9888 9891 1357
f 9890 9891 9888
f 58 6900 9289
f 6900 2016 9892
f 9289 9892 2672
f 6900 9892 9289
f 2016 6906 9893
f 6906 251 9327
f 9893 9327 2683
f 6906 9327 9893
f 2672 9894 9292
f 9894 2683 9332
f 9292 9332 326
f 9894 9332 9292
f 2016 9893 9892
f 9893 2683 9894
f 9892 9894 2672
f 9893 9894 9892
f 701 9895 9897
f 9895 2818 9896
f 9897 9896 2819
f 9895 9896 9897
f 2818 9898 9899
f 9898 449 8433
f 9899 8433 2446
f 9898 8433 9899
f 2819 9900 9901
f 9900 2446 8430
f 9901 8430 5
f 9900 8430 9901
f 2818 9899 9896
f 9899 2446 9900
f 9896 9900 2819
f 9899 9900 9896
f 576 8967 9903
f 8967 2584 9902
f 9903 9902 2820
f 8967 9902 9903
f 2584 8965 9904
f 8965 491 7506
f 9904 7506 2188
f 8965 7506 9904
f 2820 9905 9906
f 9905 2188 7503
f 9906 7503 654
f 9905 7503 9906
f 2584 9904 9902
f 9904 2188 9905
f 9902 9905 2820
f 9904 9905 9902
f 646 9907 3631
f 9907 2821 9908
f 3631 9908 972
f 9907 9908 3631
f 2821 9909 9911
f 9909 717 9910
f 9911 9910 2822
f 9909 9910 9911
f 972 9912 3634
f 9912 2822 9913
f 3634 9913 577
f 9912 9913 3634
f 2821 9911 9908
f 9911 2822 9912
f 9908 9912 972
f 9911 9912 9908
f 577 9136 3635
f 9136 2631 9914
f 3635 9914 973
f 9136 9914 3635
f 2631 9141 9916
f 9141 506 9915
f 9916 9915 2823
f 9141 9915 9916
f 973 9917 3629
f 9917 2823 9918
f 3629 9918 421
f 9917 9918 3629
f 2631 9916 9914
f 9916 2823 9917
f 9914 9917 973
f 9916 9917 9914
f 520 9919 9268
f 9919 2824 9920
f 9268 9920 2666
f 9919 9920 9268
f 2824 9921 9923
f 9921 426 9922
f 9923 9922 2825
f 9921 9922 9923
f 2666 9924 9263
f 9924 2825 9925
f 9263 9925 745
f 9924 9925 9263
f 2824 9923 9920
f 9923 2825 9924
f 9920 9924 2666
f 9923 9924 9920
f 722 9926 9928
f 9926 2826 9927
f 9928 9927 2827
f 9926 9927 9928
f 2826 9929 9930
f 9929 225 5811
f 9930 5811 1681
f 9929 5811 9930
f 2827 9931 9932
f 9931 1681 5808
f 9932 5808 644
f 9931 5808 9932
f 2826 9930 9927
f 9930 1681 9931
f 9927 9931 2827
f 9930 9931 9927
f 372 9933 9935
f 9933 2828 9934
f 9935 9934 2830
f 9933 9934 9935
f 2828 9936 9938
f 9936 579 9937
f 9938 9937 2829
f 9936 9937 9938
f 2830 9939 9941
f 9939 2829 9940
f 9941 9940 360
f 9939 9940 9941
f 2828 9938 9934
f 9938 2829 9939
f 9934 9939 2830
f 9938 9939 9934
f 579 9942 9937
f 9942 2831 9943
f 9937 9943 2829
f 9942 9943 9937
f 2831 9944 9945
f 9944 431 8221
f 9945 8221 2390
f 9944 8221 9945
f 2829 9946 9940
f 9946 2390 8227
f 9940 8227 360
f 9946 8227 9940
f 2831 9945 9943
f 9945 2390 9946
f 9943 9946 2829
f 9945 9946 9943
f 580 4094 8369
f 4094 1121 9947
f 8369 9947 2430
f 4094 9947 8369
f 1121 4091 9949
f 4091 342 9948
f 9949 9948 2832
f 4091 9948 9949
f 2430 9950 8371
f 9950 2832 9951
f 8371 9951 643
f 9950 9951 8371
f 1121 9949 9947
f 9949 2832 9950
f 9947 9950 2430
f 9949 9950 9947
f 580 9208 4095
f 9208 2650 9952
f 4095 9952 1122
f 9208 9952 4095
f 2650 9205 9954
f 9205 663 9953
f 9954 9953 2833
f 9205 9953 9954
f 1122 9955 4089
f 9955 2833 9956
f 4089 9956 815
f 9955 9956 4089
f 2650 9954 9952
f 9954 2833 9955
f 9952 9955 1122
f 9954 9955 9952
f 748 5989 4734
f 5989 1737 9957
f 4734 9957 1333
f 5989 9957 4734
f 1737 5986 9958
f 5986 27 7760
f 9958 7760 2258
f 5986 7760 9958
f 1333 9959 4737
f 9959 2258 7758
f 4737 7758 467
f 9959 7758 4737
f 1737 9958 9957
f 9958 2258 9959
f 9957 9959 1333
f 9958 9959 9957
f 508 9960 6573
f 9960 2834 9961
f 6573 9961 1916
f 9960 9961 6573
f 2834 9962 9964
f 9962 237 9963
f 9964 9963 2835
f 9962 9963 9964
f 1916 9965 6576
f 9965 2835 9966
f 6576 9966 291
f 9965 9966 6576
f 2834 9964 9961
f 9964 2835 9965
f 9961 9965 1916
f 9964 9965 9961
f 8 8997 3590
f 8997 2591 9967
f 3590 9967 958
f 8997 9967 3590
f 2591 8994 9969
f 8994 417 9968
f 9969 9968 2836
f 8994 9968 9969
f 958 9970 3584
f 9970 2836 9971
f 3584 9971 493
f 9970 9971 3584
f 2591 9969 9967
f 9969 2836 9970
f 9967 9970 958
f 9969 9970 9967
f 581 5156 8010
f 5156 1469 9972
f 8010 9972 2323
f 5156 9972 8010
f 1469 5153 9974
f 5153 813 9973
f 9974 9973 2837
f 5153 9973 9974
f 2323 9975 8013
f 9975 2837 9976
f 8013 9976 14
f 9975 9976 8013
f 1469 9974 9972
f 9974 2837 9975
f 9972 9975 2323
f 9974 9975 9972
f 582 9977 9979
f 9977 2838 9978
f 9979 9978 2839
f 9977 9978 9979
f 2838 9980 9981
f 9980 250 7827
f 9981 7827 2277
f 9980 7827 9981
f 2839 9982 9983
f 9982 2277 7833
f 9983 7833 33
f 9982 7833 9983
f 2838 9981 9978
f 9981 2277 9982
f 9978 9982 2839
f 9981 9982 9978
f 582 9984 9977
f 9984 2840 9985
f 9977 9985 2838
f 9984 9985 9977
f 2840 9986 9987
f 9986 31 9392
f 9987 9392 2698
f 9986 9392 9987
f 2838 9988 9980
f 9988 2698 9389
f 9980 9389 250
f 9988 9389 9980
f 2840 9987 9985
f 9987 2698 9988
f 9985 9988 2838
f 9987 9988 9985
f 499 4018 4059
f 4018 1096 9989
f 4059 9989 1110
f 4018 9989 4059
f 1096 4015 9990
f 4015 157 4044
f 9990 4044 1107
f 4015 4044 9990
f 1110 9991 4053
f 9991 1107 4050
f 4053 4050 440
f 9991 4050 4053
f 1096 9990 9989
f 9990 1107 9991
f 9989 9991 1110
f 9990 9991 9989
f 583 9992 3532
f 9992 2841 9993
f 3532 9993 939
f 9992 9993 3532
f 2841 9994 9996
f 9994 1 9995
f 9996 9995 2842
f 9994 9995 9996
f 939 9997 3535
f 9997 2842 9998
f 3535 9998 482
f 9997 9998 3535
f 2841 9996 9993
f 9996 2842 9997
f 9993 9997 939
f 9996 9997 9993
f 583 9999 9992
f 9999 2843 10000
f 9992 10000 2841
f 9999 10000 9992
f 2843 10001 10003
f 10001 423 10002
f 10003 10002 2844
f 10001 10002 10003
f 2841 10004 9994
f 10004 2844 10005
f 9994 10005 1
f 10004 10005 9994
f 2843 10003 10000
f 10003 2844 10004
f 10000 10004 2841
f 10003 10004 10000
f 450 10006 8445
f 10006 2845 10007
f 8445 10007 2450
f 10006 10007 8445
f 2845 10008 10009
f 10008 307 4600
f 10009 4600 1288
f 10008 4600 10009
f 2450 10010 8448
f 10010 1288 4597
f 8448 4597 83
f 10010 4597 8448
f 2845 10009 10007
f 10009 1288 10010
f 10007 10010 2450
f 10009 10010 10007
f 585 3602 7178
f 3602 964 10011
f 7178 10011 2093
f 3602 10011 7178
f 964 3608 10013
f 3608 289 10012
f 10013 10012 2846
f 3608 10012 10013
f 2093 10014 7181
f 10014 2846 10015
f 7181 10015 494
f 10014 10015 7181
f 964 10013 10011
f 10013 2846 10014
f 10011 10014 2093
f 10013 10014 10011
f 19 10016 6728
f 10016 2847 10017
f 6728 10017 1963
f 10016 10017 6728
f 2847 10018 10020
f 10018 715 10019
f 10020 10019 2848
f 10018 10019 10020
f 1963 10021 6724
f 10021 2848 10022
f 6724 10022 536
f 10021 10022 6724
f 2847 10020 10017
f 10020 2848 10021
f 10017 10021 1963
f 10020 10021 10017
f 586 9402 10024
f 9402 2701 10023
f 10024 10023 2849
f 9402 10023 10024
f 2701 9400 10025
f 9400 528 8518
f 10025 8518 2468
f 9400 8518 10025
f 2849 10026 10027
f 10026 2468 8515
f 10027 8515 47
f 10026 8515 10027
f 2701 10025 10023
f 10025 2468 10026
f 10023 10026 2849
f 10025 10026 10023
f 586 10028 9403
f 10028 2850 10029
f 9403 10029 2702
f 10028 10029 9403
f 2850 10030 10031
f 10030 42 9244
f 10031 9244 2660
f 10030 9244 10031
f 2702 10032 9406
f 10032 2660 9247
f 9406 9247 56
f 10032 9247 9406
f 2850 10031 10029
f 10031 2660 10032
f 10029 10032 2702
f 10031 10032 10029
f 587 10033 10035
f 10033 2851 10034
f 10035 10034 2852
f 10033 10034 10035
f 2851 10036 10037
f 10036 685 9473
f 10037 9473 2719
f 10036 9473 10037
f 2852 10038 10039
f 10038 2719 9476
f 10039 9476 533
f 10038 9476 10039
f 2851 10037 10034
f 10037 2719 10038
f 10034 10038 2852
f 10037 10038 10034
f 587 7441 10041
f 7441 2169 10040
f 10041 10040 2854
f 7441 10040 10041
f 2169 7438 10043
f 7438 167 10042
f 10043 10042 2853
f 7438 10042 10043
f 2854 10044 10046
f 10044 2853 10045
f 10046 10045 555
f 10044 10045 10046
f 2169 10043 10040
f 10043 2853 10044
f 10040 10044 2854
f 10043 10044 10040
f 588 10047 10049
f 10047 2855 10048
f 10049 10048 2856
f 10047 10048 10049
f 2855 10050 10051
f 10050 83 4599
f 10051 4599 1290
f 10050 4599 10051
f 2856 10052 10053
f 10052 1290 4605
f 10053 4605 242
f 10052 4605 10053
f 2855 10051 10048
f 10051 1290 10052
f 10048 10052 2856
f 10051 10052 10048
f 588 10054 10056
f 10054 2857 10055
f 10056 10055 2858
f 10054 10055 10056
f 2857 10057 10058
f 10057 85 4569
f 10058 4569 1278
f 10057 4569 10058
f 2858 10059 10060
f 10059 1278 4566
f 10060 4566 706
f 10059 4566 10060
f 2857 10058 10055
f 10058 1278 10059
f 10055 10059 2858
f 10058 10059 10055
f 439 5369 8308
f 5369 1539 10061
f 8308 10061 2413
f 5369 10061 8308
f 1539 5366 10063
f 5366 825 10062
f 10063 10062 2859
f 5366 10062 10063
f 2413 10064 8310
f 10064 2859 10065
f 8310 10065 492
f 10064 10065 8310
f 1539 10063 10061
f 10063 2859 10064
f 10061 10064 2413
f 10063 10064 10061
f 155 4013 6040
f 4013 1094 10066
f 6040 10066 1754
f 4013 10066 6040
f 1094 4010 10067
f 4010 301 9689
f 10067 9689 2764
f 4010 9689 10067
f 1754 10068 6034
f 10068 2764 9692
f 6034 9692 397
f 10068 9692 6034
f 1094 10067 10066
f 10067 2764 10068
f 10066 10068 1754
f 10067 10068 10066
f 145 10069 7558
f 10069 2860 10070
f 7558 10070 2205
f 10069 10070 7558
f 2860 10071 10073
f 10071 507 10072
f 10073 10072 2861
f 10071 10072 10073
f 2205 10074 7561
f 10074 2861 10075
f 7561 10075 623
f 10074 10075 7561
f 2860 10073 10070
f 10073 2861 10074
f 10070 10074 2205
f 10073 10074 10070
f 401 3675 8579
f 3675 986 10076
f 8579 10076 2482
f 3675 10076 8579
f 986 3672 10078
f 3672 128 10077
f 10078 10077 2862
f 3672 10077 10078
f 2482 10079 8575
f 10079 2862 10080
f 8575 10080 711
f 10079 10080 8575
f 986 10078 10076
f 10078 2862 10079
f 10076 10079 2482
f 10078 10079 10076
f 590 8353 6073
f 8353 2425 10081
f 6073 10081 1765
f 8353 10081 6073
f 2425 8350 10082
f 8350 131 7720
f 10082 7720 2248
f 8350 7720 10082
f 1765 10083 6076
f 10083 2248 7717
f 6076 7717 388
f 10083 7717 6076
f 2425 10082 10081
f 10082 2248 10083
f 10081 10083 1765
f 10082 10083 10081
f 680 4159 10085
f 4159 1145 10084
f 10085 10084 2863
f 4159 10084 10085
f 1145 4165 10086
f 4165 590 7024
f 10086 7024 2048
f 4165 7024 10086
f 2863 10087 10088
f 10087 2048 7021
f 10088 7021 144
f 10087 7021 10088
f 1145 10086 10084
f 10086 2048 10087
f 10084 10087 2863
f 10086 10087 10084
f 591 10089 9516
f 10089 2864 10090
f 9516 10090 2726
f 10089 10090 9516
f 2864 10091 10092
f 10091 312 5654
f 10092 5654 1632
f 10091 5654 10092
f 2726 10093 9518
f 10093 1632 5658
f 9518 5658 132
f 10093 5658 9518
f 2864 10092 10090
f 10092 1632 10093
f 10090 10093 2726
f 10092 10093 10090
f 591 6875 10095
f 6875 2007 10094
f 10095 10094 2865
f 6875 10094 10095
f 2007 6872 10096
f 6872 267 3845
f 10096 3845 1040
f 6872 3845 10096
f 2865 10097 10098
f 10097 1040 3842
f 10098 3842 530
f 10097 3842 10098
f 2007 10096 10094
f 10096 1040 10097
f 10094 10097 2865
f 10096 10097 10094
f 592 10099 3321
f 10099 2866 10100
f 3321 10100 869
f 10099 10100 3321
f 2866 10101 10103
f 10101 735 10102
f 10103 10102 2867
f 10101 10102 10103
f 869 10104 3324
f 10104 2867 10105
f 3324 10105 215
f 10104 10105 3324
f 2866 10103 10100
f 10103 2867 10104
f 10100 10104 869
f 10103 10104 10100
f 592 5726 8867
f 5726 1655 10106
f 8867 10106 2557
f 5726 10106 8867
f 1655 5731 10108
f 5731 235 10107
f 10108 10107 2868
f 5731 10107 10108
f 2557 10109 8861
f 10109 2868 10110
f 8861 10110 287
f 10109 10110 8861
f 1655 10108 10106
f 10108 2868 10109
f 10106 10109 2557
f 10108 10109 10106
f 593 10111 4827
f 10111 2869 10112
f 4827 10112 1363
f 10111 10112 4827
f 2869 10113 10115
f 10113 371 10114
f 10115 10114 2870
f 10113 10114 10115
f 1363 10116 4830
f 10116 2870 10117
f 4830 10117 787
f 10116 10117 4830
f 2869 10115 10112
f 10115 2870 10116
f 10112 10116 1363
f 10115 10116 10112
f 593 10118 6337
f 10118 2871 10119
f 6337 10119 1843
f 10118 10119 6337
f 2871 10120 10121
f 10120 70 8606
f 10121 8606 2491
f 10120 8606 10121
f 1843 10122 6340
f 10122 2491 8612
f 6340 8612 52
f 10122 8612 6340
f 2871 10121 10119
f 10121 2491 10122
f 10119 10122 1843
f 10121 10122 10119
f 594 9201 10124
f 9201 2648 10123
f 10124 10123 2872
f 9201 10123 10124
f 2648 9198 10125
f 9198 430 4204
f 10125 4204 1160
f 9198 4204 10125
f 2872 10126 10127
f 10126 1160 4210
f 10127 4210 514
f 10126 4210 10127
f 2648 10125 10123
f 10125 1160 10126
f 10123 10126 2872
f 10125 10126 10123
f 704 3875 3907
f 3875 1050 10128
f 3907 10128 1061
f 3875 10128 3907
f 1050 3872 10130
f 3872 161 10129
f 10130 10129 2873
f 3872 10129 10130
f 1061 10131 3901
f 10131 2873 10132
f 3901 10132 626
f 10131 10132 3901
f 1050 10130 10128
f 10130 2873 10131
f 10128 10131 1061
f 10130 10131 10128
f 596 10133 8907
f 10133 2874 10134
f 8907 10134 2567
f 10133 10134 8907
f 2874 10135 10137
f 10135 154 10136
f 10137 10136 2875
f 10135 10136 10137
f 2567 10138 8909
f 10138 2875 10139
f 8909 10139 755
f 10138 10139 8909
f 2874 10137 10134
f 10137 2875 10138
f 10134 10138 2567
f 10137 10138 10134
f 658 10140 10142
f 10140 2876 10141
f 10142 10141 2877
f 10140 10141 10142
f 2876 10143 10144
f 10143 596 5885
f 10144 5885 1705
f 10143 5885 10144
f 2877 10145 10146
f 10145 1705 5882
f 10146 5882 230
f 10145 5882 10146
f 2876 10144 10141
f 10144 1705 10145
f 10141 10145 2877
f 10144 10145 10141
f 475 6881 8762
f 6881 2009 10147
f 8762 10147 2529
f 6881 10147 8762
f 2009 6879 10148
f 6879 412 7955
f 10148 7955 2309
f 6879 7955 10148
f 2529 10149 8765
f 10149 2309 7960
f 8765 7960 76
f 10149 7960 8765
f 2009 10148 10147
f 10148 2309 10149
f 10147 10149 2529
f 10148 10149 10147
f 749 10150 4977
f 10150 2878 10151
f 4977 10151 1411
f 10150 10151 4977
f 2878 10152 10154
f 10152 782 10153
f 10154 10153 2879
f 10152 10153 10154
f 1411 10155 4980
f 10155 2879 10156
f 4980 10156 25
f 10155 10156 4980
f 2878 10154 10151
f 10154 2879 10155
f 10151 10155 1411
f 10154 10155 10151
f 247 9364 9722
f 9364 2691 10157
f 9722 10157 2770
f 9364 10157 9722
f 2691 9361 10158
f 9361 459 8556
f 10158 8556 2476
f 9361 8556 10158
f 2770 10159 9719
f 10159 2476 8554
f 9719 8554 597
f 10159 8554 9719
f 2691 10158 10157
f 10158 2476 10159
f 10157 10159 2770
f 10158 10159 10157
f 159 3804 10161
f 3804 1028 10160
f 10161 10160 2881
f 3804 10160 10161
f 1028 3801 10163
f 3801 150 10162
f 10163 10162 2880
f 3801 10162 10163
f 2881 10164 10166
f 10164 2880 10165
f 10166 10165 295
f 10164 10165 10166
f 1028 10163 10160
f 10163 2880 10164
f 10160 10164 2881
f 10163 10164 10160
f 435 10167 8279
f 10167 2882 10168
f 8279 10168 2405
f 10167 10168 8279
f 2882 10169 10170
f 10169 503 6064
f 10170 6064 1761
f 10169 6064 10170
f 2405 10171 8282
f 10171 1761 6061
f 8282 6061 96
f 10171 6061 8282
f 2882 10170 10168
f 10170 1761 10171
f 10168 10171 2405
f 10170 10171 10168
f 598 4649 8608
f 4649 1304 10172
f 8608 10172 2490
f 4649 10172 8608
f 1304 4646 10173
f 4646 322 7769
f 10173 7769 2261
f 4646 7769 10173
f 2490 10174 8611
f 10174 2261 7774
f 8611 7774 52
f 10174 7774 8611
f 1304 10173 10172
f 10173 2261 10174
f 10172 10174 2490
f 10173 10174 10172
f 598 8607 9499
f 8607 2489 10175
f 9499 10175 2723
f 8607 10175 9499
f 2489 8604 10177
f 8604 70 10176
f 10177 10176 2883
f 8604 10176 10177
f 2723 10178 9496
f 10178 2883 10179
f 9496 10179 63
f 10178 10179 9496
f 2489 10177 10175
f 10177 2883 10178
f 10175 10178 2723
f 10177 10178 10175
f 827 10180 5523
f 10180 2884 10181
f 5523 10181 1589
f 10180 10181 5523
f 2884 10182 10183
f 10182 310 7805
f 10183 7805 2270
f 10182 7805 10183
f 1589 10184 5526
f 10184 2270 7803
f 5526 7803 396
f 10184 7803 5526
f 2884 10183 10181
f 10183 2270 10184
f 10181 10184 1589
f 10183 10184 10181
f 356 10185 10187
f 10185 2885 10186
f 10187 10186 2887
f 10185 10186 10187
f 2885 10188 10190
f 10188 647 10189
f 10190 10189 2886
f 10188 10189 10190
f 2887 10191 10193
f 10191 2886 10192
f 10193 10192 599
f 10191 10192 10193
f 2885 10190 10186
f 10190 2886 10191
f 10186 10191 2887
f 10190 10191 10186
f 599 4331 9122
f 4331 1199 10194
f 9122 10194 2626
f 4331 10194 9122
f 1199 4328 10196
f 4328 233 10195
f 10196 10195 2888
f 4328 10195 10196
f 2626 10197 9117
f 10197 2888 10198
f 9117 10198 427
f 10197 10198 9117
f 1199 10196 10194
f 10196 2888 10197
f 10194 10197 2626
f 10196 10197 10194
f 600 7844 10200
f 7844 2279 10199
f 10200 10199 2889
f 7844 10199 10200
f 2279 7841 10201
f 7841 93 4392
f 10201 4392 1219
f 7841 4392 10201
f 2889 10202 10203
f 10202 1219 4389
f 10203 4389 656
f 10202 4389 10203
f 2279 10201 10199
f 10201 1219 10202
f 10199 10202 2889
f 10201 10202 10199
f 601 4405 10205
f 4405 1226 10204
f 10205 10204 2891
f 4405 10204 10205
f 1226 4411 10207
f 4411 666 10206
f 10207 10206 2890
f 4411 10206 10207
f 2891 10208 10210
f 10208 2890 10209
f 10210 10209 519
f 10208 10209 10210
f 1226 10207 10204
f 10207 2890 10208
f 10204 10208 2891
f 10207 10208 10204
f 109 10211 7144
f 10211 2892 10212
f 7144 10212 2084
f 10211 10212 7144
f 2892 10213 10214
f 10213 601 10205
f 10214 10205 2891
f 10213 10205 10214
f 2084 10215 7147
f 10215 2891 10210
f 7147 10210 519
f 10215 10210 7147
f 2892 10214 10212
f 10214 2891 10215
f 10212 10215 2084
f 10214 10215 10212
f 602 10216 5707
f 10216 2893 10217
f 5707 10217 1648
f 10216 10217 5707
f 2893 10218 10220
f 10218 501 10219
f 10220 10219 2894
f 10218 10219 10220
f 1648 10221 5710
f 10221 2894 10222
f 5710 10222 691
f 10221 10222 5710
f 2893 10220 10217
f 10220 2894 10221
f 10217 10221 1648
f 10220 10221 10217
f 603 4178 6799
f 4178 1149 10223
f 6799 10223 1985
f 4178 10223 6799
f 1149 4175 10224
f 4175 551 4318
f 10224 4318 1197
f 4175 4318 10224
f 1985 10225 6793
f 10225 1197 4323
f 6793 4323 149
f 10225 4323 6793
f 1149 10224 10223
f 10224 1197 10225
f 10223 10225 1985
f 10224 10225 10223
f 603 7714 9672
f 7714 2247 10226
f 9672 10226 2760
f 7714 10226 9672
f 2247 7712 10228
f 7712 387 10227
f 10228 10227 2895
f 7712 10227 10228
f 2760 10229 9668
f 10229 2895 10230
f 9668 10230 306
f 10229 10230 9668
f 2247 10228 10226
f 10228 2895 10229
f 10226 10229 2760
f 10228 10229 10226
f 478 8832 7891
f 8832 2548 10231
f 7891 10231 2292
f 8832 10231 7891
f 2548 8837 10233
f 8837 814 10232
f 10233 10232 2896
f 8837 10232 10233
f 2292 10234 7894
f 10234 2896 10235
f 7894 10235 292
f 10234 10235 7894
f 2548 10233 10231
f 10233 2896 10234
f 10231 10234 2292
f 10233 10234 10231
f 604 4627 7757
f 4627 1297 10236
f 7757 10236 2257
f 4627 10236 7757
f 1297 4624 10237
f 4624 59 4658
f 10237 4658 1307
f 4624 4658 10237
f 2257 10238 7754
f 10238 1307 4655
f 7754 4655 391
f 10238 4655 7754
f 1297 10237 10236
f 10237 1307 10238
f 10236 10238 2257
f 10237 10238 10236
f 99 4360 4367
f 4360 1211 10239
f 4367 10239 1212
f 4360 10239 4367
f 1211 4366 10240
f 4366 91 8406
f 10240 8406 2439
f 4366 8406 10240
f 1212 10241 4370
f 10241 2439 8403
f 4370 8403 320
f 10241 8403 4370
f 1211 10240 10239
f 10240 2439 10241
f 10239 10241 1212
f 10240 10241 10239
f 198 10242 10244
f 10242 2897 10243
f 10244 10243 2899
f 10242 10243 10244
f 2897 10245 10247
f 10245 710 10246
f 10247 10246 2898
f 10245 10246 10247
f 2899 10248 10250
f 10248 2898 10249
f 10250 10249 319
f 10248 10249 10250
f 2897 10247 10243
f 10247 2898 10248
f 10243 10248 2899
f 10247 10248 10243
f 605 5063 10252
f 5063 1441 10251
f 10252 10251 2900
f 5063 10251 10252
f 1441 5069 10253
f 5069 323 8731
f 10253 8731 2520
f 5069 8731 10253
f 2900 10254 10255
f 10254 2520 8729
f 10255 8729 202
f 10254 8729 10255
f 1441 10253 10251
f 10253 2520 10254
f 10251 10254 2900
f 10253 10254 10251
f 202 5612 10255
f 5612 1617 10256
f 10255 10256 2900
f 5612 10256 10255
f 1617 5609 10257
f 5609 528 9395
f 10257 9395 2700
f 5609 9395 10257
f 2900 10258 10252
f 10258 2700 9399
f 10252 9399 605
f 10258 9399 10252
f 1617 10257 10256
f 10257 2700 10258
f 10256 10258 2900
f 10257 10258 10256
f 166 10259 7563
f 10259 2901 10260
f 7563 10260 2207
f 10259 10260 7563
f 2901 10261 10262
f 10261 366 9299
f 10262 9299 2674
f 10261 9299 10262
f 2207 10263 7565
f 10263 2674 9302
f 7565 9302 524
f 10263 9302 7565
f 2901 10262 10260
f 10262 2674 10263
f 10260 10263 2207
f 10262 10263 10260
f 606 10264 8940
f 10264 2902 10265
f 8940 10265 2577
f 10264 10265 8940
f 2902 10266 10268
f 10266 763 10267
f 10268 10267 2903
f 10266 10267 10268
f 2577 10269 8943
f 10269 2903 10270
f 8943 10270 488
f 10269 10270 8943
f 2902 10268 10265
f 10268 2903 10269
f 10265 10269 2577
f 10268 10269 10265
f 72 7824 7779
f 7824 2274 10271
f 7779 10271 2263
f 7824 10271 7779
f 2274 7821 10273
f 7821 67 10272
f 10273 10272 2904
f 7821 10272 10273
f 2263 10274 7782
f 10274 2904 10275
f 7782 10275 468
f 10274 10275 7782
f 2274 10273 10271
f 10273 2904 10274
f 10271 10274 2263
f 10273 10274 10271
f 607 5650 10277
f 5650 1629 10276
f 10277 10276 2905
f 5650 10276 10277
f 1629 5647 10278
f 5647 73 5187
f 10278 5187 1482
f 5647 5187 10278
f 2905 10279 10280
f 10279 1482 5193
f 10280 5193 263
f 10279 5193 10280
f 1629 10278 10276
f 10278 1482 10279
f 10276 10279 2905
f 10278 10279 10276
f 607 10281 6971
f 10281 2906 10282
f 6971 10282 2035
f 10281 10282 6971
f 2906 10283 10284
f 10283 409 8672
f 10284 8672 2506
f 10283 8672 10284
f 2035 10285 6974
f 10285 2506 8669
f 6974 8669 81
f 10285 8669 6974
f 2906 10284 10282
f 10284 2506 10285
f 10282 10285 2035
f 10284 10285 10282
f 158 7306 8687
f 7306 2131 10286
f 8687 10286 2509
f 7306 10286 8687
f 2131 7303 10287
f 7303 245 9414
f 10287 9414 2704
f 7303 9414 10287
f 2509 10288 8684
f 10288 2704 9411
f 8684 9411 470
f 10288 9411 8684
f 2131 10287 10286
f 10287 2704 10288
f 10286 10288 2509
f 10287 10288 10286
f 500 8841 10290
f 8841 2549 10289
f 10290 10289 2907
f 8841 10289 10290
f 2549 8838 10291
f 8838 479 8210
f 10291 8210 2384
f 8838 8210 10291
f 2907 10292 10293
f 10292 2384 8207
f 10293 8207 187
f 10292 8207 10293
f 2549 10291 10289
f 10291 2384 10292
f 10289 10292 2907
f 10291 10292 10289
f 85 5670 4545
f 5670 1637 10294
f 4545 10294 1271
f 5670 10294 4545
f 1637 5674 10295
f 5674 651 6825
f 10295 6825 1995
f 5674 6825 10295
f 1271 10296 4548
f 10296 1995 6831
f 4548 6831 309
f 10296 6831 4548
f 1637 10295 10294
f 10295 1995 10296
f 10294 10296 1271
f 10295 10296 10294
f 503 10297 8270
f 10297 2908 10298
f 8270 10298 2403
f 10297 10298 8270
f 2908 10299 10300
f 10299 526 4428
f 10300 4428 1231
f 10299 4428 10300
f 2403 10301 8273
f 10301 1231 4425
f 8273 4425 608
f 10301 4425 8273
f 2908 10300 10298
f 10300 1231 10301
f 10298 10301 2403
f 10300 10301 10298
f 608 4424 4385
f 4424 1230 10302
f 4385 10302 1218
f 4424 10302 4385
f 1230 4421 10303
f 4421 373 7535
f 10303 7535 2199
f 4421 7535 10303
f 1218 10304 4388
f 10304 2199 7539
f 4388 7539 656
f 10304 7539 4388
f 1230 10303 10302
f 10303 2199 10304
f 10302 10304 1218
f 10303 10304 10302
f 78 4512 5221
f 4512 1259 10305
f 5221 10305 1492
f 4512 10305 5221
f 1259 4509 10306
f 4509 376 7575
f 10306 7575 2211
f 4509 7575 10306
f 1492 10307 5224
f 10307 2211 7581
f 5224 7581 75
f 10307 7581 5224
f 1259 10306 10305
f 10306 2211 10307
f 10305 10307 1492
f 10306 10307 10305
f 607 10308 10281
f 10308 2909 10309
f 10281 10309 2906
f 10308 10309 10281
f 2909 10310 10311
f 10310 609 7570
f 10311 7570 2208
f 10310 7570 10311
f 2906 10312 10283
f 10312 2208 7568
f 10283 7568 409
f 10312 7568 10283
f 2909 10311 10309
f 10311 2208 10312
f 10309 10312 2906
f 10311 10312 10309
f 784 10313 9314
f 10313 2910 10314
f 9314 10314 2678
f 10313 10314 9314
f 2910 10315 10317
f 10315 703 10316
f 10317 10316 2911
f 10315 10316 10317
f 2678 10318 9317
f 10318 2911 10319
f 9317 10319 129
f 10318 10319 9317
f 2910 10317 10314
f 10317 2911 10318
f 10314 10318 2678
f 10317 10318 10314
f 610 9595 6927
f 9595 2744 10320
f 6927 10320 2022
f 9595 10320 6927
f 2744 9592 10321
f 9592 40 9504
f 10321 9504 2724
f 9592 9504 10321
f 2022 10322 6921
f 10322 2724 9501
f 6921 9501 318
f 10322 9501 6921
f 2744 10321 10320
f 10321 2724 10322
f 10320 10322 2022
f 10321 10322 10320
f 610 8533 4716
f 8533 2471 10323
f 4716 10323 1327
f 8533 10323 4716
f 2471 8530 10324
f 8530 55 9377
f 10324 9377 2695
f 8530 9377 10324
f 1327 10325 4719
f 10325 2695 9380
f 4719 9380 253
f 10325 9380 4719
f 2471 10324 10323
f 10324 2695 10325
f 10323 10325 1327
f 10324 10325 10323
f 542 10326 10328
f 10326 2912 10327
f 10328 10327 2914
f 10326 10327 10328
f 2912 10329 10331
f 10329 666 10330
f 10331 10330 2913
f 10329 10330 10331
f 2914 10332 10334
f 10332 2913 10333
f 10334 10333 238
f 10332 10333 10334
f 2912 10331 10327
f 10331 2913 10332
f 10327 10332 2914
f 10331 10332 10327
f 516 10335 6543
f 10335 2915 10336
f 6543 10336 1906
f 10335 10336 6543
f 2915 10337 10338
f 10337 611 4991
f 10338 4991 1417
f 10337 4991 10338
f 1906 10339 6546
f 10339 1417 4997
f 6546 4997 288
f 10339 4997 6546
f 2915 10338 10336
f 10338 1417 10339
f 10336 10339 1906
f 10338 10339 10336
f 611 8343 10341
f 8343 2424 10340
f 10341 10340 2917
f 8343 10340 10341
f 2424 8349 10343
f 8349 746 10342
f 10343 10342 2916
f 8349 10342 10343
f 2917 10344 10346
f 10344 2916 10345
f 10346 10345 360
f 10344 10345 10346
f 2424 10343 10340
f 10343 2916 10344
f 10340 10344 2917
f 10343 10344 10340
f 286 10347 4693
f 10347 2918 10348
f 4693 10348 1319
f 10347 10348 4693
f 2918 10349 10351
f 10349 840 10350
f 10351 10350 2919
f 10349 10350 10351
f 1319 10352 4688
f 10352 2919 10353
f 4688 10353 612
f 10352 10353 4688
f 2918 10351 10348
f 10351 2919 10352
f 10348 10352 1319
f 10351 10352 10348
f 234 10354 10356
f 10354 2920 10355
f 10356 10355 2922
f 10354 10355 10356
f 2920 10357 10359
f 10357 800 10358
f 10359 10358 2921
f 10357 10358 10359
f 2922 10360 10362
f 10360 2921 10361
f 10362 10361 613
f 10360 10361 10362
f 2920 10359 10355
f 10359 2921 10360
f 10355 10360 2922
f 10359 10360 10355
f 402 7867 4256
f 7867 2286 10363
f 4256 10363 1176
f 7867 10363 4256
f 2286 7872 10364
f 7872 465 6235
f 10364 6235 1812
f 7872 6235 10364
f 1176 10365 4258
f 10365 1812 6233
f 4258 6233 614
f 10365 6233 4258
f 2286 10364 10363
f 10364 1812 10365
f 10363 10365 1176
f 10364 10365 10363
f 123 10366 7918
f 10366 2923 10367
f 7918 10367 2299
f 10366 10367 7918
f 2923 10368 10369
f 10368 313 6153
f 10369 6153 1787
f 10368 6153 10369
f 2299 10370 7920
f 10370 1787 6150
f 7920 6150 254
f 10370 6150 7920
f 2923 10369 10367
f 10369 1787 10370
f 10367 10370 2299
f 10369 10370 10367
f 533 9470 10039
f 9470 2717 10371
f 10039 10371 2852
f 9470 10371 10039
f 2717 9467 10372
f 9467 160 5435
f 10372 5435 1562
f 9467 5435 10372
f 2852 10373 10035
f 10373 1562 5440
f 10035 5440 587
f 10373 5440 10035
f 2717 10372 10371
f 10372 1562 10373
f 10371 10373 2852
f 10372 10373 10371
f 248 10374 9463
f 10374 2924 10375
f 9463 10375 2716
f 10374 10375 9463
f 2924 10376 10377
f 10376 375 3888
f 10377 3888 1054
f 10376 3888 10377
f 2716 10378 9466
f 10378 1054 3885
f 9466 3885 160
f 10378 3885 9466
f 2924 10377 10375
f 10377 1054 10378
f 10375 10378 2716
f 10377 10378 10375
f 86 10379 5582
f 10379 2925 10380
f 5582 10380 1608
f 10379 10380 5582
f 2925 10381 10382
f 10381 92 4496
f 10382 4496 1254
f 10381 4496 10382
f 1608 10383 5585
f 10383 1254 4493
f 5585 4493 399
f 10383 4493 5585
f 2925 10382 10380
f 10382 1254 10383
f 10380 10383 1608
f 10382 10383 10380
f 253 6947 4720
f 6947 2029 10384
f 4720 10384 1328
f 6947 10384 4720
f 2029 6953 10385
f 6953 39 4766
f 10385 4766 1345
f 6953 4766 10385
f 1328 10386 4714
f 10386 1345 4772
f 4714 4772 544
f 10386 4772 4714
f 2029 10385 10384
f 10385 1345 10386
f 10384 10386 1328
f 10385 10386 10384
f 505 9126 5477
f 9126 2627 10387
f 5477 10387 1574
f 9126 10387 5477
f 2627 9123 10389
f 9123 795 10388
f 10389 10388 2926
f 9123 10388 10389
f 1574 10390 5480
f 10390 2926 10391
f 5480 10391 192
f 10390 10391 5480
f 2627 10389 10387
f 10389 2926 10390
f 10387 10390 1574
f 10389 10390 10387
f 426 9921 10393
f 9921 2824 10392
f 10393 10392 2927
f 9921 10392 10393
f 2824 9919 10394
f 9919 520 9274
f 10394 9274 2667
f 9919 9274 10394
f 2927 10395 10396
f 10395 2667 9271
f 10396 9271 578
f 10395 9271 10396
f 2824 10394 10392
f 10394 2667 10395
f 10392 10395 2927
f 10394 10395 10392
f 258 9308 5515
f 9308 2675 10397
f 5515 10397 1586
f 9308 10397 5515
f 2675 9305 10398
f 9305 41 4741
f 10398 4741 1336
f 9305 4741 10398
f 1586 10399 5509
f 10399 1336 4745
f 5509 4745 51
f 10399 4745 5509
f 2675 10398 10397
f 10398 1336 10399
f 10397 10399 1586
f 10398 10399 10397
f 262 4231 10401
f 4231 1169 10400
f 10401 10400 2928
f 4231 10400 10401
f 1169 4237 10402
f 4237 117 9445
f 10402 9445 2713
f 4237 9445 10402
f 2928 10403 10404
f 10403 2713 9449
f 10404 9449 531
f 10403 9449 10404
f 1169 10402 10400
f 10402 2713 10403
f 10400 10403 2928
f 10402 10403 10400
f 25 10405 4981
f 10405 2929 10406
f 4981 10406 1412
f 10405 10406 4981
f 2929 10407 10409
f 10407 239 10408
f 10409 10408 2930
f 10407 10408 10409
f 1412 10410 4975
f 10410 2930 10411
f 4975 10411 516
f 10410 10411 4975
f 2929 10409 10406
f 10409 2930 10410
f 10406 10410 1412
f 10409 10410 10406
f 616 10412 10414
f 10412 2931 10413
f 10414 10413 2932
f 10412 10413 10414
f 2931 10415 10416
f 10415 159 10161
f 10416 10161 2881
f 10415 10161 10416
f 2932 10417 10418
f 10417 2881 10166
f 10418 10166 295
f 10417 10166 10418
f 2931 10416 10413
f 10416 2881 10417
f 10413 10417 2932
f 10416 10417 10413
f 818 10419 3455
f 10419 2933 10420
f 3455 10420 913
f 10419 10420 3455
f 2933 10421 10422
f 10421 686 9725
f 10422 9725 2773
f 10421 9725 10422
f 913 10423 3449
f 10423 2773 9731
f 3449 9731 489
f 10423 9731 3449
f 2933 10422 10420
f 10422 2773 10423
f 10420 10423 913
f 10422 10423 10420
f 619 3522 10425
f 3522 935 10424
f 10425 10424 2934
f 3522 10424 10425
f 935 3519 10426
f 3519 437 4800
f 10426 4800 1354
f 3519 4800 10426
f 2934 10427 10428
f 10427 1354 4798
f 10428 4798 16
f 10427 4798 10428
f 935 10426 10424
f 10426 1354 10427
f 10424 10427 2934
f 10426 10427 10424
f 169 10429 10431
f 10429 2935 10430
f 10431 10430 2937
f 10429 10430 10431
f 2935 10432 10434
f 10432 812 10433
f 10434 10433 2936
f 10432 10433 10434
f 2937 10435 10437
f 10435 2936 10436
f 10437 10436 751
f 10435 10436 10437
f 2935 10434 10430
f 10434 2936 10435
f 10430 10435 2937
f 10434 10435 10430
f 11 8135 10439
f 8135 2361 10438
f 10439 10438 2938
f 8135 10438 10439
f 2361 8132 10440
f 8132 425 3508
f 10440 3508 930
f 8132 3508 10440
f 2938 10441 10442
f 10441 930 3505
f 10442 3505 361
f 10441 3505 10442
f 2361 10440 10438
f 10440 930 10441
f 10438 10441 2938
f 10440 10441 10438
f 621 7237 10444
f 7237 2111 10443
f 10444 10443 2939
f 7237 10443 10444
f 2111 7240 10445
f 7240 345 8946
f 10445 8946 2580
f 7240 8946 10445
f 2939 10446 10447
f 10446 2580 8952
f 10447 8952 738
f 10446 8952 10447
f 2111 10445 10443
f 10445 2580 10446
f 10443 10446 2939
f 10445 10446 10443
f 660 7911 6492
f 7911 2298 10448
f 6492 10448 1892
f 7911 10448 6492
f 2298 7917 10449
f 7917 283 8748
f 10449 8748 2526
f 7917 8748 10449
f 1892 10450 6495
f 10450 2526 8754
f 6495 8754 12
f 10450 8754 6495
f 2298 10449 10448
f 10449 2526 10450
f 10448 10450 1892
f 10449 10450 10448
f 622 8870 5675
f 8870 2558 10451
f 5675 10451 1638
f 8870 10451 5675
f 2558 8868 10452
f 8868 481 8581
f 10452 8581 2484
f 8868 8581 10452
f 1638 10453 5678
f 10453 2484 8586
f 5678 8586 540
f 10453 8586 5678
f 2558 10452 10451
f 10452 2484 10453
f 10451 10453 1638
f 10452 10453 10451
f 622 10454 6325
f 10454 2940 10455
f 6325 10455 1839
f 10454 10455 6325
f 2940 10456 10457
f 10456 210 5691
f 10457 5691 1642
f 10456 5691 10457
f 1839 10458 6328
f 10458 1642 5688
f 6328 5688 110
f 10458 5688 6328
f 2940 10457 10455
f 10457 1642 10458
f 10455 10458 1839
f 10457 10458 10455
f 623 10075 7549
f 10075 2861 10459
f 7549 10459 2202
f 10075 10459 7549
f 2861 10072 10460
f 10072 507 4027
f 10460 4027 1099
f 10072 4027 10460
f 2202 10461 7552
f 10461 1099 4024
f 7552 4024 153
f 10461 4024 7552
f 2861 10460 10459
f 10460 1099 10461
f 10459 10461 2202
f 10460 10461 10459
f 541 4223 8716
f 4223 1164 10462
f 8716 10462 2516
f 4223 10462 8716
f 1164 4220 10463
f 4220 261 7749
f 10463 7749 2256
f 4220 7749 10463
f 2516 10464 8713
f 10464 2256 7746
f 8713 7746 107
f 10464 7746 8713
f 1164 10463 10462
f 10463 2256 10464
f 10462 10464 2516
f 10463 10464 10462
f 45 5086 8705
f 5086 1446 10465
f 8705 10465 2514
f 5086 10465 8705
f 1446 5083 10467
f 5083 379 10466
f 10467 10466 2941
f 5083 10466 10467
f 2514 10468 8708
f 10468 2941 10469
f 8708 10469 741
f 10468 10469 8708
f 1446 10467 10465
f 10467 2941 10468
f 10465 10468 2514
f 10467 10468 10465
f 379 7619 10466
f 7619 2222 10470
f 10466 10470 2941
f 7619 10470 10466
f 2222 7617 10472
f 7617 673 10471
f 10472 10471 2942
f 7617 10471 10472
f 2941 10473 10469
f 10473 2942 10474
f 10469 10474 741
f 10473 10474 10469
f 2222 10472 10470
f 10472 2942 10473
f 10470 10473 2941
f 10472 10473 10470
f 108 10475 3663
f 10475 2943 10476
f 3663 10476 983
f 10475 10476 3663
f 2943 10477 10478
f 10477 290 7971
f 10478 7971 2312
f 10477 7971 10478
f 983 10479 3666
f 10479 2312 7968
f 3666 7968 460
f 10479 7968 3666
f 2943 10478 10476
f 10478 2312 10479
f 10476 10479 983
f 10478 10479 10476
f 460 10480 10482
f 10480 2944 10481
f 10482 10481 2946
f 10480 10481 10482
f 2944 10483 10485
f 10483 331 10484
f 10485 10484 2945
f 10483 10484 10485
f 2946 10486 10488
f 10486 2945 10487
f 10488 10487 785
f 10486 10487 10488
f 2944 10485 10481
f 10485 2945 10486
f 10481 10486 2946
f 10485 10486 10481
f 394 5178 4479
f 5178 1479 10489
f 4479 10489 1249
f 5178 10489 4479
f 1479 5184 10490
f 5184 204 9605
f 10490 9605 2746
f 5184 9605 10490
f 1249 10491 4482
f 10491 2746 9602
f 4482 9602 545
f 10491 9602 4482
f 1479 10490 10489
f 10490 2746 10491
f 10489 10491 1249
f 10490 10491 10489
f 84 5666 10493
f 5666 1634 10492
f 10493 10492 2947
f 5666 10492 10493
f 1634 5663 10494
f 5663 77 5179
f 10494 5179 1477
f 5663 5179 10494
f 2947 10495 10496
f 10495 1477 5176
f 10496 5176 394
f 10495 5176 10496
f 1634 10494 10492
f 10494 1477 10495
f 10492 10495 2947
f 10494 10495 10492
f 298 10497 9660
f 10497 2948 10498
f 9660 10498 2757
f 10497 10498 9660
f 2948 10499 10501
f 10499 29 10500
f 10501 10500 2949
f 10499 10500 10501
f 2757 10502 9657
f 10502 2949 10503
f 9657 10503 548
f 10502 10503 9657
f 2948 10501 10498
f 10501 2949 10502
f 10498 10502 2757
f 10501 10502 10498
f 625 9646 3724
f 9646 2754 10504
f 3724 10504 1003
f 9646 10504 3724
f 2754 9644 10506
f 9644 547 10505
f 10506 10505 2950
f 9644 10505 10506
f 1003 10507 3727
f 10507 2950 10508
f 3727 10508 805
f 10507 10508 3727
f 2754 10506 10504
f 10506 2950 10507
f 10504 10507 1003
f 10506 10507 10504
f 625 7108 10510
f 7108 2072 10509
f 10510 10509 2951
f 7108 10509 10510
f 2072 7105 10511
f 7105 127 6859
f 10511 6859 2003
f 7105 6859 10511
f 2951 10512 10513
f 10512 2003 6856
f 10513 6856 271
f 10512 6856 10513
f 2072 10511 10509
f 10511 2003 10512
f 10509 10512 2951
f 10511 10512 10509
f 626 10132 10515
f 10132 2873 10514
f 10515 10514 2952
f 10132 10514 10515
f 2873 10129 10516
f 10129 161 4062
f 10516 4062 1113
f 10129 4062 10516
f 2952 10517 10518
f 10517 1113 4068
f 10518 4068 170
f 10517 4068 10518
f 2873 10516 10514
f 10516 1113 10517
f 10514 10517 2952
f 10516 10517 10514
f 626 10519 10521
f 10519 2953 10520
f 10521 10520 2954
f 10519 10520 10521
f 2953 10522 10523
f 10522 246 8682
f 10523 8682 2508
f 10522 8682 10523
f 2954 10524 10525
f 10524 2508 8679
f 10525 8679 405
f 10524 8679 10525
f 2953 10523 10520
f 10523 2508 10524
f 10520 10524 2954
f 10523 10524 10520
f 293 10526 4122
f 10526 2955 10527
f 4122 10527 1131
f 10526 10527 4122
f 2955 10528 10529
f 10528 112 4107
f 10529 4107 1128
f 10528 4107 10529
f 1131 10530 4116
f 10530 1128 4113
f 4116 4113 728
f 10530 4113 4116
f 2955 10529 10527
f 10529 1128 10530
f 10527 10530 1131
f 10529 10530 10527
f 627 4948 8770
f 4948 1403 10531
f 8770 10531 2531
f 4948 10531 8770
f 1403 4954 10532
f 4954 68 9242
f 10532 9242 2659
f 4954 9242 10532
f 2531 10533 8764
f 10533 2659 9239
f 8764 9239 475
f 10533 9239 8764
f 1403 10532 10531
f 10532 2659 10533
f 10531 10533 2531
f 10532 10533 10531
f 169 10431 5727
f 10431 2937 10534
f 5727 10534 1654
f 10431 10534 5727
f 2937 10437 10535
f 10437 751 3319
f 10535 3319 867
f 10437 3319 10535
f 1654 10536 5730
f 10536 867 3316
f 5730 3316 235
f 10536 3316 5730
f 2937 10535 10534
f 10535 867 10536
f 10534 10536 1654
f 10535 10536 10534
f 291 9966 10538
f 9966 2835 10537
f 10538 10537 2956
f 9966 10537 10538
f 2835 9963 10539
f 9963 237 4789
f 10539 4789 1350
f 9963 4789 10539
f 2956 10540 10541
f 10540 1350 4786
f 10541 4786 536
f 10540 4786 10541
f 2835 10539 10537
f 10539 1350 10540
f 10537 10540 2956
f 10539 10540 10537
f 769 5978 10543
f 5978 1734 10542
f 10543 10542 2957
f 5978 10542 10543
f 1734 5975 10544
f 5975 18 6580
f 10544 6580 1917
f 5975 6580 10544
f 2957 10545 10546
f 10545 1917 6577
f 10546 6577 291
f 10545 6577 10546
f 1734 10544 10542
f 10544 1917 10545
f 10542 10545 2957
f 10544 10545 10542
f 134 4141 7582
f 4141 1139 10547
f 7582 10547 2212
f 4141 10547 7582
f 1139 4147 10548
f 4147 522 8501
f 10548 8501 2465
f 4147 8501 10548
f 2212 10549 7585
f 10549 2465 8506
f 7585 8506 199
f 10549 8506 7585
f 1139 10548 10547
f 10548 2465 10549
f 10547 10549 2212
f 10548 10549 10547
f 190 4187 9531
f 4187 1152 10550
f 9531 10550 2729
f 4187 10550 9531
f 1152 4184 10551
f 4184 436 8288
f 10551 8288 2407
f 4184 8288 10551
f 2729 10552 9534
f 10552 2407 8285
f 9534 8285 539
f 10552 8285 9534
f 1152 10551 10550
f 10551 2407 10552
f 10550 10552 2729
f 10551 10552 10550
f 681 9438 4721
f 9438 2710 10553
f 4721 10553 1329
f 9438 10553 4721
f 2710 9436 10554
f 9436 300 4749
f 10554 4749 1337
f 9436 4749 10554
f 1329 10555 4724
f 10555 1337 4746
f 4724 4746 28
f 10555 4746 4724
f 2710 10554 10553
f 10554 1337 10555
f 10553 10555 1329
f 10554 10555 10553
f 628 6914 10557
f 6914 2018 10556
f 10557 10556 2958
f 6914 10556 10557
f 2018 6911 10558
f 6911 316 9446
f 10558 9446 2712
f 6911 9446 10558
f 2958 10559 10560
f 10559 2712 9443
f 10560 9443 117
f 10559 9443 10560
f 2018 10558 10556
f 10558 2712 10559
f 10556 10559 2958
f 10558 10559 10556
f 217 10561 10563
f 10561 2959 10562
f 10563 10562 2960
f 10561 10562 10563
f 2959 10564 10565
f 10564 629 8332
f 10565 8332 2418
f 10564 8332 10565
f 2960 10566 10567
f 10566 2418 8329
f 10567 8329 441
f 10566 8329 10567
f 2959 10565 10562
f 10565 2418 10566
f 10562 10566 2960
f 10565 10566 10562
f 630 10568 4457
f 10568 2961 10569
f 4457 10569 1242
f 10568 10569 4457
f 2961 10570 10572
f 10570 433 10571
f 10572 10571 2962
f 10570 10571 10572
f 1242 10573 4460
f 10573 2962 10574
f 4460 10574 105
f 10573 10574 4460
f 2961 10572 10569
f 10572 2962 10573
f 10569 10573 1242
f 10572 10573 10569
f 561 10575 3357
f 10575 2963 10576
f 3357 10576 881
f 10575 10576 3357
f 2963 10577 10578
f 10577 277 6406
f 10578 6406 1863
f 10577 6406 10578
f 881 10579 3360
f 10579 1863 6403
f 3360 6403 765
f 10579 6403 3360
f 2963 10578 10576
f 10578 1863 10579
f 10576 10579 881
f 10578 10579 10576
f 631 7224 3374
f 7224 2109 10580
f 3374 10580 886
f 7224 10580 3374
f 2109 7230 10582
f 7230 174 10581
f 10582 10581 2964
f 7230 10581 10582
f 886 10583 3368
f 10583 2964 10584
f 3368 10584 422
f 10583 10584 3368
f 2109 10582 10580
f 10582 2964 10583
f 10580 10583 886
f 10582 10583 10580
f 694 3387 10586
f 3387 890 10585
f 10586 10585 2966
f 3387 10585 10586
f 890 3384 10588
f 3384 817 10587
f 10588 10587 2965
f 3384 10587 10588
f 2966 10589 10591
f 10589 2965 10590
f 10591 10590 479
f 10589 10590 10591
f 890 10588 10585
f 10588 2965 10589
f 10585 10589 2966
f 10588 10589 10585
f 844 10592 10594
f 10592 2967 10593
f 10594 10593 2968
f 10592 10593 10594
f 2967 10595 10596
f 10595 781 3612
f 10596 3612 965
f 10595 3612 10596
f 2968 10597 10598
f 10597 965 3609
f 10598 3609 492
f 10597 3609 10598
f 2967 10596 10593
f 10596 965 10597
f 10593 10597 2968
f 10596 10597 10593
f 633 8947 10600
f 8947 2578 10599
f 10600 10599 2969
f 8947 10599 10600
f 2578 8944 10601
f 8944 345 3436
f 10601 3436 906
f 8944 3436 10601
f 2969 10602 10603
f 10602 906 3433
f 10603 3433 754
f 10602 3433 10603
f 2578 10601 10599
f 10601 906 10602
f 10599 10602 2969
f 10601 10602 10599
f 420 10604 10606
f 10604 2970 10605
f 10606 10605 2972
f 10604 10605 10606
f 2970 10607 10609
f 10607 280 10608
f 10609 10608 2971
f 10607 10608 10609
f 2972 10610 10612
f 10610 2971 10611
f 10612 10611 797
f 10610 10611 10612
f 2970 10609 10605
f 10609 2971 10610
f 10605 10610 2972
f 10609 10610 10605
f 356 10613 10615
f 10613 2973 10614
f 10615 10614 2974
f 10613 10614 10615
f 2973 10616 10617
f 10616 635 3414
f 10617 3414 899
f 10616 3414 10617
f 2974 10618 10619
f 10618 899 3411
f 10619 3411 565
f 10618 3411 10619
f 2973 10617 10614
f 10617 899 10618
f 10614 10618 2974
f 10617 10618 10614
f 483 8033 6381
f 8033 2332 10620
f 6381 10620 1856
f 8033 10620 6381
f 2332 8039 10622
f 8039 755 10621
f 10622 10621 2975
f 8039 10621 10622
f 1856 10623 6384
f 10623 2975 10624
f 6384 10624 635
f 10623 10624 6384
f 2332 10622 10620
f 10622 2975 10623
f 10620 10623 1856
f 10622 10623 10620
f 636 8102 5920
f 8102 2352 10625
f 5920 10625 1717
f 8102 10625 5920
f 2352 8106 10627
f 8106 341 10626
f 10627 10626 2976
f 8106 10626 10627
f 1717 10628 5923
f 10628 2976 10629
f 5923 10629 494
f 10628 10629 5923
f 2352 10627 10625
f 10627 2976 10628
f 10625 10628 1717
f 10627 10628 10625
f 637 10630 8993
f 10630 2977 10631
f 8993 10631 2590
f 10630 10631 8993
f 2977 10632 10634
f 10632 493 10633
f 10634 10633 2978
f 10632 10633 10634
f 2590 10635 8988
f 10635 2978 10636
f 8988 10636 699
f 10635 10636 8988
f 2977 10634 10631
f 10634 2978 10635
f 10631 10635 2590
f 10634 10635 10631
f 716 10637 8989
f 10637 2979 10638
f 8989 10638 2589
f 10637 10638 8989
f 2979 10639 10641
f 10639 801 10640
f 10641 10640 2980
f 10639 10640 10641
f 2589 10642 8992
f 10642 2980 10643
f 8992 10643 637
f 10642 10643 8992
f 2979 10641 10638
f 10641 2980 10642
f 10638 10642 2589
f 10641 10642 10638
f 9 10644 10646
f 10644 2981 10645
f 10646 10645 2983
f 10644 10645 10646
f 2981 10647 10649
f 10647 778 10648
f 10649 10648 2982
f 10647 10648 10649
f 2983 10650 10652
f 10650 2982 10651
f 10652 10651 712
f 10650 10651 10652
f 2981 10649 10645
f 10649 2982 10650
f 10645 10650 2983
f 10649 10650 10645
f 638 8008 5020
f 8008 2324 10653
f 5020 10653 1425
f 8008 10653 5020
f 2324 8014 10654
f 8014 14 8359
f 10654 8359 2428
f 8014 8359 10654
f 1425 10655 5023
f 10655 2428 8363
f 5023 8363 445
f 10655 8363 5023
f 2324 10654 10653
f 10654 2428 10655
f 10653 10655 1425
f 10654 10655 10653
f 358 10656 10658
f 10656 2984 10657
f 10658 10657 2986
f 10656 10657 10658
f 2984 10659 10661
f 10659 106 10660
f 10661 10660 2985
f 10659 10660 10661
f 2986 10662 10664
f 10662 2985 10663
f 10664 10663 834
f 10662 10663 10664
f 2984 10661 10657
f 10661 2985 10662
f 10657 10662 2986
f 10661 10662 10657
f 834 10665 10667
f 10665 2987 10666
f 10667 10666 2989
f 10665 10666 10667
f 2987 10668 10670
f 10668 773 10669
f 10670 10669 2988
f 10668 10669 10670
f 2989 10671 10673
f 10671 2988 10672
f 10673 10672 569
f 10671 10672 10673
f 2987 10670 10666
f 10670 2988 10671
f 10666 10671 2989
f 10670 10671 10666
f 583 3531 3555
f 3531 938 10674
f 3555 10674 947
f 3531 10674 3555
f 938 3528 10676
f 3528 693 10675
f 10676 10675 2990
f 3528 10675 10676
f 947 10677 3558
f 10677 2990 10678
f 3558 10678 639
f 10677 10678 3558
f 938 10676 10674
f 10676 2990 10677
f 10674 10677 947
f 10676 10677 10674
f 639 8428 9115
f 8428 2447 10679
f 9115 10679 2624
f 8428 10679 9115
f 2447 8434 10680
f 8434 449 5357
f 10680 5357 1535
f 8434 5357 10680
f 2624 10681 9111
f 10681 1535 5354
f 9111 5354 504
f 10681 5354 9111
f 2447 10680 10679
f 10680 1535 10681
f 10679 10681 2624
f 10680 10681 10679
f 616 10414 5945
f 10414 2932 10682
f 5945 10682 1725
f 10414 10682 5945
f 2932 10418 10684
f 10418 295 10683
f 10684 10683 2991
f 10418 10683 10684
f 1725 10685 5947
f 10685 2991 10686
f 5947 10686 833
f 10685 10686 5947
f 2932 10684 10682
f 10684 2991 10685
f 10682 10685 1725
f 10684 10685 10682
f 164 10687 4096
f 10687 2992 10688
f 4096 10688 1123
f 10687 10688 4096
f 2992 10689 10690
f 10689 707 6566
f 10690 6566 1915
f 10689 6566 10690
f 1123 10691 4099
f 10691 1915 6572
f 4099 6572 640
f 10691 6572 4099
f 2992 10690 10688
f 10690 1915 10691
f 10688 10691 1123
f 10690 10691 10688
f 723 4072 10693
f 4072 1114 10692
f 10693 10692 2994
f 4072 10692 10693
f 1114 4069 10695
f 4069 820 10694
f 10695 10694 2993
f 4069 10694 10695
f 2994 10696 10698
f 10696 2993 10697
f 10698 10697 640
f 10696 10697 10698
f 1114 10695 10692
f 10695 2993 10696
f 10692 10696 2994
f 10695 10696 10692
f 641 4045 4197
f 4045 1105 10699
f 4197 10699 1156
f 4045 10699 4197
f 1105 4042 10700
f 4042 157 9788
f 10700 9788 2789
f 4042 9788 10700
f 1156 10701 4200
f 10701 2789 9785
f 4200 9785 305
f 10701 9785 4200
f 1105 10700 10699
f 10700 2789 10701
f 10699 10701 1156
f 10700 10701 10699
f 2 10702 10704
f 10702 2995 10703
f 10704 10703 2996
f 10702 10703 10704
f 2995 10705 10706
f 10705 351 6481
f 10706 6481 1887
f 10705 6481 10706
f 2996 10707 10708
f 10707 1887 6478
f 10708 6478 282
f 10707 6478 10708
f 2995 10706 10703
f 10706 1887 10707
f 10703 10707 2996
f 10706 10707 10703
f 642 6744 4307
f 6744 1967 10709
f 4307 10709 1192
f 6744 10709 4307
f 1967 6741 10711
f 6741 113 10710
f 10711 10710 2997
f 6741 10710 10711
f 1192 10712 4301
f 10712 2997 10713
f 4301 10713 238
f 10712 10713 4301
f 1967 10711 10709
f 10711 2997 10712
f 10709 10712 1192
f 10711 10712 10709
f 28 10714 4725
f 10714 2998 10715
f 4725 10715 1330
f 10714 10715 4725
f 2998 10716 10717
f 10716 303 4767
f 10717 4767 1343
f 10716 4767 10717
f 1330 10718 4728
f 10718 1343 4764
f 4728 4764 39
f 10718 4764 4728
f 2998 10717 10715
f 10717 1343 10718
f 10715 10718 1330
f 10717 10718 10715
f 303 4784 5982
f 4784 1351 10719
f 5982 10719 1736
f 4784 10719 5982
f 1351 4790 10721
f 4790 237 10720
f 10721 10720 2999
f 4790 10720 10721
f 1736 10722 5985
f 10722 2999 10723
f 5985 10723 27
f 10722 10723 5985
f 1351 10721 10719
f 10721 2999 10722
f 10719 10722 1736
f 10721 10722 10719
f 264 5228 5537
f 5228 1493 10724
f 5537 10724 1593
f 5228 10724 5537
f 1493 5225 10725
f 5225 75 6123
f 10725 6123 1781
f 5225 6123 10725
f 1593 10726 5540
f 10726 1781 6127
f 5540 6127 538
f 10726 6127 5540
f 1493 10725 10724
f 10725 1781 10726
f 10724 10726 1593
f 10725 10726 10724
f 477 8814 5683
f 8814 2542 10727
f 5683 10727 1640
f 8814 10727 5683
f 2542 8812 10728
f 8812 210 10456
f 10728 10456 2940
f 8812 10456 10728
f 1640 10729 5677
f 10729 2940 10454
f 5677 10454 622
f 10729 10454 5677
f 2542 10728 10727
f 10728 2940 10729
f 10727 10729 1640
f 10728 10729 10727
f 839 6551 10731
f 6551 1908 10730
f 10731 10730 3000
f 6551 10730 10731
f 1908 6548 10732
f 6548 36 8336
f 10732 8336 2421
f 6548 8336 10732
f 3000 10733 10734
f 10733 2421 8340
f 10734 8340 442
f 10733 8340 10734
f 1908 10732 10730
f 10732 2421 10733
f 10730 10733 3000
f 10732 10733 10730
f 340 6794 8819
f 6794 1983 10735
f 8819 10735 2544
f 6794 10735 8819
f 1983 6791 10736
f 6791 149 8201
f 10736 8201 2381
f 6791 8201 10736
f 2544 10737 8822
f 10737 2381 8198
f 8822 8198 513
f 10737 8198 8822
f 1983 10736 10735
f 10736 2381 10737
f 10735 10737 2544
f 10736 10737 10735
f 643 9951 10739
f 9951 2832 10738
f 10739 10738 3002
f 9951 10738 10739
f 2832 9948 10741
f 9948 342 10740
f 10741 10740 3001
f 9948 10740 10741
f 3002 10742 10744
f 10742 3001 10743
f 10744 10743 697
f 10742 10743 10744
f 2832 10741 10738
f 10741 3001 10742
f 10738 10742 3002
f 10741 10742 10738
f 643 5723 8372
f 5723 1652 10745
f 8372 10745 2431
f 5723 10745 8372
f 1652 5720 10746
f 5720 175 5859
f 10746 5859 1696
f 5720 5859 10746
f 2431 10747 8375
f 10747 1696 5856
f 8375 5856 446
f 10747 5856 8375
f 1652 10746 10745
f 10746 1696 10747
f 10745 10747 2431
f 10746 10747 10745
f 225 9929 10749
f 9929 2826 10748
f 10749 10748 3003
f 9929 10748 10749
f 2826 9926 10750
f 9926 722 5344
f 10750 5344 1531
f 9926 5344 10750
f 3003 10751 10752
f 10751 1531 5341
f 10752 5341 664
f 10751 5341 10752
f 2826 10750 10748
f 10750 1531 10751
f 10748 10751 3003
f 10750 10751 10748
f 644 5807 3330
f 5807 1680 10753
f 3330 10753 872
f 5807 10753 3330
f 1680 5804 10754
f 5804 400 3341
f 10754 3341 877
f 5804 3341 10754
f 872 10755 3333
f 10755 877 3347
f 3333 3347 618
f 10755 3347 3333
f 1680 10754 10753
f 10754 877 10755
f 10753 10755 872
f 10754 10755 10753
f 645 3984 8598
f 3984 1085 10756
f 8598 10756 2487
f 3984 10756 8598
f 1085 3981 10757
f 3981 145 8600
f 10757 8600 2488
f 3981 8600 10757
f 2487 10758 8595
f 10758 2488 8603
f 8595 8603 464
f 10758 8603 8595
f 1085 10757 10756
f 10757 2488 10758
f 10756 10758 2487
f 10757 10758 10756
f 645 6701 3999
f 6701 1955 10759
f 3999 10759 1091
f 6701 10759 3999
f 1955 6699 10761
f 6699 137 10760
f 10761 10760 3004
f 6699 10760 10761
f 1091 10762 4001
f 10762 3004 10763
f 4001 10763 454
f 10762 10763 4001
f 1955 10761 10759
f 10761 3004 10762
f 10759 10762 1091
f 10761 10762 10759
f 717 9909 10765
f 9909 2821 10764
f 10765 10764 3005
f 9909 10764 10765
f 2821 9907 10766
f 9907 646 4595
f 10766 4595 1286
f 9907 4595 10766
f 3005 10767 10768
f 10767 1286 4592
f 10768 4592 343
f 10767 4592 10768
f 2821 10766 10764
f 10766 1286 10767
f 10764 10767 3005
f 10766 10767 10764
f 646 3630 8070
f 3630 971 10769
f 8070 10769 2342
f 3630 10769 8070
f 971 3627 10771
f 3627 421 10770
f 10771 10770 3006
f 3627 10770 10771
f 2342 10772 8072
f 10772 3006 10773
f 8072 10773 691
f 10772 10773 8072
f 971 10771 10769
f 10771 3006 10772
f 10769 10772 2342
f 10771 10772 10769
f 344 8110 10775
f 8110 2353 10774
f 10775 10774 3008
f 8110 10774 10775
f 2353 8107 10777
f 8107 732 10776
f 10777 10776 3007
f 8107 10776 10777
f 3008 10778 10780
f 10778 3007 10779
f 10780 10779 789
f 10778 10779 10780
f 2353 10777 10774
f 10777 3007 10778
f 10774 10778 3008
f 10777 10778 10774
f 647 10188 4337
f 10188 2885 10781
f 4337 10781 1202
f 10188 10781 4337
f 2885 10185 10782
f 10185 356 10615
f 10782 10615 2974
f 10185 10615 10782
f 1202 10783 4340
f 10783 2974 10619
f 4340 10619 565
f 10783 10619 4340
f 2885 10782 10781
f 10782 2974 10783
f 10781 10783 1202
f 10782 10783 10781
f 647 7415 10189
f 7415 2164 10784
f 10189 10784 2886
f 7415 10784 10189
f 2164 7421 10785
f 7421 135 4326
f 10785 4326 1200
f 7421 4326 10785
f 2886 10786 10192
f 10786 1200 4332
f 10192 4332 599
f 10786 4332 10192
f 2164 10785 10784
f 10785 1200 10786
f 10784 10786 2886
f 10785 10786 10784
f 648 10787 6817
f 10787 3009 10788
f 6817 10788 1991
f 10787 10788 6817
f 3009 10789 10790
f 10789 357 8278
f 10790 8278 2406
f 10789 8278 10790
f 1991 10791 6811
f 10791 2406 8283
f 6811 8283 96
f 10791 8283 6811
f 3009 10790 10788
f 10790 2406 10791
f 10788 10791 1991
f 10790 10791 10788
f 224 10792 5803
f 10792 3010 10793
f 5803 10793 1679
f 10792 10793 5803
f 3010 10794 10796
f 10794 702 10795
f 10796 10795 3011
f 10794 10795 10796
f 1679 10797 5797
f 10797 3011 10798
f 5797 10798 649
f 10797 10798 5797
f 3010 10796 10793
f 10796 3011 10797
f 10793 10797 1679
f 10796 10797 10793
f 493 10799 3582
f 10799 3012 10800
f 3582 10800 956
f 10799 10800 3582
f 3012 10801 10802
f 10801 775 8054
f 10802 8054 2336
f 10801 8054 10802
f 956 10803 3585
f 10803 2336 8051
f 3585 8051 649
f 10803 8051 3585
f 3012 10802 10800
f 10802 2336 10803
f 10800 10803 956
f 10802 10803 10800
f 552 6590 9681
f 6590 1922 10804
f 9681 10804 2762
f 6590 10804 9681
f 1922 6595 10805
f 6595 746 8348
f 10805 8348 2423
f 6595 8348 10805
f 2762 10806 9683
f 10806 2423 8345
f 9683 8345 677
f 10806 8345 9683
f 1922 10805 10804
f 10805 2423 10806
f 10804 10806 2762
f 10805 10806 10804
f 242 5671 10053
f 5671 1636 10807
f 10053 10807 2856
f 5671 10807 10053
f 1636 5668 10808
f 5668 85 10057
f 10808 10057 2857
f 5668 10057 10808
f 2856 10809 10049
f 10809 2857 10054
f 10049 10054 588
f 10809 10054 10049
f 1636 10808 10807
f 10808 2857 10809
f 10807 10809 2856
f 10808 10809 10807
f 459 8551 7484
f 8551 2475 10810
f 7484 10810 2182
f 8551 10810 7484
f 2475 8549 10811
f 8549 139 3774
f 10811 3774 1018
f 8549 3774 10811
f 2182 10812 7478
f 10812 1018 3771
f 7478 3771 370
f 10812 3771 7478
f 2475 10811 10810
f 10811 1018 10812
f 10810 10812 2182
f 10811 10812 10810
f 715 10813 8811
f 10813 3013 10814
f 8811 10814 2541
f 10813 10814 8811
f 3013 10815 10816
f 10815 652 4793
f 10816 4793 1352
f 10815 4793 10816
f 2541 10817 8805
f 10817 1352 4791
f 8805 4791 15
f 10817 4791 8805
f 3013 10816 10814
f 10816 1352 10817
f 10814 10817 2541
f 10816 10817 10814
f 364 10818 7390
f 10818 3014 10819
f 7390 10819 2155
f 10818 10819 7390
f 3014 10820 10822
f 10820 720 10821
f 10822 10821 3015
f 10820 10821 10822
f 2155 10823 7392
f 10823 3015 10824
f 7392 10824 652
f 10823 10824 7392
f 3014 10822 10819
f 10822 3015 10823
f 10819 10823 2155
f 10822 10823 10819
f 346 7243 3401
f 7243 2113 10825
f 3401 10825 895
f 7243 10825 3401
f 2113 7247 10826
f 7247 168 8845
f 10826 8845 2550
f 7247 8845 10826
f 895 10827 3395
f 10827 2550 8842
f 3395 8842 500
f 10827 8842 3395
f 2113 10826 10825
f 10826 2550 10827
f 10825 10827 895
f 10826 10827 10825
f 346 10828 7241
f 10828 3016 10829
f 7241 10829 2112
f 10828 10829 7241
f 3016 10830 10831
f 10830 418 6312
f 10831 6312 1834
f 10830 6312 10831
f 2112 10832 7244
f 10832 1834 6309
f 7244 6309 269
f 10832 6309 7244
f 3016 10831 10829
f 10831 1834 10832
f 10829 10832 2112
f 10831 10832 10829
f 170 9072 10518
f 9072 2612 10833
f 10518 10833 2952
f 9072 10833 10518
f 2612 9069 10834
f 9069 246 10522
f 10834 10522 2953
f 9069 10522 10834
f 2952 10835 10515
f 10835 2953 10519
f 10515 10519 626
f 10835 10519 10515
f 2612 10834 10833
f 10834 2953 10835
f 10833 10835 2952
f 10834 10835 10833
f 653 3936 10837
f 3936 1069 10836
f 10837 10836 3018
f 3936 10836 10837
f 1069 3933 10839
f 3933 174 10838
f 10839 10838 3017
f 3933 10838 10839
f 3018 10840 10842
f 10840 3017 10841
f 10842 10841 490
f 10840 10841 10842
f 1069 10839 10836
f 10839 3017 10840
f 10836 10840 3018
f 10839 10840 10836
f 4 10843 10845
f 10843 3019 10844
f 10845 10844 3021
f 10843 10844 10845
f 3019 10846 10848
f 10846 347 10847
f 10848 10847 3020
f 10846 10847 10848
f 3021 10849 10851
f 10849 3020 10850
f 10851 10850 841
f 10849 10850 10851
f 3019 10848 10844
f 10848 3020 10849
f 10844 10849 3021
f 10848 10849 10844
f 654 5000 9906
f 5000 1420 10852
f 9906 10852 2820
f 5000 10852 9906
f 1420 5006 10853
f 5006 372 7088
f 10853 7088 2066
f 5006 7088 10853
f 2820 10854 9903
f 10854 2066 7085
f 9903 7085 576
f 10854 7085 9903
f 1420 10853 10852
f 10853 2066 10854
f 10852 10854 2820
f 10853 10854 10852
f 334 10855 5025
f 10855 3022 10856
f 5025 10856 1427
f 10855 10856 5025
f 3022 10857 10858
f 10857 9 10646
f 10858 10646 2983
f 10857 10646 10858
f 1427 10859 5028
f 10859 2983 10652
f 5028 10652 712
f 10859 10652 5028
f 3022 10858 10856
f 10858 2983 10859
f 10856 10859 1427
f 10858 10859 10856
f 655 8460 9652
f 8460 2455 10860
f 9652 10860 2756
f 8460 10860 9652
f 2455 8465 10861
f 8465 525 5237
f 10861 5237 1496
f 8465 5237 10861
f 2756 10862 9655
f 10862 1496 5234
f 9655 5234 251
f 10862 5234 9655
f 2455 10861 10860
f 10861 1496 10862
f 10860 10862 2756
f 10861 10862 10860
f 151 10863 6630
f 10863 3023 10864
f 6630 10864 1934
f 10863 10864 6630
f 3023 10865 10866
f 10865 248 9465
f 10866 9465 2718
f 10865 9465 10866
f 1934 10867 6633
f 10867 2718 9471
f 6633 9471 533
f 10867 9471 6633
f 3023 10866 10864
f 10866 2718 10867
f 10864 10867 1934
f 10866 10867 10864
f 656 4397 10203
f 4397 1221 10868
f 10203 10868 2889
f 4397 10868 10203
f 1221 4394 10869
f 4394 260 6211
f 10869 6211 1804
f 4394 6211 10869
f 2889 10870 10200
f 10870 1804 6208
f 10200 6208 600
f 10870 6208 10200
f 1221 10869 10868
f 10869 1804 10870
f 10868 10870 2889
f 10869 10870 10868
f 116 5429 8240
f 5429 1559 10871
f 8240 10871 2394
f 5429 10871 8240
f 1559 5427 10873
f 5427 433 10872
f 10873 10872 3024
f 5427 10872 10873
f 2394 10874 8243
f 10874 3024 10875
f 8243 10875 822
f 10874 10875 8243
f 1559 10873 10871
f 10873 3024 10874
f 10871 10874 2394
f 10873 10874 10871
f 777 9144 4006
f 9144 2632 10876
f 4006 10876 1093
f 9144 10876 4006
f 2632 9142 10878
f 9142 507 10877
f 10878 10877 3025
f 9142 10877 10878
f 1093 10879 4009
f 10879 3025 10880
f 4009 10880 301
f 10879 10880 4009
f 2632 10878 10876
f 10878 3025 10879
f 10876 10879 1093
f 10878 10879 10876
f 658 5873 10140
f 5873 1701 10881
f 10140 10881 2876
f 5873 10881 10140
f 1701 5870 10882
f 5870 154 10135
f 10882 10135 2874
f 5870 10135 10882
f 2876 10883 10143
f 10883 2874 10133
f 10143 10133 596
f 10883 10133 10143
f 1701 10882 10881
f 10882 2874 10883
f 10881 10883 2876
f 10882 10883 10881
f 658 10142 8825
f 10142 2877 10884
f 8825 10884 2545
f 10142 10884 8825
f 2877 10146 10886
f 10146 230 10885
f 10886 10885 3026
f 10146 10885 10886
f 2545 10887 8821
f 10887 3026 10888
f 8821 10888 340
f 10887 10888 8821
f 2877 10886 10884
f 10886 3026 10887
f 10884 10887 2545
f 10886 10887 10884
f 543 8150 9577
f 8150 2367 10889
f 9577 10889 2740
f 8150 10889 9577
f 2367 8154 10890
f 8154 426 10393
f 10890 10393 2927
f 8154 10393 10890
f 2740 10891 9580
f 10891 2927 10396
f 9580 10396 578
f 10891 10396 9580
f 2367 10890 10889
f 10890 2927 10891
f 10889 10891 2740
f 10890 10891 10889
f 427 10198 10893
f 10198 2888 10892
f 10893 10892 3027
f 10198 10892 10893
f 2888 10195 10894
f 10195 233 9884
f 10894 9884 2816
f 10195 9884 10894
f 3027 10895 10896
f 10895 2816 9882
f 10896 9882 573
f 10895 9882 10896
f 2888 10894 10892
f 10894 2816 10895
f 10892 10895 3027
f 10894 10895 10892
f 201 5655 7080
f 5655 1631 10897
f 7080 10897 2064
f 5655 10897 7080
f 1631 5652 10899
f 5652 312 10898
f 10899 10898 3028
f 5652 10898 10899
f 2064 10900 7076
f 10900 3028 10901
f 7076 10901 476
f 10900 10901 7076
f 1631 10899 10897
f 10899 3028 10900
f 10897 10900 2064
f 10899 10900 10897
f 742 9809 8928
f 9809 2795 10902
f 8928 10902 2573
f 9809 10902 8928
f 2795 9807 10903
f 9807 566 6486
f 10903 6486 1889
f 9807 6486 10903
f 2573 10904 8931
f 10904 1889 6483
f 8931 6483 487
f 10904 6483 8931
f 2795 10903 10902
f 10903 1889 10904
f 10902 10904 2573
f 10903 10904 10902
f 3 6431 7692
f 6431 1871 10905
f 7692 10905 2241
f 6431 10905 7692
f 1871 6428 10906
f 6428 279 9112
f 10906 9112 2623
f 6428 9112 10906
f 2241 10907 7687
f 10907 2623 9109
f 7687 9109 504
f 10907 9109 7687
f 1871 10906 10905
f 10906 2623 10907
f 10905 10907 2241
f 10906 10907 10905
f 274 10908 4362
f 10908 3029 10909
f 4362 10909 1210
f 10908 10909 4362
f 3029 10910 10911
f 10910 752 4504
f 10911 4504 1257
f 10910 4504 10911
f 1210 10912 4365
f 10912 1257 4502
f 4365 4502 91
f 10912 4502 4365
f 3029 10911 10909
f 10911 1257 10912
f 10909 10912 1210
f 10911 10912 10909
f 752 10910 10914
f 10910 3029 10913
f 10914 10913 3030
f 10910 10913 10914
f 3029 10908 10915
f 10908 274 5620
f 10915 5620 1622
f 10908 5620 10915
f 3030 10916 10917
f 10916 1622 5626
f 10917 5626 329
f 10916 5626 10917
f 3029 10915 10913
f 10915 1622 10916
f 10913 10916 3030
f 10915 10916 10913
f 659 8214 8368
f 8214 2386 10918
f 8368 10918 2429
f 8214 10918 8368
f 2386 8212 10919
f 8212 236 5018
f 10919 5018 1426
f 8212 5018 10919
f 2429 10920 8365
f 10920 1426 5024
f 8365 5024 445
f 10920 5024 8365
f 2386 10919 10918
f 10919 1426 10920
f 10918 10920 2429
f 10919 10920 10918
f 659 10921 8215
f 10921 3031 10922
f 8215 10922 2387
f 10921 10922 8215
f 3031 10923 10924
f 10923 431 9944
f 10924 9944 2831
f 10923 9944 10924
f 2387 10925 8218
f 10925 2831 9942
f 8218 9942 579
f 10925 9942 8218
f 3031 10924 10922
f 10924 2831 10925
f 10922 10925 2387
f 10924 10925 10922
f 468 4539 7783
f 4539 1268 10926
f 7783 10926 2264
f 4539 10926 7783
f 1268 4536 10927
f 4536 249 9522
f 10927 9522 2728
f 4536 9522 10927
f 2264 10928 7777
f 10928 2728 9527
f 7777 9527 393
f 10928 9527 7777
f 1268 10927 10926
f 10927 2728 10928
f 10926 10928 2264
f 10927 10928 10926
f 375 10376 10930
f 10376 2924 10929
f 10930 10929 3032
f 10376 10929 10930
f 2924 10374 10931
f 10374 248 3857
f 10931 3857 1044
f 10374 3857 10931
f 3032 10932 10933
f 10932 1044 3854
f 10933 3854 788
f 10932 3854 10933
f 2924 10931 10929
f 10931 1044 10932
f 10929 10932 3032
f 10931 10932 10929
f 660 6494 8304
f 6494 1893 10934
f 8304 10934 2412
f 6494 10934 8304
f 1893 6498 10935
f 6498 439 3575
f 10935 3575 955
f 6498 3575 10935
f 2412 10936 8307
f 10936 955 3581
f 8307 3581 229
f 10936 3581 8307
f 1893 10935 10934
f 10935 955 10936
f 10934 10936 2412
f 10935 10936 10934
f 660 8303 7909
f 8303 2411 10937
f 7909 10937 2296
f 8303 10937 7909
f 2411 8301 10939
f 8301 510 10938
f 10939 10938 3033
f 8301 10938 10939
f 2296 10940 7912
f 10940 3033 10941
f 7912 10941 224
f 10940 10941 7912
f 2411 10939 10937
f 10939 3033 10940
f 10937 10940 2296
f 10939 10940 10937
f 661 10942 10944
f 10942 3034 10943
f 10944 10943 3035
f 10942 10943 10944
f 3034 10945 10946
f 10945 21 7384
f 10946 7384 2154
f 10945 7384 10946
f 3035 10947 10948
f 10947 2154 7389
f 10948 7389 505
f 10947 7389 10948
f 3034 10946 10943
f 10946 2154 10947
f 10943 10947 3035
f 10946 10947 10943
f 176 10949 7992
f 10949 3036 10950
f 7992 10950 2318
f 10949 10950 7992
f 3036 10951 10952
f 10951 653 10837
f 10952 10837 3018
f 10951 10837 10952
f 2318 10953 7995
f 10953 3018 10842
f 7995 10842 490
f 10953 10842 7995
f 3036 10952 10950
f 10952 3018 10953
f 10950 10953 2318
f 10952 10953 10950
f 297 5816 3924
f 5816 1683 10954
f 3924 10954 1066
f 5816 10954 3924
f 1683 5813 10956
f 5813 463 10955
f 10956 10955 3037
f 5813 10955 10956
f 1066 10957 3927
f 10957 3037 10958
f 3927 10958 186
f 10957 10958 3927
f 1683 10956 10954
f 10956 3037 10957
f 10954 10957 1066
f 10956 10957 10954
f 471 5825 10960
f 5825 1686 10959
f 10960 10959 3038
f 5825 10959 10960
f 1686 5822 10961
f 5822 336 9280
f 10961 9280 2669
f 5822 9280 10961
f 3038 10962 10963
f 10962 2669 9277
f 10963 9277 662
f 10962 9277 10963
f 1686 10961 10959
f 10961 2669 10962
f 10959 10962 3038
f 10961 10962 10959
f 662 4957 5833
f 4957 1406 10964
f 5833 10964 1689
f 4957 10964 5833
f 1406 4963 10965
f 4963 71 8760
f 10965 8760 2527
f 4963 8760 10965
f 1689 10966 5836
f 10966 2527 8757
f 5836 8757 62
f 10966 8757 5836
f 1406 10965 10964
f 10965 2527 10966
f 10964 10966 1689
f 10965 10966 10964
f 662 5832 10963
f 5832 1688 10967
f 10963 10967 3038
f 5832 10967 10963
f 1688 5829 10969
f 5829 384 10968
f 10969 10968 3039
f 5829 10968 10969
f 3038 10970 10960
f 10970 3039 10971
f 10960 10971 471
f 10970 10971 10960
f 1688 10969 10967
f 10969 3039 10970
f 10967 10970 3038
f 10969 10970 10967
f 514 5864 10127
f 5864 1698 10972
f 10127 10972 2872
f 5864 10972 10127
f 1698 5861 10974
f 5861 165 10973
f 10974 10973 3040
f 5861 10973 10974
f 2872 10975 10124
f 10975 3040 10976
f 10124 10976 594
f 10975 10976 10124
f 1698 10974 10972
f 10974 3040 10975
f 10972 10975 2872
f 10974 10975 10972
f 663 9207 10978
f 9207 2651 10977
f 10978 10977 3041
f 9207 10977 10978
f 2651 9211 10979
f 9211 227 7967
f 10979 7967 2311
f 9211 7967 10979
f 3041 10980 10981
f 10980 2311 7964
f 10981 7964 413
f 10980 7964 10981
f 2651 10979 10977
f 10979 2311 10980
f 10977 10980 3041
f 10979 10980 10977
f 60 10982 3599
f 10982 3042 10983
f 3599 10983 961
f 10982 10983 3599
f 3042 10984 10985
f 10984 232 6562
f 10985 6562 1911
f 10984 6562 10985
f 961 10986 3593
f 10986 1911 6559
f 3593 6559 585
f 10986 6559 3593
f 3042 10985 10983
f 10985 1911 10986
f 10983 10986 961
f 10985 10986 10983
f 531 6245 10404
f 6245 1815 10987
f 10404 10987 2928
f 6245 10987 10404
f 1815 6249 10988
f 6249 614 4249
f 10988 4249 1175
f 6249 4249 10988
f 2928 10989 10401
f 10989 1175 4255
f 10401 4255 262
f 10989 4255 10401
f 1815 10988 10987
f 10988 1175 10989
f 10987 10989 2928
f 10988 10989 10987
f 122 9454 4132
f 9454 2714 10990
f 4132 10990 1135
f 9454 10990 4132
f 2714 9451 10991
f 9451 131 8352
f 10991 8352 2426
f 9451 8352 10991
f 1135 10992 4134
f 10992 2426 8356
f 4134 8356 443
f 10992 8356 4134
f 2714 10991 10990
f 10991 2426 10992
f 10990 10992 1135
f 10991 10992 10990
f 503 10169 10297
f 10169 2882 10993
f 10297 10993 2908
f 10169 10993 10297
f 2882 10167 10994
f 10167 435 9342
f 10994 9342 2686
f 10167 9342 10994
f 2908 10995 10299
f 10995 2686 9340
f 10299 9340 526
f 10995 9340 10299
f 2882 10994 10993
f 10994 2686 10995
f 10993 10995 2908
f 10994 10995 10993
f 790 6521 10997
f 6521 1899 10996
f 10997 10996 3043
f 6521 10996 10997
f 1899 6518 10998
f 6518 812 10432
f 10998 10432 2935
f 6518 10432 10998
f 3043 10999 11000
f 10999 2935 10429
f 11000 10429 169
f 10999 10429 11000
f 1899 10998 10996
f 10998 2935 10999
f 10996 10999 3043
f 10998 10999 10996
f 366 11001 11003
f 11001 3044 11002
f 11003 11002 3046
f 11001 11002 11003
f 3044 11004 11006
f 11004 511 11005
f 11006 11005 3045
f 11004 11005 11006
f 3046 11007 11009
f 11007 3045 11008
f 11009 11008 664
f 11007 11008 11009
f 3044 11006 11002
f 11006 3045 11007
f 11002 11007 3046
f 11006 11007 11002
f 256 6182 11011
f 6182 1798 11010
f 11011 11010 3047
f 6182 11010 11011
f 1798 6188 11012
f 6188 205 7126
f 11012 7126 2077
f 6188 7126 11012
f 3047 11013 11014
f 11013 2077 7123
f 11014 7123 337
f 11013 7123 11014
f 1798 11012 11010
f 11012 2077 11013
f 11010 11013 3047
f 11012 11013 11010
f 840 5319 4678
f 5319 1523 11015
f 4678 11015 1315
f 5319 11015 4678
f 1523 5316 11016
f 5316 43 4662
f 11016 4662 1311
f 5316 4662 11016
f 1315 11017 4681
f 11017 1311 4668
f 4681 4668 48
f 11017 4668 4681
f 1523 11016 11015
f 11016 1311 11017
f 11015 11017 1315
f 11016 11017 11015
f 665 11018 6011
f 11018 3048 11019
f 6011 11019 1745
f 11018 11019 6011
f 3048 11020 11021
f 11020 239 10407
f 11021 10407 2929
f 11020 10407 11021
f 1745 11022 6014
f 11022 2929 10405
f 6014 10405 25
f 11022 10405 6014
f 3048 11021 11019
f 11021 2929 11022
f 11019 11022 1745
f 11021 11022 11019
f 665 6010 8662
f 6010 1744 11023
f 8662 11023 2504
f 6010 11023 8662
f 1744 6007 11024
f 6007 447 8395
f 11024 8395 2437
f 6007 8395 11024
f 2504 11025 8665
f 11025 2437 8399
f 8665 8399 194
f 11025 8399 8665
f 1744 11024 11023
f 11024 2437 11025
f 11023 11025 2504
f 11024 11025 11023
f 666 10329 10206
f 10329 2912 11026
f 10206 11026 2890
f 10329 11026 10206
f 2912 10326 11027
f 10326 542 7695
f 11027 7695 2242
f 10326 7695 11027
f 2890 11028 10209
f 11028 2242 7693
f 10209 7693 519
f 11028 7693 10209
f 2912 11027 11026
f 11027 2242 11028
f 11026 11028 2890
f 11027 11028 11026
f 243 6802 7018
f 6802 1988 11029
f 7018 11029 2047
f 6802 11029 7018
f 1988 6808 11030
f 6808 152 6777
f 11030 6777 1980
f 6808 6777 11030
f 2047 11031 7020
f 11031 1980 6783
f 7020 6783 144
f 11031 6783 7020
f 1988 11030 11029
f 11030 1980 11031
f 11029 11031 2047
f 11030 11031 11029
f 299 3810 3828
f 3810 1031 11032
f 3828 11032 1035
f 3810 11032 3828
f 1031 3814 11034
f 3814 751 11033
f 11034 11033 3049
f 3814 11033 11034
f 1035 11035 3823
f 11035 3049 11036
f 3823 11036 438
f 11035 11036 3823
f 1031 11034 11032
f 11034 3049 11035
f 11032 11035 1035
f 11034 11035 11032
f 158 9612 7307
f 9612 2748 11037
f 7307 11037 2132
f 9612 11037 7307
f 2748 9615 11039
f 9615 163 11038
f 11039 11038 3050
f 9615 11038 11039
f 2132 11040 7310
f 11040 3050 11041
f 7310 11041 354
f 11040 11041 7310
f 2748 11039 11037
f 11039 3050 11040
f 11037 11040 2132
f 11039 11040 11037
f 667 11042 11044
f 11042 3051 11043
f 11044 11043 3053
f 11042 11043 11044
f 3051 11045 11047
f 11045 797 11046
f 11047 11046 3052
f 11045 11046 11047
f 3053 11048 11050
f 11048 3052 11049
f 11050 11049 350
f 11048 11049 11050
f 3051 11047 11043
f 11047 3052 11048
f 11043 11048 3053
f 11047 11048 11043
f 730 9096 11052
f 9096 2620 11051
f 11052 11051 3054
f 9096 11051 11052
f 2620 9094 11053
f 9094 501 10218
f 11053 10218 2893
f 9094 10218 11053
f 3054 11054 11055
f 11054 2893 10216
f 11055 10216 602
f 11054 10216 11055
f 2620 11053 11051
f 11053 2893 11054
f 11051 11054 3054
f 11053 11054 11051
f 669 11056 11058
f 11056 3055 11057
f 11058 11057 3056
f 11056 11057 11058
f 3055 11059 11060
f 11059 502 3440
f 11060 3440 910
f 11059 3440 11060
f 3056 11061 11062
f 11061 910 3446
f 11062 3446 185
f 11061 3446 11062
f 3055 11060 11057
f 11060 910 11061
f 11057 11061 3056
f 11060 11061 11057
f 423 10001 8122
f 10001 2843 11063
f 8122 11063 2357
f 10001 11063 8122
f 2843 9999 11064
f 9999 583 3557
f 11064 3557 949
f 9999 3557 11064
f 2357 11065 8117
f 11065 949 3563
f 8117 3563 279
f 11065 3563 8117
f 2843 11064 11063
f 11064 949 11065
f 11063 11065 2357
f 11064 11065 11063
f 670 3342 11067
f 3342 875 11066
f 11067 11066 3057
f 3342 11066 11067
f 875 3339 11068
f 3339 400 8593
f 11068 8593 2486
f 3339 8593 11068
f 3057 11069 11070
f 11069 2486 8590
f 11070 8590 750
f 11069 8590 11070
f 875 11068 11066
f 11068 2486 11069
f 11066 11069 3057
f 11068 11069 11066
f 419 11071 11073
f 11071 3058 11072
f 11073 11072 3060
f 11071 11072 11073
f 3058 11074 11076
f 11074 836 11075
f 11076 11075 3059
f 11074 11075 11076
f 3060 11077 11079
f 11077 3059 11078
f 11079 11078 671
f 11077 11078 11079
f 3058 11076 11072
f 11076 3059 11077
f 11072 11077 3060
f 11076 11077 11072
f 227 3378 4082
f 3378 887 11080
f 4082 11080 1118
f 3378 11080 4082
f 887 3375 11081
f 3375 446 8380
f 11081 8380 2432
f 3375 8380 11081
f 1118 11082 4085
f 11082 2432 8377
f 4085 8377 532
f 11082 8377 4085
f 887 11081 11080
f 11081 2432 11082
f 11080 11082 1118
f 11081 11082 11080
f 198 9426 5498
f 9426 2707 11083
f 5498 11083 1581
f 9426 11083 5498
f 2707 9424 11085
f 9424 267 11084
f 11085 11084 3061
f 9424 11084 11085
f 1581 11086 5501
f 11086 3061 11087
f 5501 11087 195
f 11086 11087 5501
f 2707 11085 11083
f 11085 3061 11086
f 11083 11086 1581
f 11085 11086 11083
f 518 5046 5056
f 5046 1433 11088
f 5056 11088 1437
f 5046 11088 5056
f 1433 5043 11089
f 5043 741 10474
f 11089 10474 2942
f 5043 10474 11089
f 1437 11090 5059
f 11090 2942 10471
f 5059 10471 673
f 11090 10471 5059
f 1433 11089 11088
f 11089 2942 11090
f 11088 11090 1437
f 11089 11090 11088
f 674 6044 7784
f 6044 1755 11091
f 7784 11091 2265
f 6044 11091 7784
f 1755 6041 11093
f 6041 241 11092
f 11093 11092 3062
f 6041 11092 11093
f 2265 11094 7786
f 11094 3062 11095
f 7786 11095 821
f 11094 11095 7786
f 1755 11093 11091
f 11093 3062 11094
f 11091 11094 2265
f 11093 11094 11091
f 674 9483 6045
f 9483 2721 11096
f 6045 11096 1756
f 9483 11096 6045
f 2721 9480 11098
f 9480 329 11097
f 11098 11097 3063
f 9480 11097 11098
f 1756 11099 6048
f 11099 3063 11100
f 6048 11100 90
f 11099 11100 6048
f 2721 11098 11096
f 11098 3063 11099
f 11096 11099 1756
f 11098 11099 11096
f 282 7365 10708
f 7365 2147 11101
f 10708 11101 2996
f 7365 11101 10708
f 2147 7362 11102
f 7362 6 9167
f 11102 9167 2641
f 7362 9167 11102
f 2996 11103 10704
f 11103 2641 9173
f 10704 9173 2
f 11103 9173 10704
f 2147 11102 11101
f 11102 2641 11103
f 11101 11103 2996
f 11102 11103 11101
f 66 5638 5167
f 5638 1626 11104
f 5167 11104 1474
f 5638 11104 5167
f 1626 5636 11105
f 5636 77 6333
f 11105 6333 1841
f 5636 6333 11105
f 1474 11106 5170
f 11106 1841 6330
f 5170 6330 412
f 11106 6330 5170
f 1626 11105 11104
f 11105 1841 11106
f 11104 11106 1474
f 11105 11106 11104
f 362 7169 11108
f 7169 2090 11107
f 11108 11107 3065
f 7169 11107 11108
f 2090 7166 11110
f 7166 764 11109
f 11110 11109 3064
f 7166 11109 11110
f 3065 11111 11113
f 11111 3064 11112
f 11113 11112 675
f 11111 11112 11113
f 2090 11110 11107
f 11110 3064 11111
f 11107 11111 3065
f 11110 11111 11107
f 187 8206 11115
f 8206 2383 11114
f 11115 11114 3067
f 8206 11114 11115
f 2383 8203 11117
f 8203 757 11116
f 11117 11116 3066
f 8203 11116 11117
f 3067 11118 11120
f 11118 3066 11119
f 11120 11119 675
f 11118 11119 11120
f 2383 11117 11114
f 11117 3066 11118
f 11114 11118 3067
f 11117 11118 11114
f 382 11121 5423
f 11121 3068 11122
f 5423 11122 1558
f 11121 11122 5423
f 3068 11123 11124
f 11123 298 5125
f 11124 5125 1459
f 11123 5125 11124
f 1558 11125 5426
f 11125 1459 5122
f 5426 5122 189
f 11125 5122 5426
f 3068 11124 11122
f 11124 1459 11125
f 11122 11125 1558
f 11124 11125 11122
f 568 9253 6464
f 9253 2661 11126
f 6464 11126 1882
f 9253 11126 6464
f 2661 9250 11128
f 9250 23 11127
f 11128 11127 3069
f 9250 11127 11128
f 1882 11129 6458
f 11129 3069 11130
f 6458 11130 281
f 11129 11130 6458
f 2661 11128 11126
f 11128 3069 11129
f 11126 11129 1882
f 11128 11129 11126
f 44 11131 11133
f 11131 3070 11132
f 11133 11132 3071
f 11131 11132 11133
f 3070 11134 11135
f 11134 766 9335
f 11135 9335 2684
f 11134 9335 11135
f 3071 11136 11137
f 11136 2684 9333
f 11137 9333 568
f 11136 9333 11137
f 3070 11135 11132
f 11135 2684 11136
f 11132 11136 3071
f 11135 11136 11132
f 783 8473 7813
f 8473 2457 11138
f 7813 11138 2272
f 8473 11138 7813
f 2457 8471 11139
f 8471 398 5257
f 11139 5257 1505
f 8471 5257 11139
f 2272 11140 7816
f 11140 1505 5263
f 7816 5263 302
f 11140 5263 7816
f 2457 11139 11138
f 11139 1505 11140
f 11138 11140 2272
f 11139 11140 11138
f 549 3652 3681
f 3652 978 11141
f 3681 11141 989
f 3652 11141 3681
f 978 3649 11142
f 3649 111 3260
f 11142 3260 850
f 3649 3260 11142
f 989 11143 3684
f 11143 850 3266
f 3684 3266 212
f 11143 3266 3684
f 978 11142 11141
f 11142 850 11143
f 11141 11143 989
f 11142 11143 11141
f 677 7887 9684
f 7887 2290 11144
f 9684 11144 2763
f 7887 11144 9684
f 2290 7884 11145
f 7884 404 7890
f 11145 7890 2293
f 7884 7890 11145
f 2763 11146 9687
f 11146 2293 7895
f 9687 7895 292
f 11146 7895 9687
f 2290 11145 11144
f 11145 2293 11146
f 11144 11146 2763
f 11145 11146 11144
f 679 11147 7014
f 11147 3072 11148
f 7014 11148 2046
f 11147 11148 7014
f 3072 11149 11150
f 11149 104 6730
f 11150 6730 1965
f 11149 6730 11150
f 2046 11151 7017
f 11151 1965 6735
f 7017 6735 261
f 11151 6735 7017
f 3072 11150 11148
f 11150 1965 11151
f 11148 11151 2046
f 11150 11151 11148
f 679 7013 11153
f 7013 2045 11152
f 11153 11152 3073
f 7013 11152 11153
f 2045 7011 11154
f 7011 465 7871
f 11154 7871 2285
f 7011 7871 11154
f 3073 11155 11156
f 11155 2285 7868
f 11156 7868 330
f 11155 7868 11156
f 2045 11154 11152
f 11154 2285 11155
f 11152 11155 3073
f 11154 11155 11152
f 683 9551 11158
f 9551 2734 11157
f 11158 11157 3074
f 9551 11157 11158
f 2734 9554 11159
f 9554 453 5634
f 11159 5634 1624
f 9554 5634 11159
f 3074 11160 11161
f 11160 1624 5631
f 11161 5631 272
f 11160 5631 11161
f 2734 11159 11157
f 11159 1624 11160
f 11157 11160 3074
f 11159 11160 11157
f 319 7703 10250
f 7703 2244 11162
f 10250 11162 2899
f 7703 11162 10250
f 2244 7700 11163
f 7700 133 9430
f 11163 9430 2708
f 7700 9430 11163
f 2899 11164 10244
f 11164 2708 9427
f 10244 9427 198
f 11164 9427 10244
f 2244 11163 11162
f 11163 2708 11164
f 11162 11164 2899
f 11163 11164 11162
f 680 10085 9794
f 10085 2863 11165
f 9794 11165 2792
f 10085 11165 9794
f 2863 10088 11166
f 10088 144 9542
f 11166 9542 2731
f 10088 9542 11166
f 2792 11167 9797
f 11167 2731 9539
f 9797 9539 564
f 11167 9539 9797
f 2863 11166 11165
f 11166 2731 11167
f 11165 11167 2792
f 11166 11167 11165
f 680 9793 11169
f 9793 2791 11168
f 11169 11168 3075
f 9793 11168 11169
f 2791 9790 11170
f 9790 374 4142
f 11170 4142 1137
f 9790 4142 11170
f 3075 11171 11172
f 11171 1137 4139
f 11172 4139 134
f 11171 4139 11172
f 2791 11170 11168
f 11170 1137 11171
f 11168 11171 3075
f 11170 11171 11168
f 681 4723 9387
f 4723 1331 11173
f 9387 11173 2697
f 4723 11173 9387
f 1331 4729 11174
f 4729 39 6952
f 11174 6952 2028
f 4729 6952 11174
f 2697 11175 9382
f 11175 2028 6949
f 9382 6949 322
f 11175 6949 9382
f 1331 11174 11173
f 11174 2028 11175
f 11173 11175 2697
f 11174 11175 11173
f 681 9386 9439
f 9386 2696 11176
f 9439 11176 2711
f 9386 11176 9439
f 2696 9383 11177
f 9383 41 8632
f 11177 8632 2498
f 9383 8632 11177
f 2711 11178 9442
f 11178 2498 8638
f 9442 8638 30
f 11178 8638 9442
f 2696 11177 11176
f 11177 2498 11178
f 11176 11178 2711
f 11177 11178 11176
f 682 5361 6698
f 5361 1537 11179
f 6698 11179 1954
f 5361 11179 6698
f 1537 5359 11180
f 5359 24 4780
f 11180 4780 1347
f 5359 4780 11180
f 1954 11181 6692
f 11181 1347 4777
f 6692 4777 300
f 11181 4777 6692
f 1537 11180 11179
f 11180 1347 11181
f 11179 11181 1954
f 11180 11181 11179
f 466 11182 8639
f 11182 3076 11183
f 8639 11183 2499
f 11182 11183 8639
f 3076 11184 11186
f 11184 740 11185
f 11186 11185 3077
f 11184 11185 11186
f 2499 11187 8641
f 11187 3077 11188
f 8641 11188 682
f 11187 11188 8641
f 3076 11186 11183
f 11186 3077 11187
f 11183 11187 2499
f 11186 11187 11183
f 317 4672 6262
f 4672 1312 11189
f 6262 11189 1819
f 4672 11189 6262
f 1312 4669 11190
f 4669 59 4626
f 11190 4626 1299
f 4669 4626 11190
f 1819 11191 6265
f 11191 1299 4632
f 6265 4632 69
f 11191 4632 6265
f 1312 11190 11189
f 11190 1299 11191
f 11189 11191 1819
f 11190 11191 11189
f 683 11158 9261
f 11158 3074 11192
f 9261 11192 2664
f 11158 11192 9261
f 3074 11161 11193
f 11161 272 6356
f 11193 6356 1847
f 11161 6356 11193
f 2664 11194 9256
f 11194 1847 6353
f 9256 6353 109
f 11194 6353 9256
f 3074 11193 11192
f 11193 1847 11194
f 11192 11194 2664
f 11193 11194 11192
f 683 9260 4246
f 9260 2663 11195
f 4246 11195 1172
f 9260 11195 4246
f 2663 9257 11196
f 9257 211 4232
f 11196 4232 1167
f 9257 4232 11196
f 1172 11197 4240
f 11197 1167 4229
f 4240 4229 262
f 11197 4229 4240
f 2663 11196 11195
f 11196 1167 11197
f 11195 11197 1172
f 11196 11197 11195
f 271 6855 3776
f 6855 2002 11198
f 3776 11198 1020
f 6855 11198 3776
f 2002 6853 11199
f 6853 527 9360
f 11199 9360 2692
f 6853 9360 11199
f 1020 11200 3778
f 11200 2692 9365
f 3778 9365 247
f 11200 9365 3778
f 2002 11199 11198
f 11199 2692 11200
f 11198 11200 1020
f 11199 11200 11198
f 397 8509 7540
f 8509 2467 11201
f 7540 11201 2200
f 8509 11201 7540
f 2467 8513 11202
f 8513 147 9282
f 11202 9282 2671
f 8513 9282 11202
f 2200 11203 7542
f 11203 2671 9287
f 7542 9287 779
f 11203 9287 7542
f 2467 11202 11201
f 11202 2671 11203
f 11201 11203 2200
f 11202 11203 11201
f 152 6807 9537
f 6807 1987 11204
f 9537 11204 2730
f 6807 11204 9537
f 1987 6804 11206
f 6804 306 11205
f 11206 11205 3078
f 6804 11205 11206
f 2730 11207 9533
f 11207 3078 11208
f 9533 11208 190
f 11207 11208 9533
f 1987 11206 11204
f 11206 3078 11207
f 11204 11207 2730
f 11206 11207 11204
f 299 3820 3808
f 3820 1032 11209
f 3808 11209 1030
f 3820 11209 3808
f 1032 3817 11210
f 3817 159 10415
f 11210 10415 2931
f 3817 10415 11210
f 1030 11211 3811
f 11211 2931 10412
f 3811 10412 616
f 11211 10412 3811
f 1032 11210 11209
f 11210 2931 11211
f 11209 11211 1030
f 11210 11211 11209
f 795 6641 11213
f 6641 1937 11212
f 11213 11212 3079
f 6641 11212 11213
f 1937 6639 11214
f 6639 189 5124
f 11214 5124 1461
f 6639 5124 11214
f 3079 11215 11216
f 11215 1461 5130
f 11216 5130 26
f 11215 5130 11216
f 1937 11214 11212
f 11214 1461 11215
f 11212 11215 3079
f 11214 11215 11212
f 14 11217 8357
f 11217 3080 11218
f 8357 11218 2427
f 11217 11218 8357
f 3080 11219 11221
f 11219 684 11220
f 11221 11220 3081
f 11219 11220 11221
f 2427 11222 8360
f 11222 3081 11223
f 8360 11223 363
f 11222 11223 8360
f 3080 11221 11218
f 11221 3081 11222
f 11218 11222 2427
f 11221 11222 11218
f 833 10686 6621
f 10686 2991 11224
f 6621 11224 1931
f 10686 11224 6621
f 2991 10683 11225
f 10683 295 6110
f 11225 6110 1775
f 10683 6110 11225
f 1931 11226 6624
f 11226 1775 6107
f 6624 6107 685
f 11226 6107 6624
f 2991 11225 11224
f 11225 1775 11226
f 11224 11226 1931
f 11225 11226 11224
f 686 11227 9723
f 11227 3082 11228
f 9723 11228 2771
f 11227 11228 9723
f 3082 11229 11231
f 11229 557 11230
f 11231 11230 3083
f 11229 11230 11231
f 2771 11232 9726
f 11232 3083 11233
f 9726 11233 689
f 11232 11233 9726
f 3082 11231 11228
f 11231 3083 11232
f 11228 11232 2771
f 11231 11232 11228
f 813 5152 5419
f 5152 1468 11234
f 5419 11234 1556
f 5152 11234 5419
f 1468 5149 11236
f 5149 8 11235
f 11236 11235 3084
f 5149 11235 11236
f 1556 11237 5413
f 11237 3084 11238
f 5413 11238 702
f 11237 11238 5413
f 1468 11236 11234
f 11236 3084 11237
f 11234 11237 1556
f 11236 11237 11234
f 86 9418 10379
f 9418 2706 11239
f 10379 11239 2925
f 9418 11239 10379
f 2706 9416 11240
f 9416 600 6210
f 11240 6210 1806
f 9416 6210 11240
f 2925 11241 10381
f 11241 1806 6216
f 10381 6216 92
f 11241 6216 10381
f 2706 11240 11239
f 11240 1806 11241
f 11239 11241 2925
f 11240 11241 11239
f 225 11242 6506
f 11242 3085 11243
f 6506 11243 1896
f 11242 11243 6506
f 3085 11244 11245
f 11244 186 10958
f 11245 10958 3037
f 11244 10958 11245
f 1896 11246 6508
f 11246 3037 10955
f 6508 10955 463
f 11246 10955 6508
f 3085 11245 11243
f 11245 3037 11246
f 11243 11246 1896
f 11245 11246 11243
f 517 4984 8421
f 4984 1413 11247
f 8421 11247 2443
f 4984 11247 8421
f 1413 4982 11248
f 4982 782 10152
f 11248 10152 2878
f 4982 10152 11248
f 2443 11249 8424
f 11249 2878 10150
f 8424 10150 749
f 11249 10150 8424
f 1413 11248 11247
f 11248 2878 11249
f 11247 11249 2443
f 11248 11249 11247
f 687 7192 11251
f 7192 2098 11250
f 11251 11250 3087
f 7192 11250 11251
f 2098 7196 11253
f 7196 17 11252
f 11253 11252 3086
f 7196 11252 11253
f 3087 11254 11256
f 11254 3086 11255
f 11256 11255 763
f 11254 11255 11256
f 2098 11253 11250
f 11253 3086 11254
f 11250 11254 3087
f 11253 11254 11250
f 687 7624 7190
f 7624 2224 11257
f 7190 11257 2097
f 7624 11257 7190
f 2224 7628 11258
f 7628 781 10595
f 11258 10595 2967
f 7628 10595 11258
f 2097 11259 7193
f 11259 2967 10592
f 7193 10592 844
f 11259 10592 7193
f 2224 11258 11257
f 11258 2967 11259
f 11257 11259 2097
f 11258 11259 11257
f 688 9056 4041
f 9056 2608 11260
f 4041 11260 1104
f 9056 11260 4041
f 2608 9053 11261
f 9053 164 9777
f 11261 9777 2787
f 9053 9777 11261
f 1104 11262 4035
f 11262 2787 9774
f 4035 9774 348
f 11262 9774 4035
f 2608 11261 11260
f 11261 2787 11262
f 11260 11262 1104
f 11261 11262 11260
f 688 11263 6028
f 11263 3088 11264
f 6028 11264 1751
f 11263 11264 6028
f 3088 11265 11266
f 11265 155 6039
f 11266 6039 1753
f 11265 6039 11266
f 1751 11267 6031
f 11267 1753 6036
f 6031 6036 240
f 11267 6036 6031
f 3088 11266 11264
f 11266 1753 11267
f 11264 11267 1751
f 11266 11267 11264
f 755 11268 8910
f 11268 3089 11269
f 8910 11269 2568
f 11268 11269 8910
f 3089 11270 11271
f 11270 418 10830
f 11271 10830 3016
f 11270 10830 11271
f 2568 11272 8913
f 11272 3016 10828
f 8913 10828 346
f 11272 10828 8913
f 3089 11271 11269
f 11271 3016 11272
f 11269 11272 2568
f 11271 11272 11269
f 689 11233 8956
f 11233 3083 11273
f 8956 11273 2582
f 11233 11273 8956
f 3083 11230 11274
f 11230 557 8166
f 11274 8166 2373
f 11230 8166 11274
f 2582 11275 8959
f 11275 2373 8172
f 8959 8172 119
f 11275 8172 8959
f 3083 11274 11273
f 11274 2373 11275
f 11273 11275 2582
f 11274 11275 11273
f 630 4459 8953
f 4459 1244 11276
f 8953 11276 2581
f 4459 11276 8953
f 1244 4465 11278
f 4465 771 11277
f 11278 11277 3090
f 4465 11277 11278
f 2581 11279 8955
f 11279 3090 11280
f 8955 11280 689
f 11279 11280 8955
f 1244 11278 11276
f 11278 3090 11279
f 11276 11279 2581
f 11278 11279 11276
f 356 11281 10613
f 11281 3091 11282
f 10613 11282 2973
f 11281 11282 10613
f 3091 11283 11284
f 11283 570 6388
f 11284 6388 1857
f 11283 6388 11284
f 2973 11285 10616
f 11285 1857 6385
f 10616 6385 635
f 11285 6385 10616
f 3091 11284 11282
f 11284 1857 11285
f 11282 11285 2973
f 11284 11285 11282
f 754 3432 9881
f 3432 905 11286
f 9881 11286 2815
f 3432 11286 9881
f 905 3429 11287
f 3429 142 8179
f 11287 8179 2375
f 3429 8179 11287
f 2815 11288 9875
f 11288 2375 8176
f 9875 8176 427
f 11288 8176 9875
f 905 11287 11286
f 11287 2375 11288
f 11286 11288 2815
f 11287 11288 11286
f 690 5743 8322
f 5743 1661 11289
f 8322 11289 2416
f 5743 11289 8322
f 1661 5749 11290
f 5749 217 10563
f 11290 10563 2960
f 5749 10563 11290
f 2416 11291 8325
f 11291 2960 10567
f 8325 10567 441
f 11291 10567 8325
f 1661 11290 11289
f 11290 2960 11291
f 11289 11291 2416
f 11290 11291 11289
f 667 9836 11042
f 9836 2802 11292
f 11042 11292 3051
f 9836 11292 11042
f 2802 9833 11294
f 9833 569 11293
f 11294 11293 3092
f 9833 11293 11294
f 3051 11295 11045
f 11295 3092 11296
f 11045 11296 797
f 11295 11296 11045
f 2802 11294 11292
f 11294 3092 11295
f 11292 11295 3051
f 11294 11295 11292
f 280 10607 7282
f 10607 2970 11297
f 7282 11297 2125
f 10607 11297 7282
f 2970 10604 11298
f 10604 420 6443
f 11298 6443 1875
f 10604 6443 11298
f 2125 11299 7284
f 11299 1875 6440
f 7284 6440 634
f 11299 6440 7284
f 2970 11298 11297
f 11298 1875 11299
f 11297 11299 2125
f 11298 11299 11297
f 691 10773 5711
f 10773 3006 11300
f 5711 11300 1649
f 10773 11300 5711
f 3006 10770 11301
f 10770 421 9003
f 11301 9003 2595
f 10770 9003 11301
f 1649 11302 5714
f 11302 2595 9009
f 5714 9009 341
f 11302 9009 5714
f 3006 11301 11300
f 11301 2595 11302
f 11300 11302 1649
f 11301 11302 11300
f 501 11303 10219
f 11303 3093 11304
f 10219 11304 2894
f 11303 11304 10219
f 3093 11305 11306
f 11305 82 8076
f 11306 8076 2343
f 11305 8076 11306
f 2894 11307 10222
f 11307 2343 8073
f 10222 8073 691
f 11307 8073 10222
f 3093 11306 11304
f 11306 2343 11307
f 11304 11307 2894
f 11306 11307 11304
f 692 3351 7226
f 3351 878 11308
f 7226 11308 2108
f 3351 11308 7226
f 878 3348 11309
f 3348 490 10841
f 11309 10841 3017
f 3348 10841 11309
f 2108 11310 7229
f 11310 3017 10838
f 7229 10838 174
f 11310 10838 7229
f 878 11309 11308
f 11309 3017 11310
f 11308 11310 2108
f 11309 11310 11308
f 693 3530 8895
f 3530 940 11311
f 8895 11311 2563
f 3530 11311 8895
f 940 3536 11312
f 3536 482 7251
f 11312 7251 2114
f 3536 7251 11312
f 2563 11313 8898
f 11313 2114 7248
f 8898 7248 347
f 11313 7248 8898
f 940 11312 11311
f 11312 2114 11313
f 11311 11313 2563
f 11312 11313 11311
f 694 10586 6408
f 10586 2966 11314
f 6408 11314 1865
f 10586 11314 6408
f 2966 10591 11315
f 10591 479 8840
f 11315 8840 2551
f 10591 8840 11315
f 1865 11316 6410
f 11316 2551 8846
f 6410 8846 168
f 11316 8846 6410
f 2966 11315 11314
f 11315 2551 11316
f 11314 11316 1865
f 11315 11316 11314
f 562 11317 8123
f 11317 3094 11318
f 8123 11318 2358
f 11317 11318 8123
f 3094 11319 11321
f 11319 486 11320
f 11321 11320 3095
f 11319 11320 11321
f 2358 11322 8126
f 11322 3095 11323
f 8126 11323 793
f 11322 11323 8126
f 3094 11321 11318
f 11321 3095 11322
f 11318 11322 2358
f 11321 11322 11318
f 695 4450 5890
f 4450 1241 11324
f 5890 11324 1707
f 4450 11324 5890
f 1241 4456 11325
f 4456 357 10789
f 11325 10789 3009
f 4456 10789 11325
f 1707 11326 5893
f 11326 3009 10787
f 5893 10787 648
f 11326 10787 5893
f 1241 11325 11324
f 11325 3009 11326
f 11324 11326 1707
f 11325 11326 11324
f 834 11327 10665
f 11327 3096 11328
f 10665 11328 2987
f 11327 11328 10665
f 3096 11329 11331
f 11329 832 11330
f 11331 11330 3097
f 11329 11330 11331
f 2987 11332 10668
f 11332 3097 11333
f 10668 11333 773
f 11332 11333 10668
f 3096 11331 11328
f 11331 3097 11332
f 11328 11332 2987
f 11331 11332 11328
f 496 6606 8248
f 6606 1927 11334
f 8248 11334 2396
f 6606 11334 8248
f 1927 6611 11336
f 6611 381 11335
f 11336 11335 3098
f 6611 11335 11336
f 2396 11337 8242
f 11337 3098 11338
f 8242 11338 116
f 11337 11338 8242
f 1927 11336 11334
f 11336 3098 11337
f 11334 11337 2396
f 11336 11337 11334
f 696 5931 3420
f 5931 1722 11339
f 3420 11339 902
f 5931 11339 3420
f 1722 5937 11340
f 5937 233 4327
f 11340 4327 1198
f 5937 4327 11340
f 902 11341 3423
f 11341 1198 4324
f 3423 4324 135
f 11341 4324 3423
f 1722 11340 11339
f 11340 1198 11341
f 11339 11341 902
f 11340 11341 11339
f 825 5368 11343
f 5368 1541 11342
f 11343 11342 3100
f 5368 11342 11343
f 1541 5374 11345
f 5374 12 11344
f 11345 11344 3099
f 5374 11344 11345
f 3100 11346 11348
f 11346 3099 11347
f 11348 11347 473
f 11346 11347 11348
f 1541 11345 11342
f 11345 3099 11346
f 11342 11346 3100
f 11345 11346 11342
f 697 11349 10744
f 11349 3101 11350
f 10744 11350 3002
f 11349 11350 10744
f 3101 11351 11352
f 11351 498 5718
f 11352 5718 1653
f 11351 5718 11352
f 3002 11353 10739
f 11353 1653 5724
f 10739 5724 643
f 11353 5724 10739
f 3101 11352 11350
f 11352 1653 11353
f 11350 11353 3002
f 11352 11353 11350
f 824 11354 11356
f 11354 3102 11355
f 11356 11355 3104
f 11354 11355 11356
f 3102 11357 11359
f 11357 697 11358
f 11359 11358 3103
f 11357 11358 11359
f 3104 11360 11362
f 11360 3103 11361
f 11362 11361 759
f 11360 11361 11362
f 3102 11359 11355
f 11359 3103 11360
f 11355 11360 3104
f 11359 11360 11355
f 698 9734 6449
f 9734 2775 11363
f 6449 11363 1878
f 9734 11363 6449
f 2775 9738 11365
f 9738 617 11364
f 11365 11364 3105
f 9738 11364 11365
f 1878 11366 6451
f 11366 3105 11367
f 6451 11367 125
f 11366 11367 6451
f 2775 11365 11363
f 11365 3105 11366
f 11363 11366 1878
f 11365 11366 11363
f 698 5396 11369
f 5396 1548 11368
f 11369 11368 3106
f 5396 11368 11369
f 1548 5393 11370
f 5393 557 11229
f 11370 11229 3082
f 5393 11229 11370
f 3106 11371 11372
f 11371 3082 11227
f 11372 11227 686
f 11371 11227 11372
f 1548 11370 11368
f 11370 3082 11371
f 11368 11371 3106
f 11370 11371 11368
f 699 9813 5011
f 9813 2797 11373
f 5011 11373 1422
f 9813 11373 5011
f 2797 9818 11374
f 9818 567 9825
f 11374 9825 2799
f 9818 9825 11374
f 1422 11375 5014
f 11375 2799 9822
f 5014 9822 4
f 11375 9822 5014
f 2797 11374 11373
f 11374 2799 11375
f 11373 11375 1422
f 11374 11375 11373
f 699 10636 3550
f 10636 2978 11376
f 3550 11376 945
f 10636 11376 3550
f 2978 10633 11377
f 10633 493 9971
f 11377 9971 2836
f 10633 9971 11377
f 945 11378 3553
f 11378 2836 9968
f 3553 9968 417
f 11378 9968 3553
f 2978 11377 11376
f 11377 2836 11378
f 11376 11378 945
f 11377 11378 11376
f 700 9168 3501
f 9168 2639 11379
f 3501 11379 929
f 9168 11379 3501
f 2639 9165 11381
f 9165 6 11380
f 11381 11380 3107
f 9165 11380 11381
f 929 11382 3504
f 11382 3107 11383
f 3504 11383 361
f 11382 11383 3504
f 2639 11381 11379
f 11381 3107 11382
f 11379 11382 929
f 11381 11382 11379
f 815 11384 4087
f 11384 3108 11385
f 4087 11385 1120
f 11384 11385 4087
f 3108 11386 11387
f 11386 632 9766
f 11387 9766 2786
f 11386 9766 11387
f 1120 11388 4090
f 11388 2786 9772
f 4090 9772 342
f 11388 9772 4090
f 3108 11387 11385
f 11387 2786 11388
f 11385 11388 1120
f 11387 11388 11385
f 576 7683 8968
f 7683 2239 11389
f 8968 11389 2585
f 7683 11389 8968
f 2239 7681 11390
f 7681 701 9897
f 11390 9897 2819
f 7681 9897 11390
f 2585 11391 8971
f 11391 2819 9901
f 8971 9901 5
f 11391 9901 8971
f 2239 11390 11389
f 11390 2819 11391
f 11389 11391 2585
f 11390 11391 11389
f 701 9680 9895
f 9680 2761 11392
f 9895 11392 2818
f 9680 11392 9895
f 2761 9677 11393
f 9677 222 8437
f 11393 8437 2448
f 9677 8437 11393
f 2818 11394 9898
f 11394 2448 8435
f 9898 8435 449
f 11394 8435 9898
f 2761 11393 11392
f 11393 2448 11394
f 11392 11394 2818
f 11393 11394 11392
f 502 9102 3438
f 9102 2622 11395
f 3438 11395 908
f 9102 11395 3438
f 2622 9105 11396
f 9105 106 10659
f 11396 10659 2984
f 9105 10659 11396
f 908 11397 3441
f 11397 2984 10656
f 3441 10656 358
f 11397 10656 3441
f 2622 11396 11395
f 11396 2984 11397
f 11395 11397 908
f 11396 11397 11395
f 702 11238 10795
f 11238 3084 11398
f 10795 11398 3011
f 11238 11398 10795
f 3084 11235 11399
f 11235 8 3589
f 11399 3589 957
f 11235 3589 11399
f 3011 11400 10798
f 11400 957 3586
f 10798 3586 649
f 11400 3586 10798
f 3084 11399 11398
f 11399 957 11400
f 11398 11400 3011
f 11399 11400 11398
f 702 10794 8877
f 10794 3010 11401
f 8877 11401 2559
f 10794 11401 8877
f 3010 10792 11402
f 10792 224 10941
f 11402 10941 3033
f 10792 10941 11402
f 2559 11403 8880
f 11403 3033 10938
f 8880 10938 510
f 11403 10938 8880
f 3010 11402 11401
f 11402 3033 11403
f 11401 11403 2559
f 11402 11403 11401
f 703 4310 10316
f 4310 1195 11404
f 10316 11404 2911
f 4310 11404 10316
f 1195 4316 11405
f 4316 365 8190
f 11405 8190 2378
f 4316 8190 11405
f 2911 11406 10319
f 11406 2378 8187
f 10319 8187 129
f 11406 8187 10319
f 1195 11405 11404
f 11405 2378 11406
f 11404 11406 2911
f 11405 11406 11404
f 703 11407 4319
f 11407 3109 11408
f 4319 11408 1196
f 11407 11408 4319
f 3109 11409 11410
f 11409 429 8196
f 11410 8196 2382
f 11409 8196 11410
f 1196 11411 4322
f 11411 2382 8202
f 4322 8202 149
f 11411 8202 4322
f 3109 11410 11408
f 11410 2382 11411
f 11408 11411 1196
f 11410 11411 11408
f 704 3906 8236
f 3906 1060 11412
f 8236 11412 2393
f 3906 11412 8236
f 1060 3903 11413
f 3903 314 6992
f 11413 6992 2039
f 3903 6992 11413
f 2393 11414 8230
f 11414 2039 6989
f 8230 6989 255
f 11414 6989 8230
f 1060 11413 11412
f 11413 2039 11414
f 11412 11414 2393
f 11413 11414 11412
f 704 8235 3876
f 8235 2392 11415
f 3876 11415 1051
f 8235 11415 3876
f 2392 8232 11416
f 8232 153 4026
f 11416 4026 1101
f 8232 4026 11416
f 1051 11417 3879
f 11417 1101 4032
f 3879 4032 432
f 11417 4032 3879
f 2392 11416 11415
f 11416 1101 11417
f 11415 11417 1051
f 11416 11417 11415
f 705 6459 8980
f 6459 1880 11418
f 8980 11418 2587
f 6459 11418 8980
f 1880 6456 11420
f 6456 281 11419
f 11420 11419 3110
f 6456 11419 11420
f 2587 11421 8983
f 11421 3110 11422
f 8983 11422 756
f 11421 11422 8983
f 1880 11420 11418
f 11420 3110 11421
f 11418 11421 2587
f 11420 11421 11418
f 705 11423 6460
f 11423 3111 11424
f 6460 11424 1881
f 11423 11424 6460
f 3111 11425 11426
f 11425 44 11133
f 11426 11133 3071
f 11425 11133 11426
f 1881 11427 6463
f 11427 3071 11137
f 6463 11137 568
f 11427 11137 6463
f 3111 11426 11424
f 11426 3071 11427
f 11424 11427 1881
f 11426 11427 11424
f 706 4565 7516
f 4565 1277 11428
f 7516 11428 2192
f 4565 11428 7516
f 1277 4563 11429
f 4563 328 4543
f 11429 4543 1269
f 4563 4543 11429
f 2192 11430 7510
f 11430 1269 4540
f 7510 4540 468
f 11430 4540 7510
f 1277 11429 11428
f 11429 1269 11430
f 11428 11430 2192
f 11429 11430 11428
f 706 7515 10060
f 7515 2191 11431
f 10060 11431 2858
f 7515 11431 10060
f 2191 7512 11432
f 7512 209 7519
f 11432 7519 2195
f 7512 7519 11432
f 2858 11433 10056
f 11433 2195 7525
f 10056 7525 588
f 11433 7525 10056
f 2191 11432 11431
f 11432 2195 11433
f 11431 11433 2858
f 11432 11433 11431
f 707 9058 6564
f 9058 2610 11434
f 6564 11434 1913
f 9058 11434 6564
f 2610 9063 11435
f 9063 413 7963
f 11435 7963 2310
f 9063 7963 11435
f 1913 11436 6567
f 11436 2310 7961
f 6567 7961 171
f 11436 7961 6567
f 2610 11435 11434
f 11435 2310 11436
f 11434 11436 1913
f 11435 11436 11434
f 707 10689 4055
f 10689 2992 11437
f 4055 11437 1109
f 10689 11437 4055
f 2992 10687 11438
f 10687 164 9052
f 11438 9052 2607
f 10687 9052 11438
f 1109 11439 4058
f 11439 2607 9050
f 4058 9050 499
f 11439 9050 4058
f 2992 11438 11437
f 11438 2607 11439
f 11437 11439 1109
f 11438 11439 11437
f 235 5951 10107
f 5951 1726 11440
f 10107 11440 2868
f 5951 11440 10107
f 1726 5948 11442
f 5948 833 11441
f 11442 11441 3112
f 5948 11441 11442
f 2868 11443 10110
f 11443 3112 11444
f 10110 11444 287
f 11443 11444 10110
f 1726 11442 11440
f 11442 3112 11443
f 11440 11443 2868
f 11442 11443 11440
f 64 9638 11446
f 9638 2752 11445
f 11446 11445 3113
f 9638 11445 11446
f 2752 9635 11447
f 9635 317 6264
f 11447 6264 1820
f 9635 6264 11447
f 3113 11448 11449
f 11448 1820 6268
f 11449 6268 74
f 11448 6268 11449
f 2752 11447 11445
f 11447 1820 11448
f 11445 11448 3113
f 11447 11448 11445
f 829 11450 11452
f 11450 3114 11451
f 11452 11451 3115
f 11450 11451 11452
f 3114 11453 11454
f 11453 606 8939
f 11454 8939 2576
f 11453 8939 11454
f 3115 11455 11456
f 11455 2576 8937
f 11456 8937 220
f 11455 8937 11456
f 3114 11454 11451
f 11454 2576 11455
f 11451 11455 3115
f 11454 11455 11451
f 234 10356 5944
f 10356 2922 11457
f 5944 11457 1724
f 10356 11457 5944
f 2922 10362 11458
f 10362 613 5562
f 11458 5562 1600
f 10362 5562 11458
f 1724 11459 5939
f 11459 1600 5559
f 5939 5559 266
f 11459 5559 5939
f 2922 11458 11457
f 11458 1600 11459
f 11457 11459 1724
f 11458 11459 11457
f 708 4835 4871
f 4835 1365 11460
f 4871 11460 1377
f 4835 11460 4871
f 1365 4832 11461
f 4832 332 7053
f 11461 7053 2056
f 4832 7053 11461
f 1377 11462 4874
f 11462 2056 7050
f 4874 7050 265
f 11462 7050 4874
f 1365 11461 11460
f 11461 2056 11462
f 11460 11462 1377
f 11461 11462 11460
f 708 9368 8519
f 9368 2693 11463
f 8519 11463 2469
f 9368 11463 8519
f 2693 9366 11464
f 9366 455 7901
f 11464 7901 2294
f 9366 7901 11464
f 2469 11465 8521
f 11465 2294 7899
f 8521 7899 406
f 11465 7899 8521
f 2693 11464 11463
f 11464 2294 11465
f 11463 11465 2469
f 11464 11465 11463
f 710 3769 10246
f 3769 1019 11466
f 10246 11466 2898
f 3769 11466 10246
f 1019 3775 11467
f 3775 139 3850
f 11467 3850 1042
f 3775 3850 11467
f 2898 11468 10249
f 11468 1042 3847
f 10249 3847 319
f 11468 3847 10249
f 1019 11467 11466
f 11467 1042 11468
f 11466 11468 2898
f 11467 11468 11466
f 710 11469 9622
f 11469 3116 11470
f 9622 11470 2750
f 11469 11470 9622
f 3116 11471 11473
f 11471 146 11472
f 11473 11472 3117
f 11471 11472 11473
f 2750 11474 9625
f 11474 3117 11475
f 9625 11475 151
f 11474 11475 9625
f 3116 11473 11470
f 11473 3117 11474
f 11470 11474 2750
f 11473 11474 11470
f 458 8546 7608
f 8546 2474 11476
f 7608 11476 2220
f 8546 11476 7608
f 2474 8544 11477
f 8544 378 6662
f 11477 6662 1944
f 8544 6662 11477
f 2220 11478 7611
f 11478 1944 6666
f 7611 6666 38
f 11478 6666 7611
f 2474 11477 11476
f 11477 1944 11478
f 11476 11478 2220
f 11477 11478 11476
f 711 11479 9164
f 11479 3118 11480
f 9164 11480 2638
f 11479 11480 9164
f 3118 11481 11483
f 11481 138 11482
f 11483 11482 3119
f 11481 11482 11483
f 2638 11484 9158
f 11484 3119 11485
f 9158 11485 714
f 11484 11485 9158
f 3118 11483 11480
f 11483 3119 11484
f 11480 11484 2638
f 11483 11484 11480
f 711 10080 11479
f 10080 2862 11486
f 11479 11486 3118
f 10080 11486 11479
f 2862 10077 11487
f 10077 128 3760
f 11487 3760 1016
f 10077 3760 11487
f 3118 11488 11481
f 11488 1016 3766
f 11481 3766 138
f 11488 3766 11481
f 2862 11487 11486
f 11487 1016 11488
f 11486 11488 3118
f 11487 11488 11486
f 32 8396 11490
f 8396 2436 11489
f 11490 11489 3120
f 8396 11489 11490
f 2436 8393 11491
f 8393 447 7432
f 11491 7432 2166
f 8393 7432 11491
f 3120 11492 11493
f 11492 2166 7429
f 11493 7429 265
f 11492 7429 11493
f 2436 11491 11489
f 11491 2166 11492
f 11489 11492 3120
f 11491 11492 11489
f 9 10857 11495
f 10857 3022 11494
f 11495 11494 3121
f 10857 11494 11495
f 3022 10855 11496
f 10855 334 5001
f 11496 5001 1418
f 10855 5001 11496
f 3121 11497 11498
f 11497 1418 4998
f 11498 4998 654
f 11497 4998 11498
f 3022 11496 11494
f 11496 1418 11497
f 11494 11497 3121
f 11496 11497 11494
f 712 11499 5029
f 11499 3122 11500
f 5029 11500 1428
f 11499 11500 5029
f 3122 11501 11502
f 11501 638 5019
f 11502 5019 1424
f 11501 5019 11502
f 1428 11503 5032
f 11503 1424 5016
f 5032 5016 236
f 11503 5016 5032
f 3122 11502 11500
f 11502 1424 11503
f 11500 11503 1428
f 11502 11503 11500
f 713 3288 11505
f 3288 857 11504
f 11505 11504 3123
f 3288 11504 11505
f 857 3285 11506
f 3285 89 3274
f 11506 3274 852
f 3285 3274 11506
f 3123 11507 11508
f 11507 852 3271
f 11508 3271 97
f 11507 3271 11508
f 857 11506 11504
f 11506 852 11507
f 11504 11507 3123
f 11506 11507 11504
f 343 4591 9036
f 4591 1285 11509
f 9036 11509 2603
f 4591 11509 9036
f 1285 4588 11510
f 4588 82 7200
f 11510 7200 2099
f 4588 7200 11510
f 2603 11511 9038
f 11511 2099 7197
f 9038 7197 634
f 11511 7197 9038
f 1285 11510 11509
f 11510 2099 11511
f 11509 11511 2603
f 11510 11511 11509
f 714 11485 6099
f 11485 3119 11512
f 6099 11512 1773
f 11485 11512 6099
f 3119 11482 11513
f 11482 138 6852
f 11513 6852 2001
f 11482 6852 11513
f 1773 11514 6102
f 11514 2001 6849
f 6102 6849 650
f 11514 6849 6102
f 3119 11513 11512
f 11513 2001 11514
f 11512 11514 1773
f 11513 11514 11512
f 714 6861 9156
f 6861 2005 11515
f 9156 11515 2636
f 6861 11515 9156
f 2005 6866 11516
f 6866 311 5336
f 11516 5336 1530
f 6866 5336 11516
f 2636 11517 9159
f 11517 1530 5340
f 9159 5340 377
f 11517 5340 9159
f 2005 11516 11515
f 11516 1530 11517
f 11515 11517 2636
f 11516 11517 11515
f 769 8806 11519
f 8806 2539 11518
f 11519 11518 3124
f 8806 11518 11519
f 2539 8803 11520
f 8803 15 9187
f 11520 9187 2646
f 8803 9187 11520
f 3124 11521 11522
f 11521 2646 9192
f 11522 9192 228
f 11521 9192 11522
f 2539 11520 11518
f 11520 2646 11521
f 11518 11521 3124
f 11520 11521 11518
f 715 11523 10019
f 11523 3125 11524
f 10019 11524 2848
f 11523 11524 10019
f 3125 11525 11526
f 11525 291 10538
f 11526 10538 2956
f 11525 10538 11526
f 2848 11527 10022
f 11527 2956 10541
f 10022 10541 536
f 11527 10541 10022
f 3125 11526 11524
f 11526 2956 11527
f 11524 11527 2848
f 11526 11527 11524
f 4 10845 5015
f 10845 3021 11528
f 5015 11528 1423
f 10845 11528 5015
f 3021 10851 11530
f 10851 841 11529
f 11530 11529 3126
f 10851 11529 11530
f 1423 11531 5009
f 11531 3126 11532
f 5009 11532 716
f 11531 11532 5009
f 3021 11530 11528
f 11530 3126 11531
f 11528 11531 1423
f 11530 11531 11528
f 717 10765 8453
f 10765 3005 11533
f 8453 11533 2452
f 10765 11533 8453
f 3005 10768 11534
f 10768 343 7208
f 11534 7208 2104
f 10768 7208 11534
f 2452 11535 8447
f 11535 2104 7214
f 8447 7214 450
f 11535 7214 8447
f 3005 11534 11533
f 11534 2104 11535
f 11533 11535 2452
f 11534 11535 11533
f 717 8452 9910
f 8452 2451 11536
f 9910 11536 2822
f 8452 11536 9910
f 2451 8449 11537
f 8449 83 8068
f 11537 8068 2340
f 8449 8068 11537
f 2822 11538 9913
f 11538 2340 8065
f 9913 8065 577
f 11538 8065 9913
f 2451 11537 11536
f 11537 2340 11538
f 11536 11538 2822
f 11537 11538 11536
f 94 6826 11540
f 6826 1993 11539
f 11540 11539 3127
f 6826 11539 11540
f 1993 6823 11541
f 6823 651 4557
f 11541 4557 1274
f 6823 4557 11541
f 3127 11542 11543
f 11542 1274 4554
f 11543 4554 718
f 11542 4554 11543
f 1993 11541 11539
f 11541 1274 11542
f 11539 11542 3127
f 11541 11542 11539
f 671 6490 11079
f 6490 1890 11544
f 11079 11544 3060
f 6490 11544 11079
f 1890 6487 11546
f 6487 566 11545
f 11546 11545 3128
f 6487 11545 11546
f 3060 11547 11073
f 11547 3128 11548
f 11073 11548 419
f 11547 11548 11073
f 1890 11546 11544
f 11546 3128 11547
f 11544 11547 3060
f 11546 11547 11544
f 419 6422 11071
f 6422 1868 11549
f 11071 11549 3058
f 6422 11549 11071
f 1868 6419 11551
f 6419 278 11550
f 11551 11550 3129
f 6419 11550 11551
f 3058 11552 11074
f 11552 3129 11553
f 11074 11553 836
f 11552 11553 11074
f 1868 11551 11549
f 11551 3129 11552
f 11549 11552 3058
f 11551 11552 11549
f 209 8649 7517
f 8649 2502 11554
f 7517 11554 2193
f 8649 11554 7517
f 2502 8655 11556
f 8655 776 11555
f 11556 11555 3130
f 8655 11555 11556
f 2193 11557 7520
f 11557 3130 11558
f 7520 11558 719
f 11557 11558 7520
f 2502 11556 11554
f 11556 3130 11557
f 11554 11557 2193
f 11556 11557 11554
f 719 8063 7521
f 8063 2341 11559
f 7521 11559 2194
f 8063 11559 7521
f 2341 8069 11560
f 8069 83 10050
f 11560 10050 2855
f 8069 10050 11560
f 2194 11561 7524
f 11561 2855 10047
f 7524 10047 588
f 11561 10047 7524
f 2341 11560 11559
f 11560 2855 11561
f 11559 11561 2194
f 11560 11561 11559
f 167 7437 6527
f 7437 2168 11562
f 6527 11562 1902
f 7437 11562 6527
f 2168 7434 11563
f 7434 366 11003
f 11563 11003 3046
f 7434 11003 11563
f 1902 11564 6530
f 11564 3046 11009
f 6530 11009 664
f 11564 11009 6530
f 2168 11563 11562
f 11563 3046 11564
f 11562 11564 1902
f 11563 11564 11562
f 143 9154 9407
f 9154 2634 11565
f 9407 11565 2703
f 9154 11565 9407
f 2634 9151 11566
f 9151 311 8690
f 11566 8690 2510
f 9151 8690 11566
f 2703 11567 9410
f 11567 2510 8688
f 9410 8688 470
f 11567 8688 9410
f 2634 11566 11565
f 11566 2510 11567
f 11565 11567 2703
f 11566 11567 11565
f 720 11568 10821
f 11568 3131 11569
f 10821 11569 3015
f 11568 11569 10821
f 3131 11570 11571
f 11570 509 4797
f 11571 4797 1353
f 11570 4797 11571
f 3015 11572 10824
f 11572 1353 4794
f 10824 4794 652
f 11572 4794 10824
f 3131 11571 11569
f 11571 1353 11572
f 11569 11572 3015
f 11571 11572 11569
f 720 10820 3527
f 10820 3014 11573
f 3527 11573 937
f 10820 11573 3527
f 3014 10818 11574
f 10818 364 7403
f 11574 7403 2158
f 10818 7403 11574
f 937 11575 3521
f 11575 2158 7400
f 3521 7400 437
f 11575 7400 3521
f 3014 11574 11573
f 11574 2158 11575
f 11573 11575 937
f 11574 11575 11573
f 721 6393 6399
f 6393 1859 11576
f 6399 11576 1862
f 6393 11576 6399
f 1859 6390 11578
f 6390 485 11577
f 11578 11577 3132
f 6390 11577 11578
f 1862 11579 6402
f 11579 3132 11580
f 6402 11580 765
f 11579 11580 6402
f 1859 11578 11576
f 11578 3132 11579
f 11576 11579 1862
f 11578 11579 11576
f 722 9928 8183
f 9928 2827 11581
f 8183 11581 2377
f 9928 11581 8183
f 2827 9932 11582
f 9932 644 7849
f 11582 7849 2281
f 9932 7849 11582
f 2377 11583 8186
f 11583 2281 7846
f 8186 7846 428
f 11583 7846 8186
f 2827 11582 11581
f 11582 2281 11583
f 11581 11583 2377
f 11582 11583 11581
f 723 10693 8080
f 10693 2994 11584
f 8080 11584 2345
f 10693 11584 8080
f 2994 10698 11585
f 10698 640 6571
f 11585 6571 1914
f 10698 6571 11585
f 2345 11586 8083
f 11586 1914 6568
f 8083 6568 171
f 11586 6568 8083
f 2994 11585 11584
f 11585 1914 11586
f 11584 11586 2345
f 11585 11586 11584
f 146 3861 11472
f 3861 1045 11587
f 11472 11587 3117
f 3861 11587 11472
f 1045 3858 11588
f 3858 248 10865
f 11588 10865 3023
f 3858 10865 11588
f 3117 11589 11475
f 11589 3023 10863
f 11475 10863 151
f 11589 10863 11475
f 1045 11588 11587
f 11588 3023 11589
f 11587 11589 3117
f 11588 11589 11587
f 511 11004 7443
f 11004 3044 11590
f 7443 11590 2171
f 11004 11590 7443
f 3044 11001 11591
f 11001 366 10261
f 11591 10261 2901
f 11001 10261 11591
f 2171 11592 7445
f 11592 2901 10259
f 7445 10259 166
f 11592 10259 7445
f 3044 11591 11590
f 11591 2901 11592
f 11590 11592 2171
f 11591 11592 11590
f 664 11008 10752
f 11008 3045 11593
f 10752 11593 3003
f 11008 11593 10752
f 3045 11005 11595
f 11005 511 11594
f 11595 11594 3133
f 11005 11594 11595
f 3003 11596 10749
f 11596 3133 11597
f 10749 11597 225
f 11596 11597 10749
f 3045 11595 11593
f 11595 3133 11596
f 11593 11596 3003
f 11595 11596 11593
f 413 9062 11599
f 9062 2609 11598
f 11599 11598 3135
f 9062 11598 11599
f 2609 9059 11601
f 9059 440 11600
f 11601 11600 3134
f 9059 11600 11601
f 3135 11602 11604
f 11602 3134 11603
f 11604 11603 165
f 11602 11603 11604
f 2609 11601 11598
f 11601 3134 11602
f 11598 11602 3135
f 11601 11602 11598
f 663 10978 5869
f 10978 3041 11605
f 5869 11605 1700
f 10978 11605 5869
f 3041 10981 11606
f 10981 413 11599
f 11606 11599 3135
f 10981 11599 11606
f 1700 11607 5863
f 11607 3135 11604
f 5863 11604 165
f 11607 11604 5863
f 3041 11606 11605
f 11606 3135 11607
f 11605 11607 1700
f 11606 11607 11605
f 373 9349 11609
f 9349 2688 11608
f 11609 11608 3136
f 9349 11608 11609
f 2688 9347 11610
f 9347 193 5994
f 11610 5994 1739
f 9347 5994 11610
f 3136 11611 11612
f 11611 1739 5991
f 11612 5991 758
f 11611 5991 11612
f 2688 11610 11608
f 11610 1739 11611
f 11608 11611 3136
f 11610 11611 11608
f 724 4697 4823
f 4697 1320 11613
f 4823 11613 1362
f 4697 11613 4823
f 1320 4694 11614
f 4694 70 10120
f 11614 10120 2871
f 4694 10120 11614
f 1362 11615 4826
f 11615 2871 10118
f 4826 10118 593
f 11615 10118 4826
f 1320 11614 11613
f 11614 2871 11615
f 11613 11615 1362
f 11614 11615 11613
f 609 10310 8693
f 10310 2909 11616
f 8693 11616 2511
f 10310 11616 8693
f 2909 10308 11617
f 10308 607 10277
f 11617 10277 2905
f 10308 10277 11617
f 2511 11618 8695
f 11618 2905 10280
f 8695 10280 263
f 11618 10280 8695
f 2909 11617 11616
f 11617 2905 11618
f 11616 11618 2511
f 11617 11618 11616
f 507 10071 10877
f 10071 2860 11619
f 10877 11619 3025
f 10071 11619 10877
f 2860 10069 11620
f 10069 145 3983
f 11620 3983 1087
f 10069 3983 11620
f 3025 11621 10880
f 11621 1087 3989
f 10880 3989 301
f 11621 3989 10880
f 2860 11620 11619
f 11620 1087 11621
f 11619 11621 3025
f 11620 11621 11619
f 594 10976 6790
f 10976 3040 11622
f 6790 11622 1982
f 10976 11622 6790
f 3040 10973 11624
f 10973 165 11623
f 11624 11623 3137
f 10973 11623 11624
f 1982 11625 6785
f 11625 3137 11626
f 6785 11626 641
f 11625 11626 6785
f 3040 11624 11622
f 11624 3137 11625
f 11622 11625 1982
f 11624 11625 11622
f 726 6289 8621
f 6289 1829 11627
f 8621 11627 2494
f 6289 11627 8621
f 1829 6295 11628
f 6295 78 5223
f 11628 5223 1494
f 6295 5223 11628
f 2494 11629 8624
f 11629 1494 5229
f 8624 5229 264
f 11629 5229 8624
f 1829 11628 11627
f 11628 1494 11629
f 11627 11629 2494
f 11628 11629 11627
f 268 9486 6282
f 9486 2722 11630
f 6282 11630 1825
f 9486 11630 6282
f 2722 9484 11631
f 9484 87 4491
f 11631 4491 1252
f 9484 4491 11631
f 1825 11632 6285
f 11632 1252 4488
f 6285 4488 534
f 11632 4488 6285
f 2722 11631 11630
f 11631 1252 11632
f 11630 11632 1825
f 11631 11632 11630
f 727 4446 7330
f 4446 1237 11633
f 7330 11633 2138
f 4446 11633 7330
f 1237 4443 11634
f 4443 357 4455
f 11634 4455 1240
f 4443 4455 11634
f 2138 11635 7324
f 11635 1240 4452
f 7324 4452 802
f 11635 4452 7324
f 1237 11634 11633
f 11634 1240 11635
f 11633 11635 2138
f 11634 11635 11633
f 727 7337 4447
f 7337 2140 11636
f 4447 11636 1238
f 7337 11636 4447
f 2140 7334 11637
f 7334 103 9346
f 11637 9346 2687
f 7334 9346 11637
f 1238 11638 4441
f 11638 2687 9343
f 4441 9343 435
f 11638 9343 4441
f 2140 11637 11636
f 11637 2687 11638
f 11636 11638 1238
f 11637 11638 11636
f 684 11639 5117
f 11639 3138 11640
f 5117 11640 1457
f 11639 11640 5117
f 3138 11641 11642
f 11641 813 5418
f 11642 5418 1555
f 11641 5418 11642
f 1457 11643 5120
f 11643 1555 5415
f 5120 5415 296
f 11643 5415 5120
f 3138 11642 11640
f 11642 1555 11643
f 11640 11643 1457
f 11642 11643 11640
f 584 9031 6813
f 9031 2601 11644
f 6813 11644 1990
f 9031 11644 6813
f 2601 9029 11645
f 9029 95 5888
f 11645 5888 1708
f 9029 5888 11645
f 1990 11646 6816
f 11646 1708 5894
f 6816 5894 648
f 11646 5894 6816
f 2601 11645 11644
f 11645 1708 11646
f 11644 11646 1990
f 11645 11646 11644
f 450 7213 11648
f 7213 2103 11647
f 11648 11647 3139
f 7213 11647 11648
f 2103 7210 11649
f 7210 497 9035
f 11649 9035 2602
f 7210 9035 11649
f 3139 11650 11651
f 11650 2602 9032
f 11651 9032 584
f 11650 9032 11651
f 2103 11649 11647
f 11649 2602 11650
f 11647 11650 3139
f 11649 11650 11647
f 543 11652 11654
f 11652 3140 11653
f 11654 11653 3141
f 11652 11653 11654
f 3140 11655 11656
f 11655 461 8568
f 11656 8568 2480
f 11655 8568 11656
f 3141 11657 11658
f 11657 2480 8572
f 11658 8572 729
f 11657 8572 11658
f 3140 11656 11653
f 11656 2480 11657
f 11653 11657 3141
f 11656 11657 11653
f 11 10439 9188
f 10439 2938 11659
f 9188 11659 2645
f 10439 11659 9188
f 2938 10442 11660
f 10442 361 9176
f 11660 9176 2644
f 10442 9176 11660
f 2645 11661 9191
f 11661 2644 9182
f 9191 9182 228
f 11661 9182 9191
f 2938 11660 11659
f 11660 2644 11661
f 11659 11661 2645
f 11660 11661 11659
f 109 6352 10211
f 6352 1846 11662
f 10211 11662 2892
f 6352 11662 10211
f 1846 6349 11664
f 6349 386 11663
f 11664 11663 3142
f 6349 11663 11664
f 2892 11665 10213
f 11665 3142 11666
f 10213 11666 601
f 11665 11666 10213
f 1846 11664 11662
f 11664 3142 11665
f 11662 11665 2892
f 11664 11665 11662
f 730 11052 11668
f 11052 3054 11667
f 11668 11667 3144
f 11052 11667 11668
f 3054 11055 11670
f 11055 602 11669
f 11670 11669 3143
f 11055 11669 11670
f 3144 11671 11673
f 11671 3143 11672
f 11673 11672 54
f 11671 11672 11673
f 3054 11670 11667
f 11670 3143 11671
f 11667 11671 3144
f 11670 11671 11667
f 732 8109 11675
f 8109 2355 11674
f 11675 11674 3145
f 8109 11674 11675
f 2355 8115 11676
f 8115 561 3359
f 11676 3359 883
f 8115 3359 11676
f 3145 11677 11678
f 11677 883 3365
f 11678 3365 178
f 11677 3365 11678
f 2355 11676 11674
f 11676 883 11677
f 11674 11677 3145
f 11676 11677 11674
f 733 6426 11680
f 6426 1872 11679
f 11680 11679 3146
f 6426 11679 11680
f 1872 6432 11681
f 6432 3 9607
f 11681 9607 2747
f 6432 9607 11681
f 3146 11682 11683
f 11682 2747 9610
f 11683 9610 180
f 11682 9610 11683
f 1872 11681 11679
f 11681 2747 11682
f 11679 11682 3146
f 11681 11682 11679
f 734 11684 11686
f 11684 3147 11685
f 11686 11685 3148
f 11684 11685 11686
f 3147 11687 11688
f 11687 482 9998
f 11688 9998 2842
f 11687 9998 11688
f 3148 11689 11690
f 11689 2842 9995
f 11690 9995 1
f 11689 9995 11690
f 3147 11688 11685
f 11688 2842 11689
f 11685 11689 3148
f 11688 11689 11685
f 735 10101 9015
f 10101 2866 11691
f 9015 11691 2597
f 10101 11691 9015
f 2866 10099 11692
f 10099 592 8866
f 11692 8866 2556
f 10099 8866 11692
f 2597 11693 9018
f 11693 2556 8863
f 9018 8863 495
f 11693 8863 9018
f 2866 11692 11691
f 11692 2556 11693
f 11691 11693 2597
f 11692 11693 11691
f 418 11694 8900
f 11694 3149 11695
f 8900 11695 2565
f 11694 11695 8900
f 3149 11696 11697
f 11696 799 9741
f 11697 9741 2778
f 11696 9741 11697
f 2565 11698 8902
f 11698 2778 9747
f 8902 9747 736
f 11698 9747 8902
f 3149 11697 11695
f 11697 2778 11698
f 11695 11698 2565
f 11697 11698 11695
f 737 9755 11700
f 9755 2780 11699
f 11700 11699 3150
f 9755 11699 11700
f 2780 9752 11701
f 9752 442 5762
f 11701 5762 1665
f 9752 5762 11701
f 3150 11702 11703
f 11702 1665 5759
f 11703 5759 275
f 11702 5759 11703
f 2780 11701 11699
f 11701 1665 11702
f 11699 11702 3150
f 11701 11702 11699
f 738 8951 11705
f 8951 2579 11704
f 11705 11704 3151
f 8951 11704 11705
f 2579 8948 11706
f 8948 633 6455
f 11706 6455 1879
f 8948 6455 11706
f 3151 11707 11708
f 11707 1879 6452
f 11708 6452 125
f 11707 6452 11708
f 2579 11706 11704
f 11706 1879 11707
f 11704 11707 3151
f 11706 11707 11704
f 190 11208 7372
f 11208 3078 11709
f 7372 11709 2150
f 11208 11709 7372
f 3078 11205 11710
f 11205 306 10230
f 11710 10230 2895
f 11205 10230 11710
f 2150 11711 7375
f 11711 2895 10227
f 7375 10227 387
f 11711 10227 7375
f 3078 11710 11709
f 11710 2895 11711
f 11709 11711 2150
f 11710 11711 11709
f 739 8151 9572
f 8151 2366 11712
f 9572 11712 2739
f 8151 11712 9572
f 2366 8148 11713
f 8148 543 11654
f 11713 11654 3141
f 8148 11654 11713
f 2739 11714 9574
f 11714 3141 11658
f 9574 11658 729
f 11714 11658 9574
f 2366 11713 11712
f 11713 3141 11714
f 11712 11714 2739
f 11713 11714 11712
f 330 6323 11156
f 6323 1840 11715
f 11156 11715 3073
f 6323 11715 11156
f 1840 6329 11716
f 6329 110 4218
f 11716 4218 1162
f 6329 4218 11716
f 3073 11717 11153
f 11717 1162 4215
f 11153 4215 679
f 11717 4215 11153
f 1840 11716 11715
f 11716 1162 11717
f 11715 11717 3073
f 11716 11717 11715
f 740 8787 11185
f 8787 2535 11718
f 11185 11718 3077
f 8787 11718 11185
f 2535 8790 11719
f 8790 244 5365
f 11719 5365 1538
f 8790 5365 11719
f 3077 11720 11188
f 11720 1538 5362
f 11188 5362 682
f 11720 5362 11188
f 2535 11719 11718
f 11719 1538 11720
f 11718 11720 3077
f 11719 11720 11718
f 43 11721 4660
f 11721 3152 11722
f 4660 11722 1309
f 11721 11722 4660
f 3152 11723 11724
f 11723 466 9304
f 11724 9304 2676
f 11723 9304 11724
f 1309 11725 4663
f 11725 2676 9309
f 4663 9309 258
f 11725 9309 4663
f 3152 11724 11722
f 11724 2676 11725
f 11722 11725 1309
f 11724 11725 11722
f 657 5278 8454
f 5278 1509 11726
f 8454 11726 2453
f 5278 11726 8454
f 1509 5275 11727
f 5275 451 5161
f 11727 5161 1471
f 5275 5161 11727
f 2453 11728 8456
f 11728 1471 5158
f 8456 5158 624
f 11728 5158 8456
f 1509 11727 11726
f 11727 1471 11728
f 11726 11728 2453
f 11727 11728 11726
f 462 4138 7590
f 4138 1136 11729
f 7590 11729 2214
f 4138 11729 7590
f 1136 4135 11731
f 4135 443 11730
f 11731 11730 3153
f 4135 11730 11731
f 2214 11732 7584
f 11732 3153 11733
f 7584 11733 134
f 11732 11733 7584
f 1136 11731 11729
f 11731 3153 11732
f 11729 11732 2214
f 11731 11732 11729
f 98 11734 5622
f 11734 3154 11735
f 5622 11735 1621
f 11734 11735 5622
f 3154 11736 11737
f 11736 90 11100
f 11737 11100 3063
f 11736 11100 11737
f 1621 11738 5625
f 11738 3063 11097
f 5625 11097 329
f 11738 11097 5625
f 3154 11737 11735
f 11737 3063 11738
f 11735 11738 1621
f 11737 11738 11735
f 770 7646 11740
f 7646 2230 11739
f 11740 11739 3155
f 7646 11739 11740
f 2230 7649 11741
f 7649 113 6743
f 11741 6743 1969
f 7649 6743 11741
f 3155 11742 11743
f 11742 1969 6749
f 11743 6749 381
f 11742 6749 11743
f 2230 11741 11739
f 11741 1969 11742
f 11739 11742 3155
f 11741 11742 11739
f 324 7699 9567
f 7699 2243 11744
f 9567 11744 2738
f 7699 11744 9567
f 2243 7696 11745
f 7696 542 6968
f 11745 6968 2033
f 7696 6968 11745
f 2738 11746 9569
f 11746 2033 6965
f 9569 6965 456
f 11746 6965 9569
f 2243 11745 11744
f 11745 2033 11746
f 11744 11746 2738
f 11745 11746 11744
f 839 5927 6552
f 5927 1718 11747
f 6552 11747 1909
f 5927 11747 6552
f 1718 5924 11748
f 5924 494 10015
f 11748 10015 2846
f 5924 10015 11748
f 1909 11749 6555
f 11749 2846 10012
f 6555 10012 289
f 11749 10012 6555
f 1718 11748 11747
f 11748 2846 11749
f 11747 11749 1909
f 11748 11749 11747
f 239 6005 10408
f 6005 1742 11750
f 10408 11750 2930
f 6005 11750 10408
f 1742 6002 11751
f 6002 404 7883
f 11751 7883 2289
f 6002 7883 11751
f 2930 11752 10411
f 11752 2289 7880
f 10411 7880 516
f 11752 7880 10411
f 1742 11751 11750
f 11751 2289 11752
f 11750 11752 2930
f 11751 11752 11750
f 55 7497 6345
f 7497 2185 11753
f 6345 11753 1845
f 7497 11753 6345
f 2185 7494 11754
f 7494 371 10113
f 11754 10113 2869
f 7494 10113 11754
f 1845 11755 6339
f 11755 2869 10111
f 6339 10111 593
f 11755 10111 6339
f 2185 11754 11753
f 11754 2869 11755
f 11753 11755 1845
f 11754 11755 11753
f 742 11756 8750
f 11756 3156 11757
f 8750 11757 2525
f 11756 11757 8750
f 3156 11758 11759
f 11758 473 11347
f 11759 11347 3099
f 11758 11347 11759
f 2525 11760 8753
f 11760 3099 11344
f 8753 11344 12
f 11760 11344 8753
f 3156 11759 11757
f 11759 3099 11760
f 11757 11760 2525
f 11759 11760 11757
f 430 9200 11762
f 9200 2649 11761
f 11762 11761 3157
f 9200 11761 11762
f 2649 9204 11763
f 9204 362 11108
f 11763 11108 3065
f 9204 11108 11763
f 3157 11764 11765
f 11764 3065 11113
f 11765 11113 675
f 11764 11113 11765
f 2649 11763 11761
f 11763 3065 11764
f 11761 11764 3157
f 11763 11764 11761
f 628 10557 4289
f 10557 2958 11766
f 4289 11766 1186
f 10557 11766 4289
f 2958 10560 11767
f 10560 117 8005
f 11767 8005 2321
f 10560 8005 11767
f 1186 11768 4283
f 11768 2321 8002
f 4283 8002 121
f 11768 8002 4283
f 2958 11767 11766
f 11767 2321 11768
f 11766 11768 1186
f 11767 11768 11766
f 743 4609 11770
f 4609 1291 11769
f 11770 11769 3158
f 4609 11769 11770
f 1291 4606 11771
f 4606 79 8828
f 11771 8828 2546
f 4606 8828 11771
f 3158 11772 11773
f 11772 2546 8826
f 11773 8826 80
f 11772 8826 11773
f 1291 11771 11769
f 11771 2546 11772
f 11769 11772 3158
f 11771 11772 11769
f 318 7669 6919
f 7669 2235 11774
f 6919 11774 2020
f 7669 11774 6919
f 2235 7667 11775
f 7667 62 4816
f 11775 4816 1361
f 7667 4816 11775
f 2020 11776 6922
f 11776 1361 4822
f 6922 4822 457
f 11776 4822 6922
f 2235 11775 11774
f 11775 1361 11776
f 11774 11776 2020
f 11775 11776 11774
f 298 11123 11778
f 11123 3068 11777
f 11778 11777 3159
f 11123 11777 11778
f 3068 11121 11779
f 11121 382 6674
f 11779 6674 1946
f 11121 6674 11779
f 3159 11780 11781
f 11780 1946 6671
f 11781 6671 624
f 11780 6671 11781
f 3068 11779 11777
f 11779 1946 11780
f 11777 11780 3159
f 11779 11780 11777
f 744 6105 11783
f 6105 1776 11782
f 11783 11782 3160
f 6105 11782 11783
f 1776 6111 11784
f 6111 295 10165
f 11784 10165 2880
f 6111 10165 11784
f 3160 11785 11786
f 11785 2880 10162
f 11786 10162 150
f 11785 10162 11786
f 1776 11784 11782
f 11784 2880 11785
f 11782 11785 3160
f 11784 11785 11782
f 349 8142 8657
f 8142 2363 11787
f 8657 11787 2503
f 8142 11787 8657
f 2363 8139 11789
f 8139 745 11788
f 11789 11788 3161
f 8139 11788 11789
f 2503 11790 8660
f 11790 3161 11791
f 8660 11791 615
f 11790 11791 8660
f 2363 11789 11787
f 11789 3161 11790
f 11787 11790 2503
f 11789 11790 11787
f 745 11792 11788
f 11792 3162 11793
f 11788 11793 3161
f 11792 11793 11788
f 3162 11794 11795
f 11794 188 5409
f 11795 5409 1552
f 11794 5409 11795
f 3161 11796 11791
f 11796 1552 5406
f 11791 5406 615
f 11796 5406 11791
f 3162 11795 11793
f 11795 1552 11796
f 11793 11796 3161
f 11795 11796 11793
f 394 11797 10496
f 11797 3163 11798
f 10496 11798 2947
f 11797 11798 10496
f 3163 11799 11801
f 11799 821 11800
f 11801 11800 3164
f 11799 11800 11801
f 2947 11802 10493
f 11802 3164 11803
f 10493 11803 84
f 11802 11803 10493
f 3163 11801 11798
f 11801 3164 11802
f 11798 11802 2947
f 11801 11802 11798
f 34 6843 5473
f 6843 1999 11804
f 5473 11804 1573
f 6843 11804 5473
f 1999 6841 11805
f 6841 661 10944
f 11805 10944 3035
f 6841 10944 11805
f 1573 11806 5476
f 11806 3035 10948
f 5476 10948 505
f 11806 10948 5476
f 1999 11805 11804
f 11805 3035 11806
f 11804 11806 1573
f 11805 11806 11804
f 29 10499 5166
f 10499 2948 11807
f 5166 11807 1473
f 10499 11807 5166
f 2948 10497 11808
f 10497 298 11778
f 11808 11778 3159
f 10497 11778 11808
f 1473 11809 5160
f 11809 3159 11781
f 5160 11781 624
f 11809 11781 5160
f 2948 11808 11807
f 11808 3159 11809
f 11807 11809 1473
f 11808 11809 11807
f 655 5133 7408
f 5133 1464 11810
f 7408 11810 2160
f 5133 11810 7408
f 1464 5139 11811
f 5139 548 10503
f 11811 10503 2949
f 5139 10503 11811
f 2160 11812 7411
f 11812 2949 10500
f 7411 10500 29
f 11812 10500 7411
f 1464 11811 11810
f 11811 2949 11812
f 11810 11812 2160
f 11811 11812 11810
f 530 3961 10098
f 3961 1077 11813
f 10098 11813 2865
f 3961 11813 10098
f 1077 3958 11814
f 3958 312 10091
f 11814 10091 2864
f 3958 10091 11814
f 2865 11815 10095
f 11815 2864 10089
f 10095 10089 591
f 11815 10089 10095
f 1077 11814 11813
f 11814 2864 11815
f 11813 11815 2865
f 11814 11815 11813
f 312 6190 10898
f 6190 1800 11816
f 10898 11816 3028
f 6190 11816 10898
f 1800 6195 11817
f 6195 337 7932
f 11817 7932 2302
f 6195 7932 11817
f 3028 11818 10901
f 11818 2302 7930
f 10901 7930 476
f 11818 7930 10901
f 1800 11817 11816
f 11817 2302 11818
f 11816 11818 3028
f 11817 11818 11816
f 372 9935 7361
f 9935 2830 11819
f 7361 11819 2146
f 9935 11819 7361
f 2830 9941 11820
f 9941 360 10345
f 11820 10345 2916
f 9941 10345 11820
f 2146 11821 7358
f 11821 2916 10342
f 7358 10342 746
f 11821 10342 7358
f 2830 11820 11819
f 11820 2916 11821
f 11819 11821 2146
f 11820 11821 11819
f 677 8344 7888
f 8344 2422 11822
f 7888 11822 2291
f 8344 11822 7888
f 2422 8341 11823
f 8341 611 10337
f 11823 10337 2915
f 8341 10337 11823
f 2291 11824 7882
f 11824 2915 10335
f 7882 10335 516
f 11824 10335 7882
f 2422 11823 11822
f 11823 2915 11824
f 11822 11824 2291
f 11823 11824 11822
f 520 9889 9275
f 9889 2817 11825
f 9275 11825 2668
f 9889 11825 9275
f 2817 9887 11827
f 9887 574 11826
f 11827 11826 3165
f 9887 11826 11827
f 2668 11828 9270
f 11828 3165 11829
f 9270 11829 6
f 11828 11829 9270
f 2817 11827 11825
f 11827 3165 11828
f 11825 11828 2668
f 11827 11828 11825
f 747 4293 6907
f 4293 1187 11830
f 6907 11830 2017
f 4293 11830 6907
f 1187 4290 11831
f 4290 388 7719
f 11831 7719 2249
f 4290 7719 11831
f 2017 11832 6910
f 11832 2249 7723
f 6910 7723 316
f 11832 7723 6910
f 1187 11831 11830
f 11831 2249 11832
f 11830 11832 2017
f 11831 11832 11830
f 747 11833 4294
f 11833 3166 11834
f 4294 11834 1188
f 11833 11834 4294
f 3166 11835 11836
f 11835 551 4177
f 11836 4177 1151
f 11835 4177 11836
f 1188 11837 4297
f 11837 1151 4183
f 4297 4183 140
f 11837 4183 4297
f 3166 11836 11834
f 11836 1151 11837
f 11834 11837 1188
f 11836 11837 11834
f 582 11838 11840
f 11838 3167 11839
f 11840 11839 3169
f 11838 11839 11840
f 3167 11841 11843
f 11841 835 11842
f 11843 11842 3168
f 11841 11842 11843
f 3169 11844 11846
f 11844 3168 11845
f 11846 11845 827
f 11844 11845 11846
f 3167 11843 11839
f 11843 3168 11844
f 11839 11844 3169
f 11843 11844 11839
f 748 4856 6142
f 4856 1373 11847
f 6142 11847 1786
f 4856 11847 6142
f 1373 4861 11848
f 4861 40 9591
f 11848 9591 2743
f 4861 9591 11848
f 1786 11849 6144
f 11849 2743 9589
f 6144 9589 544
f 11849 9589 6144
f 1373 11848 11847
f 11848 2743 11849
f 11847 11849 1786
f 11848 11849 11847
f 604 4618 6867
f 4618 1294 11850
f 6867 11850 2006
f 4618 11850 6867
f 1294 4615 11851
f 4615 270 7979
f 11851 7979 2315
f 4615 7979 11851
f 2006 11852 6869
f 11852 2315 7977
f 6869 7977 550
f 11852 7977 6869
f 1294 11851 11850
f 11851 2315 11852
f 11850 11852 2006
f 11851 11852 11850
f 749 6542 8425
f 6542 1907 11853
f 8425 11853 2444
f 6542 11853 8425
f 1907 6547 11854
f 6547 288 8411
f 11854 8411 2441
f 6547 8411 11854
f 2444 11855 8419
f 11855 2441 8416
f 8419 8416 448
f 11855 8416 8419
f 1907 11854 11853
f 11854 2441 11855
f 11853 11855 2444
f 11854 11855 11853
f 237 9962 10720
f 9962 2834 11856
f 10720 11856 2999
f 9962 11856 10720
f 2834 9960 11857
f 9960 508 4897
f 11857 4897 1386
f 9960 4897 11857
f 2999 11858 10723
f 11858 1386 4902
f 10723 4902 27
f 11858 4902 10723
f 2834 11857 11856
f 11857 1386 11858
f 11856 11858 2999
f 11857 11858 11856
f 46 4851 7767
f 4851 1370 11859
f 7767 11859 2259
f 4851 11859 7767
f 1370 4848 11860
f 4848 471 10971
f 11860 10971 3039
f 4848 10971 11860
f 2259 11861 7764
f 11861 3039 10968
f 7764 10968 384
f 11861 10968 7764
f 1370 11860 11859
f 11860 3039 11861
f 11859 11861 2259
f 11860 11861 11859
f 395 9663 3671
f 9663 2758 11862
f 3671 11862 985
f 9663 11862 3671
f 2758 9661 11863
f 9661 549 3683
f 11863 3683 991
f 9661 3683 11863
f 985 11864 3665
f 11864 991 3689
f 3665 3689 108
f 11864 3689 3665
f 2758 11863 11862
f 11863 991 11864
f 11862 11864 985
f 11863 11864 11862
f 750 11865 7218
f 11865 3170 11866
f 7218 11866 2106
f 11865 11866 7218
f 3170 11867 11868
f 11867 176 7994
f 11868 7994 2320
f 11867 7994 11868
f 2106 11869 7221
f 11869 2320 8000
f 7221 8000 575
f 11869 8000 7221
f 3170 11868 11866
f 11868 2320 11869
f 11866 11869 2106
f 11868 11869 11866
f 750 7217 11070
f 7217 2105 11870
f 11070 11870 3057
f 7217 11870 11070
f 2105 7215 11872
f 7215 179 11871
f 11872 11871 3171
f 7215 11871 11872
f 3057 11873 11067
f 11873 3171 11874
f 11067 11874 670
f 11873 11874 11067
f 2105 11872 11870
f 11872 3171 11873
f 11870 11873 3057
f 11872 11873 11870
f 642 11875 6745
f 11875 3172 11876
f 6745 11876 1968
f 11875 11876 6745
f 3172 11877 11878
f 11877 116 11338
f 11878 11338 3098
f 11877 11338 11878
f 1968 11879 6748
f 11879 3098 11335
f 6748 11335 381
f 11879 11335 6748
f 3172 11878 11876
f 11878 3098 11879
f 11876 11879 1968
f 11878 11879 11876
f 642 4306 11875
f 4306 1191 11880
f 11875 11880 3172
f 4306 11880 11875
f 1191 4303 11881
f 4303 595 5433
f 11881 5433 1560
f 4303 5433 11881
f 3172 11882 11877
f 11882 1560 5430
f 11877 5430 116
f 11882 5430 11877
f 1191 11881 11880
f 11881 1560 11882
f 11880 11882 3172
f 11881 11882 11880
f 535 5267 8466
f 5267 1506 11883
f 8466 11883 2456
f 5267 11883 8466
f 1506 5264 11884
f 5264 326 9331
f 11884 9331 2682
f 5264 9331 11884
f 2456 11885 8468
f 11885 2682 9328
f 8468 9328 49
f 11885 9328 8468
f 1506 11884 11883
f 11884 2682 11885
f 11883 11885 2456
f 11884 11885 11883
f 753 5242 7577
f 5242 1498 11886
f 7577 11886 2210
f 5242 11886 7577
f 1498 5239 11887
f 5239 393 9526
f 11887 9526 2727
f 5239 9526 11887
f 2210 11888 7580
f 11888 2727 9523
f 7580 9523 75
f 11888 9523 7580
f 1498 11887 11886
f 11887 2727 11888
f 11886 11888 2210
f 11887 11888 11886
f 838 11889 8412
f 11889 3173 11890
f 8412 11890 2440
f 11889 11890 8412
f 3173 11891 11892
f 11891 33 9234
f 11892 9234 2658
f 11891 9234 11892
f 2440 11893 8415
f 11893 2658 9231
f 8415 9231 448
f 11893 9231 8415
f 3173 11892 11890
f 11892 2658 11893
f 11890 11893 2440
f 11892 11893 11890
f 250 5072 7825
f 5072 1444 11894
f 7825 11894 2275
f 5072 11894 7825
f 1444 5078 11895
f 5078 42 10030
f 11895 10030 2850
f 5078 10030 11895
f 2275 11896 7828
f 11896 2850 10028
f 7828 10028 586
f 11896 10028 7828
f 1444 11895 11894
f 11895 2850 11896
f 11894 11896 2275
f 11895 11896 11894
f 529 7879 5207
f 7879 2288 11897
f 5207 11897 1487
f 7879 11897 5207
f 2288 7876 11898
f 7876 403 6257
f 11898 6257 1817
f 7876 6257 11898
f 1487 11899 5210
f 11899 1817 6255
f 5210 6255 57
f 11899 6255 5210
f 2288 11898 11897
f 11898 1817 11899
f 11897 11899 1487
f 11898 11899 11897
f 372 5005 9933
f 5005 1419 11900
f 9933 11900 2828
f 5005 11900 9933
f 1419 5002 11901
f 5002 334 7091
f 11901 7091 2069
f 5002 7091 11901
f 2828 11902 9936
f 11902 2069 7096
f 9936 7096 579
f 11902 7096 9936
f 1419 11901 11900
f 11901 2069 11902
f 11900 11902 2828
f 11901 11902 11900
f 148 3795 6684
f 3795 1025 11903
f 6684 11903 1950
f 3795 11903 6684
f 1025 3792 11904
f 3792 368 7470
f 11904 7470 2178
f 3792 7470 11904
f 1950 11905 6678
f 11905 2178 7467
f 6678 7467 556
f 11905 7467 6678
f 1025 11904 11903
f 11904 2178 11905
f 11903 11905 1950
f 11904 11905 11903
f 754 11906 10603
f 11906 3174 11907
f 10603 11907 2969
f 11906 11907 10603
f 3174 11908 11909
f 11908 557 5395
f 11909 5395 1550
f 11908 5395 11909
f 2969 11910 10600
f 11910 1550 5401
f 10600 5401 633
f 11910 5401 10600
f 3174 11909 11907
f 11909 1550 11910
f 11907 11910 2969
f 11909 11910 11907
f 816 9876 11912
f 9876 2813 11911
f 11912 11911 3175
f 9876 11911 11912
f 2813 9873 11913
f 9873 427 10893
f 11913 10893 3027
f 9873 10893 11913
f 3175 11914 11915
f 11914 3027 10896
f 11915 10896 573
f 11914 10896 11915
f 2813 11913 11911
f 11913 3027 11914
f 11911 11914 3175
f 11913 11914 11911
f 755 10139 10621
f 10139 2875 11916
f 10621 11916 2975
f 10139 11916 10621
f 2875 10136 11917
f 10136 154 3418
f 11917 3418 900
f 10136 3418 11917
f 2975 11918 10624
f 11918 900 3415
f 10624 3415 635
f 11918 3415 10624
f 2875 11917 11916
f 11917 900 11918
f 11916 11918 2975
f 11917 11918 11916
f 829 11919 11921
f 11919 3176 11920
f 11921 11920 3177
f 11919 11920 11921
f 3176 11922 11923
f 11922 281 6472
f 11923 6472 1884
f 11922 6472 11923
f 3177 11924 11925
f 11924 1884 6469
f 11925 6469 380
f 11924 6469 11925
f 3176 11923 11920
f 11923 1884 11924
f 11920 11924 3177
f 11923 11924 11920
f 756 7631 8263
f 7631 2227 11926
f 8263 11926 2401
f 7631 11926 8263
f 2227 7637 11927
f 7637 36 6550
f 11927 6550 1910
f 7637 6550 11927
f 2401 11928 8266
f 11928 1910 6556
f 8266 6556 289
f 11928 6556 8266
f 2227 11927 11926
f 11927 1910 11928
f 11926 11928 2401
f 11927 11928 11926
f 757 8205 11930
f 8205 2385 11929
f 11930 11929 3178
f 8205 11929 11930
f 2385 8211 11931
f 8211 479 10590
f 11931 10590 2965
f 8211 10590 11931
f 3178 11932 11933
f 11932 2965 10587
f 11933 10587 817
f 11932 10587 11933
f 2385 11931 11929
f 11931 2965 11932
f 11929 11932 3178
f 11931 11932 11929
f 172 11934 5375
f 11934 3179 11935
f 5375 11935 1542
f 11934 11935 5375
f 3179 11936 11937
f 11936 675 11119
f 11937 11119 3066
f 11936 11119 11937
f 1542 11938 5378
f 11938 3066 11116
f 5378 11116 757
f 11938 11116 5378
f 3179 11937 11935
f 11937 3066 11938
f 11935 11938 1542
f 11937 11938 11935
f 758 9717 11612
f 9717 2769 11939
f 11612 11939 3136
f 9717 11939 11612
f 2769 9714 11940
f 9714 102 7536
f 11940 7536 2198
f 9714 7536 11940
f 3136 11941 11609
f 11941 2198 7533
f 11609 7533 373
f 11941 7533 11609
f 2769 11940 11939
f 11940 2198 11941
f 11939 11941 3136
f 11940 11941 11939
f 758 5993 6220
f 5993 1741 11942
f 6220 11942 1808
f 5993 11942 6220
f 1741 5999 11943
f 5999 238 10333
f 11943 10333 2913
f 5999 10333 11943
f 1808 11944 6223
f 11944 2913 10330
f 6223 10330 666
f 11944 10330 6223
f 1741 11943 11942
f 11943 2913 11944
f 11942 11944 1808
f 11943 11944 11942
f 759 11361 9768
f 11361 3103 11945
f 9768 11945 2785
f 11361 11945 9768
f 3103 11358 11946
f 11358 697 10743
f 11946 10743 3001
f 11358 10743 11946
f 2785 11947 9771
f 11947 3001 10740
f 9771 10740 342
f 11947 10740 9771
f 3103 11946 11945
f 11946 3001 11947
f 11945 11947 2785
f 11946 11947 11945
f 632 11948 9764
f 11948 3180 11949
f 9764 11949 2784
f 11948 11949 9764
f 3180 11950 11952
f 11950 817 11951
f 11952 11951 3181
f 11950 11951 11952
f 2784 11953 9767
f 11953 3181 11954
f 9767 11954 759
f 11953 11954 9767
f 3180 11952 11949
f 11952 3181 11953
f 11949 11953 2784
f 11952 11953 11949
f 760 5452 4907
f 5452 1568 11955
f 4907 11955 1388
f 5452 11955 4907
f 1568 5458 11956
f 5458 615 5405
f 11956 5405 1551
f 5458 5405 11956
f 1388 11957 4910
f 11957 1551 5402
f 4910 5402 478
f 11957 5402 4910
f 1568 11956 11955
f 11956 1551 11957
f 11955 11957 1388
f 11956 11957 11955
f 760 6001 8388
f 6001 1743 11958
f 8388 11958 2434
f 6001 11958 8388
f 1743 6006 11959
f 6006 239 11020
f 11959 11020 3048
f 6006 11020 11959
f 2434 11960 8391
f 11960 3048 11018
f 8391 11018 665
f 11960 11018 8391
f 1743 11959 11958
f 11959 3048 11960
f 11958 11960 2434
f 11959 11960 11958
f 761 7177 9005
f 7177 2094 11961
f 9005 11961 2594
f 7177 11961 9005
f 2094 7182 11962
f 7182 494 10629
f 11962 10629 2976
f 7182 10629 11962
f 2594 11963 9008
f 11963 2976 10626
f 9008 10626 341
f 11963 10626 9008
f 2094 11962 11961
f 11962 2976 11963
f 11961 11963 2594
f 11962 11963 11961
f 761 9004 9134
f 9004 2593 11964
f 9134 11964 2629
f 9004 11964 9134
f 2593 9001 11965
f 9001 421 9918
f 11965 9918 2823
f 9001 9918 11965
f 2629 11966 9131
f 11966 2823 9915
f 9131 9915 506
f 11966 9915 9131
f 2593 11965 11964
f 11965 2823 11966
f 11964 11966 2629
f 11965 11966 11964
f 269 6308 6304
f 6308 1833 11967
f 6304 11967 1832
f 6308 11967 6304
f 1833 6305 11969
f 6305 559 11968
f 11969 11968 3182
f 6305 11968 11969
f 1832 11970 6298
f 11970 3182 11971
f 6298 11971 181
f 11970 11971 6298
f 1833 11969 11967
f 11969 3182 11970
f 11967 11970 1832
f 11969 11970 11967
f 762 9043 11973
f 9043 2606 11972
f 11973 11972 3184
f 9043 11972 11973
f 2606 9049 11975
f 9049 498 11974
f 11975 11974 3183
f 9049 11974 11975
f 3184 11976 11978
f 11976 3183 11977
f 11978 11977 424
f 11976 11977 11978
f 2606 11975 11972
f 11975 3183 11976
f 11972 11976 3184
f 11975 11976 11972
f 763 10266 11256
f 10266 2902 11979
f 11256 11979 3087
f 10266 11979 11256
f 2902 10264 11980
f 10264 606 8029
f 11980 8029 2328
f 10264 8029 11980
f 3087 11981 11251
f 11981 2328 8026
f 11251 8026 687
f 11981 8026 11251
f 2902 11980 11979
f 11980 2328 11981
f 11979 11981 3087
f 11980 11981 11979
f 764 9081 11109
f 9081 2615 11982
f 11109 11982 3064
f 9081 11982 11109
f 2615 9078 11983
f 9078 187 11115
f 11983 11115 3067
f 9078 11115 11983
f 3064 11984 11112
f 11984 3067 11120
f 11112 11120 675
f 11984 11120 11112
f 2615 11983 11982
f 11983 3067 11984
f 11982 11984 3064
f 11983 11984 11982
f 764 7157 9082
f 7157 2089 11985
f 9082 11985 2616
f 7157 11985 9082
f 2089 7163 11986
f 7163 340 10888
f 11986 10888 3026
f 7163 10888 11986
f 2616 11987 9085
f 11987 3026 10885
f 9085 10885 230
f 11987 10885 9085
f 2089 11986 11985
f 11986 3026 11987
f 11985 11987 2616
f 11986 11987 11985
f 277 10577 7450
f 10577 2963 11988
f 7450 11988 2173
f 10577 11988 7450
f 2963 10575 11989
f 10575 561 9762
f 11989 9762 2782
f 10575 9762 11989
f 2173 11990 7453
f 11990 2782 9759
f 7453 9759 631
f 11990 9759 7453
f 2963 11989 11988
f 11989 2782 11990
f 11988 11990 2173
f 11989 11990 11988
f 765 11991 3361
f 11991 3185 11992
f 3361 11992 882
f 11991 11992 3361
f 3185 11993 11995
f 11993 823 11994
f 11995 11994 3186
f 11993 11994 11995
f 882 11996 3364
f 11996 3186 11997
f 3364 11997 178
f 11996 11997 3364
f 3185 11995 11992
f 11995 3186 11996
f 11992 11996 882
f 11995 11996 11992
f 766 11134 8461
f 11134 3070 11998
f 8461 11998 2454
f 11134 11998 8461
f 3070 11131 12000
f 11131 44 11999
f 12000 11999 3187
f 11131 11999 12000
f 2454 12001 8464
f 12001 3187 12002
f 8464 12002 525
f 12001 12002 8464
f 3070 12000 11998
f 12000 3187 12001
f 11998 12001 2454
f 12000 12001 11998
f 766 7406 9336
f 7406 2161 12003
f 9336 12003 2685
f 7406 12003 9336
f 2161 7412 12004
f 7412 29 5165
f 12004 5165 1472
f 7412 5165 12004
f 2685 12005 9339
f 12005 1472 5162
f 9339 5162 451
f 12005 5162 9339
f 2161 12004 12003
f 12004 1472 12005
f 12003 12005 2685
f 12004 12005 12003
f 150 7479 11786
f 7479 2180 12006
f 11786 12006 3160
f 7479 12006 11786
f 2180 7476 12007
f 7476 370 7490
f 12007 7490 2183
f 7476 7490 12007
f 3160 12008 11783
f 12008 2183 7487
f 11783 7487 744
f 12008 7487 11783
f 2180 12007 12006
f 12007 2183 12008
f 12006 12008 3160
f 12007 12008 12006
f 767 3931 9077
f 3931 1070 12009
f 9077 12009 2614
f 3931 12009 9077
f 1070 3937 12010
f 3937 653 6655
f 12010 6655 1941
f 3937 6655 12010
f 2614 12011 9071
f 12011 1941 6653
f 9071 6653 246
f 12011 6653 9071
f 1070 12010 12009
f 12010 1941 12011
f 12009 12011 2614
f 12010 12011 12009
f 767 12012 3929
f 12012 3188 12013
f 3929 12013 1068
f 12012 12013 3929
f 3188 12014 12015
f 12014 422 10584
f 12015 10584 2964
f 12014 10584 12015
f 1068 12016 3932
f 12016 2964 10581
f 3932 10581 174
f 12016 10581 3932
f 3188 12015 12013
f 12015 2964 12016
f 12013 12016 1068
f 12015 12016 12013
f 313 10368 9371
f 10368 2923 12017
f 9371 12017 2694
f 10368 12017 9371
f 2923 10366 12019
f 10366 123 12018
f 12019 12018 3189
f 10366 12018 12019
f 2694 12020 9373
f 12020 3189 12021
f 9373 12021 728
f 12020 12021 9373
f 2923 12019 12017
f 12019 3189 12020
f 12017 12020 2694
f 12019 12020 12017
f 768 5854 8917
f 5854 1697 12022
f 8917 12022 2570
f 5854 12022 8917
f 1697 5860 12023
f 5860 175 9863
f 12023 9863 2811
f 5860 9863 12023
f 2570 12024 8920
f 12024 2811 9867
f 8920 9867 721
f 12024 9867 8920
f 1697 12023 12022
f 12023 2811 12024
f 12022 12024 2570
f 12023 12024 12022
f 768 8916 7461
f 8916 2569 12025
f 7461 12025 2176
f 8916 12025 7461
f 2569 8914 12026
f 8914 277 7452
f 12026 7452 2174
f 8914 7452 12026
f 2176 12027 7464
f 12027 2174 7456
f 7464 7456 367
f 12027 7456 7464
f 2569 12026 12025
f 12026 2174 12027
f 12025 12027 2176
f 12026 12027 12025
f 769 10543 8807
f 10543 2957 12028
f 8807 12028 2540
f 10543 12028 8807
f 2957 10546 12029
f 10546 291 11525
f 12029 11525 3125
f 10546 11525 12029
f 2540 12030 8810
f 12030 3125 11523
f 8810 11523 715
f 12030 11523 8810
f 2957 12029 12028
f 12029 3125 12030
f 12028 12030 2540
f 12029 12030 12028
f 769 11519 4805
f 11519 3124 12031
f 4805 12031 1356
f 11519 12031 4805
f 3124 11522 12032
f 11522 228 9181
f 12032 9181 2643
f 11522 9181 12032
f 1356 12033 4808
f 12033 2643 9178
f 4808 9178 574
f 12033 9178 4808
f 3124 12032 12031
f 12032 2643 12033
f 12031 12033 1356
f 12032 12033 12031
f 103 7333 4430
f 7333 2139 12034
f 4430 12034 1233
f 7333 12034 4430
f 2139 7331 12035
f 7331 105 10574
f 12035 10574 2962
f 7331 10574 12035
f 1233 12036 4433
f 12036 2962 10571
f 4433 10571 433
f 12036 10571 4433
f 2139 12035 12034
f 12035 2962 12036
f 12034 12036 1233
f 12035 12036 12034
f 770 7640 6616
f 7640 2228 12037
f 6616 12037 1929
f 7640 12037 6616
f 2228 7638 12038
f 7638 294 9312
f 12038 9312 2679
f 7638 9312 12038
f 1929 12039 6619
f 12039 2679 9318
f 6619 9318 129
f 12039 9318 6619
f 2228 12038 12037
f 12038 2679 12039
f 12037 12039 1929
f 12038 12039 12037
f 770 11740 7641
f 11740 3155 12040
f 7641 12040 2229
f 11740 12040 7641
f 3155 11743 12041
f 11743 381 6610
f 12041 6610 1926
f 11743 6610 12041
f 2229 12042 7644
f 12042 1926 6607
f 7644 6607 696
f 12042 6607 7644
f 3155 12041 12040
f 12041 1926 12042
f 12040 12042 2229
f 12041 12042 12040
f 771 8738 11277
f 8738 2521 12043
f 11277 12043 3090
f 8738 12043 11277
f 2521 8735 12044
f 8735 489 9730
f 12044 9730 2772
f 8735 9730 12044
f 3090 12045 11280
f 12045 2772 9727
f 11280 9727 689
f 12045 9727 11280
f 2521 12044 12043
f 12044 2772 12045
f 12043 12045 3090
f 12044 12045 12043
f 772 8043 5799
f 8043 2333 12046
f 5799 12046 1678
f 8043 12046 5799
f 2333 8040 12047
f 8040 283 7916
f 12047 7916 2297
f 8040 7916 12047
f 1678 12048 5802
f 12048 2297 7913
f 5802 7913 224
f 12048 7913 5802
f 2333 12047 12046
f 12047 2297 12048
f 12046 12048 1678
f 12047 12048 12046
f 772 12049 8044
f 12049 3190 12050
f 8044 12050 2334
f 12049 12050 8044
f 3190 12051 12052
f 12051 419 11548
f 12052 11548 3128
f 12051 11548 12052
f 2334 12053 8047
f 12053 3128 11545
f 8047 11545 566
f 12053 11545 8047
f 3190 12052 12050
f 12052 3128 12053
f 12050 12053 2334
f 12052 12053 12050
f 70 6317 10176
f 6317 1836 12054
f 10176 12054 2883
f 6317 12054 10176
f 1836 6314 12055
f 6314 270 4617
f 12055 4617 1296
f 6314 4617 12055
f 2883 12056 10179
f 12056 1296 4623
f 10179 4623 63
f 12056 4623 10179
f 1836 12055 12054
f 12055 1296 12056
f 12054 12056 2883
f 12055 12056 12054
f 367 3369 9456
f 3369 884 12057
f 9456 12057 2715
f 3369 12057 9456
f 884 3366 12058
f 3366 422 4076
f 12058 4076 1115
f 3366 4076 12058
f 2715 12059 9459
f 12059 1115 4073
f 9459 4073 723
f 12059 4073 9459
f 884 12058 12057
f 12058 1115 12059
f 12057 12059 2715
f 12058 12059 12057
f 832 12060 11330
f 12060 3191 12061
f 11330 12061 3097
f 12060 12061 11330
f 3191 12062 12063
f 12062 95 3463
f 12063 3463 915
f 12062 3463 12063
f 3097 12064 11333
f 12064 915 3460
f 11333 3460 773
f 12064 3460 11333
f 3191 12063 12061
f 12063 915 12064
f 12061 12064 3097
f 12063 12064 12061
f 797 12065 10612
f 12065 3192 12066
f 10612 12066 2972
f 12065 12066 10612
f 3192 12067 12068
f 12067 773 3459
f 12068 3459 914
f 12067 3459 12068
f 2972 12069 10606
f 12069 914 3456
f 10606 3456 420
f 12069 3456 10606
f 3192 12068 12066
f 12068 914 12069
f 12066 12069 2972
f 12068 12069 12066
f 209 7511 8647
f 7511 2190 12070
f 8647 12070 2500
f 7511 12070 8647
f 2190 7508 12071
f 7508 468 10275
f 12071 10275 2904
f 7508 10275 12071
f 2500 12072 8650
f 12072 2904 10272
f 8650 10272 67
f 12072 10272 8650
f 2190 12071 12070
f 12071 2904 12072
f 12070 12072 2500
f 12071 12072 12070
f 774 4525 8615
f 4525 1263 12073
f 8615 12073 2492
f 4525 12073 8615
f 1263 4522 12074
f 4522 86 5584
f 12074 5584 1610
f 4522 5584 12074
f 2492 12075 8618
f 12075 1610 5590
f 8618 5590 200
f 12075 5590 8618
f 1263 12074 12073
f 12074 1610 12075
f 12073 12075 2492
f 12074 12075 12073
f 536 4785 6722
f 4785 1349 12076
f 6722 12076 1962
f 4785 12076 6722
f 1349 4782 12077
f 4782 303 10716
f 12077 10716 2998
f 4782 10716 12077
f 1962 12078 6725
f 12078 2998 10714
f 6725 10714 28
f 12078 10714 6725
f 1349 12077 12076
f 12077 2998 12078
f 12076 12078 1962
f 12077 12078 12076
f 775 10801 7287
f 10801 3012 12079
f 7287 12079 2126
f 10801 12079 7287
f 3012 10799 12080
f 10799 493 10632
f 12080 10632 2977
f 10799 10632 12080
f 2126 12081 7289
f 12081 2977 10630
f 7289 10630 637
f 12081 10630 7289
f 3012 12080 12079
f 12080 2977 12081
f 12079 12081 2126
f 12080 12081 12079
f 775 6417 8055
f 6417 1869 12082
f 8055 12082 2337
f 6417 12082 8055
f 1869 6423 12083
f 6423 419 12051
f 12083 12051 3190
f 6423 12051 12083
f 2337 12084 8050
f 12084 3190 12049
f 8050 12049 772
f 12084 12049 8050
f 1869 12083 12082
f 12083 3190 12084
f 12082 12084 2337
f 12083 12084 12082
f 5 8429 7265
f 8429 2445 12085
f 7265 12085 2119
f 8429 12085 7265
f 2445 8426 12086
f 8426 639 10678
f 12086 10678 2990
f 8426 10678 12086
f 2119 12087 7259
f 12087 2990 10675
f 7259 10675 693
f 12087 10675 7259
f 2445 12086 12085
f 12086 2990 12087
f 12085 12087 2119
f 12086 12087 12085
f 776 8257 11555
f 8257 2400 12088
f 11555 12088 3130
f 8257 12088 11555
f 2400 8262 12089
f 8262 506 9140
f 12089 9140 2630
f 8262 9140 12089
f 3130 12090 11558
f 12090 2630 9137
f 11558 9137 719
f 12090 9137 11558
f 2400 12089 12088
f 12089 2630 12090
f 12088 12090 3130
f 12089 12090 12088
f 777 4008 4037
f 4008 1095 12091
f 4037 12091 1103
f 4008 12091 4037
f 1095 4014 12092
f 4014 155 11265
f 12092 11265 3088
f 4014 11265 12092
f 1103 12093 4040
f 12093 3088 11263
f 4040 11263 688
f 12093 11263 4040
f 1095 12092 12091
f 12092 3088 12093
f 12091 12093 1103
f 12092 12093 12091
f 777 4036 9145
f 4036 1102 12094
f 9145 12094 2633
f 4036 12094 9145
f 1102 4033 12095
f 4033 348 7271
f 12095 7271 2120
f 4033 7271 12095
f 2633 12096 9148
f 12096 2120 7268
f 9148 7268 432
f 12096 7268 9148
f 1102 12095 12094
f 12095 2120 12096
f 12094 12096 2633
f 12095 12096 12094
f 778 5962 10648
f 5962 1729 12097
f 10648 12097 2982
f 5962 12097 10648
f 1729 5959 12098
f 5959 638 11501
f 12098 11501 3122
f 5959 11501 12098
f 2982 12099 10651
f 12099 3122 11499
f 10651 11499 712
f 12099 11499 10651
f 1729 12098 12097
f 12098 3122 12099
f 12097 12099 2982
f 12098 12099 12097
f 778 10647 9814
f 10647 2981 12100
f 9814 12100 2796
f 10647 12100 9814
f 2981 10644 12101
f 10644 9 8017
f 12101 8017 2327
f 10644 8017 12101
f 2796 12102 9817
f 12102 2327 8023
f 9817 8023 567
f 12102 8023 9817
f 2981 12101 12100
f 12101 2327 12102
f 12100 12102 2796
f 12101 12102 12100
f 779 9784 7543
f 9784 2790 12103
f 7543 12103 2201
f 9784 12103 7543
f 2790 9789 12104
f 9789 157 4017
f 12104 4017 1098
f 9789 4017 12104
f 2201 12105 7546
f 12105 1098 4023
f 7546 4023 240
f 12105 4023 7546
f 2790 12104 12103
f 12104 1098 12105
f 12103 12105 2201
f 12104 12105 12103
f 779 9286 5469
f 9286 2670 12106
f 5469 12106 1572
f 9286 12106 5469
f 2670 9283 12107
f 9283 374 9792
f 12107 9792 2793
f 9283 9792 12107
f 1572 12108 5472
f 12108 2793 9798
f 5472 9798 564
f 12108 9798 5472
f 2670 12107 12106
f 12107 2793 12108
f 12106 12108 1572
f 12107 12108 12106
f 780 8018 7499
f 8018 2325 12109
f 7499 12109 2187
f 8018 12109 7499
f 2325 8015 12110
f 8015 9 11495
f 12110 11495 3121
f 8015 11495 12110
f 2187 12111 7502
f 12111 3121 11498
f 7502 11498 654
f 12111 11498 7502
f 2325 12110 12109
f 12110 3121 12111
f 12109 12111 2187
f 12110 12111 12109
f 780 8974 9819
f 8974 2586 12112
f 9819 12112 2798
f 8974 12112 9819
f 2586 8972 12113
f 8972 347 10846
f 12113 10846 3019
f 8972 10846 12113
f 2798 12114 9821
f 12114 3019 10843
f 9821 10843 4
f 12114 10843 9821
f 2586 12113 12112
f 12113 3019 12114
f 12112 12114 2798
f 12113 12114 12112
f 82 11305 7201
f 11305 3093 12115
f 7201 12115 2100
f 11305 12115 7201
f 3093 11303 12116
f 11303 501 9092
f 12116 9092 2618
f 11303 9092 12116
f 2100 12117 7204
f 12117 2618 9089
f 7204 9089 571
f 12117 9089 7204
f 3093 12116 12115
f 12116 2618 12117
f 12115 12117 2100
f 12116 12117 12115
f 781 6467 3613
f 6467 1885 12118
f 3613 12118 966
f 6467 12118 3613
f 1885 6473 12119
f 6473 281 11130
f 12119 11130 3069
f 6473 11130 12119
f 966 12120 3616
f 12120 3069 11127
f 3616 11127 23
f 12120 11127 3616
f 1885 12119 12118
f 12119 3069 12120
f 12118 12120 966
f 12119 12120 12118
f 782 7428 10153
f 7428 2167 12121
f 10153 12121 2879
f 7428 12121 10153
f 2167 7433 12122
f 7433 447 6009
f 12122 6009 1746
f 7433 6009 12122
f 2879 12123 10156
f 12123 1746 6015
f 10156 6015 25
f 12123 6015 10156
f 2167 12122 12121
f 12122 1746 12123
f 12121 12123 2879
f 12122 12123 12121
f 783 7815 9829
f 7815 2273 12124
f 9829 12124 2801
f 7815 12124 9829
f 2273 7819 12125
f 7819 44 11425
f 12125 11425 3111
f 7819 11425 12125
f 2801 12126 9832
f 12126 3111 11423
f 9832 11423 705
f 12126 11423 9832
f 2273 12125 12124
f 12125 3111 12126
f 12124 12126 2801
f 12125 12126 12124
f 783 9828 8474
f 9828 2800 12127
f 8474 12127 2458
f 9828 12127 8474
f 2800 9826 12128
f 9826 434 6558
f 12128 6558 1912
f 9826 6558 12128
f 2458 12129 8477
f 12129 1912 6563
f 8477 6563 232
f 12129 6563 8477
f 2800 12128 12127
f 12128 1912 12129
f 12127 12129 2458
f 12128 12129 12127
f 437 7399 4801
f 7399 2157 12130
f 4801 12130 1355
f 7399 12130 4801
f 2157 7397 12131
f 7397 24 5314
f 12131 5314 1521
f 7397 5314 12131
f 1355 12132 4804
f 12132 1521 5311
f 4804 5311 20
f 12132 5311 4804
f 2157 12131 12130
f 12131 1521 12132
f 12130 12132 1355
f 12131 12132 12130
f 784 9806 10313
f 9806 2794 12133
f 10313 12133 2910
f 9806 12133 10313
f 2794 9803 12134
f 9803 429 11409
f 12134 11409 3109
f 9803 11409 12134
f 2910 12135 10315
f 12135 3109 11407
f 10315 11407 703
f 12135 11407 10315
f 2794 12134 12133
f 12134 3109 12135
f 12133 12135 2910
f 12134 12135 12133
f 784 9313 7417
f 9313 2677 12136
f 7417 12136 2163
f 9313 12136 7417
f 2677 9310 12137
f 9310 294 3427
f 12137 3427 903
f 9310 3427 12137
f 2163 12138 7420
f 12138 903 3424
f 7420 3424 135
f 12138 3424 7420
f 2677 12137 12136
f 12137 903 12138
f 12136 12138 2163
f 12137 12138 12136
f 547 7040 12140
f 7040 2054 12139
f 12140 12139 3193
f 7040 12139 12140
f 2054 7045 12141
f 7045 785 10487
f 12141 10487 2945
f 7045 10487 12141
f 3193 12142 12143
f 12142 2945 10484
f 12143 10484 331
f 12142 10484 12143
f 2054 12141 12139
f 12141 2945 12142
f 12139 12142 3193
f 12141 12142 12139
f 785 6160 10488
f 6160 1789 12144
f 10488 12144 2946
f 6160 12144 10488
f 1789 6157 12145
f 6157 395 3670
f 12145 3670 984
f 6157 3670 12145
f 2946 12146 10482
f 12146 984 3667
f 10482 3667 460
f 12146 3667 10482
f 1789 12145 12144
f 12145 984 12146
f 12144 12146 2946
f 12145 12146 12144
f 47 9224 10027
f 9224 2655 12147
f 10027 12147 2849
f 9224 12147 10027
f 2655 9221 12148
f 9221 33 7832
f 12148 7832 2276
f 9221 7832 12148
f 2849 12149 10024
f 12149 2276 7829
f 10024 7829 586
f 12149 7829 10024
f 2655 12148 12147
f 12148 2276 12149
f 12147 12149 2849
f 12148 12149 12147
f 37 4988 4964
f 4988 1414 12150
f 4964 12150 1407
f 4988 12150 4964
f 1414 4985 12151
f 4985 517 9228
f 12151 9228 2656
f 4985 9228 12151
f 1407 12152 4967
f 12152 2656 9225
f 4967 9225 47
f 12152 9225 4967
f 1414 12151 12150
f 12151 2656 12152
f 12150 12152 1407
f 12151 12152 12150
f 238 10713 10334
f 10713 2997 12153
f 10334 12153 2914
f 10713 12153 10334
f 2997 10710 12154
f 10710 113 6963
f 12154 6963 2034
f 10710 6963 12154
f 2914 12155 10328
f 12155 2034 6969
f 10328 6969 542
f 12155 6969 10328
f 2997 12154 12153
f 12154 2034 12155
f 12153 12155 2914
f 12154 12155 12153
f 314 3902 6175
f 3902 1059 12156
f 6175 12156 1794
f 3902 12156 6175
f 1059 3899 12157
f 3899 626 10521
f 12157 10521 2954
f 3899 10521 12157
f 1794 12158 6178
f 12158 2954 10525
f 6178 10525 405
f 12158 10525 6178
f 1059 12157 12156
f 12157 2954 12158
f 12156 12158 1794
f 12157 12158 12156
f 223 9357 7098
f 9357 2689 12159
f 7098 12159 2070
f 9357 12159 7098
f 2689 9354 12160
f 9354 127 7104
f 12160 7104 2071
f 9354 7104 12160
f 2070 12161 7101
f 12161 2071 7102
f 7101 7102 335
f 12161 7102 7101
f 2689 12160 12159
f 12160 2071 12161
f 12159 12161 2070
f 12160 12161 12159
f 787 10117 12163
f 10117 2870 12162
f 12163 12162 3194
f 10117 12162 12163
f 2870 10114 12164
f 10114 371 8535
f 12164 8535 2473
f 10114 8535 12164
f 3194 12165 12166
f 12165 2473 8540
f 12166 8540 474
f 12165 8540 12166
f 2870 12164 12162
f 12164 2473 12165
f 12162 12165 3194
f 12164 12165 12162
f 458 7607 9600
f 7607 2219 12167
f 9600 12167 2745
f 7607 12167 9600
f 2219 7605 12168
f 7605 58 5214
f 12168 5214 1491
f 7605 5214 12168
f 2745 12169 9597
f 12169 1491 5220
f 9597 5220 315
f 12169 5220 9597
f 2219 12168 12167
f 12168 1491 12169
f 12167 12169 2745
f 12168 12169 12167
f 443 4160 11730
f 4160 1143 12170
f 11730 12170 3153
f 4160 12170 11730
f 1143 4157 12171
f 4157 680 11169
f 12171 11169 3075
f 4157 11169 12171
f 3153 12172 11733
f 12172 3075 11172
f 11733 11172 134
f 12172 11172 11733
f 1143 12171 12170
f 12171 3075 12172
f 12170 12172 3153
f 12171 12172 12170
f 175 5719 9861
f 5719 1651 12173
f 9861 12173 2810
f 5719 12173 9861
f 1651 5716 12174
f 5716 498 9048
f 12174 9048 2605
f 5716 9048 12174
f 2810 12175 9864
f 12175 2605 9045
f 9864 9045 572
f 12175 9045 9864
f 1651 12174 12173
f 12174 2605 12175
f 12173 12175 2810
f 12174 12175 12173
f 788 6170 10933
f 6170 1792 12176
f 10933 12176 3032
f 6170 12176 10933
f 1792 6167 12177
f 6167 156 3893
f 12177 3893 1056
f 6167 3893 12177
f 3032 12178 10930
f 12178 1056 3890
f 10930 3890 375
f 12178 3890 10930
f 1792 12177 12176
f 12177 1056 12178
f 12176 12178 3032
f 12177 12178 12176
f 731 12179 12181
f 12179 3195 12180
f 12181 12180 3197
f 12179 12180 12181
f 3195 12182 12184
f 12182 834 12183
f 12184 12183 3196
f 12182 12183 12184
f 3197 12185 12187
f 12185 3196 12186
f 12187 12186 484
f 12185 12186 12187
f 3195 12184 12180
f 12184 3196 12185
f 12180 12185 3197
f 12184 12185 12180
f 141 7905 6878
f 7905 2295 12188
f 6878 12188 2008
f 7905 12188 6878
f 2295 7908 12189
f 7908 195 11087
f 12189 11087 3061
f 7908 11087 12189
f 2008 12190 6874
f 12190 3061 11084
f 6874 11084 267
f 12190 11084 6874
f 2295 12189 12188
f 12189 3061 12190
f 12188 12190 2008
f 12189 12190 12188
f 789 5283 10780
f 5283 1511 12191
f 10780 12191 3008
f 5283 12191 10780
f 1511 5280 12192
f 5280 575 8962
f 12192 8962 2583
f 5280 8962 12192
f 3008 12193 10775
f 12193 2583 8960
f 10775 8960 344
f 12193 8960 10775
f 1511 12192 12191
f 12192 2583 12193
f 12191 12193 3008
f 12192 12193 12191
f 790 10997 12195
f 10997 3043 12194
f 12195 12194 3198
f 10997 12194 12195
f 3043 11000 12196
f 11000 169 3328
f 12196 3328 870
f 11000 3328 12196
f 3198 12197 12198
f 12197 870 3325
f 12198 3325 215
f 12197 3325 12198
f 3043 12196 12194
f 12196 870 12197
f 12194 12197 3198
f 12196 12197 12194
f 428 7848 7302
f 7848 2282 12199
f 7302 12199 2130
f 7848 12199 7302
f 2282 7852 12201
f 7852 177 12200
f 12201 12200 3199
f 7852 12200 12201
f 2130 12202 7296
f 12202 3199 12203
f 7296 12203 353
f 12202 12203 7296
f 2282 12201 12199
f 12201 3199 12202
f 12199 12202 2130
f 12201 12202 12199
f 791 8741 8936
f 8741 2522 12204
f 8936 12204 2575
f 8741 12204 8936
f 2522 8739 12205
f 8739 473 11758
f 12205 11758 3156
f 8739 11758 12205
f 2575 12206 8930
f 12206 3156 11756
f 8930 11756 742
f 12206 11756 8930
f 2522 12205 12204
f 12205 3156 12206
f 12204 12206 2575
f 12205 12206 12204
f 792 12207 6087
f 12207 3200 12208
f 6087 12208 1769
f 12207 12208 6087
f 3200 12209 12210
f 12209 143 9409
f 12210 9409 2705
f 12209 9409 12210
f 1769 12211 6090
f 12211 2705 9415
f 6090 9415 245
f 12211 9415 6090
f 3200 12210 12208
f 12210 2705 12211
f 12208 12211 1769
f 12210 12211 12208
f 486 11319 8924
f 11319 3094 12212
f 8924 12212 2572
f 11319 12212 8924
f 3094 11317 12213
f 11317 562 3391
f 12213 3391 891
f 11317 3391 12213
f 2572 12214 8927
f 12214 891 3388
f 8927 3388 694
f 12214 3388 8927
f 3094 12213 12212
f 12213 891 12214
f 12212 12214 2572
f 12213 12214 12212
f 636 12215 12217
f 12215 3201 12216
f 12217 12216 3203
f 12215 12216 12217
f 3201 12218 12220
f 12218 845 12219
f 12220 12219 3202
f 12218 12219 12220
f 3203 12221 12223
f 12221 3202 12222
f 12223 12222 794
f 12221 12222 12223
f 3201 12220 12216
f 12220 3202 12221
f 12216 12221 3203
f 12220 12221 12216
f 795 11213 10388
f 11213 3079 12224
f 10388 12224 2926
f 11213 12224 10388
f 3079 11216 12225
f 11216 26 7600
f 12225 7600 2218
f 11216 7600 12225
f 2926 12226 10391
f 12226 2218 7604
f 10391 7604 192
f 12226 7604 10391
f 3079 12225 12224
f 12225 2218 12226
f 12224 12226 2926
f 12225 12226 12224
f 795 9125 6642
f 9125 2628 12227
f 6642 12227 1938
f 9125 12227 6642
f 2628 9129 12228
f 9129 363 11223
f 12228 11223 3081
f 9129 11223 12228
f 1938 12229 6645
f 12229 3081 11220
f 6645 11220 684
f 12229 11220 6645
f 2628 12228 12227
f 12228 3081 12229
f 12227 12229 1938
f 12228 12229 12227
f 796 9011 9708
f 9011 2596 12230
f 9708 12230 2767
f 9011 12230 9708
f 2596 9014 12231
f 9014 495 8862
f 12231 8862 2555
f 9014 8862 12231
f 2767 12232 9711
f 12232 2555 8859
f 9711 8859 287
f 12232 8859 9711
f 2596 12231 12230
f 12231 2555 12232
f 12230 12232 2767
f 12231 12232 12230
f 796 9707 6533
f 9707 2766 12233
f 6533 12233 1903
f 9707 12233 6533
f 2766 9704 12234
f 9704 555 10045
f 12234 10045 2853
f 9704 10045 12234
f 1903 12235 6529
f 12235 2853 10042
f 6529 10042 167
f 12235 10042 6529
f 2766 12234 12233
f 12234 2853 12235
f 12233 12235 1903
f 12234 12235 12233
f 797 10611 11046
f 10611 2971 12236
f 11046 12236 3052
f 10611 12236 11046
f 2971 10608 12237
f 10608 280 9855
f 12237 9855 2809
f 10608 9855 12237
f 3052 12238 11049
f 12238 2809 9860
f 11049 9860 350
f 12238 9860 11049
f 2971 12237 12236
f 12237 2809 12238
f 12236 12238 3052
f 12237 12238 12236
f 188 11794 7273
f 11794 3162 12239
f 7273 12239 2122
f 11794 12239 7273
f 3162 11792 12240
f 11792 745 9925
f 12240 9925 2825
f 11792 9925 12240
f 2122 12241 7276
f 12241 2825 9922
f 7276 9922 426
f 12241 9922 7276
f 3162 12240 12239
f 12240 2825 12241
f 12239 12241 2122
f 12240 12241 12239
f 798 8328 9845
f 8328 2419 12242
f 9845 12242 2806
f 8328 12242 9845
f 2419 8333 12244
f 8333 629 12243
f 12244 12243 3204
f 8333 12243 12244
f 2806 12245 9848
f 12245 3204 12246
f 9848 12246 162
f 12245 12246 9848
f 2419 12244 12242
f 12244 3204 12245
f 12242 12245 2806
f 12244 12245 12242
f 798 12247 3406
f 12247 3205 12248
f 3406 12248 897
f 12247 12248 3406
f 3205 12249 12250
f 12249 483 6383
f 12250 6383 1858
f 12249 6383 12250
f 897 12251 3409
f 12251 1858 6389
f 3409 6389 570
f 12251 6389 3409
f 3205 12250 12248
f 12250 1858 12251
f 12248 12251 897
f 12250 12251 12248
f 551 11835 4312
f 11835 3166 12252
f 4312 12252 1194
f 11835 12252 4312
f 3166 11833 12253
f 11833 747 8383
f 12253 8383 2433
f 11833 8383 12253
f 1194 12254 4315
f 12254 2433 8381
f 4315 8381 365
f 12254 8381 4315
f 3166 12253 12252
f 12253 2433 12254
f 12252 12254 1194
f 12253 12254 12252
f 799 11696 8035
f 11696 3149 12255
f 8035 12255 2331
f 11696 12255 8035
f 3149 11694 12256
f 11694 418 11270
f 12256 11270 3089
f 11694 11270 12256
f 2331 12257 8038
f 12257 3089 11268
f 8038 11268 755
f 12257 11268 8038
f 3149 12256 12255
f 12256 3089 12257
f 12255 12257 2331
f 12256 12257 12255
f 799 8034 9842
f 8034 2330 12258
f 9842 12258 2805
f 8034 12258 9842
f 2330 8031 12259
f 8031 483 12249
f 12259 12249 3205
f 8031 12249 12259
f 2805 12260 9844
f 12260 3205 12247
f 9844 12247 798
f 12260 12247 9844
f 2330 12259 12258
f 12259 3205 12260
f 12258 12260 2805
f 12259 12260 12258
f 307 10008 12262
f 10008 2845 12261
f 12262 12261 3206
f 10008 12261 12262
f 2845 10006 12263
f 10006 450 11648
f 12263 11648 3139
f 10006 11648 12263
f 3206 12264 12265
f 12264 3139 11651
f 12265 11651 584
f 12264 11651 12265
f 2845 12263 12261
f 12263 3139 12264
f 12261 12264 3206
f 12263 12264 12261
f 800 6599 10358
f 6599 1923 12266
f 10358 12266 2921
f 6599 12266 10358
f 1923 6596 12267
f 6596 554 5752
f 12267 5752 1664
f 6596 5752 12267
f 2921 12268 10361
f 12268 1664 5758
f 10361 5758 613
f 12268 5758 10361
f 1923 12267 12266
f 12267 1664 12268
f 12266 12268 2921
f 12267 12268 12266
f 826 6770 12270
f 6770 1976 12269
f 12270 12269 3207
f 6770 12269 12270
f 1976 6768 12271
f 6768 416 6603
f 12271 6603 1924
f 6768 6603 12271
f 3207 12272 12273
f 12272 1924 6600
f 12273 6600 800
f 12272 6600 12273
f 1976 12271 12269
f 12271 1924 12272
f 12269 12272 3207
f 12271 12272 12269
f 225 11597 11242
f 11597 3133 12274
f 11242 12274 3085
f 11597 12274 11242
f 3133 11594 12275
f 11594 511 3940
f 12275 3940 1071
f 11594 3940 12275
f 3085 12276 11244
f 12276 1071 3938
f 11244 3938 186
f 12276 3938 11244
f 3133 12275 12274
f 12275 1071 12276
f 12274 12276 3085
f 12275 12276 12274
f 715 10018 10813
f 10018 2847 12277
f 10813 12277 3013
f 10018 12277 10813
f 2847 10016 12278
f 10016 19 7396
f 12278 7396 2156
f 10016 7396 12278
f 3013 12279 10815
f 12279 2156 7393
f 10815 7393 652
f 12279 7393 10815
f 2847 12278 12277
f 12278 2156 12279
f 12277 12279 3013
f 12278 12279 12277
f 801 3540 10640
f 3540 941 12280
f 10640 12280 2980
f 3540 12280 10640
f 941 3537 12281
f 3537 278 7293
f 12281 7293 2127
f 3537 7293 12281
f 2980 12282 10643
f 12282 2127 7290
f 10643 7290 637
f 12282 7290 10643
f 941 12281 12280
f 12281 2127 12282
f 12280 12282 2980
f 12281 12282 12280
f 801 8157 3541
f 8157 2370 12283
f 3541 12283 942
f 8157 12283 3541
f 2370 8163 12285
f 8163 214 12284
f 12285 12284 3208
f 8163 12284 12285
f 942 12286 3544
f 12286 3208 12287
f 3544 12287 352
f 12286 12287 3544
f 2370 12285 12283
f 12285 3208 12286
f 12283 12286 942
f 12285 12286 12283
f 204 5642 5194
f 5642 1627 12288
f 5194 12288 1483
f 5642 12288 5194
f 1627 5639 12289
f 5639 66 7060
f 12289 7060 2060
f 5639 7060 12289
f 1483 12290 5197
f 12290 2060 7066
f 5197 7066 333
f 12290 7066 5197
f 1627 12289 12288
f 12289 2060 12290
f 12288 12290 1483
f 12289 12290 12288
f 802 4451 5388
f 4451 1239 12291
f 5388 12291 1546
f 4451 12291 5388
f 1239 4448 12292
f 4448 695 5897
f 12292 5897 1711
f 4448 5897 12292
f 1546 12293 5391
f 12293 1711 5903
f 5391 5903 338
f 12293 5903 5391
f 1239 12292 12291
f 12292 1711 12293
f 12291 12293 1546
f 12292 12293 12291
f 802 5387 7322
f 5387 1545 12294
f 7322 12294 2136
f 5387 12294 7322
f 1545 5384 12295
f 5384 771 4464
f 12295 4464 1243
f 5384 4464 12295
f 2136 12296 7325
f 12296 1243 4461
f 7325 4461 105
f 12296 4461 7325
f 1545 12295 12294
f 12295 1243 12296
f 12294 12296 2136
f 12295 12296 12294
f 803 3467 6068
f 3467 919 12297
f 6068 12297 1763
f 3467 12297 6068
f 919 3473 12298
f 3473 64 11446
f 12298 11446 3113
f 3473 11446 12298
f 1763 12299 6071
f 12299 3113 11449
f 6071 11449 74
f 12299 11449 6071
f 919 12298 12297
f 12298 3113 12299
f 12297 12299 1763
f 12298 12299 12297
f 803 5557 8849
f 5557 1601 12300
f 8849 12300 2552
f 5557 12300 8849
f 1601 5563 12301
f 5563 613 5757
f 12301 5757 1663
f 5563 5757 12301
f 2552 12302 8852
f 12302 1663 5754
f 8852 5754 219
f 12302 5754 8852
f 1601 12301 12300
f 12301 1663 12302
f 12300 12302 2552
f 12301 12302 12300
f 92 6215 8400
f 6215 1805 12303
f 8400 12303 2438
f 6215 12303 8400
f 1805 6212 12304
f 6212 260 4383
f 12304 4383 1216
f 6212 4383 12304
f 2438 12305 8402
f 12305 1216 4380
f 8402 4380 320
f 12305 4380 8402
f 1805 12304 12303
f 12304 1216 12305
f 12303 12305 2438
f 12304 12305 12303
f 804 7730 6836
f 7730 2251 12306
f 6836 12306 1997
f 7730 12306 6836
f 2251 7727 12307
f 7727 452 5081
f 12307 5081 1447
f 7727 5081 12307
f 1997 12308 6839
f 12308 1447 5087
f 6839 5087 45
f 12308 5087 6839
f 2251 12307 12306
f 12307 1447 12308
f 12306 12308 1997
f 12307 12308 12306
f 153 8231 7553
f 8231 2391 12309
f 7553 12309 2203
f 8231 12309 7553
f 2391 8228 12310
f 8228 255 5443
f 12310 5443 1565
f 8228 5443 12310
f 2203 12311 7548
f 12311 1565 5449
f 7548 5449 327
f 12311 5449 7548
f 2391 12310 12309
f 12310 1565 12311
f 12309 12311 2203
f 12310 12311 12309
f 805 10508 9640
f 10508 2950 12312
f 9640 12312 2753
f 10508 12312 9640
f 2950 10505 12313
f 10505 547 12140
f 12313 12140 3193
f 10505 12140 12313
f 2753 12314 9643
f 12314 3193 12143
f 9643 12143 331
f 12314 12143 9643
f 2950 12313 12312
f 12313 3193 12314
f 12312 12314 2753
f 12313 12314 12312
f 805 7032 3728
f 7032 2052 12315
f 3728 12315 1004
f 7032 12315 3728
f 2052 7038 12316
f 7038 203 3718
f 12316 3718 1000
f 7038 3718 12316
f 1004 12317 3731
f 12317 1000 3715
f 3731 3715 335
f 12317 3715 3731
f 2052 12316 12315
f 12316 1000 12317
f 12315 12317 1004
f 12316 12317 12315
f 146 11471 5506
f 11471 3116 12318
f 5506 12318 1583
f 11471 12318 5506
f 3116 11469 12319
f 11469 710 10245
f 12319 10245 2897
f 11469 10245 12319
f 1583 12320 5500
f 12320 2897 10242
f 5500 10242 198
f 12320 10242 5500
f 3116 12319 12318
f 12319 2897 12320
f 12318 12320 1583
f 12319 12320 12318
f 806 9353 6138
f 9353 2690 12321
f 6138 12321 1785
f 9353 12321 6138
f 2690 9358 12323
f 9358 223 12322
f 12323 12322 3209
f 9358 12322 12323
f 1785 12324 6141
f 12324 3209 12325
f 6141 12325 124
f 12324 12325 6141
f 2690 12323 12321
f 12323 3209 12324
f 12321 12324 1785
f 12323 12324 12321
f 806 6137 3737
f 6137 1784 12326
f 3737 12326 1007
f 6137 12326 3737
f 1784 6135 12327
f 6135 472 3756
f 12327 3756 1012
f 6135 3756 12327
f 1007 12328 3740
f 12328 1012 3753
f 3740 3753 252
f 12328 3753 3740
f 1784 12327 12326
f 12327 1012 12328
f 12326 12328 1007
f 12327 12328 12326
f 196 6996 6050
f 6996 2041 12329
f 6050 12329 1758
f 6996 12329 6050
f 2041 6994 12330
f 6994 328 4552
f 12330 4552 1272
f 6994 4552 12330
f 1758 12331 6053
f 12331 1272 4549
f 6053 4549 309
f 12331 4549 6053
f 2041 12330 12329
f 12330 1272 12331
f 12329 12331 1758
f 12330 12331 12329
f 807 7942 5958
f 7942 2304 12332
f 5958 12332 1728
f 7942 12332 5958
f 2304 7940 12333
f 7940 323 5068
f 12333 5068 1440
f 7940 5068 12333
f 1728 12334 5953
f 12334 1440 5065
f 5953 5065 411
f 12334 5065 5953
f 2304 12333 12332
f 12333 1440 12334
f 12332 12334 1728
f 12333 12334 12332
f 808 12335 9118
f 12335 3210 12336
f 9118 12336 2625
f 12335 12336 9118
f 3210 12337 12338
f 12337 356 10187
f 12338 10187 2887
f 12337 10187 12338
f 2625 12339 9121
f 12339 2887 10193
f 9121 10193 599
f 12339 10193 9121
f 3210 12338 12336
f 12338 2887 12339
f 12336 12339 2625
f 12338 12339 12336
f 463 5815 8587
f 5815 1685 12340
f 8587 12340 2485
f 5815 12340 8587
f 1685 5821 12341
f 5821 176 11867
f 12341 11867 3170
f 5821 11867 12341
f 2485 12342 8589
f 12342 3170 11865
f 8589 11865 750
f 12342 11865 8589
f 1685 12341 12340
f 12341 3170 12342
f 12340 12342 2485
f 12341 12342 12340
f 809 3279 12344
f 3279 854 12343
f 12344 12343 3212
f 3279 12343 12344
f 854 3276 12346
f 3276 325 12345
f 12346 12345 3211
f 3276 12345 12346
f 3212 12347 12349
f 12347 3211 12348
f 12349 12348 218
f 12347 12348 12349
f 854 12346 12343
f 12346 3211 12347
f 12343 12347 3212
f 12346 12347 12343
f 810 8252 4583
f 8252 2397 12350
f 4583 12350 1283
f 8252 12350 4583
f 2397 8249 12351
f 8249 232 10984
f 12351 10984 3042
f 8249 10984 12351
f 1283 12352 4586
f 12352 3042 10982
f 4586 10982 60
f 12352 10982 4586
f 2397 12351 12350
f 12351 3042 12352
f 12350 12352 1283
f 12351 12352 12350
f 810 4582 6713
f 4582 1282 12353
f 6713 12353 1959
f 4582 12353 6713
f 1282 4579 12354
f 4579 776 8654
f 12354 8654 2501
f 4579 8654 12354
f 1959 12355 6716
f 12355 2501 8651
f 6716 8651 67
f 12355 8651 6716
f 1282 12354 12353
f 12354 2501 12355
f 12353 12355 1959
f 12354 12355 12353
f 265 7049 11493
f 7049 2055 12356
f 11493 12356 3120
f 7049 12356 11493
f 2055 7046 12357
f 7046 197 7665
f 12357 7665 2233
f 7046 7665 12357
f 3120 12358 11490
f 12358 2233 7662
f 11490 7662 32
f 12358 7662 11490
f 2055 12357 12356
f 12357 2233 12358
f 12356 12358 3120
f 12357 12358 12356
f 601 11666 4403
f 11666 3142 12359
f 4403 12359 1224
f 11666 12359 4403
f 3142 11663 12360
f 11663 386 6939
f 12360 6939 2025
f 11663 6939 12360
f 1224 12361 4406
f 12361 2025 6936
f 4406 6936 101
f 12361 6936 4406
f 3142 12360 12359
f 12360 2025 12361
f 12359 12361 1224
f 12360 12361 12359
f 22 4992 8223
f 4992 1415 12362
f 8223 12362 2389
f 4992 12362 8223
f 1415 4989 12363
f 4989 611 10341
f 12363 10341 2917
f 4989 10341 12363
f 2389 12364 8226
f 12364 2917 10346
f 8226 10346 360
f 12364 10346 8226
f 1415 12363 12362
f 12363 2917 12364
f 12362 12364 2389
f 12363 12364 12362
f 679 4214 11147
f 4214 1161 12365
f 11147 12365 3072
f 4214 12365 11147
f 1161 4211 12367
f 4211 207 12366
f 12367 12366 3213
f 4211 12366 12367
f 3072 12368 11149
f 12368 3213 12369
f 11149 12369 104
f 12368 12369 11149
f 1161 12367 12365
f 12367 3213 12368
f 12365 12368 3072
f 12367 12368 12365
f 653 10951 6656
f 10951 3036 12370
f 6656 12370 1942
f 10951 12370 6656
f 3036 10949 12371
f 10949 176 5820
f 12371 5820 1684
f 10949 5820 12371
f 1942 12372 6659
f 12372 1684 5817
f 6659 5817 297
f 12372 5817 6659
f 3036 12371 12370
f 12371 1684 12372
f 12370 12372 1942
f 12371 12372 12370
f 96 4572 6809
f 4572 1281 12373
f 6809 12373 1989
f 4572 12373 6809
f 1281 4578 12374
f 4578 307 12262
f 12374 12262 3206
f 4578 12262 12374
f 1989 12375 6812
f 12375 3206 12265
f 6812 12265 584
f 12375 12265 6812
f 1281 12374 12373
f 12374 3206 12375
f 12373 12375 1989
f 12374 12375 12373
f 165 11603 11623
f 11603 3134 12376
f 11623 12376 3137
f 11603 12376 11623
f 3134 11600 12377
f 11600 440 4049
f 12377 4049 1106
f 11600 4049 12377
f 3137 12378 11626
f 12378 1106 4046
f 11626 4046 641
f 12378 4046 11626
f 3134 12377 12376
f 12377 1106 12378
f 12376 12378 3137
f 12377 12378 12376
f 140 9669 8489
f 9669 2759 12379
f 8489 12379 2461
f 9669 12379 8489
f 2759 9666 12380
f 9666 306 6803
f 12380 6803 1986
f 9666 6803 12380
f 2461 12381 8492
f 12381 1986 6800
f 8492 6800 243
f 12381 6800 8492
f 2759 12380 12379
f 12380 1986 12381
f 12379 12381 2461
f 12380 12381 12379
f 574 9177 11826
f 9177 2642 12382
f 11826 12382 3165
f 9177 12382 11826
f 2642 9174 12383
f 9174 361 11383
f 12383 11383 3107
f 9174 11383 12383
f 3165 12384 11829
f 12384 3107 11380
f 11829 11380 6
f 12384 11380 11829
f 2642 12383 12382
f 12383 3107 12384
f 12382 12384 3165
f 12383 12384 12382
f 811 9545 8502
f 9545 2732 12385
f 8502 12385 2464
f 9545 12385 8502
f 2732 9543 12386
f 9543 540 8585
f 12386 8585 2483
f 9543 8585 12386
f 2464 12387 8505
f 12387 2483 8582
f 8505 8582 199
f 12387 8582 8505
f 2732 12386 12385
f 12386 2483 12387
f 12385 12387 2464
f 12386 12387 12385
f 811 4150 9546
f 4150 1142 12388
f 9546 12388 2733
f 4150 12388 9546
f 1142 4156 12389
f 4156 454 10763
f 12389 10763 3004
f 4156 10763 12389
f 2733 12390 9549
f 12390 3004 10760
f 9549 10760 137
f 12390 10760 9549
f 1142 12389 12388
f 12389 3004 12390
f 12388 12390 2733
f 12389 12390 12388
f 812 9510 10433
f 9510 2725 12391
f 10433 12391 2936
f 9510 12391 10433
f 2725 9508 12392
f 9508 438 11036
f 12392 11036 3049
f 9508 11036 12392
f 2936 12393 10436
f 12393 3049 11033
f 10436 11033 751
f 12393 11033 10436
f 2725 12392 12391
f 12392 3049 12393
f 12391 12393 2936
f 12392 12393 12391
f 684 11219 11639
f 11219 3080 12394
f 11639 12394 3138
f 11219 12394 11639
f 3080 11217 12395
f 11217 14 9976
f 12395 9976 2837
f 11217 9976 12395
f 3138 12396 11641
f 12396 2837 9973
f 11641 9973 813
f 12396 9973 11641
f 3080 12395 12394
f 12395 2837 12396
f 12394 12396 3138
f 12395 12396 12394
f 720 8297 11568
f 8297 2409 12397
f 11568 12397 3131
f 8297 12397 11568
f 2409 8294 12398
f 8294 672 5739
f 12398 5739 1657
f 8294 5739 12398
f 3131 12399 11570
f 12399 1657 5736
f 11570 5736 509
f 12399 5736 11570
f 2409 12398 12397
f 12398 1657 12399
f 12397 12399 3131
f 12398 12399 12397
f 685 10036 6625
f 10036 2851 12400
f 6625 12400 1932
f 10036 12400 6625
f 2851 10033 12401
f 10033 587 10041
f 12401 10041 2854
f 10033 10041 12401
f 1932 12402 6628
f 12402 2854 10046
f 6628 10046 555
f 12402 10046 6628
f 2851 12401 12400
f 12401 2854 12402
f 12400 12402 1932
f 12401 12402 12400
f 503 8272 6065
f 8272 2404 12403
f 6065 12403 1762
f 8272 12403 6065
f 2404 8276 12404
f 8276 94 11540
f 12404 11540 3127
f 8276 11540 12404
f 1762 12405 6060
f 12405 3127 11543
f 6060 11543 718
f 12405 11543 6060
f 2404 12404 12403
f 12404 3127 12405
f 12403 12405 1762
f 12404 12405 12403
f 814 8836 4919
f 8836 2547 12406
f 4919 12406 1392
f 8836 12406 4919
f 2547 8833 12407
f 8833 188 7275
f 12407 7275 2124
f 8833 7275 12407
f 1392 12408 4922
f 12408 2124 7281
f 4922 7281 739
f 12408 7281 4922
f 2547 12407 12406
f 12407 2124 12408
f 12406 12408 1392
f 12407 12408 12406
f 814 6585 10232
f 6585 1919 12409
f 10232 12409 2896
f 6585 12409 10232
f 1919 6582 12410
f 6582 222 5780
f 12410 5780 1671
f 6582 5780 12410
f 2896 12411 10235
f 12411 1671 5777
f 10235 5777 292
f 12411 5777 10235
f 1919 12410 12409
f 12410 1671 12411
f 12409 12411 2896
f 12410 12411 12409
f 344 3355 8111
f 3355 879 12412
f 8111 12412 2354
f 3355 12412 8111
f 879 3352 12413
f 3352 692 9758
f 12413 9758 2783
f 3352 9758 12413
f 2354 12414 8114
f 12414 2783 9763
f 8114 9763 561
f 12414 9763 8114
f 879 12413 12412
f 12413 2783 12414
f 12412 12414 2354
f 12413 12414 12412
f 512 5969 5096
f 5969 1731 12415
f 5096 12415 1450
f 5969 12415 5096
f 1731 5966 12416
f 5966 21 10945
f 12416 10945 3034
f 5966 10945 12416
f 1450 12417 5090
f 12417 3034 10942
f 5090 10942 661
f 12417 10942 5090
f 1731 12416 12415
f 12416 3034 12417
f 12415 12417 1450
f 12416 12417 12415
f 431 10923 12419
f 10923 3031 12418
f 12419 12418 3214
f 10923 12418 12419
f 3031 10921 12420
f 10921 659 5973
f 12420 5973 1732
f 10921 5973 12420
f 3214 12421 12422
f 12421 1732 5970
f 12422 5970 512
f 12421 5970 12422
f 3031 12420 12418
f 12420 1732 12421
f 12418 12421 3214
f 12420 12421 12418
f 752 10914 4484
f 10914 3030 12423
f 4484 12423 1251
f 10914 12423 4484
f 3030 10917 12424
f 10917 329 9479
f 12424 9479 2720
f 10917 9479 12424
f 1251 12425 4487
f 12425 2720 9477
f 4487 9477 534
f 12425 9477 4487
f 3030 12424 12423
f 12424 2720 12425
f 12423 12425 1251
f 12424 12425 12423
f 128 9650 3758
f 9650 2755 12426
f 3758 12426 1014
f 9650 12426 3758
f 2755 9647 12427
f 9647 625 10510
f 12427 10510 2951
f 9647 10510 12427
f 1014 12428 3761
f 12428 2951 10513
f 3761 10513 271
f 12428 10513 3761
f 2755 12427 12426
f 12427 2951 12428
f 12426 12428 1014
f 12427 12428 12426
f 815 9956 7376
f 9956 2833 12429
f 7376 12429 2151
f 9956 12429 7376
f 2833 9953 12430
f 9953 663 5868
f 12430 5868 1699
f 9953 5868 12430
f 2151 12431 7379
f 12431 1699 5865
f 7379 5865 514
f 12431 5865 7379
f 2833 12430 12429
f 12430 1699 12431
f 12429 12431 2151
f 12430 12431 12429
f 815 7378 11384
f 7378 2152 12432
f 11384 12432 3108
f 7378 12432 11384
f 2152 7382 12433
f 7382 172 5377
f 12433 5377 1544
f 7382 5377 12433
f 3108 12434 11386
f 12434 1544 5383
f 11386 5383 632
f 12434 5383 11386
f 2152 12433 12432
f 12433 1544 12434
f 12432 12434 3108
f 12433 12434 12432
f 816 8167 9877
f 8167 2371 12435
f 9877 12435 2814
f 8167 12435 9877
f 2371 8164 12436
f 8164 557 11908
f 12436 11908 3174
f 8164 11908 12436
f 2814 12437 9880
f 12437 3174 11906
f 9880 11906 754
f 12437 11906 9880
f 2371 12436 12435
f 12436 3174 12437
f 12435 12437 2814
f 12436 12437 12435
f 816 11912 8168
f 11912 3175 12438
f 8168 12438 2372
f 11912 12438 8168
f 3175 11915 12440
f 11915 573 12439
f 12440 12439 3215
f 11915 12439 12440
f 2372 12441 8171
f 12441 3215 12442
f 8171 12442 119
f 12441 12442 8171
f 3175 12440 12438
f 12440 3215 12441
f 12438 12441 2372
f 12440 12441 12438
f 817 3386 11951
f 3386 892 12443
f 11951 12443 3181
f 3386 12443 11951
f 892 3392 12444
f 3392 562 8125
f 12444 8125 2360
f 3392 8125 12444
f 3181 12445 11954
f 12445 2360 8131
f 11954 8131 759
f 12445 8131 11954
f 892 12444 12443
f 12444 2360 12445
f 12443 12445 3181
f 12444 12445 12443
f 817 11950 11933
f 11950 3180 12446
f 11933 12446 3178
f 11950 12446 11933
f 3180 11948 12447
f 11948 632 5382
f 12447 5382 1543
f 11948 5382 12447
f 3178 12448 11930
f 12448 1543 5379
f 11930 5379 757
f 12448 5379 11930
f 3180 12447 12446
f 12447 1543 12448
f 12446 12448 3178
f 12447 12448 12446
f 818 9735 10419
f 9735 2774 12449
f 10419 12449 2933
f 9735 12449 10419
f 2774 9732 12450
f 9732 698 11369
f 12450 11369 3106
f 9732 11369 12450
f 2933 12451 10421
f 12451 3106 11372
f 10421 11372 686
f 12451 11372 10421
f 2774 12450 12449
f 12450 3106 12451
f 12449 12451 2933
f 12450 12451 12449
f 818 3454 8091
f 3454 912 12452
f 8091 12452 2348
f 3454 12452 8091
f 912 3451 12453
f 3451 502 11059
f 12453 11059 3055
f 3451 11059 12453
f 2348 12454 8094
f 12454 3055 11056
f 8094 11056 669
f 12454 11056 8094
f 912 12453 12452
f 12453 3055 12454
f 12452 12454 2348
f 12453 12454 12452
f 808 7320 12335
f 7320 2134 12455
f 12335 12455 3210
f 7320 12455 12335
f 2134 7317 12457
f 7317 276 12456
f 12457 12456 3216
f 7317 12456 12457
f 3210 12458 12337
f 12458 3216 12459
f 12337 12459 356
f 12458 12459 12337
f 2134 12457 12455
f 12457 3216 12458
f 12455 12458 3210
f 12457 12458 12455
f 230 5881 9086
f 5881 1704 12460
f 9086 12460 2617
f 5881 12460 9086
f 1704 5879 12461
f 5879 500 10290
f 12461 10290 2907
f 5879 10290 12461
f 2617 12462 9080
f 12462 2907 10293
f 9080 10293 187
f 12462 10293 9080
f 1704 12461 12460
f 12461 2907 12462
f 12460 12462 2617
f 12461 12462 12460
f 606 11453 8030
f 11453 3114 12463
f 8030 12463 2329
f 11453 12463 8030
f 3114 11450 12464
f 11450 829 11921
f 12464 11921 3177
f 11450 11921 12464
f 2329 12465 8025
f 12465 3177 11925
f 8025 11925 380
f 12465 11925 8025
f 3114 12464 12463
f 12464 3177 12465
f 12463 12465 2329
f 12464 12465 12463
f 837 8158 12467
f 8158 2368 12466
f 12467 12466 3217
f 8158 12466 12467
f 2368 8155 12468
f 8155 801 10639
f 12468 10639 2979
f 8155 10639 12468
f 3217 12469 12470
f 12469 2979 10637
f 12470 10637 716
f 12469 10637 12470
f 2368 12468 12466
f 12468 2979 12469
f 12466 12469 3217
f 12468 12469 12466
f 697 12471 11349
f 12471 3218 12472
f 11349 12472 3101
f 12471 12472 11349
f 3218 12473 12474
f 12473 424 11977
f 12474 11977 3183
f 12473 11977 12474
f 3101 12475 11351
f 12475 3183 11974
f 11351 11974 498
f 12475 11974 11351
f 3218 12474 12472
f 12474 3183 12475
f 12472 12475 3101
f 12474 12475 12472
f 819 9562 3636
f 9562 2736 12476
f 3636 12476 974
f 9562 12476 3636
f 2736 9560 12477
f 9560 325 3278
f 12477 3278 856
f 9560 3278 12477
f 974 12478 3639
f 12478 856 3284
f 3639 3284 221
f 12478 3284 3639
f 2736 12477 12476
f 12477 856 12478
f 12476 12478 974
f 12477 12478 12476
f 820 4071 9779
f 4071 1116 12479
f 9779 12479 2788
f 4071 12479 9779
f 1116 4077 12480
f 4077 422 12014
f 12480 12014 3188
f 4077 12014 12480
f 2788 12481 9782
f 12481 3188 12012
f 9782 12012 767
f 12481 12012 9782
f 1116 12480 12479
f 12480 3188 12481
f 12479 12481 2788
f 12480 12481 12479
f 820 8086 10694
f 8086 2347 12482
f 10694 12482 2993
f 8086 12482 10694
f 2347 8090 12483
f 8090 563 4103
f 12483 4103 1124
f 8090 4103 12483
f 2993 12484 10697
f 12484 1124 4100
f 10697 4100 640
f 12484 4100 10697
f 2347 12483 12482
f 12483 1124 12484
f 12482 12484 2993
f 12483 12484 12482
f 172 4205 11934
f 4205 1158 12485
f 11934 12485 3179
f 4205 12485 11934
f 1158 4202 12486
f 4202 430 11762
f 12486 11762 3157
f 4202 11762 12486
f 3179 12487 11936
f 12487 3157 11765
f 11936 11765 675
f 12487 11765 11936
f 1158 12486 12485
f 12486 3157 12487
f 12485 12487 3179
f 12486 12487 12485
f 821 11799 7787
f 11799 3163 12488
f 7787 12488 2266
f 11799 12488 7787
f 3163 11797 12489
f 11797 394 9557
f 12489 9557 2735
f 11797 9557 12489
f 2266 12490 7790
f 12490 2735 9555
f 7790 9555 88
f 12490 9555 7790
f 3163 12489 12488
f 12489 2735 12490
f 12488 12490 2266
f 12489 12490 12488
f 44 5914 11999
f 5914 1714 12491
f 11999 12491 3187
f 5914 12491 11999
f 1714 5911 12492
f 5911 49 5232
f 12492 5232 1497
f 5911 5232 12492
f 3187 12493 12002
f 12493 1497 5238
f 12002 5238 525
f 12493 5238 12002
f 1714 12492 12491
f 12492 1497 12493
f 12491 12493 3187
f 12492 12493 12491
f 822 4469 9022
f 4469 1245 12494
f 9022 12494 2599
f 4469 12494 9022
f 1245 4466 12495
f 4466 119 12442
f 12495 12442 3215
f 4466 12442 12495
f 2599 12496 9024
f 12496 3215 12439
f 9024 12439 573
f 12496 12439 9024
f 1245 12495 12494
f 12495 3215 12496
f 12494 12496 2599
f 12495 12496 12494
f 822 10875 4470
f 10875 3024 12497
f 4470 12497 1246
f 10875 12497 4470
f 3024 10872 12498
f 10872 433 10570
f 12498 10570 2961
f 10872 10570 12498
f 1246 12499 4473
f 12499 2961 10568
f 4473 10568 630
f 12499 10568 4473
f 3024 12498 12497
f 12498 2961 12499
f 12497 12499 1246
f 12498 12499 12497
f 110 5687 4219
f 5687 1641 12500
f 4219 12500 1163
f 5687 12500 4219
f 1641 5684 12502
f 5684 709 12501
f 12502 12501 3219
f 5684 12501 12502
f 1163 12503 4213
f 12503 3219 12504
f 4213 12504 207
f 12503 12504 4213
f 1641 12502 12500
f 12502 3219 12503
f 12500 12503 1163
f 12502 12503 12500
f 823 11993 12506
f 11993 3185 12505
f 12506 12505 3220
f 11993 12505 12506
f 3185 11991 12507
f 11991 765 11580
f 12507 11580 3132
f 11991 11580 12507
f 3220 12508 12509
f 12508 3132 11577
f 12509 11577 485
f 12508 11577 12509
f 3185 12507 12505
f 12507 3132 12508
f 12505 12508 3220
f 12507 12508 12505
f 136 5328 3714
f 5328 1526 12510
f 3714 12510 999
f 5328 12510 3714
f 1526 5325 12512
f 5325 414 12511
f 12512 12511 3221
f 5325 12511 12512
f 999 12513 3709
f 12513 3221 12514
f 3709 12514 130
f 12513 12514 3709
f 1526 12512 12510
f 12512 3221 12513
f 12510 12513 999
f 12512 12513 12510
f 143 12209 9616
f 12209 3200 12515
f 9616 12515 2749
f 12209 12515 9616
f 3200 12207 12517
f 12207 792 12516
f 12517 12516 3222
f 12207 12516 12517
f 2749 12518 9618
f 12518 3222 12519
f 9618 12519 285
f 12518 12519 9618
f 3200 12517 12515
f 12517 3222 12518
f 12515 12518 2749
f 12517 12518 12515
f 824 11356 12521
f 11356 3104 12520
f 12521 12520 3223
f 11356 12520 12521
f 3104 11362 12522
f 11362 759 8130
f 12522 8130 2359
f 11362 8130 12522
f 3223 12523 12524
f 12523 2359 8127
f 12524 8127 793
f 12523 8127 12524
f 3104 12522 12520
f 12522 2359 12523
f 12520 12523 3223
f 12522 12523 12520
f 226 4117 7073
f 4117 1129 12525
f 7073 12525 2062
f 4117 12525 7073
f 1129 4114 12526
f 4114 728 12021
f 12526 12021 3189
f 4114 12021 12526
f 2062 12527 7068
f 12527 3189 12018
f 7068 12018 123
f 12527 12018 7068
f 1129 12526 12525
f 12526 3189 12527
f 12525 12527 2062
f 12526 12527 12525
f 570 11283 9849
f 11283 3091 12528
f 9849 12528 2807
f 11283 12528 9849
f 3091 11281 12529
f 11281 356 12459
f 12529 12459 3216
f 11281 12459 12529
f 2807 12530 9851
f 12530 3216 12456
f 9851 12456 276
f 12530 12456 9851
f 3091 12529 12528
f 12529 3216 12530
f 12528 12530 2807
f 12529 12530 12528
f 473 5292 11348
f 5292 1514 12531
f 11348 12531 3100
f 5292 12531 11348
f 1514 5289 12533
f 5289 830 12532
f 12533 12532 3224
f 5289 12532 12533
f 3100 12534 11343
f 12534 3224 12535
f 11343 12535 825
f 12534 12535 11343
f 1514 12533 12531
f 12533 3224 12534
f 12531 12534 3100
f 12533 12534 12531
f 825 12536 10062
f 12536 3225 12537
f 10062 12537 2859
f 12536 12537 10062
f 3225 12538 12539
f 12538 844 10594
f 12539 10594 2968
f 12538 10594 12539
f 2859 12540 10065
f 12540 2968 10598
f 10065 10598 492
f 12540 10598 10065
f 3225 12539 12537
f 12539 2968 12540
f 12537 12540 2859
f 12539 12540 12537
f 461 11655 6474
f 11655 3140 12541
f 6474 12541 1886
f 11655 12541 6474
f 3140 11652 12542
f 11652 543 9579
f 12542 9579 2741
f 11652 9579 12542
f 1886 12543 6477
f 12543 2741 9583
f 6477 9583 282
f 12543 9583 6477
f 3140 12542 12541
f 12542 2741 12543
f 12541 12543 1886
f 12542 12543 12541
f 773 12067 10669
f 12067 3192 12544
f 10669 12544 2988
f 12067 12544 10669
f 3192 12065 12545
f 12065 797 11296
f 12545 11296 3092
f 12065 11296 12545
f 2988 12546 10672
f 12546 3092 11293
f 10672 11293 569
f 12546 11293 10672
f 3192 12545 12544
f 12545 3092 12546
f 12544 12546 2988
f 12545 12546 12544
f 826 12270 12548
f 12270 3207 12547
f 12548 12547 3226
f 12270 12547 12548
f 3207 12273 12549
f 12273 800 10357
f 12549 10357 2920
f 12273 10357 12549
f 3226 12550 12551
f 12550 2920 10354
f 12551 10354 234
f 12550 10354 12551
f 3207 12549 12547
f 12549 2920 12550
f 12547 12550 3226
f 12549 12550 12547
f 827 5525 11846
f 5525 1591 12552
f 11846 12552 3169
f 5525 12552 11846
f 1591 5531 12553
f 5531 31 9986
f 12553 9986 2840
f 5531 9986 12553
f 3169 12554 11840
f 12554 2840 9984
f 11840 9984 582
f 12554 9984 11840
f 1591 12553 12552
f 12553 2840 12554
f 12552 12554 3169
f 12553 12554 12552
f 835 12555 11842
f 12555 3227 12556
f 11842 12556 3168
f 12555 12556 11842
f 3227 12557 12559
f 12557 512 12558
f 12559 12558 3228
f 12557 12558 12559
f 3168 12560 11845
f 12560 3228 12561
f 11845 12561 827
f 12560 12561 11845
f 3227 12559 12556
f 12559 3228 12560
f 12556 12560 3168
f 12559 12560 12556
f 828 3956 9432
f 3956 1078 12562
f 9432 12562 2709
f 3956 12562 9432
f 1078 3962 12563
f 3962 530 3841
f 12563 3841 1039
f 3962 3841 12563
f 2709 12564 9435
f 12564 1039 3838
f 9435 3838 133
f 12564 3838 9435
f 1078 12563 12562
f 12563 1039 12564
f 12562 12564 2709
f 12563 12564 12562
f 828 8722 6191
f 8722 2519 12565
f 6191 12565 1799
f 8722 12565 6191
f 2519 8728 12566
f 8728 256 11011
f 12566 11011 3047
f 8728 11011 12566
f 1799 12567 6194
f 12567 3047 11014
f 6194 11014 337
f 12567 11014 6194
f 2519 12566 12565
f 12566 3047 12567
f 12565 12567 1799
f 12566 12567 12565
f 697 11357 12471
f 11357 3102 12568
f 12471 12568 3218
f 11357 12568 12471
f 3102 11354 12570
f 11354 824 12569
f 12570 12569 3229
f 11354 12569 12570
f 3218 12571 12473
f 12571 3229 12572
f 12473 12572 424
f 12571 12572 12473
f 3102 12570 12568
f 12570 3229 12571
f 12568 12571 3218
f 12570 12571 12568
f 829 7632 11919
f 7632 2225 12573
f 11919 12573 3176
f 7632 12573 11919
f 2225 7629 12574
f 7629 756 11422
f 12574 11422 3110
f 7629 11422 12574
f 3176 12575 11922
f 12575 3110 11419
f 11922 11419 281
f 12575 11419 11922
f 2225 12574 12573
f 12574 3110 12575
f 12573 12575 3176
f 12574 12575 12573
f 829 11452 7633
f 11452 3115 12576
f 7633 12576 2226
f 11452 12576 7633
f 3115 11456 12577
f 11456 220 8337
f 12577 8337 2420
f 11456 8337 12577
f 2226 12578 7636
f 12578 2420 8334
f 7636 8334 36
f 12578 8334 7636
f 3115 12577 12576
f 12577 2420 12578
f 12576 12578 2226
f 12577 12578 12576
f 100 12579 5772
f 12579 3230 12580
f 5772 12580 1669
f 12579 12580 5772
f 3230 12581 12582
f 12581 108 3688
f 12582 3688 990
f 12581 3688 12582
f 1669 12583 5775
f 12583 990 3685
f 5775 3685 212
f 12583 3685 5775
f 3230 12582 12580
f 12582 990 12583
f 12580 12583 1669
f 12582 12583 12580
f 257 6023 5516
f 6023 1748 12584
f 5516 12584 1587
f 6023 12584 5516
f 1748 6020 12585
f 6020 678 6766
f 12585 6766 1974
f 6020 6766 12585
f 1587 12586 5519
f 12586 1974 6763
f 5519 6763 115
f 12586 6763 5519
f 1748 12585 12584
f 12585 1974 12586
f 12584 12586 1587
f 12585 12586 12584
f 43 7173 11721
f 7173 2092 12587
f 11721 12587 3152
f 7173 12587 11721
f 2092 7171 12588
f 7171 740 11184
f 12588 11184 3076
f 7171 11184 12588
f 3152 12589 11723
f 12589 3076 11182
f 11723 11182 466
f 12589 11182 11723
f 2092 12588 12587
f 12588 3076 12589
f 12587 12589 3152
f 12588 12589 12587
f 830 5291 12591
f 5291 1516 12590
f 12591 12590 3232
f 5291 12590 12591
f 1516 5297 12593
f 5297 182 12592
f 12593 12592 3231
f 5297 12592 12593
f 3232 12594 12596
f 12594 3231 12595
f 12596 12595 560
f 12594 12595 12596
f 1516 12593 12590
f 12593 3231 12594
f 12590 12594 3232
f 12593 12594 12590
f 844 12538 12598
f 12538 3225 12597
f 12598 12597 3233
f 12538 12597 12598
f 3225 12536 12599
f 12536 825 12535
f 12599 12535 3224
f 12536 12535 12599
f 3233 12600 12601
f 12600 3224 12532
f 12601 12532 830
f 12600 12532 12601
f 3225 12599 12597
f 12599 3224 12600
f 12597 12600 3233
f 12599 12600 12597
f 124 12325 8493
f 12325 3209 12602
f 8493 12602 2462
f 12325 12602 8493
f 3209 12322 12603
f 12322 223 5789
f 12603 5789 1674
f 12322 5789 12603
f 2462 12604 8495
f 12604 1674 5786
f 8495 5786 786
f 12604 5786 8495
f 3209 12603 12602
f 12603 1674 12604
f 12602 12604 2462
f 12603 12604 12602
f 831 12605 12607
f 12605 3234 12606
f 12607 12606 3235
f 12605 12606 12607
f 3234 12608 12609
f 12608 111 8858
f 12609 8858 2554
f 12608 8858 12609
f 3235 12610 12611
f 12610 2554 8855
f 12611 8855 480
f 12610 8855 12611
f 3234 12609 12606
f 12609 2554 12610
f 12606 12610 3235
f 12609 12610 12606
f 331 10483 9212
f 10483 2944 12612
f 9212 12612 2652
f 10483 12612 9212
f 2944 10480 12613
f 10480 460 7970
f 12613 7970 2314
f 10480 7970 12613
f 2652 12614 9215
f 12614 2314 7976
f 9215 7976 415
f 12614 7976 9215
f 2944 12613 12612
f 12613 2314 12614
f 12612 12614 2652
f 12613 12614 12612
f 832 11329 7345
f 11329 3096 12615
f 7345 12615 2143
f 11329 12615 7345
f 3096 11327 12616
f 11327 834 10663
f 12616 10663 2985
f 11327 10663 12616
f 2143 12617 7347
f 12617 2985 10660
f 7347 10660 106
f 12617 10660 7347
f 3096 12616 12615
f 12616 2985 12617
f 12615 12617 2143
f 12616 12617 12615
f 832 5898 12060
f 5898 1709 12618
f 12060 12618 3191
f 5898 12618 12060
f 1709 5895 12619
f 5895 695 5889
f 12619 5889 1706
f 5895 5889 12619
f 3191 12620 12062
f 12620 1706 5886
f 12062 5886 95
f 12620 5886 12062
f 1709 12619 12618
f 12619 1706 12620
f 12618 12620 3191
f 12619 12620 12618
f 310 10182 5092
f 10182 2884 12621
f 5092 12621 1449
f 10182 12621 5092
f 2884 10180 12622
f 10180 827 12561
f 12622 12561 3228
f 10180 12561 12622
f 1449 12623 5095
f 12623 3228 12558
f 5095 12558 512
f 12623 12558 5095
f 2884 12622 12621
f 12622 3228 12623
f 12621 12623 1449
f 12622 12623 12621
f 833 6623 11441
f 6623 1933 12624
f 11441 12624 3112
f 6623 12624 11441
f 1933 6629 12625
f 6629 555 9706
f 12625 9706 2768
f 6629 9706 12625
f 3112 12626 11444
f 12626 2768 9712
f 11444 9712 287
f 12626 9712 11444
f 1933 12625 12624
f 12625 2768 12626
f 12624 12626 3112
f 12625 12626 12624
f 636 12627 8100
f 12627 3236 12628
f 8100 12628 2351
f 12627 12628 8100
f 3236 12629 12630
f 12629 54 11672
f 12630 11672 3143
f 12629 11672 12630
f 2351 12631 8103
f 12631 3143 11669
f 8103 11669 602
f 12631 11669 8103
f 3236 12630 12628
f 12630 3143 12631
f 12628 12631 2351
f 12630 12631 12628
f 834 10667 12183
f 10667 2989 12632
f 12183 12632 3196
f 10667 12632 12183
f 2989 10673 12633
f 10673 569 9835
f 12633 9835 2804
f 10673 9835 12633
f 3196 12634 12186
f 12634 2804 9841
f 12186 9841 484
f 12634 9841 12186
f 2989 12633 12632
f 12633 2804 12634
f 12632 12634 3196
f 12633 12634 12632
f 834 12182 10664
f 12182 3195 12635
f 10664 12635 2986
f 12182 12635 10664
f 3195 12179 12636
f 12179 731 7340
f 12636 7340 2142
f 12179 7340 12636
f 2986 12637 10658
f 12637 2142 7344
f 10658 7344 358
f 12637 7344 10658
f 3195 12636 12635
f 12636 2142 12637
f 12635 12637 2986
f 12636 12637 12635
f 130 12514 6016
f 12514 3221 12638
f 6016 12638 1747
f 12514 12638 6016
f 3221 12511 12639
f 12511 414 8781
f 12639 8781 2533
f 12511 8781 12639
f 1747 12640 6019
f 12640 2533 8779
f 6019 8779 678
f 12640 8779 6019
f 3221 12639 12638
f 12639 2533 12640
f 12638 12640 1747
f 12639 12640 12638
f 835 9321 12555
f 9321 2680 12641
f 12555 12641 3227
f 9321 12641 12555
f 2680 9319 12642
f 9319 431 12419
f 12642 12419 3214
f 9319 12419 12642
f 3227 12643 12557
f 12643 3214 12422
f 12557 12422 512
f 12643 12422 12557
f 2680 12642 12641
f 12642 3214 12643
f 12641 12643 3227
f 12642 12643 12641
f 582 12644 11838
f 12644 3237 12645
f 11838 12645 3167
f 12644 12645 11838
f 3237 12646 12648
f 12646 838 12647
f 12648 12647 3238
f 12646 12647 12648
f 3167 12649 11841
f 12649 3238 12650
f 11841 12650 835
f 12649 12650 11841
f 3237 12648 12645
f 12648 3238 12649
f 12645 12649 3167
f 12648 12649 12645
f 836 11553 12652
f 11553 3129 12651
f 12652 12651 3239
f 11553 12651 12652
f 3129 11550 12653
f 11550 278 3539
f 12653 3539 943
f 11550 3539 12653
f 3239 12654 12655
f 12654 943 3545
f 12655 3545 352
f 12654 3545 12655
f 3129 12653 12651
f 12653 943 12654
f 12651 12654 3239
f 12653 12654 12651
f 837 12467 12657
f 12467 3217 12656
f 12657 12656 3240
f 12467 12656 12657
f 3217 12470 12658
f 12470 716 11532
f 12658 11532 3126
f 12470 11532 12658
f 3240 12659 12660
f 12659 3126 11529
f 12660 11529 841
f 12659 11529 12660
f 3217 12658 12656
f 12658 3126 12659
f 12656 12659 3240
f 12658 12659 12656
f 837 12661 8159
f 12661 3241 12662
f 8159 12662 2369
f 12661 12662 8159
f 3241 12663 12665
f 12663 558 12664
f 12665 12664 3242
f 12663 12664 12665
f 2369 12666 8162
f 12666 3242 12667
f 8162 12667 214
f 12666 12667 8162
f 3241 12665 12662
f 12665 3242 12666
f 12662 12666 2369
f 12665 12666 12662
f 838 6536 12647
f 6536 1905 12668
f 12647 12668 3238
f 6536 12668 12647
f 1905 6540 12669
f 6540 22 9325
f 12669 9325 2681
f 6540 9325 12669
f 3238 12670 12650
f 12670 2681 9322
f 12650 9322 835
f 12670 9322 12650
f 1905 12669 12668
f 12669 2681 12670
f 12668 12670 3238
f 12669 12670 12668
f 838 12646 11889
f 12646 3237 12671
f 11889 12671 3173
f 12646 12671 11889
f 3237 12644 12672
f 12644 582 9979
f 12672 9979 2839
f 12644 9979 12672
f 3173 12673 11891
f 12673 2839 9983
f 11891 9983 33
f 12673 9983 11891
f 3237 12672 12671
f 12672 2839 12673
f 12671 12673 3173
f 12672 12673 12671
f 108 12581 10475
f 12581 3230 12674
f 10475 12674 2943
f 12581 12674 10475
f 3230 12579 12676
f 12579 100 12675
f 12676 12675 3243
f 12579 12675 12676
f 2943 12677 10477
f 12677 3243 12678
f 10477 12678 290
f 12677 12678 10477
f 3230 12676 12674
f 12676 3243 12677
f 12674 12677 2943
f 12676 12677 12674
f 442 9751 10734
f 9751 2779 12679
f 10734 12679 3000
f 9751 12679 10734
f 2779 9748 12681
f 9748 845 12680
f 12681 12680 3244
f 9748 12680 12681
f 3000 12682 10731
f 12682 3244 12683
f 10731 12683 839
f 12682 12683 10731
f 2779 12681 12679
f 12681 3244 12682
f 12679 12682 3000
f 12681 12682 12679
f 840 10349 5320
f 10349 2918 12684
f 5320 12684 1524
f 10349 12684 5320
f 2918 10347 12686
f 10347 286 12685
f 12686 12685 3245
f 10347 12685 12686
f 1524 12687 5323
f 12687 3245 12688
f 5323 12688 35
f 12687 12688 5323
f 2918 12686 12684
f 12686 3245 12687
f 12684 12687 1524
f 12686 12687 12684
f 840 4680 10350
f 4680 1317 12689
f 10350 12689 2919
f 4680 12689 10350
f 1317 4686 12690
f 4686 231 5910
f 12690 5910 1713
f 4686 5910 12690
f 2919 12691 10353
f 12691 1713 5907
f 10353 5907 612
f 12691 5907 10353
f 1317 12690 12689
f 12690 1713 12691
f 12689 12691 2919
f 12690 12691 12689
f 846 12692 12694
f 12692 3246 12693
f 12694 12693 3247
f 12692 12693 12694
f 3246 12695 12696
f 12695 837 12657
f 12696 12657 3240
f 12695 12657 12696
f 3247 12697 12698
f 12697 3240 12660
f 12698 12660 841
f 12697 12660 12698
f 3246 12696 12693
f 12696 3240 12697
f 12693 12697 3247
f 12696 12697 12693
f 325 12699 12345
f 12699 3248 12700
f 12345 12700 3211
f 12699 12700 12345
f 3248 12701 12702
f 12701 843 6752
f 12702 6752 1972
f 12701 6752 12702
f 3211 12703 12348
f 12703 1972 6758
f 12348 6758 218
f 12703 6758 12348
f 3248 12702 12700
f 12702 1972 12703
f 12700 12703 3211
f 12702 12703 12700
f 636 12217 12627
f 12217 3203 12704
f 12627 12704 3236
f 12217 12704 12627
f 3203 12223 12706
f 12223 794 12705
f 12706 12705 3249
f 12223 12705 12706
f 3236 12707 12629
f 12707 3249 12708
f 12629 12708 54
f 12707 12708 12629
f 3203 12706 12704
f 12706 3249 12707
f 12704 12707 3236
f 12706 12707 12704
f 842 5301 12710
f 5301 1517 12709
f 12710 12709 3250
f 5301 12709 12710
f 1517 5298 12711
f 5298 35 12688
f 12711 12688 3245
f 5298 12688 12711
f 3250 12712 12713
f 12712 3245 12685
f 12713 12685 286
f 12712 12685 12713
f 1517 12711 12709
f 12711 3245 12712
f 12709 12712 3250
f 12711 12712 12709
f 347 7250 10847
f 7250 2116 12714
f 10847 12714 3020
f 7250 12714 10847
f 2116 7256 12715
f 7256 846 12694
f 12715 12694 3247
f 7256 12694 12715
f 3020 12716 10850
f 12716 3247 12698
f 10850 12698 841
f 12716 12698 10850
f 2116 12715 12714
f 12715 3247 12716
f 12714 12716 3020
f 12715 12716 12714
f 843 3261 6750
f 3261 848 12717
f 6750 12717 1970
f 3261 12717 6750
f 848 3258 12718
f 3258 111 12608
f 12718 12608 3234
f 3258 12608 12718
f 1970 12719 6753
f 12719 3234 12605
f 6753 12605 831
f 12719 12605 6753
f 848 12718 12717
f 12718 3234 12719
f 12717 12719 1970
f 12718 12719 12717
f 843 12701 3262
f 12701 3248 12720
f 3262 12720 849
f 12701 12720 3262
f 3248 12699 12721
f 12699 325 5770
f 12721 5770 1670
f 12699 5770 12721
f 849 12722 3265
f 12722 1670 5776
f 3265 5776 212
f 12722 5776 3265
f 3248 12721 12720
f 12721 1670 12722
f 12720 12722 849
f 12721 12722 12720
f 821 12723 11800
f 12723 3251 12724
f 11800 12724 3164
f 12723 12724 11800
f 3251 12725 12727
f 12725 847 12726
f 12727 12726 3252
f 12725 12726 12727
f 3164 12728 11803
f 12728 3252 12729
f 11803 12729 84
f 12728 12729 11803
f 3251 12727 12724
f 12727 3252 12728
f 12724 12728 3164
f 12727 12728 12724
f 844 12598 3564
f 12598 3233 12730
f 3564 12730 950
f 12598 12730 3564
f 3233 12601 12731
f 12601 830 12591
f 12731 12591 3232
f 12601 12591 12731
f 950 12732 3567
f 12732 3232 12596
f 3567 12596 560
f 12732 12596 3567
f 3233 12731 12730
f 12731 3232 12732
f 12730 12732 950
f 12731 12732 12730
f 126 8785 12734
f 8785 2534 12733
f 12734 12733 3253
f 8785 12733 12734
f 2534 8782 12735
f 8782 414 5327
f 12735 5327 1528
f 8782 5327 12735
f 3253 12736 12737
f 12736 1528 5333
f 12737 5333 285
f 12736 5333 12737
f 2534 12735 12733
f 12735 1528 12736
f 12733 12736 3253
f 12735 12736 12733
f 53 3661 12739
f 3661 981 12738
f 12739 12738 3254
f 3661 12738 12739
f 981 3658 12740
f 3658 64 3472
f 12740 3472 918
f 3658 3472 12740
f 3254 12741 12742
f 12741 918 3469
f 12742 3469 359
f 12741 3469 12742
f 981 12740 12738
f 12740 918 12741
f 12738 12741 3254
f 12740 12741 12738
f 98 7744 11734
f 7744 2255 12743
f 11734 12743 3154
f 7744 12743 11734
f 2255 7741 12745
f 7741 304 12744
f 12745 12744 3255
f 7741 12744 12745
f 3154 12746 11736
f 12746 3255 12747
f 11736 12747 90
f 12746 12747 11736
f 2255 12745 12743
f 12745 3255 12746
f 12743 12746 3154
f 12745 12746 12743
f 845 9750 12219
f 9750 2781 12748
f 12219 12748 3202
f 9750 12748 12219
f 2781 9756 12750
f 9756 737 12749
f 12750 12749 3256
f 9756 12749 12750
f 3202 12751 12222
f 12751 3256 12752
f 12222 12752 794
f 12751 12752 12222
f 2781 12750 12748
f 12750 3256 12751
f 12748 12751 3202
f 12750 12751 12748
f 845 12218 12680
f 12218 3201 12753
f 12680 12753 3244
f 12218 12753 12680
f 3201 12215 12754
f 12215 636 5922
f 12754 5922 1719
f 12215 5922 12754
f 3244 12755 12683
f 12755 1719 5928
f 12683 5928 839
f 12755 5928 12683
f 3201 12754 12753
f 12754 1719 12755
f 12753 12755 3244
f 12754 12755 12753
f 846 7255 8888
f 7255 2115 12756
f 8888 12756 2561
f 7255 12756 8888
f 2115 7252 12757
f 7252 482 11687
f 12757 11687 3147
f 7252 11687 12757
f 2561 12758 8891
f 12758 3147 11684
f 8891 11684 734
f 12758 11684 8891
f 2115 12757 12756
f 12757 3147 12758
f 12756 12758 2561
f 12757 12758 12756
f 846 8887 12692
f 8887 2560 12759
f 12692 12759 3246
f 8887 12759 12692
f 2560 8884 12760
f 8884 558 12663
f 12760 12663 3241
f 8884 12663 12760
f 3246 12761 12695
f 12761 3241 12661
f 12695 12661 837
f 12761 12661 12695
f 2560 12760 12759
f 12760 3241 12761
f 12759 12761 3246
f 12760 12761 12759
f 847 12725 12763
f 12725 3251 12762
f 12763 12762 3257
f 12725 12762 12763
f 3251 12723 12764
f 12723 821 11095
f 12764 11095 3062
f 12723 11095 12764
f 3257 12765 12766
f 12765 3062 11092
f 12766 11092 241
f 12765 11092 12766
f 3251 12764 12762
f 12764 3062 12765
f 12762 12765 3257
f 12764 12765 12762
